units		    real
atom_style	    full
boundary        p p p
pair_style	    lj/cut/coul/long 12
pair_modify     mix arithmetic tail yes
kspace_style    pppm 1e-6
bond_style      harmonic
angle_style     harmonic

read_data       ./data.lmp           # read the positions --------------comment it out for restarting
Reading data file ...
  orthogonal box = (0 0 0) to (59.209276 59.209276 59.209276)
  2 by 2 by 2 MPI processor grid
  reading atoms ...
  1500 atoms
  scanning bonds ...
  1 = max bonds/atom
  scanning angles ...
  1 = max angles/atom
  orthogonal box = (0 0 0) to (59.209276 59.209276 59.209276)
  2 by 2 by 2 MPI processor grid
  reading bonds ...
  1000 bonds
  reading angles ...
  500 angles
Finding 1-2 1-3 1-4 neighbors ...
  special bond factors lj:    0        0        0       
  special bond factors coul:  0        0        0       
     2 = max # of 1-2 neighbors
     1 = max # of 1-3 neighbors
     1 = max # of 1-4 neighbors
     2 = max # of special neighbors
  special bonds CPU = 0.000 seconds
  read_data CPU = 0.129 seconds
#read_restart   2.restart

#----------------------------------------------------------------------------#
# FORCEFIELD - TraPPE Flexible model for N2
#----------------------------------------------------------------------------#

pair_coeff      1   1  0.071539  3.310  # [N2]-L-[N2]
pair_coeff      2   2  0.0009936 0.5   # N2-[L]

bond_coeff      1   500 0.55            # [N2]-[L]

angle_coeff     1   50 180              # N2-N2_X-N2

mass 1 13.9067      # N2
mass 2  0.1         # N2_X

set type        1   charge     -0.482             # N2
Setting atom values ...
  1000 settings made for charge
set type        2   charge      0.964             # N2_X
Setting atom values ...
  500 settings made for charge

#------------------------ VARIABLES------------------------------------------#

variable  TEMP_INDEX       equal 300  # in K
variable  PRESS_INDEX      equal 100  # in bar
variable  RandomSeed       equal 6000  # RANDOM SEED
variable  nz_layers        equal 20
variable  nx_layers        equal 3
variable  timestep         equal 0.5

variable  simulationTemp   equal ${TEMP_INDEX}
variable  simulationTemp   equal 300
variable  pressure         equal 0.987*${PRESS_INDEX}
variable  pressure         equal 0.987*100

variable  Ninptpre         equal 50000
variable  Ninpt            equal 400000     # 0.2 ns
variable  npt_run          equal 2000000    # 1 ns
variable  NBR              equal ${npt_run}/100
variable  NBR              equal 2000000/100

variable  Density          equal density
variable  Volume           equal vol

variable  dumpfreq         equal 1000
variable  thermofreq       equal 1000
variable  printfreq        equal 1000
variable  restartfreq      equal 1000000

variable  NVT_init         equal 200000    # 0.1 ns
variable  NVT_init_2       equal 200000    # 0.1 ns
variable  NVE_reshape      equal 10000
variable  NVT_prod         equal 1000000   # 0.5 ns
variable  NVE_cuboid       equal 200000    # 0.1 ns

variable  thermo_num       equal 1000

#---------------------------- GROUPS/NEIGHBOUR - LIST -----------------------------------------------------------------------#

group           oxy  type 1
1000 atoms in group oxy
group           carb type 2
500 atoms in group carb

neighbor	    3.0 bin
neigh_modify    every 1 delay 0 check yes
run_style       verlet

#---------------------------- CONGUGATE-GRADIENT MINIMIZATION --------------------------------------------------------#

#minimize energytolerance forcetolerance max_iterations_of_minimizer max_number_of_force_or_energy_evaluations
minimize        1e-6 1e-8 100000 10000000
PPPM initialization ...
  using 12-bit tables for long-range coulomb (src/kspace.cpp:342)
  G vector (1/distance) = 0.2674831
  grid = 54 54 54
  stencil order = 5
  estimated absolute RMS force accuracy = 0.00035249099
  estimated relative force accuracy = 1.0615162e-06
  using single precision FFTW3
  3d grid and FFT values/proc = 39304 20412
Generated 1 of 1 mixed pair_coeff terms from arithmetic mixing rule
Last active /omp style is kspace_style pppm/omp
Neighbor list info ...
  update: every = 1 steps, delay = 0 steps, check = yes
  max neighbors/atom: 2000, page size: 100000
  master list distance cutoff = 15
  ghost atom cutoff = 15
  binsize = 7.5, bins = 8 8 8
  1 neighbor lists, perpetual/occasional/extra = 1 0 0
  (1) pair lj/cut/coul/long/omp, perpetual
      attributes: half, newton on, omp
      pair build: half/bin/newton/omp
      stencil: half/bin/3d
      bin: standard
Per MPI rank memory allocation (min/avg/max) = 10.15 | 10.18 | 10.21 Mbytes
   Step          Temp          E_pair         E_mol          TotEng         Press     
         0   0              34.979643      1.5011389e-05  34.979658      201.8998     
      9001   0             -446.42401      0.28198438    -446.14202     -7.5204247    
Loop time of 65.0726 on 8 procs for 9001 steps with 1500 atoms

98.9% CPU use with 8 MPI tasks x 1 OpenMP threads

Minimization stats:
  Stopping criterion = energy tolerance
  Energy initial, next-to-last, final = 
      34.9796578527134  -446.141625182132  -446.142021016548
  Force two-norm initial, final = 105.44903 0.86174328
  Force max component initial, final = 14.368914 0.14508165
  Final line search alpha, max atom move = 0.36464478 0.052903265
  Iterations, force evaluations = 9001 18000

MPI task timing breakdown:
Section |  min time  |  avg time  |  max time  |%varavg| %total
---------------------------------------------------------------
Pair    | 3.0059     | 4.8169     | 7.0901     |  61.8 |  7.40
Bond    | 0.13585    | 0.16677    | 0.19932    |   6.1 |  0.26
Kspace  | 55.963     | 58.152     | 60.006     |  17.5 | 89.37
Neigh   | 0.014643   | 0.015126   | 0.015632   |   0.3 |  0.02
Comm    | 1.3049     | 1.436      | 1.5267     |   6.6 |  2.21
Output  | 0          | 0          | 0          |   0.0 |  0.00
Modify  | 0.03302    | 0.038284   | 0.049582   |   2.4 |  0.06
Other   |            | 0.4473     |            |       |  0.69

Nlocal:          187.5 ave         280 max         127 min
Histogram: 2 1 1 1 0 0 1 0 1 1
Nghost:           1354 ave        1416 max        1262 min
Histogram: 1 1 0 0 1 0 1 1 1 2
Neighs:          12353 ave       22189 max        5873 min
Histogram: 3 0 0 1 1 1 0 1 0 1

Total # of neighbors = 98824
Ave neighs/atom = 65.882667
Ave special neighs/atom = 2
Neighbor list builds = 34
Dangerous builds = 0

#---------------------------- NPT simulations  ---------------------------------------------------------------------#

fix runnpt all npt temp ${simulationTemp} ${simulationTemp} 10 iso ${pressure} ${pressure} 100
fix runnpt all npt temp 300 ${simulationTemp} 10 iso ${pressure} ${pressure} 100
fix runnpt all npt temp 300 300 10 iso ${pressure} ${pressure} 100
fix runnpt all npt temp 300 300 10 iso 98.7 ${pressure} 100
fix runnpt all npt temp 300 300 10 iso 98.7 98.7 100

thermo_style custom step pe ke etotal press temp v_Density
thermo_modify flush yes
thermo ${thermo_num}
thermo 1000

velocity all create ${simulationTemp} ${RandomSeed} mom yes rot yes dist gaussian
velocity all create 300 ${RandomSeed} mom yes rot yes dist gaussian
velocity all create 300 6000 mom yes rot yes dist gaussian

#-----------------------
# Run (Pre-Initialization)
#-----------------------

timestep    0.1
run         ${Ninptpre}
run         50000
PPPM initialization ...
  using 12-bit tables for long-range coulomb (src/kspace.cpp:342)
  G vector (1/distance) = 0.2674831
  grid = 54 54 54
  stencil order = 5
  estimated absolute RMS force accuracy = 0.00035249099
  estimated relative force accuracy = 1.0615162e-06
  using single precision FFTW3
  3d grid and FFT values/proc = 39304 20412
Generated 1 of 1 mixed pair_coeff terms from arithmetic mixing rule
Last active /omp style is kspace_style pppm/omp
Per MPI rank memory allocation (min/avg/max) = 9.037 | 9.062 | 9.09 Mbytes
   Step         PotEng         KinEng         TotEng         Press           Temp        v_Density   
      9001  -446.14202      1340.4703      894.32826      287.68259      300            0.11165098   
     10000   326.96127      1159.8601      1486.8213      190.74533      259.57906      0.092953693  
     11000   134.81389      1430.0586      1564.8725      132.00325      320.05006      0.081943876  
     12000   281.63271      1297.7672      1579.3999      60.664277      290.44296      0.078909445  
     13000   252.90151      1336.249       1589.1505      99.429727      299.05527      0.083003701  
     14000   225.93243      1387.1321      1613.0645      116.38658      310.443        0.086389593  
     15000   324.08604      1274.9919      1599.078       57.247998      285.34581      0.090370977  
     16000   228.57881      1395.8897      1624.4685      102.12217      312.40299      0.096412402  
     17000   341.19794      1297.6448      1638.8428      72.438217      290.41558      0.10186092   
     18000   255.65102      1420.3106      1675.9617      120.63646      317.86843      0.10344591   
     19000   349.24484      1346.0308      1695.2756      81.154513      301.24446      0.10703579   
     20000   293.36816      1367.0991      1660.4673      88.656275      305.95959      0.10935537   
     21000   323.36658      1313.4478      1636.8143      99.264435      293.95231      0.10819503   
     22000   338.35045      1338.2289      1676.5794      107.37506      299.49838      0.10047578   
     23000   331.99742      1342.0429      1674.0403      90.201745      300.35196      0.098596892  
     24000   357.0112       1301.937       1658.9482      83.161177      291.37618      0.10290113   
     25000   311.94197      1361.3333      1673.2753      123.97091      304.66919      0.10207781   
     26000   362.37812      1324.3486      1686.7267      109.77953      296.39193      0.098287642  
     27000   341.96317      1330.8188      1672.782       79.156944      297.83998      0.099585654  
     28000   351.53065      1342.7441      1694.2747      93.065472      300.50888      0.10375388   
     29000   340.18583      1361.1417      1701.3275      129.82664      304.6263       0.098085163  
     30000   358.92221      1299.9759      1658.8981      92.13914       290.93727      0.095633521  
     31000   365.56935      1323.6267      1689.196       79.614104      296.23036      0.10112902   
     32000   364.35973      1292.1092      1656.4689      97.143083      289.17669      0.098149088  
     33000   367.0278       1343.098       1710.1258      120.5002       300.58809      0.09622212   
     34000   368.90024      1343.9433      1712.8436      85.684074      300.77727      0.097972713  
     35000   347.50432      1362.1579      1709.6622      97.411127      304.85374      0.10471671   
     36000   361.62485      1307.6724      1669.2972      118.37073      292.65976      0.10504196   
     37000   381.99845      1352.2555      1734.2539      91.552357      302.63755      0.10184488   
     38000   379.54567      1356.8725      1736.4181      54.052377      303.67085      0.096190525  
     39000   380.5314       1336.284       1716.8154      97.702906      299.06309      0.099406377  
     40000   356.0358       1374.7693      1730.8051      138.07961      307.67619      0.10460414   
     41000   380.77652      1354.3877      1735.1642      77.040058      303.11474      0.10175367   
     42000   366.60975      1355.4945      1722.1042      72.081665      303.36245      0.099758506  
     43000   402.33222      1329.7764      1732.1087      94.929559      297.6067       0.097522061  
     44000   367.8343       1418.1206      1785.9549      139.57902      317.37831      0.103362     
     45000   355.69018      1366.7232      1722.4134      88.487105      305.87546      0.10796164   
     46000   380.10725      1370.9312      1751.0385      91.490674      306.81722      0.10398769   
     47000   383.35838      1375.398       1758.7564      113.48642      307.8169       0.099200459  
     48000   393.99713      1335.8752      1729.8723      91.943997      298.9716       0.09935936   
     49000   375.53071      1347.8825      1723.4132      91.402089      301.65887      0.10074998   
     50000   390.78599      1363.9998      1754.7858      98.664344      305.26596      0.098341513  
     51000   400.66671      1383.0562      1783.723       91.94957       309.53083      0.094875681  
     52000   384.76983      1378.3933      1763.1632      77.466114      308.48725      0.096941029  
     53000   383.15013      1382.3477      1765.4979      116.65418      309.37226      0.10307634   
     54000   373.77924      1341.2096      1714.9889      134.1543       300.16547      0.1069271    
     55000   373.57298      1354.6602      1728.2332      73.26364       303.17573      0.10256916   
     56000   375.34274      1314.2424      1689.5851      43.381742      294.13015      0.095317166  
     57000   370.59461      1322.6788      1693.2734      133.1764       296.01823      0.098609671  
     58000   367.41551      1333.8773      1701.2928      143.35542      298.52448      0.10165946   
     59000   386.83176      1313.4574      1700.2892      77.873935      293.95447      0.09975624   
     59001   389.12978      1311.6153      1700.745       76.499462      293.54219      0.099751177  
Loop time of 352.427 on 8 procs for 50000 steps with 1500 atoms

Performance: 1.226 ns/day, 19.579 hours/ns, 141.873 timesteps/s, 212.810 katom-step/s
99.3% CPU use with 8 MPI tasks x 1 OpenMP threads

MPI task timing breakdown:
Section |  min time  |  avg time  |  max time  |%varavg| %total
---------------------------------------------------------------
Pair    | 5.2836     | 7.1786     | 9.4469     |  44.2 |  2.04
Bond    | 0.49679    | 0.55885    | 0.61523    |   4.8 |  0.16
Kspace  | 167.15     | 169.12     | 171.09     |   8.3 | 47.99
Neigh   | 0.038612   | 0.039686   | 0.041142   |   0.5 |  0.01
Comm    | 3.8193     | 4.1879     | 4.4157     |  10.2 |  1.19
Output  | 0.0025845  | 0.0028055  | 0.0042385  |   1.0 |  0.00
Modify  | 150        | 161.08     | 169.19     |  57.1 | 45.71
Other   |            | 10.26      |            |       |  2.91

Nlocal:          187.5 ave         209 max         170 min
Histogram: 2 0 0 0 2 2 1 0 0 1
Nghost:        1263.75 ave        1279 max        1244 min
Histogram: 1 0 1 0 1 0 2 0 2 1
Neighs:         8702.5 ave       10688 max        6805 min
Histogram: 1 0 0 2 2 0 2 0 0 1

Total # of neighbors = 69620
Ave neighs/atom = 46.413333
Ave special neighs/atom = 2
Neighbor list builds = 97
Dangerous builds = 0

timestep    0.25
run         ${Ninptpre}
run         50000
PPPM initialization ...
  using 12-bit tables for long-range coulomb (src/kspace.cpp:342)
  G vector (1/distance) = 0.26553615
  grid = 54 54 54
  stencil order = 5
  estimated absolute RMS force accuracy = 0.00039131962
  estimated relative force accuracy = 1.1784474e-06
  using single precision FFTW3
  3d grid and FFT values/proc = 39304 20412
Generated 1 of 1 mixed pair_coeff terms from arithmetic mixing rule
Last active /omp style is kspace_style pppm/omp
Per MPI rank memory allocation (min/avg/max) = 9.037 | 9.062 | 9.09 Mbytes
   Step         PotEng         KinEng         TotEng         Press           Temp        v_Density   
     59001   389.13033      1311.6153      1700.7456      76.499115      293.54219      0.099751177  
     60000   418.92466      1367.7022      1786.6269      56.163738      306.09456      0.10249901   
     61000   391.74401      1318.8668      1710.6109      66.584172      295.16511      0.10333545   
     62000   386.29695      1328.2458      1714.5427      128.13733      297.26413      0.10018938   
     63000   381.70524      1323.9403      1705.6456      134.33439      296.30056      0.1007958    
     64000   398.51617      1394.7733      1793.2895      124.97283      312.15312      0.10464729   
     65000   428.21079      1361.1152      1789.326       60.761807      304.62038      0.099108103  
     66000   426.0128       1320.6101      1746.6229      21.474815      295.55524      0.10059688   
     67000   428.11079      1310.9284      1739.0392      61.782224      293.38847      0.10365024   
     68000   404.88293      1329.8173      1734.7002      88.511254      297.61584      0.10031591   
     69000   398.88346      1330.0685      1728.9519      123.98327      297.67206      0.10077113   
     70000   393.73894      1282.923       1676.6619      111.93715      287.12079      0.093888345  
     71000   384.985        1304.6497      1689.6347      95.698589      291.98328      0.096371744  
     72000   365.67168      1347.8256      1713.4973      82.675971      301.64614      0.10615485   
     73000   374.79858      1414.9521      1789.7507      84.884778      316.66919      0.099483711  
     74000   426.67638      1349.1191      1775.7955      103.30638      301.93563      0.09434444   
     75000   424.55516      1342.1057      1766.6609      143.37916      300.36601      0.098377415  
     76000   375.49338      1327.3185      1702.8118      128.77444      297.0566       0.1075795    
     77000   397.9398       1362.0818      1760.0216      75.744566      304.8367       0.099821238  
     78000   404.17797      1310.7979      1714.9759      49.452492      293.35927      0.096425091  
     79000   380.17298      1348.463       1728.636       83.821311      301.78879      0.10298831   
     80000   414.12276      1383.3393      1797.462       109.08491      309.59417      0.093760675  
     81000   402.92332      1271.9246      1674.8479      143.87121      284.65934      0.098647741  
     82000   411.53939      1330.4525      1741.9919      129.69097      297.758        0.093154136  
     83000   410.96884      1385.955       1796.9239      112.51794      310.17958      0.10069486   
     84000   387.72789      1322.0168      1709.7447      85.303456      295.87008      0.10124983   
     85000   398.85621      1357.2748      1756.131       70.779208      303.76088      0.098787404  
     86000   412.46759      1336.4354      1748.903       85.44257       299.09698      0.10037699   
     87000   408.14448      1309.4012      1717.5457      91.069221      293.04669      0.095390014  
     88000   411.3135       1376.875       1788.1885      123.95179      308.14745      0.10132049   
     89000   402.79006      1341.8006      1744.5907      140.01642      300.29773      0.099134522  
     90000   423.58386      1294.5606      1718.1444      114.81086      289.72531      0.095489635  
     91000   426.57368      1315.5399      1742.1136      47.334459      294.42053      0.099785077  
     92000   391.35055      1313.2372      1704.5878     -9.2807456      293.90519      0.093515844  
     93000   419.51221      1327.9291      1747.4413      55.346621      297.19326      0.093513853  
     94000   398.0961       1291.9313      1690.0274      127.17154      289.13688      0.0984327    
     95000   452.62981      1364.1971      1816.8269      170.05554      305.31011      0.091186537  
     96000   412.53794      1379.8745      1792.4124      157.91594      308.81874      0.099881486  
     97000   422.07973      1358.8083      1780.888       77.216618      304.10408      0.093927624  
     98000   407.24751      1369.7184      1776.9659      17.106848      306.5458       0.099862535  
     99000   406.45698      1312.583       1719.04        22.943492      293.75877      0.094827597  
    100000   398.7235       1375.6878      1774.4113      99.823402      307.88175      0.10063927   
    101000   413.8086       1352.1528      1765.9614      152.27906      302.61458      0.09988357   
    102000   402.91107      1362.5045      1765.4156      172.51219      304.93131      0.10067993   
    103000   419.85596      1318.893       1738.749       113.81762      295.17096      0.093864199  
    104000   420.3126       1315.9284      1736.241       57.242552      294.50748      0.094377709  
    105000   406.90674      1324.8579      1731.7646      65.921434      296.50592      0.097639802  
    106000   422.11734      1358.7434      1780.8608      71.207404      304.08957      0.092229918  
    107000   421.8609       1319.1191      1740.98        120.81376      295.22155      0.09257372   
    108000   426.66696      1312.7093      1739.3762      154.48939      293.78703      0.092880897  
    109000   415.31409      1337.1964      1752.5104      130.29643      299.26729      0.095830673  
    109001   398.00382      1352.9432      1750.947       134.61091      302.79146      0.095826477  
Loop time of 346.841 on 8 procs for 50000 steps with 1500 atoms

Performance: 3.114 ns/day, 7.708 hours/ns, 144.158 timesteps/s, 216.237 katom-step/s
99.4% CPU use with 8 MPI tasks x 1 OpenMP threads

MPI task timing breakdown:
Section |  min time  |  avg time  |  max time  |%varavg| %total
---------------------------------------------------------------
Pair    | 5.4923     | 6.3446     | 7.6022     |  26.6 |  1.83
Bond    | 0.52539    | 0.56378    | 0.59017    |   3.2 |  0.16
Kspace  | 164.01     | 165.44     | 166.27     |   5.6 | 47.70
Neigh   | 0.077999   | 0.079966   | 0.081922   |   0.6 |  0.02
Comm    | 3.7898     | 4.0186     | 4.2713     |   8.4 |  1.16
Output  | 0.0025155  | 0.002715   | 0.0039454  |   0.9 |  0.00
Modify  | 149.39     | 160.79     | 169.32     |  57.6 | 46.36
Other   |            | 9.6        |            |       |  2.77

Nlocal:          187.5 ave         218 max         170 min
Histogram: 3 0 1 0 1 2 0 0 0 1
Nghost:         1241.5 ave        1266 max        1230 min
Histogram: 2 3 0 1 0 0 1 0 0 1
Neighs:        8303.75 ave       10473 max        6816 min
Histogram: 1 1 0 3 0 1 1 0 0 1

Total # of neighbors = 66430
Ave neighs/atom = 44.286667
Ave special neighs/atom = 2
Neighbor list builds = 210
Dangerous builds = 0

timestep    0.5
run         ${Ninptpre}
run         50000
PPPM initialization ...
  using 12-bit tables for long-range coulomb (src/kspace.cpp:342)
  G vector (1/distance) = 0.26481192
  grid = 54 54 54
  stencil order = 5
  estimated absolute RMS force accuracy = 0.00040650835
  estimated relative force accuracy = 1.2241878e-06
  using single precision FFTW3
  3d grid and FFT values/proc = 39304 20412
Generated 1 of 1 mixed pair_coeff terms from arithmetic mixing rule
Last active /omp style is kspace_style pppm/omp
Per MPI rank memory allocation (min/avg/max) = 9.037 | 9.064 | 9.091 Mbytes
   Step         PotEng         KinEng         TotEng         Press           Temp        v_Density   
    109001   398.00413      1352.9432      1750.9473      134.61102      302.79146      0.095826477  
    110000   471.48172      1336.0949      1807.5767      76.592228      299.02079      0.11255806   
    111000   496.87656      1387.1701      1884.0467      113.99982      310.45152      0.10980637   
    112000   486.40231      1333.915       1820.3174      117.73181      298.53292      0.10933684   
    113000   490.19843      1389.793       1879.9914      95.691886      311.03852      0.11700823   
    114000   518.88467      1339.4653      1858.35        83.428319      299.77509      0.10589404   
    115000   486.76025      1344.0727      1830.833       133.30815      300.80623      0.11332578   
    116000   472.62599      1340.1467      1812.7726      97.746577      299.92757      0.111114     
    117000   521.18953      1338.7788      1859.9683      33.503962      299.62143      0.10661429   
    118000   492.35813      1310.8988      1803.257       167.06918      293.38185      0.11767514   
    119000   515.88408      1363.0521      1878.9362      120.41019      305.05386      0.11497272   
    120000   497.4241       1300.7127      1798.1368      58.219211      291.10217      0.11292022   
    121000   502.25547      1327.474       1829.7295      150.14683      297.0914       0.11466284   
    122000   491.37749      1366.4829      1857.8604      143.62646      305.82168      0.11782858   
    123000   496.11607      1342.5445      1838.6605      13.100234      300.46421      0.10335022   
    124000   486.13734      1284.0131      1770.1504      115.0316       287.36476      0.10953545   
    125000   488.93         1327.5971      1816.5271      161.31549      297.11896      0.11537883   
    126000   492.88634      1374.3514      1867.2378     -18.222358      307.58267      0.1148843    
    127000   481.67132      1319.0632      1800.7345      97.732473      295.20906      0.11561911   
    128000   502.03376      1336.0146      1838.0483      150.68703      299.0028       0.11871728   
    129000   484.01775      1322.1222      1806.14        30.043657      295.89367      0.12262972   
    130000   504.16         1298.3824      1802.5424      112.60019      290.58064      0.11970677   
    131000   486.83389      1349.2867      1836.1206      130.28708      301.97313      0.11766907   
    132000   470.23692      1335.4403      1805.6772      69.987139      298.87427      0.12108915   
    133000   471.16396      1306.2664      1777.4304      95.253262      292.3451       0.11580252   
    134000   507.61765      1345.801       1853.4187      107.73627      301.19304      0.11786702   
    135000   497.09632      1316.4834      1813.5797      131.33025      294.63168      0.11939535   
    136000   507.6777       1355.8903      1863.568       55.47095       303.45104      0.11256031   
    137000   479.91702      1280.2111      1760.1281      86.117173      286.51387      0.11297967   
    138000   494.20873      1307.2434      1801.4522      148.97591      292.56376      0.11956546   
    139000   502.43053      1382.8167      1885.2472      71.237621      309.47721      0.11246271   
    140000   531.20748      1351.8003      1883.0078      72.744183      302.53568      0.10844238   
    141000   479.17295      1346.6207      1825.7936      191.63548      301.37647      0.11702688   
    142000   481.40412      1337.9422      1819.3463      83.552057      299.43422      0.11920896   
    143000   524.31309      1318.9036      1843.2167      39.926462      295.17334      0.11352226   
    144000   490.37509      1355.9167      1846.2918      152.91716      303.45694      0.11190584   
    145000   512.34276      1337.5524      1849.8951      128.1099       299.34697      0.12090804   
    146000   528.75327      1318.5037      1847.2569      30.722493      295.08382      0.10408013   
    147000   495.815        1331.185       1827           127.91446      297.92193      0.12196732   
    148000   508.76274      1386.8043      1895.567       128.17154      310.36965      0.12023856   
    149000   521.27328      1318.13        1839.4033      54.046181      295.0002       0.11406692   
    150000   510.83914      1324.6315      1835.4706      73.779013      296.45525      0.11709393   
    151000   490.76813      1378.1506      1868.9187      144.09093      308.43293      0.11548679   
    152000   488.82595      1273.6749      1762.5009      15.601972      285.05106      0.11700042   
    153000   500.52335      1355.3411      1855.8644      74.021329      303.32812      0.11606612   
    154000   505.13532      1341.2724      1846.4078      162.7553       300.17952      0.11758307   
    155000   514.2325       1369.1499      1883.3824      104.93942      306.41855      0.11545718   
    156000   508.42141      1369.2822      1877.7037     -25.359475      306.44818      0.12017429   
    157000   502.04852      1363.1298      1865.1783      149.8622       305.07125      0.11302051   
    158000   478.18001      1338.4256      1816.6056      145.07114      299.5424       0.11334327   
    159000   511.31899      1331.9714      1843.2904      10.373886      298.09794      0.11338059   
    159001   499.39233      1341.2609      1840.6532      13.011163      300.17694      0.11339348   
Loop time of 347.669 on 8 procs for 50000 steps with 1500 atoms

Performance: 6.213 ns/day, 3.863 hours/ns, 143.815 timesteps/s, 215.723 katom-step/s
99.4% CPU use with 8 MPI tasks x 1 OpenMP threads

MPI task timing breakdown:
Section |  min time  |  avg time  |  max time  |%varavg| %total
---------------------------------------------------------------
Pair    | 6.4521     | 7.0967     | 7.8959     |  17.3 |  2.04
Bond    | 0.51897    | 0.56042    | 0.57987    |   3.0 |  0.16
Kspace  | 163.83     | 164.73     | 165.3      |   3.8 | 47.38
Neigh   | 0.18138    | 0.18499    | 0.18937    |   0.8 |  0.05
Comm    | 3.991      | 4.2519     | 4.4764     |   8.5 |  1.22
Output  | 0.0025288  | 0.0027168  | 0.003935   |   0.9 |  0.00
Modify  | 149.79     | 161.41     | 170.08     |  59.5 | 46.43
Other   |            | 9.434      |            |       |  2.71

Nlocal:          187.5 ave         231 max         148 min
Histogram: 1 0 0 2 2 0 2 0 0 1
Nghost:         1352.5 ave        1385 max        1312 min
Histogram: 1 0 1 0 1 0 3 1 0 1
Neighs:        9909.38 ave       14077 max        6470 min
Histogram: 1 0 2 1 0 2 0 1 0 1

Total # of neighbors = 79275
Ave neighs/atom = 52.85
Ave special neighs/atom = 2
Neighbor list builds = 422
Dangerous builds = 0

#-----------------------
# Run (Initialization)
#-----------------------

unfix       runnpt
reset_timestep 0

fix runnpt all npt temp ${simulationTemp} ${simulationTemp} 100 iso ${pressure} ${pressure} 1000
fix runnpt all npt temp 300 ${simulationTemp} 100 iso ${pressure} ${pressure} 1000
fix runnpt all npt temp 300 300 100 iso ${pressure} ${pressure} 1000
fix runnpt all npt temp 300 300 100 iso 98.7 ${pressure} 1000
fix runnpt all npt temp 300 300 100 iso 98.7 98.7 1000

timestep    ${timestep}
timestep    0.5
run         ${Ninpt}
run         400000
PPPM initialization ...
  using 12-bit tables for long-range coulomb (src/kspace.cpp:342)
  G vector (1/distance) = 0.26816085
  grid = 54 54 54
  stencil order = 5
  estimated absolute RMS force accuracy = 0.00034352106
  estimated relative force accuracy = 1.0345035e-06
  using single precision FFTW3
  3d grid and FFT values/proc = 39304 20412
Generated 1 of 1 mixed pair_coeff terms from arithmetic mixing rule
Last active /omp style is kspace_style pppm/omp
Per MPI rank memory allocation (min/avg/max) = 9.038 | 9.065 | 9.092 Mbytes
   Step         PotEng         KinEng         TotEng         Press           Temp        v_Density   
         0   499.39056      1341.2609      1840.6514      13.009927      300.17694      0.11339348   
      1000   513.85932      1361.2536      1875.1129      67.608343      304.65135      0.11435557   
      2000   485.52784      1358.5453      1844.0731      137.43177      304.04522      0.11577959   
      3000   494.32346      1354.0107      1848.3341      194.94081      303.03037      0.11832532   
      4000   491.59289      1397.7118      1889.3047      177.76801      312.81078      0.12263186   
      5000   507.38058      1396.6403      1904.0209      113.14112      312.57097      0.12407423   
      6000   499.43893      1359.6697      1859.1086      46.179425      304.29686      0.12031991   
      7000   467.9919       1365.1281      1833.12        49.256936      305.51846      0.11580696   
      8000   490.68923      1363.8415      1854.5307      86.220375      305.23052      0.11402832   
      9000   528.75356      1314.6967      1843.4503      98.137501      294.23183      0.11288211   
     10000   481.35839      1311.3178      1792.6762      124.69997      293.47563      0.11289471   
     11000   514.26317      1311.3939      1825.6571      111.86193      293.49264      0.11551268   
     12000   504.14038      1318.4629      1822.6033      103.98741      295.0747       0.12043201   
     13000   517.16671      1330.6454      1847.8121      70.044915      297.80117      0.12332701   
     14000   477.98128      1295.2394      1773.2207      80.688686      289.87724      0.12475558   
     15000   469.17718      1339.6533      1808.8305      84.365018      299.81716      0.12505246   
     16000   485.74814      1331.0091      1816.7573      82.862342      297.88257      0.12345589   
     17000   496.69438      1343.0528      1839.7471      94.014153      300.57796      0.12112493   
     18000   489.38011      1376.4224      1865.8025      123.09373      308.04617      0.11997911   
     19000   506.25704      1407.6183      1913.8753      143.26769      315.02785      0.12009138   
     20000   510.00036      1380.0752      1890.0756      162.35066      308.86367      0.12088262   
     21000   489.95069      1366.6725      1856.6232      136.99925      305.86412      0.11956907   
     22000   494.35848      1366.8739      1861.2324      107.97848      305.90919      0.11759731   
     23000   517.28251      1338.9918      1856.2743      46.623109      299.6691       0.1177094    
     24000   497.13092      1349.5454      1846.6763      15.018853      302.03103      0.12180523   
     25000   471.60214      1320.4083      1792.0104      12.31048       295.51009      0.1270948    
     26000   467.71596      1336.2665      1803.9824      35.132036      299.05918      0.12944661   
     27000   470.70919      1330.7627      1801.4719      60.673112      297.82743      0.12697005   
     28000   493.07297      1286.6833      1779.7562      99.880333      287.96235      0.12343803   
     29000   471.85699      1350.0784      1821.9354      119.89934      302.15032      0.1198933    
     30000   483.4569       1356.1883      1839.6452      149.47786      303.51773      0.11865379   
     31000   518.3814       1348.2528      1866.6342      158.9263       301.74174      0.11931612   
     32000   481.81485      1362.0942      1843.909       171.88076      304.83947      0.12128137   
     33000   503.025        1351.1956      1854.2206      154.51813      302.40036      0.12276748   
     34000   479.70662      1393.1859      1872.8925      124.42755      311.79786      0.12303664   
     35000   517.24135      1353.0755      1870.3168      92.106235      302.82106      0.12305492   
     36000   476.04868      1350.1852      1826.2339      84.641015      302.17423      0.12150468   
     37000   479.53335      1368.515       1848.0483      66.180657      306.27646      0.12055815   
     38000   517.50479      1338.3885      1855.8933      12.37499       299.53409      0.12110646   
     39000   483.8393       1307.4798      1791.3191      32.537792      292.61667      0.12320505   
     40000   450.54652      1305.1753      1755.7218      64.379691      292.10092      0.12576395   
     41000   481.92163      1315.6814      1797.603       85.985995      294.4522       0.12859283   
     42000   471.54515      1342.2763      1813.8215      160.24424      300.4042       0.12991145   
     43000   475.08709      1372.885       1847.9721      181.61009      307.25448      0.12944385   
     44000   489.9955       1393.0714      1883.0669      172.10819      311.77224      0.12715405   
     45000   481.28183      1361.0068      1842.2887      138.12189      304.59613      0.12400221   
     46000   477.16444      1346.6742      1823.8387      63.885667      301.38846      0.11992325   
     47000   495.79018      1306.0807      1801.8709      19.069971      292.30354      0.11788567   
     48000   508.08063      1320.0696      1828.1503      22.462588      295.4343       0.11946905   
     49000   488.51098      1327.6611      1816.1721      50.128641      297.13328      0.1234572    
     50000   493.78555      1316.6358      1810.4214      83.40311       294.6658       0.12644357   
     51000   477.42758      1326.6901      1804.1176      135.38154      296.91596      0.12713303   
     52000   476.13654      1315.9267      1792.0633      153.96462      294.5071       0.12632016   
     53000   495.62008      1375.7131      1871.3332      182.96686      307.88742      0.1242903    
     54000   500.10758      1358.2233      1858.3308      160.34722      303.97315      0.1222969    
     55000   486.09681      1361.6657      1847.7625      154.62788      304.74358      0.12168583   
     56000   483.42523      1385.3129      1868.7381      149.27276      310.03587      0.12067377   
     57000   500.29403      1378.0038      1878.2978      130.43383      308.40008      0.1196991    
     58000   523.40282      1343.2685      1866.6714      111.93338      300.62626      0.1195484    
     59000   495.601        1356.8611      1852.4621      75.918202      303.66829      0.11847807   
     60000   520.27636      1341.8418      1862.1182      49.947821      300.30695      0.1166335    
     61000   511.63876      1380.1671      1891.8058      41.75005       308.88422      0.11346839   
     62000   519.00509      1390.521       1909.5261      48.731951      311.20145      0.11064884   
     63000   524.00116      1385.485       1909.4861      72.591769      310.07438      0.11067154   
     64000   497.55808      1366.6733      1864.2313      122.79323      305.86428      0.11384712   
     65000   496.67623      1323.7117      1820.3879      121.4241       296.24939      0.11746733   
     66000   517.3075       1300.3821      1817.6896      106.20338      291.02819      0.12002516   
     67000   492.03921      1337.177       1829.2162      76.474235      299.26296      0.12084444   
     68000   483.91648      1310.1556      1794.0721      81.133024      293.21552      0.11985935   
     69000   491.63199      1300.1513      1791.7833      55.255907      290.97653      0.11708753   
     70000   486.29712      1316.9523      1803.2495      71.582084      294.73664      0.11481152   
     71000   514.44956      1299.6129      1814.0625      31.168611      290.85604      0.11322955   
     72000   494.95563      1315.2218      1810.1775      39.6532        294.34935      0.11253039   
     73000   500.27634      1333.0605      1833.3368      69.737822      298.34167      0.11309846   
     74000   521.16273      1334.6845      1855.8472      81.012341      298.70513      0.11347953   
     75000   504.22402      1350.3442      1854.5682      122.31803      302.20979      0.11311279   
     76000   499.92309      1333.1578      1833.0809      122.66982      298.36345      0.11079015   
     77000   484.69506      1349.1684      1833.8634      139.70573      301.94665      0.1087406    
     78000   513.97318      1327.4733      1841.4464      139.75432      297.09124      0.1084747    
     79000   490.05833      1361.904       1851.9624      135.2378       304.79692      0.11087543   
     80000   480.70713      1351.2681      1831.9752      119.03241      302.41657      0.11446869   
     81000   505.33583      1349.0111      1854.3469      110.30614      301.91145      0.11688404   
     82000   495.0475       1345.2412      1840.2887      76.031776      301.06775      0.11839802   
     83000   488.93767      1368.0267      1856.9644      74.561556      306.16718      0.12108296   
     84000   507.89101      1364.7401      1872.6312      92.443086      305.43165      0.12274582   
     85000   490.26665      1366.0243      1856.2909      81.317741      305.71904      0.12139272   
     86000   490.8466       1296.8609      1787.7075      97.595183      290.24014      0.11843235   
     87000   489.25619      1322.0484      1811.3046      134.52946      295.87714      0.11438576   
     88000   484.76169      1332.1095      1816.8712      123.7399       298.12884      0.11045408   
     89000   482.97033      1341.3333      1824.3036      114.93385      300.19315      0.10913445   
     90000   503.74179      1383.4364      1887.1782      89.247417      309.6159       0.1113596    
     91000   501.08599      1327.3136      1828.3996      63.588369      297.05551      0.11731874   
     92000   468.75635      1331.0498      1799.8061      98.001819      297.89167      0.12148977   
     93000   493.65862      1319.2289      1812.8876      95.09572       295.24615      0.12163695   
     94000   476.87424      1333.571       1810.4452      117.10384      298.45593      0.12127107   
     95000   473.51838      1305.8475      1779.3659      130.35619      292.25136      0.12032984   
     96000   495.91024      1339.1392      1835.0494      128.76577      299.70209      0.11986138   
     97000   486.924        1355.1959      1842.1199      95.060641      303.29562      0.11908796   
     98000   496.93387      1358.0361      1854.9699      98.301639      303.93126      0.11793496   
     99000   512.25917      1341.4539      1853.713       68.503281      300.22013      0.11514583   
    100000   505.75208      1351.5896      1857.3417      45.245057      302.48853      0.11034775   
    101000   500.96379      1349.4637      1850.4275      20.099884      302.01276      0.10716018   
    102000   530.39541      1336.7936      1867.189       41.993686      299.17716      0.10685948   
    103000   528.99691      1329.8705      1858.8674      88.574847      297.62775      0.10934226   
    104000   518.94063      1350.1418      1869.0824      167.65096      302.1645       0.11283637   
    105000   475.83916      1353.8524      1829.6916      203.03354      302.99495      0.11482214   
    106000   507.42043      1325.3221      1832.7425      171.74686      296.6098       0.1149212    
    107000   493.64974      1334.7633      1828.4131      126.06777      298.72277      0.11378188   
    108000   453.85746      1346.124       1799.9814      108.69212      301.2653       0.11245308   
    109000   485.27494      1385.527       1870.802       71.126218      310.08379      0.11059661   
    110000   543.46638      1360.9977      1904.464       85.991571      304.59407      0.10945358   
    111000   538.04564      1348.4965      1886.5422      82.837581      301.79629      0.10759866   
    112000   511.74127      1347.4414      1859.1827      78.799015      301.56016      0.10715217   
    113000   513.64306      1358.4138      1872.0569      53.380791      304.01581      0.10806025   
    114000   512.44062      1377.2896      1889.7302      47.219015      308.24023      0.10994357   
    115000   494.26632      1335.7182      1829.9845      62.003713      298.93647      0.11343704   
    116000   469.72559      1330.1179      1799.8435      107.96263      297.68312      0.1206087    
    117000   492.84931      1330.5322      1823.3815      164.04362      297.77583      0.12428342   
    118000   485.80749      1331.3814      1817.1889      141.329        297.9659       0.12293991   
    119000   469.00515      1326.2397      1795.2448      104.27944      296.81516      0.11956996   
    120000   499.55226      1303.0952      1802.6475      51.257096      291.63539      0.11701526   
    121000   487.09928      1323.0152      1810.1145      38.747069      296.09352      0.11641403   
    122000   514.42414      1325.9857      1840.4098      73.259095      296.75832      0.11853833   
    123000   495.69961      1337.2693      1832.9689      163.14237      299.28361      0.12173091   
    124000   512.2883       1337.3477      1849.636       183.5823       299.30117      0.12431617   
    125000   479.84561      1377.0152      1856.8608      207.1779       308.17882      0.12502743   
    126000   513.71421      1377.6849      1891.3991      147.20464      308.32871      0.12110341   
    127000   505.53817      1367.6953      1873.2335      78.465998      306.09302      0.11579603   
    128000   498.28015      1393.126       1891.4062      65.741469      311.78446      0.11399503   
    129000   489.18601      1359.4127      1848.5987      22.531931      304.23935      0.1136702    
    130000   502.48244      1350.251       1852.7334      10.792805      302.18894      0.11500439   
    131000   491.01877      1354.8392      1845.858       35.417368      303.21579      0.11702782   
    132000   502.90471      1360.1044      1863.0091      80.976984      304.39416      0.11907142   
    133000   491.92272      1330.9877      1822.9105      62.899263      297.87779      0.11891381   
    134000   479.72385      1326.9633      1806.6872      105.47843      296.97712      0.11864546   
    135000   475.78835      1311.3432      1787.1315      102.37107      293.48129      0.11714983   
    136000   497.89227      1320.1519      1818.0442      83.347164      295.45272      0.11567498   
    137000   461.50103      1355.0069      1816.5079      81.350082      303.25333      0.11398959   
    138000   494.08798      1311.0112      1805.0992      50.307722      293.407        0.1125601    
    139000   534.6046       1315.0355      1849.6401      24.93136       294.30764      0.11244201   
    140000   515.48142      1362.6386      1878.12        21.255715      304.96132      0.11428643   
    141000   490.66585      1346.4762      1837.142       35.445282      301.34413      0.11517046   
    142000   500.40603      1333.3113      1833.7174      99.279354      298.39782      0.11621362   
    143000   490.29525      1336.1668      1826.462       164.52942      299.03687      0.11880698   
    144000   489.71949      1329.952       1819.6715      163.43238      297.64599      0.12206557   
    145000   481.40418      1307.1983      1788.6025      145.82598      292.55366      0.12484171   
    146000   482.43004      1321.1314      1803.5615      112.32795      295.67193      0.12441766   
    147000   505.41972      1314.952       1820.3718      85.624642      294.28896      0.1211454    
    148000   500.37227      1352.5188      1852.8911      67.67012       302.69648      0.11614464   
    149000   529.32489      1361.8816      1891.2065      85.719966      304.79189      0.11245688   
    150000   508.05137      1376.9411      1884.9925      106.39113      308.16226      0.11026072   
    151000   522.21831      1395.7599      1917.9782      140.87486      312.37393      0.10916925   
    152000   526.49818      1365.8956      1892.3938      131.91569      305.69025      0.10897702   
    153000   499.86973      1359.498       1859.3677      122.28541      304.25843      0.11164136   
    154000   494.48363      1331.9452      1826.4288      96.994481      298.09207      0.11589005   
    155000   483.44016      1332.662       1816.1021      93.253028      298.25249      0.11910859   
    156000   493.9907       1322.2023      1816.193       67.256589      295.91159      0.1191739    
    157000   455.52619      1326.6253      1782.1514      84.355222      296.90145      0.11793424   
    158000   500.60594      1273.8272      1774.4331      58.70023       285.08514      0.11570009   
    159000   477.35827      1304.7035      1782.0618      94.248907      291.99533      0.11521656   
    160000   516.44265      1298.2791      1814.7218      119.67128      290.55753      0.11542052   
    161000   509.92031      1321.3115      1831.2318      122.56763      295.71223      0.1151796    
    162000   520.46423      1301.4565      1821.9207      89.323441      291.26863      0.11378435   
    163000   497.45038      1313.4089      1810.8593      66.888825      293.94361      0.11181854   
    164000   487.63083      1321.1457      1808.7766      64.16278       295.67513      0.11004242   
    165000   529.6737       1357.3937      1887.0673      79.298992      303.78749      0.11037233   
    166000   511.85101      1329.1799      1841.0309      104.37656      297.47319      0.11374526   
    167000   475.24915      1375.4399      1850.6891      135.62312      307.82628      0.1188485    
    168000   509.18305      1353.9475      1863.1306      113.48966      303.01624      0.12027531   
    169000   514.85725      1339.6642      1854.5214      93.029706      299.81959      0.1178034    
    170000   499.92952      1377.9101      1877.8396      61.312852      308.37911      0.11381097   
    171000   511.32367      1350.3641      1861.6878      31.555831      302.21427      0.11096444   
    172000   496.84786      1315.2015      1812.0493      54.259646      294.34479      0.11113219   
    173000   494.53723      1299.1425      1793.6797      92.996652      290.75076      0.11263718   
    174000   498.55862      1286.1281      1784.6867      109.60034      287.8381       0.11450944   
    175000   508.1622       1309.0227      1817.1849      103.85264      292.96196      0.11614015   
    176000   483.39334      1333.05        1816.4434      129.8565       298.33934      0.11676453   
    177000   483.89872      1330.8246      1814.7233      135.92737      297.84127      0.11560969   
    178000   487.90617      1326.2761      1814.1822      102.41424      296.82331      0.11288658   
    179000   513.28464      1341.0782      1854.3628      94.241974      300.13605      0.11153238   
    180000   527.12095      1331.0341      1858.1551      62.005278      297.88817      0.10981253   
    181000   505.91799      1309.137       1815.055       58.448276      292.98754      0.10899213   
    182000   497.54365      1325.3054      1822.8491      65.832907      296.60608      0.10914064   
    183000   468.46043      1325.8446      1794.305       91.24963       296.72674      0.11048419   
    184000   500.19957      1320.1492      1820.3487      112.66272      295.45209      0.11410851   
    185000   479.09816      1352.1453      1831.2435      129.1201       302.61289      0.11706679   
    186000   513.04807      1335.0841      1848.1321      123.00255      298.79455      0.11755797   
    187000   479.58975      1343.7465      1823.3363      125.97402      300.73324      0.1171444    
    188000   480.14278      1356.5247      1836.6675      69.366496      303.59302      0.11571491   
    189000   507.1757       1361.1972      1868.3729      49.287137      304.63873      0.11504711   
    190000   488.38448      1355.0609      1843.4454      32.151691      303.26541      0.11515149   
    191000   489.90838      1356.3705      1846.2788      72.131688      303.55849      0.11772136   
    192000   505.53293      1371.7592      1877.2921      114.83632      307.00253      0.12118313   
    193000   477.22109      1319.1064      1796.3275      140.53966      295.21871      0.12713901   
    194000   493.61954      1306.6479      1800.2674      168.21194      292.43048      0.13085304   
    195000   483.68889      1333.8753      1817.5642      118.84765      298.52404      0.12770424   
    196000   489.07371      1289.5751      1778.6488      103.90376      288.60956      0.12235452   
    197000   496.29237      1311.6417      1807.9341      121.77011      293.54811      0.11897143   
    198000   500.45401      1314.6797      1815.1337      118.26013      294.22802      0.11720219   
    199000   463.23029      1341.7873      1805.0176      137.9711       300.29475      0.11694644   
    200000   493.01631      1314.8413      1807.8576      103.64356      294.26419      0.11581392   
    201000   483.27851      1315.5866      1798.8651      102.75696      294.43099      0.11466597   
    202000   487.51987      1336.859       1824.3789      100.51877      299.1918       0.11234348   
    203000   514.29683      1362.9056      1877.2024      101.86067      305.02107      0.11118921   
    204000   495.38441      1378.6504      1874.0348      103.44867      308.54479      0.11371416   
    205000   463.86673      1380.6747      1844.5414      107.53783      308.99783      0.11973361   
    206000   479.4025       1366.058       1845.4605      70.054505      305.72658      0.12192003   
    207000   492.38736      1345.3511      1837.7385      71.396863      301.09234      0.12242738   
    208000   490.69752      1382.3374      1873.0349      105.04362      309.36995      0.12191165   
    209000   499.5475       1337.9442      1837.4917      104.87657      299.43465      0.11756409   
    210000   509.50792      1291.414       1800.9219      85.076167      289.02109      0.11258443   
    211000   528.3241       1322.8874      1851.2115      89.189898      296.06493      0.11102614   
    212000   502.43395      1315.1314      1817.5653      91.793449      294.3291       0.11102767   
    213000   482.4929       1349.5061      1831.999       120.59167      302.02223      0.112378     
    214000   474.66583      1344.8918      1819.5576      141.65193      300.98954      0.11370874   
    215000   500.44257      1342.839       1843.2816      112.7998       300.53013      0.1139657    
    216000   503.42201      1333.5228      1836.9448      67.928099      298.44513      0.11525924   
    217000   475.68493      1368.802       1844.4869      43.67814       306.3407       0.1183818    
    218000   506.87693      1343.9137      1850.7906      18.117837      300.77063      0.12322297   
    219000   504.17326      1355.9446      1860.1179      16.601424      303.46319      0.12677263   
    220000   486.31831      1348.054       1834.3723      60.216702      301.69724      0.12587404   
    221000   495.41235      1359.7156      1855.128       101.48363      304.30715      0.12289549   
    222000   505.56069      1357.4285      1862.9892      157.27209      303.79528      0.1218545    
    223000   480.42706      1395.8951      1876.3222      179.89777      312.40419      0.12181662   
    224000   478.31936      1371.7356      1850.055       174.52028      306.99725      0.12091867   
    225000   474.05123      1370.2569      1844.3081      168.20726      306.66631      0.11898948   
    226000   493.44562      1367.1811      1860.6268      127.86029      305.97795      0.11715976   
    227000   497.44839      1366.5818      1864.0302      111.29988      305.84381      0.1166504    
    228000   491.87448      1414.6659      1906.5404      97.36949       316.60514      0.11680727   
    229000   501.2869       1327.0487      1828.3356      113.6535       296.99623      0.12023863   
    230000   493.49781      1331.6623      1825.1601      97.951518      298.02876      0.12489725   
    231000   472.80001      1330.1447      1802.9448      115.78526      297.68912      0.12646831   
    232000   478.12801      1307.2267      1785.3547      111.72668      292.56002      0.12422328   
    233000   485.77832      1330.7087      1816.487       91.562684      297.81534      0.12018182   
    234000   488.5373       1323.0061      1811.5434      107.581        296.09148      0.11721627   
    235000   504.10484      1313.3638      1817.4687      100.91477      293.93352      0.11670835   
    236000   496.08076      1314.5711      1810.6519      121.54932      294.20371      0.11790811   
    237000   491.58731      1317.4976      1809.085       105.96368      294.85868      0.11856456   
    238000   487.66099      1317.6668      1805.3278      57.790997      294.89655      0.11926302   
    239000   515.40448      1307.2217      1822.6262      63.878327      292.55891      0.12063724   
    240000   483.19124      1350.4308      1833.622       105.90612      302.22918      0.12172377   
    241000   474.27277      1378.8164      1853.0892      141.51491      308.58194      0.12061147   
    242000   497.23713      1377.0233      1874.2604      176.68342      308.18063      0.11551771   
    243000   508.42406      1372.2537      1880.6778      179.51247      307.1132       0.11080732   
    244000   471.21511      1347.6396      1818.8547      178.83364      301.60451      0.11040542   
    245000   504.26039      1324.7991      1829.0595      160.27119      296.49277      0.11258159   
    246000   486.46809      1344.1832      1830.6512      120.82664      300.83095      0.1161465    
    247000   520.43491      1333.8413      1854.2762      73.908367      298.51641      0.11918621   
    248000   491.11344      1343.7173      1834.8308      80.148968      300.7267       0.12141323   
    249000   488.03419      1374.9093      1862.9435      111.42768      307.70752      0.12150782   
    250000   501.76479      1350.9938      1852.7586      99.336087      302.35518      0.1178636    
    251000   522.58556      1356.5513      1879.1368      129.61081      303.59896      0.11446054   
    252000   499.39269      1356.2736      1855.6663      93.521238      303.53681      0.11229991   
    253000   509.97988      1347.3692      1857.3491      70.975261      301.54399      0.11084139   
    254000   496.98843      1339.0392      1836.0276      51.168125      299.67972      0.10944662   
    255000   514.38346      1295.9541      1810.3375      40.191114      290.03718      0.10830596   
    256000   519.29343      1310.222       1829.5154      45.527746      293.23036      0.10881871   
    257000   518.37543      1308.6798      1827.0553      72.475691      292.88523      0.11237875   
    258000   502.53673      1332.3191      1834.8559      91.007517      298.17576      0.11672135   
    259000   488.16294      1331.002       1819.1649      101.69088      297.88098      0.11946233   
    260000   499.85129      1336.9104      1836.7617      81.863948      299.2033       0.11953128   
    261000   502.67074      1327.8199      1830.4907      106.71843      297.16882      0.11985539   
    262000   480.88717      1358.0956      1838.9828      91.59945       303.94458      0.11913322   
    263000   497.67318      1336.1513      1833.8245      117.688        299.03341      0.11935825   
    264000   496.22185      1389.7502      1885.9721      146.01253      311.02896      0.12076783   
    265000   504.39461      1382.2266      1886.6212      162.98538      309.34516      0.12194948   
    266000   492.1909       1369.3756      1861.5665      175.16589      306.46906      0.12363506   
    267000   494.84384      1358.99        1853.8338      134.0382       304.14475      0.12614477   
    268000   494.71315      1365.057       1859.7701      100.5303       305.50256      0.12799304   
    269000   482.74517      1360.7453      1843.4904      78.116798      304.53758      0.12791609   
    270000   481.71742      1357.5766      1839.294       81.587575      303.82843      0.12531622   
    271000   484.52413      1362.7095      1847.2336      106.78943      304.97718      0.12138292   
    272000   519.89793      1386.5587      1906.4567      100.9096       310.31469      0.11805072   
    273000   492.70807      1381.8527      1874.5608      79.457241      309.26148      0.11700739   
    274000   487.45581      1362.4487      1849.9046      67.935924      304.91883      0.11851938   
    275000   484.37534      1310.5741      1794.9494      50.695233      293.30917      0.12269662   
    276000   495.24803      1326.4331      1821.6811      83.070382      296.85845      0.12706458   
    277000   492.24909      1344.0087      1836.2578      120.10155      300.79191      0.12740578   
    278000   489.69114      1383.7982      1873.4893      132.7155       309.69687      0.12562931   
    279000   474.25791      1361.6304      1835.8883      118.29507      304.73567      0.12363906   
    280000   476.68041      1360.4769      1837.1573      114.42973      304.47752      0.12152233   
    281000   484.87821      1351.5632      1836.4415      106.51831      302.48263      0.11932675   
    282000   493.09457      1369.5468      1862.6414      106.66465      306.50739      0.1191266    
    283000   509.48015      1346.8532      1856.3333      125.10161      301.4285       0.11993046   
    284000   467.01329      1334.8579      1801.8712      109.85945      298.74393      0.1204595    
    285000   479.0173       1318.3773      1797.3946      114.81027      295.05555      0.12009196   
    286000   477.14995      1332.6168      1809.7667      70.182852      298.24237      0.11880202   
    287000   511.72664      1301.9526      1813.6793      96.004843      291.37967      0.11715555   
    288000   507.94147      1370.9048      1878.8462      100.16191      306.8113       0.11225249   
    289000   521.02441      1348.1777      1869.2022      99.374879      301.72495      0.10818613   
    290000   519.85968      1349.8996      1869.7593      121.70414      302.1103       0.10836947   
    291000   540.84782      1359.1839      1900.0317      89.189418      304.18814      0.11037472   
    292000   472.38421      1343.0191      1815.4033      105.04097      300.57043      0.11404065   
    293000   503.62483      1316.6778      1820.3026      87.882402      294.67519      0.11577237   
    294000   503.82684      1304.1431      1807.9699      79.167971      291.8699       0.11544      
    295000   501.45846      1315.9464      1817.4048      62.875386      294.5115       0.11523933   
    296000   505.20338      1320.3066      1825.51        95.971635      295.48733      0.11649444   
    297000   512.07685      1366.7734      1878.8503      154.48633      305.8867       0.12025682   
    298000   516.32583      1359.7707      1876.0966      162.62226      304.31948      0.12298922   
    299000   490.73481      1358.3387      1849.0735      170.9843       303.99898      0.12470818   
    300000   501.75817      1378.2798      1880.0379      122.26261      308.46184      0.1234391    
    301000   492.62548      1354.8617      1847.4872      91.279213      303.22082      0.11952768   
    302000   506.70269      1341.3755      1848.0782      68.542265      300.20259      0.1171454    
    303000   487.53029      1333.5788      1821.1091      55.382284      298.45768      0.11561433   
    304000   491.99804      1291.1641      1783.1622      48.935777      288.96519      0.11458822   
    305000   480.39131      1293.4254      1773.8167      32.182257      289.47126      0.1166576    
    306000   487.87208      1328.575       1816.447       55.977768      297.3378       0.1233913    
    307000   481.85574      1351.4387      1833.2944      88.243309      302.45475      0.12721105   
    308000   490.86185      1335.7872      1826.649       105.26527      298.95192      0.12755144   
    309000   521.51932      1336.1397      1857.6591      151.12643      299.03082      0.12605378   
    310000   513.51133      1371.384       1884.8953      170.42826      306.91854      0.1223101    
    311000   498.46329      1345.1738      1843.6371      129.43178      301.05266      0.119177     
    312000   522.69751      1372.4951      1895.1926      93.020628      307.16723      0.11738535   
    313000   532.45294      1322.8519      1855.3048      61.092696      296.05697      0.11675847   
    314000   470.5884       1322.9944      1793.5828      74.316961      296.08885      0.11754093   
    315000   496.38228      1339.9605      1836.3428      93.28756       299.88591      0.11936287   
    316000   495.61502      1300.6991      1796.3141      97.231976      291.09913      0.12100272   
    317000   488.74337      1327.1928      1815.9362      74.536583      297.02848      0.12111574   
    318000   501.11508      1316.2339      1817.349       75.630917      294.57586      0.12139214   
    319000   492.70583      1295.2834      1787.9892      69.381555      289.88708      0.12066517   
    320000   506.24753      1321.3462      1827.5937      66.39215       295.71999      0.11913771   
    321000   492.11633      1351.1305      1843.2468      74.32635       302.38578      0.11605899   
    322000   513.11843      1338.8063      1851.9248      62.565315      299.62761      0.11189576   
    323000   512.49542      1357.6862      1870.1817      85.380063      303.85297      0.11069868   
    324000   507.9022       1399.972       1907.8742      54.595926      313.31661      0.11168952   
    325000   503.91908      1343.375       1847.2941      73.254164      300.65008      0.11634763   
    326000   498.80051      1392.9849      1891.7854      82.877353      311.75287      0.12091021   
    327000   489.91577      1346.8307      1836.7465      94.915712      301.42348      0.12299443   
    328000   491.6692       1347.152       1838.8212      119.36853      301.49538      0.12317653   
    329000   482.19641      1362.177       1844.3734      143.42424      304.85801      0.12030372   
    330000   507.31711      1350.9117      1858.2288      155.76883      302.33681      0.11722303   
    331000   553.02063      1332.429       1885.4497      155.89275      298.20035      0.11584425   
    332000   518.39948      1391.0946      1909.4941      113.59355      311.32982      0.11518739   
    333000   496.53863      1368.1079      1864.6466      65.472647      306.18537      0.11490533   
    334000   506.21076      1324.8218      1831.0325      32.786339      296.49783      0.11554263   
    335000   507.80634      1348.3172      1856.1235      47.470185      301.75615      0.11865007   
    336000   501.88765      1365.1366      1867.0243      101.58796      305.52037      0.12411104   
    337000   488.6645       1371.4929      1860.1574      154.77489      306.94293      0.12806737   
    338000   484.98043      1364.7602      1849.7407      171.76537      305.43614      0.12787989   
    339000   495.80857      1390.9646      1886.7732      167.82884      311.30074      0.12410064   
    340000   528.74514      1332.3283      1861.0735      144.29061      298.17782      0.12023275   
    341000   514.32342      1338.5661      1852.8895      89.874588      299.57383      0.11754913   
    342000   491.04897      1376.3623      1867.4113      83.020364      308.03271      0.11688027   
    343000   480.12289      1365.2322      1845.3551      63.407515      305.54178      0.11640609   
    344000   507.04906      1374.8876      1881.9366      52.569923      307.70266      0.11616052   
    345000   488.8788       1352.1495      1841.0283      80.717949      302.61384      0.1165181    
    346000   481.1059       1352.5151      1833.621       130.85554      302.69565      0.1172037    
    347000   521.69931      1331.3249      1853.0242      143.64882      297.95325      0.11612072   
    348000   507.68051      1337.7955      1845.476       134.49031      299.40138      0.11403406   
    349000   481.57217      1358.7681      1840.3403      126.26518      304.09509      0.11253949   
    350000   509.32052      1339.4224      1848.7429      111.99598      299.76548      0.11210173   
    351000   503.46723      1323.9571      1827.4243      98.666705      296.30431      0.11349811   
    352000   507.73693      1297.5587      1805.2956      105.32809      290.39629      0.11802454   
    353000   470.79952      1323.8335      1794.633       119.93588      296.27665      0.12086302   
    354000   491.58161      1360.7254      1852.307       142.55133      304.53313      0.12231369   
    355000   488.77861      1384.9864      1873.765       175.44143      309.9628       0.12185982   
    356000   493.13936      1367.3653      1860.5046      172.40491      306.01915      0.11721781   
    357000   504.11794      1358.4136      1862.5315      110.22349      304.01575      0.1109353    
    358000   514.15915      1332.0792      1846.2383      71.314831      298.12206      0.10943732   
    359000   506.19612      1337.6554      1843.8515      59.901895      299.37003      0.11139553   
    360000   484.8081       1309.5486      1794.3567      57.547206      293.07967      0.11467582   
    361000   505.05327      1332.9182      1837.9715      90.05504       298.30983      0.11811045   
    362000   506.90834      1333.6396      1840.5479      133.7852       298.47127      0.11954108   
    363000   513.20709      1331.0531      1844.2602      153.6732       297.89241      0.11842941   
    364000   478.25484      1334.9383      1813.1931      185.6147       298.76192      0.11646091   
    365000   487.52033      1328.6804      1816.2007      196.4385       297.3614       0.11599802   
    366000   487.94482      1382.6442      1870.589       175.72447      309.4386       0.11465334   
    367000   513.71971      1351.473       1865.1927      108.41181      302.46243      0.10839823   
    368000   532.73696      1347.3604      1880.0974      73.250726      301.54203      0.10395475   
    369000   505.61719      1362.3872      1868.0044      74.742658      304.90505      0.10431336   
    370000   536.22287      1396.1485      1932.3713      80.306167      312.46089      0.1081743    
    371000   512.33159      1377.4834      1889.815       86.320511      308.28362      0.11311702   
    372000   513.00024      1367.3592      1880.3594      48.4171        306.01779      0.11634043   
    373000   510.48807      1348.4122      1858.9003      37.156282      301.77742      0.11809869   
    374000   500.58299      1394.9835      1895.5665      44.223486      312.20017      0.11867731   
    375000   525.26982      1362.2662      1887.536       43.658417      304.87797      0.11805661   
    376000   488.53821      1364.808       1853.3462      97.621607      305.44683      0.11683297   
    377000   482.69848      1345.6846      1828.3831      101.19069      301.16698      0.11475704   
    378000   499.30451      1337.7212      1837.0257      87.206408      299.38475      0.11093158   
    379000   503.07707      1343.4991      1846.5762      74.527068      300.67786      0.10781963   
    380000   510.21227      1313.6737      1823.886       101.5384       294.00287      0.10796321   
    381000   505.92881      1274.5065      1780.4353      91.275658      285.23716      0.1102717    
    382000   484.46265      1305.2643      1789.7269      95.347247      292.12082      0.11624927   
    383000   496.19014      1276.459       1772.6492      101.33506      285.67415      0.12135726   
    384000   506.09143      1301.9775      1808.0689      102.81208      291.38523      0.12422485   
    385000   482.94541      1325.6442      1808.5896      97.370752      296.6819       0.12385891   
    386000   475.95889      1350.5288      1826.4877      89.165593      302.25112      0.12027403   
    387000   505.6306       1332.8436      1838.4742      52.880767      298.29312      0.11666301   
    388000   515.32         1329.9022      1845.2222      58.034516      297.63485      0.11359708   
    389000   508.30125      1274.6948      1782.9961      62.16656       285.27932      0.11154887   
    390000   483.67286      1306.6299      1790.3027      76.418978      292.42645      0.11135417   
    391000   505.72186      1312.5502      1818.2721      78.571944      293.75143      0.11336246   
    392000   499.0512       1334.9997      1834.0509      79.192403      298.77567      0.1167135    
    393000   519.1886       1286.3737      1805.5623      82.449774      287.89308      0.11828193   
    394000   486.77845      1346.1408      1832.9192      86.936088      301.26907      0.11845893   
    395000   495.7769       1318.9717      1814.7486      91.274147      295.18857      0.11808543   
    396000   490.85411      1332.0694      1822.9235      133.02154      298.11987      0.11787931   
    397000   504.88178      1332.3179      1837.1996      103.21435      298.17547      0.11771542   
    398000   504.92764      1396.7648      1901.6924      102.51048      312.59883      0.11921846   
    399000   523.15139      1364.552       1887.7034      70.977192      305.38954      0.11927519   
    400000   487.10633      1373.5381      1860.6445      62.197121      307.40065      0.11773135   
Loop time of 2798.37 on 8 procs for 400000 steps with 1500 atoms

Performance: 6.175 ns/day, 3.887 hours/ns, 142.940 timesteps/s, 214.410 katom-step/s
99.4% CPU use with 8 MPI tasks x 1 OpenMP threads

MPI task timing breakdown:
Section |  min time  |  avg time  |  max time  |%varavg| %total
---------------------------------------------------------------
Pair    | 52.961     | 58.526     | 63.539     |  39.7 |  2.09
Bond    | 4.1931     | 4.5143     | 4.7591     |   8.7 |  0.16
Kspace  | 1332.4     | 1336.7     | 1344.7     |  10.8 | 47.77
Neigh   | 1.1056     | 1.1294     | 1.1583     |   2.1 |  0.04
Comm    | 31.985     | 34.329     | 36.037     |  25.7 |  1.23
Output  | 0.019031   | 0.020803   | 0.032105   |   3.0 |  0.00
Modify  | 1194.9     | 1288.1     | 1357.4     | 166.2 | 46.03
Other   |            | 75.15      |            |       |  2.69

Nlocal:          187.5 ave         213 max         159 min
Histogram: 1 0 2 1 0 1 0 0 1 2
Nghost:         1382.5 ave        1406 max        1359 min
Histogram: 2 1 0 0 0 1 2 0 0 2
Neighs:        10260.2 ave       13062 max        8267 min
Histogram: 1 0 0 4 2 0 0 0 0 1

Total # of neighbors = 82082
Ave neighs/atom = 54.721333
Ave special neighs/atom = 2
Neighbor list builds = 2516
Dangerous builds = 0

unfix       runnpt
reset_timestep 0

#-------------------------------------------------- PRODUCTION ----------------------------------------------------------#

fix	            npt_production all npt temp ${simulationTemp} ${simulationTemp} 100.0 iso ${pressure} ${pressure} 1000.0
fix	            npt_production all npt temp 300 ${simulationTemp} 100.0 iso ${pressure} ${pressure} 1000.0
fix	            npt_production all npt temp 300 300 100.0 iso ${pressure} ${pressure} 1000.0
fix	            npt_production all npt temp 300 300 100.0 iso 98.7 ${pressure} 1000.0
fix	            npt_production all npt temp 300 300 100.0 iso 98.7 98.7 1000.0
fix             DensAve all ave/time 1 ${NBR} ${NBR} v_Density file density.dat
fix             DensAve all ave/time 1 20000 ${NBR} v_Density file density.dat
fix             DensAve all ave/time 1 20000 20000 v_Density file density.dat
fix             VoluAve all ave/time 1 ${npt_run} ${npt_run} v_Volume file volume.dat
fix             VoluAve all ave/time 1 2000000 ${npt_run} v_Volume file volume.dat
fix             VoluAve all ave/time 1 2000000 2000000 v_Volume file volume.dat
fix             Densfinal all ave/time 1 ${npt_run} ${npt_run} v_Density file density_final.dat
fix             Densfinal all ave/time 1 2000000 ${npt_run} v_Density file density_final.dat
fix             Densfinal all ave/time 1 2000000 2000000 v_Density file density_final.dat

restart         ${restartfreq} restart_${NAME}.1 restart_${NAME}.2
restart         1000000 restart_${NAME}.1 restart_${NAME}.2
restart         1000000 restart_N2.1 restart_${NAME}.2
restart         1000000 restart_N2.1 restart_N2.2

run             ${npt_run}
run             2000000
PPPM initialization ...
  using 12-bit tables for long-range coulomb (src/kspace.cpp:342)
  G vector (1/distance) = 0.26887903
  grid = 54 54 54
  stencil order = 5
  estimated absolute RMS force accuracy = 0.00033108301
  estimated relative force accuracy = 9.9704665e-07
  using single precision FFTW3
  3d grid and FFT values/proc = 39304 20412
Generated 1 of 1 mixed pair_coeff terms from arithmetic mixing rule
Last active /omp style is kspace_style pppm/omp
Per MPI rank memory allocation (min/avg/max) = 9.038 | 9.065 | 9.092 Mbytes
   Step         PotEng         KinEng         TotEng         Press           Temp        v_Density   
         0   487.10599      1373.5381      1860.6441      62.196914      307.40065      0.11773135   
      1000   496.26262      1368.4449      1864.7075      71.510694      306.26078      0.11844966   
      2000   508.87924      1305.511       1814.3903      102.22908      292.17605      0.12027958   
      3000   485.18026      1299.4269      1784.6072      124.2469       290.81442      0.12239553   
      4000   475.38967      1321.9912      1797.3809      126.34864      295.86434      0.12451126   
      5000   490.18965      1324.3197      1814.5094      108.83192      296.38547      0.1256627    
      6000   492.55055      1314.3781      1806.9286      74.176191      294.16051      0.12408051   
      7000   492.81703      1296.4152      1789.2322      62.760422      290.14037      0.11977439   
      8000   524.77962      1329.3288      1854.1084      64.602171      297.5065       0.1149839    
      9000   529.7054       1337.0189      1866.7243      100.68017      299.22758      0.11281452   
     10000   536.14678      1344.1968      1880.3436      90.677096      300.834        0.11287169   
     11000   475.75514      1376.6147      1852.3699      91.848296      308.0892       0.11597413   
     12000   540.77627      1367.9019      1908.6782      43.677448      306.13926      0.11907403   
     13000   515.90851      1339.4967      1855.4052      36.14912       299.78212      0.12047474   
     14000   479.54238      1343.7167      1823.2591      64.616801      300.72656      0.12077766   
     15000   501.62828      1307.9512      1809.5795      93.284598      292.72216      0.12102721   
     16000   494.6627       1334.273       1828.9357      94.52595       298.61305      0.11971825   
     17000   500.14552      1309.1359      1809.2814      108.36859      292.9873       0.11884124   
     18000   458.32479      1365.8635      1824.1883      128.71104      305.68305      0.11788275   
     19000   490.77296      1358.8809      1849.6539      144.47822      304.12034      0.11745745   
     20000   495.74237      1385.0764      1880.8187      152.66815      309.98293      0.11751908   
     21000   542.28236      1375.9528      1918.2352      148.3237       307.94107      0.11761371   
     22000   529.4924       1367.7498      1897.2422      147.14361      306.10521      0.1167133    
     23000   513.85066      1355.7673      1869.618       108.58679      303.42351      0.11549777   
     24000   501.34092      1352.7102      1854.0511      115.62168      302.73931      0.11555403   
     25000   488.40663      1310.4559      1798.8626      103.61827      293.28273      0.11500272   
     26000   482.53601      1315.9627      1798.4987      102.95105      294.51515      0.11458718   
     27000   516.27652      1313.9559      1830.2324      79.577851      294.06603      0.11248646   
     28000   509.44852      1345.7418      1855.1903      96.998069      301.17977      0.10949597   
     29000   502.31211      1335.8535      1838.1656      108.91831      298.96676      0.10671902   
     30000   530.09267      1321.1857      1851.2783      124.86062      295.68407      0.10747723   
     31000   504.30768      1327.5969      1831.9046      142.90417      297.11891      0.11159105   
     32000   493.39952      1307.2041      1800.6037      104.3147       292.55497      0.11643424   
     33000   507.84781      1329.5269      1837.3747      87.549297      297.55085      0.1187492    
     34000   504.99512      1316.521       1821.5161      91.887173      294.6401       0.11929743   
     35000   472.70353      1345.6156      1818.3191      111.0711       301.15153      0.11927279   
     36000   479.86223      1335.7287      1815.591       121.92012      298.93883      0.11852679   
     37000   509.5188       1304.8615      1814.3803      88.003512      292.03069      0.11635237   
     38000   495.25075      1274.6741      1769.9249      78.591569      285.27469      0.11445852   
     39000   503.24711      1288.3433      1791.5904      71.234295      288.33387      0.11285789   
     40000   510.12697      1316.3703      1826.4973      86.674736      294.60637      0.11361151   
     41000   512.54509      1318.0626      1830.6077      90.519732      294.98511      0.11678899   
     42000   517.63841      1322.0056      1839.644       77.655278      295.86756      0.12275003   
     43000   468.30215      1370.6957      1838.9979      86.862879      306.76452      0.12670506   
     44000   514.20873      1363.3956      1877.6044      68.78106       305.13074      0.1265865    
     45000   519.06591      1346.2417      1865.3076      53.499121      301.29165      0.12224866   
     46000   499.78154      1356.8541      1856.6356      57.013524      303.66672      0.11751127   
     47000   495.79628      1375.819       1871.6153      73.222481      307.91113      0.11616661   
     48000   519.80207      1341.6241      1861.4261      93.229812      300.25822      0.11457392   
     49000   520.54626      1381.1822      1901.7284      123.12399      309.11141      0.11324964   
     50000   507.19157      1337.1322      1844.3238      128.15282      299.25293      0.11315662   
     51000   504.8722       1327.6634      1832.5356      117.52743      297.13379      0.11407993   
     52000   489.48471      1343.6741      1833.1588      128.92321      300.71703      0.11827642   
     53000   493.33211      1352.4716      1845.8038      135.73368      302.68593      0.12230492   
     54000   504.24311      1378.6546      1882.8977      125.4283       308.54572      0.12387931   
     55000   489.83564      1340.5385      1830.3741      105.96054      300.01527      0.12065004   
     56000   495.12274      1406.9663      1902.0891      113.57656      314.88195      0.11606475   
     57000   488.78469      1363.7533      1852.538       134.32562      305.2108       0.11356753   
     58000   498.22174      1364.5721      1862.7939      133.40367      305.39404      0.11394094   
     59000   528.06797      1328.3758      1856.4438      111.50222      297.29323      0.11595961   
     60000   519.85708      1294.1424      1813.9995      151.01938      289.63172      0.11887053   
     61000   465.48425      1311.9245      1777.4087      126.66298      293.61139      0.11910289   
     62000   507.04559      1285.9808      1793.0264      56.851923      287.80514      0.11763672   
     63000   502.48523      1310.0896      1812.5748      41.792152      293.20074      0.11746922   
     64000   485.70338      1332.7722      1818.4756      29.849486      298.27716      0.11574076   
     65000   472.03398      1295.5015      1767.5355      38.366884      289.93589      0.10957294   
     66000   516.03746      1330.1825      1846.2199      52.577164      297.69757      0.10749887   
     67000   526.37235      1328.4066      1854.7789      61.410985      297.30012      0.10999384   
     68000   490.25264      1328.7803      1819.0329      111.80706      297.38376      0.11422361   
     69000   486.78603      1351.1226      1837.9086      118.2563       302.38401      0.11700506   
     70000   498.00112      1363.0643      1861.0654      136.8348       305.05659      0.12007113   
     71000   528.98443      1376.5208      1905.5052      113.26902      308.06818      0.12278636   
     72000   521.72508      1353.3696      1875.0947      75.922622      302.8869       0.12358338   
     73000   486.25688      1369.7448      1856.0017      44.227275      306.5517       0.12131973   
     74000   515.57623      1335.4218      1850.9981      17.296581      298.87015      0.11734469   
     75000   502.34337      1340.4566      1842.8         12.132655      299.99694      0.11538445   
     76000   513.70052      1347.5199      1861.2205      13.102886      301.57773      0.11601556   
     77000   491.43949      1384.2212      1875.6607      48.583458      309.79155      0.11787636   
     78000   489.56156      1357.4513      1847.0128      95.421541      303.80038      0.11932876   
     79000   493.89132      1354.6744      1848.5658      138.77574      303.17892      0.12015302   
     80000   515.6528       1384.1084      1899.7612      146.52996      309.7663       0.12070721   
     81000   512.1708       1361.5147      1873.6855      145.01914      304.70979      0.12082384   
     82000   483.85089      1378.2187      1862.0695      153.21078      308.44816      0.11975856   
     83000   485.78649      1314.033       1799.8195      131.98321      294.08328      0.11811047   
     84000   486.16995      1339.8247      1825.9947      96.312203      299.85552      0.11673859   
     85000   512.00803      1362.484       1874.492       57.794686      304.92671      0.11589034   
     86000   501.97984      1340.4515      1842.4313      53.398115      299.9958       0.11616306   
     87000   470.52476      1361.9295      1832.4543      85.81558       304.80263      0.11782616   
     88000   509.38844      1336.6558      1846.0442      102.75174      299.1463       0.1209516    
     89000   491.36229      1394.5865      1885.9488      172.2329       312.11132      0.12595262   
     90000   475.41099      1369.6401      1845.0511      209.06062      306.52827      0.12859343   
     91000   496.87186      1340.5616      1837.4335      191.20014      300.02045      0.12732369   
     92000   468.64063      1335.7889      1804.4296      148.47435      298.95231      0.12140406   
     93000   477.87765      1340.5081      1818.3857      110.18741      300.00846      0.1187204    
     94000   517.08413      1281.6469      1798.7311      56.206007      286.83521      0.11709333   
     95000   489.07655      1308.5246      1797.6011      45.371627      292.85048      0.11665402   
     96000   509.73133      1305.6142      1815.3456      59.391085      292.19915      0.11721271   
     97000   506.18207      1325.7049      1831.8869      72.579511      296.69547      0.1164598    
     98000   516.54946      1313.4955      1830.045       80.691291      293.96299      0.11441625   
     99000   505.86537      1306.717       1812.5823      90.587219      292.44594      0.11171036   
    100000   523.0973       1330.0348      1853.1321      125.75941      297.66453      0.10898854   
    101000   524.06979      1332.5777      1856.6474      110.21067      298.23362      0.10682879   
    102000   495.88557      1316.097       1811.9826      99.910273      294.54521      0.10724767   
    103000   492.17203      1348.5539      1840.7259      104.54139      301.80912      0.11187556   
    104000   469.13116      1295.6954      1764.8266      100.37818      289.97929      0.11633995   
    105000   477.49721      1331.9035      1809.4007      102.60492      298.08274      0.11928072   
    106000   488.63571      1321.8025      1810.4382      98.089407      295.82212      0.11972183   
    107000   504.95868      1317.0623      1822.021       73.18414       294.76124      0.11700307   
    108000   510.3178       1306.6195      1816.9373      74.585256      292.42413      0.11376887   
    109000   500.45726      1358.0705      1858.5278      104.55403      303.93897      0.11288323   
    110000   498.22259      1356.9744      1855.197       121.38221      303.69366      0.11469073   
    111000   508.53442      1372.8578      1881.3922      130.62122      307.2484       0.11837566   
    112000   488.83019      1348.0979      1836.9281      156.55018      301.70708      0.12131482   
    113000   488.71436      1311.7548      1800.4692      152.15839      293.57342      0.12151724   
    114000   532.64895      1313.745       1846.3939      126.34022      294.01882      0.12015221   
    115000   510.63129      1349.1264      1859.7577      103.17497      301.93726      0.11835081   
    116000   507.98606      1392.849       1900.8351      109.02436      311.72247      0.11762047   
    117000   506.44734      1358.5047      1864.9521      116.73301      304.03615      0.11918256   
    118000   475.89734      1364.5995      1840.4968      137.70219      305.40017      0.12437388   
    119000   475.40258      1382.7467      1858.1492      158.92197      309.46154      0.12937778   
    120000   498.28294      1371.5452      1869.8282      125.72334      306.95464      0.12787086   
    121000   513.29098      1370.8009      1884.0919      62.308852      306.78805      0.12281657   
    122000   485.09316      1341.207       1826.3001      59.319164      300.16487      0.11957972   
    123000   474.49402      1335.0919      1809.5859      64.501877      298.79631      0.11618191   
    124000   486.33884      1315.9443      1802.2831      100.56889      294.51103      0.11444469   
    125000   515.16488      1292.711       1807.8759      97.854498      289.31138      0.11415606   
    126000   508.66816      1351.728       1860.3961      139.56212      302.51949      0.11746217   
    127000   488.03626      1373.1499      1861.1862      149.94493      307.31377      0.12216534   
    128000   511.08911      1347.0624      1858.1515      90.256959      301.47533      0.12338238   
    129000   492.32853      1362.7649      1855.0935      75.088983      304.98959      0.12240554   
    130000   493.70115      1377.6935      1871.3946      87.66819       308.33063      0.12082253   
    131000   498.23217      1334.5599      1832.792       80.416983      298.67724      0.11840419   
    132000   497.3393       1364.1178      1861.4571      121.19988      305.29236      0.11710582   
    133000   484.4079       1344.3133      1828.7212      147.69747      300.86008      0.11698449   
    134000   495.90267      1306.6046      1802.5073      163.32341      292.42079      0.11723368   
    135000   493.4362       1297.7119      1791.1481      158.31458      290.43058      0.11749844   
    136000   529.985        1322.0137      1851.9987      145.2488       295.86938      0.1187362    
    137000   497.00926      1356.2244      1853.2337      127.25905      303.52581      0.11980976   
    138000   485.56527      1361.2583      1846.8236      91.414642      304.65241      0.1218283    
    139000   491.20847      1338.5538      1829.7623      58.591017      299.57109      0.12421125   
    140000   513.02427      1388.6346      1901.6589      41.969312      310.77927      0.1242067    
    141000   510.49         1381.1644      1891.6544      71.082988      309.10743      0.11980971   
    142000   507.81284      1360.2577      1868.0706      57.677779      304.42848      0.11330315   
    143000   537.06903      1344.5042      1881.5732      62.860872      300.9028       0.11262205   
    144000   517.26309      1352.5053      1869.7684      95.565893      302.69346      0.11471183   
    145000   504.72633      1364.3424      1869.0687      95.778591      305.34263      0.11662871   
    146000   465.38802      1320.3939      1785.7819      107.64991      295.50686      0.11982422   
    147000   484.34436      1331.9882      1816.3326      136.27075      298.10169      0.12328945   
    148000   507.13258      1314.2015      1821.3341      142.66658      294.12099      0.12381875   
    149000   492.08146      1304.1859      1796.2674      132.68713      291.87948      0.12185      
    150000   479.75464      1290.4808      1770.2354      129.06707      288.81225      0.11915215   
    151000   489.85516      1289.3465      1779.2016      108.38999      288.55839      0.11772262   
    152000   502.22399      1322.3812      1824.6052      97.215999      295.95163      0.11843589   
    153000   497.55772      1315.0297      1812.5874      119.89113      294.30634      0.11948312   
    154000   486.91291      1304.1436      1791.0565      80.947272      291.87001      0.11902499   
    155000   488.68655      1265.7613      1754.4478      57.724393      283.27997      0.1185546    
    156000   503.45104      1326.3844      1829.8355      53.494449      296.84756      0.11817823   
    157000   500.20259      1345.7099      1845.9125      47.539916      301.17263      0.11659876   
    158000   509.25732      1351.7536      1861.011       44.364055      302.52524      0.11371522   
    159000   533.90956      1367.4451      1901.3546      51.871841      306.03701      0.10963445   
    160000   524.96267      1345.5582      1870.5208      67.321383      301.13868      0.10449287   
    161000   517.79771      1336.5416      1854.3393      80.375988      299.12075      0.10317478   
    162000   508.79472      1296.4731      1805.2678      94.562237      290.15333      0.10694654   
    163000   528.77063      1316.1121      1844.8828      96.545346      294.5486       0.11177611   
    164000   483.47032      1315.9582      1799.4285      59.962621      294.51414      0.11417372   
    165000   503.51577      1330.4189      1833.9347      44.210337      297.75049      0.11581923   
    166000   506.19922      1316.8611      1823.0603      25.389707      294.71622      0.11642434   
    167000   493.4437       1324.0265      1817.4702      50.132266      296.31985      0.11620445   
    168000   521.01995      1286.733       1807.7529      79.855033      287.97348      0.1147508    
    169000   497.72048      1287.026       1784.7465      143.12965      288.03906      0.11372261   
    170000   508.36166      1326.7135      1835.0751      171.77568      296.9212       0.11227076   
    171000   531.91449      1323.8489      1855.7634      165.61568      296.28011      0.11079792   
    172000   495.61416      1359.0422      1854.6564      150.55367      304.15644      0.11095712   
    173000   510.05359      1377.4517      1887.5053      133.47304      308.27652      0.1129988    
    174000   552.14714      1354.9271      1907.0743      104.2916       303.23547      0.11760305   
    175000   494.32854      1382.446       1876.7745      116.35332      309.39425      0.12048109   
    176000   484.75082      1371.7181      1856.469       116.8221       306.99334      0.11990024   
    177000   509.63397      1370.2651      1879.8991      107.94353      306.66815      0.11780507   
    178000   502.17406      1366.184       1868.358       113.06083      305.75478      0.11555999   
    179000   522.03108      1373.5444      1895.5754      68.135489      307.40205      0.11348798   
    180000   506.41297      1388.6768      1895.0898      71.244982      310.78872      0.11376832   
    181000   516.28196      1358.9859      1875.2679      66.904894      304.14384      0.11445749   
    182000   513.01565      1381.3514      1894.367       111.81261      309.14928      0.1151948    
    183000   510.48672      1374.4867      1884.9735      144.34849      307.61295      0.11524265   
    184000   485.22732      1342.1051      1827.3324      162.73515      300.36588      0.11633304   
    185000   493.2334       1355.6169      1848.8503      149.49476      303.38985      0.11817199   
    186000   455.1586       1365.089       1820.2476      126.91443      305.50971      0.12109624   
    187000   497.75447      1347.1324      1844.8869      102.59688      301.491        0.12300397   
    188000   523.10464      1319.0051      1842.1097      52.778571      295.19605      0.11977187   
    189000   522.60448      1314.0711      1836.6756      78.208703      294.09182      0.11348527   
    190000   519.62327      1319.0867      1838.71        110.54367      295.21431      0.11192059   
    191000   499.77503      1307.8595      1807.6345      135.89704      292.70164      0.11349647   
    192000   508.98377      1273.9581      1782.9419      90.174987      285.11445      0.11630765   
    193000   453.65939      1307.4333      1761.0927      35.035715      292.60626      0.11908521   
    194000   481.2016       1318.663       1799.8646     -10.133791      295.11948      0.12007807   
    195000   485.50581      1323.0753      1808.5811     -39.574289      296.10697      0.11775805   
    196000   524.21152      1312.7051      1836.9166     -8.9289736      293.7861       0.11348173   
    197000   523.36985      1295.241       1818.6109      68.496718      289.8776       0.11101826   
    198000   486.19359      1303.8752      1790.0688      103.35658      291.80994      0.11073837   
    199000   479.07785      1309.0944      1788.1722      106.295        292.97801      0.11242284   
    200000   526.4571       1322.7954      1849.2525      104.75276      296.04433      0.11458761   
    201000   506.91005      1349.9184      1856.8284      102.49448      302.11451      0.11514257   
    202000   493.90874      1360.8726      1854.7813      84.347656      304.56607      0.1154339    
    203000   483.00131      1350.4982      1833.4995      91.672989      302.24426      0.1159054    
    204000   505.19199      1353.2021      1858.3941      100.66857      302.84941      0.11781586   
    205000   512.42926      1358.0137      1870.443       121.0061       303.92626      0.12179664   
    206000   497.79399      1370.5692      1868.3632      111.83377      306.73621      0.12433301   
    207000   492.43118      1350.7096      1843.1408      114.24846      302.29158      0.12364558   
    208000   516.48281      1367.6043      1884.0871      102.7843       306.07265      0.11895944   
    209000   512.06646      1342.9281      1854.9946      104.40958      300.55008      0.11355588   
    210000   524.48752      1337.178       1861.6656      125.74051      299.26319      0.11147849   
    211000   527.30416      1322.3817      1849.6858      147.18869      295.95173      0.11273107   
    212000   512.32612      1341.3327      1853.6588      143.43307      300.19301      0.11491364   
    213000   495.30616      1347.9108      1843.217       151.49504      301.66521      0.1165788    
    214000   496.50463      1304.6926      1801.1972      136.69274      291.99287      0.11783946   
    215000   510.11128      1323.6812      1833.7925      144.84401      296.24257      0.11951061   
    216000   474.24244      1361.48        1835.7225      138.96114      304.70202      0.11809789   
    217000   514.99418      1345.0158      1860.01        89.282479      301.01729      0.11344888   
    218000   517.20016      1380.4605      1897.6607      73.648725      308.9499       0.10968236   
    219000   521.54519      1361.6504      1883.1956      53.031685      304.74016      0.10776881   
    220000   498.34275      1370.2814      1868.6241      73.848845      306.67179      0.1094792    
    221000   495.64322      1391.7388      1887.382       95.606693      311.47399      0.11464659   
    222000   519.49229      1343.5093      1863.0016      124.31378      300.68013      0.11853597   
    223000   506.52489      1338.8156      1845.3405      121.04128      299.62967      0.11954327   
    224000   509.18992      1311.2533      1820.4432      100.21246      293.46117      0.11729107   
    225000   516.1903       1325.4095      1841.5998      69.836853      296.62937      0.11447174   
    226000   486.41787      1320.9567      1807.3746      72.199625      295.63283      0.11308574   
    227000   503.44764      1264.8187      1768.2663      9.7800461      283.06901      0.11076189   
    228000   490.04199      1315.0803      1805.1223      42.211589      294.31768      0.11103612   
    229000   499.56517      1323.6349      1823.2001      69.509502      296.23221      0.11493095   
    230000   488.96185      1337.7529      1826.7148      149.42643      299.39185      0.12172295   
    231000   503.81827      1359.8058      1863.6241      130.83909      304.32733      0.1230655    
    232000   494.83096      1340.0789      1834.9098      109.00603      299.9124       0.12225314   
    233000   481.3345       1325.853       1807.1875      86.235699      296.72862      0.11922175   
    234000   511.95785      1287.2468      1799.2046      48.984854      288.08847      0.11510269   
    235000   495.71725      1307.2882      1803.0054      61.238731      292.57378      0.11278857   
    236000   493.24962      1317.4496      1810.6992      53.809899      294.84793      0.1125665    
    237000   521.9702       1329.1023      1851.0725      71.275264      297.45583      0.11387186   
    238000   507.37795      1331.5937      1838.9717      96.569068      298.01341      0.11592001   
    239000   501.79129      1328.1549      1829.9462      89.619456      297.2438       0.11837565   
    240000   488.16629      1309.4746      1797.6409      86.257295      293.0631       0.11900912   
    241000   513.62691      1314.1791      1827.806       100.06255      294.11597      0.11732942   
    242000   500.44364      1292.9395      1793.3832      100.11326      289.36252      0.1113691    
    243000   524.43066      1308.9133      1833.344       97.351392      292.93749      0.10777741   
    244000   514.51515      1331.2671      1845.7822      89.779749      297.94031      0.10817191   
    245000   523.30408      1341.7648      1865.0689      57.438045      300.28971      0.11035283   
    246000   516.6757       1345.1768      1861.8525      53.524081      301.05332      0.11402756   
    247000   511.07848      1365.0298      1876.1083      60.859522      305.49648      0.11693338   
    248000   498.28269      1348.916       1847.1987      79.504586      301.89017      0.11959556   
    249000   503.86599      1340.7437      1844.6097      93.23137       300.06119      0.12062371   
    250000   498.46472      1353.2557      1851.7204      101.19032      302.8614       0.1183167    
    251000   515.86304      1354.3096      1870.1726      122.15024      303.09726      0.11455843   
    252000   509.52773      1363.3696      1872.8973      136.45702      305.12491      0.1124967    
    253000   499.76971      1370.5856      1870.3553      85.454308      306.73988      0.1114561    
    254000   537.11562      1374.6461      1911.7618      67.441729      307.64863      0.11177466   
    255000   544.75697      1356.0317      1900.7887      58.682305      303.48269      0.11278753   
    256000   496.58996      1379.753       1876.3429      69.644399      308.79155      0.11417311   
    257000   505.80592      1357.5325      1863.3384      93.996254      303.81856      0.11550835   
    258000   526.49785      1319.275       1845.7728      136.92361      295.25644      0.11599997   
    259000   518.10412      1326.3885      1844.4926      93.746162      296.84846      0.1141481    
    260000   500.51754      1290.5657      1791.0832      85.48144       288.83124      0.11301177   
    261000   509.88648      1344.199       1854.0854      56.484943      300.83449      0.11267514   
    262000   512.39401      1338.1364      1850.5304      43.274926      299.47767      0.11213909   
    263000   528.09415      1384.2456      1912.3397      43.281479      309.797        0.11106192   
    264000   505.87266      1314.0869      1819.9596      74.360031      294.09534      0.11031767   
    265000   498.77468      1329.6983      1828.4729      84.068615      297.5892       0.11181684   
    266000   503.2635       1316.5595      1819.823       78.693621      294.64872      0.1132543    
    267000   524.18427      1323.3847      1847.569       93.529001      296.17621      0.11411295   
    268000   489.69828      1319.9179      1809.6161      102.28777      295.40032      0.11520904   
    269000   514.72074      1323.0396      1837.7603      92.711797      296.09898      0.11495566   
    270000   527.11392      1299.1377      1826.2516      88.595059      290.74969      0.11376547   
    271000   484.968        1309.6042      1794.5722      109.51577      293.09211      0.11304495   
    272000   496.5735       1320.9891      1817.5626      92.895703      295.64008      0.11378438   
    273000   507.19886      1309.0282      1816.227       97.516857      292.96319      0.1157034    
    274000   496.97949      1251.9725      1748.952       67.198005      280.19402      0.12076429   
    275000   481.10095      1310.3989      1791.4998      68.067608      293.26995      0.12523386   
    276000   480.3239       1320.2507      1800.5746      53.524193      295.47481      0.1246996    
    277000   476.16225      1336.1238      1812.2861      64.777181      299.02725      0.12110801   
    278000   488.02749      1332.5775      1820.6049      66.275031      298.23357      0.11783298   
    279000   499.8612       1315.6439      1815.5051      61.670326      294.4438       0.11619902   
    280000   513.91526      1285.3958      1799.311       95.065991      287.67421      0.11613868   
    281000   509.47451      1303.7075      1813.182       124.94446      291.77242      0.11796083   
    282000   506.32379      1334.89        1841.2138      139.48176      298.75112      0.11930832   
    283000   493.37485      1352.3655      1845.7403      152.12761      302.66217      0.11984407   
    284000   503.31795      1357.2395      1860.5575      130.36928      303.75299      0.12036076   
    285000   510.00858      1350.6578      1860.6664      116.09105      302.27999      0.12108124   
    286000   509.47963      1386.4867      1895.9663      76.989761      310.29856      0.12086969   
    287000   518.4377       1416.4995      1934.9372      56.663549      317.01551      0.11915171   
    288000   511.99328      1353.1373      1865.1306      62.147517      302.8349       0.11640706   
    289000   509.29614      1338.1731      1847.4693      111.22525      299.48589      0.11369843   
    290000   542.88773      1340.4988      1883.3865      139.64577      300.00638      0.11089787   
    291000   532.17441      1307.5984      1839.7728      135.03815      292.64321      0.10754673   
    292000   525.11971      1320.7555      1845.8752      101.84871      295.58778      0.10594889   
    293000   496.13423      1306.6588      1802.793       75.451315      292.43292      0.10857055   
    294000   475.23141      1343.9268      1819.1582      69.609915      300.77357      0.11406986   
    295000   503.57896      1332.1994      1835.7784      53.550654      298.14896      0.11711985   
    296000   504.75478      1336.3284      1841.0832      60.898438      299.07304      0.11914898   
    297000   509.80914      1341.8764      1851.6856      77.715816      300.3147       0.12054654   
    298000   488.76928      1340.4396      1829.2089      112.54146      299.99314      0.12192749   
    299000   503.05049      1342.4301      1845.4806      110.02723      300.43861      0.12160958   
    300000   478.8973       1336.6165      1815.5138      77.005158      299.13752      0.11685096   
    301000   482.74616      1325.4945      1808.2406      51.577848      296.64839      0.11345737   
    302000   490.81212      1323.5829      1814.3951      51.16901       296.22058      0.11353457   
    303000   511.71338      1364.5033      1876.2167      66.623844      305.37863      0.11472118   
    304000   513.82614      1333.3588      1847.1849      96.653415      298.40843      0.11623616   
    305000   502.51098      1356.9669      1859.4778      114.47069      303.69197      0.11706608   
    306000   492.97535      1361.9008      1854.8762      119.60435      304.79621      0.11801923   
    307000   493.95449      1352.1017      1846.0562      87.915919      302.60313      0.11970106   
    308000   480.677        1380.4772      1861.1542      90.404823      308.95364      0.12170724   
    309000   491.5982       1354.7047      1846.3029      85.720449      303.1857       0.12504724   
    310000   509.02478      1357.474       1866.4988      95.215745      303.80546      0.1325115    
    311000   468.19142      1362.0635      1830.255       98.646758      304.83262      0.13350108   
    312000   493.54087      1371.2559      1864.7968      104.0834       306.88989      0.12968984   
    313000   514.73114      1338.1497      1852.8809      115.51982      299.48065      0.12510747   
    314000   504.19812      1342.8281      1847.0262      110.86708      300.52769      0.12243252   
    315000   521.62099      1308.8369      1830.4579      89.685277      292.92038      0.1203447    
    316000   475.79383      1317.7527      1793.5465      104.76831      294.91576      0.11872125   
    317000   498.30645      1325.1405      1823.4469      92.120953      296.56915      0.11731869   
    318000   502.5367       1333.6263      1836.163       74.267264      298.46831      0.11671303   
    319000   502.63244      1301.2611      1803.8936      78.63423       291.22491      0.11834069   
    320000   479.69994      1277.429       1757.1289      56.574891      285.89122      0.12252209   
    321000   469.36324      1297.4203      1766.7836      85.685673      290.36533      0.12778402   
    322000   466.93449      1329.3082      1796.2427      118.24327      297.5019       0.1293696    
    323000   489.7997       1332.6392      1822.4389      137.99285      298.2474       0.12737279   
    324000   498.77985      1312.2143      1810.9942      149.50392      293.67626      0.12384584   
    325000   512.22844      1356.9826      1869.2111      116.47173      303.6955       0.12195756   
    326000   507.81651      1348.2389      1856.0554      90.200552      301.73863      0.12149182   
    327000   492.94288      1343.8725      1836.8154      31.533876      300.76143      0.12044306   
    328000   481.14728      1345.1469      1826.2942     -8.8927267      301.04664      0.11910484   
    329000   511.74343      1336.731       1848.4744     -32.114248      299.16313      0.1179525    
    330000   508.15948      1386.3441      1894.5036     -14.14814       310.26666      0.11961682   
    331000   495.70959      1358.6409      1854.3505      84.926179      304.06663      0.12474167   
    332000   500.70541      1370.5689      1871.2743      116.48571      306.73613      0.12751271   
    333000   497.6344       1398.967       1896.6014      183.75537      313.09168      0.12839766   
    334000   511.56665      1361.5513      1873.118       160.26809      304.71798      0.12730386   
    335000   514.5626       1342.0114      1856.574       137.59287      300.3449       0.1230093    
    336000   494.85057      1332.361       1827.2116      127.80676      298.18512      0.11638388   
    337000   508.51275      1286.1963      1794.7091      102.11777      287.85338      0.11374168   
    338000   483.03218      1308.5103      1791.5425      111.83147      292.84729      0.11598483   
    339000   473.58495      1355.5738      1829.1587      105.44874      303.3802       0.11914292   
    340000   478.38992      1365.0328      1843.4227      92.772723      305.49714      0.12148743   
    341000   522.51559      1360.6535      1883.1691      79.866269      304.51705      0.12305119   
    342000   525.69719      1395.2289      1920.926       79.10954       312.25508      0.12491994   
    343000   498.06861      1362.9919      1861.0606      117.3223       305.0404       0.1251027    
    344000   517.83282      1325.1804      1843.0133      99.964614      296.5781       0.12257749   
    345000   491.28168      1312.4599      1803.7416      100.97045      293.73122      0.11747268   
    346000   502.77491      1331.2375      1834.0124      90.185503      297.93368      0.11118971   
    347000   524.3707       1323.8182      1848.1889      84.379988      296.27324      0.11033497   
    348000   512.07812      1339.8043      1851.8825      50.91173       299.85096      0.11367504   
    349000   511.33602      1332.5188      1843.8549      60.528779      298.22045      0.11807436   
    350000   462.23338      1346.8818      1809.1152      103.61451      301.43491      0.12069319   
    351000   493.95844      1284.0753      1778.0338      107.91159      287.3787       0.12278064   
    352000   480.07167      1310.552       1790.6237      127.49222      293.30423      0.12401093   
    353000   487.09842      1303.4686      1790.567       101.19218      291.71894      0.12202763   
    354000   480.56794      1356.5331      1837.1011      89.809795      303.5949       0.11689772   
    355000   523.20621      1328.7284      1851.9347      59.297774      297.37215      0.11340485   
    356000   502.54987      1306.8016      1809.3515      68.776262      292.46488      0.11345935   
    357000   509.61333      1318.7258      1828.3391      90.692879      295.13353      0.11580707   
    358000   490.37235      1300.8477      1791.2201      75.629111      291.13239      0.11879509   
    359000   506.66632      1334.2252      1840.8915      84.387909      298.60234      0.11971072   
    360000   523.36271      1321.8142      1845.1769      65.783649      295.82474      0.11761491   
    361000   519.33723      1336.6428      1855.98        71.390864      299.14339      0.11399901   
    362000   518.22267      1309.6096      1827.8323      86.26746       293.09331      0.11190749   
    363000   507.90767      1330.1554      1838.063       130.11406      297.6915       0.11381473   
    364000   506.59546      1345.3127      1851.9081      131.80411      301.08374      0.11754732   
    365000   490.39002      1365.699       1856.089       131.64591      305.64623      0.12159428   
    366000   495.67419      1367.316       1862.9902      96.865485      306.00814      0.12347694   
    367000   502.28554      1380.4825      1882.768       59.489348      308.95482      0.12296256   
    368000   535.86302      1407.1827      1943.0457      86.74075       314.93037      0.12233865   
    369000   522.34383      1354.2792      1876.6231      122.06315      303.09047      0.12033207   
    370000   505.15394      1356.2968      1861.4507      128.46353      303.542        0.11615415   
    371000   524.59727      1360.8062      1885.4034      110.26402      304.55121      0.11334182   
    372000   499.6817       1365.4914      1865.1731      91.131507      305.59978      0.11279972   
    373000   507.46907      1316.0808      1823.5498      71.604677      294.54158      0.11332183   
    374000   494.97148      1324.6945      1819.666       44.218148      296.46936      0.11415091   
    375000   514.77459      1321.2888      1836.0634      28.073126      295.70714      0.11476738   
    376000   508.17224      1332.1308      1840.3031      55.244518      298.13361      0.11614613   
    377000   532.56016      1326.9098      1859.47        98.216607      296.96514      0.11576292   
    378000   492.87629      1326.2748      1819.1511      138.13406      296.82302      0.11504893   
    379000   499.09112      1341.304       1840.3951      174.61097      300.18659      0.11624769   
    380000   484.15414      1328.7312      1812.8854      149.50223      297.37278      0.11701854   
    381000   495.34051      1319.2762      1814.6167      103.21289      295.25673      0.11786082   
    382000   482.70939      1301.6511      1784.3605      58.364249      291.3122       0.11796604   
    383000   506.32453      1330.8196      1837.1441      40.320565      297.84015      0.1171677    
    384000   546.45594      1319.989       1866.445       43.496946      295.41626      0.11563376   
    385000   526.03805      1312.4818      1838.5198      57.357755      293.73612      0.11256911   
    386000   517.84003      1329.5601      1847.4002      79.074309      297.55829      0.11012901   
    387000   513.10022      1372.8488      1885.949       69.708825      307.24638      0.11030567   
    388000   522.7716       1377.2543      1900.0259      93.363086      308.23233      0.11691705   
    389000   491.68754      1360.6424      1852.3299      93.342656      304.51455      0.12380597   
    390000   507.03314      1355.3686      1862.4018      115.28653      303.33428      0.12462349   
    391000   523.60425      1323.6828      1847.2871      137.07998      296.24293      0.12306668   
    392000   502.37592      1341.033       1843.4089      103.84979      300.12593      0.11886712   
    393000   520.2022       1307.8748      1828.077       71.782823      292.70507      0.1161678    
    394000   493.54781      1348.6351      1842.1829      49.206737      301.82731      0.11571973   
    395000   532.76649      1382.8213      1915.5878      40.054425      309.47824      0.11744446   
    396000   524.86792      1329.2621      1854.13        57.141298      297.49158      0.11951361   
    397000   504.01268      1364.7554      1868.768       84.195204      305.43505      0.12197798   
    398000   517.70249      1326.5403      1844.2428      95.289489      296.88243      0.12302773   
    399000   501.26314      1335.3386      1836.6018      102.89626      298.85153      0.12224448   
    400000   517.02652      1366.264       1883.2905      100.19043      305.77268      0.12073962   
    401000   506.01656      1361.4157      1867.4322      85.601133      304.68763      0.1191872    
    402000   518.04835      1349.3263      1867.3746      69.093365      301.98199      0.11839139   
    403000   530.66042      1357.2458      1887.9062      77.881029      303.75439      0.11895086   
    404000   499.70648      1384.528       1884.2345      111.59092      309.86021      0.12019091   
    405000   513.318        1412.1937      1925.5117      163.93747      316.05185      0.12131328   
    406000   492.01475      1353.8577      1845.8724      180.1012       302.99613      0.12030431   
    407000   512.16617      1328.3479      1840.514       176.84342      297.28698      0.11889509   
    408000   462.804        1350.1113      1812.9153      178.2867       302.15769      0.11796237   
    409000   498.44632      1339.2708      1837.7171      116.55554      299.73156      0.11670864   
    410000   497.59396      1297.5078      1795.1018      53.409998      290.38491      0.11340447   
    411000   500.91861      1278.2482      1779.1668      5.7661978      286.07457      0.10998884   
    412000   510.10227      1323.3238      1833.426      -8.6901943      296.16258      0.11100867   
    413000   483.98974      1346.9686      1830.9584      22.3021        301.45434      0.11620435   
    414000   510.68373      1349.5612      1860.245       47.207214      302.03458      0.1190167    
    415000   512.17324      1338.1873      1850.3606      64.494358      299.48907      0.11937023   
    416000   518.79015      1358.2122      1877.0023      82.885274      303.97067      0.11959872   
    417000   515.39879      1346.7874      1862.1862      54.564838      301.41378      0.11938665   
    418000   502.04248      1346.1381      1848.1806      75.609668      301.26847      0.11925463   
    419000   481.6696       1386.692       1868.3616      85.20569       310.34452      0.11796221   
    420000   490.33104      1359.9048      1850.2359      107.08523      304.34949      0.11882051   
    421000   483.93345      1332.6828      1816.6163      105.14994      298.25715      0.12030408   
    422000   523.4488       1386.201       1909.6498      141.25806      310.23462      0.12299395   
    423000   502.73894      1379.4243      1882.1632      96.449392      308.71798      0.12336979   
    424000   497.65809      1360.2737      1857.9318      67.692472      304.43204      0.12223717   
    425000   502.91632      1373.6945      1876.6108      69.182376      307.43565      0.12006739   
    426000   501.35241      1367.0549      1868.4073      67.498972      305.94969      0.11686175   
    427000   509.30589      1370.1831      1879.489       69.661523      306.64978      0.11447843   
    428000   519.28104      1308.5188      1827.7998      113.21117      292.84918      0.11242909   
    429000   511.17983      1324.0109      1835.1907      154.5843       296.31635      0.11099129   
    430000   510.3255       1327.5042      1837.8297      180.11304      297.09816      0.10974739   
    431000   510.91635      1311.8024      1822.7187      176.06195      293.58406      0.10998133   
    432000   509.12726      1313.8616      1822.9888      148.75548      294.04491      0.11409065   
    433000   466.96699      1318.5251      1785.4921      116.30058      295.08862      0.12032067   
    434000   488.4816       1288.4384      1776.92        81.118172      288.35515      0.1226537    
    435000   501.11339      1325.3242      1826.4376      84.127415      296.61029      0.12126106   
    436000   497.4976       1343.324       1840.8216      90.120727      300.63867      0.11714641   
    437000   516.496        1346.1427      1862.6387      111.99416      301.26949      0.11409143   
    438000   513.6392       1337.0827      1850.7219      132.13233      299.24185      0.11403319   
    439000   512.34784      1341.9694      1854.3172      174.39417      300.3355       0.11504097   
    440000   523.88458      1387.7614      1911.646       147.4283       310.58386      0.11513698   
    441000   526.04183      1358.9082      1884.95        83.844192      304.12644      0.11536591   
    442000   531.04324      1356.5741      1887.6174      64.185538      303.60408      0.11746821   
    443000   490.70219      1371.7713      1862.4735      71.771398      307.00523      0.12358278   
    444000   488.92418      1344.7061      1833.6303      69.1014        300.94798      0.1275442    
    445000   521.55074      1342.9549      1864.5057      81.912254      300.55607      0.12759287   
    446000   490.07862      1367.7584      1857.837       150.97421      306.10713      0.12524733   
    447000   516.80568      1371.0984      1887.9041      157.81168      306.85464      0.12320707   
    448000   520.97187      1381.1621      1902.134       170.91847      309.10692      0.12256534   
    449000   486.48959      1378.3878      1864.8774      194.08887      308.48602      0.12258319   
    450000   490.05428      1372.0263      1862.0805      176.70391      307.0623       0.12192404   
    451000   495.46272      1348.4194      1843.8821      162.40951      301.77903      0.1209078    
    452000   498.56779      1340.1306      1838.6984      135.39499      299.92398      0.11939241   
    453000   517.46673      1348.942       1866.4087      106.39021      301.89599      0.11677632   
    454000   530.32733      1332.0794      1862.4067      46.763331      298.1221       0.11296917   
    455000   524.39468      1340.2568      1864.6515      45.52321       299.95222      0.10958737   
    456000   516.00716      1318.0749      1834.0821      61.482179      294.98787      0.10799126   
    457000   499.69197      1285.1084      1784.8004      88.387029      287.6099       0.11002745   
    458000   507.23081      1285.6345      1792.8653      127.87005      287.72764      0.11551188   
    459000   489.32157      1323.7643      1813.0859      122.05886      296.26117      0.11931898   
    460000   504.72163      1315.766       1820.4876      102.4514       294.47113      0.12156681   
    461000   499.8752       1325.0701      1824.9453      45.406194      296.55341      0.12235174   
    462000   503.65607      1290.906       1794.562       27.377036      288.9074       0.121934     
    463000   490.4884       1261.3472      1751.8356      59.373823      282.2921       0.11968234   
    464000   494.71124      1312.8745      1807.5857      113.69895      293.824        0.11589216   
    465000   500.60424      1332.8875      1833.4917      151.33189      298.30295      0.11275418   
    466000   503.15812      1306.6601      1809.8182      172.09434      292.43322      0.11301609   
    467000   505.05738      1314.2409      1819.2983      140.87388      294.12982      0.11676191   
    468000   479.25923      1306.3021      1785.5613      113.14216      292.35309      0.12349517   
    469000   501.50689      1313.8766      1815.3835      70.016595      294.04827      0.12632717   
    470000   497.27516      1334.8396      1832.1148      57.923906      298.73984      0.12538624   
    471000   476.20134      1314.2153      1790.4167      55.00176       294.12408      0.12097784   
    472000   519.08655      1307.6274      1826.7139      107.4096       292.64969      0.11655068   
    473000   501.02253      1339.5059      1840.5284      121.24278      299.78417      0.11360599   
    474000   516.47608      1319.9131      1836.3892      108.54257      295.39927      0.11167295   
    475000   533.4728       1307.046       1840.5188      83.828193      292.51957      0.10912314   
    476000   496.12701      1326.5537      1822.6807      63.628095      296.88543      0.10875672   
    477000   517.82167      1331.1273      1848.9489      62.528153      297.90901      0.11162161   
    478000   522.02735      1326.4539      1848.4812      85.817009      296.8631       0.11562879   
    479000   508.15749      1347.2382      1855.3956      110.93812      301.51466      0.11891992   
    480000   475.29352      1360.3637      1835.6572      111.0405       304.45219      0.1191023    
    481000   510.58354      1312.0194      1822.603       61.347558      293.63264      0.1182226    
    482000   492.80727      1330.0025      1822.8098      34.152712      297.65729      0.11881895   
    483000   475.57588      1341.0462      1816.6221      30.387675      300.12889      0.12017345   
    484000   490.92922      1324.7815      1815.7108      55.581237      296.48883      0.1204868    
    485000   474.66767      1274.4853      1749.1529      119.9892       285.23242      0.11897968   
    486000   486.8247       1305.5016      1792.3263      157.94036      292.17394      0.11676648   
    487000   500.87354      1317.1917      1818.0652      179.22982      294.7902       0.11536357   
    488000   500.33336      1339.1641      1839.4974      149.80039      299.70766      0.11313273   
    489000   500.27619      1332.0898      1832.366       112.26365      298.12444      0.11091865   
    490000   504.20166      1317.4481      1821.6498      61.785345      294.84759      0.10964157   
    491000   506.20106      1335.9666      1842.1677      35.079711      298.99207      0.11202616   
    492000   514.87019      1337.4901      1852.3603      61.254401      299.33304      0.11706421   
    493000   497.66631      1349.4886      1847.1549      91.016824      302.01833      0.11993304   
    494000   518.18031      1331.1097      1849.29        75.52606       297.90507      0.12034885   
    495000   512.52193      1339.4529      1851.9749      108.64463      299.77231      0.12108867   
    496000   516.38485      1338.2027      1854.5876      130.72404      299.49251      0.12116355   
    497000   507.72116      1332.2057      1839.9269      131.00835      298.15038      0.12065327   
    498000   493.44642      1307.3589      1800.8053      154.62931      292.58961      0.11797818   
    499000   512.41072      1362.333       1874.7437      146.55029      304.89292      0.11321792   
    500000   508.5488       1386.0197      1894.5685      136.56374      310.19406      0.11040905   
    501000   501.26807      1382.0865      1883.3545      97.738197      309.31379      0.11084126   
    502000   518.48122      1366.347       1884.8282      63.541149      305.79127      0.11352983   
    503000   543.17726      1354.7079      1897.8852      72.714832      303.18641      0.11800654   
    504000   525.78106      1322.1657      1847.9467      65.446842      295.90339      0.12146671   
    505000   491.31744      1354.8128      1846.1303      52.511483      303.20989      0.12260781   
    506000   486.64603      1312.4322      1799.0782      67.798373      293.72501      0.1226168    
    507000   510.73001      1333.4695      1844.1995      75.610219      298.43321      0.12177511   
    508000   526.38221      1307.6113      1833.9935      77.110133      292.6461       0.11882049   
    509000   516.167        1312.5923      1828.7593      98.712672      293.76084      0.11418742   
    510000   513.6924       1290.8498      1804.5422      138.83749      288.89483      0.11022412   
    511000   505.54714      1306.7514      1812.2985      135.29082      292.45364      0.11000223   
    512000   499.85024      1317.908       1817.7582      128.15334      294.95051      0.11150343   
    513000   490.7277       1321.4591      1812.1867      89.478917      295.74525      0.11445929   
    514000   503.99405      1329.581       1833.575       71.641208      297.56295      0.11730769   
    515000   517.03216      1335.048       1852.0801      60.779459      298.78648      0.11820028   
    516000   493.36121      1387.0928      1880.454       93.09427       310.43422      0.11837131   
    517000   489.47358      1369.4992      1858.9728      91.19456       306.49674      0.11793224   
    518000   527.38262      1340.1727      1867.5553      97.519638      299.9334       0.11692211   
    519000   488.62389      1360.183       1848.8068      129.01184      304.41174      0.11577812   
    520000   510.67209      1309.0167      1819.6888      111.64471      292.96062      0.11195304   
    521000   534.21829      1326.675       1860.8933      103.48512      296.91258      0.10861826   
    522000   532.59479      1333.1424      1865.7372      128.99189      298.36001      0.10905416   
    523000   530.04882      1311.2232      1841.272       117.50377      293.45445      0.11211213   
    524000   509.23101      1321.4116      1830.6426      125.98494      295.73464      0.11658322   
    525000   486.5651       1319.1216      1805.6867      123.98556      295.22212      0.12035702   
    526000   492.83492      1338.911       1831.7459      118.64232      299.65104      0.12132033   
    527000   516.96453      1337.0362      1854.0008      88.150876      299.23145      0.12077671   
    528000   533.45271      1325.2651      1858.7178      50.580859      296.59705      0.11959782   
    529000   495.99017      1373.2373      1869.2275      78.82639       307.33333      0.12007991   
    530000   518.10668      1356.9433      1875.05        90.509959      303.68669      0.12151911   
    531000   496.65287      1368.6251      1865.278       148.35665      306.30112      0.12418397   
    532000   482.89694      1377.0158      1859.9127      169.65389      308.17896      0.1268745    
    533000   506.82215      1339.3397      1846.1618      143.51519      299.74697      0.12515942   
    534000   491.25373      1302.2401      1793.4939      99.938978      291.44402      0.11996359   
    535000   491.99364      1303.6876      1795.6813      44.206572      291.76797      0.11604892   
    536000   497.05846      1327.1345      1824.193       30.415423      297.01543      0.11496111   
    537000   508.70438      1349.7299      1858.4342      21.435147      302.07231      0.11429509   
    538000   505.16224      1409.0284      1914.1907      61.068794      315.34346      0.11485032   
    539000   515.04662      1402.575       1917.6216      94.497848      313.89917      0.1164131    
    540000   509.87223      1354.4254      1864.2976      102.36746      303.12318      0.1175802    
    541000   519.17114      1333.569       1852.7402      100.71119      298.45549      0.11960597   
    542000   503.69854      1387.5733      1891.2718      100.95785      310.54175      0.1239661    
    543000   479.09626      1378.7888      1857.8851      77.560603      308.57577      0.12832385   
    544000   496.47559      1337.338       1833.8136      40.812519      299.29899      0.12855275   
    545000   500.1247       1348.4266      1848.5513      64.678805      301.78063      0.12477768   
    546000   475.69371      1346.0566      1821.7504      82.05633       301.25024      0.11996191   
    547000   535.13645      1327.0267      1862.1632      93.126998      296.9913       0.11802498   
    548000   508.77359      1323.0383      1831.8119      104.25472      296.09869      0.11655536   
    549000   495.03917      1318.3848      1813.424       93.125667      295.05723      0.11516799   
    550000   513.21709      1330.2486      1843.4656      79.031539      297.71236      0.11508086   
    551000   509.45334      1326.1226      1835.576       83.641068      296.78896      0.11609522   
    552000   481.53231      1325.9279      1807.4602      110.14725      296.74539      0.11788573   
    553000   491.71352      1326.9056      1818.6191      105.19213      296.9642       0.12090517   
    554000   478.77136      1332.2652      1811.0365      129.11569      298.16368      0.12323123   
    555000   490.64782      1270.1761      1760.8239      130.10336      284.26802      0.12413279   
    556000   491.72001      1304.1317      1795.8517      120.73015      291.86734      0.12239167   
    557000   530.02232      1342.5874      1872.6098      95.098745      300.47382      0.11532138   
    558000   529.00849      1358.7759      1887.7844      103.89589      304.09683      0.11196914   
    559000   521.70917      1367.9769      1889.686       79.996807      306.15603      0.1128751    
    560000   530.78099      1355.6205      1886.4015      57.529956      303.39065      0.11655849   
    561000   526.96304      1343.3328      1870.2959      46.485369      300.64065      0.11986736   
    562000   501.00088      1277.0733      1778.0742      61.713723      285.81163      0.12153227   
    563000   502.49535      1297.5704      1800.0658      59.032803      290.39892      0.12134938   
    564000   517.53241      1308.2991      1825.8315      81.723124      292.80002      0.11942595   
    565000   498.85803      1312.96        1811.818       125.81038      293.84314      0.11687902   
    566000   509.9743       1334.8031      1844.7774      118.51492      298.73168      0.11370648   
    567000   517.99981      1306.5832      1824.583       109.09194      292.41601      0.11194848   
    568000   519.67595      1338.5089      1858.1849      81.443711      299.56104      0.11057281   
    569000   520.53304      1343.7519      1864.285       75.63834       300.73444      0.11139413   
    570000   512.18965      1374.8427      1887.0324      76.854138      307.69262      0.11627862   
    571000   501.91752      1377.167       1879.0845      86.533749      308.21279      0.12118295   
    572000   498.21434      1303.5104      1801.7247      72.298967      291.7283       0.1232181    
    573000   482.98068      1337.356       1820.3367      89.527489      299.30302      0.12533176   
    574000   486.43317      1345.9331      1832.3663      131.18519      301.22259      0.12785575   
    575000   493.54072      1315.2777      1808.8185      123.36471      294.36186      0.12812852   
    576000   502.53201      1267.0728      1769.6048      117.04735      283.57348      0.1260411    
    577000   501.95049      1301.1354      1803.0859      146.71846      291.19676      0.12288966   
    578000   479.83724      1359.8747      1839.7119      148.46149      304.34274      0.11873436   
    579000   525.71976      1360.7531      1886.4728      120.20017      304.53933      0.11466236   
    580000   515.42245      1371.0673      1886.4897      79.222546      306.84767      0.11297647   
    581000   516.59291      1357.6271      1874.22        53.986251      303.83973      0.11511062   
    582000   514.83027      1342.9541      1857.7843      46.821645      300.55588      0.12070824   
    583000   524.94355      1288.3777      1813.3212      63.468247      288.34156      0.1248066    
    584000   493.18763      1326.1548      1819.3425      106.49429      296.79618      0.12466649   
    585000   508.34351      1315.4266      1823.7701      140.55116      294.39517      0.12192341   
    586000   478.30763      1297.5595      1775.8672      127.27064      290.39649      0.11932652   
    587000   483.71994      1308.0313      1791.7512      119.68203      292.74009      0.11821225   
    588000   521.31128      1317.5052      1838.8164      90.733363      294.86036      0.11753835   
    589000   487.90542      1342.2801      1830.1855      107.79981      300.40504      0.11806041   
    590000   490.93256      1340.3006      1831.2332      133.29278      299.96203      0.11889154   
    591000   517.35557      1298.2914      1815.6469      162.40241      290.56027      0.11939772   
    592000   508.63442      1334.8219      1843.4564      158.81645      298.73589      0.12036979   
    593000   476.09008      1333.6941      1809.7842      115.03662      298.48349      0.12210727   
    594000   521.40407      1295.0554      1816.4594      73.639891      289.83605      0.12347806   
    595000   500.16631      1323.9304      1824.0967      54.797236      296.29833      0.12112679   
    596000   494.47035      1383.4212      1877.8915      55.043724      309.6125       0.11629449   
    597000   520.47197      1346.7452      1867.2171      65.212389      301.40433      0.11287674   
    598000   536.13151      1363.4086      1899.5401      109.59005      305.13365      0.11269175   
    599000   522.13207      1346.2175      1868.3496      135.83076      301.28625      0.11490802   
    600000   476.37448      1381.9748      1858.3493      140.00768      309.2888       0.11837312   
    601000   527.73081      1368.6949      1896.4257      106.97683      306.31672      0.12102899   
    602000   486.45062      1371.017       1857.4676      109.64453      306.83642      0.12021405   
    603000   513.76224      1358.5129      1872.2751      79.774061      304.03797      0.11760511   
    604000   507.09557      1335.1885      1842.284       79.320126      298.81792      0.11559392   
    605000   511.74078      1330.4512      1842.192       82.354979      297.75771      0.1153039    
    606000   519.86603      1340.4902      1860.3562      103.4581       300.00446      0.11720764   
    607000   494.1076       1352.1056      1846.2132      126.67663      302.60402      0.11894039   
    608000   490.28132      1316.6426      1806.924       109.91728      294.66732      0.11932796   
    609000   490.47001      1329.6878      1820.1578      88.96975       297.58685      0.12037888   
    610000   503.11577      1307.7668      1810.8826      47.367374      292.6809       0.12100037   
    611000   488.97816      1369.7161      1858.6943      46.043019      306.54528      0.1215004    
    612000   516.50673      1359.7973      1876.304       88.171624      304.32543      0.12126751   
    613000   506.28544      1369.7679      1876.0533      68.299208      306.55686      0.11741879   
    614000   519.21556      1349.6843      1868.8999      99.746746      302.06212      0.11516959   
    615000   521.83698      1365.4211      1887.258       99.885105      305.58404      0.1157482    
    616000   528.28766      1378.8886      1907.1762      116.1085       308.59809      0.11946051   
    617000   519.28254      1331.6441      1850.9266      102.57215      298.02468      0.12267535   
    618000   504.56086      1347.1966      1851.7575      126.9289       301.50537      0.12540533   
    619000   525.50993      1316.6176      1842.1276      123.66073      294.66173      0.12683064   
    620000   491.35798      1318.129       1809.487       127.77203      294.99998      0.12689931   
    621000   491.57346      1309.3807      1800.9541      94.060273      293.04208      0.12404013   
    622000   525.59169      1284.1485      1809.7402      65.044362      287.39508      0.11858321   
    623000   518.64466      1308.2678      1826.9125      72.21436       292.79302      0.1140395    
    624000   514.74617      1335.101       1849.8472      100.69091      298.79834      0.11217012   
    625000   548.93118      1311.7022      1860.6333      135.91809      293.56164      0.11300831   
    626000   515.878        1348.4732      1864.3512      132.06355      301.79107      0.11449876   
    627000   486.96896      1302.5396      1789.5086      124.1573       291.51104      0.11790526   
    628000   528.27781      1322.5809      1850.8587      81.051888      295.99632      0.12042399   
    629000   503.10494      1355.1472      1858.2522      39.918893      303.28473      0.12060156   
    630000   516.43607      1358.1094      1874.5455      40.682827      303.94767      0.12012267   
    631000   513.12412      1321.2471      1834.3712      94.739561      295.69781      0.12033358   
    632000   500.94571      1381.9919      1882.9376      131.72612      309.29263      0.12033684   
    633000   491.85006      1415.5249      1907.375       144.57757      316.79738      0.11942793   
    634000   551.34586      1333.0908      1884.4367      111.90152      298.34847      0.11842406   
    635000   516.41095      1345.2387      1861.6497      136.36584      301.06718      0.11862322   
    636000   490.08273      1380.0855      1870.1683      147.42272      308.86598      0.12115317   
    637000   487.88031      1360.8686      1848.7489      131.27834      304.56518      0.12597791   
    638000   501.06111      1365.862       1866.9231      95.976086      305.68272      0.1294235    
    639000   517.60349      1341.777       1859.3805      56.487549      300.29245      0.12935268   
    640000   488.98866      1365.2935      1854.2821      59.59327       305.55548      0.12610222   
    641000   519.46879      1361.9716      1881.4404      58.773354      304.81204      0.12117006   
    642000   514.35411      1341.5655      1855.9197      76.397034      300.24512      0.1191837    
    643000   516.29843      1385.5013      1901.7997      92.082859      310.07804      0.11882149   
    644000   531.60429      1335.1364      1866.7407      147.23389      298.80626      0.11949059   
    645000   499.40458      1352.3355      1851.7401      163.41989      302.65546      0.11994688   
    646000   500.81575      1331.1553      1831.9711      134.30438      297.91529      0.12097837   
    647000   486.34066      1322.9424      1809.283       97.064718      296.07722      0.12258688   
    648000   486.94432      1293.3601      1780.3044      50.757751      289.45665      0.12325272   
    649000   485.05424      1341.3134      1826.3676      1.5168675      300.18869      0.12123033   
    650000   501.12473      1286.6031      1787.7278     -26.810117      287.94441      0.11832674   
    651000   505.25747      1326.4103      1831.6677      43.16025       296.85334      0.11745481   
    652000   482.45644      1349.8471      1832.3035      149.44195      302.09855      0.11872572   
    653000   496.48941      1356.5892      1853.0786      204.30113      303.60744      0.1214075    
    654000   514.20812      1340.3412      1854.5493      215.30995      299.97111      0.12300514   
    655000   527.29571      1350.3892      1877.6849      183.62152      302.21986      0.12357869   
    656000   519.42898      1387.9605      1907.3895      112.92905      310.62841      0.12318261   
    657000   521.84097      1386.9671      1908.808       44.952229      310.40608      0.12009311   
    658000   513.03704      1354.4605      1867.4975      65.546415      303.13103      0.11626894   
    659000   521.9486       1328.3361      1850.2847      109.30763      297.28435      0.11528215   
    660000   509.25592      1319.9874      1829.2433      106.97722      295.41588      0.11575408   
    661000   488.72723      1301.4297      1790.1569      158.74593      291.26264      0.1183551    
    662000   500.40702      1319.788       1820.1951      159.69273      295.37127      0.12208029   
    663000   510.63387      1303.3731      1814.007       138.39804      291.69758      0.12601974   
    664000   484.36171      1310.3838      1794.7455      144.37596      293.26658      0.12841644   
    665000   449.55432      1311.7245      1761.2789      113.94065      293.56665      0.12772502   
    666000   501.42706      1279.9822      1781.4092      105.09065      286.46263      0.12741746   
    667000   524.0973       1325.8498      1849.9471      105.36477      296.72791      0.127438     
    668000   481.01472      1332.3745      1813.3893      96.548228      298.18816      0.12681742   
    669000   510.34795      1337.4318      1847.7798      104.63351      299.31998      0.12622414   
    670000   505.79447      1327.5175      1833.312       174.18453      297.10114      0.1259033    
    671000   487.1207       1341.8801      1829.0008      194.26042      300.31553      0.12484983   
    672000   531.58814      1370.7249      1902.313       179.41201      306.77105      0.12272811   
    673000   503.2595       1356.06        1859.3195      168.7033       303.48902      0.12020566   
    674000   503.41138      1356.9706      1860.382       142.32025      303.69281      0.1189393    
    675000   493.90284      1385.466       1879.3689      112.93088      310.07014      0.12098501   
    676000   510.25396      1360.7364      1870.9903      117.12346      304.53559      0.12544132   
    677000   494.82518      1361.9616      1856.7868      111.35535      304.80981      0.12745252   
    678000   523.95357      1338.7586      1862.7121      120.9012       299.61691      0.12706538   
    679000   514.75354      1346.3474      1861.1009      95.182374      301.31531      0.12289516   
    680000   508.16731      1374.0323      1882.1996      87.619758      307.51125      0.11788386   
    681000   506.40425      1348.9226      1855.3269      56.729179      301.89165      0.11588487   
    682000   544.27575      1366.3195      1910.5953      34.20709       305.78512      0.11710842   
    683000   515.30069      1379.2737      1894.5743      82.284867      308.68428      0.11950986   
    684000   494.38725      1366.6084      1860.9957      139.51711      305.84977      0.12238974   
    685000   522.00271      1343.706       1865.7087      164.77083      300.72416      0.12495387   
    686000   493.73895      1332.8052      1826.5441      124.75904      298.28453      0.12596668   
    687000   502.04512      1345.342       1847.3871      114.3154       301.0903       0.12668866   
    688000   519.68973      1375.737       1895.4268      65.182831      307.89277      0.12388931   
    689000   526.72131      1331.9474      1858.6688      52.563067      298.09257      0.12048524   
    690000   502.50517      1354.5435      1857.0487      52.279735      303.14961      0.11904407   
    691000   503.22953      1355.5595      1858.7891      99.092114      303.37701      0.11912778   
    692000   517.11768      1338.9338      1856.0515      144.01009      299.65613      0.12004955   
    693000   518.81196      1361.0094      1879.8213      130.82914      304.59669      0.12095973   
    694000   515.46236      1368.4842      1883.9466      112.6279       306.26958      0.12277167   
    695000   510.06995      1335.9405      1846.0104      104.97616      298.98622      0.12346552   
    696000   524.37278      1340.7233      1865.096       119.96518      300.05662      0.12239076   
    697000   487.1115       1353.6538      1840.7653      130.77502      302.95049      0.11916585   
    698000   503.60878      1328.8878      1832.4966      96.910886      297.40782      0.11326983   
    699000   505.87911      1343.3474      1849.2266      72.921964      300.64392      0.11042365   
    700000   484.21502      1358.2531      1842.4682      68.019563      303.97984      0.11171214   
    701000   503.79363      1327.1308      1830.9244      63.518967      297.01459      0.11444282   
    702000   477.24731      1290.09        1767.3373      78.078482      288.72479      0.11740694   
    703000   468.83393      1337.9673      1806.8012      88.906336      299.43982      0.11892239   
    704000   505.85897      1309.8189      1815.6779      107.7949       293.14016      0.11815478   
    705000   515.69028      1276.7708      1792.461       49.806996      285.74392      0.1152065    
    706000   490.22473      1313.3695      1803.5942      63.439946      293.93478      0.11472308   
    707000   523.06806      1320.4914      1843.5595      47.774521      295.52869      0.11530793   
    708000   505.50434      1318.8406      1824.345       72.168713      295.15924      0.11743467   
    709000   506.67271      1328.0213      1834.6941      104.34507      297.2139       0.12040074   
    710000   518.70627      1324.4083      1843.1145      159.53694      296.40529      0.12375593   
    711000   479.56362      1344.1287      1823.6923      166.90197      300.81876      0.12383032   
    712000   514.349        1392.0338      1906.3828      148.10618      311.54002      0.1202116    
    713000   512.64017      1370.5689      1883.2091      123.61325      306.73614      0.11526209   
    714000   499.74258      1400.7975      1900.54        106.34707      313.50135      0.11406802   
    715000   500.74127      1377.4127      1878.154       56.5272        308.2678       0.11401469   
    716000   526.06133      1356.243       1882.3043      33.397494      303.52996      0.11620394   
    717000   518.17131      1375.3957      1893.567       68.346531      307.81638      0.11973743   
    718000   514.85825      1364.1539      1879.0122      105.64335      305.30045      0.1204656    
    719000   518.99152      1345.0964      1864.0879      120.36912      301.03533      0.12021847   
    720000   521.48183      1336.7058      1858.1876      119.24145      299.15749      0.11944475   
    721000   507.93364      1362.7997      1870.7334      133.23618      304.99738      0.11854128   
    722000   504.73826      1346.5888      1851.3271      130.57785      301.36935      0.11758586   
    723000   512.52346      1314.1039      1826.6274      96.347123      294.09916      0.11655873   
    724000   488.87551      1301.2014      1790.0769      103.99373      291.21155      0.11704686   
    725000   507.09374      1283.4114      1790.5052      154.01901      287.23011      0.12063005   
    726000   521.5916       1302.118       1823.7096      144.5517       291.41667      0.12447666   
    727000   497.5214       1307.4574      1804.9788      156.57306      292.61166      0.12613369   
    728000   491.88662      1341.7556      1833.6422      152.69185      300.28766      0.12512269   
    729000   493.39348      1322.2094      1815.6029      104.84511      295.91317      0.120191     
    730000   533.74236      1319.3156      1853.058       70.908688      295.26555      0.11646968   
    731000   488.16543      1364.9815      1853.1469      42.751865      305.48566      0.11473789   
    732000   514.12466      1370.8781      1885.0027      24.431538      306.80532      0.1150097    
    733000   521.47306      1332.5332      1854.0063      31.791846      298.22367      0.11506961   
    734000   522.69156      1327.9459      1850.6375      59.051064      297.19702      0.11393811   
    735000   508.92485      1350.253       1859.1779      103.48379      302.18939      0.11233297   
    736000   500.29722      1343.2356      1843.5328      104.30286      300.61888      0.11120482   
    737000   498.54952      1345.3601      1843.9097      112.6673       301.09436      0.11318604   
    738000   489.62325      1347.2815      1836.9048      129.84739      301.52438      0.12127568   
    739000   489.60402      1354.159       1843.7631      161.93382      303.06357      0.12409597   
    740000   507.72826      1290.5801      1798.3084      191.59075      288.83448      0.12267432   
    741000   469.03705      1314.536       1783.573       195.28572      294.19585      0.11920905   
    742000   516.34564      1357.3963      1873.742       170.53638      303.78809      0.11433998   
    743000   512.81001      1358.9272      1871.7372      113.5103       304.1307       0.11042564   
    744000   523.53746      1331.1979      1854.7353      52.678799      297.92482      0.10999046   
    745000   526.84359      1334.8733      1861.7169      12.415684      298.74738      0.11076996   
    746000   502.81192      1349.0541      1851.866       10.294838      301.92107      0.11204997   
    747000   522.44579      1333.4695      1855.9152      22.22293       298.4332       0.11307936   
    748000   497.06301      1347.8248      1844.8878      71.54791       301.64595      0.11528579   
    749000   513.53108      1326.7301      1840.2612      109.06034      296.92492      0.11942082   
    750000   471.58909      1333.8309      1805.42        162.26667      298.5141       0.12268046   
    751000   497.34592      1351.4117      1848.7577      148.41667      302.44872      0.12252263   
    752000   519.992        1371.9312      1891.9232      118.2471       307.04102      0.11766093   
    753000   523.67193      1374.2797      1897.9516      129.30637      307.56661      0.11218141   
    754000   550.23568      1382.5742      1932.8099      116.34906      309.42294      0.10954535   
    755000   549.08841      1356.9983      1906.0867      124.96013      303.69899      0.11027193   
    756000   523.57032      1358.8875      1882.4578      129.49983      304.12182      0.11324583   
    757000   529.84128      1313.4304      1843.2717      110.44852      293.94842      0.11644965   
    758000   481.55399      1324.802       1806.356       48.656645      296.4934       0.11886356   
    759000   500.56454      1339.7222      1840.2868      53.887717      299.83258      0.11971783   
    760000   489.46826      1330.906       1820.3743      67.135236      297.8595       0.11866808   
    761000   530.26476      1312.5528      1842.8175      95.140559      293.752        0.11758335   
    762000   513.65569      1342.2675      1855.9232      122.02789      300.40222      0.1158767    
    763000   546.90131      1364.0397      1910.9411      104.78348      305.27489      0.11337525   
    764000   520.54803      1359.6129      1880.1609      85.32681       304.28416      0.11076413   
    765000   516.40905      1354.0599      1870.469       65.628515      303.04139      0.10998628   
    766000   525.72112      1378.3737      1904.0948      74.235981      308.48286      0.11304493   
    767000   531.59485      1344.7397      1876.3345      82.834115      300.9555       0.11725835   
    768000   506.00883      1360.9658      1866.9746      132.20006      304.58693      0.12002293   
    769000   496.77219      1360.5895      1857.3617      154.064        304.50272      0.12148756   
    770000   533.92601      1336.4512      1870.3772      139.99175      299.10052      0.12074645   
    771000   494.97559      1356.7469      1851.7225      126.58825      303.64275      0.11826533   
    772000   519.70419      1361.9037      1881.6079      135.65032      304.79684      0.11715461   
    773000   510.98077      1359.668       1870.6487      81.7338        304.29648      0.11635614   
    774000   499.65681      1368.9107      1868.5675      31.817256      306.36503      0.11637801   
    775000   538.03468      1329.457       1867.4917      15.373945      297.53521      0.11695994   
    776000   505.63218      1351.8168      1857.4489      12.196301      302.53937      0.1181593    
    777000   534.97517      1334.388       1869.3632      56.545208      298.63878      0.12018931   
    778000   507.57089      1330.1142      1837.6851      118.6791       297.68228      0.12188753   
    779000   505.24103      1327.2151      1832.4561      189.7958       297.03346      0.12294847   
    780000   490.54963      1321.7363      1812.286       171.13361      295.8073       0.12348496   
    781000   516.71921      1282.5559      1799.2751      127.74237      287.03863      0.1239353    
    782000   505.95435      1295.2722      1801.2265      64.511366      289.88457      0.12431724   
    783000   505.71229      1313.62        1819.3323      43.237199      293.99086      0.1251267    
    784000   511.20532      1320.2525      1831.4579      41.355441      295.47523      0.12441144   
    785000   478.85422      1344.1952      1823.0494      83.837137      300.83364      0.12208102   
    786000   479.46633      1322.137       1801.6033      88.824358      295.89696      0.12020938   
    787000   490.233        1345.5578      1835.7908      45.853779      301.1386       0.11946918   
    788000   474.24957      1325.2985      1799.548       33.049625      296.60452      0.12005856   
    789000   507.24031      1332.7814      1840.0217      60.301708      298.27921      0.12284703   
    790000   509.28086      1334.3697      1843.6506      105.97205      298.63468      0.12689503   
    791000   488.32384      1356.456       1844.7798      131.53279      303.57764      0.12879037   
    792000   501.0105       1338.1986      1839.2091      126.47375      299.49159      0.12825144   
    793000   488.55888      1365.1124      1853.6713      104.17142      305.51495      0.12419596   
    794000   522.54746      1378.5943      1901.1417      85.150159      308.53223      0.11897214   
    795000   533.84342      1399.6842      1933.5277      53.351918      313.25221      0.11744147   
    796000   506.05127      1387.2566      1893.3078      49.019657      310.47086      0.11923432   
    797000   506.36901      1353.0466      1859.4157      93.392511      302.81461      0.12202097   
    798000   511.17353      1350.1238      1861.2973      130.01679      302.16047      0.12482432   
    799000   506.67004      1351.4538      1858.1238      172.56024      302.45813      0.12625265   
    800000   484.75289      1355.2415      1839.9943      179.45293      303.30582      0.12609564   
    801000   508.3615       1320.0834      1828.4449      141.56118      295.43738      0.12373083   
    802000   514.31494      1311.0576      1825.3725      98.788933      293.41737      0.12179778   
    803000   512.35822      1336.9524      1849.3106      55.063575      299.21269      0.11988064   
    804000   494.35202      1317.8182      1812.1702      41.864751      294.93042      0.11850287   
    805000   519.54708      1272.7342      1792.2813      24.669588      284.84053      0.11893821   
    806000   494.31655      1296.7164      1791.0329      45.574562      290.20778      0.12291188   
    807000   474.42626      1336.5087      1810.9349      68.947352      299.11339      0.1269813    
    808000   508.19907      1320.4515      1828.6506      123.12242      295.51976      0.12753665   
    809000   493.79598      1296.8097      1790.6057      143.74314      290.22868      0.1242772    
    810000   492.42391      1347.4767      1839.9006      159.28344      301.56805      0.12058401   
    811000   505.24394      1344.7144      1849.9583      109.47517      300.94983      0.11727587   
    812000   525.42617      1306.4894      1831.9156      102.84287      292.39501      0.11642436   
    813000   524.65768      1347.8823      1872.54        112.67532      301.65883      0.11614663   
    814000   532.19289      1362.3073      1894.5001      88.808024      304.88716      0.11585371   
    815000   514.65697      1347.3747      1862.0317      97.287814      301.54523      0.11661876   
    816000   530.53629      1355.1411      1885.6774      96.499018      303.28336      0.11734372   
    817000   496.30403      1359.3227      1855.6267      108.71015      304.2192       0.11755753   
    818000   519.33399      1322.5378      1841.8718      127.40773      295.98667      0.117007     
    819000   504.15261      1316.3677      1820.5203      156.89731      294.6058       0.1171841    
    820000   501.59565      1290.078       1791.6737      150.44594      288.72211      0.11762796   
    821000   487.91872      1338.6641      1826.5828      119.65934      299.59577      0.11908428   
    822000   495.37636      1333.5851      1828.9615      74.530753      298.45909      0.12180412   
    823000   467.95197      1387.746       1855.698       77.507865      310.5804       0.12446802   
    824000   493.59495      1397.5391      1891.134       82.433462      312.77211      0.12684164   
    825000   511.41908      1396.6495      1908.0686      131.44886      312.57303      0.12793193   
    826000   500.0593       1371.1591      1871.2184      87.761008      306.86821      0.12302976   
    827000   513.00863      1357.405       1870.4137      83.800511      303.79004      0.1167048    
    828000   506.58558      1363.8581      1870.4436      82.181707      305.23423      0.11502464   
    829000   532.15762      1375.9367      1908.0944      89.612472      307.93747      0.11584513   
    830000   509.21323      1360.8966      1870.1099      108.08511      304.57146      0.11820137   
    831000   505.63336      1341.2328      1846.8662      119.38224      300.17065      0.12237657   
    832000   485.04128      1318.2595      1803.3008      103.45404      295.02919      0.12508889   
    833000   498.72354      1321.6089      1820.3324      92.202382      295.77878      0.12560789   
    834000   491.64695      1320.0947      1811.7417      48.183046      295.4399       0.12387583   
    835000   484.57455      1274.7652      1759.3397      52.85244       285.29507      0.12163125   
    836000   491.80753      1300.7858      1792.5934      90.368098      291.11854      0.11936669   
    837000   533.85395      1308.3917      1842.2457      113.9825       292.82075      0.11764954   
    838000   532.27485      1305.4575      1837.7324      108.54327      292.16407      0.11427475   
    839000   493.81101      1306.3533      1800.1643      84.084325      292.36455      0.1118194    
    840000   523.77663      1329.4697      1853.2463      51.710425      297.53804      0.11372824   
    841000   519.45198      1332.4768      1851.9288      26.104282      298.21105      0.11859075   
    842000   528.13701      1349.3406      1877.4776      34.243156      301.9852       0.12260143   
    843000   505.00459      1342.807       1847.8116      54.574026      300.52296      0.12410321   
    844000   511.44404      1352.7368      1864.1809      117.25775      302.74528      0.1233046    
    845000   503.60399      1342.0331      1845.637       149.37357      300.34975      0.12099261   
    846000   507.79932      1326.48        1834.2793      170.86047      296.86895      0.11896363   
    847000   508.11704      1291.1078      1799.2248      165.90041      288.95257      0.11765273   
    848000   502.96788      1329.5631      1832.5309      148.1602       297.55894      0.11804239   
    849000   503.47387      1325.7049      1829.1788      79.758084      296.69548      0.11938023   
    850000   495.98432      1338.7947      1834.779       33.012731      299.62499      0.12195959   
    851000   475.01629      1268.4806      1743.4969      24.188491      283.88857      0.12524244   
    852000   479.82506      1311.8281      1791.6531      54.107995      293.58981      0.12943057   
    853000   467.34934      1353.8361      1821.1854      83.743488      302.9913       0.13025864   
    854000   485.42964      1323.4047      1808.8343      108.19021      296.18068      0.12628123   
    855000   507.86599      1319.4932      1827.3592      119.02155      295.30529      0.1205106    
    856000   500.72351      1328.8515      1829.575       93.331854      297.39969      0.11838091   
    857000   514.06742      1327.9851      1842.0525      90.881228      297.20579      0.11886833   
    858000   501.3365       1344.8721      1846.2086      100.83232      300.98513      0.11911315   
    859000   549.27594      1397.9644      1947.2404      116.20238      312.86731      0.11879713   
    860000   513.01624      1379.038       1892.0543      103.34992      308.63154      0.11786296   
    861000   507.55603      1370.1481      1877.7041      78.767565      306.64196      0.11835785   
    862000   472.85403      1375.6059      1848.4599      102.84474      307.86343      0.12141713   
    863000   499.11021      1354.1779      1853.2881      133.28734      303.06779      0.1253177    
    864000   504.7673       1370.9259      1875.6932      130.28278      306.81604      0.12534259   
    865000   495.39142      1402.9029      1898.2943      131.88461      313.97254      0.12072495   
    866000   518.21941      1343.0598      1861.2792      95.408205      300.57954      0.11593233   
    867000   529.81715      1368.288       1898.1052      62.009687      306.22567      0.11454828   
    868000   492.52025      1363.3672      1855.8875      38.452386      305.12438      0.1154205    
    869000   499.61173      1374.6596      1874.2713      57.148625      307.65163      0.1193709    
    870000   508.00355      1348.1993      1856.2028      66.333369      301.72976      0.1227294    
    871000   486.21468      1376.1412      1862.3559      112.02862      307.98322      0.12500944   
    872000   509.58512      1363.4128      1872.9979      113.8988       305.13459      0.1248001    
    873000   518.01497      1363.4939      1881.5089      127.98978      305.15273      0.12254732   
    874000   528.20474      1384.1936      1912.3983      96.700015      309.78537      0.11827523   
    875000   513.19082      1357.304       1870.4948      74.884201      303.76742      0.11587373   
    876000   514.38645      1354.52        1868.9065      56.152919      303.14436      0.11696801   
    877000   515.97163      1367.8733      1883.8449      85.09665       306.13285      0.12044087   
    878000   489.22615      1342.146       1831.3721      82.608129      300.37503      0.1231045    
    879000   492.85345      1332.1825      1825.0359      86.360325      298.14517      0.12489135   
    880000   492.25017      1320.7324      1812.9826      107.02392      295.58262      0.12508732   
    881000   482.05339      1310.1198      1792.1732      132.77158      293.2075       0.12168305   
    882000   486.08484      1297.7795      1783.8643      137.59351      290.44571      0.11633444   
    883000   505.28277      1339.1582      1844.441       100.51626      299.70635      0.11300142   
    884000   506.48923      1347.4994      1853.9886      76.661142      301.57313      0.11279127   
    885000   545.65742      1353.9812      1899.6387      38.550745      303.02378      0.11404921   
    886000   512.23233      1340.2875      1852.5198      45.539936      299.95909      0.11748362   
    887000   484.64317      1363.0546      1847.6977      88.591377      305.05441      0.12167543   
    888000   472.50523      1373.0769      1845.5821      134.24866      307.29742      0.12479981   
    889000   492.39745      1374.4688      1866.8663      140.71988      307.60894      0.12429586   
    890000   534.55439      1405.0867      1939.6411      105.18354      314.46128      0.12153898   
    891000   526.88375      1369.3827      1896.2664      83.539473      306.47065      0.11823608   
    892000   523.26383      1359.0862      1882.35        54.364437      304.16627      0.11502392   
    893000   524.32939      1367.8539      1892.1833      85.973506      306.12851      0.11348193   
    894000   520.72765      1398.0263      1918.754       109.30141      312.88116      0.11268318   
    895000   540.51814      1355.0801      1895.5983      104.90005      303.26971      0.11323945   
    896000   516.26108      1346.5771      1862.8381      109.18885      301.36671      0.11510868   
    897000   498.06549      1375.8526      1873.9181      114.27331      307.91864      0.11702213   
    898000   504.0965       1349.0226      1853.1191      84.983584      301.91403      0.11741627   
    899000   527.64015      1326.2366      1853.8767      66.650013      296.81447      0.11604258   
    900000   488.9217       1361.817       1850.7387      83.566837      304.77744      0.1153597    
    901000   503.07244      1327.8842      1830.9566      83.651347      297.1832       0.11574303   
    902000   495.80687      1304.2201      1800.0269      111.99013      291.88713      0.11705382   
    903000   527.67072      1288.8168      1816.4875      108.32289      288.43984      0.11742496   
    904000   505.0711       1308.2978      1813.3689      87.077703      292.79974      0.1164235    
    905000   509.27439      1320.2018      1829.4762      66.907988      295.46388      0.11416943   
    906000   488.56473      1308.4032      1796.9679      22.660949      292.82332      0.10989619   
    907000   503.38903      1304.2596      1807.6486      35.553444      291.89597      0.1082184    
    908000   525.31283      1333.5748      1858.8876      44.54895       298.45678      0.10938569   
    909000   541.97583      1346.4633      1888.4391      102.03644      301.34124      0.11398584   
    910000   525.95409      1354.0544      1880.0085      102.05791      303.04016      0.11619033   
    911000   523.29016      1357.764       1881.0542      118.01258      303.87038      0.11634282   
    912000   530.74479      1365.4744      1896.2192      143.23573      305.59597      0.1161326    
    913000   497.69651      1352.3361      1850.0326      137.97933      302.6556       0.11491857   
    914000   512.30968      1368.5263      1880.836       125.68374      306.27899      0.11139431   
    915000   535.69238      1374.4562      1910.1486      103.00791      307.60613      0.10773804   
    916000   543.75731      1373.8722      1917.6295      113.42575      307.47542      0.10679705   
    917000   522.85433      1391.4117      1914.266       107.02909      311.4008       0.10805585   
    918000   517.55527      1400.7009      1918.2561      96.287609      313.47973      0.11080766   
    919000   502.39393      1337.1017      1839.4956      124.00491      299.2461       0.11559444   
    920000   496.17277      1311.4682      1807.641       140.39092      293.50927      0.11911536   
    921000   485.63757      1322.5133      1808.1509      153.68492      295.98119      0.1219677    
    922000   516.57742      1319.1887      1835.7661      141.77967      295.23714      0.12303771   
    923000   494.22068      1319.0641      1813.2848      113.15366      295.20925      0.12251847   
    924000   495.95832      1310.5518      1806.5101      87.241764      293.30419      0.12167042   
    925000   484.56763      1338.6928      1823.2604      85.042437      299.6022       0.12142808   
    926000   535.14652      1370.9689      1906.1155      59.982217      306.82566      0.1213974    
    927000   514.626        1337.0958      1851.7218      77.120581      299.24478      0.11982861   
    928000   501.50468      1345.2217      1846.7264      138.86651      301.06339      0.11659031   
    929000   492.18701      1350.4601      1842.6472      136.38096      302.23575      0.11360022   
    930000   525.71247      1370.3582      1896.0707      154.12532      306.68898      0.11339187   
    931000   500.24841      1391.1908      1891.4393      209.27698      311.35137      0.11562563   
    932000   498.71163      1371.0999      1869.8115      172.04522      306.85497      0.11899461   
    933000   495.59758      1368.154       1863.7516      165.02774      306.19568      0.1235675    
    934000   498.23255      1322.8307      1821.0632      116.1291       296.05222      0.12522849   
    935000   504.78504      1336.715       1841.5         107.00875      299.15956      0.12550913   
    936000   509.27309      1353.7207      1862.9938      100.77419      302.96547      0.12474407   
    937000   522.16295      1334.594       1856.7569      94.063375      298.68488      0.12267256   
    938000   489.30682      1365.4415      1854.7483      106.50718      305.58861      0.1212627    
    939000   518.93447      1368.9555      1887.89        105.97736      306.37505      0.12036993   
    940000   515.5058       1348.7991      1864.3049      73.195763      301.86401      0.12021541   
    941000   501.11425      1353.1137      1854.2279      96.698239      302.82962      0.11968603   
    942000   517.24786      1345.5403      1862.7881      90.092753      301.13467      0.11917848   
    943000   494.70174      1342.6177      1837.3195      97.481174      300.48061      0.11899712   
    944000   491.6022       1296.4136      1788.0158      93.999081      290.14002      0.11913379   
    945000   530.17487      1296.7218      1826.8967      57.882474      290.209        0.11904834   
    946000   507.44469      1308.8981      1816.3428      55.196858      292.93409      0.1189866    
    947000   545.81668      1290.512       1836.3287      58.674735      288.81924      0.11649242   
    948000   502.66719      1288.4474      1791.1146      94.38253       288.35718      0.11413375   
    949000   509.48349      1301.72        1811.2034      83.445976      291.3276       0.11393908   
    950000   513.3357       1321.5782      1834.9139      72.865073      295.77191      0.11566798   
    951000   525.48519      1325.5052      1850.9904      71.074771      296.65078      0.11814964   
    952000   499.76472      1299.7697      1799.5345      70.038441      290.89113      0.12049117   
    953000   475.14128      1345.6513      1820.7926      53.23956       301.15953      0.12263248   
    954000   490.59496      1332.7163      1823.3113      41.522875      298.26465      0.1239889    
    955000   484.46817      1329.5757      1814.0439      50.544104      297.56177      0.12229563   
    956000   504.61546      1405.0804      1909.6958      93.893731      314.45987      0.11674075   
    957000   532.65488      1366.574       1899.2288      146.74957      305.84206      0.11335633   
    958000   563.64797      1347.2094      1910.8573      185.97527      301.50822      0.11148467   
    959000   556.7518       1336.347       1893.0988      171.7755       299.0772       0.11216109   
    960000   502.70156      1371.0672      1873.7687      146.46188      306.84765      0.11578975   
    961000   517.94994      1386.2714      1904.2213      108.54084      310.25038      0.11952443   
    962000   507.34833      1349.0085      1856.3569      74.995795      301.91088      0.11999828   
    963000   508.43187      1333.2915      1841.7234      67.918099      298.39337      0.11966089   
    964000   503.39141      1321.7929      1825.1843      107.43346      295.81995      0.1201709    
    965000   492.4111       1320.3748      1812.7859      164.07117      295.50259      0.12159331   
    966000   487.20699      1314.8092      1802.0162      148.2022       294.25699      0.1207913    
    967000   501.34312      1338.2764      1839.6195      136.10766      299.509        0.1188374    
    968000   517.54189      1346.8593      1864.4012      103.65089      301.42988      0.11584595   
    969000   514.01806      1391.2131      1905.2312      84.761009      311.35635      0.11368322   
    970000   532.19868      1362.0984      1894.2971      54.140736      304.84041      0.11373913   
    971000   516.34843      1361.2095      1877.558       43.910635      304.64149      0.11704479   
    972000   500.74984      1328.004       1828.7538      42.76779       297.21002      0.12190094   
    973000   507.18493      1326.9738      1834.1588      37.55948       296.97947      0.12539188   
    974000   504.38381      1311.8173      1816.2011      46.521745      293.5874       0.12688647   
    975000   507.50666      1326.8506      1834.3573      80.105029      296.95189      0.12573271   
    976000   497.01536      1318.1528      1815.1681      102.75111      295.0053       0.1224511    
    977000   493.17267      1291.5175      1784.6902      100.00971      289.04428      0.11841809   
    978000   499.97306      1356.5267      1856.4998      152.64216      303.59347      0.11641077   
    979000   506.23747      1355.6087      1861.8462      189.15913      303.38801      0.11522538   
    980000   509.20805      1362.89        1872.0981      193.22981      305.01759      0.11606958   
    981000   505.98104      1344.0223      1850.0033      166.7436       300.79494      0.11823562   
    982000   517.36492      1367.4439      1884.8089      111.31437      306.03676      0.11941704   
    983000   516.76177      1357.5675      1874.3293      71.848251      303.8264       0.12031138   
    984000   536.15863      1363.9652      1900.1238      37.567883      305.25821      0.12118793   
    985000   503.04598      1349.1622      1852.2082      42.283254      301.94527      0.12240086   
    986000   474.96862      1384.1598      1859.1284      82.117724      309.7778       0.12345813   
    987000   534.62214      1370.7362      1905.3584      125.0113       306.77358      0.12390743   
    988000   535.50793      1369.9747      1905.4827      168.11688      306.60316      0.12193456   
    989000   501.46617      1355.8911      1857.3573      154.60643      303.45121      0.11544668   
    990000   529.54581      1347.8264      1877.3722      104.14365      301.64632      0.11206063   
    991000   513.9372       1351.6822      1865.6194      74.589921      302.50925      0.11234067   
    992000   528.16115      1330.953       1859.1142      72.783479      297.87001      0.11487323   
    993000   499.04577      1354.4042      1853.45        73.518516      303.11844      0.11744399   
    994000   465.52767      1352.6486      1818.1762      120.9799       302.72552      0.11935443   
    995000   525.28075      1350.356       1875.6367      140.52197      302.21244      0.12030266   
    996000   529.61587      1355.3783      1884.9941      139.76657      303.33644      0.12029568   
    997000   508.3484       1392.3323      1900.6807      130.18145      311.60682      0.11827782   
    998000   531.89363      1340.4999      1872.3935      94.861687      300.00663      0.11515646   
    999000   542.92959      1325.559       1868.4886      67.06062       296.66283      0.11303183   
   1000000   518.40766      1333.8803      1852.2879      60.66864       298.52515      0.11402088   
   1001000   510.49794      1384.2006      1894.6986      82.216307      309.78694      0.11745045   
   1002000   509.62431      1367.4455      1877.0698      96.017534      306.0371       0.11827294   
   1003000   500.10957      1346.2907      1846.4003      114.23189      301.30262      0.11820349   
   1004000   489.87856      1328.5366      1818.4152      129.25931      297.32923      0.11724152   
   1005000   504.91285      1341.629       1846.5419      135.77298      300.25933      0.11507313   
   1006000   510.66813      1303.22        1813.8882      125.66905      291.66332      0.1132554    
   1007000   514.2968       1341.1645      1855.4612      148.0835       300.15536      0.11359887   
   1008000   503.77004      1317.2476      1821.0176      122.34191      294.80272      0.11724809   
   1009000   502.3301       1337.3536      1839.6837      111.50371      299.30248      0.12269498   
   1010000   471.55188      1343.951       1815.5029      85.449564      300.77899      0.12625004   
   1011000   477.51139      1301.8849      1779.3963      82.36106       291.36451      0.12756137   
   1012000   498.80436      1333.5323      1832.3367      86.310802      298.44727      0.12776896   
   1013000   491.20853      1317.9968      1809.2054      95.99676       294.9704       0.12484311   
   1014000   494.37947      1329.187       1823.5664      103.4913       297.47477      0.12073444   
   1015000   496.27713      1293.561       1789.8381      111.74975      289.5016       0.11823479   
   1016000   495.97478      1330.9071      1826.8819      105.39725      297.85974      0.11837869   
   1017000   513.30035      1329.0411      1842.3414      80.550985      297.44213      0.11938441   
   1018000   480.45352      1362.8357      1843.2892      35.179425      305.00543      0.12137351   
   1019000   496.72135      1355.7014      1852.4227      15.551987      303.40875      0.12375136   
   1020000   494.46746      1365.3663      1859.8337      39.701494      305.57177      0.1282784    
   1021000   513.35322      1381.2779      1894.6311      106.02407      309.13283      0.13289081   
   1022000   480.24746      1364.2338      1844.4813      170.52678      305.31832      0.13362294   
   1023000   523.64636      1333.0745      1856.7209      157.49701      298.34481      0.13152308   
   1024000   509.07286      1380.7926      1889.8655      138.77655      309.02423      0.12817239   
   1025000   499.34321      1346.943       1846.2862      98.145826      301.44861      0.12482033   
   1026000   514.30101      1363.0204      1877.3214      17.579089      305.04676      0.12241023   
   1027000   512.26475      1344.1235      1856.3883      17.031328      300.8176       0.12189962   
   1028000   528.42798      1338.6033      1867.0313     -0.021923651    299.58217      0.1213506    
   1029000   539.39177      1354.7083      1894.1         24.787964      303.18649      0.11850086   
   1030000   503.1126       1314.9334      1818.046       55.741902      294.28479      0.11441325   
   1031000   513.5057       1347.5664      1861.0721      85.816266      301.58813      0.11035171   
   1032000   536.33549      1339.1249      1875.4604      95.012692      299.6989       0.10846176   
   1033000   511.35015      1334.119       1845.4691      111.30651      298.57856      0.11062174   
   1034000   500.94658      1343.7248      1844.6714      143.34822      300.72836      0.11761489   
   1035000   497.19866      1315.8063      1813.005       137.40251      294.48016      0.12073078   
   1036000   493.35228      1301.1183      1794.4706      103.57512      291.19296      0.1205978    
   1037000   501.98564      1313.7183      1815.7039      87.384364      294.01285      0.11833382   
   1038000   509.50459      1381.8736      1891.3782      82.831261      309.26615      0.11421358   
   1039000   512.10056      1366.8832      1878.9838      57.606689      305.91127      0.11189034   
   1040000   503.75707      1378.7405      1882.4976      39.549432      308.56495      0.11130863   
   1041000   520.72069      1354.4791      1875.1998      23.551123      303.1352       0.11200236   
   1042000   527.1281       1385.9868      1913.1149      56.038037      310.18669      0.11502406   
   1043000   544.27966      1392.8751      1937.1548      104.29679      311.72831      0.11828      
   1044000   513.58383      1355.8256      1869.4095      144.83062      303.43656      0.11949842   
   1045000   522.01748      1335.196       1857.2135      167.1129       298.81961      0.12038811   
   1046000   524.47925      1359.9563      1884.4356      124.91043      304.36101      0.12016809   
   1047000   494.93509      1343.5227      1838.4578      94.499083      300.68314      0.11922951   
   1048000   519.37561      1262.2148      1781.5904      52.170964      282.48627      0.11724593   
   1049000   485.21956      1300.7952      1786.0148      48.811627      291.12064      0.11662948   
   1050000   513.39437      1318.0977      1831.4921      77.98216       294.99297      0.11789528   
   1051000   541.18722      1310.356       1851.5433      125.02265      293.26037      0.12050475   
   1052000   478.25942      1326.128       1804.3874      154.91764      296.79016      0.12201221   
   1053000   501.75891      1337.073       1838.8319      151.08437      299.23969      0.12117269   
   1054000   519.50304      1336.6609      1856.1639      107.98243      299.14745      0.1198578    
   1055000   504.54356      1371.5225      1876.0661      95.236268      306.94956      0.11903847   
   1056000   541.56871      1396.0961      1937.6648      60.006539      312.44916      0.11632665   
   1057000   540.51866      1370.5547      1911.0733      29.444599      306.73295      0.1131217    
   1058000   527.07705      1360.4803      1887.5573      70.911771      304.47828      0.11183727   
   1059000   510.26465      1361.6264      1871.891       140.02066      304.73478      0.11482884   
   1060000   535.14906      1388.3449      1923.494       186.65612      310.71444      0.12077339   
   1061000   524.38141      1346.9776      1871.359       144.46404      301.45635      0.12259686   
   1062000   508.24686      1364.704       1872.9508      144.80439      305.42355      0.12281045   
   1063000   521.85793      1370.0629      1891.9208      90.163202      306.62289      0.12080446   
   1064000   528.27953      1371.6474      1899.9269      81.147389      306.9775       0.11815901   
   1065000   509.858        1346.4149      1856.2729      82.694633      301.33042      0.11728195   
   1066000   497.32077      1309.8743      1807.1951      93.929059      293.15257      0.11952163   
   1067000   489.13077      1325.3983      1814.529       51.699036      296.62685      0.12252      
   1068000   505.60914      1327.5736      1833.1828      44.409468      297.1137       0.12502368   
   1069000   519.74531      1330.0593      1849.8046      55.244925      297.67001      0.12551092   
   1070000   516.08899      1341.6151      1857.7041      61.960893      300.25622      0.11994118   
   1071000   509.94099      1346.0849      1856.0259      101.36512      301.25657      0.11418535   
   1072000   524.76256      1335.4129      1860.1755      136.19041      298.86816      0.11260495   
   1073000   520.18295      1383.4301      1903.6131      137.57196      309.6145       0.11354333   
   1074000   536.4028       1387.1228      1923.5256      112.18784      310.44093      0.11691938   
   1075000   523.68822      1359.502       1883.1902      89.378514      304.25933      0.12014601   
   1076000   499.8117       1349.1034      1848.9151      82.754298      301.93211      0.12107867   
   1077000   527.90336      1319.7492      1847.6526      76.630261      295.36259      0.12131616   
   1078000   515.26571      1300.926       1816.1917      96.878758      291.14991      0.12009626   
   1079000   490.87178      1332.7023      1823.5741      116.21297      298.26152      0.11766069   
   1080000   517.47151      1331.4567      1848.9282      147.07074      297.98275      0.11344427   
   1081000   512.0082       1329.0943      1841.1025      134.25987      297.45404      0.10806947   
   1082000   542.17415      1306.028       1848.2022      125.16249      292.29175      0.10682521   
   1083000   528.82342      1316.7478      1845.5712      109.0354       294.69086      0.11022094   
   1084000   504.2072       1323.9385      1828.1457      88.766079      296.30016      0.11490096   
   1085000   498.58934      1317.2936      1815.8829      39.312169      294.81301      0.1178141    
   1086000   528.14595      1315.9035      1844.0494      9.4721686      294.5019       0.12029454   
   1087000   495.10079      1294.9243      1790.0251      22.952089      289.80671      0.12271223   
   1088000   510.82878      1343.9097      1854.7385      44.628235      300.76975      0.12218056   
   1089000   494.3373       1351.926       1846.2633      71.887623      302.56382      0.11906426   
   1090000   488.02557      1360.1023      1848.1279      72.027354      304.39369      0.11632292   
   1091000   526.31644      1335.4216      1861.7381      27.085609      298.8701       0.11483926   
   1092000   507.56916      1343.4247      1850.9939      33.704214      300.66121      0.11728499   
   1093000   473.27645      1344.8006      1818.0771      61.59693       300.96914      0.12154846   
   1094000   487.09732      1299.8163      1786.9136      75.733527      290.90155      0.12539883   
   1095000   494.6751       1316.232       1810.9071      88.104968      294.57542      0.1272129    
   1096000   496.51516      1285.3537      1781.8689      108.94435      287.66479      0.12670411   
   1097000   505.12669      1336.5826      1841.7093      92.894244      299.12993      0.12267161   
   1098000   507.12734      1342.4822      1849.6095      87.426241      300.45027      0.11588067   
   1099000   503.82378      1392.9247      1896.7484      102.61976      311.7394       0.11417019   
   1100000   549.74462      1339.2735      1889.0181      121.63939      299.73215      0.11559867   
   1101000   522.37914      1342.9317      1865.3109      149.3584       300.55088      0.11800877   
   1102000   499.53032      1378.0691      1877.5994      147.23163      308.4147       0.12004058   
   1103000   504.55872      1337.8488      1842.4075      123.67684      299.41331      0.12016098   
   1104000   482.74856      1351.9983      1834.7468      107.91196      302.57999      0.11936266   
   1105000   509.76853      1333.5661      1843.3346      61.465855      298.45482      0.11672934   
   1106000   500.56583      1371.6501      1872.2159      64.75489       306.9781       0.11338829   
   1107000   540.99299      1342.0393      1883.0323      68.293714      300.35115      0.10933217   
   1108000   547.06802      1342.7055      1889.7735      94.473245      300.50024      0.10871805   
   1109000   552.17287      1355.1537      1907.3265      109.17262      303.28617      0.11596021   
   1110000   518.12043      1360.532       1878.6525      102.42936      304.48986      0.12141552   
   1111000   499.80021      1369.7763      1869.5765      78.757687      306.55876      0.12262011   
   1112000   518.12534      1354.8155      1872.9408      57.81176       303.21048      0.12256146   
   1113000   506.33711      1346.1311      1852.4682      15.79782       301.2669       0.1205347    
   1114000   544.79812      1339.8148      1884.6129      12.880706      299.8533       0.11872349   
   1115000   533.04294      1337.3736      1870.4166      16.675612      299.30696      0.11733312   
   1116000   514.74415      1351.7893      1866.5335      44.893001      302.53323      0.11736241   
   1117000   519.77318      1369.3883      1889.1615      88.566076      306.47191      0.12058841   
   1118000   520.20978      1343.9056      1864.1153      88.567924      300.76882      0.12459346   
   1119000   488.13634      1344.3698      1832.5062      123.34501      300.87272      0.12781726   
   1120000   516.06821      1321.2375      1837.3057      134.78753      295.69567      0.12793419   
   1121000   486.94947      1367.5157      1854.4652      132.78256      306.05282      0.12268276   
   1122000   508.23594      1353.3816      1861.6175      148.66767      302.88957      0.1180088    
   1123000   496.67345      1346.5656      1843.2391      156.29667      301.36415      0.11617268   
   1124000   508.15299      1342.6391      1850.7921      127.12474      300.48539      0.11490507   
   1125000   530.3422       1348.0668      1878.409       80.137431      301.70012      0.114939     
   1126000   526.53228      1333.9856      1860.5179      67.312033      298.54871      0.11637954   
   1127000   507.38477      1342.3544      1849.7392      79.300721      300.42168      0.11928512   
   1128000   508.34724      1317.552       1825.8993      85.784327      294.87085      0.12171777   
   1129000   499.98972      1321.0155      1821.0053      124.69403      295.64599      0.12306411   
   1130000   487.02558      1280.0985      1767.1241      118.37514      286.48867      0.12060513   
   1131000   520.62968      1344.0547      1864.6844      107.61718      300.8022       0.11340967   
   1132000   518.84476      1355.3214      1874.1661      72.530706      303.3237       0.1087785    
   1133000   528.03317      1341.8561      1869.8893      58.167361      300.31016      0.10881536   
   1134000   532.15085      1360.7915      1892.9423      36.84653       304.54793      0.11229012   
   1135000   507.94771      1384.0934      1892.0411      85.34598       309.76294      0.11696621   
   1136000   544.07284      1371.0393      1915.1121      77.575442      306.84141      0.11873377   
   1137000   491.90269      1329.0631      1820.9658      100.57122      297.44705      0.11956894   
   1138000   513.85929      1321.5736      1835.4329      99.223637      295.77089      0.12071374   
   1139000   481.66303      1340.564       1822.227       108.57719      300.02098      0.12285554   
   1140000   503.15558      1349.273       1852.4286      105.07114      301.97007      0.12357189   
   1141000   510.58747      1333.5983      1844.1858      98.72259       298.46203      0.12283055   
   1142000   477.81561      1309.7243      1787.5399      119.46023      293.11899      0.11952096   
   1143000   525.39822      1326.4641      1851.8623      121.20896      296.86538      0.11483531   
   1144000   499.07471      1306.28        1805.3548      109.31419      292.34815      0.11307096   
   1145000   507.15023      1329.7291      1836.8793      78.470147      297.5961       0.11464302   
   1146000   523.71335      1293.1792      1816.8926      68.274934      289.41616      0.11782488   
   1147000   527.83745      1309.7706      1837.6081      91.218375      293.12936      0.12122979   
   1148000   508.57942      1321.4455      1830.0249      68.556344      295.74222      0.12361396   
   1149000   502.79055      1337.5599      1840.3505      102.35721      299.34866      0.12504172   
   1150000   519.31026      1356.6776      1875.9879      112.107        303.62723      0.12426051   
   1151000   500.00396      1377.011       1877.0149      121.8932       308.17788      0.12220787   
   1152000   498.12608      1358.2812      1856.4073      153.13643      303.98613      0.12089549   
   1153000   501.05282      1358.8648      1859.9177      157.21468      304.11674      0.11942246   
   1154000   495.92475      1323.9464      1819.8711      142.77539      296.30192      0.11942565   
   1155000   492.97491      1355.4302      1848.4051      105.7847       303.34805      0.11996091   
   1156000   518.91701      1342.5469      1861.4639      77.483702      300.46475      0.1192057    
   1157000   492.06219      1343.9599      1836.0221      71.241007      300.78099      0.11731029   
   1158000   527.47296      1330.3553      1857.8282      43.699325      297.73624      0.11438957   
   1159000   508.85391      1306.192       1815.0459      45.992435      292.32844      0.11313083   
   1160000   489.27844      1320.8313      1810.1097      68.369448      295.60476      0.11392831   
   1161000   509.80291      1356.4149      1866.2179      91.775882      303.56845      0.11847328   
   1162000   486.53966      1371.2871      1857.8267      73.939818      306.89686      0.12169522   
   1163000   500.62307      1351.8744      1852.4975      85.236712      302.55227      0.12259522   
   1164000   548.45202      1334.2257      1882.6777      141.51881      298.60245      0.12105632   
   1165000   521.85736      1333.4483      1855.3057      136.57442      298.42847      0.1163553    
   1166000   509.76566      1347.6428      1857.4085      116.68178      301.60523      0.11343807   
   1167000   513.92775      1336.6772      1850.6049      114.81639      299.1511       0.113072     
   1168000   540.80753      1317.0534      1857.8609      94.859626      294.75925      0.11353443   
   1169000   508.65902      1408.8478      1917.5068      81.604155      315.30302      0.11530875   
   1170000   526.25846      1345.1348      1871.3932      39.278683      301.04392      0.117709     
   1171000   526.22442      1354.7344      1880.9588      7.6394666      303.19234      0.11967779   
   1172000   518.23721      1310.0639      1828.3011      20.402843      293.19498      0.12256948   
   1173000   513.42104      1311.1739      1824.595       39.587163      293.44342      0.12395667   
   1174000   519.4543       1325.7535      1845.2078      55.13274       296.70636      0.12352733   
   1175000   520.84832      1298.5316      1819.3799      101.07575      290.61404      0.12341127   
   1176000   525.96503      1320.9339      1846.899       137.9839       295.62772      0.12331674   
   1177000   514.33529      1334.5489      1848.8842      141.79023      298.67478      0.12148937   
   1178000   486.24691      1365.8215      1852.0684      106.50869      305.67366      0.11904118   
   1179000   500.58336      1382.4718      1883.0552      36.945692      309.40004      0.11652284   
   1180000   547.64961      1364.1221      1911.7717     -2.391928       305.29333      0.11426301   
   1181000   523.57503      1379.5649      1903.1399     -29.767113      308.74945      0.11181448   
   1182000   524.01331      1356.1561      1880.1694      46.860793      303.51051      0.11228731   
   1183000   519.65342      1346.8724      1866.5259      148.26762      301.43282      0.11698036   
   1184000   496.78543      1365.1668      1861.9523      230.55076      305.52714      0.1244278    
   1185000   477.72763      1356.9343      1834.662       249.12398      303.68469      0.12616322   
   1186000   499.71603      1351.3514      1851.0674      188.59604      302.43521      0.12549183   
   1187000   491.34001      1343.3876      1834.7276      101.38         300.65289      0.12234381   
   1188000   496.84778      1311.0413      1807.8891      41.140945      293.41373      0.11687101   
   1189000   496.92596      1331.7525      1828.6784      30.544001      298.04893      0.11476966   
   1190000   530.6749       1315.653       1846.3279      17.782368      294.44583      0.11349063   
   1191000   525.16275      1307.597       1832.7598      54.815463      292.6429       0.11406962   
   1192000   512.69037      1313.1643      1825.8547      93.088347      293.88888      0.11734414   
   1193000   477.47226      1293.5206      1770.9929      130.87236      289.49257      0.12182584   
   1194000   504.75377      1298.5408      1803.2946      83.942226      290.6161       0.12404076   
   1195000   507.22552      1316.1807      1823.4063      53.630106      294.56395      0.12457717   
   1196000   488.78181      1342.2474      1831.0292      29.229325      300.39771      0.12390037   
   1197000   537.74868      1308.515       1846.2637      20.24975       292.84835      0.12236825   
   1198000   540.5788       1345.3614      1885.9402      65.119729      301.09463      0.11915493   
   1199000   513.83735      1357.7497      1871.5871      117.8189       303.86717      0.1166272    
   1200000   499.70644      1363.876       1863.5824      135.85516      305.23824      0.11649489   
   1201000   494.64633      1362.5767      1857.223       151.5421       304.94746      0.11967523   
   1202000   513.84173      1341.7494      1855.5911      135.35194      300.28627      0.12427037   
   1203000   509.26747      1372.7943      1882.0617      120.3874       307.23417      0.12708185   
   1204000   515.95064      1347.1587      1863.1093      81.165561      301.49687      0.1274457    
   1205000   523.10708      1335.735       1858.8421      68.079609      298.94024      0.12536263   
   1206000   496.03692      1350.109       1846.1459      80.235547      302.15717      0.12042069   
   1207000   526.72703      1327.5418      1854.2688      81.893357      297.10658      0.11728648   
   1208000   495.44784      1311.3879      1806.8358      72.92707       293.49131      0.11788278   
   1209000   523.18358      1325.3748      1848.5584      56.989177      296.6216       0.12150033   
   1210000   481.19048      1336.0322      1817.2227      70.404658      299.00675      0.12363205   
   1211000   482.81935      1298.8321      1781.6514      78.037607      290.68128      0.12448383   
   1212000   482.32598      1326.2538      1808.5797      82.201717      296.81831      0.12550036   
   1213000   470.28065      1321.8535      1792.1342      83.285858      295.83354      0.1259749    
   1214000   492.44934      1324.0114      1816.4607      81.077798      296.31646      0.12535016   
   1215000   497.35831      1325.475       1822.8333      88.725682      296.64403      0.12352387   
   1216000   486.63796      1326.7417      1813.3797      102.02164      296.92752      0.11901747   
   1217000   520.49765      1328.0862      1848.5839      94.712835      297.22842      0.11590008   
   1218000   518.68897      1331.0649      1849.7539      96.225459      297.89506      0.11541855   
   1219000   487.8792       1358.9564      1846.8356      92.538667      304.13724      0.11653769   
   1220000   498.8515       1327.7857      1826.6372      125.50483      297.16116      0.11753958   
   1221000   526.98454      1318.4107      1845.3953      159.06788      295.06302      0.11813091   
   1222000   512.69735      1316.5698      1829.2672      164.505        294.65103      0.11838682   
   1223000   519.84644      1361.4229      1881.2693      140.84744      304.68923      0.11917604   
   1224000   523.68518      1359.3921      1883.0773      118.22043      304.23475      0.12090912   
   1225000   518.27012      1361.4584      1879.7285      109.65778      304.69718      0.1216839    
   1226000   520.78549      1355.5781      1876.3636      91.027656      303.38116      0.12306433   
   1227000   498.25948      1377.927       1876.1865      72.737405      308.3829       0.12542685   
   1228000   481.5482       1325.6951      1807.2433      65.732518      296.69329      0.1270304    
   1229000   503.58138      1280.8957      1784.4771      16.123465      286.66709      0.12622333   
   1230000   510.65438      1338.0011      1848.6555      30.919647      299.4474       0.12444519   
   1231000   498.76953      1327.3472      1826.1168      78.216285      297.06303      0.12212378   
   1232000   515.44248      1319.5424      1834.9848      117.54632      295.31629      0.11934317   
   1233000   527.10045      1300.8852      1827.9857      151.35562      291.14078      0.11911912   
   1234000   482.43298      1302.8081      1785.2411      187.01157      291.57114      0.12243294   
   1235000   465.74075      1296.5154      1762.2562      131.90736      290.16282      0.1252042    
   1236000   517.69992      1341.5598      1859.2598      77.154956      300.24384      0.12576851   
   1237000   500.38819      1338.3144      1838.7026      41.423757      299.5175       0.12238607   
   1238000   501.57499      1335.2341      1836.8091      15.528542      298.82814      0.11331562   
   1239000   494.43845      1309.0762      1803.5146      40.553456      292.97393      0.11129486   
   1240000   512.49686      1307.4827      1819.9796      54.781386      292.61732      0.11275657   
   1241000   521.20007      1331.1049      1852.3049      96.48428       297.904        0.11531282   
   1242000   534.81657      1305.1743      1839.9908      106.6368       292.10068      0.11842806   
   1243000   490.43954      1353.5013      1843.9409      106.32968      302.91637      0.12134391   
   1244000   489.52318      1346.5499      1836.0731      114.58551      301.36063      0.12239818   
   1245000   502.71154      1322.1916      1824.9031      71.484034      295.90919      0.12145368   
   1246000   513.90992      1324.7524      1838.6623      62.252766      296.48231      0.11966714   
   1247000   497.11787      1338.9916      1836.1095      58.335158      299.66907      0.117048     
   1248000   495.63658      1338.6665      1834.3031      63.242173      299.59631      0.11432072   
   1249000   519.03129      1311.0294      1830.0607      48.72152       293.41106      0.11350697   
   1250000   510.6741       1344.1768      1854.8509      70.656599      300.82952      0.11501105   
   1251000   515.11605      1358.178       1873.2941      73.159047      303.96303      0.11777379   
   1252000   496.41588      1360.6274      1857.0433      93.035363      304.51121      0.12062118   
   1253000   502.76475      1372.121       1874.8858      130.28986      307.0835       0.12505208   
   1254000   491.50443      1415.0775      1906.5819      152.47236      316.69725      0.12838521   
   1255000   514.88474      1381.1036      1895.9883      163.90035      309.09381      0.12836924   
   1256000   501.30652      1355.6128      1856.9193      153.79546      303.38892      0.12462956   
   1257000   480.73939      1366.0124      1846.7518      104.74385      305.71637      0.12060525   
   1258000   540.48839      1363.48        1903.9684      60.984115      305.14963      0.1193523    
   1259000   552.11562      1400.0918      1952.2074      3.8969588      313.34341      0.11766504   
   1260000   525.25297      1383.5308      1908.7838     -1.6402195      309.63704      0.11624996   
   1261000   526.82405      1357.4744      1884.2984      34.119413      303.80555      0.11556267   
   1262000   530.55102      1353.8801      1884.4312      114.5219       303.00115      0.11687631   
   1263000   518.46866      1399.5578      1918.0264      225.86621      313.2239       0.12021685   
   1264000   511.15441      1352.943       1864.0974      234.45383      302.79143      0.12331941   
   1265000   522.99855      1363.5391      1886.5376      245.26986      305.16284      0.12656255   
   1266000   504.22291      1376.7056      1880.9285      173.1219       308.10954      0.12983918   
   1267000   486.01944      1352.324       1838.3435      101.22527      302.65289      0.13139544   
   1268000   511.38877      1363.4093      1874.798       40.481263      305.13379      0.1276779    
   1269000   528.41757      1339.4262      1867.8438      30.396725      299.76634      0.12211198   
   1270000   506.23492      1361.6257      1867.8607      92.824477      304.73464      0.11892709   
   1271000   528.1358       1356.9446      1885.0804      118.51832      303.68698      0.11706296   
   1272000   510.11698      1370.4005      1880.5175      128.22712      306.69845      0.11530773   
   1273000   516.97077      1377.6983      1894.6691      124.8291       308.33171      0.11336696   
   1274000   545.48975      1356.0734      1901.5632      114.33855      303.49202      0.1132219    
   1275000   516.44954      1377.9399      1894.3894      129.36525      308.38577      0.11413083   
   1276000   535.96209      1357.9402      1893.9023      156.55734      303.9098       0.11580216   
   1277000   518.78537      1342.6008      1861.3862      183.47415      300.47682      0.12009072   
   1278000   492.70779      1364.0153      1856.7231      188.47921      305.26943      0.12391998   
   1279000   513.5522       1364.4863      1878.0385      138.21703      305.37483      0.12565388   
   1280000   508.86997      1411.2305      1920.1005      130.09743      315.83628      0.12495332   
   1281000   502.72353      1396.9368      1899.6604      83.785987      312.63733      0.1194828    
   1282000   532.78894      1336.2955      1869.0845      43.092232      299.06568      0.11647832   
   1283000   539.7979       1352.7415      1892.5394      76.581587      302.74632      0.11690956   
   1284000   507.19559      1371.9684      1879.164       95.63021       307.04934      0.11789122   
   1285000   516.89237      1357.9234      1874.8158      125.59131      303.90604      0.12083159   
   1286000   530.25931      1319.1092      1849.3685      98.064115      295.21934      0.12429569   
   1287000   491.55589      1348.5893      1840.1452      90.29155       301.81706      0.12600901   
   1288000   472.14469      1370.8594      1843.0041      72.40731       306.80115      0.12554355   
   1289000   487.67998      1345.5412      1833.2212      28.780557      301.13488      0.12298767   
   1290000   520.7119       1340.8011      1861.513       14.278067      300.07404      0.1195693    
   1291000   482.6955       1314.3451      1797.0406      43.501632      294.15313      0.11685851   
   1292000   498.77278      1330.4203      1829.1931      70.437969      297.7508       0.11663483   
   1293000   501.93795      1322.4562      1824.3941      114.33792      295.96841      0.11939505   
   1294000   483.53157      1350.766       1834.2976      140.80597      302.30421      0.1263806    
   1295000   501.5997       1320.6305      1822.2302      100.7245       295.55982      0.12976443   
   1296000   483.94894      1268.9993      1752.9483      108.59798      284.00466      0.12916303   
   1297000   496.88794      1306.5441      1803.432       115.68206      292.40724      0.12617296   
   1298000   489.29549      1315.3461      1804.6416      121.73265      294.37715      0.12305039   
   1299000   487.86419      1325.1916      1813.0558      126.05984      296.58061      0.12109693   
   1300000   499.26383      1326.8469      1826.1107      139.20311      296.95106      0.12070782   
   1301000   474.04163      1341.6873      1815.729       123.51379      300.27238      0.12088091   
   1302000   503.55367      1287.7763      1791.33        69.820645      288.20698      0.12109537   
   1303000   514.63042      1328.2138      1842.8443      58.259309      297.25698      0.12181926   
   1304000   506.22814      1338.4898      1844.718       51.153693      299.55677      0.12284976   
   1305000   488.02394      1369.5611      1857.585       96.137368      306.51058      0.12421483   
   1306000   501.95146      1360.672       1862.6234      105.52741      304.52118      0.1247369    
   1307000   528.09989      1350.6063      1878.7062      107.11781      302.26847      0.12499919   
   1308000   539.13933      1341.4157      1880.555       100.49092      300.21158      0.12268327   
   1309000   506.75007      1383.4377      1890.1878      76.440297      309.61621      0.11655325   
   1310000   509.97093      1336.9697      1846.9407      78.439662      299.21657      0.1128652    
   1311000   495.61872      1337.2205      1832.8392      78.459101      299.27269      0.11308571   
   1312000   510.58692      1311.3542      1821.9412      83.200711      293.48377      0.11604919   
   1313000   505.9689       1339.8998      1845.8687      96.123252      299.87232      0.11910997   
   1314000   506.6827       1322.2819      1828.9646      93.08958       295.92941      0.12169764   
   1315000   498.41028      1309.4548      1807.8651      107.85429      293.05867      0.12371451   
   1316000   503.32919      1293.0008      1796.33        96.754477      289.37624      0.12251434   
   1317000   499.18474      1285.9463      1785.131       129.78089      287.79741      0.12114733   
   1318000   493.86964      1321.0916      1814.9612      122.04355      295.663        0.11791511   
   1319000   539.11561      1305.5998      1844.7154      122.78506      292.19591      0.11531074   
   1320000   512.93949      1329.1036      1842.0431      143.4169       297.45612      0.11559754   
   1321000   510.80704      1295.3629      1806.1699      99.323925      289.90487      0.11704709   
   1322000   506.06744      1256.6882      1762.7556      60.797941      281.2494       0.1201935    
   1323000   490.53228      1317.3235      1807.8558      62.04916       294.81971      0.12251335   
   1324000   492.29681      1332.0965      1824.3933      97.131071      298.12592      0.12431495   
   1325000   504.84765      1328.5674      1833.4151      133.80069      297.33611      0.12343765   
   1326000   522.38025      1284.7005      1807.0807      116.70373      287.5186       0.11585472   
   1327000   505.4382       1273.9004      1779.3386      98.124386      285.10153      0.11196941   
   1328000   491.58702      1328.6277      1820.2147      81.756692      297.3496       0.11289002   
   1329000   531.02395      1329.2456      1860.2696      52.967914      297.48789      0.11668102   
   1330000   491.57604      1313.1789      1804.755       38.861478      293.89214      0.11993934   
   1331000   505.64104      1335.6746      1841.3156      76.332477      298.92671      0.1217794    
   1332000   515.27032      1300.1611      1815.4314      79.753869      290.97872      0.12151934   
   1333000   506.22256      1344.0926      1850.3151      115.82883      300.81068      0.12175265   
   1334000   519.5443       1313.2604      1832.8047      139.90358      293.91038      0.12117076   
   1335000   499.98977      1329.3772      1829.367       151.74235      297.51734      0.11887007   
   1336000   503.83147      1319.9837      1823.8151      139.51183      295.41505      0.11421592   
   1337000   503.11411      1295.7907      1798.9048      104.20792      290.00062      0.11116867   
   1338000   523.12696      1330.5634      1853.6903      86.50572       297.78282      0.11245856   
   1339000   517.7486       1356.2918      1874.0404      97.386306      303.5409       0.11797046   
   1340000   525.10081      1365.4963      1890.5971      104.1847       305.60087      0.12277752   
   1341000   484.48472      1343.7788      1828.2636      130.05067      300.74046      0.12608547   
   1342000   500.37114      1322.8885      1823.2596      167.8824       296.06516      0.12898253   
   1343000   475.0633       1296.7071      1771.7704      133.88238      290.20572      0.13053005   
   1344000   477.99894      1324.5887      1802.5877      110.46553      296.44568      0.13281194   
   1345000   485.18338      1314.3106      1799.494       58.989135      294.14541      0.13174128   
   1346000   510.36599      1331.3196      1841.6855     -24.902002      297.95205      0.12673834   
   1347000   533.83045      1317.4121      1851.2426     -17.748571      294.83954      0.12236083   
   1348000   514.81865      1329.1088      1843.9274      37.633732      297.45727      0.12048567   
   1349000   506.50103      1373.1637      1879.6648      83.709772      307.31686      0.12133409   
   1350000   512.71263      1396.0241      1908.7368      124.5343       312.43306      0.12352307   
   1351000   499.48321      1362.1981      1861.6813      141.28188      304.86274      0.12592523   
   1352000   464.79649      1379.1984      1843.9949      164.42106      308.66743      0.12761693   
   1353000   505.81344      1325.9154      1831.7288      144.89988      296.74259      0.12832538   
   1354000   488.2665       1317.4877      1805.7542      134.87128      294.85646      0.13099263   
   1355000   475.11         1351.1633      1826.2733      82.798384      302.39312      0.13354433   
   1356000   482.31393      1366.3159      1848.6298      49.266591      305.7843       0.13823018   
   1357000   497.5842       1357.8355      1855.4197      49.053484      303.88637      0.14276541   
   1358000   484.37393      1341.9753      1826.3492      68.09493       300.33682      0.14111952   
   1359000   513.80319      1293.8745      1807.6777      121.13411      289.57178      0.13434891   
   1360000   489.01123      1336.7953      1825.8066      176.90623      299.17754      0.12888044   
   1361000   508.24925      1313.3608      1821.6101      189.91346      293.93285      0.12516568   
   1362000   491.79405      1341.2092      1833.0033      170.26442      300.16538      0.12189805   
   1363000   513.84885      1336.8694      1850.7183      112.90511      299.19412      0.12051889   
   1364000   518.2036       1306.8957      1825.0993      70.219981      292.48595      0.12032638   
   1365000   487.34789      1276.0301      1763.378       53.019098      285.57817      0.12059292   
   1366000   497.27488      1313.5         1810.7749      74.979233      293.96401      0.12093822   
   1367000   485.34566      1329.9154      1815.2611      98.4953        297.6378       0.11948627   
   1368000   520.13422      1281.5563      1801.6905      107.55742      286.81492      0.11530866   
   1369000   515.94907      1293.0364      1808.9854      67.888766      289.38419      0.11102259   
   1370000   530.35846      1308.4055      1838.7639      75.223983      292.82383      0.11152151   
   1371000   507.79014      1337.8999      1845.6901      87.412311      299.42475      0.11588094   
   1372000   517.67641      1300.1087      1817.7851      119.67579      290.967        0.11971149   
   1373000   490.7209       1259.3985      1750.1194      148.08252      281.85596      0.12227399   
   1374000   492.33744      1308.4432      1800.7806      177.54211      292.83226      0.12547575   
   1375000   484.71926      1325.0167      1809.736       184.65316      296.54146      0.12716308   
   1376000   504.66276      1331.9865      1836.6493      159.85086      298.10132      0.12464854   
   1377000   507.27281      1295.1921      1802.4649      124.93397      289.86665      0.12195134   
   1378000   503.63967      1330.2122      1833.8519      83.470236      297.70423      0.12026613   
   1379000   519.20521      1312.0952      1831.3004      32.378045      293.6496       0.11809483   
   1380000   519.28513      1305.0615      1824.3467      29.25077       292.07545      0.11600786   
   1381000   508.12481      1321.9901      1830.1149      23.169412      295.86409      0.11356673   
   1382000   535.58251      1306.3049      1841.8874      33.368492      292.35372      0.10992022   
   1383000   539.26002      1378.6577      1917.9177      32.131588      308.54642      0.10834659   
   1384000   566.00263      1344.0147      1910.0173      53.746914      300.79324      0.11113217   
   1385000   573.11924      1343.5019      1916.6211      80.823258      300.67848      0.11718199   
   1386000   535.47939      1349.4804      1884.9598      117.50821      302.01648      0.12058538   
   1387000   519.82836      1338.965       1858.7934      133.77272      299.66312      0.12177697   
   1388000   526.52425      1364.5333      1891.0576      137.59488      305.38536      0.12304758   
   1389000   513.0976       1340.5788      1853.6764      104.27211      300.02428      0.12266534   
   1390000   528.74045      1347.6981      1876.4386      85.729055      301.61761      0.12061396   
   1391000   507.97255      1326.1752      1834.1477      109.96789      296.80073      0.11759969   
   1392000   533.39396      1282.7178      1816.1118      107.84263      287.07487      0.11486724   
   1393000   493.54304      1299.2235      1792.7666      121.91129      290.76889      0.11341772   
   1394000   509.50948      1373.0796      1882.5891      108.5222       307.29803      0.11252977   
   1395000   548.78922      1354.0053      1902.7945      68.430655      303.02916      0.11482521   
   1396000   496.47765      1358.4194      1854.8971      75.943571      304.01705      0.12018127   
   1397000   516.56922      1380.4246      1896.9938      91.737208      308.94185      0.12383981   
   1398000   496.80909      1355.7154      1852.5244      73.200964      303.41188      0.12418998   
   1399000   505.20771      1350.0383      1855.2461      104.0024       302.14135      0.12394886   
   1400000   492.83233      1352.9936      1845.826       123.29387      302.80276      0.12098621   
   1401000   517.16061      1342.4832      1859.6438      96.581447      300.45049      0.11718262   
   1402000   514.20806      1394.8665      1909.0745      79.48442       312.17398      0.11581037   
   1403000   541.90622      1366.6113      1908.5175      80.469226      305.85041      0.11613397   
   1404000   535.82502      1358.5064      1894.3314      67.170643      304.03652      0.11657652   
   1405000   529.44942      1378.1202      1907.5696      80.944408      308.42612      0.11761753   
   1406000   536.36598      1402.7812      1939.1472      139.4999       313.94532      0.11919078   
   1407000   514.41269      1378.2732      1892.6859      153.44005      308.46037      0.11935217   
   1408000   513.9409       1353.8509      1867.7918      126.88365      302.99461      0.11967056   
   1409000   493.8235       1354.0385      1847.862       70.088836      303.03659      0.11949862   
   1410000   508.64917      1387.3968      1896.046       15.074046      310.50226      0.11984005   
   1411000   520.82271      1343.5947      1864.4174      3.0565699      300.69924      0.12069856   
   1412000   510.13217      1345.4811      1855.6132      39.239646      301.12143      0.12282226   
   1413000   503.92505      1376.2972      1880.2222      89.153512      308.01814      0.12401835   
   1414000   518.45879      1411.2196      1929.6784      192.87818      315.83385      0.12554122   
   1415000   528.70228      1370.594       1899.2962      218.06521      306.74174      0.12367273   
   1416000   538.83382      1349.3892      1888.223       178.40393      301.99608      0.11930674   
   1417000   524.83375      1352.0982      1876.932       97.04661       302.60236      0.11622392   
   1418000   519.89389      1376.32        1896.2139      20.204162      308.02324      0.11558584   
   1419000   527.07896      1358.0715      1885.1504     -36.763963      303.93918      0.11605207   
   1420000   495.65567      1376.2098      1871.8655     -3.5422312      307.99859      0.11704955   
   1421000   511.44783      1317.2877      1828.7355      29.69714       294.81169      0.11832729   
   1422000   533.14093      1313.0578      1846.1987      137.08302      293.86503      0.12134487   
   1423000   506.20604      1312.4521      1818.6582      152.31351      293.72948      0.12255941   
   1424000   503.38245      1260.5184      1763.9009      133.17766      282.10661      0.12436128   
   1425000   494.68151      1303.0056      1797.6871      81.279857      291.61532      0.12648868   
   1426000   489.07348      1328.4574      1817.5309      52.669042      297.3115       0.12694254   
   1427000   497.19479      1332.7403      1829.9351      35.94741       298.27001      0.12254477   
   1428000   510.23989      1300.3992      1810.6391      46.267446      291.03202      0.11604955   
   1429000   516.73415      1290.281       1807.0152      85.471426      288.76754      0.11407237   
   1430000   520.88293      1310.47        1831.3529      115.83875      293.28588      0.11577417   
   1431000   509.24244      1342.1242      1851.3667      89.279957      300.37015      0.118143     
   1432000   514.42857      1330.482       1844.9106      67.329919      297.7646       0.12175799   
   1433000   535.66443      1345.3539      1881.0184      53.621411      301.09297      0.12573263   
   1434000   538.381        1318.3746      1856.7556      2.6689698      295.05495      0.12847059   
   1435000   505.41755      1325.7723      1831.1898      27.653802      296.71056      0.12951054   
   1436000   532.84184      1323.0205      1855.8623      25.298478      296.0947       0.12750543   
   1437000   515.51576      1345.9656      1861.4813      57.266968      301.22986      0.12448728   
   1438000   526.70617      1381.632       1908.3382      98.444126      309.21208      0.12201858   
   1439000   545.16683      1398.5224      1943.6892      134.4119       312.99218      0.12011223   
   1440000   531.8893       1354.9988      1886.8881      137.1327       303.25152      0.11684213   
   1441000   511.53924      1354.5449      1866.0842      116.47339      303.14994      0.11216931   
   1442000   520.81742      1348.6748      1869.4922      54.537429      301.83618      0.10993852   
   1443000   499.43323      1328.5239      1827.9571      43.805935      297.32637      0.11301944   
   1444000   509.4613       1341.9304      1851.3917      54.824759      300.32677      0.11870594   
   1445000   531.11305      1300.1579      1831.2709      63.348354      290.978        0.12094233   
   1446000   489.14294      1291.6487      1780.7916      64.884788      289.07362      0.12116915   
   1447000   481.46918      1325.1271      1806.5963      107.94628      296.56617      0.12148515   
   1448000   488.53452      1327.7227      1816.2572      98.14263       297.14705      0.12290598   
   1449000   499.15757      1333.5447      1832.7023      130.23808      298.45004      0.12623614   
   1450000   496.93275      1302.6844      1799.6171      146.91293      291.54343      0.1282971    
   1451000   497.25488      1324.0805      1821.3353      145.49458      296.33193      0.12618926   
   1452000   517.02179      1321.412       1838.4338      148.4357       295.73472      0.12177324   
   1453000   516.32518      1310.2129      1826.5381      105.06773      293.22833      0.11564861   
   1454000   519.01084      1299.144       1818.1549      68.226089      290.7511       0.11481478   
   1455000   519.09306      1350.9264      1870.0195      37.972481      302.3401       0.11729654   
   1456000   540.84168      1306.3443      1847.186       36.919988      292.36253      0.11982091   
   1457000   533.89277      1324.5602      1858.4529      84.469268      296.43929      0.12131846   
   1458000   511.71286      1333.7316      1845.4445      131.40254      298.49187      0.12266712   
   1459000   514.79845      1364.4752      1879.2737      116.35201      305.37235      0.12193524   
   1460000   517.81554      1391.9488      1909.7643      104.08017      311.521        0.12045994   
   1461000   536.69857      1345.4182      1882.1167      72.687981      301.10735      0.11958825   
   1462000   499.8177       1376.7469      1876.5646      89.054416      308.11879      0.11842874   
   1463000   514.16031      1365.2001      1879.3604      114.40617      305.53458      0.11998242   
   1464000   515.18147      1339.8103      1854.9918      131.82976      299.8523       0.12451778   
   1465000   525.34363      1349.05        1874.3936      120.92263      301.92016      0.12808902   
   1466000   500.95026      1346.7228      1847.673       123.25092      301.39932      0.1282231    
   1467000   488.75211      1378.5334      1867.2855      109.14795      308.51859      0.12580144   
   1468000   535.36265      1333.5662      1868.9289      37.14061       298.45486      0.12229378   
   1469000   522.24081      1342.4811      1864.7219      36.379781      300.45002      0.12109194   
   1470000   532.95277      1374.0774      1907.0302      35.966537      307.52134      0.12069022   
   1471000   515.66857      1339.2218      1854.8904      73.734926      299.7206       0.12212933   
   1472000   523.74899      1338.3751      1862.1241      87.605893      299.5311       0.12269736   
   1473000   512.12726      1344.3282      1856.4554      133.39645      300.8634       0.12248777   
   1474000   514.92359      1353.5682      1868.4918      157.63898      302.93134      0.1238806    
   1475000   503.52342      1345.9233      1849.4467      167.52357      301.2204       0.12624497   
   1476000   523.67998      1372.3487      1896.0287      143.1109       307.13446      0.12866845   
   1477000   511.1529       1351.4408      1862.5937      102.3273       302.45523      0.13048176   
   1478000   508.38844      1347.4855      1855.8739      82.250682      301.57002      0.13057373   
   1479000   501.72035      1338.5656      1840.2859      104.47035      299.57372      0.12628661   
   1480000   530.77437      1371.6104      1902.3848      114.56573      306.96923      0.1205608    
   1481000   530.29491      1319.7026      1849.9975      120.32284      295.35214      0.11866825   
   1482000   506.0744       1308.8588      1814.9332      145.10188      292.92528      0.11893131   
   1483000   496.12477      1320.579       1816.7038      165.65155      295.54829      0.12042325   
   1484000   516.86497      1305.3547      1822.2197      112.86101      292.14106      0.12101675   
   1485000   527.15573      1313.057       1840.2127      54.695456      293.86485      0.1234083    
   1486000   512.6757       1346.0766      1858.7523      8.9726647      301.25471      0.12648114   
   1487000   547.181        1341.4723      1888.6533      6.2366104      300.22426      0.12768116   
   1488000   490.13766      1360.581       1850.7187      75.93746       304.50082      0.12677641   
   1489000   504.64023      1351.304       1855.9442      82.173526      302.4246       0.12183805   
   1490000   522.33747      1364.4713      1886.8088      86.094189      305.37148      0.11731633   
   1491000   511.59748      1343.0943      1854.6917      97.332689      300.58725      0.11731743   
   1492000   532.86015      1346.9654      1879.8255      92.825069      301.45361      0.11954564   
   1493000   518.85215      1395.6291      1914.4813      79.283956      312.34466      0.12229157   
   1494000   547.49312      1354.477       1901.9701      57.851323      303.13473      0.12416763   
   1495000   515.71366      1370.6859      1886.3996      46.529301      306.76232      0.12400057   
   1496000   536.31319      1365.3027      1901.6159      85.735182      305.55754      0.12312804   
   1497000   536.25539      1362.2581      1898.5134      120.5454       304.87615      0.12180177   
   1498000   542.34029      1363.2316      1905.5719      120.12205      305.09403      0.11935315   
   1499000   518.0869       1362.9184      1881.0053      111.93917      305.02393      0.11616642   
   1500000   539.45491      1360.4323      1899.8872      97.920811      304.46755      0.1142771    
   1501000   521.09383      1347.7302      1868.824       69.394525      301.62479      0.11510171   
   1502000   489.8178       1350.8948      1840.7126      89.420587      302.33303      0.11987031   
   1503000   505.59121      1347.8521      1853.4433      115.87503      301.65207      0.12458901   
   1504000   491.8916       1288.8946      1780.7862      124.58005      288.45725      0.12609501   
   1505000   515.74182      1312.244       1827.9858      101.42083      293.6829       0.12522749   
   1506000   501.33271      1319.3084      1820.6411      106.44394      295.26392      0.12257023   
   1507000   496.12436      1324.4923      1820.6167      96.156288      296.4241       0.11863693   
   1508000   501.31979      1337.3521      1838.6719      117.53648      299.30215      0.11708293   
   1509000   516.9263       1335.3336      1852.2599      130.003        298.85041      0.11731227   
   1510000   500.5051       1332.7103      1833.2154      127.59916      298.26329      0.11884156   
   1511000   531.07348      1334.0914      1865.1649      94.793536      298.5724       0.12271123   
   1512000   505.74929      1298.3167      1804.066       79.379487      290.56594      0.12959634   
   1513000   486.11952      1319.456       1805.5755      73.797762      295.29697      0.13211402   
   1514000   507.22873      1273.5924      1780.8211      84.733191      285.03259      0.12995896   
   1515000   482.00845      1310.1638      1792.1723      116.5251       293.21735      0.12653301   
   1516000   499.97545      1311.5473      1811.5228      128.65443      293.52698      0.1233001    
   1517000   520.28253      1340.4959      1860.7784      125.92936      300.00573      0.12031336   
   1518000   537.15456      1330.1194      1867.2739      125.8939       297.68345      0.11788204   
   1519000   550.72874      1319.4453      1870.174       115.41326      295.29456      0.11629988   
   1520000   542.18999      1299.4335      1841.6235      119.30129      290.81589      0.11625114   
   1521000   520.6138       1332.4608      1853.0746      133.75543      298.20746      0.1173193    
   1522000   502.28599      1325.314       1827.6         132.67754      296.608        0.11994656   
   1523000   502.93942      1345.9046      1848.844       98.559633      301.21621      0.12241211   
   1524000   503.68113      1381.6303      1885.3114      58.520157      309.21169      0.12554749   
   1525000   512.26384      1350.2999      1862.5637      27.421611      302.19989      0.12760757   
   1526000   508.27994      1359.4425      1867.7224      26.042548      304.24602      0.12810542   
   1527000   537.60098      1382.443       1920.044       17.167612      309.39358      0.125836     
   1528000   519.16288      1343.0133      1862.1762      37.427875      300.56913      0.12216781   
   1529000   520.91469      1323.6022      1844.5169      34.714226      296.22489      0.11854737   
   1530000   525.41392      1323.2181      1848.632       44.026451      296.13893      0.11879374   
   1531000   514.16308      1329.1393      1843.3024      62.597834      297.46411      0.12092586   
   1532000   482.74855      1333.3473      1816.0958      66.551515      298.40586      0.12271276   
   1533000   482.71724      1305.0067      1787.724       80.073578      292.06318      0.1262756    
   1534000   515.71723      1320.6637      1836.3809      69.951513      295.56725      0.13039068   
   1535000   516.59333      1351.2793      1867.8727      25.425902      302.41909      0.13037428   
   1536000   515.66496      1359.0615      1874.7264      23.004133      304.16075      0.12859744   
   1537000   527.08876      1375.2427      1902.3314      60.146743      307.78213      0.12614918   
   1538000   537.53161      1411.3356      1948.8672      85.167233      315.8598       0.12213337   
   1539000   527.58831      1355.9535      1883.5418      116.43927      303.46517      0.11892058   
   1540000   522.2172       1350.0732      1872.2904      152.47586      302.14916      0.11693769   
   1541000   516.07189      1338.4207      1854.4926      144.03058      299.5413       0.11664505   
   1542000   538.77098      1316.7609      1855.5319      139.43991      294.69379      0.11918468   
   1543000   518.02641      1330.4782      1848.5046      92.683085      297.76374      0.12140823   
   1544000   503.59866      1339.9524      1843.551       58.026132      299.88409      0.12325724   
   1545000   479.99076      1336.657       1816.6478      54.390108      299.14658      0.12389675   
   1546000   538.92135      1316.2862      1855.2076      88.470543      294.58756      0.12328497   
   1547000   506.54094      1329.8835      1836.4245      179.81215      297.63067      0.12207159   
   1548000   495.07888      1311.8202      1806.899       183.76446      293.58804      0.11958223   
   1549000   511.61099      1339.8607      1851.4717      132.69646      299.86358      0.11813434   
   1550000   524.12072      1318.5419      1842.6626      62.119982      295.09239      0.11864864   
   1551000   516.45841      1314.0475      1830.5059      17.525273      294.08653      0.1197779    
   1552000   521.13803      1307.3591      1828.4971      35.0623        292.58964      0.12083705   
   1553000   530.47334      1323.6508      1854.1242      64.939274      296.23577      0.12103393   
   1554000   508.30262      1356.5203      1864.8229      126.94455      303.59202      0.12260026   
   1555000   496.04924      1388.3142      1884.3635      206.31996      310.70757      0.12664322   
   1556000   532.94152      1354.8033      1887.7448      194.00207      303.20775      0.12768951   
   1557000   501.19214      1366.8469      1868.039       145.84016      305.90314      0.12558428   
   1558000   506.83042      1354.8412      1861.6716      93.48737       303.21623      0.1219769    
   1559000   541.26428      1301.7885      1843.0528      35.458362      291.34293      0.11744086   
   1560000   512.97146      1328.1944      1841.1658      75.034986      297.25263      0.1171341    
   1561000   506.40174      1325.1311      1831.5329      157.06996      296.56707      0.11904745   
   1562000   515.75258      1342.8232      1858.5758      170.14065      300.52659      0.12011837   
   1563000   479.90754      1345.1381      1825.0457      153.37151      301.04468      0.1210061    
   1564000   506.46403      1334.4427      1840.9067      78.66882       298.65101      0.12079462   
   1565000   518.02207      1303.6325      1821.6546      50.161928      291.75563      0.11981845   
   1566000   521.46909      1331.9046      1853.3737      56.446523      298.08298      0.11915501   
   1567000   530.84884      1333.7263      1864.5751      89.082612      298.49068      0.11862062   
   1568000   511.68482      1344.7428      1856.4277      127.81455      300.95621      0.11844352   
   1569000   511.10256      1371.5447      1882.6472      155.45048      306.95451      0.11949115   
   1570000   560.26797      1390.4134      1950.6814      143.84449      311.17737      0.12009082   
   1571000   548.12978      1371.4264      1919.5562      115.48101      306.92804      0.12066052   
   1572000   547.34021      1364.3727      1911.7129      71.300457      305.34941      0.12107109   
   1573000   513.99861      1358.1776      1872.1763      56.109834      303.96294      0.12180547   
   1574000   505.57764      1363.5986      1869.1762      60.437134      305.17616      0.12206296   
   1575000   517.69031      1354.7541      1872.4444      110.21521      303.19675      0.12177597   
   1576000   539.988        1380.907       1920.895       138.67468      309.04981      0.11914437   
   1577000   522.81459      1360.45        1883.2646      96.86271       304.47151      0.11234764   
   1578000   539.26743      1359.2294      1898.4968      85.420207      304.19832      0.10884441   
   1579000   571.25431      1388.1035      1959.3578      41.49397       310.66042      0.10779298   
   1580000   551.5198       1348.1481      1899.6679      42.283922      301.71831      0.1090506    
   1581000   509.15157      1344.1751      1853.3267      57.352024      300.82915      0.112812     
   1582000   517.70967      1332.13        1849.8397      91.346669      298.13343      0.11676371   
   1583000   508.98377      1332.0773      1841.0611      79.452851      298.12163      0.11844611   
   1584000   502.92869      1341.2099      1844.1386      85.581943      300.16553      0.12077733   
   1585000   525.32953      1308.5319      1833.8614      67.021487      292.85211      0.12307883   
   1586000   524.1125       1276.6672      1800.7797      50.154962      285.72074      0.12264439   
   1587000   525.62274      1267.2972      1792.9199      29.344961      283.62371      0.1201131    
   1588000   500.24763      1319.6282      1819.8758      39.440459      295.33549      0.11799482   
   1589000   520.22396      1335.6045      1855.8285      69.100185      298.91103      0.11646999   
   1590000   510.53131      1329.4015      1839.9328      60.192073      297.52278      0.11346625   
   1591000   548.04309      1293.8033      1841.8463      96.786218      289.55582      0.11203704   
   1592000   530.99155      1282.3592      1813.3507      108.08093      286.99461      0.11148208   
   1593000   523.46279      1331.7271      1855.1899      155.99081      298.04327      0.11519122   
   1594000   512.81785      1324.6213      1837.4392      155.12877      296.45298      0.12133905   
   1595000   537.62144      1313.276       1850.8974      118.75184      293.91386      0.12312187   
   1596000   512.50303      1328.3148      1840.8179      77.66392       297.27959      0.12342487   
   1597000   500.60479      1365.5769      1866.1817      45.705169      305.61891      0.12274409   
   1598000   528.29432      1382.7664      1911.0607      81.167538      309.46596      0.122666     
   1599000   528.16102      1355.4667      1883.6278      94.598605      303.35624      0.12228409   
   1600000   537.46353      1352.2511      1889.7147      105.87271      302.63658      0.12064566   
   1601000   536.07971      1327.7671      1863.8468      110.04997      297.157        0.11687938   
   1602000   521.62291      1349.5717      1871.1946      132.11768      302.03692      0.11305584   
   1603000   557.13902      1392.1196      1949.2587      144.48335      311.55923      0.11177075   
   1604000   525.18564      1372.9768      1898.1625      139.76626      307.27503      0.11300794   
   1605000   529.93111      1365.6131      1895.5442      123.33552      305.62701      0.11801286   
   1606000   524.91744      1372.0749      1896.9923      92.617032      307.07318      0.12258956   
   1607000   537.6774       1354.9358      1892.6132      87.214876      303.23741      0.12383701   
   1608000   525.68125      1338.0576      1863.7389      71.591455      299.46004      0.12311068   
   1609000   538.09281      1285.5284      1823.6212      58.587785      287.7039       0.12092942   
   1610000   531.45614      1262.1471      1793.6032      45.266663      282.4711       0.11839146   
   1611000   519.9975       1330.9347      1850.9322      56.026605      297.86591      0.11790045   
   1612000   526.91971      1323.2873      1850.207       71.222184      296.15442      0.11881707   
   1613000   550.61074      1322.3999      1873.0107      92.472983      295.95582      0.11976672   
   1614000   488.2041       1339.8878      1828.0919      142.51996      299.86964      0.12166712   
   1615000   499.15903      1285.5571      1784.7161      136.71534      287.71032      0.125736     
   1616000   491.84133      1283.0473      1774.8886      140.47943      287.14861      0.12932156   
   1617000   483.50636      1342.1604      1825.6667      149.72451      300.37824      0.13131423   
   1618000   506.82456      1315.1164      1821.9409      115.30311      294.32575      0.13058488   
   1619000   496.03648      1342.0238      1838.0603      107.43189      300.34769      0.12630254   
   1620000   504.02129      1289.5002      1793.5215      97.480788      288.59279      0.12024175   
   1621000   514.2901       1322.1672      1836.4573      85.452066      295.90374      0.11797373   
   1622000   516.09304      1297.3533      1813.4464      94.822903      290.35034      0.11827289   
   1623000   509.87594      1321.26        1831.1359      63.111031      295.70069      0.1173946    
   1624000   531.57481      1308.1542      1839.729       65.790365      292.76759      0.11693269   
   1625000   500.79834      1293.8127      1794.6111      87.936653      289.55795      0.11495923   
   1626000   530.85858      1296.7361      1827.5947      91.152189      290.21219      0.11395463   
   1627000   524.83869      1319.287       1844.1257      84.324043      295.25913      0.11487319   
   1628000   498.36928      1334.5375      1832.9068      80.670127      298.67223      0.11911559   
   1629000   503.58052      1310.0891      1813.6696      118.37548      293.20063      0.12418718   
   1630000   510.1587       1266.4171      1776.5758      85.711688      283.42675      0.12381771   
   1631000   530.8962       1315.4937      1846.3899      100.72529      294.41018      0.12068275   
   1632000   508.75706      1302.9044      1811.6615      104.79087      291.59268      0.11751687   
   1633000   507.05849      1304.1612      1811.2197      98.761315      291.87395      0.11522691   
   1634000   528.56102      1301.6532      1830.2143      105.37837      291.31267      0.11638067   
   1635000   519.18131      1333.8736      1853.0549      85.765693      298.52365      0.11991701   
   1636000   505.16043      1314.3261      1819.4866      78.893457      294.14889      0.12316025   
   1637000   499.04174      1304.5288      1803.5705      111.68057      291.95622      0.12395481   
   1638000   492.07882      1272.4748      1764.5536      101.44508      284.78246      0.12298431   
   1639000   482.03096      1326.0767      1808.1076      134.9023       296.77868      0.12276365   
   1640000   497.66481      1330.9916      1828.6564      142.22531      297.87865      0.12160253   
   1641000   502.86969      1336.7074      1839.5771      136.49402      299.15786      0.12057052   
   1642000   523.8242       1305.6937      1829.5179      81.216341      292.21694      0.12200304   
   1643000   506.05846      1336.0101      1842.0686      44.649865      299.0018       0.12701327   
   1644000   511.09321      1369.8259      1880.9191      13.657109      306.56986      0.13179362   
   1645000   512.41091      1333.0895      1845.5004      32.555818      298.34817      0.13119179   
   1646000   492.44944      1318.0601      1810.5096      58.765562      294.98457      0.12873243   
   1647000   493.10264      1345.4668      1838.5695      132.65386      301.11824      0.12666954   
   1648000   509.37732      1306.1665      1815.5439      134.02741      292.32275      0.1232722    
   1649000   513.55694      1322.4513      1836.0083      156.55034      295.96732      0.12030302   
   1650000   505.12866      1342.699       1847.8277      158.65281      300.4988       0.11808598   
   1651000   508.25326      1327.8546      1836.1079      158.85539      297.17659      0.11765326   
   1652000   506.6403       1328.3269      1834.9672      131.19397      297.28228      0.11916596   
   1653000   494.8542       1320.8378      1815.692       94.436207      295.60621      0.12180538   
   1654000   502.42748      1331.0747      1833.5022      32.279451      297.89725      0.12636653   
   1655000   495.55393      1348.2167      1843.7706      27.417671      301.73367      0.13112514   
   1656000   515.13688      1343.6907      1858.8276      33.667527      300.72073      0.13222626   
   1657000   516.50105      1356.7234      1873.2244      78.84776       303.63747      0.12985579   
   1658000   539.58432      1373.4273      1913.0116      130.73612      307.37586      0.12548834   
   1659000   512.535        1350.045       1862.58        106.82473      302.14284      0.12107664   
   1660000   514.70117      1357.0565      1871.7577      95.662481      303.71204      0.12019502   
   1661000   533.44134      1366.0866      1899.528       61.141783      305.73299      0.12102719   
   1662000   500.45591      1325.6759      1826.1318      53.344541      296.68899      0.12401838   
   1663000   513.35557      1323.3683      1836.7239      33.930584      296.17254      0.12684654   
   1664000   510.31862      1326.3289      1836.6476      73.912459      296.83514      0.12908575   
   1665000   488.26766      1321.243       1809.5107      106.18558      295.6969       0.12792163   
   1666000   498.0546       1320.9282      1818.9828      149.40278      295.62644      0.12608457   
   1667000   510.43828      1316.7351      1827.1733      149.86536      294.68801      0.12482836   
   1668000   503.61564      1322.0465      1825.6621      139.32671      295.87671      0.12435049   
   1669000   503.54267      1316.2157      1819.7584      111.89886      294.57178      0.12405328   
   1670000   507.97027      1319.8847      1827.8549      119.44497      295.3929       0.1222858    
   1671000   470.76127      1324.6028      1795.3641      107.29977      296.44883      0.11935846   
   1672000   519.40986      1319.4092      1838.8191      93.932427      295.28649      0.11713731   
   1673000   531.98985      1324.3273      1856.3171      84.951168      296.38716      0.11549108   
   1674000   497.71386      1343.7603      1841.4741      86.444066      300.73631      0.11633554   
   1675000   515.73224      1339.109       1854.8412      114.89934      299.69534      0.1213185    
   1676000   531.38921      1332.7332      1864.1224      123.99867      298.26842      0.12496438   
   1677000   505.78763      1351.7914      1857.579       115.25138      302.53368      0.12644977   
   1678000   500.589        1360.2268      1860.8158      123.29142      304.42155      0.12680925   
   1679000   522.73876      1362.0432      1884.782       100.21927      304.82807      0.1248216    
   1680000   552.13269      1373.4554      1925.5881      139.79764      307.38213      0.12371749   
   1681000   518.24776      1365.6722      1883.92        156.29394      305.64025      0.12303436   
   1682000   494.77202      1357.8119      1852.584       146.41254      303.8811       0.12291785   
   1683000   513.18054      1317.5853      1830.7659      104.68852      294.8783       0.12220618   
   1684000   509.07654      1294.598       1803.6746      72.691973      289.7337       0.12141141   
   1685000   510.19577      1252.6827      1762.8785      61.234629      280.35296      0.12084193   
   1686000   530.11639      1294.9703      1825.0867      58.350663      289.81702      0.1200845    
   1687000   513.50913      1338.0066      1851.5158      73.14529       299.44863      0.12009575   
   1688000   525.57312      1313.7093      1839.2824      104.42046      294.01084      0.12050529   
   1689000   513.26856      1309.702       1822.9706      111.80418      293.11401      0.12141311   
   1690000   514.96636      1310.0801      1825.0465      153.58687      293.19862      0.12297044   
   1691000   518.23883      1334.5108      1852.7496      167.59824      298.66625      0.12367478   
   1692000   535.90076      1343.059       1878.9598      188.58522      300.57936      0.12538451   
   1693000   515.99376      1331.7265      1847.7202      157.89927      298.04312      0.12667502   
   1694000   517.70419      1368.8101      1886.5143      152.99919      306.34252      0.12787696   
   1695000   512.40348      1372.0621      1884.4656      153.77809      307.07032      0.12874008   
   1696000   518.273        1370.6757      1888.9487      116.52344      306.76004      0.12862271   
   1697000   478.51602      1363.0386      1841.5547      134.12967      305.05084      0.12808786   
   1698000   515.37969      1328.0332      1843.4129      129.60108      297.21657      0.12503991   
   1699000   493.20309      1331.7898      1824.9929      129.69231      298.0573       0.11957405   
   1700000   500.96159      1276.407       1777.3686      99.337075      285.66251      0.11730799   
   1701000   528.92072      1299.0706      1827.9913      91.551824      290.73466      0.12031697   
   1702000   510.62359      1317.0295      1827.6531      59.562838      294.7539       0.12259551   
   1703000   509.72291      1339.616       1849.3389      24.919415      299.80881      0.12301518   
   1704000   503.87264      1338.1991      1842.0718      56.100571      299.49171      0.12405487   
   1705000   522.68115      1332.6486      1855.3297      56.16799       298.24948      0.12438898   
   1706000   531.33326      1336.7933      1868.1265      84.973199      299.17708      0.12401157   
   1707000   516.19804      1348.6599      1864.858       106.19791      301.83286      0.12409222   
   1708000   519.36942      1346.1995      1865.5689      109.64795      301.28221      0.12428184   
   1709000   531.34714      1342.8574      1874.2046      123.45869      300.53425      0.12453348   
   1710000   513.92779      1370.7141      1884.6419      108.43106      306.76863      0.12458923   
   1711000   517.73775      1338.1915      1855.9292      63.999738      299.48999      0.12276492   
   1712000   502.60461      1314.9866      1817.5912      38.396322      294.2967       0.11876101   
   1713000   537.14631      1316.8403      1853.9866      23.133995      294.71156      0.11405637   
   1714000   528.17528      1356.2863      1884.4616      30.381973      303.53965      0.1127268    
   1715000   566.7478       1337.5188      1904.2666      58.416963      299.33946      0.11472971   
   1716000   528.83106      1314.1494      1842.9805      86.929746      294.10934      0.11766474   
   1717000   523.28054      1325.8033      1849.0839      126.0372       296.71751      0.12075207   
   1718000   515.52187      1315.6949      1831.2168      108.96475      294.45522      0.121369     
   1719000   504.21533      1332.2162      1836.4315      79.104423      298.15272      0.1208591    
   1720000   529.2893       1330.4293      1859.7186      62.586797      297.7528       0.11978342   
   1721000   527.5301       1375.4433      1902.9734      76.880073      307.82703      0.11819377   
   1722000   518.53156      1360.7883      1879.3199      110.93135      304.54722      0.11640882   
   1723000   556.62594      1344.5359      1901.1619      122.98179      300.9099       0.11351318   
   1724000   524.1769       1359.0643      1883.2412      135.39426      304.16139      0.11305652   
   1725000   528.80013      1378.0681      1906.8682      164.11353      308.41447      0.11865202   
   1726000   549.05865      1387.6602      1936.7188      141.42146      310.56119      0.12362731   
   1727000   544.52235      1311.8144      1856.3367      100.07678      293.58676      0.12520791   
   1728000   484.2437       1337.9218      1822.1655      90.122376      299.42964      0.12664928   
   1729000   495.27506      1335.4767      1830.7517      85.935578      298.88242      0.12704988   
   1730000   531.0329       1280.9738      1812.0067      54.645957      286.68456      0.12478804   
   1731000   512.97886      1332.7195      1845.6984      76.118761      298.26537      0.12115487   
   1732000   524.89803      1337.2033      1862.1013      110.23972      299.26884      0.11650898   
   1733000   539.74998      1347.421       1887.1709      131.16295      301.55557      0.11535531   
   1734000   528.00883      1366.3244      1894.3332      143.17414      305.78621      0.11735945   
   1735000   525.54871      1347.8711      1873.4198      116.26105      301.65631      0.1214895    
   1736000   542.60298      1363.9736      1906.5765      83.596218      305.26008      0.12353672   
   1737000   528.47016      1337.6147      1866.0848      84.411327      299.36091      0.12461783   
   1738000   491.87038      1393.0981      1884.9685      86.771199      311.77822      0.12486829   
   1739000   555.07821      1387.7836      1942.8618      88.886738      310.58882      0.12536281   
   1740000   513.46538      1384.9051      1898.3704      100.08061      309.9446       0.12391036   
   1741000   537.31593      1354.7835      1892.0994      82.622785      303.20333      0.12109587   
   1742000   532.49253      1347.5702      1880.0627      76.698615      301.58898      0.11931853   
   1743000   551.24254      1327.9347      1879.1772      67.997694      297.1945       0.11874499   
   1744000   530.06126      1392.4018      1922.4631      89.893271      311.62238      0.11656979   
   1745000   523.54453      1331.0322      1854.5768      97.219278      297.88775      0.11404389   
   1746000   526.39627      1328.4969      1854.8932      104.57866      297.32034      0.11450932   
   1747000   524.39949      1338.2652      1862.6647      101.72919      299.5065       0.11902841   
   1748000   519.18721      1341.5929      1860.7801      120.18169      300.25123      0.12338673   
   1749000   520.85445      1355.5945      1876.449       117.0624       303.38484      0.12378965   
   1750000   517.32292      1307.3466      1824.6695      106.217        292.58686      0.12255388   
   1751000   517.74775      1322.9351      1840.6829      116.11027      296.0756       0.12135972   
   1752000   525.93603      1299.9503      1825.8863      105.23897      290.93154      0.11953213   
   1753000   531.05375      1310.5259      1841.5796      63.60644       293.29838      0.11829181   
   1754000   532.81343      1329.9781      1862.7915      63.451702      297.65183      0.11719936   
   1755000   529.94658      1310.3867      1840.3333      102.24564      293.26724      0.11779156   
   1756000   517.30562      1287.2867      1804.5923      86.13982       288.0974       0.11836374   
   1757000   491.47634      1288.7721      1780.2485      86.648131      288.42984      0.1196664    
   1758000   508.79881      1313.4426      1822.2414      65.303068      293.95115      0.12241188   
   1759000   532.19574      1315.066       1847.2618      34.75062       294.31448      0.12486207   
   1760000   514.7694       1318.7659      1833.5353      85.82131       295.14252      0.12625243   
   1761000   499.24089      1341.3588      1840.5997      128.57329      300.19886      0.1258707    
   1762000   509.57053      1323.4769      1833.0474      152.32469      296.19684      0.12411112   
   1763000   525.28182      1366.1857      1891.4675      174.03069      305.75516      0.1193801    
   1764000   547.24955      1391.0385      1938.2881      136.70886      311.31728      0.11486188   
   1765000   546.5744       1358.3378      1904.9122      125.19253      303.99878      0.11432754   
   1766000   543.4114       1355.4335      1898.8449      54.443437      303.34879      0.11562142   
   1767000   556.59529      1345.0138      1901.6091      17.040979      301.01684      0.11969103   
   1768000   524.11804      1358.5432      1882.6613      20.689473      304.04476      0.12353053   
   1769000   520.87455      1372.4373      1893.3118      21.23177       307.15428      0.1237683    
   1770000   530.47161      1334.0819      1864.5535      48.189479      298.57027      0.12388996   
   1771000   499.6843       1360.3962      1860.0805      117.34169      304.45946      0.12403257   
   1772000   504.84281      1340.3128      1845.1556      137.32945      299.96475      0.12391468   
   1773000   525.50789      1330.0236      1855.5315      145.10444      297.662        0.12463334   
   1774000   516.21671      1378.2974      1894.5141      137.87775      308.46578      0.12446595   
   1775000   520.39303      1381.1043      1901.4973      135.91092      309.09397      0.12164999   
   1776000   516.86569      1368.3394      1885.2051      100.22436      306.23718      0.11812325   
   1777000   534.30892      1332.6148      1866.9238      103.1485       298.24194      0.11773303   
   1778000   529.53124      1349.7012      1879.2324      107.96979      302.0659       0.12098149   
   1779000   518.19394      1330.339       1848.5329      139.00649      297.73259      0.12588926   
   1780000   504.81448      1353.0019      1857.8164      117.35148      302.80461      0.1275182    
   1781000   529.49972      1360.7448      1890.2446      87.762696      304.53749      0.12679216   
   1782000   507.31848      1372.8705      1880.189       74.30232       307.25123      0.12380814   
   1783000   522.07241      1339.7425      1861.8149      74.562102      299.83713      0.11962718   
   1784000   534.67936      1333.1537      1867.833       91.803157      298.36253      0.11592038   
   1785000   501.69357      1347.0511      1848.7447      73.500177      301.4728       0.11478131   
   1786000   538.48865      1300.4465      1838.9352      55.185636      291.0426       0.11460278   
   1787000   531.5874       1286.3959      1817.9833      51.844841      287.89803      0.1151128    
   1788000   512.77841      1285.8544      1798.6329      65.415017      287.77686      0.11579683   
   1789000   508.99189      1316.5012      1825.4931      110.02936      294.63568      0.1190562    
   1790000   530.4922       1316.6287      1847.1209      91.825264      294.6642       0.12164252   
   1791000   513.06791      1324.2496      1837.3175      92.478898      296.36979      0.122329     
   1792000   524.45544      1329.8063      1854.2617      100.29647      297.61337      0.12111362   
   1793000   532.10906      1282.1833      1814.2924      77.822965      286.95525      0.11852961   
   1794000   526.48544      1327.6019      1854.0873      86.927518      297.12003      0.11705223   
   1795000   512.00042      1347.9101      1859.9105      97.219195      301.66505      0.11500454   
   1796000   503.94496      1300.7434      1804.6884      111.82207      291.10905      0.11443508   
   1797000   524.51679      1313.6755      1838.1923      97.32453       294.00327      0.11745905   
   1798000   542.77424      1307.0736      1849.8478      68.832615      292.52575      0.12235259   
   1799000   514.07414      1347.1683      1861.2425      89.897489      301.49904      0.12520963   
   1800000   529.51933      1336.6061      1866.1254      84.689476      299.13518      0.12519617   
   1801000   538.89231      1330.5759      1869.4682      101.86909      297.78562      0.12433225   
   1802000   506.93473      1362.2535      1869.1882      171.92878      304.87513      0.12268098   
   1803000   526.39686      1341.2843      1867.6811      169.19836      300.18217      0.1192096    
   1804000   556.34427      1309.1859      1865.5301      130.45891      292.99849      0.11504215   
   1805000   540.44512      1308.5519      1848.997       87.286784      292.8566       0.11008805   
   1806000   532.79983      1347.5392      1880.3391      35.814242      301.58204      0.10702822   
   1807000   556.18784      1283.2272      1839.4151     -3.955851       287.18889      0.10852519   
   1808000   533.12113      1321.3221      1854.4432     -10.738         295.7146       0.11445748   
   1809000   514.0108       1328.451       1842.4618      39.339667      297.31007      0.11981877   
   1810000   499.10293      1321.2202      1820.3231      112.01042      295.69178      0.12133712   
   1811000   482.47574      1305.2223      1787.698       150.82782      292.11142      0.12060648   
   1812000   524.58261      1291.1076      1815.6902      146.3322       288.95253      0.12032103   
   1813000   526.60991      1352.2523      1878.8622      127.17057      302.63684      0.12042168   
   1814000   526.24647      1372.6858      1898.9322      85.226807      307.20989      0.12177635   
   1815000   546.46616      1327.8958      1874.3619      44.951784      297.1858       0.12378069   
   1816000   536.38251      1367.0696      1903.4521      97.986994      305.95297      0.1258398    
   1817000   515.63435      1347.303       1862.9373      164.97539      301.52917      0.12570651   
   1818000   521.41258      1340.4938      1861.9064      133.60293      300.00527      0.12349764   
   1819000   538.01745      1357.0756      1895.093       130.82634      303.7163       0.12365873   
   1820000   490.37052      1375.4159      1865.7864      101.65824      307.82091      0.12488453   
   1821000   491.77041      1380.7091      1872.4795      103.82113      309.00553      0.12763845   
   1822000   517.0581       1363.2458      1880.3039      129.93996      305.09722      0.13156258   
   1823000   523.82734      1376.0996      1899.9269      120.19271      307.97391      0.1316179    
   1824000   497.99647      1352.8788      1850.8753      115.01855      302.77706      0.1273839    
   1825000   511.93314      1346.8292      1858.7624      105.92584      301.42315      0.12273979   
   1826000   534.41476      1348.443       1882.8577      77.806845      301.78431      0.12198498   
   1827000   525.7056       1335.5774      1861.283       110.4131       298.90495      0.12307282   
   1828000   525.0292       1341.5788      1866.608       118.18464      300.2481       0.12438352   
   1829000   521.36897      1337.2732      1858.6422      105.64191      299.2845       0.12549151   
   1830000   494.10258      1361.0755      1855.1781      108.55096      304.61149      0.12576611   
   1831000   493.46023      1343.6415      1837.1018      96.862493      300.70973      0.12566483   
   1832000   517.48376      1325.7438      1843.2276      78.851607      296.70418      0.12473545   
   1833000   511.28599      1334.3465      1845.6325      97.054835      298.62949      0.12421901   
   1834000   536.18031      1294.9815      1831.1618      119.53509      289.81952      0.12550503   
   1835000   522.68508      1328.1475      1850.8326      121.1091       297.24214      0.126412     
   1836000   521.52056      1352.0971      1873.6176      122.87605      302.6021       0.12725179   
   1837000   517.51998      1322.3057      1839.8256      87.868827      295.93472      0.12473881   
   1838000   555.39689      1316.0986      1871.4955      79.269204      294.54557      0.12031777   
   1839000   531.53401      1341.4054      1872.9394      93.655589      300.20927      0.11620125   
   1840000   540.84821      1305.1617      1846.0099      36.064705      292.09787      0.1138363    
   1841000   521.70894      1338.0252      1859.7342      20.404592      299.45279      0.114218     
   1842000   549.86876      1301.7477      1851.6165      11.277579      291.33381      0.11575424   
   1843000   523.26921      1344.3079      1867.5771      14.35501       300.85886      0.11733014   
   1844000   555.06328      1326.332       1881.3952      32.13076       296.83582      0.11893829   
   1845000   540.70941      1339.8597      1880.5691      104.34418      299.86335      0.1200592    
   1846000   523.57664      1348.4844      1872.0611      131.12098      301.79358      0.12005419   
   1847000   533.33044      1298.2422      1831.5727      117.4026       290.54928      0.12054438   
   1848000   519.70953      1331.1903      1850.8998      120.055        297.92311      0.12218877   
   1849000   520.54774      1338.7059      1859.2537      116.9222       299.60513      0.12340259   
   1850000   527.63589      1329.936       1857.5719      121.25878      297.6424       0.12389898   
   1851000   509.10054      1353.335       1862.4355      123.8849       302.87915      0.12427456   
   1852000   529.48521      1347.0614      1876.5466      131.0577       301.4751       0.12344057   
   1853000   535.50696      1342.3901      1877.8971      102.57184      300.42966      0.12166257   
   1854000   527.52478      1343.3056      1870.8304      67.35299       300.63455      0.12127667   
   1855000   518.13173      1337.1925      1855.3242      97.957692      299.26643      0.12230085   
   1856000   524.18642      1359.3891      1883.5755      110.10309      304.23407      0.1237905    
   1857000   510.94227      1344.8586      1855.8008      128.40785      300.98211      0.12387967   
   1858000   526.58337      1324.4972      1851.0806      134.10777      296.4252       0.12116663   
   1859000   513.50848      1322.396       1835.9045      140.29406      295.95495      0.11606625   
   1860000   527.363        1349.1862      1876.5492      119.90647      301.95063      0.11307959   
   1861000   521.09408      1348.626       1869.7201      162.79273      301.82526      0.11480026   
   1862000   506.36662      1351.1444      1857.511       156.86707      302.38889      0.11804196   
   1863000   519.46569      1309.3939      1828.8596      104.83984      293.04505      0.12101705   
   1864000   505.53355      1345.752       1851.2855      48.908756      301.18206      0.12223549   
   1865000   493.82745      1328.8304      1822.6579      30.506561      297.39497      0.12299116   
   1866000   521.77481      1300.5461      1822.3209      89.111828      291.06489      0.12430348   
   1867000   497.06352      1282.8527      1779.9162      139.01965      287.10507      0.12574758   
   1868000   501.56872      1294.9501      1796.5188      189.56471      289.81248      0.13004211   
   1869000   488.53385      1338.2746      1826.8085      140.10572      299.5086       0.13444882   
   1870000   498.20309      1325.8391      1824.0422      76.201464      296.72551      0.13814793   
   1871000   511.08816      1301.8248      1812.913       13.573937      291.35107      0.13608919   
   1872000   523.68499      1358.8024      1882.4874      12.685772      304.10276      0.12901783   
   1873000   506.89487      1357.0008      1863.8956      31.711971      303.69956      0.12460817   
   1874000   529.21051      1364.7311      1893.9416      73.139248      305.42962      0.12345491   
   1875000   527.9196       1354.4929      1882.4125      118.4407       303.1383       0.12391654   
   1876000   506.24648      1360.2412      1866.4877      152.54706      304.42478      0.12628784   
   1877000   520.49379      1379.2124      1899.7062      119.7177       308.67056      0.12883049   
   1878000   544.09298      1375.041       1919.1339      102.34843      307.73699      0.13029056   
   1879000   512.73393      1376.1823      1888.9163      78.697039      307.99243      0.12789099   
   1880000   519.30831      1351.3275      1870.6358      90.891029      302.42986      0.12408834   
   1881000   513.00014      1370.356       1883.3562      121.70374      306.68849      0.12154645   
   1882000   507.17722      1347.1378      1854.315       100.33481      301.4922       0.11969012   
   1883000   530.76027      1294.095       1824.8552      84.812873      289.62111      0.12093943   
   1884000   535.0156       1291.2221      1826.2377      67.105564      288.97816      0.12468359   
   1885000   519.48496      1276.8936      1796.3785      85.363926      285.77141      0.13055146   
   1886000   514.29817      1314.7121      1829.0103      62.86663       294.23528      0.13159367   
   1887000   533.7939       1316.8412      1850.6351      75.298704      294.71176      0.12940762   
   1888000   509.89545      1356.0181      1865.9135      80.168599      303.47963      0.12550314   
   1889000   543.90506      1322.5004      1866.4054      97.415682      295.9783       0.12289497   
   1890000   512.47642      1391.6143      1904.0907      89.822284      311.44613      0.12164587   
   1891000   539.72005      1344.2957      1884.0158      105.36433      300.85615      0.11991812   
   1892000   526.16508      1357.1896      1883.3547      119.83098      303.74183      0.11930993   
   1893000   539.08951      1358.0538      1897.1434      148.00146      303.93524      0.12054414   
   1894000   533.99219      1400.9695      1934.9617      161.74677      313.53985      0.12377375   
   1895000   526.29917      1378.9875      1905.2867      148.01391      308.62023      0.12667422   
   1896000   546.61884      1370.6533      1917.2721      136.34708      306.75502      0.12777719   
   1897000   535.87594      1335.6945      1871.5704      133.58587      298.93116      0.12738366   
   1898000   530.13324      1353.1797      1883.3129      95.828377      302.84439      0.12366395   
   1899000   543.39768      1381.7905      1925.1882      54.313893      309.24756      0.11801631   
   1900000   527.65902      1357.3763      1885.0354      61.371561      303.78361      0.11633412   
   1901000   533.59258      1350.1948      1883.7874      111.01552      302.17638      0.11862822   
   1902000   543.64565      1352.5632      1896.2089      153.02955      302.70642      0.12249376   
   1903000   539.75808      1364.6788      1904.4368      148.82457      305.41791      0.12462161   
   1904000   540.24593      1376.1233      1916.3693      135.83826      307.97922      0.12413809   
   1905000   544.96843      1350.4215      1895.3899      109.27282      302.22709      0.12335736   
   1906000   537.04317      1393.8801      1930.9233      69.690479      311.95323      0.12240923   
   1907000   534.20995      1351.7073      1885.9173      20.005128      302.51487      0.12105523   
   1908000   543.69425      1323.841       1867.5352      11.274892      296.27833      0.12136598   
   1909000   512.95415      1330.9742      1843.9284      52.347489      297.87476      0.12525788   
   1910000   513.37402      1312.0353      1825.4093      115.18618      293.6362       0.12980409   
   1911000   473.76723      1322.2826      1796.0499      141.70083      295.92957      0.13161162   
   1912000   486.13644      1295.9364      1782.0728      159.85306      290.03322      0.13053195   
   1913000   497.71875      1286.4154      1784.1341      98.378726      287.9024       0.12611416   
   1914000   525.0715       1346.8253      1871.8968      92.918389      301.42226      0.12229271   
   1915000   517.60137      1377.5712      1895.1726      73.808787      308.30326      0.12069875   
   1916000   535.06366      1408.5589      1943.6226      62.177091      315.23838      0.12169382   
   1917000   539.01597      1353.5934      1892.6093      85.621247      302.93697      0.12500748   
   1918000   509.682        1368.4622      1878.1442      126.90197      306.26464      0.12683154   
   1919000   514.48727      1336.3138      1850.8011      160.69821      299.06978      0.12857725   
   1920000   511.19236      1358.7406      1869.9329      160.30397      304.08892      0.1287272    
   1921000   519.54133      1377.8545      1897.3958      107.58026      308.36666      0.12631355   
   1922000   498.54009      1382.6996      1881.2397      84.920368      309.45101      0.12351895   
   1923000   514.62896      1374.6766      1889.3056      115.68855      307.65545      0.12188631   
   1924000   556.11045      1341.7912      1897.9016      62.594833      300.29562      0.11891452   
   1925000   529.97197      1333.9845      1863.9565      67.775429      298.54848      0.11712672   
   1926000   487.23337      1330.8629      1818.0963      63.620646      297.84984      0.11802925   
   1927000   514.11816      1315.7188      1829.8369      73.158125      294.46056      0.12290792   
   1928000   500.45919      1354.3111      1854.7703      66.243501      303.09761      0.12837433   
   1929000   520.97862      1323.5958      1844.5744      108.6982       296.22346      0.12973714   
   1930000   495.4769       1321.1496      1816.6265      115.04939      295.67598      0.12735371   
   1931000   509.49344      1341.8911      1851.3845      138.4557       300.31797      0.12442112   
   1932000   523.67014      1319.0759      1842.7461      128.02602      295.2119       0.12279172   
   1933000   497.19888      1336.9584      1834.1573      94.432021      299.21404      0.12214995   
   1934000   511.86434      1328.5289      1840.3933      57.94196       297.32751      0.12199799   
   1935000   512.82473      1311.8938      1824.7186      61.903834      293.60454      0.12165248   
   1936000   508.01608      1345.0974      1853.1134      90.454802      301.03555      0.12246188   
   1937000   514.6994       1368.5816      1883.281       110.7452       306.29137      0.12315821   
   1938000   523.51102      1347.9277      1871.4387      119.31249      301.66898      0.12303194   
   1939000   539.26992      1338.7738      1878.0438      97.884949      299.62033      0.12120529   
   1940000   526.30569      1350.1764      1876.4821      114.19304      302.17225      0.11968784   
   1941000   521.25966      1354.3533      1875.613       113.3651       303.10705      0.1179138    
   1942000   537.29395      1313.0903      1850.3842      110.23528      293.8723       0.11508348   
   1943000   551.21171      1330.4396      1881.6513      108.05641      297.75511      0.11226808   
   1944000   508.28019      1304.6517      1812.9319      79.174147      291.98373      0.10899513   
   1945000   536.53108      1308.3135      1844.8445      60.405231      292.80324      0.10852715   
   1946000   564.76323      1295.1782      1859.9414      10.935528      289.86354      0.11259705   
   1947000   526.68417      1344.8914      1871.5756      15.081573      300.98945      0.11886661   
   1948000   534.78383      1337.6423      1872.4261      35.00861       299.36709      0.12188962   
   1949000   547.26167      1320.3353      1867.5969      14.423696      295.49374      0.12127542   
   1950000   504.98619      1350.5332      1855.5193      49.083365      302.25209      0.11840284   
   1951000   514.93288      1292.7035      1807.6363      37.707026      289.30969      0.11473901   
   1952000   516.60589      1306.2978      1822.9036      65.094857      292.35212      0.11425773   
   1953000   523.21585      1311.6231      1834.8389      109.09138      293.54394      0.11664558   
   1954000   496.69023      1348.5883      1845.2785      157.85955      301.81682      0.11900129   
   1955000   506.33957      1318.4587      1824.7982      185.40687      295.07376      0.12032811   
   1956000   511.38159      1296.9704      1808.352       188.84381      290.26463      0.12268687   
   1957000   489.13518      1293.268       1782.4032      151.93291      289.43604      0.12451333   
   1958000   502.14468      1313.7669      1815.9116      96.625319      294.02373      0.12510911   
   1959000   501.31439      1337.9807      1839.2951      56.079562      299.44282      0.12351286   
   1960000   538.41402      1311.4197      1849.8337      43.771848      293.49841      0.12259819   
   1961000   518.60368      1297.7605      1816.3642      96.36881       290.44147      0.12280645   
   1962000   514.6157       1310.2008      1824.8165      96.249492      293.22563      0.12329686   
   1963000   501.02814      1322.505       1823.5332      113.12668      295.97934      0.12526644   
   1964000   516.18266      1329.8274      1846.0101      77.199526      297.61811      0.12521261   
   1965000   516.87099      1331.3792      1848.2502      47.291039      297.96541      0.12307584   
   1966000   527.77962      1323.4644      1851.244       42.199225      296.19404      0.11953747   
   1967000   547.52157      1292.5201      1840.0417      76.582052      289.26865      0.11537361   
   1968000   508.43795      1292.0314      1800.4694      91.267318      289.15929      0.11247326   
   1969000   514.32576      1328.2566      1842.5823      108.69766      297.26655      0.1122979    
   1970000   523.74475      1339.6226      1863.3673      109.90985      299.81028      0.1149059    
   1971000   531.86694      1336.7059      1868.5728      95.474113      299.15752      0.11883963   
   1972000   516.0312       1317.8559      1833.8871      96.733286      294.93884      0.12278317   
   1973000   500.10304      1276.8354      1776.9384      81.92642       285.75838      0.12502188   
   1974000   513.20687      1309.9547      1823.1615      76.967124      293.17054      0.12407361   
   1975000   534.44686      1305.6994      1840.1462      97.330304      292.2182       0.12342315   
   1976000   536.4509       1315.6002      1852.0511      109.0761       294.43402      0.12150864   
   1977000   508.59065      1315.9485      1824.5392      109.6693       294.51198      0.11836665   
   1978000   495.65442      1306.7365      1802.3909      96.372763      292.4503       0.11640972   
   1979000   514.15345      1325.0132      1839.1666      109.20729      296.54067      0.11712624   
   1980000   547.95873      1318.2858      1866.2445      86.290499      295.03506      0.11838708   
   1981000   507.62997      1357.3844      1865.0144      105.61442      303.78542      0.12139427   
   1982000   505.6217       1351.6238      1857.2455      106.71197      302.49617      0.1236145    
   1983000   530.91694      1335.7893      1866.7062      109.31196      298.95238      0.12396797   
   1984000   522.04114      1354.754       1876.7951      99.983363      303.19672      0.12219759   
   1985000   531.51758      1343.244       1874.7615      87.300768      300.62075      0.11932816   
   1986000   548.43894      1373.8764      1922.3154      74.353552      307.47637      0.11681546   
   1987000   530.81562      1352.9369      1883.7525      52.017548      302.79005      0.1144036    
   1988000   523.75272      1353.849       1877.6017      29.607427      302.99419      0.1138714    
   1989000   531.32146      1283.322       1814.6435      22.056747      287.2101       0.11747759   
   1990000   520.79623      1321.1234      1841.9196      101.81612      295.67013      0.12533049   
   1991000   517.44151      1292.4661      1809.9076      180.53915      289.25657      0.12720603   
   1992000   507.55855      1340.4269      1847.9854      190.45743      299.99029      0.12551675   
   1993000   528.06548      1364.8672      1892.9327      170.6986       305.46009      0.1213822    
   1994000   549.71096      1336.1146      1885.8256      141.85801      299.02519      0.11812233   
   1995000   552.57609      1364.0992      1916.6753      139.20987      305.28819      0.11825891   
   1996000   532.68421      1362.1202      1894.8044      120.98657      304.8453       0.12054829   
   1997000   511.28813      1301.1532      1812.4413      98.058634      291.20075      0.12314931   
   1998000   487.82563      1304.0984      1791.9241      90.278051      291.8599       0.12601794   
   1999000   491.761        1349.2386      1840.9996      59.125613      301.96237      0.12707654   
   2000000   505.80704      1328.352       1834.1591      69.499971      297.28791      0.12671378   
Loop time of 13939.2 on 8 procs for 2000000 steps with 1500 atoms

Performance: 6.198 ns/day, 3.872 hours/ns, 143.480 timesteps/s, 215.220 katom-step/s
99.4% CPU use with 8 MPI tasks x 1 OpenMP threads

MPI task timing breakdown:
Section |  min time  |  avg time  |  max time  |%varavg| %total
---------------------------------------------------------------
Pair    | 265.86     | 294.81     | 324.66     |  88.4 |  2.11
Bond    | 21.898     | 23.276     | 24.822     |  21.0 |  0.17
Kspace  | 6582.7     | 6608.3     | 6649.6     |  22.6 | 47.41
Neigh   | 5.4788     | 5.5984     | 5.7433     |   4.7 |  0.04
Comm    | 160.62     | 171.33     | 180.3      |  56.5 |  1.23
Output  | 0.17272    | 0.18043    | 0.23007    |   4.4 |  0.00
Modify  | 6008.4     | 6459.1     | 6796.4     | 369.7 | 46.34
Other   |            | 376.6      |            |       |  2.70

Nlocal:          187.5 ave         217 max         155 min
Histogram: 1 0 1 1 1 0 2 0 1 1
Nghost:         1435.5 ave        1465 max        1410 min
Histogram: 1 0 1 2 1 0 2 0 0 1
Neighs:        10877.2 ave       13100 max        8472 min
Histogram: 2 0 1 0 1 1 0 0 0 3

Total # of neighbors = 87018
Ave neighs/atom = 58.012
Ave special neighs/atom = 2
Neighbor list builds = 12519
Dangerous builds = 0

write_data      ${NAME}_final.data
write_data      N2_final.data
System init for write_data ...
PPPM initialization ...
  using 12-bit tables for long-range coulomb (src/kspace.cpp:342)
  G vector (1/distance) = 0.27027601
  grid = 54 54 54
  stencil order = 5
  estimated absolute RMS force accuracy = 0.0003080644
  estimated relative force accuracy = 9.2772678e-07
  using single precision FFTW3
  3d grid and FFT values/proc = 39304 20412
Generated 1 of 1 mixed pair_coeff terms from arithmetic mixing rule
Last active /omp style is kspace_style pppm/omp

quit
