units		    real
atom_style	    full
boundary        p p p
pair_style	    lj/cut/coul/long 12
pair_modify     mix arithmetic tail yes
kspace_style    pppm 1e-6
bond_style      harmonic
angle_style     harmonic

read_data       ./data.lmp           # read the positions --------------comment it out for restarting
Reading data file ...
  orthogonal box = (0 0 0) to (54.965023 54.965023 54.965023)
  2 by 2 by 2 MPI processor grid
  reading atoms ...
  1500 atoms
  scanning bonds ...
  1 = max bonds/atom
  scanning angles ...
  1 = max angles/atom
  orthogonal box = (0 0 0) to (54.965023 54.965023 54.965023)
  2 by 2 by 2 MPI processor grid
  reading bonds ...
  1000 bonds
  reading angles ...
  500 angles
Finding 1-2 1-3 1-4 neighbors ...
  special bond factors lj:    0        0        0       
  special bond factors coul:  0        0        0       
     2 = max # of 1-2 neighbors
     1 = max # of 1-3 neighbors
     1 = max # of 1-4 neighbors
     2 = max # of special neighbors
  special bonds CPU = 0.000 seconds
  read_data CPU = 0.283 seconds
#read_restart   2.restart

#----------------------------------------------------------------------------#
# FORCEFIELD - TraPPE Flexible model for N2
#----------------------------------------------------------------------------#

pair_coeff      1   1  0.071539  3.310  # [N2]-L-[N2]
pair_coeff      2   2  0.0009936 0.5   # N2-[L]

bond_coeff      1   500 0.55            # [N2]-[L]

angle_coeff     1   50 180              # N2-N2_X-N2

mass 1 13.9067      # N2
mass 2  0.1         # N2_X

set type        1   charge     -0.482             # N2
Setting atom values ...
  1000 settings made for charge
set type        2   charge      0.964             # N2_X
Setting atom values ...
  500 settings made for charge

#------------------------ VARIABLES------------------------------------------#

variable  TEMP_INDEX       equal 300  # in K
variable  PRESS_INDEX      equal 120  # in bar
variable  RandomSeed       equal 12000  # RANDOM SEED
variable  nz_layers        equal 20
variable  nx_layers        equal 3
variable  timestep         equal 0.5

variable  simulationTemp   equal ${TEMP_INDEX}
variable  simulationTemp   equal 300
variable  pressure         equal 0.987*${PRESS_INDEX}
variable  pressure         equal 0.987*120

variable  Ninptpre         equal 50000
variable  Ninpt            equal 400000     # 0.2 ns
variable  npt_run          equal 2000000    # 1 ns
variable  NBR              equal ${npt_run}/100
variable  NBR              equal 2000000/100

variable  Density          equal density
variable  Volume           equal vol

variable  dumpfreq         equal 1000
variable  thermofreq       equal 1000
variable  printfreq        equal 1000
variable  restartfreq      equal 1000000

variable  NVT_init         equal 200000    # 0.1 ns
variable  NVT_init_2       equal 200000    # 0.1 ns
variable  NVE_reshape      equal 10000
variable  NVT_prod         equal 1000000   # 0.5 ns
variable  NVE_cuboid       equal 200000    # 0.1 ns

variable  thermo_num       equal 1000

#---------------------------- GROUPS/NEIGHBOUR - LIST -----------------------------------------------------------------------#

group           oxy  type 1
1000 atoms in group oxy
group           carb type 2
500 atoms in group carb

neighbor	    3.0 bin
neigh_modify    every 1 delay 0 check yes
run_style       verlet

#---------------------------- CONGUGATE-GRADIENT MINIMIZATION --------------------------------------------------------#

#minimize energytolerance forcetolerance max_iterations_of_minimizer max_number_of_force_or_energy_evaluations
minimize        1e-6 1e-8 100000 10000000
PPPM initialization ...
  using 12-bit tables for long-range coulomb (src/kspace.cpp:342)
  G vector (1/distance) = 0.2675861
  grid = 50 50 50
  stencil order = 5
  estimated absolute RMS force accuracy = 0.00039584402
  estimated relative force accuracy = 1.1920725e-06
  using single precision FFTW3
  3d grid and FFT values/proc = 32768 16250
Generated 1 of 1 mixed pair_coeff terms from arithmetic mixing rule
Last active /omp style is kspace_style pppm/omp
Neighbor list info ...
  update: every = 1 steps, delay = 0 steps, check = yes
  max neighbors/atom: 2000, page size: 100000
  master list distance cutoff = 15
  ghost atom cutoff = 15
  binsize = 7.5, bins = 8 8 8
  1 neighbor lists, perpetual/occasional/extra = 1 0 0
  (1) pair lj/cut/coul/long/omp, perpetual
      attributes: half, newton on, omp
      pair build: half/bin/newton/omp
      stencil: half/bin/3d
      bin: standard
Per MPI rank memory allocation (min/avg/max) = 9.757 | 9.787 | 9.817 Mbytes
   Step          Temp          E_pair         E_mol          TotEng         Press     
         0   0              13.07258       1.4941382e-05  13.072595      255.08911    
      9001   0             -525.61491      0.31230724    -525.30261     -9.7387309    
Loop time of 55.3216 on 8 procs for 9001 steps with 1500 atoms

99.2% CPU use with 8 MPI tasks x 1 OpenMP threads

Minimization stats:
  Stopping criterion = energy tolerance
  Energy initial, next-to-last, final = 
      13.0725954212713  -525.302547005264  -525.302606450238
  Force two-norm initial, final = 99.496544 0.52539965
  Force max component initial, final = 12.457849 0.10334814
  Final line search alpha, max atom move = 0.59392817 0.061381369
  Iterations, force evaluations = 9001 18001

MPI task timing breakdown:
Section |  min time  |  avg time  |  max time  |%varavg| %total
---------------------------------------------------------------
Pair    | 3.7114     | 6.7185     | 9.3811     |  85.0 | 12.14
Bond    | 0.13157    | 0.16461    | 0.20319    |   6.8 |  0.30
Kspace  | 43.704     | 46.406     | 49.446     |  32.8 | 83.88
Neigh   | 0.019819   | 0.020004   | 0.020168   |   0.1 |  0.04
Comm    | 1.5193     | 1.561      | 1.5989     |   2.3 |  2.82
Output  | 0          | 0          | 0          |   0.0 |  0.00
Modify  | 0.043071   | 0.046343   | 0.051199   |   1.1 |  0.08
Other   |            | 0.405      |            |       |  0.73

Nlocal:          187.5 ave         262 max         122 min
Histogram: 2 1 1 0 1 0 0 0 1 2
Nghost:        1604.88 ave        1667 max        1506 min
Histogram: 1 0 1 0 1 0 0 2 1 2
Neighs:        18354.6 ave       27051 max        7425 min
Histogram: 1 2 0 0 0 1 0 1 0 3

Total # of neighbors = 146837
Ave neighs/atom = 97.891333
Ave special neighs/atom = 2
Neighbor list builds = 40
Dangerous builds = 0

#---------------------------- NPT simulations  ---------------------------------------------------------------------#

fix runnpt all npt temp ${simulationTemp} ${simulationTemp} 10 iso ${pressure} ${pressure} 100
fix runnpt all npt temp 300 ${simulationTemp} 10 iso ${pressure} ${pressure} 100
fix runnpt all npt temp 300 300 10 iso ${pressure} ${pressure} 100
fix runnpt all npt temp 300 300 10 iso 118.44 ${pressure} 100
fix runnpt all npt temp 300 300 10 iso 118.44 118.44 100

thermo_style custom step pe ke etotal press temp v_Density
thermo_modify flush yes
thermo ${thermo_num}
thermo 1000

velocity all create ${simulationTemp} ${RandomSeed} mom yes rot yes dist gaussian
velocity all create 300 ${RandomSeed} mom yes rot yes dist gaussian
velocity all create 300 12000 mom yes rot yes dist gaussian

#-----------------------
# Run (Pre-Initialization)
#-----------------------

timestep    0.1
run         ${Ninptpre}
run         50000
PPPM initialization ...
  using 12-bit tables for long-range coulomb (src/kspace.cpp:342)
  G vector (1/distance) = 0.2675861
  grid = 50 50 50
  stencil order = 5
  estimated absolute RMS force accuracy = 0.00039584402
  estimated relative force accuracy = 1.1920725e-06
  using single precision FFTW3
  3d grid and FFT values/proc = 32768 16250
Generated 1 of 1 mixed pair_coeff terms from arithmetic mixing rule
Last active /omp style is kspace_style pppm/omp
Per MPI rank memory allocation (min/avg/max) = 8.649 | 8.671 | 8.693 Mbytes
   Step         PotEng         KinEng         TotEng         Press           Temp        v_Density   
      9001  -525.30261      1340.4703      815.16767      359.26504      300            0.13956373   
     10000   306.9077       1148.2881      1455.1958      228.69503      256.98923      0.11449468   
     11000   105.30767      1439.8817      1545.1893      174.81544      322.24848      0.09886139   
     12000   267.33792      1298.3707      1565.7086      94.841383      290.57803      0.096472499  
     13000   261.79921      1317.264       1579.0632      110.18117      294.80638      0.09729961   
     14000   210.37358      1384.9527      1595.3263      124.53905      309.95526      0.10118805   
     15000   307.05202      1276.0886      1583.1407      86.162134      285.59126      0.10629406   
     16000   192.83002      1409.3292      1602.1593      137.99501      315.41078      0.1098514    
     17000   311.05858      1290.5775      1601.6361      99.809542      288.83389      0.11612836   
     18000   227.40333      1385.1933      1612.5967      134.20022      310.00911      0.11736003   
     19000   310.50852      1237.5346      1548.0431      73.911866      276.96279      0.1206147    
     20000   258.26338      1358.5464      1616.8098      168.57876      304.04547      0.12683261   
     21000   300.30363      1331.8611      1632.1648      110.35713      298.07325      0.12825453   
     22000   278.40098      1334.4849      1612.8859      93.523373      298.66047      0.13205049   
     23000   288.62903      1367.9159      1656.5449      122.61273      306.14238      0.1366099    
     24000   357.46779      1308.0491      1665.5169      130.27394      292.74406      0.13084383   
     25000   310.97457      1371.3777      1682.3523      142.46929      306.91715      0.13234901   
     26000   370.5527       1307.0591      1677.6118      59.277651      292.52252      0.13349782   
     27000   322.31275      1397.4421      1719.7548      121.29055      312.7504       0.12378425   
     28000   364.60393      1365.2776      1729.8815      152.26168      305.55193      0.12154702   
     29000   337.0871       1350.3107      1687.3978      135.24033      302.2023       0.12596775   
     30000   340.18514      1348.687       1688.8722      74.636768      301.83892      0.12694607   
     31000   349.31146      1387.3082      1736.6197      123.43103      310.48242      0.12096286   
     32000   339.25449      1364.2809      1703.5354      154.45211      305.32886      0.11840539   
     33000   353.8044       1367.0072      1720.8116      92.74098       305.93903      0.1219731    
     34000   363.35716      1405.1096      1768.4668      110.5402       314.46642      0.12172605   
     35000   390.98806      1349.9488      1740.9369      126.92055      302.12132      0.11173455   
     36000   371.43594      1342.1789      1713.6148      129.65594      300.38239      0.11375317   
     37000   382.32446      1314.3649      1696.6894      101.61065      294.15757      0.11747314   
     38000   362.29961      1329.0394      1691.339       116.13257      297.44174      0.11320691   
     39000   375.48891      1319.7869      1695.2758      112.09767      295.37102      0.11636325   
     40000   358.55507      1358.3895      1716.9446      141.26275      304.01037      0.12383887   
     41000   387.57654      1370.6356      1758.2121      99.960958      306.75105      0.11831368   
     42000   367.08403      1378.7704      1745.8544      127.7265       308.57165      0.11177154   
     43000   369.75599      1372.8981      1742.6541      131.58631      307.25741      0.10893219   
     44000   375.81456      1327.5342      1703.3488      124.3661       297.10488      0.111329     
     45000   353.49295      1349.7148      1703.2077      112.15228      302.06894      0.11692948   
     46000   383.02877      1345.89        1728.9187      136.58561      301.21293      0.123382     
     47000   378.96581      1314.4669      1693.4327      143.04042      294.18039      0.11423085   
     48000   403.47401      1405.9535      1809.4275      135.00028      314.65529      0.1088787    
     49000   407.98393      1345.9902      1753.9741      80.775541      301.23537      0.10531817   
     50000   404.08313      1325.943       1730.0262      139.19854      296.74877      0.11270112   
     51000   394.57915      1270.7549      1665.334       127.85815      284.39755      0.11022126   
     52000   390.37945      1309.2862      1699.6657      101.40601      293.02094      0.10762899   
     53000   386.43668      1330.8946      1717.3313      110.94332      297.85695      0.11205539   
     54000   380.74313      1296.6841      1677.4272      125.68828      290.20055      0.11212692   
     55000   399.97669      1368.7415      1768.7182      123.42895      306.32715      0.10356768   
     56000   386.34944      1381.6299      1767.9793      94.174461      309.2116       0.10509459   
     57000   403.7346       1349.6106      1753.3452      108.90237      302.04562      0.11389177   
     58000   373.40606      1392.2516      1765.6577      155.07703      311.58878      0.11321802   
     59000   402.57218      1357.7984      1760.3706      115.42873      303.87807      0.11123469   
     59001   401.32317      1359.4859      1760.8091      115.74806      304.25573      0.11123413   
Loop time of 279.145 on 8 procs for 50000 steps with 1500 atoms

Performance: 1.548 ns/day, 15.508 hours/ns, 179.118 timesteps/s, 268.678 katom-step/s
99.3% CPU use with 8 MPI tasks x 1 OpenMP threads

MPI task timing breakdown:
Section |  min time  |  avg time  |  max time  |%varavg| %total
---------------------------------------------------------------
Pair    | 6.8356     | 8.5292     | 10.125     |  37.1 |  3.06
Bond    | 0.50461    | 0.53522    | 0.57795    |   3.5 |  0.19
Kspace  | 128.77     | 130.48     | 132.18     |   9.8 | 46.74
Neigh   | 0.04691    | 0.047249   | 0.047644   |   0.1 |  0.02
Comm    | 3.9124     | 4.0323     | 4.1669     |   5.0 |  1.44
Output  | 0.0022307  | 0.00241    | 0.0035932  |   0.9 |  0.00
Modify  | 117.66     | 126.52     | 134.96     |  52.1 | 45.33
Other   |            | 8.995      |            |       |  3.22

Nlocal:          187.5 ave         217 max         143 min
Histogram: 1 1 0 0 1 0 1 1 2 1
Nghost:        1345.75 ave        1392 max        1310 min
Histogram: 1 1 2 1 0 0 1 1 0 1
Neighs:        10011.5 ave       12506 max        6690 min
Histogram: 1 0 1 1 0 0 2 1 0 2

Total # of neighbors = 80092
Ave neighs/atom = 53.394667
Ave special neighs/atom = 2
Neighbor list builds = 102
Dangerous builds = 0

timestep    0.25
run         ${Ninptpre}
run         50000
PPPM initialization ...
  using 12-bit tables for long-range coulomb (src/kspace.cpp:342)
  G vector (1/distance) = 0.26742049
  grid = 54 54 54
  stencil order = 5
  estimated absolute RMS force accuracy = 0.00035369447
  estimated relative force accuracy = 1.0651404e-06
  using single precision FFTW3
  3d grid and FFT values/proc = 39304 20412
Generated 1 of 1 mixed pair_coeff terms from arithmetic mixing rule
Last active /omp style is kspace_style pppm/omp
Per MPI rank memory allocation (min/avg/max) = 9.055 | 9.081 | 9.106 Mbytes
   Step         PotEng         KinEng         TotEng         Press           Temp        v_Density   
     59001   401.32512      1359.4859      1760.811       115.74624      304.25573      0.11123413   
     60000   422.5638       1312.8066      1735.3704      104.65776      293.80881      0.11328372   
     61000   412.17093      1298.0936      1710.2645      86.456422      290.516        0.11533438   
     62000   382.74099      1334.485       1717.226       105.40602      298.66048      0.11730227   
     63000   405.68948      1360.2841      1765.9736      128.53113      304.43438      0.12003061   
     64000   407.41002      1355.7065      1763.1165      190.34523      303.4099       0.11814429   
     65000   409.41402      1312.2845      1721.6986      161.61436      293.69197      0.11680165   
     66000   418.48216      1335.7398      1754.2219      91.358597      298.9413       0.11020553   
     67000   432.31094      1336.481       1768.792       69.108276      299.10719      0.11205762   
     68000   420.07418      1363.4887      1783.5629      82.037241      305.15158      0.11018145   
     69000   409.63699      1342.9478      1752.5848      158.36453      300.55448      0.11787436   
     70000   440.86456      1361.5579      1802.4225      159.47734      304.71946      0.10770278   
     71000   421.09584      1357.4484      1778.5443      150.26328      303.79974      0.11124807   
     72000   400.12204      1367.4569      1767.5789      150.05695      306.03966      0.12279684   
     73000   416.67235      1351.1248      1767.7972      115.56914      302.38451      0.1165888    
     74000   426.82997      1333.855       1760.685       65.34543       298.51949      0.11108197   
     75000   417.64311      1321.5669      1739.21        55.270302      295.76938      0.10828066   
     76000   411.98061      1320.9167      1732.8973      124.76756      295.62387      0.11699532   
     77000   439.89372      1348.6023      1788.496       165.22747      301.81996      0.1123246    
     78000   417.10106      1363.9113      1781.0123      180.04281      305.24614      0.11719986   
     79000   426.92495      1356.8642      1783.7892      147.19234      303.669        0.11416712   
     80000   418.48328      1326.7712      1745.2545      93.412657      296.93413      0.11712529   
     81000   409.82051      1348.8966      1758.7171      79.905835      301.88583      0.11571308   
     82000   412.17751      1369.2421      1781.4196      46.813131      306.4392       0.12135189   
     83000   394.47483      1337.5683      1732.0431      74.422324      299.35052      0.1160157    
     84000   410.78687      1393.0179      1803.8047      168.73814      311.76026      0.1093316    
     85000   405.46396      1287.4631      1692.927       192.7282       288.13688      0.1119818    
     86000   407.6608       1292.9787      1700.6395      198.39547      289.3713       0.11615922   
     87000   453.90163      1389.8473      1843.749       107.82653      311.05069      0.10351948   
     88000   429.53022      1338.0129      1767.5431      72.937028      299.45003      0.11474301   
     89000   427.29244      1332.0835      1759.3759      56.469148      298.12301      0.113778     
     90000   384.17431      1334.6263      1718.8006      117.13648      298.69211      0.11573872   
     91000   398.45355      1358.8548      1757.3084      134.75433      304.1145       0.11564409   
     92000   434.50096      1416.6292      1851.1301      205.26036      317.04452      0.11429041   
     93000   439.86059      1340.6842      1780.5448      146.46401      300.04788      0.11371993   
     94000   433.10129      1362.8479      1795.9492      115.77496      305.00815      0.11769604   
     95000   431.43021      1332.6421      1764.0723      38.997937      298.24804      0.10957299   
     96000   413.71053      1342.3177      1756.0282      76.345305      300.41346      0.11857782   
     97000   409.81693      1347.0298      1756.8467      156.05607      301.46803      0.11801705   
     98000   426.60209      1301.1489      1727.751       208.13529      291.19979      0.11176577   
     99000   411.02092      1332.3293      1743.3502      173.02989      298.17803      0.120102     
    100000   415.45306      1343.3718      1758.8249      114.3716       300.64937      0.11397702   
    101000   430.12434      1317.5365      1747.6608      81.914179      294.86737      0.11491293   
    102000   412.76046      1318.7068      1731.4672      40.00154       295.12928      0.10551819   
    103000   411.86451      1347.8382      1759.7027      104.39413      301.64896      0.11749055   
    104000   427.85632      1357.7257      1785.582       190.3556       303.8618       0.11018913   
    105000   427.7145       1375.391       1803.1055      236.80854      307.81532      0.11220133   
    106000   391.62778      1336.4235      1728.0512      173.53312      299.09431      0.12113886   
    107000   401.29415      1332.9392      1734.2333      83.843275      298.31452      0.11771567   
    108000   392.82197      1358.8426      1751.6646      84.001282      304.11177      0.11196008   
    109000   399.9035       1352.0301      1751.9336      100.00805      302.58711      0.11433528   
    109001   387.1942       1363.7535      1750.9477      106.22229      305.21083      0.11432848   
Loop time of 360.297 on 8 procs for 50000 steps with 1500 atoms

Performance: 2.998 ns/day, 8.007 hours/ns, 138.774 timesteps/s, 208.161 katom-step/s
99.0% CPU use with 8 MPI tasks x 1 OpenMP threads

MPI task timing breakdown:
Section |  min time  |  avg time  |  max time  |%varavg| %total
---------------------------------------------------------------
Pair    | 6.5272     | 7.3078     | 8.0438     |  17.7 |  2.03
Bond    | 0.53554    | 0.55387    | 0.57825    |   2.1 |  0.15
Kspace  | 167.36     | 168.16     | 168.96     |   4.0 | 46.67
Neigh   | 0.08662    | 0.086847   | 0.087196   |   0.1 |  0.02
Comm    | 4.2028     | 4.2693     | 4.344      |   2.5 |  1.18
Output  | 0.0024847  | 0.95142    | 7.5938     | 257.4 |  0.26
Modify  | 155.52     | 168.1      | 178.14     |  59.8 | 46.65
Other   |            | 10.87      |            |       |  3.02

Nlocal:          187.5 ave         240 max         161 min
Histogram: 2 2 0 1 1 0 1 0 0 1
Nghost:         1367.5 ave        1402 max        1305 min
Histogram: 1 1 0 0 1 0 0 2 0 3
Neighs:        10167.6 ave       14775 max        7466 min
Histogram: 2 0 3 0 1 0 1 0 0 1

Total # of neighbors = 81341
Ave neighs/atom = 54.227333
Ave special neighs/atom = 2
Neighbor list builds = 197
Dangerous builds = 0

timestep    0.5
run         ${Ninptpre}
run         50000
PPPM initialization ...
  using 12-bit tables for long-range coulomb (src/kspace.cpp:342)
  G vector (1/distance) = 0.26831821
  grid = 54 54 54
  stencil order = 5
  estimated absolute RMS force accuracy = 0.0003407595
  estimated relative force accuracy = 1.0261871e-06
  using single precision FFTW3
  3d grid and FFT values/proc = 39304 20412
Generated 1 of 1 mixed pair_coeff terms from arithmetic mixing rule
Last active /omp style is kspace_style pppm/omp
Per MPI rank memory allocation (min/avg/max) = 9.055 | 9.081 | 9.106 Mbytes
   Step         PotEng         KinEng         TotEng         Press           Temp        v_Density   
    109001   387.19378      1363.7535      1750.9473      106.22204      305.21083      0.11432848   
    110000   498.57116      1332.5416      1831.1128      164.3655       298.22555      0.14301587   
    111000   560.96725      1344.444       1905.4113      98.720519      300.88933      0.126973     
    112000   496.65488      1332.8382      1829.4931      134.56407      298.29193      0.1361184    
    113000   488.5252       1360.5754      1849.1005      128.25792      304.49956      0.13197846   
    114000   499.30056      1304.1561      1803.4567      83.451035      291.87281      0.12935896   
    115000   500.33331      1361.4555      1861.7888      142.32331      304.69653      0.1312579    
    116000   493.00529      1343.564       1836.5693      104.14635      300.69238      0.1334512    
    117000   532.92971      1349.9564      1882.8861      73.45607       302.12301      0.13754015   
    118000   495.73349      1345.9746      1841.7081      162.27393      301.23188      0.13907238   
    119000   512.4093       1341.2515      1853.6608      132.19537      300.17483      0.13230854   
    120000   504.63113      1378.4773      1883.1084      77.232032      308.50604      0.13086751   
    121000   501.95196      1358.0123      1859.9643      160.77574      303.92595      0.13183798   
    122000   487.06398      1337.3213      1824.3852      156.77694      299.29524      0.13966839   
    123000   522.43838      1373.947       1896.3854      18.179937      307.49217      0.12856576   
    124000   492.56713      1303.4963      1796.0634      172.60124      291.72514      0.13987614   
    125000   518.17442      1329.3169      1847.4914      173.9529       297.50386      0.12872389   
    126000   521.70167      1298.6545      1820.3562      47.80218       290.64154      0.13899619   
    127000   485.2696       1338.0918      1823.3614      108.1321       299.4677       0.1409332    
    128000   497.16633      1343.8283      1840.9946      145.97093      300.75153      0.13899752   
    129000   489.42053      1338.9151      1828.3356      107.60004      299.65195      0.1390463    
    130000   518.02322      1365.2822      1883.3054      79.681661      305.55295      0.1346727    
    131000   536.94152      1344.5193      1881.4609      117.27915      300.90619      0.13484952   
    132000   491.47109      1335.1327      1826.6038      177.06767      298.80544      0.14605023   
    133000   513.4702       1304.5083      1817.9785      54.45497       291.95163      0.1297408    
    134000   476.96365      1357.5299      1834.4935      33.398551      303.81797      0.14184114   
    135000   509.72238      1308.428       1818.1504      206.49248      292.82887      0.13325419   
    136000   504.94277      1365.8728      1870.8156      134.15557      305.68514      0.1347598    
    137000   516.84807      1293.9386      1810.7866      60.077864      289.58611      0.13067127   
    138000   512.3116       1328.7633      1841.0749      145.90758      297.37995      0.13115021   
    139000   518.93353      1268.1142      1787.0477      102.49198      283.80656      0.13001177   
    140000   509.06685      1365.5847      1874.6515      27.648612      305.62065      0.1346839    
    141000   508.74806      1316.9375      1825.6856      209.66235      294.73332      0.13052583   
    142000   504.16404      1333.6388      1837.8028      143.21018      298.47109      0.14444995   
    143000   553.95145      1373.9835      1927.935       56.763176      307.50034      0.14184117   
    144000   496.97673      1334.1385      1831.1152      134.67719      298.58293      0.13793034   
    145000   501.58087      1279.1014      1780.6822      135.89489      286.26551      0.13138506   
    146000   479.95946      1353.0021      1832.9615      78.223939      302.80464      0.14524748   
    147000   498.3907       1308.9409      1807.3316      159.85051      292.94367      0.14457522   
    148000   497.45957      1356.6457      1854.1053      98.338027      303.62009      0.14399817   
    149000   484.3289       1288.4987      1772.8276      88.59633       288.36866      0.14474077   
    150000   501.54284      1355.64        1857.1828      100.83106      303.39501      0.13845553   
    151000   503.52181      1335.499       1839.0208      131.97545      298.88741      0.14127917   
    152000   503.92378      1355.7923      1859.7161      93.48703       303.4291       0.13878788   
    153000   478.2484       1330.2786      1808.527       122.48699      297.71908      0.1482142    
    154000   523.86996      1381.3991      1905.2691      156.70055      309.15996      0.14261021   
    155000   505.21871      1275.6442      1780.8629      64.818012      285.49179      0.13332792   
    156000   514.30392      1368.2448      1882.5487      83.780201      306.21599      0.14730855   
    157000   506.30687      1313.0576      1819.3645      161.02405      293.86499      0.13844717   
    158000   508.32076      1413.3558      1921.6766      130.45095      316.31193      0.13660394   
    159000   442.07081      1349.5607      1791.6316      130.44336      302.03446      0.15286043   
    159001   476.94089      1329.969       1806.9099      120.99892      297.6498       0.15291847   
Loop time of 354.649 on 8 procs for 50000 steps with 1500 atoms

Performance: 6.091 ns/day, 3.941 hours/ns, 140.984 timesteps/s, 211.477 katom-step/s
99.3% CPU use with 8 MPI tasks x 1 OpenMP threads

MPI task timing breakdown:
Section |  min time  |  avg time  |  max time  |%varavg| %total
---------------------------------------------------------------
Pair    | 7.8404     | 8.4334     | 9.1603     |  15.6 |  2.38
Bond    | 0.53529    | 0.55867    | 0.5943     |   2.6 |  0.16
Kspace  | 168.86     | 169.63     | 170.25     |   3.6 | 47.83
Neigh   | 0.19887    | 0.19921    | 0.1995     |   0.1 |  0.06
Comm    | 4.6432     | 4.672      | 4.7        |   1.0 |  1.32
Output  | 0.0024141  | 0.0026264  | 0.0038661  |   0.9 |  0.00
Modify  | 151.67     | 161.37     | 170.65     |  52.6 | 45.50
Other   |            | 9.787      |            |       |  2.76

Nlocal:          187.5 ave         225 max         165 min
Histogram: 3 1 0 0 2 0 0 0 1 1
Nghost:        1601.25 ave        1634 max        1549 min
Histogram: 1 0 0 1 2 0 0 1 1 2
Neighs:        13109.4 ave       17126 max       10822 min
Histogram: 3 0 1 1 0 1 0 1 0 1

Total # of neighbors = 104875
Ave neighs/atom = 69.916667
Ave special neighs/atom = 2
Neighbor list builds = 417
Dangerous builds = 0

#-----------------------
# Run (Initialization)
#-----------------------

unfix       runnpt
reset_timestep 0

fix runnpt all npt temp ${simulationTemp} ${simulationTemp} 100 iso ${pressure} ${pressure} 1000
fix runnpt all npt temp 300 ${simulationTemp} 100 iso ${pressure} ${pressure} 1000
fix runnpt all npt temp 300 300 100 iso ${pressure} ${pressure} 1000
fix runnpt all npt temp 300 300 100 iso 118.44 ${pressure} 1000
fix runnpt all npt temp 300 300 100 iso 118.44 118.44 1000

timestep    ${timestep}
timestep    0.5
run         ${Ninpt}
run         400000
PPPM initialization ...
  using 12-bit tables for long-range coulomb (src/kspace.cpp:342)
  G vector (1/distance) = 0.26916867
  grid = 50 50 50
  stencil order = 5
  estimated absolute RMS force accuracy = 0.00036356767
  estimated relative force accuracy = 1.0948733e-06
  using single precision FFTW3
  3d grid and FFT values/proc = 32768 16250
Generated 1 of 1 mixed pair_coeff terms from arithmetic mixing rule
Last active /omp style is kspace_style pppm/omp
Per MPI rank memory allocation (min/avg/max) = 8.65 | 8.671 | 8.693 Mbytes
   Step         PotEng         KinEng         TotEng         Press           Temp        v_Density   
         0   476.94115      1329.969       1806.9102      120.99813      297.6498       0.15291847   
      1000   478.59318      1306.1769      1784.77        105.03147      292.32506      0.15032661   
      2000   463.17011      1269.2014      1732.3715      101.30705      284.04989      0.14561658   
      3000   472.06712      1311.3705      1783.4376      156.53099      293.4874       0.14355986   
      4000   477.79744      1344.1484      1821.9458      175.76879      300.82317      0.14252609   
      5000   500.1506       1324.8494      1825           185.53555      296.50401      0.14159611   
      6000   495.51429      1302.306       1797.8203      175.83058      291.45875      0.13998109   
      7000   480.37971      1284.3323      1764.712       120.25715      287.4362       0.13904397   
      8000   497.90734      1273.7229      1771.6303      49.57109       285.0618       0.13943537   
      9000   518.36961      1297.7627      1816.1323     -11.384415      290.44196      0.13990388   
     10000   509.30985      1332.7782      1842.088      -7.9833527      298.27849      0.14155558   
     11000   480.50099      1375.916       1856.417       77.40678       307.93284      0.14504215   
     12000   520.06055      1322.7583      1842.8188      161.15568      296.03602      0.14924031   
     13000   518.18863      1342.528       1860.7167      273.37028      300.46053      0.15281042   
     14000   494.7262       1354.1055      1848.8317      289.81412      303.05159      0.1510812    
     15000   493.01419      1365.1029      1858.1171      200.01828      305.51283      0.14328923   
     16000   515.78023      1360.4059      1876.1861      146.68369      304.46163      0.1403275    
     17000   514.80937      1393.1146      1907.924       93.438721      311.78191      0.1401035    
     18000   491.22237      1409.6278      1900.8502      92.384659      315.4776       0.13994413   
     19000   518.56541      1335.236       1853.8014      116.35282      298.82856      0.14107565   
     20000   487.9173       1344.8245      1832.7418      160.32913      300.97448      0.14339647   
     21000   477.0417       1364.2549      1841.2966      170.20555      305.32304      0.14714874   
     22000   499.6289       1334.8906      1834.5195      85.404353      298.75125      0.14710405   
     23000   524.91189      1309.1603      1834.0722     -13.804074      292.99277      0.14333056   
     24000   476.22138      1304.9594      1781.1808     -8.3942605      292.05259      0.13832076   
     25000   485.0556       1332.8242      1817.8798      27.305699      298.28879      0.1345414    
     26000   502.22071      1317.4014      1819.6221      120.8141       294.83713      0.13455465   
     27000   505.22628      1320.089       1825.3153      176.91141      295.43863      0.13776142   
     28000   476.02632      1318.4454      1794.4718      192.44563      295.0708       0.14331716   
     29000   487.63155      1295.676       1783.3075      190.44367      289.97494      0.1471282    
     30000   494.44704      1261.1879      1755.635       143.8326       282.25645      0.1472831    
     31000   506.95496      1293.9338      1800.8887      119.72105      289.58504      0.14674605   
     32000   497.23219      1322.4431      1819.6752      64.566169      295.96547      0.14445809   
     33000   480.33769      1303.864       1784.2016      39.516883      291.80743      0.14306277   
     34000   512.50114      1319.0732      1831.5743      75.878827      295.21129      0.14420966   
     35000   487.46935      1360.6668      1848.1361      128.66758      304.52002      0.1454025    
     36000   509.69024      1353.5834      1863.2737      135.90516      302.93475      0.14607854   
     37000   497.4725       1346.0702      1843.5427      204.92974      301.25327      0.14697509   
     38000   479.56919      1350.2204      1829.7896      197.8126       302.1821       0.14506975   
     39000   500.27596      1312.5113      1812.7873      143.01665      293.74273      0.14380565   
     40000   496.63952      1295.9142      1792.5538      136.92302      290.02826      0.14245554   
     41000   482.29936      1323.2199      1805.5193      119.32667      296.13933      0.14100473   
     42000   480.54878      1328.314       1808.8628      141.53064      297.27941      0.14015689   
     43000   483.85054      1279.7112      1763.5617      173.42324      286.40199      0.14009431   
     44000   496.11585      1310.0873      1806.2032      186.45926      293.20023      0.14146793   
     45000   478.76332      1330.9025      1809.6658      217.88707      297.85872      0.14574278   
     46000   449.65524      1278.3466      1728.0019      165.39217      286.0966       0.15060491   
     47000   442.91059      1316.5757      1759.4863      89.548702      294.65233      0.15319754   
     48000   466.54433      1319.6266      1786.1709      11.81425       295.33514      0.15028711   
     49000   487.34512      1335.0923      1822.4374      22.924375      298.79639      0.14453386   
     50000   502.77182      1326.4404      1829.2122      61.272969      296.86009      0.13983306   
     51000   495.73866      1309.2218      1804.9605      115.56968      293.00654      0.13958224   
     52000   507.67221      1324.186       1831.8582      185.6016       296.35555      0.14112273   
     53000   504.22082      1322.7127      1826.9335      169.83722      296.02581      0.13963996   
     54000   485.47955      1325.8684      1811.348       154.75089      296.73207      0.13736953   
     55000   516.88666      1332.6525      1849.5392      113.66443      298.25037      0.13675534   
     56000   496.40479      1364.7345      1861.1393      71.839991      305.43039      0.13854143   
     57000   471.94316      1358.0449      1829.988       86.363475      303.93323      0.14280183   
     58000   466.36394      1362.639       1829.0029      131.12923      304.9614       0.14666479   
     59000   489.73697      1344.0116      1833.7486      188.98486      300.79256      0.14866266   
     60000   507.27643      1358.3504      1865.6268      183.57883      304.00161      0.14263815   
     61000   529.30928      1376.8048      1906.1141      205.12806      308.13174      0.13419571   
     62000   533.80844      1324.0012      1857.8097      162.04486      296.31419      0.13242737   
     63000   519.7137       1351.7121      1871.4258      163.88238      302.51595      0.13375757   
     64000   501.01818      1370.4674      1871.4856      127.57183      306.71342      0.13698212   
     65000   507.53889      1345.6202      1853.1591      129.20513      301.15256      0.14214153   
     66000   530.18896      1359.5811      1889.7701      127.61852      304.27705      0.14339745   
     67000   497.04138      1355.6143      1852.6557      108.10267      303.38927      0.14174814   
     68000   496.45258      1341.4946      1837.9472      145.50572      300.22924      0.1391525    
     69000   498.63545      1325.3928      1824.0283      149.90076      296.62563      0.13753003   
     70000   521.50478      1324.1461      1845.6509      151.36803      296.34661      0.13745251   
     71000   524.27515      1319.9199      1844.1951      167.51184      295.40079      0.13866669   
     72000   504.48817      1344.4652      1848.9534      147.14606      300.89408      0.14017738   
     73000   512.02895      1317.9867      1830.0156      119.63735      294.96812      0.14492445   
     74000   507.4395       1304.7081      1812.1476      77.885429      291.99635      0.15161327   
     75000   477.40181      1299.309       1776.7108      43.620238      290.78802      0.1537462    
     76000   475.34731      1337.0928      1812.4401      68.968106      299.24411      0.15283577   
     77000   491.83921      1320.6118      1812.451       50.399261      295.55563      0.14910141   
     78000   488.26421      1301.5605      1789.8247      103.27682      291.29192      0.14580804   
     79000   491.76551      1298.6375      1790.403       138.13597      290.63774      0.14337272   
     80000   502.18654      1327.5054      1829.692       170.79588      297.09844      0.143409     
     81000   486.46388      1336.3495      1822.8134      159.21826      299.07776      0.14380614   
     82000   488.40711      1309.5561      1797.9632      138.84022      293.08134      0.1440685    
     83000   509.16922      1321.2748      1830.444       130.27946      295.70401      0.14366088   
     84000   504.31606      1322.3493      1826.6654      107.3251       295.94449      0.14286553   
     85000   483.67936      1313.4858      1797.1652      117.59701      293.96083      0.14302551   
     86000   481.69458      1288.0582      1769.7528      102.94481      288.27006      0.14446141   
     87000   488.35238      1310.6152      1798.9676      122.84925      293.31837      0.14657853   
     88000   492.13318      1315.1723      1807.3055      139.82163      294.33826      0.14798897   
     89000   483.96127      1326.609       1810.5703      157.55537      296.89783      0.14908205   
     90000   460.0959       1333.1171      1793.213       97.257589      298.35435      0.14519284   
     91000   536.34366      1355.2437      1891.5874      26.694894      303.30633      0.13859093   
     92000   531.83456      1345.6846      1877.5191     -9.496408       301.16697      0.1357254    
     93000   509.03389      1357.8407      1866.8746      13.825176      303.88754      0.13653426   
     94000   488.18135      1398.9272      1887.1086      65.634222      313.08278      0.14067556   
     95000   510.58187      1348.1868      1858.7687      162.29927      301.72697      0.14472686   
     96000   515.3751       1371.1131      1886.4882      236.67892      306.85792      0.14544798   
     97000   496.25974      1368.371       1864.6308      278.98597      306.24424      0.14503742   
     98000   496.35061      1349.6685      1846.0191      217.73338      302.05859      0.1413158    
     99000   517.16181      1370.9919      1888.1537      132.13083      306.83081      0.13634943   
    100000   528.15499      1373.8772      1902.0322      35.775326      307.47653      0.13160687   
    101000   526.32553      1383.3037      1909.6292      15.004412      309.58621      0.13110105   
    102000   513.43         1312.0547      1825.4847      43.031562      293.64054      0.13311759   
    103000   515.11144      1340.1216      1855.233       84.978476      299.92195      0.13543619   
    104000   534.79283      1322.7146      1857.5075      137.96745      296.02625      0.13859466   
    105000   491.31974      1328.6544      1819.9741      148.40745      297.35558      0.14111643   
    106000   473.9988       1312.1071      1786.1059      159.67104      293.65227      0.14252186   
    107000   496.98521      1331.2504      1828.2356      133.67608      297.93657      0.14154258   
    108000   525.45502      1311.0804      1836.5354      95.596159      293.42247      0.1398252    
    109000   519.28233      1289.7925      1809.0749      87.258356      288.65821      0.1371751    
    110000   496.26738      1330.8811      1827.1485      116.3479       297.85392      0.13447871   
    111000   494.35102      1351.2033      1845.5543      153.72618      302.40207      0.13224618   
    112000   504.39855      1345.2127      1849.6113      149.09627      301.06137      0.12980564   
    113000   502.54757      1341.3642      1843.9117      180.58217      300.20006      0.12953428   
    114000   524.83884      1308.6242      1833.4631      174.39901      292.87279      0.13053147   
    115000   518.39377      1328.8831      1847.2769      146.88175      297.40676      0.13292078   
    116000   514.21925      1371.085       1885.3043      141.90908      306.85164      0.13838954   
    117000   515.35556      1382.9842      1898.3398      105.74192      309.51471      0.14277291   
    118000   504.13442      1351.3078      1855.4422      81.009171      302.42546      0.14376206   
    119000   474.82146      1347.8151      1822.6366      90.369677      301.64379      0.14419999   
    120000   492.75876      1315.0666      1807.8254      71.940441      294.31461      0.14535329   
    121000   474.26604      1282.8891      1757.1552      77.431457      287.11322      0.14538312   
    122000   495.46278      1298.7455      1794.2083      105.51326      290.66191      0.14455444   
    123000   474.42904      1325.799       1800.228       111.69935      296.71653      0.14203252   
    124000   491.6937       1326.0185      1817.7122      135.76315      296.76565      0.13688022   
    125000   548.15536      1297.4866      1845.642       132.4355       290.38017      0.13285069   
    126000   531.66312      1339.4736      1871.1367      127.70024      299.77693      0.13267465   
    127000   540.61941      1365.7418      1906.3612      76.411229      305.65581      0.13541988   
    128000   520.25681      1356.945       1877.2018      76.179339      303.68707      0.14016884   
    129000   496.37978      1358.5681      1854.9479      131.62133      304.05033      0.14464531   
    130000   493.35599      1363.2414      1856.5973      150.2567       305.09621      0.1462765    
    131000   507.38841      1419.6126      1927.001       167.89165      317.71221      0.14851432   
    132000   470.18518      1375.4087      1845.5939      187.8717       307.81928      0.148712     
    133000   485.8823       1380.7567      1866.639       191.4175       309.01619      0.14778924   
    134000   504.9227       1430.4347      1935.3574      204.13597      320.13423      0.14419499   
    135000   504.83469      1375.4709      1880.3056      176.98327      307.83322      0.13767497   
    136000   508.10846      1358.7989      1866.9074      168.02902      304.10198      0.1351687    
    137000   510.92811      1355.8351      1866.7632      168.53778      303.43868      0.13704553   
    138000   530.00777      1385.1954      1915.2031      186.62946      310.00956      0.14192747   
    139000   508.23511      1378.908       1887.1431      136.8213       308.60243      0.14483897   
    140000   494.88198      1369.0818      1863.9638      89.932792      306.40332      0.14567828   
    141000   487.70275      1351.2555      1838.9583      59.845107      302.41376      0.14580592   
    142000   518.7206       1357.1673      1875.8879      22.018469      303.73683      0.14581387   
    143000   492.23191      1355.6158      1847.8477      95.811196      303.38959      0.14972995   
    144000   498.52556      1359.7098      1858.2353      171.7857       304.30584      0.15831477   
    145000   471.50779      1391.687       1863.1948      257.15756      311.46241      0.16152078   
    146000   508.70637      1369.5838      1878.2902      221.51539      306.51566      0.15648938   
    147000   502.34981      1350.131       1852.4808      187.9086       302.1621       0.14935582   
    148000   531.3989       1349.7775      1881.1764      145.83177      302.08298      0.14506714   
    149000   521.65665      1354.5105      1876.1672      48.256916      303.14224      0.14083051   
    150000   501.09459      1394.094       1895.1886      60.575479      312.00111      0.13997691   
    151000   525.7397       1370.1236      1895.8633      95.471304      306.63648      0.13977551   
    152000   504.70192      1360.4365      1865.1385      162.94864      304.46849      0.13948903   
    153000   505.12623      1350.4246      1855.5508      176.6114       302.22779      0.13736806   
    154000   501.33804      1348.3247      1849.6627      154.86655      301.75784      0.13392654   
    155000   538.92174      1335.0537      1873.9755      108.13997      298.78777      0.12924591   
    156000   513.23677      1353.2148      1866.4516      104.66311      302.85226      0.12988068   
    157000   525.23349      1322.1465      1847.38        117.45036      295.8991       0.13688989   
    158000   462.81666      1358.859       1821.6757      124.74447      304.11544      0.14119932   
    159000   498.25683      1344.5482      1842.8051      101.65406      300.91266      0.14213839   
    160000   503.46299      1344.3375      1847.8005      130.24526      300.86549      0.14368997   
    161000   500.29821      1306.9166      1807.2148      131.3068       292.49061      0.14407894   
    162000   488.40481      1331.013       1819.4178      76.718741      297.88344      0.14403071   
    163000   507.05919      1304.192       1811.2511      70.718485      291.88084      0.14735003   
    164000   465.40547      1328.8391      1794.2446      43.894864      297.39692      0.15128173   
    165000   448.54401      1312.6111      1761.1551      45.772875      293.76506      0.15492413   
    166000   482.78994      1305.0746      1787.8645      87.180818      292.07838      0.15703641   
    167000   484.19343      1321.4495      1805.643       83.366729      295.74312      0.15340408   
    168000   478.94056      1384.2865      1863.227       111.41579      309.80615      0.14474377   
    169000   490.61876      1387.4791      1878.0978      106.73997      310.52067      0.14069367   
    170000   529.62014      1365.5764      1895.1965      81.492416      305.6188       0.13936808   
    171000   503.79528      1390.6783      1894.4736      38.598787      311.23666      0.1384383    
    172000   506.13273      1358.6649      1864.7976      19.072794      304.07199      0.13888111   
    173000   502.8458       1310.3729      1813.2187      31.24168       293.26415      0.14347358   
    174000   486.58474      1301.9513      1788.536       116.72665      291.37937      0.15006503   
    175000   469.95779      1287.8639      1757.8216      148.45658      288.22657      0.15143753   
    176000   474.79093      1292.4988      1767.2897      157.05704      289.26388      0.14989833   
    177000   482.49946      1305.2745      1787.774       186.048        292.12311      0.14959786   
    178000   494.45165      1316.5357      1810.9873      163.13776      294.64339      0.14869173   
    179000   518.71931      1314.7839      1833.5032      133.46879      294.25134      0.14624584   
    180000   485.21728      1307.3908      1792.6081      117.32439      292.59675      0.14499787   
    181000   514.48418      1326.752       1841.2361      79.701789      296.92981      0.14797461   
    182000   488.1417       1342.3661      1830.5078      22.635754      300.42429      0.1544452    
    183000   500.25906      1324.8583      1825.1174      48.094601      296.50601      0.15847975   
    184000   477.86058      1341.2312      1819.0918      88.144879      300.1703       0.15483081   
    185000   476.59699      1342.4094      1819.0064      101.12847      300.43397      0.14858868   
    186000   496.36851      1373.6469      1870.0154      109.06083      307.425        0.14460258   
    187000   501.60221      1409.7177      1911.3199      125.08309      315.49772      0.14358779   
    188000   537.10381      1331.9265      1869.0304      110.03179      298.08789      0.14251913   
    189000   476.61833      1382.6709      1859.2892      95.029521      309.44459      0.14330166   
    190000   458.65896      1354.9016      1813.5606      112.85534      303.22977      0.14700595   
    191000   482.64355      1319.7412      1802.3847      99.422711      295.36078      0.15051021   
    192000   503.28389      1333.8941      1837.178       154.91327      298.52824      0.15302921   
    193000   475.83597      1345.1552      1820.9912      181.29601      301.04851      0.15326035   
    194000   512.04793      1358.2878      1870.3357      155.98725      303.9876       0.14883067   
    195000   512.84827      1362.6312      1875.4794      104.00099      304.95965      0.14125045   
    196000   498.48685      1386.4987      1884.9856      74.98514       310.30126      0.13907997   
    197000   508.18929      1352.5105      1860.6998      79.0519        302.69462      0.14067139   
    198000   525.82267      1341.5241      1867.3468      61.302017      300.23586      0.14331067   
    199000   500.7024       1362.7141      1863.4165      50.855295      304.9782       0.14555612   
    200000   496.76549      1365.8353      1862.6007      38.219427      305.67673      0.14761172   
    201000   481.53983      1369.6864      1851.2262      74.108893      306.53862      0.15100403   
    202000   527.58639      1385.2522      1912.8386      104.70826      310.02228      0.1522005    
    203000   491.9927       1324.938       1816.9307      111.9855       296.52384      0.1468146    
    204000   515.8298       1317.6211      1833.4509      119.5177       294.8863       0.13928096   
    205000   491.61686      1313.242       1804.8588      139.53956      293.90625      0.13697608   
    206000   480.74589      1294.0841      1774.83        137.91503      289.61868      0.13748778   
    207000   495.57738      1275.5449      1771.1223      89.739254      285.46956      0.13977973   
    208000   483.79857      1323.0283      1806.8268      70.038362      296.09644      0.14359887   
    209000   513.46563      1329.4277      1842.8933      59.047901      297.52865      0.14647906   
    210000   491.13103      1325.3795      1816.5105      53.587214      296.62265      0.14510852   
    211000   493.87063      1333.3149      1827.1855      109.78716      298.3986       0.14413144   
    212000   474.94559      1349.685       1824.6306      170.6221       302.06227      0.14485234   
    213000   529.98439      1322.2727      1852.2571      203.96707      295.92735      0.14755051   
    214000   474.38964      1337.0672      1811.4568      206.67014      299.23838      0.15172305   
    215000   488.49456      1327.5037      1815.9982      189.70177      297.09805      0.15509728   
    216000   486.13807      1338.6635      1824.8016      144.84718      299.59565      0.15292587   
    217000   464.35615      1322.9412      1787.2973      157.10016      296.07696      0.1450331    
    218000   511.95167      1377.382       1889.3337      185.18368      308.26093      0.14055411   
    219000   520.82531      1352.6457      1873.471       188.19157      302.72487      0.1394423    
    220000   501.70074      1374.4663      1876.167       163.15171      307.60837      0.14062241   
    221000   498.99306      1345.1955      1844.1886      97.011272      301.05751      0.14278406   
    222000   523.15132      1371.9534      1895.1047      41.50936       307.04598      0.14448397   
    223000   501.40714      1354.8112      1856.2183      60.159259      303.20953      0.14604      
    224000   490.86789      1349.9723      1840.8402      61.480154      302.12657      0.14585024   
    225000   480.20195      1366.0499      1846.2519      105.31479      305.72478      0.14368753   
    226000   492.80127      1350.3885      1843.1898      128.94254      302.21972      0.13903788   
    227000   528.89356      1327.737       1856.6305      94.952585      297.15025      0.13676622   
    228000   533.09199      1326.3807      1859.4727      108.80545      296.84672      0.13849747   
    229000   496.70428      1307.1809      1803.8852      94.848289      292.54978      0.14283895   
    230000   488.98701      1327.4471      1816.4341      130.32039      297.08538      0.14907401   
    231000   468.89555      1317.3764      1786.272       126.56139      294.83155      0.15276731   
    232000   495.99479      1320.298       1816.2927      119.9182       295.48539      0.15617173   
    233000   469.30868      1308.6597      1777.9684      152.79181      292.88073      0.15902488   
    234000   464.54036      1347.1478      1811.6881      190.89032      301.49443      0.15937977   
    235000   486.75444      1394.3749      1881.1294      158.68529      312.06397      0.15424002   
    236000   517.92043      1329.7903      1847.7108      181.25141      297.60981      0.15052649   
    237000   469.14013      1339.3833      1808.5234      157.91904      299.75673      0.14873446   
    238000   473.75392      1302.971       1776.725       145.54633      291.60759      0.14741382   
    239000   486.67035      1334.3447      1821.015       91.436077      298.62908      0.14538787   
    240000   506.50293      1341.5611      1848.064       49.851581      300.24413      0.14481493   
    241000   508.14959      1348.992       1857.1416      76.2805        301.90718      0.14861835   
    242000   484.15492      1387.2174      1871.3723      130.97641      310.46211      0.15511005   
    243000   483.57356      1369.5961      1853.1697      216.2073       306.51842      0.15793217   
    244000   490.37168      1336.0076      1826.3793      232.4651       299.00125      0.15474861   
    245000   493.81776      1320.4777      1814.2955      215.32241      295.52562      0.14937748   
    246000   493.89569      1345.2517      1839.1474      173.62408      301.0701       0.14587258   
    247000   527.57991      1325.4883      1853.0682      77.343728      296.647        0.14420531   
    248000   503.28168      1325.5979      1828.8795      70.711358      296.67152      0.14342315   
    249000   516.76965      1294.832       1811.6016      131.15238      289.78606      0.14578023   
    250000   472.74018      1327.7225      1800.4627      178.14196      297.14702      0.14868013   
    251000   471.62537      1322.9736      1794.599       178.47092      296.08421      0.15018049   
    252000   497.93665      1295.5978      1793.5344      120.74547      289.95744      0.1492263    
    253000   479.10953      1319.4579      1798.5674      88.026411      295.29739      0.14612465   
    254000   486.26249      1318.9744      1805.2369      87.815034      295.18918      0.14302182   
    255000   499.13695      1337.9135      1837.0505      94.732529      299.42779      0.13695356   
    256000   522.07889      1324.5242      1846.603       105.66598      296.43122      0.13339519   
    257000   491.77638      1286.0873      1777.8637      150.63216      287.82899      0.13520951   
    258000   502.88716      1305.9548      1808.8419      219.44334      292.27536      0.14024023   
    259000   500.21412      1343.231       1843.4451      214.33699      300.61785      0.14274582   
    260000   491.38171      1351.2023      1842.584       184.00633      302.40185      0.14320659   
    261000   495.64593      1356.8605      1852.5065      93.351373      303.66817      0.14320436   
    262000   507.33881      1311.3396      1818.6784      12.467252      293.4805       0.14380805   
    263000   504.80634      1333.6631      1838.4694      13.490203      298.47653      0.14585215   
    264000   494.24063      1347.7357      1841.9764      82.226665      301.62602      0.14649486   
    265000   521.88704      1326.158       1848.045       144.63189      296.79687      0.14392855   
    266000   534.83087      1368.3526      1903.1835      195.63168      306.24012      0.13968929   
    267000   517.47952      1346.9173      1864.3968      192.19246      301.44286      0.13595715   
    268000   521.51816      1355.9822      1877.5003      160.69845      303.47159      0.1335249    
    269000   558.84735      1358.4555      1917.3029      66.16426       304.02514      0.13297827   
    270000   540.96045      1405.4105      1946.371       56.506811      314.53375      0.13759844   
    271000   532.93548      1331.4424      1864.3779      40.62355       297.97955      0.14128912   
    272000   525.02264      1367.3223      1892.345       98.233181      306.00955      0.14310452   
    273000   499.58155      1354.9901      1854.5717      104.00561      303.24958      0.14275211   
    274000   507.24561      1342.8446      1850.0902      135.86256      300.53138      0.14223536   
    275000   509.88557      1315.6441      1825.5297      120.39321      294.44385      0.13905318   
    276000   494.11133      1282.0875      1776.1989      97.043106      286.93382      0.13540555   
    277000   487.4001       1314.045       1801.4451      80.529463      294.08597      0.13438023   
    278000   506.86568      1319.1543      1826.02        82.412355      295.22944      0.13732915   
    279000   498.45597      1332.9589      1831.4149      79.779885      298.31893      0.1392581    
    280000   503.38817      1313.6755      1817.0637      43.345348      294.00328      0.13774845   
    281000   497.35713      1294.9223      1792.2794      69.843014      289.80626      0.13595256   
    282000   504.89011      1291.9175      1796.8076      76.528617      289.13379      0.13548548   
    283000   494.67725      1350.2164      1844.8936      121.50742      302.1812       0.13871946   
    284000   501.37896      1334.9479      1836.3268      139.53579      298.76407      0.14288194   
    285000   479.83542      1311.4032      1791.2386      146.73021      293.49472      0.14480309   
    286000   472.72948      1346.0009      1818.7304      123.9754       301.23776      0.14390868   
    287000   497.82316      1327.3924      1825.2155      84.487155      297.07314      0.13914086   
    288000   506.08082      1341.3328      1847.4136      63.765223      300.19303      0.13303802   
    289000   504.53565      1339.041       1843.5767      79.686047      299.68013      0.13192105   
    290000   513.12085      1318.4965      1831.6174      105.17905      295.08223      0.13433969   
    291000   487.24944      1351.227       1838.4764      135.44357      302.40738      0.13752496   
    292000   495.55549      1306.8061      1802.3616      145.11915      292.4659       0.14008055   
    293000   512.93167      1308.3163      1821.248       173.95402      292.80388      0.14146049   
    294000   527.19951      1328.6966      1855.8961      99.137337      297.36502      0.14134045   
    295000   510.09011      1293.234       1803.3241      106.49877      289.42841      0.14163982   
    296000   505.64906      1322.8598      1828.5088      64.952595      296.05873      0.14020999   
    297000   502.93437      1383.1449      1886.0793      126.85116      309.55067      0.13859146   
    298000   529.19676      1336.4821      1865.6789      137.7585       299.10744      0.13533841   
    299000   537.37572      1352.7257      1890.1014      189.39746      302.74279      0.13335344   
    300000   488.63149      1375.8766      1864.5081      180.97921      307.924        0.13322032   
    301000   506.80453      1306.8075      1813.612       134.75222      292.4662       0.13949987   
    302000   492.37038      1331.1043      1823.4747      57.07044       297.90388      0.14593817   
    303000   504.23153      1324.9617      1829.1932      41.310911      296.52915      0.14893538   
    304000   527.72364      1374.4921      1902.2157      84.545344      307.61415      0.14991966   
    305000   501.23061      1366.2869      1867.5175      179.68386      305.77781      0.14965112   
    306000   477.26272      1378.2502      1855.5129      263.17121      308.45521      0.14733204   
    307000   486.7181       1372.3208      1859.0389      286.94111      307.12821      0.14357803   
    308000   522.69605      1370.1471      1892.8431      222.13724      306.64173      0.13865461   
    309000   523.24613      1356.704       1879.9501      130.82102      303.63313      0.13369118   
    310000   527.02622      1363.0811      1890.1073      8.7782224      305.06035      0.13175429   
    311000   510.58953      1347.1943      1857.7838     -22.836261      301.50485      0.1335536    
    312000   504.03133      1346.9125      1850.9438      1.0358858      301.44178      0.13597275   
    313000   474.92489      1351.1453      1826.0702      92.592381      302.3891       0.13882969   
    314000   508.51619      1320.02        1828.5362      124.95641      295.4232       0.14008041   
    315000   488.07783      1302.5871      1790.665       190.3941       291.52168      0.14255808   
    316000   481.31226      1323.6827      1804.995       184.05814      296.24291      0.14400158   
    317000   478.30944      1337.9376      1816.247       157.43014      299.43317      0.14320935   
    318000   505.6107       1322.4535      1828.0642      95.326731      295.96781      0.14094928   
    319000   503.39994      1327.4387      1830.8386      101.50623      297.0835       0.13574083   
    320000   516.71161      1298.9763      1815.6879      96.584079      290.71355      0.13096878   
    321000   508.37053      1348.9638      1857.3344      118.82314      301.90088      0.12928983   
    322000   519.63541      1329.4105      1849.0459      124.86384      297.52479      0.13158512   
    323000   507.68647      1341.0384      1848.7248      144.30784      300.12714      0.13635238   
    324000   478.03811      1287.7613      1765.7995      154.70376      288.20363      0.14148437   
    325000   503.08662      1313.5017      1816.5883      166.83479      293.96437      0.14532943   
    326000   497.49446      1310.2236      1807.718       165.7685       293.23073      0.14671216   
    327000   475.3979       1280.3248      1755.7227      135.17334      286.53931      0.14489488   
    328000   494.6389       1342.1385      1836.7774      133.52819      300.37336      0.14188767   
    329000   507.04758      1299.0577      1806.1052      103.50446      290.73177      0.13821925   
    330000   504.58683      1322.6944      1827.2812      89.582193      296.02172      0.13619991   
    331000   532.42304      1322.3346      1854.7576      66.228271      295.94119      0.13539803   
    332000   504.47191      1303.1383      1807.6102      138.27192      291.64502      0.1364174    
    333000   501.17268      1333.3096      1834.4823      185.3345       298.39743      0.13905001   
    334000   488.18771      1327.013       1815.2007      245.54021      296.98823      0.14563285   
    335000   525.94852      1310.0935      1836.0421      261.60624      293.20162      0.15074928   
    336000   465.23315      1266.7131      1731.9462      201.29373      283.49299      0.15125431   
    337000   475.11392      1318.901       1794.0149      135.53476      295.17275      0.14944583   
    338000   492.30559      1338.7349      1831.0405      54.437608      299.61162      0.14485969   
    339000   512.44346      1325.0709      1837.5144      6.5504488      296.55359      0.14011962   
    340000   504.04448      1339.7782      1843.8227      30.910836      299.84511      0.13716396   
    341000   518.39786      1311.2076      1829.6055      75.554237      293.45096      0.13662568   
    342000   503.87567      1314.5198      1818.3955      163.96296      294.19224      0.13731204   
    343000   492.72201      1294.6073      1787.3293      154.70119      289.73578      0.13833236   
    344000   513.24006      1282.8496      1796.0896      132.08241      287.10437      0.14245583   
    345000   504.55812      1321.8604      1826.4186      119.53917      295.83508      0.14626889   
    346000   489.9081       1345.5148      1835.4229      58.742613      301.12897      0.14574476   
    347000   482.3277       1319.8537      1802.1814      34.723827      295.38596      0.140808     
    348000   535.54038      1369.9701      1905.5105      41.114159      306.60212      0.13807459   
    349000   534.93479      1346.9155      1881.8503      113.4178       301.44245      0.13760939   
    350000   494.72684      1365.7521      1860.4789      131.15336      305.65812      0.1371168    
    351000   510.70898      1371.1329      1881.8419      132.14728      306.86235      0.13744182   
    352000   555.05374      1369.8194      1924.8731      149.71559      306.56838      0.13876413   
    353000   520.72374      1394.0956      1914.8193      177.85943      312.00145      0.14071421   
    354000   505.81711      1339.9324      1845.7495      155.91303      299.87962      0.14196746   
    355000   512.81557      1331.566       1844.3815      178.62212      298.0072       0.14378949   
    356000   527.07403      1309.229       1836.303       143.85794      293.00813      0.1451328    
    357000   478.15712      1335.5616      1813.7187      184.30751      298.90143      0.14737135   
    358000   462.2306       1321.14        1783.3706      190.63861      295.67383      0.14892376   
    359000   488.44499      1345.0287      1833.4737      182.22931      301.02018      0.14759139   
    360000   480.26696      1318.2614      1798.5284      158.7962       295.02961      0.14282515   
    361000   505.29311      1320.5831      1825.8763      165.04265      295.54922      0.13727462   
    362000   517.92689      1328.5486      1846.4755      118.37355      297.3319       0.13482554   
    363000   507.80009      1348.9694      1856.7694      108.58102      301.90211      0.13742038   
    364000   497.76798      1346.9569      1844.7249      127.41027      301.45172      0.1409646    
    365000   504.52577      1324.4373      1828.9631      137.04502      296.41179      0.14267893   
    366000   514.14795      1340.2578      1854.4057      166.36827      299.95244      0.14418319   
    367000   489.04649      1336.4327      1825.4791      195.65049      299.09637      0.14382304   
    368000   494.74344      1320.165       1814.9084      177.82341      295.45563      0.14305708   
    369000   483.85969      1240.0051      1723.8648      144.75286      277.51568      0.14297407   
    370000   500.9762       1310.592       1811.5682      115.14627      293.31317      0.14413157   
    371000   470.93775      1342.3232      1813.261       92.416413      300.4147       0.14523799   
    372000   503.3804       1305.8903      1809.2707      89.628847      292.26094      0.1470884    
    373000   497.40682      1334.5547      1831.9615      61.370855      298.67609      0.14614056   
    374000   505.38862      1335.1741      1840.5627      85.668779      298.8147       0.14286326   
    375000   513.83315      1341.0444      1854.8775      95.654825      300.12848      0.13813146   
    376000   514.74667      1352.7246      1867.4713      114.62563      302.74254      0.13591733   
    377000   505.2884       1326.4807      1831.7691      117.03797      296.8691       0.13736469   
    378000   504.46175      1346.119       1850.5808      142.02655      301.2642       0.1428572    
    379000   512.30501      1346.1461      1858.4511      146.08962      301.27027      0.14718057   
    380000   523.25454      1388.1592      1911.4137      116.30022      310.67287      0.14730184   
    381000   504.3056       1390.5839      1894.8895      167.35082      311.21553      0.14674759   
    382000   506.14385      1381.7633      1887.9072      176.47404      309.24147      0.1463942    
    383000   504.7299       1359.2246      1863.9545      201.97626      304.19726      0.14651548   
    384000   488.81885      1362.6684      1851.4872      173.59957      304.96798      0.14669418   
    385000   502.42608      1377.8662      1880.2923      113.00839      308.36929      0.14591751   
    386000   535.44303      1377.5469      1912.99        94.795744      308.29783      0.14555954   
    387000   532.23918      1363.7873      1896.0265      110.74107      305.21841      0.14471594   
    388000   518.1901       1348.8833      1867.0734      137.60408      301.88286      0.14283575   
    389000   503.98451      1338.3039      1842.2884      188.6421       299.51517      0.14034366   
    390000   529.0586       1337.9491      1867.0077      153.49107      299.43575      0.13773703   
    391000   537.20004      1320.5797      1857.7797      94.987722      295.54845      0.13536835   
    392000   525.97855      1332.2136      1858.1922      25.707956      298.15215      0.13313846   
    393000   525.14904      1367.6444      1892.7934      44.059484      306.08161      0.13357735   
    394000   516.23817      1371.3858      1887.6239      43.487721      306.91895      0.13694934   
    395000   513.1978       1345.3965      1858.5943      91.351575      301.10249      0.1431589    
    396000   490.55023      1303.5454      1794.0956      185.77251      291.73613      0.14766858   
    397000   476.31725      1341.7441      1818.0613      182.51625      300.28507      0.14618111   
    398000   520.70954      1291.3226      1812.0322      149.96948      289.00066      0.14224095   
    399000   508.86613      1326.2833      1835.1494      120.91205      296.82492      0.13859962   
    400000   509.56626      1302.703       1812.2692      62.16274       291.5476       0.13573629   
Loop time of 2234.85 on 8 procs for 400000 steps with 1500 atoms

Performance: 7.732 ns/day, 3.104 hours/ns, 178.983 timesteps/s, 268.475 katom-step/s
99.3% CPU use with 8 MPI tasks x 1 OpenMP threads

MPI task timing breakdown:
Section |  min time  |  avg time  |  max time  |%varavg| %total
---------------------------------------------------------------
Pair    | 63.701     | 67.99      | 70.906     |  26.9 |  3.04
Bond    | 4.1951     | 4.3265     | 4.5459     |   5.0 |  0.19
Kspace  | 1039       | 1042.3     | 1046.5     |   7.1 | 46.64
Neigh   | 1.1882     | 1.1904     | 1.1931     |   0.1 |  0.05
Comm    | 34.756     | 35.003     | 35.237     |   2.6 |  1.57
Output  | 0.018628   | 0.020177   | 0.030782   |   2.8 |  0.00
Modify  | 946.74     | 1014.4     | 1078.2     | 145.7 | 45.39
Other   |            | 69.67      |            |       |  3.12

Nlocal:          187.5 ave         231 max         164 min
Histogram: 3 1 1 0 0 1 1 0 0 1
Nghost:           1517 ave        1554 max        1460 min
Histogram: 1 1 0 0 0 1 2 1 0 2
Neighs:        11783.4 ave       16594 max        9525 min
Histogram: 2 1 2 1 0 1 0 0 0 1

Total # of neighbors = 94267
Ave neighs/atom = 62.844667
Ave special neighs/atom = 2
Neighbor list builds = 2489
Dangerous builds = 0

unfix       runnpt
reset_timestep 0

#-------------------------------------------------- PRODUCTION ----------------------------------------------------------#

fix	            npt_production all npt temp ${simulationTemp} ${simulationTemp} 100.0 iso ${pressure} ${pressure} 1000.0
fix	            npt_production all npt temp 300 ${simulationTemp} 100.0 iso ${pressure} ${pressure} 1000.0
fix	            npt_production all npt temp 300 300 100.0 iso ${pressure} ${pressure} 1000.0
fix	            npt_production all npt temp 300 300 100.0 iso 118.44 ${pressure} 1000.0
fix	            npt_production all npt temp 300 300 100.0 iso 118.44 118.44 1000.0
fix             DensAve all ave/time 1 ${NBR} ${NBR} v_Density file density.dat
fix             DensAve all ave/time 1 20000 ${NBR} v_Density file density.dat
fix             DensAve all ave/time 1 20000 20000 v_Density file density.dat
fix             VoluAve all ave/time 1 ${npt_run} ${npt_run} v_Volume file volume.dat
fix             VoluAve all ave/time 1 2000000 ${npt_run} v_Volume file volume.dat
fix             VoluAve all ave/time 1 2000000 2000000 v_Volume file volume.dat
fix             Densfinal all ave/time 1 ${npt_run} ${npt_run} v_Density file density_final.dat
fix             Densfinal all ave/time 1 2000000 ${npt_run} v_Density file density_final.dat
fix             Densfinal all ave/time 1 2000000 2000000 v_Density file density_final.dat

restart         ${restartfreq} restart_${NAME}.1 restart_${NAME}.2
restart         1000000 restart_${NAME}.1 restart_${NAME}.2
restart         1000000 restart_N2.1 restart_${NAME}.2
restart         1000000 restart_N2.1 restart_N2.2

run             ${npt_run}
run             2000000
PPPM initialization ...
  using 12-bit tables for long-range coulomb (src/kspace.cpp:342)
  G vector (1/distance) = 0.26708801
  grid = 50 50 50
  stencil order = 5
  estimated absolute RMS force accuracy = 0.00040641057
  estimated relative force accuracy = 1.2238934e-06
  using single precision FFTW3
  3d grid and FFT values/proc = 32768 16250
Generated 1 of 1 mixed pair_coeff terms from arithmetic mixing rule
Last active /omp style is kspace_style pppm/omp
Per MPI rank memory allocation (min/avg/max) = 8.65 | 8.672 | 8.694 Mbytes
   Step         PotEng         KinEng         TotEng         Press           Temp        v_Density   
         0   509.5673       1302.703       1812.2703      62.163673      291.5476       0.13573629   
      1000   537.86252      1322.3344      1860.1969      75.324651      295.94114      0.13661703   
      2000   490.98347      1334.313       1825.2964      111.74477      298.62198      0.13905566   
      3000   476.73741      1357.9428      1834.6802      145.0834       303.91038      0.14382386   
      4000   499.22598      1338.9142      1838.1402      128.05178      299.65175      0.14647325   
      5000   526.64023      1325.434       1852.0742      131.99892      296.63484      0.14843965   
      6000   521.17485      1362.8942      1884.0691      110.62036      305.01852      0.14769642   
      7000   498.58091      1377.1125      1875.6935      127.58799      308.20062      0.14404678   
      8000   488.71632      1338.5345      1827.2509      127.89823      299.56678      0.14011247   
      9000   506.00294      1311.2097      1817.2126      123.03845      293.45142      0.13819422   
     10000   490.68676      1331.8316      1822.5183      100.75832      298.06664      0.13959515   
     11000   505.1613       1307.1473      1812.3086      92.344465      292.54224      0.14480497   
     12000   488.30328      1336.0106      1824.3139      62.704435      299.00191      0.15087301   
     13000   496.44514      1297.0106      1793.4558      53.575579      290.27364      0.15246336   
     14000   475.61247      1335.5557      1811.1682      99.347512      298.90011      0.14956129   
     15000   494.41909      1330.0438      1824.4629      134.68754      297.66653      0.1468682    
     16000   492.91677      1298.3312      1791.248       160.88773      290.56919      0.14440392   
     17000   487.25661      1342.209       1829.4656      178.99221      300.38912      0.14331241   
     18000   478.75411      1316.8197      1795.5739      134.19864      294.70696      0.14386767   
     19000   496.26381      1324.4059      1820.6698      147.00046      296.40477      0.14730466   
     20000   499.86696      1327.3326      1827.1996      138.10026      297.05976      0.15050938   
     21000   485.01259      1379.3417      1864.3543      147.59411      308.6995       0.15072957   
     22000   512.89818      1334.309       1847.2071      126.07008      298.62108      0.1461618    
     23000   520.14648      1361.6765      1881.8229      104.7669       304.74599      0.14039057   
     24000   502.13403      1349.9804      1852.1144      102.5265       302.12839      0.13897379   
     25000   533.41785      1343.5817      1876.9995      94.881375      300.69634      0.13991749   
     26000   533.1615       1391.0117      1924.1732      104.0339       311.31128      0.14113588   
     27000   504.29834      1347.0532      1851.3516      129.04918      301.47328      0.14226139   
     28000   517.38809      1384.9914      1902.3794      135.32028      309.96391      0.1439273    
     29000   497.65281      1352.0132      1849.6661      165.19028      302.58334      0.14514099   
     30000   493.7646       1355.3554      1849.12        165.25688      303.33132      0.14586245   
     31000   530.8245       1356.8069      1887.6314      207.12488      303.65617      0.14762403   
     32000   501.74448      1355.8582      1857.6027      136.63491      303.44384      0.14466891   
     33000   515.97686      1350.0341      1866.011       109.29083      302.14041      0.14069787   
     34000   498.16419      1344.2642      1842.4284      90.748945      300.84909      0.13703618   
     35000   505.84835      1305.3196      1811.1679      62.544585      292.1332       0.13482453   
     36000   496.23808      1309.9893      1806.2274      63.233143      293.1783       0.13752086   
     37000   497.47177      1324.5287      1822.0004      146.88327      296.43223      0.14320286   
     38000   508.75587      1303.8726      1812.6285      137.6151       291.80937      0.14439461   
     39000   521.58688      1291.4152      1813.002       130.62156      289.02137      0.14464422   
     40000   475.21975      1305.9621      1781.1818      101.7879       292.277        0.14479243   
     41000   482.75841      1334.2301      1816.9885      100.72792      298.60343      0.14559359   
     42000   517.55648      1328.6767      1846.2332      45.102723      297.36058      0.14510234   
     43000   506.55789      1351.1465      1857.7044      42.840784      302.38935      0.14509092   
     44000   507.15154      1350.5557      1857.7072      19.5777        302.25713      0.14512601   
     45000   524.23066      1301.35        1825.5807      3.6124765      291.24481      0.14647535   
     46000   518.93455      1334.1969      1853.1314      33.070099      298.596        0.15004073   
     47000   475.59933      1354.2527      1829.852       108.02851      303.08452      0.15529013   
     48000   493.48681      1357.5473      1851.0341      130.43644      303.82187      0.15456922   
     49000   487.07481      1345.97        1833.0448      106.9032       301.23085      0.14759577   
     50000   512.376        1357.6845      1870.0605      71.486265      303.85257      0.14363438   
     51000   518.08135      1393.8798      1911.9611      59.792882      311.95315      0.14154067   
     52000   524.71376      1377.8369      1902.5507      57.097916      308.36274      0.1395956    
     53000   551.01186      1353.7262      1904.7381      63.383255      302.9667       0.13759642   
     54000   524.33181      1349.3134      1873.6452      81.11846       301.97911      0.13729836   
     55000   507.47109      1348.9191      1856.3902      94.208353      301.89087      0.14189558   
     56000   499.91407      1362.269       1862.1831      157.79261      304.87861      0.14920463   
     57000   493.83651      1375.3561      1869.1926      136.63349      307.80751      0.15014128   
     58000   524.81208      1327.4312      1852.2433      131.34813      297.08183      0.14757836   
     59000   509.57651      1341.5652      1851.1417      130.80809      300.24505      0.14372934   
     60000   527.38977      1321.9958      1849.3856      126.30625      295.86538      0.14248476   
     61000   507.14563      1336.221       1843.3666      109.65518      299.04899      0.14129317   
     62000   515.59508      1292.2293      1807.8244      113.66135      289.20358      0.13997998   
     63000   491.51825      1326.3519      1817.8701      141.83496      296.84027      0.14034344   
     64000   502.48363      1317.1808      1819.6644      151.9505       294.78777      0.14386725   
     65000   498.13812      1295.165       1793.3031      117.72358      289.86059      0.14676881   
     66000   480.92704      1320.3546      1801.2816      101.04309      295.49806      0.14951463   
     67000   498.80746      1366.8945      1865.702       93.253404      305.9138       0.15070946   
     68000   509.62429      1342.7076      1852.3319      56.354758      300.50072      0.14672005   
     69000   523.59452      1342.4688      1866.0634      10.105076      300.44728      0.14040366   
     70000   519.83075      1361.6934      1881.5241      31.90506       304.74977      0.1378207    
     71000   526.10423      1377.7428      1903.847       55.873441      308.34166      0.13623554   
     72000   525.44582      1334.7036      1860.1494      117.41152      298.70941      0.13645516   
     73000   516.98933      1327.8451      1844.8345      179.17511      297.17447      0.13894501   
     74000   507.55818      1311.8569      1819.4151      211.81972      293.59627      0.14380806   
     75000   507.11469      1314.5955      1821.7102      209.53288      294.20917      0.14645598   
     76000   486.08987      1302.3641      1788.454       147.8378       291.47176      0.14604789   
     77000   479.11362      1333.6126      1812.7262      149.20363      298.46523      0.1457543    
     78000   498.06788      1304.2637      1802.3316      121.21469      291.89689      0.14424892   
     79000   498.34776      1321.8538      1820.2015      111.5926       295.83358      0.1407694    
     80000   511.91781      1340.1724      1852.0902      112.6916       299.93333      0.1375307    
     81000   509.02187      1334.2401      1843.2619      79.982808      298.60567      0.13581456   
     82000   499.5889       1342.9181      1842.507       78.903243      300.54783      0.13664851   
     83000   510.47888      1307.908       1818.3869      68.870064      292.7125       0.13731851   
     84000   500.18308      1322.278       1822.4611      69.010075      295.92853      0.13786342   
     85000   492.47641      1310.6651      1803.1415      78.194478      293.32954      0.13760196   
     86000   493.54078      1377.6138      1871.1546      92.23314       308.3128       0.13885362   
     87000   486.48728      1372.5143      1859.0016      158.30982      307.17152      0.14047868   
     88000   537.71173      1354.6409      1892.3526      206.18283      303.17141      0.14123692   
     89000   542.86479      1391.761       1934.6258      248.92211      311.47897      0.14139896   
     90000   518.23486      1387.7537      1905.9886      234.35249      310.58214      0.13850463   
     91000   527.46866      1335.9805      1863.4491      154.42239      298.99517      0.13406886   
     92000   526.98346      1324.7486      1851.7321      69.101056      296.48146      0.13201037   
     93000   499.64415      1298.9317      1798.5758      4.0014678      290.70358      0.13459418   
     94000   506.7161       1332.2957      1839.0118      10.177464      298.17051      0.14087075   
     95000   531.3292       1347.6704      1878.9996      61.157486      301.61139      0.14643137   
     96000   507.62406      1395.7726      1903.3966      153.64247      312.37677      0.14820086   
     97000   532.92074      1375.1765      1908.0972      156.8254       307.76731      0.14762164   
     98000   495.47185      1358.645       1854.1168      187.4977       304.06753      0.14496549   
     99000   498.6743       1344.9553      1843.6296      216.73517      301.00375      0.14120948   
    100000   513.53         1287.0899      1800.6199      152.68811      288.05337      0.1379444    
    101000   489.79729      1343.362       1833.1593      119.30647      300.64718      0.1383957    
    102000   473.3982       1352.7385      1826.1367      92.817896      302.74566      0.14156383   
    103000   529.15986      1297.4843      1826.6442      42.692372      290.37966      0.14600895   
    104000   510.78175      1324.3694      1835.1511      74.939322      296.39659      0.15076796   
    105000   491.28405      1327.4964      1818.7805      127.14236      297.09643      0.15170074   
    106000   516.41772      1329.5922      1846.0099      98.560682      297.56546      0.14573629   
    107000   513.64835      1382.9461      1896.5944      99.886842      309.50617      0.14014866   
    108000   543.89782      1348.869       1892.7668      94.698764      301.87965      0.13858403   
    109000   519.05622      1376.597       1895.6532      86.58078       308.08523      0.13925295   
    110000   491.28883      1385.4523      1876.7411      83.717516      310.06706      0.14288784   
    111000   498.13793      1359.786       1857.9239      94.694605      304.3229       0.14551101   
    112000   499.52223      1342.0331      1841.5553      169.26022      300.34976      0.14648296   
    113000   500.7531       1361.3027      1862.0558      182.09978      304.66233      0.14579752   
    114000   517.12996      1333.8529      1850.9829      167.36652      298.51902      0.1450419    
    115000   516.82801      1310.2956      1827.1236      108.1698       293.24684      0.14527342   
    116000   485.43147      1278.8875      1764.319       58.247158      286.21766      0.14577329   
    117000   504.10064      1295.4902      1799.5908     -1.4984656      289.93337      0.14476852   
    118000   514.25861      1308.0054      1822.264       7.5724487      292.7343       0.14587238   
    119000   495.16774      1320.5787      1815.7464      78.118058      295.54821      0.14595488   
    120000   497.32937      1300.773       1798.1024      69.68347       291.11568      0.1425788    
    121000   514.12994      1350.3555      1864.4854      120.02011      302.21233      0.13630392   
    122000   517.56065      1350.3203      1867.881       106.23187      302.20446      0.13082395   
    123000   526.04036      1330.8783      1856.9186      144.82139      297.85329      0.13179697   
    124000   529.56143      1330.601       1860.1624      160.9899       297.79124      0.13532895   
    125000   515.06867      1318.6577      1833.7263      158.72299      295.11829      0.13802883   
    126000   502.40089      1328.4815      1830.8824      151.52186      297.31689      0.14002008   
    127000   522.40741      1324.3906      1846.798       106.80377      296.40133      0.14138782   
    128000   506.14642      1265.9729      1772.1193      70.205573      283.32734      0.143971     
    129000   517.57307      1297.4308      1815.0038      123.58684      290.36767      0.14739765   
    130000   492.91766      1336.4137      1829.3314      176.33026      299.09213      0.14939744   
    131000   487.59424      1325.1683      1812.7625      210.86085      296.57539      0.15213535   
    132000   495.04197      1333.4296      1828.4716      200.95076      298.42429      0.15543913   
    133000   481.46555      1365.4236      1846.8892      160.09479      305.58461      0.15592208   
    134000   537.57887      1353.2976      1890.8764      141.59754      302.87078      0.15107724   
    135000   495.32578      1364.989       1860.3147      85.923573      305.48733      0.14384191   
    136000   511.53913      1381.4293      1892.9685      86.586607      309.16672      0.14140428   
    137000   516.66613      1343.5288      1860.1949      111.28955      300.6845       0.14111947   
    138000   516.18399      1315.0505      1831.2345      156.76353      294.311        0.13942659   
    139000   516.60113      1339.1435      1855.7446      149.68086      299.70307      0.13772385   
    140000   533.01793      1364.5286      1897.5465      125.549        305.3843       0.13591336   
    141000   512.2827       1356.2455      1868.5282      61.176925      303.53052      0.13478067   
    142000   522.84418      1348.3201      1871.1643      12.622977      301.7568       0.13702305   
    143000   509.22414      1378.1213      1887.3454      27.456758      308.42636      0.14387317   
    144000   502.06827      1342.7857      1844.854       112.73564      300.5182       0.14825514   
    145000   503.18494      1329.2447      1832.4296      183.43001      297.48769      0.1474409    
    146000   493.71137      1323.5872      1817.2986      182.33137      296.22154      0.14279923   
    147000   515.22698      1320.0559      1835.2828      167.3604       295.43121      0.13912164   
    148000   511.9137       1335.576       1847.4897      118.20367      298.90464      0.13690989   
    149000   515.74494      1290.5591      1806.304       102.65541      288.82977      0.1376379    
    150000   517.69688      1316.6481      1834.345       121.67437      294.66855      0.14018118   
    151000   507.54951      1337.3972      1844.9467      126.91019      299.31224      0.14220145   
    152000   479.28377      1386.5949      1865.8786      125.32057      310.32278      0.14437914   
    153000   514.67054      1381.42        1896.0905      128.88708      309.16462      0.14546538   
    154000   554.70692      1385.1729      1939.8798      76.750917      310.00453      0.14551624   
    155000   495.55408      1340.8532      1836.4072      37.552446      300.08569      0.1466335    
    156000   493.88136      1340.2777      1834.1591      56.630742      299.9569       0.15008973   
    157000   484.57571      1320.0761      1804.6519      91.232823      295.43575      0.15378621   
    158000   477.96752      1289.3398      1767.3073      123.08441      288.5569       0.15327808   
    159000   482.27057      1306.056       1788.3266      151.74914      292.29801      0.14748908   
    160000   525.68941      1289.7732      1815.4626      157.34081      288.65388      0.14172902   
    161000   513.77484      1348.1985      1861.9733      161.76198      301.72959      0.13969999   
    162000   511.89235      1345.9523      1857.8446      120.16057      301.22688      0.13995532   
    163000   509.53309      1361.9585      1871.4916      88.243366      304.80911      0.1419192    
    164000   511.96206      1340.3698      1852.3318      47.074381      299.9775       0.14399807   
    165000   533.31615      1367.1359      1900.452       70.9793        305.96782      0.1481946    
    166000   496.98778      1361.4701      1858.4579      111.78677      304.6998       0.15154928   
    167000   479.82165      1359.847       1839.6687      166.46515      304.33655      0.15250709   
    168000   506.51625      1365.5222      1872.0384      183.34512      305.60666      0.15218995   
    169000   506.88185      1360.912       1867.7939      153.23379      304.57491      0.15155581   
    170000   486.92445      1354.1693      1841.0938      136.10062      303.06587      0.15181384   
    171000   506.80189      1298.4286      1805.2305      75.676674      290.59099      0.15083974   
    172000   507.2029       1320.2016      1827.4045      98.531797      295.46382      0.1493548    
    173000   501.1343       1326.1468      1827.2811      77.614137      296.79437      0.14369842   
    174000   503.51492      1307.2788      1810.7938      89.751376      292.57169      0.13873204   
    175000   507.52813      1373.4204      1880.9486      141.68988      307.37431      0.13800727   
    176000   513.99364      1334.8736      1848.8672      193.58037      298.74745      0.13944558   
    177000   494.50685      1348.8419      1843.3487      202.70934      301.87358      0.14233638   
    178000   493.29133      1320.7795      1814.0708      203.44801      295.59316      0.14614849   
    179000   484.04384      1319.4277      1803.4716      184.29011      295.29063      0.1483677    
    180000   467.7327       1331.8695      1799.6022      166.23347      298.07513      0.14817266   
    181000   509.8437       1299.7802      1809.6239      110.00424      290.89348      0.14727785   
    182000   502.58998      1321.9167      1824.5067      79.858371      295.84767      0.14412749   
    183000   512.97734      1340.826       1853.8034      55.394708      300.07961      0.13931986   
    184000   486.97503      1325.726       1812.7011      87.068432      296.70021      0.1369049    
    185000   556.8854       1300.15        1857.0354      71.336887      290.97623      0.13580919   
    186000   507.12854      1339.8612      1846.9897      104.45915      299.86368      0.1374825    
    187000   496.19316      1365.2033      1861.3964      129.01349      305.5353       0.14207515   
    188000   510.78251      1332.138       1842.9205      161.06355      298.13521      0.14764603   
    189000   506.88615      1327.6357      1834.5219      173.61773      297.1276       0.15030414   
    190000   505.27618      1303.6116      1808.8878      109.76662      291.75096      0.15034566   
    191000   501.17417      1274.5039      1775.6781      126.81076      285.23659      0.14775043   
    192000   496.11987      1327.0889      1823.2088      107.94817      297.00522      0.14404392   
    193000   527.91184      1318.9854      1846.8972      72.546865      295.19164      0.1408274    
    194000   543.93884      1316.5201      1860.4589      62.986595      294.6399       0.13935709   
    195000   506.08967      1362.0716      1868.1613      68.854641      304.83442      0.14025109   
    196000   528.82462      1341.1924      1870.017       114.97624      300.1616       0.14527649   
    197000   481.63024      1366.0032      1847.6335      159.5493       305.71433      0.15331432   
    198000   482.97567      1372.4786      1855.4542      150.4641       307.16352      0.15454616   
    199000   520.16901      1382.451       1902.62        152.03816      309.39536      0.15173604   
    200000   513.21249      1342.6981      1855.9106      146.69509      300.49859      0.14736576   
    201000   518.00414      1342.9415      1860.9456      115.43986      300.55306      0.14325534   
    202000   514.8093       1381.5785      1896.3878      83.105469      309.20011      0.14216453   
    203000   517.16588      1344.9075      1862.0734      70.077703      300.99307      0.14173461   
    204000   519.11769      1350.1311      1869.2488      42.665093      302.16211      0.14124992   
    205000   531.34848      1332.003       1863.3515      55.78098       298.10502      0.14302931   
    206000   522.1862       1385.2736      1907.4598      87.543303      310.02707      0.14576125   
    207000   519.15513      1394.996       1914.1512      123.55255      312.20298      0.14819533   
    208000   508.92818      1350.1516      1859.0798      156.02755      302.1667       0.15055924   
    209000   499.1561       1366.9415      1866.0976      173.32742      305.92431      0.15063047   
    210000   514.64471      1334.8298      1849.4745      143.92681      298.73765      0.14706738   
    211000   518.47881      1354.8557      1873.3346      123.71818      303.2195       0.14165512   
    212000   541.02467      1379.2778      1920.3025      126.2542       308.6852       0.13788459   
    213000   519.97102      1352.1477      1872.1188      144.94114      302.61344      0.13672006   
    214000   512.7867       1360.5585      1873.3452      210.00311      304.49578      0.14097048   
    215000   508.09788      1328.241       1836.3388      161.79176      297.26305      0.14581932   
    216000   494.87196      1297.7142      1792.5861      138.38178      290.43109      0.1483344    
    217000   510.19587      1315.6471      1825.843       110.72271      294.44453      0.14947195   
    218000   482.58127      1310.0107      1792.592       107.10085      293.18309      0.15032941   
    219000   513.7869       1311.6108      1825.3976      85.960704      293.54118      0.15062244   
    220000   510.45489      1319.63        1830.0849      95.800517      295.33591      0.15080399   
    221000   502.96895      1333.5831      1836.5521      77.891417      298.45864      0.14998575   
    222000   504.28143      1364.5017      1868.7831      65.194685      305.37827      0.15018196   
    223000   534.07911      1369.8425      1903.9216      127.49486      306.57357      0.1512368    
    224000   486.49962      1377.9654      1864.465       187.92733      308.39148      0.14864015   
    225000   547.91605      1320.1409      1868.057       200.84253      295.45024      0.14397059   
    226000   534.43526      1315.161       1849.5962      207.68998      294.33572      0.13749886   
    227000   491.67661      1307.5417      1799.2183      218.36651      292.63051      0.13571113   
    228000   508.29022      1284.9856      1793.2758      140.67559      287.58242      0.13751314   
    229000   511.34277      1336.9919      1848.3347      110.35564      299.22153      0.14109779   
    230000   511.95528      1356.0601      1868.0153      110.98568      303.48902      0.14459696   
    231000   529.99126      1341.4731      1871.4644      63.123495      300.22444      0.14609274   
    232000   513.39299      1350.076       1863.469       60.223388      302.14979      0.14615778   
    233000   538.44471      1381.964       1920.4087      102.11177      309.28639      0.14830675   
    234000   522.54991      1389.7078      1912.2577      175.30703      311.01945      0.14976516   
    235000   508.43672      1356.2851      1864.7218      207.48569      303.53938      0.14928689   
    236000   489.69788      1323.5052      1813.2031      178.70772      296.20319      0.14629915   
    237000   511.44394      1328.4571      1839.901       109.68927      297.31143      0.14301889   
    238000   527.89882      1340.204       1868.1028      66.264751      299.9404       0.1376874    
    239000   522.02609      1309.4059      1831.432       22.574976      293.04772      0.13420633   
    240000   528.41838      1309.2859      1837.7043      84.879182      293.02088      0.13716007   
    241000   525.974        1322.7999      1848.7739      139.76686      296.04534      0.1406326    
    242000   495.16776      1334.4869      1829.6546      181.3487       298.66091      0.14244392   
    243000   516.12731      1344.0047      1860.1321      178.63989      300.79102      0.14183295   
    244000   512.60299      1306.2282      1818.8312      127.38091      292.33656      0.14107853   
    245000   481.96584      1301.3086      1783.2745      144.28433      291.23555      0.14218716   
    246000   494.28026      1333.8357      1828.1159      132.58743      298.51516      0.1437608    
    247000   516.05144      1301.0337      1817.0851      67.726603      291.17401      0.14316194   
    248000   497.45887      1293.2343      1790.6932      63.599042      289.4285       0.14219034   
    249000   485.74643      1300.0107      1785.7571      99.027816      290.94506      0.14094496   
    250000   493.09672      1316.6213      1809.7181      132.12418      294.66256      0.13918921   
    251000   523.07368      1312.6578      1835.7315      184.47846      293.77552      0.13764178   
    252000   504.41408      1339.3516      1843.7656      135.77285      299.74963      0.13475875   
    253000   518.10171      1333.4283      1851.53        122.97343      298.42399      0.13285657   
    254000   560.99366      1322.6343      1883.628       91.032451      296.00828      0.13395091   
    255000   518.9742       1367.3248      1886.299       120.67035      306.01009      0.13948101   
    256000   532.85942      1367.0549      1899.9143      143.32531      305.9497       0.14518304   
    257000   500.21169      1385.5935      1885.8051      178.38656      310.09866      0.14606212   
    258000   518.09749      1363.9004      1881.9979      219.08847      305.24371      0.14499997   
    259000   532.07085      1345.9242      1877.9951      197.19799      301.22061      0.14244501   
    260000   533.1583       1346.7486      1879.9069      122.51485      301.40509      0.1398247    
    261000   534.407        1314.8587      1849.2657      35.518793      294.26807      0.13723551   
    262000   534.08174      1309.3886      1843.4704     -19.255572      293.04387      0.13627134   
    263000   512.66501      1331.4165      1844.0815     -16.699334      297.97374      0.13881509   
    264000   497.08239      1313.0113      1810.0937      10.172924      293.85462      0.14438088   
    265000   518.12772      1325.4001      1843.5278      79.476834      296.62726      0.15006707   
    266000   486.07522      1339.7284      1825.8036      158.96091      299.83397      0.15104666   
    267000   500.45832      1327.8172      1828.2755      189.49103      297.16821      0.14979073   
    268000   486.94701      1253.7499      1740.6969      155.85697      280.59179      0.14730707   
    269000   470.37173      1335.8527      1806.2244      135.10589      298.96657      0.14600771   
    270000   484.0676       1348.4131      1832.4807      126.12902      301.77762      0.14696724   
    271000   496.65415      1306.1525      1802.8066      101.75862      292.3196       0.14975628   
    272000   513.79123      1327.8396      1841.6308      77.77546       297.17322      0.14901229   
    273000   488.40775      1370.5523      1858.9601      92.48475       306.73242      0.1402214    
    274000   531.69988      1365.5643      1897.2642      131.31519      305.6161       0.13374474   
    275000   553.6113       1395.5708      1949.1821      143.64141      312.3316       0.13291964   
    276000   529.73564      1388.5895      1918.3251      171.43783      310.76918      0.13687106   
    277000   524.34605      1385.147       1909.493       190.42967      309.99874      0.14263137   
    278000   524.97057      1347.687       1872.6575      160.18847      301.61511      0.14542806   
    279000   502.3128       1337.2875      1839.6003      111.2214       299.28768      0.14631638   
    280000   500.7919       1350.0806      1850.8725      77.637703      302.15081      0.14604729   
    281000   531.52481      1345.28        1876.8048      76.363504      301.07642      0.14780417   
    282000   479.68704      1348.3626      1828.0496      79.535659      301.76632      0.15180687   
    283000   480.32865      1309.7332      1790.0618      140.49747      293.12097      0.15531753   
    284000   487.08384      1291.4661      1778.55        119.37867      289.03277      0.15480395   
    285000   458.93671      1356.4061      1815.3428      165.43174      303.56648      0.15179002   
    286000   509.95272      1319.7607      1829.7134      168.3861       295.36516      0.14410156   
    287000   531.70208      1296.5693      1828.2714      144.12575      290.17486      0.13990332   
    288000   518.06278      1320.6908      1838.7536      125.71139      295.57331      0.13999553   
    289000   530.32474      1308.0783      1838.403       89.360419      292.75061      0.14073376   
    290000   540.61344      1317.577       1858.1905      68.769204      294.87644      0.14191691   
    291000   525.36432      1350.2279      1875.5922      39.573663      302.18377      0.14547193   
    292000   528.78265      1331.2828      1860.0654      41.078677      297.94382      0.15065969   
    293000   515.35655      1350.0313      1865.3878      59.582879      302.13977      0.15657044   
    294000   527.38459      1340.0973      1867.4819      105.13872      299.91654      0.16118357   
    295000   513.23176      1401.0713      1914.3031      183.72533      313.56264      0.15967209   
    296000   504.18617      1349.5245      1853.7107      153.44808      302.02636      0.15005813   
    297000   511.95453      1320.0165      1831.971       143.25667      295.4224       0.14535359   
    298000   519.40371      1325.3365      1844.7402      109.83093      296.61303      0.14217344   
    299000   544.53662      1326.5552      1871.0918      116.78988      296.88577      0.13959518   
    300000   505.0122       1298.637       1803.6492      87.779321      290.63762      0.13862475   
    301000   505.86134      1292.251       1798.1124      77.61157       289.20843      0.14034091   
    302000   506.15129      1335.4564      1841.6077      107.54252      298.87788      0.14575813   
    303000   513.16162      1357.7268      1870.8884      116.55441      303.86204      0.15116247   
    304000   485.09749      1351.4374      1836.5349      132.92391      302.45446      0.15280205   
    305000   507.98711      1337.9273      1845.9144      149.0719       299.43087      0.15207305   
    306000   502.14348      1398.3501      1900.4936      168.84865      312.95363      0.15097717   
    307000   498.0086       1354.5187      1852.5273      144.42925      303.14407      0.14938625   
    308000   532.59022      1338.0775      1870.6677      85.569715      299.46448      0.14982864   
    309000   500.37022      1363.911       1864.2812      71.268996      305.24607      0.15188762   
    310000   485.55272      1359.2342      1844.7869      43.463932      304.19941      0.15182917   
    311000   516.33382      1360.3807      1876.7145      65.144778      304.45599      0.152327     
    312000   511.52655      1353.6669      1865.1935      107.99485      302.95343      0.15378064   
    313000   494.47752      1360.3411      1854.8186      146.55356      304.44713      0.15659505   
    314000   487.22548      1378.347       1865.5724      186.57537      308.47688      0.15908996   
    315000   478.4413       1384.755       1863.1963      120.87141      309.91102      0.15586011   
    316000   525.09962      1347.3197      1872.4193      27.678608      301.53292      0.14735416   
    317000   512.63375      1334.6305      1847.2642      20.012491      298.69304      0.14267517   
    318000   480.22253      1344.515       1824.7376      78.631523      300.90522      0.1417832    
    319000   521.8815       1326.7425      1848.624       168.22612      296.9277       0.14401708   
    320000   504.9983       1316.4717      1821.47        188.0382       294.62908      0.1457502    
    321000   527.28372      1322.4995      1849.7832      152.33418      295.9781       0.14541426   
    322000   486.82315      1323.3659      1810.1891      153.45708      296.17201      0.14403878   
    323000   514.33393      1327.1141      1841.448       145.89908      297.01086      0.14324899   
    324000   485.55266      1358.1616      1843.7143      164.62311      303.95936      0.14494727   
    325000   520.62789      1277.7507      1798.3786      121.56563      285.96324      0.14893622   
    326000   506.63256      1299.3084      1805.941       132.60065      290.78789      0.1538896    
    327000   487.20287      1349.7841      1836.9869      109.12455      302.08445      0.15526417   
    328000   513.69977      1330.4298      1844.1295      48.633897      297.75291      0.15320395   
    329000   495.95187      1306.4428      1802.3947      45.352158      292.38458      0.1505246    
    330000   509.73553      1328.4075      1838.143       94.640103      297.30033      0.14606653   
    331000   551.5965       1300.6702      1852.2667      126.16975      291.09267      0.1385976    
    332000   495.31144      1333.5559      1828.8673      103.30202      298.45255      0.13597871   
    333000   549.23981      1317.5427      1866.7825      87.5539        294.86875      0.13711481   
    334000   509.71652      1316.069       1825.7855      81.181403      294.53894      0.13889971   
    335000   505.58604      1331.5494      1837.1354      81.192544      298.00349      0.141478     
    336000   516.00859      1329.7024      1845.711       73.69591       297.59013      0.14519143   
    337000   500.49149      1344.4679      1844.9594      40.869172      300.89467      0.14745731   
    338000   501.51514      1379.21        1880.7252      76.993046      308.67004      0.15060613   
    339000   504.09866      1369.2807      1873.3793      119.50308      306.44783      0.15259361   
    340000   518.93721      1344.8926      1863.8299      213.85437      300.98973      0.15321517   
    341000   538.18024      1341.0591      1879.2393      199.06222      300.13177      0.14616324   
    342000   497.3776       1370.5397      1867.9173      207.0911       306.7296       0.14019253   
    343000   527.00955      1349.4558      1876.4654      147.55154      302.01098      0.1395832    
    344000   517.08352      1379.7768      1896.8603      125.11582      308.79688      0.14089157   
    345000   515.30028      1340.5358      1855.8361      77.907072      300.01467      0.14270108   
    346000   498.75102      1352.0162      1850.7673      43.579476      302.58401      0.14616184   
    347000   513.65899      1324.8098      1838.4688      77.169716      296.49516      0.1491883    
    348000   506.17822      1284.5855      1790.7637      116.53459      287.49287      0.1482259    
    349000   530.15128      1303.9545      1834.1058      111.15994      291.82769      0.14438097   
    350000   486.69642      1345.0013      1831.6978      195.17182      301.01406      0.14092486   
    351000   501.20293      1284.2991      1785.502       138.38881      287.42877      0.1389149    
    352000   489.48398      1306.1357      1795.6197      139.25455      292.31584      0.14247698   
    353000   503.36078      1335.3876      1838.7484      52.593032      298.86248      0.14618467   
    354000   491.27787      1323.7255      1815.0034      17.700524      296.25248      0.15019059   
    355000   508.49017      1319.0115      1827.5017      19.986823      295.19748      0.15157171   
    356000   487.23704      1312.8743      1800.1113      137.40032      293.82395      0.15169205   
    357000   506.92425      1315.9537      1822.878       199.86488      294.51315      0.15119353   
    358000   535.832        1354.7317      1890.5637      215.52524      303.19173      0.14649159   
    359000   518.73445      1387.5776      1906.312       166.8386       310.54271      0.14002643   
    360000   523.58258      1359.0216      1882.6042      124.90039      304.15183      0.1376411    
    361000   532.77225      1378.8802      1911.6525      108.844        308.59622      0.1379083    
    362000   513.14895      1352.3656      1865.5145      98.792505      302.66219      0.13924167   
    363000   518.73569      1351.8395      1870.5752      99.536163      302.54446      0.13706552   
    364000   507.73479      1353.8845      1861.6193      117.55799      303.00213      0.13174673   
    365000   547.29459      1300.1491      1847.4437      118.87002      290.97604      0.126096     
    366000   545.00071      1326.9339      1871.9346      160.18099      296.97053      0.12522251   
    367000   522.93847      1290.7378      1813.6763      186.20505      288.86977      0.12966671   
    368000   519.21199      1335.0196      1854.2316      171.22206      298.78013      0.13547868   
    369000   515.43031      1351.7622      1867.1925      145.98021      302.52715      0.13778632   
    370000   530.47751      1350.3068      1880.7843      151.16894      302.20143      0.13822448   
    371000   514.2298       1357.8083      1872.0381      155.48217      303.88029      0.13824032   
    372000   540.8977       1338.5559      1879.4536      113.10965      299.57156      0.13913764   
    373000   522.09133      1364.125       1886.2163      105.18294      305.29398      0.14056245   
    374000   516.0536       1349.2484      1865.302       119.09431      301.96457      0.14350811   
    375000   518.48786      1385.2479      1903.7357      193.09668      310.02132      0.14927273   
    376000   523.36126      1347.3614      1870.7227      182.96746      301.54226      0.15075106   
    377000   505.10361      1356.5073      1861.6109      208.55121      303.58913      0.14804034   
    378000   490.65495      1372.1543      1862.8092      212.65586      307.09094      0.13989417   
    379000   499.92952      1342.053       1841.9825      178.85427      300.35422      0.13661856   
    380000   527.39722      1275.2797      1802.677       112.89428      285.41023      0.13812061   
    381000   523.53347      1310.1251      1833.6586      74.440065      293.20869      0.14073022   
    382000   514.18268      1318.0572      1832.2399      34.199494      294.98391      0.14280178   
    383000   504.16529      1308.046       1812.2113      38.497349      292.74339      0.14534889   
    384000   518.25132      1277.6176      1795.8689      87.238576      285.93344      0.14820677   
    385000   486.91355      1380.2534      1867.167       108.99447      308.90355      0.1476389    
    386000   543.10271      1342.6794      1885.7821      123.99612      300.4944       0.14209467   
    387000   549.32822      1338.4458      1887.7741      91.179632      299.54693      0.13517439   
    388000   540.92397      1337.3289      1878.2529      109.61342      299.29695      0.13326559   
    389000   509.99541      1374.2955      1884.2909      152.64088      307.57015      0.13311025   
    390000   537.55836      1378.9752      1916.5335      183.47454      308.61747      0.13424649   
    391000   550.00571      1383.5282      1933.5339      176.73516      309.63646      0.1361541    
    392000   552.55243      1325.7074      1878.2598      170.76606      296.69603      0.13990804   
    393000   514.772        1345.3502      1860.1222      167.82729      301.09214      0.1440366    
    394000   515.41809      1355.1733      1870.5914      137.14215      303.29056      0.14710544   
    395000   501.43709      1312.7852      1814.2223      134.1286       293.80403      0.14882983   
    396000   503.23499      1326.6531      1829.8881      98.851368      296.90769      0.14617211   
    397000   513.79493      1320.5564      1834.3513      96.693558      295.54323      0.14152486   
    398000   525.64846      1338.7078      1864.3563      115.81745      299.60556      0.13825012   
    399000   520.87111      1301.2276      1822.0987      168.49388      291.21741      0.13779833   
    400000   513.01006      1337.6137      1850.6237      160.86907      299.36069      0.13867265   
    401000   537.36301      1302.289       1839.652       132.52695      291.45496      0.13940608   
    402000   521.23811      1308.582       1829.8201      123.89971      292.86333      0.13993082   
    403000   494.87435      1292.7508      1787.6252      130.98186      289.32029      0.14145958   
    404000   489.72093      1285.0143      1774.7353      78.1877        287.58885      0.14317227   
    405000   490.03914      1322.9082      1812.9474      52.812004      296.06958      0.14875449   
    406000   486.21739      1341.5277      1827.7451      93.067624      300.23666      0.15482121   
    407000   514.73565      1297.6057      1812.3413      116.5101       290.40682      0.15422811   
    408000   503.10765      1312.0381      1815.1457      104.10209      293.63682      0.15008092   
    409000   487.06434      1334.3952      1821.4595      105.75039      298.64038      0.14738071   
    410000   518.29904      1280.4299      1798.729       71.488397      286.56285      0.14562683   
    411000   506.07945      1323.9697      1830.0491      33.231811      296.30713      0.14534244   
    412000   514.48228      1293.8719      1808.3542      8.6798255      289.5712       0.14617161   
    413000   485.93121      1295.5062      1781.4375      67.441396      289.93696      0.14713481   
    414000   534.39318      1316.6626      1851.0558      140.25557      294.67179      0.15002333   
    415000   502.22437      1304.7326      1806.957       227.88252      292.00183      0.1524309    
    416000   516.66605      1320.8951      1837.5611      246.88412      295.61903      0.1513123    
    417000   494.5161       1349.2608      1843.7769      187.49749      301.96734      0.14622109   
    418000   506.57282      1331.2666      1837.8394      119.56069      297.9402       0.14027554   
    419000   509.46745      1303.5443      1813.0118      56.228984      291.73589      0.13841235   
    420000   479.10372      1309.5198      1788.6235      40.220915      293.07322      0.13993928   
    421000   512.9427       1332.1182      1845.0609      64.539248      298.13079      0.14353557   
    422000   521.27328      1339.4844      1860.7577      34.245287      299.77935      0.14433084   
    423000   509.49521      1343.1208      1852.616       40.950355      300.59319      0.14535689   
    424000   529.92277      1344.9872      1874.9099      29.580795      301.01089      0.14647749   
    425000   517.35292      1409.4589      1926.8119      122.07306      315.4398       0.14862774   
    426000   511.92475      1374.2059      1886.1306      172.14126      307.5501       0.14972871   
    427000   481.27937      1385.5746      1866.854       263.19548      310.09445      0.15249525   
    428000   511.98612      1345.5269      1857.513       249.98669      301.13168      0.15652971   
    429000   513.29077      1342.386       1855.6768      184.66588      300.42875      0.15948053   
    430000   518.33224      1372.3831      1890.7153      119.47317      307.14215      0.15952743   
    431000   478.98764      1362.559       1841.5467      99.899426      304.94351      0.156481     
    432000   499.7777       1383.499       1883.2767      87.166715      309.62992      0.15231327   
    433000   498.16298      1348.6695      1846.8324      94.90513       301.83499      0.14995172   
    434000   513.16316      1346.9804      1860.1436      114.9738       301.45698      0.14708394   
    435000   504.84015      1346.667       1851.5071      139.02941      301.38683      0.14373639   
    436000   499.47003      1347.9884      1847.4584      71.092919      301.68257      0.14195859   
    437000   485.05566      1352.2184      1837.2741      50.117568      302.62926      0.14367215   
    438000   543.40649      1332.9986      1876.4051      48.392384      298.32783      0.14628092   
    439000   502.77572      1349.0382      1851.8139      115.20249      301.91751      0.15047811   
    440000   515.61034      1360.142       1875.7524      211.23277      304.40258      0.15548998   
    441000   530.60589      1359.8727      1890.4786      237.75941      304.3423       0.1581663    
    442000   489.10373      1367.4234      1856.5271      234.72887      306.03215      0.15480922   
    443000   528.65807      1329.6028      1858.2608      178.7177       297.56783      0.14708952   
    444000   535.5182       1325.0036      1860.5218      113.14893      296.53852      0.14232241   
    445000   518.77765      1349.5748      1868.3524      110.13525      302.03761      0.14047543   
    446000   500.6975       1365.3037      1866.0012      87.591595      305.55777      0.14029121   
    447000   543.26311      1335.5718      1878.8349      102.54117      298.90371      0.1416273    
    448000   517.98706      1331.6807      1849.6677      73.296414      298.03287      0.14097434   
    449000   548.25502      1344.1103      1892.3653      96.345337      300.81463      0.14140674   
    450000   529.84816      1351.6984      1881.5465      106.47784      302.51287      0.14209445   
    451000   513.04276      1346.0843      1859.1271      127.43704      301.25643      0.1426309    
    452000   492.94689      1295.6288      1788.5757      84.966512      289.96439      0.14488165   
    453000   499.87669      1300.2975      1800.1742      103.92612      291.00925      0.14887315   
    454000   513.04545      1301.8809      1814.9263      101.68624      291.36361      0.1490972    
    455000   467.48584      1365.2321      1832.7179      149.58942      305.54174      0.14528164   
    456000   527.14944      1297.4821      1824.6316      143.88919      290.37917      0.13969382   
    457000   518.1569       1273.4566      1791.6135      154.33943      285.0022       0.13750203   
    458000   543.23329      1316.3303      1859.5636      147.56365      294.59743      0.13982919   
    459000   539.9096       1320.6838      1860.5934      136.54603      295.57173      0.14246199   
    460000   514.02494      1314.6112      1828.6361      79.00514       294.21268      0.14444539   
    461000   507.77675      1336.9238      1844.7005      53.073263      299.20629      0.1465362    
    462000   478.72743      1345.3683      1824.0958      80.968371      301.0962       0.14793991   
    463000   502.73391      1301.1978      1803.9317      104.77571      291.21073      0.14675774   
    464000   521.92214      1293.3676      1815.2897      175.3759       289.45833      0.14617804   
    465000   478.89183      1352.4528      1831.3446      214.07541      302.68171      0.14820135   
    466000   491.27116      1350.91        1842.1811      233.5814       302.33643      0.15439028   
    467000   510.74396      1344.9351      1855.6791      153.0973       300.99923      0.1617885    
    468000   500.17961      1350.9065      1851.0861      109.10548      302.33565      0.16309961   
    469000   502.23343      1326.9911      1829.2246      116.61255      296.98334      0.15742087   
    470000   484.53582      1383.0855      1867.6213      115.62501      309.53737      0.15198861   
    471000   531.13725      1350.9393      1882.0765      117.26353      302.34298      0.14882587   
    472000   523.02903      1354.3915      1877.4206      71.869894      303.1156       0.14517015   
    473000   547.16143      1341.1336      1888.295       42.270907      300.14845      0.14147054   
    474000   516.49583      1295.3347      1811.8305      15.359274      289.89856      0.13906705   
    475000   486.4999       1368.6667      1855.1666      70.980125      306.31041      0.14107531   
    476000   475.93051      1369.0303      1844.9608      131.4539       306.39179      0.1430511    
    477000   535.49083      1331.0575      1866.5483      174.86898      297.8934       0.14284019   
    478000   521.07133      1342.0753      1863.1466      204.75859      300.35921      0.1405764    
    479000   522.45838      1394.1324      1916.5908      204.74535      312.00969      0.1350967    
    480000   548.63922      1328.8259      1877.4652      147.9129       297.39397      0.13071241   
    481000   535.6297       1359.0813      1894.711       139.95874      304.16519      0.13363525   
    482000   502.85034      1367.2313      1870.0817      153.38277      305.98917      0.13956568   
    483000   522.465        1354.5699      1877.0349      93.585779      303.15552      0.14367829   
    484000   508.13597      1295.1122      1803.2481      64.720714      289.84876      0.14516851   
    485000   512.71942      1285.0427      1797.7621      37.695219      287.5952       0.14518538   
    486000   514.31361      1302.1231      1816.4367      17.734358      291.41783      0.14425131   
    487000   504.8996       1337.0738      1841.9734      49.314905      299.23985      0.1449603    
    488000   520.77181      1305.3105      1826.0823      80.742942      292.13116      0.14778483   
    489000   508.9733       1287.4725      1796.4458      131.86189      288.13898      0.15309061   
    490000   510.9846       1290.4134      1801.3979      183.86235      288.79716      0.15870295   
    491000   492.78795      1345.0997      1837.8876      213.10626      301.03606      0.15862475   
    492000   499.1268       1336.4219      1835.5487      212.37242      299.09397      0.15483699   
    493000   490.40502      1328.9196      1819.3246      190.82318      297.41492      0.15223235   
    494000   524.90392      1334.1028      1859.0067      138.14481      298.57495      0.14945477   
    495000   522.85563      1347.9382      1870.7938      121.14273      301.67134      0.14661214   
    496000   527.39721      1355.2188      1882.616       74.698487      303.30074      0.14393963   
    497000   507.86571      1349.6786      1857.5443      89.231024      302.06084      0.14397327   
    498000   523.72173      1334.4738      1858.1955      119.3703       298.65797      0.14453644   
    499000   508.74618      1340.6915      1849.4377      124.36073      300.04952      0.14646783   
    500000   516.14882      1331.1404      1847.2892      160.18155      297.91196      0.14978124   
    501000   499.54653      1362.0056      1861.5522      136.90821      304.81965      0.15309125   
    502000   514.20169      1347.2321      1861.4338      113.99553      301.51331      0.15491083   
    503000   475.3722       1315.7641      1791.1363      90.942026      294.47071      0.15243834   
    504000   499.00025      1332.497       1831.4973      104.13178      298.21557      0.14911432   
    505000   518.32897      1304.2278      1822.5567      102.70847      291.88885      0.14428118   
    506000   501.32758      1268.8719      1770.1995      137.3874       283.97614      0.14180629   
    507000   495.09825      1328.6362      1823.7345      148.94149      297.35151      0.14156573   
    508000   518.21343      1326.4452      1844.6586      127.09426      296.86116      0.14494069   
    509000   513.18946      1329.0231      1842.2126      174.54672      297.4381       0.15123637   
    510000   509.81016      1329.5781      1839.3883      145.40733      297.56232      0.1534199    
    511000   525.27234      1319.5703      1844.8427      159.85393      295.32255      0.15244565   
    512000   503.5676       1344.7778      1848.3454      166.07054      300.96404      0.14996378   
    513000   492.74507      1366.0984      1858.8434      142.91246      305.73562      0.14731636   
    514000   527.73309      1348.0219      1875.755       102.42251      301.69008      0.14517196   
    515000   555.40092      1368.1883      1923.5892      59.723871      306.20334      0.14358335   
    516000   524.35399      1347.8753      1872.2293      59.204991      301.65727      0.1437317    
    517000   525.63561      1367.0756      1892.7112      66.578925      305.95432      0.14420506   
    518000   512.62434      1346.2049      1858.8292      111.6912       301.28342      0.14728839   
    519000   525.73844      1347.2531      1872.9915      114.88072      301.518        0.15377417   
    520000   513.61679      1360.5353      1874.1521      115.55875      304.4906       0.15728423   
    521000   531.07992      1360.1122      1891.1921      181.22563      304.3959       0.15552169   
    522000   513.42396      1341.433       1854.857       167.40626      300.21547      0.14889001   
    523000   507.83181      1334.8344      1842.6662      163.9976       298.73867      0.14434288   
    524000   481.45076      1340.3441      1821.7949      204.53616      299.97177      0.14193382   
    525000   520.17421      1322.0095      1842.1837      201.54023      295.86844      0.14179207   
    526000   503.47989      1324.4571      1827.937       192.42616      296.41621      0.14242723   
    527000   535.15628      1304.2268      1839.383       178.1288       291.88863      0.1433251    
    528000   498.00559      1348.345       1846.3505      137.64521      301.76237      0.14528376   
    529000   467.57964      1328.4242      1796.0038      87.029153      297.30406      0.14926995   
    530000   484.51593      1339.8134      1824.3293      40.819089      299.85299      0.15291279   
    531000   512.2546       1315.7189      1827.9735      34.196593      294.4606       0.15390896   
    532000   476.36292      1305.4109      1781.7738      91.421906      292.15363      0.14960998   
    533000   527.20481      1326.5715      1853.7763      134.81271      296.88942      0.14242422   
    534000   531.11748      1332.3675      1863.4849      128.78878      298.18657      0.13908072   
    535000   509.14217      1357.0032      1866.1454      174.62001      303.70011      0.14097587   
    536000   540.50023      1347.9543      1888.4545      200.1171       301.67494      0.14306401   
    537000   532.95392      1353.599       1886.5529      217.338        302.93823      0.14577471   
    538000   529.97483      1379.5965      1909.5713      163.18839      308.75652      0.14808686   
    539000   512.23697      1396.5849      1908.8219      198.73233      312.55857      0.15005265   
    540000   519.06321      1343.721       1862.7842      175.78958      300.72752      0.14933224   
    541000   519.96415      1308.9996      1828.9637      142.61686      292.95679      0.14529228   
    542000   504.57599      1292.5936      1797.1695      135.9916       289.28509      0.14310145   
    543000   493.24277      1321.965       1815.2078      148.54343      295.85848      0.14195485   
    544000   500.02652      1332.2516      1832.2782      109.33755      298.16065      0.14144325   
    545000   519.98346      1327.3428      1847.3263      67.26212       297.06205      0.14099018   
    546000   510.60526      1312.5243      1823.1296      68.845225      293.74564      0.14368335   
    547000   517.71094      1336.0282      1853.7391      114.37979      299.00584      0.14824514   
    548000   520.01873      1362.5513      1882.5701      168.72129      304.94179      0.15105579   
    549000   502.85124      1416.4901      1919.3413      191.32834      317.01338      0.15265909   
    550000   499.69627      1366.4723      1866.1686      194.4539       305.81931      0.1526497    
    551000   522.38118      1360.9155      1883.2966      148.79355      304.57567      0.14921042   
    552000   506.95461      1390.0209      1896.9755      104.58397      311.08953      0.14137756   
    553000   546.68426      1406.4711      1953.1553      43.563293      314.77111      0.13682324   
    554000   525.71427      1322.1665      1847.8808      24.760297      295.90358      0.1355484    
    555000   537.8551       1324.8675      1862.7226      9.7819907      296.50806      0.13720889   
    556000   531.21502      1318.4595      1849.6745      77.086911      295.07395      0.14046683   
    557000   519.35583      1286.4837      1805.8395      147.03834      287.9177       0.14588506   
    558000   508.15864      1324.3028      1832.4615      206.21635      296.38169      0.14970763   
    559000   509.88218      1340.8881      1850.7702      206.98821      300.0935       0.14946307   
    560000   508.31835      1356.4328      1864.7511      192.21648      303.57244      0.1484411    
    561000   494.80258      1330.4146      1825.2171      94.738757      297.74951      0.14677395   
    562000   527.83241      1341.6212      1869.4536      32.479327      300.25757      0.14715179   
    563000   527.81397      1344.9307      1872.7447      7.6552001      300.99825      0.1504918    
    564000   487.60047      1336.1507      1823.7512      54.831708      299.03327      0.15694807   
    565000   498.84724      1320.9792      1819.8264      111.14937      295.63785      0.15960723   
    566000   505.6451       1332.6189      1838.264       160.44554      298.24284      0.15579966   
    567000   511.41378      1338.8099      1850.2236      217.44031      299.6284       0.14889034   
    568000   511.49283      1338.8415      1850.3344      196.8904       299.63549      0.14404352   
    569000   522.93804      1296.6252      1819.5632      122.33715      290.18738      0.14207505   
    570000   505.9979       1326.0943      1832.0922      90.984932      296.78263      0.14448704   
    571000   504.4996       1314.4834      1818.983       29.567985      294.18409      0.14899026   
    572000   468.31186      1347.27        1815.5819      63.66135       301.5218       0.15243074   
    573000   496.5719       1306.3021      1802.874       88.665281      292.35308      0.15317242   
    574000   510.43665      1312.9707      1823.4073      134.40557      293.84553      0.15135139   
    575000   499.51386      1332.2         1831.7139      168.43151      298.1491       0.14938399   
    576000   506.25884      1319.3276      1825.5865      192.03011      295.26823      0.1476583    
    577000   507.88259      1320.8561      1828.7387      146.26073      295.61032      0.14789161   
    578000   501.69301      1345.2155      1846.9085      137.00855      301.062        0.15007324   
    579000   506.84564      1340.1654      1847.011       131.66709      299.93176      0.15276853   
    580000   511.82444      1387.0385      1898.8629      116.51167      310.42206      0.15467463   
    581000   493.67823      1395.7945      1889.4727      121.19076      312.38168      0.15453379   
    582000   504.73784      1363.2511      1867.9889      115.89139      305.09839      0.15100876   
    583000   512.50167      1349.1832      1861.6849      112.11898      301.94998      0.14560861   
    584000   499.75747      1333.9372      1833.6946      132.62551      298.53788      0.1412105    
    585000   540.0495       1339.1386      1879.188       136.81372      299.70196      0.13939675   
    586000   541.84782      1335.0139      1876.8618      150.14647      298.77886      0.13960338   
    587000   522.77068      1325.6416      1848.4123      96.779458      296.6813       0.14053607   
    588000   510.18612      1327.1728      1837.3589      89.258826      297.024        0.14461245   
    589000   495.43358      1302.5066      1797.9401      48.659833      291.50364      0.15095844   
    590000   485.58612      1255.2683      1740.8544      49.140988      280.93163      0.15706311   
    591000   474.96632      1321.6637      1796.6301      64.517833      295.79106      0.1559415    
    592000   471.35054      1334.506       1805.8565      68.650081      298.66518      0.15173494   
    593000   506.09937      1332.9762      1839.0756      96.812474      298.32281      0.14823469   
    594000   509.00755      1297.1954      1806.2029      118.79978      290.31499      0.14584945   
    595000   508.57068      1336.0779      1844.6486      158.01633      299.01698      0.14473797   
    596000   483.60447      1355.9268      1839.5312      232.16511      303.4592       0.1435346    
    597000   535.65699      1326.2102      1861.8672      245.43955      296.80858      0.14158984   
    598000   521.49897      1361.2718      1882.7707      252.92893      304.65542      0.14194851   
    599000   516.70202      1363.3392      1880.0412      210.67779      305.1181       0.14514886   
    600000   524.76281      1336.7533      1861.5161      135.08963      299.16812      0.14931782   
    601000   530.73552      1329.1691      1859.9047      60.657526      297.47078      0.15054807   
    602000   511.2876       1335.4952      1846.7828     -12.395392      298.88658      0.14714451   
    603000   509.6789       1326.5109      1836.1898     -10.092855      296.87586      0.1380491    
    604000   546.6897       1296.8919      1843.5816      22.056845      290.24707      0.13350708   
    605000   519.86246      1284.0676      1803.9301      87.556028      287.37697      0.13391025   
    606000   537.59484      1319.7695      1857.3643      154.38428      295.36712      0.13798221   
    607000   506.41859      1351.3404      1857.759       172.24531      302.43275      0.1408314    
    608000   522.64529      1327.1625      1849.8078      151.12229      297.02169      0.14220501   
    609000   559.58554      1324.727       1884.3126      71.717441      296.47663      0.14158118   
    610000   544.75336      1370.5217      1915.2751      28.734809      306.72557      0.13940425   
    611000   538.7105       1373.9085      1912.619       35.615698      307.48354      0.13702871   
    612000   565.50015      1349.6693      1915.1695      63.701215      302.05877      0.13589513   
    613000   518.47899      1369.8701      1888.3491      97.227759      306.57974      0.1349033    
    614000   517.32816      1387.76        1905.0882      113.55515      310.58354      0.13695427   
    615000   507.86484      1320.2836      1828.1485      137.11675      295.48218      0.14382475   
    616000   516.76558      1318.9085      1835.6741      145.63138      295.17444      0.14831254   
    617000   515.21795      1329.746       1844.9639      125.76598      297.59988      0.15011351   
    618000   507.22221      1300.7583      1807.9805      144.55969      291.11237      0.15022851   
    619000   511.16215      1316.0331      1827.1953      123.62555      294.53092      0.1478742    
    620000   522.331        1339.0587      1861.3897      106.92116      299.68408      0.14387782   
    621000   528.1686       1297.1568      1825.3254      151.94343      290.30635      0.14245531   
    622000   490.61387      1324.1795      1814.7933      134.62848      296.35408      0.14249574   
    623000   475.35616      1358.8227      1834.1788      191.00304      304.1073       0.14732939   
    624000   527.31021      1323.8449      1851.1551      192.36122      296.2792       0.15138047   
    625000   495.95868      1328.0886      1824.0473      181.6859       297.22895      0.15066221   
    626000   493.23476      1325.7064      1818.9411      117.52341      296.69581      0.14800367   
    627000   528.90938      1371.4092      1900.3186      95.114298      306.92419      0.14664117   
    628000   488.60195      1373.2008      1861.8028      98.984387      307.32516      0.14458019   
    629000   525.63527      1375.6559      1901.2912      127.05666      307.87462      0.14358505   
    630000   515.76081      1384.2059      1899.9667      142.60341      309.78812      0.14137445   
    631000   528.76466      1343.2437      1872.0084      102.61332      300.6207       0.13754496   
    632000   542.73179      1375.6961      1918.4279      82.397706      307.88362      0.13618582   
    633000   489.90329      1321.9434      1811.8466      50.451214      295.85364      0.13891928   
    634000   462.07435      1356.6584      1818.7328      26.634625      303.62294      0.14787951   
    635000   508.52874      1322.564       1831.0927      11.260749      295.99254      0.1523392    
    636000   512.61274      1314.3202      1826.933       55.048382      294.14756      0.15289181   
    637000   499.58583      1338.2889      1837.8747      84.585169      299.51181      0.15071701   
    638000   492.09141      1324.6651      1816.7565      144.83679      296.46276      0.14691751   
    639000   507.31412      1287.9863      1795.3005      131.25658      288.25399      0.14296214   
    640000   526.4049       1276.9359      1803.3408      107.23606      285.78087      0.14187923   
    641000   524.25725      1323.9931      1848.2503      46.753365      296.31236      0.14359619   
    642000   500.87745      1357.9577      1858.8351      14.978893      303.91372      0.14660686   
    643000   517.39364      1345.2624      1862.656       20.068568      301.07248      0.1482758    
    644000   518.83539      1350.3835      1869.2189      80.27377       302.2186       0.14946076   
    645000   514.38302      1396.1137      1910.4968      146.13502      312.45312      0.15113279   
    646000   517.60841      1371.4753      1889.0837      171.86098      306.93898      0.15088134   
    647000   527.83457      1349.6282      1877.4627      208.14875      302.04956      0.15143359   
    648000   481.35259      1365.5364      1846.889       224.59652      305.60985      0.15322137   
    649000   505.24028      1370.7813      1876.0215      187.13757      306.78366      0.15356892   
    650000   529.9036       1376.6724      1906.576       140.81034      308.10211      0.14826884   
    651000   521.83669      1393.7668      1915.6035      75.302992      311.92786      0.14188591   
    652000   507.97839      1341.5555      1849.5339      71.166446      300.24288      0.14088948   
    653000   530.57037      1307.6096      1838.18        80.911368      292.64572      0.14249158   
    654000   515.11049      1300.8903      1816.0008      56.916094      291.14192      0.14400819   
    655000   510.82544      1335.7199      1846.5453      123.97619      298.93685      0.14585745   
    656000   499.48792      1301.0527      1800.5406      95.262721      291.17826      0.14872963   
    657000   516.73049      1321.4492      1838.1797      86.151357      295.74305      0.15449288   
    658000   477.64305      1349.3527      1826.9958      72.071161      301.9879       0.15789563   
    659000   474.28562      1340.9779      1815.2635      70.086388      300.1136       0.15823535   
    660000   503.10346      1337.4618      1840.5652      62.069296      299.32669      0.15295816   
    661000   501.75416      1325.7954      1827.5496      113.74055      296.71574      0.14509875   
    662000   521.14746      1343.2341      1864.3815      166.74433      300.61854      0.14203358   
    663000   518.98231      1376.1006      1895.0829      222.89958      307.97413      0.14151921   
    664000   505.66768      1377.368       1883.0357      212.17697      308.25779      0.14001426   
    665000   515.83934      1364.661       1880.5004      127.26957      305.41394      0.13848695   
    666000   528.94012      1348.6589      1877.599       70.36          301.83262      0.14016505   
    667000   506.93654      1394.6266      1901.5631      23.262081      312.12029      0.14359549   
    668000   483.56615      1372.7499      1856.316       14.805785      307.22424      0.14913519   
    669000   508.56435      1335.33        1843.8943      76.745125      298.84959      0.15476103   
    670000   508.50305      1366.5257      1875.0287      120.15516      305.83125      0.15552311   
    671000   500.45967      1340.3878      1840.8475      114.6826       299.98154      0.15098457   
    672000   507.52199      1287.5757      1795.0977      103.71459      288.16209      0.14630165   
    673000   514.54133      1316.1014      1830.6427      66.95947       294.5462       0.14526799   
    674000   519.79314      1322.3609      1842.1541      57.842675      295.94709      0.14450975   
    675000   485.50045      1332.4405      1817.941       60.406722      298.20293      0.14341955   
    676000   535.55455      1293.2693      1828.8238      99.711353      289.43632      0.14313499   
    677000   521.68044      1312.0433      1833.7237      142.40376      293.63798      0.14413572   
    678000   512.1052       1372.4344      1884.5396      155.96208      307.15364      0.14480418   
    679000   508.34512      1354.8553      1863.2005      117.82116      303.2194       0.1451817    
    680000   509.23612      1345.7706      1855.0067      84.380623      301.18623      0.14645586   
    681000   500.29695      1346.6062      1846.9031      65.682549      301.37323      0.14885654   
    682000   503.50963      1344.4618      1847.9714      120.29885      300.8933       0.15198667   
    683000   519.39552      1334.8592      1854.2548      177.84183      298.74424      0.15343287   
    684000   474.76263      1390.6358      1865.3984      219.05458      311.22714      0.15006143   
    685000   508.71182      1399.0296      1907.7414      177.00582      313.10569      0.14282696   
    686000   529.50562      1364.8779      1894.3836      154.33625      305.46248      0.13968135   
    687000   526.59294      1384.5269      1911.1199      126.74351      309.85997      0.13940097   
    688000   519.83488      1352.6548      1872.4897      143.24691      302.72692      0.14066861   
    689000   526.65191      1346.6788      1873.3307      143.70652      301.38949      0.14263426   
    690000   508.63421      1381.5307      1890.1649      110.00913      309.18941      0.14727542   
    691000   522.51512      1342.0493      1864.5644      84.101055      300.35338      0.1516224    
    692000   526.92808      1374.435       1901.3631      81.03566       307.60137      0.15352902   
    693000   519.28948      1350.8363      1870.1258      105.56385      302.31995      0.15276305   
    694000   539.52673      1381.5972      1921.1239      94.696503      309.20429      0.15115717   
    695000   508.61524      1384.7351      1893.3503      130.66899      309.90655      0.14854735   
    696000   534.02503      1348.9908      1883.0158      180.7139       301.9069       0.14528349   
    697000   556.86292      1312.9135      1869.7765      153.21751      293.83274      0.1423596    
    698000   535.64174      1369.8107      1905.4524      192.38953      306.56644      0.14487369   
    699000   548.39373      1316.0797      1864.4734      184.39223      294.54133      0.15076637   
    700000   499.29607      1360.3623      1859.6584      111.59722      304.45189      0.1551136    
    701000   499.97705      1364.5981      1864.5752      64.582951      305.39986      0.15547354   
    702000   513.52461      1349.7725      1863.2972      21.035719      302.08186      0.15223588   
    703000   516.50059      1366.6918      1883.1924      50.263871      305.86844      0.14936526   
    704000   514.58808      1341.4423      1856.0303      109.37321      300.21753      0.14681191   
    705000   520.54816      1351.151       1871.6992      173.28007      302.39037      0.14625993   
    706000   557.34658      1366.2024      1923.5489      203.0498       305.75889      0.14695893   
    707000   514.59327      1368.5625      1883.1558      240.84059      306.28711      0.14744107   
    708000   518.79022      1380.721       1899.5113      197.97999      309.0082       0.14768495   
    709000   512.81492      1367.297       1880.1119      129.54924      306.00388      0.14564587   
    710000   524.49907      1366.9713      1891.4704      93.148666      305.93098      0.13935823   
    711000   509.47928      1365.7958      1875.2751      88.019881      305.6679       0.13446363   
    712000   559.39015      1357.8107      1917.2008      79.844342      303.88081      0.13375836   
    713000   532.65556      1367.591       1900.2465      59.102606      306.06967      0.13602294   
    714000   540.48336      1346.1723      1886.6557      74.159988      301.27613      0.14007676   
    715000   549.53447      1366.809       1916.3435      106.65715      305.89466      0.14223678   
    716000   523.39346      1384.5059      1907.8994      138.72014      309.85526      0.14269374   
    717000   495.57714      1379.0717      1874.6488      170.25176      308.63908      0.14412482   
    718000   525.0177       1377.3748      1902.3925      166.92843      308.25931      0.14529396   
    719000   524.18861      1358.7925      1882.9811      161.36277      304.10055      0.14522067   
    720000   514.72695      1392.1257      1906.8526      176.07897      311.56058      0.14505334   
    721000   535.60766      1351.1123      1886.72        187.29953      302.38171      0.1463921    
    722000   507.94891      1349.8032      1857.7521      194.98204      302.08873      0.14863986   
    723000   513.84529      1325.9375      1839.7828      166.2923       296.74754      0.15064066   
    724000   511.44764      1328.4827      1839.9303      147.70624      297.31715      0.15156899   
    725000   499.49301      1328.3658      1827.8588      106.04045      297.29099      0.14839773   
    726000   500.65008      1332.4722      1833.1223      65.188926      298.21002      0.14120697   
    727000   526.04212      1307.1693      1833.2114      77.838338      292.54717      0.13882089   
    728000   504.82485      1313.0137      1817.8385      90.636847      293.85516      0.14057499   
    729000   536.02274      1299.4125      1835.4352      118.13226      290.81118      0.14387087   
    730000   523.37888      1317.6267      1841.0056      71.61937       294.88756      0.14511275   
    731000   505.35514      1320.25        1825.6051      84.040277      295.47466      0.1459272    
    732000   506.44143      1342.5228      1848.9643      73.058217      300.45937      0.14724053   
    733000   502.95929      1286.6393      1789.5986      81.194349      287.95252      0.15007783   
    734000   500.98306      1307.4688      1808.4519      79.257339      292.61421      0.15442826   
    735000   499.23354      1327.3448      1826.5784      94.035937      297.0625       0.15610722   
    736000   504.81486      1344.5294      1849.3442      105.74834      300.90843      0.15173103   
    737000   536.40401      1338.384       1874.788       106.7689       299.53308      0.14502154   
    738000   561.72141      1364.9131      1926.6345      156.04866      305.47034      0.14066636   
    739000   527.40737      1353.882       1881.2894      132.79553      303.00157      0.13677239   
    740000   530.31407      1377.7075      1908.0216      149.96505      308.33377      0.13633826   
    741000   572.10614      1358.9812      1931.0874      136.75544      304.14278      0.13754163   
    742000   533.1461       1383.3051      1916.4512      190.37321      309.58651      0.13995114   
    743000   523.68492      1341.224       1864.9089      216.36463      300.16869      0.14361004   
    744000   517.15055      1357.0908      1874.2413      194.59856      303.7197       0.14770593   
    745000   504.04803      1362.8677      1866.9157      166.42625      305.01259      0.14915597   
    746000   530.04153      1370.511       1900.5525      127.00242      306.72317      0.14705878   
    747000   514.63996      1356.6234      1871.2634      94.048518      303.61511      0.14410236   
    748000   538.0654       1381.2781      1919.3435      95.940149      309.13288      0.14334061   
    749000   527.54579      1331.3532      1858.899       107.56673      297.95958      0.14413356   
    750000   507.5152       1338.3845      1845.8997      113.50531      299.5332       0.14982787   
    751000   515.68393      1341.6773      1857.3612      137.47597      300.27013      0.15673621   
    752000   510.71022      1389.1297      1899.8399      102.22112      310.89007      0.15611815   
    753000   534.69402      1304.1321      1838.8261      87.359358      291.86743      0.15160523   
    754000   505.48398      1320.8863      1826.3703      93.174096      295.61707      0.14633737   
    755000   507.97065      1319.2587      1827.2294      84.030907      295.25281      0.14332969   
    756000   498.13567      1303.8214      1801.9571      70.753007      291.79791      0.14331153   
    757000   506.07741      1277.3957      1783.4731      33.193781      285.88378      0.14420635   
    758000   504.9747       1311.3566      1816.3313      45.700104      293.4843       0.14675015   
    759000   505.14501      1331.1038      1836.2488      97.074585      297.90377      0.14899276   
    760000   525.12075      1317.8737      1842.9944      138.27259      294.94283      0.14850249   
    761000   539.4249       1356.0185      1895.4434      102.53926      303.47973      0.14527253   
    762000   546.52883      1372.1198      1918.6486      115.55774      307.08322      0.13980405   
    763000   522.40427      1400.7094      1923.1136      113.92088      313.48163      0.13684071   
    764000   529.54107      1410.9784      1940.5194      80.159352      315.77986      0.13767725   
    765000   572.38959      1348.2648      1920.6544      54.853679      301.74443      0.14160866   
    766000   516.87558      1378.164       1895.0396      71.739362      308.43594      0.14637232   
    767000   520.9237       1327.0406      1847.9643      155.80628      296.99442      0.14960954   
    768000   505.2534       1325.1952      1830.4486      147.00413      296.58141      0.14967262   
    769000   485.33826      1323.2295      1808.5677      171.07903      296.14147      0.1509916    
    770000   489.68713      1293.5355      1783.2226      174.8057       289.4959       0.15171436   
    771000   505.70169      1278.6018      1784.3035      76.437151      286.1537       0.15060136   
    772000   500.37868      1317.7337      1818.1124      44.791096      294.91151      0.14673817   
    773000   543.93584      1318.6478      1862.5836      11.317955      295.11608      0.14041228   
    774000   537.36602      1317.3563      1854.7223      68.65669       294.82704      0.13899236   
    775000   519.76507      1305.357       1825.122       127.13367      292.14157      0.14017272   
    776000   509.10589      1337.5889      1846.6948      169.62211      299.35514      0.14342612   
    777000   488.48817      1352.5347      1841.0229      205.05591      302.70004      0.14930767   
    778000   497.56224      1334.2546      1831.8169      162.49719      298.60892      0.15335877   
    779000   497.85361      1310.9951      1808.8488      79.313693      293.40341      0.1529326    
    780000   495.84777      1281.1043      1776.952      -15.59987       286.71377      0.15080356   
    781000   510.13491      1317.1061      1827.241      -46.942922      294.77105      0.14942887   
    782000   503.52729      1339.6826      1843.2099     -16.577002      299.82372      0.14822829   
    783000   529.71344      1325.6656      1855.379       24.77514       296.68668      0.1465435    
    784000   540.67652      1299.4329      1840.1094      78.293138      290.81575      0.14568412   
    785000   516.00073      1326.2104      1842.2112      166.18644      296.80862      0.14498228   
    786000   519.34341      1313.8824      1833.2258      193.46772      294.04958      0.14454425   
    787000   508.59806      1323.6158      1832.2139      204.22486      296.22794      0.1442231    
    788000   528.3975       1325.8253      1854.2228      183.77424      296.72243      0.14518645   
    789000   496.33847      1344.0296      1840.3681      173.45721      300.79658      0.1464343    
    790000   529.59971      1314.7793      1844.379       137.75066      294.2503       0.14837213   
    791000   500.27864      1343.0336      1843.3123      131.25812      300.57369      0.1513654    
    792000   516.28447      1348.973       1865.2575      161.05042      301.90293      0.15382796   
    793000   515.6293       1358.0823      1873.7116      188.85384      303.94162      0.15302411   
    794000   503.62728      1383.5169      1887.1442      181.29973      309.63393      0.14973877   
    795000   525.84037      1365.0979      1890.9383      105.61471      305.51172      0.14419584   
    796000   541.5855       1356.7882      1898.3737      58.305002      303.65198      0.139266     
    797000   537.64018      1315.2731      1852.9133     -29.348557      294.36081      0.1386788    
    798000   512.39516      1336.9734      1849.3685     -7.2208641      299.21738      0.14229464   
    799000   520.0894       1319.1078      1839.1972      74.872348      295.21904      0.14620921   
    800000   507.84126      1307.0031      1814.8444      191.80441      292.50998      0.14582795   
    801000   491.77189      1291.9817      1783.7536      245.22107      289.14815      0.14388016   
    802000   515.10524      1305.235       1820.3402      265.54111      292.11427      0.14375817   
    803000   497.96593      1336.0602      1834.0261      221.24822      299.013        0.14338197   
    804000   505.48473      1337.3117      1842.7965      99.156337      299.29311      0.14314219   
    805000   529.37709      1301.9403      1831.3174      44.916625      291.37691      0.14438482   
    806000   502.46627      1356.6809      1859.1471      16.984035      303.62796      0.14398906   
    807000   549.39313      1327.5054      1876.8985      4.7500518      297.09843      0.1445889    
    808000   521.05446      1322.2109      1843.2654      34.676983      295.91352      0.1438169    
    809000   514.01159      1322.3052      1836.3168      53.07604       295.93461      0.14042621   
    810000   510.04784      1300.6021      1810.6499      122.85678      291.07742      0.13815888   
    811000   547.7592       1302.4886      1850.2478      117.30123      291.49962      0.13662836   
    812000   519.06387      1343.2163      1862.2802      119.66296      300.61457      0.13651025   
    813000   509.49966      1364.9517      1874.4513      101.05814      305.47898      0.13853211   
    814000   528.29331      1343.5277      1871.821       124.14815      300.68426      0.14412933   
    815000   506.6038       1346.4256      1853.0294      162.53501      301.33281      0.14709112   
    816000   537.58747      1342.2324      1879.8198      142.05408      300.39436      0.14729916   
    817000   521.14156      1363.3071      1884.4486      134.52858      305.11092      0.1455974    
    818000   503.36556      1354.146       1857.5116      133.73206      303.06066      0.14377663   
    819000   555.76869      1318.1105      1873.8792      76.019096      294.99583      0.14108551   
    820000   535.80034      1327.3297      1863.13        108.33964      297.05911      0.13958553   
    821000   501.16746      1344.7725      1845.94        135.79766      300.96285      0.13926172   
    822000   535.98022      1292.8815      1828.8617      160.45123      289.34954      0.14126828   
    823000   512.36268      1326.5151      1838.8778      126.16741      296.87681      0.14366483   
    824000   495.13295      1331.5853      1826.7182      100.43671      298.01152      0.14608685   
    825000   490.12755      1327.8085      1817.9361      87.3583        297.16627      0.14764818   
    826000   503.09352      1312.4233      1815.5168      105.74286      293.72302      0.14777341   
    827000   506.2969       1294.8961      1801.193       133.1738       289.8004       0.14672632   
    828000   469.12485      1361.6726      1830.7974      176.06574      304.74512      0.14758824   
    829000   514.42587      1337.5124      1851.9382      199.05999      299.33801      0.15198251   
    830000   523.89987      1368.8628      1892.7626      184.76406      306.3543       0.15723408   
    831000   487.76561      1394.6485      1882.4141      171.13617      312.1252       0.15745974   
    832000   510.10103      1361.9379      1872.0389      154.44449      304.80449      0.1529573    
    833000   524.28846      1342.7485      1867.037       118.69778      300.50987      0.1496127    
    834000   536.33345      1347.5549      1883.8884      95.552125      301.58556      0.14969212   
    835000   527.36544      1371.2956      1898.6611      116.80162      306.89878      0.15023546   
    836000   517.55278      1338.1705      1855.7233      115.03683      299.48531      0.14862368   
    837000   525.5425       1331.5072      1857.0497      116.53986      297.99405      0.14618021   
    838000   527.92872      1346.289       1874.2177      115.60842      301.30224      0.1431334    
    839000   532.31086      1373.6338      1905.9446      106.51295      307.42206      0.14171892   
    840000   517.33264      1351.6677      1869.0003      100.58785      302.506        0.14318482   
    841000   519.18666      1366.2768      1885.4635      78.553282      305.77556      0.14960403   
    842000   502.87882      1342.0128      1844.8916      108.92727      300.34521      0.15729003   
    843000   503.33088      1362.8448      1866.1757      95.546324      305.00747      0.15695571   
    844000   507.32106      1359.3628      1866.6838      99.934373      304.22818      0.15397484   
    845000   518.20022      1377.9982      1896.1984      75.27078       308.39881      0.15119449   
    846000   526.88149      1391.4237      1918.3051      94.081158      311.40347      0.147838     
    847000   515.37051      1397.9046      1913.2751      113.7174       312.85392      0.14583004   
    848000   534.36375      1363.9044      1898.2681      142.56377      305.2446       0.14563285   
    849000   512.72998      1353.7975      1866.5275      156.42288      302.98267      0.146239     
    850000   507.93127      1362.4401      1870.3714      180.55377      304.91689      0.14903609   
    851000   496.23385      1311.2935      1807.5273      162.34457      293.47017      0.1521502    
    852000   506.23938      1299.8936      1806.1329      127.32255      290.91885      0.1507266    
    853000   503.21491      1317.9804      1821.1953      93.569913      294.96673      0.14537885   
    854000   513.78604      1340.6074      1854.3934      73.437531      300.03069      0.14004131   
    855000   512.23153      1333.8619      1846.0935      57.318945      298.52104      0.13698699   
    856000   534.19543      1303.3868      1837.5823      15.055382      291.70065      0.13617364   
    857000   526.22409      1369.943       1896.1671      33.186918      306.59606      0.13704798   
    858000   537.36287      1351.9645      1889.3274      109.56286      302.57243      0.13961621   
    859000   541.89172      1332.4732      1874.365       151.58849      298.21025      0.14134339   
    860000   505.22528      1374.08        1879.3053      194.47227      307.52192      0.14295783   
    861000   518.61093      1348.8536      1867.4645      214.42011      301.87621      0.14767859   
    862000   507.38498      1334.5613      1841.9462      202.0843       298.67755      0.15275259   
    863000   489.83668      1303.7313      1793.568       177.69585      291.77775      0.15168241   
    864000   516.40238      1348.7368      1865.1391      88.483466      301.85006      0.14432499   
    865000   517.42207      1343.2305      1860.6525     -7.8076871      300.61774      0.13916471   
    866000   527.01477      1337.8379      1864.8527     -34.88644       299.41086      0.13847301   
    867000   524.06518      1302.5591      1826.6243      0.85607268     291.51541      0.13855238   
    868000   531.42016      1323.4669      1854.887       60.777998      296.1946       0.13972522   
    869000   533.04335      1332.5351      1865.5784      127.24391      298.22408      0.14365719   
    870000   521.42191      1372.1345      1893.5565      184.13414      307.08653      0.14804372   
    871000   528.59356      1345.557       1874.1506      205.8342       301.13843      0.14971455   
    872000   513.96925      1358.0885      1872.0578      191.31605      303.943        0.14888748   
    873000   535.96516      1359.5061      1895.4712      167.84009      304.26025      0.14422355   
    874000   523.46596      1348.3967      1871.8627      134.4007       301.77396      0.1360893    
    875000   550.37141      1326.4927      1876.8641      129.2532       296.87178      0.13399691   
    876000   554.25254      1326.6503      1880.9028      138.40012      296.90706      0.13548768   
    877000   535.52228      1351.4309      1886.9531      145.73008      302.453        0.1389386    
    878000   505.74256      1391.1416      1896.8842      158.69535      311.34035      0.14266249   
    879000   498.14252      1368.6178      1866.7603      156.02993      306.29946      0.14467848   
    880000   517.14065      1343.7665      1860.9072      143.35501      300.7377       0.14505076   
    881000   514.61383      1345.0319      1859.6457      107.51473      301.02089      0.14534053   
    882000   535.54114      1350.6114      1886.1526      103.80798      302.26961      0.14792028   
    883000   504.83713      1349.736       1854.5732      144.678        302.07369      0.15791012   
    884000   495.05067      1365.7606      1860.8112      146.73648      305.66002      0.16249484   
    885000   486.43232      1368.7494      1855.1818      124.47792      306.32893      0.15875787   
    886000   537.56163      1351.053       1888.6146      82.55008       302.36843      0.15248989   
    887000   524.06744      1339.0061      1863.0735      92.113471      299.67231      0.14776707   
    888000   499.02619      1339.5449      1838.571       96.83627       299.79289      0.14493941   
    889000   499.62359      1313.0514      1812.675       101.78803      293.86359      0.14484347   
    890000   533.20692      1310.3279      1843.5348      69.59674       293.25408      0.14564804   
    891000   514.48963      1298.4302      1812.9199      73.731073      290.59135      0.14623608   
    892000   521.28717      1275.4561      1796.7433      99.555859      285.4497       0.14520055   
    893000   530.79525      1316.1512      1846.9464      144.60733      294.55733      0.14403266   
    894000   528.79682      1321.5572      1850.354       172.40859      295.76722      0.14601432   
    895000   495.31926      1324.1081      1819.4273      183.11602      296.33811      0.15183444   
    896000   505.53356      1313.7227      1819.2562      155.85135      294.01383      0.15671296   
    897000   484.9984       1302.5824      1787.5808      120.73503      291.52061      0.15788959   
    898000   488.96438      1362.6052      1851.5696      135.74674      304.95385      0.15657367   
    899000   521.1431       1347.7524      1868.8955      93.390258      301.62974      0.151749     
    900000   536.83245      1374.6516      1911.4841      54.813605      307.64985      0.14696269   
    901000   539.94755      1350.9792      1890.9268      122.41234      302.35193      0.14631142   
    902000   501.622        1366.9808      1868.6028      189.04545      305.9331       0.14803469   
    903000   517.73072      1361.4626      1879.1933      218.08303      304.69812      0.15172204   
    904000   499.02928      1393.6548      1892.6841      221.74241      311.90281      0.15583465   
    905000   525.65571      1389.1193      1914.775       181.79939      310.88775      0.15774518   
    906000   509.24556      1341.4763      1850.7219      101.8671       300.22515      0.15687943   
    907000   511.04893      1323.5534      1834.6023      43.508684      296.21397      0.15394435   
    908000   469.48425      1349.8523      1819.3365      56.484439      302.09971      0.1498812    
    909000   467.65207      1306.0979      1773.75        108.40575      292.30739      0.14582899   
    910000   513.25222      1294.4671      1807.7194      124.67418      289.7044       0.14214273   
    911000   521.72461      1320.168       1841.8926      141.06429      295.45631      0.14101925   
    912000   522.21485      1311.3374      1833.5523      131.60225      293.48001      0.14279831   
    913000   510.39942      1303.4851      1813.8846      92.663563      291.72265      0.14517342   
    914000   493.47474      1287.1871      1780.6619      93.397355      288.07512      0.14783282   
    915000   481.91853      1315.8469      1797.7654      114.33736      294.48924      0.15051031   
    916000   497.99605      1312.0364      1810.0324      162.77623      293.63644      0.15231613   
    917000   495.57625      1318.3429      1813.9191      229.44847      295.04784      0.15363569   
    918000   506.87306      1329.2622      1836.1352      226.64581      297.4916       0.15416372   
    919000   481.50075      1342.4164      1823.9171      176.81625      300.43554      0.15291323   
    920000   556.60494      1339.5056      1896.1105      85.655337      299.7841       0.14874564   
    921000   543.97763      1327.6865      1871.6641      42.605084      297.13896      0.14149066   
    922000   533.93331      1356.6395      1890.5728      26.550505      303.6187       0.13740603   
    923000   529.39447      1384.7886      1914.1831      48.647049      309.91854      0.13725754   
    924000   539.17737      1347.9232      1887.1006      110.09186      301.66798      0.13836361   
    925000   534.70981      1343.0584      1877.7682      130.32663      300.57923      0.14004946   
    926000   524.49969      1369.5566      1894.0562      180.99032      306.50957      0.14205631   
    927000   537.07571      1354.1505      1891.2262      167.90521      303.06166      0.14306185   
    928000   538.75641      1351.6044      1890.3608      178.51864      302.49184      0.14489101   
    929000   521.20879      1303.3031      1824.5119      124.48166      291.68191      0.14638284   
    930000   526.84059      1327.1365      1853.9771      87.512214      297.01587      0.14616962   
    931000   524.2353       1341.8284      1866.0637      67.029702      300.30394      0.14513535   
    932000   517.12982      1328.9183      1846.0481      65.134219      297.41465      0.14536149   
    933000   502.00687      1331.8622      1833.8691      70.472182      298.07349      0.14616166   
    934000   505.01049      1302.9173      1807.9278      76.38746       291.59558      0.14896977   
    935000   488.37394      1347.6894      1836.0634      112.86463      301.61566      0.15409862   
    936000   514.43294      1327.3325      1841.7655      104.94038      297.05974      0.15880805   
    937000   490.36418      1340.8377      1831.2019      151.3288       300.08224      0.16118061   
    938000   472.35547      1328.8614      1801.2169      151.13992      297.40191      0.16062879   
    939000   512.35118      1296.5779      1808.9291      115.74066      290.17681      0.15599845   
    940000   511.40167      1287.8757      1799.2774      125.25496      288.22922      0.14940155   
    941000   507.18054      1326.2162      1833.3968      84.428619      296.80991      0.14541771   
    942000   525.1973       1319.4424      1844.6397      65.919488      295.29392      0.14469618   
    943000   489.8381       1303.9025      1793.7406      79.016341      291.81606      0.14454548   
    944000   547.50456      1304.1519      1851.6565      117.0509       291.87188      0.1442296    
    945000   535.77879      1327.334       1863.1128      183.52546      297.06007      0.14516313   
    946000   513.74186      1349.7234      1863.4652      257.07547      302.07086      0.14598121   
    947000   522.79551      1308.7842      1831.5797      251.21333      292.90859      0.14344782   
    948000   504.43998      1296.7822      1801.2221      255.68004      290.22251      0.14081491   
    949000   527.86566      1305.3048      1833.1705      173.15927      292.1299       0.13865117   
    950000   537.26048      1336.4377      1873.6982      89.519803      299.0975       0.1403596    
    951000   533.53203      1323.7186      1857.2507      38.707375      296.25095      0.1442515    
    952000   527.66552      1337.0626      1864.7281      27.654654      299.23735      0.14782718   
    953000   538.80753      1309.1177      1847.9253      38.015644      292.98323      0.1501497    
    954000   534.35759      1342.907       1877.2646      78.133282      300.54535      0.1507635    
    955000   527.8388       1394.7432      1922.582       69.219691      312.1464       0.14802862   
    956000   525.27702      1400.4751      1925.7521      130.71284      313.42921      0.13946779   
    957000   539.23982      1365.0273      1904.2671      157.88841      305.49591      0.13471568   
    958000   550.7165       1353.9346      1904.6511      226.824        303.01334      0.13666136   
    959000   498.8164       1312.7729      1811.5893      202.85474      293.80126      0.13936051   
    960000   499.28204      1327.5094      1826.7914      177.22794      297.09933      0.14384114   
    961000   513.05741      1320.964       1834.0215      110.66417      295.63446      0.14917248   
    962000   525.75799      1316.6674      1842.4254      66.170916      294.67286      0.15133846   
    963000   520.03979      1281.9053      1801.9451      42.276717      286.89303      0.15041996   
    964000   502.62454      1323.809       1826.4335      68.054082      296.27116      0.14925059   
    965000   521.22965      1333.318       1854.5477      98.760624      298.39931      0.14683253   
    966000   556.3006       1296.9482      1853.2488      93.663355      290.25966      0.14163482   
    967000   509.75859      1299.2068      1808.9654      88.675127      290.76515      0.13813036   
    968000   506.56581      1309.5168      1816.0826      95.576209      293.07254      0.13878713   
    969000   509.50891      1327.8241      1837.333       77.384881      297.16975      0.14066207   
    970000   539.023        1322.6719      1861.6949      110.64547      296.01669      0.14196868   
    971000   523.34175      1344.9891      1868.3309      146.53454      301.01132      0.1417687    
    972000   523.50798      1331.9108      1855.4188      206.78239      298.08438      0.14197363   
    973000   538.16063      1369.7624      1907.9231      184.50968      306.55565      0.14180825   
    974000   520.17808      1367.588       1887.7661      166.93753      306.06901      0.1467433    
    975000   527.33933      1370.3379      1897.6772      105.01863      306.68443      0.15283807   
    976000   498.11066      1359.8579      1857.9686      85.03222       304.339        0.15527428   
    977000   503.39724      1366.6392      1870.0364      63.677941      305.85665      0.15318542   
    978000   522.50457      1371.6692      1894.1738      136.06598      306.98239      0.15085688   
    979000   511.47282      1344.4229      1855.8958      176.05626      300.88461      0.14867518   
    980000   508.22463      1375.033       1883.2576      234.42719      307.73521      0.1496969    
    981000   539.62215      1322.0836      1861.7057      192.07446      295.88502      0.15089371   
    982000   510.92749      1357.9935      1868.9209      133.4168       303.92172      0.15040251   
    983000   508.55363      1337.4618      1846.0154      76.800552      299.32669      0.14758788   
    984000   502.22109      1295.8452      1798.0663      21.833851      290.01282      0.14398825   
    985000   519.70703      1334.903       1854.61       -18.240638      298.75402      0.14251038   
    986000   524.42397      1341.157       1865.581       13.602511      300.1537       0.14328672   
    987000   539.84663      1349.2551      1889.1017      54.267559      301.96606      0.14546634   
    988000   488.80282      1366.0027      1854.8055      108.83651      305.71422      0.14995392   
    989000   513.38008      1366.7285      1880.1085      134.3906       305.87664      0.15263616   
    990000   500.14731      1388.5877      1888.735       123.19629      310.76877      0.15176219   
    991000   502.58009      1382.7915      1885.3716      171.72707      309.47158      0.14925151   
    992000   513.40498      1369.1642      1882.5692      149.64379      306.42175      0.14518473   
    993000   524.84557      1341.1797      1866.0253      102.13288      300.15878      0.14372062   
    994000   502.41136      1300.4931      1802.9045      52.480126      291.05302      0.14425295   
    995000   484.13088      1292.9259      1777.0568      24.002796      289.35948      0.145082     
    996000   504.78937      1326.7239      1831.5133      17.312277      296.92354      0.14518904   
    997000   522.01351      1306.2456      1828.2591      58.373753      292.34045      0.1467087    
    998000   492.00545      1294.7131      1786.7186      149.98704      289.75945      0.14793985   
    999000   480.19855      1305.6061      1785.8047      225.08548      292.19733      0.14795833   
   1000000   506.46631      1321.5826      1828.049       288.30038      295.77291      0.14702063   
   1001000   505.05657      1346.1179      1851.1745      304.99412      301.26395      0.14579378   
   1002000   509.07234      1353.7675      1862.8398      241.05917      302.97594      0.14318202   
   1003000   548.76841      1331.5998      1880.3682      184.89402      298.01477      0.14205105   
   1004000   529.58569      1379.0618      1908.6475      104.86639      308.63687      0.14054342   
   1005000   543.22386      1360.7651      1903.989       19.257226      304.54203      0.13850653   
   1006000   545.38324      1350.2244      1895.6076      5.3229201      302.18299      0.13959095   
   1007000   530.08256      1349.4007      1879.4833      69.493278      301.99865      0.14574068   
   1008000   483.22719      1375.1003      1858.3275      158.12814      307.75026      0.15109971   
   1009000   486.58047      1308.5279      1795.1083      165.63948      292.85122      0.15184274   
   1010000   494.19537      1310.2403      1804.4356      160.89899      293.23446      0.15080382   
   1011000   511.47885      1325.71        1837.1889      134.86966      296.69662      0.14853505   
   1012000   504.95062      1312.7988      1817.7494      114.09297      293.80706      0.14649483   
   1013000   504.81262      1290.7734      1795.586       61.440472      288.87773      0.14630359   
   1014000   499.73931      1319.403       1819.1423      94.565035      295.2851       0.14690392   
   1015000   531.95109      1293.8149      1825.766       90.833655      289.55843      0.14728434   
   1016000   487.04661      1332.6787      1819.7253      80.476449      298.25623      0.14712995   
   1017000   521.32982      1316.664       1837.9939      75.001212      294.67211      0.14580896   
   1018000   503.33334      1315.8147      1819.148       130.40877      294.48202      0.14421449   
   1019000   502.28643      1303.3503      1805.6367      121.2318       291.69247      0.14553208   
   1020000   542.78188      1315.5522      1858.3341      213.97091      294.42328      0.15090239   
   1021000   501.86339      1323.4508      1825.3142      182.70832      296.19101      0.15320475   
   1022000   502.193        1304.2644      1806.4574      163.8555       291.89706      0.1531488    
   1023000   506.87099      1317.1173      1823.9883      127.06726      294.77355      0.1490006    
   1024000   525.66199      1294.6961      1820.358       31.742764      289.75563      0.14141865   
   1025000   505.49695      1322.335       1827.8319      26.847501      295.94128      0.13888025   
   1026000   526.0484       1325.3601      1851.4085      70.189388      296.61832      0.13933665   
   1027000   515.96387      1330.9567      1846.9205      135.72167      297.87084      0.13890892   
   1028000   519.91422      1313.6143      1833.5285      156.50706      293.98957      0.13877873   
   1029000   518.49072      1311.4794      1829.9701      217.0896       293.51178      0.1417122    
   1030000   527.06617      1317.8801      1844.9462      197.29264      294.94427      0.14423449   
   1031000   498.79993      1304.281       1803.081       128.58139      291.90077      0.14491979   
   1032000   498.1431       1302.4564      1800.5995      67.035366      291.49242      0.14574344   
   1033000   519.47819      1322.6734      1842.1516      75.466801      296.01703      0.14535624   
   1034000   523.82006      1324.3305      1848.1506      36.235114      296.38789      0.14103667   
   1035000   518.0626       1301.242       1819.3046      104.30282      291.22063      0.13885536   
   1036000   489.15399      1306.6922      1795.8462      146.0564       292.4404       0.13579911   
   1037000   510.94062      1314.1802      1825.1209      173.31191      294.11624      0.1364256    
   1038000   538.8967       1324.5608      1863.4575      153.72477      296.43942      0.14139056   
   1039000   512.70892      1326.5348      1839.2438      139.7858       296.88122      0.14837995   
   1040000   502.00482      1345.7155      1847.7203      104.86785      301.17388      0.15167334   
   1041000   504.92826      1336.5203      1841.4485      75.874434      299.11598      0.15050099   
   1042000   507.80885      1308.1891      1815.998       64.485312      292.77541      0.14835073   
   1043000   528.13934      1334.5452      1862.6845      94.44152       298.67395      0.14632543   
   1044000   520.48567      1356.8181      1877.3038      81.917122      303.65868      0.1451736    
   1045000   505.41593      1362.8718      1868.2877      106.41342      305.0135       0.14675686   
   1046000   521.81385      1391.0096      1912.8234      94.287341      311.3108       0.15146849   
   1047000   520.03402      1354.4787      1874.5127      79.83198       303.13512      0.15836411   
   1048000   516.47567      1347.5091      1863.9848      80.610184      301.57531      0.16312598   
   1049000   494.83014      1379.5275      1874.3576      158.23224      308.74108      0.16350631   
   1050000   513.70165      1359.4457      1873.1473      177.5247       304.24673      0.15946832   
   1051000   521.96529      1355.3427      1877.3079      215.72363      303.32847      0.1548847    
   1052000   508.74951      1386.7954      1895.5449      214.17591      310.36766      0.15037307   
   1053000   507.70971      1352.4369      1860.1466      163.62677      302.67816      0.14811323   
   1054000   531.36367      1322.9709      1854.3346      76.45682       296.0836       0.14716694   
   1055000   508.30257      1320.4975      1828.8001     -7.118196       295.53005      0.14614332   
   1056000   521.4775       1316.6169      1838.0944     -67.134987      294.66157      0.14609305   
   1057000   529.49649      1331.6741      1861.1706     -25.283861      298.03139      0.14514711   
   1058000   523.8896       1323.8625      1847.7521      10.343589      296.28314      0.14148893   
   1059000   526.314        1336.8401      1863.1541      99.709512      299.18755      0.13890333   
   1060000   511.97179      1352.9285      1864.9003      153.24924      302.78818      0.13954111   
   1061000   550.52205      1348.5246      1899.0466      214.20986      301.80257      0.14464313   
   1062000   509.28549      1352.9379      1862.2234      183.5537       302.79028      0.14910307   
   1063000   516.06689      1353.958       1870.0249      142.48341      303.01857      0.15000003   
   1064000   502.27591      1331.0835      1833.3594      55.218448      297.89922      0.14736637   
   1065000   521.71031      1342.0492      1863.7595      76.025145      300.35337      0.14563264   
   1066000   500.86637      1367.9119      1868.7783      91.435394      306.1415       0.14341613   
   1067000   529.08045      1339.3904      1868.4709      145.14029      299.75832      0.14187051   
   1068000   542.16728      1317.8789      1860.0462      153.35197      294.94401      0.14142237   
   1069000   531.07854      1345.4948      1876.5733      198.5942       301.12449      0.14599999   
   1070000   497.73746      1378.0317      1875.7692      136.41323      308.40633      0.15324853   
   1071000   534.08165      1392.2646      1926.3463      108.92106      311.59168      0.15783284   
   1072000   495.91313      1380.039       1875.9522      49.292324      308.85557      0.15665951   
   1073000   520.21764      1345.6252      1865.8429     -14.034647      301.15368      0.1531917    
   1074000   533.03607      1360.9616      1893.9977      22.120919      304.58601      0.15106342   
   1075000   514.13982      1364.1453      1878.2852      98.647832      305.29853      0.14802194   
   1076000   544.73497      1385.0371      1929.772       156.90168      309.97414      0.14575152   
   1077000   536.66895      1326.6334      1863.3024      190.90631      296.90328      0.14610403   
   1078000   512.19225      1332.92        1845.1122      168.17369      298.31023      0.14675898   
   1079000   502.12985      1359.1357      1861.2656      106.72597      304.17737      0.14657514   
   1080000   521.85607      1347.0663      1868.9224      105.35018      301.4762       0.14696383   
   1081000   505.70757      1351.7518      1857.4593      129.3823       302.52482      0.14526849   
   1082000   510.4239       1345.5897      1856.0136      169.19633      301.14574      0.14082889   
   1083000   530.32593      1287.9659      1818.2918      156.50844      288.24941      0.13598657   
   1084000   541.53802      1265.7255      1807.2635      103.75069      283.27197      0.13570307   
   1085000   506.88627      1324.1402      1831.0265      77.118741      296.3453       0.13963838   
   1086000   547.85286      1321.8109      1869.6638      68.438019      295.824        0.14346616   
   1087000   493.45158      1320.0329      1813.4845      100.75931      295.42607      0.14463985   
   1088000   521.88294      1323.8207      1845.7036      94.941659      296.27379      0.14383152   
   1089000   512.07957      1327.2109      1839.2905      112.90341      297.03253      0.14260514   
   1090000   545.13333      1298.9037      1844.037       58.746504      290.69731      0.14080819   
   1091000   535.68533      1321.2167      1856.902       116.5684       295.691        0.14067697   
   1092000   532.04756      1365.7952      1897.8427      188.78952      305.66776      0.14166687   
   1093000   521.60477      1353.4456      1875.0503      203.24431      302.90389      0.14310835   
   1094000   538.19043      1345.1078      1883.2983      127.23769      301.0379       0.14458292   
   1095000   497.95557      1415.5456      1913.5012      78.216783      316.80201      0.14708271   
   1096000   519.6608       1357.2359      1876.8967      26.97754       303.75218      0.14930816   
   1097000   500.67342      1349.964       1850.6374      30.36035       302.12472      0.15101055   
   1098000   504.33854      1334.6646      1839.0031      103.29346      298.70067      0.15069618   
   1099000   496.3642       1335.3103      1831.6745      171.56921      298.84519      0.15037084   
   1100000   499.12698      1297.3811      1796.508       170.87582      290.35655      0.14990072   
   1101000   489.36881      1325.0283      1814.3971      172.3249       296.54406      0.14999075   
   1102000   525.63761      1329.3983      1855.0359      127.33621      297.52207      0.14746189   
   1103000   515.10205      1375.8241      1890.9261      112.9416       307.91225      0.14233224   
   1104000   517.64495      1403.2124      1920.8574      71.484335      314.04182      0.1368093    
   1105000   546.86873      1357.1779      1904.0467      50.146872      303.73921      0.13412695   
   1106000   535.90309      1329.8078      1865.7109      95.70129       297.61372      0.13474788   
   1107000   540.24577      1341.0142      1881.26        199.83652      300.12174      0.13729512   
   1108000   535.75787      1313.8744      1849.6322      279.4316       294.04778      0.13950415   
   1109000   562.01625      1312.4619      1874.4782      242.68643      293.73167      0.13906188   
   1110000   504.31741      1339.7017      1844.0191      226.67742      299.82799      0.14043273   
   1111000   498.53837      1364.0476      1862.586       158.97835      305.27665      0.14193686   
   1112000   527.51459      1378.3831      1905.8977      84.444975      308.48496      0.14368884   
   1113000   537.90362      1340.3372      1878.2408      50.290354      299.97021      0.14594624   
   1114000   526.48749      1366.788       1893.2755      61.586036      305.88995      0.14826473   
   1115000   519.13309      1357.4874      1876.6205      93.026183      303.80847      0.14842291   
   1116000   549.23003      1334.9196      1884.1496      60.535982      298.75774      0.14506017   
   1117000   524.61929      1352.3969      1877.0162      63.327552      302.6692       0.14148388   
   1118000   512.78239      1296.8505      1809.6329      74.039434      290.23781      0.13943564   
   1119000   548.18698      1296.1493      1844.3363      134.63349      290.08088      0.14315637   
   1120000   506.20211      1325.9414      1832.1435      191.29036      296.74841      0.15084664   
   1121000   484.07085      1275.2805      1759.3514      166.77625      285.4104       0.15390708   
   1122000   498.16536      1319.7357      1817.9011      160.54411      295.35956      0.15395129   
   1123000   508.49624      1320.8734      1829.3696      136.91377      295.61417      0.15198521   
   1124000   510.99677      1345.5571      1856.5539      133.50616      301.13844      0.14682183   
   1125000   530.42879      1355.6007      1886.0295      77.413457      303.38622      0.14177472   
   1126000   520.57382      1355.5889      1876.1627      65.267284      303.38357      0.1402544    
   1127000   555.26585      1330.7061      1885.9719      109.36948      297.81475      0.14157315   
   1128000   526.32045      1367.4246      1893.7451      155.58856      306.03244      0.1446141    
   1129000   526.72801      1346.9544      1873.6824      182.04403      301.45115      0.14573342   
   1130000   535.58802      1358.9323      1894.5203      214.81772      304.13183      0.14500035   
   1131000   550.26352      1336.7022      1886.9657      183.54443      299.1567       0.14091776   
   1132000   554.88158      1343.4295      1898.311       136.78246      300.66227      0.13300103   
   1133000   517.48741      1338.624       1856.1115      103.93608      299.58681      0.13016391   
   1134000   525.10352      1300.1699      1825.2734      59.760513      290.98068      0.1321966    
   1135000   518.76601      1287.9646      1806.7306      41.984527      288.24912      0.13749117   
   1136000   515.60756      1320.9451      1836.5526      104.62756      295.63022      0.14342914   
   1137000   490.99439      1359.6101      1850.6045      75.859871      304.28353      0.14409749   
   1138000   512.92811      1369.9387      1882.8668      90.508219      306.59509      0.14345336   
   1139000   537.46444      1386.2711      1923.7356      120.15756      310.25032      0.14219002   
   1140000   575.86501      1368.5709      1944.4359      115.90816      306.28897      0.14083412   
   1141000   544.78061      1370.3977      1915.1783      178.3223       306.69782      0.14262075   
   1142000   525.70734      1352.717       1878.4244      140.20331      302.74085      0.14756439   
   1143000   518.68915      1341.2134      1859.9026      90.997017      300.16631      0.15354348   
   1144000   518.60424      1338.22        1856.8242      88.643649      299.49638      0.15734402   
   1145000   520.13644      1313.2062      1833.3427      100.11578      293.89825      0.15469701   
   1146000   494.30833      1287.6946      1782.0029      173.01813      288.18869      0.14925277   
   1147000   483.17725      1363.7591      1846.9364      229.10682      305.2121       0.14584238   
   1148000   505.54627      1364.2196      1869.7659      243.12134      305.31515      0.14574407   
   1149000   541.84396      1339.6293      1881.4733      241.32735      299.81179      0.14658594   
   1150000   513.32928      1364.1485      1877.4778      147.71191      305.29923      0.14639833   
   1151000   514.76146      1382.5371      1897.2986      131.64083      309.41465      0.14632287   
   1152000   532.96154      1367.9952      1900.9567      168.7433       306.16012      0.14704101   
   1153000   534.23883      1386.3326      1920.5714      176.73487      310.26407      0.14485886   
   1154000   554.0666       1364.6074      1918.674       187.01521      305.40193      0.13974672   
   1155000   523.67162      1380.5701      1904.2418      177.06727      308.97443      0.13710221   
   1156000   524.51307      1367.9884      1892.5014      142.09974      306.1586       0.13866719   
   1157000   523.86371      1393.1575      1917.0212      119.34911      311.79151      0.14356506   
   1158000   520.40724      1363.8978      1884.305       149.07619      305.24312      0.1493259    
   1159000   504.49184      1357.349       1861.8408      97.89791       303.77749      0.15070504   
   1160000   500.43259      1339.7424      1840.175       125.41675      299.8371       0.15044125   
   1161000   533.47033      1317.4555      1850.9258      116.60089      294.84923      0.14691843   
   1162000   523.18907      1287.5245      1810.7136      113.43685      288.15063      0.14343141   
   1163000   505.22933      1335.313       1840.5424      128.8534       298.8458       0.14358798   
   1164000   502.00318      1343.338       1845.3412      84.170738      300.64181      0.14384464   
   1165000   525.51342      1329.7175      1855.231       73.942605      297.59351      0.14532106   
   1166000   544.69429      1314.887       1859.5813      36.054802      294.2744       0.14819161   
   1167000   493.6468       1352.6876      1846.3344      62.635349      302.73427      0.15507883   
   1168000   518.81919      1378.5376      1897.3568      112.92313      308.51955      0.15988208   
   1169000   512.53788      1306.8949      1819.4328      170.65903      292.48576      0.15816186   
   1170000   516.3318       1335.5643      1851.8961      183.00105      298.90203      0.15431242   
   1171000   501.22872      1340.1889      1841.4176      226.52961      299.93702      0.15114631   
   1172000   524.77966      1334.9004      1859.68        210.15862      298.75345      0.14954926   
   1173000   513.60924      1386.1512      1899.7605      181.45697      310.22349      0.14828828   
   1174000   514.28902      1361.1521      1875.4412      179.25638      304.62864      0.14809757   
   1175000   535.53058      1339.4395      1874.9701      195.96836      299.76932      0.14765512   
   1176000   522.06516      1367.6367      1889.7018      198.56387      306.0799       0.14673959   
   1177000   518.78749      1355.1907      1873.9781      178.73497      303.29445      0.14244474   
   1178000   565.71679      1434.7518      2000.4686      106.16015      321.10039      0.13518012   
   1179000   550.30117      1363.3564      1913.6576      53.152803      305.12196      0.13205729   
   1180000   540.81606      1362.322       1903.1381      25.02816       304.89046      0.1340474    
   1181000   562.26077      1373.9656      1936.2263      6.4617599      307.49631      0.13836383   
   1182000   532.02959      1359.0937      1891.1233      80.094227      304.16797      0.14400821   
   1183000   520.20107      1367.6128      1887.8139      149.07058      306.07456      0.1472627    
   1184000   519.88748      1360.6671      1880.5546      156.60548      304.52009      0.14770513   
   1185000   526.41858      1370.8087      1897.2273      191.71512      306.78981      0.14848032   
   1186000   512.5529       1362.0799      1874.6328      149.01042      304.83629      0.14760709   
   1187000   524.54459      1339.8758      1864.4204      124.49141      299.86695      0.14200213   
   1188000   521.41229      1360.1647      1881.577       115.06496      304.40766      0.13690284   
   1189000   525.00359      1328.7418      1853.7454      94.100965      297.37514      0.13620707   
   1190000   536.37104      1296.8528      1833.2239      108.922        290.23832      0.13787093   
   1191000   526.06046      1309.2857      1835.3461      120.99174      293.02082      0.14041654   
   1192000   527.09956      1332.7797      1859.8792      113.98379      298.27883      0.14307993   
   1193000   522.21728      1339.0642      1861.2815      134.35449      299.68532      0.14341516   
   1194000   507.80697      1360.2954      1868.1024      163.25694      304.43691      0.14468145   
   1195000   527.55208      1381.8159      1909.3679      175.61527      309.25322      0.14707488   
   1196000   515.86794      1362.961       1878.829       153.10714      305.03348      0.14929297   
   1197000   522.03548      1368.782       1890.8175      83.520056      306.33622      0.15137192   
   1198000   518.05619      1410.2442      1928.3004      48.850781      315.61556      0.15105091   
   1199000   542.89923      1335.3323      1878.2315     -39.4617        298.85011      0.14569465   
   1200000   524.51309      1340.2041      1864.7172      1.9176806      299.94043      0.14155886   
   1201000   502.92057      1385.6097      1888.5303      99.112384      310.1023       0.13948109   
   1202000   524.35424      1354.4343      1878.7885      171.75598      303.12518      0.14060066   
   1203000   528.46003      1359.6431      1888.1032      229.87675      304.29093      0.14465032   
   1204000   533.54952      1404.7463      1938.2958      279.57594      314.38511      0.15177018   
   1205000   514.87741      1397.0669      1911.9443      247.17494      312.66643      0.15332225   
   1206000   510.6807       1368.1982      1878.8789      189.24425      306.20558      0.1521435    
   1207000   504.15375      1366.9585      1871.1122      108.9276       305.92812      0.14963476   
   1208000   547.83158      1349.3286      1897.1602      86.315896      301.98251      0.14598461   
   1209000   526.13991      1345.903       1872.0429      39.682904      301.21585      0.14195196   
   1210000   526.65126      1348.201       1874.8522      116.46785      301.73014      0.1404752    
   1211000   517.82203      1357.1811      1875.0032      145.92232      303.73992      0.13977413   
   1212000   515.31051      1300.9983      1816.3088      204.81718      291.1661       0.14100231   
   1213000   517.82587      1299.2158      1817.0417      162.51259      290.76716      0.14215896   
   1214000   501.74104      1322.4799      1824.221       146.99861      295.97372      0.14548331   
   1215000   504.87398      1333.9442      1838.8182      120.06498      298.53945      0.15038669   
   1216000   512.27716      1352.0712      1864.3484      105.37554      302.59632      0.15526773   
   1217000   502.53626      1322.4292      1824.9655      82.607576      295.96238      0.15566196   
   1218000   504.72054      1334.8226      1839.5432      127.22595      298.73604      0.15286019   
   1219000   522.89441      1328.9444      1851.8388      153.86763      297.42048      0.14542338   
   1220000   507.06783      1360.2757      1867.3435      172.0741       304.43249      0.14084333   
   1221000   544.41396      1356.83        1901.244       165.15034      303.66135      0.1419847    
   1222000   514.2505       1321.1226      1835.3731      150.92694      295.66995      0.14460227   
   1223000   508.90264      1333.3593      1842.2619      102.38123      298.40855      0.14614116   
   1224000   506.75871      1331.2569      1838.0156      73.679742      297.93803      0.14459228   
   1225000   516.93875      1301.404       1818.3428      49.792846      291.25689      0.14271009   
   1226000   515.79605      1343.9218      1859.7179      119.6598       300.77246      0.143502     
   1227000   520.10718      1334.2742      1854.3814      165.79256      298.61331      0.14379232   
   1228000   530.5211       1288.6671      1819.1882      212.31745      288.40634      0.14401661   
   1229000   519.08929      1269.0048      1788.094       157.93112      284.00587      0.14202905   
   1230000   504.25332      1340.8473      1845.1007      123.54495      300.08439      0.13921007   
   1231000   524.9558       1328.8844      1853.8402      88.128574      297.40705      0.13763904   
   1232000   523.34989      1309.9175      1833.2673      109.55597      293.16221      0.13831962   
   1233000   524.26659      1296.5178      1820.7844      118.34096      290.16335      0.14214706   
   1234000   520.24363      1289.8281      1810.0717      140.21809      288.66618      0.15044007   
   1235000   501.90894      1322.4177      1824.3267      133.82065      295.95981      0.15405283   
   1236000   492.52905      1313.3299      1805.859       173.40053      293.92593      0.15375927   
   1237000   506.48986      1338.0136      1844.5034      173.87418      299.45018      0.15018282   
   1238000   536.20887      1324.7876      1860.9965      149.45099      296.49019      0.14679029   
   1239000   530.07532      1308.9378      1839.0132      165.59621      292.94297      0.14600388   
   1240000   559.60495      1312.5089      1872.1139      186.85036      293.74219      0.14610548   
   1241000   521.38636      1314.7167      1836.1031      149.22717      294.23631      0.14501      
   1242000   514.14303      1266.9911      1781.1341      140.15024      283.5552       0.14509086   
   1243000   541.22596      1307.3305      1848.5565      102.99136      292.58325      0.14861643   
   1244000   508.01374      1357.1082      1865.1219      59.056165      303.7236       0.15303026   
   1245000   499.31624      1333.7294      1833.0457      37.074198      298.49139      0.15452585   
   1246000   483.08866      1298.7878      1781.8764      30.377891      290.67137      0.15414627   
   1247000   517.58008      1304.3615      1821.9416      93.964167      291.91878      0.15545735   
   1248000   486.62239      1333.8976      1820.52        149.34917      298.52902      0.1552324    
   1249000   485.95401      1338.2614      1824.2154      190.64286      299.50565      0.15299448   
   1250000   532.54212      1296.0275      1828.5697      184.54         290.05362      0.14833881   
   1251000   510.33682      1288.783       1799.1198      178.26115      288.43229      0.14451461   
   1252000   506.00843      1359.9999      1866.0083      123.47487      304.37076      0.14253011   
   1253000   508.84628      1348.6419      1857.4882      47.437362      301.82882      0.14224076   
   1254000   522.36087      1341.1569      1863.5178      56.493809      300.15366      0.1442903    
   1255000   528.04705      1346.7991      1874.8462      70.192547      301.41641      0.14833579   
   1256000   512.39133      1366.7178      1879.1091      112.58884      305.87424      0.15615677   
   1257000   502.27693      1341.2686      1843.5456      153.51031      300.17867      0.16022675   
   1258000   486.45971      1319.9834      1806.4431      172.81464      295.41499      0.15889085   
   1259000   510.41739      1322.2411      1832.6585      198.34692      295.92027      0.15772049   
   1260000   511.20932      1308.0081      1819.2174      166.11807      292.7349       0.15493005   
   1261000   514.72957      1308.758       1823.4876      134.92518      292.90273      0.15046561   
   1262000   505.70045      1333.0349      1838.7353      116.03964      298.33594      0.14637825   
   1263000   544.30277      1344.7263      1889.0291      118.98794      300.95251      0.14282172   
   1264000   527.55449      1372.9179      1900.4724      105.27241      307.26185      0.14010223   
   1265000   519.57772      1383.6353      1903.2131      89.092351      309.66043      0.13804819   
   1266000   564.25441      1373.0119      1937.2664      71.192665      307.28289      0.13798105   
   1267000   522.64724      1329.512       1852.1592      95.67759       297.54752      0.1415422    
   1268000   521.174        1331.1799      1852.3539      73.180955      297.92079      0.14730428   
   1269000   510.92936      1336.9765      1847.9059      108.01542      299.21809      0.15082438   
   1270000   525.58279      1342.8084      1868.3912      77.289276      300.52327      0.15061978   
   1271000   508.16845      1321.7603      1829.9288      89.470737      295.81267      0.14938363   
   1272000   522.86813      1310.2053      1833.0735      120.63844      293.22664      0.14673418   
   1273000   487.50416      1302.3197      1789.8238      138.31103      291.46181      0.14313334   
   1274000   522.98729      1318.8197      1841.807       125.7254       295.15456      0.1415818    
   1275000   543.7283       1314.0408      1857.7691      90.185696      294.08504      0.14132845   
   1276000   533.80578      1296.7255      1830.5312      119.95244      290.20982      0.14382309   
   1277000   497.3002       1309.4422      1806.7424      169.61042      293.05585      0.14665681   
   1278000   502.55047      1308.815       1811.3654      151.94982      292.91547      0.14829844   
   1279000   495.90932      1374.0841      1869.9934      94.933583      307.52284      0.14782346   
   1280000   518.3761       1370.2126      1888.5887      40.288873      306.65639      0.14650844   
   1281000   553.67402      1348.8552      1902.5292      44.759748      301.87656      0.14524341   
   1282000   505.57862      1383.1489      1888.7275      64.281258      309.55157      0.1429991    
   1283000   524.11298      1383.7952      1907.9081      83.761678      309.6962       0.13889298   
   1284000   541.09242      1384.3449      1925.4373      99.448212      309.81922      0.13524808   
   1285000   542.5849       1336.3422      1878.9271      127.51989      299.07612      0.13409565   
   1286000   535.33261      1340.1904      1875.5231      163.46773      299.93737      0.13760348   
   1287000   503.42303      1354.7545      1858.1776      153.9502       303.19684      0.14436583   
   1288000   547.50219      1364.6445      1912.1467      105.44823      305.41025      0.14740729   
   1289000   535.41724      1350.6585      1886.0757      66.098835      302.28014      0.14757647   
   1290000   544.82745      1387.7858      1932.6132      58.235709      310.5893       0.1465948    
   1291000   547.68415      1355.0952      1902.7793      50.412528      303.27308      0.14399672   
   1292000   507.20333      1359.6614      1866.8647      115.17757      304.29501      0.14323421   
   1293000   549.73654      1361.2704      1911.0069      146.65263      304.65511      0.14469708   
   1294000   511.96962      1374.0635      1886.0331      188.58773      307.51823      0.14901641   
   1295000   490.9562       1346.3967      1837.3529      211.40849      301.32635      0.15513646   
   1296000   497.87953      1304.3474      1802.2269      146.98136      291.91562      0.15753656   
   1297000   489.28129      1310.6698      1799.9511      80.629712      293.3306       0.15601416   
   1298000   488.02343      1277.5717      1765.5951      49.062725      285.92317      0.15253797   
   1299000   496.79741      1313.1282      1809.9256      60.135549      293.88078      0.15099682   
   1300000   525.21159      1306.5468      1831.7584      120.38643      292.40785      0.15125112   
   1301000   497.27465      1337.5821      1834.8568      191.45599      299.35362      0.15173849   
   1302000   519.30208      1309.518       1828.8201      210.19088      293.07282      0.1499347    
   1303000   518.6678       1306.3293      1824.9971      137.08733      292.35918      0.14568805   
   1304000   522.35594      1309.5867      1831.9427      52.821555      293.0882       0.14384257   
   1305000   522.28845      1324.695       1846.9835      28.982455      296.46947      0.14397421   
   1306000   533.23947      1280.5828      1813.8223      39.332301      286.59705      0.14849096   
   1307000   493.98078      1339.9963      1833.977       59.628345      299.89392      0.15741495   
   1308000   494.64884      1320.4203      1815.0691      53.827582      295.51277      0.16147306   
   1309000   471.03177      1341.5182      1812.55        111.22092      300.23453      0.15969625   
   1310000   507.67988      1312.3145      1819.9944      103.16701      293.69867      0.15554738   
   1311000   480.49505      1278.01        1758.505       131.11736      286.02125      0.15011243   
   1312000   523.21335      1295.6859      1818.8992      133.68729      289.97716      0.14658511   
   1313000   511.85845      1327.7938      1839.6523      75.894223      297.16299      0.14475149   
   1314000   515.34066      1322.3579      1837.6985      94.357281      295.94641      0.14575954   
   1315000   510.24132      1326.7497      1836.991       67.914504      296.9293       0.1487197    
   1316000   506.42368      1346.9825      1853.4062      95.956681      301.45746      0.15435129   
   1317000   518.5267       1356.0355      1874.5623      70.628908      303.48354      0.15744255   
   1318000   512.84663      1359.7835      1872.6302      110.71049      304.32235      0.15794336   
   1319000   520.72746      1344.5203      1865.2477      137.48145      300.9064       0.15813046   
   1320000   527.4196       1335.5921      1863.0117      126.99563      298.90826      0.1561129    
   1321000   526.73914      1370.1048      1896.8439      180.13589      306.63226      0.14918298   
   1322000   543.24649      1340.5865      1883.833       131.1396       300.02601      0.13940528   
   1323000   527.25254      1347.3366      1874.5892      111.74615      301.5367       0.13903247   
   1324000   524.69791      1308.8673      1833.5652      101.05443      292.92719      0.14295967   
   1325000   520.72872      1322.6763      1843.4051      24.065715      296.01768      0.14802947   
   1326000   520.5215       1319.7792      1840.3007      7.8888453      295.36928      0.15139537   
   1327000   521.94514      1321.7494      1843.6945      97.215828      295.81022      0.15292278   
   1328000   507.5664       1309.5732      1817.1396      177.81863      293.08517      0.15294011   
   1329000   506.68421      1333.2474      1839.9316      249.79263      298.38351      0.15152565   
   1330000   523.46722      1324.3966      1847.8638      233.2266       296.40268      0.1503767    
   1331000   513.84723      1337.9866      1851.8338      179.84626      299.44415      0.1499425    
   1332000   508.67415      1340.7548      1849.4289      137.55552      300.06367      0.15131175   
   1333000   492.25215      1334.4444      1826.6965      50.371026      298.65139      0.15318851   
   1334000   497.38726      1338.2056      1835.5928      12.472358      299.49316      0.15900646   
   1335000   511.47589      1320.6412      1832.1171      6.7491218      295.56221      0.163528     
   1336000   489.20981      1296.0491      1785.2589      66.156334      290.05844      0.16180397   
   1337000   502.66913      1324.7539      1827.4231      136.37947      296.48265      0.15808856   
   1338000   492.26276      1329.1322      1821.3949      231.5797       297.46251      0.15487058   
   1339000   493.26023      1328.1907      1821.4509      247.89247      297.2518       0.15114637   
   1340000   512.98935      1313.794       1826.7833      177.83589      294.02979      0.14921221   
   1341000   507.33737      1346.8149      1854.1522      133.73961      301.41993      0.14825901   
   1342000   507.64045      1386.4525      1894.0929      61.356909      310.29091      0.14658094   
   1343000   512.50611      1357.7546      1870.2607      30.180994      303.86826      0.14669107   
   1344000   523.75018      1363.7476      1887.4978      33.376729      305.20951      0.14847046   
   1345000   524.02568      1324.6822      1848.7079      60.761345      296.46659      0.14973303   
   1346000   517.67416      1330.7073      1848.3814      63.246877      297.81502      0.14879861   
   1347000   543.1296       1333.6895      1876.8191      108.67532      298.48244      0.14527374   
   1348000   534.0197       1349.3517      1883.3714      151.84742      301.98769      0.13899086   
   1349000   527.63951      1361.0761      1888.7156      165.65284      304.61163      0.13354596   
   1350000   559.50848      1352.9896      1912.4981      163.23041      302.80185      0.13250202   
   1351000   580.56113      1341.1966      1921.7577      186.72492      300.16255      0.13619046   
   1352000   549.09603      1436.2025      1985.2985      220.64879      321.42506      0.14060918   
   1353000   519.78854      1376.5945      1896.3831      145.06844      308.08468      0.1422984    
   1354000   522.96717      1371.4927      1894.4599      132.217        306.94289      0.14463785   
   1355000   536.00123      1348.6001      1884.6013      108.55869      301.81947      0.14681292   
   1356000   513.18072      1364.9746      1878.1553      61.425401      305.48412      0.15056092   
   1357000   516.35983      1348.6781      1865.038       38.530195      301.83694      0.15225811   
   1358000   505.81096      1327.4976      1833.3085      65.200941      297.09668      0.15173327   
   1359000   495.33785      1336.4497      1831.7875      130.07941      299.10018      0.14990549   
   1360000   490.12676      1329.0779      1819.2047      119.76012      297.45036      0.14289103   
   1361000   518.1161       1280.9279      1799.044       138.5092       286.67429      0.13900411   
   1362000   523.3833       1297.5182      1820.9015      127.30596      290.38725      0.13825983   
   1363000   523.60648      1328.2787      1851.8852      142.50661      297.2715       0.14147279   
   1364000   514.41841      1334.9223      1849.3407      160.53255      298.75836      0.14720143   
   1365000   521.85129      1296.3152      1818.1665      195.48528      290.11801      0.15177883   
   1366000   513.72201      1329.797       1843.5191      130.02425      297.61131      0.15116102   
   1367000   490.78706      1320.4612      1811.2482      70.747014      295.52192      0.14953945   
   1368000   508.81488      1341.9533      1850.7681      64.25707       300.33189      0.14725737   
   1369000   521.77483      1321.0547      1842.8296      55.714193      295.65476      0.14524251   
   1370000   525.6251       1330.2697      1855.8948      139.15488      297.71709      0.14588499   
   1371000   529.90566      1312.1849      1842.0906      151.77144      293.66968      0.14529315   
   1372000   487.5321       1326.8709      1814.403       201.21219      296.95644      0.14808659   
   1373000   486.60806      1308.2489      1794.857       182.50387      292.7888       0.15243159   
   1374000   494.30856      1320.0857      1814.3943      136.49994      295.43789      0.15619388   
   1375000   496.64168      1295.5165      1792.1582      93.353685      289.93926      0.15905392   
   1376000   487.44798      1323.4968      1810.9447      70.359746      296.20129      0.15985615   
   1377000   501.65893      1344.1235      1845.7824      67.252383      300.8176       0.15663501   
   1378000   509.26665      1377.7413      1887.0079      149.89828      308.34133      0.15122836   
   1379000   530.55747      1338.7835      1869.341       193.37624      299.6225       0.14666644   
   1380000   555.37815      1338.8811      1894.2592      190.18611      299.64433      0.14417471   
   1381000   517.54005      1412.5077      1930.0478      159.78086      316.12212      0.14322782   
   1382000   520.18216      1397.6704      1917.8526      114.65999      312.80151      0.1434004    
   1383000   522.2501       1374.9536      1897.2037      54.28239       307.71743      0.14392096   
   1384000   521.13698      1355.9307      1877.0676      48.751706      303.46007      0.14645283   
   1385000   499.26673      1362.3019      1861.5687      103.37009      304.88597      0.15026248   
   1386000   520.45239      1382.309       1902.7614      164.50123      309.36359      0.15149667   
   1387000   511.84899      1353.6498      1865.4988      228.64391      302.94961      0.15048551   
   1388000   540.49719      1346.3605      1886.8577      254.74274      301.31825      0.14654992   
   1389000   538.5361       1368.4406      1906.9767      188.42728      306.25983      0.14198872   
   1390000   530.37605      1379.4966      1909.8727      151.69896      308.73417      0.1415185    
   1391000   544.54778      1390.6904      1935.2382      55.285512      311.23937      0.14078708   
   1392000   540.35128      1385.7742      1926.1255     -4.6960489      310.13912      0.13799354   
   1393000   523.9546       1358.8011      1882.7557      28.024909      304.10247      0.13593423   
   1394000   525.66234      1358.0097      1883.6721      88.657122      303.92537      0.13725912   
   1395000   526.77577      1341.2176      1867.9934      139.36589      300.16726      0.14257584   
   1396000   494.57753      1301.5151      1796.0926      131.92656      291.28175      0.14673428   
   1397000   524.92855      1334.6141      1859.5426      133.35776      298.68936      0.14958736   
   1398000   524.32801      1298.7352      1823.0632      105.78095      290.6596       0.14961569   
   1399000   511.70499      1340.8333      1852.5383      91.77351       300.08124      0.14763243   
   1400000   496.56819      1327.8189      1824.387       107.95188      297.16859      0.14348001   
   1401000   526.17141      1307.6877      1833.8592      134.23305      292.6632       0.14112841   
   1402000   538.70514      1278.2303      1816.9355      162.00885      286.07057      0.14080954   
   1403000   502.96737      1346.6116      1849.579       211.41148      301.37445      0.14168368   
   1404000   514.65863      1344.5582      1859.2168      249.33006      300.91487      0.14334307   
   1405000   517.20106      1323.0086      1840.2097      150.03295      296.09205      0.1442992    
   1406000   532.47322      1342.1718      1874.645       88.060325      300.38081      0.14635709   
   1407000   525.74485      1346.856       1872.6008     -17.688857      301.42913      0.14671466   
   1408000   525.24168      1349.1348      1874.3765     -57.34133       301.93913      0.14516529   
   1409000   519.72564      1343.3626      1863.0882     -41.019146      300.6473       0.14098851   
   1410000   530.82458      1338.7591      1869.5837      17.846017      299.61703      0.13838191   
   1411000   553.99716      1307.9203      1861.9175      78.965216      292.71525      0.14158324   
   1412000   500.26894      1307.0492      1807.3181      146.76535      292.52029      0.14959266   
   1413000   495.72987      1315.7204      1811.4503      146.96705      294.46093      0.15387642   
   1414000   501.06952      1317.4401      1818.5097      143.28518      294.84581      0.15448327   
   1415000   513.87831      1322.8331      1836.7115      96.210412      296.05277      0.15282966   
   1416000   509.08871      1340.3713      1849.46        90.641669      299.97784      0.14842996   
   1417000   514.15452      1313.7544      1827.9089      93.205815      294.02092      0.14679423   
   1418000   515.27452      1325.1514      1840.4259      78.765153      296.5716       0.14695791   
   1419000   504.31865      1334.958       1839.2767      67.029171      298.76634      0.14804202   
   1420000   492.50854      1331.6629      1824.1715      44.285705      298.02889      0.15014678   
   1421000   528.40361      1298.5037      1826.9073      56.616959      290.6078       0.15571436   
   1422000   506.66736      1310.8028      1817.4701      130.08028      293.36035      0.16069583   
   1423000   542.81755      1325.8387      1868.6563      145.05225      296.72542      0.15918427   
   1424000   507.90956      1351.4707      1859.3803      103.38313      302.46193      0.15217957   
   1425000   530.10137      1352.0769      1882.1783      96.408198      302.5976       0.14776262   
   1426000   520.77442      1342.2115      1862.9859      102.18847      300.38969      0.14637532   
   1427000   526.51239      1378.6479      1905.1603      102.07839      308.54424      0.14488826   
   1428000   541.58864      1361.0049      1902.5936      88.51053       304.59569      0.1436335    
   1429000   501.37793      1362.186       1863.5639      131.48644      304.86003      0.14530599   
   1430000   504.47624      1315.201       1819.6772      188.88361      294.34468      0.14857544   
   1431000   498.62919      1316.4843      1815.1135      216.30048      294.63188      0.15320705   
   1432000   497.83168      1329.2093      1827.041       182.82971      297.47978      0.15782732   
   1433000   496.66548      1319.1655      1815.8309      168.93883      295.23194      0.15958051   
   1434000   512.50649      1322.1849      1834.6914      126.10028      295.9077       0.15738753   
   1435000   493.754        1306.8196      1800.5736      145.66522      292.46891      0.15417486   
   1436000   500.80073      1337.492       1838.2927      148.6326       299.33346      0.15194713   
   1437000   528.63087      1335.1192      1863.7501      103.63159      298.80242      0.15007427   
   1438000   541.35683      1337.4269      1878.7837      93.90743       299.31889      0.15086008   
   1439000   500.11374      1290.5178      1790.6315      50.198669      288.82052      0.15111378   
   1440000   534.14098      1325.5805      1859.7215      55.845354      296.66763      0.15135603   
   1441000   541.65395      1342.1345      1883.7885      64.693387      300.37247      0.14847003   
   1442000   520.23622      1341.5495      1861.7857      74.194754      300.24154      0.14304611   
   1443000   525.18621      1336.4926      1861.6788      74.365036      299.10978      0.13934777   
   1444000   507.80493      1283.3394      1791.1444      131.46104      287.214        0.13958245   
   1445000   541.30384      1301.5074      1842.8112      192.62022      291.28002      0.14330606   
   1446000   500.41847      1331.8969      1832.3153      240.68295      298.08125      0.14861986   
   1447000   515.32931      1327.2576      1842.5869      278.37459      297.04296      0.15219753   
   1448000   502.57821      1341.6811      1844.2593      216.74294      300.27099      0.15210511   
   1449000   499.6181       1342.6832      1842.3013      97.77686       300.49525      0.15060616   
   1450000   521.59442      1300.2025      1821.797      -2.1653567      290.98799      0.14748084   
   1451000   524.01328      1342.1469      1866.1602     -29.09657       300.37523      0.14374872   
   1452000   520.83087      1346.3178      1867.1486      12.804287      301.30868      0.14056293   
   1453000   511.45861      1350.5233      1861.9819      52.944413      302.24988      0.14044567   
   1454000   533.33401      1356.1979      1889.5319      129.44933      303.51986      0.14304739   
   1455000   525.61267      1350.501       1876.1137      165.87998      302.2449       0.14564728   
   1456000   537.35783      1369.1134      1906.4713      196.22072      306.41039      0.14830897   
   1457000   501.78775      1365.6481      1867.4359      173.85555      305.63485      0.1495147    
   1458000   532.74061      1350.7812      1883.5218      139.1685       302.30761      0.14991136   
   1459000   510.38824      1348.3971      1858.7853      26.568067      301.77404      0.14766235   
   1460000   517.41678      1344.5746      1861.9914     -36.227051      300.91856      0.14589642   
   1461000   546.28792      1369.6577      1915.9456     -41.503622      306.53221      0.14567351   
   1462000   532.95896      1346.5102      1879.4692      3.6808962      301.35175      0.14852605   
   1463000   504.91213      1312.8686      1817.7808      101.78124      293.8227       0.15331728   
   1464000   481.76365      1333.0098      1814.7734      180.06592      298.33032      0.15736705   
   1465000   497.00526      1336.7885      1833.7938      206.64907      299.17602      0.15679979   
   1466000   513.75603      1316.949       1830.705       172.54184      294.73589      0.15154023   
   1467000   527.00114      1349.6172      1876.6184      121.97965      302.0471       0.14440941   
   1468000   540.8609       1333.9225      1874.7834      96.7984        298.5346       0.14262773   
   1469000   544.44724      1333.9881      1878.4353      67.421417      298.54927      0.14424053   
   1470000   515.52989      1400.3669      1915.8968      88.366385      313.40499      0.14647323   
   1471000   532.29593      1364.9363      1897.2322      82.494105      305.47555      0.1490282    
   1472000   530.85584      1344.5041      1875.3599      93.981325      300.90277      0.1521578    
   1473000   513.05267      1361.6483      1874.7009      155.43749      304.73968      0.15407896   
   1474000   493.6095       1357.3898      1850.9993      185.74553      303.78663      0.15515822   
   1475000   509.02707      1350.9043      1859.9314      134.38705      302.33516      0.15468357   
   1476000   516.18119      1374.1254      1890.3066      105.93082      307.53209      0.1553568    
   1477000   507.71971      1350.1061      1857.8258      88.15874       302.15651      0.15644409   
   1478000   501.72971      1345.0176      1846.7474      69.60931       301.01771      0.15423376   
   1479000   499.67028      1335.5512      1835.2215      94.300933      298.89909      0.15298273   
   1480000   515.5387       1343.8191      1859.3578      137.0922       300.74948      0.15399967   
   1481000   498.33503      1355.1776      1853.5127      147.41864      303.29154      0.15710825   
   1482000   499.59177      1331.7117      1831.3034      161.83327      298.0398       0.16169909   
   1483000   483.17513      1369.6622      1852.8373      156.10219      306.53321      0.1648774    
   1484000   523.90851      1333.1387      1857.0472      155.11665      298.35918      0.16378107   
   1485000   508.35596      1355.8865      1864.2424      165.29892      303.45017      0.15862324   
   1486000   508.83418      1381.7756      1890.6097      155.36329      309.24421      0.15182724   
   1487000   503.54979      1355.3615      1858.9113      149.29214      303.33269      0.14979172   
   1488000   532.98513      1362.1139      1895.0991      75.618038      304.84389      0.15033575   
   1489000   523.43376      1377.6176      1901.0514      51.420603      308.31366      0.15146528   
   1490000   528.705        1388.2468      1916.9518      9.0858572      310.69248      0.15057957   
   1491000   510.17236      1335.1244      1845.2968      51.926608      298.80359      0.14990694   
   1492000   507.91004      1359.1356      1867.0457      80.006646      304.17735      0.1496512    
   1493000   509.12326      1344.4141      1853.5374      138.03661      300.88264      0.15009004   
   1494000   531.40117      1314.4262      1845.8274      169.3169       294.17128      0.15166474   
   1495000   503.14514      1338.8628      1842.0079      138.52091      299.64025      0.15080669   
   1496000   503.29472      1346.0048      1849.2995      99.727082      301.23864      0.14783479   
   1497000   541.98959      1338.217       1880.2066      86.279997      299.49572      0.14409224   
   1498000   545.07033      1329.2964      1874.3667      103.74886      297.49925      0.14200027   
   1499000   521.13165      1361.3634      1882.4951      165.51736      304.67593      0.14263965   
   1500000   520.73834      1352.3679      1873.1063      214.14072      302.66272      0.14665857   
   1501000   536.45455      1361.9081      1898.3627      140.58535      304.79783      0.15224594   
   1502000   523.3092       1347.1191      1870.4283      61.874759      301.48803      0.1570443    
   1503000   519.81378      1344.384       1864.1978     -18.924251      300.87589      0.15585883   
   1504000   504.4011       1365.6822      1870.0833      33.622655      305.64249      0.15418008   
   1505000   524.22868      1345.2506      1869.4793      77.326179      301.06985      0.147674     
   1506000   542.07131      1326.4016      1868.4729      127.42247      296.85141      0.14002723   
   1507000   530.76643      1314.9536      1845.7201      210.98518      294.28932      0.13870448   
   1508000   540.90757      1286.8756      1827.7832      193.36482      288.0054       0.14029404   
   1509000   548.02888      1322.7525      1870.7814      117.44565      296.03473      0.14352712   
   1510000   513.44408      1315.9466      1829.3907      78.289514      294.51155      0.14654657   
   1511000   501.16673      1306.7951      1807.9618      19.279628      292.46343      0.14782255   
   1512000   518.16018      1307.4538      1825.614      -4.407216       292.61084      0.15004874   
   1513000   467.6445       1308.979       1776.6235      9.291348       292.95218      0.15280023   
   1514000   502.63721      1323.5748      1826.212       73.495836      296.21875      0.15395254   
   1515000   517.17502      1334.0076      1851.1826      144.45411      298.55364      0.15221086   
   1516000   502.42173      1369.8264      1872.2481      213.24757      306.56995      0.14987972   
   1517000   480.77421      1357.2774      1838.0516      293.11386      303.76147      0.14901999   
   1518000   524.71594      1300.4114      1825.1273      240.94703      291.03474      0.14759619   
   1519000   542.54647      1325.8911      1868.4376      154.09529      296.73716      0.1452626    
   1520000   494.14625      1376.4148      1870.561       87.629448      308.04446      0.14413769   
   1521000   512.62159      1368.835       1881.4566      0.81383775     306.34808      0.14578995   
   1522000   505.90997      1395.626       1901.536       3.5073469      312.34396      0.15183176   
   1523000   528.91752      1403.3243      1932.2418      79.273416      314.06686      0.15731632   
   1524000   520.42796      1378.6454      1899.0733      181.84024      308.54366      0.15752944   
   1525000   517.72405      1350.4824      1868.2065      252.00593      302.24074      0.15450571   
   1526000   514.86406      1381.3608      1896.2249      243.52404      309.15139      0.15073918   
   1527000   533.96572      1366.3242      1900.2899      186.79293      305.78616      0.14697112   
   1528000   557.11414      1324.0142      1881.1284      69.110346      296.3171       0.14295876   
   1529000   508.16744      1353.5142      1861.6816      43.595563      302.91926      0.1414021    
   1530000   533.22446      1345.4778      1878.7023      35.535883      301.12069      0.14163268   
   1531000   539.32679      1333.4919      1872.8187      75.333848      298.43822      0.14468904   
   1532000   516.21094      1350.713       1866.924       169.28013      302.29235      0.15022408   
   1533000   523.24502      1366.4853      1889.7303      165.62771      305.82222      0.15532449   
   1534000   508.2758       1364.9883      1873.2641      167.05976      305.48719      0.15907324   
   1535000   537.82699      1337.5711      1875.3981      152.80356      299.35115      0.15898413   
   1536000   529.33572      1354.9903      1884.3261      121.16348      303.24962      0.15731216   
   1537000   550.75182      1360.4895      1911.2413      63.305932      304.48034      0.15525674   
   1538000   525.43899      1399.3131      1924.7521      88.678336      313.16914      0.15424023   
   1539000   506.20057      1361.0379      1867.2384      140.38497      304.60307      0.15224783   
   1540000   521.12259      1318.7647      1839.8873      171.89611      295.14225      0.1504803    
   1541000   508.9476       1285.9309      1794.8785      161.66193      287.79399      0.14977795   
   1542000   509.51345      1289.8255      1799.339       141.63868      288.6656       0.15170582   
   1543000   516.16926      1319.8256      1835.9949      101.13776      295.37968      0.15370883   
   1544000   492.03299      1339.6826      1831.7156      100.44951      299.82372      0.15318858   
   1545000   518.24797      1280.0505      1798.2985      2.8834068      286.47794      0.15028151   
   1546000   496.46526      1311.2763      1807.7416      25.853115      293.46633      0.14946368   
   1547000   516.88136      1331.151       1848.0323      41.228602      297.91432      0.14801132   
   1548000   533.23312      1330.5768      1863.8099      80.614666      297.78581      0.14511118   
   1549000   522.90934      1358.0164      1880.9257      137.88037      303.92685      0.14272422   
   1550000   582.28535      1358.4461      1940.7315      179.19858      304.02304      0.14197033   
   1551000   516.11712      1356.4391      1872.5563      186.23486      303.57386      0.14139366   
   1552000   520.16878      1370.0838      1890.2526      223.94241      306.62757      0.14338799   
   1553000   520.96358      1346.0661      1867.0297      207.02254      301.25235      0.1473049    
   1554000   550.58687      1354.2558      1904.8427      225.94788      303.08523      0.15266145   
   1555000   494.47702      1373.1465      1867.6235      223.18362      307.31301      0.15510462   
   1556000   537.09176      1332.6898      1869.7816      140.28031      298.25871      0.15452998   
   1557000   531.86327      1345.0249      1876.8882      56.388589      301.01933      0.14911042   
   1558000   524.80594      1317.3819      1842.1879     -18.964295      294.83278      0.14371656   
   1559000   512.8259       1340.6857      1853.5117     -17.69148       300.04822      0.14264275   
   1560000   532.55579      1284.2392      1816.795      -28.857024      287.41537      0.14212139   
   1561000   547.68883      1293.7976      1841.4865      30.332127      289.55457      0.14328572   
   1562000   511.1866       1340.343       1851.5296      93.200014      299.97151      0.14466334   
   1563000   513.9948       1313.9879      1827.9827      137.83918      294.07318      0.14602761   
   1564000   513.36139      1313.7311      1827.0925      161.26822      294.01572      0.14662475   
   1565000   529.60052      1334.7047      1864.3052      133.88319      298.70965      0.14782383   
   1566000   526.35165      1363.5346      1889.8863      124.54587      305.16185      0.1487376    
   1567000   514.13038      1381.1647      1895.2951      93.006084      309.10749      0.14937295   
   1568000   535.98233      1329.2597      1865.242       73.249703      297.49105      0.14782001   
   1569000   513.60132      1324.2152      1837.8166      145.27459      296.36209      0.14499697   
   1570000   518.57153      1355.3323      1873.9038      153.95407      303.32615      0.13954772   
   1571000   544.31151      1333.6597      1877.9712      180.79395      298.47577      0.1349546    
   1572000   539.54337      1271.5529      1811.0963      159.98467      284.57615      0.13342181   
   1573000   550.54955      1292.2926      1842.8421      134.41367      289.21774      0.13470956   
   1574000   527.69813      1320.1741      1847.8722      59.521866      295.45767      0.13679978   
   1575000   516.96002      1338.7204      1855.6805      50.667675      299.60838      0.13922754   
   1576000   518.31434      1324.4872      1842.8015      59.617522      296.42295      0.1402225    
   1577000   535.38903      1343.4732      1878.8622      107.61934      300.67206      0.14077931   
   1578000   535.11329      1337.0554      1872.1687      103.65476      299.23575      0.14180491   
   1579000   529.63184      1332.404       1862.0358      109.52549      298.19474      0.14517998   
   1580000   527.44177      1344.6987      1872.1405      133.45623      300.94632      0.14769493   
   1581000   522.16437      1336.1367      1858.3011      136.25353      299.03013      0.14747182   
   1582000   519.34912      1324.5518      1843.9009      163.35728      296.43741      0.14782435   
   1583000   502.10104      1309.7437      1811.8447      188.58042      293.12332      0.15033318   
   1584000   504.68948      1326.1422      1830.8317      136.59414      296.79335      0.15441287   
   1585000   500.08514      1289.0422      1789.1274      127.75287      288.4903       0.16057      
   1586000   499.58297      1323.4532      1823.0362      39.342325      296.19155      0.1595843    
   1587000   495.31019      1338.3246      1833.6348      51.564922      299.51979      0.15479551   
   1588000   506.47634      1344.3605      1850.8368      46.344149      300.87063      0.14917764   
   1589000   531.01347      1309.6713      1840.6847      94.614114      293.10712      0.14649554   
   1590000   547.35326      1326.3204      1873.6737      166.29974      296.83323      0.1466281    
   1591000   509.31437      1316.9664      1826.2808      259.10862      294.73978      0.14788542   
   1592000   524.53121      1326.8392      1851.3704      280.20458      296.94933      0.14927665   
   1593000   529.78957      1306.5862      1836.3758      271.8103       292.41668      0.15078094   
   1594000   503.47377      1318.9312      1822.4049      181.61565      295.1795       0.15199336   
   1595000   491.57099      1321.0984      1812.6694      141.04593      295.66453      0.15554239   
   1596000   506.64905      1312.7894      1819.4385      86.296409      293.80497      0.15970628   
   1597000   501.35988      1329.0362      1830.3961      66.305721      297.44103      0.16161343   
   1598000   522.07994      1314.9993      1837.0792      99.797708      294.29954      0.1606375    
   1599000   521.51105      1364.0597      1885.5707      101.0087       305.27936      0.15437672   
   1600000   520.3323       1343.0769      1863.4092      87.395555      300.58337      0.14822225   
   1601000   513.09306      1337.6794      1850.7725      122.01227      299.3754       0.14615623   
   1602000   523.26641      1280.3373      1803.6038      114.74614      286.54212      0.14651443   
   1603000   503.91997      1311.0591      1814.9791      96.971564      293.41772      0.14993828   
   1604000   490.93877      1329.9164      1820.8552      151.67489      297.63802      0.15399822   
   1605000   499.81954      1307.3049      1807.1244      189.14606      292.57752      0.15348305   
   1606000   501.28623      1299.7422      1801.0285      186.3251       290.88498      0.1510854    
   1607000   534.3062       1366.8243      1901.1305      162.64051      305.89807      0.14816618   
   1608000   553.80961      1337.2351      1891.0447      135.78218      299.27596      0.14451003   
   1609000   551.64559      1348.2591      1899.9047      118.43837      301.74315      0.14368138   
   1610000   540.50123      1388.8319      1929.3331      62.618044      310.82343      0.14443404   
   1611000   553.89516      1334.1502      1888.0453      19.777078      298.58555      0.14611826   
   1612000   537.32539      1342.5552      1879.8806      14.852943      300.46661      0.14812944   
   1613000   515.14823      1304.8133      1819.9615      69.224722      292.01989      0.15046064   
   1614000   518.88635      1315.856       1834.7424      134.06522      294.49128      0.15219546   
   1615000   499.21795      1324.1537      1823.3717      188.47859      296.34832      0.15274177   
   1616000   505.42697      1311.0786      1816.5055      205.10266      293.42207      0.15132235   
   1617000   498.20762      1325.9453      1824.1529      141.13822      296.74928      0.14844613   
   1618000   525.73644      1370.7244      1896.4608      71.100461      306.77093      0.14551527   
   1619000   513.39573      1368.2299      1881.6256      21.202299      306.21265      0.14428084   
   1620000   517.66411      1370.0551      1887.7192      25.166191      306.62115      0.14461298   
   1621000   562.45393      1330.8386      1893.2926      27.976042      297.84442      0.14641151   
   1622000   520.56169      1356.2137      1876.7754      83.164631      303.52342      0.1499612    
   1623000   536.4146       1363.0105      1899.425       94.39526       305.04454      0.1544357    
   1624000   518.72106      1341.7809      1860.5019      68.696847      300.29331      0.15601327   
   1625000   536.44903      1336.8127      1873.2617      104.99201      299.18142      0.15826846   
   1626000   494.33626      1356.5832      1850.9194      111.29807      303.6061       0.15807849   
   1627000   509.18843      1365.9955      1875.184       87.988269      305.7126       0.15650281   
   1628000   534.05444      1333.2637      1867.3182      83.474415      298.38716      0.15395382   
   1629000   535.69268      1340.3718      1876.0645      60.199126      299.97797      0.14767253   
   1630000   523.43965      1351.6087      1875.0484      128.14824      302.49281      0.14454593   
   1631000   518.9482       1334.0889      1853.0371      147.10003      298.57183      0.14220567   
   1632000   538.04051      1286.0688      1824.1093      136.65834      287.82484      0.14137045   
   1633000   522.15145      1300.723       1822.8745      118.09025      291.10449      0.14305069   
   1634000   507.47475      1336.6143      1844.0891      150.67142      299.13703      0.14995635   
   1635000   502.82826      1322.8485      1825.6767      160.05091      296.0562       0.15733868   
   1636000   512.43235      1333.5086      1845.941       157.22628      298.44196      0.15734917   
   1637000   497.97189      1362.0623      1860.0342      129.73274      304.83234      0.15338037   
   1638000   526.04231      1393.9787      1920.021       128.96797      311.97529      0.14917435   
   1639000   557.62528      1382.7303      1940.3556      102.23787      309.45789      0.14508101   
   1640000   535.90493      1354.5024      1890.4073      106.34587      303.14041      0.14244338   
   1641000   515.46035      1349.6556      1865.116       120.7797       302.0557       0.14163549   
   1642000   530.27971      1330.7708      1861.0505      120.60585      297.82924      0.14151177   
   1643000   526.72         1286.7872      1813.5072      146.44721      287.98562      0.14117269   
   1644000   531.49988      1349.2967      1880.7966      129.27121      301.97538      0.13987807   
   1645000   525.06373      1340.059       1865.1227      111.33272      299.90795      0.14114768   
   1646000   528.51372      1359.1716      1887.6854      80.072294      304.1854       0.14535412   
   1647000   515.06566      1341.9751      1857.0408      57.806463      300.33678      0.14988469   
   1648000   515.3609       1289.163       1804.5239      52.112576      288.51732      0.1533696    
   1649000   524.10373      1308.2681      1832.3718      77.122896      292.79309      0.15532519   
   1650000   505.52665      1338.5748      1844.1015      176.83897      299.57579      0.15362132   
   1651000   489.92256      1344.1314      1834.054       195.25823      300.81937      0.14959542   
   1652000   523.03626      1335.7045      1858.7407      202.27035      298.9334       0.14784099   
   1653000   522.06062      1323.1847      1845.2453      169.72912      296.13145      0.14715239   
   1654000   511.19031      1338.196       1849.3864      122.30741      299.49102      0.14573033   
   1655000   540.29299      1331.2255      1871.5185      101.33596      297.931        0.14527312   
   1656000   511.35484      1406.8087      1918.1635      118.18999      314.84667      0.14500734   
   1657000   543.90733      1367.0352      1910.9425      86.480067      305.94528      0.14533563   
   1658000   524.35251      1373.9581      1898.3106      131.27109      307.49464      0.1486639    
   1659000   504.07326      1384.1897      1888.263       131.95845      309.78451      0.15589152   
   1660000   512.3432       1362.0853      1874.4285      107.99854      304.83749      0.16099058   
   1661000   510.97273      1361.3396      1872.3124      144.96791      304.67061      0.16179231   
   1662000   464.67981      1382.3808      1847.0607      108.14642      309.37967      0.15724521   
   1663000   518.97417      1347.9381      1866.9123      89.507618      301.67132      0.15360884   
   1664000   556.07823      1335.3374      1891.4157      103.83855      298.85126      0.15138738   
   1665000   508.36692      1353.8529      1862.2198      151.90961      302.99506      0.15121462   
   1666000   521.45985      1330.5659      1852.0257      179.71237      297.78337      0.15457333   
   1667000   506.03989      1372.3134      1878.3533      188.74399      307.12656      0.16006816   
   1668000   522.69348      1370.8117      1893.5052      147.95789      306.79047      0.16304711   
   1669000   512.41351      1367.864       1880.2775      96.950846      306.13078      0.16177132   
   1670000   542.9543       1340.4651      1883.4194      22.396092      299.99884      0.15645789   
   1671000   515.0794       1351.7183      1866.7977      56.486048      302.51734      0.14988314   
   1672000   525.05363      1376.34        1901.3937      85.029068      308.02773      0.14630786   
   1673000   529.62356      1368.2213      1897.8449      149.36589      306.21075      0.14483853   
   1674000   523.80141      1322.9603      1846.7617      193.7118       296.08124      0.14636756   
   1675000   513.43893      1333.8594      1847.2983      236.02127      298.52047      0.15135829   
   1676000   533.79529      1304.821       1838.6163      165.75481      292.02162      0.15603122   
   1677000   499.2699       1313.9497      1813.2196      80.046404      294.06463      0.15897752   
   1678000   470.74536      1290.646       1761.3913      16.864083      288.84921      0.16096169   
   1679000   498.03199      1316.1883      1814.2203     -4.716894       294.56565      0.16193821   
   1680000   495.60932      1314.7263      1810.3356      48.212705      294.23844      0.1625499    
   1681000   520.35225      1318.951       1839.3033      58.165978      295.18395      0.16136107   
   1682000   509.40879      1306.4562      1815.865       111.66227      292.38758      0.15818336   
   1683000   515.93935      1323.4284      1839.3678      102.07672      296.186        0.15394332   
   1684000   519.73409      1300.4089      1820.143       81.572414      291.03419      0.15234554   
   1685000   536.04103      1328.8579      1864.899       86.947125      297.40113      0.15410638   
   1686000   530.93624      1310.5982      1841.5345      144.97354      293.31457      0.15717179   
   1687000   510.77608      1289.7262      1800.5023      184.21472      288.64338      0.15934091   
   1688000   512.78876      1321.071       1833.8597      197.77175      295.65839      0.1594203    
   1689000   493.03987      1322.1851      1815.225       151.40987      295.90774      0.1582112    
   1690000   523.74203      1317.856       1841.5981      78.479688      294.93888      0.15609378   
   1691000   519.75825      1331.4421      1851.2004      55.268833      297.97948      0.15252477   
   1692000   538.42928      1290.8944      1829.3237      62.698399      288.90482      0.14536657   
   1693000   547.23064      1323.1877      1870.4184      61.286729      296.13213      0.14085546   
   1694000   538.22388      1343.1265      1881.3504      83.917089      300.59447      0.14093807   
   1695000   541.74444      1358.0103      1899.7547      80.694943      303.92549      0.14315887   
   1696000   530.77559      1326.4517      1857.2273      80.762239      296.86261      0.14681256   
   1697000   525.51401      1378.8952      1904.4092      38.754098      308.59957      0.15081841   
   1698000   520.89605      1362.8945      1883.7905      31.007871      305.01858      0.15477428   
   1699000   522.34925      1351.2605      1873.6097      116.8667       302.41487      0.15726652   
   1700000   514.22583      1360.5634      1874.7892      154.1814       304.49687      0.15712418   
   1701000   503.16482      1335.835       1838.9999      197.66208      298.96263      0.15648686   
   1702000   514.90066      1364.3155      1879.2161      148.3929       305.3366       0.15501847   
   1703000   568.27485      1356.7723      1925.0472      148.54464      303.64843      0.15430625   
   1704000   522.93496      1358.1306      1881.0656      167.28972      303.95242      0.15130027   
   1705000   520.98625      1355.9041      1876.8904      175.14216      303.45413      0.14635986   
   1706000   526.29984      1359.6204      1885.9202      199.07582      304.28583      0.1440692    
   1707000   535.42681      1356.3664      1891.7932      218.11851      303.55758      0.14422588   
   1708000   537.84456      1386.9113      1924.7559      235.22573      310.39361      0.14494525   
   1709000   533.86621      1392.3708      1926.237       215.76876      311.61544      0.14593932   
   1710000   528.93987      1340.7219      1869.6617      193.11708      300.0563       0.14658915   
   1711000   525.05551      1321.8719      1846.9274      106.64235      295.83764      0.14505585   
   1712000   515.44647      1353.6738      1869.1203      116.67666      302.95499      0.14284175   
   1713000   517.16374      1318.9359      1836.0996      90.42153       295.18056      0.13774688   
   1714000   517.29614      1330.3952      1847.6913      140.56659      297.74517      0.13519845   
   1715000   537.9262       1340.3136      1878.2398      153.28031      299.96493      0.13690058   
   1716000   537.78663      1343.5949      1881.3815      161.857        300.6993       0.14257691   
   1717000   518.23576      1334.3278      1852.5635      133.42355      298.62529      0.14695744   
   1718000   508.41983      1346.1587      1854.5785      103.07259      301.27307      0.14815135   
   1719000   507.68119      1326.9067      1834.5879      67.570267      296.96444      0.14694085   
   1720000   530.16592      1327.4888      1857.6547      68.28399       297.09472      0.1458036    
   1721000   545.68896      1380.508       1926.1969      99.700817      308.96051      0.14258996   
   1722000   506.40228      1371.896       1878.2983      140.4869       307.03315      0.13965866   
   1723000   531.36101      1372.1494      1903.5104      145.76642      307.08985      0.13727488   
   1724000   553.64139      1340.1694      1893.8108      131.69745      299.93266      0.13575062   
   1725000   544.66994      1366.6323      1911.3022      132.99934      305.85511      0.13576778   
   1726000   518.64161      1342.7777      1861.4193      125.38431      300.5164       0.14156412   
   1727000   509.93799      1333.4816      1843.4196      127.59001      298.43592      0.15277696   
   1728000   525.95955      1305.8503      1831.8099      87.821261      292.25198      0.15280198   
   1729000   528.90202      1330.8726      1859.7746      128.59074      297.85202      0.14866667   
   1730000   525.74448      1318.1923      1843.9368      132.40276      295.01415      0.14380831   
   1731000   533.73214      1329.7413      1863.4735      158.52147      297.59884      0.14164361   
   1732000   524.91665      1315.1376      1840.0543      166.07794      294.33049      0.14046948   
   1733000   554.52365      1302.3305      1856.8542      150.82096      291.46424      0.13997671   
   1734000   538.93258      1266.0409      1804.9735      111.26077      283.34255      0.13942413   
   1735000   510.0061       1312.8306      1822.8367      99.33981       293.81418      0.1420867    
   1736000   516.26715      1314.9418      1831.209       124.46205      294.28667      0.1484752    
   1737000   525.38762      1317.8771      1843.2647      94.719532      294.94361      0.15211229   
   1738000   511.02948      1337.2028      1848.2323      130.04803      299.26874      0.15265074   
   1739000   488.0541       1329.0117      1817.0658      138.44952      297.43555      0.15030842   
   1740000   509.70814      1356.9226      1866.6308      124.83171      303.68207      0.1480005    
   1741000   517.46666      1352.0945      1869.5612      138.0165       302.60153      0.14644393   
   1742000   527.00648      1317.2345      1844.241       141.91674      294.79978      0.14403713   
   1743000   537.01801      1309.1695      1846.1875      143.4403       292.99482      0.14307393   
   1744000   516.51143      1292.0653      1808.5767      120.77913      289.16687      0.14421535   
   1745000   506.67847      1317.6902      1824.3687      172.05757      294.90178      0.14463394   
   1746000   564.84598      1315.9173      1880.7633      124.12088      294.505        0.14425936   
   1747000   538.7134       1306.8774      1845.5908      130.03774      292.48185      0.14466837   
   1748000   523.41137      1323.8608      1847.2722      123.43522      296.28277      0.14336985   
   1749000   515.70345      1315.3158      1831.0193      148.22558      294.37038      0.14301024   
   1750000   533.4481       1353.1471      1886.5952      148.56717      302.83709      0.14596571   
   1751000   478.36074      1359.9792      1838.3399      194.44508      304.36613      0.1534433    
   1752000   509.00715      1360.0877      1869.0948      148.14506      304.39041      0.15799155   
   1753000   523.31537      1329.4772      1852.7926      74.232271      297.53973      0.15755853   
   1754000   537.32191      1317.4697      1854.7916      47.247689      294.85242      0.1555275    
   1755000   536.0161       1350.5815      1886.5976      21.983681      302.26292      0.15241147   
   1756000   525.06736      1394.3843      1919.4517      79.868658      312.06607      0.14893738   
   1757000   527.85816      1349.7824      1877.6406      108.63347      302.08407      0.14483223   
   1758000   542.13786      1371.0535      1913.1913      211.43011      306.84458      0.14429658   
   1759000   538.75192      1357.2715      1896.0234      273.61563      303.76014      0.14696725   
   1760000   528.49143      1318.1683      1846.6597      247.04001      295.00876      0.15193933   
   1761000   535.63093      1323.3763      1859.0073      180.14821      296.17434      0.15453976   
   1762000   514.46424      1328.3704      1842.8346      182.75495      297.29201      0.15626578   
   1763000   514.99654      1302.1628      1817.1594      130.52489      291.42671      0.154148     
   1764000   513.0897       1287.3561      1800.4458      104.74221      288.11294      0.15123781   
   1765000   514.81077      1333.7486      1848.5593      85.663988      298.49567      0.14933419   
   1766000   510.45486      1332.5714      1843.0262      92.72176       298.2322       0.14841959   
   1767000   524.37837      1336.8915      1861.2698      55.176876      299.19905      0.14818479   
   1768000   507.37367      1340.6824      1848.0561      70.629385      300.04747      0.14795612   
   1769000   487.58136      1348.4943      1836.0756      57.023439      301.79579      0.14834522   
   1770000   505.08189      1319.0939      1824.1758      70.585761      295.21591      0.1536928    
   1771000   515.94637      1316.0095      1831.9559      142.80338      294.52563      0.15944433   
   1772000   495.5939       1322.6195      1818.2134      158.61199      296.00496      0.16092227   
   1773000   503.64796      1338.5013      1842.1493      160.58429      299.55934      0.15863824   
   1774000   511.3109       1338.9809      1850.2918      145.14639      299.66667      0.15240546   
   1775000   517.03342      1359.9826      1877.016       90.51976       304.36689      0.14880348   
   1776000   503.819        1321.2944      1825.1134      120.26874      295.7084       0.14922765   
   1777000   540.60164      1324.6274      1865.2291      133.61616      296.45434      0.14987747   
   1778000   529.97724      1311.6862      1841.6634      164.50635      293.55806      0.14853513   
   1779000   519.09689      1315.4777      1834.5746      172.20974      294.40661      0.14916665   
   1780000   527.7846       1320.1436      1847.9282      183.57533      295.45085      0.15228781   
   1781000   520.3689       1329.0333      1849.4022      129.14499      297.44038      0.15787481   
   1782000   502.219        1341.9673      1844.1863      101.99626      300.33504      0.16172226   
   1783000   494.66826      1347.1806      1841.8489      74.128687      301.50178      0.1613967    
   1784000   536.12962      1315.426       1851.5556      58.329119      294.39504      0.15505737   
   1785000   526.29295      1296.6113      1822.9043      92.923273      290.18428      0.14907898   
   1786000   537.9251       1278.8756      1816.8007      107.69529      286.21498      0.14702017   
   1787000   516.77959      1327.7103      1844.4899      123.97711      297.14429      0.145422     
   1788000   515.08193      1342.9357      1858.0176      114.58967      300.55176      0.14261421   
   1789000   558.02537      1316.3314      1874.3567      86.809419      294.59766      0.14233702   
   1790000   532.25987      1334.8991      1867.159       75.187471      298.75316      0.14299313   
   1791000   526.43323      1312.4903      1838.9235      81.190953      293.73802      0.14545714   
   1792000   529.22965      1331.4574      1860.6871      121.34495      297.9829       0.15110651   
   1793000   515.92419      1302.9126      1818.8368      144.20078      291.59452      0.15524062   
   1794000   509.40942      1300.8239      1810.2333      147.54827      291.12705      0.15543913   
   1795000   515.02218      1312.4578      1827.4799      147.47585      293.73074      0.15149976   
   1796000   548.07485      1362.2146      1910.2894      141.37964      304.86642      0.14774379   
   1797000   533.09492      1346.0233      1879.1183      140.12527      301.24279      0.14439654   
   1798000   547.51893      1339.218       1886.7369      175.326        299.71973      0.14304971   
   1799000   551.64004      1354.83        1906.4701      153.52573      303.21374      0.14164782   
   1800000   528.96862      1375.4559      1904.4245      161.82802      307.82984      0.14479342   
   1801000   533.27375      1372.3786      1905.6524      166.05835      307.14115      0.15283663   
   1802000   536.10269      1356.9405      1893.0432      175.42239      303.68607      0.15776866   
   1803000   506.64629      1384.5119      1891.1582      224.37486      309.8566       0.15959994   
   1804000   516.43114      1380.7229      1897.154       229.34295      309.00862      0.15955425   
   1805000   537.13293      1374.1112      1911.2442      172.87426      307.52892      0.15571759   
   1806000   536.82211      1351.6197      1888.4418      139.21222      302.49526      0.15108363   
   1807000   525.3524       1331.9141      1857.2665      16.578239      298.08511      0.14735508   
   1808000   549.19332      1331.9842      1881.1776     -16.210216      298.1008       0.14727959   
   1809000   528.19473      1363.0099      1891.2046     -13.118097      305.04442      0.14789366   
   1810000   545.74989      1322.9613      1868.7112      37.808156      296.08145      0.14939013   
   1811000   510.51802      1353.1617      1863.6797      112.93699      302.84037      0.15076179   
   1812000   494.7893       1346.7455      1841.5348      123.56707      301.4044       0.15066107   
   1813000   515.52166      1336.7628      1852.2845      155.81911      299.17026      0.15119148   
   1814000   527.45396      1367.6464      1895.1003      173.97131      306.08206      0.1504443    
   1815000   552.50084      1335.681       1888.1819      158.83128      298.92815      0.14664134   
   1816000   552.11383      1361.2725      1913.3864      128.00757      304.65559      0.14258412   
   1817000   552.53768      1343.1898      1895.7275      89.17637       300.60863      0.14159503   
   1818000   564.37797      1371.9137      1936.2917      94.040916      307.0371       0.14458658   
   1819000   514.22098      1363.7029      1877.9239      66.630806      305.19951      0.14874638   
   1820000   517.28974      1355.375       1872.6647      45.386391      303.3357       0.15438978   
   1821000   542.77095      1317.4896      1860.2606      50.169629      294.85688      0.15920348   
   1822000   548.33136      1327.4091      1875.7404      90.969055      297.07687      0.16168781   
   1823000   504.96899      1337.4975      1842.4665      110.82274      299.33469      0.15854838   
   1824000   509.9855       1327.627       1837.6125      127.5027       297.12565      0.15374761   
   1825000   511.87885      1325.4637      1837.3425      102.30012      296.64149      0.14880879   
   1826000   507.69         1289.8758      1797.5658      85.971342      288.67684      0.14551961   
   1827000   481.41886      1314.5473      1795.9661      103.5307       294.19838      0.14568341   
   1828000   515.21976      1329.0494      1844.2692      89.766493      297.44399      0.14903461   
   1829000   530.99455      1307.8497      1838.8442      32.898733      292.69944      0.1506239    
   1830000   505.80152      1348.5886      1854.3901      44.593996      301.81689      0.1513588    
   1831000   527.0656       1305.7888      1832.8544      41.87565       292.23822      0.15052747   
   1832000   535.05755      1326.9587      1862.0163      43.05698       296.97609      0.14761863   
   1833000   512.54484      1318.5522      1831.097       103.05956      295.09469      0.14719088   
   1834000   541.21295      1282.8189      1824.0319      57.706883      287.09751      0.14847416   
   1835000   526.03636      1293.5821      1819.6184      33.513493      289.50632      0.15073748   
   1836000   520.328        1316.631       1836.959       89.808775      294.66473      0.1536025    
   1837000   511.50929      1345.4079      1856.9172      87.553008      301.10505      0.15343408   
   1838000   534.69138      1326.8248      1861.5162      124.59644      296.94611      0.15091372   
   1839000   568.05967      1366.5248      1934.5844      118.48168      305.83105      0.14761132   
   1840000   540.82283      1348.1641      1888.9869      126.93421      301.72189      0.14718143   
   1841000   562.96066      1336.724       1899.6847      141.00581      299.16158      0.15020275   
   1842000   508.33703      1396.802       1905.139       124.39505      312.60715      0.1530713    
   1843000   522.751        1384.2861      1907.0371      122.4178       309.80607      0.15488681   
   1844000   509.99659      1324.8261      1834.8227      143.57918      296.49879      0.15428728   
   1845000   526.92381      1312.6128      1839.5366      148.52722      293.76544      0.15142502   
   1846000   530.3368       1321.904       1852.2408      177.43118      295.84482      0.14795663   
   1847000   523.36481      1315.0353      1838.4002      187.64498      294.30761      0.14485163   
   1848000   501.58523      1316.2308      1817.816       177.74762      294.57514      0.1442309    
   1849000   511.22062      1282.9863      1794.2069      182.83772      287.13496      0.146133     
   1850000   524.26308      1341.5245      1865.7876      117.65233      300.23593      0.14824905   
   1851000   523.53583      1318.4056      1841.9414      49.294042      295.06187      0.1479583    
   1852000   535.98131      1313.5145      1849.4958     -5.3501208      293.96725      0.14819351   
   1853000   530.19602      1342.3747      1872.5708     -11.965989      300.42622      0.1487536    
   1854000   535.78561      1351.5985      1887.3841      18.51339       302.49052      0.14981725   
   1855000   527.31704      1366.7996      1894.1167      130.08317      305.89256      0.15206831   
   1856000   525.04966      1384.7096      1909.7593      233.05352      309.90086      0.15535334   
   1857000   536.37264      1343.1706      1879.5433      268.72939      300.60434      0.15684469   
   1858000   517.85667      1336.0986      1853.9552      300.06323      299.0216       0.15640947   
   1859000   528.95828      1313.5585      1842.5168      289.24682      293.97709      0.15263622   
   1860000   517.53733      1347.2889      1864.8262      218.80893      301.52601      0.14857206   
   1861000   520.69181      1319.0379      1839.7298      145.6766       295.2034       0.14669103   
   1862000   530.01082      1330.5545      1860.5653      44.579554      297.78083      0.14664945   
   1863000   520.07518      1326.2246      1846.2998     -0.46874426     296.81179      0.14713997   
   1864000   490.81187      1344.1724      1834.9842      88.793211      300.82854      0.15058778   
   1865000   522.14869      1298.5799      1820.7286      142.929        290.62486      0.15600809   
   1866000   502.59126      1249.2871      1751.8783      149.64587      279.59301      0.16056095   
   1867000   496.20767      1317.9797      1814.1873      127.81658      294.96655      0.16288777   
   1868000   493.79609      1332.7303      1826.5264      90.84019       298.26778      0.15943349   
   1869000   500.59444      1347.9857      1848.5802      69.75213       301.68197      0.15249723   
   1870000   527.17577      1322.8899      1850.0657      69.70347       296.06548      0.14799584   
   1871000   512.72624      1286.0912      1798.8175      101.20706      287.82985      0.14672182   
   1872000   498.97957      1315.7968      1814.7764      136.60593      294.47804      0.14797722   
   1873000   493.28807      1343.1718      1836.4599      194.3256       300.6046       0.15029915   
   1874000   524.13617      1323.3547      1847.4909      186.93845      296.1695       0.15241769   
   1875000   516.84827      1330.6156      1847.4638      127.39204      297.7945       0.1528861    
   1876000   518.4063       1271.0806      1789.4869      137.09648      284.47045      0.15362643   
   1877000   502.03632      1336.9964      1839.0327      115.76543      299.22253      0.15572707   
   1878000   545.48534      1332.6536      1878.139       105.24968      298.25062      0.15635509   
   1879000   517.02425      1329.564       1846.5883      116.35108      297.55916      0.15549668   
   1880000   525.6764       1337.5701      1863.2465      91.18747       299.35093      0.15332351   
   1881000   519.91621      1325.0712      1844.9874      72.164378      296.55366      0.14942981   
   1882000   537.03068      1311.7757      1848.8064      100.17275      293.5781       0.14571709   
   1883000   523.84483      1324.7344      1848.5792      157.42658      296.47827      0.14281527   
   1884000   541.10105      1365.4002      1906.5013      199.90608      305.57937      0.14344024   
   1885000   562.89256      1329.192       1892.0845      167.9402       297.47589      0.14889667   
   1886000   511.84387      1351.0282      1862.8721      87.748581      302.36288      0.15663318   
   1887000   524.45903      1345.4821      1869.9411      20.579396      301.12165      0.16018559   
   1888000   511.95511      1326.3609      1838.316      -19.551935      296.84229      0.15799821   
   1889000   538.80684      1334.397       1873.2038     -77.756485      298.64078      0.15278769   
   1890000   536.97146      1337.8696      1874.8411     -7.0105879      299.41797      0.15005121   
   1891000   538.21297      1328.419       1866.632       78.088348      297.3029       0.14764377   
   1892000   539.43559      1313.4703      1852.9059      157.16848      293.95735      0.146399     
   1893000   480.32552      1352.1005      1832.426       181.1155       302.60286      0.14602546   
   1894000   538.18527      1312.5895      1850.7748      160.87784      293.76022      0.14745926   
   1895000   500.69642      1324.5561      1825.2525      191.00919      296.43837      0.15200274   
   1896000   489.46473      1325.3764      1814.8411      217.62345      296.62196      0.15764618   
   1897000   517.26836      1269.8615      1787.1299      206.47064      284.19762      0.16161079   
   1898000   516.22266      1332.0331      1848.2558      127.98152      298.11175      0.16208035   
   1899000   501.0258       1356.9032      1857.929       117.46592      303.67772      0.16032825   
   1900000   520.82917      1318.0894      1838.9186      72.977943      294.99112      0.1545487    
   1901000   537.78671      1333.0796      1870.8664      79.628486      298.34596      0.14961806   
   1902000   542.04273      1339.6662      1881.7089      104.66973      299.82005      0.14679396   
   1903000   536.53485      1357.3038      1893.8386      117.20729      303.76737      0.14542068   
   1904000   526.96445      1337.5319      1864.4964      117.64801      299.34239      0.14509836   
   1905000   512.77577      1311.2912      1824.0669      132.46971      293.46966      0.14521067   
   1906000   519.06155      1344.7732      1863.8347      154.26082      300.963        0.14652185   
   1907000   529.56804      1310.1557      1839.7238      170.21104      293.21554      0.1494758    
   1908000   527.41424      1328.5764      1855.9907      128.52582      297.33813      0.15101528   
   1909000   534.48553      1296.0904      1830.576       104.93557      290.0677       0.14969612   
   1910000   519.23362      1335.5832      1854.8168      146.03345      298.90626      0.14689596   
   1911000   533.88045      1345.9985      1879.8789      133.70975      301.23723      0.14245362   
   1912000   505.5095       1351.1166      1856.6261      148.99721      302.38267      0.14072093   
   1913000   525.75678      1354.7397      1880.4965      145.06921      303.19353      0.14241742   
   1914000   549.22519      1373.3738      1922.599       105.54244      307.36387      0.14589557   
   1915000   530.29568      1356.5102      1886.8058      109.97788      303.58976      0.15048183   
   1916000   508.34479      1366.0745      1874.4193      119.45704      305.73028      0.15384881   
   1917000   528.90945      1371.5073      1900.4168      104.12094      306.94615      0.15400707   
   1918000   522.25572      1387.0955      1909.3512      178.19137      310.43481      0.15187864   
   1919000   519.42445      1359.5736      1878.998       187.9169       304.27535      0.14292904   
   1920000   564.02706      1359.4708      1923.4978      153.58168      304.25234      0.13708309   
   1921000   556.39157      1340.3836      1896.7752      89.209304      299.9806       0.13724376   
   1922000   529.03537      1341.7074      1870.7427      47.110649      300.27686      0.14311328   
   1923000   516.81435      1351.0893      1867.9037      34.548203      302.37657      0.14895048   
   1924000   536.87695      1274.9117      1811.7887      54.661951      285.32786      0.15209802   
   1925000   522.68281      1295.3356      1818.0184      102.0191       289.89876      0.15280205   
   1926000   504.64394      1352.969       1857.613       144.0077       302.79725      0.15332509   
   1927000   536.52607      1352.5299      1889.0559      150.64864      302.69896      0.15310714   
   1928000   528.34229      1332.6737      1861.016       125.65813      298.25512      0.15151418   
   1929000   536.53107      1346.8549      1883.3859      116.21597      301.42888      0.14955739   
   1930000   544.0575       1404.4763      1948.5338      108.68872      314.32469      0.14562236   
   1931000   585.68559      1367.4536      1953.1392      26.474592      306.03891      0.1406734    
   1932000   549.43027      1364.2198      1913.6501     -13.463364      305.31519      0.13895252   
   1933000   542.41875      1365.9169      1908.3357     -10.969095      305.69501      0.14108663   
   1934000   578.58579      1354.1628      1932.7486     -54.432783      303.06441      0.14467367   
   1935000   520.04872      1370.3526      1890.4013      31.105171      306.68773      0.151137     
   1936000   482.07648      1391.9307      1874.0071      157.54402      311.51694      0.15504657   
   1937000   511.59772      1355.0173      1866.615       175.62845      303.25564      0.15564404   
   1938000   531.30077      1336.3744      1867.6752      163.00153      299.08333      0.15337971   
   1939000   521.06365      1348.0401      1869.1038      114.93283      301.69414      0.14928964   
   1940000   531.06499      1313.6613      1844.7263      45.356186      294.00009      0.14610418   
   1941000   555.41202      1309.9167      1865.3287      4.9868259      293.16204      0.14617562   
   1942000   525.50398      1319.6323      1845.1363      20.687422      295.33642      0.14803904   
   1943000   529.23158      1339.2507      1868.4823      46.136624      299.72706      0.15122979   
   1944000   532.10353      1326.5639      1858.6674      69.168784      296.88772      0.15553809   
   1945000   516.2248       1322.4066      1838.6314      115.13194      295.95731      0.15942827   
   1946000   478.30659      1329.2757      1807.5823      131.34091      297.49463      0.15917734   
   1947000   509.29426      1289.6527      1798.947       125.55478      288.62692      0.15488924   
   1948000   522.91532      1323.1654      1846.0808      125.1673       296.12714      0.14939937   
   1949000   531.94731      1319.0457      1850.993       118.10233      295.20514      0.14685022   
   1950000   536.40366      1324.5079      1860.9116      123.78084      296.42759      0.14730487   
   1951000   548.52447      1316.0605      1864.585       104.42144      294.53705      0.15247665   
   1952000   484.20426      1315.3256      1799.5299      140.43695      294.37257      0.15653723   
   1953000   517.74954      1336.7716      1854.5212      121.33888      299.17223      0.15728125   
   1954000   525.21494      1329.871       1855.086       87.53271       297.62787      0.15594796   
   1955000   510.0152       1308.026       1818.0412      82.685403      292.7389       0.15408802   
   1956000   523.76142      1295.1807      1818.9421      94.029096      289.86409      0.15417706   
   1957000   540.58859      1314.8256      1855.4142      103.53417      294.26066      0.15398383   
   1958000   523.23239      1346.9288      1870.1612      136.17129      301.44544      0.15350463   
   1959000   555.02098      1328.2603      1883.2813      153.93164      297.26738      0.15209772   
   1960000   550.8915       1378.5698      1929.4613      146.82811      308.52674      0.15093801   
   1961000   517.60419      1366.7673      1884.3715      89.229599      305.88533      0.14705832   
   1962000   566.60916      1344.081       1910.6902      38.712411      300.80809      0.14053481   
   1963000   581.08795      1353.2252      1934.3132     -3.3034577      302.85459      0.13489696   
   1964000   575.7775       1355.9448      1931.7223      28.575049      303.46322      0.13567713   
   1965000   574.48869      1353.7049      1928.1936      79.697142      302.96193      0.1383562    
   1966000   542.78876      1303.2233      1846.0121      204.94492      291.66405      0.14284343   
   1967000   525.12266      1297.1285      1822.2512      252.63234      290.30003      0.14650193   
   1968000   515.94006      1323.8208      1839.7609      224.41831      296.27382      0.14942992   
   1969000   533.68322      1331.8504      1865.5336      158.09573      298.07084      0.15110622   
   1970000   545.94872      1298.4149      1844.3637      63.110194      290.58793      0.15039194   
   1971000   539.83127      1332.9271      1872.7583     -13.318088      298.31182      0.14805691   
   1972000   527.36901      1321.2558      1848.6248      14.726986      295.69976      0.14370459   
   1973000   561.40403      1321.1646      1882.5687      42.88932       295.67936      0.13941224   
   1974000   533.29815      1328.5921      1861.8903      76.980423      297.34165      0.13857202   
   1975000   550.52207      1324.0614      1874.5835      127.92628      296.32766      0.14115461   
   1976000   540.70339      1351.0209      1891.7242      129.69297      302.36124      0.14695898   
   1977000   539.84247      1381.7491      1921.5915      106.11608      309.23827      0.15287675   
   1978000   544.50238      1376.0609      1920.5632      62.178584      307.96525      0.15530485   
   1979000   549.30304      1337.5628      1886.8658      79.343409      299.34929      0.15555699   
   1980000   517.57587      1337.1607      1854.7366      106.91589      299.25931      0.1535222    
   1981000   522.04336      1329.8282      1851.8716      119.75867      297.61829      0.15040426   
   1982000   507.07488      1305.7349      1812.8098      111.18371      292.22615      0.14723301   
   1983000   522.80698      1331.6894      1854.4964      97.778506      298.03482      0.14606687   
   1984000   531.98137      1337.9663      1869.9477      104.1646       299.4396       0.14550745   
   1985000   520.35091      1358.2338      1878.5847      85.652687      303.9755       0.14504319   
   1986000   541.62338      1329.3804      1871.0038      84.601475      297.51807      0.14489275   
   1987000   532.19369      1350.8028      1882.9965      78.695213      302.31243      0.14478688   
   1988000   547.78053      1384.2089      1931.9895      100.05653      309.7888       0.14674767   
   1989000   565.29261      1334.7649      1900.0575      119.54255      298.72312      0.14776955   
   1990000   539.96397      1339.0151      1878.9791      128.00875      299.67433      0.14951969   
   1991000   549.5749       1350.8026      1900.3775      124.70477      302.3124       0.15005431   
   1992000   538.23517      1376.4267      1914.6619      79.723757      308.04712      0.14964249   
   1993000   520.63193      1339.6036      1860.2355      82.629923      299.80603      0.14838893   
   1994000   533.84418      1358.269       1892.1131      69.785731      303.98338      0.14578699   
   1995000   552.27517      1318.4318      1870.7069      55.621777      295.06773      0.14018645   
   1996000   571.14155      1320.6669      1891.8085      54.25384       295.56796      0.13576416   
   1997000   543.04451      1326.4737      1869.5182      56.194669      296.86753      0.13503975   
   1998000   562.95381      1287.5015      1850.4554      72.795119      288.14549      0.13833799   
   1999000   534.30071      1333.8654      1868.1661      143.96417      298.5218       0.14205638   
   2000000   516.95635      1311.3641      1828.3205      168.62435      293.48599      0.14375403   
Loop time of 11265.4 on 8 procs for 2000000 steps with 1500 atoms

Performance: 7.670 ns/day, 3.129 hours/ns, 177.535 timesteps/s, 266.302 katom-step/s
99.3% CPU use with 8 MPI tasks x 1 OpenMP threads

MPI task timing breakdown:
Section |  min time  |  avg time  |  max time  |%varavg| %total
---------------------------------------------------------------
Pair    | 327.95     | 344.8      | 365.45     |  69.0 |  3.06
Bond    | 21.456     | 22.647     | 23.807     |  16.2 |  0.20
Kspace  | 5214.6     | 5235.5     | 5252.4     |  19.3 | 46.47
Neigh   | 5.8266     | 5.8321     | 5.8418     |   0.2 |  0.05
Comm    | 179.02     | 179.71     | 181.09     |   4.3 |  1.60
Output  | 0.1285     | 1.2476     | 9.0798     | 265.0 |  0.01
Modify  | 4779.3     | 5126.3     | 5451.7     | 334.7 | 45.50
Other   |            | 349.4      |            |       |  3.10

Nlocal:          187.5 ave         218 max         166 min
Histogram: 2 1 1 1 0 0 1 0 0 2
Nghost:        1560.75 ave        1610 max        1499 min
Histogram: 1 0 1 0 1 2 1 0 0 2
Neighs:        12466.2 ave       15853 max       10403 min
Histogram: 2 1 2 0 0 1 0 1 0 1

Total # of neighbors = 99730
Ave neighs/atom = 66.486667
Ave special neighs/atom = 2
Neighbor list builds = 12279
Dangerous builds = 0

write_data      ${NAME}_final.data
write_data      N2_final.data
System init for write_data ...
PPPM initialization ...
  using 12-bit tables for long-range coulomb (src/kspace.cpp:342)
  G vector (1/distance) = 0.26810747
  grid = 50 50 50
  stencil order = 5
  estimated absolute RMS force accuracy = 0.0003849938
  estimated relative force accuracy = 1.1593974e-06
  using single precision FFTW3
  3d grid and FFT values/proc = 32768 16250
Generated 1 of 1 mixed pair_coeff terms from arithmetic mixing rule
Last active /omp style is kspace_style pppm/omp

quit
