# Cycle, ((density(Ib,Tm), Tm=1,N_MolType), Ib=1,N_Box)
       100   0.6517118956E+003   0.2950008798E+002
       200   0.6845908351E+003   0.2788458471E+002
       300   0.6976722058E+003   0.2711190186E+002
       400   0.7302182689E+003   0.2520368676E+002
       500   0.7585785138E+003   0.2505387933E+002
       600   0.7551628807E+003   0.2404561752E+002
       700   0.7603603870E+003   0.2367785525E+002
       800   0.7671483317E+003   0.2364547358E+002
       900   0.7652618122E+003   0.2228332461E+002
      1000   0.7937862927E+003   0.2078920220E+002
      1100   0.7951491640E+003   0.2078380998E+002
      1200   0.7991272700E+003   0.2111089575E+002
      1300   0.8097935732E+003   0.2106935167E+002
      1400   0.8087628883E+003   0.2038857579E+002
      1500   0.8060719561E+003   0.2039869846E+002
      1600   0.7951748347E+003   0.2009698224E+002
      1700   0.8084080221E+003   0.1970394326E+002
      1800   0.8267871151E+003   0.1929607572E+002
      1900   0.8093794766E+003   0.1866936790E+002
      2000   0.8098855502E+003   0.1866760629E+002
      2100   0.8070611851E+003   0.1867747024E+002
      2200   0.8053655365E+003   0.1833894010E+002
      2300   0.7877859676E+003   0.1874697065E+002
      2400   0.8012578450E+003   0.1869798970E+002
      2500   0.8002790662E+003   0.1835671992E+002
      2600   0.7986793363E+003   0.1836236580E+002
      2700   0.7960497093E+003   0.1733487809E+002
      2800   0.8218783583E+003   0.1759482520E+002
      2900   0.8167393097E+003   0.1726664919E+002
      3000   0.8164814194E+003   0.1726747514E+002
      3100   0.8084839529E+003   0.1729339035E+002
      3200   0.8169314870E+003   0.1657559715E+002
      3300   0.7901262061E+003   0.1631455188E+002
      3400   0.7987266422E+003   0.1593969293E+002
      3500   0.7979503090E+003   0.1594213477E+002
      3600   0.7987402745E+003   0.1628664197E+002
      3700   0.8062843923E+003   0.1591620518E+002
      3800   0.8107039274E+003   0.1590270460E+002
      3900   0.7932738596E+003   0.1595696096E+002
      4000   0.8032095363E+003   0.1557865918E+002
      4100   0.8103459511E+003   0.1590379180E+002
      4200   0.8000853255E+003   0.1558821128E+002
      4300   0.7888654114E+003   0.1562323925E+002
      4400   0.7975626662E+003   0.1524830984E+002
      4500   0.8083646080E+003   0.1521603584E+002
      4600   0.7973061909E+003   0.1524908845E+002
      4700   0.8148084706E+003   0.1485027033E+002
      4800   0.8021553533E+003   0.1488675005E+002
      4900   0.7979920631E+003   0.1489904627E+002
      5000   0.7879268579E+003   0.1388179945E+002
      5100   0.8227246600E+003   0.1378670390E+002
      5200   0.8002433524E+003   0.1419579787E+002
      5300   0.8094902697E+003   0.1347324995E+002
      5400   0.8197272827E+003   0.1344662414E+002
      5500   0.8045824073E+003   0.1348629363E+002
      5600   0.8061365791E+003   0.1348214317E+002
      5700   0.8141798347E+003   0.1311242579E+002
      5800   0.8125635535E+003   0.1241838122E+002
      5900   0.8039955232E+003   0.1243950945E+002
      6000   0.7861953237E+003   0.1248511960E+002
      6100   0.7928533687E+003   0.1211700213E+002
      6200   0.7913309511E+003   0.1176964542E+002
      6300   0.8110481856E+003   0.1172250677E+002
      6400   0.7823948503E+003   0.1143981654E+002
      6500   0.8199352522E+003   0.1065211065E+002
      6600   0.7995889598E+003   0.1104731666E+002
      6700   0.8043640349E+003   0.1033365427E+002
      6800   0.8032070586E+003   0.1033610125E+002
      6900   0.8147640072E+003   0.9609234679E+001
      7000   0.7951633822E+003   0.1000082143E+002
      7100   0.8156631427E+003   0.9958998181E+001
      7200   0.8030116587E+003   0.1033651533E+002
      7300   0.8065972547E+003   0.1032895415E+002
      7400   0.8047518451E+003   0.1033283589E+002
      7500   0.7917354338E+003   0.1036081530E+002
      7600   0.8094391387E+003   0.1032301665E+002
      7700   0.8152186706E+003   0.9608361572E+001
      7800   0.8131537027E+003   0.9963986188E+001
      7900   0.7949168677E+003   0.9648484469E+001
      8000   0.7975543695E+003   0.9290144180E+001
      8100   0.8120582243E+003   0.9262424936E+001
      8200   0.8121035547E+003   0.9614366444E+001
      8300   0.8000833843E+003   0.9638048468E+001
      8400   0.8097847128E+003   0.9266693563E+001
      8500   0.8095753045E+003   0.9267088141E+001
      8600   0.8131741224E+003   0.9260339947E+001
      8700   0.8039777669E+003   0.9630285413E+001
      8800   0.8017295769E+003   0.8575678630E+001
      8900   0.8005980236E+003   0.8931127824E+001
      9000   0.8186912192E+003   0.8546007899E+001
      9100   0.8059750859E+003   0.8921168537E+001
      9200   0.7970629401E+003   0.8584100788E+001
      9300   0.7951743054E+003   0.8233432815E+001
      9400   0.7863460770E+003   0.8249150957E+001
      9500   0.7903190956E+003   0.7887253637E+001
      9600   0.7982612527E+003   0.7519291026E+001
      9700   0.8165431207E+003   0.7137193586E+001
      9800   0.7925650990E+003   0.6817657956E+001
      9900   0.8146131200E+003   0.6785976713E+001
     10000   0.8043697313E+003   0.6800443013E+001
     10100   0.8165620009E+003   0.6783272333E+001
     10200   0.8190341714E+003   0.7133590367E+001
     10300   0.8051155006E+003   0.7862476574E+001
     10400   0.7912685921E+003   0.8240336063E+001
     10500   0.8001114277E+003   0.7516336279E+001
     10600   0.8008761426E+003   0.7869466141E+001
     10700   0.8067099208E+003   0.7505927318E+001
     10800   0.8063612469E+003   0.7860438982E+001
     10900   0.7972188926E+003   0.8583817471E+001
     11000   0.7932316897E+003   0.8591101919E+001
     11100   0.8063605655E+003   0.8920460509E+001
     11200   0.7976108127E+003   0.8583106043E+001
     11300   0.7926812839E+003   0.8592114220E+001
     11400   0.8001003549E+003   0.8932057497E+001
     11500   0.8108539220E+003   0.8912265194E+001
     11600   0.8108289350E+003   0.8912310475E+001
     11700   0.8032485724E+003   0.8926199089E+001
     11800   0.8157438200E+003   0.9255563855E+001
     11900   0.8058176044E+003   0.8921458018E+001
     12000   0.8142700607E+003   0.9258298724E+001
     12100   0.8034845422E+003   0.9278669623E+001
     12200   0.8004071834E+003   0.8931484165E+001
     12300   0.8028943928E+003   0.9279802672E+001
     12400   0.7956466228E+003   0.9293878039E+001
     12500   0.8140411412E+003   0.9258724566E+001
     12600   0.8111155003E+003   0.9616282286E+001
     12700   0.8165610964E+003   0.9254052176E+001
     12800   0.8098697842E+003   0.9266533334E+001
     12900   0.7937315380E+003   0.1000383689E+002
     13000   0.7880225248E+003   0.1001598739E+002
     13100   0.8009289198E+003   0.9636355496E+001
     13200   0.7973147181E+003   0.9290612082E+001
     13300   0.7981810913E+003   0.9641872630E+001
     13400   0.7926621775E+003   0.1000609726E+002
     13500   0.7769922487E+003   0.1004005571E+002
     13600   0.7916089263E+003   0.1036109251E+002
     13700   0.8050048660E+003   0.9980433385E+001
     13800   0.7995072086E+003   0.1034398177E+002
     13900   0.8111876420E+003   0.1031938756E+002
     14000   0.7909340679E+003   0.1071506224E+002
     14100   0.7917772465E+003   0.1036072370E+002
     14200   0.7999143912E+003   0.1069500071E+002
     14300   0.7869792242E+003   0.1037130882E+002
     14400   0.7913102950E+003   0.1071421111E+002
     14500   0.7834660046E+003   0.1073215490E+002
     14600   0.7887293067E+003   0.1107238837E+002
     14700   0.8088846434E+003   0.1102647721E+002
     14800   0.7981121275E+003   0.1105067954E+002
     14900   0.8036784202E+003   0.1068674729E+002
     15000   0.8026397186E+003   0.1033730417E+002
     15100   0.7891875128E+003   0.1071902586E+002
     15200   0.7956264432E+003   0.1070451387E+002
     15300   0.8086989673E+003   0.1032455840E+002
     15400   0.8111967957E+003   0.1031936861E+002
     15500   0.8020555111E+003   0.1033854492E+002
     15600   0.8168106810E+003   0.1065864357E+002
     15700   0.7988016790E+003   0.1104910757E+002
     15800   0.8018185416E+003   0.1104226702E+002
     15900   0.7970956778E+003   0.1070124082E+002
     16000   0.7994852937E+003   0.1104755225E+002
     16100   0.8086546825E+003   0.1067597293E+002
     16200   0.8168801269E+003   0.1065849774E+002
     16300   0.8142593597E+003   0.1031305594E+002
     16400   0.8091269225E+003   0.1032366658E+002
     16500   0.8139710465E+003   0.9962357629E+001
     16600   0.8189534410E+003   0.9952511859E+001
     16700   0.8165220712E+003   0.9957299076E+001
     16800   0.7987964669E+003   0.9993226757E+001
     16900   0.8011368765E+003   0.9988376837E+001
     17000   0.8029577405E+003   0.9632310247E+001
     17100   0.8056509527E+003   0.9626976941E+001
     17200   0.8112996894E+003   0.8558760055E+001
     17300   0.8020423760E+003   0.8575118195E+001
     17400   0.8076601281E+003   0.8565139178E+001
     17500   0.8092017442E+003   0.8562428994E+001
     17600   0.8197920037E+003   0.8191683528E+001
     17700   0.8072669973E+003   0.7858962111E+001
     17800   0.8048327690E+003   0.7154481572E+001
     17900   0.8033955006E+003   0.6801841350E+001
     18000   0.8259923974E+003   0.7123659540E+001
     18100   0.8034036581E+003   0.7156631713E+001
     18200   0.8034920437E+003   0.6801702602E+001
     18300   0.8140403266E+003   0.7494594521E+001
     18400   0.8016603177E+003   0.7159266763E+001
     18500   0.8034498953E+003   0.7511044955E+001
     18600   0.7949888995E+003   0.7524556431E+001
     18700   0.8038195467E+003   0.7510462232E+001
     18800   0.7982453890E+003   0.7873847207E+001
     18900   0.7894994878E+003   0.7888657905E+001
     19000   0.7980776575E+003   0.7519585104E+001
     19100   0.8125650603E+003   0.7496856110E+001
     19200   0.7960868509E+003   0.7167781701E+001
     19300   0.8155629974E+003   0.7138618338E+001
     19400   0.8267657984E+003   0.6769355254E+001
     19500   0.8117158860E+003   0.6435488686E+001
     19600   0.8123636065E+003   0.6434625452E+001
     19700   0.8312643025E+003   0.6056601904E+001
     19800   0.8187570698E+003   0.6071827185E+001
     19900   0.8140503337E+003   0.6432385032E+001
     20000   0.8158944810E+003   0.6429947891E+001
     20100   0.8240677185E+003   0.6065296618E+001
     20200   0.8104516581E+003   0.6082241048E+001
     20300   0.8064363475E+003   0.6442585353E+001
     20400   0.7935580930E+003   0.6104212492E+001
     20500   0.7922246643E+003   0.5035313958E+001
     20600   0.7955768996E+003   0.5388564274E+001
     20700   0.8011696223E+003   0.5382032885E+001
     20800   0.8047104437E+003   0.5021659930E+001
     20900   0.8060708382E+003   0.5020202191E+001
     21000   0.7963280143E+003   0.5387680835E+001
     21100   0.7915096223E+003   0.5393382300E+001
     21200   0.7960185922E+003   0.5031111849E+001
     21300   0.8061601928E+003   0.4663601963E+001
     21400   0.8074180406E+003   0.5730641920E+001
     21500   0.7999499435E+003   0.5383448140E+001
     21600   0.8078678875E+003   0.5374349736E+001
     21700   0.8010713152E+003   0.5025588007E+001
     21800   0.8136818682E+003   0.4656189571E+001
     21900   0.8155665227E+003   0.5010185415E+001
     22000   0.8014094008E+003   0.5025221315E+001
     22100   0.8136923932E+003   0.4656179312E+001
     22200   0.8085480459E+003   0.4661231298E+001
     22300   0.8195088846E+003   0.4294696171E+001
     22400   0.8099341129E+003   0.4303316250E+001
     22500   0.8161096211E+003   0.4297729396E+001
     22600   0.8162995507E+003   0.4653647402E+001
     22700   0.8245026900E+003   0.4290293099E+001
     22800   0.8120824114E+003   0.3944655794E+001
     22900   0.8125851635E+003   0.4300905717E+001
     23000   0.8106510351E+003   0.4659156992E+001
     23100   0.7897580568E+003   0.4680341816E+001
     23200   0.8125606946E+003   0.4300927882E+001
     23300   0.8066298100E+003   0.4663134426E+001
     23400   0.8089710775E+003   0.4304196499E+001
     23500   0.8211485752E+003   0.4293243541E+001
     23600   0.8010150704E+003   0.3954040261E+001
     23700   0.7956097592E+003   0.4316667675E+001
     23800   0.7969314814E+003   0.4672921112E+001
     23900   0.7918444165E+003   0.5035737725E+001
     24000   0.8056791255E+003   0.5376843865E+001
     24100   0.8067002968E+003   0.5375678252E+001
     24200   0.7963468453E+003   0.5387658712E+001
     24300   0.8266511711E+003   0.4998832122E+001
     24400   0.8093290974E+003   0.5372693453E+001
     24500   0.8110907244E+003   0.5014872628E+001
     24600   0.8039512343E+003   0.5022475980E+001
     24700   0.8075814796E+003   0.5374675203E+001
     24800   0.8190948977E+003   0.5361801126E+001
     24900   0.7978972486E+003   0.5029048436E+001
     25000   0.8211643160E+003   0.5004407208E+001
     25100   0.8070751568E+003   0.5019129701E+001
     25200   0.8076467566E+003   0.4662124169E+001
     25300   0.8082144306E+003   0.4661561525E+001
     25400   0.7964610643E+003   0.5030624833E+001
     25500   0.8047249381E+003   0.5021644368E+001
     25600   0.8147242659E+003   0.4655174954E+001
     25700   0.8000307130E+003   0.5026718942E+001
     25800   0.8149373447E+003   0.5010840675E+001
     25900   0.8030931544E+003   0.5023400480E+001
     26000   0.7988626432E+003   0.4670950111E+001
     26100   0.8110846750E+003   0.4658730833E+001
     26200   0.8084645125E+003   0.4304660504E+001
     26300   0.8116475665E+003   0.3945018857E+001
     26400   0.7996168965E+003   0.4312876112E+001
     26500   0.8111365263E+003   0.3945446120E+001
     26600   0.8070863860E+003   0.3948854753E+001
     26700   0.7976515305E+003   0.4314730153E+001
     26800   0.8135947677E+003   0.4299992546E+001
     26900   0.8051852021E+003   0.4307680864E+001
     27000   0.8082380128E+003   0.4304868195E+001
     27100   0.8084779636E+003   0.4661300642E+001
     27200   0.8051214095E+003   0.4307739905E+001
     27300   0.8004702288E+003   0.4669317875E+001
     27400   0.8151380820E+003   0.4298601759E+001
     27500   0.8134428360E+003   0.4300129796E+001
     27600   0.8252341901E+003   0.4645112322E+001
     27700   0.8083513379E+003   0.4661425970E+001
     27800   0.8030147144E+003   0.4666750041E+001
     27900   0.8006633641E+003   0.4669122295E+001
     28000   0.8092914597E+003   0.4660496581E+001
     28100   0.8065666360E+003   0.4306405004E+001
     28200   0.8048409351E+003   0.4307999620E+001
     28300   0.8165348640E+003   0.3940964378E+001
     28400   0.8096119326E+003   0.3946724539E+001
     28500   0.8032664211E+003   0.4666497062E+001
     28600   0.8025653902E+003   0.4310114618E+001
     28700   0.8180860336E+003   0.4651923375E+001
     28800   0.7959809733E+003   0.5744702252E+001
     28900   0.8061964652E+003   0.5732121406E+001
     29000   0.8001011530E+003   0.5739582751E+001
     29100   0.8068205582E+003   0.5731364893E+001
     29200   0.8042824576E+003   0.5734450100E+001
     29300   0.7990207067E+003   0.6096988810E+001
     29400   0.8042712768E+003   0.6445527124E+001
     29500   0.8067690977E+003   0.5019456204E+001
     29600   0.7863803319E+003   0.5399541951E+001
     29700   0.8054046976E+003   0.4664355452E+001
     29800   0.7989647910E+003   0.4670846167E+001
     29900   0.7997644563E+003   0.4670033521E+001
     30000   0.8142505580E+003   0.5011557284E+001
     30100   0.8070201504E+003   0.5019188360E+001
     30200   0.8010561883E+003   0.4668724842E+001
     30300   0.8125518532E+003   0.5013335840E+001
     30400   0.8038762021E+003   0.4665884968E+001
     30500   0.7968247624E+003   0.5030224997E+001
     30600   0.7951173139E+003   0.5389105791E+001
     30700   0.8147473165E+003   0.5366612520E+001
     30800   0.8125207071E+003   0.5013368531E+001
     30900   0.8112220482E+003   0.5014734239E+001
     31000   0.8207621679E+003   0.5004819248E+001
     31100   0.8054770347E+003   0.4664283235E+001
     31200   0.8292176772E+003   0.4641376138E+001
     31300   0.8027688501E+003   0.5380184858E+001
     31400   0.8035326237E+003   0.5022926704E+001
     31500   0.8052431243E+003   0.5021088445E+001
     31600   0.8134734629E+003   0.5012369830E+001
     31700   0.8142620539E+003   0.5011545277E+001
     31800   0.8087997371E+003   0.5017295336E+001
     31900   0.8127381633E+003   0.5013140347E+001
     32000   0.8043873700E+003   0.5022006971E+001
     32100   0.8088942357E+003   0.5017195087E+001
     32200   0.8184115076E+003   0.5362553466E+001
     32300   0.7987513262E+003   0.5028114130E+001
     32400   0.7841631070E+003   0.5044401777E+001
     32500   0.7903208021E+003   0.5751837496E+001
     32600   0.8070173513E+003   0.5375317054E+001
     32700   0.7939410641E+003   0.5747260010E+001
     32800   0.8002257536E+003   0.5383127661E+001
     32900   0.7927538566E+003   0.5034724995E+001
     33000   0.7982032973E+003   0.4314208557E+001
     33100   0.7844911804E+003   0.4327427122E+001
     33200   0.8014203082E+003   0.4311184243E+001
     33300   0.7837969099E+003   0.4686630186E+001
     33400   0.7989413696E+003   0.3955832626E+001
     33500   0.8049956050E+003   0.3950630126E+001
     33600   0.8241373592E+003   0.3934769104E+001
     33700   0.8086713204E+003   0.3947516091E+001
     33800   0.8050362526E+003   0.3950595507E+001
     33900   0.8115775956E+003   0.3945077320E+001
     34000   0.8097624753E+003   0.3589406771E+001
     34100   0.8039456627E+003   0.3593902025E+001
     34200   0.8107815901E+003   0.3231194453E+001
     34300   0.8069800864E+003   0.3233832020E+001
     34400   0.8010168978E+003   0.3596194424E+001
     34500   0.8143694596E+003   0.2871248483E+001
     34600   0.8005413542E+003   0.3596568501E+001
     34700   0.8151736909E+003   0.3228183016E+001
     34800   0.8117948577E+003   0.3230496316E+001
     34900   0.8161351640E+003   0.3584568089E+001
     35000   0.8028550824E+003   0.3594753347E+001
     35100   0.8069790279E+003   0.3591548340E+001
     35200   0.8165922627E+003   0.3227218484E+001
     35300   0.8101583813E+003   0.3589103565E+001
     35400   0.7957517553E+003   0.3600365472E+001
     35500   0.7958786973E+003   0.3958499879E+001
     35600   0.7769222084E+003   0.3615828829E+001
     35700   0.8019843780E+003   0.3953206191E+001
     35800   0.7899932439E+003   0.3245983368E+001
     35900   0.7945179097E+003   0.3601352334E+001
     36000   0.8151327988E+003   0.2870784038E+001
     36100   0.8138467664E+003   0.2871567100E+001
     36200   0.8076789408E+003   0.2517063063E+001
     36300   0.8158226587E+003   0.2512674594E+001
     36400   0.8006757886E+003   0.2520920918E+001
     36500   0.7816422559E+003   0.2171135024E+001
     36600   0.7944845896E+003   0.1804780029E+001
     36700   0.8092533882E+003   0.2516206538E+001
     36800   0.7959327282E+003   0.2523579171E+001
     36900   0.7832851563E+003   0.3610505278E+001
     37000   0.8092952101E+003   0.3589765075E+001
     37100   0.7926505489E+003   0.3244042021E+001
     37200   0.8024922210E+003   0.3236983601E+001
     37300   0.7983686541E+003   0.2881224585E+001
     37400   0.8036509683E+003   0.3236165916E+001
     37500   0.8001687317E+003   0.2880078851E+001
     37600   0.8056400697E+003   0.2876633322E+001
     37700   0.8008490528E+003   0.2520824513E+001
     37800   0.8033871985E+003   0.2878045368E+001
     37900   0.8139305435E+003   0.2871516000E+001
     38000   0.8011670408E+003   0.3237922139E+001
     38100   0.8030349210E+003   0.3952304889E+001
     38200   0.7878781498E+003   0.3965582733E+001
     38300   0.7973706743E+003   0.3240631177E+001
     38400   0.8005340180E+003   0.3596574276E+001
     38500   0.8061970984E+003   0.3592153076E+001
     38600   0.8072451501E+003   0.3233647167E+001
     38700   0.8150312996E+003   0.3228280050E+001
     38800   0.8088841404E+003   0.3947336808E+001
     38900   0.8176188442E+003   0.3583454229E+001
     39000   0.8057094201E+003   0.3592530938E+001
     39100   0.8008836218E+003   0.3238123341E+001
     39200   0.8016318034E+003   0.3595711494E+001
     39300   0.8052854430E+003   0.3592859880E+001
     39400   0.8066502053E+003   0.3591802480E+001
     39500   0.8168342839E+003   0.3584042640E+001
     39600   0.8196733412E+003   0.3581919626E+001
     39700   0.8191605852E+003   0.3225482153E+001
     39800   0.8021977084E+003   0.3237191870E+001
     39900   0.8172648797E+003   0.3226762522E+001
     40000   0.8053423321E+003   0.3950334957E+001
     40100   0.8098399708E+003   0.3946532963E+001
     40200   0.7851589591E+003   0.3968028763E+001
     40300   0.8008681243E+003   0.3954166912E+001
     40400   0.8070099384E+003   0.3591524463E+001
     40500   0.7943833280E+003   0.3601460194E+001
     40600   0.8079120976E+003   0.3233182674E+001
     40700   0.7964516016E+003   0.2882451477E+001
     40800   0.8112623060E+003   0.2515119323E+001
     40900   0.7932933945E+003   0.2525074613E+001
     41000   0.8057120612E+003   0.1800278007E+001
     41100   0.8143014905E+003   0.2513486495E+001
     41200   0.7952195252E+003   0.2883243669E+001
     41300   0.7917197352E+003   0.3244720299E+001
     41400   0.7989289495E+003   0.3239515548E+001
     41500   0.8208748837E+003   0.3581026301E+001
     41600   0.8055645801E+003   0.2876680487E+001
     41700   0.8050833007E+003   0.2876981428E+001
     41800   0.8036304869E+003   0.3236180345E+001
     41900   0.8065186685E+003   0.3234154149E+001
     42000   0.8138073627E+003   0.3229115754E+001
     42100   0.7979148756E+003   0.2881514371E+001
     42200   0.7927089899E+003   0.2525407324E+001
     42300   0.7944853938E+003   0.2883717072E+001
     42400   0.8030039843E+003   0.2878286484E+001
     42500   0.8007117441E+003   0.2520900908E+001
     42600   0.8079978559E+003   0.2516889251E+001
     42700   0.8090795105E+003   0.1798956355E+001
     42800   0.8055089051E+003   0.2159464484E+001
     42900   0.7949362178E+003   0.2164532499E+001
     43000   0.7938001605E+003   0.3243206892E+001
     43100   0.7864103186E+003   0.3607927807E+001
     43200   0.7817820183E+003   0.3611753650E+001
     43300   0.8033033732E+003   0.3236410910E+001
     43400   0.7942281789E+003   0.3242896688E+001
     43500   0.8063990175E+003   0.3591996782E+001
     43600   0.8040331631E+003   0.3593833839E+001
     43700   0.7985517867E+003   0.3598139235E+001
     43800   0.7911557829E+003   0.3245132162E+001
     43900   0.7986535352E+003   0.3239712356E+001
     44000   0.7900099933E+003   0.3245971084E+001
     44100   0.7980307429E+003   0.3240157983E+001
     44200   0.8052865342E+003   0.3592859033E+001
     44300   0.7985384593E+003   0.3598149788E+001
     44400   0.8091282342E+003   0.2874465238E+001
     44500   0.8179965402E+003   0.2869050677E+001
     44600   0.8019583698E+003   0.2878945758E+001
     44700   0.8112307926E+003   0.2873168953E+001
     44800   0.7922554937E+003   0.3244329666E+001
     44900   0.8017755383E+003   0.3237490728E+001
     45000   0.7974363763E+003   0.3599023868E+001
     45100   0.8080302045E+003   0.3590737536E+001
     45200   0.8057617816E+003   0.3592490342E+001
     45300   0.8025240657E+003   0.3952742826E+001
     45400   0.8010366105E+003   0.3954021700E+001
     45500   0.7995644207E+003   0.3597338627E+001
     45600   0.8063328825E+003   0.3234283974E+001
     45700   0.7985552247E+003   0.3239782645E+001
     45800   0.8035169006E+003   0.3236260381E+001
     45900   0.8072844950E+003   0.3233619741E+001
     46000   0.8164560994E+003   0.3227310896E+001
     46100   0.8043099057E+003   0.3235702163E+001
     46200   0.8074084248E+003   0.3233533372E+001
     46300   0.8055643182E+003   0.3234821783E+001
     46400   0.8119287282E+003   0.3587751979E+001
     46500   0.8016577491E+003   0.2879135677E+001
     46600   0.8085363696E+003   0.3232748718E+001
     46700   0.8151774187E+003   0.3228180477E+001
     46800   0.7999992631E+003   0.3238752231E+001
     46900   0.8057057238E+003   0.2876592311E+001
     47000   0.8155535018E+003   0.2870528501E+001
     47100   0.7980813950E+003   0.3240121709E+001
     47200   0.8100016597E+003   0.3231733218E+001
     47300   0.7944797986E+003   0.3242714511E+001
     47400   0.8041088662E+003   0.2877592031E+001
     47500   0.8047247955E+003   0.3235410625E+001
     47600   0.7967094426E+003   0.3957774007E+001
     47700   0.7797648108E+003   0.3972940617E+001
     47800   0.8012154315E+003   0.3237887803E+001
     47900   0.7879578168E+003   0.3965511369E+001
     48000   0.7930953180E+003   0.3602494646E+001
     48100   0.7810086577E+003   0.3971800882E+001
     48200   0.7931325320E+003   0.3960912098E+001
     48300   0.8180265871E+003   0.4651980602E+001
     48400   0.8053667797E+003   0.3950314156E+001
     48500   0.8026823480E+003   0.3952607066E+001
     48600   0.8094560226E+003   0.3589641708E+001
     48700   0.8039310504E+003   0.3951538250E+001
     48800   0.8080488267E+003   0.3948041125E+001
     48900   0.7908659083E+003   0.4679185438E+001
     49000   0.7928662765E+003   0.4677107070E+001
     49100   0.7767700744E+003   0.4694188982E+001
     49200   0.8004212027E+003   0.3954552445E+001
     49300   0.7941992113E+003   0.3959972801E+001
     49400   0.8040103563E+003   0.3593851610E+001
     49500   0.8007967319E+003   0.3954228464E+001
     49600   0.8045249471E+003   0.3951031275E+001
     49700   0.8014682998E+003   0.3953649971E+001
     49800   0.7976461974E+003   0.4314735199E+001
     49900   0.7969832052E+003   0.3957535195E+001
     50000   0.8008670656E+003   0.3954167825E+001
     50100   0.8024979518E+003   0.4310177513E+001
     50200   0.7977611044E+003   0.4672073001E+001
     50300   0.7984675980E+003   0.4313959009E+001
     50400   0.8066026204E+003   0.4306371838E+001
     50500   0.8063899218E+003   0.4306567927E+001
     50600   0.8055187089E+003   0.4664241637E+001
     50700   0.8086474826E+003   0.4304492828E+001
     50800   0.8201861692E+003   0.4649907886E+001
     50900   0.8183290440E+003   0.4651689541E+001
     51000   0.8067115785E+003   0.5019517597E+001
     51100   0.8173106770E+003   0.5363768456E+001
     51200   0.8066859408E+003   0.5019544965E+001
     51300   0.8040540806E+003   0.5378705921E+001
     51400   0.8077512380E+003   0.4662020544E+001
     51500   0.8143077352E+003   0.4655580019E+001
     51600   0.8070978958E+003   0.4662669049E+001
     51700   0.8136049169E+003   0.4299983380E+001
     51800   0.7963852694E+003   0.5030708213E+001
     51900   0.7899208341E+003   0.5395280190E+001
     52000   0.7861849189E+003   0.5042101977E+001
     52100   0.8086105068E+003   0.4304526706E+001
     52200   0.7915975469E+003   0.5036013105E+001
     52300   0.8108120615E+003   0.5371019653E+001
     52400   0.8038327501E+003   0.5734999126E+001
     52500   0.7993624838E+003   0.6096540694E+001
     52600   0.7810100661E+003   0.6835101357E+001
     52700   0.8050186100E+003   0.6444509599E+001
     52800   0.8016122816E+003   0.6093602079E+001
     52900   0.8052748574E+003   0.6088859244E+001
     53000   0.8172101522E+003   0.6073748083E+001
     53100   0.8281911457E+003   0.6060293274E+001
     53200   0.8207111219E+003   0.5714874591E+001
     53300   0.8065288605E+003   0.5731718312E+001
     53400   0.8231938512E+003   0.5711995584E+001
     53500   0.8161807027E+003   0.5365019596E+001
     53600   0.8018376866E+003   0.5737443499E+001
     53700   0.8124112039E+003   0.6079761615E+001
     53800   0.7772796296E+003   0.5768743268E+001
     53900   0.8006690537E+003   0.6450462897E+001
     54000   0.8091852213E+003   0.6083850954E+001
     54100   0.8163646370E+003   0.5719964089E+001
     54200   0.8029357886E+003   0.5379992446E+001
     54300   0.7994066992E+003   0.5384080124E+001
     54400   0.8047610537E+003   0.5377894754E+001
     54500   0.8073000537E+003   0.5374995271E+001
     54600   0.7965153345E+003   0.5744034779E+001
     54700   0.8096584160E+003   0.5727942107E+001
     54800   0.7984031949E+003   0.5741685031E+001
     54900   0.8104002340E+003   0.6082306305E+001
     55000   0.8101251717E+003   0.6082655518E+001
     55100   0.8041045816E+003   0.6090369188E+001
     55200   0.8091204200E+003   0.6083933489E+001
     55300   0.8188254144E+003   0.5717074905E+001
     55400   0.8120345511E+003   0.6435063792E+001
     55500   0.7994581288E+003   0.6452133809E+001
     55600   0.8052174624E+003   0.5733310899E+001
     55700   0.8168159114E+003   0.5719432728E+001
     55800   0.8100651513E+003   0.5727453835E+001
     55900   0.8137592236E+003   0.5723045349E+001
     56000   0.8129360193E+003   0.5724023701E+001
     56100   0.8056762252E+003   0.5732753078E+001
     56200   0.8057601119E+003   0.6088234651E+001
     56300   0.8209998831E+003   0.6069057149E+001
     56400   0.8106339360E+003   0.5726771990E+001
     56500   0.7991374913E+003   0.5384393681E+001
     56600   0.7903990860E+003   0.5394707950E+001
     56700   0.8075299261E+003   0.5018645091E+001
     56800   0.8009782746E+003   0.5738500858E+001
     56900   0.7910489778E+003   0.5393931642E+001
     57000   0.7987630910E+003   0.5741238561E+001
     57100   0.8076493835E+003   0.5730362323E+001
     57200   0.8245339231E+003   0.5710450021E+001
     57300   0.8126445324E+003   0.5368961239E+001
     57400   0.7932060631E+003   0.5391365672E+001
     57500   0.8177879973E+003   0.5363241167E+001
     57600   0.8037421328E+003   0.5379064376E+001
     57700   0.8313952113E+003   0.4639351439E+001
     57800   0.8283081830E+003   0.4642225475E+001
     57900   0.8125103590E+003   0.4657333497E+001
     58000   0.7993485886E+003   0.5027462156E+001
     58100   0.8119196046E+003   0.5369774251E+001
     58200   0.8070041011E+003   0.4306002039E+001
     58300   0.8146222432E+003   0.4299065931E+001
     58400   0.7930640980E+003   0.4676902205E+001
     58500   0.7833945295E+003   0.4687058716E+001
     58600   0.7991867254E+003   0.5384336317E+001
     58700   0.7967633200E+003   0.5387169736E+001
     58800   0.7912255499E+003   0.6107332687E+001
     58900   0.7895812429E+003   0.6465987215E+001
     59000   0.7911080785E+003   0.6107490397E+001
     59100   0.7996983987E+003   0.5740080463E+001
     59200   0.7918591874E+003   0.5749886345E+001
     59300   0.8063069192E+003   0.5731987416E+001
     59400   0.7902588390E+003   0.6465023828E+001
     59500   0.7949243814E+003   0.6814169457E+001
     59600   0.8063726000E+003   0.6087447547E+001
     59700   0.8057020028E+003   0.6443581065E+001
     59800   0.8034558230E+003   0.6446639925E+001
     59900   0.7812346227E+003   0.7191169404E+001
     60000   0.7962825713E+003   0.7167480322E+001
     60100   0.7770747452E+003   0.7197908408E+001
     60200   0.8029006850E+003   0.6802553091E+001
     60300   0.8019911369E+003   0.7158765701E+001
     60400   0.8000527392E+003   0.7161708517E+001
     60500   0.7961319825E+003   0.7877391259E+001
     60600   0.8086324829E+003   0.7502931834E+001
     60700   0.8217862691E+003   0.7129639137E+001
     60800   0.8148315815E+003   0.7139684163E+001
     60900   0.8100263356E+003   0.7146742288E+001
     61000   0.8122240634E+003   0.7850947396E+001
     61100   0.8035895853E+003   0.7864982476E+001
     61200   0.7915584994E+003   0.7530130907E+001
     61300   0.7967437151E+003   0.7166770917E+001
     61400   0.8091907138E+003   0.7147979672E+001
     61500   0.8169609261E+003   0.7136587456E+001
     61600   0.7983105094E+003   0.6453722849E+001
     61700   0.8006730072E+003   0.6805770127E+001
     61800   0.7874460779E+003   0.6825311458E+001
     61900   0.7859343267E+003   0.6114491339E+001
     62000   0.8068642722E+003   0.6086816713E+001
     62100   0.8090969937E+003   0.5372956075E+001
     62200   0.8218212873E+003   0.5003735091E+001
     62300   0.8066843971E+003   0.5019546613E+001
     62400   0.7974964951E+003   0.5742811937E+001
     62500   0.7914326144E+003   0.5393474084E+001
     62600   0.8063200126E+003   0.5376111922E+001
     62700   0.8130049275E+003   0.5012860618E+001
     62800   0.8074942100E+003   0.5374774427E+001
     62900   0.8148075875E+003   0.5010975959E+001
     63000   0.8064756973E+003   0.4663287786E+001
     63100   0.8056384515E+003   0.4307261688E+001
     63200   0.7887819047E+003   0.4681363894E+001
     63300   0.7956792352E+003   0.5031485800E+001
     63400   0.8043546717E+003   0.5734362005E+001
     63500   0.8184665159E+003   0.5007180426E+001
     63600   0.8006454992E+003   0.5382640432E+001
     63700   0.8150241155E+003   0.5010750237E+001
     63800   0.8102961994E+003   0.5015711018E+001
     63900   0.8075106949E+003   0.4662259163E+001
     64000   0.8197740542E+003   0.5361054897E+001
     64100   0.8099713930E+003   0.5371967623E+001
     64200   0.8126721728E+003   0.5013209578E+001
     64300   0.8039131069E+003   0.5022517010E+001
     64400   0.7974556965E+003   0.5386358156E+001
     64500   0.8006936292E+003   0.5025998081E+001
     64600   0.7963723114E+003   0.5030722470E+001
     64700   0.8117006813E+003   0.4301707904E+001
     64800   0.8125833457E+003   0.4657262116E+001
     64900   0.8098506628E+003   0.4303392430E+001
     65000   0.8013672273E+003   0.4311233914E+001
     65100   0.7917419623E+003   0.4320370216E+001
     65200   0.7950608393E+003   0.5032168200E+001
     65300   0.8066610273E+003   0.5019571562E+001
     65400   0.8221645064E+003   0.5003384458E+001
     65500   0.8264628837E+003   0.4999022006E+001
     65600   0.8119555147E+003   0.5369733938E+001
     65700   0.8167765386E+003   0.5008928557E+001
     65800   0.8077157994E+003   0.5018447205E+001
     65900   0.8241208064E+003   0.5001392409E+001
     66000   0.8078786345E+003   0.5374337529E+001
     66100   0.8278241488E+003   0.4997651467E+001
     66200   0.8123525321E+003   0.5013545101E+001
     66300   0.8068804671E+003   0.5375472956E+001
     66400   0.8183701700E+003   0.5362599022E+001
     66500   0.7984708455E+003   0.5028420699E+001
     66600   0.7889552245E+003   0.5038973279E+001
     66700   0.8182244099E+003   0.5007430345E+001
     66800   0.8100710403E+003   0.5015948958E+001
     66900   0.7981265541E+003   0.5028797360E+001
     67000   0.8128574087E+003   0.5368722819E+001
     67100   0.8166938061E+003   0.5719576435E+001
     67200   0.7966375704E+003   0.5743882241E+001
     67300   0.7819692916E+003   0.6119930448E+001
     67400   0.8159589953E+003   0.5720442305E+001
     67500   0.8084826035E+003   0.6084746673E+001
     67600   0.8184316832E+003   0.5362531234E+001
     67700   0.8239520835E+003   0.5356495831E+001
     67800   0.8084282726E+003   0.5017689673E+001
     67900   0.8052758872E+003   0.5377305094E+001
     68000   0.8327450327E+003   0.4992740610E+001
     68100   0.8030696830E+003   0.5023425801E+001
     68200   0.8148870524E+003   0.5010893103E+001
     68300   0.8213279028E+003   0.4648817224E+001
     68400   0.8136115193E+003   0.5012225343E+001
     68500   0.8130734810E+003   0.4656783152E+001
     68600   0.8063692960E+003   0.5019883148E+001
     68700   0.8054411049E+003   0.5377116051E+001
     68800   0.8019978008E+003   0.5381074785E+001
     68900   0.8102135452E+003   0.5015798346E+001
     69000   0.8084318710E+003   0.4661346257E+001
     69100   0.8051440309E+003   0.4664615811E+001
     69200   0.7897364745E+003   0.4680364382E+001
     69300   0.8034644982E+003   0.4666298114E+001
     69400   0.8039197816E+003   0.5022509827E+001
     69500   0.7987313629E+003   0.5384867183E+001
     69600   0.8060659888E+003   0.5732279740E+001
     69700   0.7932544045E+003   0.5391308355E+001
     69800   0.7883726767E+003   0.5397138195E+001
     69900   0.8003567373E+003   0.5382975554E+001
     70000   0.8033151688E+003   0.5379555522E+001
     70100   0.8007133194E+003   0.5382561765E+001
     70200   0.8032743634E+003   0.5735681834E+001
     70300   0.7897414353E+003   0.5395495055E+001
     70400   0.8086909242E+003   0.5373415962E+001
     70500   0.8081085238E+003   0.5018029450E+001
     70600   0.8123013559E+003   0.4301162895E+001
     70700   0.8164203098E+003   0.4297450936E+001
     70800   0.8136884710E+003   0.4299907927E+001
     70900   0.8156623698E+003   0.4298130689E+001
     71000   0.8120020026E+003   0.4301434389E+001
     71100   0.8061817841E+003   0.4306759929E+001
     71200   0.8128643745E+003   0.4656987410E+001
     71300   0.8044722556E+003   0.5378225914E+001
     71400   0.8132674049E+003   0.5368264037E+001
     71500   0.8090719212E+003   0.5372984455E+001
     71600   0.8022376408E+003   0.5736952329E+001
     71700   0.7970233350E+003   0.6099616642E+001
     71800   0.8078749535E+003   0.6085522793E+001
     71900   0.8122441581E+003   0.6079972435E+001
     72000   0.8040289489E+003   0.6090466950E+001
     72100   0.8086103004E+003   0.5729202982E+001
     72200   0.8023899367E+003   0.6092590818E+001
     72300   0.8038894265E+003   0.6090647352E+001
     72400   0.8040633396E+003   0.6090422495E+001
     72500   0.8051439174E+003   0.5733400393E+001
     72600   0.8214405876E+003   0.5359229885E+001
     72700   0.8224445433E+003   0.5358134625E+001
     72800   0.8068883768E+003   0.5731282767E+001
     72900   0.7983428166E+003   0.5741759980E+001
     73000   0.8159084982E+003   0.5720501876E+001
     73100   0.8002421164E+003   0.5739408691E+001
     73200   0.8052468393E+003   0.6088895334E+001
     73300   0.8135638738E+003   0.5723277306E+001
     73400   0.7833582919E+003   0.5760780866E+001
     73500   0.8059570872E+003   0.5376526244E+001
     73600   0.7911296687E+003   0.5750810491E+001
     73700   0.7943156966E+003   0.5032992123E+001
     73800   0.8026199929E+003   0.5736483312E+001
     73900   0.8205130877E+003   0.5360244517E+001
     74000   0.8222610403E+003   0.5358334583E+001
     74100   0.8164838974E+003   0.6074652848E+001
     74200   0.8134716895E+003   0.6078425592E+001
     74300   0.8230903556E+003   0.6066491114E+001
     74400   0.7999019952E+003   0.5383503880E+001
     74500   0.7983866481E+003   0.5385269528E+001
     74600   0.7948144399E+003   0.6458596807E+001
     74700   0.7988286527E+003   0.6453004745E+001
     74800   0.7960030634E+003   0.6456934087E+001
     74900   0.8002447021E+003   0.6095386061E+001
     75000   0.8016242524E+003   0.6093586495E+001
     75100   0.8034452746E+003   0.6446654337E+001
     75200   0.8166110117E+003   0.6074494354E+001
     75300   0.8053639638E+003   0.5733132684E+001
     75400   0.8005631579E+003   0.5739012540E+001
     75500   0.7843306733E+003   0.5759520618E+001
     75600   0.8071571074E+003   0.5375157945E+001
     75700   0.8053741667E+003   0.5733120275E+001
     75800   0.7929016532E+003   0.5391726790E+001
     75900   0.8031540083E+003   0.5735829131E+001
     76000   0.7987379406E+003   0.5384859510E+001
     76100   0.7848056011E+003   0.5758906427E+001
     76200   0.7907205842E+003   0.4679336910E+001
     76300   0.8054546650E+003   0.4664305566E+001
     76400   0.8111925132E+003   0.4658624938E+001
     76500   0.8025872191E+003   0.4310094262E+001
     76600   0.8164978424E+003   0.3940994877E+001
     76700   0.7991727208E+003   0.3597648030E+001
     76800   0.7987528219E+003   0.3955996136E+001
     76900   0.8105736599E+003   0.3588785896E+001
     77000   0.7925059919E+003   0.4319635461E+001
     77100   0.7874329406E+003   0.4324545571E+001
     77200   0.7829301132E+003   0.4687553959E+001
     77300   0.7942422492E+003   0.4317971911E+001
     77400   0.7903772362E+003   0.3604690678E+001
     77500   0.7833889351E+003   0.4328513377E+001
     77600   0.7922102715E+003   0.4319919653E+001
     77700   0.8040593714E+003   0.3951428635E+001
     77800   0.7858627123E+003   0.3967393793E+001
     77900   0.7811920443E+003   0.3971633208E+001
     78000   0.8021867307E+003   0.3595276415E+001
     78100   0.8024336696E+003   0.3595083036E+001
     78200   0.7932250078E+003   0.3602390308E+001
     78300   0.7946701007E+003   0.4317563289E+001
     78400   0.7908316561E+003   0.3962948361E+001
     78500   0.7971474811E+003   0.3957391983E+001
     78600   0.7967392413E+003   0.3241084706E+001
     78700   0.7885625764E+003   0.3606166735E+001
     78800   0.8220619858E+003   0.3580146713E+001
     78900   0.7976186473E+003   0.3240453301E+001
     79000   0.7948268148E+003   0.3601104925E+001
     79100   0.7917605656E+003   0.3603570820E+001
     79200   0.8030328209E+003   0.3236601774E+001
     79300   0.8050299684E+003   0.4307824555E+001
     79400   0.7961086609E+003   0.3958298768E+001
     79500   0.7950405614E+003   0.3959234015E+001
     79600   0.7900119787E+003   0.4322040095E+001
     79700   0.8036549079E+003   0.3951774276E+001
     79800   0.7983287350E+003   0.3598315905E+001
     79900   0.8067325107E+003   0.3234004806E+001
     80000   0.8064745404E+003   0.3591938348E+001
     80100   0.8131781849E+003   0.3586802224E+001
     80200   0.7991289191E+003   0.3597682651E+001
     80300   0.7947220772E+003   0.3959513458E+001
     80400   0.8135428688E+003   0.3943439749E+001
     80500   0.7936334394E+003   0.4318554252E+001
     80600   0.8044631642E+003   0.4308349767E+001
     80700   0.7981344714E+003   0.4671691989E+001
     80800   0.7933747529E+003   0.3960698542E+001
     80900   0.7858847956E+003   0.4684414910E+001
     81000   0.7934448377E+003   0.3602213542E+001
     81100   0.7862420117E+003   0.3967052121E+001
     81200   0.7955961118E+003   0.3241907918E+001
     81300   0.7864000323E+003   0.3248633071E+001
     81400   0.8126900476E+003   0.3587172866E+001
     81500   0.8236899212E+003   0.3578945308E+001
     81600   0.8009556636E+003   0.4311619294E+001
     81700   0.7976917255E+003   0.4672143847E+001
     81800   0.7984327616E+003   0.5028462345E+001
     81900   0.8071829256E+003   0.4305837465E+001
     82000   0.8053838488E+003   0.4307497082E+001
     82100   0.7999106074E+003   0.3597065472E+001
     82200   0.8003560907E+003   0.3596714376E+001
     82300   0.7909643790E+003   0.3962830523E+001
     82400   0.7938368654E+003   0.3601898597E+001
     82500   0.7924435521E+003   0.3244192696E+001
     82600   0.7867035934E+003   0.3248408115E+001
     82700   0.7860495100E+003   0.2889231823E+001
     82800   0.8149780902E+003   0.2870878086E+001
     82900   0.8036189636E+003   0.2160358911E+001
     83000   0.7876126805E+003   0.2528333427E+001
     83100   0.8062218108E+003   0.3234361623E+001
     83200   0.8071381407E+003   0.2517358173E+001
     83300   0.8037295434E+003   0.2877830195E+001
     83400   0.8110819055E+003   0.2156855532E+001
     83500   0.8112566414E+003   0.2156774411E+001
     83600   0.8180233134E+003   0.2511506291E+001
     83700   0.8140491585E+003   0.2513621518E+001
     83800   0.8096173934E+003   0.2874162952E+001
     83900   0.8040394721E+003   0.2877635582E+001
     84000   0.8283368327E+003   0.2862908588E+001
     84100   0.8071810646E+003   0.2875672796E+001
     84200   0.8146493875E+003   0.3228540504E+001
     84300   0.8117698148E+003   0.3230513546E+001
     84400   0.7970187429E+003   0.2882087789E+001
     84500   0.8050644280E+003   0.2876993237E+001
     84600   0.7941334366E+003   0.2883944397E+001
     84700   0.7923008084E+003   0.3244296654E+001
     84800   0.7943397972E+003   0.2883811082E+001
     84900   0.8006415931E+003   0.2879778884E+001
     85000   0.7935140109E+003   0.2524949163E+001
     85100   0.8093159070E+003   0.2516172608E+001
     85200   0.8083344045E+003   0.2874956715E+001
     85300   0.8221576041E+003   0.2866557273E+001
     85400   0.8056771956E+003   0.2876610130E+001
     85500   0.8121915067E+003   0.3230223583E+001
     85600   0.8102139654E+003   0.2873794869E+001
     85700   0.7903687048E+003   0.3245708135E+001
     85800   0.8023392840E+003   0.3237091730E+001
     85900   0.8099106103E+003   0.3589293281E+001
     86000   0.8242594230E+003   0.4290506145E+001
     86100   0.8001123858E+003   0.3954819138E+001
     86200   0.8103506981E+003   0.3588956404E+001
     86300   0.8002877160E+003   0.3596768234E+001
     86400   0.7979317617E+003   0.3240228883E+001
     86500   0.7979453239E+003   0.3598619860E+001
     86600   0.7807440446E+003   0.3612619011E+001
     86700   0.8017556146E+003   0.3237504841E+001
     86800   0.8119275638E+003   0.2872741112E+001
     86900   0.8119300080E+003   0.2514759364E+001
     87000   0.8002520439E+003   0.2880025970E+001
     87100   0.8094289202E+003   0.3589662495E+001
     87200   0.8070043250E+003   0.3233815111E+001
     87300   0.7970934707E+003   0.3957439060E+001
     87400   0.7921221504E+003   0.4320004387E+001
     87500   0.7895038627E+003   0.3964129811E+001
     87600   0.8110315636E+003   0.4302316127E+001
     87700   0.8123115702E+003   0.3944464647E+001
     87800   0.8111074149E+003   0.4302247119E+001
     87900   0.7991618272E+003   0.3955641558E+001
     88000   0.8168911736E+003   0.4297029388E+001
     88100   0.7960011139E+003   0.3958392804E+001
     88200   0.8277292159E+003   0.3931888335E+001
     88300   0.8177920070E+003   0.3939930629E+001
     88400   0.8091226722E+003   0.3589897502E+001
     88500   0.8284135342E+003   0.3575490542E+001
     88600   0.8192974752E+003   0.3582199705E+001
     88700   0.8136260236E+003   0.3229239823E+001
     88800   0.8126937446E+003   0.3587170057E+001
     88900   0.8083740512E+003   0.3590472854E+001
     89000   0.8000986656E+003   0.3238681462E+001
     89100   0.8087223013E+003   0.3232619621E+001
     89200   0.7863329575E+003   0.3966970255E+001
     89300   0.8171525306E+003   0.3583803799E+001
     89400   0.8083987946E+003   0.3590453818E+001
     89500   0.8107102855E+003   0.3588681467E+001
     89600   0.8032138388E+003   0.3594472997E+001
     89700   0.8096259971E+003   0.3946712719E+001
     89800   0.8243645049E+003   0.3578449096E+001
     89900   0.8157817917E+003   0.3584834080E+001
     90000   0.8136817267E+003   0.3943324396E+001
     90100   0.8254541968E+003   0.3221280740E+001
     90200   0.8041494936E+003   0.3235814977E+001
     90300   0.8155610691E+003   0.3585000360E+001
     90400   0.8037107304E+003   0.3951726547E+001
     90500   0.8077252125E+003   0.3590972531E+001
     90600   0.8124309330E+003   0.3230059107E+001
     90700   0.8056781038E+003   0.3592555221E+001
     90800   0.8029901622E+003   0.3594647754E+001
     90900   0.8178806074E+003   0.2869120573E+001
     91000   0.7978929937E+003   0.3598661372E+001
     91100   0.8046827355E+003   0.3235440164E+001
     91200   0.8071945869E+003   0.3233682419E+001
     91300   0.8098307191E+003   0.3231851464E+001
     91400   0.8193521411E+003   0.3225353162E+001
     91500   0.8150178020E+003   0.2870853941E+001
     91600   0.8109779085E+003   0.3231059031E+001
     91700   0.7953962449E+003   0.3242052137E+001
     91800   0.8038116061E+003   0.3236052778E+001
     91900   0.7998525849E+003   0.2880279637E+001
     92000   0.7968138204E+003   0.2882219128E+001
     92100   0.8038635290E+003   0.3593966045E+001
     92200   0.8104535924E+003   0.3231420881E+001
     92300   0.7986428986E+003   0.3598067103E+001
     92400   0.7933855548E+003   0.3960689022E+001
     92500   0.7874258568E+003   0.4324552479E+001
     92600   0.7846382587E+003   0.3609386337E+001
     92700   0.7927448258E+003   0.3243973427E+001
     92800   0.7880538776E+003   0.2167917820E+001
     92900   0.8062402985E+003   0.2517849145E+001
     93000   0.7865386960E+003   0.2528955777E+001
     93100   0.7885658455E+003   0.2167663589E+001
     93200   0.7879545094E+003   0.2528135764E+001
     93300   0.7939529371E+003   0.2165011923E+001
     93400   0.8048187242E+003   0.2159790544E+001
     93500   0.7930776181E+003   0.1805354804E+001
     93600   0.8152349013E+003   0.2154938563E+001
     93700   0.7974989050E+003   0.2163289540E+001
     93800   0.8089102803E+003   0.2157867136E+001
     93900   0.8122311746E+003   0.2156322740E+001
     94000   0.8032952395E+003   0.1801234599E+001
     94100   0.8241898252E+003   0.2150882093E+001
     94200   0.8171597203E+003   0.2154057844E+001
     94300   0.8154784353E+003   0.2512858007E+001
     94400   0.8258379467E+003   0.2150146738E+001
     94500   0.8220168856E+003   0.2151856891E+001
     94600   0.8114479463E+003   0.2156685646E+001
     94700   0.8087580101E+003   0.2157938307E+001
     94800   0.8038393533E+003   0.2160254355E+001
     94900   0.8022708520E+003   0.2160999943E+001
     95000   0.7995144034E+003   0.2162318571E+001
     95100   0.8123594176E+003   0.2514528236E+001
     95200   0.8108262225E+003   0.1798275889E+001
     95300   0.8115701436E+003   0.2514953281E+001
     95400   0.7969290014E+003   0.2523017717E+001
     95500   0.8140266202E+003   0.2871457413E+001
     95600   0.8168779570E+003   0.3940681883E+001
     95700   0.8245521349E+003   0.3578311247E+001
     95800   0.8016869485E+003   0.3953461871E+001
     95900   0.7939676853E+003   0.3601793581E+001
     96000   0.8134721992E+003   0.3943498474E+001
     96100   0.7946235924E+003   0.3959599924E+001
     96200   0.8067659911E+003   0.4306221307E+001
     96300   0.8045982528E+003   0.3950968759E+001
     96400   0.8103123386E+003   0.3946136527E+001
     96500   0.8035854024E+003   0.4309164833E+001
     96600   0.7989448683E+003   0.3239504178E+001
     96700   0.7908630709E+003   0.3604296850E+001
     96800   0.7996324953E+003   0.2880419526E+001
     96900   0.8042426313E+003   0.3235749469E+001
     97000   0.7932259810E+003   0.3602389525E+001
     97100   0.7920178288E+003   0.3244502875E+001
     97200   0.8063066156E+003   0.3592068293E+001
     97300   0.7988045577E+003   0.2880946579E+001
     97400   0.8053496892E+003   0.2876814805E+001
     97500   0.8134553617E+003   0.2513939647E+001
     97600   0.8118240032E+003   0.2156511299E+001
     97700   0.8111122459E+003   0.2873241830E+001
     97800   0.8191700222E+003   0.2510900431E+001
     97900   0.8171534036E+003   0.2154060727E+001
     98000   0.8188981733E+003   0.2511043882E+001
     98100   0.8074232876E+003   0.3591205367E+001
     98200   0.8202337552E+003   0.3224760401E+001
     98300   0.8056922877E+003   0.3234732152E+001
     98400   0.8040627097E+003   0.2877620997E+001
     98500   0.8041285820E+003   0.3593759501E+001
     98600   0.7980542688E+003   0.3956602718E+001
     98700   0.8036732243E+003   0.4309083190E+001
     98800   0.8123714826E+003   0.3944414693E+001
     98900   0.7991366935E+003   0.3955663335E+001
     99000   0.7916259329E+003   0.4320481946E+001
     99100   0.7941681868E+003   0.4318042697E+001
     99200   0.7880191111E+003   0.5040027602E+001
     99300   0.7994447091E+003   0.4313038118E+001
     99400   0.8199299196E+003   0.4294322521E+001
     99500   0.7995132573E+003   0.4312973613E+001
     99600   0.8139820474E+003   0.4299642961E+001
     99700   0.8156610704E+003   0.4654265704E+001
     99800   0.8063135663E+003   0.5019942700E+001
     99900   0.7989201670E+003   0.5384646988E+001
    100000   0.8076799072E+003   0.5374563322E+001
    100100   0.8153656799E+003   0.5010394455E+001
    100200   0.8084628636E+003   0.5373674484E+001
    100300   0.7935580163E+003   0.5033831773E+001
    100400   0.7992366284E+003   0.4670569703E+001
    100500   0.7974271219E+003   0.5386391617E+001
    100600   0.8027609424E+003   0.5380193975E+001
    100700   0.8117422409E+003   0.5369973424E+001
    100800   0.8090910613E+003   0.5372962790E+001
    100900   0.8012541739E+003   0.5738161121E+001
    101000   0.8142092518E+003   0.5722511482E+001
    101100   0.8123961248E+003   0.5724666607E+001
    101200   0.8090359470E+003   0.5728690472E+001
    101300   0.8172981103E+003   0.5718865711E+001
    101400   0.8140282092E+003   0.5722726169E+001
    101500   0.8081141176E+003   0.6440318371E+001
    101600   0.8006419922E+003   0.6450500174E+001
    101700   0.8043783845E+003   0.5734333081E+001
    101800   0.7986533548E+003   0.5741374644E+001
    101900   0.8053131693E+003   0.5733194465E+001
    102000   0.7817589014E+003   0.5405173228E+001
    102100   0.8088735774E+003   0.5373209034E+001
    102200   0.8152299460E+003   0.5010535797E+001
    102300   0.7952654580E+003   0.5745597654E+001
    102400   0.8030412882E+003   0.5379870896E+001
    102500   0.7981828858E+003   0.5028735706E+001
    102600   0.8096033459E+003   0.4660188813E+001
    102700   0.7839146789E+003   0.5044685326E+001
    102800   0.7895507885E+003   0.4680558588E+001
    102900   0.7920074096E+003   0.4320114751E+001
    103000   0.7770883847E+003   0.4334792344E+001
    103100   0.8050791616E+003   0.3950558967E+001
    103200   0.7936655620E+003   0.3960442351E+001
    103300   0.7922024602E+003   0.3961733530E+001
    103400   0.7957134891E+003   0.4316568959E+001
    103500   0.8011511310E+003   0.4311436204E+001
    103600   0.8003715574E+003   0.3954595302E+001
    103700   0.8079660319E+003   0.4305117770E+001
    103800   0.7931072474E+003   0.4676857535E+001
    103900   0.8045036241E+003   0.5021882055E+001
    104000   0.8077544510E+003   0.4662017358E+001
    104100   0.8060396791E+003   0.4663722045E+001
    104200   0.8067866201E+003   0.5375579877E+001
    104300   0.8042484423E+003   0.5378482748E+001
    104400   0.8143292974E+003   0.5011475054E+001
    104500   0.8034898171E+003   0.4666272692E+001
    104600   0.8073710603E+003   0.4305664415E+001
    104700   0.8093754742E+003   0.4660413648E+001
    104800   0.8033003606E+003   0.4666462965E+001
    104900   0.8185370317E+003   0.4651489535E+001
    105000   0.8252579197E+003   0.4645089941E+001
    105100   0.8030821443E+003   0.5023412358E+001
    105200   0.7951879808E+003   0.5032027798E+001
    105300   0.7986639621E+003   0.4671152374E+001
    105400   0.8079849168E+003   0.4661788894E+001
    105500   0.8034500584E+003   0.5023015669E+001
    105600   0.8009150808E+003   0.5382327825E+001
    105700   0.8153591765E+003   0.5010401226E+001
    105800   0.8050586707E+003   0.5021286236E+001
    105900   0.7960310686E+003   0.5031098108E+001
    106000   0.7858847541E+003   0.5042442532E+001
    106100   0.7892002969E+003   0.5396143869E+001
    106200   0.7971415870E+003   0.5029877041E+001
    106300   0.8083575212E+003   0.4661419849E+001
    106400   0.8175302055E+003   0.5008147912E+001
    106500   0.8140842560E+003   0.5011731020E+001
    106600   0.8195951141E+003   0.4650473898E+001
    106700   0.8121751525E+003   0.4657661522E+001
    106800   0.8081047674E+003   0.5018033444E+001
    106900   0.8145252639E+003   0.5011270480E+001
    107000   0.7928287897E+003   0.4677145905E+001
    107100   0.8113075360E+003   0.4658512024E+001
    107200   0.8112598088E+003   0.4302108522E+001
    107300   0.8119563566E+003   0.4657875801E+001
    107400   0.7891257276E+003   0.4681003556E+001
    107500   0.7914335991E+003   0.4320667237E+001
    107600   0.7996088952E+003   0.3955254470E+001
    107700   0.8153590549E+003   0.3941934624E+001
    107800   0.7742981353E+003   0.4337611595E+001
    107900   0.7904131466E+003   0.3963320240E+001
    108000   0.7996136924E+003   0.3597299733E+001
    108100   0.8074427078E+003   0.3591190385E+001
    108200   0.7947092636E+003   0.3242548493E+001
    108300   0.8077151414E+003   0.3590980294E+001
    108400   0.7979079441E+003   0.3598649512E+001
    108500   0.8051557178E+003   0.3592960609E+001
    108600   0.8066154911E+003   0.3234086519E+001
    108700   0.7961124721E+003   0.3600077641E+001
    108800   0.8046591245E+003   0.3593346553E+001
    108900   0.7872745361E+003   0.3966123991E+001
    109000   0.7944500165E+003   0.4317773417E+001
    109100   0.7943984995E+003   0.4675523422E+001
    109200   0.8008706283E+003   0.4668912531E+001
    109300   0.7961179783E+003   0.5387927676E+001
    109400   0.8117405137E+003   0.5369975364E+001
    109500   0.8173380562E+003   0.5008346780E+001
    109600   0.8135581775E+003   0.5012281162E+001
    109700   0.8102412306E+003   0.4659560217E+001
    109800   0.8005289008E+003   0.4669258448E+001
    109900   0.7989068239E+003   0.5027944278E+001
    110000   0.8004867089E+003   0.4669301182E+001
    110100   0.7877515058E+003   0.5755116134E+001
    110200   0.8066808388E+003   0.5731534139E+001
    110300   0.8093600118E+003   0.5372658487E+001
    110400   0.7967628784E+003   0.5743725926E+001
    110500   0.8012348182E+003   0.5738184947E+001
    110600   0.8230990768E+003   0.5357422244E+001
    110700   0.8196060892E+003   0.5361239315E+001
    110800   0.8246925926E+003   0.5355693410E+001
    110900   0.8350852468E+003   0.5698482384E+001
    111000   0.8129849565E+003   0.5368580036E+001
    111100   0.8146006010E+003   0.5722047786E+001
    111200   0.8164775697E+003   0.5364690505E+001
    111300   0.8169062599E+003   0.5364215774E+001
    111400   0.8224938203E+003   0.5358080946E+001
    111500   0.8061279522E+003   0.5376331127E+001
    111600   0.8240583675E+003   0.5356380558E+001
    111700   0.8159085844E+003   0.5365321499E+001
    111800   0.8183687587E+003   0.5717609528E+001
    111900   0.8126054258E+003   0.5724417253E+001
    112000   0.7867097911E+003   0.5756452623E+001
    112100   0.7941141986E+003   0.5747042325E+001
    112200   0.8165094931E+003   0.5719793451E+001
    112300   0.7902412028E+003   0.5751938696E+001
    112400   0.7912733331E+003   0.6107268552E+001
    112500   0.8093305854E+003   0.6438681565E+001
    112600   0.7926442300E+003   0.6105432380E+001
    112700   0.8073364497E+003   0.6086211738E+001
    112800   0.8092833612E+003   0.6083725987E+001
    112900   0.7916413637E+003   0.6463064196E+001
    113000   0.8080366162E+003   0.6085316176E+001
    113100   0.8071244213E+003   0.6086483296E+001
    113200   0.8036422067E+003   0.5735231967E+001
    113300   0.7820388235E+003   0.5046833229E+001
    113400   0.7880005974E+003   0.4323992448E+001
    113500   0.7955295991E+003   0.3958805438E+001
    113600   0.8037636473E+003   0.4308999150E+001
    113700   0.7997237470E+003   0.3955155109E+001
    113800   0.8060348125E+003   0.3949746339E+001
    113900   0.7851908481E+003   0.3967999962E+001
    114000   0.7946128786E+003   0.3242618214E+001
    114100   0.7993092959E+003   0.3955513818E+001
    114200   0.7845566242E+003   0.3609453716E+001
    114300   0.8015696229E+003   0.3953562789E+001
    114400   0.8148731165E+003   0.3228387892E+001
    114500   0.8074136502E+003   0.3948577835E+001
    114600   0.7979577298E+003   0.3598610020E+001
    114700   0.8085724206E+003   0.3947599443E+001
    114800   0.8018602079E+003   0.3953312904E+001
    114900   0.8003887877E+003   0.3954580427E+001
    115000   0.7922842128E+003   0.3961661236E+001
    115100   0.8043365892E+003   0.4665423556E+001
    115200   0.7932549822E+003   0.4318916785E+001
    115300   0.8176169883E+003   0.3940074324E+001
    115400   0.8066675263E+003   0.3949209560E+001
    115500   0.8117937295E+003   0.3944896771E+001
    115600   0.8142075429E+003   0.4299439593E+001
    115700   0.8305768558E+003   0.4640110904E+001
    115800   0.8103909560E+003   0.4659412840E+001
    115900   0.8060093307E+003   0.4306919101E+001
    116000   0.7885169085E+003   0.4323490170E+001
    116100   0.8056163834E+003   0.4307282084E+001
    116200   0.8169316783E+003   0.4296993152E+001
    116300   0.8057642938E+003   0.4307145404E+001
    116400   0.8005960807E+003   0.4669190418E+001
    116500   0.8001701071E+003   0.4312356166E+001
    116600   0.7935556398E+003   0.4318628745E+001
    116700   0.8089355278E+003   0.3947293535E+001
    116800   0.8002521563E+003   0.4312279122E+001
    116900   0.8089334186E+003   0.3947295311E+001
    117000   0.8189486910E+003   0.3938982767E+001
    117100   0.8127418035E+003   0.3944106119E+001
    117200   0.8039858983E+003   0.4665774971E+001
    117300   0.7920286418E+003   0.5035532356E+001
    117400   0.8124980183E+003   0.4657345568E+001
    117500   0.8070504962E+003   0.4305959333E+001
    117600   0.7957146000E+003   0.4674168870E+001
    117700   0.7941006933E+003   0.5390306263E+001
    117800   0.8049154959E+003   0.5377717772E+001
    117900   0.8091248566E+003   0.5372924539E+001
    118000   0.7873514400E+003   0.5755628915E+001
    118100   0.7864958672E+003   0.5041749509E+001
    118200   0.7808616261E+003   0.5764033573E+001
    118300   0.7816622940E+003   0.5762987783E+001
    118400   0.7956471344E+003   0.5745119786E+001
    118500   0.7924730431E+003   0.5749110268E+001
    118600   0.7958203488E+003   0.5388277722E+001
    118700   0.7968512958E+003   0.5387066522E+001
    118800   0.8092515177E+003   0.5372781214E+001
    118900   0.8035361563E+003   0.5379301239E+001
    119000   0.8065505582E+003   0.5375848955E+001
    119100   0.8107775357E+003   0.5371058541E+001
    119200   0.8047699997E+003   0.5021595992E+001
    119300   0.8010151382E+003   0.5025648973E+001
    119400   0.7935532602E+003   0.5033837050E+001
    119500   0.8117448046E+003   0.5014183878E+001
    119600   0.8073514133E+003   0.4662417263E+001
    119700   0.8010420567E+003   0.4311538358E+001
    119800   0.8056820513E+003   0.3950046042E+001
    119900   0.7820685416E+003   0.3970833087E+001
    120000   0.7951740662E+003   0.4317082636E+001
    120100   0.8020393811E+003   0.3953158933E+001
    120200   0.7844267057E+003   0.3968690874E+001
    120300   0.8029680997E+003   0.4309739296E+001
    120400   0.8054637609E+003   0.4664296486E+001
    120500   0.8155996960E+003   0.4298186964E+001
    120600   0.8024962422E+003   0.4310179108E+001
    120700   0.8065850704E+003   0.4663178940E+001
    120800   0.7862242668E+003   0.5042057357E+001
    120900   0.7887819666E+003   0.4681363829E+001
    121000   0.8020922590E+003   0.4310556137E+001
    121100   0.8143788470E+003   0.4299285187E+001
    121200   0.8039904337E+003   0.3951487518E+001
    121300   0.8175412099E+003   0.3226575454E+001
    121400   0.8226471099E+003   0.3223145368E+001
    121500   0.8075615695E+003   0.3948452758E+001
    121600   0.7987231336E+003   0.4313717920E+001
    121700   0.8112731870E+003   0.3945331801E+001
    121800   0.8083384455E+003   0.3590500250E+001
    121900   0.8007609660E+003   0.3596395683E+001
    122000   0.7853122847E+003   0.4326620264E+001
    122100   0.7956766552E+003   0.4316604009E+001
    122200   0.7886114175E+003   0.4323398314E+001
    122300   0.8049201293E+003   0.3950694418E+001
    122400   0.8014552709E+003   0.3595850048E+001
    122500   0.8090031994E+003   0.3589989239E+001
    122600   0.7934489066E+003   0.3602210271E+001
    122700   0.8047173592E+003   0.3235415848E+001
    122800   0.8010326829E+003   0.2879531105E+001
    122900   0.7885133717E+003   0.3606206869E+001
    123000   0.8024142586E+003   0.3595098231E+001
    123100   0.8022613795E+003   0.2878754498E+001
    123200   0.8052654483E+003   0.2876867482E+001
    123300   0.8119115189E+003   0.3230416069E+001
    123400   0.8063021722E+003   0.3234305441E+001
    123500   0.8044331113E+003   0.3593522393E+001
    123600   0.8235229407E+003   0.3222561995E+001
    123700   0.8153961071E+003   0.3228031529E+001
    123800   0.8104226379E+003   0.3231442261E+001
    123900   0.8095402440E+003   0.2874210600E+001
    124000   0.8178170004E+003   0.3226388899E+001
    124100   0.8034316937E+003   0.3951965202E+001
    124200   0.7945886944E+003   0.4317640996E+001
    124300   0.8047737751E+003   0.4664985970E+001
    124400   0.8078682600E+003   0.5018284971E+001
    124500   0.8083349466E+003   0.5017788812E+001
    124600   0.8097377749E+003   0.5016301425E+001
    124700   0.8109658003E+003   0.4302375968E+001
    124800   0.8134521140E+003   0.3943515167E+001
    124900   0.7998661508E+003   0.3955031959E+001
    125000   0.8038280484E+003   0.3593993706E+001
    125100   0.8005910453E+003   0.3238331218E+001
    125200   0.8149703576E+003   0.3585445887E+001
    125300   0.8112364975E+003   0.3588279645E+001
    125400   0.8070294753E+003   0.2875767093E+001
    125500   0.8074730749E+003   0.3233488329E+001
    125600   0.8018600334E+003   0.3595532469E+001
    125700   0.8070688471E+003   0.3233770104E+001
    125800   0.7959642317E+003   0.2882764498E+001
    125900   0.8141823131E+003   0.2871362507E+001
    126000   0.8098632825E+003   0.3231828934E+001
    126100   0.8000218956E+003   0.3596977720E+001
    126200   0.8133641188E+003   0.3229419128E+001
    126300   0.7897690372E+003   0.3246147871E+001
    126400   0.8051226401E+003   0.2876956813E+001
    126500   0.8074148342E+003   0.3233528906E+001
    126600   0.7928807753E+003   0.2884755403E+001
    126700   0.7973133653E+003   0.3240672305E+001
    126800   0.7855800086E+003   0.3608610245E+001
    126900   0.7987795875E+003   0.3597958923E+001
    127000   0.7960210083E+003   0.3958375407E+001
    127100   0.7829337891E+003   0.3970045308E+001
    127200   0.8052790435E+003   0.3235021714E+001
    127300   0.7853510006E+003   0.3249412041E+001
    127400   0.7953334744E+003   0.2523917681E+001
    127500   0.8212342052E+003   0.2867108040E+001
    127600   0.8010011814E+003   0.2879551052E+001
    127700   0.8057558253E+003   0.2876561020E+001
    127800   0.8012318147E+003   0.3596025535E+001
    127900   0.7871133988E+003   0.3607351267E+001
    128000   0.8073679388E+003   0.3591248073E+001
    128100   0.8056091617E+003   0.3950108007E+001
    128200   0.7908022180E+003   0.3604346148E+001
    128300   0.7939416953E+003   0.3960199292E+001
    128400   0.7763283313E+003   0.3616330957E+001
    128500   0.7960208182E+003   0.3600150746E+001
    128600   0.8100549735E+003   0.3946352454E+001
    128700   0.8007686497E+003   0.3596389638E+001
    128800   0.8071894917E+003   0.3948767481E+001
    128900   0.8076088059E+003   0.3948412828E+001
    129000   0.8038532840E+003   0.3951604699E+001
    129100   0.7994813460E+003   0.3955364855E+001
    129200   0.8073803447E+003   0.4305655877E+001
    129300   0.8141699302E+003   0.3942919196E+001
    129400   0.8158458995E+003   0.3584785805E+001
    129500   0.8014854782E+003   0.3237696278E+001
    129600   0.8260826744E+003   0.4288912963E+001
    129700   0.8051113750E+003   0.4664648442E+001
    129800   0.7926891448E+003   0.5034796966E+001
    129900   0.7983006827E+003   0.4671522509E+001
    130000   0.8017154981E+003   0.4668058789E+001
    130100   0.7908320976E+003   0.5036868240E+001
    130200   0.8162923552E+003   0.5009430961E+001
    130300   0.8198195180E+003   0.5361004995E+001
    130400   0.8127906836E+003   0.5368797535E+001
    130500   0.8154835406E+003   0.5365793536E+001
    130600   0.7982067861E+003   0.5385479621E+001
    130700   0.8109634721E+003   0.5370849161E+001
    130800   0.7964896599E+003   0.5744066825E+001
    130900   0.7862507655E+003   0.5757042860E+001
    131000   0.7919271080E+003   0.5749800406E+001
    131100   0.7877465517E+003   0.5397892072E+001
    131200   0.8021766039E+003   0.5737027250E+001
    131300   0.8007643008E+003   0.5738764529E+001
    131400   0.8054978921E+003   0.5732969829E+001
    131500   0.7905690456E+003   0.5751522043E+001
    131600   0.8040348888E+003   0.5378727965E+001
    131700   0.8055573497E+003   0.4307336652E+001
    131800   0.8038090233E+003   0.5022629039E+001
    131900   0.8078877660E+003   0.3948177124E+001
    132000   0.8011989619E+003   0.3953881844E+001
    132100   0.8031918553E+003   0.3952170486E+001
    132200   0.8164407909E+003   0.3584338255E+001
    132300   0.8126041405E+003   0.3229940191E+001
    132400   0.8302028214E+003   0.3929921355E+001
    132500   0.8155509940E+003   0.5010201574E+001
    132600   0.8225768548E+003   0.5002963654E+001
    132700   0.7866379246E+003   0.5041588592E+001
    132800   0.7973074958E+003   0.5029694959E+001
    132900   0.8042011881E+003   0.4665559194E+001
    133000   0.8080264007E+003   0.3948060058E+001
    133100   0.8082829304E+003   0.4304826996E+001
    133200   0.8122038674E+003   0.4301251285E+001
    133300   0.8045623349E+003   0.4308257810E+001
    133400   0.7974527335E+003   0.4314918288E+001
    133500   0.8052216989E+003   0.3592909371E+001
    133600   0.8098869170E+003   0.3946493539E+001
    133700   0.7914189418E+003   0.4678609604E+001
    133800   0.8153946383E+003   0.4654524050E+001
    133900   0.8080716654E+003   0.4305020815E+001
    134000   0.8133688415E+003   0.4656494850E+001
    134100   0.8150182105E+003   0.4298709563E+001
    134200   0.8180076881E+003   0.4296032080E+001
    134300   0.8162776934E+003   0.4297578727E+001
    134400   0.8142948744E+003   0.4299360867E+001
    134500   0.8079539704E+003   0.4661819563E+001
    134600   0.8163017959E+003   0.4297557127E+001
    134700   0.8277577760E+003   0.4287456459E+001
    134800   0.8083963223E+003   0.4661381441E+001
    134900   0.8244400143E+003   0.4645862235E+001
    135000   0.8249465714E+003   0.4289904740E+001
    135100   0.8160820428E+003   0.4653857908E+001
    135200   0.8178125075E+003   0.4652186768E+001
    135300   0.8087894354E+003   0.5017306266E+001
    135400   0.8257376507E+003   0.4289213819E+001
    135500   0.8158341965E+003   0.4654097937E+001
    135600   0.8016151303E+003   0.4311002006E+001
    135700   0.7968468355E+003   0.5030200744E+001
    135800   0.7987560487E+003   0.4671058613E+001
    135900   0.8003588077E+003   0.4312179005E+001
    136000   0.8069676570E+003   0.4306035590E+001
    136100   0.8089075586E+003   0.4304254644E+001
    136200   0.8160550836E+003   0.4297778302E+001
    136300   0.7950368866E+003   0.4674865725E+001
    136400   0.8151839477E+003   0.3942079398E+001
    136500   0.7998323014E+003   0.4312673559E+001
    136600   0.8176824845E+003   0.3940020541E+001
    136700   0.7804138051E+003   0.4331463414E+001
    136800   0.7955761636E+003   0.4316699653E+001
    136900   0.8025560244E+003   0.4667211528E+001
    137000   0.7996363014E+003   0.4670163628E+001
    137100   0.7993499939E+003   0.4313127268E+001
    137200   0.7910208363E+003   0.4321065244E+001
    137300   0.8250238008E+003   0.4289837220E+001
    137400   0.8032336938E+003   0.4309492007E+001
    137500   0.8092172092E+003   0.4303971292E+001
    137600   0.8061012185E+003   0.4306834280E+001
    137700   0.8028266823E+003   0.4309871046E+001
    137800   0.7941890026E+003   0.4318022801E+001
    137900   0.7969686631E+003   0.3599395678E+001
    138000   0.7925084807E+003   0.3602967271E+001
    138100   0.7933774545E+003   0.2884433479E+001
    138200   0.7998245156E+003   0.2521395282E+001
    138300   0.8199955544E+003   0.2152769114E+001
    138400   0.8029335161E+003   0.2519668549E+001
    138500   0.7933100036E+003   0.3243562615E+001
    138600   0.7925666170E+003   0.3602920412E+001
    138700   0.8052648918E+003   0.2876867831E+001
    138800   0.7973899137E+003   0.2522758527E+001
    138900   0.8017417338E+003   0.2520328601E+001
    139000   0.8052733911E+003   0.3592869237E+001
    139100   0.7921129483E+003   0.3244433538E+001
    139200   0.8103650012E+003   0.2873701781E+001
    139300   0.8045628134E+003   0.3235524406E+001
    139400   0.8039775280E+003   0.3593877191E+001
    139500   0.7981186093E+003   0.3598482443E+001
    139600   0.8136102099E+003   0.3586474622E+001
    139700   0.8046740077E+003   0.3950904169E+001
    139800   0.7913008664E+003   0.3603942452E+001
    139900   0.8207465069E+003   0.3937515725E+001
    140000   0.8057025712E+003   0.3950028600E+001
    140100   0.8227606500E+003   0.4291821973E+001
    140200   0.8039936922E+003   0.5022430296E+001
    140300   0.7971012998E+003   0.5743304053E+001
    140400   0.8016698830E+003   0.5024939039E+001
    140500   0.7871924010E+003   0.5040961160E+001
    140600   0.7963680397E+003   0.4673498294E+001
    140700   0.8014634461E+003   0.5025162730E+001
    140800   0.8050023112E+003   0.5021346691E+001
    140900   0.8046991005E+003   0.4665060673E+001
    141000   0.7985537298E+003   0.5385074462E+001
    141100   0.8100391997E+003   0.5015982618E+001
    141200   0.7981386341E+003   0.5385559257E+001
    141300   0.8051880032E+003   0.5377405689E+001
    141400   0.7914054422E+003   0.5036227536E+001
    141500   0.7949523864E+003   0.5032288007E+001
    141600   0.7989878098E+003   0.5027855847E+001
    141700   0.8059516563E+003   0.5020329671E+001
    141800   0.8049010464E+003   0.5377734327E+001
    141900   0.8005679796E+003   0.5382730370E+001
    142000   0.8149730893E+003   0.5010803417E+001
    142100   0.8221003419E+003   0.4292403462E+001
    142200   0.8039598325E+003   0.4665801105E+001
    142300   0.8062906814E+003   0.5019967158E+001
    142400   0.8199322753E+003   0.5005671046E+001
    142500   0.7949299364E+003   0.5032312812E+001
    142600   0.8089997872E+003   0.5017083144E+001
    142700   0.8148293976E+003   0.5010953216E+001
    142800   0.8047109031E+003   0.5021659437E+001
    142900   0.8052151527E+003   0.5021118433E+001
    143000   0.8023066926E+003   0.5024249856E+001
    143100   0.8082404181E+003   0.5373926807E+001
    143200   0.7971263299E+003   0.5029893789E+001
    143300   0.8078184638E+003   0.4661953886E+001
    143400   0.8006246870E+003   0.4669161453E+001
    143500   0.8312579482E+003   0.5348651996E+001
    143600   0.8206114105E+003   0.5004973835E+001
    143700   0.8123231276E+003   0.5013575982E+001
    143800   0.8020097416E+003   0.5024571069E+001
    143900   0.8025366209E+003   0.5024001332E+001
    144000   0.8074401150E+003   0.5374835945E+001
    144100   0.7923958340E+003   0.5392327559E+001
    144200   0.8099176153E+003   0.5016111181E+001
    144300   0.7933674270E+003   0.5034043278E+001
    144400   0.8120460387E+003   0.3944686145E+001
    144500   0.8102350704E+003   0.3946201337E+001
    144600   0.8102657661E+003   0.4303013675E+001
    144700   0.8107689164E+003   0.4302555192E+001
    144800   0.7994136236E+003   0.3597457699E+001
    144900   0.7932345700E+003   0.3602382616E+001
    145000   0.8006655261E+003   0.3954341619E+001
    145100   0.7981472513E+003   0.3956521906E+001
    145200   0.7880206742E+003   0.3965455075E+001
    145300   0.8091439888E+003   0.3589881138E+001
    145400   0.8171689623E+003   0.3583791474E+001
    145500   0.8029974409E+003   0.3952336997E+001
    145600   0.8067617515E+003   0.4663003184E+001
    145700   0.8085741756E+003   0.4661205447E+001
    145800   0.8020526396E+003   0.5381011425E+001
    145900   0.8022899187E+003   0.5380737393E+001
    146000   0.8112550494E+003   0.5370521048E+001
    146100   0.8068625770E+003   0.5019356450E+001
    146200   0.7968370003E+003   0.5387083292E+001
    146300   0.7980235424E+003   0.5028910131E+001
    146400   0.7968279816E+003   0.5743644736E+001
    146500   0.8007161129E+003   0.5025973657E+001
    146600   0.8015213476E+003   0.5025099975E+001
    146700   0.7874125817E+003   0.5040712296E+001
    146800   0.8045160197E+003   0.5378175712E+001
    146900   0.7905936974E+003   0.5037134970E+001
    147000   0.8086015147E+003   0.5017505711E+001
    147100   0.7987562892E+003   0.5384838106E+001
    147200   0.8117949543E+003   0.4658033958E+001
    147300   0.8110051261E+003   0.4658808969E+001
    147400   0.8028461899E+003   0.4666919521E+001
    147500   0.8094754253E+003   0.5016579130E+001
    147600   0.8003756315E+003   0.4669413709E+001
    147700   0.8095425250E+003   0.4660248809E+001
    147800   0.8027783745E+003   0.4309916064E+001
    147900   0.8160658607E+003   0.4653873575E+001
    148000   0.8101686610E+003   0.3946257051E+001
    148100   0.8030502270E+003   0.3952291778E+001
    148200   0.7954724888E+003   0.3958855456E+001
    148300   0.8101813759E+003   0.3946246383E+001
    148400   0.8115313198E+003   0.3945115991E+001
    148500   0.8037308825E+003   0.3951709319E+001
    148600   0.8043286048E+003   0.3593603738E+001
    148700   0.8032758426E+003   0.3952098583E+001
    148800   0.8099006956E+003   0.4303346754E+001
    148900   0.8112205480E+003   0.4302144222E+001
    149000   0.7997969986E+003   0.3955091755E+001
    149100   0.8096724422E+003   0.3589475772E+001
    149200   0.8014703637E+003   0.3595838200E+001
    149300   0.8148156825E+003   0.3585562671E+001
    149400   0.8227474327E+003   0.3579640180E+001
    149500   0.8081491604E+003   0.3947956436E+001
    149600   0.8149848176E+003   0.3942244122E+001
    149700   0.8073827901E+003   0.4662386113E+001
    149800   0.8111747352E+003   0.5014784092E+001
    149900   0.8113886811E+003   0.4658432389E+001
    150000   0.8074378580E+003   0.4662331451E+001
    150100   0.8057370320E+003   0.4664023796E+001
    150200   0.8090823126E+003   0.5016995645E+001
    150300   0.8026296717E+003   0.5023900803E+001
    150400   0.8124649015E+003   0.4657377962E+001
    150500   0.7998700158E+003   0.4312638108E+001
    150600   0.8126041097E+003   0.5013280997E+001
    150700   0.8336262511E+003   0.4991868319E+001
    150800   0.7946267286E+003   0.5032647987E+001
    150900   0.8078322976E+003   0.5374390165E+001
    151000   0.8054326438E+003   0.5377125730E+001
    151100   0.7970671911E+003   0.5743346553E+001
    151200   0.8137010648E+003   0.4656170859E+001
    151300   0.7866526485E+003   0.5041571918E+001
    151400   0.8055245928E+003   0.5020786830E+001
    151500   0.8107006760E+003   0.5371145124E+001
    151600   0.7995211736E+003   0.5383946866E+001
    151700   0.8010017753E+003   0.5382227347E+001
    151800   0.7964623015E+003   0.5744100975E+001
    151900   0.7921250593E+003   0.5749550039E+001
    152000   0.8069834156E+003   0.5731167706E+001
    152100   0.7936872689E+003   0.5033688404E+001
    152200   0.8059410805E+003   0.5376544528E+001
    152300   0.8072406151E+003   0.5018953312E+001
    152400   0.8070104556E+003   0.5019198700E+001
    152500   0.7940741398E+003   0.5033259609E+001
    152600   0.8041638394E+003   0.4665596618E+001
    152700   0.8163244256E+003   0.4297536847E+001
    152800   0.8179085530E+003   0.4296120502E+001
    152900   0.7950483544E+003   0.5032181990E+001
    153000   0.7898941354E+003   0.5037918757E+001
    153100   0.7928275136E+003   0.5748662765E+001
    153200   0.8060630292E+003   0.6087845199E+001
    153300   0.7960049974E+003   0.5388060518E+001
    153400   0.7980873562E+003   0.5742077236E+001
    153500   0.8118559060E+003   0.5369845771E+001
    153600   0.7902639728E+003   0.5394869534E+001
    153700   0.7990916707E+003   0.5740831351E+001
    153800   0.8049201453E+003   0.5377712446E+001
    153900   0.7969741901E+003   0.5030060846E+001
    154000   0.8037730847E+003   0.5379028795E+001
    154100   0.8026706983E+003   0.5380298031E+001
    154200   0.8128548416E+003   0.4300661537E+001
    154300   0.8082048338E+003   0.4661571029E+001
    154400   0.8116305800E+003   0.4658195103E+001
    154500   0.8144853166E+003   0.4299189258E+001
    154600   0.8218859788E+003   0.5003668976E+001
    154700   0.7948765689E+003   0.5389389748E+001
    154800   0.8136862917E+003   0.5723131932E+001
    154900   0.8169012713E+003   0.5008799243E+001
    155000   0.8176171979E+003   0.4652374968E+001
    155100   0.8040748113E+003   0.5022343028E+001
    155200   0.8044463031E+003   0.4665313689E+001
    155300   0.8108508671E+003   0.4658960541E+001
    155400   0.8107894115E+003   0.4659020944E+001
    155500   0.8069231865E+003   0.5019291786E+001
    155600   0.7963308909E+003   0.4673536382E+001
    155700   0.8015043404E+003   0.5025118407E+001
    155800   0.8154757031E+003   0.4654445425E+001
    155900   0.8103572242E+003   0.4302930287E+001
    156000   0.7976420824E+003   0.3598860503E+001
    156100   0.7905659296E+003   0.3604537651E+001
    156200   0.8015119912E+003   0.3237677482E+001
    156300   0.7993814603E+003   0.3597483103E+001
    156400   0.8181352533E+003   0.3226173804E+001
    156500   0.7971024293E+003   0.3240823742E+001
    156600   0.7973751162E+003   0.2522766842E+001
    156700   0.8189770634E+003   0.2511002241E+001
    156800   0.8077160770E+003   0.2875340321E+001
    156900   0.8167802418E+003   0.2869785136E+001
    157000   0.8110237018E+003   0.2873296280E+001
    157100   0.7924588173E+003   0.3244181581E+001
    157200   0.8174646473E+003   0.2869371544E+001
    157300   0.8120934040E+003   0.2514671383E+001
    157400   0.8181082531E+003   0.2511461345E+001
    157500   0.8057326416E+003   0.3592512933E+001
    157600   0.8018319306E+003   0.3595554507E+001
    157700   0.8006308204E+003   0.3954371557E+001
    157800   0.8027727435E+003   0.3594817732E+001
    157900   0.8065620315E+003   0.3234123858E+001
    158000   0.7998551484E+003   0.3238854869E+001
    158100   0.7950564635E+003   0.3600921141E+001
    158200   0.8051667598E+003   0.3592952033E+001
    158300   0.7945993008E+003   0.3959621255E+001
    158400   0.8011282687E+003   0.3953942734E+001
    158500   0.8002643678E+003   0.3596786628E+001
    158600   0.8100920809E+003   0.3946321311E+001
    158700   0.8036359916E+003   0.3951790451E+001
    158800   0.8097546265E+003   0.3946604646E+001
    158900   0.8122179032E+003   0.3587531863E+001
    159000   0.7933960620E+003   0.3243500122E+001
    159100   0.8137959118E+003   0.3229123586E+001
    159200   0.8178353946E+003   0.2869147838E+001
    159300   0.7952335612E+003   0.3242169587E+001
    159400   0.8092032766E+003   0.2516233739E+001
    159500   0.8164877270E+003   0.2512320737E+001
    159600   0.7975576414E+003   0.2163261161E+001
    159700   0.8061073180E+003   0.2517921973E+001
    159800   0.8045933257E+003   0.2518753117E+001
    159900   0.7904222379E+003   0.3245668917E+001
    160000   0.8047004362E+003   0.3235427733E+001
    160100   0.7839695743E+003   0.3250441588E+001
    160200   0.8057769131E+003   0.3234672898E+001
    160300   0.7915288912E+003   0.3244859598E+001
    160400   0.7959363227E+003   0.2882782436E+001
    160500   0.7989500474E+003   0.2880853869E+001
    160600   0.8193444499E+003   0.2868239730E+001
    160700   0.8030235451E+003   0.3236608321E+001
    160800   0.8015928304E+003   0.2520411231E+001
    160900   0.8055569987E+003   0.2876685225E+001
    161000   0.7862035129E+003   0.2889129896E+001
    161100   0.8006461746E+003   0.2520937400E+001
    161200   0.7987696635E+003   0.2521984741E+001
    161300   0.8059605413E+003   0.3234544372E+001
    161400   0.7874784159E+003   0.2888287906E+001
    161500   0.7880713151E+003   0.2528068268E+001
    161600   0.7912098086E+003   0.2885841943E+001
    161700   0.7929165734E+003   0.2884732184E+001
    161800   0.7952785935E+003   0.2523948712E+001
    161900   0.8090128775E+003   0.2874536587E+001
    162000   0.7938519364E+003   0.2524757167E+001
    162100   0.7969048233E+003   0.2163576843E+001
    162200   0.7952906015E+003   0.2164360053E+001
    162300   0.8046677046E+003   0.2159861977E+001
    162400   0.7869397251E+003   0.2168472431E+001
    162500   0.8022311731E+003   0.2878773557E+001
    162600   0.7925615468E+003   0.3244106795E+001
    162700   0.7963450380E+003   0.2882519880E+001
    162800   0.8046787953E+003   0.2518706099E+001
    162900   0.7846383707E+003   0.2890167987E+001
    163000   0.8146213985E+003   0.2155220304E+001
    163100   0.7985812394E+003   0.2881088960E+001
    163200   0.7903759991E+003   0.3604691681E+001
    163300   0.8141889211E+003   0.3228854910E+001
    163400   0.8119859242E+003   0.3230364901E+001
    163500   0.7964910971E+003   0.3241263168E+001
    163600   0.8201734082E+003   0.2152688637E+001
    163700   0.8040865022E+003   0.1800920667E+001
    163800   0.8034657003E+003   0.2160431660E+001
    163900   0.8134902473E+003   0.1797244675E+001
    164000   0.7991241023E+003   0.1442972373E+001
    164100   0.7926409175E+003   0.2525446116E+001
    164200   0.7894806455E+003   0.2167210290E+001
    164300   0.8086539925E+003   0.2516532157E+001
    164400   0.7997656261E+003   0.2880334897E+001
    164500   0.8120494015E+003   0.3230321258E+001
    164600   0.8009089697E+003   0.2879609454E+001
    164700   0.7974273007E+003   0.3957148204E+001
    164800   0.8002111830E+003   0.3954733791E+001
    164900   0.8128023886E+003   0.4300709016E+001
    165000   0.8088795423E+003   0.3947340680E+001
    165100   0.7920498839E+003   0.3603337188E+001
    165200   0.8079332744E+003   0.3590812198E+001
    165300   0.8040177927E+003   0.3593845815E+001
    165400   0.7937652419E+003   0.4318428091E+001
    165500   0.7981037968E+003   0.3956559670E+001
    165600   0.8086198062E+003   0.3590283842E+001
    165700   0.7977938534E+003   0.4314595532E+001
    165800   0.8087464834E+003   0.3590186466E+001
    165900   0.7880469039E+003   0.3606587648E+001
    166000   0.7870165046E+003   0.3607430650E+001
    166100   0.7873433814E+003   0.3966062208E+001
    166200   0.8005610313E+003   0.3596553012E+001
    166300   0.7859263642E+003   0.4326018138E+001
    166400   0.7933755654E+003   0.3960697826E+001
    166500   0.7951658507E+003   0.4674733011E+001
    166600   0.7934386151E+003   0.4318740828E+001
    166700   0.8136094516E+003   0.4299979284E+001
    166800   0.8025037130E+003   0.3595028210E+001
    166900   0.8135104240E+003   0.3586550252E+001
    167000   0.8105908037E+003   0.3945903078E+001
    167100   0.7943627803E+003   0.3601476666E+001
    167200   0.8124718728E+003   0.3587338696E+001
    167300   0.7860746505E+003   0.3608203490E+001
    167400   0.8033231317E+003   0.3594387649E+001
    167500   0.7909989601E+003   0.3604186798E+001
    167600   0.7868871345E+003   0.3248272200E+001
    167700   0.7908316729E+003   0.3245369177E+001
    167800   0.7993392388E+003   0.3239222658E+001
    167900   0.7879219565E+003   0.2887995729E+001
    168000   0.7951048115E+003   0.2883317574E+001
    168100   0.8058217680E+003   0.3234641496E+001
    168200   0.7941351028E+003   0.3242964111E+001
    168300   0.7947264890E+003   0.3242536035E+001
    168400   0.8087024857E+003   0.3590220282E+001
    168500   0.8037559379E+003   0.3594049932E+001
    168600   0.7962459446E+003   0.3599971216E+001
    168700   0.7925779756E+003   0.3244094837E+001
    168800   0.8080572126E+003   0.3590716737E+001
    168900   0.8067517400E+003   0.3233991381E+001
    169000   0.7982771807E+003   0.2881282969E+001
    169100   0.8074893460E+003   0.2875481156E+001
    169200   0.8084411565E+003   0.2516647916E+001
    169300   0.8012131568E+003   0.2879416859E+001
    169400   0.8025244241E+003   0.2519894859E+001
    169500   0.8024460575E+003   0.2519938242E+001
    169600   0.7871247183E+003   0.2528615942E+001
    169700   0.8001045786E+003   0.2521239089E+001
    169800   0.7943085787E+003   0.2164838359E+001
    169900   0.8132206410E+003   0.2155865449E+001
    170000   0.8100618502E+003   0.2515768241E+001
    170100   0.7975166567E+003   0.2881768997E+001
    170200   0.7862460887E+003   0.3248747230E+001
    170300   0.8045090031E+003   0.2877341086E+001
    170400   0.8026849605E+003   0.3236847399E+001
    170500   0.7991573735E+003   0.2880721824E+001
    170600   0.8098665771E+003   0.3231826654E+001
    170700   0.8034289404E+003   0.3236322378E+001
    170800   0.7990089131E+003   0.3239458438E+001
    170900   0.7983005853E+003   0.3239964802E+001
    171000   0.8188864980E+003   0.2868514899E+001
    171100   0.8170790728E+003   0.3226888391E+001
    171200   0.8073650170E+003   0.2875558423E+001
    171300   0.8040118039E+003   0.3235911853E+001
    171400   0.7975988753E+003   0.2881716401E+001
    171500   0.8007066588E+003   0.3238249053E+001
    171600   0.7948736949E+003   0.2524177812E+001
    171700   0.7990765858E+003   0.2880773268E+001
    171800   0.7931583976E+003   0.3243672746E+001
    171900   0.8050429805E+003   0.2877006659E+001
    172000   0.8089971616E+003   0.2874546310E+001
    172100   0.8041222612E+003   0.3235834134E+001
    172200   0.7918165902E+003   0.2525916497E+001
    172300   0.8042238197E+003   0.3235762698E+001
    172400   0.8065940707E+003   0.2517655536E+001
    172500   0.7979185116E+003   0.2522461708E+001
    172600   0.8134905122E+003   0.2871784536E+001
    172700   0.8096014117E+003   0.2874172822E+001
    172800   0.8010181652E+003   0.3596193428E+001
    172900   0.8088298086E+003   0.3232545008E+001
    173000   0.8061459485E+003   0.3234414672E+001
    173100   0.8053868328E+003   0.3950297095E+001
    173200   0.8138765133E+003   0.3943162658E+001
    173300   0.8200065981E+003   0.4294254520E+001
    173400   0.8191533178E+003   0.4295012071E+001
    173500   0.8094329238E+003   0.4660356950E+001
    173600   0.7916622180E+003   0.4678356598E+001
    173700   0.8135739367E+003   0.4656294800E+001
    173800   0.8048534349E+003   0.4664906297E+001
    173900   0.7931597329E+003   0.4319008091E+001
    174000   0.7951101207E+003   0.4317143584E+001
    174100   0.8040062809E+003   0.3951473981E+001
    174200   0.8051857215E+003   0.3950468242E+001
    174300   0.8058636525E+003   0.3949891717E+001
    174400   0.8100444188E+003   0.3946361313E+001
    174500   0.8184526704E+003   0.4295635494E+001
    174600   0.8088881005E+003   0.4660895025E+001
    174700   0.7950537798E+003   0.3959222423E+001
    174800   0.8150453455E+003   0.3942194043E+001
    174900   0.8134345248E+003   0.3586607793E+001
    175000   0.8027572728E+003   0.3594829831E+001
    175100   0.8089323494E+003   0.3947296211E+001
    175200   0.7947789317E+003   0.3959463554E+001
    175300   0.8019755678E+003   0.4310665126E+001
    175400   0.8224882884E+003   0.4292061691E+001
    175500   0.7977370464E+003   0.3956878588E+001
    175600   0.8037105297E+003   0.4309048515E+001
    175700   0.7978883696E+003   0.4314506161E+001
    175800   0.7911822366E+003   0.4320909555E+001
    175900   0.7920479936E+003   0.4677955768E+001
    176000   0.7977933835E+003   0.3956829576E+001
    176100   0.7996132339E+003   0.3955250716E+001
    176200   0.7936554229E+003   0.3960451279E+001
    176300   0.8066232829E+003   0.3949247063E+001
    176400   0.8009480184E+003   0.4668834241E+001
    176500   0.7876982946E+003   0.5040389608E+001
    176600   0.8143907776E+003   0.5722296334E+001
    176700   0.8014815979E+003   0.6093772245E+001
    176800   0.7919859795E+003   0.5749725930E+001
    176900   0.7883327688E+003   0.6111232429E+001
    177000   0.7898841049E+003   0.6821651824E+001
    177100   0.8103159260E+003   0.6437359960E+001
    177200   0.8128215283E+003   0.6788476186E+001
    177300   0.7850826040E+003   0.7185010313E+001
    177400   0.8078075475E+003   0.7150034430E+001
    177500   0.8036794414E+003   0.7156216092E+001
    177600   0.8041331470E+003   0.6445715436E+001
    177700   0.7926488539E+003   0.6817533697E+001
    177800   0.7932616296E+003   0.6460777779E+001
    177900   0.7942123021E+003   0.6103341231E+001
    178000   0.8196423965E+003   0.5005969051E+001
    178100   0.8116655732E+003   0.6080703420E+001
    178200   0.7999827467E+003   0.6451409180E+001
    178300   0.8052145350E+003   0.6444243205E+001
    178400   0.8197632852E+003   0.5715979085E+001
    178500   0.7931758542E+003   0.5748223459E+001
    178600   0.8018814565E+003   0.6093251785E+001
    178700   0.8043178913E+003   0.6090093583E+001
    178800   0.7804820478E+003   0.6121987373E+001
    178900   0.7865955123E+003   0.6470255461E+001
    179000   0.7934768848E+003   0.6460474849E+001
    179100   0.7841957468E+003   0.6830231985E+001
    179200   0.7932534666E+003   0.7172164198E+001
    179300   0.7962390593E+003   0.6812236046E+001
    179400   0.7842990938E+003   0.7186258649E+001
    179500   0.8024686637E+003   0.6092488570E+001
    179600   0.7881564851E+003   0.6111471163E+001
    179700   0.7863542161E+003   0.6113919123E+001
    179800   0.7955189844E+003   0.6457610544E+001
    179900   0.7829175786E+003   0.6118623724E+001
    180000   0.7788014216E+003   0.6481578952E+001
    180100   0.7899909231E+003   0.6108992978E+001
    180200   0.7964049551E+003   0.6456373212E+001
    180300   0.7860549503E+003   0.6471032293E+001
    180400   0.7989952969E+003   0.6097022144E+001
    180500   0.8079586469E+003   0.6440527978E+001
    180600   0.7934794719E+003   0.6104317311E+001
    180700   0.7967331611E+003   0.6099999693E+001
    180800   0.8045056502E+003   0.6089851132E+001
    180900   0.7946084542E+003   0.6102814462E+001
    181000   0.8011480181E+003   0.6094206902E+001
    181100   0.7834390614E+003   0.6474809341E+001
    181200   0.8115624727E+003   0.6435693380E+001
    181300   0.8085901586E+003   0.6794430806E+001
    181400   0.8066868540E+003   0.6442246171E+001
    181500   0.8041245548E+003   0.6800794548E+001
    181600   0.8185595047E+003   0.6426448551E+001
    181700   0.8049533618E+003   0.6799607210E+001
    181800   0.8206347199E+003   0.6423742020E+001
    181900   0.8130337109E+003   0.6078976873E+001
    182000   0.8162071890E+003   0.6074998065E+001
    182100   0.8001230534E+003   0.6095545096E+001
    182200   0.8130593771E+003   0.5368496751E+001
    182300   0.8210405543E+003   0.5714491408E+001
    182400   0.8177087281E+003   0.5363328685E+001
    182500   0.8158181192E+003   0.5365421917E+001
    182600   0.8188593402E+003   0.5362060284E+001
    182700   0.8075726342E+003   0.5374685259E+001
    182800   0.8149263034E+003   0.5366413254E+001
    182900   0.7938343212E+003   0.5747394276E+001
    183000   0.8029030714E+003   0.6091924795E+001
    183100   0.8191359479E+003   0.5716711749E+001
    183200   0.7949916025E+003   0.6102305571E+001
    183300   0.7967989880E+003   0.5743680892E+001
    183400   0.8093987259E+003   0.6083579133E+001
    183500   0.8030210006E+003   0.5735991973E+001
    183600   0.8204614649E+003   0.4649644580E+001
    183700   0.8056482590E+003   0.4664112356E+001
    183800   0.8084033183E+003   0.5017716179E+001
    183900   0.8119001840E+003   0.5014020454E+001
    184000   0.8106978342E+003   0.5015286969E+001
    184100   0.8136245843E+003   0.5012211672E+001
    184200   0.8127600915E+003   0.5013117345E+001
    184300   0.8215900063E+003   0.5003971561E+001
    184400   0.8004092760E+003   0.5026307118E+001
    184500   0.7966801405E+003   0.5387267348E+001
    184600   0.8079967863E+003   0.5018148261E+001
    184700   0.8013054036E+003   0.5381875644E+001
    184800   0.7979873784E+003   0.5742201463E+001
    184900   0.8034519687E+003   0.5379398091E+001
    185000   0.8218152586E+003   0.5358820774E+001
    185100   0.8161283932E+003   0.5365077613E+001
    185200   0.8315257026E+003   0.5348367576E+001
    185300   0.8161075511E+003   0.5365100731E+001
    185400   0.8126503686E+003   0.5368954701E+001
    185500   0.8230956438E+003   0.5712109082E+001
    185600   0.8052632750E+003   0.6088874163E+001
    185700   0.8126854774E+003   0.5368915370E+001
    185800   0.7994899176E+003   0.5740338329E+001
    185900   0.8056459281E+003   0.6088381543E+001
    186000   0.7980068030E+003   0.5742177324E+001
    186100   0.8127748056E+003   0.5724215569E+001
    186200   0.8211437513E+003   0.5714371447E+001
    186300   0.8202505380E+003   0.6069980678E+001
    186400   0.8204076339E+003   0.5715227915E+001
    186500   0.8185974818E+003   0.5362348583E+001
    186600   0.8152957227E+003   0.5366002302E+001
    186700   0.8116017445E+003   0.5370131269E+001
    186800   0.8046615908E+003   0.5378008775E+001
    186900   0.8104424817E+003   0.5015556515E+001
    187000   0.8223013714E+003   0.5003244732E+001
    187100   0.8180232857E+003   0.5007638091E+001
    187200   0.8192937964E+003   0.5006327750E+001
    187300   0.7941614908E+003   0.5390234369E+001
    187400   0.8015998995E+003   0.5025014857E+001
    187500   0.8069678759E+003   0.5375373396E+001
    187600   0.8084491672E+003   0.5373690016E+001
    187700   0.8154281533E+003   0.5721068961E+001
    187800   0.8044422707E+003   0.6089932958E+001
    187900   0.8025572995E+003   0.5736560180E+001
    188000   0.8028378935E+003   0.6447484938E+001
    188100   0.7995388213E+003   0.5740277827E+001
    188200   0.8030381790E+003   0.5379874477E+001
    188300   0.8094085093E+003   0.5372603640E+001
    188400   0.8142261396E+003   0.5367193330E+001
    188500   0.8025815758E+003   0.5380400821E+001
    188600   0.7977797847E+003   0.5385978838E+001
    188700   0.8035796107E+003   0.5735308487E+001
    188800   0.8004163989E+003   0.6095161694E+001
    188900   0.7961658797E+003   0.5744471165E+001
    189000   0.7983880816E+003   0.5028511210E+001
    189100   0.7936837081E+003   0.4318506129E+001
    189200   0.7883626216E+003   0.4323640183E+001
    189300   0.7902029950E+003   0.5394942479E+001
    189400   0.7904689402E+003   0.5751649223E+001
    189500   0.7823537956E+003   0.5404443949E+001
    189600   0.7827282695E+003   0.5761599369E+001
    189700   0.7980831007E+003   0.5742082522E+001
    189800   0.7878761903E+003   0.5754956446E+001
    189900   0.8003328089E+003   0.6095270912E+001
    190000   0.8062943863E+003   0.6087547981E+001
    190100   0.8089742413E+003   0.5017110233E+001
    190200   0.8080688764E+003   0.5018071603E+001
    190300   0.8097345073E+003   0.5016304883E+001
    190400   0.8195165304E+003   0.5006098522E+001
    190500   0.8137205357E+003   0.5012111289E+001
    190600   0.8067705040E+003   0.5375598241E+001
    190700   0.7956518136E+003   0.5031516034E+001
    190800   0.7913578580E+003   0.5393563204E+001
    190900   0.7776352320E+003   0.5410264575E+001
    191000   0.7888066305E+003   0.5039140441E+001
    191100   0.7866718341E+003   0.5041550191E+001
    191200   0.7903556351E+003   0.6108501890E+001
    191300   0.8122407465E+003   0.6079976741E+001
    191400   0.8093001986E+003   0.6438722382E+001
    191500   0.8112106350E+003   0.6436163166E+001
    191600   0.7980137571E+003   0.6454134616E+001
    191700   0.7965201463E+003   0.6100281097E+001
    191800   0.8149748240E+003   0.6076538868E+001
    191900   0.7990274963E+003   0.5740910852E+001
    192000   0.7939238955E+003   0.5747281603E+001
    192100   0.8045650671E+003   0.5734105445E+001
    192200   0.8015933232E+003   0.6449191508E+001
    192300   0.8119482585E+003   0.6080346123E+001
    192400   0.8221611408E+003   0.5713190665E+001
    192500   0.8121640130E+003   0.5724943313E+001
    192600   0.8191610755E+003   0.5716682378E+001
    192700   0.7965561168E+003   0.6100233565E+001
    192800   0.8110023188E+003   0.5370805431E+001
    192900   0.7923268327E+003   0.5035200178E+001
    193000   0.8175786483E+003   0.5008097793E+001
    193100   0.8052103881E+003   0.5021123541E+001
    193200   0.8224896098E+003   0.5358085533E+001
    193300   0.8143974891E+003   0.5011403854E+001
    193400   0.8056006750E+003   0.5020705345E+001
    193500   0.8215785027E+003   0.5003983326E+001
    193600   0.7988189764E+003   0.5028040225E+001
    193700   0.8112043166E+003   0.5014752922E+001
    193800   0.8174275372E+003   0.5363639296E+001
    193900   0.7995468800E+003   0.4670254440E+001
    194000   0.8114265461E+003   0.4658395235E+001
    194100   0.7976236385E+003   0.4314756543E+001
    194200   0.8002553087E+003   0.5026474558E+001
    194300   0.7989604152E+003   0.5384600063E+001
    194400   0.7798521533E+003   0.5407519538E+001
    194500   0.7960545903E+003   0.4673819802E+001
    194600   0.8090731370E+003   0.4660712185E+001
    194700   0.8064307870E+003   0.4663332490E+001
    194800   0.8180153465E+003   0.5007646294E+001
    194900   0.7919179324E+003   0.4678090853E+001
    195000   0.7910355982E+003   0.4321051001E+001
    195100   0.8025794833E+003   0.4310101476E+001
    195200   0.8010361164E+003   0.4311543923E+001
    195300   0.8105597959E+003   0.4302745667E+001
    195400   0.8159373315E+003   0.3941457036E+001
    195500   0.8059879963E+003   0.4663773556E+001
    195600   0.7999257828E+003   0.4669869807E+001
    195700   0.8098499780E+003   0.4659945635E+001
    195800   0.8052868390E+003   0.4307586819E+001
    195900   0.8122563405E+003   0.3944510704E+001
    196000   0.8041874970E+003   0.4308605519E+001
    196100   0.8036665545E+003   0.3951764317E+001
    196200   0.8097953763E+003   0.4303442909E+001
    196300   0.8041526885E+003   0.3593740724E+001
    196400   0.7994417179E+003   0.3955399159E+001
    196500   0.7974583795E+003   0.3599006389E+001
    196600   0.7962029032E+003   0.3241470598E+001
    196700   0.8070117977E+003   0.3948917904E+001
    196800   0.7946224013E+003   0.3959600970E+001
    196900   0.8061805483E+003   0.3592165890E+001
    197000   0.8129411036E+003   0.3943940187E+001
    197100   0.8083893400E+003   0.3947753806E+001
    197200   0.7935676583E+003   0.3960528575E+001
    197300   0.7965886549E+003   0.3957879436E+001
    197400   0.8089624663E+003   0.3590020523E+001
    197500   0.8079865477E+003   0.3948093706E+001
    197600   0.8051062987E+003   0.3592998991E+001
    197700   0.8126559992E+003   0.3587198739E+001
    197800   0.8016449670E+003   0.3953497978E+001
    197900   0.8045229427E+003   0.3951032985E+001
    198000   0.7909837550E+003   0.4321101023E+001
    198100   0.8018989276E+003   0.3237403341E+001
    198200   0.8100075764E+003   0.3231729126E+001
    198300   0.8067750505E+003   0.3233975108E+001
    198400   0.8087543566E+003   0.3590180415E+001
    198500   0.7973595631E+003   0.3599084895E+001
    198600   0.8041828037E+003   0.3593717269E+001
    198700   0.7905562535E+003   0.3604545496E+001
    198800   0.8049451383E+003   0.4307903105E+001
    198900   0.8044914031E+003   0.4665268537E+001
    199000   0.7984927027E+003   0.4671326817E+001
    199100   0.7925796987E+003   0.4677404066E+001
    199200   0.7947744521E+003   0.3959467486E+001
    199300   0.7931227795E+003   0.3243698627E+001
    199400   0.7937650368E+003   0.3601956275E+001
    199500   0.7924837615E+003   0.3244163420E+001
    199600   0.7833900783E+003   0.3610418351E+001
    199700   0.7726282555E+003   0.3979563680E+001
    199800   0.7915728041E+003   0.4320533119E+001
    199900   0.7949139659E+003   0.4317330615E+001
    200000   0.8043913918E+003   0.3951145207E+001
    200100   0.7965166414E+003   0.3957942311E+001
    200200   0.7968454346E+003   0.3957655353E+001
    200300   0.8043106614E+003   0.3593617708E+001
    200400   0.8070684155E+003   0.3948869967E+001
    200500   0.7990227358E+003   0.4313435488E+001
    200600   0.8062694398E+003   0.5019989860E+001
    200700   0.8000906430E+003   0.5026653716E+001
    200800   0.8161144554E+003   0.5365093073E+001
    200900   0.7898030469E+003   0.5395421250E+001
    201000   0.7931742458E+003   0.4676788187E+001
    201100   0.8016740693E+003   0.5024934504E+001
    201200   0.7971560023E+003   0.5029861216E+001
    201300   0.8036296172E+003   0.5379193745E+001
    201400   0.7993358860E+003   0.4670468811E+001
    201500   0.7847415100E+003   0.5043742422E+001
    201600   0.7871377927E+003   0.4683092104E+001
    201700   0.7866673131E+003   0.4683588214E+001
    201800   0.7936412207E+003   0.5390850014E+001
    201900   0.8012469449E+003   0.4668532002E+001
    202000   0.8091405249E+003   0.4304041440E+001
    202100   0.7968413649E+003   0.4315497557E+001
    202200   0.7925657246E+003   0.4677418554E+001
    202300   0.7820303268E+003   0.4688515443E+001
    202400   0.7928138493E+003   0.4319339871E+001
    202500   0.8141294726E+003   0.4655753523E+001
    202600   0.8049223807E+003   0.5021432448E+001
    202700   0.8049952225E+003   0.5021354296E+001
    202800   0.8019401523E+003   0.4667832131E+001
    202900   0.8002736875E+003   0.4669517017E+001
    203000   0.7925564238E+003   0.3961420645E+001
    203100   0.8123855238E+003   0.4657455621E+001
    203200   0.7859927482E+003   0.5042319971E+001
    203300   0.8062961569E+003   0.5376139143E+001
    203400   0.7998664111E+003   0.5026897823E+001
    203500   0.8001351793E+003   0.5383232876E+001
    203600   0.7903674708E+003   0.5394745753E+001
    203700   0.8097228289E+003   0.5016317240E+001
    203800   0.7810047709E+003   0.5048022443E+001
    203900   0.8054886298E+003   0.5377061689E+001
    204000   0.7915270702E+003   0.5393361508E+001
    204100   0.8189254918E+003   0.5006707112E+001
    204200   0.8141129653E+003   0.5011701022E+001
    204300   0.7999552517E+003   0.5026801089E+001
    204400   0.8040327687E+003   0.4308749160E+001
    204500   0.8088697412E+003   0.4660913172E+001
    204600   0.8124008780E+003   0.5013494333E+001
    204700   0.8131270874E+003   0.5012732592E+001
    204800   0.8046784365E+003   0.4665081348E+001
    204900   0.8064265385E+003   0.4663336719E+001
    205000   0.8036405326E+003   0.4309113579E+001
    205100   0.8168628875E+003   0.4297054695E+001
    205200   0.8142663980E+003   0.4299386535E+001
    205300   0.8020524515E+003   0.4667718886E+001
    205400   0.7923393753E+003   0.5392394672E+001
    205500   0.8040306084E+003   0.5022390579E+001
    205600   0.8148464884E+003   0.5010935396E+001
    205700   0.8119252408E+003   0.5369767924E+001
    205800   0.8010627239E+003   0.5382156723E+001
    205900   0.7979301273E+003   0.5742272616E+001
    206000   0.8101435780E+003   0.6082632141E+001
    206100   0.8025216048E+003   0.5736603951E+001
    206200   0.8190358696E+003   0.5716828751E+001
    206300   0.7929672581E+003   0.6461192363E+001
    206400   0.7963028302E+003   0.6100568364E+001
    206500   0.8015270128E+003   0.6449282608E+001
    206600   0.8090182339E+003   0.6439101297E+001
    206700   0.7969706544E+003   0.6455584852E+001
    206800   0.8022205166E+003   0.6092810936E+001
    206900   0.8132727172E+003   0.5368258096E+001
    207000   0.8068339628E+003   0.5731348659E+001
    207100   0.8159253255E+003   0.5365302918E+001
    207200   0.8080397423E+003   0.5729890968E+001
    207300   0.8014403381E+003   0.5737932038E+001
    207400   0.7873484700E+003   0.6112567034E+001
    207500   0.8117804457E+003   0.5725400978E+001
    207600   0.7950701472E+003   0.5745842396E+001
    207700   0.8043899928E+003   0.5734318923E+001
    207800   0.8056782446E+003   0.5732750625E+001
    207900   0.7996576488E+003   0.5383788056E+001
    208000   0.7986960091E+003   0.5741321744E+001
    208100   0.8010934797E+003   0.5738358963E+001
    208200   0.8155119694E+003   0.5720969954E+001
    208300   0.8046365683E+003   0.6089682157E+001
    208400   0.8005639536E+003   0.6094968965E+001
    208500   0.8077760273E+003   0.6085649275E+001
    208600   0.8106174669E+003   0.6082030706E+001
    208700   0.8075515145E+003   0.6441077326E+001
    208800   0.8087745867E+003   0.6794169751E+001
    208900   0.7975059592E+003   0.6810379964E+001
    209000   0.8127487239E+003   0.6434112957E+001
    209100   0.7914281874E+003   0.6107060767E+001
    209200   0.8000977893E+003   0.6095578131E+001
    209300   0.7974587860E+003   0.5029528998E+001
    209400   0.7968513710E+003   0.5030195761E+001
    209500   0.8024700919E+003   0.5380529440E+001
    209600   0.8013872640E+003   0.5381780876E+001
    209700   0.7993530571E+003   0.5027457282E+001
    209800   0.8183579034E+003   0.5007292522E+001
    209900   0.8196316789E+003   0.5005980074E+001
    210000   0.8106629528E+003   0.5371187626E+001
    210100   0.8165567096E+003   0.5009156572E+001
    210200   0.8032087714E+003   0.5379678009E+001
    210300   0.8194513182E+003   0.5361409326E+001
    210400   0.8014242428E+003   0.5025205225E+001
    210500   0.8088287049E+003   0.5373259860E+001
    210600   0.8244601004E+003   0.5001048038E+001
    210700   0.8050282990E+003   0.4664731470E+001
    210800   0.8115545376E+003   0.4301840647E+001
    210900   0.8177881038E+003   0.3939933832E+001
    211000   0.8096018848E+003   0.4303619641E+001
    211100   0.7927566281E+003   0.3961243820E+001
    211200   0.7925915076E+003   0.3961389651E+001
    211300   0.8112465541E+003   0.4302120574E+001
    211400   0.8062253026E+003   0.4306719775E+001
    211500   0.8069541539E+003   0.4662811892E+001
    211600   0.8123367617E+003   0.4657503335E+001
    211700   0.8113689722E+003   0.4302009278E+001
    211800   0.8074495563E+003   0.4662319840E+001
    211900   0.8163368281E+003   0.4653611337E+001
    212000   0.8123685646E+003   0.4657472215E+001
    212100   0.8030135980E+003   0.5379902795E+001
    212200   0.8067182228E+003   0.5375657821E+001
    212300   0.8116904742E+003   0.5725508403E+001
    212400   0.8116342089E+003   0.5370094790E+001
    212500   0.8032492685E+003   0.5735712542E+001
    212600   0.8127235529E+003   0.5013155674E+001
    212700   0.8153896813E+003   0.5010369468E+001
    212800   0.8118363318E+003   0.4301584742E+001
    212900   0.8162143083E+003   0.3941228567E+001
    213000   0.8079286625E+003   0.3948142585E+001
    213100   0.8164142326E+003   0.3941063769E+001
    213200   0.7897587180E+003   0.3963902682E+001
    213300   0.8003718908E+003   0.3596701932E+001
    213400   0.8173129598E+003   0.3583683482E+001
    213500   0.8212420162E+003   0.3580753955E+001
    213600   0.8148619152E+003   0.3942345837E+001
    213700   0.8342613227E+003   0.3571276817E+001
    213800   0.8196687583E+003   0.3938394279E+001
    213900   0.8166520889E+003   0.3584179474E+001
    214000   0.7996416461E+003   0.3597277669E+001
    214100   0.8096131021E+003   0.3589521259E+001
    214200   0.7874713467E+003   0.3965947404E+001
    214300   0.7861983181E+003   0.4325751831E+001
    214400   0.7989099632E+003   0.4313541768E+001
    214500   0.7928305063E+003   0.4319323885E+001
    214600   0.8184573380E+003   0.3582826828E+001
    214700   0.8057972762E+003   0.3592462826E+001
    214800   0.8118890824E+003   0.3230431500E+001
    214900   0.8071319295E+003   0.3233726109E+001
    215000   0.8053531194E+003   0.2876812660E+001
    215100   0.8057941008E+003   0.2876537118E+001
    215200   0.8196451636E+003   0.2868059237E+001
    215300   0.8146510380E+003   0.3228539377E+001
    215400   0.8193061992E+003   0.3938690436E+001
    215500   0.8091409149E+003   0.3232329222E+001
    215600   0.8029377005E+003   0.2878328217E+001
    215700   0.7981340379E+003   0.2881374364E+001
    215800   0.8050985399E+003   0.3235148303E+001
    215900   0.8106734580E+003   0.3231269077E+001
    216000   0.7950936528E+003   0.3242270640E+001
    216100   0.8157093730E+003   0.3227818327E+001
    216200   0.8044332303E+003   0.3593522300E+001
    216300   0.8214716805E+003   0.3936926098E+001
    216400   0.8206689505E+003   0.3581179191E+001
    216500   0.8199549032E+003   0.4294300363E+001
    216600   0.8277457952E+003   0.3931875105E+001
    216700   0.8107986072E+003   0.3945728990E+001
    216800   0.8140478389E+003   0.3228951324E+001
    216900   0.8152508848E+003   0.2870712280E+001
    217000   0.8098093955E+003   0.2874044418E+001
    217100   0.7955937538E+003   0.2523770579E+001
    217200   0.7970648571E+003   0.2163499400E+001
    217300   0.8023953696E+003   0.2160940629E+001
    217400   0.8028959987E+003   0.3236698355E+001
    217500   0.7988991576E+003   0.3239536830E+001
    217600   0.8022975750E+003   0.3595189595E+001
    217700   0.7953177807E+003   0.3242108777E+001
    217800   0.8173335765E+003   0.3583668024E+001
    217900   0.8020839083E+003   0.3595356977E+001
    218000   0.7912223970E+003   0.3962601575E+001
    218100   0.7997175126E+003   0.4312781483E+001
    218200   0.7843798090E+003   0.5044154612E+001
    218300   0.8025668910E+003   0.4667200588E+001
    218400   0.7980084385E+003   0.4314392664E+001
    218500   0.8116793744E+003   0.4301727254E+001
    218600   0.8094081531E+003   0.4303796692E+001
    218700   0.8085968123E+003   0.4304539254E+001
    218800   0.7971205608E+003   0.4315232890E+001
    218900   0.8118253355E+003   0.4301594724E+001
    219000   0.8012299586E+003   0.4311362398E+001
    219100   0.8097484214E+003   0.3946609859E+001
    219200   0.8050523016E+003   0.4664707479E+001
    219300   0.8176623964E+003   0.4652331405E+001
    219400   0.8158372570E+003   0.5009903822E+001
    219500   0.7987921558E+003   0.4671021856E+001
    219600   0.8039425260E+003   0.4308832965E+001
    219700   0.7995462035E+003   0.4312942615E+001
    219800   0.7991580264E+003   0.3955644851E+001
    219900   0.7938494783E+003   0.3601888470E+001
    220000   0.7864498680E+003   0.3607895343E+001
    220100   0.7992476706E+003   0.3597588800E+001
    220200   0.8023881435E+003   0.3595118677E+001
    220300   0.8011946308E+003   0.2879428584E+001
    220400   0.8121381813E+003   0.2872611955E+001
    220500   0.7996582424E+003   0.3238995176E+001
    220600   0.8018110502E+003   0.3595570882E+001
    220700   0.7983773603E+003   0.3239909866E+001
    220800   0.7929459813E+003   0.3243827134E+001
    220900   0.8050854609E+003   0.3235157478E+001
    221000   0.7788085688E+003   0.3614239895E+001
    221100   0.7920008907E+003   0.3603376737E+001
    221200   0.7955942929E+003   0.3241909231E+001
    221300   0.8030483484E+003   0.3236590816E+001
    221400   0.8067528908E+003   0.3233990578E+001
    221500   0.8210733858E+003   0.2867204110E+001
    221600   0.7945519750E+003   0.3242662279E+001
    221700   0.8048169375E+003   0.2877148165E+001
    221800   0.8143955630E+003   0.3228713763E+001
    221900   0.8044089267E+003   0.3235632550E+001
    222000   0.8064064352E+003   0.3234232568E+001
    222100   0.8015694369E+003   0.3237636763E+001
    222200   0.7934019936E+003   0.2884417586E+001
    222300   0.8128371633E+003   0.2872183882E+001
    222400   0.7984045086E+003   0.2522189219E+001
    222500   0.7981418652E+003   0.2522336430E+001
    222600   0.8148161281E+003   0.2513211417E+001
    222700   0.8167224304E+003   0.2869820109E+001
    222800   0.8160520122E+003   0.3227585355E+001
    222900   0.8040873087E+003   0.3951404776E+001
    223000   0.7936390257E+003   0.3243323776E+001
    223100   0.7914181972E+003   0.3603847551E+001
    223200   0.8063372766E+003   0.3234280903E+001
    223300   0.7887137803E+003   0.2887475090E+001
    223400   0.7888759132E+003   0.3246804261E+001
    223500   0.7953440237E+003   0.3600691188E+001
    223600   0.8110609678E+003   0.3588413614E+001
    223700   0.8045453063E+003   0.2877318333E+001
    223800   0.8105084117E+003   0.3231383022E+001
    223900   0.8139394238E+003   0.2871510584E+001
    224000   0.8120666741E+003   0.2872655797E+001
    224100   0.8213954125E+003   0.2867011782E+001
    224200   0.8089457127E+003   0.2874578141E+001
    224300   0.8044731351E+003   0.3593491246E+001
    224400   0.8065544478E+003   0.3591876535E+001
    224500   0.8051127207E+003   0.3592994003E+001
    224600   0.8087953103E+003   0.3232568948E+001
    224700   0.8163091672E+003   0.3584437212E+001
    224800   0.8037616935E+003   0.3951682981E+001
    224900   0.8046213649E+003   0.3950949052E+001
    225000   0.8128632277E+003   0.3944005013E+001
    225100   0.8115248577E+003   0.3945121392E+001
    225200   0.8058352020E+003   0.3949915889E+001
    225300   0.7993733712E+003   0.4313105262E+001
    225400   0.8076411104E+003   0.4305416183E+001
    225500   0.8164361928E+003   0.3584341711E+001
    225600   0.8252306000E+003   0.3221428722E+001
    225700   0.8135117097E+003   0.3229318067E+001
    225800   0.8099984315E+003   0.3589226021E+001
    225900   0.8121897245E+003   0.3944566265E+001
    226000   0.8127934159E+003   0.3944063139E+001
    226100   0.8111700529E+003   0.3945418070E+001
    226200   0.8067365726E+003   0.4306248409E+001
    226300   0.8021860709E+003   0.3595276932E+001
    226400   0.8077220991E+003   0.3948317079E+001
    226500   0.8199674130E+003   0.3581700706E+001
    226600   0.8070285895E+003   0.3948903686E+001
    226700   0.8057937837E+003   0.4307118160E+001
    226800   0.7937257181E+003   0.5033645767E+001
    226900   0.8070147460E+003   0.5019194124E+001
    227000   0.8003930422E+003   0.5026324769E+001
    227100   0.8123442199E+003   0.4657496037E+001
    227200   0.8038103909E+003   0.5022627567E+001
    227300   0.8228860513E+003   0.4291711664E+001
    227400   0.8163766005E+003   0.4653572864E+001
    227500   0.8322990087E+003   0.4283542247E+001
    227600   0.8188579055E+003   0.4651181209E+001
    227700   0.8252503598E+003   0.4289639231E+001
    227800   0.8085410814E+003   0.4304590324E+001
    227900   0.8046043871E+003   0.4665155447E+001
    228000   0.8156803980E+003   0.4298114504E+001
    228100   0.8147989773E+003   0.3942397938E+001
    228200   0.8030436294E+003   0.3952297429E+001
    228300   0.7939087766E+003   0.3960228258E+001
    228400   0.8048851817E+003   0.3950724192E+001
    228500   0.8144673684E+003   0.3585825849E+001
    228600   0.8204612378E+003   0.4293851639E+001
    228700   0.8222290630E+003   0.3936311582E+001
    228800   0.8224663506E+003   0.3579847775E+001
    228900   0.8082146302E+003   0.3590595539E+001
    229000   0.8094113123E+003   0.3232141831E+001
    229100   0.8075685919E+003   0.3233421795E+001
    229200   0.7897475426E+003   0.3963912638E+001
    229300   0.7943522019E+003   0.3242806876E+001
    229400   0.7927115758E+003   0.2884865179E+001
    229500   0.7993864465E+003   0.3239188980E+001
    229600   0.7976222185E+003   0.2522628026E+001
    229700   0.8023387204E+003   0.2519997680E+001
    229800   0.7981489507E+003   0.3240073339E+001
    229900   0.7979982988E+003   0.3240181220E+001
    230000   0.7884820901E+003   0.3247094253E+001
    230100   0.7980730202E+003   0.3598518589E+001
    230200   0.8105164574E+003   0.3231377467E+001
    230300   0.8075855768E+003   0.3233409966E+001
    230400   0.8040965696E+003   0.3235852209E+001
    230500   0.8160539599E+003   0.3584629189E+001
    230600   0.8185663416E+003   0.3225882761E+001
    230700   0.8096866836E+003   0.3589464856E+001
    230800   0.8064153865E+003   0.4306544445E+001
    230900   0.8151297239E+003   0.3585325615E+001
    231000   0.7984004436E+003   0.4314022396E+001
    231100   0.7942216489E+003   0.4675705841E+001
    231200   0.7864295318E+003   0.4683839215E+001
    231300   0.7915861017E+003   0.4678435739E+001
    231400   0.7842018045E+003   0.4686199501E+001
    231500   0.7884814894E+003   0.5397007325E+001
    231600   0.7879811985E+003   0.5397609384E+001
    231700   0.8079238780E+003   0.5018225805E+001
    231800   0.8011086693E+003   0.5738340258E+001
    231900   0.8007489265E+003   0.5382520469E+001
    232000   0.8102159686E+003   0.5371691593E+001
    232100   0.8203503492E+003   0.5715294641E+001
    232200   0.8186978567E+003   0.5717224171E+001
    232300   0.8069026631E+003   0.5731265469E+001
    232400   0.8165346938E+003   0.5364627212E+001
    232500   0.8172138622E+003   0.5718964722E+001
    232600   0.8234416318E+003   0.6420106494E+001
    232700   0.8129150472E+003   0.6433891798E+001
    232800   0.8220745837E+003   0.6421873486E+001
    232900   0.8099466316E+003   0.6437854842E+001
    233000   0.8285642259E+003   0.6766943708E+001
    233100   0.8344569052E+003   0.6406114284E+001
    233200   0.8039338493E+003   0.6801068155E+001
    233300   0.8227353659E+003   0.6774804349E+001
    233400   0.8056490814E+003   0.6798612737E+001
    233500   0.8073848064E+003   0.7504873903E+001
    233600   0.8059738316E+003   0.7507078615E+001
    233700   0.8158990927E+003   0.7491758600E+001
    233800   0.7891248724E+003   0.7534120056E+001
    233900   0.8145448875E+003   0.7493823220E+001
    234000   0.8020263261E+003   0.7513294952E+001
    234100   0.8023852548E+003   0.7158169398E+001
    234200   0.8003506003E+003   0.7161255229E+001
    234300   0.8063421764E+003   0.7152220293E+001
    234400   0.8022428366E+003   0.7158384798E+001
    234500   0.8156380595E+003   0.7138509083E+001
    234600   0.8122264213E+003   0.7497376597E+001
    234700   0.8155732553E+003   0.7492254641E+001
    234800   0.8157418693E+003   0.7845328570E+001
    234900   0.8061592434E+003   0.7860768888E+001
    235000   0.8066896110E+003   0.7859903121E+001
    235100   0.8053593647E+003   0.7508041569E+001
    235200   0.7937060977E+003   0.7526634406E+001
    235300   0.7890647780E+003   0.6822878726E+001
    235400   0.8020121900E+003   0.6803833678E+001
    235500   0.7865192838E+003   0.6826709623E+001
    235600   0.7977863891E+003   0.6809970051E+001
    235700   0.7997930699E+003   0.7162104007E+001
    235800   0.7970475234E+003   0.7166304076E+001
    235900   0.7991525845E+003   0.6807977859E+001
    236000   0.7879022049E+003   0.6824624761E+001
    236100   0.8020509492E+003   0.6093031354E+001
    236200   0.8059485742E+003   0.6087992311E+001
    236300   0.8034059669E+003   0.6446708046E+001
    236400   0.8062299400E+003   0.6797783985E+001
    236500   0.8040253492E+003   0.6445862448E+001
    236600   0.8186229760E+003   0.6071993362E+001
    236700   0.7975340334E+003   0.6454801028E+001
    236800   0.7935321478E+003   0.6460397107E+001
    236900   0.7854764187E+003   0.6115116187E+001
    237000   0.7845088967E+003   0.5759290032E+001
    237100   0.7931928625E+003   0.6104699632E+001
    237200   0.8120190863E+003   0.5725116177E+001
    237300   0.7947030354E+003   0.5746302803E+001
    237400   0.7952636146E+003   0.5388933330E+001
    237500   0.8207881924E+003   0.5359943289E+001
    237600   0.8130176294E+003   0.5012847304E+001
    237700   0.8144117271E+003   0.5366986408E+001
    237800   0.8061179035E+003   0.5020151861E+001
    237900   0.7891128770E+003   0.5396248782E+001
    238000   0.7970601267E+003   0.6099568098E+001
    238100   0.7947193459E+003   0.6102667118E+001
    238200   0.8053423744E+003   0.5377229008E+001
    238300   0.8021964592E+003   0.5380845306E+001
    238400   0.8104785190E+003   0.5371395493E+001
    238500   0.8191967239E+003   0.5361689151E+001
    238600   0.8092691582E+003   0.5728409935E+001
    238700   0.8138806349E+003   0.5722901251E+001
    238800   0.8123475119E+003   0.5724724544E+001
    238900   0.8226109063E+003   0.5712669754E+001
    239000   0.8174326492E+003   0.5718707647E+001
    239100   0.8093708788E+003   0.5016689854E+001
    239200   0.8054552317E+003   0.5377099891E+001
    239300   0.8052538604E+003   0.5021076936E+001
    239400   0.8068084316E+003   0.5731379580E+001
    239500   0.8051240812E+003   0.5733424534E+001
    239600   0.8103089900E+003   0.5371586659E+001
    239700   0.7933032512E+003   0.5391250447E+001
    239800   0.8052164967E+003   0.5733312074E+001
    239900   0.8012305967E+003   0.5381962266E+001
    240000   0.8089101484E+003   0.5728841877E+001
    240100   0.8091699007E+003   0.6438897443E+001
    240200   0.8120909635E+003   0.6080165863E+001
    240300   0.8080241786E+003   0.6440439616E+001
    240400   0.7951698136E+003   0.6458099078E+001
    240500   0.7973130109E+003   0.6099234574E+001
    240600   0.7932224012E+003   0.6104660214E+001
    240700   0.7890496690E+003   0.6110262850E+001
    240800   0.7970127022E+003   0.6099630672E+001
    240900   0.7993253420E+003   0.5740542001E+001
    241000   0.7773569588E+003   0.6483706867E+001
    241100   0.7778974412E+003   0.6482909565E+001
    241200   0.7781478024E+003   0.5409628262E+001
    241300   0.8026277971E+003   0.5023902828E+001
    241400   0.7931764303E+003   0.5034255355E+001
    241500   0.7932044000E+003   0.5034224291E+001
    241600   0.7912872531E+003   0.5036359521E+001
    241700   0.7953253594E+003   0.4674568934E+001
    241800   0.8043108985E+003   0.4665449288E+001
    241900   0.7907491316E+003   0.4321327502E+001
    242000   0.7976120263E+003   0.4672225249E+001
    242100   0.7858844569E+003   0.4326059194E+001
    242200   0.8105769038E+003   0.4659229897E+001
    242300   0.8088149455E+003   0.4304339441E+001
    242400   0.7917313188E+003   0.3962150506E+001
    242500   0.8076546606E+003   0.3948374070E+001
    242600   0.8022278082E+003   0.3952997096E+001
    242700   0.8133652420E+003   0.4300199915E+001
    242800   0.7986345957E+003   0.3956098709E+001
    242900   0.7947405978E+003   0.4675170822E+001
    243000   0.7902040656E+003   0.4321854257E+001
    243100   0.7968891689E+003   0.4315452225E+001
    243200   0.8014223281E+003   0.3953689535E+001
    243300   0.7834530458E+003   0.4686996365E+001
    243400   0.7834597687E+003   0.4328443463E+001
    243500   0.8012026049E+003   0.4668576817E+001
    243600   0.8057256915E+003   0.4307181069E+001
    243700   0.8142892340E+003   0.4299365951E+001
    243800   0.8037716155E+003   0.4308991746E+001
    243900   0.8115453850E+003   0.4301848962E+001
    244000   0.7971780790E+003   0.3957365317E+001
    244100   0.8023559375E+003   0.4310310001E+001
    244200   0.8030106785E+003   0.5379906158E+001
    244300   0.7960276112E+003   0.4673847489E+001
    244400   0.8173178769E+003   0.5008367671E+001
    244500   0.8199352758E+003   0.5005667962E+001
    244600   0.7947349240E+003   0.4675176667E+001
    244700   0.7982500792E+003   0.3956432562E+001
    244800   0.8036371545E+003   0.4309116719E+001
    244900   0.8087666330E+003   0.4661015104E+001
    245000   0.8148065100E+003   0.5010977082E+001
    245100   0.7831369295E+003   0.5045574399E+001
    245200   0.7826347363E+003   0.5404099998E+001
    245300   0.7851158338E+003   0.5401075008E+001
    245400   0.7909469308E+003   0.5394053440E+001
    245500   0.8040847845E+003   0.5378670657E+001
    245600   0.8125744813E+003   0.5013312091E+001
    245700   0.8003032477E+003   0.4669487058E+001
    245800   0.7987302089E+003   0.4313711248E+001
    245900   0.8124276890E+003   0.4657414366E+001
    246000   0.7973599283E+003   0.3957206881E+001
    246100   0.8033911671E+003   0.3951999880E+001
    246200   0.8093230763E+003   0.3946967390E+001
    246300   0.8143047247E+003   0.3942807420E+001
    246400   0.8057567682E+003   0.3592494228E+001
    246500   0.8172009709E+003   0.3583767465E+001
    246600   0.8024032892E+003   0.3952846458E+001
    246700   0.8067288222E+003   0.3591741697E+001
    246800   0.7998873457E+003   0.3597083818E+001
    246900   0.8189570182E+003   0.3225619311E+001
    247000   0.8146765766E+003   0.4299017007E+001
    247100   0.8043455725E+003   0.3951184304E+001
    247200   0.7985772733E+003   0.3956148455E+001
    247300   0.8088946920E+003   0.3947327922E+001
    247400   0.8058358196E+003   0.3592432950E+001
    247500   0.7991151092E+003   0.3597693567E+001
    247600   0.8024983958E+003   0.3595032371E+001
    247700   0.8056420317E+003   0.3592583194E+001
    247800   0.7938701262E+003   0.3601871893E+001
    247900   0.8046932683E+003   0.3950887749E+001
    248000   0.8215275088E+003   0.4292908802E+001
    248100   0.8023919898E+003   0.3952856156E+001
    248200   0.8106044692E+003   0.4302704967E+001
    248300   0.8095852308E+003   0.4303634857E+001
    248400   0.8089070450E+003   0.4304255114E+001
    248500   0.7987270251E+003   0.5028140682E+001
    248600   0.7940986760E+003   0.4675832743E+001
    248700   0.7937119821E+003   0.5033660998E+001
    248800   0.8051934631E+003   0.5021141687E+001
    248900   0.8123221143E+003   0.4657517670E+001
    249000   0.7988269046E+003   0.4313620068E+001
    249100   0.8077149088E+003   0.5018448153E+001
    249200   0.8004247239E+003   0.5026290323E+001
    249300   0.7950783555E+003   0.5389151729E+001
    249400   0.7951724000E+003   0.5032045001E+001
    249500   0.7945060388E+003   0.5389827180E+001
    249600   0.8049200066E+003   0.4664839729E+001
    249700   0.8147130303E+003   0.4655185874E+001
    249800   0.8068402137E+003   0.5019380312E+001
    249900   0.7971166276E+003   0.5029904441E+001
    250000   0.8057138219E+003   0.5020584196E+001
    250100   0.8014518608E+003   0.5381706109E+001
    250200   0.7772551191E+003   0.5410737092E+001
    250300   0.7949810786E+003   0.5032256307E+001
    250400   0.7904795985E+003   0.4679588236E+001
    250500   0.7966223593E+003   0.5387335169E+001
    250600   0.8043025370E+003   0.4665457663E+001
    250700   0.8022939943E+003   0.5380732688E+001
    250800   0.8098423275E+003   0.5016190812E+001
    250900   0.7975918724E+003   0.5386198729E+001
    251000   0.8272037227E+003   0.4998275467E+001
    251100   0.8253747758E+003   0.5354955678E+001
    251200   0.8109610608E+003   0.5370851876E+001
    251300   0.8131865870E+003   0.5368354429E+001
    251400   0.8178632346E+003   0.5007803498E+001
    251500   0.8154093993E+003   0.5010348941E+001
    251600   0.8122996745E+003   0.5369347788E+001
    251700   0.8136189175E+003   0.4656250942E+001
    251800   0.8066630940E+003   0.5019569356E+001
    251900   0.8119192580E+003   0.4657912147E+001
    252000   0.7989975601E+003   0.4670812829E+001
    252100   0.7831807286E+003   0.4687286623E+001
    252200   0.7885698490E+003   0.4681586321E+001
    252300   0.7949318709E+003   0.3959329353E+001
    252400   0.8080344950E+003   0.4305054928E+001
    252500   0.8086077431E+003   0.4661172241E+001
    252600   0.8118938544E+003   0.5014027110E+001
    252700   0.8116289409E+003   0.4301773059E+001
    252800   0.8219367152E+003   0.3936548627E+001
    252900   0.8116683940E+003   0.3945001457E+001
    253000   0.8029157644E+003   0.4309788048E+001
    253100   0.7911151779E+003   0.4320974232E+001
    253200   0.8013115418E+003   0.3953784902E+001
    253300   0.7998466874E+003   0.5026919302E+001
    253400   0.8051787837E+003   0.4664581088E+001
    253500   0.7881486529E+003   0.5039881526E+001
    253600   0.7971353186E+003   0.4672712540E+001
    253700   0.7937878890E+003   0.4676153665E+001
    253800   0.7917647333E+003   0.4320348294E+001
    253900   0.8100678394E+003   0.3946341656E+001
    254000   0.8107977877E+003   0.3231183277E+001
    254100   0.8157469614E+003   0.3227792758E+001
    254200   0.8161948554E+003   0.3227488298E+001
    254300   0.7975694201E+003   0.3240488602E+001
    254400   0.8136559799E+003   0.3229219323E+001
    254500   0.8153223836E+003   0.3585180290E+001
    254600   0.8129800220E+003   0.3586952626E+001
    254700   0.8209436608E+003   0.3224284174E+001
    254800   0.8142508442E+003   0.3228812604E+001
    254900   0.8034957576E+003   0.2877977112E+001
    255000   0.7974430774E+003   0.3240579227E+001
    255100   0.8059814137E+003   0.2876420185E+001
    255200   0.8004816854E+003   0.2879880277E+001
    255300   0.7994603461E+003   0.2521598576E+001
    255400   0.7866403152E+003   0.2888841054E+001
    255500   0.7849114464E+003   0.2529902566E+001
    255600   0.7993607509E+003   0.2521654212E+001
    255700   0.7976159459E+003   0.2522631548E+001
    255800   0.7952294121E+003   0.2883237301E+001
    255900   0.8001689743E+003   0.2880078697E+001
    256000   0.7942036839E+003   0.3242914430E+001
    256100   0.8071471742E+003   0.2875693874E+001
    256200   0.8101411152E+003   0.3231636795E+001
    256300   0.8151756971E+003   0.3228181650E+001
    256400   0.8250721368E+003   0.2507813259E+001
    256500   0.8173466113E+003   0.2511864759E+001
    256600   0.8177166946E+003   0.2153803903E+001
    256700   0.8040573338E+003   0.2160151008E+001
    256800   0.7997314880E+003   0.2521447193E+001
    256900   0.8132525438E+003   0.2871929902E+001
    257000   0.8251591916E+003   0.2864776922E+001
    257100   0.8119276794E+003   0.2514760618E+001
    257200   0.7920140023E+003   0.2525803744E+001
    257300   0.8082256079E+003   0.2516765223E+001
    257400   0.8101485004E+003   0.2515721326E+001
    257500   0.8086384887E+003   0.2516540587E+001
    257600   0.7985641654E+003   0.2162775630E+001
    257700   0.7816905684E+003   0.1810096701E+001
    257800   0.7989939918E+003   0.1802953923E+001
    257900   0.8002967197E+003   0.2161943240E+001
    258000   0.8064114412E+003   0.2159039092E+001
    258100   0.7968710627E+003   0.2523050323E+001
    258200   0.7920199869E+003   0.2165958477E+001
    258300   0.7922451219E+003   0.2885168098E+001
    258400   0.7943582364E+003   0.3242802507E+001
    258500   0.7807382836E+003   0.2892776141E+001
    258600   0.7971275394E+003   0.2882018091E+001
    258700   0.7938568303E+003   0.2884123220E+001
    258800   0.8165069757E+003   0.3227276363E+001
    258900   0.8176573804E+003   0.3226496854E+001
    259000   0.8030414256E+003   0.3594607693E+001
    259100   0.7945027047E+003   0.3242697933E+001
    259200   0.8056185502E+003   0.3592601405E+001
    259300   0.7995379394E+003   0.3239080939E+001
    259400   0.8041271133E+003   0.2877580581E+001
    259500   0.8166156079E+003   0.2869884747E+001
    259600   0.8040193612E+003   0.3593844593E+001
    259700   0.8013177698E+003   0.3595958018E+001
    259800   0.8173329932E+003   0.3583668461E+001
    259900   0.8019629935E+003   0.3595451746E+001
    260000   0.8088597904E+003   0.3232524204E+001
    260100   0.7945307110E+003   0.3601342076E+001
    260200   0.8008669600E+003   0.3596312313E+001
    260300   0.7969223054E+003   0.3240953133E+001
    260400   0.7978286993E+003   0.2881569448E+001
    260500   0.7927786339E+003   0.2884821665E+001
    260600   0.8023420737E+003   0.2519995822E+001
    260700   0.7776121315E+003   0.2534207226E+001
    260800   0.7887304376E+003   0.2167581939E+001
    260900   0.7972626978E+003   0.2522830030E+001
    261000   0.8020828299E+003   0.1442021469E+001
    261100   0.8053304321E+003   0.1081224056E+001
    261200   0.7951767390E+003   0.1444254012E+001
    261300   0.7973700054E+003   0.1443540050E+001
    261400   0.7947870702E+003   0.1083778402E+001
    261500   0.8057920987E+003   0.1800246443E+001
    261600   0.7924602052E+003   0.1805607789E+001
    261700   0.8004250668E+003   0.1802379468E+001
    261800   0.8186994514E+003   0.1795251002E+001
    261900   0.8090144750E+003   0.2157818453E+001
    262000   0.7915417023E+003   0.2166193531E+001
    262100   0.7990163428E+003   0.2521846731E+001
    262200   0.7988460554E+003   0.2880920131E+001
    262300   0.8062040892E+003   0.3592147663E+001
    262400   0.7977846598E+003   0.3956837165E+001
    262500   0.8093743843E+003   0.3589704330E+001
    262600   0.7930816666E+003   0.3243728504E+001
    262700   0.8056663871E+003   0.4307235870E+001
    262800   0.8041089402E+003   0.4308678438E+001
    262900   0.7929171612E+003   0.4319240736E+001
    263000   0.8006550864E+003   0.4669130675E+001
    263100   0.8042744111E+003   0.4308524862E+001
    263200   0.7966486913E+003   0.3957827029E+001
    263300   0.7979664164E+003   0.4314432382E+001
    263400   0.8114409956E+003   0.4301943817E+001
    263500   0.8072573516E+003   0.4305768995E+001
    263600   0.7957459704E+003   0.4674136647E+001
    263700   0.7993644519E+003   0.4670439780E+001
    263800   0.8019645245E+003   0.4667807550E+001
    263900   0.7978706411E+003   0.4671961178E+001
    264000   0.7999236075E+003   0.4312587739E+001
    264100   0.7981946091E+003   0.4314216764E+001
    264200   0.8240793366E+003   0.4290663954E+001
    264300   0.8098534437E+003   0.4303389891E+001
    264400   0.8017246125E+003   0.3953429482E+001
    264500   0.7982249534E+003   0.3956454391E+001
    264600   0.8067358798E+003   0.3591736241E+001
    264700   0.7996705134E+003   0.3597254886E+001
    264800   0.7992630983E+003   0.4313209080E+001
    264900   0.8073142658E+003   0.4305716646E+001
    265000   0.8045467454E+003   0.4308272264E+001
    265100   0.8090018693E+003   0.4660782595E+001
    265200   0.8037853311E+003   0.4665976115E+001
    265300   0.8037227804E+003   0.4666038869E+001
    265400   0.8021611669E+003   0.5024407237E+001
    265500   0.7991939859E+003   0.5027630811E+001
    265600   0.8042468899E+003   0.4308550399E+001
    265700   0.7952953323E+003   0.4316967087E+001
    265800   0.8080256927E+003   0.4305063007E+001
    265900   0.7980149004E+003   0.4314386557E+001
    266000   0.8089104814E+003   0.4304251968E+001
    266100   0.8177078150E+003   0.4296299624E+001
    266200   0.8121168899E+003   0.4301330166E+001
    266300   0.7970218502E+003   0.4315326439E+001
    266400   0.8131721803E+003   0.4656686784E+001
    266500   0.8082492336E+003   0.4304857902E+001
    266600   0.7964085074E+003   0.4673456807E+001
    266700   0.7961238412E+003   0.4673748745E+001
    266800   0.8100264973E+003   0.4303231937E+001
    266900   0.7955956391E+003   0.4674291090E+001
    267000   0.8045643421E+003   0.4308255950E+001
    267100   0.8041785272E+003   0.4308613844E+001
    267200   0.8111088656E+003   0.3945469264E+001
    267300   0.8105488800E+003   0.4302755613E+001
    267400   0.8143823133E+003   0.4299282063E+001
    267500   0.8090371601E+003   0.3947207970E+001
    267600   0.8043683862E+003   0.3951164837E+001
    267700   0.8077788262E+003   0.4305289668E+001
    267800   0.8159456165E+003   0.4653990010E+001
    267900   0.7967592490E+003   0.5387174513E+001
    268000   0.8203306738E+003   0.5360444383E+001
    268100   0.8056200231E+003   0.5376911434E+001
    268200   0.8034476605E+003   0.5023018253E+001
    268300   0.8175170613E+003   0.5008161512E+001
    268400   0.8063316073E+003   0.5376098693E+001
    268500   0.8241006150E+003   0.4646183232E+001
    268600   0.7994465459E+003   0.5027355334E+001
    268700   0.8084358355E+003   0.4661342333E+001
    268800   0.7952693526E+003   0.5031937967E+001
    268900   0.7954259795E+003   0.4316842644E+001
    269000   0.7945068538E+003   0.3959702448E+001
    269100   0.8126923099E+003   0.3944147341E+001
    269200   0.7974158695E+003   0.4672425678E+001
    269300   0.8162793889E+003   0.4297577208E+001
    269400   0.8029320846E+003   0.4309772844E+001
    269500   0.8068642131E+003   0.4306130839E+001
    269600   0.8065900687E+003   0.4306383406E+001
    269700   0.8059270475E+003   0.3592362250E+001
    269800   0.8160067333E+003   0.3584664730E+001
    269900   0.8060260180E+003   0.4306903695E+001
    270000   0.8032764698E+003   0.3952098046E+001
    270100   0.7822322122E+003   0.3970683912E+001
    270200   0.8039517211E+003   0.3593897303E+001
    270300   0.7963203989E+003   0.3599911867E+001
    270400   0.8048309551E+003   0.3593212946E+001
    270500   0.8144671233E+003   0.3585826034E+001
    270600   0.8034969019E+003   0.3594252005E+001
    270700   0.7835065128E+003   0.3250787657E+001
    270800   0.7934593025E+003   0.3243454209E+001
    270900   0.8068764037E+003   0.3233904367E+001
    271000   0.7999832288E+003   0.2880196642E+001
    271100   0.7984698846E+003   0.3239843678E+001
    271200   0.7932909324E+003   0.3602337285E+001
    271300   0.7928388630E+003   0.3243905026E+001
    271400   0.7984993276E+003   0.2881141208E+001
    271500   0.8020110419E+003   0.2878912499E+001
    271600   0.7795315941E+003   0.2533066015E+001
    271700   0.7954035989E+003   0.2164305105E+001
    271800   0.8125979188E+003   0.1797589200E+001
    271900   0.8012438151E+003   0.2520605050E+001
    272000   0.7895508607E+003   0.2167175548E+001
    272100   0.7882665206E+003   0.1807338543E+001
    272200   0.7909198822E+003   0.2526429494E+001
    272300   0.7870743268E+003   0.2168405330E+001
    272400   0.7987915483E+003   0.2521972493E+001
    272500   0.8006227187E+003   0.2161787091E+001
    272600   0.7919370655E+003   0.2165999205E+001
    272700   0.7912234373E+003   0.2526255680E+001
    272800   0.7903719620E+003   0.2526743629E+001
    272900   0.8012240349E+003   0.2161499461E+001
    273000   0.8022165134E+003   0.2878782807E+001
    273100   0.7945966641E+003   0.2524334720E+001
    273200   0.8016552774E+003   0.2520376573E+001
    273300   0.7894026553E+003   0.2887023144E+001
    273400   0.8078687057E+003   0.2516959620E+001
    273500   0.7885469920E+003   0.2527793640E+001
    273600   0.8160994124E+003   0.2870197373E+001
    273700   0.7997403516E+003   0.2521442247E+001
    273800   0.7872320994E+003   0.2888450331E+001
    273900   0.7871109735E+003   0.3248106545E+001
    274000   0.7939129337E+003   0.3601837528E+001
    274100   0.7868377998E+003   0.3607577119E+001
    274200   0.7978997890E+003   0.2881524012E+001
    274300   0.8082158626E+003   0.3590594590E+001
    274400   0.7995148414E+003   0.3597377770E+001
    274500   0.7880634942E+003   0.3606574096E+001
    274600   0.8023575989E+003   0.2878693800E+001
    274700   0.8061966964E+003   0.3234379184E+001
    274800   0.7993780929E+003   0.3239194939E+001
    274900   0.8046259141E+003   0.3593372384E+001
    275000   0.8129416054E+003   0.3229708674E+001
    275100   0.7915824244E+003   0.3962282404E+001
    275200   0.8014536151E+003   0.3595851348E+001
    275300   0.7900509806E+003   0.3245941024E+001
    275400   0.7804882593E+003   0.3253055228E+001
    275500   0.7854105281E+003   0.3967801628E+001
    275600   0.8087642802E+003   0.3947437766E+001
    275700   0.8138733826E+003   0.3586275259E+001
    275800   0.8088371749E+003   0.3947376363E+001
    275900   0.8148182907E+003   0.3942381949E+001
    276000   0.8111434315E+003   0.3945440343E+001
    276100   0.8177940952E+003   0.3939928915E+001
    276200   0.8010312018E+003   0.4311548526E+001
    276300   0.7984774689E+003   0.3956235087E+001
    276400   0.8176018322E+003   0.3583466974E+001
    276500   0.7950741091E+003   0.3600907025E+001
    276600   0.8006943026E+003   0.3954316798E+001
    276700   0.7938948779E+003   0.4318304051E+001
    276800   0.8111292119E+003   0.4658687094E+001
    276900   0.8102340955E+003   0.4303042556E+001
    277000   0.8106196932E+003   0.4302691099E+001
    277100   0.8157272559E+003   0.3941630442E+001
    277200   0.7975775360E+003   0.3598911753E+001
    277300   0.8055294490E+003   0.3950175788E+001
    277400   0.7969193178E+003   0.3240955279E+001
    277500   0.8076353819E+003   0.3233375283E+001
    277600   0.7986888936E+003   0.3598030696E+001
    277700   0.7932827254E+003   0.3602343886E+001
    277800   0.7947188755E+003   0.3601191350E+001
    277900   0.7891256533E+003   0.2887204763E+001
    278000   0.7851028678E+003   0.3609003180E+001
    278100   0.7790877248E+003   0.3973562836E+001
    278200   0.7849352972E+003   0.3249721406E+001
    278300   0.7907334795E+003   0.3245441030E+001
    278400   0.8078753023E+003   0.3233208277E+001
    278500   0.7914452923E+003   0.3603825640E+001
    278600   0.8081327847E+003   0.3590658546E+001
    278700   0.8145279003E+003   0.3228623415E+001
    278800   0.8044648073E+003   0.3235593274E+001
    278900   0.8155485622E+003   0.3227927747E+001
    279000   0.8024684710E+003   0.3595055794E+001
    279100   0.7961300716E+003   0.3958280050E+001
    279200   0.7996468560E+003   0.3955221626E+001
    279300   0.8120380848E+003   0.3944692782E+001
    279400   0.8270663074E+003   0.3576471178E+001
    279500   0.8130353958E+003   0.3586910589E+001
    279600   0.8119196684E+003   0.3944791619E+001
    279700   0.8196626448E+003   0.3938399270E+001
    279800   0.7964868186E+003   0.3957968352E+001
    279900   0.7867457748E+003   0.4325216401E+001
    280000   0.7879135386E+003   0.3606696612E+001
    280100   0.7921685094E+003   0.3603241453E+001
    280200   0.7877494039E+003   0.3965698097E+001
    280300   0.7942825599E+003   0.3959899531E+001
    280400   0.7757113967E+003   0.4695341815E+001
    280500   0.7867997527E+003   0.5399034731E+001
    280600   0.7900531962E+003   0.4680033376E+001
    280700   0.7990075651E+003   0.5027834278E+001
    280800   0.7906017187E+003   0.5394465741E+001
    280900   0.8005916266E+003   0.5026108909E+001
    281000   0.7978531734E+003   0.4671979008E+001
    281100   0.7988882437E+003   0.4670924058E+001
    281200   0.8250033271E+003   0.4289855118E+001
    281300   0.8044045640E+003   0.3951133968E+001
    281400   0.8231360169E+003   0.3579353462E+001
    281500   0.8187569081E+003   0.3582603040E+001
    281600   0.8008356428E+003   0.3596336943E+001
    281700   0.8050165612E+003   0.3235205817E+001
    281800   0.8116571595E+003   0.3230591070E+001
    281900   0.8085395994E+003   0.3590345515E+001
    282000   0.7919397405E+003   0.3961965974E+001
    282100   0.8102956988E+003   0.2515641655E+001
    282200   0.8099521497E+003   0.2515827654E+001
    282300   0.8069065483E+003   0.3233883330E+001
    282400   0.8045743276E+003   0.3235516316E+001
    282500   0.8094615817E+003   0.3232107010E+001
    282600   0.8069224386E+003   0.3591592060E+001
    282700   0.7947104581E+003   0.3601198091E+001
    282800   0.7938723639E+003   0.4318325590E+001
    282900   0.8013832376E+003   0.3953723181E+001
    283000   0.8120412281E+003   0.4301398801E+001
    283100   0.8205246982E+003   0.3937696317E+001
    283200   0.8132477133E+003   0.3586749473E+001
    283300   0.8178052406E+003   0.3939919766E+001
    283400   0.8092002444E+003   0.3589837956E+001
    283500   0.8319635780E+003   0.3217013392E+001
    283600   0.8346538658E+003   0.3926416190E+001
    283700   0.8218810994E+003   0.3223656785E+001
    283800   0.8164309312E+003   0.3227327981E+001
    283900   0.8181571030E+003   0.3226159044E+001
    284000   0.8144155607E+003   0.3585865016E+001
    284100   0.7964604017E+003   0.4315859046E+001
    284200   0.8129116853E+003   0.4300610093E+001
    284300   0.8072924813E+003   0.4305736682E+001
    284400   0.8129544767E+003   0.5012913504E+001
    284500   0.8133700673E+003   0.5012478079E+001
    284600   0.8108899320E+003   0.5370931960E+001
    284700   0.8242906215E+003   0.5710730196E+001
    284800   0.8151953815E+003   0.6076262709E+001
    284900   0.7894119593E+003   0.6109773653E+001
    285000   0.7841691372E+003   0.6473752215E+001
    285100   0.7944093750E+003   0.6103079103E+001
    285200   0.8027310878E+003   0.6092147910E+001
    285300   0.7971744145E+003   0.5743212964E+001
    285400   0.7852851335E+003   0.6115377462E+001
    285500   0.7862739950E+003   0.6114028391E+001
    285600   0.8074418481E+003   0.5730613138E+001
    285700   0.8109391307E+003   0.5015032443E+001
    285800   0.8065832133E+003   0.4663180788E+001
    285900   0.7955382182E+003   0.4316735775E+001
    286000   0.7951771844E+003   0.4674721351E+001
    286100   0.8018738987E+003   0.4310760114E+001
    286200   0.8074394979E+003   0.4305601488E+001
    286300   0.8015344533E+003   0.3953593048E+001
    286400   0.8030984951E+003   0.4309617864E+001
    286500   0.8065365998E+003   0.3949320554E+001
    286600   0.8005444186E+003   0.3954446103E+001
    286700   0.7960000492E+003   0.4316296409E+001
    286800   0.7967804275E+003   0.3599545461E+001
    286900   0.7966048941E+003   0.4315721892E+001
    287000   0.8022943596E+003   0.4310367465E+001
    287100   0.7926308176E+003   0.4677351070E+001
    287200   0.7976975186E+003   0.4314686647E+001
    287300   0.7934602459E+003   0.4318720108E+001
    287400   0.7947721185E+003   0.4675138351E+001
    287500   0.7986977477E+003   0.3956043914E+001
    287600   0.8202046285E+003   0.3224779961E+001
    287700   0.8159687704E+003   0.3227641933E+001
    287800   0.7987261174E+003   0.2880996579E+001
    287900   0.8023734183E+003   0.3595130206E+001
    288000   0.8007852754E+003   0.3238193197E+001
    288100   0.7956076454E+003   0.4674278753E+001
    288200   0.7996270998E+003   0.3955238719E+001
    288300   0.8068841053E+003   0.3949026047E+001
    288400   0.8078183522E+003   0.3948235757E+001
    288500   0.7986781336E+003   0.4313760363E+001
    288600   0.8091197793E+003   0.3947138431E+001
    288700   0.7960358831E+003   0.4673839000E+001
    288800   0.8024728287E+003   0.4667295298E+001
    288900   0.7705280254E+003   0.4701040210E+001
    289000   0.7974034779E+003   0.4672438343E+001
    289100   0.7867267959E+003   0.5041487958E+001
    289200   0.7934711832E+003   0.4676481002E+001
    289300   0.7881167887E+003   0.5397446123E+001
    289400   0.8130363954E+003   0.4300497257E+001
    289500   0.8133118084E+003   0.4300248210E+001
    289600   0.7890330944E+003   0.3964549818E+001
    289700   0.8112871099E+003   0.3588241029E+001
    289800   0.8190500589E+003   0.3582384233E+001
    289900   0.8127055536E+003   0.3944136310E+001
    290000   0.7932934422E+003   0.3960770213E+001
    290100   0.8175971002E+003   0.3940090657E+001
    290200   0.8152147331E+003   0.3585261482E+001
    290300   0.8139875902E+003   0.3586188790E+001
    290400   0.7973656754E+003   0.3240634764E+001
    290500   0.8099938765E+003   0.3231738600E+001
    290600   0.8044032042E+003   0.3593545669E+001
    290700   0.8162018694E+003   0.3227483533E+001
    290800   0.8129068186E+003   0.3943968725E+001
    290900   0.8143785500E+003   0.3585893000E+001
    291000   0.8115257760E+003   0.3588059009E+001
    291100   0.7925280591E+003   0.3602951489E+001
    291200   0.8005343412E+003   0.3954454799E+001
    291300   0.8093202012E+003   0.4303877104E+001
    291400   0.8045843920E+003   0.4308237362E+001
    291500   0.7981607855E+003   0.4671665152E+001
    291600   0.8014599444E+003   0.4311147159E+001
    291700   0.8086074715E+003   0.3947569899E+001
    291800   0.8108590792E+003   0.4658952470E+001
    291900   0.7848569574E+003   0.4327067446E+001
    292000   0.8130966795E+003   0.4656760499E+001
    292100   0.8033745157E+003   0.4666388478E+001
    292200   0.7988929398E+003   0.4670919279E+001
    292300   0.7963433225E+003   0.4673523635E+001
    292400   0.8030288535E+003   0.4309682713E+001
    292500   0.8010904617E+003   0.4668690186E+001
    292600   0.8001414445E+003   0.4669651074E+001
    292700   0.8129432145E+003   0.5012925311E+001
    292800   0.7994781748E+003   0.4670324230E+001
    292900   0.7979616972E+003   0.5028977851E+001
    293000   0.8046997863E+003   0.4308130403E+001
    293100   0.8139258370E+003   0.4299693676E+001
    293200   0.7988745654E+003   0.3955890548E+001
    293300   0.8054617643E+003   0.3950233353E+001
    293400   0.8018723234E+003   0.4310761586E+001
    293500   0.8147188298E+003   0.3942464300E+001
    293600   0.8103251896E+003   0.3588975918E+001
    293700   0.8069796731E+003   0.3948945107E+001
    293800   0.7947865589E+003   0.4317452154E+001
    293900   0.7843332913E+003   0.3968775445E+001
    294000   0.8010091315E+003   0.3596200529E+001
    294100   0.8010384310E+003   0.3954020132E+001
    294200   0.7931291894E+003   0.3243693969E+001
    294300   0.8096445011E+003   0.3589497189E+001
    294400   0.7905037810E+003   0.2886302663E+001
    294500   0.7964431440E+003   0.2882456905E+001
    294600   0.8049053469E+003   0.2877092808E+001
    294700   0.8119735156E+003   0.2872712926E+001
    294800   0.8195536502E+003   0.2510698187E+001
    294900   0.8208701940E+003   0.2510005802E+001
    295000   0.8056381350E+003   0.2518179150E+001
    295100   0.8020091223E+003   0.1801746418E+001
    295200   0.8133413101E+003   0.1797302117E+001
    295300   0.7949333852E+003   0.2164533878E+001
    295400   0.8089644550E+003   0.1799001298E+001
    295500   0.8128776774E+003   0.1797481091E+001
    295600   0.8060719291E+003   0.1800136147E+001
    295700   0.8143915172E+003   0.1438152714E+001
    295800   0.8111020615E+003   0.1439173110E+001
    295900   0.7955106836E+003   0.1444145005E+001
    296000   0.7903481147E+003   0.1806476749E+001
    296100   0.7953113999E+003   0.1804443379E+001
    296200   0.7857214626E+003   0.1808399547E+001
    296300   0.7966050098E+003   0.1443788548E+001
    296400   0.7918031607E+003   0.1084515904E+001
    296500   0.7887009133E+003   0.7238584536E+000
    296600   0.7911116935E+003   0.1084687745E+001
    296700   0.7811192990E+003   0.1448942742E+001
    296800   0.7981384585E+003   0.1803298506E+001
    296900   0.8177183140E+003   0.1078321688E+001
    297000   0.8024293416E+003   0.1441910644E+001
    297100   0.7892391639E+003   0.2167329828E+001
    297200   0.8184702168E+003   0.1795338108E+001
    297300   0.8068909301E+003   0.2158813550E+001
    297400   0.8100304093E+003   0.1798585486E+001
    297500   0.7983363985E+003   0.2522227384E+001
    297600   0.7989213318E+003   0.1802983154E+001
    297700   0.8020730072E+003   0.2878873379E+001
    297800   0.8080296881E+003   0.2875145673E+001
    297900   0.7953346467E+003   0.1804433926E+001
    298000   0.8008855931E+003   0.2161661287E+001
    298100   0.8083410432E+003   0.2158133359E+001
    298200   0.8034540974E+003   0.1801171514E+001
    298300   0.8068623317E+003   0.2158826993E+001
    298400   0.7922243202E+003   0.2165858158E+001
    298500   0.8140742576E+003   0.1438250707E+001
    298600   0.8045875553E+003   0.1800722252E+001
    298700   0.7960986555E+003   0.2163967523E+001
    298800   0.7969053729E+003   0.1803796691E+001
    298900   0.7984411822E+003   0.1082884109E+001
    299000   0.7875326586E+003   0.2168177046E+001
    299100   0.7919338493E+003   0.2885370475E+001
    299200   0.8019099949E+003   0.2878976308E+001
    299300   0.8075300710E+003   0.2517144253E+001
    299400   0.7908730606E+003   0.2526456318E+001
    299500   0.7918849032E+003   0.2166024830E+001
    299600   0.8104908761E+003   0.2157130219E+001
    299700   0.8109188223E+003   0.2515304766E+001
    299800   0.7995126479E+003   0.2880495740E+001
    299900   0.8023224751E+003   0.3237103617E+001
    300000   0.7893699739E+003   0.3246440941E+001
    300100   0.8253097334E+003   0.3577755398E+001
    300200   0.8271518081E+003   0.3576408832E+001
    300300   0.8092332655E+003   0.3947042938E+001
    300400   0.8094773544E+003   0.5016577087E+001
    300500   0.8083097025E+003   0.5373848199E+001
    300600   0.8129062894E+003   0.4656946457E+001
    300700   0.8004928969E+003   0.4312053175E+001
    300800   0.8121098341E+003   0.4301336566E+001
    300900   0.7936327227E+003   0.4318554938E+001
    301000   0.7878275882E+003   0.5040243673E+001
    301100   0.8098738021E+003   0.5016157519E+001
    301200   0.7945735595E+003   0.5032706792E+001
    301300   0.7971060062E+003   0.4672742526E+001
    301400   0.8161155938E+003   0.5009614548E+001
    301500   0.7912679435E+003   0.5036381089E+001
    301600   0.8030272852E+003   0.5379887027E+001
    301700   0.8199120245E+003   0.5005691856E+001
    301800   0.8113732133E+003   0.5370388156E+001
    301900   0.8259971234E+003   0.4999492150E+001
    302000   0.8072235462E+003   0.5018971505E+001
    302100   0.8104037015E+003   0.4659400298E+001
    302200   0.8277539475E+003   0.4287459780E+001
    302300   0.8113885658E+003   0.4658432502E+001
    302400   0.8184212136E+003   0.3939414627E+001
    302500   0.8105414565E+003   0.4659264764E+001
    302600   0.8130335140E+003   0.4300499863E+001
    302700   0.8023999977E+003   0.4667368648E+001
    302800   0.8008205927E+003   0.4311745873E+001
    302900   0.7950752666E+003   0.3959203580E+001
    303000   0.7924877060E+003   0.3602984017E+001
    303100   0.7824702552E+003   0.3611181360E+001
    303200   0.7929068476E+003   0.3961111212E+001
    303300   0.8076111366E+003   0.3948410858E+001
    303400   0.8076919743E+003   0.4662079319E+001
    303500   0.8092097377E+003   0.4303978126E+001
    303600   0.8104111115E+003   0.4302881164E+001
    303700   0.7955793941E+003   0.5031595891E+001
    303800   0.8171326994E+003   0.4296813379E+001
    303900   0.8044995756E+003   0.3951052915E+001
    304000   0.8073548376E+003   0.4305679333E+001
    304100   0.8077174279E+003   0.4662054074E+001
    304200   0.8016388086E+003   0.4310979864E+001
    304300   0.8016096554E+003   0.3953528351E+001
    304400   0.8052949976E+003   0.4307579271E+001
    304500   0.8000974379E+003   0.4312424417E+001
    304600   0.8143754899E+003   0.4299288212E+001
    304700   0.7994770307E+003   0.4670325393E+001
    304800   0.7951575155E+003   0.4674741587E+001
    304900   0.7995272095E+003   0.4670274420E+001
    305000   0.8145886435E+003   0.3942572126E+001
    305100   0.8012208513E+003   0.3953862992E+001
    305200   0.7854362676E+003   0.3249348634E+001
    305300   0.7988352809E+003   0.2880926998E+001
    305400   0.7924246624E+003   0.2885051453E+001
    305500   0.7936498937E+003   0.3243315891E+001
    305600   0.8082943033E+003   0.3232916894E+001
    305700   0.8033392566E+003   0.2519444361E+001
    305800   0.8076058489E+003   0.2875408778E+001
    305900   0.8137974648E+003   0.2871597178E+001
    306000   0.7987667356E+003   0.3597969093E+001
    306100   0.8168371641E+003   0.3227052366E+001
    306200   0.8008418997E+003   0.3238152974E+001
    306300   0.8075654048E+003   0.3591095745E+001
    306400   0.8075178352E+003   0.3233457148E+001
    306500   0.8061567218E+003   0.3234407138E+001
    306600   0.8036643764E+003   0.2877871137E+001
    306700   0.8052815296E+003   0.2518374855E+001
    306800   0.8021868559E+003   0.2520081806E+001
    306900   0.8066949562E+003   0.2875975330E+001
    307000   0.8062604760E+003   0.2876246095E+001
    307100   0.8085196509E+003   0.2516605215E+001
    307200   0.8143502196E+003   0.2513460432E+001
    307300   0.8029017988E+003   0.2519686085E+001
    307400   0.7942394422E+003   0.2524537237E+001
    307500   0.8041517077E+003   0.2518996248E+001
    307600   0.8221912702E+003   0.2509313645E+001
    307700   0.8170577209E+003   0.1795876107E+001
    307800   0.8066142210E+003   0.2158943670E+001
    307900   0.8070451275E+003   0.1799753256E+001
    308000   0.8122910795E+003   0.2514565000E+001
    308100   0.8069083567E+003   0.2875842465E+001
    308200   0.7985349423E+003   0.2881118489E+001
    308300   0.7934385091E+003   0.2524992087E+001
    308400   0.8039789324E+003   0.3235934987E+001
    308500   0.8153718539E+003   0.3228048043E+001
    308600   0.8039022298E+003   0.2877721738E+001
    308700   0.8023541649E+003   0.3237081207E+001
    308800   0.7985313641E+003   0.3239799708E+001
    308900   0.8137376881E+003   0.3229163416E+001
    309000   0.7989908152E+003   0.2880827898E+001
    309100   0.7990450174E+003   0.2880793373E+001
    309200   0.7993002561E+003   0.2880630870E+001
    309300   0.8109388563E+003   0.2873348468E+001
    309400   0.7999783299E+003   0.2880199753E+001
    309500   0.8051046126E+003   0.2518472022E+001
    309600   0.7987259558E+003   0.2162697719E+001
    309700   0.7882448275E+003   0.2167822953E+001
    309800   0.8123885820E+003   0.2514512549E+001
    309900   0.8050904949E+003   0.2159662073E+001
    310000   0.8080659488E+003   0.2158262174E+001
    310100   0.7995784346E+003   0.2162287818E+001
    310200   0.8053961362E+003   0.1800402668E+001
    310300   0.7954325351E+003   0.2164291037E+001
    310400   0.8002425374E+003   0.1802452603E+001
    310500   0.7979425422E+003   0.2881496692E+001
    310600   0.7979050760E+003   0.2522469247E+001
    310700   0.8034877240E+003   0.2519362393E+001
    310800   0.7894101407E+003   0.2167245182E+001
    310900   0.8104560118E+003   0.2873645708E+001
    311000   0.7931127071E+003   0.2884605016E+001
    311100   0.7824764478E+003   0.2891609964E+001
    311200   0.8015830365E+003   0.2520416667E+001
    311300   0.7886012461E+003   0.2527762342E+001
    311400   0.7947475884E+003   0.1804672855E+001
    311500   0.8113723950E+003   0.2156720696E+001
    311600   0.8070789022E+003   0.1799739987E+001
    311700   0.7956724533E+003   0.2164174443E+001
    311800   0.8015189154E+003   0.2161358595E+001
    311900   0.7831456966E+003   0.1809481656E+001
    312000   0.7848333453E+003   0.1447684649E+001
    312100   0.7874615137E+003   0.1807673265E+001
    312200   0.7805876929E+003   0.1449123977E+001
    312300   0.7950183094E+003   0.2164492536E+001
    312400   0.8153302737E+003   0.2154894810E+001
    312500   0.8013055311E+003   0.2520570763E+001
    312600   0.8178307601E+003   0.2153751947E+001
    312700   0.8195493065E+003   0.2510700475E+001
    312800   0.8063298563E+003   0.2159077499E+001
    312900   0.7996075620E+003   0.2521516368E+001
    313000   0.7969705025E+003   0.2882118700E+001
    313100   0.7998947714E+003   0.2880252833E+001
    313200   0.7887787225E+003   0.3246875796E+001
    313300   0.7874454476E+003   0.2888309638E+001
    313400   0.8056399095E+003   0.2876633422E+001
    313500   0.7934740283E+003   0.2165245935E+001
    313600   0.8137120669E+003   0.2513802049E+001
    313700   0.7915267563E+003   0.2166200882E+001
    313800   0.8010414834E+003   0.2161586728E+001
    313900   0.8025346851E+003   0.1801537034E+001
    314000   0.8158513221E+003   0.1437702976E+001
    314100   0.7884308434E+003   0.1807270317E+001
    314200   0.7964346753E+003   0.1803987340E+001
    314300   0.7915074207E+003   0.1805999108E+001
    314400   0.7761781168E+003   0.2895865036E+001
    314500   0.7896916442E+003   0.2167105913E+001
    314600   0.7972445496E+003   0.2522840233E+001
    314700   0.7806783097E+003   0.2532387403E+001
    314800   0.7763146138E+003   0.2895771955E+001
    314900   0.7926617429E+003   0.2884897521E+001
    315000   0.7800988874E+003   0.2893206673E+001
    315100   0.7948216772E+003   0.2524207264E+001
    315200   0.8028976879E+003   0.3236697162E+001
    315300   0.8033413678E+003   0.2878074190E+001
    315400   0.7988323153E+003   0.2162646521E+001
    315500   0.7980234316E+003   0.2522402849E+001
    315600   0.8136558404E+003   0.2155664730E+001
    315700   0.8028742791E+003   0.2878368155E+001
    315800   0.8076408404E+003   0.2875387045E+001
    315900   0.7875597127E+003   0.2528364073E+001
    316000   0.8020283841E+003   0.2878901550E+001
    316100   0.8003897632E+003   0.2879938584E+001
    316200   0.8036104660E+003   0.3236194450E+001
    316300   0.8135793747E+003   0.3229271749E+001
    316400   0.8021291889E+003   0.3237240350E+001
    316500   0.8022120601E+003   0.3953010618E+001
    316600   0.7868870196E+003   0.4325078401E+001
    316700   0.8075445279E+003   0.4662225591E+001
    316800   0.8101592318E+003   0.4659640957E+001
    316900   0.8005493583E+003   0.5382751977E+001
    317000   0.8141341590E+003   0.5367295925E+001
    317100   0.7989769236E+003   0.6097046248E+001
    317200   0.8037552114E+003   0.5735093861E+001
    317300   0.7988518747E+003   0.5384726620E+001
    317400   0.8148375780E+003   0.5366512019E+001
    317500   0.8064024236E+003   0.5731871596E+001
    317600   0.8137440900E+003   0.5367731310E+001
    317700   0.8118090095E+003   0.5369898434E+001
    317800   0.8120890152E+003   0.5013821944E+001
    317900   0.8022654183E+003   0.5024294486E+001
    318000   0.8056894687E+003   0.5020610268E+001
    318100   0.8000554329E+003   0.4669738294E+001
    318200   0.7957188641E+003   0.5031442113E+001
    318300   0.8095779862E+003   0.5016470541E+001
    318400   0.8048217924E+003   0.5377825142E+001
    318500   0.7992441043E+003   0.5384269475E+001
    318600   0.8066149483E+003   0.4663149212E+001
    318700   0.7926681841E+003   0.5392003973E+001
    318800   0.7995557689E+003   0.4670245412E+001
    318900   0.8117871329E+003   0.4658041624E+001
    319000   0.8035411437E+003   0.4666221162E+001
    319100   0.8054501793E+003   0.4664310044E+001
    319200   0.8122309753E+003   0.4657606873E+001
    319300   0.8122499445E+003   0.4301209505E+001
    319400   0.8093114322E+003   0.4303885122E+001
    319500   0.8056474684E+003   0.3950075440E+001
    319600   0.7952308860E+003   0.3959067147E+001
    319700   0.8130032690E+003   0.3586934977E+001
    319800   0.8126568515E+003   0.3944176877E+001
    319900   0.7964886036E+003   0.3957966794E+001
    320000   0.8144470539E+003   0.3228678606E+001
    320100   0.7991830558E+003   0.3239334109E+001
    320200   0.8183149928E+003   0.3226052412E+001
    320300   0.8317821181E+003   0.2860901737E+001
    320400   0.8075832154E+003   0.2875422838E+001
    320500   0.8089389303E+003   0.3232469298E+001
    320600   0.8017324698E+003   0.3237521237E+001
    320700   0.7953805487E+003   0.3242063466E+001
    320800   0.7849317209E+003   0.3609144261E+001
    320900   0.8043914669E+003   0.2877414768E+001
    321000   0.7922605979E+003   0.3244325947E+001
    321100   0.8174339027E+003   0.2869390106E+001
    321200   0.8097833676E+003   0.2515919101E+001
    321300   0.7991635927E+003   0.2521764396E+001
    321400   0.8057014630E+003   0.2518144417E+001
    321500   0.8061866597E+003   0.2517878517E+001
    321600   0.7953398383E+003   0.2523914083E+001
    321700   0.7992300736E+003   0.2880675541E+001
    321800   0.7985081354E+003   0.2881135589E+001
    321900   0.8100170605E+003   0.2873916288E+001
    322000   0.8057126146E+003   0.3234717918E+001
    322100   0.8021583767E+003   0.3595298628E+001
    322200   0.8160411082E+003   0.3227592765E+001
    322300   0.7958347858E+003   0.3241735810E+001
    322400   0.8154295107E+003   0.3585099518E+001
    322500   0.8041241277E+003   0.3235832821E+001
    322600   0.8045579932E+003   0.2877310382E+001
    322700   0.8012671659E+003   0.2879382682E+001
    322800   0.8024075621E+003   0.2878662288E+001
    322900   0.7993646507E+003   0.2521652033E+001
    323000   0.8085988538E+003   0.2516562140E+001
    323100   0.7929827428E+003   0.2165486341E+001
    323200   0.7971078069E+003   0.1803714780E+001
    323300   0.7910945939E+003   0.2166413567E+001
    323400   0.8105773822E+003   0.2157089985E+001
    323500   0.7880106902E+003   0.2167939284E+001
    323600   0.7840495139E+003   0.1447948989E+001
    323700   0.7928926185E+003   0.1445002506E+001
    323800   0.7983352325E+003   0.1443227310E+001
    323900   0.7974098143E+003   0.1083135542E+001
    324000   0.8021619719E+003   0.1081983364E+001
    324100   0.8061838287E+003   0.1440717035E+001
    324200   0.7934407955E+003   0.2165262186E+001
    324300   0.8148063312E+003   0.2155135324E+001
    324400   0.8106840402E+003   0.1798331150E+001
    324500   0.7911102303E+003   0.2526320483E+001
    324600   0.7864520820E+003   0.2529006056E+001
    324700   0.7842357985E+003   0.2530297044E+001
    324800   0.7978294559E+003   0.3240302185E+001
    324900   0.8015203863E+003   0.2879222513E+001
    325000   0.8069876990E+003   0.2875793088E+001
    325100   0.8059430272E+003   0.2876444143E+001
    325200   0.7981973547E+003   0.2881333932E+001
    325300   0.7981250190E+003   0.3240090473E+001
    325400   0.8073189765E+003   0.2517259440E+001
    325500   0.8027105453E+003   0.2519791863E+001
    325600   0.7843365099E+003   0.3250167702E+001
    325700   0.7929777456E+003   0.2884692514E+001
    325800   0.7991756959E+003   0.2162481340E+001
    325900   0.7984978206E+003   0.2522136946E+001
    326000   0.7847702493E+003   0.2169557709E+001
    326100   0.7996881338E+003   0.2521471391E+001
    326200   0.8006184088E+003   0.2520952855E+001
    326300   0.7991860001E+003   0.2521751870E+001
    326400   0.7899747871E+003   0.2526971660E+001
    326500   0.8147176456E+003   0.2871036507E+001
    326600   0.8037300599E+003   0.2877829870E+001
    326700   0.7993143907E+003   0.3239240386E+001
    326800   0.8031351069E+003   0.3236529598E+001
    326900   0.7995370023E+003   0.2880480250E+001
    327000   0.7789239724E+003   0.2893999970E+001
    327100   0.7986703142E+003   0.3239700361E+001
    327200   0.7798089798E+003   0.3253568420E+001
    327300   0.7919712416E+003   0.3244536842E+001
    327400   0.7973264874E+003   0.3240662887E+001
    327500   0.7910399089E+003   0.3604153643E+001
    327600   0.8028128971E+003   0.3594786332E+001
    327700   0.7834416583E+003   0.3969583865E+001
    327800   0.7841552955E+003   0.3968936656E+001
    327900   0.7936156052E+003   0.4676331694E+001
    328000   0.8008725533E+003   0.3954163094E+001
    328100   0.7788752978E+003   0.3973758312E+001
    328200   0.8032795195E+003   0.3952095436E+001
    328300   0.7961876239E+003   0.4316118130E+001
    328400   0.7861700083E+003   0.4325779543E+001
    328500   0.7973769002E+003   0.4314990083E+001
    328600   0.7942539480E+003   0.4317960731E+001
    328700   0.8054609656E+003   0.3950234032E+001
    328800   0.8065791811E+003   0.3949284451E+001
    328900   0.7949453667E+003   0.4317300667E+001
    329000   0.7970646060E+003   0.3957464223E+001
    329100   0.8101046862E+003   0.3231661979E+001
    329200   0.8096315300E+003   0.3589507133E+001
    329300   0.8047884988E+003   0.3593245952E+001
    329400   0.8200426503E+003   0.3224888765E+001
    329500   0.8079432932E+003   0.3590804480E+001
    329600   0.8072468687E+003   0.3948718926E+001
    329700   0.8166976584E+003   0.3584145243E+001
    329800   0.8115733840E+003   0.3588022715E+001
    329900   0.8034510031E+003   0.3594287827E+001
    330000   0.7913025172E+003   0.3603941117E+001
    330100   0.8092766901E+003   0.3232235109E+001
    330200   0.8267753521E+003   0.2863824580E+001
    330300   0.8144436316E+003   0.3585843793E+001
    330400   0.8110414661E+003   0.3231015205E+001
    330500   0.8186056075E+003   0.2511198389E+001
    330600   0.7991257043E+003   0.2880741989E+001
    330700   0.8054048513E+003   0.2518307153E+001
    330800   0.8028324642E+003   0.2160732587E+001
    330900   0.8049711137E+003   0.2159718494E+001
    331000   0.8061518148E+003   0.2159161347E+001
    331100   0.8101903964E+003   0.2157270051E+001
    331200   0.7993707062E+003   0.1442892800E+001
    331300   0.7964571574E+003   0.1443836641E+001
    331400   0.8010960884E+003   0.2161560620E+001
    331500   0.8048656163E+003   0.1800612266E+001
    331600   0.8117268263E+003   0.1797926385E+001
    331700   0.7950401288E+003   0.1804553741E+001
    331800   0.8091821761E+003   0.1798916264E+001
    331900   0.7988118253E+003   0.1082793938E+001
    332000   0.7935721561E+003   0.2165197959E+001
    332100   0.8008012548E+003   0.1802228861E+001
    332200   0.8024478636E+003   0.1801571601E+001
    332300   0.7973693892E+003   0.2881863237E+001
    332400   0.7896155933E+003   0.2886883631E+001
    332500   0.8176339424E+003   0.2511712466E+001
    332600   0.8076605781E+003   0.3591022358E+001
    332700   0.8209055785E+003   0.3937386282E+001
    332800   0.8099258205E+003   0.3589281630E+001
    332900   0.7964432840E+003   0.3958006372E+001
    333000   0.8156111518E+003   0.3584962621E+001
    333100   0.8067134970E+003   0.3949170599E+001
    333200   0.8021678252E+003   0.3953048605E+001
    333300   0.8114648790E+003   0.3588105440E+001
    333400   0.8020721522E+003   0.3595366190E+001
    333500   0.8016066277E+003   0.3595731249E+001
    333600   0.8156310785E+003   0.3584947607E+001
    333700   0.8123617264E+003   0.3587422455E+001
    333800   0.8086983502E+003   0.3590223461E+001
    333900   0.8124282933E+003   0.3587371832E+001
    334000   0.8068358030E+003   0.3591659006E+001
    334100   0.8211715764E+003   0.2867145448E+001
    334200   0.8064939576E+003   0.3234171413E+001
    334300   0.8035279712E+003   0.3594227760E+001
    334400   0.8005594619E+003   0.3596554247E+001
    334500   0.8175646676E+003   0.4296427419E+001
    334600   0.8163858629E+003   0.3941087148E+001
    334700   0.8201731262E+003   0.3937982794E+001
    334800   0.8129592431E+003   0.3586968402E+001
    334900   0.8090640060E+003   0.3232382549E+001
    335000   0.8137915105E+003   0.3229126597E+001
    335100   0.8254610845E+003   0.3577644494E+001
    335200   0.8158261012E+003   0.3584800713E+001
    335300   0.8131877421E+003   0.3943734973E+001
    335400   0.8065026157E+003   0.3949349371E+001
    335500   0.8064049820E+003   0.4306554039E+001
    335600   0.7835969336E+003   0.3969442925E+001
    335700   0.7916667171E+003   0.3603646648E+001
    335800   0.7916420434E+003   0.3603666588E+001
    335900   0.7832448852E+003   0.3250983397E+001
    336000   0.7921611712E+003   0.3244398393E+001
    336100   0.7947611629E+003   0.3601157488E+001
    336200   0.8001577854E+003   0.2880085800E+001
    336300   0.7931022736E+003   0.3602489049E+001
    336400   0.7877293892E+003   0.3247649456E+001
    336500   0.7847700226E+003   0.3249844510E+001
    336600   0.8031517763E+003   0.2878193462E+001
    336700   0.8046325867E+003   0.2518731518E+001
    336800   0.8008521149E+003   0.2520822810E+001
    336900   0.8008182671E+003   0.2520841639E+001
    337000   0.7963841206E+003   0.2523324582E+001
    337100   0.7880737886E+003   0.2887895801E+001
    337200   0.7981797607E+003   0.2162960890E+001
    337300   0.8025415071E+003   0.2160871042E+001
    337400   0.8091342461E+003   0.2516271217E+001
    337500   0.8063384967E+003   0.2517795384E+001
    337600   0.8003866889E+003   0.2161900131E+001
    337700   0.8034943916E+003   0.2519358713E+001
    337800   0.8006969839E+003   0.2879743773E+001
    337900   0.7978435943E+003   0.2881559927E+001
    338000   0.7945332951E+003   0.2164728785E+001
    338100   0.8140682007E+003   0.2513611325E+001
    338200   0.8178135704E+003   0.2153759775E+001
    338300   0.7964581489E+003   0.2523282862E+001
    338400   0.8130301195E+003   0.2155953398E+001
    338500   0.8096609332E+003   0.2157516739E+001
    338600   0.8108232970E+003   0.2156975665E+001
    338700   0.8131093193E+003   0.2872017441E+001
    338800   0.8135421702E+003   0.2871752993E+001
    338900   0.8096410376E+003   0.3231982742E+001
    339000   0.7954401185E+003   0.2164287350E+001
    339100   0.8164358440E+003   0.2512348318E+001
    339200   0.8136570033E+003   0.2513831556E+001
    339300   0.8067031650E+003   0.2517595872E+001
    339400   0.8032979300E+003   0.2878101511E+001
    339500   0.8133628811E+003   0.2871862489E+001
    339600   0.8279088365E+003   0.2863159256E+001
    339700   0.8079924086E+003   0.2875168802E+001
    339800   0.8030606225E+003   0.2519598289E+001
    339900   0.8128653258E+003   0.3229760986E+001
    340000   0.8039913129E+003   0.3235926273E+001
    340100   0.8068841265E+003   0.3591621663E+001
    340200   0.8039420649E+003   0.3593904829E+001
    340300   0.8034855847E+003   0.3951919095E+001
    340400   0.8024630249E+003   0.4310210092E+001
    340500   0.7915067937E+003   0.3603775913E+001
    340600   0.8054319249E+003   0.3592746186E+001
    340700   0.7989759532E+003   0.4313479573E+001
    340800   0.8027699335E+003   0.3952531971E+001
    340900   0.8025375459E+003   0.3952731261E+001
    341000   0.8153814503E+003   0.2870632968E+001
    341100   0.8205548775E+003   0.3224544862E+001
    341200   0.8120039874E+003   0.3230352481E+001
    341300   0.7989891514E+003   0.3239472550E+001
    341400   0.7920810429E+003   0.3244456793E+001
    341500   0.7997169134E+003   0.3238953361E+001
    341600   0.7986105057E+003   0.3956119614E+001
    341700   0.7967869937E+003   0.3241050378E+001
    341800   0.7815736229E+003   0.3611927172E+001
    341900   0.7895224476E+003   0.3964113242E+001
    342000   0.7949021078E+003   0.3959355464E+001
    342100   0.7875506087E+003   0.3965876317E+001
    342200   0.8034800485E+003   0.3594265158E+001
    342300   0.7850433638E+003   0.3968133189E+001
    342400   0.7931621308E+003   0.3243670033E+001
    342500   0.7829954988E+003   0.3610745402E+001
    342600   0.7896014819E+003   0.3605320704E+001
    342700   0.7978611525E+003   0.3240279472E+001
    342800   0.8022972394E+003   0.3237121465E+001
    342900   0.8039161678E+003   0.3235979164E+001
    343000   0.8074802600E+003   0.2875486802E+001
    343100   0.7984899947E+003   0.2881147162E+001
    343200   0.8109900620E+003   0.2873316970E+001
    343300   0.8036769633E+003   0.3236147604E+001
    343400   0.8154769826E+003   0.2512858781E+001
    343500   0.8087917971E+003   0.2516457245E+001
    343600   0.8113839709E+003   0.2515053681E+001
    343700   0.8132681036E+003   0.2155843546E+001
    343800   0.8098019478E+003   0.2157451001E+001
    343900   0.7995205481E+003   0.1802742273E+001
    344000   0.8157380097E+003   0.2512719680E+001
    344100   0.8021370727E+003   0.2520109392E+001
    344200   0.7914215709E+003   0.2885703946E+001
    344300   0.7926874445E+003   0.3244015174E+001
    344400   0.8073859093E+003   0.2875545438E+001
    344500   0.7887442180E+003   0.2887455102E+001
    344600   0.8017531992E+003   0.2879075358E+001
    344700   0.8000245093E+003   0.2162073740E+001
    344800   0.7970105319E+003   0.2522971843E+001
    344900   0.8086120832E+003   0.3232696139E+001
    345000   0.8133025044E+003   0.2871899375E+001
    345100   0.8049714719E+003   0.3235237457E+001
    345200   0.8164952320E+003   0.2869957609E+001
    345300   0.8111536185E+003   0.3230937890E+001
    345400   0.8197574170E+003   0.2867991901E+001
    345500   0.8046967643E+003   0.3235430311E+001
    345600   0.8091336184E+003   0.3232334281E+001
    345700   0.8121979327E+003   0.2872575328E+001
    345800   0.8073090497E+003   0.2875593215E+001
    345900   0.8050025182E+003   0.3593079613E+001
    346000   0.8077348980E+003   0.3590965065E+001
    346100   0.8233535836E+003   0.3222674687E+001
    346200   0.8096366723E+003   0.3589503191E+001
    346300   0.8078174930E+003   0.3233248507E+001
    346400   0.7977451871E+003   0.3240362581E+001
    346500   0.8086724979E+003   0.3590243333E+001
    346600   0.8160109159E+003   0.3584661583E+001
    346700   0.8109460597E+003   0.3231080995E+001
    346800   0.8148000738E+003   0.3228437706E+001
    346900   0.8122166636E+003   0.3230206296E+001
    347000   0.8000968666E+003   0.3238682742E+001
    347100   0.8005279666E+003   0.3596579039E+001
    347200   0.7991666168E+003   0.3955637408E+001
    347300   0.8123061722E+003   0.3587464710E+001
    347400   0.8105936490E+003   0.3588770615E+001
    347500   0.8207535920E+003   0.3581116340E+001
    347600   0.8117045453E+003   0.3944971258E+001
    347700   0.7906348497E+003   0.3604481780E+001
    347800   0.7952951948E+003   0.3242125084E+001
    347900   0.8121650970E+003   0.2872595455E+001
    348000   0.8009085104E+003   0.3596279639E+001
    348100   0.8019185077E+003   0.3237389477E+001
    348200   0.8191131762E+003   0.3225514089E+001
    348300   0.8076219667E+003   0.3233384624E+001
    348400   0.7953503256E+003   0.3242085283E+001
    348500   0.7973852101E+003   0.3240620747E+001
    348600   0.8101716541E+003   0.3589093406E+001
    348700   0.8007202235E+003   0.3238239414E+001
    348800   0.7937989176E+003   0.3243207793E+001
    348900   0.7946069439E+003   0.3242622507E+001
    349000   0.8210915784E+003   0.2867193240E+001
    349100   0.8030987105E+003   0.3594562932E+001
    349200   0.8080892020E+003   0.3233059482E+001
    349300   0.8039810303E+003   0.3593874462E+001
    349400   0.8211388007E+003   0.3224153436E+001
    349500   0.8236003498E+003   0.2865699632E+001
    349600   0.8080698172E+003   0.2516850054E+001
    349700   0.8101761897E+003   0.2873818157E+001
    349800   0.8100016697E+003   0.2873925782E+001
    349900   0.7989047530E+003   0.3239532833E+001
    350000   0.8084527756E+003   0.2874883357E+001
    350100   0.7861589497E+003   0.3248811872E+001
    350200   0.7903316484E+003   0.3245735285E+001
    350300   0.7973361279E+003   0.2881884527E+001
    350400   0.8128833187E+003   0.2872155646E+001
    350500   0.8051338631E+003   0.2876949792E+001
    350600   0.7936652228E+003   0.3602036445E+001
    350700   0.8020008781E+003   0.3237331162E+001
    350800   0.8067450979E+003   0.3949143819E+001
    350900   0.7992127198E+003   0.3597616418E+001
    351000   0.7836479644E+003   0.4328257782E+001
    351100   0.7981068355E+003   0.4314299683E+001
    351200   0.7927588983E+003   0.5034719388E+001
    351300   0.7977793625E+003   0.5385979332E+001
    351400   0.7983805993E+003   0.5028519393E+001
    351500   0.8010466314E+003   0.5025614794E+001
    351600   0.7972283096E+003   0.5029781853E+001
    351700   0.8006499356E+003   0.5026045551E+001
    351800   0.8001710645E+003   0.4312355267E+001
    351900   0.7979125074E+003   0.5029031723E+001
    352000   0.7768542550E+003   0.5052833321E+001
    352100   0.8010197229E+003   0.5025643997E+001
    352200   0.7965760568E+003   0.4673285092E+001
    352300   0.7973890986E+003   0.4672453041E+001
    352400   0.8048362833E+003   0.4664923450E+001
    352500   0.8073381887E+003   0.5374951884E+001
    352600   0.8048385194E+003   0.5021522444E+001
    352700   0.8090552807E+003   0.5373003292E+001
    352800   0.8116855904E+003   0.5014246178E+001
    352900   0.7947304102E+003   0.5032533340E+001
    353000   0.8044093847E+003   0.4308399645E+001
    353100   0.8077557552E+003   0.4305310859E+001
    353200   0.8032431619E+003   0.4309483195E+001
    353300   0.8050592042E+003   0.3950575961E+001
    353400   0.8007554955E+003   0.3596399986E+001
    353500   0.7996031797E+003   0.3239034426E+001
    353600   0.7892629971E+003   0.3605596060E+001
    353700   0.7906897216E+003   0.3604437305E+001
    353800   0.8059752811E+003   0.4306950538E+001
    353900   0.7970306065E+003   0.4315318139E+001
    354000   0.7818057333E+003   0.4688755844E+001
    354100   0.7942916019E+003   0.4675633674E+001
    354200   0.8028278673E+003   0.4666937953E+001
    354300   0.7956462378E+003   0.3958703311E+001
    354400   0.8030936322E+003   0.3952254600E+001
    354500   0.8042247819E+003   0.4308570916E+001
    354600   0.7981330191E+003   0.3956534274E+001
    354700   0.8042068148E+003   0.3951302737E+001
    354800   0.7984586407E+003   0.3956251433E+001
    354900   0.8010413514E+003   0.3596175202E+001
    355000   0.8116875859E+003   0.3944985424E+001
    355100   0.8002562602E+003   0.3954694858E+001
    355200   0.7968416867E+003   0.4315497251E+001
    355300   0.8148738809E+003   0.4298839412E+001
    355400   0.8175503710E+003   0.4296440186E+001
    355500   0.8183650668E+003   0.3226018604E+001
    355600   0.8121560113E+003   0.3587578959E+001
    355700   0.7976130365E+003   0.2881707343E+001
    355800   0.8013449363E+003   0.2879333477E+001
    355900   0.7972527999E+003   0.2881937874E+001
    356000   0.7962285199E+003   0.3241452153E+001
    356100   0.7986551571E+003   0.3598057399E+001
    356200   0.7974881780E+003   0.3598982719E+001
    356300   0.7964866781E+003   0.3957968475E+001
    356400   0.7957995436E+003   0.3600327322E+001
    356500   0.7866104624E+003   0.3966720594E+001
    356600   0.8005119648E+003   0.2879861074E+001
    356700   0.8034322173E+003   0.2878017060E+001
    356800   0.8124237996E+003   0.2872436931E+001
    356900   0.8083880764E+003   0.2516676797E+001
    357000   0.8021033130E+003   0.2520128101E+001
    357100   0.7998840057E+003   0.3238834314E+001
    357200   0.8028583833E+003   0.3236724914E+001
    357300   0.8014183398E+003   0.3237743880E+001
    357400   0.7970823600E+003   0.2882047032E+001
    357500   0.8033120295E+003   0.3594396317E+001
    357600   0.7937388360E+003   0.3243251369E+001
    357700   0.8033914257E+003   0.3594334331E+001
    357800   0.7907031304E+003   0.3604426438E+001
    357900   0.8100594523E+003   0.3946348695E+001
    358000   0.8164337323E+003   0.3584343560E+001
    358100   0.8200158101E+003   0.3224906799E+001
    358200   0.7950871494E+003   0.3600896593E+001
    358300   0.7941813683E+003   0.2883913424E+001
    358400   0.8034276701E+003   0.2878019919E+001
    358500   0.7874641393E+003   0.3247845406E+001
    358600   0.8042061791E+003   0.3235775105E+001
    358700   0.8121403557E+003   0.3587590873E+001
    358800   0.8019514211E+003   0.3953234511E+001
    358900   0.7898871319E+003   0.4680206891E+001
    359000   0.7917699738E+003   0.5035820744E+001
    359100   0.7909962742E+003   0.5036684663E+001
    359200   0.7893879600E+003   0.4680728975E+001
    359300   0.7962184698E+003   0.4316088822E+001
    359400   0.8059101578E+003   0.4663851150E+001
    359500   0.8178706586E+003   0.4296154308E+001
    359600   0.8154650965E+003   0.3941846987E+001
    359700   0.8173361924E+003   0.3940305015E+001
    359800   0.8086762166E+003   0.3947511965E+001
    359900   0.8018969769E+003   0.4310738550E+001
    360000   0.7955791043E+003   0.4316696853E+001
    360100   0.8104704306E+003   0.3946003968E+001
    360200   0.8033927723E+003   0.5023077407E+001
    360300   0.7926540405E+003   0.5392020771E+001
    360400   0.7925400786E+003   0.5392156146E+001
    360500   0.8162293282E+003   0.5364965673E+001
    360600   0.8078425613E+003   0.5730128996E+001
    360700   0.8165305193E+003   0.5364631837E+001
    360800   0.8049352183E+003   0.5021418673E+001
    360900   0.8193774400E+003   0.5361490504E+001
    361000   0.8177851688E+003   0.5007884203E+001
    361100   0.8079500816E+003   0.4661823417E+001
    361200   0.8083993329E+003   0.5017720413E+001
    361300   0.8091088496E+003   0.5016967514E+001
    361400   0.8004254606E+003   0.5026289521E+001
    361500   0.8037910819E+003   0.5379008107E+001
    361600   0.8065440383E+003   0.5019696481E+001
    361700   0.7843189043E+003   0.5759535849E+001
    361800   0.7833326321E+003   0.5760814172E+001
    361900   0.8005524686E+003   0.5382748368E+001
    362000   0.8041811673E+003   0.5734573698E+001
    362100   0.8036941841E+003   0.5735168439E+001
    362200   0.7891065858E+003   0.5396256333E+001
    362300   0.7949671639E+003   0.4674937497E+001
    362400   0.7974774386E+003   0.5029508542E+001
    362500   0.7905299465E+003   0.4679535713E+001
    362600   0.7885581959E+003   0.5039420084E+001
    362700   0.8027513161E+003   0.4309941282E+001
    362800   0.8042438050E+003   0.3593669763E+001
    362900   0.8072291097E+003   0.3233658350E+001
    363000   0.8053306213E+003   0.3950344921E+001
    363100   0.8011528623E+003   0.3237932201E+001
    363200   0.7957360593E+003   0.2882911200E+001
    363300   0.7927231425E+003   0.2525399260E+001
    363400   0.7884504389E+003   0.2887648105E+001
    363500   0.8045327876E+003   0.3235545503E+001
    363600   0.7954859006E+003   0.2883072152E+001
    363700   0.8022649735E+003   0.2878752231E+001
    363800   0.8054874795E+003   0.3234875618E+001
    363900   0.8047944911E+003   0.3235361686E+001
    364000   0.7918475820E+003   0.2885426596E+001
    364100   0.8132269770E+003   0.3229513072E+001
    364200   0.7947910007E+003   0.2883519877E+001
    364300   0.8076523921E+003   0.3233363438E+001
    364400   0.8135660786E+003   0.2871738396E+001
    364500   0.8053910612E+003   0.2518314722E+001
    364600   0.7944539181E+003   0.3242733243E+001
    364700   0.8083796172E+003   0.3590468572E+001
    364800   0.7915882466E+003   0.3603710067E+001
    364900   0.7796324299E+003   0.3613548782E+001
    365000   0.7915163882E+003   0.3603768156E+001
    365100   0.7997032823E+003   0.3597229026E+001
    365200   0.8004932748E+003   0.3596606351E+001
    365300   0.7857415469E+003   0.3249121750E+001
    365400   0.7974163648E+003   0.3240598393E+001
    365500   0.7940168832E+003   0.2884019729E+001
    365600   0.7954710689E+003   0.3600589656E+001
    365700   0.8050056397E+003   0.3235213480E+001
    365800   0.8039828664E+003   0.3593873031E+001
    365900   0.8169326353E+003   0.2869692973E+001
    366000   0.8086372282E+003   0.2874769097E+001
    366100   0.8026244999E+003   0.2519839472E+001
    366200   0.8198472280E+003   0.2152836261E+001
    366300   0.7990032960E+003   0.2521854028E+001
    366400   0.8120585055E+003   0.2514690171E+001
    366500   0.8091842194E+003   0.2516244085E+001
    366600   0.8089513825E+003   0.2516370531E+001
    366700   0.8097189574E+003   0.2157489686E+001
    366800   0.7983496128E+003   0.2162879006E+001
    366900   0.8133787095E+003   0.2155792517E+001
    367000   0.8056098242E+003   0.1800318336E+001
    367100   0.7916604548E+003   0.2526005722E+001
    367200   0.8002204742E+003   0.2521174490E+001
    367300   0.8036840581E+003   0.2519254053E+001
    367400   0.8103976661E+003   0.2873681654E+001
    367500   0.8041172210E+003   0.2160122627E+001
    367600   0.8058954404E+003   0.2518038067E+001
    367700   0.8121163443E+003   0.2514659034E+001
    367800   0.8080730292E+003   0.2516848304E+001
    367900   0.8175830572E+003   0.2511739428E+001
    368000   0.8060911736E+003   0.2517930816E+001
    368100   0.8154592695E+003   0.2154835650E+001
    368200   0.8224578547E+003   0.2151658580E+001
    368300   0.7992003721E+003   0.1802870929E+001
    368400   0.8016793840E+003   0.2161281990E+001
    368500   0.8173312303E+003   0.2153979604E+001
    368600   0.8031738609E+003   0.2160570279E+001
    368700   0.8100476340E+003   0.2515775940E+001
    368800   0.7980518568E+003   0.2522386905E+001
    368900   0.8063707309E+003   0.1800018472E+001
    369000   0.8020308969E+003   0.2520168240E+001
    369100   0.8045180966E+003   0.2518794512E+001
    369200   0.8040971693E+003   0.2519026296E+001
    369300   0.8087021777E+003   0.3232633590E+001
    369400   0.8056205847E+003   0.3592599827E+001
    369500   0.8122024268E+003   0.4301252592E+001
    369600   0.8143811771E+003   0.3942744042E+001
    369700   0.8285014395E+003   0.4286812045E+001
    369800   0.8082208016E+003   0.3590590788E+001
    369900   0.8130175323E+003   0.3943876579E+001
    370000   0.8020951459E+003   0.3953111028E+001
    370100   0.8054700202E+003   0.4307417392E+001
    370200   0.7962623553E+003   0.3958164433E+001
    370300   0.7979213508E+003   0.4671909422E+001
    370400   0.7930748360E+003   0.4319089494E+001
    370500   0.7911367423E+003   0.5036527668E+001
    370600   0.8020113520E+003   0.4667760327E+001
    370700   0.8042032764E+003   0.4308590874E+001
    370800   0.8009491882E+003   0.3954097037E+001
    370900   0.8065361339E+003   0.4306433120E+001
    371000   0.7920916716E+003   0.4320033700E+001
    371100   0.8082794158E+003   0.4304830220E+001
    371200   0.8054530361E+003   0.3950240777E+001
    371300   0.7993758661E+003   0.3955456172E+001
    371400   0.8040212167E+003   0.3593843147E+001
    371500   0.8268192688E+003   0.3220379332E+001
    371600   0.8084403359E+003   0.3232815423E+001
    371700   0.7991166148E+003   0.3239381537E+001
    371800   0.7958422607E+003   0.3241730422E+001
    371900   0.8022060592E+003   0.3595261274E+001
    372000   0.7964813823E+003   0.3957973100E+001
    372100   0.7943052767E+003   0.3959879564E+001
    372200   0.7990878909E+003   0.4313374099E+001
    372300   0.7949384011E+003   0.3959323624E+001
    372400   0.8087602493E+003   0.4304389531E+001
    372500   0.8027839170E+003   0.4666982168E+001
    372600   0.8013539474E+003   0.4311246341E+001
    372700   0.7996317819E+003   0.3955234668E+001
    372800   0.8031050760E+003   0.3594557959E+001
    372900   0.8058690739E+003   0.3592407176E+001
    373000   0.8062275107E+003   0.3949582754E+001
    373100   0.8157678989E+003   0.3227778517E+001
    373200   0.8033396005E+003   0.3594374790E+001
    373300   0.8140258817E+003   0.3228966333E+001
    373400   0.7921609120E+003   0.3244398582E+001
    373500   0.8048014669E+003   0.3235356788E+001
    373600   0.8042049206E+003   0.2877531764E+001
    373700   0.7947803052E+003   0.2883526776E+001
    373800   0.8033910124E+003   0.2878042969E+001
    373900   0.8004646891E+003   0.3238421051E+001
    374000   0.7958588278E+003   0.2882832254E+001
    374100   0.7977438617E+003   0.2881623683E+001
    374200   0.8024644542E+003   0.2878626413E+001
    374300   0.8096140093E+003   0.2874165042E+001
    374400   0.7994894979E+003   0.2521582294E+001
    374500   0.8084414889E+003   0.2516647735E+001
    374600   0.8008970507E+003   0.2879617004E+001
    374700   0.7952796742E+003   0.3242136290E+001
    374800   0.8045737479E+003   0.2877300509E+001
    374900   0.8034774350E+003   0.2877988631E+001
    375000   0.8034054563E+003   0.3236338933E+001
    375100   0.7886333217E+003   0.2887527937E+001
    375200   0.8052967896E+003   0.2876847883E+001
    375300   0.8051516821E+003   0.3235111026E+001
    375400   0.8021975385E+003   0.2878794780E+001
    375500   0.8140468110E+003   0.2871445103E+001
    375600   0.8158519677E+003   0.3227721344E+001
    375700   0.8170106733E+003   0.3226934743E+001
    375800   0.8072387381E+003   0.2875636931E+001
    375900   0.8115934455E+003   0.2872946164E+001
    376000   0.8096983026E+003   0.3231943101E+001
    376100   0.8130101038E+003   0.2872078103E+001
    376200   0.8124006436E+003   0.3587392858E+001
    376300   0.8131979599E+003   0.3586787219E+001
    376400   0.8033699374E+003   0.3952018047E+001
    376500   0.8188919927E+003   0.4295244447E+001
    376600   0.7975556645E+003   0.3957036441E+001
    376700   0.8072975149E+003   0.4305732052E+001
    376800   0.7869877143E+003   0.4324980055E+001
    376900   0.7983393717E+003   0.4314080054E+001
    377000   0.7998146917E+003   0.5026954149E+001
    377100   0.7953951345E+003   0.5388778355E+001
    377200   0.7991948485E+003   0.5027629870E+001
    377300   0.7992916330E+003   0.5027524279E+001
    377400   0.8017647431E+003   0.4668009092E+001
    377500   0.8057310788E+003   0.5020565722E+001
    377600   0.8127009699E+003   0.4657147111E+001
    377700   0.7989349169E+003   0.5027913600E+001
    377800   0.8058225741E+003   0.5376679917E+001
    377900   0.8128024310E+003   0.5368784380E+001
    378000   0.8250930739E+003   0.4645245450E+001
    378100   0.8119476720E+003   0.5013970522E+001
    378200   0.8173393240E+003   0.5008345467E+001
    378300   0.8014520278E+003   0.5025175107E+001
    378400   0.8105452553E+003   0.5015448005E+001
    378500   0.8163635132E+003   0.5364816909E+001
    378600   0.8186785847E+003   0.5362259268E+001
    378700   0.8114361915E+003   0.6080993559E+001
    378800   0.8074906594E+003   0.6441159494E+001
    378900   0.7929456295E+003   0.6461222838E+001
    379000   0.7936199740E+003   0.6816095184E+001
    379100   0.7951774105E+003   0.7169184378E+001
    379200   0.7946790656E+003   0.6814531056E+001
    379300   0.8126298360E+003   0.7142906077E+001
    379400   0.8059832149E+003   0.6798135834E+001
    379500   0.7878767290E+003   0.6824663090E+001
    379600   0.8051719457E+003   0.6088991820E+001
    379700   0.8119673096E+003   0.6080322054E+001
    379800   0.7998126821E+003   0.6095951109E+001
    379900   0.8088176142E+003   0.6084319364E+001
    380000   0.7992740033E+003   0.6452388396E+001
    380100   0.8080313310E+003   0.6085322929E+001
    380200   0.8021968191E+003   0.6448363213E+001
    380300   0.8062558129E+003   0.6442829946E+001
    380400   0.7951626988E+003   0.6458109037E+001
    380500   0.7955336495E+003   0.6813272515E+001
    380600   0.8203171794E+003   0.6424155127E+001
    380700   0.8277322054E+003   0.6414604810E+001
    380800   0.8106768771E+003   0.5726720559E+001
    380900   0.8098986078E+003   0.6437919237E+001
    381000   0.8121192801E+003   0.5724996661E+001
    381100   0.8067591304E+003   0.6086951538E+001
    381200   0.8196445483E+003   0.5716117657E+001
    381300   0.8191567100E+003   0.5716687480E+001
    381400   0.7986044076E+003   0.5741435358E+001
    381500   0.8066392196E+003   0.5731584567E+001
    381600   0.7904330668E+003   0.5751694808E+001
    381700   0.7997077675E+003   0.5740068879E+001
    381800   0.8059806565E+003   0.6087951070E+001
    381900   0.8128323416E+003   0.5724147083E+001
    382000   0.8028736661E+003   0.5023637330E+001
    382100   0.8056805445E+003   0.5020619823E+001
    382200   0.7982219520E+003   0.4314190937E+001
    382300   0.8074938117E+003   0.4305551557E+001
    382400   0.7980584247E+003   0.4314345426E+001
    382500   0.8103667995E+003   0.4302921557E+001
    382600   0.8095999580E+003   0.4660192155E+001
    382700   0.8045757300E+003   0.4308245392E+001
    382800   0.8118571613E+003   0.4301565834E+001
    382900   0.8146511377E+003   0.5011139138E+001
    383000   0.8075919787E+003   0.4305461330E+001
    383100   0.7947593353E+003   0.3959480754E+001
    383200   0.8183380484E+003   0.4295737602E+001
    383300   0.7981593615E+003   0.3956511382E+001
    383400   0.8105348614E+003   0.3945949961E+001
    383500   0.8226994921E+003   0.3935930557E+001
    383600   0.7991926857E+003   0.5027632230E+001
    383700   0.8063173867E+003   0.4663445394E+001
    383800   0.8073539275E+003   0.4305680170E+001
    383900   0.7896343524E+003   0.4680471176E+001
    384000   0.8132373622E+003   0.4300315510E+001
    384100   0.8146476865E+003   0.4655249389E+001
    384200   0.8077174442E+003   0.3590978519E+001
    384300   0.7937721573E+003   0.3960348500E+001
    384400   0.7991284550E+003   0.3955670473E+001
    384500   0.8067694062E+003   0.3591710324E+001
    384600   0.8080924104E+003   0.3590689633E+001
    384700   0.8144134148E+003   0.3585866638E+001
    384800   0.8050903017E+003   0.3235154082E+001
    384900   0.7950446915E+003   0.2524081025E+001
    385000   0.8040071045E+003   0.3235915160E+001
    385100   0.7931415296E+003   0.2525161017E+001
    385200   0.7950941864E+003   0.2524053019E+001
    385300   0.7983269565E+003   0.2162889926E+001
    385400   0.7939503479E+003   0.2884062745E+001
    385500   0.7931613329E+003   0.2884573500E+001
    385600   0.7976519613E+003   0.2881682448E+001
    385700   0.7964503547E+003   0.2882452277E+001
    385800   0.8164101821E+003   0.2154400223E+001
    385900   0.7929969971E+003   0.2884680031E+001
    386000   0.7908125705E+003   0.2526490978E+001
    386100   0.7997007072E+003   0.2880376161E+001
    386200   0.7962291040E+003   0.3241451732E+001
    386300   0.7849045476E+003   0.3609166667E+001
    386400   0.7891615099E+003   0.3246594175E+001
    386500   0.8054984424E+003   0.2876721818E+001
    386600   0.8161320856E+003   0.2870177571E+001
    386700   0.7967981217E+003   0.3957696628E+001
    386800   0.7805630885E+003   0.3252998760E+001
    386900   0.7944978487E+003   0.3242701448E+001
    387000   0.7910496322E+003   0.3245209763E+001
    387100   0.7898229610E+003   0.3605140682E+001
    387200   0.8079670673E+003   0.3233144431E+001
    387300   0.7946322543E+003   0.3601260726E+001
    387400   0.8107419807E+003   0.3945776418E+001
    387500   0.7976132576E+003   0.3598883389E+001
    387600   0.8067369509E+003   0.3949150723E+001
    387700   0.8090432108E+003   0.3589958513E+001
    387800   0.7998785505E+003   0.3597090754E+001
    387900   0.8231983597E+003   0.3935527054E+001
    388000   0.8242635135E+003   0.4646029128E+001
    388100   0.8038692853E+003   0.4308900998E+001
    388200   0.7958887224E+003   0.3958491108E+001
    388300   0.8021634492E+003   0.4310489664E+001
    388400   0.7963441029E+003   0.4315969481E+001
    388500   0.8047361792E+003   0.4308096677E+001
    388600   0.8120020807E+003   0.3944722830E+001
    388700   0.8038387443E+003   0.3951617125E+001
    388800   0.7952967817E+003   0.3600728952E+001
    388900   0.7933856952E+003   0.3243507649E+001
    389000   0.8100660205E+003   0.3231688712E+001
    389100   0.7872331046E+003   0.3607253227E+001
    389200   0.8156972803E+003   0.3227826554E+001
    389300   0.8093474127E+003   0.3589725022E+001
    389400   0.8134416866E+003   0.3229366009E+001
    389500   0.8008774725E+003   0.3596304046E+001
    389600   0.8254158944E+003   0.3577677603E+001
    389700   0.8104107431E+003   0.3231450477E+001
    389800   0.7897869338E+003   0.3605169957E+001
    389900   0.7925097028E+003   0.3602966286E+001
    390000   0.7864253105E+003   0.3248614330E+001
    390100   0.7868110918E+003   0.3607599016E+001
    390200   0.8030541436E+003   0.3594597754E+001
    390300   0.7870940458E+003   0.3607367121E+001
    390400   0.7742784526E+003   0.3978019396E+001
    390500   0.7617302541E+003   0.3989961352E+001
    390600   0.7974840551E+003   0.2881789856E+001
    390700   0.8009709721E+003   0.2161620447E+001
    390800   0.7869233251E+003   0.2168480609E+001
    390900   0.7951361371E+003   0.2164435194E+001
    391000   0.7766000946E+003   0.2173709237E+001
    391100   0.7956745550E+003   0.1804295775E+001
    391200   0.7845994239E+003   0.2169643466E+001
    391300   0.7892745181E+003   0.1806920555E+001
    391400   0.7967999945E+003   0.1803839350E+001
    391500   0.8059351318E+003   0.2159263451E+001
    391600   0.7952192845E+003   0.2523982253E+001
    391700   0.8054701871E+003   0.2159482758E+001
    391800   0.7929224488E+003   0.2165515869E+001
    391900   0.8160670460E+003   0.2154557210E+001
    392000   0.7918427091E+003   0.2525901576E+001
    392100   0.8018024057E+003   0.2161223286E+001
    392200   0.7934616643E+003   0.2524978922E+001
    392300   0.8018694296E+003   0.2879001929E+001
    392400   0.8046177570E+003   0.3593378729E+001
    392500   0.7986702954E+003   0.3598045417E+001
    392600   0.7960809364E+003   0.3958323006E+001
    392700   0.8048151654E+003   0.3593225220E+001
    392800   0.8034793065E+003   0.3951924466E+001
    392900   0.8055113701E+003   0.3950191163E+001
    393000   0.8212654293E+003   0.3580736596E+001
    393100   0.7993112671E+003   0.3955512111E+001
    393200   0.8119058862E+003   0.4301521610E+001
    393300   0.8103840117E+003   0.4302905867E+001
    393400   0.8081198875E+003   0.4304976564E+001
    393500   0.8098459194E+003   0.5016187012E+001
    393600   0.7961716513E+003   0.5387864584E+001
    393700   0.8000330457E+003   0.5026716404E+001
    393800   0.8072564533E+003   0.5730837322E+001
    393900   0.8065460878E+003   0.5731697432E+001
    394000   0.7854089463E+003   0.5758127421E+001
    394100   0.7961075924E+003   0.5744543996E+001
    394200   0.7991702165E+003   0.5740734067E+001
    394300   0.7973797444E+003   0.5742957261E+001
    394400   0.7823256473E+003   0.5404478427E+001
    394500   0.7962889151E+003   0.5744317472E+001
    394600   0.8101451351E+003   0.5727357885E+001
    394700   0.7956150175E+003   0.5388519394E+001
    394800   0.8174152527E+003   0.4652569672E+001
    394900   0.8086755069E+003   0.4661105216E+001
    395000   0.8018525437E+003   0.4667920503E+001
    395100   0.7850074578E+003   0.4685344087E+001
    395200   0.8067619060E+003   0.5375608039E+001
    395300   0.8004279694E+003   0.5382892860E+001
    395400   0.8108255080E+003   0.4658985464E+001
    395500   0.7895515065E+003   0.4680557836E+001
    395600   0.8095084471E+003   0.4660282429E+001
    395700   0.8106147160E+003   0.4659192708E+001
    395800   0.8069918406E+003   0.3948934803E+001
    395900   0.8103338511E+003   0.3946118485E+001
    396000   0.8069896627E+003   0.3948936647E+001
    396100   0.8119506227E+003   0.3944765779E+001
    396200   0.8092178370E+003   0.3947055919E+001
    396300   0.8191664509E+003   0.3582297409E+001
    396400   0.7914871317E+003   0.3603791809E+001
    396500   0.7914231954E+003   0.3962423521E+001
    396600   0.7902372714E+003   0.4679841143E+001
    396700   0.8000410432E+003   0.4669752888E+001
    396800   0.7968701862E+003   0.4672983856E+001
    396900   0.8115911271E+003   0.4301807408E+001
    397000   0.8040661458E+003   0.4308718169E+001
    397100   0.7997442391E+003   0.4312756352E+001
    397200   0.8001880791E+003   0.3954753747E+001
    397300   0.8027544018E+003   0.4309938406E+001
    397400   0.8001120056E+003   0.4669680924E+001
    397500   0.8226883347E+003   0.4291885603E+001
    397600   0.8133573245E+003   0.4300207071E+001
    397700   0.7991019815E+003   0.4313360825E+001
    397800   0.7938134416E+003   0.4318381966E+001
    397900   0.7802946759E+003   0.4331582091E+001
    398000   0.7876437194E+003   0.4324340079E+001
    398100   0.7890421638E+003   0.4681091100E+001
    398200   0.7973705960E+003   0.4672471954E+001
    398300   0.7883995220E+003   0.4681765079E+001
    398400   0.7938788700E+003   0.4676059686E+001
    398500   0.7949332549E+003   0.4674972407E+001
    398600   0.7961026511E+003   0.5031019279E+001
    398700   0.7990420365E+003   0.4670767585E+001
    398800   0.8073374658E+003   0.4662431110E+001
    398900   0.8098629553E+003   0.4303381207E+001
    399000   0.8094716491E+003   0.4660318737E+001
    399100   0.8047540651E+003   0.4308080104E+001
    399200   0.8024372450E+003   0.4310234141E+001
    399300   0.8152340016E+003   0.4298515523E+001
    399400   0.8275667735E+003   0.3932017987E+001
    399500   0.8035062394E+003   0.3951901425E+001
    399600   0.8065014601E+003   0.3591917522E+001
    399700   0.8038363625E+003   0.3951619160E+001
    399800   0.8185220661E+003   0.3939332006E+001
    399900   0.8086808299E+003   0.3590236929E+001
    400000   0.8092288305E+003   0.3947046670E+001
    400100   0.7961583210E+003   0.3958255356E+001
    400200   0.8071916154E+003   0.4305829470E+001
    400300   0.8157289024E+003   0.3941629083E+001
    400400   0.7977831152E+003   0.3240335396E+001
    400500   0.8173053620E+003   0.3226735107E+001
    400600   0.7924401072E+003   0.3603022391E+001
    400700   0.7866196083E+003   0.3607756058E+001
    400800   0.8094930134E+003   0.3589613338E+001
    400900   0.8039553723E+003   0.3951517470E+001
    401000   0.7907882275E+003   0.3962986929E+001
    401100   0.8059546858E+003   0.3592340834E+001
    401200   0.8160109724E+003   0.3584661540E+001
    401300   0.8046874181E+003   0.3950892736E+001
    401400   0.7896278000E+003   0.3964019336E+001
    401500   0.7924433779E+003   0.3603019754E+001
    401600   0.7959514074E+003   0.3600206123E+001
    401700   0.7984075673E+003   0.4314015672E+001
    401800   0.8043690402E+003   0.3951164279E+001
    401900   0.7968660521E+003   0.3957637368E+001
    402000   0.7856426219E+003   0.3967592229E+001
    402100   0.8033874208E+003   0.4309348962E+001
    402200   0.8018652956E+003   0.3953308531E+001
    402300   0.8189900869E+003   0.3938948903E+001
    402400   0.8060309292E+003   0.4306899161E+001
    402500   0.8029505941E+003   0.4309755602E+001
    402600   0.8073685976E+003   0.4662400202E+001
    402700   0.7934017668E+003   0.4318776128E+001
    402800   0.8021745515E+003   0.5024392759E+001
    402900   0.8012262689E+003   0.4668552899E+001
    403000   0.7868939310E+003   0.5398920926E+001
    403100   0.7989972279E+003   0.5027845564E+001
    403200   0.8008426171E+003   0.4311725230E+001
    403300   0.8107813658E+003   0.3945743430E+001
    403400   0.7985006674E+003   0.4313927799E+001
    403500   0.8043118558E+003   0.3951213078E+001
    403600   0.8046792917E+003   0.3950899664E+001
    403700   0.8004139976E+003   0.3954558664E+001
    403800   0.7955394346E+003   0.4316734617E+001
    403900   0.7996818491E+003   0.4312815021E+001
    404000   0.7995312026E+003   0.3955321703E+001
    404100   0.7993505468E+003   0.3597507521E+001
    404200   0.7980626052E+003   0.3956595472E+001
    404300   0.8016200141E+003   0.4310997439E+001
    404400   0.8018599877E+003   0.3953313094E+001
    404500   0.8054242089E+003   0.3592752174E+001
    404600   0.8113215226E+003   0.3945291378E+001
    404700   0.8054933177E+003   0.3950206516E+001
    404800   0.8138741278E+003   0.3586274695E+001
    404900   0.8126335926E+003   0.3944196253E+001
    405000   0.7984774122E+003   0.3239838294E+001
    405100   0.8073537712E+003   0.3948628483E+001
    405200   0.8006585658E+003   0.4311897780E+001
    405300   0.8106120865E+003   0.4659195294E+001
    405400   0.8120855137E+003   0.4301358626E+001
    405500   0.8142648911E+003   0.4655621711E+001
    405600   0.7828361890E+003   0.5045918744E+001
    405700   0.7874988405E+003   0.5040614845E+001
    405800   0.7763770295E+003   0.4694616550E+001
    405900   0.8139464357E+003   0.5011875064E+001
    406000   0.7992791084E+003   0.4670526520E+001
    406100   0.7934124229E+003   0.4676541769E+001
    406200   0.7831614380E+003   0.5403455950E+001
    406300   0.7814757828E+003   0.4689109312E+001
    406400   0.7947463820E+003   0.4317490490E+001
    406500   0.7848185935E+003   0.5043654637E+001
    406600   0.7928842683E+003   0.5748591159E+001
    406700   0.7999793336E+003   0.5739733230E+001
    406800   0.8084109880E+003   0.5017708032E+001
    406900   0.8077872929E+003   0.5018371119E+001
    407000   0.8140811433E+003   0.5367355071E+001
    407100   0.7979133795E+003   0.5385822582E+001
    407200   0.8175021744E+003   0.5363556825E+001
    407300   0.7949273325E+003   0.5746021445E+001
    407400   0.7898149071E+003   0.5395407044E+001
    407500   0.7903474773E+003   0.5394769662E+001
    407600   0.8147403016E+003   0.5366620332E+001
    407700   0.7984605269E+003   0.5385183264E+001
    407800   0.8083385910E+003   0.5017784940E+001
    407900   0.7999567641E+003   0.4312556581E+001
    408000   0.8135059949E+003   0.4656361058E+001
    408100   0.8060481161E+003   0.5376422283E+001
    408200   0.7964883329E+003   0.4673374986E+001
    408300   0.7969000800E+003   0.4672953254E+001
    408400   0.8030182858E+003   0.5023481254E+001
    408500   0.7873812638E+003   0.4324595971E+001
    408600   0.7846222186E+003   0.4327298224E+001
    408700   0.8042785004E+003   0.3951241545E+001
    408800   0.8059747531E+003   0.4306951025E+001
    408900   0.8166546367E+003   0.4297241080E+001
    409000   0.7917658233E+003   0.3962119948E+001
    409100   0.7951726026E+003   0.3959118238E+001
    409200   0.7984001377E+003   0.3956302230E+001
    409300   0.7922313165E+003   0.3961708011E+001
    409400   0.8112329683E+003   0.3588282338E+001
    409500   0.8003279003E+003   0.3596736580E+001
    409600   0.7945296936E+003   0.4317697328E+001
    409700   0.7929910951E+003   0.4676977793E+001
    409800   0.8048502356E+003   0.3950753968E+001
    409900   0.8115716310E+003   0.3588024052E+001
    410000   0.8061794646E+003   0.3949623533E+001
    410100   0.8117120083E+003   0.3587917065E+001
    410200   0.8029716153E+003   0.3594662250E+001
    410300   0.8028737087E+003   0.3594738784E+001
    410400   0.8067719110E+003   0.3949121098E+001
    410500   0.8115675675E+003   0.3945085699E+001
    410600   0.8060173808E+003   0.3949761142E+001
    410700   0.8157273503E+003   0.3941630364E+001
    410800   0.8050843324E+003   0.3950554564E+001
    410900   0.8078251884E+003   0.3948229982E+001
    411000   0.8097674701E+003   0.4303468392E+001
    411100   0.7886938201E+003   0.3964852876E+001
    411200   0.8118551832E+003   0.4301567630E+001
    411300   0.7993552516E+003   0.4313122319E+001
    411400   0.8088210716E+003   0.4304333831E+001
    411500   0.8151268781E+003   0.3942126598E+001
    411600   0.8215902868E+003   0.3936829777E+001
    411700   0.8149600603E+003   0.4298761872E+001
    411800   0.8045355197E+003   0.3593442704E+001
    411900   0.7890533709E+003   0.3605766730E+001
    412000   0.8063743596E+003   0.3592015863E+001
    412100   0.7774490294E+003   0.3615384156E+001
    412200   0.7961422130E+003   0.3600053923E+001
    412300   0.8051512531E+003   0.3950497586E+001
    412400   0.8033383562E+003   0.3952045075E+001
    412500   0.8062336668E+003   0.3234353333E+001
    412600   0.7893095292E+003   0.3246485362E+001
    412700   0.8021522216E+003   0.3237224053E+001
    412800   0.8019518309E+003   0.3595460497E+001
    412900   0.8206114930E+003   0.2867480280E+001
    413000   0.8045063372E+003   0.2877342757E+001
    413100   0.8209001859E+003   0.3224313310E+001
    413200   0.7989365340E+003   0.2880862478E+001
    413300   0.8024453145E+003   0.3237016759E+001
    413400   0.7881279644E+003   0.3606521440E+001
    413500   0.7820862897E+003   0.3611500493E+001
    413600   0.8000699457E+003   0.2880141570E+001
    413700   0.7910659013E+003   0.2526345865E+001
    413800   0.8106480728E+003   0.2873527425E+001
    413900   0.8119924721E+003   0.2514725725E+001
    414000   0.7901530925E+003   0.2886531866E+001
    414100   0.8071353230E+003   0.2517359711E+001
    414200   0.8055837043E+003   0.2876668538E+001
    414300   0.8075753782E+003   0.2875427706E+001
    414400   0.7999027132E+003   0.3238820989E+001
    414500   0.8061616235E+003   0.2876307747E+001
    414600   0.7964599798E+003   0.3599800640E+001
    414700   0.8040938136E+003   0.3235854148E+001
    414800   0.7891109862E+003   0.3246631327E+001
    414900   0.8051687496E+003   0.2876927966E+001
    415000   0.8088570276E+003   0.2516421796E+001
    415100   0.7941631671E+003   0.3242943779E+001
    415200   0.7994364130E+003   0.3597439701E+001
    415300   0.7888271911E+003   0.3246840119E+001
    415400   0.7926689124E+003   0.3244028659E+001
    415500   0.7966327880E+003   0.2882335222E+001
    415600   0.8043678429E+003   0.3235661430E+001
    415700   0.7906393084E+003   0.3604478166E+001
    415800   0.7968294788E+003   0.3599506422E+001
    415900   0.8001302460E+003   0.3954803707E+001
    416000   0.8052753349E+003   0.3592867728E+001
    416100   0.8155573524E+003   0.3585003161E+001
    416200   0.7933416513E+003   0.3602296500E+001
    416300   0.8036471342E+003   0.3594134791E+001
    416400   0.7945094610E+003   0.3601359104E+001
    416500   0.8270551862E+003   0.3576479289E+001
    416600   0.8247720101E+003   0.3578149802E+001
    416700   0.8100665720E+003   0.3589173847E+001
    416800   0.8130859626E+003   0.4300452420E+001
    416900   0.8047502574E+003   0.4308083632E+001
    417000   0.8176811328E+003   0.3940021651E+001
    417100   0.8070328463E+003   0.4305975579E+001
    417200   0.8007143691E+003   0.4669070663E+001
    417300   0.7961158435E+003   0.4316186342E+001
    417400   0.7969887438E+003   0.4315357820E+001
    417500   0.8053852766E+003   0.3950298419E+001
    417600   0.7965399130E+003   0.3599736965E+001
    417700   0.8031959937E+003   0.4309527097E+001
    417800   0.8134385850E+003   0.4656426809E+001
    417900   0.7878343139E+003   0.4682358919E+001
    418000   0.8100363535E+003   0.4659761985E+001
    418100   0.7994670177E+003   0.5027333014E+001
    418200   0.8066808899E+003   0.5019550357E+001
    418300   0.8050415963E+003   0.5021304550E+001
    418400   0.7939880081E+003   0.5033355032E+001
    418500   0.7926098650E+003   0.5392073241E+001
    418600   0.7819439367E+003   0.5404946254E+001
    418700   0.7948694131E+003   0.5032379692E+001
    418800   0.8005072802E+003   0.4669280346E+001
    418900   0.8109091946E+003   0.4658903221E+001
    419000   0.7971542920E+003   0.5029863094E+001
    419100   0.7980166667E+003   0.5028917659E+001
    419200   0.7860430340E+003   0.4684247581E+001
    419300   0.8024743476E+003   0.5024068625E+001
    419400   0.7982758190E+003   0.4671547857E+001
    419500   0.8017457902E+003   0.5024856822E+001
    419600   0.7966345953E+003   0.4673225118E+001
    419700   0.8105903714E+003   0.3588773120E+001
    419800   0.7863217459E+003   0.3248691119E+001
    419900   0.8156549924E+003   0.2870466901E+001
    420000   0.8114381129E+003   0.2873041561E+001
    420100   0.8179756554E+003   0.2869063267E+001
    420200   0.8089471630E+003   0.3232463587E+001
    420300   0.7915400484E+003   0.3603749028E+001
    420400   0.8076266160E+003   0.3591048543E+001
    420500   0.7894396150E+003   0.3605452347E+001
    420600   0.7949999328E+003   0.3959269649E+001
    420700   0.7903099445E+003   0.3963412015E+001
    420800   0.7856139842E+003   0.3967618058E+001
    420900   0.7865512067E+003   0.4325406594E+001
    421000   0.8168577516E+003   0.3940698512E+001
    421100   0.7954487746E+003   0.3600607470E+001
    421200   0.8137586632E+003   0.3586362144E+001
    421300   0.8203615753E+003   0.3581407562E+001
    421400   0.8072082127E+003   0.3948751638E+001
    421500   0.8139866942E+003   0.3943071212E+001
    421600   0.8192552531E+003   0.3938732076E+001
    421700   0.8011659525E+003   0.3953910274E+001
    421800   0.8169001646E+003   0.3940663607E+001
    421900   0.8118210069E+003   0.3944873992E+001
    422000   0.8197014574E+003   0.3938367583E+001
    422100   0.8204187124E+003   0.3937782649E+001
    422200   0.8158599343E+003   0.3584775237E+001
    422300   0.8128507939E+003   0.3944015365E+001
    422400   0.8053576300E+003   0.3950321940E+001
    422500   0.8046076819E+003   0.4308215771E+001
    422600   0.8003585393E+003   0.3954606541E+001
    422700   0.8107143392E+003   0.4659094746E+001
    422800   0.8145409117E+003   0.4299139179E+001
    422900   0.7926359727E+003   0.5034856113E+001
    423000   0.8145855901E+003   0.4655309759E+001
    423100   0.8114786141E+003   0.4301909631E+001
    423200   0.8189700769E+003   0.4295174995E+001
    423300   0.8066046246E+003   0.4663159484E+001
    423400   0.8084697314E+003   0.4304655720E+001
    423500   0.8228286201E+003   0.4291762178E+001
    423600   0.8095413130E+003   0.4660250005E+001
    423700   0.8103347737E+003   0.5015670270E+001
    423800   0.8131714098E+003   0.5012686153E+001
    423900   0.8172046916E+003   0.4652772803E+001
    424000   0.8083233197E+003   0.4661453707E+001
    424100   0.8065231351E+003   0.4663240573E+001
    424200   0.7926602609E+003   0.5034829095E+001
    424300   0.8059169264E+003   0.5732460702E+001
    424400   0.8109193295E+003   0.5370898859E+001
    424500   0.8229003581E+003   0.5002633862E+001
    424600   0.8200671945E+003   0.5005532428E+001
    424700   0.8150132327E+003   0.5721559437E+001
    424800   0.8148600636E+003   0.5721740645E+001
    424900   0.8245380383E+003   0.5710445283E+001
    425000   0.8180442408E+003   0.5362958395E+001
    425100   0.8086753327E+003   0.5373433630E+001
    425200   0.8112149724E+003   0.5014741694E+001
    425300   0.8178023873E+003   0.5007866400E+001
    425400   0.8095604945E+003   0.5372431806E+001
    425500   0.8023864969E+003   0.5380625910E+001
    425600   0.8054285809E+003   0.5377130378E+001
    425700   0.8079301155E+003   0.5374279058E+001
    425800   0.7993394530E+003   0.5740524534E+001
    425900   0.7928606851E+003   0.5034606212E+001
    426000   0.7911681083E+003   0.5750761746E+001
    426100   0.8008868176E+003   0.5382360588E+001
    426200   0.8064131971E+003   0.5019836242E+001
    426300   0.8111410680E+003   0.4658675452E+001
    426400   0.7886443393E+003   0.4323366322E+001
    426500   0.8107354662E+003   0.4659073975E+001
    426600   0.8069245905E+003   0.3948991756E+001
    426700   0.8028743969E+003   0.3952442430E+001
    426800   0.7981834242E+003   0.4314227329E+001
    426900   0.7884559449E+003   0.3965065542E+001
    427000   0.7983190022E+003   0.4314099287E+001
    427100   0.8067300745E+003   0.4306254395E+001
    427200   0.8027375793E+003   0.4667028792E+001
    427300   0.7968227231E+003   0.4315515236E+001
    427400   0.8207214920E+003   0.4293621248E+001
    427500   0.8031914141E+003   0.3952170864E+001
    427600   0.7998960567E+003   0.4312613632E+001
    427700   0.8107490803E+003   0.3945770471E+001
    427800   0.7996568485E+003   0.3955212981E+001
    427900   0.8106155093E+003   0.4659191928E+001
    428000   0.8142416060E+003   0.4655644373E+001
    428100   0.8070802816E+003   0.5375245401E+001
    428200   0.7989853284E+003   0.5027858556E+001
    428300   0.8092901671E+003   0.5728384672E+001
    428400   0.7992115922E+003   0.6096738478E+001
    428500   0.7956803835E+003   0.6101392188E+001
    428600   0.7890001297E+003   0.5753519651E+001
    428700   0.8011896361E+003   0.5738240567E+001
    428800   0.8234644434E+003   0.6066033528E+001
    428900   0.7965029630E+003   0.5744050220E+001
    429000   0.8230786495E+003   0.5002452234E+001
    429100   0.8119309278E+003   0.5369761539E+001
    429200   0.8051502433E+003   0.5021188029E+001
    429300   0.8077965871E+003   0.5374430735E+001
    429400   0.8134652524E+003   0.5368042841E+001
    429500   0.8016690218E+003   0.5381454864E+001
    429600   0.8071602211E+003   0.5375154401E+001
    429700   0.8132574196E+003   0.5368275204E+001
    429800   0.8126016459E+003   0.5369009290E+001
    429900   0.8026472610E+003   0.5380325060E+001
    430000   0.8147395607E+003   0.5366621157E+001
    430100   0.8172223951E+003   0.5008466537E+001
    430200   0.8112302588E+003   0.5014725588E+001
    430300   0.8029225449E+003   0.5380007707E+001
    430400   0.8098518674E+003   0.5016180721E+001
    430500   0.8188953248E+003   0.5006738202E+001
    430600   0.8199974101E+003   0.5005604119E+001
    430700   0.7990187630E+003   0.5027822053E+001
    430800   0.8074225781E+003   0.4305617044E+001
    430900   0.8182120588E+003   0.4295849874E+001
    431000   0.8129779987E+003   0.4656876405E+001
    431100   0.8056896013E+003   0.4307214418E+001
    431200   0.8040447062E+003   0.3951441160E+001
    431300   0.8009343447E+003   0.3954109831E+001
    431400   0.8075907063E+003   0.3948428127E+001
    431500   0.7986092183E+003   0.4313825373E+001
    431600   0.7942942765E+003   0.3959889232E+001
    431700   0.8052692510E+003   0.4307603092E+001
    431800   0.8102415970E+003   0.3946195862E+001
    431900   0.8177785312E+003   0.4296236511E+001
    432000   0.8014985185E+003   0.3953623967E+001
    432100   0.8163882225E+003   0.4297479683E+001
    432200   0.8097754499E+003   0.4303461105E+001
    432300   0.8180507983E+003   0.3583130832E+001
    432400   0.8117021725E+003   0.4658124908E+001
    432500   0.8087373652E+003   0.4304410491E+001
    432600   0.8185385332E+003   0.3939318518E+001
    432700   0.8001219512E+003   0.3238664886E+001
    432800   0.8101270681E+003   0.3946291951E+001
    432900   0.7989886433E+003   0.3955791644E+001
    433000   0.8015337848E+003   0.3953593623E+001
    433100   0.8031925698E+003   0.3952169875E+001
    433200   0.8051252188E+003   0.4307736379E+001
    433300   0.8245559523E+003   0.4290246473E+001
    433400   0.8101883086E+003   0.3946240567E+001
    433500   0.8132239560E+003   0.3943704854E+001
    433600   0.7977263693E+003   0.4314659357E+001
    433700   0.8150791638E+003   0.3942166066E+001
    433800   0.8122333301E+003   0.4301224570E+001
    433900   0.8198952493E+003   0.3938209425E+001
    434000   0.8161240179E+003   0.4297716487E+001
    434100   0.7992393115E+003   0.3955574433E+001
    434200   0.8033362800E+003   0.3594377383E+001
    434300   0.7904076137E+003   0.3963325160E+001
    434400   0.7972550061E+003   0.3240714193E+001
    434500   0.7939785768E+003   0.3601784840E+001
    434600   0.8037755383E+003   0.3951671146E+001
    434700   0.8091696559E+003   0.4304014790E+001
    434800   0.8194976313E+003   0.3938534026E+001
    434900   0.8008872022E+003   0.3954150466E+001
    435000   0.8049732013E+003   0.3950649208E+001
    435100   0.8161469496E+003   0.3584559222E+001
    435200   0.8015701238E+003   0.3953562359E+001
    435300   0.8029615495E+003   0.4309745398E+001
    435400   0.8129000592E+003   0.4300620614E+001
    435500   0.8188343672E+003   0.4651203817E+001
    435600   0.8148914417E+003   0.4655012516E+001
    435700   0.8150386804E+003   0.4654869514E+001
    435800   0.8132313182E+003   0.4656629056E+001
    435900   0.8076565165E+003   0.4662114488E+001
    436000   0.8122232902E+003   0.5013680853E+001
    436100   0.8186161128E+003   0.4651413520E+001
    436200   0.8127575293E+003   0.4657091825E+001
    436300   0.8134632769E+003   0.5012380493E+001
    436400   0.8104251585E+003   0.5015574808E+001
    436500   0.8078582810E+003   0.4661914411E+001
    436600   0.8224246394E+003   0.4647772878E+001
    436700   0.7994275408E+003   0.4670375673E+001
    436800   0.8087791293E+003   0.4304372240E+001
    436900   0.7961612366E+003   0.4673710380E+001
    437000   0.7948061021E+003   0.5032449666E+001
    437100   0.8045474120E+003   0.4665212471E+001
    437200   0.8042260769E+003   0.4665534258E+001
    437300   0.7982877937E+003   0.5028620914E+001
    437400   0.8056594467E+003   0.5376866362E+001
    437500   0.8110793472E+003   0.5014884620E+001
    437600   0.7964696902E+003   0.4673394093E+001
    437700   0.8090342948E+003   0.4304138641E+001
    437800   0.8014974679E+003   0.3953624871E+001
    437900   0.8079739983E+003   0.3233139610E+001
    438000   0.8135570638E+003   0.3229287021E+001
    438100   0.8168122669E+003   0.2869765765E+001
    438200   0.8043649489E+003   0.2877431396E+001
    438300   0.8057442523E+003   0.3592503932E+001
    438400   0.8128184430E+003   0.3587075325E+001
    438500   0.8199973090E+003   0.3938126166E+001
    438600   0.8048163892E+003   0.3950782809E+001
    438700   0.8191083900E+003   0.3582340717E+001
    438800   0.8053997887E+003   0.3234937071E+001
    438900   0.7947364374E+003   0.3601177287E+001
    439000   0.8112653036E+003   0.3230860922E+001
    439100   0.8124861350E+003   0.3230021201E+001
    439200   0.7987776623E+003   0.3955974589E+001
    439300   0.7882919077E+003   0.3606387585E+001
    439400   0.8025320808E+003   0.2878583775E+001
    439500   0.8035361885E+003   0.3236246788E+001
    439600   0.8102593010E+003   0.2515661352E+001
    439700   0.8008395541E+003   0.2879653428E+001
    439800   0.8203809540E+003   0.2867618258E+001
    439900   0.8171050959E+003   0.2869588723E+001
    440000   0.7975785216E+003   0.3240482075E+001
    440100   0.8034174136E+003   0.2878026368E+001
    440200   0.8244573389E+003   0.2865191857E+001
    440300   0.8091518480E+003   0.2874450635E+001
    440400   0.7976817801E+003   0.2881663379E+001
    440500   0.8162047227E+003   0.2870133556E+001
    440600   0.8063081128E+003   0.3234301288E+001
    440700   0.8109910652E+003   0.3231049958E+001
    440800   0.8040446107E+003   0.3593824919E+001
    440900   0.8044676345E+003   0.3951080161E+001
    441000   0.7988322193E+003   0.3597917281E+001
    441100   0.7974774258E+003   0.4314894914E+001
    441200   0.7966802191E+003   0.3957799511E+001
    441300   0.7934745259E+003   0.3602189678E+001
    441400   0.8197391147E+003   0.3581870645E+001
    441500   0.8074025106E+003   0.3591221397E+001
    441600   0.8209309275E+003   0.3224292707E+001
    441700   0.8214146297E+003   0.3223968764E+001
    441800   0.8003553249E+003   0.3238498830E+001
    441900   0.8008454654E+003   0.3954186446E+001
    442000   0.8031017124E+003   0.3236553160E+001
    442100   0.8029560696E+003   0.3236655947E+001
    442200   0.8013383470E+003   0.3237800609E+001
    442300   0.7949905809E+003   0.3600973853E+001
    442400   0.7956568588E+003   0.3958694014E+001
    442500   0.7903107577E+003   0.3963411291E+001
    442600   0.7870912527E+003   0.3966288534E+001
    442700   0.7982981599E+003   0.3956390796E+001
    442800   0.7931816165E+003   0.3960868810E+001
    442900   0.8013915765E+003   0.4311211128E+001
    443000   0.8005265786E+003   0.4312021576E+001
    443100   0.8044967026E+003   0.4308318665E+001
    443200   0.7927033711E+003   0.4319445916E+001
    443300   0.8069141901E+003   0.4662851616E+001
    443400   0.7977196038E+003   0.4314665756E+001
    443500   0.7982804935E+003   0.3956406141E+001
    443600   0.8105840004E+003   0.3945908779E+001
    443700   0.8032649927E+003   0.3952107871E+001
    443800   0.7932504700E+003   0.4318921110E+001
    443900   0.7777546895E+003   0.4693120121E+001
    444000   0.8001053478E+003   0.4669687675E+001
    444100   0.7915475620E+003   0.5393337089E+001
    444200   0.7760645311E+003   0.5053755567E+001
    444300   0.7912167553E+003   0.4320876268E+001
    444400   0.8034248574E+003   0.3951971051E+001
    444500   0.7833230172E+003   0.4328578453E+001
    444600   0.7912209101E+003   0.3962602894E+001
    444700   0.8017620897E+003   0.3953397256E+001
    444800   0.8005527010E+003   0.4669234345E+001
    444900   0.8053250501E+003   0.4664434984E+001
    445000   0.8106095457E+003   0.4302700343E+001
    445100   0.8079314236E+003   0.4305149541E+001
    445200   0.7944931246E+003   0.4317732248E+001
    445300   0.7957155754E+003   0.3958642617E+001
    445400   0.8052231171E+003   0.2876893958E+001
    445500   0.7922156594E+003   0.4319914473E+001
    445600   0.8085181481E+003   0.4304611342E+001
    445700   0.7845045932E+003   0.4685877768E+001
    445800   0.7867321846E+003   0.4325229682E+001
    445900   0.7986042109E+003   0.3598097729E+001
    446000   0.8048904759E+003   0.3950719681E+001
    446100   0.8089538281E+003   0.3590027158E+001
    446200   0.8007623247E+003   0.3238209501E+001
    446300   0.8133065923E+003   0.2155825787E+001
    446400   0.8214600768E+003   0.2509696420E+001
    446500   0.8188139819E+003   0.2511088331E+001
    446600   0.8335122938E+003   0.2503487307E+001
    446700   0.7943766775E+003   0.3242789156E+001
    446800   0.7918055011E+003   0.3962084813E+001
    446900   0.7977070624E+003   0.3598808919E+001
    447000   0.8159319941E+003   0.3227666933E+001
    447100   0.8121152525E+003   0.3230275991E+001
    447200   0.8014714065E+003   0.3237706254E+001
    447300   0.8172356114E+003   0.3226782344E+001
    447400   0.8160925073E+003   0.3227557836E+001
    447500   0.7971334419E+003   0.3599264628E+001
    447600   0.8006604208E+003   0.3954346023E+001
    447700   0.7983036932E+003   0.3956385990E+001
    447800   0.8018250403E+003   0.4310805772E+001
    447900   0.8018927902E+003   0.4310742462E+001
    448000   0.8058507608E+003   0.4307065529E+001
    448100   0.8075980632E+003   0.3948421908E+001
    448200   0.8185978645E+003   0.3939269926E+001
    448300   0.8022648806E+003   0.3952965266E+001
    448400   0.8222401582E+003   0.3580014952E+001
    448500   0.8019977677E+003   0.3953194686E+001
    448600   0.7901271811E+003   0.3245885150E+001
    448700   0.7829664034E+003   0.3251191917E+001
    448800   0.8074338999E+003   0.2875515611E+001
    448900   0.7990066263E+003   0.2880817826E+001
    449000   0.7949737697E+003   0.3242357263E+001
    449100   0.8048685139E+003   0.3235309719E+001
    449200   0.7988241657E+003   0.3239590407E+001
    449300   0.8085821948E+003   0.2874803181E+001
    449400   0.8129556901E+003   0.2872111379E+001
    449500   0.8026880413E+003   0.3594883981E+001
    449600   0.8004026699E+003   0.4669386314E+001
    449700   0.7900985725E+003   0.4321956305E+001
    449800   0.7920152399E+003   0.4320107218E+001
    449900   0.8128492370E+003   0.4657002201E+001
    450000   0.7900646873E+003   0.4321989090E+001
    450100   0.7946459139E+003   0.4317586375E+001
    450200   0.7939264446E+003   0.4318273855E+001
    450300   0.7980688174E+003   0.3956590072E+001
    450400   0.7997959625E+003   0.3955092651E+001
    450500   0.8118347801E+003   0.3587823531E+001
    450600   0.7857195749E+003   0.3967522832E+001
    450700   0.8028792372E+003   0.4666886280E+001
    450800   0.7932257286E+003   0.4318944825E+001
    450900   0.7988914612E+003   0.3955875898E+001
    451000   0.7930994353E+003   0.5034340882E+001
    451100   0.7854053886E+003   0.4326528901E+001
    451200   0.8059584339E+003   0.5376524706E+001
    451300   0.7922839939E+003   0.5392460515E+001
    451400   0.8055776099E+003   0.5020730046E+001
    451500   0.7948745666E+003   0.4317368195E+001
    451600   0.8016561308E+003   0.4310963667E+001
    451700   0.7949446613E+003   0.4674960664E+001
    451800   0.8043693356E+003   0.3951164027E+001
    451900   0.7939364795E+003   0.4318264256E+001
    452000   0.8123731892E+003   0.4657467690E+001
    452100   0.8226758715E+003   0.3935949676E+001
    452200   0.8099870269E+003   0.3589234755E+001
    452300   0.8313335004E+003   0.3217423039E+001
    452400   0.8211629910E+003   0.3224137235E+001
    452500   0.8220429118E+003   0.4292454088E+001
    452600   0.8047046936E+003   0.4665055078E+001
    452700   0.8213098413E+003   0.4648834450E+001
    452800   0.8152666680E+003   0.4298486160E+001
    452900   0.8160265461E+003   0.4653911640E+001
    453000   0.8160245237E+003   0.4297805710E+001
    453100   0.8133689803E+003   0.4656494715E+001
    453200   0.7950938651E+003   0.4674807084E+001
    453300   0.8096173719E+003   0.4303605492E+001
    453400   0.8093053881E+003   0.3946982268E+001
    453500   0.8263197776E+003   0.3933015255E+001
    453600   0.7913668295E+003   0.4320731586E+001
    453700   0.8082893609E+003   0.3947838137E+001
    453800   0.8031258942E+003   0.4309592354E+001
    453900   0.8063410832E+003   0.4306612969E+001
    454000   0.8141800851E+003   0.3942910774E+001
    454100   0.8031966542E+003   0.3594486419E+001
    454200   0.8157424224E+003   0.3227795846E+001
    454300   0.8174910485E+003   0.3226609401E+001
    454400   0.8052027541E+003   0.4307664621E+001
    454500   0.7970617010E+003   0.4315288669E+001
    454600   0.8303713316E+003   0.3929787856E+001
    454700   0.8191302825E+003   0.4295032548E+001
    454800   0.8049535026E+003   0.3950665988E+001
    454900   0.8083537549E+003   0.4304762047E+001
    455000   0.7962669863E+003   0.3241424458E+001
    455100   0.8070071222E+003   0.4305999258E+001
    455200   0.8082447031E+003   0.3947875813E+001
    455300   0.7960609198E+003   0.3958340508E+001
    455400   0.8157623234E+003   0.3584848742E+001
    455500   0.8117251866E+003   0.3587907023E+001
    455600   0.8117644542E+003   0.3230517235E+001
    455700   0.8126278145E+003   0.3229923942E+001
    455800   0.7936489120E+003   0.3243316603E+001
    455900   0.8080386173E+003   0.2875140133E+001
    456000   0.8119410409E+003   0.2872732845E+001
    456100   0.8114369165E+003   0.2515025123E+001
    456200   0.8034607204E+003   0.2877999139E+001
    456300   0.8162854822E+003   0.2154457256E+001
    456400   0.8090854843E+003   0.2516297694E+001
    456500   0.8097403060E+003   0.2515942439E+001
    456600   0.8078505475E+003   0.2516969515E+001
    456700   0.8280775811E+003   0.2506261009E+001
    456800   0.8225558325E+003   0.2509123097E+001
    456900   0.8186333284E+003   0.2511183744E+001
    457000   0.8089844162E+003   0.2516352586E+001
    457100   0.8137054964E+003   0.2871653296E+001
    457200   0.8049420245E+003   0.2159732245E+001
    457300   0.8075522152E+003   0.2517132174E+001
    457400   0.8048328317E+003   0.3235334768E+001
    457500   0.7925606926E+003   0.3244107417E+001
    457600   0.7894831936E+003   0.2886970366E+001
    457700   0.7865492020E+003   0.2528949680E+001
    457800   0.7923156874E+003   0.2885122245E+001
    457900   0.7881519734E+003   0.2887844362E+001
    458000   0.8087237559E+003   0.2874715518E+001
    458100   0.8137156052E+003   0.2155637186E+001
    458200   0.8106252889E+003   0.2515463388E+001
    458300   0.8017324936E+003   0.2520333727E+001
    458400   0.7893350531E+003   0.2887067454E+001
    458500   0.8079541559E+003   0.2516913058E+001
    458600   0.8103377429E+003   0.2515618905E+001
    458700   0.8145326918E+003   0.2513362866E+001
    458800   0.8051712826E+003   0.2159623904E+001
    458900   0.8114843542E+003   0.1798020393E+001
    459000   0.7948285057E+003   0.2883495689E+001
    459100   0.7875284024E+003   0.3247797918E+001
    459200   0.7856932160E+003   0.2889467817E+001
    459300   0.7803428518E+003   0.3612954214E+001
    459400   0.7842140117E+003   0.3250259103E+001
    459500   0.7993538675E+003   0.3597504898E+001
    459600   0.7903089548E+003   0.3604746074E+001
    459700   0.7893251447E+003   0.3964289189E+001
    459800   0.7967610224E+003   0.3957728998E+001
    459900   0.8109504955E+003   0.3588497964E+001
    460000   0.8194849307E+003   0.3582059984E+001
    460100   0.7967948259E+003   0.3241044748E+001
    460200   0.8094571183E+003   0.3232110101E+001
    460300   0.8094641727E+003   0.3232105215E+001
    460400   0.8138533813E+003   0.2871563065E+001
    460500   0.8091981105E+003   0.3589839593E+001
    460600   0.8033062937E+003   0.3594400796E+001
    460700   0.8035980582E+003   0.3594173075E+001
    460800   0.7982466645E+003   0.3598380939E+001
    460900   0.7923861447E+003   0.3961571122E+001
    461000   0.8004633003E+003   0.3954516108E+001
    461100   0.7984953941E+003   0.3956219526E+001
    461200   0.8068889392E+003   0.3949021952E+001
    461300   0.8021123778E+003   0.3953096227E+001
    461400   0.8068122645E+003   0.3949086907E+001
    461500   0.7928222289E+003   0.3961185903E+001
    461600   0.8000464478E+003   0.3954876113E+001
    461700   0.7866864452E+003   0.3607701233E+001
    461800   0.7823572288E+003   0.3611275263E+001
    461900   0.7765381256E+003   0.3616153471E+001
    462000   0.8050887106E+003   0.2876978043E+001
    462100   0.8013776864E+003   0.2520530684E+001
    462200   0.8093977082E+003   0.2874298658E+001
    462300   0.8070933665E+003   0.2875727344E+001
    462400   0.8084460435E+003   0.3232811458E+001
    462500   0.8116175735E+003   0.3945043915E+001
    462600   0.7993478036E+003   0.3955480471E+001
    462700   0.8046483628E+003   0.3950926033E+001
    462800   0.7875283989E+003   0.3965896234E+001
    462900   0.7997650039E+003   0.3238919093E+001
    463000   0.8031915309E+003   0.3594490421E+001
    463100   0.8060948614E+003   0.3592232246E+001
    463200   0.8211606824E+003   0.3580814265E+001
    463300   0.8204452352E+003   0.4293865811E+001
    463400   0.8064093428E+003   0.4306550018E+001
    463500   0.8137767912E+003   0.4656097052E+001
    463600   0.7930423650E+003   0.4676924706E+001
    463700   0.8048247546E+003   0.4308014610E+001
    463800   0.8108924132E+003   0.3945650438E+001
    463900   0.8094503029E+003   0.3946860401E+001
    464000   0.7992525121E+003   0.3955562999E+001
    464100   0.8158936176E+003   0.3584749877E+001
    464200   0.8000200432E+003   0.4312497123E+001
    464300   0.7930918920E+003   0.4319073139E+001
    464400   0.8124246410E+003   0.4657417348E+001
    464500   0.7951257987E+003   0.5032096459E+001
    464600   0.8264344856E+003   0.4643982118E+001
    464700   0.8176343890E+003   0.4296365169E+001
    464800   0.8047973374E+003   0.5021566646E+001
    464900   0.8138251086E+003   0.4656049968E+001
    465000   0.8069611400E+003   0.4306041590E+001
    465100   0.7972317339E+003   0.4315127563E+001
    465200   0.8142196180E+003   0.3942877988E+001
    465300   0.8101531703E+003   0.3946270049E+001
    465400   0.8169157092E+003   0.4297007437E+001
    465500   0.8098164837E+003   0.4303423636E+001
    465600   0.8169797151E+003   0.4296950183E+001
    465700   0.8195516221E+003   0.3938489928E+001
    465800   0.8009632660E+003   0.4311612171E+001
    465900   0.8060568403E+003   0.4306875242E+001
    466000   0.8052665176E+003   0.3950399472E+001
    466100   0.8052254540E+003   0.4307643616E+001
    466200   0.7890852201E+003   0.4681045990E+001
    466300   0.7970279332E+003   0.4315320673E+001
    466400   0.7916088547E+003   0.3962258986E+001
    466500   0.8127474663E+003   0.3587129241E+001
    466600   0.8078153949E+003   0.3590903024E+001
    466700   0.8069227477E+003   0.3591591821E+001
    466800   0.7957595387E+003   0.3958604141E+001
    466900   0.8153222710E+003   0.4654594256E+001
    467000   0.8037869126E+003   0.4308977531E+001
    467100   0.8092986646E+003   0.4303896797E+001
    467200   0.8056478526E+003   0.4307252999E+001
    467300   0.8236119448E+003   0.5001909506E+001
    467400   0.8256902574E+003   0.4644682435E+001
    467500   0.8001358364E+003   0.5026604537E+001
    467600   0.8182367019E+003   0.4295827911E+001
    467700   0.8071432222E+003   0.4662624019E+001
    467800   0.8231805095E+003   0.4647055007E+001
    467900   0.8166049693E+003   0.5364549362E+001
    468000   0.8005731040E+003   0.5026129037E+001
    468100   0.8019272715E+003   0.4667845123E+001
    468200   0.8059724601E+003   0.4663789042E+001
    468300   0.8105131682E+003   0.5015481880E+001
    468400   0.8181460048E+003   0.4651865653E+001
    468500   0.8236810338E+003   0.4646580492E+001
    468600   0.8070454577E+003   0.4305963971E+001
    468700   0.8207493861E+003   0.4293596565E+001
    468800   0.8165560997E+003   0.4653399279E+001
    468900   0.8146989961E+003   0.4655199514E+001
    469000   0.8171840654E+003   0.5008506233E+001
    469100   0.8321108910E+003   0.4638688689E+001
    469200   0.8105092303E+003   0.4659296466E+001
    469300   0.8166646376E+003   0.4653294361E+001
    469400   0.8135750875E+003   0.4300010321E+001
    469500   0.8157523815E+003   0.5365494905E+001
    469600   0.8071927978E+003   0.5019004280E+001
    469700   0.8021203262E+003   0.5380933235E+001
    469800   0.8050315593E+003   0.5377584823E+001
    469900   0.8122557664E+003   0.5013646736E+001
    470000   0.7866757684E+003   0.4683579292E+001
    470100   0.8025313508E+003   0.4667236370E+001
    470200   0.8009988454E+003   0.3954054242E+001
    470300   0.8098722048E+003   0.3946505893E+001
    470400   0.8022715997E+003   0.4310388707E+001
    470500   0.8117406851E+003   0.3944941071E+001
    470600   0.8173858024E+003   0.3583628870E+001
    470700   0.8081629587E+003   0.3590635315E+001
    470800   0.7997838604E+003   0.3955103117E+001
    470900   0.8086181602E+003   0.3947560891E+001
    471000   0.8066277040E+003   0.4306348721E+001
    471100   0.7985262203E+003   0.3956192767E+001
    471200   0.7903412026E+003   0.4321721646E+001
    471300   0.8020593119E+003   0.4310586906E+001
    471400   0.8066253583E+003   0.5019609644E+001
    471500   0.8156646467E+003   0.4654262237E+001
    471600   0.7982609442E+003   0.4671563022E+001
    471700   0.8044535056E+003   0.5021935903E+001
    471800   0.7994324500E+003   0.4670370685E+001
    471900   0.7981421437E+003   0.4314266325E+001
    472000   0.7930971767E+003   0.4676867960E+001
    472100   0.8027860057E+003   0.4309908952E+001
    472200   0.8042747763E+003   0.4665485471E+001
    472300   0.8025187975E+003   0.4667249009E+001
    472400   0.8112892983E+003   0.4658529925E+001
    472500   0.7880664531E+003   0.4682114899E+001
    472600   0.8000241106E+003   0.4312493302E+001
    472700   0.8062285726E+003   0.4306716758E+001
    472800   0.8132563855E+003   0.4300298312E+001
    472900   0.8010464745E+003   0.3954013201E+001
    473000   0.8076968058E+003   0.4305365011E+001
    473100   0.7893081360E+003   0.4680812535E+001
    473200   0.7986091837E+003   0.4313825406E+001
    473300   0.8048373770E+003   0.4664922356E+001
    473400   0.8137666083E+003   0.4299837383E+001
    473500   0.8172736577E+003   0.4652706257E+001
    473600   0.8014618388E+003   0.5025164472E+001
    473700   0.7838616645E+003   0.4328047065E+001
    473800   0.8142519917E+003   0.3585988714E+001
    473900   0.8046513093E+003   0.3950923521E+001
    474000   0.7819178059E+003   0.3611640645E+001
    474100   0.7962903150E+003   0.3599935846E+001
    474200   0.8064850482E+003   0.3949364269E+001
    474300   0.8001995144E+003   0.3954743870E+001
    474400   0.8031405113E+003   0.3594530275E+001
    474500   0.7927706104E+003   0.3602756056E+001
    474600   0.7947133617E+003   0.2883569957E+001
    474700   0.7885212953E+003   0.3606200406E+001
    474800   0.8104172421E+003   0.3588905503E+001
    474900   0.7928589895E+003   0.3961153453E+001
    475000   0.8024538349E+003   0.3595067250E+001
    475100   0.8111939871E+003   0.3945398048E+001
    475200   0.8180454502E+003   0.4295998406E+001
    475300   0.8022602728E+003   0.4667509412E+001
    475400   0.8154954891E+003   0.5010259334E+001
    475500   0.8019057709E+003   0.5024683601E+001
    475600   0.7983631812E+003   0.5028538445E+001
    475700   0.8072560251E+003   0.4305770216E+001
    475800   0.7961052585E+003   0.4316196401E+001
    475900   0.7955818435E+003   0.4316694246E+001
    476000   0.8054430955E+003   0.4307442290E+001
    476100   0.7917793628E+003   0.4320334210E+001
    476200   0.8033725422E+003   0.4309362804E+001
    476300   0.8072696512E+003   0.3591323926E+001
    476400   0.8068679956E+003   0.3233910234E+001
    476500   0.8133397909E+003   0.2871876595E+001
    476600   0.8095124401E+003   0.2874227774E+001
    476700   0.7972702277E+003   0.2881926716E+001
    476800   0.7947600847E+003   0.2883539818E+001
    476900   0.7955162567E+003   0.2523814366E+001
    477000   0.7999882951E+003   0.3238760041E+001
    477100   0.8154573809E+003   0.3227989812E+001
    477200   0.8130782120E+003   0.2872036459E+001
    477300   0.8231143706E+003   0.2865988129E+001
    477400   0.8131195591E+003   0.2514119796E+001
    477500   0.8144256863E+003   0.2513420074E+001
    477600   0.8098540582E+003   0.2515880795E+001
    477700   0.7959709825E+003   0.3241637653E+001
    477800   0.8007367800E+003   0.2879718551E+001
    477900   0.8184912491E+003   0.3225933433E+001
    478000   0.8140118513E+003   0.3228975924E+001
    478100   0.8054635125E+003   0.3234892412E+001
    478200   0.8328216795E+003   0.2147068517E+001
    478300   0.8141126864E+003   0.2871404944E+001
    478400   0.8031268123E+003   0.3236535450E+001
    478500   0.7845887205E+003   0.3968544253E+001
    478600   0.8073695838E+003   0.3591246804E+001
    478700   0.8065926787E+003   0.3591846966E+001
    478800   0.8084900506E+003   0.2516621317E+001
    478900   0.8105957422E+003   0.2873559647E+001
    479000   0.7993659830E+003   0.2880589044E+001
    479100   0.7967264637E+003   0.2882275141E+001
    479200   0.7948189684E+003   0.2883501840E+001
    479300   0.8121521308E+003   0.2872603404E+001
    479400   0.8004446950E+003   0.2879903739E+001
    479500   0.8166814260E+003   0.2869844918E+001
    479600   0.8029810902E+003   0.2878300897E+001
    479700   0.7986420704E+003   0.2881050166E+001
    479800   0.8081367212E+003   0.2875079282E+001
    479900   0.8094420133E+003   0.2874271283E+001
    480000   0.8032262547E+003   0.2878146600E+001
    480100   0.8016855853E+003   0.2879118084E+001
    480200   0.7937356324E+003   0.3601979890E+001
    480300   0.8022280680E+003   0.3595244034E+001
    480400   0.8069012833E+003   0.3591608406E+001
    480500   0.7883747070E+003   0.3965138205E+001
    480600   0.8000081785E+003   0.3954909186E+001
    480700   0.8093570855E+003   0.3589717601E+001
    480800   0.8033419091E+003   0.3594372988E+001
    480900   0.8089732003E+003   0.3947261815E+001
    481000   0.8034203402E+003   0.3951974917E+001
    481100   0.7952112032E+003   0.3959084400E+001
    481200   0.7938056720E+003   0.3960318998E+001
    481300   0.7809300436E+003   0.4330949629E+001
    481400   0.7998859152E+003   0.4312623164E+001
    481500   0.7839012155E+003   0.3969166926E+001
    481600   0.7757083731E+003   0.4336183706E+001
    481700   0.7969754906E+003   0.3957541922E+001
    481800   0.8032354667E+003   0.4309490357E+001
    481900   0.8035754249E+003   0.3951842247E+001
    482000   0.8059496021E+003   0.3949818705E+001
    482100   0.7935550861E+003   0.3960539650E+001
    482200   0.7843080323E+003   0.4327607364E+001
    482300   0.7991790644E+003   0.3955626624E+001
    482400   0.7887008482E+003   0.3606053982E+001
    482500   0.7808022768E+003   0.3252818346E+001
    482600   0.8111349232E+003   0.3588357161E+001
    482700   0.8034402801E+003   0.3236314385E+001
    482800   0.7945270361E+003   0.2883690192E+001
    482900   0.8054043847E+003   0.3592767558E+001
    483000   0.7968709412E+003   0.3240990042E+001
    483100   0.7946680903E+003   0.3601232023E+001
    483200   0.7984919106E+003   0.3239827925E+001
    483300   0.8101296114E+003   0.3231644747E+001
    483400   0.8242765385E+003   0.3578513749E+001
    483500   0.8157846894E+003   0.3227767097E+001
    483600   0.7921923658E+003   0.2885202385E+001
    483700   0.7904883509E+003   0.2886312743E+001
    483800   0.7972756747E+003   0.2881923228E+001
    483900   0.8329215425E+003   0.2860242299E+001
    484000   0.8312575204E+003   0.2147752694E+001
    484100   0.8125819797E+003   0.2514408556E+001
    484200   0.8069404115E+003   0.2158790293E+001
    484300   0.8049668591E+003   0.2518547715E+001
    484400   0.8087076612E+003   0.2157961847E+001
    484500   0.8010421969E+003   0.2161586387E+001
    484600   0.7987952103E+003   0.1803033908E+001
    484700   0.8083236215E+003   0.2158141514E+001
    484800   0.7958091544E+003   0.1804241108E+001
    484900   0.8063507327E+003   0.2159067671E+001
    485000   0.7961351110E+003   0.2523464983E+001
    485100   0.8109888335E+003   0.2156898757E+001
    485200   0.8048041734E+003   0.2518637147E+001
    485300   0.7865704554E+003   0.3607796385E+001
    485400   0.8031378867E+003   0.3594532325E+001
    485500   0.7928003024E+003   0.3602732142E+001
    485600   0.8016512793E+003   0.2879139766E+001
    485700   0.8042337959E+003   0.3235755682E+001
    485800   0.7985849818E+003   0.3598112953E+001
    485900   0.7967043677E+003   0.3599606007E+001
    486000   0.8075577412E+003   0.3233429352E+001
    486100   0.8097158425E+003   0.3589442508E+001
    486200   0.8146576491E+003   0.3942514967E+001
    486300   0.8059474735E+003   0.3234553517E+001
    486400   0.7949138986E+003   0.3601035219E+001
    486500   0.7971564765E+003   0.3240784931E+001
    486600   0.7948580022E+003   0.3601079959E+001
    486700   0.7922018880E+003   0.3244368723E+001
    486800   0.7943753886E+003   0.3242790089E+001
    486900   0.7999729586E+003   0.3238770962E+001
    487000   0.8075035933E+003   0.3591143418E+001
    487100   0.8073258375E+003   0.3591280562E+001
    487200   0.8049711786E+003   0.3950650931E+001
    487300   0.7952392410E+003   0.3959059824E+001
    487400   0.8198585820E+003   0.3581781703E+001
    487500   0.7883698486E+003   0.2887701080E+001
    487600   0.8155152957E+003   0.2870551695E+001
    487700   0.8015454155E+003   0.2879206688E+001
    487800   0.8089609633E+003   0.3232454014E+001
    487900   0.8070706519E+003   0.2875741475E+001
    488000   0.8161116918E+003   0.2870189931E+001
    488100   0.7995372536E+003   0.2880480090E+001
    488200   0.8185896429E+003   0.2868693462E+001
    488300   0.8074576395E+003   0.3233499082E+001
    488400   0.7902826062E+003   0.3604767453E+001
    488500   0.7983591447E+003   0.3239922899E+001
    488600   0.7941549155E+003   0.3601643353E+001
    488700   0.7973938719E+003   0.3957177317E+001
    488800   0.8084444709E+003   0.3590418680E+001
    488900   0.7961340169E+003   0.4673738305E+001
    489000   0.8120892879E+003   0.4657745598E+001
    489100   0.8089326678E+003   0.4304231658E+001
    489200   0.7883038784E+003   0.3965201572E+001
    489300   0.8151456098E+003   0.3585313629E+001
    489400   0.8121133590E+003   0.3587611419E+001
    489500   0.8047168033E+003   0.2877210880E+001
    489600   0.7961197563E+003   0.2882664561E+001
    489700   0.8015323593E+003   0.2520444798E+001
    489800   0.8233034751E+003   0.2508732940E+001
    489900   0.8187252470E+003   0.2511135190E+001
    490000   0.8007898050E+003   0.2520857474E+001
    490100   0.8275669106E+003   0.2863359733E+001
    490200   0.8083653202E+003   0.2874937553E+001
    490300   0.8217617350E+003   0.2509538407E+001
    490400   0.7894085986E+003   0.3246412560E+001
    490500   0.7964262090E+003   0.2882467775E+001
    490600   0.8147940052E+003   0.2513223233E+001
    490700   0.8044993994E+003   0.2518804802E+001
    490800   0.8194544434E+003   0.2510750466E+001
    490900   0.8101146849E+003   0.2515739634E+001
    491000   0.8064925775E+003   0.2517711060E+001
    491100   0.7997836696E+003   0.2880323430E+001
    491200   0.7990284284E+003   0.2880803939E+001
    491300   0.8138714102E+003   0.2513716690E+001
    491400   0.8072808739E+003   0.2875610732E+001
    491500   0.8062518546E+003   0.2517842817E+001
    491600   0.8125403342E+003   0.2872365562E+001
    491700   0.8130404184E+003   0.2514162278E+001
    491800   0.8193478493E+003   0.3225356051E+001
    491900   0.8084663920E+003   0.2874874920E+001
    492000   0.8128716475E+003   0.3229756650E+001
    492100   0.8027642591E+003   0.3236791384E+001
    492200   0.8164650170E+003   0.2512332809E+001
    492300   0.8068776970E+003   0.2875861549E+001
    492400   0.8136977916E+003   0.2871657998E+001
    492500   0.8099467949E+003   0.2515830554E+001
    492600   0.8116498263E+003   0.2156592027E+001
    492700   0.8143148285E+003   0.2155361278E+001
    492800   0.8142475629E+003   0.1796952973E+001
    492900   0.7879518933E+003   0.2528137276E+001
    493000   0.8014573490E+003   0.2161387996E+001
    493100   0.7887398027E+003   0.2167577295E+001
    493200   0.7945924864E+003   0.1804736050E+001
    493300   0.7820388890E+003   0.2170934193E+001
    493400   0.7943364641E+003   0.2524482212E+001
    493500   0.7988605411E+003   0.2880910900E+001
    493600   0.7978493456E+003   0.2522500520E+001
    493700   0.7946560128E+003   0.2524301094E+001
    493800   0.7844760825E+003   0.2169705412E+001
    493900   0.7952372450E+003   0.2523972096E+001
    494000   0.7977544063E+003   0.2163166132E+001
    494100   0.8020949969E+003   0.1801712184E+001
    494200   0.8139347968E+003   0.1797073367E+001
    494300   0.8116824609E+003   0.1438992362E+001
    494400   0.8104080826E+003   0.1080021785E+001
    494500   0.8159404998E+003   0.1078731850E+001
    494600   0.8048083969E+003   0.1081348675E+001
    494700   0.8009861775E+003   0.1082266939E+001
    494800   0.8025082352E+003   0.1081900039E+001
    494900   0.8007439797E+003   0.1082325474E+001
    495000   0.7855998053E+003   0.1447426769E+001
    495100   0.8133204420E+003   0.1438483899E+001
    495200   0.8031661856E+003   0.1801285870E+001
    495300   0.7982426320E+003   0.1803256502E+001
    495400   0.8041839189E+003   0.1800882068E+001
    495500   0.7999329768E+003   0.2162117645E+001
    495600   0.8025102289E+003   0.1801546770E+001
    495700   0.8000991606E+003   0.1802510078E+001
    495800   0.7892671045E+003   0.2167315992E+001
    495900   0.8025410990E+003   0.2519885629E+001
    496000   0.7994648875E+003   0.2880526119E+001
    496100   0.7955464187E+003   0.3241943768E+001
    496200   0.8022019452E+003   0.3237188872E+001
    496300   0.7945018241E+003   0.2883706466E+001
    496400   0.8133874274E+003   0.2871847495E+001
    496500   0.8119460140E+003   0.2872729795E+001
    496600   0.8147028146E+003   0.2513271949E+001
    496700   0.8159402772E+003   0.2154615246E+001
    496800   0.8002621868E+003   0.2161959790E+001
    496900   0.8033490905E+003   0.2519438930E+001
    497000   0.8269099651E+003   0.2863745455E+001
    497100   0.8002252091E+003   0.3596817479E+001
    497200   0.8200753665E+003   0.3581620386E+001
    497300   0.8158978016E+003   0.3584746727E+001
    497400   0.8259925354E+003   0.4644397815E+001
    497500   0.8125971154E+003   0.4300894891E+001
    497600   0.8195474852E+003   0.4650519550E+001
    497700   0.8141653759E+003   0.4655718571E+001
    497800   0.8200088656E+003   0.4294252509E+001
    497900   0.8034836149E+003   0.4309259485E+001
    498000   0.8114582773E+003   0.4658364103E+001
    498100   0.8025017226E+003   0.4667266202E+001
    498200   0.8019261408E+003   0.4667846263E+001
    498300   0.8199484399E+003   0.4650135428E+001
    498400   0.8006642963E+003   0.4669121352E+001
    498500   0.8137091905E+003   0.5012123157E+001
    498600   0.7882270122E+003   0.4681946222E+001
    498700   0.8019888003E+003   0.3953202391E+001
    498800   0.8041274224E+003   0.3951370521E+001
    498900   0.8013116571E+003   0.3953784802E+001
    499000   0.8082123914E+003   0.4304891697E+001
    499100   0.8075951036E+003   0.4305458459E+001
    499200   0.8106522323E+003   0.3945851605E+001
    499300   0.8201155255E+003   0.3938029757E+001
    499400   0.8117594932E+003   0.4301654501E+001
    499500   0.8089689377E+003   0.4304198458E+001
    499600   0.8266045186E+003   0.4643822324E+001
    499700   0.7893937435E+003   0.4322638940E+001
    499800   0.7999081802E+003   0.4312602238E+001
    499900   0.8047396574E+003   0.3950848206E+001
    500000   0.7964549660E+003   0.4315864207E+001
    500100   0.7936646780E+003   0.4318524346E+001
    500200   0.8008215147E+003   0.4668962226E+001
    500300   0.7898918614E+003   0.4680201948E+001
    500400   0.7951323155E+003   0.5745764478E+001
    500500   0.7933970966E+003   0.5391139217E+001
    500600   0.8106693009E+003   0.5371180473E+001
    500700   0.8236584093E+003   0.5711459125E+001
    500800   0.8037265827E+003   0.5735128845E+001
    500900   0.8015562280E+003   0.5737789493E+001
    501000   0.7990371062E+003   0.5027802029E+001
    501100   0.8079533456E+003   0.5018194462E+001
    501200   0.7910385467E+003   0.4679005580E+001
    501300   0.7885843446E+003   0.5039390640E+001
    501400   0.7916697439E+003   0.4678348774E+001
    501500   0.7903113545E+003   0.4321750505E+001
    501600   0.8104013258E+003   0.5015599977E+001
    501700   0.8112851116E+003   0.4302085515E+001
    501800   0.8098112517E+003   0.4303428413E+001
    501900   0.7947727637E+003   0.4675137687E+001
    502000   0.7936659141E+003   0.4676279698E+001
    502100   0.7999278274E+003   0.4312583773E+001
    502200   0.8096723656E+003   0.4303555254E+001
    502300   0.8114431891E+003   0.4301941823E+001
    502400   0.8048017849E+003   0.4308035890E+001
    502500   0.8126261314E+003   0.4300868611E+001
    502600   0.8127696948E+003   0.5013107272E+001
    502700   0.8117666617E+003   0.3944919376E+001
    502800   0.8092999664E+003   0.3946986828E+001
    502900   0.8026316886E+003   0.3594928067E+001
    503000   0.8108459986E+003   0.3588577776E+001
    503100   0.7975469804E+003   0.3598936017E+001
    503200   0.8084880296E+003   0.3947670586E+001
    503300   0.8087851063E+003   0.3232576030E+001
    503400   0.7937036173E+003   0.3602005604E+001
    503500   0.8011915073E+003   0.3596057202E+001
    503600   0.8158302119E+003   0.3227736138E+001
    503700   0.7812682415E+003   0.3971563566E+001
    503800   0.7992703215E+003   0.3597570902E+001
    503900   0.7901283324E+003   0.3604892665E+001
    504000   0.7832182242E+003   0.4328681934E+001
    504100   0.8089150333E+003   0.3947310792E+001
    504200   0.7927014710E+003   0.3961292526E+001
    504300   0.7843273378E+003   0.3968780835E+001
    504400   0.7851291265E+003   0.4326800072E+001
    504500   0.7941434545E+003   0.4318066339E+001
    504600   0.8026866973E+003   0.3952603337E+001
    504700   0.7972451311E+003   0.3599175837E+001
    504800   0.7934867130E+003   0.3960599884E+001
    504900   0.7937081856E+003   0.4318482699E+001
    505000   0.7930053800E+003   0.4676963001E+001
    505100   0.7997441182E+003   0.3955137489E+001
    505200   0.7907506091E+003   0.3963020342E+001
    505300   0.7968396246E+003   0.3957660421E+001
    505400   0.8035296780E+003   0.4309216648E+001
    505500   0.7810129963E+003   0.3971796914E+001
    505600   0.7702435663E+003   0.3981809143E+001
    505700   0.8028078946E+003   0.3952499429E+001
    505800   0.8045304485E+003   0.3593446650E+001
    505900   0.8166580079E+003   0.3940862952E+001
    506000   0.8087819458E+003   0.3590159212E+001
    506100   0.7971918512E+003   0.3957353315E+001
    506200   0.7956924060E+003   0.3600412859E+001
    506300   0.8074146794E+003   0.3948576965E+001
    506400   0.8055185692E+003   0.3234853835E+001
    506500   0.8016214350E+003   0.3595719629E+001
    506600   0.7934285204E+003   0.3602226659E+001
    506700   0.8132122422E+003   0.3586776383E+001
    506800   0.8206375875E+003   0.3581202484E+001
    506900   0.8138546277E+003   0.3943180826E+001
    507000   0.8047299382E+003   0.4308102461E+001
    507100   0.8058324034E+003   0.4307082485E+001
    507200   0.7935239287E+003   0.3960567096E+001
    507300   0.8032467780E+003   0.3594447272E+001
    507400   0.8072031225E+003   0.3233676468E+001
    507500   0.8010024575E+003   0.3596205775E+001
    507600   0.8017069339E+003   0.3237539328E+001
    507700   0.8099972924E+003   0.3231736238E+001
    507800   0.8126078565E+003   0.3587235326E+001
    507900   0.8048116330E+003   0.3593227967E+001
    508000   0.8033317770E+003   0.3594380899E+001
    508100   0.8090596547E+003   0.3589945886E+001
    508200   0.8210586206E+003   0.3937261801E+001
    508300   0.8151031477E+003   0.3942146226E+001
    508400   0.8074412877E+003   0.3591191480E+001
    508500   0.8160004772E+003   0.3227620380E+001
    508600   0.8194476480E+003   0.3225288875E+001
    508700   0.8143051912E+003   0.3228775481E+001
    508800   0.8165018613E+003   0.3227279834E+001
    508900   0.8167348051E+003   0.3227121782E+001
    509000   0.8162731952E+003   0.3584464263E+001
    509100   0.8090732209E+003   0.4304103020E+001
    509200   0.8088942451E+003   0.4660888952E+001
    509300   0.8117054686E+003   0.4658121676E+001
    509400   0.8060339927E+003   0.4306896333E+001
    509500   0.7968200078E+003   0.4673035228E+001
    509600   0.8036040764E+003   0.5022849731E+001
    509700   0.7952871460E+003   0.5031918326E+001
    509800   0.8061980802E+003   0.5020066139E+001
    509900   0.8207218052E+003   0.5360015958E+001
    510000   0.8173405185E+003   0.5008344231E+001
    510100   0.8001917092E+003   0.5383167205E+001
    510200   0.8142218784E+003   0.5722496513E+001
    510300   0.7897598228E+003   0.5752551214E+001
    510400   0.7955928947E+003   0.5745187662E+001
    510500   0.7989689427E+003   0.5384590122E+001
    510600   0.8157200822E+003   0.5365530771E+001
    510700   0.8120734470E+003   0.5369601574E+001
    510800   0.8024523262E+003   0.6092509787E+001
    510900   0.8037533074E+003   0.6446233660E+001
    511000   0.8137708121E+003   0.6078049486E+001
    511100   0.8015548899E+003   0.5737791139E+001
    511200   0.8219133131E+003   0.5713477980E+001
    511300   0.8025187061E+003   0.6092423588E+001
    511400   0.8131894438E+003   0.5723722267E+001
    511500   0.8057299908E+003   0.6088273396E+001
    511600   0.8124959585E+003   0.5724547650E+001
    511700   0.8277054333E+003   0.5706815416E+001
    511800   0.8080163846E+003   0.5729919158E+001
    511900   0.8190196628E+003   0.5716847702E+001
    512000   0.8196833039E+003   0.5716072422E+001
    512100   0.8091868728E+003   0.5728508897E+001
    512200   0.8147412917E+003   0.6076831462E+001
    512300   0.8083800769E+003   0.5729480452E+001
    512400   0.8103957879E+003   0.5371488772E+001
    512500   0.8156585219E+003   0.5365599139E+001
    512600   0.8079616220E+003   0.5018185659E+001
    512700   0.7985931565E+003   0.5028286981E+001
    512800   0.7976279707E+003   0.5029343496E+001
    512900   0.7929047310E+003   0.5391723137E+001
    513000   0.8077969582E+003   0.5374430313E+001
    513100   0.8030468720E+003   0.6091738328E+001
    513200   0.7795598780E+003   0.5765739248E+001
    513300   0.7921772076E+003   0.6106057070E+001
    513400   0.7983820720E+003   0.6097827351E+001
    513500   0.7829541248E+003   0.6475512795E+001
    513600   0.8039961920E+003   0.6090509298E+001
    513700   0.7986458675E+003   0.6453257945E+001
    513800   0.8086106932E+003   0.6439649513E+001
    513900   0.8024306210E+003   0.6803230181E+001
    514000   0.7878700002E+003   0.7180592879E+001
    514100   0.8017785573E+003   0.7159087620E+001
    514200   0.8211678040E+003   0.6776940512E+001
    514300   0.8100118212E+003   0.7146763755E+001
    514400   0.8071304319E+003   0.7151043317E+001
    514500   0.8168971459E+003   0.7490242075E+001
    514600   0.8133766831E+003   0.7141810901E+001
    514700   0.8026074692E+003   0.7157833487E+001
    514800   0.8099397573E+003   0.7500904490E+001
    514900   0.8133848450E+003   0.7495598196E+001
    515000   0.8023856981E+003   0.7866967394E+001
    515100   0.8086828062E+003   0.7502853650E+001
    515200   0.7879501111E+003   0.7180466462E+001
    515300   0.7969675339E+003   0.7166426949E+001
    515400   0.8056732394E+003   0.7153221222E+001
    515500   0.7952521952E+003   0.7524130896E+001
    515600   0.8099674572E+003   0.7146829377E+001
    515700   0.8056009061E+003   0.7153329570E+001
    515800   0.8069826289E+003   0.6796712145E+001
    515900   0.8049740185E+003   0.6799577654E+001
    516000   0.8023226257E+003   0.6803385870E+001
    516100   0.8119888938E+003   0.6435124645E+001
    516200   0.8108666697E+003   0.6436622901E+001
    516300   0.8085984442E+003   0.6439666000E+001
    516400   0.8145169967E+003   0.6431767094E+001
    516500   0.8011504669E+003   0.6094203710E+001
    516600   0.8134999395E+003   0.6433114909E+001
    516700   0.8186118761E+003   0.6426380050E+001
    516800   0.8068040619E+003   0.6086893917E+001
    516900   0.8079927739E+003   0.5729947654E+001
    517000   0.8001350543E+003   0.6806550140E+001
    517100   0.8073019351E+003   0.6441414406E+001
    517200   0.8208704185E+003   0.6069216567E+001
    517300   0.7878983123E+003   0.6468388374E+001
    517400   0.7878422190E+003   0.5754999949E+001
    517500   0.8150126567E+003   0.5010762179E+001
    517600   0.8113693312E+003   0.5014579095E+001
    517700   0.7992014186E+003   0.4670605500E+001
    517800   0.8089945358E+003   0.5373072061E+001
    517900   0.8031821852E+003   0.5023304450E+001
    518000   0.7977914692E+003   0.5029164315E+001
    518100   0.7903434899E+003   0.5037415115E+001
    518200   0.8058068221E+003   0.5020484648E+001
    518300   0.7959572278E+003   0.4673919728E+001
    518400   0.7898561356E+003   0.5395357666E+001
    518500   0.7949461936E+003   0.6102365852E+001
    518600   0.8089433635E+003   0.5373130003E+001
    518700   0.8034490433E+003   0.4666313633E+001
    518800   0.7994753800E+003   0.5027323897E+001
    518900   0.8007711002E+003   0.5025913930E+001
    519000   0.7921845691E+003   0.5035358620E+001
    519100   0.7921646275E+003   0.5035380834E+001
    519200   0.8001497433E+003   0.4669642660E+001
    519300   0.8085140684E+003   0.4661264916E+001
    519400   0.7980849350E+003   0.5028842918E+001
    519500   0.7920795077E+003   0.4677923044E+001
    519600   0.7988200621E+003   0.4313626519E+001
    519700   0.8033450168E+003   0.4309388413E+001
    519800   0.8058138274E+003   0.4307099644E+001
    519900   0.7959845924E+003   0.4673891640E+001
    520000   0.7947066361E+003   0.5032559625E+001
    520100   0.7961889588E+003   0.5030924256E+001
    520200   0.8147473269E+003   0.4655152542E+001
    520300   0.8081564976E+003   0.4661618903E+001
    520400   0.8084792502E+003   0.5017635532E+001
    520500   0.8128824439E+003   0.4656969755E+001
    520600   0.7898497395E+003   0.4680245973E+001
    520700   0.8021290517E+003   0.4667641662E+001
    520800   0.8008488945E+003   0.5382404552E+001
    520900   0.7977816687E+003   0.5385976634E+001
    521000   0.8077964038E+003   0.5018361424E+001
    521100   0.7974333194E+003   0.4672407843E+001
    521200   0.8285381585E+003   0.4642010506E+001
    521300   0.7869048030E+003   0.4325061030E+001
    521400   0.8052682129E+003   0.4307604052E+001
    521500   0.7890021285E+003   0.4323018844E+001
    521600   0.8031137935E+003   0.3952237333E+001
    521700   0.7939111323E+003   0.4318288502E+001
    521800   0.7835874546E+003   0.3610254899E+001
    521900   0.8003315038E+003   0.3596733742E+001
    522000   0.8110418381E+003   0.3588428218E+001
    522100   0.8001615795E+003   0.3954776638E+001
    522200   0.8123884905E+003   0.3587402100E+001
    522300   0.8037719345E+003   0.3951674227E+001
    522400   0.8132186590E+003   0.3943709259E+001
    522500   0.8020218300E+003   0.3595405628E+001
    522600   0.8096673939E+003   0.3946677934E+001
    522700   0.8045094834E+003   0.3951044464E+001
    522800   0.8060426015E+003   0.3949739725E+001
    522900   0.8083389523E+003   0.3947796304E+001
    523000   0.8023116459E+003   0.4310351332E+001
    523100   0.7900325777E+003   0.4322020161E+001
    523200   0.8005611736E+003   0.4311989123E+001
    523300   0.7878036844E+003   0.3965649453E+001
    523400   0.8024491301E+003   0.3952807120E+001
    523500   0.7936237300E+003   0.4318563548E+001
    523600   0.7827598917E+003   0.4687735653E+001
    523700   0.7920165519E+003   0.4677988420E+001
    523800   0.8063403227E+003   0.3949487029E+001
    523900   0.8003638768E+003   0.5026356482E+001
    524000   0.8168344361E+003   0.4653130291E+001
    524100   0.8058163502E+003   0.4663944687E+001
    524200   0.8144122710E+003   0.4655478315E+001
    524300   0.8212162638E+003   0.5359475037E+001
    524400   0.8139096068E+003   0.5367546505E+001
    524500   0.8091335265E+003   0.5372914727E+001
    524600   0.8033111149E+003   0.6091395886E+001
    524700   0.8007785317E+003   0.5382486137E+001
    524800   0.8113207837E+003   0.5370447115E+001
    524900   0.8044899825E+003   0.5378205579E+001
    525000   0.7957693517E+003   0.5388337731E+001
    525100   0.8062772367E+003   0.4663485378E+001
    525200   0.8243998850E+003   0.5001109130E+001
    525300   0.7887061379E+003   0.4681443350E+001
    525400   0.8037573089E+003   0.4666004227E+001
    525500   0.8019188728E+003   0.3953262482E+001
    525600   0.8118514459E+003   0.4657978594E+001
    525700   0.8109368559E+003   0.4302402310E+001
    525800   0.8136164173E+003   0.4299972993E+001
    525900   0.7986460443E+003   0.4313790632E+001
    526000   0.8044561647E+003   0.3593504452E+001
    526100   0.8280033684E+003   0.3575788704E+001
    526200   0.8344138241E+003   0.3926604109E+001
    526300   0.8266005081E+003   0.4643826092E+001
    526400   0.7978704571E+003   0.5029077782E+001
    526500   0.8040315576E+003   0.5378731791E+001
    526600   0.7831516103E+003   0.5045557597E+001
    526700   0.7978472848E+003   0.5029103166E+001
    526800   0.7982309952E+003   0.5028683059E+001
    526900   0.8146132836E+003   0.5011178632E+001
    527000   0.8092677114E+003   0.5372762894E+001
    527100   0.8006429721E+003   0.5026053117E+001
    527200   0.8159497724E+003   0.5009786858E+001
    527300   0.8175011599E+003   0.5008177966E+001
    527400   0.8032472221E+003   0.5023234316E+001
    527500   0.8188049455E+003   0.4651232079E+001
    527600   0.8140896644E+003   0.5011725369E+001
    527700   0.8212843989E+003   0.4648858717E+001
    527800   0.8125282845E+003   0.5013360578E+001
    527900   0.7963633471E+003   0.5030732333E+001
    528000   0.7994218792E+003   0.4670381426E+001
    528100   0.8061619903E+003   0.5020104723E+001
    528200   0.8113275640E+003   0.5370439490E+001
    528300   0.8182372738E+003   0.5007417062E+001
    528400   0.8190555231E+003   0.5361844433E+001
    528500   0.8162010675E+003   0.5364997012E+001
    528600   0.8033217953E+003   0.5735623798E+001
    528700   0.8092177065E+003   0.5372819469E+001
    528800   0.7937496365E+003   0.5747500825E+001
    528900   0.8003881450E+003   0.6095198607E+001
    529000   0.7979769450E+003   0.6098360106E+001
    529100   0.8005552183E+003   0.6094980372E+001
    529200   0.8060609092E+003   0.6087847924E+001
    529300   0.8081600305E+003   0.6440256489E+001
    529400   0.7940384821E+003   0.6103572556E+001
    529500   0.8007874522E+003   0.5738735993E+001
    529600   0.8034013295E+003   0.5735526502E+001
    529700   0.7841616723E+003   0.5759739387E+001
    529800   0.7909946400E+003   0.6107642746E+001
    529900   0.8117731987E+003   0.6435412239E+001
    530000   0.7920982804E+003   0.6106162728E+001
    530100   0.8131259225E+003   0.5723797801E+001
    530200   0.7907416989E+003   0.6107982631E+001
    530300   0.7918694157E+003   0.6462741720E+001
    530400   0.8113864535E+003   0.5725871608E+001
    530500   0.7926307007E+003   0.6105450465E+001
    530600   0.8009022301E+003   0.5025771536E+001
    530700   0.7867252378E+003   0.4683527096E+001
    530800   0.7873543040E+003   0.5040778150E+001
    530900   0.8109075455E+003   0.5015065749E+001
    531000   0.8001540428E+003   0.5739517434E+001
    531100   0.8017608178E+003   0.4668013053E+001
    531200   0.7845822510E+003   0.5043923856E+001
    531300   0.7851966067E+003   0.4685143555E+001
    531400   0.8050836372E+003   0.4664676162E+001
    531500   0.7988764652E+003   0.4313573345E+001
    531600   0.8099927768E+003   0.4659804915E+001
    531700   0.8036647512E+003   0.4666097098E+001
    531800   0.8061211480E+003   0.4306815886E+001
    531900   0.8172794460E+003   0.4652700673E+001
    532000   0.8093330536E+003   0.4303865352E+001
    532100   0.7973246314E+003   0.4672518943E+001
    532200   0.8070865861E+003   0.4662680286E+001
    532300   0.8003231637E+003   0.5026400756E+001
    532400   0.8116238692E+003   0.4301777666E+001
    532500   0.8073661077E+003   0.4662402674E+001
    532600   0.8195788890E+003   0.4294634014E+001
    532700   0.8039046196E+003   0.4308868175E+001
    532800   0.7912130873E+003   0.4678823835E+001
    532900   0.8084373561E+003   0.4661340828E+001
    533000   0.8283608003E+003   0.4286933811E+001
    533100   0.8042387547E+003   0.4665521557E+001
    533200   0.7888357724E+003   0.4681307415E+001
    533300   0.7952902141E+003   0.4674605080E+001
    533400   0.7955670377E+003   0.5031609518E+001
    533500   0.8027722548E+003   0.4309921767E+001
    533600   0.8011722946E+003   0.4311416387E+001
    533700   0.8005571055E+003   0.4311992939E+001
    533800   0.8099701135E+003   0.4659827245E+001
    533900   0.7939778371E+003   0.4675957487E+001
    534000   0.8240116812E+003   0.5001503238E+001
    534100   0.8293282951E+003   0.4641272985E+001
    534200   0.8067785993E+003   0.5019446063E+001
    534300   0.7936657068E+003   0.4676279912E+001
    534400   0.8096765440E+003   0.4660116622E+001
    534500   0.8042915140E+003   0.3951230438E+001
    534600   0.8062868530E+003   0.3949532396E+001
    534700   0.8245065201E+003   0.3934471674E+001
    534800   0.8167861753E+003   0.3940757426E+001
    534900   0.8021834541E+003   0.4310470988E+001
    535000   0.8130227821E+003   0.4656832664E+001
    535100   0.8092463347E+003   0.3947031943E+001
    535200   0.8156048879E+003   0.3941731498E+001
    535300   0.8073978239E+003   0.4305639805E+001
    535400   0.8105597532E+003   0.4302745706E+001
    535500   0.8140241430E+003   0.4299604986E+001
    535600   0.8029949776E+003   0.3952339107E+001
    535700   0.8074201504E+003   0.3233525202E+001
    535800   0.7968029735E+003   0.3599527516E+001
    535900   0.7880345640E+003   0.3606597728E+001
    536000   0.7882109996E+003   0.3965284686E+001
    536100   0.7957216295E+003   0.3958637318E+001
    536200   0.8116142317E+003   0.4301786420E+001
    536300   0.7975127459E+003   0.3957073804E+001
    536400   0.8143019469E+003   0.3942809723E+001
    536500   0.8091268336E+003   0.4304053966E+001
    536600   0.7941858524E+003   0.5033135881E+001
    536700   0.8058707433E+003   0.4663890448E+001
    536800   0.7989280833E+003   0.5384637758E+001
    536900   0.7889016835E+003   0.4681238320E+001
    537000   0.8089265018E+003   0.4660857071E+001
    537100   0.8095806294E+003   0.4303639062E+001
    537200   0.7901454974E+003   0.4679936971E+001
    537300   0.8081521583E+003   0.4304946955E+001
    537400   0.7916563854E+003   0.4320452618E+001
    537500   0.7866859978E+003   0.4325274822E+001
    537600   0.8029957227E+003   0.5023505600E+001
    537700   0.7904225105E+003   0.4679647800E+001
    537800   0.8084432031E+003   0.4661335042E+001
    537900   0.8128860582E+003   0.4656966223E+001
    538000   0.8069180327E+003   0.5019297284E+001
    538100   0.7966541328E+003   0.4673205104E+001
    538200   0.7892996629E+003   0.4322730167E+001
    538300   0.7873989250E+003   0.4682817047E+001
    538400   0.7902018276E+003   0.4321856422E+001
    538500   0.8100907349E+003   0.3946322441E+001
    538600   0.8017656598E+003   0.3953394187E+001
    538700   0.7921287717E+003   0.4319998020E+001
    538800   0.7912537590E+003   0.4320840588E+001
    538900   0.8085561124E+003   0.4661223317E+001
    539000   0.7944256319E+003   0.4675495443E+001
    539100   0.8034557786E+003   0.4666306869E+001
    539200   0.8167398788E+003   0.4653221649E+001
    539300   0.8006790990E+003   0.3954329911E+001
    539400   0.8043033687E+003   0.4308497993E+001
    539500   0.8077260124E+003   0.5018436335E+001
    539600   0.8068834864E+003   0.4662882139E+001
    539700   0.8076950898E+003   0.5374546067E+001
    539800   0.7971973464E+003   0.5386660791E+001
    539900   0.8079661260E+003   0.5018180869E+001
    540000   0.8051772041E+003   0.5377418052E+001
    540100   0.7961627105E+003   0.5387875093E+001
    540200   0.8040083628E+003   0.4665752450E+001
    540300   0.8014324707E+003   0.5025196306E+001
    540400   0.8120474791E+003   0.4657786543E+001
    540500   0.7973829925E+003   0.4314984314E+001
    540600   0.8241162187E+003   0.4646168468E+001
    540700   0.8265354029E+003   0.4288518635E+001
    540800   0.8132596677E+003   0.4656601386E+001
    540900   0.8082028991E+003   0.4304900405E+001
    541000   0.8145282935E+003   0.4299150544E+001
    541100   0.8057096799E+003   0.4664051080E+001
    541200   0.8170141692E+003   0.4296919368E+001
    541300   0.8164348338E+003   0.4297437924E+001
    541400   0.7985288212E+003   0.4671290019E+001
    541500   0.7969563818E+003   0.5386943269E+001
    541600   0.7952316665E+003   0.5745639988E+001
    541700   0.7994255492E+003   0.6452178846E+001
    541800   0.8077399393E+003   0.6440823002E+001
    541900   0.8045179489E+003   0.6445191025E+001
    542000   0.7920954324E+003   0.6462422336E+001
    542100   0.8033549970E+003   0.6091339044E+001
    542200   0.8067410921E+003   0.6442172766E+001
    542300   0.8150084750E+003   0.6431117189E+001
    542400   0.8006458084E+003   0.6805809535E+001
    542500   0.8052160791E+003   0.5733312582E+001
    542600   0.7917814649E+003   0.5749984708E+001
    542700   0.7936234784E+003   0.6104125337E+001
    542800   0.8021496363E+003   0.6092903059E+001
    542900   0.8009523107E+003   0.6450072895E+001
    543000   0.8019262356E+003   0.6093193537E+001
    543100   0.7922946561E+003   0.6105899889E+001
    543200   0.8031863512E+003   0.6447008238E+001
    543300   0.7967053117E+003   0.5743797730E+001
    543400   0.7804622264E+003   0.5764556193E+001
    543500   0.7893826047E+003   0.6109813271E+001
    543600   0.7918565380E+003   0.6106486498E+001
    543700   0.7933810960E+003   0.6104448503E+001
    543800   0.7900704315E+003   0.6108885874E+001
    543900   0.7925877239E+003   0.6105507917E+001
    544000   0.8036659039E+003   0.6090936518E+001
    544100   0.7979173314E+003   0.6098438554E+001
    544200   0.7907912660E+003   0.6107916006E+001
    544300   0.8157455307E+003   0.5720694185E+001
    544400   0.8060509093E+003   0.5732298043E+001
    544500   0.7867028652E+003   0.6470101335E+001
    544600   0.8015390399E+003   0.6449266083E+001
    544700   0.8070118680E+003   0.6441806475E+001
    544800   0.8081729133E+003   0.6440239126E+001
    544900   0.7966009102E+003   0.6456099980E+001
    545000   0.7973119235E+003   0.6810663789E+001
    545100   0.8159101722E+003   0.6075368922E+001
    545200   0.8031106683E+003   0.6091655628E+001
    545300   0.8158167492E+003   0.6075485636E+001
    545400   0.8087612253E+003   0.6439446945E+001
    545500   0.8135300558E+003   0.6078352179E+001
    545600   0.8116663434E+003   0.6080702446E+001
    545700   0.8177755058E+003   0.6073045067E+001
    545800   0.8065429009E+003   0.6442441051E+001
    545900   0.8040637721E+003   0.6090421936E+001
    546000   0.8087253866E+003   0.5729064348E+001
    546100   0.8238644698E+003   0.5001652801E+001
    546200   0.8162469076E+003   0.5009478155E+001
    546300   0.8062441833E+003   0.5376198454E+001
    546400   0.7875956998E+003   0.5040505449E+001
    546500   0.7979717014E+003   0.5028966896E+001
    546600   0.7972259281E+003   0.5029784467E+001
    546700   0.8124669177E+003   0.5013424997E+001
    546800   0.8138404303E+003   0.5011985895E+001
    546900   0.8181553275E+003   0.4651856681E+001
    547000   0.7888734349E+003   0.4681267931E+001
    547100   0.8053768154E+003   0.4664383292E+001
    547200   0.8064531465E+003   0.4663310232E+001
    547300   0.8077316955E+003   0.4305332960E+001
    547400   0.8085064589E+003   0.4304622056E+001
    547500   0.8074324584E+003   0.4305607960E+001
    547600   0.8127644064E+003   0.4300743401E+001
    547700   0.8012879189E+003   0.4311308140E+001
    547800   0.8026350096E+003   0.4310049702E+001
    547900   0.8230579558E+003   0.3935640560E+001
    548000   0.8139667577E+003   0.4299656755E+001
    548100   0.8057154119E+003   0.3950017686E+001
    548200   0.8230801721E+003   0.3935622596E+001
    548300   0.8226924127E+003   0.3935936287E+001
    548400   0.8208519209E+003   0.3581043345E+001
    548500   0.8183541412E+003   0.3226025980E+001
    548600   0.8041519586E+003   0.3593741293E+001
    548700   0.8002621614E+003   0.3954689762E+001
    548800   0.7988172085E+003   0.3955940289E+001
    548900   0.8166443876E+003   0.3940874168E+001
    549000   0.8055358470E+003   0.3950170347E+001
    549100   0.8051820526E+003   0.4664577822E+001
    549200   0.8076191248E+003   0.4662151580E+001
    549300   0.7961485565E+003   0.5030968735E+001
    549400   0.8101071995E+003   0.4659692201E+001
    549500   0.8111044225E+003   0.4658711438E+001
    549600   0.7895776511E+003   0.4680530486E+001
    549700   0.7954540341E+003   0.5031734166E+001
    549800   0.8081703930E+003   0.5017963681E+001
    549900   0.8050412030E+003   0.4664718572E+001
    550000   0.8033102349E+003   0.4666453045E+001
    550100   0.8162472057E+003   0.4653698050E+001
    550200   0.8264162802E+003   0.3932937953E+001
    550300   0.8035288688E+003   0.4666233485E+001
    550400   0.8206102462E+003   0.4293719708E+001
    550500   0.8357146576E+003   0.4280630878E+001
    550600   0.8184239983E+003   0.4295661033E+001
    550700   0.8185707092E+003   0.4295530378E+001
    550800   0.8063861938E+003   0.3949448114E+001
    550900   0.8130237969E+003   0.4300508654E+001
    551000   0.8076944881E+003   0.4305367140E+001
    551100   0.8122289734E+003   0.4301228520E+001
    551200   0.8146668926E+003   0.4655230719E+001
    551300   0.8061483899E+003   0.5020119264E+001
    551400   0.8178664839E+003   0.5007800139E+001
    551500   0.7973729530E+003   0.5029623145E+001
    551600   0.7983518074E+003   0.4671470396E+001
    551700   0.7966500675E+003   0.4673209268E+001
    551800   0.7875253597E+003   0.4682683948E+001
    551900   0.7738704077E+003   0.4697355405E+001
    552000   0.7880769190E+003   0.5039962409E+001
    552100   0.7871855152E+003   0.4683041821E+001
    552200   0.7948139766E+003   0.5032440962E+001
    552300   0.7982653311E+003   0.5385411224E+001
    552400   0.7802211660E+003   0.5407064403E+001
    552500   0.7973373071E+003   0.4672505984E+001
    552600   0.8183176090E+003   0.5007334118E+001
    552700   0.8058955987E+003   0.5020389647E+001
    552800   0.8041791031E+003   0.4665581323E+001
    552900   0.7867652075E+003   0.5041444470E+001
    553000   0.7885178711E+003   0.4681640862E+001
    553100   0.7938653685E+003   0.3960266457E+001
    553200   0.7897250440E+003   0.4322317893E+001
    553300   0.8003476930E+003   0.4312189437E+001
    553400   0.7964105181E+003   0.4673454746E+001
    553500   0.8097846446E+003   0.4660010037E+001
    553600   0.8091005013E+003   0.4304078058E+001
    553700   0.8139147064E+003   0.3943130956E+001
    553800   0.8012888414E+003   0.3953804446E+001
    553900   0.8025775309E+003   0.3952696961E+001
    554000   0.8054326257E+003   0.3950258139E+001
    554100   0.7978746959E+003   0.3956758850E+001
    554200   0.8061249789E+003   0.3592208921E+001
    554300   0.8131364645E+003   0.3229575094E+001
    554400   0.8182721469E+003   0.3226081344E+001
    554500   0.8169574364E+003   0.3583950190E+001
    554600   0.8269559288E+003   0.3576551688E+001
    554700   0.8300969690E+003   0.3218229086E+001
    554800   0.8129871928E+003   0.3229677416E+001
    554900   0.8085241849E+003   0.3947640105E+001
    555000   0.8177895171E+003   0.3939932672E+001
    555100   0.8121734335E+003   0.3230236004E+001
    555200   0.8159694118E+003   0.3584692821E+001
    555300   0.8071799096E+003   0.3233692652E+001
    555400   0.8193830192E+003   0.3582135935E+001
    555500   0.8173890833E+003   0.4652594911E+001
    555600   0.8107935373E+003   0.3945733236E+001
    555700   0.8202289706E+003   0.3581506145E+001
    555800   0.8016529516E+003   0.4310966640E+001
    555900   0.8002039916E+003   0.3954740002E+001
    556000   0.8113329597E+003   0.3945281814E+001
    556100   0.8112715773E+003   0.4302097821E+001
    556200   0.8241443806E+003   0.3578610911E+001
    556300   0.8021226644E+003   0.3953087391E+001
    556400   0.8141292350E+003   0.3586081587E+001
    556500   0.8019687358E+003   0.3953219632E+001
    556600   0.8038816829E+003   0.3236003440E+001
    556700   0.7965115747E+003   0.3241248436E+001
    556800   0.7999174084E+003   0.2880238452E+001
    556900   0.7877002310E+003   0.2888141739E+001
    557000   0.8134825525E+003   0.2871789397E+001
    557100   0.8120058221E+003   0.3230351220E+001
    557200   0.8147560079E+003   0.2871013165E+001
    557300   0.8000348535E+003   0.3596967504E+001
    557400   0.8124768713E+003   0.3587334895E+001
    557500   0.7968844328E+003   0.3240980347E+001
    557600   0.8151341230E+003   0.3228209976E+001
    557700   0.8095757056E+003   0.2874188697E+001
    557800   0.8042069885E+003   0.3235774536E+001
    557900   0.8030965918E+003   0.2878228191E+001
    558000   0.7929631164E+003   0.2884702000E+001
    558100   0.8019599190E+003   0.3237360157E+001
    558200   0.8126535708E+003   0.3944179610E+001
    558300   0.8032844772E+003   0.3594417831E+001
    558400   0.7946570626E+003   0.3959570536E+001
    558500   0.8191048658E+003   0.3938855028E+001
    558600   0.8029494586E+003   0.3952378107E+001
    558700   0.8110406554E+003   0.3588429121E+001
    558800   0.8162957642E+003   0.3584447291E+001
    558900   0.8043782984E+003   0.3951156379E+001
    559000   0.8069141971E+003   0.3591598427E+001
    559100   0.8198836733E+003   0.3581763026E+001
    559200   0.8071800613E+003   0.3591393086E+001
    559300   0.7995439467E+003   0.3597354791E+001
    559400   0.7911701730E+003   0.3604048201E+001
    559500   0.7972965691E+003   0.3957262073E+001
    559600   0.7973113508E+003   0.3599123207E+001
    559700   0.7984741200E+003   0.3956237995E+001
    559800   0.7920486210E+003   0.4677955117E+001
    559900   0.7924912467E+003   0.4319649626E+001
    560000   0.7802774371E+003   0.3972470379E+001
    560100   0.7875850869E+003   0.3606965153E+001
    560200   0.8035537745E+003   0.3594207626E+001
    560300   0.8027770365E+003   0.4666989091E+001
    560400   0.8026671281E+003   0.4310019758E+001
    560500   0.7919137102E+003   0.3961989014E+001
    560600   0.7946235204E+003   0.3959599987E+001
    560700   0.8082819326E+003   0.4304827911E+001
    560800   0.8045234340E+003   0.3593452107E+001
    560900   0.7854542061E+003   0.3967762210E+001
    561000   0.7953451085E+003   0.3958967047E+001
    561100   0.7903437524E+003   0.3604717841E+001
    561200   0.8039171580E+003   0.3951550119E+001
    561300   0.8062631784E+003   0.3234332700E+001
    561400   0.8130594659E+003   0.2514152052E+001
    561500   0.8154838624E+003   0.2512855114E+001
    561600   0.8216995147E+003   0.2509570988E+001
    561700   0.8142463867E+003   0.1796953426E+001
    561800   0.8257256426E+003   0.1792608608E+001
    561900   0.8016892349E+003   0.1801874020E+001
    562000   0.8027901142E+003   0.1801435387E+001
    562100   0.8024360113E+003   0.1801576321E+001
    562200   0.8017981831E+003   0.2161225300E+001
    562300   0.8070965067E+003   0.1799733071E+001
    562400   0.8135414293E+003   0.1797224941E+001
    562500   0.8047774512E+003   0.2159810063E+001
    562600   0.7886344708E+003   0.2527743178E+001
    562700   0.8069988045E+003   0.2517434282E+001
    562800   0.8128965363E+003   0.2514239538E+001
    562900   0.7903974900E+003   0.2886372107E+001
    563000   0.7993937486E+003   0.1802793210E+001
    563100   0.8113299723E+003   0.1798080283E+001
    563200   0.7902473265E+003   0.2166831341E+001
    563300   0.7921244994E+003   0.1445255360E+001
    563400   0.7981537122E+003   0.1803292355E+001
    563500   0.8003483208E+003   0.1802410213E+001
    563600   0.8234208159E+003   0.1793469577E+001
    563700   0.8039646444E+003   0.2160194945E+001
    563800   0.7998342998E+003   0.1442743366E+001
    563900   0.8133832032E+003   0.2155790444E+001
    564000   0.8129052148E+003   0.1438612566E+001
    564100   0.7998834910E+003   0.2162141386E+001
    564200   0.8094144313E+003   0.1798825612E+001
    564300   0.8004309953E+003   0.1802377093E+001
    564400   0.7996183516E+003   0.2521510344E+001
    564500   0.8024119413E+003   0.2160932736E+001
    564600   0.8091639098E+003   0.2157748659E+001
    564700   0.8127396318E+003   0.2156087588E+001
    564800   0.7980866422E+003   0.2163005800E+001
    564900   0.8049069242E+003   0.1800595934E+001
    565000   0.8049210126E+003   0.1800590364E+001
    565100   0.8085509195E+003   0.1799162959E+001
    565200   0.8152028558E+003   0.1437902523E+001
    565300   0.8014844465E+003   0.2161375055E+001
    565400   0.8112492686E+003   0.1798111601E+001
    565500   0.8030629752E+003   0.1801326887E+001
    565600   0.8027404653E+003   0.2160776353E+001
    565700   0.7920952630E+003   0.2525757351E+001
    565800   0.7865071519E+003   0.3248553666E+001
    565900   0.7899563987E+003   0.2886660526E+001
    566000   0.7974624933E+003   0.2881803652E+001
    566100   0.8034330680E+003   0.2878016525E+001
    566200   0.7906964512E+003   0.2886176839E+001
    566300   0.7915947027E+003   0.2526043309E+001
    566400   0.7948514869E+003   0.2883480869E+001
    566500   0.8035143775E+003   0.2519347682E+001
    566600   0.8068429612E+003   0.2517519446E+001
    566700   0.8032464851E+003   0.2519495597E+001
    566800   0.8039447754E+003   0.2877695026E+001
    566900   0.8039511301E+003   0.2877691036E+001
    567000   0.8002445723E+003   0.2880030712E+001
    567100   0.8146851507E+003   0.2513281387E+001
    567200   0.8082968095E+003   0.2516726465E+001
    567300   0.7964662268E+003   0.2882442091E+001
    567400   0.8125590515E+003   0.3229971141E+001
    567500   0.8124919131E+003   0.3230017234E+001
    567600   0.8219383191E+003   0.3223618544E+001
    567700   0.8123092169E+003   0.3587462394E+001
    567800   0.7990093427E+003   0.2880816096E+001
    567900   0.8193183247E+003   0.2868255418E+001
    568000   0.8152510004E+003   0.2870712210E+001
    568100   0.7938964242E+003   0.2884097614E+001
    568200   0.7969081548E+003   0.3240963301E+001
    568300   0.7932826572E+003   0.3602343941E+001
    568400   0.8001630089E+003   0.3596866492E+001
    568500   0.8077777996E+003   0.2875301998E+001
    568600   0.7969290393E+003   0.3599427200E+001
    568700   0.8145646778E+003   0.3228598312E+001
    568800   0.8078658463E+003   0.2875247342E+001
    568900   0.7937419509E+003   0.2884197531E+001
    569000   0.7969764741E+003   0.2882114874E+001
    569100   0.8003311152E+003   0.2521112841E+001
    569200   0.8114936891E+003   0.2514994505E+001
    569300   0.7988634081E+003   0.2521932282E+001
    569400   0.8039328870E+003   0.3593911982E+001
    569500   0.7984878466E+003   0.3239830831E+001
    569600   0.8077435549E+003   0.3233299970E+001
    569700   0.8074319878E+003   0.2875516799E+001
    569800   0.8042125937E+003   0.3593694068E+001
    569900   0.7978066755E+003   0.3956818013E+001
    570000   0.7775461548E+003   0.4693346232E+001
    570100   0.7743461166E+003   0.4337562913E+001
    570200   0.8080552957E+003   0.4661719157E+001
    570300   0.7878979053E+003   0.4682292056E+001
    570400   0.8087980186E+003   0.3947409345E+001
    570500   0.8147340557E+003   0.3942451692E+001
    570600   0.8020300797E+003   0.4310614207E+001
    570700   0.8212978030E+003   0.4293111674E+001
    570800   0.8163570213E+003   0.4653591803E+001
    570900   0.7988831441E+003   0.4670929247E+001
    571000   0.8009899912E+003   0.4311587132E+001
    571100   0.8044305369E+003   0.4308380026E+001
    571200   0.7831781128E+003   0.4687289412E+001
    571300   0.8017224550E+003   0.5024882095E+001
    571400   0.8070373649E+003   0.4662729194E+001
    571500   0.8132382074E+003   0.4656622332E+001
    571600   0.8056835665E+003   0.4307219995E+001
    571700   0.8088656334E+003   0.4660917232E+001
    571800   0.8063380758E+003   0.4306615743E+001
    571900   0.7961858313E+003   0.4316119833E+001
    572000   0.7981472543E+003   0.4314261497E+001
    572100   0.7875897935E+003   0.4682616137E+001
    572200   0.8008854343E+003   0.4668897552E+001
    572300   0.7881481965E+003   0.4682029012E+001
    572400   0.8059028225E+003   0.4307017446E+001
    572500   0.7964707394E+003   0.3957982394E+001
    572600   0.7859245933E+003   0.3967338025E+001
    572700   0.7965096853E+003   0.3599761043E+001
    572800   0.8003991944E+003   0.3954571443E+001
    572900   0.7985186094E+003   0.3956199373E+001
    573000   0.8138417856E+003   0.4299769526E+001
    573100   0.7942034641E+003   0.4318008979E+001
    573200   0.7985531001E+003   0.3956169435E+001
    573300   0.8216329238E+003   0.3936795160E+001
    573400   0.7998449174E+003   0.3955050319E+001
    573500   0.7935756750E+003   0.5033812183E+001
    573600   0.8000311761E+003   0.5026718439E+001
    573700   0.8275528934E+003   0.4642932463E+001
    573800   0.8014512107E+003   0.5025175992E+001
    573900   0.8027965018E+003   0.4666969507E+001
    574000   0.8057655143E+003   0.4307144276E+001
    574100   0.7986713979E+003   0.4313766717E+001
    574200   0.8212307269E+003   0.4648909915E+001
    574300   0.8064033970E+003   0.4663359756E+001
    574400   0.8132608580E+003   0.4656600225E+001
    574500   0.8306897514E+003   0.4640006029E+001
    574600   0.8148947663E+003   0.4298820618E+001
    574700   0.8082348213E+003   0.4304871122E+001
    574800   0.8170228011E+003   0.3940562705E+001
    574900   0.8033563823E+003   0.4666406691E+001
    575000   0.8014241299E+003   0.5025205348E+001
    575100   0.8006211218E+003   0.4669165063E+001
    575200   0.7898759525E+003   0.5752403368E+001
    575300   0.8081024265E+003   0.5018035933E+001
    575400   0.8056226820E+003   0.5020681779E+001
    575500   0.8119412180E+003   0.4657890632E+001
    575600   0.8072860874E+003   0.5018904850E+001
    575700   0.8076836270E+003   0.5018481449E+001
    575800   0.8127268905E+003   0.5013152173E+001
    575900   0.8087490810E+003   0.5729035811E+001
    576000   0.8050738409E+003   0.5377536401E+001
    576100   0.8114285606E+003   0.5725821285E+001
    576200   0.7822684762E+003   0.5762197695E+001
    576300   0.7798496101E+003   0.5765359033E+001
    576400   0.7992214871E+003   0.5740670578E+001
    576500   0.7974023716E+003   0.5742929092E+001
    576600   0.8034614366E+003   0.5735452986E+001
    576700   0.7863116459E+003   0.5756964531E+001
    576800   0.7998038515E+003   0.5383617997E+001
    576900   0.7998686866E+003   0.5383542606E+001
    577000   0.7988353164E+003   0.5028022377E+001
    577100   0.8200137158E+003   0.5715686974E+001
    577200   0.8142347349E+003   0.5011573811E+001
    577300   0.8038688942E+003   0.5734954973E+001
    577400   0.8003971246E+003   0.5382928666E+001
    577500   0.8040644500E+003   0.5734716165E+001
    577600   0.7991250760E+003   0.5740789974E+001
    577700   0.8050276118E+003   0.5377589344E+001
    577800   0.8013873473E+003   0.5737997233E+001
    577900   0.7968789592E+003   0.6099807188E+001
    578000   0.7936196172E+003   0.5747664467E+001
    578100   0.7939977713E+003   0.5747188699E+001
    578200   0.7954102512E+003   0.5745416306E+001
    578300   0.8050325600E+003   0.5733535937E+001
    578400   0.8056862397E+003   0.5376835733E+001
    578500   0.7808082540E+003   0.5406341341E+001
    578600   0.8067554501E+003   0.5375615396E+001
    578700   0.7887608683E+003   0.5753825110E+001
    578800   0.7750276394E+003   0.6487157987E+001
    578900   0.8001345540E+003   0.5739541501E+001
    579000   0.7845026635E+003   0.6116447794E+001
    579100   0.7956493300E+003   0.5388478998E+001
    579200   0.7974093622E+003   0.5742920390E+001
    579300   0.8208900166E+003   0.5004688203E+001
    579400   0.8044575204E+003   0.5021931589E+001
    579500   0.7895622289E+003   0.5395709804E+001
    579600   0.7864283548E+003   0.5756814411E+001
    579700   0.8023651288E+003   0.5380650574E+001
    579800   0.8114000160E+003   0.5014546780E+001
    579900   0.7984383312E+003   0.5028456254E+001
    580000   0.8077168314E+003   0.4305346614E+001
    580100   0.8188840726E+003   0.4295251493E+001
    580200   0.8278999653E+003   0.4642607400E+001
    580300   0.8086671364E+003   0.5017436053E+001
    580400   0.8157142536E+003   0.5010031732E+001
    580500   0.8288210272E+003   0.4996651127E+001
    580600   0.8103892122E+003   0.5015612771E+001
    580700   0.8123194154E+003   0.5013579881E+001
    580800   0.8122260011E+003   0.5013678005E+001
    580900   0.8258429708E+003   0.4644538612E+001
    581000   0.8013341464E+003   0.4668443884E+001
    581100   0.8068492630E+003   0.4662916164E+001
    581200   0.8172459565E+003   0.5008442138E+001
    581300   0.8118979023E+003   0.5014022853E+001
    581400   0.8054715370E+003   0.5020843665E+001
    581500   0.8035197528E+003   0.5022940571E+001
    581600   0.8002349408E+003   0.4669556290E+001
    581700   0.7974727363E+003   0.5386338203E+001
    581800   0.7910972664E+003   0.5036571782E+001
    581900   0.7873258389E+003   0.5755661750E+001
    582000   0.7829405847E+003   0.5403725884E+001
    582100   0.8055955578E+003   0.5020710825E+001
    582200   0.8234936473E+003   0.4646758062E+001
    582300   0.8063395140E+003   0.5019914971E+001
    582400   0.8183766288E+003   0.5007273193E+001
    582500   0.7974489249E+003   0.4314921893E+001
    582600   0.8028465709E+003   0.4666919138E+001
    582700   0.8078570134E+003   0.4305217863E+001
    582800   0.8113826111E+003   0.4658438345E+001
    582900   0.8071628932E+003   0.4662604478E+001
    583000   0.8083240150E+003   0.5017800427E+001
    583100   0.8050093118E+003   0.5377610304E+001
    583200   0.8015051288E+003   0.5025117553E+001
    583300   0.8023886746E+003   0.4667380053E+001
    583400   0.8127857150E+003   0.4657064277E+001
    583500   0.8021697823E+003   0.5024397918E+001
    583600   0.8036834911E+003   0.5022764200E+001
    583700   0.7970736337E+003   0.5029951644E+001
    583800   0.7977003481E+003   0.5742558314E+001
    583900   0.7992256893E+003   0.5384290926E+001
    584000   0.7832604812E+003   0.5403334954E+001
    584100   0.8157272868E+003   0.5365522770E+001
    584200   0.8134564304E+003   0.5012387660E+001
    584300   0.7979949770E+003   0.5385727173E+001
    584400   0.8015045311E+003   0.5381645158E+001
    584500   0.8025346095E+003   0.5380455001E+001
    584600   0.7995948820E+003   0.5027193633E+001
    584700   0.7930228326E+003   0.5748416385E+001
    584800   0.8001735434E+003   0.5383188307E+001
    584900   0.7964313092E+003   0.6100398507E+001
    585000   0.8010946831E+003   0.5738357482E+001
    585100   0.8163295957E+003   0.5364854506E+001
    585200   0.8059959768E+003   0.5732364725E+001
    585300   0.8114100275E+003   0.6081026665E+001
    585400   0.8040575080E+003   0.5378701985E+001
    585500   0.8102023457E+003   0.5371706963E+001
    585600   0.7986156711E+003   0.5385002171E+001
    585700   0.8007390449E+003   0.5382531929E+001
    585800   0.8193484296E+003   0.5716463446E+001
    585900   0.8010192764E+003   0.6094374767E+001
    586000   0.8138988549E+003   0.6432585793E+001
    586100   0.8012331647E+003   0.6804959222E+001
    586200   0.8090914704E+003   0.6439002850E+001
    586300   0.8072077917E+003   0.6086376499E+001
    586400   0.7956954919E+003   0.6457363779E+001
    586500   0.8108352716E+003   0.6081754555E+001
    586600   0.8038879334E+003   0.6446049921E+001
    586700   0.8097466579E+003   0.6438123042E+001
    586800   0.7994317216E+003   0.5740410339E+001
    586900   0.8068224901E+003   0.5375539006E+001
    587000   0.8069490328E+003   0.5375394856E+001
    587100   0.7944347156E+003   0.4675486077E+001
    587200   0.8032190406E+003   0.4666544667E+001
    587300   0.8085865207E+003   0.4661193234E+001
    587400   0.8062445762E+003   0.4663517906E+001
    587500   0.8030761717E+003   0.3594580542E+001
    587600   0.8096119104E+003   0.3589522173E+001
    587700   0.8164377218E+003   0.3941044413E+001
    587800   0.7959496244E+003   0.3600207546E+001
    587900   0.8272149327E+003   0.3220118710E+001
    588000   0.8184818560E+003   0.3582808505E+001
    588100   0.8146731151E+003   0.2871063605E+001
    588200   0.7998656453E+003   0.3955032396E+001
    588300   0.8277087910E+003   0.3931904634E+001
    588400   0.8064107881E+003   0.3234229526E+001
    588500   0.8157816402E+003   0.3227769171E+001
    588600   0.8226598877E+003   0.3935962615E+001
    588700   0.8172440980E+003   0.3940380717E+001
    588800   0.8086169602E+003   0.3590286030E+001
    588900   0.8137498564E+003   0.3586368816E+001
    589000   0.8127832776E+003   0.3944071581E+001
    589100   0.8263906377E+003   0.3576964401E+001
    589200   0.8115702897E+003   0.4301826337E+001
    589300   0.8107819708E+003   0.4302543306E+001
    589400   0.7923684647E+003   0.4677623140E+001
    589500   0.8207172867E+003   0.4649400085E+001
    589600   0.7977459029E+003   0.5029214243E+001
    589700   0.8071588149E+003   0.5730955438E+001
    589800   0.8153795988E+003   0.6430627041E+001
    589900   0.8109413253E+003   0.6436523080E+001
    590000   0.8083173703E+003   0.6084957582E+001
    590100   0.8098632299E+003   0.6082988331E+001
    590200   0.7922671862E+003   0.5392480500E+001
    590300   0.7930216852E+003   0.5034427267E+001
    590400   0.7850492236E+003   0.5401155926E+001
    590500   0.7884883851E+003   0.5396999033E+001
    590600   0.8108448365E+003   0.5370982742E+001
    590700   0.8109203647E+003   0.5726429050E+001
    590800   0.8115259232E+003   0.5725704948E+001
    590900   0.7927311378E+003   0.6105316227E+001
    591000   0.8051265869E+003   0.5733421485E+001
    591100   0.8066181413E+003   0.5731610109E+001
    591200   0.8132437116E+003   0.5368290535E+001
    591300   0.8028439073E+003   0.5023669455E+001
    591400   0.8181442092E+003   0.5007513172E+001
    591500   0.8093936686E+003   0.4660395691E+001
    591600   0.8004421572E+003   0.5026271369E+001
    591700   0.8103034438E+003   0.5015703365E+001
    591800   0.8091792479E+003   0.4660607378E+001
    591900   0.8234037616E+003   0.5357091082E+001
    592000   0.8126495068E+003   0.4300847440E+001
    592100   0.8133562043E+003   0.4300208083E+001
    592200   0.8117424105E+003   0.4301670012E+001
    592300   0.8074090701E+003   0.3948581709E+001
    592400   0.7997101469E+003   0.4312788410E+001
    592500   0.8205087776E+003   0.4293809541E+001
    592600   0.8257214684E+003   0.3577453808E+001
    592700   0.8208329755E+003   0.3224358361E+001
    592800   0.8177866359E+003   0.3226409432E+001
    592900   0.8173646868E+003   0.3583644699E+001
    593000   0.8054453913E+003   0.3234905111E+001
    593100   0.8175978466E+003   0.3940090044E+001
    593200   0.8160747028E+003   0.3584613580E+001
    593300   0.7994093744E+003   0.3597461055E+001
    593400   0.8139465676E+003   0.3229020556E+001
    593500   0.8119273587E+003   0.3587753022E+001
    593600   0.8175712913E+003   0.3583489855E+001
    593700   0.7959609307E+003   0.2882766619E+001
    593800   0.8099365612E+003   0.3231778242E+001
    593900   0.7961989786E+003   0.3600008660E+001
    594000   0.7930416067E+003   0.2884651108E+001
    594100   0.7956396888E+003   0.2882973191E+001
    594200   0.7922276185E+003   0.2525681810E+001
    594300   0.8115149026E+003   0.2514983066E+001
    594400   0.8151435940E+003   0.2513036595E+001
    594500   0.8191024906E+003   0.2868385071E+001
    594600   0.8103773049E+003   0.2873694199E+001
    594700   0.8019974035E+003   0.2520186807E+001
    594800   0.8078117011E+003   0.3233252538E+001
    594900   0.7944733720E+003   0.3601388024E+001
    595000   0.7878976830E+003   0.3606709569E+001
    595100   0.8092012307E+003   0.3947069891E+001
    595200   0.7967854150E+003   0.3957707715E+001
    595300   0.7962065909E+003   0.3600002590E+001
    595400   0.7983749717E+003   0.3239911576E+001
    595500   0.8119852052E+003   0.3230365396E+001
    595600   0.7784903289E+003   0.3254567674E+001
    595700   0.7827059531E+003   0.3251387094E+001
    595800   0.8002155088E+003   0.2880049159E+001
    595900   0.8038063036E+003   0.3236056512E+001
    596000   0.8032765662E+003   0.3236429814E+001
    596100   0.8043538139E+003   0.2518884941E+001
    596200   0.8096406495E+003   0.2874148591E+001
    596300   0.8173340944E+003   0.2869450376E+001
    596400   0.8097121630E+003   0.3231933508E+001
    596500   0.8152935054E+003   0.2870686387E+001
    596600   0.8267853150E+003   0.3220401710E+001
    596700   0.8202705888E+003   0.3224735668E+001
    596800   0.8058742107E+003   0.3592403195E+001
    596900   0.8088727629E+003   0.2874623282E+001
    597000   0.8203756739E+003   0.2867621419E+001
    597100   0.7962974867E+003   0.3241402501E+001
    597200   0.8084964054E+003   0.3590378734E+001
    597300   0.8018532305E+003   0.3237435701E+001
    597400   0.8028820697E+003   0.3594732248E+001
    597500   0.7953371227E+003   0.3242094814E+001
    597600   0.8161336255E+003   0.3227529897E+001
    597700   0.8058557646E+003   0.3234617699E+001
    597800   0.7884174455E+003   0.3247141887E+001
    597900   0.7814039636E+003   0.3612068521E+001
    598000   0.7956358516E+003   0.3600458022E+001
    598100   0.7916462688E+003   0.3603663173E+001
    598200   0.7924522112E+003   0.2885033560E+001
    598300   0.8000281625E+003   0.2880168104E+001
    598400   0.8119087019E+003   0.2514770840E+001
    598500   0.8036627822E+003   0.2877872139E+001
    598600   0.7904612278E+003   0.2886330462E+001
    598700   0.7966588624E+003   0.2882318497E+001
    598800   0.7989953542E+003   0.2162568072E+001
    598900   0.7969326299E+003   0.2523015675E+001
    599000   0.7987924460E+003   0.2162665711E+001
    599100   0.7961100888E+003   0.2163961975E+001
    599200   0.8091206065E+003   0.2157768881E+001
    599300   0.8009787681E+003   0.2161616719E+001
    599400   0.7844118676E+003   0.2890318622E+001
    599500   0.7831716618E+003   0.2891145239E+001
    599600   0.7875829790E+003   0.2888218991E+001
    599700   0.7890259875E+003   0.2887270147E+001
    599800   0.7899225470E+003   0.2527001672E+001
    599900   0.7954065843E+003   0.2164303654E+001
    600000   0.8025928340E+003   0.2878545479E+001
    600100   0.7965765229E+003   0.2882371317E+001
    600200   0.7962013416E+003   0.2882612154E+001
    600300   0.7977783973E+003   0.3240338777E+001
    600400   0.7812896370E+003   0.2892405561E+001
    600500   0.7943856770E+003   0.2883781454E+001
    600600   0.7881433251E+003   0.2167873374E+001
    600700   0.8109490665E+003   0.1798228162E+001
    600800   0.7891355704E+003   0.2167381135E+001
    600900   0.7997841203E+003   0.1802636454E+001
    601000   0.8018211989E+003   0.1801821366E+001
    601100   0.8068895627E+003   0.2158814193E+001
    601200   0.8003099695E+003   0.2161936891E+001
    601300   0.8046996076E+003   0.2159846884E+001
    601400   0.8048080765E+003   0.1800635018E+001
    601500   0.7903939339E+003   0.2166758975E+001
    601600   0.8136401225E+003   0.1438384944E+001
    601700   0.8003417909E+003   0.1802412829E+001
    601800   0.8224461638E+003   0.1793835360E+001
    601900   0.8060939240E+003   0.1800127481E+001
    602000   0.7914866522E+003   0.1445465770E+001
    602100   0.8059109099E+003   0.1800199602E+001
    602200   0.8046073345E+003   0.1800714425E+001
    602300   0.7887544804E+003   0.1446371598E+001
    602400   0.7954042604E+003   0.1083626672E+001
    602500   0.7885233283E+003   0.1446448575E+001
    602600   0.8011110814E+003   0.1082236768E+001
    602700   0.8085222663E+003   0.1799174167E+001
    602800   0.7963540189E+003   0.2163843669E+001
    602900   0.8043979759E+003   0.2159989639E+001
    603000   0.7986243491E+003   0.1443133808E+001
    603100   0.7983548164E+003   0.1803211281E+001
    603200   0.8018762315E+003   0.1801799414E+001
    603300   0.8003651447E+003   0.1802403473E+001
    603400   0.7895383423E+003   0.1806811363E+001
    603500   0.7924300982E+003   0.2165757192E+001
    603600   0.7965638081E+003   0.2163741990E+001
    603700   0.7928795150E+003   0.2165536899E+001
    603800   0.7876268378E+003   0.2528325236E+001
    603900   0.8050479285E+003   0.1800540201E+001
    604000   0.8075809750E+003   0.2158489519E+001
    604100   0.8078942191E+003   0.2158342641E+001
    604200   0.7964290675E+003   0.2882465940E+001
    604300   0.8112850249E+003   0.2156761238E+001
    604400   0.7892820608E+003   0.2527370023E+001
    604500   0.8020253370E+003   0.2161116960E+001
    604600   0.8064675620E+003   0.3234189855E+001
    604700   0.8021568038E+003   0.3595299861E+001
    604800   0.8057063057E+003   0.3234722336E+001
    604900   0.7942259441E+003   0.3242898306E+001
    605000   0.7988922952E+003   0.3239541732E+001
    605100   0.8125504091E+003   0.3229977074E+001
    605200   0.8086948165E+003   0.3232638700E+001
    605300   0.8021166081E+003   0.3595331354E+001
    605400   0.8030380400E+003   0.3594610338E+001
    605500   0.8063026242E+003   0.3234305125E+001
    605600   0.7920835735E+003   0.3603309996E+001
    605700   0.8092274962E+003   0.3947047792E+001
    605800   0.7963204482E+003   0.3958113673E+001
    605900   0.8058263896E+003   0.3234638261E+001
    606000   0.8089327672E+003   0.3590043335E+001
    606100   0.8159851127E+003   0.3941417610E+001
    606200   0.8030645517E+003   0.3594589622E+001
    606300   0.8186674444E+003   0.2868646648E+001
    606400   0.8185444957E+003   0.3225897501E+001
    606500   0.8238061801E+003   0.2865577562E+001
    606600   0.8115865648E+003   0.3230639662E+001
    606700   0.8308046839E+003   0.2861469108E+001
    606800   0.8122626788E+003   0.2872535647E+001
    606900   0.8096091522E+003   0.2516013539E+001
    607000   0.8086105252E+003   0.2874785634E+001
    607100   0.8127299291E+003   0.2514329040E+001
    607200   0.8065855741E+003   0.2876043464E+001
    607300   0.7988970834E+003   0.2521913441E+001
    607400   0.8105668566E+003   0.2515494980E+001
    607500   0.8161722430E+003   0.2512488509E+001
    607600   0.8105469804E+003   0.2515505727E+001
    607700   0.8011062554E+003   0.2161555759E+001
    607800   0.8006093276E+003   0.2161793502E+001
    607900   0.7972368838E+003   0.2163416193E+001
    608000   0.7990995947E+003   0.2162517934E+001
    608100   0.8005777886E+003   0.2161808603E+001
    608200   0.7854141701E+003   0.2169234849E+001
    608300   0.7810393330E+003   0.2532174242E+001
    608400   0.7936625265E+003   0.2165153788E+001
    608500   0.7988930646E+003   0.2162617286E+001
    608600   0.8025539247E+003   0.2160865131E+001
    608700   0.8007951663E+003   0.2520854491E+001
    608800   0.7955350361E+003   0.3241951980E+001
    608900   0.8011126807E+003   0.3596119141E+001
    609000   0.8083100249E+003   0.3947820705E+001
    609100   0.8217114426E+003   0.2866823208E+001
    609200   0.8236233275E+003   0.3222495222E+001
    609300   0.8097920762E+003   0.3589384089E+001
    609400   0.8157207102E+003   0.3227810615E+001
    609500   0.8021103594E+003   0.3595336250E+001
    609600   0.7933098711E+003   0.3243562711E+001
    609700   0.7971775839E+003   0.3599229532E+001
    609800   0.7957075479E+003   0.3958649643E+001
    609900   0.7989475235E+003   0.3597826074E+001
    610000   0.7967927492E+003   0.3599535654E+001
    610100   0.7975307327E+003   0.2881759991E+001
    610200   0.8121998524E+003   0.3230217848E+001
    610300   0.8118008911E+003   0.3587849346E+001
    610400   0.8149626830E+003   0.2870887454E+001
    610500   0.8074329426E+003   0.3233516289E+001
    610600   0.8154949537E+003   0.3227964235E+001
    610700   0.8112627733E+003   0.3230862665E+001
    610800   0.8096459655E+003   0.2515993579E+001
    610900   0.8128106675E+003   0.2514285662E+001
    611000   0.7975922942E+003   0.2881720610E+001
    611100   0.8103447172E+003   0.2873714280E+001
    611200   0.7993736318E+003   0.2521647015E+001
    611300   0.8099178978E+003   0.3231791152E+001
    611400   0.7939961546E+003   0.2884033130E+001
    611500   0.7956906146E+003   0.2882940430E+001
    611600   0.8007100083E+003   0.2161745306E+001
    611700   0.8101550564E+003   0.2157286505E+001
    611800   0.7973795168E+003   0.2163347236E+001
    611900   0.8175579997E+003   0.2153876215E+001
    612000   0.8002319512E+003   0.2880038723E+001
    612100   0.8234957927E+003   0.2865761668E+001
    612200   0.8005894640E+003   0.2520968968E+001
    612300   0.8018215695E+003   0.2520284313E+001
    612400   0.8017464865E+003   0.2520325964E+001
    612500   0.8094194948E+003   0.2874285196E+001
    612600   0.8152366574E+003   0.2512986943E+001
    612700   0.8045146247E+003   0.2159934417E+001
    612800   0.7895340391E+003   0.2527225024E+001
    612900   0.7885850364E+003   0.2527771693E+001
    613000   0.7997708874E+003   0.2162195422E+001
    613100   0.8056430800E+003   0.2159401172E+001
    613200   0.7962244385E+003   0.1443912381E+001
    613300   0.8112895535E+003   0.1439114688E+001
    613400   0.7810462033E+003   0.1810369923E+001
    613500   0.8119724729E+003   0.2514736495E+001
    613600   0.7946824932E+003   0.2164656075E+001
    613700   0.7982392322E+003   0.2162932215E+001
    613800   0.7975021443E+003   0.2163287974E+001
    613900   0.7994333015E+003   0.2521613682E+001
    614000   0.8138305877E+003   0.1797113504E+001
    614100   0.8036731098E+003   0.1801084589E+001
    614200   0.8146668877E+003   0.1796791732E+001
    614300   0.8074016956E+003   0.1799613241E+001
    614400   0.7925984871E+003   0.1445099262E+001
    614500   0.7971067932E+003   0.2163479112E+001
    614600   0.8059236168E+003   0.1800194594E+001
    614700   0.8097175171E+003   0.1798707407E+001
    614800   0.8044781732E+003   0.2159951671E+001
    614900   0.8047916569E+003   0.2159803344E+001
    615000   0.8046282977E+003   0.2518733877E+001
    615100   0.8035735754E+003   0.2519315011E+001
    615200   0.8221252470E+003   0.2151808136E+001
    615300   0.8059496835E+003   0.2876439989E+001
    615400   0.7928238879E+003   0.3243915917E+001
    615500   0.7874344134E+003   0.3247867376E+001
    615600   0.8097024798E+003   0.2157497368E+001
    615700   0.7995172755E+003   0.2162317191E+001
    615800   0.8142019558E+003   0.2155413213E+001
    615900   0.8143839080E+003   0.2513442415E+001
    616000   0.8008972279E+003   0.3238113678E+001
    616100   0.7978279295E+003   0.3240303279E+001
    616200   0.7997245690E+003   0.3238947906E+001
    616300   0.8016988109E+003   0.3237545083E+001
    616400   0.8013841681E+003   0.3237768112E+001
    616500   0.8141728215E+003   0.2871368291E+001
    616600   0.8100996806E+003   0.2873865333E+001
    616700   0.8046411873E+003   0.2518726786E+001
    616800   0.8032476971E+003   0.3236450175E+001
    616900   0.7944153105E+003   0.3959782870E+001
    617000   0.7851171234E+003   0.3608991432E+001
    617100   0.7991131976E+003   0.3955683694E+001
    617200   0.7945761869E+003   0.4317652937E+001
    617300   0.8017790861E+003   0.3953382643E+001
    617400   0.8022716271E+003   0.3595209916E+001
    617500   0.7973978968E+003   0.3599054438E+001
    617600   0.7914732413E+003   0.4320629038E+001
    617700   0.7799800293E+003   0.4690716098E+001
    617800   0.8035947918E+003   0.3951825684E+001
    617900   0.8017813296E+003   0.3595594191E+001
    618000   0.8025530015E+003   0.4310126171E+001
    618100   0.8006076017E+003   0.3596516357E+001
    618200   0.7981855738E+003   0.3956488605E+001
    618300   0.8129432082E+003   0.4300581567E+001
    618400   0.8105813422E+003   0.4659225532E+001
    618500   0.7869836887E+003   0.5041197212E+001
    618600   0.8094770733E+003   0.4660313385E+001
    618700   0.7961311164E+003   0.5387912232E+001
    618800   0.7992578736E+003   0.5384253436E+001
    618900   0.7960302213E+003   0.5031099041E+001
    619000   0.7991894670E+003   0.5027635742E+001
    619100   0.8013024649E+003   0.4668475896E+001
    619200   0.7841584393E+003   0.5402239608E+001
    619300   0.8019882739E+003   0.5024594302E+001
    619400   0.7952925584E+003   0.5388899219E+001
    619500   0.7944707973E+003   0.5032820475E+001
    619600   0.8083922943E+003   0.5373754514E+001
    619700   0.7968008766E+003   0.5030251243E+001
    619800   0.8012915958E+003   0.5025349047E+001
    619900   0.8046594570E+003   0.5021714678E+001
    620000   0.8077605891E+003   0.4662011271E+001
    620100   0.8013646388E+003   0.5025269843E+001
    620200   0.8022394948E+003   0.3952987061E+001
    620300   0.8040971522E+003   0.3951396370E+001
    620400   0.7996950008E+003   0.5027084534E+001
    620500   0.8027336032E+003   0.4667032793E+001
    620600   0.7967636157E+003   0.5030292189E+001
    620700   0.7891831554E+003   0.4680943406E+001
    620800   0.7914658990E+003   0.4320636112E+001
    620900   0.7901191976E+003   0.4321936351E+001
    621000   0.7930848895E+003   0.4319079854E+001
    621100   0.8047766131E+003   0.3950816708E+001
    621200   0.8076647450E+003   0.3591019145E+001
    621300   0.8153218776E+003   0.3585180672E+001
    621400   0.7916019588E+003   0.3962265096E+001
    621500   0.8169020744E+003   0.4297019635E+001
    621600   0.8098882371E+003   0.3946492430E+001
    621700   0.8017046607E+003   0.4668069727E+001
    621800   0.8093479465E+003   0.4303851735E+001
    621900   0.8108568371E+003   0.3945680226E+001
    622000   0.8091483813E+003   0.3947114361E+001
    622100   0.8051922932E+003   0.3235082544E+001
    622200   0.8089189020E+003   0.3232483192E+001
    622300   0.8008966207E+003   0.2879617276E+001
    622400   0.8186987451E+003   0.3225793443E+001
    622500   0.8003382417E+003   0.3238510981E+001
    622600   0.8045356567E+003   0.3951022141E+001
    622700   0.8090679427E+003   0.4660717317E+001
    622800   0.8068829948E+003   0.4662882628E+001
    622900   0.8011898027E+003   0.4668589757E+001
    623000   0.7866858758E+003   0.5399172384E+001
    623100   0.7976544904E+003   0.5029314426E+001
    623200   0.8030803113E+003   0.5023414335E+001
    623300   0.7954144668E+003   0.5388755580E+001
    623400   0.8057330667E+003   0.5020563594E+001
    623500   0.8050209486E+003   0.5377596975E+001
    623600   0.8015506459E+003   0.5381591800E+001
    623700   0.7833698411E+003   0.5045307931E+001
    623800   0.8046238934E+003   0.4665135926E+001
    623900   0.8052220778E+003   0.5021111008E+001
    624000   0.7980676033E+003   0.5028861891E+001
    624100   0.8070307837E+003   0.4305977478E+001
    624200   0.8021977423E+003   0.3595267789E+001
    624300   0.8001902389E+003   0.3596845034E+001
    624400   0.7966534415E+003   0.3241146397E+001
    624500   0.8129384037E+003   0.3229710870E+001
    624600   0.8119269535E+003   0.2872741486E+001
    624700   0.8130428669E+003   0.2872058069E+001
    624800   0.8185526084E+003   0.2868715749E+001
    624900   0.8037213596E+003   0.2519233477E+001
    625000   0.8014051477E+003   0.2879295390E+001
    625100   0.7981600899E+003   0.2881357727E+001
    625200   0.7761711840E+003   0.2895869765E+001
    625300   0.7761205571E+003   0.2535098650E+001
    625400   0.7698003139E+003   0.2900257848E+001
    625500   0.7914645966E+003   0.2526117706E+001
    625600   0.7897354255E+003   0.3246172542E+001
    625700   0.7810534048E+003   0.3252629068E+001
    625800   0.8150527556E+003   0.4298678492E+001
    625900   0.7885921679E+003   0.4681562904E+001
    626000   0.7805302336E+003   0.4690124207E+001
    626100   0.7927300766E+003   0.4677248190E+001
    626200   0.7847680592E+003   0.4685598056E+001
    626300   0.7819544580E+003   0.4688596634E+001
    626400   0.7793804054E+003   0.4332494315E+001
    626500   0.7872441094E+003   0.4324729776E+001
    626600   0.7841664967E+003   0.3968926508E+001
    626700   0.7910068403E+003   0.3245241052E+001
    626800   0.8088819589E+003   0.2874617591E+001
    626900   0.8099429463E+003   0.3589268514E+001
    627000   0.8070696126E+003   0.3233769570E+001
    627100   0.8137253182E+003   0.2871641200E+001
    627200   0.7999208588E+003   0.2880236260E+001
    627300   0.7935786940E+003   0.2884303180E+001
    627400   0.7922109801E+003   0.3603207186E+001
    627500   0.7998310395E+003   0.3597128230E+001
    627600   0.8069675969E+003   0.3233840734E+001
    627700   0.7982502920E+003   0.3956432377E+001
    627800   0.8130815392E+003   0.3586875565E+001
    627900   0.8016850453E+003   0.3595669720E+001
    628000   0.7891943186E+003   0.3964405912E+001
    628100   0.8107299362E+003   0.3945786507E+001
    628200   0.8178827282E+003   0.3939856172E+001
    628300   0.8127772273E+003   0.3944076619E+001
    628400   0.8077154675E+003   0.3948322683E+001
    628500   0.8250455524E+003   0.3934037939E+001
    628600   0.8290095465E+003   0.3575057897E+001
    628700   0.8183767385E+003   0.4651643666E+001
    628800   0.8023184094E+003   0.4667450836E+001
    628900   0.8090481123E+003   0.4660736907E+001
    629000   0.8201683602E+003   0.4294111114E+001
    629100   0.8251347061E+003   0.4645206169E+001
    629200   0.8207117682E+003   0.5004870920E+001
    629300   0.8019940656E+003   0.5381079101E+001
    629400   0.8014419899E+003   0.5025185987E+001
    629500   0.8150318643E+003   0.5366295781E+001
    629600   0.8129685484E+003   0.4656885636E+001
    629700   0.8065688354E+003   0.4663195095E+001
    629800   0.8123987609E+003   0.4301074606E+001
    629900   0.8138419034E+003   0.4299769420E+001
    630000   0.7998015533E+003   0.4669995868E+001
    630100   0.8000295167E+003   0.4669764578E+001
    630200   0.8135417255E+003   0.4300040456E+001
    630300   0.8079630808E+003   0.3948113521E+001
    630400   0.8083614024E+003   0.3947777368E+001
    630500   0.8057261210E+003   0.4307180673E+001
    630600   0.8066464617E+003   0.3591805375E+001
    630700   0.8201518902E+003   0.4294125712E+001
    630800   0.8151297927E+003   0.4654781055E+001
    630900   0.8156030769E+003   0.3941732994E+001
    631000   0.8042589632E+003   0.4308539196E+001
    631100   0.8137794871E+003   0.4299825757E+001
    631200   0.8093566363E+003   0.5372662305E+001
    631300   0.8234143889E+003   0.5002110461E+001
    631400   0.7912469359E+003   0.5036404555E+001
    631500   0.8140378227E+003   0.4655842761E+001
    631600   0.8113576899E+003   0.4658462801E+001
    631700   0.7920601830E+003   0.4677943110E+001
    631800   0.8005594294E+003   0.5026143898E+001
    631900   0.8032984256E+003   0.5379574795E+001
    632000   0.7999395089E+003   0.4669855881E+001
    632100   0.7961972450E+003   0.5387834502E+001
    632200   0.8067143473E+003   0.5019514642E+001
    632300   0.7945539981E+003   0.5389770535E+001
    632400   0.7817047048E+003   0.5762932459E+001
    632500   0.7740270238E+003   0.6131022911E+001
    632600   0.7912639432E+003   0.5750640243E+001
    632700   0.8061301043E+003   0.5732201928E+001
    632800   0.8080399525E+003   0.5374154336E+001
    632900   0.8086977024E+003   0.5017403611E+001
    633000   0.8031533852E+003   0.5023335512E+001
    633100   0.7950960280E+003   0.5032129336E+001
    633200   0.8080942553E+003   0.4661680559E+001
    633300   0.8028554472E+003   0.4666910209E+001
    633400   0.7955686354E+003   0.5031607756E+001
    633500   0.7867287966E+003   0.4683523341E+001
    633600   0.7934636339E+003   0.4676488809E+001
    633700   0.7981716216E+003   0.4314238478E+001
    633800   0.8069015610E+003   0.4662864171E+001
    633900   0.7835160772E+003   0.4686929215E+001
    634000   0.7772920203E+003   0.4334587527E+001
    634100   0.8042159258E+003   0.4665544428E+001
    634200   0.7910600801E+003   0.4678983153E+001
    634300   0.7969137964E+003   0.4315428874E+001
    634400   0.7895149335E+003   0.4680596100E+001
    634500   0.7968379039E+003   0.4315500839E+001
    634600   0.7881500512E+003   0.4323846977E+001
    634700   0.8166253887E+003   0.4297267266E+001
    634800   0.8042126175E+003   0.4665547743E+001
    634900   0.8199948126E+003   0.4650091031E+001
    635000   0.7995169909E+003   0.4670284800E+001
    635100   0.8095575520E+003   0.4660233985E+001
    635200   0.8112596294E+003   0.4658559047E+001
    635300   0.8064160108E+003   0.4306543869E+001
    635400   0.8002201570E+003   0.5026512796E+001
    635500   0.8150890433E+003   0.4654820615E+001
    635600   0.8037022052E+003   0.4666059514E+001
    635700   0.8056164572E+003   0.4664144087E+001
    635800   0.8207700663E+003   0.5004811151E+001
    635900   0.8020261042E+003   0.5024553363E+001
    636000   0.8061028043E+003   0.5376359839E+001
    636100   0.8059269788E+003   0.5732448496E+001
    636200   0.8091688938E+003   0.5728530523E+001
    636300   0.8087928425E+003   0.6439404410E+001
    636400   0.8109273881E+003   0.6081637815E+001
    636500   0.7997428837E+003   0.6096042467E+001
    636600   0.8019204235E+003   0.6093201097E+001
    636700   0.8120468811E+003   0.5725083018E+001
    636800   0.8139354082E+003   0.5367517705E+001
    636900   0.8223219036E+003   0.5358268250E+001
    637000   0.8077418325E+003   0.5374492949E+001
    637100   0.8005324941E+003   0.5739050362E+001
    637200   0.8055593633E+003   0.5732895103E+001
    637300   0.8014187006E+003   0.5737958657E+001
    637400   0.8119353332E+003   0.5369756593E+001
    637500   0.8041901200E+003   0.5734562772E+001
    637600   0.8121695407E+003   0.5369493754E+001
    637700   0.7983721521E+003   0.5385286456E+001
    637800   0.7899973741E+003   0.5395188553E+001
    637900   0.8040632445E+003   0.6090422618E+001
    638000   0.8100671282E+003   0.5727451464E+001
    638100   0.8082050356E+003   0.5729691539E+001
    638200   0.7923302280E+003   0.5749290698E+001
    638300   0.7911099618E+003   0.5750835483E+001
    638400   0.8065780625E+003   0.5731658679E+001
    638500   0.7930464013E+003   0.5748386664E+001
    638600   0.7937582074E+003   0.6103945805E+001
    638700   0.7877113105E+003   0.6112074605E+001
    638800   0.7919530144E+003   0.6106357258E+001
    638900   0.8021233105E+003   0.6448464025E+001
    639000   0.7975240318E+003   0.6454814932E+001
    639100   0.8115426965E+003   0.6080858820E+001
    639200   0.7965884544E+003   0.6456117343E+001
    639300   0.8181282216E+003   0.6072607040E+001
    639400   0.8083962152E+003   0.6439938284E+001
    639500   0.7867471172E+003   0.5756404663E+001
    639600   0.7955617480E+003   0.5745226645E+001
    639700   0.8055748972E+003   0.5376963031E+001
    639800   0.7951164645E+003   0.5745784344E+001
    639900   0.8162966020E+003   0.5364891083E+001
    640000   0.7989084191E+003   0.5384660685E+001
    640100   0.7944793580E+003   0.5746583569E+001
    640200   0.7969780568E+003   0.5743457638E+001
    640300   0.7965886965E+003   0.5743943224E+001
    640400   0.8008698033E+003   0.5738634502E+001
    640500   0.7971024140E+003   0.5386772055E+001
    640600   0.8155339485E+003   0.5010219311E+001
    640700   0.8092385140E+003   0.4660548855E+001
    640800   0.8129295966E+003   0.4656923687E+001
    640900   0.7990461057E+003   0.4670763446E+001
    641000   0.8236024776E+003   0.5001919134E+001
    641100   0.8030680175E+003   0.5023427598E+001
    641200   0.7926608129E+003   0.5748873159E+001
    641300   0.7998631237E+003   0.5383549074E+001
    641400   0.7949687513E+003   0.5389280996E+001
    641500   0.8023098887E+003   0.5380714339E+001
    641600   0.8086975020E+003   0.5729097934E+001
    641700   0.7983293309E+003   0.5385336467E+001
    641800   0.7939637396E+003   0.5033381923E+001
    641900   0.8059036443E+003   0.4663857644E+001
    642000   0.8162704530E+003   0.4297585217E+001
    642100   0.8087072504E+003   0.4661073823E+001
    642200   0.8106488307E+003   0.4659159159E+001
    642300   0.8123829616E+003   0.4301088925E+001
    642400   0.7962426396E+003   0.4316065859E+001
    642500   0.7982167082E+003   0.4671608125E+001
    642600   0.8005069196E+003   0.4312040019E+001
    642700   0.7887965369E+003   0.4323218466E+001
    642800   0.8048931492E+003   0.4664866583E+001
    642900   0.7895626233E+003   0.3964077428E+001
    643000   0.8110624270E+003   0.3945508124E+001
    643100   0.7955637421E+003   0.4316711477E+001
    643200   0.8040306215E+003   0.4665730136E+001
    643300   0.7977719514E+003   0.4672061926E+001
    643400   0.8093926938E+003   0.4660396653E+001
    643500   0.8074930942E+003   0.4305552216E+001
    643600   0.7903596415E+003   0.4679713407E+001
    643700   0.7999927429E+003   0.4669801878E+001
    643800   0.7825421034E+003   0.4329350374E+001
    643900   0.7981008108E+003   0.4671726322E+001
    644000   0.7933417877E+003   0.4318833596E+001
    644100   0.8088800785E+003   0.3947340228E+001
    644200   0.7969463712E+003   0.3599413412E+001
    644300   0.8127916142E+003   0.3587095704E+001
    644400   0.8001434518E+003   0.4312381199E+001
    644500   0.8049185222E+003   0.4307927755E+001
    644600   0.7998934223E+003   0.4669902640E+001
    644700   0.8056672374E+003   0.3950058635E+001
    644800   0.8157706866E+003   0.4298033456E+001
    644900   0.7959570817E+003   0.4673919878E+001
    645000   0.8043453265E+003   0.5022052158E+001
    645100   0.8074777448E+003   0.4662291863E+001
    645200   0.7937401160E+003   0.5033629801E+001
    645300   0.8119991933E+003   0.4301436938E+001
    645400   0.7941992521E+003   0.4318013004E+001
    645500   0.7942907353E+003   0.4317925578E+001
    645600   0.8140940363E+003   0.4299541945E+001
    645700   0.8017985285E+003   0.4310830550E+001
    645800   0.7871364584E+003   0.4683093510E+001
    645900   0.7850784384E+003   0.4326849851E+001
    646000   0.7902120680E+003   0.4321846517E+001
    646100   0.8122699437E+003   0.3944499359E+001
    646200   0.8135277443E+003   0.3943452316E+001
    646300   0.8015138239E+003   0.4668262389E+001
    646400   0.8131780940E+003   0.4300369099E+001
    646500   0.8039935101E+003   0.3593864737E+001
    646600   0.7928093697E+003   0.3961197255E+001
    646700   0.7899369301E+003   0.3605048092E+001
    646800   0.8108895227E+003   0.3231119991E+001
    646900   0.8143977585E+003   0.3585878476E+001
    647000   0.8155909769E+003   0.3227898882E+001
    647100   0.7961456347E+003   0.3600051195E+001
    647200   0.8022310419E+003   0.3237168289E+001
    647300   0.8052638134E+003   0.3592876672E+001
    647400   0.8123110867E+003   0.3230141422E+001
    647500   0.7972683143E+003   0.3240704640E+001
    647600   0.8104498334E+003   0.3946021235E+001
    647700   0.7896166554E+003   0.3964029268E+001
    647800   0.8010533258E+003   0.5025607529E+001
    647900   0.8135442863E+003   0.5367954515E+001
    648000   0.8144975982E+003   0.5366890703E+001
    648100   0.7857757136E+003   0.5757654559E+001
    648200   0.8026664802E+003   0.5380302896E+001
    648300   0.8179357380E+003   0.5363078106E+001
    648400   0.8082714207E+003   0.5373891630E+001
    648500   0.7942478481E+003   0.5390132272E+001
    648600   0.8056853409E+003   0.5376836760E+001
    648700   0.7823371237E+003   0.5762108312E+001
    648800   0.7979105637E+003   0.5742296933E+001
    648900   0.7930347783E+003   0.5748401321E+001
    649000   0.7845831969E+003   0.5401722509E+001
    649100   0.7865808480E+003   0.5756618342E+001
    649200   0.7947040009E+003   0.5389593415E+001
    649300   0.7915849129E+003   0.5750233558E+001
    649400   0.8071825374E+003   0.5375129001E+001
    649500   0.7886928400E+003   0.5396753251E+001
    649600   0.7996866968E+003   0.5027093582E+001
    649700   0.8134620145E+003   0.5368046460E+001
    649800   0.8183023222E+003   0.5007349899E+001
    649900   0.7980116486E+003   0.5028923154E+001
    650000   0.8017425241E+003   0.4668031514E+001
    650100   0.8147362316E+003   0.4655163325E+001
    650200   0.8053483415E+003   0.4307529925E+001
    650300   0.8187006645E+003   0.3939185752E+001
    650400   0.8088418117E+003   0.3947372457E+001
    650500   0.8044665084E+003   0.3951081122E+001
    650600   0.8079640113E+003   0.3233146557E+001
    650700   0.7947450450E+003   0.3242522616E+001
    650800   0.8224340347E+003   0.2509186736E+001
    650900   0.8133273503E+003   0.2514008301E+001
    651000   0.8066428160E+003   0.2517628875E+001
    651100   0.7945366963E+003   0.2524368702E+001
    651200   0.8093633352E+003   0.2157655563E+001
    651300   0.8033103712E+003   0.2519460312E+001
    651400   0.7985940583E+003   0.2881080784E+001
    651500   0.8078035289E+003   0.3233258225E+001
    651600   0.8133940945E+003   0.2871843422E+001
    651700   0.7908955087E+003   0.2886046921E+001
    651800   0.7883488461E+003   0.3606341111E+001
    651900   0.8052803653E+003   0.3235020787E+001
    652000   0.8011555034E+003   0.3237930327E+001
    652100   0.7929325839E+003   0.3243836874E+001
    652200   0.7896198214E+003   0.2886880862E+001
    652300   0.8013929569E+003   0.3237761880E+001
    652400   0.7934942465E+003   0.3243428843E+001
    652500   0.8154230829E+003   0.3228013162E+001
    652600   0.7910599536E+003   0.3604137415E+001
    652700   0.8023283673E+003   0.3595165482E+001
    652800   0.7985277952E+003   0.3598158232E+001
    652900   0.8056067175E+003   0.3950110085E+001
    653000   0.7815095240E+003   0.3611980567E+001
    653100   0.7949251511E+003   0.3601026213E+001
    653200   0.8132406017E+003   0.3586754868E+001
    653300   0.8145319510E+003   0.3585777032E+001
    653400   0.8051768409E+003   0.4307688602E+001
    653500   0.8086273468E+003   0.4304511276E+001
    653600   0.7895590930E+003   0.4680549900E+001
    653700   0.8015154575E+003   0.4668260740E+001
    653800   0.7922592187E+003   0.4677736495E+001
    653900   0.7885496595E+003   0.4323458336E+001
    654000   0.7994715314E+003   0.4313012877E+001
    654100   0.7903454236E+003   0.4321717566E+001
    654200   0.7869499110E+003   0.4325016973E+001
    654300   0.8110140063E+003   0.4302332102E+001
    654400   0.7910374317E+003   0.3962765683E+001
    654500   0.7958766923E+003   0.4316413707E+001
    654600   0.7890819629E+003   0.3964506192E+001
    654700   0.7962917812E+003   0.3599934677E+001
    654800   0.8148999090E+003   0.3942314389E+001
    654900   0.8153471205E+003   0.3941944489E+001
    655000   0.8186099320E+003   0.3939260044E+001
    655100   0.8060135793E+003   0.3949764370E+001
    655200   0.8181694709E+003   0.4295887835E+001
    655300   0.7985707454E+003   0.4313861671E+001
    655400   0.7863171472E+003   0.4325635538E+001
    655500   0.8052352332E+003   0.3950426098E+001
    655600   0.8094782510E+003   0.4303732618E+001
    655700   0.8156809584E+003   0.3941668672E+001
    655800   0.8101131830E+003   0.3589138163E+001
    655900   0.8088382083E+003   0.4304318139E+001
    656000   0.8191787944E+003   0.3938794579E+001
    656100   0.8083043318E+003   0.4661472506E+001
    656200   0.8076128145E+003   0.4305442183E+001
    656300   0.8048132247E+003   0.4308025291E+001
    656400   0.7904886233E+003   0.3963253139E+001
    656500   0.8014728618E+003   0.3953646045E+001
    656600   0.8021878146E+003   0.4667582432E+001
    656700   0.7980232947E+003   0.5028910402E+001
    656800   0.8036220178E+003   0.4666139984E+001
    656900   0.7941916164E+003   0.4675736829E+001
    657000   0.7964607377E+003   0.5030625192E+001
    657100   0.8120957219E+003   0.4301349367E+001
    657200   0.7933861530E+003   0.3960688495E+001
    657300   0.7999978832E+003   0.4312517943E+001
    657400   0.8083171916E+003   0.4304795575E+001
    657500   0.8142919692E+003   0.4655595361E+001
    657600   0.8301866680E+003   0.4285356715E+001
    657700   0.8229850100E+003   0.4647240530E+001
    657800   0.8177551111E+003   0.4652242064E+001
    657900   0.8222984087E+003   0.4647892913E+001
    658000   0.8015865758E+003   0.5025029293E+001
    658100   0.8009881605E+003   0.4668793638E+001
    658200   0.8201186443E+003   0.5005479582E+001
    658300   0.7993530932E+003   0.5027457243E+001
    658400   0.8235772379E+003   0.5356902659E+001
    658500   0.8241513548E+003   0.5001361390E+001
    658600   0.8172710266E+003   0.5008416179E+001
    658700   0.8199178109E+003   0.5005685910E+001
    658800   0.8165437376E+003   0.4297340380E+001
    658900   0.8159385816E+003   0.4297882799E+001
    659000   0.7967362889E+003   0.4315597221E+001
    659100   0.7946777207E+003   0.4317556016E+001
    659200   0.8086266230E+003   0.4304511939E+001
    659300   0.8163668406E+003   0.4297498841E+001
    659400   0.8131626350E+003   0.5012695346E+001
    659500   0.8101826718E+003   0.4659617875E+001
    659600   0.8187862743E+003   0.5362140706E+001
    659700   0.8132305165E+003   0.5368305293E+001
    659800   0.7962937882E+003   0.5744311386E+001
    659900   0.8046864694E+003   0.5733957476E+001
    660000   0.8103060862E+003   0.5371589935E+001
    660100   0.7983074307E+003   0.5741803912E+001
    660200   0.8212597306E+003   0.4648882247E+001
    660300   0.8224264064E+003   0.4292116182E+001
    660400   0.7970386969E+003   0.4672811391E+001
    660500   0.8254102535E+003   0.4644946300E+001
    660600   0.8027851650E+003   0.4666980913E+001
    660700   0.8007790803E+003   0.4669005168E+001
    660800   0.7983872392E+003   0.5028512131E+001
    660900   0.7964678649E+003   0.4673395964E+001
    661000   0.7935016440E+003   0.4676449506E+001
    661100   0.8139319296E+003   0.4655945897E+001
    661200   0.8122209604E+003   0.5013683300E+001
    661300   0.7920997769E+003   0.5392679608E+001
    661400   0.7923842191E+003   0.4319752457E+001
    661500   0.7856655197E+003   0.4684646913E+001
    661600   0.8115590698E+003   0.4301836530E+001
    661700   0.7989469424E+003   0.4313506914E+001
    661800   0.8021569518E+003   0.4310495731E+001
    661900   0.8145063184E+003   0.3942640332E+001
    662000   0.8031174783E+003   0.4309600189E+001
    662100   0.7933004569E+003   0.3960764029E+001
    662200   0.8156571734E+003   0.3941688315E+001
    662300   0.8075420073E+003   0.3948469297E+001
    662400   0.8076285903E+003   0.4662142190E+001
    662500   0.8020197525E+003   0.4310623853E+001
    662600   0.8043390722E+003   0.5022058880E+001
    662700   0.7991246210E+003   0.5027706506E+001
    662800   0.8221798912E+003   0.5003368749E+001
    662900   0.7974964278E+003   0.5029487718E+001
    663000   0.8107584130E+003   0.5015223052E+001
    663100   0.8091764678E+003   0.5016895842E+001
    663200   0.8230914134E+003   0.4647139544E+001
    663300   0.8099636373E+003   0.4659833626E+001
    663400   0.8062213236E+003   0.4663541067E+001
    663500   0.8128392145E+003   0.4657011995E+001
    663600   0.8086837947E+003   0.4661097019E+001
    663700   0.7920171647E+003   0.5035545147E+001
    663800   0.8084417072E+003   0.5017675404E+001
    663900   0.8059270947E+003   0.5020355948E+001
    664000   0.8027664763E+003   0.5023753054E+001
    664100   0.8056576331E+003   0.5376868435E+001
    664200   0.8097028297E+003   0.5372270951E+001
    664300   0.7959845659E+003   0.5744697761E+001
    664400   0.7770303002E+003   0.5411016820E+001
    664500   0.7843584900E+003   0.5759484621E+001
    664600   0.7760335019E+003   0.5770393719E+001
    664700   0.7739226788E+003   0.5773203726E+001
    664800   0.7892560902E+003   0.6109984057E+001
    664900   0.7968663858E+003   0.5743596850E+001
    665000   0.8025420094E+003   0.5736578929E+001
    665100   0.8002507734E+003   0.5026479491E+001
    665200   0.7908541949E+003   0.5036843526E+001
    665300   0.7871164836E+003   0.4683114559E+001
    665400   0.8151579727E+003   0.4298583875E+001
    665500   0.8053001917E+003   0.4307574466E+001
    665600   0.8111286673E+003   0.4302227787E+001
    665700   0.8015051512E+003   0.4668271148E+001
    665800   0.8051241722E+003   0.4307737348E+001
    665900   0.8081280902E+003   0.4661647041E+001
    666000   0.8264294170E+003   0.4643986883E+001
    666100   0.8148221160E+003   0.4298885996E+001
    666200   0.8123371647E+003   0.4301130435E+001
    666300   0.8166389955E+003   0.3584189310E+001
    666400   0.8139486154E+003   0.3943102813E+001
    666500   0.8230661781E+003   0.3935633911E+001
    666600   0.8080686141E+003   0.3948024421E+001
    666700   0.8200408514E+003   0.3938090652E+001
    666800   0.8147310692E+003   0.3942454165E+001
    666900   0.8037756624E+003   0.4665985814E+001
    667000   0.8053869374E+003   0.4307494226E+001
    667100   0.8100522571E+003   0.4659746318E+001
    667200   0.8060051855E+003   0.4663756423E+001
    667300   0.7983947065E+003   0.4314027812E+001
    667400   0.7962079353E+003   0.4316098831E+001
    667500   0.8177995120E+003   0.4296217788E+001
    667600   0.8093990354E+003   0.3946903509E+001
    667700   0.7963006187E+003   0.3958130998E+001
    667800   0.8002950316E+003   0.3238541720E+001
    667900   0.8153225457E+003   0.3228081621E+001
    668000   0.8047965289E+003   0.3593239709E+001
    668100   0.8004364993E+003   0.3596651053E+001
    668200   0.8115381025E+003   0.2872980148E+001
    668300   0.8124492995E+003   0.3587355859E+001
    668400   0.8010530828E+003   0.3596165981E+001
    668500   0.8130192638E+003   0.3586922835E+001
    668600   0.8165340602E+003   0.3584268155E+001
    668700   0.8161994030E+003   0.3584519764E+001
    668800   0.8126552772E+003   0.3944178189E+001
    668900   0.8126757087E+003   0.3587183762E+001
    669000   0.8052209490E+003   0.4307647784E+001
    669100   0.8091599497E+003   0.4304023669E+001
    669200   0.8122758838E+003   0.4301185988E+001
    669300   0.7955460842E+003   0.4316728286E+001
    669400   0.8040780054E+003   0.4665682639E+001
    669500   0.8117255661E+003   0.4658101974E+001
    669600   0.8088616078E+003   0.4660921211E+001
    669700   0.8122317872E+003   0.4657606078E+001
    669800   0.7980567232E+003   0.4671771295E+001
    669900   0.7906247525E+003   0.5394438217E+001
    670000   0.8036769452E+003   0.5379139323E+001
    670100   0.8001212620E+003   0.5383249045E+001
    670200   0.8110976090E+003   0.5370698182E+001
    670300   0.8049985021E+003   0.5377622685E+001
    670400   0.8191871331E+003   0.5361699696E+001
    670500   0.8097289304E+003   0.4660064966E+001
    670600   0.7823115080E+003   0.4688214702E+001
    670700   0.7976878597E+003   0.4314695784E+001
    670800   0.8027119760E+003   0.3952581661E+001
    670900   0.8116742722E+003   0.3944996546E+001
    671000   0.8069524249E+003   0.3948968182E+001
    671100   0.7830617006E+003   0.3969929023E+001
    671200   0.7984882777E+003   0.3239830523E+001
    671300   0.8074121186E+003   0.3591213985E+001
    671400   0.8208606016E+003   0.3224339842E+001
    671500   0.8068143674E+003   0.3591675573E+001
    671600   0.8078171088E+003   0.3233248774E+001
    671700   0.8090897550E+003   0.3589922775E+001
    671800   0.8174170488E+003   0.3583605447E+001
    671900   0.8040881524E+003   0.3951404055E+001
    672000   0.8145513686E+003   0.3585762356E+001
    672100   0.7920571216E+003   0.3603331346E+001
    672200   0.7938016643E+003   0.3601926862E+001
    672300   0.8056855642E+003   0.3950043056E+001
    672400   0.8028421224E+003   0.3952470091E+001
    672500   0.7967456233E+003   0.3957742435E+001
    672600   0.8175958258E+003   0.4652395568E+001
    672700   0.8181652234E+003   0.4651847158E+001
    672800   0.8163625918E+003   0.4653586414E+001
    672900   0.8119550602E+003   0.5013962754E+001
    673000   0.7991416749E+003   0.5384388806E+001
    673100   0.8218555286E+003   0.4648314396E+001
    673200   0.8108681608E+003   0.5015107285E+001
    673300   0.8124859928E+003   0.5013404972E+001
    673400   0.8187263854E+003   0.5006912362E+001
    673500   0.8170819708E+003   0.5364021360E+001
    673600   0.8133812832E+003   0.5368136704E+001
    673700   0.8125845366E+003   0.5013301538E+001
    673800   0.8093204940E+003   0.5372703185E+001
    673900   0.8137834045E+003   0.5723016645E+001
    674000   0.8150522002E+003   0.6076441966E+001
    674100   0.8159750195E+003   0.6075287927E+001
    674200   0.8098338283E+003   0.6083025704E+001
    674300   0.7953395624E+003   0.6457861515E+001
    674400   0.7931753142E+003   0.6104723050E+001
    674500   0.7883912984E+003   0.6111153193E+001
    674600   0.7998857414E+003   0.6806912051E+001
    674700   0.7871509191E+003   0.5755886161E+001
    674800   0.8025417799E+003   0.4667225870E+001
    674900   0.8058004611E+003   0.5376705186E+001
    675000   0.8086306407E+003   0.4661149591E+001
    675100   0.7998665663E+003   0.4312641350E+001
    675200   0.8118693530E+003   0.4301554768E+001
    675300   0.8071746436E+003   0.4662592806E+001
    675400   0.7853974271E+003   0.4684930774E+001
    675500   0.7927297664E+003   0.4319420577E+001
    675600   0.8047558880E+003   0.4308078415E+001
    675700   0.7999616881E+003   0.4669833381E+001
    675800   0.7849022259E+003   0.5043559416E+001
    675900   0.7912277030E+003   0.5393718414E+001
    676000   0.7985679341E+003   0.5385057884E+001
    676100   0.7860356627E+003   0.4684255374E+001
    676200   0.7913927359E+003   0.3962450524E+001
    676300   0.8182888124E+003   0.3939523130E+001
    676400   0.8138032364E+003   0.4299804320E+001
    676500   0.8080097769E+003   0.3233114722E+001
    676600   0.8166274305E+003   0.4297265438E+001
    676700   0.8057267468E+003   0.5020570360E+001
    676800   0.8120870661E+003   0.5013823993E+001
    676900   0.8056608364E+003   0.5376864773E+001
    677000   0.7938232431E+003   0.5390634516E+001
    677100   0.8112077446E+003   0.5370574262E+001
    677200   0.8043369165E+003   0.5378381200E+001
    677300   0.8209196005E+003   0.5359799485E+001
    677400   0.8271007950E+003   0.4998379093E+001
    677500   0.8040056438E+003   0.5022417437E+001
    677600   0.8142253358E+003   0.5367194226E+001
    677700   0.7996779325E+003   0.5027103131E+001
    677800   0.8101924655E+003   0.5015820621E+001
    677900   0.8245207420E+003   0.5355879479E+001
    678000   0.8093263513E+003   0.5016737023E+001
    678100   0.8022052983E+003   0.5736992027E+001
    678200   0.8116650243E+003   0.5725538795E+001
    678300   0.8026524012E+003   0.6447738895E+001
    678400   0.8090552126E+003   0.6439051586E+001
    678500   0.8116987608E+003   0.6435511531E+001
    678600   0.8099045491E+003   0.6437911270E+001
    678700   0.7898208084E+003   0.6821746501E+001
    678800   0.7921006675E+003   0.6818347548E+001
    678900   0.8094811596E+003   0.6438479362E+001
    679000   0.8073647268E+003   0.6796168926E+001
    679100   0.8106978627E+003   0.6436848691E+001
    679200   0.8061674355E+003   0.6442949729E+001
    679300   0.8166460795E+003   0.6783155999E+001
    679400   0.8122942099E+003   0.6434717862E+001
    679500   0.8030731294E+003   0.6802304931E+001
    679600   0.8115947277E+003   0.6790195145E+001
    679700   0.8087110132E+003   0.7148691360E+001
    679800   0.8113576961E+003   0.6790527967E+001
    679900   0.8160586515E+003   0.7137897334E+001
    680000   0.8138587376E+003   0.6432638977E+001
    680100   0.8056645597E+003   0.5732767254E+001
    680200   0.7885605792E+003   0.6110924100E+001
    680300   0.8134648644E+003   0.5723394919E+001
    680400   0.7973951248E+003   0.6099126330E+001
    680500   0.8170033317E+003   0.5719212248E+001
    680600   0.7938104665E+003   0.6103876187E+001
    680700   0.7955785620E+003   0.6457527237E+001
    680800   0.7990246512E+003   0.6808164073E+001
    680900   0.8023695816E+003   0.6092617259E+001
    681000   0.8250732727E+003   0.5355281556E+001
    681100   0.8141290167E+003   0.5367301662E+001
    681200   0.8040544841E+003   0.6445822710E+001
    681300   0.8049722896E+003   0.7154272137E+001
    681400   0.8006047645E+003   0.6805869009E+001
    681500   0.7920154684E+003   0.6818474155E+001
    681600   0.7977230387E+003   0.6098694325E+001
    681700   0.8102201887E+003   0.6082534855E+001
    681800   0.8103244594E+003   0.6082402479E+001
    681900   0.8104207669E+003   0.6437219562E+001
    682000   0.8223909298E+003   0.6067347959E+001
    682100   0.8140634426E+003   0.6077681856E+001
    682200   0.8045440504E+003   0.5734131066E+001
    682300   0.8299424855E+003   0.6058185724E+001
    682400   0.8147355606E+003   0.5721887998E+001
    682500   0.8123198973E+003   0.5724757459E+001
    682600   0.8140581022E+003   0.6077688562E+001
    682700   0.8250779094E+003   0.5709824288E+001
    682800   0.8225744178E+003   0.5712711990E+001
    682900   0.8102728992E+003   0.6082467932E+001
    683000   0.8321796551E+003   0.6055508548E+001
    683100   0.8007087698E+003   0.6805718316E+001
    683200   0.8136093591E+003   0.6432969716E+001
    683300   0.8227141292E+003   0.6421045983E+001
    683400   0.8198199181E+003   0.7132459105E+001
    683500   0.8205393928E+003   0.6777799538E+001
    683600   0.8099110431E+003   0.7146912835E+001
    683700   0.8284514040E+003   0.7120196438E+001
    683800   0.8152393591E+003   0.7846127747E+001
    683900   0.7936109094E+003   0.7881647844E+001
    684000   0.8231098806E+003   0.7833741085E+001
    684100   0.8239846328E+003   0.7832381394E+001
    684200   0.8068081830E+003   0.8213332368E+001
    684300   0.7928822215E+003   0.8237474365E+001
    684400   0.7951503161E+003   0.7879044951E+001
    684500   0.8051252482E+003   0.8569621861E+001
    684600   0.8118827100E+003   0.8557744377E+001
    684700   0.7993155604E+003   0.8226199372E+001
    684800   0.8066495412E+003   0.8566922362E+001
    684900   0.8003473203E+003   0.7870344100E+001
    685000   0.7901592782E+003   0.7887527191E+001
    685100   0.7994976520E+003   0.7517314712E+001
    685200   0.8074655106E+003   0.7858638941E+001
    685300   0.7992469460E+003   0.8226318505E+001
    685400   0.7972362162E+003   0.8229820336E+001
    685500   0.7941899135E+003   0.7525849763E+001
    685600   0.7956036386E+003   0.7878280701E+001
    685700   0.8196920396E+003   0.8191847157E+001
    685800   0.8050728221E+003   0.8216287609E+001
    685900   0.8161615123E+003   0.7844662062E+001
    686000   0.7966555406E+003   0.7876511234E+001
    686100   0.8013660182E+003   0.7868654051E+001
    686200   0.8073252430E+003   0.7858867270E+001
    686300   0.8224713942E+003   0.7481850897E+001
    686400   0.7989983264E+003   0.7163316312E+001
    686500   0.8143713372E+003   0.7494088393E+001
    686600   0.8237423643E+003   0.7832757633E+001
    686700   0.8011427953E+003   0.7869023954E+001
    686800   0.8100022759E+003   0.7854525489E+001
    686900   0.8190267850E+003   0.7840132476E+001
    687000   0.8045912329E+003   0.8217110371E+001
    687100   0.8104426485E+003   0.7853814470E+001
    687200   0.8182232867E+003   0.7488233697E+001
    687300   0.8018564168E+003   0.7867842255E+001
    687400   0.7980047766E+003   0.7874249592E+001
    687500   0.7966007399E+003   0.7876603283E+001
    687600   0.8128423196E+003   0.7496430340E+001
    687700   0.8177517772E+003   0.6073074551E+001
    687800   0.8060533733E+003   0.6443104370E+001
    687900   0.8145445327E+003   0.6431730658E+001
    688000   0.8196095021E+003   0.5716158567E+001
    688100   0.8183366224E+003   0.5717647178E+001
    688200   0.7908419869E+003   0.6464196277E+001
    688300   0.8000631668E+003   0.5739629668E+001
    688400   0.8114573885E+003   0.5725786835E+001
    688500   0.8036367604E+003   0.5379185531E+001
    688600   0.8251801522E+003   0.5709706788E+001
    688700   0.7933164704E+003   0.6816544318E+001
    688800   0.7834764822E+003   0.6474755101E+001
    688900   0.7768890224E+003   0.6841470153E+001
    689000   0.7916195269E+003   0.6106804157E+001
    689100   0.8097650959E+003   0.5727813986E+001
    689200   0.8046277915E+003   0.5378047529E+001
    689300   0.8090508055E+003   0.6084022171E+001
    689400   0.8124835609E+003   0.5724562420E+001
    689500   0.7981976693E+003   0.5741940209E+001
    689600   0.8105340371E+003   0.5371332910E+001
    689700   0.8153143807E+003   0.5721203393E+001
    689800   0.8104046996E+003   0.5015596414E+001
    689900   0.8116518822E+003   0.5014281647E+001
    690000   0.8030657556E+003   0.5023430038E+001
    690100   0.7980299487E+003   0.5028903117E+001
    690200   0.8061679179E+003   0.4663594267E+001
    690300   0.7944861986E+003   0.5032803435E+001
    690400   0.7876267783E+003   0.5040470354E+001
    690500   0.7985799100E+003   0.5028301460E+001
    690600   0.8000281639E+003   0.5026721717E+001
    690700   0.7854273273E+003   0.5042962100E+001
    690800   0.8037638099E+003   0.5379039456E+001
    690900   0.8001870153E+003   0.5026548852E+001
    691000   0.8099965778E+003   0.4659801171E+001
    691100   0.7948259001E+003   0.5032427783E+001
    691200   0.7987611199E+003   0.4313682097E+001
    691300   0.8064029319E+003   0.4306555930E+001
    691400   0.8014184526E+003   0.4668358713E+001
    691500   0.8105384179E+003   0.4302765145E+001
    691600   0.8073290514E+003   0.3948649394E+001
    691700   0.8147834560E+003   0.3228449040E+001
    691800   0.8035656999E+003   0.3951850565E+001
    691900   0.8088130654E+003   0.3232556627E+001
    692000   0.8006991439E+003   0.2879742404E+001
    692100   0.8176748165E+003   0.2153822982E+001
    692200   0.8017717299E+003   0.2161237922E+001
    692300   0.7860298265E+003   0.2529251357E+001
    692400   0.8052458131E+003   0.3235045013E+001
    692500   0.7932890453E+003   0.3243577837E+001
    692600   0.7947582616E+003   0.3242513058E+001
    692700   0.8024714952E+003   0.2160904376E+001
    692800   0.8214005330E+003   0.1794228913E+001
    692900   0.8129542727E+003   0.1438597356E+001
    693000   0.7874127944E+003   0.2168236717E+001
    693100   0.8122529012E+003   0.1797722649E+001
    693200   0.8115940618E+003   0.1797977851E+001
    693300   0.8083396529E+003   0.1440037561E+001
    693400   0.8194613551E+003   0.2153011078E+001
    693500   0.7954851542E+003   0.1804372737E+001
    693600   0.8161517573E+003   0.2154518439E+001
    693700   0.8159530962E+003   0.2154609376E+001
    693800   0.8030223274E+003   0.1801343045E+001
    693900   0.8210215472E+003   0.1436125217E+001
    694000   0.8092232935E+003   0.1439760285E+001
    694100   0.8103197813E+003   0.1798472828E+001
    694200   0.8120576907E+003   0.1797798213E+001
    694300   0.8113545263E+003   0.1798070756E+001
    694400   0.7969576645E+003   0.2163551269E+001
    694500   0.8172113845E+003   0.2511936476E+001
    694600   0.8073470546E+003   0.2158599290E+001
    694700   0.7999297972E+003   0.2880230582E+001
    694800   0.7922164352E+003   0.3244358123E+001
    694900   0.7976705306E+003   0.3240416100E+001
    695000   0.7904483176E+003   0.3245649814E+001
    695100   0.7776051124E+003   0.2894893835E+001
    695200   0.7937050868E+003   0.2884221382E+001
    695300   0.7969206107E+003   0.3240954350E+001
    695400   0.7978075556E+003   0.3240317880E+001
    695500   0.7883148218E+003   0.3606368881E+001
    695600   0.7961563626E+003   0.4316147835E+001
    695700   0.7931046528E+003   0.3960936688E+001
    695800   0.8030348739E+003   0.3594612812E+001
    695900   0.7976338976E+003   0.2881694000E+001
    696000   0.7965479232E+003   0.3241222288E+001
    696100   0.7982990383E+003   0.2881269017E+001
    696200   0.7896836290E+003   0.3246210565E+001
    696300   0.8157963288E+003   0.2870381147E+001
    696400   0.7918438728E+003   0.2525900911E+001
    696500   0.7915711697E+003   0.2885606511E+001
    696600   0.8049324737E+003   0.2518566614E+001
    696700   0.8248267959E+003   0.2507940557E+001
    696800   0.8045402582E+003   0.2877321497E+001
    696900   0.8159379804E+003   0.2154616298E+001
    697000   0.8023171216E+003   0.2160977900E+001
    697100   0.8121831691E+003   0.2156344960E+001
    697200   0.8050045012E+003   0.2159702713E+001
    697300   0.7923050480E+003   0.2525637632E+001
    697400   0.7956116789E+003   0.2523760452E+001
    697500   0.8094837641E+003   0.1439678688E+001
    697600   0.8001481434E+003   0.1802490440E+001
    697700   0.8154702974E+003   0.1796483344E+001
    697800   0.7917483875E+003   0.2166091914E+001
    697900   0.8061470608E+003   0.2159163586E+001
    698000   0.7899326487E+003   0.3246027817E+001
    698100   0.8022202038E+003   0.2520063330E+001
    698200   0.8004875668E+003   0.2879876547E+001
    698300   0.7965394864E+003   0.2882395080E+001
    698400   0.8095400475E+003   0.2516051012E+001
    698500   0.8074085958E+003   0.2517210530E+001
    698600   0.7875074530E+003   0.2528394315E+001
    698700   0.8074352248E+003   0.2158557906E+001
    698800   0.8021137572E+003   0.1801704706E+001
    698900   0.8118092701E+003   0.1797894436E+001
    699000   0.8104124631E+003   0.2157166698E+001
    699100   0.7989550599E+003   0.2880850676E+001
    699200   0.7991646219E+003   0.2880717209E+001
    699300   0.8065505738E+003   0.3234131861E+001
    699400   0.8149333718E+003   0.3228346807E+001
    699500   0.7971854824E+003   0.3599223253E+001
    699600   0.8133832500E+003   0.3943572406E+001
    699700   0.8195405146E+003   0.3582018568E+001
    699800   0.8073731276E+003   0.4305662514E+001
    699900   0.8031874071E+003   0.4666576455E+001
    700000   0.7901593348E+003   0.5037621437E+001
    700100   0.8081374587E+003   0.5017998690E+001
    700200   0.7923229789E+003   0.4677670332E+001
    700300   0.7897611969E+003   0.5038067886E+001
    700400   0.7943245437E+003   0.5390041620E+001
    700500   0.8008195920E+003   0.5382438526E+001
    700600   0.7943950313E+003   0.5746689466E+001
    700700   0.8086055913E+003   0.5017501383E+001
    700800   0.8037639044E+003   0.5379039348E+001
    700900   0.7957306685E+003   0.6457314616E+001
    701000   0.8035351313E+003   0.6091105782E+001
    701100   0.7978444873E+003   0.6098534430E+001
    701200   0.7918305248E+003   0.6462796698E+001
    701300   0.7893880529E+003   0.5753024863E+001
    701400   0.7818959781E+003   0.5762683032E+001
    701500   0.8097151807E+003   0.5372256996E+001
    701600   0.8000687758E+003   0.5739622740E+001
    701700   0.8204510335E+003   0.6423980943E+001
    701800   0.8054217753E+003   0.6443961590E+001
    701900   0.8101662860E+003   0.6082603302E+001
    702000   0.8155856269E+003   0.7138585398E+001
    702100   0.8051374973E+003   0.6089036206E+001
    702200   0.7954829000E+003   0.6457661007E+001
    702300   0.7939747636E+003   0.6459774917E+001
    702400   0.8049046977E+003   0.6799676847E+001
    702500   0.8074341102E+003   0.6441235861E+001
    702600   0.7953997077E+003   0.6813469561E+001
    702700   0.8138963980E+003   0.6786975080E+001
    702800   0.8189221940E+003   0.6780017287E+001
    702900   0.8231993136E+003   0.6420419206E+001
    703000   0.8111327366E+003   0.6436267243E+001
    703100   0.8129834252E+003   0.6433800907E+001
    703200   0.8152137703E+003   0.6785141607E+001
    703300   0.8082263727E+003   0.6085073777E+001
    703400   0.7960564467E+003   0.6456859548E+001
    703500   0.8236776052E+003   0.5711436973E+001
    703600   0.8203302782E+003   0.5715318022E+001
    703700   0.8027308007E+003   0.6092148283E+001
    703800   0.8136917421E+003   0.6078148875E+001
    703900   0.8091803002E+003   0.6083857222E+001
    704000   0.7890588343E+003   0.6822887637E+001
    704100   0.7896856572E+003   0.6109404432E+001
    704200   0.7887834134E+003   0.6467124037E+001
    704300   0.7906053842E+003   0.6464531869E+001
    704400   0.7921385542E+003   0.6106108811E+001
    704500   0.7794851911E+003   0.6123371241E+001
    704600   0.7854737008E+003   0.5758043898E+001
    704700   0.7975652677E+003   0.5029412236E+001
    704800   0.8069805652E+003   0.4306023706E+001
    704900   0.7979154521E+003   0.3956723407E+001
    705000   0.7848199763E+003   0.4685542964E+001
    705100   0.7943654114E+003   0.4675557545E+001
    705200   0.8084840029E+003   0.4661294666E+001
    705300   0.8032226348E+003   0.4666541056E+001
    705400   0.8153318590E+003   0.4298427569E+001
    705500   0.8052652811E+003   0.5021064694E+001
    705600   0.8109640349E+003   0.5370848528E+001
    705700   0.7934843578E+003   0.5033913501E+001
    705800   0.8070245681E+003   0.4662741911E+001
    705900   0.8052540808E+003   0.4664505867E+001
    706000   0.8185548672E+003   0.4295544484E+001
    706100   0.8192973232E+003   0.4294884092E+001
    706200   0.8129206262E+003   0.4300602002E+001
    706300   0.8105234025E+003   0.5015471075E+001
    706400   0.8158407764E+003   0.5365396765E+001
    706500   0.8125350813E+003   0.5369083881E+001
    706600   0.7881626876E+003   0.5039865704E+001
    706700   0.7977742453E+003   0.5029183187E+001
    706800   0.8031878990E+003   0.5023298288E+001
    706900   0.8051843804E+003   0.3950469384E+001
    707000   0.7867217114E+003   0.3966620565E+001
    707100   0.8093067904E+003   0.3946981088E+001
    707200   0.8114306627E+003   0.3945200126E+001
    707300   0.8118042293E+003   0.3944888002E+001
    707400   0.8094068640E+003   0.3589679414E+001
    707500   0.7966776042E+003   0.3599627315E+001
    707600   0.7880126442E+003   0.4682171447E+001
    707700   0.7859347495E+003   0.5400081505E+001
    707800   0.7961843706E+003   0.5387849634E+001
    707900   0.7954259536E+003   0.5388742049E+001
    708000   0.8030161219E+003   0.5379899887E+001
    708100   0.8035574275E+003   0.5735335608E+001
    708200   0.7984510219E+003   0.5741625672E+001
    708300   0.8125409147E+003   0.5724494093E+001
    708400   0.8013041657E+003   0.5738099592E+001
    708500   0.8082613951E+003   0.6085029053E+001
    708600   0.7925378838E+003   0.5749028374E+001
    708700   0.7976078416E+003   0.6098846042E+001
    708800   0.7994323654E+003   0.6096449126E+001
    708900   0.8010421253E+003   0.5738422209E+001
    709000   0.8025168808E+003   0.6447924522E+001
    709100   0.8041688565E+003   0.6090286124E+001
    709200   0.7977703488E+003   0.6098632031E+001
    709300   0.8038900859E+003   0.5734929087E+001
    709400   0.7918413862E+003   0.6106506799E+001
    709500   0.8129977707E+003   0.5723950231E+001
    709600   0.7972626667E+003   0.5029744149E+001
    709700   0.8016676182E+003   0.4310952927E+001
    709800   0.8063841413E+003   0.4306573258E+001
    709900   0.8135136185E+003   0.4300065846E+001
    710000   0.8162218531E+003   0.4297628778E+001
    710100   0.8149605288E+003   0.4298761451E+001
    710200   0.8158757155E+003   0.4297939202E+001
    710300   0.8094461690E+003   0.4303761942E+001
    710400   0.8257909729E+003   0.4289167304E+001
    710500   0.8086490140E+003   0.4661131418E+001
    710600   0.8158765610E+003   0.5009862960E+001
    710700   0.8147088789E+003   0.5011078905E+001
    710800   0.8128225373E+003   0.4657028292E+001
    710900   0.8059008144E+003   0.5020384066E+001
    711000   0.8085999603E+003   0.4661179939E+001
    711100   0.8099458578E+003   0.4659851145E+001
    711200   0.8209131778E+003   0.5004664468E+001
    711300   0.8185977967E+003   0.5362348236E+001
    711400   0.8113453356E+003   0.4658474925E+001
    711500   0.8255992344E+003   0.4644768189E+001
    711600   0.8216729899E+003   0.4648488270E+001
    711700   0.8115864420E+003   0.4658238387E+001
    711800   0.8149538823E+003   0.5010823437E+001
    711900   0.8015633076E+003   0.4311050471E+001
    712000   0.8251551589E+003   0.4645186873E+001
    712100   0.7946715440E+003   0.4675241967E+001
    712200   0.8086262758E+003   0.4661153909E+001
    712300   0.7851878112E+003   0.4685152878E+001
    712400   0.8080206906E+003   0.3948064879E+001
    712500   0.7842664711E+003   0.4327648280E+001
    712600   0.8058868486E+003   0.3592393401E+001
    712700   0.8013128392E+003   0.3953783785E+001
    712800   0.8058087177E+003   0.4307104364E+001
    712900   0.7971632172E+003   0.4315192473E+001
    713000   0.8122048319E+003   0.4301250411E+001
    713100   0.7951638372E+003   0.4674735083E+001
    713200   0.8115799942E+003   0.4301817521E+001
    713300   0.8217805981E+003   0.3936675292E+001
    713400   0.8137697053E+003   0.3943251333E+001
    713500   0.8156933600E+003   0.4298102867E+001
    713600   0.8154152816E+003   0.4298352609E+001
    713700   0.8016892881E+003   0.4668085243E+001
    713800   0.8190706957E+003   0.4295085522E+001
    713900   0.8155191060E+003   0.4298259341E+001
    714000   0.7995794883E+003   0.3597326733E+001
    714100   0.8097243708E+003   0.3946630063E+001
    714200   0.7953030396E+003   0.3959003911E+001
    714300   0.7920699194E+003   0.3961850774E+001
    714400   0.8180601519E+003   0.3939710614E+001
    714500   0.8060322554E+003   0.3949748511E+001
    714600   0.8012587630E+003   0.4311335432E+001
    714700   0.8045018036E+003   0.4308313935E+001
    714800   0.8002931584E+003   0.4312240629E+001
    714900   0.7984685804E+003   0.4313958082E+001
    715000   0.7980795403E+003   0.5385628321E+001
    715100   0.7876988322E+003   0.5040389001E+001
    715200   0.7880043700E+003   0.6111677268E+001
    715300   0.7921870263E+003   0.5392575826E+001
    715400   0.7869564630E+003   0.5041228014E+001
    715500   0.8015874441E+003   0.5381549227E+001
    715600   0.7877690538E+003   0.5397864954E+001
    715700   0.8047120051E+003   0.5377950978E+001
    715800   0.7899776731E+003   0.5395212138E+001
    715900   0.7951578515E+003   0.5745732477E+001
    716000   0.7963495155E+003   0.5387655575E+001
    716100   0.8000571366E+003   0.5383323556E+001
    716200   0.8150382006E+003   0.5721529906E+001
    716300   0.7990576317E+003   0.5740873518E+001
    716400   0.8082929476E+003   0.6084988764E+001
    716500   0.8057837274E+003   0.5732622472E+001
    716600   0.8006990118E+003   0.5738845015E+001
    716700   0.7967019548E+003   0.6455959149E+001
    716800   0.8054890463E+003   0.6088583444E+001
    716900   0.8009422779E+003   0.6094475195E+001
    717000   0.7932159073E+003   0.6104668879E+001
    717100   0.8109692743E+003   0.6081584742E+001
    717200   0.8068411311E+003   0.6086846384E+001
    717300   0.7954575957E+003   0.6101687421E+001
    717400   0.8110271151E+003   0.6081511464E+001
    717500   0.8064308036E+003   0.6442592862E+001
    717600   0.8088218728E+003   0.6439365358E+001
    717700   0.8133366579E+003   0.5723547265E+001
    717800   0.8131182140E+003   0.5368430918E+001
    717900   0.8115392774E+003   0.5014400159E+001
    718000   0.8096622743E+003   0.5372316776E+001
    718100   0.8142486044E+003   0.5011559325E+001
    718200   0.8033392214E+003   0.5735602479E+001
    718300   0.7991417613E+003   0.5384388705E+001
    718400   0.8105261335E+003   0.5371341818E+001
    718500   0.7941508631E+003   0.5033174629E+001
    718600   0.8034746409E+003   0.4666287930E+001
    718700   0.7934492684E+003   0.3960632876E+001
    718800   0.8156070306E+003   0.3584965726E+001
    718900   0.8140364452E+003   0.3586151809E+001
    719000   0.8046162837E+003   0.3593379875E+001
    719100   0.8196568770E+003   0.2868052210E+001
    719200   0.8062052749E+003   0.2876280520E+001
    719300   0.8026990218E+003   0.3236837466E+001
    719400   0.8171176121E+003   0.2869581159E+001
    719500   0.8051838378E+003   0.2518428504E+001
    719600   0.8013086132E+003   0.2520569051E+001
    719700   0.8069077003E+003   0.2517484063E+001
    719800   0.8072225455E+003   0.2517312083E+001
    719900   0.7911350997E+003   0.2166393621E+001
    720000   0.8057814356E+003   0.2518100564E+001
    720100   0.8056427673E+003   0.3234766833E+001
    720200   0.7996271389E+003   0.2880422932E+001
    720300   0.7938266946E+003   0.2884142711E+001
    720400   0.7993990810E+003   0.2521632798E+001
    720500   0.8177305600E+003   0.2511661285E+001
    720600   0.7917744136E+003   0.2166079123E+001
    720700   0.7859336961E+003   0.2529307246E+001
    720800   0.8096457775E+003   0.2515993681E+001
    720900   0.8003758528E+003   0.2879947409E+001
    721000   0.8118603709E+003   0.2156494448E+001
    721100   0.7988113086E+003   0.2162656632E+001
    721200   0.8046268988E+003   0.2159881284E+001
    721300   0.8040198072E+003   0.2160168796E+001
    721400   0.7819803047E+003   0.2891942214E+001
    721500   0.7928336234E+003   0.2884785989E+001
    721600   0.7992632227E+003   0.2880654441E+001
    721700   0.8078462085E+003   0.3233228523E+001
    721800   0.8048462396E+003   0.3235325355E+001
    721900   0.8119349633E+003   0.3230399945E+001
    722000   0.7984708275E+003   0.3239843004E+001
    722100   0.8068169428E+003   0.3591673582E+001
    722200   0.8106268509E+003   0.3588745235E+001
    722300   0.7938148523E+003   0.3601916272E+001
    722400   0.7840377451E+003   0.3250390682E+001
    722500   0.7971935197E+003   0.3240758334E+001
    722600   0.8074829728E+003   0.2875485116E+001
    722700   0.8088758537E+003   0.2516411566E+001
    722800   0.8043141880E+003   0.2160029316E+001
    722900   0.8051078947E+003   0.2518470219E+001
    723000   0.7987479429E+003   0.2880982666E+001
    723100   0.8009227394E+003   0.2879600732E+001
    723200   0.8159099165E+003   0.2512628129E+001
    723300   0.8169368382E+003   0.2869690432E+001
    723400   0.8096412242E+003   0.2874148237E+001
    723500   0.8057915721E+003   0.2159331134E+001
    723600   0.8220196141E+003   0.2509403434E+001
    723700   0.8139383180E+003   0.2513680860E+001
    723800   0.8173873348E+003   0.2511843167E+001
    723900   0.8300023758E+003   0.2861935990E+001
    724000   0.8029750190E+003   0.2878304720E+001
    724100   0.8010274785E+003   0.2520725288E+001
    724200   0.7888006875E+003   0.3246859627E+001
    724300   0.7919571898E+003   0.2885355293E+001
    724400   0.7904794111E+003   0.3604607805E+001
    724500   0.7970744425E+003   0.3240843841E+001
    724600   0.7989493508E+003   0.3597824629E+001
    724700   0.8134239146E+003   0.2871825208E+001
    724800   0.8000560920E+003   0.2880150367E+001
    724900   0.7941541777E+003   0.3601643945E+001
    725000   0.8149759574E+003   0.3228317774E+001
    725100   0.8065710133E+003   0.3591863722E+001
    725200   0.8025435549E+003   0.3236947318E+001
    725300   0.8140237257E+003   0.3586161437E+001
    725400   0.8015781020E+003   0.3237630621E+001
    725500   0.8083320004E+003   0.3232890696E+001
    725600   0.8232664967E+003   0.2865897778E+001
    725700   0.8086448550E+003   0.2874764374E+001
    725800   0.8061217727E+003   0.3234431580E+001
    725900   0.8228618830E+003   0.2866138174E+001
    726000   0.8165624960E+003   0.3584246787E+001
    726100   0.8129006075E+003   0.3229736789E+001
    726200   0.8030491355E+003   0.2878258061E+001
    726300   0.8020340905E+003   0.3595396019E+001
    726400   0.7984917145E+003   0.3598186804E+001
    726500   0.8033722010E+003   0.3952016110E+001
    726600   0.8015004616E+003   0.4311109255E+001
    726700   0.7933059633E+003   0.3960759175E+001
    726800   0.7964995825E+003   0.3957957206E+001
    726900   0.8118509902E+003   0.3230457701E+001
    727000   0.8092837262E+003   0.3589773888E+001
    727100   0.8041892560E+003   0.3235787008E+001
    727200   0.7962367133E+003   0.2882589437E+001
    727300   0.8046985746E+003   0.2518695219E+001
    727400   0.8190767368E+003   0.2510949644E+001
    727500   0.8021822520E+003   0.2520084357E+001
    727600   0.7916988716E+003   0.2166116253E+001
    727700   0.7916222928E+003   0.2526027536E+001
    727800   0.8003159298E+003   0.2161934034E+001
    727900   0.8090372807E+003   0.2157807800E+001
    728000   0.7972137088E+003   0.2163427400E+001
    728100   0.8023152977E+003   0.2878720483E+001
    728200   0.8098232302E+003   0.2874035879E+001
    728300   0.8116949424E+003   0.2872883853E+001
    728400   0.8275567361E+003   0.3576113767E+001
    728500   0.7992103276E+003   0.3597618309E+001
    728600   0.7889583049E+003   0.3605844164E+001
    728700   0.8149609951E+003   0.3585452954E+001
    728800   0.8094347306E+003   0.3589658039E+001
    728900   0.8085750539E+003   0.2874807604E+001
    729000   0.7953432549E+003   0.3242090387E+001
    729100   0.8021623934E+003   0.2520095361E+001
    729200   0.8059375431E+003   0.2876447566E+001
    729300   0.8131964516E+003   0.2871964182E+001
    729400   0.8092372780E+003   0.2874397815E+001
    729500   0.7781642325E+003   0.3614781614E+001
    729600   0.7833931124E+003   0.3610415837E+001
    729700   0.8085964263E+003   0.3590301818E+001
    729800   0.7929829064E+003   0.3961044093E+001
    729900   0.8129364899E+003   0.3229712182E+001
    730000   0.7997729972E+003   0.3238913397E+001
    730100   0.8089528573E+003   0.3947278943E+001
    730200   0.7936935273E+003   0.3960417726E+001
    730300   0.7782204272E+003   0.4333655338E+001
    730400   0.8079242109E+003   0.3590819180E+001
    730500   0.7996067766E+003   0.3955256303E+001
    730600   0.8020988404E+003   0.3595345277E+001
    730700   0.8033338187E+003   0.3594379305E+001
    730800   0.7918185785E+003   0.3244648183E+001
    730900   0.7984767632E+003   0.2881155603E+001
    731000   0.7971771314E+003   0.2881986329E+001
    731100   0.7818968767E+003   0.2891998132E+001
    731200   0.7902859894E+003   0.2886444979E+001
    731300   0.8039961697E+003   0.3235922855E+001
    731400   0.7972581139E+003   0.2881934472E+001
    731500   0.7995328285E+003   0.3239084583E+001
    731600   0.8208983963E+003   0.2867308695E+001
    731700   0.7926204513E+003   0.3244063924E+001
    731800   0.8004376255E+003   0.3596650166E+001
    731900   0.8082854390E+003   0.3232923055E+001
    732000   0.8136244333E+003   0.3943371985E+001
    732100   0.8118413592E+003   0.4657988479E+001
    732200   0.8210478677E+003   0.3937270545E+001
    732300   0.8045661438E+003   0.3950996141E+001
    732400   0.8095666916E+003   0.3946762561E+001
    732500   0.8067719552E+003   0.4306215813E+001
    732600   0.8116231605E+003   0.4301778310E+001
    732700   0.8110320020E+003   0.4302315728E+001
    732800   0.8105266453E+003   0.4659279334E+001
    732900   0.7852775066E+003   0.4326654399E+001
    733000   0.8007261353E+003   0.4669058754E+001
    733100   0.7987205426E+003   0.3956024138E+001
    733200   0.7851508071E+003   0.4326778783E+001
    733300   0.7976920587E+003   0.5029273250E+001
    733400   0.7941879857E+003   0.5033133519E+001
    733500   0.7986591628E+003   0.4671157262E+001
    733600   0.8170813777E+003   0.4296859266E+001
    733700   0.8019546356E+003   0.4667817524E+001
    733800   0.8141602407E+003   0.3942927233E+001
    733900   0.8038732588E+003   0.4308897307E+001
    734000   0.8131263889E+003   0.5012733324E+001
    734100   0.8219223705E+003   0.4648250749E+001
    734200   0.8107098173E+003   0.4302609010E+001
    734300   0.8028182325E+003   0.4666947645E+001
    734400   0.8136558744E+003   0.3943345868E+001
    734500   0.8100160389E+003   0.3589212538E+001
    734600   0.8058854768E+003   0.3949873176E+001
    734700   0.8019994648E+003   0.4667772314E+001
    734800   0.8082303088E+003   0.4661545801E+001
    734900   0.7978603700E+003   0.4314532633E+001
    735000   0.7985906937E+003   0.4671226994E+001
    735100   0.7995083291E+003   0.4670293598E+001
    735200   0.8133125455E+003   0.3943631187E+001
    735300   0.8277750275E+003   0.3219750276E+001
    735400   0.8260890126E+003   0.3220861114E+001
    735500   0.8296446929E+003   0.3218524609E+001
    735600   0.8122307603E+003   0.3587522080E+001
    735700   0.8226832126E+003   0.3223121292E+001
    735800   0.8055191428E+003   0.3592678514E+001
    735900   0.8125444326E+003   0.2872363052E+001
    736000   0.8183522585E+003   0.2868836362E+001
    736100   0.8144665452E+003   0.3585826471E+001
    736200   0.8143796996E+003   0.3228724596E+001
    736300   0.8112224552E+003   0.3230890448E+001
    736400   0.7969066661E+003   0.3599445001E+001
    736500   0.8080765862E+003   0.3233068255E+001
    736600   0.8097879867E+003   0.3231881032E+001
    736700   0.8057184026E+003   0.3234713865E+001
    736800   0.8013471208E+003   0.2879332095E+001
    736900   0.8060243554E+003   0.2517967422E+001
    737000   0.8003026531E+003   0.2879993854E+001
    737100   0.8076776031E+003   0.2875364213E+001
    737200   0.8106134483E+003   0.3231310500E+001
    737300   0.8247574661E+003   0.3578160478E+001
    737400   0.8080515920E+003   0.3948038791E+001
    737500   0.7946117642E+003   0.2883635509E+001
    737600   0.8045715619E+003   0.2877301879E+001
    737700   0.8099934961E+003   0.3231738863E+001
    737800   0.7920588129E+003   0.3244472998E+001
    737900   0.7998201615E+003   0.2880300239E+001
    738000   0.7946789530E+003   0.3242570416E+001
    738100   0.7997188408E+003   0.3238951988E+001
    738200   0.7870280351E+003   0.3248167912E+001
    738300   0.7940810883E+003   0.3601702580E+001
    738400   0.7789104029E+003   0.2894009149E+001
    738500   0.8061282630E+003   0.2876328557E+001
    738600   0.7904725548E+003   0.3245632061E+001
    738700   0.8023853355E+003   0.2878676306E+001
    738800   0.8053214479E+003   0.2876832463E+001
    738900   0.8039017878E+003   0.2877722016E+001
    739000   0.8084971245E+003   0.2874855879E+001
    739100   0.8110955217E+003   0.2515209345E+001
    739200   0.8119503044E+003   0.2872727163E+001
    739300   0.8085445066E+003   0.2874826526E+001
    739400   0.8080212834E+003   0.2875150887E+001
    739500   0.8111185724E+003   0.3230962047E+001
    739600   0.7954829144E+003   0.3958846325E+001
    739700   0.7986872913E+003   0.2881021332E+001
    739800   0.7979277152E+003   0.2881506167E+001
    739900   0.8130627170E+003   0.2872045932E+001
    740000   0.8030629622E+003   0.2878249358E+001
    740100   0.7944257390E+003   0.2883755586E+001
    740200   0.8057419684E+003   0.2876569674E+001
    740300   0.7986196931E+003   0.2881064436E+001
    740400   0.8064277775E+003   0.3591974528E+001
    740500   0.8110815285E+003   0.2873260718E+001
    740600   0.8015346091E+003   0.3237661449E+001
    740700   0.7931412238E+003   0.3243685224E+001
    740800   0.7973395718E+003   0.3240653497E+001
    740900   0.7954424814E+003   0.3600612499E+001
    741000   0.7893037664E+003   0.3964308260E+001
    741100   0.8071598083E+003   0.3233706669E+001
    741200   0.8065213955E+003   0.3234152244E+001
    741300   0.8256000216E+003   0.3221184281E+001
    741400   0.8159964793E+003   0.3227623098E+001
    741500   0.7989968805E+003   0.3239467031E+001
    741600   0.8060804156E+003   0.3234460507E+001
    741700   0.8146918925E+003   0.3228511502E+001
    741800   0.8233881768E+003   0.3579167574E+001
    741900   0.8195144940E+003   0.3582037955E+001
    742000   0.8108842411E+003   0.3231123634E+001
    742100   0.8060397467E+003   0.3234488956E+001
    742200   0.8191249591E+003   0.3225506152E+001
    742300   0.8273572050E+003   0.3220025067E+001
    742400   0.8197635173E+003   0.3225076384E+001
    742500   0.8136615306E+003   0.3586435732E+001
    742600   0.8232125041E+003   0.3935515621E+001
    742700   0.8108847253E+003   0.3945656875E+001
    742800   0.8080349896E+003   0.3948052807E+001
    742900   0.8086640653E+003   0.3947522204E+001
    743000   0.8152294833E+003   0.3942041744E+001
    743100   0.8275458161E+003   0.3932034719E+001
    743200   0.8011269660E+003   0.4668653278E+001
    743300   0.8231793753E+003   0.4647056083E+001
    743400   0.8197476838E+003   0.4294484192E+001
    743500   0.8104743093E+003   0.4659330822E+001
    743600   0.8070712134E+003   0.4305940265E+001
    743700   0.8032688544E+003   0.4666494617E+001
    743800   0.8214378553E+003   0.4648712377E+001
    743900   0.8234240075E+003   0.4646824078E+001
    744000   0.8215055559E+003   0.4292928184E+001
    744100   0.8120926819E+003   0.4657742274E+001
    744200   0.8030339377E+003   0.5023464366E+001
    744300   0.8007345118E+003   0.5738801250E+001
    744400   0.8072055734E+003   0.5375102783E+001
    744500   0.8119398924E+003   0.5369751475E+001
    744600   0.8021388501E+003   0.5380911839E+001
    744700   0.8029158756E+003   0.5380015392E+001
    744800   0.7933669281E+003   0.5391174971E+001
    744900   0.8108451274E+003   0.4302485805E+001
    745000   0.7948571510E+003   0.4317384808E+001
    745100   0.8158463150E+003   0.4297965584E+001
    745200   0.8076217307E+003   0.3948401903E+001
    745300   0.8073837484E+003   0.3948603126E+001
    745400   0.7917647963E+003   0.3962120858E+001
    745500   0.8188569803E+003   0.3939057807E+001
    745600   0.8168319420E+003   0.3940719754E+001
    745700   0.8012083608E+003   0.3953873749E+001
    745800   0.7958518088E+003   0.4316437373E+001
    745900   0.8078754040E+003   0.4661897437E+001
    746000   0.7908277786E+003   0.4679225174E+001
    746100   0.7925218443E+003   0.4319620234E+001
    746200   0.7890230915E+003   0.4322998497E+001
    746300   0.8115306363E+003   0.3945116562E+001
    746400   0.7983756733E+003   0.4314045781E+001
    746500   0.8109156637E+003   0.4302421598E+001
    746600   0.8163152576E+003   0.3584432632E+001
    746700   0.7958477836E+003   0.3600288817E+001
    746800   0.8125421047E+003   0.3587285303E+001
    746900   0.8060330578E+003   0.3592280117E+001
    747000   0.7948389437E+003   0.3959410887E+001
    747100   0.8147911096E+003   0.3585581229E+001
    747200   0.7906631813E+003   0.3963098009E+001
    747300   0.7926973070E+003   0.3602815105E+001
    747400   0.8080540061E+003   0.3233083959E+001
    747500   0.8020226492E+003   0.3595404986E+001
    747600   0.7973666446E+003   0.3599079268E+001
    747700   0.7942651271E+003   0.3959914854E+001
    747800   0.8125478669E+003   0.4300939502E+001
    747900   0.8045770903E+003   0.4308244131E+001
    748000   0.8153695413E+003   0.3941925956E+001
    748100   0.8103838931E+003   0.3946076522E+001
    748200   0.7994620679E+003   0.3955381543E+001
    748300   0.7967775343E+003   0.3957714591E+001
    748400   0.8038018706E+003   0.4308963632E+001
    748500   0.8112500574E+003   0.4302117388E+001
    748600   0.8089359322E+003   0.3947293194E+001
    748700   0.7926767344E+003   0.4319471489E+001
    748800   0.8017231050E+003   0.4310901051E+001
    748900   0.8217366409E+003   0.3580387483E+001
    749000   0.8137814359E+003   0.3229133488E+001
    749100   0.7932223901E+003   0.3602392413E+001
    749200   0.7870436395E+003   0.3966331294E+001
    749300   0.7798758701E+003   0.2893357036E+001
    749400   0.7904648323E+003   0.3245637718E+001
    749500   0.7921393777E+003   0.3244414276E+001
    749600   0.7850395275E+003   0.3968136655E+001
    749700   0.7923226228E+003   0.2525627606E+001
    749800   0.7963398417E+003   0.2523349540E+001
    749900   0.7860533434E+003   0.2529237688E+001
    750000   0.8054075059E+003   0.2518305696E+001
    750100   0.8001209705E+003   0.2521229951E+001
    750200   0.7994734159E+003   0.2162338259E+001
    750300   0.7875250656E+003   0.2528384122E+001
    750400   0.7948194839E+003   0.2883501507E+001
    750500   0.8031072918E+003   0.2878221457E+001
    750600   0.7838041235E+003   0.3250565182E+001
    750700   0.7907829188E+003   0.2526507970E+001
    750800   0.7931808477E+003   0.2884560853E+001
    750900   0.8008110477E+003   0.2879671489E+001
    751000   0.8066166642E+003   0.2517643178E+001
    751100   0.7968012339E+003   0.2523089628E+001
    751200   0.8103975962E+003   0.2157173615E+001
    751300   0.8089818808E+003   0.2157833680E+001
    751400   0.8201101959E+003   0.2152717235E+001
    751500   0.8045870867E+003   0.1441223061E+001
    751600   0.8106427008E+003   0.1798347221E+001
    751700   0.8112121050E+003   0.2156795083E+001
    751800   0.8135395055E+003   0.2155718360E+001
    751900   0.8097009754E+003   0.1798713855E+001
    752000   0.8173780487E+003   0.2869423832E+001
    752100   0.7993248365E+003   0.2880615227E+001
    752200   0.8056784155E+003   0.2518157057E+001
    752300   0.8045587230E+003   0.2518772157E+001
    752400   0.8106788154E+003   0.2515434453E+001
    752500   0.7982962923E+003   0.3239967874E+001
    752600   0.8037461326E+003   0.3594057578E+001
    752700   0.7958740042E+003   0.3958503984E+001
    752800   0.8077292795E+003   0.3948311012E+001
    752900   0.7972730127E+003   0.3599153676E+001
    753000   0.8124026118E+003   0.3587391361E+001
    753100   0.8062543659E+003   0.3234338861E+001
    753200   0.8113152758E+003   0.3230826491E+001
    753300   0.7963704129E+003   0.3241350010E+001
    753400   0.8103399862E+003   0.2873717195E+001
    753500   0.8098333500E+003   0.2874029634E+001
    753600   0.8007311795E+003   0.3238231630E+001
    753700   0.7884087205E+003   0.3247148316E+001
    753800   0.8132337426E+003   0.3586760072E+001
    753900   0.8067509110E+003   0.3233991960E+001
    754000   0.8015405382E+003   0.3237657246E+001
    754100   0.8100812845E+003   0.3231678158E+001
    754200   0.8096378606E+003   0.3231984941E+001
    754300   0.8009406666E+003   0.3238082831E+001
    754400   0.8023925810E+003   0.3237054043E+001
    754500   0.7858730871E+003   0.3249024053E+001
    754600   0.8039292966E+003   0.3593914781E+001
    754700   0.8015063962E+003   0.3595809914E+001
    754800   0.8036082192E+003   0.3594165148E+001
    754900   0.7981183265E+003   0.3956547042E+001
    755000   0.8111821747E+003   0.3588321098E+001
    755100   0.8082526529E+003   0.3947869106E+001
    755200   0.7905856179E+003   0.3604521690E+001
    755300   0.7896268118E+003   0.3605300109E+001
    755400   0.8116700697E+003   0.3587949023E+001
    755500   0.7939759811E+003   0.3601786923E+001
    755600   0.8100218892E+003   0.3231719228E+001
    755700   0.8254525257E+003   0.3577650765E+001
    755800   0.8111762184E+003   0.3230922313E+001
    755900   0.8047233311E+003   0.3593296621E+001
    756000   0.8073731331E+003   0.3591244065E+001
    756100   0.8065445138E+003   0.3234136095E+001
    756200   0.8002393929E+003   0.3238581307E+001
    756300   0.8037846548E+003   0.3236071757E+001
    756400   0.8039943479E+003   0.2877663906E+001
    756500   0.8047368409E+003   0.2518674173E+001
    756600   0.8101812274E+003   0.2515703610E+001
    756700   0.8158589187E+003   0.2870343183E+001
    756800   0.8173452834E+003   0.2511865463E+001
    756900   0.8074996559E+003   0.2517160845E+001
    757000   0.8038298970E+003   0.2519173618E+001
    757100   0.7970329817E+003   0.2522959213E+001
    757200   0.7933157898E+003   0.2165323329E+001
    757300   0.7922424707E+003   0.2165849250E+001
    757400   0.7876551959E+003   0.2528308831E+001
    757500   0.7864018269E+003   0.2529035234E+001
    757600   0.8031149036E+003   0.1801306248E+001
    757700   0.7905952138E+003   0.1806374804E+001
    757800   0.8002234127E+003   0.2521172853E+001
    757900   0.7949657955E+003   0.2524125675E+001
    758000   0.7926016582E+003   0.2525468492E+001
    758100   0.8102491574E+003   0.2157242696E+001
    758200   0.8026106532E+003   0.2519847134E+001
    758300   0.7934484123E+003   0.2884387526E+001
    758400   0.7947514128E+003   0.2883545412E+001
    758500   0.8081302730E+003   0.3233030922E+001
    758600   0.8294816603E+003   0.3218631228E+001
    758700   0.8052378106E+003   0.3950423905E+001
    758800   0.7989142601E+003   0.3955856130E+001
    758900   0.8126374416E+003   0.3587212841E+001
    759000   0.8076101443E+003   0.3591061244E+001
    759100   0.7971973328E+003   0.3599213832E+001
    759200   0.7953707945E+003   0.3600669790E+001
    759300   0.8141282671E+003   0.3228896355E+001
    759400   0.8050962374E+003   0.3950544427E+001
    759500   0.7933427790E+003   0.4318832646E+001
    759600   0.7841838697E+003   0.4686218567E+001
    759700   0.7994742128E+003   0.4670328255E+001
    759800   0.8051066859E+003   0.3950535530E+001
    759900   0.8129226148E+003   0.3229721697E+001
    760000   0.8014868758E+003   0.3595825237E+001
    760100   0.8104453662E+003   0.3588883994E+001
    760200   0.8063679826E+003   0.3234259441E+001
    760300   0.8019930942E+003   0.3237336672E+001
    760400   0.8115997797E+003   0.3230630565E+001
    760500   0.8266335059E+003   0.3220501793E+001
    760600   0.8083340077E+003   0.3232889301E+001
    760700   0.8225769595E+003   0.2866307624E+001
    760800   0.8172448941E+003   0.2869504254E+001
    760900   0.8280103789E+003   0.2863099757E+001
    761000   0.8108217849E+003   0.2873420499E+001
    761100   0.8145192061E+003   0.3228629349E+001
    761200   0.8212381629E+003   0.2867105676E+001
    761300   0.8108224090E+003   0.3231166290E+001
    761400   0.8170319311E+003   0.2512031691E+001
    761500   0.7920397963E+003   0.2885301571E+001
    761600   0.8032704559E+003   0.2519482357E+001
    761700   0.8033206371E+003   0.2878087228E+001
    761800   0.7987597073E+003   0.3239636468E+001
    761900   0.8014242230E+003   0.2879283325E+001
    762000   0.8085923492E+003   0.2874796892E+001
    762100   0.7961025621E+003   0.3600085545E+001
    762200   0.8015905391E+003   0.2161324399E+001
    762300   0.7915200002E+003   0.2166204205E+001
    762400   0.8057756324E+003   0.1800252936E+001
    762500   0.8012521971E+003   0.2161486002E+001
    762600   0.8049499499E+003   0.2159728498E+001
    762700   0.7999358443E+003   0.2162116269E+001
    762800   0.8058516175E+003   0.2518062088E+001
    762900   0.7968643339E+003   0.2523054110E+001
    763000   0.8134553523E+003   0.2513939652E+001
    763100   0.8039578840E+003   0.1800971647E+001
    763200   0.7963455434E+003   0.1804023471E+001
    763300   0.8095923881E+003   0.1798756195E+001
    763400   0.8176551213E+003   0.1795648300E+001
    763500   0.7839370223E+003   0.2169976417E+001
    763600   0.8028188968E+003   0.1801423938E+001
    763700   0.8001024790E+003   0.1442657015E+001
    763800   0.8008577219E+003   0.1802206269E+001
    763900   0.8004673939E+003   0.1802362514E+001
    764000   0.8035719752E+003   0.2160381211E+001
    764100   0.7935449165E+003   0.1805163637E+001
    764200   0.7915349132E+003   0.2166196870E+001
    764300   0.8033286194E+003   0.2160496757E+001
    764400   0.7937440826E+003   0.2884196152E+001
    764500   0.7872583564E+003   0.2528538528E+001
    764600   0.8065477849E+003   0.2158974927E+001
    764700   0.7971517943E+003   0.2522892387E+001
    764800   0.8037625772E+003   0.2519210743E+001
    764900   0.8009360364E+003   0.2161637157E+001
    765000   0.7957518877E+003   0.2164135858E+001
    765100   0.8138702998E+003   0.2155565912E+001
    765200   0.7914981155E+003   0.2166214969E+001
    765300   0.7894511537E+003   0.3246381295E+001
    765400   0.8093623192E+003   0.2874320527E+001
    765500   0.8065925186E+003   0.2876039137E+001
    765600   0.8061765083E+003   0.2517884076E+001
    765700   0.8043587265E+003   0.2160008224E+001
    765800   0.8031479869E+003   0.2519550012E+001
    765900   0.8025663682E+003   0.2878562161E+001
    766000   0.7999475563E+003   0.2880219300E+001
    766100   0.7968029889E+003   0.3241038881E+001
    766200   0.8087912641E+003   0.3947415034E+001
    766300   0.8049524499E+003   0.3593118518E+001
    766400   0.7977211786E+003   0.3956892394E+001
    766500   0.8010660113E+003   0.3953996368E+001
    766600   0.8094175247E+003   0.3946887962E+001
    766700   0.8063571772E+003   0.3592029160E+001
    766800   0.7970046664E+003   0.3240893961E+001
    766900   0.8097507603E+003   0.2874080610E+001
    767000   0.8093942049E+003   0.3232153683E+001
    767100   0.8022073326E+003   0.3953014678E+001
    767200   0.8022992864E+003   0.3595188255E+001
    767300   0.8084714452E+003   0.3947684569E+001
    767400   0.8152448012E+003   0.3228134573E+001
    767500   0.7929383060E+003   0.3243832714E+001
    767600   0.7959962196E+003   0.3241619469E+001
    767700   0.8115411288E+003   0.3230670943E+001
    767800   0.8049369760E+003   0.3235261666E+001
    767900   0.8146626361E+003   0.2871069982E+001
    768000   0.8195189648E+003   0.3225240882E+001
    768100   0.7934992478E+003   0.3602169808E+001
    768200   0.8113624297E+003   0.3230794007E+001
    768300   0.7866598038E+003   0.3607723085E+001
    768400   0.7968305129E+003   0.3599505599E+001
    768500   0.8139606594E+003   0.3943092817E+001
    768600   0.8052835088E+003   0.3592861382E+001
    768700   0.8094171500E+003   0.3232137787E+001
    768800   0.8092409363E+003   0.2516213297E+001
    768900   0.8143930799E+003   0.2871234097E+001
    769000   0.8030835082E+003   0.2160613219E+001
    769100   0.8011553253E+003   0.2879453462E+001
    769200   0.8099539407E+003   0.3231766221E+001
    769300   0.8136958060E+003   0.2871659210E+001
    769400   0.7957914575E+003   0.2882875573E+001
    769500   0.8059772978E+003   0.2517993206E+001
    769600   0.7855034436E+003   0.2529557586E+001
    769700   0.8092837553E+003   0.2157692706E+001
    769800   0.8170704128E+003   0.2512011269E+001
    769900   0.8029992457E+003   0.3236625471E+001
    770000   0.8107554208E+003   0.2873461342E+001
    770100   0.8138462040E+003   0.3229089188E+001
    770200   0.8038722769E+003   0.3236010062E+001
    770300   0.8177654422E+003   0.3226423764E+001
    770400   0.8067677062E+003   0.3233980235E+001
    770500   0.8151595061E+003   0.3228192681E+001
    770600   0.8062110724E+003   0.3592142256E+001
    770700   0.8263949951E+003   0.2864048318E+001
    770800   0.8316369282E+003   0.3217225674E+001
    770900   0.8173436841E+003   0.3226709158E+001
    771000   0.8108559235E+003   0.2873399492E+001
    771100   0.8166629305E+003   0.2869856109E+001
    771200   0.8196276728E+003   0.3581953640E+001
    771300   0.7994650642E+003   0.3239132906E+001
    771400   0.8090910059E+003   0.3589921814E+001
    771500   0.8220740056E+003   0.3580137822E+001
    771600   0.8249846863E+003   0.3934086882E+001
    771700   0.8121394253E+003   0.3587591581E+001
    771800   0.7962830081E+003   0.3958146386E+001
    771900   0.8040442502E+003   0.2877632583E+001
    772000   0.8159941364E+003   0.3227624690E+001
    772100   0.8005094505E+003   0.3596593616E+001
    772200   0.8003551750E+003   0.3596715097E+001
    772300   0.8070531067E+003   0.3948882928E+001
    772400   0.7997698362E+003   0.3238915649E+001
    772500   0.7962693244E+003   0.2882568494E+001
    772600   0.8074899263E+003   0.3233476589E+001
    772700   0.8192117724E+003   0.3225447678E+001
    772800   0.7961572695E+003   0.2882640462E+001
    772900   0.8082342408E+003   0.2875018809E+001
    773000   0.8004160133E+003   0.2879921932E+001
    773100   0.7948486919E+003   0.2883482672E+001
    773200   0.8132402595E+003   0.2514055023E+001
    773300   0.8101856428E+003   0.2873812329E+001
    773400   0.8069321016E+003   0.3233865500E+001
    773500   0.8040478207E+003   0.3593822418E+001
    773600   0.8034131480E+003   0.2519403561E+001
    773700   0.8032144754E+003   0.2519513279E+001
    773800   0.8064937417E+003   0.2517710423E+001
    773900   0.8140064023E+003   0.2871469740E+001
    774000   0.7998490840E+003   0.2880281861E+001
    774100   0.8146688373E+003   0.2513290104E+001
    774200   0.8142836366E+003   0.2871300765E+001
    774300   0.8104123027E+003   0.2515578567E+001
    774400   0.7954590580E+003   0.3600599253E+001
    774500   0.8071371110E+003   0.3233722496E+001
    774600   0.8081373951E+003   0.3947966365E+001
    774700   0.8161975577E+003   0.4297650556E+001
    774800   0.8004305181E+003   0.4312111706E+001
    774900   0.8000516071E+003   0.4312467469E+001
    775000   0.8094671414E+003   0.3946846244E+001
    775100   0.7991396793E+003   0.3239365072E+001
    775200   0.8064556179E+003   0.3234198200E+001
    775300   0.7926787828E+003   0.3961312562E+001
    775400   0.8041719373E+003   0.3593725732E+001
    775500   0.8029240747E+003   0.3236678533E+001
    775600   0.7909615998E+003   0.3604217050E+001
    775700   0.8043470332E+003   0.3593589392E+001
    775800   0.8084251771E+003   0.3590433522E+001
    775900   0.8078812809E+003   0.3233204117E+001
    776000   0.8017068029E+003   0.2879104676E+001
    776100   0.7998542041E+003   0.3238855542E+001
    776200   0.8032876000E+003   0.2878108009E+001
    776300   0.8008399313E+003   0.2879653189E+001
    776400   0.7988953512E+003   0.2162616186E+001
    776500   0.8066945239E+003   0.2158905897E+001
    776600   0.7877814777E+003   0.2888088226E+001
    776700   0.7978217174E+003   0.2522516025E+001
    776800   0.8112947215E+003   0.2873129662E+001
    776900   0.8136099333E+003   0.2871711624E+001
    777000   0.8058773517E+003   0.2518047982E+001
    777100   0.7985173513E+003   0.2522126006E+001
    777200   0.8008800793E+003   0.2520807255E+001
    777300   0.8088434614E+003   0.2874641417E+001
    777400   0.7891730334E+003   0.2527432797E+001
    777500   0.7911063506E+003   0.2885909394E+001
    777600   0.7955444351E+003   0.2883034480E+001
    777700   0.7821888500E+003   0.2891802498E+001
    777800   0.8039555056E+003   0.2519104367E+001
    777900   0.8051915700E+003   0.2159614320E+001
    778000   0.8065307463E+003   0.2517690177E+001
    778100   0.7973425672E+003   0.2522785135E+001
    778200   0.8028828411E+003   0.2878362763E+001
    778300   0.7943032442E+003   0.3242842325E+001
    778400   0.8182584543E+003   0.3226090590E+001
    778500   0.8074176295E+003   0.2875525723E+001
    778600   0.8054766182E+003   0.3592711507E+001
    778700   0.7895424314E+003   0.3605368721E+001
    778800   0.7825823811E+003   0.3970365005E+001
    778900   0.7962873981E+003   0.4673580980E+001
    779000   0.7978076324E+003   0.4314582501E+001
    779100   0.7999304067E+003   0.3597049858E+001
    779200   0.8017790923E+003   0.3595595946E+001
    779300   0.8042716943E+003   0.3593648047E+001
    779400   0.8112438179E+003   0.3945356365E+001
    779500   0.8068316046E+003   0.3949070522E+001
    779600   0.8091838792E+003   0.2874430829E+001
    779700   0.7874740846E+003   0.2888290761E+001
    779800   0.8001324444E+003   0.2880101888E+001
    779900   0.7915199629E+003   0.2526086043E+001
    780000   0.7891920641E+003   0.2887161207E+001
    780100   0.8039211575E+003   0.2519123301E+001
    780200   0.8025416464E+003   0.2878577745E+001
    780300   0.8077150239E+003   0.2875340975E+001
    780400   0.8107578670E+003   0.3231210823E+001
    780500   0.8076936697E+003   0.2875354235E+001
    780600   0.8164847450E+003   0.3227291452E+001
    780700   0.8062139108E+003   0.3234367147E+001
    780800   0.8129094346E+003   0.2872139671E+001
    780900   0.8115897033E+003   0.3230637502E+001
    781000   0.8054740262E+003   0.3592713518E+001
    781100   0.8106548815E+003   0.3231281899E+001
    781200   0.8012309548E+003   0.3237876790E+001
    781300   0.8101163096E+003   0.2873855078E+001
    781400   0.8043762545E+003   0.3235655517E+001
    781500   0.8213179918E+003   0.3224033448E+001
    781600   0.8133579021E+003   0.2871865531E+001
    781700   0.7869744637E+003   0.3607465100E+001
    781800   0.8077312884E+003   0.3233308509E+001
    781900   0.8112325771E+003   0.3588282637E+001
    782000   0.8180785225E+003   0.3583110089E+001
    782100   0.8108508684E+003   0.3588574056E+001
    782200   0.8175164093E+003   0.3583530979E+001
    782300   0.8032784302E+003   0.3952096368E+001
    782400   0.8065188279E+003   0.3949335624E+001
    782500   0.7995943070E+003   0.3955267093E+001
    782600   0.8175504549E+003   0.3940128968E+001
    782700   0.8261221380E+003   0.4288878570E+001
    782800   0.8140649174E+003   0.4299568208E+001
    782900   0.8043250619E+003   0.4665435102E+001
    783000   0.7967336519E+003   0.3957752881E+001
    783100   0.8126498938E+003   0.3587203379E+001
    783200   0.7854340626E+003   0.3967780388E+001
    783300   0.8001039629E+003   0.3954826415E+001
    783400   0.8011615628E+003   0.3596080729E+001
    783500   0.7988219751E+003   0.3597925386E+001
    783600   0.8042822127E+003   0.3593639857E+001
    783700   0.7983992224E+003   0.2881205078E+001
    783800   0.8048826853E+003   0.2877106996E+001
    783900   0.7993064389E+003   0.3239246059E+001
    784000   0.8098060351E+003   0.3589373394E+001
    784100   0.8169768480E+003   0.2869666242E+001
    784200   0.8117966204E+003   0.2872821450E+001
    784300   0.8011553136E+003   0.3237930461E+001
    784400   0.7977412530E+003   0.2522561191E+001
    784500   0.8017386273E+003   0.2161253717E+001
    784600   0.7864199778E+003   0.2888986708E+001
    784700   0.8000519701E+003   0.2521268419E+001
    784800   0.8168455743E+003   0.2154201252E+001
    784900   0.7849751073E+003   0.2529865439E+001
    785000   0.7881952094E+003   0.1807368162E+001
    785100   0.7951573634E+003   0.2524017278E+001
    785200   0.7970983870E+003   0.2163483179E+001
    785300   0.7838711257E+003   0.2530510293E+001
    785400   0.7897915132E+003   0.2527076974E+001
    785500   0.7854307441E+003   0.2529599918E+001
    785600   0.7886556530E+003   0.2527730961E+001
    785700   0.7902256448E+003   0.2526827603E+001
    785800   0.8141867814E+003   0.2513547864E+001
    785900   0.7997428168E+003   0.2521440871E+001
    786000   0.7944129232E+003   0.2883763861E+001
    786100   0.8038339140E+003   0.2877764638E+001
    786200   0.7921243987E+003   0.2885246565E+001
    786300   0.7811412671E+003   0.2171389039E+001
    786400   0.7887386407E+003   0.1807142611E+001
    786500   0.7853136069E+003   0.1447522993E+001
    786600   0.7875984904E+003   0.1807616253E+001
    786700   0.7992102572E+003   0.1802866955E+001
    786800   0.7939253037E+003   0.1805008220E+001
    786900   0.8003194094E+003   0.1802421797E+001
    787000   0.8079798511E+003   0.2158302512E+001
    787100   0.8015999066E+003   0.2161319927E+001
    787200   0.8072045463E+003   0.2158666201E+001
    787300   0.8156366776E+003   0.2154754324E+001
    787400   0.8200815204E+003   0.2867797605E+001
    787500   0.8269241517E+003   0.2863737118E+001
    787600   0.8381767181E+003   0.3213012372E+001
    787700   0.8015832840E+003   0.3237626949E+001
    787800   0.7978913369E+003   0.3956744378E+001
    787900   0.8161771968E+003   0.3227500294E+001
    788000   0.8103060675E+003   0.3588990548E+001
    788100   0.8185652042E+003   0.3582746227E+001
    788200   0.7994926815E+003   0.3955355043E+001
    788300   0.8130286678E+003   0.3586915697E+001
    788400   0.7965547765E+003   0.3957909013E+001
    788500   0.7944169288E+003   0.3959781448E+001
    788600   0.7836450972E+003   0.4328260610E+001
    788700   0.7893977157E+003   0.4680718765E+001
    788800   0.7861006804E+003   0.4325847416E+001
    788900   0.8010891406E+003   0.5025568665E+001
    789000   0.8015280358E+003   0.4668248038E+001
    789100   0.7963551125E+003   0.4315959025E+001
    789200   0.8072561253E+003   0.4305770123E+001
    789300   0.7937495746E+003   0.3960368380E+001
    789400   0.7859352472E+003   0.3967328424E+001
    789500   0.8117709723E+003   0.3944915776E+001
    789600   0.8065141988E+003   0.3949339549E+001
    789700   0.8041375682E+003   0.4308651863E+001
    789800   0.7965659221E+003   0.3957899283E+001
    789900   0.8033532608E+003   0.4666409826E+001
    790000   0.8164227312E+003   0.4297448766E+001
    790100   0.8095393537E+003   0.4303676777E+001
    790200   0.8104407999E+003   0.4659363792E+001
    790300   0.8112094300E+003   0.3945385129E+001
    790400   0.7932971781E+003   0.4318876345E+001
    790500   0.8142326075E+003   0.3586003377E+001
    790600   0.8167646973E+003   0.3940775107E+001
    790700   0.8029935659E+003   0.3952340317E+001
    790800   0.8028476753E+003   0.4309851485E+001
    790900   0.8109504310E+003   0.3945601865E+001
    791000   0.8114976582E+003   0.3945144125E+001
    791100   0.8078391143E+003   0.3948218218E+001
    791200   0.8144214724E+003   0.3942710644E+001
    791300   0.8040957511E+003   0.3235852785E+001
    791400   0.8181649476E+003   0.3226153745E+001
    791500   0.8299554870E+003   0.3218321492E+001
    791600   0.8188188015E+003   0.3582556828E+001
    791700   0.8238230643E+003   0.3578847295E+001
    791800   0.8111933933E+003   0.3230910476E+001
    791900   0.8209001149E+003   0.3937390727E+001
    792000   0.8124198189E+003   0.3944374398E+001
    792100   0.8142977539E+003   0.3585954101E+001
    792200   0.8065191546E+003   0.3949335347E+001
    792300   0.8216408386E+003   0.3936788734E+001
    792400   0.8049722479E+003   0.3593103133E+001
    792500   0.8081465282E+003   0.3947958657E+001
    792600   0.7943679617E+003   0.3601472512E+001
    792700   0.8178419307E+003   0.3583287158E+001
    792800   0.8058652929E+003   0.3592410106E+001
    792900   0.8072972827E+003   0.3591302599E+001
    793000   0.8085234192E+003   0.3232757712E+001
    793100   0.8105200207E+003   0.3588826906E+001
    793200   0.8045325400E+003   0.3593445022E+001
    793300   0.8040188310E+003   0.3593845006E+001
    793400   0.8092769898E+003   0.4303916618E+001
    793500   0.7943413991E+003   0.3601493807E+001
    793600   0.7932447991E+003   0.3960813098E+001
    793700   0.7859002895E+003   0.3608346802E+001
    793800   0.8050692811E+003   0.3593027746E+001
    793900   0.8122964021E+003   0.3587472142E+001
    794000   0.8030990409E+003   0.3952249968E+001
    794100   0.7935430334E+003   0.4318640817E+001
    794200   0.7950570347E+003   0.4674844988E+001
    794300   0.7931041090E+003   0.4319061424E+001
    794400   0.8065012670E+003   0.4306465262E+001
    794500   0.7955591398E+003   0.4674328598E+001
    794600   0.7930459194E+003   0.4676921026E+001
    794700   0.8076598802E+003   0.4305398936E+001
    794800   0.8182940036E+003   0.4651723248E+001
    794900   0.8100475416E+003   0.4303212734E+001
    795000   0.8071854473E+003   0.3591388927E+001
    795100   0.8167969822E+003   0.4297113669E+001
    795200   0.8175149127E+003   0.4296471851E+001
    795300   0.8080320972E+003   0.3948055248E+001
    795400   0.8158612462E+003   0.3227715035E+001
    795500   0.8044350142E+003   0.3593520912E+001
    795600   0.8266651101E+003   0.3576763929E+001
    795700   0.8012552296E+003   0.3953833388E+001
    795800   0.7957382897E+003   0.4316545362E+001
    795900   0.7833466145E+003   0.4328555156E+001
    796000   0.8085318367E+003   0.4304598797E+001
    796100   0.8015395845E+003   0.3953588633E+001
    796200   0.7979273822E+003   0.3956713033E+001
    796300   0.8014425950E+003   0.4311163391E+001
    796400   0.7873802762E+003   0.4682836683E+001
    796500   0.7924927688E+003   0.4319648164E+001
    796600   0.7916348655E+003   0.3962235942E+001
    796700   0.7976545115E+003   0.4314727333E+001
    796800   0.8046725014E+003   0.3950905453E+001
    796900   0.7886256658E+003   0.3964913792E+001
    797000   0.7991747089E+003   0.2880710787E+001
    797100   0.7883131576E+003   0.3606370240E+001
    797200   0.8021079179E+003   0.2878851342E+001
    797300   0.7983199382E+003   0.2881255677E+001
    797400   0.7912787221E+003   0.3245042318E+001
    797500   0.8055015108E+003   0.2876719900E+001
    797600   0.8102252477E+003   0.3231578642E+001
    797700   0.8201116498E+003   0.3581593397E+001
    797800   0.8106606725E+003   0.3588719383E+001
    797900   0.8160395871E+003   0.4297792200E+001
    798000   0.8178974912E+003   0.4296130370E+001
    798100   0.8061031637E+003   0.4306832485E+001
    798200   0.8021537031E+003   0.4310498764E+001
    798300   0.8035205903E+003   0.5022939669E+001
    798400   0.8073508081E+003   0.5018835886E+001
    798500   0.8179597704E+003   0.5363051588E+001
    798600   0.8330741437E+003   0.4992414582E+001
    798700   0.8121728577E+003   0.5369490033E+001
    798800   0.8031973017E+003   0.5023288148E+001
    798900   0.7909544947E+003   0.5036731371E+001
    799000   0.7964017645E+003   0.4315914722E+001
    799100   0.7924857084E+003   0.4677501527E+001
    799200   0.8051368879E+003   0.5377464209E+001
    799300   0.8143397798E+003   0.5367066613E+001
    799400   0.8155130432E+003   0.5010241066E+001
    799500   0.8187658748E+003   0.3939132370E+001
    799600   0.8143107263E+003   0.3585944290E+001
    799700   0.8196491543E+003   0.3225153296E+001
    799800   0.8204716184E+003   0.3224600727E+001
    799900   0.8266548765E+003   0.3220487702E+001
    800000   0.8113676088E+003   0.3230790440E+001
    800100   0.8053855792E+003   0.3592782153E+001
    800200   0.8073480541E+003   0.3233575442E+001
    800300   0.8032796212E+003   0.4309449264E+001
    800400   0.7921665338E+003   0.4319961707E+001
    800500   0.7969923998E+003   0.4672858766E+001
    800600   0.7995849013E+003   0.4670215825E+001
    800700   0.8029514412E+003   0.4309754813E+001
    800800   0.8010401637E+003   0.5025621813E+001
    800900   0.8061372002E+003   0.4663624870E+001
    801000   0.7956045277E+003   0.5031568174E+001
    801100   0.8173501744E+003   0.4652632441E+001
    801200   0.8117979282E+003   0.5369910879E+001
    801300   0.8082881306E+003   0.5017838555E+001
    801400   0.8053290272E+003   0.5020996368E+001
    801500   0.8129553023E+003   0.4656898575E+001
    801600   0.7914881059E+003   0.5036135250E+001
    801700   0.7955130637E+003   0.5745287584E+001
    801800   0.8041602134E+003   0.5734599271E+001
    801900   0.8238312263E+003   0.5356626953E+001
    802000   0.7989709516E+003   0.5740980913E+001
    802100   0.8105995562E+003   0.5726813172E+001
    802200   0.8153921180E+003   0.6076016524E+001
    802300   0.8113926229E+003   0.5725864234E+001
    802400   0.8197126411E+003   0.5361122316E+001
    802500   0.8205621360E+003   0.5005024376E+001
    802600   0.8250146774E+003   0.5000485874E+001
    802700   0.8320708677E+003   0.4638725717E+001
    802800   0.8205791311E+003   0.4649532102E+001
    802900   0.8022300710E+003   0.5024332711E+001
    803000   0.8207752189E+003   0.4649344743E+001
    803100   0.8001119297E+003   0.5383259888E+001
    803200   0.7858312583E+003   0.4684471541E+001
    803300   0.8029107359E+003   0.4666854599E+001
    803400   0.8037155908E+003   0.4309043812E+001
    803500   0.7976458390E+003   0.3956957953E+001
    803600   0.8089374845E+003   0.3232470301E+001
    803700   0.8035325048E+003   0.3594224223E+001
    803800   0.8109870703E+003   0.3588470034E+001
    803900   0.8121343468E+003   0.3944612462E+001
    804000   0.8149781815E+003   0.3942249614E+001
    804100   0.8174769877E+003   0.3940189320E+001
    804200   0.7999040759E+003   0.3954999171E+001
    804300   0.8083707521E+003   0.4304746462E+001
    804400   0.7940900639E+003   0.4318117382E+001
    804500   0.8121402525E+003   0.4657695692E+001
    804600   0.8103359309E+003   0.4659466995E+001
    804700   0.8091753340E+003   0.5016897043E+001
    804800   0.8084309080E+003   0.4661347210E+001
    804900   0.8248508430E+003   0.4645474093E+001
    805000   0.8141632679E+003   0.4655720623E+001
    805100   0.8065121347E+003   0.4663251520E+001
    805200   0.8049514987E+003   0.4307897215E+001
    805300   0.8042898975E+003   0.3593633874E+001
    805400   0.8060617211E+003   0.3592257915E+001
    805500   0.7937061103E+003   0.3960406647E+001
    805600   0.7937087064E+003   0.3243273224E+001
    805700   0.7957259866E+003   0.3600386046E+001
    805800   0.7936885079E+003   0.3960422146E+001
    805900   0.7826766489E+003   0.3970279211E+001
    806000   0.7829351839E+003   0.3970044039E+001
    806100   0.7947787036E+003   0.4317459649E+001
    806200   0.7886278134E+003   0.3964911872E+001
    806300   0.8002937893E+003   0.3954662449E+001
    806400   0.7851356124E+003   0.3968049851E+001
    806500   0.8014429549E+003   0.4311163054E+001
    806600   0.7952547378E+003   0.4674641569E+001
    806700   0.8018410005E+003   0.4667932149E+001
    806800   0.8052855734E+003   0.4664474411E+001
    806900   0.8008386984E+003   0.5382416373E+001
    807000   0.8072805335E+003   0.5730808197E+001
    807100   0.8160790613E+003   0.5720300700E+001
    807200   0.8101239289E+003   0.5727383322E+001
    807300   0.8012903179E+003   0.5738116635E+001
    807400   0.8064006512E+003   0.5376019923E+001
    807500   0.8071637701E+003   0.5019035223E+001
    807600   0.8044716106E+003   0.4308341934E+001
    807700   0.8013253264E+003   0.4311273128E+001
    807800   0.8163528710E+003   0.4297511358E+001
    807900   0.8030812477E+003   0.4309633923E+001
    808000   0.8091759897E+003   0.3947091129E+001
    808100   0.8235039329E+003   0.4291168718E+001
    808200   0.8031524702E+003   0.3952204211E+001
    808300   0.8103568213E+003   0.3946099222E+001
    808400   0.7966344066E+003   0.3957839498E+001
    808500   0.8015829378E+003   0.3953551335E+001
    808600   0.7960497409E+003   0.3600127675E+001
    808700   0.7989784882E+003   0.3239480166E+001
    808800   0.8015328155E+003   0.3237662721E+001
    808900   0.7996753399E+003   0.3238982990E+001
    809000   0.8062453435E+003   0.3234345169E+001
    809100   0.8002433286E+003   0.3596803203E+001
    809200   0.8200292728E+003   0.3224897754E+001
    809300   0.7992242665E+003   0.3239304697E+001
    809400   0.8254359633E+003   0.3221292804E+001
    809500   0.7949976538E+003   0.3600968194E+001
    809600   0.8063452928E+003   0.3234275300E+001
    809700   0.7879948811E+003   0.3606630147E+001
    809800   0.8028353997E+003   0.3952475853E+001
    809900   0.8020285944E+003   0.3595400326E+001
    810000   0.7994930540E+003   0.4312992624E+001
    810100   0.8023367638E+003   0.3952903556E+001
    810200   0.8066997550E+003   0.3591764169E+001
    810300   0.7905381853E+003   0.3604560146E+001
    810400   0.7983996144E+003   0.3598259752E+001
    810500   0.8028390237E+003   0.3594765903E+001
    810600   0.8026310424E+003   0.3236885493E+001
    810700   0.8013940853E+003   0.3595898088E+001
    810800   0.8050177239E+003   0.3950611287E+001
    810900   0.8084906564E+003   0.4661288082E+001
    811000   0.8004643524E+003   0.4312079957E+001
    811100   0.8072867191E+003   0.4305741982E+001
    811200   0.8082590448E+003   0.4304848903E+001
    811300   0.7912911889E+003   0.3962540563E+001
    811400   0.8127453323E+003   0.3229843299E+001
    811500   0.8098258705E+003   0.3946544805E+001
    811600   0.8037772298E+003   0.3951669701E+001
    811700   0.8082939309E+003   0.3590534505E+001
    811800   0.8107466430E+003   0.3588653684E+001
    811900   0.8126974798E+003   0.3229876133E+001
    812000   0.8012104644E+003   0.3237891327E+001
    812100   0.8003011453E+003   0.2879994810E+001
    812200   0.8027389810E+003   0.3236809239E+001
    812300   0.8024752174E+003   0.3236995620E+001
    812400   0.8141517902E+003   0.3228880281E+001
    812500   0.8020562077E+003   0.3595378685E+001
    812600   0.8127941957E+003   0.3587093743E+001
    812700   0.8040763898E+003   0.3951414101E+001
    812800   0.8070868684E+003   0.3948854345E+001
    812900   0.7946853009E+003   0.3601218239E+001
    813000   0.7820580604E+003   0.3611523970E+001
    813100   0.7970430824E+003   0.3599336484E+001
    813200   0.7986378492E+003   0.3956095886E+001
    813300   0.7989019446E+003   0.3239534839E+001
    813400   0.8032052501E+003   0.3594479705E+001
    813500   0.8093366240E+003   0.2874336407E+001
    813600   0.8077188461E+003   0.2517041305E+001
    813700   0.7907804586E+003   0.2526509380E+001
    813800   0.7998954118E+003   0.2521355731E+001
    813900   0.7987862513E+003   0.2880958247E+001
    814000   0.7999837406E+003   0.3238763284E+001
    814100   0.7926686145E+003   0.3602838221E+001
    814200   0.8034777779E+003   0.3236287954E+001
    814300   0.7858909600E+003   0.3608354472E+001
    814400   0.8150516203E+003   0.3585384552E+001
    814500   0.8130265787E+003   0.3943869051E+001
    814600   0.8067789557E+003   0.3949115129E+001
    814700   0.7911167245E+003   0.3604091460E+001
    814800   0.8179378695E+003   0.3939810927E+001
    814900   0.8158308633E+003   0.3584797127E+001
    815000   0.7930153508E+003   0.3602559001E+001
    815100   0.8028687570E+003   0.3236717589E+001
    815200   0.8059977084E+003   0.3592307502E+001
    815300   0.8003903468E+003   0.2879938214E+001
    815400   0.7941980188E+003   0.2524560735E+001
    815500   0.8060964927E+003   0.3234449262E+001
    815600   0.7883733473E+003   0.3965139421E+001
    815700   0.8050238831E+003   0.3593063014E+001
    815800   0.8053035387E+003   0.3950367967E+001
    815900   0.7891369000E+003   0.4680991853E+001
    816000   0.8062841411E+003   0.4306665493E+001
    816100   0.8110481143E+003   0.3945520102E+001
    816200   0.7971665297E+003   0.3957375382E+001
    816300   0.7799930495E+003   0.4690702080E+001
    816400   0.7905668118E+003   0.5037165063E+001
    816500   0.7874846287E+003   0.4682726820E+001
    816600   0.8011141665E+003   0.3953954882E+001
    816700   0.8140235591E+003   0.4655856652E+001
    816800   0.7946269712E+003   0.4317604456E+001
    816900   0.8079012163E+003   0.4661871850E+001
    817000   0.8075614092E+003   0.3591098826E+001
    817100   0.7996072723E+003   0.3597304801E+001
    817200   0.8065044360E+003   0.2876094018E+001
    817300   0.8013705286E+003   0.3237777785E+001
    817400   0.7992188669E+003   0.2880682675E+001
    817500   0.8088196558E+003   0.2516442105E+001
    817600   0.7997475254E+003   0.3238931547E+001
    817700   0.8070582174E+003   0.2875749211E+001
    817800   0.8084352345E+003   0.3590425785E+001
    817900   0.7888085373E+003   0.3246853849E+001
    818000   0.8012236907E+003   0.3953860547E+001
    818100   0.7909268718E+003   0.3604245174E+001
    818200   0.8002694652E+003   0.3238559910E+001
    818300   0.7911310124E+003   0.3604079895E+001
    818400   0.8068782638E+003   0.4306117900E+001
    818500   0.8073826269E+003   0.4305653779E+001
    818600   0.8018635788E+003   0.4667909371E+001
    818700   0.7837598406E+003   0.4328147450E+001
    818800   0.8089047375E+003   0.4660878581E+001
    818900   0.8087232832E+003   0.4304423389E+001
    819000   0.8052510578E+003   0.4307619924E+001
    819100   0.8085654385E+003   0.5017544012E+001
    819200   0.8067229497E+003   0.4663041775E+001
    819300   0.8129083457E+003   0.4656944448E+001
    819400   0.8109407004E+003   0.4658872264E+001
    819500   0.7855679367E+003   0.4684750209E+001
    819600   0.7937187674E+003   0.5390758191E+001
    819700   0.7823653445E+003   0.5762071572E+001
    819800   0.8054582350E+003   0.5733018045E+001
    819900   0.8143141517E+003   0.5367095187E+001
    820000   0.8064294499E+003   0.5019818878E+001
    820100   0.8048595196E+003   0.5021499905E+001
    820200   0.8002389980E+003   0.5026492301E+001
    820300   0.8124705098E+003   0.5013421226E+001
    820400   0.7982918480E+003   0.5741823259E+001
    820500   0.8265070688E+003   0.5353734319E+001
    820600   0.8170410177E+003   0.5364066663E+001
    820700   0.8104521497E+003   0.5371425222E+001
    820800   0.8139341396E+003   0.5367519121E+001
    820900   0.7983020657E+003   0.5741810573E+001
    821000   0.8035999730E+003   0.5379227837E+001
    821100   0.7826736510E+003   0.5046104978E+001
    821200   0.8026821332E+003   0.4667084589E+001
    821300   0.8059628502E+003   0.4306962015E+001
    821400   0.7977787528E+003   0.4672054982E+001
    821500   0.8000884693E+003   0.4669704791E+001
    821600   0.8081625496E+003   0.5017972018E+001
    821700   0.7925275225E+003   0.5034976780E+001
    821800   0.8121977205E+003   0.4301256859E+001
    821900   0.8064563678E+003   0.4306506657E+001
    822000   0.7949231070E+003   0.4674982856E+001
    822100   0.7933549834E+003   0.4318820952E+001
    822200   0.7944784962E+003   0.4317746218E+001
    822300   0.7922093867E+003   0.4319920504E+001
    822400   0.7955134777E+003   0.4674375528E+001
    822500   0.8025555671E+003   0.3594987628E+001
    822600   0.7930443267E+003   0.3602535680E+001
    822700   0.7921150733E+003   0.3961810827E+001
    822800   0.8049616536E+003   0.3593111366E+001
    822900   0.8102283880E+003   0.3231576472E+001
    823000   0.7774687571E+003   0.3615367519E+001
    823100   0.7961378473E+003   0.3241517447E+001
    823200   0.8006040384E+003   0.2879802692E+001
    823300   0.7948792091E+003   0.3242425610E+001
    823400   0.7929406685E+003   0.3243830996E+001
    823500   0.7824006337E+003   0.3251616091E+001
    823600   0.8012514423E+003   0.2879392631E+001
    823700   0.7810629965E+003   0.3612352811E+001
    823800   0.8046369045E+003   0.3235472356E+001
    823900   0.8051040471E+003   0.2876968447E+001
    824000   0.7896068272E+003   0.2886889373E+001
    824100   0.7931635321E+003   0.2884572075E+001
    824200   0.8067558914E+003   0.2875937383E+001
    824300   0.8078889183E+003   0.3233198803E+001
    824400   0.7862518361E+003   0.2889097923E+001
    824500   0.8003449536E+003   0.3238506207E+001
    824600   0.7948796517E+003   0.3959375167E+001
    824700   0.7971323202E+003   0.3957405197E+001
    824800   0.8010155300E+003   0.3596195499E+001
    824900   0.7922554106E+003   0.3961686704E+001
    825000   0.8005735670E+003   0.3954420952E+001
    825100   0.8137811707E+003   0.3943241813E+001
    825200   0.8022546384E+003   0.3952974059E+001
    825300   0.7937699131E+003   0.3960350475E+001
    825400   0.7983134233E+003   0.4314104555E+001
    825500   0.7824572852E+003   0.4329434325E+001
    825600   0.8063573187E+003   0.3949472609E+001
    825700   0.7966537608E+003   0.3599646300E+001
    825800   0.7944624352E+003   0.3601396788E+001
    825900   0.7881893245E+003   0.3606471333E+001
    826000   0.7998492038E+003   0.2880281785E+001
    826100   0.8106596662E+003   0.3231278596E+001
    826200   0.7973673628E+003   0.3599078698E+001
    826300   0.8024153318E+003   0.2878657389E+001
    826400   0.8167474022E+003   0.3584107882E+001
    826500   0.8076079014E+003   0.3591062974E+001
    826600   0.8023893570E+003   0.3595117727E+001
    826700   0.8085830966E+003   0.3590312067E+001
    826800   0.7825543171E+003   0.3611111541E+001
    826900   0.7920355663E+003   0.3244489944E+001
    827000   0.7919903080E+003   0.3244522941E+001
    827100   0.7954277337E+003   0.2883109594E+001
    827200   0.7942975483E+003   0.2524504281E+001
    827300   0.7981732153E+003   0.2522318852E+001
    827400   0.7972773062E+003   0.2522821818E+001
    827500   0.7873867500E+003   0.2528464182E+001
    827600   0.7932691700E+003   0.2884503623E+001
    827700   0.7947265668E+003   0.3242535979E+001
    827800   0.8011383785E+003   0.2879464189E+001
    827900   0.7893712457E+003   0.2887043730E+001
    828000   0.7909412268E+003   0.3245289037E+001
    828100   0.8053287618E+003   0.2876827890E+001
    828200   0.8060544957E+003   0.2876374580E+001
    828300   0.8043568251E+003   0.2518883283E+001
    828400   0.8092099623E+003   0.2874414703E+001
    828500   0.8142065276E+003   0.2513537299E+001
    828600   0.7932480231E+003   0.2884517324E+001
    828700   0.8092672645E+003   0.2874379278E+001
    828800   0.8028473631E+003   0.2878385107E+001
    828900   0.7989063272E+003   0.3239531708E+001
    829000   0.8172299068E+003   0.2869513308E+001
    829100   0.7935836735E+003   0.2524909568E+001
    829200   0.7910687365E+003   0.2166426302E+001
    829300   0.8086691100E+003   0.2516523938E+001
    829400   0.7913945080E+003   0.2885721577E+001
    829500   0.8036083572E+003   0.2519295819E+001
    829600   0.8156180774E+003   0.2870489305E+001
    829700   0.7957091594E+003   0.2523705391E+001
    829800   0.8025340430E+003   0.2160874596E+001
    829900   0.7944144652E+003   0.2883762865E+001
    830000   0.7917825985E+003   0.1805885975E+001
    830100   0.8060435086E+003   0.2517956928E+001
    830200   0.7879790442E+003   0.2887958152E+001
    830300   0.7920102191E+003   0.2165963274E+001
    830400   0.8032429273E+003   0.2878136111E+001
    830500   0.8083418590E+003   0.2874952095E+001
    830600   0.8011468475E+003   0.2879458828E+001
    830700   0.7957089061E+003   0.2523705535E+001
    830800   0.7863554860E+003   0.2168764001E+001
    830900   0.7988678747E+003   0.2162629408E+001
    831000   0.7937044286E+003   0.2165133312E+001
    831100   0.7969487779E+003   0.2523006588E+001
    831200   0.7826431709E+003   0.2170628683E+001
    831300   0.7942912137E+003   0.2524507874E+001
    831400   0.7985158456E+003   0.2522126850E+001
    831500   0.7906157504E+003   0.1806366335E+001
    831600   0.8278494986E+003   0.1791820212E+001
    831700   0.8141866627E+003   0.2155420251E+001
    831800   0.8117191701E+003   0.2514872952E+001
    831900   0.8126944272E+003   0.2156108481E+001
    832000   0.8024231764E+003   0.2519950911E+001
    832100   0.7936161606E+003   0.2165176449E+001
    832200   0.8055406937E+003   0.2518232606E+001
    832300   0.7837587561E+003   0.3610113119E+001
    832400   0.7997685695E+003   0.2880333026E+001
    832500   0.7934303554E+003   0.3243475224E+001
    832600   0.8068527609E+003   0.3233920867E+001
    832700   0.8081764992E+003   0.3232998782E+001
    832800   0.7972046407E+003   0.3599208022E+001
    832900   0.8061102585E+003   0.3592220322E+001
    833000   0.7965684715E+003   0.3241207508E+001
    833100   0.7986610345E+003   0.4313776492E+001
    833200   0.7920926551E+003   0.4677909393E+001
    833300   0.7874396866E+003   0.3607084117E+001
    833400   0.8174848261E+003   0.3226613612E+001
    833500   0.8010077827E+003   0.3596201589E+001
    833600   0.8097848151E+003   0.3589389653E+001
    833700   0.8127879085E+003   0.2872214019E+001
    833800   0.8095669192E+003   0.2874194124E+001
    833900   0.8214380711E+003   0.2509707952E+001
    834000   0.8148285106E+003   0.2513204803E+001
    834100   0.8287212390E+003   0.1791497982E+001
    834200   0.7908393682E+003   0.1806274148E+001
    834300   0.7914687703E+003   0.1806015005E+001
    834400   0.8157068642E+003   0.1796392675E+001
    834500   0.8119810747E+003   0.1797827882E+001
    834600   0.8041811808E+003   0.2518980012E+001
    834700   0.8097666479E+003   0.2515928162E+001
    834800   0.8150744631E+003   0.2513073488E+001
    834900   0.8012810710E+003   0.2879373883E+001
    835000   0.8026784078E+003   0.2519809643E+001
    835100   0.8208482116E+003   0.2510017342E+001
    835200   0.8014119956E+003   0.2520511629E+001
    835300   0.7822120687E+003   0.2531483420E+001
    835400   0.8006858389E+003   0.2879750837E+001
    835500   0.7941868961E+003   0.2524567045E+001
    835600   0.7725645212E+003   0.3619534518E+001
    835700   0.8046535881E+003   0.2877250482E+001
    835800   0.7902553853E+003   0.3245791172E+001
    835900   0.7878443916E+003   0.3247564548E+001
    836000   0.8033271499E+003   0.2878083132E+001
    836100   0.7978667585E+003   0.2881545122E+001
    836200   0.7974136580E+003   0.2522745184E+001
    836300   0.7896023571E+003   0.2527185729E+001
    836400   0.7818815073E+003   0.2531677896E+001
    836500   0.7943420952E+003   0.2524479019E+001
    836600   0.7874376317E+003   0.1807683207E+001
    836700   0.8005048881E+003   0.1082383299E+001
    836800   0.7950517760E+003   0.1804549001E+001
    836900   0.7929395192E+003   0.1805411350E+001
    837000   0.8051131829E+003   0.1800514417E+001
    837100   0.7951230270E+003   0.1804520006E+001
    837200   0.8030417651E+003   0.2160633061E+001
    837300   0.8032032225E+003   0.2519519495E+001
    837400   0.7891795827E+003   0.2527429025E+001
    837500   0.8007808934E+003   0.1802237009E+001
    837600   0.8110813951E+003   0.1798176770E+001
    837700   0.8088157402E+003   0.1439888082E+001
    837800   0.8042437540E+003   0.1441332176E+001
    837900   0.7980147856E+003   0.1443331038E+001
    838000   0.7982635202E+003   0.1803248081E+001
    838100   0.7861739586E+003   0.2529167592E+001
    838200   0.7986038934E+003   0.2162756495E+001
    838300   0.8090805262E+003   0.2157787600E+001
    838400   0.8236981613E+003   0.2151102130E+001
    838500   0.8146235057E+003   0.2155219335E+001
    838600   0.8103453607E+003   0.2157197921E+001
    838700   0.7966472687E+003   0.2163701556E+001
    838800   0.8151257704E+003   0.2513046107E+001
    838900   0.8092492378E+003   0.2157708820E+001
    839000   0.8005800321E+003   0.2161807529E+001
    839100   0.8041053152E+003   0.1800913212E+001
    839200   0.8000071946E+003   0.2521293386E+001
    839300   0.8117175543E+003   0.2514873823E+001
    839400   0.8118014152E+003   0.2156521766E+001
    839500   0.7962980436E+003   0.2882550053E+001
    839600   0.8138640462E+003   0.2155568793E+001
    839700   0.7941118791E+003   0.3242980936E+001
    839800   0.8154685481E+003   0.3227982210E+001
    839900   0.8235423789E+003   0.3579053964E+001
    840000   0.8128717128E+003   0.3229756605E+001
    840100   0.7917938871E+003   0.3603543902E+001
    840200   0.8021317534E+003   0.3595319487E+001
    840300   0.7931341876E+003   0.3960910638E+001
    840400   0.7937362612E+003   0.3601979385E+001
    840500   0.8046205367E+003   0.2877271190E+001
    840600   0.8037359114E+003   0.3594065549E+001
    840700   0.8057607646E+003   0.3592491130E+001
    840800   0.8002497938E+003   0.3238573906E+001
    840900   0.8196724512E+003   0.2868042867E+001
    841000   0.7973741361E+003   0.3599073316E+001
    841100   0.8034310728E+003   0.3236320875E+001
    841200   0.8172001016E+003   0.2511942461E+001
    841300   0.8019586538E+003   0.2878945578E+001
    841400   0.8010231538E+003   0.2879537138E+001
    841500   0.7930890816E+003   0.2884620331E+001
    841600   0.8196516313E+003   0.2152924851E+001
    841700   0.8256117197E+003   0.2507533601E+001
    841800   0.8065683499E+003   0.2517669606E+001
    841900   0.8206747371E+003   0.2152462012E+001
    842000   0.7962281559E+003   0.3241452415E+001
    842100   0.8069241993E+003   0.3233871014E+001
    842200   0.8027698994E+003   0.3236787401E+001
    842300   0.8036435017E+003   0.3594137624E+001
    842400   0.8151895725E+003   0.3228172196E+001
    842500   0.8077586316E+003   0.3233289476E+001
    842600   0.8118563623E+003   0.3587807092E+001
    842700   0.8286644740E+003   0.3219166390E+001
    842800   0.8063506910E+003   0.3234271527E+001
    842900   0.8178809854E+003   0.3583257921E+001
    843000   0.8174528553E+003   0.3583578609E+001
    843100   0.8004821005E+003   0.4312063305E+001
    843200   0.7988779212E+003   0.3955887639E+001
    843300   0.8069423178E+003   0.3948976742E+001
    843400   0.8097337835E+003   0.3946622156E+001
    843500   0.8155385525E+003   0.3941786296E+001
    843600   0.8026437007E+003   0.4310041599E+001
    843700   0.7993183697E+003   0.4313157040E+001
    843800   0.8079212564E+003   0.3948148840E+001
    843900   0.7845071010E+003   0.3968618108E+001
    844000   0.7954969119E+003   0.3241979488E+001
    844100   0.8195735795E+003   0.2868102189E+001
    844200   0.8026755796E+003   0.2878493330E+001
    844300   0.7910731570E+003   0.3245192563E+001
    844400   0.8064022589E+003   0.3234235486E+001
    844500   0.7860043288E+003   0.2889261735E+001
    844600   0.7759880972E+003   0.2895994680E+001
    844700   0.7961970846E+003   0.2523430030E+001
    844800   0.7832678407E+003   0.2530863589E+001
    844900   0.7815252421E+003   0.2531887711E+001
    845000   0.7931382957E+003   0.2165410185E+001
    845100   0.7914501471E+003   0.2526125970E+001
    845200   0.8084577689E+003   0.2516638878E+001
    845300   0.7919690722E+003   0.2885347565E+001
    845400   0.8026820480E+003   0.3236849457E+001
    845500   0.8120569780E+003   0.2872661742E+001
    845600   0.8040080220E+003   0.3593853429E+001
    845700   0.8068642562E+003   0.3233912844E+001
    845800   0.8086417515E+003   0.3232675540E+001
    845900   0.8115711377E+003   0.2514952745E+001
    846000   0.8228962831E+003   0.2508945330E+001
    846100   0.8075128236E+003   0.2875466569E+001
    846200   0.7985487397E+003   0.3239787283E+001
    846300   0.7983184169E+003   0.3598324080E+001
    846400   0.8237767463E+003   0.2865595014E+001
    846500   0.8058417963E+003   0.2876507338E+001
    846600   0.7922861742E+003   0.2885141421E+001
    846700   0.8002674318E+003   0.2521148323E+001
    846800   0.8207940779E+003   0.2510045762E+001
    846900   0.8184589037E+003   0.2511275914E+001
    847000   0.8247001424E+003   0.2865048218E+001
    847100   0.8130129152E+003   0.2872076384E+001
    847200   0.8028061797E+003   0.3236761778E+001
    847300   0.8208290169E+003   0.3224361015E+001
    847400   0.8048330997E+003   0.3593211279E+001
    847500   0.7980790447E+003   0.3240123392E+001
    847600   0.7989040259E+003   0.3239533352E+001
    847700   0.8014331679E+003   0.3595867401E+001
    847800   0.7939898676E+003   0.2884037194E+001
    847900   0.7958584404E+003   0.2882832503E+001
    848000   0.7961839971E+003   0.2882623294E+001
    848100   0.7914785836E+003   0.3244896331E+001
    848200   0.7930747717E+003   0.3960963045E+001
    848300   0.7981483336E+003   0.3240073781E+001
    848400   0.7998357047E+003   0.3238868721E+001
    848500   0.8121206262E+003   0.3230272297E+001
    848600   0.8087536243E+003   0.2874697026E+001
    848700   0.7969462119E+003   0.3240935956E+001
    848800   0.8077000495E+003   0.3590991928E+001
    848900   0.8192930122E+003   0.3582203032E+001
    849000   0.8121106365E+003   0.2872628842E+001
    849100   0.8146826780E+003   0.2871057785E+001
    849200   0.8074904816E+003   0.3233476203E+001
    849300   0.8096059295E+003   0.2874170032E+001
    849400   0.8069686603E+003   0.2875804935E+001
    849500   0.8041350822E+003   0.2877575581E+001
    849600   0.8038817381E+003   0.3236003401E+001
    849700   0.8110528197E+003   0.3588419834E+001
    849800   0.8261404940E+003   0.2864198158E+001
    849900   0.8115913495E+003   0.2872947451E+001
    850000   0.8115094502E+003   0.2872997744E+001
    850100   0.7990870546E+003   0.2880766601E+001
    850200   0.8063950318E+003   0.2876162204E+001
    850300   0.8064171402E+003   0.2876148423E+001
    850400   0.8120779993E+003   0.2872648853E+001
    850500   0.8139257082E+003   0.3229034819E+001
    850600   0.8073729353E+003   0.2875553502E+001
    850700   0.7969374095E+003   0.2882139908E+001
    850800   0.7953641597E+003   0.3600675093E+001
    850900   0.7963138422E+003   0.3958119445E+001
    851000   0.7843140795E+003   0.3250184435E+001
    851100   0.7769772073E+003   0.3615782373E+001
    851200   0.7982297160E+003   0.3240015523E+001
    851300   0.7936668922E+003   0.3243303558E+001
    851400   0.8049112512E+003   0.3235279721E+001
    851500   0.8129321324E+003   0.2514220421E+001
    851600   0.8175446843E+003   0.2153882284E+001
    851700   0.7934858061E+003   0.2524965197E+001
    851800   0.8113253692E+003   0.2156742516E+001
    851900   0.8028637649E+003   0.1801406092E+001
    852000   0.7850990552E+003   0.2169392769E+001
    852100   0.8038672733E+003   0.2519153009E+001
    852200   0.7986625081E+003   0.2162728268E+001
    852300   0.8022433660E+003   0.2520050498E+001
    852400   0.7996596383E+003   0.2162248826E+001
    852500   0.8041375564E+003   0.1800900437E+001
    852600   0.8037308915E+003   0.1441495375E+001
    852700   0.8064021402E+003   0.1440648033E+001
    852800   0.8084533123E+003   0.1440001856E+001
    852900   0.8024019507E+003   0.1081925606E+001
    853000   0.8133404923E+003   0.1079335497E+001
    853100   0.7993635680E+003   0.3612127822E+000
    853200   0.8005101328E+003   0.1082382030E+001
    853300   0.7970790165E+003   0.1443634507E+001
    853400   0.7808616258E+003   0.1449030552E+001
    853500   0.8053188811E+003   0.2159554191E+001
    853600   0.8058015890E+003   0.1800242701E+001
    853700   0.8043403949E+003   0.2160016905E+001
    853800   0.7965538103E+003   0.2163746834E+001
    853900   0.7980085102E+003   0.2163043491E+001
    854000   0.7964340679E+003   0.2163804864E+001
    854100   0.7861904199E+003   0.2529158027E+001
    854200   0.8047729836E+003   0.2877175691E+001
    854300   0.8110014689E+003   0.2515260129E+001
    854400   0.8059185170E+003   0.2518025419E+001
    854500   0.8085212561E+003   0.2158049029E+001
    854600   0.7985719508E+003   0.2162771880E+001
    854700   0.8127471988E+003   0.2872238930E+001
    854800   0.7813338913E+003   0.3252417831E+001
    854900   0.8040419353E+003   0.3235890650E+001
    855000   0.8026771361E+003   0.2519810347E+001
    855100   0.8093707188E+003   0.2516142865E+001
    855200   0.7901769236E+003   0.2886516283E+001
    855300   0.8039510356E+003   0.3235954621E+001
    855400   0.8060581050E+003   0.2517948932E+001
    855500   0.7964927559E+003   0.2882425066E+001
    855600   0.7874770774E+003   0.3247835845E+001
    855700   0.7859638386E+003   0.2889288545E+001
    855800   0.7922575643E+003   0.2885160012E+001
    855900   0.8087391368E+003   0.3590192112E+001
    856000   0.8094643003E+003   0.3589635359E+001
    856100   0.8167673668E+003   0.3227099698E+001
    856200   0.8200688847E+003   0.3581625208E+001
    856300   0.8152322246E+003   0.3585248288E+001
    856400   0.8040657321E+003   0.3951423203E+001
    856500   0.7985727544E+003   0.4313859776E+001
    856600   0.8099768246E+003   0.5016048568E+001
    856700   0.7986889012E+003   0.3956051589E+001
    856800   0.7914976290E+003   0.4320605540E+001
    856900   0.8032863260E+003   0.3594416388E+001
    857000   0.8057905187E+003   0.3949953857E+001
    857100   0.8088904584E+003   0.3947331487E+001
    857200   0.8164890274E+003   0.2869961365E+001
    857300   0.7976758564E+003   0.2522597907E+001
    857400   0.8021997446E+003   0.2520074665E+001
    857500   0.8003462266E+003   0.2161919517E+001
    857600   0.7782551900E+003   0.2533824155E+001
    857700   0.7980273487E+003   0.2163034402E+001
    857800   0.8042595349E+003   0.2160055202E+001
    857900   0.8118160032E+003   0.2156515006E+001
    858000   0.7905120878E+003   0.2526663243E+001
    858100   0.8035537027E+003   0.1801131974E+001
    858200   0.8038676562E+003   0.1801007421E+001
    858300   0.7989492043E+003   0.1802971940E+001
    858400   0.8156873638E+003   0.1796400146E+001
    858500   0.8015366310E+003   0.1442196389E+001
    858600   0.8002097883E+003   0.1442622482E+001
    858700   0.8083023195E+003   0.1080518224E+001
    858800   0.8264993444E+003   0.1434478836E+001
    858900   0.8159879604E+003   0.1437660977E+001
    859000   0.7991606342E+003   0.7221322297E+000
    859100   0.8076853035E+003   0.1080664264E+001
    859200   0.8064511087E+003   0.1440632562E+001
    859300   0.8078061801E+003   0.1799454586E+001
    859400   0.8007688559E+003   0.2161717142E+001
    859500   0.8035431965E+003   0.1801136144E+001
    859600   0.8165122068E+003   0.1796084470E+001
    859700   0.7984477100E+003   0.1803173848E+001
    859800   0.8022756296E+003   0.1441959792E+001
    859900   0.8108953348E+003   0.1079907346E+001
    860000   0.8129256636E+003   0.1079432228E+001
    860100   0.8053291006E+003   0.1440987615E+001
    860200   0.7899933499E+003   0.1084966424E+001
    860300   0.8079984835E+003   0.1080590106E+001
    860400   0.7958383996E+003   0.1444038136E+001
    860500   0.8162718552E+003   0.1078655243E+001
    860600   0.7974670615E+003   0.1083121566E+001
    860700   0.8192653804E+003   0.1077966463E+001
    860800   0.8066847486E+003   0.1440558774E+001
    860900   0.7992849752E+003   0.1802836921E+001
    861000   0.7942121132E+003   0.2524552740E+001
    861100   0.7849240293E+003   0.2529895227E+001
    861200   0.7954093356E+003   0.2164302316E+001
    861300   0.8014184586E+003   0.2520508040E+001
    861400   0.7960907463E+003   0.2163971360E+001
    861500   0.7864628493E+003   0.2528999805E+001
    861600   0.7985436560E+003   0.2522111274E+001
    861700   0.7983220272E+003   0.3239949458E+001
    861800   0.8065435709E+003   0.2876069633E+001
    861900   0.8041753596E+003   0.2877550310E+001
    862000   0.8104282109E+003   0.2873662835E+001
    862100   0.7990314320E+003   0.3597759721E+001
    862200   0.8121214680E+003   0.3230271719E+001
    862300   0.8064522822E+003   0.2876126520E+001
    862400   0.8095762756E+003   0.2874188345E+001
    862500   0.8003834141E+003   0.3238478850E+001
    862600   0.7886766121E+003   0.3246950974E+001
    862700   0.8071274789E+003   0.3233729213E+001
    862800   0.8062858593E+003   0.3234316844E+001
    862900   0.8133929699E+003   0.3943564326E+001
    863000   0.8016675733E+003   0.3237567216E+001
    863100   0.8026365315E+003   0.3594924278E+001
    863200   0.7952472343E+003   0.3600768566E+001
    863300   0.8102050664E+003   0.2873800355E+001
    863400   0.8002633089E+003   0.3238564290E+001
    863500   0.7939927822E+003   0.3601773439E+001
    863600   0.7900873931E+003   0.2886574833E+001
    863700   0.7960273356E+003   0.3241597051E+001
    863800   0.8040774324E+003   0.2877611758E+001
    863900   0.8071077564E+003   0.3233742967E+001
    864000   0.7964935399E+003   0.3241261411E+001
    864100   0.8125900487E+003   0.3587248860E+001
    864200   0.8112236925E+003   0.3230889595E+001
    864300   0.7989206442E+003   0.3597847333E+001
    864400   0.8205451736E+003   0.3224551373E+001
    864500   0.8166156322E+003   0.3227202628E+001
    864600   0.8264053658E+003   0.3576953640E+001
    864700   0.7969456380E+003   0.3240936368E+001
    864800   0.8022329143E+003   0.3595240238E+001
    864900   0.8062928209E+003   0.3949527332E+001
    865000   0.8132421212E+003   0.3943689747E+001
    865100   0.7944010327E+003   0.3242771524E+001
    865200   0.8027505910E+003   0.3594835057E+001
    865300   0.8097839544E+003   0.2874060120E+001
    865400   0.7874884001E+003   0.3247827478E+001
    865500   0.7937770980E+003   0.3243223618E+001
    865600   0.8065005817E+003   0.3591918202E+001
    865700   0.8035685556E+003   0.3594196093E+001
    865800   0.8096836666E+003   0.4303544931E+001
    865900   0.8200739658E+003   0.3581621428E+001
    866000   0.8141116799E+003   0.3586094871E+001
    866100   0.8090527312E+003   0.3232390367E+001
    866200   0.8006238747E+003   0.3596503550E+001
    866300   0.8040492335E+003   0.3235885514E+001
    866400   0.8048900436E+003   0.3593167017E+001
    866500   0.8040657332E+003   0.2519043618E+001
    866600   0.8084360672E+003   0.2874893710E+001
    866700   0.8024107136E+003   0.2878660301E+001
    866800   0.8127969466E+003   0.3229807889E+001
    866900   0.8015124633E+003   0.2520455844E+001
    867000   0.7892541088E+003   0.3246526098E+001
    867100   0.7918258467E+003   0.3962066799E+001
    867200   0.7971681870E+003   0.3957373938E+001
    867300   0.7939987118E+003   0.4318204734E+001
    867400   0.7976484018E+003   0.5029321100E+001
    867500   0.7987969683E+003   0.4671016957E+001
    867600   0.8038468166E+003   0.4308921872E+001
    867700   0.8101831193E+003   0.4659617435E+001
    867800   0.8044830181E+003   0.4665276931E+001
    867900   0.8114436142E+003   0.5014500872E+001
    868000   0.7872639123E+003   0.5398474149E+001
    868100   0.8081236618E+003   0.4661651428E+001
    868200   0.7988015132E+003   0.4671012331E+001
    868300   0.7947862690E+003   0.4675123775E+001
    868400   0.8086890519E+003   0.5373418083E+001
    868500   0.8104960723E+003   0.5015499929E+001
    868600   0.8120478211E+003   0.5013865240E+001
    868700   0.7977027547E+003   0.5029261528E+001
    868800   0.7987916069E+003   0.5741203205E+001
    868900   0.8092483730E+003   0.5372784772E+001
    869000   0.8004203911E+003   0.4669368361E+001
    869100   0.7944069559E+003   0.4675514702E+001
    869200   0.7841910537E+003   0.5044369893E+001
    869300   0.7849939525E+003   0.4326932837E+001
    869400   0.7928716235E+003   0.4319284429E+001
    869500   0.8024103717E+003   0.3952840380E+001
    869600   0.8169043909E+003   0.3583990007E+001
    869700   0.7998247863E+003   0.3238876499E+001
    869800   0.8039218909E+003   0.3235975135E+001
    869900   0.8046089007E+003   0.3235492028E+001
    870000   0.8104822218E+003   0.2873629562E+001
    870100   0.8172882445E+003   0.3583702014E+001
    870200   0.7974553896E+003   0.3599008764E+001
    870300   0.8010504017E+003   0.3596168088E+001
    870400   0.8066553438E+003   0.3591798507E+001
    870500   0.8014545062E+003   0.3595850649E+001
    870600   0.8092776310E+003   0.4303916032E+001
    870700   0.8044139806E+003   0.4308395382E+001
    870800   0.8205480512E+003   0.3937677298E+001
    870900   0.8029986020E+003   0.3952336002E+001
    871000   0.8025461692E+003   0.3952723864E+001
    871100   0.8148941418E+003   0.4655009893E+001
    871200   0.8059522219E+003   0.4306971829E+001
    871300   0.8026268225E+003   0.4310057335E+001
    871400   0.8057715929E+003   0.3949969939E+001
    871500   0.8117151068E+003   0.4301694804E+001
    871600   0.8147010944E+003   0.3585649222E+001
    871700   0.8154959416E+003   0.3227963563E+001
    871800   0.8039727529E+003   0.3593880913E+001
    871900   0.8078331153E+003   0.3590889369E+001
    872000   0.8163947465E+003   0.3227352547E+001
    872100   0.7856723687E+003   0.3608534249E+001
    872200   0.7999895654E+003   0.3954925273E+001
    872300   0.7886700819E+003   0.4323341309E+001
    872400   0.7918075852E+003   0.3962082968E+001
    872500   0.8166167502E+003   0.4297275000E+001
    872600   0.8062297340E+003   0.4306715686E+001
    872700   0.7829754352E+003   0.4328921808E+001
    872800   0.8189307608E+003   0.4651111242E+001
    872900   0.8183248869E+003   0.4295749328E+001
    873000   0.8029839959E+003   0.4666780927E+001
    873100   0.8104956566E+003   0.4659309820E+001
    873200   0.8103699623E+003   0.4659433501E+001
    873300   0.8190898815E+003   0.4295068464E+001
    873400   0.8139038183E+003   0.4299713545E+001
    873500   0.8109535257E+003   0.4658859663E+001
    873600   0.7926320887E+003   0.3961353804E+001
    873700   0.7994014985E+003   0.3955433979E+001
    873800   0.8194310467E+003   0.4294765298E+001
    873900   0.7978513783E+003   0.4314541135E+001
    874000   0.7935742248E+003   0.4318610948E+001
    874100   0.8140332951E+003   0.3943032543E+001
    874200   0.8144412349E+003   0.3942694265E+001
    874300   0.8114221609E+003   0.4301960934E+001
    874400   0.8017880863E+003   0.4667985537E+001
    874500   0.8114859126E+003   0.4301902999E+001
    874600   0.8057742788E+003   0.4307136179E+001
    874700   0.8028775933E+003   0.4666887933E+001
    874800   0.8118294965E+003   0.3944866903E+001
    874900   0.8075077875E+003   0.3948498229E+001
    875000   0.8060628509E+003   0.4306869694E+001
    875100   0.8009731802E+003   0.4311602882E+001
    875200   0.7921205249E+003   0.4677880458E+001
    875300   0.8009609334E+003   0.4311614356E+001
    875400   0.8097306086E+003   0.5016309008E+001
    875500   0.8097398547E+003   0.5016299224E+001
    875600   0.7979420618E+003   0.4671888286E+001
    875700   0.8036605736E+003   0.4666101290E+001
    875800   0.8112450677E+003   0.4658573342E+001
    875900   0.8091899927E+003   0.4660596767E+001
    876000   0.7979217634E+003   0.4314474591E+001
    876100   0.8124226069E+003   0.4301052995E+001
    876200   0.7958396221E+003   0.4674040469E+001
    876300   0.7836485640E+003   0.5044989298E+001
    876400   0.7961433128E+003   0.5030974509E+001
    876500   0.7988206290E+003   0.5741167225E+001
    876600   0.7964059696E+003   0.5744171301E+001
    876700   0.8011685550E+003   0.5025482503E+001
    876800   0.8112687619E+003   0.5370505624E+001
    876900   0.8198717330E+003   0.5360947690E+001
    877000   0.8091772284E+003   0.6083861134E+001
    877100   0.7999270881E+003   0.6451486006E+001
    877200   0.8045332354E+003   0.6800208720E+001
    877300   0.7931784925E+003   0.6816748635E+001
    877400   0.7863645491E+003   0.6470587221E+001
    877500   0.7939122632E+003   0.6103740607E+001
    877600   0.7922502638E+003   0.6105959293E+001
    877700   0.7908602897E+003   0.6107823245E+001
    877800   0.7813660138E+003   0.6120763698E+001
    877900   0.7953305293E+003   0.6101855893E+001
    878000   0.8101231411E+003   0.6082658097E+001
    878100   0.7818497478E+003   0.6477118644E+001
    878200   0.7931346190E+003   0.6460956613E+001
    878300   0.7801772181E+003   0.5764929514E+001
    878400   0.7927510611E+003   0.5748759243E+001
    878500   0.8115933748E+003   0.5725624370E+001
    878600   0.7992318351E+003   0.5740657765E+001
    878700   0.8013287521E+003   0.5738069335E+001
    878800   0.8015716198E+003   0.5381567534E+001
    878900   0.8081048827E+003   0.5018033321E+001
    879000   0.8007132475E+003   0.4669071799E+001
    879100   0.8105456624E+003   0.4659260627E+001
    879200   0.8128754624E+003   0.4656976576E+001
    879300   0.8053594506E+003   0.4307519649E+001
    879400   0.8218532806E+003   0.4648316537E+001
    879500   0.8056333880E+003   0.4307266368E+001
    879600   0.8033103289E+003   0.4309420689E+001
    879700   0.8091708014E+003   0.4660615720E+001
    879800   0.8042845190E+003   0.4665475711E+001
    879900   0.8052515607E+003   0.3950412202E+001
    880000   0.7992287470E+003   0.3955583584E+001
    880100   0.7983093088E+003   0.4314108440E+001
    880200   0.8048855538E+003   0.3950723875E+001
    880300   0.8200942613E+003   0.3938047096E+001
    880400   0.8262495635E+003   0.3933071513E+001
    880500   0.8128908390E+003   0.3943982027E+001
    880600   0.8219169133E+003   0.3580254045E+001
    880700   0.8210190561E+003   0.3580919317E+001
    880800   0.8165475174E+003   0.3940953954E+001
    880900   0.8189388880E+003   0.3938990788E+001
    881000   0.8008907563E+003   0.3954147402E+001
    881100   0.8114646745E+003   0.4301922298E+001
    881200   0.7950272198E+003   0.3600944537E+001
    881300   0.8037070280E+003   0.4309051770E+001
    881400   0.8106230710E+003   0.4302688022E+001
    881500   0.8052294221E+003   0.4307639944E+001
    881600   0.8050274738E+003   0.4307826865E+001
    881700   0.8056627402E+003   0.4307239241E+001
    881800   0.8015076018E+003   0.4668268673E+001
    881900   0.7872903974E+003   0.4682931336E+001
    882000   0.7995289966E+003   0.4312958804E+001
    882100   0.7909345782E+003   0.4679113885E+001
    882200   0.7979570727E+003   0.4314441214E+001
    882300   0.7971621192E+003   0.4315193513E+001
    882400   0.7907142626E+003   0.4321361174E+001
    882500   0.8069534370E+003   0.4306048682E+001
    882600   0.7979517049E+003   0.4671878446E+001
    882700   0.7965103666E+003   0.5030570607E+001
    882800   0.8046374221E+003   0.5021738340E+001
    882900   0.7991144646E+003   0.5740803117E+001
    883000   0.8220653141E+003   0.5003485758E+001
    883100   0.7890739541E+003   0.5038839767E+001
    883200   0.7953465361E+003   0.5031852779E+001
    883300   0.8064385872E+003   0.5019809117E+001
    883400   0.8016427476E+003   0.5381485253E+001
    883500   0.8109245563E+003   0.5015047811E+001
    883600   0.8124204212E+003   0.5369212400E+001
    883700   0.8084545307E+003   0.5373683934E+001
    883800   0.8172942708E+003   0.5008392111E+001
    883900   0.8061215393E+003   0.5376338449E+001
    884000   0.7960405702E+003   0.5388018687E+001
    884100   0.7989587964E+003   0.5384601951E+001
    884200   0.8047438813E+003   0.5733887519E+001
    884300   0.8056223529E+003   0.5020682131E+001
    884400   0.8157941180E+003   0.4654136767E+001
    884500   0.8012056065E+003   0.5381991208E+001
    884600   0.7973733554E+003   0.5029622704E+001
    884700   0.8043979555E+003   0.4665362100E+001
    884800   0.8108467523E+003   0.4658964585E+001
    884900   0.7971488377E+003   0.4672698712E+001
    885000   0.7876660413E+003   0.4324318325E+001
    885100   0.7890444284E+003   0.3964539699E+001
    885200   0.7945272921E+003   0.3242680140E+001
    885300   0.8055394841E+003   0.3234839181E+001
    885400   0.8243579978E+003   0.2508184046E+001
    885500   0.8032307601E+003   0.2519504283E+001
    885600   0.8080959232E+003   0.2516835836E+001
    885700   0.7937530566E+003   0.3243241054E+001
    885800   0.8033147121E+003   0.2878090955E+001
    885900   0.8075411646E+003   0.2517138202E+001
    886000   0.8070728656E+003   0.2875740098E+001
    886100   0.8117646338E+003   0.3230517111E+001
    886200   0.8128057366E+003   0.3229801859E+001
    886300   0.8118368077E+003   0.3587821987E+001
    886400   0.8083389056E+003   0.3590499896E+001
    886500   0.8027118079E+003   0.3594865391E+001
    886600   0.8002406382E+003   0.3596805323E+001
    886700   0.8121307472E+003   0.3587598186E+001
    886800   0.8093493998E+003   0.3946945251E+001
    886900   0.7987375056E+003   0.3597992224E+001
    887000   0.8023436520E+003   0.3595153513E+001
    887100   0.8104222259E+003   0.3231442546E+001
    887200   0.8044975644E+003   0.3235570254E+001
    887300   0.8075622719E+003   0.2875435848E+001
    887400   0.8037172304E+003   0.2519235754E+001
    887500   0.8125266220E+003   0.2872373958E+001
    887600   0.8016946269E+003   0.2879112370E+001
    887700   0.7946578015E+003   0.2164668106E+001
    887800   0.8134730285E+003   0.2513930174E+001
    887900   0.8069648213E+003   0.2875807324E+001
    888000   0.7930702598E+003   0.2884632532E+001
    888100   0.8027530806E+003   0.2878444498E+001
    888200   0.7792131996E+003   0.3254019398E+001
    888300   0.7947770757E+003   0.3242499453E+001
    888400   0.7889564888E+003   0.2887315752E+001
    888500   0.7959070600E+003   0.2882801247E+001
    888600   0.7825512148E+003   0.3251503125E+001
    888700   0.7943540651E+003   0.3242805527E+001
    888800   0.8121328320E+003   0.2872615235E+001
    888900   0.7968292557E+003   0.3241020001E+001
    889000   0.7986202089E+003   0.2881064107E+001
    889100   0.7967816069E+003   0.2882239782E+001
    889200   0.8092931017E+003   0.3946992602E+001
    889300   0.8098494773E+003   0.3589340111E+001
    889400   0.8008041632E+003   0.3596361703E+001
    889500   0.8084150574E+003   0.3232832985E+001
    889600   0.8113136747E+003   0.3945297941E+001
    889700   0.7938686649E+003   0.3601873066E+001
    889800   0.7961779558E+003   0.4316127317E+001
    889900   0.7993779427E+003   0.4313100959E+001
    890000   0.7947343513E+003   0.4317501970E+001
    890100   0.7958684574E+003   0.3958508837E+001
    890200   0.7900390452E+003   0.3963653052E+001
    890300   0.8074957112E+003   0.4305549811E+001
    890400   0.8086800879E+003   0.4304462957E+001
    890500   0.8010673280E+003   0.4311514687E+001
    890600   0.8083295930E+003   0.4661447496E+001
    890700   0.7930757131E+003   0.4676890180E+001
    890800   0.7928152554E+003   0.4319338521E+001
    890900   0.7910657099E+003   0.4321021951E+001
    891000   0.7999619550E+003   0.4312551703E+001
    891100   0.7969385281E+003   0.3599419651E+001
    891200   0.7973665864E+003   0.3240634111E+001
    891300   0.8086542449E+003   0.2874758559E+001
    891400   0.7917925338E+003   0.2885462415E+001
    891500   0.8140235374E+003   0.2513635234E+001
    891600   0.8097163140E+003   0.2515955444E+001
    891700   0.8168550232E+003   0.2154196937E+001
    891800   0.8113758514E+003   0.2515058061E+001
    891900   0.8095231026E+003   0.2157581020E+001
    892000   0.7965031562E+003   0.2163771380E+001
    892100   0.8119016549E+003   0.1797858644E+001
    892200   0.8095536267E+003   0.1798771312E+001
    892300   0.8048477947E+003   0.1800619312E+001
    892400   0.7996275419E+003   0.2162264237E+001
    892500   0.8077777102E+003   0.2517009215E+001
    892600   0.8115565002E+003   0.2514960637E+001
    892700   0.8100607937E+003   0.1798573652E+001
    892800   0.8157869343E+003   0.2154685477E+001
    892900   0.7816512990E+003   0.2171130442E+001
    893000   0.7983868494E+003   0.2522199114E+001
    893100   0.7927872724E+003   0.2165582090E+001
    893200   0.7960400452E+003   0.2163995962E+001
    893300   0.7873510163E+003   0.2168267480E+001
    893400   0.7921216137E+003   0.2525742309E+001
    893500   0.7886548400E+003   0.2887513802E+001
    893600   0.7937683534E+003   0.3601953612E+001
    893700   0.8070018561E+003   0.3233816833E+001
    893800   0.7975311917E+003   0.2881759698E+001
    893900   0.8139495461E+003   0.2513674848E+001
    894000   0.8218076046E+003   0.2509514392E+001
    894100   0.8018242660E+003   0.2520282817E+001
    894200   0.8075479665E+003   0.2875444735E+001
    894300   0.8077437869E+003   0.2517027708E+001
    894400   0.8006649507E+003   0.2879764078E+001
    894500   0.8114008643E+003   0.2873064443E+001
    894600   0.7940436736E+003   0.2524648314E+001
    894700   0.8008751440E+003   0.2879630881E+001
    894800   0.8153776246E+003   0.2870635292E+001
    894900   0.8130987808E+003   0.2872023884E+001
    895000   0.7994733654E+003   0.2880520726E+001
    895100   0.8212478596E+003   0.2867099885E+001
    895200   0.8174842944E+003   0.2153909812E+001
    895300   0.8082750207E+003   0.2158164265E+001
    895400   0.7914529360E+003   0.2166237193E+001
    895500   0.8117950361E+003   0.1797899952E+001
    895600   0.8143812330E+003   0.1796901552E+001
    895700   0.8208686961E+003   0.1436171527E+001
    895800   0.8138998456E+003   0.1797086827E+001
    895900   0.8124059004E+003   0.1079553592E+001
    896000   0.8077680301E+003   0.1440217310E+001
    896100   0.8025213518E+003   0.2160880638E+001
    896200   0.8122520131E+003   0.1438815288E+001
    896300   0.7997232266E+003   0.1802660894E+001
    896400   0.8128620694E+003   0.1797487120E+001
    896500   0.8111402395E+003   0.2156828446E+001
    896600   0.8088721953E+003   0.2516413554E+001
    896700   0.8069146097E+003   0.2158802420E+001
    896800   0.8189380638E+003   0.2153248461E+001
    896900   0.8153279262E+003   0.1796537941E+001
    897000   0.8222516933E+003   0.1793908466E+001
    897100   0.8150148333E+003   0.2155039569E+001
    897200   0.8081181434E+003   0.2158237726E+001
    897300   0.8104522022E+003   0.2515556985E+001
    897400   0.8208933738E+003   0.2509993635E+001
    897500   0.8066745609E+003   0.2517611514E+001
    897600   0.8060787747E+003   0.2159195757E+001
    897700   0.8174417912E+003   0.2511814297E+001
    897800   0.8027111031E+003   0.3236828931E+001
    897900   0.8047389411E+003   0.2877197013E+001
    898000   0.7996985935E+003   0.2880377505E+001
    898100   0.8030753858E+003   0.2878241538E+001
    898200   0.7971716219E+003   0.2881989858E+001
    898300   0.7940321405E+003   0.2524654860E+001
    898400   0.8043602371E+003   0.2518881404E+001
    898500   0.8011644804E+003   0.2520649135E+001
    898600   0.8095236601E+003   0.2874220843E+001
    898700   0.8211726489E+003   0.3224130767E+001
    898800   0.7948259816E+003   0.3242464091E+001
    898900   0.8113696785E+003   0.2873083603E+001
    899000   0.7945367428E+003   0.2883683926E+001
    899100   0.8200499215E+003   0.3224883880E+001
    899200   0.8062320015E+003   0.3234354498E+001
    899300   0.8129037575E+003   0.3229734628E+001
    899400   0.8047401232E+003   0.3235399862E+001
    899500   0.8061678376E+003   0.3234399364E+001
    899600   0.8016505368E+003   0.3953493187E+001
    899700   0.8063682817E+003   0.3949463309E+001
    899800   0.7980297009E+003   0.3956624074E+001
    899900   0.7929611628E+003   0.4319198522E+001
    900000   0.7965769350E+003   0.4315748426E+001
    900100   0.7993943494E+003   0.3955440168E+001
    900200   0.7942141548E+003   0.3959959663E+001
    900300   0.7948189048E+003   0.3959428472E+001
    900400   0.7978002597E+003   0.4314589473E+001
    900500   0.8008984849E+003   0.3954140740E+001
    900600   0.7992960420E+003   0.3955525297E+001
    900700   0.7914404732E+003   0.3603829537E+001
    900800   0.7968264562E+003   0.3599508827E+001
    900900   0.8159478725E+003   0.3227656139E+001
    901000   0.8012602596E+003   0.2879387052E+001
    901100   0.8116398816E+003   0.2872917654E+001
    901200   0.8100302517E+003   0.3231713445E+001
    901300   0.8129241897E+003   0.3586995017E+001
    901400   0.8001335303E+003   0.4312390517E+001
    901500   0.8041553691E+003   0.3593738636E+001
    901600   0.7961536772E+003   0.3600044781E+001
    901700   0.8003478210E+003   0.3596720889E+001
    901800   0.7996336294E+003   0.3239012720E+001
    901900   0.7943280794E+003   0.3242824342E+001
    902000   0.7896184864E+003   0.2886881736E+001
    902100   0.8172271318E+003   0.2869514985E+001
    902200   0.7967363317E+003   0.2882268813E+001
    902300   0.7932649204E+003   0.2525090811E+001
    902400   0.7813263615E+003   0.2892380899E+001
    902500   0.7903766575E+003   0.2886385721E+001
    902600   0.8001390340E+003   0.2521219882E+001
    902700   0.7903430791E+003   0.2526760202E+001
    902800   0.8067707138E+003   0.2517558940E+001
    902900   0.7976210605E+003   0.2881702211E+001
    903000   0.8058490661E+003   0.2518063487E+001
    903100   0.7958560280E+003   0.2523622464E+001
    903200   0.7942012568E+003   0.2164890716E+001
    903300   0.7863179605E+003   0.1808150146E+001
    903400   0.8049544091E+003   0.1441106443E+001
    903500   0.8091651256E+003   0.2874442425E+001
    903600   0.8037906440E+003   0.2519195264E+001
    903700   0.8002917730E+003   0.2161945611E+001
    903800   0.8204981929E+003   0.2152541782E+001
    903900   0.8130722799E+003   0.2155933932E+001
    904000   0.8103367095E+003   0.1439411920E+001
    904100   0.7993128445E+003   0.1802825721E+001
    904200   0.8087114540E+003   0.1799100179E+001
    904300   0.8042707734E+003   0.1800847663E+001
    904400   0.7981575832E+003   0.2162971585E+001
    904500   0.8033495321E+003   0.2160486824E+001
    904600   0.7976411804E+003   0.2163220809E+001
    904700   0.7932213137E+003   0.2884534631E+001
    904800   0.7820963007E+003   0.2891864491E+001
    904900   0.7973858813E+003   0.3240620265E+001
    905000   0.8012195987E+003   0.3237884847E+001
    905100   0.7928469287E+003   0.3602694592E+001
    905200   0.7956837085E+003   0.3958670510E+001
    905300   0.7980164962E+003   0.4314385049E+001
    905400   0.7981830107E+003   0.3956490833E+001
    905500   0.8071302820E+003   0.4305885905E+001
    905600   0.8033732339E+003   0.4666389765E+001
    905700   0.7967638598E+003   0.4673092721E+001
    905800   0.8072264313E+003   0.5375079045E+001
    905900   0.7960036040E+003   0.4673872127E+001
    906000   0.7939092143E+003   0.4676028348E+001
    906100   0.7840575897E+003   0.4686352842E+001
    906200   0.7990448558E+003   0.3955742920E+001
    906300   0.8114139175E+003   0.3945214124E+001
    906400   0.7963560449E+003   0.3599883458E+001
    906500   0.7920218775E+003   0.3603359795E+001
    906600   0.8057877151E+003   0.3234665335E+001
    906700   0.8084901689E+003   0.3232780807E+001
    906800   0.8117849829E+003   0.3230503110E+001
    906900   0.8182301387E+003   0.3939571226E+001
    907000   0.8120053488E+003   0.4301431353E+001
    907100   0.8214466452E+003   0.3580602281E+001
    907200   0.8096789015E+003   0.3231956531E+001
    907300   0.8002695971E+003   0.2521147117E+001
    907400   0.8180546162E+003   0.2869015673E+001
    907500   0.8205835253E+003   0.2510156343E+001
    907600   0.7979291646E+003   0.2881505240E+001
    907700   0.8065621605E+003   0.2876058051E+001
    907800   0.8059956828E+003   0.2876411280E+001
    907900   0.8037119210E+003   0.2160314802E+001
    908000   0.8067282728E+003   0.2875954581E+001
    908100   0.7984613347E+003   0.2881165446E+001
    908200   0.8021108421E+003   0.2520123929E+001
    908300   0.8168211847E+003   0.2512143572E+001
    908400   0.8203479867E+003   0.2510280125E+001
    908500   0.8190444189E+003   0.2510966696E+001
    908600   0.8177794881E+003   0.2153775299E+001
    908700   0.8028285102E+003   0.2519726612E+001
    908800   0.8191742097E+003   0.2510898223E+001
    908900   0.8003650908E+003   0.2521093914E+001
    909000   0.8168218491E+003   0.2869759969E+001
    909100   0.7996135808E+003   0.3239027012E+001
    909200   0.7995078052E+003   0.3239102426E+001
    909300   0.7961409451E+003   0.2882650949E+001
    909400   0.8089292993E+003   0.2157858248E+001
    909500   0.8048131841E+003   0.2877150515E+001
    909600   0.8041087253E+003   0.2877592120E+001
    909700   0.8013819206E+003   0.3595907640E+001
    909800   0.7993253191E+003   0.3597527451E+001
    909900   0.8055533806E+003   0.3234829446E+001
    910000   0.8135182028E+003   0.3229313622E+001
    910100   0.8124573185E+003   0.3230040988E+001
    910200   0.7992395037E+003   0.3239293822E+001
    910300   0.8055309649E+003   0.3234845150E+001
    910400   0.8014281454E+003   0.3595871345E+001
    910500   0.7892925227E+003   0.3964318290E+001
    910600   0.8058093784E+003   0.3592453445E+001
    910700   0.8086509761E+003   0.3232669135E+001
    910800   0.8005559165E+003   0.3596557038E+001
    910900   0.8102937223E+003   0.3588999993E+001
    911000   0.8019011657E+003   0.3237401756E+001
    911100   0.7940253460E+003   0.3960125701E+001
    911200   0.8054629873E+003   0.3592722083E+001
    911300   0.7926461673E+003   0.3961341369E+001
    911400   0.8245396911E+003   0.3221886576E+001
    911500   0.8075029924E+003   0.2875472677E+001
    911600   0.8068805806E+003   0.2517498884E+001
    911700   0.7819714640E+003   0.2531624953E+001
    911800   0.7827611330E+003   0.2531160824E+001
    911900   0.7931157658E+003   0.2525175679E+001
    912000   0.8109969764E+003   0.1798209553E+001
    912100   0.8249974054E+003   0.2150521339E+001
    912200   0.8175844493E+003   0.2153864161E+001
    912300   0.8257359149E+003   0.2150192162E+001
    912400   0.8207230843E+003   0.2152440174E+001
    912500   0.8106718688E+003   0.2515438208E+001
    912600   0.8119498094E+003   0.2514748700E+001
    912700   0.7994221198E+003   0.2880553326E+001
    912800   0.7842586247E+003   0.3250225811E+001
    912900   0.8095563596E+003   0.3232041371E+001
    913000   0.8089045429E+003   0.2516395978E+001
    913100   0.8052246572E+003   0.2518406085E+001
    913200   0.8081525132E+003   0.2516805019E+001
    913300   0.8120595187E+003   0.2156402206E+001
    913400   0.8174482682E+003   0.2153926236E+001
    913500   0.8143052459E+003   0.2155365686E+001
    913600   0.8160545080E+003   0.2154562949E+001
    913700   0.8059802596E+003   0.2517991583E+001
    913800   0.8113974373E+003   0.2515046417E+001
    913900   0.8024322486E+003   0.2519945888E+001
    914000   0.8113049888E+003   0.3230833579E+001
    914100   0.7994304288E+003   0.2880548040E+001
    914200   0.7999428832E+003   0.2880222269E+001
    914300   0.7995399093E+003   0.2880478401E+001
    914400   0.8082736608E+003   0.3232931241E+001
    914500   0.8000967790E+003   0.2880124532E+001
    914600   0.7998211913E+003   0.2880299585E+001
    914700   0.8063835861E+003   0.2876169339E+001
    914800   0.7975092235E+003   0.3240531777E+001
    914900   0.8016677676E+003   0.2879129345E+001
    915000   0.8145760450E+003   0.3585743707E+001
    915100   0.8045638555E+003   0.3235523674E+001
    915200   0.8046145901E+003   0.3235488031E+001
    915300   0.8003867649E+003   0.2879940486E+001
    915400   0.8102887107E+003   0.2515645437E+001
    915500   0.7996642145E+003   0.2880399360E+001
    915600   0.7978034731E+003   0.2163142443E+001
    915700   0.8128233185E+003   0.2156048918E+001
    915800   0.8003502537E+003   0.2879963650E+001
    915900   0.7970329667E+003   0.2163514829E+001
    916000   0.7849118881E+003   0.2529902308E+001
    916100   0.7974481398E+003   0.2522725809E+001
    916200   0.7970865499E+003   0.1803723379E+001
    916300   0.8006426413E+003   0.2161777553E+001
    916400   0.8038349394E+003   0.2160256448E+001
    916500   0.8010840962E+003   0.2520693813E+001
    916600   0.8008041717E+003   0.2161700242E+001
    916700   0.8054923335E+003   0.2159472305E+001
    916800   0.7997802127E+003   0.2162190947E+001
    916900   0.8003913455E+003   0.1442564080E+001
    917000   0.7950559495E+003   0.1804547302E+001
    917100   0.7919115023E+003   0.1445325578E+001
    917200   0.8125037849E+003   0.1438737105E+001
    917300   0.8040561656E+003   0.1081528581E+001
    917400   0.8008270019E+003   0.1082305404E+001
    917500   0.7930177028E+003   0.1444961385E+001
    917600   0.8217560372E+003   0.1435902968E+001
    917700   0.8118857206E+003   0.1797864817E+001
    917800   0.8098375026E+003   0.2157434430E+001
    917900   0.8064320418E+003   0.2159029395E+001
    918000   0.8090908673E+003   0.1439801793E+001
    918100   0.8068567288E+003   0.2158829627E+001
    918200   0.8075958003E+003   0.2158482564E+001
    918300   0.7996001862E+003   0.1802710291E+001
    918400   0.7993986504E+003   0.2162374179E+001
    918500   0.8221628292E+003   0.2151791230E+001
    918600   0.8038274009E+003   0.1441464646E+001
    918700   0.8031300025E+003   0.1441686896E+001
    918800   0.8128178662E+003   0.1797504197E+001
    918900   0.8041793718E+003   0.2160093178E+001
    919000   0.8134764084E+003   0.2155747456E+001
    919100   0.8140811807E+003   0.2155468803E+001
    919200   0.8226549105E+003   0.1793756933E+001
    919300   0.8016042499E+003   0.1801907941E+001
    919400   0.8130331456E+003   0.2155952001E+001
    919500   0.7967137104E+003   0.2163669375E+001
    919600   0.8067467288E+003   0.2875943088E+001
    919700   0.7968583672E+003   0.3240999079E+001
    919800   0.8134236712E+003   0.2155771778E+001
    919900   0.8071430174E+003   0.1799714802E+001
    920000   0.8043313639E+003   0.1441304323E+001
    920100   0.8171228196E+003   0.1078458842E+001
    920200   0.8121772018E+003   0.1438838530E+001
    920300   0.7950854287E+003   0.1083705019E+001
    920400   0.7968649513E+003   0.1443704047E+001
    920500   0.7969773187E+003   0.2163541757E+001
    920600   0.8202448950E+003   0.1436360733E+001
    920700   0.8074449815E+003   0.1799596253E+001
    920800   0.8032429286E+003   0.1801255379E+001
    920900   0.8173703410E+003   0.2511852177E+001
    921000   0.8117138108E+003   0.2514875840E+001
    921100   0.8083270550E+003   0.2874961271E+001
    921200   0.8026854345E+003   0.2878487120E+001
    921300   0.8020426248E+003   0.2878892559E+001
    921400   0.7970567448E+003   0.2522945846E+001
    921500   0.7962976116E+003   0.2523373347E+001
    921600   0.7997520388E+003   0.2521435724E+001
    921700   0.8020752373E+003   0.2520143662E+001
    921800   0.7898863751E+003   0.2527022457E+001
    921900   0.7905545323E+003   0.2886269513E+001
    922000   0.7843278462E+003   0.2530243255E+001
    922100   0.8044954879E+003   0.2159943475E+001
    922200   0.8160393836E+003   0.1796265333E+001
    922300   0.7920121383E+003   0.2165962331E+001
    922400   0.8002906382E+003   0.1802433326E+001
    922500   0.8073466712E+003   0.2517244324E+001
    922600   0.8011150798E+003   0.2520676591E+001
    922700   0.8077940962E+003   0.2875291881E+001
    922800   0.8227681839E+003   0.2509012197E+001
    922900   0.8141370946E+003   0.2513574453E+001
    923000   0.8004595028E+003   0.2879894346E+001
    923100   0.8216871680E+003   0.2866837686E+001
    923200   0.8081837492E+003   0.2516788012E+001
    923300   0.7993490635E+003   0.2880599810E+001
    923400   0.7931191191E+003   0.3243701287E+001
    923500   0.7947174687E+003   0.3242542559E+001
    923600   0.7931632925E+003   0.3243669189E+001
    923700   0.8025789908E+003   0.3236922274E+001
    923800   0.7923769838E+003   0.3244241171E+001
    923900   0.7956080865E+003   0.3241899281E+001
    924000   0.7928382062E+003   0.2884783016E+001
    924100   0.8115335817E+003   0.2872982924E+001
    924200   0.8119360101E+003   0.3230399225E+001
    924300   0.8057761088E+003   0.3234673461E+001
    924400   0.8002543097E+003   0.3238570693E+001
    924500   0.8081777373E+003   0.3590623938E+001
    924600   0.7994205189E+003   0.4313060885E+001
    924700   0.7915152403E+003   0.4678509433E+001
    924800   0.7964882382E+003   0.5030594944E+001
    924900   0.8021369925E+003   0.5380913985E+001
    925000   0.8207796434E+003   0.4649340517E+001
    925100   0.8224908991E+003   0.4292059393E+001
    925200   0.8134872602E+003   0.4300089659E+001
    925300   0.8019793272E+003   0.3953210531E+001
    925400   0.8154398709E+003   0.4298330517E+001
    925500   0.8239050298E+003   0.4290816775E+001
    925600   0.8016063876E+003   0.4311010182E+001
    925700   0.8077157930E+003   0.3590979792E+001
    925800   0.8006960397E+003   0.3596446763E+001
    925900   0.7978691847E+003   0.3956763644E+001
    926000   0.8129468236E+003   0.4300578296E+001
    926100   0.8136109244E+003   0.4299977954E+001
    926200   0.8122373122E+003   0.3944526573E+001
    926300   0.8216149563E+003   0.3936809747E+001
    926400   0.8209984086E+003   0.3937310770E+001
    926500   0.8093203139E+003   0.3946969713E+001
    926600   0.8221700606E+003   0.3580066782E+001
    926700   0.8174312124E+003   0.3940226929E+001
    926800   0.8213958714E+003   0.3936987681E+001
    926900   0.8143437467E+003   0.3942775070E+001
    927000   0.8173683779E+003   0.3940278563E+001
    927100   0.8092623855E+003   0.4660525285E+001
    927200   0.8096080134E+003   0.4303614042E+001
    927300   0.7874794336E+003   0.5040636768E+001
    927400   0.8063646493E+003   0.4306591234E+001
    927500   0.8191038225E+003   0.3938855881E+001
    927600   0.8244887233E+003   0.3934486006E+001
    927700   0.7920839844E+003   0.3961838331E+001
    927800   0.8088502213E+003   0.3590106750E+001
    927900   0.8090269449E+003   0.3589971004E+001
    928000   0.8080019710E+003   0.4661771994E+001
    928100   0.7883030281E+003   0.4681866390E+001
    928200   0.8015245928E+003   0.5025096459E+001
    928300   0.7926775435E+003   0.5034809870E+001
    928400   0.8050753913E+003   0.4664684403E+001
    928500   0.7859109531E+003   0.4684387244E+001
    928600   0.8032009091E+003   0.4666562887E+001
    928700   0.7936726007E+003   0.5033704672E+001
    928800   0.8033544371E+003   0.5023118728E+001
    928900   0.7865407104E+003   0.5041698705E+001
    929000   0.8005895002E+003   0.4669197081E+001
    929100   0.8124915096E+003   0.4657351934E+001
    929200   0.7950884729E+003   0.5745819426E+001
    929300   0.7960675380E+003   0.5387986978E+001
    929400   0.7878234664E+003   0.5755023964E+001
    929500   0.8009670634E+003   0.5738514669E+001
    929600   0.7976158911E+003   0.6098835439E+001
    929700   0.8096509698E+003   0.6438251432E+001
    929800   0.8248068105E+003   0.5710136005E+001
    929900   0.8125646935E+003   0.5724465768E+001
    930000   0.8160935710E+003   0.6075139892E+001
    930100   0.8044018588E+003   0.6089985140E+001
    930200   0.8112838037E+003   0.6081186416E+001
    930300   0.8104808814E+003   0.5726955358E+001
    930400   0.8232607100E+003   0.5357246529E+001
    930500   0.7985078695E+003   0.6097662052E+001
    930600   0.8245211874E+003   0.5710464682E+001
    930700   0.8128809981E+003   0.6079169256E+001
    930800   0.8104303170E+003   0.6082268129E+001
    930900   0.8040650542E+003   0.6090420278E+001
    931000   0.8097450954E+003   0.6083138511E+001
    931100   0.8028435991E+003   0.6092001936E+001
    931200   0.8050891226E+003   0.6089098545E+001
    931300   0.8083187532E+003   0.6084955816E+001
    931400   0.7861803328E+003   0.6114156001E+001
    931500   0.7997964314E+003   0.6095972378E+001
    931600   0.7914793821E+003   0.6106992094E+001
    931700   0.8031410011E+003   0.6091616313E+001
    931800   0.8105689608E+003   0.5726849824E+001
    931900   0.7952164759E+003   0.5745659020E+001
    932000   0.7931314599E+003   0.5034305306E+001
    932100   0.8008287460E+003   0.5025851326E+001
    932200   0.8042183915E+003   0.5022188616E+001
    932300   0.8035642041E+003   0.5379268977E+001
    932400   0.7827226775E+003   0.5403992393E+001
    932500   0.8172390503E+003   0.5008449290E+001
    932600   0.7887215790E+003   0.5753875290E+001
    932700   0.7990027832E+003   0.5384550674E+001
    932800   0.7846587660E+003   0.5401630580E+001
    932900   0.8027854330E+003   0.5380165741E+001
    933000   0.8040804293E+003   0.5378675659E+001
    933100   0.8167407042E+003   0.5364399041E+001
    933200   0.8069634735E+003   0.5375378410E+001
    933300   0.8017254372E+003   0.5381389620E+001
    933400   0.8161797772E+003   0.5365020623E+001
    933500   0.8099947449E+003   0.5371941260E+001
    933600   0.8040423967E+003   0.5734743089E+001
    933700   0.8251881503E+003   0.5355157359E+001
    933800   0.8036641756E+003   0.5379154006E+001
    933900   0.8072473526E+003   0.5375055237E+001
    934000   0.8191907850E+003   0.4650861645E+001
    934100   0.8304837823E+003   0.4285100847E+001
    934200   0.8176360643E+003   0.4296363673E+001
    934300   0.8028381566E+003   0.4666927602E+001
    934400   0.8022651254E+003   0.5380766018E+001
    934500   0.8160376468E+003   0.5365178281E+001
    934600   0.8105685644E+003   0.5726850299E+001
    934700   0.7987582685E+003   0.5741244540E+001
    934800   0.8074496291E+003   0.5730603732E+001
    934900   0.7945215282E+003   0.5746530621E+001
    935000   0.8139748463E+003   0.5722789470E+001
    935100   0.8138139084E+003   0.5012013630E+001
    935200   0.8039311724E+003   0.5022497569E+001
    935300   0.8035720609E+003   0.5022884218E+001
    935400   0.8013052646E+003   0.5381875805E+001
    935500   0.8047468285E+003   0.5377911059E+001
    935600   0.8059168308E+003   0.6088033120E+001
    935700   0.8036312658E+003   0.5379191850E+001
    935800   0.8039546014E+003   0.5378820196E+001
    935900   0.8202617188E+003   0.5005332665E+001
    936000   0.8148843391E+003   0.5010895932E+001
    936100   0.8024159547E+003   0.4667352576E+001
    936200   0.7940188591E+003   0.5033320850E+001
    936300   0.8002483520E+003   0.5383101414E+001
    936400   0.8122870769E+003   0.5369361916E+001
    936500   0.7957834841E+003   0.5744949203E+001
    936600   0.8011969354E+003   0.6094143136E+001
    936700   0.8075657367E+003   0.6085918264E+001
    936800   0.8065788528E+003   0.5731657721E+001
    936900   0.7965471629E+003   0.6100245397E+001
    937000   0.7959786619E+003   0.5744705141E+001
    937100   0.8055278828E+003   0.5377016795E+001
    937200   0.8123004208E+003   0.5724780675E+001
    937300   0.8101257281E+003   0.5371793416E+001
    937400   0.8006712337E+003   0.5382610580E+001
    937500   0.8033612165E+003   0.5379502523E+001
    937600   0.7901621704E+003   0.5394991324E+001
    937700   0.8089537456E+003   0.5728789399E+001
    937800   0.8062136301E+003   0.6087651703E+001
    937900   0.8042726665E+003   0.6800582155E+001
    938000   0.7866438710E+003   0.6826521446E+001
    938100   0.8053347672E+003   0.7153728417E+001
    938200   0.8113517247E+003   0.5725913118E+001
    938300   0.7835074727E+003   0.5760587282E+001
    938400   0.7915327303E+003   0.6106920544E+001
    938500   0.8078821428E+003   0.5730081204E+001
    938600   0.8056415661E+003   0.6088387156E+001
    938700   0.8052831181E+003   0.5733231021E+001
    938800   0.8177359017E+003   0.6073094278E+001
    938900   0.8193494571E+003   0.5716462246E+001
    939000   0.8142312125E+003   0.6077471227E+001
    939100   0.8001311723E+003   0.6095534480E+001
    939200   0.8208154902E+003   0.6069284221E+001
    939300   0.8192512572E+003   0.6071215308E+001
    939400   0.8247595453E+003   0.6418409473E+001
    939500   0.8114233611E+003   0.6790435742E+001
    939600   0.8008941151E+003   0.6450152995E+001
    939700   0.8115322521E+003   0.6435733713E+001
    939800   0.8082299978E+003   0.6440162201E+001
    939900   0.8009427383E+003   0.7160355279E+001
    940000   0.8050079407E+003   0.7154218635E+001
    940100   0.7965519781E+003   0.7167065760E+001
    940200   0.8079693750E+003   0.6795310539E+001
    940300   0.8133414793E+003   0.6787749472E+001
    940400   0.8068138600E+003   0.6086881353E+001
    940500   0.8042954743E+003   0.5734434220E+001
    940600   0.8117991143E+003   0.5725378691E+001
    940700   0.8097740624E+003   0.5016263030E+001
    940800   0.8027747448E+003   0.5380178062E+001
    940900   0.8041742254E+003   0.4665586211E+001
    941000   0.7937652700E+003   0.4676177033E+001
    941100   0.8052291969E+003   0.4664530724E+001
    941200   0.8015419295E+003   0.4668234008E+001
    941300   0.7928969314E+003   0.5391732394E+001
    941400   0.7886712758E+003   0.5396779167E+001
    941500   0.7894131967E+003   0.5752992813E+001
    941600   0.7947739686E+003   0.4675136446E+001
    941700   0.7949550755E+003   0.4674949942E+001
    941800   0.8146454414E+003   0.4655251571E+001
    941900   0.8192799667E+003   0.4294899514E+001
    942000   0.8092652948E+003   0.4660522413E+001
    942100   0.8118651380E+003   0.3944837144E+001
    942200   0.8075669941E+003   0.4662203300E+001
    942300   0.8108689236E+003   0.3945670106E+001
    942400   0.8167085497E+003   0.3584137063E+001
    942500   0.8106524529E+003   0.3945851420E+001
    942600   0.8132649806E+003   0.3943670737E+001
    942700   0.8104062391E+003   0.3946057785E+001
    942800   0.8130329690E+003   0.3943863734E+001
    942900   0.7980238816E+003   0.3598557554E+001
    943000   0.8086218189E+003   0.3590282294E+001
    943100   0.8041785231E+003   0.3593720603E+001
    943200   0.8003867464E+003   0.3596690233E+001
    943300   0.7961963452E+003   0.3600010759E+001
    943400   0.7980766076E+003   0.3956583301E+001
    943500   0.7974028197E+003   0.3240608111E+001
    943600   0.7914693073E+003   0.2885672851E+001
    943700   0.8022316622E+003   0.3595241219E+001
    943800   0.7936972486E+003   0.4318493168E+001
    943900   0.7924001444E+003   0.4319737154E+001
    944000   0.7861229800E+003   0.3967159303E+001
    944100   0.8060542082E+003   0.3949729870E+001
    944200   0.8000395094E+003   0.4312478835E+001
    944300   0.8055798686E+003   0.4307315835E+001
    944400   0.8040451008E+003   0.4308737709E+001
    944500   0.8035284457E+003   0.4666233910E+001
    944600   0.8099407466E+003   0.4303310195E+001
    944700   0.8033081664E+003   0.4309422702E+001
    944800   0.8059201191E+003   0.5020363411E+001
    944900   0.8005146343E+003   0.4669272897E+001
    945000   0.7991493411E+003   0.4670658452E+001
    945100   0.8120979826E+003   0.4657737083E+001
    945200   0.8069407715E+003   0.4662825194E+001
    945300   0.8125911750E+003   0.4300900272E+001
    945400   0.8050774913E+003   0.4664682304E+001
    945500   0.8049654769E+003   0.5021386208E+001
    945600   0.8013910472E+003   0.5025241212E+001
    945700   0.8060460626E+003   0.4663715684E+001
    945800   0.8059668394E+003   0.4663794645E+001
    945900   0.7993291641E+003   0.4670475643E+001
    946000   0.7964060926E+003   0.4315910612E+001
    946100   0.7959441581E+003   0.4316349550E+001
    946200   0.8039653157E+003   0.4665795608E+001
    946300   0.8157820351E+003   0.5009961241E+001
    946400   0.8061035267E+003   0.4306832149E+001
    946500   0.7912393663E+003   0.4678796479E+001
    946600   0.7907725450E+003   0.4321304894E+001
    946700   0.7960388933E+003   0.4673835910E+001
    946800   0.8170160716E+003   0.4652954872E+001
    946900   0.8052638841E+003   0.4664496075E+001
    947000   0.8159067191E+003   0.5009831609E+001
    947100   0.8247223914E+003   0.5000782049E+001
    947200   0.8008215632E+003   0.4668962177E+001
    947300   0.8037063199E+003   0.4666055385E+001
    947400   0.8040487205E+003   0.4308734348E+001
    947500   0.8040311606E+003   0.4665729595E+001
    947600   0.8059793295E+003   0.4663782195E+001
    947700   0.8003606401E+003   0.4669428899E+001
    947800   0.7971465957E+003   0.5743247619E+001
    947900   0.8087583956E+003   0.5373339511E+001
    948000   0.7956989303E+003   0.5745054977E+001
    948100   0.8086247952E+003   0.5729185519E+001
    948200   0.7941909526E+003   0.4675737514E+001
    948300   0.8002764040E+003   0.4669514263E+001
    948400   0.7844732096E+003   0.4685911102E+001
    948500   0.7933676083E+003   0.4676588121E+001
    948600   0.7929031590E+003   0.5391725003E+001
    948700   0.8101800689E+003   0.5371732097E+001
    948800   0.8001068102E+003   0.5383265836E+001
    948900   0.7907753298E+003   0.5394258337E+001
    949000   0.8065465305E+003   0.5731696895E+001
    949100   0.7901954530E+003   0.5037580962E+001
    949200   0.7947097727E+003   0.5389586601E+001
    949300   0.8096037000E+003   0.5728007836E+001
    949400   0.8048050839E+003   0.5377844290E+001
    949500   0.7986262368E+003   0.5384989841E+001
    949600   0.8080232748E+003   0.5729910842E+001
    949700   0.8100600130E+003   0.5371867583E+001
    949800   0.8089196495E+003   0.5728830440E+001
    949900   0.8135039878E+003   0.5367999549E+001
    950000   0.8052473618E+003   0.5377337742E+001
    950100   0.8115775497E+003   0.5370158458E+001
    950200   0.8210567467E+003   0.5004517377E+001
    950300   0.8156184797E+003   0.5010131358E+001
    950400   0.8039150377E+003   0.5022514932E+001
    950500   0.8118016864E+003   0.5014124043E+001
    950600   0.8203281571E+003   0.5005264463E+001
    950700   0.8046408816E+003   0.4665118926E+001
    950800   0.8061992995E+003   0.4663563005E+001
    950900   0.8035633504E+003   0.5022893602E+001
    951000   0.8072875176E+003   0.5018903326E+001
    951100   0.7972221479E+003   0.5386631729E+001
    951200   0.7928756844E+003   0.5034589537E+001
    951300   0.8126576445E+003   0.5013224822E+001
    951400   0.8003612353E+003   0.5382970332E+001
    951500   0.8098715167E+003   0.5372080400E+001
    951600   0.8010605386E+003   0.5025599702E+001
    951700   0.8070637288E+003   0.5375264247E+001
    951800   0.7981643008E+003   0.5741981653E+001
    951900   0.7901321368E+003   0.5752077397E+001
    952000   0.7960222324E+003   0.5744650678E+001
    952100   0.8114085329E+003   0.5370348443E+001
    952200   0.7972791202E+003   0.5386564975E+001
    952300   0.8019750368E+003   0.5381101089E+001
    952400   0.8057289742E+003   0.5020567975E+001
    952500   0.8137284238E+003   0.5367748807E+001
    952600   0.8136684168E+003   0.5012165812E+001
    952700   0.8127386923E+003   0.5013139792E+001
    952800   0.8105226024E+003   0.5015471919E+001
    952900   0.8139078558E+003   0.5011915397E+001
    953000   0.8066243172E+003   0.5019610756E+001
    953100   0.7864030945E+003   0.5041854635E+001
    953200   0.7965574790E+003   0.4673304128E+001
    953300   0.8077896598E+003   0.4661982445E+001
    953400   0.7939555412E+003   0.4675980509E+001
    953500   0.8066208585E+003   0.4663143332E+001
    953600   0.8087873214E+003   0.3947418356E+001
    953700   0.7978196640E+003   0.4672013215E+001
    953800   0.8016127998E+003   0.5025000880E+001
    953900   0.7989930955E+003   0.5027850076E+001
    954000   0.7883837848E+003   0.4681781600E+001
    954100   0.7988409748E+003   0.5384739332E+001
    954200   0.8064255213E+003   0.5019823075E+001
    954300   0.8114474946E+003   0.4658374682E+001
    954400   0.8043460989E+003   0.5022051328E+001
    954500   0.8061438155E+003   0.5020124155E+001
    954600   0.8033848850E+003   0.5023085908E+001
    954700   0.7968644942E+003   0.4672989683E+001
    954800   0.8045356145E+003   0.4665224279E+001
    954900   0.8131273636E+003   0.5012732303E+001
    955000   0.8066982378E+003   0.4663066355E+001
    955100   0.8152162106E+003   0.4654697174E+001
    955200   0.8091646652E+003   0.4660621780E+001
    955300   0.8124443576E+003   0.5013448682E+001
    955400   0.8219140176E+003   0.4648258702E+001
    955500   0.7981811557E+003   0.4671644379E+001
    955600   0.8052693078E+003   0.4307603039E+001
    955700   0.8052402044E+003   0.4307629967E+001
    955800   0.7968792405E+003   0.4315461639E+001
    955900   0.7808762421E+003   0.4689752486E+001
    956000   0.8030632677E+003   0.5023432722E+001
    956100   0.7995854484E+003   0.4670215269E+001
    956200   0.8137080165E+003   0.3943302561E+001
    956300   0.8186825866E+003   0.4295430782E+001
    956400   0.8105450431E+003   0.4302759109E+001
    956500   0.8168497452E+003   0.4653115503E+001
    956600   0.8022579682E+003   0.4667511734E+001
    956700   0.7956739659E+003   0.3958679038E+001
    956800   0.7982169882E+003   0.3598404459E+001
    956900   0.7987559141E+003   0.3597977656E+001
    957000   0.8147795615E+003   0.3585589951E+001
    957100   0.8047492150E+003   0.3593276495E+001
    957200   0.7985696879E+003   0.3239772303E+001
    957300   0.8083771589E+003   0.3590470463E+001
    957400   0.8013310595E+003   0.3237805778E+001
    957500   0.8020154763E+003   0.3595410608E+001
    957600   0.8069587631E+003   0.3591563996E+001
    957700   0.7985158152E+003   0.3598167719E+001
    957800   0.8150419941E+003   0.2870839233E+001
    957900   0.8163309298E+003   0.2512404102E+001
    958000   0.8050074259E+003   0.2518525421E+001
    958100   0.8024977668E+003   0.2519909615E+001
    958200   0.8076452337E+003   0.2875384316E+001
    958300   0.8259664637E+003   0.2507349976E+001
    958400   0.8189482265E+003   0.2868477787E+001
    958500   0.8095012337E+003   0.2516072063E+001
    958600   0.7924906418E+003   0.2525531781E+001
    958700   0.7991068259E+003   0.2521796133E+001
    958800   0.7958901154E+003   0.2523603222E+001
    958900   0.8085438076E+003   0.2516592076E+001
    959000   0.7819230925E+003   0.2891980559E+001
    959100   0.7767999371E+003   0.2895441312E+001
    959200   0.7919529866E+003   0.2525838586E+001
    959300   0.7970179912E+003   0.2522967647E+001
    959400   0.7972241885E+003   0.1443587373E+001
    959500   0.8093559946E+003   0.2157658989E+001
    959600   0.7903222530E+003   0.2886421276E+001
    959700   0.8073140733E+003   0.2158614773E+001
    959800   0.7973374398E+003   0.2163367576E+001
    959900   0.8096536267E+003   0.2515989426E+001
    960000   0.8111563802E+003   0.2515176491E+001
    960100   0.8202617688E+003   0.3581481758E+001
    960200   0.8039561391E+003   0.3593893860E+001
    960300   0.8052405973E+003   0.3235048671E+001
    960400   0.8087989629E+003   0.3590146135E+001
    960500   0.7983533703E+003   0.3239927031E+001
    960600   0.8034748363E+003   0.3594269226E+001
    960700   0.8194995855E+003   0.3938532430E+001
    960800   0.8096971226E+003   0.4660096330E+001
    960900   0.8069614989E+003   0.4306041259E+001
    961000   0.7944224074E+003   0.4675498768E+001
    961100   0.7981261500E+003   0.5028797802E+001
    961200   0.8081473590E+003   0.4661627954E+001
    961300   0.8201806019E+003   0.4649913213E+001
    961400   0.8197438664E+003   0.4650331359E+001
    961500   0.8086424384E+003   0.5017462269E+001
    961600   0.8177693456E+003   0.4652228349E+001
    961700   0.8020623196E+003   0.4667708936E+001
    961800   0.8037447244E+003   0.4309016736E+001
    961900   0.8024380816E+003   0.4310233360E+001
    962000   0.7990386415E+003   0.5027800353E+001
    962100   0.7988040786E+003   0.5028056499E+001
    962200   0.8040412609E+003   0.5022379119E+001
    962300   0.8048557858E+003   0.4664903946E+001
    962400   0.8025277820E+003   0.4667239963E+001
    962500   0.7862134365E+003   0.4325737033E+001
    962600   0.7913014075E+003   0.3962531501E+001
    962700   0.7900647184E+003   0.4321989060E+001
    962800   0.8147214178E+003   0.4298976636E+001
    962900   0.7983486399E+003   0.4314071303E+001
    963000   0.8031108136E+003   0.4666653434E+001
    963100   0.7968307402E+003   0.5030218429E+001
    963200   0.7936855775E+003   0.4676259377E+001
    963300   0.8044337914E+003   0.4665326217E+001
    963400   0.8024086701E+003   0.4310260799E+001
    963500   0.7964668016E+003   0.3957985833E+001
    963600   0.8062513475E+003   0.3949562525E+001
    963700   0.8021560148E+003   0.4667614483E+001
    963800   0.8093637827E+003   0.4303837256E+001
    963900   0.7859762928E+003   0.5042338643E+001
    964000   0.7956754542E+003   0.4674209084E+001
    964100   0.7946805569E+003   0.5389621092E+001
    964200   0.7936136881E+003   0.5033770015E+001
    964300   0.8008332019E+003   0.5025846487E+001
    964400   0.7910777066E+003   0.5036593642E+001
    964500   0.7994809329E+003   0.5027317843E+001
    964600   0.8025115095E+003   0.5024028466E+001
    964700   0.7858185619E+003   0.5042517673E+001
    964800   0.7834844058E+003   0.5045176930E+001
    964900   0.8099739530E+003   0.3946420463E+001
    965000   0.8111189405E+003   0.3945460834E+001
    965100   0.7953971357E+003   0.4316870114E+001
    965200   0.8016287186E+003   0.4310989300E+001
    965300   0.7880221484E+003   0.5754769588E+001
    965400   0.7923544312E+003   0.5392376774E+001
    965500   0.8032944101E+003   0.5379579417E+001
    965600   0.7980994505E+003   0.5028827028E+001
    965700   0.8066272372E+003   0.5019607638E+001
    965800   0.7908904566E+003   0.5036802975E+001
    965900   0.7846187992E+003   0.5401679197E+001
    966000   0.7992189793E+003   0.5384298743E+001
    966100   0.7797696069E+003   0.5049447818E+001
    966200   0.8004981226E+003   0.5739092761E+001
    966300   0.7960155245E+003   0.6100948433E+001
    966400   0.7994367827E+003   0.5740404076E+001
    966500   0.8078309346E+003   0.5374391714E+001
    966600   0.8070628640E+003   0.5375265232E+001
    966700   0.7925108173E+003   0.5392190913E+001
    966800   0.7979291189E+003   0.5029013530E+001
    966900   0.8023483255E+003   0.5380669969E+001
    967000   0.7865603098E+003   0.5041676503E+001
    967100   0.8113888055E+003   0.4658432267E+001
    967200   0.8054189948E+003   0.3950269734E+001
    967300   0.7957295572E+003   0.3241811676E+001
    967400   0.8146449789E+003   0.3585691618E+001
    967500   0.8116227435E+003   0.3587985092E+001
    967600   0.8017919567E+003   0.3237479098E+001
    967700   0.7933313347E+003   0.3243547124E+001
    967800   0.8051580280E+003   0.3592958814E+001
    967900   0.7856731099E+003   0.3608533639E+001
    968000   0.7907189181E+003   0.3245451687E+001
    968100   0.8011742880E+003   0.3953903095E+001
    968200   0.8047483361E+003   0.3593277178E+001
    968300   0.8031853691E+003   0.3952176040E+001
    968400   0.7962565676E+003   0.3958169490E+001
    968500   0.8141254150E+003   0.3586084477E+001
    968600   0.8133286812E+003   0.3586688057E+001
    968700   0.8031343784E+003   0.3594535066E+001
    968800   0.7840682279E+003   0.3609857166E+001
    968900   0.7951216737E+003   0.3600868977E+001
    969000   0.7939673077E+003   0.2884051780E+001
    969100   0.8076871571E+003   0.3233339233E+001
    969200   0.8070102889E+003   0.1799766944E+001
    969300   0.8121277330E+003   0.2156370622E+001
    969400   0.8196137866E+003   0.1436552499E+001
    969500   0.8100389635E+003   0.1439504968E+001
    969600   0.8121710058E+003   0.1797754345E+001
    969700   0.8059593555E+003   0.1800180507E+001
    969800   0.8018326829E+003   0.1442101544E+001
    969900   0.7995305597E+003   0.1802738252E+001
    970000   0.7932468863E+003   0.2165357041E+001
    970100   0.7961507254E+003   0.2163942261E+001
    970200   0.8132633912E+003   0.2155845721E+001
    970300   0.8169416894E+003   0.2154157362E+001
    970400   0.8218136080E+003   0.2151948392E+001
    970500   0.8165226624E+003   0.2512302168E+001
    970600   0.8261655245E+003   0.2507247017E+001
    970700   0.8081998112E+003   0.1799300368E+001
    970800   0.8046513820E+003   0.1441202640E+001
    970900   0.8091092458E+003   0.1798944742E+001
    971000   0.8055510594E+003   0.1440917285E+001
    971100   0.8239927318E+003   0.1076890702E+001
    971200   0.8277401546E+003   0.1076048167E+001
    971300   0.8229681174E+003   0.1077122633E+001
    971400   0.7950309610E+003   0.1804557472E+001
    971500   0.8037884803E+003   0.1441477037E+001
    971600   0.8049209561E+003   0.1081321789E+001
    971700   0.8133807702E+003   0.2155791566E+001
    971800   0.8115285522E+003   0.2156648260E+001
    971900   0.7850176382E+003   0.2889915987E+001
    972000   0.7987182939E+003   0.2522013493E+001
    972100   0.7868548034E+003   0.2528772392E+001
    972200   0.8061800830E+003   0.2159148031E+001
    972300   0.8111940423E+003   0.2873191543E+001
    972400   0.8156342578E+003   0.2512774957E+001
    972500   0.8139417114E+003   0.3229023877E+001
    972600   0.8110620386E+003   0.3231001021E+001
    972700   0.8083456613E+003   0.2874949738E+001
    972800   0.8045956786E+003   0.2518751823E+001
    972900   0.8108308911E+003   0.2873414895E+001
    973000   0.8045187543E+003   0.2518794150E+001
    973100   0.8119620871E+003   0.3230381293E+001
    973200   0.8236448418E+003   0.2865673239E+001
    973300   0.8239885636E+003   0.3222252443E+001
    973400   0.8043150350E+003   0.3235698556E+001
    973500   0.8105241793E+003   0.3231372134E+001
    973600   0.8162036414E+003   0.3584516576E+001
    973700   0.8119796562E+003   0.3587713200E+001
    973800   0.7946350707E+003   0.3242602159E+001
    973900   0.8110719437E+003   0.3588405235E+001
    974000   0.7947775195E+003   0.3242499132E+001
    974100   0.8027362725E+003   0.3594846256E+001
    974200   0.8023761188E+003   0.3952869777E+001
    974300   0.7997027450E+003   0.3955173276E+001
    974400   0.8069480346E+003   0.3948971900E+001
    974500   0.8005471686E+003   0.4312002261E+001
    974600   0.7853152847E+003   0.4326617320E+001
    974700   0.8012820895E+003   0.3953810260E+001
    974800   0.8009462011E+003   0.4311628160E+001
    974900   0.8127259924E+003   0.4300778180E+001
    975000   0.7915354438E+003   0.3962324034E+001
    975100   0.8120521587E+003   0.3587658003E+001
    975200   0.8090357105E+003   0.3589964273E+001
    975300   0.7975736533E+003   0.4314803840E+001
    975400   0.8125907985E+003   0.4300900613E+001
    975500   0.8121518788E+003   0.4301298432E+001
    975600   0.8092586085E+003   0.3947021618E+001
    975700   0.7987565664E+003   0.3955992888E+001
    975800   0.8059785996E+003   0.3949794077E+001
    975900   0.8049571499E+003   0.4307891982E+001
    976000   0.7898115031E+003   0.5038011446E+001
    976100   0.8018496388E+003   0.5024744369E+001
    976200   0.7976011931E+003   0.5029372850E+001
    976300   0.8063727450E+003   0.5376051759E+001
    976400   0.7895617563E+003   0.5395710371E+001
    976500   0.7970275538E+003   0.5030002241E+001
    976600   0.8174324772E+003   0.4652553061E+001
    976700   0.8121053412E+003   0.4657729877E+001
    976800   0.7875852153E+003   0.4682620954E+001
    976900   0.7966752026E+003   0.4315655175E+001
    977000   0.8085756016E+003   0.3947596762E+001
    977100   0.8127570017E+003   0.4300750105E+001
    977200   0.7864295934E+003   0.3966883292E+001
    977300   0.8021694943E+003   0.4310484021E+001
    977400   0.7916068597E+003   0.4320500316E+001
    977500   0.8042583917E+003   0.3593658405E+001
    977600   0.8067454508E+003   0.3591728842E+001
    977700   0.7910190763E+003   0.3604170510E+001
    977800   0.8044328556E+003   0.3593522592E+001
    977900   0.7960944863E+003   0.3600091986E+001
    978000   0.8260891223E+003   0.4288907344E+001
    978100   0.8111538301E+003   0.3945431643E+001
    978200   0.8054897948E+003   0.4307399108E+001
    978300   0.8025560478E+003   0.4310123330E+001
    978400   0.8083452071E+003   0.4304769885E+001
    978500   0.8102699054E+003   0.4303009900E+001
    978600   0.8147277093E+003   0.4298970973E+001
    978700   0.8063116459E+003   0.4306640121E+001
    978800   0.8022427549E+003   0.3952984262E+001
    978900   0.8077504606E+003   0.3948293115E+001
    979000   0.8027366674E+003   0.3594845947E+001
    979100   0.8002197472E+003   0.3238595286E+001
    979200   0.8004260968E+003   0.3954548220E+001
    979300   0.7993824805E+003   0.3597482297E+001
    979400   0.8040066473E+003   0.3593854500E+001
    979500   0.7899566703E+003   0.3605032058E+001
    979600   0.7994817244E+003   0.3955364528E+001
    979700   0.8033680538E+003   0.3594352576E+001
    979800   0.7979812107E+003   0.3956666230E+001
    979900   0.7971591665E+003   0.3957381799E+001
    980000   0.8075530311E+003   0.3591105288E+001
    980100   0.8089950994E+003   0.3589995460E+001
    980200   0.8128134637E+003   0.3944046446E+001
    980300   0.8125648032E+003   0.3229967193E+001
    980400   0.8138800498E+003   0.3586270210E+001
    980500   0.8119206684E+003   0.2872745342E+001
    980600   0.8106879736E+003   0.3231259058E+001
    980700   0.8087487725E+003   0.2874700030E+001
    980800   0.8195482455E+003   0.2152971696E+001
    980900   0.8029754413E+003   0.2160664592E+001
    981000   0.8118348344E+003   0.2156506280E+001
    981100   0.8145163167E+003   0.2155268611E+001
    981200   0.8307991771E+003   0.2147953749E+001
    981300   0.8174182462E+003   0.2153939924E+001
    981400   0.8048029154E+003   0.2159798020E+001
    981500   0.8111774668E+003   0.2156811163E+001
    981600   0.7921773289E+003   0.3244386619E+001
    981700   0.7941230444E+003   0.3960039774E+001
    981800   0.8090443242E+003   0.4304129463E+001
    981900   0.7968751627E+003   0.3957629421E+001
    982000   0.7926418906E+003   0.4319504944E+001
    982100   0.8235635474E+003   0.4291116384E+001
    982200   0.8207424782E+003   0.3937519004E+001
    982300   0.8082533619E+003   0.4304854116E+001
    982400   0.8108597288E+003   0.4302472513E+001
    982500   0.8170891922E+003   0.5008604507E+001
    982600   0.8031992840E+003   0.5023286010E+001
    982700   0.7944721948E+003   0.5032818929E+001
    982800   0.8007566042E+003   0.4669027915E+001
    982900   0.8157595105E+003   0.5009984664E+001
    983000   0.7965707946E+003   0.4673290484E+001
    983100   0.8010568536E+003   0.5025603701E+001
    983200   0.8139719539E+003   0.4655906911E+001
    983300   0.7985151682E+003   0.4313914114E+001
    983400   0.7921249509E+003   0.4320001694E+001
    983500   0.8068872777E+003   0.4662878370E+001
    983600   0.8108932902E+003   0.4658918850E+001
    983700   0.8117461009E+003   0.5014182515E+001
    983800   0.7984639413E+003   0.5028428249E+001
    983900   0.7933958646E+003   0.5391140677E+001
    984000   0.7976375929E+003   0.5386145217E+001
    984100   0.7976016139E+003   0.5386187327E+001
    984200   0.7858584445E+003   0.5757547969E+001
    984300   0.7904195616E+003   0.6108415867E+001
    984400   0.8063042254E+003   0.5376129936E+001
    984500   0.7997498973E+003   0.5383680747E+001
    984600   0.8040228954E+003   0.5734766899E+001
    984700   0.8071540937E+003   0.5375161375E+001
    984800   0.8103714838E+003   0.5727086472E+001
    984900   0.8058047404E+003   0.5376700296E+001
    985000   0.7951806692E+003   0.6102054667E+001
    985100   0.8056624862E+003   0.5732769773E+001
    985200   0.7919199042E+003   0.6106401608E+001
    985300   0.8069849241E+003   0.6086662050E+001
    985400   0.8019217742E+003   0.5737340187E+001
    985500   0.7938416457E+003   0.6103834656E+001
    985600   0.8111155858E+003   0.5014846425E+001
    985700   0.7970075318E+003   0.5386883291E+001
    985800   0.7924095825E+003   0.5035108049E+001
    985900   0.8043649444E+003   0.4665395158E+001
    986000   0.8026854018E+003   0.4667081299E+001
    986100   0.7987732363E+003   0.4671041115E+001
    986200   0.7982398625E+003   0.4314174022E+001
    986300   0.8075178432E+003   0.3948489727E+001
    986400   0.8187973507E+003   0.3939106607E+001
    986500   0.8139054864E+003   0.3943138609E+001
    986600   0.8107479059E+003   0.4302574324E+001
    986700   0.7982096174E+003   0.3956467715E+001
    986800   0.7952608762E+003   0.4316999914E+001
    986900   0.7961946018E+003   0.4673676154E+001
    987000   0.8027401328E+003   0.4667026223E+001
    987100   0.7981010169E+003   0.4671726112E+001
    987200   0.7946029843E+003   0.4317627354E+001
    987300   0.8034440060E+003   0.3951954667E+001
    987400   0.7974585206E+003   0.3957121018E+001
    987500   0.8081554923E+003   0.3947951092E+001
    987600   0.8039435842E+003   0.4308831983E+001
    987700   0.7954571141E+003   0.4674433464E+001
    987800   0.7973806568E+003   0.3957188827E+001
    987900   0.7890443755E+003   0.4322977839E+001
    988000   0.8087718767E+003   0.3947431367E+001
    988100   0.7955131229E+003   0.3600556056E+001
    988200   0.8036453854E+003   0.3951782418E+001
    988300   0.8027952801E+003   0.3952510242E+001
    988400   0.8086770673E+003   0.3947511248E+001
    988500   0.8055943580E+003   0.3950120594E+001
    988600   0.8215992451E+003   0.3580489229E+001
    988700   0.8283047718E+003   0.3575569571E+001
    988800   0.7926078248E+003   0.3961375237E+001
    988900   0.8122243613E+003   0.3587526949E+001
    989000   0.8069903727E+003   0.3591539577E+001
    989100   0.8041741613E+003   0.3951330614E+001
    989200   0.8070503343E+003   0.4305959482E+001
    989300   0.8250284109E+003   0.3934051722E+001
    989400   0.8035836717E+003   0.4666178472E+001
    989500   0.7967380279E+003   0.4673119175E+001
    989600   0.7996277199E+003   0.4670172342E+001
    989700   0.8247986866E+003   0.4290034072E+001
    989800   0.8031413465E+003   0.4666622745E+001
    989900   0.8028009669E+003   0.4309895009E+001
    990000   0.8046909657E+003   0.4665068812E+001
    990100   0.8035806920E+003   0.4309169213E+001
    990200   0.7975669189E+003   0.4672271328E+001
    990300   0.8002059141E+003   0.5026528291E+001
    990400   0.8074735918E+003   0.5374797873E+001
    990500   0.7966426540E+003   0.5387311347E+001
    990600   0.7844478163E+003   0.5044077078E+001
    990700   0.8061630096E+003   0.5020103633E+001
    990800   0.7941907974E+003   0.5390199718E+001
    990900   0.7898630274E+003   0.5395349412E+001
    991000   0.7981396043E+003   0.5028783076E+001
    991100   0.7983876634E+003   0.4671433851E+001
    991200   0.7921874014E+003   0.5392575380E+001
    991300   0.7869224985E+003   0.5398886411E+001
    991400   0.7883241091E+003   0.5397196622E+001
    991500   0.8120181119E+003   0.5369663675E+001
    991600   0.7863768171E+003   0.4683894884E+001
    991700   0.8015607879E+003   0.4668214966E+001
    991800   0.8109122169E+003   0.3945633857E+001
    991900   0.8065372515E+003   0.4306432090E+001
    992000   0.8004057988E+003   0.4669383145E+001
    992100   0.8046238291E+003   0.4665135990E+001
    992200   0.7921171240E+003   0.4677883988E+001
    992300   0.8117319738E+003   0.4658095692E+001
    992400   0.8063164603E+003   0.5019939608E+001
    992500   0.7987112102E+003   0.5741302893E+001
    992600   0.7977432874E+003   0.5742504910E+001
    992700   0.8047783311E+003   0.6089499258E+001
    992800   0.8029664096E+003   0.6447309068E+001
    992900   0.8118707850E+003   0.6789807812E+001
    993000   0.8052348574E+003   0.6444215582E+001
    993100   0.8166749380E+003   0.6783116076E+001
    993200   0.8043956305E+003   0.6800405894E+001
    993300   0.7955494847E+003   0.7168610055E+001
    993400   0.7955506306E+003   0.7168608287E+001
    993500   0.7960523828E+003   0.7167834794E+001
    993600   0.8061100989E+003   0.6797954856E+001
    993700   0.8204102525E+003   0.7131610845E+001
    993800   0.8001895494E+003   0.7161500269E+001
    993900   0.7948287359E+003   0.6814310409E+001
    994000   0.7871037626E+003   0.7181803545E+001
    994100   0.8067267173E+003   0.7505901076E+001
    994200   0.8083749652E+003   0.7149190511E+001
    994300   0.7840300071E+003   0.7542565565E+001
    994400   0.7942672725E+003   0.8235028891E+001
    994500   0.7874919834E+003   0.8247087418E+001
    994600   0.7981099181E+003   0.7874073725E+001
    994700   0.7993807960E+003   0.6807645857E+001
    994800   0.7990729706E+003   0.7163202329E+001
    994900   0.8003488386E+003   0.6806240013E+001
    995000   0.7962410411E+003   0.6812233137E+001
    995100   0.7861143237E+003   0.6827321763E+001
    995200   0.8021066398E+003   0.6803697390E+001
    995300   0.7966569655E+003   0.7166904295E+001
    995400   0.7937840605E+003   0.6460042891E+001
    995500   0.8020569568E+003   0.6093023543E+001
    995600   0.7993902671E+003   0.6096504287E+001
    995700   0.8132047664E+003   0.5723704049E+001
    995800   0.7985368401E+003   0.5741519182E+001
    995900   0.8053729334E+003   0.6088732935E+001
    996000   0.8002467207E+003   0.6095383423E+001
    996100   0.8012826973E+003   0.6094031363E+001
    996200   0.8040948457E+003   0.6090381772E+001
    996300   0.8015154645E+003   0.6093728141E+001
    996400   0.8042914917E+003   0.6090127683E+001
    996500   0.7984990490E+003   0.5741566073E+001
    996600   0.7979076652E+003   0.5742300536E+001
    996700   0.7904258282E+003   0.5751704007E+001
    996800   0.8041674563E+003   0.5734590431E+001
    996900   0.7968385192E+003   0.5387081510E+001
    997000   0.7935335832E+003   0.5390977501E+001
    997100   0.8043753144E+003   0.5734336826E+001
    997200   0.8103220938E+003   0.5015683664E+001
    997300   0.8141390334E+003   0.5011673785E+001
    997400   0.8079272076E+003   0.5374282360E+001
    997500   0.8068639476E+003   0.5019354987E+001
    997600   0.7971570189E+003   0.5029860101E+001
    997700   0.8103505074E+003   0.4659452648E+001
    997800   0.8045766383E+003   0.5021803622E+001
    997900   0.8092036156E+003   0.4660583315E+001
    998000   0.8075560015E+003   0.4305494394E+001
    998100   0.8021329996E+003   0.4667637682E+001
    998200   0.8042589445E+003   0.4665501330E+001
    998300   0.8029195337E+003   0.4309784536E+001
    998400   0.8249329330E+003   0.5000568681E+001
    998500   0.8166078287E+003   0.4653349272E+001
    998600   0.7980614747E+003   0.5028868601E+001
    998700   0.8118473084E+003   0.4657982649E+001
    998800   0.8074764253E+003   0.4662293173E+001
    998900   0.7916047106E+003   0.4320502386E+001
    999000   0.7960070322E+003   0.4673868609E+001
    999100   0.8027445449E+003   0.4309947593E+001
    999200   0.8139290487E+003   0.4655948703E+001
    999300   0.8027996649E+003   0.5023717220E+001
    999400   0.8017481598E+003   0.5381363344E+001
    999500   0.8188049685E+003   0.4651232057E+001
    999600   0.8095697789E+003   0.4303648976E+001
    999700   0.8145124923E+003   0.3942635216E+001
    999800   0.8000674681E+003   0.3954857949E+001
    999900   0.8136406326E+003   0.4299951125E+001
   1000000   0.8073262879E+003   0.5018862012E+001
   1000100   0.8054365774E+003   0.5020881119E+001
   1000200   0.8037851926E+003   0.5379014877E+001
   1000300   0.8071965335E+003   0.5375113071E+001
   1000400   0.7788304754E+003   0.5408782313E+001
   1000500   0.8015926247E+003   0.5381543234E+001
   1000600   0.7951128114E+003   0.5389111100E+001
   1000700   0.7902395948E+003   0.5751940740E+001
   1000800   0.7835554887E+003   0.5402974772E+001
   1000900   0.7947937312E+003   0.5746189012E+001
   1001000   0.8280047772E+003   0.5352124785E+001
   1001100   0.8087318923E+003   0.5729056512E+001
   1001200   0.8037804819E+003   0.5735062984E+001
   1001300   0.8055493795E+003   0.6443788276E+001
   1001400   0.8084606320E+003   0.6439851536E+001
   1001500   0.8031686023E+003   0.6447032508E+001
   1001600   0.8113166747E+003   0.6436021528E+001
   1001700   0.7998207521E+003   0.6451632817E+001
   1001800   0.8174321371E+003   0.6427925605E+001
   1001900   0.7924014677E+003   0.6817900809E+001
   1002000   0.7971252130E+003   0.6810937053E+001
   1002100   0.8015539147E+003   0.7159428024E+001
   1002200   0.8055586907E+003   0.6798741830E+001
   1002300   0.8198983776E+003   0.6424700541E+001
   1002400   0.8068511111E+003   0.6442023904E+001
   1002500   0.8023049740E+003   0.6448214925E+001
   1002600   0.8258720217E+003   0.6416981895E+001
   1002700   0.8141228390E+003   0.6432288969E+001
   1002800   0.8093560398E+003   0.6438647377E+001
   1002900   0.8062848435E+003   0.6797705722E+001
   1003000   0.8116082395E+003   0.6790176180E+001
   1003100   0.8064403053E+003   0.6087360625E+001
   1003200   0.8111079469E+003   0.6081409080E+001
   1003300   0.7997493865E+003   0.5383681341E+001
   1003400   0.8000122395E+003   0.5383375732E+001
   1003500   0.8100927605E+003   0.5015925998E+001
   1003600   0.7993463627E+003   0.4670458164E+001
   1003700   0.8088279816E+003   0.4304327503E+001
   1003800   0.8098834153E+003   0.4303362529E+001
   1003900   0.8062328485E+003   0.3949578224E+001
   1004000   0.8110039246E+003   0.4302341276E+001
   1004100   0.8099994102E+003   0.4659798380E+001
   1004200   0.8177563446E+003   0.4652240875E+001
   1004300   0.8114088692E+003   0.3945218345E+001
   1004400   0.8093904201E+003   0.3589692028E+001
   1004500   0.8298962833E+003   0.3574415558E+001
   1004600   0.8099288446E+003   0.3589279314E+001
   1004700   0.8045953838E+003   0.3235501523E+001
   1004800   0.8118683540E+003   0.2872777435E+001
   1004900   0.8063616432E+003   0.2876183017E+001
   1005000   0.8109585614E+003   0.3231072373E+001
   1005100   0.7889009283E+003   0.3246785853E+001
   1005200   0.8045438107E+003   0.3593436254E+001
   1005300   0.7951653146E+003   0.3242218875E+001
   1005400   0.7976021057E+003   0.3240465162E+001
   1005500   0.7950927298E+003   0.2883325360E+001
   1005600   0.7978864069E+003   0.3240261377E+001
   1005700   0.8020491145E+003   0.2878888462E+001
   1005800   0.8115325729E+003   0.2872983544E+001
   1005900   0.8146061829E+003   0.2155227298E+001
   1006000   0.8276071761E+003   0.1791909925E+001
   1006100   0.8167314793E+003   0.2154253369E+001
   1006200   0.8089462005E+003   0.2516373346E+001
   1006300   0.8135681508E+003   0.2871737131E+001
   1006400   0.8139620970E+003   0.2871496757E+001
   1006500   0.8030087746E+003   0.3236618746E+001
   1006600   0.7941316440E+003   0.2883945555E+001
   1006700   0.7982130100E+003   0.3240027481E+001
   1006800   0.7908699215E+003   0.3245341195E+001
   1006900   0.7999413662E+003   0.2880223233E+001
   1007000   0.8099896518E+003   0.2873933195E+001
   1007100   0.8074937878E+003   0.2875478396E+001
   1007200   0.8060753607E+003   0.3592247350E+001
   1007300   0.7997723824E+003   0.3597174504E+001
   1007400   0.8137757964E+003   0.3943246275E+001
   1007500   0.8160574691E+003   0.4297776163E+001
   1007600   0.8233694341E+003   0.3935388814E+001
   1007700   0.8046093764E+003   0.3950959274E+001
   1007800   0.8077308917E+003   0.3948309649E+001
   1007900   0.8069680977E+003   0.3591556784E+001
   1008000   0.8008982700E+003   0.3596287691E+001
   1008100   0.8130875701E+003   0.3943818303E+001
   1008200   0.8059984655E+003   0.3949777205E+001
   1008300   0.8003911322E+003   0.4312148667E+001
   1008400   0.8139194781E+003   0.4655958026E+001
   1008500   0.8225236496E+003   0.5003017923E+001
   1008600   0.7977218816E+003   0.4314663602E+001
   1008700   0.8004087523E+003   0.4312132131E+001
   1008800   0.8036797832E+003   0.4309077093E+001
   1008900   0.7896414327E+003   0.3964007186E+001
   1009000   0.7946738304E+003   0.4317559729E+001
   1009100   0.7920059383E+003   0.4677999442E+001
   1009200   0.8134157318E+003   0.4656449103E+001
   1009300   0.7962924039E+003   0.5387722675E+001
   1009400   0.7886927369E+003   0.4681457406E+001
   1009500   0.8033190661E+003   0.5379551036E+001
   1009600   0.8033533643E+003   0.5379511560E+001
   1009700   0.8058714324E+003   0.5376624093E+001
   1009800   0.7904722244E+003   0.5751645050E+001
   1009900   0.7826422160E+003   0.5404090845E+001
   1010000   0.7901434020E+003   0.5752063069E+001
   1010100   0.7904242587E+003   0.5751706001E+001
   1010200   0.8095122412E+003   0.5728117725E+001
   1010300   0.8015993922E+003   0.6093618860E+001
   1010400   0.8066794451E+003   0.6087053748E+001
   1010500   0.8278534091E+003   0.6060700898E+001
   1010600   0.8105440628E+003   0.5726879653E+001
   1010700   0.8038257258E+003   0.5735007707E+001
   1010800   0.8097760149E+003   0.6083099199E+001
   1010900   0.8131728163E+003   0.6078801707E+001
   1011000   0.8158264970E+003   0.5720598630E+001
   1011100   0.8085578296E+003   0.6084650685E+001
   1011200   0.8020363744E+003   0.5737199426E+001
   1011300   0.8041078158E+003   0.5734663226E+001
   1011400   0.8090445605E+003   0.5728680107E+001
   1011500   0.8102361567E+003   0.5015774454E+001
   1011600   0.8151189683E+003   0.4654791563E+001
   1011700   0.8064024086E+003   0.4663360741E+001
   1011800   0.8106188770E+003   0.5371237292E+001
   1011900   0.8119993883E+003   0.5013916151E+001
   1012000   0.8116681521E+003   0.4658158263E+001
   1012100   0.8034041640E+003   0.5379453098E+001
   1012200   0.8021424783E+003   0.5380907649E+001
   1012300   0.8139221460E+003   0.5011900457E+001
   1012400   0.8227253447E+003   0.5002812240E+001
   1012500   0.8071110547E+003   0.4662655976E+001
   1012600   0.8153743301E+003   0.4654543750E+001
   1012700   0.8112335964E+003   0.4302132357E+001
   1012800   0.8051187773E+003   0.4664641045E+001
   1012900   0.8056963991E+003   0.4664064329E+001
   1013000   0.8081789291E+003   0.4304922394E+001
   1013100   0.8131528657E+003   0.4300391913E+001
   1013200   0.8217267665E+003   0.4292732928E+001
   1013300   0.8120978117E+003   0.4301347471E+001
   1013400   0.8164770425E+003   0.3941012014E+001
   1013500   0.8143063049E+003   0.4655581411E+001
   1013600   0.8137561685E+003   0.4299846807E+001
   1013700   0.8262126197E+003   0.4644190740E+001
   1013800   0.8082894937E+003   0.4661487197E+001
   1013900   0.8088380312E+003   0.5017254708E+001
   1014000   0.8035506668E+003   0.4666211602E+001
   1014100   0.7912201389E+003   0.5036434490E+001
   1014200   0.7870932924E+003   0.4683138999E+001
   1014300   0.7881517443E+003   0.4682025285E+001
   1014400   0.7936341525E+003   0.4318553569E+001
   1014500   0.8056803418E+003   0.3950047496E+001
   1014600   0.8068647269E+003   0.3949042462E+001
   1014700   0.8102744958E+003   0.4303005715E+001
   1014800   0.8066546648E+003   0.3591799032E+001
   1014900   0.7941315369E+003   0.4318077732E+001
   1015000   0.7993296960E+003   0.3955496151E+001
   1015100   0.7900209256E+003   0.3604979873E+001
   1015200   0.8025837324E+003   0.3952691642E+001
   1015300   0.7938168694E+003   0.4676123727E+001
   1015400   0.8097880880E+003   0.4660006642E+001
   1015500   0.8092486639E+003   0.4660538833E+001
   1015600   0.8020779945E+003   0.5024497215E+001
   1015700   0.8087331695E+003   0.4661048192E+001
   1015800   0.8068130359E+003   0.5019409313E+001
   1015900   0.8105492228E+003   0.5015443817E+001
   1016000   0.7951903329E+003   0.4674707823E+001
   1016100   0.7912358600E+003   0.4678800129E+001
   1016200   0.7994702060E+003   0.4313014124E+001
   1016300   0.7890428956E+003   0.4322979276E+001
   1016400   0.7991482443E+003   0.4313317246E+001
   1016500   0.7884528981E+003   0.3965068266E+001
   1016600   0.7857195770E+003   0.3967522830E+001
   1016700   0.8046913994E+003   0.3235434079E+001
   1016800   0.8018984194E+003   0.2520241691E+001
   1016900   0.7981929121E+003   0.2162954549E+001
   1017000   0.7856817153E+003   0.2169100887E+001
   1017100   0.7849129852E+003   0.2889985494E+001
   1017200   0.7992301654E+003   0.2880675483E+001
   1017300   0.8100392755E+003   0.2873902586E+001
   1017400   0.8156630138E+003   0.2870462034E+001
   1017500   0.8082922053E+003   0.3232918352E+001
   1017600   0.8054142581E+003   0.2876774437E+001
   1017700   0.8121356813E+003   0.2514648626E+001
   1017800   0.7823558789E+003   0.3251649676E+001
   1017900   0.7884932972E+003   0.2887619938E+001
   1018000   0.8030274675E+003   0.3952311274E+001
   1018100   0.7928546907E+003   0.3961157248E+001
   1018200   0.8048991568E+003   0.2877096684E+001
   1018300   0.7986247257E+003   0.3598081488E+001
   1018400   0.8021725944E+003   0.3595287490E+001
   1018500   0.7929562892E+003   0.3961067580E+001
   1018600   0.8115511481E+003   0.3588039666E+001
   1018700   0.8096062039E+003   0.3589526548E+001
   1018800   0.8041698550E+003   0.3593727354E+001
   1018900   0.8154810381E+003   0.3585060677E+001
   1019000   0.8170961807E+003   0.3226876799E+001
   1019100   0.8057932577E+003   0.3234661455E+001
   1019200   0.7912052824E+003   0.3245095984E+001
   1019300   0.8089254844E+003   0.3232478626E+001
   1019400   0.8043352790E+003   0.3593598543E+001
   1019500   0.7972405360E+003   0.3599179489E+001
   1019600   0.7943085232E+003   0.3601520165E+001
   1019700   0.8102880985E+003   0.2873749173E+001
   1019800   0.8063313844E+003   0.2517799277E+001
   1019900   0.8159287581E+003   0.2512618097E+001
   1020000   0.8122738824E+003   0.3230166982E+001
   1020100   0.8090387006E+003   0.3232400097E+001
   1020200   0.7875532101E+003   0.3247779589E+001
   1020300   0.8158914711E+003   0.2870323441E+001
   1020400   0.8078837790E+003   0.3233202379E+001
   1020500   0.7992096112E+003   0.2880688567E+001
   1020600   0.8138332294E+003   0.2871575358E+001
   1020700   0.8074525025E+003   0.3233502661E+001
   1020800   0.8096369580E+003   0.3231985566E+001
   1020900   0.8165238228E+003   0.3227264929E+001
   1021000   0.8109625369E+003   0.3231069632E+001
   1021100   0.8110302504E+003   0.3231022938E+001
   1021200   0.8064799771E+003   0.3591934142E+001
   1021300   0.8116578444E+003   0.3230590598E+001
   1021400   0.8011135293E+003   0.3953955431E+001
   1021500   0.7945612476E+003   0.3601317610E+001
   1021600   0.7849069817E+003   0.3968256439E+001
   1021700   0.7974882579E+003   0.3957095125E+001
   1021800   0.7967068980E+003   0.4315625104E+001
   1021900   0.7949024477E+003   0.4317341601E+001
   1022000   0.7980197793E+003   0.3956632699E+001
   1022100   0.8043254836E+003   0.4308477475E+001
   1022200   0.8127134739E+003   0.3944129714E+001
   1022300   0.7896816564E+003   0.4322359920E+001
   1022400   0.8083929756E+003   0.4304726086E+001
   1022500   0.7922882869E+003   0.4319844655E+001
   1022600   0.8040668421E+003   0.4308717522E+001
   1022700   0.8199312515E+003   0.3938180052E+001
   1022800   0.8092793237E+003   0.3589777266E+001
   1022900   0.8163853448E+003   0.3584379936E+001
   1023000   0.8191097177E+003   0.4295050829E+001
   1023100   0.8037574585E+003   0.4309004902E+001
   1023200   0.8027532202E+003   0.3952546299E+001
   1023300   0.8007804129E+003   0.4311783536E+001
   1023400   0.8073397719E+003   0.3591269809E+001
   1023500   0.8090683272E+003   0.3589939227E+001
   1023600   0.8096742649E+003   0.3589474375E+001
   1023700   0.7898464881E+003   0.3605121565E+001
   1023800   0.8110534411E+003   0.3588419360E+001
   1023900   0.8049564355E+003   0.3593115421E+001
   1024000   0.8130908949E+003   0.3943815537E+001
   1024100   0.7962567220E+003   0.3958169355E+001
   1024200   0.7963434272E+003   0.3599893514E+001
   1024300   0.8131116262E+003   0.3229592117E+001
   1024400   0.7963815226E+003   0.3599863154E+001
   1024500   0.7850236247E+003   0.3249655641E+001
   1024600   0.7956204448E+003   0.2882985572E+001
   1024700   0.7913287160E+003   0.2885764445E+001
   1024800   0.8026638880E+003   0.2878500698E+001
   1024900   0.7968373696E+003   0.2882204031E+001
   1025000   0.8136732866E+003   0.2155656689E+001
   1025100   0.8004464921E+003   0.2161871482E+001
   1025200   0.8110572098E+003   0.2156867000E+001
   1025300   0.8151576787E+003   0.1796603258E+001
   1025400   0.8116639914E+003   0.2156585460E+001
   1025500   0.8159195097E+003   0.2154624756E+001
   1025600   0.8115595920E+003   0.2156633865E+001
   1025700   0.8202383242E+003   0.2152659274E+001
   1025800   0.7983123237E+003   0.2162896979E+001
   1025900   0.7979987572E+003   0.1803354857E+001
   1026000   0.8114780896E+003   0.1798022823E+001
   1026100   0.8030860466E+003   0.1441700919E+001
   1026200   0.8051858895E+003   0.1441033017E+001
   1026300   0.8162223619E+003   0.1796195311E+001
   1026400   0.8141981191E+003   0.1438212439E+001
   1026500   0.8059116601E+003   0.1800199307E+001
   1026600   0.7952020282E+003   0.1804487864E+001
   1026700   0.8035641505E+003   0.1801127827E+001
   1026800   0.7926822290E+003   0.2165633568E+001
   1026900   0.8023066164E+003   0.2160982905E+001
   1027000   0.8103282742E+003   0.1798469523E+001
   1027100   0.7910264739E+003   0.1445617821E+001
   1027200   0.7927271731E+003   0.1445056920E+001
   1027300   0.7899929891E+003   0.1445960064E+001
   1027400   0.8056619517E+003   0.1440882165E+001
   1027500   0.8097011969E+003   0.1080188097E+001
   1027600   0.8032346642E+003   0.1801258662E+001
   1027700   0.7893743679E+003   0.2527316893E+001
   1027800   0.7937345029E+003   0.2165118616E+001
   1027900   0.7944119119E+003   0.2524439433E+001
   1028000   0.7973876967E+003   0.3240618962E+001
   1028100   0.8083190696E+003   0.2874966221E+001
   1028200   0.7971511438E+003   0.2522892753E+001
   1028300   0.8014493554E+003   0.3237721889E+001
   1028400   0.7904439097E+003   0.3245653043E+001
   1028500   0.8024204303E+003   0.3595093400E+001
   1028600   0.8070402026E+003   0.3948893853E+001
   1028700   0.7988699368E+003   0.3239557705E+001
   1028800   0.8078492184E+003   0.3590876960E+001
   1028900   0.8071568448E+003   0.3233708735E+001
   1029000   0.8084036078E+003   0.3590450115E+001
   1029100   0.8067553776E+003   0.3233988842E+001
   1029200   0.7989198607E+003   0.3239522041E+001
   1029300   0.8055733194E+003   0.2876675027E+001
   1029400   0.8097786809E+003   0.2874063375E+001
   1029500   0.8298464941E+003   0.3218392703E+001
   1029600   0.8131687605E+003   0.3229552962E+001
   1029700   0.8086481194E+003   0.2874762352E+001
   1029800   0.8174100752E+003   0.3226664210E+001
   1029900   0.8081325681E+003   0.2875081857E+001
   1030000   0.7929074319E+003   0.3243855162E+001
   1030100   0.7947676521E+003   0.3601152292E+001
   1030200   0.7927032498E+003   0.3244003674E+001
   1030300   0.8132678999E+003   0.3586734160E+001
   1030400   0.8117500286E+003   0.3944933267E+001
   1030500   0.7998409708E+003   0.3597120396E+001
   1030600   0.8036025783E+003   0.3236200007E+001
   1030700   0.7879240600E+003   0.3965541606E+001
   1030800   0.8029624715E+003   0.3594669397E+001
   1030900   0.8020877842E+003   0.3595353940E+001
   1031000   0.8096074782E+003   0.3946728282E+001
   1031100   0.7946037591E+003   0.3959617340E+001
   1031200   0.8175795338E+003   0.4296414145E+001
   1031300   0.8133437172E+003   0.4300219369E+001
   1031400   0.8034242649E+003   0.4309314688E+001
   1031500   0.7916159268E+003   0.4678404727E+001
   1031600   0.7978791720E+003   0.4314514857E+001
   1031700   0.7948264052E+003   0.3959421890E+001
   1031800   0.8058690314E+003   0.3949887147E+001
   1031900   0.8114078166E+003   0.3945219225E+001
   1032000   0.7956426397E+003   0.3958706461E+001
   1032100   0.7899773425E+003   0.3963707980E+001
   1032200   0.7885102885E+003   0.3606209385E+001
   1032300   0.7900495658E+003   0.3963643687E+001
   1032400   0.7990058301E+003   0.3597779965E+001
   1032500   0.7897594652E+003   0.3605192280E+001
   1032600   0.7901648175E+003   0.3963541120E+001
   1032700   0.8072507315E+003   0.3948715658E+001
   1032800   0.8001225624E+003   0.3596898368E+001
   1032900   0.8125059449E+003   0.3230007600E+001
   1033000   0.8003827501E+003   0.2879943033E+001
   1033100   0.8208426997E+003   0.3224351843E+001
   1033200   0.8043468472E+003   0.2877442746E+001
   1033300   0.7958189301E+003   0.3241747240E+001
   1033400   0.7991179263E+003   0.3239380601E+001
   1033500   0.8089451902E+003   0.3590033793E+001
   1033600   0.8149190622E+003   0.3585484611E+001
   1033700   0.8068127553E+003   0.3233948789E+001
   1033800   0.8073703032E+003   0.3233559936E+001
   1033900   0.8003482648E+003   0.3954615412E+001
   1034000   0.8130700768E+003   0.3943832857E+001
   1034100   0.8093157730E+003   0.4303881153E+001
   1034200   0.8066309362E+003   0.4306345743E+001
   1034300   0.8132939189E+003   0.3943646675E+001
   1034400   0.8060326174E+003   0.3592280459E+001
   1034500   0.7933020149E+003   0.3960762656E+001
   1034600   0.8074050657E+003   0.2875533531E+001
   1034700   0.8044313951E+003   0.3235616757E+001
   1034800   0.8199451182E+003   0.3224954304E+001
   1034900   0.8130221906E+003   0.2514172064E+001
   1035000   0.8163571760E+003   0.2870041204E+001
   1035100   0.8144445859E+003   0.2871202728E+001
   1035200   0.7945627416E+003   0.2883667146E+001
   1035300   0.8089945466E+003   0.3232430720E+001
   1035400   0.8064379639E+003   0.3591966646E+001
   1035500   0.8006334370E+003   0.3238301088E+001
   1035600   0.7949008664E+003   0.2524162429E+001
   1035700   0.7883364859E+003   0.2887723015E+001
   1035800   0.7842903721E+003   0.2530265151E+001
   1035900   0.7957664406E+003   0.2882891661E+001
   1036000   0.8042236248E+003   0.3235762836E+001
   1036100   0.8069995584E+003   0.2875785708E+001
   1036200   0.8139389754E+003   0.3229025747E+001
   1036300   0.8077443254E+003   0.3948298298E+001
   1036400   0.7936955295E+003   0.3602012101E+001
   1036500   0.8052843526E+003   0.3592860727E+001
   1036600   0.8016523179E+003   0.3237578026E+001
   1036700   0.8057224080E+003   0.2876581890E+001
   1036800   0.7948180144E+003   0.3242469851E+001
   1036900   0.7819993219E+003   0.3611572827E+001
   1037000   0.7979487936E+003   0.3598617108E+001
   1037100   0.7915436471E+003   0.3603746119E+001
   1037200   0.7861114751E+003   0.3967169665E+001
   1037300   0.7962517771E+003   0.3599966566E+001
   1037400   0.7976722090E+003   0.3956935005E+001
   1037500   0.8043200379E+003   0.3593610408E+001
   1037600   0.8017802294E+003   0.3595595054E+001
   1037700   0.7836216884E+003   0.3250701535E+001
   1037800   0.7894127617E+003   0.2887016520E+001
   1037900   0.7979239724E+003   0.2881508558E+001
   1038000   0.8022634563E+003   0.2878753188E+001
   1038100   0.8031273966E+003   0.3594540520E+001
   1038200   0.7895866287E+003   0.3605332781E+001
   1038300   0.8162669345E+003   0.3941185178E+001
   1038400   0.8130712268E+003   0.3586883392E+001
   1038500   0.8069474770E+003   0.3591572715E+001
   1038600   0.7896486079E+003   0.3964000792E+001
   1038700   0.8139544984E+003   0.3943097930E+001
   1038800   0.8128807998E+003   0.4300638044E+001
   1038900   0.8054953197E+003   0.3950204813E+001
   1039000   0.8089314518E+003   0.3947296967E+001
   1039100   0.8134568448E+003   0.3943511235E+001
   1039200   0.8022349468E+003   0.3952990966E+001
   1039300   0.7927499043E+003   0.4319401246E+001
   1039400   0.7949396923E+003   0.3959322491E+001
   1039500   0.7901332810E+003   0.3963569182E+001
   1039600   0.7902544362E+003   0.4321805543E+001
   1039700   0.7841354917E+003   0.3968954597E+001
   1039800   0.8001037127E+003   0.4312418523E+001
   1039900   0.7939359681E+003   0.3960204332E+001
   1040000   0.7954629312E+003   0.3958863827E+001
   1040100   0.7989121932E+003   0.3597854017E+001
   1040200   0.8069278149E+003   0.3591587906E+001
   1040300   0.8096607195E+003   0.3589484757E+001
   1040400   0.7999298681E+003   0.3597050283E+001
   1040500   0.7865665666E+003   0.3248509634E+001
   1040600   0.8167968760E+003   0.2869775074E+001
   1040700   0.8205822781E+003   0.3224526480E+001
   1040800   0.8016784075E+003   0.2879122621E+001
   1040900   0.7912581621E+003   0.3603977001E+001
   1041000   0.7841581496E+003   0.3250300795E+001
   1041100   0.7897169855E+003   0.3246186078E+001
   1041200   0.7907340081E+003   0.2886152321E+001
   1041300   0.7865729353E+003   0.2528935906E+001
   1041400   0.7815190343E+003   0.2531891369E+001
   1041500   0.8010608189E+003   0.2161577482E+001
   1041600   0.7927030516E+003   0.2525410707E+001
   1041700   0.7997232113E+003   0.2521451813E+001
   1041800   0.7903760976E+003   0.2166767778E+001
   1041900   0.8039178348E+003   0.2160217139E+001
   1042000   0.8086743094E+003   0.2157977442E+001
   1042100   0.8018461166E+003   0.1442097242E+001
   1042200   0.8009049705E+003   0.1442399029E+001
   1042300   0.8133524745E+003   0.1438473979E+001
   1042400   0.7874666704E+003   0.1085599491E+001
   1042500   0.8006690941E+003   0.1802281753E+001
   1042600   0.8123661641E+003   0.1797678826E+001
   1042700   0.8090143449E+003   0.2157818514E+001
   1042800   0.8134998221E+003   0.2155736659E+001
   1042900   0.7979874062E+003   0.1803359436E+001
   1043000   0.8137198951E+003   0.1438360265E+001
   1043100   0.8069616802E+003   0.1440471379E+001
   1043200   0.8038313164E+003   0.1801021832E+001
   1043300   0.7928373019E+003   0.1445020697E+001
   1043400   0.8035167949E+003   0.1801146624E+001
   1043500   0.8061457087E+003   0.2159164223E+001
   1043600   0.8021499716E+003   0.2520102244E+001
   1043700   0.8009999085E+003   0.2520740617E+001
   1043800   0.7873203904E+003   0.2888392096E+001
   1043900   0.7947492662E+003   0.2524248271E+001
   1044000   0.8058851511E+003   0.2518043707E+001
   1044100   0.7980552191E+003   0.3240140454E+001
   1044200   0.7816120776E+003   0.3611895145E+001
   1044300   0.8029996005E+003   0.3594640378E+001
   1044400   0.8001386764E+003   0.3954796424E+001
   1044500   0.7829114938E+003   0.4328985011E+001
   1044600   0.7952783100E+003   0.4316983304E+001
   1044700   0.8116721979E+003   0.3587947401E+001
   1044800   0.8100994813E+003   0.3946315101E+001
   1044900   0.8184605251E+003   0.3582824446E+001
   1045000   0.7918501701E+003   0.3603498440E+001
   1045100   0.8083235906E+003   0.3590511681E+001
   1045200   0.8056611924E+003   0.3592568335E+001
   1045300   0.7947814554E+003   0.3959461339E+001
   1045400   0.7882593778E+003   0.3965241391E+001
   1045500   0.7926429955E+003   0.3961344170E+001
   1045600   0.8134021876E+003   0.3229393057E+001
   1045700   0.7937608430E+003   0.3960358460E+001
   1045800   0.8038579632E+003   0.4308911517E+001
   1045900   0.8155601632E+003   0.3585001042E+001
   1046000   0.8019358991E+003   0.3595472987E+001
   1046100   0.8045630074E+003   0.3593421319E+001
   1046200   0.8091616326E+003   0.3232314859E+001
   1046300   0.8064221304E+003   0.3234221600E+001
   1046400   0.8024646860E+003   0.3595058756E+001
   1046500   0.7982173994E+003   0.3956460954E+001
   1046600   0.8175243635E+003   0.3226586854E+001
   1046700   0.8210590016E+003   0.3580889683E+001
   1046800   0.8152457024E+003   0.3228133959E+001
   1046900   0.7963304272E+003   0.2523354847E+001
   1047000   0.8080600212E+003   0.2875126856E+001
   1047100   0.7989551478E+003   0.3239496836E+001
   1047200   0.8082195485E+003   0.3232968854E+001
   1047300   0.7990948870E+003   0.3239397049E+001
   1047400   0.8102541154E+003   0.3589030299E+001
   1047500   0.8080991773E+003   0.3233052545E+001
   1047600   0.8151679444E+003   0.3585296778E+001
   1047700   0.8035929376E+003   0.3594177070E+001
   1047800   0.8037880158E+003   0.3594024919E+001
   1047900   0.7950816463E+003   0.3600900996E+001
   1048000   0.8053775982E+003   0.3234952624E+001
   1048100   0.7974480565E+003   0.3957130130E+001
   1048200   0.7971278416E+003   0.3240805493E+001
   1048300   0.7964762134E+003   0.3241273877E+001
   1048400   0.8013778186E+003   0.2520530610E+001
   1048500   0.7989632009E+003   0.2162583540E+001
   1048600   0.8272348785E+003   0.2506694916E+001
   1048700   0.8165256328E+003   0.2154347439E+001
   1048800   0.8225615686E+003   0.2509120100E+001
   1048900   0.8304272524E+003   0.2148117086E+001
   1049000   0.8100444126E+003   0.2157338030E+001
   1049100   0.7978037876E+003   0.2881585372E+001
   1049200   0.7967345478E+003   0.2523127172E+001
   1049300   0.8048513809E+003   0.2518611192E+001
   1049400   0.8017792571E+003   0.3237488093E+001
   1049500   0.8133198968E+003   0.3586694719E+001
   1049600   0.7993546700E+003   0.3239211649E+001
   1049700   0.8032013704E+003   0.3236482851E+001
   1049800   0.7927109682E+003   0.3243998059E+001
   1049900   0.8125985993E+003   0.2514399622E+001
   1050000   0.8085818362E+003   0.2516571394E+001
   1050100   0.8073660253E+003   0.2517233761E+001
   1050200   0.8022174150E+003   0.2878782238E+001
   1050300   0.8088260605E+003   0.2516438624E+001
   1050400   0.7935448533E+003   0.2884325086E+001
   1050500   0.8051873903E+003   0.3235085983E+001
   1050600   0.8090446735E+003   0.3232395955E+001
   1050700   0.8001003761E+003   0.3596915855E+001
   1050800   0.8008725762E+003   0.3596307896E+001
   1050900   0.8101965000E+003   0.3589074390E+001
   1051000   0.7940879389E+003   0.3242998283E+001
   1051100   0.8036961235E+003   0.2519247397E+001
   1051200   0.8117163360E+003   0.2514874479E+001
   1051300   0.8023417249E+003   0.2519996016E+001
   1051400   0.8062467086E+003   0.2159116652E+001
   1051500   0.8056122374E+003   0.1440897908E+001
   1051600   0.8030587967E+003   0.1801328548E+001
   1051700   0.8118473187E+003   0.1438941078E+001
   1051800   0.8032714056E+003   0.1441641796E+001
   1051900   0.7996577456E+003   0.1082588510E+001
   1052000   0.8051967090E+003   0.1441029586E+001
   1052100   0.8055692901E+003   0.1440911510E+001
   1052200   0.8011419109E+003   0.1802092624E+001
   1052300   0.8089326866E+003   0.1799013710E+001
   1052400   0.8017488524E+003   0.1801850230E+001
   1052500   0.8073471316E+003   0.2158599254E+001
   1052600   0.8098229307E+003   0.2515897661E+001
   1052700   0.7919834140E+003   0.1805803474E+001
   1052800   0.7933474626E+003   0.2165307835E+001
   1052900   0.8005478759E+003   0.2161822926E+001
   1053000   0.7967877335E+003   0.2163633529E+001
   1053100   0.7925522638E+003   0.2165697281E+001
   1053200   0.7987964042E+003   0.2162663806E+001
   1053300   0.7885233394E+003   0.2887600196E+001
   1053400   0.7939942246E+003   0.2884034377E+001
   1053500   0.8049656726E+003   0.3593108243E+001
   1053600   0.7975031109E+003   0.3240536161E+001
   1053700   0.8018726206E+003   0.3953302235E+001
   1053800   0.7898374935E+003   0.4680258773E+001
   1053900   0.7956149328E+003   0.4674271265E+001
   1054000   0.8059835094E+003   0.5020295596E+001
   1054100   0.7933790156E+003   0.4318797926E+001
   1054200   0.8155481805E+003   0.5365721712E+001
   1054300   0.7882073968E+003   0.5397337061E+001
   1054400   0.7886355819E+003   0.5753985146E+001
   1054500   0.8019483237E+003   0.5381131959E+001
   1054600   0.8025597008E+003   0.5736557236E+001
   1054700   0.7854811013E+003   0.4326454623E+001
   1054800   0.8132593745E+003   0.4300295609E+001
   1054900   0.7978654046E+003   0.4314527873E+001
   1055000   0.7997906454E+003   0.5026980340E+001
   1055100   0.7949440159E+003   0.5032297255E+001
   1055200   0.8069867967E+003   0.4306017969E+001
   1055300   0.8072335824E+003   0.4662534266E+001
   1055400   0.8021831564E+003   0.4667587127E+001
   1055500   0.7993950506E+003   0.4670408686E+001
   1055600   0.7960460976E+003   0.5031081556E+001
   1055700   0.7983826494E+003   0.5028517151E+001
   1055800   0.8066837075E+003   0.5019547349E+001
   1055900   0.8100070112E+003   0.5016016650E+001
   1056000   0.8199259138E+003   0.4294326074E+001
   1056100   0.8116891096E+003   0.4658137715E+001
   1056200   0.8198117786E+003   0.4650266303E+001
   1056300   0.8176829292E+003   0.4652311617E+001
   1056400   0.8145584860E+003   0.4299123350E+001
   1056500   0.8177002163E+003   0.4296306406E+001
   1056600   0.8137917215E+003   0.4656082502E+001
   1056700   0.8096714111E+003   0.4660121684E+001
   1056800   0.8028554578E+003   0.4309844233E+001
   1056900   0.8036100314E+003   0.4666152014E+001
   1057000   0.8044204696E+003   0.5021971401E+001
   1057100   0.8027372611E+003   0.4667029112E+001
   1057200   0.7839229152E+003   0.4686496099E+001
   1057300   0.8094531433E+003   0.4660336998E+001
   1057400   0.8022432678E+003   0.3952983822E+001
   1057500   0.7864928825E+003   0.3966826351E+001
   1057600   0.8057216640E+003   0.3950012372E+001
   1057700   0.8039149157E+003   0.4308858611E+001
   1057800   0.8153436638E+003   0.3941947346E+001
   1057900   0.8226523614E+003   0.4291917261E+001
   1058000   0.8137527815E+003   0.4299849865E+001
   1058100   0.8182582827E+003   0.3939548155E+001
   1058200   0.8124173965E+003   0.3944376417E+001
   1058300   0.8085912511E+003   0.3947583571E+001
   1058400   0.8132144644E+003   0.3943712748E+001
   1058500   0.8115357187E+003   0.3588051429E+001
   1058600   0.8087384960E+003   0.3590192604E+001
   1058700   0.7962207153E+003   0.3241457772E+001
   1058800   0.7967085481E+003   0.3241106773E+001
   1058900   0.8070165820E+003   0.3233806560E+001
   1059000   0.7964180584E+003   0.3241315722E+001
   1059100   0.7946960041E+003   0.3601209667E+001
   1059200   0.7981207646E+003   0.3598480734E+001
   1059300   0.8123348164E+003   0.3230125122E+001
   1059400   0.8014086704E+003   0.3237750737E+001
   1059500   0.8066968423E+003   0.3234029710E+001
   1059600   0.7947872025E+003   0.3601136639E+001
   1059700   0.8019231422E+003   0.2878968004E+001
   1059800   0.8108840345E+003   0.3588548722E+001
   1059900   0.8046055086E+003   0.4308217786E+001
   1060000   0.8061794174E+003   0.4663582811E+001
   1060100   0.8158166243E+003   0.4297992228E+001
   1060200   0.8024492130E+003   0.4310222976E+001
   1060300   0.8073651273E+003   0.4662403648E+001
   1060400   0.8078739400E+003   0.4661898888E+001
   1060500   0.8027067781E+003   0.4667059787E+001
   1060600   0.7912865369E+003   0.4320808986E+001
   1060700   0.8033737175E+003   0.4666389279E+001
   1060800   0.8104252306E+003   0.4302868295E+001
   1060900   0.8016964660E+003   0.4668077998E+001
   1061000   0.8065575963E+003   0.4306413336E+001
   1061100   0.8023484789E+003   0.4667420543E+001
   1061200   0.8012075631E+003   0.4668571805E+001
   1061300   0.8107159396E+003   0.4659093173E+001
   1061400   0.8042431099E+003   0.4308553907E+001
   1061500   0.8134737307E+003   0.3943497201E+001
   1061600   0.7978861858E+003   0.4314508225E+001
   1061700   0.7880006933E+003   0.4323992355E+001
   1061800   0.7959499699E+003   0.3600207270E+001
   1061900   0.7818458107E+003   0.4330040182E+001
   1062000   0.7886766039E+003   0.3964868262E+001
   1062100   0.8038648717E+003   0.4308905099E+001
   1062200   0.7986753180E+003   0.4313763019E+001
   1062300   0.8107384745E+003   0.4659071018E+001
   1062400   0.7944663922E+003   0.4317757777E+001
   1062500   0.8098496126E+003   0.4659945995E+001
   1062600   0.8067774301E+003   0.4662987592E+001
   1062700   0.8089591213E+003   0.4660824836E+001
   1062800   0.8092926387E+003   0.4303902308E+001
   1062900   0.8052329741E+003   0.5377354211E+001
   1063000   0.7924223704E+003   0.5392296019E+001
   1063100   0.8031116139E+003   0.4666652629E+001
   1063200   0.7940232491E+003   0.5033315986E+001
   1063300   0.8038916907E+003   0.5022540058E+001
   1063400   0.7930449958E+003   0.5034401366E+001
   1063500   0.8081569450E+003   0.5374021533E+001
   1063600   0.7887774876E+003   0.5396651538E+001
   1063700   0.7963176220E+003   0.5030782646E+001
   1063800   0.8018761454E+003   0.4667896694E+001
   1063900   0.8052940231E+003   0.5021033885E+001
   1064000   0.8142040728E+003   0.5722517622E+001
   1064100   0.7884299750E+003   0.5754247911E+001
   1064200   0.8085893368E+003   0.5729228241E+001
   1064300   0.8041226384E+003   0.5734645133E+001
   1064400   0.8041989528E+003   0.5734551993E+001
   1064500   0.8232495968E+003   0.5711931174E+001
   1064600   0.8194381938E+003   0.5716358594E+001
   1064700   0.8066851437E+003   0.6087046437E+001
   1064800   0.7978637319E+003   0.5742355150E+001
   1064900   0.7997142151E+003   0.5740060907E+001
   1065000   0.8117517074E+003   0.6080594521E+001
   1065100   0.8094598368E+003   0.5728180703E+001
   1065200   0.8055386820E+003   0.5732920242E+001
   1065300   0.8089931910E+003   0.6084095580E+001
   1065400   0.8006642288E+003   0.5382618705E+001
   1065500   0.7978177504E+003   0.5385934426E+001
   1065600   0.8039420367E+003   0.5378834632E+001
   1065700   0.8082344769E+003   0.5373933548E+001
   1065800   0.7999745622E+003   0.5739739125E+001
   1065900   0.8043268099E+003   0.5378392799E+001
   1066000   0.7965380461E+003   0.5744006433E+001
   1066100   0.8036989668E+003   0.5735162594E+001
   1066200   0.8092725858E+003   0.5728405814E+001
   1066300   0.7978979886E+003   0.5385840580E+001
   1066400   0.7915702760E+003   0.5393310024E+001
   1066500   0.8005340297E+003   0.5382769765E+001
   1066600   0.8028576840E+003   0.5380082457E+001
   1066700   0.7990555284E+003   0.5027781919E+001
   1066800   0.7948242848E+003   0.6102527729E+001
   1066900   0.8130828901E+003   0.6078914937E+001
   1067000   0.8139077817E+003   0.5367548542E+001
   1067100   0.8077413492E+003   0.5018420012E+001
   1067200   0.8091396892E+003   0.5016934823E+001
   1067300   0.8050417096E+003   0.5021304429E+001
   1067400   0.8105905640E+003   0.5371269199E+001
   1067500   0.8143133858E+003   0.5011491670E+001
   1067600   0.7987517235E+003   0.5741252655E+001
   1067700   0.8137841389E+003   0.6078032737E+001
   1067800   0.8024211185E+003   0.5380585954E+001
   1067900   0.7950459429E+003   0.5389189952E+001
   1068000   0.7802112334E+003   0.5407076647E+001
   1068100   0.7979006419E+003   0.5029044719E+001
   1068200   0.7967645392E+003   0.5030291174E+001
   1068300   0.8015780607E+003   0.4311036673E+001
   1068400   0.7981293089E+003   0.5028794345E+001
   1068500   0.8003476633E+003   0.4669442048E+001
   1068600   0.7905493233E+003   0.4679515501E+001
   1068700   0.7818817376E+003   0.4688674472E+001
   1068800   0.7989846550E+003   0.4670825958E+001
   1068900   0.7876041674E+003   0.4682601011E+001
   1069000   0.7975321258E+003   0.4314843140E+001
   1069100   0.7909631008E+003   0.4679084170E+001
   1069200   0.7872234948E+003   0.4683001808E+001
   1069300   0.7874504808E+003   0.5040669477E+001
   1069400   0.8004673133E+003   0.5026244022E+001
   1069500   0.8027007983E+003   0.5380263321E+001
   1069600   0.7961506765E+003   0.4673721214E+001
   1069700   0.8220279826E+003   0.4648150211E+001
   1069800   0.7994878756E+003   0.5383985623E+001
   1069900   0.7969659524E+003   0.4315379426E+001
   1070000   0.8091761225E+003   0.4304008875E+001
   1070100   0.8036630429E+003   0.3951767320E+001
   1070200   0.8125202491E+003   0.4300964522E+001
   1070300   0.7941452747E+003   0.3601651086E+001
   1070400   0.8143975102E+003   0.3585878664E+001
   1070500   0.8153936514E+003   0.3585126553E+001
   1070600   0.7893847492E+003   0.4322647660E+001
   1070700   0.8038439236E+003   0.3593981329E+001
   1070800   0.8125475547E+003   0.4300939785E+001
   1070900   0.8102359493E+003   0.4303040866E+001
   1071000   0.7919078109E+003   0.3961994236E+001
   1071100   0.7950383810E+003   0.3959235928E+001
   1071200   0.8078475020E+003   0.3590878283E+001
   1071300   0.7994900068E+003   0.3239115118E+001
   1071400   0.8200151137E+003   0.3224907267E+001
   1071500   0.8096741059E+003   0.2874127933E+001
   1071600   0.8151925639E+003   0.2870747717E+001
   1071700   0.8208724449E+003   0.3224331904E+001
   1071800   0.8071229264E+003   0.2875708956E+001
   1071900   0.7985083793E+003   0.3239816146E+001
   1072000   0.8033908994E+003   0.3236349196E+001
   1072100   0.8067171970E+003   0.3591750684E+001
   1072200   0.7992390897E+003   0.3239294118E+001
   1072300   0.8165634036E+003   0.2869916342E+001
   1072400   0.8125901073E+003   0.2872335086E+001
   1072500   0.7943539826E+003   0.3601483718E+001
   1072600   0.8093084961E+003   0.3232213068E+001
   1072700   0.8088076152E+003   0.3232560409E+001
   1072800   0.8038219845E+003   0.3236045471E+001
   1072900   0.8048617712E+003   0.3593188992E+001
   1073000   0.7973114149E+003   0.3599123156E+001
   1073100   0.8119446078E+003   0.2872730657E+001
   1073200   0.7952916870E+003   0.2883197192E+001
   1073300   0.8090378746E+003   0.2516323550E+001
   1073400   0.8010090474E+003   0.2879546071E+001
   1073500   0.8107133170E+003   0.2873487259E+001
   1073600   0.8182255944E+003   0.2511399272E+001
   1073700   0.7967025376E+003   0.2882290485E+001
   1073800   0.7915988748E+003   0.2526040924E+001
   1073900   0.8030285190E+003   0.2878271039E+001
   1074000   0.8007556787E+003   0.2879706574E+001
   1074100   0.8051378164E+003   0.3235120752E+001
   1074200   0.8074867649E+003   0.3233478792E+001
   1074300   0.7973505232E+003   0.3599092078E+001
   1074400   0.7936400595E+003   0.3602056660E+001
   1074500   0.7955566732E+003   0.2883026605E+001
   1074600   0.7928083419E+003   0.3602725667E+001
   1074700   0.7842587252E+003   0.3968842969E+001
   1074800   0.7826086591E+003   0.3970341087E+001
   1074900   0.7898486509E+003   0.3605119808E+001
   1075000   0.7857466936E+003   0.3608473109E+001
   1075100   0.7957739341E+003   0.3241779679E+001
   1075200   0.7933509718E+003   0.3602289006E+001
   1075300   0.8137622319E+003   0.2871618675E+001
   1075400   0.8063889795E+003   0.3234244767E+001
   1075500   0.8033928857E+003   0.3236347795E+001
   1075600   0.8042598395E+003   0.2877497314E+001
   1075700   0.8078229625E+003   0.3233244700E+001
   1075800   0.8040026168E+003   0.3593857641E+001
   1075900   0.8069834584E+003   0.3233829668E+001
   1076000   0.8119855414E+003   0.2872705551E+001
   1076100   0.8138631782E+003   0.3586282986E+001
   1076200   0.8096837134E+003   0.3231953200E+001
   1076300   0.7907466329E+003   0.3963023874E+001
   1076400   0.8150306504E+003   0.3942206200E+001
   1076500   0.8083020385E+003   0.3947827442E+001
   1076600   0.8140094707E+003   0.4299618222E+001
   1076700   0.8277983220E+003   0.3931833196E+001
   1076800   0.8220878204E+003   0.4292414499E+001
   1076900   0.8224641679E+003   0.4292082930E+001
   1077000   0.8162432617E+003   0.4297609588E+001
   1077100   0.8078267371E+003   0.4305245666E+001
   1077200   0.8078393827E+003   0.4305234053E+001
   1077300   0.7988704121E+003   0.4313579051E+001
   1077400   0.7908500330E+003   0.3962932042E+001
   1077500   0.7961491602E+003   0.3958263364E+001
   1077600   0.7921391874E+003   0.3244414414E+001
   1077700   0.7805878751E+003   0.3252980058E+001
   1077800   0.7948262567E+003   0.2883497140E+001
   1077900   0.8017811454E+003   0.3595594336E+001
   1078000   0.7841587650E+003   0.3968933513E+001
   1078100   0.7953245366E+003   0.4316939265E+001
   1078200   0.8031141016E+003   0.3952237069E+001
   1078300   0.7903239096E+003   0.3963399594E+001
   1078400   0.7882991243E+003   0.3606381694E+001
   1078500   0.7892990303E+003   0.3964312485E+001
   1078600   0.8124075824E+003   0.3944384598E+001
   1078700   0.8082727209E+003   0.3590550828E+001
   1078800   0.8126155680E+003   0.3587229465E+001
   1078900   0.8211896048E+003   0.3937155305E+001
   1079000   0.8144755963E+003   0.3942665789E+001
   1079100   0.8044085224E+003   0.4308400445E+001
   1079200   0.8183414525E+003   0.4295734569E+001
   1079300   0.8145790599E+003   0.4299104820E+001
   1079400   0.8086170108E+003   0.4304520746E+001
   1079500   0.8140441302E+003   0.4299586957E+001
   1079600   0.8263488036E+003   0.4288681103E+001
   1079700   0.8145713390E+003   0.4299111774E+001
   1079800   0.8122789547E+003   0.4657559910E+001
   1079900   0.8062750889E+003   0.4663487517E+001
   1080000   0.8116231894E+003   0.3945039223E+001
   1080100   0.7959098259E+003   0.3958472648E+001
   1080200   0.7919231485E+003   0.3961980660E+001
   1080300   0.7888743810E+003   0.4323142868E+001
   1080400   0.7832983232E+003   0.4687161252E+001
   1080500   0.7865407941E+003   0.5041698610E+001
   1080600   0.7778681576E+003   0.5409975295E+001
   1080700   0.8050301102E+003   0.5021316871E+001
   1080800   0.7773217788E+003   0.5410654188E+001
   1080900   0.7966930323E+003   0.5030369767E+001
   1081000   0.7895915835E+003   0.5395674620E+001
   1081100   0.7848621753E+003   0.5043605013E+001
   1081200   0.8043271205E+003   0.5022071726E+001
   1081300   0.7940544144E+003   0.4675878430E+001
   1081400   0.8131969758E+003   0.4300352026E+001
   1081500   0.8084518223E+003   0.4661326512E+001
   1081600   0.8043493065E+003   0.5022047880E+001
   1081700   0.8139727260E+003   0.5011847582E+001
   1081800   0.8034114722E+003   0.5023057253E+001
   1081900   0.7915782643E+003   0.5036034623E+001
   1082000   0.8042119280E+003   0.4308582845E+001
   1082100   0.8065072453E+003   0.3949345445E+001
   1082200   0.8010611208E+003   0.3954000582E+001
   1082300   0.8127713351E+003   0.4300737128E+001
   1082400   0.8058699523E+003   0.3949886365E+001
   1082500   0.7948467791E+003   0.4317394702E+001
   1082600   0.7919147586E+003   0.4320203895E+001
   1082700   0.8200304049E+003   0.4294233411E+001
   1082800   0.8014297547E+003   0.4311175405E+001
   1082900   0.8102709790E+003   0.4303008921E+001
   1083000   0.8133469921E+003   0.3943602548E+001
   1083100   0.8118620722E+003   0.4301561377E+001
   1083200   0.7920764880E+003   0.4320048303E+001
   1083300   0.7922269187E+003   0.3961711900E+001
   1083400   0.7814805445E+003   0.3971369613E+001
   1083500   0.7911752802E+003   0.4320916264E+001
   1083600   0.7967081133E+003   0.3957775167E+001
   1083700   0.7912196014E+003   0.4320873523E+001
   1083800   0.8012339045E+003   0.4311358704E+001
   1083900   0.8235736857E+003   0.4291107485E+001
   1084000   0.8054590864E+003   0.4307427503E+001
   1084100   0.8023742938E+003   0.3952871343E+001
   1084200   0.8084953734E+003   0.3947664395E+001
   1084300   0.8010534545E+003   0.3954007187E+001
   1084400   0.8096215033E+003   0.3946716496E+001
   1084500   0.7921667838E+003   0.3961765085E+001
   1084600   0.7954415919E+003   0.4674449422E+001
   1084700   0.7826589877E+003   0.5046121783E+001
   1084800   0.7937011649E+003   0.4318489419E+001
   1084900   0.7877145327E+003   0.3965729352E+001
   1085000   0.7895697532E+003   0.3605346503E+001
   1085100   0.7894407797E+003   0.3605451400E+001
   1085200   0.7925072485E+003   0.3244146321E+001
   1085300   0.8036807449E+003   0.3236144940E+001
   1085400   0.8149426022E+003   0.2155072735E+001
   1085500   0.7933805048E+003   0.2525025070E+001
   1085600   0.8100034857E+003   0.2515799849E+001
   1085700   0.7949943320E+003   0.2524109524E+001
   1085800   0.7888700897E+003   0.3246808547E+001
   1085900   0.8184228687E+003   0.3225979585E+001
   1086000   0.8010090198E+003   0.2879546089E+001
   1086100   0.8213309300E+003   0.2867050280E+001
   1086200   0.7978206276E+003   0.2522516637E+001
   1086300   0.7870404662E+003   0.2888576780E+001
   1086400   0.8055136500E+003   0.2518247444E+001
   1086500   0.7828780543E+003   0.2891341386E+001
   1086600   0.7993291438E+003   0.2521671872E+001
   1086700   0.8144320846E+003   0.2513416653E+001
   1086800   0.7988109054E+003   0.2880942533E+001
   1086900   0.8098534590E+003   0.3231835730E+001
   1087000   0.8187784592E+003   0.2868579868E+001
   1087100   0.8205373209E+003   0.2867524662E+001
   1087200   0.8197270142E+003   0.2510606864E+001
   1087300   0.8053485264E+003   0.2518338071E+001
   1087400   0.8016727787E+003   0.2520366861E+001
   1087500   0.7982072876E+003   0.2162947617E+001
   1087600   0.8026701731E+003   0.2519814199E+001
   1087700   0.8003056197E+003   0.2161938975E+001
   1087800   0.8044981542E+003   0.2159942213E+001
   1087900   0.8086815379E+003   0.2157974062E+001
   1088000   0.8168601855E+003   0.2512122862E+001
   1088100   0.8097862632E+003   0.2874058695E+001
   1088200   0.8104526411E+003   0.2515556748E+001
   1088300   0.8079398248E+003   0.2158321268E+001
   1088400   0.8023966305E+003   0.2160940028E+001
   1088500   0.7914872322E+003   0.2166220322E+001
   1088600   0.7866590353E+003   0.2888828683E+001
   1088700   0.7944995028E+003   0.2883707964E+001
   1088800   0.7862363970E+003   0.2529131315E+001
   1088900   0.8039218326E+003   0.2877709430E+001
   1089000   0.7942485369E+003   0.3242881943E+001
   1089100   0.7887276004E+003   0.2887466014E+001
   1089200   0.7947460904E+003   0.2883548845E+001
   1089300   0.7900267966E+003   0.3245958760E+001
   1089400   0.8123860661E+003   0.2872460046E+001
   1089500   0.8057181186E+003   0.3234714064E+001
   1089600   0.7903421531E+003   0.3245727589E+001
   1089700   0.8110574014E+003   0.2873275555E+001
   1089800   0.8164335066E+003   0.2869994981E+001
   1089900   0.8153446785E+003   0.2870655302E+001
   1090000   0.8156349842E+003   0.3227868937E+001
   1090100   0.8040963219E+003   0.3951397079E+001
   1090200   0.8010731469E+003   0.3953990220E+001
   1090300   0.7987735741E+003   0.3955978135E+001
   1090400   0.8088044853E+003   0.4304349019E+001
   1090500   0.8095285235E+003   0.4303686674E+001
   1090600   0.8021998207E+003   0.5024365428E+001
   1090700   0.8122883657E+003   0.5013612493E+001
   1090800   0.8072059614E+003   0.4305816271E+001
   1090900   0.7894508070E+003   0.3964177117E+001
   1091000   0.8124830192E+003   0.4300998253E+001
   1091100   0.7941865660E+003   0.4675742040E+001
   1091200   0.8056972700E+003   0.4664063460E+001
   1091300   0.8100053359E+003   0.4303251247E+001
   1091400   0.7986007157E+003   0.5028278718E+001
   1091500   0.7781678561E+003   0.4692672554E+001
   1091600   0.7703037359E+003   0.4701288830E+001
   1091700   0.7715444077E+003   0.4699915710E+001
   1091800   0.7884588928E+003   0.5039531919E+001
   1091900   0.7951607597E+003   0.5032057854E+001
   1092000   0.8127795494E+003   0.5368810004E+001
   1092100   0.8060921964E+003   0.5376371950E+001
   1092200   0.8152272244E+003   0.5366078469E+001
   1092300   0.8141374763E+003   0.6077588897E+001
   1092400   0.8098621668E+003   0.6082989683E+001
   1092500   0.7887084507E+003   0.6110724076E+001
   1092600   0.7958243303E+003   0.5388273037E+001
   1092700   0.8154376107E+003   0.5365844578E+001
   1092800   0.8078421141E+003   0.5018312788E+001
   1092900   0.7999527228E+003   0.5026803842E+001
   1093000   0.7971883283E+003   0.5386671360E+001
   1093100   0.8119395084E+003   0.5369751906E+001
   1093200   0.7894328805E+003   0.5038436439E+001
   1093300   0.8078511406E+003   0.4305223256E+001
   1093400   0.7878894150E+003   0.4324100710E+001
   1093500   0.8098003467E+003   0.5016235222E+001
   1093600   0.8223614602E+003   0.4647832951E+001
   1093700   0.7977234862E+003   0.5029238808E+001
   1093800   0.8170745273E+003   0.5364029594E+001
   1093900   0.8188194645E+003   0.5006816396E+001
   1094000   0.7953443120E+003   0.5031855234E+001
   1094100   0.8170970660E+003   0.5008596350E+001
   1094200   0.8186858485E+003   0.5006954164E+001
   1094300   0.8046493232E+003   0.4665110479E+001
   1094400   0.7926360351E+003   0.4677345661E+001
   1094500   0.8060582481E+003   0.5020215656E+001
   1094600   0.7957185993E+003   0.5031442404E+001
   1094700   0.7931598839E+003   0.5034273733E+001
   1094800   0.8153553256E+003   0.5010405236E+001
   1094900   0.7975261151E+003   0.4314848829E+001
   1095000   0.8128734267E+003   0.4656978565E+001
   1095100   0.7949336423E+003   0.5746013533E+001
   1095200   0.8013196764E+003   0.5381859119E+001
   1095300   0.7933807639E+003   0.5391158573E+001
   1095400   0.7827660450E+003   0.6118832285E+001
   1095500   0.7982463787E+003   0.5741879718E+001
   1095600   0.7985348082E+003   0.5741521703E+001
   1095700   0.8056065601E+003   0.5732837738E+001
   1095800   0.7936267438E+003   0.5033755533E+001
   1095900   0.8046701792E+003   0.5021703164E+001
   1096000   0.8002185731E+003   0.5026514519E+001
   1096100   0.8041299232E+003   0.4665630606E+001
   1096200   0.8136187037E+003   0.5012217825E+001
   1096300   0.8034113342E+003   0.4666351500E+001
   1096400   0.8021488020E+003   0.4310503340E+001
   1096500   0.8095153774E+003   0.4303698688E+001
   1096600   0.8134678934E+003   0.3943502052E+001
   1096700   0.8038574253E+003   0.4665903800E+001
   1096800   0.8023591892E+003   0.4310306967E+001
   1096900   0.7916658343E+003   0.5035936912E+001
   1097000   0.7919878932E+003   0.4678018184E+001
   1097100   0.8039598808E+003   0.4308816847E+001
   1097200   0.8133002621E+003   0.4300258647E+001
   1097300   0.8163797745E+003   0.3941092166E+001
   1097400   0.8024020807E+003   0.3595107765E+001
   1097500   0.7968011553E+003   0.3241040199E+001
   1097600   0.8064829896E+003   0.2876107383E+001
   1097700   0.8172973769E+003   0.3226740514E+001
   1097800   0.8118265237E+003   0.3230474532E+001
   1097900   0.8035402771E+003   0.3951872310E+001
   1098000   0.8116061490E+003   0.3945053461E+001
   1098100   0.8154265994E+003   0.3585101713E+001
   1098200   0.7869166224E+003   0.4325049486E+001
   1098300   0.7946636498E+003   0.3959564752E+001
   1098400   0.7945006171E+003   0.3242699444E+001
   1098500   0.7859805386E+003   0.3248944276E+001
   1098600   0.8085728948E+003   0.3232723352E+001
   1098700   0.8138064503E+003   0.3586325948E+001
   1098800   0.8100493245E+003   0.3589187052E+001
   1098900   0.7989041846E+003   0.3597860352E+001
   1099000   0.8031533211E+003   0.3236516747E+001
   1099100   0.7863965860E+003   0.3248635626E+001
   1099200   0.8126665174E+003   0.3229897380E+001
   1099300   0.8113920678E+003   0.3230773592E+001
   1099400   0.8043873415E+003   0.2877417355E+001
   1099500   0.7978036002E+003   0.3240320715E+001
   1099600   0.8051688616E+003   0.3235098977E+001
   1099700   0.7872526668E+003   0.3607237209E+001
   1099800   0.7884342711E+003   0.4323570510E+001
   1099900   0.7937468724E+003   0.3960370759E+001
   1100000   0.8047634628E+003   0.3593265417E+001
