units		    real
atom_style	    full
boundary        p p p
pair_style	    lj/cut/coul/long 12
pair_modify     mix arithmetic tail yes
kspace_style    pppm 1e-6
bond_style      harmonic
angle_style     harmonic

read_data       ./data.lmp           # read the positions --------------comment it out for restarting
Reading data file ...
  orthogonal box = (0 0 0) to (54.965023 54.965023 54.965023)
  2 by 2 by 2 MPI processor grid
  reading atoms ...
  1500 atoms
  scanning bonds ...
  1 = max bonds/atom
  scanning angles ...
  1 = max angles/atom
  orthogonal box = (0 0 0) to (54.965023 54.965023 54.965023)
  2 by 2 by 2 MPI processor grid
  reading bonds ...
  1000 bonds
  reading angles ...
  500 angles
Finding 1-2 1-3 1-4 neighbors ...
  special bond factors lj:    0        0        0       
  special bond factors coul:  0        0        0       
     2 = max # of 1-2 neighbors
     1 = max # of 1-3 neighbors
     1 = max # of 1-4 neighbors
     2 = max # of special neighbors
  special bonds CPU = 0.000 seconds
  read_data CPU = 0.048 seconds
#read_restart   2.restart

#----------------------------------------------------------------------------#
# FORCEFIELD - TraPPE Flexible model for N2
#----------------------------------------------------------------------------#

pair_coeff      1   1  0.0695521435  3.310  # [N2]-L-[N2]
pair_coeff      2   2  0.0009936 0.5   # N2-[L]

bond_coeff      1   500 0.55            # [N2]-[L]

angle_coeff     1   50 180              # N2-N2_X-N2

mass 1 13.9067      # N2
mass 2  0.1         # N2_X

set type        1   charge     -0.482             # N2
Setting atom values ...
  1000 settings made for charge
set type        2   charge      0.964             # N2_X
Setting atom values ...
  500 settings made for charge

#------------------------ VARIABLES------------------------------------------#

variable  TEMP_INDEX       equal 300  # in K
variable  PRESS_INDEX      equal 120  # in bar
variable  RandomSeed       equal 11000  # RANDOM SEED
variable  nz_layers        equal 20
variable  nx_layers        equal 3
variable  timestep         equal 0.5

variable  simulationTemp   equal ${TEMP_INDEX}
variable  simulationTemp   equal 300
variable  pressure         equal 0.987*${PRESS_INDEX}
variable  pressure         equal 0.987*120

variable  Ninptpre         equal 50000
variable  Ninpt            equal 400000     # 0.2 ns
variable  npt_run          equal 2000000    # 1 ns
variable  NBR              equal ${npt_run}/100
variable  NBR              equal 2000000/100

variable  Density          equal density
variable  Volume           equal vol

variable  dumpfreq         equal 1000
variable  thermofreq       equal 1000
variable  printfreq        equal 1000
variable  restartfreq      equal 1000000

variable  NVT_init         equal 200000    # 0.1 ns
variable  NVT_init_2       equal 200000    # 0.1 ns
variable  NVE_reshape      equal 10000
variable  NVT_prod         equal 1000000   # 0.5 ns
variable  NVE_cuboid       equal 200000    # 0.1 ns

variable  thermo_num       equal 1000

#---------------------------- GROUPS/NEIGHBOUR - LIST -----------------------------------------------------------------------#

group           oxy  type 1
1000 atoms in group oxy
group           carb type 2
500 atoms in group carb

neighbor	    3.0 bin
neigh_modify    every 1 delay 0 check yes
run_style       verlet

#---------------------------- CONGUGATE-GRADIENT MINIMIZATION --------------------------------------------------------#

#minimize energytolerance forcetolerance max_iterations_of_minimizer max_number_of_force_or_energy_evaluations
minimize        1e-6 1e-8 100000 10000000
PPPM initialization ...
  using 12-bit tables for long-range coulomb (src/kspace.cpp:342)
  G vector (1/distance) = 0.2675861
  grid = 50 50 50
  stencil order = 5
  estimated absolute RMS force accuracy = 0.00039584402
  estimated relative force accuracy = 1.1920725e-06
  using single precision FFTW3
  3d grid and FFT values/proc = 32768 16250
Generated 1 of 1 mixed pair_coeff terms from arithmetic mixing rule
Last active /omp style is kspace_style pppm/omp
Neighbor list info ...
  update: every = 1 steps, delay = 0 steps, check = yes
  max neighbors/atom: 2000, page size: 100000
  master list distance cutoff = 15
  ghost atom cutoff = 15
  binsize = 7.5, bins = 8 8 8
  1 neighbor lists, perpetual/occasional/extra = 1 0 0
  (1) pair lj/cut/coul/long/omp, perpetual
      attributes: half, newton on, omp
      pair build: half/bin/newton/omp
      stencil: half/bin/3d
      bin: standard
Per MPI rank memory allocation (min/avg/max) = 9.757 | 9.787 | 9.817 Mbytes
   Step          Temp          E_pair         E_mol          TotEng         Press     
         0   0              12.721715      1.4941382e-05  12.72173       247.996      
      4502   0             -433.1298       0.27465943    -432.85514     -20.126401    
Loop time of 23.123 on 8 procs for 4502 steps with 1500 atoms

99.4% CPU use with 8 MPI tasks x 1 OpenMP threads

Minimization stats:
  Stopping criterion = energy tolerance
  Energy initial, next-to-last, final = 
      12.7217296754327   -432.85490454627  -432.855139869723
  Force two-norm initial, final = 96.937021 1.9281309
  Force max component initial, final = 12.09215 0.36353957
  Final line search alpha, max atom move = 0.90330039 0.32838544
  Iterations, force evaluations = 4502 9005

MPI task timing breakdown:
Section |  min time  |  avg time  |  max time  |%varavg| %total
---------------------------------------------------------------
Pair    | 1.4006     | 2.4412     | 3.4076     |  42.7 | 10.56
Bond    | 0.054769   | 0.071985   | 0.09244    |   4.1 |  0.31
Kspace  | 18.777     | 19.801     | 20.893     |  15.5 | 85.63
Neigh   | 0.0095294  | 0.0097711  | 0.01003    |   0.2 |  0.04
Comm    | 0.56444    | 0.60442    | 0.6468     |   3.6 |  2.61
Output  | 0          | 0          | 0          |   0.0 |  0.00
Modify  | 0.012523   | 0.016039   | 0.022306   |   2.9 |  0.07
Other   |            | 0.1783     |            |       |  0.77

Nlocal:          187.5 ave         257 max         127 min
Histogram: 2 0 1 1 1 0 0 1 0 2
Nghost:        1600.38 ave        1671 max        1506 min
Histogram: 1 0 0 2 0 0 1 3 0 1
Neighs:          15038 ave       21869 max        7174 min
Histogram: 2 0 1 0 0 1 0 2 1 1

Total # of neighbors = 120304
Ave neighs/atom = 80.202667
Ave special neighs/atom = 2
Neighbor list builds = 22
Dangerous builds = 0

#---------------------------- NPT simulations  ---------------------------------------------------------------------#

fix runnpt all npt temp ${simulationTemp} ${simulationTemp} 10 iso ${pressure} ${pressure} 100
fix runnpt all npt temp 300 ${simulationTemp} 10 iso ${pressure} ${pressure} 100
fix runnpt all npt temp 300 300 10 iso ${pressure} ${pressure} 100
fix runnpt all npt temp 300 300 10 iso 118.44 ${pressure} 100
fix runnpt all npt temp 300 300 10 iso 118.44 118.44 100

thermo_style custom step pe ke etotal press temp v_Density
thermo_modify flush yes
thermo ${thermo_num}
thermo 1000

velocity all create ${simulationTemp} ${RandomSeed} mom yes rot yes dist gaussian
velocity all create 300 ${RandomSeed} mom yes rot yes dist gaussian
velocity all create 300 11000 mom yes rot yes dist gaussian

#-----------------------
# Run (Pre-Initialization)
#-----------------------

timestep    0.1
run         ${Ninptpre}
run         50000
PPPM initialization ...
  using 12-bit tables for long-range coulomb (src/kspace.cpp:342)
  G vector (1/distance) = 0.2675861
  grid = 50 50 50
  stencil order = 5
  estimated absolute RMS force accuracy = 0.00039584402
  estimated relative force accuracy = 1.1920725e-06
  using single precision FFTW3
  3d grid and FFT values/proc = 32768 16250
Generated 1 of 1 mixed pair_coeff terms from arithmetic mixing rule
Last active /omp style is kspace_style pppm/omp
Per MPI rank memory allocation (min/avg/max) = 8.649 | 8.671 | 8.693 Mbytes
   Step         PotEng         KinEng         TotEng         Press           Temp        v_Density   
      4502  -432.85514      1340.4703      907.61514      348.87737      300            0.13956373   
      5000   24.753568      1363.594       1388.3476      156.93037      305.17514      0.13368722   
      6000   256.57234      1276.4043      1532.9766      139.96139      285.6619       0.1068999    
      7000   190.59224      1412.5677      1603.16        157.93065      316.13556      0.099130642  
      8000   349.57023      1237.595       1587.1652      68.271459      276.97629      0.10002412   
      9000   206.81696      1415.463       1622.28        140.22276      316.78353      0.10268502   
     10000   345.46245      1267.3582      1612.8206      95.655349      283.63736      0.10685182   
     11000   231.81667      1383.2251      1615.0417      141.24933      309.56861      0.11130384   
     12000   282.40152      1331.9402      1614.3417      109.64786      298.09094      0.11591091   
     13000   294.12841      1329.0709      1623.1993      102.00327      297.4488       0.11765623   
     14000   277.90243      1368.0688      1645.9712      139.20043      306.17661      0.12241824   
     15000   339.04258      1327.1002      1666.1428      117.49384      297.00774      0.1242975    
     16000   299.41628      1422.4911      1721.9074      133.51987      318.35643      0.12087707   
     17000   359.16457      1331.1994      1690.364       67.792795      297.92516      0.11826305   
     18000   296.84311      1368.9364      1665.7795      141.79245      306.37078      0.11781879   
     19000   333.53827      1293.889       1627.4272      150.83157      289.57501      0.12238163   
     20000   313.25402      1345.3911      1658.6451      127.96665      301.10128      0.12910775   
     21000   347.34326      1312.0783      1659.4216      69.714911      293.64583      0.12659751   
     22000   364.7135       1305.8382      1670.5517      126.04293      292.24927      0.11899441   
     23000   352.8526       1304.161       1657.0136      149.5036       291.87392      0.11822681   
     24000   344.37542      1320.2113      1664.5868      91.660891      295.46601      0.12570039   
     25000   320.17806      1323.9475      1644.1256      93.354742      296.30217      0.12553254   
     26000   334.69788      1322.9852      1657.683       130.60866      296.08679      0.12425275   
     27000   352.04194      1328.2413      1680.2832      159.02891      297.26313      0.11625459   
     28000   366.86462      1286.0605      1652.9252      83.733257      287.82299      0.11006694   
     29000   352.92398      1332.0379      1684.9619      114.8994       298.11282      0.11623042   
     30000   351.38669      1335.2534      1686.6401      132.76952      298.83246      0.11782079   
     31000   360.61932      1372.8233      1733.4426      125.13453      307.24068      0.11873455   
     32000   343.75088      1370.8228      1714.5736      111.15414      306.79295      0.12051767   
     33000   357.93928      1388.6541      1746.5933      118.36592      310.78363      0.1186517    
     34000   364.09914      1387.3891      1751.4883      123.83405      310.50054      0.1129441    
     35000   367.82297      1367.4613      1735.2842      131.10477      306.04064      0.11383475   
     36000   372.58165      1373.3665      1745.9482      100.49395      307.36224      0.1166193    
     37000   382.27727      1331.3521      1713.6294      105.51634      297.95934      0.11511534   
     38000   359.29631      1326.3354      1685.6317      147.30498      296.83658      0.11737393   
     39000   356.69692      1297.4888      1654.1857      151.8494       290.38066      0.1234436    
     40000   373.48743      1288.3758      1661.8633      75.495956      288.34116      0.11827908   
     41000   358.43558      1335.7264      1694.162       110.37631      298.93831      0.11732216   
     42000   360.18888      1339.9478      1700.1367      153.19793      299.88308      0.12123688   
     43000   368.87162      1351.2456      1720.1172      134.9191       302.41154      0.11896097   
     44000   378.5269       1336.23        1714.7569      95.77969       299.05102      0.11195613   
     45000   400.85481      1302.2311      1703.0859      89.512933      291.44199      0.11078917   
     46000   374.84328      1389.8296      1764.6729      144.60845      311.04672      0.1075107    
     47000   383.75502      1361.4035      1745.1585      128.72455      304.6849       0.10325386   
     48000   383.30834      1384.9927      1768.301       99.107744      309.9642       0.11040167   
     49000   378.03222      1360.1224      1738.1547      95.644491      304.39819      0.11191857   
     50000   370.57461      1347.7183      1718.2929      157.43938      301.62213      0.1119116    
     51000   385.58933      1365.5523      1751.1416      142.06456      305.6134       0.11473425   
     52000   382.46266      1315.5035      1697.9662      64.534048      294.41239      0.11699918   
     53000   374.69745      1324.7327      1699.4301      112.86562      296.47789      0.10992772   
     54000   394.34703      1309.7951      1704.1422      150.38999      293.13484      0.10807107   
     54502   370.25421      1342.7352      1712.9894      95.500141      300.50689      0.11000518   
Loop time of 250.315 on 8 procs for 50000 steps with 1500 atoms

Performance: 1.726 ns/day, 13.906 hours/ns, 199.749 timesteps/s, 299.623 katom-step/s
99.5% CPU use with 8 MPI tasks x 1 OpenMP threads

MPI task timing breakdown:
Section |  min time  |  avg time  |  max time  |%varavg| %total
---------------------------------------------------------------
Pair    | 4.9896     | 6.9501     | 8.8617     |  53.3 |  2.78
Bond    | 0.40789    | 0.4725     | 0.57616    |   7.8 |  0.19
Kspace  | 114.23     | 116.43     | 118.66     |  14.0 | 46.51
Neigh   | 0.038103   | 0.038835   | 0.039662   |   0.3 |  0.02
Comm    | 3.1455     | 3.3398     | 3.5147     |   7.0 |  1.33
Output  | 0.0021802  | 0.0023401  | 0.0034103  |   0.8 |  0.00
Modify  | 108.73     | 116.39     | 122.53     |  44.5 | 46.50
Other   |            | 6.696      |            |       |  2.68

Nlocal:          187.5 ave         230 max         132 min
Histogram: 1 0 0 0 1 3 1 1 0 1
Nghost:         1322.5 ave        1375 max        1278 min
Histogram: 1 0 1 1 2 1 1 0 0 1
Neighs:        9720.12 ave       13866 max        6637 min
Histogram: 1 0 1 4 0 0 1 0 0 1

Total # of neighbors = 77761
Ave neighs/atom = 51.840667
Ave special neighs/atom = 2
Neighbor list builds = 91
Dangerous builds = 0

timestep    0.25
run         ${Ninptpre}
run         50000
PPPM initialization ...
  using 12-bit tables for long-range coulomb (src/kspace.cpp:342)
  G vector (1/distance) = 0.26723374
  grid = 54 54 54
  stencil order = 5
  estimated absolute RMS force accuracy = 0.00035730219
  estimated relative force accuracy = 1.0760049e-06
  using single precision FFTW3
  3d grid and FFT values/proc = 39304 20412
Generated 1 of 1 mixed pair_coeff terms from arithmetic mixing rule
Last active /omp style is kspace_style pppm/omp
Per MPI rank memory allocation (min/avg/max) = 9.055 | 9.081 | 9.106 Mbytes
   Step         PotEng         KinEng         TotEng         Press           Temp        v_Density   
     54502   370.25529      1342.7352      1712.9905      95.499272      300.50689      0.11000518   
     55000   404.28278      1372.071       1776.3538      122.81866      307.07232      0.11682046   
     56000   404.69078      1399.9503      1804.641       162.5241       313.31174      0.11543487   
     57000   393.18443      1319.8501      1713.0345      180.16465      295.38515      0.12184895   
     58000   384.30849      1370.7831      1755.0916      116.03051      306.78408      0.11449916   
     59000   403.51899      1355.6256      1759.1446      71.770938      303.3918       0.11257704   
     60000   376.42332      1372.3599      1748.7832      118.20343      307.13696      0.12518047   
     61000   409.79428      1391.4754      1801.2697      136.80577      311.41506      0.11246872   
     62000   386.02896      1352.4537      1738.4827      161.92849      302.68191      0.12090893   
     63000   400.4674       1403.5525      1804.0199      124.26599      314.11794      0.11369873   
     64000   431.05764      1348.9575      1780.0151      80.464063      301.89945      0.10870548   
     65000   396.34756      1325.8403      1722.1879      96.42713       296.72579      0.11814212   
     66000   394.06193      1332.3021      1726.364       108.08888      298.17194      0.11977268   
     67000   395.04277      1344.1322      1739.175       109.8951       300.81955      0.110406     
     68000   399.40939      1349.1563      1748.5657      116.46735      301.94395      0.11363339   
     69000   372.05416      1356.4429      1728.4971      149.93773      303.57471      0.12293826   
     70000   421.67219      1347.0257      1768.6979      115.86951      301.46711      0.11470135   
     71000   378.24375      1306.2172      1684.4609      102.42563      292.33408      0.11385375   
     72000   407.93617      1374.6294      1782.5656      103.4944       307.64489      0.11157465   
     73000   383.09528      1321.7497      1704.845       163.93934      295.81029      0.12428346   
     74000   387.8188       1363.827       1751.6457      143.18868      305.22727      0.11577099   
     75000   412.9558       1380.7424      1793.6982      134.02475      309.01298      0.10524749   
     76000   388.10052      1356.9334      1745.0339      107.94821      303.68448      0.11354433   
     77000   408.02382      1347.537       1755.5608      92.811736      301.58154      0.11080412   
     78000   386.18656      1362.3134      1748.4999      132.13449      304.88852      0.10956067   
     79000   380.65696      1291.1375      1671.7945      166.40132      288.95923      0.11068168   
     80000   403.64053      1351.2547      1754.8952      168.59455      302.41357      0.11018645   
     81000   424.71969      1366.368       1791.0877      127.05304      305.79596      0.10162825   
     82000   406.85536      1344.9508      1751.8061      77.442904      301.00275      0.11077028   
     83000   405.77203      1359.2057      1764.9778      34.317097      304.19304      0.11364399   
     84000   409.74999      1356.3842      1766.1342      76.236819      303.56157      0.10701158   
     85000   389.39069      1338.5152      1727.9058      153.91001      299.56244      0.11454138   
     86000   388.6137       1306.9331      1695.5468      169.39747      292.49431      0.10736969   
     87000   394.50618      1348.8693      1743.3755      149.70771      301.87973      0.11255765   
     88000   395.10146      1323.2006      1718.3021      100.49374      296.13502      0.11207427   
     89000   391.92831      1341.1677      1733.096       39.704767      300.15607      0.11342703   
     90000   415.90619      1310.8899      1726.7961      40.797068      293.37985      0.11340351   
     91000   405.95161      1334.6199      1740.5715      113.145        298.69068      0.11434679   
     92000   401.82455      1353.764       1755.5885      255.96595      302.97516      0.11596041   
     93000   397.55845      1297.4574      1695.0159      242.75445      290.37364      0.11425574   
     94000   386.29345      1345.3222      1731.6157      145.39508      301.08587      0.1192257    
     95000   391.31251      1326.4831      1717.7956      56.020632      296.86964      0.10981429   
     96000   380.98883      1352.8257      1733.8145      73.79412       302.76516      0.11621786   
     97000   413.5778       1362.0282      1775.606       108.65757      304.82472      0.10819644   
     98000   415.7783       1401.6059      1817.3842      211.94628      313.68227      0.11498474   
     99000   402.18905      1325.8352      1728.0243      167.86326      296.72465      0.11066209   
    100000   398.09525      1306.9715      1705.0668      134.57593      292.50291      0.11280946   
    101000   403.9641       1350.1405      1754.1046      84.479359      302.16421      0.11187824   
    102000   396.157        1382.5314      1778.6884      31.79092       309.41337      0.11249511   
    103000   379.43615      1323.8029      1703.239       85.94937       296.2698       0.12096169   
    104000   391.02396      1360.9629      1751.9868      161.32287      304.58628      0.10903643   
    104502   398.97424      1357.5129      1756.4871      204.05969      303.81417      0.11139092   
Loop time of 317.852 on 8 procs for 50000 steps with 1500 atoms

Performance: 3.398 ns/day, 7.063 hours/ns, 157.306 timesteps/s, 235.959 katom-step/s
99.5% CPU use with 8 MPI tasks x 1 OpenMP threads

MPI task timing breakdown:
Section |  min time  |  avg time  |  max time  |%varavg| %total
---------------------------------------------------------------
Pair    | 5.2784     | 6.4766     | 7.5349     |  31.1 |  2.04
Bond    | 0.41969    | 0.48555    | 0.52388    |   5.6 |  0.15
Kspace  | 147.81     | 148.82     | 150.27     |   7.3 | 46.82
Neigh   | 0.083919   | 0.085406   | 0.087      |   0.4 |  0.03
Comm    | 3.2912     | 3.5107     | 3.7204     |   7.5 |  1.10
Output  | 0.0023862  | 0.002576   | 0.0037809  |   0.9 |  0.00
Modify  | 139.45     | 148.26     | 158.07     |  57.2 | 46.64
Other   |            | 10.22      |            |       |  3.21

Nlocal:          187.5 ave         233 max         147 min
Histogram: 1 0 0 2 1 3 0 0 0 1
Nghost:           1326 ave        1361 max        1282 min
Histogram: 1 0 0 0 2 2 1 1 0 1
Neighs:        9515.62 ave       12202 max        6564 min
Histogram: 1 0 0 1 2 0 3 0 0 1

Total # of neighbors = 76125
Ave neighs/atom = 50.75
Ave special neighs/atom = 2
Neighbor list builds = 209
Dangerous builds = 0

timestep    0.5
run         ${Ninptpre}
run         50000
PPPM initialization ...
  using 12-bit tables for long-range coulomb (src/kspace.cpp:342)
  G vector (1/distance) = 0.26744408
  grid = 54 54 54
  stencil order = 5
  estimated absolute RMS force accuracy = 0.00035324063
  estimated relative force accuracy = 1.0637737e-06
  using single precision FFTW3
  3d grid and FFT values/proc = 39304 20412
Generated 1 of 1 mixed pair_coeff terms from arithmetic mixing rule
Last active /omp style is kspace_style pppm/omp
Per MPI rank memory allocation (min/avg/max) = 9.055 | 9.081 | 9.106 Mbytes
   Step         PotEng         KinEng         TotEng         Press           Temp        v_Density   
    104502   398.97415      1357.5129      1756.487       204.05965      303.81417      0.11139092   
    105000   476.02791      1376.8161      1852.844       196.09316      308.13426      0.13021766   
    106000   480.84659      1307.2664      1788.113       48.792033      292.56891      0.12512661   
    107000   481.22285      1308.4675      1789.6903      122.95072      292.83771      0.12922888   
    108000   487.90886      1346.1387      1834.0475      128.00171      301.2686       0.13567085   
    109000   482.97007      1328.2861      1811.2562      51.742317      297.27316      0.13921841   
    110000   495.15293      1392.7295      1887.8824      152.09092      311.69571      0.14129888   
    111000   475.04166      1344.2681      1819.3097      151.19868      300.84996      0.13891337   
    112000   472.20569      1341.9201      1814.1258      107.61669      300.32447      0.13363254   
    113000   478.29849      1330.9422      1809.2407      152.43954      297.8676       0.13656452   
    114000   473.30917      1281.7795      1755.0887      131.84514      286.86488      0.13131957   
    115000   466.02982      1334.6868      1800.7166      14.938043      298.70564      0.14317716   
    116000   454.5576       1376.6675      1831.2251      143.81807      308.101        0.13417762   
    117000   490.35222      1331.7248      1822.077       174.14267      298.04273      0.13379121   
    118000   509.4487       1356.2629      1865.7116      40.976553      303.53443      0.13050836   
    119000   474.44882      1352.741       1827.1898      127.27024      302.7462       0.12892127   
    120000   486.89911      1339.2391      1826.1383      165.91488      299.72447      0.13046124   
    121000   473.59957      1363.4972      1837.0968      76.035697      305.15347      0.13195338   
    122000   479.98324      1326.5703      1806.5535      130.65617      296.88915      0.13351981   
    123000   472.44009      1338.2594      1810.6995      149.11579      299.5052       0.13504735   
    124000   489.64463      1339.1519      1828.7966      121.41849      299.70495      0.13594687   
    125000   474.49154      1371.3394      1845.8309      99.437242      306.90856      0.13605765   
    126000   459.46471      1340.371       1799.8357      131.84433      299.97778      0.13902848   
    127000   475.72611      1316.1906      1791.9167      121.32546      294.56615      0.13802611   
    128000   477.87746      1352.3782      1830.2557      99.817206      302.66502      0.13534823   
    129000   483.31073      1324.2164      1807.5271      161.73932      296.36235      0.13106116   
    130000   455.12694      1341.8646      1796.9916      101.49676      300.31206      0.13402618   
    131000   461.96032      1323.4988      1785.4591      82.869919      296.20174      0.13918465   
    132000   451.06895      1362.6509      1813.7198      156.64457      304.96407      0.14596743   
    133000   462.29075      1290.7231      1753.0139      147.2831       288.86648      0.143527     
    134000   468.656        1325.691       1794.347       79.468364      296.69236      0.13645643   
    135000   459.65345      1370.741       1830.3944      153.28811      306.77464      0.1472619    
    136000   496.77941      1342.4653      1839.2447      146.48057      300.44648      0.14178997   
    137000   497.83938      1343.396       1841.2354      54.424736      300.65478      0.14043389   
    138000   479.18341      1370.3785      1849.5619      93.401359      306.69353      0.14424049   
    139000   434.74877      1323.9906      1758.7394      215.77387      296.31182      0.14435228   
    140000   452.3777       1350.3191      1802.6968      71.068811      302.20419      0.14396898   
    141000   475.28341      1383.5806      1858.864       79.442787      309.64819      0.13888807   
    142000   462.50532      1363.4571      1825.9624      260.23959      305.14449      0.14673434   
    143000   495.6087       1352.507       1848.1157      25.113702      302.69383      0.14098042   
    144000   487.56989      1346.2419      1833.8117      18.279068      301.29169      0.14387904   
    145000   471.52127      1339.4042      1810.9254      189.18778      299.7614       0.14045503   
    146000   495.19799      1338.3698      1833.5678      105.01567      299.52991      0.13000332   
    147000   461.15036      1344.1855      1805.3359      58.938632      300.83148      0.14354232   
    148000   487.42734      1350.2029      1837.6302      163.55085      302.17818      0.13238577   
    149000   460.61842      1312.8698      1773.4882      180.45518      293.82295      0.13869966   
    150000   468.77157      1356.3928      1825.1644     -7.388661       303.56349      0.13881141   
    151000   467.92271      1358.7481      1826.6708      164.36789      304.09061      0.13513117   
    152000   491.82657      1338.6072      1830.4338      153.14029      299.58304      0.13586005   
    153000   498.16679      1350.115       1848.2818      36.13838       302.15851      0.12955139   
    154000   534.42342      1351.9202      1886.3436      113.33765      302.56251      0.13255008   
    154502   490.40783      1315.2841      1805.6919      174.30547      294.36328      0.13128286   
Loop time of 322.442 on 8 procs for 50000 steps with 1500 atoms

Performance: 6.699 ns/day, 3.583 hours/ns, 155.066 timesteps/s, 232.600 katom-step/s
99.5% CPU use with 8 MPI tasks x 1 OpenMP threads

MPI task timing breakdown:
Section |  min time  |  avg time  |  max time  |%varavg| %total
---------------------------------------------------------------
Pair    | 6.4739     | 7.5416     | 8.6561     |  21.8 |  2.34
Bond    | 0.44379    | 0.49634    | 0.5247     |   4.0 |  0.15
Kspace  | 151.51     | 152.53     | 153.69     |   4.7 | 47.31
Neigh   | 0.18419    | 0.18819    | 0.19176    |   0.7 |  0.06
Comm    | 3.7462     | 3.9466     | 4.1934     |   7.8 |  1.22
Output  | 0.0022522  | 0.002426   | 0.003564   |   0.9 |  0.00
Modify  | 140.94     | 148.65     | 157.19     |  52.2 | 46.10
Other   |            | 9.078      |            |       |  2.82

Nlocal:          187.5 ave         224 max         142 min
Histogram: 1 0 1 0 1 0 3 1 0 1
Nghost:        1482.25 ave        1530 max        1435 min
Histogram: 1 0 0 1 4 0 0 0 0 2
Neighs:        11558.6 ave       15204 max        6656 min
Histogram: 1 0 0 1 1 2 0 1 0 2

Total # of neighbors = 92469
Ave neighs/atom = 61.646
Ave special neighs/atom = 2
Neighbor list builds = 418
Dangerous builds = 0

#-----------------------
# Run (Initialization)
#-----------------------

unfix       runnpt
reset_timestep 0

fix runnpt all npt temp ${simulationTemp} ${simulationTemp} 100 iso ${pressure} ${pressure} 1000
fix runnpt all npt temp 300 ${simulationTemp} 100 iso ${pressure} ${pressure} 1000
fix runnpt all npt temp 300 300 100 iso ${pressure} ${pressure} 1000
fix runnpt all npt temp 300 300 100 iso 118.44 ${pressure} 1000
fix runnpt all npt temp 300 300 100 iso 118.44 118.44 1000

timestep    ${timestep}
timestep    0.5
run         ${Ninpt}
run         400000
PPPM initialization ...
  using 12-bit tables for long-range coulomb (src/kspace.cpp:342)
  G vector (1/distance) = 0.26648018
  grid = 50 50 50
  stencil order = 5
  estimated absolute RMS force accuracy = 0.00041957382
  estimated relative force accuracy = 1.2635341e-06
  using single precision FFTW3
  3d grid and FFT values/proc = 32768 16250
Generated 1 of 1 mixed pair_coeff terms from arithmetic mixing rule
Last active /omp style is kspace_style pppm/omp
Per MPI rank memory allocation (min/avg/max) = 8.649 | 8.671 | 8.693 Mbytes
   Step         PotEng         KinEng         TotEng         Press           Temp        v_Density   
         0   490.40863      1315.2841      1805.6927      174.30452      294.36328      0.13128286   
      1000   490.92245      1312.2327      1803.1551      122.75932      293.68036      0.13055454   
      2000   477.96587      1312.158       1790.1238      86.193686      293.66364      0.12951773   
      3000   447.20352      1308.7167      1755.9202      133.60542      292.89349      0.13043531   
      4000   492.07006      1331.6504      1823.7204      168.0857       298.02609      0.13203828   
      5000   500.21022      1330.8237      1831.0339      210.4954       297.84107      0.13470057   
      6000   469.59744      1344.6024      1814.1999      191.38596      300.92479      0.13908243   
      7000   477.06431      1354.4791      1831.5434      134.58781      303.13521      0.14273783   
      8000   482.03747      1336.5485      1818.5859      37.78846       299.12229      0.14344276   
      9000   490.95475      1365.5075      1856.4623      28.427564      305.60338      0.14153238   
     10000   460.20932      1364.0591      1824.2684      71.584967      305.27923      0.13768326   
     11000   509.14711      1361.6704      1870.8175      128.73281      304.74463      0.13407818   
     12000   525.90612      1312.3401      1838.2463      151.99947      293.70442      0.13110923   
     13000   481.23264      1354.6316      1835.8643      164.76834      303.16934      0.129982     
     14000   478.60251      1426.6478      1905.2503      115.10495      319.2867       0.13333101   
     15000   469.10887      1352.8287      1821.9375      82.418115      302.76583      0.14089377   
     16000   467.47354      1381.4621      1848.9356      78.962015      309.17405      0.14329703   
     17000   460.63451      1343.7798      1804.4143      128.89729      300.74069      0.14213298   
     18000   478.93323      1345.8917      1824.825       165.30877      301.21333      0.1391042    
     19000   475.03459      1349.742       1824.7766      175.24576      302.07504      0.13626653   
     20000   467.56204      1373.5238      1841.0859      167.70877      307.39745      0.13479194   
     21000   496.85509      1338.3822      1835.2373      146.84688      299.53269      0.1354001    
     22000   489.0555       1345.3694      1834.4249      176.05928      301.09643      0.14082934   
     23000   464.30303      1404.8903      1869.1933      172.27003      314.41733      0.14959077   
     24000   455.43462      1397.4902      1852.9248      110.23888      312.76117      0.15018685   
     25000   464.89372      1363.1437      1828.0374      95.992894      305.07435      0.14677195   
     26000   481.53221      1348.4753      1830.0075      78.328612      301.79154      0.14248867   
     27000   499.26272      1361.5041      1860.7668      78.386098      304.7074       0.14000072   
     28000   501.74702      1381.3398      1883.0868      84.948934      309.14668      0.13890263   
     29000   497.99976      1395.6209      1893.6207      52.904465      312.34283      0.13872658   
     30000   479.18555      1377.902       1857.0875      46.888894      308.37729      0.13973103   
     31000   470.30984      1358.3252      1828.6351      42.22766       303.99598      0.14069598   
     32000   475.84616      1350.9611      1826.8072      76.066865      302.34786      0.14201093   
     33000   492.39887      1339.5272      1831.9261      38.582873      299.78894      0.14134157   
     34000   476.72104      1348.0374      1824.7584      15.286794      301.69353      0.13898195   
     35000   491.11481      1348.6834      1839.7982      31.695542      301.83812      0.13587278   
     36000   497.84913      1329.0258      1826.8749      50.92141       297.43869      0.132472     
     37000   493.48964      1347.1445      1840.6341      98.244047      301.4937       0.1320175    
     38000   479.17531      1356.0431      1835.2184      120.70762      303.48523      0.13283595   
     39000   504.2508       1359.5381      1863.7889      140.9448       304.26741      0.13398505   
     40000   497.20762      1356.4828      1853.6904      128.89776      303.58362      0.13574493   
     41000   466.48027      1354.9037      1821.384       129.98973      303.23024      0.1366674    
     42000   481.16352      1332.2994      1813.4629      126.61315      298.17134      0.13696622   
     43000   479.43439      1305.1456      1784.58        128.01377      292.09426      0.13513057   
     44000   476.928        1291.2613      1768.1893      92.082094      288.98693      0.13097397   
     45000   490.88213      1339.5803      1830.4624      117.15639      299.80081      0.12827765   
     46000   508.43127      1342.8639      1851.2951      124.7728       300.53569      0.12543847   
     47000   482.6105       1345.8987      1828.5092      102.95874      301.21489      0.12477631   
     48000   498.10541      1372.0303      1870.1357      95.505087      307.06319      0.12876817   
     49000   494.94608      1330.811       1825.7571      51.534308      297.83824      0.13625384   
     50000   480.72348      1373.0245      1853.7479      88.494414      307.28569      0.13923613   
     51000   463.73561      1354.6067      1818.3423      114.63513      303.16376      0.1379963    
     52000   466.83845      1329.4631      1796.3016      131.33633      297.53658      0.13560723   
     53000   472.10321      1337.1381      1809.2413      147.90758      299.25424      0.1330525    
     54000   462.15856      1328.1237      1790.2823      149.10518      297.23682      0.12989561   
     55000   486.20927      1252.5725      1738.7817      155.63876      280.32829      0.12783624   
     56000   493.43818      1312.6795      1806.1177      181.87147      293.78037      0.12737035   
     57000   493.95296      1321.0979      1815.0509      193.47272      295.66443      0.12765284   
     58000   466.46324      1345.3409      1811.8041      225.63896      301.09005      0.13113774   
     59000   468.24341      1318.2051      1786.4485      219.17881      295.017        0.13912719   
     60000   459.32615      1318.004       1777.3302      168.07548      294.97201      0.1457639    
     61000   458.84153      1336.4805      1795.322       78.470858      299.10708      0.14495094   
     62000   479.64026      1348.4637      1828.104      -1.9977763      301.78895      0.14178477   
     63000   488.24953      1348.2604      1836.51       -43.157052      301.74345      0.13862213   
     64000   492.75873      1343.8031      1836.5618      43.672439      300.7459       0.13690088   
     65000   518.74688      1334.2184      1852.9653      95.754724      298.60082      0.132985     
     66000   491.04795      1357.1326      1848.1805      175.46512      303.72906      0.13051041   
     67000   460.98731      1400.0189      1861.0062      254.01253      313.3271       0.13196274   
     68000   470.68684      1374.73        1845.4168      241.21561      307.66739      0.13432595   
     69000   476.84791      1383.5014      1860.3493      215.46         309.63045      0.13672938   
     70000   483.81806      1383.9411      1867.7591      170.75499      309.72885      0.13829624   
     71000   469.61353      1368.7826      1838.3961      90.687044      306.33635      0.13748934   
     72000   470.5141       1363.525       1834.0391      48.84837       305.1597       0.13696094   
     73000   488.52209      1344.983       1833.5051      46.101019      301.00997      0.13720481   
     74000   489.05824      1351.2445      1840.3027      69.587663      302.41129      0.13693544   
     75000   479.87665      1351.6641      1831.5408      102.42732      302.5052       0.13611783   
     76000   449.1389       1309.621       1758.7599      145.17718      293.09586      0.13311364   
     77000   509.05021      1316.9258      1825.976       155.70662      294.7307       0.12929697   
     78000   489.22674      1307.2105      1796.4372      163.30783      292.55639      0.12405685   
     79000   466.90911      1313.1839      1780.093       168.35599      293.89324      0.12350184   
     80000   479.94977      1327.0942      1807.044       147.59832      297.00641      0.12740705   
     81000   490.23379      1308.5547      1798.7885      123.56261      292.85724      0.13350511   
     82000   467.47279      1332.3908      1799.8636      94.256468      298.19181      0.13641427   
     83000   484.68196      1344.2538      1828.9358      70.083166      300.84676      0.13796366   
     84000   475.9398       1339.2611      1815.2009      59.710553      299.72939      0.13912504   
     85000   476.35042      1327.5487      1803.8991      83.569565      297.10812      0.14131752   
     86000   457.74992      1335.1347      1792.8847      91.77463       298.80589      0.14225249   
     87000   451.39382      1293.0689      1744.4627      100.17182      289.39147      0.1422096    
     88000   452.90247      1292.7309      1745.6334      93.15576       289.31583      0.14128712   
     89000   480.64777      1297.2331      1777.8809      99.578026      290.32344      0.13925725   
     90000   475.79332      1315.0256      1790.819       116.89593      294.30544      0.135619     
     91000   467.02168      1340.8207      1807.8424      162.41082      300.07844      0.13198554   
     92000   474.14227      1322.9422      1797.0844      139.88558      296.07717      0.12973856   
     93000   473.2973       1347.159       1820.4563      115.58268      301.49696      0.13100517   
     94000   478.44513      1360.1807      1838.6258      118.16332      304.41123      0.13629762   
     95000   511.14315      1365.7434      1876.8865      85.757469      305.65617      0.13983581   
     96000   493.71197      1347.0547      1840.7666      148.55651      301.4736       0.14097643   
     97000   464.97152      1367.0151      1831.9866      171.80901      305.94078      0.13870316   
     98000   491.39086      1357.1975      1848.5884      164.49049      303.74359      0.13558323   
     99000   501.59451      1335.3011      1836.8956      148.36398      298.84312      0.13381899   
    100000   479.63552      1350.8561      1830.4916      150.11527      302.32436      0.13460885   
    101000   457.8846       1364.3731      1822.2577      144.66905      305.34949      0.13723991   
    102000   490.53371      1377.6316      1868.1653      112.18695      308.31678      0.13901432   
    103000   488.62997      1353.8462      1842.4761      109.57548      302.99355      0.14015603   
    104000   462.74869      1355.0751      1817.8238      112.86248      303.26858      0.13798182   
    105000   481.85253      1319.8411      1801.6936      103.73048      295.38315      0.13382801   
    106000   476.32115      1329.7061      1806.0273      130.2404       297.59096      0.13046465   
    107000   478.63059      1323.0373      1801.6679      130.03524      296.09847      0.12855948   
    108000   490.13128      1299.1465      1789.2778      118.58626      290.75166      0.1300064    
    109000   473.14888      1327.8483      1800.9971      128.01165      297.17516      0.13541708   
    110000   471.15467      1348.979       1820.1337      86.977708      301.90427      0.14067971   
    111000   455.12912      1314.1662      1769.2954      92.871572      294.1131       0.14350991   
    112000   466.95483      1320.667       1787.6218      106.99876      295.56799      0.14493428   
    113000   469.23816      1300.1985      1769.4367      145.92695      290.9871       0.14532945   
    114000   474.03919      1329.6869      1803.7261      172.07555      297.58665      0.14318281   
    115000   469.4694       1304.8766      1774.346       138.72854      292.03407      0.13996153   
    116000   481.03015      1318.2533      1799.2835      110.18898      295.0278       0.13685853   
    117000   488.74515      1330.0863      1818.8315      84.584405      297.67605      0.13556607   
    118000   484.23709      1338.4852      1822.7223      71.040746      299.55574      0.13675077   
    119000   489.2679       1361.4149      1850.6828      131.51199      304.68744      0.14129954   
    120000   469.25581      1359.9156      1829.1714      157.35628      304.35191      0.1465081    
    121000   471.39572      1373.2744      1844.6701      187.47364      307.34163      0.14897211   
    122000   470.45638      1405.3861      1875.8425      149.10915      314.52829      0.14679246   
    123000   486.34281      1363.9899      1850.3327      103.4949       305.26373      0.1417895    
    124000   472.07753      1353.5976      1825.6751      77.363297      302.93792      0.13733356   
    125000   482.25474      1379.9622      1862.2169      92.417715      308.83837      0.13545342   
    126000   482.92756      1344.0151      1826.9427      100.04266      300.79334      0.13555657   
    127000   466.73126      1349.4615      1816.1928      92.962547      302.01225      0.13644314   
    128000   464.60414      1352.5936      1817.1977      123.65587      302.71321      0.13866164   
    129000   476.05843      1323.5697      1799.6282      138.01031      296.21762      0.13961998   
    130000   477.69399      1336.0944      1813.7883      148.14682      299.02066      0.13620551   
    131000   459.57445      1350.1633      1809.7377      138.90901      302.16931      0.13084253   
    132000   498.29617      1347.1327      1845.4289      137.96132      301.49107      0.13051066   
    133000   498.14863      1336.6629      1834.8116      159.15366      299.14791      0.1320378    
    134000   481.3522       1367.1375      1848.4897      176.08666      305.96818      0.13491688   
    135000   472.70711      1335.527       1808.2341      144.99583      298.89368      0.13801988   
    136000   460.83073      1349.2597      1810.0904      151.36171      301.96708      0.14110783   
    137000   431.84095      1344.5175      1776.3584      140.21005      300.90577      0.14194659   
    138000   522.78395      1359.3321      1882.1161      124.08753      304.22132      0.14079931   
    139000   487.99749      1374.528       1862.5255      128.3426       307.6222       0.13835583   
    140000   477.97884      1363.5597      1841.5385      118.68795      305.16745      0.13744489   
    141000   490.22124      1375.1543      1865.3755      117.2538       307.76236      0.13885978   
    142000   492.39707      1379.0865      1871.4835      159.77434      308.64239      0.14061953   
    143000   502.13918      1349.8678      1852.0069      176.18058      302.10317      0.14098412   
    144000   485.33872      1379.7059      1865.0447      130.14602      308.78102      0.1406605    
    145000   518.50191      1389.7879      1908.2898      113.84664      311.03738      0.14137665   
    146000   487.96001      1363.4123      1851.3723      93.741257      305.13448      0.14172352   
    147000   505.45788      1339.2788      1844.7366      27.869102      299.73334      0.14076543   
    148000   487.42671      1380.1889      1867.6156      58.118773      308.8891       0.1406519    
    149000   479.74428      1381.714       1861.4583      105.63753      309.23042      0.13956767   
    150000   471.47206      1355.1086      1826.5806      96.759396      303.27608      0.13698501   
    151000   495.19364      1335.3413      1830.5349      70.218824      298.85212      0.1342737    
    152000   504.82898      1355.5019      1860.3309      75.588255      303.3641       0.13363616   
    153000   479.02725      1305.8648      1784.892       58.808144      292.25522      0.13765303   
    154000   460.31327      1310.9201      1771.2334      80.846055      293.38661      0.14467337   
    155000   453.84312      1323.0227      1776.8658      75.432753      296.0952       0.14756103   
    156000   474.26062      1318.0015      1792.2621      94.178434      294.97144      0.14657155   
    157000   498.1376       1315.635       1813.7726      114.21056      294.44181      0.14367593   
    158000   481.57523      1295.836       1777.4112      99.954379      290.01075      0.13955706   
    159000   476.67848      1328.1985      1804.877       86.359393      297.25355      0.13571595   
    160000   507.93801      1316.4183      1824.3564      78.972913      294.61713      0.13309045   
    161000   493.23467      1348.3157      1841.5504      86.766884      301.75583      0.13192392   
    162000   501.59796      1333.8137      1835.4117      105.37228      298.51025      0.13191794   
    163000   481.27557      1370.2671      1851.5426      153.11754      306.66858      0.13489816   
    164000   516.99207      1397.8808      1914.8729      179.85939      312.8486       0.13969549   
    165000   471.87977      1374.2211      1846.1009      147.69778      307.55351      0.14451997   
    166000   469.35705      1379.1324      1848.4895      153.47709      308.65267      0.14984648   
    167000   484.05355      1354.0842      1838.1378      103.84674      303.04683      0.14947312   
    168000   476.9615       1345.3409      1822.3024      81.705027      301.09006      0.14072889   
    169000   506.48313      1373.3202      1879.8034      97.421483      307.35189      0.13503501   
    170000   496.91832      1345.9841      1842.9024      124.34876      301.234        0.1324169    
    171000   488.05574      1379.5954      1867.6511      133.34265      308.75627      0.13224744   
    172000   490.53638      1349.0673      1839.6037      155.63732      301.92404      0.13258165   
    173000   495.12355      1356.2111      1851.3346      123.25494      303.52282      0.13265396   
    174000   506.25956      1367.5014      1873.7609      109.45329      306.04961      0.13177543   
    175000   477.24269      1351.2592      1828.5019      134.9925       302.41459      0.13021423   
    176000   500.94038      1351.387       1852.3274      145.04536      302.44319      0.12800677   
    177000   501.18297      1377.7158      1878.8988      142.92621      308.33563      0.12752196   
    178000   506.81062      1326.0331      1832.8437      121.47741      296.76893      0.1296378    
    179000   499.21678      1328.2027      1827.4195      124.64769      297.2545       0.13472399   
    180000   450.09493      1336.7228      1786.8177      151.30619      299.16131      0.13828115   
    181000   472.59683      1299.8434      1772.4403      137.46152      290.90763      0.13985626   
    182000   461.6932       1267.1943      1728.8874      135.04318      283.60067      0.13997742   
    183000   446.85569      1324.7987      1771.6543      138.76185      296.49266      0.13694028   
    184000   484.63586      1349.4179      1834.0537      120.43749      302.00249      0.13141272   
    185000   496.2773       1348.8589      1845.1362      125.44353      301.87738      0.12776163   
    186000   512.96745      1366.9741      1879.9416      138.20857      305.93161      0.12811942   
    187000   507.50147      1414.6834      1922.1849      120.12831      316.60905      0.13060858   
    188000   499.17114      1347.3161      1846.4872      61.239693      301.53211      0.13297306   
    189000   500.14249      1362.6077      1862.7502      54.049023      304.9544       0.13610326   
    190000   469.38467      1361.6783      1831.063       47.428863      304.7464       0.13833158   
    191000   492.85384      1388.5696      1881.4235      82.952028      310.76473      0.1393866    
    192000   474.92406      1379.1326      1854.0567      111.18509      308.65271      0.13893658   
    193000   482.41348      1366.594       1849.0075      174.3965       305.84655      0.13830102   
    194000   463.5007       1379.1194      1842.6201      217.24909      308.64974      0.13840002   
    195000   484.02673      1363.4585      1847.4852      212.94269      305.14481      0.13948376   
    196000   511.76022      1311.2706      1823.0308      179.73551      293.46505      0.14080443   
    197000   488.81677      1293.0554      1781.8722      101.13932      289.38846      0.14218883   
    198000   452.89724      1344.0797      1796.9769      38.228529      300.8078       0.14496221   
    199000   449.70707      1339.1304      1788.8375      54.978781      299.70014      0.14871652   
    200000   480.80182      1328.6155      1809.4173      40.077217      297.34687      0.14746771   
    201000   462.03308      1292.4341      1754.4672      110.05363      289.2494       0.14196992   
    202000   464.65648      1318.4994      1783.1559      98.155531      295.08288      0.13529404   
    203000   517.94674      1294.9061      1812.8528      79.366664      289.80264      0.13308491   
    204000   496.28283      1309.996       1806.2788      101.65043      293.17979      0.13264847   
    205000   481.47116      1338.3223      1819.7935      98.914561      299.51929      0.13229182   
    206000   496.40942      1312.0885      1808.4979      70.635059      293.6481       0.13351632   
    207000   489.38924      1327.7439      1817.1332      43.427379      297.15182      0.13593322   
    208000   472.2887       1321.9354      1794.2241      37.376332      295.85187      0.13977182   
    209000   475.2708       1320.496       1795.7668      60.361999      295.52971      0.14388594   
    210000   476.87372      1357.286       1834.1597      100.20683      303.76338      0.14426418   
    211000   475.31984      1326.6114      1801.9313      129.40587      296.89836      0.14023351   
    212000   480.29726      1338.2278      1818.525       148.14346      299.49812      0.13602301   
    213000   471.76525      1335.5432      1807.3085      123.97877      298.89731      0.13398896   
    214000   468.78501      1332.3197      1801.1047      132.30456      298.17589      0.13558194   
    215000   482.97734      1339.2673      1822.2446      123.98242      299.73076      0.13726963   
    216000   498.00097      1344.1476      1842.1485      132.56802      300.82298      0.13706917   
    217000   481.16563      1349.1626      1830.3282      151.1377       301.94536      0.13679671   
    218000   483.80879      1360.1204      1843.9292      152.41058      304.39773      0.13643447   
    219000   493.09837      1371.9824      1865.0808      144.27826      307.05248      0.13580186   
    220000   500.45402      1440.4822      1940.9363      115.44957      322.38288      0.13230142   
    221000   497.5455       1374.4792      1872.0247      61.771976      307.61126      0.1271822    
    222000   487.42387      1347.4404      1834.8642      54.245322      301.55992      0.12494498   
    223000   523.28528      1341.4111      1864.6964      38.264368      300.21057      0.12668525   
    224000   482.0747       1350.5882      1832.6629      43.640837      302.26442      0.13169904   
    225000   516.68568      1353.6857      1870.3714      42.257097      302.95764      0.13647617   
    226000   462.71887      1377.955       1840.6738      69.461459      308.38915      0.13841464   
    227000   489.10418      1368.0186      1857.1227      95.232939      306.16536      0.13914078   
    228000   501.57567      1336.3719      1837.9476      115.34888      299.08279      0.1381408    
    229000   481.07855      1366.1796      1847.2582      84.401738      305.7538       0.13509321   
    230000   481.37051      1347.8767      1829.2472      67.420096      301.65756      0.13249885   
    231000   523.57977      1292.8405      1816.4202      38.616327      289.34035      0.13080763   
    232000   491.51517      1293.648       1785.1632      61.277326      289.52108      0.13125838   
    233000   487.36721      1320.1253      1807.4925      117.27431      295.44674      0.13269748   
    234000   477.67173      1313.8981      1791.5699      189.69941      294.0531       0.13385918   
    235000   457.58871      1299.4468      1757.0355      186.3794       290.81887      0.13224549   
    236000   469.09133      1342.3842      1811.4755      193.38708      300.42833      0.13182091   
    237000   499.98742      1341.1122      1841.0996      187.29191      300.14365      0.13443513   
    238000   487.67832      1337.8814      1825.5597      114.41698      299.42061      0.13737146   
    239000   471.4247       1369.9726      1841.3973      75.679955      306.60269      0.14072211   
    240000   468.84959      1386.5439      1855.3935      41.383365      310.31138      0.13922849   
    241000   503.19315      1370.4127      1873.6059      82.836597      306.70118      0.13284558   
    242000   489.06002      1358.3242      1847.3843      118.09341      303.99575      0.12868625   
    243000   475.20329      1362.5669      1837.7702      150.9669       304.94526      0.12977348   
    244000   505.73495      1348.1472      1853.8821      144.20086      301.7181       0.13137196   
    245000   504.40209      1358.9142      1863.3163      143.17509      304.1278       0.13314605   
    246000   468.73676      1325.9581      1794.6949      115.39035      296.75215      0.13344124   
    247000   492.32843      1311.5709      1803.8993      91.428152      293.53225      0.13425587   
    248000   474.76068      1328.77        1803.5307      112.80197      297.38146      0.13653062   
    249000   486.25571      1328.4644      1814.7201      125.36996      297.31307      0.13652592   
    250000   461.48938      1299.4175      1760.9069      167.72938      290.8123       0.13420744   
    251000   454.09979      1348.45        1802.5498      157.30871      301.78587      0.13053825   
    252000   478.15466      1304.7543      1782.9089      130.27287      292.00668      0.1275889    
    253000   490.54297      1282.7991      1773.3421      138.0493       287.09308      0.12787696   
    254000   476.65313      1315.0986      1791.7517      112.67137      294.32176      0.13002506   
    255000   512.5099       1306.168       1818.6779      104.15161      292.32307      0.13369107   
    256000   491.27073      1313.4078      1804.6785      101.93586      293.94336      0.1355246    
    257000   468.76526      1309.7674      1778.5326      110.54547      293.12862      0.13414383   
    258000   459.6143       1335.2812      1794.8955      110.85682      298.83867      0.13228893   
    259000   487.22651      1319.6634      1806.8899      67.384116      295.34337      0.12913458   
    260000   481.09602      1289.7103      1770.8063      51.505853      288.63981      0.12642269   
    261000   493.19579      1313.0534      1806.2492      70.549557      293.86405      0.12529834   
    262000   490.31404      1353.1747      1843.4887      89.359894      302.84327      0.12750697   
    263000   492.69918      1347.9983      1840.6975      86.339706      301.68479      0.13251417   
    264000   485.67043      1363.0685      1848.7389      96.359914      305.05752      0.1372732    
    265000   474.17467      1344.4073      1818.582       65.654129      300.88112      0.13914581   
    266000   453.71883      1347.7025      1801.4213      41.443238      301.61858      0.13831856   
    267000   486.34629      1343.9293      1830.2756      11.979788      300.77413      0.13608218   
    268000   474.55389      1356.1672      1830.721       56.022772      303.51299      0.13472047   
    269000   502.32979      1334.5448      1836.8746      109.93851      298.67387      0.13394237   
    270000   501.66642      1335.5535      1837.22        127.15669      298.89962      0.13206073   
    271000   492.14203      1360.7853      1852.9273      115.75649      304.54653      0.12996206   
    272000   499.59449      1342.7876      1842.3821      107.16445      300.51862      0.1314649    
    273000   493.06458      1356.6397      1849.7043      74.99483       303.61876      0.13686685   
    274000   504.53624      1360.675       1865.2112      51.748878      304.52185      0.14224827   
    275000   490.20484      1356.3192      1846.524       49.960187      303.54701      0.14405622   
    276000   484.97188      1350.5895      1835.5614      61.358748      302.26471      0.14245541   
    277000   497.7036       1349.0502      1846.7538      90.908964      301.92021      0.13886068   
    278000   470.23768      1395.527       1865.7647      156.14274      312.32181      0.13465438   
    279000   498.01508      1343.4848      1841.4998      153.17032      300.67465      0.1326236    
    280000   495.7842       1368.3942      1864.1784      128.32912      306.24943      0.13336773   
    281000   497.38101      1386.1066      1883.4876      102.58095      310.2135       0.13359311   
    282000   479.43357      1354.392       1833.8256      98.876352      303.11571      0.13426964   
    283000   495.92687      1326.6395      1822.5664      114.09177      296.90465      0.1358698    
    284000   501.32197      1321.9254      1823.2474      141.47361      295.84962      0.13695728   
    285000   473.23922      1346.4579      1819.6971      193.63576      301.34004      0.13692778   
    286000   485.27744      1372.3264      1857.6038      174.82019      307.12947      0.13584297   
    287000   477.47016      1349.9277      1827.3979      109.54508      302.11659      0.13462889   
    288000   489.42149      1354.376       1843.7975      58.749368      303.11213      0.13304301   
    289000   508.72839      1315.8831      1824.6114      48.346816      294.49733      0.13085476   
    290000   529.67726      1340.8346      1870.5118      67.321569      300.08153      0.1281131    
    291000   482.11462      1328.3004      1810.415       79.933562      297.27636      0.12332241   
    292000   517.35346      1362.5018      1879.8553      121.40633      304.9307       0.12095763   
    293000   505.95877      1359.0256      1864.9843      125.30334      304.15271      0.12265488   
    294000   492.00437      1373.9243      1865.9286      162.03945      307.48707      0.12715036   
    295000   467.92785      1378.5952      1846.523       187.21638      308.53243      0.13047732   
    296000   488.00265      1348.9982      1837.0008      215.85946      301.90856      0.13437416   
    297000   489.19689      1339.736       1828.9329      213.76506      299.83566      0.13657635   
    298000   479.6497       1365.2393      1844.889       154.79797      305.54335      0.13579531   
    299000   524.52517      1385.6315      1910.1567      92.218185      310.10718      0.13128038   
    300000   520.51334      1393.202       1913.7153      73.87558       311.80146      0.12667397   
    301000   480.40592      1386.7749      1867.1808      45.080253      310.36306      0.12453759   
    302000   514.46557      1351.6942      1866.1598      54.357265      302.51195      0.12575328   
    303000   510.39242      1352.0721      1862.4646      67.200461      302.59652      0.128188     
    304000   484.0802       1380.7323      1864.8125      112.29364      309.01072      0.13271349   
    305000   488.48675      1372.4445      1860.9313      112.86218      307.1559       0.13528338   
    306000   471.80177      1364.4495      1836.2513      135.75874      305.3666       0.13689916   
    307000   488.87741      1366.2167      1855.0941      165.12432      305.7621       0.1353971    
    308000   484.40865      1355.9327      1840.3413      186.25757      303.46052      0.13203308   
    309000   501.81804      1330.2987      1832.1167      197.45351      297.72358      0.13067086   
    310000   495.90237      1297.0454      1792.9477      184.26425      290.28142      0.13171912   
    311000   501.06059      1330.0183      1831.0788      148.39747      297.66082      0.13432131   
    312000   474.97747      1304.1233      1779.1008      99.472276      291.86547      0.13482977   
    313000   478.8719       1315.1209      1793.9928      77.648597      294.32675      0.13399571   
    314000   484.59507      1339.5551      1824.1502      86.908814      299.79519      0.13378659   
    315000   477.4513       1363.3762      1840.8275      127.26513      305.12638      0.13228666   
    316000   505.47333      1331.1329      1836.6062      178.71544      297.91027      0.13105072   
    317000   477.11596      1412.7957      1889.9116      204.2387       316.18657      0.13243096   
    318000   490.04103      1334.4998      1824.5408      170.40553      298.66379      0.13762789   
    319000   482.82328      1331.3075      1814.1307      122.53311      297.94934      0.14175538   
    320000   510.16518      1369.0875      1879.2527      141.92261      306.4046       0.14289168   
    321000   454.79591      1329.8378      1784.6337      107.84737      297.62042      0.14106571   
    322000   489.91532      1321.7293      1811.6446      78.288391      295.80573      0.13806426   
    323000   469.47129      1325.0987      1794.57        57.668103      296.55982      0.13296652   
    324000   486.96518      1317.0023      1803.9675      82.058783      294.74782      0.13016775   
    325000   499.27558      1321.6282      1820.9037      68.070379      295.7831       0.13009831   
    326000   510.49745      1377.7873      1888.2848      73.701009      308.35163      0.13273517   
    327000   464.28311      1373.9007      1838.1839      134.97829      307.48181      0.13511711   
    328000   485.20412      1371.595       1856.7991      149.55403      306.96577      0.13423485   
    329000   497.40032      1335.2724      1832.6727      160.46955      298.8367       0.13129008   
    330000   493.36139      1383.0743      1876.4357      193.91672      309.53486      0.12927489   
    331000   480.72524      1399.0899      1879.8151      180.26903      313.11918      0.1260268    
    332000   518.07165      1354.0466      1872.1183      114.94254      303.03842      0.12205312   
    333000   540.49159      1334.5588      1875.0504      68.670336      298.67701      0.11960046   
    334000   519.21723      1348.3139      1867.5311      54.589551      301.75541      0.12089685   
    335000   478.92209      1307.4841      1786.4062      73.477363      292.61762      0.12670566   
    336000   494.39068      1331.097       1825.4876      133.14126      297.90223      0.13341746   
    337000   488.59177      1329.9661      1818.5578      143.19036      297.64914      0.1343831    
    338000   480.79472      1340.9434      1821.7382      170.94731      300.1059       0.13363164   
    339000   501.32805      1265.0951      1766.4232      172.55646      283.13088      0.1334967    
    340000   478.14645      1307.583       1785.7294      157.53774      292.63975      0.13402764   
    341000   485.40851      1335.4524      1820.8609      127.28488      298.87698      0.13481474   
    342000   491.98892      1314.2516      1806.2405      93.428546      294.1322       0.13647889   
    343000   500.88232      1322.6563      1823.5386     -15.007467      296.0132       0.13667294   
    344000   478.60378      1346.8066      1825.4104     -16.792604      301.41808      0.13362406   
    345000   479.83432      1362.747       1842.5813      20.893751      304.98558      0.12921709   
    346000   490.32447      1345.9163      1836.2408      119.18704      301.21884      0.12950042   
    347000   494.18488      1350.6659      1844.8508      236.90443      302.2818       0.1341583    
    348000   477.1288       1347.1108      1824.2396      261.21088      301.48616      0.13766279   
    349000   501.63497      1356.5748      1858.2097      244.63346      303.60421      0.14038213   
    350000   452.03496      1368.5167      1820.5517      176.70916      306.27685      0.14080965   
    351000   463.69333      1377.2593      1840.9527      91.723603      308.23347      0.14058228   
    352000   485.44419      1341.3123      1826.7565      18.361402      300.18845      0.1392607    
    353000   486.58197      1282.4111      1768.993       32.435866      287.00623      0.13779495   
    354000   472.96432      1283.0196      1755.9839      79.351544      287.14242      0.13528538   
    355000   485.0543       1310.4654      1795.5197      118.79283      293.28485      0.13293929   
    356000   496.78622      1329.2938      1826.08        157.30414      297.49867      0.13263288   
    357000   477.57331      1332.8875      1810.4608      177.70761      298.30296      0.13459668   
    358000   455.22052      1332.9753      1788.1958      198.20975      298.3226       0.13963219   
    359000   475.8237       1333.621       1809.4447      178.07622      298.46711      0.14423414   
    360000   481.46011      1347.413       1828.8731      137.18175      301.5538       0.14441986   
    361000   503.53155      1352.4583      1855.9898      111.5381       302.68294      0.14176624   
    362000   499.91457      1339.5439      1839.4585      67.714958      299.79268      0.13683182   
    363000   504.05899      1348.6398      1852.6988      64.682491      301.82836      0.13080504   
    364000   505.54697      1349.9393      1855.4863      100.81506      302.1192       0.12834218   
    365000   494.7897       1398.879       1893.6687      155.41724      313.07198      0.12820461   
    366000   512.07394      1367.2045      1879.2784      157.83611      305.98317      0.12986163   
    367000   504.60511      1361.5856      1866.1907      156.70625      304.72566      0.13384329   
    368000   467.44085      1358.8125      1826.2533      188.352        304.10502      0.13899779   
    369000   465.76849      1381.923       1847.6915      195.01343      309.2772       0.13978607   
    370000   495.77419      1332.897       1828.6712      149.36483      298.30509      0.13905016   
    371000   496.96434      1353.3231      1850.2874      79.538196      302.87649      0.1382253    
    372000   524.46779      1363.2906      1887.7584      39.715964      305.10723      0.13623533   
    373000   506.50358      1336.1625      1842.6661      54.269996      299.03591      0.13598503   
    374000   506.22684      1373.9042      1880.1311      63.204185      307.48258      0.13610014   
    375000   492.22935      1361.3478      1853.5772      96.870018      304.67244      0.1336108    
    376000   527.6818       1339.6251      1867.3069      115.49291      299.81085      0.12890398   
    377000   487.23379      1331.6147      1818.8485      136.3658       298.0181       0.12654769   
    378000   480.15481      1324.7579      1804.9127      125.7109       296.48354      0.12865325   
    379000   502.14307      1317.396       1819.5391      141.86986      294.83594      0.13360633   
    380000   475.66418      1330.024       1805.6882      119.85576      297.6621       0.13655337   
    381000   474.69076      1354.411       1829.1018      107.16822      303.11997      0.13875515   
    382000   484.30097      1361.8911      1846.192       102.39671      304.79402      0.13924721   
    383000   461.91437      1391.109       1853.0234      99.616111      311.33306      0.13888993   
    384000   482.81634      1358.2587      1841.0751      156.3364       303.98109      0.13882131   
    385000   495.54453      1373.0012      1868.5457      158.02036      307.28048      0.13485538   
    386000   516.02393      1423.5968      1939.6207      232.15215      318.60389      0.13155987   
    387000   491.31092      1401.0564      1892.3674      236.31186      313.55931      0.12942478   
    388000   509.58998      1357.5654      1867.1554      250.3237       303.82592      0.13096374   
    389000   495.10503      1356.1783      1851.2833      179.64294      303.51548      0.13265445   
    390000   490.7179       1369.4706      1860.1885      127.62445      306.49033      0.13342274   
    391000   500.8057       1373.3454      1874.1511      42.752138      307.35753      0.13362212   
    392000   491.69701      1394.4191      1886.1161      12.966041      312.07386      0.13489013   
    393000   478.90651      1364.1948      1843.1013      3.6361831      305.3096       0.13572035   
    394000   486.47651      1341.5003      1827.9768      10.73612       300.23051      0.13718149   
    395000   486.08782      1346.4948      1832.5826      80.876522      301.3483       0.14099545   
    396000   495.46526      1358.9807      1854.4459      105.82948      304.14267      0.14164339   
    397000   480.99076      1343.0334      1824.0242      142.3851       300.57364      0.14055468   
    398000   483.77605      1327.4302      1811.2062      139.40357      297.0816       0.13686077   
    399000   498.70528      1327.7556      1826.4609      117.87773      297.15442      0.13350359   
    400000   506.2759       1312.5197      1818.7956      54.764589      293.7446       0.13186221   
Loop time of 2033.65 on 8 procs for 400000 steps with 1500 atoms

Performance: 8.497 ns/day, 2.825 hours/ns, 196.691 timesteps/s, 295.036 katom-step/s
99.5% CPU use with 8 MPI tasks x 1 OpenMP threads

MPI task timing breakdown:
Section |  min time  |  avg time  |  max time  |%varavg| %total
---------------------------------------------------------------
Pair    | 52.56      | 58.55      | 63.973     |  45.5 |  2.88
Bond    | 3.4653     | 3.861      | 4.0808     |  11.2 |  0.19
Kspace  | 938.22     | 943.03     | 949.54     |  12.8 | 46.37
Neigh   | 1.0485     | 1.0707     | 1.0882     |   1.6 |  0.05
Comm    | 27.869     | 29.386     | 31.233     |  22.0 |  1.44
Output  | 0.017734   | 0.01915    | 0.02831    |   2.5 |  0.00
Modify  | 888.83     | 938.6      | 994.11     | 139.1 | 46.15
Other   |            | 59.14      |            |       |  2.91

Nlocal:          187.5 ave         228 max         151 min
Histogram: 1 0 1 1 1 2 1 0 0 1
Nghost:        1489.62 ave        1545 max        1458 min
Histogram: 1 1 3 0 1 0 1 0 0 1
Neighs:        11333.4 ave       14143 max        8976 min
Histogram: 1 1 1 0 2 0 1 1 0 1

Total # of neighbors = 90667
Ave neighs/atom = 60.444667
Ave special neighs/atom = 2
Neighbor list builds = 2488
Dangerous builds = 0

unfix       runnpt
reset_timestep 0

#-------------------------------------------------- PRODUCTION ----------------------------------------------------------#

fix	            npt_production all npt temp ${simulationTemp} ${simulationTemp} 100.0 iso ${pressure} ${pressure} 1000.0
fix	            npt_production all npt temp 300 ${simulationTemp} 100.0 iso ${pressure} ${pressure} 1000.0
fix	            npt_production all npt temp 300 300 100.0 iso ${pressure} ${pressure} 1000.0
fix	            npt_production all npt temp 300 300 100.0 iso 118.44 ${pressure} 1000.0
fix	            npt_production all npt temp 300 300 100.0 iso 118.44 118.44 1000.0
fix             DensAve all ave/time 1 ${NBR} ${NBR} v_Density file density.dat
fix             DensAve all ave/time 1 20000 ${NBR} v_Density file density.dat
fix             DensAve all ave/time 1 20000 20000 v_Density file density.dat
fix             VoluAve all ave/time 1 ${npt_run} ${npt_run} v_Volume file volume.dat
fix             VoluAve all ave/time 1 2000000 ${npt_run} v_Volume file volume.dat
fix             VoluAve all ave/time 1 2000000 2000000 v_Volume file volume.dat
fix             Densfinal all ave/time 1 ${npt_run} ${npt_run} v_Density file density_final.dat
fix             Densfinal all ave/time 1 2000000 ${npt_run} v_Density file density_final.dat
fix             Densfinal all ave/time 1 2000000 2000000 v_Density file density_final.dat

restart         ${restartfreq} restart_${NAME}.1 restart_${NAME}.2
restart         1000000 restart_${NAME}.1 restart_${NAME}.2
restart         1000000 restart_N2.1 restart_${NAME}.2
restart         1000000 restart_N2.1 restart_N2.2

run             ${npt_run}
run             2000000
PPPM initialization ...
  using 12-bit tables for long-range coulomb (src/kspace.cpp:342)
  G vector (1/distance) = 0.26656106
  grid = 50 50 50
  stencil order = 5
  estimated absolute RMS force accuracy = 0.00041780526
  estimated relative force accuracy = 1.2582081e-06
  using single precision FFTW3
  3d grid and FFT values/proc = 32768 16250
Generated 1 of 1 mixed pair_coeff terms from arithmetic mixing rule
Last active /omp style is kspace_style pppm/omp
Per MPI rank memory allocation (min/avg/max) = 8.649 | 8.671 | 8.693 Mbytes
   Step         PotEng         KinEng         TotEng         Press           Temp        v_Density   
         0   506.27587      1312.5197      1818.7956      54.764561      293.7446       0.13186221   
      1000   471.9215       1330.4932      1802.4147      21.403372      297.7671       0.13238583   
      2000   480.96022      1329.2634      1810.2236      2.9238942      297.49187      0.13644994   
      3000   470.89684      1277.9075      1748.8044      23.951863      285.99833      0.14112055   
      4000   465.72805      1319.1598      1784.8878      122.2551       295.23066      0.14318577   
      5000   486.92345      1332.4831      1819.4065      193.63109      298.21245      0.14218736   
      6000   499.39827      1345.1121      1844.5104      235.00732      301.03885      0.14026612   
      7000   472.18458      1355.7511      1827.9356      217.0642       303.41987      0.13763015   
      8000   473.17519      1384.5427      1857.7179      177.05425      309.8635       0.13577779   
      9000   507.34229      1332.5002      1839.8425      49.906638      298.21628      0.13421334   
     10000   486.89726      1356.5072      1843.4045      11.166167      303.5891       0.13297656   
     11000   509.29746      1361.227       1870.5245      8.9383341      304.6454       0.13342876   
     12000   474.23942      1354.9389      1829.1783      86.591993      303.2381       0.13555065   
     13000   475.82951      1337.1657      1812.9952      148.40364      299.26044      0.14144988   
     14000   470.642        1294.7351      1765.3771      194.59524      289.76438      0.14651767   
     15000   436.70423      1323.571       1760.2752      200.5117       296.21791      0.14588737   
     16000   489.27801      1346.1437      1835.4217      178.95556      301.26971      0.14064507   
     17000   480.516        1360.7907      1841.3067      157.38207      304.54776      0.13543191   
     18000   503.64411      1351.197       1854.8411      114.6358       302.40066      0.13376305   
     19000   490.22628      1348.4144      1838.6407      111.80556      301.7779       0.13337278   
     20000   483.25409      1365.9018      1849.1559      60.429206      305.69164      0.13219246   
     21000   500.35796      1395.1765      1895.5344      67.823271      312.24335      0.13272739   
     22000   513.50863      1375.142       1888.6506      79.323399      307.7596       0.13445711   
     23000   490.89737      1332.5085      1823.4059      94.695692      298.21814      0.13649239   
     24000   487.01506      1387.2117      1874.2268      134.10512      310.46083      0.14023102   
     25000   481.74513      1357.529       1839.2741      161.14893      303.81777      0.14366246   
     26000   477.97481      1334.1178      1812.0926      187.10562      298.57831      0.14603222   
     27000   478.52098      1372.5986      1851.1196      180.24781      307.19039      0.14430618   
     28000   486.45791      1351.7588      1838.2168      171.74709      302.5264       0.13691006   
     29000   502.76024      1327.1305      1829.8907      142.65737      297.01453      0.12936072   
     30000   480.64452      1351.2672      1831.9118      164.18359      302.41638      0.1275012    
     31000   458.28424      1318.0289      1776.3131      116.60094      294.97756      0.12756319   
     32000   466.73891      1289.5018      1756.2407      93.819736      288.59315      0.12995999   
     33000   473.98732      1325.2331      1799.2205      74.293236      296.5899       0.13406714   
     34000   458.14044      1338.928       1797.0684      46.003884      299.65483      0.13792345   
     35000   482.22025      1289.4534      1771.6737      61.897235      288.58232      0.14000134   
     36000   494.05651      1327.7816      1821.8381      120.15194      297.16025      0.14092852   
     37000   487.89759      1344.2691      1832.1667      171.89609      300.85019      0.14016841   
     38000   518.68233      1356.2422      1874.9245      188.64709      303.52979      0.13943796   
     39000   487.75631      1355.4591      1843.2154      124.52246      303.35453      0.13693071   
     40000   505.96137      1367.5552      1873.5166      80.095689      306.06167      0.13448964   
     41000   479.50592      1390.0115      1869.5174      60.932091      311.08743      0.13407759   
     42000   508.41645      1380.6794      1889.0959      62.485824      308.99889      0.13442434   
     43000   493.89529      1336.9627      1830.858       103.65188      299.21501      0.13519674   
     44000   471.40248      1363.9281      1835.3306      116.13645      305.24991      0.13546812   
     45000   499.57974      1332.9667      1832.5464      109.90896      298.32067      0.13441412   
     46000   494.08756      1329.4383      1823.5258      123.48197      297.53102      0.13326566   
     47000   502.17885      1387.6452      1889.824       89.728361      310.55784      0.1308365    
     48000   471.74775      1365.5602      1837.3079      138.29669      305.61517      0.12936433   
     49000   488.19364      1332.383       1820.5766      192.51054      298.19005      0.13019539   
     50000   493.77531      1341.2925      1835.0678      263.53814      300.18401      0.13559435   
     51000   473.86778      1361.5943      1835.4621      231.50967      304.7276       0.14046021   
     52000   481.77331      1306.743       1788.5163      182.82387      292.45176      0.14357713   
     53000   488.29364      1328.8752      1817.1689      124.38752      297.40501      0.14327419   
     54000   478.08466      1387.2672      1865.3518      71.601783      310.47324      0.14018498   
     55000   490.71398      1363.6663      1854.3803      47.913451      305.19133      0.13732341   
     56000   485.65388      1395.6692      1881.3231      30.127747      312.35364      0.13550325   
     57000   493.83928      1329.5099      1823.3492      47.630971      297.54704      0.13551884   
     58000   515.66158      1318.5449      1834.2065      88.912549      295.09305      0.13631674   
     59000   492.15608      1333.3195      1825.4756      155.06972      298.39965      0.13831044   
     60000   467.28107      1344.8142      1812.0952      189.77325      300.97217      0.13990851   
     61000   486.3076       1336.6062      1822.9138      181.09154      299.13521      0.13930172   
     62000   487.41055      1361.7542      1849.1647      213.80324      304.76338      0.13869086   
     63000   473.55778      1363.3432      1836.901       202.11368      305.11901      0.13562594   
     64000   480.0252       1346.3218      1826.347       131.92148      301.30959      0.13111989   
     65000   507.40527      1338.934       1846.3393      78.981816      299.65618      0.12822721   
     66000   525.88265      1343.8945      1869.7772      79.77426       300.76635      0.12841986   
     67000   485.35183      1364.0165      1849.3683      86.79826       305.26969      0.13070045   
     68000   483.32856      1370.3238      1853.6524      70.897748      306.68129      0.13385399   
     69000   503.65957      1373.9958      1877.6554      106.85121      307.50309      0.13760355   
     70000   488.62798      1336.9837      1825.6117      136.58252      299.2197       0.13868314   
     71000   491.12175      1349.9707      1841.0924      170.90893      302.12621      0.13716958   
     72000   513.3225       1366.8728      1880.1953      195.73553      305.90895      0.13489824   
     73000   498.60757      1352.3388      1850.9464      165.07439      302.6562       0.13174512   
     74000   509.13727      1360.9835      1870.1208      132.22305      304.5909       0.12977757   
     75000   532.66714      1367.3444      1900.0116      83.028664      306.01449      0.13132138   
     76000   518.23014      1376.1546      1894.3847      59.629464      307.98623      0.1346731    
     77000   476.37146      1348.1029      1824.4744      59.587882      301.7082       0.14149337   
     78000   472.39952      1303.2614      1775.661       69.664359      291.67259      0.1443374    
     79000   473.53463      1327.6121      1801.1467      93.412724      297.12232      0.14368043   
     80000   490.75312      1325.4851      1816.2382      115.42499      296.64628      0.13939386   
     81000   497.50622      1346.0877      1843.5939      176.16673      301.25718      0.1362298    
     82000   464.96819      1314.5728      1779.541       194.87148      294.20409      0.13411301   
     83000   469.96846      1324.3435      1794.312       190.51296      296.3908       0.13187664   
     84000   496.37776      1326.5038      1822.8816      183.13358      296.87428      0.13026194   
     85000   495.16867      1321.8528      1817.0215      148.95101      295.83337      0.1292002    
     86000   494.51278      1284.9193      1779.4321      90.26659       287.56759      0.12835865   
     87000   496.0221       1313.0632      1809.0853      42.690467      293.86624      0.12940202   
     88000   486.77976      1326.999       1813.7787      60.122671      296.98509      0.13357774   
     89000   506.5826       1319.0404      1825.623       48.105085      295.20395      0.13861232   
     90000   480.32453      1285.4741      1765.7987      37.60488       287.69175      0.14152432   
     91000   490.8589       1326.9343      1817.7932      68.504743      296.97063      0.14152416   
     92000   467.83017      1353.0032      1820.8333      55.58934       302.80488      0.13896941   
     93000   518.41734      1352.1663      1870.5836      66.171318      302.61759      0.13416692   
     94000   518.54736      1353.0828      1871.6302      98.797333      302.82272      0.12927169   
     95000   499.21628      1387.3212      1886.5375      143.86602      310.48534      0.12753564   
     96000   498.74753      1388.9469      1887.6945      170.12092      310.84917      0.12799653   
     97000   486.05444      1349.4456      1835.5001      191.06309      302.00871      0.13034381   
     98000   466.49205      1349.2695      1815.7616      188.71501      301.96929      0.13459273   
     99000   513.25278      1320.601       1833.8537      110.91159      295.55321      0.13720323   
    100000   500.19033      1318.8419      1819.0322      114.08264      295.15952      0.13711797   
    101000   487.39503      1325.8168      1813.2119      58.740474      296.72053      0.13395197   
    102000   494.20473      1282.4439      1776.6486      68.894417      287.01357      0.1315528    
    103000   489.86575      1290.2866      1780.1523      74.496077      288.76878      0.12921116   
    104000   488.28613      1318.162       1806.4481      49.258925      295.00736      0.12712964   
    105000   523.63855      1298.6576      1822.2961      77.76193       290.64223      0.12830041   
    106000   517.5382       1292.1235      1809.6617      92.695489      289.1799       0.13017728   
    107000   486.28296      1313.9374      1800.2203      141.74114      294.06188      0.13463704   
    108000   467.41757      1311.904       1779.3216      169.97466      293.60681      0.13997828   
    109000   470.84597      1316.5901      1787.436       198.9375       294.65556      0.14313893   
    110000   478.04661      1348.7936      1826.8402      154.43275      301.86278      0.14035533   
    111000   497.23025      1373.4617      1870.692       126.35464      307.38355      0.13596715   
    112000   471.30899      1373.6103      1844.9193      111.32538      307.4168       0.13311684   
    113000   477.7957       1366.2307      1844.0264      129.24782      305.76523      0.13190178   
    114000   507.85321      1374.622       1882.4752      149.80189      307.64323      0.13243264   
    115000   489.67246      1343.9597      1833.6322      174.33676      300.78094      0.13301386   
    116000   499.66268      1371.0448      1870.7075      205.98702      306.84264      0.13448399   
    117000   475.24506      1364.1903      1839.4354      179.76461      305.30859      0.13574922   
    118000   479.1282       1374.3974      1853.5256      127.42145      307.59297      0.13681219   
    119000   492.84419      1375.89        1868.7342      103.38147      307.927        0.13591956   
    120000   480.23556      1353.3891      1833.6246      83.746871      302.89126      0.13243557   
    121000   470.4167       1339.2435      1809.6602      89.151826      299.72545      0.12906478   
    122000   479.07191      1322.3586      1801.4305      98.622006      295.94657      0.12751009   
    123000   479.57353      1317.3348      1796.9083      107.15143      294.82223      0.12775822   
    124000   467.27306      1338.1278      1805.4009      100.79138      299.47575      0.13078662   
    125000   495.30412      1292.6072      1787.9113      99.103308      289.28815      0.13756383   
    126000   478.59601      1334.3986      1812.9947      108.4606       298.64116      0.14138623   
    127000   456.63794      1320.8317      1777.4697      112.87585      295.60485      0.14110161   
    128000   498.58675      1330.3264      1828.9131      123.15977      297.72978      0.13904892   
    129000   472.41998      1317.231       1789.6509      140.52242      294.79899      0.13582536   
    130000   467.25476      1279.0036      1746.2584      116.84081      286.24364      0.13243201   
    131000   494.1155       1311.1571      1805.2726      95.807226      293.43966      0.13080862   
    132000   485.51423      1344.5122      1830.0265      104.896        300.9046       0.13042545   
    133000   477.96723      1316.6097      1794.5769      121.63664      294.65994      0.13230585   
    134000   478.92206      1335.3426      1814.2646      168.85416      298.85241      0.13686523   
    135000   459.77594      1313.8836      1773.6595      124.17389      294.04984      0.14181858   
    136000   467.27943      1339.6958      1806.9753      122.45728      299.82668      0.14454968   
    137000   466.24304      1320.7992      1787.0423      93.829147      295.59758      0.14283479   
    138000   474.63829      1261.1073      1735.7456      87.227007      282.2384       0.14086668   
    139000   455.68312      1330.4229      1786.106       100.18347      297.75138      0.14004959   
    140000   484.10264      1315.5912      1799.6939      121.74548      294.43201      0.13918971   
    141000   464.75243      1347.0269      1811.7793      171.655        301.46738      0.1367902    
    142000   489.97237      1286.9158      1776.8882      138.71687      288.0144       0.13184228   
    143000   481.33314      1326.3815      1807.7147      145.55283      296.84691      0.12987278   
    144000   497.1217       1315.7135      1812.8352      105.01632      294.45939      0.1300836    
    145000   484.8818       1325.1157      1809.9975      112.73394      296.56362      0.13319892   
    146000   475.73849      1326.7513      1802.4898      122.41014      296.92967      0.13641323   
    147000   472.83519      1309.7532      1782.5884      110.38629      293.12546      0.1377928    
    148000   476.96777      1325.1506      1802.1184      135.04844      296.57143      0.1379585    
    149000   470.75833      1332.6414      1803.3997      151.08654      298.24788      0.13922168   
    150000   489.58832      1344.338       1833.9264      136.96337      300.86561      0.14003928   
    151000   485.54033      1382.1082      1867.6485      146.83057      309.31865      0.13924056   
    152000   487.22574      1370.4743      1857.7001      160.20436      306.71496      0.13622007   
    153000   512.44226      1403.7131      1916.1553      192.53766      314.15386      0.1286329    
    154000   509.14004      1383.2893      1892.4293      193.85874      309.58298      0.12466532   
    155000   521.88704      1362.8335      1884.7206      144.5503       305.00494      0.12683534   
    156000   510.1104       1352.2483      1862.3587      105.19008      302.63595      0.13212175   
    157000   508.68924      1356.4287      1865.1179      47.990553      303.57152      0.1365603    
    158000   481.48729      1351.9289      1833.4162      60.938142      302.56446      0.13756521   
    159000   481.97218      1319.0203      1800.9925      81.208908      295.19946      0.13638582   
    160000   488.27238      1322.684       1810.9564      102.55776      296.0194       0.13565178   
    161000   465.6803       1337.8765      1803.5568      92.52789       299.41951      0.13462805   
    162000   471.41142      1306.1005      1777.5119      76.014501      292.30798      0.13511437   
    163000   488.72417      1312.8678      1801.592       108.32275      293.82251      0.14124445   
    164000   479.37535      1320.9998      1800.3752      157.93747      295.64247      0.14684136   
    165000   461.29115      1329.9166      1791.2077      265.12522      297.63806      0.1475553    
    166000   474.13623      1406.4177      1880.5539      235.58777      314.75917      0.1447238    
    167000   476.3214       1384.5763      1860.8977      201.15373      309.87103      0.13993197   
    168000   499.68829      1362.0179      1861.7062      142.19017      304.82239      0.13667971   
    169000   507.8769       1365.8228      1873.6997      128.84536      305.67394      0.13664056   
    170000   510.54586      1347.2054      1857.7513      100.27311      301.50734      0.13706468   
    171000   485.93037      1365.8156      1851.746       115.80821      305.67234      0.14061195   
    172000   499.21143      1360.9028      1860.1143      74.445089      304.57285      0.14469828   
    173000   465.64842      1316.8535      1782.5019      37.450734      294.71451      0.14720896   
    174000   478.58399      1298.2263      1776.8103      18.68095       290.54571      0.14653674   
    175000   486.15258      1296.2103      1782.3629      59.45013       290.09453      0.14265128   
    176000   471.32445      1337.8205      1809.1449      104.73168      299.40697      0.13536049   
    177000   475.35098      1345.5597      1820.9107      115.50973      301.13903      0.13110371   
    178000   508.28557      1324.8289      1833.1144      101.17019      296.49942      0.12985061   
    179000   492.73354      1351.009       1843.7425      86.939548      302.35858      0.12974392   
    180000   513.6369       1336.1869      1849.8238      89.256937      299.04136      0.1311744    
    181000   495.28511      1381.9081      1877.1932      112.42816      309.27386      0.13414398   
    182000   484.62418      1332.2167      1816.8409      124.248        298.15284      0.13623049   
    183000   490.3572       1342.424       1832.7812      135.57073      300.43724      0.13985974   
    184000   496.84398      1338.4066      1835.2505      140.41733      299.53814      0.1447867    
    185000   478.28564      1339.1303      1817.4159      148.35182      299.70011      0.14825296   
    186000   472.11312      1383.855       1855.9682      149.45069      309.7096       0.14851654   
    187000   460.91743      1360.4211      1821.3385      140.89412      304.46504      0.14239406   
    188000   491.5861       1374.6254      1866.2115      192.83479      307.64398      0.13541448   
    189000   510.98218      1334.2781      1845.2603      190.06044      298.61417      0.13158929   
    190000   483.19691      1363.9675      1847.1644      170.65405      305.25873      0.1313299    
    191000   509.53767      1335.8708      1845.4084      135.38761      298.97062      0.13348681   
    192000   517.33091      1353.912       1871.2429      90.423061      303.00829      0.13618179   
    193000   486.59626      1391.288       1877.8843      89.193658      311.37312      0.14125551   
    194000   480.82195      1374.7426      1855.5646      100.83934      307.67022      0.14410255   
    195000   514.95729      1322.3856      1837.3429      133.17402      295.95261      0.14504005   
    196000   455.87627      1340.3735      1796.2498      159.73578      299.97834      0.14279394   
    197000   473.97393      1355.9607      1829.9346      175.82033      303.46679      0.13967755   
    198000   490.52637      1325.3705      1815.8969      158.89875      296.62064      0.13664343   
    199000   494.77493      1285.7397      1780.5146      164.18417      287.75118      0.13564205   
    200000   480.48843      1321.8529      1802.3413      214.00934      295.83339      0.13741083   
    201000   477.42566      1321.5627      1798.9884      219.5623       295.76845      0.1393713    
    202000   486.85321      1324.0334      1810.8867      217.05852      296.3214       0.14149744   
    203000   475.26608      1325.6604      1800.9265      154.93813      296.68551      0.14229621   
    204000   480.14622      1332.7452      1812.8915      31.133523      298.27112      0.14064795   
    205000   474.46193      1343.7646      1818.2265      9.328426       300.73727      0.13909801   
    206000   470.12623      1299.0677      1769.1939      52.937041      290.73401      0.13780813   
    207000   493.60855      1325.3727      1818.9813      95.663573      296.62114      0.1363755    
    208000   499.46534      1308.6635      1808.1288      172.25384      292.88158      0.13436427   
    209000   484.42632      1328.9509      1813.3772      234.66983      297.42193      0.13300535   
    210000   502.46778      1328.7272      1831.195       203.78687      297.37187      0.13217238   
    211000   487.68486      1348.591       1836.2758      174.08389      301.81743      0.13315552   
    212000   487.73765      1347.119       1834.8567      126.44062      301.488        0.13737634   
    213000   496.90483      1352.8209      1849.7257      131.7641       302.76409      0.14262821   
    214000   488.85303      1342.2826      1831.1356      109.93713      300.4056       0.14430518   
    215000   491.64617      1364.2139      1855.8601      123.17973      305.31388      0.14312697   
    216000   502.37877      1387.3744      1889.7532      140.46244      310.49725      0.13892949   
    217000   510.48714      1341.5191      1852.0062      107.15693      300.23473      0.1344505    
    218000   500.84228      1358.3675      1859.2098      114.90341      304.00544      0.13474845   
    219000   509.26108      1389.4679      1898.729       98.770263      310.96577      0.13697217   
    220000   488.32611      1409.534       1897.8601      118.20835      315.4566       0.13873168   
    221000   494.41477      1374.9929      1869.4077      126.99415      307.72624      0.13928914   
    222000   479.93545      1349.5261      1829.4616      190.5865       302.02672      0.13972235   
    223000   500.60568      1359.2456      1859.8513      232.2861       304.20195      0.13819337   
    224000   519.44635      1333.3447      1852.7911      208.67239      298.40529      0.13481661   
    225000   514.63453      1411.7892      1926.4237      184.08213      315.96132      0.13063668   
    226000   501.64143      1358.6333      1860.2748      126.52197      304.06493      0.12755156   
    227000   497.84761      1330.4047      1828.2523      86.110269      297.74731      0.12654624   
    228000   522.49636      1301.7683      1824.2647      59.57764       291.33842      0.13085422   
    229000   470.72436      1316.3271      1787.0515      93.268746      294.59671      0.13586029   
    230000   465.04025      1343.1475      1808.1878      131.48659      300.59918      0.13849881   
    231000   477.21481      1346.4203      1823.6351      187.87551      301.33162      0.13876227   
    232000   479.33197      1345.6672      1824.9992      193.78078      301.16308      0.13687128   
    233000   507.49382      1365.8743      1873.3682      168.02462      305.68548      0.13673663   
    234000   471.04854      1373.8655      1844.9141      139.89169      307.47393      0.13860097   
    235000   485.34843      1359.7635      1845.1119      102.33883      304.31786      0.14178254   
    236000   484.60571      1368.873       1853.4787      78.565774      306.35658      0.14580344   
    237000   494.01094      1407.8328      1901.8438      127.83895      315.07588      0.14857471   
    238000   493.01419      1376.1152      1869.1294      140.27146      307.9774       0.14625814   
    239000   484.56748      1352.3771      1836.9446      153.36591      302.66478      0.14273991   
    240000   477.52119      1358.8803      1836.4015      164.19179      304.1202       0.14048731   
    241000   504.5794       1351.6106      1856.19        140.32663      302.49323      0.13865684   
    242000   486.28816      1351.9907      1838.2789      70.098649      302.5783       0.13580495   
    243000   507.93976      1357.1168      1865.0566      92.088273      303.72553      0.13462088   
    244000   486.24909      1364.3546      1850.6037      73.853327      305.34536      0.1332843    
    245000   530.05268      1332.7252      1862.7779      95.301408      298.26663      0.13355944   
    246000   492.61699      1343.0146      1835.6316      101.74565      300.56942      0.13471862   
    247000   464.70334      1329.1237      1793.827       121.7047       297.46061      0.13657855   
    248000   470.14385      1342.2359      1812.3797      161.9404       300.39514      0.1396117    
    249000   486.35685      1311.4674      1797.8242      181.85071      293.50909      0.14289182   
    250000   468.49709      1329.3084      1797.8055      150.49161      297.50194      0.14596375   
    251000   457.26853      1312.9973      1770.2658      156.21024      293.8515       0.15176977   
    252000   434.55279      1348.5717      1783.1245      190.66388      301.81313      0.15391853   
    253000   493.05751      1308.2531      1801.3106      116.71205      292.78973      0.14788382   
    254000   484.49333      1311.1573      1795.6506      88.968132      293.4397       0.14268966   
    255000   500.98101      1291.563       1792.544       92.18309       289.05445      0.14138359   
    256000   476.57299      1329.208       1805.781       135.54589      297.47949      0.13963029   
    257000   470.28192      1339.527       1809.809       102.55467      299.7889       0.13784959   
    258000   507.22724      1311.356       1818.5833      68.408961      293.48417      0.13874413   
    259000   489.32395      1347.8323      1837.1562      98.039576      301.64763      0.1410505    
    260000   482.82051      1354.4275      1837.248       128.50081      303.12366      0.14366115   
    261000   484.13527      1363.4834      1847.6187      201.09552      305.15038      0.14789098   
    262000   475.49118      1300.2684      1775.7596      246.93222      291.00274      0.15201956   
    263000   439.3723       1289.403       1728.7753      191.88356      288.57105      0.15062242   
    264000   482.1964       1351.7058      1833.9022      178.65994      302.51454      0.14111137   
    265000   488.7179       1338.3306      1827.0485      134.38111      299.52113      0.13650212   
    266000   502.33627      1313.2573      1815.5936      88.242328      293.90968      0.13590608   
    267000   493.51025      1332.0596      1825.5698      66.001289      298.11766      0.13682906   
    268000   521.67967      1331.3008      1852.9805      56.890347      297.94785      0.13946037   
    269000   463.41723      1365.3856      1828.8029      72.777991      305.57611      0.14211106   
    270000   460.23263      1334.7703      1795.003       135.46698      298.72434      0.14273246   
    271000   455.00383      1293.6468      1748.6506      144.30038      289.52081      0.14157878   
    272000   471.84995      1316.9411      1788.791       135.364        294.73411      0.13753254   
    273000   477.72156      1306.1104      1783.8319      150.66638      292.31019      0.13239502   
    274000   505.24673      1325.6411      1830.8878      143.72853      296.6812       0.12961587   
    275000   508.35833      1329.6608      1838.0192      166.80588      297.58082      0.13069344   
    276000   482.99115      1335.5962      1818.5874      180.82683      298.90917      0.13539964   
    277000   468.19502      1338.9867      1807.1817      181.0108       299.66796      0.13938239   
    278000   495.68094      1305.9415      1801.6224      132.10987      292.27238      0.14077728   
    279000   469.19144      1316.174       1785.3655      88.882469      294.56245      0.14030893   
    280000   495.44693      1314.4822      1809.9291      35.810132      294.18381      0.13885017   
    281000   480.31465      1370.2591      1850.5738     -5.9246778      306.66681      0.13557563   
    282000   518.81867      1348.1931      1867.0118     -15.74135       301.72838      0.13288045   
    283000   504.36002      1332.8263      1837.1863      33.842787      298.28925      0.13155412   
    284000   508.40205      1334.4876      1842.8896      111.48615      298.66106      0.13265058   
    285000   509.62219      1354.0644      1863.6866      169.76738      303.0424       0.13637177   
    286000   489.5387       1361.0651      1850.6038      209.51065      304.60917      0.14461305   
    287000   466.22113      1367.974       1834.1951      182.26327      306.15538      0.14679562   
    288000   483.09957      1328.0486      1811.1482      108.67095      297.22         0.1445607    
    289000   494.40474      1300.9236      1795.3284      93.958356      291.14938      0.14184533   
    290000   487.23301      1336.8167      1824.0497      62.410366      299.18233      0.13769002   
    291000   504.94802      1365.887       1870.835       37.767821      305.68831      0.13510062   
    292000   507.909        1361.4935      1869.4025      18.87889       304.70505      0.13334373   
    293000   513.09164      1394.5236      1907.6153      73.272442      312.09725      0.13355939   
    294000   508.89858      1377.6967      1886.5953      109.71494      308.33135      0.13334629   
    295000   496.41917      1355.5325      1851.9517      145.24821      303.37097      0.13301949   
    296000   496.66055      1379.3281      1875.9886      215.87491      308.69646      0.13431833   
    297000   494.21075      1369.8517      1864.0625      233.63333      306.57563      0.13567831   
    298000   531.4595       1331.8851      1863.3446      215.04562      298.07861      0.13727284   
    299000   484.15073      1373.232       1857.3828      190.40832      307.33215      0.13762456   
    300000   494.57672      1398.5233      1893.1         120.41127      312.99239      0.133948     
    301000   502.90652      1349.5507      1852.4572      78.827492      302.03222      0.12835115   
    302000   512.54771      1333.4333      1845.981       84.31079       298.4251       0.1251682    
    303000   480.56777      1394.435       1875.0027      130.80975      312.07741      0.12536811   
    304000   497.66021      1349.9739      1847.6341      165.80888      302.12693      0.12813104   
    305000   492.0514       1340.2585      1832.3099      168.55325      299.9526       0.13180123   
    306000   495.2518       1324.9398      1820.1916      167.41276      296.52425      0.13362743   
    307000   483.36916      1339.0853      1822.4544      183.34018      299.69003      0.13452832   
    308000   485.8287       1283.6955      1769.5242      163.91962      287.29368      0.13386722   
    309000   472.92138      1299.31        1772.2314      141.46827      290.78825      0.13286778   
    310000   469.05406      1323.1789      1792.2329      153.9886       296.13015      0.13385282   
    311000   503.46237      1313.8272      1817.2896      134.3806       294.03723      0.1335302    
    312000   497.92779      1347.8828      1845.8106      102.34072      301.65895      0.1333355    
    313000   508.0801       1383.9481      1892.0282      107.24624      309.73042      0.13392938   
    314000   521.93321      1398.6203      1920.5535      92.429067      313.01409      0.13381386   
    315000   514.37323      1367.1299      1881.5032      79.829208      305.96649      0.13262487   
    316000   502.7753       1361.6121      1864.3874      81.868133      304.73158      0.1318373    
    317000   491.7106       1397.4235      1889.1341      92.401913      312.74625      0.13227762   
    318000   498.69923      1374.6271      1873.3263      98.758113      307.64436      0.13419431   
    319000   508.73312      1338.8462      1847.5793      105.66473      299.63652      0.13931632   
    320000   491.92298      1337.3887      1829.3116      108.45418      299.31033      0.14387657   
    321000   469.84472      1391.401       1861.2458      104.00932      311.39841      0.14403566   
    322000   484.13055      1352.4014      1836.5319      116.589        302.6702       0.14080998   
    323000   489.17669      1352.8435      1842.0201      128.03306      302.76914      0.13623114   
    324000   496.58667      1368.846       1865.4327      136.00106      306.35054      0.13493515   
    325000   506.19186      1331.3996      1837.5914      113.16029      297.96996      0.13518084   
    326000   515.3396       1314.8554      1830.195       103.40138      294.26733      0.13769519   
    327000   483.49368      1324.2028      1807.6965      130.22294      296.3593       0.14128484   
    328000   489.59683      1281.2724      1770.8692      116.96217      286.75138      0.14312972   
    329000   456.06474      1270.4029      1726.4677      91.65457       284.31879      0.1426544    
    330000   469.85116      1320.9465      1790.7976      108.91737      295.63053      0.14073666   
    331000   490.0933       1340.8336      1830.9269      57.316361      300.08132      0.13534063   
    332000   499.19297      1314.1356      1813.3286      56.264578      294.10625      0.13132207   
    333000   504.43877      1294.6551      1799.0939      97.146794      289.74647      0.1312559    
    334000   469.15284      1305.3738      1774.5267      72.964849      292.14535      0.13164265   
    335000   500.28047      1299.0193      1799.2998      130.06632      290.7232       0.13290042   
    336000   480.81996      1334.6587      1815.4787      179.5062       298.69936      0.13273044   
    337000   499.42651      1330.114       1829.5405      172.52314      297.68224      0.13222855   
    338000   480.71189      1307.6913      1788.4032      166.06667      292.664        0.13192197   
    339000   515.29768      1321.0381      1836.3358      86.864577      295.65104      0.13236799   
    340000   482.51777      1326.6261      1809.1439      26.215899      296.90166      0.13328096   
    341000   497.04465      1313.0081      1810.0527     -4.851328       293.8539       0.13395728   
    342000   483.7371       1295.5442      1779.2813      25.469649      289.94545      0.13365049   
    343000   492.7875       1297.2493      1790.0368      61.193115      290.32705      0.13491588   
    344000   490.93454      1342.5687      1833.5033      109.15275      300.46964      0.13588586   
    345000   486.35835      1337.6305      1823.9889      154.61987      299.36446      0.13805951   
    346000   494.94919      1327.9874      1822.9365      160.11342      297.2063       0.14141654   
    347000   474.01012      1350.4374      1824.4475      178.69453      302.23066      0.14619371   
    348000   500.78665      1361.1231      1861.9097      197.86464      304.62214      0.15010922   
    349000   482.16623      1351.1549      1833.3211      148.91312      302.39124      0.14884515   
    350000   486.12943      1356.2324      1842.3619      165.57801      303.5276       0.14419588   
    351000   478.96422      1364.5616      1843.5258      192.46495      305.39169      0.14063732   
    352000   483.62892      1381.7197      1865.3486      207.87763      309.23171      0.13817257   
    353000   506.67516      1372.514       1879.1892      177.21051      307.17146      0.13566573   
    354000   502.38606      1323.5977      1825.9837      128.89677      296.22387      0.13396323   
    355000   520.49555      1311.7201      1832.2156      56.783761      293.56564      0.13313983   
    356000   487.57653      1327.231       1814.8075      58.918304      297.03701      0.13441086   
    357000   471.15802      1325.1302      1796.2882      91.456497      296.56685      0.13726645   
    358000   474.65239      1327.0501      1801.7025      136.06183      296.99653      0.13933189   
    359000   509.14309      1307.9504      1817.0934      163.84167      292.72198      0.13977072   
    360000   505.0561       1338.512       1843.5681      184.90212      299.56174      0.13690318   
    361000   503.77781      1341.8761      1845.6539      178.21651      300.31462      0.13192596   
    362000   513.6071       1317.121       1830.7281      114.80183      294.77439      0.13055506   
    363000   463.15712      1339.7005      1802.8576      61.39637       299.82772      0.13215218   
    364000   494.85697      1338.5698      1833.4268      53.078431      299.57467      0.13671826   
    365000   497.68284      1337.5641      1835.247       76.507028      299.3496       0.14073402   
    366000   471.42104      1353.4362      1824.8573      156.76286      302.9018       0.14258708   
    367000   472.1461       1369.3689      1841.515       193.06618      306.46757      0.14233001   
    368000   502.09754      1357.8474      1859.945       185.49311      303.88904      0.14092484   
    369000   522.05483      1340.7361      1862.791       156.51868      300.0595       0.1390305    
    370000   487.09428      1422.6625      1909.7568      132.22371      318.3948       0.13680176   
    371000   500.12885      1374.0938      1874.2226      67.645151      307.52501      0.13623043   
    372000   494.01201      1344.0389      1838.0509      63.449177      300.79867      0.1369821    
    373000   489.48213      1315.6325      1805.1146      103.99836      294.44126      0.13779213   
    374000   456.85167      1331.3256      1788.1772      130.47197      297.9534       0.1396389    
    375000   491.96769      1297.1616      1789.1293      116.7008       290.30742      0.14152065   
    376000   464.39263      1290.6016      1754.9943      124.37768      288.83929      0.14332377   
    377000   477.39512      1342.8887      1820.2838      136.42467      300.54125      0.14631617   
    378000   469.09703      1344.6946      1813.7916      143.74043      300.94542      0.14930744   
    379000   470.99738      1329.5455      1800.5429      153.2793       297.55502      0.1504613    
    380000   472.66495      1338.1301      1810.795       112.03107      299.47626      0.1464076    
    381000   493.57193      1328.5311      1822.103       59.778475      297.32798      0.13701737   
    382000   494.56931      1332.0322      1826.6015      64.883828      298.11155      0.13481905   
    383000   482.8023       1355.4342      1838.2365      87.017543      303.34895      0.13667348   
    384000   487.50302      1348.4641      1835.9671      129.96493      301.78904      0.14135647   
    385000   478.26288      1360.8039      1839.0668      112.16305      304.5507       0.1445126    
    386000   499.25743      1372.0353      1871.2927      128.38875      307.06431      0.14723241   
    387000   471.93816      1356.9285      1828.8666      99.646203      303.68338      0.14628348   
    388000   454.6978       1350.8951      1805.5929      111.20736      302.33309      0.14221637   
    389000   484.84242      1345.2229      1830.0653      81.653966      301.06364      0.13783501   
    390000   477.34777      1338.8193      1816.167       89.006809      299.6305       0.13705802   
    391000   491.91685      1303.1518      1795.0686      132.97347      291.64804      0.13824827   
    392000   479.17516      1318.5379      1797.7131      193.17546      295.09149      0.13893088   
    393000   485.99331      1340.2546      1826.2479      230.45268      299.95173      0.14055063   
    394000   459.69939      1352.2746      1811.974       231.5422       302.64184      0.14203584   
    395000   478.38418      1351.4063      1829.7905      140.9453       302.44751      0.14227182   
    396000   486.24899      1288.747       1774.996       78.493349      288.42423      0.14321241   
    397000   475.73194      1330.0416      1805.7735      55.808096      297.66604      0.14457109   
    398000   479.84429      1327.7656      1807.6099      58.075127      297.15667      0.14544996   
    399000   478.19882      1316.5086      1794.7074      80.492201      294.63732      0.14543781   
    400000   496.07165      1317.6722      1813.7438      132.68469      294.89774      0.14486535   
    401000   473.15046      1315.7647      1788.9152      111.94359      294.47085      0.14107063   
    402000   506.37489      1324.0314      1830.4063      113.24625      296.32095      0.13651252   
    403000   479.8296       1329.6355      1809.4651      99.667772      297.57515      0.13342891   
    404000   503.03603      1316.0355      1819.0715      70.632032      294.53145      0.13206225   
    405000   493.45085      1319.3875      1812.8383      92.963871      295.28162      0.13594486   
    406000   480.16582      1279.2424      1759.4082      98.05536       286.29706      0.14306064   
    407000   455.50626      1321.5617      1777.068       132.16979      295.76823      0.14480124   
    408000   471.60343      1349.0877      1820.6911      117.93705      301.92859      0.14163461   
    409000   473.23904      1377.1317      1850.3707      113.2974       308.20489      0.13742507   
    410000   525.04542      1354.2664      1879.3119      121.7673       303.08761      0.13501122   
    411000   516.27004      1384.8954      1901.1655      143.28726      309.94244      0.13450097   
    412000   514.57604      1372.5034      1887.0794      155.90106      307.16907      0.13593323   
    413000   498.46807      1366.9596      1865.4276      133.93712      305.92836      0.13930718   
    414000   463.9077       1342.4563      1806.364       154.19904      300.44447      0.14404816   
    415000   444.15287      1364.3501      1808.503       172.77622      305.34436      0.14739223   
    416000   463.47506      1349.0272      1812.5023      194.29246      301.91507      0.14617581   
    417000   504.59932      1366.4616      1871.0609      155.56439      305.81691      0.13911557   
    418000   492.48032      1382.6998      1875.1801      101.95986      309.45106      0.1328901    
    419000   470.38134      1329.5276      1799.9089      78.70992       297.551        0.13160441   
    420000   496.98158      1313.6424      1810.6239      73.857536      293.99586      0.13419193   
    421000   482.71693      1317.1749      1799.8918      88.769885      294.78644      0.13694218   
    422000   481.08932      1316.2423      1797.3316      113.34362      294.57773      0.13819859   
    423000   479.93684      1335.0226      1814.9594      160.28666      298.78079      0.14036646   
    424000   495.59998      1317.9237      1813.5236      176.73138      294.95402      0.14173953   
    425000   465.54739      1348.1393      1813.6867      191.27291      301.71634      0.14387523   
    426000   490.7006       1341.4699      1832.1705      144.57641      300.22372      0.1479096    
    427000   495.82335      1412.2168      1908.0402      132.84068      316.05702      0.15355576   
    428000   478.49818      1382.1155      1860.6137      93.798552      309.32028      0.1518396    
    429000   482.19702      1352.7132      1834.9102      97.913148      302.73999      0.14330905   
    430000   480.7543       1316.4804      1797.2347      100.05124      294.63101      0.13801272   
    431000   463.97162      1341.5302      1805.5018      118.47017      300.23722      0.1351929    
    432000   473.1313       1327.3468      1800.4781      114.73759      297.06294      0.13336064   
    433000   492.72424      1282.362       1775.0863      89.975508      286.99525      0.13343579   
    434000   497.02396      1338.8371      1835.861       107.87523      299.63448      0.13353763   
    435000   489.98626      1316.4008      1806.387       90.041028      294.6132       0.13355819   
    436000   480.13419      1335.4834      1815.6176      122.30031      298.88392      0.13747401   
    437000   516.11569      1341.1729      1857.2886      176.87061      300.15725      0.14398661   
    438000   493.86283      1349.0969      1842.9597      195.55815      301.93065      0.14483768   
    439000   500.35162      1369.2272      1869.5788      169.33225      306.43585      0.14112032   
    440000   483.7328       1363.4591      1847.192       99.197189      305.14496      0.13777905   
    441000   522.99373      1374.0577      1897.0514      51.243144      307.51693      0.13808461   
    442000   478.07379      1342.2298      1820.3036      75.445054      300.39379      0.13887571   
    443000   471.88531      1339.5669      1811.4523      85.421238      299.79783      0.13859094   
    444000   496.97684      1326.0044      1822.9812      85.18975       296.7625       0.13829986   
    445000   453.62494      1362.923       1816.5479      134.05944      305.02497      0.1391755    
    446000   488.12013      1333.2978      1821.4179      100.13422      298.39477      0.1386087    
    447000   503.61463      1330.907       1834.5216      92.148494      297.85971      0.13744954   
    448000   510.97265      1337.3185      1848.2911      95.30071       299.29462      0.13621026   
    449000   463.99617      1358.9845      1822.9807      122.10149      304.14352      0.13676959   
    450000   492.15075      1352.08        1844.2307      134.14292      302.59828      0.13907234   
    451000   496.25541      1335.9541      1832.2095      125.64427      298.98927      0.14101161   
    452000   479.74356      1298.1644      1777.908       93.283323      290.53187      0.14078561   
    453000   469.57797      1331.8099      1801.3878      99.856719      298.06178      0.13797072   
    454000   460.57265      1333.7531      1794.3258      72.043201      298.49669      0.13374083   
    455000   479.68096      1324.2473      1803.9282      65.473829      296.36926      0.13062466   
    456000   504.36533      1327.214       1831.5793      82.664136      297.03321      0.13124991   
    457000   479.83971      1346.7359      1826.5756      120.28599      301.40226      0.1350426    
    458000   494.95578      1345.9211      1840.8769      97.07721       301.2199       0.14128274   
    459000   474.13175      1351.3406      1825.4723      140.03666      302.4328       0.1455643    
    460000   483.10262      1364.2105      1847.3131      172.11617      305.31311      0.14485664   
    461000   485.35505      1358.5597      1843.9148      203.1261       304.04846      0.14346277   
    462000   505.22877      1377.8768      1883.1056      215.87345      308.37166      0.14164623   
    463000   481.1821       1366.4016      1847.5837      167.47721      305.80348      0.13787783   
    464000   492.57531      1386.1228      1878.6981      103.5165       310.21712      0.13443858   
    465000   510.30979      1331.0773      1841.3871      30.466899      297.89783      0.13281444   
    466000   488.14357      1330.2065      1818.35        13.341421      297.70294      0.13398448   
    467000   490.84169      1347.2924      1838.1341      29.519882      301.5268       0.13622481   
    468000   514.45622      1325.75        1840.2063      50.777801      296.70558      0.13720646   
    469000   486.14543      1332.3766      1818.522       82.692232      298.18862      0.13740561   
    470000   484.81496      1276.2474      1761.0624      70.923564      285.62679      0.13577598   
    471000   460.82948      1334.5758      1795.4053      59.314711      298.68081      0.13653412   
    472000   474.61911      1330.0187      1804.6379      53.076818      297.66092      0.14062521   
    473000   462.18592      1345.6412      1807.8271      95.78526       301.15725      0.145118     
    474000   493.65773      1301.1289      1794.7866      162.67432      291.19532      0.14745896   
    475000   474.43211      1296.7801      1771.2122      177.72258      290.22206      0.14735565   
    476000   470.22365      1294.003       1764.2267      149.24957      289.60053      0.14727394   
    477000   470.59524      1355.9522      1826.5474      98.146343      303.46488      0.14620907   
    478000   503.23515      1347.0329      1850.268       58.960801      301.46872      0.13979141   
    479000   522.66545      1352.7128      1875.3782      57.60526       302.73989      0.13338858   
    480000   513.92319      1377.5527      1891.4759      82.516488      308.29911      0.13266512   
    481000   502.47632      1370.8664      1873.3427      131.89275      306.8027       0.13519932   
    482000   448.92471      1341.6062      1790.5309      166.15387      300.25422      0.13785523   
    483000   483.81548      1330.2101      1814.0256      172.83237      297.70374      0.14001197   
    484000   467.63751      1349.5276      1817.1651      175.51303      302.02704      0.14265774   
    485000   479.80934      1328.377       1808.1864      141.20536      297.29351      0.1438063    
    486000   475.59985      1299.4403      1775.0402      68.161532      290.81741      0.14177821   
    487000   480.65863      1293.7373      1774.3959      44.780534      289.54106      0.13789781   
    488000   503.81975      1308.9378      1812.7575      69.108917      292.94297      0.1324811    
    489000   506.22774      1313.8954      1820.1231      71.064582      294.05248      0.12730145   
    490000   506.49259      1337.5288      1844.0214      106.56256      299.3417       0.12656575   
    491000   495.11397      1311.8636      1806.9776      148.28451      293.59777      0.12987865   
    492000   476.30257      1294.1727      1770.4753      149.71036      289.6385       0.13384345   
    493000   475.55406      1316.8794      1792.4334      135.90096      294.7203       0.13648684   
    494000   478.92857      1312.299       1791.2276      124.85763      293.69521      0.1383986    
    495000   495.55566      1315.4904      1811.046       127.57057      294.40945      0.13920492   
    496000   497.88003      1325.7969      1823.6769      138.78772      296.71606      0.13674963   
    497000   512.82024      1353.0441      1865.8643      148.88086      302.81405      0.13352039   
    498000   540.29611      1364.9602      1905.2563      134.35078      305.4809       0.13243795   
    499000   517.41015      1361.2224      1878.6326      160.70506      304.64437      0.13362594   
    500000   501.8786       1345.0057      1846.8843      153.73863      301.01504      0.13559698   
    501000   487.13703      1391.0952      1878.2322      139.76845      311.32996      0.14114245   
    502000   479.07201      1354.6165      1833.6885      123.30374      303.16595      0.14548839   
    503000   467.4699       1370.976       1838.4459      80.581893      306.82724      0.14632328   
    504000   479.09275      1344.6206      1823.7133      39.84431       300.92885      0.14197176   
    505000   509.3256       1322.624       1831.9496      52.754283      296.00597      0.1365947    
    506000   495.25146      1313.2618      1808.5133      94.880158      293.91069      0.13457936   
    507000   468.6449       1310.8793      1779.5242      141.8412       293.37748      0.13422917   
    508000   508.3324       1318.0122      1826.3446      162.49468      294.97383      0.13436475   
    509000   505.21817      1309.0034      1814.2215      140.56909      292.95764      0.13377049   
    510000   499.22772      1340.786       1840.0137      165.1792       300.07066      0.13584073   
    511000   470.02469      1362.9873      1833.012       166.77786      305.03936      0.14010007   
    512000   508.39446      1340.251       1848.6455      158.81114      299.95093      0.14364637   
    513000   489.14892      1368.6793      1857.8282      158.36753      306.31323      0.14477083   
    514000   493.69837      1380.7195      1874.4179      145.01114      309.00786      0.14421575   
    515000   499.59184      1370.592       1870.1838      143.01565      306.7413       0.14175587   
    516000   503.94324      1345.8756      1849.8188      72.212358      301.20972      0.13329919   
    517000   507.73271      1355.0386      1862.7713      77.956758      303.26043      0.12972228   
    518000   515.43238      1376.645       1892.0774      135.70528      308.09599      0.13133988   
    519000   531.80582      1322.3522      1854.1581      208.07967      295.94515      0.13448586   
    520000   501.78967      1327.2368      1829.0265      200.49569      297.03833      0.13665318   
    521000   487.83366      1298.3862      1786.2199      192.17274      290.5815       0.13850172   
    522000   479.79862      1331.4797      1811.2783      165.0271       297.98789      0.14001656   
    523000   479.60409      1311.9523      1791.5564      93.864891      293.61763      0.139762     
    524000   491.88668      1321.6399      1813.5266      33.989393      295.78572      0.13937492   
    525000   491.67007      1321.9425      1813.6125      13.097826      295.85344      0.14140611   
    526000   485.10775      1340.4229      1825.5306      8.2399566      299.98939      0.14478544   
    527000   485.60902      1339.8503      1825.4593      87.108908      299.86125      0.14747658   
    528000   497.00287      1354.292       1851.2948      128.6944       303.09332      0.14669698   
    529000   500.10528      1374.7681      1874.8734      159.33721      307.67592      0.14303065   
    530000   496.48534      1391.5792      1888.0645      134.70322      311.43828      0.13698624   
    531000   509.01377      1355.2308      1864.2446      107.35705      303.30343      0.13214185   
    532000   508.61892      1334.4285      1843.0474      104.6794       298.64783      0.13133335   
    533000   515.41619      1325.4817      1840.8979      142.68657      296.64552      0.13301589   
    534000   498.08955      1298.9323      1797.0219      173.10943      290.70372      0.13555992   
    535000   505.47186      1305.5869      1811.0588      182.33727      292.19304      0.13775101   
    536000   493.13804      1317.7239      1810.8619      141.33031      294.90931      0.13745164   
    537000   495.00845      1328.9889      1823.9974      96.930114      297.43045      0.1349857    
    538000   497.93654      1295.5309      1793.4675      112.3362       289.94248      0.13212815   
    539000   491.05337      1325.2874      1816.3408      89.205173      296.60204      0.12939348   
    540000   508.37597      1298.941       1807.317       94.735898      290.70566      0.12837715   
    541000   515.21881      1329.2058      1844.4246      104.64503      297.47898      0.12913776   
    542000   484.24963      1346.9563      1831.2059      151.70801      301.45158      0.13357569   
    543000   475.51595      1336.8382      1812.3541      189.08686      299.18713      0.13840042   
    544000   475.31146      1352.0477      1827.3592      159.08278      302.59105      0.14112474   
    545000   515.06617      1315.563       1830.6292      74.644241      294.42569      0.14131853   
    546000   492.46749      1296.4941      1788.9616      28.94099       290.15803      0.14008357   
    547000   480.74624      1327.9151      1808.6613      13.925561      297.19012      0.13943799   
    548000   498.19438      1322.41        1820.6044      52.301656      295.95807      0.13881211   
    549000   488.42071      1312.9655      1801.3862      77.177711      293.84437      0.13580484   
    550000   493.36996      1337.2407      1830.6107      141.05681      299.27722      0.13402979   
    551000   470.37036      1322.1258      1792.4961      203.59185      295.89446      0.13432777   
    552000   486.47765      1343.9691      1830.4467      218.67432      300.78304      0.13543943   
    553000   506.02278      1309.3915      1815.4142      170.81359      293.0445       0.13760493   
    554000   480.45295      1346.6929      1827.1459      178.48934      301.39264      0.14230307   
    555000   475.61149      1320.793       1796.4045      120.10114      295.59618      0.14519043   
    556000   494.53987      1324.1391      1818.679       65.021939      296.34505      0.14562751   
    557000   488.29196      1307.4371      1795.7291      15.638788      292.60712      0.13979094   
    558000   465.28362      1280.6583      1745.9419     -10.163985      286.61396      0.13360568   
    559000   491.20509      1314.5886      1805.7937      49.139967      294.20762      0.13257106   
    560000   523.25696      1302.694       1825.9509      128.05691      291.54558      0.13226065   
    561000   504.56858      1324.9515      1829.5201      216.57152      296.52687      0.13238712   
    562000   499.59265      1307.9244      1807.517       256.7443       292.71616      0.1316845    
    563000   492.60002      1300.6413      1793.2413      176.56473      291.08619      0.12846654   
    564000   500.16455      1296.7755      1796.94        100.21701      290.22102      0.12736555   
    565000   494.27688      1331.813       1826.0898      32.241861      298.06248      0.12943327   
    566000   485.67137      1323.604       1809.2753      8.1054312      296.22529      0.13499818   
    567000   472.31557      1313.2041      1785.5196     -1.0630253      293.89777      0.14054209   
    568000   471.79994      1340.4244      1812.2244      60.419062      299.98974      0.14399428   
    569000   474.14347      1310.79        1784.9335      121.83797      293.35749      0.14424301   
    570000   488.41728      1338.4528      1826.8701      147.09221      299.54849      0.14157629   
    571000   469.88794      1323.2153      1793.1033      157.31116      296.13831      0.13787922   
    572000   496.12403      1339.5695      1835.6936      98.341377      299.79841      0.13458047   
    573000   491.14779      1328.8245      1819.9723      105.52015      297.39365      0.13468264   
    574000   484.49485      1287.2254      1771.7202      92.751672      288.08368      0.13632077   
    575000   481.42265      1313.3419      1794.7646      128.3599       293.92862      0.14211684   
    576000   469.53291      1289.2752      1758.8081      172.38443      288.54243      0.14845245   
    577000   495.93781      1334.7861      1830.7239      162.01809      298.72787      0.14860323   
    578000   500.91323      1318.2706      1819.1838      136.2794       295.03167      0.14548357   
    579000   522.98765      1313.6111      1836.5988      103.64072      293.98887      0.14086851   
    580000   509.76798      1314.3957      1824.1637      54.855668      294.16445      0.13731827   
    581000   526.46826      1356.5066      1882.9749      7.9429145      303.58896      0.13572566   
    582000   530.09059      1323.1858      1853.2764      34.935175      296.1317       0.13560213   
    583000   514.12356      1355.8767      1870.0002      106.70979      303.44798      0.13679886   
    584000   483.65723      1353.8442      1837.5015      130.93848      302.99312      0.13723039   
    585000   506.946        1332.9843      1839.9303      149.58086      298.32462      0.13454344   
    586000   520.60769      1364.9355      1885.5432      182.7165       305.47536      0.13066191   
    587000   488.0927       1375.2281      1863.3208      185.8709       307.77886      0.12724849   
    588000   492.25693      1374.1642      1866.4211      192.50418      307.54077      0.12755986   
    589000   516.6273       1324.2141      1840.8414      185.39913      296.36182      0.13327068   
    590000   513.06444      1322.743       1835.8075      153.39644      296.0326       0.13883114   
    591000   477.36371      1329.9282      1807.2919      106.37357      297.64066      0.13985875   
    592000   504.67472      1321.6639      1826.3386      50.028926      295.7911       0.13930696   
    593000   531.38953      1301.2079      1832.5975      23.342099      291.21301      0.13575577   
    594000   516.39153      1297.7863      1814.1779      14.875309      290.44725      0.13292501   
    595000   512.24811      1323.3425      1835.5906      42.699254      296.16678      0.13254384   
    596000   494.13056      1306.9699      1801.1004      116.9937       292.50254      0.13490905   
    597000   463.50697      1331.3129      1794.8199      206.76655      297.95057      0.13810163   
    598000   477.7472       1307.3413      1785.0885      251.41457      292.58566      0.14047207   
    599000   499.95581      1278.5306      1778.4864      188.21022      286.13778      0.14226766   
    600000   478.8308       1326.3593      1805.1901      139.18114      296.84194      0.14268542   
    601000   478.02077      1333.0829      1811.1036      83.806629      298.34668      0.13969606   
    602000   490.94674      1288.6993      1779.646      -18.608102      288.41354      0.13262603   
    603000   501.10526      1287.713       1788.8183      6.8771174      288.19282      0.13110647   
    604000   503.61566      1305.379       1808.9947      74.15491       292.1465       0.1325782    
    605000   501.8861       1327.5894      1829.4755      154.35459      297.11722      0.13650451   
    606000   477.9246       1325.8115      1803.7361      222.11746      296.71933      0.1412423    
    607000   448.53455      1337.2111      1785.7457      232.70174      299.27059      0.14335781   
    608000   488.09464      1342.0629      1830.1576      180.83458      300.35643      0.14217058   
    609000   499.42154      1305.7496      1805.1711      95.10379       292.22943      0.13874951   
    610000   479.53863      1284.9881      1764.5267      49.172799      287.58297      0.13642937   
    611000   473.15011      1300.2518      1773.4019      45.193422      290.99903      0.13689999   
    612000   483.96224      1329.5027      1813.465       67.074073      297.54544      0.13700044   
    613000   497.83288      1323.0912      1820.9241      82.059346      296.11052      0.13542256   
    614000   531.54921      1319.088       1850.6372      126.43204      295.21459      0.13343796   
    615000   496.87023      1334.5289      1831.3991      151.43361      298.6703       0.13227822   
    616000   500.21931      1304.2505      1804.4698      187.99606      291.89394      0.1341154    
    617000   526.59973      1326.1429      1852.7426      168.11077      296.7935       0.13713685   
    618000   479.1142       1357.9645      1837.0787      180.95638      303.91525      0.13934927   
    619000   491.87134      1353.4623      1845.3337      132.02683      302.90765      0.1393312    
    620000   494.13694      1341.9848      1836.1217      127.05189      300.33895      0.1336966    
    621000   488.76138      1326.8687      1815.6301      109.79604      296.95594      0.12820923   
    622000   504.95154      1341.4412      1846.3927      76.446727      300.21729      0.12845256   
    623000   502.1182       1346.953       1849.0712      97.298548      301.45086      0.13238588   
    624000   507.94329      1339.1542      1847.0975      117.8043       299.70545      0.13551454   
    625000   490.46973      1364.6856      1855.1553      125.14692      305.41943      0.1361912    
    626000   501.51752      1356.0332      1857.5507      156.51042      303.48302      0.13654954   
    627000   499.64652      1339.4608      1839.1073      135.05937      299.77408      0.13571586   
    628000   507.61207      1338.8019      1846.414       135.12488      299.62662      0.13331422   
    629000   532.82187      1396.7605      1929.5824      134.35416      312.59786      0.13116105   
    630000   509.63836      1366.1445      1875.7829      159.72155      305.74594      0.13025647   
    631000   517.15577      1351.1472      1868.3029      139.30695      302.38951      0.12814157   
    632000   501.18577      1347.6123      1848.7981      178.50278      301.59841      0.12600368   
    633000   516.18214      1341.4181      1857.6002      156.07774      300.21212      0.12399953   
    634000   509.07888      1336.3869      1845.4658      126.7898       299.08614      0.12644109   
    635000   501.56447      1344.7361      1846.3006      139.12767      300.95471      0.13315397   
    636000   490.42004      1383.1868      1873.6069      160.51818      309.56005      0.13722309   
    637000   507.24763      1345.3004      1852.548       147.28252      301.08099      0.13730512   
    638000   507.37594      1326.8141      1834.19        145.47493      296.94371      0.13514484   
    639000   481.06942      1356.9564      1838.0259      135.79614      303.68964      0.13080229   
    640000   505.73936      1356.7553      1862.4947      102.35609      303.64462      0.12778236   
    641000   523.47568      1320.4193      1843.895       127.67073      295.51254      0.12783962   
    642000   530.77577      1296.7396      1827.5154      133.34848      290.21298      0.12899518   
    643000   503.72888      1290.1849      1793.9138      110.95563      288.74603      0.13113683   
    644000   502.00503      1322.6776      1824.6827      118.72772      296.01797      0.13431306   
    645000   489.01746      1349.4665      1838.4839      101.94211      302.01337      0.13594621   
    646000   515.35504      1363.2237      1878.5788      103.45973      305.09227      0.1369542    
    647000   500.21813      1337.4244      1837.6425      106.61651      299.31832      0.13779583   
    648000   494.23681      1309.6102      1803.847       50.031608      293.09346      0.13719147   
    649000   493.50733      1340.0624      1833.5698      37.471484      299.90873      0.1345602    
    650000   505.29499      1300.4583      1805.7533      62.804417      291.04524      0.1306574    
    651000   501.23418      1315.3268      1816.561       171.17375      294.37285      0.13011619   
    652000   509.317        1327.7392      1837.0562      221.60451      297.15076      0.1314874    
    653000   505.78182      1297.884       1803.6659      212.86538      290.46911      0.13806973   
    654000   502.85247      1320.1897      1823.0422      153.12932      295.46117      0.14392598   
    655000   468.81826      1312.9641      1781.7823      110.30489      293.84406      0.14464163   
    656000   451.95915      1287.4704      1739.4296      70.685875      288.13853      0.14385121   
    657000   485.52195      1295.6659      1781.1879      50.673619      289.97269      0.14203679   
    658000   498.40847      1298.6023      1797.0108      26.016406      290.62987      0.13897268   
    659000   505.33837      1330.1349      1835.4733      56.436478      297.68692      0.13540728   
    660000   501.90616      1325.1825      1827.0887      111.23458      296.57857      0.1314917    
    661000   514.98123      1311.0465      1826.0277      165.21306      293.41489      0.12898521   
    662000   502.05859      1324.5731      1826.6317      229.90382      296.44219      0.12917699   
    663000   491.79154      1348.0245      1839.8161      227.32185      301.69066      0.1305859    
    664000   516.9511       1334.203       1851.1541      151.66776      298.59738      0.1311775    
    665000   483.14904      1356.2506      1839.3996      94.160486      303.53166      0.13203435   
    666000   493.45245      1391.82        1885.2725      51.082225      311.49218      0.13360134   
    667000   497.67829      1366.9484      1864.6267      27.075697      305.92586      0.13589421   
    668000   507.88799      1347.337       1855.225       34.77942       301.53678      0.13823648   
    669000   513.875        1365.6198      1879.4948      69.010228      305.62852      0.14192333   
    670000   536.80348      1420.1501      1956.9536      57.843005      317.83251      0.14412143   
    671000   510.04802      1346.0896      1856.1376      114.89313      301.25762      0.14460266   
    672000   491.30415      1364.5649      1855.869       170.96117      305.39242      0.1435968    
    673000   514.49519      1363.5053      1878.0005      228.40686      305.15528      0.14049423   
    674000   504.7913       1348.7768      1853.5681      233.31205      301.85901      0.13666336   
    675000   527.7744       1328.99        1856.7644      168.42794      297.43068      0.13407454   
    676000   503.55435      1363.2319      1866.7862      112.11402      305.09409      0.13310188   
    677000   495.06245      1375.2251      1870.2876      88.882355      307.77821      0.13633513   
    678000   502.92981      1404.6562      1907.586       72.63605       314.36494      0.14110881   
    679000   490.89799      1362.4264      1853.3244      95.192049      304.91382      0.1451353    
    680000   463.54184      1364.2296      1827.7715      155.53687      305.31739      0.14850462   
    681000   468.52975      1356.6654      1825.1951      184.33477      303.6245       0.14268472   
    682000   513.8807       1328.3512      1842.2319      168.1615       297.28772      0.13397252   
    683000   519.71019      1354.421       1874.1312      178.78737      303.12221      0.13108362   
    684000   519.69871      1336.3496      1856.0483      166.75429      299.07779      0.12917127   
    685000   535.53738      1320.3032      1855.8406      122.03789      295.48657      0.1290799    
    686000   497.2857       1352.1604      1849.4461      105.56858      302.61628      0.13146982   
    687000   480.60664      1356.7738      1837.3804      87.688901      303.64876      0.13390386   
    688000   491.08547      1290.5212      1781.6067      102.34541      288.82129      0.13539248   
    689000   493.43181      1311.5652      1804.997       113.30215      293.53097      0.13675177   
    690000   479.04031      1334.9121      1813.9524      162.94799      298.75606      0.13931657   
    691000   470.34339      1349.7907      1820.1341      133.46913      302.08592      0.1386299    
    692000   513.09238      1381.36        1894.4524      88.273453      309.15121      0.13550337   
    693000   545.82165      1346.5727      1892.3944      37.979762      301.36574      0.12952591   
    694000   528.68568      1338.823       1867.5087      38.61268       299.63133      0.12725692   
    695000   505.39973      1358.7443      1864.1441      91.051313      304.08977      0.12963245   
    696000   518.76413      1333.5955      1852.3596      132.91423      298.4614       0.13370268   
    697000   496.78598      1364.8121      1861.5981      164.34121      305.44775      0.13552384   
    698000   495.55776      1348.3873      1843.9451      168.084        301.77185      0.13588429   
    699000   525.70517      1325.2847      1850.9898      147.88545      296.60143      0.13602226   
    700000   505.14242      1363.2646      1868.4071      121.9001       305.10143      0.13704711   
    701000   470.84803      1357.8974      1828.7454      156.86918      303.90022      0.14260276   
    702000   470.16507      1375.7948      1845.9599      168.77798      307.9057       0.14911199   
    703000   489.97608      1360.8376      1850.8137      179.23598      304.55826      0.14928985   
    704000   481.03483      1361.4159      1842.4507      183.47323      304.68768      0.14476957   
    705000   488.01078      1380.3095      1868.3203      156.27333      308.91609      0.14015526   
    706000   496.71863      1342.4806      1839.1992      77.959621      300.44991      0.13764275   
    707000   497.69183      1321.3477      1819.0395      53.624127      295.72032      0.13738284   
    708000   477.49267      1305.715       1783.2077      21.202885      292.2217       0.13682247   
    709000   486.9712       1319.343       1806.3142      55.711531      295.27168      0.13737017   
    710000   504.35703      1340.9549      1845.3119      75.17231       300.10845      0.13937833   
    711000   499.04736      1336.3715      1835.4189      152.0048       299.08269      0.14269761   
    712000   478.47777      1353.5381      1832.0159      171.08566      302.92461      0.14369468   
    713000   463.44182      1309.3797      1772.8215      210.50142      293.04187      0.14591204   
    714000   508.42566      1296.6117      1805.0373      166.64025      290.18436      0.1460237    
    715000   458.79877      1401.5067      1860.3055      137.94639      313.66007      0.14322734   
    716000   474.345        1383.3112      1857.6562      129.79188      309.58788      0.13850823   
    717000   503.35094      1367.268       1870.6189      107.23292      305.99739      0.13310281   
    718000   519.57962      1360.9922      1880.5718      122.9319       304.59284      0.13303694   
    719000   477.51336      1342.7199      1820.2333      147.55489      300.50348      0.13488207   
    720000   481.74939      1294.8793      1776.6287      134.46677      289.79664      0.13797593   
    721000   492.32908      1313.8241      1806.1532      116.79051      294.03653      0.14042422   
    722000   490.82462      1318.302       1809.1267      111.78239      295.0387       0.14114292   
    723000   492.50601      1318.166       1810.672       83.270328      295.00826      0.14078097   
    724000   492.0122       1321.8144      1813.8266      62.364258      295.82478      0.14095909   
    725000   461.58968      1321.9017      1783.4913      129.4222       295.8443       0.14160587   
    726000   507.94411      1335.612       1843.5561      164.81527      298.91271      0.14124504   
    727000   512.86191      1343.1894      1856.0513      182.9833       300.60855      0.14129919   
    728000   485.29855      1371.5613      1856.8599      136.47211      306.95824      0.13922609   
    729000   495.15828      1352.1489      1847.3072      88.195902      302.61371      0.13472457   
    730000   527.39761      1346.5461      1873.9438      72.777748      301.35979      0.13092824   
    731000   521.46078      1341.2989      1862.7597      81.379505      300.18546      0.12912295   
    732000   515.91014      1346.7772      1862.6873      121.59357      301.41149      0.13191405   
    733000   484.56067      1344.1094      1828.6701      144.46848      300.81445      0.13927337   
    734000   481.86874      1314.3098      1796.1785      138.22031      294.14522      0.14266161   
    735000   507.13047      1325.1815      1832.312       143.30705      296.57835      0.1431064    
    736000   481.2533       1326.1831      1807.4364      138.58018      296.80249      0.14144851   
    737000   496.56993      1312.6101      1809.18        119.35933      293.76483      0.13700792   
    738000   479.75169      1299.1202      1778.8719      80.658532      290.74578      0.13318598   
    739000   516.34475      1309.7045      1826.0492      72.394729      293.11455      0.13242751   
    740000   499.0298       1339.2798      1838.3096      83.08563       299.73358      0.13260604   
    741000   515.81992      1351.964       1867.784       85.66666       302.57233      0.13291579   
    742000   522.37213      1379.5449      1901.917       129.02274      308.74497      0.13300152   
    743000   499.56466      1336.3961      1835.9607      191.29281      299.08818      0.13518299   
    744000   491.57273      1355.8988      1847.4716      237.36203      303.45294      0.13951059   
    745000   494.56409      1366.522       1861.0861      250.05102      305.83043      0.14489842   
    746000   493.05448      1329.3758      1822.4303      189.02033      297.51704      0.14570553   
    747000   490.90001      1348.4489      1839.3489      90.281741      301.78564      0.1407407    
    748000   495.95696      1408.0656      1904.0225      43.7427        315.12796      0.13502087   
    749000   493.01336      1348.1275      1841.1409      87.729787      301.7137       0.13276925   
    750000   506.47992      1347.7684      1854.2484      119.07947      301.63334      0.13093026   
    751000   500.54835      1356.6327      1857.181       159.89666      303.61717      0.13151078   
    752000   518.09614      1324.4297      1842.5258      144.99815      296.41008      0.13553159   
    753000   478.59483      1342.4482      1821.0431      156.51897      300.44267      0.14032324   
    754000   467.09746      1312.6612      1779.7587      145.21876      293.77628      0.14225366   
    755000   504.71145      1327.1763      1831.8877      68.040109      297.02477      0.14037427   
    756000   519.08836      1311.82        1830.9083      72.696078      293.588        0.13712152   
    757000   488.19931      1302.7701      1790.9694      75.837228      291.56262      0.1332457    
    758000   491.14887      1318.6504      1809.7993      84.743143      295.11667      0.13272833   
    759000   497.84745      1335.9456      1833.7931      128.02353      298.98737      0.1337104    
    760000   516.01113      1331.1651      1847.1762      202.90035      297.91748      0.13502945   
    761000   497.11824      1311.3331      1808.4514      224.7274       293.47904      0.13688684   
    762000   522.66764      1326.167       1848.8346      224.28361      296.7989       0.14063919   
    763000   481.3042       1379.7526      1861.0568      142.03729      308.79146      0.14308319   
    764000   493.82033      1367.2294      1861.0497      47.931999      305.98875      0.14428677   
    765000   513.82963      1334.5255      1848.3551      24.341861      298.66954      0.14637128   
    766000   494.14153      1313.1247      1807.2662      76.813921      293.88001      0.14832257   
    767000   463.29853      1340.6506      1803.9491      116.11716      300.04035      0.14834832   
    768000   507.25971      1386.2045      1893.4642      203.64278      310.23542      0.14341276   
    769000   527.92999      1359.1687      1887.0987      174.03677      304.18474      0.13666219   
    770000   496.09024      1359.5894      1855.6797      179.7044       304.2789       0.13585313   
    771000   521.97618      1378.3665      1900.3426      149.39491      308.48124      0.13859473   
    772000   513.74734      1395.5529      1909.3003      113.06503      312.32761      0.14062236   
    773000   490.61974      1373.3537      1863.9735      117.33389      307.35938      0.14142546   
    774000   484.45717      1367.2346      1851.6918      67.971298      305.98992      0.14051426   
    775000   507.6929       1378.3148      1886.0077      54.726095      308.46969      0.13761649   
    776000   517.40398      1346.8676      1864.2715      67.717283      301.43172      0.13232576   
    777000   514.01414      1347.9965      1862.0107      89.226006      301.68439      0.12864546   
    778000   518.08828      1362.9811      1881.0694      87.188502      305.03796      0.12644654   
    779000   487.84673      1318.851       1806.6977      102.46533      295.16155      0.12572314   
    780000   516.69799      1316.81        1833.508       98.123593      294.70478      0.12870253   
    781000   497.49843      1324.4176      1821.9161      162.40542      296.40739      0.13706802   
    782000   518.55059      1323.151       1841.7016      198.61542      296.12392      0.13980927   
    783000   499.82033      1327.8341      1827.6544      229.98831      297.17199      0.13708406   
    784000   505.99041      1366.3927      1872.3831      220.09965      305.80149      0.13300752   
    785000   492.10007      1362.1026      1854.2027      194.29255      304.84136      0.13022058   
    786000   538.09548      1385.478       1923.5735      170.6621       310.07282      0.1301939    
    787000   516.60793      1332.2444      1848.8523      159.63726      298.15903      0.13234429   
    788000   519.81446      1304.93        1824.7445      161.27721      292.04601      0.13478583   
    789000   491.98647      1351.3264      1843.3129      121.3112       302.42962      0.13593591   
    790000   504.59167      1336.7796      1841.3713      98.239624      299.17403      0.13678984   
    791000   486.84171      1306.7966      1793.6383      111.7911       292.46377      0.13663073   
    792000   509.61912      1295.3022      1804.9213      155.6314       289.89129      0.13801602   
    793000   486.77111      1318.5615      1805.3326      155.27332      295.09678      0.13997281   
    794000   502.12881      1328.5768      1830.7056      105.49772      297.3382       0.14032269   
    795000   497.77784      1285.8645      1783.6423      36.011845      287.77911      0.13564151   
    796000   494.67156      1340.7434      1835.415       35.967187      300.06113      0.13106058   
    797000   506.87815      1323.1093      1829.9874      64.500792      296.11458      0.12959976   
    798000   506.82213      1313.8411      1820.6632      144.83559      294.04034      0.13113126   
    799000   512.24107      1317.8463      1830.0874      199.12092      294.9367       0.13513921   
    800000   480.87374      1307.8391      1788.7129      200.69719      292.69709      0.13866639   
    801000   477.29074      1288.6208      1765.9115      208.13037      288.39597      0.14171116   
    802000   479.56325      1287.5318      1767.095       145.93008      288.15225      0.14227506   
    803000   502.26493      1320.1229      1822.3878      109.77772      295.4462       0.14276485   
    804000   510.86077      1322.7669      1833.6277      96.996689      296.03795      0.14041679   
    805000   493.51109      1350.5512      1844.0622      73.82836       302.25612      0.13418167   
    806000   528.06649      1321.8113      1849.8778      101.22433      295.82409      0.12940204   
    807000   513.63222      1338.527       1852.1592      126.14357      299.56508      0.1278909    
    808000   525.92769      1362.9923      1888.92        191.3066       305.04048      0.13005565   
    809000   495.7105       1349.3951      1845.1056      193.88801      301.99739      0.13210979   
    810000   510.96675      1343.9211      1854.8878      170.95709      300.7723       0.13273279   
    811000   504.50383      1352.4238      1856.9276      103.9553       302.67521      0.13338973   
    812000   521.20819      1376.4945      1897.7026      52.17653       308.06228      0.13443055   
    813000   506.62667      1362.9782      1869.6048      2.5967266      305.03731      0.13442735   
    814000   505.2447       1337.3199      1842.5646     -15.774464      299.29494      0.13378187   
    815000   508.35848      1328.4102      1836.7687      34.131258      297.30094      0.13359083   
    816000   502.71116      1354.7538      1857.4649      118.94291      303.19667      0.13248968   
    817000   518.49299      1335.7002      1854.1932      154.43751      298.93245      0.12995238   
    818000   528.97459      1320.7295      1849.7041      162.68174      295.58198      0.12690379   
    819000   516.08874      1331.5633      1847.6521      143.69424      298.00661      0.12762422   
    820000   492.1489       1339.1387      1831.2876      113.3023       299.702        0.13613385   
    821000   506.41356      1316.2353      1822.6488      78.378762      294.57616      0.14138971   
    822000   468.19803      1310.3049      1778.503       84.120935      293.24893      0.14293254   
    823000   487.67023      1295.513       1783.1833      122.08812      289.93848      0.14107208   
    824000   510.55029      1307.813       1818.3633      179.9883       292.69123      0.13841139   
    825000   486.83357      1326.0456      1812.8792      202.99351      296.77173      0.13567237   
    826000   512.76172      1344.2269      1856.9886      161.61204      300.84073      0.13468416   
    827000   506.61995      1336.8128      1843.4328      143.38051      299.18146      0.1349104    
    828000   498.4187       1351.6214      1850.0401      87.970133      302.49565      0.13638983   
    829000   482.70807      1358.818       1841.5261      94.191596      304.10626      0.14243051   
    830000   484.56834      1381.897       1866.4654      132.17842      309.27139      0.14764627   
    831000   488.60289      1416.1683      1904.7712      210.74248      316.94137      0.1476572    
    832000   460.1327       1372.9375      1833.0702      245.68197      307.26623      0.14214401   
    833000   518.44317      1310.5139      1828.9571      178.48015      293.29571      0.138124     
    834000   519.51313      1324.3486      1843.8617      135.99482      296.39194      0.13642667   
    835000   485.0261       1330.0969      1815.123       62.745         297.67841      0.1359293    
    836000   509.56959      1332.7111      1842.2807      14.677449      298.26349      0.13638772   
    837000   510.30394      1317.1533      1827.4572     -0.75620186     294.78161      0.13529388   
    838000   516.99227      1279.771       1796.7633      41.109477      286.41538      0.13589968   
    839000   484.496        1271.7422      1756.2382      87.851134      284.61852      0.13619732   
    840000   525.95648      1288.137       1814.0935      152.41258      288.2877       0.13808409   
    841000   488.05357      1348.0225      1836.0761      102.69593      301.69021      0.13910308   
    842000   509.62185      1330.9572      1840.5791      98.151137      297.87096      0.13882552   
    843000   500.15777      1332.2093      1832.3671      66.587776      298.15118      0.13452726   
    844000   488.25312      1336.4408      1824.6939      99.215432      299.09819      0.13054539   
    845000   502.58696      1336.7766      1839.3636      123.7204       299.17335      0.1287625    
    846000   493.13898      1314.0168      1807.1558      125.91619      294.07966      0.13117792   
    847000   487.93231      1343.6369      1831.5692      158.67575      300.70869      0.13584812   
    848000   480.70053      1343.3379      1824.0384      145.096        300.64177      0.1375535    
    849000   487.17149      1338.8672      1826.0387      119.33362      299.64123      0.13781731   
    850000   524.43994      1287.0104      1811.4504      140.42836      288.03558      0.13733274   
    851000   497.1371       1333.099       1830.2361      147.21364      298.3503       0.13640044   
    852000   510.15625      1299.0889      1809.2451      130.681        290.73876      0.13619348   
    853000   478.60615      1257.0452      1735.6514      73.26849       281.3293       0.13598857   
    854000   481.21604      1318.9282      1800.1442      69.160378      295.17884      0.13818948   
    855000   480.42824      1328.7872      1809.2154      110.20324      297.3853       0.14372344   
    856000   481.34891      1343.8169      1825.1659      113.13475      300.74899      0.14737509   
    857000   495.80849      1351.6651      1847.4736      121.61947      302.50542      0.14620167   
    858000   506.78462      1343.0047      1849.7893      107.41704      300.56721      0.14177199   
    859000   517.01615      1352.0229      1869.039       119.98118      302.5855       0.1369472    
    860000   489.35454      1362.5421      1851.8966      150.85986      304.93971      0.13361447   
    861000   529.32788      1367.8681      1897.1959      127.71712      306.13168      0.13367375   
    862000   524.00025      1335.2978      1859.2981      107.19604      298.8424       0.13579994   
    863000   497.99802      1348.3365      1846.3345      109.6002       301.76047      0.13832345   
    864000   520.81212      1366.132       1886.9441      114.76917      305.74314      0.14113876   
    865000   497.1602       1348.8499      1846.0101      91.928547      301.87538      0.14255595   
    866000   510.18821      1359.3408      1869.529       90.28717       304.22326      0.14330019   
    867000   483.80689      1353.134       1836.9409      67.79327       302.83417      0.14283915   
    868000   482.15471      1337.0186      1819.1733      84.094757      299.22751      0.14083838   
    869000   508.29015      1328.984       1837.2741      97.529663      297.42934      0.13794141   
    870000   499.08767      1325.4523      1824.54        150.87526      296.63895      0.13552044   
    871000   537.08863      1298.2493      1835.3379      138.16194      290.55085      0.1351646    
    872000   502.26126      1303.2183      1805.4796      149.26012      291.66293      0.13922218   
    873000   491.04985      1336.9616      1828.0115      139.53536      299.21475      0.14621278   
    874000   470.70369      1370.1375      1840.8412      124.03708      306.63959      0.14933162   
    875000   476.04802      1323.6043      1799.6523      99.570511      296.22536      0.1475115    
    876000   468.60999      1338.9209      1807.5309      126.86517      299.65324      0.14447716   
    877000   496.18454      1318.4313      1814.6158      136.08069      295.06762      0.14153667   
    878000   502.73986      1302.0358      1804.7756      148.2666       291.39828      0.14060936   
    879000   484.1602       1323.5935      1807.7537      196.92977      296.22295      0.13987086   
    880000   487.95734      1313.1022      1801.0596      201.68424      293.87497      0.13834809   
    881000   492.53011      1327.4078      1819.938       184.22829      297.0766       0.13831497   
    882000   476.14535      1321.5012      1797.6466      117.62585      295.75468      0.14063747   
    883000   479.66534      1321.8163      1801.4817      77.276085      295.82521      0.14485511   
    884000   480.80299      1322.6987      1803.5017      57.544976      296.02269      0.14978474   
    885000   462.56329      1325.1997      1787.763       61.727014      296.5824       0.15265738   
    886000   485.14517      1306.1543      1791.2995      38.524943      292.32001      0.15038729   
    887000   517.83871      1353.7867      1871.6254      38.359208      302.98024      0.14324674   
    888000   504.37196      1351.7702      1856.1421      63.254553      302.52894      0.13732762   
    889000   507.72571      1369.6835      1877.4092      102.08482      306.53799      0.13582013   
    890000   504.3917       1355.1388      1859.5305      125.81951      303.28284      0.1362079    
    891000   478.3108       1308.8651      1787.1759      156.87067      292.9267       0.1388427    
    892000   507.38051      1328.5878      1835.9683      180.6797       297.34068      0.1453602    
    893000   510.04039      1317.8119      1827.8523      164.72611      294.92901      0.1484368    
    894000   488.3473       1387.9635      1876.3108      156.33589      310.62908      0.14846081   
    895000   469.83964      1354.4966      1824.3362      138.12203      303.13911      0.14720648   
    896000   483.13992      1324.3448      1807.4847      142.80804      296.39108      0.14567406   
    897000   488.48668      1317.1497      1805.6364      99.908455      294.78081      0.14057117   
    898000   488.86549      1332.1023      1820.9678      102.77652      298.12724      0.13642519   
    899000   511.42547      1317.8625      1829.288       97.193213      294.94033      0.13465395   
    900000   489.64384      1345.8863      1835.5301      95.395013      301.21211      0.13458103   
    901000   474.02637      1348.2118      1822.2381      66.356422      301.73256      0.13538325   
    902000   517.92675      1323.03        1840.9567      52.123113      296.09682      0.13769953   
    903000   502.04179      1313.6858      1815.7276      41.555171      294.00559      0.1403348    
    904000   488.03615      1316.5668      1804.603       74.264003      294.65036      0.14143474   
    905000   461.6523       1283.7476      1745.3999      69.628286      287.30536      0.14205314   
    906000   459.91598      1314.3575      1774.2735      119.59734      294.15592      0.14372438   
    907000   506.87848      1327.1619      1834.0404      106.79891      297.02156      0.14333071   
    908000   506.90641      1357.2572      1864.1636      141.65244      303.75694      0.1417878    
    909000   489.81248      1401.4135      1891.226       160.33538      313.63921      0.14006614   
    910000   498.04985      1402.1253      1900.1752      173.78709      313.79852      0.13946758   
    911000   490.71492      1371.8122      1862.5271      185.12932      307.01439      0.13931909   
    912000   515.4082       1355.0438      1870.452       167.86047      303.26158      0.13643018   
    913000   494.67056      1376.7462      1871.4168      149.75671      308.11863      0.13157761   
    914000   508.44571      1351.4468      1859.8925      99.727524      302.45657      0.1304362    
    915000   527.47003      1327.5882      1855.0582      105.03565      297.11696      0.13463895   
    916000   502.00103      1305.831       1807.832       90.552826      292.24765      0.13975309   
    917000   481.6833       1327.6762      1809.3595      97.368606      297.13666      0.14286446   
    918000   482.49207      1313.3909      1795.883       110.98907      293.93959      0.14323668   
    919000   490.01036      1307.7596      1797.7699      148.42433      292.67927      0.14282824   
    920000   486.11538      1332.6562      1818.7715      136.47618      298.25119      0.14150868   
    921000   492.86695      1296.6698      1789.5368      103.87175      290.19736      0.14048599   
    922000   483.71891      1329.5131      1813.232       81.480815      297.54777      0.13878763   
    923000   472.11443      1379.5717      1851.6861      70.970561      308.75098      0.13781866   
    924000   492.63283      1368.4582      1861.091       134.09768      306.26374      0.14026746   
    925000   511.4638       1313.9317      1825.3955      164.04921      294.06061      0.14447213   
    926000   482.55805      1332.8993      1815.4573      184.39362      298.30559      0.1486197    
    927000   456.08123      1338.4433      1794.5245      165.67399      299.54635      0.14878889   
    928000   485.34193      1334.7684      1820.1104      105.09704      298.72392      0.14615165   
    929000   486.45916      1300.7607      1787.2199      81.939053      291.11291      0.1411021    
    930000   515.59896      1344.7303      1860.3293      85.657803      300.9534       0.13789553   
    931000   503.80777      1356.9911      1860.7989      94.987582      303.6974       0.13665933   
    932000   516.10318      1350.5333      1866.6365      100.48422      302.25212      0.13655398   
    933000   487.44374      1377.2254      1864.6692      112.57164      308.22588      0.13647158   
    934000   505.94273      1375.794       1881.7367      156.6089       307.90552      0.13719398   
    935000   521.7971       1359.5489      1881.346       191.34733      304.26984      0.13651999   
    936000   507.92896      1307.6091      1815.5381      158.63422      292.6456       0.13515503   
    937000   491.07535      1354.502       1845.5773      148.57327      303.14032      0.1364509    
    938000   489.37245      1334.2973      1823.6697      156.3242       298.61847      0.140206     
    939000   495.30875      1298.6929      1794.0017      149.73163      290.65014      0.1425428    
    940000   494.03765      1338.1033      1832.1409      171.9583       299.47026      0.14333809   
    941000   491.39026      1317.8283      1809.2185      190.44855      294.93267      0.14327867   
    942000   496.20354      1302.4921      1798.6956      168.2998       291.5004       0.14366544   
    943000   478.76933      1345.0289      1823.7982      171.10218      301.02022      0.14213677   
    944000   492.98459      1312.3261      1805.3106      106.65449      293.70126      0.13884913   
    945000   508.66795      1276.9464      1785.6144      53.649888      285.78324      0.13687034   
    946000   523.32275      1265.9503      1789.2731      89.829703      283.32228      0.13632929   
    947000   493.54914      1299.405       1792.9541      91.936161      290.80951      0.13416276   
    948000   506.47139      1342.8796      1849.351       84.900089      300.53921      0.12949828   
    949000   516.6988       1369.976       1886.6748      60.126168      306.60344      0.12646263   
    950000   482.14937      1389.8878      1872.0372      69.573613      311.05975      0.12754676   
    951000   523.56282      1353.2847      1876.8475      111.0551       302.86788      0.1334166    
    952000   506.34963      1340.6682      1847.0178      116.28357      300.04429      0.13723565   
    953000   517.97252      1361.9149      1879.8874      120.98631      304.79936      0.13793807   
    954000   479.48018      1356.2166      1835.6967      123.44933      303.52405      0.13676165   
    955000   504.54456      1373.7416      1878.2862      105.75285      307.4462       0.13626122   
    956000   530.80483      1347.2106      1878.0154      82.07988       301.5085       0.1351185    
    957000   543.12488      1332.7354      1875.8603      53.973573      298.26892      0.13380201   
    958000   508.05167      1397.0082      1905.0599      90.513076      312.65331      0.13372748   
    959000   495.04129      1355.8318      1850.8731      117.55757      303.43794      0.13461167   
    960000   526.70773      1325.3335      1852.0412      134.68768      296.61235      0.13660466   
    961000   497.39972      1325.6917      1823.0914      145.23932      296.69252      0.13763432   
    962000   484.57322      1329.6075      1814.1807      131.3438       297.56888      0.13757481   
    963000   500.55849      1295.6564      1796.2148      78.579153      289.97055      0.1361052    
    964000   516.50083      1325.7562      1842.257       45.530103      296.70695      0.13215369   
    965000   501.59593      1349.7516      1851.3475      88.797335      302.07718      0.12747913   
    966000   517.82041      1343.3909      1861.2113      108.87515      300.65364      0.12365637   
    967000   551.2174       1362.3179      1913.5353      125.17521      304.88954      0.12307781   
    968000   537.14276      1401.0274      1938.1702      189.30422      313.55281      0.12849741   
    969000   524.11967      1361.0675      1885.1872      186.06697      304.6097       0.13544429   
    970000   516.41523      1344.7442      1861.1595      196.31441      300.95652      0.13789215   
    971000   474.94292      1337.4961      1812.4391      147.00429      299.33438      0.13661078   
    972000   513.82564      1283.2849      1797.1106      100.72088      287.2018       0.13499192   
    973000   493.45235      1319.8181      1813.2705      63.002225      295.37801      0.13383729   
    974000   491.94949      1338.3864      1830.3359      49.928134      299.53362      0.13449249   
    975000   465.59109      1336.8651      1802.4561      96.94822       299.19314      0.13753761   
    976000   494.74459      1315.5438      1810.2884      148.49141      294.42141      0.14372861   
    977000   485.02081      1342.1157      1827.1365      196.96389      300.36824      0.14818642   
    978000   482.66644      1353.3561      1836.0225      221.77742      302.88387      0.14694476   
    979000   476.29832      1388.4486      1864.7469      185.09204      310.73764      0.14280488   
    980000   496.25999      1348.6975      1844.9575      157.5619       301.84127      0.14022802   
    981000   473.53448      1350.5273      1824.0618      130.54998      302.25078      0.13757036   
    982000   480.39096      1352.5468      1832.9377      118.97251      302.70274      0.13597147   
    983000   524.6299       1375.8821      1900.512       172.76561      307.92524      0.13539379   
    984000   509.05964      1353.4748      1862.5345      157.22411      302.91045      0.13324322   
    985000   534.32         1331.0605      1865.3805      126.14707      297.89408      0.13420407   
    986000   507.29157      1349.0535      1856.3451      102.18404      301.92095      0.13945054   
    987000   514.22725      1371.7938      1886.0211      67.083081      307.01027      0.14479983   
    988000   520.22625      1349.0035      1869.2298      68.826399      301.90975      0.14604254   
    989000   502.55971      1364.1977      1866.7574      79.799539      305.31025      0.143062     
    990000   504.0038       1367.4559      1871.4596      137.10846      306.03943      0.13998952   
    991000   523.82951      1331.1585      1854.9881      149.09045      297.91601      0.13825149   
    992000   507.93207      1317.2993      1825.2313      170.47141      294.81428      0.13752139   
    993000   487.45651      1333.4203      1820.8768      163.7565       298.4222       0.13575618   
    994000   491.44464      1355.8559      1847.3006      139.86152      303.44334      0.13485624   
    995000   516.21251      1309.1123      1825.3248      80.642872      292.98203      0.13434112   
    996000   509.09341      1319.0089      1828.1023      74.833081      295.19691      0.13383318   
    997000   495.30121      1323.8377      1819.1389      50.671259      296.27759      0.13089874   
    998000   493.35326      1345.8591      1839.2124      50.979392      301.20603      0.12637487   
    999000   508.92378      1329.4411      1838.3649      56.463417      297.53165      0.12365774   
   1000000   496.65633      1299.6623      1796.3186      69.861083      290.86708      0.12368198   
   1001000   498.68236      1315.4912      1814.1735      104.7704       294.40962      0.12862307   
   1002000   491.07753      1332.7704      1823.8479      109.00524      298.27675      0.13470675   
   1003000   512.12694      1325.3864      1837.5134      98.475468      296.62421      0.13951601   
   1004000   498.61696      1321.52        1820.1369      75.179443      295.75888      0.14268991   
   1005000   492.35991      1328.5065      1820.8665      59.526594      297.32249      0.14529176   
   1006000   497.62325      1305.1279      1802.7511      61.313543      292.0903       0.14691302   
   1007000   485.96173      1366.1373      1852.0991      118.47769      305.74434      0.14842039   
   1008000   472.5251       1390.6959      1863.221       155.18517      311.2406       0.1469845    
   1009000   513.98259      1323.7119      1837.6945      115.08974      296.24944      0.14002276   
   1010000   521.06059      1303.9014      1824.962       114.33323      291.81581      0.13491696   
   1011000   487.58368      1292.8165      1780.4002      92.388907      289.33499      0.13351503   
   1012000   510.64569      1299.858       1810.5037      98.707168      290.9109       0.13416271   
   1013000   519.57417      1326.166       1845.7402      115.45337      296.79867      0.13527023   
   1014000   481.61716      1360.4012      1842.0183      165.31459      304.46057      0.13778385   
   1015000   490.5041       1354.0378      1844.5419      184.0076       303.03645      0.14032211   
   1016000   478.30479      1304.2209      1782.5257      217.92106      291.88731      0.1431113    
   1017000   488.24141      1331.478       1819.7194      251.49018      297.98751      0.14476905   
   1018000   502.9926       1337.4919      1840.4845      203.52468      299.33343      0.13950174   
   1019000   497.19428      1325.1067      1822.301       139.77869      296.5616       0.13462163   
   1020000   492.81039      1321.3784      1814.1888      65.762943      295.7272       0.13306282   
   1021000   483.66598      1248.4023      1732.0683      26.948844      279.395        0.13283297   
   1022000   503.16696      1302.4696      1805.6366      44.383846      291.49538      0.13353716   
   1023000   485.30063      1336.5655      1821.8661      130.26926      299.1261       0.13418858   
   1024000   518.28889      1326.2674      1844.5563      190.21117      296.82137      0.13477548   
   1025000   501.37464      1319.2767      1820.6513      210.12164      295.25683      0.13656097   
   1026000   497.68606      1340.8761      1838.5621      189.18357      300.09082      0.13686406   
   1027000   508.81469      1324.4282      1833.2429      120.71018      296.40975      0.13597428   
   1028000   510.13097      1316.0724      1826.2034      32.565104      294.5397       0.13331253   
   1029000   500.07461      1306.4063      1806.4809      18.387082      292.37642      0.13217047   
   1030000   494.7041       1336.3062      1831.0103      36.981367      299.06807      0.13352898   
   1031000   512.56065      1347.5592      1860.1198      66.31532       301.58651      0.13804791   
   1032000   513.53157      1336.4912      1850.0227      108.09144      299.10947      0.14114867   
   1033000   503.17029      1346.4254      1849.5957      130.2406       301.33278      0.14134694   
   1034000   512.8736       1346.9427      1859.8163      118.39673      301.44855      0.13964595   
   1035000   522.12892      1334.7029      1856.8319      102.56466      298.70925      0.13391019   
   1036000   533.77169      1372.1734      1905.9451      102.46189      307.09523      0.12733268   
   1037000   547.76978      1342.0672      1889.837       90.654972      300.3574       0.12706095   
   1038000   520.97953      1338.099       1859.0785      108.00776      299.4693       0.13068738   
   1039000   524.07332      1361.0427      1885.116       125.22267      304.60415      0.13366449   
   1040000   533.13602      1359.1541      1892.2901      85.236917      304.18148      0.13506391   
   1041000   540.94555      1341.2754      1882.221       65.699053      300.18019      0.1346342    
   1042000   491.98916      1373.8113      1865.8004      94.822855      307.46178      0.13378756   
   1043000   508.63667      1357.9575      1866.5942      134.13705      303.91368      0.13318833   
   1044000   524.68479      1324.2458      1848.9306      136.7954       296.36892      0.13256051   
   1045000   512.3398       1336.2312      1848.571       147.43632      299.05129      0.13358876   
   1046000   511.39802      1327.1813      1838.5793      128.02599      297.02589      0.13717857   
   1047000   517.87441      1317.7518      1835.6262      61.053633      294.91556      0.13998338   
   1048000   505.1604       1276.0783      1781.2387      30.566688      285.58894      0.14107258   
   1049000   481.11969      1296.5932      1777.7128      45.593333      290.18021      0.14079991   
   1050000   513.58051      1306.6814      1820.2619      115.98412      292.43797      0.13840193   
   1051000   513.37309      1288.1494      1801.5225      108.35555      288.29047      0.13243289   
   1052000   524.58449      1336.8827      1861.4672      139.22123      299.19709      0.12889606   
   1053000   519.25625      1340.9132      1860.1695      142.19277      300.09914      0.128439     
   1054000   502.77475      1333.6382      1836.413       134.28685      298.47097      0.13084358   
   1055000   517.48663      1356.9554      1874.442       119.97156      303.68939      0.13381719   
   1056000   507.32189      1339.9141      1847.2359      82.800677      299.87552      0.13503306   
   1057000   497.24996      1354.1041      1851.3541      34.889911      303.05129      0.1370766    
   1058000   530.51928      1352.7128      1883.2321      57.409014      302.73991      0.13965785   
   1059000   522.54203      1338.4669      1861.0089      123.42851      299.55164      0.14078563   
   1060000   514.59805      1356.106       1870.704       89.38175       303.4993       0.13872816   
   1061000   504.29847      1362.2491      1866.5476      105.25636      304.87415      0.13608273   
   1062000   523.11156      1334.8408      1857.9524      124.29907      298.74012      0.13369491   
   1063000   512.19112      1350.304       1862.4951      163.94971      302.20081      0.13349215   
   1064000   510.02992      1361.3772      1871.4072      162.45375      304.67902      0.1362445    
   1065000   496.68232      1334.1952      1830.8776      175.01813      298.59563      0.14279689   
   1066000   498.30809      1338.5445      1836.8525      139.93182      299.569        0.14692832   
   1067000   498.45242      1330.7522      1829.2046      106.66496      297.82507      0.14574748   
   1068000   500.81293      1326.9541      1827.7671      60.939962      296.97506      0.14102606   
   1069000   513.47072      1318.9968      1832.4675      69.958019      295.19419      0.13794795   
   1070000   508.1058       1350.9182      1859.024       129.01314      302.33826      0.136866     
   1071000   496.34813      1355.7902      1852.1383      169.8595       303.42862      0.13705678   
   1072000   528.86731      1346.8223      1875.6896      142.43959      301.4216       0.13740572   
   1073000   505.47282      1374.5772      1880.0501      130.78992      307.63321      0.13685171   
   1074000   476.49922      1379.2393      1855.7385      106.90081      308.67658      0.13294833   
   1075000   496.57109      1360.2544      1856.8255      69.456523      304.42773      0.12893716   
   1076000   514.8768       1351.8027      1866.6795      59.854705      302.53621      0.12763877   
   1077000   517.73213      1327.0942      1844.8264      99.214097      297.00642      0.12949832   
   1078000   488.82701      1310.9362      1799.7632      118.42158      293.39021      0.13576299   
   1079000   480.1649       1280.8712      1761.0361      128.24504      286.6616       0.14063112   
   1080000   483.55214      1293.3304      1776.8826      101.29384      289.45         0.14246193   
   1081000   512.09606      1326.8628      1838.9588      61.695607      296.95461      0.14385004   
   1082000   505.25098      1329.4684      1834.7194      57.019161      297.53776      0.14330347   
   1083000   494.6144       1342.2512      1836.8656      75.267187      300.39857      0.13938964   
   1084000   503.9503       1343.6516      1847.6019      111.11223      300.71199      0.13506374   
   1085000   509.35771      1352.189       1861.5467      149.91782      302.62268      0.1331399    
   1086000   551.72938      1359.884       1911.6134      156.66643      304.34483      0.13344447   
   1087000   531.15771      1349.9429      1881.1006      179.51133      302.11999      0.13526009   
   1088000   521.10965      1388.9455      1910.0552      170.89446      310.84886      0.13762914   
   1089000   485.77985      1371.2323      1857.0122      149.80758      306.88461      0.13916293   
   1090000   494.33096      1346.0388      1840.3698      109.76363      301.24624      0.13900623   
   1091000   495.84926      1366.7422      1862.5915      61.000345      305.87971      0.1389757    
   1092000   525.21267      1340.3095      1865.5222      61.755642      299.96402      0.14161366   
   1093000   515.60484      1341.6295      1857.2344      66.287219      300.25944      0.14359041   
   1094000   471.83167      1329.3372      1801.1689      88.976424      297.5084       0.14638115   
   1095000   481.6167       1335.8918      1817.5085      132.04976      298.97532      0.15300471   
   1096000   499.55457      1306.9877      1806.5422      158.78997      292.50652      0.15564738   
   1097000   497.58037      1327.0745      1824.6548      152.86413      297.00199      0.1505166    
   1098000   492.10606      1337.0615      1829.1676      212.50463      299.23712      0.14361375   
   1099000   518.66325      1330.048       1848.7113      182.34481      297.66748      0.14050991   
   1100000   499.69728      1363.752       1863.4493      179.00849      305.21049      0.1392983    
   1101000   483.23211      1369.8398      1853.0719      166.68194      306.57296      0.14007407   
   1102000   476.302        1333.2826      1809.5846      125.42302      298.39139      0.14157509   
   1103000   507.93395      1335.8129      1843.7469      93.964571      298.95768      0.14408956   
   1104000   490.88114      1357.2549      1848.1361      112.23951      303.75644      0.14622654   
   1105000   472.97487      1351.4682      1824.4431      113.74932      302.46136      0.14822385   
   1106000   479.82873      1336.0242      1815.8529      114.34104      299.00496      0.14754586   
   1107000   474.0266       1320.5348      1794.5614      121.46151      295.5384       0.14326035   
   1108000   498.59189      1296.0414      1794.6333      102.29547      290.05673      0.13948085   
   1109000   498.85047      1382.563       1881.4134      98.868801      309.42043      0.13777026   
   1110000   515.25378      1360.709       1875.9628      113.27678      304.52947      0.13864229   
   1111000   516.07134      1353.1507      1869.222       122.65052      302.8379       0.13935731   
   1112000   489.99294      1369.3421      1859.335       156.87851      306.46157      0.14158847   
   1113000   507.88413      1420.07        1927.9541      232.94912      317.81458      0.14610336   
   1114000   502.16284      1360.3675      1862.5303      246.28634      304.45303      0.14914076   
   1115000   484.46802      1363.2023      1847.6703      210.5637       305.08747      0.14889994   
   1116000   507.92965      1386.1067      1894.0363      182.92973      310.21352      0.14538756   
   1117000   490.10002      1360.8674      1850.9674      130.82316      304.56491      0.14018682   
   1118000   519.30187      1394.7258      1914.0277      128.70321      312.1425       0.13673864   
   1119000   499.94096      1364.2658      1864.2068      81.607222      305.32548      0.13387212   
   1120000   530.34076      1334.953       1865.2938      77.296219      298.76523      0.13471811   
   1121000   509.92913      1324.063       1833.9921      91.215423      296.32801      0.1386551    
   1122000   479.37845      1334.3673      1813.7457      74.185365      298.63414      0.14225526   
   1123000   472.0011       1301.84        1773.8411      65.113206      291.35447      0.14329238   
   1124000   482.03103      1314.4538      1796.4849      94.611869      294.17746      0.14305199   
   1125000   516.55318      1292.2812      1808.8344      109.77007      289.21518      0.13975134   
   1126000   508.19315      1334.7244      1842.9176      109.3069       298.71406      0.13572632   
   1127000   515.30521      1304.7458      1820.051       129.52199      292.00479      0.13371945   
   1128000   511.93937      1341.3504      1853.2898      133.10442      300.19698      0.13262485   
   1129000   476.87331      1375.8279      1852.7012      130.17707      307.9131       0.13574517   
   1130000   506.77825      1303.3318      1810.11        148.74317      291.68832      0.14161876   
   1131000   492.63237      1336.3369      1828.9693      97.568749      299.07494      0.14390923   
   1132000   491.36357      1322.5863      1813.9499      104.3393       295.99754      0.14316268   
   1133000   480.27025      1335.5495      1815.8197      79.991409      298.89872      0.13820846   
   1134000   493.6624       1349.7673      1843.4297      119.06037      302.0807       0.13387756   
   1135000   499.06899      1341.0766      1840.1456      173.50246      300.1357       0.13196822   
   1136000   499.90319      1292.5603      1792.4635      145.41014      289.27765      0.13086584   
   1137000   517.9654       1316.0283      1833.9937      135.81973      294.52984      0.13349161   
   1138000   529.61564      1313.3571      1842.9727      91.948149      293.93201      0.13781706   
   1139000   461.8195       1350.9846      1812.8041      73.998054      302.35314      0.13980117   
   1140000   483.45982      1319.0945      1802.5543      73.065685      295.21606      0.1399111    
   1141000   514.23162      1330.3775      1844.6091      108.8106       297.74121      0.13897778   
   1142000   502.97767      1313.166       1816.1436      150.24703      293.88924      0.13911525   
   1143000   504.34759      1337.7867      1842.1343      200.55017      299.3994       0.14024338   
   1144000   493.16492      1373.9023      1867.0672      170.30536      307.48215      0.14096434   
   1145000   509.79111      1351.3091      1861.1002      153.64068      302.42575      0.144422     
   1146000   501.80646      1350.9506      1852.7571      122.81759      302.34552      0.14809682   
   1147000   463.29657      1310.5097      1773.8062      72.162613      293.29475      0.14955353   
   1148000   486.75311      1337.5423      1824.2954      63.443416      299.3447       0.15047609   
   1149000   510.56206      1359.0163      1869.5784      55.865604      304.15065      0.14849921   
   1150000   501.86492      1362.5179      1864.3828      45.912571      304.93431      0.14277659   
   1151000   493.81658      1362.0209      1855.8375      63.077295      304.82308      0.13797996   
   1152000   486.07302      1369.911       1855.9841      58.968115      306.5889       0.13591513   
   1153000   521.50959      1349.1823      1870.6919      54.56962       301.94977      0.13356431   
   1154000   498.24549      1306.2798      1804.5253      70.911412      292.3481       0.13065893   
   1155000   510.6195       1326.902       1837.5215      123.24966      296.96339      0.13345932   
   1156000   495.40737      1351.9371      1847.3444      204.76894      302.56629      0.139683     
   1157000   494.01114      1351.2932      1845.3043      219.7856       302.42219      0.14164468   
   1158000   520.52199      1297.5897      1818.1116      164.99256      290.40323      0.14241401   
   1159000   491.07597      1323.9782      1815.0542      129.6978       296.30904      0.14445567   
   1160000   466.24283      1313.656       1779.8988      67.453982      293.9989       0.14511836   
   1161000   498.41244      1321.4489      1819.8613      77.931149      295.74298      0.14324934   
   1162000   500.26969      1350.1103      1850.38        136.38855      302.15746      0.13917555   
   1163000   508.17826      1346.7101      1854.8883      174.58846      301.39648      0.13408444   
   1164000   492.81084      1298.7292      1791.54        239.0797       290.65826      0.13333422   
   1165000   516.59521      1311.7894      1828.3846      212.88373      293.58116      0.13579258   
   1166000   522.2876       1288.6122      1810.8998      97.275704      288.39405      0.14028683   
   1167000   490.67317      1325.9024      1816.5755      49.953792      296.73967      0.14519956   
   1168000   508.78121      1310.8175      1819.5987      13.320512      293.36364      0.14696149   
   1169000   468.58198      1316.5066      1785.0886     -17.064758      294.63688      0.1450998    
   1170000   507.04076      1327.183       1834.2237      35.694793      297.02627      0.14211913   
   1171000   507.48942      1335.7831      1843.2725      137.22633      298.95101      0.1386248    
   1172000   505.14707      1351.8669      1857.0139      202.87191      302.55058      0.13649397   
   1173000   482.46567      1341.798       1824.2636      237.44329      300.29714      0.13650064   
   1174000   476.75206      1348.1619      1824.914       265.26435      301.7214       0.13845708   
   1175000   511.12544      1380.894       1892.0194      211.14671      309.04691      0.14087132   
   1176000   494.58655      1351.8776      1846.4642      133.66768      302.55298      0.14199279   
   1177000   503.70812      1355.8289      1859.537       57.733703      303.43729      0.14099282   
   1178000   484.66335      1360.5205      1845.1839      91.955657      304.48729      0.14070723   
   1179000   493.83377      1386.4991      1880.3329      105.89644      310.30134      0.1389074    
   1180000   504.1373       1336.917       1841.0543      108.81578      299.20477      0.13618027   
   1181000   497.6561       1317.5577      1815.2138      121.39492      294.87212      0.13527053   
   1182000   480.28596      1348.3213      1828.6073      133.78348      301.75707      0.13734628   
   1183000   491.09332      1299.8705      1790.9638      102.97419      290.91368      0.14092464   
   1184000   501.34951      1324.131       1825.4805      34.702101      296.34322      0.14263309   
   1185000   485.62582      1317.4826      1803.1084     -2.9812319      294.85531      0.14276643   
   1186000   501.30934      1329.9461      1831.2555      9.6865891      297.64467      0.14030569   
   1187000   509.06326      1299.1422      1808.2055      27.998654      290.75069      0.13480808   
   1188000   501.93759      1329.4843      1831.4219      121.59195      297.54131      0.13203481   
   1189000   469.20833      1358.2657      1827.4741      222.25514      303.98266      0.1317127    
   1190000   489.67185      1334.1578      1823.8297      310.69865      298.58726      0.13423678   
   1191000   460.0424       1362.1885      1822.2309      337.82715      304.86059      0.13957078   
   1192000   499.91123      1341.1007      1841.0119      255.19215      300.14108      0.14468215   
   1193000   501.436        1350.2759      1851.7119      184.02207      302.19451      0.14491867   
   1194000   500.78637      1371.7384      1872.5247      68.415895      306.99786      0.14325347   
   1195000   509.68675      1360.0382      1869.7249      46.195399      304.37933      0.14013206   
   1196000   521.02901      1382.0356      1903.0646      30.744255      309.30241      0.13646637   
   1197000   532.09102      1340.4288      1872.5198      24.080208      299.99072      0.1349598    
   1198000   504.90595      1338.7704      1843.6764      65.182777      299.61956      0.13531757   
   1199000   504.05487      1339.9025      1843.9573      114.44814      299.87292      0.13709533   
   1200000   492.99865      1337.1693      1830.1679      149.43888      299.26123      0.13956397   
   1201000   492.1357       1320.2061      1812.3418      145.88471      295.46483      0.14245912   
   1202000   471.95042      1301.9056      1773.856       114.60435      291.36915      0.14282873   
   1203000   505.30868      1328.1357      1833.4444      69.146633      297.23949      0.13783893   
   1204000   494.65239      1357.7117      1852.3641      91.453311      303.85866      0.13141475   
   1205000   515.8183       1341.2889      1857.1072      54.120817      300.18321      0.13002042   
   1206000   491.75928      1395.6491      1887.4084      98.081413      312.34914      0.13273818   
   1207000   515.531        1365.5087      1881.0397      83.251342      305.60366      0.13478907   
   1208000   497.73877      1383.9494      1881.6882      124.49956      309.73072      0.13560043   
   1209000   490.66586      1365.1642      1855.8301      140.08961      305.52655      0.13516421   
   1210000   491.45354      1374.6642      1866.1177      195.78699      307.65266      0.13581049   
   1211000   532.32094      1348.6045      1880.9254      188.59283      301.82045      0.13362853   
   1212000   505.71006      1355.9784      1861.6885      169.3372       303.47075      0.12873996   
   1213000   526.59758      1347.6321      1874.2297      137.79091      301.60283      0.12520407   
   1214000   523.50711      1376.8803      1900.3874      73.770589      308.14863      0.12428346   
   1215000   515.24988      1352.2648      1867.5146      11.129445      302.63963      0.1276825    
   1216000   526.16956      1334.1606      1860.3302     -32.527726      298.58788      0.13713195   
   1217000   499.55613      1335.1973      1834.7535      11.14438       298.8199       0.1400226    
   1218000   519.68866      1326.6921      1846.3807      34.447289      296.91641      0.13865916   
   1219000   481.22488      1345.4973      1826.7222      98.088391      301.12505      0.13654038   
   1220000   467.59075      1309.2587      1776.8495      128.69144      293.01478      0.1347129    
   1221000   489.39406      1325.4812      1814.8753      161.60354      296.64541      0.13375663   
   1222000   495.19312      1324.8425      1820.0356      190.31722      296.50246      0.13576707   
   1223000   505.39268      1315.9377      1821.3304      176.86566      294.50956      0.14134818   
   1224000   459.35868      1344.2194      1803.5781      130.96627      300.83906      0.14638478   
   1225000   502.08074      1324.6612      1826.742       64.061635      296.4619       0.14591554   
   1226000   483.92302      1315.8774      1799.8005      24.252415      294.49607      0.14179871   
   1227000   496.64779      1297.8818      1794.5296      19.555146      290.46861      0.13761077   
   1228000   499.98723      1342.3381      1842.3253      63.006509      300.41801      0.13675048   
   1229000   515.87718      1331.6631      1847.5403      128.50588      298.02894      0.13654525   
   1230000   496.754        1317.6325      1814.3865      209.8137       294.88887      0.13616102   
   1231000   499.05041      1318.4552      1817.5057      259.89689      295.07299      0.13644629   
   1232000   491.68245      1338.7868      1830.4693      195.06733      299.62324      0.13582936   
   1233000   505.82083      1309.642       1815.4629      83.975083      293.10058      0.13469057   
   1234000   513.89533      1319.9167      1833.812      -7.3185008      295.40007      0.13597084   
   1235000   507.00943      1328.1986      1835.208      -31.26984       297.25357      0.139985     
   1236000   526.77714      1327.714       1854.4911      15.72742       297.14511      0.14365441   
   1237000   507.56122      1364.6242      1872.1854      88.767868      305.4057       0.14531649   
   1238000   520.69607      1365.0996      1885.7957      183.12936      305.5121       0.14374806   
   1239000   487.14343      1383.9389      1871.0824      238.28548      309.72837      0.13889002   
   1240000   494.09772      1341.0184      1835.1161      187.58388      300.12267      0.13322491   
   1241000   510.83353      1319.1766      1830.0102      151.47077      295.23444      0.13207335   
   1242000   513.13921      1328.0674      1841.2066      113.32612      297.22421      0.13399289   
   1243000   469.73488      1319.968       1789.7029      85.652467      295.41155      0.13756264   
   1244000   485.78726      1336.4086      1822.1959      89.309223      299.09099      0.14285052   
   1245000   493.23302      1302.9364      1796.1694      103.23549      291.59985      0.14565646   
   1246000   455.56766      1297.8013      1753.3689      96.506759      290.45059      0.14412103   
   1247000   504.73206      1282.2719      1787.004       111.44788      286.97509      0.14092556   
   1248000   504.4232       1325.9769      1830.4001      145.9561       296.75635      0.13944237   
   1249000   487.94401      1349.7099      1837.6539      176.89681      302.06785      0.14034619   
   1250000   491.90634      1368.4423      1860.3486      144.69836      306.26018      0.1442154    
   1251000   473.66736      1328.673       1802.3403      159.55099      297.35974      0.15116952   
   1252000   471.90781      1312.2434      1784.1512      186.44954      293.68277      0.15485919   
   1253000   454.05983      1297.499       1751.5588      173.31899      290.38293      0.15316075   
   1254000   479.49615      1350.8265      1830.3226      149.33506      302.31774      0.15101185   
   1255000   489.07137      1326.58        1815.6514      130.59464      296.89133      0.14927946   
   1256000   476.11456      1340.4121      1816.5267      102.7639       299.98699      0.1462898    
   1257000   507.76101      1296.5         1804.261       71.932702      290.15937      0.1422505    
   1258000   518.85921      1322.8769      1841.7361      103.06665      296.06256      0.14004807   
   1259000   526.53802      1310.7337      1837.2717      146.09795      293.3449       0.13913602   
   1260000   497.81776      1336.4145      1834.2322      156.11845      299.0923       0.13833268   
   1261000   517.14445      1327.601       1844.7455      135.02495      297.11983      0.13747795   
   1262000   503.14092      1372.6883      1875.8292      85.785576      307.21046      0.13516406   
   1263000   506.74982      1355.3653      1862.1151      40.903652      303.33353      0.13206857   
   1264000   519.71278      1369.1829      1888.8956      66.791854      306.42594      0.13143532   
   1265000   530.48254      1345.9722      1876.4548      173.06736      301.23134      0.13395538   
   1266000   473.90871      1341.5688      1815.4775      241.58424      300.24585      0.13760993   
   1267000   488.25251      1340.4434      1828.6959      275.27614      299.99398      0.1414635    
   1268000   482.71785      1357.4976      1840.2155      237.44988      303.81075      0.14255365   
   1269000   507.98596      1351.1211      1859.1071      134.22911      302.38368      0.1411696    
   1270000   501.36124      1359.8745      1861.2358      83.445679      304.34271      0.13840312   
   1271000   507.45448      1395.45        1902.9044      79.443144      312.30457      0.1343164    
   1272000   529.71036      1348.2581      1877.9684      80.85069       301.74292      0.12882181   
   1273000   511.2885       1356.3455      1867.634       144.69575      303.55291      0.12761365   
   1274000   508.54415      1376.3375      1884.8817      178.69765      308.02716      0.12915406   
   1275000   539.70339      1345.114       1884.8174      190.50287      301.03928      0.13055085   
   1276000   521.68559      1392.7175      1914.4031      169.83308      311.69305      0.13191423   
   1277000   498.37047      1372.4769      1870.8474      116.67379      307.16315      0.13329891   
   1278000   493.41255      1356.3635      1849.7761      53.973722      303.55694      0.13642882   
   1279000   522.55091      1351.5664      1874.1173      40.248744      302.48333      0.14085436   
   1280000   481.15911      1403.1343      1884.2934      121.35433      314.02434      0.14379943   
   1281000   517.99775      1412.7056      1930.7034      116.1532       316.16642      0.14374606   
   1282000   513.29357      1330.1088      1843.4023      146.18599      297.68107      0.14173269   
   1283000   487.93101      1344.6678      1832.5988      148.24448      300.93941      0.1377034    
   1284000   509.70301      1339.5851      1849.2881      74.45857       299.80188      0.13398282   
   1285000   525.25188      1327.2992      1852.551       50.61369       297.05228      0.13339226   
   1286000   492.70415      1331.8749      1824.5791      43.470828      298.07634      0.13297056   
   1287000   496.10079      1283.3234      1779.4242      82.274319      287.21041      0.13386432   
   1288000   513.1576       1299.3269      1812.4845      100.62405      290.79202      0.13503054   
   1289000   491.53501      1343.0866      1834.6216      133.84322      300.58553      0.13743482   
   1290000   492.06983      1335.4533      1827.5231      130.24442      298.87719      0.13940234   
   1291000   491.18453      1311.574       1802.7585      119.52944      293.53296      0.13933467   
   1292000   504.40138      1335.9901      1840.3915      107.07166      298.99732      0.13634109   
   1293000   533.54082      1327.9411      1861.482       84.621344      297.19595      0.13117235   
   1294000   518.70239      1346.0058      1864.7082      94.282303      301.23886      0.12744581   
   1295000   503.60812      1341.1596      1844.7677      89.51365       300.15427      0.12703686   
   1296000   502.10257      1353.4132      1855.5158      126.28378      302.89666      0.129949     
   1297000   498.05496      1386.9369      1884.9919      195.29203      310.39932      0.13280533   
   1298000   490.82029      1363.9267      1854.747       203.13351      305.24959      0.13436815   
   1299000   511.76844      1362.1962      1873.9647      184.81882      304.86231      0.13492433   
   1300000   510.83161      1358.4751      1869.3067      137.45873      304.02951      0.1336944    
   1301000   534.06204      1358.5256      1892.5876      26.300772      304.04081      0.13121162   
   1302000   535.8206       1409.2496      1945.0702      12.565301      315.39296      0.12989424   
   1303000   506.47306      1402.5926      1909.0657      47.799698      313.9031       0.12702418   
   1304000   545.60526      1345.9703      1891.5755      106.46777      301.23091      0.12391937   
   1305000   545.37058      1334.9042      1880.2748      133.88235      298.7543       0.12318672   
   1306000   536.04084      1366.7165      1902.7573      174.30128      305.87395      0.12679685   
   1307000   517.86701      1376.8056      1894.6726      198.22997      308.13192      0.13105784   
   1308000   519.90353      1355.4468      1875.3504      161.51777      303.35179      0.13132593   
   1309000   524.69743      1356.1054      1880.8028      124.23805      303.49917      0.13109709   
   1310000   535.0318       1339.8781      1874.9099      85.537293      299.86747      0.13220298   
   1311000   521.96396      1383.8808      1905.8448      115.3223       309.71537      0.13316672   
   1312000   533.7531       1372.0315      1905.7846      146.72915      307.06347      0.13380224   
   1313000   504.52235      1381.6653      1886.1876      190.22861      309.21953      0.13536534   
   1314000   503.73883      1362.533       1866.2718      196.84097      304.93768      0.13719818   
   1315000   521.7237       1341.1155      1862.8392      217.65802      300.1444       0.14003791   
   1316000   490.8814       1391.9465      1882.8279      216.85693      311.52048      0.14080028   
   1317000   485.16942      1381.8794      1867.0488      184.02791      309.26744      0.14075238   
   1318000   516.78151      1363.0708      1879.8523      158.70584      305.05803      0.13948224   
   1319000   504.82033      1368.746       1873.5663      173.19347      306.32815      0.13787356   
   1320000   523.90858      1358.5024      1882.411       114.68099      304.03563      0.13167571   
   1321000   504.02212      1353.4615      1857.4836      82.51892       302.90747      0.12660071   
   1322000   523.46788      1361.2942      1884.7621      105.96225      304.66044      0.12874937   
   1323000   499.39903      1367.5732      1866.9722      62.237953      306.06568      0.13178853   
   1324000   501.70036      1361.2888      1862.9891      57.655243      304.65922      0.13474838   
   1325000   508.85595      1357.5462      1866.4021      54.804632      303.82162      0.136747     
   1326000   499.32208      1308.828       1808.1501      45.34282       292.91839      0.13845299   
   1327000   490.7715       1330.044       1820.8155      69.154173      297.66657      0.14016601   
   1328000   505.63291      1325.8545      1831.4875      139.64995      296.72897      0.14124346   
   1329000   481.81795      1333.7891      1815.6071      184.90066      298.50475      0.14375348   
   1330000   494.38171      1340.5193      1834.901       216.67982      300.01096      0.15002155   
   1331000   467.75248      1359.4566      1827.209       197.87447      304.24917      0.15705365   
   1332000   485.45581      1376.0419      1861.4977      140.10188      307.96101      0.15774981   
   1333000   483.71436      1391.5568      1875.2711      95.356801      311.43326      0.15181116   
   1334000   511.68631      1362.9651      1874.6514      31.665604      305.03439      0.14598475   
   1335000   516.59281      1364.3145      1880.9073      70.629147      305.33639      0.14195941   
   1336000   506.58949      1345.3981      1851.9876      122.82804      301.10286      0.13897591   
   1337000   502.12441      1354.8529      1856.9773      175.78935      303.21885      0.13637903   
   1338000   511.2621       1339.7435      1851.0056      150.49994      299.83736      0.13479167   
   1339000   492.92024      1344.6404      1837.5607      184.43852      300.93329      0.13581997   
   1340000   465.58317      1366.8396      1832.4228      176.54683      305.9015       0.13774641   
   1341000   503.38049      1356.7663      1860.1468      148.54265      303.64708      0.13783927   
   1342000   507.38325      1282.12        1789.5032      136.85029      286.94108      0.13470298   
   1343000   504.35716      1294.4164      1798.7735      142.04821      289.69304      0.13025117   
   1344000   493.92973      1326.2161      1820.1458      119.89759      296.80989      0.12804893   
   1345000   513.82741      1327.1336      1840.961       97.475455      297.01522      0.12921215   
   1346000   478.05517      1293.7554      1771.8105      90.728509      289.54511      0.13422012   
   1347000   513.86118      1302.2893      1816.1505      89.435923      291.45502      0.14078589   
   1348000   476.71612      1363.761       1840.4771      109.95997      305.2125       0.1420975    
   1349000   486.04251      1358.5184      1844.5609      134.82846      304.0392       0.14054477   
   1350000   508.22767      1340.3551      1848.5828      165.7275       299.97423      0.1385906    
   1351000   517.42324      1357.347       1874.7702      128.57899      303.77703      0.1361639    
   1352000   506.30447      1392.6961      1899.0005      127.04855      311.68824      0.1353126    
   1353000   540.637        1391.7474      1932.3844      63.024296      311.47592      0.13222944   
   1354000   514.62756      1373.4273      1888.0549      78.021209      307.37585      0.12898151   
   1355000   529.801        1348.8799      1878.6809      121.57255      301.88208      0.12722113   
   1356000   540.4873       1344.85        1885.3373      136.63387      300.9802       0.12822743   
   1357000   523.9026       1400.8178      1924.7204      188.48008      313.50589      0.13569743   
   1358000   519.8132       1348.0748      1867.888       180.93936      301.70191      0.14019817   
   1359000   492.54404      1366.0972      1858.6412      180.57903      305.73535      0.14229743   
   1360000   491.02567      1357.1442      1848.1699      139.4111       303.73166      0.14114878   
   1361000   518.93266      1379.7419      1898.6746      123.74688      308.78907      0.14085645   
   1362000   502.80654      1359.7796      1862.5861      102.66604      304.32146      0.1396429    
   1363000   501.14275      1358.6874      1859.8302      79.091835      304.07703      0.13942841   
   1364000   529.77771      1321.8651      1851.6428      48.236621      295.83612      0.13678974   
   1365000   506.0937       1331.7527      1837.8464      23.306892      298.04898      0.1326296    
   1366000   487.27588      1320.3477      1807.6235      6.0535656      295.49652      0.1306061    
   1367000   496.06457      1286.1389      1782.2035      0.18946553     287.84052      0.13096231   
   1368000   492.14201      1293.9649      1786.1069      4.7547995      289.592        0.13444931   
   1369000   507.05389      1314.9349      1821.9888      45.51327       294.28513      0.14066873   
   1370000   484.69412      1349.8378      1834.5319      111.97934      302.09648      0.1422337    
   1371000   500.43548      1339.5087      1839.9442      128.24164      299.78479      0.14025058   
   1372000   500.12031      1339.3771      1839.4974      143.34334      299.75535      0.13943497   
   1373000   505.10771      1331.3358      1836.4435      179.74322      297.95569      0.13934797   
   1374000   506.26414      1320.5503      1826.8145      144.31403      295.54187      0.13967242   
   1375000   496.53862      1335.548       1832.0866      115.43737      298.89838      0.13912097   
   1376000   493.89214      1320.9728      1814.8649      88.352773      295.63643      0.138897     
   1377000   497.80901      1346.2428      1844.0518      129.34867      301.2919       0.14126619   
   1378000   517.86692      1311.1133      1828.9802      134.05928      293.42984      0.14412027   
   1379000   491.95093      1334.3493      1826.3002      161.62257      298.6301       0.14610081   
   1380000   477.65291      1365.071       1842.7239      156.62575      305.5057       0.14688936   
   1381000   505.49382      1373.1466      1878.6404      144.83599      307.31302      0.14331025   
   1382000   507.02174      1345.633       1852.6548      112.23512      301.15544      0.13719655   
   1383000   515.02471      1343.6057      1858.6304      87.834825      300.70172      0.13367943   
   1384000   505.8652       1391.43        1897.2951      88.628877      311.40488      0.13258463   
   1385000   521.95832      1369.1311      1891.0895      124.14225      306.41436      0.13357776   
   1386000   528.67877      1348.3346      1877.0134      88.961168      301.76006      0.13397011   
   1387000   519.49455      1338.205       1857.6995      50.317688      299.49302      0.13439809   
   1388000   531.10004      1350.4684      1881.5685      51.705199      302.23761      0.13376619   
   1389000   473.99288      1325.4863      1799.4792      58.272124      296.64655      0.13421136   
   1390000   512.62929      1328.1254      1840.7547      44.854506      297.23719      0.13684011   
   1391000   520.37165      1309.1552      1829.5268      78.955767      292.99161      0.13894352   
   1392000   516.38221      1327.4399      1843.8221      138.42933      297.08378      0.13987191   
   1393000   506.70116      1311.9334      1818.6345      197.31709      293.61338      0.13887803   
   1394000   501.56865      1268.7232      1770.2918      204.48231      283.94285      0.13624077   
   1395000   498.84816      1316.2564      1815.1045      155.53366      294.58088      0.13397289   
   1396000   496.39677      1332.8176      1829.2144      88.603414      298.28732      0.13233767   
   1397000   502.44626      1319.8844      1822.3306      57.51187       295.39283      0.13383127   
   1398000   506.47567      1341.056       1847.5317      47.626191      300.13109      0.13784397   
   1399000   517.9704       1363.1079      1881.0783      73.385469      305.06633      0.14277653   
   1400000   498.8919       1349.9821      1848.874       141.60348      302.12876      0.14650129   
   1401000   506.8039       1354.4797      1861.2836      187.91336      303.13535      0.14727512   
   1402000   505.19609      1345.9012      1851.0973      222.83396      301.21545      0.14469713   
   1403000   487.07886      1338.4051      1825.4839      198.635        299.5378       0.13947056   
   1404000   477.0542       1322.8736      1799.9278      196.12939      296.06183      0.13621361   
   1405000   514.66471      1313.675       1828.3397      109.5984       294.00315      0.13528458   
   1406000   497.15942      1326.3635      1823.5229      83.853057      296.84287      0.13703425   
   1407000   469.16555      1329.2786      1798.4441      90.300591      297.49527      0.1387301    
   1408000   501.69196      1350.9833      1852.6753      98.254018      302.35284      0.13923642   
   1409000   483.14509      1378.3719      1861.517       133.1366       308.48246      0.13771563   
   1410000   506.07831      1367.3415      1873.4198      124.37756      306.01383      0.13705049   
   1411000   533.87445      1345.8494      1879.7238      129.02139      301.20386      0.14060804   
   1412000   499.29971      1357.9337      1857.2334      131.75501      303.90835      0.14759988   
   1413000   485.0174       1376.8078      1861.8252      148.73591      308.13242      0.15006472   
   1414000   471.27621      1396.8753      1868.1515      103.66025      312.62355      0.14841177   
   1415000   511.8708       1380.7828      1892.6536      119.98766      309.02203      0.14646987   
   1416000   517.9445       1349.6569      1867.6014      101.68741      302.05598      0.14449806   
   1417000   485.95361      1355.9815      1841.9351      103.10771      303.47144      0.14297924   
   1418000   498.76878      1357.9123      1856.6811      94.37665       303.90356      0.1421625    
   1419000   508.60834      1368.9754      1877.5837      124.82168      306.3795       0.14236813   
   1420000   498.98075      1383.2426      1882.2233      136.87559      309.57253      0.14113383   
   1421000   527.89933      1383.5321      1911.4314      154.41637      309.63732      0.13969736   
   1422000   507.93604      1305.309       1813.245       158.9893       292.13084      0.13516314   
   1423000   496.69927      1322.0957      1818.795       146.64572      295.88774      0.13185954   
   1424000   492.67182      1352.741       1845.4128      137.60925      302.74621      0.1324001    
   1425000   496.54696      1312.4874      1809.0344      122.82085      293.73738      0.13688571   
   1426000   491.60648      1339.6542      1831.2606      149.66083      299.81735      0.14397875   
   1427000   490.87242      1353.5339      1844.4063      142.18476      302.92366      0.14608692   
   1428000   508.97958      1351.4877      1860.4673      154.24825      302.46573      0.14617121   
   1429000   500.80081      1349.0274      1849.8282      163.11304      301.9151       0.14377839   
   1430000   485.3463       1373.2904      1858.6367      158.01937      307.34522      0.13969746   
   1431000   513.04283      1331.278       1844.3208      175.70964      297.94275      0.13688753   
   1432000   506.72989      1343.5649      1850.2948      102.47281      300.69258      0.13445921   
   1433000   530.91255      1311.0896      1842.0021      128.59161      293.42453      0.13429609   
   1434000   500.42499      1404.4039      1904.8289      154.64875      314.30847      0.13514185   
   1435000   495.22386      1369.918       1865.1418      155.58818      306.59045      0.13497232   
   1436000   516.21444      1358.5374      1874.7518      86.370398      304.04345      0.13396775   
   1437000   508.44541      1379.8524      1888.2978      83.989913      308.8138       0.13466847   
   1438000   496.24936      1366.4921      1862.7414      94.827233      305.82373      0.13599122   
   1439000   533.50991      1363.6581      1897.168       114.05023      305.18948      0.13613254   
   1440000   540.49497      1381.3548      1921.8498      148.75177      309.15004      0.13480498   
   1441000   506.1806       1371.606       1877.7866      185.22521      306.96823      0.13309256   
   1442000   493.2177       1368.5974      1861.8151      184.69939      306.2949       0.13183201   
   1443000   514.12473      1346.9668      1861.0915      116.83387      301.45394      0.13399007   
   1444000   509.32363      1310.1619      1819.4855      62.366046      293.21692      0.13902549   
   1445000   496.38731      1278.0617      1774.4491      10.417569      286.03284      0.14268073   
   1446000   469.28928      1316.8799      1786.1692      22.814045      294.72043      0.14374869   
   1447000   497.65665      1313.3408      1810.9975      27.565717      293.92837      0.14054649   
   1448000   480.58683      1345.082       1825.6688      52.723788      301.0321       0.1353369    
   1449000   512.92971      1313.6633      1826.593       94.888745      294.00055      0.13324915   
   1450000   487.99365      1313.4689      1801.4626      154.04128      293.95705      0.13408027   
   1451000   504.3428       1276.2289      1780.5717      153.21299      285.62265      0.13812438   
   1452000   505.95018      1305.1879      1811.1381      157.61883      292.10374      0.14204542   
   1453000   516.40993      1310.189       1826.5989      115.29629      293.22299      0.14088645   
   1454000   510.88697      1332.9268      1843.8138      127.93619      298.31175      0.13809013   
   1455000   516.38273      1304.4267      1820.8095      175.28175      291.93338      0.13730957   
   1456000   507.43974      1332.1603      1839.6         201.15936      298.1402       0.1368795    
   1457000   486.60003      1304.4801      1791.0801      182.8519       291.94532      0.13570507   
   1458000   499.12937      1339.3783      1838.5076      109.58833      299.75561      0.13402238   
   1459000   524.78944      1325.9121      1850.7015      31.842386      296.74184      0.13154558   
   1460000   496.83427      1353.1517      1849.9859      11.675467      302.83812      0.12971987   
   1461000   535.39366      1350.1764      1885.5701      19.857265      302.17225      0.13140363   
   1462000   538.21429      1372.2774      1910.4917      75.96343       307.11849      0.13666504   
   1463000   502.53597      1375.3508      1877.8867      151.74517      307.80632      0.14117923   
   1464000   510.96889      1348.9328      1859.9017      150.69479      301.89393      0.14273439   
   1465000   522.72574      1350.3924      1873.1182      168.59167      302.22059      0.14216457   
   1466000   535.39718      1358.9698      1894.367       165.62773      304.14024      0.13912673   
   1467000   475.54965      1372.9988      1848.5484      171.57306      307.27994      0.13589936   
   1468000   517.56355      1359.1612      1876.7248      154.02584      304.18307      0.13419205   
   1469000   535.47518      1352.3029      1887.7781      103.04434      302.64816      0.13505196   
   1470000   536.46031      1395.3905      1931.8508      80.537994      312.29125      0.13949732   
   1471000   530.42636      1365.0346      1895.4609      88.627015      305.49753      0.14422665   
   1472000   507.21347      1327.6809      1834.8944      102.43647      297.13772      0.14622649   
   1473000   478.59693      1330.2464      1808.8433      103.97533      297.71188      0.14645681   
   1474000   483.68923      1323.9732      1807.6625      104.68819      296.30793      0.14396349   
   1475000   509.49309      1315.6343      1825.1274      95.535886      294.44165      0.13682379   
   1476000   507.0352       1343.388       1850.4232      115.26388      300.65299      0.13246073   
   1477000   535.37344      1312.5805      1847.954       114.30922      293.75822      0.13254623   
   1478000   522.50055      1320.9881      1843.4887      146.62398      295.63986      0.13479407   
   1479000   535.83032      1343.4665      1879.2968      203.72717      300.67056      0.13798905   
   1480000   525.28495      1341.0611      1866.3461      178.95616      300.13223      0.1396098    
   1481000   490.18663      1340.363       1830.5496      167.78936      299.97599      0.1413294    
   1482000   494.5208       1337.048       1831.5688      108.23191      299.2341       0.14072956   
   1483000   509.65821      1331.8879      1841.5461      60.061939      298.07924      0.13952438   
   1484000   513.18037      1317.3562      1830.5366      40.206284      294.82702      0.13839444   
   1485000   486.55725      1323.7728      1810.33        72.700521      296.26306      0.13840374   
   1486000   482.37456      1305.7091      1788.0836      111.7431       292.22037      0.13962703   
   1487000   500.16594      1286.2904      1786.4563      118.66243      287.87443      0.14128754   
   1488000   476.76077      1285.4009      1762.1616      127.03189      287.67536      0.14200272   
   1489000   502.16         1320.3587      1822.5187      68.565735      295.49898      0.14244638   
   1490000   512.39557      1337.7267      1850.1223      45.557168      299.38598      0.14385221   
   1491000   480.19481      1372.3524      1852.5473      101.66416      307.13529      0.14794      
   1492000   515.08126      1357.2233      1872.3045      107.69707      303.74936      0.15063963   
   1493000   519.73882      1349.3437      1869.0825      140.74527      301.98589      0.14785399   
   1494000   515.11824      1347.9059      1863.0241      177.89398      301.6641       0.14224017   
   1495000   516.34888      1368.8248      1885.1736      145.78697      306.34579      0.1375936    
   1496000   494.24503      1382.4391      1876.6842      155.90939      309.39271      0.13794819   
   1497000   503.47747      1359.0776      1862.5551      123.36371      304.16436      0.1389107    
   1498000   515.00466      1299.7249      1814.7296      140.47572      290.8811       0.14016041   
   1499000   532.01841      1307.864       1839.8824      142.3142       292.70264      0.14038415   
   1500000   516.6778       1290.0368      1806.7146      96.771405      288.71288      0.13754776   
   1501000   485.67388      1319.0164      1804.6903      92.70858       295.19858      0.13779244   
   1502000   484.80563      1319.4527      1804.2583      101.36323      295.29622      0.14202417   
   1503000   461.48972      1356.2618      1817.7515      103.87969      303.53417      0.14440878   
   1504000   500.5504       1308.9022      1809.4526      106.36517      292.93499      0.14350153   
   1505000   476.46668      1337.7451      1814.2117      83.353601      299.39009      0.13884067   
   1506000   552.48363      1340.4359      1892.9195      79.163093      299.9923       0.1327712    
   1507000   557.4616       1386.0169      1943.4785      105.83991      310.19342      0.12981634   
   1508000   539.6324       1353.0762      1892.7086      115.53796      302.82123      0.13032873   
   1509000   547.73034      1336.4178      1884.1481      130.71026      299.09305      0.13463723   
   1510000   515.25985      1374.2473      1889.5071      65.026468      307.55936      0.13988904   
   1511000   515.70504      1401.5224      1917.2274      54.034052      313.66358      0.14287596   
   1512000   500.40542      1348.7535      1849.1589      11.972074      301.8538       0.14174149   
   1513000   531.03218      1313.9161      1844.9483      24.389307      294.05712      0.13909403   
   1514000   512.4903       1306.7913      1819.2816      85.902053      292.46257      0.13834937   
   1515000   486.42732      1293.6886      1780.1159      152.97616      289.53017      0.13943437   
   1516000   474.12729      1335.3284      1809.4556      204.99643      298.84923      0.14029274   
   1517000   519.17534      1287.2293      1806.4046      210.19221      288.08455      0.13850947   
   1518000   498.40441      1335.5222      1833.9266      201.66831      298.89261      0.13529462   
   1519000   516.59465      1339.0008      1855.5954      159.84772      299.67113      0.13177048   
   1520000   529.44883      1318.5603      1848.0091      84.955622      295.09651      0.12960117   
   1521000   537.82233      1327.0775      1864.8998      53.127401      297.00267      0.12995635   
   1522000   498.11732      1367.9867      1866.1041      71.10243       306.15824      0.13472285   
   1523000   523.58091      1370.8083      1894.3892      79.968588      306.78971      0.14059314   
   1524000   507.48815      1344.7105      1852.1986      88.396275      300.94897      0.14229792   
   1525000   506.50838      1348.0429      1854.5512      81.010311      301.69476      0.14291328   
   1526000   490.82299      1351.9931      1842.8161      76.893946      302.57883      0.14314476   
   1527000   494.90438      1380.9068      1875.8112      115.7749       309.04978      0.14316537   
   1528000   479.17321      1355.1353      1834.3085      176.72931      303.28206      0.14228168   
   1529000   520.0167       1355.7154      1875.7321      205.43421      303.41189      0.14003557   
   1530000   495.79265      1355.07        1850.8627      163.67112      303.26745      0.13623375   
   1531000   501.42235      1398.5611      1899.9835      142.17096      313.00085      0.13477239   
   1532000   512.46321      1342.7601      1855.2233      146.44858      300.51247      0.13540365   
   1533000   518.57383      1328.4889      1847.0627      118.69075      297.31853      0.13860213   
   1534000   508.41752      1329.3393      1837.7569      120.81361      297.50887      0.1445106    
   1535000   493.21622      1337.0991      1830.3153      99.955949      299.24552      0.14762962   
   1536000   519.43126      1369.4252      1888.8564      101.93895      306.48016      0.1472637    
   1537000   510.81794      1353.3156      1864.1335      112.13188      302.8748       0.14488952   
   1538000   528.23202      1364.5386      1892.7706      129.9953       305.38653      0.14284934   
   1539000   505.12373      1354.0972      1859.2209      174.27374      303.04972      0.14341209   
   1540000   495.49033      1350.6494      1846.1397      182.99612      302.27811      0.14486531   
   1541000   514.52152      1373.1197      1887.6413      128.5411       307.30701      0.14474916   
   1542000   558.50431      1376.7203      1935.2246      126.87775      308.11283      0.14369396   
   1543000   518.63111      1392.3649      1910.996       129.8165       311.61412      0.13917878   
   1544000   523.59559      1372.5916      1896.1872      123.98124      307.18882      0.13664062   
   1545000   517.33552      1376.7314      1894.0669      114.93872      308.1153       0.13688664   
   1546000   492.90777      1350.9619      1843.8697      105.54645      302.34805      0.13913645   
   1547000   483.93143      1305.2776      1789.209       96.725804      292.1238       0.14605972   
   1548000   510.20176      1315.83        1826.0318      38.675122      294.48546      0.14998186   
   1549000   469.73799      1336.1672      1805.9052      57.313275      299.03697      0.14980463   
   1550000   517.90303      1311.5585      1829.4615      32.782287      293.52949      0.14723617   
   1551000   501.93828      1303.259       1805.1973      85.477545      291.67204      0.1451271    
   1552000   484.74101      1291.0202      1775.7612      182.7278       288.93297      0.14559516   
   1553000   486.6219       1281.5835      1768.2054      171.42184      286.82102      0.14398142   
   1554000   508.27646      1315.5786      1823.8551      121.68785      294.4292       0.14036002   
   1555000   497.47693      1351.4274      1848.9044      64.974055      302.45224      0.13796391   
   1556000   495.87996      1337.9727      1833.8527      35.261691      299.44104      0.13756626   
   1557000   504.57914      1351.1083      1855.6875      58.048136      302.38082      0.1421702    
   1558000   490.29615      1343.6387      1833.9348      56.816547      300.70909      0.14870788   
   1559000   506.86162      1340.8332      1847.6948      126.75859      300.08123      0.15199568   
   1560000   513.20188      1335.8282      1849.0301      169.643        298.9611       0.15029908   
   1561000   514.74564      1349.6856      1864.4312      149.37989      302.06241      0.14537145   
   1562000   518.78165      1333.7041      1852.4857      83.579039      298.48571      0.14303555   
   1563000   536.50745      1346.4084      1882.9158      84.930898      301.32896      0.14521639   
   1564000   498.5504       1343.8797      1842.4301      78.54558       300.76304      0.14649487   
   1565000   520.04751      1292.8515      1812.899       74.887107      289.34283      0.14551316   
   1566000   491.3187       1328.0999      1819.4186      113.4463       297.23148      0.1434433    
   1567000   481.33181      1320.969       1802.3008      124.26022      295.63558      0.14218903   
   1568000   503.58102      1355.3931      1858.9741      150.63609      303.33976      0.14175433   
   1569000   521.15266      1342.7848      1863.9375      156.20679      300.518        0.14265125   
   1570000   503.27995      1347.6656      1850.9456      163.36433      301.61033      0.14443573   
   1571000   491.50274      1357.2547      1848.7574      178.23353      303.75639      0.14642468   
   1572000   509.2777       1358.2168      1867.4945      206.2992       303.97171      0.14689753   
   1573000   487.56586      1406.8547      1894.4205      221.93756      314.85696      0.14363616   
   1574000   510.43221      1346.8515      1857.2837      189.56022      301.42813      0.13665831   
   1575000   514.08333      1287.2731      1801.3564      137.61434      288.09437      0.13219301   
   1576000   505.18518      1320.7421      1825.9273      71.506115      295.5848       0.13227201   
   1577000   519.81804      1329.67        1849.488       12.993799      297.58287      0.13420198   
   1578000   557.21252      1317.8312      1875.0438     -19.371917      294.93333      0.13735256   
   1579000   505.7589       1369.9417      1875.7006      68.692127      306.59577      0.14134609   
   1580000   509.89392      1392.7225      1902.6164      129.42857      311.69415      0.14369431   
   1581000   508.70534      1360.6469      1869.3523      171.14094      304.51557      0.14218176   
   1582000   505.50427      1355.0599      1860.5642      188.3983       303.26519      0.13858759   
   1583000   525.82058      1330.3247      1856.1453      165.38376      297.7294       0.13489115   
   1584000   503.43241      1349.3611      1852.7935      144.64352      301.98978      0.13286945   
   1585000   504.82032      1362.6815      1867.5018      126.69439      304.97092      0.13236883   
   1586000   504.6494       1345.0814      1849.7308      107.31215      301.03197      0.13349862   
   1587000   512.8357       1345.1529      1857.9886      119.06274      301.04798      0.1384988    
   1588000   490.75614      1354.1213      1844.8774      141.74071      303.05513      0.14522352   
   1589000   486.29126      1365.0041      1851.2953      109.57146      305.49071      0.14488309   
   1590000   515.87214      1361.0464      1876.9185      100.54125      304.60498      0.14213563   
   1591000   521.4009       1339.6191      1861.02        44.008089      299.8095       0.13842904   
   1592000   531.50304      1334.4043      1865.9074      58.558084      298.64243      0.13704743   
   1593000   514.24383      1360.8069      1875.0507      67.321662      304.55138      0.13685199   
   1594000   514.02017      1349.3755      1863.3957      115.68509      301.99302      0.13731387   
   1595000   520.57197      1362.9393      1883.5113      132.96895      305.02862      0.13771531   
   1596000   524.18247      1378.5454      1902.7279      151.26296      308.5213       0.13903909   
   1597000   497.09747      1408.6172      1905.7147      98.876223      315.25142      0.13927093   
   1598000   506.55662      1387.3798      1893.9364      62.186701      310.49845      0.13731519   
   1599000   556.06237      1322.6996      1878.762       31.340226      296.02288      0.13284085   
   1600000   542.72856      1340.9877      1883.7162      35.589257      300.1158       0.12947368   
   1601000   506.70868      1355.5326      1862.2412      55.067754      303.37097      0.12995421   
   1602000   479.56844      1353.4172      1832.9856      88.340698      302.89754      0.13210557   
   1603000   538.02057      1276.6014      1814.622       46.491642      285.70601      0.1336971    
   1604000   488.42065      1290.5565      1778.9772      102.35391      288.8292       0.13761363   
   1605000   487.73404      1345.2626      1832.9967      186.85415      301.07253      0.14486161   
   1606000   493.01189      1338.1181      1831.13        195.7525       299.47358      0.14663739   
   1607000   491.82893      1302.2761      1794.105       182.90622      291.45206      0.1462856    
   1608000   507.1736       1316.1362      1823.3098      163.28676      294.55398      0.14525433   
   1609000   507.13112      1326.1678      1833.2989      154.3078       296.79908      0.14264509   
   1610000   485.58994      1331.0108      1816.6007      133.42996      297.88295      0.13925893   
   1611000   519.63471      1300.4376      1820.0723      131.8333       291.0406       0.13756119   
   1612000   514.92889      1351.4897      1866.4186      162.64816      302.46617      0.13847945   
   1613000   490.64         1364.8747      1855.5147      124.77462      305.46177      0.13890587   
   1614000   525.64148      1343.8246      1869.466       107.53431      300.7507       0.13936767   
   1615000   485.67249      1355.5527      1841.2252      123.98645      303.37547      0.13945682   
   1616000   514.93333      1319.63        1834.5633      134.2204       295.33589      0.14126322   
   1617000   478.98742      1337.5969      1816.5843      159.13168      299.35692      0.14590192   
   1618000   483.13574      1343.4904      1826.6262      143.05837      300.67592      0.15193894   
   1619000   496.51539      1364.4738      1860.9892      125.28355      305.37203      0.1534057    
   1620000   507.22614      1379.8614      1887.0875      66.067135      308.81581      0.14755046   
   1621000   504.55525      1390.9224      1895.4776      82.076         311.29128      0.14332841   
   1622000   511.92136      1387.0431      1898.9644      90.883599      310.42309      0.14198803   
   1623000   518.54198      1361.7988      1880.3408      116.08952      304.77337      0.14184668   
   1624000   522.23386      1334.5982      1856.832       170.62307      298.68581      0.14192533   
   1625000   507.89903      1371.7019      1879.6009      163.65063      306.98969      0.14139504   
   1626000   509.08928      1346.0563      1855.1455      180.00803      301.25015      0.14257967   
   1627000   507.78243      1354.9978      1862.7802      169.0989       303.25128      0.14195738   
   1628000   500.35781      1351.0118      1851.3696      90.218646      302.3592       0.13744607   
   1629000   518.51497      1340.9547      1859.4696      55.536083      300.10841      0.13305429   
   1630000   527.12019      1331.2014      1858.3216      89.836587      297.92561      0.13023828   
   1631000   512.09545      1351.1184      1863.2139      163.43745      302.38307      0.1300367    
   1632000   501.60279      1342.8479      1844.4507      228.78996      300.53212      0.13424608   
   1633000   488.38997      1298.2459      1786.6359      227.496        290.55009      0.13899337   
   1634000   490.45554      1308.7414      1799.1969      220.61307      292.89901      0.14278203   
   1635000   489.88347      1318.3888      1808.2723      121.9302       295.05813      0.14359144   
   1636000   509.1414       1318.174       1827.3154      19.667087      295.01004      0.14231305   
   1637000   514.91998      1299.5753      1814.4953     -89.888166      290.84762      0.13954252   
   1638000   505.13934      1296.736       1801.8753     -62.649022      290.21217      0.13721766   
   1639000   535.70918      1328.1294      1863.8386      26.189773      297.23809      0.136517     
   1640000   519.15335      1323.9801      1843.1335      100.60981      296.30947      0.13676473   
   1641000   502.63494      1330.3706      1833.0055      160.16056      297.73967      0.13833647   
   1642000   481.44171      1357.7869      1839.2286      176.13955      303.8755       0.14037886   
   1643000   482.69862      1335.298       1817.9966      120.84412      298.84243      0.14159722   
   1644000   499.18178      1311.0798      1810.2615      94.592056      293.42234      0.14039341   
   1645000   484.53588      1245.9074      1730.4432      94.879939      278.83663      0.13673218   
   1646000   501.15281      1317.9845      1819.1373      107.61463      294.96763      0.1337263    
   1647000   506.03464      1321.5514      1827.5861      131.00701      295.76592      0.13286274   
   1648000   519.03197      1303.0382      1822.0702      125.42525      291.62263      0.13361786   
   1649000   493.50421      1318.9001      1812.4044      103.65613      295.17256      0.13812778   
   1650000   491.18685      1288.0404      1779.2273      62.298921      288.26609      0.14294253   
   1651000   483.25424      1336.1751      1819.4293      78.85998       299.03872      0.14672793   
   1652000   477.07394      1343.1464      1820.2204      95.59988       300.59892      0.1446217    
   1653000   516.66482      1310.4906      1827.1554      147.19943      293.29049      0.13898746   
   1654000   492.76763      1282.4222      1775.1899      184.27508      287.00873      0.1342624    
   1655000   492.94707      1338.6297      1831.5768      197.17191      299.58807      0.13279297   
   1656000   531.94574      1325.558       1857.5038      110.15643      296.66261      0.13224254   
   1657000   506.18397      1313.6774      1819.8614      83.404169      294.0037       0.13376625   
   1658000   504.38581      1348.4725      1852.8583      14.139964      301.7909       0.13570448   
   1659000   518.56736      1298.9285      1817.4959      3.8201591      290.70287      0.13939235   
   1660000   525.64617      1314.2249      1839.871       16.135874      294.12622      0.1429287    
   1661000   487.14566      1327.713       1814.8587      120.9368       297.1449       0.14423271   
   1662000   495.16715      1332.391       1827.5582      212.96454      298.19185      0.14324511   
   1663000   499.38485      1325.9497      1825.3345      229.21959      296.75026      0.14175555   
   1664000   477.60039      1317.8927      1795.4931      199.20459      294.94709      0.14053184   
   1665000   484.06175      1295.4575      1779.5193      97.802791      289.92605      0.14018762   
   1666000   489.74138      1309.6369      1799.3782      52.725177      293.09942      0.14136464   
   1667000   500.80606      1319.1653      1819.9713      31.742323      295.2319       0.14421263   
   1668000   502.74341      1324.0494      1826.7928      36.115868      296.32497      0.14859727   
   1669000   512.49828      1323.368       1835.8662      100.13303      296.17247      0.15157693   
   1670000   489.93978      1319.5053      1809.4451      111.40863      295.30801      0.14846135   
   1671000   497.45491      1336.8557      1834.3106      171.2169       299.19104      0.14058639   
   1672000   520.49075      1336.6459      1857.1367      179.26667      299.1441       0.13626039   
   1673000   501.70672      1350.5683      1852.275       170.90058      302.25995      0.13498333   
   1674000   532.89331      1338.472       1871.3654      142.61124      299.55279      0.13430476   
   1675000   527.11566      1360.866       1887.9816      105.6823       304.5646       0.13409483   
   1676000   531.29317      1411.6757      1942.9688      83.655567      315.93591      0.13611838   
   1677000   520.1779       1372.7245      1892.9024      77.488998      307.21855      0.14037352   
   1678000   498.76795      1381.4393      1880.2072      105.49415      309.16895      0.14470707   
   1679000   490.37849      1360.6196      1850.9981      120.75579      304.50947      0.14616258   
   1680000   501.69664      1370.7709      1872.4675      122.27582      306.78133      0.14733037   
   1681000   514.47784      1375.7798      1890.2576      153.44008      307.90234      0.15087814   
   1682000   482.76046      1395.2818      1878.0423      204.52718      312.26693      0.15071162   
   1683000   480.27877      1363.2818      1843.5606      180.3285       305.10527      0.14351261   
   1684000   545.59142      1343.774       1889.3654      170.6757       300.73938      0.13822497   
   1685000   529.15803      1349.9277      1879.0857      157.86081      302.11658      0.13738715   
   1686000   508.0729       1368.0268      1876.0997      131.89006      306.16721      0.13697914   
   1687000   504.83915      1411.8778      1916.7169      104.3713       315.98114      0.13803246   
   1688000   503.54049      1382.6866      1886.2271      107.23636      309.4481       0.1408765    
   1689000   495.21492      1354.8921      1850.107       124.18545      303.22763      0.14565573   
   1690000   495.2695       1281.098       1776.3675      99.322949      286.71236      0.1506339    
   1691000   489.00378      1296.8475      1785.8513      116.58497      290.23713      0.1515048    
   1692000   503.6795       1327.2067      1830.8862      117.23577      297.03157      0.15076562   
   1693000   507.98744      1332.452       1840.4395      131.97392      298.2055       0.149513     
   1694000   490.45799      1334.9049      1825.3628      74.451308      298.75445      0.14671701   
   1695000   459.88099      1333.2977      1793.1787      77.240114      298.39476      0.14507213   
   1696000   513.34789      1321.3314      1834.6793      58.108596      295.71668      0.14357088   
   1697000   479.63841      1350.884       1830.5224      15.283332      302.33061      0.14143196   
   1698000   518.36831      1284.9041      1803.2725      1.4451638      287.56419      0.13966994   
   1699000   517.71351      1296.5456      1814.2591      41.043346      290.16956      0.13985645   
   1700000   479.56367      1347.9951      1827.5587      99.405592      301.68406      0.14310109   
   1701000   484.39172      1296.9245      1781.3162      160.98682      290.25435      0.14898833   
   1702000   480.31653      1301.9743      1782.2908      202.84141      291.38452      0.15266403   
   1703000   491.90101      1338.0169      1829.9179      166.70742      299.45092      0.15332531   
   1704000   494.37115      1346.6475      1841.0187      114.25425      301.38248      0.15149865   
   1705000   506.03643      1344.5632      1850.5997      91.957577      300.91601      0.15006495   
   1706000   518.77115      1356.4916      1875.2627      71.137577      303.5856       0.15012631   
   1707000   513.205        1380.4668      1893.6718      83.256436      308.9513       0.14957631   
   1708000   512.64411      1369.9333      1882.5774      33.210114      306.59388      0.14435551   
   1709000   531.40753      1348.6688      1880.0763     -17.98152       301.83484      0.13786346   
   1710000   541.13792      1406.8533      1947.9912      38.243824      314.85665      0.13545328   
   1711000   534.86156      1350.9853      1885.8469      111.41793      302.35329      0.13514906   
   1712000   527.43509      1346.8917      1874.3268      127.01313      301.43712      0.13634427   
   1713000   518.63813      1365.4491      1884.0873      184.17993      305.59032      0.13968022   
   1714000   506.80147      1386.6399      1893.4414      203.08801      310.33285      0.14222754   
   1715000   503.1851       1356.4159      1859.601       174.84216      303.56867      0.14203561   
   1716000   524.16204      1341.0308      1865.1929      125.45147      300.12545      0.13839962   
   1717000   508.61584      1328.6636      1837.2795      90.706159      297.35765      0.13495679   
   1718000   534.5371       1322.9118      1857.4489      54.617769      296.07037      0.13290726   
   1719000   520.71307      1298.0737      1818.7867      40.653715      290.51155      0.13238659   
   1720000   524.65549      1287.2014      1811.8569      4.0905497      288.07832      0.13478404   
   1721000   525.72824      1301.405       1827.1332      8.2466426      291.25711      0.1401155    
   1722000   514.65369      1303.0126      1817.6663      31.062077      291.6169       0.14453073   
   1723000   508.09205      1331.3555      1839.4475      65.558923      297.96009      0.14539894   
   1724000   503.61952      1305.6919      1809.3114      111.99535      292.21652      0.14265025   
   1725000   518.73617      1321.8908      1840.627       144.271        295.84187      0.13916458   
   1726000   496.83642      1340.9013      1837.7377      107.93809      300.09646      0.13538617   
   1727000   495.25909      1310.3658      1805.6249      69.119711      293.26257      0.13454631   
   1728000   515.07501      1332.6234      1847.6984      61.111407      298.24386      0.13544063   
   1729000   493.16357      1331.364       1824.5276      104.20014      297.96199      0.13625097   
   1730000   499.34435      1262.0751      1761.4195      96.383145      282.455        0.13767777   
   1731000   499.78405      1306.3903      1806.1743      125.01853      292.37283      0.13978407   
   1732000   528.22709      1299.8196      1828.0467      117.29773      290.9023       0.13915507   
   1733000   522.56657      1337.7384      1860.305       92.157561      299.3886       0.13651516   
   1734000   524.20137      1306.4294      1830.6308      81.475164      292.38159      0.13290912   
   1735000   510.36978      1336.1764      1846.5462      134.72917      299.03902      0.1318063    
   1736000   513.94109      1319.125       1833.0661      173.97587      295.22289      0.13487205   
   1737000   510.16927      1339.8263      1849.9956      161.80728      299.85588      0.13889892   
   1738000   484.0939       1334.4205      1818.5144      134.68252      298.64606      0.14267807   
   1739000   492.56357      1342.376       1834.9395      92.520387      300.4265       0.14570533   
   1740000   486.75354      1354.9631      1841.7167      39.461786      303.24353      0.14618909   
   1741000   531.56481      1336.5738      1868.1386      78.858196      299.12796      0.14553956   
   1742000   498.28131      1394.4203      1892.7016      120.52858      312.07413      0.13796274   
   1743000   528.03224      1376.8284      1904.8607      152.35463      308.13702      0.1320491    
   1744000   517.83002      1397.8184      1915.6484      139.45691      312.83462      0.12984985   
   1745000   537.70235      1353.802       1891.5044      174.06441      302.98367      0.13097951   
   1746000   528.71567      1341.2205      1869.9362      167.7204       300.1679       0.13380824   
   1747000   509.66763      1330.6651      1840.3327      191.20506      297.80558      0.13815837   
   1748000   515.84863      1335.2152      1851.0638      139.35054      298.8239       0.13945946   
   1749000   495.83199      1293.7859      1789.6179      135.00533      289.55195      0.13942957   
   1750000   512.41416      1312.0094      1824.4235      126.44469      293.63039      0.13832749   
   1751000   495.97337      1318.452       1814.4254      133.49613      295.07227      0.13666834   
   1752000   520.84889      1334.6107      1855.4596      104.40529      298.68861      0.13609174   
   1753000   483.88737      1317.9466      1801.834       112.49637      294.95916      0.13697986   
   1754000   507.04902      1328.0852      1835.1342      97.641978      297.2282       0.1394023    
   1755000   490.81084      1323.9177      1814.7286      105.56015      296.29551      0.14365741   
   1756000   484.10394      1265.6936      1749.7975      122.7279       283.26482      0.14527128   
   1757000   488.97023      1298.8678      1787.838       147.87817      290.68928      0.14397516   
   1758000   474.73741      1330.0371      1804.7745      169.77809      297.66503      0.13927433   
   1759000   516.00363      1339.5466      1855.5502      178.87829      299.79328      0.13466003   
   1760000   498.95095      1324.8709      1823.8218      137.80504      296.50882      0.13122312   
   1761000   522.4814       1337.5444      1860.0258      107.13819      299.34519      0.13156909   
   1762000   524.78045      1378.4356      1903.2161      101.43355      308.49673      0.1361617    
   1763000   486.57242      1365.9715      1852.544       143.25048      305.70723      0.14113701   
   1764000   517.55522      1370.8854      1888.4406      128.63433      306.80696      0.14226753   
   1765000   502.71076      1339.9503      1842.661       91.160759      299.88362      0.14082475   
   1766000   505.2906       1321.6663      1826.9569      96.237581      295.79164      0.13937694   
   1767000   513.33542      1335.7571      1849.0925      129.44917      298.94518      0.13676207   
   1768000   511.35978      1317.5836      1828.9434      124.94009      294.87792      0.1338169    
   1769000   518.18551      1336.3402      1854.5257      116.21465      299.07568      0.13379635   
   1770000   522.71995      1302.2428      1824.9627      110.15825      291.4446       0.13622679   
   1771000   500.61542      1343.9819      1844.5973      112.38589      300.78591      0.13853628   
   1772000   504.09949      1324.1144      1828.2138      120.90976      296.33951      0.13817587   
   1773000   519.78235      1328.8158      1848.5982      174.20548      297.39171      0.13750916   
   1774000   502.693        1347.4441      1850.1371      154.58875      301.56076      0.13763833   
   1775000   500.98105      1332.885       1833.8661      137.55411      298.3024       0.13860732   
   1776000   527.06717      1329.4571      1856.5243      146.05421      297.53523      0.1405677    
   1777000   496.11556      1335.9213      1832.0369      173.42862      298.98193      0.14296323   
   1778000   490.35369      1324.9842      1815.3379      239.18834      296.53418      0.14513456   
   1779000   483.59674      1354.9512      1838.548       190.37029      303.24087      0.14491719   
   1780000   506.30029      1345.2455      1851.5458      67.58283       301.06871      0.1448173    
   1781000   514.12085      1334.6971      1848.818       12.576467      298.70796      0.14618848   
   1782000   469.61052      1361.2007      1830.8112      44.874937      304.63952      0.14640111   
   1783000   499.17608      1347.7797      1846.9558      90.200549      301.63586      0.14511827   
   1784000   534.86369      1310.0192      1844.8829      111.97079      293.18499      0.14256341   
   1785000   515.94314      1337.7205      1853.6636      157.15872      299.38459      0.13956876   
   1786000   522.07822      1395.1474      1917.2257      176.08039      312.23686      0.13528054   
   1787000   524.34896      1382.8944      1907.2434      130.41547      309.49461      0.13199613   
   1788000   512.09062      1379.2371      1891.3277      91.500227      308.67608      0.13061693   
   1789000   499.51374      1364.7856      1864.2993      91.980014      305.44181      0.13253293   
   1790000   491.94025      1371.3354      1863.2757      109.35452      306.90768      0.13883848   
   1791000   520.20506      1380.6635      1900.8685      114.19157      308.99532      0.14348972   
   1792000   516.39196      1354.1424      1870.5344      97.803173      303.05986      0.14299343   
   1793000   511.59941      1372.8016      1884.401       95.491342      307.23581      0.14168415   
   1794000   544.24195      1330.5954      1874.8374      70.722449      297.78999      0.13896734   
   1795000   535.05538      1350.1227      1885.1781      72.507404      302.16023      0.13629486   
   1796000   490.11752      1373.4209      1863.5385      64.196841      307.37442      0.13488708   
   1797000   502.01245      1391.24        1893.2524      115.99096      311.36236      0.13787976   
   1798000   511.97842      1329.311       1841.2894      88.666859      297.50253      0.14143241   
   1799000   514.75123      1318.5684      1833.3196      180.16327      295.09831      0.14549033   
   1800000   511.66047      1351.3796      1863.0401      224.75235      302.44153      0.14466488   
   1801000   522.85003      1344.8308      1867.6808      203.79487      300.97589      0.13756433   
   1802000   529.37969      1351.6162      1880.9959      139.59704      302.49449      0.13391398   
   1803000   494.04482      1346.0325      1840.0774      159.14184      301.24485      0.13527082   
   1804000   518.13089      1320.2273      1838.3582      89.99039       295.46958      0.1375541    
   1805000   463.15299      1297.6212      1760.7742      38.126308      290.41029      0.1410576    
   1806000   487.1214       1294.6405      1781.7619     -8.6333783      289.7432       0.14483504   
   1807000   502.48413      1313.7257      1816.2098     -25.880186      294.0145       0.14720226   
   1808000   520.97748      1319.4549      1840.4324      19.860533      295.29672      0.14581975   
   1809000   505.3633       1362.8826      1868.2459      101.03734      305.01592      0.14301888   
   1810000   556.08445      1357.4937      1913.5781      181.60165      303.80987      0.14118888   
   1811000   522.20258      1354.1483      1876.3508      178.45259      303.06116      0.13871054   
   1812000   523.96084      1364.8339      1888.7948      167.0721       305.45263      0.13833507   
   1813000   504.39734      1352.3744      1856.7717      111.14759      302.66417      0.13774174   
   1814000   533.92149      1323.5734      1857.4949      74.528094      296.21844      0.13924001   
   1815000   513.34109      1314.8724      1828.2134      53.388585      294.27113      0.14218861   
   1816000   483.56435      1328.0964      1811.6607      58.609586      297.23069      0.14463202   
   1817000   490.07571      1337.4669      1827.5426      123.49829      299.32784      0.14470345   
   1818000   501.42581      1341.0591      1842.4849      171.92926      300.13177      0.14384308   
   1819000   498.93303      1349.7419      1848.6749      228.31414      302.075        0.14237659   
   1820000   497.0159       1342.046       1839.0619      194.60045      300.35264      0.14119034   
   1821000   478.99619      1314.7093      1793.7055      103.17131      294.23464      0.14244799   
   1822000   495.55294      1322.4646      1818.0175      50.416519      295.97029      0.14564976   
   1823000   486.91549      1332.3637      1819.2792      52.673944      298.18573      0.14851955   
   1824000   486.45559      1301.77        1788.2256      93.464431      291.3388       0.14721799   
   1825000   456.90023      1271.1398      1728.04        138.44229      284.48369      0.14311324   
   1826000   483.40855      1330.0967      1813.5053      162.72725      297.67837      0.13884703   
   1827000   538.03096      1295.2331      1833.264       138.04584      289.87582      0.13506677   
   1828000   526.35221      1308.1411      1834.4933      115.56437      292.76466      0.1330623    
   1829000   513.69316      1322.6277      1836.3208      133.45963      296.00678      0.13342091   
   1830000   488.08581      1311.9233      1800.0091      89.905822      293.61112      0.1364538    
   1831000   517.18851      1306.7341      1823.9226      86.53901       292.44977      0.14267801   
   1832000   486.75369      1330.89        1817.6437      96.359111      297.85591      0.14582554   
   1833000   504.77219      1311.2451      1816.0173      109.29973      293.45935      0.14696067   
   1834000   499.23354      1304.637       1803.8705      151.15806      291.98043      0.14615881   
   1835000   492.0665       1300.7115      1792.778       166.00201      291.10191      0.14519765   
   1836000   485.00429      1335.8213      1820.8256      204.3783       298.95954      0.14454623   
   1837000   524.62795      1305.2206      1829.8486      183.18432      292.11105      0.14084906   
   1838000   508.99962      1320.2132      1829.2128      133.86996      295.46643      0.1341299    
   1839000   526.02377      1381.1389      1907.1627      104.39424      309.10173      0.13008155   
   1840000   518.95179      1352.7633      1871.7151      87.96607       302.7512       0.13130294   
   1841000   529.94188      1351.7445      1881.6864      43.264415      302.52319      0.13498923   
   1842000   521.82453      1359.5252      1881.3497      37.304034      304.26453      0.13764621   
   1843000   513.29693      1381.8592      1895.1561      0.56876796     309.26292      0.13841835   
   1844000   490.50318      1353.3392      1843.8423      33.81937       302.88008      0.13972979   
   1845000   502.45329      1311.6985      1814.1517      123.44809      293.56081      0.14171546   
   1846000   483.53659      1319.0478      1802.5844      206.27863      295.20561      0.14402607   
   1847000   475.20106      1338.9714      1814.1725      290.52135      299.66455      0.14769237   
   1848000   480.05924      1350.5786      1830.6378      282.79678      302.26226      0.14912071   
   1849000   495.69477      1345.2142      1840.909       231.43249      301.0617       0.14750948   
   1850000   527.54753      1320.4077      1847.9552      147.34692      295.50996      0.14209291   
   1851000   475.44661      1346.373       1821.8196      114.85814      301.32104      0.13702273   
   1852000   526.31908      1309.0972      1835.4163      106.88176      292.97864      0.13658136   
   1853000   515.13443      1348.8017      1863.9362      94.344732      301.8646       0.14015966   
   1854000   493.11758      1349.8132      1842.9308      84.667384      302.09098      0.14422922   
   1855000   481.14813      1393.0255      1874.1736      118.13219      311.76197      0.14720971   
   1856000   509.45911      1414.1764      1923.6356      142.04125      316.49559      0.14608511   
   1857000   528.23826      1357.0754      1885.3136      124.60774      303.71626      0.14287845   
   1858000   540.79906      1331.9522      1872.7512      133.37103      298.09363      0.14200487   
   1859000   520.63959      1349.2182      1869.8578      157.09602      301.95781      0.14184907   
   1860000   514.55407      1401.821       1916.3751      164.54163      313.73042      0.14253288   
   1861000   510.94103      1385.3101      1896.2512      160.52027      310.03525      0.1435205    
   1862000   490.80487      1375.1783      1865.9832      157.03532      307.76773      0.14464987   
   1863000   508.69514      1341.2072      1849.9023      151.0688       300.16492      0.14726775   
   1864000   480.96701      1382.8203      1863.7873      202.27827      309.47801      0.15146712   
   1865000   478.40034      1360.9649      1839.3652      174.70972      304.58674      0.15404093   
   1866000   511.43354      1365.9353      1877.3688      148.4844       305.69911      0.15430619   
   1867000   485.43085      1356.2318      1841.6627      90.671557      303.52746      0.14750517   
   1868000   527.70017      1334.5035      1862.2037      59.030293      298.66462      0.14289832   
   1869000   510.99798      1357.8025      1868.8004      32.548936      303.87898      0.14216485   
   1870000   485.27405      1343.3355      1828.6095      84.464612      300.64124      0.14630493   
   1871000   497.89953      1331.6976      1829.5971      54.968146      298.03666      0.15120725   
   1872000   505.49602      1325.3628      1830.8588      65.679252      296.61892      0.15376982   
   1873000   496.28117      1339.6174      1835.8985      59.94524       299.80912      0.15249939   
   1874000   510.39852      1330.0146      1840.4131      66.921045      297.66         0.14742566   
   1875000   524.96231      1312.9195      1837.8818      136.16976      293.83408      0.14224736   
   1876000   491.11601      1337.9603      1829.0763      118.53664      299.43826      0.13769758   
   1877000   516.48925      1340.7882      1857.2775      100.00991      300.07115      0.13591384   
   1878000   510.64369      1315.2284      1825.8721      89.234229      294.35082      0.13743222   
   1879000   492.42203      1300.2699      1792.6919      47.275031      291.00306      0.13842645   
   1880000   502.57782      1354.2312      1856.8091      60.107669      303.07973      0.14073563   
   1881000   514.16235      1336.6619      1850.8243      55.791103      299.14768      0.14424696   
   1882000   520.10191      1326.2143      1846.3162      117.46604      296.80948      0.14874029   
   1883000   499.45719      1290.5701      1790.0273      175.24639      288.83223      0.15115877   
   1884000   469.68993      1329.4941      1799.184       207.86574      297.54351      0.15116552   
   1885000   527.50451      1295.0295      1822.534       177.52985      289.83025      0.1454827    
   1886000   510.24033      1308.3781      1818.6184      154.97144      292.8177       0.13773399   
   1887000   521.4267       1323.7829      1845.2096      138.05206      296.26534      0.13449352   
   1888000   499.46444      1333.187       1832.6514      124.14592      298.36998      0.13362615   
   1889000   520.02918      1318.9793      1839.0085      124.84359      295.19028      0.13444286   
   1890000   473.88866      1352.9369      1826.8256      145.33726      302.79006      0.1371441    
   1891000   515.01983      1367.0154      1882.0352      162.38912      305.94084      0.14091296   
   1892000   521.59379      1357.81        1879.4038      146.27633      303.88067      0.1417706    
   1893000   511.62992      1379.5673      1891.1972      124.41691      308.75         0.13901273   
   1894000   522.35031      1350.0833      1872.4337      133.58626      302.15142      0.13384301   
   1895000   536.6213       1343.4045      1880.0258      102.75919      300.6567       0.12983663   
   1896000   530.8683       1339.8701      1870.7384      100.97607      299.86567      0.12976903   
   1897000   517.43904      1326.126       1843.565       102.84566      296.78972      0.13511339   
   1898000   453.96544      1325.4681      1779.4336      139.03508      296.64249      0.14337247   
   1899000   524.57418      1302.1677      1826.7418      139.68424      291.42779      0.14516594   
   1900000   496.55824      1298.1132      1794.6715      147.91471      290.5204       0.14444545   
   1901000   507.48604      1317.7107      1825.1967      137.47122      294.90636      0.14362181   
   1902000   476.09346      1323.2933      1799.3868      95.009493      296.15575      0.14398624   
   1903000   490.59527      1314.2633      1804.8585      65.288325      294.13482      0.14501679   
   1904000   497.31915      1328.9716      1826.2907      91.596625      297.42656      0.14686623   
   1905000   493.61463      1333.1668      1826.7814      130.00381      298.36546      0.14922462   
   1906000   509.59656      1315.8352      1825.4318      136.31871      294.48662      0.1488319    
   1907000   506.29918      1312.6493      1818.9485      171.60172      293.7736       0.1437968    
   1908000   488.96961      1315.2638      1804.2335      210.97386      294.35875      0.13870027   
   1909000   519.89986      1317.6032      1837.5031      261.395        294.88231      0.13583949   
   1910000   522.34539      1328.2488      1850.5941      274.28811      297.2648       0.13415408   
   1911000   476.78937      1325.3156      1802.1049      200.54211      296.60834      0.13473787   
   1912000   516.00349      1327.0786      1843.0821      130.93508      297.00292      0.13799105   
   1913000   508.63402      1305.0466      1813.6806      27.616927      292.0721       0.14069667   
   1914000   495.28889      1318.9993      1814.2881      19.41614       295.19474      0.14473203   
   1915000   458.73552      1358.4779      1817.2134      56.981111      304.03014      0.148954     
   1916000   492.63358      1332.0198      1824.6534      121.58114      298.10876      0.15158539   
   1917000   518.28115      1383.0186      1901.2998      168.03054      309.52241      0.14744274   
   1918000   528.41259      1352.8994      1881.312       149.63097      302.78167      0.13934618   
   1919000   514.06587      1358.746       1872.8118      99.37756       304.09014      0.13625102   
   1920000   542.31855      1349.3535      1891.672       46.493375      301.98808      0.13651323   
   1921000   527.15206      1377.3781      1904.5301      56.984658      308.26004      0.13881367   
   1922000   527.05745      1388.6557      1915.7131      89.614335      310.78398      0.13893532   
   1923000   532.13883      1360.6886      1892.8274      149.49206      304.5249       0.13806247   
   1924000   527.6784       1350.9457      1878.6241      181.77808      302.34441      0.13973532   
   1925000   491.9721       1364.3173      1856.2894      173.33772      305.33702      0.14477849   
   1926000   524.10566      1386.9564      1911.0621      124.23679      310.4037       0.14946996   
   1927000   475.33558      1394.1399      1869.4754      46.72869       312.01136      0.14951316   
   1928000   508.76518      1357.874       1866.6392      64.852961      303.89499      0.14862875   
   1929000   494.71502      1369.4868      1864.2019      107.88982      306.49397      0.14366797   
   1930000   512.29761      1380.3686      1892.6663      132.86037      308.92934      0.13868498   
   1931000   507.51876      1353.0117      1860.5304      114.92947      302.80678      0.13622903   
   1932000   514.79393      1348.8999      1863.6939      97.391228      301.88657      0.13699701   
   1933000   511.27885      1338.4377      1849.7166      63.824843      299.54511      0.13773131   
   1934000   487.3355       1314.7221      1802.0576      71.459802      294.2375       0.13908794   
   1935000   474.27523      1342.9252      1817.2005      72.90914       300.54943      0.14125137   
   1936000   490.71171      1324.7271      1815.4388      102.04418      296.47664      0.14581404   
   1937000   500.41481      1310.8342      1811.249       143.75374      293.36737      0.14709873   
   1938000   472.81149      1318.6162      1791.4277      125.87361      295.10901      0.14223494   
   1939000   504.87501      1327.0956      1831.9706      153.23981      297.00671      0.13696942   
   1940000   511.19791      1308.4546      1819.6525      127.2983       292.83482      0.13382817   
   1941000   538.12417      1337.0236      1875.1478      85.735324      299.22863      0.1339613    
   1942000   539.10919      1352.3995      1891.5087      80.027672      302.66978      0.13604334   
   1943000   529.83756      1363.6496      1893.4872      95.83603       305.18759      0.13916003   
   1944000   517.42949      1377.9809      1895.4104      162.45439      308.39495      0.14267879   
   1945000   523.90414      1319.3001      1843.2043      217.45699      295.26208      0.14523648   
   1946000   488.73355      1329.7407      1818.4743      247.94265      297.5987       0.1453403    
   1947000   499.75736      1350.2446      1850.002       271.48239      302.18752      0.14546421   
   1948000   499.66114      1383.9251      1883.5862      222.16042      309.72527      0.14339841   
   1949000   513.33632      1349.0219      1862.3582      156.52136      301.91387      0.1398315    
   1950000   533.97156      1354.2748      1888.2463      112.27846      303.08947      0.13536444   
   1951000   514.3754       1374.1278      1888.5032      111.92397      307.53262      0.13275338   
   1952000   514.24566      1347.5038      1861.7494      80.225771      301.57411      0.1323215    
   1953000   502.02949      1359.5782      1861.6077      79.504329      304.27639      0.13584453   
   1954000   508.64025      1353.3645      1862.0048      98.812199      302.88576      0.14139704   
   1955000   509.46686      1390.3939      1899.8607      71.251809      311.173        0.14397199   
   1956000   509.14235      1344.9438      1854.0862      52.099443      301.00118      0.14131579   
   1957000   510.48228      1365.5798      1876.0621      78.596642      305.61957      0.13970486   
   1958000   519.0419       1346.3185      1865.3604      129.71353      301.30885      0.13926986   
   1959000   525.73355      1338.4539      1864.1875      166.67528      299.54873      0.14056999   
   1960000   518.21053      1332.8831      1851.0937      145.88304      298.30198      0.14338238   
   1961000   483.30279      1356.0473      1839.3501      104.02126      303.48618      0.14649628   
   1962000   497.81811      1349.4192      1847.2373      76.549131      302.00278      0.14599418   
   1963000   505.48456      1351.1823      1856.6668      30.914682      302.39736      0.14178606   
   1964000   505.66847      1332.1504      1837.8188      53.711277      298.13798      0.1380331    
   1965000   502.51398      1320.9478      1823.4618      63.632373      295.63082      0.13587948   
   1966000   506.07181      1331.4059      1837.4777      103.2041       297.97138      0.13599349   
   1967000   487.31597      1325.3886      1812.7046      165.5425       296.62469      0.13695916   
   1968000   495.93695      1290.6325      1786.5694      169.91404      288.8462       0.13677966   
   1969000   501.47304      1327.4957      1828.9687      155.91806      297.09625      0.13694943   
   1970000   500.23831      1316.4718      1816.7101      131.20927      294.62908      0.13704646   
   1971000   497.55027      1336.6989      1834.2492      68.777661      299.15596      0.13618539   
   1972000   489.39653      1313.9397      1803.3362      79.156952      294.06241      0.13784943   
   1973000   479.27706      1287.2371      1766.5142      78.7694        288.08631      0.14176053   
   1974000   499.4422       1297.9807      1797.4229      166.13772      290.49075      0.14656909   
   1975000   512.61824      1296.7228      1809.341       190.22332      290.20922      0.14550584   
   1976000   502.58255      1318.2098      1820.7924      241.97777      295.01807      0.14023586   
   1977000   512.33609      1296.5531      1808.8892      211.24464      290.17125      0.13631936   
   1978000   495.31701      1294.9763      1790.2933      152.60195      289.81835      0.13537866   
   1979000   513.90598      1359.6943      1873.6002      81.310658      304.30237      0.13574389   
   1980000   530.00377      1364.6966      1894.7004      29.35189       305.4219       0.13625661   
   1981000   531.78931      1333.2668      1865.0561      21.661254      298.38784      0.13790927   
   1982000   520.66191      1376.23        1896.8919      55.834109      308.0031       0.1409226    
   1983000   508.03557      1352.7732      1860.8087      121.45215      302.75341      0.143369     
   1984000   496.72377      1366.5713      1863.2951      149.24638      305.84146      0.14459914   
   1985000   531.24782      1336.6911      1867.9389      142.17162      299.15421      0.14324683   
   1986000   494.70011      1297.7354      1792.4355      109.92896      290.43585      0.13836856   
   1987000   493.36057      1310.1793      1803.5399      74.507559      293.22082      0.13437595   
   1988000   527.43258      1291.59        1819.0226      10.903612      289.0605       0.13271035   
   1989000   504.35363      1328.0178      1832.3715      16.631924      297.21312      0.13288829   
   1990000   524.49307      1328.5019      1852.995       56.747888      297.32145      0.13156527   
   1991000   507.28237      1308.6924      1815.9748      94.978468      292.88805      0.13010171   
   1992000   494.35999      1333.2001      1827.5601      170.55713      298.37293      0.13077561   
   1993000   496.67696      1342.132       1838.809       206.03918      300.3719       0.13409405   
   1994000   511.68536      1308.1478      1819.8332      172.16732      292.76616      0.13681152   
   1995000   478.90611      1323.16        1802.0661      125.84982      296.12593      0.14023675   
   1996000   490.258        1351.1891      1841.4471      82.102937      302.3989       0.1440751    
   1997000   525.37751      1363.4024      1888.7799      99.612021      305.13225      0.14557821   
   1998000   506.94038      1362.4662      1869.4066      138.16357      304.92273      0.14143091   
   1999000   508.68191      1356.9913      1865.6732      147.03401      303.69745      0.13529231   
   2000000   541.75142      1360.6378      1902.3892      124.78035      304.51353      0.13339132   
Loop time of 10291.6 on 8 procs for 2000000 steps with 1500 atoms

Performance: 8.395 ns/day, 2.859 hours/ns, 194.333 timesteps/s, 291.500 katom-step/s
99.5% CPU use with 8 MPI tasks x 1 OpenMP threads

MPI task timing breakdown:
Section |  min time  |  avg time  |  max time  |%varavg| %total
---------------------------------------------------------------
Pair    | 272.23     | 299.89     | 327.57     |  88.9 |  2.91
Bond    | 18.701     | 20.418     | 21.625     |  21.6 |  0.20
Kspace  | 4738.2     | 4763.4     | 4793.4     |  23.1 | 46.28
Neigh   | 5.2717     | 5.3785     | 5.4731     |   3.6 |  0.05
Comm    | 144.05     | 151.45     | 160.83     |  48.5 |  1.47
Output  | 0.15627    | 0.16775    | 0.24667    |   7.3 |  0.00
Modify  | 4473.6     | 4748.6     | 5002.1     | 293.1 | 46.14
Other   |            | 302.4      |            |       |  2.94

Nlocal:          187.5 ave         222 max         165 min
Histogram: 2 0 3 0 1 0 0 0 1 1
Nghost:         1484.5 ave        1507 max        1440 min
Histogram: 1 0 1 0 0 0 0 1 4 1
Neighs:        11440.4 ave       14483 max        9099 min
Histogram: 1 1 1 2 0 1 0 1 0 1

Total # of neighbors = 91523
Ave neighs/atom = 61.015333
Ave special neighs/atom = 2
Neighbor list builds = 12423
Dangerous builds = 0

write_data      ${NAME}_final.data
write_data      N2_final.data
System init for write_data ...
PPPM initialization ...
  using 12-bit tables for long-range coulomb (src/kspace.cpp:342)
  G vector (1/distance) = 0.26677189
  grid = 50 50 50
  stencil order = 5
  estimated absolute RMS force accuracy = 0.00041321953
  estimated relative force accuracy = 1.2443983e-06
  using single precision FFTW3
  3d grid and FFT values/proc = 32768 16250
Generated 1 of 1 mixed pair_coeff terms from arithmetic mixing rule
Last active /omp style is kspace_style pppm/omp

quit
