# Cycle, ((density(Ib,Tm), Tm=1,N_MolType), Ib=1,N_Box)
       100   0.6604384513E+003   0.2874521602E+002
       200   0.7273977663E+003   0.2350069696E+002
       300   0.7761125512E+003   0.2120502794E+002
       400   0.8069294912E+003   0.2005255681E+002
       500   0.8341802769E+003   0.1927107181E+002
       600   0.8379362683E+003   0.1891631136E+002
       700   0.8588734556E+003   0.1850829568E+002
       800   0.8611406224E+003   0.1850142333E+002
       900   0.8670671919E+003   0.1814220080E+002
      1000   0.8677104975E+003   0.1814031758E+002
      1100   0.8792213250E+003   0.1776597247E+002
      1200   0.8728523048E+003   0.1812537905E+002
      1300   0.8713952601E+003   0.1744626035E+002
      1400   0.8787158030E+003   0.1742591451E+002
      1500   0.8844327668E+003   0.1706880620E+002
      1600   0.8898329054E+003   0.1705449801E+002
      1700   0.8825345515E+003   0.1707388307E+002
      1800   0.8837872493E+003   0.1707052988E+002
      1900   0.8845181605E+003   0.1741006035E+002
      2000   0.8723544495E+003   0.1744357234E+002
      2100   0.8701581100E+003   0.1744973730E+002
      2200   0.8913584760E+003   0.1705049158E+002
      2300   0.8838425105E+003   0.1707038221E+002
      2400   0.8904136797E+003   0.1671148285E+002
      2500   0.8963630161E+003   0.1635473921E+002
      2600   0.8844762459E+003   0.1672693730E+002
      2700   0.8954143337E+003   0.1635711409E+002
      2800   0.8918300202E+003   0.1670783085E+002
      2900   0.8920601786E+003   0.1670723864E+002
      3000   0.8949796793E+003   0.1635820408E+002
      3100   0.8907267085E+003   0.1636893329E+002
      3200   0.8898698144E+003   0.1671288870E+002
      3300   0.9052140849E+003   0.1633285439E+002
      3400   0.8958647386E+003   0.1669749939E+002
      3500   0.9005531181E+003   0.1668562623E+002
      3600   0.8987904002E+003   0.1634868860E+002
      3700   0.8949670780E+003   0.1601641683E+002
      3800   0.9004412827E+003   0.1634459471E+002
      3900   0.8871929007E+003   0.1603576901E+002
      4000   0.8894006708E+003   0.1603023406E+002
      4100   0.8956380552E+003   0.1601476449E+002
      4200   0.8972497454E+003   0.1635252460E+002
      4300   0.8991445076E+003   0.1600617515E+002
      4400   0.9105960482E+003   0.1597864671E+002
      4500   0.9024348657E+003   0.1599818415E+002
      4600   0.9052688072E+003   0.1599135449E+002
      4700   0.9050871013E+003   0.1599179094E+002
      4800   0.8868239840E+003   0.1603669695E+002
      4900   0.9007916660E+003   0.1566034117E+002
      5000   0.8923367330E+003   0.1602292156E+002
      5100   0.8997688492E+003   0.1600465376E+002
      5200   0.9089768418E+003   0.1564102446E+002
      5300   0.8879778232E+003   0.1569139617E+002
      5400   0.8984777348E+003   0.1566587455E+002
      5500   0.8858786223E+003   0.1569658131E+002
      5600   0.8987787625E+003   0.1566515286E+002
      5700   0.8982826580E+003   0.1566634252E+002
      5800   0.9070512762E+003   0.1564553310E+002
      5900   0.9023739972E+003   0.1565657586E+002
      6000   0.9009653946E+003   0.1600174473E+002
      6100   0.8989704790E+003   0.1600659965E+002
      6200   0.8883486213E+003   0.1603286767E+002
      6300   0.8961049268E+003   0.1601361644E+002
      6400   0.8933875323E+003   0.1567816176E+002
      6500   0.8892152370E+003   0.1603069775E+002
      6600   0.8878770744E+003   0.1569164439E+002
      6700   0.8888318238E+003   0.1568929473E+002
      6800   0.9032790456E+003   0.1565442895E+002
      6900   0.8883244268E+003   0.1569054273E+002
      7000   0.8961593423E+003   0.1532915376E+002
      7100   0.8998980052E+003   0.1566247437E+002
      7200   0.8978252171E+003   0.1566744080E+002
      7300   0.8979167469E+003   0.1532500263E+002
      7400   0.9034986503E+003   0.1531193951E+002
      7500   0.9040838911E+003   0.1565252385E+002
      7600   0.8993005404E+003   0.1532174699E+002
      7700   0.9101360933E+003   0.1529664307E+002
      7800   0.9008452487E+003   0.1531812621E+002
      7900   0.9099140582E+003   0.1529715066E+002
      8000   0.9037032405E+003   0.1565342439E+002
      8100   0.9152691014E+003   0.1562644149E+002
      8200   0.9139142873E+003   0.1528804862E+002
      8300   0.9091661175E+003   0.1564058245E+002
      8400   0.9132017266E+003   0.1563120768E+002
      8500   0.9089689738E+003   0.1529931438E+002
      8600   0.8998977797E+003   0.1566247491E+002
      8700   0.9133251285E+003   0.1528938349E+002
      8800   0.9076659309E+003   0.1564409155E+002
      8900   0.9159095148E+003   0.1562497001E+002
      9000   0.9100410251E+003   0.1529686037E+002
      9100   0.9115176244E+003   0.1529349104E+002
      9200   0.9145862462E+003   0.1528652852E+002
      9300   0.8984890943E+003   0.1532365469E+002
      9400   0.8993832648E+003   0.1566370527E+002
      9500   0.8997186929E+003   0.1532076545E+002
      9600   0.8945643300E+003   0.1533293739E+002
      9700   0.8968450044E+003   0.1566979850E+002
      9800   0.9065759039E+003   0.1564664951E+002
      9900   0.9083680880E+003   0.1530069274E+002
     10000   0.9081728722E+003   0.1530114098E+002
     10100   0.9041893417E+003   0.1531033587E+002
     10200   0.9023059070E+003   0.1531471540E+002
     10300   0.9054705352E+003   0.1530736855E+002
     10400   0.8923254436E+003   0.1568074566E+002
     10500   0.9035589589E+003   0.1565376595E+002
     10600   0.9045749986E+003   0.1530944166E+002
     10700   0.9054558069E+003   0.1530740261E+002
     10800   0.9144516480E+003   0.1528683281E+002
     10900   0.8997508662E+003   0.1566282606E+002
     11000   0.8888417263E+003   0.1534663969E+002
     11100   0.9019419922E+003   0.1531556401E+002
     11200   0.8974171266E+003   0.1532618089E+002
     11300   0.9009460931E+003   0.1531789032E+002
     11400   0.8978894248E+003   0.1498258189E+002
     11500   0.9004495337E+003   0.1463404841E+002
     11600   0.9018124930E+003   0.1463098518E+002
     11700   0.8985358505E+003   0.1498108878E+002
     11800   0.8972396606E+003   0.1498408517E+002
     11900   0.9076548842E+003   0.1461797306E+002
     12000   0.9078746187E+003   0.1461748738E+002
     12100   0.8918260046E+003   0.1499670717E+002
     12200   0.8994227771E+003   0.1497904415E+002
     12300   0.9022121420E+003   0.1463008897E+002
     12400   0.9010161722E+003   0.1497538240E+002
     12500   0.8896803032E+003   0.1500175835E+002
     12600   0.8966713721E+003   0.1498540199E+002
     12700   0.8963838709E+003   0.1498606890E+002
     12800   0.8960959496E+003   0.1498673727E+002
     12900   0.8917839379E+003   0.1465377386E+002
     13000   0.9064045561E+003   0.1462074173E+002
     13100   0.9001908411E+003   0.1429171941E+002
     13200   0.9033950920E+003   0.1428467606E+002
     13300   0.8981436338E+003   0.1429624942E+002
     13400   0.8983523566E+003   0.1395252416E+002
     13500   0.9015894847E+003   0.1394552519E+002
     13600   0.9043122791E+003   0.1428267042E+002
     13700   0.9157960254E+003   0.1425794502E+002
     13800   0.9007324638E+003   0.1429052485E+002
     13900   0.9067871559E+003   0.1427728158E+002
     14000   0.8982112214E+003   0.1395283062E+002
     14100   0.9058849766E+003   0.1393632585E+002
     14200   0.9047909642E+003   0.1393865937E+002
     14300   0.8916709043E+003   0.1396715343E+002
     14400   0.8989533196E+003   0.1429445496E+002
     14500   0.8950727028E+003   0.1395967396E+002
     14600   0.9020852991E+003   0.1360110294E+002
     14700   0.8996126488E+003   0.1394979247E+002
     14800   0.9034946473E+003   0.1359814260E+002
     14900   0.8938458337E+003   0.1361862313E+002
     15000   0.8934561410E+003   0.1361946089E+002
     15100   0.8982549963E+003   0.1395273555E+002
     15200   0.8936591640E+003   0.1361902433E+002
     15300   0.8895123003E+003   0.1397193338E+002
     15400   0.8879342229E+003   0.1363142223E+002
     15500   0.8928250181E+003   0.1362081946E+002
     15600   0.8964573000E+003   0.1361303041E+002
     15700   0.9029723784E+003   0.1359923840E+002
     15800   0.9040733600E+003   0.1359693006E+002
     15900   0.9057376912E+003   0.1359345272E+002
     16000   0.9004755717E+003   0.1360449710E+002
     16100   0.8946249102E+003   0.1361695076E+002
     16200   0.8981034109E+003   0.1326571645E+002
     16300   0.8841751916E+003   0.1363966255E+002
     16400   0.8983374355E+003   0.1360902687E+002
     16500   0.9001397737E+003   0.1326149495E+002
     16600   0.8927304674E+003   0.1327696043E+002
     16700   0.9010847920E+003   0.1360321091E+002
     16800   0.8882183031E+003   0.1328652311E+002
     16900   0.9052000342E+003   0.1290735766E+002
     17000   0.8994008899E+003   0.1291901066E+002
     17100   0.8946193075E+003   0.1327299008E+002
     17200   0.9017472649E+003   0.1325817788E+002
     17300   0.9169990215E+003   0.1288416611E+002
     17400   0.8925158825E+003   0.1327741270E+002
     17500   0.9084778781E+003   0.1290084603E+002
     17600   0.9000859866E+003   0.1291762508E+002
     17700   0.8918262309E+003   0.1293449216E+002
     17800   0.9031956670E+003   0.1325520061E+002
     17900   0.9013335852E+003   0.1325903022E+002
     18000   0.9108181072E+003   0.1289622969E+002
     18100   0.8988340531E+003   0.1292015888E+002
     18200   0.8924066396E+003   0.1293329527E+002
     18300   0.9123770781E+003   0.1323657801E+002
     18400   0.9013839139E+003   0.1291500666E+002
     18500   0.9023220797E+003   0.1291311937E+002
     18600   0.9040079076E+003   0.1290973924E+002
     18700   0.9165783942E+003   0.1322819804E+002
     18800   0.9069789572E+003   0.1324747496E+002
     18900   0.8850535540E+003   0.1329329670E+002
     19000   0.9015469547E+003   0.1291467835E+002
     19100   0.9026594892E+003   0.1325630148E+002
     19200   0.9059839382E+003   0.1290579551E+002
     19300   0.9118482496E+003   0.1289420618E+002
     19400   0.9014625832E+003   0.1291484823E+002
     19500   0.9057829927E+003   0.1290619565E+002
     19600   0.9025111190E+003   0.1291273962E+002
     19700   0.8926142013E+003   0.1258826012E+002
     19800   0.9020149675E+003   0.1256958037E+002
     19900   0.9038247747E+003   0.1256603508E+002
     20000   0.8959425341E+003   0.1258159538E+002
     20100   0.9029108245E+003   0.1222344335E+002
     20200   0.8993002407E+003   0.1257492888E+002
     20300   0.9147225155E+003   0.1220120007E+002
     20400   0.8920822233E+003   0.1258933064E+002
     20500   0.8904841156E+003   0.1224757314E+002
     20600   0.8987216205E+003   0.1223149267E+002
     20700   0.8950769596E+003   0.1223856572E+002
     20800   0.9079440520E+003   0.1221388430E+002
     20900   0.8949457805E+003   0.1258358537E+002
     21000   0.9058415999E+003   0.1221786252E+002
     21100   0.8996360431E+003   0.1222972836E+002
     21200   0.8943721217E+003   0.1258473296E+002
     21300   0.8963433703E+003   0.1258079655E+002
     21400   0.9056292669E+003   0.1221826546E+002
     21500   0.8970916864E+003   0.1223464770E+002
     21600   0.8911403143E+003   0.1259122965E+002
     21700   0.9045300848E+003   0.1222035483E+002
     21800   0.9008876100E+003   0.1222732018E+002
     21900   0.9040757305E+003   0.1256554475E+002
     22000   0.9007794690E+003   0.1222752795E+002
     22100   0.9004106781E+003   0.1257273667E+002
     22200   0.9046484213E+003   0.1256442696E+002
     22300   0.8913530614E+003   0.1224586084E+002
     22400   0.9034464789E+003   0.1222242026E+002
     22500   0.8926097933E+003   0.1258826899E+002
     22600   0.9107010685E+003   0.1220869926E+002
     22700   0.8953688749E+003   0.1223799679E+002
     22800   0.9005413231E+003   0.1188322487E+002
     22900   0.8996481776E+003   0.1188490088E+002
     23000   0.9064139658E+003   0.1221677741E+002
     23100   0.8990079517E+003   0.1223093978E+002
     23200   0.9069731582E+003   0.1187126654E+002
     23300   0.9016291689E+003   0.1188118861E+002
     23400   0.9012291517E+003   0.1222666433E+002
     23500   0.8959910355E+003   0.1189180346E+002
     23600   0.8994527365E+003   0.1188526814E+002
     23700   0.8995996275E+003   0.1222979854E+002
     23800   0.8939285472E+003   0.1224080805E+002
     23900   0.8985645458E+003   0.1223179615E+002
     24000   0.8950563364E+003   0.1154828022E+002
     24100   0.8951937023E+003   0.1154802596E+002
     24200   0.8948137249E+003   0.1189403926E+002
     24300   0.9040826612E+003   0.1187661664E+002
     24400   0.8947275333E+003   0.1120330496E+002
     24500   0.8979501570E+003   0.1119751824E+002
     24600   0.9069006880E+003   0.1083643988E+002
     24700   0.8906389402E+003   0.1086465442E+002
     24800   0.9017986760E+003   0.1084516677E+002
     24900   0.8913412266E+003   0.1120943720E+002
     25000   0.8928915551E+003   0.1086067588E+002
     25100   0.9009003261E+003   0.1084671508E+002
     25200   0.9034765429E+003   0.1084228438E+002
     25300   0.8975373378E+003   0.1119825687E+002
     25400   0.8995101572E+003   0.1084911802E+002
     25500   0.9023861125E+003   0.1084415623E+002
     25600   0.9064683248E+003   0.1083717508E+002
     25700   0.9167327287E+003   0.1081993482E+002
     25800   0.9028783294E+003   0.1118876022E+002
     25900   0.8938744897E+003   0.1085894702E+002
     26000   0.8882157096E+003   0.1086896012E+002
     26100   0.8999304396E+003   0.1084839066E+002
     26200   0.8938256886E+003   0.1085903276E+002
     26300   0.9004266550E+003   0.1119310348E+002
     26400   0.8946152871E+003   0.1085764693E+002
     26500   0.8990871155E+003   0.1084985094E+002
     26600   0.8964112242E+003   0.1085450528E+002
     26700   0.8925125236E+003   0.1086134371E+002
     26800   0.9007050868E+003   0.1119260886E+002
     26900   0.9003958976E+003   0.1084758602E+002
     27000   0.9018320711E+003   0.1084510928E+002
     27100   0.8984198539E+003   0.1085100858E+002
     27200   0.9055518618E+003   0.1083873610E+002
     27300   0.9123222594E+003   0.1082728847E+002
     27400   0.8908512727E+003   0.1086427842E+002
     27500   0.9079768980E+003   0.1048914723E+002
     27600   0.9129755265E+003   0.1082619415E+002
     27700   0.9002712652E+003   0.1084780138E+002
     27800   0.8919593041E+003   0.1051605334E+002
     27900   0.8906292676E+003   0.1051833737E+002
     28000   0.9034222406E+003   0.1049668709E+002
     28100   0.8995046185E+003   0.1050324227E+002
     28200   0.9091025206E+003   0.1014162034E+002
     28300   0.9025911847E+003   0.1049807222E+002
     28400   0.9064702225E+003   0.1049163183E+002
     28500   0.9063626029E+003   0.1014599758E+002
     28600   0.8999395544E+003   0.1015637849E+002
     28700   0.9005767998E+003   0.9808970995E+001
     28800   0.8953039149E+003   0.1016397658E+002
     28900   0.9028260275E+003   0.9458910881E+001
     29000   0.8933409741E+003   0.9820481416E+001
     29100   0.8924187549E+003   0.9474903706E+001
     29200   0.8967751582E+003   0.9814991947E+001
     29300   0.8851481348E+003   0.9833774911E+001
     29400   0.8915254100E+003   0.9476296462E+001
     29500   0.9025835900E+003   0.9805816093E+001
     29600   0.8958190566E+003   0.9469631632E+001
     29700   0.8941027184E+003   0.9472287021E+001
     29800   0.9002243333E+003   0.8768743643E+001
     29900   0.8926824301E+003   0.9127173908E+001
     30000   0.9053676826E+003   0.8761471273E+001
     30100   0.8958744396E+003   0.9122393517E+001
     30200   0.8965809203E+003   0.9121340757E+001
     30300   0.9037000284E+003   0.8763818842E+001
     30400   0.8955069119E+003   0.8775498021E+001
     30500   0.8888203433E+003   0.8785212862E+001
     30600   0.8917585217E+003   0.8780923422E+001
     30700   0.9019214926E+003   0.8418953284E+001
     30800   0.9026855990E+003   0.8417911236E+001
     30900   0.8955987733E+003   0.8427654162E+001
     31000   0.9062448613E+003   0.8413083827E+001
     31100   0.9011793092E+003   0.8767386176E+001
     31200   0.8938969575E+003   0.8777821865E+001
     31300   0.9005011807E+003   0.8420895617E+001
     31400   0.8998809995E+003   0.8769232488E+001
     31500   0.9016432819E+003   0.8419333196E+001
     31600   0.9097859638E+003   0.8408323959E+001
     31700   0.9035886445E+003   0.8069118953E+001
     31800   0.9095613771E+003   0.8061370432E+001
     31900   0.9015438657E+003   0.8419469019E+001
     32000   0.9027457483E+003   0.8070221921E+001
     32100   0.9103017514E+003   0.8060418044E+001
     32200   0.9118282562E+003   0.8058459998E+001
     32300   0.9087375020E+003   0.8062432322E+001
     32400   0.8920307300E+003   0.8084451669E+001
     32500   0.9112796090E+003   0.8059162883E+001
     32600   0.8986550240E+003   0.8075608537E+001
     32700   0.8995462597E+003   0.8074430180E+001
     32800   0.9014617217E+003   0.8071906675E+001
     32900   0.9141062484E+003   0.8055551938E+001
     33000   0.8965343199E+003   0.8078423259E+001
     33100   0.8971791793E+003   0.8077565749E+001
     33200   0.9045335865E+003   0.8415399387E+001
     33300   0.8989696626E+003   0.8422997915E+001
     33400   0.9029762017E+003   0.8069920128E+001
     33500   0.9019182435E+003   0.8071307049E+001
     33600   0.9018064804E+003   0.7723526574E+001
     33700   0.9065170804E+003   0.7369675920E+001
     33800   0.9029656353E+003   0.7722067843E+001
     33900   0.9032353366E+003   0.7373606676E+001
     34000   0.8979253172E+003   0.7728442271E+001
     34100   0.9073589178E+003   0.7716577920E+001
     34200   0.8967167049E+003   0.7381512470E+001
     34300   0.9116638711E+003   0.7363576580E+001
     34400   0.9067067720E+003   0.7369449712E+001
     34500   0.9051089991E+003   0.7371358465E+001
     34600   0.8982175033E+003   0.7379680626E+001
     34700   0.9095545630E+003   0.7018008081E+001
     34800   0.9069473168E+003   0.7020967018E+001
     34900   0.9026282731E+003   0.7374337389E+001
     35000   0.8977515593E+003   0.7031560812E+001
     35100   0.9119912964E+003   0.7363191224E+001
     35200   0.9041607523E+003   0.7024151111E+001
     35300   0.9011542068E+003   0.7027611925E+001
     35400   0.8997614336E+003   0.7377803457E+001
     35500   0.9083021240E+003   0.7019427030E+001
     35600   0.9011373008E+003   0.7376136847E+001
     35700   0.9111764378E+003   0.7016177226E+001
     35800   0.9141125452E+003   0.7012881732E+001
     35900   0.9102186827E+003   0.7017257484E+001
     36000   0.8991430601E+003   0.7378554411E+001
     36100   0.9010588910E+003   0.7027722076E+001
     36200   0.8957559963E+003   0.7033892770E+001
     36300   0.9013647107E+003   0.7027368752E+001
     36400   0.8948885008E+003   0.7034910228E+001
     36500   0.8957164227E+003   0.6684866946E+001
     36600   0.9130162991E+003   0.7014109320E+001
     36700   0.9090350705E+003   0.6670241314E+001
     36800   0.8957821576E+003   0.6684793532E+001
     36900   0.9040785253E+003   0.6675626456E+001
     37000   0.9020721694E+003   0.6328826952E+001
     37100   0.8885270306E+003   0.6692971593E+001
     37200   0.8949337183E+003   0.6336352277E+001
     37300   0.8938642775E+003   0.6337491587E+001
     37400   0.8940671066E+003   0.6337275265E+001
     37500   0.8962785729E+003   0.6334923998E+001
     37600   0.9127076426E+003   0.6317865495E+001
     37700   0.9019752632E+003   0.6677932131E+001
     37800   0.8920492213E+003   0.6339432420E+001
     37900   0.9007097848E+003   0.6679325356E+001
     38000   0.8985619245E+003   0.6332510261E+001
     38100   0.8909623041E+003   0.6340599015E+001
     38200   0.9030592781E+003   0.6327797102E+001
     38300   0.9061373012E+003   0.6324602342E+001
     38400   0.8972082474E+003   0.6333939532E+001
     38500   0.9175003551E+003   0.5964577698E+001
     38600   0.9063516677E+003   0.5626033753E+001
     38700   0.8998573306E+003   0.5632089218E+001
     38800   0.9020632721E+003   0.5979564920E+001
     38900   0.9023460752E+003   0.5629756813E+001
     39000   0.9015073681E+003   0.5980115629E+001
     39100   0.9023279098E+003   0.5629773784E+001
     39200   0.8989505145E+003   0.5632942762E+001
     39300   0.9034961153E+003   0.5978149056E+001
     39400   0.9029974085E+003   0.5629148836E+001
     39500   0.9043455630E+003   0.5627893620E+001
     39600   0.8990003967E+003   0.5632895759E+001
     39700   0.9044535053E+003   0.5977205883E+001
     39800   0.8975558042E+003   0.5634259412E+001
     39900   0.9084332111E+003   0.5624113920E+001
     40000   0.9079727911E+003   0.5624537700E+001
     40100   0.9145447210E+003   0.5618535143E+001
     40200   0.8998235613E+003   0.5632120968E+001
     40300   0.8967913280E+003   0.5984819196E+001
     40400   0.8925212346E+003   0.5639051629E+001
     40500   0.9085368269E+003   0.5973208824E+001
     40600   0.8882717673E+003   0.5993462078E+001
     40700   0.9064485129E+003   0.5625944207E+001
     40800   0.9106381548E+003   0.5622091265E+001
     40900   0.8956840289E+003   0.5636033843E+001
     41000   0.9093719493E+003   0.5273836427E+001
     41100   0.9085885047E+003   0.5274513410E+001
     41200   0.9077142183E+003   0.4925494111E+001
     41300   0.9140435705E+003   0.5269827283E+001
     41400   0.9162787225E+003   0.5267925687E+001
     41500   0.9078511730E+003   0.5275151773E+001
     41600   0.9033908890E+003   0.4929023206E+001
     41700   0.9138621142E+003   0.4920541677E+001
     41800   0.9091673291E+003   0.5274013112E+001
     41900   0.9048412950E+003   0.5277770057E+001
     42000   0.9089922554E+003   0.4924458250E+001
     42100   0.9124009692E+003   0.4921711756E+001
     42200   0.9039061930E+003   0.5278587582E+001
     42300   0.9007695936E+003   0.5281344054E+001
     42400   0.9018509881E+003   0.5280391224E+001
     42500   0.9089710878E+003   0.5274182648E+001
     42600   0.9124623503E+003   0.4921662516E+001
     42700   0.9049240901E+003   0.5277697766E+001
     42800   0.9020959806E+003   0.4579726452E+001
     42900   0.8962289358E+003   0.4934955740E+001
     43000   0.9023526298E+003   0.4929876523E+001
     43100   0.9082820864E+003   0.4575017289E+001
     43200   0.9047362993E+003   0.4927920802E+001
     43300   0.9134049006E+003   0.4571173031E+001
     43400   0.9108748424E+003   0.4573065423E+001
     43500   0.9061475639E+003   0.4576633833E+001
     43600   0.9137252990E+003   0.4570934244E+001
     43700   0.9086169459E+003   0.4574764481E+001
     43800   0.9098439727E+003   0.4573839946E+001
     43900   0.9090664186E+003   0.4574425481E+001
     44000   0.9082208170E+003   0.4575063569E+001
     44100   0.9057736177E+003   0.4576917937E+001
     44200   0.9030187798E+003   0.4228436357E+001
     44300   0.8966033159E+003   0.4583970487E+001
     44400   0.9034129275E+003   0.4578717710E+001
     44500   0.9086859401E+003   0.4574712420E+001
     44600   0.8999015464E+003   0.4230655143E+001
     44700   0.9100530881E+003   0.4223493705E+001
     44800   0.8996298993E+003   0.3879799076E+001
     44900   0.9052317046E+003   0.4226871915E+001
     45000   0.9002822878E+003   0.3879370339E+001
     45100   0.8884604258E+003   0.4238952737E+001
     45200   0.9022678284E+003   0.3878069874E+001
     45300   0.9077575869E+003   0.4225096950E+001
     45400   0.9036034626E+003   0.3877198781E+001
     45500   0.9025273172E+003   0.4228784999E+001
     45600   0.9037200975E+003   0.3877122853E+001
     45700   0.8962180656E+003   0.3882052993E+001
     45800   0.9001120477E+003   0.4230504755E+001
     45900   0.9089696871E+003   0.4224249223E+001
     46000   0.9044579134E+003   0.3876643067E+001
     46100   0.9132567566E+003   0.3520438419E+001
     46200   0.9096780648E+003   0.3522521752E+001
     46300   0.9070848688E+003   0.3524043208E+001
     46400   0.9125718499E+003   0.3871425598E+001
     46500   0.9113760392E+003   0.3521530930E+001
     46600   0.9112536952E+003   0.3170667288E+001
     46700   0.8992944925E+003   0.3528674754E+001
     46800   0.8987634948E+003   0.3528993814E+001
     46900   0.9039349713E+003   0.3174552604E+001
     47000   0.8931290447E+003   0.3180423607E+001
     47100   0.9013335556E+003   0.3527453571E+001
     47200   0.9101123852E+003   0.3171268444E+001
     47300   0.9084407657E+003   0.3523246441E+001
     47400   0.9011389386E+003   0.3176056155E+001
     47500   0.9057161193E+003   0.3524850313E+001
     47600   0.9083148292E+003   0.3523320330E+001
     47700   0.9060485333E+003   0.3524654042E+001
     47800   0.9096433352E+003   0.3171516008E+001
     47900   0.9034250429E+003   0.3526207591E+001
     48000   0.9010237866E+003   0.3527638680E+001
     48100   0.9051269034E+003   0.3173914903E+001
     48200   0.9026149787E+003   0.3175261084E+001
     48300   0.9066976612E+003   0.3173077475E+001
     48400   0.9007459785E+003   0.3176268330E+001
     48500   0.9103928186E+003   0.3171120572E+001
     48600   0.9080154775E+003   0.3172377474E+001
     48700   0.9093108804E+003   0.3171691655E+001
     48800   0.9010373088E+003   0.3527630596E+001
     48900   0.8984179299E+003   0.3529201687E+001
     49000   0.9084519950E+003   0.3172146119E+001
     49100   0.9045425874E+003   0.3174227278E+001
     49200   0.8957458842E+003   0.2826880809E+001
     49300   0.8912889537E+003   0.2829068468E+001
     49400   0.9021466525E+003   0.2471776916E+001
     49500   0.8943296722E+003   0.2475104749E+001
     49600   0.8945211852E+003   0.2475022416E+001
     49700   0.9035678460E+003   0.2823101607E+001
     49800   0.8977281784E+003   0.2473649719E+001
     49900   0.9023715340E+003   0.2119414037E+001
     50000   0.9004332436E+003   0.2120117924E+001
     50100   0.8973963848E+003   0.2473791212E+001
     50200   0.8923925517E+003   0.2475939835E+001
     50300   0.8999518878E+003   0.2120293270E+001
     50400   0.8987510609E+003   0.2120731648E+001
     50500   0.8917020108E+003   0.2123332527E+001
     50600   0.9141254536E+003   0.2115219272E+001
     50700   0.9005125399E+003   0.2120089059E+001
     50800   0.9062404838E+003   0.1765703969E+001
     50900   0.9008399813E+003   0.1767334792E+001
     51000   0.9025463677E+003   0.1766817069E+001
     51100   0.8953802961E+003   0.1769006606E+001
     51200   0.8945213067E+003   0.2122286610E+001
     51300   0.9015830099E+003   0.1767109077E+001
     51400   0.9034439483E+003   0.1766545646E+001
     51500   0.9012315691E+003   0.2119827590E+001
     51600   0.9045767923E+003   0.1766203969E+001
     51700   0.9037552883E+003   0.2118913661E+001
     51800   0.9015131097E+003   0.1767130293E+001
     51900   0.8948782729E+003   0.2122154724E+001
     52000   0.8902263333E+003   0.2123883036E+001
     52100   0.9017362914E+003   0.1767062567E+001
     52200   0.8987232369E+003   0.1767980176E+001
     52300   0.9058639060E+003   0.1765816959E+001
     52400   0.8959401492E+003   0.2121763117E+001
     52500   0.8897885401E+003   0.1770743471E+001
     52600   0.9052282432E+003   0.1766007932E+001
     52700   0.9088652629E+003   0.2117081076E+001
     52800   0.8977636267E+003   0.1768273915E+001
     52900   0.9048540971E+003   0.1766120481E+001
     53000   0.8892522617E+003   0.1770911374E+001
     53100   0.8979836161E+003   0.1415122509E+001
     53200   0.8996613643E+003   0.1767693713E+001
     53300   0.9105993674E+003   0.1412070379E+001
     53400   0.8935076893E+003   0.1416229334E+001
     53500   0.9107682324E+003   0.1412030187E+001
     53600   0.8954587687E+003   0.1415745290E+001
     53700   0.9010566509E+003   0.1414369952E+001
     53800   0.9004665209E+003   0.1414514009E+001
     53900   0.9093134422E+003   0.1059694247E+001
     54000   0.8951594149E+003   0.1062284586E+001
     54100   0.9053698772E+003   0.1060406561E+001
     54200   0.8986946060E+003   0.1061628769E+001
     54300   0.8922109887E+003   0.1416552388E+001
     54400   0.9009375599E+003   0.1061215760E+001
     54500   0.9079990033E+003   0.1059930876E+001
     54600   0.9120895948E+003   0.7064048198E+000
     54700   0.9126825244E+003   0.7063340965E+000
     54800   0.9094776676E+003   0.7067176324E+000
     54900   0.9047578574E+003   0.7072881848E+000
     55000   0.8988693336E+003   0.7080097344E+000
     55100   0.9039007068E+003   0.7073925400E+000
     55200   0.8945617769E+003   0.7085445248E+000
     55300   0.9043243290E+003   0.3538088388E+000
     55400   0.9013512943E+003   0.7077042786E+000
     55500   0.8998661987E+003   0.7078868157E+000
     55600   0.8940993086E+003   0.7086022956E+000
     55700   0.9054809242E+003   0.7072003314E+000
     55800   0.9024886161E+003   0.7075649569E+000
     55900   0.9026201036E+003   0.7075488759E+000
     56000   0.8954546748E+003   0.7084331807E+000
     56100   0.8860396939E+003   0.7096203173E+000
     56200   0.9068636810E+003   0.3536542504E+000
     56300   0.8977131744E+003   0.3542160553E+000
     56400   0.8911632989E+003   0.0000000000E+000
     56500   0.8980050718E+003   0.3541979293E+000
     56600   0.9067019361E+003   0.3536640671E+000
     56700   0.8970585795E+003   0.0000000000E+000
     56800   0.8865600687E+003   0.3549189988E+000
     56900   0.9007058756E+003   0.0000000000E+000
     57000   0.9042685362E+003   0.3538122466E+000
     57100   0.8931836649E+003   0.3544990831E+000
     57200   0.9059661929E+003   0.0000000000E+000
     57300   0.9057082415E+003   0.3537244660E+000
     57400   0.8945194122E+003   0.0000000000E+000
     57500   0.8988998111E+003   0.3541424536E+000
     57600   0.8971511152E+003   0.7082223417E+000
     57700   0.8898003355E+003   0.3547126705E+000
     57800   0.9048314076E+003   0.3537778892E+000
     57900   0.9004014793E+003   0.3540496336E+000
     58000   0.9043118912E+003   0.7073424511E+000
     58100   0.8861750541E+003   0.7096030425E+000
     58200   0.9061010685E+003   0.3537005708E+000
     58300   0.9024751599E+003   0.3539220440E+000
     58400   0.9035863610E+003   0.3538539526E+000
     58500   0.9012108119E+003   0.3539997561E+000
     58600   0.8975166087E+003   0.3542282691E+000
     58700   0.9025846930E+003   0.0000000000E+000
     58800   0.9024869737E+003   0.3539213191E+000
     58900   0.9025502756E+003   0.3539174350E+000
     59000   0.8965752745E+003   0.3542868459E+000
     59100   0.8991912499E+003   0.3541244113E+000
     59200   0.9048421861E+003   0.0000000000E+000
     59300   0.9036495200E+003   0.3538500882E+000
     59400   0.9062635992E+003   0.3536906913E+000
     59500   0.8960557685E+003   0.3543192345E+000
     59600   0.9042016847E+003   0.3538163305E+000
     59700   0.8952516910E+003   0.0000000000E+000
     59800   0.8913079200E+003   0.0000000000E+000
     59900   0.9083078303E+003   0.0000000000E+000
     60000   0.9145597342E+003   0.3531917880E+000
     60100   0.9023512794E+003   0.3539296471E+000
     60200   0.9069747581E+003   0.3536475111E+000
     60300   0.9017488942E+003   0.3539666525E+000
     60400   0.9122661308E+003   0.3533286703E+000
     60500   0.9122807190E+003   0.0000000000E+000
     60600   0.9053798906E+003   0.0000000000E+000
     60700   0.9078589880E+003   0.3535939315E+000
     60800   0.9133210070E+003   0.0000000000E+000
     60900   0.9080372638E+003   0.3535831435E+000
     61000   0.9053691167E+003   0.0000000000E+000
     61100   0.9007982239E+003   0.0000000000E+000
     61200   0.9053265710E+003   0.0000000000E+000
     61300   0.9040364542E+003   0.0000000000E+000
     61400   0.9107620666E+003   0.0000000000E+000
     61500   0.9093755371E+003   0.0000000000E+000
     61600   0.9019000512E+003   0.3539573613E+000
     61700   0.8892451363E+003   0.3547478998E+000
     61800   0.9060818016E+003   0.0000000000E+000
     61900   0.8993357148E+003   0.3541154729E+000
     62000   0.8980877168E+003   0.0000000000E+000
     62100   0.8955400300E+003   0.0000000000E+000
     62200   0.8911853119E+003   0.3546250106E+000
     62300   0.9115504665E+003   0.3533715439E+000
     62400   0.9127597210E+003   0.0000000000E+000
     62500   0.9052884777E+003   0.0000000000E+000
     62600   0.9050769019E+003   0.0000000000E+000
     62700   0.8961985464E+003   0.0000000000E+000
     62800   0.8970963342E+003   0.0000000000E+000
     62900   0.8993872917E+003   0.0000000000E+000
     63000   0.9061087493E+003   0.0000000000E+000
     63100   0.9092749605E+003   0.0000000000E+000
     63200   0.9059882508E+003   0.0000000000E+000
     63300   0.9093359032E+003   0.0000000000E+000
     63400   0.8966408839E+003   0.0000000000E+000
     63500   0.9056858425E+003   0.0000000000E+000
     63600   0.8960308533E+003   0.0000000000E+000
     63700   0.9046041638E+003   0.3537917541E+000
     63800   0.8903721163E+003   0.3546764422E+000
     63900   0.9127376477E+003   0.0000000000E+000
     64000   0.9048579086E+003   0.0000000000E+000
     64100   0.8954196069E+003   0.3543589552E+000
     64200   0.8955087742E+003   0.3543533838E+000
     64300   0.9036027717E+003   0.0000000000E+000
     64400   0.9002079927E+003   0.3540615731E+000
     64500   0.8895861646E+003   0.0000000000E+000
     64600   0.8898054937E+003   0.0000000000E+000
     64700   0.8993661529E+003   0.0000000000E+000
     64800   0.9015005684E+003   0.0000000000E+000
     64900   0.8937876446E+003   0.0000000000E+000
     65000   0.8996108542E+003   0.0000000000E+000
     65100   0.9078323285E+003   0.3535955451E+000
     65200   0.9078050416E+003   0.0000000000E+000
     65300   0.9047590217E+003   0.0000000000E+000
     65400   0.9087722591E+003   0.3535387185E+000
     65500   0.9024004839E+003   0.0000000000E+000
     65600   0.9055061819E+003   0.0000000000E+000
     65700   0.8974372946E+003   0.3542331991E+000
     65800   0.9048341970E+003   0.3537777191E+000
     65900   0.8952778461E+003   0.0000000000E+000
     66000   0.9024755784E+003   0.3539220183E+000
     66100   0.9137972069E+003   0.0000000000E+000
     66200   0.9048757189E+003   0.0000000000E+000
     66300   0.9085524033E+003   0.0000000000E+000
     66400   0.9012385545E+003   0.0000000000E+000
     66500   0.9000173299E+003   0.3540733442E+000
     66600   0.8992123011E+003   0.3541231086E+000
     66700   0.9032997870E+003   0.0000000000E+000
     66800   0.8951030142E+003   0.0000000000E+000
     66900   0.8962107209E+003   0.0000000000E+000
     67000   0.8967470367E+003   0.3542761470E+000
     67100   0.9014337441E+003   0.3539860354E+000
     67200   0.9035797891E+003   0.0000000000E+000
     67300   0.9024074531E+003   0.3539261992E+000
     67400   0.8995892504E+003   0.3540997939E+000
     67500   0.8999945766E+003   0.3540747493E+000
     67600   0.9042538457E+003   0.0000000000E+000
     67700   0.8986344769E+003   0.3541588915E+000
     67800   0.8992558803E+003   0.3541204120E+000
     67900   0.9026001238E+003   0.3539143769E+000
     68000   0.8983964949E+003   0.7080681483E+000
     68100   0.9025123680E+003   0.3539197609E+000
     68200   0.9020954676E+003   0.7076130716E+000
     68300   0.9022587805E+003   0.3539353257E+000
     68400   0.8997277713E+003   0.3540912320E+000
     68500   0.8956934356E+003   0.7084034509E+000
     68600   0.9014096182E+003   0.3539875199E+000
     68700   0.8967280813E+003   0.3542773275E+000
     68800   0.8950196206E+003   0.3543839630E+000
     68900   0.9049490981E+003   0.3537707117E+000
     69000   0.8990948887E+003   0.3541303753E+000
     69100   0.8877510482E+003   0.3548429586E+000
     69200   0.8965191716E+003   0.7083007738E+000
     69300   0.8858977498E+003   0.7096384389E+000
     69400   0.8952472381E+003   0.7084590251E+000
     69500   0.8987929623E+003   0.7080191644E+000
     69600   0.8988640143E+003   0.3541446706E+000
     69700   0.8934020921E+003   0.7086895217E+000
     69800   0.8910352221E+003   0.7089868114E+000
     69900   0.9022441887E+003   0.7075948650E+000
     70000   0.9132938524E+003   0.3532672377E+000
     70100   0.9042478608E+003   0.7073502476E+000
     70200   0.9083927876E+003   0.3535616444E+000
     70300   0.9101141229E+003   0.3534578266E+000
     70400   0.9039130348E+003   0.7073910374E+000
     70500   0.8931925358E+003   0.7087157693E+000
     70600   0.8942944110E+003   0.7085779153E+000
     70700   0.9040937517E+003   0.7073690174E+000
     70800   0.9019424975E+003   0.3539547529E+000
     70900   0.9015061379E+003   0.3539815816E+000
     71000   0.8992903803E+003   0.3541182775E+000
     71100   0.9006875242E+003   0.3540319934E+000
     71200   0.9046549621E+003   0.3537886540E+000
     71300   0.8935322555E+003   0.0000000000E+000
     71400   0.9054912532E+003   0.3537376754E+000
     71500   0.9103943675E+003   0.0000000000E+000
     71600   0.9018724805E+003   0.0000000000E+000
     71700   0.9020423728E+003   0.0000000000E+000
     71800   0.8888412703E+003   0.0000000000E+000
     71900   0.8969112576E+003   0.0000000000E+000
     72000   0.9002112739E+003   0.0000000000E+000
     72100   0.8962620781E+003   0.0000000000E+000
     72200   0.8953085925E+003   0.0000000000E+000
     72300   0.9013309656E+003   0.0000000000E+000
     72400   0.8900795829E+003   0.0000000000E+000
     72500   0.8988881772E+003   0.0000000000E+000
     72600   0.9069821743E+003   0.0000000000E+000
     72700   0.9048848942E+003   0.0000000000E+000
     72800   0.8916999033E+003   0.0000000000E+000
     72900   0.8986528769E+003   0.0000000000E+000
     73000   0.8842713578E+003   0.0000000000E+000
     73100   0.8986062372E+003   0.0000000000E+000
     73200   0.8920354935E+003   0.0000000000E+000
     73300   0.9002902437E+003   0.0000000000E+000
     73400   0.8924709410E+003   0.0000000000E+000
     73500   0.8962999946E+003   0.0000000000E+000
     73600   0.8959470177E+003   0.0000000000E+000
     73700   0.9036550828E+003   0.0000000000E+000
     73800   0.8935238276E+003   0.0000000000E+000
     73900   0.8989484263E+003   0.0000000000E+000
     74000   0.9141113811E+003   0.0000000000E+000
     74100   0.8908270223E+003   0.0000000000E+000
     74200   0.9045622859E+003   0.0000000000E+000
     74300   0.9044011283E+003   0.0000000000E+000
     74400   0.9073321667E+003   0.0000000000E+000
     74500   0.9069444946E+003   0.0000000000E+000
     74600   0.9048785644E+003   0.0000000000E+000
     74700   0.9031520443E+003   0.0000000000E+000
     74800   0.8951839202E+003   0.0000000000E+000
     74900   0.9055900520E+003   0.0000000000E+000
     75000   0.9069646320E+003   0.0000000000E+000
     75100   0.9071980873E+003   0.0000000000E+000
     75200   0.8960096874E+003   0.0000000000E+000
     75300   0.9151146128E+003   0.0000000000E+000
     75400   0.9007913501E+003   0.0000000000E+000
     75500   0.9022028251E+003   0.0000000000E+000
     75600   0.9021722350E+003   0.0000000000E+000
     75700   0.9174923040E+003   0.0000000000E+000
     75800   0.9092166445E+003   0.0000000000E+000
     75900   0.9141788283E+003   0.0000000000E+000
     76000   0.9116299060E+003   0.0000000000E+000
     76100   0.9156030646E+003   0.0000000000E+000
     76200   0.9013873325E+003   0.0000000000E+000
     76300   0.9029575301E+003   0.3538924619E+000
     76400   0.9059370788E+003   0.0000000000E+000
     76500   0.9066845429E+003   0.0000000000E+000
     76600   0.9044303957E+003   0.0000000000E+000
     76700   0.9010207664E+003   0.3540114589E+000
     76800   0.9026634847E+003   0.0000000000E+000
     76900   0.9218634138E+003   0.3527611352E+000
     77000   0.9036837104E+003   0.0000000000E+000
     77100   0.8979063217E+003   0.0000000000E+000
     77200   0.9156003409E+003   0.0000000000E+000
     77300   0.8919666689E+003   0.0000000000E+000
     77400   0.8911482561E+003   0.3546273519E+000
     77500   0.9043543175E+003   0.0000000000E+000
     77600   0.9000164570E+003   0.0000000000E+000
     77700   0.9068396640E+003   0.0000000000E+000
     77800   0.9075651824E+003   0.0000000000E+000
     77900   0.8910055503E+003   0.3546363705E+000
     78000   0.9060173860E+003   0.0000000000E+000
     78100   0.9037103112E+003   0.0000000000E+000
     78200   0.9009601696E+003   0.0000000000E+000
     78300   0.9126005686E+003   0.0000000000E+000
     78400   0.9067880125E+003   0.0000000000E+000
     78500   0.9010808639E+003   0.0000000000E+000
     78600   0.9089986467E+003   0.0000000000E+000
     78700   0.8990430154E+003   0.0000000000E+000
     78800   0.8982412275E+003   0.3541832747E+000
     78900   0.9030772301E+003   0.0000000000E+000
     79000   0.9028564460E+003   0.0000000000E+000
     79100   0.9118170391E+003   0.0000000000E+000
     79200   0.9005300060E+003   0.0000000000E+000
     79300   0.9075657085E+003   0.0000000000E+000
     79400   0.8947619079E+003   0.0000000000E+000
     79500   0.9118020433E+003   0.3533564637E+000
     79600   0.9046760064E+003   0.0000000000E+000
     79700   0.9108964444E+003   0.0000000000E+000
     79800   0.9075806784E+003   0.3536107826E+000
     79900   0.9041169155E+003   0.0000000000E+000
     80000   0.9070591156E+003   0.0000000000E+000
     80100   0.9074528960E+003   0.0000000000E+000
     80200   0.9036698890E+003   0.0000000000E+000
     80300   0.8998676122E+003   0.0000000000E+000
     80400   0.9015362787E+003   0.3539797275E+000
     80500   0.9125876259E+003   0.3533094356E+000
     80600   0.9081931941E+003   0.0000000000E+000
     80700   0.9069003935E+003   0.0000000000E+000
     80800   0.9035998120E+003   0.3538531296E+000
     80900   0.9078755901E+003   0.0000000000E+000
     81000   0.9192981641E+003   0.0000000000E+000
     81100   0.9108411817E+003   0.0000000000E+000
     81200   0.9003737404E+003   0.0000000000E+000
     81300   0.8977819755E+003   0.0000000000E+000
     81400   0.9006125358E+003   0.0000000000E+000
     81500   0.8917239353E+003   0.0000000000E+000
     81600   0.9032675882E+003   0.0000000000E+000
     81700   0.8935152537E+003   0.0000000000E+000
     81800   0.9009582020E+003   0.0000000000E+000
     81900   0.9056362539E+003   0.0000000000E+000
     82000   0.9029875079E+003   0.3538906246E+000
     82100   0.9006858995E+003   0.0000000000E+000
     82200   0.9050688791E+003   0.0000000000E+000
     82300   0.9047021327E+003   0.0000000000E+000
     82400   0.8972072251E+003   0.0000000000E+000
     82500   0.9068961632E+003   0.0000000000E+000
     82600   0.9063119150E+003   0.0000000000E+000
     82700   0.9097540075E+003   0.0000000000E+000
     82800   0.8961920589E+003   0.0000000000E+000
     82900   0.9050496709E+003   0.0000000000E+000
     83000   0.9001915900E+003   0.0000000000E+000
     83100   0.9032273000E+003   0.0000000000E+000
     83200   0.9092031518E+003   0.0000000000E+000
     83300   0.9083693824E+003   0.0000000000E+000
     83400   0.9025037197E+003   0.0000000000E+000
     83500   0.8961993446E+003   0.0000000000E+000
     83600   0.8943287542E+003   0.0000000000E+000
     83700   0.9045700643E+003   0.0000000000E+000
     83800   0.8964676068E+003   0.3542935549E+000
     83900   0.8937667158E+003   0.0000000000E+000
     84000   0.9048366965E+003   0.0000000000E+000
     84100   0.9019252315E+003   0.0000000000E+000
     84200   0.8927253397E+003   0.0000000000E+000
     84300   0.8995532117E+003   0.0000000000E+000
     84400   0.8953144972E+003   0.0000000000E+000
     84500   0.9058874591E+003   0.0000000000E+000
     84600   0.8979255219E+003   0.0000000000E+000
     84700   0.9059717747E+003   0.0000000000E+000
     84800   0.8977411447E+003   0.0000000000E+000
     84900   0.8955750571E+003   0.3543492431E+000
     85000   0.8920820387E+003   0.3545684219E+000
     85100   0.8953186430E+003   0.0000000000E+000
     85200   0.8961558660E+003   0.0000000000E+000
     85300   0.8887023941E+003   0.0000000000E+000
     85400   0.8975810658E+003   0.0000000000E+000
     85500   0.8888361136E+003   0.0000000000E+000
     85600   0.9040026404E+003   0.0000000000E+000
     85700   0.8981327374E+003   0.0000000000E+000
     85800   0.8921445735E+003   0.0000000000E+000
     85900   0.9026404932E+003   0.0000000000E+000
     86000   0.8953269978E+003   0.0000000000E+000
     86100   0.8886932030E+003   0.0000000000E+000
     86200   0.8979590721E+003   0.0000000000E+000
     86300   0.8991481978E+003   0.0000000000E+000
     86400   0.8958724244E+003   0.0000000000E+000
     86500   0.9019438732E+003   0.0000000000E+000
     86600   0.8867421374E+003   0.0000000000E+000
     86700   0.8956401303E+003   0.0000000000E+000
     86800   0.9029447616E+003   0.0000000000E+000
     86900   0.9004042333E+003   0.0000000000E+000
     87000   0.8846741178E+003   0.0000000000E+000
     87100   0.9018116155E+003   0.0000000000E+000
     87200   0.8884613265E+003   0.0000000000E+000
     87300   0.8906355241E+003   0.0000000000E+000
     87400   0.8956848718E+003   0.0000000000E+000
     87500   0.9082978472E+003   0.0000000000E+000
     87600   0.9044926485E+003   0.0000000000E+000
     87700   0.8965624387E+003   0.0000000000E+000
     87800   0.9032000193E+003   0.0000000000E+000
     87900   0.9073401542E+003   0.0000000000E+000
     88000   0.9034831262E+003   0.3538602704E+000
     88100   0.9040835727E+003   0.3538235475E+000
     88200   0.9033888396E+003   0.0000000000E+000
     88300   0.9034437873E+003   0.0000000000E+000
     88400   0.9018792891E+003   0.0000000000E+000
     88500   0.8948085777E+003   0.0000000000E+000
     88600   0.8954108466E+003   0.0000000000E+000
     88700   0.8953731607E+003   0.0000000000E+000
     88800   0.8921599721E+003   0.3545635101E+000
     88900   0.8981721553E+003   0.3541875601E+000
     89000   0.8960638790E+003   0.0000000000E+000
     89100   0.8992071118E+003   0.0000000000E+000
     89200   0.8949799737E+003   0.3543864432E+000
     89300   0.8964281449E+003   0.0000000000E+000
     89400   0.8827056706E+003   0.0000000000E+000
     89500   0.8924720375E+003   0.0000000000E+000
     89600   0.8971960595E+003   0.3542482001E+000
     89700   0.9021412881E+003   0.0000000000E+000
     89800   0.8996082490E+003   0.0000000000E+000
     89900   0.8965574489E+003   0.0000000000E+000
     90000   0.9015258121E+003   0.0000000000E+000
     90100   0.9034147582E+003   0.0000000000E+000
     90200   0.8863044660E+003   0.0000000000E+000
     90300   0.9053737569E+003   0.0000000000E+000
     90400   0.9035853208E+003   0.0000000000E+000
     90500   0.8988404598E+003   0.3541461295E+000
     90600   0.9134186974E+003   0.0000000000E+000
     90700   0.8947171758E+003   0.0000000000E+000
     90800   0.9034848040E+003   0.0000000000E+000
     90900   0.9000093884E+003   0.0000000000E+000
     91000   0.8924348196E+003   0.0000000000E+000
     91100   0.9000930577E+003   0.0000000000E+000
     91200   0.9046583860E+003   0.0000000000E+000
     91300   0.8962284221E+003   0.0000000000E+000
     91400   0.8993196134E+003   0.0000000000E+000
     91500   0.9046714618E+003   0.0000000000E+000
     91600   0.9026410386E+003   0.0000000000E+000
     91700   0.9084546521E+003   0.0000000000E+000
     91800   0.9123563114E+003   0.0000000000E+000
     91900   0.8887873282E+003   0.3547769877E+000
     92000   0.8956978637E+003   0.0000000000E+000
     92100   0.9005849188E+003   0.3540383195E+000
     92200   0.8953571879E+003   0.0000000000E+000
     92300   0.8943440443E+003   0.0000000000E+000
     92400   0.8999873799E+003   0.0000000000E+000
     92500   0.8961855146E+003   0.0000000000E+000
     92600   0.9057686788E+003   0.0000000000E+000
     92700   0.9000481670E+003   0.0000000000E+000
     92800   0.8983838427E+003   0.0000000000E+000
     92900   0.8829283776E+003   0.0000000000E+000
     93000   0.9049614776E+003   0.0000000000E+000
     93100   0.9033378990E+003   0.0000000000E+000
     93200   0.8983645057E+003   0.0000000000E+000
     93300   0.8948260882E+003   0.3543960723E+000
     93400   0.9000678676E+003   0.0000000000E+000
     93500   0.8948876404E+003   0.3543922203E+000
     93600   0.8889878952E+003   0.0000000000E+000
     93700   0.9029870726E+003   0.0000000000E+000
     93800   0.9030697284E+003   0.0000000000E+000
     93900   0.8964928159E+003   0.0000000000E+000
     94000   0.8926518507E+003   0.0000000000E+000
     94100   0.8904618681E+003   0.0000000000E+000
     94200   0.8938704093E+003   0.0000000000E+000
     94300   0.8957575884E+003   0.0000000000E+000
     94400   0.9088649461E+003   0.0000000000E+000
     94500   0.9142724964E+003   0.0000000000E+000
     94600   0.8985789375E+003   0.3541623337E+000
     94700   0.9049142187E+003   0.0000000000E+000
     94800   0.8885727054E+003   0.0000000000E+000
     94900   0.8916212198E+003   0.0000000000E+000
     95000   0.8891329609E+003   0.3547550239E+000
     95100   0.8904679004E+003   0.0000000000E+000
     95200   0.8910875100E+003   0.0000000000E+000
     95300   0.9072697107E+003   0.3536296252E+000
     95400   0.9015555258E+003   0.0000000000E+000
     95500   0.8943968854E+003   0.0000000000E+000
     95600   0.9046950914E+003   0.3537862053E+000
     95700   0.9045990291E+003   0.0000000000E+000
     95800   0.8985459379E+003   0.3541643792E+000
     95900   0.8978205614E+003   0.0000000000E+000
     96000   0.8872807395E+003   0.3548729580E+000
     96100   0.9029235640E+003   0.0000000000E+000
     96200   0.9016759281E+003   0.0000000000E+000
     96300   0.8995027868E+003   0.0000000000E+000
     96400   0.8921223070E+003   0.0000000000E+000
     96500   0.8865009090E+003   0.3549227822E+000
     96600   0.8989230683E+003   0.0000000000E+000
     96700   0.9042804262E+003   0.0000000000E+000
     96800   0.9073621814E+003   0.0000000000E+000
     96900   0.9033476171E+003   0.0000000000E+000
     97000   0.8928233026E+003   0.0000000000E+000
     97100   0.8895973140E+003   0.0000000000E+000
     97200   0.8918872055E+003   0.0000000000E+000
     97300   0.8974443107E+003   0.0000000000E+000
     97400   0.8996423690E+003   0.0000000000E+000
     97500   0.9044134958E+003   0.0000000000E+000
     97600   0.9087430590E+003   0.0000000000E+000
     97700   0.8918874543E+003   0.0000000000E+000
     97800   0.8989724326E+003   0.0000000000E+000
     97900   0.9022067151E+003   0.0000000000E+000
     98000   0.9068633150E+003   0.0000000000E+000
     98100   0.9028885586E+003   0.0000000000E+000
     98200   0.9056153651E+003   0.0000000000E+000
     98300   0.9047438349E+003   0.0000000000E+000
     98400   0.9126856441E+003   0.3533035744E+000
     98500   0.9155155530E+003   0.0000000000E+000
     98600   0.9073835255E+003   0.0000000000E+000
     98700   0.9074643869E+003   0.0000000000E+000
     98800   0.9148669713E+003   0.0000000000E+000
     98900   0.9072155210E+003   0.0000000000E+000
     99000   0.9014215279E+003   0.0000000000E+000
     99100   0.9110316707E+003   0.3534026723E+000
     99200   0.8992244667E+003   0.0000000000E+000
     99300   0.8991876537E+003   0.0000000000E+000
     99400   0.8957051133E+003   0.0000000000E+000
     99500   0.9017278317E+003   0.0000000000E+000
     99600   0.9017546075E+003   0.0000000000E+000
     99700   0.8912541881E+003   0.0000000000E+000
     99800   0.8895078773E+003   0.3547312216E+000
     99900   0.8988475894E+003   0.3541456879E+000
    100000   0.9023931883E+003   0.0000000000E+000
    100100   0.9024803218E+003   0.0000000000E+000
    100200   0.8965003404E+003   0.0000000000E+000
    100300   0.9097076668E+003   0.0000000000E+000
    100400   0.9050720982E+003   0.0000000000E+000
    100500   0.9131054643E+003   0.0000000000E+000
    100600   0.8990715499E+003   0.0000000000E+000
    100700   0.9035856639E+003   0.0000000000E+000
    100800   0.8948210482E+003   0.0000000000E+000
    100900   0.8988470745E+003   0.0000000000E+000
    101000   0.9006240150E+003   0.0000000000E+000
    101100   0.9060024123E+003   0.0000000000E+000
    101200   0.9010663015E+003   0.0000000000E+000
    101300   0.9055205873E+003   0.0000000000E+000
    101400   0.8952413710E+003   0.0000000000E+000
    101500   0.9062260070E+003   0.0000000000E+000
    101600   0.9039848557E+003   0.0000000000E+000
    101700   0.9008132492E+003   0.0000000000E+000
    101800   0.9015436282E+003   0.0000000000E+000
    101900   0.8803927174E+003   0.0000000000E+000
    102000   0.8997007530E+003   0.0000000000E+000
    102100   0.9010727753E+003   0.0000000000E+000
    102200   0.9071570562E+003   0.0000000000E+000
    102300   0.9006618223E+003   0.0000000000E+000
    102400   0.9060048621E+003   0.0000000000E+000
    102500   0.8957963605E+003   0.0000000000E+000
    102600   0.9059919702E+003   0.0000000000E+000
    102700   0.9072627483E+003   0.0000000000E+000
    102800   0.8955303264E+003   0.0000000000E+000
    102900   0.8929706809E+003   0.0000000000E+000
    103000   0.8949236183E+003   0.0000000000E+000
    103100   0.9076286019E+003   0.0000000000E+000
    103200   0.8920826444E+003   0.0000000000E+000
    103300   0.8930653364E+003   0.0000000000E+000
    103400   0.9085238280E+003   0.0000000000E+000
    103500   0.8912019822E+003   0.0000000000E+000
    103600   0.9048084208E+003   0.0000000000E+000
    103700   0.8881205009E+003   0.0000000000E+000
    103800   0.8923395758E+003   0.0000000000E+000
    103900   0.9029769749E+003   0.0000000000E+000
    104000   0.8981502536E+003   0.0000000000E+000
    104100   0.9000559040E+003   0.0000000000E+000
    104200   0.9067753831E+003   0.0000000000E+000
    104300   0.8940458339E+003   0.0000000000E+000
    104400   0.8945670282E+003   0.0000000000E+000
    104500   0.8957043903E+003   0.0000000000E+000
    104600   0.9016117928E+003   0.0000000000E+000
    104700   0.9025214171E+003   0.0000000000E+000
    104800   0.9082691238E+003   0.0000000000E+000
    104900   0.9048818802E+003   0.0000000000E+000
    105000   0.8980907588E+003   0.0000000000E+000
    105100   0.8966783169E+003   0.0000000000E+000
    105200   0.8985149489E+003   0.0000000000E+000
    105300   0.8952808726E+003   0.0000000000E+000
    105400   0.8992737211E+003   0.0000000000E+000
    105500   0.8977801656E+003   0.0000000000E+000
    105600   0.9084020621E+003   0.0000000000E+000
    105700   0.9060577950E+003   0.0000000000E+000
    105800   0.8998118732E+003   0.0000000000E+000
    105900   0.8910462570E+003   0.0000000000E+000
    106000   0.8983757649E+003   0.0000000000E+000
    106100   0.8905952217E+003   0.0000000000E+000
    106200   0.8986717759E+003   0.3541565801E+000
    106300   0.8999702586E+003   0.3540762512E+000
    106400   0.9106619653E+003   0.3534248801E+000
    106500   0.9025771294E+003   0.0000000000E+000
    106600   0.8989569602E+003   0.0000000000E+000
    106700   0.8999393327E+003   0.0000000000E+000
    106800   0.8967959940E+003   0.0000000000E+000
    106900   0.9048665770E+003   0.0000000000E+000
    107000   0.9050959286E+003   0.0000000000E+000
    107100   0.9009809999E+003   0.0000000000E+000
    107200   0.8929949153E+003   0.0000000000E+000
    107300   0.8937980194E+003   0.0000000000E+000
    107400   0.8983925995E+003   0.0000000000E+000
    107500   0.8933785413E+003   0.0000000000E+000
    107600   0.9066768374E+003   0.0000000000E+000
    107700   0.8981746558E+003   0.0000000000E+000
    107800   0.9035114056E+003   0.0000000000E+000
    107900   0.9041133604E+003   0.0000000000E+000
    108000   0.9030684001E+003   0.3538856678E+000
    108100   0.8977857512E+003   0.7081437041E+000
    108200   0.8989506632E+003   0.7079996943E+000
    108300   0.8931846512E+003   0.3544990211E+000
    108400   0.9091132340E+003   0.7067614431E+000
    108500   0.8964348492E+003   0.7083112489E+000
    108600   0.9046245465E+003   0.7073043999E+000
    108700   0.9171237766E+003   0.7058077068E+000
    108800   0.9030504830E+003   0.3538867656E+000
    108900   0.9075360622E+003   0.7069515127E+000
    109000   0.9139278706E+003   0.7061858990E+000
    109100   0.8930922806E+003   0.7087283317E+000
    109200   0.9017439485E+003   0.7076561326E+000
    109300   0.8932883572E+003   0.3544925038E+000
    109400   0.8995536361E+003   0.3541019957E+000
    109500   0.9000732948E+003   0.3540698885E+000
    109600   0.8978824405E+003   0.3542055427E+000
    109700   0.8947020112E+003   0.3544038390E+000
    109800   0.9039271688E+003   0.3538331076E+000
    109900   0.9061829572E+003   0.3536955926E+000
    110000   0.9002694886E+003   0.3540577777E+000
    110100   0.9072652494E+003   0.3536298956E+000
    110200   0.9024155866E+003   0.3539257000E+000
    110300   0.9110552233E+003   0.3534012582E+000
    110400   0.8969738352E+003   0.3542620271E+000
    110500   0.9046318058E+003   0.3537900671E+000
    110600   0.9033062772E+003   0.3538710971E+000
    110700   0.9049127495E+003   0.3537729282E+000
    110800   0.8970034866E+003   0.3542601817E+000
    110900   0.8982078217E+003   0.3541853472E+000
    111000   0.8938776818E+003   0.0000000000E+000
    111100   0.9038587645E+003   0.3538372900E+000
    111200   0.8974532056E+003   0.3542322101E+000
    111300   0.8985579335E+003   0.3541636356E+000
    111400   0.9076019662E+003   0.3536094932E+000
    111500   0.9053103393E+003   0.0000000000E+000
    111600   0.8984170354E+003   0.3541723708E+000
    111700   0.8970968060E+003   0.3542543748E+000
    111800   0.8920660464E+003   0.3545694300E+000
    111900   0.8915964989E+003   0.0000000000E+000
    112000   0.8962359523E+003   0.0000000000E+000
    112100   0.9101393042E+003   0.0000000000E+000
    112200   0.9072549605E+003   0.0000000000E+000
    112300   0.8943550258E+003   0.0000000000E+000
    112400   0.8994838410E+003   0.0000000000E+000
    112500   0.9065442078E+003   0.0000000000E+000
    112600   0.8964150349E+003   0.0000000000E+000
    112700   0.8986473259E+003   0.0000000000E+000
    112800   0.8936920556E+003   0.0000000000E+000
    112900   0.8949797770E+003   0.0000000000E+000
    113000   0.9019312662E+003   0.0000000000E+000
    113100   0.8893298307E+003   0.0000000000E+000
    113200   0.8871733754E+003   0.0000000000E+000
    113300   0.8935492183E+003   0.0000000000E+000
    113400   0.8942110899E+003   0.0000000000E+000
    113500   0.9073412637E+003   0.0000000000E+000
    113600   0.8905924344E+003   0.0000000000E+000
    113700   0.8902446470E+003   0.0000000000E+000
    113800   0.8991270908E+003   0.0000000000E+000
    113900   0.8979628707E+003   0.0000000000E+000
    114000   0.8973415264E+003   0.0000000000E+000
    114100   0.8952339294E+003   0.0000000000E+000
    114200   0.8975864119E+003   0.0000000000E+000
    114300   0.8961926117E+003   0.0000000000E+000
    114400   0.8983260683E+003   0.0000000000E+000
    114500   0.8989759084E+003   0.0000000000E+000
    114600   0.8961312935E+003   0.0000000000E+000
    114700   0.8971019157E+003   0.0000000000E+000
    114800   0.8978075858E+003   0.0000000000E+000
    114900   0.9028189091E+003   0.0000000000E+000
    115000   0.8990326277E+003   0.0000000000E+000
    115100   0.8869675559E+003   0.0000000000E+000
    115200   0.8967072789E+003   0.0000000000E+000
    115300   0.9050904903E+003   0.0000000000E+000
    115400   0.8958248427E+003   0.0000000000E+000
    115500   0.9017866104E+003   0.0000000000E+000
    115600   0.8980801460E+003   0.0000000000E+000
    115700   0.9002168979E+003   0.0000000000E+000
    115800   0.9007148573E+003   0.0000000000E+000
    115900   0.8886720579E+003   0.3547843171E+000
    116000   0.8940954020E+003   0.3544418459E+000
    116100   0.8947307739E+003   0.3544020383E+000
    116200   0.8989810481E+003   0.3541374230E+000
    116300   0.8923015608E+003   0.3545545889E+000
    116400   0.8864931361E+003   0.3549232793E+000
    116500   0.8993289961E+003   0.7079530165E+000
    116600   0.8807129754E+003   0.7103050107E+000
    116700   0.8912574234E+003   0.7089588241E+000
    116800   0.9050787381E+003   0.7072491774E+000
    116900   0.9019410939E+003   0.7076319776E+000
    117000   0.9086493398E+003   0.7068172692E+000
    117100   0.9018891805E+003   0.3539580294E+000
    117200   0.9005276091E+003   0.3540418536E+000
    117300   0.8863952384E+003   0.3549295414E+000
    117400   0.8909468620E+003   0.7089979453E+000
    117500   0.9056810486E+003   0.3537261210E+000
    117600   0.9082657387E+003   0.3535693250E+000
    117700   0.9008380782E+003   0.3540227140E+000
    117800   0.8987258482E+003   0.3541532296E+000
    117900   0.8891283877E+003   0.3547553144E+000
    118000   0.9057975605E+003   0.0000000000E+000
    118100   0.8932634613E+003   0.3544940682E+000
    118200   0.8955324559E+003   0.0000000000E+000
    118300   0.8987029405E+003   0.0000000000E+000
    118400   0.8986819411E+003   0.0000000000E+000
    118500   0.8978526963E+003   0.0000000000E+000
    118600   0.8957967248E+003   0.0000000000E+000
    118700   0.8872229404E+003   0.0000000000E+000
    118800   0.9014409283E+003   0.0000000000E+000
    118900   0.8907943588E+003   0.0000000000E+000
    119000   0.8893473903E+003   0.0000000000E+000
    119100   0.9002115520E+003   0.0000000000E+000
    119200   0.8999097999E+003   0.0000000000E+000
    119300   0.8999499968E+003   0.0000000000E+000
    119400   0.9025848181E+003   0.0000000000E+000
    119500   0.9082103515E+003   0.0000000000E+000
    119600   0.9046743218E+003   0.0000000000E+000
    119700   0.9052867491E+003   0.0000000000E+000
    119800   0.9106771896E+003   0.0000000000E+000
    119900   0.8968236754E+003   0.0000000000E+000
    120000   0.9073977669E+003   0.0000000000E+000
    120100   0.9087457157E+003   0.0000000000E+000
    120200   0.8954787639E+003   0.0000000000E+000
    120300   0.8937665294E+003   0.0000000000E+000
    120400   0.8914698869E+003   0.0000000000E+000
    120500   0.8962494300E+003   0.0000000000E+000
    120600   0.8950049279E+003   0.0000000000E+000
    120700   0.9017238715E+003   0.0000000000E+000
    120800   0.9058176159E+003   0.0000000000E+000
    120900   0.9064083347E+003   0.0000000000E+000
    121000   0.9057138474E+003   0.0000000000E+000
    121100   0.9024129653E+003   0.0000000000E+000
    121200   0.8944768560E+003   0.0000000000E+000
    121300   0.8837252976E+003   0.0000000000E+000
    121400   0.8986962297E+003   0.0000000000E+000
    121500   0.8974920916E+003   0.0000000000E+000
    121600   0.8979878496E+003   0.0000000000E+000
    121700   0.9107426257E+003   0.0000000000E+000
    121800   0.8992484442E+003   0.0000000000E+000
    121900   0.9001548886E+003   0.0000000000E+000
    122000   0.8855198073E+003   0.0000000000E+000
    122100   0.9046416276E+003   0.0000000000E+000
    122200   0.9025207924E+003   0.0000000000E+000
    122300   0.9020887460E+003   0.0000000000E+000
    122400   0.9002168239E+003   0.0000000000E+000
    122500   0.9003822961E+003   0.0000000000E+000
    122600   0.9018498415E+003   0.0000000000E+000
    122700   0.8992049145E+003   0.0000000000E+000
    122800   0.8972528590E+003   0.0000000000E+000
    122900   0.8946470058E+003   0.0000000000E+000
    123000   0.9071530059E+003   0.0000000000E+000
    123100   0.9027755366E+003   0.0000000000E+000
    123200   0.9007357100E+003   0.0000000000E+000
    123300   0.9062592591E+003   0.0000000000E+000
    123400   0.9036539060E+003   0.0000000000E+000
    123500   0.9029219177E+003   0.0000000000E+000
    123600   0.9044398070E+003   0.0000000000E+000
    123700   0.9003757759E+003   0.0000000000E+000
    123800   0.9015040211E+003   0.0000000000E+000
    123900   0.8948837196E+003   0.0000000000E+000
    124000   0.8880219332E+003   0.0000000000E+000
    124100   0.8934392766E+003   0.0000000000E+000
    124200   0.9103571308E+003   0.0000000000E+000
    124300   0.9012215820E+003   0.0000000000E+000
    124400   0.8866150366E+003   0.0000000000E+000
    124500   0.8937872036E+003   0.0000000000E+000
    124600   0.8912052248E+003   0.0000000000E+000
    124700   0.9062863904E+003   0.0000000000E+000
    124800   0.9005321754E+003   0.0000000000E+000
    124900   0.9018094103E+003   0.0000000000E+000
    125000   0.9001879224E+003   0.0000000000E+000
    125100   0.8974312890E+003   0.0000000000E+000
    125200   0.9018815015E+003   0.0000000000E+000
    125300   0.9010382782E+003   0.0000000000E+000
    125400   0.9057963080E+003   0.0000000000E+000
    125500   0.8986109923E+003   0.0000000000E+000
    125600   0.9075486099E+003   0.0000000000E+000
    125700   0.9074185755E+003   0.0000000000E+000
    125800   0.8970891686E+003   0.0000000000E+000
    125900   0.8953608637E+003   0.0000000000E+000
    126000   0.8914423811E+003   0.0000000000E+000
    126100   0.9067349772E+003   0.0000000000E+000
    126200   0.8991682962E+003   0.0000000000E+000
    126300   0.9086676834E+003   0.0000000000E+000
    126400   0.8910163781E+003   0.0000000000E+000
    126500   0.8961977920E+003   0.0000000000E+000
    126600   0.9030288579E+003   0.0000000000E+000
    126700   0.8968838290E+003   0.0000000000E+000
    126800   0.9050931666E+003   0.0000000000E+000
    126900   0.9030766138E+003   0.0000000000E+000
    127000   0.8921544968E+003   0.0000000000E+000
    127100   0.8984219917E+003   0.0000000000E+000
    127200   0.9025507259E+003   0.0000000000E+000
    127300   0.9040940574E+003   0.0000000000E+000
    127400   0.9002933309E+003   0.0000000000E+000
    127500   0.9021940195E+003   0.0000000000E+000
    127600   0.9040279342E+003   0.0000000000E+000
    127700   0.9116984719E+003   0.0000000000E+000
    127800   0.9049383335E+003   0.0000000000E+000
    127900   0.9070476176E+003   0.0000000000E+000
    128000   0.9001236932E+003   0.0000000000E+000
    128100   0.9100292651E+003   0.0000000000E+000
    128200   0.9031659767E+003   0.0000000000E+000
    128300   0.8985398218E+003   0.3541647583E+000
    128400   0.9077798884E+003   0.3535987196E+000
    128500   0.8991208991E+003   0.3541287653E+000
    128600   0.9065162573E+003   0.3536753414E+000
    128700   0.9073428635E+003   0.0000000000E+000
    128800   0.9130294414E+003   0.0000000000E+000
    128900   0.9002182005E+003   0.0000000000E+000
    129000   0.9013732856E+003   0.0000000000E+000
    129100   0.9071044059E+003   0.0000000000E+000
    129200   0.9032815171E+003   0.0000000000E+000
    129300   0.9012430188E+003   0.0000000000E+000
    129400   0.9046639578E+003   0.0000000000E+000
    129500   0.9093653825E+003   0.0000000000E+000
    129600   0.9036361406E+003   0.0000000000E+000
    129700   0.9015603513E+003   0.0000000000E+000
    129800   0.8907295426E+003   0.0000000000E+000
    129900   0.9021067521E+003   0.0000000000E+000
    130000   0.9006719001E+003   0.0000000000E+000
    130100   0.8990424862E+003   0.0000000000E+000
    130200   0.8943268715E+003   0.0000000000E+000
    130300   0.8996586318E+003   0.0000000000E+000
    130400   0.9097546597E+003   0.0000000000E+000
    130500   0.8875969256E+003   0.0000000000E+000
    130600   0.8948742152E+003   0.0000000000E+000
    130700   0.8867109186E+003   0.0000000000E+000
    130800   0.9076595584E+003   0.0000000000E+000
    130900   0.9008564109E+003   0.0000000000E+000
    131000   0.9092027265E+003   0.0000000000E+000
    131100   0.8992680489E+003   0.0000000000E+000
    131200   0.8991292229E+003   0.0000000000E+000
    131300   0.8900664433E+003   0.0000000000E+000
    131400   0.8945979586E+003   0.0000000000E+000
    131500   0.9047868308E+003   0.0000000000E+000
    131600   0.9005430860E+003   0.0000000000E+000
    131700   0.8966634851E+003   0.0000000000E+000
    131800   0.8976485492E+003   0.0000000000E+000
    131900   0.9012110870E+003   0.0000000000E+000
    132000   0.8915271576E+003   0.0000000000E+000
    132100   0.9028056950E+003   0.0000000000E+000
    132200   0.8907960960E+003   0.0000000000E+000
    132300   0.8986593887E+003   0.0000000000E+000
    132400   0.8973454703E+003   0.0000000000E+000
    132500   0.8932414014E+003   0.0000000000E+000
    132600   0.8935126572E+003   0.3544784139E+000
    132700   0.9003759484E+003   0.3540512087E+000
    132800   0.9088986725E+003   0.3535310861E+000
    132900   0.9013825921E+003   0.3539891830E+000
    133000   0.9018944173E+003   0.7076376955E+000
    133100   0.9036932609E+003   0.7074178302E+000
    133200   0.9034290429E+003   0.3538635809E+000
    133300   0.9030164687E+003   0.7075004329E+000
    133400   0.9128675580E+003   0.3532927003E+000
    133500   0.9003849327E+003   0.7078229776E+000
    133600   0.8967553155E+003   0.3542756314E+000
    133700   0.9177084920E+003   0.7057388423E+000
    133800   0.9037652733E+003   0.7074090495E+000
    133900   0.8971059517E+003   0.7082279428E+000
    134000   0.8931048746E+003   0.3545040357E+000
    134100   0.8978831905E+003   0.7081316418E+000
    134200   0.8923304907E+003   0.7088238935E+000
    134300   0.9066993290E+003   0.3536642253E+000
    134400   0.8955437488E+003   0.3543511989E+000
    134500   0.8982440376E+003   0.3541831004E+000
    134600   0.9032586700E+003   0.3538740125E+000
    134700   0.9058565544E+003   0.3537154415E+000
    134800   0.8984142768E+003   0.7080659502E+000
    134900   0.9048058103E+003   0.3537794506E+000
    135000   0.8981423956E+003   0.3541894066E+000
    135100   0.8907806696E+003   0.3546505891E+000
    135200   0.9002052854E+003   0.0000000000E+000
    135300   0.9077639679E+003   0.0000000000E+000
    135400   0.9011207586E+003   0.0000000000E+000
    135500   0.8984652003E+003   0.0000000000E+000
    135600   0.9093790071E+003   0.0000000000E+000
    135700   0.8929257939E+003   0.0000000000E+000
    135800   0.9014582563E+003   0.0000000000E+000
    135900   0.8962075816E+003   0.0000000000E+000
    136000   0.9020519845E+003   0.0000000000E+000
    136100   0.8950475722E+003   0.0000000000E+000
    136200   0.8959427338E+003   0.0000000000E+000
    136300   0.8967506795E+003   0.0000000000E+000
    136400   0.9102263666E+003   0.0000000000E+000
    136500   0.9077490084E+003   0.0000000000E+000
    136600   0.9072152119E+003   0.0000000000E+000
    136700   0.8912480634E+003   0.0000000000E+000
    136800   0.8854297820E+003   0.0000000000E+000
    136900   0.9024758271E+003   0.0000000000E+000
    137000   0.9029789846E+003   0.0000000000E+000
    137100   0.8947011333E+003   0.0000000000E+000
    137200   0.8877884262E+003   0.0000000000E+000
    137300   0.8892137170E+003   0.0000000000E+000
    137400   0.8833016849E+003   0.0000000000E+000
    137500   0.9023198386E+003   0.0000000000E+000
    137600   0.8977992616E+003   0.0000000000E+000
    137700   0.8987333642E+003   0.0000000000E+000
    137800   0.9013497486E+003   0.0000000000E+000
    137900   0.8976890971E+003   0.0000000000E+000
    138000   0.8907714687E+003   0.0000000000E+000
    138100   0.8943322191E+003   0.0000000000E+000
    138200   0.8956427191E+003   0.0000000000E+000
    138300   0.8901065790E+003   0.0000000000E+000
    138400   0.9066063714E+003   0.0000000000E+000
    138500   0.8932088460E+003   0.0000000000E+000
    138600   0.8936371323E+003   0.0000000000E+000
    138700   0.8951804117E+003   0.0000000000E+000
    138800   0.9093051413E+003   0.0000000000E+000
    138900   0.9098990023E+003   0.0000000000E+000
    139000   0.9073330132E+003   0.0000000000E+000
    139100   0.9064935947E+003   0.0000000000E+000
    139200   0.8931613652E+003   0.0000000000E+000
    139300   0.8978816425E+003   0.0000000000E+000
    139400   0.8981867857E+003   0.0000000000E+000
    139500   0.8946183374E+003   0.0000000000E+000
    139600   0.8999270981E+003   0.0000000000E+000
    139700   0.9054050741E+003   0.0000000000E+000
    139800   0.9019686356E+003   0.0000000000E+000
    139900   0.9084247306E+003   0.3535597137E+000
    140000   0.9096320750E+003   0.3534868543E+000
    140100   0.9053954622E+003   0.0000000000E+000
    140200   0.9007162808E+003   0.3540302207E+000
    140300   0.9097764824E+003   0.3534781547E+000
    140400   0.9020106635E+003   0.3539505646E+000
    140500   0.8823194918E+003   0.3551916804E+000
    140600   0.8941523934E+003   0.0000000000E+000
    140700   0.8938873029E+003   0.0000000000E+000
    140800   0.8922546714E+003   0.0000000000E+000
    140900   0.9020860388E+003   0.0000000000E+000
    141000   0.8933273447E+003   0.3544900541E+000
    141100   0.9130304205E+003   0.3532829693E+000
    141200   0.9004420258E+003   0.3540471323E+000
    141300   0.9017749202E+003   0.3539650525E+000
    141400   0.9010797365E+003   0.3540078270E+000
    141500   0.9018358450E+003   0.3539613075E+000
    141600   0.9079280473E+003   0.0000000000E+000
    141700   0.9010996571E+003   0.0000000000E+000
    141800   0.8882770075E+003   0.3548094531E+000
    141900   0.8988090279E+003   0.3541480765E+000
    142000   0.9078836202E+003   0.3535924406E+000
    142100   0.8986803010E+003   0.3541560518E+000
    142200   0.9104570194E+003   0.0000000000E+000
    142300   0.8947500782E+003   0.3544008299E+000
    142400   0.9016969707E+003   0.3539698449E+000
    142500   0.8947890742E+003   0.0000000000E+000
    142600   0.8987947185E+003   0.3541489629E+000
    142700   0.9012680470E+003   0.3539962327E+000
    142800   0.9010540340E+003   0.3540094099E+000
    142900   0.9000492975E+003   0.3540713702E+000
    143000   0.9073363178E+003   0.3536255879E+000
    143100   0.8951270281E+003   0.3543772452E+000
    143200   0.9014853499E+003   0.3539828604E+000
    143300   0.8979700355E+003   0.3542001043E+000
    143400   0.9019138624E+003   0.3539565126E+000
    143500   0.8968206495E+003   0.7082633407E+000
    143600   0.9021070820E+003   0.3539446416E+000
    143700   0.9008334307E+003   0.7077678516E+000
    143800   0.8982197275E+003   0.7080900041E+000
    143900   0.8941671230E+003   0.7085938200E+000
    144000   0.8984708646E+003   0.7080589560E+000
    144100   0.9089805226E+003   0.3535261456E+000
    144200   0.8850072110E+003   0.7097522853E+000
    144300   0.8973797440E+003   0.3542367770E+000
    144400   0.9032804381E+003   0.7074681983E+000
    144500   0.8974451319E+003   0.7081858941E+000
    144600   0.9135990041E+003   0.3532490278E+000
    144700   0.9091396522E+003   0.3535165435E+000
    144800   0.9035343919E+003   0.3538571328E+000
    144900   0.8901463262E+003   0.3546907419E+000
    145000   0.9035239310E+003   0.0000000000E+000
    145100   0.9037223482E+003   0.0000000000E+000
    145200   0.8927208720E+003   0.3545281882E+000
    145300   0.8888032500E+003   0.0000000000E+000
    145400   0.9020959490E+003   0.0000000000E+000
    145500   0.9166619746E+003   0.3530670205E+000
    145600   0.9027118299E+003   0.3539075253E+000
    145700   0.8991533469E+003   0.3541267570E+000
    145800   0.8961130520E+003   0.3543156610E+000
    145900   0.8869333349E+003   0.3548951415E+000
    146000   0.8807843344E+003   0.3552911471E+000
    146100   0.9034264773E+003   0.3538637379E+000
    146200   0.9079254865E+003   0.3535899069E+000
    146300   0.8872065111E+003   0.0000000000E+000
    146400   0.9105276047E+003   0.0000000000E+000
    146500   0.8940375957E+003   0.0000000000E+000
    146600   0.8981570260E+003   0.0000000000E+000
    146700   0.8823611521E+003   0.0000000000E+000
    146800   0.9021076326E+003   0.3539446078E+000
    146900   0.9069125745E+003   0.3536512837E+000
    147000   0.9090499323E+003   0.0000000000E+000
    147100   0.8913146917E+003   0.3546168379E+000
    147200   0.9024119432E+003   0.3539259236E+000
    147300   0.9087528851E+003   0.3535398885E+000
    147400   0.9144267254E+003   0.0000000000E+000
    147500   0.8946308655E+003   0.3544082935E+000
    147600   0.9061686578E+003   0.7071169213E+000
    147700   0.8950760539E+003   0.7084803632E+000
    147800   0.9008540654E+003   0.7077653169E+000
    147900   0.8974550134E+003   0.7081846697E+000
    148000   0.9060418484E+003   0.7071322900E+000
    148100   0.9034594792E+003   0.7074463472E+000
    148200   0.8906521721E+003   0.3546587174E+000
    148300   0.8992398718E+003   0.7079640083E+000
    148400   0.8969794866E+003   0.7082436303E+000
    148500   0.9061093624E+003   0.7071241070E+000
    148600   0.9048291192E+003   0.3537780288E+000
    148700   0.8930337174E+003   0.7087356714E+000
    148800   0.8893069097E+003   0.7092050536E+000
    148900   0.8936921375E+003   0.7086532161E+000
    149000   0.8932354019E+003   0.7087103991E+000
    149100   0.8985157638E+003   0.1061661803E+001
    149200   0.8968305759E+003   0.7082621086E+000
    149300   0.8952120491E+003   0.7084634106E+000
    149400   0.8972220124E+003   0.7082135505E+000
    149500   0.8998488366E+003   0.7078889539E+000
    149600   0.9087616154E+003   0.3535393613E+000
    149700   0.8960079429E+003   0.7083643173E+000
    149800   0.8976828910E+003   0.7081564407E+000
    149900   0.8930567668E+003   0.7087327825E+000
    150000   0.8929999814E+003   0.7087399000E+000
    150100   0.9043392349E+003   0.3538079285E+000
    150200   0.8959781151E+003   0.3543240795E+000
    150300   0.8892603640E+003   0.3547469329E+000
    150400   0.8965475418E+003   0.7082972499E+000
    150500   0.8870058445E+003   0.7094971501E+000
    150600   0.8873103677E+003   0.7094583932E+000
    150700   0.8977082063E+003   0.7081533057E+000
    150800   0.8980387847E+003   0.7081123866E+000
    150900   0.8895007995E+003   0.7091805213E+000
    151000   0.8984127572E+003   0.7080661381E+000
    151100   0.9005802611E+003   0.3540386067E+000
    151200   0.9027606536E+003   0.7075316925E+000
    151300   0.8959927591E+003   0.7083662058E+000
    151400   0.8918095460E+003   0.7088893516E+000
    151500   0.8830271768E+003   0.3551459629E+000
    151600   0.8890806037E+003   0.3547583498E+000
    151700   0.8921798112E+003   0.0000000000E+000
    151800   0.9000981556E+003   0.3540683535E+000
    151900   0.8993342508E+003   0.3541155634E+000
    152000   0.8973343399E+003   0.3542396001E+000
    152100   0.8998171833E+003   0.0000000000E+000
    152200   0.9042595665E+003   0.3538127945E+000
    152300   0.8921158708E+003   0.3545662895E+000
    152400   0.9079599869E+003   0.0000000000E+000
    152500   0.9040105768E+003   0.0000000000E+000
    152600   0.8966413450E+003   0.3542827299E+000
    152700   0.9075489207E+003   0.3536127062E+000
    152800   0.8989308270E+003   0.3541405328E+000
    152900   0.8983610630E+003   0.3541758418E+000
    153000   0.9046264987E+003   0.3537903910E+000
    153100   0.8993109218E+003   0.0000000000E+000
    153200   0.9004884874E+003   0.3540442665E+000
    153300   0.8973211455E+003   0.3542404206E+000
    153400   0.9101242561E+003   0.3534572168E+000
    153500   0.9080732634E+003   0.3535809657E+000
    153600   0.9082547409E+003   0.0000000000E+000
    153700   0.9069950869E+003   0.3536462780E+000
    153800   0.8952845736E+003   0.3543673948E+000
    153900   0.8954138516E+003   0.3543593148E+000
    154000   0.9019343653E+003   0.3539552527E+000
    154100   0.9010243558E+003   0.3540112378E+000
    154200   0.8964887771E+003   0.3542922356E+000
    154300   0.9068208180E+003   0.3536568514E+000
    154400   0.9041792595E+003   0.3538177006E+000
    154500   0.9094835794E+003   0.3534958035E+000
    154600   0.9002222066E+003   0.3540606958E+000
    154700   0.9189382158E+003   0.3529326683E+000
    154800   0.9107275990E+003   0.0000000000E+000
    154900   0.9064694308E+003   0.3536781855E+000
    155000   0.8931207652E+003   0.3545030368E+000
    155100   0.8985268327E+003   0.3541655635E+000
    155200   0.9098783710E+003   0.3534720186E+000
    155300   0.8931850540E+003   0.3544989958E+000
    155400   0.9120032523E+003   0.0000000000E+000
    155500   0.9070927146E+003   0.0000000000E+000
    155600   0.8990995476E+003   0.3541300869E+000
    155700   0.9030357420E+003   0.3538876688E+000
    155800   0.9048515603E+003   0.3537766600E+000
    155900   0.9038716120E+003   0.3538365044E+000
    156000   0.9051941242E+003   0.3537557753E+000
    156100   0.9015026584E+003   0.3539817956E+000
    156200   0.9061856406E+003   0.3536954295E+000
    156300   0.9134985940E+003   0.0000000000E+000
    156400   0.9034800361E+003   0.3538604595E+000
    156500   0.9012455317E+003   0.3539976187E+000
    156600   0.9064987744E+003   0.3536764032E+000
    156700   0.9011754071E+003   0.3540019358E+000
    156800   0.8985935113E+003   0.3541614304E+000
    156900   0.9021283565E+003   0.7076090447E+000
    157000   0.8978831324E+003   0.7081316490E+000
    157100   0.9043893861E+003   0.3538048658E+000
    157200   0.9149070582E+003   0.3531711288E+000
    157300   0.9045016008E+003   0.3537980145E+000
    157400   0.8947274663E+003   0.7085238439E+000
    157500   0.9071520439E+003   0.3536367589E+000
    157600   0.9001147249E+003   0.7078562202E+000
    157700   0.8994526337E+003   0.3541082412E+000
    157800   0.9040924506E+003   0.7073691759E+000
    157900   0.9057943501E+003   0.3537192260E+000
    158000   0.9085326308E+003   0.3535531931E+000
    158100   0.9013307390E+003   0.7077068004E+000
    158200   0.9070127673E+003   0.3536452055E+000
    158300   0.9023504766E+003   0.7075818573E+000
    158400   0.8976440834E+003   0.7081612470E+000
    158500   0.9066769266E+003   0.7070553710E+000
    158600   0.8989244126E+003   0.7080029347E+000
    158700   0.8947638894E+003   0.7085192989E+000
    158800   0.9043241582E+003   0.3538088493E+000
    158900   0.8938055923E+003   0.7086390221E+000
    159000   0.8820328916E+003   0.7101344552E+000
    159100   0.8999294621E+003   0.7078790256E+000
    159200   0.8968002256E+003   0.3542728349E+000
    159300   0.9074376686E+003   0.3536194462E+000
    159400   0.9000893725E+003   0.7078593404E+000
    159500   0.8977258875E+003   0.7081511163E+000
    159600   0.9070037246E+003   0.7070158386E+000
    159700   0.9047719971E+003   0.7072864652E+000
    159800   0.8931135458E+003   0.3545034906E+000
    159900   0.8986911937E+003   0.7080317332E+000
    160000   0.8953427223E+003   0.3543637601E+000
    160100   0.8890929484E+003   0.7092321399E+000
    160200   0.8947446900E+003   0.7085216946E+000
    160300   0.8842401466E+003   0.7098505600E+000
    160400   0.8945478525E+003   0.3544134921E+000
    160500   0.8943394804E+003   0.7085722851E+000
    160600   0.9048282393E+003   0.3537780824E+000
    160700   0.8935665114E+003   0.3544750322E+000
    160800   0.9065289445E+003   0.7070732831E+000
    160900   0.8962009253E+003   0.7083403205E+000
    161000   0.8942809253E+003   0.7085796001E+000
    161100   0.8937138218E+003   0.7086505029E+000
    161200   0.8923696384E+003   0.7088189780E+000
    161300   0.9086372697E+003   0.7068187227E+000
    161400   0.8953342473E+003   0.7084481830E+000
    161500   0.8948148562E+003   0.3543967753E+000
    161600   0.8975743811E+003   0.3542246787E+000
    161700   0.8912021640E+003   0.3546239459E+000
    161800   0.8991013059E+003   0.0000000000E+000
    161900   0.8883685194E+003   0.0000000000E+000
    162000   0.8945866863E+003   0.0000000000E+000
    162100   0.8929503653E+003   0.0000000000E+000
    162200   0.9007291652E+003   0.0000000000E+000
    162300   0.8918677504E+003   0.0000000000E+000
    162400   0.9068705921E+003   0.0000000000E+000
    162500   0.9031232731E+003   0.0000000000E+000
    162600   0.8928623555E+003   0.0000000000E+000
    162700   0.9019098032E+003   0.0000000000E+000
    162800   0.8966837152E+003   0.0000000000E+000
    162900   0.9044072609E+003   0.0000000000E+000
    163000   0.9031176141E+003   0.0000000000E+000
    163100   0.9105950766E+003   0.0000000000E+000
    163200   0.9053524765E+003   0.0000000000E+000
    163300   0.9064644659E+003   0.0000000000E+000
    163400   0.9002093049E+003   0.0000000000E+000
    163500   0.9041500779E+003   0.0000000000E+000
    163600   0.8867522408E+003   0.0000000000E+000
    163700   0.9046239643E+003   0.0000000000E+000
    163800   0.9126592853E+003   0.0000000000E+000
    163900   0.9039613373E+003   0.0000000000E+000
    164000   0.9019518410E+003   0.0000000000E+000
    164100   0.8991149432E+003   0.0000000000E+000
    164200   0.8924759062E+003   0.0000000000E+000
    164300   0.8997372035E+003   0.0000000000E+000
    164400   0.9059453094E+003   0.0000000000E+000
    164500   0.9110926793E+003   0.0000000000E+000
    164600   0.9049829386E+003   0.0000000000E+000
    164700   0.9107559690E+003   0.0000000000E+000
    164800   0.9017912995E+003   0.0000000000E+000
    164900   0.9066530478E+003   0.0000000000E+000
    165000   0.9087883278E+003   0.0000000000E+000
    165100   0.9048339484E+003   0.0000000000E+000
    165200   0.8981069182E+003   0.0000000000E+000
    165300   0.8909342016E+003   0.0000000000E+000
    165400   0.9063684342E+003   0.0000000000E+000
    165500   0.8949933603E+003   0.0000000000E+000
    165600   0.9089276887E+003   0.0000000000E+000
    165700   0.9077387242E+003   0.0000000000E+000
    165800   0.9038682057E+003   0.0000000000E+000
    165900   0.9090347143E+003   0.0000000000E+000
    166000   0.9093311120E+003   0.0000000000E+000
    166100   0.9116523603E+003   0.0000000000E+000
    166200   0.9010954197E+003   0.0000000000E+000
    166300   0.9085041050E+003   0.0000000000E+000
    166400   0.9002062030E+003   0.0000000000E+000
    166500   0.9176533014E+003   0.0000000000E+000
    166600   0.8997067667E+003   0.0000000000E+000
    166700   0.9053083297E+003   0.0000000000E+000
    166800   0.9090748402E+003   0.0000000000E+000
    166900   0.9016236260E+003   0.0000000000E+000
    167000   0.8975479195E+003   0.0000000000E+000
    167100   0.8915419426E+003   0.0000000000E+000
    167200   0.9060343188E+003   0.0000000000E+000
    167300   0.9005176651E+003   0.0000000000E+000
    167400   0.8943124434E+003   0.0000000000E+000
    167500   0.8956488666E+003   0.0000000000E+000
    167600   0.8914764921E+003   0.0000000000E+000
    167700   0.8897774963E+003   0.0000000000E+000
    167800   0.8962383868E+003   0.0000000000E+000
    167900   0.9043163121E+003   0.0000000000E+000
    168000   0.9030185327E+003   0.0000000000E+000
    168100   0.8991953485E+003   0.0000000000E+000
    168200   0.9017138555E+003   0.0000000000E+000
    168300   0.8997416464E+003   0.0000000000E+000
    168400   0.8968253083E+003   0.0000000000E+000
    168500   0.8970251206E+003   0.0000000000E+000
    168600   0.8902778509E+003   0.0000000000E+000
    168700   0.9006211201E+003   0.0000000000E+000
    168800   0.8946523026E+003   0.0000000000E+000
    168900   0.9007047796E+003   0.0000000000E+000
    169000   0.9011884511E+003   0.0000000000E+000
    169100   0.9065948017E+003   0.0000000000E+000
    169200   0.9016946666E+003   0.0000000000E+000
    169300   0.9132117443E+003   0.0000000000E+000
    169400   0.9041358896E+003   0.0000000000E+000
    169500   0.9097790270E+003   0.0000000000E+000
    169600   0.9066233495E+003   0.0000000000E+000
    169700   0.9141429242E+003   0.0000000000E+000
    169800   0.9136535737E+003   0.3532457729E+000
    169900   0.8969357227E+003   0.3542643993E+000
    170000   0.9007309072E+003   0.3540293191E+000
    170100   0.8969730200E+003   0.3542620779E+000
    170200   0.8985100893E+003   0.3541666014E+000
    170300   0.8998997897E+003   0.0000000000E+000
    170400   0.9011103075E+003   0.3540059443E+000
    170500   0.9012331550E+003   0.3539983806E+000
    170600   0.9097288253E+003   0.3534810254E+000
    170700   0.8981495793E+003   0.3541889609E+000
    170800   0.9025708917E+003   0.3539161702E+000
    170900   0.8966275448E+003   0.3542835896E+000
    171000   0.8953207059E+003   0.3543651362E+000
    171100   0.9102643687E+003   0.0000000000E+000
    171200   0.9084835484E+003   0.0000000000E+000
    171300   0.8997082333E+003   0.3540924394E+000
    171400   0.9113772540E+003   0.3533819323E+000
    171500   0.8918163690E+003   0.3545851735E+000
    171600   0.8924237868E+003   0.3545468903E+000
    171700   0.9049666564E+003   0.3537696410E+000
    171800   0.9010998454E+003   0.0000000000E+000
    171900   0.9031425586E+003   0.3538811244E+000
    172000   0.8985261213E+003   0.0000000000E+000
    172100   0.9012876001E+003   0.3539950292E+000
    172200   0.8954080462E+003   0.3543596776E+000
    172300   0.8964951159E+003   0.3542918406E+000
    172400   0.8979933588E+003   0.3541986564E+000
    172500   0.9027106206E+003   0.3539075994E+000
    172600   0.9021282020E+003   0.0000000000E+000
    172700   0.8966323989E+003   0.0000000000E+000
    172800   0.8951371860E+003   0.3543766099E+000
    172900   0.8863723056E+003   0.3549310085E+000
    173000   0.8963762154E+003   0.3542992511E+000
    173100   0.8890785927E+003   0.3547584775E+000
    173200   0.8936323556E+003   0.3544708982E+000
    173300   0.9000032838E+003   0.0000000000E+000
    173400   0.8886430496E+003   0.0000000000E+000
    173500   0.8967806065E+003   0.0000000000E+000
    173600   0.8921412087E+003   0.0000000000E+000
    173700   0.9062973626E+003   0.0000000000E+000
    173800   0.8938393738E+003   0.0000000000E+000
    173900   0.8950694389E+003   0.0000000000E+000
    174000   0.8995952965E+003   0.0000000000E+000
    174100   0.8978469272E+003   0.0000000000E+000
    174200   0.8960918536E+003   0.0000000000E+000
    174300   0.8930085231E+003   0.0000000000E+000
    174400   0.8996885066E+003   0.0000000000E+000
    174500   0.8981849345E+003   0.0000000000E+000
    174600   0.8952564681E+003   0.0000000000E+000
    174700   0.9003198640E+003   0.0000000000E+000
    174800   0.8965728035E+003   0.0000000000E+000
    174900   0.8981216701E+003   0.0000000000E+000
    175000   0.9083934986E+003   0.0000000000E+000
    175100   0.8916157793E+003   0.0000000000E+000
    175200   0.9012650115E+003   0.0000000000E+000
    175300   0.9025968895E+003   0.0000000000E+000
    175400   0.9000506316E+003   0.0000000000E+000
    175500   0.8877141922E+003   0.0000000000E+000
    175600   0.8900313768E+003   0.0000000000E+000
    175700   0.8961181297E+003   0.0000000000E+000
    175800   0.9088336940E+003   0.0000000000E+000
    175900   0.8963559153E+003   0.0000000000E+000
    176000   0.9068663096E+003   0.0000000000E+000
    176100   0.8978749432E+003   0.0000000000E+000
    176200   0.8964862858E+003   0.0000000000E+000
    176300   0.9028741373E+003   0.3538975735E+000
    176400   0.9016484110E+003   0.0000000000E+000
    176500   0.9093162763E+003   0.3535058902E+000
    176600   0.9144113834E+003   0.3532006176E+000
    176700   0.8988214173E+003   0.7080156507E+000
    176800   0.8926701931E+003   0.7087812566E+000
    176900   0.8959770011E+003   0.1062132383E+001
    177000   0.9012248059E+003   0.1061163039E+001
    177100   0.9003991369E+003   0.7078212307E+000
    177200   0.9017983080E+003   0.7076494711E+000
    177300   0.9036068834E+003   0.7074283646E+000
    177400   0.8916515188E+003   0.3545955738E+000
    177500   0.8938123389E+003   0.7086381782E+000
    177600   0.8959396097E+003   0.7083728172E+000
    177700   0.8910023843E+003   0.7089909488E+000
    177800   0.9054483470E+003   0.7072042860E+000
    177900   0.8935789517E+003   0.7086673806E+000
    178000   0.9108275734E+003   0.3534149296E+000
    178100   0.9083608706E+003   0.7068520175E+000
    178200   0.9000990223E+003   0.3540683000E+000
    178300   0.9052016438E+003   0.3537553171E+000
    178400   0.9069845737E+003   0.3536469157E+000
    178500   0.8951553566E+003   0.3543754737E+000
    178600   0.9008675022E+003   0.3540209009E+000
    178700   0.9049384987E+003   0.0000000000E+000
    178800   0.9125139434E+003   0.0000000000E+000
    178900   0.9089122095E+003   0.3535302690E+000
    179000   0.9083822244E+003   0.0000000000E+000
    179100   0.9001428077E+003   0.0000000000E+000
    179200   0.9051688885E+003   0.0000000000E+000
    179300   0.9041709554E+003   0.3538182079E+000
    179400   0.9072520542E+003   0.3536306955E+000
    179500   0.9154970105E+003   0.0000000000E+000
    179600   0.9081598722E+003   0.3535757270E+000
    179700   0.9099086901E+003   0.3534701929E+000
    179800   0.9072832900E+003   0.3536288020E+000
    179900   0.9079258831E+003   0.3535898829E+000
    180000   0.9079563294E+003   0.0000000000E+000
    180100   0.8966775924E+003   0.3542804721E+000
    180200   0.8930442676E+003   0.3545078461E+000
    180300   0.9035408487E+003   0.3538567377E+000
    180400   0.8978107968E+003   0.3542099917E+000
    180500   0.8997863618E+003   0.0000000000E+000
    180600   0.9010932721E+003   0.0000000000E+000
    180700   0.8872599090E+003   0.3548742876E+000
    180800   0.9028502906E+003   0.3538990354E+000
    180900   0.9019323992E+003   0.0000000000E+000
    181000   0.9062975275E+003   0.3536886294E+000
    181100   0.8975770258E+003   0.3542245144E+000
    181200   0.8918995166E+003   0.3545799295E+000
    181300   0.9024675794E+003   0.3539225092E+000
    181400   0.8964132672E+003   0.3542969416E+000
    181500   0.8997837481E+003   0.3540877729E+000
    181600   0.8978939893E+003   0.0000000000E+000
    181700   0.8930501840E+003   0.0000000000E+000
    181800   0.8930819092E+003   0.0000000000E+000
    181900   0.9025332907E+003   0.0000000000E+000
    182000   0.8892491567E+003   0.0000000000E+000
    182100   0.9002968583E+003   0.0000000000E+000
    182200   0.8965628055E+003   0.0000000000E+000
    182300   0.8870189068E+003   0.0000000000E+000
    182400   0.8943251782E+003   0.0000000000E+000
    182500   0.9074463929E+003   0.0000000000E+000
    182600   0.8964094118E+003   0.0000000000E+000
    182700   0.9099550065E+003   0.0000000000E+000
    182800   0.9040511575E+003   0.0000000000E+000
    182900   0.9082933668E+003   0.0000000000E+000
    183000   0.8916442153E+003   0.0000000000E+000
    183100   0.9068516078E+003   0.0000000000E+000
    183200   0.8965094134E+003   0.0000000000E+000
    183300   0.8946332265E+003   0.0000000000E+000
    183400   0.9031850016E+003   0.0000000000E+000
    183500   0.8964113447E+003   0.0000000000E+000
    183600   0.9109041906E+003   0.0000000000E+000
    183700   0.8944420481E+003   0.0000000000E+000
    183800   0.8982314002E+003   0.3541838844E+000
    183900   0.8966767883E+003   0.7082811996E+000
    184000   0.9070372466E+003   0.7070117854E+000
    184100   0.8986647879E+003   0.7080349950E+000
    184200   0.8966691252E+003   0.7082821511E+000
    184300   0.9013783296E+003   0.7077009621E+000
    184400   0.9031253690E+003   0.3538821775E+000
    184500   0.8991326380E+003   0.3541280387E+000
    184600   0.8971848171E+003   0.3542488994E+000
    184700   0.8983771234E+003   0.7080705429E+000
    184800   0.8878856848E+003   0.7093852562E+000
    184900   0.9058660359E+003   0.3537148647E+000
    185000   0.8948811078E+003   0.3543926291E+000
    185100   0.9034591877E+003   0.3538617356E+000
    185200   0.9038238087E+003   0.3538394276E+000
    185300   0.8866964304E+003   0.7095365611E+000
    185400   0.9003948860E+003   0.7078217535E+000
    185500   0.9089087917E+003   0.7067860381E+000
    185600   0.9032330162E+003   0.3538755836E+000
    185700   0.8941815896E+003   0.7085920121E+000
    185800   0.8960556102E+003   0.7083583889E+000
    185900   0.8944433793E+003   0.7085593082E+000
    186000   0.8984107650E+003   0.7080663843E+000
    186100   0.8958207158E+003   0.3543339031E+000
    186200   0.8849595986E+003   0.7097583796E+000
    186300   0.8937870670E+003   0.7086413395E+000
    186400   0.8991668967E+003   0.3541259184E+000
    186500   0.8806510457E+003   0.7103130276E+000
    186600   0.8975516445E+003   0.7081726972E+000
    186700   0.8941820374E+003   0.7085919562E+000
    186800   0.8873142183E+003   0.3548708213E+000
    186900   0.8947142350E+003   0.7085254951E+000
    187000   0.8909926748E+003   0.3546371844E+000
    187100   0.8949508165E+003   0.3543882674E+000
    187200   0.8932133850E+003   0.7087131573E+000
    187300   0.9012846579E+003   0.7077124542E+000
    187400   0.9073453445E+003   0.7069745484E+000
    187500   0.9004292560E+003   0.7078175269E+000
    187600   0.9071946238E+003   0.7069927610E+000
    187700   0.8922069462E+003   0.7088394092E+000
    187800   0.8974835568E+003   0.7081811329E+000
    187900   0.8952185947E+003   0.7084625948E+000
    188000   0.8885896780E+003   0.3547895566E+000
    188100   0.8950879716E+003   0.7084788774E+000
    188200   0.9003652507E+003   0.3540518687E+000
    188300   0.9009126821E+003   0.7077581172E+000
    188400   0.8921195270E+003   0.7088503910E+000
    188500   0.8994282826E+003   0.7079407743E+000
    188600   0.9065788793E+003   0.7070672382E+000
    188700   0.8920192908E+003   0.7088629860E+000
    188800   0.8993683085E+003   0.3541134567E+000
    188900   0.8931719955E+003   0.7087183429E+000
    189000   0.8955751098E+003   0.3543492398E+000
    189100   0.9055201628E+003   0.3537359150E+000
    189200   0.9007876915E+003   0.3540258192E+000
    189300   0.9010706958E+003   0.7077387144E+000
    189400   0.8965819580E+003   0.3542864295E+000
    189500   0.9011868794E+003   0.3540012295E+000
    189600   0.8957135144E+003   0.3543405960E+000
    189700   0.8899672462E+003   0.3547020894E+000
    189800   0.8990053100E+003   0.3541359208E+000
    189900   0.8997917633E+003   0.3540872776E+000
    190000   0.8955235103E+003   0.3543524632E+000
    190100   0.8924924542E+003   0.3545425663E+000
    190200   0.9007123121E+003   0.3540304653E+000
    190300   0.8947547786E+003   0.3544005357E+000
    190400   0.8905304770E+003   0.3546664180E+000
    190500   0.8942970389E+003   0.3544292058E+000
    190600   0.8951740425E+003   0.3543743052E+000
    190700   0.9013787894E+003   0.3539894170E+000
    190800   0.8779667931E+003   0.3554747538E+000
    190900   0.8992032485E+003   0.3541236688E+000
    191000   0.9000150110E+003   0.3540734874E+000
    191100   0.9024815640E+003   0.3539216510E+000
    191200   0.9034894380E+003   0.3538598841E+000
    191300   0.8990149614E+003   0.3541353233E+000
    191400   0.9013311900E+003   0.3539923463E+000
    191500   0.9017813327E+003   0.3539646583E+000
    191600   0.9067567633E+003   0.3536607390E+000
    191700   0.8986495739E+003   0.3541579559E+000
    191800   0.9000134384E+003   0.3540735845E+000
    191900   0.8987058482E+003   0.3541544688E+000
    192000   0.8966401550E+003   0.0000000000E+000
    192100   0.8968411473E+003   0.3542702869E+000
    192200   0.8905811620E+003   0.0000000000E+000
    192300   0.9028922035E+003   0.0000000000E+000
    192400   0.8915006473E+003   0.0000000000E+000
    192500   0.8935611657E+003   0.0000000000E+000
    192600   0.8958347753E+003   0.0000000000E+000
    192700   0.9042773853E+003   0.0000000000E+000
    192800   0.8969546368E+003   0.0000000000E+000
    192900   0.8997154850E+003   0.0000000000E+000
    193000   0.8877448033E+003   0.0000000000E+000
    193100   0.8944304189E+003   0.0000000000E+000
    193200   0.8922465416E+003   0.0000000000E+000
    193300   0.8850449662E+003   0.0000000000E+000
    193400   0.8972277728E+003   0.0000000000E+000
    193500   0.9005570667E+003   0.0000000000E+000
    193600   0.8949676451E+003   0.0000000000E+000
    193700   0.8859589659E+003   0.0000000000E+000
    193800   0.8883436331E+003   0.0000000000E+000
    193900   0.8923498055E+003   0.0000000000E+000
    194000   0.9000662930E+003   0.0000000000E+000
    194100   0.9062045502E+003   0.0000000000E+000
    194200   0.8993384321E+003   0.0000000000E+000
    194300   0.9007472936E+003   0.0000000000E+000
    194400   0.8941824232E+003   0.0000000000E+000
    194500   0.8865742891E+003   0.0000000000E+000
    194600   0.8903382686E+003   0.0000000000E+000
    194700   0.9064664161E+003   0.0000000000E+000
    194800   0.8909714736E+003   0.0000000000E+000
    194900   0.8958279629E+003   0.0000000000E+000
    195000   0.8930690028E+003   0.0000000000E+000
    195100   0.8913919774E+003   0.0000000000E+000
    195200   0.9111467161E+003   0.0000000000E+000
    195300   0.8928950154E+003   0.0000000000E+000
    195400   0.8952661838E+003   0.0000000000E+000
    195500   0.9053116175E+003   0.0000000000E+000
    195600   0.9020405753E+003   0.0000000000E+000
    195700   0.8818342876E+003   0.0000000000E+000
    195800   0.8941633942E+003   0.0000000000E+000
    195900   0.9001876880E+003   0.0000000000E+000
    196000   0.8947764210E+003   0.0000000000E+000
    196100   0.8968274005E+003   0.0000000000E+000
    196200   0.8913092534E+003   0.0000000000E+000
    196300   0.8978118100E+003   0.0000000000E+000
    196400   0.8990721353E+003   0.0000000000E+000
    196500   0.9009007331E+003   0.0000000000E+000
    196600   0.8908788724E+003   0.0000000000E+000
    196700   0.8933490858E+003   0.0000000000E+000
    196800   0.8973872274E+003   0.0000000000E+000
    196900   0.8870337639E+003   0.0000000000E+000
    197000   0.9081641107E+003   0.0000000000E+000
    197100   0.9017519914E+003   0.0000000000E+000
    197200   0.9036001000E+003   0.0000000000E+000
    197300   0.8889424749E+003   0.0000000000E+000
    197400   0.8972715747E+003   0.0000000000E+000
    197500   0.9007977094E+003   0.0000000000E+000
    197600   0.8887062280E+003   0.0000000000E+000
    197700   0.8965718776E+003   0.0000000000E+000
    197800   0.8976851631E+003   0.0000000000E+000
    197900   0.8932988421E+003   0.0000000000E+000
    198000   0.9004359278E+003   0.0000000000E+000
    198100   0.9180724351E+003   0.0000000000E+000
    198200   0.9050182357E+003   0.0000000000E+000
    198300   0.8956767520E+003   0.0000000000E+000
    198400   0.8961558698E+003   0.0000000000E+000
    198500   0.8940851886E+003   0.0000000000E+000
    198600   0.9081010798E+003   0.0000000000E+000
    198700   0.8915396360E+003   0.0000000000E+000
    198800   0.8915344368E+003   0.0000000000E+000
    198900   0.9132051692E+003   0.0000000000E+000
    199000   0.8989129879E+003   0.0000000000E+000
    199100   0.9060312590E+003   0.0000000000E+000
    199200   0.8910641162E+003   0.0000000000E+000
    199300   0.9099124941E+003   0.0000000000E+000
    199400   0.8996816148E+003   0.0000000000E+000
    199500   0.8977821672E+003   0.0000000000E+000
    199600   0.9031827848E+003   0.0000000000E+000
    199700   0.8976430809E+003   0.0000000000E+000
    199800   0.8983093295E+003   0.0000000000E+000
    199900   0.8985400495E+003   0.0000000000E+000
    200000   0.9066773454E+003   0.0000000000E+000
    200100   0.9085685994E+003   0.0000000000E+000
    200200   0.9026064273E+003   0.0000000000E+000
    200300   0.9018540459E+003   0.0000000000E+000
    200400   0.8900398459E+003   0.0000000000E+000
    200500   0.9012956322E+003   0.0000000000E+000
    200600   0.8935523673E+003   0.0000000000E+000
    200700   0.9090705241E+003   0.0000000000E+000
    200800   0.9049294489E+003   0.0000000000E+000
    200900   0.9025856528E+003   0.0000000000E+000
    201000   0.9022183564E+003   0.0000000000E+000
    201100   0.9056977585E+003   0.0000000000E+000
    201200   0.9103732693E+003   0.0000000000E+000
    201300   0.9063381776E+003   0.0000000000E+000
    201400   0.9121412389E+003   0.0000000000E+000
    201500   0.9072611911E+003   0.0000000000E+000
    201600   0.9138801591E+003   0.0000000000E+000
    201700   0.9066708910E+003   0.0000000000E+000
    201800   0.9032745844E+003   0.0000000000E+000
    201900   0.8900452585E+003   0.0000000000E+000
    202000   0.9075948478E+003   0.0000000000E+000
    202100   0.9073579517E+003   0.0000000000E+000
    202200   0.9126818014E+003   0.0000000000E+000
    202300   0.8936922778E+003   0.3544671366E+000
    202400   0.9028862882E+003   0.0000000000E+000
    202500   0.9047377616E+003   0.0000000000E+000
    202600   0.9028793308E+003   0.0000000000E+000
    202700   0.9028536934E+003   0.3538988267E+000
    202800   0.8958996900E+003   0.3543289737E+000
    202900   0.9129084459E+003   0.3532902569E+000
    203000   0.9041323319E+003   0.3538205679E+000
    203100   0.9045963127E+003   0.3537922333E+000
    203200   0.9010063827E+003   0.3540123448E+000
    203300   0.9003765117E+003   0.0000000000E+000
    203400   0.8919322627E+003   0.3545778645E+000
    203500   0.8896029310E+003   0.3547251906E+000
    203600   0.8992620046E+003   0.3541200331E+000
    203700   0.9083634932E+003   0.3535634151E+000
    203800   0.9062276224E+003   0.3536928778E+000
    203900   0.8984773955E+003   0.3541686283E+000
    204000   0.9069313257E+003   0.0000000000E+000
    204100   0.8991699362E+003   0.0000000000E+000
    204200   0.9022821806E+003   0.0000000000E+000
    204300   0.8998815595E+003   0.0000000000E+000
    204400   0.8960842783E+003   0.0000000000E+000
    204500   0.9118403366E+003   0.0000000000E+000
    204600   0.9034905807E+003   0.0000000000E+000
    204700   0.8945966880E+003   0.3544104337E+000
    204800   0.8955803678E+003   0.3543489114E+000
    204900   0.8977315426E+003   0.0000000000E+000
    205000   0.8905701201E+003   0.0000000000E+000
    205100   0.8842439170E+003   0.0000000000E+000
    205200   0.9011218462E+003   0.0000000000E+000
    205300   0.8991018310E+003   0.0000000000E+000
    205400   0.9084920288E+003   0.0000000000E+000
    205500   0.8993888979E+003   0.0000000000E+000
    205600   0.8987623431E+003   0.0000000000E+000
    205700   0.9064161966E+003   0.0000000000E+000
    205800   0.9052660506E+003   0.0000000000E+000
    205900   0.9014075075E+003   0.0000000000E+000
    206000   0.8979432473E+003   0.3542017673E+000
    206100   0.8989328524E+003   0.0000000000E+000
    206200   0.8951601423E+003   0.0000000000E+000
    206300   0.9097023548E+003   0.0000000000E+000
    206400   0.8948985986E+003   0.0000000000E+000
    206500   0.8927541200E+003   0.0000000000E+000
    206600   0.8980092148E+003   0.0000000000E+000
    206700   0.9003556931E+003   0.0000000000E+000
    206800   0.9050052989E+003   0.0000000000E+000
    206900   0.9013431976E+003   0.0000000000E+000
    207000   0.9112558854E+003   0.0000000000E+000
    207100   0.8957145162E+003   0.0000000000E+000
    207200   0.8940684017E+003   0.0000000000E+000
    207300   0.9082660048E+003   0.0000000000E+000
    207400   0.9068422315E+003   0.0000000000E+000
    207500   0.9051949753E+003   0.0000000000E+000
    207600   0.9044442300E+003   0.0000000000E+000
    207700   0.8923208586E+003   0.0000000000E+000
    207800   0.9067233362E+003   0.0000000000E+000
    207900   0.8933946199E+003   0.0000000000E+000
    208000   0.9073457572E+003   0.0000000000E+000
    208100   0.8974859957E+003   0.3542301719E+000
    208200   0.8916943319E+003   0.3545928723E+000
    208300   0.8854521339E+003   0.3549899499E+000
    208400   0.9079713165E+003   0.3535871336E+000
    208500   0.8924157772E+003   0.3545473947E+000
    208600   0.8956845416E+003   0.3543424052E+000
    208700   0.9034945723E+003   0.3538595698E+000
    208800   0.9005354522E+003   0.3540413699E+000
    208900   0.9012662250E+003   0.3539963449E+000
    209000   0.9090484787E+003   0.3535220446E+000
    209100   0.8987053249E+003   0.3541545012E+000
    209200   0.8959025038E+003   0.0000000000E+000
    209300   0.8988320039E+003   0.3541466533E+000
    209400   0.9050537035E+003   0.3537643340E+000
    209500   0.8971452670E+003   0.3542513598E+000
    209600   0.8974761090E+003   0.0000000000E+000
    209700   0.9024800549E+003   0.0000000000E+000
    209800   0.8941273326E+003   0.0000000000E+000
    209900   0.9023018514E+003   0.0000000000E+000
    210000   0.8883795959E+003   0.0000000000E+000
    210100   0.9024608214E+003   0.0000000000E+000
    210200   0.9011396512E+003   0.0000000000E+000
    210300   0.9017375120E+003   0.0000000000E+000
    210400   0.9057368953E+003   0.0000000000E+000
    210500   0.9035947363E+003   0.0000000000E+000
    210600   0.9040111760E+003   0.0000000000E+000
    210700   0.9037411696E+003   0.0000000000E+000
    210800   0.8971924033E+003   0.0000000000E+000
    210900   0.9042324549E+003   0.0000000000E+000
    211000   0.8952057534E+003   0.0000000000E+000
    211100   0.9095082588E+003   0.0000000000E+000
    211200   0.9114328370E+003   0.0000000000E+000
    211300   0.9047381165E+003   0.0000000000E+000
    211400   0.9171708736E+003   0.0000000000E+000
    211500   0.9073253405E+003   0.0000000000E+000
    211600   0.8965767060E+003   0.3542867567E+000
    211700   0.9025029308E+003   0.0000000000E+000
    211800   0.8978709476E+003   0.0000000000E+000
    211900   0.9092509941E+003   0.3535098272E+000
    212000   0.9084281039E+003   0.0000000000E+000
    212100   0.9084965222E+003   0.0000000000E+000
    212200   0.9108563911E+003   0.0000000000E+000
    212300   0.9108320283E+003   0.0000000000E+000
    212400   0.9046178335E+003   0.0000000000E+000
    212500   0.9049607489E+003   0.0000000000E+000
    212600   0.9008575463E+003   0.0000000000E+000
    212700   0.9033641589E+003   0.0000000000E+000
    212800   0.8987319326E+003   0.0000000000E+000
    212900   0.8996118901E+003   0.0000000000E+000
    213000   0.9073465849E+003   0.0000000000E+000
    213100   0.9072681217E+003   0.0000000000E+000
    213200   0.9015505334E+003   0.0000000000E+000
    213300   0.9074830574E+003   0.0000000000E+000
    213400   0.9001251629E+003   0.0000000000E+000
    213500   0.9101184473E+003   0.0000000000E+000
    213600   0.9159119391E+003   0.0000000000E+000
    213700   0.8960969027E+003   0.0000000000E+000
    213800   0.9007854306E+003   0.0000000000E+000
    213900   0.9023133969E+003   0.0000000000E+000
    214000   0.9105556272E+003   0.0000000000E+000
    214100   0.9064786899E+003   0.0000000000E+000
    214200   0.8937036568E+003   0.0000000000E+000
    214300   0.9095243629E+003   0.0000000000E+000
    214400   0.8953284972E+003   0.0000000000E+000
    214500   0.8957158478E+003   0.0000000000E+000
    214600   0.9034056013E+003   0.0000000000E+000
    214700   0.9065654792E+003   0.0000000000E+000
    214800   0.8878100284E+003   0.0000000000E+000
    214900   0.9082168255E+003   0.0000000000E+000
    215000   0.9044865399E+003   0.0000000000E+000
    215100   0.8911007217E+003   0.0000000000E+000
    215200   0.9067253761E+003   0.0000000000E+000
    215300   0.8905031040E+003   0.0000000000E+000
    215400   0.8910962300E+003   0.0000000000E+000
    215500   0.8935686044E+003   0.0000000000E+000
    215600   0.8974833782E+003   0.0000000000E+000
    215700   0.8891125188E+003   0.0000000000E+000
    215800   0.8947406744E+003   0.0000000000E+000
    215900   0.9053388209E+003   0.0000000000E+000
    216000   0.8986686534E+003   0.0000000000E+000
    216100   0.9043395117E+003   0.0000000000E+000
    216200   0.8949599616E+003   0.0000000000E+000
    216300   0.9040929506E+003   0.0000000000E+000
    216400   0.8949834004E+003   0.0000000000E+000
    216500   0.8910925982E+003   0.0000000000E+000
    216600   0.9065692478E+003   0.0000000000E+000
    216700   0.9036978933E+003   0.0000000000E+000
    216800   0.8949088614E+003   0.0000000000E+000
    216900   0.9105398466E+003   0.0000000000E+000
    217000   0.9071619909E+003   0.0000000000E+000
    217100   0.9026839755E+003   0.0000000000E+000
    217200   0.9033044578E+003   0.0000000000E+000
    217300   0.9067164758E+003   0.0000000000E+000
    217400   0.8966074976E+003   0.0000000000E+000
    217500   0.9072813457E+003   0.0000000000E+000
    217600   0.8974809114E+003   0.0000000000E+000
    217700   0.9030697205E+003   0.0000000000E+000
    217800   0.8978040318E+003   0.0000000000E+000
    217900   0.8908932250E+003   0.0000000000E+000
    218000   0.9090793490E+003   0.0000000000E+000
    218100   0.9058973402E+003   0.0000000000E+000
    218200   0.9071314600E+003   0.3536380070E+000
    218300   0.8942452394E+003   0.3544324523E+000
    218400   0.9056639075E+003   0.3537271643E+000
    218500   0.9142158144E+003   0.3532122626E+000
    218600   0.9099041279E+003   0.3534704676E+000
    218700   0.9116056117E+003   0.0000000000E+000
    218800   0.9088934744E+003   0.3535313999E+000
    218900   0.9079992487E+003   0.3535854435E+000
    219000   0.9030799995E+003   0.3538849571E+000
    219100   0.8955924281E+003   0.3543481581E+000
    219200   0.9042625500E+003   0.3538126123E+000
    219300   0.9016674032E+003   0.3539716630E+000
    219400   0.9027867703E+003   0.0000000000E+000
    219500   0.9004343677E+003   0.3540476047E+000
    219600   0.9003336056E+003   0.0000000000E+000
    219700   0.9018450600E+003   0.3539607411E+000
    219800   0.8944153452E+003   0.3544217925E+000
    219900   0.9094313654E+003   0.0000000000E+000
    220000   0.9013114874E+003   0.3539935589E+000
    220100   0.8983391466E+003   0.7080752378E+000
    220200   0.8881286845E+003   0.3548188971E+000
    220300   0.9033273324E+003   0.3538698079E+000
    220400   0.9004063759E+003   0.3540493315E+000
    220500   0.8996687798E+003   0.3540948778E+000
    220600   0.9023185490E+003   0.3539316563E+000
    220700   0.9112260437E+003   0.3533910049E+000
    220800   0.8948533783E+003   0.3543943644E+000
    220900   0.9055697509E+003   0.3537328959E+000
    221000   0.8976641133E+003   0.3542191032E+000
    221100   0.8974430737E+003   0.3542328399E+000
    221200   0.9043650573E+003   0.3538063515E+000
    221300   0.9042926906E+003   0.3538107712E+000
    221400   0.8999245505E+003   0.3540790743E+000
    221500   0.9038562439E+003   0.0000000000E+000
    221600   0.8937139735E+003   0.3544657748E+000
    221700   0.8988101293E+003   0.3541480083E+000
    221800   0.8960922456E+003   0.3543169589E+000
    221900   0.9044191692E+003   0.3538030472E+000
    222000   0.9123957754E+003   0.3533209119E+000
    222100   0.9051970892E+003   0.3537555946E+000
    222200   0.9072538809E+003   0.3536305847E+000
    222300   0.9076671471E+003   0.3536055458E+000
    222400   0.9044685812E+003   0.3538000303E+000
    222500   0.8952567262E+003   0.3543691356E+000
    222600   0.9060738397E+003   0.0000000000E+000
    222700   0.9077799176E+003   0.0000000000E+000
    222800   0.9026239808E+003   0.3539129134E+000
    222900   0.9073242290E+003   0.0000000000E+000
    223000   0.9017361384E+003   0.3539674367E+000
    223100   0.9054508397E+003   0.0000000000E+000
    223200   0.9177085118E+003   0.3530051545E+000
    223300   0.8946805979E+003   0.3544051796E+000
    223400   0.8999864520E+003   0.3540752511E+000
    223500   0.9095030715E+003   0.3534946286E+000
    223600   0.9037017582E+003   0.0000000000E+000
    223700   0.9142987790E+003   0.0000000000E+000
    223800   0.8942079669E+003   0.3544347887E+000
    223900   0.8972778280E+003   0.3542431144E+000
    224000   0.8952764722E+003   0.3543679012E+000
    224100   0.9015704957E+003   0.3539776228E+000
    224200   0.9033746357E+003   0.3538669116E+000
    224300   0.8969574141E+003   0.3542630492E+000
    224400   0.8893364225E+003   0.3547421039E+000
    224500   0.8960910262E+003   0.3543170350E+000
    224600   0.9035292734E+003   0.0000000000E+000
    224700   0.8980652626E+003   0.3541941934E+000
    224800   0.9006897035E+003   0.0000000000E+000
    224900   0.8920123089E+003   0.0000000000E+000
    225000   0.8926221156E+003   0.0000000000E+000
    225100   0.8953936206E+003   0.0000000000E+000
    225200   0.8924575836E+003   0.0000000000E+000
    225300   0.8977518169E+003   0.0000000000E+000
    225400   0.8979790113E+003   0.0000000000E+000
    225500   0.8911346043E+003   0.0000000000E+000
    225600   0.9125999123E+003   0.0000000000E+000
    225700   0.8977268072E+003   0.0000000000E+000
    225800   0.8898977347E+003   0.0000000000E+000
    225900   0.9020512427E+003   0.0000000000E+000
    226000   0.8972175033E+003   0.0000000000E+000
    226100   0.9041990189E+003   0.0000000000E+000
    226200   0.8931147553E+003   0.0000000000E+000
    226300   0.8933465168E+003   0.0000000000E+000
    226400   0.8888980609E+003   0.0000000000E+000
    226500   0.8959106045E+003   0.0000000000E+000
    226600   0.9025935618E+003   0.0000000000E+000
    226700   0.8939572042E+003   0.0000000000E+000
    226800   0.8971606732E+003   0.0000000000E+000
    226900   0.9023164405E+003   0.0000000000E+000
    227000   0.9064031986E+003   0.0000000000E+000
    227100   0.9025152609E+003   0.0000000000E+000
    227200   0.9039488890E+003   0.0000000000E+000
    227300   0.8927530043E+003   0.0000000000E+000
    227400   0.8984686210E+003   0.0000000000E+000
    227500   0.9022976786E+003   0.0000000000E+000
    227600   0.8960697673E+003   0.0000000000E+000
    227700   0.8996562031E+003   0.0000000000E+000
    227800   0.9065886635E+003   0.0000000000E+000
    227900   0.8972229335E+003   0.0000000000E+000
    228000   0.8956902710E+003   0.0000000000E+000
    228100   0.9012710623E+003   0.0000000000E+000
    228200   0.8975669125E+003   0.3542251428E+000
    228300   0.8885454879E+003   0.3547923676E+000
    228400   0.8915837707E+003   0.3545998493E+000
    228500   0.8959343192E+003   0.3543268125E+000
    228600   0.8964766659E+003   0.3542929903E+000
    228700   0.8969265058E+003   0.0000000000E+000
    228800   0.8941046196E+003   0.3544412679E+000
    228900   0.9033428742E+003   0.3538688563E+000
    229000   0.8933448900E+003   0.0000000000E+000
    229100   0.8911630656E+003   0.3546264162E+000
    229200   0.8962545521E+003   0.3543068362E+000
    229300   0.8988855533E+003   0.3541433366E+000
    229400   0.9020373330E+003   0.0000000000E+000
    229500   0.9038933478E+003   0.0000000000E+000
    229600   0.9051851405E+003   0.0000000000E+000
    229700   0.8943877495E+003   0.0000000000E+000
    229800   0.8980335294E+003   0.0000000000E+000
    229900   0.8895479734E+003   0.0000000000E+000
    230000   0.8958871262E+003   0.0000000000E+000
    230100   0.9034794166E+003   0.3538604975E+000
    230200   0.8937362738E+003   0.3544643752E+000
    230300   0.8903878319E+003   0.3546754472E+000
    230400   0.8981054435E+003   0.3541916997E+000
    230500   0.9071963683E+003   0.3536340714E+000
    230600   0.8974411686E+003   0.3542329583E+000
    230700   0.8987734985E+003   0.3541502775E+000
    230800   0.9032366044E+003   0.0000000000E+000
    230900   0.8908591673E+003   0.3546456250E+000
    231000   0.8968326255E+003   0.3542708175E+000
    231100   0.8994921870E+003   0.3541057952E+000
    231200   0.8984990874E+003   0.3541672835E+000
    231300   0.9026003333E+003   0.3539143640E+000
    231400   0.8921820150E+003   0.0000000000E+000
    231500   0.9003725315E+003   0.3540514195E+000
    231600   0.8895557986E+003   0.3547281809E+000
    231700   0.9017972558E+003   0.0000000000E+000
    231800   0.8870385479E+003   0.3548884210E+000
    231900   0.8918712302E+003   0.3545817133E+000
    232000   0.9076333024E+003   0.3536075954E+000
    232100   0.9009711139E+003   0.3540145174E+000
    232200   0.8993805547E+003   0.0000000000E+000
    232300   0.9079728056E+003   0.3535870435E+000
    232400   0.8998142005E+003   0.3540858913E+000
    232500   0.8961582810E+003   0.3543128399E+000
    232600   0.9046130782E+003   0.3537912101E+000
    232700   0.8998302640E+003   0.3540848989E+000
    232800   0.8968048516E+003   0.3542725468E+000
    232900   0.9031096533E+003   0.3538831402E+000
    233000   0.9053302247E+003   0.3537474829E+000
    233100   0.9082231833E+003   0.3535718982E+000
    233200   0.9090771762E+003   0.0000000000E+000
    233300   0.9035885869E+003   0.0000000000E+000
    233400   0.9006969293E+003   0.0000000000E+000
    233500   0.9049772776E+003   0.0000000000E+000
    233600   0.9014194894E+003   0.0000000000E+000
    233700   0.8975196798E+003   0.0000000000E+000
    233800   0.9164951125E+003   0.0000000000E+000
    233900   0.8943910123E+003   0.0000000000E+000
    234000   0.9098207854E+003   0.0000000000E+000
    234100   0.9135615502E+003   0.0000000000E+000
    234200   0.9099152353E+003   0.0000000000E+000
    234300   0.9093382343E+003   0.0000000000E+000
    234400   0.9065405231E+003   0.0000000000E+000
    234500   0.9010339648E+003   0.0000000000E+000
    234600   0.8998575015E+003   0.0000000000E+000
    234700   0.9059393196E+003   0.0000000000E+000
    234800   0.8979798177E+003   0.0000000000E+000
    234900   0.9020504505E+003   0.0000000000E+000
    235000   0.9044399006E+003   0.0000000000E+000
    235100   0.8984234138E+003   0.0000000000E+000
    235200   0.8953510255E+003   0.0000000000E+000
    235300   0.9050587833E+003   0.0000000000E+000
    235400   0.9058138144E+003   0.0000000000E+000
    235500   0.9123013406E+003   0.0000000000E+000
    235600   0.8982112060E+003   0.0000000000E+000
    235700   0.8953129411E+003   0.0000000000E+000
    235800   0.9033290518E+003   0.0000000000E+000
    235900   0.9030785340E+003   0.0000000000E+000
    236000   0.8941117794E+003   0.0000000000E+000
    236100   0.8873541552E+003   0.0000000000E+000
    236200   0.9074082278E+003   0.0000000000E+000
    236300   0.9080158436E+003   0.0000000000E+000
    236400   0.9007595596E+003   0.0000000000E+000
    236500   0.9054161534E+003   0.0000000000E+000
    236600   0.9038741541E+003   0.0000000000E+000
    236700   0.9083643691E+003   0.0000000000E+000
    236800   0.9182622479E+003   0.0000000000E+000
    236900   0.9134298804E+003   0.0000000000E+000
    237000   0.8988192306E+003   0.0000000000E+000
    237100   0.9043589020E+003   0.0000000000E+000
    237200   0.8966480757E+003   0.0000000000E+000
    237300   0.8987846340E+003   0.0000000000E+000
    237400   0.9014024307E+003   0.0000000000E+000
    237500   0.9066841814E+003   0.0000000000E+000
    237600   0.9007875852E+003   0.0000000000E+000
    237700   0.9056707371E+003   0.0000000000E+000
    237800   0.9032535344E+003   0.0000000000E+000
    237900   0.9090772511E+003   0.0000000000E+000
    238000   0.9154731990E+003   0.0000000000E+000
    238100   0.8991432093E+003   0.0000000000E+000
    238200   0.9088777381E+003   0.0000000000E+000
    238300   0.8980807906E+003   0.0000000000E+000
    238400   0.9094330850E+003   0.0000000000E+000
    238500   0.9052301660E+003   0.0000000000E+000
    238600   0.9126075807E+003   0.0000000000E+000
    238700   0.8951561211E+003   0.0000000000E+000
    238800   0.8991260883E+003   0.0000000000E+000
    238900   0.8970520908E+003   0.0000000000E+000
    239000   0.9055092233E+003   0.0000000000E+000
    239100   0.8938875211E+003   0.0000000000E+000
    239200   0.8973187145E+003   0.0000000000E+000
    239300   0.9066046758E+003   0.0000000000E+000
    239400   0.8966767384E+003   0.0000000000E+000
    239500   0.8904757276E+003   0.0000000000E+000
    239600   0.8956414376E+003   0.0000000000E+000
    239700   0.8965163248E+003   0.0000000000E+000
    239800   0.9045741615E+003   0.0000000000E+000
    239900   0.8951489495E+003   0.0000000000E+000
    240000   0.9046975067E+003   0.0000000000E+000
    240100   0.8979406493E+003   0.0000000000E+000
    240200   0.9016875040E+003   0.0000000000E+000
    240300   0.9068212309E+003   0.0000000000E+000
    240400   0.9004878941E+003   0.0000000000E+000
    240500   0.8974762762E+003   0.0000000000E+000
    240600   0.8945278231E+003   0.0000000000E+000
    240700   0.8978597256E+003   0.0000000000E+000
    240800   0.9047462240E+003   0.0000000000E+000
    240900   0.9035659891E+003   0.0000000000E+000
    241000   0.8960399616E+003   0.0000000000E+000
    241100   0.9018163236E+003   0.0000000000E+000
    241200   0.9047277121E+003   0.0000000000E+000
    241300   0.8857306628E+003   0.0000000000E+000
    241400   0.8985993709E+003   0.0000000000E+000
    241500   0.8903189585E+003   0.0000000000E+000
    241600   0.8997398392E+003   0.0000000000E+000
    241700   0.9057849830E+003   0.0000000000E+000
    241800   0.8952052783E+003   0.0000000000E+000
    241900   0.8978470193E+003   0.0000000000E+000
    242000   0.8940413958E+003   0.0000000000E+000
    242100   0.9127141669E+003   0.0000000000E+000
    242200   0.9018161116E+003   0.0000000000E+000
    242300   0.8987836605E+003   0.0000000000E+000
    242400   0.9073739949E+003   0.0000000000E+000
    242500   0.9010722199E+003   0.0000000000E+000
    242600   0.8940023468E+003   0.0000000000E+000
    242700   0.9062059692E+003   0.0000000000E+000
    242800   0.9097377316E+003   0.0000000000E+000
    242900   0.8963336848E+003   0.0000000000E+000
    243000   0.9036488342E+003   0.0000000000E+000
    243100   0.9052584914E+003   0.0000000000E+000
    243200   0.9028511521E+003   0.0000000000E+000
    243300   0.9036567353E+003   0.0000000000E+000
    243400   0.9051542419E+003   0.0000000000E+000
    243500   0.9134943587E+003   0.0000000000E+000
    243600   0.9025065398E+003   0.0000000000E+000
    243700   0.9139246458E+003   0.0000000000E+000
    243800   0.8960277976E+003   0.0000000000E+000
    243900   0.9158827945E+003   0.0000000000E+000
    244000   0.9015254861E+003   0.0000000000E+000
    244100   0.9021443465E+003   0.0000000000E+000
    244200   0.8937628706E+003   0.0000000000E+000
    244300   0.9022090232E+003   0.0000000000E+000
    244400   0.9013490440E+003   0.0000000000E+000
    244500   0.9005326794E+003   0.0000000000E+000
    244600   0.9061012264E+003   0.0000000000E+000
    244700   0.9007565317E+003   0.0000000000E+000
    244800   0.9173431893E+003   0.0000000000E+000
    244900   0.9009487272E+003   0.0000000000E+000
    245000   0.9093572016E+003   0.0000000000E+000
    245100   0.9079644164E+003   0.0000000000E+000
    245200   0.9070141138E+003   0.0000000000E+000
    245300   0.9002188530E+003   0.3540609028E+000
    245400   0.8953440041E+003   0.3543636800E+000
    245500   0.9063754526E+003   0.3536838946E+000
    245600   0.9031671052E+003   0.0000000000E+000
    245700   0.9069349222E+003   0.0000000000E+000
    245800   0.9090286747E+003   0.3535232396E+000
    245900   0.9116483299E+003   0.3533656766E+000
    246000   0.9000102130E+003   0.3540737837E+000
    246100   0.8955976366E+003   0.3543478328E+000
    246200   0.9025371227E+003   0.3539182420E+000
    246300   0.8930891562E+003   0.3545050239E+000
    246400   0.9080329586E+003   0.3535834040E+000
    246500   0.8992998534E+003   0.3541176914E+000
    246600   0.9070141617E+003   0.0000000000E+000
    246700   0.8946217280E+003   0.3544088657E+000
    246800   0.9063377870E+003   0.3536861831E+000
    246900   0.9090550474E+003   0.3535216482E+000
    247000   0.9060213059E+003   0.3537054207E+000
    247100   0.9086245027E+003   0.3535476426E+000
    247200   0.9045187464E+003   0.0000000000E+000
    247300   0.8900857948E+003   0.3546945769E+000
    247400   0.9060727092E+003   0.3537022951E+000
    247500   0.9046629180E+003   0.3537881685E+000
    247600   0.9055650523E+003   0.3537331820E+000
    247700   0.9137641849E+003   0.3532391766E+000
    247800   0.9077469701E+003   0.3536007125E+000
    247900   0.9038598245E+003   0.3538372252E+000
    248000   0.8875202803E+003   0.0000000000E+000
    248100   0.9060562184E+003   0.0000000000E+000
    248200   0.9026421717E+003   0.0000000000E+000
    248300   0.8972887235E+003   0.0000000000E+000
    248400   0.8967156730E+003   0.0000000000E+000
    248500   0.8954388270E+003   0.0000000000E+000
    248600   0.8979914630E+003   0.0000000000E+000
    248700   0.9098237171E+003   0.0000000000E+000
    248800   0.9052937588E+003   0.0000000000E+000
    248900   0.9053226560E+003   0.0000000000E+000
    249000   0.9097511780E+003   0.0000000000E+000
    249100   0.9157449062E+003   0.0000000000E+000
    249200   0.9148736190E+003   0.0000000000E+000
    249300   0.9045578469E+003   0.0000000000E+000
    249400   0.8993383717E+003   0.0000000000E+000
    249500   0.9053467835E+003   0.0000000000E+000
    249600   0.9080318403E+003   0.0000000000E+000
    249700   0.8984099431E+003   0.0000000000E+000
    249800   0.9040174605E+003   0.0000000000E+000
    249900   0.9021457378E+003   0.0000000000E+000
    250000   0.8993562550E+003   0.0000000000E+000
    250100   0.8894347839E+003   0.0000000000E+000
    250200   0.8986059270E+003   0.0000000000E+000
    250300   0.9166914497E+003   0.0000000000E+000
    250400   0.9130839315E+003   0.0000000000E+000
    250500   0.9051196231E+003   0.0000000000E+000
    250600   0.8975866372E+003   0.0000000000E+000
    250700   0.8999812442E+003   0.0000000000E+000
    250800   0.9039388487E+003   0.0000000000E+000
    250900   0.9108136581E+003   0.0000000000E+000
    251000   0.9103956158E+003   0.0000000000E+000
    251100   0.8992316565E+003   0.0000000000E+000
    251200   0.9042643995E+003   0.0000000000E+000
    251300   0.8999743634E+003   0.0000000000E+000
    251400   0.9096500246E+003   0.0000000000E+000
    251500   0.8971013357E+003   0.0000000000E+000
    251600   0.9076628793E+003   0.0000000000E+000
    251700   0.8964785588E+003   0.0000000000E+000
    251800   0.9017010601E+003   0.0000000000E+000
    251900   0.9085356275E+003   0.0000000000E+000
    252000   0.8984051698E+003   0.0000000000E+000
    252100   0.9033831337E+003   0.0000000000E+000
    252200   0.9020448200E+003   0.0000000000E+000
    252300   0.9131508343E+003   0.0000000000E+000
    252400   0.9098867955E+003   0.0000000000E+000
    252500   0.8999366338E+003   0.0000000000E+000
    252600   0.9058631645E+003   0.0000000000E+000
    252700   0.9055866069E+003   0.0000000000E+000
    252800   0.9087213921E+003   0.0000000000E+000
    252900   0.8992950955E+003   0.0000000000E+000
    253000   0.8942807236E+003   0.0000000000E+000
    253100   0.9002246850E+003   0.0000000000E+000
    253200   0.9049759572E+003   0.0000000000E+000
    253300   0.9063401242E+003   0.0000000000E+000
    253400   0.9078060927E+003   0.3535971333E+000
    253500   0.9033487625E+003   0.0000000000E+000
    253600   0.9069406631E+003   0.3536495795E+000
    253700   0.8945738621E+003   0.3544118631E+000
    253800   0.9084306775E+003   0.3535593543E+000
    253900   0.9113046215E+003   0.3533862898E+000
    254000   0.9071812248E+003   0.3536349895E+000
    254100   0.9054396353E+003   0.0000000000E+000
    254200   0.9098458242E+003   0.3534739785E+000
    254300   0.9099118517E+003   0.3534700026E+000
    254400   0.9032741174E+003   0.3538730665E+000
    254500   0.9161497832E+003   0.3530973581E+000
    254600   0.9176026258E+003   0.3530114065E+000
    254700   0.9014220875E+003   0.3539867527E+000
    254800   0.9113142002E+003   0.3533857151E+000
    254900   0.9058765385E+003   0.3537142258E+000
    255000   0.8894160789E+003   0.3547370475E+000
    255100   0.9139211832E+003   0.3532298171E+000
    255200   0.8962198354E+003   0.3543090010E+000
    255300   0.8984094047E+003   0.3541728440E+000
    255400   0.9048060736E+003   0.3537794345E+000
    255500   0.8882990703E+003   0.3548080486E+000
    255600   0.9073952280E+003   0.0000000000E+000
    255700   0.8982808061E+003   0.3541808196E+000
    255800   0.8860151759E+003   0.3549538675E+000
    255900   0.9013673882E+003   0.0000000000E+000
    256000   0.9055077073E+003   0.0000000000E+000
    256100   0.9033656242E+003   0.0000000000E+000
    256200   0.8907793238E+003   0.0000000000E+000
    256300   0.9048267462E+003   0.0000000000E+000
    256400   0.8925764369E+003   0.0000000000E+000
    256500   0.9103987219E+003   0.0000000000E+000
    256600   0.9035412408E+003   0.0000000000E+000
    256700   0.8963584415E+003   0.0000000000E+000
    256800   0.8926272714E+003   0.0000000000E+000
    256900   0.9099899159E+003   0.0000000000E+000
    257000   0.9023544496E+003   0.0000000000E+000
    257100   0.9013535858E+003   0.0000000000E+000
    257200   0.8975616427E+003   0.0000000000E+000
    257300   0.8981379037E+003   0.0000000000E+000
    257400   0.8866424396E+003   0.0000000000E+000
    257500   0.8971447293E+003   0.0000000000E+000
    257600   0.9046439768E+003   0.0000000000E+000
    257700   0.9026139265E+003   0.0000000000E+000
    257800   0.9053608919E+003   0.0000000000E+000
    257900   0.9002978980E+003   0.0000000000E+000
    258000   0.8968231657E+003   0.0000000000E+000
    258100   0.8964075930E+003   0.0000000000E+000
    258200   0.9088108333E+003   0.0000000000E+000
    258300   0.8966392070E+003   0.0000000000E+000
    258400   0.9063608876E+003   0.0000000000E+000
    258500   0.9095055172E+003   0.0000000000E+000
    258600   0.9018682373E+003   0.0000000000E+000
    258700   0.8983471941E+003   0.0000000000E+000
    258800   0.9000676860E+003   0.0000000000E+000
    258900   0.9025309090E+003   0.0000000000E+000
    259000   0.8953709555E+003   0.0000000000E+000
    259100   0.9003520388E+003   0.0000000000E+000
    259200   0.9018693675E+003   0.0000000000E+000
    259300   0.9078825325E+003   0.0000000000E+000
    259400   0.9074986921E+003   0.0000000000E+000
    259500   0.9077825576E+003   0.0000000000E+000
    259600   0.9036207615E+003   0.0000000000E+000
    259700   0.9002810868E+003   0.0000000000E+000
    259800   0.9143798108E+003   0.0000000000E+000
    259900   0.9142592410E+003   0.0000000000E+000
    260000   0.9023812621E+003   0.0000000000E+000
    260100   0.9165137885E+003   0.0000000000E+000
    260200   0.9031026234E+003   0.0000000000E+000
    260300   0.9100916081E+003   0.0000000000E+000
    260400   0.9057877496E+003   0.0000000000E+000
    260500   0.9000216696E+003   0.0000000000E+000
    260600   0.9064023287E+003   0.0000000000E+000
    260700   0.9046172430E+003   0.0000000000E+000
    260800   0.8971369408E+003   0.0000000000E+000
    260900   0.9061526628E+003   0.0000000000E+000
    261000   0.8995135216E+003   0.0000000000E+000
    261100   0.9110533625E+003   0.0000000000E+000
    261200   0.8975563988E+003   0.0000000000E+000
    261300   0.8954925453E+003   0.0000000000E+000
    261400   0.9193448690E+003   0.0000000000E+000
    261500   0.8994434240E+003   0.0000000000E+000
    261600   0.8932620164E+003   0.0000000000E+000
    261700   0.9014779732E+003   0.0000000000E+000
    261800   0.9062410621E+003   0.0000000000E+000
    261900   0.9014446556E+003   0.0000000000E+000
    262000   0.8904394828E+003   0.0000000000E+000
    262100   0.8962265963E+003   0.0000000000E+000
    262200   0.8953086474E+003   0.0000000000E+000
    262300   0.8954152699E+003   0.0000000000E+000
    262400   0.9013767227E+003   0.0000000000E+000
    262500   0.8888088053E+003   0.0000000000E+000
    262600   0.9065869747E+003   0.0000000000E+000
    262700   0.8854848842E+003   0.0000000000E+000
    262800   0.8952213088E+003   0.0000000000E+000
    262900   0.9028256509E+003   0.0000000000E+000
    263000   0.8978305686E+003   0.0000000000E+000
    263100   0.8952293854E+003   0.0000000000E+000
    263200   0.8938989815E+003   0.0000000000E+000
    263300   0.9012405829E+003   0.0000000000E+000
    263400   0.8984595793E+003   0.0000000000E+000
    263500   0.9012841854E+003   0.0000000000E+000
    263600   0.8957299984E+003   0.0000000000E+000
    263700   0.8947356969E+003   0.0000000000E+000
    263800   0.8972549920E+003   0.0000000000E+000
    263900   0.9061289202E+003   0.0000000000E+000
    264000   0.8977685591E+003   0.0000000000E+000
    264100   0.9034712686E+003   0.0000000000E+000
    264200   0.8955797228E+003   0.0000000000E+000
    264300   0.8891847981E+003   0.0000000000E+000
    264400   0.8800281174E+003   0.0000000000E+000
    264500   0.8944355659E+003   0.0000000000E+000
    264600   0.8821172560E+003   0.0000000000E+000
    264700   0.8867683155E+003   0.0000000000E+000
    264800   0.8885376134E+003   0.0000000000E+000
    264900   0.8935563231E+003   0.0000000000E+000
    265000   0.8942511640E+003   0.0000000000E+000
    265100   0.8974277561E+003   0.0000000000E+000
    265200   0.8923423039E+003   0.0000000000E+000
    265300   0.8900768329E+003   0.0000000000E+000
    265400   0.9034310524E+003   0.0000000000E+000
    265500   0.8943766591E+003   0.0000000000E+000
    265600   0.8899179129E+003   0.0000000000E+000
    265700   0.9070475363E+003   0.0000000000E+000
    265800   0.8945032960E+003   0.0000000000E+000
    265900   0.8977222236E+003   0.0000000000E+000
    266000   0.8897832765E+003   0.0000000000E+000
    266100   0.8883837277E+003   0.0000000000E+000
    266200   0.9001046286E+003   0.0000000000E+000
    266300   0.8926089564E+003   0.0000000000E+000
    266400   0.9019872295E+003   0.0000000000E+000
    266500   0.8894934445E+003   0.0000000000E+000
    266600   0.8943824923E+003   0.0000000000E+000
    266700   0.8957834936E+003   0.0000000000E+000
    266800   0.8913748238E+003   0.0000000000E+000
    266900   0.9048370521E+003   0.0000000000E+000
    267000   0.8965837723E+003   0.0000000000E+000
    267100   0.8959310598E+003   0.0000000000E+000
    267200   0.8962471040E+003   0.0000000000E+000
    267300   0.8946710757E+003   0.0000000000E+000
    267400   0.9012507471E+003   0.0000000000E+000
    267500   0.9069692693E+003   0.0000000000E+000
    267600   0.8917677672E+003   0.0000000000E+000
    267700   0.9080716590E+003   0.0000000000E+000
    267800   0.8995175397E+003   0.0000000000E+000
    267900   0.9099849352E+003   0.0000000000E+000
    268000   0.8939108876E+003   0.0000000000E+000
    268100   0.9003849297E+003   0.0000000000E+000
    268200   0.8957192557E+003   0.0000000000E+000
    268300   0.9033557955E+003   0.0000000000E+000
    268400   0.9060527401E+003   0.0000000000E+000
    268500   0.8910941640E+003   0.0000000000E+000
    268600   0.8915179077E+003   0.0000000000E+000
    268700   0.8906492815E+003   0.0000000000E+000
    268800   0.8958712670E+003   0.0000000000E+000
    268900   0.9017858253E+003   0.0000000000E+000
    269000   0.8970204917E+003   0.0000000000E+000
    269100   0.8979607127E+003   0.0000000000E+000
    269200   0.8994951730E+003   0.0000000000E+000
    269300   0.9036472114E+003   0.0000000000E+000
    269400   0.9093367469E+003   0.0000000000E+000
    269500   0.9016141049E+003   0.0000000000E+000
    269600   0.8963220791E+003   0.0000000000E+000
    269700   0.8941222405E+003   0.0000000000E+000
    269800   0.9022558750E+003   0.0000000000E+000
    269900   0.9041791900E+003   0.0000000000E+000
    270000   0.8982311977E+003   0.0000000000E+000
    270100   0.9139155951E+003   0.0000000000E+000
    270200   0.9038882878E+003   0.0000000000E+000
    270300   0.9010213712E+003   0.0000000000E+000
    270400   0.9005620049E+003   0.0000000000E+000
    270500   0.8972706635E+003   0.0000000000E+000
    270600   0.8911318842E+003   0.0000000000E+000
    270700   0.8897672492E+003   0.0000000000E+000
    270800   0.8968813339E+003   0.0000000000E+000
    270900   0.8874675444E+003   0.0000000000E+000
    271000   0.8861189286E+003   0.0000000000E+000
    271100   0.9028732002E+003   0.0000000000E+000
    271200   0.8944565851E+003   0.0000000000E+000
    271300   0.9004118141E+003   0.0000000000E+000
    271400   0.8958898209E+003   0.0000000000E+000
    271500   0.9040666904E+003   0.0000000000E+000
    271600   0.8969611129E+003   0.0000000000E+000
    271700   0.8891093560E+003   0.0000000000E+000
    271800   0.8868228115E+003   0.0000000000E+000
    271900   0.8925827920E+003   0.0000000000E+000
    272000   0.8969658837E+003   0.0000000000E+000
    272100   0.8767953209E+003   0.3555514970E+000
    272200   0.8964174975E+003   0.3542966779E+000
    272300   0.8937561184E+003   0.3544631297E+000
    272400   0.9009641003E+003   0.3540149494E+000
    272500   0.8917222981E+003   0.3545911078E+000
    272600   0.8942926541E+003   0.3544294806E+000
    272700   0.8947138383E+003   0.3544030985E+000
    272800   0.8993582663E+003   0.3541140778E+000
    272900   0.9089496996E+003   0.0000000000E+000
    273000   0.8944552400E+003   0.3544192932E+000
    273100   0.8949445643E+003   0.3543886586E+000
    273200   0.8953570916E+003   0.3543628620E+000
    273300   0.8986966073E+003   0.3541550414E+000
    273400   0.8856105208E+003   0.3549797944E+000
    273500   0.8994220602E+003   0.0000000000E+000
    273600   0.9041317716E+003   0.3538206021E+000
    273700   0.8984538775E+003   0.3541700864E+000
    273800   0.8959848560E+003   0.3543236589E+000
    273900   0.8888976669E+003   0.3547699739E+000
    274000   0.9005905041E+003   0.3540379751E+000
    274100   0.9053028552E+003   0.3537491502E+000
    274200   0.9014035653E+003   0.3539878924E+000
    274300   0.8997031362E+003   0.3540927544E+000
    274400   0.8996822492E+003   0.0000000000E+000
    274500   0.9011058813E+003   0.3540062169E+000
    274600   0.8915571704E+003   0.3546015282E+000
    274700   0.8869523971E+003   0.3548939238E+000
    274800   0.8953077665E+003   0.3543659450E+000
    274900   0.8970951009E+003   0.3542544809E+000
    275000   0.8923030063E+003   0.3545544978E+000
    275100   0.9093754650E+003   0.3535023212E+000
    275200   0.8853948208E+003   0.3549936258E+000
    275300   0.8864405848E+003   0.3549266406E+000
    275400   0.8975557043E+003   0.3542258394E+000
    275500   0.9006459838E+003   0.3540345543E+000
    275600   0.9002065854E+003   0.3540616600E+000
    275700   0.8939626425E+003   0.3544501719E+000
    275800   0.8842080970E+003   0.0000000000E+000
    275900   0.8928095084E+003   0.3545226111E+000
    276000   0.8988578571E+003   0.3541450519E+000
    276100   0.9013704854E+003   0.3539899280E+000
    276200   0.9067778653E+003   0.3536594582E+000
    276300   0.8943093464E+003   0.3544284345E+000
    276400   0.8933937080E+003   0.3544858850E+000
    276500   0.9030474999E+003   0.3538869484E+000
    276600   0.9080718494E+003   0.0000000000E+000
    276700   0.9075955607E+003   0.3536098812E+000
    276800   0.9028175023E+003   0.0000000000E+000
    276900   0.9062029910E+003   0.0000000000E+000
    277000   0.8984098640E+003   0.0000000000E+000
    277100   0.8955743689E+003   0.0000000000E+000
    277200   0.9047134442E+003   0.0000000000E+000
    277300   0.8930232150E+003   0.0000000000E+000
    277400   0.8940525894E+003   0.0000000000E+000
    277500   0.8931129268E+003   0.0000000000E+000
    277600   0.8758005521E+003   0.0000000000E+000
    277700   0.8945219797E+003   0.0000000000E+000
    277800   0.8878735701E+003   0.0000000000E+000
    277900   0.8957193841E+003   0.0000000000E+000
    278000   0.8827477302E+003   0.3551640054E+000
    278100   0.8832694659E+003   0.3551303302E+000
    278200   0.8985347141E+003   0.3541650749E+000
    278300   0.8987688404E+003   0.3541505660E+000
    278400   0.8954261542E+003   0.3543585460E+000
    278500   0.8998508477E+003   0.0000000000E+000
    278600   0.8939352567E+003   0.3544518897E+000
    278700   0.9006156121E+003   0.3540364269E+000
    278800   0.9019190389E+003   0.3539561945E+000
    278900   0.9132680955E+003   0.3532687754E+000
    279000   0.8970417061E+003   0.3542578033E+000
    279100   0.8974324189E+003   0.3542335022E+000
    279200   0.9031725034E+003   0.3538792901E+000
    279300   0.8896586838E+003   0.3547216539E+000
    279400   0.8999673787E+003   0.3540764290E+000
    279500   0.9024845281E+003   0.3539214692E+000
    279600   0.9057672008E+003   0.3537208780E+000
    279700   0.8980584363E+003   0.3541946170E+000
    279800   0.8904373858E+003   0.0000000000E+000
    279900   0.9023639691E+003   0.3539288682E+000
    280000   0.9007737185E+003   0.3540266804E+000
    280100   0.8975127594E+003   0.3542285084E+000
    280200   0.9004061006E+003   0.3540493485E+000
    280300   0.8901704250E+003   0.3546892153E+000
    280400   0.8935805029E+003   0.7086671864E+000
    280500   0.8933662767E+003   0.7086940067E+000
    280600   0.8969200995E+003   0.7082509988E+000
    280700   0.8891763217E+003   0.7092215835E+000
    280800   0.9015215335E+003   0.7076833985E+000
    280900   0.8980749574E+003   0.7081079112E+000
    281000   0.8995346045E+003   0.3541031724E+000
    281100   0.8997513852E+003   0.7079009568E+000
    281200   0.8855827073E+003   0.3549815774E+000
    281300   0.9030291408E+003   0.7074988850E+000
    281400   0.8941417219E+003   0.3544389416E+000
    281500   0.8958303231E+003   0.7083864143E+000
    281600   0.8981455754E+003   0.7080991754E+000
    281700   0.9004151644E+003   0.7078192597E+000
    281800   0.8964122533E+003   0.7083140563E+000
    281900   0.8866306656E+003   0.7095449418E+000
    282000   0.9034514394E+003   0.7074473282E+000
    282100   0.9057445976E+003   0.7071683351E+000
    282200   0.8927528012E+003   0.7087708939E+000
    282300   0.8998536537E+003   0.3540834538E+000
    282400   0.9014285660E+003   0.3539863540E+000
    282500   0.9055394686E+003   0.3537347396E+000
    282600   0.9003421569E+003   0.3540532936E+000
    282700   0.9040038948E+003   0.3538284173E+000
    282800   0.8994223365E+003   0.3541101149E+000
    282900   0.8993077061E+003   0.3541172056E+000
    283000   0.9088077253E+003   0.3535365770E+000
    283100   0.9011348112E+003   0.0000000000E+000
    283200   0.8980836292E+003   0.3541930535E+000
    283300   0.9016563380E+003   0.3539723434E+000
    283400   0.9128582039E+003   0.3532932593E+000
    283500   0.8911179091E+003   0.3546292695E+000
    283600   0.9017081733E+003   0.3539691561E+000
    283700   0.8931126607E+003   0.3545035463E+000
    283800   0.9066472625E+003   0.3536673863E+000
    283900   0.9030994610E+003   0.3538837647E+000
    284000   0.9061068575E+003   0.0000000000E+000
    284100   0.9092376277E+003   0.0000000000E+000
    284200   0.8934527026E+003   0.3544821793E+000
    284300   0.8935857383E+003   0.3544738250E+000
    284400   0.9016116847E+003   0.0000000000E+000
    284500   0.9000308847E+003   0.3540725072E+000
    284600   0.8946527151E+003   0.3544069254E+000
    284700   0.9017920379E+003   0.3539640002E+000
    284800   0.8935689601E+003   0.3544748784E+000
    284900   0.8941437771E+003   0.3544388128E+000
    285000   0.8908830332E+003   0.3546441159E+000
    285100   0.9040658669E+003   0.3538246296E+000
    285200   0.9087007292E+003   0.3535430383E+000
    285300   0.8898683386E+003   0.3547083589E+000
    285400   0.8913448577E+003   0.3546149327E+000
    285500   0.8932360616E+003   0.0000000000E+000
    285600   0.9011094687E+003   0.3540059960E+000
    285700   0.9049980613E+003   0.0000000000E+000
    285800   0.9073877974E+003   0.3536224681E+000
    285900   0.9095903986E+003   0.0000000000E+000
    286000   0.9017032950E+003   0.3539694561E+000
    286100   0.9014399246E+003   0.0000000000E+000
    286200   0.9056516573E+003   0.3537279099E+000
    286300   0.9067495310E+003   0.0000000000E+000
    286400   0.9022576966E+003   0.3539353923E+000
    286500   0.8936962910E+003   0.3544668847E+000
    286600   0.8915714684E+003   0.3546006257E+000
    286700   0.8887702296E+003   0.0000000000E+000
    286800   0.9010902702E+003   0.0000000000E+000
    286900   0.9008768067E+003   0.3540203276E+000
    287000   0.8967661325E+003   0.0000000000E+000
    287100   0.8939729736E+003   0.3544495239E+000
    287200   0.8987920774E+003   0.3541491265E+000
    287300   0.8924877896E+003   0.0000000000E+000
    287400   0.9038870965E+003   0.3538355576E+000
    287500   0.8999550646E+003   0.3540771896E+000
    287600   0.9044882905E+003   0.0000000000E+000
    287700   0.8953000481E+003   0.3543664275E+000
    287800   0.8974262993E+003   0.3542338827E+000
    287900   0.8970838983E+003   0.3542551779E+000
    288000   0.9062970461E+003   0.3536886587E+000
    288100   0.8947859003E+003   0.3543985876E+000
    288200   0.8983024857E+003   0.0000000000E+000
    288300   0.9072133326E+003   0.0000000000E+000
    288400   0.8993580510E+003   0.0000000000E+000
    288500   0.8895430709E+003   0.0000000000E+000
    288600   0.9010304592E+003   0.0000000000E+000
    288700   0.8968392456E+003   0.0000000000E+000
    288800   0.8910513684E+003   0.0000000000E+000
    288900   0.9056594679E+003   0.0000000000E+000
    289000   0.8898973764E+003   0.0000000000E+000
    289100   0.8955281714E+003   0.0000000000E+000
    289200   0.8942284279E+003   0.0000000000E+000
    289300   0.8877257347E+003   0.0000000000E+000
    289400   0.8986117987E+003   0.0000000000E+000
    289500   0.8949420206E+003   0.0000000000E+000
    289600   0.9034079166E+003   0.0000000000E+000
    289700   0.8976886738E+003   0.0000000000E+000
    289800   0.8937679600E+003   0.0000000000E+000
    289900   0.8964478657E+003   0.0000000000E+000
    290000   0.9034601361E+003   0.0000000000E+000
    290100   0.8863815156E+003   0.0000000000E+000
    290200   0.8819356634E+003   0.0000000000E+000
    290300   0.8963260098E+003   0.0000000000E+000
    290400   0.8976958079E+003   0.0000000000E+000
    290500   0.9018665167E+003   0.0000000000E+000
    290600   0.8995314677E+003   0.0000000000E+000
    290700   0.8877340087E+003   0.0000000000E+000
    290800   0.9005518873E+003   0.0000000000E+000
    290900   0.9044200956E+003   0.0000000000E+000
    291000   0.8941532145E+003   0.0000000000E+000
    291100   0.8984733628E+003   0.0000000000E+000
    291200   0.8914823069E+003   0.0000000000E+000
    291300   0.9010092839E+003   0.0000000000E+000
    291400   0.9032699508E+003   0.0000000000E+000
    291500   0.9003435794E+003   0.0000000000E+000
    291600   0.8967309207E+003   0.0000000000E+000
    291700   0.8972718563E+003   0.0000000000E+000
    291800   0.8988029612E+003   0.0000000000E+000
    291900   0.8953081718E+003   0.0000000000E+000
    292000   0.8987104704E+003   0.0000000000E+000
    292100   0.9098750422E+003   0.0000000000E+000
    292200   0.9063094278E+003   0.0000000000E+000
    292300   0.8949910883E+003   0.0000000000E+000
    292400   0.8980406751E+003   0.0000000000E+000
    292500   0.8897873665E+003   0.0000000000E+000
    292600   0.8966048065E+003   0.0000000000E+000
    292700   0.9013277907E+003   0.0000000000E+000
    292800   0.8957506230E+003   0.0000000000E+000
    292900   0.8996506569E+003   0.0000000000E+000
    293000   0.8858649925E+003   0.0000000000E+000
    293100   0.8951172469E+003   0.0000000000E+000
    293200   0.9026281668E+003   0.0000000000E+000
    293300   0.9090539407E+003   0.0000000000E+000
    293400   0.8958580662E+003   0.0000000000E+000
    293500   0.8992812537E+003   0.0000000000E+000
    293600   0.8948799158E+003   0.0000000000E+000
    293700   0.9052627118E+003   0.0000000000E+000
    293800   0.9064455535E+003   0.0000000000E+000
    293900   0.9016022592E+003   0.0000000000E+000
    294000   0.9017572620E+003   0.0000000000E+000
    294100   0.9031874555E+003   0.0000000000E+000
    294200   0.9100779926E+003   0.0000000000E+000
    294300   0.9069488150E+003   0.0000000000E+000
    294400   0.9128630813E+003   0.0000000000E+000
    294500   0.9006479555E+003   0.0000000000E+000
    294600   0.9036039959E+003   0.0000000000E+000
    294700   0.8940541366E+003   0.0000000000E+000
    294800   0.8940948540E+003   0.0000000000E+000
    294900   0.8940187083E+003   0.0000000000E+000
    295000   0.8955562811E+003   0.0000000000E+000
    295100   0.9021853281E+003   0.0000000000E+000
    295200   0.9024600084E+003   0.0000000000E+000
    295300   0.9036006042E+003   0.0000000000E+000
    295400   0.8869839197E+003   0.0000000000E+000
    295500   0.9072569820E+003   0.0000000000E+000
    295600   0.8970444389E+003   0.0000000000E+000
    295700   0.9009783569E+003   0.0000000000E+000
    295800   0.9058678094E+003   0.0000000000E+000
    295900   0.8929762641E+003   0.0000000000E+000
    296000   0.9008677856E+003   0.0000000000E+000
    296100   0.8854413229E+003   0.0000000000E+000
    296200   0.8936489724E+003   0.0000000000E+000
    296300   0.8844268054E+003   0.0000000000E+000
    296400   0.8936205628E+003   0.0000000000E+000
    296500   0.9015645435E+003   0.0000000000E+000
    296600   0.8990845878E+003   0.0000000000E+000
    296700   0.9019545535E+003   0.0000000000E+000
    296800   0.8976559911E+003   0.0000000000E+000
    296900   0.8874339180E+003   0.0000000000E+000
    297000   0.8840198424E+003   0.0000000000E+000
    297100   0.8957490463E+003   0.0000000000E+000
    297200   0.9012854009E+003   0.0000000000E+000
    297300   0.8959651409E+003   0.0000000000E+000
    297400   0.8926318624E+003   0.0000000000E+000
    297500   0.9082859809E+003   0.0000000000E+000
    297600   0.8964289629E+003   0.0000000000E+000
    297700   0.9069056198E+003   0.0000000000E+000
    297800   0.8920003457E+003   0.0000000000E+000
    297900   0.9014445234E+003   0.0000000000E+000
    298000   0.8979476399E+003   0.0000000000E+000
    298100   0.9031633706E+003   0.0000000000E+000
    298200   0.8950377209E+003   0.0000000000E+000
    298300   0.8950941074E+003   0.0000000000E+000
    298400   0.8925719611E+003   0.0000000000E+000
    298500   0.8887069344E+003   0.0000000000E+000
    298600   0.8902321396E+003   0.0000000000E+000
    298700   0.8943708747E+003   0.0000000000E+000
    298800   0.9012265520E+003   0.0000000000E+000
    298900   0.8963077997E+003   0.0000000000E+000
    299000   0.9034864711E+003   0.0000000000E+000
    299100   0.9001330337E+003   0.0000000000E+000
    299200   0.8970873095E+003   0.0000000000E+000
    299300   0.8957557381E+003   0.0000000000E+000
    299400   0.8922449811E+003   0.0000000000E+000
    299500   0.8956474352E+003   0.0000000000E+000
    299600   0.9075160921E+003   0.0000000000E+000
    299700   0.8990709408E+003   0.0000000000E+000
    299800   0.8967598410E+003   0.0000000000E+000
    299900   0.9079659893E+003   0.0000000000E+000
    300000   0.8991163325E+003   0.0000000000E+000
    300100   0.9019938757E+003   0.0000000000E+000
    300200   0.9078015595E+003   0.0000000000E+000
    300300   0.8959348756E+003   0.0000000000E+000
    300400   0.9024796050E+003   0.0000000000E+000
    300500   0.8975251451E+003   0.0000000000E+000
    300600   0.9024191998E+003   0.0000000000E+000
    300700   0.9108515190E+003   0.0000000000E+000
    300800   0.9035983647E+003   0.0000000000E+000
    300900   0.8954567056E+003   0.0000000000E+000
    301000   0.9058342744E+003   0.0000000000E+000
    301100   0.9169770563E+003   0.0000000000E+000
    301200   0.9053242624E+003   0.0000000000E+000
    301300   0.9030320734E+003   0.0000000000E+000
    301400   0.9060062974E+003   0.0000000000E+000
    301500   0.8987030428E+003   0.0000000000E+000
    301600   0.9079084816E+003   0.0000000000E+000
    301700   0.9002159519E+003   0.0000000000E+000
    301800   0.9105407289E+003   0.0000000000E+000
    301900   0.9104789805E+003   0.0000000000E+000
    302000   0.9063147954E+003   0.0000000000E+000
    302100   0.9128573909E+003   0.0000000000E+000
    302200   0.9081062511E+003   0.0000000000E+000
    302300   0.9121765056E+003   0.0000000000E+000
    302400   0.9007805968E+003   0.0000000000E+000
    302500   0.9061891532E+003   0.0000000000E+000
    302600   0.9142280436E+003   0.0000000000E+000
    302700   0.9068925618E+003   0.0000000000E+000
    302800   0.9089594554E+003   0.0000000000E+000
    302900   0.9077923420E+003   0.0000000000E+000
    303000   0.9097872398E+003   0.0000000000E+000
    303100   0.9115048597E+003   0.0000000000E+000
    303200   0.9035816259E+003   0.0000000000E+000
    303300   0.9019559580E+003   0.0000000000E+000
    303400   0.9099413351E+003   0.0000000000E+000
    303500   0.9080402353E+003   0.0000000000E+000
    303600   0.9072018426E+003   0.0000000000E+000
    303700   0.8926274606E+003   0.0000000000E+000
    303800   0.9025408335E+003   0.0000000000E+000
    303900   0.8991005916E+003   0.0000000000E+000
    304000   0.9030640856E+003   0.0000000000E+000
    304100   0.9068907930E+003   0.0000000000E+000
    304200   0.9061028388E+003   0.0000000000E+000
    304300   0.8994200036E+003   0.0000000000E+000
    304400   0.9020651561E+003   0.0000000000E+000
    304500   0.9052118579E+003   0.0000000000E+000
    304600   0.8967185991E+003   0.0000000000E+000
    304700   0.8964841712E+003   0.0000000000E+000
    304800   0.8943648436E+003   0.0000000000E+000
    304900   0.8992542345E+003   0.0000000000E+000
    305000   0.8948972858E+003   0.0000000000E+000
    305100   0.8991335367E+003   0.0000000000E+000
    305200   0.9010827057E+003   0.0000000000E+000
    305300   0.8934319156E+003   0.0000000000E+000
    305400   0.8994420052E+003   0.0000000000E+000
    305500   0.8975715240E+003   0.0000000000E+000
    305600   0.8900503402E+003   0.0000000000E+000
    305700   0.8930267454E+003   0.0000000000E+000
    305800   0.8981617712E+003   0.0000000000E+000
    305900   0.9006779021E+003   0.0000000000E+000
    306000   0.8904590365E+003   0.0000000000E+000
    306100   0.9011116361E+003   0.0000000000E+000
    306200   0.8964395480E+003   0.0000000000E+000
    306300   0.8927050753E+003   0.0000000000E+000
    306400   0.8959149805E+003   0.0000000000E+000
    306500   0.8908705596E+003   0.0000000000E+000
    306600   0.8936293159E+003   0.0000000000E+000
    306700   0.8968984414E+003   0.0000000000E+000
    306800   0.8960428532E+003   0.0000000000E+000
    306900   0.8920078024E+003   0.0000000000E+000
    307000   0.8939992851E+003   0.0000000000E+000
    307100   0.9058256316E+003   0.0000000000E+000
    307200   0.8950750399E+003   0.0000000000E+000
    307300   0.8886544193E+003   0.0000000000E+000
    307400   0.8904689811E+003   0.0000000000E+000
    307500   0.8959162792E+003   0.0000000000E+000
    307600   0.8884111344E+003   0.0000000000E+000
    307700   0.9014954698E+003   0.0000000000E+000
    307800   0.9120593034E+003   0.0000000000E+000
    307900   0.9001705005E+003   0.0000000000E+000
    308000   0.9027887362E+003   0.0000000000E+000
    308100   0.8958551149E+003   0.0000000000E+000
    308200   0.8929365566E+003   0.0000000000E+000
    308300   0.9051647198E+003   0.0000000000E+000
    308400   0.8966341164E+003   0.0000000000E+000
    308500   0.9055929015E+003   0.0000000000E+000
    308600   0.9019396584E+003   0.0000000000E+000
    308700   0.9007661057E+003   0.0000000000E+000
    308800   0.8883274181E+003   0.0000000000E+000
    308900   0.8907072118E+003   0.0000000000E+000
    309000   0.9014673965E+003   0.0000000000E+000
    309100   0.8932768582E+003   0.0000000000E+000
    309200   0.8953124315E+003   0.0000000000E+000
    309300   0.8956534858E+003   0.0000000000E+000
    309400   0.8895569863E+003   0.0000000000E+000
    309500   0.8974587163E+003   0.0000000000E+000
    309600   0.9025254535E+003   0.0000000000E+000
    309700   0.9048115715E+003   0.0000000000E+000
    309800   0.9083962383E+003   0.0000000000E+000
    309900   0.8992494760E+003   0.0000000000E+000
    310000   0.8966525870E+003   0.0000000000E+000
    310100   0.9059094546E+003   0.0000000000E+000
    310200   0.9033242854E+003   0.0000000000E+000
    310300   0.9066479649E+003   0.0000000000E+000
    310400   0.8850142602E+003   0.0000000000E+000
    310500   0.9014387599E+003   0.0000000000E+000
    310600   0.8973863236E+003   0.0000000000E+000
    310700   0.8914408442E+003   0.0000000000E+000
    310800   0.9028523415E+003   0.0000000000E+000
    310900   0.9029954708E+003   0.0000000000E+000
    311000   0.8991070309E+003   0.0000000000E+000
    311100   0.8890779236E+003   0.0000000000E+000
    311200   0.8895975866E+003   0.0000000000E+000
    311300   0.8952211795E+003   0.0000000000E+000
    311400   0.8907706234E+003   0.0000000000E+000
    311500   0.8973571103E+003   0.0000000000E+000
    311600   0.9014615153E+003   0.0000000000E+000
    311700   0.8988942232E+003   0.0000000000E+000
    311800   0.8981217418E+003   0.0000000000E+000
    311900   0.8989860829E+003   0.0000000000E+000
    312000   0.8975706482E+003   0.0000000000E+000
    312100   0.8905282127E+003   0.0000000000E+000
    312200   0.8947437136E+003   0.0000000000E+000
    312300   0.8953356544E+003   0.0000000000E+000
    312400   0.9059365594E+003   0.0000000000E+000
    312500   0.8883450199E+003   0.0000000000E+000
    312600   0.8927225478E+003   0.0000000000E+000
    312700   0.8974341253E+003   0.0000000000E+000
    312800   0.8997320831E+003   0.0000000000E+000
    312900   0.8981157882E+003   0.0000000000E+000
    313000   0.8932662643E+003   0.0000000000E+000
    313100   0.9027424847E+003   0.0000000000E+000
    313200   0.9011813569E+003   0.0000000000E+000
    313300   0.8984273318E+003   0.0000000000E+000
    313400   0.8978271697E+003   0.0000000000E+000
    313500   0.8987968675E+003   0.0000000000E+000
    313600   0.9050720608E+003   0.0000000000E+000
    313700   0.9015788083E+003   0.0000000000E+000
    313800   0.9039167512E+003   0.0000000000E+000
    313900   0.9020894959E+003   0.0000000000E+000
    314000   0.8978344027E+003   0.0000000000E+000
    314100   0.9053077166E+003   0.0000000000E+000
    314200   0.9052321118E+003   0.0000000000E+000
    314300   0.8952685321E+003   0.0000000000E+000
    314400   0.8944953249E+003   0.0000000000E+000
    314500   0.9058553175E+003   0.0000000000E+000
    314600   0.9032495822E+003   0.0000000000E+000
    314700   0.9041579412E+003   0.0000000000E+000
    314800   0.8828858320E+003   0.0000000000E+000
    314900   0.8891640141E+003   0.0000000000E+000
    315000   0.9037968611E+003   0.0000000000E+000
    315100   0.8997440872E+003   0.0000000000E+000
    315200   0.9053886085E+003   0.0000000000E+000
    315300   0.8981699700E+003   0.0000000000E+000
    315400   0.8909678235E+003   0.0000000000E+000
    315500   0.8905945652E+003   0.0000000000E+000
    315600   0.9019614801E+003   0.0000000000E+000
    315700   0.9019349701E+003   0.0000000000E+000
    315800   0.9014908939E+003   0.0000000000E+000
    315900   0.9011800724E+003   0.0000000000E+000
    316000   0.9008438081E+003   0.0000000000E+000
    316100   0.8970774696E+003   0.0000000000E+000
    316200   0.9001095801E+003   0.0000000000E+000
    316300   0.9009645995E+003   0.0000000000E+000
    316400   0.8963573894E+003   0.0000000000E+000
    316500   0.9023069081E+003   0.0000000000E+000
    316600   0.9035651451E+003   0.0000000000E+000
    316700   0.8883844412E+003   0.0000000000E+000
    316800   0.8945459369E+003   0.0000000000E+000
    316900   0.9028711936E+003   0.0000000000E+000
    317000   0.9023233600E+003   0.0000000000E+000
    317100   0.9060479781E+003   0.0000000000E+000
    317200   0.9020720920E+003   0.0000000000E+000
    317300   0.8945503353E+003   0.0000000000E+000
    317400   0.8935187599E+003   0.0000000000E+000
    317500   0.8959043375E+003   0.0000000000E+000
    317600   0.8959022330E+003   0.0000000000E+000
    317700   0.8929667929E+003   0.0000000000E+000
    317800   0.8966848348E+003   0.0000000000E+000
    317900   0.8978753353E+003   0.0000000000E+000
    318000   0.8967920077E+003   0.0000000000E+000
    318100   0.8852928325E+003   0.0000000000E+000
    318200   0.8913882931E+003   0.0000000000E+000
    318300   0.8947814082E+003   0.0000000000E+000
    318400   0.9038272729E+003   0.0000000000E+000
    318500   0.8962599688E+003   0.0000000000E+000
    318600   0.8892969453E+003   0.0000000000E+000
    318700   0.9080608661E+003   0.0000000000E+000
    318800   0.8952488697E+003   0.0000000000E+000
    318900   0.8938590111E+003   0.0000000000E+000
    319000   0.8923642014E+003   0.0000000000E+000
    319100   0.8988094607E+003   0.0000000000E+000
    319200   0.8968889081E+003   0.0000000000E+000
    319300   0.8926286297E+003   0.0000000000E+000
    319400   0.8958079783E+003   0.0000000000E+000
    319500   0.8903453429E+003   0.0000000000E+000
    319600   0.8925135427E+003   0.0000000000E+000
    319700   0.8904944914E+003   0.0000000000E+000
    319800   0.8911921391E+003   0.0000000000E+000
    319900   0.8921412774E+003   0.0000000000E+000
    320000   0.8952250680E+003   0.0000000000E+000
    320100   0.9002162724E+003   0.0000000000E+000
    320200   0.8888193731E+003   0.0000000000E+000
    320300   0.8916489107E+003   0.0000000000E+000
    320400   0.8917561312E+003   0.0000000000E+000
    320500   0.8949088162E+003   0.0000000000E+000
    320600   0.9013855548E+003   0.0000000000E+000
    320700   0.9047078199E+003   0.0000000000E+000
    320800   0.9071061721E+003   0.0000000000E+000
    320900   0.8999136848E+003   0.0000000000E+000
    321000   0.8945377639E+003   0.0000000000E+000
    321100   0.9035147681E+003   0.0000000000E+000
    321200   0.8968892153E+003   0.0000000000E+000
    321300   0.9012971937E+003   0.0000000000E+000
    321400   0.9105101262E+003   0.0000000000E+000
    321500   0.9055071856E+003   0.0000000000E+000
    321600   0.9016105048E+003   0.0000000000E+000
    321700   0.9081356615E+003   0.0000000000E+000
    321800   0.9048200245E+003   0.0000000000E+000
    321900   0.8941312511E+003   0.0000000000E+000
    322000   0.9054595255E+003   0.0000000000E+000
    322100   0.9072891922E+003   0.0000000000E+000
    322200   0.9010520343E+003   0.0000000000E+000
    322300   0.9080247358E+003   0.0000000000E+000
    322400   0.9007502912E+003   0.0000000000E+000
    322500   0.9029499329E+003   0.0000000000E+000
    322600   0.9003805282E+003   0.0000000000E+000
    322700   0.8909425488E+003   0.0000000000E+000
    322800   0.8996790574E+003   0.0000000000E+000
    322900   0.9005313090E+003   0.0000000000E+000
    323000   0.8937602747E+003   0.0000000000E+000
    323100   0.8989989439E+003   0.0000000000E+000
    323200   0.9048575353E+003   0.0000000000E+000
    323300   0.9034478529E+003   0.0000000000E+000
    323400   0.9022812613E+003   0.0000000000E+000
    323500   0.8974371255E+003   0.0000000000E+000
    323600   0.9029443650E+003   0.0000000000E+000
    323700   0.9018920615E+003   0.0000000000E+000
    323800   0.9150706226E+003   0.0000000000E+000
    323900   0.8964613166E+003   0.0000000000E+000
    324000   0.8987542656E+003   0.0000000000E+000
    324100   0.8984904632E+003   0.0000000000E+000
    324200   0.8984949022E+003   0.0000000000E+000
    324300   0.8857577736E+003   0.0000000000E+000
    324400   0.8985282701E+003   0.0000000000E+000
    324500   0.8978140733E+003   0.0000000000E+000
    324600   0.8895634823E+003   0.0000000000E+000
    324700   0.8956163785E+003   0.0000000000E+000
    324800   0.9087837418E+003   0.0000000000E+000
    324900   0.9143943132E+003   0.0000000000E+000
    325000   0.9079215365E+003   0.0000000000E+000
    325100   0.9044659370E+003   0.0000000000E+000
    325200   0.8952256966E+003   0.0000000000E+000
    325300   0.8928778895E+003   0.0000000000E+000
    325400   0.8896506082E+003   0.0000000000E+000
    325500   0.8940441986E+003   0.0000000000E+000
    325600   0.8960963654E+003   0.0000000000E+000
    325700   0.8988274591E+003   0.0000000000E+000
    325800   0.8884505132E+003   0.0000000000E+000
    325900   0.9010555372E+003   0.0000000000E+000
    326000   0.8957967772E+003   0.0000000000E+000
    326100   0.9015359242E+003   0.0000000000E+000
    326200   0.8949725715E+003   0.0000000000E+000
    326300   0.9014662983E+003   0.0000000000E+000
    326400   0.8935427159E+003   0.0000000000E+000
    326500   0.8968540992E+003   0.0000000000E+000
    326600   0.9034069491E+003   0.0000000000E+000
    326700   0.9026683713E+003   0.0000000000E+000
    326800   0.9121199164E+003   0.0000000000E+000
    326900   0.9055525491E+003   0.0000000000E+000
    327000   0.9104325911E+003   0.0000000000E+000
    327100   0.9004660692E+003   0.0000000000E+000
    327200   0.9060432733E+003   0.0000000000E+000
    327300   0.9077874772E+003   0.0000000000E+000
    327400   0.8973013107E+003   0.3542416540E+000
    327500   0.9150474300E+003   0.3531627844E+000
    327600   0.9111571416E+003   0.3533951401E+000
    327700   0.8994968290E+003   0.3541055082E+000
    327800   0.9058216144E+003   0.3537175672E+000
    327900   0.8997655490E+003   0.3540888975E+000
    328000   0.8978175110E+003   0.3542095747E+000
    328100   0.9027821468E+003   0.3539032133E+000
    328200   0.9029586657E+003   0.7075074944E+000
    328300   0.9114324409E+003   0.7064833278E+000
    328400   0.8997340876E+003   0.7079030876E+000
    328500   0.9066678212E+003   0.7070564730E+000
    328600   0.9039684443E+003   0.7073842848E+000
    328700   0.8952854972E+003   0.3543673371E+000
    328800   0.9062364697E+003   0.7071087048E+000
    328900   0.8947676354E+003   0.7085188315E+000
    329000   0.8985256109E+003   0.3541656392E+000
    329100   0.8886719001E+003   0.3547843272E+000
    329200   0.8844778256E+003   0.0000000000E+000
    329300   0.8949350996E+003   0.3543892507E+000
    329400   0.9026740707E+003   0.3539098411E+000
    329500   0.9000730951E+003   0.0000000000E+000
    329600   0.8981782423E+003   0.3541871824E+000
    329700   0.8896215046E+003   0.3547240124E+000
    329800   0.8978814916E+003   0.3542056016E+000
    329900   0.8999004114E+003   0.0000000000E+000
    330000   0.8914476640E+003   0.3546084410E+000
    330100   0.8931243843E+003   0.3545028093E+000
    330200   0.8946115152E+003   0.0000000000E+000
    330300   0.8983698747E+003   0.3541752953E+000
    330400   0.8940149435E+003   0.0000000000E+000
    330500   0.8934488779E+003   0.3544824195E+000
    330600   0.8969524505E+003   0.3542633582E+000
    330700   0.8907579318E+003   0.3546520273E+000
    330800   0.8948603216E+003   0.3543939299E+000
    330900   0.8951678483E+003   0.0000000000E+000
    331000   0.8910546143E+003   0.0000000000E+000
    331100   0.9013766804E+003   0.0000000000E+000
    331200   0.8850336650E+003   0.0000000000E+000
    331300   0.8848650948E+003   0.0000000000E+000
    331400   0.8956937749E+003   0.0000000000E+000
    331500   0.8883003991E+003   0.0000000000E+000
    331600   0.8964052233E+003   0.0000000000E+000
    331700   0.9068498270E+003   0.0000000000E+000
    331800   0.8931910377E+003   0.0000000000E+000
    331900   0.9007507217E+003   0.0000000000E+000
    332000   0.8847840181E+003   0.0000000000E+000
    332100   0.8933016737E+003   0.3544916671E+000
    332200   0.8998169355E+003   0.0000000000E+000
    332300   0.9022937624E+003   0.0000000000E+000
    332400   0.8928861240E+003   0.0000000000E+000
    332500   0.8999752596E+003   0.0000000000E+000
    332600   0.8995159181E+003   0.0000000000E+000
    332700   0.8944305042E+003   0.0000000000E+000
    332800   0.8975458944E+003   0.0000000000E+000
    332900   0.9094436083E+003   0.0000000000E+000
    333000   0.8995979174E+003   0.0000000000E+000
    333100   0.9000008368E+003   0.0000000000E+000
    333200   0.8982225392E+003   0.0000000000E+000
    333300   0.8975679676E+003   0.0000000000E+000
    333400   0.9078635612E+003   0.0000000000E+000
    333500   0.9073183870E+003   0.0000000000E+000
    333600   0.8935725768E+003   0.0000000000E+000
    333700   0.9033787893E+003   0.0000000000E+000
    333800   0.9007605376E+003   0.0000000000E+000
    333900   0.9005444837E+003   0.0000000000E+000
    334000   0.9145846953E+003   0.0000000000E+000
    334100   0.8991285398E+003   0.0000000000E+000
    334200   0.9029168510E+003   0.0000000000E+000
    334300   0.9070703840E+003   0.0000000000E+000
    334400   0.8937491195E+003   0.0000000000E+000
    334500   0.9009246570E+003   0.0000000000E+000
    334600   0.8969919180E+003   0.0000000000E+000
    334700   0.8940427700E+003   0.0000000000E+000
    334800   0.9085963353E+003   0.0000000000E+000
    334900   0.8886662534E+003   0.0000000000E+000
    335000   0.8909198328E+003   0.0000000000E+000
    335100   0.8913316686E+003   0.0000000000E+000
    335200   0.9005992727E+003   0.0000000000E+000
    335300   0.8940057350E+003   0.0000000000E+000
    335400   0.8908802258E+003   0.0000000000E+000
    335500   0.9088797248E+003   0.0000000000E+000
    335600   0.8987268325E+003   0.0000000000E+000
    335700   0.8936189994E+003   0.0000000000E+000
    335800   0.9015141643E+003   0.0000000000E+000
    335900   0.8996217123E+003   0.0000000000E+000
    336000   0.8959656082E+003   0.0000000000E+000
    336100   0.9069777120E+003   0.0000000000E+000
    336200   0.9075857576E+003   0.0000000000E+000
    336300   0.9084616576E+003   0.0000000000E+000
    336400   0.9021387293E+003   0.0000000000E+000
    336500   0.9006774544E+003   0.0000000000E+000
    336600   0.9054686898E+003   0.0000000000E+000
    336700   0.9010148653E+003   0.0000000000E+000
    336800   0.9007968853E+003   0.0000000000E+000
    336900   0.8971765915E+003   0.0000000000E+000
    337000   0.9146366100E+003   0.0000000000E+000
    337100   0.9065974731E+003   0.0000000000E+000
    337200   0.9122412922E+003   0.0000000000E+000
    337300   0.8915441094E+003   0.0000000000E+000
    337400   0.9044093219E+003   0.0000000000E+000
    337500   0.9063930541E+003   0.0000000000E+000
    337600   0.9083777200E+003   0.0000000000E+000
    337700   0.9090035199E+003   0.0000000000E+000
    337800   0.9068300242E+003   0.0000000000E+000
    337900   0.8947174390E+003   0.0000000000E+000
    338000   0.9053100669E+003   0.0000000000E+000
    338100   0.8997636897E+003   0.0000000000E+000
    338200   0.9054511084E+003   0.0000000000E+000
    338300   0.9013984934E+003   0.0000000000E+000
    338400   0.9030509710E+003   0.0000000000E+000
    338500   0.8895742628E+003   0.0000000000E+000
    338600   0.9153908601E+003   0.0000000000E+000
    338700   0.8993164345E+003   0.0000000000E+000
    338800   0.9126591854E+003   0.0000000000E+000
    338900   0.9036502410E+003   0.0000000000E+000
    339000   0.9094534037E+003   0.0000000000E+000
    339100   0.8995364239E+003   0.0000000000E+000
    339200   0.9120069030E+003   0.0000000000E+000
    339300   0.9054776418E+003   0.0000000000E+000
    339400   0.8933936905E+003   0.0000000000E+000
    339500   0.8922905242E+003   0.0000000000E+000
    339600   0.9081566030E+003   0.0000000000E+000
    339700   0.8935943311E+003   0.0000000000E+000
    339800   0.8947142945E+003   0.0000000000E+000
    339900   0.9072072903E+003   0.0000000000E+000
    340000   0.9009659650E+003   0.0000000000E+000
    340100   0.9053705246E+003   0.0000000000E+000
    340200   0.8992810825E+003   0.0000000000E+000
    340300   0.9014778663E+003   0.0000000000E+000
    340400   0.8957519747E+003   0.3543381946E+000
    340500   0.9007980465E+003   0.0000000000E+000
    340600   0.9147706229E+003   0.3531792420E+000
    340700   0.8956305024E+003   0.3543457800E+000
    340800   0.9071235744E+003   0.3536384852E+000
    340900   0.9079089013E+003   0.3535909106E+000
    341000   0.9030916881E+003   0.3538842409E+000
    341100   0.8905453057E+003   0.7090485758E+000
    341200   0.9113843668E+003   0.7064890762E+000
    341300   0.9001117915E+003   0.3540675116E+000
    341400   0.8915895317E+003   0.7089170236E+000
    341500   0.8973534350E+003   0.3542384128E+000
    341600   0.8956081633E+003   0.7084140666E+000
    341700   0.9013620501E+003   0.3539904471E+000
    341800   0.8941420211E+003   0.0000000000E+000
    341900   0.9037130981E+003   0.3538461988E+000
    342000   0.8991925380E+003   0.3541243316E+000
    342100   0.8918297582E+003   0.3545843290E+000
    342200   0.8948614928E+003   0.0000000000E+000
    342300   0.8995243777E+003   0.3541038048E+000
    342400   0.9023274386E+003   0.3539311106E+000
    342500   0.9074112107E+003   0.0000000000E+000
    342600   0.9073478968E+003   0.3536248862E+000
    342700   0.9035947726E+003   0.0000000000E+000
    342800   0.8969406684E+003   0.3542640915E+000
    342900   0.8869825913E+003   0.3548919950E+000
    343000   0.9021010084E+003   0.3539450147E+000
    343100   0.9055322038E+003   0.3537351819E+000
    343200   0.9068003698E+003   0.3536580924E+000
    343300   0.9004728107E+003   0.0000000000E+000
    343400   0.9138920039E+003   0.0000000000E+000
    343500   0.8947865453E+003   0.3543985472E+000
    343600   0.9017822242E+003   0.3539646035E+000
    343700   0.9103065354E+003   0.3534462500E+000
    343800   0.9018964927E+003   0.3539575800E+000
    343900   0.9063889479E+003   0.3536830747E+000
    344000   0.9037064394E+003   0.3538466061E+000
    344100   0.8977429517E+003   0.3542142056E+000
    344200   0.8960070132E+003   0.3543222764E+000
    344300   0.8995756917E+003   0.0000000000E+000
    344400   0.9115940938E+003   0.3533689281E+000
    344500   0.9047412194E+003   0.3537833909E+000
    344600   0.9033427912E+003   0.3538688613E+000
    344700   0.9173078071E+003   0.3530288229E+000
    344800   0.8957299099E+003   0.3543395723E+000
    344900   0.8936487565E+003   0.3544698686E+000
    345000   0.8996327765E+003   0.3540971033E+000
    345100   0.8999869330E+003   0.3540752214E+000
    345200   0.9001891769E+003   0.3540627345E+000
    345300   0.8959701543E+003   0.3543245763E+000
    345400   0.9039773096E+003   0.3538300424E+000
    345500   0.9060192586E+003   0.3537055452E+000
    345600   0.9019163381E+003   0.3539563605E+000
    345700   0.8887890180E+003   0.3547768803E+000
    345800   0.8925071708E+003   0.3545416397E+000
    345900   0.9082057919E+003   0.3535729499E+000
    346000   0.9029741048E+003   0.0000000000E+000
    346100   0.8907084421E+003   0.3546551577E+000
    346200   0.8839818267E+003   0.3550844256E+000
    346300   0.8967380743E+003   0.3542767051E+000
    346400   0.8944565905E+003   0.0000000000E+000
    346500   0.9064989485E+003   0.3536763927E+000
    346600   0.8940635130E+003   0.7086067700E+000
    346700   0.8964936393E+003   0.7083039453E+000
    346800   0.8950930239E+003   0.7084782475E+000
    346900   0.8902169652E+003   0.7090900142E+000
    347000   0.8930240290E+003   0.7087368857E+000
    347100   0.8815510148E+003   0.7101966532E+000
    347200   0.8998057979E+003   0.3540864105E+000
    347300   0.9017092003E+003   0.3539690930E+000
    347400   0.9040771595E+003   0.0000000000E+000
    347500   0.8947276856E+003   0.3544022317E+000
    347600   0.8921673500E+003   0.3545630452E+000
    347700   0.8812398586E+003   0.3552615906E+000
    347800   0.8970492554E+003   0.0000000000E+000
    347900   0.8993031156E+003   0.3541174896E+000
    348000   0.9061678208E+003   0.3536965127E+000
    348100   0.9081057302E+003   0.3535790017E+000
    348200   0.9087265687E+003   0.3535414778E+000
    348300   0.8953655380E+003   0.3543623341E+000
    348400   0.8934340411E+003   0.0000000000E+000
    348500   0.9021359178E+003   0.0000000000E+000
    348600   0.8917131031E+003   0.3545916880E+000
    348700   0.8948953453E+003   0.3543917382E+000
    348800   0.9000019229E+003   0.3540742957E+000
    348900   0.9089496583E+003   0.3535280085E+000
    349000   0.9053399330E+003   0.3537468915E+000
    349100   0.9039051064E+003   0.3538344565E+000
    349200   0.9047445818E+003   0.0000000000E+000
    349300   0.8975984468E+003   0.3542231833E+000
    349400   0.9096192621E+003   0.3534876264E+000
    349500   0.8990755753E+003   0.0000000000E+000
    349600   0.8972138265E+003   0.0000000000E+000
    349700   0.9056662038E+003   0.0000000000E+000
    349800   0.8929294658E+003   0.0000000000E+000
    349900   0.8936566697E+003   0.0000000000E+000
    350000   0.9068218646E+003   0.0000000000E+000
    350100   0.8914681030E+003   0.0000000000E+000
    350200   0.8884539173E+003   0.0000000000E+000
    350300   0.8923471734E+003   0.0000000000E+000
    350400   0.8911067834E+003   0.0000000000E+000
    350500   0.9018037679E+003   0.0000000000E+000
    350600   0.8977185660E+003   0.0000000000E+000
    350700   0.8991780266E+003   0.0000000000E+000
    350800   0.8997728587E+003   0.0000000000E+000
    350900   0.9032312977E+003   0.0000000000E+000
    351000   0.9117831222E+003   0.0000000000E+000
    351100   0.9054096687E+003   0.0000000000E+000
    351200   0.9053230436E+003   0.0000000000E+000
    351300   0.8940072210E+003   0.0000000000E+000
    351400   0.9074724933E+003   0.0000000000E+000
    351500   0.8991648275E+003   0.0000000000E+000
    351600   0.9005356770E+003   0.0000000000E+000
    351700   0.8933672180E+003   0.0000000000E+000
    351800   0.9002921966E+003   0.0000000000E+000
    351900   0.9123724106E+003   0.0000000000E+000
    352000   0.9017366763E+003   0.0000000000E+000
    352100   0.9004244817E+003   0.0000000000E+000
    352200   0.9083544569E+003   0.0000000000E+000
    352300   0.9051798245E+003   0.0000000000E+000
    352400   0.8982131481E+003   0.0000000000E+000
    352500   0.8996708739E+003   0.0000000000E+000
    352600   0.9024669375E+003   0.0000000000E+000
    352700   0.8981586265E+003   0.0000000000E+000
    352800   0.9065763196E+003   0.0000000000E+000
    352900   0.9067213450E+003   0.0000000000E+000
    353000   0.8977424648E+003   0.0000000000E+000
    353100   0.9034104087E+003   0.0000000000E+000
    353200   0.8938798464E+003   0.0000000000E+000
    353300   0.9009021729E+003   0.0000000000E+000
    353400   0.9047491141E+003   0.0000000000E+000
    353500   0.9077915068E+003   0.0000000000E+000
    353600   0.8989441955E+003   0.0000000000E+000
    353700   0.9058161356E+003   0.0000000000E+000
    353800   0.9005472789E+003   0.0000000000E+000
    353900   0.9060219787E+003   0.0000000000E+000
    354000   0.9045369127E+003   0.0000000000E+000
    354100   0.8987579290E+003   0.0000000000E+000
    354200   0.8960305772E+003   0.0000000000E+000
    354300   0.8989588774E+003   0.0000000000E+000
    354400   0.9090514632E+003   0.0000000000E+000
    354500   0.9123937205E+003   0.0000000000E+000
    354600   0.9044111757E+003   0.0000000000E+000
    354700   0.9043979289E+003   0.0000000000E+000
    354800   0.8997501950E+003   0.3540898462E+000
    354900   0.9010502239E+003   0.3540096446E+000
    355000   0.9074017772E+003   0.3536216210E+000
    355100   0.9074846908E+003   0.3536165972E+000
    355200   0.9027930837E+003   0.0000000000E+000
    355300   0.9113581531E+003   0.3533830782E+000
    355400   0.9101635220E+003   0.0000000000E+000
    355500   0.9054686375E+003   0.3537390525E+000
    355600   0.9099675041E+003   0.3534666519E+000
    355700   0.8975675476E+003   0.3542251034E+000
    355800   0.9037978319E+003   0.3538410162E+000
    355900   0.9019886013E+003   0.3539519201E+000
    356000   0.8984402123E+003   0.3541709337E+000
    356100   0.8930603796E+003   0.0000000000E+000
    356200   0.9046490248E+003   0.3537890163E+000
    356300   0.9004496428E+003   0.3540466624E+000
    356400   0.8982569224E+003   0.3541823011E+000
    356500   0.8887619758E+003   0.3547785995E+000
    356600   0.9072529933E+003   0.3536306385E+000
    356700   0.8993382550E+003   0.3541153157E+000
    356800   0.9047573733E+003   0.3537824054E+000
    356900   0.9075577217E+003   0.7069488973E+000
    357000   0.8965702906E+003   0.3542871564E+000
    357100   0.9016160457E+003   0.3539748213E+000
    357200   0.9072063857E+003   0.3536334641E+000
    357300   0.8975465991E+003   0.3542264052E+000
    357400   0.9090148135E+003   0.3535240761E+000
    357500   0.8901813111E+003   0.3546885257E+000
    357600   0.9036676299E+003   0.3538489803E+000
    357700   0.9013229508E+003   0.3539928534E+000
    357800   0.8971224536E+003   0.3542527791E+000
    357900   0.9023091026E+003   0.3539322362E+000
    358000   0.8923624908E+003   0.3545507508E+000
    358100   0.8959344167E+003   0.0000000000E+000
    358200   0.8972929911E+003   0.3542421714E+000
    358300   0.9040274621E+003   0.3538269768E+000
    358400   0.9076187587E+003   0.3536084762E+000
    358500   0.9053654316E+003   0.3537453383E+000
    358600   0.8949181663E+003   0.3543903102E+000
    358700   0.8870671523E+003   0.3548865942E+000
    358800   0.8893827012E+003   0.3547391661E+000
    358900   0.8974385499E+003   0.3542331211E+000
    359000   0.8858076778E+003   0.3549671588E+000
    359100   0.8813554090E+003   0.0000000000E+000
    359200   0.9020404471E+003   0.0000000000E+000
    359300   0.9037915086E+003   0.0000000000E+000
    359400   0.9098545476E+003   0.0000000000E+000
    359500   0.9038295203E+003   0.0000000000E+000
    359600   0.9010948977E+003   0.0000000000E+000
    359700   0.9039203448E+003   0.0000000000E+000
    359800   0.9034528846E+003   0.0000000000E+000
    359900   0.9054546375E+003   0.0000000000E+000
    360000   0.9081224462E+003   0.0000000000E+000
    360100   0.8977156269E+003   0.0000000000E+000
    360200   0.8928058397E+003   0.0000000000E+000
    360300   0.8982005307E+003   0.0000000000E+000
    360400   0.8966220818E+003   0.0000000000E+000
    360500   0.8936499206E+003   0.0000000000E+000
    360600   0.8938823215E+003   0.0000000000E+000
    360700   0.8931350966E+003   0.0000000000E+000
    360800   0.8894146268E+003   0.0000000000E+000
    360900   0.9090749300E+003   0.0000000000E+000
    361000   0.9022936794E+003   0.0000000000E+000
    361100   0.8993337785E+003   0.0000000000E+000
    361200   0.8915133006E+003   0.0000000000E+000
    361300   0.8947792375E+003   0.0000000000E+000
    361400   0.9016531311E+003   0.0000000000E+000
    361500   0.8955189273E+003   0.0000000000E+000
    361600   0.8991122368E+003   0.3541293015E+000
    361700   0.8985640827E+003   0.3541632545E+000
    361800   0.8874658568E+003   0.3548611456E+000
    361900   0.9039662596E+003   0.3538307179E+000
    362000   0.8996414154E+003   0.3540965693E+000
    362100   0.9005383478E+003   0.3540411914E+000
    362200   0.8875253009E+003   0.3548573537E+000
    362300   0.9024110064E+003   0.3539259811E+000
    362400   0.8976270126E+003   0.3542214083E+000
    362500   0.8961369970E+003   0.3543141674E+000
    362600   0.9021977828E+003   0.3539390712E+000
    362700   0.9035382105E+003   0.3538568991E+000
    362800   0.9044205139E+003   0.3538029651E+000
    362900   0.8980125769E+003   0.3541974635E+000
    363000   0.9019803011E+003   0.3539524301E+000
    363100   0.9081445723E+003   0.0000000000E+000
    363200   0.9060314108E+003   0.0000000000E+000
    363300   0.8994033352E+003   0.3541112901E+000
    363400   0.9063511305E+003   0.3536853723E+000
    363500   0.8939997374E+003   0.3544478452E+000
    363600   0.9026062971E+003   0.0000000000E+000
    363700   0.9059869652E+003   0.3537075091E+000
    363800   0.9074567376E+003   0.3536182908E+000
    363900   0.9017383313E+003   0.3539673019E+000
    364000   0.8925169260E+003   0.3545410254E+000
    364100   0.9050808570E+003   0.3537626787E+000
    364200   0.9102338633E+003   0.3534506217E+000
    364300   0.8973452299E+003   0.3542389230E+000
    364400   0.9016222450E+003   0.3539744400E+000
    364500   0.9054890527E+003   0.3537378094E+000
    364600   0.9059326962E+003   0.3537108097E+000
    364700   0.9074199997E+003   0.3536205168E+000
    364800   0.9029785322E+003   0.3538911747E+000
    364900   0.9100343876E+003   0.3534626256E+000
    365000   0.8994909732E+003   0.3541058703E+000
    365100   0.9048175987E+003   0.3537787315E+000
    365200   0.8996679729E+003   0.3540949277E+000
    365300   0.9045895520E+003   0.3537926459E+000
    365400   0.9114165351E+003   0.3533795760E+000
    365500   0.9060888812E+003   0.0000000000E+000
    365600   0.9020419465E+003   0.3539486427E+000
    365700   0.9043944990E+003   0.3538045536E+000
    365800   0.9004028922E+003   0.3540495464E+000
    365900   0.8946182510E+003   0.3544090834E+000
    366000   0.8871137727E+003   0.3548836172E+000
    366100   0.9006323258E+003   0.3540353964E+000
    366200   0.8942860594E+003   0.0000000000E+000
    366300   0.8944168246E+003   0.3544216998E+000
    366400   0.8953370487E+003   0.0000000000E+000
    366500   0.8980590565E+003   0.3541945785E+000
    366600   0.8986185543E+003   0.3541598783E+000
    366700   0.8984975352E+003   0.0000000000E+000
    366800   0.9007551949E+003   0.0000000000E+000
    366900   0.8989766283E+003   0.0000000000E+000
    367000   0.9009808643E+003   0.3540139167E+000
    367100   0.8977501397E+003   0.3542137591E+000
    367200   0.9109802893E+003   0.3534057575E+000
    367300   0.9033348753E+003   0.3538693460E+000
    367400   0.9005438028E+003   0.3540408550E+000
    367500   0.9044598262E+003   0.3538005648E+000
    367600   0.8969324004E+003   0.3542646061E+000
    367700   0.8945535289E+003   0.3544131366E+000
    367800   0.8921136726E+003   0.3545664281E+000
    367900   0.8920126831E+003   0.3545727940E+000
    368000   0.8904338301E+003   0.3546725352E+000
    368100   0.9049092997E+003   0.3537731386E+000
    368200   0.8946103306E+003   0.3544095794E+000
    368300   0.8991670471E+003   0.3541259091E+000
    368400   0.8927734913E+003   0.3545248772E+000
    368500   0.9044803409E+003   0.3537993123E+000
    368600   0.8986390639E+003   0.3541586072E+000
    368700   0.9042447740E+003   0.3538136981E+000
    368800   0.9132610144E+003   0.3532691982E+000
    368900   0.8997957673E+003   0.3540870302E+000
    369000   0.9017286064E+003   0.0000000000E+000
    369100   0.9082224658E+003   0.0000000000E+000
    369200   0.9023768978E+003   0.3539280746E+000
    369300   0.9160359674E+003   0.3531041048E+000
    369400   0.9072883299E+003   0.3536284965E+000
    369500   0.9113698867E+003   0.3533823743E+000
    369600   0.9047373478E+003   0.3537836271E+000
    369700   0.8920030830E+003   0.3545733992E+000
    369800   0.9085764247E+003   0.3535505471E+000
    369900   0.9139161417E+003   0.3532301176E+000
    370000   0.9070986537E+003   0.3536399964E+000
    370100   0.8969460129E+003   0.3542637588E+000
    370200   0.9009127847E+003   0.3540181108E+000
    370300   0.9017409276E+003   0.3539671423E+000
    370400   0.9028662476E+003   0.3538980571E+000
    370500   0.8951138653E+003   0.3543780683E+000
    370600   0.9018540937E+003   0.3539601858E+000
    370700   0.9058421000E+003   0.0000000000E+000
    370800   0.9002602175E+003   0.3540583499E+000
    370900   0.8866339197E+003   0.3549142768E+000
    371000   0.8901693129E+003   0.3546892858E+000
    371100   0.9019441593E+003   0.0000000000E+000
    371200   0.9067367529E+003   0.0000000000E+000
    371300   0.9036222290E+003   0.0000000000E+000
    371400   0.8985024731E+003   0.3541670736E+000
    371500   0.9123065715E+003   0.0000000000E+000
    371600   0.9149446496E+003   0.0000000000E+000
    371700   0.8889590767E+003   0.0000000000E+000
    371800   0.8982916334E+003   0.0000000000E+000
    371900   0.8995657360E+003   0.0000000000E+000
    372000   0.8858774060E+003   0.0000000000E+000
    372100   0.8964293146E+003   0.0000000000E+000
    372200   0.9049499133E+003   0.0000000000E+000
    372300   0.9001010685E+003   0.0000000000E+000
    372400   0.8959193007E+003   0.0000000000E+000
    372500   0.8938411269E+003   0.0000000000E+000
    372600   0.8996176845E+003   0.0000000000E+000
    372700   0.8990581304E+003   0.0000000000E+000
    372800   0.9003601665E+003   0.0000000000E+000
    372900   0.8895866976E+003   0.0000000000E+000
    373000   0.8906689104E+003   0.0000000000E+000
    373100   0.8989683069E+003   0.0000000000E+000
    373200   0.8952706491E+003   0.0000000000E+000
    373300   0.8946693764E+003   0.0000000000E+000
    373400   0.9016927249E+003   0.0000000000E+000
    373500   0.9025499835E+003   0.0000000000E+000
    373600   0.9035278037E+003   0.0000000000E+000
    373700   0.9028732512E+003   0.0000000000E+000
    373800   0.9054449840E+003   0.0000000000E+000
    373900   0.9023166098E+003   0.0000000000E+000
    374000   0.8974158309E+003   0.0000000000E+000
    374100   0.8965348844E+003   0.0000000000E+000
    374200   0.9047101831E+003   0.0000000000E+000
    374300   0.9044975386E+003   0.0000000000E+000
    374400   0.9094242188E+003   0.0000000000E+000
    374500   0.9006930531E+003   0.0000000000E+000
    374600   0.8926478497E+003   0.0000000000E+000
    374700   0.9072975677E+003   0.0000000000E+000
    374800   0.9074825765E+003   0.0000000000E+000
    374900   0.8967988995E+003   0.0000000000E+000
    375000   0.9025745817E+003   0.0000000000E+000
    375100   0.8992502961E+003   0.0000000000E+000
    375200   0.9056940046E+003   0.0000000000E+000
    375300   0.8900492228E+003   0.0000000000E+000
    375400   0.8972670687E+003   0.0000000000E+000
    375500   0.8930132572E+003   0.0000000000E+000
    375600   0.9083844399E+003   0.0000000000E+000
    375700   0.9037208143E+003   0.0000000000E+000
    375800   0.9186806111E+003   0.0000000000E+000
    375900   0.9135174008E+003   0.0000000000E+000
    376000   0.9103893280E+003   0.0000000000E+000
    376100   0.9024365211E+003   0.0000000000E+000
    376200   0.9093153628E+003   0.0000000000E+000
    376300   0.9004921411E+003   0.0000000000E+000
    376400   0.8997000800E+003   0.0000000000E+000
    376500   0.9008437192E+003   0.0000000000E+000
    376600   0.9044831655E+003   0.0000000000E+000
    376700   0.9010076473E+003   0.0000000000E+000
    376800   0.9044122328E+003   0.0000000000E+000
    376900   0.8964673627E+003   0.0000000000E+000
    377000   0.8897385032E+003   0.0000000000E+000
    377100   0.8972526657E+003   0.0000000000E+000
    377200   0.8983219181E+003   0.0000000000E+000
    377300   0.9025272514E+003   0.0000000000E+000
    377400   0.8986446727E+003   0.0000000000E+000
    377500   0.8884920178E+003   0.0000000000E+000
    377600   0.8983762157E+003   0.0000000000E+000
    377700   0.8922849016E+003   0.0000000000E+000
    377800   0.8978663814E+003   0.0000000000E+000
    377900   0.8951883401E+003   0.0000000000E+000
    378000   0.8952298285E+003   0.0000000000E+000
    378100   0.9123841501E+003   0.0000000000E+000
    378200   0.8784953384E+003   0.0000000000E+000
    378300   0.9004954869E+003   0.0000000000E+000
    378400   0.8903725480E+003   0.0000000000E+000
    378500   0.9054803492E+003   0.0000000000E+000
    378600   0.8965690650E+003   0.0000000000E+000
    378700   0.8988513774E+003   0.0000000000E+000
    378800   0.9016158883E+003   0.0000000000E+000
    378900   0.8996361506E+003   0.0000000000E+000
    379000   0.8913523123E+003   0.0000000000E+000
    379100   0.8979319193E+003   0.0000000000E+000
    379200   0.8944345879E+003   0.0000000000E+000
    379300   0.8991901291E+003   0.0000000000E+000
    379400   0.9078800034E+003   0.0000000000E+000
    379500   0.8993506639E+003   0.0000000000E+000
    379600   0.8944952708E+003   0.0000000000E+000
    379700   0.8998009522E+003   0.0000000000E+000
    379800   0.9064590874E+003   0.0000000000E+000
    379900   0.8921350431E+003   0.0000000000E+000
    380000   0.9020594141E+003   0.0000000000E+000
    380100   0.9032480995E+003   0.0000000000E+000
    380200   0.8995329135E+003   0.0000000000E+000
    380300   0.9039360002E+003   0.0000000000E+000
    380400   0.8983262983E+003   0.0000000000E+000
    380500   0.9033713979E+003   0.0000000000E+000
    380600   0.9033922560E+003   0.0000000000E+000
    380700   0.9164131635E+003   0.0000000000E+000
    380800   0.9045547995E+003   0.0000000000E+000
    380900   0.9042313236E+003   0.0000000000E+000
    381000   0.9175211543E+003   0.0000000000E+000
    381100   0.9089580867E+003   0.0000000000E+000
    381200   0.9071230588E+003   0.0000000000E+000
    381300   0.9016836145E+003   0.0000000000E+000
    381400   0.9038484760E+003   0.0000000000E+000
    381500   0.9003615973E+003   0.0000000000E+000
    381600   0.8916048550E+003   0.0000000000E+000
    381700   0.8978637840E+003   0.0000000000E+000
    381800   0.9053161833E+003   0.0000000000E+000
    381900   0.9148443029E+003   0.0000000000E+000
    382000   0.8987193191E+003   0.0000000000E+000
    382100   0.9048527153E+003   0.0000000000E+000
    382200   0.9039247717E+003   0.0000000000E+000
    382300   0.9138091640E+003   0.0000000000E+000
    382400   0.8995075204E+003   0.0000000000E+000
    382500   0.9025410309E+003   0.3539180022E+000
    382600   0.8900672126E+003   0.3546957543E+000
    382700   0.9095016025E+003   0.3534947171E+000
    382800   0.8990925844E+003   0.3541305179E+000
    382900   0.9045098596E+003   0.3537975103E+000
    383000   0.9050399394E+003   0.3537651730E+000
    383100   0.9062011927E+003   0.3536944842E+000
    383200   0.9012228145E+003   0.3539990172E+000
    383300   0.9036300769E+003   0.0000000000E+000
    383400   0.9013950371E+003   0.3539884172E+000
    383500   0.8993866937E+003   0.3541123194E+000
    383600   0.8972119116E+003   0.3542472141E+000
    383700   0.9040908711E+003   0.3538231015E+000
    383800   0.9011192156E+003   0.0000000000E+000
    383900   0.9046127450E+003   0.3537912304E+000
    384000   0.9050520537E+003   0.7072524200E+000
    384100   0.8940945412E+003   0.3544418999E+000
    384200   0.8977605192E+003   0.7081468281E+000
    384300   0.8964720520E+003   0.7083066270E+000
    384400   0.8936314998E+003   0.3544709519E+000
    384500   0.9015962238E+003   0.7076742405E+000
    384600   0.8967525393E+003   0.1061988304E+001
    384700   0.8932701343E+003   0.1062637533E+001
    384800   0.8981305364E+003   0.1061733010E+001
    384900   0.8955689784E+003   0.1062208301E+001
    385000   0.8965887339E+003   0.1062018711E+001
    385100   0.8978937345E+003   0.1061776816E+001
    385200   0.8975473195E+003   0.7081732330E+000
    385300   0.8938057969E+003   0.1062537287E+001
    385400   0.8976034642E+003   0.1415216018E+001
    385500   0.9061577254E+003   0.1060263682E+001
    385600   0.8963315414E+003   0.1415529552E+001
    385700   0.8961330468E+003   0.1415578575E+001
    385800   0.8958126491E+003   0.1062162953E+001
    385900   0.9007415678E+003   0.1414446840E+001
    386000   0.8974491721E+003   0.1415253997E+001
    386100   0.8964636383E+003   0.1062041942E+001
    386200   0.8934450435E+003   0.1062604784E+001
    386300   0.9026183341E+003   0.1060907823E+001
    386400   0.9022182463E+003   0.7075980404E+000
    386500   0.8974739768E+003   0.1061854534E+001
    386600   0.8979787124E+003   0.7081198198E+000
    386700   0.8944267284E+003   0.1062421259E+001
    386800   0.8979184681E+003   0.1061772239E+001
    386900   0.9041348932E+003   0.1060631108E+001
    387000   0.8996776721E+003   0.7079100379E+000
    387100   0.8993904397E+003   0.1061500386E+001
    387200   0.9015834804E+003   0.1061097263E+001
    387300   0.9020432418E+003   0.1061013038E+001
    387400   0.8958336271E+003   0.1062159050E+001
    387500   0.9018376408E+003   0.1061050690E+001
    387600   0.8998814818E+003   0.1061409925E+001
    387700   0.9029013011E+003   0.1060856111E+001
    387800   0.8954709550E+003   0.7084311530E+000
    387900   0.9093712109E+003   0.1059683865E+001
    388000   0.8936363853E+003   0.3544706452E+000
    388100   0.8955210390E+003   0.7084249154E+000
    388200   0.8960125987E+003   0.3543219279E+000
    388300   0.9003197589E+003   0.3540546756E+000
    388400   0.9039537494E+003   0.0000000000E+000
    388500   0.9030398070E+003   0.0000000000E+000
    388600   0.9083120077E+003   0.0000000000E+000
    388700   0.8987747545E+003   0.3541501997E+000
    388800   0.8924238165E+003   0.3545468884E+000
    388900   0.8908349685E+003   0.0000000000E+000
    389000   0.8990093831E+003   0.0000000000E+000
    389100   0.9000595343E+003   0.0000000000E+000
    389200   0.8976920694E+003   0.0000000000E+000
    389300   0.8941976455E+003   0.0000000000E+000
    389400   0.8919404347E+003   0.0000000000E+000
    389500   0.8967489827E+003   0.0000000000E+000
    389600   0.8993705266E+003   0.0000000000E+000
    389700   0.8988210997E+003   0.0000000000E+000
    389800   0.8936675358E+003   0.0000000000E+000
    389900   0.8946039034E+003   0.0000000000E+000
    390000   0.8909057444E+003   0.0000000000E+000
    390100   0.8991073566E+003   0.0000000000E+000
    390200   0.9067967564E+003   0.0000000000E+000
    390300   0.8784189165E+003   0.0000000000E+000
    390400   0.8812880353E+003   0.0000000000E+000
    390500   0.9051049125E+003   0.0000000000E+000
    390600   0.8960956523E+003   0.0000000000E+000
    390700   0.8922766906E+003   0.0000000000E+000
    390800   0.9000400544E+003   0.0000000000E+000
    390900   0.9035785729E+003   0.0000000000E+000
    391000   0.8983998717E+003   0.0000000000E+000
    391100   0.8914451639E+003   0.0000000000E+000
    391200   0.8876462815E+003   0.0000000000E+000
    391300   0.8973487931E+003   0.0000000000E+000
    391400   0.8906687148E+003   0.0000000000E+000
    391500   0.8993845049E+003   0.0000000000E+000
    391600   0.8976212936E+003   0.0000000000E+000
    391700   0.9018140396E+003   0.0000000000E+000
    391800   0.8918163377E+003   0.0000000000E+000
    391900   0.8861657346E+003   0.0000000000E+000
    392000   0.8925686382E+003   0.0000000000E+000
    392100   0.8900928771E+003   0.0000000000E+000
    392200   0.8945360910E+003   0.0000000000E+000
    392300   0.8951500047E+003   0.0000000000E+000
    392400   0.8891484375E+003   0.0000000000E+000
    392500   0.9023119819E+003   0.0000000000E+000
    392600   0.9044001858E+003   0.0000000000E+000
    392700   0.9034310785E+003   0.0000000000E+000
    392800   0.9167849597E+003   0.0000000000E+000
    392900   0.9103323513E+003   0.0000000000E+000
    393000   0.8880797514E+003   0.0000000000E+000
    393100   0.9047623749E+003   0.0000000000E+000
    393200   0.9027974524E+003   0.0000000000E+000
    393300   0.9043318567E+003   0.0000000000E+000
    393400   0.9072010325E+003   0.0000000000E+000
    393500   0.9106192330E+003   0.0000000000E+000
    393600   0.9021702421E+003   0.0000000000E+000
    393700   0.8924959750E+003   0.0000000000E+000
    393800   0.9111283596E+003   0.0000000000E+000
    393900   0.9017664910E+003   0.0000000000E+000
    394000   0.9025651981E+003   0.0000000000E+000
    394100   0.8897009647E+003   0.0000000000E+000
    394200   0.9067593078E+003   0.0000000000E+000
    394300   0.8978587774E+003   0.0000000000E+000
    394400   0.8973858882E+003   0.0000000000E+000
    394500   0.9018319681E+003   0.0000000000E+000
    394600   0.8968031368E+003   0.0000000000E+000
    394700   0.9056117078E+003   0.0000000000E+000
    394800   0.9111058144E+003   0.0000000000E+000
    394900   0.9072488920E+003   0.0000000000E+000
    395000   0.8952807601E+003   0.0000000000E+000
    395100   0.8969911586E+003   0.0000000000E+000
    395200   0.8998964367E+003   0.0000000000E+000
    395300   0.8957784320E+003   0.0000000000E+000
    395400   0.8967123540E+003   0.0000000000E+000
    395500   0.9045050985E+003   0.0000000000E+000
    395600   0.8875905848E+003   0.0000000000E+000
    395700   0.8986298755E+003   0.0000000000E+000
    395800   0.8896860651E+003   0.0000000000E+000
    395900   0.8901017378E+003   0.0000000000E+000
    396000   0.8868554785E+003   0.0000000000E+000
    396100   0.9004097608E+003   0.0000000000E+000
    396200   0.9130002165E+003   0.0000000000E+000
    396300   0.9033665457E+003   0.0000000000E+000
    396400   0.9143943271E+003   0.0000000000E+000
    396500   0.9020134201E+003   0.3539503953E+000
    396600   0.9081640894E+003   0.3535754719E+000
    396700   0.9044527463E+003   0.0000000000E+000
    396800   0.8972201909E+003   0.3542466991E+000
    396900   0.9002422122E+003   0.3540594611E+000
    397000   0.9016871272E+003   0.3539704502E+000
    397100   0.9017741563E+003   0.3539650995E+000
    397200   0.9022160200E+003   0.3539379513E+000
    397300   0.9058804524E+003   0.3537139877E+000
    397400   0.9041170564E+003   0.3538215013E+000
    397500   0.8945284877E+003   0.3544147049E+000
    397600   0.8979319951E+003   0.3542024659E+000
    397700   0.8986039147E+003   0.3541607856E+000
    397800   0.8944985621E+003   0.3544165794E+000
    397900   0.9024861569E+003   0.3539213692E+000
    398000   0.8936586719E+003   0.3544692461E+000
    398100   0.9089651377E+003   0.0000000000E+000
    398200   0.9147109396E+003   0.0000000000E+000
    398300   0.9028530660E+003   0.0000000000E+000
    398400   0.8949272971E+003   0.0000000000E+000
    398500   0.9036094052E+003   0.0000000000E+000
    398600   0.9053463089E+003   0.0000000000E+000
    398700   0.9047643633E+003   0.3537819790E+000
    398800   0.8997588700E+003   0.3540893102E+000
    398900   0.8921987877E+003   0.3545610641E+000
    399000   0.9066783499E+003   0.0000000000E+000
    399100   0.8939183229E+003   0.3544529520E+000
    399200   0.8866385875E+003   0.3549139784E+000
    399300   0.9075229277E+003   0.3536142807E+000
    399400   0.9095994169E+003   0.0000000000E+000
    399500   0.8918458531E+003   0.3545833138E+000
    399600   0.8950337823E+003   0.3543830772E+000
    399700   0.9046210381E+003   0.3537907243E+000
    399800   0.8942798835E+003   0.0000000000E+000
    399900   0.8947976556E+003   0.0000000000E+000
    400000   0.8872288956E+003   0.0000000000E+000
    400100   0.8963603604E+003   0.0000000000E+000
    400200   0.8894586098E+003   0.0000000000E+000
    400300   0.9095351822E+003   0.0000000000E+000
    400400   0.8975389022E+003   0.3542268836E+000
    400500   0.9047389251E+003   0.3537835309E+000
    400600   0.8856681152E+003   0.3549761025E+000
    400700   0.8921697724E+003   0.3545628925E+000
    400800   0.8936852938E+003   0.3544675750E+000
    400900   0.9029233924E+003   0.3538945542E+000
    401000   0.8948870849E+003   0.3543922551E+000
    401100   0.9055498690E+003   0.3537341064E+000
    401200   0.8941050137E+003   0.3544412432E+000
    401300   0.8974488143E+003   0.0000000000E+000
    401400   0.8972696716E+003   0.3542436216E+000
    401500   0.8948803796E+003   0.3543926747E+000
    401600   0.9024405631E+003   0.3539241671E+000
    401700   0.8967286702E+003   0.3542772908E+000
    401800   0.8982622744E+003   0.3541819691E+000
    401900   0.8931919467E+003   0.3544985625E+000
    402000   0.8951311127E+003   0.3543769897E+000
    402100   0.8884770769E+003   0.3547967200E+000
    402200   0.8964370398E+003   0.0000000000E+000
    402300   0.8935834129E+003   0.0000000000E+000
    402400   0.8865833611E+003   0.3549175094E+000
    402500   0.8990970025E+003   0.3541302444E+000
    402600   0.9041130833E+003   0.3538217441E+000
    402700   0.8978364400E+003   0.0000000000E+000
    402800   0.9103523177E+003   0.0000000000E+000
    402900   0.8950575878E+003   0.0000000000E+000
    403000   0.8955087606E+003   0.0000000000E+000
    403100   0.8914227843E+003   0.0000000000E+000
    403200   0.8889397478E+003   0.0000000000E+000
    403300   0.9006301562E+003   0.0000000000E+000
    403400   0.8917944519E+003   0.0000000000E+000
    403500   0.8897644183E+003   0.0000000000E+000
    403600   0.8916223166E+003   0.0000000000E+000
    403700   0.9016847411E+003   0.0000000000E+000
    403800   0.8948662059E+003   0.0000000000E+000
    403900   0.8962916359E+003   0.0000000000E+000
    404000   0.8981403858E+003   0.0000000000E+000
    404100   0.9054191505E+003   0.0000000000E+000
    404200   0.9044540377E+003   0.0000000000E+000
    404300   0.8963435453E+003   0.0000000000E+000
    404400   0.8925709169E+003   0.0000000000E+000
    404500   0.9081397321E+003   0.0000000000E+000
    404600   0.8971784210E+003   0.0000000000E+000
    404700   0.8924177637E+003   0.3545472696E+000
    404800   0.8969326692E+003   0.3542645894E+000
    404900   0.8836614200E+003   0.0000000000E+000
    405000   0.9067400774E+003   0.3536617518E+000
    405100   0.8917156404E+003   0.0000000000E+000
    405200   0.9028687566E+003   0.3538979033E+000
    405300   0.8923452941E+003   0.3545518340E+000
    405400   0.9010259736E+003   0.0000000000E+000
    405500   0.9003897520E+003   0.3540503571E+000
    405600   0.8910366204E+003   0.3546344067E+000
    405700   0.8956654167E+003   0.3543435995E+000
    405800   0.8984982044E+003   0.0000000000E+000
    405900   0.8962873460E+003   0.3543047914E+000
    406000   0.8930416538E+003   0.3545080104E+000
    406100   0.8941975308E+003   0.3544354429E+000
    406200   0.8968067482E+003   0.3542724287E+000
    406300   0.9046804674E+003   0.0000000000E+000
    406400   0.8996433301E+003   0.3540964509E+000
    406500   0.8942521559E+003   0.3544320188E+000
    406600   0.8929231295E+003   0.3545154639E+000
    406700   0.9003088325E+003   0.3540553498E+000
    406800   0.8892840955E+003   0.3547454260E+000
    406900   0.8947004695E+003   0.3544039355E+000
    407000   0.8934319527E+003   0.3544834826E+000
    407100   0.8989586486E+003   0.0000000000E+000
    407200   0.8937380116E+003   0.3544642661E+000
    407300   0.9033278258E+003   0.3538697777E+000
    407400   0.9057858624E+003   0.3537197425E+000
    407500   0.9019798692E+003   0.3539524566E+000
    407600   0.8954307529E+003   0.3543582587E+000
    407700   0.8907889692E+003   0.0000000000E+000
    407800   0.9034253278E+003   0.3538638083E+000
    407900   0.9064537507E+003   0.3536791380E+000
    408000   0.9072952818E+003   0.3536280751E+000
    408100   0.9058549848E+003   0.3537155370E+000
    408200   0.8966115297E+003   0.3542845872E+000
    408300   0.9071198295E+003   0.3536387123E+000
    408400   0.8965362066E+003   0.3542892801E+000
    408500   0.8983947529E+003   0.0000000000E+000
    408600   0.8927993263E+003   0.0000000000E+000
    408700   0.8967499859E+003   0.3542759633E+000
    408800   0.9040146782E+003   0.0000000000E+000
    408900   0.9048699013E+003   0.3537755414E+000
    409000   0.9066940831E+003   0.3536645438E+000
    409100   0.8977703727E+003   0.3542125024E+000
    409200   0.9034619385E+003   0.3538615673E+000
    409300   0.8830116801E+003   0.3551469631E+000
    409400   0.9020575325E+003   0.3539476853E+000
    409500   0.9027166939E+003   0.3539072270E+000
    409600   0.8973482446E+003   0.3542387355E+000
    409700   0.9033110165E+003   0.7074644657E+000
    409800   0.8967218889E+003   0.7082756001E+000
    409900   0.8863474239E+003   0.7095810533E+000
    410000   0.8855522814E+003   0.3549835281E+000
    410100   0.8867563416E+003   0.3549064511E+000
    410200   0.8951865160E+003   0.0000000000E+000
    410300   0.8929885477E+003   0.0000000000E+000
    410400   0.8978889227E+003   0.0000000000E+000
    410500   0.8884593938E+003   0.0000000000E+000
    410600   0.9028153482E+003   0.0000000000E+000
    410700   0.9044276956E+003   0.0000000000E+000
    410800   0.8980053870E+003   0.0000000000E+000
    410900   0.8938193880E+003   0.0000000000E+000
    411000   0.8976272270E+003   0.0000000000E+000
    411100   0.9011793107E+003   0.0000000000E+000
    411200   0.8956675809E+003   0.0000000000E+000
    411300   0.8923009246E+003   0.0000000000E+000
    411400   0.9073599897E+003   0.0000000000E+000
    411500   0.9017401275E+003   0.0000000000E+000
    411600   0.9115589648E+003   0.0000000000E+000
    411700   0.8966589805E+003   0.0000000000E+000
    411800   0.9123306017E+003   0.0000000000E+000
    411900   0.9058726233E+003   0.0000000000E+000
    412000   0.8974043553E+003   0.0000000000E+000
    412100   0.9045206933E+003   0.0000000000E+000
    412200   0.9005926099E+003   0.0000000000E+000
    412300   0.9053835478E+003   0.0000000000E+000
    412400   0.9027127324E+003   0.0000000000E+000
    412500   0.8915892734E+003   0.0000000000E+000
    412600   0.9029738686E+003   0.0000000000E+000
    412700   0.9071307905E+003   0.0000000000E+000
    412800   0.8982326799E+003   0.0000000000E+000
    412900   0.8917936878E+003   0.0000000000E+000
    413000   0.9010974352E+003   0.0000000000E+000
    413100   0.8968412251E+003   0.0000000000E+000
    413200   0.9000544359E+003   0.0000000000E+000
    413300   0.8956070395E+003   0.0000000000E+000
    413400   0.9032098002E+003   0.0000000000E+000
    413500   0.9004190050E+003   0.0000000000E+000
    413600   0.8997934167E+003   0.0000000000E+000
    413700   0.9045784316E+003   0.0000000000E+000
    413800   0.8992789546E+003   0.0000000000E+000
    413900   0.8987567237E+003   0.0000000000E+000
    414000   0.9064758053E+003   0.0000000000E+000
    414100   0.8979972369E+003   0.0000000000E+000
    414200   0.9037943954E+003   0.0000000000E+000
    414300   0.9078672327E+003   0.0000000000E+000
    414400   0.9003765178E+003   0.0000000000E+000
    414500   0.8939711972E+003   0.0000000000E+000
    414600   0.9071720823E+003   0.0000000000E+000
    414700   0.9033183433E+003   0.0000000000E+000
    414800   0.8968280727E+003   0.0000000000E+000
    414900   0.8899047141E+003   0.0000000000E+000
    415000   0.9019152689E+003   0.0000000000E+000
    415100   0.9102106947E+003   0.0000000000E+000
    415200   0.8990164699E+003   0.0000000000E+000
    415300   0.9053131390E+003   0.0000000000E+000
    415400   0.9085825002E+003   0.0000000000E+000
    415500   0.9111071533E+003   0.0000000000E+000
    415600   0.9098900142E+003   0.0000000000E+000
    415700   0.9086850680E+003   0.0000000000E+000
    415800   0.8959787186E+003   0.0000000000E+000
    415900   0.8937977643E+003   0.0000000000E+000
    416000   0.8915097605E+003   0.0000000000E+000
    416100   0.9006605765E+003   0.0000000000E+000
    416200   0.9018206276E+003   0.0000000000E+000
    416300   0.9009329467E+003   0.0000000000E+000
    416400   0.9016482338E+003   0.0000000000E+000
    416500   0.9003808275E+003   0.0000000000E+000
    416600   0.8919997366E+003   0.0000000000E+000
    416700   0.9026430473E+003   0.0000000000E+000
    416800   0.9024498070E+003   0.0000000000E+000
    416900   0.9045326389E+003   0.0000000000E+000
    417000   0.9036965528E+003   0.0000000000E+000
    417100   0.9051473233E+003   0.0000000000E+000
    417200   0.9009081811E+003   0.0000000000E+000
    417300   0.9013845935E+003   0.0000000000E+000
    417400   0.8919914440E+003   0.0000000000E+000
    417500   0.8952494126E+003   0.0000000000E+000
    417600   0.8812754488E+003   0.0000000000E+000
    417700   0.8987817718E+003   0.0000000000E+000
    417800   0.9000259240E+003   0.0000000000E+000
    417900   0.8955717983E+003   0.0000000000E+000
    418000   0.8997939610E+003   0.0000000000E+000
    418100   0.9025440362E+003   0.0000000000E+000
    418200   0.8998259912E+003   0.0000000000E+000
    418300   0.9037928242E+003   0.0000000000E+000
    418400   0.8934384558E+003   0.0000000000E+000
    418500   0.9027747858E+003   0.0000000000E+000
    418600   0.9086553588E+003   0.0000000000E+000
    418700   0.9025824025E+003   0.0000000000E+000
    418800   0.9014704208E+003   0.0000000000E+000
    418900   0.9024921776E+003   0.0000000000E+000
    419000   0.8954233919E+003   0.0000000000E+000
    419100   0.8981906630E+003   0.0000000000E+000
    419200   0.8987550826E+003   0.0000000000E+000
    419300   0.9105465485E+003   0.0000000000E+000
    419400   0.8998686939E+003   0.0000000000E+000
    419500   0.8962378819E+003   0.0000000000E+000
    419600   0.8901270928E+003   0.0000000000E+000
    419700   0.8887468537E+003   0.0000000000E+000
    419800   0.8981283824E+003   0.0000000000E+000
    419900   0.9000838333E+003   0.0000000000E+000
    420000   0.8986217030E+003   0.0000000000E+000
    420100   0.8838050395E+003   0.0000000000E+000
    420200   0.8959570580E+003   0.0000000000E+000
    420300   0.9036669111E+003   0.0000000000E+000
    420400   0.8902835926E+003   0.0000000000E+000
    420500   0.9020281353E+003   0.0000000000E+000
    420600   0.8903016214E+003   0.0000000000E+000
    420700   0.8980514559E+003   0.0000000000E+000
    420800   0.9003514387E+003   0.0000000000E+000
    420900   0.9008183791E+003   0.0000000000E+000
    421000   0.9057196331E+003   0.0000000000E+000
    421100   0.9083879294E+003   0.0000000000E+000
    421200   0.9011519455E+003   0.0000000000E+000
    421300   0.9074106065E+003   0.0000000000E+000
    421400   0.9028011423E+003   0.0000000000E+000
    421500   0.8998565912E+003   0.0000000000E+000
    421600   0.9062711236E+003   0.0000000000E+000
    421700   0.9122948478E+003   0.0000000000E+000
    421800   0.8958259566E+003   0.0000000000E+000
    421900   0.8965468302E+003   0.0000000000E+000
    422000   0.8968318004E+003   0.0000000000E+000
    422100   0.8969947753E+003   0.0000000000E+000
    422200   0.8954154355E+003   0.0000000000E+000
    422300   0.9076389473E+003   0.0000000000E+000
    422400   0.8999217743E+003   0.0000000000E+000
    422500   0.9022701887E+003   0.0000000000E+000
    422600   0.9119394522E+003   0.0000000000E+000
    422700   0.9073328829E+003   0.0000000000E+000
    422800   0.9074930313E+003   0.0000000000E+000
    422900   0.8997730922E+003   0.0000000000E+000
    423000   0.8922589759E+003   0.0000000000E+000
    423100   0.9072342561E+003   0.0000000000E+000
    423200   0.8994671022E+003   0.0000000000E+000
    423300   0.8971726428E+003   0.0000000000E+000
    423400   0.8929714418E+003   0.0000000000E+000
    423500   0.9028185749E+003   0.0000000000E+000
    423600   0.8987952121E+003   0.0000000000E+000
    423700   0.8994471260E+003   0.0000000000E+000
    423800   0.8912416115E+003   0.0000000000E+000
    423900   0.9106708944E+003   0.0000000000E+000
    424000   0.9003788861E+003   0.0000000000E+000
    424100   0.8998481914E+003   0.0000000000E+000
    424200   0.8953692673E+003   0.0000000000E+000
    424300   0.9028550467E+003   0.0000000000E+000
    424400   0.8901744558E+003   0.0000000000E+000
    424500   0.8975774145E+003   0.0000000000E+000
    424600   0.9011338411E+003   0.0000000000E+000
    424700   0.9092026235E+003   0.0000000000E+000
    424800   0.9044793578E+003   0.0000000000E+000
    424900   0.8928955857E+003   0.0000000000E+000
    425000   0.9026802936E+003   0.0000000000E+000
    425100   0.8990817154E+003   0.0000000000E+000
    425200   0.8966238238E+003   0.0000000000E+000
    425300   0.8969571575E+003   0.0000000000E+000
    425400   0.9076225063E+003   0.0000000000E+000
    425500   0.9016217113E+003   0.0000000000E+000
    425600   0.9021279920E+003   0.0000000000E+000
    425700   0.9064615986E+003   0.0000000000E+000
    425800   0.9027233643E+003   0.0000000000E+000
    425900   0.8951541868E+003   0.0000000000E+000
    426000   0.8978835788E+003   0.0000000000E+000
    426100   0.8982172677E+003   0.0000000000E+000
    426200   0.8949193776E+003   0.0000000000E+000
    426300   0.8934212624E+003   0.0000000000E+000
    426400   0.8870693775E+003   0.0000000000E+000
    426500   0.8955677145E+003   0.0000000000E+000
    426600   0.9103366119E+003   0.0000000000E+000
    426700   0.9000396476E+003   0.0000000000E+000
    426800   0.9008986286E+003   0.0000000000E+000
    426900   0.9038798877E+003   0.0000000000E+000
    427000   0.9052886644E+003   0.0000000000E+000
    427100   0.8985440803E+003   0.0000000000E+000
    427200   0.9105747311E+003   0.0000000000E+000
    427300   0.8979823155E+003   0.0000000000E+000
    427400   0.8979720228E+003   0.0000000000E+000
    427500   0.8931752784E+003   0.0000000000E+000
    427600   0.9051868361E+003   0.0000000000E+000
    427700   0.9071934661E+003   0.0000000000E+000
    427800   0.9001592060E+003   0.0000000000E+000
    427900   0.8994409723E+003   0.0000000000E+000
    428000   0.8978230734E+003   0.0000000000E+000
    428100   0.9017991656E+003   0.0000000000E+000
    428200   0.8964004703E+003   0.0000000000E+000
    428300   0.9002934646E+003   0.0000000000E+000
    428400   0.9026354347E+003   0.0000000000E+000
    428500   0.8985576524E+003   0.0000000000E+000
    428600   0.9002740116E+003   0.0000000000E+000
    428700   0.9047860490E+003   0.0000000000E+000
    428800   0.9088465325E+003   0.0000000000E+000
    428900   0.8968209142E+003   0.0000000000E+000
    429000   0.8938553006E+003   0.0000000000E+000
    429100   0.9068022315E+003   0.0000000000E+000
    429200   0.9011873161E+003   0.0000000000E+000
    429300   0.9039471321E+003   0.0000000000E+000
    429400   0.8990644472E+003   0.0000000000E+000
    429500   0.8989826582E+003   0.0000000000E+000
    429600   0.9024793342E+003   0.0000000000E+000
    429700   0.8938051833E+003   0.0000000000E+000
    429800   0.9008286309E+003   0.0000000000E+000
    429900   0.8944965066E+003   0.0000000000E+000
    430000   0.8963458009E+003   0.0000000000E+000
    430100   0.9097862432E+003   0.0000000000E+000
    430200   0.9122507310E+003   0.0000000000E+000
    430300   0.9045137489E+003   0.0000000000E+000
    430400   0.8935016588E+003   0.0000000000E+000
    430500   0.8882660167E+003   0.0000000000E+000
    430600   0.8968924893E+003   0.0000000000E+000
    430700   0.8996358013E+003   0.0000000000E+000
    430800   0.8979038377E+003   0.0000000000E+000
    430900   0.8981019418E+003   0.0000000000E+000
    431000   0.8966744079E+003   0.0000000000E+000
    431100   0.9021357777E+003   0.0000000000E+000
    431200   0.8925431900E+003   0.0000000000E+000
    431300   0.8950774869E+003   0.0000000000E+000
    431400   0.8965564151E+003   0.0000000000E+000
    431500   0.9020168906E+003   0.0000000000E+000
    431600   0.9040231243E+003   0.0000000000E+000
    431700   0.8969965784E+003   0.0000000000E+000
    431800   0.8979170619E+003   0.0000000000E+000
    431900   0.8986948004E+003   0.0000000000E+000
    432000   0.8902928482E+003   0.0000000000E+000
    432100   0.8920724091E+003   0.0000000000E+000
    432200   0.8965917503E+003   0.0000000000E+000
    432300   0.8947043827E+003   0.0000000000E+000
    432400   0.8986922089E+003   0.0000000000E+000
    432500   0.8942651635E+003   0.0000000000E+000
    432600   0.8901520797E+003   0.0000000000E+000
    432700   0.8950326547E+003   0.0000000000E+000
    432800   0.8981713977E+003   0.0000000000E+000
    432900   0.8949780176E+003   0.0000000000E+000
    433000   0.8932725708E+003   0.0000000000E+000
    433100   0.8931345656E+003   0.0000000000E+000
    433200   0.9004440985E+003   0.0000000000E+000
    433300   0.8869936715E+003   0.0000000000E+000
    433400   0.8927621776E+003   0.0000000000E+000
    433500   0.8865401932E+003   0.0000000000E+000
    433600   0.9051145073E+003   0.0000000000E+000
    433700   0.8912886134E+003   0.0000000000E+000
    433800   0.9052389197E+003   0.0000000000E+000
    433900   0.8982345015E+003   0.0000000000E+000
    434000   0.9101442181E+003   0.0000000000E+000
    434100   0.9035658236E+003   0.0000000000E+000
    434200   0.8999042787E+003   0.0000000000E+000
    434300   0.9051802310E+003   0.0000000000E+000
    434400   0.8977529127E+003   0.0000000000E+000
    434500   0.8940464162E+003   0.0000000000E+000
    434600   0.8966915461E+003   0.0000000000E+000
    434700   0.8962782483E+003   0.0000000000E+000
    434800   0.9084250039E+003   0.0000000000E+000
    434900   0.9090159823E+003   0.0000000000E+000
    435000   0.9100713113E+003   0.0000000000E+000
    435100   0.9020345232E+003   0.0000000000E+000
    435200   0.9070710697E+003   0.0000000000E+000
    435300   0.9082432906E+003   0.0000000000E+000
    435400   0.9026627352E+003   0.0000000000E+000
    435500   0.9062768037E+003   0.0000000000E+000
    435600   0.9073298634E+003   0.0000000000E+000
    435700   0.9106260732E+003   0.0000000000E+000
    435800   0.9031135278E+003   0.0000000000E+000
    435900   0.9059590595E+003   0.0000000000E+000
    436000   0.8998954821E+003   0.0000000000E+000
    436100   0.9057105521E+003   0.0000000000E+000
    436200   0.9026612723E+003   0.0000000000E+000
    436300   0.9062126941E+003   0.0000000000E+000
    436400   0.9060222245E+003   0.0000000000E+000
    436500   0.9014431771E+003   0.0000000000E+000
    436600   0.9118738099E+003   0.0000000000E+000
    436700   0.9134967395E+003   0.0000000000E+000
    436800   0.8990066400E+003   0.0000000000E+000
    436900   0.9002174320E+003   0.0000000000E+000
    437000   0.9053220229E+003   0.0000000000E+000
    437100   0.9022415951E+003   0.0000000000E+000
    437200   0.9046747413E+003   0.0000000000E+000
    437300   0.8925019258E+003   0.0000000000E+000
    437400   0.9081493439E+003   0.0000000000E+000
    437500   0.8980080083E+003   0.0000000000E+000
    437600   0.8941560295E+003   0.0000000000E+000
    437700   0.9037173860E+003   0.0000000000E+000
    437800   0.8994630833E+003   0.0000000000E+000
    437900   0.9068326628E+003   0.0000000000E+000
    438000   0.8981157953E+003   0.0000000000E+000
    438100   0.9087260968E+003   0.0000000000E+000
    438200   0.9007815516E+003   0.0000000000E+000
    438300   0.9025272180E+003   0.0000000000E+000
    438400   0.9080831636E+003   0.0000000000E+000
    438500   0.9098092383E+003   0.0000000000E+000
    438600   0.8969975465E+003   0.0000000000E+000
    438700   0.9040033615E+003   0.0000000000E+000
    438800   0.9119862602E+003   0.0000000000E+000
    438900   0.9011651407E+003   0.0000000000E+000
    439000   0.8967793643E+003   0.0000000000E+000
    439100   0.8979178841E+003   0.0000000000E+000
    439200   0.8882547426E+003   0.0000000000E+000
    439300   0.9097628351E+003   0.0000000000E+000
    439400   0.9037779572E+003   0.0000000000E+000
    439500   0.9085308626E+003   0.0000000000E+000
    439600   0.9007904094E+003   0.0000000000E+000
    439700   0.9041436859E+003   0.0000000000E+000
    439800   0.8964617751E+003   0.0000000000E+000
    439900   0.9047901606E+003   0.0000000000E+000
    440000   0.9071927678E+003   0.0000000000E+000
    440100   0.9033673824E+003   0.0000000000E+000
    440200   0.8968211565E+003   0.0000000000E+000
    440300   0.9060103480E+003   0.0000000000E+000
    440400   0.8959389089E+003   0.0000000000E+000
    440500   0.8896107738E+003   0.0000000000E+000
    440600   0.9177504566E+003   0.0000000000E+000
    440700   0.9045101170E+003   0.0000000000E+000
    440800   0.8912878495E+003   0.0000000000E+000
    440900   0.9010188628E+003   0.0000000000E+000
    441000   0.8862352279E+003   0.0000000000E+000
    441100   0.8991362150E+003   0.0000000000E+000
    441200   0.8872724670E+003   0.0000000000E+000
    441300   0.9056579758E+003   0.0000000000E+000
    441400   0.8883283387E+003   0.0000000000E+000
    441500   0.9058789925E+003   0.0000000000E+000
    441600   0.8925705900E+003   0.0000000000E+000
    441700   0.8954852939E+003   0.0000000000E+000
    441800   0.8965920035E+003   0.0000000000E+000
    441900   0.9026014086E+003   0.0000000000E+000
    442000   0.9088655644E+003   0.0000000000E+000
    442100   0.8969526769E+003   0.0000000000E+000
    442200   0.9036440812E+003   0.0000000000E+000
    442300   0.9004003000E+003   0.0000000000E+000
    442400   0.8865806942E+003   0.0000000000E+000
    442500   0.9033958031E+003   0.0000000000E+000
    442600   0.8895038735E+003   0.0000000000E+000
    442700   0.8990497278E+003   0.0000000000E+000
    442800   0.8905432267E+003   0.0000000000E+000
    442900   0.8961747293E+003   0.0000000000E+000
    443000   0.9002664403E+003   0.0000000000E+000
    443100   0.9073495188E+003   0.0000000000E+000
    443200   0.9055001672E+003   0.0000000000E+000
    443300   0.9001862946E+003   0.0000000000E+000
    443400   0.9022943400E+003   0.0000000000E+000
    443500   0.9016222363E+003   0.0000000000E+000
    443600   0.9056347081E+003   0.0000000000E+000
    443700   0.9044975934E+003   0.0000000000E+000
    443800   0.9019889180E+003   0.0000000000E+000
    443900   0.8981036908E+003   0.0000000000E+000
    444000   0.9117410788E+003   0.0000000000E+000
    444100   0.9074566843E+003   0.0000000000E+000
    444200   0.9001214550E+003   0.0000000000E+000
    444300   0.8992383519E+003   0.0000000000E+000
    444400   0.9021430773E+003   0.0000000000E+000
    444500   0.8988572022E+003   0.0000000000E+000
    444600   0.8799880693E+003   0.0000000000E+000
    444700   0.8944140471E+003   0.0000000000E+000
    444800   0.9075289914E+003   0.0000000000E+000
    444900   0.8864259318E+003   0.0000000000E+000
    445000   0.8909411296E+003   0.0000000000E+000
    445100   0.9015380197E+003   0.0000000000E+000
    445200   0.8987458638E+003   0.0000000000E+000
    445300   0.8888645573E+003   0.0000000000E+000
    445400   0.8942278738E+003   0.0000000000E+000
    445500   0.9064185174E+003   0.0000000000E+000
    445600   0.8943509616E+003   0.0000000000E+000
    445700   0.9033768910E+003   0.0000000000E+000
    445800   0.9001981555E+003   0.0000000000E+000
    445900   0.8985504524E+003   0.0000000000E+000
    446000   0.9109020848E+003   0.0000000000E+000
    446100   0.9029664574E+003   0.0000000000E+000
    446200   0.9043642769E+003   0.0000000000E+000
    446300   0.8931468515E+003   0.0000000000E+000
    446400   0.9022488376E+003   0.0000000000E+000
    446500   0.8999104111E+003   0.0000000000E+000
    446600   0.9064725594E+003   0.0000000000E+000
    446700   0.8956442967E+003   0.0000000000E+000
    446800   0.8919836790E+003   0.0000000000E+000
    446900   0.9044833720E+003   0.0000000000E+000
    447000   0.9018219295E+003   0.0000000000E+000
    447100   0.9042947922E+003   0.0000000000E+000
    447200   0.9050454527E+003   0.0000000000E+000
    447300   0.8988785111E+003   0.0000000000E+000
    447400   0.9006986360E+003   0.0000000000E+000
    447500   0.9068616722E+003   0.0000000000E+000
    447600   0.9095336923E+003   0.0000000000E+000
    447700   0.8973692723E+003   0.0000000000E+000
    447800   0.9072532692E+003   0.0000000000E+000
    447900   0.8956254411E+003   0.0000000000E+000
    448000   0.8950365574E+003   0.0000000000E+000
    448100   0.9087400700E+003   0.0000000000E+000
    448200   0.8944211166E+003   0.0000000000E+000
    448300   0.8978730018E+003   0.0000000000E+000
    448400   0.8934787479E+003   0.0000000000E+000
    448500   0.8963593917E+003   0.0000000000E+000
    448600   0.9003934531E+003   0.0000000000E+000
    448700   0.9026999031E+003   0.0000000000E+000
    448800   0.8890265098E+003   0.0000000000E+000
    448900   0.8874324290E+003   0.0000000000E+000
    449000   0.9001979073E+003   0.0000000000E+000
    449100   0.8842273822E+003   0.0000000000E+000
    449200   0.8944454852E+003   0.0000000000E+000
    449300   0.8908075991E+003   0.0000000000E+000
    449400   0.8840794783E+003   0.0000000000E+000
    449500   0.9047828642E+003   0.0000000000E+000
    449600   0.8989208679E+003   0.0000000000E+000
    449700   0.8933896506E+003   0.0000000000E+000
    449800   0.8947217581E+003   0.0000000000E+000
    449900   0.8991953842E+003   0.0000000000E+000
    450000   0.8950502696E+003   0.0000000000E+000
    450100   0.9080256528E+003   0.0000000000E+000
    450200   0.8915384422E+003   0.0000000000E+000
    450300   0.8889002033E+003   0.0000000000E+000
    450400   0.9017197018E+003   0.0000000000E+000
    450500   0.9053424711E+003   0.0000000000E+000
    450600   0.8983061525E+003   0.0000000000E+000
    450700   0.9017932204E+003   0.0000000000E+000
    450800   0.9131091568E+003   0.0000000000E+000
    450900   0.9063084010E+003   0.0000000000E+000
    451000   0.9016804315E+003   0.0000000000E+000
    451100   0.8981933378E+003   0.0000000000E+000
    451200   0.9096099025E+003   0.0000000000E+000
    451300   0.8927463036E+003   0.0000000000E+000
    451400   0.9028771483E+003   0.0000000000E+000
    451500   0.9113334794E+003   0.0000000000E+000
    451600   0.9089864617E+003   0.0000000000E+000
    451700   0.8980565934E+003   0.0000000000E+000
    451800   0.9004443336E+003   0.0000000000E+000
    451900   0.8904795080E+003   0.0000000000E+000
    452000   0.8989352464E+003   0.0000000000E+000
    452100   0.9028699009E+003   0.0000000000E+000
    452200   0.9097708469E+003   0.0000000000E+000
    452300   0.9104743708E+003   0.0000000000E+000
    452400   0.9004297377E+003   0.0000000000E+000
    452500   0.8936244237E+003   0.0000000000E+000
    452600   0.9113613622E+003   0.0000000000E+000
    452700   0.9073220821E+003   0.0000000000E+000
    452800   0.9033585974E+003   0.0000000000E+000
    452900   0.9015975662E+003   0.0000000000E+000
    453000   0.9049332323E+003   0.0000000000E+000
    453100   0.9031736231E+003   0.0000000000E+000
    453200   0.9018829690E+003   0.0000000000E+000
    453300   0.9127514641E+003   0.3532996393E+000
    453400   0.9047199186E+003   0.3537846905E+000
    453500   0.8956261039E+003   0.3543460547E+000
    453600   0.9013666521E+003   0.3539901639E+000
    453700   0.9001735291E+003   0.3540637004E+000
    453800   0.8960538420E+003   0.3543193547E+000
    453900   0.9043954164E+003   0.0000000000E+000
    454000   0.8957076441E+003   0.3543409626E+000
    454100   0.9010681109E+003   0.3540085429E+000
    454200   0.9006073917E+003   0.3540369338E+000
    454300   0.9096320347E+003   0.0000000000E+000
    454400   0.9106954533E+003   0.3534228676E+000
    454500   0.8980792630E+003   0.0000000000E+000
    454600   0.9092405242E+003   0.0000000000E+000
    454700   0.9069916022E+003   0.0000000000E+000
    454800   0.9070239155E+003   0.0000000000E+000
    454900   0.8931087765E+003   0.0000000000E+000
    455000   0.8998113978E+003   0.0000000000E+000
    455100   0.8984475462E+003   0.0000000000E+000
    455200   0.8985063211E+003   0.0000000000E+000
    455300   0.8930905303E+003   0.0000000000E+000
    455400   0.9067516812E+003   0.0000000000E+000
    455500   0.9002356554E+003   0.0000000000E+000
    455600   0.9048571953E+003   0.0000000000E+000
    455700   0.9053468118E+003   0.0000000000E+000
    455800   0.9055172967E+003   0.0000000000E+000
    455900   0.8951018869E+003   0.0000000000E+000
    456000   0.9017914612E+003   0.0000000000E+000
    456100   0.9034363598E+003   0.0000000000E+000
    456200   0.8975067498E+003   0.0000000000E+000
    456300   0.9101771335E+003   0.0000000000E+000
    456400   0.8999257538E+003   0.0000000000E+000
    456500   0.9125240439E+003   0.0000000000E+000
    456600   0.9065113360E+003   0.0000000000E+000
    456700   0.9079820046E+003   0.0000000000E+000
    456800   0.9066320454E+003   0.0000000000E+000
    456900   0.8860866103E+003   0.0000000000E+000
    457000   0.8882972389E+003   0.0000000000E+000
    457100   0.8973996204E+003   0.0000000000E+000
    457200   0.8999551156E+003   0.0000000000E+000
    457300   0.8935361023E+003   0.0000000000E+000
    457400   0.8945179290E+003   0.0000000000E+000
    457500   0.8992813634E+003   0.0000000000E+000
    457600   0.8962856554E+003   0.0000000000E+000
    457700   0.8977430730E+003   0.0000000000E+000
    457800   0.9058051186E+003   0.0000000000E+000
    457900   0.9000535757E+003   0.0000000000E+000
    458000   0.9082102806E+003   0.0000000000E+000
    458100   0.9054324295E+003   0.0000000000E+000
    458200   0.9095811256E+003   0.0000000000E+000
    458300   0.9044890431E+003   0.0000000000E+000
    458400   0.9040656278E+003   0.0000000000E+000
    458500   0.9030531106E+003   0.0000000000E+000
    458600   0.9034769454E+003   0.0000000000E+000
    458700   0.9020533597E+003   0.0000000000E+000
    458800   0.9044625237E+003   0.0000000000E+000
    458900   0.9095760095E+003   0.0000000000E+000
    459000   0.8943866712E+003   0.0000000000E+000
    459100   0.9041529599E+003   0.0000000000E+000
    459200   0.8969034724E+003   0.0000000000E+000
    459300   0.9034929038E+003   0.0000000000E+000
    459400   0.9038178688E+003   0.0000000000E+000
    459500   0.8942041940E+003   0.0000000000E+000
    459600   0.9095171216E+003   0.0000000000E+000
    459700   0.8907782056E+003   0.0000000000E+000
    459800   0.9141148801E+003   0.0000000000E+000
    459900   0.9146896439E+003   0.0000000000E+000
    460000   0.9020490175E+003   0.0000000000E+000
    460100   0.9069925119E+003   0.0000000000E+000
    460200   0.9042759504E+003   0.0000000000E+000
    460300   0.9027235750E+003   0.0000000000E+000
    460400   0.9073400523E+003   0.0000000000E+000
    460500   0.8989670724E+003   0.0000000000E+000
    460600   0.9046300889E+003   0.0000000000E+000
    460700   0.9054782682E+003   0.0000000000E+000
    460800   0.8984854753E+003   0.0000000000E+000
    460900   0.9042251674E+003   0.0000000000E+000
    461000   0.9033142894E+003   0.0000000000E+000
    461100   0.9034799458E+003   0.0000000000E+000
    461200   0.9057773011E+003   0.0000000000E+000
    461300   0.8976309130E+003   0.0000000000E+000
    461400   0.9097444613E+003   0.0000000000E+000
    461500   0.9026761628E+003   0.0000000000E+000
    461600   0.9094537098E+003   0.0000000000E+000
    461700   0.9050761980E+003   0.0000000000E+000
    461800   0.9031806262E+003   0.0000000000E+000
    461900   0.8991629333E+003   0.0000000000E+000
    462000   0.9040374192E+003   0.0000000000E+000
    462100   0.9089067438E+003   0.0000000000E+000
    462200   0.9114369896E+003   0.0000000000E+000
    462300   0.9028192110E+003   0.0000000000E+000
    462400   0.8947809079E+003   0.0000000000E+000
    462500   0.8967159971E+003   0.0000000000E+000
    462600   0.9055841781E+003   0.0000000000E+000
    462700   0.9197240002E+003   0.0000000000E+000
    462800   0.8976861652E+003   0.0000000000E+000
    462900   0.9108077335E+003   0.0000000000E+000
    463000   0.9041167391E+003   0.0000000000E+000
    463100   0.9108514858E+003   0.0000000000E+000
    463200   0.8963400958E+003   0.0000000000E+000
    463300   0.9080388012E+003   0.0000000000E+000
    463400   0.8978490534E+003   0.3542076159E+000
    463500   0.9054921404E+003   0.0000000000E+000
    463600   0.9158160920E+003   0.0000000000E+000
    463700   0.9116376934E+003   0.3533663142E+000
    463800   0.8993596372E+003   0.3541139930E+000
    463900   0.9063407742E+003   0.0000000000E+000
    464000   0.9158744706E+003   0.0000000000E+000
    464100   0.9099972385E+003   0.0000000000E+000
    464200   0.9212603345E+003   0.0000000000E+000
    464300   0.8949816710E+003   0.0000000000E+000
    464400   0.9116779625E+003   0.0000000000E+000
    464500   0.9041718556E+003   0.0000000000E+000
    464600   0.9129003627E+003   0.0000000000E+000
    464700   0.9028716435E+003   0.0000000000E+000
    464800   0.9022909407E+003   0.0000000000E+000
    464900   0.9055629186E+003   0.0000000000E+000
    465000   0.9111545543E+003   0.0000000000E+000
    465100   0.9097818112E+003   0.0000000000E+000
    465200   0.9040718372E+003   0.0000000000E+000
    465300   0.8882781836E+003   0.0000000000E+000
    465400   0.9085325585E+003   0.0000000000E+000
    465500   0.9090685542E+003   0.0000000000E+000
    465600   0.9065884657E+003   0.0000000000E+000
    465700   0.9020920997E+003   0.0000000000E+000
    465800   0.9085858993E+003   0.0000000000E+000
    465900   0.9053453925E+003   0.0000000000E+000
    466000   0.9031760803E+003   0.0000000000E+000
    466100   0.9108383957E+003   0.0000000000E+000
    466200   0.9009765458E+003   0.0000000000E+000
    466300   0.8983319570E+003   0.0000000000E+000
    466400   0.9024094167E+003   0.0000000000E+000
    466500   0.9010839367E+003   0.0000000000E+000
    466600   0.9044099185E+003   0.0000000000E+000
    466700   0.9094436338E+003   0.0000000000E+000
    466800   0.9060349953E+003   0.0000000000E+000
    466900   0.9069537313E+003   0.0000000000E+000
    467000   0.9049089167E+003   0.0000000000E+000
    467100   0.9008805485E+003   0.0000000000E+000
    467200   0.9006604951E+003   0.0000000000E+000
    467300   0.9030774142E+003   0.0000000000E+000
    467400   0.9030434335E+003   0.0000000000E+000
    467500   0.9003029390E+003   0.0000000000E+000
    467600   0.9096641467E+003   0.0000000000E+000
    467700   0.9006542402E+003   0.0000000000E+000
    467800   0.9092951908E+003   0.0000000000E+000
    467900   0.9047041110E+003   0.0000000000E+000
    468000   0.9073337923E+003   0.0000000000E+000
    468100   0.9013890007E+003   0.0000000000E+000
    468200   0.9119923382E+003   0.0000000000E+000
    468300   0.9018447858E+003   0.0000000000E+000
    468400   0.9048783617E+003   0.0000000000E+000
    468500   0.9084013804E+003   0.0000000000E+000
    468600   0.9027153294E+003   0.0000000000E+000
    468700   0.9089876940E+003   0.0000000000E+000
    468800   0.9071975958E+003   0.0000000000E+000
    468900   0.9137441466E+003   0.0000000000E+000
    469000   0.9057759422E+003   0.0000000000E+000
    469100   0.8924656999E+003   0.0000000000E+000
    469200   0.9081048838E+003   0.0000000000E+000
    469300   0.9132201944E+003   0.0000000000E+000
    469400   0.9004692632E+003   0.0000000000E+000
    469500   0.9002166192E+003   0.0000000000E+000
    469600   0.9005073969E+003   0.0000000000E+000
    469700   0.9017459817E+003   0.0000000000E+000
    469800   0.8854163920E+003   0.0000000000E+000
    469900   0.8987161970E+003   0.0000000000E+000
    470000   0.9008679315E+003   0.0000000000E+000
    470100   0.9079148428E+003   0.0000000000E+000
    470200   0.9004804118E+003   0.0000000000E+000
    470300   0.8949210173E+003   0.0000000000E+000
    470400   0.9041882698E+003   0.0000000000E+000
    470500   0.8975867512E+003   0.0000000000E+000
    470600   0.9037552783E+003   0.0000000000E+000
    470700   0.8994337732E+003   0.0000000000E+000
    470800   0.8921592144E+003   0.0000000000E+000
    470900   0.9033043080E+003   0.0000000000E+000
    471000   0.8939528925E+003   0.0000000000E+000
    471100   0.9093601402E+003   0.0000000000E+000
    471200   0.9005493190E+003   0.0000000000E+000
    471300   0.8892543031E+003   0.0000000000E+000
    471400   0.8966494507E+003   0.0000000000E+000
    471500   0.8988745690E+003   0.0000000000E+000
    471600   0.8988696963E+003   0.0000000000E+000
    471700   0.8956283968E+003   0.0000000000E+000
    471800   0.8896428085E+003   0.0000000000E+000
    471900   0.9073484298E+003   0.0000000000E+000
    472000   0.8974008551E+003   0.0000000000E+000
    472100   0.8946860780E+003   0.0000000000E+000
    472200   0.9056551463E+003   0.0000000000E+000
    472300   0.8922784568E+003   0.0000000000E+000
    472400   0.8912025961E+003   0.0000000000E+000
    472500   0.8968182054E+003   0.0000000000E+000
    472600   0.9097040812E+003   0.0000000000E+000
    472700   0.9025278236E+003   0.0000000000E+000
    472800   0.8942016143E+003   0.0000000000E+000
    472900   0.8958716319E+003   0.0000000000E+000
    473000   0.8969525618E+003   0.0000000000E+000
    473100   0.9007589892E+003   0.0000000000E+000
    473200   0.9056015676E+003   0.0000000000E+000
    473300   0.9062140896E+003   0.0000000000E+000
    473400   0.9002962456E+003   0.0000000000E+000
    473500   0.8938366022E+003   0.0000000000E+000
    473600   0.8962477792E+003   0.0000000000E+000
    473700   0.8961291621E+003   0.0000000000E+000
    473800   0.8938327951E+003   0.0000000000E+000
    473900   0.9084386085E+003   0.0000000000E+000
    474000   0.8974913827E+003   0.0000000000E+000
    474100   0.9045199898E+003   0.0000000000E+000
    474200   0.9022690891E+003   0.0000000000E+000
    474300   0.8949413980E+003   0.0000000000E+000
    474400   0.9081047346E+003   0.0000000000E+000
    474500   0.8929652619E+003   0.0000000000E+000
    474600   0.9112912565E+003   0.0000000000E+000
    474700   0.9175928531E+003   0.0000000000E+000
    474800   0.8977222022E+003   0.0000000000E+000
    474900   0.9087008339E+003   0.0000000000E+000
    475000   0.8977542229E+003   0.0000000000E+000
    475100   0.9008012587E+003   0.0000000000E+000
    475200   0.9042367809E+003   0.0000000000E+000
    475300   0.9023115562E+003   0.0000000000E+000
    475400   0.9097988401E+003   0.7066790559E+000
    475500   0.9071404507E+003   0.7069993088E+000
    475600   0.9086239780E+003   0.3535476743E+000
    475700   0.9015216456E+003   0.7076833847E+000
    475800   0.9045006155E+003   0.7073194791E+000
    475900   0.9139683659E+003   0.3532270050E+000
    476000   0.8989349397E+003   0.7080016352E+000
    476100   0.9004260953E+003   0.3540481150E+000
    476200   0.9014134896E+003   0.7076966492E+000
    476300   0.8997934671E+003   0.7078957732E+000
    476400   0.9097953039E+003   0.3534770211E+000
    476500   0.9055137133E+003   0.7071963513E+000
    476600   0.9066222905E+003   0.7070619835E+000
    476700   0.8980983991E+003   0.7081050112E+000
    476800   0.9007863544E+003   0.7077736349E+000
    476900   0.8965585280E+003   0.3542878893E+000
    477000   0.9108889410E+003   0.3534112434E+000
    477100   0.9071788615E+003   0.3536351328E+000
    477200   0.9071737544E+003   0.3536354425E+000
    477300   0.9029480184E+003   0.3538930448E+000
    477400   0.9080323281E+003   0.3535834421E+000
    477500   0.9029538621E+003   0.7075080813E+000
    477600   0.9074880286E+003   0.3536163950E+000
    477700   0.9118320193E+003   0.3533546675E+000
    477800   0.9000880749E+003   0.7078595001E+000
    477900   0.9062435883E+003   0.7071078423E+000
    478000   0.9042287538E+003   0.7073525744E+000
    478100   0.9063492174E+003   0.3536854886E+000
    478200   0.9016948805E+003   0.3539699735E+000
    478300   0.8995323565E+003   0.3541033114E+000
    478400   0.9048657583E+003   0.3537757940E+000
    478500   0.9114210049E+003   0.3533793079E+000
    478600   0.9172838885E+003   0.0000000000E+000
    478700   0.8993904745E+003   0.3541120856E+000
    478800   0.9138297828E+003   0.3532352655E+000
    478900   0.9023432893E+003   0.3539301376E+000
    479000   0.8973842838E+003   0.3542364948E+000
    479100   0.9072878068E+003   0.3536285282E+000
    479200   0.8943246269E+003   0.3544274769E+000
    479300   0.8945332849E+003   0.3544144045E+000
    479400   0.8983752861E+003   0.3541749597E+000
    479500   0.8969017426E+003   0.3542665145E+000
    479600   0.8948561509E+003   0.3543941909E+000
    479700   0.8945292094E+003   0.3544146597E+000
    479800   0.8883561318E+003   0.3548044165E+000
    479900   0.8943168880E+003   0.3544279618E+000
    480000   0.8998838074E+003   0.3540815910E+000
    480100   0.8948236470E+003   0.3543962251E+000
    480200   0.8944549212E+003   0.3544193131E+000
    480300   0.8937644896E+003   0.3544626043E+000
    480400   0.8942749448E+003   0.0000000000E+000
    480500   0.9011427683E+003   0.3540039455E+000
    480600   0.8997884019E+003   0.3540874853E+000
    480700   0.9028511583E+003   0.3538989822E+000
    480800   0.9039798496E+003   0.3538298871E+000
    480900   0.9010872044E+003   0.3540073671E+000
    481000   0.9094910103E+003   0.3534953556E+000
    481100   0.8996595675E+003   0.3540954473E+000
    481200   0.8967478355E+003   0.3542760972E+000
    481300   0.8933072338E+003   0.3544913177E+000
    481400   0.8972713547E+003   0.3542435169E+000
    481500   0.8962349068E+003   0.0000000000E+000
    481600   0.9154419482E+003   0.0000000000E+000
    481700   0.9065814609E+003   0.3536713817E+000
    481800   0.9012344365E+003   0.3539983017E+000
    481900   0.9069019003E+003   0.3536519313E+000
    482000   0.8959080705E+003   0.3543284506E+000
    482100   0.9040059622E+003   0.3538282909E+000
    482200   0.9033249155E+003   0.3538699559E+000
    482300   0.8966244667E+003   0.7082876965E+000
    482400   0.8880473671E+003   0.7093647222E+000
    482500   0.8865040929E+003   0.7095610757E+000
    482600   0.9017745934E+003   0.7076523771E+000
    482700   0.9038247595E+003   0.3538393694E+000
    482800   0.8948391940E+003   0.7085099034E+000
    482900   0.8875625036E+003   0.7094263270E+000
    483000   0.8978779430E+003   0.7081322913E+000
    483100   0.9009950345E+003   0.7077480040E+000
    483200   0.9101461364E+003   0.7066373771E+000
    483300   0.9043617068E+003   0.7073363864E+000
    483400   0.9049281459E+003   0.7072674799E+000
    483500   0.9049441979E+003   0.7072655287E+000
    483600   0.8998500062E+003   0.7078888098E+000
    483700   0.8951806626E+003   0.7084673226E+000
    483800   0.9059545493E+003   0.7071428732E+000
    483900   0.8992426499E+003   0.7079636656E+000
    484000   0.9079966430E+003   0.7068959279E+000
    484100   0.8922917450E+003   0.7088287590E+000
    484200   0.9001555427E+003   0.7078511970E+000
    484300   0.9011825520E+003   0.7077249842E+000
    484400   0.8951928402E+003   0.3543731298E+000
    484500   0.9020483266E+003   0.3539482508E+000
    484600   0.9092213254E+003   0.3535116167E+000
    484700   0.8921855155E+003   0.3545619004E+000
    484800   0.9013311773E+003   0.3539923471E+000
    484900   0.8985001111E+003   0.3541672200E+000
    485000   0.8936232557E+003   0.0000000000E+000
    485100   0.8947054820E+003   0.3544036217E+000
    485200   0.9070731528E+003   0.3536415430E+000
    485300   0.8976369762E+003   0.3542207892E+000
    485400   0.9002365165E+003   0.3540598126E+000
    485500   0.8994005690E+003   0.3541114612E+000
    485600   0.9024627551E+003   0.0000000000E+000
    485700   0.9022277819E+003   0.3539372291E+000
    485800   0.8966714082E+003   0.3542808573E+000
    485900   0.8961308786E+003   0.3543145491E+000
    486000   0.9016904630E+003   0.3539702451E+000
    486100   0.9048114177E+003   0.3537791085E+000
    486200   0.9109555551E+003   0.0000000000E+000
    486300   0.9051109129E+003   0.0000000000E+000
    486400   0.9088107890E+003   0.3535363920E+000
    486500   0.9082194844E+003   0.3535721219E+000
    486600   0.9094889230E+003   0.3534954814E+000
    486700   0.9040179240E+003   0.3538275598E+000
    486800   0.9086092798E+003   0.7068220933E+000
    486900   0.9059135838E+003   0.3537119723E+000
    487000   0.9103292829E+003   0.7066154126E+000
    487100   0.9014205143E+003   0.7076957876E+000
    487200   0.9112348171E+003   0.7065069628E+000
    487300   0.8988533467E+003   0.7080117083E+000
    487400   0.8997914121E+003   0.7078960264E+000
    487500   0.9100823785E+003   0.7066450259E+000
    487600   0.8964025778E+003   0.7083152585E+000
    487700   0.8974463425E+003   0.7081857441E+000
    487800   0.8997209212E+003   0.3540916553E+000
    487900   0.8902590075E+003   0.3546836046E+000
    488000   0.9031579995E+003   0.3538801785E+000
    488100   0.8937392212E+003   0.3544641902E+000
    488200   0.8935255050E+003   0.3544776071E+000
    488300   0.9029522884E+003   0.3538927831E+000
    488400   0.9046772458E+003   0.3537872942E+000
    488500   0.9031483363E+003   0.3538807705E+000
    488600   0.9007445380E+003   0.3540284789E+000
    488700   0.9125077488E+003   0.3533142131E+000
    488800   0.9023087754E+003   0.3539322563E+000
    488900   0.8994647425E+003   0.3541074924E+000
    489000   0.8993585329E+003   0.3541140613E+000
    489100   0.9053137763E+003   0.3537484849E+000
    489200   0.9043133762E+003   0.3538095078E+000
    489300   0.9089338116E+003   0.0000000000E+000
    489400   0.9088959050E+003   0.3535312532E+000
    489500   0.9137015203E+003   0.3532429134E+000
    489600   0.9098125235E+003   0.3534759840E+000
    489700   0.9113208625E+003   0.3533853154E+000
    489800   0.9113964011E+003   0.3533807838E+000
    489900   0.9098322544E+003   0.3534747957E+000
    490000   0.9052506282E+003   0.0000000000E+000
    490100   0.8990360812E+003   0.0000000000E+000
    490200   0.9008022710E+003   0.0000000000E+000
    490300   0.9071944260E+003   0.0000000000E+000
    490400   0.9035768486E+003   0.3538545347E+000
    490500   0.9031411599E+003   0.3538812101E+000
    490600   0.9160138974E+003   0.0000000000E+000
    490700   0.8965668607E+003   0.3542873701E+000
    490800   0.8994540074E+003   0.3541081562E+000
    490900   0.9036074583E+003   0.0000000000E+000
    491000   0.9028495768E+003   0.3538990791E+000
    491100   0.8983823757E+003   0.3541745201E+000
    491200   0.9087843329E+003   0.3535379895E+000
    491300   0.9109011403E+003   0.0000000000E+000
    491400   0.9101349796E+003   0.3534565715E+000
    491500   0.8989617164E+003   0.3541386200E+000
    491600   0.8973327138E+003   0.0000000000E+000
    491700   0.9054975467E+003   0.3537372921E+000
    491800   0.9120844845E+003   0.3533395449E+000
    491900   0.9057512964E+003   0.3537218458E+000
    492000   0.8992762322E+003   0.3541191528E+000
    492100   0.9060394826E+003   0.3537043154E+000
    492200   0.9073161927E+003   0.0000000000E+000
    492300   0.9045702331E+003   0.3537938250E+000
    492400   0.9031316933E+003   0.3538817900E+000
    492500   0.9095626618E+003   0.3534910371E+000
    492600   0.9072762334E+003   0.3536292298E+000
    492700   0.9069814889E+003   0.3536471028E+000
    492800   0.8972350555E+003   0.3542457745E+000
    492900   0.9001299341E+003   0.3540663916E+000
    493000   0.9035772069E+003   0.0000000000E+000
    493100   0.9006977060E+003   0.3540313657E+000
    493200   0.9040889013E+003   0.0000000000E+000
    493300   0.9054074491E+003   0.3537427790E+000
    493400   0.8992400851E+003   0.0000000000E+000
    493500   0.8966286166E+003   0.0000000000E+000
    493600   0.9074496381E+003   0.0000000000E+000
    493700   0.9033704273E+003   0.0000000000E+000
    493800   0.9009881808E+003   0.0000000000E+000
    493900   0.9005344558E+003   0.0000000000E+000
    494000   0.9025931474E+003   0.0000000000E+000
    494100   0.9002610944E+003   0.0000000000E+000
    494200   0.9055515172E+003   0.0000000000E+000
    494300   0.8957720804E+003   0.0000000000E+000
    494400   0.8970282108E+003   0.0000000000E+000
    494500   0.8970486953E+003   0.0000000000E+000
    494600   0.9013221183E+003   0.0000000000E+000
    494700   0.9091557451E+003   0.0000000000E+000
    494800   0.9070396931E+003   0.0000000000E+000
    494900   0.9054418329E+003   0.0000000000E+000
    495000   0.9011694863E+003   0.0000000000E+000
    495100   0.8997617776E+003   0.0000000000E+000
    495200   0.9037934349E+003   0.0000000000E+000
    495300   0.8926432535E+003   0.0000000000E+000
    495400   0.8923501435E+003   0.0000000000E+000
    495500   0.8995795807E+003   0.0000000000E+000
    495600   0.9123884791E+003   0.0000000000E+000
    495700   0.8969258675E+003   0.0000000000E+000
    495800   0.9076628507E+003   0.0000000000E+000
    495900   0.9087607477E+003   0.0000000000E+000
    496000   0.9062744590E+003   0.0000000000E+000
    496100   0.9098305515E+003   0.0000000000E+000
    496200   0.9094321480E+003   0.0000000000E+000
    496300   0.9164791828E+003   0.0000000000E+000
    496400   0.9118096293E+003   0.0000000000E+000
    496500   0.8992754658E+003   0.0000000000E+000
    496600   0.8909436686E+003   0.0000000000E+000
    496700   0.8919033121E+003   0.0000000000E+000
    496800   0.9015448231E+003   0.0000000000E+000
    496900   0.9063200544E+003   0.0000000000E+000
    497000   0.8998346256E+003   0.0000000000E+000
    497100   0.9006317749E+003   0.0000000000E+000
    497200   0.9017028690E+003   0.0000000000E+000
    497300   0.8973155957E+003   0.0000000000E+000
    497400   0.9013716872E+003   0.0000000000E+000
    497500   0.9092807081E+003   0.0000000000E+000
    497600   0.8990524050E+003   0.0000000000E+000
    497700   0.8965503373E+003   0.0000000000E+000
    497800   0.8944399159E+003   0.0000000000E+000
    497900   0.8814043214E+003   0.0000000000E+000
    498000   0.8993372721E+003   0.0000000000E+000
    498100   0.8986965877E+003   0.0000000000E+000
    498200   0.8929772879E+003   0.0000000000E+000
    498300   0.8982655926E+003   0.0000000000E+000
    498400   0.9061641760E+003   0.0000000000E+000
    498500   0.9059267941E+003   0.0000000000E+000
    498600   0.9013513223E+003   0.0000000000E+000
    498700   0.9028752861E+003   0.0000000000E+000
    498800   0.9012395953E+003   0.0000000000E+000
    498900   0.8925595146E+003   0.0000000000E+000
    499000   0.8880892975E+003   0.0000000000E+000
    499100   0.9008828852E+003   0.0000000000E+000
    499200   0.8991345614E+003   0.0000000000E+000
    499300   0.8982777557E+003   0.0000000000E+000
    499400   0.9072235055E+003   0.0000000000E+000
    499500   0.8973666592E+003   0.0000000000E+000
    499600   0.8924106814E+003   0.0000000000E+000
    499700   0.8930916505E+003   0.0000000000E+000
    499800   0.9098994560E+003   0.0000000000E+000
    499900   0.9012164866E+003   0.0000000000E+000
    500000   0.8961560931E+003   0.0000000000E+000
    500100   0.9049999924E+003   0.0000000000E+000
    500200   0.8937583856E+003   0.0000000000E+000
    500300   0.8908907561E+003   0.0000000000E+000
    500400   0.8970274281E+003   0.0000000000E+000
    500500   0.9096419451E+003   0.0000000000E+000
    500600   0.9012162187E+003   0.0000000000E+000
    500700   0.9042187177E+003   0.0000000000E+000
    500800   0.8870669634E+003   0.0000000000E+000
    500900   0.9046894995E+003   0.0000000000E+000
    501000   0.8974362972E+003   0.0000000000E+000
    501100   0.9104137899E+003   0.0000000000E+000
    501200   0.8968378912E+003   0.0000000000E+000
    501300   0.9052169314E+003   0.0000000000E+000
    501400   0.9030174360E+003   0.0000000000E+000
    501500   0.9087246097E+003   0.0000000000E+000
    501600   0.8984884923E+003   0.0000000000E+000
    501700   0.9062129663E+003   0.0000000000E+000
    501800   0.8900987504E+003   0.0000000000E+000
    501900   0.8951698701E+003   0.0000000000E+000
    502000   0.8956468925E+003   0.0000000000E+000
    502100   0.9089331002E+003   0.0000000000E+000
    502200   0.8913171246E+003   0.0000000000E+000
    502300   0.9018851289E+003   0.0000000000E+000
    502400   0.9137740771E+003   0.0000000000E+000
    502500   0.8972441926E+003   0.3542452062E+000
    502600   0.8951578678E+003   0.3543753166E+000
    502700   0.8929709904E+003   0.3545124538E+000
    502800   0.9076273966E+003   0.3536079530E+000
    502900   0.9066639512E+003   0.3536663731E+000
    503000   0.9021270588E+003   0.3539434146E+000
    503100   0.8948383451E+003   0.3543953052E+000
    503200   0.8965330784E+003   0.3542894750E+000
    503300   0.8956090348E+003   0.3543471208E+000
    503400   0.9025987698E+003   0.0000000000E+000
    503500   0.8955713554E+003   0.0000000000E+000
    503600   0.8945183350E+003   0.3544153408E+000
    503700   0.9040109692E+003   0.3538279849E+000
    503800   0.9027954101E+003   0.3539024001E+000
    503900   0.9037030887E+003   0.3538468111E+000
    504000   0.8981595501E+003   0.0000000000E+000
    504100   0.8991350838E+003   0.0000000000E+000
    504200   0.8963802051E+003   0.0000000000E+000
    504300   0.8978214333E+003   0.0000000000E+000
    504400   0.8991982009E+003   0.0000000000E+000
    504500   0.9009790142E+003   0.0000000000E+000
    504600   0.8984644038E+003   0.0000000000E+000
    504700   0.9022407189E+003   0.0000000000E+000
    504800   0.8948050991E+003   0.0000000000E+000
    504900   0.8930867910E+003   0.0000000000E+000
    505000   0.8996844228E+003   0.0000000000E+000
    505100   0.8934035483E+003   0.0000000000E+000
    505200   0.9032982999E+003   0.0000000000E+000
    505300   0.8999422328E+003   0.0000000000E+000
    505400   0.8980266779E+003   0.0000000000E+000
    505500   0.8942412211E+003   0.0000000000E+000
    505600   0.8940524204E+003   0.0000000000E+000
    505700   0.9014486591E+003   0.0000000000E+000
    505800   0.8961835615E+003   0.0000000000E+000
    505900   0.8913724538E+003   0.0000000000E+000
    506000   0.8851437962E+003   0.0000000000E+000
    506100   0.8965168850E+003   0.0000000000E+000
    506200   0.8987751802E+003   0.0000000000E+000
    506300   0.8902228382E+003   0.0000000000E+000
    506400   0.8872923614E+003   0.0000000000E+000
    506500   0.8907872509E+003   0.0000000000E+000
    506600   0.9128334534E+003   0.0000000000E+000
    506700   0.8943198531E+003   0.0000000000E+000
    506800   0.8951400126E+003   0.0000000000E+000
    506900   0.8980830571E+003   0.0000000000E+000
    507000   0.8932717091E+003   0.0000000000E+000
    507100   0.8934263964E+003   0.0000000000E+000
    507200   0.9038077693E+003   0.0000000000E+000
    507300   0.8933687507E+003   0.0000000000E+000
    507400   0.9021079566E+003   0.0000000000E+000
    507500   0.8950341807E+003   0.0000000000E+000
    507600   0.8958895780E+003   0.0000000000E+000
    507700   0.8988713268E+003   0.0000000000E+000
    507800   0.8993039109E+003   0.0000000000E+000
    507900   0.8921608807E+003   0.0000000000E+000
    508000   0.9051219046E+003   0.0000000000E+000
    508100   0.9065937699E+003   0.0000000000E+000
    508200   0.8977980301E+003   0.0000000000E+000
    508300   0.9098118665E+003   0.0000000000E+000
    508400   0.9064183150E+003   0.0000000000E+000
    508500   0.9129836428E+003   0.0000000000E+000
    508600   0.8963385249E+003   0.0000000000E+000
    508700   0.9056045384E+003   0.0000000000E+000
    508800   0.8909327633E+003   0.0000000000E+000
    508900   0.9007113092E+003   0.0000000000E+000
    509000   0.8928551518E+003   0.0000000000E+000
    509100   0.8940494740E+003   0.0000000000E+000
    509200   0.9025870383E+003   0.0000000000E+000
    509300   0.8930627888E+003   0.0000000000E+000
    509400   0.8940562488E+003   0.0000000000E+000
    509500   0.8950550100E+003   0.0000000000E+000
    509600   0.9042365982E+003   0.0000000000E+000
    509700   0.8871903045E+003   0.0000000000E+000
    509800   0.9103919332E+003   0.0000000000E+000
    509900   0.8949895311E+003   0.0000000000E+000
    510000   0.8932826626E+003   0.0000000000E+000
    510100   0.9088385451E+003   0.0000000000E+000
    510200   0.8999280525E+003   0.0000000000E+000
    510300   0.9041668105E+003   0.0000000000E+000
    510400   0.9127939475E+003   0.0000000000E+000
    510500   0.8998044498E+003   0.0000000000E+000
    510600   0.8946795625E+003   0.0000000000E+000
    510700   0.8968232066E+003   0.0000000000E+000
    510800   0.9046264270E+003   0.0000000000E+000
    510900   0.8877010764E+003   0.0000000000E+000
    511000   0.8952530075E+003   0.0000000000E+000
    511100   0.8920784531E+003   0.0000000000E+000
    511200   0.8986070294E+003   0.0000000000E+000
    511300   0.8925396157E+003   0.0000000000E+000
    511400   0.9036542951E+003   0.0000000000E+000
    511500   0.9046885144E+003   0.0000000000E+000
    511600   0.8959560830E+003   0.0000000000E+000
    511700   0.9023127730E+003   0.0000000000E+000
    511800   0.9031292427E+003   0.0000000000E+000
    511900   0.8931471959E+003   0.0000000000E+000
    512000   0.8946349410E+003   0.0000000000E+000
    512100   0.9067703548E+003   0.0000000000E+000
    512200   0.9067183578E+003   0.0000000000E+000
    512300   0.8947348726E+003   0.0000000000E+000
    512400   0.9086151152E+003   0.0000000000E+000
    512500   0.9085205944E+003   0.0000000000E+000
    512600   0.8969769560E+003   0.0000000000E+000
    512700   0.8991902211E+003   0.0000000000E+000
    512800   0.9018048291E+003   0.0000000000E+000
    512900   0.8959573692E+003   0.0000000000E+000
    513000   0.9008289781E+003   0.0000000000E+000
    513100   0.8907234957E+003   0.0000000000E+000
    513200   0.8915961548E+003   0.0000000000E+000
    513300   0.8957131127E+003   0.0000000000E+000
    513400   0.8911074169E+003   0.0000000000E+000
    513500   0.8984865051E+003   0.0000000000E+000
    513600   0.9098687629E+003   0.0000000000E+000
    513700   0.8934182982E+003   0.0000000000E+000
    513800   0.8861711095E+003   0.0000000000E+000
    513900   0.9055527503E+003   0.0000000000E+000
    514000   0.9057897667E+003   0.0000000000E+000
    514100   0.9038466725E+003   0.0000000000E+000
    514200   0.8979742907E+003   0.0000000000E+000
    514300   0.8985890240E+003   0.0000000000E+000
    514400   0.9017429180E+003   0.0000000000E+000
    514500   0.9037792821E+003   0.0000000000E+000
    514600   0.9136571554E+003   0.0000000000E+000
    514700   0.9040754986E+003   0.0000000000E+000
    514800   0.9110605247E+003   0.0000000000E+000
    514900   0.9003850428E+003   0.0000000000E+000
    515000   0.9001839492E+003   0.0000000000E+000
    515100   0.8951608913E+003   0.0000000000E+000
    515200   0.9042865000E+003   0.0000000000E+000
    515300   0.9037111906E+003   0.0000000000E+000
    515400   0.8904705254E+003   0.3546702124E+000
    515500   0.9065381263E+003   0.0000000000E+000
    515600   0.8973142772E+003   0.0000000000E+000
    515700   0.9023406566E+003   0.0000000000E+000
    515800   0.9023174903E+003   0.0000000000E+000
    515900   0.8918765113E+003   0.0000000000E+000
    516000   0.9011196833E+003   0.0000000000E+000
    516100   0.9047769282E+003   0.0000000000E+000
    516200   0.9042858626E+003   0.0000000000E+000
    516300   0.9031358489E+003   0.0000000000E+000
    516400   0.9067338974E+003   0.0000000000E+000
    516500   0.8981441867E+003   0.0000000000E+000
    516600   0.8968535538E+003   0.0000000000E+000
    516700   0.8998218647E+003   0.0000000000E+000
    516800   0.9029495674E+003   0.0000000000E+000
    516900   0.9015375789E+003   0.0000000000E+000
    517000   0.9020602423E+003   0.0000000000E+000
    517100   0.9102280799E+003   0.0000000000E+000
    517200   0.8887765105E+003   0.0000000000E+000
    517300   0.8925914574E+003   0.0000000000E+000
    517400   0.9055489962E+003   0.0000000000E+000
    517500   0.8971789686E+003   0.0000000000E+000
    517600   0.9030707746E+003   0.0000000000E+000
    517700   0.9009173060E+003   0.3540178323E+000
    517800   0.9019648550E+003   0.3539533792E+000
    517900   0.9098716215E+003   0.0000000000E+000
    518000   0.8928675131E+003   0.3545189621E+000
    518100   0.8940973509E+003   0.3544417237E+000
    518200   0.8964988047E+003   0.3542916107E+000
    518300   0.8976105745E+003   0.3542224297E+000
    518400   0.8940734078E+003   0.3544432251E+000
    518500   0.8999598872E+003   0.3540768917E+000
    518600   0.8908494392E+003   0.3546462401E+000
    518700   0.8945533071E+003   0.0000000000E+000
    518800   0.8937132212E+003   0.0000000000E+000
    518900   0.9020993408E+003   0.0000000000E+000
    519000   0.8996936170E+003   0.0000000000E+000
    519100   0.9040172847E+003   0.0000000000E+000
    519200   0.8959184572E+003   0.0000000000E+000
    519300   0.8992395646E+003   0.0000000000E+000
    519400   0.9002881273E+003   0.0000000000E+000
    519500   0.8941887455E+003   0.0000000000E+000
    519600   0.8996092807E+003   0.0000000000E+000
    519700   0.8988969561E+003   0.0000000000E+000
    519800   0.8907274970E+003   0.3546539523E+000
    519900   0.8843030068E+003   0.0000000000E+000
    520000   0.8899416849E+003   0.0000000000E+000
    520100   0.8971881131E+003   0.0000000000E+000
    520200   0.8959782709E+003   0.0000000000E+000
    520300   0.8947016518E+003   0.0000000000E+000
    520400   0.8896544205E+003   0.0000000000E+000
    520500   0.9015221908E+003   0.0000000000E+000
    520600   0.8976008073E+003   0.0000000000E+000
    520700   0.9015017324E+003   0.0000000000E+000
    520800   0.8954270186E+003   0.0000000000E+000
    520900   0.8952609648E+003   0.0000000000E+000
    521000   0.9001850328E+003   0.0000000000E+000
    521100   0.9093102161E+003   0.0000000000E+000
    521200   0.8941559032E+003   0.0000000000E+000
    521300   0.8952084444E+003   0.0000000000E+000
    521400   0.8939686298E+003   0.0000000000E+000
    521500   0.8956617922E+003   0.0000000000E+000
    521600   0.9006693933E+003   0.0000000000E+000
    521700   0.9059866977E+003   0.0000000000E+000
    521800   0.9034025831E+003   0.0000000000E+000
    521900   0.8998005045E+003   0.0000000000E+000
    522000   0.8908768163E+003   0.0000000000E+000
    522100   0.8945609886E+003   0.0000000000E+000
    522200   0.8863443198E+003   0.0000000000E+000
    522300   0.9007621153E+003   0.0000000000E+000
    522400   0.8917421839E+003   0.0000000000E+000
    522500   0.8890990846E+003   0.0000000000E+000
    522600   0.8893265390E+003   0.0000000000E+000
    522700   0.8918198788E+003   0.0000000000E+000
    522800   0.8937413006E+003   0.0000000000E+000
    522900   0.8983495476E+003   0.0000000000E+000
    523000   0.9036095481E+003   0.0000000000E+000
    523100   0.8913626914E+003   0.0000000000E+000
    523200   0.8868014339E+003   0.0000000000E+000
    523300   0.9060610392E+003   0.0000000000E+000
    523400   0.9061284213E+003   0.0000000000E+000
    523500   0.8940634107E+003   0.0000000000E+000
    523600   0.8941585588E+003   0.0000000000E+000
    523700   0.8870462093E+003   0.0000000000E+000
    523800   0.9013415889E+003   0.0000000000E+000
    523900   0.8954220919E+003   0.0000000000E+000
    524000   0.9006530511E+003   0.0000000000E+000
    524100   0.8937402562E+003   0.0000000000E+000
    524200   0.9081055096E+003   0.0000000000E+000
    524300   0.8936374831E+003   0.0000000000E+000
    524400   0.9144061482E+003   0.0000000000E+000
    524500   0.9047529514E+003   0.0000000000E+000
    524600   0.8932322026E+003   0.0000000000E+000
    524700   0.9211050844E+003   0.0000000000E+000
    524800   0.9037551082E+003   0.0000000000E+000
    524900   0.9112439469E+003   0.0000000000E+000
    525000   0.9078479472E+003   0.0000000000E+000
    525100   0.8916647634E+003   0.0000000000E+000
    525200   0.8996611064E+003   0.0000000000E+000
    525300   0.8878801991E+003   0.0000000000E+000
    525400   0.9008950224E+003   0.0000000000E+000
    525500   0.9000841967E+003   0.0000000000E+000
    525600   0.9044185187E+003   0.0000000000E+000
    525700   0.9097303474E+003   0.0000000000E+000
    525800   0.9041707271E+003   0.0000000000E+000
    525900   0.9050730507E+003   0.0000000000E+000
    526000   0.9068894447E+003   0.0000000000E+000
    526100   0.9092704214E+003   0.0000000000E+000
    526200   0.9090721291E+003   0.0000000000E+000
    526300   0.9004954379E+003   0.0000000000E+000
    526400   0.9046595406E+003   0.0000000000E+000
    526500   0.9054625039E+003   0.0000000000E+000
    526600   0.8997148086E+003   0.0000000000E+000
    526700   0.9130338529E+003   0.0000000000E+000
    526800   0.8973701978E+003   0.0000000000E+000
    526900   0.9091112895E+003   0.0000000000E+000
    527000   0.9068471145E+003   0.0000000000E+000
    527100   0.8941150735E+003   0.0000000000E+000
    527200   0.9025498432E+003   0.0000000000E+000
    527300   0.9062743548E+003   0.0000000000E+000
    527400   0.9019068615E+003   0.0000000000E+000
    527500   0.9079769124E+003   0.0000000000E+000
    527600   0.9075798479E+003   0.0000000000E+000
    527700   0.8979397559E+003   0.0000000000E+000
    527800   0.8911321743E+003   0.0000000000E+000
    527900   0.9101514616E+003   0.0000000000E+000
    528000   0.9055584997E+003   0.0000000000E+000
    528100   0.8922876907E+003   0.0000000000E+000
    528200   0.9021777462E+003   0.0000000000E+000
    528300   0.9000085484E+003   0.0000000000E+000
    528400   0.9037269411E+003   0.0000000000E+000
    528500   0.9053804558E+003   0.0000000000E+000
    528600   0.8971170034E+003   0.0000000000E+000
    528700   0.9021722689E+003   0.0000000000E+000
    528800   0.8963811758E+003   0.0000000000E+000
    528900   0.8976299388E+003   0.0000000000E+000
    529000   0.8933556391E+003   0.0000000000E+000
    529100   0.9005948581E+003   0.0000000000E+000
    529200   0.8983682838E+003   0.0000000000E+000
    529300   0.8974408660E+003   0.0000000000E+000
    529400   0.9033479138E+003   0.0000000000E+000
    529500   0.8972555619E+003   0.0000000000E+000
    529600   0.9003059246E+003   0.0000000000E+000
    529700   0.9022735001E+003   0.0000000000E+000
    529800   0.9029590143E+003   0.3538923709E+000
    529900   0.9089134970E+003   0.3535301913E+000
    530000   0.8954404832E+003   0.3543576507E+000
    530100   0.8995211156E+003   0.3541040065E+000
    530200   0.8944068274E+003   0.0000000000E+000
    530300   0.9008838683E+003   0.3540198925E+000
    530400   0.9093490357E+003   0.3535039148E+000
    530500   0.9128827227E+003   0.3532917940E+000
    530600   0.8993517881E+003   0.3541144786E+000
    530700   0.9028852289E+003   0.0000000000E+000
    530800   0.9028082877E+003   0.0000000000E+000
    530900   0.8969032389E+003   0.3542664214E+000
    531000   0.8956750004E+003   0.3543430011E+000
    531100   0.8827919887E+003   0.3551611470E+000
    531200   0.9000874208E+003   0.3540690163E+000
    531300   0.8982127670E+003   0.3541850404E+000
    531400   0.9070509899E+003   0.3536428871E+000
    531500   0.8921111587E+003   0.3545665865E+000
    531600   0.8948440408E+003   0.3543949488E+000
    531700   0.8976258033E+003   0.3542214834E+000
    531800   0.8978483525E+003   0.0000000000E+000
    531900   0.8899012538E+003   0.3547062723E+000
    532000   0.9110840730E+003   0.3533995262E+000
    532100   0.9098372984E+003   0.3534744919E+000
    532200   0.8993587581E+003   0.3541140474E+000
    532300   0.9063373014E+003   0.3536862126E+000
    532400   0.8929954464E+003   0.3545109159E+000
    532500   0.9018978444E+003   0.0000000000E+000
    532600   0.9010721952E+003   0.0000000000E+000
    532700   0.8885408891E+003   0.3547926602E+000
    532800   0.8964512127E+003   0.3542945766E+000
    532900   0.9063517916E+003   0.3536853322E+000
    533000   0.8965745677E+003   0.3542868900E+000
    533100   0.9020452562E+003   0.3539484394E+000
    533200   0.9001227640E+003   0.3540668342E+000
    533300   0.9058688559E+003   0.3537146931E+000
    533400   0.8969221116E+003   0.3542652466E+000
    533500   0.9023267033E+003   0.0000000000E+000
    533600   0.9154907966E+003   0.3531364481E+000
    533700   0.9029913202E+003   0.3538903910E+000
    533800   0.9103837156E+003   0.3534416079E+000
    533900   0.8984832933E+003   0.3541682627E+000
    534000   0.8968562798E+003   0.3542693448E+000
    534100   0.8988938209E+003   0.3541428245E+000
    534200   0.9039309396E+003   0.0000000000E+000
    534300   0.8906331783E+003   0.0000000000E+000
    534400   0.8872508473E+003   0.0000000000E+000
    534500   0.8992994058E+003   0.3541177191E+000
    534600   0.9033558302E+003   0.3538680630E+000
    534700   0.8962374148E+003   0.7083357845E+000
    534800   0.8965459576E+003   0.3542886725E+000
    534900   0.8902963611E+003   0.3546812390E+000
    535000   0.8989407458E+003   0.3541399186E+000
    535100   0.9102442968E+003   0.0000000000E+000
    535200   0.8981635896E+003   0.3541880916E+000
    535300   0.8838580935E+003   0.0000000000E+000
    535400   0.8857478112E+003   0.3549709949E+000
    535500   0.8941274559E+003   0.3544398361E+000
    535600   0.8912825408E+003   0.0000000000E+000
    535700   0.9003703944E+003   0.0000000000E+000
    535800   0.8969372425E+003   0.0000000000E+000
    535900   0.9010314158E+003   0.0000000000E+000
    536000   0.8937111236E+003   0.0000000000E+000
    536100   0.8858289672E+003   0.0000000000E+000
    536200   0.8956995307E+003   0.0000000000E+000
    536300   0.8940052867E+003   0.0000000000E+000
    536400   0.8955423343E+003   0.0000000000E+000
    536500   0.8964214742E+003   0.0000000000E+000
    536600   0.9019629743E+003   0.0000000000E+000
    536700   0.9035881231E+003   0.0000000000E+000
    536800   0.8982988542E+003   0.0000000000E+000
    536900   0.9012551775E+003   0.0000000000E+000
    537000   0.9045454788E+003   0.0000000000E+000
    537100   0.8998704358E+003   0.0000000000E+000
    537200   0.8965123130E+003   0.0000000000E+000
    537300   0.9096247343E+003   0.0000000000E+000
    537400   0.9001286440E+003   0.0000000000E+000
    537500   0.9031060993E+003   0.0000000000E+000
    537600   0.9016511903E+003   0.0000000000E+000
    537700   0.9106896958E+003   0.0000000000E+000
    537800   0.8975100318E+003   0.3542286779E+000
    537900   0.9032622767E+003   0.3538737916E+000
    538000   0.8963370529E+003   0.7083234007E+000
    538100   0.8893784087E+003   0.7091960056E+000
    538200   0.9051690746E+003   0.7072382016E+000
    538300   0.9086527315E+003   0.7068168608E+000
    538400   0.9036941284E+003   0.3538473592E+000
    538500   0.8934713285E+003   0.7086808528E+000
    538600   0.9018629853E+003   0.7076415463E+000
    538700   0.9092311234E+003   0.7067472665E+000
    538800   0.9047089060E+003   0.7072941383E+000
    538900   0.8962488018E+003   0.1062081855E+001
    539000   0.8951465742E+003   0.7084715717E+000
    539100   0.9097202859E+003   0.7066884883E+000
    539200   0.9122071887E+003   0.7063907851E+000
    539300   0.9024669425E+003   0.7075676082E+000
    539400   0.9016788158E+003   0.1061079790E+001
    539500   0.8989790005E+003   0.1061576269E+001
    539600   0.8998413345E+003   0.7078898778E+000
    539700   0.9044283004E+003   0.7073282802E+000
    539800   0.8998566345E+003   0.7078879935E+000
    539900   0.8944749056E+003   0.1062412264E+001
    540000   0.9100013515E+003   0.1059570721E+001
    540100   0.8965870020E+003   0.7082923490E+000
    540200   0.9130065400E+003   0.1059033610E+001
    540300   0.9093632826E+003   0.7067313789E+000
    540400   0.9026362356E+003   0.7075469033E+000
    540500   0.9050554654E+003   0.1060463661E+001
    540600   0.8989109243E+003   0.1061588833E+001
    540700   0.8944510326E+003   0.1062416721E+001
    540800   0.8977075683E+003   0.1061811274E+001
    540900   0.8966021422E+003   0.1062016222E+001
    541000   0.9024458846E+003   0.7075701842E+000
    541100   0.8913747331E+003   0.1062993363E+001
    541200   0.9065314144E+003   0.7070729841E+000
    541300   0.9096669587E+003   0.7066948926E+000
    541400   0.8954847914E+003   0.7084294297E+000
    541500   0.8984718648E+003   0.1061669913E+001
    541600   0.9054517648E+003   0.7072038711E+000
    541700   0.8949269990E+003   0.1062327912E+001
    541800   0.9091921721E+003   0.1059716045E+001
    541900   0.9005956744E+003   0.1061278560E+001
    542000   0.8890747948E+003   0.1063427498E+001
    542100   0.8928743848E+003   0.7087556461E+000
    542200   0.8995846237E+003   0.7079215035E+000
    542300   0.8987249739E+003   0.1061623161E+001
    542400   0.8947464923E+003   0.1062361579E+001
    542500   0.8986760811E+003   0.1061632190E+001
    542600   0.9092343150E+003   0.7067468827E+000
    542700   0.9029104323E+003   0.7075133877E+000
    542800   0.8897102510E+003   0.7091540339E+000
    542900   0.9036006555E+003   0.7074291243E+000
    543000   0.8918568861E+003   0.7088833996E+000
    543100   0.8956342693E+003   0.3543455448E+000
    543200   0.9053991951E+003   0.7072102534E+000
    543300   0.8887860778E+003   0.7092710144E+000
    543400   0.8961582463E+003   0.3543128421E+000
    543500   0.8978074550E+003   0.3542101993E+000
    543600   0.8966674498E+003   0.0000000000E+000
    543700   0.8976836254E+003   0.3542178910E+000
    543800   0.8951203227E+003   0.3543776645E+000
    543900   0.9057051649E+003   0.0000000000E+000
    544000   0.8940345789E+003   0.3544456601E+000
    544100   0.8946677908E+003   0.0000000000E+000
    544200   0.9067287548E+003   0.0000000000E+000
    544300   0.8941857684E+003   0.0000000000E+000
    544400   0.8981842809E+003   0.0000000000E+000
    544500   0.8955799000E+003   0.0000000000E+000
    544600   0.9003762271E+003   0.0000000000E+000
    544700   0.9037262124E+003   0.0000000000E+000
    544800   0.9030590925E+003   0.0000000000E+000
    544900   0.8962970854E+003   0.0000000000E+000
    545000   0.8924599598E+003   0.0000000000E+000
    545100   0.9092128686E+003   0.0000000000E+000
    545200   0.9116183797E+003   0.0000000000E+000
    545300   0.8965182685E+003   0.0000000000E+000
    545400   0.8944686980E+003   0.0000000000E+000
    545500   0.8856338468E+003   0.0000000000E+000
    545600   0.8915090315E+003   0.0000000000E+000
    545700   0.9092240552E+003   0.0000000000E+000
    545800   0.9041655401E+003   0.0000000000E+000
    545900   0.8972436050E+003   0.0000000000E+000
    546000   0.9027818066E+003   0.0000000000E+000
    546100   0.8948952076E+003   0.0000000000E+000
    546200   0.8929871182E+003   0.0000000000E+000
    546300   0.9059703959E+003   0.0000000000E+000
    546400   0.9066313498E+003   0.0000000000E+000
    546500   0.8980881549E+003   0.0000000000E+000
    546600   0.8984132455E+003   0.0000000000E+000
    546700   0.8942628877E+003   0.0000000000E+000
    546800   0.8882910821E+003   0.0000000000E+000
    546900   0.8866858851E+003   0.0000000000E+000
    547000   0.8931258996E+003   0.0000000000E+000
    547100   0.8975435380E+003   0.0000000000E+000
    547200   0.8973754437E+003   0.0000000000E+000
    547300   0.8938451594E+003   0.0000000000E+000
    547400   0.8994684937E+003   0.0000000000E+000
    547500   0.9068944338E+003   0.0000000000E+000
    547600   0.8948819949E+003   0.0000000000E+000
    547700   0.8868555795E+003   0.0000000000E+000
    547800   0.8933300251E+003   0.0000000000E+000
    547900   0.9076476303E+003   0.0000000000E+000
    548000   0.8965152176E+003   0.3542905880E+000
    548100   0.8899468479E+003   0.0000000000E+000
    548200   0.8937113971E+003   0.3544659365E+000
    548300   0.8944541779E+003   0.3544193597E+000
    548400   0.9019632145E+003   0.0000000000E+000
    548500   0.8973670987E+003   0.3542375632E+000
    548600   0.8971334278E+003   0.3542520963E+000
    548700   0.8871159516E+003   0.3548834780E+000
    548800   0.8916968099E+003   0.3545927160E+000
    548900   0.8919650836E+003   0.3545757950E+000
    549000   0.9060820419E+003   0.0000000000E+000
    549100   0.9028078377E+003   0.0000000000E+000
    549200   0.8915024768E+003   0.0000000000E+000
    549300   0.9043914704E+003   0.0000000000E+000
    549400   0.8956232109E+003   0.0000000000E+000
    549500   0.8911308717E+003   0.0000000000E+000
    549600   0.8920333454E+003   0.0000000000E+000
    549700   0.8980628342E+003   0.0000000000E+000
    549800   0.9036518551E+003   0.0000000000E+000
    549900   0.8844203560E+003   0.0000000000E+000
    550000   0.8892856590E+003   0.0000000000E+000
    550100   0.9057936854E+003   0.0000000000E+000
    550200   0.8955488342E+003   0.0000000000E+000
    550300   0.8968736524E+003   0.0000000000E+000
    550400   0.8955869556E+003   0.0000000000E+000
    550500   0.8975930225E+003   0.0000000000E+000
    550600   0.8993971710E+003   0.0000000000E+000
    550700   0.9016323396E+003   0.0000000000E+000
    550800   0.8930152775E+003   0.0000000000E+000
    550900   0.8857211045E+003   0.0000000000E+000
    551000   0.9019961774E+003   0.0000000000E+000
    551100   0.9057730543E+003   0.0000000000E+000
    551200   0.9040184607E+003   0.0000000000E+000
    551300   0.9056992315E+003   0.0000000000E+000
    551400   0.9009630257E+003   0.0000000000E+000
    551500   0.8908784491E+003   0.0000000000E+000
    551600   0.9011464649E+003   0.0000000000E+000
    551700   0.8927394395E+003   0.0000000000E+000
    551800   0.9051492871E+003   0.0000000000E+000
    551900   0.9040465844E+003   0.0000000000E+000
    552000   0.9019620447E+003   0.3539535518E+000
    552100   0.8959680348E+003   0.3543247085E+000
    552200   0.8877129553E+003   0.3548453871E+000
    552300   0.8929643297E+003   0.3545128727E+000
    552400   0.8922263284E+003   0.3545593287E+000
    552500   0.8872679476E+003   0.3548737745E+000
    552600   0.8950793902E+003   0.3543802245E+000
    552700   0.9038387497E+003   0.0000000000E+000
    552800   0.9067876637E+003   0.0000000000E+000
    552900   0.9050552930E+003   0.3537642371E+000
    553000   0.8888474383E+003   0.3547731665E+000
    553100   0.9081605987E+003   0.0000000000E+000
    553200   0.9086704199E+003   0.3535448690E+000
    553300   0.8945379149E+003   0.3544141145E+000
    553400   0.9133008997E+003   0.3532668170E+000
    553500   0.9042822621E+003   0.3538114082E+000
    553600   0.8825255108E+003   0.3551783625E+000
    553700   0.8918423397E+003   0.3545835354E+000
    553800   0.8980474453E+003   0.3541952992E+000
    553900   0.9041012728E+003   0.3538224658E+000
    554000   0.9054759753E+003   0.3537386057E+000
    554100   0.9064488144E+003   0.3536794378E+000
    554200   0.9071225917E+003   0.3536385448E+000
    554300   0.8960724153E+003   0.3543181960E+000
    554400   0.8984595632E+003   0.0000000000E+000
    554500   0.9048096519E+003   0.3537792162E+000
    554600   0.9028113422E+003   0.3539014232E+000
    554700   0.9107975729E+003   0.3534167319E+000
    554800   0.8982911126E+003   0.3541801803E+000
    554900   0.9096185744E+003   0.0000000000E+000
    555000   0.9117911457E+003   0.3533571168E+000
    555100   0.9088618851E+003   0.3535333070E+000
    555200   0.9080183602E+003   0.3535842872E+000
    555300   0.9108242229E+003   0.3534151309E+000
    555400   0.8994949515E+003   0.3541056243E+000
    555500   0.9046165035E+003   0.0000000000E+000
    555600   0.9008987253E+003   0.3540189771E+000
    555700   0.8985027523E+003   0.3541670563E+000
    555800   0.9066207623E+003   0.3536689953E+000
    555900   0.9058681978E+003   0.0000000000E+000
    556000   0.9037625802E+003   0.3538431722E+000
    556100   0.8965030187E+003   0.3542913481E+000
    556200   0.9125546756E+003   0.0000000000E+000
    556300   0.9034243533E+003   0.3538638680E+000
    556400   0.9034107232E+003   0.3538647023E+000
    556500   0.9009855029E+003   0.3540136310E+000
    556600   0.9149901414E+003   0.0000000000E+000
    556700   0.9044433150E+003   0.0000000000E+000
    556800   0.9002662774E+003   0.3540579759E+000
    556900   0.8968085888E+003   0.3542723141E+000
    557000   0.8910315756E+003   0.3546347255E+000
    557100   0.8988753556E+003   0.3541439682E+000
    557200   0.8943865686E+003   0.3544235955E+000
    557300   0.8991614106E+003   0.0000000000E+000
    557400   0.8806838381E+003   0.3552976725E+000
    557500   0.8950214812E+003   0.3543838466E+000
    557600   0.8996653658E+003   0.3540950889E+000
    557700   0.9013821292E+003   0.3539892115E+000
    557800   0.8933595947E+003   0.3544880280E+000
    557900   0.8909952716E+003   0.3546370202E+000
    558000   0.8935063972E+003   0.0000000000E+000
    558100   0.9058384826E+003   0.3537165409E+000
    558200   0.8872598760E+003   0.3548742897E+000
    558300   0.8988728044E+003   0.3541441262E+000
    558400   0.9002578017E+003   0.3540584990E+000
    558500   0.8986771791E+003   0.3541562453E+000
    558600   0.8998358385E+003   0.3540845545E+000
    558700   0.9006187803E+003   0.3540362316E+000
    558800   0.9005558888E+003   0.3540401096E+000
    558900   0.9047843524E+003   0.3537807595E+000
    559000   0.9055297108E+003   0.3537353337E+000
    559100   0.9057811916E+003   0.0000000000E+000
    559200   0.9105348572E+003   0.3534325201E+000
    559300   0.8970783878E+003   0.3542555208E+000
    559400   0.8955527500E+003   0.3543506366E+000
    559500   0.9031416311E+003   0.0000000000E+000
    559600   0.9067351586E+003   0.3536620504E+000
    559700   0.8941796823E+003   0.0000000000E+000
    559800   0.8909317852E+003   0.3546410336E+000
    559900   0.8893867778E+003   0.3547389073E+000
    560000   0.8971708658E+003   0.3542497673E+000
    560100   0.8910924881E+003   0.3546308759E+000
    560200   0.8991279350E+003   0.3541283298E+000
    560300   0.8959083137E+003   0.0000000000E+000
    560400   0.8830356037E+003   0.0000000000E+000
    560500   0.8935194764E+003   0.3544779857E+000
    560600   0.9023068796E+003   0.3539323727E+000
    560700   0.8990486717E+003   0.3541332363E+000
    560800   0.9013401982E+003   0.3539917919E+000
    560900   0.9103556058E+003   0.0000000000E+000
    561000   0.8993937746E+003   0.3541118815E+000
    561100   0.9110011152E+003   0.3534045069E+000
    561200   0.9110453446E+003   0.3534018513E+000
    561300   0.9093813815E+003   0.3535019645E+000
    561400   0.8929940492E+003   0.3545110038E+000
    561500   0.8986614619E+003   0.3541572192E+000
    561600   0.9057011343E+003   0.0000000000E+000
    561700   0.9128775741E+003   0.3532921017E+000
    561800   0.9097558072E+003   0.3534794001E+000
    561900   0.9085976869E+003   0.3535492626E+000
    562000   0.9043377385E+003   0.0000000000E+000
    562100   0.9079392162E+003   0.3535890760E+000
    562200   0.9055934328E+003   0.3537314542E+000
    562300   0.9049128714E+003   0.0000000000E+000
    562400   0.9004854942E+003   0.0000000000E+000
    562500   0.9007673720E+003   0.0000000000E+000
    562600   0.8973899622E+003   0.0000000000E+000
    562700   0.9079370663E+003   0.0000000000E+000
    562800   0.8973950659E+003   0.0000000000E+000
    562900   0.9033561852E+003   0.0000000000E+000
    563000   0.9045352227E+003   0.0000000000E+000
    563100   0.9127846943E+003   0.0000000000E+000
    563200   0.9096038458E+003   0.0000000000E+000
    563300   0.9072399138E+003   0.0000000000E+000
    563400   0.9097981485E+003   0.0000000000E+000
    563500   0.9045096936E+003   0.0000000000E+000
    563600   0.9082339323E+003   0.0000000000E+000
    563700   0.9083908451E+003   0.0000000000E+000
    563800   0.8950009851E+003   0.0000000000E+000
    563900   0.9113566286E+003   0.0000000000E+000
    564000   0.9018870753E+003   0.0000000000E+000
    564100   0.9052599104E+003   0.0000000000E+000
    564200   0.9022981994E+003   0.0000000000E+000
    564300   0.8984372550E+003   0.0000000000E+000
    564400   0.8979351326E+003   0.0000000000E+000
    564500   0.8991989303E+003   0.0000000000E+000
    564600   0.9014482427E+003   0.0000000000E+000
    564700   0.9034009872E+003   0.0000000000E+000
    564800   0.9026184200E+003   0.0000000000E+000
    564900   0.8939070884E+003   0.3544536568E+000
    565000   0.8925918631E+003   0.3545363078E+000
    565100   0.9080341757E+003   0.0000000000E+000
    565200   0.8873466523E+003   0.3548687515E+000
    565300   0.9065076930E+003   0.0000000000E+000
    565400   0.8973987829E+003   0.3542355933E+000
    565500   0.9054880470E+003   0.3537378706E+000
    565600   0.8999946038E+003   0.3540747477E+000
    565700   0.9011626588E+003   0.3540027208E+000
    565800   0.9157967706E+003   0.0000000000E+000
    565900   0.9061152328E+003   0.3536997097E+000
    566000   0.8944098229E+003   0.3544221385E+000
    566100   0.9056315231E+003   0.3537291355E+000
    566200   0.8980128634E+003   0.3541974457E+000
    566300   0.9018903098E+003   0.3539579600E+000
    566400   0.8998343897E+003   0.0000000000E+000
    566500   0.9062778867E+003   0.3536898230E+000
    566600   0.9023040664E+003   0.0000000000E+000
    566700   0.8930017314E+003   0.3545105207E+000
    566800   0.8999489038E+003   0.3540775701E+000
    566900   0.9093926888E+003   0.3535012827E+000
    567000   0.9026921196E+003   0.3539087341E+000
    567100   0.9031090428E+003   0.3538831777E+000
    567200   0.9072215503E+003   0.3536325447E+000
    567300   0.9056596825E+003   0.3537274214E+000
    567400   0.9103413337E+003   0.3534441569E+000
    567500   0.9075642588E+003   0.0000000000E+000
    567600   0.8973181663E+003   0.3542406058E+000
    567700   0.9064332712E+003   0.3536803820E+000
    567800   0.9008574502E+003   0.3540215203E+000
    567900   0.9132054011E+003   0.0000000000E+000
    568000   0.8992471704E+003   0.3541209510E+000
    568100   0.8998172464E+003   0.3540857031E+000
    568200   0.9039947122E+003   0.3538289786E+000
    568300   0.8969761706E+003   0.3542618818E+000
    568400   0.9023270987E+003   0.3539311315E+000
    568500   0.9083332763E+003   0.3535652418E+000
    568600   0.9131641216E+003   0.3532749836E+000
    568700   0.9112742144E+003   0.3533881143E+000
    568800   0.9098533091E+003   0.0000000000E+000
    568900   0.8914197228E+003   0.3546102052E+000
    569000   0.9041786933E+003   0.0000000000E+000
    569100   0.9013617129E+003   0.0000000000E+000
    569200   0.9070179392E+003   0.0000000000E+000
    569300   0.8958373859E+003   0.3543328625E+000
    569400   0.8977349772E+003   0.0000000000E+000
    569500   0.8935685404E+003   0.3544749048E+000
    569600   0.9022990641E+003   0.3539328525E+000
    569700   0.9039341554E+003   0.3538326805E+000
    569800   0.8932132031E+003   0.3544972266E+000
    569900   0.8937265408E+003   0.3544649860E+000
    570000   0.9024389450E+003   0.3539242664E+000
    570100   0.9100221948E+003   0.3534633596E+000
    570200   0.9070033122E+003   0.3536457790E+000
    570300   0.8978262197E+003   0.3542090339E+000
    570400   0.9030392263E+003   0.3538874553E+000
    570500   0.9067873240E+003   0.0000000000E+000
    570600   0.8958309665E+003   0.0000000000E+000
    570700   0.9083899837E+003   0.0000000000E+000
    570800   0.9073062024E+003   0.0000000000E+000
    570900   0.9039361868E+003   0.0000000000E+000
    571000   0.9030346153E+003   0.0000000000E+000
    571100   0.8995766503E+003   0.0000000000E+000
    571200   0.9056243957E+003   0.0000000000E+000
    571300   0.8945944239E+003   0.0000000000E+000
    571400   0.8973447346E+003   0.0000000000E+000
    571500   0.9038299037E+003   0.3538390548E+000
    571600   0.8959313752E+003   0.0000000000E+000
    571700   0.8994565697E+003   0.0000000000E+000
    571800   0.8965548618E+003   0.3542881177E+000
    571900   0.9041276557E+003   0.3538208536E+000
    572000   0.8940721349E+003   0.3544433049E+000
    572100   0.9021939298E+003   0.3539393078E+000
    572200   0.9024638811E+003   0.3539227362E+000
    572300   0.8961075963E+003   0.3543160013E+000
    572400   0.9045569366E+003   0.3537946366E+000
    572500   0.9007245870E+003   0.3540297087E+000
    572600   0.9022090254E+003   0.7075991691E+000
    572700   0.9051388526E+003   0.7072418732E+000
    572800   0.9016124901E+003   0.3539750400E+000
    572900   0.9007240033E+003   0.7077812957E+000
    573000   0.8955532271E+003   0.3543506068E+000
    573100   0.8987676503E+003   0.7080222902E+000
    573200   0.8932971897E+003   0.7087026593E+000
    573300   0.9040150539E+003   0.7073786054E+000
    573400   0.8916959596E+003   0.3545927696E+000
    573500   0.9027028701E+003   0.7075387563E+000
    573600   0.9023203915E+003   0.3539315432E+000
    573700   0.8956335474E+003   0.3543455899E+000
    573800   0.8892306689E+003   0.3547488185E+000
    573900   0.9034022593E+003   0.3538652205E+000
    574000   0.9227597920E+003   0.0000000000E+000
    574100   0.9043314978E+003   0.3538084010E+000
    574200   0.9044925741E+003   0.3537985655E+000
    574300   0.8988778159E+003   0.3541438158E+000
    574400   0.9016792930E+003   0.0000000000E+000
    574500   0.8960904731E+003   0.3543170695E+000
    574600   0.9037845412E+003   0.0000000000E+000
    574700   0.9064947539E+003   0.0000000000E+000
    574800   0.9015110496E+003   0.0000000000E+000
    574900   0.8976072763E+003   0.0000000000E+000
    575000   0.8988586160E+003   0.0000000000E+000
    575100   0.9024773441E+003   0.0000000000E+000
    575200   0.8917791073E+003   0.0000000000E+000
    575300   0.8992427688E+003   0.0000000000E+000
    575400   0.9072872026E+003   0.0000000000E+000
    575500   0.8992148699E+003   0.0000000000E+000
    575600   0.9052990072E+003   0.0000000000E+000
    575700   0.8911583224E+003   0.0000000000E+000
    575800   0.8958144096E+003   0.0000000000E+000
    575900   0.8967254853E+003   0.0000000000E+000
    576000   0.8980639452E+003   0.0000000000E+000
    576100   0.8992473058E+003   0.3541209426E+000
    576200   0.9043234344E+003   0.0000000000E+000
    576300   0.8950995787E+003   0.3543789618E+000
    576400   0.9032244382E+003   0.7074750349E+000
    576500   0.8948212337E+003   0.7085121441E+000
    576600   0.8987042690E+003   0.7080301182E+000
    576700   0.8915157508E+003   0.7089263069E+000
    576800   0.8951391175E+003   0.7084725012E+000
    576900   0.8952937173E+003   0.7084532331E+000
    577000   0.8891055726E+003   0.7092305413E+000
    577100   0.8943930118E+003   0.7085655986E+000
    577200   0.8905161024E+003   0.7090522600E+000
    577300   0.8902737847E+003   0.3546826687E+000
    577400   0.8883978968E+003   0.3548017585E+000
    577500   0.8930901191E+003   0.3545049634E+000
    577600   0.8990341782E+003   0.0000000000E+000
    577700   0.9106186014E+003   0.0000000000E+000
    577800   0.8907869907E+003   0.3546501894E+000
    577900   0.8931358551E+003   0.3545020882E+000
    578000   0.8971324455E+003   0.3542521574E+000
    578100   0.8999183005E+003   0.3540794603E+000
    578200   0.9020903039E+003   0.3539456722E+000
    578300   0.8982011551E+003   0.3541857608E+000
    578400   0.8982827516E+003   0.3541806989E+000
    578500   0.9066241831E+003   0.3536687876E+000
    578600   0.8961844384E+003   0.7083423702E+000
    578700   0.8963963954E+003   0.7083160267E+000
    578800   0.9075643545E+003   0.3536117713E+000
    578900   0.9073387992E+003   0.7069753392E+000
    579000   0.9139740821E+003   0.7061804088E+000
    579100   0.8924659952E+003   0.7088068815E+000
    579200   0.8886270053E+003   0.3547871824E+000
    579300   0.8961865270E+003   0.0000000000E+000
    579400   0.9040455795E+003   0.3538258695E+000
    579500   0.9002782782E+003   0.3540572353E+000
    579600   0.9029211545E+003   0.0000000000E+000
    579700   0.8940972552E+003   0.3544417297E+000
    579800   0.9057071001E+003   0.3537245354E+000
    579900   0.9015233858E+003   0.3539805205E+000
    580000   0.8899451265E+003   0.3547034914E+000
    580100   0.8856865177E+003   0.3549749230E+000
    580200   0.8977888165E+003   0.3542113568E+000
    580300   0.8928622527E+003   0.0000000000E+000
    580400   0.8953052692E+003   0.3543661011E+000
    580500   0.8947525173E+003   0.3544006772E+000
    580600   0.8797663172E+003   0.0000000000E+000
    580700   0.8885721140E+003   0.0000000000E+000
    580800   0.8980466701E+003   0.0000000000E+000
    580900   0.9070064730E+003   0.0000000000E+000
    581000   0.9078753467E+003   0.0000000000E+000
    581100   0.8932837939E+003   0.0000000000E+000
    581200   0.9047834356E+003   0.0000000000E+000
    581300   0.8966251560E+003   0.0000000000E+000
    581400   0.8998786697E+003   0.0000000000E+000
    581500   0.9034651457E+003   0.0000000000E+000
    581600   0.8935774550E+003   0.0000000000E+000
    581700   0.9121662488E+003   0.0000000000E+000
    581800   0.9045291144E+003   0.0000000000E+000
    581900   0.8969979286E+003   0.0000000000E+000
    582000   0.8961864053E+003   0.0000000000E+000
    582100   0.9047539394E+003   0.0000000000E+000
    582200   0.9008966926E+003   0.0000000000E+000
    582300   0.8903952269E+003   0.0000000000E+000
    582400   0.9010569409E+003   0.0000000000E+000
    582500   0.8910856452E+003   0.0000000000E+000
    582600   0.8950240064E+003   0.0000000000E+000
    582700   0.8969039284E+003   0.0000000000E+000
    582800   0.8961568443E+003   0.0000000000E+000
    582900   0.9072607029E+003   0.0000000000E+000
    583000   0.9125427709E+003   0.0000000000E+000
    583100   0.9023453519E+003   0.0000000000E+000
    583200   0.9085497916E+003   0.0000000000E+000
    583300   0.9017625047E+003   0.0000000000E+000
    583400   0.9095342417E+003   0.0000000000E+000
    583500   0.9083380001E+003   0.0000000000E+000
    583600   0.9011398136E+003   0.0000000000E+000
    583700   0.8985974159E+003   0.0000000000E+000
    583800   0.9049826486E+003   0.0000000000E+000
    583900   0.8971774058E+003   0.0000000000E+000
    584000   0.9084314730E+003   0.0000000000E+000
    584100   0.8990435581E+003   0.0000000000E+000
    584200   0.9044283221E+003   0.0000000000E+000
    584300   0.8948098049E+003   0.0000000000E+000
    584400   0.8867661141E+003   0.0000000000E+000
    584500   0.8958083908E+003   0.0000000000E+000
    584600   0.9002632483E+003   0.0000000000E+000
    584700   0.8982988075E+003   0.0000000000E+000
    584800   0.9135579212E+003   0.0000000000E+000
    584900   0.9097369516E+003   0.0000000000E+000
    585000   0.9051215278E+003   0.0000000000E+000
    585100   0.9084108889E+003   0.0000000000E+000
    585200   0.9057904491E+003   0.0000000000E+000
    585300   0.8940564282E+003   0.0000000000E+000
    585400   0.9041244899E+003   0.0000000000E+000
    585500   0.9035918847E+003   0.0000000000E+000
    585600   0.9036260803E+003   0.0000000000E+000
    585700   0.9134502778E+003   0.0000000000E+000
    585800   0.9026547658E+003   0.0000000000E+000
    585900   0.9025365874E+003   0.0000000000E+000
    586000   0.9012748620E+003   0.0000000000E+000
    586100   0.9057416486E+003   0.0000000000E+000
    586200   0.9051660357E+003   0.0000000000E+000
    586300   0.9054644711E+003   0.0000000000E+000
    586400   0.9031809132E+003   0.0000000000E+000
    586500   0.8996994197E+003   0.0000000000E+000
    586600   0.8966615757E+003   0.0000000000E+000
    586700   0.9096053573E+003   0.0000000000E+000
    586800   0.8927628646E+003   0.0000000000E+000
    586900   0.8896089932E+003   0.0000000000E+000
    587000   0.8981349995E+003   0.0000000000E+000
    587100   0.9031958393E+003   0.3538778607E+000
    587200   0.8940886283E+003   0.3544422707E+000
    587300   0.9009227950E+003   0.3540174941E+000
    587400   0.9023395779E+003   0.0000000000E+000
    587500   0.9041719619E+003   0.3538181464E+000
    587600   0.9043346649E+003   0.3538082076E+000
    587700   0.9113908639E+003   0.3533811159E+000
    587800   0.9042498309E+003   0.3538133892E+000
    587900   0.9071683051E+003   0.3536357729E+000
    588000   0.8997595897E+003   0.3540892657E+000
    588100   0.9039744771E+003   0.3538302155E+000
    588200   0.9011404808E+003   0.3540040863E+000
    588300   0.8990351224E+003   0.3541340751E+000
    588400   0.9122303178E+003   0.3533308139E+000
    588500   0.9141385675E+003   0.0000000000E+000
    588600   0.9206614125E+003   0.0000000000E+000
    588700   0.9120140565E+003   0.0000000000E+000
    588800   0.9083800206E+003   0.3535624161E+000
    588900   0.9064252152E+003   0.3536808714E+000
    589000   0.9194864619E+003   0.3529004234E+000
    589100   0.9040165655E+003   0.3538276428E+000
    589200   0.9076325432E+003   0.3536076413E+000
    589300   0.9126703229E+003   0.3533044904E+000
    589400   0.9175971235E+003   0.0000000000E+000
    589500   0.9002936978E+003   0.3540562837E+000
    589600   0.9065907294E+003   0.3536708189E+000
    589700   0.8948833712E+003   0.3543924875E+000
    589800   0.9042130278E+003   0.3538156375E+000
    589900   0.9054840808E+003   0.0000000000E+000
    590000   0.9061419489E+003   0.3536980855E+000
    590100   0.8947507621E+003   0.0000000000E+000
    590200   0.9037998135E+003   0.3538408950E+000
    590300   0.8928190276E+003   0.3545220122E+000
    590400   0.9093311679E+003   0.3535049922E+000
    590500   0.9152283073E+003   0.3531520366E+000
    590600   0.9117863728E+003   0.3533574028E+000
    590700   0.8999225952E+003   0.0000000000E+000
    590800   0.9108057843E+003   0.0000000000E+000
    590900   0.9068594656E+003   0.0000000000E+000
    591000   0.9092648630E+003   0.0000000000E+000
    591100   0.9082943187E+003   0.0000000000E+000
    591200   0.9108386776E+003   0.0000000000E+000
    591300   0.9041289880E+003   0.0000000000E+000
    591400   0.9043685662E+003   0.0000000000E+000
    591500   0.8938303284E+003   0.0000000000E+000
    591600   0.9121149525E+003   0.0000000000E+000
    591700   0.9096044419E+003   0.0000000000E+000
    591800   0.9089185193E+003   0.0000000000E+000
    591900   0.9002213605E+003   0.0000000000E+000
    592000   0.8943420468E+003   0.0000000000E+000
    592100   0.9035468420E+003   0.0000000000E+000
    592200   0.8992024373E+003   0.0000000000E+000
    592300   0.9040735335E+003   0.0000000000E+000
    592400   0.9002426889E+003   0.0000000000E+000
    592500   0.9227265959E+003   0.0000000000E+000
    592600   0.9085698302E+003   0.0000000000E+000
    592700   0.8955037256E+003   0.0000000000E+000
    592800   0.8925830786E+003   0.0000000000E+000
    592900   0.8985929161E+003   0.0000000000E+000
    593000   0.8985523510E+003   0.0000000000E+000
    593100   0.9027945114E+003   0.0000000000E+000
    593200   0.9041057239E+003   0.0000000000E+000
    593300   0.8901036886E+003   0.0000000000E+000
    593400   0.8997361630E+003   0.0000000000E+000
    593500   0.9078042372E+003   0.0000000000E+000
    593600   0.9036679557E+003   0.0000000000E+000
    593700   0.8971529357E+003   0.0000000000E+000
    593800   0.8996565782E+003   0.0000000000E+000
    593900   0.9085443890E+003   0.0000000000E+000
    594000   0.8996694180E+003   0.0000000000E+000
    594100   0.9001767546E+003   0.0000000000E+000
    594200   0.9023804695E+003   0.0000000000E+000
    594300   0.9072308891E+003   0.0000000000E+000
    594400   0.8924091812E+003   0.0000000000E+000
    594500   0.8981743021E+003   0.0000000000E+000
    594600   0.8992827075E+003   0.0000000000E+000
    594700   0.8888072879E+003   0.0000000000E+000
    594800   0.8929928890E+003   0.0000000000E+000
    594900   0.8909812506E+003   0.0000000000E+000
    595000   0.8977601414E+003   0.0000000000E+000
    595100   0.8920439896E+003   0.0000000000E+000
    595200   0.8972622870E+003   0.0000000000E+000
    595300   0.9041873547E+003   0.0000000000E+000
    595400   0.8913551170E+003   0.0000000000E+000
    595500   0.8926208239E+003   0.0000000000E+000
    595600   0.9119088531E+003   0.0000000000E+000
    595700   0.9047399000E+003   0.0000000000E+000
    595800   0.9040055459E+003   0.0000000000E+000
    595900   0.9150615509E+003   0.0000000000E+000
    596000   0.9109229992E+003   0.0000000000E+000
    596100   0.9023404249E+003   0.0000000000E+000
    596200   0.9015842836E+003   0.0000000000E+000
    596300   0.8933365635E+003   0.0000000000E+000
    596400   0.8987726152E+003   0.0000000000E+000
    596500   0.9095406696E+003   0.0000000000E+000
    596600   0.9061501081E+003   0.0000000000E+000
    596700   0.9114122600E+003   0.0000000000E+000
    596800   0.8940233399E+003   0.0000000000E+000
    596900   0.9009248491E+003   0.0000000000E+000
    597000   0.9198490632E+003   0.0000000000E+000
    597100   0.9020853992E+003   0.0000000000E+000
    597200   0.9088358016E+003   0.0000000000E+000
    597300   0.9066134802E+003   0.0000000000E+000
    597400   0.8982661870E+003   0.0000000000E+000
    597500   0.9107288719E+003   0.0000000000E+000
    597600   0.8997343401E+003   0.0000000000E+000
    597700   0.9105805263E+003   0.0000000000E+000
    597800   0.9083410411E+003   0.0000000000E+000
    597900   0.9084449131E+003   0.0000000000E+000
    598000   0.9135673865E+003   0.0000000000E+000
    598100   0.9118207003E+003   0.0000000000E+000
    598200   0.8988847965E+003   0.0000000000E+000
    598300   0.9019686020E+003   0.0000000000E+000
    598400   0.9095728230E+003   0.0000000000E+000
    598500   0.8973391304E+003   0.0000000000E+000
    598600   0.8920363806E+003   0.0000000000E+000
    598700   0.8925649053E+003   0.0000000000E+000
    598800   0.9039523403E+003   0.0000000000E+000
    598900   0.8972485707E+003   0.0000000000E+000
    599000   0.8944339110E+003   0.0000000000E+000
    599100   0.9022599800E+003   0.0000000000E+000
    599200   0.8928789033E+003   0.0000000000E+000
    599300   0.8942392306E+003   0.0000000000E+000
    599400   0.8998072294E+003   0.0000000000E+000
    599500   0.9064590706E+003   0.0000000000E+000
    599600   0.9017639883E+003   0.0000000000E+000
    599700   0.9085630577E+003   0.0000000000E+000
    599800   0.8973390876E+003   0.0000000000E+000
    599900   0.9114380951E+003   0.0000000000E+000
    600000   0.9092649949E+003   0.0000000000E+000
    600100   0.9096949074E+003   0.0000000000E+000
    600200   0.8979857184E+003   0.0000000000E+000
    600300   0.8957777490E+003   0.0000000000E+000
    600400   0.9025235454E+003   0.0000000000E+000
    600500   0.9018352804E+003   0.0000000000E+000
    600600   0.8996910950E+003   0.0000000000E+000
    600700   0.9053570050E+003   0.0000000000E+000
    600800   0.9014051165E+003   0.0000000000E+000
    600900   0.9110977690E+003   0.0000000000E+000
    601000   0.9048474678E+003   0.0000000000E+000
    601100   0.9103032603E+003   0.0000000000E+000
    601200   0.9118733613E+003   0.0000000000E+000
    601300   0.9221965459E+003   0.0000000000E+000
    601400   0.9066136375E+003   0.0000000000E+000
    601500   0.9133650070E+003   0.0000000000E+000
    601600   0.9034321097E+003   0.0000000000E+000
    601700   0.9060428592E+003   0.0000000000E+000
    601800   0.9074436434E+003   0.0000000000E+000
    601900   0.8950800195E+003   0.0000000000E+000
    602000   0.8930740036E+003   0.0000000000E+000
    602100   0.9129927280E+003   0.0000000000E+000
    602200   0.8941981353E+003   0.0000000000E+000
    602300   0.9128130427E+003   0.0000000000E+000
    602400   0.8959433730E+003   0.0000000000E+000
    602500   0.9034230042E+003   0.0000000000E+000
    602600   0.9051747633E+003   0.0000000000E+000
    602700   0.9085599418E+003   0.0000000000E+000
    602800   0.9182419380E+003   0.0000000000E+000
    602900   0.9042198325E+003   0.0000000000E+000
    603000   0.9059733392E+003   0.0000000000E+000
    603100   0.9001713166E+003   0.0000000000E+000
    603200   0.9015353625E+003   0.0000000000E+000
    603300   0.8993025812E+003   0.0000000000E+000
    603400   0.8951728274E+003   0.0000000000E+000
    603500   0.9050551435E+003   0.0000000000E+000
    603600   0.9011702236E+003   0.0000000000E+000
    603700   0.8959519584E+003   0.0000000000E+000
    603800   0.9132588617E+003   0.0000000000E+000
    603900   0.9034539788E+003   0.0000000000E+000
    604000   0.9063425873E+003   0.0000000000E+000
    604100   0.8967419601E+003   0.0000000000E+000
    604200   0.8923017692E+003   0.0000000000E+000
    604300   0.9004678426E+003   0.0000000000E+000
    604400   0.8999442996E+003   0.0000000000E+000
    604500   0.9006672539E+003   0.0000000000E+000
    604600   0.8969239156E+003   0.0000000000E+000
    604700   0.8981467397E+003   0.0000000000E+000
    604800   0.9049403862E+003   0.0000000000E+000
    604900   0.9076366222E+003   0.0000000000E+000
    605000   0.9071729043E+003   0.0000000000E+000
    605100   0.8977108688E+003   0.0000000000E+000
    605200   0.9076090614E+003   0.0000000000E+000
    605300   0.9097220434E+003   0.0000000000E+000
    605400   0.8984033566E+003   0.0000000000E+000
    605500   0.9011550490E+003   0.0000000000E+000
    605600   0.9009245254E+003   0.0000000000E+000
    605700   0.8972351925E+003   0.0000000000E+000
    605800   0.8992346703E+003   0.0000000000E+000
    605900   0.9015909463E+003   0.0000000000E+000
    606000   0.8878167595E+003   0.0000000000E+000
    606100   0.8930877244E+003   0.0000000000E+000
    606200   0.9016192178E+003   0.0000000000E+000
    606300   0.8982684915E+003   0.0000000000E+000
    606400   0.9001412748E+003   0.0000000000E+000
    606500   0.9020437171E+003   0.0000000000E+000
    606600   0.9048571200E+003   0.0000000000E+000
    606700   0.8957809750E+003   0.3543363840E+000
    606800   0.9031258713E+003   0.3538821467E+000
    606900   0.8940057339E+003   0.3544474691E+000
    607000   0.8910234827E+003   0.3546352370E+000
    607100   0.9050487150E+003   0.0000000000E+000
    607200   0.8936244339E+003   0.0000000000E+000
    607300   0.8973214854E+003   0.0000000000E+000
    607400   0.9052483015E+003   0.0000000000E+000
    607500   0.9089779649E+003   0.0000000000E+000
    607600   0.9093367462E+003   0.0000000000E+000
    607700   0.9024263614E+003   0.0000000000E+000
    607800   0.9083434899E+003   0.0000000000E+000
    607900   0.8964599189E+003   0.0000000000E+000
    608000   0.9020016745E+003   0.0000000000E+000
    608100   0.8891207398E+003   0.0000000000E+000
    608200   0.8965653959E+003   0.0000000000E+000
    608300   0.8951847034E+003   0.0000000000E+000
    608400   0.9030869664E+003   0.0000000000E+000
    608500   0.8959171481E+003   0.0000000000E+000
    608600   0.9009876663E+003   0.0000000000E+000
    608700   0.8998038836E+003   0.0000000000E+000
    608800   0.8950014878E+003   0.0000000000E+000
    608900   0.8908556281E+003   0.0000000000E+000
    609000   0.9028561690E+003   0.0000000000E+000
    609100   0.9110912031E+003   0.0000000000E+000
    609200   0.9142335660E+003   0.0000000000E+000
    609300   0.9020539034E+003   0.0000000000E+000
    609400   0.9148459177E+003   0.0000000000E+000
    609500   0.8918830964E+003   0.0000000000E+000
    609600   0.8965528136E+003   0.0000000000E+000
    609700   0.8986162263E+003   0.0000000000E+000
    609800   0.9072385896E+003   0.0000000000E+000
    609900   0.9003022652E+003   0.0000000000E+000
    610000   0.9100214208E+003   0.0000000000E+000
    610100   0.9071368706E+003   0.0000000000E+000
    610200   0.8949137941E+003   0.0000000000E+000
    610300   0.8980516813E+003   0.0000000000E+000
    610400   0.8986159725E+003   0.0000000000E+000
    610500   0.9025604302E+003   0.0000000000E+000
    610600   0.9017141986E+003   0.3539687857E+000
    610700   0.8973203736E+003   0.3542404686E+000
    610800   0.9026546279E+003   0.0000000000E+000
    610900   0.8971090111E+003   0.3542536154E+000
    611000   0.9025575603E+003   0.3539169881E+000
    611100   0.8936012968E+003   0.3544728481E+000
    611200   0.8952946630E+003   0.3543667641E+000
    611300   0.9054299120E+003   0.3537414109E+000
    611400   0.9005443996E+003   0.0000000000E+000
    611500   0.8979054534E+003   0.3542041138E+000
    611600   0.8997566792E+003   0.3540894456E+000
    611700   0.9007150894E+003   0.3540302941E+000
    611800   0.9023714000E+003   0.3539284121E+000
    611900   0.9060743657E+003   0.0000000000E+000
    612000   0.9034648066E+003   0.0000000000E+000
    612100   0.8926210444E+003   0.3545344709E+000
    612200   0.8942246844E+003   0.3544337408E+000
    612300   0.9005183439E+003   0.3540424250E+000
    612400   0.9008315682E+003   0.3540231152E+000
    612500   0.9026231330E+003   0.0000000000E+000
    612600   0.8950232639E+003   0.3543837351E+000
    612700   0.8919299133E+003   0.3545780126E+000
    612800   0.9175598644E+003   0.3530139319E+000
    612900   0.9018238363E+003   0.3539620456E+000
    613000   0.9058202887E+003   0.3537176478E+000
    613100   0.9114804447E+003   0.3533757429E+000
    613200   0.9057943737E+003   0.3537192246E+000
    613300   0.8995641085E+003   0.3541013483E+000
    613400   0.8983492944E+003   0.3541765716E+000
    613500   0.9028185600E+003   0.3539009807E+000
    613600   0.9030717941E+003   0.3538854598E+000
    613700   0.9067646021E+003   0.0000000000E+000
    613800   0.9017884302E+003   0.3539642220E+000
    613900   0.8991030695E+003   0.3541298689E+000
    614000   0.9084148363E+003   0.3535603117E+000
    614100   0.8958755429E+003   0.3543304808E+000
    614200   0.8926488556E+003   0.7087839336E+000
    614300   0.8940356857E+003   0.7086102487E+000
    614400   0.8926788834E+003   0.3545308306E+000
    614500   0.8930942799E+003   0.7087280811E+000
    614600   0.8953762772E+003   0.7084429466E+000
    614700   0.8973302585E+003   0.3542398539E+000
    614800   0.8944567509E+003   0.7085576384E+000
    614900   0.8998947658E+003   0.7078832979E+000
    615000   0.9023482777E+003   0.7075821264E+000
    615100   0.9022626753E+003   0.3539350866E+000
    615200   0.8948194628E+003   0.7085123650E+000
    615300   0.8847058292E+003   0.7097908741E+000
    615400   0.8891552210E+003   0.7092242550E+000
    615500   0.9019468121E+003   0.7076312772E+000
    615600   0.9072515060E+003   0.7069858867E+000
    615700   0.9030350687E+003   0.7074981609E+000
    615800   0.8980903711E+003   0.3541926351E+000
    615900   0.8954875174E+003   0.7084290902E+000
    616000   0.9042951265E+003   0.3538106224E+000
    616100   0.8973090646E+003   0.3542411718E+000
    616200   0.9094988270E+003   0.3534948844E+000
    616300   0.9093667868E+003   0.3535028444E+000
    616400   0.9039933881E+003   0.3538290595E+000
    616500   0.9054458989E+003   0.0000000000E+000
    616600   0.9064646368E+003   0.0000000000E+000
    616700   0.8991234761E+003   0.0000000000E+000
    616800   0.9097495830E+003   0.0000000000E+000
    616900   0.9047375087E+003   0.0000000000E+000
    617000   0.8945572210E+003   0.0000000000E+000
    617100   0.9011126659E+003   0.0000000000E+000
    617200   0.9013589464E+003   0.0000000000E+000
    617300   0.9015334537E+003   0.0000000000E+000
    617400   0.9024424280E+003   0.0000000000E+000
    617500   0.9073545167E+003   0.0000000000E+000
    617600   0.8994960634E+003   0.0000000000E+000
    617700   0.9026292186E+003   0.0000000000E+000
    617800   0.9014394366E+003   0.0000000000E+000
    617900   0.9017228680E+003   0.0000000000E+000
    618000   0.9088889942E+003   0.0000000000E+000
    618100   0.9037194471E+003   0.0000000000E+000
    618200   0.8991978423E+003   0.0000000000E+000
    618300   0.9034689985E+003   0.0000000000E+000
    618400   0.9058643246E+003   0.0000000000E+000
    618500   0.9122922603E+003   0.0000000000E+000
    618600   0.8971907698E+003   0.0000000000E+000
    618700   0.9068469495E+003   0.0000000000E+000
    618800   0.9038199786E+003   0.0000000000E+000
    618900   0.8969138096E+003   0.0000000000E+000
    619000   0.9088606396E+003   0.0000000000E+000
    619100   0.9029218594E+003   0.0000000000E+000
    619200   0.8891239474E+003   0.0000000000E+000
    619300   0.9036498791E+003   0.0000000000E+000
    619400   0.8976901434E+003   0.0000000000E+000
    619500   0.9056301534E+003   0.0000000000E+000
    619600   0.8961094981E+003   0.0000000000E+000
    619700   0.8944168541E+003   0.0000000000E+000
    619800   0.8914460286E+003   0.0000000000E+000
    619900   0.8959529097E+003   0.0000000000E+000
    620000   0.8940656768E+003   0.0000000000E+000
    620100   0.9112482302E+003   0.0000000000E+000
    620200   0.8997368805E+003   0.0000000000E+000
    620300   0.8919590985E+003   0.0000000000E+000
    620400   0.8951189437E+003   0.0000000000E+000
    620500   0.9026743670E+003   0.0000000000E+000
    620600   0.8957095856E+003   0.0000000000E+000
    620700   0.8907416895E+003   0.0000000000E+000
    620800   0.8943096742E+003   0.0000000000E+000
    620900   0.9023758285E+003   0.0000000000E+000
    621000   0.8964384559E+003   0.0000000000E+000
    621100   0.8964685719E+003   0.0000000000E+000
    621200   0.8804604227E+003   0.0000000000E+000
    621300   0.8910042311E+003   0.0000000000E+000
    621400   0.8929131683E+003   0.0000000000E+000
    621500   0.9002488102E+003   0.0000000000E+000
    621600   0.8979243447E+003   0.0000000000E+000
    621700   0.9015353976E+003   0.0000000000E+000
    621800   0.8976542840E+003   0.0000000000E+000
    621900   0.8927578893E+003   0.0000000000E+000
    622000   0.9073195114E+003   0.0000000000E+000
    622100   0.9016834495E+003   0.0000000000E+000
    622200   0.8974746215E+003   0.0000000000E+000
    622300   0.9147927350E+003   0.0000000000E+000
    622400   0.9005995414E+003   0.0000000000E+000
    622500   0.8991728032E+003   0.0000000000E+000
    622600   0.9046237873E+003   0.0000000000E+000
    622700   0.9084720960E+003   0.0000000000E+000
    622800   0.9013341341E+003   0.0000000000E+000
    622900   0.9070529611E+003   0.0000000000E+000
    623000   0.8947619200E+003   0.0000000000E+000
    623100   0.8976556869E+003   0.0000000000E+000
    623200   0.9098392281E+003   0.0000000000E+000
    623300   0.9167824295E+003   0.0000000000E+000
    623400   0.8992625820E+003   0.0000000000E+000
    623500   0.8995831463E+003   0.0000000000E+000
    623600   0.8933182300E+003   0.0000000000E+000
    623700   0.9001368169E+003   0.0000000000E+000
    623800   0.8877120249E+003   0.0000000000E+000
    623900   0.8984537651E+003   0.0000000000E+000
    624000   0.9052353559E+003   0.0000000000E+000
    624100   0.8894500628E+003   0.0000000000E+000
    624200   0.9023058216E+003   0.0000000000E+000
    624300   0.8981356020E+003   0.0000000000E+000
    624400   0.8988209997E+003   0.0000000000E+000
    624500   0.8982561136E+003   0.0000000000E+000
    624600   0.9093471824E+003   0.0000000000E+000
    624700   0.9006568369E+003   0.0000000000E+000
    624800   0.8873617074E+003   0.0000000000E+000
    624900   0.9060523387E+003   0.0000000000E+000
    625000   0.8961817020E+003   0.0000000000E+000
    625100   0.8993388045E+003   0.0000000000E+000
    625200   0.8979741158E+003   0.0000000000E+000
    625300   0.8808115654E+003   0.0000000000E+000
    625400   0.8996732191E+003   0.0000000000E+000
    625500   0.8897110378E+003   0.0000000000E+000
    625600   0.8939678756E+003   0.0000000000E+000
    625700   0.8949272222E+003   0.0000000000E+000
    625800   0.8878190699E+003   0.0000000000E+000
    625900   0.8957883363E+003   0.0000000000E+000
    626000   0.8863850662E+003   0.0000000000E+000
    626100   0.8913860283E+003   0.0000000000E+000
    626200   0.9105702027E+003   0.0000000000E+000
    626300   0.9122465263E+003   0.0000000000E+000
    626400   0.9043790295E+003   0.0000000000E+000
    626500   0.8801010014E+003   0.0000000000E+000
    626600   0.9040298070E+003   0.0000000000E+000
    626700   0.8990418444E+003   0.0000000000E+000
    626800   0.8986158910E+003   0.3541600434E+000
    626900   0.9037239206E+003   0.3538455368E+000
    627000   0.8957104199E+003   0.0000000000E+000
    627100   0.9028248815E+003   0.0000000000E+000
    627200   0.8911396844E+003   0.0000000000E+000
    627300   0.9046928463E+003   0.0000000000E+000
    627400   0.9018940042E+003   0.0000000000E+000
    627500   0.8920265652E+003   0.0000000000E+000
    627600   0.9009686890E+003   0.0000000000E+000
    627700   0.9105627926E+003   0.0000000000E+000
    627800   0.8998363616E+003   0.0000000000E+000
    627900   0.8946037948E+003   0.0000000000E+000
    628000   0.9009153807E+003   0.0000000000E+000
    628100   0.8945768646E+003   0.0000000000E+000
    628200   0.9036459714E+003   0.0000000000E+000
    628300   0.8868297435E+003   0.0000000000E+000
    628400   0.8981165165E+003   0.0000000000E+000
    628500   0.9169420363E+003   0.0000000000E+000
    628600   0.9015916331E+003   0.0000000000E+000
    628700   0.9089272928E+003   0.0000000000E+000
    628800   0.9027568981E+003   0.0000000000E+000
    628900   0.9128317505E+003   0.0000000000E+000
    629000   0.8995086414E+003   0.0000000000E+000
    629100   0.9106754791E+003   0.0000000000E+000
    629200   0.9100746914E+003   0.0000000000E+000
    629300   0.9007597769E+003   0.0000000000E+000
    629400   0.8992356171E+003   0.0000000000E+000
    629500   0.8976317890E+003   0.0000000000E+000
    629600   0.8922886433E+003   0.0000000000E+000
    629700   0.9061211892E+003   0.0000000000E+000
    629800   0.8967309487E+003   0.0000000000E+000
    629900   0.8953885648E+003   0.0000000000E+000
    630000   0.9018666700E+003   0.0000000000E+000
    630100   0.9033423092E+003   0.0000000000E+000
    630200   0.8944848423E+003   0.0000000000E+000
    630300   0.9109120991E+003   0.0000000000E+000
    630400   0.8889714838E+003   0.0000000000E+000
    630500   0.8999152224E+003   0.0000000000E+000
    630600   0.8999214651E+003   0.0000000000E+000
    630700   0.9005565382E+003   0.0000000000E+000
    630800   0.9041942830E+003   0.0000000000E+000
    630900   0.8933740262E+003   0.0000000000E+000
    631000   0.9114341209E+003   0.0000000000E+000
    631100   0.9021660279E+003   0.0000000000E+000
    631200   0.9179243890E+003   0.0000000000E+000
    631300   0.9013280994E+003   0.0000000000E+000
    631400   0.9029156839E+003   0.0000000000E+000
    631500   0.8998757434E+003   0.0000000000E+000
    631600   0.9114689633E+003   0.0000000000E+000
    631700   0.9024112034E+003   0.0000000000E+000
    631800   0.9053997594E+003   0.0000000000E+000
    631900   0.8938968207E+003   0.0000000000E+000
    632000   0.8995322743E+003   0.0000000000E+000
    632100   0.9072130191E+003   0.0000000000E+000
    632200   0.9139676839E+003   0.0000000000E+000
    632300   0.9029447313E+003   0.0000000000E+000
    632400   0.9131753013E+003   0.0000000000E+000
    632500   0.9035961540E+003   0.0000000000E+000
    632600   0.9010697657E+003   0.0000000000E+000
    632700   0.8993457937E+003   0.0000000000E+000
    632800   0.8970515595E+003   0.0000000000E+000
    632900   0.8903762378E+003   0.0000000000E+000
    633000   0.8897456160E+003   0.0000000000E+000
    633100   0.8963065349E+003   0.0000000000E+000
    633200   0.8892455142E+003   0.0000000000E+000
    633300   0.9007923136E+003   0.0000000000E+000
    633400   0.9066499586E+003   0.0000000000E+000
    633500   0.8925606967E+003   0.0000000000E+000
    633600   0.8939241422E+003   0.0000000000E+000
    633700   0.8868166820E+003   0.0000000000E+000
    633800   0.8875070031E+003   0.0000000000E+000
    633900   0.8962900862E+003   0.0000000000E+000
    634000   0.8991731018E+003   0.0000000000E+000
    634100   0.8970178530E+003   0.0000000000E+000
    634200   0.8973270172E+003   0.0000000000E+000
    634300   0.8868101469E+003   0.0000000000E+000
    634400   0.8970027016E+003   0.0000000000E+000
    634500   0.8879122313E+003   0.0000000000E+000
    634600   0.8950408010E+003   0.0000000000E+000
    634700   0.8984791941E+003   0.0000000000E+000
    634800   0.8981313516E+003   0.0000000000E+000
    634900   0.8907725361E+003   0.0000000000E+000
    635000   0.9018412388E+003   0.0000000000E+000
    635100   0.8938486019E+003   0.0000000000E+000
    635200   0.9036029840E+003   0.0000000000E+000
    635300   0.8986856137E+003   0.0000000000E+000
    635400   0.8936578597E+003   0.0000000000E+000
    635500   0.8990747993E+003   0.0000000000E+000
    635600   0.8953473401E+003   0.0000000000E+000
    635700   0.9092141515E+003   0.3535120494E+000
    635800   0.9084021394E+003   0.3535610791E+000
    635900   0.8928041071E+003   0.3545229509E+000
    636000   0.8950114008E+003   0.3543844772E+000
    636100   0.8980867928E+003   0.3541928571E+000
    636200   0.9017970802E+003   0.3539636903E+000
    636300   0.8988234785E+003   0.3541471814E+000
    636400   0.8962621905E+003   0.3543063599E+000
    636500   0.9001629446E+003   0.3540643538E+000
    636600   0.8983445600E+003   0.3541768653E+000
    636700   0.9095566298E+003   0.0000000000E+000
    636800   0.9073082670E+003   0.3536272881E+000
    636900   0.9127905127E+003   0.3532973051E+000
    637000   0.9023998905E+003   0.3539266633E+000
    637100   0.8977500905E+003   0.3542137622E+000
    637200   0.8994877795E+003   0.3541060678E+000
    637300   0.8992786352E+003   0.3541190041E+000
    637400   0.8997415550E+003   0.3540903802E+000
    637500   0.9009156115E+003   0.3540179367E+000
    637600   0.8940646597E+003   0.3544437737E+000
    637700   0.8959376245E+003   0.0000000000E+000
    637800   0.9030904434E+003   0.0000000000E+000
    637900   0.8977753031E+003   0.0000000000E+000
    638000   0.8955959457E+003   0.0000000000E+000
    638100   0.8991570296E+003   0.0000000000E+000
    638200   0.8987648513E+003   0.0000000000E+000
    638300   0.9076647176E+003   0.0000000000E+000
    638400   0.8973205148E+003   0.0000000000E+000
    638500   0.8966859201E+003   0.0000000000E+000
    638600   0.9090538360E+003   0.0000000000E+000
    638700   0.9064149427E+003   0.0000000000E+000
    638800   0.8984691488E+003   0.0000000000E+000
    638900   0.9039239487E+003   0.0000000000E+000
    639000   0.8977921883E+003   0.0000000000E+000
    639100   0.8947999707E+003   0.0000000000E+000
    639200   0.8880665077E+003   0.0000000000E+000
    639300   0.9056559571E+003   0.3537276482E+000
    639400   0.8985331285E+003   0.3541651732E+000
    639500   0.9002777260E+003   0.3540572694E+000
    639600   0.9027713094E+003   0.3539038778E+000
    639700   0.9012300103E+003   0.3539985742E+000
    639800   0.9012532887E+003   0.3539971412E+000
    639900   0.8958876506E+003   0.0000000000E+000
    640000   0.9023176939E+003   0.3539317088E+000
    640100   0.8971132394E+003   0.0000000000E+000
    640200   0.8941815668E+003   0.3544364436E+000
    640300   0.9026556403E+003   0.3539109715E+000
    640400   0.8971317693E+003   0.7082247409E+000
    640500   0.9052764627E+003   0.3537507582E+000
    640600   0.9070025461E+003   0.0000000000E+000
    640700   0.9154465825E+003   0.0000000000E+000
    640800   0.8988613766E+003   0.0000000000E+000
    640900   0.8971032191E+003   0.3542539758E+000
    641000   0.8974231906E+003   0.3542340759E+000
    641100   0.8983920283E+003   0.3541739215E+000
    641200   0.8978731518E+003   0.3542061195E+000
    641300   0.8950756173E+003   0.0000000000E+000
    641400   0.9043077105E+003   0.3538098538E+000
    641500   0.8941362172E+003   0.0000000000E+000
    641600   0.8990341857E+003   0.0000000000E+000
    641700   0.9000617381E+003   0.0000000000E+000
    641800   0.9002341012E+003   0.0000000000E+000
    641900   0.8970305194E+003   0.0000000000E+000
    642000   0.9045380545E+003   0.0000000000E+000
    642100   0.9069598196E+003   0.0000000000E+000
    642200   0.8923388610E+003   0.0000000000E+000
    642300   0.8980535943E+003   0.0000000000E+000
    642400   0.9018685643E+003   0.0000000000E+000
    642500   0.8923937169E+003   0.0000000000E+000
    642600   0.8969196189E+003   0.0000000000E+000
    642700   0.9073218307E+003   0.0000000000E+000
    642800   0.8981825469E+003   0.0000000000E+000
    642900   0.8893138073E+003   0.0000000000E+000
    643000   0.8927351254E+003   0.0000000000E+000
    643100   0.9000129937E+003   0.0000000000E+000
    643200   0.9026484952E+003   0.0000000000E+000
    643300   0.9080657190E+003   0.0000000000E+000
    643400   0.9040655424E+003   0.0000000000E+000
    643500   0.8969546227E+003   0.0000000000E+000
    643600   0.9011087535E+003   0.0000000000E+000
    643700   0.8945407233E+003   0.0000000000E+000
    643800   0.8951537669E+003   0.0000000000E+000
    643900   0.8878940339E+003   0.0000000000E+000
    644000   0.8909887325E+003   0.0000000000E+000
    644100   0.8854603769E+003   0.0000000000E+000
    644200   0.8965072581E+003   0.0000000000E+000
    644300   0.8987576247E+003   0.0000000000E+000
    644400   0.8931864602E+003   0.0000000000E+000
    644500   0.9002502780E+003   0.0000000000E+000
    644600   0.8999474155E+003   0.0000000000E+000
    644700   0.8924472141E+003   0.0000000000E+000
    644800   0.8958068571E+003   0.0000000000E+000
    644900   0.8904497957E+003   0.0000000000E+000
    645000   0.9022593541E+003   0.0000000000E+000
    645100   0.8973998607E+003   0.0000000000E+000
    645200   0.9021331747E+003   0.0000000000E+000
    645300   0.8999690539E+003   0.0000000000E+000
    645400   0.8958241524E+003   0.0000000000E+000
    645500   0.8889724623E+003   0.3547652206E+000
    645600   0.8844655409E+003   0.3550533040E+000
    645700   0.8915738460E+003   0.3546004757E+000
    645800   0.9017822058E+003   0.3539646046E+000
    645900   0.9030689992E+003   0.0000000000E+000
    646000   0.8960063736E+003   0.3543223163E+000
    646100   0.8974658946E+003   0.3542314213E+000
    646200   0.8935319435E+003   0.3544772028E+000
    646300   0.8978979733E+003   0.3542045782E+000
    646400   0.8891849392E+003   0.3547517226E+000
    646500   0.8987380171E+003   0.0000000000E+000
    646600   0.8976733533E+003   0.3542185291E+000
    646700   0.8922167509E+003   0.7088381777E+000
    646800   0.8992125630E+003   0.7079673769E+000
    646900   0.8992083204E+003   0.3541233549E+000
    647000   0.8932472953E+003   0.7087089092E+000
    647100   0.8989362753E+003   0.7080014703E+000
    647200   0.8954232241E+003   0.3543587291E+000
    647300   0.9056469310E+003   0.3537281976E+000
    647400   0.8965732777E+003   0.3542869703E+000
    647500   0.8922854920E+003   0.7088295442E+000
    647600   0.8941084488E+003   0.3544410278E+000
    647700   0.8962492999E+003   0.3543071637E+000
    647800   0.8993866824E+003   0.7079459033E+000
    647900   0.9003268669E+003   0.7078301192E+000
    648000   0.8931989744E+003   0.7087149627E+000
    648100   0.9009816742E+003   0.7077496446E+000
    648200   0.8943519598E+003   0.3544257641E+000
    648300   0.9076359332E+003   0.7069394543E+000
    648400   0.9038878047E+003   0.7073941125E+000
    648500   0.8988700006E+003   0.3541442998E+000
    648600   0.9045495390E+003   0.3537950881E+000
    648700   0.9066240740E+003   0.3536687942E+000
    648800   0.9056791013E+003   0.3537262395E+000
    648900   0.8945691179E+003   0.3544121603E+000
    649000   0.9015439649E+003   0.3539792547E+000
    649100   0.8969826324E+003   0.0000000000E+000
    649200   0.9025049179E+003   0.3539202180E+000
    649300   0.9089947015E+003   0.3535252899E+000
    649400   0.8950883682E+003   0.3543796630E+000
    649500   0.8949197366E+003   0.3543902120E+000
    649600   0.9033242194E+003   0.0000000000E+000
    649700   0.9011925473E+003   0.0000000000E+000
    649800   0.9026642079E+003   0.0000000000E+000
    649900   0.8924584582E+003   0.3545447069E+000
    650000   0.9030598684E+003   0.3538861905E+000
    650100   0.8995157022E+003   0.3541043412E+000
    650200   0.9045665365E+003   0.3537940506E+000
    650300   0.9084170034E+003   0.3535601807E+000
    650400   0.9006549912E+003   0.0000000000E+000
    650500   0.9065364169E+003   0.3536741171E+000
    650600   0.9094793952E+003   0.3534960557E+000
    650700   0.9031245737E+003   0.3538822262E+000
    650800   0.8953644425E+003   0.3543624026E+000
    650900   0.9034885627E+003   0.3538599377E+000
    651000   0.9103247899E+003   0.0000000000E+000
    651100   0.9094812462E+003   0.0000000000E+000
    651200   0.9048191100E+003   0.0000000000E+000
    651300   0.9097553166E+003   0.0000000000E+000
    651400   0.9159933774E+003   0.0000000000E+000
    651500   0.9047561135E+003   0.0000000000E+000
    651600   0.9081426469E+003   0.0000000000E+000
    651700   0.9096847201E+003   0.0000000000E+000
    651800   0.9094561067E+003   0.0000000000E+000
    651900   0.8929478312E+003   0.0000000000E+000
    652000   0.9064253486E+003   0.0000000000E+000
    652100   0.8964356604E+003   0.0000000000E+000
    652200   0.8920961515E+003   0.0000000000E+000
    652300   0.8937924106E+003   0.0000000000E+000
    652400   0.8946825184E+003   0.0000000000E+000
    652500   0.8956584008E+003   0.0000000000E+000
    652600   0.8852809392E+003   0.0000000000E+000
    652700   0.8959672913E+003   0.0000000000E+000
    652800   0.8902734830E+003   0.0000000000E+000
    652900   0.8813432032E+003   0.0000000000E+000
    653000   0.9099345306E+003   0.0000000000E+000
    653100   0.8941178148E+003   0.0000000000E+000
    653200   0.9055471922E+003   0.0000000000E+000
    653300   0.8931012100E+003   0.0000000000E+000
    653400   0.8854797136E+003   0.0000000000E+000
    653500   0.8945330971E+003   0.0000000000E+000
    653600   0.8961921617E+003   0.0000000000E+000
    653700   0.8987698472E+003   0.0000000000E+000
    653800   0.9009844202E+003   0.0000000000E+000
    653900   0.9071661509E+003   0.0000000000E+000
    654000   0.9055418488E+003   0.0000000000E+000
    654100   0.8902445053E+003   0.0000000000E+000
    654200   0.9033290656E+003   0.0000000000E+000
    654300   0.8974542498E+003   0.0000000000E+000
    654400   0.9096234025E+003   0.0000000000E+000
    654500   0.9027358538E+003   0.0000000000E+000
    654600   0.8973349577E+003   0.0000000000E+000
    654700   0.9019500815E+003   0.0000000000E+000
    654800   0.9017310489E+003   0.0000000000E+000
    654900   0.9074253708E+003   0.0000000000E+000
    655000   0.9055830637E+003   0.0000000000E+000
    655100   0.8998985132E+003   0.0000000000E+000
    655200   0.8953159252E+003   0.0000000000E+000
    655300   0.9016796379E+003   0.0000000000E+000
    655400   0.9022147292E+003   0.0000000000E+000
    655500   0.8979214406E+003   0.0000000000E+000
    655600   0.8994838338E+003   0.0000000000E+000
    655700   0.8803434820E+003   0.0000000000E+000
    655800   0.9109545412E+003   0.0000000000E+000
    655900   0.9031369568E+003   0.0000000000E+000
    656000   0.8914316158E+003   0.0000000000E+000
    656100   0.8973343237E+003   0.0000000000E+000
    656200   0.8953830517E+003   0.0000000000E+000
    656300   0.9096361236E+003   0.0000000000E+000
    656400   0.9023001912E+003   0.0000000000E+000
    656500   0.8987020577E+003   0.0000000000E+000
    656600   0.8932998000E+003   0.0000000000E+000
    656700   0.8997307806E+003   0.0000000000E+000
    656800   0.9045076356E+003   0.0000000000E+000
    656900   0.8961416609E+003   0.0000000000E+000
    657000   0.8978476431E+003   0.0000000000E+000
    657100   0.9060836007E+003   0.0000000000E+000
    657200   0.9010882032E+003   0.0000000000E+000
    657300   0.9036775965E+003   0.0000000000E+000
    657400   0.8943749454E+003   0.0000000000E+000
    657500   0.9003596000E+003   0.0000000000E+000
    657600   0.9072411217E+003   0.0000000000E+000
    657700   0.9022255842E+003   0.0000000000E+000
    657800   0.9021858157E+003   0.0000000000E+000
    657900   0.8983226797E+003   0.0000000000E+000
    658000   0.9056427466E+003   0.0000000000E+000
    658100   0.9042382873E+003   0.0000000000E+000
    658200   0.9015336323E+003   0.0000000000E+000
    658300   0.9039901284E+003   0.0000000000E+000
    658400   0.8887135994E+003   0.0000000000E+000
    658500   0.9030803705E+003   0.0000000000E+000
    658600   0.8929177310E+003   0.0000000000E+000
    658700   0.9030067365E+003   0.0000000000E+000
    658800   0.8906122815E+003   0.0000000000E+000
    658900   0.8958028432E+003   0.0000000000E+000
    659000   0.8991751024E+003   0.0000000000E+000
    659100   0.8979544783E+003   0.0000000000E+000
    659200   0.9019525171E+003   0.0000000000E+000
    659300   0.9038756093E+003   0.0000000000E+000
    659400   0.9090434578E+003   0.0000000000E+000
    659500   0.8867280941E+003   0.0000000000E+000
    659600   0.8901788880E+003   0.0000000000E+000
    659700   0.8811692088E+003   0.0000000000E+000
    659800   0.8910403611E+003   0.0000000000E+000
    659900   0.8967821637E+003   0.0000000000E+000
    660000   0.8892113021E+003   0.0000000000E+000
    660100   0.8863091799E+003   0.0000000000E+000
    660200   0.8916412934E+003   0.0000000000E+000
    660300   0.8920669578E+003   0.0000000000E+000
    660400   0.8775986242E+003   0.0000000000E+000
    660500   0.8966758781E+003   0.0000000000E+000
    660600   0.8894791807E+003   0.0000000000E+000
    660700   0.8842770367E+003   0.0000000000E+000
    660800   0.8923075507E+003   0.0000000000E+000
    660900   0.8887434584E+003   0.0000000000E+000
    661000   0.8898820815E+003   0.0000000000E+000
    661100   0.8891092722E+003   0.0000000000E+000
    661200   0.9087541714E+003   0.0000000000E+000
    661300   0.8900374198E+003   0.0000000000E+000
    661400   0.8930175416E+003   0.0000000000E+000
    661500   0.8915659046E+003   0.0000000000E+000
    661600   0.8989348730E+003   0.0000000000E+000
    661700   0.9033705249E+003   0.0000000000E+000
    661800   0.9002658448E+003   0.0000000000E+000
    661900   0.8893050285E+003   0.0000000000E+000
    662000   0.8987473177E+003   0.0000000000E+000
    662100   0.8921488149E+003   0.0000000000E+000
    662200   0.8994859330E+003   0.0000000000E+000
    662300   0.9064684921E+003   0.0000000000E+000
    662400   0.9068160342E+003   0.0000000000E+000
    662500   0.8955748018E+003   0.0000000000E+000
    662600   0.8912019604E+003   0.0000000000E+000
    662700   0.9019604976E+003   0.0000000000E+000
    662800   0.9141641756E+003   0.0000000000E+000
    662900   0.9051601317E+003   0.0000000000E+000
    663000   0.9079084704E+003   0.0000000000E+000
    663100   0.9090355732E+003   0.0000000000E+000
    663200   0.9090308498E+003   0.0000000000E+000
    663300   0.9021178014E+003   0.0000000000E+000
    663400   0.9063970954E+003   0.0000000000E+000
    663500   0.9060055070E+003   0.0000000000E+000
    663600   0.8996935610E+003   0.0000000000E+000
    663700   0.8847272729E+003   0.0000000000E+000
    663800   0.9028871173E+003   0.0000000000E+000
    663900   0.8951529923E+003   0.0000000000E+000
    664000   0.8885115373E+003   0.0000000000E+000
    664100   0.8900913209E+003   0.0000000000E+000
    664200   0.8878361881E+003   0.0000000000E+000
    664300   0.9021615910E+003   0.0000000000E+000
    664400   0.8950086557E+003   0.0000000000E+000
    664500   0.8946275071E+003   0.0000000000E+000
    664600   0.8954709958E+003   0.0000000000E+000
    664700   0.8967602965E+003   0.0000000000E+000
    664800   0.9028237319E+003   0.0000000000E+000
    664900   0.8970195836E+003   0.0000000000E+000
    665000   0.9073832737E+003   0.0000000000E+000
    665100   0.9007432150E+003   0.0000000000E+000
    665200   0.8959880577E+003   0.0000000000E+000
    665300   0.8936290358E+003   0.0000000000E+000
    665400   0.9009441480E+003   0.0000000000E+000
    665500   0.9000126655E+003   0.0000000000E+000
    665600   0.9006314071E+003   0.0000000000E+000
    665700   0.8951614768E+003   0.0000000000E+000
    665800   0.9063098382E+003   0.0000000000E+000
    665900   0.8970531878E+003   0.0000000000E+000
    666000   0.9036366491E+003   0.0000000000E+000
    666100   0.9094018565E+003   0.0000000000E+000
    666200   0.9023348812E+003   0.0000000000E+000
    666300   0.9036579628E+003   0.0000000000E+000
    666400   0.8987923622E+003   0.0000000000E+000
    666500   0.8949455515E+003   0.0000000000E+000
    666600   0.8916545945E+003   0.0000000000E+000
    666700   0.8962246525E+003   0.0000000000E+000
    666800   0.8993659878E+003   0.0000000000E+000
    666900   0.8934999630E+003   0.0000000000E+000
    667000   0.8962602500E+003   0.0000000000E+000
    667100   0.9016422856E+003   0.0000000000E+000
    667200   0.9049407479E+003   0.0000000000E+000
    667300   0.9067182426E+003   0.0000000000E+000
    667400   0.9225138059E+003   0.0000000000E+000
    667500   0.9098654020E+003   0.0000000000E+000
    667600   0.9155836123E+003   0.0000000000E+000
    667700   0.9077738223E+003   0.0000000000E+000
    667800   0.8987917143E+003   0.0000000000E+000
    667900   0.8963095367E+003   0.0000000000E+000
    668000   0.9077586227E+003   0.0000000000E+000
    668100   0.9041851619E+003   0.0000000000E+000
    668200   0.9143522230E+003   0.0000000000E+000
    668300   0.9042600964E+003   0.0000000000E+000
    668400   0.9023563891E+003   0.0000000000E+000
    668500   0.9096411617E+003   0.0000000000E+000
    668600   0.8962705893E+003   0.0000000000E+000
    668700   0.9032833660E+003   0.0000000000E+000
    668800   0.9159327816E+003   0.0000000000E+000
    668900   0.9011835287E+003   0.0000000000E+000
    669000   0.9099076190E+003   0.0000000000E+000
    669100   0.9055658269E+003   0.0000000000E+000
    669200   0.9069249853E+003   0.0000000000E+000
    669300   0.9012880352E+003   0.0000000000E+000
    669400   0.8953148475E+003   0.0000000000E+000
    669500   0.9038930156E+003   0.0000000000E+000
    669600   0.8954806546E+003   0.0000000000E+000
    669700   0.8937210024E+003   0.0000000000E+000
    669800   0.9016414542E+003   0.0000000000E+000
    669900   0.8995028406E+003   0.0000000000E+000
    670000   0.9054966713E+003   0.0000000000E+000
    670100   0.9112878327E+003   0.0000000000E+000
    670200   0.9034369844E+003   0.0000000000E+000
    670300   0.9117882109E+003   0.0000000000E+000
    670400   0.9059887864E+003   0.0000000000E+000
    670500   0.8987742854E+003   0.0000000000E+000
    670600   0.8996912613E+003   0.0000000000E+000
    670700   0.9037937878E+003   0.0000000000E+000
    670800   0.9064160971E+003   0.0000000000E+000
    670900   0.8969570529E+003   0.0000000000E+000
    671000   0.9065086073E+003   0.0000000000E+000
    671100   0.8970366118E+003   0.0000000000E+000
    671200   0.8971136383E+003   0.0000000000E+000
    671300   0.9043567047E+003   0.0000000000E+000
    671400   0.8961350896E+003   0.0000000000E+000
    671500   0.8942938550E+003   0.0000000000E+000
    671600   0.9114239111E+003   0.0000000000E+000
    671700   0.9134702279E+003   0.0000000000E+000
    671800   0.8961698974E+003   0.0000000000E+000
    671900   0.8939754315E+003   0.0000000000E+000
    672000   0.9013380798E+003   0.0000000000E+000
    672100   0.8928847437E+003   0.0000000000E+000
    672200   0.9004754563E+003   0.0000000000E+000
    672300   0.8936300040E+003   0.0000000000E+000
    672400   0.9055001004E+003   0.0000000000E+000
    672500   0.8994030729E+003   0.0000000000E+000
    672600   0.8998857940E+003   0.0000000000E+000
    672700   0.8943688241E+003   0.0000000000E+000
    672800   0.9083550368E+003   0.0000000000E+000
    672900   0.9059093458E+003   0.0000000000E+000
    673000   0.9020112999E+003   0.0000000000E+000
    673100   0.9034469684E+003   0.0000000000E+000
    673200   0.8999120084E+003   0.0000000000E+000
    673300   0.9046577817E+003   0.0000000000E+000
    673400   0.9173782115E+003   0.0000000000E+000
    673500   0.9115439179E+003   0.0000000000E+000
    673600   0.9122098162E+003   0.0000000000E+000
    673700   0.9051171042E+003   0.0000000000E+000
    673800   0.8982295743E+003   0.0000000000E+000
    673900   0.8971182830E+003   0.0000000000E+000
    674000   0.8999588456E+003   0.0000000000E+000
    674100   0.8933470699E+003   0.0000000000E+000
    674200   0.8904462443E+003   0.0000000000E+000
    674300   0.9000279734E+003   0.0000000000E+000
    674400   0.9025091270E+003   0.0000000000E+000
    674500   0.8992373717E+003   0.0000000000E+000
    674600   0.9088565615E+003   0.0000000000E+000
    674700   0.9113082084E+003   0.0000000000E+000
    674800   0.9105567261E+003   0.0000000000E+000
    674900   0.9089900471E+003   0.0000000000E+000
    675000   0.9066750294E+003   0.0000000000E+000
    675100   0.9033539646E+003   0.0000000000E+000
    675200   0.9103564467E+003   0.0000000000E+000
    675300   0.8997648619E+003   0.0000000000E+000
    675400   0.9027248328E+003   0.0000000000E+000
    675500   0.8988916539E+003   0.0000000000E+000
    675600   0.8969194908E+003   0.0000000000E+000
    675700   0.9017771157E+003   0.0000000000E+000
    675800   0.9031696075E+003   0.0000000000E+000
    675900   0.8960514644E+003   0.0000000000E+000
    676000   0.8910164666E+003   0.0000000000E+000
    676100   0.9051130201E+003   0.0000000000E+000
    676200   0.9082223924E+003   0.0000000000E+000
    676300   0.9102920673E+003   0.0000000000E+000
    676400   0.9003980954E+003   0.0000000000E+000
    676500   0.9003880697E+003   0.0000000000E+000
    676600   0.9064439037E+003   0.0000000000E+000
    676700   0.9030578865E+003   0.0000000000E+000
    676800   0.8991910419E+003   0.0000000000E+000
    676900   0.8963205674E+003   0.0000000000E+000
    677000   0.9085155965E+003   0.0000000000E+000
    677100   0.9045220133E+003   0.0000000000E+000
    677200   0.8965054449E+003   0.0000000000E+000
    677300   0.8964647989E+003   0.0000000000E+000
    677400   0.8839393700E+003   0.0000000000E+000
    677500   0.8981185157E+003   0.0000000000E+000
    677600   0.8928136426E+003   0.0000000000E+000
    677700   0.8946715189E+003   0.0000000000E+000
    677800   0.8847452358E+003   0.0000000000E+000
    677900   0.8980331054E+003   0.0000000000E+000
    678000   0.8937837057E+003   0.0000000000E+000
    678100   0.8989097035E+003   0.0000000000E+000
    678200   0.8963161369E+003   0.0000000000E+000
    678300   0.8964041170E+003   0.0000000000E+000
    678400   0.8801822189E+003   0.0000000000E+000
    678500   0.9008713561E+003   0.0000000000E+000
    678600   0.8886854154E+003   0.0000000000E+000
    678700   0.8921532772E+003   0.0000000000E+000
    678800   0.8868057621E+003   0.0000000000E+000
    678900   0.8837164318E+003   0.0000000000E+000
    679000   0.8925349238E+003   0.0000000000E+000
    679100   0.8935627122E+003   0.0000000000E+000
    679200   0.8986377654E+003   0.0000000000E+000
    679300   0.8893433834E+003   0.0000000000E+000
    679400   0.9003832901E+003   0.0000000000E+000
    679500   0.9041039031E+003   0.0000000000E+000
    679600   0.9001579072E+003   0.0000000000E+000
    679700   0.9044409994E+003   0.0000000000E+000
    679800   0.8999362640E+003   0.0000000000E+000
    679900   0.8963680719E+003   0.0000000000E+000
    680000   0.9058112249E+003   0.0000000000E+000
    680100   0.9007433274E+003   0.0000000000E+000
    680200   0.8965977921E+003   0.0000000000E+000
    680300   0.9106583219E+003   0.0000000000E+000
    680400   0.8916985180E+003   0.3545926082E+000
    680500   0.9030271969E+003   0.0000000000E+000
    680600   0.9002396454E+003   0.0000000000E+000
    680700   0.9116437067E+003   0.0000000000E+000
    680800   0.9021123624E+003   0.0000000000E+000
    680900   0.8976135169E+003   0.0000000000E+000
    681000   0.8965188265E+003   0.0000000000E+000
    681100   0.9130837778E+003   0.0000000000E+000
    681200   0.8992094544E+003   0.0000000000E+000
    681300   0.9035170331E+003   0.0000000000E+000
    681400   0.9047307630E+003   0.0000000000E+000
    681500   0.8899537178E+003   0.0000000000E+000
    681600   0.8977099785E+003   0.0000000000E+000
    681700   0.8930829605E+003   0.0000000000E+000
    681800   0.8996639115E+003   0.0000000000E+000
    681900   0.8970193677E+003   0.0000000000E+000
    682000   0.8903493541E+003   0.0000000000E+000
    682100   0.8955533348E+003   0.0000000000E+000
    682200   0.8946037474E+003   0.0000000000E+000
    682300   0.8948033337E+003   0.0000000000E+000
    682400   0.8962483630E+003   0.0000000000E+000
    682500   0.8959537722E+003   0.0000000000E+000
    682600   0.9006904437E+003   0.0000000000E+000
    682700   0.8894018734E+003   0.0000000000E+000
    682800   0.8989370140E+003   0.0000000000E+000
    682900   0.8878802476E+003   0.0000000000E+000
    683000   0.9035764627E+003   0.0000000000E+000
    683100   0.8935339885E+003   0.0000000000E+000
    683200   0.8962712139E+003   0.0000000000E+000
    683300   0.9013007025E+003   0.0000000000E+000
    683400   0.8861651056E+003   0.0000000000E+000
    683500   0.8995159295E+003   0.0000000000E+000
    683600   0.8982673410E+003   0.0000000000E+000
    683700   0.9018805700E+003   0.0000000000E+000
    683800   0.8981020751E+003   0.0000000000E+000
    683900   0.8943155330E+003   0.0000000000E+000
    684000   0.8976384855E+003   0.0000000000E+000
    684100   0.8932314622E+003   0.0000000000E+000
    684200   0.8985428914E+003   0.0000000000E+000
    684300   0.9077275084E+003   0.0000000000E+000
    684400   0.8961026931E+003   0.0000000000E+000
    684500   0.8942654747E+003   0.0000000000E+000
    684600   0.9028494284E+003   0.0000000000E+000
    684700   0.8980717393E+003   0.0000000000E+000
    684800   0.8926522596E+003   0.0000000000E+000
    684900   0.9014103555E+003   0.0000000000E+000
    685000   0.8928289316E+003   0.0000000000E+000
    685100   0.8876813346E+003   0.0000000000E+000
    685200   0.9018579763E+003   0.0000000000E+000
    685300   0.8999209584E+003   0.0000000000E+000
    685400   0.8933526145E+003   0.0000000000E+000
    685500   0.8939042564E+003   0.0000000000E+000
    685600   0.8821559913E+003   0.0000000000E+000
    685700   0.8939622496E+003   0.0000000000E+000
    685800   0.8990328255E+003   0.0000000000E+000
    685900   0.8958634892E+003   0.0000000000E+000
    686000   0.8931491573E+003   0.0000000000E+000
    686100   0.9016868536E+003   0.0000000000E+000
    686200   0.8856309199E+003   0.0000000000E+000
    686300   0.8996510173E+003   0.0000000000E+000
    686400   0.9026210330E+003   0.0000000000E+000
    686500   0.9059399795E+003   0.0000000000E+000
    686600   0.8921873661E+003   0.0000000000E+000
    686700   0.8948918178E+003   0.0000000000E+000
    686800   0.9003121689E+003   0.0000000000E+000
    686900   0.8909930586E+003   0.0000000000E+000
    687000   0.8893236012E+003   0.0000000000E+000
    687100   0.8951275153E+003   0.0000000000E+000
    687200   0.8917078747E+003   0.0000000000E+000
    687300   0.8885022487E+003   0.0000000000E+000
    687400   0.9060904342E+003   0.0000000000E+000
    687500   0.8992990750E+003   0.0000000000E+000
    687600   0.8940960868E+003   0.0000000000E+000
    687700   0.8859420599E+003   0.0000000000E+000
    687800   0.8966216677E+003   0.0000000000E+000
    687900   0.8975805216E+003   0.0000000000E+000
    688000   0.9041608129E+003   0.0000000000E+000
    688100   0.8984940410E+003   0.0000000000E+000
    688200   0.8949800844E+003   0.0000000000E+000
    688300   0.8854884641E+003   0.0000000000E+000
    688400   0.8909190898E+003   0.0000000000E+000
    688500   0.8962528553E+003   0.0000000000E+000
    688600   0.8957349119E+003   0.0000000000E+000
    688700   0.8880874397E+003   0.0000000000E+000
    688800   0.8949321963E+003   0.0000000000E+000
    688900   0.8977288153E+003   0.0000000000E+000
    689000   0.8945545438E+003   0.0000000000E+000
    689100   0.8916745622E+003   0.0000000000E+000
    689200   0.8929924487E+003   0.0000000000E+000
    689300   0.8958212016E+003   0.0000000000E+000
    689400   0.8911047275E+003   0.0000000000E+000
    689500   0.8975477769E+003   0.0000000000E+000
    689600   0.8937022471E+003   0.0000000000E+000
    689700   0.8982980283E+003   0.0000000000E+000
    689800   0.9037814779E+003   0.0000000000E+000
    689900   0.9099824085E+003   0.0000000000E+000
    690000   0.8986162862E+003   0.0000000000E+000
    690100   0.8991134627E+003   0.0000000000E+000
    690200   0.8851849914E+003   0.0000000000E+000
    690300   0.8916089567E+003   0.0000000000E+000
    690400   0.8897167962E+003   0.0000000000E+000
    690500   0.9051776467E+003   0.0000000000E+000
    690600   0.8991852110E+003   0.0000000000E+000
    690700   0.9046623738E+003   0.0000000000E+000
    690800   0.9041312977E+003   0.0000000000E+000
    690900   0.8945203784E+003   0.0000000000E+000
    691000   0.9032330649E+003   0.0000000000E+000
    691100   0.9019672760E+003   0.0000000000E+000
    691200   0.8960885733E+003   0.0000000000E+000
    691300   0.8981619347E+003   0.0000000000E+000
    691400   0.8987793107E+003   0.0000000000E+000
    691500   0.9076216950E+003   0.0000000000E+000
    691600   0.9066489825E+003   0.0000000000E+000
    691700   0.8919803206E+003   0.0000000000E+000
    691800   0.9006750982E+003   0.0000000000E+000
    691900   0.8967713248E+003   0.0000000000E+000
    692000   0.9077639767E+003   0.0000000000E+000
    692100   0.9085233034E+003   0.0000000000E+000
    692200   0.8964112900E+003   0.0000000000E+000
    692300   0.9012575067E+003   0.0000000000E+000
    692400   0.8985450655E+003   0.0000000000E+000
    692500   0.8973484245E+003   0.0000000000E+000
    692600   0.8995986166E+003   0.0000000000E+000
    692700   0.9098039227E+003   0.0000000000E+000
    692800   0.9005696411E+003   0.0000000000E+000
    692900   0.9014257747E+003   0.0000000000E+000
    693000   0.9070419857E+003   0.0000000000E+000
    693100   0.9003755393E+003   0.0000000000E+000
    693200   0.9000013633E+003   0.0000000000E+000
    693300   0.9052676843E+003   0.0000000000E+000
    693400   0.8997510704E+003   0.0000000000E+000
    693500   0.9005622828E+003   0.0000000000E+000
    693600   0.8945550539E+003   0.0000000000E+000
    693700   0.9010871960E+003   0.0000000000E+000
    693800   0.9096923637E+003   0.0000000000E+000
    693900   0.9009315089E+003   0.0000000000E+000
    694000   0.8966260556E+003   0.0000000000E+000
    694100   0.8919144984E+003   0.0000000000E+000
    694200   0.8977938258E+003   0.0000000000E+000
    694300   0.9024628382E+003   0.0000000000E+000
    694400   0.9126508758E+003   0.0000000000E+000
    694500   0.9018990165E+003   0.0000000000E+000
    694600   0.9048801735E+003   0.0000000000E+000
    694700   0.9064956623E+003   0.0000000000E+000
    694800   0.9009287689E+003   0.0000000000E+000
    694900   0.8979876722E+003   0.0000000000E+000
    695000   0.8974730706E+003   0.0000000000E+000
    695100   0.9035950855E+003   0.0000000000E+000
    695200   0.8920595703E+003   0.0000000000E+000
    695300   0.8829392258E+003   0.0000000000E+000
    695400   0.9026142669E+003   0.0000000000E+000
    695500   0.8980894195E+003   0.0000000000E+000
    695600   0.9052162568E+003   0.0000000000E+000
    695700   0.8894628168E+003   0.0000000000E+000
    695800   0.9045209069E+003   0.0000000000E+000
    695900   0.8992164323E+003   0.0000000000E+000
    696000   0.8812312407E+003   0.0000000000E+000
    696100   0.8958153098E+003   0.0000000000E+000
    696200   0.9002900539E+003   0.0000000000E+000
    696300   0.8839034756E+003   0.0000000000E+000
    696400   0.8929669873E+003   0.0000000000E+000
    696500   0.8847174811E+003   0.0000000000E+000
    696600   0.8963347472E+003   0.0000000000E+000
    696700   0.9066980125E+003   0.0000000000E+000
    696800   0.9131105504E+003   0.0000000000E+000
    696900   0.8955590142E+003   0.0000000000E+000
    697000   0.9092769345E+003   0.0000000000E+000
    697100   0.9024133238E+003   0.0000000000E+000
    697200   0.8960134040E+003   0.0000000000E+000
    697300   0.8972690570E+003   0.0000000000E+000
    697400   0.8924404831E+003   0.0000000000E+000
    697500   0.8809423034E+003   0.0000000000E+000
    697600   0.8967528463E+003   0.0000000000E+000
    697700   0.8959844579E+003   0.0000000000E+000
    697800   0.9064059041E+003   0.0000000000E+000
    697900   0.8940783704E+003   0.0000000000E+000
    698000   0.9088198278E+003   0.0000000000E+000
    698100   0.9056337197E+003   0.0000000000E+000
    698200   0.8899069728E+003   0.0000000000E+000
    698300   0.8870019122E+003   0.0000000000E+000
    698400   0.8945217829E+003   0.0000000000E+000
    698500   0.8988808983E+003   0.0000000000E+000
    698600   0.8990425705E+003   0.0000000000E+000
    698700   0.8962181020E+003   0.0000000000E+000
    698800   0.8989600552E+003   0.0000000000E+000
    698900   0.8966271284E+003   0.0000000000E+000
    699000   0.8999064914E+003   0.0000000000E+000
    699100   0.9014910044E+003   0.0000000000E+000
    699200   0.8967132904E+003   0.0000000000E+000
    699300   0.9037931292E+003   0.0000000000E+000
    699400   0.8914667831E+003   0.0000000000E+000
    699500   0.8963189355E+003   0.0000000000E+000
    699600   0.9009195398E+003   0.0000000000E+000
    699700   0.9011256023E+003   0.0000000000E+000
    699800   0.9111118081E+003   0.0000000000E+000
    699900   0.9055346860E+003   0.0000000000E+000
    700000   0.8935341443E+003   0.0000000000E+000
    700100   0.8951643306E+003   0.0000000000E+000
    700200   0.8948190632E+003   0.0000000000E+000
    700300   0.8909562407E+003   0.0000000000E+000
    700400   0.8934830555E+003   0.0000000000E+000
    700500   0.9031130050E+003   0.0000000000E+000
    700600   0.8959217595E+003   0.0000000000E+000
    700700   0.8846519621E+003   0.0000000000E+000
    700800   0.8992621727E+003   0.0000000000E+000
    700900   0.8998540948E+003   0.0000000000E+000
    701000   0.9041434066E+003   0.0000000000E+000
    701100   0.8983352452E+003   0.0000000000E+000
    701200   0.8997730262E+003   0.0000000000E+000
    701300   0.8973154979E+003   0.0000000000E+000
    701400   0.8993031234E+003   0.0000000000E+000
    701500   0.8979226651E+003   0.0000000000E+000
    701600   0.8931844000E+003   0.0000000000E+000
    701700   0.8987349815E+003   0.0000000000E+000
    701800   0.8929543358E+003   0.0000000000E+000
    701900   0.8911224644E+003   0.0000000000E+000
    702000   0.9028887258E+003   0.0000000000E+000
    702100   0.8953015099E+003   0.0000000000E+000
    702200   0.9062966246E+003   0.0000000000E+000
    702300   0.9024282077E+003   0.0000000000E+000
    702400   0.8995448080E+003   0.0000000000E+000
    702500   0.9115854749E+003   0.0000000000E+000
    702600   0.8991146970E+003   0.0000000000E+000
    702700   0.8972901178E+003   0.0000000000E+000
    702800   0.8923320603E+003   0.0000000000E+000
    702900   0.9056103852E+003   0.0000000000E+000
    703000   0.9049158619E+003   0.0000000000E+000
    703100   0.9060329819E+003   0.0000000000E+000
    703200   0.9043536772E+003   0.0000000000E+000
    703300   0.9089723979E+003   0.0000000000E+000
    703400   0.8937177053E+003   0.0000000000E+000
    703500   0.9038141045E+003   0.0000000000E+000
    703600   0.9017659642E+003   0.0000000000E+000
    703700   0.9008446018E+003   0.0000000000E+000
    703800   0.8943168566E+003   0.0000000000E+000
    703900   0.9063378940E+003   0.0000000000E+000
    704000   0.9048177645E+003   0.0000000000E+000
    704100   0.9044238332E+003   0.0000000000E+000
    704200   0.8996473347E+003   0.0000000000E+000
    704300   0.9039333677E+003   0.0000000000E+000
    704400   0.9036433895E+003   0.0000000000E+000
    704500   0.9054495818E+003   0.0000000000E+000
    704600   0.9007682875E+003   0.0000000000E+000
    704700   0.9098624822E+003   0.0000000000E+000
    704800   0.9167864401E+003   0.0000000000E+000
    704900   0.9028622467E+003   0.0000000000E+000
    705000   0.9042871340E+003   0.0000000000E+000
    705100   0.9091758250E+003   0.0000000000E+000
    705200   0.8984911722E+003   0.0000000000E+000
    705300   0.9022367812E+003   0.0000000000E+000
    705400   0.8989933934E+003   0.0000000000E+000
    705500   0.9036291786E+003   0.0000000000E+000
    705600   0.9125792930E+003   0.0000000000E+000
    705700   0.9078580226E+003   0.0000000000E+000
    705800   0.9115069628E+003   0.0000000000E+000
    705900   0.9047032877E+003   0.0000000000E+000
    706000   0.9031156086E+003   0.0000000000E+000
    706100   0.9064797437E+003   0.0000000000E+000
    706200   0.8994438562E+003   0.3541087840E+000
    706300   0.9089421137E+003   0.3535284639E+000
    706400   0.9071380563E+003   0.0000000000E+000
    706500   0.8976919316E+003   0.3542173749E+000
    706600   0.9044523143E+003   0.3538010234E+000
    706700   0.9067629841E+003   0.3536603614E+000
    706800   0.9053795112E+003   0.3537444806E+000
    706900   0.9044559205E+003   0.3538008033E+000
    707000   0.9128250558E+003   0.0000000000E+000
    707100   0.8920626066E+003   0.3545696468E+000
    707200   0.9001155821E+003   0.3540672776E+000
    707300   0.9046054460E+003   0.3537916758E+000
    707400   0.9001143789E+003   0.3540673519E+000
    707500   0.8957402432E+003   0.3543389271E+000
    707600   0.9048991080E+003   0.0000000000E+000
    707700   0.9041607987E+003   0.3538188285E+000
    707800   0.9040678751E+003   0.0000000000E+000
    707900   0.8983536336E+003   0.3541763025E+000
    708000   0.9126465632E+003   0.3533059111E+000
    708100   0.9010960368E+003   0.3540068231E+000
    708200   0.9112950162E+003   0.3533868661E+000
    708300   0.9051421686E+003   0.0000000000E+000
    708400   0.9042621558E+003   0.3538126364E+000
    708500   0.9010102498E+003   0.0000000000E+000
    708600   0.9016596501E+003   0.3539721398E+000
    708700   0.9018749646E+003   0.3539589031E+000
    708800   0.9046392343E+003   0.0000000000E+000
    708900   0.9055906237E+003   0.3537316252E+000
    709000   0.9037499038E+003   0.3538439475E+000
    709100   0.9057741601E+003   0.3537204546E+000
    709200   0.9027925224E+003   0.0000000000E+000
    709300   0.8943449942E+003   0.0000000000E+000
    709400   0.8901379533E+003   0.3546912724E+000
    709500   0.9043290155E+003   0.7073403663E+000
    709600   0.8992504800E+003   0.3541207462E+000
    709700   0.9032838940E+003   0.3538724678E+000
    709800   0.8951385693E+003   0.3543765234E+000
    709900   0.8974766777E+003   0.3542307510E+000
    710000   0.8861880699E+003   0.3549427983E+000
    710100   0.8869625646E+003   0.3548932743E+000
    710200   0.8967194873E+003   0.3542778627E+000
    710300   0.9053782815E+003   0.3537445555E+000
    710400   0.8986079465E+003   0.3541605357E+000
    710500   0.8974838630E+003   0.3542303044E+000
    710600   0.8889857043E+003   0.3547643791E+000
    710700   0.8960773129E+003   0.3543178904E+000
    710800   0.8884916813E+003   0.3547957908E+000
    710900   0.8901110220E+003   0.3546929786E+000
    711000   0.8883847083E+003   0.3548025978E+000
    711100   0.8973580097E+003   0.3542381284E+000
    711200   0.8969813960E+003   0.3542615566E+000
    711300   0.8981880380E+003   0.3541865746E+000
    711400   0.9017215435E+003   0.3539683341E+000
    711500   0.8963175698E+003   0.0000000000E+000
    711600   0.8965477129E+003   0.3542885632E+000
    711700   0.8920720269E+003   0.3545690530E+000
    711800   0.8939214495E+003   0.3544527559E+000
    711900   0.8981254955E+003   0.3541904554E+000
    712000   0.8927276436E+003   0.3545277620E+000
    712100   0.8761752231E+003   0.3555922162E+000
    712200   0.8914463565E+003   0.3546085236E+000
    712300   0.8990192360E+003   0.3541350586E+000
    712400   0.8936846098E+003   0.3544676179E+000
    712500   0.8899633489E+003   0.3547023364E+000
    712600   0.9003765950E+003   0.3540511688E+000
    712700   0.8870288358E+003   0.3548890413E+000
    712800   0.8971598280E+003   0.0000000000E+000
    712900   0.8891773816E+003   0.3547522026E+000
    713000   0.8987889580E+003   0.0000000000E+000
    713100   0.9051748106E+003   0.3537569523E+000
    713200   0.8937067169E+003   0.0000000000E+000
    713300   0.8961109309E+003   0.3543157933E+000
    713400   0.8934094376E+003   0.3544848969E+000
    713500   0.8999444532E+003   0.3540778450E+000
    713600   0.8895116366E+003   0.0000000000E+000
    713700   0.9007889448E+003   0.0000000000E+000
    713800   0.9183432991E+003   0.0000000000E+000
    713900   0.8946082793E+003   0.0000000000E+000
    714000   0.9040641704E+003   0.0000000000E+000
    714100   0.9054080491E+003   0.0000000000E+000
    714200   0.9012264871E+003   0.0000000000E+000
    714300   0.8946880597E+003   0.0000000000E+000
    714400   0.8886227208E+003   0.0000000000E+000
    714500   0.9001752134E+003   0.0000000000E+000
    714600   0.9049889063E+003   0.0000000000E+000
    714700   0.8906881270E+003   0.0000000000E+000
    714800   0.9047798923E+003   0.0000000000E+000
    714900   0.9079225131E+003   0.0000000000E+000
    715000   0.8924252774E+003   0.0000000000E+000
    715100   0.8997275732E+003   0.0000000000E+000
    715200   0.9019202668E+003   0.3539561190E+000
    715300   0.9115937006E+003   0.3533689517E+000
    715400   0.9143544982E+003   0.3532040042E+000
    715500   0.9152203129E+003   0.3531525115E+000
    715600   0.8967853422E+003   0.3542737616E+000
    715700   0.8987761485E+003   0.3541501133E+000
    715800   0.9038566143E+003   0.3538374215E+000
    715900   0.9146416278E+003   0.3531869153E+000
    716000   0.8965368697E+003   0.3542892388E+000
    716100   0.9031270021E+003   0.3538820774E+000
    716200   0.9005598541E+003   0.0000000000E+000
    716300   0.9063292720E+003   0.3536867005E+000
    716400   0.9031958761E+003   0.3538778584E+000
    716500   0.9020720130E+003   0.3539467957E+000
    716600   0.9081024801E+003   0.3535791983E+000
    716700   0.9058671423E+003   0.3537147974E+000
    716800   0.9076648466E+003   0.0000000000E+000
    716900   0.9037735414E+003   0.0000000000E+000
    717000   0.9041186254E+003   0.0000000000E+000
    717100   0.9085512608E+003   0.0000000000E+000
    717200   0.9047336039E+003   0.3537838555E+000
    717300   0.9089558854E+003   0.3535276326E+000
    717400   0.9006834252E+003   0.3540322461E+000
    717500   0.9021902525E+003   0.3539395336E+000
    717600   0.9039354744E+003   0.3538325999E+000
    717700   0.9012762978E+003   0.3539957249E+000
    717800   0.9087980664E+003   0.3535371602E+000
    717900   0.9036638056E+003   0.3538492142E+000
    718000   0.8969017737E+003   0.3542665126E+000
    718100   0.8824002815E+003   0.3551864570E+000
    718200   0.8927755705E+003   0.0000000000E+000
    718300   0.8940019082E+003   0.0000000000E+000
    718400   0.8965665912E+003   0.0000000000E+000
    718500   0.9014798862E+003   0.0000000000E+000
    718600   0.9069522687E+003   0.0000000000E+000
    718700   0.8938119883E+003   0.3544596236E+000
    718800   0.8997207068E+003   0.3540916685E+000
    718900   0.8948158708E+003   0.3543967118E+000
    719000   0.9100146107E+003   0.3534638161E+000
    719100   0.8990174747E+003   0.3541351677E+000
    719200   0.8970864969E+003   0.3542550162E+000
    719300   0.8974210569E+003   0.3542342086E+000
    719400   0.9052162125E+003   0.3537544293E+000
    719500   0.8943179585E+003   0.3544278948E+000
    719600   0.9013106657E+003   0.0000000000E+000
    719700   0.8991497002E+003   0.0000000000E+000
    719800   0.9000673692E+003   0.0000000000E+000
    719900   0.8941440528E+003   0.0000000000E+000
    720000   0.8999483265E+003   0.0000000000E+000
    720100   0.8998662758E+003   0.0000000000E+000
    720200   0.8937411806E+003   0.0000000000E+000
    720300   0.9063243476E+003   0.0000000000E+000
    720400   0.9101212263E+003   0.0000000000E+000
    720500   0.8870132410E+003   0.0000000000E+000
    720600   0.9009755172E+003   0.0000000000E+000
    720700   0.8878814534E+003   0.0000000000E+000
    720800   0.8967375671E+003   0.0000000000E+000
    720900   0.9055563393E+003   0.0000000000E+000
    721000   0.9098540281E+003   0.0000000000E+000
    721100   0.9052027091E+003   0.0000000000E+000
    721200   0.8961757546E+003   0.0000000000E+000
    721300   0.8998146038E+003   0.0000000000E+000
    721400   0.8998613271E+003   0.0000000000E+000
    721500   0.8917647634E+003   0.0000000000E+000
    721600   0.8978679000E+003   0.0000000000E+000
    721700   0.9024188541E+003   0.0000000000E+000
    721800   0.9037637688E+003   0.0000000000E+000
    721900   0.9026609874E+003   0.0000000000E+000
    722000   0.9072009473E+003   0.0000000000E+000
    722100   0.9024042152E+003   0.0000000000E+000
    722200   0.9065861588E+003   0.0000000000E+000
    722300   0.8962204897E+003   0.0000000000E+000
    722400   0.8986668043E+003   0.3541568882E+000
    722500   0.8957640300E+003   0.7083946642E+000
    722600   0.8971305666E+003   0.7082248900E+000
    722700   0.8927898943E+003   0.7087662416E+000
    722800   0.8890917027E+003   0.7092322977E+000
    722900   0.8889617316E+003   0.7092487587E+000
    723000   0.8953775789E+003   0.7084427844E+000
    723100   0.8982444939E+003   0.7080869414E+000
    723200   0.9033171206E+003   0.7074637206E+000
    723300   0.8982807335E+003   0.1061705238E+001
    723400   0.9033195298E+003   0.1060779748E+001
    723500   0.9000300189E+003   0.1061382584E+001
    723600   0.9052849875E+003   0.1060421973E+001
    723700   0.9026454737E+003   0.7075457738E+000
    723800   0.9032951702E+003   0.7074664000E+000
    723900   0.9039492360E+003   0.7073866256E+000
    724000   0.9065410088E+003   0.7070718226E+000
    724100   0.9091042526E+003   0.7067625233E+000
    724200   0.9104968548E+003   0.3534348048E+000
    724300   0.9060976464E+003   0.7071255269E+000
    724400   0.8826717164E+003   0.7100521207E+000
    724500   0.8923514824E+003   0.7088212577E+000
    724600   0.8945255595E+003   0.7085490465E+000
    724700   0.9028152339E+003   0.3539011846E+000
    724800   0.9064645326E+003   0.7070810818E+000
    724900   0.9096902985E+003   0.3534833464E+000
    725000   0.8998045993E+003   0.7078944021E+000
    725100   0.8965947148E+003   0.3542856348E+000
    725200   0.8940077515E+003   0.7086137410E+000
    725300   0.8962110318E+003   0.7083390642E+000
    725400   0.9093002429E+003   0.3535068570E+000
    725500   0.9009177994E+003   0.3540178019E+000
    725600   0.9052291818E+003   0.3537536390E+000
    725700   0.9077663346E+003   0.3535995401E+000
    725800   0.9029982716E+003   0.3538899650E+000
    725900   0.9118843985E+003   0.3533515292E+000
    726000   0.9010523545E+003   0.3540095133E+000
    726100   0.8947413580E+003   0.0000000000E+000
    726200   0.8935390803E+003   0.3544767547E+000
    726300   0.8939608869E+003   0.3544502820E+000
    726400   0.8923804605E+003   0.3545496190E+000
    726500   0.8927780133E+003   0.3545245926E+000
    726600   0.8867592121E+003   0.3549062677E+000
    726700   0.8979559481E+003   0.0000000000E+000
    726800   0.8988123167E+003   0.0000000000E+000
    726900   0.8993921776E+003   0.3541119803E+000
    727000   0.8964856202E+003   0.3542924323E+000
    727100   0.8965204169E+003   0.3542902640E+000
    727200   0.9041761025E+003   0.3538178935E+000
    727300   0.8955015618E+003   0.3543538344E+000
    727400   0.8933454551E+003   0.3544889163E+000
    727500   0.9008058795E+003   0.3540246983E+000
    727600   0.8903642790E+003   0.3546769384E+000
    727700   0.8905255270E+003   0.0000000000E+000
    727800   0.8968879302E+003   0.3542673744E+000
    727900   0.8955036571E+003   0.3543537035E+000
    728000   0.8903275243E+003   0.3546792657E+000
    728100   0.8851664121E+003   0.0000000000E+000
    728200   0.9007036632E+003   0.3540309985E+000
    728300   0.8971497956E+003   0.0000000000E+000
    728400   0.8962202460E+003   0.0000000000E+000
    728500   0.8951321633E+003   0.0000000000E+000
    728600   0.8850706456E+003   0.3550144278E+000
    728700   0.8858170990E+003   0.3549665552E+000
    728800   0.8906896057E+003   0.0000000000E+000
    728900   0.8691746508E+003   0.0000000000E+000
    729000   0.8957843747E+003   0.0000000000E+000
    729100   0.8853745968E+003   0.3549949230E+000
    729200   0.8802421678E+003   0.3553263717E+000
    729300   0.8978016828E+003   0.0000000000E+000
    729400   0.8824860492E+003   0.3551809129E+000
    729500   0.9023445616E+003   0.3539300595E+000
    729600   0.8865656584E+003   0.7095532275E+000
    729700   0.8973756041E+003   0.7081945106E+000
    729800   0.8918445143E+003   0.3545833983E+000
    729900   0.8912742946E+003   0.3546193894E+000
    730000   0.8840386998E+003   0.0000000000E+000
    730100   0.8858959449E+003   0.3549615040E+000
    730200   0.8873246893E+003   0.3548701531E+000
    730300   0.8888284767E+003   0.3547743718E+000
    730400   0.8932020486E+003   0.0000000000E+000
    730500   0.8957416624E+003   0.3543388385E+000
    730600   0.8961038352E+003   0.3543162359E+000
    730700   0.8927692171E+003   0.3545251461E+000
    730800   0.9053662998E+003   0.0000000000E+000
    730900   0.8921337910E+003   0.3545651601E+000
    731000   0.8899174842E+003   0.0000000000E+000
    731100   0.8998776859E+003   0.3540819692E+000
    731200   0.9116369537E+003   0.3533663586E+000
    731300   0.8924416769E+003   0.0000000000E+000
    731400   0.8934215983E+003   0.3544841330E+000
    731500   0.8994753912E+003   0.3541068338E+000
    731600   0.8977225803E+003   0.3542154710E+000
    731700   0.9002447467E+003   0.3540593047E+000
    731800   0.8982527829E+003   0.0000000000E+000
    731900   0.8937776332E+003   0.0000000000E+000
    732000   0.9018596340E+003   0.0000000000E+000
    732100   0.9023561855E+003   0.0000000000E+000
    732200   0.8910716655E+003   0.0000000000E+000
    732300   0.9033918510E+003   0.0000000000E+000
    732400   0.8880401343E+003   0.0000000000E+000
    732500   0.9114671691E+003   0.0000000000E+000
    732600   0.9124399091E+003   0.0000000000E+000
    732700   0.9088868880E+003   0.0000000000E+000
    732800   0.9063018570E+003   0.0000000000E+000
    732900   0.9070861273E+003   0.0000000000E+000
    733000   0.8902936679E+003   0.0000000000E+000
    733100   0.9006058179E+003   0.0000000000E+000
    733200   0.8988244474E+003   0.0000000000E+000
    733300   0.9013776030E+003   0.0000000000E+000
    733400   0.9016259406E+003   0.0000000000E+000
    733500   0.9066857161E+003   0.0000000000E+000
    733600   0.9054063603E+003   0.0000000000E+000
    733700   0.8990537725E+003   0.0000000000E+000
    733800   0.8996333230E+003   0.0000000000E+000
    733900   0.8990809127E+003   0.0000000000E+000
    734000   0.8887619498E+003   0.0000000000E+000
    734100   0.9035759717E+003   0.0000000000E+000
    734200   0.9010526031E+003   0.0000000000E+000
    734300   0.9008892009E+003   0.0000000000E+000
    734400   0.9006607851E+003   0.0000000000E+000
    734500   0.9006418606E+003   0.0000000000E+000
    734600   0.8966898697E+003   0.0000000000E+000
    734700   0.8981547034E+003   0.0000000000E+000
    734800   0.8972030665E+003   0.0000000000E+000
    734900   0.9032664081E+003   0.0000000000E+000
    735000   0.8978658651E+003   0.0000000000E+000
    735100   0.8949803568E+003   0.0000000000E+000
    735200   0.9076978451E+003   0.0000000000E+000
    735300   0.8991597680E+003   0.0000000000E+000
    735400   0.9024917475E+003   0.0000000000E+000
    735500   0.9092100973E+003   0.0000000000E+000
    735600   0.9001947542E+003   0.0000000000E+000
    735700   0.8990380672E+003   0.0000000000E+000
    735800   0.9140733548E+003   0.0000000000E+000
    735900   0.9063735232E+003   0.0000000000E+000
    736000   0.9031632491E+003   0.0000000000E+000
    736100   0.9026579038E+003   0.0000000000E+000
    736200   0.9036246697E+003   0.0000000000E+000
    736300   0.8988624121E+003   0.0000000000E+000
    736400   0.9147480398E+003   0.0000000000E+000
    736500   0.9019165846E+003   0.0000000000E+000
    736600   0.9106111144E+003   0.0000000000E+000
    736700   0.9017209549E+003   0.0000000000E+000
    736800   0.9065764211E+003   0.0000000000E+000
    736900   0.8987390147E+003   0.0000000000E+000
    737000   0.8992162836E+003   0.0000000000E+000
    737100   0.9052888911E+003   0.0000000000E+000
    737200   0.9037646569E+003   0.0000000000E+000
    737300   0.9101018269E+003   0.0000000000E+000
    737400   0.8913514712E+003   0.0000000000E+000
    737500   0.9008338313E+003   0.0000000000E+000
    737600   0.9028143724E+003   0.0000000000E+000
    737700   0.9042768463E+003   0.0000000000E+000
    737800   0.8947120971E+003   0.0000000000E+000
    737900   0.8961391867E+003   0.0000000000E+000
    738000   0.8939799621E+003   0.0000000000E+000
    738100   0.8992909625E+003   0.0000000000E+000
    738200   0.8979246513E+003   0.0000000000E+000
    738300   0.9008224886E+003   0.0000000000E+000
    738400   0.8982531601E+003   0.0000000000E+000
    738500   0.8749447055E+003   0.0000000000E+000
    738600   0.8963880822E+003   0.0000000000E+000
    738700   0.9002424038E+003   0.0000000000E+000
    738800   0.8974914183E+003   0.0000000000E+000
    738900   0.8922849430E+003   0.0000000000E+000
    739000   0.8936193870E+003   0.0000000000E+000
    739100   0.8871203696E+003   0.0000000000E+000
    739200   0.8892398872E+003   0.0000000000E+000
    739300   0.9013930971E+003   0.0000000000E+000
    739400   0.8937781308E+003   0.0000000000E+000
    739500   0.9096450886E+003   0.0000000000E+000
    739600   0.9155318496E+003   0.0000000000E+000
    739700   0.9059983365E+003   0.0000000000E+000
    739800   0.9041446911E+003   0.0000000000E+000
    739900   0.9076095837E+003   0.0000000000E+000
    740000   0.9062121345E+003   0.0000000000E+000
    740100   0.9013566791E+003   0.0000000000E+000
    740200   0.9035161718E+003   0.0000000000E+000
    740300   0.8952283608E+003   0.0000000000E+000
    740400   0.8928601480E+003   0.0000000000E+000
    740500   0.9068756444E+003   0.0000000000E+000
    740600   0.8965733454E+003   0.0000000000E+000
    740700   0.9009680455E+003   0.0000000000E+000
    740800   0.9083561120E+003   0.0000000000E+000
    740900   0.9109949178E+003   0.0000000000E+000
    741000   0.8874433690E+003   0.0000000000E+000
    741100   0.9049390165E+003   0.0000000000E+000
    741200   0.8898287234E+003   0.3547108705E+000
    741300   0.8958160158E+003   0.3543341965E+000
    741400   0.9005246781E+003   0.7078057943E+000
    741500   0.9158903621E+003   0.7059533040E+000
    741600   0.9102762151E+003   0.7066217759E+000
    741700   0.9051056479E+003   0.7072459076E+000
    741800   0.8976656887E+003   0.3542190053E+000
    741900   0.9057286524E+003   0.3537232238E+000
    742000   0.9088816244E+003   0.3535321153E+000
    742100   0.8939671013E+003   0.3544498922E+000
    742200   0.9055424201E+003   0.0000000000E+000
    742300   0.9073704451E+003   0.3536235197E+000
    742400   0.8937345216E+003   0.3544644851E+000
    742500   0.8961320006E+003   0.3543144791E+000
    742600   0.9024351990E+003   0.3539244963E+000
    742700   0.8967922344E+003   0.3542733325E+000
    742800   0.9030961977E+003   0.3538839646E+000
    742900   0.9083883415E+003   0.0000000000E+000
    743000   0.9132843555E+003   0.0000000000E+000
    743100   0.9057593240E+003   0.0000000000E+000
    743200   0.8913394103E+003   0.0000000000E+000
    743300   0.8935864208E+003   0.0000000000E+000
    743400   0.9048617558E+003   0.0000000000E+000
    743500   0.8964792640E+003   0.0000000000E+000
    743600   0.8950504366E+003   0.0000000000E+000
    743700   0.8991548170E+003   0.0000000000E+000
    743800   0.8936108123E+003   0.0000000000E+000
    743900   0.8929044256E+003   0.0000000000E+000
    744000   0.8871693146E+003   0.0000000000E+000
    744100   0.9048676884E+003   0.0000000000E+000
    744200   0.9027037278E+003   0.0000000000E+000
    744300   0.8923521000E+003   0.0000000000E+000
    744400   0.8922803515E+003   0.0000000000E+000
    744500   0.8990477830E+003   0.0000000000E+000
    744600   0.8968122143E+003   0.0000000000E+000
    744700   0.9068342865E+003   0.0000000000E+000
    744800   0.8932676093E+003   0.0000000000E+000
    744900   0.9062786209E+003   0.0000000000E+000
    745000   0.9052240711E+003   0.0000000000E+000
    745100   0.9042543570E+003   0.0000000000E+000
    745200   0.9109996736E+003   0.0000000000E+000
    745300   0.9031314816E+003   0.0000000000E+000
    745400   0.9138012564E+003   0.0000000000E+000
    745500   0.8979962034E+003   0.0000000000E+000
    745600   0.9068847896E+003   0.0000000000E+000
    745700   0.8978367666E+003   0.0000000000E+000
    745800   0.8954298162E+003   0.0000000000E+000
    745900   0.9039518084E+003   0.0000000000E+000
    746000   0.9054136937E+003   0.0000000000E+000
    746100   0.9094053580E+003   0.0000000000E+000
    746200   0.8969785487E+003   0.0000000000E+000
    746300   0.8952906960E+003   0.0000000000E+000
    746400   0.8947537136E+003   0.0000000000E+000
    746500   0.9098341740E+003   0.0000000000E+000
    746600   0.8959383277E+003   0.0000000000E+000
    746700   0.9045603883E+003   0.0000000000E+000
    746800   0.9013506330E+003   0.0000000000E+000
    746900   0.8959092341E+003   0.0000000000E+000
    747000   0.8974283192E+003   0.0000000000E+000
    747100   0.9063495748E+003   0.0000000000E+000
    747200   0.9102217379E+003   0.0000000000E+000
    747300   0.9043367990E+003   0.0000000000E+000
    747400   0.8941877288E+003   0.0000000000E+000
    747500   0.8996503221E+003   0.0000000000E+000
    747600   0.9005840620E+003   0.0000000000E+000
    747700   0.9062895161E+003   0.0000000000E+000
    747800   0.9083475328E+003   0.0000000000E+000
    747900   0.8896339838E+003   0.0000000000E+000
    748000   0.9012691764E+003   0.0000000000E+000
    748100   0.8886214459E+003   0.0000000000E+000
    748200   0.9024742814E+003   0.0000000000E+000
    748300   0.8961328333E+003   0.0000000000E+000
    748400   0.8918273789E+003   0.0000000000E+000
    748500   0.9046266099E+003   0.0000000000E+000
    748600   0.8928312271E+003   0.0000000000E+000
    748700   0.8933267600E+003   0.0000000000E+000
    748800   0.8956676185E+003   0.0000000000E+000
    748900   0.8996945879E+003   0.0000000000E+000
    749000   0.9070989247E+003   0.0000000000E+000
    749100   0.9033552606E+003   0.0000000000E+000
    749200   0.8990085497E+003   0.0000000000E+000
    749300   0.8985253634E+003   0.0000000000E+000
    749400   0.8987861198E+003   0.0000000000E+000
    749500   0.9089191185E+003   0.0000000000E+000
    749600   0.8941647581E+003   0.0000000000E+000
    749700   0.8966509059E+003   0.0000000000E+000
    749800   0.9053380056E+003   0.0000000000E+000
    749900   0.8984938584E+003   0.0000000000E+000
    750000   0.9018951782E+003   0.0000000000E+000
    750100   0.9015963545E+003   0.0000000000E+000
    750200   0.9025855439E+003   0.0000000000E+000
    750300   0.8952654339E+003   0.0000000000E+000
    750400   0.9037854439E+003   0.0000000000E+000
    750500   0.9031771338E+003   0.0000000000E+000
    750600   0.9050457235E+003   0.0000000000E+000
    750700   0.9014668549E+003   0.0000000000E+000
    750800   0.9147774680E+003   0.0000000000E+000
    750900   0.9053278258E+003   0.0000000000E+000
    751000   0.9080137781E+003   0.0000000000E+000
    751100   0.9099346900E+003   0.0000000000E+000
    751200   0.9046261193E+003   0.0000000000E+000
    751300   0.8980308038E+003   0.0000000000E+000
    751400   0.9020372340E+003   0.0000000000E+000
    751500   0.8967100684E+003   0.0000000000E+000
    751600   0.8987844910E+003   0.3541495965E+000
    751700   0.8915235057E+003   0.3546036531E+000
    751800   0.8957994079E+003   0.3543352333E+000
    751900   0.9057985906E+003   0.3537189680E+000
    752000   0.8969389581E+003   0.3542641980E+000
    752100   0.9101955159E+003   0.0000000000E+000
    752200   0.8916647624E+003   0.3545947381E+000
    752300   0.8960917549E+003   0.3543169895E+000
    752400   0.9015256154E+003   0.3539803834E+000
    752500   0.8951554919E+003   0.3543754652E+000
    752600   0.8966778916E+003   0.3542804534E+000
    752700   0.9093686069E+003   0.3535027347E+000
    752800   0.8968956028E+003   0.3542668967E+000
    752900   0.9023465743E+003   0.3539299359E+000
    753000   0.8938326328E+003   0.3544583282E+000
    753100   0.8956244171E+003   0.3543461601E+000
    753200   0.8913832100E+003   0.3546125108E+000
    753300   0.8987881454E+003   0.0000000000E+000
    753400   0.8928276615E+003   0.0000000000E+000
    753500   0.8935482387E+003   0.0000000000E+000
    753600   0.9049578386E+003   0.0000000000E+000
    753700   0.9031430585E+003   0.0000000000E+000
    753800   0.9055106186E+003   0.0000000000E+000
    753900   0.9024274375E+003   0.0000000000E+000
    754000   0.9122860425E+003   0.0000000000E+000
    754100   0.9127412871E+003   0.0000000000E+000
    754200   0.9063179336E+003   0.0000000000E+000
    754300   0.9123361380E+003   0.0000000000E+000
    754400   0.9023877695E+003   0.0000000000E+000
    754500   0.9050405071E+003   0.0000000000E+000
    754600   0.8947990701E+003   0.0000000000E+000
    754700   0.9047543144E+003   0.0000000000E+000
    754800   0.9077424015E+003   0.0000000000E+000
    754900   0.9079364604E+003   0.0000000000E+000
    755000   0.9020290349E+003   0.0000000000E+000
    755100   0.9049955482E+003   0.0000000000E+000
    755200   0.9088143663E+003   0.0000000000E+000
    755300   0.9111447335E+003   0.0000000000E+000
    755400   0.8968455183E+003   0.0000000000E+000
    755500   0.9036907751E+003   0.0000000000E+000
    755600   0.8975044108E+003   0.0000000000E+000
    755700   0.9040094262E+003   0.0000000000E+000
    755800   0.8984529309E+003   0.0000000000E+000
    755900   0.9046471321E+003   0.0000000000E+000
    756000   0.9068226439E+003   0.0000000000E+000
    756100   0.9111627347E+003   0.0000000000E+000
    756200   0.9036730181E+003   0.0000000000E+000
    756300   0.9046709132E+003   0.0000000000E+000
    756400   0.8993653749E+003   0.0000000000E+000
    756500   0.9031976178E+003   0.0000000000E+000
    756600   0.8958408551E+003   0.0000000000E+000
    756700   0.9026374135E+003   0.0000000000E+000
    756800   0.9043272213E+003   0.0000000000E+000
    756900   0.8917548137E+003   0.0000000000E+000
    757000   0.8956581574E+003   0.0000000000E+000
    757100   0.8943191546E+003   0.0000000000E+000
    757200   0.8983347638E+003   0.0000000000E+000
    757300   0.8920201896E+003   0.0000000000E+000
    757400   0.9020840311E+003   0.0000000000E+000
    757500   0.8947154102E+003   0.0000000000E+000
    757600   0.8852801366E+003   0.0000000000E+000
    757700   0.8881579184E+003   0.0000000000E+000
    757800   0.8987899528E+003   0.0000000000E+000
    757900   0.9116038306E+003   0.0000000000E+000
    758000   0.9011757946E+003   0.0000000000E+000
    758100   0.8933236603E+003   0.0000000000E+000
    758200   0.8913664154E+003   0.0000000000E+000
    758300   0.8904753336E+003   0.0000000000E+000
    758400   0.8908263264E+003   0.0000000000E+000
    758500   0.9012225769E+003   0.0000000000E+000
    758600   0.9006961614E+003   0.0000000000E+000
    758700   0.8935212610E+003   0.0000000000E+000
    758800   0.8958978082E+003   0.0000000000E+000
    758900   0.9066316777E+003   0.0000000000E+000
    759000   0.9059988125E+003   0.0000000000E+000
    759100   0.8992562073E+003   0.0000000000E+000
    759200   0.8984660020E+003   0.0000000000E+000
    759300   0.8971903454E+003   0.0000000000E+000
    759400   0.8938240693E+003   0.0000000000E+000
    759500   0.9040991675E+003   0.0000000000E+000
    759600   0.8930565790E+003   0.0000000000E+000
    759700   0.8995378815E+003   0.0000000000E+000
    759800   0.9000720119E+003   0.0000000000E+000
    759900   0.8969015831E+003   0.0000000000E+000
    760000   0.9021335244E+003   0.0000000000E+000
    760100   0.8980182776E+003   0.0000000000E+000
    760200   0.8998601838E+003   0.0000000000E+000
    760300   0.9037239222E+003   0.0000000000E+000
    760400   0.8973627794E+003   0.0000000000E+000
    760500   0.9036985518E+003   0.0000000000E+000
    760600   0.9022988843E+003   0.0000000000E+000
    760700   0.9038130122E+003   0.0000000000E+000
    760800   0.8919140419E+003   0.0000000000E+000
    760900   0.9082938189E+003   0.0000000000E+000
    761000   0.8986355020E+003   0.0000000000E+000
    761100   0.9165316158E+003   0.0000000000E+000
    761200   0.9037848955E+003   0.0000000000E+000
    761300   0.9019822214E+003   0.0000000000E+000
    761400   0.9109535914E+003   0.0000000000E+000
    761500   0.9107451444E+003   0.0000000000E+000
    761600   0.8931404097E+003   0.0000000000E+000
    761700   0.9018871150E+003   0.0000000000E+000
    761800   0.9037260712E+003   0.0000000000E+000
    761900   0.8983275114E+003   0.0000000000E+000
    762000   0.9149797751E+003   0.0000000000E+000
    762100   0.9018334695E+003   0.0000000000E+000
    762200   0.8968038133E+003   0.0000000000E+000
    762300   0.8995204456E+003   0.0000000000E+000
    762400   0.8990519142E+003   0.0000000000E+000
    762500   0.8961680785E+003   0.0000000000E+000
    762600   0.8895404005E+003   0.0000000000E+000
    762700   0.8926128428E+003   0.0000000000E+000
    762800   0.8975914735E+003   0.0000000000E+000
    762900   0.8934643103E+003   0.0000000000E+000
    763000   0.9059699204E+003   0.0000000000E+000
    763100   0.8958163495E+003   0.0000000000E+000
    763200   0.9050668548E+003   0.0000000000E+000
    763300   0.9093094204E+003   0.0000000000E+000
    763400   0.8950951484E+003   0.0000000000E+000
    763500   0.9054465974E+003   0.0000000000E+000
    763600   0.9058134656E+003   0.0000000000E+000
    763700   0.9060286556E+003   0.0000000000E+000
    763800   0.9097306210E+003   0.0000000000E+000
    763900   0.9062721839E+003   0.0000000000E+000
    764000   0.9055913196E+003   0.0000000000E+000
    764100   0.8976189330E+003   0.0000000000E+000
    764200   0.9078775431E+003   0.0000000000E+000
    764300   0.8954814896E+003   0.0000000000E+000
    764400   0.9048243499E+003   0.0000000000E+000
    764500   0.9007256811E+003   0.0000000000E+000
    764600   0.9083310975E+003   0.3535653735E+000
    764700   0.8990151987E+003   0.3541353086E+000
    764800   0.9008138216E+003   0.3540242088E+000
    764900   0.9090918572E+003   0.0000000000E+000
    765000   0.9024281060E+003   0.3539249316E+000
    765100   0.8980109995E+003   0.3541975614E+000
    765200   0.9032320230E+003   0.3538756445E+000
    765300   0.8919688883E+003   0.3545755551E+000
    765400   0.9021897877E+003   0.3539395622E+000
    765500   0.9005774324E+003   0.3540387811E+000
    765600   0.9061415558E+003   0.3536981094E+000
    765700   0.9004385625E+003   0.3540473459E+000
    765800   0.9022370761E+003   0.3539366584E+000
    765900   0.9096437026E+003   0.3534861537E+000
    766000   0.9133515167E+003   0.3532637955E+000
    766100   0.9041413622E+003   0.0000000000E+000
    766200   0.9107891826E+003   0.0000000000E+000
    766300   0.9035362973E+003   0.0000000000E+000
    766400   0.8977436642E+003   0.3542141613E+000
    766500   0.8945113648E+003   0.3544157774E+000
    766600   0.9067423929E+003   0.3536616113E+000
    766700   0.9014722988E+003   0.3539836633E+000
    766800   0.8975943870E+003   0.3542234355E+000
    766900   0.8962293596E+003   0.3543084071E+000
    767000   0.8961761156E+003   0.3543117276E+000
    767100   0.9167371411E+003   0.0000000000E+000
    767200   0.9024922511E+003   0.3539209953E+000
    767300   0.8945346086E+003   0.3544143216E+000
    767400   0.8993906896E+003   0.3541120723E+000
    767500   0.9004151397E+003   0.3540487908E+000
    767600   0.8920883216E+003   0.3545680259E+000
    767700   0.8926100383E+003   0.0000000000E+000
    767800   0.8994669996E+003   0.0000000000E+000
    767900   0.8957601864E+003   0.3543376819E+000
    768000   0.8948352936E+003   0.3543954962E+000
    768100   0.8980322773E+003   0.3541962406E+000
    768200   0.8902551704E+003   0.3546838476E+000
    768300   0.8844178704E+003   0.3550563693E+000
    768400   0.8939829214E+003   0.3544488999E+000
    768500   0.8890925051E+003   0.0000000000E+000
    768600   0.8857306257E+003   0.3549720962E+000
    768700   0.8840001075E+003   0.3550832488E+000
    768800   0.8765929783E+003   0.3555647766E+000
    768900   0.8832696776E+003   0.3551303165E+000
    769000   0.8880125728E+003   0.3548262928E+000
    769100   0.8895408403E+003   0.3547291300E+000
    769200   0.8938958271E+003   0.3544543633E+000
    769300   0.9060299176E+003   0.7071337363E+000
    769400   0.8885234251E+003   0.7093043121E+000
    769500   0.9044327224E+003   0.7073277420E+000
    769600   0.8938768624E+003   0.3544555531E+000
    769700   0.8841774307E+003   0.7098586038E+000
    769800   0.8904559684E+003   0.7090598472E+000
    769900   0.8978489462E+003   0.7081358806E+000
    770000   0.9004481578E+003   0.7078152026E+000
    770100   0.8930198862E+003   0.3545093791E+000
    770200   0.8896104311E+003   0.3547247148E+000
    770300   0.9032480769E+003   0.3538746612E+000
    770400   0.9005250337E+003   0.0000000000E+000
    770500   0.9045283849E+003   0.0000000000E+000
    770600   0.8995878784E+003   0.0000000000E+000
    770700   0.8973372841E+003   0.0000000000E+000
    770800   0.9038118986E+003   0.0000000000E+000
    770900   0.8992524654E+003   0.0000000000E+000
    771000   0.9025017798E+003   0.3539204106E+000
    771100   0.9037157033E+003   0.3538460395E+000
    771200   0.8923241112E+003   0.3545531683E+000
    771300   0.9044472516E+003   0.0000000000E+000
    771400   0.9028412587E+003   0.0000000000E+000
    771500   0.9044229948E+003   0.0000000000E+000
    771600   0.9030960151E+003   0.0000000000E+000
    771700   0.8981154104E+003   0.0000000000E+000
    771800   0.9038978056E+003   0.0000000000E+000
    771900   0.9020000388E+003   0.0000000000E+000
    772000   0.8912282399E+003   0.0000000000E+000
    772100   0.9012889469E+003   0.0000000000E+000
    772200   0.8957212673E+003   0.0000000000E+000
    772300   0.9119777156E+003   0.0000000000E+000
    772400   0.9130843134E+003   0.0000000000E+000
    772500   0.8980166275E+003   0.0000000000E+000
    772600   0.8975766436E+003   0.0000000000E+000
    772700   0.9097456834E+003   0.0000000000E+000
    772800   0.9145034574E+003   0.3531951372E+000
    772900   0.9118394093E+003   0.3533542247E+000
    773000   0.9049557738E+003   0.3537703046E+000
    773100   0.9117085748E+003   0.3533620654E+000
    773200   0.9170619410E+003   0.3530433572E+000
    773300   0.9059318659E+003   0.3537108602E+000
    773400   0.9103135127E+003   0.3534458303E+000
    773500   0.9086010458E+003   0.3535490597E+000
    773600   0.9003685216E+003   0.3540516669E+000
    773700   0.9104825172E+003   0.3534356668E+000
    773800   0.8872666251E+003   0.3548738589E+000
    773900   0.9110495011E+003   0.3534016018E+000
    774000   0.8981531464E+003   0.3541887396E+000
    774100   0.8914732184E+003   0.0000000000E+000
    774200   0.9030598321E+003   0.0000000000E+000
    774300   0.9042457031E+003   0.0000000000E+000
    774400   0.9018969111E+003   0.0000000000E+000
    774500   0.9033684911E+003   0.0000000000E+000
    774600   0.9090672860E+003   0.0000000000E+000
    774700   0.9015855390E+003   0.0000000000E+000
    774800   0.9048979071E+003   0.0000000000E+000
    774900   0.9063889323E+003   0.0000000000E+000
    775000   0.9123024221E+003   0.0000000000E+000
    775100   0.8996409210E+003   0.0000000000E+000
    775200   0.9001775684E+003   0.0000000000E+000
    775300   0.9033145879E+003   0.0000000000E+000
    775400   0.9000643220E+003   0.0000000000E+000
    775500   0.9038144621E+003   0.0000000000E+000
    775600   0.8999220209E+003   0.0000000000E+000
    775700   0.9020411972E+003   0.0000000000E+000
    775800   0.9002013550E+003   0.0000000000E+000
    775900   0.9022122781E+003   0.0000000000E+000
    776000   0.8960993295E+003   0.0000000000E+000
    776100   0.8982766527E+003   0.0000000000E+000
    776200   0.9009970350E+003   0.0000000000E+000
    776300   0.8979383705E+003   0.0000000000E+000
    776400   0.9153263981E+003   0.0000000000E+000
    776500   0.8917076577E+003   0.0000000000E+000
    776600   0.9018069085E+003   0.0000000000E+000
    776700   0.9013225933E+003   0.0000000000E+000
    776800   0.8977410112E+003   0.0000000000E+000
    776900   0.9055070653E+003   0.0000000000E+000
    777000   0.9140878329E+003   0.0000000000E+000
    777100   0.8942430831E+003   0.0000000000E+000
    777200   0.8994718530E+003   0.0000000000E+000
    777300   0.8963049729E+003   0.0000000000E+000
    777400   0.9032652014E+003   0.0000000000E+000
    777500   0.9053153899E+003   0.0000000000E+000
    777600   0.9122301465E+003   0.0000000000E+000
    777700   0.8900355378E+003   0.0000000000E+000
    777800   0.8948018769E+003   0.0000000000E+000
    777900   0.8962012280E+003   0.0000000000E+000
    778000   0.8960878068E+003   0.0000000000E+000
    778100   0.8995421484E+003   0.0000000000E+000
    778200   0.8891711552E+003   0.0000000000E+000
    778300   0.8958400830E+003   0.0000000000E+000
    778400   0.9017591105E+003   0.0000000000E+000
    778500   0.8933341415E+003   0.0000000000E+000
    778600   0.9038924570E+003   0.0000000000E+000
    778700   0.8961889494E+003   0.0000000000E+000
    778800   0.9063688136E+003   0.0000000000E+000
    778900   0.8965746839E+003   0.0000000000E+000
    779000   0.8969369811E+003   0.0000000000E+000
    779100   0.8883818054E+003   0.0000000000E+000
    779200   0.9021923401E+003   0.0000000000E+000
    779300   0.8900967880E+003   0.0000000000E+000
    779400   0.8927542040E+003   0.0000000000E+000
    779500   0.9094801528E+003   0.0000000000E+000
    779600   0.8975940017E+003   0.0000000000E+000
    779700   0.9007173329E+003   0.0000000000E+000
    779800   0.8843965391E+003   0.0000000000E+000
    779900   0.8860505443E+003   0.0000000000E+000
    780000   0.9065590900E+003   0.0000000000E+000
    780100   0.9065340782E+003   0.0000000000E+000
    780200   0.8979762208E+003   0.0000000000E+000
    780300   0.9050254016E+003   0.0000000000E+000
    780400   0.8971775923E+003   0.0000000000E+000
    780500   0.9088909861E+003   0.0000000000E+000
    780600   0.9027112044E+003   0.0000000000E+000
    780700   0.9043902382E+003   0.0000000000E+000
    780800   0.9121672981E+003   0.0000000000E+000
    780900   0.9077721243E+003   0.0000000000E+000
    781000   0.8939217580E+003   0.0000000000E+000
    781100   0.8995831682E+003   0.0000000000E+000
    781200   0.8986873129E+003   0.0000000000E+000
    781300   0.9078319155E+003   0.0000000000E+000
    781400   0.9013914259E+003   0.0000000000E+000
    781500   0.8954849588E+003   0.0000000000E+000
    781600   0.8920844336E+003   0.0000000000E+000
    781700   0.8879571105E+003   0.0000000000E+000
    781800   0.9047833787E+003   0.0000000000E+000
    781900   0.9013025148E+003   0.0000000000E+000
    782000   0.8965426910E+003   0.0000000000E+000
    782100   0.8965320869E+003   0.0000000000E+000
    782200   0.9019750790E+003   0.0000000000E+000
    782300   0.9025601969E+003   0.0000000000E+000
    782400   0.8987437515E+003   0.0000000000E+000
    782500   0.9062656199E+003   0.0000000000E+000
    782600   0.8975938451E+003   0.0000000000E+000
    782700   0.9016437793E+003   0.0000000000E+000
    782800   0.9020950503E+003   0.0000000000E+000
    782900   0.8989633354E+003   0.0000000000E+000
    783000   0.8976981961E+003   0.0000000000E+000
    783100   0.8893196170E+003   0.0000000000E+000
    783200   0.8793527997E+003   0.0000000000E+000
    783300   0.8925330126E+003   0.0000000000E+000
    783400   0.8917717820E+003   0.0000000000E+000
    783500   0.8970062378E+003   0.0000000000E+000
    783600   0.8906155824E+003   0.0000000000E+000
    783700   0.8983457950E+003   0.0000000000E+000
    783800   0.8986048908E+003   0.0000000000E+000
    783900   0.8952027307E+003   0.0000000000E+000
    784000   0.8938121410E+003   0.0000000000E+000
    784100   0.8944313297E+003   0.0000000000E+000
    784200   0.9049054704E+003   0.0000000000E+000
    784300   0.8921236885E+003   0.0000000000E+000
    784400   0.8927901940E+003   0.0000000000E+000
    784500   0.9007745328E+003   0.0000000000E+000
    784600   0.8985981341E+003   0.0000000000E+000
    784700   0.9022354978E+003   0.0000000000E+000
    784800   0.9103100393E+003   0.0000000000E+000
    784900   0.9016952110E+003   0.0000000000E+000
    785000   0.9048740841E+003   0.0000000000E+000
    785100   0.9022004615E+003   0.0000000000E+000
    785200   0.8975239170E+003   0.0000000000E+000
    785300   0.8976562451E+003   0.0000000000E+000
    785400   0.8983712503E+003   0.0000000000E+000
    785500   0.9025977145E+003   0.0000000000E+000
    785600   0.8962021534E+003   0.0000000000E+000
    785700   0.9035131883E+003   0.0000000000E+000
    785800   0.9091492024E+003   0.0000000000E+000
    785900   0.9023969436E+003   0.0000000000E+000
    786000   0.9001501794E+003   0.0000000000E+000
    786100   0.9081750856E+003   0.0000000000E+000
    786200   0.8987341594E+003   0.0000000000E+000
    786300   0.8982330782E+003   0.0000000000E+000
    786400   0.9139650187E+003   0.0000000000E+000
    786500   0.9019041169E+003   0.0000000000E+000
    786600   0.9050248580E+003   0.0000000000E+000
    786700   0.9010732899E+003   0.0000000000E+000
    786800   0.9005589908E+003   0.0000000000E+000
    786900   0.8992807399E+003   0.0000000000E+000
    787000   0.9003679629E+003   0.0000000000E+000
    787100   0.9043020352E+003   0.0000000000E+000
    787200   0.9098096089E+003   0.0000000000E+000
    787300   0.9029482804E+003   0.0000000000E+000
    787400   0.8969969666E+003   0.0000000000E+000
    787500   0.9067222867E+003   0.0000000000E+000
    787600   0.8986824280E+003   0.0000000000E+000
    787700   0.8964672068E+003   0.0000000000E+000
    787800   0.8906649073E+003   0.0000000000E+000
    787900   0.8857806079E+003   0.0000000000E+000
    788000   0.9083975737E+003   0.0000000000E+000
    788100   0.8999321416E+003   0.0000000000E+000
    788200   0.9075042625E+003   0.0000000000E+000
    788300   0.9085283318E+003   0.0000000000E+000
    788400   0.8981591648E+003   0.0000000000E+000
    788500   0.9135784907E+003   0.0000000000E+000
    788600   0.8970627260E+003   0.0000000000E+000
    788700   0.8987199140E+003   0.0000000000E+000
    788800   0.9061562895E+003   0.0000000000E+000
    788900   0.9064126371E+003   0.0000000000E+000
    789000   0.9034465773E+003   0.0000000000E+000
    789100   0.9074649518E+003   0.0000000000E+000
    789200   0.9089425676E+003   0.0000000000E+000
    789300   0.9016415008E+003   0.0000000000E+000
    789400   0.9064207816E+003   0.0000000000E+000
    789500   0.9000917604E+003   0.0000000000E+000
    789600   0.8987060338E+003   0.0000000000E+000
    789700   0.9000475330E+003   0.0000000000E+000
    789800   0.9073529246E+003   0.0000000000E+000
    789900   0.9124157418E+003   0.0000000000E+000
    790000   0.9102588548E+003   0.0000000000E+000
    790100   0.9038251712E+003   0.0000000000E+000
    790200   0.9021579689E+003   0.0000000000E+000
    790300   0.9004568762E+003   0.0000000000E+000
    790400   0.8997137010E+003   0.0000000000E+000
    790500   0.8934292749E+003   0.0000000000E+000
    790600   0.8991950986E+003   0.0000000000E+000
    790700   0.8981528606E+003   0.0000000000E+000
    790800   0.9071571491E+003   0.0000000000E+000
    790900   0.8926534910E+003   0.0000000000E+000
    791000   0.9084880162E+003   0.0000000000E+000
    791100   0.9105233125E+003   0.0000000000E+000
    791200   0.9018018474E+003   0.0000000000E+000
    791300   0.9012393562E+003   0.0000000000E+000
    791400   0.9008634715E+003   0.0000000000E+000
    791500   0.9058257831E+003   0.0000000000E+000
    791600   0.9045080616E+003   0.0000000000E+000
    791700   0.8884388918E+003   0.0000000000E+000
    791800   0.8988483319E+003   0.0000000000E+000
    791900   0.8999240096E+003   0.0000000000E+000
    792000   0.8996913161E+003   0.0000000000E+000
    792100   0.8992851270E+003   0.0000000000E+000
    792200   0.8917692627E+003   0.0000000000E+000
    792300   0.8982492551E+003   0.0000000000E+000
    792400   0.8982073236E+003   0.0000000000E+000
    792500   0.8998251794E+003   0.0000000000E+000
    792600   0.8986081649E+003   0.0000000000E+000
    792700   0.8966614689E+003   0.0000000000E+000
    792800   0.8987294041E+003   0.0000000000E+000
    792900   0.9013692091E+003   0.0000000000E+000
    793000   0.8955672271E+003   0.0000000000E+000
    793100   0.8961358983E+003   0.0000000000E+000
    793200   0.8941670115E+003   0.0000000000E+000
    793300   0.8882763817E+003   0.0000000000E+000
    793400   0.8978481457E+003   0.0000000000E+000
    793500   0.8877268795E+003   0.0000000000E+000
    793600   0.8920552315E+003   0.0000000000E+000
    793700   0.8897427854E+003   0.0000000000E+000
    793800   0.8883828461E+003   0.0000000000E+000
    793900   0.9025228213E+003   0.0000000000E+000
    794000   0.8904989328E+003   0.0000000000E+000
    794100   0.8903346499E+003   0.0000000000E+000
    794200   0.8904664606E+003   0.0000000000E+000
    794300   0.8839700010E+003   0.0000000000E+000
    794400   0.8917549641E+003   0.0000000000E+000
    794500   0.9010606528E+003   0.0000000000E+000
    794600   0.8903765622E+003   0.0000000000E+000
    794700   0.9004933574E+003   0.0000000000E+000
    794800   0.9091356743E+003   0.0000000000E+000
    794900   0.9049353879E+003   0.0000000000E+000
    795000   0.9020174045E+003   0.0000000000E+000
    795100   0.8959466495E+003   0.0000000000E+000
    795200   0.8987015814E+003   0.0000000000E+000
    795300   0.8895717701E+003   0.0000000000E+000
    795400   0.8888041395E+003   0.0000000000E+000
    795500   0.9025891949E+003   0.0000000000E+000
    795600   0.9010032297E+003   0.0000000000E+000
    795700   0.8988681666E+003   0.0000000000E+000
    795800   0.8962897035E+003   0.0000000000E+000
    795900   0.9048275468E+003   0.0000000000E+000
    796000   0.9045369611E+003   0.0000000000E+000
    796100   0.9009016690E+003   0.0000000000E+000
    796200   0.8916815645E+003   0.0000000000E+000
    796300   0.8888169107E+003   0.0000000000E+000
    796400   0.8908480132E+003   0.0000000000E+000
    796500   0.8851417003E+003   0.0000000000E+000
    796600   0.8940724836E+003   0.0000000000E+000
    796700   0.8957440382E+003   0.0000000000E+000
    796800   0.9000456486E+003   0.0000000000E+000
    796900   0.9049981523E+003   0.0000000000E+000
    797000   0.8913348571E+003   0.0000000000E+000
    797100   0.9031087027E+003   0.0000000000E+000
    797200   0.8964256982E+003   0.0000000000E+000
    797300   0.8967239958E+003   0.0000000000E+000
    797400   0.8991311098E+003   0.0000000000E+000
    797500   0.8999343289E+003   0.0000000000E+000
    797600   0.9024009850E+003   0.0000000000E+000
    797700   0.8973850812E+003   0.0000000000E+000
    797800   0.8901220984E+003   0.0000000000E+000
    797900   0.8891466850E+003   0.0000000000E+000
    798000   0.8931782083E+003   0.0000000000E+000
    798100   0.8930777425E+003   0.0000000000E+000
    798200   0.9037072851E+003   0.0000000000E+000
    798300   0.8997576938E+003   0.0000000000E+000
    798400   0.8991645073E+003   0.0000000000E+000
    798500   0.8959052218E+003   0.0000000000E+000
    798600   0.8842885779E+003   0.0000000000E+000
    798700   0.8913950626E+003   0.0000000000E+000
    798800   0.8956885541E+003   0.0000000000E+000
    798900   0.8862982261E+003   0.0000000000E+000
    799000   0.8980525137E+003   0.0000000000E+000
    799100   0.8923805614E+003   0.0000000000E+000
    799200   0.8889207718E+003   0.0000000000E+000
    799300   0.8928871232E+003   0.0000000000E+000
    799400   0.9026464022E+003   0.0000000000E+000
    799500   0.9026166974E+003   0.0000000000E+000
    799600   0.8966241525E+003   0.0000000000E+000
    799700   0.8927470421E+003   0.0000000000E+000
    799800   0.8913063743E+003   0.0000000000E+000
    799900   0.8972686053E+003   0.0000000000E+000
    800000   0.8830264289E+003   0.0000000000E+000
    800100   0.8980658135E+003   0.0000000000E+000
    800200   0.8979919007E+003   0.0000000000E+000
    800300   0.8910893533E+003   0.0000000000E+000
    800400   0.8898286659E+003   0.0000000000E+000
    800500   0.8924175962E+003   0.0000000000E+000
    800600   0.8945184875E+003   0.0000000000E+000
    800700   0.8978235507E+003   0.0000000000E+000
    800800   0.9044012278E+003   0.0000000000E+000
    800900   0.8954672120E+003   0.0000000000E+000
    801000   0.8993083742E+003   0.0000000000E+000
    801100   0.8879250702E+003   0.0000000000E+000
    801200   0.8929895824E+003   0.0000000000E+000
    801300   0.8906831954E+003   0.0000000000E+000
    801400   0.8962710780E+003   0.0000000000E+000
    801500   0.8986162202E+003   0.0000000000E+000
    801600   0.8962819496E+003   0.0000000000E+000
    801700   0.8884582683E+003   0.0000000000E+000
    801800   0.8991740678E+003   0.0000000000E+000
    801900   0.8970224457E+003   0.0000000000E+000
    802000   0.8977320412E+003   0.0000000000E+000
    802100   0.8910888528E+003   0.0000000000E+000
    802200   0.8974825215E+003   0.0000000000E+000
    802300   0.9107107670E+003   0.0000000000E+000
    802400   0.8943336807E+003   0.0000000000E+000
    802500   0.9036008733E+003   0.0000000000E+000
    802600   0.8854384595E+003   0.0000000000E+000
    802700   0.9016703479E+003   0.0000000000E+000
    802800   0.9006215875E+003   0.0000000000E+000
    802900   0.8989305661E+003   0.0000000000E+000
    803000   0.9034393899E+003   0.0000000000E+000
    803100   0.8903862765E+003   0.0000000000E+000
    803200   0.9010271721E+003   0.0000000000E+000
    803300   0.8948286853E+003   0.0000000000E+000
    803400   0.9063763369E+003   0.0000000000E+000
    803500   0.9014075925E+003   0.0000000000E+000
    803600   0.9056832486E+003   0.0000000000E+000
    803700   0.9010681546E+003   0.0000000000E+000
    803800   0.9048448722E+003   0.0000000000E+000
    803900   0.9059622869E+003   0.0000000000E+000
    804000   0.8945094682E+003   0.0000000000E+000
    804100   0.9004436159E+003   0.0000000000E+000
    804200   0.9024170894E+003   0.0000000000E+000
    804300   0.9019899305E+003   0.0000000000E+000
    804400   0.8995278638E+003   0.0000000000E+000
    804500   0.9004876942E+003   0.0000000000E+000
    804600   0.8890642456E+003   0.0000000000E+000
    804700   0.8909232061E+003   0.0000000000E+000
    804800   0.9002852928E+003   0.0000000000E+000
    804900   0.9063363697E+003   0.0000000000E+000
    805000   0.8939396340E+003   0.0000000000E+000
    805100   0.9029428024E+003   0.0000000000E+000
    805200   0.8923940778E+003   0.0000000000E+000
    805300   0.8956040011E+003   0.0000000000E+000
    805400   0.8963184193E+003   0.0000000000E+000
    805500   0.9008029243E+003   0.0000000000E+000
    805600   0.9012749571E+003   0.0000000000E+000
    805700   0.8999877675E+003   0.0000000000E+000
    805800   0.9016404153E+003   0.0000000000E+000
    805900   0.8950791209E+003   0.0000000000E+000
    806000   0.9015131927E+003   0.0000000000E+000
    806100   0.8979679248E+003   0.0000000000E+000
    806200   0.8974878997E+003   0.0000000000E+000
    806300   0.8931282970E+003   0.0000000000E+000
    806400   0.9067269194E+003   0.0000000000E+000
    806500   0.9041268932E+003   0.3538209002E+000
    806600   0.9039202862E+003   0.3538335284E+000
    806700   0.9027184756E+003   0.3539071177E+000
    806800   0.9115388286E+003   0.3533722418E+000
    806900   0.9111029518E+003   0.0000000000E+000
    807000   0.9162687645E+003   0.3530903072E+000
    807100   0.8874682905E+003   0.3548609904E+000
    807200   0.9019819756E+003   0.3539523272E+000
    807300   0.8987377804E+003   0.0000000000E+000
    807400   0.8991042655E+003   0.3541297949E+000
    807500   0.9072836186E+003   0.3536287821E+000
    807600   0.8988909392E+003   0.3541430030E+000
    807700   0.9044972661E+003   0.0000000000E+000
    807800   0.9048045638E+003   0.0000000000E+000
    807900   0.9008975333E+003   0.0000000000E+000
    808000   0.8967095342E+003   0.0000000000E+000
    808100   0.9020845546E+003   0.0000000000E+000
    808200   0.9025730965E+003   0.0000000000E+000
    808300   0.9048188985E+003   0.0000000000E+000
    808400   0.9026587679E+003   0.0000000000E+000
    808500   0.9055031078E+003   0.0000000000E+000
    808600   0.8999013272E+003   0.0000000000E+000
    808700   0.9067876541E+003   0.0000000000E+000
    808800   0.8851211318E+003   0.0000000000E+000
    808900   0.8937716766E+003   0.0000000000E+000
    809000   0.8976646081E+003   0.0000000000E+000
    809100   0.8991809765E+003   0.0000000000E+000
    809200   0.9048839962E+003   0.0000000000E+000
    809300   0.8925959796E+003   0.0000000000E+000
    809400   0.9019196232E+003   0.0000000000E+000
    809500   0.9031051441E+003   0.0000000000E+000
    809600   0.8997841904E+003   0.0000000000E+000
    809700   0.9023195728E+003   0.0000000000E+000
    809800   0.9057480655E+003   0.0000000000E+000
    809900   0.9141123268E+003   0.0000000000E+000
    810000   0.9063106052E+003   0.0000000000E+000
    810100   0.9055781098E+003   0.0000000000E+000
    810200   0.9012852834E+003   0.0000000000E+000
    810300   0.9070059134E+003   0.0000000000E+000
    810400   0.9062046659E+003   0.0000000000E+000
    810500   0.9058401970E+003   0.0000000000E+000
    810600   0.9065079593E+003   0.0000000000E+000
    810700   0.9021193628E+003   0.0000000000E+000
    810800   0.8938056382E+003   0.3544600221E+000
    810900   0.8971996427E+003   0.3542479772E+000
    811000   0.9025191173E+003   0.3539193468E+000
    811100   0.8993727249E+003   0.3541131835E+000
    811200   0.9039268988E+003   0.0000000000E+000
    811300   0.9033110955E+003   0.3538708021E+000
    811400   0.9055232365E+003   0.0000000000E+000
    811500   0.9033193388E+003   0.0000000000E+000
    811600   0.9003748228E+003   0.3540512781E+000
    811700   0.9024053514E+003   0.3539263282E+000
    811800   0.9105229205E+003   0.3534332377E+000
    811900   0.9056153183E+003   0.3537301219E+000
    812000   0.8940101931E+003   0.3544471894E+000
    812100   0.9051208937E+003   0.3537602383E+000
    812200   0.9027557438E+003   0.3539048323E+000
    812300   0.9094140754E+003   0.3534999934E+000
    812400   0.8913450459E+003   0.3546149208E+000
    812500   0.8952140444E+003   0.0000000000E+000
    812600   0.9069038939E+003   0.0000000000E+000
    812700   0.9107298074E+003   0.3534208033E+000
    812800   0.9145736229E+003   0.3531909616E+000
    812900   0.9044000064E+003   0.3538042173E+000
    813000   0.9021967395E+003   0.3539391353E+000
    813100   0.9037321618E+003   0.3538450327E+000
    813200   0.9072656311E+003   0.0000000000E+000
    813300   0.9040393576E+003   0.3538262497E+000
    813400   0.9085851154E+003   0.0000000000E+000
    813500   0.9060059235E+003   0.0000000000E+000
    813600   0.9062471964E+003   0.0000000000E+000
    813700   0.9034172349E+003   0.0000000000E+000
    813800   0.9041625313E+003   0.0000000000E+000
    813900   0.8998882157E+003   0.0000000000E+000
    814000   0.9090941807E+003   0.0000000000E+000
    814100   0.9156869390E+003   0.0000000000E+000
    814200   0.9122508512E+003   0.0000000000E+000
    814300   0.9035156908E+003   0.0000000000E+000
    814400   0.8968849116E+003   0.0000000000E+000
    814500   0.9093910148E+003   0.0000000000E+000
    814600   0.9015209572E+003   0.0000000000E+000
    814700   0.8899552824E+003   0.3547028477E+000
    814800   0.8920082201E+003   0.3545730753E+000
    814900   0.8911506075E+003   0.3546272033E+000
    815000   0.8971393231E+003   0.3542517296E+000
    815100   0.8852875892E+003   0.3550005048E+000
    815200   0.9007381983E+003   0.7077795515E+000
    815300   0.8986215618E+003   0.3541596919E+000
    815400   0.9025201952E+003   0.7075610943E+000
    815500   0.8953858883E+003   0.3543610623E+000
    815600   0.8939665353E+003   0.3544499277E+000
    815700   0.8990084316E+003   0.3541357276E+000
    815800   0.8938113226E+003   0.3544596654E+000
    815900   0.8991110057E+003   0.3541293777E+000
    816000   0.9022974416E+003   0.3539329521E+000
    816100   0.9027399466E+003   0.3539058010E+000
    816200   0.8984786952E+003   0.3541685477E+000
    816300   0.9017560354E+003   0.0000000000E+000
    816400   0.8932873911E+003   0.0000000000E+000
    816500   0.8904101813E+003   0.0000000000E+000
    816600   0.8829014713E+003   0.0000000000E+000
    816700   0.9040775956E+003   0.0000000000E+000
    816800   0.8890591433E+003   0.0000000000E+000
    816900   0.8985651856E+003   0.0000000000E+000
    817000   0.8870253490E+003   0.0000000000E+000
    817100   0.8937739416E+003   0.0000000000E+000
    817200   0.9048932157E+003   0.0000000000E+000
    817300   0.8987609316E+003   0.0000000000E+000
    817400   0.9009226590E+003   0.0000000000E+000
    817500   0.8950699204E+003   0.0000000000E+000
    817600   0.8974265706E+003   0.0000000000E+000
    817700   0.8925646323E+003   0.0000000000E+000
    817800   0.8964246479E+003   0.0000000000E+000
    817900   0.8966116829E+003   0.0000000000E+000
    818000   0.9117733195E+003   0.0000000000E+000
    818100   0.8994270754E+003   0.0000000000E+000
    818200   0.9020689144E+003   0.0000000000E+000
    818300   0.9044609620E+003   0.0000000000E+000
    818400   0.9024720417E+003   0.0000000000E+000
    818500   0.8916409358E+003   0.0000000000E+000
    818600   0.8983086637E+003   0.0000000000E+000
    818700   0.8993255746E+003   0.0000000000E+000
    818800   0.9021021012E+003   0.0000000000E+000
    818900   0.9033275338E+003   0.0000000000E+000
    819000   0.8906207293E+003   0.0000000000E+000
    819100   0.8932256556E+003   0.0000000000E+000
    819200   0.8913758843E+003   0.0000000000E+000
    819300   0.8952170107E+003   0.0000000000E+000
    819400   0.9041810930E+003   0.0000000000E+000
    819500   0.9010464531E+003   0.0000000000E+000
    819600   0.8930470049E+003   0.0000000000E+000
    819700   0.8995969917E+003   0.0000000000E+000
    819800   0.8961691629E+003   0.3543121612E+000
    819900   0.9062732973E+003   0.3536901019E+000
    820000   0.9015947312E+003   0.3539761322E+000
    820100   0.8963540589E+003   0.3543006323E+000
    820200   0.8893231932E+003   0.3547429437E+000
    820300   0.9120828889E+003   0.3533396404E+000
    820400   0.8912985517E+003   0.3546178573E+000
    820500   0.8989388786E+003   0.0000000000E+000
    820600   0.9010748500E+003   0.0000000000E+000
    820700   0.8962235550E+003   0.3543087691E+000
    820800   0.8952970673E+003   0.3543666138E+000
    820900   0.9014068758E+003   0.3539876887E+000
    821000   0.8952834820E+003   0.3543674630E+000
    821100   0.8909616166E+003   0.3546391477E+000
    821200   0.8920175641E+003   0.3545724863E+000
    821300   0.8998176159E+003   0.3540856803E+000
    821400   0.9009085663E+003   0.3540183707E+000
    821500   0.8943920123E+003   0.3544232544E+000
    821600   0.9038780284E+003   0.0000000000E+000
    821700   0.8979131749E+003   0.3542036344E+000
    821800   0.8990132514E+003   0.3541354291E+000
    821900   0.8875120504E+003   0.3548581989E+000
    822000   0.9010870306E+003   0.3540073778E+000
    822100   0.8962883623E+003   0.3543047281E+000
    822200   0.8945516179E+003   0.3544132563E+000
    822300   0.8937104421E+003   0.3544659965E+000
    822400   0.8994891314E+003   0.3541059842E+000
    822500   0.8959657772E+003   0.0000000000E+000
    822600   0.9080458635E+003   0.3535826232E+000
    822700   0.9093105329E+003   0.0000000000E+000
    822800   0.8991789154E+003   0.3541251746E+000
    822900   0.9016925073E+003   0.3539701194E+000
    823000   0.8999717201E+003   0.0000000000E+000
    823100   0.8984205820E+003   0.3541721509E+000
    823200   0.9042246514E+003   0.3538149274E+000
    823300   0.8887602391E+003   0.3547787099E+000
    823400   0.9190771086E+003   0.0000000000E+000
    823500   0.9098543783E+003   0.0000000000E+000
    823600   0.9064221563E+003   0.0000000000E+000
    823700   0.8983497702E+003   0.0000000000E+000
    823800   0.8950810294E+003   0.0000000000E+000
    823900   0.9094283197E+003   0.3534991346E+000
    824000   0.8931120115E+003   0.3545035871E+000
    824100   0.9028118274E+003   0.3539013935E+000
    824200   0.8887059675E+003   0.3547821608E+000
    824300   0.8970089556E+003   0.0000000000E+000
    824400   0.9112517809E+003   0.3533894604E+000
    824500   0.9001700010E+003   0.3540639182E+000
    824600   0.9129276378E+003   0.3532891101E+000
    824700   0.9055901596E+003   0.3537316534E+000
    824800   0.9111415415E+003   0.3533960765E+000
    824900   0.9015248367E+003   0.3539804313E+000
    825000   0.9085376429E+003   0.3535528903E+000
    825100   0.8975507646E+003   0.3542261464E+000
    825200   0.9050186190E+003   0.0000000000E+000
    825300   0.9033368830E+003   0.0000000000E+000
    825400   0.9042846030E+003   0.0000000000E+000
    825500   0.9088158164E+003   0.3535360884E+000
    825600   0.9036117477E+003   0.3538523993E+000
    825700   0.8977199568E+003   0.3542156340E+000
    825800   0.9129083709E+003   0.3532902613E+000
    825900   0.9195434988E+003   0.3528970714E+000
    826000   0.9137650826E+003   0.3532391230E+000
    826100   0.9170132307E+003   0.3530462378E+000
    826200   0.9007729673E+003   0.0000000000E+000
    826300   0.9093428248E+003   0.3535042893E+000
    826400   0.9136121774E+003   0.3532482420E+000
    826500   0.9081267456E+003   0.3535777306E+000
    826600   0.9091791563E+003   0.3535141603E+000
    826700   0.9031260219E+003   0.3538821375E+000
    826800   0.8996664431E+003   0.0000000000E+000
    826900   0.9061539744E+003   0.0000000000E+000
    827000   0.9103610143E+003   0.0000000000E+000
    827100   0.9039310367E+003   0.0000000000E+000
    827200   0.9163745681E+003   0.0000000000E+000
    827300   0.8982009815E+003   0.0000000000E+000
    827400   0.9152089764E+003   0.0000000000E+000
    827500   0.9033679457E+003   0.0000000000E+000
    827600   0.8944252047E+003   0.0000000000E+000
    827700   0.9004109784E+003   0.0000000000E+000
    827800   0.9057461869E+003   0.0000000000E+000
    827900   0.9132171448E+003   0.0000000000E+000
    828000   0.9062486485E+003   0.0000000000E+000
    828100   0.9082841823E+003   0.0000000000E+000
    828200   0.8924935402E+003   0.0000000000E+000
    828300   0.9050961455E+003   0.0000000000E+000
    828400   0.9083009677E+003   0.0000000000E+000
    828500   0.9038729043E+003   0.0000000000E+000
    828600   0.9039418798E+003   0.0000000000E+000
    828700   0.9011943587E+003   0.0000000000E+000
    828800   0.9022827134E+003   0.0000000000E+000
    828900   0.9053786630E+003   0.0000000000E+000
    829000   0.9057957035E+003   0.0000000000E+000
    829100   0.9075402850E+003   0.0000000000E+000
    829200   0.9103669747E+003   0.0000000000E+000
    829300   0.9132599710E+003   0.0000000000E+000
    829400   0.9119485657E+003   0.0000000000E+000
    829500   0.9106068680E+003   0.0000000000E+000
    829600   0.9076756311E+003   0.0000000000E+000
    829700   0.9054858528E+003   0.0000000000E+000
    829800   0.8970192864E+003   0.0000000000E+000
    829900   0.8869625240E+003   0.0000000000E+000
    830000   0.9001240184E+003   0.0000000000E+000
    830100   0.8951111253E+003   0.0000000000E+000
    830200   0.8941914010E+003   0.0000000000E+000
    830300   0.9034419364E+003   0.0000000000E+000
    830400   0.8942048882E+003   0.0000000000E+000
    830500   0.9070641286E+003   0.0000000000E+000
    830600   0.9044115245E+003   0.0000000000E+000
    830700   0.9032155281E+003   0.0000000000E+000
    830800   0.8892504996E+003   0.0000000000E+000
    830900   0.8890721830E+003   0.0000000000E+000
    831000   0.8955825389E+003   0.0000000000E+000
    831100   0.8949835263E+003   0.0000000000E+000
    831200   0.8982302340E+003   0.0000000000E+000
    831300   0.8879356675E+003   0.0000000000E+000
    831400   0.9052614937E+003   0.0000000000E+000
    831500   0.9112175852E+003   0.0000000000E+000
    831600   0.8954026767E+003   0.0000000000E+000
    831700   0.8998946447E+003   0.0000000000E+000
    831800   0.8967440175E+003   0.0000000000E+000
    831900   0.8928847705E+003   0.0000000000E+000
    832000   0.8926744404E+003   0.0000000000E+000
    832100   0.8945756128E+003   0.0000000000E+000
    832200   0.8981165743E+003   0.0000000000E+000
    832300   0.9071478371E+003   0.0000000000E+000
    832400   0.8928008637E+003   0.0000000000E+000
    832500   0.9005194526E+003   0.0000000000E+000
    832600   0.9081748590E+003   0.0000000000E+000
    832700   0.9072052340E+003   0.0000000000E+000
    832800   0.9069817830E+003   0.0000000000E+000
    832900   0.9102884137E+003   0.0000000000E+000
    833000   0.9007639229E+003   0.0000000000E+000
    833100   0.9098328846E+003   0.0000000000E+000
    833200   0.8944087999E+003   0.0000000000E+000
    833300   0.8974862058E+003   0.0000000000E+000
    833400   0.8967421079E+003   0.0000000000E+000
    833500   0.9025043336E+003   0.0000000000E+000
    833600   0.8997086938E+003   0.0000000000E+000
    833700   0.9028218341E+003   0.0000000000E+000
    833800   0.9040785249E+003   0.0000000000E+000
    833900   0.9059881607E+003   0.0000000000E+000
    834000   0.9039095718E+003   0.0000000000E+000
    834100   0.9100808767E+003   0.0000000000E+000
    834200   0.8989542437E+003   0.0000000000E+000
    834300   0.9032589164E+003   0.0000000000E+000
    834400   0.8997656614E+003   0.0000000000E+000
    834500   0.9092341455E+003   0.0000000000E+000
    834600   0.9029738198E+003   0.0000000000E+000
    834700   0.8943104923E+003   0.0000000000E+000
    834800   0.8979218627E+003   0.0000000000E+000
    834900   0.9054252396E+003   0.0000000000E+000
    835000   0.9097356870E+003   0.0000000000E+000
    835100   0.9080071989E+003   0.0000000000E+000
    835200   0.8990782852E+003   0.0000000000E+000
    835300   0.9055345490E+003   0.0000000000E+000
    835400   0.9235460312E+003   0.0000000000E+000
    835500   0.9060308195E+003   0.0000000000E+000
    835600   0.8952906691E+003   0.0000000000E+000
    835700   0.9094019589E+003   0.0000000000E+000
    835800   0.8976683680E+003   0.0000000000E+000
    835900   0.9035527752E+003   0.0000000000E+000
    836000   0.9065267749E+003   0.0000000000E+000
    836100   0.9036002300E+003   0.0000000000E+000
    836200   0.9165782279E+003   0.0000000000E+000
    836300   0.9082567768E+003   0.0000000000E+000
    836400   0.9047323452E+003   0.0000000000E+000
    836500   0.9089341312E+003   0.0000000000E+000
    836600   0.9098349475E+003   0.0000000000E+000
    836700   0.8975970550E+003   0.0000000000E+000
    836800   0.9037151776E+003   0.0000000000E+000
    836900   0.9062244455E+003   0.3536930709E+000
    837000   0.8984787659E+003   0.3541685433E+000
    837100   0.9004417806E+003   0.3540471474E+000
    837200   0.8955490993E+003   0.0000000000E+000
    837300   0.9104291446E+003   0.3534388760E+000
    837400   0.8962735850E+003   0.3543056494E+000
    837500   0.8950019791E+003   0.3543850666E+000
    837600   0.8958531232E+003   0.7083835773E+000
    837700   0.8947176502E+003   0.7085250689E+000
    837800   0.9026366895E+003   0.7075468478E+000
    837900   0.8945242679E+003   0.7085492078E+000
    838000   0.8927840063E+003   0.7087669800E+000
    838100   0.9053563102E+003   0.7072154605E+000
    838200   0.8926581125E+003   0.7087827722E+000
    838300   0.9078500538E+003   0.7069136119E+000
    838400   0.9016169984E+003   0.7076716936E+000
    838500   0.9027088323E+003   0.7075380274E+000
    838600   0.8953981001E+003   0.7084402280E+000
    838700   0.8983485700E+003   0.7080740728E+000
    838800   0.8871284432E+003   0.3548826804E+000
    838900   0.8999646035E+003   0.7078746990E+000
    839000   0.9149057445E+003   0.7060698573E+000
    839100   0.9018402063E+003   0.3539610394E+000
    839200   0.8999682665E+003   0.7078742480E+000
    839300   0.8964940356E+003   0.7083038961E+000
    839400   0.9075961213E+003   0.3536098472E+000
    839500   0.9089516347E+003   0.7067808829E+000
    839600   0.9026405757E+003   0.7075463727E+000
    839700   0.8944701873E+003   0.7085559605E+000
    839800   0.9019961878E+003   0.7076252294E+000
    839900   0.9106992427E+003   0.3534226399E+000
    840000   0.9004333462E+003   0.7078170239E+000
    840100   0.9006545352E+003   0.3540340271E+000
    840200   0.9025744780E+003   0.0000000000E+000
    840300   0.9038101608E+003   0.0000000000E+000
    840400   0.9091498083E+003   0.0000000000E+000
    840500   0.8906754984E+003   0.0000000000E+000
    840600   0.9000743198E+003   0.0000000000E+000
    840700   0.8889025799E+003   0.0000000000E+000
    840800   0.8932788566E+003   0.0000000000E+000
    840900   0.9038568738E+003   0.0000000000E+000
    841000   0.8957994729E+003   0.0000000000E+000
    841100   0.9026962994E+003   0.0000000000E+000
    841200   0.9116558163E+003   0.0000000000E+000
    841300   0.8948860867E+003   0.0000000000E+000
    841400   0.8957753147E+003   0.0000000000E+000
    841500   0.8973431915E+003   0.0000000000E+000
    841600   0.8962969957E+003   0.0000000000E+000
    841700   0.9009694307E+003   0.0000000000E+000
    841800   0.8956258460E+003   0.0000000000E+000
    841900   0.9102524693E+003   0.0000000000E+000
    842000   0.9010065101E+003   0.0000000000E+000
    842100   0.9081093444E+003   0.0000000000E+000
    842200   0.9144820029E+003   0.0000000000E+000
    842300   0.9094500755E+003   0.0000000000E+000
    842400   0.9050302069E+003   0.0000000000E+000
    842500   0.9085757706E+003   0.0000000000E+000
    842600   0.9221921353E+003   0.0000000000E+000
    842700   0.9120979152E+003   0.0000000000E+000
    842800   0.9081008281E+003   0.0000000000E+000
    842900   0.9129695409E+003   0.0000000000E+000
    843000   0.8977667204E+003   0.0000000000E+000
    843100   0.9055196962E+003   0.0000000000E+000
    843200   0.9021431780E+003   0.0000000000E+000
    843300   0.8937559852E+003   0.0000000000E+000
    843400   0.9076265846E+003   0.0000000000E+000
    843500   0.9010433155E+003   0.0000000000E+000
    843600   0.8993809892E+003   0.0000000000E+000
    843700   0.9080919688E+003   0.0000000000E+000
    843800   0.9148298685E+003   0.0000000000E+000
    843900   0.9148324841E+003   0.0000000000E+000
    844000   0.9135996985E+003   0.0000000000E+000
    844100   0.9021264420E+003   0.0000000000E+000
    844200   0.9016554004E+003   0.0000000000E+000
    844300   0.9066860162E+003   0.0000000000E+000
    844400   0.9135912749E+003   0.0000000000E+000
    844500   0.9008898522E+003   0.0000000000E+000
    844600   0.9011836843E+003   0.0000000000E+000
    844700   0.9021954513E+003   0.0000000000E+000
    844800   0.9006016960E+003   0.0000000000E+000
    844900   0.9090861112E+003   0.0000000000E+000
    845000   0.9001373750E+003   0.0000000000E+000
    845100   0.9089703647E+003   0.0000000000E+000
    845200   0.9040820049E+003   0.0000000000E+000
    845300   0.8982695828E+003   0.0000000000E+000
    845400   0.8980320191E+003   0.0000000000E+000
    845500   0.8924248896E+003   0.0000000000E+000
    845600   0.9094126254E+003   0.0000000000E+000
    845700   0.9086696485E+003   0.0000000000E+000
    845800   0.9203636671E+003   0.0000000000E+000
    845900   0.9088414187E+003   0.0000000000E+000
    846000   0.9093856797E+003   0.0000000000E+000
    846100   0.9082293177E+003   0.0000000000E+000
    846200   0.9105230967E+003   0.0000000000E+000
    846300   0.9107478842E+003   0.0000000000E+000
    846400   0.9103282027E+003   0.0000000000E+000
    846500   0.8979602007E+003   0.0000000000E+000
    846600   0.9037488415E+003   0.0000000000E+000
    846700   0.9104925558E+003   0.0000000000E+000
    846800   0.8992550983E+003   0.0000000000E+000
    846900   0.9058282846E+003   0.0000000000E+000
    847000   0.9040767313E+003   0.0000000000E+000
    847100   0.8964199707E+003   0.0000000000E+000
    847200   0.8893331263E+003   0.3547423131E+000
    847300   0.9034995853E+003   0.3538592630E+000
    847400   0.9066272882E+003   0.0000000000E+000
    847500   0.8995404183E+003   0.3541028130E+000
    847600   0.9029685107E+003   0.3538917889E+000
    847700   0.8917782616E+003   0.3545875773E+000
    847800   0.8996266810E+003   0.3540974800E+000
    847900   0.8951536515E+003   0.3543755803E+000
    848000   0.9017449114E+003   0.3539668974E+000
    848100   0.8972059999E+003   0.3542475818E+000
    848200   0.8995362350E+003   0.0000000000E+000
    848300   0.9032185803E+003   0.3538764678E+000
    848400   0.9052414704E+003   0.0000000000E+000
    848500   0.9058539035E+003   0.3537156027E+000
    848600   0.9010832619E+003   0.0000000000E+000
    848700   0.8981860957E+003   0.0000000000E+000
    848800   0.8987619929E+003   0.0000000000E+000
    848900   0.9034683956E+003   0.0000000000E+000
    849000   0.9010046627E+003   0.0000000000E+000
    849100   0.8996291919E+003   0.0000000000E+000
    849200   0.9056789050E+003   0.0000000000E+000
    849300   0.8962086231E+003   0.0000000000E+000
    849400   0.8991990639E+003   0.0000000000E+000
    849500   0.8933949913E+003   0.0000000000E+000
    849600   0.8903874254E+003   0.0000000000E+000
    849700   0.8903051195E+003   0.0000000000E+000
    849800   0.8948684291E+003   0.0000000000E+000
    849900   0.8980494535E+003   0.0000000000E+000
    850000   0.9071150545E+003   0.0000000000E+000
    850100   0.8879655676E+003   0.0000000000E+000
    850200   0.9012148363E+003   0.0000000000E+000
    850300   0.8992448159E+003   0.0000000000E+000
    850400   0.9069638610E+003   0.0000000000E+000
    850500   0.8981638594E+003   0.0000000000E+000
    850600   0.9025847008E+003   0.0000000000E+000
    850700   0.9012467429E+003   0.0000000000E+000
    850800   0.8933611286E+003   0.0000000000E+000
    850900   0.8899393544E+003   0.0000000000E+000
    851000   0.8971951186E+003   0.0000000000E+000
    851100   0.8982345090E+003   0.0000000000E+000
    851200   0.8952284990E+003   0.0000000000E+000
    851300   0.9039145274E+003   0.0000000000E+000
    851400   0.8936098558E+003   0.0000000000E+000
    851500   0.8984301300E+003   0.0000000000E+000
    851600   0.9118029876E+003   0.0000000000E+000
    851700   0.9120841461E+003   0.0000000000E+000
    851800   0.9031910364E+003   0.0000000000E+000
    851900   0.9075481691E+003   0.0000000000E+000
    852000   0.8953186316E+003   0.0000000000E+000
    852100   0.8999591108E+003   0.0000000000E+000
    852200   0.8957037559E+003   0.0000000000E+000
    852300   0.8992741287E+003   0.0000000000E+000
    852400   0.9067896159E+003   0.0000000000E+000
    852500   0.9011703726E+003   0.0000000000E+000
    852600   0.9029928032E+003   0.0000000000E+000
    852700   0.8997168812E+003   0.0000000000E+000
    852800   0.8898351905E+003   0.0000000000E+000
    852900   0.8984430387E+003   0.0000000000E+000
    853000   0.8938857394E+003   0.0000000000E+000
    853100   0.8985479513E+003   0.0000000000E+000
    853200   0.9066445235E+003   0.0000000000E+000
    853300   0.9021592019E+003   0.0000000000E+000
    853400   0.8957331084E+003   0.0000000000E+000
    853500   0.8906881227E+003   0.0000000000E+000
    853600   0.8989623042E+003   0.0000000000E+000
    853700   0.9003524385E+003   0.0000000000E+000
    853800   0.9064543157E+003   0.0000000000E+000
    853900   0.9056494327E+003   0.0000000000E+000
    854000   0.9013258767E+003   0.0000000000E+000
    854100   0.8972661659E+003   0.0000000000E+000
    854200   0.8975060942E+003   0.0000000000E+000
    854300   0.9041133875E+003   0.0000000000E+000
    854400   0.9039783722E+003   0.0000000000E+000
    854500   0.9117009012E+003   0.0000000000E+000
    854600   0.9045755195E+003   0.0000000000E+000
    854700   0.9020554011E+003   0.0000000000E+000
    854800   0.8907903629E+003   0.0000000000E+000
    854900   0.8975004070E+003   0.0000000000E+000
    855000   0.8928708678E+003   0.0000000000E+000
    855100   0.9033578821E+003   0.0000000000E+000
    855200   0.9081563187E+003   0.0000000000E+000
    855300   0.9116423525E+003   0.0000000000E+000
    855400   0.8978488118E+003   0.0000000000E+000
    855500   0.8906368927E+003   0.0000000000E+000
    855600   0.9039485990E+003   0.0000000000E+000
    855700   0.9090305986E+003   0.0000000000E+000
    855800   0.8984193234E+003   0.0000000000E+000
    855900   0.9086119580E+003   0.0000000000E+000
    856000   0.8956748413E+003   0.0000000000E+000
    856100   0.9043238106E+003   0.0000000000E+000
    856200   0.8965086866E+003   0.0000000000E+000
    856300   0.8973480294E+003   0.0000000000E+000
    856400   0.9101555213E+003   0.0000000000E+000
    856500   0.8843127028E+003   0.0000000000E+000
    856600   0.9050571860E+003   0.0000000000E+000
    856700   0.8944232975E+003   0.0000000000E+000
    856800   0.9009422934E+003   0.0000000000E+000
    856900   0.8930410018E+003   0.0000000000E+000
    857000   0.8942316265E+003   0.0000000000E+000
    857100   0.8891633368E+003   0.0000000000E+000
    857200   0.8957388738E+003   0.0000000000E+000
    857300   0.8940086595E+003   0.0000000000E+000
    857400   0.8938167950E+003   0.0000000000E+000
    857500   0.8911404099E+003   0.0000000000E+000
    857600   0.9080105965E+003   0.0000000000E+000
    857700   0.8961836659E+003   0.0000000000E+000
    857800   0.8973908652E+003   0.0000000000E+000
    857900   0.9026875145E+003   0.0000000000E+000
    858000   0.9002618421E+003   0.0000000000E+000
    858100   0.8880956779E+003   0.0000000000E+000
    858200   0.8957868917E+003   0.0000000000E+000
    858300   0.8873569342E+003   0.0000000000E+000
    858400   0.8972060319E+003   0.0000000000E+000
    858500   0.8926827243E+003   0.0000000000E+000
    858600   0.8981871731E+003   0.0000000000E+000
    858700   0.8933279626E+003   0.0000000000E+000
    858800   0.8832875878E+003   0.0000000000E+000
    858900   0.9003555363E+003   0.0000000000E+000
    859000   0.9048032574E+003   0.0000000000E+000
    859100   0.8881110479E+003   0.0000000000E+000
    859200   0.8965404629E+003   0.0000000000E+000
    859300   0.9064296475E+003   0.0000000000E+000
    859400   0.8954412391E+003   0.0000000000E+000
    859500   0.9013317571E+003   0.0000000000E+000
    859600   0.8894092138E+003   0.0000000000E+000
    859700   0.9015207220E+003   0.0000000000E+000
    859800   0.9079440842E+003   0.0000000000E+000
    859900   0.8926650467E+003   0.0000000000E+000
    860000   0.9028434139E+003   0.0000000000E+000
    860100   0.9062242361E+003   0.0000000000E+000
    860200   0.9060969272E+003   0.0000000000E+000
    860300   0.8972887142E+003   0.0000000000E+000
    860400   0.8934684009E+003   0.0000000000E+000
    860500   0.9070249573E+003   0.0000000000E+000
    860600   0.9020333691E+003   0.0000000000E+000
    860700   0.8980039182E+003   0.0000000000E+000
    860800   0.8947786321E+003   0.0000000000E+000
    860900   0.8950367335E+003   0.0000000000E+000
    861000   0.8982796483E+003   0.0000000000E+000
    861100   0.9018431477E+003   0.0000000000E+000
    861200   0.8919836906E+003   0.0000000000E+000
    861300   0.8940528164E+003   0.0000000000E+000
    861400   0.8997944446E+003   0.0000000000E+000
    861500   0.8981049923E+003   0.0000000000E+000
    861600   0.8944493070E+003   0.0000000000E+000
    861700   0.8884996668E+003   0.0000000000E+000
    861800   0.8957938379E+003   0.0000000000E+000
    861900   0.8905992397E+003   0.0000000000E+000
    862000   0.8953143357E+003   0.0000000000E+000
    862100   0.9037485900E+003   0.0000000000E+000
    862200   0.8947647062E+003   0.0000000000E+000
    862300   0.8995450464E+003   0.0000000000E+000
    862400   0.8893810257E+003   0.0000000000E+000
    862500   0.8901233691E+003   0.0000000000E+000
    862600   0.8997153337E+003   0.0000000000E+000
    862700   0.8943870071E+003   0.0000000000E+000
    862800   0.9027349275E+003   0.0000000000E+000
    862900   0.9039190263E+003   0.0000000000E+000
    863000   0.9055313655E+003   0.0000000000E+000
    863100   0.9000485379E+003   0.0000000000E+000
    863200   0.9039446985E+003   0.0000000000E+000
    863300   0.8996152766E+003   0.0000000000E+000
    863400   0.8974804460E+003   0.0000000000E+000
    863500   0.9014178904E+003   0.0000000000E+000
    863600   0.9008757629E+003   0.0000000000E+000
    863700   0.9046804095E+003   0.0000000000E+000
    863800   0.9035994744E+003   0.0000000000E+000
    863900   0.9001086384E+003   0.0000000000E+000
    864000   0.9044846796E+003   0.0000000000E+000
    864100   0.9072503501E+003   0.0000000000E+000
    864200   0.9019858750E+003   0.0000000000E+000
    864300   0.9042525697E+003   0.0000000000E+000
    864400   0.9078871672E+003   0.0000000000E+000
    864500   0.8990186785E+003   0.0000000000E+000
    864600   0.9078198747E+003   0.0000000000E+000
    864700   0.9040497150E+003   0.0000000000E+000
    864800   0.9012181812E+003   0.0000000000E+000
    864900   0.8947704697E+003   0.0000000000E+000
    865000   0.8950082774E+003   0.0000000000E+000
    865100   0.8916850788E+003   0.0000000000E+000
    865200   0.9066528811E+003   0.0000000000E+000
    865300   0.9088094438E+003   0.0000000000E+000
    865400   0.9095667963E+003   0.0000000000E+000
    865500   0.9029706529E+003   0.0000000000E+000
    865600   0.9035479529E+003   0.0000000000E+000
    865700   0.9070516286E+003   0.0000000000E+000
    865800   0.9031195118E+003   0.0000000000E+000
    865900   0.8946252370E+003   0.0000000000E+000
    866000   0.9040045989E+003   0.0000000000E+000
    866100   0.8918456474E+003   0.0000000000E+000
    866200   0.8868890427E+003   0.0000000000E+000
    866300   0.8942447184E+003   0.0000000000E+000
    866400   0.8794551437E+003   0.0000000000E+000
    866500   0.8976345620E+003   0.0000000000E+000
    866600   0.8889849782E+003   0.3547644253E+000
    866700   0.9044233326E+003   0.3538027930E+000
    866800   0.8990304106E+003   0.3541343668E+000
    866900   0.8995621576E+003   0.3541014689E+000
    867000   0.8910046631E+003   0.3546364266E+000
    867100   0.8989364781E+003   0.3541401829E+000
    867200   0.8941303153E+003   0.3544396568E+000
    867300   0.9002406754E+003   0.3540595559E+000
    867400   0.8888148945E+003   0.3547752352E+000
    867500   0.8979768587E+003   0.0000000000E+000
    867600   0.8811818516E+003   0.3552653523E+000
    867700   0.8993065156E+003   0.3541172792E+000
    867800   0.8984356608E+003   0.3541712159E+000
    867900   0.8958004487E+003   0.3543351683E+000
    868000   0.8984652610E+003   0.3541693806E+000
    868100   0.8842714999E+003   0.3550657836E+000
    868200   0.9048260965E+003   0.3537782131E+000
    868300   0.8962644630E+003   0.3543062182E+000
    868400   0.8909209074E+003   0.3546417213E+000
    868500   0.8876310557E+003   0.3548506090E+000
    868600   0.8921887884E+003   0.3545616942E+000
    868700   0.8954694752E+003   0.3543558391E+000
    868800   0.8858232002E+003   0.0000000000E+000
    868900   0.8937519594E+003   0.3544633907E+000
    869000   0.8886230929E+003   0.3547874312E+000
    869100   0.8966704065E+003   0.3542809196E+000
    869200   0.8875312266E+003   0.7094303036E+000
    869300   0.8983463863E+003   0.3541767520E+000
    869400   0.8951892426E+003   0.3543733548E+000
    869500   0.8999943296E+003   0.3540747646E+000
    869600   0.8888609964E+003   0.3547723047E+000
    869700   0.8917017273E+003   0.0000000000E+000
    869800   0.8986649060E+003   0.3541570058E+000
    869900   0.9018779337E+003   0.3539587206E+000
    870000   0.8973296412E+003   0.0000000000E+000
    870100   0.9082040327E+003   0.3535730563E+000
    870200   0.9019832169E+003   0.0000000000E+000
    870300   0.9107895738E+003   0.0000000000E+000
    870400   0.9108937081E+003   0.3534109571E+000
    870500   0.9067572089E+003   0.3536607120E+000
    870600   0.9104150842E+003   0.3534397215E+000
    870700   0.9077434717E+003   0.3536009243E+000
    870800   0.9191345768E+003   0.3529211143E+000
    870900   0.9123137673E+003   0.3533258192E+000
    871000   0.9020339567E+003   0.3539491336E+000
    871100   0.8792144336E+003   0.3553932820E+000
    871200   0.8993382011E+003   0.3541153191E+000
    871300   0.9005106509E+003   0.3540428995E+000
    871400   0.9008212038E+003   0.3540237539E+000
    871500   0.9023780309E+003   0.0000000000E+000
    871600   0.9023260995E+003   0.0000000000E+000
    871700   0.9016700436E+003   0.0000000000E+000
    871800   0.9067105636E+003   0.0000000000E+000
    871900   0.9003631723E+003   0.3540519969E+000
    872000   0.9036730067E+003   0.3538486513E+000
    872100   0.8911892574E+003   0.3546247614E+000
    872200   0.9046732357E+003   0.3537875389E+000
    872300   0.9053300028E+003   0.0000000000E+000
    872400   0.9029963401E+003   0.3538900834E+000
    872500   0.9051788010E+003   0.3537567091E+000
    872600   0.9012654070E+003   0.3539963952E+000
    872700   0.8950471652E+003   0.3543822401E+000
    872800   0.9069328092E+003   0.3536500560E+000
    872900   0.9178146723E+003   0.3529988879E+000
    873000   0.9024011083E+003   0.3539265886E+000
    873100   0.9048602392E+003   0.0000000000E+000
    873200   0.9002354957E+003   0.0000000000E+000
    873300   0.9066089813E+003   0.0000000000E+000
    873400   0.8918361102E+003   0.0000000000E+000
    873500   0.9036773114E+003   0.0000000000E+000
    873600   0.9030675966E+003   0.0000000000E+000
    873700   0.9003941601E+003   0.0000000000E+000
    873800   0.9007994182E+003   0.0000000000E+000
    873900   0.9050698591E+003   0.0000000000E+000
    874000   0.8899895122E+003   0.0000000000E+000
    874100   0.8943170331E+003   0.0000000000E+000
    874200   0.8881501472E+003   0.0000000000E+000
    874300   0.9076961486E+003   0.0000000000E+000
    874400   0.9111652118E+003   0.0000000000E+000
    874500   0.8962487995E+003   0.3543071949E+000
    874600   0.8919565226E+003   0.3545763348E+000
    874700   0.8918628915E+003   0.3545822392E+000
    874800   0.8995337950E+003   0.3541032225E+000
    874900   0.9072356182E+003   0.3536316918E+000
    875000   0.9047763350E+003   0.0000000000E+000
    875100   0.9070316453E+003   0.3536440604E+000
    875200   0.9103655006E+003   0.3534427034E+000
    875300   0.9083162060E+003   0.3535662738E+000
    875400   0.9005683530E+003   0.3540393410E+000
    875500   0.9035258175E+003   0.0000000000E+000
    875600   0.8970572952E+003   0.0000000000E+000
    875700   0.8968722660E+003   0.0000000000E+000
    875800   0.9058626931E+003   0.0000000000E+000
    875900   0.9085257011E+003   0.0000000000E+000
    876000   0.9060371952E+003   0.0000000000E+000
    876100   0.8940187893E+003   0.0000000000E+000
    876200   0.8863968992E+003   0.0000000000E+000
    876300   0.8911884196E+003   0.0000000000E+000
    876400   0.9029515868E+003   0.0000000000E+000
    876500   0.9083818545E+003   0.0000000000E+000
    876600   0.9043453464E+003   0.0000000000E+000
    876700   0.9006228678E+003   0.0000000000E+000
    876800   0.9002494230E+003   0.0000000000E+000
    876900   0.9016583833E+003   0.0000000000E+000
    877000   0.8947006672E+003   0.0000000000E+000
    877100   0.9032758279E+003   0.0000000000E+000
    877200   0.9012047911E+003   0.0000000000E+000
    877300   0.9015196420E+003   0.0000000000E+000
    877400   0.9027389518E+003   0.0000000000E+000
    877500   0.8960574701E+003   0.0000000000E+000
    877600   0.8878573450E+003   0.0000000000E+000
    877700   0.8953230210E+003   0.0000000000E+000
    877800   0.8923653302E+003   0.0000000000E+000
    877900   0.9062178964E+003   0.0000000000E+000
    878000   0.9023140921E+003   0.0000000000E+000
    878100   0.9051358027E+003   0.0000000000E+000
    878200   0.8950080981E+003   0.0000000000E+000
    878300   0.9028034971E+003   0.0000000000E+000
    878400   0.8974962119E+003   0.0000000000E+000
    878500   0.8913054192E+003   0.3546174235E+000
    878600   0.8923832037E+003   0.3545494462E+000
    878700   0.8894007352E+003   0.3547380214E+000
    878800   0.8879657672E+003   0.3548292747E+000
    878900   0.9018591767E+003   0.0000000000E+000
    879000   0.8994907285E+003   0.0000000000E+000
    879100   0.8999906890E+003   0.3540749894E+000
    879200   0.9006263992E+003   0.3540357618E+000
    879300   0.8920184738E+003   0.0000000000E+000
    879400   0.8986521520E+003   0.0000000000E+000
    879500   0.8963847060E+003   0.3542987219E+000
    879600   0.8957522069E+003   0.3543381801E+000
    879700   0.8927913775E+003   0.0000000000E+000
    879800   0.8983412416E+003   0.3541770711E+000
    879900   0.8962323041E+003   0.3543082235E+000
    880000   0.8976405754E+003   0.3542205656E+000
    880100   0.8849663025E+003   0.3550211271E+000
    880200   0.8948790486E+003   0.3543927580E+000
    880300   0.8998042798E+003   0.3540865043E+000
    880400   0.9064290201E+003   0.3536806403E+000
    880500   0.8958304588E+003   0.3543332949E+000
    880600   0.9064924211E+003   0.0000000000E+000
    880700   0.8897609545E+003   0.0000000000E+000
    880800   0.9049427004E+003   0.0000000000E+000
    880900   0.9024106369E+003   0.0000000000E+000
    881000   0.8958940761E+003   0.0000000000E+000
    881100   0.8951957838E+003   0.0000000000E+000
    881200   0.8990931202E+003   0.0000000000E+000
    881300   0.9006732806E+003   0.0000000000E+000
    881400   0.8978715597E+003   0.0000000000E+000
    881500   0.8988962430E+003   0.0000000000E+000
    881600   0.8932139174E+003   0.0000000000E+000
    881700   0.8967781134E+003   0.0000000000E+000
    881800   0.8932150713E+003   0.0000000000E+000
    881900   0.8991971439E+003   0.0000000000E+000
    882000   0.9042313033E+003   0.0000000000E+000
    882100   0.9117107636E+003   0.0000000000E+000
    882200   0.9008300492E+003   0.0000000000E+000
    882300   0.8907629916E+003   0.0000000000E+000
    882400   0.8941338604E+003   0.0000000000E+000
    882500   0.9070827124E+003   0.0000000000E+000
    882600   0.8991527301E+003   0.0000000000E+000
    882700   0.8942013467E+003   0.0000000000E+000
    882800   0.8959036710E+003   0.0000000000E+000
    882900   0.8872260041E+003   0.0000000000E+000
    883000   0.9032970044E+003   0.0000000000E+000
    883100   0.8913660079E+003   0.0000000000E+000
    883200   0.8908517616E+003   0.0000000000E+000
    883300   0.8914197938E+003   0.0000000000E+000
    883400   0.8954273737E+003   0.0000000000E+000
    883500   0.8843387977E+003   0.0000000000E+000
    883600   0.8931014259E+003   0.0000000000E+000
    883700   0.9039778693E+003   0.0000000000E+000
    883800   0.8898921595E+003   0.0000000000E+000
    883900   0.9061978772E+003   0.0000000000E+000
    884000   0.8942060321E+003   0.0000000000E+000
    884100   0.9005117354E+003   0.0000000000E+000
    884200   0.9048935357E+003   0.0000000000E+000
    884300   0.9002950114E+003   0.0000000000E+000
    884400   0.9036632090E+003   0.0000000000E+000
    884500   0.9007316115E+003   0.0000000000E+000
    884600   0.9047210450E+003   0.0000000000E+000
    884700   0.8902764970E+003   0.0000000000E+000
    884800   0.8951242041E+003   0.0000000000E+000
    884900   0.8990652356E+003   0.0000000000E+000
    885000   0.8976468176E+003   0.0000000000E+000
    885100   0.8978098897E+003   0.0000000000E+000
    885200   0.9040688356E+003   0.0000000000E+000
    885300   0.8954781441E+003   0.0000000000E+000
    885400   0.9081257614E+003   0.0000000000E+000
    885500   0.9051856111E+003   0.0000000000E+000
    885600   0.9077160967E+003   0.0000000000E+000
    885700   0.8946312812E+003   0.0000000000E+000
    885800   0.9025856351E+003   0.0000000000E+000
    885900   0.9130068320E+003   0.0000000000E+000
    886000   0.9033643252E+003   0.0000000000E+000
    886100   0.9036051466E+003   0.0000000000E+000
    886200   0.9126340616E+003   0.0000000000E+000
    886300   0.9058707244E+003   0.0000000000E+000
    886400   0.8967216712E+003   0.0000000000E+000
    886500   0.9023232087E+003   0.0000000000E+000
    886600   0.8949716441E+003   0.0000000000E+000
    886700   0.8992530769E+003   0.0000000000E+000
    886800   0.8993330892E+003   0.0000000000E+000
    886900   0.9069700486E+003   0.0000000000E+000
    887000   0.9062874207E+003   0.0000000000E+000
    887100   0.8952622331E+003   0.0000000000E+000
    887200   0.9007472796E+003   0.0000000000E+000
    887300   0.9071565971E+003   0.0000000000E+000
    887400   0.9077463773E+003   0.0000000000E+000
    887500   0.8939126406E+003   0.0000000000E+000
    887600   0.9064659773E+003   0.0000000000E+000
    887700   0.9051429352E+003   0.0000000000E+000
    887800   0.8837904726E+003   0.0000000000E+000
    887900   0.9072388620E+003   0.0000000000E+000
    888000   0.8954396058E+003   0.0000000000E+000
    888100   0.8961301386E+003   0.0000000000E+000
    888200   0.9013596510E+003   0.0000000000E+000
    888300   0.8949595412E+003   0.0000000000E+000
    888400   0.8931589256E+003   0.0000000000E+000
    888500   0.9051462136E+003   0.0000000000E+000
    888600   0.9083056091E+003   0.0000000000E+000
    888700   0.9088761954E+003   0.0000000000E+000
    888800   0.9015944212E+003   0.0000000000E+000
    888900   0.9093805296E+003   0.0000000000E+000
    889000   0.8983170033E+003   0.0000000000E+000
    889100   0.9092177247E+003   0.0000000000E+000
    889200   0.9073063193E+003   0.0000000000E+000
    889300   0.8991652274E+003   0.0000000000E+000
    889400   0.8951407737E+003   0.0000000000E+000
    889500   0.9041892210E+003   0.0000000000E+000
    889600   0.8976575530E+003   0.0000000000E+000
    889700   0.9093886012E+003   0.0000000000E+000
    889800   0.9019006575E+003   0.0000000000E+000
    889900   0.9015374638E+003   0.0000000000E+000
    890000   0.9049203599E+003   0.0000000000E+000
    890100   0.9095667743E+003   0.0000000000E+000
    890200   0.9085885717E+003   0.0000000000E+000
    890300   0.9105411846E+003   0.0000000000E+000
    890400   0.8936270649E+003   0.0000000000E+000
    890500   0.8983254256E+003   0.0000000000E+000
    890600   0.9079673632E+003   0.0000000000E+000
    890700   0.9104064038E+003   0.0000000000E+000
    890800   0.9112386377E+003   0.0000000000E+000
    890900   0.8959489431E+003   0.0000000000E+000
    891000   0.8989496058E+003   0.0000000000E+000
    891100   0.9042863575E+003   0.0000000000E+000
    891200   0.8924584598E+003   0.0000000000E+000
    891300   0.9010659161E+003   0.0000000000E+000
    891400   0.8978318492E+003   0.0000000000E+000
    891500   0.8939498371E+003   0.0000000000E+000
    891600   0.9059047361E+003   0.0000000000E+000
    891700   0.9045745757E+003   0.0000000000E+000
    891800   0.8986853493E+003   0.0000000000E+000
    891900   0.9083268279E+003   0.0000000000E+000
    892000   0.9023266848E+003   0.0000000000E+000
    892100   0.9009457468E+003   0.0000000000E+000
    892200   0.9011308228E+003   0.0000000000E+000
    892300   0.9044625735E+003   0.0000000000E+000
    892400   0.8993527199E+003   0.0000000000E+000
    892500   0.9026161461E+003   0.0000000000E+000
    892600   0.8960017722E+003   0.0000000000E+000
    892700   0.9013897238E+003   0.0000000000E+000
    892800   0.9045401960E+003   0.0000000000E+000
    892900   0.9043332098E+003   0.0000000000E+000
    893000   0.8890987598E+003   0.0000000000E+000
    893100   0.8959326376E+003   0.0000000000E+000
    893200   0.9004128043E+003   0.0000000000E+000
    893300   0.8970622456E+003   0.0000000000E+000
    893400   0.9055261487E+003   0.0000000000E+000
    893500   0.9087742234E+003   0.0000000000E+000
    893600   0.8975832630E+003   0.0000000000E+000
    893700   0.8956886491E+003   0.0000000000E+000
    893800   0.8998794669E+003   0.0000000000E+000
    893900   0.8989567820E+003   0.0000000000E+000
    894000   0.8964789238E+003   0.0000000000E+000
    894100   0.8970463734E+003   0.0000000000E+000
    894200   0.9025546373E+003   0.0000000000E+000
    894300   0.9057000130E+003   0.0000000000E+000
    894400   0.9018847546E+003   0.0000000000E+000
    894500   0.8983798950E+003   0.0000000000E+000
    894600   0.8964520001E+003   0.0000000000E+000
    894700   0.8976281477E+003   0.0000000000E+000
    894800   0.8965354904E+003   0.0000000000E+000
    894900   0.9068114912E+003   0.0000000000E+000
    895000   0.8883447152E+003   0.0000000000E+000
    895100   0.9054933061E+003   0.0000000000E+000
    895200   0.9056147062E+003   0.0000000000E+000
    895300   0.8987564529E+003   0.0000000000E+000
    895400   0.9032381270E+003   0.0000000000E+000
    895500   0.8912562902E+003   0.0000000000E+000
    895600   0.9015808306E+003   0.0000000000E+000
    895700   0.9050129197E+003   0.0000000000E+000
    895800   0.8972579483E+003   0.0000000000E+000
    895900   0.8908735802E+003   0.0000000000E+000
    896000   0.9031444656E+003   0.0000000000E+000
    896100   0.8974299700E+003   0.0000000000E+000
    896200   0.9039323383E+003   0.0000000000E+000
    896300   0.9001242946E+003   0.0000000000E+000
    896400   0.9035698168E+003   0.0000000000E+000
    896500   0.9114456850E+003   0.0000000000E+000
    896600   0.8890929105E+003   0.0000000000E+000
    896700   0.8992377832E+003   0.0000000000E+000
    896800   0.8987183310E+003   0.0000000000E+000
    896900   0.9068720893E+003   0.0000000000E+000
    897000   0.8930864987E+003   0.0000000000E+000
    897100   0.8994667758E+003   0.0000000000E+000
    897200   0.8982984068E+003   0.3541797278E+000
    897300   0.9046627590E+003   0.0000000000E+000
    897400   0.9060818808E+003   0.0000000000E+000
    897500   0.8983690486E+003   0.0000000000E+000
    897600   0.9111501249E+003   0.0000000000E+000
    897700   0.9102723866E+003   0.0000000000E+000
    897800   0.9084458402E+003   0.0000000000E+000
    897900   0.9155523255E+003   0.0000000000E+000
    898000   0.8976159646E+003   0.3542220948E+000
    898100   0.8926087110E+003   0.3545352472E+000
    898200   0.8950528379E+003   0.3543818852E+000
    898300   0.9129106681E+003   0.3532901241E+000
    898400   0.9096338454E+003   0.3534867476E+000
    898500   0.8991259762E+003   0.0000000000E+000
    898600   0.8974310571E+003   0.3542335869E+000
    898700   0.9097831428E+003   0.3534777536E+000
    898800   0.8970675054E+003   0.3542561979E+000
    898900   0.8972658097E+003   0.3542438618E+000
    899000   0.9010639014E+003   0.0000000000E+000
    899100   0.9047116281E+003   0.3537851963E+000
    899200   0.9125015155E+003   0.3533145859E+000
    899300   0.9085177838E+003   0.3535540903E+000
    899400   0.9023972998E+003   0.0000000000E+000
    899500   0.9122721961E+003   0.3533283072E+000
    899600   0.9035873735E+003   0.3538538907E+000
    899700   0.9012074795E+003   0.3539999612E+000
    899800   0.8951524692E+003   0.3543756542E+000
    899900   0.9048897648E+003   0.3537743299E+000
    900000   0.9014612826E+003   0.3539843411E+000
    900100   0.9030715970E+003   0.3538854719E+000
    900200   0.8837596350E+003   0.0000000000E+000
    900300   0.8939538623E+003   0.0000000000E+000
    900400   0.9044887748E+003   0.0000000000E+000
    900500   0.8905479880E+003   0.0000000000E+000
    900600   0.9063896516E+003   0.0000000000E+000
    900700   0.8882084128E+003   0.0000000000E+000
    900800   0.8948074618E+003   0.0000000000E+000
    900900   0.8986593310E+003   0.0000000000E+000
    901000   0.8938525405E+003   0.0000000000E+000
    901100   0.9007203776E+003   0.0000000000E+000
    901200   0.9019070184E+003   0.0000000000E+000
    901300   0.9018004682E+003   0.0000000000E+000
    901400   0.9039409832E+003   0.0000000000E+000
    901500   0.8915473318E+003   0.0000000000E+000
    901600   0.9038424141E+003   0.0000000000E+000
    901700   0.9056337019E+003   0.0000000000E+000
    901800   0.8967437288E+003   0.0000000000E+000
    901900   0.9066486601E+003   0.0000000000E+000
    902000   0.8921276183E+003   0.0000000000E+000
    902100   0.9018371311E+003   0.0000000000E+000
    902200   0.9102083147E+003   0.0000000000E+000
    902300   0.9052592037E+003   0.3537518097E+000
    902400   0.9045320634E+003   0.3537961549E+000
    902500   0.8981759099E+003   0.3541873271E+000
    902600   0.8957573249E+003   0.0000000000E+000
    902700   0.9009722655E+003   0.0000000000E+000
    902800   0.9024528872E+003   0.3539234108E+000
    902900   0.9047786133E+003   0.3537811096E+000
    903000   0.8984455248E+003   0.3541706043E+000
    903100   0.9085869291E+003   0.3535499125E+000
    903200   0.8970985078E+003   0.3542542689E+000
    903300   0.9090105493E+003   0.3535243335E+000
    903400   0.9045225524E+003   0.3537967355E+000
    903500   0.9051208755E+003   0.0000000000E+000
    903600   0.8924808823E+003   0.3545432949E+000
    903700   0.8989919542E+003   0.3541367477E+000
    903800   0.8920453893E+003   0.3545707321E+000
    903900   0.8969879229E+003   0.7082425837E+000
    904000   0.8881577010E+003   0.3548170493E+000
    904100   0.8933047449E+003   0.7087017130E+000
    904200   0.8948909460E+003   0.7085034476E+000
    904300   0.8957357315E+003   0.3543392088E+000
    904400   0.9056185163E+003   0.3537299272E+000
    904500   0.9021636540E+003   0.0000000000E+000
    904600   0.8886402527E+003   0.0000000000E+000
    904700   0.8974657554E+003   0.3542314300E+000
    904800   0.9134947598E+003   0.3532552470E+000
    904900   0.9067724994E+003   0.3536597839E+000
    905000   0.9015407667E+003   0.3539794514E+000
    905100   0.8939654390E+003   0.3544499965E+000
    905200   0.9030326597E+003   0.3538878577E+000
    905300   0.8989705284E+003   0.3541380744E+000
    905400   0.9044570412E+003   0.3538007348E+000
    905500   0.9042294162E+003   0.0000000000E+000
    905600   0.8976581658E+003   0.3542194727E+000
    905700   0.8891889976E+003   0.3547514648E+000
    905800   0.9067137328E+003   0.3536633510E+000
    905900   0.8968326050E+003   0.3542708188E+000
    906000   0.8944734248E+003   0.3544181540E+000
    906100   0.9088815103E+003   0.3535321222E+000
    906200   0.8991952254E+003   0.3541241653E+000
    906300   0.9039104880E+003   0.3538341275E+000
    906400   0.9031324982E+003   0.3538817407E+000
    906500   0.9048723918E+003   0.3537753895E+000
    906600   0.9016359318E+003   0.3539735983E+000
    906700   0.9080520710E+003   0.0000000000E+000
    906800   0.8909420745E+003   0.0000000000E+000
    906900   0.9006254197E+003   0.0000000000E+000
    907000   0.8996661313E+003   0.0000000000E+000
    907100   0.9050877714E+003   0.0000000000E+000
    907200   0.8934695219E+003   0.0000000000E+000
    907300   0.9021807614E+003   0.0000000000E+000
    907400   0.9091932028E+003   0.0000000000E+000
    907500   0.9066935920E+003   0.0000000000E+000
    907600   0.8995421181E+003   0.0000000000E+000
    907700   0.8964389510E+003   0.0000000000E+000
    907800   0.8968107805E+003   0.0000000000E+000
    907900   0.9036411996E+003   0.0000000000E+000
    908000   0.9073530466E+003   0.0000000000E+000
    908100   0.9087302306E+003   0.0000000000E+000
    908200   0.9046180963E+003   0.3537909038E+000
    908300   0.9048691935E+003   0.3537755845E+000
    908400   0.8946803353E+003   0.3544051960E+000
    908500   0.9065592819E+003   0.3536727285E+000
    908600   0.8978486247E+003   0.3542076425E+000
    908700   0.9143143178E+003   0.3532063966E+000
    908800   0.9046124417E+003   0.3537912489E+000
    908900   0.8994798531E+003   0.3541065579E+000
    909000   0.9043605847E+003   0.3538066246E+000
    909100   0.9136721350E+003   0.0000000000E+000
    909200   0.8931787265E+003   0.3544993935E+000
    909300   0.8995169909E+003   0.3541042615E+000
    909400   0.9037488624E+003   0.3538440112E+000
    909500   0.9074287553E+003   0.0000000000E+000
    909600   0.8943174600E+003   0.3544279260E+000
    909700   0.9050047355E+003   0.3537673193E+000
    909800   0.9057961749E+003   0.0000000000E+000
    909900   0.8984778253E+003   0.3541686017E+000
    910000   0.9057651054E+003   0.3537210055E+000
    910100   0.9083905850E+003   0.0000000000E+000
    910200   0.9050645955E+003   0.3537636700E+000
    910300   0.8986380611E+003   0.3541586694E+000
    910400   0.9118365928E+003   0.0000000000E+000
    910500   0.9019797462E+003   0.3539524642E+000
    910600   0.9063156906E+003   0.3536875257E+000
    910700   0.8991268153E+003   0.0000000000E+000
    910800   0.9067008263E+003   0.0000000000E+000
    910900   0.8929299540E+003   0.0000000000E+000
    911000   0.9095345386E+003   0.0000000000E+000
    911100   0.8963963606E+003   0.3542979954E+000
    911200   0.9006945135E+003   0.0000000000E+000
    911300   0.9024374652E+003   0.3539243573E+000
    911400   0.9002110250E+003   0.0000000000E+000
    911500   0.8934250762E+003   0.3544839145E+000
    911600   0.9021209262E+003   0.3539437913E+000
    911700   0.9085716000E+003   0.0000000000E+000
    911800   0.8951286145E+003   0.3543771460E+000
    911900   0.9026037123E+003   0.3539141568E+000
    912000   0.8992349101E+003   0.0000000000E+000
    912100   0.8946004945E+003   0.0000000000E+000
    912200   0.8992306803E+003   0.0000000000E+000
    912300   0.8937388694E+003   0.0000000000E+000
    912400   0.8986548971E+003   0.0000000000E+000
    912500   0.8832457378E+003   0.0000000000E+000
    912600   0.8912081111E+003   0.0000000000E+000
    912700   0.9029478853E+003   0.0000000000E+000
    912800   0.8985155125E+003   0.0000000000E+000
    912900   0.8952246593E+003   0.0000000000E+000
    913000   0.8984783426E+003   0.0000000000E+000
    913100   0.8939002152E+003   0.0000000000E+000
    913200   0.8995968025E+003   0.0000000000E+000
    913300   0.8947242366E+003   0.0000000000E+000
    913400   0.8952349624E+003   0.0000000000E+000
    913500   0.8966516582E+003   0.0000000000E+000
    913600   0.8966756540E+003   0.0000000000E+000
    913700   0.8982210134E+003   0.0000000000E+000
    913800   0.8916180364E+003   0.0000000000E+000
    913900   0.8892159954E+003   0.0000000000E+000
    914000   0.9015945214E+003   0.0000000000E+000
    914100   0.9033662911E+003   0.0000000000E+000
    914200   0.9032731143E+003   0.0000000000E+000
    914300   0.8989362426E+003   0.0000000000E+000
    914400   0.9044983109E+003   0.0000000000E+000
    914500   0.8981824031E+003   0.0000000000E+000
    914600   0.8984786798E+003   0.0000000000E+000
    914700   0.8984620817E+003   0.0000000000E+000
    914800   0.8985216076E+003   0.0000000000E+000
    914900   0.9097084252E+003   0.0000000000E+000
    915000   0.8999695291E+003   0.0000000000E+000
    915100   0.8951555227E+003   0.0000000000E+000
    915200   0.8954237597E+003   0.0000000000E+000
    915300   0.9043550114E+003   0.0000000000E+000
    915400   0.9120387970E+003   0.0000000000E+000
    915500   0.8906934137E+003   0.0000000000E+000
    915600   0.9020782523E+003   0.0000000000E+000
    915700   0.8996673625E+003   0.0000000000E+000
    915800   0.8959484487E+003   0.0000000000E+000
    915900   0.9057236217E+003   0.0000000000E+000
    916000   0.9070050169E+003   0.0000000000E+000
    916100   0.9040658697E+003   0.0000000000E+000
    916200   0.8937978427E+003   0.0000000000E+000
    916300   0.9015416009E+003   0.0000000000E+000
    916400   0.9048164923E+003   0.0000000000E+000
    916500   0.9060811819E+003   0.0000000000E+000
    916600   0.9034925162E+003   0.0000000000E+000
    916700   0.8931864391E+003   0.0000000000E+000
    916800   0.9028103945E+003   0.0000000000E+000
    916900   0.9083227281E+003   0.0000000000E+000
    917000   0.9041566323E+003   0.0000000000E+000
    917100   0.8989709031E+003   0.0000000000E+000
    917200   0.9009758047E+003   0.0000000000E+000
    917300   0.8975273493E+003   0.0000000000E+000
    917400   0.9042973088E+003   0.0000000000E+000
    917500   0.9098236932E+003   0.0000000000E+000
    917600   0.8980307068E+003   0.0000000000E+000
    917700   0.8971408954E+003   0.0000000000E+000
    917800   0.8902755121E+003   0.0000000000E+000
    917900   0.8941955993E+003   0.0000000000E+000
    918000   0.9051806617E+003   0.0000000000E+000
    918100   0.8964940612E+003   0.0000000000E+000
    918200   0.8901645480E+003   0.0000000000E+000
    918300   0.9038626344E+003   0.0000000000E+000
    918400   0.8975634194E+003   0.0000000000E+000
    918500   0.9015507827E+003   0.0000000000E+000
    918600   0.9055182466E+003   0.0000000000E+000
    918700   0.9096836644E+003   0.0000000000E+000
    918800   0.8987323807E+003   0.0000000000E+000
    918900   0.9026336709E+003   0.0000000000E+000
    919000   0.9033365250E+003   0.0000000000E+000
    919100   0.9045017185E+003   0.0000000000E+000
    919200   0.9092904058E+003   0.0000000000E+000
    919300   0.9021587928E+003   0.0000000000E+000
    919400   0.8986148056E+003   0.0000000000E+000
    919500   0.8916082243E+003   0.0000000000E+000
    919600   0.9034190113E+003   0.0000000000E+000
    919700   0.9050730371E+003   0.0000000000E+000
    919800   0.9045770451E+003   0.0000000000E+000
    919900   0.9135559851E+003   0.0000000000E+000
    920000   0.9018223168E+003   0.0000000000E+000
    920100   0.9075014169E+003   0.0000000000E+000
    920200   0.8872033277E+003   0.0000000000E+000
    920300   0.8953141970E+003   0.0000000000E+000
    920400   0.9095916144E+003   0.0000000000E+000
    920500   0.8983179484E+003   0.0000000000E+000
    920600   0.9038661711E+003   0.0000000000E+000
    920700   0.8972605249E+003   0.0000000000E+000
    920800   0.9112368349E+003   0.0000000000E+000
    920900   0.9078062431E+003   0.0000000000E+000
    921000   0.8935849700E+003   0.0000000000E+000
    921100   0.9078382097E+003   0.0000000000E+000
    921200   0.9031553542E+003   0.0000000000E+000
    921300   0.8888512397E+003   0.0000000000E+000
    921400   0.9116055963E+003   0.0000000000E+000
    921500   0.8931149595E+003   0.0000000000E+000
    921600   0.8999742391E+003   0.0000000000E+000
    921700   0.9010511685E+003   0.0000000000E+000
    921800   0.9014714410E+003   0.0000000000E+000
    921900   0.9110779379E+003   0.0000000000E+000
    922000   0.9030436687E+003   0.0000000000E+000
    922100   0.9013258087E+003   0.0000000000E+000
    922200   0.9025794058E+003   0.0000000000E+000
    922300   0.9054890336E+003   0.0000000000E+000
    922400   0.9024304554E+003   0.0000000000E+000
    922500   0.8910592208E+003   0.0000000000E+000
    922600   0.9023817409E+003   0.0000000000E+000
    922700   0.9058634490E+003   0.0000000000E+000
    922800   0.8992258467E+003   0.0000000000E+000
    922900   0.9038158155E+003   0.0000000000E+000
    923000   0.9027642377E+003   0.0000000000E+000
    923100   0.9023907473E+003   0.0000000000E+000
    923200   0.8971523197E+003   0.0000000000E+000
    923300   0.9093094869E+003   0.0000000000E+000
    923400   0.9084278819E+003   0.0000000000E+000
    923500   0.9020765893E+003   0.0000000000E+000
    923600   0.8958541516E+003   0.0000000000E+000
    923700   0.9020559744E+003   0.0000000000E+000
    923800   0.9169697646E+003   0.0000000000E+000
    923900   0.8999752325E+003   0.0000000000E+000
    924000   0.9090859034E+003   0.0000000000E+000
    924100   0.9009503307E+003   0.0000000000E+000
    924200   0.8994800027E+003   0.0000000000E+000
    924300   0.8989271282E+003   0.0000000000E+000
    924400   0.9114380485E+003   0.0000000000E+000
    924500   0.9072198764E+003   0.0000000000E+000
    924600   0.8984810611E+003   0.0000000000E+000
    924700   0.9089428195E+003   0.0000000000E+000
    924800   0.8985236578E+003   0.0000000000E+000
    924900   0.8949084613E+003   0.0000000000E+000
    925000   0.8998576675E+003   0.0000000000E+000
    925100   0.9072063151E+003   0.0000000000E+000
    925200   0.8995542383E+003   0.0000000000E+000
    925300   0.9078957958E+003   0.0000000000E+000
    925400   0.8968620145E+003   0.0000000000E+000
    925500   0.8953297662E+003   0.0000000000E+000
    925600   0.8907636442E+003   0.0000000000E+000
    925700   0.8936889284E+003   0.0000000000E+000
    925800   0.8982679633E+003   0.0000000000E+000
    925900   0.9011724453E+003   0.0000000000E+000
    926000   0.8943950294E+003   0.0000000000E+000
    926100   0.8919399821E+003   0.0000000000E+000
    926200   0.8932884647E+003   0.0000000000E+000
    926300   0.9018491011E+003   0.0000000000E+000
    926400   0.8962809828E+003   0.0000000000E+000
    926500   0.8904117077E+003   0.0000000000E+000
    926600   0.9000894362E+003   0.0000000000E+000
    926700   0.9023635056E+003   0.0000000000E+000
    926800   0.8921536731E+003   0.0000000000E+000
    926900   0.8939292206E+003   0.0000000000E+000
    927000   0.8998202359E+003   0.0000000000E+000
    927100   0.9010166206E+003   0.0000000000E+000
    927200   0.9106607680E+003   0.0000000000E+000
    927300   0.9064387600E+003   0.0000000000E+000
    927400   0.9065961006E+003   0.0000000000E+000
    927500   0.9050180050E+003   0.0000000000E+000
    927600   0.9060175524E+003   0.0000000000E+000
    927700   0.9019039522E+003   0.0000000000E+000
    927800   0.9039045996E+003   0.0000000000E+000
    927900   0.8938832444E+003   0.0000000000E+000
    928000   0.9070846126E+003   0.0000000000E+000
    928100   0.9079278876E+003   0.0000000000E+000
    928200   0.8963075348E+003   0.0000000000E+000
    928300   0.8931275675E+003   0.0000000000E+000
    928400   0.8970203166E+003   0.0000000000E+000
    928500   0.8965849322E+003   0.0000000000E+000
    928600   0.8977843801E+003   0.0000000000E+000
    928700   0.8929438484E+003   0.0000000000E+000
    928800   0.9025565380E+003   0.0000000000E+000
    928900   0.8917644235E+003   0.0000000000E+000
    929000   0.8965505715E+003   0.0000000000E+000
    929100   0.8995532872E+003   0.0000000000E+000
    929200   0.8976455724E+003   0.0000000000E+000
    929300   0.8873481049E+003   0.0000000000E+000
    929400   0.9058573587E+003   0.0000000000E+000
    929500   0.8962811002E+003   0.0000000000E+000
    929600   0.9002013870E+003   0.0000000000E+000
    929700   0.8923998514E+003   0.0000000000E+000
    929800   0.8974300128E+003   0.0000000000E+000
    929900   0.8884360190E+003   0.0000000000E+000
    930000   0.8961913372E+003   0.0000000000E+000
    930100   0.8966834914E+003   0.0000000000E+000
    930200   0.8916185646E+003   0.0000000000E+000
    930300   0.8892990482E+003   0.0000000000E+000
    930400   0.8972450517E+003   0.0000000000E+000
    930500   0.9107272997E+003   0.0000000000E+000
    930600   0.8796562818E+003   0.0000000000E+000
    930700   0.8901914138E+003   0.0000000000E+000
    930800   0.9065707272E+003   0.0000000000E+000
    930900   0.8906061198E+003   0.0000000000E+000
    931000   0.8821036761E+003   0.0000000000E+000
    931100   0.8996883645E+003   0.0000000000E+000
    931200   0.8990306563E+003   0.0000000000E+000
    931300   0.8895451061E+003   0.0000000000E+000
    931400   0.8914172174E+003   0.0000000000E+000
    931500   0.9038937725E+003   0.0000000000E+000
    931600   0.8922719266E+003   0.0000000000E+000
    931700   0.8935872627E+003   0.0000000000E+000
    931800   0.8896242866E+003   0.0000000000E+000
    931900   0.8905628986E+003   0.0000000000E+000
    932000   0.8856253615E+003   0.0000000000E+000
    932100   0.8885839992E+003   0.0000000000E+000
    932200   0.8920130925E+003   0.0000000000E+000
    932300   0.8987503134E+003   0.0000000000E+000
    932400   0.9054386871E+003   0.0000000000E+000
    932500   0.9010283806E+003   0.0000000000E+000
    932600   0.8896335496E+003   0.0000000000E+000
    932700   0.8989645173E+003   0.0000000000E+000
    932800   0.8951241459E+003   0.0000000000E+000
    932900   0.9002156314E+003   0.0000000000E+000
    933000   0.9001429565E+003   0.0000000000E+000
    933100   0.8916032487E+003   0.0000000000E+000
    933200   0.8927022428E+003   0.0000000000E+000
    933300   0.8955344724E+003   0.0000000000E+000
    933400   0.8986866381E+003   0.0000000000E+000
    933500   0.8926091539E+003   0.0000000000E+000
    933600   0.8890949376E+003   0.0000000000E+000
    933700   0.8933285393E+003   0.0000000000E+000
    933800   0.9094408905E+003   0.0000000000E+000
    933900   0.8968038533E+003   0.0000000000E+000
    934000   0.9045730550E+003   0.0000000000E+000
    934100   0.8998959776E+003   0.0000000000E+000
    934200   0.9019357535E+003   0.0000000000E+000
    934300   0.9063479917E+003   0.0000000000E+000
    934400   0.9077577042E+003   0.0000000000E+000
    934500   0.9002971471E+003   0.0000000000E+000
    934600   0.9027137249E+003   0.0000000000E+000
    934700   0.8944542438E+003   0.0000000000E+000
    934800   0.9003085428E+003   0.0000000000E+000
    934900   0.9057629130E+003   0.0000000000E+000
    935000   0.9032436865E+003   0.0000000000E+000
    935100   0.9038633539E+003   0.0000000000E+000
    935200   0.8911292947E+003   0.0000000000E+000
    935300   0.8997337972E+003   0.0000000000E+000
    935400   0.9002217989E+003   0.0000000000E+000
    935500   0.8971259510E+003   0.0000000000E+000
    935600   0.8925647772E+003   0.0000000000E+000
    935700   0.8880226514E+003   0.0000000000E+000
    935800   0.8941365425E+003   0.0000000000E+000
    935900   0.8938344093E+003   0.0000000000E+000
    936000   0.9037413344E+003   0.0000000000E+000
    936100   0.8937967103E+003   0.0000000000E+000
    936200   0.9004066946E+003   0.0000000000E+000
    936300   0.8880822466E+003   0.0000000000E+000
    936400   0.8970415618E+003   0.0000000000E+000
    936500   0.8900410385E+003   0.0000000000E+000
    936600   0.8857529173E+003   0.0000000000E+000
    936700   0.8864736859E+003   0.0000000000E+000
    936800   0.8964931874E+003   0.0000000000E+000
    936900   0.8955847060E+003   0.0000000000E+000
    937000   0.8933310853E+003   0.0000000000E+000
    937100   0.8833746712E+003   0.0000000000E+000
    937200   0.8995177628E+003   0.0000000000E+000
    937300   0.8961467783E+003   0.0000000000E+000
    937400   0.9008647111E+003   0.0000000000E+000
    937500   0.8951607083E+003   0.0000000000E+000
    937600   0.8894801965E+003   0.0000000000E+000
    937700   0.8886999832E+003   0.0000000000E+000
    937800   0.8947125868E+003   0.0000000000E+000
    937900   0.9063041088E+003   0.0000000000E+000
    938000   0.8969352322E+003   0.0000000000E+000
    938100   0.8981890367E+003   0.0000000000E+000
    938200   0.8983260043E+003   0.0000000000E+000
    938300   0.9049275947E+003   0.0000000000E+000
    938400   0.8976616281E+003   0.0000000000E+000
    938500   0.8897826345E+003   0.0000000000E+000
    938600   0.8976988180E+003   0.0000000000E+000
    938700   0.8866551956E+003   0.0000000000E+000
    938800   0.8925109205E+003   0.0000000000E+000
    938900   0.8863109833E+003   0.0000000000E+000
    939000   0.9015047415E+003   0.0000000000E+000
    939100   0.8984035988E+003   0.0000000000E+000
    939200   0.8911853689E+003   0.0000000000E+000
    939300   0.8982841203E+003   0.0000000000E+000
    939400   0.8959300827E+003   0.0000000000E+000
    939500   0.8875705060E+003   0.0000000000E+000
    939600   0.9068961373E+003   0.0000000000E+000
    939700   0.9000039039E+003   0.0000000000E+000
    939800   0.9026773858E+003   0.0000000000E+000
    939900   0.9017773678E+003   0.0000000000E+000
    940000   0.9074377871E+003   0.0000000000E+000
    940100   0.9037514131E+003   0.0000000000E+000
    940200   0.8979458481E+003   0.0000000000E+000
    940300   0.8966542534E+003   0.0000000000E+000
    940400   0.8957960739E+003   0.0000000000E+000
    940500   0.9087900195E+003   0.0000000000E+000
    940600   0.8964978835E+003   0.0000000000E+000
    940700   0.8997756305E+003   0.0000000000E+000
    940800   0.8967889557E+003   0.0000000000E+000
    940900   0.9049391650E+003   0.0000000000E+000
    941000   0.8935431746E+003   0.0000000000E+000
    941100   0.8986870068E+003   0.0000000000E+000
    941200   0.8983928079E+003   0.0000000000E+000
    941300   0.9015358004E+003   0.0000000000E+000
    941400   0.8909387656E+003   0.0000000000E+000
    941500   0.8868551772E+003   0.0000000000E+000
    941600   0.9063015930E+003   0.0000000000E+000
    941700   0.8986360283E+003   0.0000000000E+000
    941800   0.8997482149E+003   0.0000000000E+000
    941900   0.8887036536E+003   0.0000000000E+000
    942000   0.8965631253E+003   0.0000000000E+000
    942100   0.9075147505E+003   0.0000000000E+000
    942200   0.9022930085E+003   0.0000000000E+000
    942300   0.8990104728E+003   0.0000000000E+000
    942400   0.8982432130E+003   0.0000000000E+000
    942500   0.8933655652E+003   0.0000000000E+000
    942600   0.8911875987E+003   0.0000000000E+000
    942700   0.8988366840E+003   0.0000000000E+000
    942800   0.9042017268E+003   0.0000000000E+000
    942900   0.9014100135E+003   0.3539874956E+000
    943000   0.9005248900E+003   0.3540420213E+000
    943100   0.8989001365E+003   0.0000000000E+000
    943200   0.8986997939E+003   0.3541548440E+000
    943300   0.8923698613E+003   0.0000000000E+000
    943400   0.9002875067E+003   0.0000000000E+000
    943500   0.9017995757E+003   0.3539635369E+000
    943600   0.8949756041E+003   0.3543867166E+000
    943700   0.8861790829E+003   0.3549433736E+000
    943800   0.8820593056E+003   0.3552085102E+000
    943900   0.8846871355E+003   0.0000000000E+000
    944000   0.8899221715E+003   0.3547049464E+000
    944100   0.8894027825E+003   0.3547378914E+000
    944200   0.8930797494E+003   0.3545056153E+000
    944300   0.8893651694E+003   0.3547402790E+000
    944400   0.8861567803E+003   0.0000000000E+000
    944500   0.9012300838E+003   0.3539985697E+000
    944600   0.8947042963E+003   0.3544036959E+000
    944700   0.8854165576E+003   0.3549922316E+000
    944800   0.8918742185E+003   0.3545815249E+000
    944900   0.8840618496E+003   0.3550792743E+000
    945000   0.8933326076E+003   0.3544897235E+000
    945100   0.8944122778E+003   0.0000000000E+000
    945200   0.8865385823E+003   0.3549203728E+000
    945300   0.8895296448E+003   0.3547298404E+000
    945400   0.8891988454E+003   0.3547508394E+000
    945500   0.9001894773E+003   0.3540627160E+000
    945600   0.8928760187E+003   0.3545184271E+000
    945700   0.8973310193E+003   0.0000000000E+000
    945800   0.8933903465E+003   0.3544860961E+000
    945900   0.8936370829E+003   0.3544706014E+000
    946000   0.8954172009E+003   0.3543591055E+000
    946100   0.9054999993E+003   0.3537371428E+000
    946200   0.9189335639E+003   0.3529329421E+000
    946300   0.9010037729E+003   0.3540125056E+000
    946400   0.9063385471E+003   0.0000000000E+000
    946500   0.8925045597E+003   0.3545418041E+000
    946600   0.8974629313E+003   0.3542316055E+000
    946700   0.9135525870E+003   0.3532517969E+000
    946800   0.9004224987E+003   0.3540483369E+000
    946900   0.9014155629E+003   0.3539871541E+000
    947000   0.9055069397E+003   0.3537367202E+000
    947100   0.9088396005E+003   0.3535346524E+000
    947200   0.9066463079E+003   0.3536674442E+000
    947300   0.9019496135E+003   0.3539543157E+000
    947400   0.8944730934E+003   0.3544181747E+000
    947500   0.8936617279E+003   0.3544690543E+000
    947600   0.8873472109E+003   0.3548687158E+000
    947700   0.8946200473E+003   0.3544089709E+000
    947800   0.8989624660E+003   0.3541385736E+000
    947900   0.9005442199E+003   0.3540408292E+000
    948000   0.8983838771E+003   0.3541744270E+000
    948100   0.9014972787E+003   0.3539821266E+000
    948200   0.8923785526E+003   0.3545497392E+000
    948300   0.8943517746E+003   0.0000000000E+000
    948400   0.8832042249E+003   0.3551345386E+000
    948500   0.8997186186E+003   0.3540917976E+000
    948600   0.8910699686E+003   0.0000000000E+000
    948700   0.8953801378E+003   0.0000000000E+000
    948800   0.8914843241E+003   0.0000000000E+000
    948900   0.8946073824E+003   0.0000000000E+000
    949000   0.8943671211E+003   0.0000000000E+000
    949100   0.8984499856E+003   0.0000000000E+000
    949200   0.8950442787E+003   0.0000000000E+000
    949300   0.8950498319E+003   0.0000000000E+000
    949400   0.8944009938E+003   0.0000000000E+000
    949500   0.8838482867E+003   0.0000000000E+000
    949600   0.8945306140E+003   0.0000000000E+000
    949700   0.8961777587E+003   0.0000000000E+000
    949800   0.9023998404E+003   0.0000000000E+000
    949900   0.8968283903E+003   0.0000000000E+000
    950000   0.8940704895E+003   0.0000000000E+000
    950100   0.8958975945E+003   0.0000000000E+000
    950200   0.8898073500E+003   0.0000000000E+000
    950300   0.8974097099E+003   0.0000000000E+000
    950400   0.9008200452E+003   0.0000000000E+000
    950500   0.8930675254E+003   0.0000000000E+000
    950600   0.8959217887E+003   0.0000000000E+000
    950700   0.9021960400E+003   0.0000000000E+000
    950800   0.9015075832E+003   0.0000000000E+000
    950900   0.8986654903E+003   0.0000000000E+000
    951000   0.9047050321E+003   0.0000000000E+000
    951100   0.9058663914E+003   0.0000000000E+000
    951200   0.8997430250E+003   0.0000000000E+000
    951300   0.8886007381E+003   0.0000000000E+000
    951400   0.8955794192E+003   0.0000000000E+000
    951500   0.8982462318E+003   0.0000000000E+000
    951600   0.9006889127E+003   0.0000000000E+000
    951700   0.8797957044E+003   0.0000000000E+000
    951800   0.8946785852E+003   0.0000000000E+000
    951900   0.8982599702E+003   0.0000000000E+000
    952000   0.8928674382E+003   0.0000000000E+000
    952100   0.8908876691E+003   0.0000000000E+000
    952200   0.8987095127E+003   0.0000000000E+000
    952300   0.8945007438E+003   0.0000000000E+000
    952400   0.8990526158E+003   0.0000000000E+000
    952500   0.9023735768E+003   0.0000000000E+000
    952600   0.8853310283E+003   0.0000000000E+000
    952700   0.9008809595E+003   0.0000000000E+000
    952800   0.9002217823E+003   0.0000000000E+000
    952900   0.8978272773E+003   0.0000000000E+000
    953000   0.8961957675E+003   0.0000000000E+000
    953100   0.8984556877E+003   0.0000000000E+000
    953200   0.8962667369E+003   0.0000000000E+000
    953300   0.9012200471E+003   0.0000000000E+000
    953400   0.8969369667E+003   0.0000000000E+000
    953500   0.9000005967E+003   0.0000000000E+000
    953600   0.9023905944E+003   0.0000000000E+000
    953700   0.9007698177E+003   0.0000000000E+000
    953800   0.9053731347E+003   0.0000000000E+000
    953900   0.9064873139E+003   0.0000000000E+000
    954000   0.8948400298E+003   0.0000000000E+000
    954100   0.8955831380E+003   0.0000000000E+000
    954200   0.9094812819E+003   0.0000000000E+000
    954300   0.9181020483E+003   0.0000000000E+000
    954400   0.9152382073E+003   0.0000000000E+000
    954500   0.9062962034E+003   0.0000000000E+000
    954600   0.9099734138E+003   0.0000000000E+000
    954700   0.9144832438E+003   0.0000000000E+000
    954800   0.9117303891E+003   0.0000000000E+000
    954900   0.8983252613E+003   0.0000000000E+000
    955000   0.9143958437E+003   0.0000000000E+000
    955100   0.9084698426E+003   0.0000000000E+000
    955200   0.9059729300E+003   0.0000000000E+000
    955300   0.9153843233E+003   0.0000000000E+000
    955400   0.8989813655E+003   0.0000000000E+000
    955500   0.9042247526E+003   0.0000000000E+000
    955600   0.9013745950E+003   0.0000000000E+000
    955700   0.8928171135E+003   0.0000000000E+000
    955800   0.8921602003E+003   0.0000000000E+000
    955900   0.8977413062E+003   0.0000000000E+000
    956000   0.8948474606E+003   0.0000000000E+000
    956100   0.8928468148E+003   0.0000000000E+000
    956200   0.9011014367E+003   0.0000000000E+000
    956300   0.8929526820E+003   0.0000000000E+000
    956400   0.9070458616E+003   0.0000000000E+000
    956500   0.9064180572E+003   0.0000000000E+000
    956600   0.9139262703E+003   0.0000000000E+000
    956700   0.9005130283E+003   0.0000000000E+000
    956800   0.9145925690E+003   0.0000000000E+000
    956900   0.9002570654E+003   0.0000000000E+000
    957000   0.8978879880E+003   0.0000000000E+000
    957100   0.9014804499E+003   0.0000000000E+000
    957200   0.8944675428E+003   0.0000000000E+000
    957300   0.9033565726E+003   0.0000000000E+000
    957400   0.9033936285E+003   0.0000000000E+000
    957500   0.8987729246E+003   0.0000000000E+000
    957600   0.9016313077E+003   0.0000000000E+000
    957700   0.8965261040E+003   0.0000000000E+000
    957800   0.9001458314E+003   0.0000000000E+000
    957900   0.8983252939E+003   0.0000000000E+000
    958000   0.9022031321E+003   0.0000000000E+000
    958100   0.9031949184E+003   0.0000000000E+000
    958200   0.8983363213E+003   0.0000000000E+000
    958300   0.8982749002E+003   0.0000000000E+000
    958400   0.9016857096E+003   0.0000000000E+000
    958500   0.9051513079E+003   0.0000000000E+000
    958600   0.9066090437E+003   0.0000000000E+000
    958700   0.9044013556E+003   0.0000000000E+000
    958800   0.8958179870E+003   0.0000000000E+000
    958900   0.8912344663E+003   0.0000000000E+000
    959000   0.9105120022E+003   0.0000000000E+000
    959100   0.8868213634E+003   0.0000000000E+000
    959200   0.9033786857E+003   0.0000000000E+000
    959300   0.9044485783E+003   0.0000000000E+000
    959400   0.9045584506E+003   0.0000000000E+000
    959500   0.8847254039E+003   0.0000000000E+000
    959600   0.8948798665E+003   0.0000000000E+000
    959700   0.8924242911E+003   0.0000000000E+000
    959800   0.8964304192E+003   0.0000000000E+000
    959900   0.9021208763E+003   0.0000000000E+000
    960000   0.8941140858E+003   0.0000000000E+000
    960100   0.9057317634E+003   0.0000000000E+000
    960200   0.9018717885E+003   0.0000000000E+000
    960300   0.8976283462E+003   0.0000000000E+000
    960400   0.9047994474E+003   0.0000000000E+000
    960500   0.9093203035E+003   0.0000000000E+000
    960600   0.8928267607E+003   0.0000000000E+000
    960700   0.9033904228E+003   0.0000000000E+000
    960800   0.9046561103E+003   0.0000000000E+000
    960900   0.9030398462E+003   0.0000000000E+000
    961000   0.9018373001E+003   0.0000000000E+000
    961100   0.8872968314E+003   0.0000000000E+000
    961200   0.9004044273E+003   0.0000000000E+000
    961300   0.8970279345E+003   0.0000000000E+000
    961400   0.9000836520E+003   0.0000000000E+000
    961500   0.8988862615E+003   0.0000000000E+000
    961600   0.9122348432E+003   0.0000000000E+000
    961700   0.8926072147E+003   0.0000000000E+000
    961800   0.9025597431E+003   0.0000000000E+000
    961900   0.9105084825E+003   0.0000000000E+000
    962000   0.8922922807E+003   0.3545551735E+000
    962100   0.8913219281E+003   0.3546163808E+000
    962200   0.9062561488E+003   0.3536911441E+000
    962300   0.9040454843E+003   0.3538258753E+000
    962400   0.9074221197E+003   0.0000000000E+000
    962500   0.9098699531E+003   0.0000000000E+000
    962600   0.9090787749E+003   0.0000000000E+000
    962700   0.9017716693E+003   0.0000000000E+000
    962800   0.9006552140E+003   0.0000000000E+000
    962900   0.8966243472E+003   0.0000000000E+000
    963000   0.9209299491E+003   0.0000000000E+000
    963100   0.9128821183E+003   0.0000000000E+000
    963200   0.8957742365E+003   0.0000000000E+000
    963300   0.9044037314E+003   0.0000000000E+000
    963400   0.9004546658E+003   0.0000000000E+000
    963500   0.9095212502E+003   0.0000000000E+000
    963600   0.8963696146E+003   0.0000000000E+000
    963700   0.8943581740E+003   0.0000000000E+000
    963800   0.8976881868E+003   0.0000000000E+000
    963900   0.9043442502E+003   0.0000000000E+000
    964000   0.9056884169E+003   0.0000000000E+000
    964100   0.9031834180E+003   0.0000000000E+000
    964200   0.8961316930E+003   0.0000000000E+000
    964300   0.9022247907E+003   0.0000000000E+000
    964400   0.9022906890E+003   0.0000000000E+000
    964500   0.8882364514E+003   0.0000000000E+000
    964600   0.8907443630E+003   0.0000000000E+000
    964700   0.8951750695E+003   0.0000000000E+000
    964800   0.8897309628E+003   0.0000000000E+000
    964900   0.8930722208E+003   0.0000000000E+000
    965000   0.8884099354E+003   0.0000000000E+000
    965100   0.8962754860E+003   0.0000000000E+000
    965200   0.8992626582E+003   0.0000000000E+000
    965300   0.8937581862E+003   0.0000000000E+000
    965400   0.8967843713E+003   0.0000000000E+000
    965500   0.8903545441E+003   0.0000000000E+000
    965600   0.9057472539E+003   0.0000000000E+000
    965700   0.8966286053E+003   0.0000000000E+000
    965800   0.8939239657E+003   0.0000000000E+000
    965900   0.8863584288E+003   0.0000000000E+000
    966000   0.8903620007E+003   0.0000000000E+000
    966100   0.8888520213E+003   0.0000000000E+000
    966200   0.9014709414E+003   0.0000000000E+000
    966300   0.9023478290E+003   0.0000000000E+000
    966400   0.8947729240E+003   0.0000000000E+000
    966500   0.9116312493E+003   0.0000000000E+000
    966600   0.8907019290E+003   0.0000000000E+000
    966700   0.8935161762E+003   0.0000000000E+000
    966800   0.9019441945E+003   0.0000000000E+000
    966900   0.8948656203E+003   0.0000000000E+000
    967000   0.8959545227E+003   0.0000000000E+000
    967100   0.9027966619E+003   0.0000000000E+000
    967200   0.8933722844E+003   0.0000000000E+000
    967300   0.9025507818E+003   0.0000000000E+000
    967400   0.9083201375E+003   0.0000000000E+000
    967500   0.9005350492E+003   0.0000000000E+000
    967600   0.8953634286E+003   0.0000000000E+000
    967700   0.8948549666E+003   0.0000000000E+000
    967800   0.8978061287E+003   0.0000000000E+000
    967900   0.8975585519E+003   0.0000000000E+000
    968000   0.8976628679E+003   0.0000000000E+000
    968100   0.8921092079E+003   0.0000000000E+000
    968200   0.8884292773E+003   0.0000000000E+000
    968300   0.8937761131E+003   0.0000000000E+000
    968400   0.8915046405E+003   0.0000000000E+000
    968500   0.8938270077E+003   0.0000000000E+000
    968600   0.9033096877E+003   0.0000000000E+000
    968700   0.8916672809E+003   0.0000000000E+000
    968800   0.9036821517E+003   0.0000000000E+000
    968900   0.8956067788E+003   0.0000000000E+000
    969000   0.8891926874E+003   0.0000000000E+000
    969100   0.8983083573E+003   0.0000000000E+000
    969200   0.8916289213E+003   0.0000000000E+000
    969300   0.8923007299E+003   0.0000000000E+000
    969400   0.8883547806E+003   0.0000000000E+000
    969500   0.9004825177E+003   0.0000000000E+000
    969600   0.8936480447E+003   0.0000000000E+000
    969700   0.8936064038E+003   0.0000000000E+000
    969800   0.9059071237E+003   0.0000000000E+000
    969900   0.8892367780E+003   0.0000000000E+000
    970000   0.8903175186E+003   0.0000000000E+000
    970100   0.8946092578E+003   0.0000000000E+000
    970200   0.9043940820E+003   0.0000000000E+000
    970300   0.8941485845E+003   0.0000000000E+000
    970400   0.8976245485E+003   0.0000000000E+000
    970500   0.8959491485E+003   0.0000000000E+000
    970600   0.8998785158E+003   0.0000000000E+000
    970700   0.9014850884E+003   0.0000000000E+000
    970800   0.9025767517E+003   0.0000000000E+000
    970900   0.9021753992E+003   0.0000000000E+000
    971000   0.8862383983E+003   0.0000000000E+000
    971100   0.8981036659E+003   0.0000000000E+000
    971200   0.8891059306E+003   0.0000000000E+000
    971300   0.8999847649E+003   0.0000000000E+000
    971400   0.9001296389E+003   0.0000000000E+000
    971500   0.9061088607E+003   0.0000000000E+000
    971600   0.9053324790E+003   0.0000000000E+000
    971700   0.9057924730E+003   0.0000000000E+000
    971800   0.8979986754E+003   0.0000000000E+000
    971900   0.8946337280E+003   0.0000000000E+000
    972000   0.8993633434E+003   0.0000000000E+000
    972100   0.8929349390E+003   0.0000000000E+000
    972200   0.8925518331E+003   0.0000000000E+000
    972300   0.9055047337E+003   0.0000000000E+000
    972400   0.9006409855E+003   0.0000000000E+000
    972500   0.9040291072E+003   0.0000000000E+000
    972600   0.8844069517E+003   0.0000000000E+000
    972700   0.8968832083E+003   0.0000000000E+000
    972800   0.8939779092E+003   0.0000000000E+000
    972900   0.8963650294E+003   0.0000000000E+000
    973000   0.8948280422E+003   0.0000000000E+000
    973100   0.9053407410E+003   0.0000000000E+000
    973200   0.9004598699E+003   0.0000000000E+000
    973300   0.8922116812E+003   0.0000000000E+000
    973400   0.8946825254E+003   0.0000000000E+000
    973500   0.8972140129E+003   0.0000000000E+000
    973600   0.8930303802E+003   0.0000000000E+000
    973700   0.8887476573E+003   0.0000000000E+000
    973800   0.8979224909E+003   0.0000000000E+000
    973900   0.8891501660E+003   0.0000000000E+000
    974000   0.8830023410E+003   0.0000000000E+000
    974100   0.8936372823E+003   0.0000000000E+000
    974200   0.8867208010E+003   0.0000000000E+000
    974300   0.8897280126E+003   0.0000000000E+000
    974400   0.8957461846E+003   0.3543385561E+000
    974500   0.8952938246E+003   0.0000000000E+000
    974600   0.8924575756E+003   0.0000000000E+000
    974700   0.8974075795E+003   0.0000000000E+000
    974800   0.8891031423E+003   0.0000000000E+000
    974900   0.8893993719E+003   0.0000000000E+000
    975000   0.8779137054E+003   0.0000000000E+000
    975100   0.8897742700E+003   0.0000000000E+000
    975200   0.8831793116E+003   0.0000000000E+000
    975300   0.9053162093E+003   0.0000000000E+000
    975400   0.9076269999E+003   0.0000000000E+000
    975500   0.9007481810E+003   0.0000000000E+000
    975600   0.8956389297E+003   0.0000000000E+000
    975700   0.9025961088E+003   0.0000000000E+000
    975800   0.8961372395E+003   0.0000000000E+000
    975900   0.8865201188E+003   0.0000000000E+000
    976000   0.8808381995E+003   0.0000000000E+000
    976100   0.9063518801E+003   0.0000000000E+000
    976200   0.9032966201E+003   0.0000000000E+000
    976300   0.8958439669E+003   0.0000000000E+000
    976400   0.8960099056E+003   0.0000000000E+000
    976500   0.8882497449E+003   0.0000000000E+000
    976600   0.9050139504E+003   0.0000000000E+000
    976700   0.9090704672E+003   0.0000000000E+000
    976800   0.9002478489E+003   0.0000000000E+000
    976900   0.9061474419E+003   0.0000000000E+000
    977000   0.9008137624E+003   0.0000000000E+000
    977100   0.9101565831E+003   0.0000000000E+000
    977200   0.8990859562E+003   0.0000000000E+000
    977300   0.8994234476E+003   0.0000000000E+000
    977400   0.8954616553E+003   0.0000000000E+000
    977500   0.9045232720E+003   0.0000000000E+000
    977600   0.8991933908E+003   0.0000000000E+000
    977700   0.9015499154E+003   0.0000000000E+000
    977800   0.8995943773E+003   0.0000000000E+000
    977900   0.8930427405E+003   0.0000000000E+000
    978000   0.9024230235E+003   0.0000000000E+000
    978100   0.8975593841E+003   0.0000000000E+000
    978200   0.9020294951E+003   0.0000000000E+000
    978300   0.9093480900E+003   0.0000000000E+000
    978400   0.9076284628E+003   0.0000000000E+000
    978500   0.9075552499E+003   0.0000000000E+000
    978600   0.8921641907E+003   0.0000000000E+000
    978700   0.9061335825E+003   0.0000000000E+000
    978800   0.9057040246E+003   0.0000000000E+000
    978900   0.9024015173E+003   0.0000000000E+000
    979000   0.8961447161E+003   0.0000000000E+000
    979100   0.9018679854E+003   0.0000000000E+000
    979200   0.9055588671E+003   0.0000000000E+000
    979300   0.8902635469E+003   0.0000000000E+000
    979400   0.8944653314E+003   0.0000000000E+000
    979500   0.9034594624E+003   0.0000000000E+000
    979600   0.8983415104E+003   0.0000000000E+000
    979700   0.8950945228E+003   0.0000000000E+000
    979800   0.8926368173E+003   0.0000000000E+000
    979900   0.8966880308E+003   0.0000000000E+000
    980000   0.9009565092E+003   0.0000000000E+000
    980100   0.9019604185E+003   0.0000000000E+000
    980200   0.8984079143E+003   0.0000000000E+000
    980300   0.9070998955E+003   0.0000000000E+000
    980400   0.9078679796E+003   0.0000000000E+000
    980500   0.9059973594E+003   0.0000000000E+000
    980600   0.9001651991E+003   0.0000000000E+000
    980700   0.9000940131E+003   0.0000000000E+000
    980800   0.8973203288E+003   0.0000000000E+000
    980900   0.8955490446E+003   0.0000000000E+000
    981000   0.9078846989E+003   0.0000000000E+000
    981100   0.9046803970E+003   0.0000000000E+000
    981200   0.8968349614E+003   0.0000000000E+000
    981300   0.8952412411E+003   0.0000000000E+000
    981400   0.9077730872E+003   0.0000000000E+000
    981500   0.8980119118E+003   0.0000000000E+000
    981600   0.9122102712E+003   0.0000000000E+000
    981700   0.9053389494E+003   0.0000000000E+000
    981800   0.9043657053E+003   0.0000000000E+000
    981900   0.8917620142E+003   0.0000000000E+000
    982000   0.8959099166E+003   0.0000000000E+000
    982100   0.8965954022E+003   0.0000000000E+000
    982200   0.8884057098E+003   0.0000000000E+000
    982300   0.8993045555E+003   0.0000000000E+000
    982400   0.9063876926E+003   0.0000000000E+000
    982500   0.8921321932E+003   0.0000000000E+000
    982600   0.8981176843E+003   0.0000000000E+000
    982700   0.9004637680E+003   0.0000000000E+000
    982800   0.8918207191E+003   0.0000000000E+000
    982900   0.8998393210E+003   0.0000000000E+000
    983000   0.9092461856E+003   0.0000000000E+000
    983100   0.8994113818E+003   0.0000000000E+000
    983200   0.8994383719E+003   0.0000000000E+000
    983300   0.8906951543E+003   0.0000000000E+000
    983400   0.8919331399E+003   0.0000000000E+000
    983500   0.9000349391E+003   0.0000000000E+000
    983600   0.8969809852E+003   0.0000000000E+000
    983700   0.9012156149E+003   0.0000000000E+000
    983800   0.9099751457E+003   0.0000000000E+000
    983900   0.8980669523E+003   0.0000000000E+000
    984000   0.8919385522E+003   0.0000000000E+000
    984100   0.8953631240E+003   0.0000000000E+000
    984200   0.9112142340E+003   0.0000000000E+000
    984300   0.8985215125E+003   0.0000000000E+000
    984400   0.9049894569E+003   0.0000000000E+000
    984500   0.9024034143E+003   0.0000000000E+000
    984600   0.9104019160E+003   0.0000000000E+000
    984700   0.8954665812E+003   0.0000000000E+000
    984800   0.8915909069E+003   0.0000000000E+000
    984900   0.8901282312E+003   0.0000000000E+000
    985000   0.9065452070E+003   0.0000000000E+000
    985100   0.8918587576E+003   0.0000000000E+000
    985200   0.8977054153E+003   0.0000000000E+000
    985300   0.8942034031E+003   0.0000000000E+000
    985400   0.8953955333E+003   0.0000000000E+000
    985500   0.9005444448E+003   0.0000000000E+000
    985600   0.9026548820E+003   0.0000000000E+000
    985700   0.8957227699E+003   0.0000000000E+000
    985800   0.8997877444E+003   0.0000000000E+000
    985900   0.8975995400E+003   0.0000000000E+000
    986000   0.9025231599E+003   0.0000000000E+000
    986100   0.8923603555E+003   0.0000000000E+000
    986200   0.8906541207E+003   0.0000000000E+000
    986300   0.8997311442E+003   0.0000000000E+000
    986400   0.9022120226E+003   0.0000000000E+000
    986500   0.9001871399E+003   0.0000000000E+000
    986600   0.8913913955E+003   0.0000000000E+000
    986700   0.8931518316E+003   0.0000000000E+000
    986800   0.8843199463E+003   0.0000000000E+000
    986900   0.8957431213E+003   0.0000000000E+000
    987000   0.8954341301E+003   0.0000000000E+000
    987100   0.8986114238E+003   0.0000000000E+000
    987200   0.9019266241E+003   0.0000000000E+000
    987300   0.8902686144E+003   0.0000000000E+000
    987400   0.8905571615E+003   0.0000000000E+000
    987500   0.9054574445E+003   0.0000000000E+000
    987600   0.9078686080E+003   0.0000000000E+000
    987700   0.9008447242E+003   0.0000000000E+000
    987800   0.8943019630E+003   0.0000000000E+000
    987900   0.9100054841E+003   0.0000000000E+000
    988000   0.9051888765E+003   0.0000000000E+000
    988100   0.8831806127E+003   0.0000000000E+000
    988200   0.8931865079E+003   0.0000000000E+000
    988300   0.9063081553E+003   0.0000000000E+000
    988400   0.8935132932E+003   0.0000000000E+000
    988500   0.9017245638E+003   0.0000000000E+000
    988600   0.8970297009E+003   0.0000000000E+000
    988700   0.8907881688E+003   0.0000000000E+000
    988800   0.8888695721E+003   0.3547717596E+000
    988900   0.8972091630E+003   0.3542473850E+000
    989000   0.8958712414E+003   0.0000000000E+000
    989100   0.9080578009E+003   0.3535819011E+000
    989200   0.8999046570E+003   0.0000000000E+000
    989300   0.8902237313E+003   0.3546858388E+000
    989400   0.8998226916E+003   0.3540853667E+000
    989500   0.8910478463E+003   0.3546336972E+000
    989600   0.9014959606E+003   0.3539822077E+000
    989700   0.9048386322E+003   0.3537774485E+000
    989800   0.9017658840E+003   0.3539656080E+000
    989900   0.9013547735E+003   0.3539908949E+000
    990000   0.8858118426E+003   0.3549668919E+000
    990100   0.8982202704E+003   0.3541845749E+000
    990200   0.9034352547E+003   0.3538632006E+000
    990300   0.8985989968E+003   0.3541610904E+000
    990400   0.8977050529E+003   0.0000000000E+000
    990500   0.8869682953E+003   0.3548929082E+000
    990600   0.8930915063E+003   0.3545048761E+000
    990700   0.8985222723E+003   0.3541658462E+000
    990800   0.8967217200E+003   0.0000000000E+000
    990900   0.9021200355E+003   0.3539438460E+000
    991000   0.8924820554E+003   0.3545432210E+000
    991100   0.8912381526E+003   0.3546216724E+000
    991200   0.9026349941E+003   0.3539122379E+000
    991300   0.8909445607E+003   0.3546402259E+000
    991400   0.9074229701E+003   0.3536203368E+000
    991500   0.8954422705E+003   0.3543575390E+000
    991600   0.8904096478E+003   0.3546740661E+000
    991700   0.8924491142E+003   0.3545452953E+000
    991800   0.9003394285E+003   0.0000000000E+000
    991900   0.8963669322E+003   0.3542998298E+000
    992000   0.8891716137E+003   0.3547525689E+000
    992100   0.8962950695E+003   0.3543043099E+000
    992200   0.8873838074E+003   0.0000000000E+000
    992300   0.9032869028E+003   0.0000000000E+000
    992400   0.8926440686E+003   0.0000000000E+000
    992500   0.9035536367E+003   0.0000000000E+000
    992600   0.9004506434E+003   0.0000000000E+000
    992700   0.8956628545E+003   0.0000000000E+000
    992800   0.8967317297E+003   0.0000000000E+000
    992900   0.8948161908E+003   0.0000000000E+000
    993000   0.8927803386E+003   0.0000000000E+000
    993100   0.9016229671E+003   0.0000000000E+000
    993200   0.8885555007E+003   0.0000000000E+000
    993300   0.9012930594E+003   0.0000000000E+000
    993400   0.8951812884E+003   0.0000000000E+000
    993500   0.9013951830E+003   0.0000000000E+000
    993600   0.9057892126E+003   0.0000000000E+000
    993700   0.8990313603E+003   0.0000000000E+000
    993800   0.9070915940E+003   0.0000000000E+000
    993900   0.8952499827E+003   0.0000000000E+000
    994000   0.8990915298E+003   0.0000000000E+000
    994100   0.8962624556E+003   0.0000000000E+000
    994200   0.8949246072E+003   0.0000000000E+000
    994300   0.9019284088E+003   0.0000000000E+000
    994400   0.9040192036E+003   0.0000000000E+000
    994500   0.8973193045E+003   0.0000000000E+000
    994600   0.8946598764E+003   0.0000000000E+000
    994700   0.8973738469E+003   0.0000000000E+000
    994800   0.9068576394E+003   0.0000000000E+000
    994900   0.9004798950E+003   0.0000000000E+000
    995000   0.8929326550E+003   0.0000000000E+000
    995100   0.9018310644E+003   0.0000000000E+000
    995200   0.9033362657E+003   0.0000000000E+000
    995300   0.9002769290E+003   0.0000000000E+000
    995400   0.9051928014E+003   0.0000000000E+000
    995500   0.8970029188E+003   0.0000000000E+000
    995600   0.9031213160E+003   0.0000000000E+000
    995700   0.9053549960E+003   0.0000000000E+000
    995800   0.9027114834E+003   0.0000000000E+000
    995900   0.9029029905E+003   0.0000000000E+000
    996000   0.9020690147E+003   0.0000000000E+000
    996100   0.9020062567E+003   0.0000000000E+000
    996200   0.8984037572E+003   0.0000000000E+000
    996300   0.9066285279E+003   0.0000000000E+000
    996400   0.8965103198E+003   0.0000000000E+000
    996500   0.8980577624E+003   0.0000000000E+000
    996600   0.9065586406E+003   0.0000000000E+000
    996700   0.9060642811E+003   0.0000000000E+000
    996800   0.8966423649E+003   0.0000000000E+000
    996900   0.8912781353E+003   0.0000000000E+000
    997000   0.8936793452E+003   0.0000000000E+000
    997100   0.8976180653E+003   0.0000000000E+000
    997200   0.8987070688E+003   0.0000000000E+000
    997300   0.8855312224E+003   0.0000000000E+000
    997400   0.9024897591E+003   0.0000000000E+000
    997500   0.9036491829E+003   0.0000000000E+000
    997600   0.9045646671E+003   0.0000000000E+000
    997700   0.8947150487E+003   0.0000000000E+000
    997800   0.9004425892E+003   0.0000000000E+000
    997900   0.8952026138E+003   0.0000000000E+000
    998000   0.8972908844E+003   0.0000000000E+000
    998100   0.8941753001E+003   0.0000000000E+000
    998200   0.8946174500E+003   0.0000000000E+000
    998300   0.9012889539E+003   0.0000000000E+000
    998400   0.8942550931E+003   0.0000000000E+000
    998500   0.8893994988E+003   0.0000000000E+000
    998600   0.8909411059E+003   0.0000000000E+000
    998700   0.9015799880E+003   0.0000000000E+000
    998800   0.9002390537E+003   0.0000000000E+000
    998900   0.8958959005E+003   0.0000000000E+000
    999000   0.8911762812E+003   0.0000000000E+000
    999100   0.9030364119E+003   0.0000000000E+000
    999200   0.9052514683E+003   0.0000000000E+000
    999300   0.8999431118E+003   0.0000000000E+000
    999400   0.8972971381E+003   0.0000000000E+000
    999500   0.9021440094E+003   0.0000000000E+000
    999600   0.8884209780E+003   0.0000000000E+000
    999700   0.9042524132E+003   0.0000000000E+000
    999800   0.8934940016E+003   0.0000000000E+000
    999900   0.8952902747E+003   0.0000000000E+000
   1000000   0.9039680363E+003   0.0000000000E+000
   1000100   0.8980358162E+003   0.0000000000E+000
   1000200   0.8953917195E+003   0.0000000000E+000
   1000300   0.9035716025E+003   0.0000000000E+000
   1000400   0.8919425907E+003   0.0000000000E+000
   1000500   0.8935187542E+003   0.0000000000E+000
   1000600   0.8872586541E+003   0.0000000000E+000
   1000700   0.8990850447E+003   0.0000000000E+000
   1000800   0.8965524108E+003   0.0000000000E+000
   1000900   0.8881382703E+003   0.0000000000E+000
   1001000   0.8949767488E+003   0.0000000000E+000
   1001100   0.8916202592E+003   0.0000000000E+000
   1001200   0.9076105267E+003   0.0000000000E+000
   1001300   0.9022054660E+003   0.0000000000E+000
   1001400   0.8928409273E+003   0.0000000000E+000
   1001500   0.9031391456E+003   0.0000000000E+000
   1001600   0.8988679276E+003   0.0000000000E+000
   1001700   0.8973744812E+003   0.0000000000E+000
   1001800   0.8967451515E+003   0.0000000000E+000
   1001900   0.9011103520E+003   0.0000000000E+000
   1002000   0.9077282898E+003   0.0000000000E+000
   1002100   0.8914577958E+003   0.0000000000E+000
   1002200   0.9014662146E+003   0.0000000000E+000
   1002300   0.8987921179E+003   0.0000000000E+000
   1002400   0.9064480717E+003   0.0000000000E+000
   1002500   0.9028900295E+003   0.0000000000E+000
   1002600   0.9111130445E+003   0.0000000000E+000
   1002700   0.9100576828E+003   0.0000000000E+000
   1002800   0.9072413442E+003   0.0000000000E+000
   1002900   0.8978275134E+003   0.0000000000E+000
   1003000   0.8956168620E+003   0.0000000000E+000
   1003100   0.8997271147E+003   0.0000000000E+000
   1003200   0.9089944674E+003   0.0000000000E+000
   1003300   0.9089304840E+003   0.0000000000E+000
   1003400   0.9040145524E+003   0.0000000000E+000
   1003500   0.8948126438E+003   0.0000000000E+000
   1003600   0.8830103869E+003   0.0000000000E+000
   1003700   0.8887101196E+003   0.0000000000E+000
   1003800   0.8982880840E+003   0.0000000000E+000
   1003900   0.8953808724E+003   0.0000000000E+000
   1004000   0.8905494237E+003   0.0000000000E+000
   1004100   0.8861248941E+003   0.0000000000E+000
   1004200   0.9088254779E+003   0.0000000000E+000
   1004300   0.9022825105E+003   0.0000000000E+000
   1004400   0.9038689909E+003   0.0000000000E+000
   1004500   0.9083705007E+003   0.0000000000E+000
   1004600   0.9039660092E+003   0.0000000000E+000
   1004700   0.9015004311E+003   0.0000000000E+000
   1004800   0.9077417545E+003   0.0000000000E+000
   1004900   0.9005772856E+003   0.0000000000E+000
   1005000   0.9012117376E+003   0.0000000000E+000
   1005100   0.8993891855E+003   0.0000000000E+000
   1005200   0.9014140757E+003   0.0000000000E+000
   1005300   0.9006667165E+003   0.0000000000E+000
   1005400   0.9186577328E+003   0.0000000000E+000
   1005500   0.8958579849E+003   0.0000000000E+000
   1005600   0.8949603710E+003   0.0000000000E+000
   1005700   0.9022015971E+003   0.0000000000E+000
   1005800   0.9006816862E+003   0.0000000000E+000
   1005900   0.9036517778E+003   0.0000000000E+000
   1006000   0.8937810243E+003   0.0000000000E+000
   1006100   0.9054946604E+003   0.0000000000E+000
   1006200   0.9063635622E+003   0.0000000000E+000
   1006300   0.8988240138E+003   0.0000000000E+000
   1006400   0.8988279578E+003   0.0000000000E+000
   1006500   0.8955241635E+003   0.0000000000E+000
   1006600   0.9041290643E+003   0.0000000000E+000
   1006700   0.8965292870E+003   0.0000000000E+000
   1006800   0.8984881300E+003   0.0000000000E+000
   1006900   0.9061555142E+003   0.0000000000E+000
   1007000   0.9013848016E+003   0.0000000000E+000
   1007100   0.8926846436E+003   0.0000000000E+000
   1007200   0.9036791597E+003   0.0000000000E+000
   1007300   0.9041229534E+003   0.0000000000E+000
   1007400   0.9123226427E+003   0.0000000000E+000
   1007500   0.9093200587E+003   0.3535056621E+000
   1007600   0.9083361198E+003   0.3535650699E+000
   1007700   0.8960619688E+003   0.3543188477E+000
   1007800   0.9190557631E+003   0.3529257511E+000
   1007900   0.9020409490E+003   0.3539487040E+000
   1008000   0.8891802190E+003   0.3547520224E+000
   1008100   0.9002351946E+003   0.0000000000E+000
   1008200   0.8987917431E+003   0.3541491472E+000
   1008300   0.9014310043E+003   0.3539862040E+000
   1008400   0.8958854119E+003   0.3543298648E+000
   1008500   0.8989563902E+003   0.0000000000E+000
   1008600   0.9093312859E+003   0.3535049851E+000
   1008700   0.9009213397E+003   0.3540175838E+000
   1008800   0.9008072746E+003   0.3540246123E+000
   1008900   0.8944672246E+003   0.3544185424E+000
   1009000   0.8922544023E+003   0.3545575599E+000
   1009100   0.9018383185E+003   0.3539611554E+000
   1009200   0.9014780492E+003   0.3539833096E+000
   1009300   0.9102998136E+003   0.3534466543E+000
   1009400   0.9028111164E+003   0.3539014371E+000
   1009500   0.9001831639E+003   0.0000000000E+000
   1009600   0.8954511035E+003   0.0000000000E+000
   1009700   0.9039178522E+003   0.3538336772E+000
   1009800   0.8972884485E+003   0.3542424539E+000
   1009900   0.9007733966E+003   0.3540267002E+000
   1010000   0.9011445947E+003   0.3540038330E+000
   1010100   0.9087846273E+003   0.3535379717E+000
   1010200   0.8939058476E+003   0.3544537347E+000
   1010300   0.8976099660E+003   0.3542224675E+000
   1010400   0.8954353200E+003   0.3543579733E+000
   1010500   0.8921878121E+003   0.3545617557E+000
   1010600   0.9040553004E+003   0.3538252753E+000
   1010700   0.9068613104E+003   0.0000000000E+000
   1010800   0.9063332422E+003   0.3536864592E+000
   1010900   0.9012418496E+003   0.3539978454E+000
   1011000   0.9028471753E+003   0.3538992263E+000
   1011100   0.9044456850E+003   0.0000000000E+000
   1011200   0.8924184803E+003   0.3545472245E+000
   1011300   0.8954373132E+003   0.3543578487E+000
   1011400   0.8958605173E+003   0.3543314186E+000
   1011500   0.9024324830E+003   0.3539246630E+000
   1011600   0.8945188378E+003   0.3544153094E+000
   1011700   0.8987041152E+003   0.3541545762E+000
   1011800   0.9118503801E+003   0.0000000000E+000
   1011900   0.9015538776E+003   0.3539786449E+000
   1012000   0.9056947728E+003   0.0000000000E+000
   1012100   0.9028870571E+003   0.3538967815E+000
   1012200   0.9021409897E+003   0.3539425590E+000
   1012300   0.9092042994E+003   0.3535126436E+000
   1012400   0.9037962580E+003   0.3538411124E+000
   1012500   0.9086264803E+003   0.3535475232E+000
   1012600   0.9027098489E+003   0.3539076468E+000
   1012700   0.9034653587E+003   0.3538613579E+000
   1012800   0.8979434984E+003   0.3542017517E+000
   1012900   0.9003395407E+003   0.3540534550E+000
   1013000   0.9142064754E+003   0.3532128189E+000
   1013100   0.9135739387E+003   0.3532505231E+000
   1013200   0.9070568659E+003   0.0000000000E+000
   1013300   0.9034230455E+003   0.0000000000E+000
   1013400   0.8994960676E+003   0.0000000000E+000
   1013500   0.9027990357E+003   0.0000000000E+000
   1013600   0.9004540319E+003   0.0000000000E+000
   1013700   0.8996229090E+003   0.0000000000E+000
   1013800   0.9062374946E+003   0.0000000000E+000
   1013900   0.9081989811E+003   0.0000000000E+000
   1014000   0.9061332750E+003   0.0000000000E+000
   1014100   0.9080427912E+003   0.0000000000E+000
   1014200   0.9126966551E+003   0.0000000000E+000
   1014300   0.9045153091E+003   0.0000000000E+000
   1014400   0.9139410656E+003   0.0000000000E+000
   1014500   0.9068113869E+003   0.0000000000E+000
   1014600   0.9106605437E+003   0.0000000000E+000
   1014700   0.9062895012E+003   0.0000000000E+000
   1014800   0.9077341838E+003   0.0000000000E+000
   1014900   0.9036171817E+003   0.0000000000E+000
   1015000   0.8996806514E+003   0.0000000000E+000
   1015100   0.9149607734E+003   0.0000000000E+000
   1015200   0.9005410580E+003   0.0000000000E+000
   1015300   0.9049875152E+003   0.0000000000E+000
   1015400   0.9162334927E+003   0.0000000000E+000
   1015500   0.9068155227E+003   0.0000000000E+000
   1015600   0.9050262155E+003   0.0000000000E+000
   1015700   0.9167325710E+003   0.0000000000E+000
   1015800   0.9131679596E+003   0.0000000000E+000
   1015900   0.9166032703E+003   0.0000000000E+000
   1016000   0.9222119145E+003   0.0000000000E+000
   1016100   0.9025111590E+003   0.0000000000E+000
   1016200   0.8991704691E+003   0.0000000000E+000
   1016300   0.9020672826E+003   0.0000000000E+000
   1016400   0.9027278836E+003   0.0000000000E+000
   1016500   0.9073761154E+003   0.0000000000E+000
   1016600   0.8988208688E+003   0.0000000000E+000
   1016700   0.9100961803E+003   0.0000000000E+000
   1016800   0.9139628964E+003   0.0000000000E+000
   1016900   0.9097507599E+003   0.0000000000E+000
   1017000   0.9082371472E+003   0.0000000000E+000
   1017100   0.8989915121E+003   0.0000000000E+000
   1017200   0.9052960420E+003   0.0000000000E+000
   1017300   0.9003036164E+003   0.0000000000E+000
   1017400   0.9090082112E+003   0.0000000000E+000
   1017500   0.9147176432E+003   0.0000000000E+000
   1017600   0.9067968918E+003   0.0000000000E+000
   1017700   0.9205518807E+003   0.0000000000E+000
   1017800   0.9107481985E+003   0.0000000000E+000
   1017900   0.9015577713E+003   0.0000000000E+000
   1018000   0.9080426642E+003   0.0000000000E+000
   1018100   0.9073192038E+003   0.0000000000E+000
   1018200   0.9022358549E+003   0.0000000000E+000
   1018300   0.9116298029E+003   0.0000000000E+000
   1018400   0.8992996206E+003   0.0000000000E+000
   1018500   0.8982499424E+003   0.0000000000E+000
   1018600   0.9120669422E+003   0.0000000000E+000
   1018700   0.9117298959E+003   0.0000000000E+000
   1018800   0.9161840603E+003   0.0000000000E+000
   1018900   0.9175460012E+003   0.0000000000E+000
   1019000   0.8967429964E+003   0.0000000000E+000
   1019100   0.8927993095E+003   0.0000000000E+000
   1019200   0.9160277782E+003   0.0000000000E+000
   1019300   0.9049080834E+003   0.0000000000E+000
   1019400   0.9091915448E+003   0.0000000000E+000
   1019500   0.9087514328E+003   0.0000000000E+000
   1019600   0.9115803042E+003   0.0000000000E+000
   1019700   0.8989099533E+003   0.0000000000E+000
   1019800   0.8974209293E+003   0.0000000000E+000
   1019900   0.8938186662E+003   0.0000000000E+000
   1020000   0.9016368701E+003   0.0000000000E+000
   1020100   0.9016600996E+003   0.0000000000E+000
   1020200   0.8989586861E+003   0.0000000000E+000
   1020300   0.9049147515E+003   0.0000000000E+000
   1020400   0.9012922494E+003   0.0000000000E+000
   1020500   0.9043093709E+003   0.0000000000E+000
   1020600   0.9044153254E+003   0.0000000000E+000
   1020700   0.9081067403E+003   0.0000000000E+000
   1020800   0.9086810539E+003   0.0000000000E+000
   1020900   0.9040694436E+003   0.0000000000E+000
   1021000   0.9245924956E+003   0.0000000000E+000
   1021100   0.9020369247E+003   0.0000000000E+000
   1021200   0.9191336617E+003   0.0000000000E+000
   1021300   0.9051619289E+003   0.0000000000E+000
   1021400   0.9159117889E+003   0.0000000000E+000
   1021500   0.9127666752E+003   0.0000000000E+000
   1021600   0.9111041138E+003   0.0000000000E+000
   1021700   0.9066229327E+003   0.0000000000E+000
   1021800   0.9069648629E+003   0.0000000000E+000
   1021900   0.9094030414E+003   0.0000000000E+000
   1022000   0.9047488462E+003   0.0000000000E+000
   1022100   0.8964563231E+003   0.0000000000E+000
   1022200   0.9078110952E+003   0.0000000000E+000
   1022300   0.9023503700E+003   0.0000000000E+000
   1022400   0.9076616001E+003   0.0000000000E+000
   1022500   0.9036497839E+003   0.0000000000E+000
   1022600   0.8900625983E+003   0.0000000000E+000
   1022700   0.8956261633E+003   0.0000000000E+000
   1022800   0.9000618237E+003   0.0000000000E+000
   1022900   0.9044445615E+003   0.0000000000E+000
   1023000   0.8987813175E+003   0.0000000000E+000
   1023100   0.9095797833E+003   0.0000000000E+000
   1023200   0.8985128198E+003   0.0000000000E+000
   1023300   0.9109536520E+003   0.0000000000E+000
   1023400   0.9040877097E+003   0.0000000000E+000
   1023500   0.9046890012E+003   0.0000000000E+000
   1023600   0.8945964952E+003   0.0000000000E+000
   1023700   0.8935391923E+003   0.0000000000E+000
   1023800   0.9014865218E+003   0.0000000000E+000
   1023900   0.9029469988E+003   0.0000000000E+000
   1024000   0.9081087711E+003   0.0000000000E+000
   1024100   0.8990572087E+003   0.0000000000E+000
   1024200   0.8988523622E+003   0.0000000000E+000
   1024300   0.9045528571E+003   0.0000000000E+000
   1024400   0.8823730780E+003   0.0000000000E+000
   1024500   0.9030837240E+003   0.0000000000E+000
   1024600   0.9018933272E+003   0.0000000000E+000
   1024700   0.8916642242E+003   0.0000000000E+000
   1024800   0.8950371775E+003   0.0000000000E+000
   1024900   0.8939910704E+003   0.0000000000E+000
   1025000   0.8939212682E+003   0.0000000000E+000
   1025100   0.8807368961E+003   0.0000000000E+000
   1025200   0.8923549130E+003   0.0000000000E+000
   1025300   0.8950036072E+003   0.0000000000E+000
   1025400   0.8926740621E+003   0.0000000000E+000
   1025500   0.8962307302E+003   0.0000000000E+000
   1025600   0.9067498406E+003   0.0000000000E+000
   1025700   0.9055873842E+003   0.0000000000E+000
   1025800   0.8987689654E+003   0.0000000000E+000
   1025900   0.8915777784E+003   0.0000000000E+000
   1026000   0.8873544003E+003   0.0000000000E+000
   1026100   0.8841932906E+003   0.0000000000E+000
   1026200   0.9014058773E+003   0.0000000000E+000
   1026300   0.8983302066E+003   0.0000000000E+000
   1026400   0.8973829295E+003   0.0000000000E+000
   1026500   0.8999017710E+003   0.0000000000E+000
   1026600   0.9073750799E+003   0.0000000000E+000
   1026700   0.8979347473E+003   0.0000000000E+000
   1026800   0.8978346499E+003   0.0000000000E+000
   1026900   0.8981525890E+003   0.0000000000E+000
   1027000   0.8970013045E+003   0.0000000000E+000
   1027100   0.9010177247E+003   0.0000000000E+000
   1027200   0.9000479677E+003   0.0000000000E+000
   1027300   0.8937236433E+003   0.0000000000E+000
   1027400   0.8898533219E+003   0.0000000000E+000
   1027500   0.8967493487E+003   0.0000000000E+000
   1027600   0.9023086679E+003   0.0000000000E+000
   1027700   0.8952576960E+003   0.0000000000E+000
   1027800   0.8967263085E+003   0.0000000000E+000
   1027900   0.9006086987E+003   0.0000000000E+000
   1028000   0.8995024149E+003   0.0000000000E+000
   1028100   0.8899757974E+003   0.0000000000E+000
   1028200   0.8883702678E+003   0.0000000000E+000
   1028300   0.8782634644E+003   0.0000000000E+000
   1028400   0.8867296880E+003   0.0000000000E+000
   1028500   0.9011884863E+003   0.0000000000E+000
   1028600   0.8995806324E+003   0.0000000000E+000
   1028700   0.9035451169E+003   0.0000000000E+000
   1028800   0.8958267557E+003   0.0000000000E+000
   1028900   0.9026661486E+003   0.0000000000E+000
   1029000   0.9026247393E+003   0.0000000000E+000
   1029100   0.8988626536E+003   0.0000000000E+000
   1029200   0.9089269016E+003   0.0000000000E+000
   1029300   0.9019151566E+003   0.0000000000E+000
   1029400   0.8946993569E+003   0.0000000000E+000
   1029500   0.9004380272E+003   0.0000000000E+000
   1029600   0.9029579310E+003   0.0000000000E+000
   1029700   0.9065866367E+003   0.0000000000E+000
   1029800   0.9021480200E+003   0.0000000000E+000
   1029900   0.9027466039E+003   0.0000000000E+000
   1030000   0.9038807013E+003   0.0000000000E+000
   1030100   0.8890492487E+003   0.0000000000E+000
   1030200   0.9053635827E+003   0.0000000000E+000
   1030300   0.8955359073E+003   0.0000000000E+000
   1030400   0.9084036159E+003   0.0000000000E+000
   1030500   0.9028543913E+003   0.0000000000E+000
   1030600   0.8974837982E+003   0.0000000000E+000
   1030700   0.8956787476E+003   0.0000000000E+000
   1030800   0.9035853396E+003   0.0000000000E+000
   1030900   0.9001177633E+003   0.0000000000E+000
   1031000   0.8928083132E+003   0.0000000000E+000
   1031100   0.9006907247E+003   0.0000000000E+000
   1031200   0.9066037958E+003   0.0000000000E+000
   1031300   0.9011638496E+003   0.0000000000E+000
   1031400   0.9075051990E+003   0.0000000000E+000
   1031500   0.8938757471E+003   0.0000000000E+000
   1031600   0.8919731398E+003   0.0000000000E+000
   1031700   0.9078429549E+003   0.0000000000E+000
   1031800   0.9141954346E+003   0.0000000000E+000
   1031900   0.9033302806E+003   0.0000000000E+000
   1032000   0.9102187822E+003   0.0000000000E+000
   1032100   0.8977227860E+003   0.0000000000E+000
   1032200   0.9000701519E+003   0.0000000000E+000
   1032300   0.8946407242E+003   0.0000000000E+000
   1032400   0.8933128010E+003   0.0000000000E+000
   1032500   0.9014564788E+003   0.0000000000E+000
   1032600   0.8967940350E+003   0.0000000000E+000
   1032700   0.8938340067E+003   0.0000000000E+000
   1032800   0.9030367162E+003   0.0000000000E+000
   1032900   0.9115440321E+003   0.0000000000E+000
   1033000   0.9008326546E+003   0.0000000000E+000
   1033100   0.8900871927E+003   0.0000000000E+000
   1033200   0.9024407056E+003   0.0000000000E+000
   1033300   0.8982844183E+003   0.0000000000E+000
   1033400   0.9023448769E+003   0.0000000000E+000
   1033500   0.9054502742E+003   0.0000000000E+000
   1033600   0.9076579391E+003   0.0000000000E+000
   1033700   0.9007715678E+003   0.0000000000E+000
   1033800   0.9050792868E+003   0.0000000000E+000
   1033900   0.9012807757E+003   0.0000000000E+000
   1034000   0.9065781024E+003   0.0000000000E+000
   1034100   0.8986888721E+003   0.0000000000E+000
   1034200   0.8985919819E+003   0.0000000000E+000
   1034300   0.9038092701E+003   0.0000000000E+000
   1034400   0.9114464116E+003   0.0000000000E+000
   1034500   0.8939497950E+003   0.0000000000E+000
   1034600   0.8981291606E+003   0.0000000000E+000
   1034700   0.9014096897E+003   0.0000000000E+000
   1034800   0.9059547007E+003   0.0000000000E+000
   1034900   0.9123595652E+003   0.0000000000E+000
   1035000   0.8933015452E+003   0.0000000000E+000
   1035100   0.9113036552E+003   0.0000000000E+000
   1035200   0.9158306771E+003   0.0000000000E+000
   1035300   0.9047311052E+003   0.0000000000E+000
   1035400   0.9038146155E+003   0.0000000000E+000
   1035500   0.9005392526E+003   0.0000000000E+000
   1035600   0.8977285322E+003   0.0000000000E+000
   1035700   0.8989126634E+003   0.0000000000E+000
   1035800   0.9056524317E+003   0.0000000000E+000
   1035900   0.9105604786E+003   0.0000000000E+000
   1036000   0.9112388549E+003   0.0000000000E+000
   1036100   0.9073761820E+003   0.0000000000E+000
   1036200   0.9043039095E+003   0.0000000000E+000
   1036300   0.9167623384E+003   0.0000000000E+000
   1036400   0.9082352511E+003   0.0000000000E+000
   1036500   0.9116894576E+003   0.0000000000E+000
   1036600   0.8994634403E+003   0.0000000000E+000
   1036700   0.9048348224E+003   0.0000000000E+000
   1036800   0.9011088104E+003   0.0000000000E+000
   1036900   0.8907212160E+003   0.0000000000E+000
   1037000   0.8877637675E+003   0.0000000000E+000
   1037100   0.8969289207E+003   0.0000000000E+000
   1037200   0.9054078757E+003   0.0000000000E+000
   1037300   0.8986471477E+003   0.0000000000E+000
   1037400   0.9035317467E+003   0.0000000000E+000
   1037500   0.9141822963E+003   0.0000000000E+000
   1037600   0.9009596670E+003   0.0000000000E+000
   1037700   0.9063281309E+003   0.0000000000E+000
   1037800   0.8954210654E+003   0.0000000000E+000
   1037900   0.9001080148E+003   0.0000000000E+000
   1038000   0.8943519537E+003   0.0000000000E+000
   1038100   0.8992558116E+003   0.0000000000E+000
   1038200   0.9141347909E+003   0.0000000000E+000
   1038300   0.9074344445E+003   0.0000000000E+000
   1038400   0.8950044100E+003   0.0000000000E+000
   1038500   0.9023788377E+003   0.0000000000E+000
   1038600   0.9061939349E+003   0.0000000000E+000
   1038700   0.8996818639E+003   0.0000000000E+000
   1038800   0.9009343689E+003   0.0000000000E+000
   1038900   0.9047092810E+003   0.0000000000E+000
   1039000   0.9107370430E+003   0.0000000000E+000
   1039100   0.8848371970E+003   0.0000000000E+000
   1039200   0.9083997986E+003   0.0000000000E+000
   1039300   0.9000603253E+003   0.0000000000E+000
   1039400   0.8971470530E+003   0.0000000000E+000
   1039500   0.9042796402E+003   0.0000000000E+000
   1039600   0.9113849045E+003   0.0000000000E+000
   1039700   0.8901030629E+003   0.0000000000E+000
   1039800   0.8966816994E+003   0.0000000000E+000
   1039900   0.9036115739E+003   0.0000000000E+000
   1040000   0.8926815595E+003   0.0000000000E+000
   1040100   0.8935103826E+003   0.0000000000E+000
   1040200   0.8973805027E+003   0.0000000000E+000
   1040300   0.9058136114E+003   0.0000000000E+000
   1040400   0.9004662508E+003   0.0000000000E+000
   1040500   0.8873207078E+003   0.0000000000E+000
   1040600   0.9110471007E+003   0.0000000000E+000
   1040700   0.9054466586E+003   0.0000000000E+000
   1040800   0.8915006510E+003   0.0000000000E+000
   1040900   0.9065702847E+003   0.0000000000E+000
   1041000   0.9058245869E+003   0.0000000000E+000
   1041100   0.9099049129E+003   0.0000000000E+000
   1041200   0.9111230578E+003   0.0000000000E+000
   1041300   0.9059352167E+003   0.0000000000E+000
   1041400   0.9103147244E+003   0.0000000000E+000
   1041500   0.9089695595E+003   0.0000000000E+000
   1041600   0.9087562446E+003   0.0000000000E+000
   1041700   0.9016884220E+003   0.0000000000E+000
   1041800   0.9097855664E+003   0.3534776076E+000
   1041900   0.9135131317E+003   0.3532541508E+000
   1042000   0.9023588130E+003   0.3539291847E+000
   1042100   0.9001994177E+003   0.3540621024E+000
   1042200   0.9131936552E+003   0.3532732200E+000
   1042300   0.9171254925E+003   0.3530395995E+000
   1042400   0.9137524803E+003   0.0000000000E+000
   1042500   0.9113757609E+003   0.0000000000E+000
   1042600   0.8937592331E+003   0.3544629342E+000
   1042700   0.9050318279E+003   0.3537656676E+000
   1042800   0.9137151658E+003   0.3532420996E+000
   1042900   0.9122688459E+003   0.3533285078E+000
   1043000   0.9062231577E+003   0.3536931492E+000
   1043100   0.8927403118E+003   0.3545269649E+000
   1043200   0.9035123729E+003   0.3538584804E+000
   1043300   0.8981648892E+003   0.3541880109E+000
   1043400   0.9059688941E+003   0.3537086081E+000
   1043500   0.9152851931E+003   0.3531486575E+000
   1043600   0.9003473799E+003   0.3540529713E+000
   1043700   0.8971266259E+003   0.3542525195E+000
   1043800   0.9021485327E+003   0.3539420958E+000
   1043900   0.9148207768E+003   0.3531762592E+000
   1044000   0.9181068867E+003   0.0000000000E+000
   1044100   0.9109253613E+003   0.3534090560E+000
   1044200   0.9011497197E+003   0.3540035175E+000
   1044300   0.9060955903E+003   0.3537009039E+000
   1044400   0.9012688560E+003   0.3539961829E+000
   1044500   0.9018448251E+003   0.3539607555E+000
   1044600   0.9101659212E+003   0.3534547096E+000
   1044700   0.9058065329E+003   0.3537184848E+000
   1044800   0.8994321197E+003   0.3541095099E+000
   1044900   0.8978010258E+003   0.3542105985E+000
   1045000   0.9017313225E+003   0.3539677328E+000
   1045100   0.9041545329E+003   0.3538192113E+000
   1045200   0.9004318409E+003   0.3540477606E+000
   1045300   0.8927311301E+003   0.3545275426E+000
   1045400   0.8934168638E+003   0.3544844304E+000
   1045500   0.8943096901E+003   0.0000000000E+000
   1045600   0.8925819418E+003   0.0000000000E+000
   1045700   0.9003675414E+003   0.3540517274E+000
   1045800   0.8952326167E+003   0.3543706429E+000
   1045900   0.9081538036E+003   0.3535760940E+000
   1046000   0.9151640691E+003   0.0000000000E+000
   1046100   0.9024303341E+003   0.0000000000E+000
   1046200   0.8930826116E+003   0.3545054353E+000
   1046300   0.9057499035E+003   0.3537219306E+000
   1046400   0.9088978748E+003   0.3535311343E+000
   1046500   0.9035895242E+003   0.3538537591E+000
   1046600   0.9070324519E+003   0.3536440115E+000
   1046700   0.9039414748E+003   0.3538322330E+000
   1046800   0.9028686003E+003   0.3538979129E+000
   1046900   0.9012473677E+003   0.3539975057E+000
   1047000   0.9203770227E+003   0.3528481398E+000
   1047100   0.9019418262E+003   0.3539547942E+000
   1047200   0.8973358340E+003   0.3542395072E+000
   1047300   0.9069151406E+003   0.3536511280E+000
   1047400   0.9029246228E+003   0.3538944788E+000
   1047500   0.8849401781E+003   0.3550228047E+000
   1047600   0.9115459869E+003   0.3533718125E+000
   1047700   0.9104464114E+003   0.3534378377E+000
   1047800   0.8971280518E+003   0.3542524308E+000
   1047900   0.8938978312E+003   0.3544542376E+000
   1048000   0.9078570969E+003   0.0000000000E+000
   1048100   0.8926185371E+003   0.3545346287E+000
   1048200   0.9006848283E+003   0.3540321596E+000
   1048300   0.9067067359E+003   0.3536637757E+000
   1048400   0.9077273162E+003   0.3536019024E+000
   1048500   0.9096907208E+003   0.3534833209E+000
   1048600   0.9011640142E+003   0.3540026373E+000
   1048700   0.8939591382E+003   0.3544503917E+000
   1048800   0.9039844979E+003   0.3538296030E+000
   1048900   0.9087064164E+003   0.3535426948E+000
   1049000   0.9071874826E+003   0.3536346101E+000
   1049100   0.9032320608E+003   0.3538756421E+000
   1049200   0.9039554442E+003   0.3538313790E+000
   1049300   0.9147241308E+003   0.3531820073E+000
   1049400   0.9213802836E+003   0.3527893793E+000
   1049500   0.9087674556E+003   0.3535390086E+000
   1049600   0.9086184443E+003   0.0000000000E+000
   1049700   0.9000867998E+003   0.0000000000E+000
   1049800   0.9096329532E+003   0.3534868014E+000
   1049900   0.9027127990E+003   0.3539074658E+000
   1050000   0.9129529382E+003   0.3532875983E+000
   1050100   0.9096805700E+003   0.3534839325E+000
   1050200   0.8952178312E+003   0.3543715673E+000
   1050300   0.8990359565E+003   0.3541340234E+000
   1050400   0.9059705892E+003   0.3537085050E+000
   1050500   0.9089429589E+003   0.0000000000E+000
   1050600   0.9043381369E+003   0.3538079955E+000
   1050700   0.9062374977E+003   0.0000000000E+000
   1050800   0.9073283348E+003   0.0000000000E+000
   1050900   0.9013522029E+003   0.0000000000E+000
   1051000   0.8909727062E+003   0.3546384466E+000
   1051100   0.9111588651E+003   0.3533950367E+000
   1051200   0.8993493639E+003   0.3541146285E+000
   1051300   0.8988778875E+003   0.3541438113E+000
   1051400   0.9145015478E+003   0.0000000000E+000
   1051500   0.9075380540E+003   0.0000000000E+000
   1051600   0.9030907413E+003   0.3538842989E+000
   1051700   0.9165937911E+003   0.3530710568E+000
   1051800   0.9074981332E+003   0.3536157828E+000
   1051900   0.9107014054E+003   0.3534225100E+000
   1052000   0.8910039898E+003   0.3546364692E+000
   1052100   0.9011839405E+003   0.3540014105E+000
   1052200   0.9044665265E+003   0.3538001557E+000
   1052300   0.8976080020E+003   0.3542225895E+000
   1052400   0.9160137320E+003   0.3531054231E+000
   1052500   0.8930524002E+003   0.0000000000E+000
   1052600   0.9080668314E+003   0.3535813548E+000
   1052700   0.9072066528E+003   0.0000000000E+000
   1052800   0.9048852315E+003   0.0000000000E+000
   1052900   0.9116356410E+003   0.0000000000E+000
   1053000   0.8993300092E+003   0.0000000000E+000
   1053100   0.9003289532E+003   0.0000000000E+000
   1053200   0.9029914853E+003   0.0000000000E+000
   1053300   0.9100627581E+003   0.0000000000E+000
   1053400   0.8979295247E+003   0.0000000000E+000
   1053500   0.8953770647E+003   0.0000000000E+000
   1053600   0.8876978775E+003   0.0000000000E+000
   1053700   0.8918104402E+003   0.0000000000E+000
   1053800   0.9102088786E+003   0.0000000000E+000
   1053900   0.8995838660E+003   0.0000000000E+000
   1054000   0.8987270001E+003   0.0000000000E+000
   1054100   0.8963017034E+003   0.0000000000E+000
   1054200   0.8891245795E+003   0.0000000000E+000
   1054300   0.8969043535E+003   0.0000000000E+000
   1054400   0.8954469755E+003   0.0000000000E+000
   1054500   0.8917905496E+003   0.0000000000E+000
   1054600   0.8896307930E+003   0.0000000000E+000
   1054700   0.8945609748E+003   0.0000000000E+000
   1054800   0.8940713386E+003   0.0000000000E+000
   1054900   0.8956911721E+003   0.0000000000E+000
   1055000   0.8963546191E+003   0.0000000000E+000
   1055100   0.8970676997E+003   0.0000000000E+000
   1055200   0.8974907121E+003   0.0000000000E+000
   1055300   0.9067439153E+003   0.0000000000E+000
   1055400   0.9104188423E+003   0.0000000000E+000
   1055500   0.9022064819E+003   0.0000000000E+000
   1055600   0.9195219465E+003   0.0000000000E+000
   1055700   0.9024065205E+003   0.0000000000E+000
   1055800   0.9081110762E+003   0.0000000000E+000
   1055900   0.9049813047E+003   0.0000000000E+000
   1056000   0.9070924472E+003   0.0000000000E+000
   1056100   0.9019828637E+003   0.0000000000E+000
   1056200   0.9027322060E+003   0.0000000000E+000
   1056300   0.9107643353E+003   0.0000000000E+000
   1056400   0.8970050023E+003   0.0000000000E+000
   1056500   0.9045417852E+003   0.0000000000E+000
   1056600   0.9092553501E+003   0.0000000000E+000
   1056700   0.9108559570E+003   0.0000000000E+000
   1056800   0.8988897552E+003   0.0000000000E+000
   1056900   0.9024166161E+003   0.0000000000E+000
   1057000   0.9085362062E+003   0.0000000000E+000
   1057100   0.9037303701E+003   0.0000000000E+000
   1057200   0.9014626216E+003   0.0000000000E+000
   1057300   0.9009149675E+003   0.0000000000E+000
   1057400   0.9036074157E+003   0.0000000000E+000
   1057500   0.8961920867E+003   0.0000000000E+000
   1057600   0.9042854869E+003   0.0000000000E+000
   1057700   0.9169184511E+003   0.0000000000E+000
   1057800   0.9038711092E+003   0.0000000000E+000
   1057900   0.9086442639E+003   0.0000000000E+000
   1058000   0.9063542659E+003   0.0000000000E+000
   1058100   0.9049924496E+003   0.0000000000E+000
   1058200   0.8968903211E+003   0.0000000000E+000
   1058300   0.9036306478E+003   0.0000000000E+000
   1058400   0.8919783789E+003   0.0000000000E+000
   1058500   0.8899181596E+003   0.0000000000E+000
   1058600   0.9087840343E+003   0.0000000000E+000
   1058700   0.8942862904E+003   0.0000000000E+000
   1058800   0.8971901235E+003   0.0000000000E+000
   1058900   0.9013149066E+003   0.0000000000E+000
   1059000   0.9023777437E+003   0.0000000000E+000
   1059100   0.8942237860E+003   0.0000000000E+000
   1059200   0.8928830196E+003   0.0000000000E+000
   1059300   0.9008825202E+003   0.0000000000E+000
   1059400   0.8881992514E+003   0.0000000000E+000
   1059500   0.9074322326E+003   0.0000000000E+000
   1059600   0.9059692859E+003   0.0000000000E+000
   1059700   0.9002012212E+003   0.0000000000E+000
   1059800   0.8969612633E+003   0.0000000000E+000
   1059900   0.9007206033E+003   0.0000000000E+000
   1060000   0.9076762666E+003   0.0000000000E+000
   1060100   0.8959028390E+003   0.0000000000E+000
   1060200   0.9040981050E+003   0.0000000000E+000
   1060300   0.8926127317E+003   0.0000000000E+000
   1060400   0.8910921622E+003   0.0000000000E+000
   1060500   0.8973830911E+003   0.0000000000E+000
   1060600   0.8922409531E+003   0.0000000000E+000
   1060700   0.8925836587E+003   0.0000000000E+000
   1060800   0.9009772213E+003   0.0000000000E+000
   1060900   0.9056751373E+003   0.0000000000E+000
   1061000   0.8867010352E+003   0.0000000000E+000
   1061100   0.9018523602E+003   0.0000000000E+000
   1061200   0.9082548073E+003   0.0000000000E+000
   1061300   0.9046156406E+003   0.0000000000E+000
   1061400   0.9043141549E+003   0.0000000000E+000
   1061500   0.8995002189E+003   0.0000000000E+000
   1061600   0.9006910573E+003   0.0000000000E+000
   1061700   0.8956707755E+003   0.0000000000E+000
   1061800   0.8859461467E+003   0.0000000000E+000
   1061900   0.8882138120E+003   0.0000000000E+000
   1062000   0.8929939165E+003   0.0000000000E+000
   1062100   0.8941365691E+003   0.0000000000E+000
   1062200   0.8902128100E+003   0.0000000000E+000
   1062300   0.9021555045E+003   0.0000000000E+000
   1062400   0.8997292078E+003   0.0000000000E+000
   1062500   0.8979433896E+003   0.0000000000E+000
   1062600   0.8960616818E+003   0.0000000000E+000
   1062700   0.8943007716E+003   0.0000000000E+000
   1062800   0.9020244858E+003   0.0000000000E+000
   1062900   0.9043513475E+003   0.0000000000E+000
   1063000   0.9107165991E+003   0.0000000000E+000
   1063100   0.9019397392E+003   0.0000000000E+000
   1063200   0.9068893232E+003   0.0000000000E+000
   1063300   0.9009085238E+003   0.0000000000E+000
   1063400   0.9056864778E+003   0.0000000000E+000
   1063500   0.9058925963E+003   0.0000000000E+000
   1063600   0.9032841777E+003   0.0000000000E+000
   1063700   0.8996115235E+003   0.0000000000E+000
   1063800   0.9132155504E+003   0.0000000000E+000
   1063900   0.9003365167E+003   0.0000000000E+000
   1064000   0.8954524722E+003   0.0000000000E+000
   1064100   0.8983585728E+003   0.0000000000E+000
   1064200   0.9043941668E+003   0.0000000000E+000
   1064300   0.9078315171E+003   0.0000000000E+000
   1064400   0.9009821180E+003   0.0000000000E+000
   1064500   0.9053325011E+003   0.0000000000E+000
   1064600   0.9031482346E+003   0.0000000000E+000
   1064700   0.9153252951E+003   0.0000000000E+000
   1064800   0.9027621296E+003   0.0000000000E+000
   1064900   0.8995293602E+003   0.0000000000E+000
   1065000   0.9136435431E+003   0.0000000000E+000
   1065100   0.9041956775E+003   0.0000000000E+000
   1065200   0.9042096932E+003   0.0000000000E+000
   1065300   0.9067650471E+003   0.0000000000E+000
   1065400   0.8993861040E+003   0.0000000000E+000
   1065500   0.8970918796E+003   0.0000000000E+000
   1065600   0.8976113367E+003   0.0000000000E+000
   1065700   0.9101574560E+003   0.0000000000E+000
   1065800   0.8937158089E+003   0.0000000000E+000
   1065900   0.9105429959E+003   0.0000000000E+000
   1066000   0.9029417296E+003   0.0000000000E+000
   1066100   0.9102499614E+003   0.0000000000E+000
   1066200   0.8972752270E+003   0.0000000000E+000
   1066300   0.8992758733E+003   0.0000000000E+000
   1066400   0.8943088375E+003   0.0000000000E+000
   1066500   0.9046969689E+003   0.0000000000E+000
   1066600   0.8968226411E+003   0.0000000000E+000
   1066700   0.8933388784E+003   0.0000000000E+000
   1066800   0.8988722614E+003   0.0000000000E+000
   1066900   0.9072134009E+003   0.0000000000E+000
   1067000   0.9057380755E+003   0.0000000000E+000
   1067100   0.8972410106E+003   0.0000000000E+000
   1067200   0.9074027669E+003   0.0000000000E+000
   1067300   0.9029731835E+003   0.0000000000E+000
   1067400   0.9022996920E+003   0.0000000000E+000
   1067500   0.8963670615E+003   0.0000000000E+000
   1067600   0.8987893177E+003   0.0000000000E+000
   1067700   0.9022591844E+003   0.0000000000E+000
   1067800   0.8984579024E+003   0.0000000000E+000
   1067900   0.8941936993E+003   0.0000000000E+000
   1068000   0.9013773385E+003   0.0000000000E+000
   1068100   0.8986425353E+003   0.0000000000E+000
   1068200   0.8955968423E+003   0.0000000000E+000
   1068300   0.9063835360E+003   0.0000000000E+000
   1068400   0.8999704640E+003   0.0000000000E+000
   1068500   0.9149507632E+003   0.0000000000E+000
   1068600   0.8981289584E+003   0.0000000000E+000
   1068700   0.8981312111E+003   0.0000000000E+000
   1068800   0.8984792044E+003   0.0000000000E+000
   1068900   0.8922024218E+003   0.0000000000E+000
   1069000   0.8934788850E+003   0.0000000000E+000
   1069100   0.9046923459E+003   0.0000000000E+000
   1069200   0.8970990445E+003   0.0000000000E+000
   1069300   0.8967190632E+003   0.0000000000E+000
   1069400   0.8856257784E+003   0.0000000000E+000
   1069500   0.9031133697E+003   0.0000000000E+000
   1069600   0.9000327752E+003   0.0000000000E+000
   1069700   0.8990321316E+003   0.0000000000E+000
   1069800   0.8985274658E+003   0.0000000000E+000
   1069900   0.9012387975E+003   0.0000000000E+000
   1070000   0.8961402366E+003   0.0000000000E+000
   1070100   0.9023068957E+003   0.0000000000E+000
   1070200   0.9040403646E+003   0.0000000000E+000
   1070300   0.8981820397E+003   0.0000000000E+000
   1070400   0.8906785144E+003   0.0000000000E+000
   1070500   0.9013946786E+003   0.0000000000E+000
   1070600   0.8924665281E+003   0.0000000000E+000
   1070700   0.9041300484E+003   0.0000000000E+000
   1070800   0.9017344482E+003   0.0000000000E+000
   1070900   0.8958491336E+003   0.0000000000E+000
   1071000   0.9073625334E+003   0.0000000000E+000
   1071100   0.9047348583E+003   0.0000000000E+000
   1071200   0.8960032566E+003   0.0000000000E+000
   1071300   0.9022384519E+003   0.0000000000E+000
   1071400   0.9065287901E+003   0.0000000000E+000
   1071500   0.9077009138E+003   0.0000000000E+000
   1071600   0.9147888301E+003   0.0000000000E+000
   1071700   0.9023797995E+003   0.0000000000E+000
   1071800   0.9036639362E+003   0.0000000000E+000
   1071900   0.9057417776E+003   0.0000000000E+000
   1072000   0.9023103389E+003   0.0000000000E+000
   1072100   0.8961193592E+003   0.0000000000E+000
   1072200   0.9018659737E+003   0.0000000000E+000
   1072300   0.8983663066E+003   0.0000000000E+000
   1072400   0.9048788997E+003   0.0000000000E+000
   1072500   0.8911505727E+003   0.0000000000E+000
   1072600   0.9013379812E+003   0.0000000000E+000
   1072700   0.8890728543E+003   0.0000000000E+000
   1072800   0.8948144789E+003   0.0000000000E+000
   1072900   0.8956308227E+003   0.0000000000E+000
   1073000   0.9040780284E+003   0.0000000000E+000
   1073100   0.9014758352E+003   0.0000000000E+000
   1073200   0.9073709062E+003   0.0000000000E+000
   1073300   0.9088789201E+003   0.0000000000E+000
   1073400   0.8967556170E+003   0.0000000000E+000
   1073500   0.9049134185E+003   0.0000000000E+000
   1073600   0.8864077565E+003   0.0000000000E+000
   1073700   0.8954622519E+003   0.0000000000E+000
   1073800   0.8905983321E+003   0.0000000000E+000
   1073900   0.8926489146E+003   0.0000000000E+000
   1074000   0.9036801067E+003   0.0000000000E+000
   1074100   0.9013181838E+003   0.0000000000E+000
   1074200   0.8953622751E+003   0.0000000000E+000
   1074300   0.9094966165E+003   0.0000000000E+000
   1074400   0.9009870841E+003   0.0000000000E+000
   1074500   0.8982737713E+003   0.0000000000E+000
   1074600   0.9103082740E+003   0.0000000000E+000
   1074700   0.9012271609E+003   0.0000000000E+000
   1074800   0.9052074319E+003   0.0000000000E+000
   1074900   0.8976977445E+003   0.0000000000E+000
   1075000   0.8940802191E+003   0.3544427980E+000
   1075100   0.9117343807E+003   0.7064472398E+000
   1075200   0.8968296223E+003   0.7082622270E+000
   1075300   0.9043061264E+003   0.3538099506E+000
   1075400   0.9091737355E+003   0.3535144873E+000
   1075500   0.9064451340E+003   0.3536796614E+000
   1075600   0.8904611384E+003   0.7090591948E+000
   1075700   0.9059239893E+003   0.3537113393E+000
   1075800   0.9027749525E+003   0.7075299447E+000
   1075900   0.9012889587E+003   0.7077119265E+000
   1076000   0.9167256690E+003   0.7058546516E+000
   1076100   0.8948070562E+003   0.7085139129E+000
   1076200   0.8997728279E+003   0.7078983155E+000
   1076300   0.9124156188E+003   0.7063659193E+000
   1076400   0.8998098996E+003   0.7078937493E+000
   1076500   0.8903488846E+003   0.3546779131E+000
   1076600   0.9092967178E+003   0.7067393804E+000
   1076700   0.9016550779E+003   0.3539724209E+000
   1076800   0.8998671214E+003   0.3540826218E+000
   1076900   0.8981899001E+003   0.3541864591E+000
   1077000   0.9054830206E+003   0.0000000000E+000
   1077100   0.9092143681E+003   0.0000000000E+000
   1077200   0.8874744484E+003   0.0000000000E+000
   1077300   0.8898326132E+003   0.0000000000E+000
   1077400   0.9001915187E+003   0.0000000000E+000
   1077500   0.9087528475E+003   0.0000000000E+000
   1077600   0.9007107006E+003   0.0000000000E+000
   1077700   0.8886916665E+003   0.0000000000E+000
   1077800   0.8932706794E+003   0.0000000000E+000
   1077900   0.9016532790E+003   0.0000000000E+000
   1078000   0.8935427209E+003   0.0000000000E+000
   1078100   0.8981776067E+003   0.0000000000E+000
   1078200   0.9071298913E+003   0.0000000000E+000
   1078300   0.9034976863E+003   0.0000000000E+000
   1078400   0.9060609427E+003   0.0000000000E+000
   1078500   0.8920105518E+003   0.0000000000E+000
   1078600   0.9086287171E+003   0.0000000000E+000
   1078700   0.8966865503E+003   0.0000000000E+000
   1078800   0.9110426510E+003   0.0000000000E+000
   1078900   0.8995921732E+003   0.0000000000E+000
   1079000   0.8965630557E+003   0.0000000000E+000
   1079100   0.9086925418E+003   0.0000000000E+000
   1079200   0.8980926522E+003   0.0000000000E+000
   1079300   0.8947587062E+003   0.0000000000E+000
   1079400   0.9052409859E+003   0.0000000000E+000
   1079500   0.9041543636E+003   0.0000000000E+000
   1079600   0.9032801761E+003   0.0000000000E+000
   1079700   0.9100615546E+003   0.0000000000E+000
   1079800   0.9055147113E+003   0.0000000000E+000
   1079900   0.9016008329E+003   0.3539757569E+000
   1080000   0.9008436025E+003   0.3540223736E+000
   1080100   0.8910380700E+003   0.3546343151E+000
   1080200   0.8894192484E+003   0.3547368463E+000
   1080300   0.8951237618E+003   0.3543774494E+000
   1080400   0.8887341486E+003   0.3547803688E+000
   1080500   0.8958754096E+003   0.3543304891E+000
   1080600   0.9034927515E+003   0.3538596813E+000
   1080700   0.8939176127E+003   0.3544529966E+000
   1080800   0.9065055131E+003   0.3536759940E+000
   1080900   0.8951685075E+003   0.3543746513E+000
   1081000   0.9030629238E+003   0.0000000000E+000
   1081100   0.8986932770E+003   0.3541552478E+000
   1081200   0.8915095228E+003   0.0000000000E+000
   1081300   0.9095429588E+003   0.0000000000E+000
   1081400   0.8992905795E+003   0.3541182651E+000
   1081500   0.9140739316E+003   0.3532207146E+000
   1081600   0.9111001181E+003   0.3533985630E+000
   1081700   0.9068121807E+003   0.3536573756E+000
   1081800   0.9109894753E+003   0.3534052059E+000
   1081900   0.8994108339E+003   0.3541108263E+000
   1082000   0.8987382584E+003   0.3541524607E+000
   1082100   0.8990217553E+003   0.3541349026E+000
   1082200   0.8963343650E+003   0.3543018600E+000
   1082300   0.9111541957E+003   0.3533953170E+000
   1082400   0.9071939596E+003   0.0000000000E+000
   1082500   0.8958513523E+003   0.0000000000E+000
   1082600   0.9008119065E+003   0.0000000000E+000
   1082700   0.8999797239E+003   0.0000000000E+000
   1082800   0.9083988009E+003   0.0000000000E+000
   1082900   0.9181551544E+003   0.0000000000E+000
   1083000   0.9036053614E+003   0.0000000000E+000
   1083100   0.9045737341E+003   0.0000000000E+000
   1083200   0.9020493304E+003   0.0000000000E+000
   1083300   0.9016994268E+003   0.0000000000E+000
   1083400   0.8975903475E+003   0.0000000000E+000
   1083500   0.9057231664E+003   0.0000000000E+000
   1083600   0.9016189476E+003   0.0000000000E+000
   1083700   0.9112078969E+003   0.0000000000E+000
   1083800   0.9022325783E+003   0.0000000000E+000
   1083900   0.8891100328E+003   0.0000000000E+000
   1084000   0.9019365931E+003   0.0000000000E+000
   1084100   0.9030848194E+003   0.0000000000E+000
   1084200   0.8930136062E+003   0.0000000000E+000
   1084300   0.8985124452E+003   0.0000000000E+000
   1084400   0.9001218069E+003   0.0000000000E+000
   1084500   0.8979967182E+003   0.0000000000E+000
   1084600   0.8922306904E+003   0.0000000000E+000
   1084700   0.9076963149E+003   0.0000000000E+000
   1084800   0.9030963072E+003   0.0000000000E+000
   1084900   0.8889191340E+003   0.0000000000E+000
   1085000   0.8946126812E+003   0.0000000000E+000
   1085100   0.9027005854E+003   0.0000000000E+000
   1085200   0.8995102116E+003   0.0000000000E+000
   1085300   0.9142973929E+003   0.0000000000E+000
   1085400   0.9056922440E+003   0.0000000000E+000
   1085500   0.9032582090E+003   0.0000000000E+000
   1085600   0.9006827204E+003   0.0000000000E+000
   1085700   0.8984441210E+003   0.0000000000E+000
   1085800   0.9033220942E+003   0.0000000000E+000
   1085900   0.9066880224E+003   0.0000000000E+000
   1086000   0.9036192972E+003   0.0000000000E+000
   1086100   0.9052489758E+003   0.0000000000E+000
   1086200   0.9105525880E+003   0.0000000000E+000
   1086300   0.9009480019E+003   0.0000000000E+000
   1086400   0.9014503323E+003   0.0000000000E+000
   1086500   0.9026092282E+003   0.0000000000E+000
   1086600   0.8985926841E+003   0.0000000000E+000
   1086700   0.9048006055E+003   0.0000000000E+000
   1086800   0.8947616798E+003   0.0000000000E+000
   1086900   0.9008296515E+003   0.0000000000E+000
   1087000   0.9002692074E+003   0.0000000000E+000
   1087100   0.9070416170E+003   0.0000000000E+000
   1087200   0.9031376523E+003   0.0000000000E+000
   1087300   0.9032599214E+003   0.0000000000E+000
   1087400   0.8924014431E+003   0.0000000000E+000
   1087500   0.9071339982E+003   0.0000000000E+000
   1087600   0.9124702179E+003   0.0000000000E+000
   1087700   0.9044851196E+003   0.0000000000E+000
   1087800   0.9069124299E+003   0.0000000000E+000
   1087900   0.9021228905E+003   0.0000000000E+000
   1088000   0.9015664807E+003   0.0000000000E+000
   1088100   0.8990212527E+003   0.0000000000E+000
   1088200   0.9043368124E+003   0.0000000000E+000
   1088300   0.9049251888E+003   0.0000000000E+000
   1088400   0.9033457739E+003   0.0000000000E+000
   1088500   0.8939168468E+003   0.0000000000E+000
   1088600   0.8939306734E+003   0.0000000000E+000
   1088700   0.9071140889E+003   0.0000000000E+000
   1088800   0.9059043509E+003   0.0000000000E+000
   1088900   0.8983271789E+003   0.0000000000E+000
   1089000   0.9125391560E+003   0.0000000000E+000
   1089100   0.9041375199E+003   0.0000000000E+000
   1089200   0.8937251536E+003   0.0000000000E+000
   1089300   0.8932742989E+003   0.0000000000E+000
   1089400   0.9003400353E+003   0.0000000000E+000
   1089500   0.8944771024E+003   0.0000000000E+000
   1089600   0.8969730723E+003   0.0000000000E+000
   1089700   0.9015159213E+003   0.0000000000E+000
   1089800   0.8963604917E+003   0.0000000000E+000
   1089900   0.8853964802E+003   0.0000000000E+000
   1090000   0.9041283801E+003   0.0000000000E+000
   1090100   0.9027445917E+003   0.0000000000E+000
   1090200   0.8996253263E+003   0.0000000000E+000
   1090300   0.8991370673E+003   0.0000000000E+000
   1090400   0.8989782671E+003   0.0000000000E+000
   1090500   0.9008419391E+003   0.0000000000E+000
   1090600   0.8984011687E+003   0.0000000000E+000
   1090700   0.8961426219E+003   0.0000000000E+000
   1090800   0.8853088174E+003   0.0000000000E+000
   1090900   0.8950974258E+003   0.0000000000E+000
   1091000   0.9026625706E+003   0.0000000000E+000
   1091100   0.8918742757E+003   0.0000000000E+000
   1091200   0.8910548368E+003   0.0000000000E+000
   1091300   0.8834563020E+003   0.0000000000E+000
   1091400   0.9042737855E+003   0.0000000000E+000
   1091500   0.8892812933E+003   0.0000000000E+000
   1091600   0.8944649528E+003   0.0000000000E+000
   1091700   0.8996256449E+003   0.0000000000E+000
   1091800   0.9019803173E+003   0.0000000000E+000
   1091900   0.9102762256E+003   0.0000000000E+000
   1092000   0.9018595142E+003   0.0000000000E+000
   1092100   0.9059889363E+003   0.0000000000E+000
   1092200   0.8946691105E+003   0.0000000000E+000
   1092300   0.8929200370E+003   0.0000000000E+000
   1092400   0.9037673740E+003   0.0000000000E+000
   1092500   0.9034092213E+003   0.0000000000E+000
   1092600   0.9038306518E+003   0.0000000000E+000
   1092700   0.9133921277E+003   0.0000000000E+000
   1092800   0.8999963160E+003   0.0000000000E+000
   1092900   0.9005588112E+003   0.0000000000E+000
   1093000   0.8977962685E+003   0.0000000000E+000
   1093100   0.8993197561E+003   0.0000000000E+000
   1093200   0.9051100994E+003   0.0000000000E+000
   1093300   0.8989633970E+003   0.0000000000E+000
   1093400   0.8944934177E+003   0.0000000000E+000
   1093500   0.8936958644E+003   0.0000000000E+000
   1093600   0.8971295499E+003   0.0000000000E+000
   1093700   0.8993639197E+003   0.0000000000E+000
   1093800   0.8931170096E+003   0.0000000000E+000
   1093900   0.8950109902E+003   0.0000000000E+000
   1094000   0.8981798935E+003   0.0000000000E+000
   1094100   0.8963734497E+003   0.0000000000E+000
   1094200   0.9039155758E+003   0.0000000000E+000
   1094300   0.9039330887E+003   0.3538327457E+000
   1094400   0.9077326132E+003   0.3536015817E+000
   1094500   0.9031594228E+003   0.3538800913E+000
   1094600   0.9006242632E+003   0.3540358935E+000
   1094700   0.9009161226E+003   0.3540179052E+000
   1094800   0.9024877402E+003   0.3539212721E+000
   1094900   0.8909406081E+003   0.3546404758E+000
   1095000   0.8971234141E+003   0.3542527193E+000
   1095100   0.8906558787E+003   0.3546584829E+000
   1095200   0.9064565788E+003   0.3536789662E+000
   1095300   0.8975087830E+003   0.3542287555E+000
   1095400   0.9081311446E+003   0.3535774645E+000
   1095500   0.9078124481E+003   0.3535967485E+000
   1095600   0.9020102528E+003   0.0000000000E+000
   1095700   0.9156788431E+003   0.0000000000E+000
   1095800   0.9037821469E+003   0.0000000000E+000
   1095900   0.8932321674E+003   0.3544960348E+000
   1096000   0.8911467331E+003   0.0000000000E+000
   1096100   0.9023464991E+003   0.0000000000E+000
   1096200   0.8991015326E+003   0.0000000000E+000
   1096300   0.9112057545E+003   0.0000000000E+000
   1096400   0.9071955055E+003   0.3536341237E+000
   1096500   0.9038686857E+003   0.3538366834E+000
   1096600   0.8976842672E+003   0.0000000000E+000
   1096700   0.8894527981E+003   0.3547347170E+000
   1096800   0.8971596519E+003   0.3542504649E+000
   1096900   0.9111047573E+003   0.0000000000E+000
   1097000   0.9136863936E+003   0.0000000000E+000
   1097100   0.9002177047E+003   0.3540609737E+000
   1097200   0.8899058114E+003   0.3547059834E+000
   1097300   0.9019431113E+003   0.3539547152E+000
   1097400   0.9049190113E+003   0.0000000000E+000
   1097500   0.8957573273E+003   0.0000000000E+000
   1097600   0.9054999681E+003   0.3537371447E+000
   1097700   0.8948511602E+003   0.3543945032E+000
   1097800   0.8953759525E+003   0.3543616833E+000
   1097900   0.8989445274E+003   0.3541396844E+000
   1098000   0.8887335289E+003   0.3547804082E+000
   1098100   0.9076664057E+003   0.3536055907E+000
   1098200   0.8939560638E+003   0.3544505846E+000
   1098300   0.8879942660E+003   0.3548274590E+000
   1098400   0.8939701820E+003   0.3544496990E+000
   1098500   0.9080857322E+003   0.0000000000E+000
   1098600   0.8974885615E+003   0.3542300124E+000
   1098700   0.9027557089E+003   0.3539048345E+000
   1098800   0.9166469347E+003   0.3530679107E+000
   1098900   0.9070932707E+003   0.3536403229E+000
   1099000   0.9074345863E+003   0.0000000000E+000
   1099100   0.9020632513E+003   0.0000000000E+000
   1099200   0.9042175296E+003   0.3538153625E+000
   1099300   0.9047430578E+003   0.3537832788E+000
   1099400   0.9022898037E+003   0.0000000000E+000
   1099500   0.9051500274E+003   0.3537584627E+000
   1099600   0.9077159542E+003   0.3536025904E+000
   1099700   0.9025189625E+003   0.3539193563E+000
   1099800   0.9169554771E+003   0.0000000000E+000
   1099900   0.9113884863E+003   0.0000000000E+000
   1100000   0.9054546086E+003   0.0000000000E+000
