units		    real
atom_style	    full
boundary        p p p
pair_style	    lj/cut/coul/long 12
pair_modify     mix arithmetic tail yes
kspace_style    pppm 1e-6
bond_style      harmonic
angle_style     harmonic

read_data       ./data.lmp           # read the positions --------------comment it out for restarting
Reading data file ...
  orthogonal box = (0 0 0) to (49.133429 49.133429 49.133429)
  2 by 2 by 2 MPI processor grid
  reading atoms ...
  1500 atoms
  scanning bonds ...
  1 = max bonds/atom
  scanning angles ...
  1 = max angles/atom
  orthogonal box = (0 0 0) to (49.133429 49.133429 49.133429)
  2 by 2 by 2 MPI processor grid
  reading bonds ...
  1000 bonds
  reading angles ...
  500 angles
Finding 1-2 1-3 1-4 neighbors ...
  special bond factors lj:    0        0        0       
  special bond factors coul:  0        0        0       
     2 = max # of 1-2 neighbors
     1 = max # of 1-3 neighbors
     1 = max # of 1-4 neighbors
     2 = max # of special neighbors
  special bonds CPU = 0.000 seconds
  read_data CPU = 0.064 seconds
#read_restart   2.restart

#----------------------------------------------------------------------------#
# FORCEFIELD - TraPPE Flexible model for N2
#----------------------------------------------------------------------------#

pair_coeff      1   1  0.0695521435  3.310  # [N2]-L-[N2]
pair_coeff      2   2  0.0009936 0.5   # N2-[L]

bond_coeff      1   500 0.55            # [N2]-[L]

angle_coeff     1   50 180              # N2-N2_X-N2

mass 1 13.9067      # N2
mass 2  0.1         # N2_X

set type        1   charge     -0.482             # N2
Setting atom values ...
  1000 settings made for charge
set type        2   charge      0.964             # N2_X
Setting atom values ...
  500 settings made for charge

#------------------------ VARIABLES------------------------------------------#

variable  TEMP_INDEX       equal 300  # in K
variable  PRESS_INDEX      equal 180  # in bar
variable  RandomSeed       equal 41000  # RANDOM SEED
variable  nz_layers        equal 20
variable  nx_layers        equal 3
variable  timestep         equal 0.5

variable  simulationTemp   equal ${TEMP_INDEX}
variable  simulationTemp   equal 300
variable  pressure         equal 0.987*${PRESS_INDEX}
variable  pressure         equal 0.987*180

variable  Ninptpre         equal 50000
variable  Ninpt            equal 400000     # 0.2 ns
variable  npt_run          equal 2000000    # 1 ns
variable  NBR              equal ${npt_run}/100
variable  NBR              equal 2000000/100

variable  Density          equal density
variable  Volume           equal vol

variable  dumpfreq         equal 1000
variable  thermofreq       equal 1000
variable  printfreq        equal 1000
variable  restartfreq      equal 1000000

variable  NVT_init         equal 200000    # 0.1 ns
variable  NVT_init_2       equal 200000    # 0.1 ns
variable  NVE_reshape      equal 10000
variable  NVT_prod         equal 1000000   # 0.5 ns
variable  NVE_cuboid       equal 200000    # 0.1 ns

variable  thermo_num       equal 1000

#---------------------------- GROUPS/NEIGHBOUR - LIST -----------------------------------------------------------------------#

group           oxy  type 1
1000 atoms in group oxy
group           carb type 2
500 atoms in group carb

neighbor	    3.0 bin
neigh_modify    every 1 delay 0 check yes
run_style       verlet

#---------------------------- CONGUGATE-GRADIENT MINIMIZATION --------------------------------------------------------#

#minimize energytolerance forcetolerance max_iterations_of_minimizer max_number_of_force_or_energy_evaluations
minimize        1e-6 1e-8 100000 10000000
PPPM initialization ...
  using 12-bit tables for long-range coulomb (src/kspace.cpp:342)
  G vector (1/distance) = 0.27179988
  grid = 48 48 48
  stencil order = 5
  estimated absolute RMS force accuracy = 0.00033983665
  estimated relative force accuracy = 1.023408e-06
  using single precision FFTW3
  3d grid and FFT values/proc = 29791 13824
Generated 1 of 1 mixed pair_coeff terms from arithmetic mixing rule
Last active /omp style is kspace_style pppm/omp
Neighbor list info ...
  update: every = 1 steps, delay = 0 steps, check = yes
  max neighbors/atom: 2000, page size: 100000
  master list distance cutoff = 15
  ghost atom cutoff = 15
  binsize = 7.5, bins = 7 7 7
  1 neighbor lists, perpetual/occasional/extra = 1 0 0
  (1) pair lj/cut/coul/long/omp, perpetual
      attributes: half, newton on, omp
      pair build: half/bin/newton/omp
      stencil: half/bin/3d
      bin: standard
Per MPI rank memory allocation (min/avg/max) = 9.598 | 9.605 | 9.618 Mbytes
   Step          Temp          E_pair         E_mol          TotEng         Press     
         0   0              30.395614      1.4887424e-05  30.395629      514.92591    
      9001   0             -579.24848      0.31872611    -578.92975     -16.900965    
Loop time of 50.8424 on 8 procs for 9001 steps with 1500 atoms

99.3% CPU use with 8 MPI tasks x 1 OpenMP threads

Minimization stats:
  Stopping criterion = energy tolerance
  Energy initial, next-to-last, final = 
       30.395628697677  -578.929710594972  -578.929754421543
  Force two-norm initial, final = 124.4295 0.59896219
  Force max component initial, final = 15.024119 0.088020649
  Final line search alpha, max atom move = 0.5971409 0.05256073
  Iterations, force evaluations = 9001 18003

MPI task timing breakdown:
Section |  min time  |  avg time  |  max time  |%varavg| %total
---------------------------------------------------------------
Pair    | 4.5217     | 9.03       | 13.269     | 100.1 | 17.76
Bond    | 0.1322     | 0.16821    | 0.21477    |   7.0 |  0.33
Kspace  | 34.978     | 39.209     | 43.66      |  48.3 | 77.12
Neigh   | 0.026381   | 0.026905   | 0.027827   |   0.3 |  0.05
Comm    | 1.8048     | 1.8961     | 1.9807     |   4.0 |  3.73
Output  | 0          | 0          | 0          |   0.0 |  0.00
Modify  | 0.043247   | 0.051165   | 0.061464   |   2.9 |  0.10
Other   |            | 0.4611     |            |       |  0.91

Nlocal:          187.5 ave         280 max         104 min
Histogram: 2 0 1 0 1 1 1 0 0 2
Nghost:        2166.88 ave        2288 max        2040 min
Histogram: 1 0 1 0 2 1 1 1 0 1
Neighs:          25219 ave       45807 max        7515 min
Histogram: 1 1 1 0 1 1 2 0 0 1

Total # of neighbors = 201752
Ave neighs/atom = 134.50133
Ave special neighs/atom = 2
Neighbor list builds = 38
Dangerous builds = 0

#---------------------------- NPT simulations  ---------------------------------------------------------------------#

fix runnpt all npt temp ${simulationTemp} ${simulationTemp} 10 iso ${pressure} ${pressure} 100
fix runnpt all npt temp 300 ${simulationTemp} 10 iso ${pressure} ${pressure} 100
fix runnpt all npt temp 300 300 10 iso ${pressure} ${pressure} 100
fix runnpt all npt temp 300 300 10 iso 177.66 ${pressure} 100
fix runnpt all npt temp 300 300 10 iso 177.66 177.66 100

thermo_style custom step pe ke etotal press temp v_Density
thermo_modify flush yes
thermo ${thermo_num}
thermo 1000

velocity all create ${simulationTemp} ${RandomSeed} mom yes rot yes dist gaussian
velocity all create 300 ${RandomSeed} mom yes rot yes dist gaussian
velocity all create 300 41000 mom yes rot yes dist gaussian

#-----------------------
# Run (Pre-Initialization)
#-----------------------

timestep    0.1
run         ${Ninptpre}
run         50000
PPPM initialization ...
  using 12-bit tables for long-range coulomb (src/kspace.cpp:342)
  G vector (1/distance) = 0.27179988
  grid = 48 48 48
  stencil order = 5
  estimated absolute RMS force accuracy = 0.00033983665
  estimated relative force accuracy = 1.023408e-06
  using single precision FFTW3
  3d grid and FFT values/proc = 29791 13824
Generated 1 of 1 mixed pair_coeff terms from arithmetic mixing rule
Last active /omp style is kspace_style pppm/omp
Per MPI rank memory allocation (min/avg/max) = 8.495 | 8.531 | 8.762 Mbytes
   Step         PotEng         KinEng         TotEng         Press           Temp        v_Density   
      9001  -578.92975      1340.4703      761.54052      499.70429      300            0.19538921   
     10000   263.98915      1157.9164      1421.9056      296.04158      259.14407      0.16135741   
     11000   97.998985      1415.403       1513.402       240.11104      316.7701       0.1410623    
     12000   256.39801      1290.398       1546.796       153.75226      288.79373      0.13623092   
     13000   231.15341      1331.3234      1562.4768      168.09244      297.95291      0.13601764   
     14000   191.61004      1392.8482      1584.4583      207.98757      311.72229      0.14202903   
     15000   280.02882      1279.1235      1559.1523      117.19143      286.27046      0.14720887   
     16000   194.55934      1390.6394      1585.1988      211.88225      311.22796      0.1552088    
     17000   307.74021      1287.1725      1594.9127      133.88136      288.07184      0.16073736   
     18000   193.59245      1425.8279      1619.4203      230.23629      319.1032       0.16732043   
     19000   305.48456      1282.377       1587.8615      115.61273      286.99859      0.17072406   
     20000   237.61818      1369.9543      1607.5725      205.76618      306.59859      0.17744048   
     21000   263.4473       1320.5738      1584.0211      186.21022      295.54713      0.1823137    
     22000   281.37678      1306.9043      1588.2811      168.43974      292.48786      0.18339057   
     23000   271.22967      1359.2214      1630.4511      157.93863      304.19655      0.17551775   
     24000   346.94406      1257.7109      1604.655       150.2093       281.47828      0.17385412   
     25000   282.78608      1352.4631      1635.2491      239.00975      302.68401      0.18733247   
     26000   314.48242      1264.9686      1579.451       129.31032      283.10256      0.1904141    
     27000   302.09817      1336.0869      1638.1851      191.14285      299.01899      0.18976444   
     28000   291.68293      1255.272       1546.955       174.51179      280.93246      0.18726003   
     29000   303.87399      1337.1973      1641.0713      226.66812      299.2675       0.19045172   
     30000   313.25689      1307.4303      1620.6872      133.73119      292.60558      0.18291962   
     31000   318.65954      1336.1824      1654.8419      178.6911       299.04036      0.18945683   
     32000   328.32319      1322.2456      1650.5688      217.71733      295.92128      0.18886003   
     33000   348.18978      1297.2016      1645.3914      162.53704      290.31638      0.17231207   
     34000   340.79449      1345.2396      1686.0341      159.75052      301.06739      0.17536737   
     35000   377.71545      1314.9343      1692.6497      190.00088      294.28499      0.17572018   
     36000   366.9193       1399.439       1766.3583      177.77848      313.19732      0.16764661   
     37000   388.41261      1343.485       1731.8976      148.92474      300.6747       0.17108831   
     38000   361.65554      1360.6955      1722.351       156.03762      304.52644      0.17365706   
     39000   361.72779      1363.954       1725.6818      203.46712      305.25571      0.17850424   
     40000   373.32142      1379.6885      1753.0099      193.24754      308.77712      0.1745467    
     41000   359.77106      1356.5931      1716.3642      142.08334      303.60833      0.16769455   
     42000   387.79212      1436.0406      1823.8327      196.2536       321.38884      0.17273708   
     43000   354.05268      1380.0537      1734.1064      165.32956      308.85886      0.16610234   
     44000   382.49121      1382.9385      1765.4297      181.24829      309.50447      0.17084494   
     45000   369.32309      1375.6928      1745.0159      188.26989      307.88288      0.17310137   
     46000   374.65525      1364.5956      1739.2508      161.24064      305.3993       0.1641167    
     47000   391.80979      1343.0169      1734.8267      191.80451      300.56993      0.1652668    
     48000   382.48828      1379.2141      1761.7023      179.78516      308.67094      0.1643639    
     49000   373.23166      1312.0424      1685.2741      154.40088      293.63779      0.16851956   
     50000   352.2071       1346.3405      1698.5476      191.81669      301.31377      0.17341402   
     51000   378.98641      1315.0426      1694.029       177.16951      294.30923      0.1766997    
     52000   350.56143      1303.852       1654.4135      164.11007      291.80476      0.16927516   
     53000   374.19605      1328.8188      1703.0149      162.6735       297.39238      0.15967563   
     54000   368.55358      1341.7196      1710.2732      199.67506      300.27961      0.16581783   
     55000   342.31012      1321.0821      1663.3923      180.51366      295.6609       0.17452174   
     56000   367.59926      1294.8559      1662.4552      158.28977      289.79141      0.17751537   
     57000   360.1644       1295.4031      1655.5675      199.08146      289.91386      0.176016     
     58000   356.03508      1331.654       1687.6891      195.25684      298.02691      0.16821345   
     59000   377.39976      1319.5007      1696.9005      160.06943      295.30697      0.16795207   
     59001   375.22771      1322.0045      1697.2322      161.34099      295.86732      0.167954     
Loop time of 247.261 on 8 procs for 50000 steps with 1500 atoms

Performance: 1.747 ns/day, 13.737 hours/ns, 202.215 timesteps/s, 303.323 katom-step/s
99.4% CPU use with 8 MPI tasks x 1 OpenMP threads

MPI task timing breakdown:
Section |  min time  |  avg time  |  max time  |%varavg| %total
---------------------------------------------------------------
Pair    | 7.942      | 11.123     | 14.434     |  72.8 |  4.50
Bond    | 0.4876     | 0.54834    | 0.66638    |   8.9 |  0.22
Kspace  | 110.24     | 113.57     | 116.71     |  23.1 | 45.93
Neigh   | 0.052934   | 0.053792   | 0.055468   |   0.4 |  0.02
Comm    | 4.8504     | 5.1281     | 5.2884     |   7.1 |  2.07
Output  | 0.003007   | 0.0032355  | 0.0047513  |   1.0 |  0.00
Modify  | 106.21     | 111.93     | 115.63     |  32.0 | 45.27
Other   |            | 4.901      |            |       |  1.98

Nlocal:          187.5 ave         216 max         154 min
Histogram: 1 0 0 0 1 3 2 0 0 1
Nghost:        1659.25 ave        1729 max        1589 min
Histogram: 1 0 0 1 2 2 1 0 0 1
Neighs:        14362.4 ave       16973 max        9910 min
Histogram: 1 0 0 0 0 1 2 3 0 1

Total # of neighbors = 114899
Ave neighs/atom = 76.599333
Ave special neighs/atom = 2
Neighbor list builds = 88
Dangerous builds = 0

timestep    0.25
run         ${Ninptpre}
run         50000
PPPM initialization ...
  using 12-bit tables for long-range coulomb (src/kspace.cpp:342)
  G vector (1/distance) = 0.26879024
  grid = 48 48 48
  stencil order = 5
  estimated absolute RMS force accuracy = 0.00039567039
  estimated relative force accuracy = 1.1915496e-06
  using single precision FFTW3
  3d grid and FFT values/proc = 29791 13824
Generated 1 of 1 mixed pair_coeff terms from arithmetic mixing rule
Last active /omp style is kspace_style pppm/omp
Per MPI rank memory allocation (min/avg/max) = 8.496 | 8.532 | 8.763 Mbytes
   Step         PotEng         KinEng         TotEng         Press           Temp        v_Density   
     59001   375.2291       1322.0045      1697.2336      161.34233      295.86732      0.167954     
     60000   381.43081      1419.912       1801.3429      159.76609      317.77923      0.18117747   
     61000   402.57313      1337.6627      1740.2358      147.03167      299.37165      0.17386698   
     62000   403.08938      1292.679       1695.7683      117.78427      289.30421      0.16789415   
     63000   410.41619      1331.4916      1741.9078      144.01327      297.99056      0.16689132   
     64000   391.14411      1375.1637      1766.3078      192.60899      307.76445      0.17104188   
     65000   373.99793      1392.7867      1766.7846      188.00597      311.70852      0.16470191   
     66000   383.72065      1356.7919      1740.5125      177.56828      303.65281      0.17548429   
     67000   379.64967      1351.9735      1731.6232      147.84872      302.57444      0.17697276   
     68000   419.06871      1332.7985      1751.8672      145.12159      298.28304      0.16112752   
     69000   409.8359       1321.8792      1731.7151      203.66555      295.83927      0.17112901   
     70000   401.95901      1328.7069      1730.6659      179.2733       297.36732      0.16688403   
     71000   410.41611      1374.221       1784.6371      205.43063      307.55349      0.16581902   
     72000   423.34897      1357.9936      1781.3425      140.26822      303.92174      0.15930923   
     73000   396.72531      1380.6727      1777.398       177.52667      308.99737      0.17395628   
     74000   367.73413      1325.9101      1693.6443      177.55757      296.74141      0.1752506    
     75000   372.18715      1406.951       1779.1382      211.92832      314.87853      0.16693997   
     76000   406.05275      1399.6147      1805.6675      223.66798      313.23664      0.16728842   
     77000   392.71078      1298.0366      1690.7474      151.04443      290.50325      0.16153542   
     78000   374.22897      1288.0639      1662.2929      137.82539      288.27135      0.1765347    
     79000   401.55149      1380.526       1782.0774      109.90605      308.96454      0.15667441   
     80000   380.23918      1298.2423      1678.4815      154.15881      290.54929      0.15807362   
     81000   400.80324      1345.2582      1746.0615      211.09234      301.07155      0.16300901   
     82000   416.87059      1356.1335      1773.0041      246.08213      303.50547      0.17457199   
     83000   395.35469      1381.8873      1777.2419      186.13259      309.2692       0.16613336   
     84000   400.4575       1344.2956      1744.7531      131.24961      300.85612      0.16933637   
     85000   391.96733      1328.1613      1720.1286      128.50572      297.24522      0.16211906   
     86000   365.21883      1334.8994      1700.1182      168.15745      298.75323      0.16599973   
     87000   405.19764      1342.3972      1747.5948      208.36984      300.43124      0.16240457   
     88000   382.08227      1356.7016      1738.7839      201.28646      303.63261      0.16011008   
     89000   396.2621       1335.2543      1731.5164      222.42915      298.83266      0.16918833   
     90000   410.2516       1354.7481      1764.9997      182.70003      303.1954       0.16379927   
     91000   398.96167      1339.6863      1738.6479      141.24586      299.82454      0.16888349   
     92000   394.91874      1325.6575      1720.5763      125.85512      296.68487      0.16421453   
     93000   399.29869      1328.6318      1727.9305      135.01048      297.35053      0.16764511   
     94000   417.14444      1355.1362      1772.2806      175.29304      303.28226      0.15705166   
     95000   409.2542       1337.0166      1746.2708      217.50118      299.22707      0.16597049   
     96000   425.18131      1383.4214      1808.6027      202.12652      309.61255      0.16165074   
     97000   398.70223      1271.2286      1669.9309      193.61258      284.50357      0.17435205   
     98000   400.32574      1297.9976      1698.3234      156.11678      290.49453      0.16109086   
     99000   422.73188      1296.8684      1719.6003      105.72957      290.24181      0.15754116   
    100000   410.84853      1324.8596      1735.7082      155.80333      296.50631      0.1720356    
    101000   439.33325      1370.8089      1810.1421      155.83277      306.78984      0.15912936   
    102000   415.06763      1348.5758      1763.6434      198.9384       301.81403      0.16761419   
    103000   369.29344      1402.2596      1771.5531      238.63194      313.82859      0.16817622   
    104000   393.93154      1376.9273      1770.8589      204.96947      308.15916      0.16493624   
    105000   387.81613      1379.3659      1767.1821      152.81744      308.70493      0.16067068   
    106000   363.61528      1374.6706      1738.2859      202.49364      307.6541       0.17037351   
    107000   410.5886       1377.2737      1787.8623      147.7725       308.23667      0.15809305   
    108000   397.15292      1373.5118      1770.6647      169.0938       307.39475      0.16302783   
    109000   418.86294      1391.7777      1810.6406      244.565        311.48269      0.1643997    
    109001   417.37802      1392.4231      1809.8011      248.12389      311.62715      0.16443498   
Loop time of 244.774 on 8 procs for 50000 steps with 1500 atoms

Performance: 4.412 ns/day, 5.439 hours/ns, 204.270 timesteps/s, 306.405 katom-step/s
99.3% CPU use with 8 MPI tasks x 1 OpenMP threads

MPI task timing breakdown:
Section |  min time  |  avg time  |  max time  |%varavg| %total
---------------------------------------------------------------
Pair    | 8.1867     | 9.6455     | 11.381     |  27.6 |  3.94
Bond    | 0.52263    | 0.55297    | 0.59071    |   3.1 |  0.23
Kspace  | 111.17     | 112.62     | 114.02     |   7.4 | 46.01
Neigh   | 0.1086     | 0.11051    | 0.11357    |   0.5 |  0.05
Comm    | 4.6278     | 4.9944     | 5.1832     |   7.8 |  2.04
Output  | 0.0027886  | 0.0030629  | 0.0048946  |   1.3 |  0.00
Modify  | 106.14     | 111.95     | 115.78     |  32.1 | 45.74
Other   |            | 4.895      |            |       |  2.00

Nlocal:          187.5 ave         216 max         143 min
Histogram: 1 0 0 1 0 2 1 1 0 2
Nghost:        1670.25 ave        1721 max        1644 min
Histogram: 3 2 0 0 0 1 0 0 1 1
Neighs:        13761.6 ave       16879 max        9912 min
Histogram: 1 0 0 1 1 3 0 0 0 2

Total # of neighbors = 110093
Ave neighs/atom = 73.395333
Ave special neighs/atom = 2
Neighbor list builds = 196
Dangerous builds = 0

timestep    0.5
run         ${Ninptpre}
run         50000
PPPM initialization ...
  using 12-bit tables for long-range coulomb (src/kspace.cpp:342)
  G vector (1/distance) = 0.26841387
  grid = 48 48 48
  stencil order = 5
  estimated absolute RMS force accuracy = 0.00040366561
  estimated relative force accuracy = 1.215627e-06
  using single precision FFTW3
  3d grid and FFT values/proc = 29791 13824
Generated 1 of 1 mixed pair_coeff terms from arithmetic mixing rule
Last active /omp style is kspace_style pppm/omp
Per MPI rank memory allocation (min/avg/max) = 8.496 | 8.532 | 8.763 Mbytes
   Step         PotEng         KinEng         TotEng         Press           Temp        v_Density   
    109001   417.3781       1392.4231      1809.8012      248.12375      311.62715      0.16443498   
    110000   507.7959       1340.3185      1848.1144      204.16763      299.96604      0.19210612   
    111000   508.31427      1324.876       1833.1903      94.612194      296.50997      0.18410573   
    112000   496.40461      1291.7013      1788.1059      160.61907      289.0854       0.18527883   
    113000   502.08343      1333.4944      1835.5779      256.83108      298.43879      0.19025623   
    114000   479.11362      1354.2099      1833.3235      111.67464      303.07496      0.20309994   
    115000   504.74662      1274.4329      1779.1795      140.04179      285.22069      0.18537784   
    116000   497.2275       1276.1042      1773.3318      227.03371      285.59475      0.1950885    
    117000   516.85983      1347.3943      1864.2542      182.75128      301.54962      0.1848135    
    118000   518.79204      1366.5043      1885.2963      71.964057      305.82646      0.18097966   
    119000   475.47778      1332.8226      1808.3004      221.10093      298.28843      0.18387265   
    120000   487.3577       1310.099       1797.4567      258.3616       293.20284      0.19677855   
    121000   487.7975       1374.8392      1862.6367      94.346579      307.69183      0.20672033   
    122000   432.5008       1322.8886      1755.3894      232.12179      296.06518      0.21213457   
    123000   484.49735      1375.3886      1859.8859      238.28145      307.81478      0.20123891   
    124000   500.40129      1405.5845      1905.9858      69.832893      314.57271      0.18003754   
    125000   483.52183      1308.2289      1791.7508      169.71968      292.78432      0.20091272   
    126000   503.52168      1348.7595      1852.2812      239.99099      301.85515      0.19584562   
    127000   475.03945      1340.5846      1815.624       57.052287      300.02558      0.19263266   
    128000   500.00149      1339.537       1839.5385      172.91541      299.79114      0.19610403   
    129000   496.76138      1373.6381      1870.3995      251.7972       307.42302      0.21054162   
    130000   510.82516      1367.2278      1878.053       61.597091      305.9884       0.18591721   
    131000   484.96039      1355.3845      1840.3449      206.63809      303.33783      0.20794968   
    132000   477.29907      1380.3465      1857.6456      304.38485      308.92438      0.20001197   
    133000   478.90186      1319.6976      1798.5995      18.301512      295.35104      0.19174754   
    134000   483.87775      1312.0874      1795.9652      171.73352      293.64786      0.18958297   
    135000   461.10955      1330.7512      1791.8607      252.77463      297.82484      0.20694029   
    136000   455.69783      1351.7805      1807.4783      116.70306      302.53124      0.20712254   
    137000   473.92991      1321.0686      1794.9985      205.34947      295.65786      0.19736528   
    138000   502.97792      1365.2107      1868.1886      174.99395      305.53695      0.19843363   
    139000   471.06166      1338.6188      1809.6804      189.70544      299.58563      0.21202261   
    140000   480.72003      1338.5811      1819.3011      262.99077      299.57719      0.20477396   
    141000   477.20947      1352.7665      1829.9759      170.82155      302.75191      0.19593851   
    142000   497.86431      1311.9025      1809.7668      150.62938      293.60647      0.19828654   
    143000   503.09994      1359.4057      1862.5057      188.77764      304.23779      0.20865226   
    144000   525.68724      1381.6175      1907.3047      221.04035      309.20883      0.20768704   
    145000   476.45662      1399.4079      1875.8645      187.78175      313.19036      0.19743109   
    146000   469.11013      1346.3355      1815.4456      222.54228      301.31265      0.19681049   
    147000   499.15309      1361.9595      1861.1126      121.52716      304.80933      0.18669801   
    148000   432.39358      1295.9157      1728.3093      182.94831      290.0286       0.20969375   
    149000   506.09781      1361.7202      1867.818       276.38937      304.75577      0.19422067   
    150000   503.8517       1345.8739      1849.7256     -37.70976       301.20934      0.1912371    
    151000   470.43259      1324.9577      1795.3903      172.62797      296.52826      0.19458322   
    152000   525.70315      1343.1072      1868.8103      266.47143      300.59014      0.18247858   
    153000   488.58634      1349.6246      1838.211       129.89834      302.04876      0.18944023   
    154000   537.28434      1316.2739      1853.5583      127.85219      294.58481      0.18258534   
    155000   520.7462       1338.7565      1859.5027      218.33641      299.61645      0.18728108   
    156000   480.92979      1343.7549      1824.6847      214.87849      300.73511      0.20474261   
    157000   463.40505      1324.6687      1788.0737      108.52864      296.46357      0.20145549   
    158000   506.57666      1340.1857      1846.7624      243.40248      299.93632      0.19120035   
    159000   487.52596      1370.3216      1857.8475      221.94745      306.68078      0.19935588   
    159001   482.33354      1374.2871      1856.6206      222.83609      307.56827      0.19935487   
Loop time of 246.852 on 8 procs for 50000 steps with 1500 atoms

Performance: 8.750 ns/day, 2.743 hours/ns, 202.551 timesteps/s, 303.826 katom-step/s
99.3% CPU use with 8 MPI tasks x 1 OpenMP threads

MPI task timing breakdown:
Section |  min time  |  avg time  |  max time  |%varavg| %total
---------------------------------------------------------------
Pair    | 10.355     | 11.076     | 11.592     |  12.4 |  4.49
Bond    | 0.52752    | 0.5607     | 0.59475    |   3.2 |  0.23
Kspace  | 111.91     | 112.64     | 113.36     |   4.1 | 45.63
Neigh   | 0.23641    | 0.24028    | 0.24698    |   0.8 |  0.10
Comm    | 4.9954     | 5.397      | 5.5523     |   8.7 |  2.19
Output  | 0.0028258  | 0.0085089  | 0.04806    |  16.2 |  0.00
Modify  | 106.71     | 112.11     | 115.66     |  29.6 | 45.42
Other   |            | 4.81       |            |       |  1.95

Nlocal:          187.5 ave         208 max         169 min
Histogram: 3 0 0 0 1 0 1 1 1 1
Nghost:        1901.88 ave        1953 max        1868 min
Histogram: 1 0 2 2 1 0 1 0 0 1
Neighs:        17006.4 ave       20262 max       14096 min
Histogram: 1 2 0 1 0 0 1 2 0 1

Total # of neighbors = 136051
Ave neighs/atom = 90.700667
Ave special neighs/atom = 2
Neighbor list builds = 390
Dangerous builds = 0

#-----------------------
# Run (Initialization)
#-----------------------

unfix       runnpt
reset_timestep 0

fix runnpt all npt temp ${simulationTemp} ${simulationTemp} 100 iso ${pressure} ${pressure} 1000
fix runnpt all npt temp 300 ${simulationTemp} 100 iso ${pressure} ${pressure} 1000
fix runnpt all npt temp 300 300 100 iso ${pressure} ${pressure} 1000
fix runnpt all npt temp 300 300 100 iso 177.66 ${pressure} 1000
fix runnpt all npt temp 300 300 100 iso 177.66 177.66 1000

timestep    ${timestep}
timestep    0.5
run         ${Ninpt}
run         400000
PPPM initialization ...
  using 12-bit tables for long-range coulomb (src/kspace.cpp:342)
  G vector (1/distance) = 0.27217844
  grid = 48 48 48
  stencil order = 5
  estimated absolute RMS force accuracy = 0.00033322038
  estimated relative force accuracy = 1.0034833e-06
  using single precision FFTW3
  3d grid and FFT values/proc = 29791 13824
Generated 1 of 1 mixed pair_coeff terms from arithmetic mixing rule
Last active /omp style is kspace_style pppm/omp
Per MPI rank memory allocation (min/avg/max) = 8.496 | 8.532 | 8.763 Mbytes
   Step         PotEng         KinEng         TotEng         Press           Temp        v_Density   
         0   482.3325       1374.2871      1856.6196      222.83691      307.56827      0.19935487   
      1000   484.25879      1379.3763      1863.6351      235.45044      308.70726      0.19859842   
      2000   505.67382      1377.7701      1883.4439      245.49206      308.34777      0.20067232   
      3000   492.01738      1398.1467      1890.164       192.58338      312.90809      0.20266334   
      4000   482.81151      1353.0255      1835.837       124.60801      302.80988      0.20832211   
      5000   453.57888      1355.6146      1809.1934      193.73437      303.38932      0.2192778    
      6000   450.8672       1346.4254      1797.2926      235.77786      301.33277      0.21662237   
      7000   475.87779      1341.5659      1817.4436      222.40398      300.24519      0.20789457   
      8000   495.51111      1300.4043      1795.9154      246.53504      291.03316      0.19988864   
      9000   482.25759      1301.3985      1783.6561      273.55136      291.25565      0.1960467    
     10000   483.72723      1292.9897      1776.717       188.39591      289.37376      0.19669024   
     11000   489.43966      1324.273       1813.7127      169.01895      296.37502      0.20251465   
     12000   501.02084      1323.031       1824.0519      177.44938      296.09706      0.20494768   
     13000   488.05954      1346.5759      1834.6355      145.50088      301.36646      0.20045779   
     14000   503.35875      1321.3544      1824.7132      141.93064      295.72183      0.19480543   
     15000   472.66447      1383.3949      1856.0593      189.23556      309.60661      0.19467608   
     16000   458.28244      1371.3179      1829.6004      229.48432      306.90377      0.19422569   
     17000   487.55445      1361.365       1848.9194      209.51593      304.67627      0.19337781   
     18000   497.58537      1366.836       1864.4213      217.72794      305.9007       0.19550829   
     19000   491.47751      1350.9954      1842.473       193.82187      302.35555      0.20007515   
     20000   470.57713      1393.9174      1864.4945      111.80228      311.96157      0.2020494    
     21000   519.51803      1340.7496      1860.2676      84.481436      300.06251      0.20177249   
     22000   486.95745      1382.232       1869.1895      183.86092      309.34636      0.200577     
     23000   491.61994      1352.5868      1844.2067      254.86365      302.7117       0.19862891   
     24000   467.45329      1377.8157      1845.269       290.02254      308.35799      0.19835786   
     25000   524.51275      1387.8526      1912.3654      275.01739      310.60426      0.19851266   
     26000   490.30292      1413.0863      1903.3892      268.2299       316.25161      0.19837935   
     27000   512.41375      1354.498       1866.9117      203.14172      303.13942      0.20050043   
     28000   502.10321      1345.7064      1847.8096      233.76206      301.17186      0.20752837   
     29000   465.95471      1349.9996      1815.9543      200.91258      302.13267      0.21235151   
     30000   484.30921      1338.0729      1822.3821      107.65487      299.46346      0.21341645   
     31000   484.19685      1312.8747      1797.0716      61.855639      293.82406      0.20675386   
     32000   479.57369      1353.699       1833.2726      110.20285      302.96061      0.19949338   
     33000   508.52082      1325.4629      1833.9837      209.50922      296.64132      0.19565007   
     34000   487.45971      1364.5573      1852.017       221.73669      305.39073      0.19373372   
     35000   485.93298      1345.263       1831.196       232.18031      301.07263      0.19665433   
     36000   491.54231      1341.7129      1833.2552      202.63165      300.2781       0.20395567   
     37000   460.56349      1320.6977      1781.2612      220.66663      295.57485      0.21338044   
     38000   451.91869      1346.4664      1798.3851      162.20581      301.34194      0.21713387   
     39000   486.65938      1303.2094      1789.8688      178.01685      291.66094      0.21481245   
     40000   487.68366      1334.4379      1822.1216      156.88786      298.64994      0.20551918   
     41000   492.90252      1348.2453      1841.1478      223.43354      301.74006      0.19999295   
     42000   510.00481      1365.7395      1875.7443      214.52887      305.6553       0.19878223   
     43000   463.28828      1365.3787      1828.667       197.56164      305.57456      0.20135556   
     44000   475.78343      1376.7577      1852.5411      219.05848      308.12119      0.20832531   
     45000   513.76428      1348.1821      1861.9463      158.10241      301.72591      0.20885724   
     46000   535.08782      1341.8643      1876.9521      114.21738      300.31198      0.20344706   
     47000   453.26099      1360.4823      1813.7433      275.34026      304.47873      0.20034142   
     48000   481.44449      1331.8734      1813.3179      241.35915      298.076        0.19987387   
     49000   483.12103      1326.9494      1810.0704      290.16423      296.97399      0.20014802   
     50000   467.31153      1298.968       1766.2795      230.05623      290.7117       0.19815329   
     51000   471.68958      1335.6464      1807.336       192.89128      298.9204       0.19759896   
     52000   478.5971       1328.4332      1807.0303      140.006        297.30607      0.19646991   
     53000   472.63408      1321.8479      1794.4819      161.93449      295.83226      0.19603365   
     54000   484.67927      1325.6477      1810.327       179.96522      296.68268      0.19852565   
     55000   471.25389      1347.4018      1818.6557      158.49208      301.55128      0.19984981   
     56000   469.27058      1381.7237      1850.9942      240.18388      309.23259      0.20085078   
     57000   490.95356      1376.6646      1867.6182      200.00453      308.10036      0.20143108   
     58000   477.2704       1377.8276      1855.098       267.3439       308.36065      0.20236427   
     59000   468.68677      1354.1545      1822.8413      289.36329      303.06255      0.20214349   
     60000   492.67655      1372.6527      1865.3292      242.65746      307.20249      0.19987479   
     61000   482.05039      1356.6607      1838.7111      278.77037      303.62345      0.1997472    
     62000   490.3389       1372.9491      1863.288       229.98412      307.26883      0.19698658   
     63000   499.20287      1372.4236      1871.6265      184.06918      307.15123      0.19171132   
     64000   517.8928       1341.2824      1859.1752      94.020741      300.18176      0.18760469   
     65000   495.9608       1392.5052      1888.466       29.615312      311.64552      0.18649712   
     66000   516.37554      1334.3577      1850.7333      80.295982      298.632        0.19140192   
     67000   513.45729      1347.3532      1860.8105      93.653593      301.54042      0.19812378   
     68000   486.92355      1416.596       1903.5196      153.15205      317.0371       0.20173227   
     69000   503.04658      1362.8111      1865.8577      185.97282      304.99993      0.20087981   
     70000   502.32119      1356.2342      1858.5554      180.1086       303.528        0.19584601   
     71000   494.89251      1339.4599      1834.3524      196.75915      299.77387      0.1927527    
     72000   456.67606      1349.227       1805.903       247.35452      301.95976      0.19134364   
     73000   466.03381      1336.9382      1802.972       253.07843      299.20952      0.19143841   
     74000   485.01613      1292.1151      1777.1312      209.59153      289.17801      0.19377341   
     75000   502.12727      1320.3837      1822.5109      208.58928      295.50458      0.20088793   
     76000   489.89015      1325.6054      1815.4955      157.3895       296.6732       0.20705339   
     77000   475.26096      1330.2696      1805.5306      125.64247      297.71707      0.20743993   
     78000   466.09121      1341.4141      1807.5053      155.57353      300.21122      0.20658808   
     79000   463.77421      1314.791       1778.5652      191.19882      294.25292      0.20726771   
     80000   452.41737      1352.1033      1804.5207      225.20321      302.6035       0.20593249   
     81000   450.64138      1323.732       1774.3733      196.97151      296.25393      0.1962312    
     82000   504.69115      1295.7891      1800.4803      205.50971      290.00027      0.19131068   
     83000   466.28732      1347.9035      1814.1908      168.28311      301.66357      0.1916644    
     84000   484.10313      1307.3559      1791.459       140.38185      292.58894      0.19508237   
     85000   492.75474      1331.2497      1824.0044      126.05257      297.93641      0.19940828   
     86000   458.1115       1312.7457      1770.8572      185.2492       293.79519      0.20488869   
     87000   488.07642      1323.7683      1811.8447      175.41648      296.26206      0.2079399    
     88000   494.11483      1294.9668      1789.0816      174.16661      289.81622      0.20454413   
     89000   481.02631      1308.1434      1789.1697      132.27195      292.76517      0.19443659   
     90000   517.51159      1299.2408      1816.7524      156.8935       290.77276      0.18680117   
     91000   509.48196      1306.7684      1816.2503      189.85333      292.45744      0.18649252   
     92000   483.37852      1344.4361      1827.8146      247.58313      300.88756      0.19098571   
     93000   507.53654      1299.5866      1807.1231      219.65106      290.85015      0.19588523   
     94000   492.65397      1311.7091      1804.3631      203.81706      293.56319      0.1994505    
     95000   452.31685      1290.4574      1742.7742      142.40429      288.80701      0.19939163   
     96000   479.29782      1282.8662      1762.164       144.85617      287.10809      0.20296504   
     97000   491.29148      1304.2323      1795.5238      130.89446      291.88987      0.20702918   
     98000   476.331        1340.3264      1816.6574      139.35644      299.96779      0.20861582   
     99000   495.55837      1349.6359      1845.1943      168.52551      302.05128      0.20823068   
    100000   467.86569      1387.9398      1855.8055      115.64909      310.62378      0.20045449   
    101000   489.80559      1395.3376      1885.1432      134.44836      312.27942      0.19141511   
    102000   513.96877      1358.6555      1872.6243      148.00526      304.0699       0.18840294   
    103000   496.64022      1327.4992      1824.1395      166.01805      297.09705      0.1935328    
    104000   472.94213      1342.569       1815.5112      195.48074      300.46971      0.19934882   
    105000   488.95746      1311.3853      1800.3428      207.29421      293.49073      0.20051028   
    106000   484.08229      1291.6614      1775.7437      141.06262      289.07647      0.20111128   
    107000   479.12589      1277.4641      1756.59        159.40337      285.89908      0.20558977   
    108000   482.24207      1309.5324      1791.7745      142.90593      293.07604      0.20685238   
    109000   473.53262      1322.557       1796.0896      183.89517      295.99097      0.20468549   
    110000   505.47104      1322.7654      1828.2364      140.92121      296.03761      0.20221861   
    111000   500.56879      1299.8475      1800.4162      201.06909      290.90853      0.20473682   
    112000   474.89197      1336.4554      1811.3473      165.58269      299.10146      0.21109851   
    113000   461.79403      1363.5353      1825.3293      176.36748      305.16199      0.22160819   
    114000   472.87893      1334.7802      1807.6591      192.15605      298.72654      0.22474192   
    115000   462.10383      1350.1924      1812.2962      180.22746      302.17583      0.2179154    
    116000   459.22416      1347.3684      1806.5925      152.4302       301.54381      0.21196766   
    117000   454.40449      1321.6591      1776.0636      209.3514       295.79001      0.20858053   
    118000   457.82582      1284.576       1742.4018      214.68805      287.49075      0.20520322   
    119000   484.60239      1344.319       1828.9214      216.83814      300.86134      0.20329875   
    120000   466.62057      1360.602       1827.2226      260.5603       304.50552      0.20273965   
    121000   457.9939       1372.4138      1830.4077      246.68086      307.14902      0.20393901   
    122000   486.10652      1352.6811      1838.7876      241.32952      302.7328       0.20543734   
    123000   493.81687      1391.3928      1885.2097      265.56883      311.39656      0.20734987   
    124000   490.21514      1390.5314      1880.7465      222.08067      311.20377      0.2079144    
    125000   488.22432      1368.1394      1856.3637      151.88019      306.19241      0.20371908   
    126000   504.7096       1341.4103      1846.1199      99.175866      300.21037      0.19872381   
    127000   493.23291      1390.0142      1883.2471      159.6827       311.08804      0.19612721   
    128000   511.4533       1388.7833      1900.2366      184.5484       310.81256      0.19048333   
    129000   522.30803      1386.0573      1908.3653      153.87678      310.20246      0.18595966   
    130000   509.16425      1355.3642      1864.5285      153.93386      303.3333       0.18702814   
    131000   503.84766      1360.8112      1864.6588      133.90961      304.55234      0.19407258   
    132000   519.34341      1349.2799      1868.6233      182.24971      301.97161      0.20260731   
    133000   469.20347      1328.3099      1797.5134      186.96461      297.27848      0.20403898   
    134000   458.48842      1349.523       1808.0114      164.53544      302.02602      0.20078706   
    135000   496.78564      1334.3408      1831.1264      274.72559      298.6282       0.19975352   
    136000   527.54969      1333.4795      1861.0292      233.24558      298.43545      0.19457897   
    137000   484.26527      1329.8022      1814.0675      177.6197       297.61246      0.18951126   
    138000   496.81483      1304.899       1801.7139      112.78448      292.03908      0.19216392   
    139000   506.57825      1305.1587      1811.737       7.0205742      292.09721      0.20095934   
    140000   463.23885      1335.0808      1798.3196     -20.273099      298.79381      0.20622333   
    141000   481.27954      1292.5821      1773.8616     -11.940722      289.28252      0.20517418   
    142000   468.25883      1335.3225      1803.5813      65.769429      298.84791      0.20287257   
    143000   478.90767      1303.1227      1782.0303      196.08332      291.64153      0.20155542   
    144000   487.30628      1338.0915      1825.3978      223.1855       299.46763      0.20111911   
    145000   485.72058      1333.1543      1818.8749      198.19474      298.36267      0.20136309   
    146000   498.02083      1318.1782      1816.199       97.417369      295.01098      0.20150001   
    147000   486.75402      1295.9651      1782.7191      44.35782       290.03966      0.20173908   
    148000   455.83461      1274.0286      1729.8632      48.432296      285.13021      0.20184269   
    149000   469.92559      1316.7768      1786.7024      116.75009      294.69736      0.20370018   
    150000   497.14498      1294.8527      1791.9976      194.54257      289.79069      0.20518138   
    151000   465.4357       1325.1893      1790.625       201.48426      296.58008      0.20468791   
    152000   477.26865      1343.9433      1821.2119      217.37948      300.77726      0.20400187   
    153000   479.44147      1382.6898      1862.1312      144.39995      309.44881      0.20296893   
    154000   492.36734      1343.7058      1836.0732      108.79236      300.72412      0.20332681   
    155000   475.31534      1358.5896      1833.905       28.060106      304.05515      0.20086884   
    156000   486.38224      1357.1733      1843.5556      104.3737       303.73818      0.19904099   
    157000   488.91197      1369.1828      1858.0947      197.17772      306.42591      0.19849816   
    158000   461.80102      1391.8593      1853.6603      360.80336      311.50097      0.20326117   
    159000   453.443        1350.4489      1803.8919      347.69077      302.23324      0.20634602   
    160000   453.6303       1352.4182      1806.0485      301.8173       302.67397      0.20780653   
    161000   456.50898      1325.9468      1782.4558      120.70445      296.74961      0.20210856   
    162000   475.35494      1296.1669      1771.5218      8.1811703      290.08481      0.19881753   
    163000   470.08628      1319.5958      1789.6821     -68.543756      295.32824      0.19830945   
    164000   492.22681      1318.4917      1810.7185      11.992413      295.08114      0.20000829   
    165000   501.67498      1313.0209      1814.6959      89.250288      293.85677      0.19613113   
    166000   462.23674      1337.838       1800.0747      256.42001      299.41088      0.19014638   
    167000   538.10949      1351.4127      1889.5222      301.64674      302.44893      0.18445513   
    168000   510.18779      1348.5053      1858.6931      291.03478      301.79825      0.18358804   
    169000   505.86252      1391.8393      1897.7018      261.46868      311.49649      0.19045047   
    170000   483.00052      1355.4716      1838.4722      188.14956      303.35734      0.19787657   
    171000   512.45876      1318.4954      1830.9541      96.852038      295.08197      0.20099624   
    172000   475.04128      1342.0559      1817.0972      118.05379      300.35487      0.20259992   
    173000   469.44519      1318.7561      1788.2012      158.98604      295.14031      0.20136303   
    174000   486.42972      1291.2487      1777.6785      174.86574      288.98412      0.19877665   
    175000   479.38063      1304.7951      1784.1757      172.54074      292.01582      0.19303369   
    176000   497.09513      1313.973       1811.0682      160.94019      294.06986      0.18838779   
    177000   516.03588      1295.6965      1811.7324      177.96385      289.97954      0.18658763   
    178000   519.00264      1302.189       1821.1916      238.13477      291.43256      0.18803578   
    179000   476.09553      1342.1446      1818.2401      261.83549      300.37471      0.18974906   
    180000   482.99322      1306.9493      1789.9425      239.27382      292.49793      0.18782961   
    181000   497.33034      1339.0844      1836.4147      190.72038      299.68984      0.18657108   
    182000   487.63532      1327.4247      1815.06        174.43699      297.08037      0.19133604   
    183000   514.30995      1331.1664      1845.4763      163.21041      297.91776      0.19944943   
    184000   468.19285      1354.6557      1822.8486      190.89833      303.17473      0.20302738   
    185000   469.08859      1382.3877      1851.4763      240.07981      309.38121      0.20048234   
    186000   509.08628      1329.2321      1838.3184      247.52797      297.48487      0.19647623   
    187000   497.14036      1340.3437      1837.484       213.78962      299.97166      0.19449399   
    188000   496.09636      1339.0279      1835.1242      223.90795      299.67719      0.19527434   
    189000   494.50337      1319.3339      1813.8373      149.49828      295.26964      0.19519894   
    190000   502.82587      1333.1324      1835.9582      99.063375      298.35776      0.1952953    
    191000   509.3975       1350.8421      1860.2396      115.2906       302.32123      0.19372538   
    192000   487.09334      1354.5304      1841.6237      141.03963      303.14668      0.1912561    
    193000   526.87606      1348.9719      1875.8479      189.82658      301.90267      0.19159119   
    194000   488.09411      1359.2698      1847.3639      232.85056      304.20737      0.19335294   
    195000   467.034        1340.9618      1807.9958      251.68226      300.11001      0.19581838   
    196000   463.28796      1308.3354      1771.6234      298.10438      292.80816      0.19763028   
    197000   474.65616      1343.3649      1818.0211      241.18345      300.64782      0.1983578    
    198000   467.25138      1334.8366      1802.088       153.45266      298.73917      0.19843845   
    199000   503.56642      1331.6443      1835.2107      55.616439      298.02472      0.19917016   
    200000   495.6826       1348.1278      1843.8104      17.148866      301.71377      0.19926679   
    201000   497.48877      1336.3363      1833.8251      59.902375      299.07481      0.20134601   
    202000   473.41408      1360.9118      1834.3259      85.563196      304.57485      0.20207159   
    203000   483.57699      1331.1678      1814.7448      132.74299      297.91809      0.19859305   
    204000   509.80761      1268.1548      1777.9624      131.14453      283.81566      0.19441111   
    205000   512.38704      1307.2305      1819.6175      194.99718      292.56086      0.19439317   
    206000   489.46421      1336.005       1825.4692      164.03997      299.00065      0.19896595   
    207000   461.94124      1333.966       1795.9072      201.08728      298.54433      0.20889128   
    208000   491.01682      1297.8286      1788.8454      205.56822      290.45671      0.21060118   
    209000   450.7504       1326.14        1776.8904      213.70038      296.79286      0.20617646   
    210000   477.68955      1358.8567      1836.5463      238.5731       304.11493      0.20027435   
    211000   516.86119      1359.339       1876.2002      197.37611      304.22286      0.19632143   
    212000   491.61333      1345.8304      1837.4437      149.86506      301.1996       0.19580255   
    213000   481.19405      1355.2625      1836.4566      107.21334      303.31053      0.19601714   
    214000   484.33834      1330.3683      1814.7067      87.177596      297.73916      0.19825886   
    215000   473.3089       1287.2054      1760.5143      127.79856      288.07922      0.20154609   
    216000   493.59601      1310.174       1803.77        196.31185      293.21963      0.20370973   
    217000   478.8871       1378.0827      1856.9698      191.0674       308.41775      0.20346601   
    218000   481.97787      1358.9034      1840.8813      200.75265      304.12537      0.20172077   
    219000   502.33281      1329.1067      1831.4395      214.77782      297.45681      0.20011818   
    220000   511.86026      1322.9428      1834.8031      269.92771      296.07732      0.20064017   
    221000   451.58756      1316.9332      1768.5208      266.79199      294.73236      0.20267869   
    222000   437.57832      1363.2593      1800.8376      300.37404      305.10023      0.20761473   
    223000   468.9465       1344.7811      1813.7276      185.67716      300.96477      0.2098068    
    224000   478.85117      1323.3674      1802.2186      179.17231      296.17234      0.20696255   
    225000   480.33781      1323.9809      1804.3187      105.27731      296.30963      0.198821     
    226000   496.94055      1284.4393      1781.3798      142.1381       287.46015      0.19364867   
    227000   484.05277      1328.0481      1812.1009      224.5511       297.21989      0.19447349   
    228000   506.33157      1339.4717      1845.8033      256.69635      299.77653      0.19679553   
    229000   488.21334      1312.396       1800.6093      217.00256      293.71691      0.1988471    
    230000   471.988        1343.3493      1815.3373      175.34592      300.64433      0.20039687   
    231000   511.06446      1344.4235      1855.4879      121.52713      300.88473      0.2008504    
    232000   515.18918      1351.9734      1867.1625      158.20623      302.57441      0.19891616   
    233000   491.25177      1339.5977      1830.8495      205.46052      299.80472      0.19684053   
    234000   499.92873      1366.0157      1865.9444      277.14514      305.71711      0.19563497   
    235000   516.94903      1388.2357      1905.1847      244.45659      310.69         0.19136987   
    236000   492.34187      1417.3827      1909.7246      248.80868      317.21316      0.18835712   
    237000   490.59864      1381.8869      1872.4855      192.62948      309.26912      0.18499324   
    238000   518.5574       1348.5447      1867.1021      174.29873      301.80707      0.18567362   
    239000   477.07389      1371.554       1848.6278      224.87454      306.95659      0.19453465   
    240000   492.73319      1357.1378      1849.871       242.99151      303.73022      0.20269627   
    241000   471.87951      1353.1468      1825.0264      187.20143      302.83704      0.20383022   
    242000   487.63896      1328.6937      1816.3327      89.510695      297.36438      0.20313487   
    243000   476.98793      1332.9023      1809.8903      80.390247      298.30628      0.20062945   
    244000   484.40525      1323.9611      1808.3663      121.77454      296.3052       0.19654162   
    245000   497.36769      1285.3409      1782.7086      117.05657      287.66194      0.19186588   
    246000   482.00278      1318.7602      1800.763       152.93649      295.14124      0.19120397   
    247000   475.72425      1334.0064      1809.7306      234.78485      298.55337      0.19830226   
    248000   473.82598      1304.8014      1778.6274      220.35666      292.01723      0.20725764   
    249000   476.0801       1282.8608      1758.9409      190.51497      287.10687      0.20788918   
    250000   480.73276      1335.4461      1816.1789      177.82779      298.87558      0.20325236   
    251000   460.83509      1377.4617      1838.2968      166.33753      308.27875      0.20008404   
    252000   495.53488      1353.7962      1849.331       225.66781      302.98236      0.19874825   
    253000   479.37662      1355.5915      1834.9682      198.73288      303.38417      0.19552724   
    254000   509.93253      1366.8572      1876.7898      241.94019      305.90546      0.19504752   
    255000   497.57381      1348.9526      1846.5264      257.86573      301.89837      0.19707923   
    256000   513.80615      1358.1035      1871.9097      349.97765      303.94635      0.1991307    
    257000   490.08545      1405.8956      1895.981       297.91102      314.64231      0.1998425    
    258000   507.38316      1360.1171      1867.5003      228.98023      304.397        0.19945399   
    259000   513.5643       1326.3672      1839.9315      134.49262      296.84371      0.19538442   
    260000   501.80205      1329.7307      1831.5327      75.562887      297.59645      0.18897649   
    261000   497.27032      1347.7288      1844.9992      27.862968      301.62448      0.18530439   
    262000   517.79014      1360.3023      1878.0924      97.707267      304.43844      0.18405052   
    263000   519.00521      1345.3721      1864.3773      197.88798      301.09704      0.18403398   
    264000   506.22678      1397.3995      1903.6263      299.30476      312.74087      0.1894761    
    265000   463.68947      1368.89        1832.5795      311.2311       306.3604       0.19774295   
    266000   467.66301      1342.3748      1810.0378      249.4587       300.42624      0.20269213   
    267000   497.49606      1306.2704      1803.7665      171.23801      292.346        0.20205521   
    268000   481.3921       1301.4243      1782.8164      119.39347      291.26143      0.19705114   
    269000   468.58433      1295.5985      1764.1828      52.127247      289.9576       0.19199902   
    270000   477.23631      1311.1718      1788.4081      65.455392      293.44294      0.19091756   
    271000   511.31785      1328.4911      1839.809       122.80318      297.31904      0.19504687   
    272000   489.79158      1317.8208      1807.6124      236.9981       294.931        0.20280157   
    273000   493.28445      1312.0863      1805.3708      234.56015      293.64761      0.20614669   
    274000   491.83789      1273.3984      1765.2363      188.42454      284.98918      0.20499679   
    275000   490.20653      1299.7371      1789.9436      159.71446      290.88383      0.20033355   
    276000   511.32104      1314.0978      1825.4188      60.42504       294.09778      0.19757556   
    277000   490.94297      1339.8211      1830.7641      90.676721      299.85471      0.19742739   
    278000   504.21141      1353.63        1857.8414      167.90715      302.94517      0.19747781   
    279000   486.60226      1352.6241      1839.2263      280.65968      302.72004      0.19857567   
    280000   509.16592      1350.7424      1859.9083      371.23302      302.29891      0.19986603   
    281000   481.26993      1360.8542      1842.1241      424.7272       304.56196      0.20288889   
    282000   480.05096      1368.3442      1848.3951      268.46107      306.23823      0.20254727   
    283000   495.31554      1379.4968      1874.8123      182.14743      308.73421      0.20186987   
    284000   500.2664       1352.1638      1852.4302      83.819815      302.61703      0.20072071   
    285000   484.73741      1390.571       1875.3084      65.121535      311.21264      0.19936483   
    286000   494.95259      1381.346       1876.2986      82.193102      309.14807      0.19805549   
    287000   530.74727      1347.3956      1878.1429      88.016724      301.5499       0.19970904   
    288000   485.44617      1345.3556      1830.8018      123.80399      301.09335      0.20751953   
    289000   459.32393      1359.1039      1818.4278      160.45191      304.17023      0.21443663   
    290000   487.80603      1350.1811      1837.9872      226.13879      302.17331      0.21549045   
    291000   477.3782       1338.9675      1816.3457      308.83551      299.66367      0.20777508   
    292000   468.97852      1322.1805      1791.159       329.11277      295.9067       0.19936111   
    293000   501.36413      1335.1952      1836.5593      341.91341      298.81942      0.19476535   
    294000   486.45775      1351.241       1837.6987      298.4609       302.4105       0.19075019   
    295000   510.18591      1331.9211      1842.107       243.35112      298.08668      0.18756605   
    296000   528.44742      1333.3563      1861.8037      140.41862      298.40787      0.18632717   
    297000   521.39104      1337.7335      1859.1246      50.860215      299.38751      0.18708299   
    298000   478.22326      1374.7621      1852.9854      23.389471      307.67459      0.19033167   
    299000   505.48707      1343.351       1848.8381      54.463697      300.64472      0.19656803   
    300000   474.89711      1390.7322      1865.6294      108.20575      311.24873      0.20333351   
    301000   503.99999      1354.3969      1858.3969      219.91705      303.1168       0.21018237   
    302000   496.48354      1351.0379      1847.5215      323.31612      302.36506      0.21015655   
    303000   514.05844      1344.571       1858.6294      285.04467      300.91774      0.20116946   
    304000   516.91703      1357.1323      1874.0493      246.92386      303.72899      0.19491732   
    305000   514.78822      1374.2818      1889.0701      203.58986      307.5671       0.19285953   
    306000   515.9485       1372.2842      1888.2327      119.60044      307.12002      0.19270367   
    307000   485.08701      1362.7448      1847.8318      136.09722      304.98508      0.19659692   
    308000   498.81573      1363.2651      1862.0808      159.42423      305.10152      0.20105945   
    309000   489.2334       1360.3841      1849.6175      203.22255      304.45676      0.20665198   
    310000   492.49603      1384.4238      1876.9199      167.53364      309.83689      0.20930271   
    311000   485.8984       1367.0337      1852.9321      169.5125       305.94495      0.20781145   
    312000   483.39815      1363.3685      1846.7667      177.36028      305.12467      0.20518529   
    313000   473.54442      1367.9941      1841.5385      189.07829      306.15988      0.20583088   
    314000   483.01013      1376.8351      1859.8453      173.45791      308.13853      0.20704288   
    315000   516.71746      1380.2498      1896.9673      161.57248      308.90274      0.20806338   
    316000   466.79366      1346.159       1812.9527      224.84187      301.27315      0.20984802   
    317000   480.70299      1377.3306      1858.0336      254.16547      308.24941      0.2105232    
    318000   488.45085      1352.7748      1841.2256      286.99181      302.75377      0.20983256   
    319000   485.26114      1379.6339      1864.8951      276.46559      308.7649       0.2096674    
    320000   488.21735      1314.5186      1802.736       337.18044      294.19197      0.21164792   
    321000   477.79425      1321.776       1799.5703      272.47506      295.81619      0.21323742   
    322000   503.65695      1318.3405      1821.9974      316.46152      295.0473       0.21503661   
    323000   488.01712      1301.9627      1789.9799      239.38784      291.38194      0.20933105   
    324000   489.73858      1343.5788      1833.3174      136.45368      300.6957       0.20114662   
    325000   505.81529      1346.0663      1851.8816      79.870794      301.2524       0.19719951   
    326000   504.3163       1408.9889      1913.3052      34.776596      315.33462      0.19563114   
    327000   472.96527      1370.8788      1843.8441      92.725464      306.80549      0.19647262   
    328000   511.7586       1355.2389      1866.9975      139.50119      303.30526      0.19945198   
    329000   527.64929      1325.1148      1852.7641      235.40601      296.56341      0.2034665    
    330000   504.14332      1367.3502      1871.4935      324.95218      306.01579      0.21052411   
    331000   461.65383      1361.5074      1823.1612      287.05134      304.70814      0.21674345   
    332000   463.00829      1371.7072      1834.7155      274.92844      306.99089      0.22003312   
    333000   490.75904      1371.5971      1862.3562      179.46158      306.96625      0.21745822   
    334000   509.35434      1342.494       1851.8483      113.85215      300.4529       0.20443905   
    335000   492.00403      1363.3188      1855.3228      136.95387      305.11354      0.19651869   
    336000   482.03248      1326.5895      1808.622       261.78084      296.89346      0.19609341   
    337000   485.39687      1340.3679      1825.7647      313.68526      299.97708      0.19999293   
    338000   470.90756      1314.6346      1785.5421      349.39766      294.21792      0.20481139   
    339000   511.85265      1318.0522      1829.9048      283.00499      294.98279      0.20776757   
    340000   500.41515      1322.2491      1822.6642      144.59692      295.92206      0.20672837   
    341000   478.31689      1351.4018      1829.7187      21.204534      302.4465       0.202686     
    342000   512.14518      1337.287       1849.4321     -82.058767      299.28757      0.19449435   
    343000   511.78189      1333.5069      1845.2888     -14.475396      298.44159      0.18925331   
    344000   517.01684      1345.885       1862.9018      42.938561      301.21182      0.19226497   
    345000   475.10138      1336.5271      1811.6285      137.7751       299.11752      0.2015947    
    346000   501.36845      1331.1225      1832.4909      230.84871      297.90794      0.20447433   
    347000   500.05286      1352.7383      1852.7911      248.4846       302.7456       0.20084951   
    348000   492.44199      1351.4074      1843.8494      242.94179      302.44776      0.19760718   
    349000   491.62985      1342.4782      1834.1081      291.73064      300.44938      0.19721951   
    350000   506.83352      1286.7111      1793.5447      207.6913       287.96859      0.19573538   
    351000   496.11981      1374.6642      1870.784       163.51558      307.65268      0.19678862   
    352000   484.40426      1337.1488      1821.5531      122.95625      299.25665      0.20146188   
    353000   456.89384      1318.6348      1775.5287      31.707782      295.11318      0.20620593   
    354000   498.40988      1291.547       1789.9569      76.181669      289.05088      0.20901642   
    355000   484.7564       1309.2556      1794.012       149.2545       293.0141       0.20477573   
    356000   498.14896      1342.4138      1840.5628      248.79707      300.43497      0.19715857   
    357000   510.14292      1332.3189      1842.4618      279.61106      298.1757       0.19171528   
    358000   531.77952      1379.95        1911.7295      229.06932      308.83564      0.18858737   
    359000   504.31218      1382.5928      1886.905       217.39986      309.42712      0.18911227   
    360000   504.72454      1381.5317      1886.2563      130.22938      309.18964      0.19001016   
    361000   506.51358      1354.8449      1861.3585      124.15281      303.21707      0.19688552   
    362000   480.88234      1365.4969      1846.3793      159.23187      305.60102      0.2057158    
    363000   481.02291      1391.5663      1872.5893      177.85211      311.4354       0.20834205   
    364000   481.96916      1384.8049      1866.7741      141.87731      309.92218      0.20871059   
    365000   523.67814      1341.5565      1865.2346      189.97427      300.24309      0.20840891   
    366000   514.2079       1371.0887      1885.2966      161.56955      306.85246      0.20378955   
    367000   521.20994      1384.8531      1906.063       137.57751      309.93297      0.19784038   
    368000   511.47096      1352.2322      1863.7032      96.377661      302.63235      0.19383419   
    369000   513.5564       1401.7351      1915.2915      121.38082      313.71118      0.19545873   
    370000   500.73397      1386.4803      1887.2143      211.58044      310.29714      0.19926974   
    371000   506.89093      1350.0665      1856.9574      221.61974      302.14765      0.20214943   
    372000   503.35547      1344.8424      1848.1979      241.82764      300.97849      0.20337748   
    373000   471.2832       1347.6291      1818.9123      196.90687      301.60216      0.20218628   
    374000   499.84321      1329.3907      1829.2339      127.13382      297.52036      0.19872767   
    375000   494.12551      1332.5739      1826.6994      112.25732      298.23276      0.1939873    
    376000   476.08691      1308.5895      1784.6764      122.53331      292.86502      0.19075067   
    377000   509.14873      1327.8957      1837.0445      170.86065      297.18579      0.19087266   
    378000   514.426        1323.291       1837.717       173.70494      296.15524      0.19511491   
    379000   493.06759      1333.4498      1826.5174      216.91809      298.4288       0.20344168   
    380000   490.16055      1298.6673      1788.8278      92.368465      290.64441      0.21014493   
    381000   490.11624      1326.5313      1816.6476      60.378265      296.88043      0.21203086   
    382000   497.76797      1310.0661      1807.8341      74.793214      293.19548      0.20373938   
    383000   496.5017       1311.8659      1808.3676      96.207317      293.59828      0.19277613   
    384000   482.17949      1336.9206      1819.1001      134.972        299.20557      0.19091822   
    385000   485.70627      1343.8581      1829.5644      156.11007      300.75821      0.19533389   
    386000   483.80545      1321.6756      1805.4811      175.05566      295.79372      0.2012003    
    387000   480.64943      1299.5405      1780.19        186.56671      290.83984      0.20680086   
    388000   481.83915      1330.713       1812.5522      195.57122      297.81631      0.21077145   
    389000   491.12602      1353.9713      1845.0973      173.45537      303.02155      0.20777517   
    390000   493.70445      1357.4769      1851.1813      164.79666      303.80612      0.20562191   
    391000   479.83654      1358.4161      1838.2526      228.00934      304.01631      0.20765704   
    392000   506.45356      1382.3432      1888.7968      245.30954      309.37125      0.20793475   
    393000   473.79644      1358.0564      1831.8528      275.75643      303.93581      0.20146104   
    394000   491.65611      1331.48        1823.1361      307.81127      297.98795      0.19140029   
    395000   511.01239      1330.5782      1841.5906      242.00353      297.78613      0.18595889   
    396000   493.46613      1309.3658      1802.8319      111.81481      293.03874      0.18786324   
    397000   474.16892      1352.7319      1826.9008      70.905149      302.74418      0.19580753   
    398000   506.30208      1298.1346      1804.4366      90.738076      290.52518      0.19931544   
    399000   500.35876      1333.4222      1833.7809      140.65835      298.42262      0.19915601   
    400000   510.60735      1300.4339      1811.0412      221.14774      291.03977      0.19913799   
Loop time of 1987.08 on 8 procs for 400000 steps with 1500 atoms

Performance: 8.696 ns/day, 2.760 hours/ns, 201.300 timesteps/s, 301.950 katom-step/s
99.3% CPU use with 8 MPI tasks x 1 OpenMP threads

MPI task timing breakdown:
Section |  min time  |  avg time  |  max time  |%varavg| %total
---------------------------------------------------------------
Pair    | 87.125     | 91.018     | 94.084     |  23.4 |  4.58
Bond    | 4.3562     | 4.5127     | 4.7253     |   5.6 |  0.23
Kspace  | 905.46     | 908.94     | 912.76     |   8.8 | 45.74
Neigh   | 1.5234     | 1.5495     | 1.5957     |   2.1 |  0.08
Comm    | 40.266     | 43.851     | 45.466     |  26.1 |  2.21
Output  | 0.021877   | 0.075704   | 0.45221    |  51.7 |  0.00
Modify  | 856.81     | 899.34     | 927.81     |  82.5 | 45.26
Other   |            | 37.8       |            |       |  1.90

Nlocal:          187.5 ave         229 max         164 min
Histogram: 1 2 1 1 1 1 0 0 0 1
Nghost:        1859.38 ave        1931 max        1763 min
Histogram: 1 0 0 2 0 1 1 0 2 1
Neighs:        17058.4 ave       22318 max       13589 min
Histogram: 1 1 1 1 2 1 0 0 0 1

Total # of neighbors = 136467
Ave neighs/atom = 90.978
Ave special neighs/atom = 2
Neighbor list builds = 2459
Dangerous builds = 0

unfix       runnpt
reset_timestep 0

#-------------------------------------------------- PRODUCTION ----------------------------------------------------------#

fix	            npt_production all npt temp ${simulationTemp} ${simulationTemp} 100.0 iso ${pressure} ${pressure} 1000.0
fix	            npt_production all npt temp 300 ${simulationTemp} 100.0 iso ${pressure} ${pressure} 1000.0
fix	            npt_production all npt temp 300 300 100.0 iso ${pressure} ${pressure} 1000.0
fix	            npt_production all npt temp 300 300 100.0 iso 177.66 ${pressure} 1000.0
fix	            npt_production all npt temp 300 300 100.0 iso 177.66 177.66 1000.0
fix             DensAve all ave/time 1 ${NBR} ${NBR} v_Density file density.dat
fix             DensAve all ave/time 1 20000 ${NBR} v_Density file density.dat
fix             DensAve all ave/time 1 20000 20000 v_Density file density.dat
fix             VoluAve all ave/time 1 ${npt_run} ${npt_run} v_Volume file volume.dat
fix             VoluAve all ave/time 1 2000000 ${npt_run} v_Volume file volume.dat
fix             VoluAve all ave/time 1 2000000 2000000 v_Volume file volume.dat
fix             Densfinal all ave/time 1 ${npt_run} ${npt_run} v_Density file density_final.dat
fix             Densfinal all ave/time 1 2000000 ${npt_run} v_Density file density_final.dat
fix             Densfinal all ave/time 1 2000000 2000000 v_Density file density_final.dat

restart         ${restartfreq} restart_${NAME}.1 restart_${NAME}.2
restart         1000000 restart_${NAME}.1 restart_${NAME}.2
restart         1000000 restart_N2.1 restart_${NAME}.2
restart         1000000 restart_N2.1 restart_N2.2

run             ${npt_run}
run             2000000
PPPM initialization ...
  using 12-bit tables for long-range coulomb (src/kspace.cpp:342)
  G vector (1/distance) = 0.27215796
  grid = 48 48 48
  stencil order = 5
  estimated absolute RMS force accuracy = 0.00033357535
  estimated relative force accuracy = 1.0045522e-06
  using single precision FFTW3
  3d grid and FFT values/proc = 29791 13824
Generated 1 of 1 mixed pair_coeff terms from arithmetic mixing rule
Last active /omp style is kspace_style pppm/omp
Per MPI rank memory allocation (min/avg/max) = 8.496 | 8.532 | 8.763 Mbytes
   Step         PotEng         KinEng         TotEng         Press           Temp        v_Density   
         0   510.60735      1300.4339      1811.0412      221.14774      291.03977      0.19913799   
      1000   470.03302      1322.0666      1792.0996      333.31385      295.88122      0.20186396   
      2000   490.63878      1323.0267      1813.6655      319.78717      296.09609      0.20559333   
      3000   506.87347      1350.6043      1857.4778      171.89587      302.26801      0.2088192    
      4000   491.61224      1363.9268      1855.539       100.29044      305.24962      0.21604833   
      5000   478.79592      1353.9473      1832.7432      108.69382      303.01618      0.2199276    
      6000   465.95702      1364.9979      1830.9549      130.72012      305.48933      0.21387823   
      7000   490.16159      1360.2596      1850.4212      227.45383      304.42889      0.20544038   
      8000   486.67144      1352.836       1839.5074      286.33092      302.76747      0.19836021   
      9000   521.13004      1340.3111      1861.4412      303.58706      299.96438      0.1958167    
     10000   503.92534      1363.5358      1867.4612      256.91616      305.16212      0.19583003   
     11000   513.99367      1330.7548      1844.7485      134.5903       297.82565      0.19810894   
     12000   485.78359      1379.2051      1864.9887     -1.822582       308.66893      0.20354818   
     13000   481.06         1358.8595      1839.9195     -91.473113      304.11554      0.20951473   
     14000   494.83343      1338.1717      1833.0051     -23.48949       299.48557      0.21353118   
     15000   491.03813      1344.3167      1835.3548      44.798731      300.86083      0.21251694   
     16000   465.50468      1339.8465      1805.3512      173.07706      299.8604       0.20984437   
     17000   500.66632      1331.3134      1831.9797      265.12548      297.95067      0.20734177   
     18000   462.52615      1333.5687      1796.0948      306.11906      298.45541      0.20308782   
     19000   475.32547      1286.7615      1762.0869      299.33896      287.97985      0.19960411   
     20000   482.61784      1302.8361      1785.454       293.26308      291.5774       0.1991937    
     21000   472.14963      1339.7964      1811.946       166.45193      299.84917      0.20048107   
     22000   472.26189      1330.44        1802.7019      128.59266      297.7552       0.20362084   
     23000   473.92629      1314.5475      1788.4738      86.670659      294.19842      0.20071726   
     24000   495.86163      1281.1746      1777.0362      145.52285      286.72951      0.19486675   
     25000   509.85928      1314.9511      1824.8104      256.14479      294.28876      0.19104674   
     26000   510.46965      1324.2662      1834.7358      275.36303      296.37349      0.1887496    
     27000   502.81723      1310.8283      1813.6456      197.30979      293.36607      0.18870024   
     28000   514.03564      1325.7637      1839.7993      82.514719      296.70863      0.19755948   
     29000   463.98223      1350.5775      1814.5597      115.34646      302.26202      0.206392     
     30000   491.29436      1340.8983      1832.1927      101.72109      300.0958       0.20904661   
     31000   505.92127      1350.1903      1856.1116      135.48056      302.17536      0.21030022   
     32000   483.81069      1374.5011      1858.3118      234.9874       307.61617      0.21217188   
     33000   510.42989      1406.8388      1917.2686      285.24434      314.8534       0.2118634    
     34000   485.42965      1382.7463      1868.176       268.12385      309.46146      0.2056618    
     35000   495.71123      1351.3279      1847.0392      211.37529      302.42996      0.20058449   
     36000   506.28258      1355.244       1861.5266      189.10925      303.30639      0.2011739    
     37000   522.30842      1354.0136      1876.3221      153.10354      303.03103      0.20092778   
     38000   508.35855      1320.5624      1828.921       62.85474       295.54458      0.19792402   
     39000   474.92759      1340.436       1815.3636      68.293521      299.99233      0.19869039   
     40000   493.40779      1325.487       1818.8948      50.830273      296.64671      0.20194615   
     41000   478.39226      1307.1022      1785.4944      141.99519      292.53215      0.20588715   
     42000   460.7375       1332.8835      1793.621       213.76779      298.30207      0.20705345   
     43000   502.59961      1335.6023      1838.2019      275.94169      298.91054      0.20562824   
     44000   472.0784       1357.9139      1829.9923      280.05305      303.90392      0.20407165   
     45000   513.21423      1351.4242      1864.6384      218.11634      302.45151      0.20174967   
     46000   547.33338      1361.8861      1909.2195      148.08238      304.7929       0.1975943    
     47000   525.59449      1333.9963      1859.5908      115.33725      298.5511       0.19655789   
     48000   489.19038      1346.896       1836.0864      149.81566      301.43809      0.20244635   
     49000   466.10687      1370.4319      1836.5388      177.19856      306.70547      0.21101211   
     50000   468.96916      1365.9469      1834.916       249.14297      305.70172      0.21538889   
     51000   472.53439      1355.9588      1828.4932      278.82         303.46637      0.21329937   
     52000   480.97005      1350.8873      1831.8574      229.53836      302.33136      0.20624985   
     53000   488.79866      1353.1402      1841.9388      249.36326      302.83554      0.19955495   
     54000   525.12271      1369.6211      1894.7438      167.62711      306.524        0.19680263   
     55000   513.96354      1341.6083      1855.5718      149.25693      300.25469      0.19528848   
     56000   528.16103      1340.7489      1868.91        119.39831      300.06236      0.19725446   
     57000   510.84647      1360.5196      1871.366       159.44646      304.48707      0.20370413   
     58000   466.28882      1375.3892      1841.678       150.94461      307.81492      0.20329601   
     59000   503.08903      1368.6052      1871.6943      191.28146      306.29666      0.19862783   
     60000   516.60346      1354.9281      1871.5315      222.25732      303.23568      0.19148003   
     61000   536.87725      1354.7661      1891.6434      290.47948      303.19944      0.18956227   
     62000   531.21012      1374.1101      1905.3203      283.21959      307.52867      0.1917691    
     63000   529.36695      1329.3744      1858.7414      256.56875      297.51673      0.19476986   
     64000   520.74299      1335.7381      1856.4811      203.00617      298.94094      0.19606909   
     65000   505.00564      1348.9344      1853.94        207.56507      301.89428      0.19860378   
     66000   520.06251      1380.8541      1900.9166      162.05787      309.03799      0.20006814   
     67000   532.57646      1331.5227      1864.0992      147.82483      297.99752      0.19939184   
     68000   484.75649      1343.958       1828.7145      151.35221      300.78056      0.19625671   
     69000   507.76793      1347.6614      1855.4294      185.95358      301.6094       0.19196773   
     70000   522.47525      1365.5495      1888.0248      119.25853      305.61278      0.1930853    
     71000   490.27286      1347.0932      1837.3661      107.13497      301.48223      0.20030192   
     72000   480.68516      1298.4926      1779.1778      118.11956      290.60532      0.20682605   
     73000   497.38255      1323.1584      1820.5409      159.71316      296.12556      0.20686601   
     74000   472.65688      1379.1979      1851.8548      170.09578      308.66733      0.20194673   
     75000   511.78686      1334.3702      1846.1571      150.30214      298.63479      0.19834444   
     76000   498.86489      1332.6712      1831.5361      95.993798      298.25454      0.19701773   
     77000   467.58214      1347.0995      1814.6817      84.055202      301.48364      0.19764823   
     78000   471.77619      1314.7807      1786.5569      36.292446      294.25061      0.19936967   
     79000   517.84577      1320.66        1838.5057      33.514304      295.56641      0.20134685   
     80000   539.83582      1322.1315      1861.9673      140.90939      295.89574      0.20463699   
     81000   500.34803      1337.0858      1837.4338      220.27708      299.24254      0.20481637   
     82000   479.67212      1346.7431      1826.4152      280.50497      301.40387      0.20252273   
     83000   512.61561      1321.899       1834.5146      280.52431      295.84371      0.19780206   
     84000   503.3437       1337.4467      1840.7904      211.43278      299.32332      0.19555077   
     85000   496.27668      1331.8828      1828.1595      126.40483      298.0781       0.19895962   
     86000   477.51914      1349.2815      1826.8007      154.26667      301.97197      0.20435776   
     87000   492.25131      1323.7121      1815.9634      161.56729      296.24948      0.20460279   
     88000   478.04415      1307.6288      1785.673       151.253        292.65002      0.20258804   
     89000   502.94929      1327.9439      1830.8932      210.64945      297.19657      0.20427936   
     90000   511.36525      1327.6894      1839.0547      200.36377      297.13962      0.20753519   
     91000   491.14893      1337.3916      1828.5405      139.96492      299.31098      0.21054151   
     92000   495.14647      1301.703       1796.8494      176.23525      291.32379      0.21394598   
     93000   487.59879      1311.27        1798.8688      187.65287      293.46491      0.21470445   
     94000   487.12576      1323.1989      1810.3247      175.5055       296.13463      0.20957106   
     95000   519.18994      1370.7985      1889.9884      133.36034      306.78751      0.20184628   
     96000   523.83135      1349.1925      1873.0239      199.04693      301.95205      0.19848493   
     97000   517.47529      1352.3734      1869.8487      209.74379      302.66395      0.19471111   
     98000   491.48421      1364.6162      1856.1004      229.65901      305.4039       0.19363738   
     99000   497.20913      1338.9507      1836.1598      150.59826      299.65992      0.19401589   
    100000   480.78258      1354.2905      1835.0731      101.21804      303.09299      0.19945717   
    101000   497.57493      1329.3071      1826.882       111.16496      297.50166      0.20742923   
    102000   490.20769      1361.7658      1851.9735      55.503878      304.76598      0.21327772   
    103000   489.39231      1377.0185      1866.4108     -25.082829      308.17957      0.21125096   
    104000   455.40119      1380.7003      1836.1015      10.981621      309.00357      0.20558974   
    105000   511.19668      1343.1493      1854.346       95.84755       300.59957      0.19376521   
    106000   514.12788      1309.3754      1823.5033      183.01633      293.04091      0.19076149   
    107000   530.41192      1311.323       1841.7349      262.18109      293.47678      0.19440421   
    108000   489.01123      1293.4009      1782.4122      311.52795      289.46579      0.19953706   
    109000   493.41061      1320.4666      1813.8772      267.9114       295.52314      0.20295724   
    110000   503.92934      1291.9431      1795.8725      124.8625       289.13952      0.2050655    
    111000   462.63591      1345.5159      1808.1518     -0.1759654      301.12922      0.20493394   
    112000   464.19212      1299.9077      1764.0998     -62.194759      290.92201      0.20466075   
    113000   481.36251      1300.5742      1781.9367     -7.3220871      291.07118      0.20557994   
    114000   479.51162      1329.3319      1808.8435      142.09726      297.50721      0.21134292   
    115000   478.83661      1335.9587      1814.7953      259.08469      298.99029      0.22014938   
    116000   475.03141      1342.0656      1817.097       330.35142      300.35704      0.22289324   
    117000   475.52879      1354.1269      1829.6557      352.99941      303.05637      0.22043556   
    118000   500.30051      1379.2791      1879.5796      293.40759      308.6855       0.2130774    
    119000   513.07889      1358.6166      1871.6954      226.06719      304.06117      0.20448623   
    120000   490.85384      1394.4719      1885.3257      117.41986      312.08567      0.20208936   
    121000   471.22314      1369.5456      1840.7687      75.526371      306.50711      0.20499074   
    122000   488.42643      1333.8819      1822.3083      49.13121       298.52551      0.21023937   
    123000   479.61167      1330.0904      1809.702       59.657596      297.67695      0.21309173   
    124000   492.03479      1299.3779      1791.4127      73.461191      290.80345      0.21399217   
    125000   483.44366      1334.8537      1818.2974      139.67591      298.743        0.21204959   
    126000   465.62854      1367.8343      1833.4628      128.17273      306.12413      0.20638981   
    127000   480.97674      1367.6914      1848.6681      136.53517      306.09214      0.20049353   
    128000   520.7087       1363.6829      1884.3916      158.48716      305.19503      0.1962042    
    129000   528.5909       1363.709       1892.2999      163.11728      305.20088      0.1971027    
    130000   524.29338      1398.672       1922.9653      226.93415      313.02566      0.20804094   
    131000   467.60447      1347.0104      1814.6149      218.04266      301.4637       0.21566679   
    132000   476.07434      1319.3124      1795.3867      169.02664      295.26482      0.21600568   
    133000   504.15414      1360.6775      1864.8317      212.72305      304.52242      0.21442502   
    134000   507.02018      1354.9887      1862.0089      165.53855      303.24925      0.20979887   
    135000   496.59489      1352.0537      1848.6486      145.24337      302.59239      0.21018447   
    136000   490.95992      1374.9382      1865.8981      173.14446      307.71399      0.2145466    
    137000   468.38602      1354.6447      1823.0307      186.33352      303.17226      0.22068136   
    138000   487.66114      1364.0567      1851.7179      184.94399      305.2787       0.22461908   
    139000   470.50773      1351.2159      1821.7236      146.36537      302.40489      0.22355167   
    140000   467.6259       1319.6748      1787.3007      136.56645      295.34593      0.21937468   
    141000   470.38729      1334.549       1804.9363      134.58465      298.67481      0.21378146   
    142000   501.34854      1304.3731      1805.7216      190.13171      291.92137      0.21099299   
    143000   485.89342      1339.37        1825.2634      190.53961      299.75374      0.20996436   
    144000   503.0358       1341.9645      1845.0003      82.064902      300.3344       0.20789502   
    145000   498.5173       1317.619       1816.1363      107.05859      294.88583      0.20340225   
    146000   477.37862      1337.1311      1814.5097      116.03962      299.25269      0.19796093   
    147000   493.0441       1299.4705      1792.5146      129.43221      290.82417      0.19842024   
    148000   483.17626      1341.796       1824.9722      184.79542      300.29669      0.20440477   
    149000   495.48302      1346.0622      1841.5452      197.85242      301.25149      0.20985013   
    150000   465.12951      1368.1172      1833.2467      252.03597      306.18743      0.21444303   
    151000   498.42393      1351.4453      1849.8692      286.13424      302.45623      0.21797369   
    152000   480.26714      1357.7039      1837.971       293.79966      303.85691      0.21863506   
    153000   488.52439      1380.0576      1868.582       212.92028      308.85972      0.21233284   
    154000   512.3478       1339.9069      1852.2547      127.93033      299.87392      0.20214217   
    155000   507.4882       1318.0542      1825.5424      120.22694      294.98324      0.19603309   
    156000   526.54613      1286.9129      1813.459       86.507264      288.01374      0.19327966   
    157000   477.03117      1317.1355      1794.1666      135.14991      294.77762      0.19310135   
    158000   476.81889      1357.2627      1834.0815      118.58108      303.75817      0.19307779   
    159000   480.57825      1318.9163      1799.4946      148.51234      295.17618      0.1931896    
    160000   493.41128      1345.3578      1838.769       147.55002      301.09383      0.19485843   
    161000   499.37831      1325.0565      1824.4349      167.23917      296.55037      0.19861686   
    162000   501.35408      1306.5759      1807.93        178.43352      292.41437      0.20380329   
    163000   480.34875      1318.8341      1799.1828      215.6721       295.15777      0.20550387   
    164000   471.52062      1323.9852      1795.5058      202.59057      296.31059      0.2058084    
    165000   507.44957      1342.2073      1849.6569      183.43413      300.38875      0.21115161   
    166000   507.05392      1319.253       1826.3069      190.643        295.25153      0.22019382   
    167000   472.54383      1359.6255      1832.1693      113.35286      304.28698      0.2207248    
    168000   499.47168      1325.3284      1824.8001      77.730546      296.61122      0.21527835   
    169000   488.18229      1317.3464      1805.5287      90.703595      294.82482      0.21023579   
    170000   497.99393      1280.2068      1778.2007      64.939375      286.51291      0.20897055   
    171000   502.88079      1313.15        1816.0308      100.30694      293.88567      0.20956908   
    172000   517.29153      1314.6073      1831.8988      137.94909      294.21181      0.21107967   
    173000   493.42406      1341.2558      1834.6799      144.8309       300.17581      0.21161679   
    174000   481.68064      1328.706       1810.3866      144.39429      297.36713      0.21019213   
    175000   506.22977      1298.0747      1804.3045      157.65179      290.51179      0.20993172   
    176000   484.37885      1313.2138      1797.5927      187.94819      293.89995      0.21226233   
    177000   460.87358      1354.5884      1815.462       182.42938      303.15966      0.22072451   
    178000   475.16258      1325.7368      1800.8994      142.96545      296.70262      0.22774957   
    179000   469.8346       1309.0788      1778.9134      149.50083      292.97453      0.22429661   
    180000   489.7228       1342.2637      1831.9865      106.24894      300.40136      0.21370554   
    181000   497.41624      1297.3123      1794.7285      182.76197      290.34116      0.20709594   
    182000   476.63376      1332.8352      1809.4689      141.05867      298.29124      0.2032713    
    183000   479.52011      1333.7515      1813.2716      250.29484      298.49631      0.20537934   
    184000   490.9696       1298.1383      1789.1079      257.15788      290.52602      0.20917112   
    185000   483.49165      1339.2252      1822.7169      278.65916      299.72136      0.21173107   
    186000   493.04844      1328.7633      1821.8118      257.10217      297.37996      0.21058119   
    187000   475.17495      1315.1862      1790.3611      246.84569      294.34137      0.20620178   
    188000   512.15321      1330.1428      1842.296       235.30296      297.68868      0.19710146   
    189000   508.93439      1335.7667      1844.7011      219.60789      298.94734      0.18964661   
    190000   482.45228      1328.6801      1811.1324      205.21481      297.36133      0.18922795   
    191000   535.87364      1304.8476      1840.7212      222.53121      292.02757      0.19331334   
    192000   533.91106      1371.2402      1905.1512      136.85605      306.88636      0.19551883   
    193000   495.20785      1385.5319      1880.7398      174.41345      310.08488      0.19934629   
    194000   508.65236      1363.1854      1871.8378      185.09584      305.08369      0.20327805   
    195000   516.05234      1336.192       1852.2443      110.67568      299.04251      0.20636352   
    196000   494.16778      1367.8614      1862.0292      96.976869      306.13019      0.20897733   
    197000   511.74415      1376.5653      1888.3095      97.371752      308.07814      0.2094516    
    198000   504.73684      1349.9208      1854.6576      181.76328      302.11505      0.20825361   
    199000   476.88315      1378.0177      1854.9008      223.17292      308.40318      0.20429082   
    200000   498.37966      1367.1143      1865.4939      243.76783      305.96298      0.19496569   
    201000   539.01648      1324.3667      1863.3832      154.7753       296.39598      0.18421515   
    202000   519.92499      1343.847       1863.772       146.86002      300.75572      0.18373349   
    203000   533.31424      1336.3673      1869.6816      112.21757      299.08175      0.18980891   
    204000   502.6344       1300.6976      1803.332       99.915718      291.09879      0.19582052   
    205000   462.75571      1324.5326      1787.2883      122.35619      296.43311      0.1990543    
    206000   464.89484      1304.9835      1769.8783      148.66698      292.05797      0.19886525   
    207000   515.26387      1319.6805      1834.9444      240.40211      295.34721      0.1959521    
    208000   501.40664      1321.7645      1823.1711      211.89731      295.8136       0.19119712   
    209000   512.55292      1352.7517      1865.3046      285.91603      302.7486       0.19219755   
    210000   512.31305      1340.0144      1852.3274      219.45948      299.89796      0.19620968   
    211000   522.17565      1310.9611      1833.1368      206.81822      293.39579      0.20197309   
    212000   499.8637       1350.9801      1850.8438      153.51885      302.35212      0.20524846   
    213000   503.90339      1388.8209      1892.7243      132.7615       310.82097      0.20570713   
    214000   508.60315      1352.0401      1860.6432      179.36986      302.58934      0.20785786   
    215000   517.13261      1323.4604      1840.593       168.27653      296.19314      0.21108224   
    216000   500.41006      1330.7169      1831.1269      175.91266      297.81717      0.21030771   
    217000   524.4597       1351.6549      1876.1146      159.9433       302.50313      0.20492482   
    218000   509.16866      1364.9994      1874.1681      100.46153      305.48967      0.19584487   
    219000   547.15536      1368.2602      1915.4156      50.272137      306.21944      0.19417241   
    220000   529.98699      1328.0873      1858.0743     -21.265608      297.22866      0.19516633   
    221000   528.72435      1337.5323      1866.2566      75.584681      299.34246      0.2013955    
    222000   470.12134      1380.2183      1850.3397      248.27406      308.8957       0.20553436   
    223000   480.90103      1352.128       1833.029       333.7881       302.60901      0.20286107   
    224000   490.93139      1323.5864      1814.5178      306.31036      296.22136      0.20031248   
    225000   498.7585       1277.6857      1776.4442      269.08479      285.94869      0.20101151   
    226000   505.0993       1303.2054      1808.3047      226.06071      291.66005      0.20020763   
    227000   469.21694      1337.5164      1806.7333      187.9837       299.33891      0.20005187   
    228000   490.12         1329.0338      1819.1538      136.39124      297.44049      0.20127425   
    229000   483.32568      1331.815       1815.1407      81.616528      298.06293      0.20416974   
    230000   480.25295      1294.7005      1774.9534      89.731137      289.75662      0.20982872   
    231000   475.90374      1342.1846      1818.0884      93.919292      300.38367      0.21492044   
    232000   489.27932      1319.7832      1809.0625      117.12137      295.3702       0.21812798   
    233000   494.39516      1268.7915      1763.1866      34.072134      283.95813      0.21297419   
    234000   508.15672      1282.383       1790.5397      111.07208      286.99994      0.20446093   
    235000   463.82922      1317.5392      1781.3684      190.26777      294.86798      0.19771589   
    236000   497.35267      1329.2177      1826.5703      239.1863       297.48165      0.19694076   
    237000   480.48964      1335.3518      1815.8414      286.36671      298.85447      0.19944732   
    238000   478.93959      1334.5748      1813.5144      328.63625      298.68059      0.20635929   
    239000   476.61622      1324.3287      1800.9449      328.59191      296.38749      0.21378183   
    240000   494.50735      1330.3329      1824.8402      307.79361      297.73123      0.2178443    
    241000   482.3619       1327.6359      1809.9978      256.46245      297.12764      0.21679699   
    242000   478.12976      1336.8789      1815.0086      188.15         299.19624      0.21141618   
    243000   519.44468      1350.8655      1870.3102      84.366829      302.32648      0.20243582   
    244000   511.96766      1341.5397      1853.5074      152.78948      300.23934      0.19858672   
    245000   531.3737       1343.0893      1874.463       214.16557      300.58615      0.19799216   
    246000   513.85365      1354.7739      1868.6276      193.23824      303.20119      0.19846192   
    247000   491.93844      1331.7471      1823.6855      184.3671       298.04773      0.20104993   
    248000   514.50616      1292.3061      1806.8123      130.76759      289.22076      0.20362988   
    249000   513.06126      1280.591       1793.6522      104.61653      286.59889      0.20695865   
    250000   496.18573      1304.9945      1801.1802      63.719185      292.06044      0.20989086   
    251000   494.65215      1324.9651      1819.6173     -19.259717      296.52992      0.21091281   
    252000   480.89306      1308.1023      1788.9954      14.454249      292.75598      0.20733611   
    253000   477.35634      1279.3427      1756.699       64.853929      286.31951      0.20257162   
    254000   494.38507      1288.5083      1782.8934      166.84298      288.3708       0.20245917   
    255000   506.95187      1309.8314      1816.7833      233.73052      293.14296      0.20560319   
    256000   491.92422      1323.5308      1815.455       286.06102      296.20891      0.21317001   
    257000   474.23861      1333.3226      1807.5612      263.27304      298.40033      0.21866036   
    258000   467.47063      1323.6762      1791.1468      242.82415      296.24145      0.21674398   
    259000   503.70703      1270.1462      1773.8533      246.57582      284.26134      0.21474599   
    260000   505.00715      1287.6461      1792.6532      222.49646      288.17784      0.20930048   
    261000   505.24522      1350.0424      1855.2876      218.40356      302.14226      0.20499573   
    262000   497.21026      1373.4545      1870.6648      231.46079      307.38195      0.20311613   
    263000   499.89917      1345.9487      1845.8479      191.91236      301.22609      0.20446697   
    264000   511.15802      1368.671       1879.829       159.02224      306.31137      0.20953533   
    265000   497.29828      1365.5756      1862.8739      162.99606      305.61862      0.21313704   
    266000   506.17587      1387.2145      1893.3904      76.042942      310.46146      0.21196858   
    267000   506.14789      1357.8936      1864.0415      84.840075      303.89938      0.20952293   
    268000   501.92481      1347.4255      1849.3503      156.10998      301.55659      0.20445416   
    269000   500.57281      1351.2828      1851.8556      230.95778      302.41987      0.2004262    
    270000   531.80209      1366.8802      1898.6823      243.37177      305.9106       0.19728363   
    271000   529.06342      1416.4878      1945.5512      284.6291       317.01288      0.19772509   
    272000   522.86458      1359.2822      1882.1467      282.51372      304.21014      0.20030056   
    273000   500.26164      1376.4682      1876.7299      280.20556      308.05641      0.20157762   
    274000   502.95706      1354.0872      1857.0442      254.63404      303.04749      0.20178605   
    275000   541.11978      1361.6498      1902.7696      235.26089      304.74002      0.20166427   
    276000   490.6223       1374.9962      1865.6185      208.5684       307.72698      0.20187923   
    277000   516.27248      1341.4402      1857.7126      166.87301      300.21706      0.2024178    
    278000   504.5935       1369.7482      1874.3417      50.249506      306.55245      0.20281893   
    279000   511.8075       1364.3505      1876.158       34.847769      305.34444      0.20618204   
    280000   525.835        1349.9724      1875.8074      42.260538      302.1266       0.21272533   
    281000   508.62408      1302.8829      1811.5069      56.502008      291.58786      0.21754628   
    282000   486.51748      1313.8475      1800.365       110.45736      294.04178      0.21988985   
    283000   460.5463       1302.8476      1763.3939      208.37405      291.57996      0.21778846   
    284000   471.62003      1323.0766      1794.6966      237.13304      296.10726      0.21042946   
    285000   503.03552      1312.6591      1815.6946      207.80624      293.77581      0.20141048   
    286000   463.65455      1298.4419      1762.0964      155.87255      290.59396      0.19834194   
    287000   485.30914      1307.7864      1793.0955      61.805464      292.68528      0.20103466   
    288000   482.86649      1323.5656      1806.4321      33.512692      296.2167       0.20481166   
    289000   499.43139      1328.1972      1827.6286      52.795998      297.25325      0.20641763   
    290000   477.9005       1329.7332      1807.6337      149.06824      297.59701      0.20513731   
    291000   478.70327      1312.9891      1791.6924      198.19608      293.84966      0.20149684   
    292000   493.59015      1283.1841      1776.7743      250.77289      287.17924      0.19827778   
    293000   526.53019      1297.786       1824.3161      248.1857       290.44716      0.19400298   
    294000   512.88985      1337.7356      1850.6255      147.86116      299.38797      0.19178646   
    295000   518.19309      1319.1018      1837.2949      80.460969      295.21768      0.19372569   
    296000   505.94815      1340.1255      1846.0737      57.225272      299.92284      0.19955539   
    297000   493.3233       1357.5668      1850.8901      90.16445       303.82624      0.20765687   
    298000   518.66145      1333.6715      1852.3329      152.77752      298.47842      0.20946812   
    299000   497.9236       1337.4088      1835.3324      235.21227      299.31483      0.21094148   
    300000   492.32655      1366.7784      1859.1049      293.35149      305.88781      0.21157649   
    301000   514.41313      1342.1363      1856.5494      292.72511      300.37285      0.20965691   
    302000   483.62228      1355.5366      1839.1589      221.15324      303.37187      0.20571951   
    303000   518.07155      1373.7396      1891.8112      105.49015      307.44575      0.20121459   
    304000   508.83007      1342.7562      1851.5863      64.406631      300.5116       0.20024437   
    305000   508.77362      1344.3264      1853.1         42.274202      300.86301      0.20601948   
    306000   484.37031      1377.3493      1861.7196      106.08673      308.25359      0.21389111   
    307000   463.27936      1363.9791      1827.2585      159.32123      305.26133      0.21736952   
    308000   480.65164      1318.84        1799.4917      214.72626      295.15911      0.21668672   
    309000   471.00728      1325.8285      1796.8358      307.72869      296.72315      0.21594123   
    310000   488.64353      1328.8623      1817.5058      277.26007      297.4021       0.21385678   
    311000   491.80424      1332.5531      1824.3574      190.02502      298.22812      0.2120871    
    312000   489.07406      1303.5706      1792.6446      77.800679      291.74177      0.20574016   
    313000   499.08071      1274.0136      1773.0943     -78.084771      285.12686      0.19951314   
    314000   519.37012      1340.9343      1860.3044     -57.034343      300.10385      0.19602087   
    315000   500.88392      1372.257       1873.1409      80.711289      307.11393      0.20115115   
    316000   488.32237      1334.2858      1822.6082      224.31072      298.6159       0.20683029   
    317000   491.97826      1336.1195      1828.0977      320.85683      299.02628      0.20729364   
    318000   497.68974      1333.9381      1831.6279      333.85656      298.53809      0.20491533   
    319000   496.83274      1321.9607      1818.7935      215.90361      295.85753      0.20253985   
    320000   484.34314      1322.8172      1807.1604      181.60236      296.04922      0.20197237   
    321000   478.99729      1334.8884      1813.8857      137.12605      298.75076      0.20159411   
    322000   547.23437      1305.6873      1852.9216      113.15726      292.21549      0.20034011   
    323000   504.77365      1338.8718      1843.6455      174.97253      299.64227      0.20047927   
    324000   491.2612       1345.4332      1836.6944      189.1424       301.11072      0.19902751   
    325000   529.61275      1328.9518      1858.5645      203.37492      297.42214      0.1930391    
    326000   512.92917      1348.363       1861.2922      173.80836      301.76641      0.18710425   
    327000   526.56453      1348.184       1874.7486      189.82258      301.72636      0.18920902   
    328000   508.07567      1356.2139      1864.2895      93.573855      303.52345      0.19658952   
    329000   521.11797      1350.4871      1871.605       44.06849       302.24178      0.20243525   
    330000   487.02548      1358.8551      1845.8806      43.535608      304.11456      0.20219885   
    331000   483.39775      1353.7526      1837.1503      80.115532      302.9726       0.20076648   
    332000   518.17139      1294.157       1812.3284      124.0825       289.635        0.19952886   
    333000   498.75014      1342.3148      1841.0649      158.72951      300.4128       0.19645657   
    334000   496.8513       1374.3699      1871.2212      262.76289      307.5868       0.19542919   
    335000   527.69332      1346.8724      1874.5657      306.03904      301.4328       0.1972886    
    336000   511.59846      1358.3626      1869.9611      348.74035      304.00435      0.20260331   
    337000   495.70748      1370.7504      1866.4579      337.59307      306.77675      0.20822206   
    338000   492.26431      1397.139       1889.4033      349.40342      312.68257      0.21259104   
    339000   478.62486      1358.6         1837.2249      340.26809      304.05747      0.2130355    
    340000   505.57643      1327.0449      1832.6213      272.62758      296.99536      0.20746495   
    341000   486.01684      1335.8693      1821.8861      199.16537      298.97028      0.20118314   
    342000   530.26834      1308.516       1838.7843      126.73799      292.84856      0.20004951   
    343000   498.73874      1334.0519      1832.7907      98.152324      298.56356      0.20234907   
    344000   493.69507      1322.2772      1815.9723      68.042955      295.92836      0.20096275   
    345000   497.151        1336.0913      1833.2423      97.889847      299.01997      0.19758814   
    346000   533.55813      1301.4329      1834.991       137.0203       291.26334      0.19474813   
    347000   532.52726      1284.6084      1817.1356      260.46254      287.49799      0.19725315   
    348000   490.43784      1348.3314      1838.7692      265.72993      301.75932      0.20591223   
    349000   477.52175      1331.2722      1808.794       260.63755      297.94145      0.21058081   
    350000   448.21955      1349.9138      1798.1334      141.45709      302.11349      0.21047316   
    351000   523.54474      1326.1683      1849.7131      112.34277      296.79919      0.20994442   
    352000   498.31327      1333.1746      1831.4879      116.42448      298.36721      0.20623421   
    353000   490.52239      1346.5471      1837.0694      148.34093      301.36         0.19980969   
    354000   543.78833      1336.9358      1880.7242      120.62272      299.20898      0.19032074   
    355000   516.53191      1368.318       1884.85        162.45081      306.23239      0.1854728    
    356000   517.4599       1350.0797      1867.5396      171.29871      302.1506       0.18809993   
    357000   520.64179      1371.1936      1891.8354      268.32764      306.87594      0.19526851   
    358000   527.6534       1336.2198      1863.8732      296.1245       299.04874      0.19955425   
    359000   521.06732      1362.0985      1883.1658      303.08904      304.84044      0.20175265   
    360000   493.05743      1368.9459      1862.0033      280.24094      306.37291      0.20104981   
    361000   529.96457      1354.0101      1883.9747      201.4124       303.03025      0.19928799   
    362000   514.48393      1376.6788      1891.1627      144.19024      308.10354      0.19688315   
    363000   539.32775      1415.7729      1955.1006      147.36529      316.85288      0.19783969   
    364000   515.27838      1355.6576      1870.936       183.84397      303.39896      0.20146296   
    365000   508.82375      1363.3876      1872.2114      179.16328      305.12895      0.20579847   
    366000   511.74015      1385.2571      1896.9973      244.84918      310.02339      0.21602025   
    367000   475.3694       1373.4526      1848.822       241.77018      307.38151      0.22099588   
    368000   481.9615       1362.1601      1844.1216      110.12394      304.85422      0.21817688   
    369000   517.35547      1359.2128      1876.5683      110.83622      304.19462      0.21225717   
    370000   486.73753      1385.7385      1872.4761      70.347976      310.13113      0.20671206   
    371000   525.19242      1369.7425      1894.9349      90.998366      306.55118      0.20518835   
    372000   516.63781      1339.7924      1856.4302      140.28269      299.8483       0.20589742   
    373000   535.24762      1347.8895      1883.1371      172.33133      301.66044      0.206805     
    374000   513.85858      1363.7969      1877.6555      272.59331      305.22056      0.21089237   
    375000   481.55569      1368.279       1849.8346      264.93981      306.22364      0.21219698   
    376000   495.74467      1358.3646      1854.1093      236.68094      304.00478      0.20642041   
    377000   507.47185      1350.0207      1857.4926      223.45402      302.13741      0.19885281   
    378000   497.10747      1382.3714      1879.4789      169.13131      309.37757      0.19976838   
    379000   525.60792      1403.0977      1928.7056      166.97659      314.01615      0.20719517   
    380000   506.48651      1372.4954      1878.982       191.11421      307.1673       0.20992803   
    381000   490.67709      1370.9216      1861.5987      210.77073      306.81507      0.20974658   
    382000   507.38203      1339.959       1847.341       255.32655      299.88557      0.21213253   
    383000   510.08046      1372.7405      1882.821       298.79524      307.22214      0.21142326   
    384000   478.9307       1399.4841      1878.4148      304.89357      313.20741      0.20565831   
    385000   520.71796      1361.28        1881.998       288.73822      304.65727      0.20092056   
    386000   528.45735      1345.6781      1874.1354      242.51735      301.16552      0.20030274   
    387000   491.25616      1389.2494      1880.5056      267.0448       310.91687      0.20647052   
    388000   476.69161      1365.6158      1842.3074      197.53756      305.62762      0.21352948   
    389000   489.21534      1346.2325      1835.4478      114.52128      301.28959      0.21766215   
    390000   508.93518      1334.7533      1843.6884      73.633016      298.72052      0.21918606   
    391000   486.1335       1347.3979      1833.5314      43.780916      301.55041      0.21665685   
    392000   493.61576      1357.5733      1851.1891      104.50816      303.8277       0.2115649    
    393000   491.81567      1355.3565      1847.1721      199.66073      303.33156      0.2068565    
    394000   513.62027      1388.2324      1901.8527      288.61285      310.68927      0.20089764   
    395000   508.87615      1355.7088      1864.585       296.90422      303.41042      0.19945674   
    396000   515.36912      1329.1974      1844.5665      273.73615      297.47711      0.20180908   
    397000   509.46619      1322.9021      1832.3683      245.38573      296.06821      0.20915709   
    398000   495.44999      1313.8376      1809.2876      260.86242      294.03955      0.21797379   
    399000   456.26601      1292.3697      1748.6357      215.7406       289.23498      0.21797702   
    400000   476.24709      1338.2754      1814.5225      176.30529      299.50878      0.21219706   
    401000   500.91205      1323.6279      1824.54        89.338922      296.23064      0.20792009   
    402000   507.4928       1340.391       1847.8838      82.681963      299.98226      0.20624631   
    403000   485.83063      1330.8665      1816.6971      103.05012      297.85065      0.20335405   
    404000   518.46567      1329.1184      1847.5841      114.11151      297.45943      0.20108351   
    405000   499.86483      1330.326       1830.1909      178.38605      297.7297       0.2014378    
    406000   511.86974      1340.0722      1851.9419      232.36876      299.9109       0.20117858   
    407000   490.03239      1350.4898      1840.5222      246.56622      302.24239      0.19715941   
    408000   529.23376      1307.8628      1837.0966      219.00687      292.70238      0.19563314   
    409000   501.28283      1301.4402      1802.723       227.44695      291.26499      0.20028218   
    410000   509.79518      1326.7373      1836.5324      186.26278      296.92652      0.20587597   
    411000   505.53163      1332.5186      1838.0503      183.01608      298.2204       0.21046189   
    412000   499.64783      1331.1904      1830.8382      100.65771      297.92314      0.21095978   
    413000   506.53084      1334.822       1841.3528      116.62962      298.7359       0.20818268   
    414000   515.73861      1354.9409      1870.6795      104.33697      303.23856      0.19949322   
    415000   547.89934      1375.3395      1923.2389      147.52755      307.80381      0.19365913   
    416000   520.25163      1360.676       1880.9276      152.14328      304.52207      0.193125     
    417000   512.83407      1368.4044      1881.2384      197.8855       306.25171      0.19696937   
    418000   485.72939      1357.036       1842.7654      196.13638      303.70744      0.20247456   
    419000   501.29653      1345.9988      1847.2954      163.29171      301.2373       0.20797851   
    420000   506.06208      1336.3476      1842.4097      224.3503       299.07735      0.21329379   
    421000   450.67703      1300.3264      1751.0035      203.40093      291.01573      0.21358921   
    422000   499.30124      1291.4043      1790.7056      191.9106       289.01894      0.21248746   
    423000   506.50018      1314.5682      1821.0684      200.15688      294.20307      0.20947503   
    424000   479.73294      1318.7843      1798.5172      219.87239      295.14663      0.20444222   
    425000   485.61842      1327.5401      1813.1585      247.82317      297.10619      0.19899887   
    426000   510.36044      1326.3292      1836.6897      259.19746      296.83521      0.19493924   
    427000   512.18057      1345.6691      1857.8497      253.36441      301.16352      0.20033767   
    428000   519.32303      1427.4278      1946.7508      241.6809       319.46126      0.21491893   
    429000   502.57423      1378.8487      1881.4229      195.63448      308.58916      0.21844781   
    430000   504.98502      1343.933       1848.918       206.69853      300.77496      0.21788487   
    431000   510.79604      1346.5234      1857.3195      186.63396      301.35471      0.21353532   
    432000   498.25358      1355.3082      1853.5618      210.80471      303.32076      0.20899816   
    433000   494.83903      1349.067       1843.906       149.37866      301.92396      0.20418764   
    434000   544.07421      1325.6553      1869.7295      71.498001      296.68438      0.20143045   
    435000   510.79752      1316.2801      1827.0776      42.216744      294.58618      0.20117205   
    436000   503.3609       1286.0695      1789.4304     -1.7451673      287.825        0.20195707   
    437000   481.51474      1309.6253      1791.14        71.496555      293.09682      0.20892566   
    438000   464.11573      1339.4586      1803.5743      159.73045      299.77359      0.21835143   
    439000   493.3604       1310.2045      1803.5649      239.96115      293.22646      0.22094736   
    440000   477.53642      1296.1461      1773.6825      310.88123      290.08016      0.21985805   
    441000   481.98031      1286.9644      1768.9447      318.08317      288.02527      0.21701684   
    442000   465.88966      1314.9584      1780.848       318.46945      294.29038      0.21628769   
    443000   491.34373      1326.4568      1817.8005      170.32222      296.86375      0.21403236   
    444000   481.06262      1349.86        1830.9226      97.080157      302.10144      0.21124978   
    445000   453.94299      1391.7377      1845.6807      110.51447      311.47375      0.21478497   
    446000   483.59658      1408.1006      1891.6972      102.70908      315.13581      0.22299147   
    447000   498.59844      1344.8377      1843.4361      145.45952      300.97743      0.22470024   
    448000   500.97416      1336.978       1837.9521      173.46735      299.21841      0.22302788   
    449000   524.15518      1341.6335      1865.7887      256.7468       300.26033      0.21751405   
    450000   492.77556      1343.6393      1836.4149      220.61234      300.70924      0.20834949   
    451000   489.60481      1349.0235      1838.6283      190.8544       301.91423      0.20561359   
    452000   494.63601      1353.441       1848.077       198.89924      302.90286      0.2037697    
    453000   491.93537      1353.6156      1845.551       160.1859       302.94195      0.20156697   
    454000   523.05213      1344.2183      1867.2704      174.43763      300.83882      0.20048156   
    455000   526.59952      1339.4799      1866.0795      178.27194      299.77836      0.19953219   
    456000   494.30459      1348.9633      1843.2678      154.20079      301.90074      0.20181244   
    457000   505.6713       1336.2468      1841.9181      125.47072      299.05477      0.20648524   
    458000   524.50494      1343.3167      1867.8216      107.12926      300.63703      0.20826057   
    459000   509.17844      1345.4104      1854.5888      69.618211      301.1056       0.20389577   
    460000   505.77367      1336.5611      1842.3347      85.257695      299.12511      0.20314651   
    461000   513.43865      1308.4696      1821.9083      155.39782      292.83819      0.20421712   
    462000   506.93675      1328.6788      1835.6156      216.46308      297.36105      0.20850708   
    463000   480.86319      1309.1795      1790.0427      171.69942      292.99705      0.21250677   
    464000   460.44355      1358.7742      1819.2178      146.94116      304.09646      0.21573611   
    465000   490.96137      1307.8817      1798.843       155.69101      292.7066       0.21694069   
    466000   480.00947      1291.7789      1771.7883      143.51646      289.10276      0.21679172   
    467000   461.36082      1288.0616      1749.4224      199.42726      288.27083      0.214081     
    468000   478.14256      1305.7766      1783.9191      200.16744      292.23548      0.20578998   
    469000   503.58459      1309.2252      1812.8098      224.30609      293.00729      0.20358018   
    470000   497.58295      1323.3749      1820.9579      282.91407      296.17402      0.20590793   
    471000   485.58534      1345.3784      1830.9638      250.60388      301.09845      0.20683388   
    472000   464.45961      1357.2916      1821.7512      352.60607      303.76464      0.21217825   
    473000   501.35409      1329.1758      1830.5299      300.52258      297.47227      0.21674001   
    474000   461.17619      1316.2638      1777.44        235.68117      294.58253      0.22009569   
    475000   466.16749      1340.3745      1806.542       140.7847       299.97857      0.21998325   
    476000   489.61903      1314.8113      1804.4303      50.833471      294.25746      0.21013049   
    477000   456.23757      1317.7228      1773.9603      49.570982      294.90906      0.2042493    
    478000   480.56527      1308.2141      1788.7794      105.85169      292.781        0.2041149    
    479000   501.05565      1334.8648      1835.9205      174.53283      298.74549      0.20831668   
    480000   462.72338      1336.0348      1798.7582      209.86172      299.00734      0.2130849    
    481000   473.99103      1342.1826      1816.1737      267.65862      300.38323      0.21416827   
    482000   487.42735      1345.2868      1832.7141      219.57596      301.07794      0.21087655   
    483000   495.79403      1345.5395      1841.3335      128.57598      301.1345       0.20432784   
    484000   499.10649      1325.6657      1824.7722      166.59206      296.68671      0.20053654   
    485000   506.72969      1346.2265      1852.9562      123.15851      301.28825      0.19948279   
    486000   554.91458      1347.0754      1901.99        111.54528      301.47824      0.20351957   
    487000   504.50092      1351.359       1855.8599      162.62134      302.43691      0.21406165   
    488000   498.30296      1348.0438      1846.3467      246.81778      301.69497      0.22123058   
    489000   492.9399       1351.1838      1844.1237      260.80284      302.3977       0.2220462    
    490000   474.10347      1361.3108      1835.4143      236.02718      304.66415      0.21640304   
    491000   489.89225      1355.8411      1845.7334      233.67422      303.44003      0.21022938   
    492000   500.10499      1381.0509      1881.1559      265.40175      309.08203      0.20652087   
    493000   514.03046      1351.824       1865.8545      270.69142      302.54099      0.20730882   
    494000   504.02067      1348.1793      1852.2         227.30399      301.72529      0.20863949   
    495000   499.47574      1374.4457      1873.9214      141.99804      307.60376      0.2080241    
    496000   510.74626      1365.7067      1876.4529      6.9059327      305.64796      0.20439092   
    497000   504.17982      1382.7259      1886.9057     -5.4225156      309.45689      0.20386841   
    498000   523.87808      1311.3547      1835.2328      115.36974      293.48388      0.20687794   
    499000   478.36564      1311.4513      1789.817       237.55859      293.5055       0.20926176   
    500000   472.03143      1347.5508      1819.5823      384.00112      301.58464      0.20887521   
    501000   487.25038      1339.1329      1826.3833      359.19439      299.7007       0.20159017   
    502000   529.94436      1299.4424      1829.3868      224.17811      290.81788      0.19158227   
    503000   536.82635      1318.4321      1855.2584      139.01851      295.0678       0.19043423   
    504000   494.26356      1341.7251      1835.9887      123.147        300.28084      0.19400751   
    505000   519.56132      1303.8298      1823.3911      93.496844      291.79978      0.19814202   
    506000   495.08167      1317.4211      1812.5027      182.56483      294.84154      0.20474166   
    507000   480.54851      1277.9392      1758.4877      244.71749      286.00541      0.2074956    
    508000   489.54354      1319.2754      1808.8189      255.78414      295.25653      0.20611726   
    509000   509.75041      1309.0241      1818.7745      259.44132      292.96228      0.20221564   
    510000   499.16711      1320.7625      1819.9296      223.44757      295.58936      0.19925934   
    511000   508.91434      1324.0905      1833.0049      181.31828      296.33418      0.20267309   
    512000   477.07437      1333.6484      1810.7228      157.23159      298.47325      0.21457301   
    513000   491.60117      1293.6775      1785.2787      147.16722      289.52768      0.22109346   
    514000   490.18844      1315.2866      1805.475       142.38978      294.36384      0.21787875   
    515000   500.27743      1324.4605      1824.7379      156.63895      296.41698      0.20932094   
    516000   493.0057       1310.292       1803.2977      110.43913      293.24603      0.20015802   
    517000   524.52528      1319.9829      1844.5082      111.52317      295.41489      0.19723247   
    518000   507.8476       1298.6788      1806.5264      75.795874      290.64697      0.19788233   
    519000   502.67819      1297.8298      1800.508       130.54155      290.45697      0.20064207   
    520000   529.31728      1306.3261      1835.6433      193.69358      292.35845      0.20375734   
    521000   506.43727      1283.3679      1789.8051      208.00784      287.22036      0.20365435   
    522000   486.5227       1317.3713      1803.894       256.66764      294.8304       0.20160393   
    523000   487.01574      1308.6804      1795.6961      194.65619      292.88536      0.19707209   
    524000   523.54455      1311.988       1835.5326      151.28263      293.62562      0.19609308   
    525000   481.50922      1338.2263      1819.7355      150.17523      299.49779      0.20069248   
    526000   506.50466      1323.8427      1830.3473      100.53312      296.27871      0.2056789    
    527000   502.31719      1305.8335      1808.1506      95.191396      292.24821      0.20712143   
    528000   498.26935      1324.6919      1822.9612      170.55392      296.46876      0.20183185   
    529000   494.51073      1306.2951      1800.8059      169.93859      292.35153      0.19516659   
    530000   538.25577      1312.1317      1850.3874      225.59035      293.65776      0.19275995   
    531000   528.36755      1311.453       1839.8205      133.86838      293.50587      0.19145217   
    532000   504.03796      1319.8827      1823.9207      166.86944      295.39246      0.1950616    
    533000   511.25645      1300.3224      1811.5789      108.98775      291.01483      0.19794399   
    534000   499.96184      1302.288       1802.2498      154.08557      291.45472      0.20232862   
    535000   486.39673      1325.9219      1812.3186      194.88583      296.74404      0.20734387   
    536000   475.84686      1298.8971      1774.744       206.2466       290.69585      0.2088181    
    537000   488.99158      1316.6273      1805.6189      119.71655      294.6639       0.20831604   
    538000   502.63804      1299.6294      1802.2674      175.49954      290.85972      0.2113846    
    539000   472.11912      1276.9056      1749.0247      121.11119      285.77409      0.21244618   
    540000   485.08683      1296.9104      1781.9973      204.42102      290.25122      0.21348597   
    541000   505.35555      1318.6571      1824.0126      195.39239      295.11817      0.20570286   
    542000   508.01487      1349.2352      1857.2501      230.86271      301.96161      0.19393188   
    543000   530.40665      1321.5201      1851.9267      284.59975      295.75891      0.19076752   
    544000   526.70352      1289.8799      1816.5834      276.15601      288.67777      0.191693     
    545000   517.43919      1336.3957      1853.8349      183.83048      299.0881       0.19703952   
    546000   480.46805      1362.8481      1843.3162      95.670543      305.0082       0.20497863   
    547000   505.7936       1372.5426      1878.3362      20.52402       307.17786      0.20897722   
    548000   537.56872      1307.6854      1845.2541     -44.32225       292.66268      0.21011078   
    549000   500.50465      1349.944       1850.4487      60.492411      302.12025      0.21202073   
    550000   501.74845      1348.5356      1850.284       176.23566      301.80503      0.21062243   
    551000   514.52468      1331.2388      1845.7635      277.1717       297.93398      0.20825645   
    552000   525.70039      1335.3873      1861.0877      343.65493      298.86242      0.20338502   
    553000   530.08648      1340.4362      1870.5226      315.91009      299.99236      0.19839486   
    554000   491.88117      1361.2292      1853.1104      276.79682      304.6459       0.19646334   
    555000   506.35736      1351.1002      1857.4575      167.46638      302.379        0.19914684   
    556000   535.1081       1332.6796      1867.7877      144.45142      298.25643      0.20799726   
    557000   544.0977       1363.3862      1907.4839      120.41215      305.12864      0.21296553   
    558000   485.28204      1392.8715      1878.1535      131.92894      311.7275       0.21266633   
    559000   508.91321      1366.6949      1875.6081      155.16854      305.86911      0.20975834   
    560000   523.81494      1325.2749      1849.0899      209.89184      296.59925      0.20698939   
    561000   507.28114      1379.2592      1886.5403      233.93227      308.68104      0.20257172   
    562000   542.16379      1387.3464      1929.5102      250.18908      310.49098      0.19647915   
    563000   524.06222      1367.6939      1891.7561      237.66269      306.09269      0.19019917   
    564000   536.08978      1353.1607      1889.2505      227.32879      302.84014      0.1873943    
    565000   520.17842      1360.9836      1881.162       191.2638       304.59092      0.19212758   
    566000   528.26732      1370.2192      1898.4866      239.62373      306.65788      0.20512796   
    567000   516.73439      1366.5101      1883.2445      293.32236      305.82776      0.20712298   
    568000   527.01475      1336.0603      1863.0751      218.81767      299.01305      0.20128551   
    569000   518.56051      1330.0148      1848.5753      178.52442      297.66004      0.19585795   
    570000   518.53733      1297.0738      1815.6111      173.90208      290.28778      0.19370901   
    571000   506.44123      1330.9557      1837.3969      140.90703      297.87062      0.1928981    
    572000   521.53842      1333.1552      1854.6936      99.961         298.36287      0.19420706   
    573000   522.55918      1350.7436      1873.3028      132.85088      302.29919      0.19642176   
    574000   540.57099      1331.0566      1871.6276      163.46392      297.89319      0.20242388   
    575000   515.23532      1347.8529      1863.0883      205.71825      301.65225      0.21206089   
    576000   524.27534      1391.1383      1915.4137      204.78501      311.33961      0.21695035   
    577000   549.78743      1363.22        1913.0075      205.03343      305.09144      0.21278498   
    578000   492.54166      1381.0952      1873.6368      154.00419      309.09193      0.20435082   
    579000   528.66186      1355.8472      1884.509       103.24234      303.44138      0.19902223   
    580000   493.07428      1387.2879      1880.3622      145.54061      310.47789      0.19884047   
    581000   515.10295      1374.7105      1889.8135      218.28996      307.66304      0.20015042   
    582000   522.09834      1407.5921      1929.6905      306.00176      315.02201      0.20276585   
    583000   501.98199      1347.0813      1849.0633      310.79614      301.47956      0.20583326   
    584000   488.87818      1356.9241      1845.8023      324.55668      303.68239      0.21323815   
    585000   529.29523      1389.5479      1918.8431      317.93451      310.98367      0.21948059   
    586000   523.15828      1357.0299      1880.1881      183.22782      303.70607      0.21604482   
    587000   508.149        1347.2278      1855.3768      61.48374       301.51235      0.20745802   
    588000   533.60115      1342.9858      1876.587      -14.007979      300.56298      0.205309     
    589000   545.88395      1361.045       1906.9289      74.36804       304.60466      0.20594565   
    590000   521.02146      1385.6409      1906.6624      183.39082      310.10928      0.20589041   
    591000   519.57405      1361.5792      1881.1532      280.42285      304.72421      0.20760655   
    592000   481.94865      1368.0784      1850.0271      314.44428      306.17876      0.21037904   
    593000   481.61855      1372.1172      1853.7357      269.02783      307.08264      0.21530037   
    594000   513.27687      1356.1848      1869.4617      287.32399      303.51694      0.22172853   
    595000   481.40747      1340.4346      1821.8421      216.17352      299.99201      0.22358316   
    596000   500.08747      1372.3928      1872.4802      245.59753      307.14432      0.22392438   
    597000   480.78976      1350.0951      1830.8849      232.16739      302.15406      0.21631891   
    598000   490.69908      1324.1762      1814.8752      115.0544       296.35334      0.20760079   
    599000   526.77559      1324.9123      1851.6879      152.17622      296.51809      0.20351454   
    600000   491.4026       1328.7867      1820.1893      187.3014       297.38519      0.20367564   
    601000   515.71141      1335.1409      1850.8523      181.03044      298.80728      0.20744773   
    602000   494.71142      1356.4715      1851.1829      202.71138      303.5811       0.21255864   
    603000   498.03101      1331.9803      1830.0113      162.05017      298.09993      0.21713029   
    604000   496.80248      1299.4486      1796.2511      221.65991      290.81927      0.21763501   
    605000   485.94859      1335.5001      1821.4487      229.65409      298.88766      0.21398697   
    606000   504.9605       1341.4637      1846.4242      199.23947      300.22232      0.21216869   
    607000   516.30136      1352.1011      1868.4025      217.00491      302.60301      0.20939235   
    608000   476.20497      1418.2362      1894.4412      224.60181      317.40418      0.20419124   
    609000   536.16642      1346.0043      1882.1708      173.07627      301.23854      0.19948017   
    610000   514.48999      1349.031       1863.521       238.44944      301.9159       0.19950215   
    611000   526.20283      1355.9599      1882.1628      262.11012      303.46662      0.19982783   
    612000   518.94586      1338.453       1857.3988      276.39775      299.54852      0.20235682   
    613000   480.76466      1357.9147      1838.6794      267.77211      303.90411      0.20545087   
    614000   490.37357      1351.5033      1841.8768      202.70088      302.46921      0.21269656   
    615000   510.63966      1337.2914      1847.931       100.85118      299.28855      0.21871964   
    616000   474.57432      1393.1811      1867.7554      131.38687      311.79678      0.22100088   
    617000   474.27216      1338.36        1812.6322      82.92067       299.52772      0.21344841   
    618000   518.67987      1336.8254      1855.5053      110.70193      299.18427      0.20531644   
    619000   523.45984      1318.6869      1842.1467      181.65623      295.12483      0.20204081   
    620000   520.59809      1332.3107      1852.9088      254.03072      298.17387      0.20041815   
    621000   508.75617      1314.8757      1823.6319      254.87226      294.27189      0.19903029   
    622000   491.71987      1296.9566      1788.6765      221.43227      290.26154      0.20119378   
    623000   480.53228      1306.5376      1787.0699      207.36643      292.4058       0.2050191    
    624000   481.40151      1334.1413      1815.5428      73.189097      298.58355      0.20662392   
    625000   505.05726      1334.9083      1839.9655      30.269256      298.75521      0.20763936   
    626000   498.23319      1355.8167      1854.0499      79.412608      303.43455      0.21015945   
    627000   502.76575      1397.0752      1899.841       195.27012      312.66831      0.2160973    
    628000   493.03265      1400.14        1893.1727      328.17794      313.35421      0.22235006   
    629000   483.27892      1369.9057      1853.1846      288.38047      306.5877       0.21953202   
    630000   478.75724      1354.1862      1832.9434      207.20153      303.06965      0.21210523   
    631000   482.03664      1356.9082      1838.9448      105.07067      303.67884      0.20588634   
    632000   533.17078      1331.3955      1864.5662      56.713303      297.96904      0.2038659    
    633000   517.32143      1343.6434      1860.9648      89.786655      300.71014      0.20624366   
    634000   496.24942      1359.2119      1855.4614      152.70143      304.19442      0.20964357   
    635000   495.06487      1373.3268      1868.3917      162.58423      307.35336      0.2093475    
    636000   496.22462      1308.2801      1804.5047      180.50713      292.79577      0.20768811   
    637000   505.4228       1323.8027      1829.2255      243.65765      296.26976      0.21020167   
    638000   502.49769      1327.3015      1829.7992      306.88846      297.05281      0.21350391   
    639000   506.61559      1317.1344      1823.75        273.5269       294.77739      0.21111148   
    640000   482.79592      1302.6192      1785.4151      220.94147      291.52886      0.20891678   
    641000   504.25451      1302.5749      1806.8294      132.42093      291.51893      0.20871034   
    642000   495.65745      1338.542       1834.1994      142.85979      299.56844      0.21122547   
    643000   486.72205      1302.1917      1788.9138      132.15605      291.43318      0.21397947   
    644000   488.70836      1305.3727      1794.0811      209.73343      292.14509      0.2163476    
    645000   497.9336       1272.8184      1770.752       298.02273      284.85937      0.21716398   
    646000   441.97699      1306.5201      1748.4971      323.06559      292.40188      0.21700282   
    647000   504.03455      1308.0132      1812.0477      303.08663      292.73603      0.21670564   
    648000   500.11158      1325.8955      1826.0071      284.36925      296.73813      0.21102864   
    649000   466.16232      1334.2552      1800.4176      212.51632      298.60906      0.20206539   
    650000   509.39819      1338.3266      1847.7248      127.20815      299.52025      0.19714608   
    651000   541.12263      1346.0497      1887.1723      121.7811       301.24868      0.19879708   
    652000   497.91224      1326.0633      1823.9756      115.30795      296.7757       0.20241808   
    653000   511.00431      1345.1075      1856.1118      217.62899      301.03781      0.20690653   
    654000   512.85038      1326.76        1839.6104      241.66645      296.93162      0.21002773   
    655000   534.42738      1356.5157      1890.9431      282.84914      303.59101      0.21447281   
    656000   497.48144      1382.3739      1879.8553      329.07279      309.37811      0.21582531   
    657000   494.6338       1371.0801      1865.7139      218.18134      306.85054      0.21156461   
    658000   495.78761      1367.8172      1863.6048      138.65481      306.1203       0.20331935   
    659000   525.06506      1377.6565      1902.7215      57.727463      308.32235      0.19972875   
    660000   526.5754       1333.6895      1860.2649     -7.4288933      298.48244      0.19804353   
    661000   531.39193      1328.2759      1859.6678      109.98378      297.27087      0.2041278    
    662000   493.63083      1338.4867      1832.1175      264.22965      299.55607      0.21082026   
    663000   490.04186      1367.5108      1857.5526      374.12059      306.05172      0.21177771   
    664000   509.17088      1372.4315      1881.6024      403.62443      307.15298      0.20810256   
    665000   481.03042      1359.4538      1840.4842      312.52543      304.24856      0.20532331   
    666000   538.00426      1346.7681      1884.7724      113.54381      301.40947      0.20658003   
    667000   480.18887      1385.5103      1865.6992      35.984753      310.08006      0.20918678   
    668000   492.75507      1353.8627      1846.6178      35.053252      302.99726      0.21070282   
    669000   489.44256      1299.603       1789.0456      155.75484      290.85382      0.21544759   
    670000   481.50172      1294.1742      1775.6759      239.8255       289.63884      0.21983514   
    671000   489.22199      1300.7726      1789.9946      317.15063      291.11558      0.22221747   
    672000   451.2205       1341.944       1793.1645      256.25612      300.32982      0.22118107   
    673000   495.61494      1314.5466      1810.1615      210.81884      294.19822      0.21869692   
    674000   497.5523       1326.6814      1824.2337      109.08036      296.91402      0.21554355   
    675000   467.93095      1310.2207      1778.1516      98.257458      293.23008      0.21265242   
    676000   511.30958      1312.6885      1823.9981      89.201751      293.78238      0.20965806   
    677000   500.1854       1317.5223      1817.7077      115.58079      294.86419      0.21186619   
    678000   486.12118      1306.1004      1792.2215      141.98666      292.30794      0.22069194   
    679000   473.40635      1309.9653      1783.3716      231.21138      293.17292      0.22630162   
    680000   508.48214      1299.5095      1807.9916      294.62022      290.83289      0.22194779   
    681000   501.25939      1374.187       1875.4464      279.05223      307.54587      0.21350921   
    682000   508.39636      1367.8851      1876.2815      233.18236      306.1355       0.20978145   
    683000   511.34808      1336.9495      1848.2976      99.978421      299.21205      0.20570591   
    684000   481.62489      1347.1711      1828.796       67.852882      301.49966      0.20330899   
    685000   522.07901      1287.7869      1809.8659      33.725626      288.20936      0.2062738    
    686000   479.48749      1298.8803      1778.3678      128.12934      290.69207      0.21260588   
    687000   497.66827      1337.6138      1835.2821      155.16544      299.36072      0.21544828   
    688000   490.78435      1340.228       1831.0123      195.5496       299.94577      0.21609095   
    689000   499.55459      1349.7876      1849.3422      248.53694      302.08524      0.21738993   
    690000   486.16197      1386.7523      1872.9143      242.81674      310.35801      0.21691068   
    691000   500.9842       1360.2118      1861.196       246.86952      304.41818      0.20955561   
    692000   506.53827      1394.2908      1900.8291      230.11998      312.04515      0.19892648   
    693000   522.83696      1362.2903      1885.1273      206.29445      304.88337      0.19850702   
    694000   497.31346      1356.6185      1853.932       184.74657      303.61401      0.20076634   
    695000   514.34444      1361.256       1875.6005      192.13076      304.65189      0.20488769   
    696000   532.50253      1364.0763      1896.5788      145.22575      305.28307      0.20892921   
    697000   519.99791      1381.847       1901.8449      156.52899      309.26019      0.21159901   
    698000   524.58591      1340.0284      1864.6143      159.67328      299.90111      0.21469379   
    699000   496.25017      1369.3278      1865.5779      171.75735      306.45836      0.21901017   
    700000   492.64533      1382.706       1875.3513      166.58479      309.45243      0.21941478   
    701000   511.29278      1335.9892      1847.2819      90.99168       298.99711      0.21411985   
    702000   511.5038       1361.0825      1872.5863      170.19553      304.61307      0.20955556   
    703000   506.22335      1341.9835      1848.2069      161.05708      300.33867      0.20432331   
    704000   498.11742      1307.7826      1805.9         118.85921      292.68443      0.20127763   
    705000   506.88919      1328.8373      1835.7265      123.13699      297.39651      0.20477264   
    706000   456.98863      1356.4474      1813.4361      139.34227      303.57572      0.21225677   
    707000   471.08058      1309.6391      1780.7197      106.11051      293.09992      0.21828241   
    708000   485.20049      1337.2502      1822.4507      191.35262      299.27935      0.21868272   
    709000   487.10487      1314.6283      1801.7331      193.5813       294.2165       0.21323896   
    710000   497.46674      1338.3587      1835.8254      259.60558      299.52741      0.20882764   
    711000   496.38638      1332.1123      1828.4987      205.66919      298.12947      0.20476903   
    712000   516.68439      1292.5375      1809.2219      246.95094      289.27255      0.20042152   
    713000   485.19574      1332.573       1817.7688      231.03573      298.23258      0.19619758   
    714000   535.85898      1305.6696      1841.5286      236.64881      292.21154      0.19550669   
    715000   521.57533      1308.576       1830.1513      172.39068      292.86199      0.19858956   
    716000   508.99197      1302.8041      1811.796       142.37723      291.57022      0.2066258    
    717000   488.83837      1330.723       1819.5614      5.6448483      297.81855      0.21032005   
    718000   507.30243      1316.2478      1823.5502     -115.76616      294.57896      0.21061232   
    719000   490.09055      1323.819       1813.9096     -38.570651      296.27342      0.21496318   
    720000   471.55418      1344.6255      1816.1796      140.79918      300.92994      0.22380714   
    721000   495.90315      1341.7169      1837.62        241.37899      300.279        0.22732187   
    722000   482.03377      1386.8022      1868.836       245.43602      310.36918      0.2252743    
    723000   529.62677      1362.9146      1892.5413      296.33152      305.02308      0.21399011   
    724000   490.23498      1371.8909      1862.1259      209.95659      307.032        0.20358247   
    725000   498.07416      1361.39        1859.4642      198.75722      304.68188      0.20442057   
    726000   517.74363      1353.0534      1870.7971      138.76904      302.81614      0.20763981   
    727000   527.38726      1385.7614      1913.1486      199.47948      310.13624      0.21408409   
    728000   489.73521      1360.2961      1850.0313      163.03994      304.43705      0.21551716   
    729000   509.22136      1374.505       1883.7264      188.55369      307.61705      0.21604207   
    730000   488.87445      1358.8012      1847.6757      172.02966      304.1025       0.21368418   
    731000   521.06153      1336.2936      1857.3551      182.98294      299.06524      0.2089723    
    732000   508.42859      1327.9581      1836.3867      124.42994      297.19975      0.19830752   
    733000   544.94658      1292.3954      1837.342       142.52469      289.24075      0.19488174   
    734000   491.99323      1344.8511      1836.8443      157.3036       300.98044      0.19820815   
    735000   514.17145      1325.7574      1839.9288      170.78184      296.70722      0.20159583   
    736000   493.57661      1320.2073      1813.7839      164.1732       295.4651       0.20423356   
    737000   512.74154      1288.8166      1801.5582      100.35644      288.43981      0.20578902   
    738000   494.70292      1287.0357      1781.7386      62.469203      288.04123      0.20801928   
    739000   487.81567      1361.0677      1848.8834      47.816056      304.60975      0.20612863   
    740000   509.40604      1346.1624      1855.5684      54.876367      301.27391      0.20283947   
    741000   518.41432      1347.6102      1866.0245      82.430346      301.59792      0.19841661   
    742000   560.65192      1389.2208      1949.8727      175.03479      310.91047      0.19673836   
    743000   493.34441      1383.6861      1877.0305      208.39638      309.6718       0.19977379   
    744000   529.02824      1380.9223      1909.9505      229.33483      309.05324      0.20936347   
    745000   508.66045      1369.6213      1878.2817      181.12089      306.52405      0.21472225   
    746000   497.12059      1342.418       1839.5386      224.57403      300.43591      0.21557751   
    747000   502.02365      1352.339       1854.3626      238.41148      302.65624      0.21346699   
    748000   510.08667      1372.0358      1882.1224      248.21584      307.06442      0.20979519   
    749000   511.45062      1356.9718      1868.4224      247.56184      303.69308      0.20413973   
    750000   504.53062      1335.2681      1839.7987      184.53776      298.83574      0.20043129   
    751000   503.28103      1309.3742      1812.6553      98.698241      293.04064      0.20109265   
    752000   507.12944      1310.6181      1817.7475      88.718422      293.31902      0.20368022   
    753000   494.50976      1322.4051      1816.9148      115.67542      295.95697      0.20957072   
    754000   488.89461      1343.4339      1832.3285      178.09375      300.66326      0.21507272   
    755000   495.28189      1306.4895      1801.7714      218.49033      292.39504      0.21707685   
    756000   476.40642      1346.03        1822.4364      238.34664      301.24428      0.2129611    
    757000   481.59934      1317.4599      1799.0593      215.85414      294.85024      0.20750038   
    758000   515.78818      1319.3865      1835.1747      238.873        295.28142      0.20301544   
    759000   503.17816      1331.0483      1834.2265      243.57362      297.89135      0.19971462   
    760000   511.64138      1297.7866      1809.428       240.50734      290.4473       0.19995661   
    761000   527.49338      1306.6052      1834.0986      127.37864      292.42093      0.20369085   
    762000   477.95931      1320.8142      1798.7735      93.124538      295.60092      0.21284247   
    763000   481.91627      1330.571       1812.4872      100.25679      297.78451      0.21991878   
    764000   482.75674      1303.5892      1786.346       60.979755      291.74595      0.21764335   
    765000   522.49547      1316.5135      1839.009       101.85197      294.63843      0.20865781   
    766000   495.75105      1323.754       1819.5051      184.82122      296.25887      0.20345312   
    767000   490.8463       1351.2115      1842.0578      252.39475      302.4039       0.20303976   
    768000   499.94722      1349.1587      1849.1059      245.42161      301.94449      0.20396506   
    769000   492.26742      1359.9702      1852.2376      210.9786       304.36412      0.21085189   
    770000   491.30413      1367.3839      1858.6881      155.28139      306.02333      0.21658199   
    771000   499.02001      1332.4584      1831.4785      173.79701      298.20694      0.21833048   
    772000   498.24747      1324.1286      1822.376       166.002        296.34269      0.21113785   
    773000   500.81719      1339.791       1840.6082      166.69817      299.84797      0.20290918   
    774000   494.33482      1331.0108      1825.3456      222.3941       297.88295      0.20165914   
    775000   472.27598      1344.8947      1817.1707      246.61687      300.99019      0.20181204   
    776000   483.52871      1327.9759      1811.5046      202.94115      297.20374      0.20467257   
    777000   488.12898      1312.2429      1800.3719      154.96338      293.68266      0.20979452   
    778000   480.31301      1298.6213      1778.9344      122.20351      290.63412      0.21292827   
    779000   502.2098       1290.8073      1793.0171      134.42931      288.88531      0.21433106   
    780000   487.86255      1318.8068      1806.6693      131.87495      295.15166      0.20924647   
    781000   508.41859      1329.5609      1837.9794      123.85244      297.55845      0.20136491   
    782000   523.85013      1321.2444      1845.0945      123.38091      295.6972       0.19635388   
    783000   489.50756      1328.106       1817.6136      158.85852      297.23286      0.19618198   
    784000   512.80882      1316.7981      1829.6069      151.6349       294.70211      0.20173201   
    785000   488.72591      1320.225       1808.9509      220.09088      295.46907      0.20681333   
    786000   454.71746      1330.3082      1785.0257      179.93824      297.72571      0.21091076   
    787000   479.71678      1329.2924      1809.0092      128.73603      297.49838      0.21049724   
    788000   496.61372      1338.8452      1835.4589      103.06242      299.6363       0.20884733   
    789000   489.39539      1357.5243      1846.9197      131.0574       303.81673      0.21036641   
    790000   516.99839      1377.2567      1894.2551      167.89024      308.23288      0.21164606   
    791000   498.07892      1431.4083      1929.4872      259.15684      320.35212      0.21363528   
    792000   470.02665      1378.6338      1848.6605      349.33203      308.54108      0.21779835   
    793000   496.72767      1370.24        1866.9677      314.14681      306.66253      0.22331383   
    794000   494.39732      1401.1316      1895.5289      240.83167      313.57613      0.22652668   
    795000   460.80758      1364.9818      1825.7894      179.21937      305.48573      0.22259485   
    796000   491.00765      1340.0092      1831.0168      170.10516      299.89681      0.21289712   
    797000   513.16953      1303.7019      1816.8714      94.018659      291.77117      0.20481975   
    798000   503.55869      1285.29        1788.8487      136.84524      287.65054      0.20467596   
    799000   478.23884      1306.0932      1784.3321      164.06615      292.30634      0.20200301   
    800000   503.77664      1312.6484      1816.425       170.14658      293.7734       0.20014508   
    801000   525.74568      1344.8716      1870.6173      71.715313      300.98503      0.19922109   
    802000   501.01613      1366.9492      1867.9654      51.829935      305.92604      0.20571276   
    803000   507.22933      1355.1431      1862.3725      37.74973       303.28382      0.21732763   
    804000   488.8057       1343.9948      1832.8005      32.334357      300.78879      0.22031004   
    805000   510.34467      1370.4704      1880.8151      69.396996      306.71409      0.21974701   
    806000   515.31382      1350.7985      1866.1123      103.39677      302.31148      0.21799227   
    807000   506.52732      1344.4527      1850.98        158.57761      300.89128      0.21522419   
    808000   500.51323      1387.4579      1887.9711      184.02679      310.51592      0.21196041   
    809000   520.21979      1329.2341      1849.4539      219.28149      297.48531      0.2092279    
    810000   520.51995      1276.8331      1797.353       189.41916      285.75786      0.20281917   
    811000   496.91601      1329.2244      1826.1404      206.32513      297.48315      0.19763267   
    812000   485.36932      1320.5359      1805.9052      219.63113      295.53865      0.20001156   
    813000   507.35306      1312.4976      1819.8507      99.940092      293.73967      0.20950083   
    814000   503.1577       1313.1609      1816.3186      83.809874      293.88809      0.21977644   
    815000   490.51539      1346.2101      1836.7255      58.728169      301.28458      0.21991364   
    816000   487.22823      1350.7465      1837.9748      125.90912      302.29985      0.21638306   
    817000   487.47587      1324.9472      1812.423       145.39161      296.5259       0.21180049   
    818000   467.06597      1317.2733      1784.3392      210.47816      294.80846      0.211807     
    819000   504.77353      1292.512       1797.2855      203.53626      289.26683      0.21466382   
    820000   462.79306      1303.6904      1766.4835      220.74435      291.76859      0.21843585   
    821000   478.54097      1333.4677      1812.0086      156.45109      298.4328       0.2180734    
    822000   514.95062      1336.1735      1851.1241      157.3704       299.03837      0.20657029   
    823000   505.91813      1356.5416      1862.4598      164.46338      303.5968       0.19797607   
    824000   499.9858       1328.3276      1828.3134      201.50893      297.28244      0.19920101   
    825000   498.50992      1385.5376      1884.0475      283.26248      310.08616      0.20419775   
    826000   515.56583      1365.6152      1881.181       163.67601      305.62748      0.20604073   
    827000   488.62933      1369.7108      1858.3401      184.52121      306.54409      0.20673696   
    828000   514.46587      1374.9129      1889.3787      112.06675      307.70832      0.20161875   
    829000   521.11902      1367.0676      1888.1867      148.88525      305.95254      0.19545205   
    830000   535.08723      1348.9084      1883.9956      92.945228      301.88846      0.18922455   
    831000   537.88396      1398.0967      1935.9806      89.836391      312.8969       0.19063317   
    832000   530.89221      1350.3953      1881.2875      161.60361      302.22124      0.19794504   
    833000   521.16513      1364.239       1885.4042      217.1483       305.3195       0.20163785   
    834000   517.70285      1389.8307      1907.5335      222.57953      311.04696      0.20230615   
    835000   503.00559      1349.0551      1852.0607      220.447        301.9213       0.20224716   
    836000   557.85827      1313.8512      1871.7095      133.44703      294.0426       0.19987899   
    837000   487.68253      1387.5946      1875.2771      201.98583      310.54651      0.20186274   
    838000   514.17864      1353.0314      1867.2101      121.91584      302.81121      0.20381354   
    839000   537.49816      1301.5121      1839.0103      69.214931      291.28108      0.20598717   
    840000   474.212        1321.5261      1795.7381      92.778443      295.76026      0.21441845   
    841000   476.12378      1289.7339      1765.8577      185.2699       288.64509      0.22243074   
    842000   496.2233       1280.2912      1776.5145      269.05605      286.53181      0.22296828   
    843000   485.11573      1319.9791      1805.0948      388.38501      295.41403      0.21954567   
    844000   464.96978      1335.1015      1800.0712      456.66618      298.79845      0.21750202   
    845000   524.42561      1310.7682      1835.1938      433.34609      293.3526       0.21660379   
    846000   500.9077       1336.6132      1837.5209      283.56705      299.13679      0.21312116   
    847000   495.89103      1343.9458      1839.8368      134.57063      300.77782      0.20643608   
    848000   516.60324      1398.4758      1915.0791     -3.7843673      312.98176      0.20300908   
    849000   515.27517      1369.4501      1884.7253      1.4342332      306.48575      0.20460166   
    850000   510.41331      1363.0933      1873.5066      135.47754      305.06308      0.20609024   
    851000   519.9441       1361.5657      1881.5098      160.85756      304.72119      0.20608873   
    852000   506.76585      1353.211       1859.9768      216.21138      302.85139      0.20823534   
    853000   475.20316      1364.3584      1839.5615      219.2423       305.3462       0.2131207    
    854000   477.88431      1294.1198      1772.0041      246.86395      289.62666      0.21637883   
    855000   470.6429       1328.8458      1799.4887      214.63232      297.39841      0.21652162   
    856000   505.47246      1307.7327      1813.2052      268.64059      292.67327      0.2158373    
    857000   488.41712      1330.9585      1819.3756      274.93075      297.87124      0.2097487    
    858000   539.77728      1323.7709      1863.5482      226.93041      296.26264      0.20319112   
    859000   522.73939      1288.1285      1810.8679      194.80281      288.2858       0.19766395   
    860000   525.2819       1341.8041      1867.086       192.16768      300.29852      0.19666304   
    861000   519.31931      1339.9668      1859.2862      208.95177      299.88733      0.20004935   
    862000   512.34855      1326.6909      1839.0395      231.8756       296.91615      0.20630337   
    863000   490.09818      1307.2606      1797.3587      231.71264      292.5676       0.20993378   
    864000   497.74797      1333.2594      1831.0073      218.33029      298.38618      0.20991137   
    865000   487.40847      1330.1211      1817.5296      184.24094      297.68384      0.21005402   
    866000   478.00598      1274.9418      1752.9478      169.63182      285.3346       0.21031244   
    867000   479.25052      1305.8672      1785.1177      159.92756      292.25576      0.21237126   
    868000   496.94315      1327.6499      1824.593       110.84715      297.13077      0.21238219   
    869000   479.45624      1332.8779      1812.3342      92.591246      298.30082      0.20880184   
    870000   498.00642      1320.9365      1818.9429      88.857635      295.62829      0.20315063   
    871000   491.29719      1318.3576      1809.6548      158.56388      295.05114      0.19675966   
    872000   514.55283      1316.5975      1831.1503      214.35856      294.65722      0.19201906   
    873000   538.60448      1310.7681      1849.3726      286.12386      293.3526       0.19122418   
    874000   503.59262      1329.659       1833.2516      232.78736      297.58041      0.19630079   
    875000   497.28722      1320.0922      1817.3794      214.96903      295.43934      0.20715414   
    876000   511.14815      1310.4395      1821.5876      114.23526      293.27904      0.21230524   
    877000   478.94304      1348.9723      1827.9153      104.86379      301.90276      0.21521197   
    878000   510.49795      1341.6925      1852.1905      73.85371       300.27354      0.21616709   
    879000   504.15069      1375.6729      1879.8236      83.938279      307.87842      0.21536202   
    880000   507.04569      1364.4456      1871.4913      141.5396       305.36573      0.21374614   
    881000   533.43697      1346.5872      1880.0242      94.309672      301.36898      0.21286959   
    882000   516.48023      1357.8728      1874.3531      153.73148      303.89472      0.21698401   
    883000   493.24536      1364.9216      1858.1669      176.99198      305.47225      0.22090796   
    884000   489.89623      1329.5301      1819.4263      146.48793      297.55155      0.22188734   
    885000   505.06506      1320.5279      1825.593       189.96637      295.53686      0.21864549   
    886000   501.56436      1359.0621      1860.6265      209.74236      304.1609       0.21420958   
    887000   493.83062      1348.1311      1841.9617      182.02413      301.7145       0.20938999   
    888000   507.36542      1334.2262      1841.5917      93.328209      298.60257      0.20793829   
    889000   507.31175      1356.3821      1863.6938      129.83416      303.56109      0.21135593   
    890000   493.41283      1320.1887      1813.6016      167.45423      295.46095      0.21660129   
    891000   481.74822      1313.9093      1795.6576      243.21094      294.05561      0.22258536   
    892000   474.72451      1341.8926      1816.6171      245.34829      300.31831      0.22931085   
    893000   466.95143      1358.3554      1825.3068      268.50177      304.00272      0.23147646   
    894000   496.88993      1345.6307      1842.5207      250.30957      301.15492      0.22340894   
    895000   497.32486      1360.695       1858.0199      150.57615      304.52635      0.21253553   
    896000   468.93648      1363.8428      1832.7793      185.96724      305.23082      0.20753032   
    897000   518.30211      1299.4772      1817.7793      170.47947      290.82566      0.20612483   
    898000   502.38094      1290.877       1793.258       169.89067      288.90093      0.20680654   
    899000   482.87809      1322.5366      1805.4147      156.79134      295.9864       0.21029336   
    900000   473.29769      1331.5891      1804.8868      117.837        298.01238      0.21548476   
    901000   485.56868      1311.3307      1796.8994      93.872091      293.4785       0.22056496   
    902000   479.77325      1327.1349      1806.9081      143.49685      297.01551      0.22575561   
    903000   484.87009      1330.0189      1814.889       157.06957      297.66096      0.22569377   
    904000   495.60007      1320.7116      1816.3117      313.93449      295.57797      0.21969384   
    905000   533.49857      1335.4801      1868.9786      331.79967      298.88318      0.20882525   
    906000   488.97514      1362.9293      1851.9044      381.96126      305.02637      0.20508487   
    907000   512.36185      1347.6345      1859.9963      278.27394      301.60336      0.20571124   
    908000   500.80387      1327.3757      1828.1795      162.23295      297.0694       0.20946951   
    909000   483.88475      1286.4869      1770.3716      38.868057      287.9184       0.21618572   
    910000   494.84048      1318.2119      1813.0524     -6.7646912      295.01853      0.22470383   
    911000   453.46503      1348.0704      1801.5354      91.719192      301.70092      0.22762386   
    912000   479.16851      1307.4003      1786.5688      165.87993      292.59888      0.22473257   
    913000   470.95574      1345.5787      1816.5344      183.85345      301.14327      0.22094026   
    914000   448.50964      1334.9076      1783.4173      208.28055      298.75507      0.21984979   
    915000   513.31099      1317.092       1830.403       129.57504      294.76788      0.21936354   
    916000   484.8632       1334.8482      1819.7114      121.99434      298.74178      0.22115325   
    917000   487.70713      1357.614       1845.3211      91.165528      303.8368       0.22474838   
    918000   488.67864      1329.2479      1817.9266      154.63333      297.48842      0.2244063    
    919000   477.88831      1328.5613      1806.4496      290.14156      297.33474      0.21710135   
    920000   515.56688      1367.5574      1883.1243      321.19893      306.06216      0.20948422   
    921000   514.15241      1339.2458      1853.3983      236.54463      299.72597      0.20392366   
    922000   517.16155      1326.9233      1844.0848      142.06598      296.96815      0.20379543   
    923000   508.98895      1331.9561      1840.945       110.95001      298.0945       0.20571199   
    924000   508.49199      1346.3866      1854.8785      127.10626      301.32407      0.21286818   
    925000   503.48576      1341.2245      1844.7103      184.48809      300.1688       0.22119696   
    926000   508.6699       1375.0182      1883.6881      225.33282      307.73189      0.22532037   
    927000   486.48999      1345.8407      1832.3307      163.85515      301.20191      0.22421694   
    928000   505.58429      1357.0145      1862.5988      91.407898      303.70263      0.22206554   
    929000   496.32553      1351.9575      1848.283       85.394655      302.57085      0.21890487   
    930000   501.3155       1350.9688      1852.2843      98.866321      302.3496       0.21218751   
    931000   535.06459      1364.0314      1899.096       140.31818      305.27303      0.20679525   
    932000   513.04455      1336.2371      1849.2816      181.40363      299.0526       0.20586695   
    933000   502.27069      1339.2126      1841.4833      292.88321      299.71852      0.21110436   
    934000   470.09803      1345.9082      1816.0062      362.14501      301.21701      0.21896067   
    935000   505.20812      1338.4073      1843.6154      288.0551       299.53829      0.22165828   
    936000   505.26608      1332.1085      1837.3746      184.45926      298.12862      0.21919044   
    937000   505.5394       1320.4127      1825.9521      80.227103      295.51107      0.21118804   
    938000   499.55625      1309.9         1809.4563      58.733249      293.15831      0.20556073   
    939000   510.57702      1337.0056      1847.5826      47.054147      299.22459      0.20271617   
    940000   514.81101      1325.6673      1840.4783      160.16117      296.68707      0.20358521   
    941000   517.43133      1288.4554      1805.8867      218.15308      288.35895      0.20479805   
    942000   487.25556      1345.3481      1832.6037      244.48045      301.09167      0.20927654   
    943000   467.85686      1362.1917      1830.0485      217.63325      304.86129      0.215545     
    944000   486.47989      1357.6615      1844.1414      139.45119      303.84743      0.21992827   
    945000   487.22587      1284.2606      1771.4865      65.539926      287.42017      0.2223168    
    946000   486.379        1290.5581      1776.9371      148.50552      288.82955      0.22294784   
    947000   478.67318      1340.8903      1819.5635      212.7701       300.094        0.21776196   
    948000   492.42884      1345.1442      1837.573       295.88014      301.04603      0.21006896   
    949000   526.40864      1338.6079      1865.0165      277.53602      299.5832       0.2032401    
    950000   511.24824      1351.184       1862.4322      312.67199      302.39775      0.20344206   
    951000   525.58585      1354.7261      1880.312       271.91873      303.19048      0.20557963   
    952000   514.33542      1405.3934      1919.7288      274.40391      314.52992      0.20813021   
    953000   531.68127      1347.3589      1879.0402      235.36474      301.54169      0.20782906   
    954000   493.49005      1359.5277      1853.0177      210.69312      304.26508      0.20647142   
    955000   514.88038      1376.8214      1891.7017      183.87085      308.13544      0.20660787   
    956000   523.13159      1342.0853      1865.2169      109.97416      300.36145      0.2059471    
    957000   529.69059      1343.9312      1873.6218      101.19135      300.77455      0.2010399    
    958000   529.52085      1335.6675      1865.1883      152.88664      298.92512      0.19565719   
    959000   533.27457      1329.8051      1863.0797      185.52438      297.61311      0.19648322   
    960000   530.25172      1400.7892      1931.041       260.3964       313.49951      0.20252216   
    961000   506.27652      1347.3213      1853.5978      238.18885      301.53327      0.21080279   
    962000   509.90389      1333.6439      1843.5478      251.79538      298.47225      0.21661079   
    963000   465.37467      1320.9087      1786.2833      211.58546      295.62207      0.21566671   
    964000   506.28418      1307.5037      1813.7879      132.47235      292.62202      0.21365881   
    965000   481.34411      1346.1729      1827.5171      106.84317      301.27627      0.2098156    
    966000   477.41365      1320.0047      1797.4184      116.02235      295.41976      0.20841783   
    967000   504.23085      1339.5045      1843.7353      145.96939      299.78385      0.20803174   
    968000   487.80023      1320.0261      1807.8264      163.69832      295.42456      0.20715965   
    969000   533.06485      1323.2928      1856.3576      109.20644      296.15564      0.20296211   
    970000   527.20969      1337.0072      1864.2169      58.432165      299.22496      0.19982533   
    971000   521.85093      1336.7814      1858.6323      63.927651      299.17442      0.20165495   
    972000   513.653        1349.6024      1863.2554      121.81359      302.04378      0.20725406   
    973000   529.70126      1347.6202      1877.3214      261.71607      301.60017      0.21090658   
    974000   503.27685      1360.4526      1863.7294      297.92563      304.47208      0.21190972   
    975000   490.94659      1367.2178      1858.1644      379.40044      305.98615      0.21075773   
    976000   504.02008      1374.9704      1878.9905      339.63483      307.72121      0.20295217   
    977000   530.26013      1345.6957      1875.9559      268.68065      301.16947      0.19476082   
    978000   521.45294      1362.8859      1884.3389      185.23645      305.01667      0.19156088   
    979000   518.12101      1364.1232      1882.2442      125.02014      305.29357      0.19206598   
    980000   541.63026      1414.0291      1955.6593      116.23677      316.46261      0.19619829   
    981000   500.29931      1401.6284      1901.9277      116.47904      313.68732      0.20093568   
    982000   516.26942      1367.037       1883.3065      83.9224        305.94569      0.20120413   
    983000   519.97435      1351.2998      1871.2742      39.168191      302.42367      0.20139395   
    984000   511.72422      1337.2169      1848.9412      128.96987      299.2719       0.20389841   
    985000   480.83889      1361.1197      1841.9586      157.35936      304.62138      0.2039822    
    986000   523.15987      1334.9632      1858.1231      161.40884      298.76751      0.20020723   
    987000   528.98709      1327.728       1856.7151      119.44413      297.14825      0.19491187   
    988000   516.36053      1334.7912      1851.1517      98.983277      298.72901      0.19277292   
    989000   515.77204      1343.3847      1859.1568      129.501        300.65226      0.19812027   
    990000   511.20231      1387.0397      1898.242       178.93931      310.42233      0.20393246   
    991000   500.99743      1359.1284      1860.1258      226.82713      304.17573      0.20630065   
    992000   492.03728      1354.9767      1847.014       269.61632      303.24656      0.20688539   
    993000   523.45349      1311.351       1834.8045      288.73255      293.48305      0.20419049   
    994000   522.91328      1316.6954      1839.6086      241.44618      294.67912      0.19813836   
    995000   514.11859      1323.6726      1837.7911      184.86177      296.24064      0.19631257   
    996000   503.0532       1304.1928      1807.246       128.46786      291.88103      0.19782114   
    997000   493.90709      1296.8036      1790.7107      95.931151      290.22732      0.20369048   
    998000   511.57483      1304.1136      1815.6885      85.924995      291.86331      0.21176933   
    999000   497.09548      1317.5019      1814.5974      107.50592      294.85962      0.21568597   
   1000000   506.487        1309.5938      1816.0808      172.75609      293.08977      0.21563072   
   1001000   498.31556      1334.2411      1832.5567      213.81507      298.6059       0.21365775   
   1002000   510.35584      1343.5314      1853.8872      219.9193       300.68508      0.21194253   
   1003000   516.0818       1337.4882      1853.57        268.01002      299.3326       0.21731784   
   1004000   502.04379      1377.3103      1879.354       278.33969      308.24486      0.22527281   
   1005000   502.37021      1340.9485      1843.3187      216.39295      300.10703      0.22575572   
   1006000   491.91383      1363.4319      1855.3457      183.70873      305.13886      0.22315032   
   1007000   508.52313      1331.2427      1839.7658      166.657        297.93484      0.21437531   
   1008000   495.09299      1356.3785      1851.4715      83.266092      303.56029      0.2045377    
   1009000   523.81607      1353.7439      1877.5599      77.990249      302.97065      0.20438654   
   1010000   495.11572      1345.0937      1840.2094      83.135349      301.03472      0.21021627   
   1011000   522.00706      1347.3839      1869.391       161.4135       301.54729      0.21687823   
   1012000   507.55058      1375.5907      1883.1413      164.07551      307.86003      0.21676689   
   1013000   543.5951       1357.5223      1901.1174      150.13107      303.81627      0.21276461   
   1014000   535.89047      1378.1883      1914.0788      124.48806      308.44137      0.20846953   
   1015000   521.14506      1362.6673      1883.8123      70.765941      304.96773      0.20792951   
   1016000   493.95147      1361.7188      1855.6702      97.078071      304.75545      0.21427718   
   1017000   477.76511      1325.05        1802.8151      75.117188      296.5489       0.22198451   
   1018000   481.07921      1323.9121      1804.9913      82.868211      296.29425      0.22631583   
   1019000   471.3424       1340.2584      1811.6008      101.27225      299.95259      0.22696241   
   1020000   468.34512      1352.8052      1821.1503      137.15151      302.76058      0.22597796   
   1021000   460.51892      1378.4877      1839.0066      197.45587      308.50838      0.22319908   
   1022000   497.36484      1326.683       1824.0478      189.30722      296.91437      0.21555277   
   1023000   506.28516      1337.5582      1843.8434      226.98896      299.34828      0.20958311   
   1024000   518.7495       1372.4271      1891.1766      225.10683      307.152        0.20819343   
   1025000   495.21847      1350.6846      1845.9031      228.31992      302.28599      0.20930422   
   1026000   526.31255      1351.1948      1877.5073      176.22241      302.40016      0.21068277   
   1027000   504.70804      1354.1556      1858.8636      200.42199      303.0628       0.21310102   
   1028000   524.39734      1301.782       1826.1794      171.58561      291.34149      0.21355841   
   1029000   524.06835      1312.7727      1836.841       155.56662      293.80122      0.21609052   
   1030000   469.05389      1316.6132      1785.6671      132.08603      294.66074      0.21737477   
   1031000   493.64712      1336.9059      1830.553       64.471485      299.20229      0.21285357   
   1032000   493.25557      1290.5568      1783.8124      119.97031      288.82927      0.2053339    
   1033000   490.18643      1364.7853      1854.9717      247.28388      305.44174      0.20244215   
   1034000   492.46286      1381.7823      1874.2451      300.74353      309.24571      0.20197649   
   1035000   516.10159      1338.5234      1854.625       277.22508      299.56428      0.2031479    
   1036000   512.04664      1357.8654      1869.912       249.15426      303.89306      0.20614978   
   1037000   492.4727       1378.3977      1870.8704      257.36727      308.48824      0.21023039   
   1038000   504.94025      1347.4069      1852.3472      149.44559      301.55243      0.20870345   
   1039000   511.40868      1301.4292      1812.8379      137.10788      291.26253      0.199309     
   1040000   508.30111      1332.2744      1840.5755      165.36366      298.16574      0.19417762   
   1041000   527.2405       1294.8757      1822.1162      223.56224      289.79584      0.19559903   
   1042000   522.67363      1315.8847      1838.5583      257.94256      294.49769      0.19985521   
   1043000   514.78869      1319.8942      1834.6829      239.09621      295.39503      0.20623101   
   1044000   499.85903      1335.0038      1834.8628      215.17682      298.77658      0.21046376   
   1045000   502.7668       1339.5414      1842.3082      186.9396       299.79212      0.21196408   
   1046000   516.80717      1331.5595      1848.3667      99.364095      298.00576      0.21173661   
   1047000   525.82504      1323.097       1848.922       89.278121      296.11182      0.21177428   
   1048000   529.39757      1335.4057      1864.8032      117.58696      298.86653      0.21256313   
   1049000   505.85239      1384.7111      1890.5634      127.12796      309.90118      0.21352885   
   1050000   527.31471      1362.1029      1889.4176      97.580929      304.84142      0.21396555   
   1051000   499.1913       1350.3228      1849.5141      149.06203      302.205        0.21259551   
   1052000   515.79513      1368.0282      1883.8233      183.70043      306.16751      0.21211521   
   1053000   512.56092      1340.5374      1853.0983      215.58439      300.01503      0.21334125   
   1054000   519.56186      1353.8681      1873.4299      157.33763      302.99845      0.21136886   
   1055000   503.89566      1368.2947      1872.1904      155.68673      306.22717      0.20543797   
   1056000   500.3953       1352.5181      1852.9134      193.87458      302.69633      0.20080654   
   1057000   508.36574      1308.8121      1817.1778      169.6025       292.91483      0.19512835   
   1058000   502.29901      1344.1009      1846.3999      184.95779      300.81255      0.1949609    
   1059000   491.19329      1329.9175      1821.1107      220.70084      297.63826      0.19923279   
   1060000   516.45473      1302.939       1819.3937      300.8791       291.60042      0.20622627   
   1061000   494.2459       1343.2734      1837.5193      335.71894      300.62735      0.21044977   
   1062000   461.96842      1370.1736      1832.1421      299.19796      306.64767      0.21166905   
   1063000   488.86306      1348.6696      1837.5327      239.17685      301.83502      0.21410725   
   1064000   477.2756       1362.5996      1839.8752      183.92907      304.95259      0.21591465   
   1065000   506.39224      1374.297       1880.6892      142.21362      307.57049      0.2162137    
   1066000   500.92034      1425.4084      1926.3287      146.73998      319.00933      0.21141759   
   1067000   497.586        1380.6123      1878.1983      81.343136      308.98387      0.20136701   
   1068000   511.97691      1351.0709      1863.0478      96.51628       302.37245      0.19831194   
   1069000   551.0908       1346.9492      1898.04        95.525067      301.44999      0.20157156   
   1070000   543.22835      1396.1792      1939.4076      137.94123      312.46778      0.20549595   
   1071000   505.29157      1377.5947      1882.8863      219.05689      308.30853      0.20711367   
   1072000   526.85944      1354.0139      1880.8733      251.03556      303.03108      0.20391076   
   1073000   541.15058      1373.4419      1914.5925      332.26056      307.37911      0.1982601    
   1074000   559.34365      1325.7261      1885.0697      360.88966      296.70022      0.19393035   
   1075000   535.449        1334.5454      1869.9944      271.02184      298.67401      0.19055895   
   1076000   525.54056      1308.5311      1834.0716      170.63413      292.85193      0.19173247   
   1077000   505.04935      1334.9047      1839.9541      101.6363       298.75442      0.19717204   
   1078000   521.49906      1321.3375      1842.8366      70.750476      295.71804      0.20694941   
   1079000   505.33768      1301.9706      1807.3083      165.45386      291.38369      0.21014319   
   1080000   507.09911      1346.0865      1853.1856      248.05878      301.25693      0.20686086   
   1081000   499.23995      1331.363       1830.6029      297.74317      297.96176      0.20382188   
   1082000   534.19285      1289.915       1824.1078      292.54553      288.68562      0.20036279   
   1083000   490.6851       1305.6485      1796.3336      162.64172      292.2068       0.19581099   
   1084000   514.96797      1329.297       1844.265       91.112272      297.49941      0.19700936   
   1085000   489.29528      1369.3898      1858.685       73.997156      306.47224      0.19998134   
   1086000   536.46281      1350.0824      1886.5452      154.42798      302.15122      0.20315796   
   1087000   510.05825      1341.3881      1851.4464      205.60562      300.20541      0.2057997    
   1088000   491.0571       1343.0165      1834.0736      219.31685      300.56984      0.20791354   
   1089000   487.48744      1309.6203      1797.1077      168.64658      293.09571      0.20783256   
   1090000   493.13359      1339.4861      1832.6197      165.99685      299.77974      0.21018431   
   1091000   492.29676      1305.3296      1797.6263      153.48617      292.13543      0.21001874   
   1092000   513.53556      1327.5469      1841.0825      116.85303      297.10772      0.20551177   
   1093000   532.84929      1288.1208      1820.9701      121.27157      288.28408      0.2001803    
   1094000   498.01919      1314.3869      1812.4061      182.13857      294.16249      0.2011978    
   1095000   487.75732      1329.2455      1817.0028      278.65063      297.48787      0.21124793   
   1096000   485.38129      1341.7002      1827.0815      295.00499      300.27526      0.21772348   
   1097000   504.7705       1328.5579      1833.3284      277.94403      297.33399      0.2166001    
   1098000   514.9233       1336.6678      1851.5911      123.46529      299.14899      0.21030998   
   1099000   518.28356      1331.5909      1849.8744      81.807166      298.01277      0.20916623   
   1100000   518.21986      1307.7341      1825.954       115.0223       292.67358      0.20658329   
   1101000   493.10828      1320.5067      1813.615       140.30568      295.53212      0.20495403   
   1102000   517.96608      1319.7137      1837.6798      133.77745      295.35463      0.203024     
   1103000   505.84286      1311.8119      1817.6547      247.72019      293.58619      0.20508277   
   1104000   509.45491      1327.5934      1837.0483      299.4433       297.11813      0.21107445   
   1105000   514.51582      1323.2779      1837.7937      299.06004      296.15231      0.21561943   
   1106000   483.4674       1302.7997      1786.2671      274.79099      291.56925      0.21169897   
   1107000   515.58247      1343.4587      1859.0412      154.23855      300.66882      0.2032441    
   1108000   503.93659      1343.9961      1847.9327      105.14037      300.78908      0.19893565   
   1109000   527.48185      1336.3557      1863.8376      93.684731      299.07916      0.19965949   
   1110000   512.85827      1345.5435      1858.4018      80.87317       301.13539      0.204273     
   1111000   489.50813      1350.6051      1840.1132      161.99443      302.26818      0.21208427   
   1112000   490.66399      1362.6521      1853.3161      147.23088      304.96434      0.21556877   
   1113000   490.16575      1328.3544      1818.5201      147.29101      297.28844      0.21522364   
   1114000   496.16303      1312.443       1808.606       148.95372      293.72743      0.21271839   
   1115000   530.57006      1308.7905      1839.3605      159.81437      292.91         0.20986932   
   1116000   507.92927      1342.7002      1850.6295      114.83798      300.49907      0.20777845   
   1117000   489.75489      1326.5678      1816.3227      58.827261      296.8886       0.20672578   
   1118000   495.064        1311.1442      1806.2082      85.358096      293.43676      0.20491472   
   1119000   488.2903       1308.4392      1796.7295      81.601389      292.83138      0.20136127   
   1120000   501.57774      1358.5095      1860.0872      162.55178      304.03721      0.19657304   
   1121000   511.78887      1364.2442      1876.033       227.61832      305.32064      0.19502669   
   1122000   533.84648      1361.2694      1895.1159      222.9819       304.65488      0.19892488   
   1123000   510.62921      1360.4337      1871.063       221.50802      304.46786      0.20442547   
   1124000   506.69557      1359.0495      1865.7451      194.06006      304.15806      0.21187558   
   1125000   516.58416      1376.0186      1892.6027      122.60793      307.95578      0.21502698   
   1126000   497.36727      1355.1755      1852.5428      58.334878      303.29107      0.21193452   
   1127000   521.43346      1351.4975      1872.931       130.14102      302.46793      0.20581734   
   1128000   536.61046      1349.3032      1885.9137      224.70067      301.97684      0.19972637   
   1129000   518.18808      1367.1668      1885.3548      333.16515      305.97473      0.1962371    
   1130000   553.13508      1362.0455      1915.1805      315.54988      304.82857      0.1952882    
   1131000   503.35252      1416.3109      1919.6634      350.68772      316.97329      0.20188378   
   1132000   484.92066      1335.1189      1820.0396      250.16117      298.80236      0.2129322    
   1133000   501.11186      1333.287       1834.3988      105.71694      298.39236      0.21639819   
   1134000   516.04565      1329.257       1845.3027      67.128591      297.49044      0.21676457   
   1135000   488.4426       1377.2922      1865.7348      86.655199      308.24083      0.21574857   
   1136000   518.80093      1401.8625      1920.6635      130.4965       313.73971      0.2123114    
   1137000   525.57107      1368.0686      1893.6397      198.55769      306.17657      0.20769186   
   1138000   509.16034      1363.5958      1872.7561      241.6717       305.17553      0.2020703    
   1139000   534.83022      1366.2509      1901.0811      241.62522      305.76975      0.19736439   
   1140000   545.85941      1383.5041      1929.3636      200.57268      309.63107      0.1967551    
   1141000   536.79065      1358.773       1895.5636      188.4937       304.09618      0.20498956   
   1142000   502.48961      1363.8364      1866.326       214.71719      305.22939      0.21580436   
   1143000   493.90561      1301.5156      1795.4212      191.53649      291.28186      0.2186379    
   1144000   481.45355      1331.8824      1813.336       202.57365      298.07802      0.2168404    
   1145000   496.48613      1358.2617      1854.7478      242.12574      303.98176      0.21183854   
   1146000   516.4193       1347.538       1863.9573      213.07698      301.58176      0.20719329   
   1147000   503.81508      1336.0777      1839.8928      250.03417      299.01693      0.20446014   
   1148000   487.18438      1332.2124      1819.3968      164.67456      298.15188      0.20352925   
   1149000   535.48545      1332.7437      1868.2292      169.259        298.27078      0.20588608   
   1150000   509.68746      1382.5667      1892.2542      174.6188       309.42126      0.20927196   
   1151000   492.65937      1388.1846      1880.844       209.32647      310.67857      0.21670226   
   1152000   507.95815      1350.2049      1858.1631      251.70393      302.17863      0.225211     
   1153000   488.94555      1361.4494      1850.395       241.70712      304.69517      0.22740756   
   1154000   501.13227      1356.1791      1857.3114      143.0484       303.51568      0.22345047   
   1155000   510.66838      1349.3401      1860.0085      147.3986       301.98508      0.21528169   
   1156000   515.63312      1359.5038      1875.1369      118.24961      304.25973      0.20716518   
   1157000   516.47507      1350.8125      1867.2876      151.47857      302.31461      0.20380848   
   1158000   521.02378      1366.7688      1887.7925      172.21212      305.88565      0.20532653   
   1159000   478.66109      1362.661       1841.3221      217.29587      304.96633      0.21019537   
   1160000   516.14385      1347.2175      1863.3613      161.88958      301.51004      0.21508811   
   1161000   520.10346      1354.1935      1874.2969      123.58823      303.07128      0.21808356   
   1162000   486.83297      1343.7523      1830.5853      70.665359      300.73452      0.22101153   
   1163000   508.83151      1337.3255      1846.157      -18.402177      299.29618      0.21788318   
   1164000   518.09002      1346.0922      1864.1823     -48.442417      301.25821      0.21084781   
   1165000   546.70368      1331.8595      1878.5632      42.410383      298.07289      0.20665041   
   1166000   508.39846      1363.4768      1871.8753      248.62431      305.14891      0.20769949   
   1167000   489.44073      1342.8902      1832.3309      368.1422       300.54158      0.21021956   
   1168000   491.9014       1329.9834      1821.8848      378.70858      297.65301      0.21204542   
   1169000   493.4664       1344.5656      1838.032       327.93183      300.91653      0.21338477   
   1170000   505.8374       1335.1937      1841.0311      295.61067      298.8191       0.21341688   
   1171000   502.94694      1325.8046      1828.7515      187.01259      296.71779      0.2096526    
   1172000   517.81089      1294.0841      1811.895       78.701776      289.61869      0.20899806   
   1173000   507.33394      1306.5496      1813.8836      65.232504      292.40849      0.2112229    
   1174000   508.60304      1281.8977      1790.5007      22.258614      286.89133      0.21146826   
   1175000   480.64482      1343.7781      1824.423       138.56545      300.74031      0.21426767   
   1176000   472.38429      1310.5218      1782.9061      189.39827      293.29747      0.22172425   
   1177000   502.01083      1308.8037      1810.8145      212.15447      292.91296      0.22742752   
   1178000   489.25758      1331.8663      1821.1239      212.55861      298.07442      0.22674188   
   1179000   472.06593      1332.7178      1804.7838      140.30432      298.26499      0.21829532   
   1180000   507.63974      1307.15        1814.7897      147.06645      292.54284      0.21155728   
   1181000   520.52764      1307.0964      1827.6241      69.281294      292.53087      0.20901023   
   1182000   497.45289      1343.4789      1840.9317      120.68942      300.67333      0.21027746   
   1183000   502.2591       1311.9219      1814.181       122.97938      293.61081      0.21215123   
   1184000   542.28446      1305.1595      1847.4439      181.13861      292.09737      0.21290128   
   1185000   519.24076      1290.7073      1809.9481      147.74179      288.86295      0.21208521   
   1186000   511.95436      1321.3707      1833.325       195.15736      295.72547      0.21389869   
   1187000   465.84569      1328.6153      1794.461       229.25464      297.34683      0.2149765    
   1188000   522.57291      1313.2928      1835.8657      226.94827      293.91761      0.20991618   
   1189000   488.9345       1360.3797      1849.3143      227.9006       304.45578      0.20271763   
   1190000   493.84062      1331.2622      1825.1028      257.92376      297.93922      0.19730934   
   1191000   526.40766      1336.1957      1862.6033      247.87301      299.04334      0.1961621    
   1192000   524.56152      1366.6335      1891.195       133.96262      305.85538      0.19872376   
   1193000   537.09276      1404.9779      1942.0706      122.6667       314.43693      0.20140004   
   1194000   517.39823      1387.9656      1905.3638      29.774051      310.62955      0.20184831   
   1195000   521.59747      1368.617       1890.2145      9.3537612      306.2993       0.20435333   
   1196000   501.78436      1353.3175      1855.1019      107.65878      302.87524      0.21120955   
   1197000   527.05598      1336.0219      1863.0778      126.34066      299.00443      0.21332923   
   1198000   522.4451       1343.2131      1865.6582      181.04211      300.61384      0.20971734   
   1199000   503.15036      1349.4595      1852.6098      261.39034      302.0118       0.20261136   
   1200000   509.72272      1306.5539      1816.2766      241.31799      292.40945      0.1943266    
   1201000   540.68092      1314.2503      1854.9312      131.63773      294.13191      0.19191205   
   1202000   497.1286       1341.1614      1838.29        65.741183      300.15467      0.19579198   
   1203000   511.87533      1344.4754      1856.3507      40.843315      300.89635      0.20369995   
   1204000   529.13747      1320.3214      1849.4588     -0.66408913     295.49063      0.20877979   
   1205000   500.28104      1341.8383      1842.1193      114.65005      300.30616      0.20985971   
   1206000   527.01389      1360.9423      1887.9562      263.62541      304.58167      0.20608713   
   1207000   526.19484      1355.7532      1881.948       328.91118      303.42034      0.2014762    
   1208000   557.70463      1342.086       1899.7906      371.89428      300.3616       0.19950134   
   1209000   507.62625      1349.2412      1856.8675      281.36632      301.96295      0.1982384    
   1210000   529.41704      1350.5298      1879.9469      245.44406      302.25135      0.20361303   
   1211000   477.07909      1360.8106      1837.8896      139.87598      304.5522       0.21301977   
   1212000   506.60653      1336.8719      1843.4784      97.571954      299.19468      0.21904711   
   1213000   495.30017      1360.2446      1855.5448      123.92203      304.42554      0.21923754   
   1214000   503.00956      1352.2715      1855.2811      222.18805      302.64114      0.21843981   
   1215000   533.28361      1350.5453      1883.8289      199.21422      302.25481      0.21069654   
   1216000   537.54756      1318.9663      1856.5139      252.28706      295.18738      0.20536097   
   1217000   480.35622      1346.6088      1826.965       261.43265      301.37381      0.20435837   
   1218000   510.93863      1366.394       1877.3326      257.8163       305.80177      0.206062     
   1219000   540.55371      1358.8475      1899.4012      148.7978       304.11285      0.20625405   
   1220000   544.45884      1373.3779      1917.8367      102.25517      307.36479      0.20528271   
   1221000   499.16944      1377.4657      1876.6352      128.09658      308.27966      0.20455701   
   1222000   541.4174       1338.0027      1879.4201      200.16272      299.44775      0.20751565   
   1223000   541.53351      1343.5708      1885.1043      212.1387       300.6939       0.21080471   
   1224000   531.93493      1417.2472      1949.1821      183.59131      317.18283      0.21428527   
   1225000   508.41107      1377.2864      1885.6975      132.04785      308.23952      0.21046323   
   1226000   519.9773       1344.7403      1864.7176      17.938259      300.95563      0.20212638   
   1227000   523.09785      1360.2583      1883.3561     -17.256162      304.4286       0.19670107   
   1228000   525.42943      1330.1868      1855.6162      64.430846      297.69853      0.19555003   
   1229000   529.9466       1297.6407      1827.5873      176.57389      290.41466      0.19729535   
   1230000   482.9894       1276.8977      1759.8871      248.44849      285.77232      0.20188364   
   1231000   498.1905       1316.2976      1814.4881      305.49893      294.59009      0.20931099   
   1232000   501.93185      1342.3889      1844.3207      294.03826      300.42939      0.21135225   
   1233000   501.4229       1338.017       1839.4399      308.52344      299.45095      0.20986173   
   1234000   479.49014      1336.0056      1815.4958      196.13701      299.0008       0.20845329   
   1235000   495.13175      1333.2448      1828.3766      116.68986      298.38293      0.21055038   
   1236000   517.32684      1318.497       1835.8238      91.115993      295.08234      0.21295151   
   1237000   507.49493      1350.3039      1857.7988      82.144527      302.20079      0.21106483   
   1238000   487.42295      1354.1549      1841.5778      96.891844      303.06264      0.2075959    
   1239000   523.23261      1312.3265      1835.5591      66.480511      293.70135      0.19824862   
   1240000   530.95163      1326.9262      1857.8778      72.26661       296.96881      0.19165122   
   1241000   508.88361      1329.1933      1838.0769      43.785895      297.47618      0.19172961   
   1242000   506.07018      1304.927       1810.9972      75.977803      292.04534      0.19578512   
   1243000   547.47338      1301.693       1849.1663      196.51363      291.32156      0.20055657   
   1244000   543.2676       1319.659       1862.9266      326.08965      295.34239      0.20332101   
   1245000   531.25657      1365.2745      1896.531       394.29838      305.55122      0.20513461   
   1246000   505.55964      1352.4712      1858.0308      361.89094      302.68582      0.20725955   
   1247000   482.16266      1351.6154      1833.7781      220.80971      302.49431      0.20846745   
   1248000   473.13348      1303.4512      1776.5847      132.97923      291.71505      0.20994823   
   1249000   502.60678      1329.7971      1832.4039      115.04894      297.61133      0.21179767   
   1250000   492.86471      1326.0955      1818.9602      109.46286      296.7829       0.21245534   
   1251000   509.0046       1318.8131      1827.8177      104.76301      295.15309      0.21570796   
   1252000   487.05177      1314.7068      1801.7585      117.30288      294.23407      0.21726978   
   1253000   474.3509       1323.221       1797.5719      120.732        296.13957      0.21673983   
   1254000   504.8963       1290.9863      1795.8826      161.16824      288.92539      0.21231269   
   1255000   488.89126      1354.0533      1842.9445      225.32183      303.0399       0.20387604   
   1256000   535.82336      1359.3578      1895.1811      240.09333      304.22706      0.19856861   
   1257000   543.23131      1369.5452      1912.7765      166.18535      306.50703      0.19972583   
   1258000   521.33586      1370.8924      1892.2283      111.0715       306.80853      0.20506585   
   1259000   522.24523      1361.802       1884.0472      30.71442       304.77408      0.20801991   
   1260000   509.20199      1347.2429      1856.4449      29.138966      301.51573      0.20674765   
   1261000   518.52629      1341.0528      1859.5791      159.49855      300.13037      0.20700801   
   1262000   504.10293      1337.8909      1841.9938      237.35863      299.42272      0.20417317   
   1263000   489.47322      1340.4757      1829.9489      312.84392      300.00121      0.20717669   
   1264000   498.16243      1290.503       1788.6655      211.91271      288.81723      0.21347721   
   1265000   495.66245      1339.6398      1835.3023      154.97348      299.81414      0.22154113   
   1266000   495.38666      1308.6057      1803.9924      123.92869      292.86865      0.2210964    
   1267000   482.77875      1294.9383      1777.7171      147.51768      289.80986      0.2168732    
   1268000   488.63137      1294.4597      1783.0911      146.4198       289.70274      0.21222751   
   1269000   532.76314      1312.6473      1845.4104      208.95247      293.77315      0.21106691   
   1270000   533.74399      1333.0973      1866.8413      278.73825      298.34991      0.2116818    
   1271000   510.49411      1333.2622      1843.7563      300.06764      298.38681      0.21500917   
   1272000   495.14423      1339.7853      1834.9295      315.91915      299.8467       0.21660805   
   1273000   514.27496      1385.0963      1899.3713      157.05663      309.9874       0.21580304   
   1274000   522.90105      1335.5234      1858.4245      96.717682      298.89289      0.21558215   
   1275000   496.64775      1338.7697      1835.4174      32.598983      299.6194       0.2107261    
   1276000   490.67359      1324.3217      1814.9953      58.567787      296.38592      0.20624985   
   1277000   516.84007      1283.4078      1800.2479      40.713581      287.22931      0.20527232   
   1278000   506.48205      1304.9223      1811.4044      153.01711      292.0443       0.21068453   
   1279000   497.71888      1342.9742      1840.6931      213.25119      300.56039      0.21586505   
   1280000   514.64202      1291.4883      1806.1303      171.19026      289.03772      0.2179837    
   1281000   492.81752      1334.35        1827.1676      129.92904      298.63028      0.22029563   
   1282000   463.95167      1344.6109      1808.5626      73.066416      300.92668      0.22138394   
   1283000   475.64937      1323.9603      1799.6096      44.741991      296.30502      0.22076968   
   1284000   515.00931      1317.6299      1832.6392      83.320716      294.88827      0.21994616   
   1285000   521.38826      1355.9723      1877.3605      107.70525      303.46937      0.21596891   
   1286000   520.75838      1328.0245      1848.7829      150.99096      297.21462      0.20946321   
   1287000   538.60529      1322.1335      1860.7388      149.17507      295.89618      0.20290197   
   1288000   495.40927      1363.8802      1859.2894      187.20057      305.23918      0.19881183   
   1289000   535.93805      1338.1454      1874.0834      143.26592      299.47968      0.19448486   
   1290000   550.27149      1291.3621      1841.6336      132.74702      289.00948      0.20100044   
   1291000   520.20604      1335.3917      1855.5978      124.52835      298.86341      0.21161966   
   1292000   507.80376      1315.2351      1823.0389      110.93996      294.35232      0.21553568   
   1293000   527.48961      1351.0341      1878.5237      109.40029      302.36421      0.21954608   
   1294000   512.00105      1343.6515      1855.6525      152.68303      300.71196      0.2201486    
   1295000   510.78714      1366.6627      1877.4499      200.80312      305.86192      0.21645723   
   1296000   491.95377      1382.2467      1874.2005      339.1168       309.34965      0.21151752   
   1297000   514.59012      1382.141       1896.7311      383.18744      309.32599      0.21236074   
   1298000   494.88852      1372.2918      1867.1803      469.64616      307.12171      0.21970605   
   1299000   505.97764      1359.2274      1865.2051      413.064        304.19789      0.22307154   
   1300000   482.49674      1371.4595      1853.9563      263.78504      306.93546      0.222168     
   1301000   486.1871       1345.4673      1831.6544      209.46883      301.11835      0.22166246   
   1302000   500.2644       1350.3418      1850.6062      177.41439      302.20926      0.21875358   
   1303000   504.34453      1330.4692      1834.8137      154.16997      297.76173      0.21310021   
   1304000   522.70483      1310.3334      1833.0383      160.36346      293.25531      0.21050627   
   1305000   498.65321      1334.08        1832.7332      226.48474      298.56984      0.21291894   
   1306000   521.08548      1318.7948      1839.8802      274.08801      295.14897      0.21277658   
   1307000   512.2664       1298.7403      1811.0067      266.43952      290.66073      0.21500389   
   1308000   464.21985      1326.5496      1790.7695      177.08382      296.88453      0.21954781   
   1309000   465.73212      1312.0935      1777.8256      84.428431      293.64921      0.22112162   
   1310000   522.03746      1321.8149      1843.8524      38.191808      295.8249       0.21881651   
   1311000   502.93858      1336.41        1839.3486      82.544879      299.09131      0.21033845   
   1312000   545.33628      1283.4899      1828.8262      57.788748      287.24768      0.20153374   
   1313000   470.66835      1371.534       1842.2024      135.71034      306.95213      0.2032884    
   1314000   517.90921      1318.3623      1836.2715      187.61482      295.0522       0.21010571   
   1315000   528.37102      1310.7351      1839.1062      197.68376      293.34521      0.21657955   
   1316000   483.11249      1249.6587      1732.7712      174.90857      279.67619      0.2177714    
   1317000   487.57344      1309.4628      1797.0362      135.35383      293.06046      0.21985576   
   1318000   493.24092      1328.3465      1821.5874      51.027793      297.28668      0.21935349   
   1319000   517.87543      1315.085       1832.9604      64.798023      294.31873      0.21591903   
   1320000   515.38115      1340.9426      1856.3237      88.338834      300.1057       0.21445773   
   1321000   500.1011       1322.6637      1822.7648      166.09303      296.01485      0.21717683   
   1322000   463.9758       1390.6401      1854.6159      259.12414      311.22811      0.22202167   
   1323000   481.71583      1389.4823      1871.1981      335.01508      310.96899      0.22503149   
   1324000   472.96648      1389.7405      1862.707       327.79433      311.02679      0.22618826   
   1325000   511.31244      1387.1689      1898.4813      247.91725      310.45124      0.22540226   
   1326000   497.73805      1354.4781      1852.2161      133.56702      303.13497      0.21986323   
   1327000   514.60172      1339.9         1854.5017      25.61846       299.87238      0.21205977   
   1328000   497.82257      1333.3214      1831.144      -111.9823       298.40007      0.20765004   
   1329000   504.80297      1270.683       1775.486      -137.21106      284.38147      0.2079333    
   1330000   496.84907      1320.2915      1817.1406     -18.909891      295.48395      0.21104113   
   1331000   499.65858      1323.8959      1823.5545      133.59365      296.29062      0.21254139   
   1332000   495.79991      1268.6207      1764.4206      209.01757      283.91993      0.21411893   
   1333000   487.05658      1308.4225      1795.4791      291.36143      292.82764      0.21873234   
   1334000   499.73071      1328.1723      1827.903       377.87892      297.24768      0.22289384   
   1335000   497.77804      1329.0405      1826.8185      327.76979      297.44199      0.21636165   
   1336000   537.93804      1292.0016      1829.9396      250.76035      289.15261      0.20617851   
   1337000   513.0911       1316.823       1829.9141      153.0277       294.7077       0.20322688   
   1338000   511.95973      1310.7583      1822.718       106.98517      293.35039      0.2045888    
   1339000   521.23912      1284.1465      1805.3856      119.22617      287.39462      0.20780648   
   1340000   533.63406      1314.6686      1848.3027      65.119169      294.22553      0.21275626   
   1341000   476.10559      1336.464       1812.5696      131.91906      299.1034       0.21311682   
   1342000   518.38203      1301.2184      1819.6005      182.25586      291.21536      0.21111856   
   1343000   519.56689      1311.4787      1831.0456      184.32993      293.51162      0.20326554   
   1344000   504.6186       1343.6583      1848.2769      211.0496       300.71348      0.19334713   
   1345000   538.13154      1337.9528      1876.0843      229.96731      299.43659      0.19156963   
   1346000   542.65957      1323.9301      1866.5897      192.57626      296.29827      0.19589401   
   1347000   537.32375      1339.5149      1876.8387      180.32279      299.78619      0.20256986   
   1348000   514.09087      1328.7186      1842.8095      134.28913      297.36995      0.20828223   
   1349000   508.01717      1310.3258      1818.343       100.52283      293.25361      0.21374794   
   1350000   461.63912      1292.4359      1754.075       152.28797      289.2498       0.21612981   
   1351000   499.46532      1302.9899      1802.4552      172.44114      291.61181      0.21496912   
   1352000   510.03358      1304.6301      1814.6637      248.92073      291.97889      0.21531139   
   1353000   491.33823      1329.8333      1821.1715      293.63445      297.61942      0.210317     
   1354000   527.46071      1323.1934      1850.6541      290.90802      296.13339      0.20362903   
   1355000   509.40536      1306.5452      1815.9505      225.22073      292.40749      0.19902936   
   1356000   500.256        1330.2741      1830.5301      166.3487       297.71808      0.20139659   
   1357000   499.32457      1332.3429      1831.6675      71.209565      298.18108      0.21114073   
   1358000   454.06293      1349.2809      1803.3439      20.674752      301.97184      0.22183319   
   1359000   505.87126      1325.8837      1831.7549      63.18067       296.73548      0.2252788    
   1360000   529.72133      1315.4738      1845.1951      44.952398      294.40573      0.22183464   
   1361000   492.9952       1358.5841      1851.5793      145.1989       304.05391      0.21807963   
   1362000   492.73516      1343.1775      1835.9126      279.5992       300.60587      0.2138015    
   1363000   533.74474      1313.2131      1846.9579      326.32076      293.89979      0.21168969   
   1364000   541.15582      1367.6394      1908.7953      294.33745      306.08052      0.21099771   
   1365000   520.69958      1388.6005      1909.3001      204.87905      310.77164      0.21001136   
   1366000   526.94356      1364.9831      1891.9266      139.6628       305.48601      0.20648387   
   1367000   546.78632      1346.792       1893.5783      105.88813      301.41481      0.1994258    
   1368000   536.64011      1328.1141      1864.7542      113.90923      297.23465      0.19530329   
   1369000   514.7378       1370.9195      1885.6574      189.02351      306.81461      0.1993896    
   1370000   539.82203      1353.7316      1893.5537      134.84071      302.96792      0.20554978   
   1371000   523.05555      1359.4717      1882.5273      143.33904      304.25257      0.21196317   
   1372000   505.78879      1347.1389      1852.9277      152.69878      301.49245      0.21551407   
   1373000   511.54185      1327.0482      1838.59        86.456597      296.9961       0.21530933   
   1374000   530.99831      1326.3854      1857.3837      71.903898      296.84778      0.21417463   
   1375000   525.73018      1339.1843      1864.9144      74.96065       299.71219      0.2108042    
   1376000   522.59566      1330.5107      1853.1063      163.03703      297.77102      0.20878265   
   1377000   504.25882      1337.0228      1841.2816      248.84982      299.22844      0.21127618   
   1378000   509.60845      1252.2686      1761.8771      266.59534      280.26029      0.21370393   
   1379000   487.17904      1319.5691      1806.7482      316.32298      295.32228      0.21624269   
   1380000   497.94082      1337.573       1835.5138      261.17107      299.35159      0.21651943   
   1381000   493.49693      1321.7701      1815.2671      227.89883      295.81487      0.21611504   
   1382000   538.39521      1314.6358      1853.031       157.4747       294.21819      0.21424182   
   1383000   509.67859      1303.2818      1812.9604      171.17041      291.67714      0.20978586   
   1384000   498.28888      1347.0318      1845.3207      256.68398      301.46848      0.204698     
   1385000   490.02933      1360.1773      1850.2066      255.77176      304.41047      0.20085045   
   1386000   535.04741      1319.1792      1854.2266      307.69735      295.23502      0.20164717   
   1387000   496.2864       1321.8181      1818.1045      233.12499      295.82559      0.20821915   
   1388000   523.97674      1316.4762      1840.4529      123.66935      294.63007      0.21600374   
   1389000   452.28566      1347.3856      1799.6712      54.94213       301.54765      0.21879407   
   1390000   491.75593      1347.7779      1839.5338     -0.15950664     301.63546      0.21745535   
   1391000   526.28576      1339.2462      1865.5319      12.22703       299.72604      0.21268744   
   1392000   510.14884      1373.263       1883.4118      118.51118      307.33907      0.20827484   
   1393000   548.60565      1415.5907      1964.1964      172.90364      316.81211      0.20613711   
   1394000   530.53591      1377.8302      1908.3661      162.93878      308.36122      0.20643578   
   1395000   509.35693      1367.4236      1876.7805      202.90889      306.03221      0.21041584   
   1396000   484.04651      1360.272       1844.3185      283.14249      304.43166      0.21226342   
   1397000   502.81488      1368.0298      1870.8447      276.96121      306.16789      0.21098716   
   1398000   539.76637      1330.9385      1870.7048      262.0783       297.86676      0.20838221   
   1399000   555.85795      1323.6193      1879.4773      160.09125      296.22872      0.20418471   
   1400000   515.60099      1329.6475      1845.2485      45.402266      297.57783      0.20430232   
   1401000   550.85465      1370.189       1921.0437      79.440918      306.65112      0.20990036   
   1402000   530.8385       1348.7495      1879.588       86.657907      301.85291      0.21188861   
   1403000   524.82201      1356.1423      1880.9643      155.17657      303.50743      0.20810984   
   1404000   505.54377      1346.9271      1852.4708      234.4874       301.44504      0.20049945   
   1405000   512.5208       1324.5528      1837.0736      248.00274      296.43764      0.19504801   
   1406000   521.03945      1341.9036      1862.943       285.70379      300.32078      0.19523009   
   1407000   540.02392      1315.2467      1855.2706      341.95417      294.35491      0.20015924   
   1408000   507.40727      1306.5331      1813.9404      302.61435      292.4048       0.20454851   
   1409000   504.42157      1321.1606      1825.5822      166.31931      295.67846      0.20611248   
   1410000   509.10493      1318.0374      1827.1424      163.91996      294.97949      0.20923903   
   1411000   517.14548      1309.2993      1826.4448      116.72124      293.02387      0.21071576   
   1412000   487.64375      1315.6787      1803.3224      90.938217      294.45158      0.2109265    
   1413000   499.3595       1289.441       1788.8005      110.53673      288.57955      0.21281857   
   1414000   515.52148      1292.6357      1808.1572      152.99327      289.29453      0.21559747   
   1415000   482.82419      1332.4949      1815.3191      154.86411      298.2151       0.21899111   
   1416000   506.7283       1323.145       1829.8733      184.69706      296.12256      0.22236745   
   1417000   501.07369      1300.1324      1801.2061      195.56241      290.9723       0.22089114   
   1418000   498.23379      1342.0079      1840.2417      217.97845      300.34412      0.21603273   
   1419000   487.3235       1319.753       1807.0765      259.71039      295.36343      0.20759779   
   1420000   513.54456      1347.4854      1861.0299      228.09072      301.56999      0.20114097   
   1421000   533.07808      1318.2411      1851.3191      217.06852      295.02506      0.20189419   
   1422000   472.54433      1334.1958      1806.7401      147.77565      298.59575      0.20635324   
   1423000   515.76732      1323.064       1838.8313      89.635644      296.10443      0.20938764   
   1424000   494.50934      1313.3539      1807.8632      76.483665      293.9313       0.2112465    
   1425000   501.93438      1329.8331      1831.7675      143.1825       297.61937      0.21214719   
   1426000   511.37073      1335.8569      1847.2277      209.71603      298.96753      0.21037917   
   1427000   505.79912      1308.4779      1814.2771      242.73733      292.84005      0.20930118   
   1428000   495.09965      1336.9869      1832.0866      262.94962      299.22042      0.20957417   
   1429000   500.03559      1330.9502      1830.9858      256.13425      297.86938      0.20917676   
   1430000   515.99954      1319.9866      1835.9862      254.58445      295.41572      0.20772529   
   1431000   493.09779      1315.5657      1808.6635      233.91353      294.4263       0.20549501   
   1432000   557.02877      1294.2573      1851.286       79.016582      289.65743      0.20286258   
   1433000   506.87261      1306.4831      1813.3558      75.509837      292.39361      0.20550301   
   1434000   496.57247      1276.6658      1773.2383      107.47126      285.72043      0.21218821   
   1435000   504.68616      1309.9719      1814.6581      65.230896      293.17441      0.21645493   
   1436000   480.14127      1323.327       1803.4683      121.18964      296.1633       0.21902092   
   1437000   493.14831      1332.2211      1825.3695      161.65456      298.15383      0.21775166   
   1438000   530.12173      1308.2495      1838.3712      174.42586      292.78892      0.21173029   
   1439000   536.63576      1328.5414      1865.1772      198.01756      297.3303       0.20481488   
   1440000   555.42158      1319.4144      1874.8359      190.14864      295.28764      0.20139554   
   1441000   527.52417      1365.8824      1893.4066      177.81841      305.68729      0.20198751   
   1442000   506.33118      1357.2019      1863.5331      171.68059      303.74458      0.20434107   
   1443000   544.29239      1349.9519      1894.2443      149.82221      302.122        0.20791838   
   1444000   500.38611      1360.9487      1861.3348      107.57081      304.58311      0.20998442   
   1445000   513.67485      1353.805       1867.4798      61.748536      302.98433      0.20956021   
   1446000   539.06675      1370.5889      1909.6556      21.192254      306.7406       0.20546762   
   1447000   522.44458      1341.3378      1863.7824      132.59012      300.19416      0.19834864   
   1448000   528.93253      1309.3848      1838.3173      192.80904      293.043        0.18891514   
   1449000   533.21026      1342.0238      1875.2341      228.50489      300.34769      0.18795303   
   1450000   529.47818      1308.281       1837.7592      256.10955      292.79598      0.19465338   
   1451000   512.76552      1345.0345      1857.8001      144.18985      301.02149      0.20097944   
   1452000   500.89994      1349.4508      1850.3508      96.336216      302.00986      0.20669022   
   1453000   524.88511      1291.8752      1816.7603      91.066719      289.12433      0.20968406   
   1454000   517.78482      1331.8294      1849.6142      126.37037      298.06615      0.21155756   
   1455000   495.6927       1351.9123      1847.605       174.66278      302.56075      0.20882984   
   1456000   535.89132      1324.0114      1859.9027      181.46299      296.31647      0.20152445   
   1457000   544.5235       1337.2957      1881.8192      228.38607      299.28952      0.19783521   
   1458000   536.97198      1351.0643      1888.0363      231.69471      302.37097      0.19799363   
   1459000   548.1146       1365.4889      1913.6035      185.58173      305.59922      0.20264964   
   1460000   544.72982      1381.4382      1926.1681      167.35701      309.16871      0.20984035   
   1461000   532.88612      1395.1446      1928.0307      124.10519      312.23622      0.21254079   
   1462000   521.28275      1348.1187      1869.4015      114.25003      301.71173      0.21239162   
   1463000   519.81926      1335.9529      1855.7722      173.83327      298.989        0.21267503   
   1464000   489.88903      1377.4356      1867.3247      236.11678      308.27292      0.21151154   
   1465000   487.74638      1350.8411      1838.5875      164.20483      302.32102      0.2078514    
   1466000   526.44285      1333.6102      1860.053       252.60506      298.4647       0.20702609   
   1467000   538.57994      1349.8208      1888.4008      351.20968      302.09267      0.21180873   
   1468000   491.09989      1376.0069      1867.1068      398.84961      307.95317      0.22244343   
   1469000   488.19572      1366.2547      1854.4504      361.90998      305.7706       0.22812654   
   1470000   517.43794      1364.4015      1881.8395      234.9249       305.35586      0.22301566   
   1471000   547.13775      1344.0403      1891.178       140.97317      300.79897      0.21664473   
   1472000   521.81048      1363.2633      1885.0738      16.374929      305.10113      0.21249759   
   1473000   550.72877      1358.2047      1908.9335      66.815479      303.96901      0.20811922   
   1474000   530.886        1328.4505      1859.3365      83.323231      297.30995      0.20230865   
   1475000   539.54495      1325.3868      1864.9318      238.58414      296.62429      0.20252074   
   1476000   511.3874       1340.567       1851.9544      277.28832      300.02165      0.20268614   
   1477000   496.15845      1339.489       1835.6475      309.30228      299.7804       0.204398     
   1478000   502.22377      1319.9869      1822.2106      293.65486      295.41577      0.20953631   
   1479000   508.80936      1304.2198      1813.0292      269.31449      291.88707      0.21585417   
   1480000   457.18859      1280.1316      1737.3202      180.66369      286.49608      0.21796844   
   1481000   489.61755      1314.1527      1803.7703      149.98761      294.11008      0.22211445   
   1482000   489.37798      1329.1885      1818.5665      159.18584      297.47512      0.22685163   
   1483000   488.0603       1341.6773      1829.7376      196.63189      300.27013      0.22762179   
   1484000   478.69454      1302.3196      1781.0142      212.16654      291.46181      0.22525051   
   1485000   506.19788      1321.1721      1827.37        257.48265      295.68103      0.21874307   
   1486000   505.70444      1298.8204      1804.5248      214.91541      290.67866      0.20936598   
   1487000   477.15507      1310.6019      1787.757       175.6644       293.31539      0.20716353   
   1488000   497.15664      1319.3305      1816.4871      150.03182      295.26888      0.20981959   
   1489000   528.05599      1293.2651      1821.3211      70.332563      289.43539      0.21384808   
   1490000   495.33393      1321.5289      1816.8628      63.39589       295.76088      0.21884063   
   1491000   478.35953      1322.4555      1800.815       153.39428      295.96825      0.22305073   
   1492000   490.0775       1339.3842      1829.4617      143.27128      299.75692      0.22432833   
   1493000   483.56019      1307.4056      1790.9658      181.24425      292.60006      0.22160114   
   1494000   535.99672      1320.0307      1856.0274      185.04033      295.42558      0.21417095   
   1495000   541.10767      1349.1783      1890.286       128.56345      301.94887      0.20716027   
   1496000   555.42078      1372.4924      1927.9132      98.79247       307.16662      0.20413787   
   1497000   545.69875      1357.3727      1903.0715      59.017154      303.7828       0.2075083    
   1498000   538.61941      1329.1529      1867.7724      110.28042      297.46716      0.2150535    
   1499000   528.62478      1356.2523      1884.8771      113.56712      303.53204      0.21817256   
   1500000   508.58101      1340.7799      1849.3609      134.99978      300.06929      0.21853695   
   1501000   512.23783      1374.9607      1887.1985      224.51573      307.71902      0.21594602   
   1502000   512.72141      1361.8022      1874.5236      298.23304      304.77413      0.21365302   
   1503000   504.87568      1360.0057      1864.8814      397.63872      304.37207      0.21619397   
   1504000   519.34709      1372.7054      1892.0525      430.79637      307.21428      0.21919501   
   1505000   519.26673      1378.5277      1897.7944      293.47508      308.51733      0.21050367   
   1506000   546.81983      1402.0131      1948.8329      189.39389      313.7734       0.19979399   
   1507000   563.40108      1355.0778      1918.4789      120.29331      303.2692       0.1979282    
   1508000   557.84112      1345.1523      1902.9934      40.958665      301.04784      0.1990462    
   1509000   534.41718      1360.1121      1894.5293      106.06223      304.39588      0.20381561   
   1510000   545.34096      1365.1981      1910.5391      193.21829      305.53415      0.20997831   
   1511000   521.94639      1375.9586      1897.905       281.66036      307.94236      0.21233711   
   1512000   538.90942      1333.395       1872.3044      281.83619      298.41653      0.21288379   
   1513000   530.3361       1341.7457      1872.0817      250.55165      300.28543      0.21336333   
   1514000   541.37432      1356.1783      1897.5526      174.51234      303.51548      0.21435161   
   1515000   549.15916      1394.3215      1943.4807      120.57852      312.05201      0.21495705   
   1516000   509.2882       1397.0081      1906.2963      151.15972      312.65328      0.21319693   
   1517000   520.55136      1361.6704      1882.2217      198.0398       304.74462      0.20961801   
   1518000   514.40228      1317.5846      1831.9868      267.93986      294.87813      0.20359952   
   1519000   516.11857      1336.3812      1852.4997      251.15343      299.08485      0.20035431   
   1520000   521.58881      1340.773       1862.3618      149.61071      300.06775      0.20293219   
   1521000   499.78102      1316.5717      1816.3527      88.34299       294.65145      0.21242008   
   1522000   502.5087       1302.6826      1805.1913      55.674184      291.54303      0.22065771   
   1523000   479.21157      1375.1659      1854.3774      105.86473      307.76494      0.22039747   
   1524000   511.03359      1377.3119      1888.3455      185.72341      308.24522      0.21545226   
   1525000   534.65427      1356.8245      1891.4788      251.50999      303.6601       0.20989398   
   1526000   527.91948      1364.2954      1892.2149      229.87496      305.33211      0.20571934   
   1527000   523.28877      1368.9335      1892.2223      230.01454      306.37013      0.20693031   
   1528000   533.80873      1387.2935      1921.1023      156.26077      310.47914      0.21126995   
   1529000   532.64886      1368.1186      1900.7675      177.30345      306.18775      0.21720873   
   1530000   496.07989      1364.4625      1860.5424      166.77951      305.36951      0.22041935   
   1531000   493.53668      1380.923       1874.4597      176.38669      309.0534       0.22093593   
   1532000   541.38008      1346.8034      1888.1835      178.40634      301.41737      0.21532658   
   1533000   524.99047      1358.3524      1883.3429      232.68         304.00206      0.20285799   
   1534000   540.4073       1349.2687      1889.676       249.21277      301.96911      0.19719331   
   1535000   513.32829      1384.1404      1897.4687      281.27537      309.77347      0.2004381    
   1536000   542.6088       1374.1121      1916.7209      242.28284      307.5291       0.20806154   
   1537000   554.63944      1369.5459      1924.1854      147.22035      306.50719      0.21331472   
   1538000   515.40185      1374.5306      1889.9324      67.808454      307.62276      0.21649964   
   1539000   485.23886      1363.022       1848.2609      46.628645      305.04713      0.21483334   
   1540000   515.80042      1353.654       1869.4544      91.866961      302.95054      0.2134126    
   1541000   513.97354      1327.686       1841.6596      155.69294      297.13886      0.21259782   
   1542000   510.69828      1294.2735      1804.9718      174.28903      289.66108      0.20732127   
   1543000   500.93695      1302.6685      1803.6054      140.67382      291.53988      0.19896692   
   1544000   520.82396      1340.2965      1861.1204      144.86138      299.9611       0.19464224   
   1545000   523.95659      1342.2563      1866.2129      187.47636      300.39971      0.20191856   
   1546000   512.97878      1314.3773      1827.356       173.10106      294.16033      0.21536873   
   1547000   511.06966      1331.9056      1842.9753      112.42715      298.08321      0.21872491   
   1548000   521.30184      1342.0852      1863.387       60.073191      300.36141      0.21940767   
   1549000   504.04325      1369.7189      1873.7621      102.85799      306.5459       0.21924535   
   1550000   506.77859      1340.781       1847.5596      190.35205      300.06955      0.21659189   
   1551000   527.45955      1349.9698      1877.4293      349.45654      302.12601      0.21698131   
   1552000   527.16777      1353.3187      1880.4865      305.78696      302.87551      0.21557504   
   1553000   525.99025      1328.3304      1854.3206      257.60827      297.28307      0.21438989   
   1554000   518.88023      1363.142       1882.0222      217.41946      305.07397      0.21697215   
   1555000   498.22285      1367.9788      1866.2017      236.23628      306.15647      0.22338038   
   1556000   520.91155      1341.4053      1862.3169      241.8134       300.20927      0.22727435   
   1557000   502.5888       1349.6823      1852.2711      292.53826      302.06167      0.22227574   
   1558000   514.81111      1349.0918      1863.9029      233.59147      301.92951      0.21594347   
   1559000   510.70375      1329.6648      1840.3685      164.60038      297.5817       0.21241299   
   1560000   513.15656      1335.2664      1848.423       206.46738      298.83537      0.21314397   
   1561000   526.54954      1425.7697      1952.3192      152.20823      319.09019      0.21597357   
   1562000   519.05216      1353.3978      1872.45        132.21378      302.89321      0.22322581   
   1563000   507.99847      1375.144       1883.1425      71.417456      307.76006      0.22883697   
   1564000   512.58089      1339.9208      1852.5017      80.481568      299.87702      0.22363539   
   1565000   526.04293      1347.5598      1873.6028      91.974067      301.58666      0.21262053   
   1566000   505.3258       1336.509       1841.8348      222.68324      299.11346      0.20989105   
   1567000   523.65842      1343.5755      1867.2339      255.36266      300.69495      0.21124362   
   1568000   521.07703      1358.9412      1880.0182      264.84503      304.13382      0.21527017   
   1569000   472.20873      1355.1155      1827.3242      151.72243      303.27763      0.21810568   
   1570000   499.20686      1325.8693      1825.0762      73.156696      296.73227      0.21891737   
   1571000   496.48351      1318.6398      1815.1234      48.630162      295.1143       0.22070189   
   1572000   482.68016      1316.4575      1799.1376      156.35022      294.62588      0.22182476   
   1573000   516.15176      1343.4696      1859.6214      272.63538      300.67126      0.22053562   
   1574000   516.07245      1370.1021      1886.1746      243.14265      306.63167      0.21130191   
   1575000   551.52873      1379.4044      1930.9332      244.63358      308.71354      0.20671064   
   1576000   529.88073      1363.2219      1893.1026      164.1316       305.09186      0.20473301   
   1577000   547.97847      1354.8065      1902.785       30.093738      303.20848      0.20347731   
   1578000   534.92226      1418.3752      1953.2975      43.565674      317.43528      0.20966156   
   1579000   503.24398      1383.283       1886.527       75.154178      309.58157      0.21553145   
   1580000   517.0548       1377.6117      1894.6665      200.99038      308.31234      0.21912412   
   1581000   527.48627      1375.0553      1902.5415      223.00236      307.74019      0.21748305   
   1582000   498.97792      1362.5762      1861.5542      291.77397      304.94736      0.21383699   
   1583000   508.51517      1357.6426      1866.1578      240.23157      303.8432       0.20738328   
   1584000   533.00367      1359.1074      1892.1111      193.4144       304.17103      0.20145903   
   1585000   533.25754      1336.4812      1869.7388      97.695858      299.10724      0.19538177   
   1586000   534.80972      1322.0278      1856.8375     -1.5331486      295.87253      0.19213868   
   1587000   539.74559      1346.6744      1886.42        44.6804        301.38849      0.19724091   
   1588000   508.59501      1367.6823      1876.2773      166.59243      306.09011      0.20394232   
   1589000   533.13109      1362.5175      1895.6486      265.82143      304.93421      0.21119582   
   1590000   513.86036      1399.1693      1913.0296      415.07845      313.13696      0.21792023   
   1591000   509.95108      1377.3928      1887.3439      426.78132      308.26334      0.21800392   
   1592000   531.57379      1340.8301      1872.4039      374.58794      300.08053      0.21294241   
   1593000   542.79175      1355.0238      1897.8156      237.86641      303.25711      0.2021879    
   1594000   506.26151      1376.0496      1882.3111      184.00793      307.96273      0.19946643   
   1595000   509.7812       1402.4097      1912.1909      177.64427      313.86216      0.20410247   
   1596000   515.68285      1352.4704      1868.1532      219.39666      302.68564      0.20858209   
   1597000   510.68628      1330.9245      1841.6108      349.16532      297.86363      0.21240371   
   1598000   517.39207      1389.6493      1907.0414      353.15866      311.00637      0.21282498   
   1599000   522.08651      1377.6374      1899.7239      323.2246       308.31808      0.21339468   
   1600000   541.97433      1353.5802      1895.5545      212.53059      302.93402      0.2114467    
   1601000   516.24028      1352.5143      1868.7546      157.03847      302.69548      0.20755238   
   1602000   516.38338      1373.667       1890.0504      150.05334      307.4295       0.20614087   
   1603000   531.67241      1335.5531      1867.2255      208.2749       298.89953      0.20751553   
   1604000   532.65221      1357.9617      1890.6139      294.89066      303.91462      0.21094691   
   1605000   522.76122      1392.5501      1915.3114      245.61666      311.65558      0.21071995   
   1606000   528.26212      1358.7822      1887.0443      135.59777      304.09825      0.209323     
   1607000   548.83004      1342.4202      1891.2502     -17.460936      300.43639      0.20586159   
   1608000   545.58825      1352.2107      1897.799      -94.462481      302.62754      0.20214754   
   1609000   548.71332      1402.2224      1950.9358     -11.566062      313.82026      0.20272317   
   1610000   531.27684      1402.7824      1934.0592      26.965424      313.94557      0.2035366    
   1611000   529.63236      1368.1082      1897.7406      151.36618      306.18543      0.20824505   
   1612000   527.97255      1340.7514      1868.7239      247.50567      300.06291      0.21486131   
   1613000   470.28748      1327.6962      1797.9837      255.34266      297.14113      0.21800027   
   1614000   468.3729       1316.027       1784.3999      206.5874       294.52954      0.22135829   
   1615000   517.86548      1290.8959      1808.7614      130.77002      288.90515      0.21789285   
   1616000   508.94445      1321.777       1830.7214      132.77637      295.8164       0.20985718   
   1617000   493.2908       1352.6708      1845.9616      172.86924      302.7305       0.20266933   
   1618000   505.8959       1328.2358      1834.1317      251.81315      297.2619       0.20029805   
   1619000   516.49033      1301.8         1818.2904      317.64288      291.34552      0.2031947    
   1620000   492.81812      1278.9205      1771.7387      319.69377      286.22504      0.20952048   
   1621000   507.81948      1300.9131      1808.7326      311.95617      291.14703      0.21560918   
   1622000   497.65867      1318.9976      1816.6563      133.02116      295.19437      0.2164792    
   1623000   504.06605      1318.0194      1822.0854      116.16088      294.97544      0.21672561   
   1624000   464.43301      1304.8934      1769.3264      70.41875       292.03781      0.21763294   
   1625000   480.8416       1302.9719      1783.8135      106.04661      291.60778      0.22139697   
   1626000   494.33271      1326.4828      1820.8155      171.14222      296.86957      0.22591284   
   1627000   516.51201      1331.2793      1847.7913      269.6116       297.94303      0.22645042   
   1628000   522.05889      1380.6666      1902.7255      320.96922      308.99602      0.21781384   
   1629000   558.28005      1362.9268      1921.2068      258.43255      305.02581      0.20802103   
   1630000   533.1057       1378.3967      1911.5024      228.04736      308.48801      0.20663079   
   1631000   551.27104      1364.4         1915.671       115.67086      305.35552      0.21035142   
   1632000   518.96931      1389.3822      1908.3515      30.899029      310.94659      0.21598874   
   1633000   522.61879      1349.7171      1872.3359      19.388258      302.06946      0.22071624   
   1634000   528.40629      1355.5729      1883.9792      60.534336      303.38         0.22209321   
   1635000   510.03398      1349.3003      1859.3343      131.64472      301.97618      0.21686204   
   1636000   504.53651      1389.7085      1894.245       179.1592       311.01961      0.20918927   
   1637000   529.21486      1345.8873      1875.1022      247.15832      301.21235      0.20573416   
   1638000   536.61586      1344.6195      1881.2354      229.88639      300.92861      0.20600231   
   1639000   521.12037      1371.7361      1892.8565      274.74388      306.99736      0.20761693   
   1640000   520.54736      1339.1051      1859.6525      159.57125      299.69448      0.20743155   
   1641000   520.26257      1323.3809      1843.6435      123.16574      296.17537      0.208108     
   1642000   502.12665      1332.5645      1834.6911      109.52988      298.23067      0.20747183   
   1643000   543.79431      1302.4672      1846.2615      162.92624      291.49483      0.20826381   
   1644000   491.31411      1315.336       1806.6501      231.9775       294.37489      0.21304106   
   1645000   490.63438      1348.7886      1839.4229      219.66834      301.86165      0.21924298   
   1646000   495.09104      1327.1853      1822.2763      292.94753      297.02679      0.22035459   
   1647000   505.80205      1319.636       1825.438       330.71567      295.33724      0.21473242   
   1648000   520.21589      1335.7081      1855.924       245.43644      298.93422      0.20636913   
   1649000   503.2668       1344.3744      1847.6412      182.78319      300.87374      0.20154379   
   1650000   522.53894      1312.6517      1835.1907      65.745513      293.77416      0.20412811   
   1651000   510.89196      1314.2638      1825.1558      30.965973      294.13494      0.20852      
   1652000   520.15072      1299.5769      1819.7277     -25.52736       290.84799      0.21171632   
   1653000   498.36138      1287.7437      1786.1051      53.156417      288.19968      0.21493051   
   1654000   494.5124       1335.7727      1830.2851      162.72437      298.94867      0.21676374   
   1655000   510.54177      1314.1559      1824.6976      212.42768      294.11078      0.21807286   
   1656000   517.43138      1329.0708      1846.5022      171.80948      297.44877      0.21769004   
   1657000   513.56658      1326.365       1839.9316      124.21163      296.84322      0.21270443   
   1658000   530.89165      1312.8313      1843.723       101.50074      293.81434      0.20607581   
   1659000   530.28362      1323.7989      1854.0825      78.767089      296.2689       0.20186627   
   1660000   520.30896      1293.5017      1813.8107      93.954313      289.48834      0.20067519   
   1661000   518.67308      1309.2932      1827.9662      125.11431      293.0225       0.20132001   
   1662000   520.67061      1314.1442      1834.8148      157.57057      294.10817      0.20407684   
   1663000   507.76625      1345.8146      1853.5808      167.87805      301.19607      0.21544849   
   1664000   514.90936      1320.5197      1835.4291      157.83511      295.53503      0.22251827   
   1665000   502.62784      1322.0391      1824.6669      142.74659      295.87506      0.22486011   
   1666000   515.68884      1331.3772      1847.066       172.34761      297.96494      0.22652255   
   1667000   479.67641      1357.3937      1837.0701      250.41946      303.7875       0.22427696   
   1668000   502.2163       1334.6473      1836.8636      278.62497      298.69681      0.21610772   
   1669000   522.82913      1289.2611      1812.0902      237.28523      288.53928      0.2063188    
   1670000   544.36474      1267.1072      1811.472       182.00579      283.5812       0.20448347   
   1671000   502.28337      1323.0754      1825.3588      216.59828      296.107        0.20604963   
   1672000   518.04882      1317.764       1835.8128      159.23178      294.91829      0.20601245   
   1673000   516.74627      1330.372       1847.1182      199.67175      297.73998      0.21044589   
   1674000   505.66071      1309.88        1815.5407      197.70704      293.15383      0.2132338    
   1675000   510.66191      1241.0128      1751.6747      141.83414      277.7412       0.2111348    
   1676000   540.7434       1327.347       1868.0904      175.82395      297.06298      0.20840357   
   1677000   523.52759      1325.3636      1848.8912      179.68987      296.61909      0.2000242    
   1678000   540.72458      1314.0884      1854.813       202.90922      294.09569      0.19666886   
   1679000   547.58009      1331.7186      1879.2987      202.80001      298.04136      0.2026328    
   1680000   542.14079      1371.8908      1914.0316      104.67134      307.03198      0.21119534   
   1681000   513.10118      1364.6069      1877.7081      72.963841      305.40182      0.21643578   
   1682000   531.41178      1349.9412      1881.353       101.29726      302.11962      0.21868751   
   1683000   504.96635      1395.0834      1900.0498      92.323825      312.22254      0.21740413   
   1684000   531.39583      1359.878       1891.2738      25.221339      304.34349      0.21063086   
   1685000   533.14431      1319.2512      1852.3955      110.76331      295.25112      0.20809154   
   1686000   522.25979      1329.0133      1851.2731      197.33027      297.43592      0.21170004   
   1687000   515.80849      1322.9268      1838.7353      251.87125      296.07373      0.21836551   
   1688000   487.15015      1328.4074      1815.5575      277.77581      297.3003       0.22344371   
   1689000   513.74502      1306.369       1820.114       206.38607      292.36805      0.22124932   
   1690000   489.01625      1299.5285      1788.5447      141.55289      290.83714      0.21662228   
   1691000   514.03554      1344.4905      1858.526       158.50982      300.89972      0.21285501   
   1692000   527.0934       1321.3867      1848.4801      123.29607      295.72905      0.20990089   
   1693000   527.61023      1326.5701      1854.1803      137.76082      296.88912      0.20737448   
   1694000   555.08958      1295.7133      1850.8029      107.61085      289.9833       0.20631722   
   1695000   522.26174      1291.6173      1813.879       231.50179      289.0666       0.21111352   
   1696000   504.23157      1337.6814      1841.9129      319.81549      299.37584      0.21636214   
   1697000   498.84023      1299.816       1798.6562      208.46647      290.90148      0.22014586   
   1698000   485.71981      1309.4595      1795.1794      125.88309      293.05973      0.22417978   
   1699000   508.92807      1320.1443      1829.0723      45.503627      295.451        0.22763381   
   1700000   478.80302      1321.1933      1799.9963      47.948802      295.68577      0.226239     
   1701000   480.26905      1331.0807      1811.3498      13.044043      297.8986       0.21671499   
   1702000   505.29315      1298.9782      1804.2714      91.436947      290.71399      0.20837522   
   1703000   536.52427      1296.3002      1832.8245      157.75586      290.11465      0.20477025   
   1704000   500.71256      1318.6344      1819.347       182.81898      295.11309      0.20482353   
   1705000   517.98581      1335.4025      1853.3883      194.04043      298.86583      0.20584438   
   1706000   496.68371      1332.7219      1829.4057      184.65248      298.26591      0.20531764   
   1707000   544.2554       1310.9242      1855.1796      168.35796      293.38752      0.2036691    
   1708000   514.01345      1280.4343      1794.4477      133.08466      286.56382      0.19969567   
   1709000   529.36214      1328.7802      1858.1423      188.13967      297.38373      0.19970924   
   1710000   535.18712      1339.276       1874.4631      198.33501      299.73271      0.20181021   
   1711000   530.43657      1338.4502      1868.8868      174.01082      299.54791      0.20408941   
   1712000   534.3046       1356.0558      1890.3604      189.83591      303.48808      0.20874826   
   1713000   526.05473      1332.0696      1858.1244      174.97354      298.11992      0.21009465   
   1714000   525.12866      1337.5579      1862.6865      212.34582      299.3482       0.21036818   
   1715000   519.68334      1345.4546      1865.138       229.72296      301.11551      0.21141778   
   1716000   537.75238      1380.1759      1917.9282      218.89712      308.88619      0.2118461    
   1717000   508.64808      1352.1524      1860.8005      267.10727      302.61449      0.21431712   
   1718000   528.29392      1339.0745      1867.3684      197.45839      299.68762      0.21730748   
   1719000   526.50345      1332.7165      1859.2199      120.04717      298.26469      0.21702644   
   1720000   545.93772      1306.9027      1852.8405      65.744163      292.48752      0.20997512   
   1721000   496.28117      1363.8151      1860.0962      111.22943      305.22461      0.20510272   
   1722000   506.85602      1352.835       1859.691       195.64175      302.76725      0.20564514   
   1723000   539.12209      1324.9424      1864.0645      242.33873      296.52483      0.20751515   
   1724000   532.99186      1326.4819      1859.4738      258.98999      296.86938      0.21494121   
   1725000   516.93828      1341.8926      1858.8309      223.50565      300.31831      0.22186818   
   1726000   510.06106      1337.2956      1847.3566      174.86997      299.28949      0.21566608   
   1727000   506.05222      1331.7341      1837.7863      74.279788      298.04482      0.20789299   
   1728000   512.61463      1319.0653      1831.6799      64.271717      295.20952      0.2070963    
   1729000   533.83539      1324.8153      1858.6507      109.00649      296.49639      0.20860101   
   1730000   500.6728       1349.8655      1850.5383      126.20675      302.10267      0.21026813   
   1731000   488.30479      1366.3727      1854.6775      145.54999      305.79701      0.21256464   
   1732000   517.2703       1373.1231      1890.3934      168.95194      307.30778      0.2141055    
   1733000   506.97211      1352.0069      1858.979       171.52879      302.58191      0.21062101   
   1734000   534.60426      1359.9857      1894.5899      226.55357      304.36758      0.20431474   
   1735000   536.64195      1356.4487      1893.0907      222.52214      303.57601      0.20227162   
   1736000   554.30834      1360.0202      1914.3286      202.88281      304.37532      0.20340879   
   1737000   547.51101      1367.2795      1914.7905      173.29363      305.99996      0.20437471   
   1738000   539.10643      1354.4117      1893.5182      156.78677      303.12012      0.20637727   
   1739000   541.70101      1348.1186      1889.8196      98.996974      301.71172      0.20962581   
   1740000   525.81879      1383.5162      1909.335       109.19693      309.63377      0.21435792   
   1741000   534.96934      1388.5038      1923.4731      88.850585      310.75         0.21470264   
   1742000   534.79171      1361.1596      1895.9513      79.798332      304.6303       0.21023063   
   1743000   535.04061      1345.1717      1880.2123      100.00496      301.05218      0.20590999   
   1744000   514.97107      1360.1605      1875.1316      147.17148      304.40672      0.20702689   
   1745000   539.52418      1330.3662      1869.8904      173.83868      297.73869      0.21052553   
   1746000   532.68308      1362.7179      1895.4009      143.22132      304.97905      0.2139204    
   1747000   511.82713      1344.2357      1856.0629      85.528465      300.84272      0.21707967   
   1748000   506.85862      1338.6119      1845.4705      109.36387      299.58408      0.21860677   
   1749000   501.62588      1318.7412      1820.3671      139.69618      295.13698      0.21698005   
   1750000   518.29567      1335.3865      1853.6822      219.08857      298.86224      0.21297454   
   1751000   540.15438      1331.9652      1872.1196      204.06871      298.09655      0.20858417   
   1752000   553.78588      1312.1796      1865.9655      201.24595      293.66849      0.20597626   
   1753000   521.87552      1346.592       1868.4675      147.35163      301.37005      0.2016386    
   1754000   514.11498      1348.108       1862.2229      107.54562      301.70933      0.19806106   
   1755000   529.59161      1332.6447      1862.2363      153.89934      298.24861      0.20146576   
   1756000   519.73036      1343.6836      1863.4139      203.57013      300.71914      0.21318328   
   1757000   506.40887      1361.8733      1868.2822      194.69034      304.79004      0.21780172   
   1758000   516.65806      1353.2614      1869.9195      149.0459       302.86268      0.2193729    
   1759000   527.89287      1345.7242      1873.6171      88.859304      301.17584      0.22081765   
   1760000   541.37358      1334.705       1876.0786      81.566931      298.70972      0.21814327   
   1761000   506.57346      1402.5954      1909.1688      31.032888      313.90372      0.21024018   
   1762000   532.695        1339.6915      1872.3865      45.456645      299.8257       0.20282819   
   1763000   539.98848      1359.9527      1899.9411      118.55962      304.3602       0.20193084   
   1764000   528.8171       1370.8891      1899.7062      196.49908      306.80781      0.20407972   
   1765000   533.13108      1355.8729      1889.004       288.5634       303.44714      0.20477398   
   1766000   525.12853      1300.0168      1825.1454      374.45581      290.94644      0.20441284   
   1767000   516.69653      1332.1391      1848.8357      272.41648      298.13548      0.20111393   
   1768000   539.2942       1316.5075      1855.8017      216.97088      294.63708      0.20023689   
   1769000   536.18675      1315.2477      1851.4344      207.16032      294.35513      0.19971496   
   1770000   501.2082       1357.3535      1858.5617      248.7227       303.7785       0.19973513   
   1771000   530.19598      1360.1479      1890.3439      222.05836      304.40389      0.20183574   
   1772000   529.57117      1366.4929      1896.0641      277.75369      305.82392      0.21035674   
   1773000   511.85918      1337.4411      1849.3003      343.30812      299.32206      0.21894484   
   1774000   494.04555      1348.6422      1842.6877      216.33403      301.82889      0.22052014   
   1775000   509.69101      1354.3716      1864.0626      71.465313      303.11115      0.2178451    
   1776000   522.55405      1342.1925      1864.7466     -0.54719968     300.38544      0.21303443   
   1777000   509.05273      1348.6318      1857.6846      46.005798      301.82657      0.20920837   
   1778000   539.90247      1330.8219      1870.7244      145.43538      297.84068      0.20550884   
   1779000   527.67402      1332.8203      1860.4943      232.61532      298.28791      0.2025815    
   1780000   520.10302      1364.9599      1885.0629      253.49012      305.48083      0.20158863   
   1781000   520.37133      1354.9148      1875.2862      226.67259      303.23272      0.20512687   
   1782000   522.4335       1338.1766      1860.6101      153.71401      299.48667      0.20938992   
   1783000   524.78047      1341.6705      1866.4509      73.866738      300.26861      0.2112536    
   1784000   537.12288      1345.653       1882.7758      5.0358986      301.1599       0.21249602   
   1785000   524.49186      1343.7338      1868.2256      11.031918      300.73038      0.21387164   
   1786000   520.24796      1318.4148      1838.6627      89.115323      295.06393      0.21397557   
   1787000   522.29163      1371.0621      1893.3537      192.05106      306.8465       0.2133379    
   1788000   515.0467       1359.5794      1874.6261      283.34616      304.27665      0.21567517   
   1789000   509.88348      1386.7384      1896.6219      272.39964      310.35491      0.21735936   
   1790000   513.05187      1343.5369      1856.5888      274.6558       300.68632      0.21795615   
   1791000   514.37787      1325.9963      1840.3741      225.98129      296.76068      0.21390616   
   1792000   532.52031      1311.9784      1844.4987      108.23439      293.62345      0.20439924   
   1793000   521.96188      1299.815       1821.7769      66.285125      290.90127      0.19762577   
   1794000   517.95782      1274.5021      1792.4599      52.711352      285.23619      0.19588561   
   1795000   509.67297      1322.4316      1832.1046      112.74051      295.96292      0.20090118   
   1796000   559.40945      1314.8326      1874.242       144.34446      294.26222      0.20748117   
   1797000   525.75142      1372.4446      1898.196       138.21114      307.15591      0.21298132   
   1798000   550.55103      1399.1571      1949.7081      183.91337      313.13423      0.2149917    
   1799000   523.68253      1390.2821      1913.9646      182.98742      311.14799      0.21447767   
   1800000   501.32862      1367.4982      1868.8268      275.67431      306.0489       0.21585963   
   1801000   527.00946      1341.528       1868.5374      234.28693      300.23671      0.21980642   
   1802000   517.65047      1338.8795      1856.5299      227.51592      299.64397      0.2241337    
   1803000   516.82822      1356.9574      1873.7856      131.90646      303.68985      0.22590168   
   1804000   552.70292      1340.8356      1893.5385      88.873107      300.08176      0.22553101   
   1805000   512.46448      1348.8222      1861.2867      13.234295      301.86917      0.21516014   
   1806000   517.1          1321.4679      1838.5679      26.621991      295.74722      0.20808298   
   1807000   514.96224      1335.0952      1850.0575      67.67616       298.79706      0.20737775   
   1808000   503.22126      1339.5494      1842.7707      140.84434      299.7939       0.20881421   
   1809000   516.04781      1322.7999      1838.8477      211.23568      296.04533      0.21163017   
   1810000   493.34906      1349.053       1842.402       194.25979      301.92083      0.21510687   
   1811000   514.11144      1326.0109      1840.1223      201.22741      296.76396      0.22005718   
   1812000   480.06585      1320.2618      1800.3276      254.62593      295.47729      0.21970504   
   1813000   505.81146      1341.5243      1847.3358      288.93818      300.23589      0.21570186   
   1814000   506.05897      1354.8534      1860.9124      266.18959      303.21898      0.20817972   
   1815000   552.24268      1324.68        1876.9227      189.09058      296.4661       0.20234738   
   1816000   531.42999      1323.0135      1854.4435      130.48715      296.09315      0.20199645   
   1817000   526.0932       1334.7788      1860.872       101.43812      298.72623      0.20596803   
   1818000   529.71142      1326.5127      1856.2241      116.29855      296.87626      0.20866212   
   1819000   512.73634      1314.4101      1827.1465      140.26759      294.16768      0.21082023   
   1820000   479.43934      1335.8733      1815.3126      196.39199      298.97118      0.2144866    
   1821000   519.37336      1314.3374      1833.7108      318.62536      294.15142      0.21858615   
   1822000   526.34478      1306.1372      1832.4819      355.47357      292.31618      0.21914205   
   1823000   490.64194      1289.0266      1779.6686      331.81109      288.4868       0.21573964   
   1824000   505.88116      1323.2182      1829.0994      260.26042      296.13896      0.20990841   
   1825000   546.17198      1375.4657      1921.6376      47.328608      307.83204      0.20036747   
   1826000   570.49919      1373.5963      1944.0955     -36.279662      307.41367      0.19622284   
   1827000   535.13265      1344.5224      1879.6551     -56.189953      300.90687      0.19757977   
   1828000   528.57354      1350.5485      1879.122       53.197439      302.25552      0.20179575   
   1829000   545.20192      1387.8457      1933.0477      160.03615      310.60273      0.20308154   
   1830000   535.83464      1411.2269      1947.0615      202.77836      315.83548      0.20111955   
   1831000   565.79515      1361.1098      1926.9049      204.97228      304.61916      0.20163596   
   1832000   531.53752      1370.0744      1901.612       338.55397      306.62547      0.20909677   
   1833000   539.143        1317.7461      1856.889       287.99011      294.91427      0.21256037   
   1834000   504.00495      1316.875       1820.88        255.5133       294.71933      0.21201674   
   1835000   494.11322      1357.3144      1851.4276      243.57454      303.76975      0.2107924    
   1836000   530.94379      1302.3123      1833.2561      172.76146      291.46017      0.20889133   
   1837000   544.3166       1292.0736      1836.3902      176.37757      289.16872      0.20689722   
   1838000   501.26157      1376.0106      1877.2722      155.35169      307.95399      0.20371401   
   1839000   544.49805      1338.4719      1882.97        46.550764      299.55276      0.20220129   
   1840000   519.93717      1365.0628      1884.9999      15.395747      305.50385      0.20378967   
   1841000   547.80034      1360.2889      1908.0892      95.319322      304.43545      0.20749828   
   1842000   522.62659      1335.4116      1858.0382      138.97139      298.86786      0.21069803   
   1843000   511.73153      1363.1867      1874.9182      143.03505      305.08398      0.21322604   
   1844000   515.78808      1355.5615      1871.3496      203.70829      303.37745      0.21497385   
   1845000   541.23167      1372.6842      1913.9158      243.22281      307.20953      0.21358771   
   1846000   497.96156      1353.1865      1851.1481      278.16911      302.84592      0.20896358   
   1847000   540.76091      1366.1524      1906.9133      201.32465      305.74771      0.20211549   
   1848000   542.91536      1356.2103      1899.1257      220.38861      303.52265      0.19862321   
   1849000   549.91306      1353.305       1903.2181      199.88788      302.87244      0.19878172   
   1850000   529.01057      1367.7989      1896.8095      162.87731      306.1162       0.20719695   
   1851000   498.96776      1325.8256      1824.7934      183.97245      296.7225       0.21807201   
   1852000   492.38269      1325.198       1817.5807      175.43022      296.58203      0.22011102   
   1853000   512.39525      1347.306       1859.7013      218.62938      301.52986      0.21846044   
   1854000   478.62396      1370.355       1848.9789      278.01353      306.68826      0.21488441   
   1855000   520.03817      1335.2155      1855.2537      379.97157      298.82397      0.21121501   
   1856000   529.88509      1323.6079      1853.4929      350.45122      296.22615      0.20376416   
   1857000   537.34886      1300.5902      1837.9391      211.44289      291.07476      0.2015047    
   1858000   515.71286      1316.5752      1832.2881      99.302024      294.65224      0.20523838   
   1859000   512.25984      1347.0609      1859.3208     -19.617019      301.475        0.21030659   
   1860000   506.1715       1326.7857      1832.9572     -51.776657      296.93736      0.21622685   
   1861000   494.529        1356.9941      1851.5231      35.528654      303.69807      0.21787868   
   1862000   494.42809      1349.3508      1843.7789      113.90783      301.98748      0.21473311   
   1863000   521.23504      1312.2433      1833.4783      207.96315      293.68273      0.21242756   
   1864000   522.77528      1336.9406      1859.7159      238.45567      299.21005      0.21220047   
   1865000   479.35249      1365.934       1845.2865      221.34378      305.69884      0.21852096   
   1866000   508.80871      1333.8082      1842.6169      187.80624      298.50902      0.2246403    
   1867000   505.54775      1340.3921      1845.9399      117.22955      299.98251      0.22253583   
   1868000   535.31799      1359.8166      1895.1346      137.95234      304.32975      0.20901659   
   1869000   559.67328      1329.1362      1888.8095      79.607487      297.46342      0.20366498   
   1870000   525.73041      1346.0768      1871.8072      119.92726      301.25474      0.20542103   
   1871000   544.15588      1394.8032      1938.9591      103.96921      312.15982      0.20565599   
   1872000   545.04607      1352.1052      1897.1513      144.83311      302.60393      0.20668134   
   1873000   518.32351      1332.6014      1850.9249      196.85211      298.23892      0.20591398   
   1874000   509.08347      1360.9407      1870.0242      279.34321      304.58132      0.20538554   
   1875000   532.09472      1381.5749      1913.6696      300.94952      309.1993       0.21019107   
   1876000   535.43281      1319.4923      1854.9251      283.26589      295.30508      0.21938167   
   1877000   498.48746      1309.7092      1808.1967      307.76621      293.11562      0.227184     
   1878000   480.61903      1290.6016      1771.2207      315.15114      288.8393       0.2276737    
   1879000   486.97926      1338.9178      1825.897       229.17793      299.65254      0.22067266   
   1880000   508.4408       1320.8571      1829.2979      173.56732      295.61053      0.21406746   
   1881000   541.59483      1311.3155      1852.9103      157.80378      293.47509      0.20820798   
   1882000   505.20804      1359.5454      1864.7534      116.23022      304.26905      0.20668051   
   1883000   526.65786      1360.7346      1887.3925      156.68205      304.5352       0.21403829   
   1884000   517.79582      1385.3114      1903.1072      116.25417      310.03554      0.21957602   
   1885000   492.19355      1352.6545      1844.848       99.582519      302.72684      0.21730133   
   1886000   525.99258      1336.5582      1862.5507      126.15859      299.12446      0.21168121   
   1887000   543.37854      1341.0257      1884.4042      112.84301      300.1243       0.20543412   
   1888000   547.66995      1370.4414      1918.1113      154.59318      306.70759      0.20365245   
   1889000   512.0947       1354.6308      1866.7255      192.84402      303.16915      0.20622137   
   1890000   503.08868      1338.1496      1841.2383      233.90792      299.48063      0.21218137   
   1891000   516.72282      1323.632       1840.3548      221.54952      296.23155      0.2154106    
   1892000   506.74386      1290.6681      1797.412       169.69005      288.85417      0.21470402   
   1893000   492.16558      1299.4936      1791.6592      118.0881       290.82933      0.2121909    
   1894000   515.04176      1323.7418      1838.7836      82.292951      296.25613      0.21051187   
   1895000   546.5272       1311.0186      1857.5458      110.477        293.40865      0.2107922    
   1896000   525.28305      1335.897       1861.1801      160.37819      298.9765       0.21278477   
   1897000   514.63658      1373.1164      1887.753       247.50977      307.30627      0.21310518   
   1898000   527.84078      1361.8498      1889.6906      316.66316      304.78479      0.21102574   
   1899000   540.59278      1382.5824      1923.1752      410.80826      309.42479      0.21136325   
   1900000   544.78915      1331.0401      1875.8293      379.39177      297.88951      0.21365575   
   1901000   480.42382      1339.5986      1820.0224      319.27556      299.80492      0.21452      
   1902000   525.50755      1324.5337      1850.0413      191.11296      296.43337      0.21125825   
   1903000   544.25166      1311.9058      1856.1575      129.9559       293.60722      0.20152592   
   1904000   558.84226      1328.3         1887.1422      118.20017      297.27626      0.19399259   
   1905000   540.06664      1371.9278      1911.9944      190.21888      307.04025      0.19507365   
   1906000   528.56678      1361.4091      1889.9759      107.76416      304.68615      0.19934318   
   1907000   528.48643      1355.8793      1884.3657      98.745259      303.44857      0.20545231   
   1908000   510.41941      1396.11        1906.5294      169.22966      312.45229      0.21158742   
   1909000   538.96683      1335.8603      1874.8272      155.97309      298.96828      0.21297489   
   1910000   515.86253      1348.6878      1864.5504      186.28967      301.8391       0.21300976   
   1911000   516.25056      1329.4634      1845.714       239.19223      297.53664      0.21428881   
   1912000   494.433        1298.4884      1792.9214      220.51842      290.60436      0.2150629    
   1913000   507.95262      1323.9129      1831.8656      230.98507      296.29443      0.2127299    
   1914000   531.50802      1301.9117      1833.4197      194.38305      291.37051      0.20694423   
   1915000   499.94223      1337.8491      1837.7913      147.19711      299.41337      0.20396957   
   1916000   506.88095      1351.8008      1858.6818      145.34703      302.5358       0.20772442   
   1917000   510.73         1338.8556      1849.5856      135.29629      299.63864      0.21184757   
   1918000   507.64791      1351.8689      1859.5168      186.16709      302.55104      0.21511517   
   1919000   495.09794      1349.7717      1844.8696      296.604        302.08167      0.21740728   
   1920000   530.73766      1373.6999      1904.4376      302.80817      307.43686      0.21822126   
   1921000   514.41693      1340.06        1854.4769      277.22352      299.90818      0.21449338   
   1922000   503.55221      1359.7613      1863.3135      218.91933      304.31737      0.21101556   
   1923000   542.53423      1325.8983      1868.4325      59.837577      296.73876      0.2101024    
   1924000   508.98144      1336.3268      1845.3082      23.952088      299.07267      0.21438963   
   1925000   496.68869      1362.4601      1859.1488      13.118569      304.92137      0.21900269   
   1926000   516.10549      1312.5371      1828.6426      77.570067      293.74849      0.22384909   
   1927000   521.08263      1309.1288      1830.2115      228.92466      292.98572      0.22855949   
   1928000   487.97239      1326.8972      1814.8696      288.12424      296.96231      0.22284615   
   1929000   522.62447      1300.693       1823.3175      303.06018      291.09776      0.20904272   
   1930000   489.74413      1318.8854      1808.6295      255.62488      295.16925      0.20525077   
   1931000   535.37276      1318.3154      1853.6882      164.05798      295.04169      0.20269131   
   1932000   512.41612      1352.6207      1865.0368      132.23571      302.71929      0.20331439   
   1933000   522.78471      1320.9101      1843.6948      190.48018      295.6224       0.20775522   
   1934000   508.10509      1310.9934      1819.0985      114.8989       293.40302      0.2137797    
   1935000   507.59398      1298.0288      1805.6227      226.30923      290.5015       0.22157556   
   1936000   490.97568      1360.6605      1851.6362      356.47557      304.51861      0.22462468   
   1937000   535.44343      1354.4009      1889.8443      311.80986      303.1177       0.22174095   
   1938000   517.73088      1354.2841      1872.015       306.63138      303.09156      0.21910897   
   1939000   527.8868       1370.9396      1898.8264      250.06241      306.8191       0.2160351    
   1940000   515.68281      1377.3167      1892.9996      230.94967      308.24631      0.21330047   
   1941000   569.12607      1365.8871      1935.0131      224.10658      305.68833      0.21185692   
   1942000   540.00043      1383.2254      1923.2259      255.42049      309.56869      0.21259428   
   1943000   501.02857      1374.9615      1875.99        201.67116      307.7192       0.21727409   
   1944000   532.28438      1332.961       1865.2454      125.5671       298.31941      0.22251654   
   1945000   533.9994       1331.4774      1865.4768      103.61181      297.98738      0.22317557   
   1946000   517.9344       1372.6637      1890.5981      38.896261      307.20496      0.21440574   
   1947000   522.91098      1344.7992      1867.7102     -26.603857      300.96882      0.20436221   
   1948000   533.58355      1339.0214      1872.605       1.7856131      299.67574      0.20373055   
   1949000   514.0545       1349.5864      1863.6409      103.45854      302.04021      0.20965622   
   1950000   551.07163      1363.7139      1914.7855      145.55712      305.20197      0.21701596   
   1951000   512.47922      1332.8084      1845.2876      216.66959      298.28526      0.22155514   
   1952000   507.90801      1348.41        1856.318       206.96736      301.77693      0.22186792   
   1953000   494.70743      1354.1413      1848.8488      208.94064      303.05961      0.2228607    
   1954000   470.54315      1341.0014      1811.5445      197.25879      300.11886      0.22586178   
   1955000   496.15384      1376.4971      1872.6509      159.80563      308.06287      0.229057     
   1956000   489.72053      1345.9277      1835.6482      202.35219      301.22138      0.23187336   
   1957000   504.32904      1359.5483      1863.8773      256.82343      304.2697       0.23017905   
   1958000   503.2811       1349.1698      1852.4509      237.1141       301.94698      0.220054     
   1959000   525.45659      1342.704       1868.1605      266.91995      300.4999       0.21267878   
   1960000   516.9666       1345.7726      1862.7392      209.80895      301.18667      0.20941557   
   1961000   528.62806      1323.1099      1851.738       183.34392      296.11472      0.2111689    
   1962000   541.73381      1368.9297      1910.6635      243.42133      306.36927      0.21610136   
   1963000   528.74908      1352.6135      1881.3626      212.59775      302.71768      0.21718666   
   1964000   527.37908      1356.5291      1883.9082      192.59846      303.59401      0.21538922   
   1965000   500.82757      1356.4951      1857.3226      272.67636      303.58638      0.21246327   
   1966000   515.50402      1356.7383      1872.2423      196.9643       303.64082      0.20210169   
   1967000   519.86293      1342.9858      1862.8488      206.96341      300.56298      0.19576072   
   1968000   519.17147      1332.4585      1851.63        236.85462      298.20695      0.19793889   
   1969000   497.67911      1365.2619      1862.941       256.13925      305.54842      0.20492136   
   1970000   524.78798      1339.4445      1864.2325      278.1163       299.77043      0.21281015   
   1971000   522.36078      1361.9784      1884.3392      213.09134      304.81355      0.21631523   
   1972000   513.79635      1362.5205      1876.3168      214.18397      304.93488      0.21816258   
   1973000   529.95937      1378.228       1908.1873      131.95574      308.45025      0.21493092   
   1974000   531.68864      1368.542       1900.2306      124.36421      306.2825       0.21154211   
   1975000   533.94945      1336.739       1870.6885      39.745725      299.16494      0.20609213   
   1976000   541.66416      1327.791       1869.4551      86.581652      297.16234      0.20375154   
   1977000   521.58728      1335.7068      1857.294       192.41335      298.93392      0.20642739   
   1978000   502.75276      1326.7735      1829.5262      245.1454       296.93462      0.21176263   
   1979000   493.30048      1310.9152      1804.2156      351.3923       293.3855       0.22576285   
   1980000   471.27714      1296.2822      1767.5594      370.2933       290.11062      0.23198007   
   1981000   464.14118      1318.1863      1782.3275      231.78484      295.0128       0.22933483   
   1982000   471.92558      1324.7646      1796.6901      114.22261      296.48503      0.22174614   
   1983000   519.16289      1342.1568      1861.3197      77.596404      300.37746      0.21458304   
   1984000   502.24584      1357.6543      1859.9001     -1.7033234      303.84581      0.20746099   
   1985000   533.17422      1343.7716      1876.9458      65.849602      300.73884      0.204307     
   1986000   529.05698      1334.2993      1863.3563      109.60601      298.61893      0.20338115   
   1987000   532.79122      1344.1166      1876.9078      214.63812      300.81606      0.20811129   
   1988000   523.64309      1349.7049      1873.348       326.04035      302.06674      0.21524272   
   1989000   535.05254      1368.5169      1903.5694      307.66061      306.27688      0.21730225   
   1990000   534.09597      1393.2976      1927.3935      208.93629      311.82285      0.2168603    
   1991000   530.83294      1375.2952      1906.1282      75.851785      307.79389      0.21430456   
   1992000   501.33817      1380.7215      1882.0596      30.396837      309.0083       0.21294469   
   1993000   509.63786      1364.6247      1874.2626     -5.283812       305.40581      0.2127686    
   1994000   514.90519      1370.6837      1885.5889      75.886884      306.76183      0.21341933   
   1995000   545.8848       1416.6613      1962.5461      233.63939      317.05171      0.2139543    
   1996000   533.32177      1372.3439      1905.6656      359.97882      307.13338      0.21107043   
   1997000   509.33279      1356.5776      1865.9104      421.49157      303.60485      0.20916336   
   1998000   513.31705      1344.6858      1858.0029      433.94364      300.94345      0.20915026   
   1999000   537.40391      1344.6024      1882.0064      317.53977      300.92479      0.20639821   
   2000000   538.59964      1354.8785      1893.4782      245.97232      303.22459      0.20338464   
Loop time of 10022.7 on 8 procs for 2000000 steps with 1500 atoms

Performance: 8.620 ns/day, 2.784 hours/ns, 199.546 timesteps/s, 299.320 katom-step/s
99.3% CPU use with 8 MPI tasks x 1 OpenMP threads

MPI task timing breakdown:
Section |  min time  |  avg time  |  max time  |%varavg| %total
---------------------------------------------------------------
Pair    | 452.3      | 473.16     | 495.34     |  69.0 |  4.72
Bond    | 23.01      | 23.671     | 24.371     |   9.5 |  0.24
Kspace  | 4530.8     | 4549.3     | 4569.9     |  17.5 | 45.39
Neigh   | 7.3764     | 7.5315     | 7.7765     |   5.2 |  0.08
Comm    | 207.43     | 225.82     | 234.18     |  59.5 |  2.25
Output  | 0.4154     | 0.49948    | 1.0868     |  31.4 |  0.00
Modify  | 4346.1     | 4548.8     | 4692.2     | 177.6 | 45.38
Other   |            | 194        |            |       |  1.94

Nlocal:          187.5 ave         213 max         154 min
Histogram: 1 0 1 0 0 2 2 0 0 2
Nghost:        1895.62 ave        1998 max        1806 min
Histogram: 2 0 0 1 3 0 0 0 0 2
Neighs:        17668.2 ave       22517 max       12960 min
Histogram: 1 1 0 0 3 1 0 0 0 2

Total # of neighbors = 141346
Ave neighs/atom = 94.230667
Ave special neighs/atom = 2
Neighbor list builds = 12137
Dangerous builds = 0

write_data      ${NAME}_final.data
write_data      N2_final.data
System init for write_data ...
PPPM initialization ...
  using 12-bit tables for long-range coulomb (src/kspace.cpp:342)
  G vector (1/distance) = 0.2725546
  grid = 48 48 48
  stencil order = 5
  estimated absolute RMS force accuracy = 0.00032676399
  estimated relative force accuracy = 9.8404005e-07
  using single precision FFTW3
  3d grid and FFT values/proc = 29791 13824
Generated 1 of 1 mixed pair_coeff terms from arithmetic mixing rule
Last active /omp style is kspace_style pppm/omp

quit
