# Cycle, (volume(Ib), Ib=1,N_Box)
       100   0.2445077324E+005   0.1275492268E+006
       200   0.2274486044E+005   0.1292551396E+006
       300   0.2251087184E+005   0.1294891282E+006
       400   0.2202327449E+005   0.1299767255E+006
       500   0.2198737534E+005   0.1300126247E+006
       600   0.2120770456E+005   0.1307922954E+006
       700   0.2108570676E+005   0.1309142932E+006
       800   0.2052930109E+005   0.1314706989E+006
       900   0.2057329349E+005   0.1314267065E+006
      1000   0.2142934204E+005   0.1305706580E+006
      1100   0.2083055280E+005   0.1311694472E+006
      1200   0.2095958532E+005   0.1310404147E+006
      1300   0.2079372710E+005   0.1312062729E+006
      1400   0.2069297728E+005   0.1313070227E+006
      1500   0.2031319767E+005   0.1316868023E+006
      1600   0.1994368989E+005   0.1320563101E+006
      1700   0.1976008660E+005   0.1322399134E+006
      1800   0.1992696980E+005   0.1320730302E+006
      1900   0.2013240696E+005   0.1318675930E+006
      2000   0.2088753893E+005   0.1311124611E+006
      2100   0.2041389867E+005   0.1315861013E+006
      2200   0.2049221700E+005   0.1315077830E+006
      2300   0.2044133502E+005   0.1315586650E+006
      2400   0.2044546451E+005   0.1315545355E+006
      2500   0.1993249875E+005   0.1320675013E+006
      2600   0.2009942329E+005   0.1319005767E+006
      2700   0.2021692872E+005   0.1317830713E+006
      2800   0.2042416606E+005   0.1315758339E+006
      2900   0.2102200824E+005   0.1309779918E+006
      3000   0.2049645239E+005   0.1315035476E+006
      3100   0.2022171028E+005   0.1317782897E+006
      3200   0.2007878580E+005   0.1319212142E+006
      3300   0.2086273127E+005   0.1311372687E+006
      3400   0.2092922900E+005   0.1310707710E+006
      3500   0.2087728775E+005   0.1311227123E+006
      3600   0.2048674404E+005   0.1315132560E+006
      3700   0.2063792578E+005   0.1313620742E+006
      3800   0.2021102335E+005   0.1317889767E+006
      3900   0.2002013897E+005   0.1319798610E+006
      4000   0.2065706042E+005   0.1313429396E+006
      4100   0.2018265142E+005   0.1318173486E+006
      4200   0.2072495788E+005   0.1312750421E+006
      4300   0.2076864404E+005   0.1312313560E+006
      4400   0.2079800850E+005   0.1312019915E+006
      4500   0.2087910693E+005   0.1311208931E+006
      4600   0.2062412339E+005   0.1313758766E+006
      4700   0.2033589897E+005   0.1316641010E+006
      4800   0.2090683290E+005   0.1310931671E+006
      4900   0.2076066195E+005   0.1312393380E+006
      5000   0.2075725125E+005   0.1312427488E+006
      5100   0.2112171396E+005   0.1308782860E+006
      5200   0.2124945599E+005   0.1307505440E+006
      5300   0.2087992935E+005   0.1311200706E+006
      5400   0.2072481421E+005   0.1312751858E+006
      5500   0.2101128996E+005   0.1309887100E+006
      5600   0.2049883516E+005   0.1315011648E+006
      5700   0.2064761434E+005   0.1313523857E+006
      5800   0.2086747225E+005   0.1311325277E+006
      5900   0.2098269260E+005   0.1310173074E+006
      6000   0.2085505612E+005   0.1311449439E+006
      6100   0.2152108299E+005   0.1304789170E+006
      6200   0.2172406371E+005   0.1302759363E+006
      6300   0.2139388599E+005   0.1306061140E+006
      6400   0.2130422115E+005   0.1306957789E+006
      6500   0.2107925486E+005   0.1309207451E+006
      6600   0.2129542285E+005   0.1307045771E+006
      6700   0.2153690799E+005   0.1304630920E+006
      6800   0.2127508220E+005   0.1307249178E+006
      6900   0.2140739360E+005   0.1305926064E+006
      7000   0.2135279200E+005   0.1306472080E+006
      7100   0.2101368544E+005   0.1309863146E+006
      7200   0.2093187282E+005   0.1310681272E+006
      7300   0.2137090684E+005   0.1306290932E+006
      7400   0.2104101264E+005   0.1309589874E+006
      7500   0.2152367689E+005   0.1304763231E+006
      7600   0.2144904816E+005   0.1305509518E+006
      7700   0.2158311158E+005   0.1304168884E+006
      7800   0.2135099754E+005   0.1306490025E+006
      7900   0.2119439274E+005   0.1308056073E+006
      8000   0.2148181476E+005   0.1305181852E+006
      8100   0.2107426606E+005   0.1309257339E+006
      8200   0.2116508012E+005   0.1308349199E+006
      8300   0.2070232080E+005   0.1312976792E+006
      8400   0.2149734882E+005   0.1305026512E+006
      8500   0.2116854975E+005   0.1308314502E+006
      8600   0.2136127103E+005   0.1306387290E+006
      8700   0.2145232472E+005   0.1305476753E+006
      8800   0.2178680016E+005   0.1302131998E+006
      8900   0.2166450334E+005   0.1303354967E+006
      9000   0.2154289648E+005   0.1304571035E+006
      9100   0.2172213872E+005   0.1302778613E+006
      9200   0.2207501083E+005   0.1299249892E+006
      9300   0.2161504393E+005   0.1303849561E+006
      9400   0.2144103855E+005   0.1305589615E+006
      9500   0.2151776379E+005   0.1304822362E+006
      9600   0.2141899834E+005   0.1305810017E+006
      9700   0.2204011166E+005   0.1299598883E+006
      9800   0.2176017812E+005   0.1302398219E+006
      9900   0.2167053141E+005   0.1303294686E+006
     10000   0.2167345091E+005   0.1303265491E+006
     10100   0.2128664745E+005   0.1307133525E+006
     10200   0.2146851252E+005   0.1305314875E+006
     10300   0.2165000789E+005   0.1303499921E+006
     10400   0.2156160262E+005   0.1304383974E+006
     10500   0.2129096901E+005   0.1307090310E+006
     10600   0.2138796172E+005   0.1306120383E+006
     10700   0.2116124257E+005   0.1308387574E+006
     10800   0.2144005862E+005   0.1305599414E+006
     10900   0.2166392834E+005   0.1303360717E+006
     11000   0.2135094082E+005   0.1306490592E+006
     11100   0.2213402897E+005   0.1298659710E+006
     11200   0.2144418243E+005   0.1305558176E+006
     11300   0.2140547958E+005   0.1305945204E+006
     11400   0.2143662473E+005   0.1305633753E+006
     11500   0.2208757235E+005   0.1299124276E+006
     11600   0.2097235567E+005   0.1310276443E+006
     11700   0.2106299962E+005   0.1309370004E+006
     11800   0.2145382891E+005   0.1305461711E+006
     11900   0.2130803869E+005   0.1306919613E+006
     12000   0.2187702086E+005   0.1301229791E+006
     12100   0.2199754142E+005   0.1300024586E+006
     12200   0.2139836057E+005   0.1306016394E+006
     12300   0.2179580760E+005   0.1302041924E+006
     12400   0.2179846155E+005   0.1302015385E+006
     12500   0.2170789399E+005   0.1302921060E+006
     12600   0.2201403597E+005   0.1299859640E+006
     12700   0.2158076160E+005   0.1304192384E+006
     12800   0.2214584613E+005   0.1298541539E+006
     12900   0.2147696010E+005   0.1305230399E+006
     13000   0.2192949905E+005   0.1300705010E+006
     13100   0.2211252921E+005   0.1298874708E+006
     13200   0.2155468599E+005   0.1304453140E+006
     13300   0.2254743809E+005   0.1294525619E+006
     13400   0.2195969005E+005   0.1300403100E+006
     13500   0.2208961313E+005   0.1299103869E+006
     13600   0.2187707761E+005   0.1301229224E+006
     13700   0.2172059865E+005   0.1302794013E+006
     13800   0.2216015989E+005   0.1298398401E+006
     13900   0.2191865748E+005   0.1300813425E+006
     14000   0.2201553174E+005   0.1299844683E+006
     14100   0.2209837555E+005   0.1299016244E+006
     14200   0.2200193206E+005   0.1299980679E+006
     14300   0.2177066431E+005   0.1302293357E+006
     14400   0.2229935286E+005   0.1297006471E+006
     14500   0.2220735156E+005   0.1297926484E+006
     14600   0.2242563860E+005   0.1295743614E+006
     14700   0.2201842831E+005   0.1299815717E+006
     14800   0.2237470584E+005   0.1296252942E+006
     14900   0.2228428007E+005   0.1297157199E+006
     15000   0.2222176238E+005   0.1297782376E+006
     15100   0.2262218680E+005   0.1293778132E+006
     15200   0.2222051241E+005   0.1297794876E+006
     15300   0.2266254648E+005   0.1293374535E+006
     15400   0.2247039693E+005   0.1295296031E+006
     15500   0.2221796486E+005   0.1297820351E+006
     15600   0.2242560837E+005   0.1295743916E+006
     15700   0.2258034388E+005   0.1294196561E+006
     15800   0.2245197622E+005   0.1295480238E+006
     15900   0.2250699830E+005   0.1294930017E+006
     16000   0.2232644064E+005   0.1296735594E+006
     16100   0.2257440280E+005   0.1294255972E+006
     16200   0.2267863305E+005   0.1293213670E+006
     16300   0.2231017187E+005   0.1296898281E+006
     16400   0.2239925625E+005   0.1296007437E+006
     16500   0.2230210683E+005   0.1296978932E+006
     16600   0.2199022661E+005   0.1300097734E+006
     16700   0.2208535907E+005   0.1299146409E+006
     16800   0.2236387966E+005   0.1296361203E+006
     16900   0.2229580497E+005   0.1297041950E+006
     17000   0.2286093766E+005   0.1291390623E+006
     17100   0.2276707771E+005   0.1292329223E+006
     17200   0.2249884466E+005   0.1295011553E+006
     17300   0.2276167758E+005   0.1292383224E+006
     17400   0.2263823760E+005   0.1293617624E+006
     17500   0.2276249344E+005   0.1292375066E+006
     17600   0.2286685159E+005   0.1291331484E+006
     17700   0.2260684613E+005   0.1293931539E+006
     17800   0.2249675916E+005   0.1295032408E+006
     17900   0.2262317797E+005   0.1293768220E+006
     18000   0.2310185593E+005   0.1288981441E+006
     18100   0.2252357545E+005   0.1294764246E+006
     18200   0.2227128572E+005   0.1297287143E+006
     18300   0.2272682804E+005   0.1292731720E+006
     18400   0.2276176719E+005   0.1292382328E+006
     18500   0.2312789505E+005   0.1288721049E+006
     18600   0.2305347059E+005   0.1289465294E+006
     18700   0.2351095241E+005   0.1284890476E+006
     18800   0.2350002947E+005   0.1284999705E+006
     18900   0.2282710375E+005   0.1291728963E+006
     19000   0.2309609157E+005   0.1289039084E+006
     19100   0.2329290114E+005   0.1287070989E+006
     19200   0.2320192130E+005   0.1287980787E+006
     19300   0.2310502445E+005   0.1288949755E+006
     19400   0.2280779472E+005   0.1291922053E+006
     19500   0.2301358446E+005   0.1289864155E+006
     19600   0.2207985234E+005   0.1299201477E+006
     19700   0.2280704108E+005   0.1291929589E+006
     19800   0.2250655481E+005   0.1294934452E+006
     19900   0.2303688720E+005   0.1289631128E+006
     20000   0.2261938599E+005   0.1293806140E+006
     20100   0.2308214925E+005   0.1289178507E+006
     20200   0.2273837388E+005   0.1292616261E+006
     20300   0.2285707211E+005   0.1291429279E+006
     20400   0.2273070333E+005   0.1292692967E+006
     20500   0.2332435882E+005   0.1286756412E+006
     20600   0.2353618614E+005   0.1284638139E+006
     20700   0.2332346496E+005   0.1286765350E+006
     20800   0.2320734614E+005   0.1287926539E+006
     20900   0.2276140201E+005   0.1292385980E+006
     21000   0.2301143330E+005   0.1289885667E+006
     21100   0.2293348669E+005   0.1290665133E+006
     21200   0.2283616665E+005   0.1291638333E+006
     21300   0.2287982594E+005   0.1291201741E+006
     21400   0.2264422503E+005   0.1293557750E+006
     21500   0.2302323833E+005   0.1289767617E+006
     21600   0.2289750787E+005   0.1291024921E+006
     21700   0.2291572288E+005   0.1290842771E+006
     21800   0.2264473239E+005   0.1293552676E+006
     21900   0.2298836943E+005   0.1290116306E+006
     22000   0.2294374516E+005   0.1290562548E+006
     22100   0.2332697604E+005   0.1286730240E+006
     22200   0.2284306693E+005   0.1291569331E+006
     22300   0.2305406099E+005   0.1289459390E+006
     22400   0.2289868942E+005   0.1291013106E+006
     22500   0.2270135808E+005   0.1292986419E+006
     22600   0.2331664450E+005   0.1286833555E+006
     22700   0.2276094063E+005   0.1292390594E+006
     22800   0.2266384338E+005   0.1293361566E+006
     22900   0.2310770896E+005   0.1288922910E+006
     23000   0.2244943147E+005   0.1295505685E+006
     23100   0.2295097707E+005   0.1290490229E+006
     23200   0.2301811720E+005   0.1289818828E+006
     23300   0.2291518933E+005   0.1290848107E+006
     23400   0.2285805257E+005   0.1291419474E+006
     23500   0.2213531729E+005   0.1298646827E+006
     23600   0.2247736245E+005   0.1295226376E+006
     23700   0.2281151915E+005   0.1291884809E+006
     23800   0.2290235269E+005   0.1290976473E+006
     23900   0.2332552331E+005   0.1286744767E+006
     24000   0.2312681894E+005   0.1288731811E+006
     24100   0.2245638271E+005   0.1295436173E+006
     24200   0.2297813458E+005   0.1290218654E+006
     24300   0.2299601099E+005   0.1290039890E+006
     24400   0.2329489009E+005   0.1287051099E+006
     24500   0.2311666952E+005   0.1288833305E+006
     24600   0.2363151340E+005   0.1283684866E+006
     24700   0.2325096698E+005   0.1287490330E+006
     24800   0.2338082404E+005   0.1286191760E+006
     24900   0.2378478266E+005   0.1282152173E+006
     25000   0.2396335952E+005   0.1280366405E+006
     25100   0.2343969111E+005   0.1285603089E+006
     25200   0.2331018652E+005   0.1286898135E+006
     25300   0.2320586735E+005   0.1287941327E+006
     25400   0.2286989465E+005   0.1291301054E+006
     25500   0.2319875523E+005   0.1288012448E+006
     25600   0.2305427226E+005   0.1289457277E+006
     25700   0.2293264839E+005   0.1290673516E+006
     25800   0.2302074224E+005   0.1289792578E+006
     25900   0.2316262650E+005   0.1288373735E+006
     26000   0.2262981901E+005   0.1293701810E+006
     26100   0.2258496093E+005   0.1294150391E+006
     26200   0.2234122460E+005   0.1296587754E+006
     26300   0.2271633488E+005   0.1292836651E+006
     26400   0.2288526847E+005   0.1291147315E+006
     26500   0.2260947877E+005   0.1293905212E+006
     26600   0.2278134013E+005   0.1292186599E+006
     26700   0.2258879205E+005   0.1294112079E+006
     26800   0.2257266794E+005   0.1294273321E+006
     26900   0.2254964391E+005   0.1294503561E+006
     27000   0.2269542119E+005   0.1293045788E+006
     27100   0.2310533358E+005   0.1288946664E+006
     27200   0.2283758477E+005   0.1291624152E+006
     27300   0.2278828264E+005   0.1292117174E+006
     27400   0.2237704548E+005   0.1296229545E+006
     27500   0.2230404208E+005   0.1296959579E+006
     27600   0.2260913383E+005   0.1293908662E+006
     27700   0.2202743551E+005   0.1299725645E+006
     27800   0.2234269666E+005   0.1296573033E+006
     27900   0.2261484338E+005   0.1293851566E+006
     28000   0.2281079095E+005   0.1291892090E+006
     28100   0.2245718156E+005   0.1295428184E+006
     28200   0.2289049540E+005   0.1291095046E+006
     28300   0.2260989418E+005   0.1293901058E+006
     28400   0.2254733742E+005   0.1294526626E+006
     28500   0.2236275850E+005   0.1296372415E+006
     28600   0.2241960062E+005   0.1295803994E+006
     28700   0.2235099267E+005   0.1296490073E+006
     28800   0.2280709587E+005   0.1291929041E+006
     28900   0.2268422996E+005   0.1293157700E+006
     29000   0.2227864126E+005   0.1297213587E+006
     29100   0.2225943596E+005   0.1297405640E+006
     29200   0.2230827695E+005   0.1296917230E+006
     29300   0.2228838424E+005   0.1297116158E+006
     29400   0.2218014072E+005   0.1298198593E+006
     29500   0.2245524155E+005   0.1295447585E+006
     29600   0.2277127540E+005   0.1292287246E+006
     29700   0.2249268907E+005   0.1295073109E+006
     29800   0.2213057723E+005   0.1298694228E+006
     29900   0.2243507995E+005   0.1295649200E+006
     30000   0.2250962038E+005   0.1294903796E+006
     30100   0.2271559643E+005   0.1292844036E+006
     30200   0.2229888295E+005   0.1297011171E+006
     30300   0.2227854867E+005   0.1297214513E+006
     30400   0.2277554932E+005   0.1292244507E+006
     30500   0.2256696051E+005   0.1294330395E+006
     30600   0.2263939156E+005   0.1293606084E+006
     30700   0.2256472077E+005   0.1294352792E+006
     30800   0.2217593331E+005   0.1298240667E+006
     30900   0.2234653867E+005   0.1296534613E+006
     31000   0.2226073957E+005   0.1297392604E+006
     31100   0.2290749994E+005   0.1290925001E+006
     31200   0.2218780887E+005   0.1298121911E+006
     31300   0.2265370663E+005   0.1293462934E+006
     31400   0.2255495320E+005   0.1294450468E+006
     31500   0.2248223881E+005   0.1295177612E+006
     31600   0.2240425805E+005   0.1295957419E+006
     31700   0.2272944087E+005   0.1292705591E+006
     31800   0.2311697175E+005   0.1288830282E+006
     31900   0.2331924509E+005   0.1286807549E+006
     32000   0.2281411103E+005   0.1291858890E+006
     32100   0.2294360612E+005   0.1290563939E+006
     32200   0.2234664694E+005   0.1296533531E+006
     32300   0.2249234643E+005   0.1295076536E+006
     32400   0.2267861618E+005   0.1293213838E+006
     32500   0.2270390011E+005   0.1292960999E+006
     32600   0.2261649487E+005   0.1293835051E+006
     32700   0.2307742270E+005   0.1289225773E+006
     32800   0.2238253791E+005   0.1296174621E+006
     32900   0.2267796251E+005   0.1293220375E+006
     33000   0.2257722746E+005   0.1294227725E+006
     33100   0.2251339222E+005   0.1294866078E+006
     33200   0.2347218593E+005   0.1285278141E+006
     33300   0.2262189101E+005   0.1293781090E+006
     33400   0.2293325967E+005   0.1290667403E+006
     33500   0.2272162852E+005   0.1292783715E+006
     33600   0.2265042800E+005   0.1293495720E+006
     33700   0.2313110418E+005   0.1288688958E+006
     33800   0.2278132897E+005   0.1292186710E+006
     33900   0.2242971931E+005   0.1295702807E+006
     34000   0.2274649953E+005   0.1292535005E+006
     34100   0.2281215006E+005   0.1291878499E+006
     34200   0.2234240653E+005   0.1296575935E+006
     34300   0.2278114375E+005   0.1292188562E+006
     34400   0.2260493983E+005   0.1293950602E+006
     34500   0.2268598492E+005   0.1293140151E+006
     34600   0.2270322779E+005   0.1292967722E+006
     34700   0.2219618372E+005   0.1298038163E+006
     34800   0.2293040188E+005   0.1290695981E+006
     34900   0.2244313823E+005   0.1295568618E+006
     35000   0.2292392223E+005   0.1290760778E+006
     35100   0.2343308712E+005   0.1285669129E+006
     35200   0.2257877054E+005   0.1294212295E+006
     35300   0.2261471761E+005   0.1293852824E+006
     35400   0.2287524493E+005   0.1291247551E+006
     35500   0.2270514702E+005   0.1292948530E+006
     35600   0.2256961489E+005   0.1294303851E+006
     35700   0.2264666617E+005   0.1293533338E+006
     35800   0.2248427875E+005   0.1295157213E+006
     35900   0.2273151010E+005   0.1292684899E+006
     36000   0.2279635412E+005   0.1292036459E+006
     36100   0.2223018511E+005   0.1297698149E+006
     36200   0.2238446878E+005   0.1296155312E+006
     36300   0.2237551361E+005   0.1296244864E+006
     36400   0.2187453670E+005   0.1301254633E+006
     36500   0.2222497799E+005   0.1297750220E+006
     36600   0.2271493972E+005   0.1292850603E+006
     36700   0.2241331152E+005   0.1295866885E+006
     36800   0.2221199137E+005   0.1297880086E+006
     36900   0.2238174522E+005   0.1296182548E+006
     37000   0.2232389210E+005   0.1296761079E+006
     37100   0.2201969858E+005   0.1299803014E+006
     37200   0.2248349393E+005   0.1295165061E+006
     37300   0.2266808966E+005   0.1293319103E+006
     37400   0.2235720118E+005   0.1296427988E+006
     37500   0.2222983371E+005   0.1297701663E+006
     37600   0.2275756187E+005   0.1292424381E+006
     37700   0.2210163390E+005   0.1298983661E+006
     37800   0.2199046453E+005   0.1300095355E+006
     37900   0.2207633954E+005   0.1299236605E+006
     38000   0.2243073426E+005   0.1295692657E+006
     38100   0.2197653265E+005   0.1300234673E+006
     38200   0.2192388435E+005   0.1300761157E+006
     38300   0.2176749611E+005   0.1302325039E+006
     38400   0.2169869662E+005   0.1303013034E+006
     38500   0.2187232346E+005   0.1301276765E+006
     38600   0.2212259388E+005   0.1298774061E+006
     38700   0.2214112432E+005   0.1298588757E+006
     38800   0.2188739674E+005   0.1301126033E+006
     38900   0.2215598298E+005   0.1298440170E+006
     39000   0.2212219180E+005   0.1298778082E+006
     39100   0.2189894945E+005   0.1301010505E+006
     39200   0.2210097256E+005   0.1298990274E+006
     39300   0.2233083162E+005   0.1296691684E+006
     39400   0.2217703903E+005   0.1298229610E+006
     39500   0.2225422003E+005   0.1297457800E+006
     39600   0.2218815287E+005   0.1298118471E+006
     39700   0.2213602853E+005   0.1298639715E+006
     39800   0.2214913729E+005   0.1298508627E+006
     39900   0.2199668087E+005   0.1300033191E+006
     40000   0.2223719749E+005   0.1297628025E+006
     40100   0.2256423062E+005   0.1294357694E+006
     40200   0.2168444395E+005   0.1303155560E+006
     40300   0.2206746738E+005   0.1299325326E+006
     40400   0.2227365248E+005   0.1297263475E+006
     40500   0.2279647804E+005   0.1292035220E+006
     40600   0.2216582602E+005   0.1298341740E+006
     40700   0.2222931880E+005   0.1297706812E+006
     40800   0.2254893617E+005   0.1294510638E+006
     40900   0.2244221176E+005   0.1295577882E+006
     41000   0.2254459521E+005   0.1294554048E+006
     41100   0.2240096170E+005   0.1295990383E+006
     41200   0.2241482289E+005   0.1295851771E+006
     41300   0.2262866332E+005   0.1293713367E+006
     41400   0.2268174825E+005   0.1293182517E+006
     41500   0.2297259667E+005   0.1290274033E+006
     41600   0.2273448490E+005   0.1292655151E+006
     41700   0.2269393494E+005   0.1293060651E+006
     41800   0.2296842401E+005   0.1290315760E+006
     41900   0.2213414943E+005   0.1298658506E+006
     42000   0.2242188887E+005   0.1295781111E+006
     42100   0.2239060817E+005   0.1296093918E+006
     42200   0.2291942553E+005   0.1290805745E+006
     42300   0.2226644519E+005   0.1297335548E+006
     42400   0.2233456471E+005   0.1296654353E+006
     42500   0.2269050103E+005   0.1293094990E+006
     42600   0.2298947155E+005   0.1290105284E+006
     42700   0.2241989698E+005   0.1295801030E+006
     42800   0.2263532126E+005   0.1293646787E+006
     42900   0.2244087026E+005   0.1295591297E+006
     43000   0.2248382134E+005   0.1295161787E+006
     43100   0.2269730546E+005   0.1293026945E+006
     43200   0.2255503732E+005   0.1294449627E+006
     43300   0.2241608454E+005   0.1295839155E+006
     43400   0.2234778136E+005   0.1296522186E+006
     43500   0.2228185592E+005   0.1297181441E+006
     43600   0.2279615966E+005   0.1292038403E+006
     43700   0.2292597241E+005   0.1290740276E+006
     43800   0.2237197882E+005   0.1296280212E+006
     43900   0.2239035076E+005   0.1296096492E+006
     44000   0.2264355411E+005   0.1293564459E+006
     44100   0.2217282258E+005   0.1298271774E+006
     44200   0.2256615961E+005   0.1294338404E+006
     44300   0.2209418923E+005   0.1299058108E+006
     44400   0.2239927340E+005   0.1296007266E+006
     44500   0.2226670628E+005   0.1297332937E+006
     44600   0.2240610537E+005   0.1295938946E+006
     44700   0.2279974227E+005   0.1292002577E+006
     44800   0.2264535368E+005   0.1293546463E+006
     44900   0.2275166786E+005   0.1292483321E+006
     45000   0.2271432899E+005   0.1292856710E+006
     45100   0.2277501330E+005   0.1292249867E+006
     45200   0.2233237821E+005   0.1296676218E+006
     45300   0.2250704347E+005   0.1294929565E+006
     45400   0.2235698407E+005   0.1296430159E+006
     45500   0.2216173698E+005   0.1298382630E+006
     45600   0.2258166749E+005   0.1294183325E+006
     45700   0.2245892946E+005   0.1295410705E+006
     45800   0.2288187683E+005   0.1291181232E+006
     45900   0.2254838946E+005   0.1294516105E+006
     46000   0.2258803694E+005   0.1294119631E+006
     46100   0.2265543587E+005   0.1293445641E+006
     46200   0.2279623002E+005   0.1292037700E+006
     46300   0.2290671618E+005   0.1290932838E+006
     46400   0.2241767211E+005   0.1295823279E+006
     46500   0.2222465448E+005   0.1297753455E+006
     46600   0.2251132103E+005   0.1294886790E+006
     46700   0.2270281536E+005   0.1292971846E+006
     46800   0.2241373639E+005   0.1295862636E+006
     46900   0.2222959521E+005   0.1297704048E+006
     47000   0.2232801831E+005   0.1296719817E+006
     47100   0.2232846413E+005   0.1296715359E+006
     47200   0.2260191600E+005   0.1293980840E+006
     47300   0.2301844557E+005   0.1289815544E+006
     47400   0.2286247877E+005   0.1291375212E+006
     47500   0.2239207893E+005   0.1296079211E+006
     47600   0.2263513131E+005   0.1293648687E+006
     47700   0.2272554878E+005   0.1292744512E+006
     47800   0.2258284694E+005   0.1294171531E+006
     47900   0.2277017348E+005   0.1292298265E+006
     48000   0.2310041635E+005   0.1288995837E+006
     48100   0.2295001742E+005   0.1290499826E+006
     48200   0.2256524974E+005   0.1294347503E+006
     48300   0.2297145238E+005   0.1290285476E+006
     48400   0.2299743478E+005   0.1290025652E+006
     48500   0.2296381466E+005   0.1290361853E+006
     48600   0.2313693200E+005   0.1288630680E+006
     48700   0.2293063489E+005   0.1290693651E+006
     48800   0.2292046150E+005   0.1290795385E+006
     48900   0.2278759548E+005   0.1292124045E+006
     49000   0.2308288086E+005   0.1289171191E+006
     49100   0.2290519774E+005   0.1290948023E+006
     49200   0.2278516733E+005   0.1292148327E+006
     49300   0.2316690163E+005   0.1288330984E+006
     49400   0.2275115464E+005   0.1292488454E+006
     49500   0.2307484738E+005   0.1289251526E+006
     49600   0.2301418726E+005   0.1289858127E+006
     49700   0.2279098799E+005   0.1292090120E+006
     49800   0.2289679597E+005   0.1291032040E+006
     49900   0.2268940877E+005   0.1293105912E+006
     50000   0.2214243972E+005   0.1298575603E+006
     50100   0.2251331840E+005   0.1294866816E+006
     50200   0.2243425912E+005   0.1295657409E+006
     50300   0.2254312412E+005   0.1294568759E+006
     50400   0.2267540967E+005   0.1293245903E+006
     50500   0.2284625548E+005   0.1291537445E+006
     50600   0.2306236410E+005   0.1289376359E+006
     50700   0.2261052631E+005   0.1293894737E+006
     50800   0.2259985923E+005   0.1294001408E+006
     50900   0.2268028798E+005   0.1293197120E+006
     51000   0.2252656269E+005   0.1294734373E+006
     51100   0.2266225370E+005   0.1293377463E+006
     51200   0.2261149518E+005   0.1293885048E+006
     51300   0.2270645123E+005   0.1292935488E+006
     51400   0.2255723451E+005   0.1294427655E+006
     51500   0.2249486654E+005   0.1295051335E+006
     51600   0.2271583234E+005   0.1292841677E+006
     51700   0.2265666327E+005   0.1293433367E+006
     51800   0.2323095558E+005   0.1287690444E+006
     51900   0.2300661658E+005   0.1289933834E+006
     52000   0.2271725978E+005   0.1292827402E+006
     52100   0.2319522527E+005   0.1288047747E+006
     52200   0.2278493316E+005   0.1292150668E+006
     52300   0.2282762351E+005   0.1291723765E+006
     52400   0.2280597989E+005   0.1291940201E+006
     52500   0.2274209846E+005   0.1292579015E+006
     52600   0.2271123556E+005   0.1292887644E+006
     52700   0.2264479585E+005   0.1293552041E+006
     52800   0.2262683500E+005   0.1293731650E+006
     52900   0.2260714460E+005   0.1293928554E+006
     53000   0.2257131048E+005   0.1294286895E+006
     53100   0.2272402430E+005   0.1292759757E+006
     53200   0.2298645272E+005   0.1290135473E+006
     53300   0.2239448655E+005   0.1296055134E+006
     53400   0.2289687406E+005   0.1291031259E+006
     53500   0.2256273661E+005   0.1294372634E+006
     53600   0.2275068086E+005   0.1292493191E+006
     53700   0.2304243645E+005   0.1289575636E+006
     53800   0.2315512077E+005   0.1288448792E+006
     53900   0.2295715169E+005   0.1290428483E+006
     54000   0.2282378078E+005   0.1291762192E+006
     54100   0.2328352746E+005   0.1287164725E+006
     54200   0.2346638496E+005   0.1285336150E+006
     54300   0.2345893231E+005   0.1285410677E+006
     54400   0.2335301657E+005   0.1286469834E+006
     54500   0.2335193727E+005   0.1286480627E+006
     54600   0.2322275533E+005   0.1287772447E+006
     54700   0.2305553375E+005   0.1289444663E+006
     54800   0.2302353896E+005   0.1289764610E+006
     54900   0.2313568400E+005   0.1288643160E+006
     55000   0.2338253418E+005   0.1286174658E+006
     55100   0.2345407918E+005   0.1285459208E+006
     55200   0.2317419467E+005   0.1288258053E+006
     55300   0.2329153227E+005   0.1287084677E+006
     55400   0.2321185618E+005   0.1287881438E+006
     55500   0.2365139539E+005   0.1283486046E+006
     55600   0.2344809369E+005   0.1285519063E+006
     55700   0.2304600126E+005   0.1289539987E+006
     55800   0.2294664283E+005   0.1290533572E+006
     55900   0.2328937830E+005   0.1287106217E+006
     56000   0.2298433842E+005   0.1290156616E+006
     56100   0.2288434001E+005   0.1291156600E+006
     56200   0.2272148886E+005   0.1292785111E+006
     56300   0.2284109917E+005   0.1291589008E+006
     56400   0.2279006572E+005   0.1292099343E+006
     56500   0.2273320136E+005   0.1292667986E+006
     56600   0.2252281604E+005   0.1294771840E+006
     56700   0.2264729151E+005   0.1293527085E+006
     56800   0.2285119409E+005   0.1291488059E+006
     56900   0.2261379200E+005   0.1293862080E+006
     57000   0.2286230735E+005   0.1291376927E+006
     57100   0.2297610409E+005   0.1290238959E+006
     57200   0.2299632975E+005   0.1290036702E+006
     57300   0.2276270685E+005   0.1292372931E+006
     57400   0.2285434264E+005   0.1291456574E+006
     57500   0.2288452431E+005   0.1291154757E+006
     57600   0.2295237723E+005   0.1290476228E+006
     57700   0.2288924372E+005   0.1291107563E+006
     57800   0.2310184444E+005   0.1288981556E+006
     57900   0.2323369513E+005   0.1287663049E+006
     58000   0.2311682533E+005   0.1288831747E+006
     58100   0.2320569321E+005   0.1287943068E+006
     58200   0.2282709757E+005   0.1291729024E+006
     58300   0.2298086102E+005   0.1290191390E+006
     58400   0.2278808417E+005   0.1292119158E+006
     58500   0.2303034967E+005   0.1289696503E+006
     58600   0.2301739149E+005   0.1289826085E+006
     58700   0.2226943496E+005   0.1297305650E+006
     58800   0.2256941405E+005   0.1294305860E+006
     58900   0.2253357117E+005   0.1294664288E+006
     59000   0.2220267732E+005   0.1297973227E+006
     59100   0.2290627649E+005   0.1290937235E+006
     59200   0.2287742261E+005   0.1291225774E+006
     59300   0.2248944659E+005   0.1295105534E+006
     59400   0.2213955064E+005   0.1298604494E+006
     59500   0.2284616441E+005   0.1291538356E+006
     59600   0.2290442699E+005   0.1290955730E+006
     59700   0.2326267239E+005   0.1287373276E+006
     59800   0.2277820372E+005   0.1292217963E+006
     59900   0.2323822094E+005   0.1287617791E+006
     60000   0.2282868036E+005   0.1291713196E+006
     60100   0.2316486063E+005   0.1288351394E+006
     60200   0.2334621867E+005   0.1286537813E+006
     60300   0.2300283757E+005   0.1289971624E+006
     60400   0.2277635583E+005   0.1292236442E+006
     60500   0.2253215858E+005   0.1294678414E+006
     60600   0.2274043475E+005   0.1292595653E+006
     60700   0.2257177941E+005   0.1294282206E+006
     60800   0.2265704861E+005   0.1293429514E+006
     60900   0.2270924286E+005   0.1292907571E+006
     61000   0.2262949197E+005   0.1293705080E+006
     61100   0.2245609474E+005   0.1295439053E+006
     61200   0.2257645069E+005   0.1294235493E+006
     61300   0.2283773582E+005   0.1291622642E+006
     61400   0.2294186979E+005   0.1290581302E+006
     61500   0.2294095006E+005   0.1290590499E+006
     61600   0.2260655235E+005   0.1293934477E+006
     61700   0.2293089955E+005   0.1290691005E+006
     61800   0.2304966152E+005   0.1289503385E+006
     61900   0.2294649016E+005   0.1290535098E+006
     62000   0.2292659520E+005   0.1290734048E+006
     62100   0.2295868774E+005   0.1290413123E+006
     62200   0.2302883203E+005   0.1289711680E+006
     62300   0.2269738223E+005   0.1293026178E+006
     62400   0.2275950911E+005   0.1292404909E+006
     62500   0.2268486524E+005   0.1293151348E+006
     62600   0.2298880177E+005   0.1290111982E+006
     62700   0.2312998927E+005   0.1288700107E+006
     62800   0.2314334338E+005   0.1288566566E+006
     62900   0.2308881131E+005   0.1289111887E+006
     63000   0.2328307677E+005   0.1287169232E+006
     63100   0.2311301003E+005   0.1288869900E+006
     63200   0.2293923048E+005   0.1290607695E+006
     63300   0.2302599656E+005   0.1289740034E+006
     63400   0.2295703774E+005   0.1290429623E+006
     63500   0.2289811717E+005   0.1291018828E+006
     63600   0.2290402173E+005   0.1290959783E+006
     63700   0.2282891784E+005   0.1291710822E+006
     63800   0.2272704230E+005   0.1292729577E+006
     63900   0.2255788050E+005   0.1294421195E+006
     64000   0.2229793807E+005   0.1297020619E+006
     64100   0.2288289976E+005   0.1291171002E+006
     64200   0.2263200359E+005   0.1293679964E+006
     64300   0.2316997971E+005   0.1288300203E+006
     64400   0.2284074227E+005   0.1291592577E+006
     64500   0.2242659061E+005   0.1295734094E+006
     64600   0.2294433020E+005   0.1290556698E+006
     64700   0.2271915769E+005   0.1292808423E+006
     64800   0.2311043520E+005   0.1288895648E+006
     64900   0.2256586003E+005   0.1294341400E+006
     65000   0.2309525363E+005   0.1289047464E+006
     65100   0.2287782127E+005   0.1291221787E+006
     65200   0.2272847287E+005   0.1292715271E+006
     65300   0.2247662966E+005   0.1295233703E+006
     65400   0.2271700143E+005   0.1292829986E+006
     65500   0.2304175854E+005   0.1289582415E+006
     65600   0.2252168608E+005   0.1294783139E+006
     65700   0.2266524202E+005   0.1293347580E+006
     65800   0.2256582013E+005   0.1294341799E+006
     65900   0.2272326415E+005   0.1292767358E+006
     66000   0.2281199647E+005   0.1291880035E+006
     66100   0.2243810892E+005   0.1295618911E+006
     66200   0.2316261162E+005   0.1288373884E+006
     66300   0.2333732479E+005   0.1286626752E+006
     66400   0.2325786534E+005   0.1287421347E+006
     66500   0.2252375066E+005   0.1294762493E+006
     66600   0.2269775639E+005   0.1293022436E+006
     66700   0.2254683971E+005   0.1294531603E+006
     66800   0.2287806183E+005   0.1291219382E+006
     66900   0.2350125756E+005   0.1284987424E+006
     67000   0.2382084087E+005   0.1281791591E+006
     67100   0.2358189573E+005   0.1284181043E+006
     67200   0.2311907635E+005   0.1288809237E+006
     67300   0.2363206185E+005   0.1283679382E+006
     67400   0.2311886886E+005   0.1288811311E+006
     67500   0.2285495502E+005   0.1291450450E+006
     67600   0.2311913723E+005   0.1288808628E+006
     67700   0.2280348151E+005   0.1291965185E+006
     67800   0.2242266333E+005   0.1295773367E+006
     67900   0.2305135870E+005   0.1289486413E+006
     68000   0.2290061233E+005   0.1290993877E+006
     68100   0.2280534450E+005   0.1291946555E+006
     68200   0.2308966705E+005   0.1289103330E+006
     68300   0.2307492336E+005   0.1289250766E+006
     68400   0.2325952019E+005   0.1287404798E+006
     68500   0.2296944183E+005   0.1290305582E+006
     68600   0.2255970993E+005   0.1294402901E+006
     68700   0.2289318915E+005   0.1291068108E+006
     68800   0.2314947935E+005   0.1288505207E+006
     68900   0.2301062701E+005   0.1289893730E+006
     69000   0.2258823589E+005   0.1294117641E+006
     69100   0.2246287266E+005   0.1295371273E+006
     69200   0.2263730017E+005   0.1293626998E+006
     69300   0.2273176722E+005   0.1292682328E+006
     69400   0.2262069504E+005   0.1293793050E+006
     69500   0.2287810232E+005   0.1291218977E+006
     69600   0.2244597145E+005   0.1295540286E+006
     69700   0.2296615645E+005   0.1290338436E+006
     69800   0.2275622446E+005   0.1292437755E+006
     69900   0.2257942333E+005   0.1294205767E+006
     70000   0.2253887454E+005   0.1294611255E+006
     70100   0.2262456202E+005   0.1293754380E+006
     70200   0.2246808050E+005   0.1295319195E+006
     70300   0.2245080931E+005   0.1295491907E+006
     70400   0.2223822702E+005   0.1297617730E+006
     70500   0.2246053941E+005   0.1295394606E+006
     70600   0.2238703290E+005   0.1296129671E+006
     70700   0.2269957830E+005   0.1293004217E+006
     70800   0.2229484870E+005   0.1297051513E+006
     70900   0.2214054105E+005   0.1298594590E+006
     71000   0.2214710803E+005   0.1298528920E+006
     71100   0.2269668176E+005   0.1293033182E+006
     71200   0.2261203428E+005   0.1293879657E+006
     71300   0.2267105485E+005   0.1293289451E+006
     71400   0.2240260396E+005   0.1295973960E+006
     71500   0.2297648974E+005   0.1290235103E+006
     71600   0.2292012291E+005   0.1290798771E+006
     71700   0.2269721649E+005   0.1293027835E+006
     71800   0.2227610136E+005   0.1297238986E+006
     71900   0.2232664540E+005   0.1296733546E+006
     72000   0.2230422892E+005   0.1296957711E+006
     72100   0.2219918729E+005   0.1298008127E+006
     72200   0.2231268805E+005   0.1296873120E+006
     72300   0.2214073432E+005   0.1298592657E+006
     72400   0.2191966583E+005   0.1300803342E+006
     72500   0.2167822155E+005   0.1303217784E+006
     72600   0.2233837539E+005   0.1296616246E+006
     72700   0.2270254510E+005   0.1292974549E+006
     72800   0.2259684793E+005   0.1294031521E+006
     72900   0.2264609332E+005   0.1293539067E+006
     73000   0.2225359593E+005   0.1297464041E+006
     73100   0.2252434867E+005   0.1294756513E+006
     73200   0.2257380558E+005   0.1294261944E+006
     73300   0.2277774298E+005   0.1292222570E+006
     73400   0.2304120624E+005   0.1289587938E+006
     73500   0.2250714100E+005   0.1294928590E+006
     73600   0.2245268808E+005   0.1295473119E+006
     73700   0.2223110398E+005   0.1297688960E+006
     73800   0.2166955286E+005   0.1303304471E+006
     73900   0.2184748069E+005   0.1301525193E+006
     74000   0.2232492332E+005   0.1296750767E+006
     74100   0.2246231318E+005   0.1295376868E+006
     74200   0.2264735234E+005   0.1293526477E+006
     74300   0.2237265078E+005   0.1296273492E+006
     74400   0.2212907799E+005   0.1298709220E+006
     74500   0.2250410334E+005   0.1294958967E+006
     74600   0.2258177756E+005   0.1294182224E+006
     74700   0.2205477890E+005   0.1299452211E+006
     74800   0.2257028947E+005   0.1294297105E+006
     74900   0.2255765808E+005   0.1294423419E+006
     75000   0.2298892500E+005   0.1290110750E+006
     75100   0.2300059518E+005   0.1289994048E+006
     75200   0.2232472602E+005   0.1296752740E+006
     75300   0.2265750493E+005   0.1293424951E+006
     75400   0.2247920763E+005   0.1295207924E+006
     75500   0.2279019661E+005   0.1292098034E+006
     75600   0.2247216696E+005   0.1295278330E+006
     75700   0.2263036440E+005   0.1293696356E+006
     75800   0.2294044424E+005   0.1290595558E+006
     75900   0.2259347926E+005   0.1294065207E+006
     76000   0.2300969565E+005   0.1289903043E+006
     76100   0.2286197831E+005   0.1291380217E+006
     76200   0.2286294389E+005   0.1291370561E+006
     76300   0.2272359326E+005   0.1292764067E+006
     76400   0.2362613947E+005   0.1283738605E+006
     76500   0.2281158831E+005   0.1291884117E+006
     76600   0.2262827455E+005   0.1293717254E+006
     76700   0.2240561779E+005   0.1295943822E+006
     76800   0.2270197404E+005   0.1292980260E+006
     76900   0.2304772771E+005   0.1289522723E+006
     77000   0.2274189432E+005   0.1292581057E+006
     77100   0.2235447832E+005   0.1296455217E+006
     77200   0.2289545197E+005   0.1291045480E+006
     77300   0.2319774853E+005   0.1288022515E+006
     77400   0.2309459161E+005   0.1289054084E+006
     77500   0.2306319868E+005   0.1289368013E+006
     77600   0.2275238787E+005   0.1292476121E+006
     77700   0.2305537575E+005   0.1289446243E+006
     77800   0.2334893581E+005   0.1286510642E+006
     77900   0.2359159450E+005   0.1284084055E+006
     78000   0.2282617890E+005   0.1291738211E+006
     78100   0.2304725935E+005   0.1289527407E+006
     78200   0.2303566231E+005   0.1289643377E+006
     78300   0.2250765361E+005   0.1294923464E+006
     78400   0.2296863278E+005   0.1290313672E+006
     78500   0.2332087814E+005   0.1286791219E+006
     78600   0.2333105795E+005   0.1286689421E+006
     78700   0.2309759812E+005   0.1289024019E+006
     78800   0.2313303718E+005   0.1288669628E+006
     78900   0.2271351440E+005   0.1292864856E+006
     79000   0.2282169983E+005   0.1291783002E+006
     79100   0.2334354132E+005   0.1286564587E+006
     79200   0.2276835626E+005   0.1292316437E+006
     79300   0.2301863518E+005   0.1289813648E+006
     79400   0.2296865313E+005   0.1290313469E+006
     79500   0.2303134609E+005   0.1289686539E+006
     79600   0.2270259799E+005   0.1292974020E+006
     79700   0.2272875041E+005   0.1292712496E+006
     79800   0.2258011988E+005   0.1294198801E+006
     79900   0.2247161692E+005   0.1295283831E+006
     80000   0.2308293073E+005   0.1289170693E+006
     80100   0.2315567279E+005   0.1288443272E+006
     80200   0.2289970577E+005   0.1291002942E+006
     80300   0.2273045646E+005   0.1292695435E+006
     80400   0.2263870752E+005   0.1293612925E+006
     80500   0.2286155341E+005   0.1291384466E+006
     80600   0.2356106369E+005   0.1284389363E+006
     80700   0.2320425458E+005   0.1287957454E+006
     80800   0.2256661181E+005   0.1294333882E+006
     80900   0.2301634391E+005   0.1289836561E+006
     81000   0.2250468385E+005   0.1294953162E+006
     81100   0.2309328462E+005   0.1289067154E+006
     81200   0.2301699623E+005   0.1289830038E+006
     81300   0.2309299278E+005   0.1289070072E+006
     81400   0.2264534608E+005   0.1293546539E+006
     81500   0.2320588295E+005   0.1287941171E+006
     81600   0.2312631339E+005   0.1288736866E+006
     81700   0.2303073840E+005   0.1289692616E+006
     81800   0.2310644230E+005   0.1288935577E+006
     81900   0.2338182287E+005   0.1286181771E+006
     82000   0.2287345603E+005   0.1291265440E+006
     82100   0.2294453570E+005   0.1290554643E+006
     82200   0.2283627431E+005   0.1291637257E+006
     82300   0.2270123128E+005   0.1292987687E+006
     82400   0.2298187946E+005   0.1290181205E+006
     82500   0.2311679453E+005   0.1288832055E+006
     82600   0.2262995819E+005   0.1293700418E+006
     82700   0.2311962486E+005   0.1288803751E+006
     82800   0.2295737632E+005   0.1290426237E+006
     82900   0.2352446349E+005   0.1284755365E+006
     83000   0.2312342097E+005   0.1288765790E+006
     83100   0.2316955997E+005   0.1288304400E+006
     83200   0.2276899157E+005   0.1292310084E+006
     83300   0.2320799807E+005   0.1287920019E+006
     83400   0.2342045946E+005   0.1285795405E+006
     83500   0.2280563578E+005   0.1291943642E+006
     83600   0.2281982960E+005   0.1291801704E+006
     83700   0.2308042932E+005   0.1289195707E+006
     83800   0.2300094016E+005   0.1289990598E+006
     83900   0.2296741782E+005   0.1290325822E+006
     84000   0.2294980420E+005   0.1290501958E+006
     84100   0.2297971591E+005   0.1290202841E+006
     84200   0.2227589681E+005   0.1297241032E+006
     84300   0.2241228460E+005   0.1295877154E+006
     84400   0.2261107715E+005   0.1293889229E+006
     84500   0.2236383980E+005   0.1296361602E+006
     84600   0.2240657592E+005   0.1295934241E+006
     84700   0.2274357998E+005   0.1292564200E+006
     84800   0.2318900362E+005   0.1288109964E+006
     84900   0.2295065852E+005   0.1290493415E+006
     85000   0.2321793971E+005   0.1287820603E+006
     85100   0.2216250590E+005   0.1298374941E+006
     85200   0.2243667502E+005   0.1295633250E+006
     85300   0.2259953455E+005   0.1294004655E+006
     85400   0.2262043821E+005   0.1293795618E+006
     85500   0.2274136156E+005   0.1292586384E+006
     85600   0.2251766857E+005   0.1294823314E+006
     85700   0.2292472360E+005   0.1290752764E+006
     85800   0.2312242643E+005   0.1288775736E+006
     85900   0.2274384253E+005   0.1292561575E+006
     86000   0.2296292904E+005   0.1290370710E+006
     86100   0.2289583477E+005   0.1291041652E+006
     86200   0.2316256404E+005   0.1288374360E+006
     86300   0.2246927460E+005   0.1295307254E+006
     86400   0.2287696989E+005   0.1291230301E+006
     86500   0.2235874682E+005   0.1296412532E+006
     86600   0.2248150582E+005   0.1295184942E+006
     86700   0.2231415631E+005   0.1296858437E+006
     86800   0.2278668717E+005   0.1292133128E+006
     86900   0.2270159788E+005   0.1292984021E+006
     87000   0.2280527238E+005   0.1291947276E+006
     87100   0.2265052593E+005   0.1293494741E+006
     87200   0.2286079840E+005   0.1291392016E+006
     87300   0.2254353964E+005   0.1294564604E+006
     87400   0.2275826458E+005   0.1292417354E+006
     87500   0.2280560316E+005   0.1291943968E+006
     87600   0.2248380607E+005   0.1295161939E+006
     87700   0.2260985917E+005   0.1293901408E+006
     87800   0.2263466143E+005   0.1293653386E+006
     87900   0.2275013397E+005   0.1292498660E+006
     88000   0.2267009695E+005   0.1293299030E+006
     88100   0.2268149507E+005   0.1293185049E+006
     88200   0.2242637930E+005   0.1295736207E+006
     88300   0.2230382171E+005   0.1296961783E+006
     88400   0.2260976402E+005   0.1293902360E+006
     88500   0.2248219866E+005   0.1295178013E+006
     88600   0.2251328674E+005   0.1294867133E+006
     88700   0.2276450828E+005   0.1292354917E+006
     88800   0.2248114122E+005   0.1295188588E+006
     88900   0.2287374167E+005   0.1291262583E+006
     89000   0.2246413761E+005   0.1295358624E+006
     89100   0.2274195753E+005   0.1292580425E+006
     89200   0.2234997800E+005   0.1296500220E+006
     89300   0.2231827467E+005   0.1296817253E+006
     89400   0.2234013240E+005   0.1296598676E+006
     89500   0.2226723494E+005   0.1297327651E+006
     89600   0.2183171230E+005   0.1301682877E+006
     89700   0.2216001252E+005   0.1298399875E+006
     89800   0.2245319699E+005   0.1295468030E+006
     89900   0.2294364762E+005   0.1290563524E+006
     90000   0.2314659103E+005   0.1288534090E+006
     90100   0.2261949502E+005   0.1293805050E+006
     90200   0.2266194080E+005   0.1293380592E+006
     90300   0.2271304797E+005   0.1292869520E+006
     90400   0.2274266299E+005   0.1292573370E+006
     90500   0.2266087335E+005   0.1293391267E+006
     90600   0.2283932180E+005   0.1291606782E+006
     90700   0.2304682950E+005   0.1289531705E+006
     90800   0.2277458319E+005   0.1292254168E+006
     90900   0.2246127171E+005   0.1295387283E+006
     91000   0.2221871372E+005   0.1297812863E+006
     91100   0.2266531391E+005   0.1293346861E+006
     91200   0.2296845224E+005   0.1290315478E+006
     91300   0.2286960646E+005   0.1291303935E+006
     91400   0.2280035198E+005   0.1291996480E+006
     91500   0.2283638347E+005   0.1291636165E+006
     91600   0.2265189240E+005   0.1293481076E+006
     91700   0.2257769823E+005   0.1294223018E+006
     91800   0.2258698739E+005   0.1294130126E+006
     91900   0.2225371922E+005   0.1297462808E+006
     92000   0.2252229875E+005   0.1294777013E+006
     92100   0.2297007081E+005   0.1290299292E+006
     92200   0.2259989485E+005   0.1294001052E+006
     92300   0.2284889675E+005   0.1291511033E+006
     92400   0.2293751552E+005   0.1290624845E+006
     92500   0.2262759231E+005   0.1293724077E+006
     92600   0.2279368802E+005   0.1292063120E+006
     92700   0.2309728125E+005   0.1289027187E+006
     92800   0.2334211735E+005   0.1286578827E+006
     92900   0.2245145910E+005   0.1295485409E+006
     93000   0.2316020681E+005   0.1288397932E+006
     93100   0.2284064276E+005   0.1291593572E+006
     93200   0.2267401758E+005   0.1293259824E+006
     93300   0.2275977918E+005   0.1292402208E+006
     93400   0.2318879833E+005   0.1288112017E+006
     93500   0.2300766755E+005   0.1289923325E+006
     93600   0.2338262266E+005   0.1286173773E+006
     93700   0.2317094658E+005   0.1288290534E+006
     93800   0.2307948176E+005   0.1289205182E+006
     93900   0.2322507956E+005   0.1287749204E+006
     94000   0.2349423921E+005   0.1285057608E+006
     94100   0.2326760879E+005   0.1287323912E+006
     94200   0.2303723661E+005   0.1289627634E+006
     94300   0.2285479919E+005   0.1291452008E+006
     94400   0.2282480736E+005   0.1291751926E+006
     94500   0.2287744662E+005   0.1291225534E+006
     94600   0.2254061091E+005   0.1294593891E+006
     94700   0.2298659710E+005   0.1290134029E+006
     94800   0.2263023064E+005   0.1293697694E+006
     94900   0.2277181328E+005   0.1292281867E+006
     95000   0.2306437587E+005   0.1289356241E+006
     95100   0.2272516488E+005   0.1292748351E+006
     95200   0.2282947943E+005   0.1291705206E+006
     95300   0.2250524205E+005   0.1294947580E+006
     95400   0.2310351708E+005   0.1288964829E+006
     95500   0.2311171617E+005   0.1288882838E+006
     95600   0.2300852712E+005   0.1289914729E+006
     95700   0.2318751408E+005   0.1288124859E+006
     95800   0.2289663759E+005   0.1291033624E+006
     95900   0.2323703745E+005   0.1287629626E+006
     96000   0.2303302797E+005   0.1289669720E+006
     96100   0.2228577479E+005   0.1297142252E+006
     96200   0.2280969235E+005   0.1291903076E+006
     96300   0.2269136385E+005   0.1293086362E+006
     96400   0.2284338919E+005   0.1291566108E+006
     96500   0.2277820484E+005   0.1292217952E+006
     96600   0.2260005924E+005   0.1293999408E+006
     96700   0.2301371368E+005   0.1289862863E+006
     96800   0.2228683100E+005   0.1297131690E+006
     96900   0.2226927958E+005   0.1297307204E+006
     97000   0.2240063592E+005   0.1295993641E+006
     97100   0.2239882510E+005   0.1296011749E+006
     97200   0.2230936098E+005   0.1296906390E+006
     97300   0.2226231610E+005   0.1297376839E+006
     97400   0.2228666909E+005   0.1297133309E+006
     97500   0.2202647863E+005   0.1299735214E+006
     97600   0.2201075259E+005   0.1299892474E+006
     97700   0.2182609468E+005   0.1301739053E+006
     97800   0.2229854557E+005   0.1297014544E+006
     97900   0.2206560230E+005   0.1299343977E+006
     98000   0.2217017004E+005   0.1298298300E+006
     98100   0.2241545468E+005   0.1295845453E+006
     98200   0.2226954581E+005   0.1297304542E+006
     98300   0.2175844806E+005   0.1302415519E+006
     98400   0.2180928659E+005   0.1301907134E+006
     98500   0.2209215123E+005   0.1299078488E+006
     98600   0.2181154916E+005   0.1301884508E+006
     98700   0.2192343764E+005   0.1300765624E+006
     98800   0.2245849067E+005   0.1295415093E+006
     98900   0.2212693832E+005   0.1298730617E+006
     99000   0.2181368994E+005   0.1301863101E+006
     99100   0.2208345330E+005   0.1299165467E+006
     99200   0.2229577042E+005   0.1297042296E+006
     99300   0.2219797518E+005   0.1298020248E+006
     99400   0.2232749167E+005   0.1296725083E+006
     99500   0.2258103519E+005   0.1294189648E+006
     99600   0.2218732417E+005   0.1298126758E+006
     99700   0.2235991748E+005   0.1296400825E+006
     99800   0.2266984663E+005   0.1293301534E+006
     99900   0.2279875883E+005   0.1292012412E+006
    100000   0.2275741370E+005   0.1292425863E+006
    100100   0.2276034727E+005   0.1292396527E+006
    100200   0.2209144240E+005   0.1299085576E+006
    100300   0.2192088909E+005   0.1300791109E+006
    100400   0.2255528602E+005   0.1294447140E+006
    100500   0.2225274809E+005   0.1297472519E+006
    100600   0.2233754849E+005   0.1296624515E+006
    100700   0.2248824654E+005   0.1295117535E+006
    100800   0.2266283111E+005   0.1293371689E+006
    100900   0.2281351534E+005   0.1291864847E+006
    101000   0.2269963438E+005   0.1293003656E+006
    101100   0.2274182619E+005   0.1292581738E+006
    101200   0.2306358500E+005   0.1289364150E+006
    101300   0.2285211842E+005   0.1291478816E+006
    101400   0.2266661254E+005   0.1293333875E+006
    101500   0.2263477704E+005   0.1293652230E+006
    101600   0.2253317181E+005   0.1294668282E+006
    101700   0.2205533534E+005   0.1299446647E+006
    101800   0.2240615948E+005   0.1295938405E+006
    101900   0.2250377516E+005   0.1294962248E+006
    102000   0.2254156477E+005   0.1294584352E+006
    102100   0.2217359676E+005   0.1298264032E+006
    102200   0.2306898221E+005   0.1289310178E+006
    102300   0.2301518634E+005   0.1289848137E+006
    102400   0.2274425920E+005   0.1292557408E+006
    102500   0.2295615166E+005   0.1290438483E+006
    102600   0.2302052535E+005   0.1289794746E+006
    102700   0.2274489134E+005   0.1292551087E+006
    102800   0.2250643612E+005   0.1294935639E+006
    102900   0.2257401106E+005   0.1294259889E+006
    103000   0.2240663061E+005   0.1295933694E+006
    103100   0.2256879661E+005   0.1294312034E+006
    103200   0.2298185215E+005   0.1290181478E+006
    103300   0.2268188131E+005   0.1293181187E+006
    103400   0.2262107935E+005   0.1293789206E+006
    103500   0.2297380866E+005   0.1290261913E+006
    103600   0.2307342614E+005   0.1289265739E+006
    103700   0.2314128933E+005   0.1288587107E+006
    103800   0.2254316677E+005   0.1294568332E+006
    103900   0.2257112469E+005   0.1294288753E+006
    104000   0.2271292667E+005   0.1292870733E+006
    104100   0.2238075820E+005   0.1296192418E+006
    104200   0.2301911780E+005   0.1289808822E+006
    104300   0.2288823412E+005   0.1291117659E+006
    104400   0.2294115318E+005   0.1290588468E+006
    104500   0.2300280957E+005   0.1289971904E+006
    104600   0.2274478294E+005   0.1292552171E+006
    104700   0.2252064124E+005   0.1294793588E+006
    104800   0.2234695513E+005   0.1296530449E+006
    104900   0.2280533362E+005   0.1291946664E+006
    105000   0.2234917779E+005   0.1296508222E+006
    105100   0.2249142868E+005   0.1295085713E+006
    105200   0.2272516444E+005   0.1292748356E+006
    105300   0.2242114664E+005   0.1295788534E+006
    105400   0.2289450211E+005   0.1291054979E+006
    105500   0.2317460963E+005   0.1288253904E+006
    105600   0.2298183303E+005   0.1290181670E+006
    105700   0.2307917279E+005   0.1289208272E+006
    105800   0.2313964740E+005   0.1288603526E+006
    105900   0.2284098909E+005   0.1291590109E+006
    106000   0.2301330227E+005   0.1289866977E+006
    106100   0.2328224143E+005   0.1287177586E+006
    106200   0.2331567000E+005   0.1286843300E+006
    106300   0.2348269363E+005   0.1285173064E+006
    106400   0.2336946957E+005   0.1286305304E+006
    106500   0.2303464509E+005   0.1289653549E+006
    106600   0.2355690221E+005   0.1284430978E+006
    106700   0.2328591929E+005   0.1287140807E+006
    106800   0.2320049901E+005   0.1287995010E+006
    106900   0.2297352682E+005   0.1290264732E+006
    107000   0.2354424337E+005   0.1284557566E+006
    107100   0.2259333373E+005   0.1294066663E+006
    107200   0.2265132567E+005   0.1293486743E+006
    107300   0.2291529921E+005   0.1290847008E+006
    107400   0.2263446183E+005   0.1293655382E+006
    107500   0.2312934819E+005   0.1288706518E+006
    107600   0.2345462415E+005   0.1285453759E+006
    107700   0.2304416716E+005   0.1289558328E+006
    107800   0.2291907488E+005   0.1290809251E+006
    107900   0.2287269012E+005   0.1291273099E+006
    108000   0.2278288925E+005   0.1292171108E+006
    108100   0.2287197249E+005   0.1291280275E+006
    108200   0.2264791625E+005   0.1293520838E+006
    108300   0.2253746799E+005   0.1294625320E+006
    108400   0.2327854404E+005   0.1287214560E+006
    108500   0.2312975561E+005   0.1288702444E+006
    108600   0.2295130290E+005   0.1290486971E+006
    108700   0.2255763917E+005   0.1294423608E+006
    108800   0.2250463612E+005   0.1294953639E+006
    108900   0.2282135575E+005   0.1291786442E+006
    109000   0.2280516810E+005   0.1291948319E+006
    109100   0.2259510136E+005   0.1294048986E+006
    109200   0.2234756362E+005   0.1296524364E+006
    109300   0.2244778095E+005   0.1295522191E+006
    109400   0.2207760746E+005   0.1299223925E+006
    109500   0.2291131385E+005   0.1290886862E+006
    109600   0.2276068868E+005   0.1292393113E+006
    109700   0.2253297345E+005   0.1294670265E+006
    109800   0.2269363299E+005   0.1293063670E+006
    109900   0.2253289502E+005   0.1294671050E+006
    110000   0.2230771906E+005   0.1296922809E+006
    110100   0.2198099357E+005   0.1300190064E+006
    110200   0.2290228285E+005   0.1290977171E+006
    110300   0.2265450095E+005   0.1293454990E+006
    110400   0.2275296890E+005   0.1292470311E+006
    110500   0.2240095676E+005   0.1295990432E+006
    110600   0.2223144917E+005   0.1297685508E+006
    110700   0.2254306922E+005   0.1294569308E+006
    110800   0.2238734174E+005   0.1296126583E+006
    110900   0.2267314692E+005   0.1293268531E+006
    111000   0.2253281765E+005   0.1294671823E+006
    111100   0.2305400382E+005   0.1289459962E+006
    111200   0.2331019348E+005   0.1286898065E+006
    111300   0.2336447772E+005   0.1286355223E+006
    111400   0.2339866494E+005   0.1286013351E+006
    111500   0.2287308012E+005   0.1291269199E+006
    111600   0.2279768989E+005   0.1292023101E+006
    111700   0.2286009625E+005   0.1291399038E+006
    111800   0.2366285819E+005   0.1283371418E+006
    111900   0.2329513219E+005   0.1287048678E+006
    112000   0.2299165619E+005   0.1290083438E+006
    112100   0.2353774429E+005   0.1284622557E+006
    112200   0.2290319388E+005   0.1290968061E+006
    112300   0.2317960871E+005   0.1288203913E+006
    112400   0.2247528323E+005   0.1295247168E+006
    112500   0.2285867502E+005   0.1291413250E+006
    112600   0.2301804455E+005   0.1289819555E+006
    112700   0.2260875196E+005   0.1293912480E+006
    112800   0.2303242900E+005   0.1289675710E+006
    112900   0.2323949641E+005   0.1287605036E+006
    113000   0.2306796025E+005   0.1289320398E+006
    113100   0.2318437371E+005   0.1288156263E+006
    113200   0.2248223346E+005   0.1295177665E+006
    113300   0.2238128630E+005   0.1296187137E+006
    113400   0.2277384860E+005   0.1292261514E+006
    113500   0.2301394543E+005   0.1289860546E+006
    113600   0.2258715358E+005   0.1294128464E+006
    113700   0.2310145361E+005   0.1288985464E+006
    113800   0.2268812559E+005   0.1293118744E+006
    113900   0.2261954470E+005   0.1293804553E+006
    114000   0.2297490697E+005   0.1290250930E+006
    114100   0.2247082812E+005   0.1295291719E+006
    114200   0.2261368252E+005   0.1293863175E+006
    114300   0.2299248506E+005   0.1290075149E+006
    114400   0.2273124758E+005   0.1292687524E+006
    114500   0.2307019202E+005   0.1289298080E+006
    114600   0.2323928683E+005   0.1287607132E+006
    114700   0.2293630381E+005   0.1290636962E+006
    114800   0.2288397399E+005   0.1291160260E+006
    114900   0.2293222458E+005   0.1290677754E+006
    115000   0.2336598649E+005   0.1286340135E+006
    115100   0.2286250441E+005   0.1291374956E+006
    115200   0.2275227911E+005   0.1292477209E+006
    115300   0.2297848539E+005   0.1290215146E+006
    115400   0.2311684803E+005   0.1288831520E+006
    115500   0.2347707981E+005   0.1285229202E+006
    115600   0.2324472783E+005   0.1287552722E+006
    115700   0.2320602765E+005   0.1287939724E+006
    115800   0.2313910354E+005   0.1288608965E+006
    115900   0.2336124399E+005   0.1286387560E+006
    116000   0.2299515141E+005   0.1290048486E+006
    116100   0.2334660504E+005   0.1286533950E+006
    116200   0.2306376774E+005   0.1289362323E+006
    116300   0.2372941325E+005   0.1282705868E+006
    116400   0.2341939391E+005   0.1285806061E+006
    116500   0.2304011469E+005   0.1289598853E+006
    116600   0.2335445832E+005   0.1286455417E+006
    116700   0.2330063294E+005   0.1286993671E+006
    116800   0.2270086135E+005   0.1292991387E+006
    116900   0.2258714629E+005   0.1294128537E+006
    117000   0.2323698718E+005   0.1287630128E+006
    117100   0.2264925611E+005   0.1293507439E+006
    117200   0.2259434372E+005   0.1294056563E+006
    117300   0.2304784233E+005   0.1289521577E+006
    117400   0.2270466935E+005   0.1292953307E+006
    117500   0.2315656668E+005   0.1288434333E+006
    117600   0.2286255278E+005   0.1291374472E+006
    117700   0.2276986967E+005   0.1292301303E+006
    117800   0.2308226371E+005   0.1289177363E+006
    117900   0.2268210015E+005   0.1293178999E+006
    118000   0.2277300181E+005   0.1292269982E+006
    118100   0.2305873698E+005   0.1289412630E+006
    118200   0.2251547394E+005   0.1294845261E+006
    118300   0.2265505868E+005   0.1293449413E+006
    118400   0.2269062680E+005   0.1293093732E+006
    118500   0.2253417768E+005   0.1294658223E+006
    118600   0.2274973687E+005   0.1292502631E+006
    118700   0.2323324477E+005   0.1287667552E+006
    118800   0.2269439395E+005   0.1293056061E+006
    118900   0.2282754358E+005   0.1291724564E+006
    119000   0.2309026660E+005   0.1289097334E+006
    119100   0.2309299967E+005   0.1289070003E+006
    119200   0.2281846427E+005   0.1291815357E+006
    119300   0.2275557164E+005   0.1292444284E+006
    119400   0.2245404683E+005   0.1295459532E+006
    119500   0.2245399539E+005   0.1295460046E+006
    119600   0.2252671678E+005   0.1294732832E+006
    119700   0.2304008415E+005   0.1289599158E+006
    119800   0.2308899914E+005   0.1289110009E+006
    119900   0.2296807944E+005   0.1290319206E+006
    120000   0.2261243491E+005   0.1293875651E+006
    120100   0.2300156219E+005   0.1289984378E+006
    120200   0.2296998025E+005   0.1290300198E+006
    120300   0.2284289432E+005   0.1291571057E+006
    120400   0.2315409153E+005   0.1288459085E+006
    120500   0.2306997714E+005   0.1289300229E+006
    120600   0.2323806701E+005   0.1287619330E+006
    120700   0.2370781165E+005   0.1282921883E+006
    120800   0.2280364231E+005   0.1291963577E+006
    120900   0.2323304871E+005   0.1287669513E+006
    121000   0.2262850808E+005   0.1293714919E+006
    121100   0.2302246710E+005   0.1289775329E+006
    121200   0.2293737923E+005   0.1290626208E+006
    121300   0.2275483872E+005   0.1292451613E+006
    121400   0.2236640598E+005   0.1296335940E+006
    121500   0.2275628628E+005   0.1292437137E+006
    121600   0.2294351421E+005   0.1290564858E+006
    121700   0.2306098729E+005   0.1289390127E+006
    121800   0.2263458138E+005   0.1293654186E+006
    121900   0.2262326789E+005   0.1293767321E+006
    122000   0.2213306992E+005   0.1298669301E+006
    122100   0.2232772992E+005   0.1296722701E+006
    122200   0.2243349857E+005   0.1295665014E+006
    122300   0.2290860092E+005   0.1290913991E+006
    122400   0.2287048335E+005   0.1291295166E+006
    122500   0.2240486852E+005   0.1295951315E+006
    122600   0.2274129646E+005   0.1292587035E+006
    122700   0.2252994961E+005   0.1294700504E+006
    122800   0.2287797182E+005   0.1291220282E+006
    122900   0.2232612443E+005   0.1296738756E+006
    123000   0.2254105016E+005   0.1294589498E+006
    123100   0.2249112463E+005   0.1295088754E+006
    123200   0.2221292221E+005   0.1297870778E+006
    123300   0.2199462640E+005   0.1300053736E+006
    123400   0.2228168423E+005   0.1297183158E+006
    123500   0.2223494277E+005   0.1297650572E+006
    123600   0.2196391534E+005   0.1300360847E+006
    123700   0.2250491998E+005   0.1294950800E+006
    123800   0.2216287383E+005   0.1298371262E+006
    123900   0.2219893272E+005   0.1298010673E+006
    124000   0.2185814756E+005   0.1301418524E+006
    124100   0.2218555702E+005   0.1298144430E+006
    124200   0.2249808938E+005   0.1295019106E+006
    124300   0.2218188437E+005   0.1298181156E+006
    124400   0.2182877004E+005   0.1301712300E+006
    124500   0.2181287356E+005   0.1301871264E+006
    124600   0.2206817934E+005   0.1299318207E+006
    124700   0.2237589396E+005   0.1296241060E+006
    124800   0.2183766249E+005   0.1301623375E+006
    124900   0.2215673002E+005   0.1298432700E+006
    125000   0.2157124247E+005   0.1304287575E+006
    125100   0.2203405016E+005   0.1299659498E+006
    125200   0.2150539193E+005   0.1304946081E+006
    125300   0.2207400463E+005   0.1299259954E+006
    125400   0.2232973306E+005   0.1296702669E+006
    125500   0.2223300674E+005   0.1297669933E+006
    125600   0.2199178562E+005   0.1300082144E+006
    125700   0.2204824293E+005   0.1299517571E+006
    125800   0.2214044206E+005   0.1298595579E+006
    125900   0.2221481304E+005   0.1297851870E+006
    126000   0.2196986553E+005   0.1300301345E+006
    126100   0.2213624186E+005   0.1298637581E+006
    126200   0.2206837567E+005   0.1299316243E+006
    126300   0.2262090634E+005   0.1293790937E+006
    126400   0.2198018161E+005   0.1300198184E+006
    126500   0.2161483099E+005   0.1303851690E+006
    126600   0.2195784212E+005   0.1300421579E+006
    126700   0.2239653089E+005   0.1296034691E+006
    126800   0.2189873944E+005   0.1301012606E+006
    126900   0.2169155671E+005   0.1303084433E+006
    127000   0.2207507887E+005   0.1299249211E+006
    127100   0.2180371971E+005   0.1301962803E+006
    127200   0.2233267543E+005   0.1296673246E+006
    127300   0.2188895296E+005   0.1301110470E+006
    127400   0.2241340974E+005   0.1295865903E+006
    127500   0.2224831578E+005   0.1297516842E+006
    127600   0.2202692460E+005   0.1299730754E+006
    127700   0.2210811351E+005   0.1298918865E+006
    127800   0.2250841156E+005   0.1294915884E+006
    127900   0.2274707364E+005   0.1292529264E+006
    128000   0.2246367204E+005   0.1295363280E+006
    128100   0.2298589059E+005   0.1290141094E+006
    128200   0.2285590212E+005   0.1291440979E+006
    128300   0.2240277904E+005   0.1295972210E+006
    128400   0.2244225632E+005   0.1295577437E+006
    128500   0.2233886940E+005   0.1296611306E+006
    128600   0.2253351498E+005   0.1294664850E+006
    128700   0.2271129904E+005   0.1292887010E+006
    128800   0.2244425267E+005   0.1295557473E+006
    128900   0.2279385252E+005   0.1292061475E+006
    129000   0.2241523460E+005   0.1295847654E+006
    129100   0.2245599038E+005   0.1295440096E+006
    129200   0.2255797666E+005   0.1294420233E+006
    129300   0.2249358075E+005   0.1295064193E+006
    129400   0.2253161380E+005   0.1294683862E+006
    129500   0.2237713907E+005   0.1296228609E+006
    129600   0.2237770956E+005   0.1296222904E+006
    129700   0.2248841937E+005   0.1295115806E+006
    129800   0.2216611708E+005   0.1298338829E+006
    129900   0.2219428453E+005   0.1298057155E+006
    130000   0.2224007044E+005   0.1297599296E+006
    130100   0.2250705698E+005   0.1294929430E+006
    130200   0.2231899501E+005   0.1296810050E+006
    130300   0.2280729506E+005   0.1291927049E+006
    130400   0.2266042646E+005   0.1293395735E+006
    130500   0.2240294939E+005   0.1295970506E+006
    130600   0.2257377400E+005   0.1294262260E+006
    130700   0.2269590887E+005   0.1293040911E+006
    130800   0.2285621355E+005   0.1291437864E+006
    130900   0.2297881488E+005   0.1290211851E+006
    131000   0.2279124532E+005   0.1292087547E+006
    131100   0.2314691263E+005   0.1288530874E+006
    131200   0.2241733858E+005   0.1295826614E+006
    131300   0.2257221742E+005   0.1294277826E+006
    131400   0.2258284508E+005   0.1294171549E+006
    131500   0.2269090759E+005   0.1293090924E+006
    131600   0.2295076935E+005   0.1290492307E+006
    131700   0.2320037949E+005   0.1287996205E+006
    131800   0.2356732626E+005   0.1284326737E+006
    131900   0.2263732904E+005   0.1293626710E+006
    132000   0.2278692517E+005   0.1292130748E+006
    132100   0.2280815989E+005   0.1291918401E+006
    132200   0.2299521026E+005   0.1290047897E+006
    132300   0.2241339026E+005   0.1295866097E+006
    132400   0.2298635786E+005   0.1290136421E+006
    132500   0.2275470341E+005   0.1292452966E+006
    132600   0.2255161584E+005   0.1294483842E+006
    132700   0.2286142043E+005   0.1291385796E+006
    132800   0.2283276025E+005   0.1291672397E+006
    132900   0.2282060034E+005   0.1291793997E+006
    133000   0.2313233847E+005   0.1288676615E+006
    133100   0.2283736037E+005   0.1291626396E+006
    133200   0.2299937602E+005   0.1290006240E+006
    133300   0.2289340896E+005   0.1291065910E+006
    133400   0.2287456838E+005   0.1291254316E+006
    133500   0.2316317435E+005   0.1288368256E+006
    133600   0.2300184199E+005   0.1289981580E+006
    133700   0.2274273797E+005   0.1292572620E+006
    133800   0.2321488898E+005   0.1287851110E+006
    133900   0.2308004362E+005   0.1289199564E+006
    134000   0.2291270095E+005   0.1290872990E+006
    134100   0.2259981660E+005   0.1294001834E+006
    134200   0.2266604488E+005   0.1293339551E+006
    134300   0.2329711524E+005   0.1287028848E+006
    134400   0.2322871459E+005   0.1287712854E+006
    134500   0.2323008848E+005   0.1287699115E+006
    134600   0.2308501505E+005   0.1289149849E+006
    134700   0.2283810439E+005   0.1291618956E+006
    134800   0.2268902954E+005   0.1293109705E+006
    134900   0.2244471760E+005   0.1295552824E+006
    135000   0.2281510147E+005   0.1291848985E+006
    135100   0.2327417160E+005   0.1287258284E+006
    135200   0.2308320146E+005   0.1289167985E+006
    135300   0.2260529649E+005   0.1293947035E+006
    135400   0.2330395446E+005   0.1286960455E+006
    135500   0.2289312486E+005   0.1291068751E+006
    135600   0.2287783689E+005   0.1291221631E+006
    135700   0.2258066329E+005   0.1294193367E+006
    135800   0.2269370099E+005   0.1293062990E+006
    135900   0.2220964624E+005   0.1297903538E+006
    136000   0.2240332093E+005   0.1295966791E+006
    136100   0.2257657269E+005   0.1294234273E+006
    136200   0.2240795667E+005   0.1295920433E+006
    136300   0.2233695747E+005   0.1296630425E+006
    136400   0.2270140763E+005   0.1292985924E+006
    136500   0.2268043961E+005   0.1293195604E+006
    136600   0.2287311911E+005   0.1291268809E+006
    136700   0.2226144538E+005   0.1297385546E+006
    136800   0.2250752145E+005   0.1294924786E+006
    136900   0.2245255915E+005   0.1295474409E+006
    137000   0.2277833101E+005   0.1292216690E+006
    137100   0.2302030780E+005   0.1289796922E+006
    137200   0.2293662163E+005   0.1290633784E+006
    137300   0.2257984119E+005   0.1294201588E+006
    137400   0.2298908922E+005   0.1290109108E+006
    137500   0.2283451193E+005   0.1291654881E+006
    137600   0.2282367986E+005   0.1291763201E+006
    137700   0.2324072125E+005   0.1287592787E+006
    137800   0.2259271360E+005   0.1294072864E+006
    137900   0.2259061598E+005   0.1294093840E+006
    138000   0.2301822557E+005   0.1289817744E+006
    138100   0.2293194321E+005   0.1290680568E+006
    138200   0.2311186240E+005   0.1288881376E+006
    138300   0.2283292040E+005   0.1291670796E+006
    138400   0.2289468785E+005   0.1291053121E+006
    138500   0.2273383040E+005   0.1292661696E+006
    138600   0.2313431072E+005   0.1288656893E+006
    138700   0.2350983908E+005   0.1284901609E+006
    138800   0.2328766728E+005   0.1287123327E+006
    138900   0.2324973565E+005   0.1287502643E+006
    139000   0.2303231079E+005   0.1289676892E+006
    139100   0.2301954576E+005   0.1289804542E+006
    139200   0.2295740782E+005   0.1290425922E+006
    139300   0.2325216963E+005   0.1287478304E+006
    139400   0.2340874457E+005   0.1285912554E+006
    139500   0.2263012234E+005   0.1293698777E+006
    139600   0.2280775052E+005   0.1291922495E+006
    139700   0.2242880127E+005   0.1295711987E+006
    139800   0.2308078551E+005   0.1289192145E+006
    139900   0.2260404793E+005   0.1293959521E+006
    140000   0.2345920792E+005   0.1285407921E+006
    140100   0.2309324746E+005   0.1289067525E+006
    140200   0.2302191055E+005   0.1289780894E+006
    140300   0.2354575510E+005   0.1284542449E+006
    140400   0.2336616818E+005   0.1286338318E+006
    140500   0.2331087296E+005   0.1286891270E+006
    140600   0.2315538423E+005   0.1288446158E+006
    140700   0.2304670147E+005   0.1289532985E+006
    140800   0.2252690416E+005   0.1294730958E+006
    140900   0.2268898959E+005   0.1293110104E+006
    141000   0.2279792094E+005   0.1292020791E+006
    141100   0.2278827597E+005   0.1292117240E+006
    141200   0.2321532801E+005   0.1287846720E+006
    141300   0.2291807082E+005   0.1290819292E+006
    141400   0.2288146255E+005   0.1291185374E+006
    141500   0.2271207998E+005   0.1292879200E+006
    141600   0.2323647490E+005   0.1287635251E+006
    141700   0.2315211383E+005   0.1288478862E+006
    141800   0.2293654776E+005   0.1290634522E+006
    141900   0.2314005670E+005   0.1288599433E+006
    142000   0.2334422264E+005   0.1286557774E+006
    142100   0.2362892816E+005   0.1283710718E+006
    142200   0.2306580099E+005   0.1289341990E+006
    142300   0.2317146287E+005   0.1288285371E+006
    142400   0.2307688305E+005   0.1289231170E+006
    142500   0.2269517276E+005   0.1293048272E+006
    142600   0.2303116744E+005   0.1289688326E+006
    142700   0.2296542973E+005   0.1290345703E+006
    142800   0.2295554070E+005   0.1290444593E+006
    142900   0.2233172502E+005   0.1296682750E+006
    143000   0.2278391705E+005   0.1292160830E+006
    143100   0.2272124692E+005   0.1292787531E+006
    143200   0.2299389393E+005   0.1290061061E+006
    143300   0.2321957446E+005   0.1287804255E+006
    143400   0.2253363155E+005   0.1294663685E+006
    143500   0.2240174497E+005   0.1295982550E+006
    143600   0.2266417615E+005   0.1293358238E+006
    143700   0.2250389233E+005   0.1294961077E+006
    143800   0.2270834655E+005   0.1292916534E+006
    143900   0.2238129076E+005   0.1296187092E+006
    144000   0.2286955431E+005   0.1291304457E+006
    144100   0.2281504418E+005   0.1291849558E+006
    144200   0.2245504284E+005   0.1295449572E+006
    144300   0.2277793026E+005   0.1292220697E+006
    144400   0.2252827840E+005   0.1294717216E+006
    144500   0.2242609105E+005   0.1295739089E+006
    144600   0.2276614509E+005   0.1292338549E+006
    144700   0.2290921089E+005   0.1290907891E+006
    144800   0.2332333140E+005   0.1286766686E+006
    144900   0.2316502465E+005   0.1288349753E+006
    145000   0.2277615940E+005   0.1292238406E+006
    145100   0.2278397182E+005   0.1292160282E+006
    145200   0.2254312481E+005   0.1294568752E+006
    145300   0.2243015588E+005   0.1295698441E+006
    145400   0.2234622365E+005   0.1296537764E+006
    145500   0.2208627746E+005   0.1299137225E+006
    145600   0.2219367398E+005   0.1298063260E+006
    145700   0.2271527494E+005   0.1292847251E+006
    145800   0.2208709511E+005   0.1299129049E+006
    145900   0.2198867391E+005   0.1300113261E+006
    146000   0.2237433824E+005   0.1296256618E+006
    146100   0.2260785867E+005   0.1293921413E+006
    146200   0.2299676040E+005   0.1290032396E+006
    146300   0.2238781475E+005   0.1296121852E+006
    146400   0.2239274369E+005   0.1296072563E+006
    146500   0.2205648739E+005   0.1299435126E+006
    146600   0.2298780123E+005   0.1290121988E+006
    146700   0.2276796074E+005   0.1292320393E+006
    146800   0.2261761424E+005   0.1293823858E+006
    146900   0.2217672441E+005   0.1298232756E+006
    147000   0.2243891088E+005   0.1295610891E+006
    147100   0.2231782809E+005   0.1296821719E+006
    147200   0.2227551736E+005   0.1297244826E+006
    147300   0.2251164446E+005   0.1294883555E+006
    147400   0.2230009609E+005   0.1296999039E+006
    147500   0.2208266329E+005   0.1299173367E+006
    147600   0.2182814386E+005   0.1301718561E+006
    147700   0.2194532528E+005   0.1300546747E+006
    147800   0.2237140762E+005   0.1296285924E+006
    147900   0.2225303007E+005   0.1297469699E+006
    148000   0.2213285954E+005   0.1298671405E+006
    148100   0.2258826232E+005   0.1294117377E+006
    148200   0.2249087466E+005   0.1295091253E+006
    148300   0.2321212050E+005   0.1287878795E+006
    148400   0.2294213165E+005   0.1290578684E+006
    148500   0.2263174529E+005   0.1293682547E+006
    148600   0.2263285731E+005   0.1293671427E+006
    148700   0.2251983818E+005   0.1294801618E+006
    148800   0.2281265851E+005   0.1291873415E+006
    148900   0.2271271953E+005   0.1292872805E+006
    149000   0.2243767344E+005   0.1295623266E+006
    149100   0.2255168705E+005   0.1294483129E+006
    149200   0.2273566170E+005   0.1292643383E+006
    149300   0.2312142290E+005   0.1288785771E+006
    149400   0.2319086663E+005   0.1288091334E+006
    149500   0.2343290065E+005   0.1285670993E+006
    149600   0.2319829854E+005   0.1288017015E+006
    149700   0.2265394725E+005   0.1293460527E+006
    149800   0.2264584732E+005   0.1293541527E+006
    149900   0.2252459960E+005   0.1294754004E+006
    150000   0.2240172984E+005   0.1295982702E+006
    150100   0.2305647979E+005   0.1289435202E+006
    150200   0.2276072715E+005   0.1292392728E+006
    150300   0.2282387567E+005   0.1291761243E+006
    150400   0.2261222983E+005   0.1293877702E+006
    150500   0.2260915009E+005   0.1293908499E+006
    150600   0.2281063175E+005   0.1291893683E+006
    150700   0.2285773994E+005   0.1291422601E+006
    150800   0.2252965951E+005   0.1294703405E+006
    150900   0.2257208832E+005   0.1294279117E+006
    151000   0.2224617908E+005   0.1297538209E+006
    151100   0.2257315517E+005   0.1294268448E+006
    151200   0.2284378822E+005   0.1291562118E+006
    151300   0.2266784984E+005   0.1293321502E+006
    151400   0.2228489485E+005   0.1297151052E+006
    151500   0.2267510188E+005   0.1293248981E+006
    151600   0.2233835732E+005   0.1296616427E+006
    151700   0.2193649526E+005   0.1300635047E+006
    151800   0.2215604395E+005   0.1298439561E+006
    151900   0.2224037396E+005   0.1297596260E+006
    152000   0.2235216555E+005   0.1296478345E+006
    152100   0.2204751621E+005   0.1299524838E+006
    152200   0.2267714916E+005   0.1293228508E+006
    152300   0.2233523171E+005   0.1296647683E+006
    152400   0.2293921908E+005   0.1290607809E+006
    152500   0.2259426789E+005   0.1294057321E+006
    152600   0.2280834987E+005   0.1291916501E+006
    152700   0.2243997200E+005   0.1295600280E+006
    152800   0.2306703045E+005   0.1289329696E+006
    152900   0.2269372402E+005   0.1293062760E+006
    153000   0.2285112858E+005   0.1291488714E+006
    153100   0.2287894456E+005   0.1291210554E+006
    153200   0.2279178762E+005   0.1292082124E+006
    153300   0.2250894712E+005   0.1294910529E+006
    153400   0.2280089537E+005   0.1291991046E+006
    153500   0.2263837674E+005   0.1293616233E+006
    153600   0.2271452609E+005   0.1292854739E+006
    153700   0.2308939465E+005   0.1289106054E+006
    153800   0.2292224113E+005   0.1290777589E+006
    153900   0.2280517935E+005   0.1291948206E+006
    154000   0.2273739108E+005   0.1292626089E+006
    154100   0.2292809722E+005   0.1290719028E+006
    154200   0.2253668229E+005   0.1294633177E+006
    154300   0.2269158235E+005   0.1293084177E+006
    154400   0.2314407034E+005   0.1288559297E+006
    154500   0.2334463575E+005   0.1286553643E+006
    154600   0.2266385954E+005   0.1293361405E+006
    154700   0.2284214514E+005   0.1291578549E+006
    154800   0.2291206779E+005   0.1290879322E+006
    154900   0.2322557706E+005   0.1287744229E+006
    155000   0.2320434281E+005   0.1287956572E+006
    155100   0.2290987145E+005   0.1290901286E+006
    155200   0.2252952862E+005   0.1294704714E+006
    155300   0.2258565725E+005   0.1294143427E+006
    155400   0.2286965041E+005   0.1291303496E+006
    155500   0.2301659755E+005   0.1289834024E+006
    155600   0.2302467425E+005   0.1289753257E+006
    155700   0.2304207698E+005   0.1289579230E+006
    155800   0.2289134108E+005   0.1291086589E+006
    155900   0.2273355717E+005   0.1292664428E+006
    156000   0.2284346854E+005   0.1291565315E+006
    156100   0.2285041115E+005   0.1291495889E+006
    156200   0.2343491930E+005   0.1285650807E+006
    156300   0.2254933758E+005   0.1294506624E+006
    156400   0.2281482900E+005   0.1291851710E+006
    156500   0.2284084097E+005   0.1291591590E+006
    156600   0.2312877775E+005   0.1288712222E+006
    156700   0.2305546231E+005   0.1289445377E+006
    156800   0.2237651399E+005   0.1296234860E+006
    156900   0.2264407103E+005   0.1293559290E+006
    157000   0.2266106282E+005   0.1293389372E+006
    157100   0.2262130397E+005   0.1293786960E+006
    157200   0.2243013188E+005   0.1295698681E+006
    157300   0.2280044579E+005   0.1291995542E+006
    157400   0.2295517309E+005   0.1290448269E+006
    157500   0.2315053633E+005   0.1288494637E+006
    157600   0.2292593682E+005   0.1290740632E+006
    157700   0.2246860554E+005   0.1295313945E+006
    157800   0.2289492087E+005   0.1291050791E+006
    157900   0.2277603778E+005   0.1292239622E+006
    158000   0.2275134926E+005   0.1292486507E+006
    158100   0.2303030324E+005   0.1289696968E+006
    158200   0.2293303435E+005   0.1290669657E+006
    158300   0.2266759575E+005   0.1293324042E+006
    158400   0.2347451868E+005   0.1285254813E+006
    158500   0.2294649881E+005   0.1290535012E+006
    158600   0.2258101148E+005   0.1294189885E+006
    158700   0.2278717920E+005   0.1292128208E+006
    158800   0.2326373355E+005   0.1287362664E+006
    158900   0.2321811556E+005   0.1287818844E+006
    159000   0.2315548712E+005   0.1288445129E+006
    159100   0.2309423845E+005   0.1289057615E+006
    159200   0.2316108434E+005   0.1288389157E+006
    159300   0.2262660129E+005   0.1293733987E+006
    159400   0.2313930959E+005   0.1288606904E+006
    159500   0.2341613623E+005   0.1285838638E+006
    159600   0.2302442877E+005   0.1289755712E+006
    159700   0.2329973365E+005   0.1287002664E+006
    159800   0.2354218502E+005   0.1284578150E+006
    159900   0.2305264114E+005   0.1289473589E+006
    160000   0.2305041147E+005   0.1289495885E+006
    160100   0.2279833944E+005   0.1292016606E+006
    160200   0.2284218239E+005   0.1291578176E+006
    160300   0.2292311122E+005   0.1290768888E+006
    160400   0.2294458772E+005   0.1290554123E+006
    160500   0.2315810370E+005   0.1288418963E+006
    160600   0.2270341200E+005   0.1292965880E+006
    160700   0.2279671282E+005   0.1292032872E+006
    160800   0.2276584567E+005   0.1292341543E+006
    160900   0.2342119242E+005   0.1285788076E+006
    161000   0.2328769090E+005   0.1287123091E+006
    161100   0.2300126662E+005   0.1289987334E+006
    161200   0.2311643815E+005   0.1288835619E+006
    161300   0.2298612473E+005   0.1290138753E+006
    161400   0.2337215073E+005   0.1286278493E+006
    161500   0.2289462877E+005   0.1291053712E+006
    161600   0.2350864293E+005   0.1284913571E+006
    161700   0.2291568376E+005   0.1290843162E+006
    161800   0.2298679395E+005   0.1290132060E+006
    161900   0.2306733783E+005   0.1289326622E+006
    162000   0.2314575756E+005   0.1288542424E+006
    162100   0.2266298488E+005   0.1293370151E+006
    162200   0.2258019754E+005   0.1294198025E+006
    162300   0.2242022054E+005   0.1295797795E+006
    162400   0.2274628377E+005   0.1292537162E+006
    162500   0.2259956402E+005   0.1294004360E+006
    162600   0.2260627781E+005   0.1293937222E+006
    162700   0.2299191629E+005   0.1290080837E+006
    162800   0.2309695992E+005   0.1289030401E+006
    162900   0.2273292135E+005   0.1292670787E+006
    163000   0.2323630698E+005   0.1287636930E+006
    163100   0.2313874042E+005   0.1288612596E+006
    163200   0.2253080232E+005   0.1294691977E+006
    163300   0.2274264111E+005   0.1292573589E+006
    163400   0.2276923302E+005   0.1292307670E+006
    163500   0.2287060786E+005   0.1291293921E+006
    163600   0.2299328174E+005   0.1290067183E+006
    163700   0.2265004346E+005   0.1293499565E+006
    163800   0.2244824588E+005   0.1295517541E+006
    163900   0.2244694605E+005   0.1295530539E+006
    164000   0.2279802350E+005   0.1292019765E+006
    164100   0.2287116196E+005   0.1291288380E+006
    164200   0.2238066492E+005   0.1296193351E+006
    164300   0.2256360005E+005   0.1294363999E+006
    164400   0.2255758770E+005   0.1294424123E+006
    164500   0.2232297524E+005   0.1296770248E+006
    164600   0.2309766750E+005   0.1289023325E+006
    164700   0.2303019648E+005   0.1289698035E+006
    164800   0.2311064804E+005   0.1288893520E+006
    164900   0.2314586964E+005   0.1288541304E+006
    165000   0.2268260839E+005   0.1293173916E+006
    165100   0.2266671795E+005   0.1293332820E+006
    165200   0.2320979399E+005   0.1287902060E+006
    165300   0.2299742180E+005   0.1290025782E+006
    165400   0.2286290023E+005   0.1291370998E+006
    165500   0.2291716271E+005   0.1290828373E+006
    165600   0.2324936676E+005   0.1287506332E+006
    165700   0.2300248383E+005   0.1289975162E+006
    165800   0.2292175864E+005   0.1290782414E+006
    165900   0.2323571417E+005   0.1287642858E+006
    166000   0.2306431282E+005   0.1289356872E+006
    166100   0.2308141775E+005   0.1289185822E+006
    166200   0.2300004168E+005   0.1289999583E+006
    166300   0.2323499079E+005   0.1287650092E+006
    166400   0.2264608316E+005   0.1293539168E+006
    166500   0.2299349624E+005   0.1290065038E+006
    166600   0.2322674585E+005   0.1287732542E+006
    166700   0.2296665720E+005   0.1290333428E+006
    166800   0.2303947656E+005   0.1289605234E+006
    166900   0.2265774329E+005   0.1293422567E+006
    167000   0.2291048797E+005   0.1290895120E+006
    167100   0.2261408633E+005   0.1293859137E+006
    167200   0.2242446448E+005   0.1295755355E+006
    167300   0.2252688587E+005   0.1294731141E+006
    167400   0.2216350528E+005   0.1298364947E+006
    167500   0.2277271969E+005   0.1292272803E+006
    167600   0.2223768642E+005   0.1297623136E+006
    167700   0.2255856306E+005   0.1294414369E+006
    167800   0.2272546707E+005   0.1292745329E+006
    167900   0.2230484634E+005   0.1296951537E+006
    168000   0.2268242873E+005   0.1293175713E+006
    168100   0.2216907399E+005   0.1298309260E+006
    168200   0.2259277142E+005   0.1294072286E+006
    168300   0.2263941515E+005   0.1293605848E+006
    168400   0.2257870886E+005   0.1294212911E+006
    168500   0.2226581870E+005   0.1297341813E+006
    168600   0.2249488267E+005   0.1295051173E+006
    168700   0.2265981816E+005   0.1293401818E+006
    168800   0.2308286118E+005   0.1289171388E+006
    168900   0.2245698726E+005   0.1295430127E+006
    169000   0.2251356603E+005   0.1294864340E+006
    169100   0.2256738634E+005   0.1294326137E+006
    169200   0.2221176152E+005   0.1297882385E+006
    169300   0.2288577121E+005   0.1291142288E+006
    169400   0.2270569909E+005   0.1292943009E+006
    169500   0.2236309447E+005   0.1296369055E+006
    169600   0.2218039886E+005   0.1298196011E+006
    169700   0.2246203565E+005   0.1295379643E+006
    169800   0.2260040266E+005   0.1293995973E+006
    169900   0.2251555184E+005   0.1294844482E+006
    170000   0.2280835834E+005   0.1291916417E+006
    170100   0.2235679627E+005   0.1296432037E+006
    170200   0.2230128841E+005   0.1296987116E+006
    170300   0.2241888667E+005   0.1295811133E+006
    170400   0.2203681650E+005   0.1299631835E+006
    170500   0.2190353768E+005   0.1300964623E+006
    170600   0.2220991935E+005   0.1297900806E+006
    170700   0.2245427743E+005   0.1295457226E+006
    170800   0.2258679501E+005   0.1294132050E+006
    170900   0.2218487470E+005   0.1298151253E+006
    171000   0.2252734322E+005   0.1294726568E+006
    171100   0.2247179360E+005   0.1295282064E+006
    171200   0.2276810220E+005   0.1292318978E+006
    171300   0.2285908893E+005   0.1291409111E+006
    171400   0.2271018222E+005   0.1292898178E+006
    171500   0.2271568936E+005   0.1292843106E+006
    171600   0.2278107651E+005   0.1292189235E+006
    171700   0.2251913086E+005   0.1294808691E+006
    171800   0.2291317089E+005   0.1290868291E+006
    171900   0.2245098563E+005   0.1295490144E+006
    172000   0.2273416321E+005   0.1292658368E+006
    172100   0.2251767755E+005   0.1294823224E+006
    172200   0.2275210910E+005   0.1292478909E+006
    172300   0.2258381625E+005   0.1294161838E+006
    172400   0.2244497468E+005   0.1295550253E+006
    172500   0.2289413350E+005   0.1291058665E+006
    172600   0.2252565937E+005   0.1294743406E+006
    172700   0.2241811187E+005   0.1295818881E+006
    172800   0.2229234412E+005   0.1297076559E+006
    172900   0.2186521989E+005   0.1301347801E+006
    173000   0.2245259624E+005   0.1295474038E+006
    173100   0.2200080653E+005   0.1299991935E+006
    173200   0.2194794598E+005   0.1300520540E+006
    173300   0.2242648419E+005   0.1295735158E+006
    173400   0.2225939844E+005   0.1297406016E+006
    173500   0.2209010385E+005   0.1299098961E+006
    173600   0.2304120390E+005   0.1289587961E+006
    173700   0.2284998202E+005   0.1291500180E+006
    173800   0.2262073345E+005   0.1293792666E+006
    173900   0.2260781118E+005   0.1293921888E+006
    174000   0.2271845416E+005   0.1292815458E+006
    174100   0.2238525041E+005   0.1296147496E+006
    174200   0.2235979845E+005   0.1296402016E+006
    174300   0.2284546592E+005   0.1291545341E+006
    174400   0.2267278180E+005   0.1293272182E+006
    174500   0.2221057197E+005   0.1297894280E+006
    174600   0.2251363767E+005   0.1294863623E+006
    174700   0.2284485837E+005   0.1291551416E+006
    174800   0.2276410263E+005   0.1292358974E+006
    174900   0.2345015900E+005   0.1285498410E+006
    175000   0.2300902919E+005   0.1289909708E+006
    175100   0.2328641412E+005   0.1287135859E+006
    175200   0.2318687957E+005   0.1288131204E+006
    175300   0.2276554266E+005   0.1292344573E+006
    175400   0.2290911754E+005   0.1290908825E+006
    175500   0.2320586039E+005   0.1287941396E+006
    175600   0.2253135039E+005   0.1294686496E+006
    175700   0.2258564478E+005   0.1294143552E+006
    175800   0.2239116824E+005   0.1296088318E+006
    175900   0.2262130817E+005   0.1293786918E+006
    176000   0.2284624727E+005   0.1291537527E+006
    176100   0.2280656514E+005   0.1291934349E+006
    176200   0.2291480857E+005   0.1290851914E+006
    176300   0.2264236753E+005   0.1293576325E+006
    176400   0.2261702652E+005   0.1293829735E+006
    176500   0.2259017547E+005   0.1294098245E+006
    176600   0.2262170573E+005   0.1293782943E+006
    176700   0.2255123358E+005   0.1294487664E+006
    176800   0.2205392434E+005   0.1299460757E+006
    176900   0.2209915895E+005   0.1299008410E+006
    177000   0.2264444519E+005   0.1293555548E+006
    177100   0.2271810833E+005   0.1292818917E+006
    177200   0.2278110619E+005   0.1292188938E+006
    177300   0.2251089328E+005   0.1294891067E+006
    177400   0.2221926757E+005   0.1297807324E+006
    177500   0.2194003887E+005   0.1300599611E+006
    177600   0.2241759638E+005   0.1295824036E+006
    177700   0.2256231334E+005   0.1294376867E+006
    177800   0.2262973090E+005   0.1293702691E+006
    177900   0.2240741763E+005   0.1295925824E+006
    178000   0.2213821313E+005   0.1298617869E+006
    178100   0.2282324719E+005   0.1291767528E+006
    178200   0.2202322097E+005   0.1299767790E+006
    178300   0.2221196482E+005   0.1297880352E+006
    178400   0.2237877760E+005   0.1296212224E+006
    178500   0.2247271955E+005   0.1295272804E+006
    178600   0.2232413651E+005   0.1296758635E+006
    178700   0.2259912204E+005   0.1294008780E+006
    178800   0.2253857088E+005   0.1294614291E+006
    178900   0.2253259826E+005   0.1294674017E+006
    179000   0.2247641088E+005   0.1295235891E+006
    179100   0.2239193052E+005   0.1296080695E+006
    179200   0.2265170325E+005   0.1293482968E+006
    179300   0.2253703338E+005   0.1294629666E+006
    179400   0.2243572013E+005   0.1295642799E+006
    179500   0.2278037873E+005   0.1292196213E+006
    179600   0.2302356174E+005   0.1289764383E+006
    179700   0.2312587288E+005   0.1288741271E+006
    179800   0.2249899805E+005   0.1295010020E+006
    179900   0.2262271510E+005   0.1293772849E+006
    180000   0.2237554026E+005   0.1296244597E+006
    180100   0.2205618818E+005   0.1299438118E+006
    180200   0.2234089290E+005   0.1296591071E+006
    180300   0.2227712241E+005   0.1297228776E+006
    180400   0.2231770812E+005   0.1296822919E+006
    180500   0.2282988499E+005   0.1291701150E+006
    180600   0.2251488763E+005   0.1294851124E+006
    180700   0.2248870989E+005   0.1295112901E+006
    180800   0.2225055237E+005   0.1297494476E+006
    180900   0.2255829595E+005   0.1294417040E+006
    181000   0.2257641189E+005   0.1294235881E+006
    181100   0.2236327774E+005   0.1296367223E+006
    181200   0.2250507879E+005   0.1294949212E+006
    181300   0.2225130510E+005   0.1297486949E+006
    181400   0.2258997756E+005   0.1294100224E+006
    181500   0.2294033709E+005   0.1290596629E+006
    181600   0.2262130246E+005   0.1293786975E+006
    181700   0.2261959734E+005   0.1293804027E+006
    181800   0.2255493949E+005   0.1294450605E+006
    181900   0.2306923194E+005   0.1289307681E+006
    182000   0.2287683580E+005   0.1291231642E+006
    182100   0.2252234119E+005   0.1294776588E+006
    182200   0.2232116033E+005   0.1296788397E+006
    182300   0.2219326741E+005   0.1298067326E+006
    182400   0.2196866927E+005   0.1300313307E+006
    182500   0.2249221422E+005   0.1295077858E+006
    182600   0.2258145448E+005   0.1294185455E+006
    182700   0.2260767301E+005   0.1293923270E+006
    182800   0.2238280465E+005   0.1296171953E+006
    182900   0.2307498076E+005   0.1289250192E+006
    183000   0.2266232781E+005   0.1293376722E+006
    183100   0.2283447051E+005   0.1291655295E+006
    183200   0.2257611958E+005   0.1294238804E+006
    183300   0.2267486064E+005   0.1293251394E+006
    183400   0.2256266733E+005   0.1294373327E+006
    183500   0.2269407672E+005   0.1293059233E+006
    183600   0.2289697997E+005   0.1291030200E+006
    183700   0.2283819428E+005   0.1291618057E+006
    183800   0.2281320018E+005   0.1291867998E+006
    183900   0.2290491180E+005   0.1290950882E+006
    184000   0.2272415268E+005   0.1292758473E+006
    184100   0.2275689016E+005   0.1292431098E+006
    184200   0.2266570770E+005   0.1293342923E+006
    184300   0.2258223367E+005   0.1294177663E+006
    184400   0.2289321070E+005   0.1291067893E+006
    184500   0.2256735579E+005   0.1294326442E+006
    184600   0.2246067315E+005   0.1295393268E+006
    184700   0.2213715806E+005   0.1298628419E+006
    184800   0.2234425014E+005   0.1296557499E+006
    184900   0.2248699244E+005   0.1295130076E+006
    185000   0.2262449422E+005   0.1293755058E+006
    185100   0.2245021591E+005   0.1295497841E+006
    185200   0.2260402627E+005   0.1293959737E+006
    185300   0.2259364700E+005   0.1294063530E+006
    185400   0.2286535850E+005   0.1291346415E+006
    185500   0.2277867568E+005   0.1292213243E+006
    185600   0.2280192689E+005   0.1291980731E+006
    185700   0.2233601949E+005   0.1296639805E+006
    185800   0.2239023474E+005   0.1296097653E+006
    185900   0.2244263677E+005   0.1295573632E+006
    186000   0.2261451838E+005   0.1293854816E+006
    186100   0.2255245099E+005   0.1294475490E+006
    186200   0.2293712626E+005   0.1290628737E+006
    186300   0.2245330679E+005   0.1295466932E+006
    186400   0.2301184762E+005   0.1289881524E+006
    186500   0.2265548335E+005   0.1293445167E+006
    186600   0.2250296812E+005   0.1294970319E+006
    186700   0.2281729630E+005   0.1291827037E+006
    186800   0.2294724022E+005   0.1290527598E+006
    186900   0.2238124961E+005   0.1296187504E+006
    187000   0.2257700703E+005   0.1294229930E+006
    187100   0.2302320212E+005   0.1289767979E+006
    187200   0.2292816535E+005   0.1290718347E+006
    187300   0.2284746329E+005   0.1291525367E+006
    187400   0.2288680150E+005   0.1291131985E+006
    187500   0.2260093866E+005   0.1293990613E+006
    187600   0.2305739291E+005   0.1289426071E+006
    187700   0.2303644487E+005   0.1289635551E+006
    187800   0.2298637980E+005   0.1290136202E+006
    187900   0.2288249439E+005   0.1291175056E+006
    188000   0.2262537280E+005   0.1293746272E+006
    188100   0.2266922964E+005   0.1293307704E+006
    188200   0.2287506538E+005   0.1291249346E+006
    188300   0.2298285497E+005   0.1290171450E+006
    188400   0.2231180868E+005   0.1296881913E+006
    188500   0.2257077923E+005   0.1294292208E+006
    188600   0.2266319766E+005   0.1293368023E+006
    188700   0.2261239203E+005   0.1293876080E+006
    188800   0.2235749928E+005   0.1296425007E+006
    188900   0.2218207613E+005   0.1298179239E+006
    189000   0.2273547946E+005   0.1292645205E+006
    189100   0.2275734372E+005   0.1292426563E+006
    189200   0.2254349228E+005   0.1294565077E+006
    189300   0.2311399097E+005   0.1288860090E+006
    189400   0.2254156992E+005   0.1294584301E+006
    189500   0.2281639839E+005   0.1291836016E+006
    189600   0.2283174540E+005   0.1291682546E+006
    189700   0.2285643275E+005   0.1291435672E+006
    189800   0.2311323253E+005   0.1288867675E+006
    189900   0.2285576726E+005   0.1291442327E+006
    190000   0.2267223335E+005   0.1293277666E+006
    190100   0.2287496301E+005   0.1291250370E+006
    190200   0.2268361418E+005   0.1293163858E+006
    190300   0.2307076118E+005   0.1289292388E+006
    190400   0.2281440123E+005   0.1291855988E+006
    190500   0.2311287964E+005   0.1288871204E+006
    190600   0.2342631126E+005   0.1285736887E+006
    190700   0.2312484845E+005   0.1288751516E+006
    190800   0.2312155072E+005   0.1288784493E+006
    190900   0.2271352594E+005   0.1292864741E+006
    191000   0.2297923877E+005   0.1290207612E+006
    191100   0.2308669584E+005   0.1289133042E+006
    191200   0.2259040649E+005   0.1294095935E+006
    191300   0.2280467993E+005   0.1291953201E+006
    191400   0.2288547891E+005   0.1291145211E+006
    191500   0.2285699086E+005   0.1291430091E+006
    191600   0.2309214714E+005   0.1289078529E+006
    191700   0.2325602809E+005   0.1287439719E+006
    191800   0.2340563164E+005   0.1285943684E+006
    191900   0.2303578429E+005   0.1289642157E+006
    192000   0.2300976629E+005   0.1289902337E+006
    192100   0.2313429895E+005   0.1288657010E+006
    192200   0.2330601381E+005   0.1286939862E+006
    192300   0.2288461405E+005   0.1291153860E+006
    192400   0.2312455453E+005   0.1288754455E+006
    192500   0.2361570647E+005   0.1283842935E+006
    192600   0.2340231293E+005   0.1285976871E+006
    192700   0.2303349091E+005   0.1289665091E+006
    192800   0.2314211543E+005   0.1288578846E+006
    192900   0.2325190380E+005   0.1287480962E+006
    193000   0.2285423652E+005   0.1291457635E+006
    193100   0.2325435287E+005   0.1287456471E+006
    193200   0.2315017610E+005   0.1288498239E+006
    193300   0.2272885988E+005   0.1292711401E+006
    193400   0.2267355342E+005   0.1293264466E+006
    193500   0.2300496078E+005   0.1289950392E+006
    193600   0.2233743292E+005   0.1296625671E+006
    193700   0.2288036328E+005   0.1291196367E+006
    193800   0.2293303594E+005   0.1290669641E+006
    193900   0.2305540595E+005   0.1289445940E+006
    194000   0.2297993702E+005   0.1290200630E+006
    194100   0.2282263688E+005   0.1291773631E+006
    194200   0.2342008247E+005   0.1285799175E+006
    194300   0.2259888762E+005   0.1294011124E+006
    194400   0.2296103650E+005   0.1290389635E+006
    194500   0.2293103490E+005   0.1290689651E+006
    194600   0.2264071441E+005   0.1293592856E+006
    194700   0.2245462926E+005   0.1295453707E+006
    194800   0.2276465795E+005   0.1292353420E+006
    194900   0.2285511474E+005   0.1291448853E+006
    195000   0.2249834008E+005   0.1295016599E+006
    195100   0.2316291341E+005   0.1288370866E+006
    195200   0.2264875472E+005   0.1293512453E+006
    195300   0.2269216346E+005   0.1293078365E+006
    195400   0.2286609618E+005   0.1291339038E+006
    195500   0.2269456953E+005   0.1293054305E+006
    195600   0.2311865505E+005   0.1288813449E+006
    195700   0.2295405102E+005   0.1290459490E+006
    195800   0.2282137448E+005   0.1291786255E+006
    195900   0.2289407689E+005   0.1291059231E+006
    196000   0.2250417995E+005   0.1294958200E+006
    196100   0.2312572505E+005   0.1288742749E+006
    196200   0.2282718868E+005   0.1291728113E+006
    196300   0.2323328556E+005   0.1287667144E+006
    196400   0.2321714718E+005   0.1287828528E+006
    196500   0.2319989814E+005   0.1288001019E+006
    196600   0.2310018577E+005   0.1288998142E+006
    196700   0.2255805435E+005   0.1294419457E+006
    196800   0.2289166792E+005   0.1291083321E+006
    196900   0.2248288750E+005   0.1295171125E+006
    197000   0.2276897562E+005   0.1292310244E+006
    197100   0.2292292366E+005   0.1290770763E+006
    197200   0.2292912969E+005   0.1290708703E+006
    197300   0.2374606224E+005   0.1282539378E+006
    197400   0.2332644332E+005   0.1286735567E+006
    197500   0.2331333314E+005   0.1286866669E+006
    197600   0.2290733603E+005   0.1290926640E+006
    197700   0.2314241090E+005   0.1288575891E+006
    197800   0.2287285587E+005   0.1291271441E+006
    197900   0.2353133779E+005   0.1284686622E+006
    198000   0.2358518468E+005   0.1284148153E+006
    198100   0.2328810189E+005   0.1287118981E+006
    198200   0.2302110974E+005   0.1289788903E+006
    198300   0.2299038382E+005   0.1290096162E+006
    198400   0.2280026201E+005   0.1291997380E+006
    198500   0.2243107129E+005   0.1295689287E+006
    198600   0.2244719980E+005   0.1295528002E+006
    198700   0.2271726537E+005   0.1292827346E+006
    198800   0.2296818811E+005   0.1290318119E+006
    198900   0.2279051432E+005   0.1292094857E+006
    199000   0.2268203124E+005   0.1293179688E+006
    199100   0.2262857368E+005   0.1293714263E+006
    199200   0.2285876164E+005   0.1291412384E+006
    199300   0.2269594775E+005   0.1293040522E+006
    199400   0.2278898251E+005   0.1292110175E+006
    199500   0.2263300703E+005   0.1293669930E+006
    199600   0.2263878302E+005   0.1293612170E+006
    199700   0.2291957729E+005   0.1290804227E+006
    199800   0.2255666217E+005   0.1294433378E+006
    199900   0.2225266656E+005   0.1297473334E+006
    200000   0.2291859986E+005   0.1290814001E+006
    200100   0.2296584039E+005   0.1290341596E+006
    200200   0.2255033473E+005   0.1294496653E+006
    200300   0.2277104250E+005   0.1292289575E+006
    200400   0.2318598747E+005   0.1288140125E+006
    200500   0.2256962705E+005   0.1294303729E+006
    200600   0.2254396628E+005   0.1294560337E+006
    200700   0.2287925775E+005   0.1291207423E+006
    200800   0.2240802459E+005   0.1295919754E+006
    200900   0.2235301474E+005   0.1296469853E+006
    201000   0.2167147947E+005   0.1303285205E+006
    201100   0.2208923526E+005   0.1299107647E+006
    201200   0.2242141220E+005   0.1295785878E+006
    201300   0.2283683839E+005   0.1291631616E+006
    201400   0.2218301154E+005   0.1298169885E+006
    201500   0.2216251300E+005   0.1298374870E+006
    201600   0.2272910837E+005   0.1292708916E+006
    201700   0.2272672287E+005   0.1292732771E+006
    201800   0.2242722698E+005   0.1295727730E+006
    201900   0.2274739827E+005   0.1292526017E+006
    202000   0.2219335768E+005   0.1298066423E+006
    202100   0.2263878673E+005   0.1293612133E+006
    202200   0.2241983084E+005   0.1295801692E+006
    202300   0.2285084293E+005   0.1291491571E+006
    202400   0.2242343864E+005   0.1295765614E+006
    202500   0.2272552680E+005   0.1292744732E+006
    202600   0.2251059189E+005   0.1294894081E+006
    202700   0.2246433721E+005   0.1295356628E+006
    202800   0.2229535885E+005   0.1297046411E+006
    202900   0.2292629720E+005   0.1290737028E+006
    203000   0.2292669794E+005   0.1290733021E+006
    203100   0.2216516494E+005   0.1298348351E+006
    203200   0.2205302860E+005   0.1299469714E+006
    203300   0.2226747678E+005   0.1297325232E+006
    203400   0.2243192975E+005   0.1295680702E+006
    203500   0.2227372551E+005   0.1297262745E+006
    203600   0.2269026167E+005   0.1293097383E+006
    203700   0.2244539593E+005   0.1295546041E+006
    203800   0.2255288160E+005   0.1294471184E+006
    203900   0.2256948399E+005   0.1294305160E+006
    204000   0.2270435699E+005   0.1292956430E+006
    204100   0.2302390250E+005   0.1289760975E+006
    204200   0.2265542374E+005   0.1293445763E+006
    204300   0.2263754537E+005   0.1293624546E+006
    204400   0.2212580190E+005   0.1298741981E+006
    204500   0.2274153438E+005   0.1292584656E+006
    204600   0.2240421790E+005   0.1295957821E+006
    204700   0.2264200882E+005   0.1293579912E+006
    204800   0.2223276633E+005   0.1297672337E+006
    204900   0.2272462275E+005   0.1292753772E+006
    205000   0.2238237039E+005   0.1296176296E+006
    205100   0.2187955522E+005   0.1301204448E+006
    205200   0.2233168896E+005   0.1296683110E+006
    205300   0.2245140372E+005   0.1295485963E+006
    205400   0.2232073151E+005   0.1296792685E+006
    205500   0.2248950116E+005   0.1295104988E+006
    205600   0.2284601249E+005   0.1291539875E+006
    205700   0.2263989320E+005   0.1293601068E+006
    205800   0.2257180119E+005   0.1294281988E+006
    205900   0.2226921332E+005   0.1297307867E+006
    206000   0.2257776900E+005   0.1294222310E+006
    206100   0.2273162755E+005   0.1292683725E+006
    206200   0.2267916327E+005   0.1293208367E+006
    206300   0.2266791898E+005   0.1293320810E+006
    206400   0.2228706190E+005   0.1297129381E+006
    206500   0.2255571518E+005   0.1294442848E+006
    206600   0.2253947931E+005   0.1294605207E+006
    206700   0.2312599604E+005   0.1288740040E+006
    206800   0.2231074647E+005   0.1296892535E+006
    206900   0.2272797518E+005   0.1292720248E+006
    207000   0.2327942677E+005   0.1287205732E+006
    207100   0.2304843550E+005   0.1289515645E+006
    207200   0.2311600813E+005   0.1288839919E+006
    207300   0.2310687869E+005   0.1288931213E+006
    207400   0.2276048927E+005   0.1292395107E+006
    207500   0.2303258582E+005   0.1289674142E+006
    207600   0.2265465652E+005   0.1293453435E+006
    207700   0.2300239698E+005   0.1289976030E+006
    207800   0.2297378458E+005   0.1290262154E+006
    207900   0.2273492836E+005   0.1292650716E+006
    208000   0.2270587262E+005   0.1292941274E+006
    208100   0.2285591462E+005   0.1291440854E+006
    208200   0.2331980508E+005   0.1286801949E+006
    208300   0.2285907990E+005   0.1291409201E+006
    208400   0.2281312573E+005   0.1291868743E+006
    208500   0.2280507912E+005   0.1291949209E+006
    208600   0.2253018146E+005   0.1294698185E+006
    208700   0.2299879640E+005   0.1290012036E+006
    208800   0.2365118929E+005   0.1283488107E+006
    208900   0.2281897390E+005   0.1291810261E+006
    209000   0.2298198155E+005   0.1290180184E+006
    209100   0.2305221070E+005   0.1289477893E+006
    209200   0.2295670861E+005   0.1290432914E+006
    209300   0.2284949053E+005   0.1291505095E+006
    209400   0.2282347882E+005   0.1291765212E+006
    209500   0.2249778589E+005   0.1295022141E+006
    209600   0.2307443192E+005   0.1289255681E+006
    209700   0.2294483110E+005   0.1290551689E+006
    209800   0.2274192460E+005   0.1292580754E+006
    209900   0.2299688648E+005   0.1290031135E+006
    210000   0.2289963828E+005   0.1291003617E+006
    210100   0.2351227800E+005   0.1284877220E+006
    210200   0.2336295834E+005   0.1286370417E+006
    210300   0.2332045774E+005   0.1286795423E+006
    210400   0.2308137683E+005   0.1289186232E+006
    210500   0.2327241733E+005   0.1287275827E+006
    210600   0.2307923568E+005   0.1289207643E+006
    210700   0.2313976009E+005   0.1288602399E+006
    210800   0.2314978442E+005   0.1288502156E+006
    210900   0.2330128968E+005   0.1286987103E+006
    211000   0.2311119127E+005   0.1288888087E+006
    211100   0.2287753173E+005   0.1291224683E+006
    211200   0.2286082888E+005   0.1291391711E+006
    211300   0.2294156240E+005   0.1290584376E+006
    211400   0.2364729857E+005   0.1283527014E+006
    211500   0.2299028192E+005   0.1290097181E+006
    211600   0.2273220191E+005   0.1292677981E+006
    211700   0.2263215342E+005   0.1293678466E+006
    211800   0.2313701934E+005   0.1288629807E+006
    211900   0.2298667422E+005   0.1290133258E+006
    212000   0.2323513811E+005   0.1287648619E+006
    212100   0.2277731668E+005   0.1292226833E+006
    212200   0.2321445838E+005   0.1287855416E+006
    212300   0.2305805260E+005   0.1289419474E+006
    212400   0.2296969320E+005   0.1290303068E+006
    212500   0.2267235869E+005   0.1293276413E+006
    212600   0.2274097168E+005   0.1292590283E+006
    212700   0.2306533075E+005   0.1289346693E+006
    212800   0.2318778543E+005   0.1288122146E+006
    212900   0.2330420313E+005   0.1286957969E+006
    213000   0.2269924766E+005   0.1293007523E+006
    213100   0.2315171251E+005   0.1288482875E+006
    213200   0.2270959207E+005   0.1292904079E+006
    213300   0.2324302657E+005   0.1287569734E+006
    213400   0.2294464888E+005   0.1290553511E+006
    213500   0.2296218422E+005   0.1290378158E+006
    213600   0.2277167159E+005   0.1292283284E+006
    213700   0.2283671021E+005   0.1291632898E+006
    213800   0.2301877998E+005   0.1289812200E+006
    213900   0.2301020757E+005   0.1289897924E+006
    214000   0.2286297145E+005   0.1291370285E+006
    214100   0.2305391533E+005   0.1289460847E+006
    214200   0.2303884819E+005   0.1289611518E+006
    214300   0.2282080949E+005   0.1291791905E+006
    214400   0.2304730063E+005   0.1289526994E+006
    214500   0.2312987630E+005   0.1288701237E+006
    214600   0.2289059469E+005   0.1291094053E+006
    214700   0.2253101243E+005   0.1294689876E+006
    214800   0.2290190278E+005   0.1290980972E+006
    214900   0.2312531071E+005   0.1288746893E+006
    215000   0.2280441484E+005   0.1291955852E+006
    215100   0.2233620100E+005   0.1296637990E+006
    215200   0.2249046693E+005   0.1295095331E+006
    215300   0.2228064604E+005   0.1297193540E+006
    215400   0.2262529965E+005   0.1293747003E+006
    215500   0.2265402660E+005   0.1293459734E+006
    215600   0.2293120540E+005   0.1290687946E+006
    215700   0.2292185043E+005   0.1290781496E+006
    215800   0.2249619643E+005   0.1295038036E+006
    215900   0.2248510328E+005   0.1295148967E+006
    216000   0.2276692268E+005   0.1292330773E+006
    216100   0.2201294642E+005   0.1299870536E+006
    216200   0.2268229091E+005   0.1293177091E+006
    216300   0.2269840803E+005   0.1293015920E+006
    216400   0.2255620330E+005   0.1294437967E+006
    216500   0.2251961824E+005   0.1294803818E+006
    216600   0.2283366410E+005   0.1291663359E+006
    216700   0.2278602498E+005   0.1292139750E+006
    216800   0.2229704424E+005   0.1297029558E+006
    216900   0.2268006282E+005   0.1293199372E+006
    217000   0.2230703645E+005   0.1296929636E+006
    217100   0.2251320683E+005   0.1294867932E+006
    217200   0.2238752375E+005   0.1296124763E+006
    217300   0.2244358101E+005   0.1295564190E+006
    217400   0.2230740659E+005   0.1296925934E+006
    217500   0.2262925619E+005   0.1293707438E+006
    217600   0.2303271980E+005   0.1289672802E+006
    217700   0.2329986998E+005   0.1287001300E+006
    217800   0.2272443334E+005   0.1292755667E+006
    217900   0.2212858159E+005   0.1298714184E+006
    218000   0.2257843695E+005   0.1294215631E+006
    218100   0.2272750803E+005   0.1292724920E+006
    218200   0.2256451717E+005   0.1294354828E+006
    218300   0.2286540449E+005   0.1291345955E+006
    218400   0.2273035001E+005   0.1292696500E+006
    218500   0.2268008126E+005   0.1293199187E+006
    218600   0.2276155351E+005   0.1292384465E+006
    218700   0.2262427626E+005   0.1293757237E+006
    218800   0.2295889734E+005   0.1290411027E+006
    218900   0.2238818935E+005   0.1296118106E+006
    219000   0.2226818051E+005   0.1297318195E+006
    219100   0.2257508510E+005   0.1294249149E+006
    219200   0.2286106319E+005   0.1291389368E+006
    219300   0.2276875149E+005   0.1292312485E+006
    219400   0.2249020855E+005   0.1295097914E+006
    219500   0.2279780525E+005   0.1292021948E+006
    219600   0.2251581482E+005   0.1294841852E+006
    219700   0.2254671292E+005   0.1294532871E+006
    219800   0.2225427186E+005   0.1297457281E+006
    219900   0.2299748800E+005   0.1290025120E+006
    220000   0.2259352296E+005   0.1294064770E+006
    220100   0.2237618142E+005   0.1296238186E+006
    220200   0.2267073919E+005   0.1293292608E+006
    220300   0.2258259505E+005   0.1294174049E+006
    220400   0.2293983069E+005   0.1290601693E+006
    220500   0.2250755374E+005   0.1294924463E+006
    220600   0.2263269865E+005   0.1293673013E+006
    220700   0.2297066342E+005   0.1290293366E+006
    220800   0.2274463660E+005   0.1292553634E+006
    220900   0.2297767798E+005   0.1290223220E+006
    221000   0.2325143816E+005   0.1287485618E+006
    221100   0.2335404937E+005   0.1286459506E+006
    221200   0.2309195817E+005   0.1289080418E+006
    221300   0.2313704995E+005   0.1288629501E+006
    221400   0.2245191268E+005   0.1295480873E+006
    221500   0.2281763474E+005   0.1291823653E+006
    221600   0.2256041958E+005   0.1294395804E+006
    221700   0.2227218639E+005   0.1297278136E+006
    221800   0.2218219225E+005   0.1298178077E+006
    221900   0.2249451707E+005   0.1295054829E+006
    222000   0.2211074297E+005   0.1298892570E+006
    222100   0.2245453472E+005   0.1295454653E+006
    222200   0.2228350442E+005   0.1297164956E+006
    222300   0.2217242046E+005   0.1298275795E+006
    222400   0.2219133773E+005   0.1298086623E+006
    222500   0.2188891052E+005   0.1301110895E+006
    222600   0.2219047993E+005   0.1298095201E+006
    222700   0.2186911615E+005   0.1301308839E+006
    222800   0.2215005664E+005   0.1298499434E+006
    222900   0.2215553910E+005   0.1298444609E+006
    223000   0.2219950904E+005   0.1298004910E+006
    223100   0.2174228747E+005   0.1302577125E+006
    223200   0.2171929747E+005   0.1302807025E+006
    223300   0.2200066501E+005   0.1299993350E+006
    223400   0.2166633050E+005   0.1303336695E+006
    223500   0.2221437381E+005   0.1297856262E+006
    223600   0.2228670976E+005   0.1297132902E+006
    223700   0.2201513366E+005   0.1299848663E+006
    223800   0.2177927369E+005   0.1302207263E+006
    223900   0.2199728131E+005   0.1300027187E+006
    224000   0.2229766568E+005   0.1297023343E+006
    224100   0.2202971678E+005   0.1299702832E+006
    224200   0.2217892129E+005   0.1298210787E+006
    224300   0.2245271864E+005   0.1295472814E+006
    224400   0.2244944620E+005   0.1295505538E+006
    224500   0.2218694495E+005   0.1298130550E+006
    224600   0.2234410970E+005   0.1296558903E+006
    224700   0.2217210140E+005   0.1298278986E+006
    224800   0.2218913093E+005   0.1298108691E+006
    224900   0.2205020484E+005   0.1299497952E+006
    225000   0.2219761579E+005   0.1298023842E+006
    225100   0.2202389801E+005   0.1299761020E+006
    225200   0.2256330049E+005   0.1294366995E+006
    225300   0.2257612335E+005   0.1294238766E+006
    225400   0.2255203881E+005   0.1294479612E+006
    225500   0.2282487279E+005   0.1291751272E+006
    225600   0.2246564491E+005   0.1295343551E+006
    225700   0.2207621220E+005   0.1299237878E+006
    225800   0.2273849325E+005   0.1292615067E+006
    225900   0.2245301263E+005   0.1295469874E+006
    226000   0.2243231832E+005   0.1295676817E+006
    226100   0.2202642395E+005   0.1299735760E+006
    226200   0.2213830400E+005   0.1298616960E+006
    226300   0.2227965248E+005   0.1297203475E+006
    226400   0.2245061401E+005   0.1295493860E+006
    226500   0.2244029385E+005   0.1295597061E+006
    226600   0.2244007719E+005   0.1295599228E+006
    226700   0.2292836772E+005   0.1290716323E+006
    226800   0.2259672676E+005   0.1294032732E+006
    226900   0.2224720439E+005   0.1297527956E+006
    227000   0.2263128793E+005   0.1293687121E+006
    227100   0.2211496707E+005   0.1298850329E+006
    227200   0.2233491543E+005   0.1296650846E+006
    227300   0.2276691150E+005   0.1292330885E+006
    227400   0.2255609995E+005   0.1294439001E+006
    227500   0.2295316900E+005   0.1290468310E+006
    227600   0.2299622378E+005   0.1290037762E+006
    227700   0.2264698818E+005   0.1293530118E+006
    227800   0.2252990524E+005   0.1294700948E+006
    227900   0.2272721023E+005   0.1292727898E+006
    228000   0.2266133578E+005   0.1293386642E+006
    228100   0.2260358021E+005   0.1293964198E+006
    228200   0.2230184880E+005   0.1296981512E+006
    228300   0.2249550547E+005   0.1295044945E+006
    228400   0.2193024396E+005   0.1300697560E+006
    228500   0.2211639742E+005   0.1298836026E+006
    228600   0.2234826745E+005   0.1296517325E+006
    228700   0.2273699327E+005   0.1292630067E+006
    228800   0.2271250121E+005   0.1292874988E+006
    228900   0.2241495772E+005   0.1295850423E+006
    229000   0.2244226577E+005   0.1295577342E+006
    229100   0.2238218059E+005   0.1296178194E+006
    229200   0.2210169925E+005   0.1298983007E+006
    229300   0.2237217217E+005   0.1296278278E+006
    229400   0.2210126246E+005   0.1298987375E+006
    229500   0.2264261805E+005   0.1293573819E+006
    229600   0.2245325468E+005   0.1295467453E+006
    229700   0.2225645197E+005   0.1297435480E+006
    229800   0.2295164555E+005   0.1290483544E+006
    229900   0.2236578453E+005   0.1296342155E+006
    230000   0.2240324900E+005   0.1295967510E+006
    230100   0.2234253320E+005   0.1296574668E+006
    230200   0.2223453676E+005   0.1297654632E+006
    230300   0.2217259533E+005   0.1298274047E+006
    230400   0.2220762377E+005   0.1297923762E+006
    230500   0.2230650074E+005   0.1296934993E+006
    230600   0.2260954828E+005   0.1293904517E+006
    230700   0.2250895135E+005   0.1294910486E+006
    230800   0.2299453342E+005   0.1290054666E+006
    230900   0.2258356533E+005   0.1294164347E+006
    231000   0.2210993528E+005   0.1298900647E+006
    231100   0.2218156940E+005   0.1298184306E+006
    231200   0.2229042958E+005   0.1297095704E+006
    231300   0.2246502669E+005   0.1295349733E+006
    231400   0.2209833849E+005   0.1299016615E+006
    231500   0.2220015385E+005   0.1297998461E+006
    231600   0.2230008864E+005   0.1296999114E+006
    231700   0.2161921227E+005   0.1303807877E+006
    231800   0.2200403725E+005   0.1299959627E+006
    231900   0.2262388536E+005   0.1293761146E+006
    232000   0.2219432153E+005   0.1298056785E+006
    232100   0.2258044279E+005   0.1294195572E+006
    232200   0.2237024723E+005   0.1296297528E+006
    232300   0.2253840185E+005   0.1294615982E+006
    232400   0.2199015230E+005   0.1300098477E+006
    232500   0.2198670451E+005   0.1300132955E+006
    232600   0.2282941607E+005   0.1291705839E+006
    232700   0.2257114733E+005   0.1294288527E+006
    232800   0.2260114609E+005   0.1293988539E+006
    232900   0.2245126990E+005   0.1295487301E+006
    233000   0.2211937888E+005   0.1298806211E+006
    233100   0.2208719975E+005   0.1299128003E+006
    233200   0.2247040755E+005   0.1295295924E+006
    233300   0.2242104454E+005   0.1295789555E+006
    233400   0.2198528106E+005   0.1300147189E+006
    233500   0.2208257464E+005   0.1299174254E+006
    233600   0.2245326515E+005   0.1295467348E+006
    233700   0.2238006194E+005   0.1296199381E+006
    233800   0.2191502310E+005   0.1300849769E+006
    233900   0.2252810535E+005   0.1294718947E+006
    234000   0.2254206273E+005   0.1294579373E+006
    234100   0.2247152009E+005   0.1295284799E+006
    234200   0.2271953076E+005   0.1292804692E+006
    234300   0.2292458130E+005   0.1290754187E+006
    234400   0.2316334581E+005   0.1288366542E+006
    234500   0.2257879337E+005   0.1294212066E+006
    234600   0.2255415916E+005   0.1294458408E+006
    234700   0.2234387906E+005   0.1296561209E+006
    234800   0.2295676525E+005   0.1290432347E+006
    234900   0.2213934785E+005   0.1298606521E+006
    235000   0.2275372337E+005   0.1292462766E+006
    235100   0.2236363649E+005   0.1296363635E+006
    235200   0.2237183955E+005   0.1296281604E+006
    235300   0.2234125966E+005   0.1296587403E+006
    235400   0.2258626145E+005   0.1294137385E+006
    235500   0.2240881448E+005   0.1295911855E+006
    235600   0.2237743482E+005   0.1296225652E+006
    235700   0.2248324394E+005   0.1295167561E+006
    235800   0.2257857304E+005   0.1294214270E+006
    235900   0.2216995789E+005   0.1298300421E+006
    236000   0.2241814116E+005   0.1295818588E+006
    236100   0.2301101665E+005   0.1289889833E+006
    236200   0.2278466041E+005   0.1292153396E+006
    236300   0.2279065998E+005   0.1292093400E+006
    236400   0.2265171503E+005   0.1293482850E+006
    236500   0.2274587268E+005   0.1292541273E+006
    236600   0.2257003614E+005   0.1294299639E+006
    236700   0.2233258577E+005   0.1296674142E+006
    236800   0.2262231301E+005   0.1293776870E+006
    236900   0.2212446287E+005   0.1298755371E+006
    237000   0.2286906050E+005   0.1291309395E+006
    237100   0.2296664829E+005   0.1290333517E+006
    237200   0.2308584232E+005   0.1289141577E+006
    237300   0.2312757956E+005   0.1288724204E+006
    237400   0.2341342330E+005   0.1285865767E+006
    237500   0.2319637320E+005   0.1288036268E+006
    237600   0.2306849973E+005   0.1289315003E+006
    237700   0.2284605437E+005   0.1291539456E+006
    237800   0.2263963488E+005   0.1293603651E+006
    237900   0.2271214854E+005   0.1292878515E+006
    238000   0.2299708754E+005   0.1290029125E+006
    238100   0.2278589615E+005   0.1292141038E+006
    238200   0.2283167877E+005   0.1291683212E+006
    238300   0.2270095052E+005   0.1292990495E+006
    238400   0.2251997721E+005   0.1294800228E+006
    238500   0.2284299967E+005   0.1291570003E+006
    238600   0.2274839888E+005   0.1292516011E+006
    238700   0.2187483146E+005   0.1301251685E+006
    238800   0.2293127146E+005   0.1290687285E+006
    238900   0.2254636788E+005   0.1294536321E+006
    239000   0.2246642220E+005   0.1295335778E+006
    239100   0.2217504183E+005   0.1298249582E+006
    239200   0.2241454446E+005   0.1295854555E+006
    239300   0.2268001554E+005   0.1293199845E+006
    239400   0.2217781271E+005   0.1298221873E+006
    239500   0.2270349370E+005   0.1292965063E+006
    239600   0.2244406781E+005   0.1295559322E+006
    239700   0.2274829532E+005   0.1292517047E+006
    239800   0.2281114769E+005   0.1291888523E+006
    239900   0.2284302051E+005   0.1291569795E+006
    240000   0.2264885049E+005   0.1293511495E+006
    240100   0.2255672659E+005   0.1294432734E+006
    240200   0.2297675244E+005   0.1290232476E+006
    240300   0.2229538228E+005   0.1297046177E+006
    240400   0.2296110389E+005   0.1290388961E+006
    240500   0.2271480219E+005   0.1292851978E+006
    240600   0.2230536476E+005   0.1296946352E+006
    240700   0.2291075813E+005   0.1290892419E+006
    240800   0.2273125505E+005   0.1292687450E+006
    240900   0.2250583293E+005   0.1294941671E+006
    241000   0.2228785448E+005   0.1297121455E+006
    241100   0.2280423543E+005   0.1291957646E+006
    241200   0.2277110496E+005   0.1292288950E+006
    241300   0.2266882162E+005   0.1293311784E+006
    241400   0.2287082552E+005   0.1291291745E+006
    241500   0.2277906714E+005   0.1292209329E+006
    241600   0.2250050132E+005   0.1294994987E+006
    241700   0.2244873991E+005   0.1295512601E+006
    241800   0.2256684543E+005   0.1294331546E+006
    241900   0.2239851060E+005   0.1296014894E+006
    242000   0.2245291239E+005   0.1295470876E+006
    242100   0.2250752101E+005   0.1294924790E+006
    242200   0.2263760163E+005   0.1293623984E+006
    242300   0.2272330893E+005   0.1292766911E+006
    242400   0.2315964753E+005   0.1288403525E+006
    242500   0.2262373960E+005   0.1293762604E+006
    242600   0.2242256502E+005   0.1295774350E+006
    242700   0.2183375428E+005   0.1301662457E+006
    242800   0.2224795440E+005   0.1297520456E+006
    242900   0.2254949905E+005   0.1294505009E+006
    243000   0.2262435641E+005   0.1293756436E+006
    243100   0.2260404345E+005   0.1293959565E+006
    243200   0.2303265031E+005   0.1289673497E+006
    243300   0.2282623013E+005   0.1291737699E+006
    243400   0.2314277536E+005   0.1288572246E+006
    243500   0.2280535551E+005   0.1291946445E+006
    243600   0.2296475642E+005   0.1290352436E+006
    243700   0.2282538963E+005   0.1291746104E+006
    243800   0.2241369411E+005   0.1295863059E+006
    243900   0.2253201545E+005   0.1294679845E+006
    244000   0.2301596217E+005   0.1289840378E+006
    244100   0.2290329378E+005   0.1290967062E+006
    244200   0.2332839120E+005   0.1286716088E+006
    244300   0.2268131505E+005   0.1293186849E+006
    244400   0.2325380670E+005   0.1287461933E+006
    244500   0.2283986095E+005   0.1291601391E+006
    244600   0.2305850991E+005   0.1289414901E+006
    244700   0.2330863088E+005   0.1286913691E+006
    244800   0.2327723354E+005   0.1287227665E+006
    244900   0.2275955960E+005   0.1292404404E+006
    245000   0.2238648030E+005   0.1296135197E+006
    245100   0.2281609757E+005   0.1291839024E+006
    245200   0.2329130247E+005   0.1287086975E+006
    245300   0.2259792861E+005   0.1294020714E+006
    245400   0.2239853060E+005   0.1296014694E+006
    245500   0.2278018167E+005   0.1292198183E+006
    245600   0.2291511609E+005   0.1290848839E+006
    245700   0.2258292823E+005   0.1294170718E+006
    245800   0.2297001839E+005   0.1290299816E+006
    245900   0.2303886858E+005   0.1289611314E+006
    246000   0.2301189044E+005   0.1289881096E+006
    246100   0.2284743367E+005   0.1291525663E+006
    246200   0.2284882788E+005   0.1291511721E+006
    246300   0.2293122706E+005   0.1290687729E+006
    246400   0.2270949954E+005   0.1292905005E+006
    246500   0.2288417674E+005   0.1291158233E+006
    246600   0.2249132166E+005   0.1295086783E+006
    246700   0.2227216574E+005   0.1297278343E+006
    246800   0.2244685022E+005   0.1295531498E+006
    246900   0.2234808855E+005   0.1296519115E+006
    247000   0.2245280659E+005   0.1295471934E+006
    247100   0.2257931856E+005   0.1294206814E+006
    247200   0.2224235455E+005   0.1297576454E+006
    247300   0.2280125988E+005   0.1291987401E+006
    247400   0.2296695520E+005   0.1290330448E+006
    247500   0.2257877069E+005   0.1294212293E+006
    247600   0.2268508137E+005   0.1293149186E+006
    247700   0.2271792448E+005   0.1292820755E+006
    247800   0.2299709963E+005   0.1290029004E+006
    247900   0.2279522873E+005   0.1292047713E+006
    248000   0.2335484179E+005   0.1286451582E+006
    248100   0.2258185183E+005   0.1294181482E+006
    248200   0.2281820698E+005   0.1291817930E+006
    248300   0.2369588945E+005   0.1283041105E+006
    248400   0.2290630798E+005   0.1290936920E+006
    248500   0.2273694383E+005   0.1292630562E+006
    248600   0.2266734332E+005   0.1293326567E+006
    248700   0.2249848388E+005   0.1295015161E+006
    248800   0.2193116975E+005   0.1300688303E+006
    248900   0.2286239065E+005   0.1291376093E+006
    249000   0.2262863451E+005   0.1293713655E+006
    249100   0.2302705076E+005   0.1289729492E+006
    249200   0.2293058233E+005   0.1290694177E+006
    249300   0.2310360460E+005   0.1288963954E+006
    249400   0.2274794796E+005   0.1292520520E+006
    249500   0.2248135443E+005   0.1295186456E+006
    249600   0.2266147850E+005   0.1293385215E+006
    249700   0.2278102529E+005   0.1292189747E+006
    249800   0.2249128038E+005   0.1295087196E+006
    249900   0.2237416471E+005   0.1296258353E+006
    250000   0.2213243117E+005   0.1298675688E+006
    250100   0.2250093875E+005   0.1294990613E+006
    250200   0.2209048703E+005   0.1299095130E+006
    250300   0.2247193381E+005   0.1295280662E+006
    250400   0.2216390295E+005   0.1298360970E+006
    250500   0.2211818676E+005   0.1298818132E+006
    250600   0.2219970978E+005   0.1298002902E+006
    250700   0.2237680017E+005   0.1296231998E+006
    250800   0.2231875656E+005   0.1296812434E+006
    250900   0.2280897418E+005   0.1291910258E+006
    251000   0.2251864319E+005   0.1294813568E+006
    251100   0.2247334202E+005   0.1295266580E+006
    251200   0.2310661057E+005   0.1288933894E+006
    251300   0.2263196451E+005   0.1293680355E+006
    251400   0.2302779692E+005   0.1289722031E+006
    251500   0.2295022481E+005   0.1290497752E+006
    251600   0.2282836773E+005   0.1291716323E+006
    251700   0.2310359141E+005   0.1288964086E+006
    251800   0.2300795938E+005   0.1289920406E+006
    251900   0.2256918344E+005   0.1294308166E+006
    252000   0.2275095828E+005   0.1292490417E+006
    252100   0.2241400167E+005   0.1295859983E+006
    252200   0.2233558882E+005   0.1296644112E+006
    252300   0.2249954472E+005   0.1295004553E+006
    252400   0.2212247915E+005   0.1298775208E+006
    252500   0.2215967702E+005   0.1298403230E+006
    252600   0.2276523863E+005   0.1292347614E+006
    252700   0.2302328316E+005   0.1289767168E+006
    252800   0.2302049451E+005   0.1289795055E+006
    252900   0.2281745250E+005   0.1291825475E+006
    253000   0.2262112560E+005   0.1293788744E+006
    253100   0.2344743449E+005   0.1285525655E+006
    253200   0.2303647674E+005   0.1289635233E+006
    253300   0.2298424836E+005   0.1290157516E+006
    253400   0.2324445254E+005   0.1287555475E+006
    253500   0.2298366054E+005   0.1290163395E+006
    253600   0.2307056198E+005   0.1289294380E+006
    253700   0.2301949874E+005   0.1289805013E+006
    253800   0.2274613688E+005   0.1292538631E+006
    253900   0.2275823518E+005   0.1292417648E+006
    254000   0.2261666056E+005   0.1293833394E+006
    254100   0.2240468544E+005   0.1295953146E+006
    254200   0.2262100443E+005   0.1293789956E+006
    254300   0.2312847810E+005   0.1288715219E+006
    254400   0.2262554057E+005   0.1293744594E+006
    254500   0.2284161158E+005   0.1291583884E+006
    254600   0.2323281185E+005   0.1287671882E+006
    254700   0.2283707171E+005   0.1291629283E+006
    254800   0.2292539977E+005   0.1290746002E+006
    254900   0.2306166312E+005   0.1289383369E+006
    255000   0.2256753270E+005   0.1294324673E+006
    255100   0.2294940323E+005   0.1290505968E+006
    255200   0.2270262407E+005   0.1292973759E+006
    255300   0.2232365590E+005   0.1296763441E+006
    255400   0.2273596094E+005   0.1292640391E+006
    255500   0.2294889183E+005   0.1290511082E+006
    255600   0.2284095337E+005   0.1291590466E+006
    255700   0.2311731267E+005   0.1288826873E+006
    255800   0.2282736067E+005   0.1291726393E+006
    255900   0.2233941368E+005   0.1296605863E+006
    256000   0.2291592967E+005   0.1290840703E+006
    256100   0.2312317870E+005   0.1288768213E+006
    256200   0.2288360596E+005   0.1291163940E+006
    256300   0.2265158030E+005   0.1293484197E+006
    256400   0.2330731288E+005   0.1286926871E+006
    256500   0.2314419928E+005   0.1288558007E+006
    256600   0.2263495857E+005   0.1293650414E+006
    256700   0.2248863892E+005   0.1295113611E+006
    256800   0.2255697124E+005   0.1294430288E+006
    256900   0.2273278999E+005   0.1292672100E+006
    257000   0.2256280830E+005   0.1294371917E+006
    257100   0.2206617244E+005   0.1299338276E+006
    257200   0.2293377785E+005   0.1290662221E+006
    257300   0.2278041766E+005   0.1292195823E+006
    257400   0.2284337622E+005   0.1291566238E+006
    257500   0.2381951067E+005   0.1281804893E+006
    257600   0.2313060989E+005   0.1288693901E+006
    257700   0.2278290276E+005   0.1292170972E+006
    257800   0.2299804099E+005   0.1290019590E+006
    257900   0.2266021638E+005   0.1293397836E+006
    258000   0.2284586258E+005   0.1291541374E+006
    258100   0.2274784957E+005   0.1292521504E+006
    258200   0.2286321160E+005   0.1291367884E+006
    258300   0.2245503191E+005   0.1295449681E+006
    258400   0.2300669054E+005   0.1289933095E+006
    258500   0.2291514093E+005   0.1290848591E+006
    258600   0.2335027766E+005   0.1286497223E+006
    258700   0.2293731708E+005   0.1290626829E+006
    258800   0.2282508133E+005   0.1291749187E+006
    258900   0.2291637037E+005   0.1290836296E+006
    259000   0.2271128098E+005   0.1292887190E+006
    259100   0.2342529332E+005   0.1285747067E+006
    259200   0.2296591690E+005   0.1290340831E+006
    259300   0.2266900571E+005   0.1293309943E+006
    259400   0.2290701163E+005   0.1290929884E+006
    259500   0.2303406131E+005   0.1289659387E+006
    259600   0.2305615739E+005   0.1289438426E+006
    259700   0.2280130271E+005   0.1291986973E+006
    259800   0.2281299393E+005   0.1291870061E+006
    259900   0.2256429793E+005   0.1294357021E+006
    260000   0.2244079128E+005   0.1295592087E+006
    260100   0.2357534035E+005   0.1284246596E+006
    260200   0.2296534103E+005   0.1290346590E+006
    260300   0.2312882489E+005   0.1288711751E+006
    260400   0.2302036646E+005   0.1289796335E+006
    260500   0.2256169872E+005   0.1294383013E+006
    260600   0.2265032506E+005   0.1293496749E+006
    260700   0.2326448631E+005   0.1287355137E+006
    260800   0.2268066259E+005   0.1293193374E+006
    260900   0.2249821744E+005   0.1295017826E+006
    261000   0.2290818938E+005   0.1290918106E+006
    261100   0.2283441039E+005   0.1291655896E+006
    261200   0.2284667174E+005   0.1291533283E+006
    261300   0.2296114359E+005   0.1290388564E+006
    261400   0.2315162196E+005   0.1288483780E+006
    261500   0.2298642794E+005   0.1290135721E+006
    261600   0.2281732978E+005   0.1291826702E+006
    261700   0.2279703643E+005   0.1292029636E+006
    261800   0.2303031391E+005   0.1289696861E+006
    261900   0.2280692033E+005   0.1291930797E+006
    262000   0.2259288489E+005   0.1294071151E+006
    262100   0.2287280060E+005   0.1291271994E+006
    262200   0.2265362504E+005   0.1293463750E+006
    262300   0.2373859413E+005   0.1282614059E+006
    262400   0.2365028867E+005   0.1283497113E+006
    262500   0.2337667687E+005   0.1286233231E+006
    262600   0.2317631140E+005   0.1288236886E+006
    262700   0.2306282083E+005   0.1289371792E+006
    262800   0.2273140686E+005   0.1292685931E+006
    262900   0.2336246585E+005   0.1286375341E+006
    263000   0.2340077168E+005   0.1285992283E+006
    263100   0.2309957888E+005   0.1289004211E+006
    263200   0.2362630669E+005   0.1283736933E+006
    263300   0.2318219446E+005   0.1288178055E+006
    263400   0.2274711119E+005   0.1292528888E+006
    263500   0.2245171920E+005   0.1295482808E+006
    263600   0.2272686433E+005   0.1292731357E+006
    263700   0.2264484673E+005   0.1293551533E+006
    263800   0.2291763335E+005   0.1290823667E+006
    263900   0.2260807765E+005   0.1293919223E+006
    264000   0.2338441330E+005   0.1286155867E+006
    264100   0.2260447389E+005   0.1293955261E+006
    264200   0.2329345165E+005   0.1287065483E+006
    264300   0.2280308200E+005   0.1291969180E+006
    264400   0.2312589719E+005   0.1288741028E+006
    264500   0.2357844531E+005   0.1284215547E+006
    264600   0.2306352089E+005   0.1289364791E+006
    264700   0.2353627828E+005   0.1284637217E+006
    264800   0.2364000081E+005   0.1283599992E+006
    264900   0.2338186261E+005   0.1286181374E+006
    265000   0.2373466088E+005   0.1282653391E+006
    265100   0.2330209520E+005   0.1286979048E+006
    265200   0.2361868444E+005   0.1283813156E+006
    265300   0.2322183251E+005   0.1287781675E+006
    265400   0.2313057516E+005   0.1288694248E+006
    265500   0.2272264245E+005   0.1292773576E+006
    265600   0.2276507488E+005   0.1292349251E+006
    265700   0.2284842745E+005   0.1291515725E+006
    265800   0.2292135762E+005   0.1290786424E+006
    265900   0.2273513948E+005   0.1292648605E+006
    266000   0.2248217837E+005   0.1295178216E+006
    266100   0.2288889013E+005   0.1291111099E+006
    266200   0.2237715718E+005   0.1296228428E+006
    266300   0.2301240844E+005   0.1289875916E+006
    266400   0.2271368234E+005   0.1292863177E+006
    266500   0.2329127079E+005   0.1287087292E+006
    266600   0.2319872428E+005   0.1288012757E+006
    266700   0.2289901417E+005   0.1291009858E+006
    266800   0.2246803321E+005   0.1295319668E+006
    266900   0.2223037416E+005   0.1297696258E+006
    267000   0.2285384258E+005   0.1291461574E+006
    267100   0.2253811016E+005   0.1294618898E+006
    267200   0.2255483420E+005   0.1294451658E+006
    267300   0.2275495330E+005   0.1292450467E+006
    267400   0.2281182942E+005   0.1291881706E+006
    267500   0.2239699378E+005   0.1296030062E+006
    267600   0.2237036939E+005   0.1296296306E+006
    267700   0.2260838008E+005   0.1293916199E+006
    267800   0.2300852138E+005   0.1289914786E+006
    267900   0.2229165497E+005   0.1297083450E+006
    268000   0.2309532950E+005   0.1289046705E+006
    268100   0.2295292605E+005   0.1290470739E+006
    268200   0.2297324768E+005   0.1290267523E+006
    268300   0.2278632021E+005   0.1292136798E+006
    268400   0.2338713495E+005   0.1286128650E+006
    268500   0.2313865740E+005   0.1288613426E+006
    268600   0.2304088722E+005   0.1289591128E+006
    268700   0.2320517139E+005   0.1287948286E+006
    268800   0.2287429161E+005   0.1291257084E+006
    268900   0.2277576267E+005   0.1292242373E+006
    269000   0.2282013367E+005   0.1291798663E+006
    269100   0.2333565368E+005   0.1286643463E+006
    269200   0.2275892020E+005   0.1292410798E+006
    269300   0.2325014068E+005   0.1287498593E+006
    269400   0.2327871199E+005   0.1287212880E+006
    269500   0.2288399106E+005   0.1291160089E+006
    269600   0.2287320287E+005   0.1291267971E+006
    269700   0.2311528019E+005   0.1288847198E+006
    269800   0.2300397410E+005   0.1289960259E+006
    269900   0.2269134612E+005   0.1293086539E+006
    270000   0.2255777849E+005   0.1294422215E+006
    270100   0.2300627518E+005   0.1289937248E+006
    270200   0.2277126447E+005   0.1292287355E+006
    270300   0.2269256986E+005   0.1293074301E+006
    270400   0.2261252374E+005   0.1293874763E+006
    270500   0.2291474824E+005   0.1290852518E+006
    270600   0.2281582941E+005   0.1291841706E+006
    270700   0.2344445333E+005   0.1285555467E+006
    270800   0.2295427517E+005   0.1290457248E+006
    270900   0.2322683994E+005   0.1287731601E+006
    271000   0.2342800420E+005   0.1285719958E+006
    271100   0.2278304520E+005   0.1292169548E+006
    271200   0.2293326289E+005   0.1290667371E+006
    271300   0.2288350208E+005   0.1291164979E+006
    271400   0.2283889810E+005   0.1291611019E+006
    271500   0.2289760163E+005   0.1291023984E+006
    271600   0.2325058346E+005   0.1287494165E+006
    271700   0.2269536987E+005   0.1293046301E+006
    271800   0.2305152400E+005   0.1289484760E+006
    271900   0.2312310904E+005   0.1288768910E+006
    272000   0.2292574467E+005   0.1290742553E+006
    272100   0.2273916537E+005   0.1292608346E+006
    272200   0.2271099932E+005   0.1292890007E+006
    272300   0.2339247723E+005   0.1286075228E+006
    272400   0.2356223189E+005   0.1284377681E+006
    272500   0.2299845356E+005   0.1290015464E+006
    272600   0.2304916071E+005   0.1289508393E+006
    272700   0.2304711752E+005   0.1289528825E+006
    272800   0.2273129100E+005   0.1292687090E+006
    272900   0.2248186916E+005   0.1295181308E+006
    273000   0.2281786979E+005   0.1291821302E+006
    273100   0.2231507138E+005   0.1296849286E+006
    273200   0.2244838462E+005   0.1295516154E+006
    273300   0.2265139652E+005   0.1293486035E+006
    273400   0.2229663197E+005   0.1297033680E+006
    273500   0.2255219584E+005   0.1294478042E+006
    273600   0.2216568585E+005   0.1298343141E+006
    273700   0.2248963276E+005   0.1295103672E+006
    273800   0.2358466025E+005   0.1284153398E+006
    273900   0.2284330411E+005   0.1291566959E+006
    274000   0.2285340919E+005   0.1291465908E+006
    274100   0.2290512956E+005   0.1290948704E+006
    274200   0.2214171579E+005   0.1298582842E+006
    274300   0.2231476091E+005   0.1296852391E+006
    274400   0.2264745240E+005   0.1293525476E+006
    274500   0.2245436349E+005   0.1295456365E+006
    274600   0.2226460976E+005   0.1297353902E+006
    274700   0.2236130517E+005   0.1296386948E+006
    274800   0.2277351405E+005   0.1292264859E+006
    274900   0.2245409763E+005   0.1295459024E+006
    275000   0.2248728066E+005   0.1295127193E+006
    275100   0.2274121667E+005   0.1292587833E+006
    275200   0.2221049329E+005   0.1297895067E+006
    275300   0.2245803148E+005   0.1295419685E+006
    275400   0.2288964793E+005   0.1291103521E+006
    275500   0.2287640582E+005   0.1291235942E+006
    275600   0.2248453652E+005   0.1295154635E+006
    275700   0.2233970715E+005   0.1296602929E+006
    275800   0.2249084348E+005   0.1295091565E+006
    275900   0.2215552180E+005   0.1298444782E+006
    276000   0.2204871265E+005   0.1299512873E+006
    276100   0.2222977832E+005   0.1297702217E+006
    276200   0.2215151056E+005   0.1298484894E+006
    276300   0.2214473659E+005   0.1298552634E+006
    276400   0.2229173156E+005   0.1297082684E+006
    276500   0.2235087159E+005   0.1296491284E+006
    276600   0.2222463998E+005   0.1297753600E+006
    276700   0.2222006051E+005   0.1297799395E+006
    276800   0.2274226468E+005   0.1292577353E+006
    276900   0.2266631478E+005   0.1293336852E+006
    277000   0.2222923772E+005   0.1297707623E+006
    277100   0.2214262203E+005   0.1298573780E+006
    277200   0.2237732028E+005   0.1296226797E+006
    277300   0.2280210701E+005   0.1291978930E+006
    277400   0.2270798887E+005   0.1292920111E+006
    277500   0.2281933675E+005   0.1291806632E+006
    277600   0.2223884670E+005   0.1297611533E+006
    277700   0.2204036429E+005   0.1299596357E+006
    277800   0.2279881850E+005   0.1292011815E+006
    277900   0.2266333564E+005   0.1293366644E+006
    278000   0.2282289304E+005   0.1291771070E+006
    278100   0.2282882465E+005   0.1291711753E+006
    278200   0.2270061189E+005   0.1292993881E+006
    278300   0.2253318178E+005   0.1294668182E+006
    278400   0.2304996789E+005   0.1289500321E+006
    278500   0.2275246376E+005   0.1292475362E+006
    278600   0.2270244899E+005   0.1292975510E+006
    278700   0.2237390444E+005   0.1296260956E+006
    278800   0.2225543026E+005   0.1297445697E+006
    278900   0.2283196212E+005   0.1291680379E+006
    279000   0.2265241646E+005   0.1293475835E+006
    279100   0.2241715502E+005   0.1295828450E+006
    279200   0.2225480868E+005   0.1297451913E+006
    279300   0.2216714685E+005   0.1298328531E+006
    279400   0.2233394372E+005   0.1296660563E+006
    279500   0.2187988360E+005   0.1301201164E+006
    279600   0.2232210398E+005   0.1296778960E+006
    279700   0.2246397477E+005   0.1295360252E+006
    279800   0.2175871219E+005   0.1302412878E+006
    279900   0.2250128948E+005   0.1294987105E+006
    280000   0.2255904295E+005   0.1294409570E+006
    280100   0.2215834187E+005   0.1298416581E+006
    280200   0.2265321401E+005   0.1293467860E+006
    280300   0.2259526926E+005   0.1294047307E+006
    280400   0.2229393652E+005   0.1297060635E+006
    280500   0.2229577001E+005   0.1297042300E+006
    280600   0.2235465742E+005   0.1296453426E+006
    280700   0.2257359386E+005   0.1294264061E+006
    280800   0.2251358367E+005   0.1294864163E+006
    280900   0.2276825414E+005   0.1292317459E+006
    281000   0.2265022183E+005   0.1293497782E+006
    281100   0.2293083869E+005   0.1290691613E+006
    281200   0.2297164365E+005   0.1290283563E+006
    281300   0.2262882446E+005   0.1293711755E+006
    281400   0.2255440785E+005   0.1294455922E+006
    281500   0.2277456915E+005   0.1292254309E+006
    281600   0.2227256162E+005   0.1297274384E+006
    281700   0.2237433776E+005   0.1296256622E+006
    281800   0.2270415503E+005   0.1292958450E+006
    281900   0.2277328980E+005   0.1292267102E+006
    282000   0.2256260059E+005   0.1294373994E+006
    282100   0.2227785495E+005   0.1297221450E+006
    282200   0.2248485067E+005   0.1295151493E+006
    282300   0.2225157969E+005   0.1297484203E+006
    282400   0.2242674784E+005   0.1295732522E+006
    282500   0.2228314506E+005   0.1297168549E+006
    282600   0.2232472385E+005   0.1296752761E+006
    282700   0.2229233516E+005   0.1297076648E+006
    282800   0.2205980018E+005   0.1299401998E+006
    282900   0.2224309622E+005   0.1297569038E+006
    283000   0.2219027170E+005   0.1298097283E+006
    283100   0.2191083438E+005   0.1300891656E+006
    283200   0.2182156727E+005   0.1301784327E+006
    283300   0.2224656428E+005   0.1297534357E+006
    283400   0.2182243669E+005   0.1301775633E+006
    283500   0.2194542077E+005   0.1300545792E+006
    283600   0.2213382926E+005   0.1298661707E+006
    283700   0.2207490580E+005   0.1299250942E+006
    283800   0.2197628625E+005   0.1300237137E+006
    283900   0.2229082265E+005   0.1297091774E+006
    284000   0.2250631959E+005   0.1294936804E+006
    284100   0.2225498986E+005   0.1297450101E+006
    284200   0.2276019529E+005   0.1292398047E+006
    284300   0.2234988256E+005   0.1296501174E+006
    284400   0.2213608645E+005   0.1298639135E+006
    284500   0.2275800682E+005   0.1292419932E+006
    284600   0.2209028656E+005   0.1299097134E+006
    284700   0.2204204127E+005   0.1299579587E+006
    284800   0.2216099761E+005   0.1298390024E+006
    284900   0.2241804855E+005   0.1295819515E+006
    285000   0.2225970719E+005   0.1297402928E+006
    285100   0.2205460478E+005   0.1299453952E+006
    285200   0.2258919270E+005   0.1294108073E+006
    285300   0.2170396509E+005   0.1302960349E+006
    285400   0.2201076884E+005   0.1299892312E+006
    285500   0.2233342981E+005   0.1296665702E+006
    285600   0.2233664436E+005   0.1296633556E+006
    285700   0.2266836698E+005   0.1293316330E+006
    285800   0.2250136620E+005   0.1294986338E+006
    285900   0.2261121137E+005   0.1293887886E+006
    286000   0.2303188028E+005   0.1289681197E+006
    286100   0.2245599524E+005   0.1295440048E+006
    286200   0.2254133388E+005   0.1294586661E+006
    286300   0.2239830015E+005   0.1296016999E+006
    286400   0.2280881316E+005   0.1291911868E+006
    286500   0.2264615025E+005   0.1293538498E+006
    286600   0.2256280326E+005   0.1294371967E+006
    286700   0.2264136468E+005   0.1293586353E+006
    286800   0.2284323281E+005   0.1291567672E+006
    286900   0.2289229642E+005   0.1291077036E+006
    287000   0.2296129951E+005   0.1290387005E+006
    287100   0.2251236787E+005   0.1294876321E+006
    287200   0.2255321826E+005   0.1294467817E+006
    287300   0.2226963552E+005   0.1297303645E+006
    287400   0.2253272133E+005   0.1294672787E+006
    287500   0.2285263440E+005   0.1291473656E+006
    287600   0.2291026963E+005   0.1290897304E+006
    287700   0.2264004050E+005   0.1293599595E+006
    287800   0.2292544335E+005   0.1290745567E+006
    287900   0.2265013379E+005   0.1293498662E+006
    288000   0.2251420781E+005   0.1294857922E+006
    288100   0.2312863947E+005   0.1288713605E+006
    288200   0.2309535747E+005   0.1289046425E+006
    288300   0.2291223908E+005   0.1290877609E+006
    288400   0.2294548214E+005   0.1290545179E+006
    288500   0.2261559517E+005   0.1293844048E+006
    288600   0.2244765499E+005   0.1295523450E+006
    288700   0.2322653168E+005   0.1287734683E+006
    288800   0.2312468093E+005   0.1288753191E+006
    288900   0.2291784469E+005   0.1290821553E+006
    289000   0.2317138439E+005   0.1288286156E+006
    289100   0.2290800191E+005   0.1290919981E+006
    289200   0.2285417361E+005   0.1291458264E+006
    289300   0.2269138516E+005   0.1293086148E+006
    289400   0.2275308442E+005   0.1292469156E+006
    289500   0.2268824056E+005   0.1293117594E+006
    289600   0.2271249357E+005   0.1292875064E+006
    289700   0.2248626674E+005   0.1295137333E+006
    289800   0.2262727610E+005   0.1293727239E+006
    289900   0.2224241889E+005   0.1297575811E+006
    290000   0.2199113423E+005   0.1300088658E+006
    290100   0.2258695379E+005   0.1294130462E+006
    290200   0.2241675899E+005   0.1295832410E+006
    290300   0.2285124186E+005   0.1291487581E+006
    290400   0.2252062678E+005   0.1294793732E+006
    290500   0.2304564150E+005   0.1289543585E+006
    290600   0.2297105593E+005   0.1290289441E+006
    290700   0.2336146602E+005   0.1286385340E+006
    290800   0.2348804201E+005   0.1285119580E+006
    290900   0.2317472768E+005   0.1288252723E+006
    291000   0.2331882374E+005   0.1286811763E+006
    291100   0.2312907634E+005   0.1288709237E+006
    291200   0.2273065149E+005   0.1292693485E+006
    291300   0.2299399029E+005   0.1290060097E+006
    291400   0.2270838365E+005   0.1292916164E+006
    291500   0.2302896572E+005   0.1289710343E+006
    291600   0.2311405142E+005   0.1288859486E+006
    291700   0.2285625688E+005   0.1291437431E+006
    291800   0.2326285655E+005   0.1287371435E+006
    291900   0.2313108615E+005   0.1288689139E+006
    292000   0.2282008929E+005   0.1291799107E+006
    292100   0.2341374119E+005   0.1285862588E+006
    292200   0.2284888314E+005   0.1291511169E+006
    292300   0.2248510765E+005   0.1295148924E+006
    292400   0.2282255584E+005   0.1291774442E+006
    292500   0.2261430304E+005   0.1293856970E+006
    292600   0.2270094336E+005   0.1292990566E+006
    292700   0.2234707493E+005   0.1296529251E+006
    292800   0.2244392929E+005   0.1295560707E+006
    292900   0.2269398046E+005   0.1293060195E+006
    293000   0.2272535900E+005   0.1292746410E+006
    293100   0.2241707264E+005   0.1295829274E+006
    293200   0.2230750901E+005   0.1296924910E+006
    293300   0.2227912937E+005   0.1297208706E+006
    293400   0.2230461395E+005   0.1296953860E+006
    293500   0.2227974581E+005   0.1297202542E+006
    293600   0.2237734938E+005   0.1296226506E+006
    293700   0.2268059887E+005   0.1293194011E+006
    293800   0.2213483505E+005   0.1298651649E+006
    293900   0.2240086176E+005   0.1295991382E+006
    294000   0.2281250140E+005   0.1291874986E+006
    294100   0.2289875667E+005   0.1291012433E+006
    294200   0.2255858493E+005   0.1294414151E+006
    294300   0.2234826580E+005   0.1296517342E+006
    294400   0.2241001641E+005   0.1295899836E+006
    294500   0.2264069245E+005   0.1293593076E+006
    294600   0.2258475657E+005   0.1294152434E+006
    294700   0.2217917466E+005   0.1298208253E+006
    294800   0.2214863589E+005   0.1298513641E+006
    294900   0.2246582152E+005   0.1295341785E+006
    295000   0.2252250005E+005   0.1294775000E+006
    295100   0.2217893990E+005   0.1298210601E+006
    295200   0.2215558356E+005   0.1298444164E+006
    295300   0.2203448713E+005   0.1299655129E+006
    295400   0.2229615833E+005   0.1297038417E+006
    295500   0.2260921119E+005   0.1293907888E+006
    295600   0.2275728989E+005   0.1292427101E+006
    295700   0.2250146729E+005   0.1294985327E+006
    295800   0.2273332875E+005   0.1292666712E+006
    295900   0.2282165550E+005   0.1291783445E+006
    296000   0.2256714866E+005   0.1294328513E+006
    296100   0.2198997753E+005   0.1300100225E+006
    296200   0.2239069629E+005   0.1296093037E+006
    296300   0.2236043449E+005   0.1296395655E+006
    296400   0.2243964169E+005   0.1295603583E+006
    296500   0.2239184477E+005   0.1296081552E+006
    296600   0.2228115731E+005   0.1297188427E+006
    296700   0.2244843053E+005   0.1295515695E+006
    296800   0.2277168271E+005   0.1292283173E+006
    296900   0.2261137111E+005   0.1293886289E+006
    297000   0.2255222890E+005   0.1294477711E+006
    297100   0.2232119071E+005   0.1296788093E+006
    297200   0.2268678777E+005   0.1293132122E+006
    297300   0.2245448870E+005   0.1295455113E+006
    297400   0.2265116323E+005   0.1293488368E+006
    297500   0.2184643565E+005   0.1301535643E+006
    297600   0.2228416529E+005   0.1297158347E+006
    297700   0.2268766252E+005   0.1293123375E+006
    297800   0.2254725651E+005   0.1294527435E+006
    297900   0.2276346693E+005   0.1292365331E+006
    298000   0.2222772712E+005   0.1297722729E+006
    298100   0.2266430537E+005   0.1293356946E+006
    298200   0.2258075516E+005   0.1294192448E+006
    298300   0.2248542065E+005   0.1295145794E+006
    298400   0.2329445299E+005   0.1287055470E+006
    298500   0.2303816568E+005   0.1289618343E+006
    298600   0.2227774010E+005   0.1297222599E+006
    298700   0.2276883123E+005   0.1292311688E+006
    298800   0.2263612317E+005   0.1293638768E+006
    298900   0.2282941042E+005   0.1291705896E+006
    299000   0.2251091739E+005   0.1294890826E+006
    299100   0.2241066778E+005   0.1295893322E+006
    299200   0.2284580459E+005   0.1291541954E+006
    299300   0.2264752832E+005   0.1293524717E+006
    299400   0.2315329616E+005   0.1288467038E+006
    299500   0.2296301968E+005   0.1290369803E+006
    299600   0.2269791360E+005   0.1293020864E+006
    299700   0.2281483712E+005   0.1291851629E+006
    299800   0.2255275892E+005   0.1294472411E+006
    299900   0.2272508669E+005   0.1292749133E+006
    300000   0.2232423502E+005   0.1296757650E+006
    300100   0.2240616342E+005   0.1295938366E+006
    300200   0.2271456959E+005   0.1292854304E+006
    300300   0.2255550927E+005   0.1294444907E+006
    300400   0.2264107182E+005   0.1293589282E+006
    300500   0.2221104440E+005   0.1297889556E+006
    300600   0.2231352691E+005   0.1296864731E+006
    300700   0.2254025545E+005   0.1294597445E+006
    300800   0.2245795858E+005   0.1295420414E+006
    300900   0.2245582622E+005   0.1295441738E+006
    301000   0.2243931531E+005   0.1295606847E+006
    301100   0.2224182598E+005   0.1297581740E+006
    301200   0.2267317228E+005   0.1293268277E+006
    301300   0.2327726207E+005   0.1287227379E+006
    301400   0.2262985169E+005   0.1293701483E+006
    301500   0.2222826818E+005   0.1297717318E+006
    301600   0.2230213637E+005   0.1296978636E+006
    301700   0.2259259573E+005   0.1294074043E+006
    301800   0.2251529014E+005   0.1294847099E+006
    301900   0.2231324514E+005   0.1296867549E+006
    302000   0.2270106776E+005   0.1292989322E+006
    302100   0.2228441278E+005   0.1297155872E+006
    302200   0.2255577321E+005   0.1294442268E+006
    302300   0.2215647993E+005   0.1298435201E+006
    302400   0.2229985827E+005   0.1297001417E+006
    302500   0.2176832690E+005   0.1302316731E+006
    302600   0.2230611838E+005   0.1296938816E+006
    302700   0.2228905670E+005   0.1297109433E+006
    302800   0.2188754223E+005   0.1301124578E+006
    302900   0.2253379092E+005   0.1294662091E+006
    303000   0.2226977253E+005   0.1297302275E+006
    303100   0.2169272672E+005   0.1303072733E+006
    303200   0.2261187970E+005   0.1293881203E+006
    303300   0.2192071323E+005   0.1300792868E+006
    303400   0.2202849345E+005   0.1299715065E+006
    303500   0.2223941761E+005   0.1297605824E+006
    303600   0.2176834765E+005   0.1302316523E+006
    303700   0.2179768445E+005   0.1302023156E+006
    303800   0.2180367491E+005   0.1301963251E+006
    303900   0.2196492770E+005   0.1300350723E+006
    304000   0.2220656108E+005   0.1297934389E+006
    304100   0.2233258169E+005   0.1296674183E+006
    304200   0.2234267536E+005   0.1296573246E+006
    304300   0.2187030490E+005   0.1301296951E+006
    304400   0.2224910445E+005   0.1297508956E+006
    304500   0.2247824317E+005   0.1295217568E+006
    304600   0.2238115847E+005   0.1296188415E+006
    304700   0.2271627659E+005   0.1292837234E+006
    304800   0.2220369047E+005   0.1297963095E+006
    304900   0.2219356106E+005   0.1298064389E+006
    305000   0.2245440722E+005   0.1295455928E+006
    305100   0.2271089753E+005   0.1292891025E+006
    305200   0.2196157186E+005   0.1300384281E+006
    305300   0.2205808115E+005   0.1299419188E+006
    305400   0.2256813111E+005   0.1294318689E+006
    305500   0.2253936495E+005   0.1294606350E+006
    305600   0.2217526045E+005   0.1298247396E+006
    305700   0.2193517313E+005   0.1300648269E+006
    305800   0.2218936628E+005   0.1298106337E+006
    305900   0.2195146702E+005   0.1300485330E+006
    306000   0.2198388789E+005   0.1300161121E+006
    306100   0.2168638975E+005   0.1303136103E+006
    306200   0.2188087282E+005   0.1301191272E+006
    306300   0.2229892326E+005   0.1297010767E+006
    306400   0.2187948134E+005   0.1301205187E+006
    306500   0.2246269566E+005   0.1295373043E+006
    306600   0.2211568814E+005   0.1298843119E+006
    306700   0.2254676902E+005   0.1294532310E+006
    306800   0.2254889170E+005   0.1294511083E+006
    306900   0.2225498752E+005   0.1297450125E+006
    307000   0.2231634377E+005   0.1296836562E+006
    307100   0.2266567520E+005   0.1293343248E+006
    307200   0.2283607267E+005   0.1291639273E+006
    307300   0.2251740748E+005   0.1294825925E+006
    307400   0.2227632193E+005   0.1297236781E+006
    307500   0.2269104950E+005   0.1293089505E+006
    307600   0.2206148058E+005   0.1299385194E+006
    307700   0.2261528065E+005   0.1293847193E+006
    307800   0.2210913614E+005   0.1298908639E+006
    307900   0.2223920217E+005   0.1297607978E+006
    308000   0.2232078043E+005   0.1296792196E+006
    308100   0.2172895436E+005   0.1302710456E+006
    308200   0.2175863367E+005   0.1302413663E+006
    308300   0.2180505725E+005   0.1301949427E+006
    308400   0.2212434555E+005   0.1298756544E+006
    308500   0.2209901540E+005   0.1299009846E+006
    308600   0.2179032035E+005   0.1302096797E+006
    308700   0.2184895124E+005   0.1301510488E+006
    308800   0.2161584338E+005   0.1303841566E+006
    308900   0.2174025053E+005   0.1302597495E+006
    309000   0.2178287482E+005   0.1302171252E+006
    309100   0.2228372224E+005   0.1297162778E+006
    309200   0.2183782130E+005   0.1301621787E+006
    309300   0.2223860653E+005   0.1297613935E+006
    309400   0.2174195060E+005   0.1302580494E+006
    309500   0.2171486753E+005   0.1302851325E+006
    309600   0.2197620348E+005   0.1300237965E+006
    309700   0.2247945467E+005   0.1295205453E+006
    309800   0.2227884312E+005   0.1297211569E+006
    309900   0.2237743503E+005   0.1296225650E+006
    310000   0.2246566991E+005   0.1295343301E+006
    310100   0.2279239673E+005   0.1292076033E+006
    310200   0.2264788927E+005   0.1293521107E+006
    310300   0.2258010215E+005   0.1294198978E+006
    310400   0.2233435554E+005   0.1296656445E+006
    310500   0.2223500967E+005   0.1297649903E+006
    310600   0.2230041674E+005   0.1296995833E+006
    310700   0.2201398967E+005   0.1299860103E+006
    310800   0.2199374480E+005   0.1300062552E+006
    310900   0.2210748393E+005   0.1298925161E+006
    311000   0.2237198928E+005   0.1296280107E+006
    311100   0.2223448957E+005   0.1297655104E+006
    311200   0.2235136845E+005   0.1296486315E+006
    311300   0.2232319392E+005   0.1296768061E+006
    311400   0.2207742126E+005   0.1299225787E+006
    311500   0.2192100310E+005   0.1300789969E+006
    311600   0.2198398372E+005   0.1300160163E+006
    311700   0.2243166948E+005   0.1295683305E+006
    311800   0.2201023549E+005   0.1299897645E+006
    311900   0.2285633087E+005   0.1291436691E+006
    312000   0.2244958739E+005   0.1295504126E+006
    312100   0.2300319776E+005   0.1289968022E+006
    312200   0.2263726600E+005   0.1293627340E+006
    312300   0.2235285978E+005   0.1296471402E+006
    312400   0.2257559331E+005   0.1294244067E+006
    312500   0.2305159335E+005   0.1289484066E+006
    312600   0.2239517530E+005   0.1296048247E+006
    312700   0.2242780772E+005   0.1295721923E+006
    312800   0.2233385689E+005   0.1296661431E+006
    312900   0.2240976011E+005   0.1295902399E+006
    313000   0.2215630447E+005   0.1298436955E+006
    313100   0.2208725367E+005   0.1299127463E+006
    313200   0.2272429000E+005   0.1292757100E+006
    313300   0.2197235997E+005   0.1300276400E+006
    313400   0.2200205135E+005   0.1299979487E+006
    313500   0.2219097958E+005   0.1298090204E+006
    313600   0.2184126661E+005   0.1301587334E+006
    313700   0.2219733161E+005   0.1298026684E+006
    313800   0.2234208410E+005   0.1296579159E+006
    313900   0.2222377464E+005   0.1297762254E+006
    314000   0.2235846496E+005   0.1296415350E+006
    314100   0.2204961758E+005   0.1299503824E+006
    314200   0.2236727282E+005   0.1296327272E+006
    314300   0.2262189526E+005   0.1293781047E+006
    314400   0.2203757847E+005   0.1299624215E+006
    314500   0.2245088403E+005   0.1295491160E+006
    314600   0.2212602275E+005   0.1298739772E+006
    314700   0.2220192429E+005   0.1297980757E+006
    314800   0.2222284614E+005   0.1297771539E+006
    314900   0.2251580153E+005   0.1294841985E+006
    315000   0.2260525672E+005   0.1293947433E+006
    315100   0.2237480835E+005   0.1296251916E+006
    315200   0.2257815402E+005   0.1294218460E+006
    315300   0.2268952546E+005   0.1293104745E+006
    315400   0.2217795822E+005   0.1298220418E+006
    315500   0.2208304062E+005   0.1299169594E+006
    315600   0.2224289705E+005   0.1297571030E+006
    315700   0.2217220871E+005   0.1298277913E+006
    315800   0.2200700425E+005   0.1299929957E+006
    315900   0.2197743868E+005   0.1300225613E+006
    316000   0.2189776184E+005   0.1301022382E+006
    316100   0.2207822005E+005   0.1299217800E+006
    316200   0.2208725745E+005   0.1299127426E+006
    316300   0.2178164631E+005   0.1302183537E+006
    316400   0.2219767021E+005   0.1298023298E+006
    316500   0.2231902760E+005   0.1296809724E+006
    316600   0.2196499578E+005   0.1300350042E+006
    316700   0.2239814055E+005   0.1296018594E+006
    316800   0.2278844941E+005   0.1292115506E+006
    316900   0.2291480240E+005   0.1290851976E+006
    317000   0.2289587575E+005   0.1291041243E+006
    317100   0.2264914688E+005   0.1293508531E+006
    317200   0.2264737097E+005   0.1293526290E+006
    317300   0.2276236583E+005   0.1292376342E+006
    317400   0.2264730973E+005   0.1293526903E+006
    317500   0.2277555050E+005   0.1292244495E+006
    317600   0.2244525169E+005   0.1295547483E+006
    317700   0.2262634669E+005   0.1293736533E+006
    317800   0.2303225354E+005   0.1289677465E+006
    317900   0.2284462629E+005   0.1291553737E+006
    318000   0.2321082131E+005   0.1287891787E+006
    318100   0.2308816875E+005   0.1289118312E+006
    318200   0.2237207548E+005   0.1296279245E+006
    318300   0.2256928490E+005   0.1294307151E+006
    318400   0.2289529152E+005   0.1291047085E+006
    318500   0.2298955759E+005   0.1290104424E+006
    318600   0.2279077196E+005   0.1292092280E+006
    318700   0.2282422782E+005   0.1291757722E+006
    318800   0.2281731162E+005   0.1291826884E+006
    318900   0.2277208605E+005   0.1292279139E+006
    319000   0.2280281484E+005   0.1291971852E+006
    319100   0.2247274807E+005   0.1295272519E+006
    319200   0.2290010289E+005   0.1290998971E+006
    319300   0.2248844610E+005   0.1295115539E+006
    319400   0.2245793389E+005   0.1295420661E+006
    319500   0.2282813985E+005   0.1291718601E+006
    319600   0.2285268687E+005   0.1291473131E+006
    319700   0.2256025525E+005   0.1294397447E+006
    319800   0.2255080695E+005   0.1294491930E+006
    319900   0.2246558907E+005   0.1295344109E+006
    320000   0.2239407909E+005   0.1296059209E+006
    320100   0.2236584884E+005   0.1296341512E+006
    320200   0.2247759579E+005   0.1295224042E+006
    320300   0.2233312339E+005   0.1296668766E+006
    320400   0.2179278896E+005   0.1302072110E+006
    320500   0.2167180085E+005   0.1303281991E+006
    320600   0.2263191862E+005   0.1293680814E+006
    320700   0.2224988665E+005   0.1297501133E+006
    320800   0.2226767602E+005   0.1297323240E+006
    320900   0.2233319801E+005   0.1296668020E+006
    321000   0.2234385172E+005   0.1296561483E+006
    321100   0.2234571864E+005   0.1296542814E+006
    321200   0.2233817785E+005   0.1296618221E+006
    321300   0.2221209883E+005   0.1297879012E+006
    321400   0.2224255482E+005   0.1297574452E+006
    321500   0.2238908880E+005   0.1296109112E+006
    321600   0.2194591242E+005   0.1300540876E+006
    321700   0.2190598074E+005   0.1300940193E+006
    321800   0.2212038268E+005   0.1298796173E+006
    321900   0.2252739331E+005   0.1294726067E+006
    322000   0.2244686096E+005   0.1295531390E+006
    322100   0.2220537794E+005   0.1297946221E+006
    322200   0.2256962384E+005   0.1294303762E+006
    322300   0.2203343724E+005   0.1299665628E+006
    322400   0.2209436469E+005   0.1299056353E+006
    322500   0.2156299836E+005   0.1304370016E+006
    322600   0.2196759506E+005   0.1300324049E+006
    322700   0.2152943324E+005   0.1304705668E+006
    322800   0.2215438976E+005   0.1298456102E+006
    322900   0.2212803498E+005   0.1298719650E+006
    323000   0.2232387119E+005   0.1296761288E+006
    323100   0.2247877802E+005   0.1295212220E+006
    323200   0.2234308000E+005   0.1296569200E+006
    323300   0.2254052440E+005   0.1294594756E+006
    323400   0.2205435479E+005   0.1299456452E+006
    323500   0.2241821002E+005   0.1295817900E+006
    323600   0.2215466404E+005   0.1298453360E+006
    323700   0.2213702749E+005   0.1298629725E+006
    323800   0.2227402897E+005   0.1297259710E+006
    323900   0.2233831914E+005   0.1296616809E+006
    324000   0.2237284833E+005   0.1296271517E+006
    324100   0.2201778524E+005   0.1299822148E+006
    324200   0.2192447670E+005   0.1300755233E+006
    324300   0.2167800783E+005   0.1303219922E+006
    324400   0.2167550860E+005   0.1303244914E+006
    324500   0.2206089240E+005   0.1299391076E+006
    324600   0.2215915257E+005   0.1298408474E+006
    324700   0.2185342945E+005   0.1301465705E+006
    324800   0.2218285323E+005   0.1298171468E+006
    324900   0.2165805050E+005   0.1303419495E+006
    325000   0.2182480205E+005   0.1301751979E+006
    325100   0.2161766815E+005   0.1303823318E+006
    325200   0.2186682285E+005   0.1301331771E+006
    325300   0.2176113601E+005   0.1302388640E+006
    325400   0.2213647227E+005   0.1298635277E+006
    325500   0.2198232543E+005   0.1300176746E+006
    325600   0.2271747153E+005   0.1292825285E+006
    325700   0.2219236884E+005   0.1298076312E+006
    325800   0.2223258667E+005   0.1297674133E+006
    325900   0.2249624167E+005   0.1295037583E+006
    326000   0.2252621724E+005   0.1294737828E+006
    326100   0.2243033827E+005   0.1295696617E+006
    326200   0.2263572028E+005   0.1293642797E+006
    326300   0.2206191660E+005   0.1299380834E+006
    326400   0.2217210244E+005   0.1298278976E+006
    326500   0.2252736020E+005   0.1294726398E+006
    326600   0.2278209889E+005   0.1292179011E+006
    326700   0.2244809971E+005   0.1295519003E+006
    326800   0.2216863709E+005   0.1298313629E+006
    326900   0.2248493496E+005   0.1295150650E+006
    327000   0.2223650509E+005   0.1297634949E+006
    327100   0.2237791483E+005   0.1296220852E+006
    327200   0.2195383518E+005   0.1300461648E+006
    327300   0.2213628647E+005   0.1298637135E+006
    327400   0.2268347281E+005   0.1293165272E+006
    327500   0.2216766983E+005   0.1298323302E+006
    327600   0.2271734500E+005   0.1292826550E+006
    327700   0.2255329566E+005   0.1294467043E+006
    327800   0.2227567510E+005   0.1297243249E+006
    327900   0.2211903100E+005   0.1298809690E+006
    328000   0.2200154739E+005   0.1299984526E+006
    328100   0.2245609609E+005   0.1295439039E+006
    328200   0.2274637641E+005   0.1292536236E+006
    328300   0.2223851798E+005   0.1297614820E+006
    328400   0.2223800666E+005   0.1297619933E+006
    328500   0.2233489876E+005   0.1296651012E+006
    328600   0.2286234553E+005   0.1291376545E+006
    328700   0.2303653478E+005   0.1289634652E+006
    328800   0.2231651091E+005   0.1296834891E+006
    328900   0.2278393308E+005   0.1292160669E+006
    329000   0.2214440659E+005   0.1298555934E+006
    329100   0.2207815606E+005   0.1299218439E+006
    329200   0.2222391584E+005   0.1297760842E+006
    329300   0.2242112613E+005   0.1295788739E+006
    329400   0.2245573955E+005   0.1295442604E+006
    329500   0.2296271189E+005   0.1290372881E+006
    329600   0.2286065945E+005   0.1291393405E+006
    329700   0.2247224449E+005   0.1295277555E+006
    329800   0.2213395965E+005   0.1298660403E+006
    329900   0.2267163759E+005   0.1293283624E+006
    330000   0.2218135633E+005   0.1298186437E+006
    330100   0.2247746318E+005   0.1295225368E+006
    330200   0.2249371182E+005   0.1295062882E+006
    330300   0.2222869792E+005   0.1297713021E+006
    330400   0.2219847329E+005   0.1298015267E+006
    330500   0.2241038088E+005   0.1295896191E+006
    330600   0.2248488004E+005   0.1295151200E+006
    330700   0.2274578090E+005   0.1292542191E+006
    330800   0.2292592589E+005   0.1290740741E+006
    330900   0.2269358071E+005   0.1293064193E+006
    331000   0.2250502183E+005   0.1294949782E+006
    331100   0.2260464062E+005   0.1293953594E+006
    331200   0.2273289953E+005   0.1292671005E+006
    331300   0.2254717985E+005   0.1294528201E+006
    331400   0.2245006729E+005   0.1295499327E+006
    331500   0.2278400641E+005   0.1292159936E+006
    331600   0.2263215157E+005   0.1293678484E+006
    331700   0.2224956403E+005   0.1297504360E+006
    331800   0.2204613224E+005   0.1299538678E+006
    331900   0.2278030583E+005   0.1292196942E+006
    332000   0.2263325738E+005   0.1293667426E+006
    332100   0.2319490772E+005   0.1288050923E+006
    332200   0.2342343229E+005   0.1285765677E+006
    332300   0.2257589395E+005   0.1294241061E+006
    332400   0.2283807172E+005   0.1291619283E+006
    332500   0.2345205541E+005   0.1285479446E+006
    332600   0.2266812448E+005   0.1293318755E+006
    332700   0.2252744914E+005   0.1294725509E+006
    332800   0.2292316530E+005   0.1290768347E+006
    332900   0.2339380180E+005   0.1286061982E+006
    333000   0.2260371207E+005   0.1293962879E+006
    333100   0.2307157996E+005   0.1289284200E+006
    333200   0.2353816462E+005   0.1284618354E+006
    333300   0.2301120863E+005   0.1289887914E+006
    333400   0.2283205639E+005   0.1291679436E+006
    333500   0.2287955476E+005   0.1291204452E+006
    333600   0.2282046513E+005   0.1291795349E+006
    333700   0.2265261031E+005   0.1293473897E+006
    333800   0.2295235757E+005   0.1290476424E+006
    333900   0.2306895797E+005   0.1289310420E+006
    334000   0.2305967885E+005   0.1289403212E+006
    334100   0.2302413091E+005   0.1289758691E+006
    334200   0.2226236423E+005   0.1297376358E+006
    334300   0.2288357781E+005   0.1291164222E+006
    334400   0.2297446437E+005   0.1290255356E+006
    334500   0.2306589679E+005   0.1289341032E+006
    334600   0.2290525433E+005   0.1290947457E+006
    334700   0.2286895215E+005   0.1291310479E+006
    334800   0.2260300620E+005   0.1293969938E+006
    334900   0.2265851528E+005   0.1293414847E+006
    335000   0.2290022451E+005   0.1290997755E+006
    335100   0.2238122409E+005   0.1296187759E+006
    335200   0.2256029945E+005   0.1294397005E+006
    335300   0.2276330950E+005   0.1292366905E+006
    335400   0.2307222032E+005   0.1289277797E+006
    335500   0.2230806960E+005   0.1296919304E+006
    335600   0.2225319077E+005   0.1297468092E+006
    335700   0.2227712455E+005   0.1297228755E+006
    335800   0.2256418649E+005   0.1294358135E+006
    335900   0.2285476674E+005   0.1291452333E+006
    336000   0.2234847496E+005   0.1296515250E+006
    336100   0.2277526685E+005   0.1292247332E+006
    336200   0.2286153456E+005   0.1291384654E+006
    336300   0.2285509555E+005   0.1291449044E+006
    336400   0.2284273522E+005   0.1291572648E+006
    336500   0.2293901735E+005   0.1290609827E+006
    336600   0.2256448889E+005   0.1294355111E+006
    336700   0.2306461393E+005   0.1289353861E+006
    336800   0.2317445755E+005   0.1288255424E+006
    336900   0.2304676146E+005   0.1289532385E+006
    337000   0.2286074136E+005   0.1291392586E+006
    337100   0.2297887586E+005   0.1290211241E+006
    337200   0.2270074244E+005   0.1292992576E+006
    337300   0.2304402807E+005   0.1289559719E+006
    337400   0.2270562522E+005   0.1292943748E+006
    337500   0.2318869097E+005   0.1288113090E+006
    337600   0.2245568529E+005   0.1295443147E+006
    337700   0.2246653399E+005   0.1295334660E+006
    337800   0.2264015884E+005   0.1293598412E+006
    337900   0.2286696810E+005   0.1291330319E+006
    338000   0.2314129760E+005   0.1288587024E+006
    338100   0.2310735790E+005   0.1288926421E+006
    338200   0.2299151741E+005   0.1290084826E+006
    338300   0.2321633506E+005   0.1287836649E+006
    338400   0.2305725265E+005   0.1289427474E+006
    338500   0.2324655533E+005   0.1287534447E+006
    338600   0.2319122685E+005   0.1288087731E+006
    338700   0.2279167252E+005   0.1292083275E+006
    338800   0.2302146555E+005   0.1289785345E+006
    338900   0.2314338756E+005   0.1288566124E+006
    339000   0.2265991911E+005   0.1293400809E+006
    339100   0.2273942448E+005   0.1292605755E+006
    339200   0.2310338853E+005   0.1288966115E+006
    339300   0.2252786975E+005   0.1294721303E+006
    339400   0.2308125096E+005   0.1289187490E+006
    339500   0.2313431848E+005   0.1288656815E+006
    339600   0.2265563758E+005   0.1293443624E+006
    339700   0.2268242822E+005   0.1293175718E+006
    339800   0.2292188978E+005   0.1290781102E+006
    339900   0.2235577331E+005   0.1296442267E+006
    340000   0.2290936458E+005   0.1290906354E+006
    340100   0.2297630994E+005   0.1290236901E+006
    340200   0.2284070510E+005   0.1291592949E+006
    340300   0.2275053897E+005   0.1292494610E+006
    340400   0.2261158910E+005   0.1293884109E+006
    340500   0.2267164001E+005   0.1293283600E+006
    340600   0.2252713407E+005   0.1294728659E+006
    340700   0.2261290189E+005   0.1293870981E+006
    340800   0.2283106486E+005   0.1291689351E+006
    340900   0.2242014767E+005   0.1295798523E+006
    341000   0.2260543712E+005   0.1293945629E+006
    341100   0.2288076334E+005   0.1291192367E+006
    341200   0.2238064808E+005   0.1296193519E+006
    341300   0.2283859931E+005   0.1291614007E+006
    341400   0.2267062688E+005   0.1293293731E+006
    341500   0.2271089773E+005   0.1292891023E+006
    341600   0.2251468914E+005   0.1294853109E+006
    341700   0.2239536562E+005   0.1296046344E+006
    341800   0.2248854179E+005   0.1295114582E+006
    341900   0.2229011096E+005   0.1297098890E+006
    342000   0.2281683207E+005   0.1291831679E+006
    342100   0.2264395224E+005   0.1293560478E+006
    342200   0.2268460015E+005   0.1293153998E+006
    342300   0.2280893224E+005   0.1291910678E+006
    342400   0.2284782049E+005   0.1291521795E+006
    342500   0.2286331560E+005   0.1291366844E+006
    342600   0.2291918553E+005   0.1290808145E+006
    342700   0.2245792006E+005   0.1295420799E+006
    342800   0.2261342517E+005   0.1293865748E+006
    342900   0.2252082284E+005   0.1294791772E+006
    343000   0.2213046479E+005   0.1298695352E+006
    343100   0.2269885252E+005   0.1293011475E+006
    343200   0.2277937724E+005   0.1292206228E+006
    343300   0.2248551193E+005   0.1295144881E+006
    343400   0.2242801749E+005   0.1295719825E+006
    343500   0.2232346408E+005   0.1296765359E+006
    343600   0.2222899931E+005   0.1297710007E+006
    343700   0.2252956081E+005   0.1294704392E+006
    343800   0.2329894204E+005   0.1287010580E+006
    343900   0.2293680970E+005   0.1290631903E+006
    344000   0.2285553619E+005   0.1291444638E+006
    344100   0.2283664276E+005   0.1291633572E+006
    344200   0.2288450384E+005   0.1291154962E+006
    344300   0.2267320891E+005   0.1293267911E+006
    344400   0.2291298450E+005   0.1290870155E+006
    344500   0.2270706353E+005   0.1292929365E+006
    344600   0.2289308994E+005   0.1291069101E+006
    344700   0.2259479376E+005   0.1294052062E+006
    344800   0.2232097258E+005   0.1296790274E+006
    344900   0.2287408391E+005   0.1291259161E+006
    345000   0.2270847625E+005   0.1292915237E+006
    345100   0.2290843295E+005   0.1290915670E+006
    345200   0.2274930593E+005   0.1292506941E+006
    345300   0.2303683245E+005   0.1289631676E+006
    345400   0.2334224384E+005   0.1286577562E+006
    345500   0.2285883927E+005   0.1291411607E+006
    345600   0.2364801074E+005   0.1283519893E+006
    345700   0.2306298766E+005   0.1289370123E+006
    345800   0.2343703029E+005   0.1285629697E+006
    345900   0.2368354590E+005   0.1283164541E+006
    346000   0.2352854942E+005   0.1284714506E+006
    346100   0.2314277828E+005   0.1288572217E+006
    346200   0.2302706610E+005   0.1289729339E+006
    346300   0.2305930059E+005   0.1289406994E+006
    346400   0.2348262498E+005   0.1285173750E+006
    346500   0.2347868176E+005   0.1285213182E+006
    346600   0.2365864060E+005   0.1283413594E+006
    346700   0.2326258699E+005   0.1287374130E+006
    346800   0.2361236926E+005   0.1283876307E+006
    346900   0.2352917971E+005   0.1284708203E+006
    347000   0.2334105997E+005   0.1286589400E+006
    347100   0.2336953487E+005   0.1286304651E+006
    347200   0.2307789285E+005   0.1289221072E+006
    347300   0.2317639460E+005   0.1288236054E+006
    347400   0.2242713793E+005   0.1295728621E+006
    347500   0.2316442660E+005   0.1288355734E+006
    347600   0.2361046908E+005   0.1283895309E+006
    347700   0.2350236644E+005   0.1284976336E+006
    347800   0.2321303408E+005   0.1287869659E+006
    347900   0.2302195668E+005   0.1289780433E+006
    348000   0.2311949344E+005   0.1288805066E+006
    348100   0.2309245016E+005   0.1289075498E+006
    348200   0.2327055914E+005   0.1287294409E+006
    348300   0.2320131303E+005   0.1287986870E+006
    348400   0.2326512863E+005   0.1287348714E+006
    348500   0.2281338969E+005   0.1291866103E+006
    348600   0.2278212114E+005   0.1292178789E+006
    348700   0.2317609439E+005   0.1288239056E+006
    348800   0.2316569022E+005   0.1288343098E+006
    348900   0.2289460275E+005   0.1291053973E+006
    349000   0.2297114044E+005   0.1290288596E+006
    349100   0.2281135407E+005   0.1291886459E+006
    349200   0.2299932767E+005   0.1290006723E+006
    349300   0.2308447820E+005   0.1289155218E+006
    349400   0.2267063076E+005   0.1293293692E+006
    349500   0.2256776286E+005   0.1294322371E+006
    349600   0.2332955667E+005   0.1286704433E+006
    349700   0.2297352894E+005   0.1290264711E+006
    349800   0.2300810900E+005   0.1289918910E+006
    349900   0.2297287316E+005   0.1290271268E+006
    350000   0.2299695395E+005   0.1290030460E+006
    350100   0.2294901278E+005   0.1290509872E+006
    350200   0.2304856873E+005   0.1289514313E+006
    350300   0.2269410979E+005   0.1293058902E+006
    350400   0.2293029461E+005   0.1290697054E+006
    350500   0.2268085962E+005   0.1293191404E+006
    350600   0.2255513246E+005   0.1294448675E+006
    350700   0.2336210863E+005   0.1286378914E+006
    350800   0.2344391434E+005   0.1285560857E+006
    350900   0.2291232988E+005   0.1290876701E+006
    351000   0.2296170916E+005   0.1290382908E+006
    351100   0.2319814367E+005   0.1288018563E+006
    351200   0.2278849908E+005   0.1292115009E+006
    351300   0.2274887593E+005   0.1292511241E+006
    351400   0.2302801167E+005   0.1289719883E+006
    351500   0.2336388188E+005   0.1286361181E+006
    351600   0.2304650888E+005   0.1289534911E+006
    351700   0.2309244283E+005   0.1289075572E+006
    351800   0.2300725720E+005   0.1289927428E+006
    351900   0.2287017114E+005   0.1291298289E+006
    352000   0.2301090249E+005   0.1289890975E+006
    352100   0.2288934687E+005   0.1291106531E+006
    352200   0.2276971270E+005   0.1292302873E+006
    352300   0.2284087803E+005   0.1291591220E+006
    352400   0.2331868955E+005   0.1286813104E+006
    352500   0.2318883270E+005   0.1288111673E+006
    352600   0.2271636484E+005   0.1292836352E+006
    352700   0.2310002219E+005   0.1288999778E+006
    352800   0.2262974069E+005   0.1293702593E+006
    352900   0.2285442033E+005   0.1291455797E+006
    353000   0.2352157173E+005   0.1284784283E+006
    353100   0.2325456679E+005   0.1287454332E+006
    353200   0.2331579100E+005   0.1286842090E+006
    353300   0.2274450530E+005   0.1292554947E+006
    353400   0.2312847365E+005   0.1288715263E+006
    353500   0.2310998439E+005   0.1288900156E+006
    353600   0.2331364304E+005   0.1286863570E+006
    353700   0.2269864454E+005   0.1293013555E+006
    353800   0.2266885632E+005   0.1293311437E+006
    353900   0.2293706756E+005   0.1290629324E+006
    354000   0.2234105400E+005   0.1296589460E+006
    354100   0.2260718494E+005   0.1293928151E+006
    354200   0.2258990129E+005   0.1294100987E+006
    354300   0.2298348689E+005   0.1290165131E+006
    354400   0.2246526534E+005   0.1295347347E+006
    354500   0.2259304971E+005   0.1294069503E+006
    354600   0.2276255656E+005   0.1292374434E+006
    354700   0.2233478299E+005   0.1296652170E+006
    354800   0.2221555080E+005   0.1297844492E+006
    354900   0.2292745738E+005   0.1290725426E+006
    355000   0.2296811582E+005   0.1290318842E+006
    355100   0.2252857936E+005   0.1294714206E+006
    355200   0.2245841267E+005   0.1295415873E+006
    355300   0.2276230799E+005   0.1292376920E+006
    355400   0.2307044351E+005   0.1289295565E+006
    355500   0.2323078885E+005   0.1287692111E+006
    355600   0.2296913805E+005   0.1290308619E+006
    355700   0.2258063114E+005   0.1294193689E+006
    355800   0.2275964115E+005   0.1292403588E+006
    355900   0.2314619912E+005   0.1288538009E+006
    356000   0.2307888571E+005   0.1289211143E+006
    356100   0.2288611222E+005   0.1291138878E+006
    356200   0.2309225751E+005   0.1289077425E+006
    356300   0.2328111575E+005   0.1287188843E+006
    356400   0.2298380974E+005   0.1290161903E+006
    356500   0.2262115553E+005   0.1293788445E+006
    356600   0.2266499484E+005   0.1293350052E+006
    356700   0.2300422204E+005   0.1289957780E+006
    356800   0.2337442304E+005   0.1286255770E+006
    356900   0.2303385692E+005   0.1289661431E+006
    357000   0.2348237788E+005   0.1285176221E+006
    357100   0.2333149421E+005   0.1286685058E+006
    357200   0.2262945069E+005   0.1293705493E+006
    357300   0.2288304203E+005   0.1291169580E+006
    357400   0.2313166019E+005   0.1288683398E+006
    357500   0.2300568073E+005   0.1289943193E+006
    357600   0.2263083175E+005   0.1293691683E+006
    357700   0.2266637689E+005   0.1293336231E+006
    357800   0.2292396828E+005   0.1290760317E+006
    357900   0.2280451483E+005   0.1291954852E+006
    358000   0.2268764950E+005   0.1293123505E+006
    358100   0.2296344221E+005   0.1290365578E+006
    358200   0.2394189481E+005   0.1280581052E+006
    358300   0.2332580761E+005   0.1286741924E+006
    358400   0.2277399078E+005   0.1292260092E+006
    358500   0.2287401082E+005   0.1291259892E+006
    358600   0.2255126855E+005   0.1294487315E+006
    358700   0.2282608094E+005   0.1291739191E+006
    358800   0.2276679364E+005   0.1292332064E+006
    358900   0.2312791153E+005   0.1288720885E+006
    359000   0.2271906350E+005   0.1292809365E+006
    359100   0.2294055594E+005   0.1290594441E+006
    359200   0.2288007078E+005   0.1291199292E+006
    359300   0.2290742814E+005   0.1290925719E+006
    359400   0.2297682618E+005   0.1290231738E+006
    359500   0.2305360169E+005   0.1289463983E+006
    359600   0.2275470716E+005   0.1292452928E+006
    359700   0.2254967892E+005   0.1294503211E+006
    359800   0.2267709070E+005   0.1293229093E+006
    359900   0.2310139783E+005   0.1288986022E+006
    360000   0.2275749873E+005   0.1292425013E+006
    360100   0.2282805175E+005   0.1291719483E+006
    360200   0.2257947547E+005   0.1294205245E+006
    360300   0.2295195556E+005   0.1290480444E+006
    360400   0.2281758804E+005   0.1291824120E+006
    360500   0.2282268166E+005   0.1291773183E+006
    360600   0.2308261064E+005   0.1289173894E+006
    360700   0.2274731912E+005   0.1292526809E+006
    360800   0.2291486536E+005   0.1290851346E+006
    360900   0.2280819741E+005   0.1291918026E+006
    361000   0.2323776058E+005   0.1287622394E+006
    361100   0.2348717581E+005   0.1285128242E+006
    361200   0.2306980028E+005   0.1289301997E+006
    361300   0.2302597784E+005   0.1289740222E+006
    361400   0.2279268921E+005   0.1292073108E+006
    361500   0.2265629270E+005   0.1293437073E+006
    361600   0.2275975730E+005   0.1292402427E+006
    361700   0.2254788535E+005   0.1294521147E+006
    361800   0.2281447152E+005   0.1291855285E+006
    361900   0.2273923244E+005   0.1292607676E+006
    362000   0.2271988131E+005   0.1292801187E+006
    362100   0.2295271878E+005   0.1290472812E+006
    362200   0.2284242976E+005   0.1291575702E+006
    362300   0.2270780787E+005   0.1292921921E+006
    362400   0.2255917853E+005   0.1294408215E+006
    362500   0.2244059573E+005   0.1295594043E+006
    362600   0.2267969314E+005   0.1293203069E+006
    362700   0.2244708046E+005   0.1295529195E+006
    362800   0.2270642389E+005   0.1292935761E+006
    362900   0.2274807845E+005   0.1292519215E+006
    363000   0.2327057519E+005   0.1287294248E+006
    363100   0.2297373754E+005   0.1290262625E+006
    363200   0.2311675113E+005   0.1288832489E+006
    363300   0.2325239734E+005   0.1287476027E+006
    363400   0.2339349244E+005   0.1286065076E+006
    363500   0.2312920357E+005   0.1288707964E+006
    363600   0.2271403294E+005   0.1292859671E+006
    363700   0.2312306552E+005   0.1288769345E+006
    363800   0.2346182941E+005   0.1285381706E+006
    363900   0.2308049039E+005   0.1289195096E+006
    364000   0.2359853885E+005   0.1284014612E+006
    364100   0.2307815085E+005   0.1289218491E+006
    364200   0.2299380097E+005   0.1290061990E+006
    364300   0.2263476897E+005   0.1293652310E+006
    364400   0.2298115988E+005   0.1290188401E+006
    364500   0.2312384735E+005   0.1288761526E+006
    364600   0.2308259061E+005   0.1289174094E+006
    364700   0.2288185596E+005   0.1291181440E+006
    364800   0.2302616019E+005   0.1289738398E+006
    364900   0.2340249881E+005   0.1285975012E+006
    365000   0.2336927390E+005   0.1286307261E+006
    365100   0.2358908703E+005   0.1284109130E+006
    365200   0.2351011880E+005   0.1284898812E+006
    365300   0.2330197512E+005   0.1286980249E+006
    365400   0.2306565337E+005   0.1289343466E+006
    365500   0.2302428360E+005   0.1289757164E+006
    365600   0.2328290210E+005   0.1287170979E+006
    365700   0.2285664681E+005   0.1291433532E+006
    365800   0.2281466800E+005   0.1291853320E+006
    365900   0.2317139108E+005   0.1288286089E+006
    366000   0.2352012423E+005   0.1284798758E+006
    366100   0.2379365795E+005   0.1282063421E+006
    366200   0.2332529228E+005   0.1286747077E+006
    366300   0.2343204412E+005   0.1285679559E+006
    366400   0.2326292597E+005   0.1287370740E+006
    366500   0.2326602332E+005   0.1287339767E+006
    366600   0.2349496177E+005   0.1285050382E+006
    366700   0.2294625707E+005   0.1290537429E+006
    366800   0.2344200593E+005   0.1285579941E+006
    366900   0.2320551325E+005   0.1287944867E+006
    367000   0.2252939580E+005   0.1294706042E+006
    367100   0.2297017317E+005   0.1290298268E+006
    367200   0.2325243318E+005   0.1287475668E+006
    367300   0.2340416161E+005   0.1285958384E+006
    367400   0.2306977798E+005   0.1289302220E+006
    367500   0.2354844758E+005   0.1284515524E+006
    367600   0.2310542176E+005   0.1288945782E+006
    367700   0.2309068223E+005   0.1289093178E+006
    367800   0.2289174469E+005   0.1291082553E+006
    367900   0.2266147672E+005   0.1293385233E+006
    368000   0.2236236425E+005   0.1296376357E+006
    368100   0.2256539495E+005   0.1294346051E+006
    368200   0.2266420175E+005   0.1293357982E+006
    368300   0.2278480810E+005   0.1292151919E+006
    368400   0.2301587519E+005   0.1289841248E+006
    368500   0.2256824320E+005   0.1294317568E+006
    368600   0.2282186684E+005   0.1291781332E+006
    368700   0.2276243606E+005   0.1292375639E+006
    368800   0.2264185321E+005   0.1293581468E+006
    368900   0.2300277490E+005   0.1289972251E+006
    369000   0.2284531342E+005   0.1291546866E+006
    369100   0.2281687280E+005   0.1291831272E+006
    369200   0.2245053935E+005   0.1295494607E+006
    369300   0.2237986947E+005   0.1296201305E+006
    369400   0.2236442046E+005   0.1296355795E+006
    369500   0.2302473255E+005   0.1289752674E+006
    369600   0.2288180334E+005   0.1291181967E+006
    369700   0.2266593651E+005   0.1293340635E+006
    369800   0.2236556367E+005   0.1296344363E+006
    369900   0.2263569787E+005   0.1293643021E+006
    370000   0.2264268388E+005   0.1293573161E+006
    370100   0.2243081217E+005   0.1295691878E+006
    370200   0.2226098825E+005   0.1297390118E+006
    370300   0.2224483328E+005   0.1297551667E+006
    370400   0.2233990832E+005   0.1296600917E+006
    370500   0.2229291547E+005   0.1297070845E+006
    370600   0.2228810271E+005   0.1297118973E+006
    370700   0.2202396176E+005   0.1299760382E+006
    370800   0.2289924541E+005   0.1291007546E+006
    370900   0.2242633265E+005   0.1295736673E+006
    371000   0.2221031688E+005   0.1297896831E+006
    371100   0.2292116514E+005   0.1290788349E+006
    371200   0.2256022672E+005   0.1294397733E+006
    371300   0.2234343635E+005   0.1296565636E+006
    371400   0.2219103828E+005   0.1298089617E+006
    371500   0.2238267083E+005   0.1296173292E+006
    371600   0.2216964515E+005   0.1298303548E+006
    371700   0.2294159051E+005   0.1290584095E+006
    371800   0.2260318126E+005   0.1293968187E+006
    371900   0.2259587416E+005   0.1294041258E+006
    372000   0.2241103808E+005   0.1295889619E+006
    372100   0.2204805641E+005   0.1299519436E+006
    372200   0.2224057582E+005   0.1297594242E+006
    372300   0.2275919407E+005   0.1292408059E+006
    372400   0.2272547897E+005   0.1292745210E+006
    372500   0.2238952905E+005   0.1296104709E+006
    372600   0.2268973423E+005   0.1293102658E+006
    372700   0.2260076990E+005   0.1293992301E+006
    372800   0.2237895599E+005   0.1296210440E+006
    372900   0.2274484856E+005   0.1292551514E+006
    373000   0.2276051596E+005   0.1292394840E+006
    373100   0.2202761949E+005   0.1299723805E+006
    373200   0.2249311003E+005   0.1295068900E+006
    373300   0.2227784952E+005   0.1297221505E+006
    373400   0.2269551020E+005   0.1293044898E+006
    373500   0.2286701922E+005   0.1291329808E+006
    373600   0.2306419690E+005   0.1289358031E+006
    373700   0.2347685032E+005   0.1285231497E+006
    373800   0.2297639343E+005   0.1290236066E+006
    373900   0.2289602431E+005   0.1291039757E+006
    374000   0.2255926107E+005   0.1294407389E+006
    374100   0.2291953315E+005   0.1290804669E+006
    374200   0.2207849694E+005   0.1299215031E+006
    374300   0.2307823197E+005   0.1289217680E+006
    374400   0.2236018462E+005   0.1296398154E+006
    374500   0.2312298167E+005   0.1288770183E+006
    374600   0.2243298293E+005   0.1295670171E+006
    374700   0.2257739264E+005   0.1294226074E+006
    374800   0.2254331362E+005   0.1294566864E+006
    374900   0.2238369571E+005   0.1296163043E+006
    375000   0.2233830068E+005   0.1296616993E+006
    375100   0.2235835797E+005   0.1296416420E+006
    375200   0.2214720206E+005   0.1298527979E+006
    375300   0.2197121295E+005   0.1300287870E+006
    375400   0.2181465904E+005   0.1301853410E+006
    375500   0.2234861754E+005   0.1296513825E+006
    375600   0.2193426228E+005   0.1300657377E+006
    375700   0.2227296084E+005   0.1297270392E+006
    375800   0.2186027698E+005   0.1301397230E+006
    375900   0.2233491170E+005   0.1296650883E+006
    376000   0.2216966301E+005   0.1298303370E+006
    376100   0.2276930204E+005   0.1292306980E+006
    376200   0.2200283878E+005   0.1299971612E+006
    376300   0.2222278070E+005   0.1297772193E+006
    376400   0.2236378509E+005   0.1296362149E+006
    376500   0.2235364718E+005   0.1296463528E+006
    376600   0.2237065593E+005   0.1296293441E+006
    376700   0.2188425240E+005   0.1301157476E+006
    376800   0.2225049084E+005   0.1297495092E+006
    376900   0.2233582312E+005   0.1296641769E+006
    377000   0.2222955899E+005   0.1297704410E+006
    377100   0.2254511112E+005   0.1294548889E+006
    377200   0.2221691839E+005   0.1297830816E+006
    377300   0.2234953895E+005   0.1296504611E+006
    377400   0.2226083191E+005   0.1297391681E+006
    377500   0.2206248018E+005   0.1299375198E+006
    377600   0.2260831987E+005   0.1293916801E+006
    377700   0.2241688033E+005   0.1295831197E+006
    377800   0.2254342632E+005   0.1294565737E+006
    377900   0.2250366470E+005   0.1294963353E+006
    378000   0.2227474225E+005   0.1297252577E+006
    378100   0.2244348010E+005   0.1295565199E+006
    378200   0.2250909582E+005   0.1294909042E+006
    378300   0.2247241315E+005   0.1295275868E+006
    378400   0.2234340974E+005   0.1296565903E+006
    378500   0.2267771370E+005   0.1293222863E+006
    378600   0.2246984089E+005   0.1295301591E+006
    378700   0.2243323046E+005   0.1295667695E+006
    378800   0.2275976249E+005   0.1292402375E+006
    378900   0.2255323844E+005   0.1294467616E+006
    379000   0.2280115190E+005   0.1291988481E+006
    379100   0.2246448614E+005   0.1295355139E+006
    379200   0.2249195228E+005   0.1295080477E+006
    379300   0.2263540701E+005   0.1293645930E+006
    379400   0.2251698994E+005   0.1294830101E+006
    379500   0.2255884619E+005   0.1294411538E+006
    379600   0.2247535892E+005   0.1295246411E+006
    379700   0.2214794841E+005   0.1298520516E+006
    379800   0.2179303691E+005   0.1302069631E+006
    379900   0.2218556332E+005   0.1298144367E+006
    380000   0.2209553744E+005   0.1299044626E+006
    380100   0.2230849449E+005   0.1296915055E+006
    380200   0.2268327808E+005   0.1293167219E+006
    380300   0.2222996220E+005   0.1297700378E+006
    380400   0.2224545615E+005   0.1297545438E+006
    380500   0.2240108974E+005   0.1295989103E+006
    380600   0.2284548374E+005   0.1291545163E+006
    380700   0.2267384647E+005   0.1293261535E+006
    380800   0.2254407003E+005   0.1294559300E+006
    380900   0.2302083495E+005   0.1289791650E+006
    381000   0.2270899000E+005   0.1292910100E+006
    381100   0.2232755219E+005   0.1296724478E+006
    381200   0.2262390963E+005   0.1293760904E+006
    381300   0.2260352616E+005   0.1293964738E+006
    381400   0.2247887591E+005   0.1295211241E+006
    381500   0.2231241291E+005   0.1296875871E+006
    381600   0.2278545315E+005   0.1292145469E+006
    381700   0.2299938965E+005   0.1290006104E+006
    381800   0.2222956373E+005   0.1297704363E+006
    381900   0.2272121153E+005   0.1292787885E+006
    382000   0.2285008193E+005   0.1291499181E+006
    382100   0.2215947293E+005   0.1298405271E+006
    382200   0.2191693215E+005   0.1300830679E+006
    382300   0.2217310690E+005   0.1298268931E+006
    382400   0.2221367037E+005   0.1297863296E+006
    382500   0.2263900366E+005   0.1293609963E+006
    382600   0.2234941707E+005   0.1296505829E+006
    382700   0.2193725297E+005   0.1300627470E+006
    382800   0.2263966762E+005   0.1293603324E+006
    382900   0.2191578325E+005   0.1300842167E+006
    383000   0.2229502085E+005   0.1297049792E+006
    383100   0.2252693632E+005   0.1294730637E+006
    383200   0.2227809894E+005   0.1297219011E+006
    383300   0.2291300361E+005   0.1290869964E+006
    383400   0.2326957191E+005   0.1287304281E+006
    383500   0.2278234917E+005   0.1292176508E+006
    383600   0.2271692527E+005   0.1292830747E+006
    383700   0.2291565036E+005   0.1290843496E+006
    383800   0.2295420394E+005   0.1290457961E+006
    383900   0.2295742525E+005   0.1290425747E+006
    384000   0.2323379653E+005   0.1287662035E+006
    384100   0.2295776789E+005   0.1290422321E+006
    384200   0.2249505650E+005   0.1295049435E+006
    384300   0.2252500583E+005   0.1294749942E+006
    384400   0.2296661810E+005   0.1290333819E+006
    384500   0.2280580734E+005   0.1291941927E+006
    384600   0.2295154329E+005   0.1290484567E+006
    384700   0.2304093383E+005   0.1289590662E+006
    384800   0.2325777769E+005   0.1287422223E+006
    384900   0.2325809865E+005   0.1287419014E+006
    385000   0.2316553314E+005   0.1288344669E+006
    385100   0.2267511104E+005   0.1293248890E+006
    385200   0.2345863682E+005   0.1285413632E+006
    385300   0.2370302465E+005   0.1282969753E+006
    385400   0.2383304519E+005   0.1281669548E+006
    385500   0.2263257143E+005   0.1293674286E+006
    385600   0.2308021467E+005   0.1289197853E+006
    385700   0.2213121354E+005   0.1298687865E+006
    385800   0.2263032227E+005   0.1293696777E+006
    385900   0.2299322608E+005   0.1290067739E+006
    386000   0.2302146439E+005   0.1289785356E+006
    386100   0.2272727587E+005   0.1292727241E+006
    386200   0.2300734674E+005   0.1289926533E+006
    386300   0.2280156967E+005   0.1291984303E+006
    386400   0.2320636826E+005   0.1287936317E+006
    386500   0.2266628484E+005   0.1293337152E+006
    386600   0.2253718712E+005   0.1294628129E+006
    386700   0.2244533368E+005   0.1295546663E+006
    386800   0.2248108796E+005   0.1295189120E+006
    386900   0.2266232254E+005   0.1293376775E+006
    387000   0.2264762111E+005   0.1293523789E+006
    387100   0.2246191819E+005   0.1295380818E+006
    387200   0.2318745502E+005   0.1288125450E+006
    387300   0.2327249723E+005   0.1287275028E+006
    387400   0.2293520556E+005   0.1290647944E+006
    387500   0.2323736369E+005   0.1287626363E+006
    387600   0.2348506152E+005   0.1285149385E+006
    387700   0.2290402862E+005   0.1290959714E+006
    387800   0.2341064118E+005   0.1285893588E+006
    387900   0.2302085581E+005   0.1289791442E+006
    388000   0.2346293985E+005   0.1285370601E+006
    388100   0.2287314554E+005   0.1291268545E+006
    388200   0.2296470858E+005   0.1290352914E+006
    388300   0.2303317600E+005   0.1289668240E+006
    388400   0.2301255064E+005   0.1289874494E+006
    388500   0.2348836425E+005   0.1285116358E+006
    388600   0.2353076751E+005   0.1284692325E+006
    388700   0.2320745672E+005   0.1287925433E+006
    388800   0.2298387601E+005   0.1290161240E+006
    388900   0.2309790500E+005   0.1289020950E+006
    389000   0.2301814411E+005   0.1289818559E+006
    389100   0.2273284116E+005   0.1292671588E+006
    389200   0.2326046819E+005   0.1287395318E+006
    389300   0.2306825417E+005   0.1289317458E+006
    389400   0.2291678005E+005   0.1290832200E+006
    389500   0.2273841889E+005   0.1292615811E+006
    389600   0.2328420935E+005   0.1287157906E+006
    389700   0.2342683738E+005   0.1285731626E+006
    389800   0.2357199456E+005   0.1284280054E+006
    389900   0.2273132936E+005   0.1292686706E+006
    390000   0.2312841433E+005   0.1288715857E+006
    390100   0.2293329336E+005   0.1290667066E+006
    390200   0.2312235963E+005   0.1288776404E+006
    390300   0.2285893186E+005   0.1291410681E+006
    390400   0.2273991961E+005   0.1292600804E+006
    390500   0.2278670899E+005   0.1292132910E+006
    390600   0.2243354293E+005   0.1295664571E+006
    390700   0.2256960822E+005   0.1294303918E+006
    390800   0.2232953386E+005   0.1296704661E+006
    390900   0.2251795593E+005   0.1294820441E+006
    391000   0.2233862585E+005   0.1296613741E+006
    391100   0.2240179975E+005   0.1295982002E+006
    391200   0.2272164149E+005   0.1292783585E+006
    391300   0.2239543598E+005   0.1296045640E+006
    391400   0.2211710437E+005   0.1298828956E+006
    391500   0.2289006505E+005   0.1291099350E+006
    391600   0.2318897175E+005   0.1288110283E+006
    391700   0.2305469299E+005   0.1289453070E+006
    391800   0.2328863987E+005   0.1287113601E+006
    391900   0.2267712922E+005   0.1293228708E+006
    392000   0.2233934489E+005   0.1296606551E+006
    392100   0.2198506551E+005   0.1300149345E+006
    392200   0.2248097757E+005   0.1295190224E+006
    392300   0.2220609768E+005   0.1297939023E+006
    392400   0.2228005583E+005   0.1297199442E+006
    392500   0.2251412415E+005   0.1294858758E+006
    392600   0.2226006819E+005   0.1297399318E+006
    392700   0.2228765498E+005   0.1297123450E+006
    392800   0.2220755918E+005   0.1297924408E+006
    392900   0.2243243390E+005   0.1295675661E+006
    393000   0.2245403227E+005   0.1295459677E+006
    393100   0.2283301809E+005   0.1291669819E+006
    393200   0.2271528182E+005   0.1292847182E+006
    393300   0.2235732602E+005   0.1296426740E+006
    393400   0.2272098891E+005   0.1292790111E+006
    393500   0.2281466423E+005   0.1291853358E+006
    393600   0.2282855530E+005   0.1291714447E+006
    393700   0.2256100580E+005   0.1294389942E+006
    393800   0.2229571202E+005   0.1297042880E+006
    393900   0.2284236380E+005   0.1291576362E+006
    394000   0.2249051090E+005   0.1295094891E+006
    394100   0.2248287260E+005   0.1295171274E+006
    394200   0.2300383111E+005   0.1289961689E+006
    394300   0.2257783692E+005   0.1294221631E+006
    394400   0.2279184514E+005   0.1292081549E+006
    394500   0.2248542883E+005   0.1295145712E+006
    394600   0.2267861416E+005   0.1293213858E+006
    394700   0.2331770157E+005   0.1286822984E+006
    394800   0.2283080923E+005   0.1291691908E+006
    394900   0.2253493459E+005   0.1294650654E+006
    395000   0.2263838785E+005   0.1293616121E+006
    395100   0.2233972469E+005   0.1296602753E+006
    395200   0.2249641853E+005   0.1295035815E+006
    395300   0.2262307349E+005   0.1293769265E+006
    395400   0.2299119723E+005   0.1290088028E+006
    395500   0.2299937784E+005   0.1290006222E+006
    395600   0.2235057469E+005   0.1296494253E+006
    395700   0.2257396035E+005   0.1294260396E+006
    395800   0.2293214227E+005   0.1290678577E+006
    395900   0.2313577896E+005   0.1288642210E+006
    396000   0.2293186364E+005   0.1290681364E+006
    396100   0.2288022808E+005   0.1291197719E+006
    396200   0.2290890694E+005   0.1290910931E+006
    396300   0.2223602004E+005   0.1297639800E+006
    396400   0.2248331457E+005   0.1295166854E+006
    396500   0.2272807792E+005   0.1292719221E+006
    396600   0.2231729663E+005   0.1296827034E+006
    396700   0.2245052678E+005   0.1295494732E+006
    396800   0.2262937650E+005   0.1293706235E+006
    396900   0.2275285670E+005   0.1292471433E+006
    397000   0.2265758003E+005   0.1293424200E+006
    397100   0.2230717802E+005   0.1296928220E+006
    397200   0.2258087769E+005   0.1294191223E+006
    397300   0.2272617521E+005   0.1292738248E+006
    397400   0.2253323435E+005   0.1294667656E+006
    397500   0.2253951125E+005   0.1294604888E+006
    397600   0.2266295385E+005   0.1293370461E+006
    397700   0.2247694164E+005   0.1295230584E+006
    397800   0.2274232175E+005   0.1292576782E+006
    397900   0.2292692413E+005   0.1290730759E+006
    398000   0.2294116066E+005   0.1290588393E+006
    398100   0.2273885296E+005   0.1292611470E+006
    398200   0.2263615286E+005   0.1293638471E+006
    398300   0.2274461157E+005   0.1292553884E+006
    398400   0.2253178671E+005   0.1294682133E+006
    398500   0.2268978948E+005   0.1293102105E+006
    398600   0.2257591556E+005   0.1294240844E+006
    398700   0.2258064103E+005   0.1294193590E+006
    398800   0.2250191257E+005   0.1294980874E+006
    398900   0.2316215178E+005   0.1288378482E+006
    399000   0.2349262248E+005   0.1285073775E+006
    399100   0.2333470240E+005   0.1286652976E+006
    399200   0.2300489457E+005   0.1289951054E+006
    399300   0.2304858854E+005   0.1289514115E+006
    399400   0.2293422692E+005   0.1290657731E+006
    399500   0.2331502002E+005   0.1286849800E+006
    399600   0.2296153642E+005   0.1290384636E+006
    399700   0.2278891718E+005   0.1292110828E+006
    399800   0.2306374690E+005   0.1289362531E+006
    399900   0.2279243759E+005   0.1292075624E+006
    400000   0.2275048022E+005   0.1292495198E+006
    400100   0.2260326631E+005   0.1293967337E+006
    400200   0.2259112453E+005   0.1294088755E+006
    400300   0.2260340802E+005   0.1293965920E+006
    400400   0.2268866417E+005   0.1293113358E+006
    400500   0.2315908457E+005   0.1288409154E+006
    400600   0.2325883117E+005   0.1287411688E+006
    400700   0.2303307112E+005   0.1289669289E+006
    400800   0.2302268753E+005   0.1289773125E+006
    400900   0.2251632398E+005   0.1294836760E+006
    401000   0.2221277563E+005   0.1297872244E+006
    401100   0.2252768225E+005   0.1294723177E+006
    401200   0.2275241614E+005   0.1292475839E+006
    401300   0.2315888760E+005   0.1288411124E+006
    401400   0.2327983492E+005   0.1287201651E+006
    401500   0.2226682860E+005   0.1297331714E+006
    401600   0.2262193610E+005   0.1293780639E+006
    401700   0.2225987423E+005   0.1297401258E+006
    401800   0.2250984828E+005   0.1294901517E+006
    401900   0.2209516005E+005   0.1299048400E+006
    402000   0.2238313175E+005   0.1296168682E+006
    402100   0.2267049092E+005   0.1293295091E+006
    402200   0.2237675784E+005   0.1296232422E+006
    402300   0.2282711332E+005   0.1291728867E+006
    402400   0.2343343861E+005   0.1285665614E+006
    402500   0.2263344544E+005   0.1293665546E+006
    402600   0.2275646837E+005   0.1292435316E+006
    402700   0.2312089300E+005   0.1288791070E+006
    402800   0.2298848228E+005   0.1290115177E+006
    402900   0.2337957819E+005   0.1286204218E+006
    403000   0.2326221944E+005   0.1287377806E+006
    403100   0.2288561188E+005   0.1291143881E+006
    403200   0.2308954725E+005   0.1289104528E+006
    403300   0.2299213845E+005   0.1290078615E+006
    403400   0.2298363469E+005   0.1290163653E+006
    403500   0.2279203276E+005   0.1292079672E+006
    403600   0.2277740626E+005   0.1292225937E+006
    403700   0.2266365804E+005   0.1293363420E+006
    403800   0.2296711457E+005   0.1290328854E+006
    403900   0.2286944067E+005   0.1291305593E+006
    404000   0.2304437281E+005   0.1289556272E+006
    404100   0.2296446307E+005   0.1290355369E+006
    404200   0.2304575783E+005   0.1289542422E+006
    404300   0.2293169256E+005   0.1290683074E+006
    404400   0.2290026261E+005   0.1290997374E+006
    404500   0.2302780444E+005   0.1289721956E+006
    404600   0.2313790511E+005   0.1288620949E+006
    404700   0.2295502341E+005   0.1290449766E+006
    404800   0.2300859108E+005   0.1289914089E+006
    404900   0.2260842336E+005   0.1293915766E+006
    405000   0.2302375480E+005   0.1289762452E+006
    405100   0.2303729328E+005   0.1289627067E+006
    405200   0.2343724277E+005   0.1285627572E+006
    405300   0.2318907087E+005   0.1288109291E+006
    405400   0.2311856647E+005   0.1288814335E+006
    405500   0.2316131395E+005   0.1288386860E+006
    405600   0.2356924656E+005   0.1284307534E+006
    405700   0.2313992198E+005   0.1288600780E+006
    405800   0.2325939516E+005   0.1287406048E+006
    405900   0.2331547444E+005   0.1286845256E+006
    406000   0.2310998549E+005   0.1288900145E+006
    406100   0.2355938617E+005   0.1284406138E+006
    406200   0.2351244860E+005   0.1284875514E+006
    406300   0.2330056074E+005   0.1286994393E+006
    406400   0.2334310579E+005   0.1286568942E+006
    406500   0.2322140502E+005   0.1287785950E+006
    406600   0.2300783255E+005   0.1289921675E+006
    406700   0.2315561420E+005   0.1288443858E+006
    406800   0.2289731924E+005   0.1291026808E+006
    406900   0.2253347164E+005   0.1294665284E+006
    407000   0.2256842771E+005   0.1294315723E+006
    407100   0.2260794688E+005   0.1293920531E+006
    407200   0.2260101908E+005   0.1293989809E+006
    407300   0.2279105885E+005   0.1292089412E+006
    407400   0.2280714038E+005   0.1291928596E+006
    407500   0.2257271513E+005   0.1294272849E+006
    407600   0.2253603228E+005   0.1294639677E+006
    407700   0.2251106707E+005   0.1294889329E+006
    407800   0.2268170418E+005   0.1293182958E+006
    407900   0.2246747710E+005   0.1295325229E+006
    408000   0.2272953238E+005   0.1292704676E+006
    408100   0.2237045464E+005   0.1296295454E+006
    408200   0.2274885811E+005   0.1292511419E+006
    408300   0.2271363007E+005   0.1292863699E+006
    408400   0.2306120876E+005   0.1289387912E+006
    408500   0.2280809357E+005   0.1291919064E+006
    408600   0.2391462279E+005   0.1280853772E+006
    408700   0.2294119211E+005   0.1290588079E+006
    408800   0.2322626552E+005   0.1287737345E+006
    408900   0.2344222061E+005   0.1285577794E+006
    409000   0.2297092214E+005   0.1290290779E+006
    409100   0.2314095246E+005   0.1288590475E+006
    409200   0.2286656096E+005   0.1291334390E+006
    409300   0.2254585506E+005   0.1294541449E+006
    409400   0.2245161644E+005   0.1295483836E+006
    409500   0.2283005450E+005   0.1291699455E+006
    409600   0.2249000219E+005   0.1295099978E+006
    409700   0.2251791033E+005   0.1294820897E+006
    409800   0.2258978355E+005   0.1294102164E+006
    409900   0.2269586357E+005   0.1293041364E+006
    410000   0.2280097712E+005   0.1291990229E+006
    410100   0.2241745956E+005   0.1295825404E+006
    410200   0.2247857532E+005   0.1295214247E+006
    410300   0.2226360908E+005   0.1297363909E+006
    410400   0.2289771992E+005   0.1291022801E+006
    410500   0.2305983127E+005   0.1289401687E+006
    410600   0.2253239050E+005   0.1294676095E+006
    410700   0.2243877861E+005   0.1295612214E+006
    410800   0.2230178519E+005   0.1296982148E+006
    410900   0.2254008278E+005   0.1294599172E+006
    411000   0.2293963117E+005   0.1290603688E+006
    411100   0.2296606869E+005   0.1290339313E+006
    411200   0.2275151625E+005   0.1292484837E+006
    411300   0.2255565375E+005   0.1294443462E+006
    411400   0.2265587757E+005   0.1293441224E+006
    411500   0.2240261494E+005   0.1295973851E+006
    411600   0.2267483087E+005   0.1293251691E+006
    411700   0.2236532198E+005   0.1296346780E+006
    411800   0.2263677696E+005   0.1293632230E+006
    411900   0.2280167649E+005   0.1291983235E+006
    412000   0.2218681488E+005   0.1298131851E+006
    412100   0.2257925169E+005   0.1294207483E+006
    412200   0.2240215096E+005   0.1295978490E+006
    412300   0.2261749843E+005   0.1293825016E+006
    412400   0.2209466791E+005   0.1299053321E+006
    412500   0.2222590127E+005   0.1297740987E+006
    412600   0.2225579407E+005   0.1297442059E+006
    412700   0.2234843925E+005   0.1296515608E+006
    412800   0.2242486027E+005   0.1295751397E+006
    412900   0.2268062767E+005   0.1293193723E+006
    413000   0.2290429231E+005   0.1290957077E+006
    413100   0.2288625271E+005   0.1291137473E+006
    413200   0.2281663493E+005   0.1291833651E+006
    413300   0.2244220047E+005   0.1295577995E+006
    413400   0.2301672971E+005   0.1289832703E+006
    413500   0.2264804582E+005   0.1293519542E+006
    413600   0.2245167062E+005   0.1295483294E+006
    413700   0.2283594606E+005   0.1291640539E+006
    413800   0.2248949199E+005   0.1295105080E+006
    413900   0.2228349720E+005   0.1297165028E+006
    414000   0.2270649808E+005   0.1292935019E+006
    414100   0.2261681304E+005   0.1293831870E+006
    414200   0.2269177281E+005   0.1293082272E+006
    414300   0.2253542083E+005   0.1294645792E+006
    414400   0.2267930948E+005   0.1293206905E+006
    414500   0.2264840934E+005   0.1293515907E+006
    414600   0.2303264663E+005   0.1289673534E+006
    414700   0.2292499681E+005   0.1290750032E+006
    414800   0.2262307942E+005   0.1293769206E+006
    414900   0.2312153617E+005   0.1288784638E+006
    415000   0.2253710203E+005   0.1294628980E+006
    415100   0.2291668875E+005   0.1290833113E+006
    415200   0.2229419024E+005   0.1297058098E+006
    415300   0.2268128852E+005   0.1293187115E+006
    415400   0.2255277060E+005   0.1294472294E+006
    415500   0.2235076481E+005   0.1296492352E+006
    415600   0.2234256561E+005   0.1296574344E+006
    415700   0.2261191226E+005   0.1293880877E+006
    415800   0.2239256770E+005   0.1296074323E+006
    415900   0.2240204972E+005   0.1295979503E+006
    416000   0.2227031052E+005   0.1297296895E+006
    416100   0.2227961992E+005   0.1297203801E+006
    416200   0.2239814014E+005   0.1296018599E+006
    416300   0.2225536198E+005   0.1297446380E+006
    416400   0.2237315868E+005   0.1296268413E+006
    416500   0.2197645867E+005   0.1300235413E+006
    416600   0.2148938930E+005   0.1305106107E+006
    416700   0.2187347879E+005   0.1301265212E+006
    416800   0.2227730768E+005   0.1297226923E+006
    416900   0.2210302564E+005   0.1298969744E+006
    417000   0.2213898843E+005   0.1298610116E+006
    417100   0.2215859093E+005   0.1298414091E+006
    417200   0.2248863258E+005   0.1295113674E+006
    417300   0.2244657972E+005   0.1295534203E+006
    417400   0.2224731561E+005   0.1297526844E+006
    417500   0.2197007862E+005   0.1300299214E+006
    417600   0.2159759166E+005   0.1304024083E+006
    417700   0.2239964011E+005   0.1296003599E+006
    417800   0.2214797459E+005   0.1298520254E+006
    417900   0.2205126784E+005   0.1299487322E+006
    418000   0.2274817376E+005   0.1292518262E+006
    418100   0.2230499649E+005   0.1296950035E+006
    418200   0.2209441039E+005   0.1299055896E+006
    418300   0.2169243692E+005   0.1303075631E+006
    418400   0.2152363418E+005   0.1304763658E+006
    418500   0.2203371571E+005   0.1299662843E+006
    418600   0.2197460938E+005   0.1300253906E+006
    418700   0.2238546454E+005   0.1296145355E+006
    418800   0.2238836469E+005   0.1296116353E+006
    418900   0.2256719401E+005   0.1294328060E+006
    419000   0.2236178627E+005   0.1296382137E+006
    419100   0.2263151749E+005   0.1293684825E+006
    419200   0.2233165558E+005   0.1296683444E+006
    419300   0.2244535488E+005   0.1295546451E+006
    419400   0.2227001794E+005   0.1297299821E+006
    419500   0.2199425042E+005   0.1300057496E+006
    419600   0.2240350592E+005   0.1295964941E+006
    419700   0.2239295451E+005   0.1296070455E+006
    419800   0.2233296280E+005   0.1296670372E+006
    419900   0.2227422946E+005   0.1297257705E+006
    420000   0.2270193293E+005   0.1292980671E+006
    420100   0.2291821327E+005   0.1290817867E+006
    420200   0.2248622701E+005   0.1295137730E+006
    420300   0.2230517599E+005   0.1296948240E+006
    420400   0.2247017096E+005   0.1295298290E+006
    420500   0.2234801722E+005   0.1296519828E+006
    420600   0.2262882701E+005   0.1293711730E+006
    420700   0.2233468206E+005   0.1296653179E+006
    420800   0.2222659413E+005   0.1297734059E+006
    420900   0.2234271470E+005   0.1296572853E+006
    421000   0.2175865535E+005   0.1302413447E+006
    421100   0.2244552810E+005   0.1295544719E+006
    421200   0.2220463809E+005   0.1297953619E+006
    421300   0.2256065329E+005   0.1294393467E+006
    421400   0.2214176029E+005   0.1298582397E+006
    421500   0.2233051611E+005   0.1296694839E+006
    421600   0.2235198101E+005   0.1296480190E+006
    421700   0.2262447531E+005   0.1293755247E+006
    421800   0.2220042144E+005   0.1297995786E+006
    421900   0.2241655785E+005   0.1295834421E+006
    422000   0.2227084985E+005   0.1297291502E+006
    422100   0.2217067825E+005   0.1298293217E+006
    422200   0.2222674582E+005   0.1297732542E+006
    422300   0.2189183461E+005   0.1301081654E+006
    422400   0.2245982359E+005   0.1295401764E+006
    422500   0.2210081815E+005   0.1298991819E+006
    422600   0.2246418875E+005   0.1295358112E+006
    422700   0.2246133986E+005   0.1295386601E+006
    422800   0.2269178535E+005   0.1293082146E+006
    422900   0.2258531109E+005   0.1294146889E+006
    423000   0.2240179999E+005   0.1295982000E+006
    423100   0.2206147668E+005   0.1299385233E+006
    423200   0.2168992677E+005   0.1303100732E+006
    423300   0.2233116445E+005   0.1296688355E+006
    423400   0.2187922835E+005   0.1301207716E+006
    423500   0.2186777569E+005   0.1301322243E+006
    423600   0.2157010289E+005   0.1304298971E+006
    423700   0.2144132909E+005   0.1305586709E+006
    423800   0.2152819326E+005   0.1304718067E+006
    423900   0.2189494578E+005   0.1301050542E+006
    424000   0.2195869271E+005   0.1300413073E+006
    424100   0.2229033753E+005   0.1297096625E+006
    424200   0.2231713167E+005   0.1296828683E+006
    424300   0.2236932794E+005   0.1296306721E+006
    424400   0.2198164095E+005   0.1300183591E+006
    424500   0.2259097111E+005   0.1294090289E+006
    424600   0.2230793651E+005   0.1296920635E+006
    424700   0.2185867868E+005   0.1301413213E+006
    424800   0.2247875436E+005   0.1295212456E+006
    424900   0.2235619413E+005   0.1296438059E+006
    425000   0.2189943110E+005   0.1301005689E+006
    425100   0.2243323416E+005   0.1295667658E+006
    425200   0.2178419426E+005   0.1302158057E+006
    425300   0.2222116403E+005   0.1297788360E+006
    425400   0.2197792341E+005   0.1300220766E+006
    425500   0.2224310966E+005   0.1297568903E+006
    425600   0.2197719215E+005   0.1300228078E+006
    425700   0.2225680659E+005   0.1297431934E+006
    425800   0.2201919617E+005   0.1299808038E+006
    425900   0.2213738825E+005   0.1298626118E+006
    426000   0.2183376623E+005   0.1301662338E+006
    426100   0.2161566792E+005   0.1303843321E+006
    426200   0.2196818989E+005   0.1300318101E+006
    426300   0.2170589724E+005   0.1302941028E+006
    426400   0.2152902270E+005   0.1304709773E+006
    426500   0.2166598407E+005   0.1303340159E+006
    426600   0.2154268326E+005   0.1304573167E+006
    426700   0.2156811633E+005   0.1304318837E+006
    426800   0.2196055404E+005   0.1300394460E+006
    426900   0.2145999625E+005   0.1305400037E+006
    427000   0.2148557854E+005   0.1305144215E+006
    427100   0.2174337710E+005   0.1302566229E+006
    427200   0.2216047814E+005   0.1298395219E+006
    427300   0.2209578183E+005   0.1299042182E+006
    427400   0.2253208175E+005   0.1294679182E+006
    427500   0.2226606573E+005   0.1297339343E+006
    427600   0.2231349878E+005   0.1296865012E+006
    427700   0.2194623238E+005   0.1300537676E+006
    427800   0.2250340755E+005   0.1294965924E+006
    427900   0.2209727799E+005   0.1299027220E+006
    428000   0.2226772248E+005   0.1297322775E+006
    428100   0.2255579562E+005   0.1294442044E+006
    428200   0.2213036488E+005   0.1298696351E+006
    428300   0.2260832696E+005   0.1293916730E+006
    428400   0.2274563961E+005   0.1292543604E+006
    428500   0.2296584594E+005   0.1290341541E+006
    428600   0.2223301798E+005   0.1297669820E+006
    428700   0.2254860265E+005   0.1294513973E+006
    428800   0.2217624446E+005   0.1298237555E+006
    428900   0.2236738684E+005   0.1296326132E+006
    429000   0.2265357821E+005   0.1293464218E+006
    429100   0.2277160679E+005   0.1292283932E+006
    429200   0.2284005274E+005   0.1291599473E+006
    429300   0.2308961450E+005   0.1289103855E+006
    429400   0.2236045061E+005   0.1296395494E+006
    429500   0.2250721595E+005   0.1294927841E+006
    429600   0.2240236939E+005   0.1295976306E+006
    429700   0.2263131043E+005   0.1293686896E+006
    429800   0.2205348306E+005   0.1299465169E+006
    429900   0.2218468804E+005   0.1298153120E+006
    430000   0.2225114791E+005   0.1297488521E+006
    430100   0.2246042497E+005   0.1295395750E+006
    430200   0.2222760927E+005   0.1297723907E+006
    430300   0.2238286773E+005   0.1296171323E+006
    430400   0.2216588362E+005   0.1298341164E+006
    430500   0.2250110021E+005   0.1294988998E+006
    430600   0.2194408183E+005   0.1300559182E+006
    430700   0.2198617724E+005   0.1300138228E+006
    430800   0.2234952087E+005   0.1296504791E+006
    430900   0.2276049588E+005   0.1292395041E+006
    431000   0.2211299869E+005   0.1298870013E+006
    431100   0.2207463412E+005   0.1299253659E+006
    431200   0.2205807746E+005   0.1299419225E+006
    431300   0.2240727553E+005   0.1295927245E+006
    431400   0.2214894352E+005   0.1298510565E+006
    431500   0.2222478556E+005   0.1297752144E+006
    431600   0.2229059602E+005   0.1297094040E+006
    431700   0.2242423112E+005   0.1295757689E+006
    431800   0.2274145990E+005   0.1292585401E+006
    431900   0.2243485874E+005   0.1295651413E+006
    432000   0.2241027250E+005   0.1295897275E+006
    432100   0.2265811155E+005   0.1293418884E+006
    432200   0.2292228027E+005   0.1290777197E+006
    432300   0.2274955520E+005   0.1292504448E+006
    432400   0.2238055433E+005   0.1296194457E+006
    432500   0.2290708587E+005   0.1290929141E+006
    432600   0.2235008217E+005   0.1296499178E+006
    432700   0.2311291849E+005   0.1288870815E+006
    432800   0.2302081647E+005   0.1289791835E+006
    432900   0.2320934946E+005   0.1287906505E+006
    433000   0.2311495866E+005   0.1288850413E+006
    433100   0.2352858276E+005   0.1284714172E+006
    433200   0.2323051327E+005   0.1287694867E+006
    433300   0.2299666609E+005   0.1290033339E+006
    433400   0.2309459382E+005   0.1289054062E+006
    433500   0.2292053280E+005   0.1290794672E+006
    433600   0.2280798539E+005   0.1291920146E+006
    433700   0.2330022662E+005   0.1286997734E+006
    433800   0.2323926045E+005   0.1287607395E+006
    433900   0.2288563348E+005   0.1291143665E+006
    434000   0.2278656619E+005   0.1292134338E+006
    434100   0.2267386291E+005   0.1293261371E+006
    434200   0.2236342332E+005   0.1296365767E+006
    434300   0.2261000931E+005   0.1293899907E+006
    434400   0.2235010777E+005   0.1296498922E+006
    434500   0.2276719981E+005   0.1292328002E+006
    434600   0.2218870708E+005   0.1298112929E+006
    434700   0.2255321754E+005   0.1294467825E+006
    434800   0.2200910214E+005   0.1299908979E+006
    434900   0.2264000794E+005   0.1293599921E+006
    435000   0.2241851091E+005   0.1295814891E+006
    435100   0.2198658213E+005   0.1300134179E+006
    435200   0.2240611219E+005   0.1295938878E+006
    435300   0.2291466294E+005   0.1290853371E+006
    435400   0.2253986230E+005   0.1294601377E+006
    435500   0.2259049732E+005   0.1294095027E+006
    435600   0.2258595033E+005   0.1294140497E+006
    435700   0.2270425862E+005   0.1292957414E+006
    435800   0.2304355691E+005   0.1289564431E+006
    435900   0.2290955845E+005   0.1290904415E+006
    436000   0.2298280998E+005   0.1290171900E+006
    436100   0.2252269304E+005   0.1294773070E+006
    436200   0.2250670522E+005   0.1294932948E+006
    436300   0.2284838847E+005   0.1291516115E+006
    436400   0.2242968302E+005   0.1295703170E+006
    436500   0.2232948991E+005   0.1296705101E+006
    436600   0.2259408146E+005   0.1294059185E+006
    436700   0.2242077055E+005   0.1295792294E+006
    436800   0.2225821529E+005   0.1297417847E+006
    436900   0.2256441231E+005   0.1294355877E+006
    437000   0.2259226086E+005   0.1294077391E+006
    437100   0.2276076848E+005   0.1292392315E+006
    437200   0.2262008180E+005   0.1293799182E+006
    437300   0.2236553571E+005   0.1296344643E+006
    437400   0.2264054983E+005   0.1293594502E+006
    437500   0.2272300245E+005   0.1292769975E+006
    437600   0.2277463244E+005   0.1292253676E+006
    437700   0.2250368828E+005   0.1294963117E+006
    437800   0.2283242918E+005   0.1291675708E+006
    437900   0.2235468549E+005   0.1296453145E+006
    438000   0.2259000862E+005   0.1294099914E+006
    438100   0.2216494596E+005   0.1298350540E+006
    438200   0.2194174449E+005   0.1300582555E+006
    438300   0.2233904975E+005   0.1296609503E+006
    438400   0.2246230556E+005   0.1295376944E+006
    438500   0.2277652322E+005   0.1292234768E+006
    438600   0.2233597994E+005   0.1296640201E+006
    438700   0.2250656889E+005   0.1294934311E+006
    438800   0.2282104127E+005   0.1291789587E+006
    438900   0.2232785882E+005   0.1296721412E+006
    439000   0.2273037909E+005   0.1292696209E+006
    439100   0.2220934797E+005   0.1297906520E+006
    439200   0.2242002110E+005   0.1295799789E+006
    439300   0.2253184221E+005   0.1294681578E+006
    439400   0.2209785922E+005   0.1299021408E+006
    439500   0.2208327873E+005   0.1299167213E+006
    439600   0.2215422353E+005   0.1298457765E+006
    439700   0.2210316810E+005   0.1298968319E+006
    439800   0.2219749437E+005   0.1298025056E+006
    439900   0.2206564078E+005   0.1299343592E+006
    440000   0.2214264958E+005   0.1298573504E+006
    440100   0.2201846661E+005   0.1299815334E+006
    440200   0.2235490624E+005   0.1296450938E+006
    440300   0.2243139073E+005   0.1295686093E+006
    440400   0.2232160832E+005   0.1296783917E+006
    440500   0.2238914136E+005   0.1296108586E+006
    440600   0.2260651624E+005   0.1293934838E+006
    440700   0.2269181078E+005   0.1293081892E+006
    440800   0.2261388454E+005   0.1293861155E+006
    440900   0.2280555473E+005   0.1291944453E+006
    441000   0.2257459981E+005   0.1294254002E+006
    441100   0.2263847795E+005   0.1293615220E+006
    441200   0.2305401023E+005   0.1289459898E+006
    441300   0.2286586185E+005   0.1291341382E+006
    441400   0.2279254812E+005   0.1292074519E+006
    441500   0.2217564060E+005   0.1298243594E+006
    441600   0.2217348469E+005   0.1298265153E+006
    441700   0.2256793018E+005   0.1294320698E+006
    441800   0.2241089952E+005   0.1295891005E+006
    441900   0.2254342368E+005   0.1294565763E+006
    442000   0.2227281729E+005   0.1297271827E+006
    442100   0.2245901256E+005   0.1295409874E+006
    442200   0.2268961883E+005   0.1293103812E+006
    442300   0.2260885500E+005   0.1293911450E+006
    442400   0.2229447196E+005   0.1297055280E+006
    442500   0.2268431065E+005   0.1293156894E+006
    442600   0.2192465052E+005   0.1300753495E+006
    442700   0.2226548271E+005   0.1297345173E+006
    442800   0.2202718307E+005   0.1299728169E+006
    442900   0.2189248507E+005   0.1301075149E+006
    443000   0.2157579416E+005   0.1304242058E+006
    443100   0.2205536757E+005   0.1299446324E+006
    443200   0.2243292211E+005   0.1295670779E+006
    443300   0.2247729578E+005   0.1295227042E+006
    443400   0.2272387336E+005   0.1292761266E+006
    443500   0.2277346559E+005   0.1292265344E+006
    443600   0.2271436962E+005   0.1292856304E+006
    443700   0.2205462254E+005   0.1299453775E+006
    443800   0.2250239049E+005   0.1294976095E+006
    443900   0.2304862790E+005   0.1289513721E+006
    444000   0.2264123913E+005   0.1293587609E+006
    444100   0.2233351221E+005   0.1296664878E+006
    444200   0.2294458287E+005   0.1290554171E+006
    444300   0.2222677324E+005   0.1297732268E+006
    444400   0.2239887463E+005   0.1296011254E+006
    444500   0.2234893684E+005   0.1296510632E+006
    444600   0.2219744419E+005   0.1298025558E+006
    444700   0.2208136181E+005   0.1299186382E+006
    444800   0.2213633107E+005   0.1298636689E+006
    444900   0.2228316479E+005   0.1297168352E+006
    445000   0.2231549266E+005   0.1296845073E+006
    445100   0.2263976568E+005   0.1293602343E+006
    445200   0.2265062598E+005   0.1293493740E+006
    445300   0.2254022496E+005   0.1294597750E+006
    445400   0.2216814205E+005   0.1298318579E+006
    445500   0.2264239462E+005   0.1293576054E+006
    445600   0.2258963925E+005   0.1294103607E+006
    445700   0.2218136364E+005   0.1298186364E+006
    445800   0.2261696926E+005   0.1293830307E+006
    445900   0.2263729722E+005   0.1293627028E+006
    446000   0.2297399334E+005   0.1290260067E+006
    446100   0.2238027150E+005   0.1296197285E+006
    446200   0.2267688835E+005   0.1293231116E+006
    446300   0.2282385409E+005   0.1291761459E+006
    446400   0.2301097824E+005   0.1289890218E+006
    446500   0.2310303402E+005   0.1288969660E+006
    446600   0.2317673113E+005   0.1288232689E+006
    446700   0.2272711136E+005   0.1292728886E+006
    446800   0.2261963759E+005   0.1293803624E+006
    446900   0.2268487620E+005   0.1293151238E+006
    447000   0.2221737397E+005   0.1297826260E+006
    447100   0.2209231707E+005   0.1299076829E+006
    447200   0.2202351383E+005   0.1299764862E+006
    447300   0.2275250068E+005   0.1292474993E+006
    447400   0.2235196116E+005   0.1296480388E+006
    447500   0.2278617985E+005   0.1292138201E+006
    447600   0.2290835937E+005   0.1290916406E+006
    447700   0.2247854446E+005   0.1295214555E+006
    447800   0.2255030875E+005   0.1294496913E+006
    447900   0.2269483305E+005   0.1293051669E+006
    448000   0.2260790065E+005   0.1293920993E+006
    448100   0.2236739535E+005   0.1296326046E+006
    448200   0.2274065907E+005   0.1292593409E+006
    448300   0.2278175371E+005   0.1292182463E+006
    448400   0.2264251754E+005   0.1293574825E+006
    448500   0.2241701858E+005   0.1295829814E+006
    448600   0.2262867693E+005   0.1293713231E+006
    448700   0.2267241513E+005   0.1293275849E+006
    448800   0.2266717368E+005   0.1293328263E+006
    448900   0.2300641965E+005   0.1289935803E+006
    449000   0.2316087053E+005   0.1288391295E+006
    449100   0.2292716887E+005   0.1290728311E+006
    449200   0.2326405501E+005   0.1287359450E+006
    449300   0.2327043626E+005   0.1287295637E+006
    449400   0.2295797759E+005   0.1290420224E+006
    449500   0.2308123242E+005   0.1289187676E+006
    449600   0.2299173158E+005   0.1290082684E+006
    449700   0.2271520415E+005   0.1292847958E+006
    449800   0.2213252136E+005   0.1298674786E+006
    449900   0.2234021984E+005   0.1296597802E+006
    450000   0.2253729172E+005   0.1294627083E+006
    450100   0.2239630798E+005   0.1296036920E+006
    450200   0.2216494668E+005   0.1298350533E+006
    450300   0.2249081091E+005   0.1295091891E+006
    450400   0.2207929334E+005   0.1299207067E+006
    450500   0.2219753781E+005   0.1298024622E+006
    450600   0.2205292830E+005   0.1299470717E+006
    450700   0.2213728591E+005   0.1298627141E+006
    450800   0.2240043926E+005   0.1295995607E+006
    450900   0.2193548080E+005   0.1300645192E+006
    451000   0.2208294802E+005   0.1299170520E+006
    451100   0.2222512778E+005   0.1297748722E+006
    451200   0.2244870521E+005   0.1295512948E+006
    451300   0.2234830764E+005   0.1296516924E+006
    451400   0.2205227463E+005   0.1299477254E+006
    451500   0.2226207509E+005   0.1297379249E+006
    451600   0.2229984869E+005   0.1297001513E+006
    451700   0.2193342324E+005   0.1300665768E+006
    451800   0.2181727939E+005   0.1301827206E+006
    451900   0.2188381772E+005   0.1301161823E+006
    452000   0.2211243625E+005   0.1298875638E+006
    452100   0.2206394425E+005   0.1299360557E+006
    452200   0.2248005745E+005   0.1295199425E+006
    452300   0.2231537525E+005   0.1296846247E+006
    452400   0.2219085698E+005   0.1298091430E+006
    452500   0.2166293717E+005   0.1303370628E+006
    452600   0.2228859102E+005   0.1297114090E+006
    452700   0.2260785383E+005   0.1293921462E+006
    452800   0.2244524270E+005   0.1295547573E+006
    452900   0.2247980628E+005   0.1295201937E+006
    453000   0.2218377319E+005   0.1298162268E+006
    453100   0.2259845616E+005   0.1294015438E+006
    453200   0.2285963291E+005   0.1291403671E+006
    453300   0.2290104896E+005   0.1290989510E+006
    453400   0.2232431254E+005   0.1296756875E+006
    453500   0.2248570942E+005   0.1295142906E+006
    453600   0.2284678324E+005   0.1291532168E+006
    453700   0.2251295897E+005   0.1294870410E+006
    453800   0.2222688521E+005   0.1297731148E+006
    453900   0.2258861265E+005   0.1294113874E+006
    454000   0.2192610819E+005   0.1300738918E+006
    454100   0.2208499504E+005   0.1299150050E+006
    454200   0.2270010017E+005   0.1292998998E+006
    454300   0.2259102104E+005   0.1294089790E+006
    454400   0.2220672945E+005   0.1297932706E+006
    454500   0.2257143156E+005   0.1294285684E+006
    454600   0.2235641246E+005   0.1296435875E+006
    454700   0.2206846428E+005   0.1299315357E+006
    454800   0.2201513341E+005   0.1299848666E+006
    454900   0.2217254501E+005   0.1298274550E+006
    455000   0.2207474072E+005   0.1299252593E+006
    455100   0.2188380858E+005   0.1301161914E+006
    455200   0.2270613000E+005   0.1292938700E+006
    455300   0.2251370993E+005   0.1294862901E+006
    455400   0.2227310651E+005   0.1297268935E+006
    455500   0.2219410030E+005   0.1298058997E+006
    455600   0.2248876293E+005   0.1295112371E+006
    455700   0.2233925446E+005   0.1296607455E+006
    455800   0.2206398219E+005   0.1299360178E+006
    455900   0.2228173330E+005   0.1297182667E+006
    456000   0.2185334134E+005   0.1301466587E+006
    456100   0.2182716587E+005   0.1301728341E+006
    456200   0.2241675813E+005   0.1295832419E+006
    456300   0.2245649478E+005   0.1295435052E+006
    456400   0.2258911515E+005   0.1294108849E+006
    456500   0.2259121831E+005   0.1294087817E+006
    456600   0.2207054506E+005   0.1299294549E+006
    456700   0.2223400070E+005   0.1297659993E+006
    456800   0.2250326968E+005   0.1294967303E+006
    456900   0.2276292811E+005   0.1292370719E+006
    457000   0.2214281246E+005   0.1298571875E+006
    457100   0.2231588753E+005   0.1296841125E+006
    457200   0.2251331975E+005   0.1294866802E+006
    457300   0.2269569930E+005   0.1293043007E+006
    457400   0.2223981626E+005   0.1297601837E+006
    457500   0.2246693849E+005   0.1295330615E+006
    457600   0.2247180005E+005   0.1295282000E+006
    457700   0.2228393936E+005   0.1297160606E+006
    457800   0.2245264616E+005   0.1295473538E+006
    457900   0.2230889197E+005   0.1296911080E+006
    458000   0.2227717015E+005   0.1297228298E+006
    458100   0.2267275595E+005   0.1293272441E+006
    458200   0.2231325252E+005   0.1296867475E+006
    458300   0.2226976525E+005   0.1297302347E+006
    458400   0.2212999932E+005   0.1298700007E+006
    458500   0.2240184711E+005   0.1295981529E+006
    458600   0.2252708595E+005   0.1294729140E+006
    458700   0.2197050108E+005   0.1300294989E+006
    458800   0.2230252446E+005   0.1296974755E+006
    458900   0.2224421600E+005   0.1297557840E+006
    459000   0.2199023065E+005   0.1300097694E+006
    459100   0.2250024457E+005   0.1294997554E+006
    459200   0.2272523485E+005   0.1292747652E+006
    459300   0.2244420789E+005   0.1295557921E+006
    459400   0.2296583335E+005   0.1290341666E+006
    459500   0.2245929011E+005   0.1295407099E+006
    459600   0.2279967182E+005   0.1292003282E+006
    459700   0.2259277871E+005   0.1294072213E+006
    459800   0.2286854643E+005   0.1291314536E+006
    459900   0.2243328468E+005   0.1295667153E+006
    460000   0.2272759989E+005   0.1292724001E+006
    460100   0.2279740328E+005   0.1292025967E+006
    460200   0.2230642820E+005   0.1296935718E+006
    460300   0.2201235164E+005   0.1299876484E+006
    460400   0.2288377198E+005   0.1291162280E+006
    460500   0.2269763666E+005   0.1293023633E+006
    460600   0.2250328870E+005   0.1294967113E+006
    460700   0.2278225069E+005   0.1292177493E+006
    460800   0.2241409220E+005   0.1295859078E+006
    460900   0.2227296803E+005   0.1297270320E+006
    461000   0.2295786104E+005   0.1290421390E+006
    461100   0.2196940331E+005   0.1300305967E+006
    461200   0.2244845114E+005   0.1295515489E+006
    461300   0.2210793983E+005   0.1298920602E+006
    461400   0.2209338215E+005   0.1299066178E+006
    461500   0.2226974849E+005   0.1297302515E+006
    461600   0.2234439286E+005   0.1296556071E+006
    461700   0.2223715239E+005   0.1297628476E+006
    461800   0.2225317092E+005   0.1297468291E+006
    461900   0.2223784216E+005   0.1297621578E+006
    462000   0.2201579073E+005   0.1299842093E+006
    462100   0.2224827585E+005   0.1297517241E+006
    462200   0.2236357172E+005   0.1296364283E+006
    462300   0.2224377190E+005   0.1297562281E+006
    462400   0.2251274008E+005   0.1294872599E+006
    462500   0.2222774269E+005   0.1297722573E+006
    462600   0.2274341487E+005   0.1292565851E+006
    462700   0.2268955075E+005   0.1293104493E+006
    462800   0.2283508281E+005   0.1291649172E+006
    462900   0.2215532166E+005   0.1298446783E+006
    463000   0.2260570812E+005   0.1293942919E+006
    463100   0.2274251986E+005   0.1292574801E+006
    463200   0.2245733665E+005   0.1295426633E+006
    463300   0.2232607020E+005   0.1296739298E+006
    463400   0.2250454756E+005   0.1294954524E+006
    463500   0.2248817318E+005   0.1295118268E+006
    463600   0.2254235686E+005   0.1294576431E+006
    463700   0.2264300878E+005   0.1293569912E+006
    463800   0.2323410099E+005   0.1287658990E+006
    463900   0.2290635846E+005   0.1290936415E+006
    464000   0.2324652694E+005   0.1287534731E+006
    464100   0.2323316286E+005   0.1287668371E+006
    464200   0.2288339883E+005   0.1291166012E+006
    464300   0.2295056215E+005   0.1290494379E+006
    464400   0.2308110653E+005   0.1289188935E+006
    464500   0.2283010116E+005   0.1291698988E+006
    464600   0.2329316191E+005   0.1287068381E+006
    464700   0.2298112108E+005   0.1290188789E+006
    464800   0.2363452357E+005   0.1283654764E+006
    464900   0.2315132153E+005   0.1288486785E+006
    465000   0.2301205724E+005   0.1289879428E+006
    465100   0.2312472856E+005   0.1288752714E+006
    465200   0.2315732971E+005   0.1288426703E+006
    465300   0.2313377616E+005   0.1288662238E+006
    465400   0.2261866454E+005   0.1293813355E+006
    465500   0.2265725121E+005   0.1293427488E+006
    465600   0.2262141964E+005   0.1293785804E+006
    465700   0.2350652877E+005   0.1284934712E+006
    465800   0.2303235216E+005   0.1289676478E+006
    465900   0.2328943120E+005   0.1287105688E+006
    466000   0.2299476935E+005   0.1290052306E+006
    466100   0.2306286973E+005   0.1289371303E+006
    466200   0.2277512433E+005   0.1292248757E+006
    466300   0.2337105073E+005   0.1286289493E+006
    466400   0.2334106420E+005   0.1286589358E+006
    466500   0.2306942885E+005   0.1289305711E+006
    466600   0.2292143205E+005   0.1290785679E+006
    466700   0.2295922066E+005   0.1290407793E+006
    466800   0.2293103007E+005   0.1290689699E+006
    466900   0.2252727038E+005   0.1294727296E+006
    467000   0.2243281725E+005   0.1295671827E+006
    467100   0.2294350004E+005   0.1290565000E+006
    467200   0.2285792855E+005   0.1291420714E+006
    467300   0.2295514772E+005   0.1290448523E+006
    467400   0.2278566147E+005   0.1292143385E+006
    467500   0.2285533317E+005   0.1291446668E+006
    467600   0.2300960009E+005   0.1289903999E+006
    467700   0.2281955689E+005   0.1291804431E+006
    467800   0.2219448469E+005   0.1298055153E+006
    467900   0.2245158939E+005   0.1295484106E+006
    468000   0.2258102509E+005   0.1294189749E+006
    468100   0.2278532854E+005   0.1292146715E+006
    468200   0.2228046003E+005   0.1297195400E+006
    468300   0.2268367269E+005   0.1293163273E+006
    468400   0.2260748563E+005   0.1293925144E+006
    468500   0.2248594183E+005   0.1295140582E+006
    468600   0.2239896824E+005   0.1296010318E+006
    468700   0.2272725775E+005   0.1292727423E+006
    468800   0.2202964860E+005   0.1299703514E+006
    468900   0.2263150663E+005   0.1293684934E+006
    469000   0.2227273410E+005   0.1297272659E+006
    469100   0.2219921073E+005   0.1298007893E+006
    469200   0.2242818937E+005   0.1295718106E+006
    469300   0.2264212494E+005   0.1293578751E+006
    469400   0.2205111134E+005   0.1299488887E+006
    469500   0.2244604825E+005   0.1295539517E+006
    469600   0.2207533436E+005   0.1299246656E+006
    469700   0.2223641980E+005   0.1297635802E+006
    469800   0.2233440342E+005   0.1296655966E+006
    469900   0.2241228740E+005   0.1295877126E+006
    470000   0.2216228948E+005   0.1298377105E+006
    470100   0.2215158005E+005   0.1298484199E+006
    470200   0.2220764767E+005   0.1297923523E+006
    470300   0.2238022881E+005   0.1296197712E+006
    470400   0.2209377936E+005   0.1299062206E+006
    470500   0.2264059018E+005   0.1293594098E+006
    470600   0.2256151261E+005   0.1294384874E+006
    470700   0.2250257203E+005   0.1294974280E+006
    470800   0.2257937793E+005   0.1294206221E+006
    470900   0.2168777926E+005   0.1303122207E+006
    471000   0.2210488991E+005   0.1298951101E+006
    471100   0.2216452743E+005   0.1298354726E+006
    471200   0.2226889815E+005   0.1297311018E+006
    471300   0.2208911752E+005   0.1299108825E+006
    471400   0.2275284689E+005   0.1292471531E+006
    471500   0.2238419378E+005   0.1296158062E+006
    471600   0.2239757118E+005   0.1296024288E+006
    471700   0.2229022655E+005   0.1297097734E+006
    471800   0.2271478993E+005   0.1292852101E+006
    471900   0.2201476514E+005   0.1299852349E+006
    472000   0.2207385751E+005   0.1299261425E+006
    472100   0.2212218649E+005   0.1298778135E+006
    472200   0.2191824869E+005   0.1300817513E+006
    472300   0.2169634789E+005   0.1303036521E+006
    472400   0.2243856561E+005   0.1295614344E+006
    472500   0.2243995840E+005   0.1295600416E+006
    472600   0.2213957638E+005   0.1298604236E+006
    472700   0.2207055522E+005   0.1299294448E+006
    472800   0.2232021036E+005   0.1296797896E+006
    472900   0.2195448053E+005   0.1300455195E+006
    473000   0.2190691314E+005   0.1300930869E+006
    473100   0.2222352098E+005   0.1297764790E+006
    473200   0.2182122570E+005   0.1301787743E+006
    473300   0.2172574050E+005   0.1302742595E+006
    473400   0.2209431359E+005   0.1299056864E+006
    473500   0.2171397214E+005   0.1302860279E+006
    473600   0.2225269916E+005   0.1297473008E+006
    473700   0.2272505106E+005   0.1292749489E+006
    473800   0.2225870414E+005   0.1297412959E+006
    473900   0.2216902526E+005   0.1298309747E+006
    474000   0.2238352255E+005   0.1296164774E+006
    474100   0.2224473055E+005   0.1297552695E+006
    474200   0.2219222027E+005   0.1298077797E+006
    474300   0.2238818909E+005   0.1296118109E+006
    474400   0.2218300908E+005   0.1298169909E+006
    474500   0.2215085913E+005   0.1298491409E+006
    474600   0.2188887635E+005   0.1301111237E+006
    474700   0.2177619984E+005   0.1302238002E+006
    474800   0.2202989410E+005   0.1299701059E+006
    474900   0.2166205752E+005   0.1303379425E+006
    475000   0.2178802643E+005   0.1302119736E+006
    475100   0.2166635232E+005   0.1303336477E+006
    475200   0.2191477269E+005   0.1300852273E+006
    475300   0.2190594039E+005   0.1300940596E+006
    475400   0.2155384067E+005   0.1304461593E+006
    475500   0.2224968421E+005   0.1297503158E+006
    475600   0.2173192010E+005   0.1302680799E+006
    475700   0.2231462078E+005   0.1296853792E+006
    475800   0.2151756772E+005   0.1304824323E+006
    475900   0.2204876346E+005   0.1299512365E+006
    476000   0.2177033185E+005   0.1302296681E+006
    476100   0.2217167700E+005   0.1298283230E+006
    476200   0.2200358044E+005   0.1299964196E+006
    476300   0.2206414785E+005   0.1299358522E+006
    476400   0.2200397186E+005   0.1299960281E+006
    476500   0.2169247989E+005   0.1303075201E+006
    476600   0.2159176947E+005   0.1304082305E+006
    476700   0.2206600146E+005   0.1299339985E+006
    476800   0.2152167066E+005   0.1304783293E+006
    476900   0.2232782992E+005   0.1296721701E+006
    477000   0.2198119274E+005   0.1300188073E+006
    477100   0.2144678164E+005   0.1305532184E+006
    477200   0.2204540149E+005   0.1299545985E+006
    477300   0.2178184741E+005   0.1302181526E+006
    477400   0.2214628790E+005   0.1298537121E+006
    477500   0.2184127703E+005   0.1301587230E+006
    477600   0.2236508110E+005   0.1296349189E+006
    477700   0.2210455498E+005   0.1298954450E+006
    477800   0.2244803919E+005   0.1295519608E+006
    477900   0.2170568265E+005   0.1302943173E+006
    478000   0.2210217128E+005   0.1298978287E+006
    478100   0.2202522443E+005   0.1299747756E+006
    478200   0.2219001489E+005   0.1298099851E+006
    478300   0.2222888337E+005   0.1297711166E+006
    478400   0.2190238844E+005   0.1300976116E+006
    478500   0.2185238908E+005   0.1301476109E+006
    478600   0.2183294208E+005   0.1301670579E+006
    478700   0.2244625215E+005   0.1295537479E+006
    478800   0.2170577808E+005   0.1302942219E+006
    478900   0.2186741430E+005   0.1301325857E+006
    479000   0.2254951846E+005   0.1294504815E+006
    479100   0.2179483167E+005   0.1302051683E+006
    479200   0.2238053745E+005   0.1296194626E+006
    479300   0.2223102651E+005   0.1297689735E+006
    479400   0.2205596116E+005   0.1299440388E+006
    479500   0.2168974590E+005   0.1303102541E+006
    479600   0.2196420348E+005   0.1300357965E+006
    479700   0.2158575066E+005   0.1304142493E+006
    479800   0.2180448143E+005   0.1301955186E+006
    479900   0.2196680270E+005   0.1300331973E+006
    480000   0.2163231001E+005   0.1303676900E+006
    480100   0.2172324347E+005   0.1302767565E+006
    480200   0.2174487707E+005   0.1302551229E+006
    480300   0.2183118509E+005   0.1301688149E+006
    480400   0.2214461866E+005   0.1298553813E+006
    480500   0.2157804398E+005   0.1304219560E+006
    480600   0.2191683061E+005   0.1300831694E+006
    480700   0.2191215068E+005   0.1300878493E+006
    480800   0.2222437683E+005   0.1297756232E+006
    480900   0.2222189413E+005   0.1297781059E+006
    481000   0.2169186417E+005   0.1303081358E+006
    481100   0.2199528742E+005   0.1300047126E+006
    481200   0.2184055550E+005   0.1301594445E+006
    481300   0.2226832857E+005   0.1297316714E+006
    481400   0.2182397096E+005   0.1301760290E+006
    481500   0.2207996757E+005   0.1299200324E+006
    481600   0.2203492952E+005   0.1299650705E+006
    481700   0.2204516682E+005   0.1299548332E+006
    481800   0.2249044511E+005   0.1295095549E+006
    481900   0.2200304995E+005   0.1299969500E+006
    482000   0.2241391789E+005   0.1295860821E+006
    482100   0.2198477493E+005   0.1300152251E+006
    482200   0.2204805453E+005   0.1299519455E+006
    482300   0.2230064042E+005   0.1296993596E+006
    482400   0.2221679148E+005   0.1297832085E+006
    482500   0.2170369560E+005   0.1302963044E+006
    482600   0.2223867831E+005   0.1297613217E+006
    482700   0.2255253991E+005   0.1294474601E+006
    482800   0.2223815396E+005   0.1297618460E+006
    482900   0.2231941831E+005   0.1296805817E+006
    483000   0.2236492467E+005   0.1296350753E+006
    483100   0.2227165103E+005   0.1297283490E+006
    483200   0.2259527454E+005   0.1294047255E+006
    483300   0.2248807696E+005   0.1295119230E+006
    483400   0.2268752575E+005   0.1293124742E+006
    483500   0.2264396533E+005   0.1293560347E+006
    483600   0.2257842694E+005   0.1294215731E+006
    483700   0.2304054405E+005   0.1289594559E+006
    483800   0.2277287877E+005   0.1292271212E+006
    483900   0.2289077792E+005   0.1291092221E+006
    484000   0.2310607811E+005   0.1288939219E+006
    484100   0.2295736936E+005   0.1290426306E+006
    484200   0.2269322739E+005   0.1293067726E+006
    484300   0.2296142646E+005   0.1290385735E+006
    484400   0.2246885876E+005   0.1295311412E+006
    484500   0.2275924944E+005   0.1292407506E+006
    484600   0.2254864195E+005   0.1294513580E+006
    484700   0.2262432876E+005   0.1293756712E+006
    484800   0.2262204742E+005   0.1293779526E+006
    484900   0.2223403946E+005   0.1297659605E+006
    485000   0.2193403569E+005   0.1300659643E+006
    485100   0.2206848116E+005   0.1299315188E+006
    485200   0.2259205050E+005   0.1294079495E+006
    485300   0.2252960747E+005   0.1294703925E+006
    485400   0.2237630893E+005   0.1296236911E+006
    485500   0.2194006184E+005   0.1300599382E+006
    485600   0.2258257615E+005   0.1294174239E+006
    485700   0.2229135442E+005   0.1297086456E+006
    485800   0.2223455772E+005   0.1297654423E+006
    485900   0.2203024253E+005   0.1299697575E+006
    486000   0.2211467404E+005   0.1298853260E+006
    486100   0.2216620112E+005   0.1298337989E+006
    486200   0.2244209273E+005   0.1295579073E+006
    486300   0.2208447062E+005   0.1299155294E+006
    486400   0.2183583176E+005   0.1301641682E+006
    486500   0.2157658047E+005   0.1304234195E+006
    486600   0.2162998077E+005   0.1303700192E+006
    486700   0.2223638664E+005   0.1297636134E+006
    486800   0.2235515994E+005   0.1296448401E+006
    486900   0.2263384771E+005   0.1293661523E+006
    487000   0.2229726678E+005   0.1297027332E+006
    487100   0.2230362311E+005   0.1296963769E+006
    487200   0.2259830256E+005   0.1294016974E+006
    487300   0.2306941558E+005   0.1289305844E+006
    487400   0.2243766581E+005   0.1295623342E+006
    487500   0.2210329455E+005   0.1298967054E+006
    487600   0.2251077485E+005   0.1294892251E+006
    487700   0.2222179012E+005   0.1297782099E+006
    487800   0.2244441896E+005   0.1295555810E+006
    487900   0.2276761690E+005   0.1292323831E+006
    488000   0.2248118376E+005   0.1295188162E+006
    488100   0.2235960496E+005   0.1296403950E+006
    488200   0.2261580099E+005   0.1293841990E+006
    488300   0.2278798823E+005   0.1292120118E+006
    488400   0.2223561210E+005   0.1297643879E+006
    488500   0.2260244268E+005   0.1293975573E+006
    488600   0.2207537907E+005   0.1299246209E+006
    488700   0.2272054147E+005   0.1292794585E+006
    488800   0.2266234048E+005   0.1293376595E+006
    488900   0.2235359464E+005   0.1296464054E+006
    489000   0.2251640282E+005   0.1294835972E+006
    489100   0.2295705761E+005   0.1290429424E+006
    489200   0.2218034039E+005   0.1298196596E+006
    489300   0.2250802811E+005   0.1294919719E+006
    489400   0.2180880309E+005   0.1301911969E+006
    489500   0.2189093377E+005   0.1301090662E+006
    489600   0.2226665471E+005   0.1297333453E+006
    489700   0.2201918725E+005   0.1299808127E+006
    489800   0.2209021773E+005   0.1299097823E+006
    489900   0.2229951478E+005   0.1297004852E+006
    490000   0.2230895873E+005   0.1296910413E+006
    490100   0.2233658489E+005   0.1296634151E+006
    490200   0.2161543295E+005   0.1303845671E+006
    490300   0.2214350322E+005   0.1298564968E+006
    490400   0.2263446174E+005   0.1293655383E+006
    490500   0.2225388743E+005   0.1297461126E+006
    490600   0.2219753168E+005   0.1298024683E+006
    490700   0.2202717998E+005   0.1299728200E+006
    490800   0.2215785748E+005   0.1298421425E+006
    490900   0.2168618045E+005   0.1303138196E+006
    491000   0.2172130536E+005   0.1302786946E+006
    491100   0.2209219706E+005   0.1299078029E+006
    491200   0.2218323456E+005   0.1298167654E+006
    491300   0.2223147984E+005   0.1297685202E+006
    491400   0.2220776203E+005   0.1297922380E+006
    491500   0.2208600673E+005   0.1299139933E+006
    491600   0.2176488313E+005   0.1302351169E+006
    491700   0.2216635739E+005   0.1298336426E+006
    491800   0.2244569531E+005   0.1295543047E+006
    491900   0.2215429708E+005   0.1298457029E+006
    492000   0.2223433269E+005   0.1297656673E+006
    492100   0.2272116804E+005   0.1292788320E+006
    492200   0.2234240414E+005   0.1296575959E+006
    492300   0.2303676407E+005   0.1289632359E+006
    492400   0.2323960404E+005   0.1287603960E+006
    492500   0.2319894232E+005   0.1288010577E+006
    492600   0.2307437420E+005   0.1289256258E+006
    492700   0.2224967895E+005   0.1297503210E+006
    492800   0.2237260455E+005   0.1296273954E+006
    492900   0.2246067025E+005   0.1295393297E+006
    493000   0.2218785342E+005   0.1298121466E+006
    493100   0.2253105116E+005   0.1294689488E+006
    493200   0.2208206887E+005   0.1299179311E+006
    493300   0.2239531884E+005   0.1296046812E+006
    493400   0.2258128861E+005   0.1294187114E+006
    493500   0.2245586980E+005   0.1295441302E+006
    493600   0.2255909001E+005   0.1294409100E+006
    493700   0.2271076567E+005   0.1292892343E+006
    493800   0.2266297689E+005   0.1293370231E+006
    493900   0.2260599366E+005   0.1293940063E+006
    494000   0.2251917736E+005   0.1294808226E+006
    494100   0.2288170626E+005   0.1291182937E+006
    494200   0.2211915553E+005   0.1298808445E+006
    494300   0.2272322598E+005   0.1292767740E+006
    494400   0.2292843323E+005   0.1290715668E+006
    494500   0.2296825516E+005   0.1290317448E+006
    494600   0.2234814859E+005   0.1296518514E+006
    494700   0.2278149262E+005   0.1292185074E+006
    494800   0.2266766055E+005   0.1293323394E+006
    494900   0.2275847125E+005   0.1292415287E+006
    495000   0.2262009412E+005   0.1293799059E+006
    495100   0.2262463672E+005   0.1293753633E+006
    495200   0.2240749995E+005   0.1295925000E+006
    495300   0.2267793078E+005   0.1293220692E+006
    495400   0.2273180459E+005   0.1292681954E+006
    495500   0.2279961516E+005   0.1292003848E+006
    495600   0.2292892314E+005   0.1290710769E+006
    495700   0.2274348589E+005   0.1292565141E+006
    495800   0.2251733343E+005   0.1294826666E+006
    495900   0.2290999020E+005   0.1290900098E+006
    496000   0.2259844212E+005   0.1294015579E+006
    496100   0.2233003848E+005   0.1296699615E+006
    496200   0.2262406113E+005   0.1293759389E+006
    496300   0.2249786027E+005   0.1295021397E+006
    496400   0.2282718576E+005   0.1291728142E+006
    496500   0.2271671735E+005   0.1292832826E+006
    496600   0.2297563024E+005   0.1290243698E+006
    496700   0.2240110574E+005   0.1295988943E+006
    496800   0.2236673714E+005   0.1296332629E+006
    496900   0.2238711027E+005   0.1296128897E+006
