# Cycle, ((density(Ib,Tm), Tm=1,N_MolType), Ib=1,N_Box)
       100   0.5730419440E+003   0.3507366647E+002
       200   0.6122218023E+003   0.3087452276E+002
       300   0.6306751977E+003   0.2863750627E+002
       400   0.6580116056E+003   0.2841966795E+002
       500   0.6752447289E+003   0.2794963362E+002
       600   0.7075373785E+003   0.2602094788E+002
       700   0.6992311994E+003   0.2434840087E+002
       800   0.7264678253E+003   0.2453796490E+002
       900   0.7415062379E+003   0.2411466293E+002
      1000   0.7271937729E+003   0.2350177486E+002
      1100   0.7154476193E+003   0.2356505090E+002
      1200   0.7233842416E+003   0.2352203444E+002
      1300   0.7453213947E+003   0.2237657347E+002
      1400   0.7356064960E+003   0.2207887881E+002
      1500   0.7396252985E+003   0.2378104042E+002
      1600   0.7208634636E+003   0.2284498022E+002
      1700   0.7260699569E+003   0.2281775716E+002
      1800   0.7133915690E+003   0.2357637688E+002
      1900   0.7410046640E+003   0.2205259178E+002
      2000   0.7471167361E+003   0.2133321524E+002
      2100   0.7565885139E+003   0.2025408133E+002
      2200   0.7493272568E+003   0.2063183937E+002
      2300   0.7521575222E+003   0.2027332062E+002
      2400   0.7462117079E+003   0.2029955502E+002
      2500   0.7321862560E+003   0.2071055680E+002
      2600   0.7386084040E+003   0.1998673955E+002
      2700   0.7456302303E+003   0.1960852424E+002
      2800   0.7422206235E+003   0.1892801424E+002
      2900   0.7260071898E+003   0.1864959498E+002
      3000   0.7259947593E+003   0.1899891138E+002
      3100   0.7378590366E+003   0.1859823926E+002
      3200   0.7521422300E+003   0.1819095960E+002
      3300   0.7526440650E+003   0.1888434767E+002
      3400   0.7383772442E+003   0.1859603775E+002
      3500   0.7369789702E+003   0.1895051825E+002
      3600   0.7470716929E+003   0.1890751512E+002
      3700   0.7362654128E+003   0.1860503218E+002
      3800   0.7470952653E+003   0.1855953488E+002
      3900   0.7612329890E+003   0.1850240582E+002
      4000   0.7645120050E+003   0.1848950637E+002
      4100   0.7401082004E+003   0.1928503111E+002
      4200   0.7367964049E+003   0.1964738254E+002
      4300   0.7324673929E+003   0.2001463269E+002
      4400   0.7304557879E+003   0.1828078519E+002
      4500   0.7550398654E+003   0.1748300224E+002
      4600   0.7562892234E+003   0.1747821315E+002
      4700   0.7499072089E+003   0.1750287239E+002
      4800   0.7487338309E+003   0.1680891179E+002
      4900   0.7487377079E+003   0.1680889711E+002
      5000   0.7449437984E+003   0.1647331550E+002
      5100   0.7325984154E+003   0.1687156720E+002
      5200   0.7199593625E+003   0.1692295370E+002
      5300   0.7291869409E+003   0.1618265662E+002
      5400   0.7326860463E+003   0.1616913737E+002
      5500   0.7062704424E+003   0.1698105795E+002
      5600   0.7393018185E+003   0.1649473740E+002
      5700   0.7449026665E+003   0.1612310271E+002
      5800   0.7443124410E+003   0.1577454088E+002
      5900   0.7346646603E+003   0.1721375176E+002
      6000   0.7305116086E+003   0.1687990769E+002
      6100   0.7366278783E+003   0.1650502441E+002
      6200   0.7475414542E+003   0.1681343372E+002
      6300   0.7652035214E+003   0.1605039374E+002
      6400   0.7454297440E+003   0.1647148817E+002
      6500   0.7691137657E+003   0.1603690230E+002
      6600   0.7274447492E+003   0.1548523071E+002
      6700   0.7402399276E+003   0.1543806957E+002
      6800   0.7404914563E+003   0.1613951969E+002
      6900   0.7458629554E+003   0.1611955898E+002
      7000   0.7474766296E+003   0.1646382165E+002
      7100   0.7382400361E+003   0.1684929545E+002
      7200   0.7544996959E+003   0.1538771398E+002
      7300   0.7378279321E+003   0.1544681298E+002
      7400   0.7457685738E+003   0.1576926121E+002
      7500   0.7294169425E+003   0.1582997257E+002
      7600   0.7485433908E+003   0.1540847431E+002
      7700   0.7333190229E+003   0.1511113671E+002
      7800   0.7234514077E+003   0.1585292618E+002
      7900   0.7511010705E+003   0.1575013094E+002
      8000   0.7477257734E+003   0.1611271503E+002
      8100   0.7368552033E+003   0.1650414645E+002
      8200   0.7415768522E+003   0.1578452535E+002
      8300   0.7383808056E+003   0.1614745614E+002
      8400   0.7352827020E+003   0.1686092033E+002
      8500   0.7501665441E+003   0.1680350063E+002
      8600   0.7390955517E+003   0.1719603816E+002
      8700   0.7500487581E+003   0.1750232016E+002
      8800   0.7558798729E+003   0.1782809667E+002
      8900   0.7402535586E+003   0.1719144965E+002
      9000   0.7349045823E+003   0.1721278620E+002
      9100   0.7395086822E+003   0.1754411755E+002
      9200   0.7499534050E+003   0.1680430410E+002
      9300   0.7456758797E+003   0.1717018571E+002
      9400   0.7291408792E+003   0.1793669579E+002
      9500   0.7450151130E+003   0.1787112527E+002
      9600   0.7400452439E+003   0.1649189282E+002
      9700   0.7386491317E+003   0.1719781157E+002
      9800   0.7449243721E+003   0.1647338861E+002
      9900   0.7412346693E+003   0.1613673767E+002
     10000   0.7376350344E+003   0.1579906517E+002
     10100   0.7577257982E+003   0.1502612413E+002
     10200   0.7490776814E+003   0.1540659630E+002
     10300   0.7490788519E+003   0.1575734811E+002
     10400   0.7282264782E+003   0.1477679881E+002
     10500   0.7448448707E+003   0.1436639037E+002
     10600   0.7491920117E+003   0.1364740961E+002
     10700   0.7518208384E+003   0.1399137867E+002
     10800   0.7535562496E+003   0.1328124912E+002
     10900   0.7701254711E+003   0.1393432623E+002
     11000   0.7441896611E+003   0.1366334745E+002
     11100   0.7446313666E+003   0.1260160961E+002
     11200   0.7476523760E+003   0.1259262957E+002
     11300   0.7517972194E+003   0.1328662458E+002
     11400   0.7414774901E+003   0.1296509268E+002
     11500   0.7424418522E+003   0.1296211602E+002
     11600   0.7426507265E+003   0.1260754379E+002
     11700   0.7380795719E+003   0.1297565394E+002
     11800   0.7458119343E+003   0.1365815126E+002
     11900   0.7310599436E+003   0.1370640253E+002
     12000   0.7268395096E+003   0.1478181046E+002
     12100   0.7344464053E+003   0.1440178602E+002
     12200   0.7191381258E+003   0.1374710651E+002
     12300   0.7254430304E+003   0.1407956747E+002
     12400   0.7051625061E+003   0.1415269108E+002
     12500   0.7184741114E+003   0.1481252218E+002
     12600   0.7281138673E+003   0.1513013503E+002
     12700   0.7535810168E+003   0.1433753751E+002
     12800   0.7286907486E+003   0.1477512625E+002
     12900   0.7385629626E+003   0.1474014564E+002
     13000   0.7392712650E+003   0.1544157290E+002
     13100   0.7558022598E+003   0.1468162483E+002
     13200   0.7506566124E+003   0.1540106468E+002
     13300   0.7460587228E+003   0.1576821206E+002
     13400   0.7547006971E+003   0.1538702008E+002
     13500   0.7382180921E+003   0.1509354298E+002
     13600   0.7457729720E+003   0.1541826282E+002
     13700   0.7339627306E+003   0.1475630813E+002
     13800   0.7423467559E+003   0.1472702785E+002
     13900   0.7241226550E+003   0.1514492056E+002
     14000   0.7268041466E+003   0.1478193853E+002
     14100   0.7205553087E+003   0.1409674603E+002
     14200   0.7415812800E+003   0.1402473713E+002
     14300   0.7444783345E+003   0.1401518979E+002
     14400   0.7409123070E+003   0.1437963932E+002
     14500   0.7366606021E+003   0.1439415059E+002
     14600   0.7456408889E+003   0.1401138305E+002
     14700   0.7416628078E+003   0.1402446725E+002
     14800   0.7367692651E+003   0.1545067184E+002
     14900   0.7480580687E+003   0.1611149838E+002
     15000   0.7425707491E+003   0.1507814000E+002
     15100   0.7444262270E+003   0.1577412744E+002
     15200   0.7485418905E+003   0.1575927216E+002
     15300   0.7593357377E+003   0.1502074098E+002
     15400   0.7445636471E+003   0.1507115810E+002
     15500   0.7491644681E+003   0.1610745654E+002
     15600   0.7358169365E+003   0.1510213171E+002
     15700   0.7403315027E+003   0.1473399481E+002
     15800   0.7210748287E+003   0.1515634126E+002
     15900   0.7481382677E+003   0.1470725085E+002
     16000   0.7321416055E+003   0.1511540637E+002
     16100   0.7353098645E+003   0.1404570804E+002
     16200   0.7239255031E+003   0.1443881907E+002
     16300   0.7334840822E+003   0.1369831661E+002
     16400   0.7416549403E+003   0.1472941453E+002
     16500   0.7488718267E+003   0.1294249903E+002
     16600   0.7318847225E+003   0.1370364432E+002
     16700   0.7351753114E+003   0.1333891587E+002
     16800   0.7105552600E+003   0.1270917660E+002
     16900   0.7204724913E+003   0.1303226677E+002
     17000   0.7294030191E+003   0.1300314890E+002
     17100   0.7174382524E+003   0.1339787724E+002
     17200   0.7380787706E+003   0.1262138509E+002
     17300   0.7571386842E+003   0.1256497766E+002
     17400   0.7445155168E+003   0.1118336577E+002
     17500   0.7529875647E+003   0.1116091332E+002
     17600   0.7644036193E+003   0.1219165091E+002
     17700   0.7549214765E+003   0.1186429352E+002
     17800   0.7653767432E+003   0.1218899017E+002
     17900   0.7493291504E+003   0.1187978956E+002
     18000   0.7484004228E+003   0.1259041914E+002
     18100   0.7480533508E+003   0.1223757384E+002
     18200   0.7173595537E+003   0.1268673054E+002
     18300   0.7314450271E+003   0.1264183146E+002
     18400   0.7241785266E+003   0.1195298224E+002
     18500   0.7214057473E+003   0.1124778961E+002
     18600   0.7279621942E+003   0.1194158895E+002
     18700   0.7364583019E+003   0.1156107141E+002
     18800   0.7432520959E+003   0.1154202531E+002
     18900   0.7571499688E+003   0.1185819337E+002
     19000   0.7578374249E+003   0.1114832582E+002
     19100   0.7402910196E+003   0.1226021260E+002
     19200   0.7305306930E+003   0.1157803132E+002
     19300   0.7393402147E+003   0.1084147087E+002
     19400   0.7529434205E+003   0.1080616274E+002
     19500   0.7469909095E+003   0.1117674349E+002
     19600   0.7629647775E+003   0.1148901410E+002
     19700   0.7096788606E+003   0.1128238946E+002
     19800   0.7364650133E+003   0.1120526640E+002
     19900   0.7336572930E+003   0.1085667984E+002
     20000   0.7369857781E+003   0.1084773833E+002
     20100   0.7535170916E+003   0.1080470670E+002
     20200   0.7491109088E+003   0.1152592690E+002
     20300   0.7564437147E+003   0.1150619119E+002
     20400   0.7454951905E+003   0.1224497340E+002
     20500   0.7398288132E+003   0.1367744824E+002
     20600   0.7419253425E+003   0.1367064480E+002
     20700   0.7369240213E+003   0.1474587672E+002
     20800   0.7355492621E+003   0.1404489980E+002
     20900   0.7120196825E+003   0.1483680139E+002
     21000   0.7156002019E+003   0.1482326888E+002
     21100   0.7268198362E+003   0.1513490785E+002
     21200   0.7185003510E+003   0.1551937482E+002
     21300   0.7232258772E+003   0.1585380271E+002
     21400   0.7479644295E+003   0.1576134493E+002
     21500   0.7299688735E+003   0.1582787119E+002
     21600   0.7497120771E+003   0.1575508327E+002
     21700   0.7452795787E+003   0.1542001504E+002
     21800   0.7476476799E+003   0.1541162977E+002
     21900   0.7293035426E+003   0.1547825863E+002
     22000   0.7500288042E+003   0.1505223448E+002
     22100   0.7319280157E+003   0.1476353316E+002
     22200   0.7329009369E+003   0.1476007255E+002
     22300   0.7473115832E+003   0.1541281607E+002
     22400   0.7362906260E+003   0.1510043215E+002
     22500   0.7263360846E+003   0.1513669723E+002
     22600   0.7322939591E+003   0.1581905969E+002
     22700   0.7622810726E+003   0.1536116302E+002
     22800   0.7638016216E+003   0.1535604846E+002
     22900   0.7376555337E+003   0.1579898908E+002
     23000   0.7398474831E+003   0.1649264886E+002
     23100   0.7181790757E+003   0.1728191516E+002
     23200   0.7236853944E+003   0.1760955019E+002
     23300   0.7455294378E+003   0.1821770349E+002
     23400   0.7481041502E+003   0.1785874310E+002
     23500   0.7286210264E+003   0.1898718547E+002
     23600   0.7479425779E+003   0.1890386784E+002
     23700   0.7432940128E+003   0.1822686982E+002
     23800   0.7379368528E+003   0.1964230489E+002
     23900   0.7239959466E+003   0.1935695359E+002
     24000   0.7435053107E+003   0.1892255517E+002
     24100   0.7344033334E+003   0.1965809714E+002
     24200   0.7433693648E+003   0.1961836686E+002
     24300   0.7526163448E+003   0.1923166770E+002
     24400   0.7502634038E+003   0.1993526192E+002
     24500   0.7483733139E+003   0.2098192972E+002
     24600   0.7516621580E+003   0.2062143946E+002
     24700   0.7476264940E+003   0.2098532657E+002
     24800   0.7624494502E+003   0.2057435020E+002
     24900   0.7444479450E+003   0.2099987260E+002
     25000   0.7358762403E+003   0.2034633448E+002
     25100   0.7578270812E+003   0.1990283867E+002
     25200   0.7386563796E+003   0.1963911074E+002
     25300   0.7312778904E+003   0.2036764338E+002
     25400   0.7253502296E+003   0.2039557842E+002
     25500   0.7443286901E+003   0.1961418195E+002
     25600   0.7214309357E+003   0.2076218297E+002
     25700   0.7371235033E+003   0.2103394791E+002
     25800   0.7534461808E+003   0.2095906307E+002
     25900   0.7503622408E+003   0.2166334266E+002
     26000   0.7557895819E+003   0.2232690983E+002
     26100   0.7182992635E+003   0.2320418383E+002
     26200   0.7254387561E+003   0.2316622488E+002
     26300   0.7238616598E+003   0.2386408940E+002
     26400   0.7338916349E+003   0.2312239287E+002
     26500   0.7323369043E+003   0.2278558657E+002
     26600   0.7451751994E+003   0.2237727853E+002
     26700   0.7449397606E+003   0.2237841465E+002
     26800   0.7514719408E+003   0.2165821121E+002
     26900   0.7450657446E+003   0.2065101612E+002
     27000   0.7299047772E+003   0.1967846106E+002
     27100   0.7418194328E+003   0.1927760654E+002
     27200   0.7464548390E+003   0.1891010451E+002
     27300   0.7336617243E+003   0.1966143415E+002
     27400   0.7261008653E+003   0.2178010500E+002
     27500   0.7272990435E+003   0.2108091222E+002
     27600   0.7432705563E+003   0.1961879861E+002
     27700   0.7297028597E+003   0.1967938198E+002
     27800   0.7430559913E+003   0.1996687352E+002
     27900   0.7493621547E+003   0.2028559417E+002
     28000   0.7591376969E+003   0.2058864171E+002
     28100   0.7436258489E+003   0.2065755345E+002
     28200   0.7480399626E+003   0.2098344497E+002
     28300   0.7559790774E+003   0.2060240781E+002
     28400   0.7296414953E+003   0.2072261132E+002
     28500   0.7274973458E+003   0.2073284462E+002
     28600   0.7285398351E+003   0.2107489924E+002
     28700   0.7229457632E+003   0.2040706263E+002
     28800   0.7355478958E+003   0.2034784574E+002
     28900   0.7386675173E+003   0.2068029216E+002
     29000   0.7582282969E+003   0.1955492755E+002
     29100   0.7735179724E+003   0.1949259568E+002
     29200   0.7602661852E+003   0.1954645147E+002
     29300   0.7349365517E+003   0.1965570269E+002
     29400   0.7179438874E+003   0.2077930972E+002
     29500   0.7346822638E+003   0.2104548118E+002
     29600   0.7374768350E+003   0.2137843159E+002
     29700   0.7455877192E+003   0.2064865354E+002
     29800   0.7622829945E+003   0.2057506508E+002
     29900   0.7584421603E+003   0.1990023502E+002
     30000   0.7588475832E+003   0.2058990056E+002
     30100   0.7478209997E+003   0.2063858847E+002
     30200   0.7472637258E+003   0.2098697944E+002
     30300   0.7281788070E+003   0.2142336773E+002
     30400   0.7211825818E+003   0.2180489378E+002
     30500   0.7352107003E+003   0.2034939937E+002
     30600   0.7519550137E+003   0.1992794464E+002
     30700   0.7463109241E+003   0.1925830793E+002
     30800   0.7481667747E+003   0.1855511686E+002
     30900   0.7371715977E+003   0.1860116530E+002
     31000   0.7448965643E+003   0.1856864696E+002
     31100   0.7557814241E+003   0.1782848009E+002
     31200   0.7433275841E+003   0.1892330908E+002
     31300   0.7343312313E+003   0.1756516383E+002
     31400   0.7510507752E+003   0.1819533590E+002
     31500   0.7441868697E+003   0.1891966792E+002
     31600   0.7316010886E+003   0.1897399919E+002
     31700   0.7589353699E+003   0.1816405110E+002
     31800   0.7540985789E+003   0.1818315234E+002
     31900   0.7462827459E+003   0.1856289491E+002
     32000   0.7423430057E+003   0.1823078897E+002
     32100   0.7513125696E+003   0.1749740030E+002
     32200   0.7270857528E+003   0.1759520709E+002
     32300   0.7579960016E+003   0.1747170038E+002
     32400   0.7380113597E+003   0.1824878928E+002
     32500   0.7447568851E+003   0.1682405978E+002
     32600   0.7595601335E+003   0.1641954545E+002
     32700   0.7438243430E+003   0.1612709480E+002
     32800   0.7580349470E+003   0.1467427340E+002
     32900   0.7599636062E+003   0.1571902996E+002
     33000   0.7331746785E+003   0.1616726153E+002
     33100   0.7432139597E+003   0.1577853981E+002
     33200   0.7200418970E+003   0.1516023770E+002
     33300   0.7171665095E+003   0.1446328769E+002
     33400   0.7339370283E+003   0.1440355022E+002
     33500   0.7324616313E+003   0.1476163379E+002
     33600   0.7322342402E+003   0.1476244278E+002
     33700   0.7415334367E+003   0.1472983424E+002
     33800   0.7415421537E+003   0.1437750624E+002
     33900   0.7541743771E+003   0.1433560621E+002
     34000   0.7439562457E+003   0.1331094945E+002
     34100   0.7297047511E+003   0.1406481040E+002
     34200   0.7333072853E+003   0.1369890420E+002
     34300   0.7371927876E+003   0.1297842907E+002
     34400   0.7288003468E+003   0.1265010539E+002
     34500   0.7338282109E+003   0.1192419959E+002
     34600   0.7335232211E+003   0.1192509562E+002
     34700   0.7309994293E+003   0.1228805803E+002
     34800   0.7236992938E+003   0.1195443535E+002
     34900   0.7507595041E+003   0.1187580029E+002
     35000   0.7314994259E+003   0.1193106366E+002
     35100   0.7148766036E+003   0.1126688733E+002
     35200   0.7333090921E+003   0.1157004151E+002
     35300   0.7504217133E+003   0.1187674078E+002
     35400   0.7417472884E+003   0.1119083321E+002
     35500   0.7392460884E+003   0.1084172053E+002
     35600   0.7387808046E+003   0.1190977155E+002
     35700   0.7325525329E+003   0.1228334558E+002
     35800   0.7217893038E+003   0.1338309648E+002
     35900   0.7317811421E+003   0.1228568320E+002
     36000   0.7535943944E+003   0.1222174854E+002
     36100   0.7464829844E+003   0.1259609548E+002
     36200   0.7324983894E+003   0.1263855563E+002
     36300   0.7489844744E+003   0.1258869691E+002
     36400   0.7313704127E+003   0.1299684700E+002
     36500   0.7382047751E+003   0.1297526276E+002
     36600   0.7474012271E+003   0.1188519499E+002
     36700   0.7591830327E+003   0.1149893336E+002
     36800   0.7499665350E+003   0.1258580816E+002
     36900   0.7430995740E+003   0.1225195719E+002
     37000   0.7597375053E+003   0.1255754356E+002
     37100   0.7447284811E+003   0.1330852703E+002
     37200   0.7478524202E+003   0.1365165310E+002
     37300   0.7446967222E+003   0.1401447362E+002
     37400   0.7385474028E+003   0.1509237017E+002
     37500   0.7485237421E+003   0.1435414391E+002
     37600   0.7370828399E+003   0.1368642808E+002
     37700   0.7518236021E+003   0.1399136981E+002
     37800   0.7133632072E+003   0.1447729733E+002
     37900   0.7268702461E+003   0.1336610062E+002
     38000   0.7367026905E+003   0.1333399491E+002
     38100   0.7431561673E+003   0.1331346544E+002
     38200   0.7411141344E+003   0.1437895533E+002
     38300   0.7549939615E+003   0.1362923421E+002
     38400   0.7406633419E+003   0.1402778053E+002
     38500   0.7243193456E+003   0.1479097467E+002
     38600   0.7402381371E+003   0.1473431866E+002
     38700   0.7505796146E+003   0.1469902120E+002
     38800   0.7306726841E+003   0.1441492489E+002
     38900   0.7285472927E+003   0.1371485066E+002
     39000   0.7562286793E+003   0.1397734452E+002
     39100   0.7349541352E+003   0.1404691019E+002
     39200   0.7234104834E+003   0.1444066454E+002
     39300   0.7285033752E+003   0.1371499894E+002
     39400   0.7302093614E+003   0.1264568846E+002
     39500   0.7314430327E+003   0.1335104259E+002
     39600   0.7434058119E+003   0.1225106148E+002
     39700   0.7229727172E+003   0.1337911272E+002
     39800   0.7255875839E+003   0.1443288441E+002
     39900   0.7476518554E+003   0.1400483100E+002
     40000   0.7375266615E+003   0.1403824739E+002
     40100   0.7496397696E+003   0.1399839458E+002
     40200   0.7570746602E+003   0.1327058498E+002
     40300   0.7416669056E+003   0.1367148101E+002
     40400   0.7297234367E+003   0.1477141490E+002
     40500   0.7414665559E+003   0.1402511701E+002
     40600   0.7586685807E+003   0.1432109300E+002
     40700   0.7482848588E+003   0.1505823788E+002
     40800   0.7814572578E+003   0.1460009828E+002
     40900   0.7206464337E+003   0.1656838034E+002
     41000   0.7602182617E+003   0.1606782912E+002
     41100   0.7594801689E+003   0.1537064682E+002
     41200   0.7389548473E+003   0.1579417664E+002
     41300   0.7486018478E+003   0.1610951013E+002
     41400   0.7479407966E+003   0.1611192761E+002
     41500   0.7276032801E+003   0.1618882555E+002
     41600   0.7413997121E+003   0.1648672737E+002
     41700   0.7391982651E+003   0.1579327726E+002
     41800   0.7497912710E+003   0.1505305025E+002
     41900   0.7411637298E+003   0.1578604069E+002
     42000   0.7545361036E+003   0.1608803002E+002
     42100   0.7506250713E+003   0.1645212469E+002
     42200   0.7413572647E+003   0.1718709190E+002
     42300   0.7494670110E+003   0.1680613965E+002
     42400   0.7464277525E+003   0.1716726571E+002
     42500   0.7396014699E+003   0.1719403143E+002
     42600   0.7370316080E+003   0.1755414364E+002
     42700   0.7496542505E+003   0.1889672810E+002
     42800   0.7486053441E+003   0.1924855357E+002
     42900   0.7525757618E+003   0.1888462922E+002
     43000   0.7248011318E+003   0.1865493137E+002
     43100   0.7355512159E+003   0.1930499945E+002
     43200   0.7303340748E+003   0.1967650507E+002
     43300   0.7463157627E+003   0.1995248817E+002
     43400   0.7342145579E+003   0.2035399884E+002
     43500   0.6841996794E+003   0.2130574701E+002
     43600   0.7289306457E+003   0.1968290944E+002
     43700   0.7366151021E+003   0.1999573386E+002
     43800   0.7274212626E+003   0.1934135143E+002
     43900   0.7244268026E+003   0.1900595958E+002
     44000   0.7169100948E+003   0.1904025093E+002
     44100   0.7189298749E+003   0.2042644388E+002
     44200   0.7116914064E+003   0.2081051170E+002
     44300   0.7391656401E+003   0.1998423527E+002
     44400   0.7354233812E+003   0.2000113841E+002
     44500   0.7414645898E+003   0.1997394992E+002
     44600   0.7426087269E+003   0.2066218911E+002
     44700   0.7507371834E+003   0.1993320866E+002
     44800   0.7348429420E+003   0.2035109572E+002
     44900   0.7462272336E+003   0.1960593679E+002
     45000   0.7293046804E+003   0.1968119976E+002
     45100   0.7281778830E+003   0.2003444235E+002
     45200   0.7497121625E+003   0.1959092864E+002
     45300   0.7125406369E+003   0.1975989578E+002
     45400   0.7317484935E+003   0.2001793376E+002
     45500   0.7248552794E+003   0.1935302314E+002
     45600   0.7193132526E+003   0.2042458271E+002
     45700   0.7362144460E+003   0.1999754859E+002
     45800   0.7017226207E+003   0.2016291483E+002
     45900   0.7242629022E+003   0.2074841553E+002
     46000   0.7113033993E+003   0.2081246918E+002
     46100   0.7282250064E+003   0.1968614044E+002
     46200   0.7594430105E+003   0.2024182512E+002
     46300   0.7553605014E+003   0.2129560926E+002
     46400   0.7439390902E+003   0.2134796959E+002
     46500   0.7185716475E+003   0.2216485726E+002
     46600   0.7256392915E+003   0.2247447277E+002
     46700   0.7195132622E+003   0.2250621964E+002
     46800   0.7323762737E+003   0.2244027346E+002
     46900   0.7584445787E+003   0.2197062711E+002
     47000   0.7527552248E+003   0.2268507523E+002
     47100   0.7575423134E+003   0.2231874973E+002
     47200   0.7423766112E+003   0.2273536303E+002
     47300   0.7409799562E+003   0.2205271108E+002
     47400   0.7457950441E+003   0.2202963444E+002
     47500   0.7361195434E+003   0.2242158591E+002
     47600   0.7328742406E+003   0.2243777465E+002
     47700   0.7481399560E+003   0.2201852110E+002
     47800   0.7065529721E+003   0.2326858866E+002
     47900   0.7278671278E+003   0.2280846564E+002
     48000   0.7324466241E+003   0.2278502904E+002
     48100   0.7273887618E+003   0.2246552088E+002
     48200   0.7524273855E+003   0.2165380713E+002
     48300   0.7508662103E+003   0.2131599224E+002
     48400   0.7283555082E+003   0.2107579099E+002
     48500   0.7537100239E+003   0.2026654977E+002
     48600   0.7578898854E+003   0.2024848040E+002
     48700   0.7574438332E+003   0.1990446345E+002
     48800   0.7539186491E+003   0.1957302794E+002
     48900   0.7562682331E+003   0.1921647478E+002
     49000   0.7628411557E+003   0.1918955513E+002
     49100   0.7503399622E+003   0.1924122522E+002
     49200   0.7523351121E+003   0.1992630574E+002
     49300   0.7521074281E+003   0.1992728723E+002
     49400   0.7614981784E+003   0.2023306694E+002
     49500   0.7336417677E+003   0.1931345269E+002
     49600   0.7498237720E+003   0.1959045066E+002
     49700   0.7358745590E+003   0.1965150033E+002
     49800   0.7398489964E+003   0.1963383238E+002
     49900   0.7510893607E+003   0.1958504228E+002
     50000   0.7492861937E+003   0.1959275439E+002
     50100   0.7485120675E+003   0.1924894876E+002
     50200   0.7475570026E+003   0.1960019080E+002
     50300   0.7472991060E+003   0.1925409828E+002
     50400   0.7538135937E+003   0.1887953590E+002
     50500   0.7401264175E+003   0.1893696066E+002
     50600   0.7431099612E+003   0.1892423280E+002
     50700   0.7610355983E+003   0.1919689605E+002
     50800   0.7226447243E+003   0.2040850675E+002
     50900   0.7555338180E+003   0.2060435911E+002
     51000   0.7465259658E+003   0.2064441646E+002
     51100   0.7056708146E+003   0.2084117001E+002
     51200   0.7200768612E+003   0.2042088254E+002
     51300   0.7444094622E+003   0.1996088285E+002
     51400   0.7310222193E+003   0.1967337531E+002
     51500   0.7440302127E+003   0.1961548266E+002
     51600   0.7372237584E+003   0.1964547767E+002
     51700   0.7549156740E+003   0.1783185690E+002
     51800   0.7396580905E+003   0.1789288521E+002
     51900   0.7351575879E+003   0.1791145294E+002
     52000   0.7382469148E+003   0.1964092756E+002
     52100   0.7504280972E+003   0.1819783924E+002
     52200   0.7474162066E+003   0.1855821003E+002
     52300   0.7373985351E+003   0.1894870317E+002
     52400   0.7328647835E+003   0.1896844541E+002
     52500   0.7169506296E+003   0.2008760697E+002
     52600   0.7067485426E+003   0.1978810599E+002
     52700   0.7245909226E+003   0.1900522016E+002
     52800   0.7395219709E+003   0.1859118737E+002
     52900   0.7291672870E+003   0.1828631920E+002
     53000   0.7230776548E+003   0.1866259339E+002
     53100   0.7301335534E+003   0.1793249748E+002
     53200   0.7619505016E+003   0.1745674122E+002
     53300   0.7543662291E+003   0.1783400467E+002
     53400   0.7592139118E+003   0.1746707391E+002
     53500   0.7535867049E+003   0.1679068026E+002
     53600   0.7417522108E+003   0.1718553623E+002
     53700   0.7453974397E+003   0.1786958624E+002
     53800   0.7356546938E+003   0.1825868665E+002
     53900   0.7182378035E+003   0.1868434065E+002
     54000   0.7420541162E+003   0.1753389630E+002
     54100   0.7080778853E+003   0.1767746776E+002
     54200   0.7301516175E+003   0.1723205303E+002
     54300   0.7308809896E+003   0.1757938312E+002
     54400   0.7308362433E+003   0.1722925968E+002
     54500   0.7408869398E+003   0.1648868029E+002
     54600   0.7336564582E+003   0.1721781732E+002
     54700   0.7260717218E+003   0.1689784029E+002
     54800   0.7221472675E+003   0.1656229016E+002
     54900   0.7209751879E+003   0.1691874535E+002
     55000   0.7410625702E+003   0.1718825395E+002
     55100   0.7429091258E+003   0.1613049369E+002
     55200   0.7211696679E+003   0.1586182391E+002
     55300   0.7274625770E+003   0.1583744362E+002
     55400   0.7252327885E+003   0.1584602542E+002
     55500   0.7517636003E+003   0.1644792306E+002
     55600   0.7377138202E+003   0.1544722829E+002
     55700   0.7259895395E+003   0.1619514421E+002
     55800   0.7372705527E+003   0.1580041881E+002
     55900   0.7354508303E+003   0.1615856201E+002
     56000   0.7340373670E+003   0.1510853969E+002
     56100   0.7473592101E+003   0.1541264789E+002
     56200   0.7514228431E+003   0.1574898675E+002
     56300   0.7553601282E+003   0.1608507849E+002
     56400   0.7588130489E+003   0.1572301966E+002
     56500   0.7489738099E+003   0.1610815205E+002
     56600   0.7402001036E+003   0.1649130112E+002
     56700   0.7604757342E+003   0.1571725863E+002
     56800   0.7454920987E+003   0.1647125390E+002
     56900   0.7600441133E+003   0.1606844300E+002
     57000   0.7362162747E+003   0.1615565064E+002
     57100   0.7455260665E+003   0.1577013882E+002
     57200   0.7272588811E+003   0.1513328626E+002
     57300   0.7380469233E+003   0.1544601637E+002
     57400   0.7562387095E+003   0.1643155118E+002
     57500   0.7382079137E+003   0.1579694073E+002
     57600   0.7164012949E+003   0.1623337928E+002
     57700   0.7273550435E+003   0.1618979538E+002
     57800   0.7296251268E+003   0.1618095529E+002
     57900   0.7408687140E+003   0.1613810671E+002
     58000   0.7276297407E+003   0.1618872222E+002
     58100   0.7221088197E+003   0.1621047539E+002
     58200   0.7344566121E+003   0.1616235416E+002
     58300   0.7209176081E+003   0.1727033823E+002
     58400   0.7117366939E+003   0.1801254279E+002
     58500   0.7116255205E+003   0.1695801385E+002
     58600   0.7193656873E+003   0.1727688613E+002
     58700   0.7166949788E+003   0.1623219026E+002
     58800   0.7355039048E+003   0.1510325625E+002
     58900   0.7271660686E+003   0.1478062845E+002
     59000   0.7350430480E+003   0.1404660959E+002
     59100   0.7121630257E+003   0.1519039800E+002
     59200   0.7086342101E+003   0.1484974559E+002
     59300   0.7416062576E+003   0.1472958267E+002
     59400   0.7470850810E+003   0.1435891617E+002
     59500   0.7442714770E+003   0.1507217895E+002
     59600   0.7617205756E+003   0.1396012464E+002
     59700   0.7337688931E+003   0.1510950960E+002
     59800   0.7465784018E+003   0.1365570547E+002
     59900   0.7354783878E+003   0.1404513902E+002
     60000   0.7388145147E+003   0.1438677465E+002
     60100   0.7348432198E+003   0.1440041366E+002
     60200   0.7384747434E+003   0.1474045336E+002
     60300   0.7400324308E+003   0.1543881911E+002
     60400   0.7268421231E+003   0.1478180099E+002
     60500   0.7418532732E+003   0.1437645416E+002
     60600   0.7334432628E+003   0.1334452546E+002
     60700   0.7655306779E+003   0.1289346905E+002
     60800   0.7487604411E+003   0.1294283549E+002
     60900   0.7452285978E+003   0.1259982753E+002
     61000   0.7501684452E+003   0.1223150067E+002
     61100   0.7466343664E+003   0.1259564608E+002
     61200   0.7256740544E+003   0.1337007662E+002
     61300   0.7368926927E+003   0.1404037563E+002
     61400   0.7318264521E+003   0.1441089092E+002
     61500   0.7466467239E+003   0.1471230982E+002
     61600   0.7538011235E+003   0.1363294415E+002
     61700   0.7465188175E+003   0.1436080048E+002
     61800   0.7403652484E+003   0.1367570314E+002
     61900   0.7345696375E+003   0.1440135964E+002
     62000   0.7442345378E+003   0.1401598987E+002
     62100   0.7394493500E+003   0.1367868448E+002
     62200   0.7444938320E+003   0.1436756636E+002
     62300   0.7458547130E+003   0.1401068440E+002
     62400   0.7448369774E+003   0.1366127089E+002
     62500   0.7430294277E+003   0.1366708007E+002
     62600   0.7328903342E+003   0.1405391166E+002
     62700   0.7611880924E+003   0.1396178152E+002
     62800   0.7360542109E+003   0.1510128007E+002
     62900   0.7368793148E+003   0.1474603347E+002
     63000   0.7291543094E+003   0.1477345874E+002
     63100   0.7443675437E+003   0.1507184318E+002
     63200   0.7339077347E+003   0.1546116762E+002
     63300   0.7538326929E+003   0.1468815222E+002
     63400   0.7296893770E+003   0.1477153711E+002
     63500   0.7305696011E+003   0.1476838310E+002
     63600   0.7491677354E+003   0.1470377291E+002
     63700   0.7371188487E+003   0.1439257711E+002
     63800   0.7391159058E+003   0.1367977203E+002
     63900   0.7438262758E+003   0.1331135773E+002
     64000   0.7309372234E+003   0.1335269727E+002
     64100   0.7268871010E+003   0.1265613536E+002
     64200   0.7384380469E+003   0.1297453434E+002
     64300   0.7417428631E+003   0.1261027630E+002
     64400   0.7464189946E+003   0.1330324464E+002
     64500   0.7235350227E+003   0.1373191008E+002
     64600   0.7545729217E+003   0.1292543382E+002
     64700   0.7254553931E+003   0.1194912165E+002
     64800   0.7243014131E+003   0.1159620859E+002
     64900   0.7417180791E+003   0.1119091235E+002
     65000   0.7307071275E+003   0.1086468564E+002
     65100   0.7583901323E+003   0.1079244283E+002
     65200   0.7562545617E+003   0.1115241317E+002
     65300   0.7361737002E+003   0.1156187833E+002
     65400   0.7502231796E+003   0.1258505470E+002
     65500   0.7412628959E+003   0.1296575630E+002
     65600   0.7291592866E+003   0.1335853504E+002
     65700   0.7282363908E+003   0.1300690480E+002
     65800   0.7359649682E+003   0.1227307392E+002
     65900   0.7289818000E+003   0.1229421538E+002
     66000   0.7373724854E+003   0.1084670568E+002
     66100   0.7377512500E+003   0.1084569548E+002
     66200   0.7288769779E+003   0.1158282109E+002
     66300   0.7510566651E+003   0.1081096999E+002
     66400   0.7450108219E+003   0.1153716148E+002
     66500   0.7313882107E+003   0.1157555771E+002
     66600   0.7193036489E+003   0.1268040967E+002
     66700   0.7230251894E+003   0.1159997845E+002
     66800   0.7231158312E+003   0.1195620759E+002
     66900   0.7451492008E+003   0.1082620724E+002
     67000   0.7599447799E+003   0.1078856917E+002
     67100   0.7632567270E+003   0.1042594134E+002
     67200   0.7393934047E+003   0.9414223946E+001
     67300   0.7260321349E+003   0.1052019943E+002
     67400   0.7549917467E+003   0.1151006328E+002
     67500   0.7400108967E+003   0.1119555086E+002
     67600   0.7532859394E+003   0.1045011326E+002
     67700   0.7534904731E+003   0.9382075707E+001
     67800   0.7566249870E+003   0.9375119288E+001
     67900   0.7474912966E+003   0.9752235656E+001
     68000   0.7461831807E+003   0.9041457777E+001
     68100   0.7585995417E+003   0.9014640515E+001
     68200   0.7589086808E+003   0.8657539796E+001
     68300   0.7487348624E+003   0.9035860817E+001
     68400   0.7377412290E+003   0.9418086922E+001
     68500   0.7381394828E+003   0.9774555829E+001
     68600   0.7268248886E+003   0.1016045080E+002
     68700   0.7483604617E+003   0.9750194633E+001
     68800   0.7356622288E+003   0.1013783269E+002
     68900   0.7532316075E+003   0.1009472311E+002
     69000   0.7443098530E+003   0.1011631395E+002
     69100   0.7360281997E+003   0.9779687759E+001
     69200   0.7374225561E+003   0.1013340391E+002
     69300   0.7236759655E+003   0.1124124491E+002
     69400   0.7228074189E+003   0.1088650445E+002
     69500   0.7211421330E+003   0.1124855274E+002
     69600   0.7171863581E+003   0.1197441197E+002
     69700   0.7332100851E+003   0.1228135753E+002
     69800   0.7115044904E+003   0.1341837984E+002
     69900   0.7160881845E+003   0.1375777732E+002
     70000   0.7335431318E+003   0.1334420117E+002
     70100   0.7151914189E+003   0.1411591774E+002
     70200   0.7178777705E+003   0.1339637455E+002
     70300   0.7301767963E+003   0.1370936407E+002
     70400   0.7594626302E+003   0.1361545713E+002
     70500   0.7547980323E+003   0.1327747202E+002
     70600   0.7616436675E+003   0.1290468451E+002
     70700   0.7495308178E+003   0.1329359419E+002
     70800   0.7542280430E+003   0.1327920393E+002
     70900   0.7378482545E+003   0.1297637707E+002
     71000   0.7452831968E+003   0.1224558928E+002
     71100   0.7345456096E+003   0.1227733261E+002
     71200   0.7471605221E+003   0.1224014961E+002
     71300   0.7242833651E+003   0.1230871123E+002
     71400   0.7404259456E+003   0.1261425403E+002
     71500   0.7584329846E+003   0.1256126776E+002
     71600   0.7255937144E+003   0.1266023302E+002
     71700   0.7331076372E+003   0.1334561606E+002
     71800   0.7264319311E+003   0.1372201648E+002
     71900   0.7430890886E+003   0.1401975718E+002
     72000   0.7381336950E+003   0.1403621360E+002
     72100   0.7493789451E+003   0.1399923678E+002
     72200   0.7467702617E+003   0.1365509417E+002
     72300   0.7281353134E+003   0.1336191247E+002
     72400   0.7437805098E+003   0.1260415430E+002
     72500   0.7462793116E+003   0.1259670044E+002
     72600   0.7286105937E+003   0.1229535261E+002
     72700   0.7498782347E+003   0.1223233158E+002
     72800   0.7401150577E+003   0.1226073228E+002
     72900   0.7475225293E+003   0.1259301378E+002
     73000   0.7423296383E+003   0.1331607132E+002
     73100   0.7434088353E+003   0.1401870418E+002
     73200   0.7465931508E+003   0.1365565846E+002
     73300   0.7496600688E+003   0.1364593111E+002
     73400   0.7367983552E+003   0.1439367734E+002
     73500   0.7263681848E+003   0.1478351867E+002
     73600   0.7293851844E+003   0.1335779145E+002
     73700   0.7470546563E+003   0.1294800274E+002
     73800   0.7327395974E+003   0.1405442485E+002
     73900   0.7522242759E+003   0.1434196692E+002
     74000   0.7436607554E+003   0.1437036239E+002
     74100   0.7211248144E+003   0.1409473027E+002
     74200   0.7397274126E+003   0.1332432034E+002
     74300   0.7232067950E+003   0.1337832657E+002
     74400   0.7173006175E+003   0.1375352254E+002
     74500   0.7205494140E+003   0.1303201232E+002
     74600   0.7238344049E+003   0.1337622168E+002
     74700   0.7277147272E+003   0.1336330296E+002
     74800   0.7259333309E+003   0.1265915539E+002
     74900   0.7403089945E+003   0.1155022555E+002
     75000   0.7310706767E+003   0.1157647287E+002
     75100   0.7213110512E+003   0.1302949638E+002
     75200   0.7352306783E+003   0.1263011012E+002
     75300   0.7154292440E+003   0.1233664194E+002
     75400   0.7383333009E+003   0.1155577361E+002
     75500   0.7422921100E+003   0.1189967974E+002
     75600   0.7402751144E+003   0.1119483132E+002
     75700   0.7437294479E+003   0.1118547957E+002
     75800   0.7513518074E+003   0.1187415357E+002
     75900   0.7482326064E+003   0.1117344108E+002
     76000   0.7642468554E+003   0.1183904466E+002
     76100   0.7261900491E+003   0.1230280190E+002
     76200   0.7342498116E+003   0.1298769556E+002
     76300   0.7458483577E+003   0.1224394830E+002
     76400   0.7369248685E+003   0.1262491045E+002
     76500   0.7367949319E+003   0.1227059264E+002
     76600   0.7376152104E+003   0.1226814678E+002
     76700   0.7565463171E+003   0.1185984161E+002
     76800   0.7517214313E+003   0.1187312750E+002
     76900   0.7488948237E+003   0.1188100445E+002
     77000   0.7407245517E+003   0.1154906304E+002
     77100   0.7324858130E+003   0.1192815000E+002
     77200   0.7491097096E+003   0.1223453563E+002
     77300   0.7335686961E+003   0.1298985266E+002
     77400   0.7289983833E+003   0.1264948337E+002
     77500   0.7292505300E+003   0.1264869198E+002
     77600   0.7328933100E+003   0.1299199629E+002
     77700   0.7316046313E+003   0.1299609942E+002
     77800   0.7358570392E+003   0.1262818446E+002
     77900   0.7423775728E+003   0.1189943551E+002
     78000   0.7353556700E+003   0.1191972529E+002
     78100   0.7308128113E+003   0.1264380293E+002
     78200   0.7315577978E+003   0.1264148022E+002
     78300   0.7414426820E+003   0.1331887531E+002
     78400   0.7229408047E+003   0.1373395104E+002
     78500   0.7254861279E+003   0.1337070267E+002
     78600   0.7086034236E+003   0.1342855195E+002
     78700   0.7397720315E+003   0.1367763313E+002
     78800   0.7375798177E+003   0.1297721692E+002
     78900   0.7166896886E+003   0.1375566434E+002
     79000   0.7236786839E+003   0.1302171529E+002
     79100   0.7220626944E+003   0.1409141884E+002
     79200   0.7164408742E+003   0.1375653787E+002
     79300   0.7192449211E+003   0.1303633613E+002
     79400   0.7360491199E+003   0.1191770124E+002
     79500   0.7259901180E+003   0.1230341981E+002
     79600   0.7357877448E+003   0.1227360461E+002
     79700   0.7368492296E+003   0.1262514200E+002
     79800   0.7283552431E+003   0.1158433757E+002
     79900   0.7414720159E+003   0.1154697590E+002
     80000   0.7244546895E+003   0.1159575688E+002
     80100   0.7365085003E+003   0.1227144822E+002
     80200   0.7137883542E+003   0.1127011080E+002
     80300   0.7403668265E+003   0.1155006367E+002
     80400   0.7116690571E+003   0.1234875313E+002
     80500   0.7106406459E+003   0.1270889177E+002
     80600   0.7243108742E+003   0.1195258134E+002
     80700   0.7277879331E+003   0.1194211060E+002
     80800   0.7311910170E+003   0.1193197656E+002
     80900   0.7395465066E+003   0.1226241340E+002
     81000   0.7393672754E+003   0.1226294399E+002
     81100   0.7364532101E+003   0.1156108584E+002
     81200   0.7339479748E+003   0.1121223028E+002
     81300   0.7265514807E+003   0.1158960025E+002
     81400   0.7354927414E+003   0.1156381203E+002
     81500   0.7129606686E+003   0.1163026982E+002
     81600   0.7310827336E+003   0.1264296072E+002
     81700   0.7227500108E+003   0.1266930333E+002
     81800   0.7379945345E+003   0.1226701790E+002
     81900   0.7469300961E+003   0.1082158383E+002
     82000   0.7316075718E+003   0.1121875630E+002
     82100   0.7293957785E+003   0.1015380393E+002
     82200   0.7206917247E+003   0.9459180374E+001
     82300   0.7270133145E+003   0.1015996175E+002
     82400   0.7461481301E+003   0.1153403059E+002
     82500   0.7496552951E+003   0.1045910313E+002
     82600   0.7439552924E+003   0.1224945649E+002
     82700   0.7563974372E+003   0.1327262857E+002
     82800   0.7404865676E+003   0.1261407055E+002
     82900   0.7245794503E+003   0.1301877075E+002
     83000   0.7458869521E+003   0.1330490410E+002
     83100   0.7451481288E+003   0.1260006744E+002
     83200   0.7308054797E+003   0.1335312870E+002
     83300   0.7298129075E+003   0.1335638500E+002
     83400   0.7321235955E+003   0.1334882047E+002
     83500   0.7310773510E+003   0.1335223859E+002
     83600   0.7250275850E+003   0.1372680099E+002
     83700   0.7534238368E+003   0.1292884901E+002
     83800   0.7550768967E+003   0.1327662581E+002
     83900   0.7327006696E+003   0.1370092285E+002
     84000   0.7454115039E+003   0.1436449489E+002
     84100   0.7324720645E+003   0.1440864016E+002
     84200   0.7448703622E+003   0.1401390455E+002
     84300   0.7453955978E+003   0.1365948227E+002
     84400   0.7358196665E+003   0.1439704410E+002
     84500   0.7402695882E+003   0.1473420956E+002
     84600   0.7350441477E+003   0.1475248729E+002
     84700   0.7390019135E+003   0.1403331158E+002
     84800   0.7458450089E+003   0.1436304702E+002
     84900   0.7380980755E+003   0.1474176823E+002
     85000   0.7263157720E+003   0.1443029442E+002
     85100   0.7315303959E+003   0.1405855070E+002
     85200   0.7303640510E+003   0.1406254556E+002
     85300   0.7393568438E+003   0.1367898608E+002
     85400   0.7446505948E+003   0.1366186836E+002
     85500   0.7530408803E+003   0.1257682210E+002
     85600   0.7326468519E+003   0.1334711529E+002
     85700   0.7364237127E+003   0.1333489194E+002
     85800   0.7502361861E+003   0.1293838734E+002
     85900   0.7553753023E+003   0.1292305629E+002
     86000   0.7395110191E+003   0.1261702737E+002
     86100   0.7531606444E+003   0.1328245549E+002
     86200   0.7290512257E+003   0.1335889093E+002
     86300   0.7707169753E+003   0.1287871059E+002
     86400   0.7661320113E+003   0.1289174587E+002
     86500   0.7664770815E+003   0.1289075847E+002
     86600   0.7543997512E+003   0.1186572777E+002
     86700   0.7458667289E+003   0.1188952087E+002
     86800   0.7394171774E+003   0.1226279623E+002
     86900   0.7494421866E+003   0.1081510615E+002
     87000   0.7650672277E+003   0.1148354925E+002
     87100   0.7729793974E+003   0.1146329522E+002
     87200   0.7461100450E+003   0.1259720351E+002
     87300   0.7388215579E+003   0.1261912262E+002
     87400   0.7479778666E+003   0.1188357480E+002
     87500   0.7469044344E+003   0.1224088974E+002
     87600   0.7524268813E+003   0.1187117246E+002
     87700   0.7513444815E+003   0.1258176986E+002
     87800   0.7251046482E+003   0.1195018052E+002
     87900   0.7479781548E+003   0.1188357399E+002
     88000   0.7274134432E+003   0.1300956280E+002
     88100   0.7225746332E+003   0.1231403842E+002
     88200   0.7362776502E+003   0.1191703519E+002
     88300   0.7240445749E+003   0.1266516372E+002
     88400   0.7422144812E+003   0.1331643493E+002
     88500   0.7346379701E+003   0.1263193589E+002
     88600   0.7365555735E+003   0.1404150909E+002
     88700   0.7513306586E+003   0.1364067169E+002
     88800   0.7539729161E+003   0.1398450264E+002
     88900   0.7390551222E+003   0.1332646261E+002
     89000   0.7302263627E+003   0.1300050671E+002
     89100   0.7340575588E+003   0.1334253237E+002
     89200   0.7389926259E+003   0.1297280479E+002
     89300   0.7129789242E+003   0.1270112315E+002
     89400   0.7324082830E+003   0.1228378228E+002
     89500   0.7428269204E+003   0.1260701439E+002
     89600   0.7452569642E+003   0.1224566552E+002
     89700   0.7446396890E+003   0.1224746132E+002
     89800   0.7234950977E+003   0.1231116506E+002
     89900   0.7068455006E+003   0.1272163059E+002
     90000   0.7139443359E+003   0.1376534257E+002
     90100   0.6941042199E+003   0.1348090831E+002
     90200   0.7276791709E+003   0.1229821215E+002
     90300   0.7572190396E+003   0.1256474690E+002
     90400   0.7225857998E+003   0.1231400351E+002
     90500   0.7575848559E+003   0.1185700785E+002
     90600   0.7412339987E+003   0.1225743261E+002
     90700   0.7424459556E+003   0.1260815943E+002
     90800   0.7474665465E+003   0.1223926593E+002
     90900   0.7395145928E+003   0.1119690409E+002
     91000   0.7462137358E+003   0.1259689530E+002
     91100   0.7432119069E+003   0.1295974564E+002
     91200   0.7489514807E+003   0.1223499007E+002
     91300   0.7370792438E+003   0.1191470279E+002
     91400   0.7086031555E+003   0.1307231444E+002
     91500   0.7329056788E+003   0.1334627289E+002
     91600   0.7047262057E+003   0.1308574260E+002
     91700   0.7363354489E+003   0.1368888584E+002
     91800   0.7416592875E+003   0.1437711002E+002
     91900   0.7464389171E+003   0.1471301653E+002
     92000   0.7537639300E+003   0.1468838083E+002
     92100   0.7376880097E+003   0.1474320147E+002
     92200   0.7540999195E+003   0.1503834643E+002
     92300   0.7321584365E+003   0.1546763135E+002
     92400   0.7267016501E+003   0.1584036524E+002
     92500   0.7425983832E+003   0.1578078683E+002
     92600   0.7216779247E+003   0.1656419148E+002
     92700   0.7085400006E+003   0.1661862039E+002
     92800   0.7362953650E+003   0.1755713885E+002
     92900   0.7194926882E+003   0.1762745489E+002
     93000   0.6948046932E+003   0.1844285211E+002
     93100   0.7187723276E+003   0.1763055587E+002
     93200   0.7263040559E+003   0.1724786652E+002
     93300   0.7523796655E+003   0.1679518927E+002
     93400   0.7415836102E+003   0.1648602775E+002
     93500   0.7239795662E+003   0.1760830309E+002
     93600   0.7327340575E+003   0.1687102700E+002
     93700   0.7476120457E+003   0.1541175548E+002
     93800   0.7342505388E+003   0.1510777017E+002
     93900   0.7545956249E+003   0.1433423727E+002
     94000   0.7462518550E+003   0.1471365309E+002
     94100   0.7606714798E+003   0.1501629488E+002
     94200   0.7437315192E+003   0.1542553044E+002
     94300   0.7071821951E+003   0.1556404460E+002
     94400   0.7239458398E+003   0.1514558002E+002
     94500   0.7302184033E+003   0.1547484244E+002
     94600   0.7364393234E+003   0.1474757736E+002
     94700   0.7414657982E+003   0.1402511952E+002
     94800   0.7238482276E+003   0.1514594424E+002
     94900   0.7408458533E+003   0.1473221241E+002
     95000   0.7466370013E+003   0.1365551872E+002
     95100   0.7384587437E+003   0.1438798948E+002
     95200   0.7332461171E+003   0.1440594777E+002
     95300   0.7182426671E+003   0.1481338389E+002
     95400   0.7213426775E+003   0.1586114693E+002
     95500   0.7406354616E+003   0.1543664215E+002
     95600   0.7312215053E+003   0.1441300415E+002
     95700   0.7196062831E+003   0.1516188488E+002
     95800   0.7404777020E+003   0.1508552025E+002
     95900   0.7345771953E+003   0.1475413549E+002
     96000   0.7333671671E+003   0.1440552733E+002
     96100   0.7399364177E+003   0.1473536588E+002
     96200   0.7377959560E+003   0.1544692934E+002
     96300   0.7462788985E+003   0.1471356104E+002
     96400   0.7519263534E+003   0.1469450820E+002
     96500   0.7276626238E+003   0.1407185625E+002
     96600   0.7346347665E+003   0.1510638447E+002
     96700   0.7337543547E+003   0.1405097481E+002
     96800   0.7373514384E+003   0.1439177934E+002
     96900   0.7281977590E+003   0.1371603133E+002
     97000   0.7384636206E+003   0.1226562378E+002
     97100   0.7440119216E+003   0.1189477778E+002
     97200   0.7404234164E+003   0.1154990530E+002
     97300   0.7408219926E+003   0.1154879067E+002
     97400   0.7255700458E+003   0.1230471943E+002
     97500   0.7222447080E+003   0.1338156162E+002
     97600   0.7443983301E+003   0.1366267759E+002
     97700   0.7429350476E+003   0.1331416192E+002
     97800   0.7410114991E+003   0.1332024129E+002
     97900   0.7384716122E+003   0.1262018786E+002
     98000   0.7446767161E+003   0.1330868923E+002
     98100   0.7394458746E+003   0.1261722514E+002
     98200   0.7472251689E+003   0.1259389427E+002
     98300   0.7507267005E+003   0.1364256993E+002
     98400   0.7384947225E+003   0.1368180115E+002
     98500   0.7581820453E+003   0.1361938578E+002
     98600   0.7498083831E+003   0.1329273797E+002
     98700   0.7363823829E+003   0.1474777732E+002
     98800   0.7306214347E+003   0.1617709587E+002
     98900   0.7378180590E+003   0.1579838603E+002
     99000   0.7400631178E+003   0.1579008744E+002
     99100   0.7426743561E+003   0.1542931237E+002
     99200   0.7410704178E+003   0.1613735194E+002
     99300   0.7222212609E+003   0.1621002845E+002
     99400   0.7162556591E+003   0.1764144713E+002
     99500   0.7263412917E+003   0.1689674416E+002
     99600   0.7428495961E+003   0.1648122247E+002
     99700   0.7447944667E+003   0.1717361759E+002
     99800   0.7417498529E+003   0.1683563964E+002
     99900   0.7569211405E+003   0.1677831134E+002
    100000   0.7408613078E+003   0.1718904820E+002
    100100   0.7258695611E+003   0.1724966467E+002
    100200   0.7361450881E+003   0.1720780559E+002
    100300   0.7234129818E+003   0.1725987890E+002
    100400   0.7183500848E+003   0.1728118920E+002
    100500   0.7231770259E+003   0.1726086428E+002
    100600   0.7564731890E+003   0.1677996560E+002
    100700   0.7256741499E+003   0.1760114224E+002
    100800   0.7450062165E+003   0.1787116110E+002
    100900   0.7394860916E+003   0.1684442998E+002
    101000   0.7681182275E+003   0.1638916808E+002
    101100   0.7460322834E+003   0.1716880071E+002
    101200   0.7419765453E+003   0.1753420657E+002
    101300   0.7401097520E+003   0.1719201855E+002
    101400   0.7358357933E+003   0.1720904556E+002
    101500   0.7329291634E+003   0.1722075827E+002
    101600   0.7208196300E+003   0.1586319477E+002
    101700   0.7210170439E+003   0.1550966672E+002
    101800   0.7404107354E+003   0.1649049679E+002
    101900   0.7342586553E+003   0.1616311064E+002
    102000   0.7311666442E+003   0.1792814242E+002
    102100   0.7352408140E+003   0.1721143429E+002
    102200   0.7348229845E+003   0.1686273727E+002
    102300   0.7406077280E+003   0.1684006673E+002
    102400   0.7547600543E+003   0.1678631324E+002
    102500   0.7420416217E+003   0.1613372446E+002
    102600   0.7398568359E+003   0.1684298604E+002
    102700   0.7284864876E+003   0.1688805528E+002
    102800   0.7439253882E+003   0.1647715415E+002
    102900   0.7570031261E+003   0.1677800882E+002
    103000   0.7172909488E+003   0.1798786741E+002
    103100   0.7362412867E+003   0.1755735913E+002
    103200   0.7498842180E+003   0.1785166188E+002
    103300   0.7297349804E+003   0.1828387818E+002
    103400   0.7274993944E+003   0.1864302119E+002
    103500   0.7275345218E+003   0.1934083848E+002
    103600   0.7362234180E+003   0.1860521165E+002
    103700   0.7648930390E+003   0.1814090926E+002
    103800   0.7526026082E+003   0.1749239823E+002
    103900   0.7543918186E+003   0.1783390456E+002
    104000   0.7348933247E+003   0.1721283149E+002
    104100   0.7415155785E+003   0.1718646808E+002
    104200   0.7428745086E+003   0.1683129583E+002
    104300   0.7532533366E+003   0.1679192390E+002
    104400   0.7440149641E+003   0.1682690668E+002
    104500   0.7355106816E+003   0.1650934839E+002
    104600   0.7482588376E+003   0.1716018310E+002
    104700   0.7412277643E+003   0.1718760242E+002
    104800   0.7252194820E+003   0.1760305969E+002
    104900   0.7366376103E+003   0.1720583357E+002
    105000   0.7307370944E+003   0.1757997956E+002
    105100   0.7191195836E+003   0.1833027225E+002
    105200   0.7330169913E+003   0.1826985265E+002
    105300   0.7257457559E+003   0.1934896175E+002
    105400   0.7395228902E+003   0.1859118348E+002
    105500   0.7356112051E+003   0.1965267891E+002
    105600   0.7419844091E+003   0.1927689287E+002
    105700   0.7463885524E+003   0.1995216862E+002
    105800   0.7326840900E+003   0.1966584526E+002
    105900   0.7513349387E+003   0.1923703946E+002
    106000   0.7673499117E+003   0.1778420762E+002
    106100   0.7382849762E+003   0.1649863904E+002
    106200   0.7218202843E+003   0.1761748486E+002
    106300   0.7458383580E+003   0.1786781365E+002
    106400   0.7392725553E+003   0.1789446546E+002
    106500   0.7398797124E+003   0.1789197768E+002
    106600   0.7321574334E+003   0.1757410428E+002
    106700   0.7592361755E+003   0.1572155077E+002
    106800   0.7500751472E+003   0.1575378671E+002
    106900   0.7344127456E+003   0.1756482978E+002
    107000   0.7398977933E+003   0.1684282663E+002
    107100   0.7327893263E+003   0.1616874064E+002
    107200   0.7482958041E+003   0.1716004053E+002
    107300   0.7305014804E+003   0.1723062478E+002
    107400   0.7032439080E+003   0.1769922495E+002
    107500   0.7399830695E+003   0.1649213046E+002
    107600   0.7444894098E+003   0.1682508537E+002
    107700   0.7253350987E+003   0.1725188000E+002
    107800   0.7399069468E+003   0.1824088179E+002
    107900   0.7133270675E+003   0.1835627301E+002
    108000   0.7389640573E+003   0.1754631520E+002
    108100   0.7357606287E+003   0.1685903424E+002
    108200   0.7451348837E+003   0.1717229101E+002
    108300   0.7521458427E+003   0.1819094514E+002
    108400   0.7217492852E+003   0.1901807843E+002
    108500   0.7290194511E+003   0.1933413044E+002
    108600   0.7473305310E+003   0.1960116771E+002
    108700   0.7527785835E+003   0.1923098909E+002
    108800   0.7545470784E+003   0.1887652700E+002
    108900   0.7495031139E+003   0.1959182434E+002
    109000   0.7490663768E+003   0.1924660196E+002
    109100   0.7485654521E+003   0.1890126530E+002
    109200   0.7621003897E+003   0.1884593329E+002
    109300   0.7614027638E+003   0.1850173477E+002
    109400   0.7425566909E+003   0.1857841329E+002
    109500   0.7355986276E+003   0.1930479021E+002
    109600   0.7355851552E+003   0.1930484966E+002
    109700   0.7374213185E+003   0.1929676995E+002
    109800   0.7330547414E+003   0.1861882279E+002
    109900   0.7555078895E+003   0.1852524047E+002
    110000   0.7567583242E+003   0.1852021877E+002
    110100   0.7643958264E+003   0.1779536470E+002
    110200   0.7693974950E+003   0.1847052387E+002
    110300   0.7565927252E+003   0.1817326706E+002
    110400   0.7573851304E+003   0.1886494860E+002
    110500   0.7487700586E+003   0.1890041150E+002
    110600   0.7512493283E+003   0.1889010881E+002
    110700   0.7556263863E+003   0.1921913268E+002
    110800   0.7417411907E+003   0.1893005717E+002
    110900   0.7306933486E+003   0.2002279257E+002
    111000   0.7505401207E+003   0.2028040915E+002
    111100   0.7438620597E+003   0.1996330268E+002
    111200   0.7525515877E+003   0.1957881994E+002
    111300   0.7380539305E+003   0.1894587269E+002
    111400   0.7531152056E+003   0.1818707081E+002
    111500   0.7364605499E+003   0.1790604999E+002
    111600   0.7389368147E+003   0.1649613648E+002
    111700   0.7551958515E+003   0.1608566630E+002
    111800   0.7344208925E+003   0.1616249063E+002
    111900   0.7279916453E+003   0.1724090637E+002
    112000   0.7352932914E+003   0.1686087851E+002
    112100   0.7370759350E+003   0.1615238938E+002
    112200   0.7425823641E+003   0.1648223520E+002
    112300   0.7408489621E+003   0.1648882506E+002
    112400   0.7411533870E+003   0.1613704161E+002
    112500   0.7320136155E+003   0.1546816810E+002
    112600   0.7441534060E+003   0.1542402468E+002
    112700   0.7555306067E+003   0.1433120522E+002
    112800   0.7244118344E+003   0.1479063702E+002
    112900   0.7431386847E+003   0.1401959378E+002
    113000   0.7444579497E+003   0.1507152730E+002
    113100   0.7230882856E+003   0.1550173666E+002
    113200   0.7372102678E+003   0.1474487361E+002
    113300   0.7054868721E+003   0.1486191128E+002
    113400   0.7204563853E+003   0.1409709655E+002
    113500   0.7457237916E+003   0.1471545208E+002
    113600   0.7534240612E+003   0.1504063987E+002
    113700   0.7454263064E+003   0.1436444542E+002
    113800   0.7446407716E+003   0.1436707395E+002
    113900   0.7490582197E+003   0.1505557160E+002
    114000   0.7416017852E+003   0.1508155057E+002
    114100   0.7368948319E+003   0.1439334603E+002
    114200   0.7531356815E+003   0.1398717219E+002
    114300   0.7606922990E+003   0.1325974053E+002
    114400   0.7477667413E+003   0.1294584229E+002
    114500   0.7549569239E+003   0.1292429525E+002
    114600   0.7427194616E+003   0.1331484144E+002
    114700   0.7557772105E+003   0.1433040697E+002
    114800   0.7242610262E+003   0.1443761846E+002
    114900   0.7356087574E+003   0.1333751693E+002
    115000   0.7518267057E+003   0.1258036072E+002
    115100   0.7468185324E+003   0.1259509966E+002
    115200   0.7462020594E+003   0.1153388240E+002
    115300   0.7366450495E+003   0.1156054233E+002
    115400   0.7487845670E+003   0.1152681580E+002
    115500   0.7597254676E+003   0.1185119567E+002
    115600   0.7539188972E+003   0.1186705174E+002
    115700   0.7430778317E+003   0.1189743689E+002
    115800   0.7281104056E+003   0.1158505010E+002
    115900   0.7357462611E+003   0.1191858467E+002
    116000   0.7241608879E+003   0.1195303568E+002
    116100   0.7334461112E+003   0.1192532230E+002
    116200   0.7240545839E+003   0.1302048544E+002
    116300   0.7261412843E+003   0.1265849612E+002
    116400   0.7115630871E+003   0.1341817540E+002
    116500   0.7046435107E+003   0.1344259722E+002
    116600   0.7229669524E+003   0.1266860839E+002
    116700   0.7162841163E+003   0.1304621909E+002
    116800   0.7242868868E+003   0.1337470682E+002
    116900   0.7239613860E+003   0.1302079022E+002
    117000   0.7313043258E+003   0.1264226987E+002
    117100   0.7344054539E+003   0.1263265308E+002
    117200   0.7330684833E+003   0.1334574337E+002
    117300   0.7287228789E+003   0.1335997310E+002
    117400   0.7313372102E+003   0.1405921134E+002
    117500   0.7195793648E+003   0.1445449048E+002
    117600   0.7186766861E+003   0.1339364866E+002
    117700   0.7259060703E+003   0.1301444984E+002
    117800   0.7241661454E+003   0.1266477588E+002
    117900   0.6977352331E+003   0.1382433008E+002
    118000   0.7174238905E+003   0.1481643759E+002
    118100   0.7328800723E+003   0.1440722015E+002
    118200   0.7072272722E+003   0.1450027560E+002
    118300   0.7223615295E+003   0.1409036585E+002
    118400   0.7329930069E+003   0.1299167957E+002
    118500   0.7440155626E+003   0.1224928061E+002
    118600   0.7187846111E+003   0.1374833787E+002
    118700   0.7381546899E+003   0.1509376892E+002
    118800   0.7336952262E+003   0.1475725532E+002
    118900   0.7297731108E+003   0.1547650395E+002
    119000   0.7457372509E+003   0.1471540619E+002
    119100   0.7480403741E+003   0.1541024528E+002
    119200   0.7553149764E+003   0.1538490215E+002
    119300   0.7405831221E+003   0.1578817372E+002
    119400   0.7431573652E+003   0.1612957082E+002
    119500   0.7427885420E+003   0.1613094224E+002
    119600   0.7565423063E+003   0.1573093533E+002
    119700   0.7426906932E+003   0.1542925383E+002
    119800   0.7256827120E+003   0.1549187869E+002
    119900   0.7174910491E+003   0.1516991676E+002
    120000   0.7392406430E+003   0.1508990529E+002
    120100   0.7259447809E+003   0.1513814670E+002
    120200   0.7217512320E+003   0.1409251741E+002
    120300   0.7364001189E+003   0.1298091634E+002
    120400   0.7337466871E+003   0.1263468793E+002
    120500   0.7495540185E+003   0.1329352260E+002
    120600   0.7306317999E+003   0.1228917696E+002
    120700   0.7314617546E+003   0.1264177935E+002
    120800   0.7358841875E+003   0.1298253865E+002
    120900   0.7483871138E+003   0.1259045842E+002
    121000   0.7600328522E+003   0.1290937171E+002
    121100   0.7276221138E+003   0.1300888815E+002
    121200   0.7354323931E+003   0.1156398361E+002
    121300   0.7589668033E+003   0.1149950403E+002
    121400   0.7424842524E+003   0.1118883880E+002
    121500   0.7554114110E+003   0.1150894232E+002
    121600   0.7609494617E+003   0.1149428574E+002
    121700   0.7445138458E+003   0.1082786301E+002
    121800   0.7424764255E+003   0.1083319520E+002
    121900   0.7518068160E+003   0.1009813061E+002
    122000   0.7453174991E+003   0.1046997946E+002
    122100   0.7374883676E+003   0.1084639648E+002
    122200   0.7368196455E+003   0.1084818236E+002
    122300   0.7495710265E+003   0.9747361221E+001
    122400   0.7503230456E+003   0.1010169539E+002
    122500   0.7426845946E+003   0.9763624955E+001
    122600   0.7265462398E+003   0.9803172030E+001
    122700   0.7433036935E+003   0.1047507968E+002
    122800   0.7394907936E+003   0.1048482623E+002
    122900   0.7375575224E+003   0.1048981357E+002
    123000   0.7448552694E+003   0.1011497651E+002
    123100   0.7414301156E+003   0.1083594696E+002
    123200   0.7189576958E+003   0.1196893642E+002
    123300   0.7416784288E+003   0.1154640040E+002
    123400   0.7372939731E+003   0.1226910386E+002
    123500   0.7445909501E+003   0.1295551508E+002
    123600   0.7485061989E+003   0.1329676136E+002
    123700   0.7518415625E+003   0.1258031734E+002
    123800   0.7442991133E+003   0.1330987318E+002
    123900   0.7256369633E+003   0.1301532483E+002
    124000   0.7362262258E+003   0.1262705125E+002
    124100   0.7221032239E+003   0.1195929138E+002
    124200   0.7258573051E+003   0.1194790980E+002
    124300   0.7354806214E+003   0.1227452499E+002
    124400   0.7349310713E+003   0.1298554271E+002
    124500   0.7412187745E+003   0.1261185731E+002
    124600   0.7217451967E+003   0.1373806963E+002
    124700   0.7614335485E+003   0.1431226356E+002
    124800   0.7411368726E+003   0.1437887830E+002
    124900   0.7467927973E+003   0.1365502239E+002
    125000   0.7563711611E+003   0.1432848688E+002
    125100   0.7472814903E+003   0.1365346710E+002
    125200   0.7295758182E+003   0.1406525388E+002
    125300   0.7589889332E+003   0.1502189834E+002
    125400   0.7277618506E+003   0.1513143140E+002
    125500   0.7373155170E+003   0.1544867911E+002
    125600   0.7418059250E+003   0.1437661420E+002
    125700   0.7463426379E+003   0.1436138742E+002
    125800   0.7384511605E+003   0.1403515154E+002
    125900   0.7436333408E+003   0.1472260316E+002
    126000   0.7218041572E+003   0.1480019605E+002
    126100   0.7454588493E+003   0.1471635580E+002
    126200   0.7391360806E+003   0.1579350695E+002
    126300   0.7333674700E+003   0.1511096137E+002
    126400   0.7324934095E+003   0.1511412893E+002
    126500   0.7581800023E+003   0.1432266102E+002
    126600   0.7437574740E+003   0.1401755725E+002
    126700   0.7513267725E+003   0.1469651509E+002
    126800   0.7455296512E+003   0.1541912660E+002
    126900   0.7406062380E+003   0.1613908961E+002
    127000   0.7301106133E+003   0.1688151679E+002
    127100   0.7283684130E+003   0.1653735997E+002
    127200   0.7449160012E+003   0.1577234955E+002
    127300   0.7435967232E+003   0.1577714482E+002
    127400   0.7415685691E+003   0.1613548994E+002
    127500   0.7315516282E+003   0.1582186579E+002
    127600   0.7277269543E+003   0.1477860119E+002
    127700   0.7346993161E+003   0.1545825457E+002
    127800   0.7199288034E+003   0.1516066511E+002
    127900   0.7346155110E+003   0.1369456414E+002
    128000   0.7139280953E+003   0.1376540009E+002
    128100   0.7399553108E+003   0.1403013406E+002
    128200   0.7482112659E+003   0.1400301569E+002
    128300   0.7422275035E+003   0.1366966798E+002
    128400   0.7345239979E+003   0.1475432342E+002
    128500   0.7320020162E+003   0.1405693960E+002
    128600   0.7406566467E+003   0.1367475643E+002
    128700   0.7422707161E+003   0.1296264359E+002
    128800   0.7271255026E+003   0.1336525418E+002
    128900   0.7336166625E+003   0.1192482100E+002
    129000   0.7367931343E+003   0.1156012301E+002
    129100   0.7293766299E+003   0.1193736572E+002
    129200   0.7313202717E+003   0.1121956082E+002
    129300   0.7371428104E+003   0.1084731884E+002
    129400   0.7405714855E+003   0.1154949106E+002
    129500   0.7306436205E+003   0.1086485882E+002
    129600   0.7312164674E+003   0.1050639099E+002
    129700   0.7442787580E+003   0.1082847651E+002
    129800   0.7367280920E+003   0.1084842716E+002
    129900   0.7255845991E+003   0.1052140240E+002
    130000   0.7166130240E+003   0.1161916055E+002
    130100   0.7199896883E+003   0.1160900872E+002
    130200   0.7449342783E+003   0.1047094751E+002
    130300   0.7508113432E+003   0.9388075814E+001
    130400   0.7317979677E+003   0.9790075823E+001
    130500   0.7365724498E+003   0.1013553956E+002
    130600   0.7388099215E+003   0.1119882914E+002
    130700   0.7209911176E+003   0.1231900192E+002
    130800   0.7250442668E+003   0.1301725468E+002
    130900   0.7486227139E+003   0.1223593503E+002
    131000   0.7452240717E+003   0.1259984102E+002
    131100   0.7243536770E+003   0.1230849266E+002
    131200   0.7309570516E+003   0.1193266972E+002
    131300   0.7453317689E+003   0.1189103390E+002
    131400   0.7458687915E+003   0.1224388902E+002
    131500   0.7342730406E+003   0.1227815266E+002
    131600   0.7334810407E+003   0.1192521961E+002
    131700   0.7436097892E+003   0.1118580180E+002
    131800   0.7417378235E+003   0.1190126532E+002
    131900   0.7417938419E+003   0.1225578607E+002
    132000   0.7342990328E+003   0.1298753985E+002
    132100   0.7517073964E+003   0.1293397328E+002
    132200   0.7597177647E+003   0.1291029128E+002
    132300   0.7406811315E+003   0.1367467692E+002
    132400   0.7476326481E+003   0.1259268793E+002
    132500   0.7499261493E+003   0.1223219434E+002
    132600   0.7441495436E+003   0.1189438667E+002
    132700   0.7506979559E+003   0.1187597158E+002
    132800   0.7620925582E+003   0.1184481314E+002
    132900   0.7530246185E+003   0.1257686941E+002
    133000   0.7478232926E+003   0.1223823686E+002
    133100   0.7367549188E+003   0.1227071211E+002
    133200   0.7170776239E+003   0.1268765055E+002
    133300   0.7321596759E+003   0.1334870280E+002
    133400   0.7410881858E+003   0.1402637087E+002
    133500   0.7333809907E+003   0.1440547933E+002
    133600   0.7287832990E+003   0.1512767377E+002
    133700   0.7346139769E+003   0.1545856827E+002
    133800   0.7284024293E+003   0.1548163336E+002
    133900   0.7444595467E+003   0.1542293329E+002
    134000   0.7552071425E+003   0.1503459958E+002
    134100   0.7345434933E+003   0.1475425454E+002
    134200   0.7285377270E+003   0.1442242915E+002
    134300   0.7439500934E+003   0.1472151657E+002
    134400   0.7256639061E+003   0.1584436134E+002
    134500   0.7323886606E+003   0.1546677859E+002
    134600   0.7282314777E+003   0.1512970223E+002
    134700   0.7378484454E+003   0.1614946633E+002
    134800   0.7446216650E+003   0.1577341767E+002
    134900   0.7581928729E+003   0.1502455962E+002
    135000   0.7533893093E+003   0.1504075793E+002
    135100   0.7446989627E+003   0.1507068563E+002
    135200   0.7612745753E+003   0.1501429341E+002
    135300   0.7426317736E+003   0.1402126508E+002
    135400   0.7394340698E+003   0.1367873429E+002
    135500   0.7386828191E+003   0.1473972770E+002
    135600   0.7259609410E+003   0.1549082644E+002
    135700   0.7330190281E+003   0.1546444690E+002
    135800   0.7328491898E+003   0.1616851074E+002
    135900   0.7383346008E+003   0.1544497076E+002
    136000   0.7539827117E+003   0.1538950069E+002
    136100   0.7343044213E+003   0.1616293571E+002
    136200   0.7310040649E+003   0.1722857589E+002
    136300   0.7053283345E+003   0.1768980004E+002
    136400   0.7507741207E+003   0.1715051978E+002
    136500   0.7372496519E+003   0.1720338731E+002
    136600   0.7480410637E+003   0.1820748084E+002
    136700   0.7329616755E+003   0.1827008782E+002
    136800   0.7314029536E+003   0.1932342977E+002
    136900   0.7190010074E+003   0.1938001778E+002
    137000   0.7286462701E+003   0.1793879264E+002
    137100   0.7327706369E+003   0.1827090033E+002
    137200   0.7289956708E+003   0.1898552079E+002
    137300   0.7316303348E+003   0.1932241321E+002
    137400   0.7322344210E+003   0.1827318356E+002
    137500   0.7310119780E+003   0.1792879351E+002
    137600   0.7313567404E+003   0.1862617341E+002
    137700   0.7355771289E+003   0.1895660031E+002
    137800   0.7304633092E+003   0.1828075296E+002
    137900   0.7506616748E+003   0.1819689963E+002
    138000   0.7601245220E+003   0.1746362605E+002
    138100   0.7339399466E+003   0.1826593488E+002
    138200   0.7351738109E+003   0.1756171510E+002
    138300   0.7462793845E+003   0.1751710945E+002
    138400   0.7525286437E+003   0.1749268448E+002
    138500   0.7452121987E+003   0.1717198992E+002
    138600   0.7472064303E+003   0.1681470729E+002
    138700   0.7282502060E+003   0.1688900936E+002
    138800   0.7326722279E+003   0.1827131907E+002
    138900   0.7376298095E+003   0.1755171517E+002
    139000   0.7242396115E+003   0.1760720165E+002
    139100   0.7262559249E+003   0.1864849700E+002
    139200   0.7466326099E+003   0.1786462673E+002
    139300   0.7249640871E+003   0.1795450845E+002
    139400   0.7352456516E+003   0.1721141485E+002
    139500   0.7385747406E+003   0.1684798664E+002
    139600   0.7235467737E+003   0.1655663792E+002
    139700   0.7411154388E+003   0.1613718354E+002
    139800   0.7407827110E+003   0.1578744003E+002
    139900   0.7453831989E+003   0.1541964682E+002
    140000   0.7401191408E+003   0.1508678948E+002
    140100   0.7476440554E+003   0.1576249652E+002
    140200   0.7393168724E+003   0.1544140771E+002
    140300   0.7465074037E+003   0.1576659157E+002
    140400   0.7424286523E+003   0.1578140717E+002
    140500   0.7541366525E+003   0.1538896837E+002
    140600   0.7391588918E+003   0.1579342269E+002
    140700   0.7504606430E+003   0.1575241166E+002
    140800   0.7270260369E+003   0.1513414597E+002
    140900   0.7596864432E+003   0.1466886812E+002
    141000   0.7539162267E+003   0.1503896929E+002
    141100   0.7422654735E+003   0.1437506185E+002
    141200   0.7277477800E+003   0.1442521891E+002
    141300   0.7331935749E+003   0.1511159085E+002
    141400   0.7239406462E+003   0.1479235826E+002
    141500   0.7455538194E+003   0.1471603177E+002
    141600   0.7145201999E+003   0.1518129239E+002
    141700   0.7268918818E+003   0.1478162081E+002
    141800   0.7310019404E+003   0.1511955453E+002
    141900   0.7418227382E+003   0.1437655737E+002
    142000   0.7339258407E+003   0.1475643870E+002
    142100   0.7367722113E+003   0.1474640908E+002
    142200   0.7364907582E+003   0.1474739677E+002
    142300   0.7355273855E+003   0.1439805161E+002
    142400   0.7498047419E+003   0.1540404573E+002
    142500   0.7498038558E+003   0.1575475538E+002
    142600   0.7382882456E+003   0.1579664314E+002
    142700   0.7120521035E+003   0.1554461875E+002
    142800   0.7164309974E+003   0.1588051609E+002
    142900   0.7252729838E+003   0.1619796051E+002
    143000   0.7398405168E+003   0.1579090762E+002
    143100   0.7376373854E+003   0.1650113043E+002
    143200   0.7444447705E+003   0.1647519493E+002
    143300   0.7432671000E+003   0.1542719031E+002
    143400   0.7676215018E+003   0.1604203214E+002
    143500   0.7244293884E+003   0.1620128452E+002
    143600   0.7457940209E+003   0.1576916915E+002
    143700   0.7248110231E+003   0.1584765566E+002
    143800   0.7547980566E+003   0.1643679697E+002
    143900   0.7296822345E+003   0.1618073374E+002
    144000   0.7414017307E+003   0.1578516745E+002
    144100   0.7463081080E+003   0.1646819227E+002
    144200   0.7367202385E+003   0.1685525591E+002
    144300   0.7331534407E+003   0.1757000017E+002
    144400   0.7258794742E+003   0.1760027726E+002
    144500   0.7393169772E+003   0.1789428328E+002
    144600   0.7298638694E+003   0.1863266911E+002
    144700   0.7302947137E+003   0.1932839503E+002
    144800   0.7410747664E+003   0.1997568873E+002
    144900   0.7393098611E+003   0.1928850861E+002
    145000   0.7278004622E+003   0.1933963476E+002
    145100   0.7246305087E+003   0.1900504187E+002
    145200   0.7266658278E+003   0.1864668950E+002
    145300   0.7323828308E+003   0.1897056089E+002
    145400   0.7453657587E+003   0.1856669721E+002
    145500   0.7451272241E+003   0.1856768809E+002
    145600   0.7500736235E+003   0.1889498460E+002
    145700   0.7268719184E+003   0.1969235653E+002
    145800   0.7251639367E+003   0.2004852525E+002
    145900   0.7345040254E+003   0.2000532174E+002
    146000   0.7389888848E+003   0.1998502915E+002
    146100   0.7385014236E+003   0.1894394345E+002
    146200   0.7401519017E+003   0.1893685144E+002
    146300   0.7602582240E+003   0.1920006912E+002
    146400   0.7515762195E+003   0.1923602636E+002
    146500   0.7422337611E+003   0.1857976681E+002
    146600   0.7174509622E+003   0.1903775532E+002
    146700   0.7167099758E+003   0.1869127739E+002
    146800   0.7282889445E+003   0.1829010477E+002
    146900   0.7256038042E+003   0.1865137751E+002
    147000   0.7567217454E+003   0.1852036540E+002
    147100   0.7387236828E+003   0.1824581224E+002
    147200   0.7671599215E+003   0.1813221350E+002
    147300   0.7491068372E+003   0.1785474952E+002
    147400   0.7171776053E+003   0.1868915054E+002
    147500   0.7553552706E+003   0.1817816208E+002
    147600   0.7412506253E+003   0.1753711387E+002
    147700   0.7454187597E+003   0.1752051065E+002
    147800   0.7564193963E+003   0.1747771523E+002
    147900   0.7193019970E+003   0.1762827506E+002
    148000   0.7149351022E+003   0.1869937952E+002
    148100   0.7108697332E+003   0.1801643532E+002
    148200   0.7205420150E+003   0.1832396247E+002
    148300   0.7387146355E+003   0.1824585001E+002
    148400   0.7322036363E+003   0.1827331477E+002
    148500   0.7494153924E+003   0.1820192097E+002
    148600   0.7615970127E+003   0.1815366023E+002
    148700   0.7368216163E+003   0.1860265742E+002
    148800   0.7295712123E+003   0.1828458191E+002
    148900   0.7464346045E+003   0.1786542048E+002
    149000   0.7480015676E+003   0.1751033080E+002
    149100   0.7271192933E+003   0.1724449949E+002
    149200   0.7408950675E+003   0.1683895144E+002
    149300   0.7423526354E+003   0.1753270295E+002
    149400   0.7396361688E+003   0.1754360366E+002
    149500   0.7484626080E+003   0.1715939742E+002
    149600   0.7396499538E+003   0.1824195107E+002
    149700   0.7385068139E+003   0.1719837745E+002
    149800   0.7280739686E+003   0.1688972147E+002
    149900   0.7310492721E+003   0.1722839175E+002
    150000   0.7403301947E+003   0.1649080428E+002
    150100   0.7342423651E+003   0.1721545307E+002
    150200   0.7235102672E+003   0.1690830364E+002
    150300   0.7358515278E+003   0.1720898245E+002
    150400   0.7349568584E+003   0.1686220788E+002
    150500   0.7381933478E+003   0.1614816359E+002
    150600   0.7265330511E+003   0.1619301238E+002
    150700   0.7314649942E+003   0.1617383781E+002
    150800   0.7147912693E+003   0.1694458223E+002
    150900   0.7193188988E+003   0.1657379224E+002
    151000   0.7320173430E+003   0.1582010455E+002
    151100   0.7406715571E+003   0.1543651198E+002
    151200   0.7502526726E+003   0.1540247724E+002
    151300   0.7444994538E+003   0.1471963462E+002
    151400   0.7368213070E+003   0.1439359851E+002
    151500   0.7320286767E+003   0.1441018541E+002
    151600   0.7259726689E+003   0.1407772237E+002
    151700   0.7416759353E+003   0.1402442380E+002
    151800   0.7564417354E+003   0.1362474978E+002
    151900   0.7292383672E+003   0.1371252026E+002
    152000   0.7465001737E+003   0.1436086257E+002
    152100   0.7393595473E+003   0.1508948305E+002
    152200   0.7540630299E+003   0.1538922292E+002
    152300   0.7599568928E+003   0.1501867116E+002
    152400   0.7416254977E+003   0.1367161505E+002
    152500   0.7438291513E+003   0.1331134869E+002
    152600   0.7607013755E+003   0.1325971347E+002
    152700   0.7359765078E+003   0.1369006829E+002
    152800   0.7454992863E+003   0.1365915062E+002
    152900   0.7471257876E+003   0.1400654101E+002
    153000   0.7602853846E+003   0.1361294122E+002
    153100   0.7324927199E+003   0.1440856822E+002
    153200   0.7299413766E+003   0.1477063323E+002
    153300   0.7526563843E+003   0.1539409766E+002
    153400   0.7381163492E+003   0.1614845430E+002
    153500   0.7224874361E+003   0.1550403159E+002
    153600   0.7247811009E+003   0.1549529510E+002
    153700   0.7400865005E+003   0.1508690509E+002
    153800   0.7464321906E+003   0.1576686305E+002
    153900   0.7539099059E+003   0.1538975254E+002
    154000   0.7448334668E+003   0.1647373077E+002
    154100   0.7360192322E+003   0.1720831000E+002
    154200   0.7323629800E+003   0.1687250539E+002
    154300   0.7426510494E+003   0.1788068275E+002
    154400   0.7483453816E+003   0.1820624766E+002
    154500   0.7473754932E+003   0.1855837803E+002
    154600   0.7480962085E+003   0.1855540736E+002
    154700   0.7357878475E+003   0.1930395544E+002
    154800   0.7500248978E+003   0.1889518705E+002
    154900   0.7323271079E+003   0.1931930272E+002
    155000   0.7387173410E+003   0.1824583872E+002
    155100   0.7370214795E+003   0.1860180512E+002
    155200   0.7019278393E+003   0.1876023057E+002
    155300   0.7204704659E+003   0.1867426586E+002
    155400   0.7387656091E+003   0.1998603261E+002
    155500   0.7347692013E+003   0.2000411386E+002
    155600   0.7381547841E+003   0.2068266384E+002
    155700   0.7392389785E+003   0.2067765334E+002
    155800   0.7222292501E+003   0.2110573180E+002
    155900   0.7265920232E+003   0.2108434923E+002
    156000   0.7320697473E+003   0.2105792300E+002
    156100   0.7261099806E+003   0.2039196818E+002
    156200   0.7464798282E+003   0.2133616082E+002
    156300   0.7394487844E+003   0.2032999240E+002
    156400   0.7311699032E+003   0.2002059607E+002
    156500   0.7381636882E+003   0.1998874132E+002
    156600   0.7487153812E+003   0.1855286056E+002
    156700   0.7442566518E+003   0.1857131075E+002
    156800   0.7421613415E+003   0.1858007053E+002
    156900   0.7417468553E+003   0.1893003301E+002
    157000   0.7476313187E+003   0.1890517026E+002
    157100   0.7393815247E+003   0.1824306885E+002
    157200   0.7578850918E+003   0.1816817469E+002
    157300   0.7419256055E+003   0.1788362986E+002
    157400   0.7412720010E+003   0.1858380604E+002
    157500   0.7486298253E+003   0.1820509608E+002
    157600   0.7319624635E+003   0.1897240870E+002
    157700   0.7369810232E+003   0.1895050937E+002
    157800   0.7125343986E+003   0.1835986973E+002
    157900   0.7312847593E+003   0.1862648590E+002
    158000   0.7345020367E+003   0.1861258885E+002
    158100   0.7265616743E+003   0.1934525063E+002
    158200   0.7284368731E+003   0.1968516957E+002
    158300   0.7319526201E+003   0.1932097362E+002
    158400   0.7119138633E+003   0.1906351467E+002
    158500   0.7437965297E+003   0.1752694674E+002
    158600   0.7362217889E+003   0.1720749828E+002
    158700   0.7314850666E+003   0.1722661807E+002
    158800   0.7433897918E+003   0.1717910650E+002
    158900   0.7421546447E+003   0.1683407442E+002
    159000   0.7367837968E+003   0.1615349665E+002
    159100   0.7360452935E+003   0.1510131206E+002
    159200   0.7400052809E+003   0.1508719282E+002
    159300   0.7374811600E+003   0.1474392515E+002
    159400   0.7230115377E+003   0.1514907095E+002
    159500   0.7371499915E+003   0.1509735537E+002
    159600   0.7224695385E+003   0.1515110096E+002
    159700   0.7411723916E+003   0.1508306530E+002
    159800   0.7353930045E+003   0.1475125753E+002
    159900   0.7316817610E+003   0.1511707829E+002
    160000   0.7283773792E+003   0.1583394069E+002
    160100   0.7271335007E+003   0.1513374911E+002
    160200   0.7483519236E+003   0.1435471273E+002
    160300   0.7187382442E+003   0.1445754926E+002
    160400   0.7336092434E+003   0.1334398655E+002
    160500   0.7492030716E+003   0.1223426759E+002
    160600   0.7606879821E+003   0.1220188374E+002
    160700   0.7395959374E+003   0.1261676962E+002
    160800   0.7531578088E+003   0.1186915135E+002
    160900   0.7475647250E+003   0.1259288891E+002
    161000   0.7478583389E+003   0.1188391039E+002
    161100   0.7448384143E+003   0.1260099142E+002
    161200   0.7564969377E+003   0.1327232805E+002
    161300   0.7486032317E+003   0.1294331056E+002
    161400   0.7681917937E+003   0.1218133762E+002
    161500   0.7501904379E+003   0.1116826019E+002
    161600   0.7349496451E+003   0.1156535728E+002
    161700   0.7687323465E+003   0.1182715552E+002
    161800   0.7389848544E+003   0.1261862595E+002
    161900   0.7360075873E+003   0.1298215038E+002
    162000   0.7629374603E+003   0.1290093658E+002
    162100   0.7323602540E+003   0.1299369147E+002
    162200   0.7409977939E+003   0.1225812818E+002
    162300   0.7389774723E+003   0.1297285201E+002
    162400   0.7257658802E+003   0.1265968657E+002
    162500   0.7286781979E+003   0.1300548076E+002
    162600   0.7377085551E+003   0.1297681406E+002
    162700   0.7561425291E+003   0.1150699295E+002
    162800   0.7438882561E+003   0.1118505210E+002
    162900   0.7392245453E+003   0.1155326652E+002
    163000   0.7551696742E+003   0.1044548901E+002
    163100   0.7386204327E+003   0.1191023517E+002
    163200   0.7553096891E+003   0.1080017367E+002
    163300   0.7397005446E+003   0.1155193045E+002
    163400   0.7414334213E+003   0.1083593825E+002
    163500   0.7418011340E+003   0.1154605847E+002
    163600   0.7476134541E+003   0.1188459835E+002
    163700   0.7707047371E+003   0.1111582907E+002
    163800   0.7446230282E+003   0.1153823161E+002
    163900   0.7387006606E+003   0.1119912802E+002
    164000   0.7302466383E+003   0.1086594216E+002
    164100   0.7511894432E+003   0.1045529192E+002
    164200   0.7600682702E+003   0.1007858169E+002
    164300   0.7327387297E+003   0.9787753335E+001
    164400   0.7342837726E+003   0.9068167243E+001
    164500   0.7083102522E+003   0.1021001707E+002
    164600   0.7174332228E+003   0.9467298669E+001
    164700   0.7158538502E+003   0.1090618343E+002
    164800   0.7109387051E+003   0.1163647829E+002
    164900   0.7253645757E+003   0.1123640836E+002
    165000   0.7193769847E+003   0.1125367970E+002
    165100   0.7088899673E+003   0.1092635208E+002
    165200   0.7380418835E+003   0.9774792300E+001
    165300   0.7260941403E+003   0.9804309936E+001
    165400   0.7463182556E+003   0.1046745699E+002
    165500   0.7518487298E+003   0.9385746527E+001
    165600   0.7400157235E+003   0.9412774183E+001
    165700   0.7371422055E+003   0.9419492572E+001
    165800   0.7583924626E+003   0.9727035539E+001
    165900   0.7458935020E+003   0.1011243699E+002
    166000   0.7589306286E+003   0.9725813538E+001
    166100   0.7511441339E+003   0.9743695342E+001
    166200   0.7499744989E+003   0.1010253519E+002
    166300   0.7588178540E+003   0.1008150836E+002
    166400   0.7319321840E+003   0.9431833257E+001
    166500   0.7476787167E+003   0.9395155950E+001
    166600   0.7544451666E+003   0.9023497380E+001
    166700   0.7495053376E+003   0.9391019063E+001
    166800   0.7593901253E+003   0.9369038760E+001
    166900   0.7494165858E+003   0.9391219516E+001
    167000   0.7367612070E+003   0.8704303949E+001
    167100   0.7591674949E+003   0.8657012323E+001
    167200   0.7673202906E+003   0.8996415257E+001
    167300   0.7482956841E+003   0.8321915236E+001
    167400   0.7331046121E+003   0.7994235316E+001
    167500   0.7244971588E+003   0.7651731215E+001
    167600   0.7485223042E+003   0.8321455978E+001
    167700   0.7534338190E+003   0.9025670949E+001
    167800   0.7540789448E+003   0.8667461358E+001
    167900   0.7445468361E+003   0.9045070869E+001
    168000   0.7509219592E+003   0.9744211986E+001
    168100   0.7427228004E+003   0.9763533741E+001
    168200   0.7377554577E+003   0.9775486700E+001
    168300   0.7494560027E+003   0.9034287195E+001
    168400   0.7638998909E+003   0.9003505092E+001
    168500   0.7321751925E+003   0.9789143708E+001
    168600   0.7464015999E+003   0.8683545106E+001
    168700   0.7462161638E+003   0.9398485550E+001
    168800   0.7489920606E+003   0.9035299166E+001
    168900   0.7223114135E+003   0.9455177435E+001
    169000   0.7425427725E+003   0.1012066303E+002
    169100   0.7407348838E+003   0.1048163306E+002
    169200   0.7407918948E+003   0.1083762997E+002
    169300   0.7266699433E+003   0.1051848803E+002
    169400   0.7590405659E+003   0.1008098626E+002
    169500   0.7492019326E+003   0.1046023292E+002
    169600   0.7355990241E+003   0.1085145203E+002
    169700   0.7373487303E+003   0.1191392001E+002
    169800   0.7594947139E+003   0.1185182036E+002
    169900   0.7495886183E+003   0.1223316155E+002
    170000   0.7365742050E+003   0.1191617160E+002
    170100   0.7485395376E+003   0.1223617426E+002
    170200   0.7420565567E+003   0.1225501442E+002
    170300   0.7414158277E+003   0.1261126256E+002
    170400   0.7682271954E+003   0.1218124180E+002
    170500   0.7393098914E+003   0.1297181671E+002
    170600   0.7395200641E+003   0.1190763746E+002
    170700   0.7153574468E+003   0.1340502109E+002
    170800   0.7437813703E+003   0.1224996420E+002
    170900   0.7380482793E+003   0.1262147808E+002
    171000   0.7490916185E+003   0.1223458758E+002
    171100   0.7419743610E+003   0.1260957879E+002
    171200   0.7280290622E+003   0.1300757377E+002
    171300   0.7378483752E+003   0.1333031946E+002
    171400   0.7303152842E+003   0.1300022178E+002
    171500   0.7356406774E+003   0.1333741399E+002
    171600   0.7427025792E+003   0.1366813406E+002
    171700   0.7348905456E+003   0.1369365402E+002
    171800   0.7345405426E+003   0.1440146029E+002
    171900   0.7309877814E+003   0.1335253176E+002
    172000   0.7418932671E+003   0.1260982307E+002
    172100   0.7206580128E+003   0.1374182874E+002
    172200   0.7280267253E+003   0.1336227129E+002
    172300   0.7275581495E+003   0.1371819528E+002
    172400   0.7310214634E+003   0.1228799101E+002
    172500   0.7326232263E+003   0.1263816814E+002
    172600   0.7354693507E+003   0.1262937590E+002
    172700   0.7278782999E+003   0.1265300673E+002
    172800   0.7366088615E+003   0.1262587818E+002
    172900   0.7353339910E+003   0.1298427165E+002
    173000   0.7420066306E+003   0.1296345828E+002
    173100   0.7367141476E+003   0.1368763978E+002
    173200   0.7336338185E+003   0.1298964621E+002
    173300   0.7296398934E+003   0.1335695368E+002
    173400   0.7420562250E+003   0.1402316593E+002
    173500   0.7737424641E+003   0.1532318793E+002
    173600   0.7641191154E+003   0.1570473694E+002
    173700   0.7452503573E+003   0.1647216240E+002
    173800   0.7428212456E+003   0.1718133506E+002
    173900   0.7509208222E+003   0.1819585795E+002
    174000   0.7461971653E+003   0.1925879338E+002
    174100   0.7260851242E+003   0.1934741698E+002
    174200   0.7391997546E+003   0.2033112558E+002
    174300   0.7285277894E+003   0.2038053762E+002
    174400   0.7365117916E+003   0.1999620158E+002
    174500   0.7320101641E+003   0.2105820797E+002
    174600   0.7466788157E+003   0.1995089506E+002
    174700   0.7505040111E+003   0.1993421880E+002
    174800   0.7422080134E+003   0.2135606911E+002
    174900   0.7666917950E+003   0.2090100795E+002
    175000   0.7517186060E+003   0.2062118897E+002
    175100   0.7409568176E+003   0.2032314923E+002
    175200   0.7268559955E+003   0.1969242984E+002
    175300   0.7472939520E+003   0.1960132556E+002
    175400   0.7443006850E+003   0.1961430394E+002
    175500   0.7030499842E+003   0.2050563199E+002
    175600   0.7050981915E+003   0.2049518281E+002
    175700   0.7239358747E+003   0.1970593828E+002
    175800   0.7432703168E+003   0.1927134278E+002
    175900   0.7503026810E+003   0.1889403327E+002
    176000   0.7409781499E+003   0.1928125164E+002
    176100   0.7457345561E+003   0.1891313440E+002
    176200   0.7338161716E+003   0.1826645962E+002
    176300   0.7262675021E+003   0.1794892401E+002
    176400   0.7443314782E+003   0.1787388179E+002
    176500   0.7306859041E+003   0.1652820044E+002
    176600   0.7278447873E+003   0.1689064811E+002
    176700   0.7549733310E+003   0.1608646300E+002
    176800   0.7509640186E+003   0.1680049913E+002
    176900   0.7240484560E+003   0.1655461801E+002
    177000   0.7310285720E+003   0.1652685188E+002
    177100   0.7353197351E+003   0.1791077935E+002
    177200   0.7339429457E+003   0.1791650988E+002
    177300   0.7378188061E+003   0.1650043196E+002
    177400   0.7174657380E+003   0.1587640960E+002
    177500   0.7310200633E+003   0.1547185722E+002
    177600   0.7209611548E+003   0.1550988145E+002
    177700   0.7298167197E+003   0.1618021215E+002
    177800   0.7274518430E+003   0.1548520402E+002
    177900   0.7347548414E+003   0.1580980489E+002
    178000   0.7265836447E+003   0.1619281413E+002
    178100   0.7331139327E+003   0.1686951537E+002
    178200   0.7292166637E+003   0.1758629863E+002
    178300   0.7231919762E+003   0.1761164464E+002
    178400   0.7191660425E+003   0.1833006570E+002
    178500   0.7234096610E+003   0.1831133034E+002
    178600   0.7373764575E+003   0.1790226540E+002
    178700   0.7443984828E+003   0.1822233292E+002
    178800   0.7285859798E+003   0.1758892889E+002
    178900   0.7481630952E+003   0.1716055242E+002
    179000   0.7113490382E+003   0.1731124632E+002
    179100   0.7249288893E+003   0.1655108110E+002
    179200   0.7504822103E+003   0.1610266083E+002
    179300   0.7454688025E+003   0.1577034615E+002
    179400   0.7475931345E+003   0.1506062817E+002
    179500   0.7583532508E+003   0.1607442055E+002
    179600   0.7388979124E+003   0.1614550681E+002
    179700   0.7318955990E+003   0.1582056471E+002
    179800   0.7335768559E+003   0.1546238745E+002
    179900   0.7429829018E+003   0.1507669247E+002
    180000   0.7503563675E+003   0.1434809587E+002
    180100   0.7565978959E+003   0.1432775483E+002
    180200   0.7498055397E+003   0.1470162377E+002
    180300   0.7332773925E+003   0.1475873642E+002
    180400   0.7280861629E+003   0.1548282012E+002
    180500   0.7291595696E+003   0.1477343983E+002
    180600   0.7245338767E+003   0.1443664308E+002
    180700   0.7330483139E+003   0.1440663515E+002
    180800   0.7318486109E+003   0.1441081359E+002
    180900   0.7352364060E+003   0.1369251068E+002
    181000   0.7383372471E+003   0.1368231619E+002
    181100   0.7397316751E+003   0.1367776456E+002
    181200   0.7161762471E+003   0.1375746771E+002
    181300   0.7227720014E+003   0.1373453155E+002
    181400   0.7320829796E+003   0.1299457438E+002
    181500   0.7283477120E+003   0.1265152858E+002
    181600   0.7327353396E+003   0.1228279246E+002
    181700   0.7151657723E+003   0.1304997726E+002
    181800   0.7277462837E+003   0.1300848692E+002
    181900   0.7397087370E+003   0.1332437979E+002
    182000   0.7252488305E+003   0.1372604577E+002
    182100   0.7405358736E+003   0.1438091620E+002
    182200   0.7375974661E+003   0.1333112324E+002
    182300   0.7523068346E+003   0.1328506420E+002
    182400   0.7278571680E+003   0.1371718307E+002
    182500   0.7201801823E+003   0.1374348516E+002
    182600   0.7427900331E+003   0.1331461895E+002
    182700   0.7389688871E+003   0.1332673773E+002
    182800   0.7425757584E+003   0.1366854331E+002
    182900   0.7445846557E+003   0.1295553435E+002
    183000   0.7530766375E+003   0.1257671810E+002
    183100   0.7518719127E+003   0.1363897357E+002
    183200   0.7360451132E+003   0.1262760700E+002
    183300   0.7337890873E+003   0.1192431448E+002
    183400   0.7575737064E+003   0.1221055116E+002
    183500   0.7552149565E+003   0.1150946688E+002
    183600   0.7379091181E+003   0.1155696935E+002
    183700   0.7195647002E+003   0.1161028022E+002
    183800   0.7457636240E+003   0.1153508783E+002
    183900   0.7410780147E+003   0.1261228238E+002
    184000   0.7540368445E+003   0.1257392943E+002
    184100   0.7436285729E+003   0.1260460942E+002
    184200   0.7468892491E+003   0.1224093365E+002
    184300   0.7429112750E+003   0.1225250837E+002
    184400   0.7605600597E+003   0.1220223812E+002
    184500   0.7371257876E+003   0.1226960534E+002
    184600   0.7243319705E+003   0.1266424710E+002
    184700   0.7309917836E+003   0.1193256679E+002
    184800   0.7252267077E+003   0.1266139890E+002
    184900   0.7415066790E+003   0.1154687923E+002
    185000   0.7480506610E+003   0.1152881817E+002
    185100   0.7541796969E+003   0.1151223648E+002
    185200   0.7526396897E+003   0.1187058354E+002
    185300   0.7596246593E+003   0.1185146852E+002
    185400   0.7457558769E+003   0.1224421662E+002
    185500   0.7436349596E+003   0.1225039181E+002
    185600   0.7520766917E+003   0.1222605587E+002
    185700   0.7583363386E+003   0.1220842094E+002
    185800   0.7617470789E+003   0.1149219543E+002
    185900   0.7369404753E+003   0.1227015820E+002
    186000   0.7464971830E+003   0.1259605332E+002
    186100   0.7558139856E+003   0.1221548576E+002
    186200   0.7260040224E+003   0.1230337683E+002
    186300   0.7454360629E+003   0.1330631261E+002
    186400   0.7343055679E+003   0.1440227351E+002
    186500   0.7462423703E+003   0.1436172160E+002
    186600   0.7417027649E+003   0.1331805227E+002
    186700   0.7328867539E+003   0.1440719691E+002
    186800   0.7357805772E+003   0.1439717879E+002
    186900   0.7504654756E+003   0.1434773688E+002
    187000   0.7264131683E+003   0.1372208026E+002
    187100   0.7250968333E+003   0.1337200077E+002
    187200   0.7357843570E+003   0.1262840771E+002
    187300   0.7465959615E+003   0.1224178207E+002
    187400   0.7103966674E+003   0.1377798048E+002
    187500   0.7495921852E+003   0.1187905461E+002
    187600   0.7466795203E+003   0.1224154027E+002
    187700   0.7159455957E+003   0.1162118061E+002
    187800   0.7415289816E+003   0.1190186346E+002
    187900   0.7159389145E+003   0.1233501195E+002
    188000   0.7385922156E+003   0.1261982061E+002
    188100   0.7432505736E+003   0.1154202953E+002
    188200   0.7485932328E+003   0.1223601982E+002
    188300   0.7434821721E+003   0.1295891508E+002
    188400   0.7199090943E+003   0.1303413238E+002
    188500   0.7282251230E+003   0.1229653499E+002
    188600   0.7153790766E+003   0.1162289876E+002
    188700   0.7371851077E+003   0.1191439521E+002
    188800   0.7215001988E+003   0.1124751635E+002
    188900   0.7474264344E+003   0.1082029990E+002
    189000   0.7389367731E+003   0.1012961428E+002
    189100   0.7595726258E+003   0.1043478570E+002
    189200   0.7424428369E+003   0.1083328339E+002
    189300   0.7436627189E+003   0.1189577095E+002
    189400   0.7626428508E+003   0.1219648548E+002
    189500   0.7467273261E+003   0.1224140196E+002
    189600   0.7504024002E+003   0.1364359068E+002
    189700   0.7425943484E+003   0.1402138858E+002
    189800   0.7474618302E+003   0.1400544836E+002
    189900   0.7428814193E+003   0.1507704871E+002
    190000   0.7443835346E+003   0.1472003145E+002
    190100   0.7477996838E+003   0.1400435098E+002
    190200   0.7497306047E+003   0.1364570849E+002
    190300   0.7424182050E+003   0.1402197002E+002
    190400   0.7538904496E+003   0.1433652991E+002
    190500   0.7397793432E+003   0.1403071981E+002
    190600   0.7664675805E+003   0.1394547269E+002
    190700   0.7417258463E+003   0.1367129024E+002
    190800   0.7497832092E+003   0.1399793170E+002
    190900   0.7303474818E+003   0.1406260242E+002
    191000   0.7276402121E+003   0.1371791740E+002
    191100   0.7313730340E+003   0.1370535464E+002
    191200   0.7072253028E+003   0.1343341879E+002
    191300   0.7242950949E+003   0.1408357747E+002
    191400   0.7047043394E+003   0.1450986126E+002
    191500   0.7222953321E+003   0.1479838932E+002
    191600   0.7049505588E+003   0.1557305262E+002
    191700   0.7243708013E+003   0.1584935962E+002
    191800   0.7300607949E+003   0.1547543025E+002
    191900   0.7297316779E+003   0.1547665867E+002
    192000   0.7299602825E+003   0.1653106100E+002
    192100   0.7385443226E+003   0.1579569501E+002
    192200   0.7492921910E+003   0.1610699085E+002
    192300   0.7618989513E+003   0.1536245208E+002
    192400   0.7398089275E+003   0.1508788873E+002
    192500   0.7757718203E+003   0.1531660015E+002
    192600   0.7341709944E+003   0.1510805725E+002
    192700   0.7411543457E+003   0.1578607513E+002
    192800   0.7424140207E+003   0.1543024564E+002
    192900   0.7308352078E+003   0.1582458030E+002
    193000   0.7432890546E+003   0.1507561844E+002
    193100   0.7352535415E+003   0.1545621939E+002
    193200   0.7512573314E+003   0.1434513518E+002
    193300   0.7609104208E+003   0.1431392832E+002
    193400   0.7387680136E+003   0.1332737888E+002
    193500   0.7670883816E+003   0.1253683511E+002
    193600   0.7373415543E+003   0.1368557868E+002
    193700   0.7408708381E+003   0.1402709181E+002
    193800   0.7326558541E+003   0.1476094327E+002
    193900   0.7227582404E+003   0.1408896958E+002
    194000   0.7484099131E+003   0.1470633204E+002
    194100   0.7478563644E+003   0.1470820519E+002
    194200   0.7523630852E+003   0.1434151288E+002
    194300   0.7407374186E+003   0.1438023236E+002
    194400   0.7489662268E+003   0.1364812359E+002
    194500   0.7567797003E+003   0.1362370584E+002
    194600   0.7571465265E+003   0.1432598562E+002
    194700   0.7551619372E+003   0.1398072332E+002
    194800   0.7504029876E+003   0.1364358883E+002
    194900   0.7420367099E+003   0.1331699650E+002
    195000   0.7441303959E+003   0.1401633182E+002
    195100   0.7581769423E+003   0.1326726787E+002
    195200   0.7505440842E+003   0.1364314459E+002
    195300   0.7439520810E+003   0.1366411067E+002
    195400   0.7557827970E+003   0.1397875545E+002
    195500   0.7580314602E+003   0.1467428484E+002
    195600   0.7407271249E+003   0.1438026728E+002
    195700   0.7488323798E+003   0.1329575201E+002
    195800   0.7441019824E+003   0.1366362905E+002
    195900   0.7578483450E+003   0.1397223567E+002
    196000   0.7618273764E+003   0.1395979265E+002
    196100   0.7653488908E+003   0.1394890647E+002
    196200   0.7457287565E+003   0.1436343510E+002
    196300   0.7501808878E+003   0.1470036100E+002
    196400   0.7411691092E+003   0.1473109371E+002
    196500   0.7264670568E+003   0.1548891475E+002
    196600   0.7475221288E+003   0.1506087383E+002
    196700   0.7357039744E+003   0.1580625484E+002
    196800   0.7277945739E+003   0.1618807872E+002
    196900   0.7220286220E+003   0.1550578705E+002
    197000   0.7269014849E+003   0.1583959727E+002
    197100   0.7437149781E+003   0.1437018018E+002
    197200   0.7451591555E+003   0.1366023894E+002
    197300   0.7365364155E+003   0.1298048822E+002
    197400   0.7346404442E+003   0.1298646054E+002
    197500   0.7306524190E+003   0.1299914222E+002
    197600   0.7327551957E+003   0.1299243523E+002
    197700   0.7451351306E+003   0.1295385074E+002
    197800   0.7512858389E+003   0.1258194136E+002
    197900   0.7509208237E+003   0.1293633070E+002
    198000   0.7516177360E+003   0.1222736244E+002
    198100   0.7459013564E+003   0.1224379456E+002
    198200   0.7079400021E+003   0.1307459896E+002
    198300   0.7164471192E+003   0.1340127389E+002
    198400   0.7318537952E+003   0.1193001583E+002
    198500   0.7487429380E+003   0.1117208755E+002
    198600   0.7422550907E+003   0.1154479464E+002
    198700   0.7453373935E+003   0.1118116130E+002
    198800   0.7390263206E+003   0.1190906224E+002
    198900   0.7566241588E+003   0.1079686575E+002
    199000   0.7466597434E+003   0.1082228402E+002
    199100   0.7547638180E+003   0.1009107560E+002
    199200   0.7408008091E+003   0.1012497428E+002
    199300   0.7450528235E+003   0.1011449265E+002
    199400   0.7397179755E+003   0.1048424218E+002
    199500   0.7462983750E+003   0.1011144893E+002
    199600   0.7546283983E+003   0.9735639926E+001
    199700   0.7278448148E+003   0.1015780719E+002
    199800   0.7339558898E+003   0.1014214964E+002
    199900   0.7354183907E+003   0.9781176523E+001
    200000   0.7472305622E+003   0.9039154944E+001
    200100   0.7199892071E+003   0.9460923252E+001
    200200   0.7321968228E+003   0.9072957733E+001
    200300   0.7400617707E+003   0.9412667026E+001
    200400   0.7587125236E+003   0.8657939854E+001
    200500   0.7311247744E+003   0.9075431179E+001
    200600   0.7468270301E+003   0.8324899533E+001
    200700   0.7285342256E+003   0.9081443799E+001
    200800   0.7248137221E+003   0.9090168357E+001
    200900   0.7244145472E+003   0.9091110745E+001
    201000   0.7481024848E+003   0.9037243695E+001
    201100   0.7305352216E+003   0.9793204348E+001
    201200   0.7381094078E+003   0.9059468983E+001
    201300   0.7249098268E+003   0.8011203347E+001
    201400   0.7277546999E+003   0.8364954355E+001
    201500   0.7515181450E+003   0.8315415500E+001
    201600   0.7390502882E+003   0.7982203529E+001
    201700   0.7304416038E+003   0.8718265005E+001
    201800   0.7203307152E+003   0.1017749203E+002
    201900   0.7205773193E+003   0.1089276667E+002
    202000   0.7200397662E+003   0.1160885901E+002
    202100   0.7258417711E+003   0.1194795661E+002
    202200   0.7209646005E+003   0.1303064004E+002
    202300   0.7234596380E+003   0.1231127559E+002
    202400   0.7240966260E+003   0.1230929197E+002
    202500   0.7246313494E+003   0.1301860136E+002
    202600   0.7477260670E+003   0.1329917963E+002
    202700   0.7340061922E+003   0.1369658330E+002
    202800   0.7185586122E+003   0.1374912581E+002
    202900   0.7277295956E+003   0.1265347546E+002
    203000   0.7377253165E+003   0.1262246357E+002
    203100   0.7363034975E+003   0.1298121996E+002
    203200   0.7471751213E+003   0.1330089104E+002
    203300   0.7559224017E+003   0.1256847752E+002
    203400   0.7483327623E+003   0.1259061886E+002
    203500   0.7378459964E+003   0.1297638414E+002
    203600   0.7321162263E+003   0.1228466705E+002
    203700   0.7425102577E+003   0.1260796606E+002
    203800   0.7568699218E+003   0.1256574989E+002
    203900   0.7536412405E+003   0.1328099014E+002
    204000   0.7698246123E+003   0.1393523835E+002
    204100   0.7501286774E+003   0.1364445304E+002
    204200   0.7345021445E+003   0.1440159314E+002
    204300   0.7421146546E+003   0.1472782799E+002
    204400   0.7358686122E+003   0.1404382259E+002
    204500   0.7257673759E+003   0.1407843718E+002
    204600   0.7288996112E+003   0.1406758278E+002
    204700   0.7475490697E+003   0.1470924645E+002
    204800   0.7406067909E+003   0.1473304048E+002
    204900   0.7327389499E+003   0.1476064797E+002
    205000   0.7230263253E+003   0.1479570579E+002
    205100   0.7275099492E+003   0.1407238489E+002
    205200   0.7367996846E+003   0.1439367278E+002
    205300   0.7307852576E+003   0.1406110115E+002
    205400   0.7226627961E+003   0.1479703953E+002
    205500   0.7274008617E+003   0.1477977937E+002
    205600   0.7474068854E+003   0.1365306840E+002
    205700   0.7605677297E+003   0.1361207930E+002
    205800   0.7373295501E+003   0.1368561808E+002
    205900   0.7343088086E+003   0.1334171832E+002
    206000   0.7349259324E+003   0.1440012783E+002
    206100   0.7511883888E+003   0.1434536144E+002
    206200   0.7496455737E+003   0.1470216239E+002
    206300   0.7295488987E+003   0.1582946983E+002
    206400   0.7415008188E+003   0.1543352544E+002
    206500   0.7500498290E+003   0.1505216231E+002
    206600   0.7472538744E+003   0.1541301989E+002
    206700   0.7477003383E+003   0.1541144402E+002
    206800   0.7363604072E+003   0.1545216562E+002
    206900   0.7603627229E+003   0.1536764971E+002
    207000   0.7416004155E+003   0.1543316727E+002
    207100   0.7571287520E+003   0.1397450229E+002
    207200   0.7381720723E+003   0.1438896936E+002
    207300   0.7324612496E+003   0.1370172066E+002
    207400   0.7600336519E+003   0.1361371032E+002
    207500   0.7456495515E+003   0.1365867019E+002
    207600   0.7356247226E+003   0.1404464516E+002
    207700   0.7420766906E+003   0.1367015541E+002
    207800   0.7524686609E+003   0.1504389013E+002
    207900   0.7498165096E+003   0.1470158684E+002
    208000   0.7464826601E+003   0.1541574723E+002
    208100   0.7382959425E+003   0.1579661463E+002
    208200   0.7315986331E+003   0.1582168791E+002
    208300   0.7351135747E+003   0.1510466006E+002
    208400   0.7371847587E+003   0.1615197717E+002
    208500   0.7470710456E+003   0.1646533685E+002
    208600   0.7268320646E+003   0.1654346999E+002
    208700   0.7392592606E+003   0.1649490045E+002
    208800   0.7492398337E+003   0.1575677191E+002
    208900   0.7572355924E+003   0.1537830609E+002
    209000   0.7653584753E+003   0.1535083635E+002
    209100   0.7601917924E+003   0.1466721962E+002
    209200   0.7428224405E+003   0.1542878185E+002
    209300   0.7598772903E+003   0.1501893619E+002
    209400   0.7235780495E+003   0.1549986934E+002
    209500   0.7440307838E+003   0.1682684591E+002
    209600   0.7208304761E+003   0.1656763191E+002
    209700   0.7654921689E+003   0.1639840526E+002
    209800   0.7280598010E+003   0.1583515558E+002
    209900   0.7336857400E+003   0.1581381657E+002
    210000   0.7445467672E+003   0.1577368962E+002
    210100   0.7453229987E+003   0.1541986073E+002
    210200   0.7334752219E+003   0.1616610921E+002
    210300   0.7198800664E+003   0.1692328279E+002
    210400   0.7161781687E+003   0.1693874195E+002
    210500   0.7501608524E+003   0.1645384213E+002
    210600   0.7555949736E+003   0.1573425411E+002
    210700   0.7601168137E+003   0.1641754523E+002
    210800   0.7393142463E+003   0.1579284898E+002
    210900   0.7265789728E+003   0.1619283244E+002
    211000   0.7378688357E+003   0.1614938927E+002
    211100   0.7472502841E+003   0.1646466700E+002
    211200   0.7363969240E+003   0.1720679687E+002
    211300   0.7515676376E+003   0.1679823220E+002
    211400   0.7379671707E+003   0.1720052551E+002
    211500   0.7464534166E+003   0.1716716616E+002
    211600   0.7354050005E+003   0.1650975821E+002
    211700   0.7588799183E+003   0.1677110444E+002
    211800   0.7391571855E+003   0.1754553546E+002
    211900   0.7507450752E+003   0.1680132244E+002
    212000   0.7225705340E+003   0.1691216425E+002
    212100   0.7293699046E+003   0.1793572598E+002
    212200   0.7243527478E+003   0.1830720163E+002
    212300   0.7271065214E+003   0.1794534168E+002
    212400   0.7417331476E+003   0.1823330840E+002
    212500   0.7323182878E+003   0.1827282620E+002
    212600   0.7306684840E+003   0.1932671845E+002
    212700   0.7170885537E+003   0.1903942701E+002
    212800   0.7180490662E+003   0.1833504034E+002
    212900   0.7376500706E+003   0.1825030180E+002
    213000   0.7186493763E+003   0.1903224145E+002
    213100   0.7228242612E+003   0.1866372351E+002
    213200   0.7074385951E+003   0.1838321853E+002
    213300   0.7220802327E+003   0.1761637608E+002
    213400   0.7423036889E+003   0.1788209305E+002
    213500   0.7330325338E+003   0.1826978658E+002
    213600   0.7408628927E+003   0.1753866946E+002
    213700   0.7434001783E+003   0.1787764647E+002
    213800   0.7391300948E+003   0.1824411671E+002
    213900   0.7498469636E+003   0.1820017994E+002
    214000   0.7425639246E+003   0.1822987750E+002
    214100   0.7162091762E+003   0.1869355871E+002
    214200   0.7363865602E+003   0.1825560507E+002
    214300   0.7239476305E+003   0.1795887981E+002
    214400   0.7056999498E+003   0.1874231177E+002
    214500   0.7299921743E+003   0.1793309460E+002
    214600   0.7204014678E+003   0.1762355321E+002
    214700   0.7215851680E+003   0.1656456759E+002
    214800   0.7305877321E+003   0.1617722622E+002
    214900   0.7163476637E+003   0.1588084741E+002
    215000   0.7382929287E+003   0.1649860848E+002
    215100   0.7532857005E+003   0.1609252320E+002
    215200   0.7365227054E+003   0.1580320116E+002
    215300   0.7416863049E+003   0.1613505029E+002
    215400   0.7444229414E+003   0.1542306373E+002
    215500   0.7439477727E+003   0.1647706964E+002
    215600   0.7574112404E+003   0.1642729888E+002
    215700   0.7601383692E+003   0.1571842518E+002
    215800   0.7389038076E+003   0.1614548460E+002
    215900   0.7326606868E+003   0.1652044907E+002
    216000   0.7298795939E+003   0.1653137951E+002
    216100   0.7556589255E+003   0.1678297848E+002
    216200   0.7479154316E+003   0.1646218453E+002
    216300   0.7443439666E+003   0.1682564341E+002
    216400   0.7467855530E+003   0.1646640455E+002
    216500   0.7386255708E+003   0.1719790523E+002
    216600   0.7622969370E+003   0.1780335299E+002
    216700   0.7568712137E+003   0.1747598853E+002
    216800   0.7427727091E+003   0.1753102559E+002
    216900   0.7416720766E+003   0.1788466140E+002
    217000   0.7563164825E+003   0.1817435818E+002
    217100   0.7499746362E+003   0.1785130324E+002
    217200   0.7479680846E+003   0.1820777674E+002
    217300   0.7442593495E+003   0.1822290358E+002
    217400   0.7361846898E+003   0.1860537718E+002
    217500   0.7224224523E+003   0.1866551746E+002
    217600   0.7424018422E+003   0.1927508873E+002
    217700   0.7420473118E+003   0.1962415478E+002
    217800   0.7378322907E+003   0.1999023484E+002
    217900   0.7279161799E+003   0.2003565978E+002
    218000   0.7138589822E+003   0.2010259135E+002
    218100   0.7328592066E+003   0.1861966723E+002
    218200   0.7189718740E+003   0.1833092916E+002
    218300   0.7429940213E+003   0.1718065740E+002
    218400   0.7506315747E+003   0.1784870053E+002
    218500   0.7386490571E+003   0.1754758801E+002
    218600   0.7483806213E+003   0.1715971347E+002
    218700   0.7580184003E+003   0.1747161514E+002
    218800   0.7297271714E+003   0.1723378790E+002
    218900   0.7444042847E+003   0.1647534753E+002
    219000   0.7296546218E+003   0.1653226799E+002
    219100   0.7557762976E+003   0.1713152513E+002
    219200   0.7445106826E+003   0.1717472455E+002
    219300   0.7414134546E+003   0.1718687045E+002
    219400   0.7483244711E+003   0.1646066046E+002
    219500   0.7396741273E+003   0.1684369743E+002
    219600   0.7252417254E+003   0.1654982679E+002
    219700   0.7275804098E+003   0.1654049005E+002
    219800   0.7157440190E+003   0.1729229677E+002
    219900   0.7246516044E+003   0.1655219393E+002
    220000   0.7370177562E+003   0.1685408681E+002
    220100   0.7346150487E+003   0.1686355996E+002
    220200   0.7340666495E+003   0.1686573233E+002
    220300   0.7429709123E+003   0.1683092420E+002
    220400   0.7345399318E+003   0.1510672633E+002
    220500   0.7227876193E+003   0.1550288449E+002
    220600   0.7599750946E+003   0.1536896508E+002
    220700   0.7246833140E+003   0.1549566623E+002
    220800   0.7388712206E+003   0.1509121813E+002
    220900   0.7445497451E+003   0.1507120666E+002
    221000   0.7391137587E+003   0.1509035603E+002
    221100   0.7639541740E+003   0.1465502643E+002
    221200   0.7649020178E+003   0.1465197673E+002
    221300   0.7568957907E+003   0.1537947024E+002
    221400   0.7755885783E+003   0.1531719335E+002
    221500   0.7557858883E+003   0.1538328125E+002
    221600   0.7636775805E+003   0.1570624700E+002
    221700   0.7401644183E+003   0.1578971439E+002
    221800   0.7462408631E+003   0.1576755395E+002
    221900   0.7589755111E+003   0.1572245544E+002
    222000   0.7614573999E+003   0.1571387105E+002
    222100   0.7282450116E+003   0.1583444691E+002
    222200   0.7387904963E+003   0.1544331568E+002
    222300   0.7592006276E+003   0.1502119173E+002
    222400   0.7492835358E+003   0.1505479601E+002
    222500   0.7580396937E+003   0.1502507246E+002
    222600   0.7562193538E+003   0.1538179133E+002
    222700   0.7469358964E+003   0.1541414359E+002
    222800   0.7644189614E+003   0.1570371262E+002
    222900   0.7441852271E+003   0.1542391119E+002
    223000   0.7603690186E+003   0.1571762750E+002
    223100   0.7760174365E+003   0.1461686038E+002
    223200   0.7435446031E+003   0.1542619820E+002
    223300   0.7378132184E+003   0.1544686652E+002
    223400   0.7406438289E+003   0.1578795051E+002
    223500   0.7394887290E+003   0.1614328352E+002
    223600   0.7456180659E+003   0.1612046167E+002
    223700   0.7491654114E+003   0.1610745310E+002
    223800   0.7744064220E+003   0.1567012133E+002
    223900   0.7662565692E+003   0.1604674464E+002
    224000   0.7392676251E+003   0.1614411506E+002
    224100   0.7547242049E+003   0.1643706651E+002
    224200   0.7390264692E+003   0.1649579268E+002
    224300   0.7317733650E+003   0.1687485807E+002
    224400   0.7535972175E+003   0.1644118743E+002
    224500   0.7528277585E+003   0.1749152726E+002
    224600   0.7450155394E+003   0.1717275593E+002
    224700   0.7552851201E+003   0.1748206067E+002
    224800   0.7225824673E+003   0.1620859381E+002
    224900   0.7345561513E+003   0.1686379309E+002
    225000   0.7376000903E+003   0.1720198878E+002
    225100   0.7442305848E+003   0.1682607862E+002
    225200   0.7486306053E+003   0.1610940507E+002
    225300   0.7364712812E+003   0.1509978465E+002
    225400   0.7323730904E+003   0.1546683624E+002
    225500   0.7463155080E+003   0.1611789263E+002
    225600   0.7385490189E+003   0.1579567763E+002
    225700   0.7396348094E+003   0.1614273445E+002
    225800   0.7402583381E+003   0.1578936862E+002
    225900   0.7409225149E+003   0.1648854470E+002
    226000   0.7490084354E+003   0.1680787277E+002
    226100   0.7530581476E+003   0.1749063666E+002
    226200   0.7446861954E+003   0.1682433074E+002
    226300   0.7466801237E+003   0.1681671070E+002
    226400   0.7370160036E+003   0.1720432061E+002
    226500   0.7341425743E+003   0.1756593729E+002
    226600   0.7535139148E+003   0.1679095170E+002
    226700   0.7392643313E+003   0.1614412745E+002
    226800   0.7208686883E+003   0.1691918590E+002
    226900   0.7328435568E+003   0.1651973375E+002
    227000   0.7439632984E+003   0.1647701104E+002
    227100   0.7363994693E+003   0.1720678668E+002
    227200   0.7241950470E+003   0.1690549785E+002
    227300   0.7373593424E+003   0.1720294939E+002
    227400   0.7390302261E+003   0.1719629751E+002
    227500   0.7332728535E+003   0.1756950899E+002
    227600   0.7505180193E+003   0.1680217684E+002
    227700   0.7396591212E+003   0.1684375587E+002
    227800   0.7468802610E+003   0.1611581647E+002
    227900   0.7461058940E+003   0.1646895024E+002
    228000   0.7466932144E+003   0.1646675009E+002
    228100   0.7743789597E+003   0.1636743973E+002
    228200   0.7432393334E+003   0.1682989005E+002
    228300   0.7407051064E+003   0.1648937358E+002
    228400   0.7151108205E+003   0.1694323422E+002
    228500   0.7262430897E+003   0.1724811868E+002
    228600   0.7122660986E+003   0.1660294302E+002
    228700   0.7089311139E+003   0.1732178967E+002
    228800   0.7401660974E+003   0.1649143103E+002
    228900   0.7489431331E+003   0.1645835905E+002
    229000   0.7436206229E+003   0.1612785051E+002
    229100   0.7289640028E+003   0.1688612932E+002
    229200   0.7415171621E+003   0.1718646184E+002
    229300   0.7432908484E+003   0.1647955212E+002
    229400   0.7239153301E+003   0.1655515369E+002
    229500   0.7286938858E+003   0.1618457387E+002
    229600   0.7505512222E+003   0.1575208881E+002
    229700   0.7354042346E+003   0.1721077774E+002
    229800   0.7460015124E+003   0.1716892023E+002
    229900   0.7401466304E+003   0.1614081268E+002
    230000   0.7451813007E+003   0.1542036438E+002
    230100   0.7382228119E+003   0.1544537696E+002
    230200   0.7510669760E+003   0.1575025225E+002
    230300   0.7692138618E+003   0.1463821399E+002
    230400   0.7382711046E+003   0.1509335410E+002
    230500   0.7538414874E+003   0.1503922282E+002
    230600   0.7701264704E+003   0.1498533745E+002
    230700   0.7683505652E+003   0.1603952299E+002
    230800   0.7512544058E+003   0.1679940803E+002
    230900   0.7419249945E+003   0.1648473007E+002
    231000   0.7478492276E+003   0.1646243138E+002
    231100   0.7409086774E+003   0.1613795713E+002
    231200   0.7300481477E+003   0.1653071426E+002
    231300   0.7217105668E+003   0.1691570752E+002
    231400   0.7258985009E+003   0.1549106250E+002
    231500   0.7141866420E+003   0.1588947132E+002
    231600   0.7332642986E+003   0.1581540176E+002
    231700   0.7365617268E+003   0.1545142984E+002
    231800   0.7173663168E+003   0.1517039213E+002
    231900   0.7142208447E+003   0.1659479564E+002
    232000   0.7341442190E+003   0.1651465812E+002
    232100   0.7322003755E+003   0.1581941308E+002
    232200   0.7377660433E+003   0.1544703821E+002
    232300   0.7442793650E+003   0.1472038819E+002
    232400   0.7348563426E+003   0.1545767759E+002
    232500   0.7160183701E+003   0.1482169885E+002
    232600   0.7520713431E+003   0.1399057592E+002
    232700   0.7526706388E+003   0.1328395180E+002
    232800   0.7529049363E+003   0.1363574052E+002
    232900   0.7275331529E+003   0.1371827994E+002
    233000   0.7674970525E+003   0.1323966608E+002
    233100   0.7367811294E+003   0.1297972001E+002
    233200   0.7318531842E+003   0.1299530670E+002
    233300   0.7471176246E+003   0.1294781150E+002
    233400   0.7487614902E+003   0.1223553604E+002
    233500   0.7227493625E+003   0.1266930540E+002
    233600   0.7205312980E+003   0.1338734831E+002
    233700   0.7235501454E+003   0.1302213618E+002
    233800   0.7324023959E+003   0.1334791156E+002
    233900   0.7222940389E+003   0.1338139549E+002
    234000   0.7182832551E+003   0.1268372224E+002
    234100   0.7526153912E+003   0.1222452467E+002
    234200   0.7289958991E+003   0.1264949117E+002
    234300   0.7410435550E+003   0.1332013967E+002
    234400   0.7277053568E+003   0.1336333396E+002
    234500   0.7218779959E+003   0.1373761137E+002
    234600   0.7168522056E+003   0.1375509416E+002
    234700   0.7237880196E+003   0.1337637710E+002
    234800   0.7324761779E+003   0.1263862459E+002
    234900   0.7347462792E+003   0.1192150771E+002
    235000   0.7207196763E+003   0.1267583113E+002
    235100   0.7283771227E+003   0.1265143604E+002
    235200   0.7251937168E+003   0.1337167756E+002
    235300   0.7372492226E+003   0.1333223991E+002
    235400   0.7240127443E+003   0.1373027212E+002
    235500   0.7475940160E+003   0.1294636589E+002
    235600   0.7488458991E+003   0.1258910525E+002
    235700   0.7477628914E+003   0.1329906535E+002
    235800   0.7358902288E+003   0.1333660953E+002
    235900   0.7275078316E+003   0.1442606773E+002
    236000   0.7286308184E+003   0.1477534201E+002
    236100   0.7272691252E+003   0.1513324845E+002
    236200   0.7340607251E+003   0.1546060403E+002
    236300   0.7363506516E+003   0.1474788876E+002
    236400   0.7146878209E+003   0.1482670200E+002
    236500   0.7107624868E+003   0.1448697936E+002
    236600   0.7348680769E+003   0.1369372835E+002
    236700   0.7212650664E+003   0.1550871430E+002
    236800   0.7104465164E+003   0.1519707372E+002
    236900   0.7128883065E+003   0.1483350368E+002
    237000   0.7224139389E+003   0.1444424427E+002
    237100   0.7364690400E+003   0.1439480904E+002
    237200   0.7126426033E+003   0.1412514747E+002
    237300   0.7313144966E+003   0.1405928904E+002
    237400   0.7247780066E+003   0.1408188872E+002
    237500   0.7309968443E+003   0.1370661384E+002
    237600   0.7408851481E+003   0.1296692557E+002
    237700   0.7708634903E+003   0.1146866394E+002
    237800   0.7528557502E+003   0.1080638548E+002
    237900   0.7493521258E+003   0.1045985846E+002
    238000   0.7466888683E+003   0.1117754875E+002
    238100   0.7417390410E+003   0.1190126184E+002
    238200   0.7281107856E+003   0.1158504899E+002
    238300   0.7319361197E+003   0.1121783719E+002
    238400   0.7439394324E+003   0.1082936284E+002
    238500   0.7522584606E+003   0.1045264704E+002
    238600   0.7452219531E+003   0.1189134480E+002
    238700   0.7530683175E+003   0.1257674230E+002
    238800   0.7286441386E+003   0.1300559046E+002
    238900   0.7092122862E+003   0.1449279048E+002
    239000   0.7154353326E+003   0.1376007543E+002
    239100   0.7008576938E+003   0.1416885891E+002
    239200   0.7343245528E+003   0.1369552782E+002
    239300   0.7391199917E+003   0.1332625570E+002
    239400   0.7508362542E+003   0.1328957370E+002
    239500   0.7473572128E+003   0.1365322632E+002
    239600   0.7406468531E+003   0.1332139794E+002
    239700   0.7540293438E+003   0.1257395118E+002
    239800   0.7574380838E+003   0.1291697119E+002
    239900   0.7562437849E+003   0.1292048957E+002
    240000   0.7325529176E+003   0.1299307844E+002
    240100   0.7415367549E+003   0.1331857754E+002
    240200   0.7395678700E+003   0.1403142418E+002
    240300   0.7533279321E+003   0.1292913461E+002
    240400   0.7407454099E+003   0.1261328756E+002
    240500   0.7337178092E+003   0.1227982535E+002
    240600   0.7552868839E+003   0.1257031149E+002
    240700   0.7360855721E+003   0.1227271295E+002
    240800   0.7437707355E+003   0.1189546362E+002
    240900   0.7557135780E+003   0.1256907975E+002
    241000   0.7503169499E+003   0.1399621115E+002
    241100   0.7438635444E+003   0.1401720855E+002
    241200   0.7354064770E+003   0.1475121006E+002
    241300   0.7467305079E+003   0.1471202502E+002
    241400   0.7327675596E+003   0.1476054632E+002
    241500   0.7304857161E+003   0.1441558001E+002
    241600   0.7353319239E+003   0.1545593185E+002
    241700   0.7503623547E+003   0.1505108998E+002
    241800   0.7193300059E+003   0.1516293079E+002
    241900   0.7416997358E+003   0.1508120533E+002
    242000   0.7536531229E+003   0.1468874932E+002
    242100   0.7523695463E+003   0.1434149176E+002
    242200   0.7302890925E+003   0.1512215691E+002
    242300   0.7246686756E+003   0.1655212539E+002
    242400   0.7158600255E+003   0.1623557371E+002
    242500   0.7293935513E+003   0.1547792208E+002
    242600   0.7262454968E+003   0.1584212012E+002
    242700   0.7436513501E+003   0.1472254135E+002
    242800   0.7522225213E+003   0.1504472906E+002
    242900   0.7459481535E+003   0.1436270282E+002
    243000   0.7419178567E+003   0.1508043691E+002
    243100   0.7280128840E+003   0.1442428188E+002
    243200   0.7250564069E+003   0.1408091636E+002
    243300   0.7330627082E+003   0.1440658512E+002
    243400   0.7336746812E+003   0.1369768352E+002
    243500   0.7320549347E+003   0.1405675898E+002
    243600   0.7474302242E+003   0.1365299422E+002
    243700   0.7349974795E+003   0.1298533310E+002
    243800   0.7386889885E+003   0.1332763123E+002
    243900   0.7402949642E+003   0.1296875521E+002
    244000   0.7275367891E+003   0.1371826763E+002
    244100   0.7516283150E+003   0.1222733231E+002
    244200   0.7176419559E+003   0.1197300057E+002
    244300   0.7394239586E+003   0.1190791461E+002
    244400   0.7614468779E+003   0.1113907991E+002
    244500   0.7481565781E+003   0.1188307326E+002
    244600   0.7505711554E+003   0.1081221162E+002
    244700   0.7288990541E+003   0.1086963008E+002
    244800   0.7325751534E+003   0.1157214513E+002
    244900   0.7420840567E+003   0.1154527059E+002
    245000   0.7339835082E+003   0.1156811287E+002
    245100   0.7265296102E+003   0.1301242536E+002
    245200   0.7754776943E+003   0.1251376167E+002
    245300   0.7431847213E+003   0.1260594023E+002
    245400   0.7408787773E+003   0.1261288438E+002
    245500   0.7483368731E+003   0.1329728574E+002
    245600   0.7490028534E+003   0.1400045240E+002
    245700   0.7414985818E+003   0.1367202601E+002
    245800   0.7376095600E+003   0.1368469951E+002
    245900   0.7276063562E+003   0.1442571912E+002
    246000   0.7516700890E+003   0.1469536550E+002
    246100   0.7301036689E+003   0.1512283481E+002
    246200   0.7546112470E+003   0.1503661450E+002
    246300   0.7316409168E+003   0.1546955057E+002
    246400   0.7481940323E+003   0.1470706217E+002
    246500   0.7355867405E+003   0.1510295856E+002
    246600   0.7349602185E+003   0.1475278335E+002
    246700   0.7281226921E+003   0.1407026483E+002
    246800   0.7484877623E+003   0.1435426300E+002
    246900   0.7321985387E+003   0.1546748276E+002
    247000   0.7276501852E+003   0.1513184294E+002
    247100   0.7524494049E+003   0.1469276053E+002
    247200   0.7528434400E+003   0.1433994319E+002
    247300   0.7372970549E+003   0.1439196582E+002
    247400   0.7511257436E+003   0.1434556708E+002
    247500   0.7528356899E+003   0.1398813041E+002
    247600   0.7494858959E+003   0.1364648103E+002
    247700   0.7524853981E+003   0.1398925044E+002
    247800   0.7457739870E+003   0.1295190048E+002
    247900   0.7257858595E+003   0.1372421489E+002
    248000   0.7457128601E+003   0.1401114784E+002
    248100   0.7458225403E+003   0.1295175242E+002
    248200   0.7359875249E+003   0.1333629606E+002
    248300   0.7360092033E+003   0.1368996053E+002
    248400   0.7574642750E+003   0.1397344481E+002
    248500   0.7376920333E+003   0.1368442912E+002
    248600   0.7608446175E+003   0.1431413792E+002
    248700   0.7269253249E+003   0.1407441159E+002
    248800   0.7418707915E+003   0.1367082125E+002
    248900   0.7490575572E+003   0.1400027550E+002
    249000   0.7246570231E+003   0.1443620314E+002
    249100   0.7498972919E+003   0.1364518260E+002
    249200   0.7446806392E+003   0.1401452635E+002
    249300   0.7389780638E+003   0.1473869885E+002
    249400   0.7409683824E+003   0.1473178823E+002
    249500   0.7314786548E+003   0.1476513517E+002
    249600   0.7518251979E+003   0.1434327337E+002
    249700   0.7564431246E+003   0.1397666663E+002
    249800   0.7412244759E+003   0.1473090221E+002
    249900   0.7496729015E+003   0.1470207035E+002
    250000   0.7324583712E+003   0.1511425610E+002
    250100   0.7347466568E+003   0.1475353706E+002
    250200   0.7390078788E+003   0.1473859500E+002
    250300   0.7359293138E+003   0.1580541358E+002
    250400   0.7513931684E+003   0.1539849354E+002
    250500   0.7336998658E+003   0.1475723888E+002
    250600   0.7438496731E+003   0.1401725415E+002
    250700   0.7250448619E+003   0.1443481874E+002
    250800   0.7513578344E+003   0.1434480543E+002
    250900   0.7700059470E+003   0.1498572649E+002
    251000   0.7383254449E+003   0.1403557199E+002
    251100   0.7421946151E+003   0.1437530106E+002
    251200   0.7146282601E+003   0.1482692647E+002
    251300   0.7253820246E+003   0.1478710124E+002
    251400   0.7267027484E+003   0.1407518419E+002
    251500   0.7293754305E+003   0.1406594349E+002
    251600   0.7304017006E+003   0.1406241637E+002
    251700   0.7138651006E+003   0.1518381587E+002
    251800   0.7201426589E+003   0.1586585045E+002
    251900   0.7361725882E+003   0.1474851437E+002
    252000   0.7238459192E+003   0.1443910404E+002
    252100   0.7217180951E+003   0.1409263436E+002
    252200   0.7188587293E+003   0.1410277342E+002
    252300   0.7266744028E+003   0.1478240855E+002
    252400   0.7280342337E+003   0.1442420645E+002
    252500   0.7358495067E+003   0.1333674076E+002
    252600   0.7332942702E+003   0.1405253765E+002
    252700   0.7448661603E+003   0.1330809577E+002
    252800   0.7505302603E+003   0.1399552433E+002
    252900   0.7295490033E+003   0.1371147445E+002
    253000   0.7466197195E+003   0.1400818868E+002
    253100   0.7482183189E+003   0.1365049225E+002
    253200   0.7163106375E+003   0.1375699539E+002
    253300   0.7359300926E+003   0.1298239420E+002
    253400   0.7376498672E+003   0.1368456735E+002
    253500   0.7449802494E+003   0.1366081186E+002
    253600   0.7357103774E+003   0.1333718924E+002
    253700   0.7387215363E+003   0.1368105979E+002
    253800   0.7304292319E+003   0.1370851669E+002
    253900   0.7509785420E+003   0.1258284060E+002
    254000   0.7329070779E+003   0.1228227312E+002
    254100   0.7435814428E+003   0.1225054817E+002
    254200   0.7428133737E+003   0.1260705508E+002
    254300   0.7203458382E+003   0.1196466770E+002
    254400   0.7399128563E+003   0.1119581801E+002
    254500   0.7483237100E+003   0.1152807265E+002
    254600   0.7223521169E+003   0.1124505544E+002
    254700   0.7269719487E+003   0.9802102081E+001
    254800   0.7376135213E+003   0.1013292497E+002
    254900   0.7390178169E+003   0.1048604354E+002
    255000   0.7371185399E+003   0.1013416700E+002
    255100   0.7184282669E+003   0.1125644764E+002
    255200   0.7403288308E+003   0.1155017002E+002
    255300   0.7179599037E+003   0.1197201685E+002
    255400   0.7252626485E+003   0.1123669955E+002
    255500   0.7310878564E+003   0.1193228213E+002
    255600   0.7419150731E+003   0.1260975738E+002
    255700   0.7367858265E+003   0.1333372775E+002
    255800   0.7248583854E+003   0.1337279669E+002
    255900   0.7281392602E+003   0.1336189943E+002
    256000   0.7319248067E+003   0.1299507840E+002
    256100   0.7251499431E+003   0.1372638325E+002
    256200   0.7287664104E+003   0.1335982956E+002
    256300   0.7263990597E+003   0.1372212823E+002
    256400   0.7413809638E+003   0.1367240701E+002
    256500   0.7230163651E+003   0.1444207888E+002
    256600   0.7252248989E+003   0.1514081811E+002
    256700   0.7362735498E+003   0.1510049337E+002
    256800   0.7338126085E+003   0.1510935162E+002
    256900   0.7342864528E+003   0.1510764057E+002
    257000   0.7424118624E+003   0.1578146855E+002
    257100   0.7472401414E+003   0.1646470490E+002
    257200   0.7397314146E+003   0.1579130982E+002
    257300   0.7437245633E+003   0.1542555528E+002
    257400   0.7468901153E+003   0.1576521113E+002
    257500   0.7239484068E+003   0.1655502057E+002
    257600   0.7268344389E+003   0.1689474139E+002
    257700   0.7447580664E+003   0.1717375952E+002
    257800   0.7393747739E+003   0.1719493023E+002
    257900   0.7262384194E+003   0.1794904836E+002
    258000   0.7290354393E+003   0.1793714251E+002
    258100   0.7303234786E+003   0.1723135124E+002
    258200   0.7456098076E+003   0.1682079512E+002
    258300   0.7459927591E+003   0.1786719350E+002
    258400   0.7608947479E+003   0.1780871825E+002
    258500   0.7594575208E+003   0.1711773275E+002
    258600   0.7415964754E+003   0.1683623323E+002
    258700   0.7444663272E+003   0.1612471646E+002
    258800   0.7293337491E+003   0.1653353632E+002
    258900   0.7340415273E+003   0.1616394094E+002
    259000   0.7554131810E+003   0.1573489209E+002
    259100   0.7429369358E+003   0.1613039027E+002
    259200   0.7569565336E+003   0.1537926205E+002
    259300   0.7529394828E+003   0.1469112560E+002
    259400   0.7501914161E+003   0.1470032560E+002
    259500   0.7459930140E+003   0.1436255315E+002
    259600   0.7452466479E+003   0.1471708016E+002
    259700   0.7472811348E+003   0.1541292360E+002
    259800   0.7303852855E+003   0.1441593207E+002
    259900   0.7356657522E+003   0.1369109310E+002
    260000   0.7320741718E+003   0.1511565139E+002
    260100   0.7273167043E+003   0.1407305438E+002
    260200   0.7139325613E+003   0.1412046655E+002
    260300   0.7244496132E+003   0.1408303683E+002
    260400   0.7551472867E+003   0.1292373132E+002
    260500   0.7129602498E+003   0.1305742982E+002
    260600   0.7270520621E+003   0.1336549764E+002
    260700   0.7292011025E+003   0.1300379795E+002
    260800   0.7322266502E+003   0.1334848441E+002
    260900   0.7451897055E+003   0.1330708304E+002
    261000   0.7474294568E+003   0.1294686500E+002
    261100   0.7197007521E+003   0.1267912354E+002
    261200   0.7586462613E+003   0.1256065786E+002
    261300   0.7402609027E+003   0.1296886091E+002
    261400   0.7356565836E+003   0.1227399756E+002
    261500   0.7242094892E+003   0.1230894093E+002
    261600   0.7332246283E+003   0.1192597370E+002
    261700   0.7536885315E+003   0.1151355361E+002
    261800   0.7393443539E+003   0.1190814424E+002
    261900   0.7341485585E+003   0.1298801593E+002
    262000   0.7106947080E+003   0.1342120931E+002
    262100   0.7385784144E+003   0.1403472612E+002
    262200   0.7265978020E+003   0.1442929295E+002
    262300   0.7099607000E+003   0.1342378062E+002
    262400   0.7376796801E+003   0.1226795482E+002
    262500   0.7213176665E+003   0.1302947456E+002
    262600   0.7463430846E+003   0.1330348124E+002
    262700   0.7108696043E+003   0.1306454484E+002
    262800   0.7323330882E+003   0.1405581009E+002
    262900   0.7253422167E+003   0.1407991904E+002
    263000   0.7285879155E+003   0.1442225214E+002
    263100   0.7340223782E+003   0.1405006544E+002
    263200   0.7591639144E+003   0.1396810480E+002
    263300   0.7430746287E+003   0.1331372222E+002
    263400   0.7452893307E+003   0.1401253274E+002
    263500   0.7417292100E+003   0.1472915806E+002
    263600   0.7441351037E+003   0.1436876945E+002
    263700   0.7426934995E+003   0.1437361801E+002
    263800   0.7337929810E+003   0.1440404965E+002
    263900   0.7408657734E+003   0.1508414818E+002
    264000   0.7384582459E+003   0.1474051092E+002
    264100   0.7596399655E+003   0.1466901987E+002
    264200   0.7396314097E+003   0.1403121249E+002
    264300   0.7403703778E+003   0.1367568647E+002
    264400   0.7568221009E+003   0.1362357495E+002
    264500   0.7520082735E+003   0.1469423429E+002
    264600   0.7288089483E+003   0.1442147295E+002
    264700   0.7439897486E+003   0.1472138062E+002
    264800   0.7440818163E+003   0.1366369383E+002
    264900   0.7304620793E+003   0.1370840648E+002
    265000   0.7221858312E+003   0.1302661444E+002
    265100   0.7156184347E+003   0.1375943039E+002
    265200   0.7188535914E+003   0.1339304603E+002
    265300   0.7295443780E+003   0.1371149001E+002
    265400   0.7216489418E+003   0.1409287845E+002
    265500   0.7007356837E+003   0.1488052197E+002
    265600   0.7447025443E+003   0.1507067312E+002
    265700   0.7321150814E+003   0.1581973526E+002
    265800   0.7269635331E+003   0.1548704252E+002
    265900   0.7306544052E+003   0.1582526634E+002
    266000   0.7351318303E+003   0.1651081819E+002
    266100   0.7384978183E+003   0.1614701476E+002
    266200   0.7244624900E+003   0.1655295348E+002
    266300   0.7557636021E+003   0.1503272137E+002
    266400   0.7400385697E+003   0.1543879693E+002
    266500   0.7369815615E+003   0.1615274696E+002
    266600   0.7403490550E+003   0.1508597547E+002
    266700   0.7634391289E+003   0.1570706336E+002
    266800   0.7679280059E+003   0.1499245630E+002
    266900   0.7537387911E+003   0.1539034468E+002
    267000   0.7588032136E+003   0.1537295125E+002
    267100   0.7533058085E+003   0.1504104164E+002
    267200   0.7600853650E+003   0.1536859073E+002
    267300   0.7319261715E+003   0.1546849231E+002
    267400   0.7330535703E+003   0.1581619518E+002
    267500   0.7373643224E+003   0.1544850124E+002
    267600   0.7435468480E+003   0.1542619018E+002
    267700   0.7309917373E+003   0.1617566457E+002
    267800   0.7102239968E+003   0.1625865808E+002
    267900   0.7142867063E+003   0.1553580969E+002
    268000   0.7178702094E+003   0.1481477198E+002
    268100   0.7350161945E+003   0.1439981599E+002
    268200   0.7266079095E+003   0.1442925707E+002
    268300   0.7308564855E+003   0.1512008506E+002
    268400   0.7222708516E+003   0.1515184602E+002
    268500   0.7201662635E+003   0.1445236118E+002
    268600   0.7363907829E+003   0.1439507814E+002
    268700   0.7336139298E+003   0.1475754333E+002
    268800   0.7395778072E+003   0.1508870842E+002
    268900   0.7516799970E+003   0.1469533234E+002
    269000   0.7279228801E+003   0.1513083820E+002
    269100   0.7215810439E+003   0.1515443651E+002
    269200   0.7254108925E+003   0.1584533767E+002
    269300   0.7460964099E+003   0.1471418235E+002
    269400   0.7415034987E+003   0.1472993768E+002
    269500   0.7655853690E+003   0.1429914538E+002
    269600   0.7483686488E+003   0.1435465734E+002
    269700   0.7369418208E+003   0.1368689137E+002
    269800   0.7144125212E+003   0.1411873000E+002
    269900   0.7218303632E+003   0.1373777572E+002
    270000   0.7421561351E+003   0.1402283571E+002
    270100   0.7108978578E+003   0.1306444836E+002
    270200   0.7187549799E+003   0.1268218947E+002
    270300   0.7327439604E+003   0.1334679915E+002
    270400   0.7255844195E+003   0.1372490128E+002
    270500   0.7119331359E+003   0.1412773050E+002
    270600   0.7256253413E+003   0.1372476181E+002
    270700   0.7077218245E+003   0.1378760844E+002
    270800   0.7211624601E+003   0.1338521291E+002
    270900   0.7256953736E+003   0.1407868799E+002
    271000   0.7362170495E+003   0.1368927573E+002
    271100   0.7414188293E+003   0.1331895082E+002
    271200   0.7311968585E+003   0.1335184757E+002
    271300   0.7203496046E+003   0.1374289755E+002
    271400   0.7449004063E+003   0.1330798853E+002
    271500   0.7345507586E+003   0.1404827500E+002
    271600   0.7244188947E+003   0.1479061125E+002
    271700   0.7163532667E+003   0.1482044302E+002
    271800   0.7357250093E+003   0.1545449094E+002
    271900   0.7229813403E+003   0.1550214481E+002
    272000   0.7349759876E+003   0.1545723815E+002
    272100   0.7462937041E+003   0.1541641646E+002
    272200   0.7515239602E+003   0.1574862742E+002
    272300   0.7351267443E+003   0.1545668469E+002
    272400   0.7345646363E+003   0.1616194155E+002
    272500   0.7107285473E+003   0.1660938869E+002
    272600   0.7383902453E+003   0.1649823454E+002
    272700   0.7332855967E+003   0.1651800639E+002
    272800   0.7284751370E+003   0.1653693666E+002
    272900   0.7344119182E+003   0.1616252491E+002
    273000   0.7361953088E+003   0.1545276936E+002
    273100   0.7450744848E+003   0.1612246787E+002
    273200   0.7162345874E+003   0.1658645716E+002
    273300   0.7043626471E+003   0.1769415829E+002
    273400   0.7194483897E+003   0.1727653635E+002
    273500   0.7046943045E+003   0.1804448887E+002
    273600   0.7107889100E+003   0.1871849196E+002
    273700   0.7229643458E+003   0.1761261202E+002
    273800   0.7384138968E+003   0.1649814367E+002
    273900   0.7370716460E+003   0.1615240562E+002
    274000   0.7264932778E+003   0.1619316826E+002
    274100   0.7316400188E+003   0.1687539076E+002
    274200   0.7328425275E+003   0.1687059518E+002
    274300   0.7189688992E+003   0.1692707045E+002
    274400   0.7482260904E+003   0.1540959110E+002
    274500   0.7339206120E+003   0.1616440357E+002
    274600   0.7229354542E+003   0.1655910371E+002
    274700   0.7226649296E+003   0.1585598561E+002
    274800   0.7196965239E+003   0.1692404486E+002
    274900   0.7395694806E+003   0.1754387245E+002
    275000   0.7324785867E+003   0.1687204462E+002
    275100   0.7266300445E+003   0.1864684720E+002
    275200   0.7213999251E+003   0.2006630636E+002
    275300   0.7248077578E+003   0.2039816159E+002
    275400   0.7286297958E+003   0.1968428609E+002
    275500   0.7421062450E+003   0.1927636605E+002
    275600   0.7240680420E+003   0.1970532412E+002
    275700   0.7279410748E+003   0.1933899873E+002
    275800   0.7189399945E+003   0.2042639472E+002
    275900   0.7443444689E+003   0.1891900117E+002
    276000   0.7609553056E+003   0.1885052591E+002
    276100   0.7397841180E+003   0.1859007908E+002
    276200   0.7428182834E+003   0.1892547184E+002
    276300   0.7579035336E+003   0.1920972663E+002
    276400   0.7550529129E+003   0.1956824078E+002
    276500   0.7455916680E+003   0.1891373627E+002
    276600   0.7401163468E+003   0.1928499568E+002
    276700   0.7529232328E+003   0.1992377369E+002
    276800   0.7474854283E+003   0.1960049947E+002
    276900   0.7337906469E+003   0.1966085348E+002
    277000   0.7374116361E+003   0.1929681243E+002
    277100   0.7317295016E+003   0.1967016568E+002
    277200   0.7396895446E+003   0.1928685365E+002
    277300   0.7168988743E+003   0.1973902157E+002
    277400   0.7398341914E+003   0.1998123653E+002
    277500   0.7328487736E+003   0.2001288452E+002
    277600   0.7475068555E+003   0.1994726831E+002
    277700   0.7251816260E+003   0.2074397620E+002
    277800   0.7327875953E+003   0.2036061295E+002
    277900   0.7516314160E+003   0.1958273234E+002
    278000   0.7386873577E+003   0.1963897338E+002
    278100   0.7352378096E+003   0.2034927440E+002
    278200   0.7226055135E+003   0.2075645751E+002
    278300   0.7412636449E+003   0.1997484597E+002
    278400   0.7333446854E+003   0.1931477251E+002
    278500   0.7483934865E+003   0.1959658849E+002
    278600   0.7370353557E+003   0.1929846441E+002
    278700   0.7459417593E+003   0.1891226210E+002
    278800   0.7419794115E+003   0.1823229046E+002
    278900   0.7477147418E+003   0.1751145724E+002
    279000   0.7236771861E+003   0.1796004530E+002
    279100   0.7457310815E+003   0.1682033164E+002
    279200   0.7360560719E+003   0.1685786974E+002
    279300   0.7475001346E+003   0.1786115485E+002
    279400   0.7349813352E+003   0.1686211112E+002
    279500   0.7306445250E+003   0.1723004129E+002
    279600   0.7193641483E+003   0.1797877174E+002
    279700   0.7226187446E+003   0.1796461657E+002
    279800   0.7147084265E+003   0.1694493193E+002
    279900   0.7344262312E+003   0.1721471204E+002
    280000   0.7296229908E+003   0.1618096358E+002
    280100   0.7073174382E+003   0.1627073280E+002
    280200   0.7154506089E+003   0.1694180240E+002
    280300   0.7149137296E+003   0.1694406547E+002
    280400   0.7235709300E+003   0.1690805483E+002
    280500   0.7234575412E+003   0.1620512518E+002
    280600   0.7244033401E+003   0.1584923359E+002
    280700   0.7721735679E+003   0.1532830859E+002
    280800   0.7423962063E+003   0.1543030953E+002
    280900   0.7430622482E+003   0.1542792325E+002
    281000   0.7495201774E+003   0.1505398201E+002
    281100   0.7307319835E+003   0.1582497193E+002
    281200   0.7486705775E+003   0.1364905926E+002
    281300   0.7477721534E+003   0.1506000907E+002
    281400   0.7494053486E+003   0.1435123010E+002
    281500   0.7362256817E+003   0.1510066501E+002
    281600   0.7250760390E+003   0.1408084783E+002
    281700   0.7482283665E+003   0.1400296025E+002
    281800   0.7524897347E+003   0.1398923657E+002
    281900   0.7307132234E+003   0.1406134803E+002
    282000   0.7265078470E+003   0.1301249595E+002
    282100   0.7279617335E+003   0.1300779111E+002
    282200   0.7282308146E+003   0.1442351219E+002
    282300   0.7342195421E+003   0.1440257139E+002
    282400   0.7356241056E+003   0.1475044363E+002
    282500   0.7291120571E+003   0.1477361062E+002
    282600   0.7485250070E+003   0.1540853899E+002
    282700   0.7492871109E+003   0.1470337033E+002
    282800   0.7508899201E+003   0.1540024962E+002
    282900   0.7254112339E+003   0.1654914768E+002
    283000   0.7403737922E+003   0.1649063782E+002
    283100   0.7527187047E+003   0.1644440979E+002
    283200   0.7371173759E+003   0.1685369561E+002
    283300   0.7225930299E+003   0.1691207169E+002
    283400   0.7314850061E+003   0.1652505790E+002
    283500   0.7324202475E+003   0.1722282024E+002
    283600   0.7133904656E+003   0.1835598575E+002
    283700   0.7304999561E+003   0.1793095123E+002
    283800   0.7308060714E+003   0.1757969362E+002
    283900   0.7395657938E+003   0.1684411942E+002
    284000   0.7391295761E+003   0.1649539742E+002
    284100   0.7576869862E+003   0.1572693812E+002
    284200   0.7350776935E+003   0.1580859611E+002
    284300   0.7622876169E+003   0.1606055950E+002
    284400   0.7769239304E+003   0.1566181259E+002
    284500   0.7463625593E+003   0.1681792112E+002
    284600   0.7300688208E+003   0.1653063269E+002
    284700   0.7496102775E+003   0.1645588227E+002
    284800   0.7395674687E+003   0.1579191446E+002
    284900   0.7356080065E+003   0.1615796361E+002
    285000   0.7337213111E+003   0.1616516650E+002
    285100   0.7412536164E+003   0.1578571081E+002
    285200   0.7106740680E+003   0.1696207824E+002
    285300   0.7205811323E+003   0.1621656402E+002
    285400   0.7197522477E+003   0.1551453565E+002
    285500   0.7371890690E+003   0.1544914009E+002
    285600   0.7517498439E+003   0.1609806602E+002
    285700   0.7473250535E+003   0.1576364433E+002
    285800   0.7321181374E+003   0.1546778068E+002
    285900   0.7546244224E+003   0.1363038207E+002
    286000   0.7437667247E+003   0.1331154486E+002
    286100   0.7316954869E+003   0.1370427651E+002
    286200   0.7235605045E+003   0.1337713976E+002
    286300   0.7355804779E+003   0.1333760815E+002
    286400   0.7586787786E+003   0.1361786003E+002
    286500   0.7335091920E+003   0.1405180730E+002
    286600   0.7490999709E+003   0.1364770060E+002
    286700   0.7738332747E+003   0.1322134446E+002
    286800   0.7749197592E+003   0.1286692012E+002
    286900   0.7369024214E+003   0.1368702084E+002
    287000   0.7247957915E+003   0.1301806483E+002
    287100   0.7397646466E+003   0.1297040219E+002
    287200   0.7508652125E+003   0.1222950882E+002
    287300   0.7529943784E+003   0.1222344898E+002
    287400   0.7427495190E+003   0.1189837338E+002
    287500   0.7471306962E+003   0.1224023578E+002
    287600   0.7461191993E+003   0.1259717629E+002
    287700   0.7449897110E+003   0.1330770892E+002
    287800   0.7424204145E+003   0.1331578479E+002
    287900   0.7469138378E+003   0.1365463695E+002
    288000   0.7506224737E+003   0.1258388365E+002
    288100   0.7369176772E+003   0.1368697071E+002
    288200   0.7408635665E+003   0.1437980456E+002
    288300   0.7428295845E+003   0.1472536525E+002
    288400   0.7478026456E+003   0.1435653321E+002
    288500   0.7447854058E+003   0.1542177275E+002
    288600   0.7562921376E+003   0.1503094040E+002
    288700   0.7528017422E+003   0.1469158486E+002
    288800   0.7446774625E+003   0.1436695103E+002
    288900   0.7505109388E+003   0.1469925185E+002
    289000   0.7534741884E+003   0.1398609201E+002
    289100   0.7523500576E+003   0.1434155549E+002
    289200   0.7436095665E+003   0.1542596607E+002
    289300   0.7290172098E+003   0.1512681502E+002
    289400   0.7271319572E+003   0.1513375481E+002
    289500   0.7169414254E+003   0.1481824085E+002
    289600   0.7275530663E+003   0.1442590766E+002
    289700   0.7239670166E+003   0.1479226186E+002
    289800   0.7353489078E+003   0.1510381348E+002
    289900   0.7494584862E+003   0.1575598974E+002
    290000   0.7181359049E+003   0.1587375741E+002
    290100   0.7361423013E+003   0.1510096405E+002
    290200   0.7411673934E+003   0.1508308294E+002
    290300   0.7426576542E+003   0.1472595700E+002
    290400   0.7273305721E+003   0.1407300632E+002
    290500   0.7266878596E+003   0.1407523590E+002
    290600   0.7206204527E+003   0.1445071618E+002
    290700   0.7327380795E+003   0.1440771412E+002
    290800   0.7374580911E+003   0.1333157001E+002
    290900   0.7363491628E+003   0.1474789399E+002
    291000   0.7631227664E+003   0.1430690614E+002
    291100   0.7455562241E+003   0.1436401132E+002
    291200   0.7470948099E+003   0.1471078753E+002
    291300   0.7341180288E+003   0.1546039301E+002
    291400   0.7407122633E+003   0.1613869248E+002
    291500   0.7363590195E+003   0.1545217069E+002
    291600   0.7393315850E+003   0.1544135443E+002
    291700   0.7383992750E+003   0.1579623195E+002
    291800   0.7109768861E+003   0.1625554935E+002
    291900   0.7312837571E+003   0.1511852736E+002
    292000   0.7459979966E+003   0.1541746458E+002
    292100   0.7519321449E+003   0.1469448883E+002
    292200   0.7384118809E+003   0.1474067269E+002
    292300   0.7596657112E+003   0.1431790017E+002
    292400   0.7531447049E+003   0.1363499161E+002
    292500   0.7544361314E+003   0.1433475537E+002
    292600   0.7584611481E+003   0.1397030939E+002
    292700   0.7586256674E+003   0.1396979286E+002
    292800   0.7549231496E+003   0.1468453338E+002
    292900   0.7394010163E+003   0.1544110301E+002
    293000   0.7394423915E+003   0.1508918897E+002
    293100   0.7637452369E+003   0.1430493894E+002
    293200   0.7354365475E+003   0.1404528026E+002
    293300   0.7398205098E+003   0.1473576845E+002
    293400   0.7304240799E+003   0.1547407581E+002
    293500   0.7535505762E+003   0.1539099637E+002
    293600   0.7200693057E+003   0.1586613856E+002
    293700   0.7398939069E+003   0.1614176120E+002
    293800   0.7325854131E+003   0.1687161900E+002
    293900   0.7437162442E+003   0.1682805481E+002
    294000   0.7208656265E+003   0.1656748902E+002
    294100   0.7285874308E+003   0.1653649141E+002
    294200   0.7394982085E+003   0.1754415977E+002
    294300   0.7251213625E+003   0.1795383336E+002
    294400   0.7256681551E+003   0.1760116750E+002
    294500   0.7372489190E+003   0.1755326091E+002
    294600   0.7433502087E+003   0.1647932759E+002
    294700   0.7336219690E+003   0.1616554697E+002
    294800   0.7187329414E+003   0.1657618847E+002
    294900   0.7332507769E+003   0.1546359086E+002
    295000   0.7407661816E+003   0.1613849057E+002
    295100   0.7329314047E+003   0.1581665540E+002
    295200   0.7548199891E+003   0.1433350888E+002
    295300   0.7457201916E+003   0.1506712634E+002
    295400   0.7499629919E+003   0.1364497540E+002
    295500   0.7591203040E+003   0.1361650582E+002
    295600   0.7397757014E+003   0.1261622423E+002
    295700   0.7571063748E+003   0.1221185902E+002
    295800   0.7390366912E+003   0.1226392344E+002
    295900   0.7367117812E+003   0.1262556289E+002
    296000   0.7395227932E+003   0.1226248358E+002
    296100   0.7321857450E+003   0.1299424705E+002
    296200   0.7618269372E+003   0.1255160970E+002
    296300   0.7247099532E+003   0.1301834486E+002
    296400   0.7421573442E+003   0.1260902781E+002
    296500   0.7230116196E+003   0.1373370761E+002
    296600   0.7203356909E+003   0.1338801100E+002
    296700   0.7190650684E+003   0.1303693372E+002
    296800   0.7413250741E+003   0.1296556398E+002
    296900   0.7367352713E+003   0.1297986392E+002
    297000   0.7286239988E+003   0.1300565534E+002
    297100   0.7558374390E+003   0.1292168963E+002
    297200   0.7557843968E+003   0.1292184639E+002
    297300   0.7540047345E+003   0.1327988329E+002
    297400   0.7421390406E+003   0.1366995386E+002
    297500   0.7499655407E+003   0.1434938277E+002
    297600   0.7265940316E+003   0.1336701735E+002
    297700   0.7144018202E+003   0.1376372368E+002
    297800   0.7276759978E+003   0.1371779624E+002
    297900   0.7135646533E+003   0.1412179955E+002
    298000   0.7467058322E+003   0.1330235114E+002
    298100   0.7453019188E+003   0.1295334120E+002
    298200   0.7361817601E+003   0.1227242516E+002
    298300   0.7451638604E+003   0.1153673953E+002
    298400   0.7377705803E+003   0.1155736024E+002
    298500   0.7420611913E+003   0.1154533424E+002
    298600   0.7409298223E+003   0.1083726596E+002
    298700   0.7205997652E+003   0.1089270341E+002
    298800   0.7431479137E+003   0.1011917092E+002
    298900   0.7414882892E+003   0.1047970547E+002
    299000   0.7227813241E+003   0.1088657747E+002
    299100   0.7432532760E+003   0.1154202204E+002
    299200   0.7303899976E+003   0.1122217097E+002
    299300   0.7190627728E+003   0.1196861261E+002
    299400   0.7353414518E+003   0.1191976684E+002
    299500   0.7432468910E+003   0.1189695504E+002
    299600   0.7321248281E+003   0.1192921523E+002
    299700   0.7405707126E+003   0.1154949322E+002
    299800   0.7533873565E+003   0.1080503575E+002
    299900   0.7358754977E+003   0.1085071032E+002
    300000   0.7226620889E+003   0.1088691115E+002
    300100   0.7179064704E+003   0.1054231872E+002
    300200   0.7082629307E+003   0.1056935423E+002
    300300   0.7487607160E+003   0.1010546692E+002
    300400   0.7208032596E+003   0.9817752821E+001
    300500   0.7350155009E+003   0.1049641856E+002
    300600   0.7375621187E+003   0.9775955784E+001
    300700   0.7256812997E+003   0.1087850172E+002
    300800   0.7395987723E+003   0.1084078547E+002
    300900   0.7202439142E+003   0.1125115794E+002
    301000   0.7226544569E+003   0.1124418374E+002
    301100   0.7301630951E+003   0.1193502584E+002
    301200   0.7567931247E+003   0.1185916734E+002
    301300   0.7505580808E+003   0.1187636098E+002
    301400   0.7299562595E+003   0.1229123653E+002
    301500   0.7350415751E+003   0.1227584229E+002
    301600   0.7441857065E+003   0.1260294161E+002
    301700   0.7221456395E+003   0.1302674667E+002
    301800   0.7460435615E+003   0.1330441534E+002
    301900   0.7454946347E+003   0.1330612953E+002
    302000   0.7691624843E+003   0.1393724867E+002
    302100   0.7538543951E+003   0.1363277817E+002
    302200   0.7593610935E+003   0.1431887452E+002
    302300   0.7491840219E+003   0.1399986665E+002
    302400   0.7466503451E+003   0.1400808890E+002
    302500   0.7377000446E+003   0.1403766609E+002
    302600   0.7313728796E+003   0.1405908933E+002
    302700   0.7358772413E+003   0.1369039554E+002
    302800   0.7312516253E+003   0.1228729121E+002
    302900   0.7543754044E+003   0.1080253308E+002
    303000   0.7488588077E+003   0.1152661350E+002
    303100   0.7396841876E+003   0.1155197632E+002
    303200   0.7496920601E+003   0.1152434619E+002
    303300   0.7457216138E+003   0.1224431605E+002
    303400   0.7268664009E+003   0.1301133359E+002
    303500   0.7217145706E+003   0.1302816597E+002
    303600   0.7330251425E+003   0.1369984261E+002
    303700   0.7393804190E+003   0.1297159720E+002
    303800   0.7440802767E+003   0.1260325699E+002
    303900   0.7506667542E+003   0.1293709341E+002
    304000   0.7471653656E+003   0.1294766654E+002
    304100   0.7444909738E+003   0.1366238033E+002
    304200   0.7574411488E+003   0.1326948084E+002
    304300   0.7318855573E+003   0.1264046011E+002
    304400   0.7239873528E+003   0.1230963196E+002
    304500   0.7393013162E+003   0.1190826841E+002
    304600   0.7274065559E+003   0.1300958507E+002
    304700   0.7186592451E+003   0.1303828343E+002
    304800   0.7254418595E+003   0.1337085020E+002
    304900   0.7206091601E+003   0.1267618770E+002
    305000   0.7323675964E+003   0.1228390548E+002
    305100   0.7203078882E+003   0.1267716040E+002
    305200   0.7510324789E+003   0.1222903130E+002
    305300   0.7239027724E+003   0.1266561631E+002
    305400   0.7326778613E+003   0.1299268109E+002
    305500   0.7479838223E+003   0.1223777417E+002
    305600   0.7539348069E+003   0.1186700790E+002
    305700   0.7459275043E+003   0.1259774632E+002
    305800   0.7401122468E+003   0.1155077648E+002
    305900   0.7447747741E+003   0.1153781271E+002
    306000   0.7204716337E+003   0.1196428182E+002
    306100   0.7260343664E+003   0.1194737642E+002
    306200   0.7435235645E+003   0.1189616702E+002
    306300   0.7440083227E+003   0.1118472905E+002
    306400   0.7436338272E+003   0.1189585317E+002
    306500   0.7578840662E+003   0.1256283933E+002
    306600   0.7421912132E+003   0.1189996816E+002
    306700   0.7644052892E+003   0.1183862193E+002
    306800   0.7600584774E+003   0.1255662953E+002
    306900   0.7507440918E+003   0.1293686118E+002
    307000   0.7435933673E+003   0.1225051333E+002
    307100   0.7565780855E+003   0.1256658915E+002
    307200   0.7334820928E+003   0.1263550645E+002
    307300   0.7375310752E+003   0.1297736950E+002
    307400   0.7570982457E+003   0.1291797102E+002
    307500   0.7101237408E+003   0.1342320892E+002
    307600   0.7383918436E+003   0.1297467857E+002
    307700   0.7378880560E+003   0.1226733465E+002
    307800   0.7427937741E+003   0.1225285248E+002
    307900   0.7427738031E+003   0.1225291098E+002
    308000   0.7275009514E+003   0.1336401045E+002
    308100   0.7438411497E+003   0.1366446722E+002
    308200   0.7423669867E+003   0.1296234678E+002
    308300   0.7438179860E+003   0.1295788407E+002
    308400   0.7213837780E+003   0.1302925647E+002
