units		    real
atom_style	    full
boundary        p p p
pair_style	    lj/cut/coul/long 12
pair_modify     mix arithmetic tail yes
kspace_style    pppm 1e-6
bond_style      harmonic
angle_style     harmonic

read_data       ./data.lmp           # read the positions --------------comment it out for restarting
Reading data file ...
  orthogonal box = (0 0 0) to (49.133429 49.133429 49.133429)
  2 by 2 by 2 MPI processor grid
  reading atoms ...
  1500 atoms
  scanning bonds ...
  1 = max bonds/atom
  scanning angles ...
  1 = max angles/atom
  orthogonal box = (0 0 0) to (49.133429 49.133429 49.133429)
  2 by 2 by 2 MPI processor grid
  reading bonds ...
  1000 bonds
  reading angles ...
  500 angles
Finding 1-2 1-3 1-4 neighbors ...
  special bond factors lj:    0        0        0       
  special bond factors coul:  0        0        0       
     2 = max # of 1-2 neighbors
     1 = max # of 1-3 neighbors
     1 = max # of 1-4 neighbors
     2 = max # of special neighbors
  special bonds CPU = 0.000 seconds
  read_data CPU = 0.658 seconds
#read_restart   2.restart

#----------------------------------------------------------------------------#
# FORCEFIELD - TraPPE Flexible model for N2
#----------------------------------------------------------------------------#

pair_coeff      1   1  0.071539  3.310  # [N2]-L-[N2]
pair_coeff      2   2  0.0009936 0.5   # N2-[L]

bond_coeff      1   500 0.55            # [N2]-[L]

angle_coeff     1   50 180              # N2-N2_X-N2

mass 1 13.9067      # N2
mass 2  0.1         # N2_X

set type        1   charge     -0.482             # N2
Setting atom values ...
  1000 settings made for charge
set type        2   charge      0.964             # N2_X
Setting atom values ...
  500 settings made for charge

#------------------------ VARIABLES------------------------------------------#

variable  TEMP_INDEX       equal 300  # in K
variable  PRESS_INDEX      equal 180  # in bar
variable  RandomSeed       equal 48000  # RANDOM SEED
variable  nz_layers        equal 20
variable  nx_layers        equal 3
variable  timestep         equal 0.5

variable  simulationTemp   equal ${TEMP_INDEX}
variable  simulationTemp   equal 300
variable  pressure         equal 0.987*${PRESS_INDEX}
variable  pressure         equal 0.987*180

variable  Ninptpre         equal 50000
variable  Ninpt            equal 400000     # 0.2 ns
variable  npt_run          equal 2000000    # 1 ns
variable  NBR              equal ${npt_run}/100
variable  NBR              equal 2000000/100

variable  Density          equal density
variable  Volume           equal vol

variable  dumpfreq         equal 1000
variable  thermofreq       equal 1000
variable  printfreq        equal 1000
variable  restartfreq      equal 1000000

variable  NVT_init         equal 200000    # 0.1 ns
variable  NVT_init_2       equal 200000    # 0.1 ns
variable  NVE_reshape      equal 10000
variable  NVT_prod         equal 1000000   # 0.5 ns
variable  NVE_cuboid       equal 200000    # 0.1 ns

variable  thermo_num       equal 1000

#---------------------------- GROUPS/NEIGHBOUR - LIST -----------------------------------------------------------------------#

group           oxy  type 1
1000 atoms in group oxy
group           carb type 2
500 atoms in group carb

neighbor	    3.0 bin
neigh_modify    every 1 delay 0 check yes
run_style       verlet

#---------------------------- CONGUGATE-GRADIENT MINIMIZATION --------------------------------------------------------#

#minimize energytolerance forcetolerance max_iterations_of_minimizer max_number_of_force_or_energy_evaluations
minimize        1e-6 1e-8 100000 10000000
PPPM initialization ...
  using 12-bit tables for long-range coulomb (src/kspace.cpp:342)
  G vector (1/distance) = 0.27179988
  grid = 48 48 48
  stencil order = 5
  estimated absolute RMS force accuracy = 0.00033983665
  estimated relative force accuracy = 1.023408e-06
  using single precision FFTW3
  3d grid and FFT values/proc = 29791 13824
Generated 1 of 1 mixed pair_coeff terms from arithmetic mixing rule
Last active /omp style is kspace_style pppm/omp
Neighbor list info ...
  update: every = 1 steps, delay = 0 steps, check = yes
  max neighbors/atom: 2000, page size: 100000
  master list distance cutoff = 15
  ghost atom cutoff = 15
  binsize = 7.5, bins = 7 7 7
  1 neighbor lists, perpetual/occasional/extra = 1 0 0
  (1) pair lj/cut/coul/long/omp, perpetual
      attributes: half, newton on, omp
      pair build: half/bin/newton/omp
      stencil: half/bin/3d
      bin: standard
Per MPI rank memory allocation (min/avg/max) = 9.598 | 9.605 | 9.618 Mbytes
   Step          Temp          E_pair         E_mol          TotEng         Press     
         0   0              31.241024      1.4887424e-05  31.241039      529.65146    
      9001   0             -595.82873      0.30684348    -595.52188     -20.358581    
Loop time of 43.6468 on 8 procs for 9001 steps with 1500 atoms

99.2% CPU use with 8 MPI tasks x 1 OpenMP threads

Minimization stats:
  Stopping criterion = energy tolerance
  Energy initial, next-to-last, final = 
      31.2410390596676  -595.521782365652  -595.521883522578
  Force two-norm initial, final = 127.77698 0.86441691
  Force max component initial, final = 15.446157 0.14579757
  Final line search alpha, max atom move = 0.78989016 0.11516407
  Iterations, force evaluations = 9001 18003

MPI task timing breakdown:
Section |  min time  |  avg time  |  max time  |%varavg| %total
---------------------------------------------------------------
Pair    | 4.9606     | 9.2596     | 13.488     |  92.8 | 21.21
Bond    | 0.13817    | 0.16457    | 0.2072     |   6.4 |  0.38
Kspace  | 28.14      | 32.379     | 36.697     |  49.9 | 74.18
Neigh   | 0.027518   | 0.027716   | 0.027919   |   0.1 |  0.06
Comm    | 1.3339     | 1.3672     | 1.4016     |   2.4 |  3.13
Output  | 0          | 0          | 0          |   0.0 |  0.00
Modify  | 0.053032   | 0.057361   | 0.05958    |   0.9 |  0.13
Other   |            | 0.3912     |            |       |  0.90

Nlocal:          187.5 ave         279 max         125 min
Histogram: 2 2 0 1 0 1 0 0 0 2
Nghost:        2093.88 ave        2157 max        1963 min
Histogram: 1 0 1 0 0 1 0 0 2 3
Neighs:        25125.1 ave       43668 max        8579 min
Histogram: 1 0 1 2 1 0 1 1 0 1

Total # of neighbors = 201001
Ave neighs/atom = 134.00067
Ave special neighs/atom = 2
Neighbor list builds = 39
Dangerous builds = 0

#---------------------------- NPT simulations  ---------------------------------------------------------------------#

fix runnpt all npt temp ${simulationTemp} ${simulationTemp} 10 iso ${pressure} ${pressure} 100
fix runnpt all npt temp 300 ${simulationTemp} 10 iso ${pressure} ${pressure} 100
fix runnpt all npt temp 300 300 10 iso ${pressure} ${pressure} 100
fix runnpt all npt temp 300 300 10 iso 177.66 ${pressure} 100
fix runnpt all npt temp 300 300 10 iso 177.66 177.66 100

thermo_style custom step pe ke etotal press temp v_Density
thermo_modify flush yes
thermo ${thermo_num}
thermo 1000

velocity all create ${simulationTemp} ${RandomSeed} mom yes rot yes dist gaussian
velocity all create 300 ${RandomSeed} mom yes rot yes dist gaussian
velocity all create 300 48000 mom yes rot yes dist gaussian

#-----------------------
# Run (Pre-Initialization)
#-----------------------

timestep    0.1
run         ${Ninptpre}
run         50000
PPPM initialization ...
  using 12-bit tables for long-range coulomb (src/kspace.cpp:342)
  G vector (1/distance) = 0.27179988
  grid = 48 48 48
  stencil order = 5
  estimated absolute RMS force accuracy = 0.00033983665
  estimated relative force accuracy = 1.023408e-06
  using single precision FFTW3
  3d grid and FFT values/proc = 29791 13824
Generated 1 of 1 mixed pair_coeff terms from arithmetic mixing rule
Last active /omp style is kspace_style pppm/omp
Per MPI rank memory allocation (min/avg/max) = 8.495 | 8.53 | 8.762 Mbytes
   Step         PotEng         KinEng         TotEng         Press           Temp        v_Density   
      9001  -595.52188      1340.4703      744.9484       496.24667      300            0.19538921   
     10000   241.78773      1152.7345      1394.5222      303.4578       257.98434      0.16150235   
     11000   66.557788      1431.5075      1498.0653      252.90606      320.37432      0.13982925   
     12000   219.37802      1317.6339      1537.0119      162.09047      294.88917      0.13241319   
     13000   227.99813      1314.8232      1542.8213      171.18665      294.26013      0.13464171   
     14000   168.41599      1395.7949      1564.2108      198.7995       312.38175      0.13882963   
     15000   271.17794      1275.7238      1546.9017      130.97059      285.5096       0.14513575   
     16000   181.6742       1407.0178      1588.692       217.55996      314.89346      0.14709414   
     17000   300.32391      1257.8446      1558.1685      121.04345      281.50821      0.15273386   
     18000   179.97766      1405.8837      1585.8614      207.92089      314.63966      0.16157846   
     19000   270.79561      1301.0894      1571.885       140.60517      291.18647      0.16368077   
     20000   251.32829      1375.0582      1626.3864      197.86841      307.74084      0.16862728   
     21000   291.79401      1345.48        1637.274       165.65532      301.12118      0.16353747   
     22000   277.71748      1366.4446      1644.1621      181.9968       305.81311      0.17443007   
     23000   257.24446      1392.1822      1649.4266      155.86646      311.57323      0.1762694    
     24000   297.47758      1337.7953      1635.2729      174.53731      299.40133      0.18142791   
     25000   261.22509      1395.8448      1657.0699      230.92591      312.39294      0.17903664   
     26000   320.65366      1333.2639      1653.9176      136.49707      298.3872       0.17641212   
     27000   272.50115      1404.098       1676.5992      222.34937      314.24002      0.18395642   
     28000   324.68886      1316.5907      1641.2795      169.69298      294.65569      0.17653199   
     29000   287.03491      1329.284       1616.3189      173.66108      297.49649      0.17268433   
     30000   302.61759      1335.0588      1637.6764      212.01098      298.7889       0.17929515   
     31000   324.05454      1302.7163      1626.7708      160.8797       291.55058      0.17711729   
     32000   316.22705      1328.4581      1644.6851      135.67188      297.31164      0.16864989   
     33000   315.2817       1322.0797      1637.3614      212.1802       295.88416      0.17504921   
     34000   306.3746       1392.5003      1698.8749      240.91966      311.64442      0.18520361   
     35000   321.02911      1365.9175      1686.9466      146.76262      305.69513      0.1754325    
     36000   333.49615      1363.2691      1696.7653      183.21454      305.10243      0.17195685   
     37000   340.71839      1341.3108      1682.0291      190.8224       300.1881       0.16776962   
     38000   351.06087      1331.9997      1683.0605      169.90212      298.10426      0.16675545   
     39000   353.08064      1308.4018      1661.4825      139.31174      292.82302      0.15773919   
     40000   328.68361      1381.7449      1710.4285      194.60487      309.23735      0.16122266   
     41000   372.2326       1322.8333      1695.0659      181.99455      296.05282      0.17187623   
     42000   309.66096      1397.9209      1707.5818      171.15394      312.85756      0.17364199   
     43000   356.09673      1367.9856      1724.0823      159.45175      306.15798      0.17008595   
     44000   351.74035      1338.0828      1689.8232      192.65465      299.46568      0.16273357   
     45000   355.59305      1304.0006      1659.5937      171.16189      291.83802      0.17520225   
     46000   360.78325      1293.9699      1654.7531      135.05064      289.59312      0.17743653   
     47000   333.93345      1299.4185      1633.352       184.65193      290.81253      0.17396481   
     48000   340.03325      1317.216       1657.2492      192.76476      294.79564      0.16500558   
     49000   326.1307       1384.0125      1710.1432      210.91531      309.74483      0.16459413   
     50000   359.15209      1323.4574      1682.6095      143.55559      296.19249      0.16373382   
     51000   313.65674      1308.0913      1621.7481      195.93915      292.75352      0.17373991   
     52000   322.85109      1320.3687      1643.2198      199.5033       295.50122      0.17905775   
     53000   340.70107      1291.511       1632.2121      165.21039      289.04282      0.17510327   
     54000   355.27885      1320.7363      1676.0152      146.93012      295.58351      0.17025066   
     55000   356.9952       1332.4472      1689.4424      192.76857      298.20441      0.17119626   
     56000   352.10183      1343.0507      1695.1525      179.35824      300.5775       0.16865916   
     57000   359.42244      1340.278       1699.7004      178.2516       299.95697      0.17077907   
     58000   345.75349      1383.3719      1729.1254      205.25025      309.60147      0.18082362   
     59000   353.52461      1304.4309      1657.9555      178.47603      291.93431      0.16462228   
     59001   348.8842       1309.3285      1658.2127      181.74052      293.03041      0.16460983   
Loop time of 224.341 on 8 procs for 50000 steps with 1500 atoms

Performance: 1.926 ns/day, 12.463 hours/ns, 222.875 timesteps/s, 334.313 katom-step/s
99.3% CPU use with 8 MPI tasks x 1 OpenMP threads

MPI task timing breakdown:
Section |  min time  |  avg time  |  max time  |%varavg| %total
---------------------------------------------------------------
Pair    | 8.5035     | 11.505     | 15.758     |  67.1 |  5.13
Bond    | 0.4302     | 0.53047    | 0.63097    |   8.6 |  0.24
Kspace  | 88.456     | 92.736     | 95.841     |  24.0 | 41.34
Neigh   | 0.054057   | 0.054275   | 0.054435   |   0.1 |  0.02
Comm    | 3.6509     | 3.7155     | 3.764      |   1.9 |  1.66
Output  | 0.0023092  | 0.0025281  | 0.0039731  |   1.1 |  0.00
Modify  | 110.73     | 113.38     | 114.72     |  12.8 | 50.54
Other   |            | 2.418      |            |       |  1.08

Nlocal:          187.5 ave         262 max         126 min
Histogram: 1 0 1 3 0 0 2 0 0 1
Nghost:        1666.88 ave        1738 max        1574 min
Histogram: 1 0 1 0 0 1 3 1 0 1
Neighs:        14726.8 ave       24303 max        8806 min
Histogram: 1 0 4 0 1 0 1 0 0 1

Total # of neighbors = 117814
Ave neighs/atom = 78.542667
Ave special neighs/atom = 2
Neighbor list builds = 87
Dangerous builds = 0

timestep    0.25
run         ${Ninptpre}
run         50000
PPPM initialization ...
  using 12-bit tables for long-range coulomb (src/kspace.cpp:342)
  G vector (1/distance) = 0.26843287
  grid = 48 48 48
  stencil order = 5
  estimated absolute RMS force accuracy = 0.00040325933
  estimated relative force accuracy = 1.2144035e-06
  using single precision FFTW3
  3d grid and FFT values/proc = 29791 13824
Generated 1 of 1 mixed pair_coeff terms from arithmetic mixing rule
Last active /omp style is kspace_style pppm/omp
Per MPI rank memory allocation (min/avg/max) = 8.496 | 8.531 | 8.763 Mbytes
   Step         PotEng         KinEng         TotEng         Press           Temp        v_Density   
     59001   348.8861       1309.3285      1658.2146      181.74309      293.03041      0.16460983   
     60000   378.3485       1340.5312      1718.8797      179.88329      300.01363      0.17230143   
     61000   369.24783      1297.4692      1666.717       195.94384      290.37627      0.18154933   
     62000   370.47993      1306.681       1677.1609      196.74687      292.43789      0.17090978   
     63000   360.81313      1286.0026      1646.8157      195.8456       287.81002      0.17350663   
     64000   340.70826      1350.4014      1691.1097      133.82343      302.22261      0.18260356   
     65000   381.91333      1386.4948      1768.4082      109.71941      310.30039      0.16239927   
     66000   369.74223      1361.6807      1731.4229      152.35918      304.74693      0.16501493   
     67000   372.39479      1375.3445      1747.7393      235.2118       307.80491      0.16579778   
     68000   384.26352      1369.9593      1754.2229      310.11126      306.59971      0.16293844   
     69000   372.78763      1379.1619      1751.9496      274.10159      308.65927      0.16025283   
     70000   362.21635      1359.9072      1722.1235      182.98053      304.35002      0.16651385   
     71000   357.25672      1325.9495      1683.2062      30.536221      296.75022      0.16632359   
     72000   367.96279      1288.7804      1656.7432      26.267674      288.4317       0.17161166   
     73000   378.95764      1340.3572      1719.3149      152.79851      299.9747       0.16080208   
     74000   381.00128      1351.4176      1732.4189      296.32458      302.45003      0.17053024   
     75000   379.44875      1357.4069      1736.8557      262.1048       303.79045      0.1646002    
     76000   404.74101      1343.7241      1748.4652      222.5446       300.72822      0.17475405   
     77000   367.84528      1323.9636      1691.8089      76.742197      296.30577      0.17495309   
     78000   395.68288      1284.8192      1680.5021      77.044073      287.54518      0.16065431   
     79000   371.79391      1273.8969      1645.6908      114.89749      285.10075      0.16789364   
     80000   388.68669      1371.0775      1759.7642      284.28733      306.84997      0.17884223   
     81000   360.00336      1362.1033      1722.1067      284.5474       304.84151      0.16701796   
     82000   398.73604      1359.619       1758.355       199.87943      304.28552      0.15932097   
     83000   394.71352      1337.1065      1731.82        167.59371      299.24718      0.16497073   
     84000   404.47312      1334.785       1739.2581      106.14142      298.72762      0.15913497   
     85000   417.85814      1340.128       1757.9861      133.54265      299.92339      0.16044589   
     86000   380.99279      1343.3404      1724.3332      209.7773       300.64233      0.16534341   
     87000   411.65425      1331.3953      1743.0496      193.48654      297.96901      0.15733239   
     88000   392.0286       1345.2346      1737.2632      207.61245      301.06625      0.16183417   
     89000   401.03254      1361.1264      1762.1589      157.01784      304.62288      0.15904107   
     90000   391.62049      1352.9232      1744.5436      109.81458      302.78698      0.17300914   
     91000   394.07354      1348.0652      1742.1388      111.11221      301.69976      0.1696035    
     92000   387.16997      1373.0208      1760.1908      219.74965      307.28487      0.17003588   
     93000   400.19716      1359.6889      1759.8861      237.61002      304.30117      0.16104582   
     94000   391.91343      1330.2223      1722.1357      202.74166      297.70647      0.1594992    
     95000   363.99508      1301.5512      1665.5463      180.18108      291.28983      0.1648274    
     96000   379.01743      1298.8407      1677.8581      124.75596      290.6832       0.16219303   
     97000   392.9228       1323.0607      1715.9835      96.482885      296.10369      0.16054884   
     98000   359.61446      1354.4043      1714.0188      193.94565      303.11847      0.17776103   
     99000   388.02035      1349.9337      1737.954       280.64969      302.11793      0.1646202    
    100000   351.45852      1325.8109      1677.2695      406.674        296.71921      0.17444471   
    101000   384.43369      1350.2935      1734.7271      251.16001      302.19845      0.16564528   
    102000   375.72837      1301.4298      1677.1582      100.97554      291.26267      0.16482864   
    103000   372.82772      1342.1065      1714.9343      77.408616      300.3662       0.167059     
    104000   390.39157      1378.4961      1768.8877      107.42635      308.51026      0.1659878    
    105000   368.3285       1329.3086      1697.6371      180.54705      297.50199      0.16119816   
    106000   374.62059      1332.3781      1706.9987      198.9507       298.18896      0.16135016   
    107000   381.535        1375.2121      1756.7471      263.50747      307.7753       0.16570706   
    108000   390.5373       1329.0569      1719.5942      224.51228      297.44567      0.15610914   
    109000   391.251        1372.8975      1764.1485      113.01913      307.25728      0.15660208   
    109001   391.11388      1372.189       1763.3029      107.60352      307.09872      0.15657973   
Loop time of 221.053 on 8 procs for 50000 steps with 1500 atoms

Performance: 4.886 ns/day, 4.912 hours/ns, 226.190 timesteps/s, 339.285 katom-step/s
99.4% CPU use with 8 MPI tasks x 1 OpenMP threads

MPI task timing breakdown:
Section |  min time  |  avg time  |  max time  |%varavg| %total
---------------------------------------------------------------
Pair    | 8.1341     | 9.7615     | 11.777     |  43.7 |  4.42
Bond    | 0.48588    | 0.53098    | 0.58348    |   4.9 |  0.24
Kspace  | 89.612     | 91.676     | 93.313     |  14.4 | 41.47
Neigh   | 0.11376    | 0.11401    | 0.11455    |   0.1 |  0.05
Comm    | 3.5337     | 3.5496     | 3.5608     |   0.4 |  1.61
Output  | 0.0022137  | 0.0024042  | 0.0036585  |   1.0 |  0.00
Modify  | 110.7      | 113.17     | 114.66     |  12.8 | 51.20
Other   |            | 2.248      |            |       |  1.02

Nlocal:          187.5 ave         223 max         154 min
Histogram: 1 0 1 2 1 0 1 0 1 1
Nghost:        1638.62 ave        1703 max        1580 min
Histogram: 2 0 1 1 1 0 0 0 1 2
Neighs:        13755.1 ave       16597 max       10228 min
Histogram: 1 0 1 1 1 0 1 1 0 2

Total # of neighbors = 110041
Ave neighs/atom = 73.360667
Ave special neighs/atom = 2
Neighbor list builds = 191
Dangerous builds = 0

timestep    0.5
run         ${Ninptpre}
run         50000
PPPM initialization ...
  using 12-bit tables for long-range coulomb (src/kspace.cpp:342)
  G vector (1/distance) = 0.2675266
  grid = 48 48 48
  stencil order = 5
  estimated absolute RMS force accuracy = 0.00042296644
  estimated relative force accuracy = 1.2737509e-06
  using single precision FFTW3
  3d grid and FFT values/proc = 29791 13824
Generated 1 of 1 mixed pair_coeff terms from arithmetic mixing rule
Last active /omp style is kspace_style pppm/omp
Per MPI rank memory allocation (min/avg/max) = 8.496 | 8.531 | 8.763 Mbytes
   Step         PotEng         KinEng         TotEng         Press           Temp        v_Density   
    109001   391.1144       1372.189       1763.3034      107.60434      307.09872      0.15657973   
    110000   450.94553      1344.8982      1795.8437      138.49039      300.99098      0.18244942   
    111000   491.44425      1341.8497      1833.2939      241.32699      300.30872      0.18863941   
    112000   449.80829      1348.4768      1798.285       149.22814      301.79186      0.19344264   
    113000   456.40219      1353.0824      1809.4846      114.97342      302.82262      0.20041797   
    114000   447.35039      1373.7613      1821.1117      245.07995      307.45059      0.20046706   
    115000   488.29843      1321.1964      1809.4949      183.53585      295.68648      0.19788889   
    116000   496.42501      1315.4203      1811.8453      2.6406693      294.39375      0.18718233   
    117000   530.81827      1351.3232      1882.1415      226.95803      302.42891      0.18057398   
    118000   499.94794      1358.2552      1858.2031      235.44355      303.98029      0.17880604   
    119000   483.9738       1354.6583      1838.6321      122.05017      303.1753       0.18873546   
    120000   487.29597      1320.84        1808.1359      198.20384      295.60669      0.19782343   
    121000   449.00477      1280.2194      1729.2242      208.85491      286.51573      0.19128366   
    122000   471.72286      1320.0611      1791.784       150.30934      295.43238      0.19528233   
    123000   499.90664      1299.1348      1799.0415      149.12646      290.74904      0.19494011   
    124000   473.69235      1330.1334      1803.8257      222.84203      297.68658      0.20251403   
    125000   473.59624      1367.9812      1841.5775      145.86896      306.157        0.1938997    
    126000   440.27073      1371.3797      1811.6504      178.15608      306.91758      0.21393428   
    127000   450.55005      1315.6365      1766.1865      212.3309       294.44214      0.20589798   
    128000   456.80113      1321.7804      1778.5815      190.02441      295.81716      0.20093084   
    129000   469.05765      1400.1497      1869.2073      169.8529       313.35638      0.21103452   
    130000   477.18171      1369.2243      1846.406       259.02084      306.43521      0.21292389   
    131000   446.40457      1291.5467      1737.9512      198.54016      289.05079      0.20678708   
    132000   446.92564      1360.5284      1807.454       58.755713      304.48905      0.21360134   
    133000   445.35175      1350.3788      1795.7305      193.53746      302.21754      0.21526819   
    134000   463.63235      1304.852       1768.4843      246.28259      292.02855      0.19884737   
    135000   496.57516      1326.9563      1823.5315      96.599412      296.97555      0.20034202   
    136000   469.8647       1309.2751      1779.1398      127.05735      293.01845      0.19630507   
    137000   480.57002      1361.4356      1842.0056      229.66035      304.69208      0.20194507   
    138000   451.98286      1334.8426      1786.8254      153.2646       298.74051      0.20581708   
    139000   477.34403      1373.8053      1851.1494      130.68204      307.46046      0.20253547   
    140000   500.44111      1351.3617      1851.8029      245.97917      302.43753      0.19437047   
    141000   457.78338      1354.3751      1812.1585      160.02535      303.11193      0.20246553   
    142000   483.31197      1318.8279      1802.1399      49.434948      295.15639      0.19762549   
    143000   453.25981      1348.2146      1801.4744      292.96289      301.73319      0.20424093   
    144000   452.83567      1313.5746      1766.4103      153.74615      293.98069      0.19247163   
    145000   464.94587      1297.414       1762.3599      135.95141      290.36393      0.19565711   
    146000   493.78844      1336.599       1830.3874      248.61964      299.1336       0.19384795   
    147000   490.26108      1359.2784      1849.5395      156.2765       304.2093       0.18452681   
    148000   471.49642      1274.388       1745.8844      114.78748      285.21065      0.20040743   
    149000   450.85402      1293.9526      1744.8067      238.46755      289.58926      0.19539639   
    150000   433.98453      1356.2917      1790.2762      198.08182      303.54086      0.20674883   
    151000   465.19964      1295.869       1761.0687      33.266338      290.01815      0.20734169   
    152000   473.01251      1361.2927      1834.3052      287.71969      304.66011      0.19343145   
    153000   461.19156      1350.8313      1812.0229      223.44962      302.31883      0.20369872   
    154000   454.3425       1386.4374      1840.7799      69.074321      310.28754      0.20488436   
    155000   469.72209      1360.0326      1829.7547      217.88898      304.37808      0.20099698   
    156000   458.06896      1347.9975      1806.0664      242.63792      301.6846       0.19487824   
    157000   466.72703      1346.7221      1813.4491      25.91675       301.39917      0.19754065   
    158000   470.56167      1316.0218      1786.5834      239.29735      294.52837      0.19888558   
    159000   444.56478      1304.1534      1748.7182      215.16109      291.87222      0.20145589   
    159001   430.78322      1314.7466      1745.5299      210.86534      294.243        0.20138497   
Loop time of 221.381 on 8 procs for 50000 steps with 1500 atoms

Performance: 9.757 ns/day, 2.460 hours/ns, 225.855 timesteps/s, 338.782 katom-step/s
99.4% CPU use with 8 MPI tasks x 1 OpenMP threads

MPI task timing breakdown:
Section |  min time  |  avg time  |  max time  |%varavg| %total
---------------------------------------------------------------
Pair    | 10.869     | 11.316     | 11.858     |  10.4 |  5.11
Bond    | 0.51777    | 0.53219    | 0.5575     |   2.1 |  0.24
Kspace  | 89.341     | 89.924     | 90.362     |   3.8 | 40.62
Neigh   | 0.24388    | 0.24424    | 0.24467    |   0.1 |  0.11
Comm    | 3.7456     | 3.7801     | 3.8109     |   1.1 |  1.71
Output  | 0.0021633  | 0.002345   | 0.0034828  |   0.9 |  0.00
Modify  | 110.92     | 113.39     | 114.83     |  13.1 | 51.22
Other   |            | 2.194      |            |       |  0.99

Nlocal:          187.5 ave         215 max         159 min
Histogram: 1 1 1 0 0 2 0 2 0 1
Nghost:        1933.75 ave        1968 max        1888 min
Histogram: 1 0 0 1 2 0 1 0 1 2
Neighs:        17683.1 ave       20060 max       14010 min
Histogram: 1 0 0 2 0 0 2 0 1 2

Total # of neighbors = 141465
Ave neighs/atom = 94.31
Ave special neighs/atom = 2
Neighbor list builds = 391
Dangerous builds = 0

#-----------------------
# Run (Initialization)
#-----------------------

unfix       runnpt
reset_timestep 0

fix runnpt all npt temp ${simulationTemp} ${simulationTemp} 100 iso ${pressure} ${pressure} 1000
fix runnpt all npt temp 300 ${simulationTemp} 100 iso ${pressure} ${pressure} 1000
fix runnpt all npt temp 300 300 100 iso ${pressure} ${pressure} 1000
fix runnpt all npt temp 300 300 100 iso 177.66 ${pressure} 1000
fix runnpt all npt temp 300 300 100 iso 177.66 177.66 1000

timestep    ${timestep}
timestep    0.5
run         ${Ninpt}
run         400000
PPPM initialization ...
  using 12-bit tables for long-range coulomb (src/kspace.cpp:342)
  G vector (1/distance) = 0.27236899
  grid = 48 48 48
  stencil order = 5
  estimated absolute RMS force accuracy = 0.00032993518
  estimated relative force accuracy = 9.9358999e-07
  using single precision FFTW3
  3d grid and FFT values/proc = 29791 13824
Generated 1 of 1 mixed pair_coeff terms from arithmetic mixing rule
Last active /omp style is kspace_style pppm/omp
Per MPI rank memory allocation (min/avg/max) = 8.496 | 8.531 | 8.763 Mbytes
   Step         PotEng         KinEng         TotEng         Press           Temp        v_Density   
         0   430.78084      1314.7466      1745.5275      210.86173      294.243        0.20138497   
      1000   455.33025      1329.3603      1784.6905      306.01682      297.51356      0.20236577   
      2000   484.18027      1320.8934      1805.0737      259.91218      295.61866      0.20150324   
      3000   458.40062      1342.122       1800.5226      215.88997      300.36966      0.19925916   
      4000   461.89374      1344.5867      1806.4805      217.84116      300.92127      0.19534158   
      5000   473.60039      1306.2128      1779.8132      86.167934      292.33311      0.19141071   
      6000   490.55774      1331.7503      1822.3081      37.233226      298.04846      0.19261608   
      7000   471.81832      1341.3898      1813.2081      86.763737      300.20579      0.19876877   
      8000   469.36155      1342.4621      1811.8236      207.25584      300.44576      0.20405169   
      9000   456.05311      1341.5137      1797.5668      286.13326      300.23351      0.20840506   
     10000   459.2828       1338.0665      1797.3493      314.64275      299.46202      0.20891398   
     11000   464.41034      1282.9606      1747.3709      290.68769      287.12921      0.20337857   
     12000   476.81079      1331.8471      1808.6579      251.55595      298.07012      0.19744745   
     13000   451.71805      1351.4483      1803.1663      211.08912      302.45689      0.19841001   
     14000   459.55831      1328.3436      1787.9019      141.39024      297.28602      0.19965948   
     15000   453.02272      1348.0976      1801.1203      112.2475       301.70701      0.19911073   
     16000   483.93654      1327.3502      1811.2868      80.555139      297.06371      0.19728198   
     17000   458.96861      1325.9004      1784.869       171.03497      296.73923      0.19837074   
     18000   451.41206      1293.8115      1745.2236      199.26924      289.55767      0.20076318   
     19000   474.24271      1276.9024      1751.1451      216.53243      285.77338      0.20387851   
     20000   453.30058      1324.2491      1777.5497      166.38748      296.36967      0.20670073   
     21000   440.54429      1352.0114      1792.5557      204.35047      302.58292      0.20952847   
     22000   457.62041      1363.4722      1821.0926      202.51884      305.14787      0.2110104    
     23000   493.37651      1358.0304      1851.4069      197.95922      303.92999      0.20835285   
     24000   491.44889      1380.2928      1871.7417      241.28455      308.91237      0.20341644   
     25000   486.18029      1336.0878      1822.2681      248.34604      299.0192       0.20226728   
     26000   500.80609      1337.5839      1838.39        195.64531      299.35402      0.20012431   
     27000   473.97324      1351.8213      1825.7946      202.42821      302.54039      0.19704199   
     28000   512.62067      1358.1583      1870.779       146.63111      303.95861      0.19068395   
     29000   513.46265      1342.3677      1855.8303      160.14056      300.42464      0.18550086   
     30000   491.51517      1387.0442      1878.5593      129.01461      310.42333      0.18308831   
     31000   494.17406      1385.7325      1879.9066      150.28927      310.12979      0.18682891   
     32000   473.36679      1330.9265      1804.2933      141.00115      297.86408      0.19579049   
     33000   445.50265      1322.2561      1767.7588      144.34241      295.92363      0.20235496   
     34000   463.13887      1345.6974      1808.8363      151.13052      301.16985      0.20527281   
     35000   461.01312      1337.1029      1798.1161      150.82966      299.24638      0.20799286   
     36000   483.53089      1291.5542      1775.0851      185.92887      289.05249      0.20605861   
     37000   469.9872       1357.3267      1827.3139      169.34187      303.7725       0.19755613   
     38000   472.99337      1363.5427      1836.5361      187.13506      305.16366      0.19371865   
     39000   483.3589       1343.7806      1827.1395      259.26476      300.74086      0.19466018   
     40000   473.89344      1379.1104      1853.0039      289.24202      308.64774      0.19521997   
     41000   480.97453      1402.206       1883.1805      230.94425      313.81657      0.19440958   
     42000   494.99897      1362.4312      1857.4302      182.08755      304.9149       0.19643273   
     43000   490.82731      1370.604       1861.4313      164.46155      306.74398      0.20058079   
     44000   446.36568      1336.5225      1782.8882      164.45924      299.11648      0.21010091   
     45000   432.94293      1344.9699      1777.9128      199.7197       301.00702      0.21958742   
     46000   465.11812      1309.1485      1774.2667      217.95001      292.99013      0.21819107   
     47000   478.16478      1371.3983      1849.563       261.76323      306.92175      0.20962097   
     48000   468.99927      1378.9649      1847.9642      281.53028      308.61518      0.20248287   
     49000   503.90206      1356.1392      1860.0412      193.29233      303.50673      0.19615474   
     50000   479.88725      1357.009       1836.8963      148.8504       303.7014       0.19145218   
     51000   515.16237      1383.4944      1898.6568      179.66374      309.62888      0.19182117   
     52000   499.4836       1318.6924      1818.176       162.92983      295.12606      0.1909576    
     53000   495.96349      1327.3074      1823.2709      172.56873      297.05411      0.19293774   
     54000   466.37619      1349.5662      1815.9424      318.8679       302.03569      0.19811692   
     55000   473.61049      1336.6441      1810.2546      267.02634      299.14369      0.19882928   
     56000   498.55322      1324.1707      1822.7239      223.05801      296.35211      0.1972692    
     57000   491.04836      1338.2411      1829.2894      186.71819      299.5011       0.19327905   
     58000   485.3926       1375.1614      1860.554       122.64879      307.76395      0.18965037   
     59000   493.73703      1344.5997      1838.3367      62.557284      300.92417      0.18665315   
     60000   509.88893      1339.4326      1849.3215     -8.834008       299.76776      0.18384669   
     61000   509.31005      1353.714       1863.0241      15.078339      302.96398      0.18824412   
     62000   463.19144      1357.7833      1820.9748      5.3858098      303.8747       0.19727159   
     63000   486.30883      1327.6882      1813.997       89.097448      297.13934      0.20273609   
     64000   471.44119      1362.996       1834.4372      184.09         305.04131      0.20458147   
     65000   454.86089      1381.146       1836.0069      236.44801      309.10331      0.20597821   
     66000   477.12445      1359.4203      1836.5448      324.2375       304.24106      0.20473475   
     67000   497.41636      1311.4989      1808.9152      229.50217      293.51614      0.1985218    
     68000   474.44062      1349.8668      1824.3074      226.75938      302.10295      0.19471234   
     69000   483.45602      1341.5602      1825.0162      225.09168      300.24392      0.19391088   
     70000   503.51995      1339.7771      1843.297       247.51893      299.84486      0.19365604   
     71000   485.72333      1388.1053      1873.8286      196.7891       310.66082      0.19198793   
     72000   473.91441      1364.2126      1838.127       210.5252       305.31358      0.19183912   
     73000   468.69043      1385.7614      1854.4518      157.00162      310.13624      0.19256904   
     74000   462.16656      1365.7143      1827.8809      149.49354      305.64967      0.19683491   
     75000   458.61641      1318.4856      1777.102       132.87642      295.07978      0.20071769   
     76000   454.45721      1327.6712      1782.1285      167.51323      297.13555      0.20256844   
     77000   485.57398      1300.0843      1785.6583      193.1243       290.96153      0.20271783   
     78000   441.96794      1295.242       1737.2099      167.97803      289.87781      0.20116168   
     79000   443.17222      1329.5374      1772.7096      155.87396      297.5532       0.20036459   
     80000   465.29701      1339.3012      1804.5982      142.3022       299.73835      0.19824166   
     81000   469.57367      1320.825       1790.3987      75.190635      295.60336      0.19381963   
     82000   493.29347      1297.233       1790.5265      75.637282      290.32341      0.1929647    
     83000   476.51808      1271.7364      1748.2545      93.126668      284.61723      0.19645785   
     84000   464.20966      1328.4641      1792.6738      91.603391      297.31299      0.20292168   
     85000   443.96703      1314.8623      1758.8294      113.66275      294.26889      0.20695769   
     86000   449.20321      1314.2301      1763.4333      133.06349      294.1274       0.20953154   
     87000   466.11212      1337.0342      1803.1463      184.61604      299.23099      0.21220152   
     88000   466.39036      1311.8799      1778.2703      209.92357      293.60142      0.20448686   
     89000   445.40361      1332.3253      1777.7289      170.57343      298.17713      0.19200731   
     90000   459.63007      1341.2124      1800.8424      156.01594      300.16608      0.18912837   
     91000   496.74103      1318.9053      1815.6463      94.471978      295.17371      0.19124841   
     92000   460.45771      1320.077       1780.5347      150.96312      295.43595      0.19695266   
     93000   472.43248      1305.9623      1778.3948      146.67367      292.27704      0.19966262   
     94000   479.83013      1255.8241      1735.6543      171.27569      281.05602      0.19964114   
     95000   493.96812      1309.4476      1803.4157      262.79083      293.05706      0.19750631   
     96000   468.55984      1342.5723      1811.1322      324.96795      300.47044      0.19180182   
     97000   498.14236      1321.1299      1819.2723      259.29781      295.67158      0.18541932   
     98000   471.35681      1323.1097      1794.4665      171.20511      296.11467      0.1849133    
     99000   490.78787      1325.3403      1816.1282      195.07493      296.61389      0.19500054   
    100000   458.42368      1336.6723      1795.096       90.038943      299.15         0.20078297   
    101000   469.71134      1330.4882      1800.1995      68.469937      297.76599      0.20057712   
    102000   475.98228      1328.4232      1804.4055      82.323188      297.30385      0.1982768    
    103000   488.51058      1315.4025      1803.913       99.649751      294.38977      0.19654983   
    104000   456.48812      1297.0711      1753.5593      184.8781       290.28718      0.19712032   
    105000   454.1523       1329.7584      1783.9107      233.11697      297.60267      0.19707506   
    106000   454.95926      1350.6019      1805.5612      278.76467      302.26748      0.19977934   
    107000   479.18986      1333.9932      1813.183       281.40763      298.55041      0.20134811   
    108000   479.86824      1316.4843      1796.3526      196.58671      294.6319       0.19686839   
    109000   471.37627      1326.6724      1798.0487      155.16889      296.91201      0.19188064   
    110000   483.22702      1329.3122      1812.5392      72.711362      297.5028       0.19013328   
    111000   491.21247      1318.1876      1809.4001      98.190169      295.01309      0.19488934   
    112000   467.04476      1320.9367      1787.9814      93.834908      295.62834      0.2006536    
    113000   429.56994      1330.4899      1760.0599      98.685234      297.76637      0.20607507   
    114000   488.09115      1314.7164      1802.8076      155.96194      294.23624      0.20908469   
    115000   481.04088      1281.9661      1763.007       238.47579      286.90665      0.20910965   
    116000   487.05123      1324.2141      1811.2653      175.47021      296.36183      0.20196075   
    117000   478.90364      1314.0405      1792.9441      136.45915      294.08496      0.19705301   
    118000   458.52568      1318.1109      1776.6366      134.0139       294.99592      0.19623567   
    119000   486.95983      1311.4511      1798.4109      147.15698      293.50544      0.19722485   
    120000   498.93957      1324.8861      1823.8256      62.203377      296.51222      0.19738981   
    121000   492.00559      1312.7927      1804.7983      1.1425405      293.80569      0.20118129   
    122000   487.63955      1338.1334      1825.7729      32.581654      299.47699      0.20867477   
    123000   494.18082      1364.2405      1858.4214      122.96892      305.31983      0.21250737   
    124000   473.00208      1338.337       1811.339       135.56228      299.52256      0.20985797   
    125000   484.69976      1350.5152      1835.215       227.91927      302.24807      0.20441962   
    126000   479.06792      1335.4843      1814.5522      254.40145      298.88413      0.19831363   
    127000   470.82808      1318.7583      1789.5863      237.73739      295.1408       0.19376331   
    128000   484.60107      1308.3466      1792.9477      210.3347       292.81067      0.19292788   
    129000   483.73341      1315.7559      1799.4893      211.72333      294.46888      0.19759617   
    130000   472.80413      1311.1576      1783.9617      151.76318      293.43976      0.20077403   
    131000   491.1742       1325.8606      1817.0348      37.967002      296.73033      0.20102624   
    132000   490.4381       1354.243       1844.6811     -21.871023      303.08237      0.19925021   
    133000   486.86657      1316.2596      1803.1262      54.658055      294.58161      0.19644348   
    134000   479.75578      1320.4353      1800.1911      127.5152       295.51614      0.18807483   
    135000   508.45967      1301.579       1810.0387      226.73964      291.29606      0.18029902   
    136000   490.78844      1329.1166      1819.905       212.90115      297.45901      0.18257681   
    137000   488.97175      1335.9157      1824.8875      191.92587      298.98068      0.19235033   
    138000   465.63114      1369.8978      1835.529       114.5267       306.58594      0.19748137   
    139000   496.57796      1330.9272      1827.5051      114.15214      297.86423      0.20051727   
    140000   488.22207      1332.042       1820.264       100.06382      298.11373      0.2008907    
    141000   492.19714      1356.3778      1848.575       117.85592      303.56014      0.19970712   
    142000   493.65081      1320.8263      1814.4772      126.37984      295.60365      0.19443705   
    143000   490.6072       1327.1134      1817.7206      137.68095      297.0107       0.18871853   
    144000   506.74648      1309.3568      1816.1032      119.82988      293.03673      0.18729923   
    145000   480.03503      1312.1714      1792.2064      150.53485      293.66665      0.19315886   
    146000   472.95303      1335.7879      1808.741       149.83374      298.95208      0.20051374   
    147000   474.27451      1315.0373      1789.3118      183.83231      294.30806      0.20289026   
    148000   462.12082      1328.8376      1790.9585      202.72501      297.39659      0.20177038   
    149000   452.61413      1280.9955      1733.6096      221.36426      286.68942      0.2003035    
    150000   449.79202      1333.7616      1783.5536      220.57768      298.49858      0.19840282   
    151000   465.33387      1323.8649      1789.1988      185.46963      296.28368      0.19469409   
    152000   469.09475      1294.0574      1763.1522      142.57036      289.61271      0.19195739   
    153000   473.7284       1310.1694      1783.8978      162.00306      293.21859      0.19295171   
    154000   468.34198      1342.0714      1810.4134      246.49604      300.35833      0.20148555   
    155000   475.3262       1355.3328      1830.659       216.01574      303.32627      0.21148491   
    156000   458.43723      1353.8923      1812.3295      228.83364      303.00387      0.21332283   
    157000   468.45431      1390.9142      1859.3685      167.74663      311.28945      0.20890538   
    158000   463.13894      1358.4461      1821.585       146.24346      304.02302      0.20440638   
    159000   471.01848      1349.6794      1820.6979      118.67031      302.06102      0.2017521    
    160000   480.55989      1343.5003      1824.0602      175.21887      300.67813      0.20007724   
    161000   483.91256      1371.6451      1855.5577      159.88956      306.97699      0.20020863   
    162000   480.31867      1360.2311      1840.5498      194.67293      304.42252      0.20104898   
    163000   488.17658      1357.832       1846.0085      157.4318       303.88558      0.19785459   
    164000   497.15101      1377.9704      1875.1214      144.78622      308.39261      0.19348398   
    165000   492.00125      1350.9564      1842.9577      107.24542      302.34682      0.1896699    
    166000   478.76166      1377.3014      1856.0631      131.16674      308.24289      0.18886611   
    167000   504.89973      1398.3845      1903.2843      161.43261      312.96133      0.19646633   
    168000   450.5236       1335.2051      1785.7287      263.27154      298.82165      0.20620455   
    169000   477.63249      1322.1791      1799.8115      301.61876      295.90639      0.20738963   
    170000   440.7527       1311.5172      1752.2699      243.20925      293.52025      0.20593949   
    171000   432.54546      1329.1959      1761.7414      165.97967      297.47678      0.20279272   
    172000   470.28039      1319.1766      1789.4569      152.7054       295.23442      0.19871628   
    173000   497.91869      1302.8007      1800.7194      83.728158      291.56948      0.19476538   
    174000   486.95813      1319.8489      1806.8071      117.04005      295.3849       0.19395575   
    175000   489.00676      1286.6664      1775.6732      161.78697      287.95859      0.20012753   
    176000   469.21169      1334.3776      1803.5892      264.83212      298.63644      0.21354609   
    177000   460.18547      1310.331       1770.5164      267.21126      293.25476      0.21556985   
    178000   460.93939      1293.6066      1754.546       167.24915      289.51181      0.21383513   
    179000   463.01733      1315.813       1778.8303      202.2574       294.48165      0.21216711   
    180000   484.63145      1380.8795      1865.5109      100.75248      309.04367      0.2051723    
    181000   498.97468      1336.3527      1835.3274      142.85414      299.07849      0.20038486   
    182000   492.49827      1350.6915      1843.1898      150.5063       302.28754      0.19739089   
    183000   509.12391      1355.5227      1864.6466      170.33846      303.36876      0.1938334    
    184000   469.71475      1355.1321      1824.8468      179.34183      303.28134      0.19376537   
    185000   457.93357      1373.4934      1831.4269      273.4481       307.39063      0.19823664   
    186000   483.27616      1339.0938      1822.37        227.67384      299.69195      0.19964495   
    187000   484.84173      1342.9837      1827.8255      199.99391      300.56252      0.20000878   
    188000   486.67635      1324.3198      1810.9962      199.26027      296.38549      0.19860292   
    189000   493.13588      1322.7552      1815.8911      175.76426      296.03534      0.19740541   
    190000   471.83414      1330.1937      1802.0279      147.47341      297.70008      0.19868755   
    191000   467.05578      1348.2532      1815.309       199.94354      301.74184      0.20542577   
    192000   461.15849      1353.8212      1814.9797      225.89155      302.98797      0.2102902    
    193000   460.45972      1349.1517      1809.6114      215.41316      301.94292      0.20780232   
    194000   493.92109      1315.668       1809.5891      139.98579      294.4492       0.19552312   
    195000   509.74848      1300.1343      1809.8828      85.262546      290.97274      0.18806296   
    196000   492.02265      1331.7163      1823.7389      95.065851      298.04083      0.18949695   
    197000   475.19235      1329.8781      1805.0705      137.70552      297.62946      0.19510028   
    198000   460.12739      1304.4991      1764.6265      96.318965      291.94959      0.19921098   
    199000   501.05916      1312.9668      1814.0259      141.98725      293.84466      0.20350174   
    200000   477.03376      1314.005       1791.0387      117.45606      294.07701      0.20383909   
    201000   484.30401      1310.1064      1794.4104      106.93523      293.2045       0.2043881    
    202000   481.36567      1321.289       1802.6547     -27.798907      295.7072       0.20314337   
    203000   512.20922      1317.5202      1829.7295      19.4017        294.86374      0.20277992   
    204000   478.58651      1344.5376      1823.1241      93.248417      300.91027      0.20240616   
    205000   482.88107      1352.6915      1835.5725      206.60167      302.73513      0.2031927    
    206000   443.42472      1384.1443      1827.569       272.42539      309.77434      0.20238781   
    207000   496.5246       1387.1273      1883.6519      303.36622      310.44194      0.20138715   
    208000   534.72423      1381.441       1916.1653      267.26869      309.16934      0.20059497   
    209000   504.40384      1358.6279      1863.0318      155.87323      304.06372      0.19699462   
    210000   502.46571      1340.5137      1842.9795      82.708969      300.00973      0.19157518   
    211000   492.806        1347.0282      1839.8342      48.51409       301.46767      0.18885892   
    212000   494.43899      1348.0771      1842.5161      86.642423      301.70242      0.19157388   
    213000   482.48826      1353.2651      1835.7534      163.37213      302.86351      0.19959793   
    214000   479.08006      1351.7901      1830.8701      241.93372      302.53339      0.20628978   
    215000   475.66104      1361.985       1837.646       346.98351      304.81503      0.20457171   
    216000   481.88642      1386.7073      1868.5937      284.90054      310.34793      0.19668936   
    217000   470.3748       1329.5944      1799.9692      256.63962      297.56597      0.19333633   
    218000   477.82884      1333.5549      1811.3837      215.70219      298.45232      0.19457568   
    219000   466.57713      1321.9506      1788.5277      230.86786      295.85525      0.19573974   
    220000   487.20064      1316.1066      1803.3072      129.41359      294.54735      0.19295443   
    221000   477.53661      1337.5141      1815.0507      86.37341       299.33839      0.19216964   
    222000   505.46882      1303.9585      1809.4273      45.388913      291.82858      0.19437895   
    223000   505.0816       1324.0856      1829.1672      25.834917      296.33308      0.20013726   
    224000   458.88487      1319.6963      1778.5812      92.395131      295.35074      0.20746176   
    225000   459.15771      1348.108       1807.2658      205.53696      301.70935      0.21196468   
    226000   478.5279       1369.4149      1847.9428      257.63443      306.47787      0.21080385   
    227000   469.54182      1392.2236      1861.7654      260.89847      311.5825       0.20405352   
    228000   488.03012      1419.3492      1907.3793      276.19415      317.65327      0.19469837   
    229000   520.42215      1350.2102      1870.6324      247.06516      302.17982      0.19340836   
    230000   503.98959      1326.5729      1830.5625      311.44725      296.88975      0.19619047   
    231000   484.40752      1366.6128      1851.0203      263.951        305.85075      0.19927619   
    232000   514.88614      1357.9436      1872.8297      255.83385      303.91057      0.20240053   
    233000   526.99466      1349.1529      1876.1476      169.77147      301.94319      0.20029074   
    234000   507.65341      1340.3982      1848.0516      69.091873      299.98386      0.19826047   
    235000   500.43312      1317.9316      1818.3648      59.988224      294.95581      0.2003188    
    236000   455.92709      1322.9121      1778.8392      117.4937       296.07045      0.20779202   
    237000   439.82875      1325.0055      1764.8343      170.56094      296.53895      0.21601152   
    238000   435.16369      1311.1897      1746.3534      163.74707      293.44695      0.2181159    
    239000   475.9743       1357.7307      1833.705       213.46312      303.86291      0.2131388    
    240000   486.88888      1334.8415      1821.7304      213.81043      298.74027      0.2000708    
    241000   471.93792      1351.9459      1823.8838      263.55947      302.56827      0.19609704   
    242000   489.0459       1422.6851      1911.731       321.94718      318.39984      0.19704463   
    243000   523.40526      1365.7901      1889.1953      194.11525      305.66662      0.19754537   
    244000   462.04452      1371.377       1833.4215      205.33322      306.91699      0.20022133   
    245000   470.65398      1350.7084      1821.3624      192.59844      302.29131      0.20552707   
    246000   484.41871      1363.0044      1847.4231      152.68491      305.04318      0.20780728   
    247000   489.79874      1320.016       1809.8147      156.4992       295.42229      0.20243803   
    248000   486.31536      1329.4213      1815.7366      154.14538      297.52721      0.19710496   
    249000   480.5724       1317.3255      1797.8979      160.66932      294.82016      0.19412436   
    250000   469.6017       1325.8422      1795.4439      129.08252      296.72621      0.19244753   
    251000   488.73676      1318.4065      1807.1433      101.837        295.06209      0.19841379   
    252000   463.01226      1345.2282      1808.2404      77.097468      301.06483      0.20843221   
    253000   488.08331      1328.6138      1816.6971      13.976918      297.3465       0.21164744   
    254000   477.54456      1347.9681      1825.5127      111.19144      301.67804      0.21203998   
    255000   475.42534      1354.3224      1829.7477      136.80524      303.10013      0.20506313   
    256000   476.19712      1338.0184      1814.2155      162.7124       299.45126      0.19743645   
    257000   462.99599      1287.0975      1750.0935      231.87136      288.05507      0.19593298   
    258000   463.60785      1315.8093      1779.4172      299.87782      294.48083      0.19741514   
    259000   476.74134      1336.8773      1813.6186      343.09856      299.19588      0.20140145   
    260000   490.23514      1325.3211      1815.5562      232.009        296.60958      0.2010592    
    261000   474.7112       1281.91        1756.6212      155.7452       286.8941       0.20166555   
    262000   477.29325      1310.5283      1787.8216      53.232945      293.29893      0.20400618   
    263000   455.20348      1346.9374      1802.1409      22.753005      301.44736      0.20973652   
    264000   465.43585      1344.596       1810.0319      94.597329      300.92335      0.21448774   
    265000   470.48379      1331.0275      1801.5112      132.59942      297.88668      0.21139132   
    266000   473.23717      1338.9042      1812.1413      154.60111      299.6495       0.20050141   
    267000   494.00726      1324.7357      1818.7429      197.39499      296.47856      0.19568527   
    268000   469.90578      1307.5853      1777.4911      274.06916      292.64027      0.19749508   
    269000   466.69187      1353.1914      1819.8833      278.68156      302.84702      0.19981972   
    270000   477.41137      1340.253       1817.6644      212.91523      299.95138      0.19951971   
    271000   473.98512      1303.4826      1777.4677      250.3573       291.72208      0.20480757   
    272000   465.36213      1337.0397      1802.4019      295.25681      299.23224      0.21235503   
    273000   446.79386      1329.2446      1776.0385      240.90192      297.48768      0.21508272   
    274000   468.72239      1286.8703      1755.5927      260.42615      288.00421      0.21469274   
    275000   482.90998      1315.3715      1798.2814      202.10144      294.38283      0.20703464   
    276000   479.21835      1355.4714      1834.6898      123.29279      303.35729      0.19608536   
    277000   500.03789      1379.9156      1879.9535      138.42086      308.82795      0.19263163   
    278000   486.82829      1358.6219      1845.4501      153.89271      304.06236      0.19064626   
    279000   493.66983      1352.5488      1846.2187      204.42084      302.70321      0.192208     
    280000   492.08654      1315.3915      1807.478       235.41279      294.38732      0.19676799   
    281000   467.89602      1297.224       1765.1201      159.62563      290.3214       0.19751603   
    282000   453.95037      1294.6628      1748.6131      128.82531      289.74819      0.1985636    
    283000   461.62202      1339.6495      1801.2715      124.20129      299.8163       0.20179375   
    284000   460.41996      1341.5576      1801.9776      158.4723       300.24335      0.21067815   
    285000   448.13003      1329.7945      1777.9246      222.8752       297.61074      0.21844062   
    286000   444.08803      1334.7837      1778.8717      226.16326      298.72733      0.2147989    
    287000   487.56238      1349.7621      1837.3244      213.92167      302.07952      0.20582174   
    288000   488.9499       1340.7615      1829.7114      237.42696      300.06517      0.20083998   
    289000   506.30336      1307.153       1813.4564      128.00219      292.54353      0.19352935   
    290000   499.19893      1298.4033      1797.6023      173.09588      290.58533      0.19027877   
    291000   502.98337      1308.4256      1811.409       186.05374      292.82834      0.18894876   
    292000   474.09619      1330.558       1804.6542      175.2834       297.78162      0.18883612   
    293000   494.34413      1311.8672      1806.2113      128.92812      293.59857      0.19277042   
    294000   473.15609      1314.3348      1787.4909      171.67911      294.15084      0.20047372   
    295000   453.19906      1302.9894      1756.1884      206.40123      291.6117       0.20487351   
    296000   474.17162      1331.6293      1805.8009      243.51582      298.02136      0.20532166   
    297000   449.43945      1356.1206      1805.56        190.77436      303.50256      0.20193426   
    298000   466.97994      1314.3604      1781.3403      203.06255      294.15655      0.20155413   
    299000   476.16079      1333.7788      1809.9396      206.0434       298.50243      0.19942927   
    300000   467.81962      1339.2122      1807.0319      224.4163       299.71845      0.19487154   
    301000   476.92015      1352.6034      1829.5235      182.12477      302.71542      0.19204175   
    302000   501.43234      1341.7067      1843.139       207.90128      300.27671      0.19410596   
    303000   485.60617      1346.3634      1831.9695      161.55452      301.31888      0.19656425   
    304000   473.03311      1314.0809      1787.114       116.20401      294.094        0.19942411   
    305000   470.55677      1306.9522      1777.509       153.18311      292.49858      0.20477068   
    306000   465.10555      1309.5005      1774.606       135.30257      293.06889      0.20617255   
    307000   469.94915      1320.2035      1790.1526      151.6954       295.46425      0.20673775   
    308000   478.51393      1348.2789      1826.7928      179.91894      301.74759      0.20367795   
    309000   475.9425       1353.6263      1829.5688      181.58785      302.94434      0.20240119   
    310000   506.12205      1349.1935      1855.3155      200.4741       301.95227      0.20216652   
    311000   492.79712      1376.2221      1869.0192      232.77116      308.00132      0.20016125   
    312000   488.73818      1340.2879      1829.0261      214.0472       299.95918      0.19868014   
    313000   489.40889      1335.6864      1825.0952      266.5851       298.92935      0.19759756   
    314000   474.62482      1303.6738      1778.2986      196.3463       291.76486      0.19314415   
    315000   480.096        1331.751       1811.847       139.64438      298.04861      0.18956253   
    316000   488.0726       1308.9475      1797.0201      84.844611      292.94514      0.1874524    
    317000   506.40565      1306.2323      1812.6379      56.65861       292.33747      0.18640264   
    318000   480.77941      1318.5772      1799.3566      81.54038       295.10029      0.19027166   
    319000   500.21919      1309.7985      1810.0176      125.33308      293.13558      0.1983163    
    320000   465.94887      1318.6598      1784.6086      138.84766      295.11876      0.20291457   
    321000   447.5546       1298.809       1746.3636      214.72085      290.67612      0.20392529   
    322000   479.3209       1302.4161      1781.737       291.63646      291.4834       0.19972187   
    323000   492.56318      1360.1881      1852.7513      331.53204      304.4129       0.19519492   
    324000   510.23407      1352.8684      1863.1025      327.53366      302.77474      0.19227911   
    325000   543.28804      1342.3443      1885.6324      303.63904      300.41942      0.19300332   
    326000   495.88006      1392.9311      1888.8111      182.07182      311.74083      0.19210924   
    327000   491.21797      1410.421       1901.639       100.1325       315.65511      0.19099308   
    328000   492.09076      1357.777       1849.8678      22.819777      303.87329      0.19159014   
    329000   470.4354       1328.8961      1799.3315      30.630062      297.40967      0.19859514   
    330000   473.76661      1345.5572      1819.3238      81.600158      301.13846      0.205683     
    331000   474.14733      1335.5569      1809.7042      80.17889       298.90037      0.2066746    
    332000   460.85656      1315.9325      1776.7891      132.95598      294.50839      0.20566346   
    333000   496.39259      1309.3776      1805.7702      208.90477      293.0414       0.20259029   
    334000   486.49544      1299.6231      1786.1185      207.60765      290.85832      0.19592686   
    335000   503.67285      1313.683       1817.3559      258.21667      294.00495      0.19441949   
    336000   504.6654       1315.3629      1820.0283      260.27369      294.38093      0.19418973   
    337000   480.71783      1313.0685      1793.7863      192.82987      293.86743      0.19560497   
    338000   489.16544      1334.7598      1823.9253      194.61283      298.72199      0.20219685   
    339000   446.67613      1345.9798      1792.6559      136.56463      301.23304      0.20740533   
    340000   480.55184      1343.5862      1824.138       59.467426      300.69734      0.20696678   
    341000   472.91744      1341.0383      1813.9558      47.051677      300.12713      0.20846465   
    342000   477.49978      1344.7723      1822.2721      89.329576      300.9628       0.20947212   
    343000   466.3135       1355.6872      1822.0007      145.87407      303.40559      0.2083181    
    344000   508.55113      1355.9901      1864.5412      247.51807      303.47337      0.20726622   
    345000   492.57199      1381.1193      1873.6913      266.274        309.09734      0.20206762   
    346000   486.54008      1358.555       1845.0951      263.47454      304.04741      0.19140965   
    347000   516.91811      1339.6667      1856.5849      234.53768      299.82017      0.18690541   
    348000   511.26289      1334.0495      1845.3124      157.58346      298.56302      0.18678602   
    349000   505.99199      1299.6157      1805.6077      54.88792       290.85666      0.1910475    
    350000   486.0413       1325.5732      1811.6145      64.605141      296.666        0.19518795   
    351000   483.98952      1313.3963      1797.3858      112.43035      293.94079      0.19766599   
    352000   450.71071      1353.4494      1804.1601      168.70114      302.90475      0.19876043   
    353000   505.24862      1294.304       1799.5526      188.14042      289.66789      0.20156047   
    354000   477.45235      1369.443       1846.8953      220.8254       306.48415      0.20740525   
    355000   463.98448      1355.5912      1819.5756      236.44121      303.38408      0.2104675    
    356000   466.38096      1361.7024      1828.0834      218.33549      304.7518       0.20969155   
    357000   496.76646      1382.5207      1879.2871      268.40319      309.41097      0.20756106   
    358000   498.22378      1353.1326      1851.3564      234.77774      302.83385      0.20120587   
    359000   506.46657      1344.2817      1850.7482      250.77429      300.853        0.19172005   
    360000   507.0057       1373.5926      1880.5983      177.5518       307.41283      0.18675016   
    361000   516.48959      1352.5163      1869.0058      150.66398      302.69591      0.18781375   
    362000   473.50049      1369.3489      1842.8494      79.992754      306.46309      0.1883431    
    363000   471.98702      1354.8194      1826.8064      89.022671      303.21135      0.19376007   
    364000   480.77942      1358.5444      1839.3238      152.34606      304.04502      0.19850652   
    365000   479.62251      1304.7683      1784.3908      192.68438      292.00983      0.20046673   
    366000   502.98273      1310.3007      1813.2834      204.02836      293.24799      0.20231505   
    367000   483.3012       1321.6352      1804.9364      103.91651      295.78466      0.20273356   
    368000   476.09201      1282.1161      1758.2081      129.53738      286.94022      0.20403662   
    369000   486.2024       1331.3854      1817.5878      142.47465      297.96678      0.20669108   
    370000   471.11628      1332.7557      1803.8719      213.67777      298.27345      0.2074319    
    371000   480.93276      1337.7863      1818.719       223.00731      299.39931      0.20232518   
    372000   491.72416      1328.8082      1820.5323      198.13059      297.38999      0.19158216   
    373000   496.30981      1305.1342      1801.444       235.94271      292.09171      0.18970263   
    374000   469.08591      1326.0951      1795.181       260.54476      296.7828       0.19349826   
    375000   465.78399      1350.732       1816.516       169.99258      302.2966       0.19703877   
    376000   477.92909      1335.1704      1813.0995      155.23431      298.81387      0.20048549   
    377000   464.63247      1338.3367      1802.9692      196.24371      299.5225       0.20488183   
    378000   447.85927      1333.62        1781.4793      162.9606       298.46689      0.2084152    
    379000   491.80353      1320.2764      1812.08        209.44179      295.48058      0.20790245   
    380000   515.23889      1314.264       1829.5029      145.70637      294.13499      0.19798645   
    381000   493.61169      1343.0404      1836.6521      194.54885      300.57519      0.18842731   
    382000   478.64041      1329.8365      1808.477       196.81003      297.62015      0.18689491   
    383000   487.29311      1341.9955      1829.2886      216.53475      300.34134      0.19102717   
    384000   469.57698      1302.1395      1771.7165      158.66829      291.4215       0.19657252   
    385000   505.2255       1311.172       1816.3975      122.24073      293.44298      0.20255105   
    386000   477.6973       1314.6727      1792.37        40.335311      294.22645      0.20474695   
    387000   462.20737      1290.7667      1752.9741      40.38046       288.87624      0.20547023   
    388000   469.08119      1312.8776      1781.9588      42.49538       293.8247       0.20298542   
    389000   461.92833      1329.9458      1791.8741      111.35571      297.6446       0.20286246   
    390000   489.32724      1311.0781      1800.4053      224.1481       293.42197      0.19999673   
    391000   486.80817      1311.4866      1798.2948      278.29569      293.51339      0.19230607   
    392000   460.80588      1278.6764      1739.4823      329.29625      286.1704       0.18856573   
    393000   468.69213      1309.7071      1778.3992      321.86715      293.11513      0.18918407   
    394000   476.97265      1332.2001      1809.1728      293.83913      298.14912      0.19405428   
    395000   467.29754      1347.382       1814.6795      196.60601      301.54686      0.19788348   
    396000   480.4455       1370.6069      1851.0524      141.55177      306.74464      0.20089744   
    397000   474.85259      1359.7015      1834.5541      55.578238      304.30398      0.2000084    
    398000   468.9038       1378.7657      1847.6695      166.11969      308.57059      0.19831324   
    399000   500.25636      1380.2537      1880.5101      223.92955      308.90362      0.19345657   
    400000   516.00571      1372.8022      1888.8079      267.94368      307.23595      0.18871593   
Loop time of 1776.39 on 8 procs for 400000 steps with 1500 atoms

Performance: 9.728 ns/day, 2.467 hours/ns, 225.175 timesteps/s, 337.763 katom-step/s
99.4% CPU use with 8 MPI tasks x 1 OpenMP threads

MPI task timing breakdown:
Section |  min time  |  avg time  |  max time  |%varavg| %total
---------------------------------------------------------------
Pair    | 87.959     | 90.863     | 91.796     |  12.1 |  5.12
Bond    | 4.1428     | 4.2672     | 4.4174     |   4.1 |  0.24
Kspace  | 721.79     | 722.68     | 725.56     |   4.3 | 40.68
Neigh   | 1.5189     | 1.5218     | 1.5262     |   0.2 |  0.09
Comm    | 30.647     | 30.81      | 30.956     |   1.9 |  1.73
Output  | 0.017579   | 0.019124   | 0.029408   |   2.8 |  0.00
Modify  | 886.12     | 906.92     | 919.01     |  37.7 | 51.05
Other   |            | 19.31      |            |       |  1.09

Nlocal:          187.5 ave         203 max         174 min
Histogram: 2 0 0 2 1 0 0 1 1 1
Nghost:        1862.25 ave        1910 max        1795 min
Histogram: 1 0 1 0 1 1 1 0 2 1
Neighs:        16241.4 ave       18560 max       14073 min
Histogram: 1 0 2 0 1 2 0 0 1 1

Total # of neighbors = 129931
Ave neighs/atom = 86.620667
Ave special neighs/atom = 2
Neighbor list builds = 2475
Dangerous builds = 0

unfix       runnpt
reset_timestep 0

#-------------------------------------------------- PRODUCTION ----------------------------------------------------------#

fix	            npt_production all npt temp ${simulationTemp} ${simulationTemp} 100.0 iso ${pressure} ${pressure} 1000.0
fix	            npt_production all npt temp 300 ${simulationTemp} 100.0 iso ${pressure} ${pressure} 1000.0
fix	            npt_production all npt temp 300 300 100.0 iso ${pressure} ${pressure} 1000.0
fix	            npt_production all npt temp 300 300 100.0 iso 177.66 ${pressure} 1000.0
fix	            npt_production all npt temp 300 300 100.0 iso 177.66 177.66 1000.0
fix             DensAve all ave/time 1 ${NBR} ${NBR} v_Density file density.dat
fix             DensAve all ave/time 1 20000 ${NBR} v_Density file density.dat
fix             DensAve all ave/time 1 20000 20000 v_Density file density.dat
fix             VoluAve all ave/time 1 ${npt_run} ${npt_run} v_Volume file volume.dat
fix             VoluAve all ave/time 1 2000000 ${npt_run} v_Volume file volume.dat
fix             VoluAve all ave/time 1 2000000 2000000 v_Volume file volume.dat
fix             Densfinal all ave/time 1 ${npt_run} ${npt_run} v_Density file density_final.dat
fix             Densfinal all ave/time 1 2000000 ${npt_run} v_Density file density_final.dat
fix             Densfinal all ave/time 1 2000000 2000000 v_Density file density_final.dat

restart         ${restartfreq} restart_${NAME}.1 restart_${NAME}.2
restart         1000000 restart_${NAME}.1 restart_${NAME}.2
restart         1000000 restart_N2.1 restart_${NAME}.2
restart         1000000 restart_N2.1 restart_N2.2

run             ${npt_run}
run             2000000
PPPM initialization ...
  using 12-bit tables for long-range coulomb (src/kspace.cpp:342)
  G vector (1/distance) = 0.27078262
  grid = 48 48 48
  stencil order = 5
  estimated absolute RMS force accuracy = 0.00035522032
  estimated relative force accuracy = 1.0697355e-06
  using single precision FFTW3
  3d grid and FFT values/proc = 29791 13824
Generated 1 of 1 mixed pair_coeff terms from arithmetic mixing rule
Last active /omp style is kspace_style pppm/omp
Per MPI rank memory allocation (min/avg/max) = 8.496 | 8.531 | 8.763 Mbytes
   Step         PotEng         KinEng         TotEng         Press           Temp        v_Density   
         0   516.00665      1372.8022      1888.8088      267.94539      307.23595      0.18871593   
      1000   497.48025      1356.3184      1853.7986      208.33092      303.54683      0.18979374   
      2000   495.64283      1376.6891      1872.3319      248.9392       308.10584      0.19618531   
      3000   498.05678      1346.9512      1845.008       187.29518      301.45045      0.2036411    
      4000   467.56135      1365.8177      1833.379       190.99487      305.6728       0.20648166   
      5000   508.02607      1387.8735      1895.8995      131.17438      310.60893      0.20862839   
      6000   493.54781      1329.3193      1822.8671      156.95894      297.50439      0.20928332   
      7000   485.38291      1342.8399      1828.2228      183.32491      300.53033      0.21102493   
      8000   469.60375      1351.6442      1821.2479      144.85713      302.50075      0.20712776   
      9000   455.67593      1341.4584      1797.1343      227.9745       300.22115      0.20128088   
     10000   492.75746      1257.2725      1750.03        212.79824      281.38017      0.19535465   
     11000   484.46218      1285.135       1769.5972      168.98479      287.61586      0.19466702   
     12000   479.56569      1331.5676      1811.1333      110.34916      298.00757      0.19761403   
     13000   504.088        1351.8885      1855.9765      27.901475      302.55542      0.20107132   
     14000   498.99524      1336.6738      1835.669       114.83929      299.15034      0.2032201    
     15000   478.58518      1375.2661      1853.8513      169.59378      307.78737      0.2032461    
     16000   502.09518      1403.566       1905.6612      222.33953      314.12096      0.20560856   
     17000   460.35995      1370.0218      1830.3818      339.68429      306.61369      0.21063923   
     18000   444.61976      1373.1287      1817.7484      376.97996      307.30902      0.21322465   
     19000   484.86487      1393.1199      1877.9847      264.92634      311.78308      0.2060877    
     20000   531.27739      1340.8557      1872.1331      161.49777      300.08625      0.20002638   
     21000   480.58956      1354.0529      1834.6424      100.48541      303.03981      0.19934984   
     22000   505.6605       1313.7751      1819.4356      104.81864      294.02556      0.20228404   
     23000   458.44947      1321.5662      1780.0157      103.89197      295.76924      0.20340188   
     24000   475.76938      1299.7457      1775.5151      126.87679      290.88575      0.20540242   
     25000   487.33745      1275.2994      1762.6369      190.87733      285.41463      0.20660581   
     26000   444.69974      1324.0082      1768.7079      148.07102      296.31574      0.20414475   
     27000   467.65364      1327.0815      1794.7352      174.91936      297.00357      0.20301601   
     28000   497.63787      1307.7837      1805.4216      75.945223      292.68468      0.19517834   
     29000   492.03         1281.8825      1773.9125      48.866476      286.88793      0.18513617   
     30000   497.53995      1344.555       1842.0949      98.972602      300.91417      0.18492134   
     31000   511.76178      1336.4157      1848.1775      143.71959      299.09257      0.19042576   
     32000   483.96222      1301.2069      1785.1691      220.69578      291.21278      0.19770802   
     33000   485.70001      1334.3221      1820.0221      225.67064      298.62402      0.20268447   
     34000   491.67884      1338.5072      1830.1861      279.12937      299.56067      0.2087424    
     35000   467.42694      1352.6073      1820.0342      233.02696      302.71628      0.21105071   
     36000   468.02793      1338.6334      1806.6613      160.00954      299.5889       0.2064946    
     37000   451.28064      1354.3676      1805.6483      161.5089       303.11026      0.20007379   
     38000   497.72319      1322.11        1819.8332      173.70465      295.89093      0.19677381   
     39000   483.51106      1362.6899      1846.2009      217.10246      304.97279      0.19675205   
     40000   506.65249      1387.3416      1893.9941      194.32786      310.48989      0.19694194   
     41000   492.70984      1360.2104      1852.9203      235.6702       304.41788      0.19861111   
     42000   508.04742      1372.1044      1880.1518      258.07347      307.07978      0.19901581   
     43000   476.54663      1380.6158      1857.1625      323.9576       308.98466      0.19908285   
     44000   491.80514      1348.9871      1840.7922      295.42955      301.90608      0.19796301   
     45000   507.90789      1344.9833      1852.8912      238.21706      301.01003      0.20012965   
     46000   462.82238      1371.1693      1833.9916      188.27672      306.87049      0.20591156   
     47000   475.23481      1376.7297      1851.9645      154.06876      308.11493      0.21318315   
     48000   496.26246      1370.4114      1866.6738      123.93979      306.70088      0.2155357    
     49000   471.91427      1368.3191      1840.2334      50.234043      306.23262      0.20887229   
     50000   497.50033      1338.1002      1835.6005      86.495002      299.46956      0.20187603   
     51000   515.5962       1337.0775      1852.6737      152.29446      299.24069      0.19963232   
     52000   474.56238      1343.1886      1817.751       183.29378      300.60836      0.20062714   
     53000   480.01291      1331.4133      1811.4262      219.03916      297.97302      0.20340114   
     54000   483.63267      1352.7534      1836.3861      247.85235      302.74899      0.20487691   
     55000   478.13291      1323.79        1801.923       251.78874      296.26693      0.20688059   
     56000   496.43593      1341.8071      1838.243       307.40779      300.29918      0.21347925   
     57000   485.23868      1369.3334      1854.5721      215.42059      306.45963      0.21463089   
     58000   496.33091      1336.1742      1832.5051      218.10057      299.03853      0.21209718   
     59000   469.90053      1328.3349      1798.2354      215.8218       297.28407      0.20568864   
     60000   475.1307       1324.1615      1799.2922      169.80873      296.35006      0.19624396   
     61000   460.8884       1353.8766      1814.765       82.790324      303.00037      0.19254881   
     62000   475.03079      1333.0257      1808.0565      29.476324      298.33388      0.19477841   
     63000   493.81171      1333.8037      1827.6155      46.994032      298.50802      0.20133055   
     64000   471.66648      1338.2788      1809.9453      149.1397       299.50954      0.2062502    
     65000   481.18677      1336.4809      1817.6677      236.78078      299.10717      0.20942182   
     66000   471.02168      1345.4785      1816.5002      163.29456      301.12084      0.20666746   
     67000   488.13448      1297.5524      1785.6869      172.07647      290.3949       0.20130683   
     68000   499.54648      1335.6138      1835.1602      148.30413      298.9131       0.19637839   
     69000   514.45266      1334.6227      1849.0754      174.00996      298.6913       0.19411162   
     70000   508.61172      1355.5782      1864.1899      133.40915      303.38118      0.19260466   
     71000   515.2528       1353.3816      1868.6344      191.30832      302.88957      0.19464561   
     72000   503.98468      1402.1659      1906.1506      214.3573       313.80761      0.1984399    
     73000   483.75302      1352.592       1836.345       220.30087      302.71286      0.21102039   
     74000   459.84875      1401.8638      1861.7126      184.87344      313.74         0.21931086   
     75000   466.11947      1378.3895      1844.509       139.45526      308.4864       0.21848433   
     76000   508.1151       1344.8639      1852.979       101.44188      300.98329      0.2109117    
     77000   474.48503      1356.8333      1831.3183      77.342968      303.66208      0.20335008   
     78000   497.82006      1361.4124      1859.2325      104.27773      304.68689      0.20142205   
     79000   500.9314       1368.2116      1869.143       157.2829       306.20856      0.20036313   
     80000   487.32408      1353.5586      1840.8827      221.39118      302.92919      0.20191606   
     81000   471.57247      1364.4309      1836.0034      290.27045      305.36244      0.20591252   
     82000   486.37878      1332.0579      1818.4366      268.97788      298.11728      0.20834079   
     83000   470.99097      1324.3167      1795.3076      225.70852      296.38479      0.20709497   
     84000   495.99605      1302.3148      1798.3109      144.59872      291.46073      0.19967701   
     85000   503.55292      1342.0484      1845.6013      18.805713      300.35318      0.19000733   
     86000   512.31553      1326.5742      1838.8897     -54.125754      296.89002      0.18936267   
     87000   478.71394      1359.5023      1838.2163     -48.317042      304.25942      0.19551986   
     88000   493.50396      1370.1045      1863.6085      29.699555      306.63221      0.20343516   
     89000   517.16293      1339.3607      1856.5236      158.29165      299.75168      0.20907716   
     90000   487.43626      1360.7878      1848.224       271.68518      304.5471       0.21276298   
     91000   438.27207      1391.4299      1829.702       382.72776      311.40487      0.2140691    
     92000   487.48306      1354.2469      1841.73        419.18498      303.08324      0.21181588   
     93000   485.42548      1348.1049      1833.5304      332.34867      301.70864      0.20782251   
     94000   507.49732      1406.7615      1914.2588      306.5202       314.83612      0.20381676   
     95000   497.52979      1393.3612      1890.891       131.03358      311.8371       0.19670342   
     96000   491.57017      1356.8832      1848.4533      130.48721      303.67323      0.1961125    
     97000   498.46668      1355.6201      1854.0868      164.58366      303.39057      0.20293015   
     98000   477.23195      1376.5755      1853.8074      165.98733      308.08042      0.21290195   
     99000   463.88674      1403.2971      1867.1839      227.2178       314.06077      0.21590224   
    100000   496.33902      1346.2039      1842.5429      179.98961      301.28319      0.21177384   
    101000   464.68943      1347.688       1812.3775      196.27009      301.61535      0.20723909   
    102000   475.4319       1324.3435      1799.7754      138.58067      296.39079      0.20213635   
    103000   487.50284      1344.0692      1831.572       130.17697      300.80544      0.20104496   
    104000   484.82254      1288.891       1773.7135      197.80064      288.45645      0.20388975   
    105000   460.13179      1275.1522      1735.284       249.618        285.38168      0.20751732   
    106000   486.28987      1312.5131      1798.8029      290.24553      293.74312      0.20669485   
    107000   486.29099      1323.695       1809.986       228.01634      296.24565      0.20378591   
    108000   471.92174      1326.601       1798.5228      142.95606      296.89604      0.19990857   
    109000   478.64993      1281.3434      1759.9933      37.278516      286.76728      0.19280783   
    110000   481.29369      1307.9087      1789.2023      23.813306      292.71264      0.19033819   
    111000   513.00397      1306.6259      1819.6299      87.313241      292.42557      0.19434598   
    112000   500.05371      1311.6559      1811.7097      205.14374      293.55129      0.19860678   
    113000   468.24965      1340.6834      1808.933       280.04357      300.04769      0.20026985   
    114000   472.067        1373.3016      1845.3686      271.88075      307.34772      0.20333969   
    115000   524.22216      1389.7992      1914.0214      204.90615      311.03992      0.20854709   
    116000   470.02362      1327.4497      1797.4733      173.08655      297.08596      0.21039137   
    117000   438.48844      1356.5259      1795.0143      122.14355      303.59328      0.20634686   
    118000   469.66716      1312.0429      1781.71        96.356751      293.63789      0.20363997   
    119000   473.67936      1326.3376      1800.0169      124.25231      296.83708      0.20392789   
    120000   454.97051      1302.0812      1757.0517      83.019761      291.40845      0.20412276   
    121000   470.16638      1310.4007      1780.5671      96.019741      293.27037      0.20766491   
    122000   477.07082      1332.2454      1809.3162      245.28957      298.15926      0.21477765   
    123000   464.9655       1347.4849      1812.4504      283.67731      301.56988      0.21390487   
    124000   478.12558      1345.833       1823.9586      234.06659      301.20018      0.2047136    
    125000   518.82071      1383.114       1901.9347      175.53255      309.54374      0.19888594   
    126000   498.68388      1348.551       1847.2349      110.64773      301.80849      0.19552767   
    127000   506.06936      1334.6941      1840.7635      53.297342      298.70728      0.19720413   
    128000   465.24872      1343.9094      1809.1581      89.607227      300.76969      0.20229457   
    129000   499.66058      1315.2127      1814.8732      100.93376      294.3473       0.2047309    
    130000   473.13206      1338.6759      1811.808       129.48048      299.59842      0.20099813   
    131000   471.83692      1337.5854      1809.4223      167.26654      299.35435      0.19637545   
    132000   463.09375      1342.8079      1805.9017      163.02371      300.52317      0.19037564   
    133000   496.5374       1312.1438      1808.6812      124.15471      293.66048      0.18920336   
    134000   491.12975      1331.1994      1822.3291      142.36266      297.92516      0.19330686   
    135000   484.09913      1325.7814      1809.8805      124.03069      296.71259      0.19803657   
    136000   474.15152      1293.4644      1767.6159      66.027422      289.47998      0.20023589   
    137000   482.90023      1331.7305      1814.6307      130.61058      298.04401      0.2046508    
    138000   457.37398      1292.999       1750.373       179.70492      289.37584      0.21007592   
    139000   453.98378      1341.6253      1795.6091      293.11842      300.2585       0.21729786   
    140000   472.75845      1325.1864      1797.9448      244.43628      296.57943      0.21333964   
    141000   483.08521      1290.5883      1773.6735      183.38007      288.83631      0.20102927   
    142000   512.29637      1325.1175      1837.4138      128.83522      296.56401      0.19628881   
    143000   494.32687      1349.6521      1843.979       179.21471      302.05492      0.19550852   
    144000   490.09643      1372.1925      1862.289       179.35981      307.09951      0.19611019   
    145000   504.91445      1359.9579      1864.8723      187.09188      304.36137      0.19764162   
    146000   523.16217      1334.2804      1857.4426      226.92071      298.61469      0.19911756   
    147000   464.08015      1373.0472      1837.1273      215.91595      307.29077      0.20134197   
    148000   469.27323      1348.3576      1817.6308      165.52805      301.76519      0.20700452   
    149000   446.53716      1371.0635      1817.6006      79.06377       306.84681      0.2146435    
    150000   470.57741      1387.9204      1858.4978      79.912211      310.61943      0.21833907   
    151000   476.23826      1392.2577      1868.496       86.55142       311.59013      0.21326502   
    152000   467.30021      1373.7449      1841.0451      219.34422      307.44693      0.20655673   
    153000   503.7362       1345.2151      1848.9513      284.30972      301.0619       0.19867703   
    154000   497.73483      1372.5299      1870.2648      304.62028      307.17502      0.19252324   
    155000   512.33118      1379.2975      1891.6287      274.06464      308.68961      0.19116831   
    156000   495.27236      1387.2676      1882.54        238.04007      310.47334      0.19084711   
    157000   511.1704       1323.3937      1834.5641      120.34595      296.17822      0.19249924   
    158000   486.31588      1327.8761      1814.1919      108.80577      297.18139      0.19719452   
    159000   483.66433      1341.018       1824.6823      108.23004      300.12258      0.20263473   
    160000   457.04108      1315.5078      1772.5489      146.09851      294.41335      0.20642169   
    161000   460.55839      1348.0275      1808.5859      175.45625      301.69133      0.20955056   
    162000   482.58909      1300.8676      1783.4567      133.26608      291.13683      0.21174957   
    163000   462.03123      1314.3776      1776.4088      97.624258      294.16039      0.21533279   
    164000   437.0129       1327.7412      1764.7541      207.42938      297.1512       0.21956348   
    165000   451.31962      1285.1034      1736.423       169.79086      287.60877      0.2109357    
    166000   507.69727      1293.4574      1801.1546      187.095        289.47842      0.20125426   
    167000   488.25548      1356.0169      1844.2724      173.56707      303.47937      0.19614243   
    168000   484.58611      1339.5122      1824.0983      149.94004      299.78557      0.19238168   
    169000   501.37475      1340.2116      1841.5864      100.55549      299.94212      0.1887627    
    170000   500.48188      1390.513       1890.9948      102.99761      311.19965      0.18992818   
    171000   493.24272      1403.5903      1896.833       124.17216      314.12639      0.19468594   
    172000   457.46308      1377.2307      1834.6938      188.53622      308.22706      0.20061339   
    173000   480.74905      1337.3566      1818.1056      260.04376      299.30314      0.20413623   
    174000   487.27297      1314.9511      1802.224       296.95554      294.28875      0.20341573   
    175000   467.05709      1305.214       1772.271       293.36804      292.10956      0.20168264   
    176000   468.45867      1284.4155      1752.8742      305.59484      287.45484      0.2025639    
    177000   499.20529      1303.0382      1802.2435      331.01125      291.62263      0.2054507    
    178000   474.4485       1346.5627      1821.0112      268.76796      301.36349      0.20675044   
    179000   472.6318       1367.7413      1840.3731      166.61121      306.10332      0.20615405   
    180000   483.99282      1338.8631      1822.856       100.4708       299.64032      0.2031982    
    181000   480.71355      1324.0579      1804.7714      26.112192      296.32688      0.19617731   
    182000   489.65176      1395.207       1884.8588      40.003732      312.2502       0.19149604   
    183000   496.25358      1362.7893      1859.0429      120.46868      304.99505      0.19008416   
    184000   513.11302      1349.9288      1863.0418      228.95052      302.11683      0.19307551   
    185000   493.18862      1371.4619      1864.6506      393.35539      306.936        0.19896816   
    186000   464.62687      1429.5939      1894.2207      348.74883      319.94604      0.20314191   
    187000   497.16381      1388.3138      1885.4776      333.03409      310.70748      0.20447069   
    188000   484.32308      1358.2438      1842.5669      253.17137      303.97775      0.20293093   
    189000   479.36476      1344.9582      1824.3229      159.16039      301.0044       0.20385696   
    190000   514.75521      1326.8533      1841.6085      134.76616      296.95249      0.20474025   
    191000   521.56005      1318.1361      1839.6962      113.8413       295.00157      0.19956835   
    192000   483.68845      1326.2586      1809.947       187.44442      296.81939      0.1953812    
    193000   487.56531      1302.7824      1790.3477      191.6397       291.56538      0.19336466   
    194000   496.48071      1316.3309      1812.8116      178.51089      294.59756      0.19280271   
    195000   510.82293      1315.3719      1826.1948      163.16895      294.38292      0.19640728   
    196000   494.93152      1336.4193      1831.3508      112.11538      299.09337      0.20049617   
    197000   486.97223      1328.0456      1815.0179      109.32446      297.21934      0.20288237   
    198000   522.28696      1314.5818      1836.8688      54.578606      294.20611      0.20323164   
    199000   505.92106      1321.1291      1827.0502      76.610245      295.67141      0.2019818    
    200000   506.61478      1309.8648      1816.4796      118.82687      293.15043      0.2006484    
    201000   488.77476      1381.3027      1870.0774      136.85194      309.13838      0.19898972   
    202000   508.31517      1363.2765      1871.5917      256.65762      305.10409      0.19873439   
    203000   505.55054      1339.5234      1845.0739      190.12339      299.78809      0.19249449   
    204000   521.42123      1320.1693      1841.5905      171.69729      295.45659      0.1884183    
    205000   506.66469      1363.4082      1870.0729      112.73574      305.13355      0.18871005   
    206000   496.92221      1345.3027      1842.2249      79.491887      301.08151      0.19102902   
    207000   531.28447      1338.52        1869.8044      34.975836      299.56352      0.19270841   
    208000   510.56155      1345.0686      1855.6301      98.448918      301.02911      0.19503245   
    209000   501.54022      1341.6564      1843.1966      220.03283      300.26546      0.19716844   
    210000   480.47451      1343.7078      1824.1823      352.38101      300.72456      0.19842439   
    211000   492.51955      1341.0514      1833.5709      472.28172      300.13005      0.19855011   
    212000   495.3385       1358.4307      1853.7692      384.55505      304.01958      0.19706516   
    213000   484.1173       1343.6406      1827.7579      309.50414      300.70953      0.19843712   
    214000   452.4948       1295.6382      1748.133       185.52799      289.96649      0.20585973   
    215000   477.00116      1321.1648      1798.166       138.9409       295.67939      0.21689518   
    216000   461.63852      1324.0857      1785.7242      97.469087      296.33309      0.21985116   
    217000   461.81665      1317.8767      1779.6934      65.213984      294.94352      0.21475709   
    218000   451.92508      1295.0522      1746.9772      63.46258       289.83533      0.21104292   
    219000   474.6117       1330.508       1805.1197      171.72235      297.77042      0.20853538   
    220000   503.99408      1346.4879      1850.482       232.40186      301.34675      0.20124856   
    221000   505.5265       1369.7741      1875.3006      190.22128      306.55825      0.19487015   
    222000   517.51635      1348.4355      1865.9518      163.24049      301.78263      0.19502851   
    223000   499.8925       1370.7241      1870.6166      90.32921       306.77086      0.19751577   
    224000   506.11287      1346.8741      1852.987       61.108745      301.43319      0.19866951   
    225000   500.50623      1341.8487      1842.3549      101.32389      300.30849      0.19635771   
    226000   481.362        1362.649       1844.011       172.83717      304.96365      0.19031745   
    227000   545.4089       1363.1042      1908.5131      231.42474      305.06551      0.18413364   
    228000   537.26344      1360.8434      1898.1069      187.99283      304.55956      0.17720611   
    229000   530.12738      1373.1837      1903.3111      183.11603      307.32134      0.17948012   
    230000   493.98919      1345.7826      1839.7718      147.5153       301.18891      0.1886518    
    231000   518.42318      1326.1163      1844.5394      127.42162      296.78754      0.19428974   
    232000   513.63854      1357.2137      1870.8522      139.84272      303.74721      0.19884579   
    233000   467.37348      1359.4815      1826.8549      151.09036      304.25474      0.20125769   
    234000   477.74894      1312.9773      1790.7262      158.56132      293.84701      0.20368791   
    235000   467.34274      1309.5096      1776.8523      137.47472      293.07093      0.20785231   
    236000   462.76289      1323.0281      1785.791       145.29046      296.09641      0.21362139   
    237000   476.85192      1338.0019      1814.8538      141.80487      299.44756      0.21772018   
    238000   491.30784      1417.7166      1909.0245      121.60425      317.28789      0.21655636   
    239000   467.11881      1372.4829      1839.6017      60.814958      307.16449      0.21048016   
    240000   477.81153      1331.9351      1809.7466      106.04037      298.0898       0.20267021   
    241000   492.3345       1331.5917      1823.9262      195.2367       298.01295      0.19822341   
    242000   490.74347      1308.4572      1799.2007      267.35714      292.83541      0.1990947    
    243000   510.39117      1329.6215      1840.0126      329.62624      297.57202      0.20282634   
    244000   484.76336      1327.1125      1811.8759      279.49243      297.0105       0.20586447   
    245000   457.80544      1330.9044      1788.7098      216.72701      297.85913      0.20863345   
    246000   483.29711      1323.8353      1807.1324      154.16774      296.27705      0.21235239   
    247000   455.01213      1280.8711      1735.8832      138.9336       286.66157      0.21397965   
    248000   463.92081      1295.8594      1759.7802      178.7265       290.01599      0.21243036   
    249000   479.82258      1342.1435      1821.9661      171.09562      300.37448      0.20938239   
    250000   466.46613      1368.4862      1834.9523      209.19628      306.27002      0.20728859   
    251000   483.6076       1371.4878      1855.0954      167.36297      306.94179      0.20684969   
    252000   483.46451      1360.0319      1843.4964      155.93513      304.37792      0.20817529   
    253000   505.64007      1363.9925      1869.6325      165.84712      305.26431      0.20687949   
    254000   524.2191       1340.3686      1864.5877      105.16446      299.97724      0.20148401   
    255000   478.30021      1320.5264      1798.8266      126.15263      295.53652      0.19979156   
    256000   481.12176      1314.9834      1796.1052      159.34061      294.29599      0.20292753   
    257000   475.74679      1316.3339      1792.0807      131.98171      294.59824      0.20788853   
    258000   507.1834       1316.4783      1823.6617      115.86304      294.63054      0.21788045   
    259000   478.0678       1354.1656      1832.2334      101.29911      303.06505      0.22383446   
    260000   459.76348      1368.1902      1827.9536      153.58304      306.20377      0.22307672   
    261000   491.70627      1367.0425      1858.7488      171.93216      305.94692      0.21896441   
    262000   502.01773      1346.7568      1848.7745      134.3481       301.40693      0.21149036   
    263000   481.10465      1347.6404      1828.7451      141.73465      301.60469      0.20874015   
    264000   483.68604      1324.8758      1808.5618      202.60519      296.50992      0.21066172   
    265000   487.05689      1318.8147      1805.8716      166.36673      295.15344      0.2122445    
    266000   459.38438      1302.8969      1762.2813      193.81372      291.591        0.21476438   
    267000   482.23174      1321.6532      1803.8849      287.82527      295.7887       0.21846376   
    268000   460.40629      1318.284       1778.6903      246.81636      295.03466      0.21727623   
    269000   459.84999      1291.5224      1751.3724      244.87826      289.04537      0.21453129   
    270000   466.78172      1284.8497      1751.6314      161.55571      287.552        0.20511804   
    271000   497.73791      1321.9897      1819.7276      95.732141      295.86402      0.19777745   
    272000   492.53049      1348.6879      1841.2184      93.935849      301.83911      0.19902181   
    273000   474.33322      1331.724       1806.0572      104.63785      298.04255      0.20612708   
    274000   480.63025      1334.3429      1814.9731      101.60967      298.62868      0.20901693   
    275000   490.05243      1348.9114      1838.9638      144.30173      301.88914      0.20838381   
    276000   519.09295      1367.2965      1886.3894      250.35124      306.00376      0.20892924   
    277000   490.13263      1340.3275      1830.4601      301.73472      299.96805      0.20671761   
    278000   485.40309      1355.2814      1840.6845      295.17033      303.31475      0.20116074   
    279000   504.10792      1368.0287      1872.1367      267.39038      306.16764      0.1928325    
    280000   527.08961      1387.9338      1915.0234      193.09011      310.62243      0.18576473   
    281000   534.67248      1329.261       1863.9335      123.53365      297.49134      0.18234014   
    282000   491.34811      1360.8259      1852.174       71.905074      304.55564      0.18616262   
    283000   526.64455      1369.2349      1895.8794      35.41366       306.43758      0.19664364   
    284000   514.46698      1329.5329      1843.9999      19.486361      297.5522       0.2017776    
    285000   488.32932      1324.5505      1812.8799      96.153838      296.43713      0.20386397   
    286000   492.7146       1333.7212      1826.4358      212.08973      298.48954      0.20579375   
    287000   471.3952       1352.1394      1823.5346      265.883        302.61157      0.2066686    
    288000   503.41845      1305.6672      1809.0857      240.3653       292.21101      0.20351109   
    289000   482.47955      1343.8425      1826.3221      180.22487      300.75472      0.20196882   
    290000   462.84026      1357.1318      1819.972       202.02633      303.72887      0.20484661   
    291000   497.19241      1359.0369      1856.2293      145.14291      304.15524      0.2072675    
    292000   506.86453      1347.6802      1854.5447      114.71008      301.61359      0.21134618   
    293000   485.10733      1344.8866      1829.994       92.601934      300.98839      0.21432356   
    294000   470.62638      1368.8867      1839.513       151.12222      306.35964      0.21438637   
    295000   472.59473      1349.0754      1821.6702      160.25785      301.92585      0.20825918   
    296000   523.81858      1354.6683      1878.4869      212.31021      303.17756      0.20293234   
    297000   486.42514      1362.9373      1849.3624      252.24523      305.02816      0.20189907   
    298000   509.04274      1342.5031      1851.5458      232.45147      300.45495      0.20355639   
    299000   484.00531      1370.4777      1854.483       184.77959      306.71573      0.2088831    
    300000   479.16187      1348.7073      1827.8692      160.49074      301.84347      0.21645251   
    301000   456.55         1364.413       1820.963       63.885316      305.35843      0.21887809   
    302000   476.81013      1355.5962      1832.4064      118.60035      303.38522      0.21437363   
    303000   470.19939      1351.3814      1821.5808      131.95161      302.44193      0.19939698   
    304000   508.01981      1336.6827      1844.7025      195.44446      299.15233      0.19350393   
    305000   493.5742       1313.1083      1806.6825      214.05408      293.87633      0.19208396   
    306000   483.87533      1339.8662      1823.7416      194.9426       299.86482      0.19419044   
    307000   488.25937      1324.1799      1812.4392      116.87094      296.35417      0.19909006   
    308000   499.49613      1281.709       1781.2051      110.55848      286.84911      0.20718562   
    309000   469.55844      1292.7036      1762.262       96.057106      289.30972      0.20981031   
    310000   450.38795      1305.8198      1756.2077      187.00418      292.24515      0.20727137   
    311000   498.64475      1330.194       1828.8388      181.01872      297.70015      0.20197035   
    312000   497.48671      1345.3858      1842.8725      168.96021      301.1001       0.19800362   
    313000   517.29219      1363.1767      1880.4689      292.95943      305.08175      0.19712205   
    314000   502.06654      1348.7397      1850.8062      263.63157      301.85071      0.19650905   
    315000   495.27097      1348.6311      1843.902       199.31945      301.8264       0.1984354    
    316000   516.68783      1369.5515      1886.2394      148.51182      306.50845      0.20303384   
    317000   488.52245      1360.2694      1848.7919      104.36702      304.43109      0.20488141   
    318000   482.3008       1355.6626      1837.9634      150.959        303.40008      0.20655101   
    319000   492.77436      1369.1713      1861.9457      167.51241      306.42336      0.20587491   
    320000   481.12841      1360.6614      1841.7898      197.66939      304.51882      0.20329532   
    321000   483.65611      1351.7557      1835.4118      218.20998      302.5257       0.20066731   
    322000   519.12358      1298.0753      1817.1989      268.07283      290.51192      0.1998882    
    323000   461.48339      1343.5358      1805.0192      320.01655      300.68606      0.20124643   
    324000   491.61968      1324.5264      1816.1461      306.06136      296.43174      0.20564939   
    325000   437.19188      1337.5698      1774.7617      284.50384      299.35087      0.21119094   
    326000   458.36506      1344.8407      1803.2057      254.32804      300.97811      0.2129997    
    327000   491.34845      1380.5172      1871.8657      231.09089      308.96259      0.20908795   
    328000   484.46934      1386.2803      1870.7497      220.85601      310.25239      0.19998771   
    329000   509.66555      1399.9213      1909.5868      149.83164      313.30526      0.19422861   
    330000   479.66698      1406.2752      1885.9422      192.11964      314.72728      0.19580539   
    331000   492.05505      1377.4575      1869.5126      210.03973      308.27782      0.20077869   
    332000   495.8154       1344.6917      1840.5071      164.87225      300.94475      0.20419818   
    333000   472.60751      1328.4699      1801.0774      186.61485      297.3143       0.20726447   
    334000   475.93512      1344.1298      1820.0649      223.3619       300.819        0.20591777   
    335000   514.97217      1322.5928      1837.565       118.59097      295.99898      0.19980706   
    336000   476.32957      1301.4642      1777.7938      177.95406      291.27037      0.19694147   
    337000   491.80264      1307.2653      1799.068       205.41952      292.56867      0.19600749   
    338000   483.02109      1338.9536      1821.9747      259.88112      299.66057      0.19833986   
    339000   486.09383      1348.5796      1834.6735      183.59836      301.81489      0.20136588   
    340000   490.74924      1417.4636      1908.2128      133.75386      317.23126      0.20563551   
    341000   504.08493      1386.5852      1890.6701      46.021765      310.3206       0.20530514   
    342000   507.6461       1340.2596      1847.9057      62.594501      299.95284      0.20375139   
    343000   481.11424      1351.6119      1832.7262      128.14609      302.49352      0.20025335   
    344000   512.89233      1338.4654      1851.3577      183.52159      299.55131      0.19476134   
    345000   507.67429      1347.3314      1855.0057      189.71564      301.53553      0.18969167   
    346000   507.78663      1312.9399      1820.7266      151.0954       293.83865      0.18963092   
    347000   497.57287      1333.4022      1830.9751      156.90496      298.41815      0.19733031   
    348000   489.19053      1311.8912      1801.0817      205.00086      293.60394      0.20832658   
    349000   466.97571      1329.0737      1796.0494      220.29169      297.44941      0.21088059   
    350000   468.79475      1318.6165      1787.4113      215.62127      295.10908      0.2068107    
    351000   488.93384      1278.4845      1767.4184      168.8517       286.12746      0.20312853   
    352000   483.39223      1271.3214      1754.7136      169.92437      284.52434      0.20175905   
    353000   504.99362      1302.7882      1807.7818      111.44164      291.56667      0.19903278   
    354000   486.32094      1355.1533      1841.4742      134.19602      303.28608      0.1984866    
    355000   497.2429       1315.053       1812.2959      163.10555      294.31156      0.20116834   
    356000   482.27268      1350.9436      1833.2163      196.25411      302.34395      0.20968154   
    357000   470.87489      1360.5596      1831.4345      263.14027      304.49604      0.21949602   
    358000   475.14674      1354.2169      1829.3637      146.863        303.07653      0.21817563   
    359000   494.21033      1365.3328      1859.5432      122.86847      305.56429      0.21427476   
    360000   518.13909      1325.6684      1843.8075      13.612998      296.68731      0.20727673   
    361000   498.39079      1308.0535      1806.4443      58.32417       292.74505      0.2013906    
    362000   495.32322      1327.5988      1822.922       90.774083      297.11933      0.19528481   
    363000   512.43823      1308.8349      1821.2731      92.718123      292.91994      0.19350736   
    364000   477.98831      1288.645       1766.6333      124.23179      288.4014       0.19460873   
    365000   503.54336      1323.0837      1826.6271      147.40032      296.10885      0.1989432    
    366000   477.89833      1345.3582      1823.2565      228.31592      301.09392      0.20587508   
    367000   484.44605      1341.6464      1826.0924      302.62594      300.26321      0.20775497   
    368000   465.95279      1337.83        1803.7828      307.68378      299.40909      0.20559458   
    369000   494.22886      1331.5675      1825.7963      230.05155      298.00753      0.20431974   
    370000   495.2432       1350.5688      1845.812       154.2158       302.26007      0.20355619   
    371000   497.64575      1399.2727      1896.9185      125.50883      313.16011      0.20119129   
    372000   488.50854      1354.903       1843.4116      118.23278      303.23008      0.20215918   
    373000   534.42908      1350.8812      1885.3102      135.6688       302.32998      0.20615039   
    374000   501.34936      1354.8104      1856.1598      173.16249      303.20936      0.206836     
    375000   469.31209      1373.482       1842.7941      145.16218      307.38809      0.20433327   
    376000   476.77988      1361.4752      1838.2551      98.424266      304.70095      0.20178017   
    377000   493.34265      1346.8425      1840.1851      59.843929      301.42611      0.20131268   
    378000   483.11963      1322.1831      1805.3027      121.0609       295.90728      0.20394156   
    379000   465.17642      1342.2039      1807.3803      223.2508       300.38798      0.20668526   
    380000   490.47768      1326.1988      1816.6765      232.89993      296.80601      0.20995721   
    381000   485.83061      1342.8268      1828.6574      204.89141      300.5274       0.21287847   
    382000   479.87837      1310.0008      1789.8792      109.14587      293.18087      0.21358078   
    383000   488.5676       1332.221       1820.7886      114.87228      298.15378      0.2152153    
    384000   481.60446      1379.3444      1860.9489      134.99794      308.70011      0.21660245   
    385000   480.79293      1343.3552      1824.1482      213.01924      300.64566      0.21770758   
    386000   462.97765      1369.6325      1832.6101      306.47707      306.52656      0.21767166   
    387000   476.51234      1335.3322      1811.8446      317.08867      298.85009      0.213633     
    388000   479.90441      1279.3065      1759.2109      285.90474      286.31142      0.2053826    
    389000   493.82312      1309.6737      1803.4968      272.90801      293.10767      0.1993251    
    390000   484.23361      1328.2395      1812.4731      187.82315      297.26273      0.19795506   
    391000   478.39043      1308.9387      1787.3292      145.89249      292.94318      0.1997911    
    392000   500.78622      1312.5324      1813.3186      75.838676      293.74745      0.2067297    
    393000   441.6176       1349.5871      1791.2047      57.777475      302.04036      0.21859481   
    394000   488.04514      1343.9215      1831.9667      68.508746      300.7724       0.22265864   
    395000   504.16688      1329.2363      1833.4032      52.27418       297.48582      0.21972854   
    396000   473.16967      1355.4347      1828.6044      155.92619      303.34907      0.21897868   
    397000   481.25558      1347.2854      1828.541       172.84559      301.52523      0.21804729   
    398000   498.04777      1375.3784      1873.4262      286.51867      307.81251      0.21531129   
    399000   497.17579      1344.0983      1841.2741      228.72625      300.81197      0.20602115   
    400000   501.16386      1329.0911      1830.2549      258.66112      297.45331      0.19979413   
    401000   494.24228      1330.4439      1824.6862      310.71333      297.75608      0.2000937    
    402000   454.0462       1331.9049      1785.9511      296.66556      298.08304      0.20696851   
    403000   470.37839      1336.6217      1807.0001      307.11239      299.13868      0.21503307   
    404000   436.96698      1372.729       1809.696       212.66939      307.21957      0.21755896   
    405000   495.28498      1376.0367      1871.3217      83.700607      307.95984      0.21515714   
    406000   449.12234      1379.1578      1828.2802      71.34731       308.65835      0.21384983   
    407000   470.51435      1387.1782      1857.6925      91.265392      310.45333      0.21194129   
    408000   523.89448      1332.887       1856.7815      98.786609      298.30285      0.2041659    
    409000   501.16419      1349.4513      1850.6155      180.65921      302.00998      0.19806763   
    410000   489.72801      1323.3311      1813.0591      225.22325      296.16422      0.1982301    
    411000   512.09304      1311.5508      1823.6439      269.45395      293.52777      0.20713167   
    412000   477.03296      1328.6666      1805.6996      321.24856      297.35831      0.21082262   
    413000   483.15835      1307.4347      1790.593       194.88988      292.60656      0.20979778   
    414000   458.99057      1296.5654      1755.556       160.36047      290.174        0.21008824   
    415000   473.61425      1282.7914      1756.4057      93.549059      287.09135      0.2085185    
    416000   473.8605       1303.4935      1777.354       71.228279      291.72452      0.20623392   
    417000   483.62258      1315.7295      1799.3521      67.605254      294.46296      0.20145337   
    418000   460.08746      1284.3361      1744.4236      73.539194      287.43707      0.19835818   
    419000   479.1798       1305.1288      1784.3086      116.29401      292.0905       0.20331859   
    420000   460.85814      1330.0131      1790.8712      187.49806      297.65965      0.21372349   
    421000   474.52793      1349.3932      1823.9211      237.21006      301.99697      0.21846898   
    422000   486.10804      1367.8603      1853.9683      216.83245      306.12994      0.21326576   
    423000   496.5425       1371.6361      1868.1786      196.99077      306.97498      0.20619881   
    424000   472.8043       1341.5371      1814.3414      189.48367      300.23875      0.19981419   
    425000   497.05936      1307.8342      1804.8936      150.90069      292.69599      0.19821583   
    426000   486.91823      1321.7057      1808.6239      154.90244      295.80045      0.20284564   
    427000   484.78159      1340.177       1824.9586      132.72361      299.93437      0.20791084   
    428000   470.36681      1332.1528      1802.5196      112.01512      298.13852      0.20943395   
    429000   482.98551      1316.4246      1799.4101      72.54935       294.61853      0.20808437   
    430000   476.16487      1281.1962      1757.361       129.85248      286.73433      0.2078308    
    431000   489.73205      1318.9423      1808.6743      197.26845      295.18199      0.20582527   
    432000   483.68974      1306.6464      1790.3361      266.27541      292.43014      0.20462234   
    433000   512.49716      1299.1549      1811.6521      318.29025      290.75354      0.20546081   
    434000   490.14609      1325.9677      1816.1138      357.91142      296.7543       0.20567117   
    435000   458.57307      1327.3077      1785.8807      250.7881       297.05418      0.20232279   
    436000   465.9041       1323.8753      1789.7794      176.01678      296.286        0.1967318    
    437000   490.42677      1316.6977      1807.1245      98.565767      294.67965      0.19063505   
    438000   491.48769      1321.958       1813.4457      168.81099      295.85692      0.18985392   
    439000   473.07703      1318.5964      1791.6734      221.42378      295.10458      0.19686846   
    440000   478.21143      1328.0802      1806.2916      266.41558      297.22707      0.20552023   
    441000   492.56695      1304.5654      1797.1323      243.57909      291.96441      0.20702902   
    442000   479.42578      1352.6848      1832.1106      215.22601      302.73363      0.20918961   
    443000   460.91019      1363.2762      1824.1864      185.55883      305.10401      0.20954463   
    444000   481.19479      1323.0409      1804.2357      149.24735      296.09928      0.20465568   
    445000   488.17771      1332.6724      1820.8501      129.49714      298.25481      0.19816795   
    446000   516.9113       1360.1041      1877.0154      113.9711       304.39409      0.19649295   
    447000   491.47807      1363.1985      1854.6765      200.71277      305.08661      0.20111306   
    448000   517.1248       1342.1885      1859.3133      264.48192      300.38454      0.20467861   
    449000   492.77046      1367.2455      1860.016       307.08394      305.99236      0.204669     
    450000   505.05689      1345.9503      1851.0072      296.51514      301.22645      0.20411811   
    451000   472.05423      1383.7849      1855.8391      213.84955      309.69389      0.20409159   
    452000   505.98697      1372.6361      1878.623       127.9025       307.19877      0.20606749   
    453000   487.38148      1329.5276      1816.9091      42.762485      297.551        0.20921671   
    454000   476.72971      1331.7499      1808.4796      88.655744      298.04837      0.21563252   
    455000   482.83533      1325.0507      1807.8861      16.795969      296.54907      0.21967938   
    456000   448.52929      1307.4738      1756.003       141.24175      292.61531      0.22216581   
    457000   461.25436      1261.0389      1722.2933      140.09519      282.2231       0.21395446   
    458000   468.8281       1350.8238      1819.6519      201.2013       302.31713      0.20398457   
    459000   497.03379      1312.8965      1809.9303      233.94668      293.82893      0.20128153   
    460000   489.48426      1306.052       1795.5362      236.84878      292.29711      0.20392125   
    461000   495.36511      1326.6276      1821.9927      172.59597      296.90198      0.20883649   
    462000   436.20489      1278.107       1714.3119      169.77429      286.04297      0.21256399   
    463000   461.40058      1312.2503      1773.6509      177.02774      293.68432      0.21673278   
    464000   490.94691      1309.6065      1800.5534      125.56484      293.09263      0.21709317   
    465000   480.69864      1306.6425      1787.3411      56.330752      292.42927      0.21554099   
    466000   465.29814      1298.1791      1763.4772      15.389674      290.53514      0.21375085   
    467000   454.19369      1273.2491      1727.4428      70.742799      284.95576      0.21226042   
    468000   490.85349      1322.8638      1813.7173      96.985926      296.05963      0.20913577   
    469000   506.08289      1301.2792      1807.3621      142.01346      291.22896      0.20396742   
    470000   458.07581      1291.0393      1749.1151      240.04523      288.93724      0.20131043   
    471000   473.64101      1291.0284      1764.6695      266.85959      288.93482      0.20234651   
    472000   479.58308      1321.1115      1800.6945      265.95069      295.66746      0.20644752   
    473000   487.9657       1326.9425      1814.9082      290.39758      296.97245      0.21196267   
    474000   462.56545      1316.1932      1778.7587      221.26208      294.56674      0.21262396   
    475000   459.5064       1261.1846      1720.691       166.11949      282.2557       0.21094043   
    476000   487.8784       1327.226       1815.1044      148.30033      297.03591      0.20635402   
    477000   494.14365      1290.9255      1785.0691      117.88911      288.91177      0.19980463   
    478000   476.97417      1291.4102      1768.3843      78.866881      289.02025      0.19921497   
    479000   465.04907      1347.1209      1812.17        119.66205      301.48843      0.20886702   
    480000   477.00955      1308.6483      1785.6578      184.30463      292.87816      0.21618607   
    481000   493.48046      1329.9727      1823.4532      243.28437      297.65062      0.22037533   
    482000   462.24802      1337.5065      1799.7546      311.75874      299.33671      0.22031021   
    483000   468.89794      1347.3377      1816.2357      238.59726      301.53695      0.2147127    
    484000   489.34812      1390.0994      1879.4475      171.5859       311.10709      0.20878989   
    485000   477.77192      1404.5691      1882.341       184.75111      314.34544      0.20742526   
    486000   507.61873      1336.7505      1844.3692      44.972745      299.16751      0.20562446   
    487000   531.89649      1296.9271      1828.8236      3.588449       290.25494      0.20425989   
    488000   514.93935      1320.8681      1835.8075      61.558421      295.613        0.20309293   
    489000   506.75089      1334.2189      1840.9698      181.88567      298.60093      0.20340765   
    490000   497.13652      1354.902       1852.0385      227.19921      303.22985      0.20055424   
    491000   503.01653      1365.6412      1868.6577      206.62544      305.6333       0.19581407   
    492000   500.76631      1340.1393      1840.9056      157.15267      299.92593      0.19375089   
    493000   511.89046      1329.4253      1841.3158      128.76698      297.52812      0.19733426   
    494000   489.16617      1331.6059      1820.7721      98.171126      298.01613      0.20150223   
    495000   488.1416       1342.6328      1830.7744      135.34049      300.48397      0.20627982   
    496000   462.62005      1295.6352      1758.2552      153.61978      289.96581      0.2088735    
    497000   474.06078      1293.0344      1767.0952      185.02917      289.38375      0.21100987   
    498000   458.58119      1333.9566      1792.5378      285.76894      298.54223      0.21272601   
    499000   475.70757      1308.6423      1784.3499      267.98631      292.87683      0.21198613   
    500000   430.14868      1291.949       1722.0976      298.2412       289.14083      0.21074662   
    501000   485.85273      1294.6914      1780.5441      196.66827      289.75459      0.20614887   
    502000   509.29668      1309.0633      1818.36        90.453765      292.97105      0.1976178    
    503000   541.03739      1322.2099      1863.2473      141.84608      295.91329      0.19469503   
    504000   464.9679       1363.369       1828.3369      188.89817      305.12478      0.19420703   
    505000   509.94893      1324.5549      1834.5039      213.56351      296.43812      0.19479578   
    506000   492.01922      1358.89        1850.9092      271.13456      304.12238      0.19508724   
    507000   504.53712      1375.0686      1879.6058      194.77724      307.74319      0.19398879   
    508000   517.0805       1366.6604      1883.7409      107.3596       305.8614       0.19751204   
    509000   503.90911      1363.0704      1866.9795      56.775489      305.05796      0.20260361   
    510000   511.61521      1353.6446      1865.2599      52.089167      302.94845      0.2035255    
    511000   481.62187      1366.7672      1848.3891      117.76754      305.88531      0.20434444   
    512000   496.72584      1388.1181      1884.8439      239.41807      310.66367      0.20562299   
    513000   498.51818      1366.2327      1864.7509      196.83351      305.76569      0.2052616    
    514000   469.85734      1376.0465      1845.9039      170.45254      307.96203      0.20592522   
    515000   507.40547      1363.6709      1871.0764      131.5497       305.19236      0.20970544   
    516000   502.57289      1400.304       1902.8769      191.34771      313.39092      0.22054741   
    517000   494.23822      1316.2596      1810.4978      180.81355      294.5816       0.22440612   
    518000   475.91428      1303.084       1778.9983      154.36683      291.63288      0.22176462   
    519000   489.008        1322.7114      1811.7194      204.04958      296.02553      0.21640152   
    520000   475.90516      1331.944       1807.8492      219.87454      298.09181      0.21150997   
    521000   498.58389      1337.5996      1836.1835      149.82064      299.35754      0.20872983   
    522000   491.85112      1379.0177      1870.8689      133.06788      308.627        0.21067884   
    523000   494.47401      1354.0476      1848.5216      94.796813      303.03864      0.2136399    
    524000   490.0178       1346.8542      1836.872       103.26125      301.42874      0.21445622   
    525000   503.11324      1343.3814      1846.4946      149.23251      300.65151      0.21409099   
    526000   481.99732      1360.2922      1842.2895      199.86513      304.43618      0.21614055   
    527000   481.3591       1417.9646      1899.3237      186.69384      317.3434       0.21883902   
    528000   476.85173      1350.6573      1827.5091      179.1048       302.27988      0.22170223   
    529000   485.99612      1333.688       1819.6841      170.87137      298.4821       0.22327989   
    530000   492.54832      1354.5769      1847.1252      151.40644      303.15709      0.21589298   
    531000   507.55175      1314.4868      1822.0385      169.12817      294.18484      0.20523546   
    532000   499.52917      1318.6716      1818.2008      185.43242      295.12141      0.19983855   
    533000   516.60276      1313.5009      1830.1037      167.90059      293.9642       0.19692969   
    534000   520.25462      1287.6891      1807.9437      132.11154      288.18746      0.19639675   
    535000   501.06495      1302.9702      1804.0352      81.706154      291.60741      0.19514962   
    536000   491.35659      1329.8345      1821.1911      58.784484      297.61969      0.19735426   
    537000   513.03477      1305.6397      1818.6744      54.995389      292.20484      0.20639042   
    538000   480.05294      1318.7553      1798.8082      103.43452      295.14015      0.21285562   
    539000   490.75717      1308.3057      1799.0629      135.9381       292.8015       0.2115732    
    540000   467.24093      1331.6345      1798.8754      198.81125      298.02253      0.20933245   
    541000   483.39917      1341.2048      1824.604       286.65331      300.1644       0.2077125    
    542000   517.67565      1339.5779      1857.2535      265.40482      299.80028      0.20413047   
    543000   515.35766      1333.7749      1849.1326      189.07472      298.50157      0.20085752   
    544000   492.33121      1351.1505      1843.4818      241.96763      302.39027      0.20298025   
    545000   497.59117      1368.5042      1866.0954      183.02621      306.27405      0.20623201   
    546000   454.13311      1379.2942      1833.4273      140.20584      308.68887      0.21064982   
    547000   458.59503      1347.8609      1806.4559      133.29295      301.65404      0.21382107   
    548000   475.99808      1342.9272      1818.9253      149.20053      300.54986      0.21812286   
    549000   459.52225      1332.1446      1791.6668      156.91251      298.13669      0.22100661   
    550000   481.52503      1336.9805      1818.5055      140.11969      299.21898      0.21914199   
    551000   489.94059      1343.7851      1833.7257      156.97142      300.74186      0.2139859    
    552000   516.76666      1389.7624      1906.5291      134.44522      311.03169      0.20682914   
    553000   520.90536      1371.1648      1892.0702      93.355087      306.8695       0.19904474   
    554000   529.44996      1331.0043      1860.4543      169.91559      297.8815       0.19859095   
    555000   501.23333      1356.9221      1858.1555      195.07401      303.68196      0.201238     
    556000   508.89384      1359.6703      1868.5641      260.16834      304.297        0.2044067    
    557000   508.96055      1324.4055      1833.3661      253.83439      296.40468      0.20433984   
    558000   481.48617      1329.7301      1811.2163      235.7561       297.59633      0.20164389   
    559000   494.45569      1312.86        1807.3157      156.2903       293.82077      0.19908871   
    560000   503.98349      1326.3408      1830.3242      79.808888      296.83778      0.19760186   
    561000   482.53857      1341.8646      1824.4032      67.599887      300.31206      0.1984183    
    562000   491.64314      1302.7144      1794.3575      93.324108      291.55015      0.20340269   
    563000   476.50679      1341.1802      1817.687       185.25891      300.15889      0.20955081   
    564000   474.95321      1320.9489      1795.9022      290.95139      295.63109      0.21471386   
    565000   469.12469      1351.6342      1820.7589      316.79607      302.49852      0.21529365   
    566000   470.67744      1351.018       1821.6954      290.62005      302.3606       0.21325507   
    567000   489.519        1332.0013      1821.5203      208.21329      298.10463      0.20994989   
    568000   520.40097      1397.954       1918.355       154.13586      312.86498      0.20801902   
    569000   473.32643      1388.7225      1862.0489      131.6475       310.79894      0.20540989   
    570000   477.94231      1360.4472      1838.3895      112.28412      304.47088      0.20471725   
    571000   512.82997      1345.6481      1858.478       182.34754      301.1588       0.20774332   
    572000   507.35722      1344.5537      1851.9109      267.78919      300.91387      0.21246714   
    573000   488.13275      1357.9611      1846.0938      339.1738       303.91448      0.2160164    
    574000   476.8246       1316.7479      1793.5725      300.71953      294.69087      0.2154712    
    575000   465.34381      1353.5117      1818.8555      197.27373      302.91869      0.21282296   
    576000   463.46257      1360.8641      1824.3267      158.9104       304.56418      0.21130384   
    577000   482.46088      1327.3189      1809.7798      27.276617      297.0567       0.20290627   
    578000   504.38071      1328.5464      1832.9271      51.30454       297.33141      0.1967355    
    579000   497.97463      1309.5382      1807.5129      20.622498      293.07735      0.19599466   
    580000   477.73056      1325.0466      1802.7771      55.218207      296.54814      0.20186253   
    581000   497.18532      1329.3462      1826.5315      108.20288      297.51041      0.21149899   
    582000   481.3531       1337.9015      1819.2546      196.97394      299.4251       0.21294759   
    583000   475.10565      1315.6208      1790.7265      269.20845      294.43864      0.21045916   
    584000   490.77842      1323.7155      1814.4939      278.73457      296.25025      0.20702242   
    585000   497.10605      1368.3836      1865.4896      252.5669       306.24705      0.20419138   
    586000   512.19032      1355.6229      1867.8132      201.75489      303.39118      0.20352443   
    587000   516.032        1361.2805      1877.3125      192.16522      304.65738      0.20585136   
    588000   502.18205      1371.1332      1873.3153      196.34143      306.86243      0.20791598   
    589000   504.64649      1369.4864      1874.1329      214.84321      306.49388      0.20761505   
    590000   481.85313      1336.112       1817.9651      246.68159      299.0246       0.20142668   
    591000   470.72316      1350.1696      1820.8928      208.34256      302.17074      0.19847903   
    592000   489.56751      1320.3395      1809.907       161.1722       295.49468      0.19817484   
    593000   490.66779      1250.3338      1741.0015      108.42514      279.82726      0.19954466   
    594000   448.03022      1336.7001      1784.7303      86.171315      299.15623      0.20591912   
    595000   458.20396      1349.9132      1808.1171      113.77415      302.11333      0.2149838    
    596000   506.28089      1359.9682      1866.249       104.13622      304.36366      0.21887229   
    597000   487.67608      1341.5089      1829.185       127.8821       300.23244      0.2168837    
    598000   479.87854      1359.6932      1839.5718      197.69799      304.30214      0.21096478   
    599000   504.92075      1365.4477      1870.3685      185.87661      305.59         0.20795223   
    600000   485.65258      1391.8718      1877.5244      338.70996      311.50377      0.21043875   
    601000   491.2417       1398.1348      1889.3765      301.41617      312.90544      0.20930871   
    602000   482.92509      1370.111       1853.0361      280.42925      306.63365      0.20629447   
    603000   492.8038       1354.2283      1847.0321      198.66618      303.07908      0.20475581   
    604000   515.5844       1351.2523      1866.8367      108.03852      302.41305      0.20477555   
    605000   498.59091      1356.8809      1855.4718      54.29529       303.67273      0.20323457   
    606000   540.3553       1404.4775      1944.8328      93.226218      314.32495      0.1975658    
    607000   526.40386      1373.1686      1899.5724      95.260121      307.31794      0.18918506   
    608000   528.25754      1319.9883      1848.2458      202.85544      295.41609      0.18646539   
    609000   500.43494      1333.1716      1833.6065      276.04079      298.36653      0.19049295   
    610000   477.98876      1296.6713      1774.66        281.887        290.19769      0.19861235   
    611000   479.80481      1281.6013      1761.4061      274.31876      286.82499      0.20621991   
    612000   509.36498      1317.161       1826.526       161.98876      294.78334      0.20824659   
    613000   488.50969      1340.6185      1829.1282      50.71731       300.03317      0.207325     
    614000   484.39258      1361.9411      1846.3337      4.8508609      304.80521      0.20397877   
    615000   518.24182      1286.2863      1804.5281     -1.1418168      287.87352      0.19838368   
    616000   523.6677       1320.9377      1844.6054      56.542492      295.62857      0.19501244   
    617000   496.19904      1330.6348      1826.8338      170.95338      297.7988       0.19884248   
    618000   506.11144      1329.998       1836.1095      191.70882      297.65629      0.2085425    
    619000   508.11447      1344.4243      1852.5388      168.13079      300.88492      0.21753887   
    620000   501.13084      1333.0737      1834.2045      170.33599      298.34463      0.2192611    
    621000   500.03774      1381.8807      1881.9185      73.612117      309.26774      0.21673015   
    622000   504.25768      1341.5646      1845.8223      30.509027      300.24492      0.20980322   
    623000   515.00975      1418.5574      1933.5671      122.9863       317.47606      0.20528652   
    624000   507.61141      1377.5601      1885.1715      207.87724      308.30078      0.20265055   
    625000   482.81664      1359.4418      1842.2585      262.19887      304.24587      0.20012528   
    626000   503.47082      1365.52        1868.9908      295.39309      305.60619      0.20029257   
    627000   488.19294      1355.3863      1843.5793      263.32294      303.33825      0.20329594   
    628000   484.98316      1391.2739      1876.257       216.19622      311.36995      0.20921817   
    629000   499.52515      1359.4307      1858.9558      224.5828       304.24337      0.21612965   
    630000   509.93582      1351.637       1861.5729      177.44091      302.49914      0.21223142   
    631000   495.06186      1356.041       1851.1028      145.11683      303.48475      0.20181141   
    632000   494.63756      1373.7632      1868.4008      149.02428      307.45103      0.19405849   
    633000   534.81235      1344.4161      1879.2284      168.11795      300.88308      0.19162925   
    634000   515.17815      1357.301       1872.4792      162.47788      303.76676      0.19010743   
    635000   520.43592      1393.8828      1914.3187      176.434        311.95382      0.1915411    
    636000   471.86637      1365.1249      1836.9913      228.25444      305.51776      0.19752579   
    637000   502.50209      1288.4904      1790.9925      214.51157      288.3668       0.20489515   
    638000   492.30323      1300.2088      1792.5121      62.564894      290.98941      0.20953225   
    639000   491.26478      1310.8759      1802.1407      44.314813      293.37672      0.21191787   
    640000   497.07777      1317.0244      1814.1022     -14.463921      294.75277      0.20817599   
    641000   520.51822      1285.5435      1806.0618     -11.721746      287.70728      0.20299218   
    642000   500.8741       1336.6555      1837.5296      90.873986      299.14624      0.19909423   
    643000   470.53927      1332.5272      1803.0664      173.18984      298.22232      0.19940354   
    644000   509.73505      1318.4376      1828.1726      199.57308      295.06903      0.20400522   
    645000   495.6123       1334.3401      1829.9524      286.04365      298.62805      0.20565828   
    646000   494.16951      1310.7721      1804.9416      251.16452      293.35349      0.20490498   
    647000   461.70842      1388.6936      1850.402       230.07881      310.79248      0.204602     
    648000   498.05676      1365.8854      1863.9421      140.62143      305.68795      0.20441032   
    649000   524.3935       1323.9061      1848.2996      110.68643      296.29289      0.2098584    
    650000   486.77027      1367.5881      1854.3584      44.434298      306.06903      0.2167838    
    651000   497.61684      1335.6425      1833.2593      98.552686      298.91953      0.22112125   
    652000   500.57783      1369.7936      1870.3714      131.27496      306.56262      0.22048387   
    653000   493.45569      1368.6046      1862.0603      186.60745      306.29651      0.21474126   
    654000   497.94329      1360.5797      1858.523       240.90941      304.50053      0.20737803   
    655000   533.68348      1362.4388      1896.1222      250.85313      304.91659      0.2050384    
    656000   516.14401      1381.0848      1897.2288      270.70284      309.0896       0.20787863   
    657000   503.7644       1378.6416      1882.406       283.47587      308.54282      0.20946212   
    658000   485.29001      1371.0862      1856.3762      192.17566      306.8519       0.20789423   
    659000   498.69556      1354.33        1853.0255      148.37335      303.10183      0.20771743   
    660000   488.82275      1369.3314      1858.1541      172.10888      306.45917      0.2108132    
    661000   482.72879      1375.0504      1857.7792      208.58544      307.73911      0.21122591   
    662000   493.01115      1392.1292      1885.1404      188.72932      311.56138      0.20650264   
    663000   533.7586       1311.5259      1845.2845      132.51882      293.52219      0.20402036   
    664000   502.09117      1338.4093      1840.5005      161.19333      299.53875      0.20834218   
    665000   461.34451      1356.5229      1817.8675      238.97581      303.59262      0.22351281   
    666000   468.9307       1357.8525      1826.7832      223.97202      303.89018      0.22603414   
    667000   488.68643      1336.251       1824.9375      230.31018      299.05572      0.22310228   
    668000   462.97958      1335.5408      1798.5204      212.57806      298.89678      0.21762346   
    669000   499.81272      1315.4239      1815.2366      183.2524       294.39457      0.2094778    
    670000   479.52472      1343.629       1823.1537      145.80697      300.70693      0.20360356   
    671000   521.16926      1306.2354      1827.4047      131.78429      292.33817      0.19944392   
    672000   504.13078      1293.6631      1797.7939      72.199636      289.52446      0.1976127    
    673000   474.85976      1364.3987      1839.2585      115.88866      305.35523      0.20254221   
    674000   493.31044      1321.2073      1814.5178      218.45196      295.68891      0.20814118   
    675000   478.56805      1328.3969      1806.965       338.45572      297.29796      0.21282849   
    676000   468.07676      1316.295       1784.3717      407.79245      294.58952      0.21563737   
    677000   450.51037      1315.4583      1765.9686      411.49797      294.40226      0.21625802   
    678000   485.43067      1343.0518      1828.4825      259.96948      300.57776      0.21431192   
    679000   457.63273      1381.527       1839.1597      235.25494      309.18857      0.21186393   
    680000   497.69326      1354.8224      1852.5156      210.42265      303.21202      0.20906167   
    681000   504.73177      1337.5031      1842.2349      228.49268      299.33594      0.20681735   
    682000   519.98385      1396.4724      1916.4562      211.00061      312.53338      0.20414058   
    683000   509.01378      1371.9299      1880.9436      215.02622      307.04072      0.20511792   
    684000   508.85068      1355.5765      1864.4272      116.7142       303.38081      0.20952411   
    685000   482.10821      1344.3971      1826.5053      130.75711      300.87884      0.21683674   
    686000   474.12057      1338.7057      1812.8263      144.13444      299.60509      0.22036737   
    687000   484.37347      1320.3059      1804.6794      131.17879      295.48718      0.21868868   
    688000   514.85984      1382.1649      1897.0248      116.97371      309.33135      0.20501198   
    689000   498.21814      1351.6962      1849.9144      114.66171      302.51239      0.19579669   
    690000   503.17377      1350.8624      1854.0361      161.50483      302.32577      0.19704444   
    691000   496.09697      1343.9981      1840.0951      259.1037       300.78953      0.20159199   
    692000   471.50347      1304.6808      1776.1843      268.23696      291.99024      0.2062715    
    693000   489.07403      1292.948       1782.022       330.15976      289.36442      0.21086559   
    694000   481.55723      1309.3014      1790.8587      260.27784      293.02435      0.21060788   
    695000   488.75947      1304.6618      1793.4212      130.84424      291.98598      0.20979882   
    696000   510.50099      1288.6154      1799.1164      76.441658      288.39477      0.20821161   
    697000   506.03268      1307.6819      1813.7145      78.741454      292.66189      0.20663125   
    698000   472.84561      1352.3045      1825.1501      150.31864      302.64852      0.20308974   
    699000   500.42926      1309.6966      1810.1259      143.77292      293.1128       0.19765643   
    700000   474.50774      1249.9762      1724.484       96.479766      279.74725      0.19572146   
    701000   492.06694      1317.8546      1809.9215      127.21527      294.93855      0.20442933   
    702000   490.33003      1329.0805      1819.4105      169.01348      297.45093      0.21263459   
    703000   473.3135       1322.2179      1795.5314      186.1288       295.91508      0.21333203   
    704000   456.26851      1306.4417      1762.7102      244.72915      292.38434      0.21419607   
    705000   499.85821      1316.6819      1816.5401      265.65561      294.67612      0.21325025   
    706000   521.53773      1325.1025      1846.6402      252.75342      296.56066      0.20874874   
    707000   535.87411      1345.6694      1881.5435      230.55826      301.16358      0.20378549   
    708000   483.5173       1379.4669      1862.9842      323.56332      308.72753      0.20191304   
    709000   502.80447      1395.7507      1898.5552      266.00043      312.37188      0.20046197   
    710000   520.22788      1348.7594      1868.9873      193.53622      301.85512      0.19963739   
    711000   499.99451      1355.6801      1855.6746      163.73926      303.40398      0.19992958   
    712000   514.59782      1379.8486      1894.4464      135.3701       308.81294      0.20470045   
    713000   508.50024      1345.567       1854.0672      99.30017       301.14066      0.21195848   
    714000   516.28279      1328.3193      1844.602       86.555435      297.28058      0.21477929   
    715000   511.72703      1356.6364      1868.3634      115.90678      303.61801      0.21041427   
    716000   486.16588      1349.2092      1835.3751      226.57302      301.95579      0.20531682   
    717000   495.84255      1339.9504      1835.793       204.20033      299.88366      0.2026916    
    718000   477.13158      1296.717       1773.8485      263.66446      290.20792      0.20561396   
    719000   482.5941       1334.7773      1817.3714      264.44878      298.72589      0.21069587   
    720000   473.05993      1287.0838      1760.1437      316.43946      288.05199      0.21367778   
    721000   479.83311      1317.6131      1797.4462      190.35834      294.88452      0.21668918   
    722000   481.5585       1343.2193      1824.7778      203.76027      300.61525      0.21970255   
    723000   504.86501      1320.9009      1825.7659      185.64548      295.62034      0.21788137   
    724000   510.12149      1336.1502      1846.2717      205.62189      299.03316      0.21286255   
    725000   512.17783      1331.681       1843.8588      223.71184      298.03294      0.20771356   
    726000   470.45298      1343.0752      1813.5281      276.72119      300.58298      0.20367151   
    727000   507.6243       1318.5598      1826.1841      265.859        295.09639      0.2028679    
    728000   508.39131      1328.095       1836.4863      248.18598      297.23038      0.20715433   
    729000   444.64192      1327.9125      1772.5544      258.8992       297.18954      0.21264621   
    730000   472.10779      1339.4017      1811.5095      247.56404      299.76086      0.21592729   
    731000   482.11465      1310.3807      1792.4954      258.94753      293.2659       0.21233169   
    732000   467.48424      1284.1619      1751.6461      156.8654       287.39807      0.20591855   
    733000   479.90003      1298.4156      1778.3156      150.59417      290.58807      0.2068204    
    734000   496.67095      1312.9588      1809.6298      178.13526      293.84288      0.20840227   
    735000   475.9258       1328.0897      1804.0155      261.65037      297.22921      0.20829886   
    736000   473.53763      1303.1115      1776.6491      299.17114      291.63903      0.20699389   
    737000   475.17231      1267.8417      1743.014       243.6373       283.74557      0.20513079   
    738000   495.08598      1297.1         1792.186       231.80938      290.29365      0.20356165   
    739000   487.60365      1333.8166      1821.4203      172.82985      298.5109       0.20209336   
    740000   467.07107      1307.0938      1774.1649      119.92928      292.53028      0.20236652   
    741000   472.55208      1312.3867      1784.9387      137.88946      293.71483      0.20403275   
    742000   493.13228      1310.2542      1803.3865      94.538119      293.23758      0.20393333   
    743000   516.26432      1309.7649      1826.0292      181.15015      293.12808      0.20204348   
    744000   511.70631      1296.9561      1808.6624      190.65463      290.26143      0.19694791   
    745000   490.11022      1286.1098      1776.22        193.1453       287.83401      0.19225334   
    746000   514.60937      1311.7652      1826.3746      190.80309      293.57575      0.19368631   
    747000   493.93103      1322.8728      1816.8038      127.52725      296.06165      0.20159602   
    748000   497.13341      1323.8593      1820.9927      148.2633       296.28243      0.20947      
    749000   494.62597      1336.2396      1830.8655      70.836615      299.05316      0.20957189   
    750000   503.24263      1318.0041      1821.2467      49.16059       294.97201      0.2069636    
    751000   506.79803      1327.3352      1834.1332      88.327284      297.06035      0.20679619   
    752000   465.32731      1308.3786      1773.706       233.32863      292.81783      0.213361     
    753000   464.18908      1338.3522      1802.5413      377.03099      299.52598      0.22103012   
    754000   455.49894      1345.2266      1800.7256      361.32731      301.06448      0.22214645   
    755000   481.07352      1341.1749      1822.2485      387.35703      300.1577       0.22094533   
    756000   505.01958      1387.0767      1892.0963      240.93911      310.43062      0.21654349   
    757000   511.89829      1335.0002      1846.8985      151.96224      298.77579      0.21140215   
    758000   502.01805      1345.3628      1847.3808      71.187074      301.09495      0.20615188   
    759000   510.31396      1373.7562      1884.0702      125.48501      307.44946      0.20649451   
    760000   508.267        1374.6241      1882.8911      165.7116       307.6437       0.21026929   
    761000   487.15859      1387.8097      1874.9683      309.18238      310.59466      0.21722797   
    762000   493.02856      1355.6801      1848.7087      361.75159      303.40399      0.21665389   
    763000   495.40538      1359.893       1855.2984      440.45969      304.34684      0.20723874   
    764000   473.04204      1361.8535      1834.8956      399.18999      304.78562      0.19644489   
    765000   511.07862      1333.2907      1844.3693      282.05539      298.3932       0.19607211   
    766000   484.81448      1325.8733      1810.6878      153.62026      296.73317      0.20074047   
    767000   481.72872      1317.958       1799.6867      50.031561      294.9617       0.20716855   
    768000   499.10034      1332.9315      1832.0319     -33.864376      298.31281      0.21130432   
    769000   494.25734      1334.7834      1829.0407     -41.36177       298.72727      0.21264326   
    770000   485.2854       1328.156       1813.4414     -5.4656362      297.24403      0.21103733   
    771000   481.91176      1309.293       1791.2048      201.95395      293.02247      0.20966097   
    772000   467.39222      1349.0443      1816.4365      351.63739      301.91888      0.20821904   
    773000   507.55777      1342.3817      1849.9395      365.94489      300.42778      0.2017704    
    774000   515.21994      1315.7577      1830.9776      307.38142      294.46927      0.19151102   
    775000   512.76071      1328.893       1841.6537      154.75531      297.40897      0.18948009   
    776000   519.77916      1312.55        1832.3292      114.31659      293.75139      0.19334079   
    777000   538.40144      1310.1268      1848.5282     -3.8802404      293.20906      0.19778054   
    778000   535.21755      1336.4808      1871.6983      48.802638      299.10715      0.20253657   
    779000   480.09967      1356.9454      1837.045       225.51073      303.68716      0.2049126    
    780000   512.8846       1347.4152      1860.2998      265.51373      301.55429      0.20317665   
    781000   522.96106      1351.78        1874.7411      273.36093      302.53114      0.19869769   
    782000   529.01355      1370.9288      1899.9423      263.04361      306.81668      0.19191025   
    783000   493.42812      1357.8916      1851.3197      203.69329      303.89893      0.18789857   
    784000   498.66534      1352.4411      1851.1064      164.57382      302.67909      0.19195015   
    785000   506.44389      1326.8568      1833.3007      112.43127      296.95329      0.1977626    
    786000   464.45793      1306.8001      1771.2581      137.81206      292.46455      0.20167761   
    787000   487.57311      1305.0906      1792.6637      158.90543      292.08196      0.20462342   
    788000   490.61818      1347.5981      1838.2163      180.22075      301.59522      0.20549462   
    789000   502.49642      1349.8854      1852.3819      211.41816      302.10713      0.20187281   
    790000   534.87198      1380.3633      1915.2353      276.48173      308.92814      0.19687212   
    791000   510.75289      1397.374       1908.1269      336.64907      312.73517      0.19451832   
    792000   538.7572       1333.1514      1871.9086      298.70576      298.36202      0.19562251   
    793000   497.98263      1337.9963      1835.9789      218.05082      299.44632      0.20002682   
    794000   482.32861      1339.723       1822.0517      142.50951      299.83277      0.2052803    
    795000   473.53399      1301.506       1775.0399      112.42478      291.2797       0.21065464   
    796000   458.63592      1310.0337      1768.6696      67.461         293.18823      0.21238207   
    797000   509.11697      1294.7723      1803.8893      80.782825      289.7727       0.21249404   
    798000   471.83398      1329.6684      1801.5024      35.03032       297.58252      0.21100462   
    799000   500.33849      1336.2395      1836.578       46.639131      299.05314      0.21141241   
    800000   498.73604      1289.6612      1788.3973      111.19812      288.62883      0.21364664   
    801000   488.19247      1294.3009      1782.4934      175.76018      289.6672       0.21776732   
    802000   473.00617      1320.226       1793.2321      283.75738      295.46928      0.22268102   
    803000   483.97117      1306.2879      1790.2591      268.05215      292.34992      0.22103964   
    804000   478.87078      1364.1278      1842.9986      210.04792      305.2946       0.21077617   
    805000   512.70434      1334.2184      1846.9227      137.80319      298.60081      0.20319795   
    806000   502.15213      1367.5267      1869.6788      69.566106      306.05528      0.20194208   
    807000   495.64773      1375.7271      1871.3748     -2.2007988      307.89055      0.20752077   
    808000   493.16055      1305.379       1798.5396      28.686438      292.14651      0.21567643   
    809000   471.515        1319.8378      1791.3528      152.76658      295.38242      0.21839891   
    810000   470.94832      1305.942       1776.8903      124.33621      292.2725       0.21240164   
    811000   492.32884      1303.6286      1795.9574      177.41758      291.75475      0.20777843   
    812000   484.26614      1318.6685      1802.9346      239.62037      295.12072      0.20356744   
    813000   505.67239      1322.42        1828.0924      257.2871       295.96031      0.20009164   
    814000   502.88257      1318.4529      1821.3354      193.18249      295.07246      0.19566302   
    815000   498.17404      1330.9784      1829.1525      173.1994       297.8757       0.19632705   
    816000   490.81881      1396.3689      1887.1877      201.03298      312.51021      0.20001531   
    817000   517.95087      1392.525       1910.4758      185.31487      311.64995      0.20210499   
    818000   472.42197      1363.8618      1836.2837      294.80536      305.23506      0.21426569   
    819000   482.86282      1309.1184      1791.9812      247.1037       292.98339      0.22234413   
    820000   495.09989      1319.7282      1814.8281      236.40153      295.35789      0.22263047   
    821000   468.79195      1346.4158      1815.2078      158.29602      301.33063      0.21696677   
    822000   472.49562      1323.368       1795.8636      149.66532      296.17247      0.21036533   
    823000   489.74193      1338.9742      1828.7161      187.0618       299.66518      0.20483412   
    824000   459.67112      1343.9952      1803.6664      203.79341      300.78889      0.20000543   
    825000   513.80292      1288.4168      1802.2197      192.37626      288.35033      0.1975326    
    826000   500.53895      1299.2882      1799.8271      192.64879      290.78336      0.2000402    
    827000   493.39578      1341.2887      1834.6844      180.64336      300.18315      0.20503156   
    828000   470.90184      1306.7187      1777.6205      133.5605       292.44633      0.20908369   
    829000   491.40368      1267.7965      1759.2002      152.19755      283.73547      0.2099406    
    830000   496.19389      1341.3872      1837.5811      109.03873      300.20521      0.20381097   
    831000   497.52791      1351.3606      1848.8885      153.32003      302.43728      0.19835771   
    832000   535.5652       1330.5979      1866.1631      127.27261      297.79054      0.19759686   
    833000   525.69673      1373.1529      1898.8497      149.74529      307.31445      0.20178511   
    834000   493.00107      1347.4951      1840.4962      103.82772      301.57218      0.20846328   
    835000   498.0329       1366.8117      1864.8446      89.885089      305.89527      0.21867722   
    836000   469.47274      1323.8298      1793.3026      190.49681      296.27584      0.22296438   
    837000   492.1285       1356.8107      1848.9392      320.53202      303.65703      0.22378685   
    838000   469.7308       1351.2502      1820.981       369.47255      302.41256      0.21830845   
    839000   478.63343      1336.2052      1814.8386      323.73613      299.04547      0.21319848   
    840000   479.07761      1388.3621      1867.4397      245.58756      310.71829      0.21049647   
    841000   506.75869      1361.0338      1867.7925      117.22412      304.60216      0.20493681   
    842000   493.96846      1344.0567      1838.0251      42.713244      300.80264      0.20115082   
    843000   528.61488      1319.0598      1847.6747      45.116754      295.2083       0.20045994   
    844000   504.99649      1318.0822      1823.0787      122.72544      294.9895       0.19937927   
    845000   504.5081       1346.1146      1850.6227      238.26344      301.26321      0.20561546   
    846000   484.39748      1372.5588      1856.9562      235.4214       307.18147      0.21481718   
    847000   479.58808      1387.239       1866.8271      261.11578      310.46695      0.21663287   
    848000   479.62827      1354.5103      1834.1386      159.15485      303.14218      0.21362357   
    849000   522.57376      1349.1864      1871.7601      135.95576      301.95067      0.20950941   
    850000   521.26412      1354.1871      1875.4512      150.10051      303.06984      0.2057261    
    851000   527.1037       1406.3678      1933.4715      184.48849      314.74801      0.20318607   
    852000   488.12736      1376.1492      1864.2766      195.21597      307.98501      0.20344618   
    853000   523.36978      1329.5439      1852.9137      109.78673      297.55466      0.20309206   
    854000   498.16251      1377.8107      1875.9732      126.03465      308.35686      0.2035173    
    855000   516.71394      1411.1575      1927.8715      177.85153      315.81995      0.20564176   
    856000   536.18022      1367.8643      1904.0445      167.10127      306.13083      0.20879031   
    857000   523.32459      1329.0115      1852.336       187.92784      297.43549      0.2099948    
    858000   538.08798      1361.0699      1899.1579      152.46319      304.61024      0.20743353   
    859000   533.68064      1351.868       1885.5486      193.70959      302.55082      0.20203662   
    860000   495.47174      1357.8572      1853.3289      127.12207      303.89122      0.19619863   
    861000   549.23269      1362.8167      1912.0494      126.47079      305.00118      0.19556612   
    862000   527.14295      1334.7004      1861.8434      167.21905      298.7087       0.19694418   
    863000   500.8488       1366.2209      1867.0697      168.04209      305.76305      0.20020487   
    864000   496.4675       1341.837       1838.3045      240.60072      300.30587      0.2070786    
    865000   502.25337      1380.0756      1882.329       255.14735      308.86375      0.21260517   
    866000   500.02588      1361.15        1861.1759      196.78085      304.62817      0.21319458   
    867000   487.977        1366.1251      1854.1021      187.66078      305.7416       0.21228186   
    868000   519.3399       1342.7152      1862.0551      137.39794      300.50243      0.20815013   
    869000   546.93613      1319.4707      1866.4069      97.059851      295.30026      0.20001798   
    870000   478.6248       1330.75        1809.3748      62.552156      297.82459      0.19298603   
    871000   490.94076      1298.7572      1789.698       38.887535      290.66453      0.19433364   
    872000   498.92648      1320.4006      1819.327       130.86088      295.50836      0.20267684   
    873000   481.69523      1331.3695      1813.0648      187.1274       297.96324      0.20870422   
    874000   495.89465      1317.0447      1812.9394      262.40249      294.75731      0.21227845   
    875000   487.88748      1293.1139      1781.0014      271.42937      289.40155      0.21042317   
    876000   514.86757      1338.8661      1853.7336      199.08241      299.64097      0.20525754   
    877000   498.08979      1396.2839      1894.3737      154.40953      312.4912       0.20274805   
    878000   503.51793      1337.3337      1840.8517      79.712436      299.29803      0.2009979    
    879000   501.68475      1356.5269      1858.2116      35.325658      303.5935       0.20230865   
    880000   496.47648      1362.0262      1858.5027      51.029533      304.82427      0.21376878   
    881000   461.97586      1330.721       1792.6968      122.11896      297.81809      0.22493668   
    882000   468.48063      1385.865       1854.3457      230.19406      310.15944      0.22521246   
    883000   506.95303      1374.6195      1881.5725      242.13472      307.64266      0.21849834   
    884000   483.9189       1389.496       1873.4149      220.84131      310.97207      0.21340185   
    885000   502.73166      1361.2456      1863.9772      177.8094       304.64955      0.21016361   
    886000   499.58317      1366.0353      1865.6185      146.8766       305.7215       0.20867009   
    887000   510.34971      1338.0717      1848.4214      160.59034      299.46319      0.20962568   
    888000   520.76606      1354.2652      1875.0313      162.88812      303.08734      0.21252493   
    889000   479.40725      1350.4252      1829.8324      98.762746      302.22793      0.2134833    
    890000   508.80445      1352.1896      1860.994       78.10498       302.62281      0.21764541   
    891000   496.54035      1376.6913      1873.2316      179.69416      308.10633      0.22363159   
    892000   467.15926      1407.9378      1875.097       233.9438       315.09936      0.22788487   
    893000   509.69095      1349.6787      1859.3696      412.60477      302.06085      0.22556661   
    894000   485.12081      1370.1181      1855.239       357.31         306.63525      0.2166395    
    895000   528.736        1358.4574      1887.1934      299.37134      304.02555      0.21100232   
    896000   503.15222      1346.0644      1849.2166      137.70616      301.25197      0.20740396   
    897000   496.6511       1370.509       1867.1601      40.382112      306.72273      0.20944242   
    898000   465.52811      1390.9118      1856.4399     -5.2720332      311.28891      0.21194646   
    899000   497.6804       1376.416       1874.0964      72.729784      308.04472      0.21398074   
    900000   474.45312      1335.1315      1809.5847      138.76049      298.80518      0.2148053    
    901000   470.73862      1320.6145      1791.3532      188.08747      295.55624      0.21535899   
    902000   472.50616      1321.8135      1794.3196      277.44454      295.82457      0.21520917   
    903000   461.66098      1324.4463      1786.1073      235.76642      296.41381      0.21369798   
    904000   465.20901      1273.9259      1739.1349      150.64258      285.10723      0.21283316   
    905000   509.92238      1297.8641      1807.7864      71.496606      290.46464      0.21384517   
    906000   481.61081      1333.7482      1815.3591      35.055134      298.49559      0.21427129   
    907000   495.13973      1292.82        1787.9598      94.837259      289.33578      0.21056413   
    908000   522.60994      1370.0964      1892.7064      100.88572      306.63039      0.20182944   
    909000   525.58416      1353.3682      1878.9524      123.39916      302.88658      0.19660828   
    910000   499.98778      1382.924       1882.9118      190.50165      309.50123      0.19940068   
    911000   490.61312      1352.5086      1843.1217      176.56235      302.69421      0.20521465   
    912000   523.4215       1371.9566      1895.3781      134.52516      307.0467       0.2118453    
    913000   503.03395      1358.0564      1861.0903      128.02585      303.93581      0.21477777   
    914000   501.69032      1362.7726      1864.4629      156.46771      304.99131      0.21690515   
    915000   501.14634      1381.904       1883.0503      134.61486      309.27295      0.21577989   
    916000   500.27818      1348.8278      1849.1059      103.13135      301.87042      0.21131064   
    917000   476.29049      1364.0845      1840.375       97.349208      305.28491      0.20609839   
    918000   516.59064      1331.2077      1847.7984      112.63687      297.92703      0.20117399   
    919000   498.2289       1350.0547      1848.2836      225.66814      302.14502      0.20061578   
    920000   484.32188      1358.8407      1843.1626      199.34317      304.11134      0.20088511   
    921000   494.30901      1332.0203      1826.3293      210.69616      298.10888      0.19482305   
    922000   540.55329      1335.0879      1875.6412      142.08534      298.79542      0.18095606   
    923000   536.29265      1308.5724      1844.8651      143.83431      292.86119      0.18108015   
    924000   494.51644      1331.43        1825.9465      202.3568       297.97677      0.18999266   
    925000   516.72044      1330.7843      1847.5047      243.10761      297.83225      0.19839063   
    926000   513.4101       1337.5033      1850.9134      156.18455      299.33599      0.20446181   
    927000   514.43825      1356.1769      1870.6151      119.61155      303.51517      0.2082169    
    928000   499.68651      1374.5668      1874.2533      140.42569      307.63087      0.20990656   
    929000   536.33689      1364.5985      1900.9354      123.78953      305.39995      0.20951794   
    930000   475.35208      1368.5642      1843.9163      180.04215      306.28748      0.20615532   
    931000   461.44344      1369.5211      1830.9646      121.8525       306.50164      0.2027834    
    932000   499.6887       1331.6239      1831.3126      112.49405      298.02016      0.20301795   
    933000   500.41641      1309.7323      1810.1487      77.89609       293.12077      0.20365951   
    934000   487.35612      1295.9484      1783.3046      75.898424      290.03592      0.20661677   
    935000   483.57909      1307.9844      1791.5635      138.74731      292.7296       0.21056319   
    936000   487.57879      1324.7761      1812.3549      182.78985      296.48761      0.21270025   
    937000   497.82071      1319.7819      1817.6026      191.11696      295.3699       0.21092215   
    938000   499.46007      1346.3753      1845.8353      258.40976      301.32155      0.20624428   
    939000   496.46352      1302.6264      1799.0899      241.52585      291.53047      0.19694547   
    940000   523.18066      1305.9151      1829.0957      188.82835      292.26647      0.19468696   
    941000   519.08898      1331.957       1851.046       171.16565      298.09472      0.1957827    
    942000   467.04284      1334.6912      1801.734       146.40081      298.70662      0.19863225   
    943000   522.1093       1312.3455      1834.4548      61.269495      293.70561      0.20263964   
    944000   499.55915      1302.2929      1801.852       155.78837      291.45581      0.20727311   
    945000   511.32523      1329.8444      1841.1696      281.09061      297.62191      0.20814992   
    946000   508.17694      1341.2431      1849.42        285.83887      300.17295      0.20529703   
    947000   488.67779      1377.717       1866.3947      347.91318      308.33588      0.20314849   
    948000   532.42175      1335.0749      1867.4966      310.17713      298.7925       0.20234336   
    949000   500.54049      1345.3169      1845.8574      240.91017      301.08468      0.20300112   
    950000   518.52538      1359.3992      1877.9245      139.99258      304.23632      0.20687045   
    951000   505.14491      1338.6975      1843.8424      87.055228      299.60324      0.21147953   
    952000   497.26952      1360.6464      1857.9159      44.583551      304.51545      0.2175902    
    953000   483.89613      1345.1438      1829.0399      58.265735      301.04593      0.22533989   
    954000   477.60995      1345.5517      1823.1617      180.2478       301.13723      0.22498651   
    955000   492.67656      1362.1943      1854.8709      176.68405      304.86188      0.21601591   
    956000   488.43044      1393.2606      1881.6911      235.87747      311.81459      0.21089047   
    957000   498.17067      1361.0743      1859.2449      298.64893      304.61122      0.21055434   
    958000   481.78002      1384.7487      1866.5288      301.77314      309.90961      0.20881262   
    959000   505.01173      1378.727       1883.7387      203.70373      308.56193      0.20699047   
    960000   520.01365      1355.3584      1875.372       120.96353      303.33199      0.20553827   
    961000   476.52355      1382.6938      1859.2174      159.40896      309.44972      0.20693327   
    962000   487.52434      1369.4864      1857.0108      208.40631      306.49387      0.20981703   
    963000   493.40433      1352.8471      1846.2515      222.65157      302.76997      0.21009601   
    964000   510.94225      1329.8903      1840.8326      197.1118       297.63219      0.20762552   
    965000   513.00657      1311.7641      1824.7706      224.9816       293.57549      0.19964973   
    966000   484.35948      1343.4526      1827.812       206.62039      300.66744      0.19320949   
    967000   513.7457       1312.5339      1826.2796      219.86142      293.74777      0.19135052   
    968000   501.90626      1303.1953      1805.1015      147.29071      291.65778      0.19269747   
    969000   510.06599      1290.1467      1800.2127      119.58879      288.73747      0.19949358   
    970000   494.98941      1301.1071      1796.0965      141.95068      291.19043      0.20415153   
    971000   496.30606      1310.6425      1806.9486      120.34827      293.32448      0.20358468   
    972000   486.36337      1334.1992      1820.5626      192.41724      298.59653      0.20296689   
    973000   506.2841       1348.9886      1855.2727      203.28105      301.90642      0.20176717   
    974000   527.43592      1311.5219      1838.9579      196.72845      293.5213       0.19844273   
    975000   531.07061      1323.2109      1854.2815      172.42082      296.13732      0.19374427   
    976000   504.98643      1354.7173      1859.7037      159.62937      303.18851      0.19687079   
    977000   489.60572      1361.2058      1850.8115      187.42395      304.64064      0.20980826   
    978000   495.71637      1346.1818      1841.8981      207.29659      301.27824      0.2163306    
    979000   496.59075      1360.6537      1857.2445      233.51451      304.51709      0.21681415   
    980000   494.61583      1374.001       1868.6168      287.76103      307.50424      0.21219546   
    981000   472.31625      1360.7746      1833.0908      315.25323      304.54414      0.20593375   
    982000   503.85818      1320.7631      1824.6213      301.43938      295.58949      0.20324439   
    983000   502.15449      1327.5199      1829.6744      218.98839      297.10167      0.20402699   
    984000   479.74167      1351.9539      1831.6956      204.56737      302.57006      0.20822279   
    985000   500.19119      1380.4967      1880.6879      104.46713      308.95799      0.20689741   
    986000   517.62321      1320.7253      1838.3485      53.922677      295.58103      0.20287773   
    987000   497.65114      1326.8146      1824.4657      106.6055       296.94382      0.20217762   
    988000   495.75502      1315.4923      1811.2473      113.06171      294.40988      0.20523505   
    989000   506.18117      1341.0271      1847.2083      132.53593      300.12463      0.20667256   
    990000   482.31552      1327.1824      1809.4979      180.76755      297.02614      0.20499949   
    991000   509.50568      1326.3879      1835.8935      181.0682       296.84832      0.20396852   
    992000   499.71791      1342.8055      1842.5234      165.7818       300.52263      0.20401385   
    993000   497.32029      1331.716       1829.0363      144.05519      298.04078      0.20574075   
    994000   469.49173      1302.5537      1772.0454      144.90143      291.51418      0.20804284   
    995000   484.15675      1301.6571      1785.8139      246.59362      291.31353      0.21648902   
    996000   471.53787      1302.056       1773.5939      227.63049      291.40281      0.22111396   
    997000   462.3276       1332.5653      1794.8929      277.20204      298.23084      0.22286446   
    998000   468.40335      1317.0696      1785.4729      177.84342      294.76287      0.21912158   
    999000   467.38464      1335.0027      1802.3874      183.21047      298.77635      0.21588813   
   1000000   489.56895      1326.8011      1816.37        83.249192      296.94081      0.20476179   
   1001000   508.20961      1292.4171      1800.6267      69.414706      289.24559      0.19638796   
   1002000   476.4713       1340.3425      1816.8138      80.967842      299.9714       0.19578461   
   1003000   509.74783      1315.0815      1824.8293      106.41603      294.31794      0.19812419   
   1004000   507.56915      1328.7523      1836.3215      108.04268      297.3775       0.20027847   
   1005000   515.25855      1326.8693      1842.1278      215.13827      296.95607      0.20388577   
   1006000   490.92588      1298.0891      1789.0149      273.72649      290.515        0.20449947   
   1007000   477.46608      1281.2755      1758.7416      225.52847      286.75209      0.20423371   
   1008000   518.07125      1302.3339      1820.4052      220.92168      291.46501      0.2017854    
   1009000   496.87604      1327.0001      1823.8761      176.66672      296.98535      0.19976093   
   1010000   491.68842      1303.9769      1795.6653      154.8503       291.8327       0.19852274   
   1011000   510.37156      1319.4188      1829.7903      119.95368      295.28863      0.19552938   
   1012000   481.24562      1340.9793      1822.2249      192.37749      300.11392      0.19583334   
   1013000   509.8143       1344.555       1854.3693      206.75712      300.91417      0.20161843   
   1014000   501.79119      1348.5642      1850.3554      267.57443      301.81145      0.20996915   
   1015000   527.78968      1333.5249      1861.3145      221.23774      298.4456       0.21205265   
   1016000   484.73096      1348.8996      1833.6306      175.94402      301.8865       0.20870777   
   1017000   492.81336      1358.4893      1851.3026      86.983763      304.03269      0.20594703   
   1018000   499.45976      1354.1889      1853.6486      33.164398      303.07024      0.2038896    
   1019000   516.83844      1394.903       1911.7415      56.507357      312.18216      0.20098875   
   1020000   536.90267      1331.5864      1868.489       129.95523      298.01176      0.19947276   
   1021000   542.16865      1370.7804      1912.9491      226.27793      306.78348      0.20044692   
   1022000   538.03176      1376.2765      1914.3083      247.03249      308.01351      0.20274798   
   1023000   525.0254       1362.0033      1887.0287      262.00365      304.81913      0.20830985   
   1024000   501.96789      1358.9878      1860.9557      196.07992      304.14425      0.21060723   
   1025000   482.0776       1363.0076      1845.0852      116.91136      305.04389      0.21564629   
   1026000   530.61497      1361.2527      1891.8676      99.838683      304.65114      0.22113575   
   1027000   511.23154      1386.383       1897.6146      38.813258      310.27537      0.21768428   
   1028000   479.71382      1376.9754      1856.6892      160.61956      308.16992      0.21207823   
   1029000   510.55799      1404.0027      1914.5607      242.14076      314.21869      0.20096267   
   1030000   521.06728      1364.7902      1885.8574      329.29326      305.44284      0.19592582   
   1031000   503.14459      1359.544       1862.6886      355.49184      304.26874      0.19906693   
   1032000   501.99073      1360.7555      1862.7462      312.21879      304.53987      0.20445665   
   1033000   519.0488       1391.1952      1910.244       263.41066      311.35234      0.21066886   
   1034000   481.96805      1340.1862      1822.1543      278.86623      299.93643      0.2156094    
   1035000   495.16167      1318.2548      1813.4165      132.97917      295.02813      0.21623036   
   1036000   489.52304      1276.2531      1765.7761      53.228887      285.62806      0.2144902    
   1037000   483.12758      1291.6334      1774.7609      81.959557      289.0702       0.20981937   
   1038000   484.17343      1347.1966      1831.3701      159.02324      301.50537      0.20455748   
   1039000   508.75125      1321.5564      1830.3077      199.93825      295.76704      0.19916073   
   1040000   505.70528      1334.7767      1840.4819      234.21849      298.72576      0.20049717   
   1041000   503.37577      1370.0944      1873.4702      243.90155      306.62994      0.20961622   
   1042000   491.98346      1341.6709      1833.6544      123.05918      300.26871      0.21743341   
   1043000   493.8931       1314.3827      1808.2758      54.236672      294.16156      0.21893495   
   1044000   484.06458      1335.8929      1819.9575      43.53358       298.97558      0.2162284    
   1045000   476.83493      1333.6688      1810.5037      84.003131      298.47781      0.21099165   
   1046000   478.45849      1302.1984      1780.6569      102.84348      291.43468      0.20812527   
   1047000   487.46581      1292.2393      1779.7051      191.67795      289.2058       0.21016995   
   1048000   462.33539      1330.4184      1792.7538      233.51413      297.75038      0.21911223   
   1049000   460.54994      1307.4642      1768.0142      212.0411       292.61318      0.22524087   
   1050000   473.74048      1251.5859      1725.3264      128.15924      280.10749      0.22321413   
   1051000   461.79779      1321.1657      1782.9635      160.9831       295.6796       0.21752684   
   1052000   466.51398      1322.37        1788.8839      174.87044      295.94911      0.20957546   
   1053000   497.21424      1320.1327      1817.3469      143.1319       295.4484       0.20489152   
   1054000   544.002        1292.525       1836.527       70.473107      289.26976      0.2027252    
   1055000   508.77614      1295.9537      1804.7298      47.733233      290.0371       0.20166259   
   1056000   487.57384      1269.3414      1756.9152      91.158129      284.0812       0.20334244   
   1057000   513.2814       1310.5699      1823.8513      139.30556      293.30823      0.2066535    
   1058000   476.12824      1346.5609      1822.6892      236.69176      301.3631       0.20891264   
   1059000   494.54389      1299.5665      1794.1103      210.92777      290.84564      0.20632156   
   1060000   530.55197      1345.8287      1876.3807      189.72608      301.19923      0.1981499    
   1061000   522.23398      1352.3929      1874.6269      155.57872      302.66831      0.19054742   
   1062000   516.59471      1357.4928      1874.0875      189.00464      303.80968      0.19394032   
   1063000   523.31472      1393.2393      1916.5541      182.70112      311.80982      0.20397287   
   1064000   525.40768      1375.3458      1900.7535      168.47255      307.80522      0.20967019   
   1065000   485.55191      1379.4155      1864.9674      139.41664      308.71602      0.21155341   
   1066000   499.8932       1347.9437      1847.837       191.31034      301.67258      0.21248475   
   1067000   498.03894      1352.9278      1850.9667      184.28663      302.78801      0.20912916   
   1068000   500.10722      1382.8579      1882.9651      241.29648      309.48643      0.20634072   
   1069000   516.54482      1376.6662      1893.2111      269.40824      308.10073      0.19925676   
   1070000   545.59995      1331.7661      1877.366       248.40079      298.05198      0.1926589    
   1071000   512.7656       1355.2759      1868.0415      185.25432      303.31352      0.19117096   
   1072000   533.05861      1340.265       1873.3237      204.47094      299.95407      0.19738071   
   1073000   528.23284      1350.7811      1879.0139      204.4956       302.30758      0.20415112   
   1074000   519.1977       1355.8591      1875.0568      206.39695      303.44406      0.20690301   
   1075000   497.55641      1390.6769      1888.2333      146.18025      311.23634      0.20773906   
   1076000   512.61492      1378.8762      1891.4911      153.90369      308.59532      0.21083193   
   1077000   503.96644      1364.5436      1868.51        128.11957      305.38765      0.21409994   
   1078000   475.39284      1371.8552      1847.248       132.85807      307.024        0.21383203   
   1079000   474.78546      1369.9138      1844.6992      103.40493      306.58951      0.20671647   
   1080000   516.93228      1341.7252      1858.6574      43.154855      300.28084      0.19828498   
   1081000   506.38644      1335.3968      1841.7832      119.99375      298.86454      0.19816177   
   1082000   486.35554      1347.7906      1834.1461      146.60815      301.6383       0.19919685   
   1083000   505.2043       1326.29        1831.4943      205.63598      296.82643      0.20240636   
   1084000   509.54272      1329.3674      1838.9101      312.51603      297.51515      0.20446031   
   1085000   460.66525      1332.6866      1793.3518      391.53208      298.258        0.2048539    
   1086000   486.97621      1346.0925      1833.0687      363.07245      301.25825      0.20717839   
   1087000   495.40824      1320.9852      1816.3934      312.03224      295.63919      0.21161908   
   1088000   481.63677      1312.3479      1793.9847      179.49544      293.70616      0.21427069   
   1089000   474.74358      1342.2493      1816.9929      97.635567      300.39814      0.21260548   
   1090000   481.81457      1321.8027      1803.6173      72.982459      295.82215      0.20818815   
   1091000   512.21875      1331.0783      1843.297       37.815781      297.89805      0.20238727   
   1092000   484.93127      1349.9651      1834.8964      139.33058      302.12497      0.20350589   
   1093000   497.72566      1311.9793      1809.705       193.85534      293.62367      0.20754966   
   1094000   511.16595      1275.5366      1786.7026      198.05872      285.46771      0.21600507   
   1095000   475.28054      1275.2194      1750.5         134.0239       285.39673      0.22148757   
   1096000   462.49655      1313.9831      1776.4796      70.158291      294.07211      0.22134286   
   1097000   477.31729      1321.7122      1799.0295      25.500624      295.8019       0.21462289   
   1098000   485.89693      1326.4755      1812.3725      73.112128      296.86794      0.20816297   
   1099000   497.09147      1400.1227      1897.2142      157.14602      313.35033      0.20593524   
   1100000   487.82198      1422.9644      1910.7864      243.88253      318.46235      0.20337144   
   1101000   533.02909      1338.6913      1871.7204      242.23367      299.60187      0.20078083   
   1102000   488.38495      1358.142       1846.5269      180.67284      303.95496      0.20451755   
   1103000   504.7433       1356.289       1861.0323      109.67728      303.54026      0.21253542   
   1104000   504.73936      1383.9384      1888.6777      40.625059      309.72825      0.21601324   
   1105000   534.68239      1378.2517      1912.9341      4.9254456      308.45557      0.21564878   
   1106000   488.92972      1370.9375      1859.8672      46.931579      306.81862      0.21340755   
   1107000   500.5696       1345.5898      1846.1594      133.60198      301.14575      0.21471277   
   1108000   486.42165      1347.2858      1833.7074      200.68795      301.52532      0.21856644   
   1109000   503.26295      1327.7007      1830.9636      141.25129      297.14214      0.21662958   
   1110000   481.89238      1351.3851      1833.2775      159.99522      302.44277      0.21219419   
   1111000   496.31488      1340.2394      1836.5542      113.25896      299.94832      0.20538119   
   1112000   536.91395      1301.5163      1838.4303      126.27099      291.28203      0.20096878   
   1113000   537.64797      1300.9796      1838.6276      159.89453      291.16191      0.1999867    
   1114000   477.52184      1306.6777      1784.1995      252.09725      292.43715      0.20426801   
   1115000   464.40107      1337.7717      1802.1728      296.86086      299.39606      0.2095098    
   1116000   475.84517      1331.5905      1807.4357      187.46819      298.01269      0.20903784   
   1117000   486.45452      1316.1826      1802.6371      105.96628      294.56436      0.2028202    
   1118000   481.89564      1346.2789      1828.1745      84.486739      301.29997      0.19672459   
   1119000   523.57364      1348.6187      1872.1923      132.1068       301.82363      0.19737844   
   1120000   493.76306      1361.795       1855.5581      153.03768      304.77252      0.20431543   
   1121000   498.21054      1365.1308      1863.3413      273.44515      305.51907      0.21632217   
   1122000   497.53013      1359.9031      1857.4332      343.60211      304.3491       0.21962714   
   1123000   526.16143      1343.5224      1869.6838      387.0545       300.68307      0.21988004   
   1124000   491.17202      1351.2838      1842.4558      321.038        302.42008      0.21678663   
   1125000   454.43363      1354.0257      1808.4593      256.9663       303.03372      0.21263909   
   1126000   488.60547      1332.5592      1821.1647      111.62516      298.22949      0.20977814   
   1127000   497.61439      1302.3332      1799.9476      59.51121       291.46484      0.20949116   
   1128000   483.58039      1287.1721      1770.7525      3.3765022      288.07176      0.20723722   
   1129000   516.7518       1307.4334      1824.1852     -22.430427      292.60628      0.20090688   
   1130000   524.99017      1309.0191      1834.0092      31.791969      292.96115      0.19540803   
   1131000   512.84213      1286.852       1799.6941      103.93178      288.00011      0.19594099   
   1132000   501.94472      1334.9279      1836.8726      177.67258      298.7596       0.2023247    
   1133000   483.96874      1325.5395      1809.5082      170.35303      296.65845      0.20931598   
   1134000   499.20228      1310.0461      1809.2484      152.52863      293.19102      0.2124466    
   1135000   481.53359      1292.5125      1774.0461      137.98376      289.26694      0.21072052   
   1136000   470.10043      1304.618       1774.7184      118.62971      291.97619      0.2070703    
   1137000   488.72867      1305.836       1794.5647      87.831566      292.24878      0.20537577   
   1138000   489.1366       1335.9306      1825.0672      97.462481      298.98401      0.20981324   
   1139000   491.69858      1325.8096      1817.5082      128.49843      296.71891      0.21757934   
   1140000   470.13732      1331.4424      1801.5797      113.15944      297.97954      0.21966071   
   1141000   483.3266       1324.3462      1807.6728      121.75481      296.39139      0.2190436    
   1142000   492.32642      1366.3366      1858.6631      227.56233      305.78895      0.21788669   
   1143000   519.00887      1355.9922      1875.0011      264.18764      303.47384      0.21205824   
   1144000   522.7498       1355.4608      1878.2106      187.75138      303.35491      0.20315455   
   1145000   509.1933       1342.153       1851.3463      183.31548      300.3766       0.20040404   
   1146000   511.97354      1358.1303      1870.1038      247.17854      303.95235      0.20121741   
   1147000   485.34343      1374.0087      1859.3521      250.6923       307.50596      0.20466935   
   1148000   502.42876      1395.3725      1897.8012      205.55108      312.28723      0.20971154   
   1149000   478.11368      1382.2473      1860.3609      170.96505      309.34977      0.21270831   
   1150000   516.84585      1354.3904      1871.2363      179.63279      303.11536      0.21456327   
   1151000   514.42283      1324.7884      1839.2112      173.05628      296.49037      0.20878257   
   1152000   500.64811      1337.6099      1838.258       211.50303      299.35983      0.20061846   
   1153000   513.56514      1323.694       1837.2592      191.18268      296.24544      0.19329886   
   1154000   496.56075      1259.1226      1755.6833      102.85687      281.79421      0.19433811   
   1155000   523.8652       1296.6101      1820.4753      86.20683       290.18401      0.19889895   
   1156000   509.69964      1338.3176      1848.0172      63.73521       299.51822      0.20002633   
   1157000   520.96709      1348.3742      1869.3413      60.274273      301.76891      0.19931302   
   1158000   492.77218      1350.3812      1843.1533      120.01366      302.21807      0.19965452   
   1159000   518.79218      1371.6602      1890.4524      260.74715      306.98037      0.20214712   
   1160000   526.52111      1382.8629      1909.384       371.44483      309.48755      0.20201345   
   1161000   525.23322      1364.9417      1890.175       402.37663      305.47676      0.2007861    
   1162000   514.96538      1389.9503      1904.9157      349.77291      311.07373      0.19925058   
   1163000   527.60048      1349.2837      1876.8841      236.86746      301.97245      0.20085922   
   1164000   526.64501      1296.4289      1823.0739      140.83797      290.14344      0.20431854   
   1165000   475.58265      1336.0316      1811.6142      41.535552      299.00661      0.20756513   
   1166000   466.44855      1341.5116      1807.9601      116.9017       300.23305      0.21950118   
   1167000   477.94547      1313.9622      1791.9077      254.23872      294.06744      0.22574286   
   1168000   486.97318      1334.4945      1821.4677      267.79034      298.66261      0.22307246   
   1169000   504.94575      1349.2392      1854.1849      282.65773      301.9625       0.21626005   
   1170000   522.45882      1365.7464      1888.2052      282.04685      305.65684      0.21093315   
   1171000   492.3864       1391.6771      1884.0635      297.13569      311.46019      0.20856279   
   1172000   467.05149      1396.5614      1863.6129      276.04518      312.55331      0.20810596   
   1173000   517.87795      1373.309       1891.1869      293.60813      307.34937      0.21045706   
   1174000   534.53524      1377.4059      1911.9412      272.39215      308.26627      0.21178521   
   1175000   484.93779      1377.0344      1861.9722      247.88199      308.18313      0.21570679   
   1176000   506.50516      1366.3721      1872.8773      241.05361      305.79689      0.22321072   
   1177000   476.32358      1302.706       1779.0295      114.73199      291.54827      0.22760263   
   1178000   493.27303      1314.1573      1807.4303      105.73121      294.1111       0.23018483   
   1179000   450.54928      1312.9277      1763.477       180.50758      293.83592      0.22436673   
   1180000   497.38083      1330.9009      1828.2817      140.02197      297.85835      0.21467063   
   1181000   492.06823      1348.5275      1840.5957      197.64319      301.80322      0.20883019   
   1182000   493.86032      1362.6672      1856.5275      216.40445      304.96772      0.2079337    
   1183000   469.21058      1316.8634      1786.074       191.88856      294.71674      0.21093331   
   1184000   488.44059      1331.3511      1819.7917      150.17713      297.95912      0.21676783   
   1185000   495.67828      1343.6739      1839.3522      61.748406      300.71699      0.22086228   
   1186000   488.06883      1362.4312      1850.5001      85.521703      304.91491      0.22246025   
   1187000   517.45056      1365.1343      1882.5848      119.4289       305.51985      0.21924142   
   1188000   516.56517      1328.1115      1844.6767      192.23362      297.23409      0.21356802   
   1189000   491.12127      1384.9663      1876.0876      224.69747      309.9583       0.20731867   
   1190000   489.5543       1359.4382      1848.9925      172.46119      304.24505      0.20479009   
   1191000   530.87655      1333.0697      1863.9462      178.2974       298.34373      0.21002885   
   1192000   517.94795      1399.9778      1917.9258      115.06317      313.31791      0.21985355   
   1193000   489.49641      1381.5073      1871.0037      117.27495      309.18417      0.22420722   
   1194000   475.22782      1339.419       1814.6468      150.87338      299.76472      0.22093706   
   1195000   494.99706      1339.3137      1834.3108      214.52172      299.74117      0.21249282   
   1196000   490.93503      1328.2056      1819.1407      255.78735      297.25514      0.20522696   
   1197000   512.50482      1322.4753      1834.9801      209.19588      295.97268      0.20308477   
   1198000   498.72777      1340.2948      1839.0225      152.72817      299.96072      0.20346794   
   1199000   507.41219      1327.6039      1835.016       117.23822      297.12047      0.20185688   
   1200000   500.81908      1315.5303      1816.3494      130.41177      294.41839      0.19999522   
   1201000   509.07348      1295.2257      1804.2992      141.67291      289.87417      0.20038023   
   1202000   463.47348      1344.3608      1807.8343      170.35957      300.87071      0.20376079   
   1203000   506.0235       1340.1903      1846.2138      147.0419       299.93735      0.20980969   
   1204000   506.36354      1340.6357      1846.9992      109.1835       300.03702      0.216147     
   1205000   474.7623       1351.1462      1825.9085      78.390211      302.3893       0.21756273   
   1206000   489.99563      1375.6402      1865.6359      69.116772      307.87111      0.21160961   
   1207000   537.44148      1316.8028      1854.2443      109.16088      294.70318      0.20286344   
   1208000   494.81813      1363.8098      1858.628       209.54408      305.22344      0.19894446   
   1209000   523.83165      1329.1123      1852.944       221.7496       297.45807      0.19760432   
   1210000   509.77297      1328.9414      1838.7144      200.41632      297.41981      0.20026098   
   1211000   516.5905       1355.663       1872.2535      213.83377      303.40016      0.20566998   
   1212000   499.04566      1365.317       1864.3627      189.9748       305.56076      0.2081194    
   1213000   523.24034      1351.4995      1874.7399      202.73936      302.46837      0.20849266   
   1214000   492.74561      1372.935       1865.6806      207.62661      307.26566      0.20712984   
   1215000   502.20972      1386.4273      1888.637       219.65061      310.28528      0.20975643   
   1216000   496.11651      1407.829       1903.9455      236.12122      315.07503      0.21494991   
   1217000   480.68125      1383.9058      1864.587       246.91633      309.72096      0.22012399   
   1218000   513.89628      1342.7401      1856.6363      276.71548      300.50798      0.22250434   
   1219000   469.65156      1353.7113      1823.3628      236.37499      302.96337      0.21307045   
   1220000   492.40128      1312.0002      1804.4015      175.6168       293.62835      0.20246942   
   1221000   497.13001      1331.0844      1828.2144      165.61649      297.89942      0.20065683   
   1222000   513.18854      1329.9203      1843.1088      165.2222       297.63888      0.20226928   
   1223000   470.20024      1373.6823      1843.8825      172.67719      307.43291      0.20342442   
   1224000   470.65731      1362.6096      1833.267       186.56111      304.95484      0.20827671   
   1225000   493.18451      1342.9416      1836.1261      217.46858      300.55309      0.21465769   
   1226000   498.20168      1322.0426      1820.2443      231.14511      295.87585      0.21874319   
   1227000   490.75785      1338.8271      1829.5849      148.53395      299.63225      0.21646862   
   1228000   500.75399      1377.7991      1878.5531      120.73786      308.35427      0.20945449   
   1229000   517.08708      1343.6066      1860.6937      215.85424      300.70191      0.19990297   
   1230000   486.72054      1351.7478      1838.4683      223.07306      302.52393      0.19268959   
   1231000   498.92564      1345.0806      1844.0062      243.53383      301.0318       0.19297092   
   1232000   520.49069      1330.635       1851.1257      220.66155      297.79885      0.19759274   
   1233000   500.73113      1327.8489      1828.58        226.1863       297.1753       0.20421658   
   1234000   479.39305      1333.9985      1813.3916      280.10263      298.55161      0.21141673   
   1235000   474.03253      1301.8831      1775.9156      234.15419      291.36411      0.21467509   
   1236000   477.11405      1335.1524      1812.2664      193.382        298.80984      0.21653454   
   1237000   489.64472      1316.962       1806.6067      104.58253      294.73879      0.21687542   
   1238000   481.99166      1301.2647      1783.2564      61.214268      291.22571      0.21496202   
   1239000   486.04534      1294.1849      1780.2302      90.753735      289.64123      0.21476787   
   1240000   469.57417      1326.2382      1795.8123      231.95072      296.81482      0.21250481   
   1241000   484.06212      1328.8546      1812.9167      222.6402       297.40039      0.20582631   
   1242000   508.57044      1331.8042      1840.3746      191.00327      298.06051      0.20078166   
   1243000   518.51754      1297.0333      1815.5508      139.91131      290.27871      0.20066444   
   1244000   506.98153      1324.2227      1831.2043      95.202609      296.36376      0.20545464   
   1245000   482.16088      1332.8712      1815.0321      182.99149      298.29932      0.2137205    
   1246000   462.96662      1314.443       1777.4096      265.66663      294.17504      0.2172491    
   1247000   465.57598      1276.282       1741.858       229.32999      285.63453      0.21519141   
   1248000   468.52732      1311.6959      1780.2232      145.18484      293.56023      0.21365018   
   1249000   495.11138      1326.2208      1821.3322      126.74943      296.81095      0.21271079   
   1250000   492.64151      1327.2376      1819.8791      114.23603      297.03849      0.20758644   
   1251000   489.73824      1303.2045      1792.9427      116.37869      291.65984      0.19663734   
   1252000   534.0476       1324.56        1858.6076      120.05178      296.43925      0.19103019   
   1253000   491.93415      1312.7432      1804.6774      153.48728      293.79463      0.19462388   
   1254000   508.2177       1315.0236      1823.2413      122.04344      294.30497      0.20298568   
   1255000   493.82735      1324.0754      1817.9027      200.09042      296.33079      0.20819023   
   1256000   506.98484      1321.385       1828.3698      249.85302      295.72867      0.20946549   
   1257000   490.76655      1341.3371      1832.1036      262.17639      300.19399      0.20725422   
   1258000   514.87321      1296.1297      1811.0029      217.36758      290.07649      0.2040321    
   1259000   473.36139      1281.2699      1754.6313      234.03466      286.75084      0.20403935   
   1260000   495.71504      1334.6281      1830.3431      110.00196      298.69251      0.20121529   
   1261000   503.77623      1317.4207      1821.197       121.42274      294.84146      0.19833524   
   1262000   516.59149      1327.664       1844.2555      77.492476      297.13394      0.19755422   
   1263000   512.32571      1306.8881      1819.2138      64.398037      292.48424      0.19900366   
   1264000   493.92326      1344.6382      1838.5614      86.028452      300.93279      0.20307307   
   1265000   488.77049      1356.7892      1845.5597      105.02589      303.6522       0.20990708   
   1266000   476.84454      1404.7229      1881.5674      224.91181      314.37986      0.21399622   
   1267000   508.40317      1352.0179      1860.421       239.29017      302.58437      0.21245405   
   1268000   520.51991      1335.7191      1856.239       217.08858      298.93668      0.20888358   
   1269000   529.28327      1302.1839      1831.4671      227.32485      291.43142      0.20320903   
   1270000   520.83144      1265.5989      1786.4303      164.71396      283.24363      0.19442928   
   1271000   521.14095      1283.594       1804.735       120.11079      287.27097      0.1912584    
   1272000   501.07438      1341.3454      1842.4198      144.25777      300.19585      0.19588066   
   1273000   485.92949      1325.7807      1811.7102      182.26064      296.71245      0.20377174   
   1274000   485.87782      1319.8364      1805.7142      203.77838      295.3821       0.2103442    
   1275000   491.62339      1307.6639      1799.2873      185.51216      292.65786      0.21042448   
   1276000   493.65666      1290.4526      1784.1092      167.9405       288.80593      0.20686715   
   1277000   518.27931      1274.6407      1792.92        178.97339      285.2672       0.20474308   
   1278000   513.33154      1312.1005      1825.432       130.16364      293.65077      0.20457956   
   1279000   490.50996      1311.1992      1801.7092      102.64953      293.44908      0.20843019   
   1280000   494.63418      1340.6275      1835.2617      117.27653      300.0352       0.21520485   
   1281000   468.92751      1367.4129      1836.3404      124.4049       306.02981      0.21808263   
   1282000   500.14969      1340.7952      1840.9449      200.7845       300.07271      0.21466207   
   1283000   499.37353      1363.7275      1863.101       237.67999      305.20501      0.20263209   
   1284000   526.17346      1356.3257      1882.4991      257.88765      303.54847      0.19904563   
   1285000   513.96635      1353.227       1867.1933      267.28961      302.85497      0.19977675   
   1286000   481.62506      1361.1656      1842.7906      243.12507      304.63165      0.20476017   
   1287000   478.09517      1319.262       1797.3572      152.64089      295.25354      0.21019811   
   1288000   484.23731      1348.2816      1832.5189      133.65575      301.74818      0.21359183   
   1289000   490.46877      1340.2997      1830.7684      99.933564      299.96182      0.21534041   
   1290000   484.30557      1349.812       1834.1176      33.099385      302.09069      0.21064319   
   1291000   501.50848      1351.1492      1852.6577      22.889939      302.38997      0.20911732   
   1292000   492.34836      1354.142       1846.4904      86.800853      303.05977      0.21102214   
   1293000   496.35895      1335.5688      1831.9278      176.53969      298.90305      0.21293959   
   1294000   516.79054      1331.849       1848.6396      265.4278       298.07055      0.21517091   
   1295000   493.2084       1346.2951      1839.5035      322.97153      301.30361      0.21714539   
   1296000   473.14025      1388.9515      1862.0917      355.64859      310.85019      0.2196688    
   1297000   485.40541      1334.4974      1819.9028      299.97332      298.66326      0.2283974    
   1298000   482.2181       1356.0918      1838.3099      154.3533       303.49613      0.23399629   
   1299000   478.56491      1344.2446      1822.8095      20.676284      300.84469      0.22973433   
   1300000   505.46493      1324.2446      1829.7095     -58.675465      296.36866      0.21808352   
   1301000   499.08757      1340.5909      1839.6785      9.3789048      300.027        0.20989927   
   1302000   487.17699      1317.9974      1805.1744      47.123115      294.97052      0.20632184   
   1303000   506.18837      1318.9996      1825.1879      205.55292      295.19481      0.20631405   
   1304000   495.78741      1331.662       1827.4495      301.93489      298.0287       0.20691576   
   1305000   456.37844      1365.2083      1821.5867      364.98605      305.53641      0.21039189   
   1306000   477.36654      1310.9743      1788.3408      303.99063      293.39873      0.21348106   
   1307000   484.9058       1294.433       1779.3388      196.83039      289.69675      0.21874133   
   1308000   473.50755      1310.5392      1784.0468      51.481752      293.30137      0.22292894   
   1309000   470.33282      1310.6376      1780.9704     -57.05478       293.32338      0.23020441   
   1310000   462.87243      1334.9916      1797.864      -33.827228      298.77385      0.24120441   
   1311000   446.39298      1342.5466      1788.9396      85.293543      300.4647       0.24386666   
   1312000   451.75849      1340.7594      1792.5179      210.85094      300.06471      0.23752797   
   1313000   480.70243      1370.0182      1850.7206      213.50113      306.61288      0.22835363   
   1314000   504.08564      1366.8303      1870.9159      247.1882       305.89943      0.22199277   
   1315000   489.37571      1367.8435      1857.2192      184.56117      306.12619      0.21570044   
   1316000   504.95344      1342.1614      1847.1149      100.55969      300.37848      0.21101605   
   1317000   529.62647      1351.3733      1880.9997      70.515716      302.44011      0.20880182   
   1318000   495.27772      1395.331       1890.6087      212.41311      312.27794      0.20765435   
   1319000   496.41714      1358.1769      1854.5941      325.98586      303.96279      0.2049642    
   1320000   492.72117      1383.9072      1876.6283      356.45591      309.72127      0.20244898   
   1321000   507.63728      1353.2121      1860.8494      260.33853      302.85164      0.20072287   
   1322000   547.52836      1372.0298      1919.5582      223.1646       307.06309      0.20097733   
   1323000   510.33927      1362.928       1873.2672      112.03732      305.02608      0.20346865   
   1324000   476.46527      1376.2958      1852.761       78.255155      308.01782      0.21092488   
   1325000   512.38988      1366.0072      1878.3971      137.02496      305.71522      0.2145624    
   1326000   515.05404      1302.7249      1817.7789      170.86633      291.5525       0.20777363   
   1327000   500.69371      1350.1982      1850.8919      189.33467      302.17713      0.20124982   
   1328000   504.62152      1338.4847      1843.1062      210.86475      299.55562      0.2012976    
   1329000   482.94267      1335.9899      1818.9326      203.50168      298.99729      0.20636432   
   1330000   474.35953      1359.0836      1833.4431      171.6342       304.1657       0.21395617   
   1331000   489.33305      1362.8589      1852.1919      164.12872      305.01061      0.21893785   
   1332000   478.81649      1306.6076      1785.424       188.7247       292.42145      0.22173351   
   1333000   489.80792      1297.5387      1787.3466      196.19584      290.39182      0.22087682   
   1334000   491.60783      1322.634       1814.2418      146.52665      296.00821      0.21383324   
   1335000   533.11192      1309.0417      1842.1536      136.27925      292.96622      0.20795362   
   1336000   498.23914      1347.2141      1845.4532      168.30749      301.50927      0.20602327   
   1337000   512.35032      1379.6313      1891.9816      129.68799      308.76432      0.20694248   
   1338000   484.32467      1381.7068      1866.0315      175.60766      309.22881      0.21077901   
   1339000   516.80499      1337.2396      1854.0446      95.965389      299.27697      0.21373407   
   1340000   524.85755      1350.1972      1875.0548      22.762397      302.17691      0.21361556   
   1341000   482.23296      1378.3374      1860.5703      87.126447      308.47473      0.21246089   
   1342000   507.38197      1368.4336      1875.8156      111.90707      306.25826      0.20843914   
   1343000   496.56314      1395.1431      1891.7062      204.63273      312.23588      0.20633423   
   1344000   502.63717      1366.1995      1868.8367      251.12448      305.75825      0.20544098   
   1345000   485.4577       1351.3093      1836.767       379.45403      302.42579      0.20629846   
   1346000   512.01475      1354.8043      1866.8191      392.07002      303.20799      0.20479196   
   1347000   495.43664      1348.6409      1844.0775      314.61373      301.8286       0.20069485   
   1348000   520.6656       1315.8907      1836.5563      202.37643      294.49903      0.19926007   
   1349000   492.48966      1327.0316      1819.5213      140.68974      296.9924       0.20034629   
   1350000   499.73705      1312.4088      1812.1459      133.55484      293.71979      0.20969013   
   1351000   507.63202      1286.8861      1794.5181      114.02154      288.00776      0.21973308   
   1352000   468.64253      1342.8609      1811.5035      136.03429      300.53504      0.22186689   
   1353000   495.59636      1340.3872      1835.9835      114.48288      299.9814       0.21858788   
   1354000   480.66572      1358.5434      1839.2091      91.329606      304.04481      0.21439797   
   1355000   506.79213      1320.358       1827.1501      53.388585      295.49883      0.21003519   
   1356000   513.27223      1312.7536      1826.0258      63.97895       293.79694      0.21072894   
   1357000   489.4336       1307.5128      1796.9464      89.398142      292.62404      0.21262841   
   1358000   490.07106      1342.5496      1832.6206      116.88077      300.46535      0.21457547   
   1359000   511.41797      1328.9294      1840.3474      64.752405      297.41713      0.21426058   
   1360000   483.81766      1343.0329      1826.8505      90.630311      300.57352      0.21307066   
   1361000   496.5575       1335.822       1832.3795      81.263313      298.9597       0.20971451   
   1362000   529.47791      1347.3926      1876.8705      126.9078       301.54923      0.20708524   
   1363000   514.16765      1388.9517      1903.1194      193.87533      310.85025      0.20423927   
   1364000   514.32319      1358.5376      1872.8608      175.1357       304.0435       0.20105706   
   1365000   494.14794      1336.1008      1830.2488      196.53737      299.02211      0.20120409   
   1366000   512.48949      1306.009       1818.4985      141.12082      292.28749      0.2061496    
   1367000   501.47067      1303.9148      1805.3855      146.43863      291.81881      0.21557962   
   1368000   459.95434      1315.7281      1775.6824      206.79684      294.46265      0.22372212   
   1369000   452.81695      1351.4614      1804.2784      191.20274      302.45984      0.22732052   
   1370000   493.94333      1347.829       1841.7724      152.86968      301.64691      0.22377324   
   1371000   499.9761       1367.8867      1867.8628      74.819447      306.13584      0.21332756   
   1372000   502.97964      1382.9417      1885.9213      71.735182      309.50518      0.20893003   
   1373000   495.69805      1327.6134      1823.3114      171.2978       297.1226       0.20798758   
   1374000   503.59288      1334.6624      1838.2553      306.73424      298.70018      0.2102717    
   1375000   503.24244      1341.8787      1845.1211      430.63436      300.3152       0.21394929   
   1376000   509.56441      1321.9423      1831.5067      437.86851      295.85339      0.21582717   
   1377000   490.95589      1333.0617      1824.0176      391.89773      298.34195      0.21221954   
   1378000   485.53468      1352.6505      1838.1852      286.72236      302.72595      0.202321     
   1379000   491.56243      1303.657       1795.2194      108.87408      291.76111      0.19644103   
   1380000   504.73409      1321.3033      1826.0373      0.53267205     295.71038      0.19831465   
   1381000   473.18043      1318.4293      1791.6098     -45.727701      295.06719      0.20110377   
   1382000   501.69324      1325.5399      1827.2331      65.223896      296.65855      0.20475684   
   1383000   480.33062      1303.5027      1783.8333      107.70582      291.72658      0.20664545   
   1384000   497.20041      1316.2065      1813.407       186.60479      294.56973      0.21061354   
   1385000   505.75539      1336.4472      1842.2025      187.12763      299.09962      0.21225569   
   1386000   509.02573      1331.0135      1840.0392      235.77995      297.88356      0.21499119   
   1387000   497.08675      1309.0344      1806.1212      206.04539      292.96459      0.21903312   
   1388000   486.52946      1318.9831      1805.5126      198.77622      295.19113      0.22261763   
   1389000   472.25506      1312.4103      1784.6654      213.7982       293.72012      0.23042789   
   1390000   487.51544      1313.7517      1801.2672      258.59353      294.02033      0.23214494   
   1391000   473.00674      1340.4841      1813.4908      258.65713      300.00309      0.22076525   
   1392000   481.30817      1380.861       1862.1692      221.66385      309.03953      0.20945876   
   1393000   523.01029      1344.8246      1867.8349      158.0607       300.97452      0.20249598   
   1394000   544.90838      1370.1581      1915.0665      166.51732      306.6442       0.20124304   
   1395000   518.81412      1374.8036      1893.6177      169.6964       307.68387      0.202051     
   1396000   505.93835      1375.3029      1881.2413      191.78206      307.79562      0.20427547   
   1397000   512.99909      1333.2931      1846.2922      177.16821      298.39373      0.20464684   
   1398000   469.57908      1316.3486      1785.9277      204.92174      294.60153      0.20374331   
   1399000   489.53227      1307.6357      1797.168       167.81528      292.65155      0.20200278   
   1400000   505.80758      1318.7475      1824.555       187.89727      295.13839      0.20534011   
   1401000   503.83327      1323.7198      1827.553       222.3274       296.2512       0.21303112   
   1402000   479.30083      1308.1719      1787.4727      189.2926       292.77155      0.21601318   
   1403000   515.93323      1298.4758      1814.409       69.626896      290.60155      0.21488778   
   1404000   510.37126      1346.3116      1856.6829      50.558627      301.30731      0.21558834   
   1405000   510.6661       1347.7595      1858.4256     -27.9324        301.63134      0.21268857   
   1406000   506.19038      1388.7151      1894.9055      61.772482      310.79728      0.20847083   
   1407000   509.84218      1348.2887      1858.1309      134.00905      301.74978      0.20383793   
   1408000   532.04543      1349.4337      1881.4791      172.85044      302.00603      0.20510184   
   1409000   521.19452      1356.884       1878.0785      216.52575      303.67343      0.21222043   
   1410000   479.78986      1322.5231      1802.313       177.75321      295.98339      0.22002413   
   1411000   468.61291      1327.9625      1796.5754      125.45575      297.20072      0.22485724   
   1412000   468.0818       1319.6694      1787.7512      148.18764      295.34471      0.22634608   
   1413000   491.24793      1302.6964      1793.9443      103.95378      291.54612      0.22222434   
   1414000   478.91725      1270.8854      1749.8026      157.157        284.42676      0.21606699   
   1415000   487.53662      1303.3167      1790.8533      278.32479      291.68496      0.21280557   
   1416000   472.44897      1334.8016      1807.2505      322.56268      298.73133      0.21164937   
   1417000   466.82359      1295.8098      1762.6334      356.4524       290.0049       0.21486651   
   1418000   461.11234      1324.6486      1785.761       235.43174      296.45908      0.21498951   
   1419000   510.5866       1310.8485      1821.4351      200.63431      293.37059      0.21308861   
   1420000   512.86035      1324.6398      1837.5001      189.27768      296.4571       0.21017716   
   1421000   491.21363      1358.1531      1849.3668      164.83571      303.95746      0.20812483   
   1422000   524.85579      1325.3281      1850.1839      150.68106      296.61116      0.21166377   
   1423000   496.18115      1337.3299      1833.5111      216.78094      299.29718      0.21651019   
   1424000   495.87185      1343.7229      1839.5948      215.17471      300.72795      0.21488919   
   1425000   492.09824      1404.6858      1896.784       196.18757      314.37156      0.207834     
   1426000   539.89203      1350.9616      1890.8537      131.44902      302.34798      0.20111027   
   1427000   529.41365      1347.3496      1876.7633      202.20311      301.53961      0.20130798   
   1428000   530.24524      1341.985       1872.2303      185.59537      300.339        0.20367736   
   1429000   498.8593       1346.1566      1845.0159      112.47111      301.27261      0.2065088    
   1430000   501.09244      1354.689       1855.7815      144.24393      303.18219      0.21097034   
   1431000   499.27083      1357.4227      1856.6936      75.928922      303.794        0.21416816   
   1432000   484.32093      1364.5734      1848.8943      127.31336      305.39432      0.2167553    
   1433000   492.5191       1321.4605      1813.9796      79.338144      295.74556      0.21695295   
   1434000   488.95245      1314.5369      1803.4894      84.555401      294.19606      0.2191792    
   1435000   476.04519      1349.9171      1825.9623      122.13438      302.11423      0.22032083   
   1436000   496.12167      1333.1233      1829.2449      104.32219      298.35572      0.21729166   
   1437000   524.90106      1308.2547      1833.1558      137.05471      292.79009      0.21263028   
   1438000   493.78834      1302.0768      1795.8652      145.39394      291.40747      0.20845802   
   1439000   506.1673       1320.5607      1826.728       193.72992      295.5442       0.2057825    
   1440000   502.82858      1295.5626      1798.3912      177.94172      289.94958      0.20056054   
   1441000   502.32607      1272.2212      1774.5473      104.1149       284.72571      0.19703682   
   1442000   492.88253      1297.2703      1790.1528      180.46187      290.33175      0.19800844   
   1443000   494.30396      1319.3572      1813.6612      212.05718      295.27486      0.20857266   
   1444000   500.33299      1322.9223      1823.2553      309.71071      296.07274      0.2170529    
   1445000   481.16975      1321.2396      1802.4094      221.3815       295.69614      0.21500111   
   1446000   487.85401      1350.9466      1838.8006      156.24345      302.34461      0.21101239   
   1447000   485.86034      1325.6179      1811.4783      113.78937      296.67601      0.2085185    
   1448000   520.8719       1323.559       1844.4309      81.214741      296.21522      0.20790586   
   1449000   511.33897      1321.3878      1832.7268      115.72649      295.7293       0.20829607   
   1450000   477.92446      1346.8787      1824.8031      145.06539      301.43421      0.21540985   
   1451000   496.80783      1356.1609      1852.9688      151.9597       303.5116       0.22180149   
   1452000   462.47983      1364.7274      1827.2073      206.45224      305.4288       0.22047872   
   1453000   509.65592      1333.6385      1843.2945      289.22568      298.47104      0.21364618   
   1454000   512.17459      1314.693       1826.8676      225.97638      294.231        0.20535855   
   1455000   496.40403      1328.3275      1824.7315      182.72343      297.28242      0.20582106   
   1456000   495.32816      1331.9992      1827.3274      151.80454      298.10416      0.20813489   
   1457000   498.66309      1317.7186      1816.3817      66.868197      294.90814      0.20902286   
   1458000   505.58062      1336.5752      1842.1559      60.870942      299.12828      0.21100226   
   1459000   461.49697      1332.1741      1793.6711      126.33358      298.14331      0.21472334   
   1460000   493.87086      1307.0065      1800.8773      171.75039      292.51073      0.21759137   
   1461000   479.44295      1312.894       1792.337       262.96069      293.82838      0.21759029   
   1462000   472.09917      1303.48        1775.5792      309.90069      291.7215       0.21538647   
   1463000   475.57399      1293.256       1768.83        278.80016      289.43334      0.20864486   
   1464000   502.28915      1356.2474      1858.5365      161.9536       303.53095      0.20374173   
   1465000   492.31904      1359.8365      1852.1555      54.083253      304.3342       0.20360029   
   1466000   496.33994      1367.1142      1863.4542      78.069899      305.96297      0.21078096   
   1467000   465.93478      1312.1293      1778.0641      156.50893      293.65723      0.21850726   
   1468000   493.5252       1310.9689      1804.4941      250.17678      293.39753      0.22016009   
   1469000   507.8222       1301.9044      1809.7265      280.1021       291.36887      0.21584402   
   1470000   499.42219      1316.9843      1816.4065      323.94863      294.74379      0.21221368   
   1471000   465.43165      1348.1501      1813.5818      270.35116      301.71877      0.20823274   
   1472000   491.16359      1301.8793      1793.0429      169.10052      291.36326      0.20358065   
   1473000   514.1191       1327.2216      1841.3407      40.960041      297.03492      0.20069762   
   1474000   512.05227      1313.9222      1825.9744     -34.258091      294.05848      0.20012626   
   1475000   514.43132      1325.4935      1839.9248     -86.385056      296.64816      0.20118866   
   1476000   497.50202      1328.7947      1826.2967      6.4370628      297.38697      0.20464955   
   1477000   509.99661      1293.2194      1803.216       166.18893      289.42516      0.21160401   
   1478000   480.56853      1333.0377      1813.6062      197.09406      298.33658      0.21512162   
   1479000   503.67248      1333.725       1837.3975      341.18554      298.4904       0.21920373   
   1480000   504.66962      1348.717       1853.3866      312.04019      301.84563      0.21557878   
   1481000   515.00028      1281.9537      1796.954       268.02511      286.90387      0.21484952   
   1482000   503.88321      1331.7885      1835.6717      294.37837      298.05701      0.22121416   
   1483000   488.46956      1355.4585      1843.928       226.42737      303.35439      0.22669056   
   1484000   491.73227      1362.6249      1854.3572      221.25101      304.95826      0.22588897   
   1485000   504.14053      1342.6721      1846.8126      230.34608      300.49277      0.21377288   
   1486000   511.00948      1345.0231      1856.0326      253.28328      301.01894      0.20763735   
   1487000   514.32305      1330.7353      1845.0584      346.19756      297.8213       0.20992004   
   1488000   487.15447      1366.7668      1853.9213      367.03498      305.88521      0.21356013   
   1489000   526.06586      1380.8118      1906.8777      289.58338      309.02852      0.21636248   
   1490000   512.61791      1362.0628      1874.6808      163.45652      304.83246      0.21323694   
   1491000   527.50376      1345.4334      1872.9372      99.974175      301.11076      0.20600183   
   1492000   544.85843      1329.8315      1874.6899      75.917898      297.61901      0.20300367   
   1493000   545.48521      1325.8862      1871.3714      107.31847      296.73605      0.20535489   
   1494000   502.20368      1300.9259      1803.1296      191.95073      291.14989      0.20681567   
   1495000   537.51376      1301.5616      1839.0753      227.14444      291.29215      0.20945594   
   1496000   512.229        1320.1929      1832.4219      193.9959       295.46187      0.20943476   
   1497000   505.33302      1299.8399      1805.1729      169.75508      290.90684      0.20747622   
   1498000   483.56577      1282.5633      1766.1291      81.318605      287.0403       0.20257438   
   1499000   499.08385      1320.5126      1819.5964      53.109946      295.53342      0.19965849   
   1500000   490.62304      1341.3538      1831.9768      37.560093      300.19773      0.20137949   
   1501000   499.66911      1329.2605      1828.9296      132.20276      297.49123      0.20842079   
   1502000   491.0767       1302.8786      1793.9553      272.01446      291.58691      0.21542607   
   1503000   490.13462      1287.5642      1777.6989      311.57564      288.15952      0.21908995   
   1504000   464.24745      1286.0606      1750.308       262.49874      287.82299      0.21809176   
   1505000   487.41232      1299.9256      1787.3379      219.17006      290.92602      0.2185964    
   1506000   466.49455      1342.6678      1809.1623      149.29063      300.49181      0.21803199   
   1507000   489.30805      1343.0823      1832.3904      88.272313      300.58458      0.21451569   
   1508000   517.18454      1325.6765      1842.861       142.78013      296.68912      0.21268323   
   1509000   481.29939      1306.5012      1787.8006      127.83401      292.39765      0.21470349   
   1510000   481.20723      1338.7093      1819.9166      200.69552      299.6059       0.22033089   
   1511000   479.01219      1314.2916      1793.3038      260.76998      294.14116      0.22535566   
   1512000   482.75291      1309.067       1791.8199      156.12375      292.97189      0.22432684   
   1513000   497.33279      1274.6664      1771.9992      148.29909      285.27296      0.21787602   
   1514000   531.28697      1336.0954      1867.3824      223.95844      299.0209       0.2089652    
   1515000   520.02529      1329.2213      1849.2466      170.70304      297.48245      0.20271644   
   1516000   491.36467      1326.9974      1818.3621      131.22412      296.98474      0.20403262   
   1517000   495.3342       1353.3873      1848.7215      174.35579      302.89085      0.20893134   
   1518000   521.28526      1344.5747      1865.8599      195.61977      300.91858      0.2110196    
   1519000   500.72802      1401.4098      1902.1379      163.03877      313.6384       0.20693101   
   1520000   535.9708       1340.1698      1876.1406      146.31916      299.93275      0.20232511   
   1521000   517.2724       1367.5498      1884.8222      195.01224      306.06045      0.20276552   
   1522000   489.96962      1378.461       1868.4306      208.11876      308.5024       0.20344022   
   1523000   552.29275      1340.8308      1893.1235      175.58811      300.08068      0.20624772   
   1524000   523.76799      1381.6843      1905.4523      205.81892      309.22377      0.21209855   
   1525000   503.48356      1376.5399      1880.0234      232.6269       308.07245      0.21710698   
   1526000   485.78105      1341.0437      1826.8247      149.27137      300.12833      0.21910703   
   1527000   497.39994      1296.4185      1793.8185      168.6253       290.14113      0.21801099   
   1528000   497.00219      1303.7948      1800.797       233.94195      291.79194      0.21338466   
   1529000   484.48742      1323.278       1807.7654      177.14526      296.15232      0.20374908   
   1530000   518.22845      1355.9596      1874.1881      211.25479      303.46655      0.20007229   
   1531000   529.42666      1332.6395      1862.0662      150.50728      298.24746      0.20189351   
   1532000   524.75973      1358.5753      1883.335       172.37869      304.05193      0.2060764    
   1533000   505.86723      1413.8109      1919.6781      149.20843      316.41378      0.20971005   
   1534000   497.2884       1382.9969      1880.2853      150.91862      309.51755      0.21065209   
   1535000   507.80749      1356.8662      1864.6737      155.12812      303.66944      0.21083193   
   1536000   505.5957       1343.1653      1848.761       134.87268      300.60314      0.21049062   
   1537000   536.45271      1369.0394      1905.4921      102.51893      306.39382      0.21427103   
   1538000   517.55183      1351.3469      1868.8988      117.59443      302.43421      0.21668218   
   1539000   494.62534      1386.6387      1881.264       219.00535      310.33259      0.21732835   
   1540000   505.03419      1335.6972      1840.7314      237.27527      298.93178      0.21531708   
   1541000   496.64767      1347.2917      1843.9394      248.95648      301.52665      0.2110781    
   1542000   474.97856      1327.9768      1802.9554      223.64237      297.20393      0.20757028   
   1543000   510.77222      1326.1706      1836.9428      206.11693      296.7997       0.21038609   
   1544000   515.95281      1330.3513      1846.3041      136.73367      297.73534      0.2183361    
   1545000   485.17947      1365.2487      1850.4282      125.24774      305.54546      0.22593421   
   1546000   476.80075      1356.1951      1832.9958      71.154181      303.51924      0.22823263   
   1547000   505.97182      1351.9379      1857.9097      110.54027      302.56647      0.22632961   
   1548000   505.18524      1343.5158      1848.7011      100.29657      300.6816       0.21832954   
   1549000   520.66462      1347.9145      1868.5791      155.85688      301.66604      0.21251843   
   1550000   501.24193      1328.4289      1829.6708      232.92912      297.30511      0.20958143   
   1551000   495.49479      1266.8208      1762.3155      248.65922      283.51709      0.20579157   
   1552000   513.57859      1287.0771      1800.6556      248.5081       288.05049      0.20402203   
   1553000   496.00237      1332.9992      1829.0015      230.60678      298.32795      0.20547464   
   1554000   502.49851      1326.6409      1829.1394      183.38277      296.90496      0.20908691   
   1555000   472.99347      1320.4703      1793.4638      141.82748      295.52396      0.21391573   
   1556000   445.82547      1330.3212      1776.1467      113.91239      297.72862      0.21824838   
   1557000   470.57066      1263.2633      1733.8339      5.3999071      282.72092      0.21469453   
   1558000   509.74425      1320.4514      1830.1956      75.027432      295.51973      0.20542795   
   1559000   522.20718      1315.8599      1838.0671      165.9014       294.49215      0.19473698   
   1560000   487.42064      1346.2085      1833.6291      171.17661      301.28423      0.19060077   
   1561000   534.19166      1332.3714      1866.563       132.98816      298.18745      0.19450137   
   1562000   483.2923       1338.1264      1821.4187      145.71293      299.47544      0.20302227   
   1563000   495.89105      1339.6521      1835.5431      188.20909      299.81689      0.20785346   
   1564000   494.04744      1327.1204      1821.1678      214.02266      297.01227      0.2091533    
   1565000   505.12148      1339.1293      1844.2508      267.48875      299.6999       0.21010923   
   1566000   493.74551      1364.6257      1858.3712      293.02702      305.40603      0.20804983   
   1567000   513.39567      1351.2757      1864.6714      235.03265      302.41827      0.20353183   
   1568000   504.83833      1362.906       1867.7444      152.26668      305.02117      0.2013363    
   1569000   513.43205      1378.8613      1892.2933      77.022011      308.59199      0.20398263   
   1570000   467.35202      1387.4498      1854.8018      41.225244      310.51411      0.21383191   
   1571000   494.10973      1356.8127      1850.9224      88.25156       303.65746      0.22334055   
   1572000   510.96448      1353.9115      1864.876       166.44172      303.00817      0.22812695   
   1573000   476.93768      1321.9468      1798.8845      273.91563      295.85441      0.22849501   
   1574000   475.92203      1327.4349      1803.3569      265.36915      297.08266      0.22442615   
   1575000   483.4007       1318.183       1801.5837      217.00054      295.01207      0.21730441   
   1576000   497.67954      1337.2785      1834.9581      183.86123      299.28568      0.21344261   
   1577000   485.94814      1310.9884      1796.9366      205.2976       293.4019       0.21083174   
   1578000   491.98589      1343.3102      1835.2961      146.44467      300.63558      0.20851411   
   1579000   504.07972      1325.5671      1829.6468      129.56988      296.66464      0.20870346   
   1580000   482.74397      1313.1608      1795.9047      159.32965      293.88807      0.208539     
   1581000   483.19294      1278.0158      1761.2088      218.26062      286.02257      0.20546834   
   1582000   506.34854      1343.151       1849.4996      260.03074      300.59996      0.20409572   
   1583000   487.45815      1334.1053      1821.5635      281.22703      298.57551      0.20645654   
   1584000   522.03753      1263.9008      1785.9383      268.81103      282.86359      0.21031266   
   1585000   512.05477      1287.9681      1800.0229      242.702        288.24991      0.21492506   
   1586000   495.32055      1306.8549      1802.1754      251.79776      292.47681      0.22112334   
   1587000   482.89062      1318.8788      1801.7694      181.61085      295.16777      0.21923404   
   1588000   476.85474      1318.5219      1795.3766      176.22699      295.0879       0.21317857   
   1589000   493.82021      1295.4204      1789.2406      135.17372      289.91775      0.20697132   
   1590000   521.47744      1360.8618      1882.3392      92.357585      304.56366      0.20485637   
   1591000   517.01783      1353.3952      1870.413       26.099177      302.89263      0.20506646   
   1592000   494.66615      1352.7103      1847.3765      27.74688       302.73935      0.21070003   
   1593000   467.54705      1369.1952      1836.7423      115.57271      306.42871      0.22062407   
   1594000   497.41665      1334.3467      1831.7633      178.03705      298.62953      0.22324359   
   1595000   492.95742      1340.3478      1833.3052      282.58714      299.97259      0.223329     
   1596000   493.63461      1342.7105      1836.3451      348.18504      300.50138      0.22209389   
   1597000   486.70442      1356.2302      1842.9346      264.52456      303.52709      0.21724594   
   1598000   521.11884      1385.2162      1906.335       162.9647       310.01422      0.21182244   
   1599000   552.23093      1342.6733      1894.9042      73.48982       300.49304      0.20765749   
   1600000   515.94869      1364.0823      1880.031       59.803814      305.28442      0.20435906   
   1601000   512.36612      1362.9677      1875.3338      116.19286      305.03497      0.20643197   
   1602000   520.38734      1362.1244      1882.5118      190.25694      304.84625      0.21140707   
   1603000   514.7818       1354.238       1869.0198      264.86613      303.08124      0.21249863   
   1604000   524.90548      1337.3338      1862.2393      231.13283      299.29806      0.21011245   
   1605000   504.80379      1321.5804      1826.3842      183.71428      295.77241      0.20777604   
   1606000   486.85294      1298.8394      1785.6923      207.1486       290.68292      0.20879684   
   1607000   488.68491      1293.3496      1782.0345      172.77173      289.45429      0.21011063   
   1608000   484.58604      1319.6207      1804.2068      212.07125      295.33382      0.2107704    
   1609000   522.85417      1312.3298      1835.184       171.31249      293.70211      0.21194524   
   1610000   497.98356      1342.8263      1840.8098      185.02375      300.52727      0.21563872   
   1611000   483.64994      1373.2807      1856.9307      118.01901      307.34305      0.21777772   
   1612000   520.66875      1373.3123      1893.981       105.41237      307.35011      0.2156427    
   1613000   547.36126      1359.9037      1907.265       92.895469      304.34924      0.21214922   
   1614000   526.31875      1347.5428      1873.8615      116.42439      301.58284      0.21125212   
   1615000   500.60666      1360.3185      1860.9251      200.98015      304.44206      0.21649774   
   1616000   506.70252      1358.9278      1865.6303      315.48509      304.13083      0.22288236   
   1617000   498.9848       1330.838       1829.8228      328.73495      297.84427      0.21986462   
   1618000   502.11201      1319.5693      1821.6813      315.54814      295.32231      0.21170727   
   1619000   492.51864      1346.8737      1839.3923      315.74796      301.4331       0.20722696   
   1620000   500.61128      1333.2277      1833.839       219.31223      298.37909      0.20604853   
   1621000   501.86639      1271.4501      1773.3165      198.62122      284.55314      0.20674399   
   1622000   480.20853      1314.0866      1794.2952      94.917561      294.09529      0.20683013   
   1623000   491.73828      1332.7274      1824.4657      99.937879      298.26714      0.20776989   
   1624000   528.68709      1326.2338      1854.9209      165.74228      296.81385      0.20684431   
   1625000   537.3624       1302.734       1840.0964      176.76353      291.55455      0.20444025   
   1626000   533.09582      1341.6397      1874.7355      215.38439      300.26173      0.20497912   
   1627000   507.91967      1349.9818      1857.9015      205.3764       302.12871      0.20774828   
   1628000   499.8541       1385.1553      1885.0094      126.6486       310.0006       0.21324031   
   1629000   501.54708      1332.3924      1833.9394      106.48678      298.19214      0.21886403   
   1630000   493.58569      1307.0013      1800.587       133.01885      292.50958      0.22073453   
   1631000   501.6287       1305.1994      1806.8281      207.50084      292.1063       0.21846061   
   1632000   466.9475       1350.9867      1817.9342      284.26015      302.3536       0.20422528   
   1633000   519.73435      1311.0231      1830.7574      193.15165      293.40966      0.19675936   
   1634000   512.92368      1312.7299      1825.6536      134.44457      293.79165      0.19690949   
   1635000   517.69675      1301.7859      1819.4826      152.43413      291.34235      0.20120899   
   1636000   480.26645      1351.6598      1831.9263      84.7962        302.50425      0.20584829   
   1637000   465.0542       1334.3513      1799.4055      78.214759      298.63056      0.21192879   
   1638000   490.72941      1319.8383      1810.5677      89.971438      295.38252      0.21749852   
   1639000   484.78423      1364.5781      1849.3623      209.43551      305.39538      0.22126543   
   1640000   495.5684       1357.1912      1852.7596      249.65953      303.74218      0.21810246   
   1641000   512.21695      1360.5425      1872.7594      257.14354      304.4922       0.21228417   
   1642000   533.52558      1355.6866      1889.2121      224.19073      303.40544      0.20874033   
   1643000   544.24066      1348.4351      1892.6758      128.73559      301.78255      0.20811951   
   1644000   533.87163      1345.9131      1879.7847      112.36956      301.21812      0.21097024   
   1645000   498.45667      1354.6671      1853.1238      128.15977      303.17728      0.21324254   
   1646000   504.60552      1385.0664      1889.6719      88.772241      309.98069      0.21275464   
   1647000   524.56596      1344.2941      1868.8601      100.38445      300.85578      0.21006855   
   1648000   534.07873      1326.7274      1860.8062      101.72634      296.92432      0.20718663   
   1649000   511.15534      1338.4971      1849.6524      123.20036      299.55839      0.20528949   
   1650000   498.5606       1337.1323      1835.6929      197.29383      299.25295      0.20664208   
   1651000   504.46777      1310.512       1814.9798      202.70257      293.29528      0.21025922   
   1652000   500.77811      1328.6815      1829.4596      237.72305      297.36165      0.21396913   
   1653000   468.25627      1340.9347      1809.191       260.72219      300.10394      0.21895795   
   1654000   495.022        1343.0255      1838.0475      239.36663      300.57187      0.21892865   
   1655000   513.75059      1358.9486      1872.6992      183.4041       304.13549      0.21482021   
   1656000   539.13166      1392.9828      1932.1144      182.07212      311.7524       0.20579117   
   1657000   526.56898      1391.0571      1917.6261      114.90189      311.32144      0.19840617   
   1658000   509.26091      1358.7975      1868.0584      140.32521      304.10167      0.20164783   
   1659000   513.17907      1330.8318      1844.0109      113.12472      297.8429       0.2099755    
   1660000   480.79516      1386.8725      1867.6676      86.177074      310.38491      0.21441564   
   1661000   503.38481      1345.725       1849.1099      60.263943      301.17603      0.21327175   
   1662000   494.55405      1361.6058      1856.1598      128.28606      304.73017      0.2159217    
   1663000   511.68652      1323.7185      1835.405       200.39109      296.25091      0.21869041   
   1664000   487.17758      1354.7435      1841.9211      252.54718      303.19437      0.21889662   
   1665000   481.76144      1387.1999      1868.9614      216.78407      310.45819      0.21387123   
   1666000   501.8804       1331.8573      1833.7377      84.832569      298.07239      0.20665404   
   1667000   510.55856      1325.7062      1836.2647      6.8817254      296.69576      0.20683726   
   1668000   492.36686      1338.3325      1830.6994     -2.4610655      299.52156      0.21210221   
   1669000   467.65688      1307.5909      1775.2478      67.651805      292.64153      0.22001941   
   1670000   511.31926      1263.0683      1774.3876      158.09298      282.67729      0.22098598   
   1671000   489.57147      1345.2806      1834.8521      230.51028      301.07656      0.21740331   
   1672000   492.92621      1358.97        1851.8962      336.29628      304.14026      0.21518024   
   1673000   507.05348      1366.3026      1873.3561      325.13915      305.78132      0.21489458   
   1674000   487.74762      1386.5961      1874.3438      381.00703      310.32306      0.2187925    
   1675000   499.70209      1361.9718      1861.6739      309.14041      304.81209      0.22289809   
   1676000   470.26493      1356.1783      1826.4432      201.65209      303.51549      0.22770619   
   1677000   483.04577      1357.6724      1840.7182      69.468019      303.84987      0.23020715   
   1678000   465.95202      1367.5789      1833.5309      43.785866      306.06697      0.22460333   
   1679000   508.28721      1352.4412      1860.7284      64.394819      302.67911      0.21502833   
   1680000   512.7757       1354.1569      1866.9326      189.97633      303.06309      0.21170252   
   1681000   511.96492      1368.986       1880.951       242.59967      306.38188      0.21034739   
   1682000   472.98148      1361.8943      1834.8758      352.3493       304.79475      0.21393111   
   1683000   490.79532      1376.0813      1866.8766      339.47817      307.96982      0.21831442   
   1684000   481.67356      1357.6015      1839.2751      372.61673      303.834        0.22221191   
   1685000   483.98612      1304.5189      1788.505       325.43955      291.95401      0.22047552   
   1686000   464.63169      1327.8081      1792.4397      311.07436      297.16617      0.21742602   
   1687000   481.29314      1343.6452      1824.9383      288.36857      300.71055      0.21448111   
   1688000   503.97469      1318.5853      1822.56        168.93397      295.1021       0.21158215   
   1689000   480.00948      1322.2892      1802.2986      195.03458      295.93103      0.21411973   
   1690000   485.85811      1338.1575      1824.0156      159.36215      299.4824       0.21911175   
   1691000   498.58142      1370.3763      1868.9577      192.94205      306.69302      0.22989952   
   1692000   492.13726      1344.4059      1836.5431      244.95275      300.8808       0.23712689   
   1693000   499.17745      1349.0983      1848.2757      263.57959      301.93097      0.23112107   
   1694000   491.6092       1380.1928      1871.802       252.68732      308.88999      0.22308911   
   1695000   489.12455      1344.1726      1833.2972      229.74017      300.82859      0.21653508   
   1696000   496.92848      1313.1368      1810.0653      197.77777      293.88272      0.21087679   
   1697000   484.63881      1345.2759      1829.9147      239.85595      301.0755       0.20878334   
   1698000   504.84151      1342.9321      1847.7736      180.71722      300.55097      0.20604564   
   1699000   500.74718      1309.2797      1810.0269      182.78621      293.01948      0.20508037   
   1700000   491.66724      1327.8645      1819.5317      150.46683      297.17879      0.20404943   
   1701000   478.98373      1343.2264      1822.2102      171.67549      300.61683      0.2103677    
   1702000   493.99998      1319.9064      1813.9064      188.34295      295.39777      0.21962023   
   1703000   482.09648      1319.113       1801.2095      176.38174      295.22021      0.22114523   
   1704000   490.20556      1322.0173      1812.2228      131.29814      295.87018      0.21682833   
   1705000   486.00207      1346.3824      1832.3844      125.86022      301.32314      0.21468816   
   1706000   480.7186       1338.3154      1819.034       241.94511      299.51773      0.21249529   
   1707000   496.79622      1335.5386      1832.3348      223.35427      298.89629      0.2074109    
   1708000   476.74838      1252.6397      1729.3881      246.36627      280.34333      0.20678043   
   1709000   500.54451      1304.5562      1805.1007      202.37467      291.96235      0.20915464   
   1710000   514.17086      1314.4278      1828.5987      92.507013      294.17165      0.20987064   
   1711000   491.58757      1333.1072      1824.6947      65.061989      298.35212      0.21028474   
   1712000   458.62444      1327.3136      1785.9381      145.00423      297.05552      0.21381063   
   1713000   488.89678      1334.0168      1822.9136      255.21271      298.5557       0.21665368   
   1714000   492.02265      1331.9813      1824.0039      282.5435       298.10014      0.21528086   
   1715000   479.27552      1309.3641      1788.6396      243.60002      293.03838      0.20849134   
   1716000   516.71267      1328.5873      1845.2999      234.61662      297.34056      0.20189559   
   1717000   523.89214      1311.8318      1835.7239      222.43513      293.59064      0.19733014   
   1718000   546.57787      1306.6686      1853.2465      186.42218      292.43511      0.19682866   
   1719000   514.18907      1375.9968      1890.1859      179.88705      307.95091      0.19874781   
   1720000   520.33284      1392.2436      1912.5764      144.17377      311.58697      0.20083806   
   1721000   521.02328      1337.2409      1858.2641      125.67019      299.27725      0.20380639   
   1722000   525.84119      1351.9835      1877.8246      80.143538      302.57667      0.20913427   
   1723000   503.14502      1373.1663      1876.3114      177.16964      307.31745      0.21214873   
   1724000   495.09513      1384.098       1879.1931      232.50562      309.76396      0.21246263   
   1725000   502.45492      1380.3105      1882.7654      207.40748      308.91632      0.214099     
   1726000   496.32551      1308.7674      1805.0929      181.98339      292.90484      0.22030408   
   1727000   469.36096      1305.0067      1774.3676      224.8662       292.06317      0.22927428   
   1728000   465.06498      1323.4471      1788.5121      266.11103      296.19018      0.23520395   
   1729000   446.15968      1332.2577      1778.4174      186.8313       298.162        0.23274352   
   1730000   454.19718      1312.6202      1766.8174      145.79637      293.76709      0.2274658    
   1731000   475.07163      1315.4421      1790.5138      100.49611      294.39865      0.22069503   
   1732000   517.49967      1344.6611      1862.1607      26.381708      300.93791      0.21515793   
   1733000   525.85825      1352.4865      1878.3448      0.98976468     302.68926      0.21002454   
   1734000   528.53156      1371.0569      1899.5885      107.61252      306.84535      0.20853826   
   1735000   518.29217      1386.2468      1904.539       188.88763      310.24488      0.20833326   
   1736000   551.15419      1377.5888      1928.743       298.58578      308.30721      0.20809342   
   1737000   508.78429      1357.6473      1866.4316      266.94541      303.84426      0.20374774   
   1738000   509.663        1321.6471      1831.3101      230.52903      295.78734      0.19771649   
   1739000   526.84808      1319.5375      1846.3855      159.82435      295.31519      0.19398815   
   1740000   499.89768      1305.4299      1805.3276      91.55241       292.1579       0.19673923   
   1741000   546.40195      1307.7204      1854.1224      7.7135575      292.67051      0.20971318   
   1742000   523.08221      1351.5595      1874.6417      24.267489      302.48178      0.21709362   
   1743000   468.30064      1384.0792      1852.3799      16.498535      309.75977      0.21902384   
   1744000   477.03625      1372.921       1849.9572      98.895463      307.26253      0.22025757   
   1745000   510.79935      1377.6545      1888.4538      145.36737      308.3219       0.21912654   
   1746000   492.60683      1351.4586      1844.0654      209.80427      302.4592       0.21484846   
   1747000   524.76484      1345.7635      1870.5284      247.32861      301.18464      0.20832269   
   1748000   528.91246      1366.4447      1895.3572      269.4221       305.81313      0.20159687   
   1749000   546.11891      1379.9696      1926.0885      234.45858      308.84004      0.19904344   
   1750000   505.9769       1387.4878      1893.4647      220.46375      310.52262      0.20116807   
   1751000   524.18739      1356.2294      1880.4168      182.83444      303.52692      0.20830262   
   1752000   508.26946      1359.6701      1867.9396      210.69241      304.29696      0.21576485   
   1753000   518.5761       1378.149       1896.7251      204.62029      308.43257      0.21694607   
   1754000   492.69118      1357.6566      1850.3478      187.25649      303.84634      0.21006929   
   1755000   520.87091      1347.448       1868.3189      135.98267      301.56162      0.20053402   
   1756000   521.95871      1315.9696      1837.9283      80.753749      294.5167       0.19682154   
   1757000   497.0858       1318.3691      1815.4549      89.152917      295.05371      0.19958984   
   1758000   523.02782      1316.8195      1839.8474      66.576855      294.70692      0.20541719   
   1759000   514.98801      1305.5822      1820.5702      111.92061      292.19198      0.21104848   
   1760000   481.21843      1281.4181      1762.6365      163.73751      286.784        0.21498175   
   1761000   498.36117      1292.7809      1791.1421      251.51119      289.32702      0.21836751   
   1762000   484.76017      1320.013       1804.7732      218.57596      295.42163      0.21792972   
   1763000   480.69418      1336.591       1817.2852      186.298        299.13181      0.21348201   
   1764000   495.39021      1337.3332      1832.7234      145.57835      299.29792      0.20735657   
   1765000   516.30464      1337.7165      1854.0212      102.26809      299.3837       0.20345345   
   1766000   507.21189      1366.76        1873.9719      116.02113      305.88369      0.20510183   
   1767000   480.50094      1357.6496      1838.1505      159.42592      303.84476      0.21807159   
   1768000   493.72013      1379.1561      1872.8763      222.26933      308.65798      0.22507723   
   1769000   504.08748      1342.1652      1846.2527      201.93054      300.37933      0.22585914   
   1770000   506.75963      1348.7486      1855.5083      164.08215      301.85271      0.22366622   
   1771000   484.2866       1375.8019      1860.0885      231.55773      307.90729      0.21914778   
   1772000   495.25842      1352.2043      1847.4627      231.25032      302.62609      0.21287068   
   1773000   516.00666      1346.9348      1862.9415      218.29863      301.44677      0.20984175   
   1774000   512.97034      1362.8375      1875.8079      231.14824      305.00583      0.20980026   
   1775000   504.66273      1339.4461      1844.1088      165.93981      299.77078      0.20944436   
   1776000   517.88861      1353.975       1871.8636      128.91928      303.02238      0.21040874   
   1777000   519.56744      1342.784       1862.3514      106.86561      300.51781      0.21337217   
   1778000   504.46981      1334.0873      1838.5571      129.20675      298.57147      0.21793664   
   1779000   503.5029       1306.3573      1809.8602      139.19898      292.36544      0.22021812   
   1780000   494.64339      1299.253       1793.8964      148.54944      290.77549      0.22022705   
   1781000   496.99753      1346.9126      1843.9101      199.35792      301.4418       0.2186196    
   1782000   500.60219      1340.1763      1840.7784      253.39922      299.9342       0.21658869   
   1783000   514.15182      1353.3409      1867.4927      317.77923      302.88047      0.21415667   
   1784000   484.6531       1352.2296      1836.8827      236.96532      302.63177      0.20923477   
   1785000   504.31785      1348.937       1853.2549      210.47466      301.89487      0.20657139   
   1786000   526.69023      1331.9388      1858.629       79.072941      298.09064      0.20397047   
   1787000   511.65803      1379.4754      1891.1335      81.772682      308.72943      0.20366221   
   1788000   506.84071      1366.2596      1873.1003      78.918383      305.7717       0.20516855   
   1789000   562.33995      1345.6747      1908.0146      103.57542      301.16475      0.21011711   
   1790000   508.72287      1350.4526      1859.1755      135.38119      302.23406      0.21465406   
   1791000   491.37635      1331.2454      1822.6217      179.46645      297.93544      0.21436935   
   1792000   518.30891      1306.7344      1825.0434      201.99701      292.44985      0.21378122   
   1793000   478.4658       1345.1916      1823.6574      229.02604      301.05664      0.21194907   
   1794000   505.91597      1340.8713      1846.7872      277.98358      300.08974      0.2073648    
   1795000   513.04901      1327.6604      1840.7094      254.32555      297.13312      0.20330719   
   1796000   495.66797      1308.1601      1803.8281      206.95219      292.76891      0.20339139   
   1797000   517.15004      1330.8723      1848.0223      190.76903      297.85195      0.20599074   
   1798000   472.83022      1318.8331      1791.6633      106.35681      295.15756      0.21026052   
   1799000   487.84976      1335.2436      1823.0934      81.74202       298.83026      0.21559539   
   1800000   499.06862      1290.8969      1789.9655      178.12089      288.90537      0.22005134   
   1801000   485.52895      1249.7715      1735.3004      137.3474       279.70142      0.2160811    
   1802000   516.3606       1303.1501      1819.5107      137.813        291.64766      0.20870391   
   1803000   501.15076      1311.8608      1813.0116      223.12998      293.59714      0.20391398   
   1804000   514.39131      1372.4762      1886.8676      312.23613      307.163        0.20238557   
   1805000   501.98106      1338.3429      1840.324       337.01924      299.5239       0.20022513   
   1806000   489.36779      1353.7226      1843.0904      316.44224      302.9659       0.20226691   
   1807000   504.82115      1346.5621      1851.3832      159.00386      301.36336      0.20337381   
   1808000   516.04498      1311.1211      1827.166       147.76317      293.43159      0.20472853   
   1809000   527.94314      1283.1833      1811.1264      18.120315      287.17905      0.20153237   
   1810000   511.16799      1294.7152      1805.8832      21.939998      289.75992      0.19934095   
   1811000   516.92869      1326.8881      1843.8168      100.2871       296.96029      0.20218722   
   1812000   513.24801      1359.9414      1873.1894      135.16546      304.35768      0.20754525   
   1813000   545.95025      1374.877       1920.8273      173.31062      307.7003       0.21520528   
   1814000   502.28413      1373.1153      1875.3994      214.91986      307.30602      0.21733158   
   1815000   503.91202      1349.6183      1853.5304      256.73651      302.04736      0.21241956   
   1816000   509.26252      1348.2583      1857.5208      225.50495      301.74297      0.21018214   
   1817000   478.13302      1398.7383      1876.8713      285.34477      313.04049      0.21299979   
   1818000   497.67198      1325.1958      1822.8678      204.1148       296.58153      0.21488852   
   1819000   462.52162      1338.1319      1800.6536      183.62656      299.47667      0.21678049   
   1820000   484.74664      1318.3499      1803.0965      74.471109      295.04941      0.21570022   
   1821000   510.61473      1327.3371      1837.9518      133.1946       297.06077      0.21587492   
   1822000   508.21146      1327.6914      1835.9029      214.98725      297.14007      0.21695895   
   1823000   488.60193      1342.8022      1831.4042      275.92686      300.52189      0.21815961   
   1824000   485.91001      1343.1116      1829.0216      301.00201      300.59113      0.22043948   
   1825000   482.77108      1336.2365      1819.0076      332.36218      299.05248      0.22281422   
   1826000   496.079        1340.7611      1836.8401      189.11732      300.06509      0.20956885   
   1827000   478.9113       1357.3428      1836.2541      213.03929      303.77611      0.2014467    
   1828000   504.076        1298.9838      1803.0598      140.09164      290.71523      0.19668094   
   1829000   521.93183      1344.2265      1866.1583      134.28291      300.84065      0.1953757    
   1830000   514.12516      1363.36        1877.4851      153.31387      305.12276      0.1981138    
   1831000   512.55012      1318.5145      1831.0647      112.24317      295.08626      0.20471942   
   1832000   517.41932      1310.6946      1828.114       88.670238      293.33615      0.21046526   
   1833000   492.06559      1336.8327      1828.8983      54.260422      299.1859       0.21370551   
   1834000   486.15153      1322.359       1808.5105      126.89923      295.94666      0.2148637    
   1835000   491.15838      1364.8023      1855.9607      190.79463      305.44557      0.2129899    
   1836000   498.55918      1366.0898      1864.649       198.77946      305.73371      0.21020039   
   1837000   539.36096      1320.6598      1860.0207      106.82072      295.56637      0.20899481   
   1838000   498.35145      1355.4846      1853.8361      104.05025      303.36024      0.20955755   
   1839000   487.24431      1357.808       1845.0523      106.698        303.88021      0.2114576    
   1840000   474.84204      1329.0677      1803.9098      139.91885      297.44809      0.21536753   
   1841000   509.98566      1364.2961      1874.2818      192.10858      305.33228      0.2187888    
   1842000   497.98035      1385.3602      1883.3405      231.48888      310.04645      0.221946     
   1843000   495.35032      1372.599       1867.9494      251.15463      307.19048      0.22601393   
   1844000   504.07997      1345.2268      1849.3067      189.47891      301.06451      0.22505114   
   1845000   485.71446      1363.459       1849.1735      167.42834      305.14493      0.22207084   
   1846000   490.8044       1352.4524      1843.2568      118.62722      302.68162      0.21586661   
   1847000   500.52615      1343.4558      1843.9819      106.11131      300.66816      0.21037972   
   1848000   538.0918       1327.1785      1865.2703      139.13967      297.02527      0.20595365   
   1849000   514.29592      1338.5077      1852.8036      185.81853      299.56077      0.20263415   
   1850000   545.83486      1360.8913      1906.7262      171.81197      304.57027      0.19956204   
   1851000   520.46623      1336.6131      1857.0794      195.07852      299.13676      0.19898204   
   1852000   512.31915      1337.6527      1849.9719      265.35976      299.36943      0.2055002    
   1853000   508.05202      1288.3566      1796.4086      281.40519      288.33684      0.21139197   
   1854000   480.86654      1335.916       1816.7825      274.26315      298.98074      0.21261174   
   1855000   493.20902      1330.0818      1823.2908      286.33035      297.67503      0.21444402   
   1856000   519.6148       1304.6125      1824.2273      157.21473      291.97496      0.21092569   
   1857000   515.84301      1333.1168      1848.9598      75.595284      298.35428      0.20759414   
   1858000   491.81492      1322.5729      1814.3878      78.748521      295.99453      0.21075124   
   1859000   483.46287      1345.362       1828.8248      59.635238      301.09477      0.2193504    
   1860000   494.61944      1349.4523      1844.0718      61.954197      302.0102       0.2241257    
   1861000   529.70822      1357.0896      1886.7978      81.665516      303.71943      0.22309735   
   1862000   499.84673      1346.0293      1845.876       153.55182      301.24412      0.22115948   
   1863000   474.1794       1318.3233      1792.5027      139.86975      295.04346      0.21711357   
   1864000   486.03943      1310.2789      1796.3184      106.36047      293.24312      0.2135548    
   1865000   521.83078      1336.8533      1858.6841      193.71021      299.1905       0.21315847   
   1866000   476.797        1374.5811      1851.3781      210.03517      307.63406      0.21445835   
   1867000   483.65955      1359.5944      1843.254       241.97852      304.28003      0.21470892   
   1868000   475.75788      1388.2305      1863.9884      211.65664      310.68883      0.21406818   
   1869000   539.40637      1356.1298      1895.5362      46.615902      303.50463      0.21122332   
   1870000   517.83251      1369.9769      1887.8094      24.402341      306.60365      0.21024077   
   1871000   537.44393      1389.5249      1926.9688      39.741928      310.97852      0.20930572   
   1872000   501.09585      1370.3417      1871.4375      126.13146      306.68528      0.20632786   
   1873000   518.02387      1369.6258      1887.6497      242.34863      306.52506      0.20660895   
   1874000   499.39388      1364.8327      1864.2266      350.25286      305.45237      0.20921359   
   1875000   498.9896       1393.2445      1892.2341      402.33232      311.81099      0.21296613   
   1876000   511.33272      1353.2878      1864.6205      330.8272       302.86858      0.21433732   
   1877000   522.24406      1335.95        1858.1941      253.15252      298.98835      0.21163697   
   1878000   522.91364      1364.9216      1887.8352      116.05805      305.47226      0.20681084   
   1879000   516.30007      1343.3883      1859.6884      23.009763      300.65306      0.20423417   
   1880000   542.3959       1322.9157      1865.3116     -32.211137      296.07126      0.20515261   
   1881000   508.31728      1286.8381      1795.1553      61.029861      287.997        0.20864583   
   1882000   530.53117      1308.4339      1838.9651      151.11456      292.83019      0.21121632   
   1883000   488.99818      1311.9471      1800.9453      243.49238      293.61646      0.21354977   
   1884000   470.31166      1330.3944      1800.7061      326.47106      297.74501      0.22016617   
   1885000   499.34933      1323.5245      1822.8738      292.09853      296.20749      0.22419197   
   1886000   464.66616      1309.1259      1773.7921      214.64752      292.98507      0.21800712   
   1887000   520.7994       1321.8885      1842.6879      154.59696      295.84137      0.20744977   
   1888000   509.26686      1336.8144      1846.0813      102.122        299.18181      0.20369199   
   1889000   530.71545      1308.185       1838.9004      85.1836        292.77449      0.20477342   
   1890000   492.54421      1287.0283      1779.5725      199.6189       288.03957      0.20553242   
   1891000   518.98484      1306.7885      1825.7734      204.23121      292.46196      0.204488     
   1892000   523.76695      1343.6951      1867.4621      172.40113      300.72173      0.20277337   
   1893000   527.55772      1347.6284      1875.1861      153.86703      301.602        0.20494477   
   1894000   523.43101      1353.0433      1876.4743      206.3665       302.81387      0.2132845    
   1895000   484.25921      1345.7137      1829.973       226.55246      301.1735       0.22235251   
   1896000   485.94648      1330.1182      1816.0647      262.21891      297.68319      0.22476755   
   1897000   476.30181      1296.6656      1772.9674      187.68009      290.19641      0.22153083   
   1898000   479.51676      1303.4587      1782.9754      196.63         291.71673      0.21510262   
   1899000   495.49033      1348.5905      1844.0808      131.68324      301.81732      0.20961739   
   1900000   509.00573      1338.51        1847.5157      59.062351      299.56128      0.20737316   
   1901000   538.08802      1319.0322      1857.1202      88.584753      295.20211      0.20860356   
   1902000   526.62203      1340.9729      1867.5949      109.356        300.11249      0.21113748   
   1903000   523.02717      1333.3857      1856.4129      219.97351      298.41446      0.21393468   
   1904000   521.25019      1356.1419      1877.3921      283.58607      303.50734      0.21343791   
   1905000   525.91013      1400.1584      1926.0685      339.64766      313.35832      0.21593      
   1906000   516.06483      1365.9142      1881.9791      355.51304      305.69441      0.21811093   
   1907000   515.37806      1352.299       1867.677       244.78938      302.64728      0.2196451    
   1908000   515.25734      1409.1315      1924.3888      163.04002      315.36652      0.21978809   
   1909000   504.80081      1407.4276      1912.2284      88.959698      314.98519      0.21772224   
   1910000   532.64656      1341.4414      1874.088       51.641466      300.21734      0.20848149   
   1911000   516.06561      1331.8392      1847.9048      127.28533      298.06834      0.1989381    
   1912000   490.65627      1322.9717      1813.628       197.28622      296.08378      0.1992634    
   1913000   504.04056      1317.5359      1821.5765      273.64627      294.86724      0.20586022   
   1914000   511.77654      1287.2432      1799.0197      320.28357      288.08767      0.21266977   
   1915000   479.85686      1351.9761      1831.833       242.62908      302.57503      0.21470576   
   1916000   499.04604      1343.7813      1842.8274      169.92624      300.74102      0.21260038   
   1917000   527.06086      1295.2858      1822.3467      178.60186      289.88762      0.20933546   
   1918000   510.88206      1332.7842      1843.6663      153.79903      298.27984      0.20618279   
   1919000   517.37641      1330.1273      1847.5037      187.94259      297.68521      0.2053806    
   1920000   503.88112      1325.2303      1829.1114      240.7746       296.58926      0.20206246   
   1921000   533.62191      1329.0262      1862.6482      212.81388      297.4388       0.19741803   
   1922000   545.65743      1327.5976      1873.255       187.5115       297.11906      0.19740914   
   1923000   496.85988      1362.4532      1859.313       214.81402      304.91981      0.20449966   
   1924000   486.9166       1355.4507      1842.3673      218.82239      303.35266      0.21350373   
   1925000   511.73232      1361.0253      1872.7576      165.62756      304.60026      0.21779182   
   1926000   528.38908      1351.944       1880.3331      153.86889      302.56785      0.21791642   
   1927000   527.10267      1364.8569      1891.9596      109.0048       305.45778      0.21500285   
   1928000   517.02214      1372.9884      1890.0105      95.818213      307.27762      0.21278223   
   1929000   519.70139      1351.01        1870.7114      82.437067      302.35882      0.20868698   
   1930000   535.78305      1359.475       1895.258       135.2995       304.25329      0.20439569   
   1931000   535.58765      1386.8429      1922.4306      184.37635      310.3783       0.20944116   
   1932000   522.3043       1369.6296      1891.9339      268.38704      306.52591      0.22229789   
   1933000   499.79356      1361.0351      1860.8287      293.29742      304.60246      0.22822837   
   1934000   481.69779      1361.151       1842.8487      271.48494      304.62838      0.23026564   
   1935000   493.74847      1333.5428      1827.2912      241.79468      298.44961      0.22810554   
   1936000   479.60907      1340.9809      1820.5899      217.18258      300.11427      0.22260163   
   1937000   527.48457      1331.9653      1859.4499      109.66772      298.09657      0.21459697   
   1938000   514.0901       1339.6068      1853.6969      75.152849      299.80674      0.21335913   
   1939000   497.58116      1357.616       1855.1972      44.159413      303.83726      0.21582132   
   1940000   525.86312      1322.597       1848.4602      135.36398      295.99993      0.22020433   
   1941000   478.16919      1354.1539      1832.3231      221.80812      303.06242      0.22231976   
   1942000   490.99043      1338.891       1829.8814      271.42207      299.64654      0.21977202   
   1943000   519.8625       1307.5146      1827.3771      262.96814      292.62444      0.21413284   
   1944000   463.23043      1331.2213      1794.4517      182.6246       297.93006      0.20631417   
   1945000   493.62595      1289.6203      1783.2462      168.76101      288.61967      0.2032821    
   1946000   515.17166      1332.7508      1847.9225      128.07224      298.27237      0.20431272   
   1947000   520.91992      1325.5281      1846.448       88.763244      296.65591      0.20935248   
   1948000   492.3502       1293.1699      1785.5201      76.807479      289.41407      0.21865402   
   1949000   509.86079      1315.8328      1825.6936      115.0996       294.48607      0.22467636   
   1950000   494.70283      1316.4165      1811.1193      146.02575      294.6167       0.22365888   
   1951000   477.66771      1324.7602      1802.4279      153.34693      296.48404      0.21658088   
   1952000   520.6033       1330.7102      1851.3135      229.41105      297.81567      0.21024425   
   1953000   537.29622      1323.4251      1860.7213      235.54752      296.18525      0.20781726   
   1954000   515.31993      1331.5599      1846.8798      255.33164      298.00584      0.20673094   
   1955000   500.01941      1309.3772      1809.3966      303.29161      293.04131      0.20681575   
   1956000   497.83717      1310.6142      1808.4514      272.67674      293.31815      0.20716359   
   1957000   505.95588      1339.2664      1845.2223      301.57391      299.73058      0.21059851   
   1958000   525.93863      1340.1709      1866.1096      225.70275      299.93301      0.21333575   
   1959000   510.18898      1344.7648      1854.9538      192.38232      300.96112      0.21392607   
   1960000   509.76761      1358.1845      1867.9521      120.90929      303.96448      0.21384083   
   1961000   511.79324      1354.6347      1866.428       105.61933      303.17004      0.21389178   
   1962000   481.15413      1333.4322      1814.5863      204.51434      298.42486      0.21770668   
   1963000   482.18664      1350.3414      1832.5281      262.91771      302.20919      0.22122407   
   1964000   514.42679      1333.9668      1848.3936      258.32856      298.5445       0.21662044   
   1965000   517.52318      1297.4267      1814.9499      227.53959      290.36677      0.20713842   
   1966000   502.45428      1339.7814      1842.2357      172.66077      299.84583      0.20362269   
   1967000   500.35967      1325.961       1826.3206      139.88675      296.75278      0.20560529   
   1968000   522.6138       1325.6716      1848.2854      155.28579      296.68803      0.20949035   
   1969000   496.75901      1319.1014      1815.8605      188.79128      295.21761      0.2137333    
   1970000   487.11892      1284.1841      1771.303       201.52352      287.40304      0.21727494   
   1971000   514.18379      1293.8523      1808.0361      162.97522      289.5668       0.21974012   
   1972000   496.1915       1320.4847      1816.6762      65.224465      295.52718      0.22271348   
   1973000   495.58191      1339.3292      1834.9112     -63.267337      299.74463      0.22489515   
   1974000   503.94175      1321.9155      1825.8572     -48.135431      295.8474       0.22519326   
   1975000   485.92492      1325.547       1811.472       7.5503328      296.66015      0.22509608   
   1976000   501.34415      1361.4792      1862.8234      166.06738      304.70185      0.22730248   
   1977000   484.05114      1367.7015      1851.7527      188.67048      306.09441      0.22721245   
   1978000   508.868        1347.0929      1855.9609      241.91738      301.48215      0.22676548   
   1979000   523.9419       1337.3944      1861.3363      288.57329      299.31162      0.22445723   
   1980000   489.83455      1370.6493      1860.4838      302.40559      306.75412      0.21602463   
   1981000   516.69774      1345.8653      1862.563       228.30825      301.20741      0.20870089   
   1982000   520.00442      1333.5609      1853.5653      172.15579      298.45367      0.2056995    
   1983000   522.37451      1295.9077      1818.2822      44.564541      290.02681      0.2048477    
   1984000   521.5384       1333.6619      1855.2003     -19.224803      298.47627      0.20701122   
   1985000   499.09897      1343.2953      1842.3942      52.591264      300.63224      0.20952032   
   1986000   503.54245      1313.0936      1816.6361      223.99437      293.87304      0.2113989    
   1987000   522.07561      1341.5951      1863.6708      363.77611      300.25175      0.20809017   
   1988000   519.92268      1351.6658      1871.5885      426.4378       302.50557      0.20110595   
   1989000   512.0592       1365.2646      1877.3238      460.45786      305.54902      0.19930176   
   1990000   532.56224      1381.2924      1913.8546      315.75866      309.13607      0.20209934   
   1991000   516.18497      1393.4913      1909.6763      273.58351      311.86622      0.21330338   
   1992000   503.27873      1346.6322      1849.9109      113.87757      301.37905      0.21997471   
   1993000   504.1065       1333.5558      1837.6623      22.324663      298.45252      0.21967844   
   1994000   514.78025      1340.088       1854.8683      31.227744      299.91444      0.21868584   
   1995000   511.22957      1308.084       1819.3136      41.950726      292.75188      0.21379602   
   1996000   527.2049       1316.1617      1843.3666      144.63521      294.55969      0.20746953   
   1997000   503.42201      1375.7132      1879.1352      178.32497      307.88744      0.20488502   
   1998000   505.51827      1372.2761      1877.7944      234.30765      307.1182       0.20796981   
   1999000   543.73659      1334.1392      1877.8758      238.51574      298.5831       0.21048876   
   2000000   509.70837      1283.3981      1793.1065      267.78963      287.22713      0.21062189   
Loop time of 8938.71 on 8 procs for 2000000 steps with 1500 atoms

Performance: 9.666 ns/day, 2.483 hours/ns, 223.746 timesteps/s, 335.619 katom-step/s
99.3% CPU use with 8 MPI tasks x 1 OpenMP threads

MPI task timing breakdown:
Section |  min time  |  avg time  |  max time  |%varavg| %total
---------------------------------------------------------------
Pair    | 446.21     | 471.85     | 486.32     |  60.5 |  5.28
Bond    | 21.691     | 22.29      | 22.959     |   7.8 |  0.25
Kspace  | 3569       | 3586.2     | 3614.3     |  23.5 | 40.12
Neigh   | 7.4142     | 7.4465     | 7.4928     |   0.9 |  0.08
Comm    | 155.24     | 156.88     | 158.01     |   6.9 |  1.76
Output  | 0.20489    | 0.7329     | 4.4274     | 163.1 |  0.01
Modify  | 4473.9     | 4581.4     | 4662.5     |  92.6 | 51.25
Other   |            | 111.9      |            |       |  1.25

Nlocal:          187.5 ave         207 max         162 min
Histogram: 1 2 0 0 0 0 1 1 0 3
Nghost:        1966.12 ave        2018 max        1894 min
Histogram: 1 1 0 0 1 1 0 1 1 2
Neighs:        18084.5 ave       21122 max       15127 min
Histogram: 1 2 0 0 0 1 1 1 1 1

Total # of neighbors = 144676
Ave neighs/atom = 96.450667
Ave special neighs/atom = 2
Neighbor list builds = 12239
Dangerous builds = 0

write_data      ${NAME}_final.data
write_data      N2_final.data
System init for write_data ...
PPPM initialization ...
  using 12-bit tables for long-range coulomb (src/kspace.cpp:342)
  G vector (1/distance) = 0.26949739
  grid = 45 45 45
  stencil order = 5
  estimated absolute RMS force accuracy = 0.00042114518
  estimated relative force accuracy = 1.2682662e-06
  using single precision FFTW3
  3d grid and FFT values/proc = 27000 12420
Generated 1 of 1 mixed pair_coeff terms from arithmetic mixing rule
Last active /omp style is kspace_style pppm/omp

quit
