# Cycle, ((density(Ib,Tm), Tm=1,N_MolType), Ib=1,N_Box)
       100   0.5949565870E+003   0.3242410808E+002
       200   0.6702799006E+003   0.2418082037E+002
       300   0.7270702690E+003   0.1934294228E+002
       400   0.7878686603E+003   0.1388196667E+002
       500   0.8197176846E+003   0.1240113133E+002
       600   0.8327367093E+003   0.1237061839E+002
       700   0.8577782131E+003   0.1196797646E+002
       800   0.8595541007E+003   0.1161712966E+002
       900   0.8656153571E+003   0.1125782515E+002
      1000   0.8804715566E+003   0.1088290252E+002
      1100   0.8801717809E+003   0.1123004746E+002
      1200   0.8911885429E+003   0.1086368160E+002
      1300   0.9027459635E+003   0.1084353793E+002
      1400   0.8935762795E+003   0.1016683137E+002
      1500   0.9069300524E+003   0.1049087254E+002
      1600   0.9002008156E+003   0.1015595293E+002
      1700   0.9021312196E+003   0.1015281732E+002
      1800   0.9081218326E+003   0.1048890872E+002
      1900   0.9168181777E+003   0.1012945438E+002
      2000   0.9121664509E+003   0.1048228769E+002
      2100   0.9106734451E+003   0.1013912423E+002
      2200   0.9174949582E+003   0.1012839838E+002
      2300   0.9265516835E+003   0.1011443611E+002
      2400   0.9190121723E+003   0.1012603748E+002
      2500   0.9046243300E+003   0.1049468870E+002
      2600   0.9175680599E+003   0.1012828443E+002
      2700   0.9276926450E+003   0.1011269918E+002
      2800   0.9228756966E+003   0.1046507611E+002
      2900   0.9229862481E+003   0.1011989546E+002
      3000   0.9248158458E+003   0.1046200657E+002
      3100   0.9307606368E+003   0.1010805272E+002
      3200   0.9263068517E+003   0.1011480946E+002
      3300   0.9310636863E+003   0.1010759564E+002
      3400   0.9345673146E+003   0.1010233579E+002
      3500   0.9346379879E+003   0.1010223015E+002
      3600   0.9307413468E+003   0.1045272191E+002
      3700   0.9296598652E+003   0.1045440643E+002
      3800   0.9228206685E+003   0.1012015016E+002
      3900   0.9379737846E+003   0.1009726466E+002
      4000   0.9262322473E+003   0.1011492327E+002
      4100   0.9148370138E+003   0.1047795260E+002
      4200   0.9214074466E+003   0.1012232830E+002
      4300   0.9232560613E+003   0.1046447317E+002
      4400   0.9303107717E+003   0.1045339204E+002
      4500   0.9312661021E+003   0.1045190616E+002
      4600   0.9195173289E+003   0.1012525339E+002
      4700   0.9174011362E+003   0.1012854467E+002
      4800   0.9337740651E+003   0.1010352272E+002
      4900   0.9324637369E+003   0.1010548840E+002
      5000   0.9318850065E+003   0.1045094539E+002
      5100   0.9162119506E+003   0.1013040181E+002
      5200   0.9372731544E+003   0.1009830424E+002
      5300   0.9270825283E+003   0.1045843894E+002
      5400   0.9292252107E+003   0.1011037374E+002
      5500   0.9260515097E+003   0.1011519908E+002
      5600   0.9254960749E+003   0.1046093383E+002
      5700   0.9184004927E+003   0.1012698823E+002
      5800   0.9229513189E+003   0.1011994918E+002
      5900   0.9160076382E+003   0.1013072143E+002
      6000   0.9192814367E+003   0.1047080171E+002
      6100   0.9284500462E+003   0.1011154885E+002
      6200   0.9205474940E+003   0.1012365744E+002
      6300   0.9207214493E+003   0.9778013224E+001
      6400   0.9307273050E+003   0.9763204030E+001
      6500   0.9326314505E+003   0.1010523646E+002
      6600   0.9212969640E+003   0.1012249890E+002
      6700   0.9202502310E+003   0.1012411755E+002
      6800   0.9248509479E+003   0.9771857063E+001
      6900   0.9230783118E+003   0.9774491972E+001
      7000   0.9255764510E+003   0.9770781969E+001
      7100   0.9250984346E+003   0.9426064182E+001
      7200   0.9383591357E+003   0.9407350801E+001
      7300   0.9178617355E+003   0.9436536996E+001
      7400   0.9177357846E+003   0.9436720940E+001
      7500   0.9203321680E+003   0.9432940696E+001
      7600   0.9211072156E+003   0.9431816968E+001
      7700   0.9173625218E+003   0.9437266407E+001
      7800   0.9194986201E+003   0.9088192180E+001
      7900   0.9180154050E+003   0.9090280303E+001
      8000   0.9078623957E+003   0.9104783707E+001
      8100   0.9152107454E+003   0.9094249947E+001
      8200   0.9344140898E+003   0.9412854787E+001
      8300   0.9296731009E+003   0.9074073018E+001
      8400   0.9168711592E+003   0.9437985232E+001
      8500   0.9215905412E+003   0.9431117295E+001
      8600   0.9332402127E+003   0.9069206001E+001
      8700   0.9133693955E+003   0.9443133635E+001
      8800   0.9024138941E+003   0.9112720906E+001
      8900   0.9208971509E+003   0.9086230314E+001
      9000   0.9177911243E+003   0.9436640112E+001
      9100   0.9208724736E+003   0.9086264872E+001
      9200   0.9264689263E+003   0.9078481294E+001
      9300   0.9258993089E+003   0.9424916647E+001
      9400   0.9328707202E+003   0.9069708172E+001
      9500   0.9279308072E+003   0.9422015943E+001
      9600   0.9265434865E+003   0.9078378319E+001
      9700   0.9346805008E+003   0.9067252849E+001
      9800   0.9256820945E+003   0.9079569136E+001
      9900   0.9286478091E+003   0.9075479830E+001
     10000   0.9292471719E+003   0.9420144072E+001
     10100   0.9216768470E+003   0.9085139504E+001
     10200   0.9201679618E+003   0.9087252374E+001
     10300   0.9219225031E+003   0.8738693049E+001
     10400   0.9204581651E+003   0.8740670134E+001
     10500   0.9238693651E+003   0.9082083392E+001
     10600   0.9342436844E+003   0.9067844484E+001
     10700   0.9278060145E+003   0.8730821181E+001
     10800   0.9280902744E+003   0.8730443738E+001
     10900   0.9263507277E+003   0.8732757664E+001
     11000   0.9264353711E+003   0.8732644842E+001
     11100   0.9221828142E+003   0.8391989450E+001
     11200   0.9130818981E+003   0.8403931596E+001
     11300   0.9224443086E+003   0.8737990263E+001
     11400   0.9323573673E+003   0.8724809399E+001
     11500   0.9292641166E+003   0.8382882104E+001
     11600   0.9241762111E+003   0.8389409597E+001
     11700   0.9290800427E+003   0.8729131572E+001
     11800   0.9330098092E+003   0.8378128492E+001
     11900   0.9362745648E+003   0.8374020601E+001
     12000   0.9455194274E+003   0.8707794617E+001
     12100   0.9292361727E+003   0.8382917732E+001
     12200   0.9283928335E+003   0.8730042287E+001
     12300   0.9263275208E+003   0.8386639599E+001
     12400   0.9236514395E+003   0.8390087523E+001
     12500   0.9244443339E+003   0.8735304946E+001
     12600   0.9236972597E+003   0.8736306445E+001
     12700   0.9282718213E+003   0.8730202817E+001
     12800   0.9232495202E+003   0.9082945703E+001
     12900   0.9230142163E+003   0.9083273397E+001
     13000   0.9162314240E+003   0.9092802090E+001
     13100   0.9250574693E+003   0.9080434221E+001
     13200   0.9252118029E+003   0.8734278030E+001
     13300   0.9345326971E+003   0.8721959631E+001
     13400   0.9343285229E+003   0.8722226464E+001
     13500   0.9322703721E+003   0.8724923681E+001
     13600   0.9254420199E+003   0.8733970365E+001
     13700   0.9321858937E+003   0.9070640108E+001
     13800   0.9263824445E+003   0.9078600757E+001
     13900   0.9175843002E+003   0.8744571268E+001
     14000   0.9220427055E+003   0.9084628387E+001
     14100   0.9246241184E+003   0.8735064210E+001
     14200   0.9209074342E+003   0.9086215914E+001
     14300   0.9271324721E+003   0.8731716570E+001
     14400   0.9331882837E+003   0.8723719077E+001
     14500   0.9223307481E+003   0.9084226307E+001
     14600   0.9310961825E+003   0.8726468556E+001
     14700   0.9341977043E+003   0.9067906797E+001
     14800   0.9281339583E+003   0.8730385757E+001
     14900   0.9331976167E+003   0.8377891294E+001
     15000   0.9235148513E+003   0.8736551256E+001
     15100   0.9278752554E+003   0.8384655825E+001
     15200   0.9244576388E+003   0.8389046397E+001
     15300   0.9246650786E+003   0.8388778845E+001
     15400   0.9295541046E+003   0.8728504223E+001
     15500   0.9315330976E+003   0.8725893190E+001
     15600   0.9329441093E+003   0.8724039251E+001
     15700   0.9356198557E+003   0.8374841771E+001
     15800   0.9301996897E+003   0.8381690686E+001
     15900   0.9212747889E+003   0.8739566679E+001
     16000   0.9288137893E+003   0.8729484238E+001
     16100   0.9263038128E+003   0.8732820207E+001
     16200   0.9338865232E+003   0.8722804564E+001
     16300   0.9302393533E+003   0.8381640237E+001
     16400   0.9430994854E+003   0.8365537759E+001
     16500   0.9382378665E+003   0.8371565959E+001
     16600   0.9269398624E+003   0.8385853839E+001
     16700   0.9208892825E+003   0.8740087312E+001
     16800   0.9187404727E+003   0.8396474658E+001
     16900   0.9146397817E+003   0.8401868069E+001
     17000   0.9228333537E+003   0.8391146123E+001
     17100   0.9235534220E+003   0.8736499481E+001
     17200   0.9323407855E+003   0.8724831180E+001
     17300   0.9334932281E+003   0.8377518161E+001
     17400   0.9282384577E+003   0.8037875128E+001
     17500   0.9317432960E+003   0.8379730929E+001
     17600   0.9272347411E+003   0.8039110292E+001
     17700   0.9216305237E+003   0.8046063310E+001
     17800   0.9304906929E+003   0.8035114620E+001
     17900   0.9336062338E+003   0.8377375592E+001
     18000   0.9328804125E+003   0.8032202233E+001
     18100   0.9252491426E+003   0.8388026266E+001
     18200   0.9260106887E+003   0.8040620739E+001
     18300   0.9278612404E+003   0.8384673754E+001
     18400   0.9288267640E+003   0.8037152581E+001
     18500   0.9395676041E+003   0.8369910078E+001
     18600   0.9207897762E+003   0.8393799896E+001
     18700   0.9231814879E+003   0.8044129411E+001
     18800   0.9261324192E+003   0.8386890203E+001
     18900   0.9293840459E+003   0.8382729225E+001
     19000   0.9341509396E+003   0.8376688938E+001
     19100   0.9237906723E+003   0.8043371848E+001
     19200   0.9248363048E+003   0.8388558104E+001
     19300   0.9222802851E+003   0.8045252217E+001
     19400   0.9296591209E+003   0.8036132079E+001
     19500   0.9286253434E+003   0.8383697132E+001
     19600   0.9249861221E+003   0.8041888537E+001
     19700   0.9235092591E+003   0.8043721663E+001
     19800   0.9316125776E+003   0.8033745238E+001
     19900   0.9356595120E+003   0.8028836644E+001
     20000   0.9345547352E+003   0.8030171833E+001
     20100   0.9343722178E+003   0.8030392763E+001
     20200   0.9224133163E+003   0.8391690483E+001
     20300   0.9371955629E+003   0.8026986199E+001
     20400   0.9302655345E+003   0.8035389905E+001
     20500   0.9189394437E+003   0.8049436535E+001
     20600   0.9265495283E+003   0.7693294473E+001
     20700   0.9306615745E+003   0.7688448090E+001
     20800   0.9355602130E+003   0.7682738096E+001
     20900   0.9336236175E+003   0.7338415356E+001
     21000   0.9275086200E+003   0.7345285049E+001
     21100   0.9303274467E+003   0.7688840061E+001
     21200   0.9327513555E+003   0.7339388980E+001
     21300   0.9196160930E+003   0.7354306198E+001
     21400   0.9310334426E+003   0.7341312619E+001
     21500   0.9312427428E+003   0.6994128181E+001
     21600   0.9280792992E+003   0.7344639562E+001
     21700   0.9313834099E+003   0.6993977447E+001
     21800   0.9336126921E+003   0.6991595545E+001
     21900   0.9318781152E+003   0.6993447749E+001
     22000   0.9303413264E+003   0.6995095347E+001
     22100   0.9306809319E+003   0.6994730720E+001
     22200   0.9227300918E+003   0.6655706333E+001
     22300   0.9250885018E+003   0.6653252975E+001
     22400   0.9329287560E+003   0.6645198972E+001
     22500   0.9241886538E+003   0.6654187360E+001
     22600   0.9365933212E+003   0.6641487317E+001
     22700   0.9311652537E+003   0.6646997038E+001
     22800   0.9402408502E+003   0.6637825715E+001
     22900   0.9254315468E+003   0.7000401082E+001
     23000   0.9287572957E+003   0.6649464801E+001
     23100   0.9366422111E+003   0.6988379370E+001
     23200   0.9227890526E+003   0.7003283425E+001
     23300   0.9300042740E+003   0.6995457535E+001
     23400   0.9373144647E+003   0.6987668916E+001
     23500   0.9343901556E+003   0.6990767908E+001
     23600   0.9247741650E+003   0.7001116371E+001
     23700   0.9227640679E+003   0.6655670887E+001
     23800   0.9297167350E+003   0.6648479781E+001
     23900   0.9203888513E+003   0.6658156070E+001
     24000   0.9264766573E+003   0.6651815614E+001
     24100   0.9265721091E+003   0.6651716959E+001
     24200   0.9212008149E+003   0.7005024926E+001
     24300   0.9239331195E+003   0.6654453081E+001
     24400   0.9372227065E+003   0.6293681695E+001
     24500   0.9249348381E+003   0.6305620092E+001
     24600   0.9267349660E+003   0.6651548692E+001
     24700   0.9338767642E+003   0.6296896897E+001
     24800   0.9259559067E+003   0.6652354245E+001
     24900   0.9410461094E+003   0.6637021715E+001
     25000   0.9369188511E+003   0.6293972594E+001
     25100   0.9267133541E+003   0.6303869734E+001
     25200   0.9283585216E+003   0.6302257443E+001
     25300   0.9318585865E+003   0.6298848981E+001
     25400   0.9213795478E+003   0.6657117724E+001
     25500   0.9351449223E+003   0.6295675197E+001
     25600   0.9403893993E+003   0.6290662804E+001
     25700   0.9335855721E+003   0.6297177957E+001
     25800   0.9386894457E+003   0.6292280521E+001
     25900   0.9288564840E+003   0.6301770720E+001
     26000   0.9265780386E+003   0.6651710832E+001
     26100   0.9383399787E+003   0.6292613912E+001
     26200   0.9296259366E+003   0.6648572901E+001
     26300   0.9364457737E+003   0.6294425929E+001
     26400   0.9452502925E+003   0.6632849481E+001
     26500   0.9424407339E+003   0.6288719573E+001
     26600   0.9242698658E+003   0.6306276518E+001
     26700   0.9297744096E+003   0.6648420643E+001
     26800   0.9334218511E+003   0.6297336069E+001
     26900   0.9261624458E+003   0.6304411097E+001
     27000   0.9276202665E+003   0.6302980136E+001
     27100   0.9294433850E+003   0.6301197832E+001
     27200   0.9314044571E+003   0.6646752690E+001
     27300   0.9260867286E+003   0.6304485561E+001
     27400   0.9283920806E+003   0.6649840366E+001
     27500   0.9313437272E+003   0.6299348527E+001
     27600   0.9285775268E+003   0.6302043308E+001
     27700   0.9337734550E+003   0.6644340466E+001
     27800   0.9372448455E+003   0.6293660508E+001
     27900   0.9303310347E+003   0.6300332947E+001
     28000   0.9227302105E+003   0.6655706209E+001
     28100   0.9286195238E+003   0.6649606437E+001
     28200   0.9226831084E+003   0.6655755354E+001
     28300   0.9190522518E+003   0.6311464840E+001
     28400   0.9263229678E+003   0.6304253280E+001
     28500   0.9198868619E+003   0.5962312187E+001
     28600   0.9248610515E+003   0.5957633222E+001
     28700   0.9324286354E+003   0.6298296621E+001
     28800   0.9267320039E+003   0.5955888195E+001
     28900   0.9238612342E+003   0.6306680434E+001
     29000   0.9259643600E+003   0.5956603195E+001
     29100   0.9228531411E+003   0.6307678645E+001
     29200   0.9214244240E+003   0.6309097643E+001
     29300   0.9336934923E+003   0.5949465490E+001
     29400   0.9321194067E+003   0.5950908148E+001
     29500   0.9292926763E+003   0.5953512902E+001
     29600   0.9245225770E+003   0.5957949779E+001
     29700   0.9255485869E+003   0.5608703232E+001
     29800   0.9322489042E+003   0.5950789253E+001
     29900   0.9319875706E+003   0.5603073237E+001
     30000   0.9373210318E+003   0.5598476835E+001
     30100   0.9366607213E+003   0.5599042647E+001
     30200   0.9297547303E+003   0.5953085893E+001
     30300   0.9306662585E+003   0.5604221270E+001
     30400   0.9198049144E+003   0.5613801533E+001
     30500   0.9275781142E+003   0.5606919034E+001
     30600   0.9232079750E+003   0.5959181779E+001
     30700   0.9322719387E+003   0.5602826649E+001
     30800   0.9245009079E+003   0.5957970054E+001
     30900   0.9348428993E+003   0.5948415561E+001
     31000   0.9245945301E+003   0.5609545063E+001
     31100   0.9270940294E+003   0.5607343790E+001
     31200   0.9260441358E+003   0.5608266759E+001
     31300   0.9288581269E+003   0.5605798339E+001
     31400   0.9225009157E+003   0.5611399400E+001
     31500   0.9209311007E+003   0.5264001539E+001
     31600   0.9235321507E+003   0.5261827379E+001
     31700   0.9311067185E+003   0.5255575181E+001
     31800   0.9336402078E+003   0.5253509899E+001
     31900   0.9301587805E+003   0.5256351245E+001
     32000   0.9240697589E+003   0.5261379753E+001
     32100   0.9194017597E+003   0.5614162132E+001
     32200   0.9241635573E+003   0.5261301716E+001
     32300   0.9263518133E+003   0.5259486286E+001
     32400   0.9300166584E+003   0.5604787049E+001
     32500   0.9167854637E+003   0.5616511097E+001
     32600   0.9262359558E+003   0.5259582158E+001
     32700   0.9262801527E+003   0.5259545582E+001
     32800   0.9365808747E+003   0.5251128717E+001
     32900   0.9223871024E+003   0.5611500482E+001
     33000   0.9302948265E+003   0.5256239755E+001
     33100   0.9357673667E+003   0.5599809606E+001
     33200   0.9240068383E+003   0.5261432112E+001
     33300   0.9274912300E+003   0.5258544884E+001
     33400   0.9257523280E+003   0.5259982656E+001
     33500   0.9276968529E+003   0.5258375278E+001
     33600   0.9194108303E+003   0.5265278834E+001
     33700   0.9352940563E+003   0.4903859877E+001
     33800   0.9398550063E+003   0.4900422105E+001
     33900   0.9291056500E+003   0.4908586155E+001
     34000   0.9278133552E+003   0.4909582240E+001
     34100   0.9102873760E+003   0.4923411951E+001
     34200   0.9315182979E+003   0.5255238790E+001
     34300   0.9228768764E+003   0.5262373784E+001
     34400   0.9246547361E+003   0.4912030299E+001
     34500   0.9321006030E+003   0.4906289843E+001
     34600   0.9213347397E+003   0.5263663224E+001
     34700   0.9289700608E+003   0.4908690516E+001
     34800   0.9216491275E+003   0.5263399951E+001
     34900   0.9229567539E+003   0.5262307130E+001
     35000   0.9388020384E+003   0.5249341455E+001
     35100   0.9408226702E+003   0.4899697639E+001
     35200   0.9291882510E+003   0.4908522595E+001
     35300   0.9364001132E+003   0.4903022677E+001
     35400   0.9303987659E+003   0.4558767868E+001
     35500   0.9324832342E+003   0.4557281912E+001
     35600   0.9350840734E+003   0.4555438487E+001
     35700   0.9233151687E+003   0.4563875077E+001
     35800   0.9338550874E+003   0.4556308103E+001
     35900   0.9405470848E+003   0.4551604389E+001
     36000   0.9320402834E+003   0.4557597041E+001
     36100   0.9298703974E+003   0.4559145740E+001
     36200   0.9328399923E+003   0.4557028352E+001
     36300   0.9425902706E+003   0.4550183483E+001
     36400   0.9301584092E+003   0.4558939702E+001
     36500   0.9246750295E+003   0.4213495684E+001
     36600   0.9257594876E+003   0.4212768597E+001
     36700   0.9319693966E+003   0.4208642442E+001
     36800   0.9346782949E+003   0.4206862197E+001
     36900   0.9289808283E+003   0.4210620292E+001
     37000   0.9361435054E+003   0.4205904202E+001
     37100   0.9339024312E+003   0.4207370874E+001
     37200   0.9316244846E+003   0.4208869964E+001
     37300   0.9350403536E+003   0.4555469377E+001
     37400   0.9362193925E+003   0.4205854678E+001
     37500   0.9281319862E+003   0.4560392473E+001
     37600   0.9394684412E+003   0.4203742954E+001
     37700   0.9233944121E+003   0.4563817446E+001
     37800   0.9370055794E+003   0.4205342157E+001
     37900   0.9347679620E+003   0.4206803472E+001
     38000   0.9289010601E+003   0.4210673283E+001
     38100   0.9217713955E+003   0.4215452124E+001
     38200   0.9261755290E+003   0.3862913457E+001
     38300   0.9369057919E+003   0.4205407154E+001
     38400   0.9211361688E+003   0.4215882022E+001
     38500   0.9321654756E+003   0.3859255723E+001
     38600   0.9243377749E+003   0.3864046581E+001
     38700   0.9310404434E+003   0.4209255669E+001
     38800   0.9258156672E+003   0.3863134935E+001
     38900   0.9367482571E+003   0.3856493452E+001
     39000   0.9334911252E+003   0.3509003536E+001
     39100   0.9285679672E+003   0.3511733078E+001
     39200   0.9417493383E+003   0.3853514166E+001
     39300   0.9320776672E+003   0.3509783814E+001
     39400   0.9311835969E+003   0.3859851606E+001
     39500   0.9329156005E+003   0.3858801456E+001
     39600   0.9282833409E+003   0.3861620156E+001
     39700   0.9403634023E+003   0.3854336173E+001
     39800   0.9320827104E+003   0.3509781025E+001
     39900   0.9348895848E+003   0.3508234199E+001
     40000   0.9219551965E+003   0.3865523356E+001
     40100   0.9239136799E+003   0.3514344268E+001
     40200   0.9241819919E+003   0.3864142872E+001
     40300   0.9245198430E+003   0.3514002483E+001
     40400   0.9235847220E+003   0.3514529967E+001
     40500   0.9240466652E+003   0.3514269240E+001
     40600   0.9214866852E+003   0.3515717903E+001
     40700   0.9250040665E+003   0.3163558554E+001
     40800   0.9293334549E+003   0.3511306491E+001
     40900   0.9332085573E+003   0.3509159306E+001
     41000   0.9263661616E+003   0.3512964601E+001
     41100   0.9270995164E+003   0.3512553672E+001
     41200   0.9353491369E+003   0.3158368296E+001
     41300   0.9376645990E+003   0.3157224578E+001
     41400   0.9313747356E+003   0.3510172868E+001
     41500   0.9239833516E+003   0.3514304958E+001
     41600   0.9290766024E+003   0.3511449538E+001
     41700   0.9309118743E+003   0.3510429418E+001
     41800   0.9341283163E+003   0.3158973936E+001
     41900   0.9343934850E+003   0.3158842233E+001
     42000   0.9310546457E+003   0.3510350253E+001
     42100   0.9286222821E+003   0.3161728152E+001
     42200   0.9270969889E+003   0.3512555087E+001
     42300   0.9313922015E+003   0.3160337919E+001
     42400   0.9324740559E+003   0.3159797505E+001
     42500   0.9310197866E+003   0.3510369579E+001
     42600   0.9294367606E+003   0.3161318375E+001
     42700   0.9288995171E+003   0.3511548214E+001
     42800   0.9316309026E+003   0.3160218558E+001
     42900   0.9171589633E+003   0.2816711403E+001
     43000   0.9212562820E+003   0.2814827472E+001
     43100   0.9190027087E+003   0.2815861265E+001
     43200   0.9351957504E+003   0.2808559966E+001
     43300   0.9197067242E+003   0.2815537683E+001
     43400   0.9270660677E+003   0.2461598714E+001
     43500   0.9301126740E+003   0.2810820450E+001
     43600   0.9278918319E+003   0.2461272187E+001
     43700   0.9343885300E+003   0.2458726340E+001
     43800   0.9257084179E+003   0.2462137017E+001
     43900   0.9352311452E+003   0.2458399120E+001
     44000   0.9341187565E+003   0.2108362459E+001
     44100   0.9353562407E+003   0.2458350598E+001
     44200   0.9374009668E+003   0.2457559601E+001
     44300   0.9419251303E+003   0.2105775835E+001
     44400   0.9350975630E+003   0.2458450950E+001
     44500   0.9355424344E+003   0.2458278406E+001
     44600   0.9247214015E+003   0.2462529506E+001
     44700   0.9346824779E+003   0.2108174009E+001
     44800   0.9307333231E+003   0.2109499711E+001
     44900   0.9342426617E+003   0.2108321016E+001
     45000   0.9225319770E+003   0.2463403582E+001
     45100   0.9328831829E+003   0.2108776420E+001
     45200   0.9237364536E+003   0.2462922133E+001
     45300   0.9337357701E+003   0.2458980298E+001
     45400   0.9180534648E+003   0.2113845000E+001
     45500   0.9284983525E+003   0.2110255716E+001
     45600   0.9348977389E+003   0.1757412230E+001
     45700   0.9302569717E+003   0.2109660492E+001
     45800   0.9253805458E+003   0.1760100436E+001
     45900   0.9339050806E+003   0.1757689674E+001
     46000   0.9241659399E+003   0.2111733183E+001
     46100   0.9297662724E+003   0.1758853794E+001
     46200   0.9180974902E+003   0.2113829674E+001
     46300   0.9250933611E+003   0.1760182543E+001
     46400   0.9274206358E+003   0.1759518854E+001
     46500   0.9200660026E+003   0.1761629430E+001
     46600   0.9186080085E+003   0.2113652075E+001
     46700   0.9208963582E+003   0.1761389197E+001
     46800   0.9285805296E+003   0.1759189506E+001
     46900   0.9290985692E+003   0.1407767232E+001
     47000   0.9328184200E+003   0.1757994169E+001
     47100   0.9299320655E+003   0.1758806933E+001
     47200   0.9137396008E+003   0.1763476258E+001
     47300   0.9204557302E+003   0.1409752873E+001
     47400   0.9366564613E+003   0.1406065347E+001
     47500   0.9307831224E+003   0.1758566683E+001
     47600   0.9193025837E+003   0.1761850737E+001
     47700   0.9291727748E+003   0.1759021704E+001
     47800   0.9269734538E+003   0.1759646084E+001
     47900   0.9332011361E+003   0.1757886835E+001
     48000   0.9315230477E+003   0.1758358215E+001
     48100   0.9249734703E+003   0.1408709622E+001
     48200   0.9309864372E+003   0.1407339145E+001
     48300   0.9255277087E+003   0.1408582443E+001
     48400   0.9289410893E+003   0.1407803032E+001
     48500   0.9250334766E+003   0.1408695844E+001
     48600   0.9148812410E+003   0.1411056520E+001
     48700   0.9246302116E+003   0.1408788477E+001
     48800   0.9291869522E+003   0.1056210407E+001
     48900   0.9241536301E+003   0.1057076438E+001
     49000   0.9274651139E+003   0.1408139246E+001
     49100   0.9192327936E+003   0.1410037309E+001
     49200   0.9330936682E+003   0.1055545624E+001
     49300   0.9290002562E+003   0.1056242337E+001
     49400   0.9259582446E+003   0.1408483770E+001
     49500   0.9313246321E+003   0.1407262668E+001
     49600   0.9325286827E+003   0.1055641368E+001
     49700   0.9326058824E+003   0.7040178139E+000
     49800   0.9241789865E+003   0.7049834846E+000
     49900   0.9166206752E+003   0.7058670403E+000
     50000   0.9335969177E+003   0.7039055648E+000
     50100   0.9384235600E+003   0.7033627725E+000
     50200   0.9295428719E+003   0.7043664852E+000
     50300   0.9297499004E+003   0.7043428353E+000
     50400   0.9318058202E+003   0.7041086328E+000
     50500   0.9273772933E+003   0.3524411908E+000
     50600   0.9197548024E+003   0.7054986340E+000
     50700   0.9319675911E+003   0.7040902550E+000
     50800   0.9301975843E+003   0.3522792304E+000
     50900   0.9283950093E+003   0.7044978319E+000
     51000   0.9227511125E+003   0.3527093286E+000
     51100   0.9297809009E+003   0.7043392950E+000
     51200   0.9258667671E+003   0.3525284030E+000
     51300   0.9281285714E+003   0.7045283731E+000
     51400   0.9294218825E+003   0.3523236637E+000
     51500   0.9284473505E+003   0.3523796074E+000
     51600   0.9227054475E+003   0.7051544305E+000
     51700   0.9242466403E+003   0.7049756511E+000
     51800   0.9282309809E+003   0.7045166318E+000
     51900   0.9331461235E+003   0.7039565898E+000
     52000   0.9221184758E+003   0.3527462379E+000
     52100   0.9288664757E+003   0.3523555307E+000
     52200   0.9245165032E+003   0.7049444174E+000
     52300   0.9315714438E+003   0.7041352720E+000
     52400   0.9332700852E+003   0.3521040682E+000
     52500   0.9219554983E+003   0.7052416742E+000
     52600   0.9229587874E+003   0.3526972252E+000
     52700   0.9331640314E+003   0.3521100922E+000
     52800   0.9299770353E+003   0.3522918551E+000
     52900   0.9327145601E+003   0.7040054911E+000
     53000   0.9307759145E+003   0.3522461583E+000
     53100   0.9193294999E+003   0.7055484571E+000
     53200   0.9325747809E+003   0.3521435910E+000
     53300   0.9284561036E+003   0.7044908317E+000
     53400   0.9350518215E+003   0.3520030986E+000
     53500   0.9236515214E+003   0.7050446038E+000
     53600   0.9258310843E+003   0.3525304671E+000
     53700   0.9264709448E+003   0.3524934807E+000
     53800   0.9259120711E+003   0.7047832304E+000
     53900   0.9382896770E+003   0.3518207402E+000
     54000   0.9243892744E+003   0.3526140256E+000
     54100   0.9316107238E+003   0.3521985027E+000
     54200   0.9318967358E+003   0.7040983035E+000
     54300   0.9359407114E+003   0.3519528911E+000
     54400   0.9254334351E+003   0.7048384494E+000
     54500   0.9337528823E+003   0.7038879245E+000
     54600   0.9268244135E+003   0.3524730740E+000
     54700   0.9397189333E+003   0.3517407029E+000
     54800   0.9321894723E+003   0.3521655221E+000
     54900   0.9342797922E+003   0.3520467945E+000
     55000   0.9288225768E+003   0.3523580513E+000
     55100   0.9232310330E+003   0.3526813680E+000
     55200   0.9205791647E+003   0.3528362886E+000
     55300   0.9317855508E+003   0.0000000000E+000
     55400   0.9264947622E+003   0.3524921051E+000
     55500   0.9313323831E+003   0.3522143810E+000
     55600   0.9260297704E+003   0.0000000000E+000
     55700   0.9317502214E+003   0.0000000000E+000
     55800   0.9268807416E+003   0.3524698237E+000
     55900   0.9443677254E+003   0.0000000000E+000
     56000   0.9338190877E+003   0.0000000000E+000
     56100   0.9225970657E+003   0.3527183107E+000
     56200   0.9309318486E+003   0.3522372492E+000
     56300   0.9371627751E+003   0.0000000000E+000
     56400   0.9226299733E+003   0.3527163916E+000
     56500   0.9332574080E+003   0.3521047882E+000
     56600   0.9270829145E+003   0.0000000000E+000
     56700   0.9233131187E+003   0.3526765890E+000
     56800   0.9360744820E+003   0.3519453448E+000
     56900   0.9197847699E+003   0.0000000000E+000
     57000   0.9323929788E+003   0.3521539363E+000
     57100   0.9392440559E+003   0.0000000000E+000
     57200   0.9238660521E+003   0.0000000000E+000
     57300   0.9304443382E+003   0.3522651139E+000
     57400   0.9320408636E+003   0.3521739862E+000
     57500   0.9413148745E+003   0.0000000000E+000
     57600   0.9305812596E+003   0.3522572845E+000
     57700   0.9381639043E+003   0.0000000000E+000
     57800   0.9337301277E+003   0.0000000000E+000
     57900   0.9433918689E+003   0.3515362992E+000
     58000   0.9318283753E+003   0.3521860940E+000
     58100   0.9281347289E+003   0.0000000000E+000
     58200   0.9280304170E+003   0.3524035831E+000
     58300   0.9389745139E+003   0.0000000000E+000
     58400   0.9334489275E+003   0.3520939133E+000
     58500   0.9343747781E+003   0.0000000000E+000
     58600   0.9292764371E+003   0.3523320045E+000
     58700   0.9257975852E+003   0.0000000000E+000
     58800   0.9272905814E+003   0.0000000000E+000
     58900   0.9417397412E+003   0.0000000000E+000
     59000   0.9247901916E+003   0.0000000000E+000
     59100   0.9265558691E+003   0.0000000000E+000
     59200   0.9319231918E+003   0.0000000000E+000
     59300   0.9282654503E+003   0.3523900645E+000
     59400   0.9296202355E+003   0.3523122936E+000
     59500   0.9302618595E+003   0.3522755525E+000
     59600   0.9322365775E+003   0.3521628398E+000
     59700   0.9227752885E+003   0.3527079193E+000
     59800   0.9333612436E+003   0.3520988916E+000
     59900   0.9338928594E+003   0.3520687257E+000
     60000   0.9311757357E+003   0.3522233220E+000
     60100   0.9262306425E+003   0.3525073642E+000
     60200   0.9308071165E+003   0.3522443754E+000
     60300   0.9372537881E+003   0.0000000000E+000
     60400   0.9298422521E+003   0.3522995738E+000
     60500   0.9247921430E+003   0.3525906476E+000
     60600   0.9401455308E+003   0.0000000000E+000
     60700   0.9279255394E+003   0.0000000000E+000
     60800   0.9379176756E+003   0.3518416180E+000
     60900   0.9284595961E+003   0.0000000000E+000
     61000   0.9444263882E+003   0.3514790564E+000
     61100   0.9383699526E+003   0.3518162374E+000
     61200   0.9182950387E+003   0.3529705531E+000
     61300   0.9322435062E+003   0.3521624453E+000
     61400   0.9253081846E+003   0.0000000000E+000
     61500   0.9310454752E+003   0.3522307595E+000
     61600   0.9365466359E+003   0.0000000000E+000
     61700   0.9319262237E+003   0.3521805177E+000
     61800   0.9327904557E+003   0.3521313243E+000
     61900   0.9311549222E+003   0.3522245102E+000
     62000   0.9285818390E+003   0.0000000000E+000
     62100   0.9282654575E+003   0.3523900641E+000
     62200   0.9318751982E+003   0.0000000000E+000
     62300   0.9362185584E+003   0.3519372199E+000
     62400   0.9213571170E+003   0.3527907345E+000
     62500   0.9301026979E+003   0.0000000000E+000
     62600   0.9336780002E+003   0.0000000000E+000
     62700   0.9213862467E+003   0.0000000000E+000
     62800   0.9253449309E+003   0.0000000000E+000
     62900   0.9314295016E+003   0.0000000000E+000
     63000   0.9287614180E+003   0.0000000000E+000
     63100   0.9333162589E+003   0.0000000000E+000
     63200   0.9289226532E+003   0.0000000000E+000
     63300   0.9291637606E+003   0.0000000000E+000
     63400   0.9328944178E+003   0.0000000000E+000
     63500   0.9341900165E+003   0.0000000000E+000
     63600   0.9359617645E+003   0.0000000000E+000
     63700   0.9406410465E+003   0.0000000000E+000
     63800   0.9343517844E+003   0.0000000000E+000
     63900   0.9310706170E+003   0.0000000000E+000
     64000   0.9274774989E+003   0.0000000000E+000
     64100   0.9261940091E+003   0.0000000000E+000
     64200   0.9416677269E+003   0.0000000000E+000
     64300   0.9351113613E+003   0.0000000000E+000
     64400   0.9270971429E+003   0.0000000000E+000
     64500   0.9356857933E+003   0.0000000000E+000
     64600   0.9308726071E+003   0.0000000000E+000
     64700   0.9385591946E+003   0.0000000000E+000
     64800   0.9345438902E+003   0.0000000000E+000
     64900   0.9284117973E+003   0.0000000000E+000
     65000   0.9273288886E+003   0.0000000000E+000
     65100   0.9247882708E+003   0.0000000000E+000
     65200   0.9299846438E+003   0.0000000000E+000
     65300   0.9264804552E+003   0.0000000000E+000
     65400   0.9260186725E+003   0.0000000000E+000
     65500   0.9269561748E+003   0.0000000000E+000
     65600   0.9274336215E+003   0.0000000000E+000
     65700   0.9420254313E+003   0.0000000000E+000
     65800   0.9279269835E+003   0.0000000000E+000
     65900   0.9280084564E+003   0.0000000000E+000
     66000   0.9239725014E+003   0.0000000000E+000
     66100   0.9201476371E+003   0.0000000000E+000
     66200   0.9271911467E+003   0.0000000000E+000
     66300   0.9321457848E+003   0.0000000000E+000
     66400   0.9264413637E+003   0.0000000000E+000
     66500   0.9300322440E+003   0.0000000000E+000
     66600   0.9263016089E+003   0.0000000000E+000
     66700   0.9238234512E+003   0.0000000000E+000
     66800   0.9165042126E+003   0.0000000000E+000
     66900   0.9320713410E+003   0.0000000000E+000
     67000   0.9266612499E+003   0.0000000000E+000
     67100   0.9319814319E+003   0.0000000000E+000
     67200   0.9295979406E+003   0.0000000000E+000
     67300   0.9289437315E+003   0.0000000000E+000
     67400   0.9319178907E+003   0.0000000000E+000
     67500   0.9264217850E+003   0.0000000000E+000
     67600   0.9302340400E+003   0.0000000000E+000
     67700   0.9229709661E+003   0.0000000000E+000
     67800   0.9260675848E+003   0.0000000000E+000
     67900   0.9247438507E+003   0.0000000000E+000
     68000   0.9283624536E+003   0.0000000000E+000
     68100   0.9239500865E+003   0.0000000000E+000
     68200   0.9283528341E+003   0.0000000000E+000
     68300   0.9169189059E+003   0.0000000000E+000
     68400   0.9289864863E+003   0.0000000000E+000
     68500   0.9241523550E+003   0.0000000000E+000
     68600   0.9144432873E+003   0.0000000000E+000
     68700   0.9201953401E+003   0.0000000000E+000
     68800   0.9204290015E+003   0.0000000000E+000
     68900   0.9286022972E+003   0.0000000000E+000
     69000   0.9362549199E+003   0.0000000000E+000
     69100   0.9201770261E+003   0.0000000000E+000
     69200   0.9203015086E+003   0.0000000000E+000
     69300   0.9231517463E+003   0.0000000000E+000
     69400   0.9220080002E+003   0.0000000000E+000
     69500   0.9192893641E+003   0.0000000000E+000
     69600   0.9371797894E+003   0.0000000000E+000
     69700   0.9217841521E+003   0.0000000000E+000
     69800   0.9369459965E+003   0.0000000000E+000
     69900   0.9247747417E+003   0.0000000000E+000
     70000   0.9229097481E+003   0.0000000000E+000
     70100   0.9294598246E+003   0.0000000000E+000
     70200   0.9112533490E+003   0.0000000000E+000
     70300   0.9210043909E+003   0.0000000000E+000
     70400   0.9249839462E+003   0.0000000000E+000
     70500   0.9294179612E+003   0.0000000000E+000
     70600   0.9209182568E+003   0.0000000000E+000
     70700   0.9288839945E+003   0.0000000000E+000
     70800   0.9338148874E+003   0.0000000000E+000
     70900   0.9328744741E+003   0.0000000000E+000
     71000   0.9259141460E+003   0.0000000000E+000
     71100   0.9347830459E+003   0.0000000000E+000
     71200   0.9300267671E+003   0.0000000000E+000
     71300   0.9257217036E+003   0.0000000000E+000
     71400   0.9281963390E+003   0.0000000000E+000
     71500   0.9287893284E+003   0.0000000000E+000
     71600   0.9321112306E+003   0.0000000000E+000
     71700   0.9263443208E+003   0.0000000000E+000
     71800   0.9416862537E+003   0.0000000000E+000
     71900   0.9243739790E+003   0.0000000000E+000
     72000   0.9360717312E+003   0.0000000000E+000
     72100   0.9344157523E+003   0.0000000000E+000
     72200   0.9401476125E+003   0.0000000000E+000
     72300   0.9245735483E+003   0.0000000000E+000
     72400   0.9225443885E+003   0.0000000000E+000
     72500   0.9315460843E+003   0.0000000000E+000
     72600   0.9285568903E+003   0.0000000000E+000
     72700   0.9321910911E+003   0.0000000000E+000
     72800   0.9331612673E+003   0.0000000000E+000
     72900   0.9257971916E+003   0.0000000000E+000
     73000   0.9241060688E+003   0.0000000000E+000
     73100   0.9260135962E+003   0.0000000000E+000
     73200   0.9311145960E+003   0.0000000000E+000
     73300   0.9348581405E+003   0.0000000000E+000
     73400   0.9322850842E+003   0.0000000000E+000
     73500   0.9287112664E+003   0.0000000000E+000
     73600   0.9166525094E+003   0.0000000000E+000
     73700   0.9355504527E+003   0.0000000000E+000
     73800   0.9304445770E+003   0.0000000000E+000
     73900   0.9394081183E+003   0.0000000000E+000
     74000   0.9351406772E+003   0.0000000000E+000
     74100   0.9290185873E+003   0.0000000000E+000
     74200   0.9340543136E+003   0.0000000000E+000
     74300   0.9341693002E+003   0.0000000000E+000
     74400   0.9348748671E+003   0.0000000000E+000
     74500   0.9314201032E+003   0.0000000000E+000
     74600   0.9287907596E+003   0.0000000000E+000
     74700   0.9299095538E+003   0.0000000000E+000
     74800   0.9346360544E+003   0.0000000000E+000
     74900   0.9347936089E+003   0.0000000000E+000
     75000   0.9308781510E+003   0.0000000000E+000
     75100   0.9293231124E+003   0.0000000000E+000
     75200   0.9340144175E+003   0.0000000000E+000
     75300   0.9352926339E+003   0.0000000000E+000
     75400   0.9290270827E+003   0.0000000000E+000
     75500   0.9254563287E+003   0.0000000000E+000
     75600   0.9317363487E+003   0.0000000000E+000
     75700   0.9248506181E+003   0.0000000000E+000
     75800   0.9328594347E+003   0.0000000000E+000
     75900   0.9328760104E+003   0.0000000000E+000
     76000   0.9290400972E+003   0.0000000000E+000
     76100   0.9286568669E+003   0.0000000000E+000
     76200   0.9266632114E+003   0.0000000000E+000
     76300   0.9331182457E+003   0.0000000000E+000
     76400   0.9344272653E+003   0.0000000000E+000
     76500   0.9263922277E+003   0.0000000000E+000
     76600   0.9320560713E+003   0.0000000000E+000
     76700   0.9351727950E+003   0.0000000000E+000
     76800   0.9255011060E+003   0.0000000000E+000
     76900   0.9288495459E+003   0.0000000000E+000
     77000   0.9281219702E+003   0.0000000000E+000
     77100   0.9348968760E+003   0.0000000000E+000
     77200   0.9269805937E+003   0.0000000000E+000
     77300   0.9238864603E+003   0.0000000000E+000
     77400   0.9232416047E+003   0.0000000000E+000
     77500   0.9275025673E+003   0.0000000000E+000
     77600   0.9173545218E+003   0.0000000000E+000
     77700   0.9220022476E+003   0.0000000000E+000
     77800   0.9221776430E+003   0.0000000000E+000
     77900   0.9284565013E+003   0.0000000000E+000
     78000   0.9287170664E+003   0.0000000000E+000
     78100   0.9250687393E+003   0.0000000000E+000
     78200   0.9182532154E+003   0.0000000000E+000
     78300   0.9207059686E+003   0.0000000000E+000
     78400   0.9285734224E+003   0.0000000000E+000
     78500   0.9322500856E+003   0.0000000000E+000
     78600   0.9234427631E+003   0.0000000000E+000
     78700   0.9279439177E+003   0.0000000000E+000
     78800   0.9289869650E+003   0.0000000000E+000
     78900   0.9258215518E+003   0.0000000000E+000
     79000   0.9319230693E+003   0.0000000000E+000
     79100   0.9285709340E+003   0.0000000000E+000
     79200   0.9330365404E+003   0.0000000000E+000
     79300   0.9306991073E+003   0.0000000000E+000
     79400   0.9345200223E+003   0.0000000000E+000
     79500   0.9334581345E+003   0.0000000000E+000
     79600   0.9297934701E+003   0.0000000000E+000
     79700   0.9387198463E+003   0.0000000000E+000
     79800   0.9268813751E+003   0.0000000000E+000
     79900   0.9316517197E+003   0.0000000000E+000
     80000   0.9296032242E+003   0.0000000000E+000
     80100   0.9310218879E+003   0.0000000000E+000
     80200   0.9337653338E+003   0.0000000000E+000
     80300   0.9340314962E+003   0.0000000000E+000
     80400   0.9172190983E+003   0.0000000000E+000
     80500   0.9339620389E+003   0.0000000000E+000
     80600   0.9266594156E+003   0.0000000000E+000
     80700   0.9363782763E+003   0.0000000000E+000
     80800   0.9357158533E+003   0.0000000000E+000
     80900   0.9300074688E+003   0.0000000000E+000
     81000   0.9185995788E+003   0.0000000000E+000
     81100   0.9368460247E+003   0.0000000000E+000
     81200   0.9259695731E+003   0.0000000000E+000
     81300   0.9269521134E+003   0.0000000000E+000
     81400   0.9266682923E+003   0.3524820851E+000
     81500   0.9275462554E+003   0.0000000000E+000
     81600   0.9271972643E+003   0.0000000000E+000
     81700   0.9288641209E+003   0.0000000000E+000
     81800   0.9322792961E+003   0.0000000000E+000
     81900   0.9246088960E+003   0.0000000000E+000
     82000   0.9171364106E+003   0.0000000000E+000
     82100   0.9249807650E+003   0.3525797101E+000
     82200   0.9255447470E+003   0.0000000000E+000
     82300   0.9329748834E+003   0.0000000000E+000
     82400   0.9377141113E+003   0.0000000000E+000
     82500   0.9293229775E+003   0.0000000000E+000
     82600   0.9198560706E+003   0.0000000000E+000
     82700   0.9211420683E+003   0.0000000000E+000
     82800   0.9169776793E+003   0.0000000000E+000
     82900   0.9244098654E+003   0.0000000000E+000
     83000   0.9229640687E+003   0.3526969175E+000
     83100   0.9206872693E+003   0.0000000000E+000
     83200   0.9367755285E+003   0.0000000000E+000
     83300   0.9287503664E+003   0.3523621981E+000
     83400   0.9342292220E+003   0.0000000000E+000
     83500   0.9288218630E+003   0.0000000000E+000
     83600   0.9200353762E+003   0.0000000000E+000
     83700   0.9279381192E+003   0.0000000000E+000
     83800   0.9195645422E+003   0.0000000000E+000
     83900   0.9343161631E+003   0.0000000000E+000
     84000   0.9365589126E+003   0.0000000000E+000
     84100   0.9238621283E+003   0.0000000000E+000
     84200   0.9292671111E+003   0.0000000000E+000
     84300   0.9285812494E+003   0.0000000000E+000
     84400   0.9173363689E+003   0.0000000000E+000
     84500   0.9257016484E+003   0.0000000000E+000
     84600   0.9312249728E+003   0.0000000000E+000
     84700   0.9368385932E+003   0.0000000000E+000
     84800   0.9260019779E+003   0.0000000000E+000
     84900   0.9207558159E+003   0.0000000000E+000
     85000   0.9289612860E+003   0.0000000000E+000
     85100   0.9292645679E+003   0.0000000000E+000
     85200   0.9327403795E+003   0.0000000000E+000
     85300   0.9262908856E+003   0.0000000000E+000
     85400   0.9236925125E+003   0.0000000000E+000
     85500   0.9220656744E+003   0.0000000000E+000
     85600   0.9291488681E+003   0.0000000000E+000
     85700   0.9257088160E+003   0.0000000000E+000
     85800   0.9263918551E+003   0.0000000000E+000
     85900   0.9258159688E+003   0.0000000000E+000
     86000   0.9282914959E+003   0.3523885669E+000
     86100   0.9343856659E+003   0.0000000000E+000
     86200   0.9332023903E+003   0.0000000000E+000
     86300   0.9286652223E+003   0.0000000000E+000
     86400   0.9225644187E+003   0.0000000000E+000
     86500   0.9256017795E+003   0.3525437362E+000
     86600   0.9215285139E+003   0.0000000000E+000
     86700   0.9325135748E+003   0.0000000000E+000
     86800   0.9317343879E+003   0.0000000000E+000
     86900   0.9378912898E+003   0.0000000000E+000
     87000   0.9179628721E+003   0.0000000000E+000
     87100   0.9172803098E+003   0.3530304479E+000
     87200   0.9315309018E+003   0.0000000000E+000
     87300   0.9234864546E+003   0.0000000000E+000
     87400   0.9275475097E+003   0.0000000000E+000
     87500   0.9313266115E+003   0.0000000000E+000
     87600   0.9292402464E+003   0.0000000000E+000
     87700   0.9291388635E+003   0.0000000000E+000
     87800   0.9351828285E+003   0.0000000000E+000
     87900   0.9394549437E+003   0.0000000000E+000
     88000   0.9249871479E+003   0.0000000000E+000
     88100   0.9335082264E+003   0.0000000000E+000
     88200   0.9250996133E+003   0.0000000000E+000
     88300   0.9191991412E+003   0.0000000000E+000
     88400   0.9274639583E+003   0.0000000000E+000
     88500   0.9304107297E+003   0.0000000000E+000
     88600   0.9355515209E+003   0.0000000000E+000
     88700   0.9305972763E+003   0.0000000000E+000
     88800   0.9239071369E+003   0.0000000000E+000
     88900   0.9182877113E+003   0.0000000000E+000
     89000   0.9247720894E+003   0.0000000000E+000
     89100   0.9239744762E+003   0.0000000000E+000
     89200   0.9275496874E+003   0.0000000000E+000
     89300   0.9389655517E+003   0.0000000000E+000
     89400   0.9261269812E+003   0.0000000000E+000
     89500   0.9263282778E+003   0.0000000000E+000
     89600   0.9271414785E+003   0.0000000000E+000
     89700   0.9235128550E+003   0.0000000000E+000
     89800   0.9184050228E+003   0.0000000000E+000
     89900   0.9197506292E+003   0.0000000000E+000
     90000   0.9244473009E+003   0.0000000000E+000
     90100   0.9193279456E+003   0.0000000000E+000
     90200   0.9233633480E+003   0.0000000000E+000
     90300   0.9161007954E+003   0.0000000000E+000
     90400   0.9111672991E+003   0.0000000000E+000
     90500   0.9311608798E+003   0.0000000000E+000
     90600   0.9278067472E+003   0.0000000000E+000
     90700   0.9282482774E+003   0.0000000000E+000
     90800   0.9153897495E+003   0.0000000000E+000
     90900   0.9315491526E+003   0.0000000000E+000
     91000   0.9250820676E+003   0.0000000000E+000
     91100   0.9186601192E+003   0.0000000000E+000
     91200   0.9367246156E+003   0.0000000000E+000
     91300   0.9210885995E+003   0.0000000000E+000
     91400   0.9223819332E+003   0.0000000000E+000
     91500   0.9207697842E+003   0.0000000000E+000
     91600   0.9215299006E+003   0.0000000000E+000
     91700   0.9260284388E+003   0.0000000000E+000
     91800   0.9175729533E+003   0.0000000000E+000
     91900   0.9319069458E+003   0.0000000000E+000
     92000   0.9261543861E+003   0.0000000000E+000
     92100   0.9257397203E+003   0.0000000000E+000
     92200   0.9283364884E+003   0.0000000000E+000
     92300   0.9327305164E+003   0.0000000000E+000
     92400   0.9228952165E+003   0.0000000000E+000
     92500   0.9328189191E+003   0.0000000000E+000
     92600   0.9276538937E+003   0.0000000000E+000
     92700   0.9208683645E+003   0.0000000000E+000
     92800   0.9147847776E+003   0.0000000000E+000
     92900   0.9212544841E+003   0.0000000000E+000
     93000   0.9185970470E+003   0.0000000000E+000
     93100   0.9299025812E+003   0.0000000000E+000
     93200   0.9297771980E+003   0.0000000000E+000
     93300   0.9339512790E+003   0.0000000000E+000
     93400   0.9348696734E+003   0.0000000000E+000
     93500   0.9352363723E+003   0.0000000000E+000
     93600   0.9308446447E+003   0.0000000000E+000
     93700   0.9195828072E+003   0.0000000000E+000
     93800   0.9257596067E+003   0.0000000000E+000
     93900   0.9264806610E+003   0.0000000000E+000
     94000   0.9282485043E+003   0.0000000000E+000
     94100   0.9245646355E+003   0.0000000000E+000
     94200   0.9332040972E+003   0.0000000000E+000
     94300   0.9219065273E+003   0.0000000000E+000
     94400   0.9304220104E+003   0.0000000000E+000
     94500   0.9284532001E+003   0.0000000000E+000
     94600   0.9322453049E+003   0.0000000000E+000
     94700   0.9391409482E+003   0.0000000000E+000
     94800   0.9313047194E+003   0.0000000000E+000
     94900   0.9215425778E+003   0.0000000000E+000
     95000   0.9248223001E+003   0.0000000000E+000
     95100   0.9268475089E+003   0.0000000000E+000
     95200   0.9324575689E+003   0.0000000000E+000
     95300   0.9319754490E+003   0.0000000000E+000
     95400   0.9202620256E+003   0.0000000000E+000
     95500   0.9269736586E+003   0.0000000000E+000
     95600   0.9235070955E+003   0.0000000000E+000
     95700   0.9285409060E+003   0.0000000000E+000
     95800   0.9238045512E+003   0.0000000000E+000
     95900   0.9314822567E+003   0.0000000000E+000
     96000   0.9260251307E+003   0.0000000000E+000
     96100   0.9237488338E+003   0.0000000000E+000
     96200   0.9188626370E+003   0.0000000000E+000
     96300   0.9218344605E+003   0.0000000000E+000
     96400   0.9313976320E+003   0.0000000000E+000
     96500   0.9355791093E+003   0.0000000000E+000
     96600   0.9223670749E+003   0.0000000000E+000
     96700   0.9278991742E+003   0.0000000000E+000
     96800   0.9284125044E+003   0.0000000000E+000
     96900   0.9257542349E+003   0.0000000000E+000
     97000   0.9237507826E+003   0.0000000000E+000
     97100   0.9284676494E+003   0.0000000000E+000
     97200   0.9307614520E+003   0.0000000000E+000
     97300   0.9340981105E+003   0.0000000000E+000
     97400   0.9331749341E+003   0.0000000000E+000
     97500   0.9243581122E+003   0.0000000000E+000
     97600   0.9251404056E+003   0.3525704572E+000
     97700   0.9288798062E+003   0.0000000000E+000
     97800   0.9258433893E+003   0.0000000000E+000
     97900   0.9272303633E+003   0.0000000000E+000
     98000   0.9356020126E+003   0.0000000000E+000
     98100   0.9365242429E+003   0.0000000000E+000
     98200   0.9314227428E+003   0.0000000000E+000
     98300   0.9312647282E+003   0.0000000000E+000
     98400   0.9274523384E+003   0.3524368665E+000
     98500   0.9358118170E+003   0.0000000000E+000
     98600   0.9246936702E+003   0.0000000000E+000
     98700   0.9445965392E+003   0.0000000000E+000
     98800   0.9272455863E+003   0.0000000000E+000
     98900   0.9303789140E+003   0.3522688559E+000
     99000   0.9236995704E+003   0.0000000000E+000
     99100   0.9320775790E+003   0.0000000000E+000
     99200   0.9229109700E+003   0.0000000000E+000
     99300   0.9258927971E+003   0.0000000000E+000
     99400   0.9262661033E+003   0.0000000000E+000
     99500   0.9222662075E+003   0.0000000000E+000
     99600   0.9309320198E+003   0.0000000000E+000
     99700   0.9273267585E+003   0.0000000000E+000
     99800   0.9248502916E+003   0.0000000000E+000
     99900   0.9242548939E+003   0.0000000000E+000
    100000   0.9202915091E+003   0.0000000000E+000
    100100   0.9260986320E+003   0.0000000000E+000
    100200   0.9314036337E+003   0.0000000000E+000
    100300   0.9229273994E+003   0.3526990541E+000
    100400   0.9259566041E+003   0.3525232069E+000
    100500   0.9208978484E+003   0.3528176169E+000
    100600   0.9275186549E+003   0.3524330459E+000
    100700   0.9268754775E+003   0.3524701275E+000
    100800   0.9318496267E+003   0.3521848828E+000
    100900   0.9332852232E+003   0.3521032085E+000
    101000   0.9203730620E+003   0.0000000000E+000
    101100   0.9249480630E+003   0.3525816060E+000
    101200   0.9287863645E+003   0.3523601308E+000
    101300   0.9255906406E+003   0.3525443809E+000
    101400   0.9200585700E+003   0.3528668223E+000
    101500   0.9268817312E+003   0.3524697666E+000
    101600   0.9222642940E+003   0.3527377254E+000
    101700   0.9323001703E+003   0.3521592192E+000
    101800   0.9355443647E+003   0.3519752645E+000
    101900   0.9270948131E+003   0.3524574753E+000
    102000   0.9406677581E+003   0.3516877239E+000
    102100   0.9353630642E+003   0.0000000000E+000
    102200   0.9300726002E+003   0.3522863839E+000
    102300   0.9268991243E+003   0.3524687631E+000
    102400   0.9149397754E+003   0.3531691837E+000
    102500   0.9257221095E+003   0.3525367722E+000
    102600   0.9269421364E+003   0.3524662816E+000
    102700   0.9324840549E+003   0.3521487531E+000
    102800   0.9253999681E+003   0.3525554205E+000
    102900   0.9250410854E+003   0.3525762135E+000
    103000   0.9281384651E+003   0.0000000000E+000
    103100   0.9246627988E+003   0.3525981507E+000
    103200   0.9230333380E+003   0.3526928819E+000
    103300   0.9278125294E+003   0.0000000000E+000
    103400   0.9243430163E+003   0.3526167114E+000
    103500   0.9247000188E+003   0.0000000000E+000
    103600   0.9216095507E+003   0.3527759720E+000
    103700   0.9255508521E+003   0.3525466842E+000
    103800   0.9267065912E+003   0.3524798742E+000
    103900   0.9280780655E+003   0.3524008419E+000
    104000   0.9232521365E+003   0.3526801393E+000
    104100   0.9338027377E+003   0.0000000000E+000
    104200   0.9248898123E+003   0.3525849835E+000
    104300   0.9223016401E+003   0.0000000000E+000
    104400   0.9243304026E+003   0.0000000000E+000
    104500   0.9225029436E+003   0.0000000000E+000
    104600   0.9266923401E+003   0.0000000000E+000
    104700   0.9241179713E+003   0.0000000000E+000
    104800   0.9221402633E+003   0.0000000000E+000
    104900   0.9212722564E+003   0.3527956993E+000
    105000   0.9245511182E+003   0.3526046312E+000
    105100   0.9279735107E+003   0.0000000000E+000
    105200   0.9232285152E+003   0.3526815146E+000
    105300   0.9243447206E+003   0.3526166124E+000
    105400   0.9250946924E+003   0.3525731064E+000
    105500   0.9359815379E+003   0.3519505878E+000
    105600   0.9240865300E+003   0.0000000000E+000
    105700   0.9259077882E+003   0.0000000000E+000
    105800   0.9188717473E+003   0.3529365806E+000
    105900   0.9241238537E+003   0.3526294405E+000
    106000   0.9248854389E+003   0.0000000000E+000
    106100   0.9239675036E+003   0.0000000000E+000
    106200   0.9142561030E+003   0.0000000000E+000
    106300   0.9265059239E+003   0.0000000000E+000
    106400   0.9267718750E+003   0.0000000000E+000
    106500   0.9257227196E+003   0.0000000000E+000
    106600   0.9293839927E+003   0.0000000000E+000
    106700   0.9240346143E+003   0.0000000000E+000
    106800   0.9296070786E+003   0.0000000000E+000
    106900   0.9258093277E+003   0.0000000000E+000
    107000   0.9216511674E+003   0.0000000000E+000
    107100   0.9307139844E+003   0.0000000000E+000
    107200   0.9228154164E+003   0.0000000000E+000
    107300   0.9252231672E+003   0.0000000000E+000
    107400   0.9336747207E+003   0.0000000000E+000
    107500   0.9184891136E+003   0.0000000000E+000
    107600   0.9236070536E+003   0.0000000000E+000
    107700   0.9317944659E+003   0.0000000000E+000
    107800   0.9217269374E+003   0.0000000000E+000
    107900   0.9246111639E+003   0.0000000000E+000
    108000   0.9228342219E+003   0.0000000000E+000
    108100   0.9250773735E+003   0.0000000000E+000
    108200   0.9249631707E+003   0.0000000000E+000
    108300   0.9240020444E+003   0.0000000000E+000
    108400   0.9220745406E+003   0.0000000000E+000
    108500   0.9261960480E+003   0.0000000000E+000
    108600   0.9314388953E+003   0.0000000000E+000
    108700   0.9203674743E+003   0.0000000000E+000
    108800   0.9357513145E+003   0.0000000000E+000
    108900   0.9316921326E+003   0.0000000000E+000
    109000   0.9321625348E+003   0.0000000000E+000
    109100   0.9345587455E+003   0.0000000000E+000
    109200   0.9253137725E+003   0.0000000000E+000
    109300   0.9286547017E+003   0.0000000000E+000
    109400   0.9281537195E+003   0.0000000000E+000
    109500   0.9275749823E+003   0.0000000000E+000
    109600   0.9194359303E+003   0.0000000000E+000
    109700   0.9280771055E+003   0.0000000000E+000
    109800   0.9220132951E+003   0.0000000000E+000
    109900   0.9299149044E+003   0.0000000000E+000
    110000   0.9332411627E+003   0.0000000000E+000
    110100   0.9260725237E+003   0.0000000000E+000
    110200   0.9200834603E+003   0.0000000000E+000
    110300   0.9240658977E+003   0.0000000000E+000
    110400   0.9312944386E+003   0.0000000000E+000
    110500   0.9209675116E+003   0.0000000000E+000
    110600   0.9293456413E+003   0.0000000000E+000
    110700   0.9340126200E+003   0.0000000000E+000
    110800   0.9203361272E+003   0.0000000000E+000
    110900   0.9248399737E+003   0.0000000000E+000
    111000   0.9277101215E+003   0.0000000000E+000
    111100   0.9238004205E+003   0.0000000000E+000
    111200   0.9257323215E+003   0.0000000000E+000
    111300   0.9272100493E+003   0.0000000000E+000
    111400   0.9135188023E+003   0.0000000000E+000
    111500   0.9212037275E+003   0.0000000000E+000
    111600   0.9172211134E+003   0.0000000000E+000
    111700   0.9245711321E+003   0.0000000000E+000
    111800   0.9186183134E+003   0.0000000000E+000
    111900   0.9222050511E+003   0.0000000000E+000
    112000   0.9156540239E+003   0.0000000000E+000
    112100   0.9150041262E+003   0.0000000000E+000
    112200   0.9218421578E+003   0.0000000000E+000
    112300   0.9265834871E+003   0.0000000000E+000
    112400   0.9249502363E+003   0.0000000000E+000
    112500   0.9310985706E+003   0.0000000000E+000
    112600   0.9263259670E+003   0.0000000000E+000
    112700   0.9340856273E+003   0.0000000000E+000
    112800   0.9208114128E+003   0.0000000000E+000
    112900   0.9255271362E+003   0.0000000000E+000
    113000   0.9294375134E+003   0.0000000000E+000
    113100   0.9344332050E+003   0.0000000000E+000
    113200   0.9211586707E+003   0.0000000000E+000
    113300   0.9347157739E+003   0.0000000000E+000
    113400   0.9208153118E+003   0.0000000000E+000
    113500   0.9310748562E+003   0.0000000000E+000
    113600   0.9338188878E+003   0.0000000000E+000
    113700   0.9258248134E+003   0.0000000000E+000
    113800   0.9190779846E+003   0.0000000000E+000
    113900   0.9277634564E+003   0.0000000000E+000
    114000   0.9224755095E+003   0.0000000000E+000
    114100   0.9289389494E+003   0.0000000000E+000
    114200   0.9308215054E+003   0.0000000000E+000
    114300   0.9267294249E+003   0.0000000000E+000
    114400   0.9264377100E+003   0.0000000000E+000
    114500   0.9296815627E+003   0.0000000000E+000
    114600   0.9226989198E+003   0.0000000000E+000
    114700   0.9264158617E+003   0.0000000000E+000
    114800   0.9278974352E+003   0.0000000000E+000
    114900   0.9257620243E+003   0.0000000000E+000
    115000   0.9217567220E+003   0.0000000000E+000
    115100   0.9274634336E+003   0.0000000000E+000
    115200   0.9251631913E+003   0.0000000000E+000
    115300   0.9221784533E+003   0.0000000000E+000
    115400   0.9119743166E+003   0.0000000000E+000
    115500   0.9133564184E+003   0.0000000000E+000
    115600   0.9180948538E+003   0.0000000000E+000
    115700   0.9175476581E+003   0.0000000000E+000
    115800   0.9312664739E+003   0.0000000000E+000
    115900   0.9356615185E+003   0.0000000000E+000
    116000   0.9235293311E+003   0.0000000000E+000
    116100   0.9221768642E+003   0.0000000000E+000
    116200   0.9187404557E+003   0.0000000000E+000
    116300   0.9348521659E+003   0.0000000000E+000
    116400   0.9245669412E+003   0.0000000000E+000
    116500   0.9211343162E+003   0.0000000000E+000
    116600   0.9294127452E+003   0.0000000000E+000
    116700   0.9217127192E+003   0.0000000000E+000
    116800   0.9236363198E+003   0.0000000000E+000
    116900   0.9206578277E+003   0.0000000000E+000
    117000   0.9278751257E+003   0.0000000000E+000
    117100   0.9218109096E+003   0.0000000000E+000
    117200   0.9187730793E+003   0.0000000000E+000
    117300   0.9134927545E+003   0.0000000000E+000
    117400   0.9171434258E+003   0.0000000000E+000
    117500   0.9101867895E+003   0.0000000000E+000
    117600   0.9202733228E+003   0.0000000000E+000
    117700   0.9338788477E+003   0.0000000000E+000
    117800   0.9204492659E+003   0.0000000000E+000
    117900   0.9184276465E+003   0.0000000000E+000
    118000   0.9215803483E+003   0.0000000000E+000
    118100   0.9217864587E+003   0.0000000000E+000
    118200   0.9259402021E+003   0.0000000000E+000
    118300   0.9269152982E+003   0.0000000000E+000
    118400   0.9266807161E+003   0.0000000000E+000
    118500   0.9214130141E+003   0.0000000000E+000
    118600   0.9149710271E+003   0.0000000000E+000
    118700   0.9230778831E+003   0.0000000000E+000
    118800   0.9308744489E+003   0.0000000000E+000
    118900   0.9152504163E+003   0.0000000000E+000
    119000   0.9183677198E+003   0.0000000000E+000
    119100   0.9230105813E+003   0.0000000000E+000
    119200   0.9270599866E+003   0.0000000000E+000
    119300   0.9322391327E+003   0.0000000000E+000
    119400   0.9332423692E+003   0.0000000000E+000
    119500   0.9272070679E+003   0.0000000000E+000
    119600   0.9118778741E+003   0.0000000000E+000
    119700   0.9265076302E+003   0.0000000000E+000
    119800   0.9285699695E+003   0.0000000000E+000
    119900   0.9261123068E+003   0.0000000000E+000
    120000   0.9314019372E+003   0.0000000000E+000
    120100   0.9266040468E+003   0.0000000000E+000
    120200   0.9264211363E+003   0.0000000000E+000
    120300   0.9199939748E+003   0.0000000000E+000
    120400   0.9257318159E+003   0.0000000000E+000
    120500   0.9199269202E+003   0.0000000000E+000
    120600   0.9309961566E+003   0.0000000000E+000
    120700   0.9225567285E+003   0.0000000000E+000
    120800   0.9246865225E+003   0.0000000000E+000
    120900   0.9153520699E+003   0.0000000000E+000
    121000   0.9111224708E+003   0.0000000000E+000
    121100   0.9154498977E+003   0.0000000000E+000
    121200   0.9320075962E+003   0.0000000000E+000
    121300   0.9233475155E+003   0.0000000000E+000
    121400   0.9313407051E+003   0.0000000000E+000
    121500   0.9299389304E+003   0.0000000000E+000
    121600   0.9358160366E+003   0.0000000000E+000
    121700   0.9244910612E+003   0.0000000000E+000
    121800   0.9335950077E+003   0.0000000000E+000
    121900   0.9265630628E+003   0.0000000000E+000
    122000   0.9243052069E+003   0.0000000000E+000
    122100   0.9257097636E+003   0.0000000000E+000
    122200   0.9214221314E+003   0.0000000000E+000
    122300   0.9275457217E+003   0.0000000000E+000
    122400   0.9257631041E+003   0.0000000000E+000
    122500   0.9212305800E+003   0.0000000000E+000
    122600   0.9234346969E+003   0.0000000000E+000
    122700   0.9341193712E+003   0.0000000000E+000
    122800   0.9224154884E+003   0.0000000000E+000
    122900   0.9192376522E+003   0.0000000000E+000
    123000   0.9272224975E+003   0.0000000000E+000
    123100   0.9199354592E+003   0.0000000000E+000
    123200   0.9175178527E+003   0.0000000000E+000
    123300   0.9268562656E+003   0.0000000000E+000
    123400   0.9194407969E+003   0.0000000000E+000
    123500   0.9176602904E+003   0.0000000000E+000
    123600   0.9161606771E+003   0.0000000000E+000
    123700   0.9205480529E+003   0.0000000000E+000
    123800   0.9243733594E+003   0.0000000000E+000
    123900   0.9218528038E+003   0.0000000000E+000
    124000   0.9205436395E+003   0.0000000000E+000
    124100   0.9201362632E+003   0.0000000000E+000
    124200   0.9239175519E+003   0.0000000000E+000
    124300   0.9215338144E+003   0.0000000000E+000
    124400   0.9283052258E+003   0.0000000000E+000
    124500   0.9198557542E+003   0.0000000000E+000
    124600   0.9248305818E+003   0.0000000000E+000
    124700   0.9302225343E+003   0.0000000000E+000
    124800   0.9297769905E+003   0.0000000000E+000
    124900   0.9235698156E+003   0.0000000000E+000
    125000   0.9230459020E+003   0.0000000000E+000
    125100   0.9176263689E+003   0.0000000000E+000
    125200   0.9259190693E+003   0.0000000000E+000
    125300   0.9196327762E+003   0.0000000000E+000
    125400   0.9243916174E+003   0.0000000000E+000
    125500   0.9263840664E+003   0.0000000000E+000
    125600   0.9285318113E+003   0.0000000000E+000
    125700   0.9279595560E+003   0.0000000000E+000
    125800   0.9243481750E+003   0.0000000000E+000
    125900   0.9219381779E+003   0.0000000000E+000
    126000   0.9328788404E+003   0.0000000000E+000
    126100   0.9269833475E+003   0.0000000000E+000
    126200   0.9244829622E+003   0.0000000000E+000
    126300   0.9116884726E+003   0.0000000000E+000
    126400   0.9346470407E+003   0.0000000000E+000
    126500   0.9322033880E+003   0.0000000000E+000
    126600   0.9318242830E+003   0.0000000000E+000
    126700   0.9251035080E+003   0.0000000000E+000
    126800   0.9275353322E+003   0.0000000000E+000
    126900   0.9173597836E+003   0.0000000000E+000
    127000   0.9220913002E+003   0.0000000000E+000
    127100   0.9284281409E+003   0.0000000000E+000
    127200   0.9271382141E+003   0.0000000000E+000
    127300   0.9342304279E+003   0.0000000000E+000
    127400   0.9239212993E+003   0.0000000000E+000
    127500   0.9227017790E+003   0.0000000000E+000
    127600   0.9246218769E+003   0.0000000000E+000
    127700   0.9216339026E+003   0.0000000000E+000
    127800   0.9283082192E+003   0.0000000000E+000
    127900   0.9209030471E+003   0.0000000000E+000
    128000   0.9218302504E+003   0.0000000000E+000
    128100   0.9249904586E+003   0.0000000000E+000
    128200   0.9330692423E+003   0.0000000000E+000
    128300   0.9282155425E+003   0.0000000000E+000
    128400   0.9234613886E+003   0.0000000000E+000
    128500   0.9228017934E+003   0.0000000000E+000
    128600   0.9201553734E+003   0.0000000000E+000
    128700   0.9295479573E+003   0.0000000000E+000
    128800   0.9346067301E+003   0.0000000000E+000
    128900   0.9184593235E+003   0.0000000000E+000
    129000   0.9188013428E+003   0.0000000000E+000
    129100   0.9203976093E+003   0.0000000000E+000
    129200   0.9229898935E+003   0.0000000000E+000
    129300   0.9218633627E+003   0.0000000000E+000
    129400   0.9248666609E+003   0.0000000000E+000
    129500   0.9276932080E+003   0.0000000000E+000
    129600   0.9266060536E+003   0.0000000000E+000
    129700   0.9323855647E+003   0.0000000000E+000
    129800   0.9215539861E+003   0.0000000000E+000
    129900   0.9300820069E+003   0.0000000000E+000
    130000   0.9236789802E+003   0.0000000000E+000
    130100   0.9225096998E+003   0.0000000000E+000
    130200   0.9272319837E+003   0.0000000000E+000
    130300   0.9191111269E+003   0.0000000000E+000
    130400   0.9338324368E+003   0.0000000000E+000
    130500   0.9231041450E+003   0.0000000000E+000
    130600   0.9364446202E+003   0.0000000000E+000
    130700   0.9253020106E+003   0.0000000000E+000
    130800   0.9253123294E+003   0.0000000000E+000
    130900   0.9214918729E+003   0.0000000000E+000
    131000   0.9260596134E+003   0.0000000000E+000
    131100   0.9291775730E+003   0.0000000000E+000
    131200   0.9344639479E+003   0.0000000000E+000
    131300   0.9244715710E+003   0.0000000000E+000
    131400   0.9304724309E+003   0.0000000000E+000
    131500   0.9235105998E+003   0.0000000000E+000
    131600   0.9280377327E+003   0.0000000000E+000
    131700   0.9307830276E+003   0.0000000000E+000
    131800   0.9192667005E+003   0.0000000000E+000
    131900   0.9269588338E+003   0.0000000000E+000
    132000   0.9250909843E+003   0.0000000000E+000
    132100   0.9313854721E+003   0.0000000000E+000
    132200   0.9285625655E+003   0.0000000000E+000
    132300   0.9361255377E+003   0.0000000000E+000
    132400   0.9334169129E+003   0.0000000000E+000
    132500   0.9322731770E+003   0.0000000000E+000
    132600   0.9173105503E+003   0.0000000000E+000
    132700   0.9266569041E+003   0.0000000000E+000
    132800   0.9272440208E+003   0.0000000000E+000
    132900   0.9131987284E+003   0.0000000000E+000
    133000   0.9186582164E+003   0.0000000000E+000
    133100   0.9241399268E+003   0.0000000000E+000
    133200   0.9227807390E+003   0.0000000000E+000
    133300   0.9157536209E+003   0.0000000000E+000
    133400   0.9286589463E+003   0.0000000000E+000
    133500   0.9177210481E+003   0.0000000000E+000
    133600   0.9217008909E+003   0.0000000000E+000
    133700   0.9157257777E+003   0.0000000000E+000
    133800   0.9259592270E+003   0.0000000000E+000
    133900   0.9118937938E+003   0.0000000000E+000
    134000   0.9236222549E+003   0.0000000000E+000
    134100   0.9338566318E+003   0.0000000000E+000
    134200   0.9227974359E+003   0.0000000000E+000
    134300   0.9240026813E+003   0.0000000000E+000
    134400   0.9309166513E+003   0.0000000000E+000
    134500   0.9268766976E+003   0.0000000000E+000
    134600   0.9165314113E+003   0.0000000000E+000
    134700   0.9198955458E+003   0.0000000000E+000
    134800   0.9320267705E+003   0.0000000000E+000
    134900   0.9250461527E+003   0.0000000000E+000
    135000   0.9272939546E+003   0.0000000000E+000
    135100   0.9110694615E+003   0.0000000000E+000
    135200   0.9156947189E+003   0.0000000000E+000
    135300   0.9193815378E+003   0.0000000000E+000
    135400   0.9339250834E+003   0.0000000000E+000
    135500   0.9184613607E+003   0.0000000000E+000
    135600   0.9279038490E+003   0.0000000000E+000
    135700   0.9238582007E+003   0.0000000000E+000
    135800   0.9307337187E+003   0.0000000000E+000
    135900   0.9311329276E+003   0.0000000000E+000
    136000   0.9092957760E+003   0.0000000000E+000
    136100   0.9277730750E+003   0.0000000000E+000
    136200   0.9267742092E+003   0.0000000000E+000
    136300   0.9260416826E+003   0.0000000000E+000
    136400   0.9141605808E+003   0.0000000000E+000
    136500   0.9250427881E+003   0.0000000000E+000
    136600   0.9288900731E+003   0.0000000000E+000
    136700   0.9281634126E+003   0.0000000000E+000
    136800   0.9212745268E+003   0.0000000000E+000
    136900   0.9288461286E+003   0.0000000000E+000
    137000   0.9300716418E+003   0.0000000000E+000
    137100   0.9212831004E+003   0.0000000000E+000
    137200   0.9246085432E+003   0.0000000000E+000
    137300   0.9341547443E+003   0.0000000000E+000
    137400   0.9274187803E+003   0.0000000000E+000
    137500   0.9350467276E+003   0.0000000000E+000
    137600   0.9271464304E+003   0.0000000000E+000
    137700   0.9347157655E+003   0.0000000000E+000
    137800   0.9311013937E+003   0.0000000000E+000
    137900   0.9343530230E+003   0.0000000000E+000
    138000   0.9175102447E+003   0.0000000000E+000
    138100   0.9213285351E+003   0.0000000000E+000
    138200   0.9207503865E+003   0.0000000000E+000
    138300   0.9243360788E+003   0.0000000000E+000
    138400   0.9295820012E+003   0.0000000000E+000
    138500   0.9337611306E+003   0.0000000000E+000
    138600   0.9370541989E+003   0.0000000000E+000
    138700   0.9294710224E+003   0.0000000000E+000
    138800   0.9246655150E+003   0.0000000000E+000
    138900   0.9366003457E+003   0.0000000000E+000
    139000   0.9287530565E+003   0.0000000000E+000
    139100   0.9230603433E+003   0.0000000000E+000
    139200   0.9313840538E+003   0.0000000000E+000
    139300   0.9359504053E+003   0.0000000000E+000
    139400   0.9295869138E+003   0.0000000000E+000
    139500   0.9237425222E+003   0.0000000000E+000
    139600   0.9256603126E+003   0.0000000000E+000
    139700   0.9289238550E+003   0.0000000000E+000
    139800   0.9210568169E+003   0.0000000000E+000
    139900   0.9313629546E+003   0.0000000000E+000
    140000   0.9298233541E+003   0.0000000000E+000
    140100   0.9281403517E+003   0.0000000000E+000
    140200   0.9302523892E+003   0.0000000000E+000
    140300   0.9290619389E+003   0.0000000000E+000
    140400   0.9368380449E+003   0.0000000000E+000
    140500   0.9260238560E+003   0.0000000000E+000
    140600   0.9295595574E+003   0.0000000000E+000
    140700   0.9261380527E+003   0.0000000000E+000
    140800   0.9359209712E+003   0.0000000000E+000
    140900   0.9274133341E+003   0.0000000000E+000
    141000   0.9300540854E+003   0.0000000000E+000
    141100   0.9215562502E+003   0.0000000000E+000
    141200   0.9277020754E+003   0.0000000000E+000
    141300   0.9295754004E+003   0.0000000000E+000
    141400   0.9307955678E+003   0.0000000000E+000
    141500   0.9339998780E+003   0.0000000000E+000
    141600   0.9243226603E+003   0.0000000000E+000
    141700   0.9175716431E+003   0.0000000000E+000
    141800   0.9194898723E+003   0.0000000000E+000
    141900   0.9260504822E+003   0.0000000000E+000
    142000   0.9268696192E+003   0.0000000000E+000
    142100   0.9226596591E+003   0.0000000000E+000
    142200   0.9294657429E+003   0.0000000000E+000
    142300   0.9191157600E+003   0.0000000000E+000
    142400   0.9280457577E+003   0.0000000000E+000
    142500   0.9217539467E+003   0.0000000000E+000
    142600   0.9324757894E+003   0.0000000000E+000
    142700   0.9341735339E+003   0.0000000000E+000
    142800   0.9313330494E+003   0.0000000000E+000
    142900   0.9157159766E+003   0.0000000000E+000
    143000   0.9219556553E+003   0.0000000000E+000
    143100   0.9207106587E+003   0.0000000000E+000
    143200   0.9256764041E+003   0.0000000000E+000
    143300   0.9257874032E+003   0.0000000000E+000
    143400   0.9186518080E+003   0.0000000000E+000
    143500   0.9252656454E+003   0.0000000000E+000
    143600   0.9197914129E+003   0.0000000000E+000
    143700   0.9305866911E+003   0.0000000000E+000
    143800   0.9320019984E+003   0.0000000000E+000
    143900   0.9254742969E+003   0.0000000000E+000
    144000   0.9446651753E+003   0.0000000000E+000
    144100   0.9354695834E+003   0.0000000000E+000
    144200   0.9372390118E+003   0.0000000000E+000
    144300   0.9248229570E+003   0.0000000000E+000
    144400   0.9260208451E+003   0.0000000000E+000
    144500   0.9265504109E+003   0.0000000000E+000
    144600   0.9254334010E+003   0.0000000000E+000
    144700   0.9379957012E+003   0.0000000000E+000
    144800   0.9192976451E+003   0.0000000000E+000
    144900   0.9242410189E+003   0.0000000000E+000
    145000   0.9316654761E+003   0.0000000000E+000
    145100   0.9267927305E+003   0.0000000000E+000
    145200   0.9216549141E+003   0.0000000000E+000
    145300   0.9215789036E+003   0.0000000000E+000
    145400   0.9281125852E+003   0.0000000000E+000
    145500   0.9268419939E+003   0.0000000000E+000
    145600   0.9185420523E+003   0.0000000000E+000
    145700   0.9211683308E+003   0.0000000000E+000
    145800   0.9239495462E+003   0.0000000000E+000
    145900   0.9361420567E+003   0.0000000000E+000
    146000   0.9243652088E+003   0.0000000000E+000
    146100   0.9280891829E+003   0.0000000000E+000
    146200   0.9324252780E+003   0.0000000000E+000
    146300   0.9319675141E+003   0.0000000000E+000
    146400   0.9295958507E+003   0.0000000000E+000
    146500   0.9193868746E+003   0.0000000000E+000
    146600   0.9247188113E+003   0.0000000000E+000
    146700   0.9231360117E+003   0.0000000000E+000
    146800   0.9128460193E+003   0.0000000000E+000
    146900   0.9257543104E+003   0.0000000000E+000
    147000   0.9262712786E+003   0.0000000000E+000
    147100   0.9285334973E+003   0.0000000000E+000
    147200   0.9163250185E+003   0.0000000000E+000
    147300   0.9228609465E+003   0.0000000000E+000
    147400   0.9275919777E+003   0.0000000000E+000
    147500   0.9291246350E+003   0.0000000000E+000
    147600   0.9300518783E+003   0.0000000000E+000
    147700   0.9342924796E+003   0.0000000000E+000
    147800   0.9362830436E+003   0.0000000000E+000
    147900   0.9323866172E+003   0.0000000000E+000
    148000   0.9334838604E+003   0.0000000000E+000
    148100   0.9321508446E+003   0.0000000000E+000
    148200   0.9317721214E+003   0.0000000000E+000
    148300   0.9322027345E+003   0.0000000000E+000
    148400   0.9280227114E+003   0.0000000000E+000
    148500   0.9232849087E+003   0.0000000000E+000
    148600   0.9367385576E+003   0.0000000000E+000
    148700   0.9279333468E+003   0.0000000000E+000
    148800   0.9267727305E+003   0.0000000000E+000
    148900   0.9232106772E+003   0.0000000000E+000
    149000   0.9237227688E+003   0.0000000000E+000
    149100   0.9256074902E+003   0.0000000000E+000
    149200   0.9349738020E+003   0.0000000000E+000
    149300   0.9243340314E+003   0.0000000000E+000
    149400   0.9319059581E+003   0.0000000000E+000
    149500   0.9239447416E+003   0.0000000000E+000
    149600   0.9358978981E+003   0.0000000000E+000
    149700   0.9328667302E+003   0.0000000000E+000
    149800   0.9331090756E+003   0.0000000000E+000
    149900   0.9334348108E+003   0.0000000000E+000
    150000   0.9253036567E+003   0.0000000000E+000
    150100   0.9324009853E+003   0.0000000000E+000
    150200   0.9359347229E+003   0.0000000000E+000
    150300   0.9307548883E+003   0.0000000000E+000
    150400   0.9336320972E+003   0.0000000000E+000
    150500   0.9212458099E+003   0.0000000000E+000
    150600   0.9360526768E+003   0.0000000000E+000
    150700   0.9282472796E+003   0.0000000000E+000
    150800   0.9248945847E+003   0.0000000000E+000
    150900   0.9333053092E+003   0.0000000000E+000
    151000   0.9205913028E+003   0.0000000000E+000
    151100   0.9357552751E+003   0.0000000000E+000
    151200   0.9291658930E+003   0.0000000000E+000
    151300   0.9338431634E+003   0.0000000000E+000
    151400   0.9401094643E+003   0.0000000000E+000
    151500   0.9257600782E+003   0.0000000000E+000
    151600   0.9202636801E+003   0.0000000000E+000
    151700   0.9254649107E+003   0.0000000000E+000
    151800   0.9325574975E+003   0.0000000000E+000
    151900   0.9298020473E+003   0.0000000000E+000
    152000   0.9318789998E+003   0.0000000000E+000
    152100   0.9315402852E+003   0.0000000000E+000
    152200   0.9344689194E+003   0.0000000000E+000
    152300   0.9212591195E+003   0.0000000000E+000
    152400   0.9273380838E+003   0.0000000000E+000
    152500   0.9351365976E+003   0.0000000000E+000
    152600   0.9251978701E+003   0.0000000000E+000
    152700   0.9262380250E+003   0.0000000000E+000
    152800   0.9255194779E+003   0.0000000000E+000
    152900   0.9251383444E+003   0.0000000000E+000
    153000   0.9241753032E+003   0.0000000000E+000
    153100   0.9200174745E+003   0.0000000000E+000
    153200   0.9232144079E+003   0.0000000000E+000
    153300   0.9309994789E+003   0.0000000000E+000
    153400   0.9319043695E+003   0.0000000000E+000
    153500   0.9359792350E+003   0.0000000000E+000
    153600   0.9328385778E+003   0.0000000000E+000
    153700   0.9258241277E+003   0.0000000000E+000
    153800   0.9301952128E+003   0.0000000000E+000
    153900   0.9243724385E+003   0.0000000000E+000
    154000   0.9213453507E+003   0.0000000000E+000
    154100   0.9277925418E+003   0.0000000000E+000
    154200   0.9345208866E+003   0.0000000000E+000
    154300   0.9290719560E+003   0.0000000000E+000
    154400   0.9407583253E+003   0.0000000000E+000
    154500   0.9350205131E+003   0.0000000000E+000
    154600   0.9320012396E+003   0.0000000000E+000
    154700   0.9256626732E+003   0.0000000000E+000
    154800   0.9260828920E+003   0.0000000000E+000
    154900   0.9240671439E+003   0.0000000000E+000
    155000   0.9271025698E+003   0.0000000000E+000
    155100   0.9222333351E+003   0.0000000000E+000
    155200   0.9163735264E+003   0.0000000000E+000
    155300   0.9299170313E+003   0.0000000000E+000
    155400   0.9247987578E+003   0.0000000000E+000
    155500   0.9209797492E+003   0.0000000000E+000
    155600   0.9203053038E+003   0.0000000000E+000
    155700   0.9251341524E+003   0.0000000000E+000
    155800   0.9279337538E+003   0.0000000000E+000
    155900   0.9262227580E+003   0.0000000000E+000
    156000   0.9283288674E+003   0.0000000000E+000
    156100   0.9289820560E+003   0.0000000000E+000
    156200   0.9289354923E+003   0.0000000000E+000
    156300   0.9317035857E+003   0.0000000000E+000
    156400   0.9326708031E+003   0.0000000000E+000
    156500   0.9215832890E+003   0.0000000000E+000
    156600   0.9296996832E+003   0.0000000000E+000
    156700   0.9346418337E+003   0.0000000000E+000
    156800   0.9259644932E+003   0.0000000000E+000
    156900   0.9304127797E+003   0.0000000000E+000
    157000   0.9186986842E+003   0.0000000000E+000
    157100   0.9279974704E+003   0.0000000000E+000
    157200   0.9345131984E+003   0.0000000000E+000
    157300   0.9334918915E+003   0.0000000000E+000
    157400   0.9184390705E+003   0.0000000000E+000
    157500   0.9277959392E+003   0.0000000000E+000
    157600   0.9262390818E+003   0.0000000000E+000
    157700   0.9252827816E+003   0.0000000000E+000
    157800   0.9268362614E+003   0.0000000000E+000
    157900   0.9175188974E+003   0.0000000000E+000
    158000   0.9270114628E+003   0.0000000000E+000
    158100   0.9318836696E+003   0.0000000000E+000
    158200   0.9232055237E+003   0.0000000000E+000
    158300   0.9307929966E+003   0.0000000000E+000
    158400   0.9278816418E+003   0.0000000000E+000
    158500   0.9217956330E+003   0.0000000000E+000
    158600   0.9312752831E+003   0.0000000000E+000
    158700   0.9251032300E+003   0.0000000000E+000
    158800   0.9274312126E+003   0.0000000000E+000
    158900   0.9251827858E+003   0.0000000000E+000
    159000   0.9284783754E+003   0.0000000000E+000
    159100   0.9291857990E+003   0.0000000000E+000
    159200   0.9290510730E+003   0.0000000000E+000
    159300   0.9332094046E+003   0.0000000000E+000
    159400   0.9303584834E+003   0.0000000000E+000
    159500   0.9309847815E+003   0.0000000000E+000
    159600   0.9217136425E+003   0.0000000000E+000
    159700   0.9168496949E+003   0.0000000000E+000
    159800   0.9216150318E+003   0.0000000000E+000
    159900   0.9338250148E+003   0.0000000000E+000
    160000   0.9327478881E+003   0.0000000000E+000
    160100   0.9322965221E+003   0.0000000000E+000
    160200   0.9143193812E+003   0.0000000000E+000
    160300   0.9365385946E+003   0.0000000000E+000
    160400   0.9229041472E+003   0.0000000000E+000
    160500   0.9206869832E+003   0.0000000000E+000
    160600   0.9297426122E+003   0.0000000000E+000
    160700   0.9225357887E+003   0.0000000000E+000
    160800   0.9275533440E+003   0.0000000000E+000
    160900   0.9206082536E+003   0.0000000000E+000
    161000   0.9357228988E+003   0.0000000000E+000
    161100   0.9288259778E+003   0.0000000000E+000
    161200   0.9323782707E+003   0.0000000000E+000
    161300   0.9207655845E+003   0.0000000000E+000
    161400   0.9246421960E+003   0.0000000000E+000
    161500   0.9183072079E+003   0.0000000000E+000
    161600   0.9292836167E+003   0.0000000000E+000
    161700   0.9273888491E+003   0.0000000000E+000
    161800   0.9240524163E+003   0.0000000000E+000
    161900   0.9334423134E+003   0.0000000000E+000
    162000   0.9250711649E+003   0.0000000000E+000
    162100   0.9323887509E+003   0.0000000000E+000
    162200   0.9334786357E+003   0.0000000000E+000
    162300   0.9282897462E+003   0.0000000000E+000
    162400   0.9304055742E+003   0.0000000000E+000
    162500   0.9185257740E+003   0.0000000000E+000
    162600   0.9250059410E+003   0.0000000000E+000
    162700   0.9253906771E+003   0.0000000000E+000
    162800   0.9287712535E+003   0.0000000000E+000
    162900   0.9316174353E+003   0.0000000000E+000
    163000   0.9258363821E+003   0.0000000000E+000
    163100   0.9263757694E+003   0.0000000000E+000
    163200   0.9273276381E+003   0.0000000000E+000
    163300   0.9266626225E+003   0.0000000000E+000
    163400   0.9258112781E+003   0.0000000000E+000
    163500   0.9237529910E+003   0.0000000000E+000
    163600   0.9253796859E+003   0.0000000000E+000
    163700   0.9221184030E+003   0.0000000000E+000
    163800   0.9265171142E+003   0.0000000000E+000
    163900   0.9192161651E+003   0.0000000000E+000
    164000   0.9257330930E+003   0.0000000000E+000
    164100   0.9245354486E+003   0.0000000000E+000
    164200   0.9161389820E+003   0.0000000000E+000
    164300   0.9244282525E+003   0.0000000000E+000
    164400   0.9254644114E+003   0.0000000000E+000
    164500   0.9188230987E+003   0.0000000000E+000
    164600   0.9191566235E+003   0.0000000000E+000
    164700   0.9298117754E+003   0.0000000000E+000
    164800   0.9290675594E+003   0.0000000000E+000
    164900   0.9342200279E+003   0.0000000000E+000
    165000   0.9320415501E+003   0.0000000000E+000
    165100   0.9240829910E+003   0.0000000000E+000
    165200   0.9414392519E+003   0.0000000000E+000
    165300   0.9361813760E+003   0.0000000000E+000
    165400   0.9267813027E+003   0.0000000000E+000
    165500   0.9260372805E+003   0.0000000000E+000
    165600   0.9247045664E+003   0.0000000000E+000
    165700   0.9300081491E+003   0.0000000000E+000
    165800   0.9277872621E+003   0.0000000000E+000
    165900   0.9279149245E+003   0.0000000000E+000
    166000   0.9202903951E+003   0.0000000000E+000
    166100   0.9379191942E+003   0.0000000000E+000
    166200   0.9200827191E+003   0.0000000000E+000
    166300   0.9305153454E+003   0.0000000000E+000
    166400   0.9337766704E+003   0.0000000000E+000
    166500   0.9299749984E+003   0.0000000000E+000
    166600   0.9335897508E+003   0.0000000000E+000
    166700   0.9349097280E+003   0.0000000000E+000
    166800   0.9269902957E+003   0.0000000000E+000
    166900   0.9369312986E+003   0.0000000000E+000
    167000   0.9355906998E+003   0.0000000000E+000
    167100   0.9242430735E+003   0.0000000000E+000
    167200   0.9253560306E+003   0.0000000000E+000
    167300   0.9311965090E+003   0.0000000000E+000
    167400   0.9383847678E+003   0.0000000000E+000
    167500   0.9278097765E+003   0.0000000000E+000
    167600   0.9334468512E+003   0.0000000000E+000
    167700   0.9245699361E+003   0.0000000000E+000
    167800   0.9259476123E+003   0.0000000000E+000
    167900   0.9311856302E+003   0.0000000000E+000
    168000   0.9259495540E+003   0.0000000000E+000
    168100   0.9267739186E+003   0.0000000000E+000
    168200   0.9326291146E+003   0.0000000000E+000
    168300   0.9261206259E+003   0.0000000000E+000
    168400   0.9332358999E+003   0.0000000000E+000
    168500   0.9357827005E+003   0.0000000000E+000
    168600   0.9315805660E+003   0.0000000000E+000
    168700   0.9313235068E+003   0.0000000000E+000
    168800   0.9284813852E+003   0.0000000000E+000
    168900   0.9331161072E+003   0.0000000000E+000
    169000   0.9331845719E+003   0.0000000000E+000
    169100   0.9411716962E+003   0.0000000000E+000
    169200   0.9316598430E+003   0.0000000000E+000
    169300   0.9234428884E+003   0.0000000000E+000
    169400   0.9305740231E+003   0.0000000000E+000
    169500   0.9259755375E+003   0.0000000000E+000
    169600   0.9378545539E+003   0.0000000000E+000
    169700   0.9253125875E+003   0.0000000000E+000
    169800   0.9241280795E+003   0.0000000000E+000
    169900   0.9352138213E+003   0.0000000000E+000
    170000   0.9259492028E+003   0.0000000000E+000
    170100   0.9315140146E+003   0.0000000000E+000
    170200   0.9268185726E+003   0.0000000000E+000
    170300   0.9299579729E+003   0.0000000000E+000
    170400   0.9321612230E+003   0.0000000000E+000
    170500   0.9250380679E+003   0.0000000000E+000
    170600   0.9271367221E+003   0.0000000000E+000
    170700   0.9290240105E+003   0.0000000000E+000
    170800   0.9199985166E+003   0.0000000000E+000
    170900   0.9332585010E+003   0.0000000000E+000
    171000   0.9250835763E+003   0.0000000000E+000
    171100   0.9194305017E+003   0.0000000000E+000
    171200   0.9288967636E+003   0.0000000000E+000
    171300   0.9221469019E+003   0.0000000000E+000
    171400   0.9303717303E+003   0.0000000000E+000
    171500   0.9329578711E+003   0.0000000000E+000
    171600   0.9285470415E+003   0.0000000000E+000
    171700   0.9322331891E+003   0.0000000000E+000
    171800   0.9282920652E+003   0.0000000000E+000
    171900   0.9369952716E+003   0.0000000000E+000
    172000   0.9282871635E+003   0.0000000000E+000
    172100   0.9344104589E+003   0.0000000000E+000
    172200   0.9288878864E+003   0.0000000000E+000
    172300   0.9230169001E+003   0.0000000000E+000
    172400   0.9336047795E+003   0.0000000000E+000
    172500   0.9286003399E+003   0.0000000000E+000
    172600   0.9272160336E+003   0.0000000000E+000
    172700   0.9327844167E+003   0.0000000000E+000
    172800   0.9292756826E+003   0.0000000000E+000
    172900   0.9295515450E+003   0.0000000000E+000
    173000   0.9282539611E+003   0.0000000000E+000
    173100   0.9262337800E+003   0.0000000000E+000
    173200   0.9316778596E+003   0.0000000000E+000
    173300   0.9358682775E+003   0.0000000000E+000
    173400   0.9159601128E+003   0.0000000000E+000
    173500   0.9173319778E+003   0.0000000000E+000
    173600   0.9352817814E+003   0.0000000000E+000
    173700   0.9214120951E+003   0.0000000000E+000
    173800   0.9208443912E+003   0.0000000000E+000
    173900   0.9308241599E+003   0.0000000000E+000
    174000   0.9261744372E+003   0.0000000000E+000
    174100   0.9136177884E+003   0.0000000000E+000
    174200   0.9235715550E+003   0.0000000000E+000
    174300   0.9268037074E+003   0.0000000000E+000
    174400   0.9258813955E+003   0.0000000000E+000
    174500   0.9310080422E+003   0.0000000000E+000
    174600   0.9299245420E+003   0.0000000000E+000
    174700   0.9327318703E+003   0.0000000000E+000
    174800   0.9361600634E+003   0.0000000000E+000
    174900   0.9353167909E+003   0.0000000000E+000
    175000   0.9231617165E+003   0.0000000000E+000
    175100   0.9057313539E+003   0.0000000000E+000
    175200   0.9257166772E+003   0.0000000000E+000
    175300   0.9368224005E+003   0.0000000000E+000
    175400   0.9230264852E+003   0.0000000000E+000
    175500   0.9260662335E+003   0.0000000000E+000
    175600   0.9334966959E+003   0.0000000000E+000
    175700   0.9242013891E+003   0.0000000000E+000
    175800   0.9188944838E+003   0.0000000000E+000
    175900   0.9256560891E+003   0.0000000000E+000
    176000   0.9300809025E+003   0.0000000000E+000
    176100   0.9264013168E+003   0.0000000000E+000
    176200   0.9314642230E+003   0.0000000000E+000
    176300   0.9263228436E+003   0.0000000000E+000
    176400   0.9214718861E+003   0.0000000000E+000
    176500   0.9193779834E+003   0.0000000000E+000
    176600   0.9292100696E+003   0.0000000000E+000
    176700   0.9336394257E+003   0.0000000000E+000
    176800   0.9227791290E+003   0.0000000000E+000
    176900   0.9290661446E+003   0.0000000000E+000
    177000   0.9260294346E+003   0.0000000000E+000
    177100   0.9286195708E+003   0.0000000000E+000
    177200   0.9259905427E+003   0.0000000000E+000
    177300   0.9239209549E+003   0.0000000000E+000
    177400   0.9243882309E+003   0.0000000000E+000
    177500   0.9268184989E+003   0.0000000000E+000
    177600   0.9288140025E+003   0.0000000000E+000
    177700   0.9311890138E+003   0.0000000000E+000
    177800   0.9323213627E+003   0.0000000000E+000
    177900   0.9259582683E+003   0.0000000000E+000
    178000   0.9239706989E+003   0.0000000000E+000
    178100   0.9214810281E+003   0.0000000000E+000
    178200   0.9266978578E+003   0.0000000000E+000
    178300   0.9317873219E+003   0.0000000000E+000
    178400   0.9179638331E+003   0.0000000000E+000
    178500   0.9182708634E+003   0.0000000000E+000
    178600   0.9221173924E+003   0.0000000000E+000
    178700   0.9186584989E+003   0.0000000000E+000
    178800   0.9236106121E+003   0.0000000000E+000
    178900   0.9255604982E+003   0.0000000000E+000
    179000   0.9186738568E+003   0.0000000000E+000
    179100   0.9261333961E+003   0.0000000000E+000
    179200   0.9241282778E+003   0.0000000000E+000
    179300   0.9248503492E+003   0.0000000000E+000
    179400   0.9272733708E+003   0.0000000000E+000
    179500   0.9239145944E+003   0.0000000000E+000
    179600   0.9320048523E+003   0.0000000000E+000
    179700   0.9284662900E+003   0.0000000000E+000
    179800   0.9295132117E+003   0.0000000000E+000
    179900   0.9254468363E+003   0.0000000000E+000
    180000   0.9387539747E+003   0.0000000000E+000
    180100   0.9229649973E+003   0.0000000000E+000
    180200   0.9205239442E+003   0.0000000000E+000
    180300   0.9268756941E+003   0.0000000000E+000
    180400   0.9217969562E+003   0.0000000000E+000
    180500   0.9218779719E+003   0.0000000000E+000
    180600   0.9232062092E+003   0.0000000000E+000
    180700   0.9173502631E+003   0.0000000000E+000
    180800   0.9230492257E+003   0.0000000000E+000
    180900   0.9219709342E+003   0.0000000000E+000
    181000   0.9204653385E+003   0.0000000000E+000
    181100   0.9316884680E+003   0.0000000000E+000
    181200   0.9325249252E+003   0.0000000000E+000
    181300   0.9283794563E+003   0.0000000000E+000
    181400   0.9249585098E+003   0.0000000000E+000
    181500   0.9259249156E+003   0.0000000000E+000
    181600   0.9233128647E+003   0.0000000000E+000
    181700   0.9245444144E+003   0.0000000000E+000
    181800   0.9252355943E+003   0.0000000000E+000
    181900   0.9214771313E+003   0.0000000000E+000
    182000   0.9272872431E+003   0.0000000000E+000
    182100   0.9236851234E+003   0.0000000000E+000
    182200   0.9211292661E+003   0.0000000000E+000
    182300   0.9258917494E+003   0.0000000000E+000
    182400   0.9299032583E+003   0.0000000000E+000
    182500   0.9143005383E+003   0.0000000000E+000
    182600   0.9167892259E+003   0.0000000000E+000
    182700   0.9111350870E+003   0.0000000000E+000
    182800   0.9184984453E+003   0.0000000000E+000
    182900   0.9218484524E+003   0.0000000000E+000
    183000   0.9251148531E+003   0.0000000000E+000
    183100   0.9338523110E+003   0.0000000000E+000
    183200   0.9221402333E+003   0.0000000000E+000
    183300   0.9298330493E+003   0.0000000000E+000
    183400   0.9222610273E+003   0.0000000000E+000
    183500   0.9252597343E+003   0.0000000000E+000
    183600   0.9188972343E+003   0.0000000000E+000
    183700   0.9258785479E+003   0.0000000000E+000
    183800   0.9343463728E+003   0.0000000000E+000
    183900   0.9350994944E+003   0.0000000000E+000
    184000   0.9264608812E+003   0.0000000000E+000
    184100   0.9229676493E+003   0.0000000000E+000
    184200   0.9171735779E+003   0.0000000000E+000
    184300   0.9198103442E+003   0.0000000000E+000
    184400   0.9208297629E+003   0.0000000000E+000
    184500   0.9252626532E+003   0.0000000000E+000
    184600   0.9192644183E+003   0.0000000000E+000
    184700   0.9162132617E+003   0.0000000000E+000
    184800   0.9218767372E+003   0.0000000000E+000
    184900   0.9261309820E+003   0.0000000000E+000
    185000   0.9198368798E+003   0.0000000000E+000
    185100   0.9300018089E+003   0.0000000000E+000
    185200   0.9222352588E+003   0.0000000000E+000
    185300   0.9198526109E+003   0.0000000000E+000
    185400   0.9300404416E+003   0.0000000000E+000
    185500   0.9292056316E+003   0.0000000000E+000
    185600   0.9274792066E+003   0.0000000000E+000
    185700   0.9255508557E+003   0.0000000000E+000
    185800   0.9354707623E+003   0.0000000000E+000
    185900   0.9317830940E+003   0.0000000000E+000
    186000   0.9277327668E+003   0.0000000000E+000
    186100   0.9269999596E+003   0.0000000000E+000
    186200   0.9377802805E+003   0.0000000000E+000
    186300   0.9306873967E+003   0.0000000000E+000
    186400   0.9325287691E+003   0.0000000000E+000
    186500   0.9311260762E+003   0.0000000000E+000
    186600   0.9395447848E+003   0.0000000000E+000
    186700   0.9325645034E+003   0.0000000000E+000
    186800   0.9347972332E+003   0.0000000000E+000
    186900   0.9174299512E+003   0.0000000000E+000
    187000   0.9330082876E+003   0.0000000000E+000
    187100   0.9300598671E+003   0.0000000000E+000
    187200   0.9196116881E+003   0.0000000000E+000
    187300   0.9314595764E+003   0.0000000000E+000
    187400   0.9284696583E+003   0.0000000000E+000
    187500   0.9389811719E+003   0.0000000000E+000
    187600   0.9133535021E+003   0.0000000000E+000
    187700   0.9129601017E+003   0.0000000000E+000
    187800   0.9124787422E+003   0.0000000000E+000
    187900   0.9262263760E+003   0.0000000000E+000
    188000   0.9316502105E+003   0.0000000000E+000
    188100   0.9349854425E+003   0.0000000000E+000
    188200   0.9385227600E+003   0.0000000000E+000
    188300   0.9299563604E+003   0.0000000000E+000
    188400   0.9145835170E+003   0.0000000000E+000
    188500   0.9334372980E+003   0.0000000000E+000
    188600   0.9235933406E+003   0.0000000000E+000
    188700   0.9240435179E+003   0.0000000000E+000
    188800   0.9279806020E+003   0.0000000000E+000
    188900   0.9182887562E+003   0.0000000000E+000
    189000   0.9164302344E+003   0.0000000000E+000
    189100   0.9188638982E+003   0.0000000000E+000
    189200   0.9311467900E+003   0.0000000000E+000
    189300   0.9223411224E+003   0.0000000000E+000
    189400   0.9332662360E+003   0.0000000000E+000
    189500   0.9270250562E+003   0.0000000000E+000
    189600   0.9383387445E+003   0.0000000000E+000
    189700   0.9314715193E+003   0.0000000000E+000
    189800   0.9378270793E+003   0.0000000000E+000
    189900   0.9217939682E+003   0.0000000000E+000
    190000   0.9318504833E+003   0.0000000000E+000
    190100   0.9232914294E+003   0.0000000000E+000
    190200   0.9348369984E+003   0.0000000000E+000
    190300   0.9263210429E+003   0.0000000000E+000
    190400   0.9210650437E+003   0.0000000000E+000
    190500   0.9199214415E+003   0.0000000000E+000
    190600   0.9317630630E+003   0.0000000000E+000
    190700   0.9349110904E+003   0.0000000000E+000
    190800   0.9265701770E+003   0.0000000000E+000
    190900   0.9328663334E+003   0.0000000000E+000
    191000   0.9165627913E+003   0.0000000000E+000
    191100   0.9211412782E+003   0.0000000000E+000
    191200   0.9273495379E+003   0.0000000000E+000
    191300   0.9364598289E+003   0.0000000000E+000
    191400   0.9288861630E+003   0.0000000000E+000
    191500   0.9252013354E+003   0.0000000000E+000
    191600   0.9271782219E+003   0.0000000000E+000
    191700   0.9210740475E+003   0.0000000000E+000
    191800   0.9307320439E+003   0.0000000000E+000
    191900   0.9264627175E+003   0.0000000000E+000
    192000   0.9298882692E+003   0.0000000000E+000
    192100   0.9187012955E+003   0.0000000000E+000
    192200   0.9262226218E+003   0.0000000000E+000
    192300   0.9231685602E+003   0.0000000000E+000
    192400   0.9260269474E+003   0.0000000000E+000
    192500   0.9295000255E+003   0.0000000000E+000
    192600   0.9363384792E+003   0.0000000000E+000
    192700   0.9354371599E+003   0.0000000000E+000
    192800   0.9263808549E+003   0.0000000000E+000
    192900   0.9303512451E+003   0.0000000000E+000
    193000   0.9311641767E+003   0.0000000000E+000
    193100   0.9255592389E+003   0.0000000000E+000
    193200   0.9299898082E+003   0.0000000000E+000
    193300   0.9185509699E+003   0.0000000000E+000
    193400   0.9379122893E+003   0.0000000000E+000
    193500   0.9271011856E+003   0.0000000000E+000
    193600   0.9230602050E+003   0.0000000000E+000
    193700   0.9157543325E+003   0.0000000000E+000
    193800   0.9210961034E+003   0.0000000000E+000
    193900   0.9304635617E+003   0.0000000000E+000
    194000   0.9236449608E+003   0.0000000000E+000
    194100   0.9182060776E+003   0.0000000000E+000
    194200   0.9225280990E+003   0.0000000000E+000
    194300   0.9307868852E+003   0.0000000000E+000
    194400   0.9240672098E+003   0.0000000000E+000
    194500   0.9344925634E+003   0.0000000000E+000
    194600   0.9252331655E+003   0.0000000000E+000
    194700   0.9347084336E+003   0.0000000000E+000
    194800   0.9323483171E+003   0.0000000000E+000
    194900   0.9294235710E+003   0.0000000000E+000
    195000   0.9288479983E+003   0.0000000000E+000
    195100   0.9189962394E+003   0.0000000000E+000
    195200   0.9350694743E+003   0.0000000000E+000
    195300   0.9295806984E+003   0.0000000000E+000
    195400   0.9301322208E+003   0.0000000000E+000
    195500   0.9244018011E+003   0.0000000000E+000
    195600   0.9264707435E+003   0.0000000000E+000
    195700   0.9338559530E+003   0.0000000000E+000
    195800   0.9226684471E+003   0.0000000000E+000
    195900   0.9326389736E+003   0.0000000000E+000
    196000   0.9213987729E+003   0.0000000000E+000
    196100   0.9333291344E+003   0.0000000000E+000
    196200   0.9303433248E+003   0.0000000000E+000
    196300   0.9423884361E+003   0.0000000000E+000
    196400   0.9383149652E+003   0.0000000000E+000
    196500   0.9224264370E+003   0.0000000000E+000
    196600   0.9283302735E+003   0.0000000000E+000
    196700   0.9303537707E+003   0.0000000000E+000
    196800   0.9304861382E+003   0.0000000000E+000
    196900   0.9305621669E+003   0.0000000000E+000
    197000   0.9356297813E+003   0.0000000000E+000
    197100   0.9304100982E+003   0.0000000000E+000
    197200   0.9251555480E+003   0.0000000000E+000
    197300   0.9328590844E+003   0.0000000000E+000
    197400   0.9299279912E+003   0.0000000000E+000
    197500   0.9139419824E+003   0.0000000000E+000
    197600   0.9273041925E+003   0.0000000000E+000
    197700   0.9234806343E+003   0.0000000000E+000
    197800   0.9272758021E+003   0.0000000000E+000
    197900   0.9300884497E+003   0.0000000000E+000
    198000   0.9283132080E+003   0.0000000000E+000
    198100   0.9361631398E+003   0.0000000000E+000
    198200   0.9335449630E+003   0.0000000000E+000
    198300   0.9376494044E+003   0.0000000000E+000
    198400   0.9275059262E+003   0.0000000000E+000
    198500   0.9163403919E+003   0.0000000000E+000
    198600   0.9220488070E+003   0.0000000000E+000
    198700   0.9280120831E+003   0.0000000000E+000
    198800   0.9278256665E+003   0.0000000000E+000
    198900   0.9271197277E+003   0.0000000000E+000
    199000   0.9267374963E+003   0.0000000000E+000
    199100   0.9365116695E+003   0.0000000000E+000
    199200   0.9290238926E+003   0.0000000000E+000
    199300   0.9401753532E+003   0.0000000000E+000
    199400   0.9283288306E+003   0.0000000000E+000
    199500   0.9355111667E+003   0.0000000000E+000
    199600   0.9350255773E+003   0.0000000000E+000
    199700   0.9302465967E+003   0.0000000000E+000
    199800   0.9301242439E+003   0.0000000000E+000
    199900   0.9167457667E+003   0.0000000000E+000
    200000   0.9326778968E+003   0.0000000000E+000
    200100   0.9277041610E+003   0.0000000000E+000
    200200   0.9275052076E+003   0.0000000000E+000
    200300   0.9247096347E+003   0.0000000000E+000
    200400   0.9276025033E+003   0.0000000000E+000
    200500   0.9256862823E+003   0.0000000000E+000
    200600   0.9299877775E+003   0.0000000000E+000
    200700   0.9254023933E+003   0.0000000000E+000
    200800   0.9252090557E+003   0.0000000000E+000
    200900   0.9327560477E+003   0.0000000000E+000
    201000   0.9262721319E+003   0.0000000000E+000
    201100   0.9301023792E+003   0.0000000000E+000
    201200   0.9236466984E+003   0.0000000000E+000
    201300   0.9369846900E+003   0.0000000000E+000
    201400   0.9391777596E+003   0.0000000000E+000
    201500   0.9286106437E+003   0.0000000000E+000
    201600   0.9295529439E+003   0.0000000000E+000
    201700   0.9249398196E+003   0.0000000000E+000
    201800   0.9279498320E+003   0.0000000000E+000
    201900   0.9301784542E+003   0.0000000000E+000
    202000   0.9312160124E+003   0.0000000000E+000
    202100   0.9331561577E+003   0.0000000000E+000
    202200   0.9217593589E+003   0.0000000000E+000
    202300   0.9266559046E+003   0.0000000000E+000
    202400   0.9309594449E+003   0.0000000000E+000
    202500   0.9290127785E+003   0.0000000000E+000
    202600   0.9281791506E+003   0.0000000000E+000
    202700   0.9252394651E+003   0.0000000000E+000
    202800   0.9281946810E+003   0.0000000000E+000
    202900   0.9268886524E+003   0.0000000000E+000
    203000   0.9292960839E+003   0.0000000000E+000
    203100   0.9314213090E+003   0.0000000000E+000
    203200   0.9353662839E+003   0.0000000000E+000
    203300   0.9343632761E+003   0.0000000000E+000
    203400   0.9260764834E+003   0.3525162751E+000
    203500   0.9263702301E+003   0.3524992985E+000
    203600   0.9317531623E+003   0.3521903813E+000
    203700   0.9301866486E+003   0.0000000000E+000
    203800   0.9363414422E+003   0.0000000000E+000
    203900   0.9306880061E+003   0.3522511824E+000
    204000   0.9204651259E+003   0.3528429738E+000
    204100   0.9289201157E+003   0.3523524511E+000
    204200   0.9326909561E+003   0.3521369826E+000
    204300   0.9313677396E+003   0.3522123634E+000
    204400   0.9270986396E+003   0.3524572546E+000
    204500   0.9336593706E+003   0.0000000000E+000
    204600   0.9228197731E+003   0.3527053264E+000
    204700   0.9350499746E+003   0.3520032030E+000
    204800   0.9258348323E+003   0.3525302503E+000
    204900   0.9311397458E+003   0.3522253767E+000
    205000   0.9221250881E+003   0.3527458518E+000
    205100   0.9264155472E+003   0.3524966806E+000
    205200   0.9313910971E+003   0.3522110307E+000
    205300   0.9183227645E+003   0.3529689187E+000
    205400   0.9334578131E+003   0.3520934089E+000
    205500   0.9232019596E+003   0.3526830609E+000
    205600   0.9266605244E+003   0.3524825336E+000
    205700   0.9272114202E+003   0.0000000000E+000
    205800   0.9332542548E+003   0.3521049673E+000
    205900   0.9306905481E+003   0.3522510371E+000
    206000   0.9238159839E+003   0.3526473335E+000
    206100   0.9361249484E+003   0.3519424985E+000
    206200   0.9270499410E+003   0.0000000000E+000
    206300   0.9262512102E+003   0.0000000000E+000
    206400   0.9223954246E+003   0.0000000000E+000
    206500   0.9263978701E+003   0.0000000000E+000
    206600   0.9371788982E+003   0.0000000000E+000
    206700   0.9310399445E+003   0.0000000000E+000
    206800   0.9259500877E+003   0.0000000000E+000
    206900   0.9375066138E+003   0.0000000000E+000
    207000   0.9308295928E+003   0.0000000000E+000
    207100   0.9286851384E+003   0.0000000000E+000
    207200   0.9287517366E+003   0.0000000000E+000
    207300   0.9213436350E+003   0.0000000000E+000
    207400   0.9230685471E+003   0.0000000000E+000
    207500   0.9256425528E+003   0.0000000000E+000
    207600   0.9306531601E+003   0.0000000000E+000
    207700   0.9351056310E+003   0.0000000000E+000
    207800   0.9317313500E+003   0.0000000000E+000
    207900   0.9284600105E+003   0.0000000000E+000
    208000   0.9175421662E+003   0.0000000000E+000
    208100   0.9431001782E+003   0.0000000000E+000
    208200   0.9348388832E+003   0.0000000000E+000
    208300   0.9270208943E+003   0.0000000000E+000
    208400   0.9244340436E+003   0.0000000000E+000
    208500   0.9273148558E+003   0.0000000000E+000
    208600   0.9261767807E+003   0.0000000000E+000
    208700   0.9332036061E+003   0.0000000000E+000
    208800   0.9202173140E+003   0.0000000000E+000
    208900   0.9300985702E+003   0.0000000000E+000
    209000   0.9277111960E+003   0.0000000000E+000
    209100   0.9192320877E+003   0.0000000000E+000
    209200   0.9280901403E+003   0.0000000000E+000
    209300   0.9336643618E+003   0.0000000000E+000
    209400   0.9347132965E+003   0.0000000000E+000
    209500   0.9312925366E+003   0.0000000000E+000
    209600   0.9329503377E+003   0.0000000000E+000
    209700   0.9329558063E+003   0.0000000000E+000
    209800   0.9384965273E+003   0.0000000000E+000
    209900   0.9296264925E+003   0.0000000000E+000
    210000   0.9294560534E+003   0.0000000000E+000
    210100   0.9287299370E+003   0.0000000000E+000
    210200   0.9411294856E+003   0.0000000000E+000
    210300   0.9357641212E+003   0.0000000000E+000
    210400   0.9241417816E+003   0.0000000000E+000
    210500   0.9220390107E+003   0.0000000000E+000
    210600   0.9289248854E+003   0.0000000000E+000
    210700   0.9299977031E+003   0.0000000000E+000
    210800   0.9227124571E+003   0.0000000000E+000
    210900   0.9220711167E+003   0.0000000000E+000
    211000   0.9350758025E+003   0.0000000000E+000
    211100   0.9287720607E+003   0.0000000000E+000
    211200   0.9280341392E+003   0.0000000000E+000
    211300   0.9249921113E+003   0.0000000000E+000
    211400   0.9189147155E+003   0.0000000000E+000
    211500   0.9328953308E+003   0.0000000000E+000
    211600   0.9318222929E+003   0.0000000000E+000
    211700   0.9319086668E+003   0.0000000000E+000
    211800   0.9246059667E+003   0.0000000000E+000
    211900   0.9390910486E+003   0.0000000000E+000
    212000   0.9352672284E+003   0.0000000000E+000
    212100   0.9239052148E+003   0.0000000000E+000
    212200   0.9218340043E+003   0.0000000000E+000
    212300   0.9299334821E+003   0.0000000000E+000
    212400   0.9215720308E+003   0.0000000000E+000
    212500   0.9117502963E+003   0.0000000000E+000
    212600   0.9213340574E+003   0.0000000000E+000
    212700   0.9154375991E+003   0.0000000000E+000
    212800   0.9261793013E+003   0.0000000000E+000
    212900   0.9282225461E+003   0.0000000000E+000
    213000   0.9212340253E+003   0.0000000000E+000
    213100   0.9243163222E+003   0.0000000000E+000
    213200   0.9188685069E+003   0.0000000000E+000
    213300   0.9267608023E+003   0.0000000000E+000
    213400   0.9340078724E+003   0.0000000000E+000
    213500   0.9262341069E+003   0.0000000000E+000
    213600   0.9286383503E+003   0.0000000000E+000
    213700   0.9201610374E+003   0.0000000000E+000
    213800   0.9236030492E+003   0.0000000000E+000
    213900   0.9310463168E+003   0.0000000000E+000
    214000   0.9332838857E+003   0.0000000000E+000
    214100   0.9224229173E+003   0.0000000000E+000
    214200   0.9261989723E+003   0.0000000000E+000
    214300   0.9333816137E+003   0.0000000000E+000
    214400   0.9280189422E+003   0.0000000000E+000
    214500   0.9295509708E+003   0.0000000000E+000
    214600   0.9341865851E+003   0.0000000000E+000
    214700   0.9321176438E+003   0.0000000000E+000
    214800   0.9232423009E+003   0.0000000000E+000
    214900   0.9320696328E+003   0.0000000000E+000
    215000   0.9328034287E+003   0.0000000000E+000
    215100   0.9351070397E+003   0.0000000000E+000
    215200   0.9309416107E+003   0.0000000000E+000
    215300   0.9281413449E+003   0.0000000000E+000
    215400   0.9308949329E+003   0.0000000000E+000
    215500   0.9193554012E+003   0.0000000000E+000
    215600   0.9230837571E+003   0.0000000000E+000
    215700   0.9353143891E+003   0.0000000000E+000
    215800   0.9343564596E+003   0.0000000000E+000
    215900   0.9251725179E+003   0.0000000000E+000
    216000   0.9268602136E+003   0.0000000000E+000
    216100   0.9275125275E+003   0.0000000000E+000
    216200   0.9304145059E+003   0.0000000000E+000
    216300   0.9210539286E+003   0.0000000000E+000
    216400   0.9254820272E+003   0.0000000000E+000
    216500   0.9277857417E+003   0.0000000000E+000
    216600   0.9276447119E+003   0.0000000000E+000
    216700   0.9241299424E+003   0.0000000000E+000
    216800   0.9246554006E+003   0.0000000000E+000
    216900   0.9218224570E+003   0.0000000000E+000
    217000   0.9237118224E+003   0.0000000000E+000
    217100   0.9117063957E+003   0.0000000000E+000
    217200   0.9276294214E+003   0.0000000000E+000
    217300   0.9292938461E+003   0.0000000000E+000
    217400   0.9372624372E+003   0.0000000000E+000
    217500   0.9220926242E+003   0.0000000000E+000
    217600   0.9166664636E+003   0.0000000000E+000
    217700   0.9211786793E+003   0.0000000000E+000
    217800   0.9351512387E+003   0.0000000000E+000
    217900   0.9305880822E+003   0.0000000000E+000
    218000   0.9301182694E+003   0.0000000000E+000
    218100   0.9355897149E+003   0.0000000000E+000
    218200   0.9334621003E+003   0.0000000000E+000
    218300   0.9260672793E+003   0.0000000000E+000
    218400   0.9203568248E+003   0.0000000000E+000
    218500   0.9200312048E+003   0.0000000000E+000
    218600   0.9228205387E+003   0.0000000000E+000
    218700   0.9219168548E+003   0.0000000000E+000
    218800   0.9341469197E+003   0.0000000000E+000
    218900   0.9188554103E+003   0.0000000000E+000
    219000   0.9334871855E+003   0.0000000000E+000
    219100   0.9261294576E+003   0.0000000000E+000
    219200   0.9289796969E+003   0.0000000000E+000
    219300   0.9180375036E+003   0.0000000000E+000
    219400   0.9351081592E+003   0.0000000000E+000
    219500   0.9308771854E+003   0.0000000000E+000
    219600   0.9361286022E+003   0.0000000000E+000
    219700   0.9262154454E+003   0.0000000000E+000
    219800   0.9256727332E+003   0.0000000000E+000
    219900   0.9159192228E+003   0.0000000000E+000
    220000   0.9208372747E+003   0.0000000000E+000
    220100   0.9216456704E+003   0.0000000000E+000
    220200   0.9200975841E+003   0.0000000000E+000
    220300   0.9298223987E+003   0.0000000000E+000
    220400   0.9260810663E+003   0.0000000000E+000
    220500   0.9246244884E+003   0.0000000000E+000
    220600   0.9301140107E+003   0.0000000000E+000
    220700   0.9292230787E+003   0.0000000000E+000
    220800   0.9293597266E+003   0.0000000000E+000
    220900   0.9315491418E+003   0.0000000000E+000
    221000   0.9252793261E+003   0.0000000000E+000
    221100   0.9303034793E+003   0.0000000000E+000
    221200   0.9270511793E+003   0.0000000000E+000
    221300   0.9215784002E+003   0.0000000000E+000
    221400   0.9240571013E+003   0.0000000000E+000
    221500   0.9271556368E+003   0.0000000000E+000
    221600   0.9277313726E+003   0.0000000000E+000
    221700   0.9168838622E+003   0.0000000000E+000
    221800   0.9257979574E+003   0.0000000000E+000
    221900   0.9314668544E+003   0.0000000000E+000
    222000   0.9286973926E+003   0.0000000000E+000
    222100   0.9347651000E+003   0.0000000000E+000
    222200   0.9185319704E+003   0.0000000000E+000
    222300   0.9227079182E+003   0.0000000000E+000
    222400   0.9358645565E+003   0.0000000000E+000
    222500   0.9262168715E+003   0.0000000000E+000
    222600   0.9238815664E+003   0.0000000000E+000
    222700   0.9194203491E+003   0.0000000000E+000
    222800   0.9195549410E+003   0.0000000000E+000
    222900   0.9216017313E+003   0.0000000000E+000
    223000   0.9207543685E+003   0.0000000000E+000
    223100   0.9254975988E+003   0.0000000000E+000
    223200   0.9173941656E+003   0.0000000000E+000
    223300   0.9204251937E+003   0.0000000000E+000
    223400   0.9154761129E+003   0.0000000000E+000
    223500   0.9220718709E+003   0.0000000000E+000
    223600   0.9267546391E+003   0.0000000000E+000
    223700   0.9132718909E+003   0.0000000000E+000
    223800   0.9155523643E+003   0.0000000000E+000
    223900   0.9237649828E+003   0.0000000000E+000
    224000   0.9236262888E+003   0.0000000000E+000
    224100   0.9236698255E+003   0.0000000000E+000
    224200   0.9182128099E+003   0.0000000000E+000
    224300   0.9249180118E+003   0.0000000000E+000
    224400   0.9225413145E+003   0.0000000000E+000
    224500   0.9179510351E+003   0.0000000000E+000
    224600   0.9223787923E+003   0.0000000000E+000
    224700   0.9276214935E+003   0.0000000000E+000
    224800   0.9273755478E+003   0.0000000000E+000
    224900   0.9305267253E+003   0.0000000000E+000
    225000   0.9219539614E+003   0.0000000000E+000
    225100   0.9282096313E+003   0.0000000000E+000
    225200   0.9274318545E+003   0.0000000000E+000
    225300   0.9186980821E+003   0.0000000000E+000
    225400   0.9230400759E+003   0.0000000000E+000
    225500   0.9265835852E+003   0.0000000000E+000
    225600   0.9322101363E+003   0.0000000000E+000
    225700   0.9204693669E+003   0.0000000000E+000
    225800   0.9244619867E+003   0.0000000000E+000
    225900   0.9261209174E+003   0.0000000000E+000
    226000   0.9287712177E+003   0.0000000000E+000
    226100   0.9341426521E+003   0.0000000000E+000
    226200   0.9261655710E+003   0.0000000000E+000
    226300   0.9293982737E+003   0.0000000000E+000
    226400   0.9238314719E+003   0.0000000000E+000
    226500   0.9299855874E+003   0.0000000000E+000
    226600   0.9328708282E+003   0.0000000000E+000
    226700   0.9301112574E+003   0.0000000000E+000
    226800   0.9220308795E+003   0.0000000000E+000
    226900   0.9180828928E+003   0.0000000000E+000
    227000   0.9283700263E+003   0.0000000000E+000
    227100   0.9291878215E+003   0.0000000000E+000
    227200   0.9312695440E+003   0.0000000000E+000
    227300   0.9204236945E+003   0.0000000000E+000
    227400   0.9346161751E+003   0.0000000000E+000
    227500   0.9270835600E+003   0.0000000000E+000
    227600   0.9310452344E+003   0.0000000000E+000
    227700   0.9301803627E+003   0.0000000000E+000
    227800   0.9319759299E+003   0.0000000000E+000
    227900   0.9264402347E+003   0.0000000000E+000
    228000   0.9304257619E+003   0.0000000000E+000
    228100   0.9304312981E+003   0.0000000000E+000
    228200   0.9284500326E+003   0.0000000000E+000
    228300   0.9244491787E+003   0.0000000000E+000
    228400   0.9150305018E+003   0.0000000000E+000
    228500   0.9193704133E+003   0.0000000000E+000
    228600   0.9291146404E+003   0.0000000000E+000
    228700   0.9196756447E+003   0.0000000000E+000
    228800   0.9261959354E+003   0.0000000000E+000
    228900   0.9305346272E+003   0.0000000000E+000
    229000   0.9158787004E+003   0.0000000000E+000
    229100   0.9142821457E+003   0.0000000000E+000
    229200   0.9134647526E+003   0.0000000000E+000
    229300   0.9307228690E+003   0.0000000000E+000
    229400   0.9212365579E+003   0.0000000000E+000
    229500   0.9175896794E+003   0.0000000000E+000
    229600   0.9333016314E+003   0.0000000000E+000
    229700   0.9257908437E+003   0.0000000000E+000
    229800   0.9247198271E+003   0.0000000000E+000
    229900   0.9341703434E+003   0.0000000000E+000
    230000   0.9256507731E+003   0.0000000000E+000
    230100   0.9187449286E+003   0.0000000000E+000
    230200   0.9344622698E+003   0.0000000000E+000
    230300   0.9149733107E+003   0.0000000000E+000
    230400   0.9197277752E+003   0.0000000000E+000
    230500   0.9360968547E+003   0.0000000000E+000
    230600   0.9241431284E+003   0.0000000000E+000
    230700   0.9254241165E+003   0.0000000000E+000
    230800   0.9245458813E+003   0.0000000000E+000
    230900   0.9204443063E+003   0.0000000000E+000
    231000   0.9199530373E+003   0.0000000000E+000
    231100   0.9236174582E+003   0.0000000000E+000
    231200   0.9251315485E+003   0.0000000000E+000
    231300   0.9302141952E+003   0.0000000000E+000
    231400   0.9256125836E+003   0.0000000000E+000
    231500   0.9362727143E+003   0.0000000000E+000
    231600   0.9280370137E+003   0.0000000000E+000
    231700   0.9197466246E+003   0.0000000000E+000
    231800   0.9259115029E+003   0.0000000000E+000
    231900   0.9205613225E+003   0.0000000000E+000
    232000   0.9251718975E+003   0.0000000000E+000
    232100   0.9177670499E+003   0.0000000000E+000
    232200   0.9224718003E+003   0.0000000000E+000
    232300   0.9205153580E+003   0.0000000000E+000
    232400   0.9308960163E+003   0.0000000000E+000
    232500   0.9173301907E+003   0.0000000000E+000
    232600   0.9221440162E+003   0.0000000000E+000
    232700   0.9276275090E+003   0.0000000000E+000
    232800   0.9265326731E+003   0.0000000000E+000
    232900   0.9265065058E+003   0.0000000000E+000
    233000   0.9251040201E+003   0.0000000000E+000
    233100   0.9282823596E+003   0.0000000000E+000
    233200   0.9194969412E+003   0.0000000000E+000
    233300   0.9257837997E+003   0.0000000000E+000
    233400   0.9187276712E+003   0.0000000000E+000
    233500   0.9287028228E+003   0.0000000000E+000
    233600   0.9267209780E+003   0.0000000000E+000
    233700   0.9263897091E+003   0.0000000000E+000
    233800   0.9307788737E+003   0.0000000000E+000
    233900   0.9358503689E+003   0.0000000000E+000
    234000   0.9314484768E+003   0.0000000000E+000
    234100   0.9223906713E+003   0.0000000000E+000
    234200   0.9289842109E+003   0.0000000000E+000
    234300   0.9306992487E+003   0.0000000000E+000
    234400   0.9260102057E+003   0.0000000000E+000
    234500   0.9288913283E+003   0.0000000000E+000
    234600   0.9300586743E+003   0.0000000000E+000
    234700   0.9253711320E+003   0.0000000000E+000
    234800   0.9243283409E+003   0.0000000000E+000
    234900   0.9239435260E+003   0.0000000000E+000
    235000   0.9294668283E+003   0.0000000000E+000
    235100   0.9198322001E+003   0.0000000000E+000
    235200   0.9227452983E+003   0.0000000000E+000
    235300   0.9262109862E+003   0.0000000000E+000
    235400   0.9207103765E+003   0.0000000000E+000
    235500   0.9307137225E+003   0.0000000000E+000
    235600   0.9349419140E+003   0.0000000000E+000
    235700   0.9315932137E+003   0.0000000000E+000
    235800   0.9221661123E+003   0.0000000000E+000
    235900   0.9233065198E+003   0.0000000000E+000
    236000   0.9252226978E+003   0.0000000000E+000
    236100   0.9307592173E+003   0.0000000000E+000
    236200   0.9251030322E+003   0.0000000000E+000
    236300   0.9388500062E+003   0.0000000000E+000
    236400   0.9242879306E+003   0.0000000000E+000
    236500   0.9273866427E+003   0.0000000000E+000
    236600   0.9255410075E+003   0.0000000000E+000
    236700   0.9300990698E+003   0.0000000000E+000
    236800   0.9229707504E+003   0.0000000000E+000
    236900   0.9222658996E+003   0.0000000000E+000
    237000   0.9333405400E+003   0.0000000000E+000
    237100   0.9285359824E+003   0.0000000000E+000
    237200   0.9256816529E+003   0.0000000000E+000
    237300   0.9183073749E+003   0.0000000000E+000
    237400   0.9379871690E+003   0.0000000000E+000
    237500   0.9247941455E+003   0.0000000000E+000
    237600   0.9322974772E+003   0.0000000000E+000
    237700   0.9290578346E+003   0.0000000000E+000
    237800   0.9267010220E+003   0.0000000000E+000
    237900   0.9328590139E+003   0.0000000000E+000
    238000   0.9241360427E+003   0.0000000000E+000
    238100   0.9234538617E+003   0.0000000000E+000
    238200   0.9315384693E+003   0.0000000000E+000
    238300   0.9363073354E+003   0.0000000000E+000
    238400   0.9201967765E+003   0.0000000000E+000
    238500   0.9236637099E+003   0.0000000000E+000
    238600   0.9156911487E+003   0.0000000000E+000
    238700   0.9220212638E+003   0.0000000000E+000
    238800   0.9257524922E+003   0.0000000000E+000
    238900   0.9317340388E+003   0.0000000000E+000
    239000   0.9330105619E+003   0.0000000000E+000
    239100   0.9242014077E+003   0.0000000000E+000
    239200   0.9182891941E+003   0.0000000000E+000
    239300   0.9335079640E+003   0.0000000000E+000
    239400   0.9248792906E+003   0.0000000000E+000
    239500   0.9234127728E+003   0.0000000000E+000
    239600   0.9252910574E+003   0.0000000000E+000
    239700   0.9302176659E+003   0.0000000000E+000
    239800   0.9300270075E+003   0.0000000000E+000
    239900   0.9217606593E+003   0.0000000000E+000
    240000   0.9214731920E+003   0.0000000000E+000
    240100   0.9332470548E+003   0.0000000000E+000
    240200   0.9268450881E+003   0.0000000000E+000
    240300   0.9213416513E+003   0.0000000000E+000
    240400   0.9233068168E+003   0.0000000000E+000
    240500   0.9269225429E+003   0.0000000000E+000
    240600   0.9305001915E+003   0.0000000000E+000
    240700   0.9271571538E+003   0.0000000000E+000
    240800   0.9263305792E+003   0.0000000000E+000
    240900   0.9209822930E+003   0.0000000000E+000
    241000   0.9276010250E+003   0.0000000000E+000
    241100   0.9174074399E+003   0.0000000000E+000
    241200   0.9193757789E+003   0.0000000000E+000
    241300   0.9114125490E+003   0.0000000000E+000
    241400   0.9209911883E+003   0.0000000000E+000
    241500   0.9136384269E+003   0.0000000000E+000
    241600   0.9243888347E+003   0.0000000000E+000
    241700   0.9160139617E+003   0.0000000000E+000
    241800   0.9288816822E+003   0.0000000000E+000
    241900   0.9267156421E+003   0.0000000000E+000
    242000   0.9215144057E+003   0.0000000000E+000
    242100   0.9223409609E+003   0.0000000000E+000
    242200   0.9227664776E+003   0.0000000000E+000
    242300   0.9278886531E+003   0.0000000000E+000
    242400   0.9191990704E+003   0.0000000000E+000
    242500   0.9230543561E+003   0.0000000000E+000
    242600   0.9180044313E+003   0.0000000000E+000
    242700   0.9093210852E+003   0.0000000000E+000
    242800   0.9133117585E+003   0.0000000000E+000
    242900   0.9272945665E+003   0.0000000000E+000
    243000   0.9140636770E+003   0.0000000000E+000
    243100   0.9254618842E+003   0.0000000000E+000
    243200   0.9277171768E+003   0.0000000000E+000
    243300   0.9192380642E+003   0.0000000000E+000
    243400   0.9329720635E+003   0.0000000000E+000
    243500   0.9251944788E+003   0.0000000000E+000
    243600   0.9226401694E+003   0.0000000000E+000
    243700   0.9157428221E+003   0.0000000000E+000
    243800   0.9195173721E+003   0.0000000000E+000
    243900   0.9298871129E+003   0.0000000000E+000
    244000   0.9229412427E+003   0.0000000000E+000
    244100   0.9278612502E+003   0.0000000000E+000
    244200   0.9290304851E+003   0.0000000000E+000
    244300   0.9350597947E+003   0.0000000000E+000
    244400   0.9342894485E+003   0.0000000000E+000
    244500   0.9232361603E+003   0.0000000000E+000
    244600   0.9332180410E+003   0.0000000000E+000
    244700   0.9245125599E+003   0.0000000000E+000
    244800   0.9292032286E+003   0.0000000000E+000
    244900   0.9224252959E+003   0.0000000000E+000
    245000   0.9203518322E+003   0.0000000000E+000
    245100   0.9209948118E+003   0.0000000000E+000
    245200   0.9354561182E+003   0.0000000000E+000
    245300   0.9357849075E+003   0.0000000000E+000
    245400   0.9288733663E+003   0.0000000000E+000
    245500   0.9234737239E+003   0.0000000000E+000
    245600   0.9193200518E+003   0.0000000000E+000
    245700   0.9320806785E+003   0.0000000000E+000
    245800   0.9375574275E+003   0.0000000000E+000
    245900   0.9198471651E+003   0.0000000000E+000
    246000   0.9316821449E+003   0.0000000000E+000
    246100   0.9186375160E+003   0.0000000000E+000
    246200   0.9306340800E+003   0.0000000000E+000
    246300   0.9271650112E+003   0.0000000000E+000
    246400   0.9267985966E+003   0.0000000000E+000
    246500   0.9272133487E+003   0.0000000000E+000
    246600   0.9245722248E+003   0.0000000000E+000
    246700   0.9217686782E+003   0.0000000000E+000
    246800   0.9223628238E+003   0.0000000000E+000
    246900   0.9275447275E+003   0.0000000000E+000
    247000   0.9296557230E+003   0.0000000000E+000
    247100   0.9253761062E+003   0.0000000000E+000
    247200   0.9224703923E+003   0.0000000000E+000
    247300   0.9224551301E+003   0.0000000000E+000
    247400   0.9372807914E+003   0.0000000000E+000
    247500   0.9235561332E+003   0.0000000000E+000
    247600   0.9193850130E+003   0.0000000000E+000
    247700   0.9227835278E+003   0.0000000000E+000
    247800   0.9199227617E+003   0.0000000000E+000
    247900   0.9325516401E+003   0.0000000000E+000
    248000   0.9259121181E+003   0.0000000000E+000
    248100   0.9332929739E+003   0.0000000000E+000
    248200   0.9325097176E+003   0.0000000000E+000
    248300   0.9277561851E+003   0.0000000000E+000
    248400   0.9313230264E+003   0.0000000000E+000
    248500   0.9251876112E+003   0.0000000000E+000
    248600   0.9334495645E+003   0.0000000000E+000
    248700   0.9253105718E+003   0.0000000000E+000
    248800   0.9246042682E+003   0.0000000000E+000
    248900   0.9224355969E+003   0.0000000000E+000
    249000   0.9222169353E+003   0.0000000000E+000
    249100   0.9159824861E+003   0.0000000000E+000
    249200   0.9330089961E+003   0.0000000000E+000
    249300   0.9207914244E+003   0.0000000000E+000
    249400   0.9114780104E+003   0.0000000000E+000
    249500   0.9276733243E+003   0.0000000000E+000
    249600   0.9224560263E+003   0.0000000000E+000
    249700   0.9221321469E+003   0.0000000000E+000
    249800   0.9227690617E+003   0.0000000000E+000
    249900   0.9150365966E+003   0.0000000000E+000
    250000   0.9230587934E+003   0.0000000000E+000
    250100   0.9177453610E+003   0.0000000000E+000
    250200   0.9205665281E+003   0.0000000000E+000
    250300   0.9231637531E+003   0.0000000000E+000
    250400   0.9277910048E+003   0.0000000000E+000
    250500   0.9328121679E+003   0.0000000000E+000
    250600   0.9171949454E+003   0.0000000000E+000
    250700   0.9176777005E+003   0.0000000000E+000
    250800   0.9332974183E+003   0.0000000000E+000
    250900   0.9308784175E+003   0.0000000000E+000
    251000   0.9209793997E+003   0.0000000000E+000
    251100   0.9220978690E+003   0.0000000000E+000
    251200   0.9313233951E+003   0.0000000000E+000
    251300   0.9222724139E+003   0.0000000000E+000
    251400   0.9316725450E+003   0.0000000000E+000
    251500   0.9263925752E+003   0.0000000000E+000
    251600   0.9194914004E+003   0.0000000000E+000
    251700   0.9244693553E+003   0.0000000000E+000
    251800   0.9208296627E+003   0.0000000000E+000
    251900   0.9329339394E+003   0.0000000000E+000
    252000   0.9151034545E+003   0.0000000000E+000
    252100   0.9281462846E+003   0.0000000000E+000
    252200   0.9214177211E+003   0.0000000000E+000
    252300   0.9236073156E+003   0.0000000000E+000
    252400   0.9237399910E+003   0.0000000000E+000
    252500   0.9179145946E+003   0.0000000000E+000
    252600   0.9288192190E+003   0.0000000000E+000
    252700   0.9271312837E+003   0.0000000000E+000
    252800   0.9163335506E+003   0.0000000000E+000
    252900   0.9290074817E+003   0.0000000000E+000
    253000   0.9315260901E+003   0.0000000000E+000
    253100   0.9285181944E+003   0.0000000000E+000
    253200   0.9297622163E+003   0.0000000000E+000
    253300   0.9377353275E+003   0.0000000000E+000
    253400   0.9265883957E+003   0.0000000000E+000
    253500   0.9263198259E+003   0.0000000000E+000
    253600   0.9305212665E+003   0.0000000000E+000
    253700   0.9268919624E+003   0.0000000000E+000
    253800   0.9382035022E+003   0.0000000000E+000
    253900   0.9305438088E+003   0.0000000000E+000
    254000   0.9283106191E+003   0.0000000000E+000
    254100   0.9304626468E+003   0.0000000000E+000
    254200   0.9284252604E+003   0.0000000000E+000
    254300   0.9271453626E+003   0.0000000000E+000
    254400   0.9187014342E+003   0.0000000000E+000
    254500   0.9298910364E+003   0.0000000000E+000
    254600   0.9265417386E+003   0.0000000000E+000
    254700   0.9224840341E+003   0.0000000000E+000
    254800   0.9277983547E+003   0.0000000000E+000
    254900   0.9355990237E+003   0.0000000000E+000
    255000   0.9179420024E+003   0.0000000000E+000
    255100   0.9263513738E+003   0.0000000000E+000
    255200   0.9305271705E+003   0.0000000000E+000
    255300   0.9306731455E+003   0.0000000000E+000
    255400   0.9279827998E+003   0.0000000000E+000
    255500   0.9284278677E+003   0.0000000000E+000
    255600   0.9254698428E+003   0.0000000000E+000
    255700   0.9269589122E+003   0.0000000000E+000
    255800   0.9268753565E+003   0.0000000000E+000
    255900   0.9312587930E+003   0.0000000000E+000
    256000   0.9244314710E+003   0.0000000000E+000
    256100   0.9206700877E+003   0.0000000000E+000
    256200   0.9267531523E+003   0.0000000000E+000
    256300   0.9221195391E+003   0.0000000000E+000
    256400   0.9270753607E+003   0.0000000000E+000
    256500   0.9294630995E+003   0.0000000000E+000
    256600   0.9234098146E+003   0.0000000000E+000
    256700   0.9192585841E+003   0.0000000000E+000
    256800   0.9302023124E+003   0.0000000000E+000
    256900   0.9351564951E+003   0.0000000000E+000
    257000   0.9334959695E+003   0.0000000000E+000
    257100   0.9279082278E+003   0.0000000000E+000
    257200   0.9186437684E+003   0.0000000000E+000
    257300   0.9253929398E+003   0.0000000000E+000
    257400   0.9353897425E+003   0.0000000000E+000
    257500   0.9224997853E+003   0.0000000000E+000
    257600   0.9299697288E+003   0.0000000000E+000
    257700   0.9209961974E+003   0.0000000000E+000
    257800   0.9155393882E+003   0.0000000000E+000
    257900   0.9253771253E+003   0.0000000000E+000
    258000   0.9292068443E+003   0.0000000000E+000
    258100   0.9322165869E+003   0.0000000000E+000
    258200   0.9200953077E+003   0.0000000000E+000
    258300   0.9242051552E+003   0.0000000000E+000
    258400   0.9282259718E+003   0.0000000000E+000
    258500   0.9200086483E+003   0.0000000000E+000
    258600   0.9162008656E+003   0.0000000000E+000
    258700   0.9308776424E+003   0.0000000000E+000
    258800   0.9222042807E+003   0.0000000000E+000
    258900   0.9289644105E+003   0.0000000000E+000
    259000   0.9255438765E+003   0.0000000000E+000
    259100   0.9262311884E+003   0.0000000000E+000
    259200   0.9158215956E+003   0.0000000000E+000
    259300   0.9158983495E+003   0.0000000000E+000
    259400   0.9224339198E+003   0.0000000000E+000
    259500   0.9173409448E+003   0.0000000000E+000
    259600   0.9232859543E+003   0.0000000000E+000
    259700   0.9220454369E+003   0.0000000000E+000
    259800   0.9223186785E+003   0.0000000000E+000
    259900   0.9174630066E+003   0.0000000000E+000
    260000   0.9307381723E+003   0.0000000000E+000
    260100   0.9239042162E+003   0.0000000000E+000
    260200   0.9268035686E+003   0.0000000000E+000
    260300   0.9177465676E+003   0.0000000000E+000
    260400   0.9215965129E+003   0.0000000000E+000
    260500   0.9190802873E+003   0.0000000000E+000
    260600   0.9257491630E+003   0.0000000000E+000
    260700   0.9205205769E+003   0.0000000000E+000
    260800   0.9297122826E+003   0.0000000000E+000
    260900   0.9272876245E+003   0.0000000000E+000
    261000   0.9224696128E+003   0.0000000000E+000
    261100   0.9343226883E+003   0.0000000000E+000
    261200   0.9309428220E+003   0.0000000000E+000
    261300   0.9226761736E+003   0.0000000000E+000
    261400   0.9213909108E+003   0.0000000000E+000
    261500   0.9260588678E+003   0.0000000000E+000
    261600   0.9324172258E+003   0.0000000000E+000
    261700   0.9183100594E+003   0.0000000000E+000
    261800   0.9324714661E+003   0.0000000000E+000
    261900   0.9276801826E+003   0.0000000000E+000
    262000   0.9309266190E+003   0.0000000000E+000
    262100   0.9219055415E+003   0.0000000000E+000
    262200   0.9272164530E+003   0.0000000000E+000
    262300   0.9253286631E+003   0.0000000000E+000
    262400   0.9254328756E+003   0.0000000000E+000
    262500   0.9316829372E+003   0.0000000000E+000
    262600   0.9369934895E+003   0.0000000000E+000
    262700   0.9336560478E+003   0.0000000000E+000
    262800   0.9404087487E+003   0.0000000000E+000
    262900   0.9255781403E+003   0.0000000000E+000
    263000   0.9277813874E+003   0.0000000000E+000
    263100   0.9333558083E+003   0.0000000000E+000
    263200   0.9295822792E+003   0.0000000000E+000
    263300   0.9277409973E+003   0.0000000000E+000
    263400   0.9343430492E+003   0.0000000000E+000
    263500   0.9200793271E+003   0.0000000000E+000
    263600   0.9205201157E+003   0.0000000000E+000
    263700   0.9140022465E+003   0.0000000000E+000
    263800   0.9349167698E+003   0.0000000000E+000
    263900   0.9406059221E+003   0.0000000000E+000
    264000   0.9293036810E+003   0.0000000000E+000
    264100   0.9238634087E+003   0.0000000000E+000
    264200   0.9239937131E+003   0.0000000000E+000
    264300   0.9332729602E+003   0.0000000000E+000
    264400   0.9225123714E+003   0.0000000000E+000
    264500   0.9228567789E+003   0.0000000000E+000
    264600   0.9347619824E+003   0.0000000000E+000
    264700   0.9295706140E+003   0.0000000000E+000
    264800   0.9358372168E+003   0.0000000000E+000
    264900   0.9238915938E+003   0.0000000000E+000
    265000   0.9315171026E+003   0.0000000000E+000
    265100   0.9236178025E+003   0.0000000000E+000
    265200   0.9210932386E+003   0.0000000000E+000
    265300   0.9118346999E+003   0.0000000000E+000
    265400   0.9249340073E+003   0.0000000000E+000
    265500   0.9294428606E+003   0.0000000000E+000
    265600   0.9253676779E+003   0.0000000000E+000
    265700   0.9243181190E+003   0.0000000000E+000
    265800   0.9337725603E+003   0.0000000000E+000
    265900   0.9284922399E+003   0.0000000000E+000
    266000   0.9294027927E+003   0.0000000000E+000
    266100   0.9292910297E+003   0.0000000000E+000
    266200   0.9203542018E+003   0.0000000000E+000
    266300   0.9291600356E+003   0.0000000000E+000
    266400   0.9274387611E+003   0.0000000000E+000
    266500   0.9256104665E+003   0.0000000000E+000
    266600   0.9189345322E+003   0.0000000000E+000
    266700   0.9301241650E+003   0.0000000000E+000
    266800   0.9278899284E+003   0.0000000000E+000
    266900   0.9237975007E+003   0.0000000000E+000
    267000   0.9173925083E+003   0.0000000000E+000
    267100   0.9247487943E+003   0.0000000000E+000
    267200   0.9398276732E+003   0.0000000000E+000
    267300   0.9232438838E+003   0.0000000000E+000
    267400   0.9136174078E+003   0.0000000000E+000
    267500   0.9216882286E+003   0.0000000000E+000
    267600   0.9284073272E+003   0.0000000000E+000
    267700   0.9243218839E+003   0.0000000000E+000
    267800   0.9279675289E+003   0.0000000000E+000
    267900   0.9189373676E+003   0.0000000000E+000
    268000   0.9191727017E+003   0.0000000000E+000
    268100   0.9294817298E+003   0.0000000000E+000
    268200   0.9311033695E+003   0.0000000000E+000
    268300   0.9321646111E+003   0.0000000000E+000
    268400   0.9219223261E+003   0.0000000000E+000
    268500   0.9172566273E+003   0.0000000000E+000
    268600   0.9170294999E+003   0.0000000000E+000
    268700   0.9248450113E+003   0.0000000000E+000
    268800   0.9170608997E+003   0.0000000000E+000
    268900   0.9167001740E+003   0.0000000000E+000
    269000   0.9187405764E+003   0.0000000000E+000
    269100   0.9281338796E+003   0.0000000000E+000
    269200   0.9246915256E+003   0.0000000000E+000
    269300   0.9261698366E+003   0.0000000000E+000
    269400   0.9272459459E+003   0.0000000000E+000
    269500   0.9270037648E+003   0.0000000000E+000
    269600   0.9309147707E+003   0.0000000000E+000
    269700   0.9236899684E+003   0.0000000000E+000
    269800   0.9273524581E+003   0.0000000000E+000
    269900   0.9322200557E+003   0.0000000000E+000
    270000   0.9292435068E+003   0.0000000000E+000
    270100   0.9291570611E+003   0.0000000000E+000
    270200   0.9259075877E+003   0.0000000000E+000
    270300   0.9294073783E+003   0.0000000000E+000
    270400   0.9301109313E+003   0.0000000000E+000
    270500   0.9271994676E+003   0.0000000000E+000
    270600   0.9276943454E+003   0.0000000000E+000
    270700   0.9235050582E+003   0.0000000000E+000
    270800   0.9232260555E+003   0.0000000000E+000
    270900   0.9208461228E+003   0.0000000000E+000
    271000   0.9158080206E+003   0.0000000000E+000
    271100   0.9210902302E+003   0.0000000000E+000
    271200   0.9270095338E+003   0.0000000000E+000
    271300   0.9204914954E+003   0.0000000000E+000
    271400   0.9276965327E+003   0.0000000000E+000
    271500   0.9203942242E+003   0.0000000000E+000
    271600   0.9286014342E+003   0.0000000000E+000
    271700   0.9218367053E+003   0.0000000000E+000
    271800   0.9285183956E+003   0.0000000000E+000
    271900   0.9301087897E+003   0.0000000000E+000
    272000   0.9306480138E+003   0.0000000000E+000
    272100   0.9251647959E+003   0.0000000000E+000
    272200   0.9284540517E+003   0.0000000000E+000
    272300   0.9300161385E+003   0.0000000000E+000
    272400   0.9288872844E+003   0.0000000000E+000
    272500   0.9368485990E+003   0.0000000000E+000
    272600   0.9252558512E+003   0.0000000000E+000
    272700   0.9329221371E+003   0.0000000000E+000
    272800   0.9293965818E+003   0.0000000000E+000
    272900   0.9319615772E+003   0.0000000000E+000
    273000   0.9333918844E+003   0.0000000000E+000
    273100   0.9283987130E+003   0.0000000000E+000
    273200   0.9238472387E+003   0.0000000000E+000
    273300   0.9257263557E+003   0.0000000000E+000
    273400   0.9309992182E+003   0.0000000000E+000
    273500   0.9220076583E+003   0.0000000000E+000
    273600   0.9268985106E+003   0.0000000000E+000
    273700   0.9132106041E+003   0.0000000000E+000
    273800   0.9289848905E+003   0.0000000000E+000
    273900   0.9286488877E+003   0.0000000000E+000
    274000   0.9230590040E+003   0.0000000000E+000
    274100   0.9303753411E+003   0.0000000000E+000
    274200   0.9286037667E+003   0.0000000000E+000
    274300   0.9228284285E+003   0.0000000000E+000
    274400   0.9308861273E+003   0.0000000000E+000
    274500   0.9274153213E+003   0.0000000000E+000
    274600   0.9158111759E+003   0.0000000000E+000
    274700   0.9297728787E+003   0.0000000000E+000
    274800   0.9255474250E+003   0.0000000000E+000
    274900   0.9269091868E+003   0.0000000000E+000
    275000   0.9163861295E+003   0.0000000000E+000
    275100   0.9244393178E+003   0.0000000000E+000
    275200   0.9201128551E+003   0.0000000000E+000
    275300   0.9298570811E+003   0.0000000000E+000
    275400   0.9205874914E+003   0.0000000000E+000
    275500   0.9228971946E+003   0.0000000000E+000
    275600   0.9136190043E+003   0.0000000000E+000
    275700   0.9192976837E+003   0.0000000000E+000
    275800   0.9226415503E+003   0.0000000000E+000
    275900   0.9288993612E+003   0.0000000000E+000
    276000   0.9304967563E+003   0.0000000000E+000
    276100   0.9190958660E+003   0.0000000000E+000
    276200   0.9104787805E+003   0.0000000000E+000
    276300   0.9295786544E+003   0.0000000000E+000
    276400   0.9302250229E+003   0.0000000000E+000
    276500   0.9260605340E+003   0.0000000000E+000
    276600   0.9261348039E+003   0.0000000000E+000
    276700   0.9246831105E+003   0.0000000000E+000
    276800   0.9214445747E+003   0.0000000000E+000
    276900   0.9212560195E+003   0.0000000000E+000
    277000   0.9306915488E+003   0.0000000000E+000
    277100   0.9234996682E+003   0.0000000000E+000
    277200   0.9213285954E+003   0.0000000000E+000
    277300   0.9242902799E+003   0.0000000000E+000
    277400   0.9216626879E+003   0.0000000000E+000
    277500   0.9221482125E+003   0.0000000000E+000
    277600   0.9245310652E+003   0.0000000000E+000
    277700   0.9194709165E+003   0.0000000000E+000
    277800   0.9150521676E+003   0.0000000000E+000
    277900   0.9210497347E+003   0.0000000000E+000
    278000   0.9254252711E+003   0.0000000000E+000
    278100   0.9182500371E+003   0.0000000000E+000
    278200   0.9223517696E+003   0.0000000000E+000
    278300   0.9250158755E+003   0.0000000000E+000
    278400   0.9200004450E+003   0.0000000000E+000
    278500   0.9248654819E+003   0.0000000000E+000
    278600   0.9213787662E+003   0.0000000000E+000
    278700   0.9233938544E+003   0.0000000000E+000
    278800   0.9258014265E+003   0.0000000000E+000
    278900   0.9117515312E+003   0.0000000000E+000
    279000   0.9214187052E+003   0.0000000000E+000
    279100   0.9201844066E+003   0.0000000000E+000
    279200   0.9147075803E+003   0.0000000000E+000
    279300   0.9276085818E+003   0.0000000000E+000
    279400   0.9250893333E+003   0.0000000000E+000
    279500   0.9240390323E+003   0.0000000000E+000
    279600   0.9244295356E+003   0.0000000000E+000
    279700   0.9302067758E+003   0.0000000000E+000
    279800   0.9199335063E+003   0.0000000000E+000
    279900   0.9218480214E+003   0.0000000000E+000
    280000   0.9175826178E+003   0.0000000000E+000
    280100   0.9259995724E+003   0.0000000000E+000
    280200   0.9171002046E+003   0.0000000000E+000
    280300   0.9252189368E+003   0.0000000000E+000
    280400   0.9185290377E+003   0.0000000000E+000
    280500   0.9231028396E+003   0.0000000000E+000
    280600   0.9249813498E+003   0.0000000000E+000
    280700   0.9270185954E+003   0.0000000000E+000
    280800   0.9199497187E+003   0.0000000000E+000
    280900   0.9276385776E+003   0.0000000000E+000
    281000   0.9300364129E+003   0.0000000000E+000
    281100   0.9247885939E+003   0.0000000000E+000
    281200   0.9258818408E+003   0.0000000000E+000
    281300   0.9255343701E+003   0.0000000000E+000
    281400   0.9232121861E+003   0.0000000000E+000
    281500   0.9158584169E+003   0.0000000000E+000
    281600   0.9167361109E+003   0.0000000000E+000
    281700   0.9261644980E+003   0.0000000000E+000
    281800   0.9245170707E+003   0.0000000000E+000
    281900   0.9240989844E+003   0.0000000000E+000
    282000   0.9229040904E+003   0.0000000000E+000
    282100   0.9220924984E+003   0.0000000000E+000
    282200   0.9172798594E+003   0.0000000000E+000
    282300   0.9218880349E+003   0.0000000000E+000
    282400   0.9231055076E+003   0.0000000000E+000
    282500   0.9278638708E+003   0.0000000000E+000
    282600   0.9317097636E+003   0.0000000000E+000
    282700   0.9246439565E+003   0.0000000000E+000
    282800   0.9278484531E+003   0.0000000000E+000
    282900   0.9292402352E+003   0.0000000000E+000
    283000   0.9269790190E+003   0.0000000000E+000
    283100   0.9202284921E+003   0.0000000000E+000
    283200   0.9310590544E+003   0.0000000000E+000
    283300   0.9213585411E+003   0.0000000000E+000
    283400   0.9287324730E+003   0.0000000000E+000
    283500   0.9142488667E+003   0.0000000000E+000
    283600   0.9254038192E+003   0.0000000000E+000
    283700   0.9238009419E+003   0.0000000000E+000
    283800   0.9301158182E+003   0.0000000000E+000
    283900   0.9336347121E+003   0.0000000000E+000
    284000   0.9230552433E+003   0.0000000000E+000
    284100   0.9405105047E+003   0.0000000000E+000
    284200   0.9323581708E+003   0.0000000000E+000
    284300   0.9366895658E+003   0.0000000000E+000
    284400   0.9291395030E+003   0.0000000000E+000
    284500   0.9328898884E+003   0.0000000000E+000
    284600   0.9216092309E+003   0.0000000000E+000
    284700   0.9291746081E+003   0.0000000000E+000
    284800   0.9213290925E+003   0.0000000000E+000
    284900   0.9240302066E+003   0.0000000000E+000
    285000   0.9282207561E+003   0.0000000000E+000
    285100   0.9305270076E+003   0.0000000000E+000
    285200   0.9251245501E+003   0.0000000000E+000
    285300   0.9188208310E+003   0.0000000000E+000
    285400   0.9312742485E+003   0.0000000000E+000
    285500   0.9280289698E+003   0.0000000000E+000
    285600   0.9346623567E+003   0.0000000000E+000
    285700   0.9242443709E+003   0.0000000000E+000
    285800   0.9240382143E+003   0.0000000000E+000
    285900   0.9233522038E+003   0.0000000000E+000
    286000   0.9334648859E+003   0.0000000000E+000
    286100   0.9274408051E+003   0.0000000000E+000
    286200   0.9294524195E+003   0.0000000000E+000
    286300   0.9280118637E+003   0.0000000000E+000
    286400   0.9299508572E+003   0.0000000000E+000
    286500   0.9240758732E+003   0.0000000000E+000
    286600   0.9307360110E+003   0.0000000000E+000
    286700   0.9409197942E+003   0.0000000000E+000
    286800   0.9338311179E+003   0.0000000000E+000
    286900   0.9349519880E+003   0.0000000000E+000
    287000   0.9337844164E+003   0.0000000000E+000
    287100   0.9351622654E+003   0.0000000000E+000
    287200   0.9322801410E+003   0.0000000000E+000
    287300   0.9310839006E+003   0.0000000000E+000
    287400   0.9350721987E+003   0.0000000000E+000
    287500   0.9315607929E+003   0.0000000000E+000
    287600   0.9247286485E+003   0.0000000000E+000
    287700   0.9271306328E+003   0.0000000000E+000
    287800   0.9312183120E+003   0.0000000000E+000
    287900   0.9248386619E+003   0.0000000000E+000
    288000   0.9303883710E+003   0.0000000000E+000
    288100   0.9338154442E+003   0.0000000000E+000
    288200   0.9366741995E+003   0.0000000000E+000
    288300   0.9335097656E+003   0.0000000000E+000
    288400   0.9212442648E+003   0.0000000000E+000
    288500   0.9272847356E+003   0.0000000000E+000
    288600   0.9301689113E+003   0.0000000000E+000
    288700   0.9353598357E+003   0.0000000000E+000
    288800   0.9374303809E+003   0.0000000000E+000
    288900   0.9402428317E+003   0.0000000000E+000
    289000   0.9356277432E+003   0.0000000000E+000
    289100   0.9349514831E+003   0.0000000000E+000
    289200   0.9319372754E+003   0.0000000000E+000
    289300   0.9367774063E+003   0.0000000000E+000
    289400   0.9349867700E+003   0.0000000000E+000
    289500   0.9297370770E+003   0.0000000000E+000
    289600   0.9293047735E+003   0.0000000000E+000
    289700   0.9235615872E+003   0.0000000000E+000
    289800   0.9342550265E+003   0.0000000000E+000
    289900   0.9275300861E+003   0.0000000000E+000
    290000   0.9264299238E+003   0.0000000000E+000
    290100   0.9249380379E+003   0.0000000000E+000
    290200   0.9253142485E+003   0.0000000000E+000
    290300   0.9288329160E+003   0.0000000000E+000
    290400   0.9294758440E+003   0.0000000000E+000
    290500   0.9275412246E+003   0.0000000000E+000
    290600   0.9275607967E+003   0.0000000000E+000
    290700   0.9330753984E+003   0.0000000000E+000
    290800   0.9267914049E+003   0.0000000000E+000
    290900   0.9244278942E+003   0.0000000000E+000
    291000   0.9241395379E+003   0.0000000000E+000
    291100   0.9231981819E+003   0.0000000000E+000
    291200   0.9208995768E+003   0.0000000000E+000
    291300   0.9221505587E+003   0.0000000000E+000
    291400   0.9293387256E+003   0.0000000000E+000
    291500   0.9228658135E+003   0.0000000000E+000
    291600   0.9236954699E+003   0.0000000000E+000
    291700   0.9265337928E+003   0.0000000000E+000
    291800   0.9216768980E+003   0.0000000000E+000
    291900   0.9240047966E+003   0.0000000000E+000
    292000   0.9209473190E+003   0.0000000000E+000
    292100   0.9310718184E+003   0.0000000000E+000
    292200   0.9261498305E+003   0.0000000000E+000
    292300   0.9279849690E+003   0.0000000000E+000
    292400   0.9225319360E+003   0.0000000000E+000
    292500   0.9183441735E+003   0.0000000000E+000
    292600   0.9157629467E+003   0.0000000000E+000
    292700   0.9178291519E+003   0.0000000000E+000
    292800   0.9339044071E+003   0.0000000000E+000
    292900   0.9210625777E+003   0.0000000000E+000
    293000   0.9287657005E+003   0.0000000000E+000
    293100   0.9239090154E+003   0.0000000000E+000
    293200   0.9213227376E+003   0.0000000000E+000
    293300   0.9244688700E+003   0.0000000000E+000
    293400   0.9220444837E+003   0.0000000000E+000
    293500   0.9251473834E+003   0.0000000000E+000
    293600   0.9283951502E+003   0.0000000000E+000
    293700   0.9305761742E+003   0.0000000000E+000
    293800   0.9139432987E+003   0.0000000000E+000
    293900   0.9175977048E+003   0.0000000000E+000
    294000   0.9190558051E+003   0.0000000000E+000
    294100   0.9156735300E+003   0.0000000000E+000
    294200   0.9169839452E+003   0.0000000000E+000
    294300   0.9181562775E+003   0.0000000000E+000
    294400   0.9160183944E+003   0.0000000000E+000
    294500   0.9293196086E+003   0.0000000000E+000
    294600   0.9244359235E+003   0.0000000000E+000
    294700   0.9287352537E+003   0.0000000000E+000
    294800   0.9163357605E+003   0.3530863379E+000
    294900   0.9226170405E+003   0.3527171458E+000
    295000   0.9287906671E+003   0.3523598837E+000
    295100   0.9282242337E+003   0.3523924346E+000
    295200   0.9287295297E+003   0.3523633948E+000
    295300   0.9332436653E+003   0.3521055687E+000
    295400   0.9264576836E+003   0.3524942467E+000
    295500   0.9283087455E+003   0.3523875751E+000
    295600   0.9243114555E+003   0.3526185440E+000
    295700   0.9336713174E+003   0.0000000000E+000
    295800   0.9356925350E+003   0.3519668979E+000
    295900   0.9298575431E+003   0.3522986979E+000
    296000   0.9327035958E+003   0.3521362637E+000
    296100   0.9335020928E+003   0.3520908954E+000
    296200   0.9314027967E+003   0.3522103631E+000
    296300   0.9337322121E+003   0.3520778372E+000
    296400   0.9332963367E+003   0.3521025773E+000
    296500   0.9263919171E+003   0.0000000000E+000
    296600   0.9288001594E+003   0.0000000000E+000
    296700   0.9338847046E+003   0.0000000000E+000
    296800   0.9300602362E+003   0.0000000000E+000
    296900   0.9289689546E+003   0.0000000000E+000
    297000   0.9330278783E+003   0.0000000000E+000
    297100   0.9237192963E+003   0.0000000000E+000
    297200   0.9212014680E+003   0.0000000000E+000
    297300   0.9191657104E+003   0.0000000000E+000
    297400   0.9291132402E+003   0.0000000000E+000
    297500   0.9238567783E+003   0.0000000000E+000
    297600   0.9225506177E+003   0.0000000000E+000
    297700   0.9255413939E+003   0.0000000000E+000
    297800   0.9176690760E+003   0.0000000000E+000
    297900   0.9240561689E+003   0.0000000000E+000
    298000   0.9225974861E+003   0.0000000000E+000
    298100   0.9263718929E+003   0.0000000000E+000
    298200   0.9149723414E+003   0.0000000000E+000
    298300   0.9253698127E+003   0.0000000000E+000
    298400   0.9320700448E+003   0.0000000000E+000
    298500   0.9266108832E+003   0.0000000000E+000
    298600   0.9239761836E+003   0.0000000000E+000
    298700   0.9325191352E+003   0.0000000000E+000
    298800   0.9120261113E+003   0.0000000000E+000
    298900   0.9232032608E+003   0.0000000000E+000
    299000   0.9183606364E+003   0.0000000000E+000
    299100   0.9233998677E+003   0.0000000000E+000
    299200   0.9251868163E+003   0.0000000000E+000
    299300   0.9219144812E+003   0.0000000000E+000
    299400   0.9115857695E+003   0.0000000000E+000
    299500   0.9196706293E+003   0.0000000000E+000
    299600   0.9259019107E+003   0.0000000000E+000
    299700   0.9260872987E+003   0.0000000000E+000
    299800   0.9253023233E+003   0.0000000000E+000
    299900   0.9214396283E+003   0.0000000000E+000
    300000   0.9237039302E+003   0.0000000000E+000
    300100   0.9214901368E+003   0.0000000000E+000
    300200   0.9194590056E+003   0.0000000000E+000
    300300   0.9246361408E+003   0.0000000000E+000
    300400   0.9216014152E+003   0.0000000000E+000
    300500   0.9073302187E+003   0.0000000000E+000
    300600   0.9211819019E+003   0.0000000000E+000
    300700   0.9206554076E+003   0.0000000000E+000
    300800   0.9180340350E+003   0.0000000000E+000
    300900   0.9101809121E+003   0.0000000000E+000
    301000   0.9258305932E+003   0.0000000000E+000
    301100   0.9243132078E+003   0.0000000000E+000
    301200   0.9180886034E+003   0.0000000000E+000
    301300   0.9187447124E+003   0.0000000000E+000
    301400   0.9165808535E+003   0.0000000000E+000
    301500   0.9261153879E+003   0.0000000000E+000
    301600   0.9204767962E+003   0.0000000000E+000
    301700   0.9183155479E+003   0.0000000000E+000
    301800   0.9224960028E+003   0.0000000000E+000
    301900   0.9237575056E+003   0.0000000000E+000
    302000   0.9313037051E+003   0.0000000000E+000
    302100   0.9321793687E+003   0.0000000000E+000
    302200   0.9242907639E+003   0.0000000000E+000
    302300   0.9230704908E+003   0.0000000000E+000
    302400   0.9344267285E+003   0.0000000000E+000
    302500   0.9237029336E+003   0.0000000000E+000
    302600   0.9230970281E+003   0.0000000000E+000
    302700   0.9203773727E+003   0.0000000000E+000
    302800   0.9243748328E+003   0.0000000000E+000
    302900   0.9235807738E+003   0.0000000000E+000
    303000   0.9330824408E+003   0.0000000000E+000
    303100   0.9245422822E+003   0.0000000000E+000
    303200   0.9335082710E+003   0.0000000000E+000
    303300   0.9227529224E+003   0.0000000000E+000
    303400   0.9206449884E+003   0.0000000000E+000
    303500   0.9213407687E+003   0.0000000000E+000
    303600   0.9345510519E+003   0.0000000000E+000
    303700   0.9195819137E+003   0.0000000000E+000
    303800   0.9214479836E+003   0.0000000000E+000
    303900   0.9299477067E+003   0.0000000000E+000
    304000   0.9239960669E+003   0.0000000000E+000
    304100   0.9180728356E+003   0.0000000000E+000
    304200   0.9192517759E+003   0.0000000000E+000
    304300   0.9274685722E+003   0.0000000000E+000
    304400   0.9266409365E+003   0.0000000000E+000
    304500   0.9285609588E+003   0.0000000000E+000
    304600   0.9294451166E+003   0.0000000000E+000
    304700   0.9185999392E+003   0.0000000000E+000
    304800   0.9170518159E+003   0.0000000000E+000
    304900   0.9273666909E+003   0.0000000000E+000
    305000   0.9190006388E+003   0.0000000000E+000
    305100   0.9207108530E+003   0.0000000000E+000
    305200   0.9224338034E+003   0.0000000000E+000
    305300   0.9236613240E+003   0.0000000000E+000
    305400   0.9220657375E+003   0.0000000000E+000
    305500   0.9230780881E+003   0.0000000000E+000
    305600   0.9257820975E+003   0.0000000000E+000
    305700   0.9228581968E+003   0.0000000000E+000
    305800   0.9269088812E+003   0.0000000000E+000
    305900   0.9205331143E+003   0.0000000000E+000
    306000   0.9165850004E+003   0.0000000000E+000
    306100   0.9329092060E+003   0.0000000000E+000
    306200   0.9242496467E+003   0.0000000000E+000
    306300   0.9306177764E+003   0.0000000000E+000
    306400   0.9242160419E+003   0.0000000000E+000
    306500   0.9243171033E+003   0.0000000000E+000
    306600   0.9253893206E+003   0.0000000000E+000
    306700   0.9240106927E+003   0.0000000000E+000
    306800   0.9249255963E+003   0.0000000000E+000
    306900   0.9193612746E+003   0.0000000000E+000
    307000   0.9131908976E+003   0.0000000000E+000
    307100   0.9285097606E+003   0.0000000000E+000
    307200   0.9317153081E+003   0.0000000000E+000
    307300   0.9248079702E+003   0.0000000000E+000
    307400   0.9159212981E+003   0.0000000000E+000
    307500   0.9181723863E+003   0.0000000000E+000
    307600   0.9284189981E+003   0.0000000000E+000
    307700   0.9263848660E+003   0.0000000000E+000
    307800   0.9263207568E+003   0.0000000000E+000
    307900   0.9266665344E+003   0.0000000000E+000
    308000   0.9218607959E+003   0.0000000000E+000
    308100   0.9269988941E+003   0.0000000000E+000
    308200   0.9283599388E+003   0.0000000000E+000
    308300   0.9238057012E+003   0.0000000000E+000
    308400   0.9202492208E+003   0.0000000000E+000
    308500   0.9277465573E+003   0.0000000000E+000
    308600   0.9318317409E+003   0.0000000000E+000
    308700   0.9336399555E+003   0.0000000000E+000
    308800   0.9290368635E+003   0.0000000000E+000
    308900   0.9273158324E+003   0.0000000000E+000
    309000   0.9291732096E+003   0.0000000000E+000
    309100   0.9336039526E+003   0.0000000000E+000
    309200   0.9267683491E+003   0.0000000000E+000
    309300   0.9253420528E+003   0.0000000000E+000
    309400   0.9297961064E+003   0.0000000000E+000
    309500   0.9211680921E+003   0.0000000000E+000
    309600   0.9315689830E+003   0.0000000000E+000
    309700   0.9317282774E+003   0.0000000000E+000
    309800   0.9305766650E+003   0.0000000000E+000
    309900   0.9324137177E+003   0.0000000000E+000
    310000   0.9360847001E+003   0.0000000000E+000
    310100   0.9279903547E+003   0.0000000000E+000
    310200   0.9207309798E+003   0.0000000000E+000
    310300   0.9362822752E+003   0.0000000000E+000
    310400   0.9278337238E+003   0.0000000000E+000
    310500   0.9318059181E+003   0.0000000000E+000
    310600   0.9248365461E+003   0.0000000000E+000
    310700   0.9375852986E+003   0.0000000000E+000
    310800   0.9209406649E+003   0.0000000000E+000
    310900   0.9304869970E+003   0.0000000000E+000
    311000   0.9311949385E+003   0.0000000000E+000
    311100   0.9270947616E+003   0.0000000000E+000
    311200   0.9194390919E+003   0.0000000000E+000
    311300   0.9186846311E+003   0.0000000000E+000
    311400   0.9200861238E+003   0.0000000000E+000
    311500   0.9300040322E+003   0.0000000000E+000
    311600   0.9282070740E+003   0.0000000000E+000
    311700   0.9274705441E+003   0.0000000000E+000
    311800   0.9248325692E+003   0.0000000000E+000
    311900   0.9148247566E+003   0.0000000000E+000
    312000   0.9253937566E+003   0.0000000000E+000
    312100   0.9387152927E+003   0.0000000000E+000
    312200   0.9321664652E+003   0.0000000000E+000
    312300   0.9251306065E+003   0.0000000000E+000
    312400   0.9256136464E+003   0.0000000000E+000
    312500   0.9382823558E+003   0.0000000000E+000
    312600   0.9243315981E+003   0.0000000000E+000
    312700   0.9314825894E+003   0.0000000000E+000
    312800   0.9353240459E+003   0.0000000000E+000
    312900   0.9326459742E+003   0.0000000000E+000
    313000   0.9370938485E+003   0.0000000000E+000
    313100   0.9226322924E+003   0.0000000000E+000
    313200   0.9318161289E+003   0.0000000000E+000
    313300   0.9252050591E+003   0.0000000000E+000
    313400   0.9259030097E+003   0.0000000000E+000
    313500   0.9315830700E+003   0.0000000000E+000
    313600   0.9286345157E+003   0.0000000000E+000
    313700   0.9315841588E+003   0.0000000000E+000
    313800   0.9261495221E+003   0.0000000000E+000
    313900   0.9205278386E+003   0.0000000000E+000
    314000   0.9272180406E+003   0.0000000000E+000
    314100   0.9356292005E+003   0.0000000000E+000
    314200   0.9286751542E+003   0.0000000000E+000
    314300   0.9271971004E+003   0.0000000000E+000
    314400   0.9330403223E+003   0.0000000000E+000
    314500   0.9289335121E+003   0.0000000000E+000
    314600   0.9299422950E+003   0.0000000000E+000
    314700   0.9286410125E+003   0.0000000000E+000
    314800   0.9297538867E+003   0.0000000000E+000
    314900   0.9347379667E+003   0.0000000000E+000
    315000   0.9354832508E+003   0.0000000000E+000
    315100   0.9363043263E+003   0.0000000000E+000
    315200   0.9296224745E+003   0.0000000000E+000
    315300   0.9342247140E+003   0.0000000000E+000
    315400   0.9229713061E+003   0.0000000000E+000
    315500   0.9318941695E+003   0.0000000000E+000
    315600   0.9328554612E+003   0.0000000000E+000
    315700   0.9262369985E+003   0.0000000000E+000
    315800   0.9246316418E+003   0.0000000000E+000
    315900   0.9282876514E+003   0.0000000000E+000
    316000   0.9260585509E+003   0.0000000000E+000
    316100   0.9299466773E+003   0.0000000000E+000
    316200   0.9333262936E+003   0.0000000000E+000
    316300   0.9303946224E+003   0.0000000000E+000
    316400   0.9329022582E+003   0.0000000000E+000
    316500   0.9256234719E+003   0.0000000000E+000
    316600   0.9379899674E+003   0.0000000000E+000
    316700   0.9362331746E+003   0.0000000000E+000
    316800   0.9222534597E+003   0.0000000000E+000
    316900   0.9250919716E+003   0.0000000000E+000
    317000   0.9266049438E+003   0.0000000000E+000
    317100   0.9303601393E+003   0.0000000000E+000
    317200   0.9255578129E+003   0.0000000000E+000
    317300   0.9259685111E+003   0.0000000000E+000
    317400   0.9275702509E+003   0.0000000000E+000
    317500   0.9262811686E+003   0.0000000000E+000
    317600   0.9258616670E+003   0.0000000000E+000
    317700   0.9250892971E+003   0.0000000000E+000
    317800   0.9318802603E+003   0.0000000000E+000
    317900   0.9207182231E+003   0.0000000000E+000
    318000   0.9262171208E+003   0.0000000000E+000
    318100   0.9304651117E+003   0.0000000000E+000
    318200   0.9202017650E+003   0.0000000000E+000
    318300   0.9148909055E+003   0.3531720892E+000
    318400   0.9334063560E+003   0.3520963302E+000
    318500   0.9191598833E+003   0.3529196257E+000
    318600   0.9263201589E+003   0.3525021914E+000
    318700   0.9362711578E+003   0.0000000000E+000
    318800   0.9320654645E+003   0.3521725848E+000
    318900   0.9235715722E+003   0.3526615482E+000
    319000   0.9331449424E+003   0.3521111766E+000
    319100   0.9281367973E+003   0.3523974634E+000
    319200   0.9218130242E+003   0.3527640794E+000
    319300   0.9365914310E+003   0.3519162058E+000
    319400   0.9204532280E+003   0.3528436713E+000
    319500   0.9193220895E+003   0.0000000000E+000
    319600   0.9325279823E+003   0.3521462536E+000
    319700   0.9296676808E+003   0.3523095748E+000
    319800   0.9304855227E+003   0.3522627586E+000
    319900   0.9318351059E+003   0.3521857104E+000
    320000   0.9287688341E+003   0.3523611375E+000
    320100   0.9351840470E+003   0.0000000000E+000
    320200   0.9262247807E+003   0.3525077030E+000
    320300   0.9228490325E+003   0.3527036210E+000
    320400   0.9311096417E+003   0.3522270955E+000
    320500   0.9360972043E+003   0.3519440633E+000
    320600   0.9334404637E+003   0.3520943938E+000
    320700   0.9402332018E+003   0.0000000000E+000
    320800   0.9304505738E+003   0.3522647573E+000
    320900   0.9148721504E+003   0.3531732043E+000
    321000   0.9269302025E+003   0.0000000000E+000
    321100   0.9274802387E+003   0.3524352590E+000
    321200   0.9399952930E+003   0.3517252593E+000
    321300   0.9373866838E+003   0.3518714518E+000
    321400   0.9301405467E+003   0.0000000000E+000
    321500   0.9289333666E+003   0.3523516904E+000
    321600   0.9347523364E+003   0.3520200392E+000
    321700   0.9269275065E+003   0.3524671256E+000
    321800   0.9208401842E+003   0.3528209943E+000
    321900   0.9245965777E+003   0.3526019931E+000
    322000   0.9395347143E+003   0.3517510034E+000
    322100   0.9231656425E+003   0.3526851758E+000
    322200   0.9338980865E+003   0.0000000000E+000
    322300   0.9295264163E+003   0.3523176709E+000
    322400   0.9264477307E+003   0.3524948215E+000
    322500   0.9283662863E+003   0.3523842671E+000
    322600   0.9287254537E+003   0.3523636289E+000
    322700   0.9248131676E+003   0.3525894282E+000
    322800   0.9225279895E+003   0.3527223394E+000
    322900   0.9392274619E+003   0.3517681934E+000
    323000   0.9308149874E+003   0.3522439256E+000
    323100   0.9203000018E+003   0.3528526570E+000
    323200   0.9327701278E+003   0.3521324801E+000
    323300   0.9352625080E+003   0.3519911884E+000
    323400   0.9283218527E+003   0.3523868216E+000
    323500   0.9276482103E+003   0.3524255837E+000
    323600   0.9226127939E+003   0.0000000000E+000
    323700   0.9250128111E+003   0.3525778524E+000
    323800   0.9295230479E+003   0.3523178640E+000
    323900   0.9206971699E+003   0.0000000000E+000
    324000   0.9346970821E+003   0.0000000000E+000
    324100   0.9320830995E+003   0.0000000000E+000
    324200   0.9246095451E+003   0.0000000000E+000
    324300   0.9310517660E+003   0.0000000000E+000
    324400   0.9266411399E+003   0.0000000000E+000
    324500   0.9315445800E+003   0.0000000000E+000
    324600   0.9236613442E+003   0.0000000000E+000
    324700   0.9336501602E+003   0.0000000000E+000
    324800   0.9226384900E+003   0.0000000000E+000
    324900   0.9343767607E+003   0.0000000000E+000
    325000   0.9218630377E+003   0.0000000000E+000
    325100   0.9377272742E+003   0.0000000000E+000
    325200   0.9337096534E+003   0.0000000000E+000
    325300   0.9267868711E+003   0.0000000000E+000
    325400   0.9296178353E+003   0.0000000000E+000
    325500   0.9207696897E+003   0.0000000000E+000
    325600   0.9286407526E+003   0.0000000000E+000
    325700   0.9331875799E+003   0.0000000000E+000
    325800   0.9152368086E+003   0.0000000000E+000
    325900   0.9331446200E+003   0.0000000000E+000
    326000   0.9241813798E+003   0.0000000000E+000
    326100   0.9267136634E+003   0.0000000000E+000
    326200   0.9217726082E+003   0.0000000000E+000
    326300   0.9290646825E+003   0.0000000000E+000
    326400   0.9267865360E+003   0.0000000000E+000
    326500   0.9362282783E+003   0.0000000000E+000
    326600   0.9190000323E+003   0.0000000000E+000
    326700   0.9268749054E+003   0.0000000000E+000
    326800   0.9209811266E+003   0.0000000000E+000
    326900   0.9329989259E+003   0.0000000000E+000
    327000   0.9292348529E+003   0.0000000000E+000
    327100   0.9346815717E+003   0.0000000000E+000
    327200   0.9250047917E+003   0.0000000000E+000
    327300   0.9252474921E+003   0.0000000000E+000
    327400   0.9259673470E+003   0.0000000000E+000
    327500   0.9174745653E+003   0.0000000000E+000
    327600   0.9200996386E+003   0.0000000000E+000
    327700   0.9214054990E+003   0.0000000000E+000
    327800   0.9225382148E+003   0.0000000000E+000
    327900   0.9193785713E+003   0.0000000000E+000
    328000   0.9247634089E+003   0.0000000000E+000
    328100   0.9219117428E+003   0.0000000000E+000
    328200   0.9309745454E+003   0.0000000000E+000
    328300   0.9280709363E+003   0.0000000000E+000
    328400   0.9201486395E+003   0.0000000000E+000
    328500   0.9227657159E+003   0.0000000000E+000
    328600   0.9171535729E+003   0.0000000000E+000
    328700   0.9223790241E+003   0.0000000000E+000
    328800   0.9266301328E+003   0.0000000000E+000
    328900   0.9332053943E+003   0.0000000000E+000
    329000   0.9267491951E+003   0.0000000000E+000
    329100   0.9180143720E+003   0.0000000000E+000
    329200   0.9250337419E+003   0.0000000000E+000
    329300   0.9231859347E+003   0.0000000000E+000
    329400   0.9196021510E+003   0.0000000000E+000
    329500   0.9280403810E+003   0.0000000000E+000
    329600   0.9345394009E+003   0.0000000000E+000
    329700   0.9329740175E+003   0.0000000000E+000
    329800   0.9278063677E+003   0.0000000000E+000
    329900   0.9216158754E+003   0.0000000000E+000
    330000   0.9345061434E+003   0.0000000000E+000
    330100   0.9351079568E+003   0.0000000000E+000
    330200   0.9321424159E+003   0.0000000000E+000
    330300   0.9320465297E+003   0.0000000000E+000
    330400   0.9234381406E+003   0.0000000000E+000
    330500   0.9292169525E+003   0.0000000000E+000
    330600   0.9340382109E+003   0.0000000000E+000
    330700   0.9274105964E+003   0.0000000000E+000
    330800   0.9410255003E+003   0.0000000000E+000
    330900   0.9348925158E+003   0.0000000000E+000
    331000   0.9314512847E+003   0.0000000000E+000
    331100   0.9337377399E+003   0.0000000000E+000
    331200   0.9290017190E+003   0.0000000000E+000
    331300   0.9274616878E+003   0.0000000000E+000
    331400   0.9291916376E+003   0.0000000000E+000
    331500   0.9278066784E+003   0.0000000000E+000
    331600   0.9337077577E+003   0.0000000000E+000
    331700   0.9260451367E+003   0.0000000000E+000
    331800   0.9257697578E+003   0.0000000000E+000
    331900   0.9314639673E+003   0.0000000000E+000
    332000   0.9278266202E+003   0.0000000000E+000
    332100   0.9264643817E+003   0.0000000000E+000
    332200   0.9359972888E+003   0.0000000000E+000
    332300   0.9270770425E+003   0.0000000000E+000
    332400   0.9323718941E+003   0.0000000000E+000
    332500   0.9258478129E+003   0.0000000000E+000
    332600   0.9455241531E+003   0.0000000000E+000
    332700   0.9350370857E+003   0.0000000000E+000
    332800   0.9345420593E+003   0.0000000000E+000
    332900   0.9348009074E+003   0.0000000000E+000
    333000   0.9332971896E+003   0.0000000000E+000
    333100   0.9406597725E+003   0.0000000000E+000
    333200   0.9366526079E+003   0.0000000000E+000
    333300   0.9247518755E+003   0.0000000000E+000
    333400   0.9321684272E+003   0.0000000000E+000
    333500   0.9338346840E+003   0.0000000000E+000
    333600   0.9360751582E+003   0.0000000000E+000
    333700   0.9373832978E+003   0.0000000000E+000
    333800   0.9280474100E+003   0.0000000000E+000
    333900   0.9345823052E+003   0.0000000000E+000
    334000   0.9282595747E+003   0.0000000000E+000
    334100   0.9265347101E+003   0.0000000000E+000
    334200   0.9230879687E+003   0.0000000000E+000
    334300   0.9258399320E+003   0.0000000000E+000
    334400   0.9265091289E+003   0.0000000000E+000
    334500   0.9255719421E+003   0.0000000000E+000
    334600   0.9281884696E+003   0.0000000000E+000
    334700   0.9376942146E+003   0.0000000000E+000
    334800   0.9321239234E+003   0.0000000000E+000
    334900   0.9337018896E+003   0.0000000000E+000
    335000   0.9255698368E+003   0.0000000000E+000
    335100   0.9223904020E+003   0.0000000000E+000
    335200   0.9358726922E+003   0.0000000000E+000
    335300   0.9266559373E+003   0.0000000000E+000
    335400   0.9439993836E+003   0.0000000000E+000
    335500   0.9303315295E+003   0.0000000000E+000
    335600   0.9397585750E+003   0.0000000000E+000
    335700   0.9255072065E+003   0.0000000000E+000
    335800   0.9424703202E+003   0.0000000000E+000
    335900   0.9256261158E+003   0.0000000000E+000
    336000   0.9191034104E+003   0.0000000000E+000
    336100   0.9350753747E+003   0.0000000000E+000
    336200   0.9322316347E+003   0.0000000000E+000
    336300   0.9306845270E+003   0.0000000000E+000
    336400   0.9335294567E+003   0.0000000000E+000
    336500   0.9236435006E+003   0.0000000000E+000
    336600   0.9247951602E+003   0.0000000000E+000
    336700   0.9307573080E+003   0.0000000000E+000
    336800   0.9356774719E+003   0.0000000000E+000
    336900   0.9386511414E+003   0.0000000000E+000
    337000   0.9243844776E+003   0.0000000000E+000
    337100   0.9332819698E+003   0.0000000000E+000
    337200   0.9285896011E+003   0.0000000000E+000
    337300   0.9296580935E+003   0.0000000000E+000
    337400   0.9202150671E+003   0.0000000000E+000
    337500   0.9256669970E+003   0.0000000000E+000
    337600   0.9302924161E+003   0.0000000000E+000
    337700   0.9254754908E+003   0.0000000000E+000
    337800   0.9316857796E+003   0.0000000000E+000
    337900   0.9206562731E+003   0.0000000000E+000
    338000   0.9319884623E+003   0.0000000000E+000
    338100   0.9269384596E+003   0.0000000000E+000
    338200   0.9257100836E+003   0.0000000000E+000
    338300   0.9138913816E+003   0.0000000000E+000
    338400   0.9265014941E+003   0.0000000000E+000
    338500   0.9260353337E+003   0.0000000000E+000
    338600   0.9340073161E+003   0.0000000000E+000
    338700   0.9078809972E+003   0.0000000000E+000
    338800   0.9299992585E+003   0.0000000000E+000
    338900   0.9315500935E+003   0.0000000000E+000
    339000   0.9289682492E+003   0.0000000000E+000
    339100   0.9274533688E+003   0.0000000000E+000
    339200   0.9345231438E+003   0.0000000000E+000
    339300   0.9260440318E+003   0.0000000000E+000
    339400   0.9261359274E+003   0.0000000000E+000
    339500   0.9345834673E+003   0.0000000000E+000
    339600   0.9260254089E+003   0.0000000000E+000
    339700   0.9262360348E+003   0.0000000000E+000
    339800   0.9220613316E+003   0.0000000000E+000
    339900   0.9353490257E+003   0.0000000000E+000
    340000   0.9317156804E+003   0.0000000000E+000
    340100   0.9376254451E+003   0.0000000000E+000
    340200   0.9359398792E+003   0.0000000000E+000
    340300   0.9363302757E+003   0.0000000000E+000
    340400   0.9271571986E+003   0.0000000000E+000
    340500   0.9182590016E+003   0.0000000000E+000
    340600   0.9353251949E+003   0.0000000000E+000
    340700   0.9334699374E+003   0.0000000000E+000
    340800   0.9280357452E+003   0.0000000000E+000
    340900   0.9250303308E+003   0.0000000000E+000
    341000   0.9299852826E+003   0.0000000000E+000
    341100   0.9344543208E+003   0.0000000000E+000
    341200   0.9216659252E+003   0.0000000000E+000
    341300   0.9360984194E+003   0.0000000000E+000
    341400   0.9331024719E+003   0.0000000000E+000
    341500   0.9278409073E+003   0.0000000000E+000
    341600   0.9379878377E+003   0.0000000000E+000
    341700   0.9390424803E+003   0.0000000000E+000
    341800   0.9375617019E+003   0.0000000000E+000
    341900   0.9301272223E+003   0.0000000000E+000
    342000   0.9231406014E+003   0.0000000000E+000
    342100   0.9334085199E+003   0.0000000000E+000
    342200   0.9288389720E+003   0.0000000000E+000
    342300   0.9288750751E+003   0.0000000000E+000
    342400   0.9319695259E+003   0.0000000000E+000
    342500   0.9310949742E+003   0.0000000000E+000
    342600   0.9299246376E+003   0.0000000000E+000
    342700   0.9314126399E+003   0.0000000000E+000
    342800   0.9329007296E+003   0.0000000000E+000
    342900   0.9287096763E+003   0.0000000000E+000
    343000   0.9337009749E+003   0.0000000000E+000
    343100   0.9399189522E+003   0.0000000000E+000
    343200   0.9317868153E+003   0.0000000000E+000
    343300   0.9363178235E+003   0.0000000000E+000
    343400   0.9202459732E+003   0.0000000000E+000
    343500   0.9397380455E+003   0.0000000000E+000
    343600   0.9296772094E+003   0.0000000000E+000
    343700   0.9137629381E+003   0.0000000000E+000
    343800   0.9261816983E+003   0.0000000000E+000
    343900   0.9303875198E+003   0.0000000000E+000
    344000   0.9317508407E+003   0.0000000000E+000
    344100   0.9253228066E+003   0.0000000000E+000
    344200   0.9311107679E+003   0.0000000000E+000
    344300   0.9334986613E+003   0.0000000000E+000
    344400   0.9277337633E+003   0.0000000000E+000
    344500   0.9364913125E+003   0.0000000000E+000
    344600   0.9196670240E+003   0.0000000000E+000
    344700   0.9237084621E+003   0.0000000000E+000
    344800   0.9321626246E+003   0.0000000000E+000
    344900   0.9402464069E+003   0.0000000000E+000
    345000   0.9312132094E+003   0.0000000000E+000
    345100   0.9329233306E+003   0.0000000000E+000
    345200   0.9315506815E+003   0.0000000000E+000
    345300   0.9302231077E+003   0.0000000000E+000
    345400   0.9353033780E+003   0.0000000000E+000
    345500   0.9242889347E+003   0.0000000000E+000
    345600   0.9331685366E+003   0.0000000000E+000
    345700   0.9272515335E+003   0.0000000000E+000
    345800   0.9284063740E+003   0.0000000000E+000
    345900   0.9225847031E+003   0.0000000000E+000
    346000   0.9246609852E+003   0.0000000000E+000
    346100   0.9310182391E+003   0.0000000000E+000
    346200   0.9406530898E+003   0.0000000000E+000
    346300   0.9431094736E+003   0.0000000000E+000
    346400   0.9267882573E+003   0.0000000000E+000
    346500   0.9348553457E+003   0.0000000000E+000
    346600   0.9243375938E+003   0.0000000000E+000
    346700   0.9349370051E+003   0.0000000000E+000
    346800   0.9243177343E+003   0.0000000000E+000
    346900   0.9295635959E+003   0.0000000000E+000
    347000   0.9281572924E+003   0.0000000000E+000
    347100   0.9303460739E+003   0.0000000000E+000
    347200   0.9325804056E+003   0.0000000000E+000
    347300   0.9232798446E+003   0.0000000000E+000
    347400   0.9342555540E+003   0.0000000000E+000
    347500   0.9306135470E+003   0.0000000000E+000
    347600   0.9166918670E+003   0.0000000000E+000
    347700   0.9309771587E+003   0.0000000000E+000
    347800   0.9235884876E+003   0.0000000000E+000
    347900   0.9293253498E+003   0.0000000000E+000
    348000   0.9293603312E+003   0.0000000000E+000
    348100   0.9314005079E+003   0.0000000000E+000
    348200   0.9334401315E+003   0.0000000000E+000
    348300   0.9370950027E+003   0.0000000000E+000
    348400   0.9285979237E+003   0.0000000000E+000
    348500   0.9341847038E+003   0.0000000000E+000
    348600   0.9341058824E+003   0.0000000000E+000
    348700   0.9280192611E+003   0.0000000000E+000
    348800   0.9306908395E+003   0.0000000000E+000
    348900   0.9215189301E+003   0.0000000000E+000
    349000   0.9305190233E+003   0.0000000000E+000
    349100   0.9245055193E+003   0.0000000000E+000
    349200   0.9289260472E+003   0.0000000000E+000
    349300   0.9309911651E+003   0.0000000000E+000
    349400   0.9380082380E+003   0.0000000000E+000
    349500   0.9281136973E+003   0.0000000000E+000
    349600   0.9399875236E+003   0.0000000000E+000
    349700   0.9337188132E+003   0.0000000000E+000
    349800   0.9316797892E+003   0.0000000000E+000
    349900   0.9317876919E+003   0.0000000000E+000
    350000   0.9296106147E+003   0.0000000000E+000
    350100   0.9416281248E+003   0.0000000000E+000
    350200   0.9296961645E+003   0.0000000000E+000
    350300   0.9340794353E+003   0.0000000000E+000
    350400   0.9399934854E+003   0.0000000000E+000
    350500   0.9178272952E+003   0.0000000000E+000
    350600   0.9310150840E+003   0.0000000000E+000
    350700   0.9321362547E+003   0.0000000000E+000
    350800   0.9372678166E+003   0.0000000000E+000
    350900   0.9261522904E+003   0.0000000000E+000
    351000   0.9254873851E+003   0.0000000000E+000
    351100   0.9277156607E+003   0.0000000000E+000
    351200   0.9281568228E+003   0.0000000000E+000
    351300   0.9263516531E+003   0.0000000000E+000
    351400   0.9352418937E+003   0.0000000000E+000
    351500   0.9326385137E+003   0.0000000000E+000
    351600   0.9217438362E+003   0.0000000000E+000
    351700   0.9307373250E+003   0.0000000000E+000
    351800   0.9301198905E+003   0.0000000000E+000
    351900   0.9332363348E+003   0.0000000000E+000
    352000   0.9346768367E+003   0.0000000000E+000
    352100   0.9216814167E+003   0.0000000000E+000
    352200   0.9312425299E+003   0.0000000000E+000
    352300   0.9291014048E+003   0.0000000000E+000
    352400   0.9195744621E+003   0.0000000000E+000
    352500   0.9295808057E+003   0.0000000000E+000
    352600   0.9321664691E+003   0.0000000000E+000
    352700   0.9240993854E+003   0.0000000000E+000
    352800   0.9268452065E+003   0.0000000000E+000
    352900   0.9304046786E+003   0.0000000000E+000
    353000   0.9370050657E+003   0.0000000000E+000
    353100   0.9248630909E+003   0.0000000000E+000
    353200   0.9283642002E+003   0.0000000000E+000
    353300   0.9315357786E+003   0.0000000000E+000
    353400   0.9246575057E+003   0.0000000000E+000
    353500   0.9144981658E+003   0.0000000000E+000
    353600   0.9150350241E+003   0.0000000000E+000
    353700   0.9215444553E+003   0.0000000000E+000
    353800   0.9261194391E+003   0.0000000000E+000
    353900   0.9256919991E+003   0.0000000000E+000
    354000   0.9402350071E+003   0.0000000000E+000
    354100   0.9281112078E+003   0.0000000000E+000
    354200   0.9251092232E+003   0.0000000000E+000
    354300   0.9174050449E+003   0.0000000000E+000
    354400   0.9226750732E+003   0.0000000000E+000
    354500   0.9330567298E+003   0.0000000000E+000
    354600   0.9291751772E+003   0.0000000000E+000
    354700   0.9069038244E+003   0.0000000000E+000
    354800   0.9266961553E+003   0.0000000000E+000
    354900   0.9380310847E+003   0.0000000000E+000
    355000   0.9283899341E+003   0.0000000000E+000
    355100   0.9343288051E+003   0.0000000000E+000
    355200   0.9391680738E+003   0.0000000000E+000
    355300   0.9301673265E+003   0.0000000000E+000
    355400   0.9363588280E+003   0.0000000000E+000
    355500   0.9333715936E+003   0.0000000000E+000
    355600   0.9340891090E+003   0.0000000000E+000
    355700   0.9276139660E+003   0.0000000000E+000
    355800   0.9293158414E+003   0.0000000000E+000
    355900   0.9351416014E+003   0.0000000000E+000
    356000   0.9413735570E+003   0.0000000000E+000
    356100   0.9288465162E+003   0.0000000000E+000
    356200   0.9270288285E+003   0.0000000000E+000
    356300   0.9345081513E+003   0.0000000000E+000
    356400   0.9276511781E+003   0.0000000000E+000
    356500   0.9331285522E+003   0.0000000000E+000
    356600   0.9340520527E+003   0.0000000000E+000
    356700   0.9182661215E+003   0.0000000000E+000
    356800   0.9197907964E+003   0.0000000000E+000
    356900   0.9204985542E+003   0.0000000000E+000
    357000   0.9238507100E+003   0.0000000000E+000
    357100   0.9250898122E+003   0.0000000000E+000
    357200   0.9274779470E+003   0.0000000000E+000
    357300   0.9284204493E+003   0.0000000000E+000
    357400   0.9318261058E+003   0.0000000000E+000
    357500   0.9346902654E+003   0.0000000000E+000
    357600   0.9273576541E+003   0.0000000000E+000
    357700   0.9274901293E+003   0.0000000000E+000
    357800   0.9314467397E+003   0.0000000000E+000
    357900   0.9424753567E+003   0.0000000000E+000
    358000   0.9299584433E+003   0.0000000000E+000
    358100   0.9331795691E+003   0.0000000000E+000
    358200   0.9231837705E+003   0.0000000000E+000
    358300   0.9282659613E+003   0.0000000000E+000
    358400   0.9189635899E+003   0.0000000000E+000
    358500   0.9245686110E+003   0.0000000000E+000
    358600   0.9253237449E+003   0.0000000000E+000
    358700   0.9210073793E+003   0.0000000000E+000
    358800   0.9276933964E+003   0.0000000000E+000
    358900   0.9320320779E+003   0.0000000000E+000
    359000   0.9174850643E+003   0.0000000000E+000
    359100   0.9325752899E+003   0.0000000000E+000
    359200   0.9281500223E+003   0.0000000000E+000
    359300   0.9245006939E+003   0.0000000000E+000
    359400   0.9284390223E+003   0.0000000000E+000
    359500   0.9319055323E+003   0.0000000000E+000
    359600   0.9261713455E+003   0.0000000000E+000
    359700   0.9353892840E+003   0.0000000000E+000
    359800   0.9327607273E+003   0.0000000000E+000
    359900   0.9326027176E+003   0.0000000000E+000
    360000   0.9280774394E+003   0.0000000000E+000
    360100   0.9329503763E+003   0.0000000000E+000
    360200   0.9312950981E+003   0.0000000000E+000
    360300   0.9236619754E+003   0.0000000000E+000
    360400   0.9198648307E+003   0.0000000000E+000
    360500   0.9304883939E+003   0.0000000000E+000
    360600   0.9241728853E+003   0.0000000000E+000
    360700   0.9374893768E+003   0.0000000000E+000
    360800   0.9141060216E+003   0.0000000000E+000
    360900   0.9276718542E+003   0.0000000000E+000
    361000   0.9297514569E+003   0.0000000000E+000
    361100   0.9396288285E+003   0.0000000000E+000
    361200   0.9265915929E+003   0.0000000000E+000
    361300   0.9220695469E+003   0.0000000000E+000
    361400   0.9287423222E+003   0.0000000000E+000
    361500   0.9212010518E+003   0.0000000000E+000
    361600   0.9234979542E+003   0.0000000000E+000
    361700   0.9312629632E+003   0.0000000000E+000
    361800   0.9294864932E+003   0.0000000000E+000
    361900   0.9296756783E+003   0.0000000000E+000
    362000   0.9258869586E+003   0.0000000000E+000
    362100   0.9241661106E+003   0.0000000000E+000
    362200   0.9195777447E+003   0.0000000000E+000
    362300   0.9205370758E+003   0.0000000000E+000
    362400   0.9351711931E+003   0.0000000000E+000
    362500   0.9342752763E+003   0.0000000000E+000
    362600   0.9308474526E+003   0.0000000000E+000
    362700   0.9173516327E+003   0.0000000000E+000
    362800   0.9227551838E+003   0.0000000000E+000
    362900   0.9237949632E+003   0.0000000000E+000
    363000   0.9259722854E+003   0.0000000000E+000
    363100   0.9300003930E+003   0.0000000000E+000
    363200   0.9277949942E+003   0.0000000000E+000
    363300   0.9228655910E+003   0.0000000000E+000
    363400   0.9163710761E+003   0.0000000000E+000
    363500   0.9334259676E+003   0.0000000000E+000
    363600   0.9216544240E+003   0.0000000000E+000
    363700   0.9250019482E+003   0.0000000000E+000
    363800   0.9167814266E+003   0.0000000000E+000
    363900   0.9235355994E+003   0.0000000000E+000
    364000   0.9283452785E+003   0.0000000000E+000
    364100   0.9216846116E+003   0.0000000000E+000
    364200   0.9144811517E+003   0.0000000000E+000
    364300   0.9260887314E+003   0.0000000000E+000
    364400   0.9319066815E+003   0.0000000000E+000
    364500   0.9262760309E+003   0.0000000000E+000
    364600   0.9214185038E+003   0.0000000000E+000
    364700   0.9273814198E+003   0.0000000000E+000
    364800   0.9322956146E+003   0.0000000000E+000
    364900   0.9241978926E+003   0.0000000000E+000
    365000   0.9290457776E+003   0.0000000000E+000
    365100   0.9247392868E+003   0.0000000000E+000
    365200   0.9303377973E+003   0.0000000000E+000
    365300   0.9222510548E+003   0.0000000000E+000
    365400   0.9294079427E+003   0.0000000000E+000
    365500   0.9279665661E+003   0.0000000000E+000
    365600   0.9358574251E+003   0.0000000000E+000
    365700   0.9303270315E+003   0.0000000000E+000
    365800   0.9280407928E+003   0.0000000000E+000
    365900   0.9304580478E+003   0.0000000000E+000
    366000   0.9229336363E+003   0.0000000000E+000
    366100   0.9314608112E+003   0.0000000000E+000
    366200   0.9264188725E+003   0.0000000000E+000
    366300   0.9243709963E+003   0.0000000000E+000
    366400   0.9335430819E+003   0.0000000000E+000
    366500   0.9213972395E+003   0.0000000000E+000
    366600   0.9186442330E+003   0.0000000000E+000
    366700   0.9261042436E+003   0.0000000000E+000
    366800   0.9275331457E+003   0.0000000000E+000
    366900   0.9272954714E+003   0.0000000000E+000
    367000   0.9233565248E+003   0.0000000000E+000
    367100   0.9236749529E+003   0.0000000000E+000
    367200   0.9284350420E+003   0.0000000000E+000
    367300   0.9193653234E+003   0.0000000000E+000
    367400   0.9189550830E+003   0.0000000000E+000
    367500   0.9137529437E+003   0.0000000000E+000
    367600   0.9141612208E+003   0.0000000000E+000
    367700   0.9199678744E+003   0.0000000000E+000
    367800   0.9363296887E+003   0.0000000000E+000
    367900   0.9160160547E+003   0.0000000000E+000
    368000   0.9096540536E+003   0.0000000000E+000
    368100   0.9170941134E+003   0.0000000000E+000
    368200   0.9287752430E+003   0.0000000000E+000
    368300   0.9201296764E+003   0.0000000000E+000
    368400   0.9308972261E+003   0.0000000000E+000
    368500   0.9259676881E+003   0.0000000000E+000
    368600   0.9308038925E+003   0.0000000000E+000
    368700   0.9319523688E+003   0.0000000000E+000
    368800   0.9339217999E+003   0.0000000000E+000
    368900   0.9241826814E+003   0.0000000000E+000
    369000   0.9274989361E+003   0.0000000000E+000
    369100   0.9221621821E+003   0.0000000000E+000
    369200   0.9224426495E+003   0.0000000000E+000
    369300   0.9325753232E+003   0.0000000000E+000
    369400   0.9308729189E+003   0.0000000000E+000
    369500   0.9352152392E+003   0.0000000000E+000
    369600   0.9410861815E+003   0.0000000000E+000
    369700   0.9299791289E+003   0.0000000000E+000
    369800   0.9249101953E+003   0.0000000000E+000
    369900   0.9200338606E+003   0.0000000000E+000
    370000   0.9296445200E+003   0.0000000000E+000
    370100   0.9300013822E+003   0.0000000000E+000
    370200   0.9261605367E+003   0.0000000000E+000
    370300   0.9338129692E+003   0.0000000000E+000
    370400   0.9207343028E+003   0.0000000000E+000
    370500   0.9287467573E+003   0.0000000000E+000
    370600   0.9255275714E+003   0.0000000000E+000
    370700   0.9271653283E+003   0.0000000000E+000
    370800   0.9191919774E+003   0.0000000000E+000
    370900   0.9258341913E+003   0.0000000000E+000
    371000   0.9234378103E+003   0.0000000000E+000
    371100   0.9283858214E+003   0.0000000000E+000
    371200   0.9211630338E+003   0.0000000000E+000
    371300   0.9193657141E+003   0.0000000000E+000
    371400   0.9288574155E+003   0.0000000000E+000
    371500   0.9283885876E+003   0.0000000000E+000
    371600   0.9256951308E+003   0.0000000000E+000
    371700   0.9245277130E+003   0.0000000000E+000
    371800   0.9265143489E+003   0.0000000000E+000
    371900   0.9186908745E+003   0.0000000000E+000
    372000   0.9233495918E+003   0.0000000000E+000
    372100   0.9237658680E+003   0.0000000000E+000
    372200   0.9340160520E+003   0.0000000000E+000
    372300   0.9310064825E+003   0.0000000000E+000
    372400   0.9258406023E+003   0.0000000000E+000
    372500   0.9258240781E+003   0.0000000000E+000
    372600   0.9201929630E+003   0.0000000000E+000
    372700   0.9206199343E+003   0.0000000000E+000
    372800   0.9224233616E+003   0.0000000000E+000
    372900   0.9208642198E+003   0.0000000000E+000
    373000   0.9281723821E+003   0.0000000000E+000
    373100   0.9272973546E+003   0.0000000000E+000
    373200   0.9235082646E+003   0.0000000000E+000
    373300   0.9319185115E+003   0.0000000000E+000
    373400   0.9280416888E+003   0.0000000000E+000
    373500   0.9259561310E+003   0.0000000000E+000
    373600   0.9329034537E+003   0.0000000000E+000
    373700   0.9286394423E+003   0.0000000000E+000
    373800   0.9269878269E+003   0.0000000000E+000
    373900   0.9354152862E+003   0.0000000000E+000
    374000   0.9282488346E+003   0.0000000000E+000
    374100   0.9195568362E+003   0.0000000000E+000
    374200   0.9272786195E+003   0.0000000000E+000
    374300   0.9362809670E+003   0.0000000000E+000
    374400   0.9199982792E+003   0.0000000000E+000
    374500   0.9215736083E+003   0.0000000000E+000
    374600   0.9214857068E+003   0.0000000000E+000
    374700   0.9234697295E+003   0.0000000000E+000
    374800   0.9228111981E+003   0.0000000000E+000
    374900   0.9198940267E+003   0.0000000000E+000
    375000   0.9191112298E+003   0.0000000000E+000
    375100   0.9227875467E+003   0.0000000000E+000
    375200   0.9213049742E+003   0.0000000000E+000
    375300   0.9226813408E+003   0.0000000000E+000
    375400   0.9237275160E+003   0.0000000000E+000
    375500   0.9246220801E+003   0.0000000000E+000
    375600   0.9242165301E+003   0.0000000000E+000
    375700   0.9255714363E+003   0.0000000000E+000
    375800   0.9262677615E+003   0.0000000000E+000
    375900   0.9237652536E+003   0.0000000000E+000
    376000   0.9279379112E+003   0.0000000000E+000
    376100   0.9278649261E+003   0.0000000000E+000
    376200   0.9257571627E+003   0.0000000000E+000
    376300   0.9208481337E+003   0.0000000000E+000
    376400   0.9294572670E+003   0.0000000000E+000
    376500   0.9221665935E+003   0.0000000000E+000
    376600   0.9183148716E+003   0.0000000000E+000
    376700   0.9202249991E+003   0.0000000000E+000
    376800   0.9257037945E+003   0.0000000000E+000
    376900   0.9290151913E+003   0.0000000000E+000
    377000   0.9257666235E+003   0.0000000000E+000
    377100   0.9225728837E+003   0.0000000000E+000
    377200   0.9215218763E+003   0.0000000000E+000
    377300   0.9195259835E+003   0.0000000000E+000
    377400   0.9174651851E+003   0.0000000000E+000
    377500   0.9314986265E+003   0.0000000000E+000
    377600   0.9273596991E+003   0.0000000000E+000
    377700   0.9313896714E+003   0.0000000000E+000
    377800   0.9231921753E+003   0.0000000000E+000
    377900   0.9201738284E+003   0.0000000000E+000
    378000   0.9362111905E+003   0.0000000000E+000
    378100   0.9340368066E+003   0.0000000000E+000
    378200   0.9184047640E+003   0.0000000000E+000
    378300   0.9291176136E+003   0.0000000000E+000
    378400   0.9296360078E+003   0.0000000000E+000
    378500   0.9404733766E+003   0.0000000000E+000
    378600   0.9258180191E+003   0.0000000000E+000
    378700   0.9219380730E+003   0.0000000000E+000
    378800   0.9323991642E+003   0.0000000000E+000
    378900   0.9280555090E+003   0.0000000000E+000
    379000   0.9271773924E+003   0.0000000000E+000
    379100   0.9318731803E+003   0.0000000000E+000
    379200   0.9360891487E+003   0.0000000000E+000
    379300   0.9298201468E+003   0.0000000000E+000
    379400   0.9321764492E+003   0.0000000000E+000
    379500   0.9376953217E+003   0.0000000000E+000
    379600   0.9243515017E+003   0.0000000000E+000
    379700   0.9320358441E+003   0.0000000000E+000
    379800   0.9431920863E+003   0.0000000000E+000
    379900   0.9389919164E+003   0.0000000000E+000
    380000   0.9276824192E+003   0.0000000000E+000
    380100   0.9295202480E+003   0.0000000000E+000
    380200   0.9420351869E+003   0.0000000000E+000
    380300   0.9301221385E+003   0.0000000000E+000
    380400   0.9239306621E+003   0.0000000000E+000
    380500   0.9280618708E+003   0.0000000000E+000
    380600   0.9338096446E+003   0.0000000000E+000
    380700   0.9325129634E+003   0.0000000000E+000
    380800   0.9281776974E+003   0.0000000000E+000
    380900   0.9194191547E+003   0.0000000000E+000
    381000   0.9211683871E+003   0.0000000000E+000
    381100   0.9299846074E+003   0.0000000000E+000
    381200   0.9247415185E+003   0.0000000000E+000
    381300   0.9359277839E+003   0.0000000000E+000
    381400   0.9385501753E+003   0.0000000000E+000
    381500   0.9305654867E+003   0.0000000000E+000
    381600   0.9300004122E+003   0.0000000000E+000
    381700   0.9276568532E+003   0.0000000000E+000
    381800   0.9326916312E+003   0.0000000000E+000
    381900   0.9313673214E+003   0.0000000000E+000
    382000   0.9357982108E+003   0.0000000000E+000
    382100   0.9307643950E+003   0.0000000000E+000
    382200   0.9306355716E+003   0.0000000000E+000
    382300   0.9338624374E+003   0.0000000000E+000
    382400   0.9378515512E+003   0.0000000000E+000
    382500   0.9352222207E+003   0.0000000000E+000
    382600   0.9369973550E+003   0.0000000000E+000
    382700   0.9257258958E+003   0.0000000000E+000
    382800   0.9259959778E+003   0.0000000000E+000
    382900   0.9284265776E+003   0.0000000000E+000
    383000   0.9359037074E+003   0.0000000000E+000
    383100   0.9336325783E+003   0.0000000000E+000
    383200   0.9249379493E+003   0.0000000000E+000
    383300   0.9321215254E+003   0.0000000000E+000
    383400   0.9382669819E+003   0.0000000000E+000
    383500   0.9379627082E+003   0.0000000000E+000
    383600   0.9334597274E+003   0.0000000000E+000
    383700   0.9342781641E+003   0.0000000000E+000
    383800   0.9336072288E+003   0.0000000000E+000
    383900   0.9281808259E+003   0.0000000000E+000
    384000   0.9324108799E+003   0.0000000000E+000
    384100   0.9338531277E+003   0.0000000000E+000
    384200   0.9349139462E+003   0.0000000000E+000
    384300   0.9290244187E+003   0.0000000000E+000
    384400   0.9301379562E+003   0.0000000000E+000
    384500   0.9348418176E+003   0.0000000000E+000
    384600   0.9227660301E+003   0.0000000000E+000
    384700   0.9395799872E+003   0.0000000000E+000
    384800   0.9225419231E+003   0.0000000000E+000
    384900   0.9193841836E+003   0.0000000000E+000
    385000   0.9268321207E+003   0.0000000000E+000
    385100   0.9338828946E+003   0.0000000000E+000
    385200   0.9265880681E+003   0.0000000000E+000
    385300   0.9229675198E+003   0.0000000000E+000
    385400   0.9242617744E+003   0.0000000000E+000
    385500   0.9308192751E+003   0.0000000000E+000
    385600   0.9359168056E+003   0.0000000000E+000
    385700   0.9275332354E+003   0.0000000000E+000
    385800   0.9228150888E+003   0.0000000000E+000
    385900   0.9242853913E+003   0.0000000000E+000
    386000   0.9270457640E+003   0.0000000000E+000
    386100   0.9313180637E+003   0.0000000000E+000
    386200   0.9337390125E+003   0.0000000000E+000
    386300   0.9254579468E+003   0.0000000000E+000
    386400   0.9268938893E+003   0.0000000000E+000
    386500   0.9280638261E+003   0.0000000000E+000
    386600   0.9280434759E+003   0.0000000000E+000
    386700   0.9205947507E+003   0.0000000000E+000
    386800   0.9301917603E+003   0.0000000000E+000
    386900   0.9326715932E+003   0.0000000000E+000
    387000   0.9249715030E+003   0.0000000000E+000
    387100   0.9316914892E+003   0.0000000000E+000
    387200   0.9366941752E+003   0.0000000000E+000
    387300   0.9221781762E+003   0.0000000000E+000
    387400   0.9291237571E+003   0.0000000000E+000
    387500   0.9214856574E+003   0.0000000000E+000
    387600   0.9302438352E+003   0.0000000000E+000
    387700   0.9201883932E+003   0.0000000000E+000
    387800   0.9263411035E+003   0.0000000000E+000
    387900   0.9229090664E+003   0.0000000000E+000
    388000   0.9324719534E+003   0.0000000000E+000
    388100   0.9309330158E+003   0.0000000000E+000
    388200   0.9235435225E+003   0.0000000000E+000
    388300   0.9198548885E+003   0.0000000000E+000
    388400   0.9141092191E+003   0.0000000000E+000
    388500   0.9182563156E+003   0.0000000000E+000
    388600   0.9188677462E+003   0.0000000000E+000
    388700   0.9156936574E+003   0.0000000000E+000
    388800   0.9348142724E+003   0.0000000000E+000
    388900   0.9309171553E+003   0.0000000000E+000
    389000   0.9177955467E+003   0.0000000000E+000
    389100   0.9156596178E+003   0.0000000000E+000
    389200   0.9306113950E+003   0.0000000000E+000
    389300   0.9314240255E+003   0.0000000000E+000
    389400   0.9345029861E+003   0.0000000000E+000
    389500   0.9307430521E+003   0.0000000000E+000
    389600   0.9303679104E+003   0.0000000000E+000
    389700   0.9295736563E+003   0.0000000000E+000
    389800   0.9258430415E+003   0.0000000000E+000
    389900   0.9356339871E+003   0.0000000000E+000
    390000   0.9314952312E+003   0.0000000000E+000
    390100   0.9299661001E+003   0.0000000000E+000
    390200   0.9463877515E+003   0.0000000000E+000
    390300   0.9273642157E+003   0.0000000000E+000
    390400   0.9300955776E+003   0.0000000000E+000
    390500   0.9223686969E+003   0.0000000000E+000
    390600   0.9190712609E+003   0.0000000000E+000
    390700   0.9301745352E+003   0.0000000000E+000
    390800   0.9230335647E+003   0.0000000000E+000
    390900   0.9269719073E+003   0.0000000000E+000
    391000   0.9345594411E+003   0.0000000000E+000
    391100   0.9247465939E+003   0.0000000000E+000
    391200   0.9288959793E+003   0.0000000000E+000
    391300   0.9238577870E+003   0.0000000000E+000
    391400   0.9181326796E+003   0.0000000000E+000
    391500   0.9203626286E+003   0.0000000000E+000
    391600   0.9265701981E+003   0.0000000000E+000
    391700   0.9204329264E+003   0.0000000000E+000
    391800   0.9217801662E+003   0.0000000000E+000
    391900   0.9307172947E+003   0.0000000000E+000
    392000   0.9267873919E+003   0.0000000000E+000
    392100   0.9249082427E+003   0.0000000000E+000
    392200   0.9315672029E+003   0.0000000000E+000
    392300   0.9228149418E+003   0.0000000000E+000
    392400   0.9259696745E+003   0.0000000000E+000
    392500   0.9352991983E+003   0.0000000000E+000
    392600   0.9366349371E+003   0.0000000000E+000
    392700   0.9154745056E+003   0.0000000000E+000
    392800   0.9186701809E+003   0.0000000000E+000
    392900   0.9289564240E+003   0.0000000000E+000
    393000   0.9297483031E+003   0.0000000000E+000
    393100   0.9236376366E+003   0.0000000000E+000
    393200   0.9300467733E+003   0.0000000000E+000
    393300   0.9147533509E+003   0.0000000000E+000
    393400   0.9296228402E+003   0.0000000000E+000
    393500   0.9243194290E+003   0.0000000000E+000
    393600   0.9300009372E+003   0.0000000000E+000
    393700   0.9268596928E+003   0.0000000000E+000
    393800   0.9283382951E+003   0.0000000000E+000
    393900   0.9214512468E+003   0.0000000000E+000
    394000   0.9275143723E+003   0.0000000000E+000
    394100   0.9212831109E+003   0.0000000000E+000
    394200   0.9279002058E+003   0.0000000000E+000
    394300   0.9254131074E+003   0.0000000000E+000
    394400   0.9267239977E+003   0.0000000000E+000
    394500   0.9283387082E+003   0.0000000000E+000
    394600   0.9277194123E+003   0.0000000000E+000
    394700   0.9285971639E+003   0.0000000000E+000
    394800   0.9221724763E+003   0.0000000000E+000
    394900   0.9211078517E+003   0.0000000000E+000
    395000   0.9262566874E+003   0.0000000000E+000
    395100   0.9328329476E+003   0.0000000000E+000
    395200   0.9209593256E+003   0.0000000000E+000
    395300   0.9273399004E+003   0.0000000000E+000
    395400   0.9202462493E+003   0.0000000000E+000
    395500   0.9236497481E+003   0.0000000000E+000
    395600   0.9345542001E+003   0.0000000000E+000
    395700   0.9270004601E+003   0.0000000000E+000
    395800   0.9273154261E+003   0.0000000000E+000
    395900   0.9326819725E+003   0.0000000000E+000
    396000   0.9260040496E+003   0.0000000000E+000
    396100   0.9419334375E+003   0.0000000000E+000
    396200   0.9244390714E+003   0.0000000000E+000
    396300   0.9235753073E+003   0.0000000000E+000
    396400   0.9199711541E+003   0.0000000000E+000
    396500   0.9340539996E+003   0.0000000000E+000
    396600   0.9264358066E+003   0.0000000000E+000
    396700   0.9179809546E+003   0.0000000000E+000
    396800   0.9165173740E+003   0.0000000000E+000
    396900   0.9199324431E+003   0.0000000000E+000
    397000   0.9252678656E+003   0.0000000000E+000
    397100   0.9163949052E+003   0.0000000000E+000
    397200   0.9218805590E+003   0.0000000000E+000
    397300   0.9341161660E+003   0.0000000000E+000
    397400   0.9211119857E+003   0.0000000000E+000
    397500   0.9236184996E+003   0.0000000000E+000
    397600   0.9253181292E+003   0.0000000000E+000
    397700   0.9272039076E+003   0.0000000000E+000
    397800   0.9257034741E+003   0.0000000000E+000
    397900   0.9328589469E+003   0.0000000000E+000
    398000   0.9199539521E+003   0.0000000000E+000
    398100   0.9168483665E+003   0.0000000000E+000
    398200   0.9224905575E+003   0.0000000000E+000
    398300   0.9196309588E+003   0.0000000000E+000
    398400   0.9289826996E+003   0.0000000000E+000
    398500   0.9201321476E+003   0.0000000000E+000
    398600   0.9256938379E+003   0.0000000000E+000
    398700   0.9232637453E+003   0.0000000000E+000
    398800   0.9188778779E+003   0.0000000000E+000
    398900   0.9198106725E+003   0.0000000000E+000
    399000   0.9195285781E+003   0.0000000000E+000
    399100   0.9290262773E+003   0.0000000000E+000
    399200   0.9280380038E+003   0.0000000000E+000
    399300   0.9283019853E+003   0.0000000000E+000
    399400   0.9273390667E+003   0.0000000000E+000
    399500   0.9248909306E+003   0.0000000000E+000
    399600   0.9258313498E+003   0.0000000000E+000
    399700   0.9290980599E+003   0.0000000000E+000
    399800   0.9280312698E+003   0.0000000000E+000
    399900   0.9223529654E+003   0.0000000000E+000
    400000   0.9245420553E+003   0.0000000000E+000
    400100   0.9264603726E+003   0.0000000000E+000
    400200   0.9232670215E+003   0.0000000000E+000
    400300   0.9234768122E+003   0.0000000000E+000
    400400   0.9274661266E+003   0.0000000000E+000
    400500   0.9253753494E+003   0.0000000000E+000
    400600   0.9152415252E+003   0.0000000000E+000
    400700   0.9239456188E+003   0.0000000000E+000
    400800   0.9225743821E+003   0.0000000000E+000
    400900   0.9328163616E+003   0.0000000000E+000
    401000   0.9149231385E+003   0.0000000000E+000
    401100   0.9316050610E+003   0.0000000000E+000
    401200   0.9307890406E+003   0.0000000000E+000
    401300   0.9263707421E+003   0.0000000000E+000
    401400   0.9143843125E+003   0.0000000000E+000
    401500   0.9246660630E+003   0.0000000000E+000
    401600   0.9215546020E+003   0.0000000000E+000
    401700   0.9287561938E+003   0.0000000000E+000
    401800   0.9231466393E+003   0.0000000000E+000
    401900   0.9221300474E+003   0.0000000000E+000
    402000   0.9275318007E+003   0.0000000000E+000
    402100   0.9325630309E+003   0.0000000000E+000
    402200   0.9280595971E+003   0.0000000000E+000
    402300   0.9273792401E+003   0.0000000000E+000
    402400   0.9178497415E+003   0.0000000000E+000
    402500   0.9224435200E+003   0.0000000000E+000
    402600   0.9237151115E+003   0.0000000000E+000
    402700   0.9210721075E+003   0.0000000000E+000
    402800   0.9238320776E+003   0.0000000000E+000
    402900   0.9249257561E+003   0.0000000000E+000
    403000   0.9288487369E+003   0.0000000000E+000
    403100   0.9282941875E+003   0.0000000000E+000
    403200   0.9160439101E+003   0.0000000000E+000
    403300   0.9201811160E+003   0.0000000000E+000
    403400   0.9243652253E+003   0.0000000000E+000
    403500   0.9246758434E+003   0.0000000000E+000
    403600   0.9211122106E+003   0.0000000000E+000
    403700   0.9315694682E+003   0.0000000000E+000
    403800   0.9258667172E+003   0.0000000000E+000
    403900   0.9270098757E+003   0.0000000000E+000
    404000   0.9308469185E+003   0.0000000000E+000
    404100   0.9325445100E+003   0.0000000000E+000
    404200   0.9328959525E+003   0.0000000000E+000
    404300   0.9275390563E+003   0.0000000000E+000
    404400   0.9180216316E+003   0.0000000000E+000
    404500   0.9301367920E+003   0.0000000000E+000
    404600   0.9288888978E+003   0.0000000000E+000
    404700   0.9221338678E+003   0.0000000000E+000
    404800   0.9233994911E+003   0.0000000000E+000
    404900   0.9223130950E+003   0.0000000000E+000
    405000   0.9243105463E+003   0.0000000000E+000
    405100   0.9307797324E+003   0.0000000000E+000
    405200   0.9319078437E+003   0.0000000000E+000
    405300   0.9192929351E+003   0.0000000000E+000
    405400   0.9352392728E+003   0.0000000000E+000
    405500   0.9293180652E+003   0.0000000000E+000
    405600   0.9253182977E+003   0.0000000000E+000
    405700   0.9241026113E+003   0.0000000000E+000
    405800   0.9319094131E+003   0.0000000000E+000
    405900   0.9263149241E+003   0.0000000000E+000
    406000   0.9178409743E+003   0.0000000000E+000
    406100   0.9262091729E+003   0.0000000000E+000
    406200   0.9214168576E+003   0.0000000000E+000
    406300   0.9281258694E+003   0.0000000000E+000
    406400   0.9295228671E+003   0.0000000000E+000
    406500   0.9323510452E+003   0.0000000000E+000
    406600   0.9308432958E+003   0.0000000000E+000
    406700   0.9368037160E+003   0.0000000000E+000
    406800   0.9229766858E+003   0.0000000000E+000
    406900   0.9315805896E+003   0.0000000000E+000
    407000   0.9173833750E+003   0.0000000000E+000
    407100   0.9236904629E+003   0.0000000000E+000
    407200   0.9236503180E+003   0.0000000000E+000
    407300   0.9274621662E+003   0.0000000000E+000
    407400   0.9260900758E+003   0.0000000000E+000
    407500   0.9359045598E+003   0.0000000000E+000
    407600   0.9185367416E+003   0.0000000000E+000
    407700   0.9229638206E+003   0.0000000000E+000
    407800   0.9236757541E+003   0.0000000000E+000
    407900   0.9252611985E+003   0.0000000000E+000
    408000   0.9151189822E+003   0.0000000000E+000
    408100   0.9287221692E+003   0.0000000000E+000
    408200   0.9155753856E+003   0.0000000000E+000
    408300   0.9260220077E+003   0.0000000000E+000
    408400   0.9239114057E+003   0.0000000000E+000
    408500   0.9266622459E+003   0.0000000000E+000
    408600   0.9228871187E+003   0.0000000000E+000
    408700   0.9211240082E+003   0.0000000000E+000
    408800   0.9307241773E+003   0.0000000000E+000
    408900   0.9372938373E+003   0.0000000000E+000
    409000   0.9346793521E+003   0.0000000000E+000
    409100   0.9277954328E+003   0.0000000000E+000
    409200   0.9312735891E+003   0.0000000000E+000
    409300   0.9253856934E+003   0.0000000000E+000
    409400   0.9327481569E+003   0.0000000000E+000
    409500   0.9278689538E+003   0.0000000000E+000
    409600   0.9199207451E+003   0.0000000000E+000
    409700   0.9292552139E+003   0.0000000000E+000
    409800   0.9275884674E+003   0.0000000000E+000
    409900   0.9209789024E+003   0.0000000000E+000
    410000   0.9327018344E+003   0.0000000000E+000
    410100   0.9216193212E+003   0.0000000000E+000
    410200   0.9371341948E+003   0.0000000000E+000
    410300   0.9247037368E+003   0.0000000000E+000
    410400   0.9250208674E+003   0.0000000000E+000
    410500   0.9355676544E+003   0.0000000000E+000
    410600   0.9221454768E+003   0.0000000000E+000
    410700   0.9241111802E+003   0.0000000000E+000
    410800   0.9150095186E+003   0.0000000000E+000
    410900   0.9199542753E+003   0.0000000000E+000
    411000   0.9240021969E+003   0.0000000000E+000
    411100   0.9247222991E+003   0.0000000000E+000
    411200   0.9251412281E+003   0.0000000000E+000
    411300   0.9334105644E+003   0.0000000000E+000
    411400   0.9412100446E+003   0.0000000000E+000
    411500   0.9330306393E+003   0.0000000000E+000
    411600   0.9233060383E+003   0.0000000000E+000
    411700   0.9252325674E+003   0.0000000000E+000
    411800   0.9191497266E+003   0.0000000000E+000
    411900   0.9244518180E+003   0.0000000000E+000
    412000   0.9325676957E+003   0.0000000000E+000
    412100   0.9238410599E+003   0.0000000000E+000
    412200   0.9206868173E+003   0.0000000000E+000
    412300   0.9261075027E+003   0.0000000000E+000
    412400   0.9347607441E+003   0.0000000000E+000
    412500   0.9284518734E+003   0.0000000000E+000
    412600   0.9284727293E+003   0.0000000000E+000
    412700   0.9342221017E+003   0.0000000000E+000
    412800   0.9258761787E+003   0.0000000000E+000
    412900   0.9343541088E+003   0.0000000000E+000
    413000   0.9262012087E+003   0.0000000000E+000
    413100   0.9285266224E+003   0.0000000000E+000
    413200   0.9278911107E+003   0.0000000000E+000
    413300   0.9301113083E+003   0.0000000000E+000
    413400   0.9285398207E+003   0.0000000000E+000
    413500   0.9240338678E+003   0.0000000000E+000
    413600   0.9311204618E+003   0.0000000000E+000
    413700   0.9325826835E+003   0.0000000000E+000
    413800   0.9359426305E+003   0.0000000000E+000
    413900   0.9241808019E+003   0.0000000000E+000
    414000   0.9324140242E+003   0.0000000000E+000
    414100   0.9306260958E+003   0.0000000000E+000
    414200   0.9306819066E+003   0.0000000000E+000
    414300   0.9288743176E+003   0.0000000000E+000
    414400   0.9271394911E+003   0.0000000000E+000
    414500   0.9322435839E+003   0.0000000000E+000
    414600   0.9265682278E+003   0.0000000000E+000
    414700   0.9284717788E+003   0.0000000000E+000
    414800   0.9244212253E+003   0.0000000000E+000
    414900   0.9348162182E+003   0.0000000000E+000
    415000   0.9392478946E+003   0.0000000000E+000
    415100   0.9267332767E+003   0.0000000000E+000
    415200   0.9263194300E+003   0.0000000000E+000
    415300   0.9185939472E+003   0.0000000000E+000
    415400   0.9198566177E+003   0.0000000000E+000
    415500   0.9343152960E+003   0.0000000000E+000
    415600   0.9249673213E+003   0.0000000000E+000
    415700   0.9326875455E+003   0.0000000000E+000
    415800   0.9284130825E+003   0.0000000000E+000
    415900   0.9196773700E+003   0.0000000000E+000
    416000   0.9278500306E+003   0.0000000000E+000
    416100   0.9278815447E+003   0.0000000000E+000
    416200   0.9201026418E+003   0.0000000000E+000
    416300   0.9263544070E+003   0.0000000000E+000
    416400   0.9267197234E+003   0.0000000000E+000
    416500   0.9194631706E+003   0.0000000000E+000
    416600   0.9256875079E+003   0.0000000000E+000
    416700   0.9193335938E+003   0.0000000000E+000
    416800   0.9308369200E+003   0.0000000000E+000
    416900   0.9399314565E+003   0.0000000000E+000
    417000   0.9339983135E+003   0.0000000000E+000
    417100   0.9318757440E+003   0.0000000000E+000
    417200   0.9335652840E+003   0.0000000000E+000
    417300   0.9233592447E+003   0.0000000000E+000
    417400   0.9224911532E+003   0.0000000000E+000
    417500   0.9258566494E+003   0.0000000000E+000
    417600   0.9336693787E+003   0.0000000000E+000
    417700   0.9216387106E+003   0.0000000000E+000
    417800   0.9262073526E+003   0.0000000000E+000
    417900   0.9240364027E+003   0.0000000000E+000
    418000   0.9303184399E+003   0.0000000000E+000
    418100   0.9266812115E+003   0.0000000000E+000
    418200   0.9338149417E+003   0.0000000000E+000
    418300   0.9303425782E+003   0.0000000000E+000
    418400   0.9301854088E+003   0.0000000000E+000
    418500   0.9252150785E+003   0.0000000000E+000
    418600   0.9240394388E+003   0.0000000000E+000
    418700   0.9266612845E+003   0.0000000000E+000
    418800   0.9334762935E+003   0.0000000000E+000
    418900   0.9302778860E+003   0.0000000000E+000
    419000   0.9365726967E+003   0.0000000000E+000
    419100   0.9302064352E+003   0.0000000000E+000
    419200   0.9264610912E+003   0.0000000000E+000
    419300   0.9297958499E+003   0.0000000000E+000
    419400   0.9247124736E+003   0.0000000000E+000
    419500   0.9391903666E+003   0.0000000000E+000
    419600   0.9361131190E+003   0.0000000000E+000
    419700   0.9322649545E+003   0.0000000000E+000
    419800   0.9305966771E+003   0.0000000000E+000
    419900   0.9345232106E+003   0.0000000000E+000
    420000   0.9404880743E+003   0.0000000000E+000
    420100   0.9304363261E+003   0.0000000000E+000
    420200   0.9297004699E+003   0.0000000000E+000
    420300   0.9308364680E+003   0.0000000000E+000
    420400   0.9324650556E+003   0.0000000000E+000
    420500   0.9288808076E+003   0.0000000000E+000
    420600   0.9353245984E+003   0.0000000000E+000
    420700   0.9431286410E+003   0.0000000000E+000
    420800   0.9224797406E+003   0.0000000000E+000
    420900   0.9309292755E+003   0.0000000000E+000
    421000   0.9319299043E+003   0.0000000000E+000
    421100   0.9218706709E+003   0.0000000000E+000
    421200   0.9304573992E+003   0.0000000000E+000
    421300   0.9342711331E+003   0.0000000000E+000
    421400   0.9323293479E+003   0.0000000000E+000
    421500   0.9253791518E+003   0.0000000000E+000
    421600   0.9300381305E+003   0.0000000000E+000
    421700   0.9316098310E+003   0.0000000000E+000
    421800   0.9304992964E+003   0.0000000000E+000
    421900   0.9306463373E+003   0.0000000000E+000
    422000   0.9251709278E+003   0.0000000000E+000
    422100   0.9254647282E+003   0.0000000000E+000
    422200   0.9292587294E+003   0.0000000000E+000
    422300   0.9332026718E+003   0.0000000000E+000
    422400   0.9318963794E+003   0.0000000000E+000
    422500   0.9291627870E+003   0.0000000000E+000
    422600   0.9268147976E+003   0.0000000000E+000
    422700   0.9318687786E+003   0.0000000000E+000
    422800   0.9158417373E+003   0.0000000000E+000
    422900   0.9212901938E+003   0.0000000000E+000
    423000   0.9232751049E+003   0.0000000000E+000
    423100   0.9312953311E+003   0.0000000000E+000
    423200   0.9231952382E+003   0.0000000000E+000
    423300   0.9285746487E+003   0.0000000000E+000
    423400   0.9258599136E+003   0.0000000000E+000
    423500   0.9236511007E+003   0.0000000000E+000
    423600   0.9151713183E+003   0.0000000000E+000
    423700   0.9260465783E+003   0.0000000000E+000
    423800   0.9252436993E+003   0.0000000000E+000
    423900   0.9238987323E+003   0.0000000000E+000
    424000   0.9255623455E+003   0.0000000000E+000
    424100   0.9339012104E+003   0.0000000000E+000
    424200   0.9284773060E+003   0.0000000000E+000
    424300   0.9209229531E+003   0.0000000000E+000
    424400   0.9231599361E+003   0.0000000000E+000
    424500   0.9226252020E+003   0.0000000000E+000
    424600   0.9293719081E+003   0.0000000000E+000
    424700   0.9264551394E+003   0.0000000000E+000
    424800   0.9295298011E+003   0.0000000000E+000
    424900   0.9246667687E+003   0.0000000000E+000
    425000   0.9226038140E+003   0.0000000000E+000
    425100   0.9267933269E+003   0.0000000000E+000
    425200   0.9273146042E+003   0.0000000000E+000
    425300   0.9213012974E+003   0.0000000000E+000
    425400   0.9316625608E+003   0.0000000000E+000
    425500   0.9300864007E+003   0.0000000000E+000
    425600   0.9230372718E+003   0.0000000000E+000
    425700   0.9217009271E+003   0.0000000000E+000
    425800   0.9287590177E+003   0.0000000000E+000
    425900   0.9321670311E+003   0.0000000000E+000
    426000   0.9208038267E+003   0.0000000000E+000
    426100   0.9244904881E+003   0.0000000000E+000
    426200   0.9340034606E+003   0.0000000000E+000
    426300   0.9293521974E+003   0.0000000000E+000
    426400   0.9211781124E+003   0.0000000000E+000
    426500   0.9209057568E+003   0.0000000000E+000
    426600   0.9290005548E+003   0.0000000000E+000
    426700   0.9350244213E+003   0.0000000000E+000
    426800   0.9374581483E+003   0.0000000000E+000
    426900   0.9243033982E+003   0.0000000000E+000
    427000   0.9360610191E+003   0.0000000000E+000
    427100   0.9364258880E+003   0.0000000000E+000
    427200   0.9256243787E+003   0.0000000000E+000
    427300   0.9304870562E+003   0.0000000000E+000
    427400   0.9242987736E+003   0.0000000000E+000
    427500   0.9239052385E+003   0.0000000000E+000
    427600   0.9226211067E+003   0.0000000000E+000
    427700   0.9250914650E+003   0.0000000000E+000
    427800   0.9190259330E+003   0.0000000000E+000
    427900   0.9200973239E+003   0.0000000000E+000
    428000   0.9217459502E+003   0.0000000000E+000
    428100   0.9319594611E+003   0.0000000000E+000
    428200   0.9201535286E+003   0.0000000000E+000
    428300   0.9312434865E+003   0.0000000000E+000
    428400   0.9217968948E+003   0.0000000000E+000
    428500   0.9275389513E+003   0.0000000000E+000
    428600   0.9192075577E+003   0.0000000000E+000
    428700   0.9270928204E+003   0.0000000000E+000
    428800   0.9214402218E+003   0.0000000000E+000
    428900   0.9247346920E+003   0.0000000000E+000
    429000   0.9270520810E+003   0.0000000000E+000
    429100   0.9288771546E+003   0.0000000000E+000
    429200   0.9270604051E+003   0.0000000000E+000
    429300   0.9273663579E+003   0.0000000000E+000
    429400   0.9189120376E+003   0.0000000000E+000
    429500   0.9256132054E+003   0.0000000000E+000
    429600   0.9235284849E+003   0.0000000000E+000
    429700   0.9213432404E+003   0.0000000000E+000
    429800   0.9251574305E+003   0.0000000000E+000
    429900   0.9291188407E+003   0.0000000000E+000
    430000   0.9241331555E+003   0.0000000000E+000
    430100   0.9223787495E+003   0.0000000000E+000
    430200   0.9264651851E+003   0.0000000000E+000
    430300   0.9190196164E+003   0.0000000000E+000
    430400   0.9275346242E+003   0.0000000000E+000
    430500   0.9191179153E+003   0.0000000000E+000
    430600   0.9269385532E+003   0.0000000000E+000
    430700   0.9322289908E+003   0.0000000000E+000
    430800   0.9201726380E+003   0.0000000000E+000
    430900   0.9246775388E+003   0.0000000000E+000
    431000   0.9317560608E+003   0.0000000000E+000
    431100   0.9218839357E+003   0.0000000000E+000
    431200   0.9316459067E+003   0.0000000000E+000
    431300   0.9142222198E+003   0.0000000000E+000
    431400   0.9329234507E+003   0.0000000000E+000
    431500   0.9216744730E+003   0.0000000000E+000
    431600   0.9289199748E+003   0.0000000000E+000
    431700   0.9357649698E+003   0.0000000000E+000
    431800   0.9272896774E+003   0.0000000000E+000
    431900   0.9228853765E+003   0.0000000000E+000
    432000   0.9188174278E+003   0.0000000000E+000
    432100   0.9290378356E+003   0.0000000000E+000
    432200   0.9289188020E+003   0.0000000000E+000
    432300   0.9278681434E+003   0.0000000000E+000
    432400   0.9260441063E+003   0.0000000000E+000
    432500   0.9229429188E+003   0.0000000000E+000
    432600   0.9158451003E+003   0.0000000000E+000
    432700   0.9316433797E+003   0.0000000000E+000
    432800   0.9214052873E+003   0.0000000000E+000
    432900   0.9251139043E+003   0.0000000000E+000
    433000   0.9245312589E+003   0.0000000000E+000
    433100   0.9258871879E+003   0.0000000000E+000
    433200   0.9201078496E+003   0.0000000000E+000
    433300   0.9256480382E+003   0.0000000000E+000
    433400   0.9237044068E+003   0.0000000000E+000
    433500   0.9176131140E+003   0.0000000000E+000
    433600   0.9301033630E+003   0.0000000000E+000
    433700   0.9355962169E+003   0.0000000000E+000
    433800   0.9265393956E+003   0.0000000000E+000
    433900   0.9167224271E+003   0.0000000000E+000
    434000   0.9179479634E+003   0.0000000000E+000
    434100   0.9214643797E+003   0.0000000000E+000
    434200   0.9256529097E+003   0.0000000000E+000
    434300   0.9232877055E+003   0.0000000000E+000
    434400   0.9271623523E+003   0.0000000000E+000
    434500   0.9217494693E+003   0.0000000000E+000
    434600   0.9316994319E+003   0.0000000000E+000
    434700   0.9327215680E+003   0.0000000000E+000
    434800   0.9223649889E+003   0.0000000000E+000
    434900   0.9316271385E+003   0.0000000000E+000
    435000   0.9239192914E+003   0.0000000000E+000
    435100   0.9246257741E+003   0.0000000000E+000
    435200   0.9201801335E+003   0.0000000000E+000
    435300   0.9348956171E+003   0.0000000000E+000
    435400   0.9287434737E+003   0.0000000000E+000
    435500   0.9243137169E+003   0.0000000000E+000
    435600   0.9251102561E+003   0.0000000000E+000
    435700   0.9237141448E+003   0.0000000000E+000
    435800   0.9256666001E+003   0.0000000000E+000
    435900   0.9227130960E+003   0.0000000000E+000
    436000   0.9258038852E+003   0.0000000000E+000
    436100   0.9277231095E+003   0.0000000000E+000
    436200   0.9221768988E+003   0.0000000000E+000
    436300   0.9306526601E+003   0.0000000000E+000
    436400   0.9306523954E+003   0.0000000000E+000
    436500   0.9266288827E+003   0.0000000000E+000
    436600   0.9296146500E+003   0.0000000000E+000
    436700   0.9202182538E+003   0.0000000000E+000
    436800   0.9366287346E+003   0.0000000000E+000
    436900   0.9349412706E+003   0.0000000000E+000
    437000   0.9229424800E+003   0.0000000000E+000
    437100   0.9217067116E+003   0.0000000000E+000
    437200   0.9275368513E+003   0.0000000000E+000
    437300   0.9294478433E+003   0.0000000000E+000
    437400   0.9286371571E+003   0.0000000000E+000
    437500   0.9309272676E+003   0.0000000000E+000
    437600   0.9250833468E+003   0.0000000000E+000
    437700   0.9336792126E+003   0.0000000000E+000
    437800   0.9305531934E+003   0.0000000000E+000
    437900   0.9280390704E+003   0.0000000000E+000
    438000   0.9406962493E+003   0.0000000000E+000
    438100   0.9361975858E+003   0.0000000000E+000
    438200   0.9327991805E+003   0.0000000000E+000
    438300   0.9252461309E+003   0.0000000000E+000
    438400   0.9185687356E+003   0.0000000000E+000
    438500   0.9257533026E+003   0.0000000000E+000
    438600   0.9279258399E+003   0.0000000000E+000
    438700   0.9240095432E+003   0.0000000000E+000
    438800   0.9365924967E+003   0.0000000000E+000
    438900   0.9393179241E+003   0.0000000000E+000
    439000   0.9217677950E+003   0.0000000000E+000
    439100   0.9177884168E+003   0.0000000000E+000
    439200   0.9377311297E+003   0.0000000000E+000
    439300   0.9200538782E+003   0.0000000000E+000
    439400   0.9162472394E+003   0.0000000000E+000
    439500   0.9248023251E+003   0.0000000000E+000
    439600   0.9224228232E+003   0.0000000000E+000
    439700   0.9305650601E+003   0.0000000000E+000
    439800   0.9266556748E+003   0.0000000000E+000
    439900   0.9182163843E+003   0.0000000000E+000
    440000   0.9259589692E+003   0.0000000000E+000
    440100   0.9245691863E+003   0.0000000000E+000
    440200   0.9318277821E+003   0.0000000000E+000
    440300   0.9285839682E+003   0.0000000000E+000
    440400   0.9280213029E+003   0.0000000000E+000
    440500   0.9250275699E+003   0.0000000000E+000
    440600   0.9319645504E+003   0.0000000000E+000
    440700   0.9312410764E+003   0.0000000000E+000
    440800   0.9298430901E+003   0.0000000000E+000
    440900   0.9209509349E+003   0.0000000000E+000
    441000   0.9189099593E+003   0.0000000000E+000
    441100   0.9150984060E+003   0.0000000000E+000
    441200   0.9153041607E+003   0.0000000000E+000
    441300   0.9262931075E+003   0.0000000000E+000
    441400   0.9146657164E+003   0.0000000000E+000
    441500   0.9159945699E+003   0.0000000000E+000
    441600   0.9225157987E+003   0.0000000000E+000
    441700   0.9224837471E+003   0.0000000000E+000
    441800   0.9204407018E+003   0.0000000000E+000
    441900   0.9312565622E+003   0.0000000000E+000
    442000   0.9218995195E+003   0.0000000000E+000
    442100   0.9205474106E+003   0.0000000000E+000
    442200   0.9277145710E+003   0.0000000000E+000
    442300   0.9272995152E+003   0.0000000000E+000
    442400   0.9275209374E+003   0.0000000000E+000
    442500   0.9223282697E+003   0.0000000000E+000
    442600   0.9326885918E+003   0.0000000000E+000
    442700   0.9288500203E+003   0.0000000000E+000
    442800   0.9230332155E+003   0.0000000000E+000
    442900   0.9413855915E+003   0.0000000000E+000
    443000   0.9246494697E+003   0.0000000000E+000
    443100   0.9297486017E+003   0.0000000000E+000
    443200   0.9291082617E+003   0.0000000000E+000
    443300   0.9225884898E+003   0.0000000000E+000
    443400   0.9259492597E+003   0.0000000000E+000
    443500   0.9225713823E+003   0.0000000000E+000
    443600   0.9262240733E+003   0.0000000000E+000
    443700   0.9225881981E+003   0.0000000000E+000
    443800   0.9218113442E+003   0.0000000000E+000
    443900   0.9220208286E+003   0.0000000000E+000
    444000   0.9322584703E+003   0.0000000000E+000
    444100   0.9299898986E+003   0.0000000000E+000
    444200   0.9279226441E+003   0.0000000000E+000
    444300   0.9354712526E+003   0.0000000000E+000
    444400   0.9375458629E+003   0.0000000000E+000
    444500   0.9287091168E+003   0.0000000000E+000
    444600   0.9326121839E+003   0.0000000000E+000
    444700   0.9251676240E+003   0.0000000000E+000
    444800   0.9353804281E+003   0.0000000000E+000
    444900   0.9330252187E+003   0.0000000000E+000
    445000   0.9283144318E+003   0.0000000000E+000
    445100   0.9256091757E+003   0.0000000000E+000
    445200   0.9271267489E+003   0.0000000000E+000
    445300   0.9253618579E+003   0.0000000000E+000
    445400   0.9286151511E+003   0.0000000000E+000
    445500   0.9355323563E+003   0.0000000000E+000
    445600   0.9319734706E+003   0.0000000000E+000
    445700   0.9204910756E+003   0.0000000000E+000
    445800   0.9315414533E+003   0.0000000000E+000
    445900   0.9175503793E+003   0.0000000000E+000
    446000   0.9229317814E+003   0.0000000000E+000
    446100   0.9340011800E+003   0.0000000000E+000
    446200   0.9323356640E+003   0.0000000000E+000
    446300   0.9300119956E+003   0.0000000000E+000
    446400   0.9333674664E+003   0.0000000000E+000
    446500   0.9317494752E+003   0.0000000000E+000
    446600   0.9266542128E+003   0.0000000000E+000
    446700   0.9285897442E+003   0.0000000000E+000
    446800   0.9326917147E+003   0.0000000000E+000
    446900   0.9345849512E+003   0.0000000000E+000
    447000   0.9332733940E+003   0.0000000000E+000
    447100   0.9360140720E+003   0.0000000000E+000
    447200   0.9338146778E+003   0.0000000000E+000
    447300   0.9301272016E+003   0.0000000000E+000
    447400   0.9285968402E+003   0.0000000000E+000
    447500   0.9301209864E+003   0.0000000000E+000
    447600   0.9253251306E+003   0.0000000000E+000
    447700   0.9257537210E+003   0.0000000000E+000
    447800   0.9340387613E+003   0.0000000000E+000
    447900   0.9297277518E+003   0.0000000000E+000
    448000   0.9401218197E+003   0.0000000000E+000
    448100   0.9369488770E+003   0.0000000000E+000
    448200   0.9325881666E+003   0.0000000000E+000
    448300   0.9284413965E+003   0.0000000000E+000
    448400   0.9254948636E+003   0.0000000000E+000
    448500   0.9327519777E+003   0.0000000000E+000
    448600   0.9376726825E+003   0.0000000000E+000
    448700   0.9369291236E+003   0.0000000000E+000
    448800   0.9302280970E+003   0.0000000000E+000
    448900   0.9341202537E+003   0.0000000000E+000
    449000   0.9353279195E+003   0.0000000000E+000
    449100   0.9295303024E+003   0.0000000000E+000
    449200   0.9398786034E+003   0.0000000000E+000
    449300   0.9314205316E+003   0.0000000000E+000
    449400   0.9328404755E+003   0.0000000000E+000
    449500   0.9271166555E+003   0.0000000000E+000
    449600   0.9283528393E+003   0.0000000000E+000
    449700   0.9298900106E+003   0.0000000000E+000
    449800   0.9341860536E+003   0.0000000000E+000
    449900   0.9263219995E+003   0.0000000000E+000
    450000   0.9298259818E+003   0.0000000000E+000
    450100   0.9282634695E+003   0.0000000000E+000
    450200   0.9294641654E+003   0.0000000000E+000
    450300   0.9383404721E+003   0.0000000000E+000
    450400   0.9253621388E+003   0.0000000000E+000
    450500   0.9306656897E+003   0.0000000000E+000
    450600   0.9243129920E+003   0.0000000000E+000
    450700   0.9271655040E+003   0.0000000000E+000
    450800   0.9232467948E+003   0.0000000000E+000
    450900   0.9312341076E+003   0.0000000000E+000
    451000   0.9402723946E+003   0.0000000000E+000
    451100   0.9176376498E+003   0.0000000000E+000
    451200   0.9312283434E+003   0.0000000000E+000
    451300   0.9237921451E+003   0.0000000000E+000
    451400   0.9235123551E+003   0.0000000000E+000
    451500   0.9255507881E+003   0.0000000000E+000
    451600   0.9269406627E+003   0.0000000000E+000
    451700   0.9302390318E+003   0.0000000000E+000
    451800   0.9212986728E+003   0.0000000000E+000
    451900   0.9134748282E+003   0.0000000000E+000
    452000   0.9303394676E+003   0.0000000000E+000
    452100   0.9373077915E+003   0.0000000000E+000
    452200   0.9298538968E+003   0.0000000000E+000
    452300   0.9256989918E+003   0.0000000000E+000
    452400   0.9275425868E+003   0.0000000000E+000
    452500   0.9171747525E+003   0.0000000000E+000
    452600   0.9215328063E+003   0.0000000000E+000
    452700   0.9246678075E+003   0.0000000000E+000
    452800   0.9270435194E+003   0.0000000000E+000
    452900   0.9204154045E+003   0.0000000000E+000
    453000   0.9331140156E+003   0.0000000000E+000
    453100   0.9245382995E+003   0.0000000000E+000
    453200   0.9376805709E+003   0.0000000000E+000
    453300   0.9259917072E+003   0.0000000000E+000
    453400   0.9250416661E+003   0.0000000000E+000
    453500   0.9341378336E+003   0.0000000000E+000
    453600   0.9268812157E+003   0.0000000000E+000
    453700   0.9246895991E+003   0.0000000000E+000
    453800   0.9209569293E+003   0.0000000000E+000
    453900   0.9186229418E+003   0.0000000000E+000
    454000   0.9247322480E+003   0.0000000000E+000
    454100   0.9172769916E+003   0.0000000000E+000
    454200   0.9312538184E+003   0.0000000000E+000
    454300   0.9264317476E+003   0.0000000000E+000
    454400   0.9310438982E+003   0.0000000000E+000
    454500   0.9390666772E+003   0.0000000000E+000
    454600   0.9276407007E+003   0.0000000000E+000
    454700   0.9278244277E+003   0.0000000000E+000
    454800   0.9378522726E+003   0.0000000000E+000
    454900   0.9231432700E+003   0.0000000000E+000
    455000   0.9257995756E+003   0.0000000000E+000
    455100   0.9200276235E+003   0.0000000000E+000
    455200   0.9204917987E+003   0.0000000000E+000
    455300   0.9246948180E+003   0.0000000000E+000
    455400   0.9239001205E+003   0.0000000000E+000
    455500   0.9200943811E+003   0.0000000000E+000
    455600   0.9246503431E+003   0.0000000000E+000
    455700   0.9269118824E+003   0.0000000000E+000
    455800   0.9214831463E+003   0.0000000000E+000
    455900   0.9207895086E+003   0.0000000000E+000
    456000   0.9148236028E+003   0.0000000000E+000
    456100   0.9226804438E+003   0.0000000000E+000
    456200   0.9265631795E+003   0.0000000000E+000
    456300   0.9277446062E+003   0.0000000000E+000
    456400   0.9286007057E+003   0.0000000000E+000
    456500   0.9279524162E+003   0.0000000000E+000
    456600   0.9182204834E+003   0.0000000000E+000
    456700   0.9257308692E+003   0.0000000000E+000
    456800   0.9199108141E+003   0.0000000000E+000
    456900   0.9183341563E+003   0.0000000000E+000
    457000   0.9231396186E+003   0.0000000000E+000
    457100   0.9231609502E+003   0.0000000000E+000
    457200   0.9182633467E+003   0.0000000000E+000
    457300   0.9244470023E+003   0.0000000000E+000
    457400   0.9310376222E+003   0.0000000000E+000
    457500   0.9350910542E+003   0.0000000000E+000
    457600   0.9305588098E+003   0.0000000000E+000
    457700   0.9189115150E+003   0.0000000000E+000
    457800   0.9302620525E+003   0.0000000000E+000
    457900   0.9368193474E+003   0.0000000000E+000
    458000   0.9240583478E+003   0.0000000000E+000
    458100   0.9265895022E+003   0.0000000000E+000
    458200   0.9325429301E+003   0.0000000000E+000
    458300   0.9220930363E+003   0.0000000000E+000
    458400   0.9328699121E+003   0.0000000000E+000
    458500   0.9375357529E+003   0.0000000000E+000
    458600   0.9273166532E+003   0.0000000000E+000
    458700   0.9370962743E+003   0.0000000000E+000
    458800   0.9281559490E+003   0.0000000000E+000
    458900   0.9153575800E+003   0.0000000000E+000
    459000   0.9300908005E+003   0.0000000000E+000
    459100   0.9313594126E+003   0.0000000000E+000
    459200   0.9288775322E+003   0.0000000000E+000
    459300   0.9223116758E+003   0.0000000000E+000
    459400   0.9288177629E+003   0.0000000000E+000
    459500   0.9320453690E+003   0.0000000000E+000
    459600   0.9321004232E+003   0.0000000000E+000
    459700   0.9175500394E+003   0.0000000000E+000
    459800   0.9334111971E+003   0.0000000000E+000
    459900   0.9308569640E+003   0.0000000000E+000
    460000   0.9238668510E+003   0.0000000000E+000
    460100   0.9229690038E+003   0.0000000000E+000
    460200   0.9231296839E+003   0.0000000000E+000
    460300   0.9255847923E+003   0.0000000000E+000
    460400   0.9385815537E+003   0.0000000000E+000
    460500   0.9264824219E+003   0.0000000000E+000
    460600   0.9340140794E+003   0.0000000000E+000
    460700   0.9253736321E+003   0.0000000000E+000
    460800   0.9277411889E+003   0.0000000000E+000
    460900   0.9258775759E+003   0.0000000000E+000
    461000   0.9283134269E+003   0.0000000000E+000
    461100   0.9200687632E+003   0.0000000000E+000
    461200   0.9305982089E+003   0.0000000000E+000
    461300   0.9266444995E+003   0.0000000000E+000
    461400   0.9216773676E+003   0.0000000000E+000
    461500   0.9242748986E+003   0.0000000000E+000
    461600   0.9277590600E+003   0.0000000000E+000
    461700   0.9281285649E+003   0.0000000000E+000
    461800   0.9267619578E+003   0.0000000000E+000
    461900   0.9264038821E+003   0.0000000000E+000
    462000   0.9233387412E+003   0.0000000000E+000
    462100   0.9284824732E+003   0.0000000000E+000
    462200   0.9257561593E+003   0.0000000000E+000
    462300   0.9230032749E+003   0.0000000000E+000
    462400   0.9239518889E+003   0.0000000000E+000
    462500   0.9241777670E+003   0.0000000000E+000
    462600   0.9230404359E+003   0.0000000000E+000
    462700   0.9212167053E+003   0.0000000000E+000
    462800   0.9344895927E+003   0.0000000000E+000
    462900   0.9332070276E+003   0.0000000000E+000
    463000   0.9227288168E+003   0.0000000000E+000
    463100   0.9192031508E+003   0.0000000000E+000
    463200   0.9214680409E+003   0.0000000000E+000
    463300   0.9232852402E+003   0.0000000000E+000
    463400   0.9215718275E+003   0.0000000000E+000
    463500   0.9197187989E+003   0.0000000000E+000
    463600   0.9197930104E+003   0.0000000000E+000
    463700   0.9225366778E+003   0.0000000000E+000
    463800   0.9294181536E+003   0.0000000000E+000
    463900   0.9204829325E+003   0.0000000000E+000
    464000   0.9281498234E+003   0.0000000000E+000
    464100   0.9309318960E+003   0.0000000000E+000
    464200   0.9192658230E+003   0.0000000000E+000
    464300   0.9272724905E+003   0.0000000000E+000
    464400   0.9365058626E+003   0.0000000000E+000
    464500   0.9273054726E+003   0.0000000000E+000
    464600   0.9241310123E+003   0.0000000000E+000
    464700   0.9260067226E+003   0.0000000000E+000
    464800   0.9214259307E+003   0.0000000000E+000
    464900   0.9188042242E+003   0.0000000000E+000
    465000   0.9226586177E+003   0.0000000000E+000
    465100   0.9302215115E+003   0.0000000000E+000
    465200   0.9151547625E+003   0.0000000000E+000
    465300   0.9133079682E+003   0.0000000000E+000
    465400   0.9325361120E+003   0.0000000000E+000
    465500   0.9366284867E+003   0.0000000000E+000
    465600   0.9211746002E+003   0.0000000000E+000
    465700   0.9221065171E+003   0.0000000000E+000
    465800   0.9300868256E+003   0.0000000000E+000
    465900   0.9230854962E+003   0.0000000000E+000
    466000   0.9372601302E+003   0.0000000000E+000
    466100   0.9185640357E+003   0.0000000000E+000
    466200   0.9204626518E+003   0.0000000000E+000
    466300   0.9176197077E+003   0.0000000000E+000
    466400   0.9286544765E+003   0.0000000000E+000
    466500   0.9244835932E+003   0.0000000000E+000
    466600   0.9218832170E+003   0.0000000000E+000
    466700   0.9355473856E+003   0.0000000000E+000
    466800   0.9192313071E+003   0.0000000000E+000
    466900   0.9216776424E+003   0.0000000000E+000
    467000   0.9117612447E+003   0.0000000000E+000
    467100   0.9182259303E+003   0.0000000000E+000
    467200   0.9265363651E+003   0.0000000000E+000
    467300   0.9202552828E+003   0.0000000000E+000
    467400   0.9174130953E+003   0.0000000000E+000
    467500   0.9238248648E+003   0.0000000000E+000
    467600   0.9243349312E+003   0.0000000000E+000
    467700   0.9214032427E+003   0.0000000000E+000
    467800   0.9330472228E+003   0.0000000000E+000
    467900   0.9359127511E+003   0.0000000000E+000
    468000   0.9234710026E+003   0.0000000000E+000
    468100   0.9323384753E+003   0.0000000000E+000
    468200   0.9249865208E+003   0.0000000000E+000
    468300   0.9133752752E+003   0.0000000000E+000
    468400   0.9258753511E+003   0.0000000000E+000
    468500   0.9288988012E+003   0.0000000000E+000
    468600   0.9227092511E+003   0.0000000000E+000
    468700   0.9297900274E+003   0.0000000000E+000
    468800   0.9342874651E+003   0.0000000000E+000
    468900   0.9334571588E+003   0.0000000000E+000
    469000   0.9199526305E+003   0.0000000000E+000
    469100   0.9217831568E+003   0.0000000000E+000
    469200   0.9280827635E+003   0.0000000000E+000
    469300   0.9276835873E+003   0.0000000000E+000
    469400   0.9293070470E+003   0.0000000000E+000
    469500   0.9278928466E+003   0.0000000000E+000
    469600   0.9272957484E+003   0.0000000000E+000
    469700   0.9332545513E+003   0.0000000000E+000
    469800   0.9266057009E+003   0.0000000000E+000
    469900   0.9267622960E+003   0.0000000000E+000
    470000   0.9247494778E+003   0.0000000000E+000
    470100   0.9316059612E+003   0.0000000000E+000
    470200   0.9317421246E+003   0.0000000000E+000
    470300   0.9342194413E+003   0.0000000000E+000
    470400   0.9232779288E+003   0.0000000000E+000
    470500   0.9320988912E+003   0.0000000000E+000
    470600   0.9314934405E+003   0.0000000000E+000
    470700   0.9289216667E+003   0.0000000000E+000
    470800   0.9206652487E+003   0.0000000000E+000
    470900   0.9241567990E+003   0.0000000000E+000
    471000   0.9289005892E+003   0.0000000000E+000
    471100   0.9130865640E+003   0.0000000000E+000
    471200   0.9236330386E+003   0.0000000000E+000
    471300   0.9207663136E+003   0.0000000000E+000
    471400   0.9252645845E+003   0.0000000000E+000
    471500   0.9329848134E+003   0.0000000000E+000
    471600   0.9401271265E+003   0.0000000000E+000
    471700   0.9185394533E+003   0.0000000000E+000
    471800   0.9344941232E+003   0.0000000000E+000
    471900   0.9320125399E+003   0.0000000000E+000
    472000   0.9277340577E+003   0.0000000000E+000
    472100   0.9245756843E+003   0.0000000000E+000
    472200   0.9201034788E+003   0.0000000000E+000
    472300   0.9259580924E+003   0.0000000000E+000
    472400   0.9241801346E+003   0.0000000000E+000
    472500   0.9092621026E+003   0.0000000000E+000
    472600   0.9264545401E+003   0.0000000000E+000
    472700   0.9230449294E+003   0.0000000000E+000
    472800   0.9269416328E+003   0.0000000000E+000
    472900   0.9283629884E+003   0.0000000000E+000
    473000   0.9260796223E+003   0.0000000000E+000
    473100   0.9288171763E+003   0.0000000000E+000
    473200   0.9225449012E+003   0.0000000000E+000
    473300   0.9093076142E+003   0.0000000000E+000
    473400   0.9272192984E+003   0.0000000000E+000
    473500   0.9272371655E+003   0.0000000000E+000
    473600   0.9247590273E+003   0.0000000000E+000
    473700   0.9306322591E+003   0.0000000000E+000
    473800   0.9242303133E+003   0.0000000000E+000
    473900   0.9277443322E+003   0.0000000000E+000
    474000   0.9273316956E+003   0.0000000000E+000
    474100   0.9353720650E+003   0.0000000000E+000
    474200   0.9272528224E+003   0.0000000000E+000
    474300   0.9340829451E+003   0.0000000000E+000
    474400   0.9257828829E+003   0.0000000000E+000
    474500   0.9197996455E+003   0.0000000000E+000
    474600   0.9232547394E+003   0.0000000000E+000
    474700   0.9268268636E+003   0.0000000000E+000
    474800   0.9269688970E+003   0.0000000000E+000
    474900   0.9313855769E+003   0.0000000000E+000
    475000   0.9286419925E+003   0.0000000000E+000
    475100   0.9121622863E+003   0.0000000000E+000
    475200   0.9161447981E+003   0.0000000000E+000
    475300   0.9320618614E+003   0.0000000000E+000
    475400   0.9240725245E+003   0.0000000000E+000
    475500   0.9194406943E+003   0.0000000000E+000
    475600   0.9220395517E+003   0.0000000000E+000
    475700   0.9269114811E+003   0.0000000000E+000
    475800   0.9315664488E+003   0.0000000000E+000
    475900   0.9287029230E+003   0.0000000000E+000
    476000   0.9314193814E+003   0.0000000000E+000
    476100   0.9260174664E+003   0.0000000000E+000
    476200   0.9178218704E+003   0.0000000000E+000
    476300   0.9254937431E+003   0.0000000000E+000
    476400   0.9282861526E+003   0.0000000000E+000
    476500   0.9293731806E+003   0.0000000000E+000
    476600   0.9279411549E+003   0.0000000000E+000
    476700   0.9312433304E+003   0.0000000000E+000
    476800   0.9223533550E+003   0.0000000000E+000
    476900   0.9317395191E+003   0.0000000000E+000
    477000   0.9244010365E+003   0.0000000000E+000
    477100   0.9152240519E+003   0.0000000000E+000
    477200   0.9284204891E+003   0.0000000000E+000
    477300   0.9188861243E+003   0.0000000000E+000
    477400   0.9201480076E+003   0.0000000000E+000
    477500   0.9232468272E+003   0.0000000000E+000
    477600   0.9171618116E+003   0.0000000000E+000
    477700   0.9285297870E+003   0.0000000000E+000
    477800   0.9255109551E+003   0.0000000000E+000
    477900   0.9285766269E+003   0.0000000000E+000
    478000   0.9226765253E+003   0.0000000000E+000
    478100   0.9222837387E+003   0.0000000000E+000
    478200   0.9242969202E+003   0.0000000000E+000
    478300   0.9104909744E+003   0.0000000000E+000
    478400   0.9257844823E+003   0.0000000000E+000
    478500   0.9257397890E+003   0.0000000000E+000
    478600   0.9236575814E+003   0.0000000000E+000
    478700   0.9278885909E+003   0.0000000000E+000
    478800   0.9254689274E+003   0.0000000000E+000
    478900   0.9254116949E+003   0.0000000000E+000
    479000   0.9231787664E+003   0.0000000000E+000
    479100   0.9219644043E+003   0.0000000000E+000
    479200   0.9261752738E+003   0.0000000000E+000
    479300   0.9165998514E+003   0.0000000000E+000
    479400   0.9235668761E+003   0.0000000000E+000
    479500   0.9149496498E+003   0.0000000000E+000
    479600   0.9216146663E+003   0.0000000000E+000
    479700   0.9134186778E+003   0.0000000000E+000
    479800   0.9332081204E+003   0.0000000000E+000
    479900   0.9250762144E+003   0.0000000000E+000
    480000   0.9279151250E+003   0.0000000000E+000
    480100   0.9222779227E+003   0.0000000000E+000
    480200   0.9212636809E+003   0.0000000000E+000
    480300   0.9165516090E+003   0.0000000000E+000
    480400   0.9229044431E+003   0.0000000000E+000
    480500   0.9126049871E+003   0.0000000000E+000
    480600   0.9209215274E+003   0.0000000000E+000
    480700   0.9291301225E+003   0.0000000000E+000
    480800   0.9132555177E+003   0.0000000000E+000
    480900   0.9148903158E+003   0.0000000000E+000
    481000   0.9160335943E+003   0.0000000000E+000
    481100   0.9221970000E+003   0.0000000000E+000
    481200   0.9192733431E+003   0.0000000000E+000
    481300   0.9201008957E+003   0.0000000000E+000
    481400   0.9346883418E+003   0.0000000000E+000
    481500   0.9220381135E+003   0.0000000000E+000
    481600   0.9122332019E+003   0.0000000000E+000
    481700   0.9227659034E+003   0.0000000000E+000
    481800   0.9228395819E+003   0.0000000000E+000
    481900   0.9198260240E+003   0.0000000000E+000
    482000   0.9167333839E+003   0.0000000000E+000
    482100   0.9135652190E+003   0.0000000000E+000
    482200   0.9222742818E+003   0.0000000000E+000
    482300   0.9280560812E+003   0.0000000000E+000
    482400   0.9294148389E+003   0.0000000000E+000
    482500   0.9193335024E+003   0.0000000000E+000
    482600   0.9227644649E+003   0.0000000000E+000
    482700   0.9211090751E+003   0.0000000000E+000
    482800   0.9231822858E+003   0.0000000000E+000
    482900   0.9263711061E+003   0.0000000000E+000
    483000   0.9210896463E+003   0.0000000000E+000
    483100   0.9226184967E+003   0.0000000000E+000
    483200   0.9198610545E+003   0.0000000000E+000
    483300   0.9102260166E+003   0.0000000000E+000
    483400   0.9181531999E+003   0.0000000000E+000
    483500   0.9203832903E+003   0.0000000000E+000
    483600   0.9197888480E+003   0.0000000000E+000
    483700   0.9214720960E+003   0.0000000000E+000
    483800   0.9210310809E+003   0.0000000000E+000
    483900   0.9140205140E+003   0.0000000000E+000
    484000   0.9247713395E+003   0.0000000000E+000
    484100   0.9283970615E+003   0.0000000000E+000
    484200   0.9341810797E+003   0.0000000000E+000
    484300   0.9331168448E+003   0.0000000000E+000
    484400   0.9245162880E+003   0.0000000000E+000
    484500   0.9280645869E+003   0.0000000000E+000
    484600   0.9339735888E+003   0.0000000000E+000
    484700   0.9303321679E+003   0.0000000000E+000
    484800   0.9382438296E+003   0.0000000000E+000
    484900   0.9219961216E+003   0.0000000000E+000
    485000   0.9189564515E+003   0.0000000000E+000
    485100   0.9224870446E+003   0.0000000000E+000
    485200   0.9335052427E+003   0.0000000000E+000
    485300   0.9213424339E+003   0.0000000000E+000
    485400   0.9315153356E+003   0.0000000000E+000
    485500   0.9243023727E+003   0.0000000000E+000
    485600   0.9330487934E+003   0.0000000000E+000
    485700   0.9197369819E+003   0.0000000000E+000
    485800   0.9254415773E+003   0.0000000000E+000
    485900   0.9172337203E+003   0.0000000000E+000
    486000   0.9248219697E+003   0.0000000000E+000
    486100   0.9320807374E+003   0.0000000000E+000
    486200   0.9285302476E+003   0.0000000000E+000
    486300   0.9363866786E+003   0.0000000000E+000
    486400   0.9243125086E+003   0.0000000000E+000
    486500   0.9368684826E+003   0.0000000000E+000
    486600   0.9309396399E+003   0.0000000000E+000
    486700   0.9338952730E+003   0.0000000000E+000
    486800   0.9309445230E+003   0.0000000000E+000
    486900   0.9224658440E+003   0.0000000000E+000
    487000   0.9218458034E+003   0.0000000000E+000
    487100   0.9292765259E+003   0.0000000000E+000
    487200   0.9341712794E+003   0.0000000000E+000
    487300   0.9287509118E+003   0.0000000000E+000
    487400   0.9199003234E+003   0.0000000000E+000
    487500   0.9258664522E+003   0.0000000000E+000
    487600   0.9349479553E+003   0.0000000000E+000
    487700   0.9296034602E+003   0.0000000000E+000
    487800   0.9372918983E+003   0.0000000000E+000
    487900   0.9312130727E+003   0.0000000000E+000
    488000   0.9329814686E+003   0.0000000000E+000
    488100   0.9334955106E+003   0.0000000000E+000
    488200   0.9161190642E+003   0.0000000000E+000
    488300   0.9359220791E+003   0.0000000000E+000
    488400   0.9230815636E+003   0.0000000000E+000
    488500   0.9246369372E+003   0.0000000000E+000
    488600   0.9338657442E+003   0.0000000000E+000
    488700   0.9252440743E+003   0.0000000000E+000
    488800   0.9246144971E+003   0.0000000000E+000
    488900   0.9326620046E+003   0.0000000000E+000
    489000   0.9278518620E+003   0.0000000000E+000
    489100   0.9331609154E+003   0.0000000000E+000
    489200   0.9346141216E+003   0.0000000000E+000
    489300   0.9257516445E+003   0.0000000000E+000
    489400   0.9307231319E+003   0.0000000000E+000
    489500   0.9345327205E+003   0.0000000000E+000
    489600   0.9222786898E+003   0.0000000000E+000
    489700   0.9263550883E+003   0.0000000000E+000
    489800   0.9330490040E+003   0.0000000000E+000
    489900   0.9258541916E+003   0.0000000000E+000
    490000   0.9205009931E+003   0.0000000000E+000
    490100   0.9209729396E+003   0.0000000000E+000
    490200   0.9175717832E+003   0.0000000000E+000
    490300   0.9335309497E+003   0.0000000000E+000
    490400   0.9300271953E+003   0.0000000000E+000
    490500   0.9273498490E+003   0.0000000000E+000
    490600   0.9273464225E+003   0.0000000000E+000
    490700   0.9192861892E+003   0.0000000000E+000
    490800   0.9171471223E+003   0.0000000000E+000
    490900   0.9184557050E+003   0.0000000000E+000
    491000   0.9229030380E+003   0.0000000000E+000
    491100   0.9197601526E+003   0.0000000000E+000
    491200   0.9281610026E+003   0.0000000000E+000
    491300   0.9267213584E+003   0.0000000000E+000
    491400   0.9235192874E+003   0.0000000000E+000
    491500   0.9220322076E+003   0.0000000000E+000
    491600   0.9148092540E+003   0.0000000000E+000
    491700   0.9262704625E+003   0.0000000000E+000
    491800   0.9257737643E+003   0.0000000000E+000
    491900   0.9261586008E+003   0.0000000000E+000
    492000   0.9267944774E+003   0.0000000000E+000
    492100   0.9196830850E+003   0.0000000000E+000
    492200   0.9210279661E+003   0.0000000000E+000
    492300   0.9323405959E+003   0.0000000000E+000
    492400   0.9273376911E+003   0.0000000000E+000
    492500   0.9256336510E+003   0.0000000000E+000
    492600   0.9298496904E+003   0.0000000000E+000
    492700   0.9379112397E+003   0.0000000000E+000
    492800   0.9236151309E+003   0.0000000000E+000
    492900   0.9276374663E+003   0.0000000000E+000
    493000   0.9190272112E+003   0.0000000000E+000
    493100   0.9224973318E+003   0.0000000000E+000
    493200   0.9307199804E+003   0.0000000000E+000
    493300   0.9282037777E+003   0.0000000000E+000
    493400   0.9293948791E+003   0.0000000000E+000
    493500   0.9243350013E+003   0.0000000000E+000
    493600   0.9296593674E+003   0.0000000000E+000
    493700   0.9299840817E+003   0.0000000000E+000
    493800   0.9270002601E+003   0.0000000000E+000
    493900   0.9198962922E+003   0.0000000000E+000
    494000   0.9296587628E+003   0.0000000000E+000
    494100   0.9229860718E+003   0.0000000000E+000
    494200   0.9279296303E+003   0.0000000000E+000
    494300   0.9282525396E+003   0.0000000000E+000
    494400   0.9302063591E+003   0.0000000000E+000
    494500   0.9325165645E+003   0.0000000000E+000
    494600   0.9311887546E+003   0.0000000000E+000
    494700   0.9242903885E+003   0.0000000000E+000
    494800   0.9389109120E+003   0.0000000000E+000
    494900   0.9246990500E+003   0.0000000000E+000
    495000   0.9353258654E+003   0.0000000000E+000
    495100   0.9340058348E+003   0.0000000000E+000
    495200   0.9229538317E+003   0.0000000000E+000
    495300   0.9285698495E+003   0.0000000000E+000
    495400   0.9234795365E+003   0.0000000000E+000
    495500   0.9390345623E+003   0.0000000000E+000
    495600   0.9319617412E+003   0.0000000000E+000
    495700   0.9227765260E+003   0.0000000000E+000
    495800   0.9242221793E+003   0.0000000000E+000
    495900   0.9251272113E+003   0.0000000000E+000
    496000   0.9341074245E+003   0.0000000000E+000
    496100   0.9316771856E+003   0.0000000000E+000
    496200   0.9319759198E+003   0.0000000000E+000
    496300   0.9374531803E+003   0.0000000000E+000
    496400   0.9298669543E+003   0.0000000000E+000
    496500   0.9287152446E+003   0.0000000000E+000
    496600   0.9378540776E+003   0.0000000000E+000
    496700   0.9366798126E+003   0.0000000000E+000
    496800   0.9284692749E+003   0.0000000000E+000
    496900   0.9249490255E+003   0.0000000000E+000
    497000   0.9352981973E+003   0.0000000000E+000
    497100   0.9290152548E+003   0.0000000000E+000
    497200   0.9262783357E+003   0.0000000000E+000
    497300   0.9274539951E+003   0.0000000000E+000
    497400   0.9306927455E+003   0.0000000000E+000
    497500   0.9241464612E+003   0.0000000000E+000
    497600   0.9272584147E+003   0.0000000000E+000
    497700   0.9320012020E+003   0.0000000000E+000
    497800   0.9270936590E+003   0.0000000000E+000
    497900   0.9242924669E+003   0.0000000000E+000
    498000   0.9248167088E+003   0.0000000000E+000
    498100   0.9225690214E+003   0.0000000000E+000
    498200   0.9259395259E+003   0.0000000000E+000
    498300   0.9312265585E+003   0.0000000000E+000
    498400   0.9331610286E+003   0.0000000000E+000
    498500   0.9296157934E+003   0.0000000000E+000
    498600   0.9287044333E+003   0.0000000000E+000
    498700   0.9238018202E+003   0.0000000000E+000
    498800   0.9292020574E+003   0.0000000000E+000
    498900   0.9306604928E+003   0.0000000000E+000
    499000   0.9281279167E+003   0.0000000000E+000
    499100   0.9300012952E+003   0.0000000000E+000
    499200   0.9282656557E+003   0.0000000000E+000
    499300   0.9220302664E+003   0.0000000000E+000
    499400   0.9246408320E+003   0.0000000000E+000
    499500   0.9299032685E+003   0.0000000000E+000
    499600   0.9199120305E+003   0.0000000000E+000
    499700   0.9241557133E+003   0.0000000000E+000
    499800   0.9206175229E+003   0.0000000000E+000
    499900   0.9241291250E+003   0.0000000000E+000
    500000   0.9206244118E+003   0.0000000000E+000
    500100   0.9231074817E+003   0.0000000000E+000
    500200   0.9196059055E+003   0.0000000000E+000
    500300   0.9221760605E+003   0.0000000000E+000
    500400   0.9207542020E+003   0.0000000000E+000
    500500   0.9349589063E+003   0.0000000000E+000
    500600   0.9311620376E+003   0.0000000000E+000
    500700   0.9259703732E+003   0.0000000000E+000
    500800   0.9164725311E+003   0.0000000000E+000
    500900   0.9211125482E+003   0.0000000000E+000
    501000   0.9329467617E+003   0.0000000000E+000
    501100   0.9247403975E+003   0.0000000000E+000
    501200   0.9309233954E+003   0.0000000000E+000
    501300   0.9291710922E+003   0.0000000000E+000
    501400   0.9210877100E+003   0.0000000000E+000
    501500   0.9227765282E+003   0.0000000000E+000
    501600   0.9226908523E+003   0.0000000000E+000
    501700   0.9265318439E+003   0.0000000000E+000
    501800   0.9226742031E+003   0.0000000000E+000
    501900   0.9338684163E+003   0.0000000000E+000
    502000   0.9279270718E+003   0.0000000000E+000
    502100   0.9146684464E+003   0.0000000000E+000
    502200   0.9224474221E+003   0.0000000000E+000
    502300   0.9180112752E+003   0.0000000000E+000
    502400   0.9282901162E+003   0.0000000000E+000
    502500   0.9278560198E+003   0.0000000000E+000
    502600   0.9295066979E+003   0.0000000000E+000
    502700   0.9259331133E+003   0.0000000000E+000
    502800   0.9287076284E+003   0.0000000000E+000
    502900   0.9125100053E+003   0.0000000000E+000
    503000   0.9203128762E+003   0.0000000000E+000
    503100   0.9308474530E+003   0.0000000000E+000
    503200   0.9248380868E+003   0.0000000000E+000
    503300   0.9323013807E+003   0.0000000000E+000
    503400   0.9245947845E+003   0.0000000000E+000
    503500   0.9320692485E+003   0.0000000000E+000
    503600   0.9329596691E+003   0.0000000000E+000
    503700   0.9299989463E+003   0.0000000000E+000
    503800   0.9254703777E+003   0.0000000000E+000
    503900   0.9385941708E+003   0.0000000000E+000
    504000   0.9224384339E+003   0.0000000000E+000
    504100   0.9187997932E+003   0.0000000000E+000
    504200   0.9167928930E+003   0.0000000000E+000
    504300   0.9195756782E+003   0.0000000000E+000
    504400   0.9194763544E+003   0.0000000000E+000
    504500   0.9292798569E+003   0.0000000000E+000
    504600   0.9227000143E+003   0.0000000000E+000
    504700   0.9241277836E+003   0.0000000000E+000
    504800   0.9158624716E+003   0.0000000000E+000
    504900   0.9271565906E+003   0.0000000000E+000
    505000   0.9332282075E+003   0.0000000000E+000
    505100   0.9239794770E+003   0.0000000000E+000
    505200   0.9242777960E+003   0.0000000000E+000
    505300   0.9260260925E+003   0.0000000000E+000
    505400   0.9277417283E+003   0.0000000000E+000
    505500   0.9207747266E+003   0.0000000000E+000
    505600   0.9199604746E+003   0.0000000000E+000
    505700   0.9236815675E+003   0.0000000000E+000
    505800   0.9220097077E+003   0.0000000000E+000
    505900   0.9328448587E+003   0.0000000000E+000
    506000   0.9249276767E+003   0.0000000000E+000
    506100   0.9201779130E+003   0.0000000000E+000
    506200   0.9340634488E+003   0.0000000000E+000
    506300   0.9325247110E+003   0.0000000000E+000
    506400   0.9232670824E+003   0.0000000000E+000
    506500   0.9251383997E+003   0.0000000000E+000
    506600   0.9260205421E+003   0.0000000000E+000
    506700   0.9216169264E+003   0.0000000000E+000
    506800   0.9239796257E+003   0.0000000000E+000
    506900   0.9177465898E+003   0.0000000000E+000
    507000   0.9204393254E+003   0.0000000000E+000
    507100   0.9157632130E+003   0.0000000000E+000
    507200   0.9265129034E+003   0.0000000000E+000
    507300   0.9252463698E+003   0.0000000000E+000
    507400   0.9311258121E+003   0.0000000000E+000
    507500   0.9196255065E+003   0.0000000000E+000
    507600   0.9261090584E+003   0.0000000000E+000
    507700   0.9240175485E+003   0.0000000000E+000
    507800   0.9207867334E+003   0.0000000000E+000
    507900   0.9171073950E+003   0.0000000000E+000
    508000   0.9214635329E+003   0.0000000000E+000
    508100   0.9173206561E+003   0.0000000000E+000
    508200   0.9218149196E+003   0.0000000000E+000
    508300   0.9288995330E+003   0.0000000000E+000
    508400   0.9103532609E+003   0.0000000000E+000
    508500   0.9304537824E+003   0.0000000000E+000
    508600   0.9256498558E+003   0.0000000000E+000
    508700   0.9323138039E+003   0.0000000000E+000
    508800   0.9251229487E+003   0.0000000000E+000
    508900   0.9265978189E+003   0.0000000000E+000
    509000   0.9231082933E+003   0.0000000000E+000
    509100   0.9243223679E+003   0.0000000000E+000
    509200   0.9241206767E+003   0.0000000000E+000
    509300   0.9285531508E+003   0.0000000000E+000
    509400   0.9219288302E+003   0.0000000000E+000
    509500   0.9171395206E+003   0.0000000000E+000
    509600   0.9315873261E+003   0.0000000000E+000
    509700   0.9327014162E+003   0.0000000000E+000
    509800   0.9188533175E+003   0.0000000000E+000
    509900   0.9155957287E+003   0.0000000000E+000
    510000   0.9391466323E+003   0.0000000000E+000
    510100   0.9174822413E+003   0.0000000000E+000
    510200   0.9295075997E+003   0.0000000000E+000
    510300   0.9276054113E+003   0.0000000000E+000
    510400   0.9295290509E+003   0.0000000000E+000
    510500   0.9282130560E+003   0.0000000000E+000
    510600   0.9259151912E+003   0.0000000000E+000
    510700   0.9311967514E+003   0.0000000000E+000
    510800   0.9258920169E+003   0.0000000000E+000
    510900   0.9248686234E+003   0.0000000000E+000
    511000   0.9325946932E+003   0.0000000000E+000
    511100   0.9297467756E+003   0.0000000000E+000
    511200   0.9204896143E+003   0.0000000000E+000
    511300   0.9269501816E+003   0.0000000000E+000
    511400   0.9153510699E+003   0.0000000000E+000
    511500   0.9162926253E+003   0.0000000000E+000
    511600   0.9168524537E+003   0.0000000000E+000
    511700   0.9194308627E+003   0.0000000000E+000
    511800   0.9097979026E+003   0.0000000000E+000
    511900   0.9227619389E+003   0.0000000000E+000
    512000   0.9225290844E+003   0.0000000000E+000
    512100   0.9207020274E+003   0.0000000000E+000
    512200   0.9203874659E+003   0.0000000000E+000
    512300   0.9222958674E+003   0.0000000000E+000
    512400   0.9207062981E+003   0.0000000000E+000
    512500   0.9389394300E+003   0.0000000000E+000
    512600   0.9301182530E+003   0.0000000000E+000
    512700   0.9328952849E+003   0.0000000000E+000
    512800   0.9272789723E+003   0.0000000000E+000
    512900   0.9273416502E+003   0.0000000000E+000
    513000   0.9266199206E+003   0.0000000000E+000
    513100   0.9311700802E+003   0.0000000000E+000
    513200   0.9321567608E+003   0.0000000000E+000
    513300   0.9308373685E+003   0.0000000000E+000
    513400   0.9310899209E+003   0.0000000000E+000
    513500   0.9244749430E+003   0.0000000000E+000
    513600   0.9232525282E+003   0.0000000000E+000
    513700   0.9325980216E+003   0.0000000000E+000
    513800   0.9183692528E+003   0.0000000000E+000
    513900   0.9201657349E+003   0.0000000000E+000
    514000   0.9210169719E+003   0.0000000000E+000
    514100   0.9234281789E+003   0.0000000000E+000
    514200   0.9283081920E+003   0.0000000000E+000
    514300   0.9327799550E+003   0.0000000000E+000
    514400   0.9279753404E+003   0.0000000000E+000
    514500   0.9322162888E+003   0.0000000000E+000
    514600   0.9288791231E+003   0.0000000000E+000
    514700   0.9266326366E+003   0.0000000000E+000
    514800   0.9210319077E+003   0.0000000000E+000
    514900   0.9304053075E+003   0.0000000000E+000
    515000   0.9165572516E+003   0.0000000000E+000
    515100   0.9270603068E+003   0.0000000000E+000
    515200   0.9189742523E+003   0.0000000000E+000
    515300   0.9243356107E+003   0.0000000000E+000
    515400   0.9206764830E+003   0.0000000000E+000
    515500   0.9325889406E+003   0.0000000000E+000
    515600   0.9349054529E+003   0.0000000000E+000
    515700   0.9308359420E+003   0.0000000000E+000
    515800   0.9353782296E+003   0.0000000000E+000
    515900   0.9182082920E+003   0.0000000000E+000
    516000   0.9351347596E+003   0.0000000000E+000
    516100   0.9254127552E+003   0.0000000000E+000
    516200   0.9227250787E+003   0.0000000000E+000
    516300   0.9227587109E+003   0.0000000000E+000
    516400   0.9290417998E+003   0.0000000000E+000
    516500   0.9259621502E+003   0.0000000000E+000
    516600   0.9240731133E+003   0.0000000000E+000
    516700   0.9242886761E+003   0.0000000000E+000
    516800   0.9318115443E+003   0.0000000000E+000
    516900   0.9301703046E+003   0.0000000000E+000
    517000   0.9329250875E+003   0.0000000000E+000
    517100   0.9279870614E+003   0.0000000000E+000
    517200   0.9374244033E+003   0.0000000000E+000
    517300   0.9333588975E+003   0.0000000000E+000
    517400   0.9384097124E+003   0.0000000000E+000
    517500   0.9380701327E+003   0.0000000000E+000
    517600   0.9281033212E+003   0.0000000000E+000
    517700   0.9244488147E+003   0.0000000000E+000
    517800   0.9287304350E+003   0.0000000000E+000
    517900   0.9221291641E+003   0.0000000000E+000
    518000   0.9285534043E+003   0.0000000000E+000
    518100   0.9251111946E+003   0.0000000000E+000
    518200   0.9261621376E+003   0.0000000000E+000
    518300   0.9194499611E+003   0.0000000000E+000
    518400   0.9269495986E+003   0.0000000000E+000
    518500   0.9266590591E+003   0.0000000000E+000
    518600   0.9220441386E+003   0.0000000000E+000
    518700   0.9289480355E+003   0.0000000000E+000
    518800   0.9304480290E+003   0.0000000000E+000
    518900   0.9376962704E+003   0.0000000000E+000
    519000   0.9333977975E+003   0.0000000000E+000
    519100   0.9243453465E+003   0.0000000000E+000
    519200   0.9423807225E+003   0.0000000000E+000
    519300   0.9338105202E+003   0.0000000000E+000
    519400   0.9314750253E+003   0.0000000000E+000
    519500   0.9245929770E+003   0.0000000000E+000
    519600   0.9304632683E+003   0.0000000000E+000
    519700   0.9290868394E+003   0.0000000000E+000
    519800   0.9269640507E+003   0.0000000000E+000
    519900   0.9279768621E+003   0.0000000000E+000
    520000   0.9178036957E+003   0.0000000000E+000
    520100   0.9236271526E+003   0.0000000000E+000
    520200   0.9215169398E+003   0.0000000000E+000
    520300   0.9340497586E+003   0.0000000000E+000
    520400   0.9262684360E+003   0.0000000000E+000
    520500   0.9297617469E+003   0.0000000000E+000
    520600   0.9225456594E+003   0.0000000000E+000
    520700   0.9327225622E+003   0.0000000000E+000
    520800   0.9324556532E+003   0.0000000000E+000
    520900   0.9184602683E+003   0.0000000000E+000
    521000   0.9310277799E+003   0.0000000000E+000
    521100   0.9367203909E+003   0.0000000000E+000
    521200   0.9345972131E+003   0.0000000000E+000
    521300   0.9322925349E+003   0.0000000000E+000
    521400   0.9315501734E+003   0.0000000000E+000
    521500   0.9327661622E+003   0.0000000000E+000
    521600   0.9270634289E+003   0.0000000000E+000
    521700   0.9259679547E+003   0.0000000000E+000
    521800   0.9337801000E+003   0.0000000000E+000
    521900   0.9339230694E+003   0.0000000000E+000
    522000   0.9141189640E+003   0.0000000000E+000
    522100   0.9191117343E+003   0.0000000000E+000
    522200   0.9315619856E+003   0.0000000000E+000
    522300   0.9216529957E+003   0.0000000000E+000
    522400   0.9249151169E+003   0.0000000000E+000
    522500   0.9194723203E+003   0.0000000000E+000
    522600   0.9265219922E+003   0.0000000000E+000
    522700   0.9331526560E+003   0.0000000000E+000
    522800   0.9290301481E+003   0.0000000000E+000
    522900   0.9346657041E+003   0.0000000000E+000
    523000   0.9316966302E+003   0.0000000000E+000
    523100   0.9252105211E+003   0.0000000000E+000
    523200   0.9289051220E+003   0.0000000000E+000
    523300   0.9356782239E+003   0.0000000000E+000
    523400   0.9333075817E+003   0.0000000000E+000
    523500   0.9250856835E+003   0.0000000000E+000
    523600   0.9273783666E+003   0.0000000000E+000
    523700   0.9331520227E+003   0.0000000000E+000
    523800   0.9247016278E+003   0.0000000000E+000
    523900   0.9293664864E+003   0.0000000000E+000
    524000   0.9370891275E+003   0.0000000000E+000
    524100   0.9414593718E+003   0.0000000000E+000
    524200   0.9365405356E+003   0.0000000000E+000
    524300   0.9317669424E+003   0.0000000000E+000
    524400   0.9403584682E+003   0.0000000000E+000
    524500   0.9273716307E+003   0.0000000000E+000
    524600   0.9326150439E+003   0.0000000000E+000
    524700   0.9382307858E+003   0.0000000000E+000
    524800   0.9338258820E+003   0.0000000000E+000
    524900   0.9295748340E+003   0.0000000000E+000
    525000   0.9297594793E+003   0.0000000000E+000
    525100   0.9380786477E+003   0.0000000000E+000
    525200   0.9226665259E+003   0.0000000000E+000
    525300   0.9334472459E+003   0.0000000000E+000
    525400   0.9292094336E+003   0.0000000000E+000
    525500   0.9331230887E+003   0.0000000000E+000
    525600   0.9319286691E+003   0.0000000000E+000
    525700   0.9243730082E+003   0.0000000000E+000
    525800   0.9391752497E+003   0.0000000000E+000
    525900   0.9361897044E+003   0.0000000000E+000
    526000   0.9379784630E+003   0.0000000000E+000
    526100   0.9275340833E+003   0.0000000000E+000
    526200   0.9250161597E+003   0.0000000000E+000
    526300   0.9253976061E+003   0.0000000000E+000
    526400   0.9405833180E+003   0.0000000000E+000
    526500   0.9288912819E+003   0.0000000000E+000
    526600   0.9326760456E+003   0.0000000000E+000
    526700   0.9319735993E+003   0.0000000000E+000
    526800   0.9274817430E+003   0.0000000000E+000
    526900   0.9366263789E+003   0.0000000000E+000
    527000   0.9341986100E+003   0.0000000000E+000
    527100   0.9333322884E+003   0.0000000000E+000
    527200   0.9284348551E+003   0.0000000000E+000
    527300   0.9261094489E+003   0.0000000000E+000
    527400   0.9284807940E+003   0.0000000000E+000
    527500   0.9195844142E+003   0.0000000000E+000
    527600   0.9200467472E+003   0.0000000000E+000
    527700   0.9303519464E+003   0.0000000000E+000
    527800   0.9275728698E+003   0.0000000000E+000
    527900   0.9260527430E+003   0.0000000000E+000
    528000   0.9247653442E+003   0.0000000000E+000
    528100   0.9286206095E+003   0.0000000000E+000
    528200   0.9187015960E+003   0.0000000000E+000
    528300   0.9312649709E+003   0.0000000000E+000
    528400   0.9307350972E+003   0.0000000000E+000
    528500   0.9379482181E+003   0.0000000000E+000
    528600   0.9298158999E+003   0.0000000000E+000
    528700   0.9315215875E+003   0.0000000000E+000
    528800   0.9367264819E+003   0.0000000000E+000
    528900   0.9271567630E+003   0.0000000000E+000
    529000   0.9334760327E+003   0.0000000000E+000
    529100   0.9209659400E+003   0.0000000000E+000
    529200   0.9272244618E+003   0.0000000000E+000
    529300   0.9321164138E+003   0.0000000000E+000
    529400   0.9339375837E+003   0.0000000000E+000
    529500   0.9287132410E+003   0.0000000000E+000
    529600   0.9209103177E+003   0.0000000000E+000
    529700   0.9272192312E+003   0.0000000000E+000
    529800   0.9399485867E+003   0.0000000000E+000
    529900   0.9339668502E+003   0.0000000000E+000
    530000   0.9322824224E+003   0.0000000000E+000
    530100   0.9316014402E+003   0.0000000000E+000
    530200   0.9353300882E+003   0.0000000000E+000
    530300   0.9241589620E+003   0.0000000000E+000
    530400   0.9329664356E+003   0.0000000000E+000
    530500   0.9352267393E+003   0.0000000000E+000
    530600   0.9302163636E+003   0.0000000000E+000
    530700   0.9281157520E+003   0.0000000000E+000
    530800   0.9316251333E+003   0.0000000000E+000
    530900   0.9303638010E+003   0.0000000000E+000
    531000   0.9335419902E+003   0.0000000000E+000
    531100   0.9290753873E+003   0.0000000000E+000
    531200   0.9333787549E+003   0.0000000000E+000
    531300   0.9276698241E+003   0.0000000000E+000
    531400   0.9283860092E+003   0.0000000000E+000
    531500   0.9320956572E+003   0.0000000000E+000
    531600   0.9260569689E+003   0.0000000000E+000
    531700   0.9296007861E+003   0.0000000000E+000
    531800   0.9186682247E+003   0.0000000000E+000
    531900   0.9228819940E+003   0.0000000000E+000
    532000   0.9336095121E+003   0.0000000000E+000
    532100   0.9317567710E+003   0.0000000000E+000
    532200   0.9288452086E+003   0.0000000000E+000
    532300   0.9243883260E+003   0.0000000000E+000
    532400   0.9243841113E+003   0.0000000000E+000
    532500   0.9162533121E+003   0.0000000000E+000
    532600   0.9278228701E+003   0.0000000000E+000
    532700   0.9171626591E+003   0.0000000000E+000
    532800   0.9259459772E+003   0.0000000000E+000
    532900   0.9257714109E+003   0.0000000000E+000
    533000   0.9304069480E+003   0.0000000000E+000
    533100   0.9345717478E+003   0.0000000000E+000
    533200   0.9250315090E+003   0.0000000000E+000
    533300   0.9342376952E+003   0.0000000000E+000
    533400   0.9269283911E+003   0.0000000000E+000
    533500   0.9237781598E+003   0.0000000000E+000
    533600   0.9279869822E+003   0.0000000000E+000
    533700   0.9321813359E+003   0.0000000000E+000
    533800   0.9330352824E+003   0.0000000000E+000
    533900   0.9225792027E+003   0.0000000000E+000
    534000   0.9289237786E+003   0.0000000000E+000
    534100   0.9194448887E+003   0.0000000000E+000
    534200   0.9181214173E+003   0.0000000000E+000
    534300   0.9282210060E+003   0.0000000000E+000
    534400   0.9260389222E+003   0.0000000000E+000
    534500   0.9237447497E+003   0.0000000000E+000
    534600   0.9284528328E+003   0.0000000000E+000
    534700   0.9326542298E+003   0.0000000000E+000
    534800   0.9302062371E+003   0.0000000000E+000
    534900   0.9368109250E+003   0.0000000000E+000
    535000   0.9344535055E+003   0.0000000000E+000
    535100   0.9292987241E+003   0.0000000000E+000
    535200   0.9256944385E+003   0.0000000000E+000
    535300   0.9281118843E+003   0.0000000000E+000
    535400   0.9266470156E+003   0.0000000000E+000
    535500   0.9252281543E+003   0.0000000000E+000
    535600   0.9229657508E+003   0.0000000000E+000
    535700   0.9299531705E+003   0.0000000000E+000
    535800   0.9225829213E+003   0.0000000000E+000
    535900   0.9253663726E+003   0.0000000000E+000
    536000   0.9204529473E+003   0.0000000000E+000
    536100   0.9292383845E+003   0.0000000000E+000
    536200   0.9299385163E+003   0.0000000000E+000
    536300   0.9225722389E+003   0.0000000000E+000
    536400   0.9276302816E+003   0.0000000000E+000
    536500   0.9316900803E+003   0.0000000000E+000
    536600   0.9312282577E+003   0.0000000000E+000
    536700   0.9242175605E+003   0.0000000000E+000
    536800   0.9270432495E+003   0.0000000000E+000
    536900   0.9283614146E+003   0.0000000000E+000
    537000   0.9293148253E+003   0.0000000000E+000
    537100   0.9354999349E+003   0.0000000000E+000
    537200   0.9305454353E+003   0.0000000000E+000
    537300   0.9278382980E+003   0.0000000000E+000
    537400   0.9216461019E+003   0.0000000000E+000
    537500   0.9257752573E+003   0.0000000000E+000
    537600   0.9256419790E+003   0.0000000000E+000
    537700   0.9206960480E+003   0.0000000000E+000
    537800   0.9236334486E+003   0.0000000000E+000
    537900   0.9215931576E+003   0.0000000000E+000
    538000   0.9281027975E+003   0.0000000000E+000
    538100   0.9326967901E+003   0.0000000000E+000
    538200   0.9223500267E+003   0.0000000000E+000
    538300   0.9259808335E+003   0.0000000000E+000
    538400   0.9204475510E+003   0.0000000000E+000
    538500   0.9312125436E+003   0.0000000000E+000
    538600   0.9296145189E+003   0.0000000000E+000
    538700   0.9237378770E+003   0.0000000000E+000
    538800   0.9322370112E+003   0.0000000000E+000
    538900   0.9304892622E+003   0.0000000000E+000
    539000   0.9303431749E+003   0.0000000000E+000
    539100   0.9372568175E+003   0.0000000000E+000
    539200   0.9419395068E+003   0.0000000000E+000
    539300   0.9341432601E+003   0.0000000000E+000
    539400   0.9273559540E+003   0.0000000000E+000
    539500   0.9299385994E+003   0.0000000000E+000
    539600   0.9107734691E+003   0.0000000000E+000
    539700   0.9252873147E+003   0.0000000000E+000
    539800   0.9220413177E+003   0.0000000000E+000
    539900   0.9230287545E+003   0.0000000000E+000
    540000   0.9309079820E+003   0.0000000000E+000
    540100   0.9307865350E+003   0.0000000000E+000
    540200   0.9243890484E+003   0.0000000000E+000
    540300   0.9350464074E+003   0.0000000000E+000
    540400   0.9263341202E+003   0.0000000000E+000
    540500   0.9243209689E+003   0.0000000000E+000
    540600   0.9263125770E+003   0.0000000000E+000
    540700   0.9359803246E+003   0.0000000000E+000
    540800   0.9249705595E+003   0.0000000000E+000
    540900   0.9308826086E+003   0.0000000000E+000
    541000   0.9244717842E+003   0.0000000000E+000
    541100   0.9299235663E+003   0.0000000000E+000
    541200   0.9318287310E+003   0.0000000000E+000
    541300   0.9261154081E+003   0.0000000000E+000
    541400   0.9360220490E+003   0.0000000000E+000
    541500   0.9349484447E+003   0.0000000000E+000
    541600   0.9311671449E+003   0.0000000000E+000
    541700   0.9283017322E+003   0.0000000000E+000
    541800   0.9321393088E+003   0.0000000000E+000
    541900   0.9344820799E+003   0.0000000000E+000
    542000   0.9292347545E+003   0.0000000000E+000
    542100   0.9207689277E+003   0.0000000000E+000
    542200   0.9238464975E+003   0.0000000000E+000
    542300   0.9268634794E+003   0.0000000000E+000
    542400   0.9304074573E+003   0.0000000000E+000
    542500   0.9305578330E+003   0.0000000000E+000
    542600   0.9288607871E+003   0.0000000000E+000
    542700   0.9263153277E+003   0.0000000000E+000
    542800   0.9256839659E+003   0.0000000000E+000
    542900   0.9205119175E+003   0.0000000000E+000
    543000   0.9190396274E+003   0.0000000000E+000
    543100   0.9238809837E+003   0.0000000000E+000
    543200   0.9242075828E+003   0.0000000000E+000
    543300   0.9320673495E+003   0.0000000000E+000
    543400   0.9231448178E+003   0.0000000000E+000
    543500   0.9154525022E+003   0.0000000000E+000
    543600   0.9210272021E+003   0.0000000000E+000
    543700   0.9184090472E+003   0.0000000000E+000
    543800   0.9280795609E+003   0.0000000000E+000
    543900   0.9346994213E+003   0.0000000000E+000
    544000   0.9290639719E+003   0.0000000000E+000
    544100   0.9266110174E+003   0.0000000000E+000
    544200   0.9359279087E+003   0.0000000000E+000
    544300   0.9330535944E+003   0.0000000000E+000
    544400   0.9324878911E+003   0.0000000000E+000
    544500   0.9343338137E+003   0.0000000000E+000
    544600   0.9303062196E+003   0.0000000000E+000
    544700   0.9305091129E+003   0.0000000000E+000
    544800   0.9268323444E+003   0.0000000000E+000
    544900   0.9363735808E+003   0.0000000000E+000
    545000   0.9416167362E+003   0.0000000000E+000
    545100   0.9343169926E+003   0.0000000000E+000
    545200   0.9134687189E+003   0.0000000000E+000
    545300   0.9184653529E+003   0.0000000000E+000
    545400   0.9208323159E+003   0.0000000000E+000
    545500   0.9137573852E+003   0.0000000000E+000
    545600   0.9192898942E+003   0.0000000000E+000
    545700   0.9284293648E+003   0.0000000000E+000
    545800   0.9175725517E+003   0.0000000000E+000
    545900   0.9198326047E+003   0.0000000000E+000
    546000   0.9345953338E+003   0.0000000000E+000
    546100   0.9283422309E+003   0.0000000000E+000
    546200   0.9297824827E+003   0.0000000000E+000
    546300   0.9259930288E+003   0.0000000000E+000
    546400   0.9214273794E+003   0.0000000000E+000
    546500   0.9138888419E+003   0.0000000000E+000
    546600   0.9216250765E+003   0.0000000000E+000
    546700   0.9266581775E+003   0.0000000000E+000
    546800   0.9161259135E+003   0.0000000000E+000
    546900   0.9357473451E+003   0.0000000000E+000
    547000   0.9257033210E+003   0.0000000000E+000
    547100   0.9339326392E+003   0.0000000000E+000
    547200   0.9321338016E+003   0.0000000000E+000
    547300   0.9310914861E+003   0.0000000000E+000
    547400   0.9360046401E+003   0.0000000000E+000
    547500   0.9378089838E+003   0.0000000000E+000
    547600   0.9225737797E+003   0.0000000000E+000
    547700   0.9238705907E+003   0.0000000000E+000
    547800   0.9329851205E+003   0.0000000000E+000
    547900   0.9316487994E+003   0.0000000000E+000
    548000   0.9342043552E+003   0.0000000000E+000
    548100   0.9385045049E+003   0.0000000000E+000
    548200   0.9419407610E+003   0.0000000000E+000
    548300   0.9371961287E+003   0.0000000000E+000
    548400   0.9287461347E+003   0.0000000000E+000
    548500   0.9239976640E+003   0.0000000000E+000
    548600   0.9223503971E+003   0.0000000000E+000
    548700   0.9236743556E+003   0.0000000000E+000
    548800   0.9236612275E+003   0.0000000000E+000
    548900   0.9237781903E+003   0.0000000000E+000
    549000   0.9296396987E+003   0.0000000000E+000
    549100   0.9281363206E+003   0.0000000000E+000
    549200   0.9234336995E+003   0.0000000000E+000
    549300   0.9272267774E+003   0.0000000000E+000
    549400   0.9401734354E+003   0.0000000000E+000
    549500   0.9290325491E+003   0.0000000000E+000
    549600   0.9301306408E+003   0.0000000000E+000
    549700   0.9204998967E+003   0.0000000000E+000
    549800   0.9380872423E+003   0.0000000000E+000
    549900   0.9244480949E+003   0.0000000000E+000
    550000   0.9293226305E+003   0.0000000000E+000
    550100   0.9366533567E+003   0.0000000000E+000
    550200   0.9232458085E+003   0.0000000000E+000
    550300   0.9288814727E+003   0.0000000000E+000
    550400   0.9310192189E+003   0.0000000000E+000
    550500   0.9288461892E+003   0.0000000000E+000
    550600   0.9273889951E+003   0.0000000000E+000
    550700   0.9314705267E+003   0.0000000000E+000
    550800   0.9220840187E+003   0.0000000000E+000
    550900   0.9346324503E+003   0.0000000000E+000
    551000   0.9351890498E+003   0.0000000000E+000
    551100   0.9261302738E+003   0.0000000000E+000
    551200   0.9261298090E+003   0.0000000000E+000
    551300   0.9178014725E+003   0.0000000000E+000
    551400   0.9244306923E+003   0.0000000000E+000
    551500   0.9232301973E+003   0.0000000000E+000
    551600   0.9238535899E+003   0.0000000000E+000
    551700   0.9350318971E+003   0.0000000000E+000
    551800   0.9269744577E+003   0.0000000000E+000
    551900   0.9327112436E+003   0.0000000000E+000
    552000   0.9315889871E+003   0.0000000000E+000
    552100   0.9198913608E+003   0.0000000000E+000
    552200   0.9234553937E+003   0.0000000000E+000
    552300   0.9246420974E+003   0.0000000000E+000
    552400   0.9246277826E+003   0.0000000000E+000
    552500   0.9375419879E+003   0.0000000000E+000
    552600   0.9362822200E+003   0.0000000000E+000
    552700   0.9326161213E+003   0.0000000000E+000
    552800   0.9201185680E+003   0.0000000000E+000
    552900   0.9236150738E+003   0.0000000000E+000
    553000   0.9231577976E+003   0.0000000000E+000
    553100   0.9230158510E+003   0.0000000000E+000
    553200   0.9200191242E+003   0.0000000000E+000
    553300   0.9298537459E+003   0.0000000000E+000
    553400   0.9345504937E+003   0.0000000000E+000
    553500   0.9291913352E+003   0.0000000000E+000
    553600   0.9189551092E+003   0.0000000000E+000
    553700   0.9220406268E+003   0.0000000000E+000
    553800   0.9331853869E+003   0.0000000000E+000
    553900   0.9319854948E+003   0.0000000000E+000
    554000   0.9364955728E+003   0.0000000000E+000
    554100   0.9206448932E+003   0.0000000000E+000
    554200   0.9277512250E+003   0.0000000000E+000
    554300   0.9220845737E+003   0.0000000000E+000
    554400   0.9258703201E+003   0.0000000000E+000
    554500   0.9199806791E+003   0.0000000000E+000
    554600   0.9245234905E+003   0.0000000000E+000
    554700   0.9285985641E+003   0.0000000000E+000
    554800   0.9292336246E+003   0.0000000000E+000
    554900   0.9343035475E+003   0.0000000000E+000
    555000   0.9282194418E+003   0.0000000000E+000
    555100   0.9215913072E+003   0.0000000000E+000
    555200   0.9218106060E+003   0.0000000000E+000
    555300   0.9214842047E+003   0.0000000000E+000
    555400   0.9279973234E+003   0.0000000000E+000
    555500   0.9309636943E+003   0.0000000000E+000
    555600   0.9306962060E+003   0.0000000000E+000
    555700   0.9219159272E+003   0.0000000000E+000
    555800   0.9318514190E+003   0.0000000000E+000
    555900   0.9281684236E+003   0.0000000000E+000
    556000   0.9264651151E+003   0.0000000000E+000
    556100   0.9210941223E+003   0.0000000000E+000
    556200   0.9293103541E+003   0.0000000000E+000
    556300   0.9259469234E+003   0.0000000000E+000
    556400   0.9277642596E+003   0.0000000000E+000
    556500   0.9296868648E+003   0.0000000000E+000
    556600   0.9241882206E+003   0.0000000000E+000
    556700   0.9276277280E+003   0.0000000000E+000
    556800   0.9283751033E+003   0.0000000000E+000
    556900   0.9309683555E+003   0.0000000000E+000
    557000   0.9241582146E+003   0.0000000000E+000
    557100   0.9286973193E+003   0.0000000000E+000
    557200   0.9234391602E+003   0.0000000000E+000
    557300   0.9247862144E+003   0.0000000000E+000
    557400   0.9285535652E+003   0.0000000000E+000
    557500   0.9401537566E+003   0.0000000000E+000
    557600   0.9337402235E+003   0.0000000000E+000
    557700   0.9268161086E+003   0.0000000000E+000
    557800   0.9297173668E+003   0.0000000000E+000
    557900   0.9315459893E+003   0.0000000000E+000
    558000   0.9247197091E+003   0.0000000000E+000
    558100   0.9289605410E+003   0.0000000000E+000
    558200   0.9222134092E+003   0.0000000000E+000
    558300   0.9301001065E+003   0.0000000000E+000
    558400   0.9153338163E+003   0.0000000000E+000
    558500   0.9307859195E+003   0.0000000000E+000
    558600   0.9325703424E+003   0.0000000000E+000
    558700   0.9294921262E+003   0.0000000000E+000
    558800   0.9360607363E+003   0.0000000000E+000
    558900   0.9349952410E+003   0.0000000000E+000
    559000   0.9207863522E+003   0.0000000000E+000
    559100   0.9209580962E+003   0.0000000000E+000
    559200   0.9288363839E+003   0.0000000000E+000
    559300   0.9238899147E+003   0.0000000000E+000
    559400   0.9138234651E+003   0.0000000000E+000
    559500   0.9276145269E+003   0.0000000000E+000
    559600   0.9236884165E+003   0.0000000000E+000
    559700   0.9318962498E+003   0.0000000000E+000
    559800   0.9308081366E+003   0.0000000000E+000
    559900   0.9216054629E+003   0.0000000000E+000
    560000   0.9216480579E+003   0.0000000000E+000
    560100   0.9205304285E+003   0.0000000000E+000
    560200   0.9289510884E+003   0.0000000000E+000
    560300   0.9237905064E+003   0.0000000000E+000
    560400   0.9372819120E+003   0.0000000000E+000
    560500   0.9306778711E+003   0.0000000000E+000
    560600   0.9314815587E+003   0.0000000000E+000
    560700   0.9329248640E+003   0.0000000000E+000
    560800   0.9226651002E+003   0.0000000000E+000
    560900   0.9287609037E+003   0.0000000000E+000
    561000   0.9236272807E+003   0.0000000000E+000
    561100   0.9293184242E+003   0.0000000000E+000
    561200   0.9314487007E+003   0.0000000000E+000
    561300   0.9255034637E+003   0.0000000000E+000
    561400   0.9260539851E+003   0.0000000000E+000
    561500   0.9326155226E+003   0.0000000000E+000
    561600   0.9306122444E+003   0.0000000000E+000
    561700   0.9185514662E+003   0.0000000000E+000
    561800   0.9263834153E+003   0.0000000000E+000
    561900   0.9267593625E+003   0.0000000000E+000
    562000   0.9249521121E+003   0.0000000000E+000
    562100   0.9191371874E+003   0.0000000000E+000
    562200   0.9250347607E+003   0.0000000000E+000
    562300   0.9313566646E+003   0.0000000000E+000
    562400   0.9316434400E+003   0.0000000000E+000
    562500   0.9241758565E+003   0.0000000000E+000
    562600   0.9195415141E+003   0.0000000000E+000
    562700   0.9164083440E+003   0.0000000000E+000
    562800   0.9168223812E+003   0.0000000000E+000
    562900   0.9300215548E+003   0.0000000000E+000
    563000   0.9212017177E+003   0.0000000000E+000
    563100   0.9255905729E+003   0.0000000000E+000
    563200   0.9165333166E+003   0.0000000000E+000
    563300   0.9219628772E+003   0.0000000000E+000
    563400   0.9196922747E+003   0.0000000000E+000
    563500   0.9236480781E+003   0.0000000000E+000
    563600   0.9302284642E+003   0.0000000000E+000
    563700   0.9143670527E+003   0.0000000000E+000
    563800   0.9262513184E+003   0.0000000000E+000
    563900   0.9186251444E+003   0.0000000000E+000
    564000   0.9182513314E+003   0.0000000000E+000
    564100   0.9270575797E+003   0.0000000000E+000
    564200   0.9210324274E+003   0.0000000000E+000
    564300   0.9254173829E+003   0.0000000000E+000
    564400   0.9281262068E+003   0.0000000000E+000
    564500   0.9191221039E+003   0.0000000000E+000
    564600   0.9267608251E+003   0.0000000000E+000
    564700   0.9122622229E+003   0.0000000000E+000
    564800   0.9214255725E+003   0.0000000000E+000
    564900   0.9202575313E+003   0.0000000000E+000
    565000   0.9272552186E+003   0.0000000000E+000
    565100   0.9234435877E+003   0.0000000000E+000
    565200   0.9238873050E+003   0.0000000000E+000
    565300   0.9147012228E+003   0.0000000000E+000
    565400   0.9248681480E+003   0.0000000000E+000
    565500   0.9323162966E+003   0.0000000000E+000
    565600   0.9282517401E+003   0.0000000000E+000
    565700   0.9256033500E+003   0.0000000000E+000
    565800   0.9319474431E+003   0.0000000000E+000
    565900   0.9247444911E+003   0.0000000000E+000
    566000   0.9174561232E+003   0.0000000000E+000
    566100   0.9239645382E+003   0.0000000000E+000
    566200   0.9317640364E+003   0.0000000000E+000
    566300   0.9272984860E+003   0.0000000000E+000
    566400   0.9323329135E+003   0.0000000000E+000
    566500   0.9293152078E+003   0.0000000000E+000
    566600   0.9300095834E+003   0.0000000000E+000
    566700   0.9287566185E+003   0.0000000000E+000
    566800   0.9306119203E+003   0.0000000000E+000
    566900   0.9230214650E+003   0.0000000000E+000
    567000   0.9253139877E+003   0.0000000000E+000
    567100   0.9208696843E+003   0.0000000000E+000
    567200   0.9302966267E+003   0.0000000000E+000
    567300   0.9255820969E+003   0.0000000000E+000
    567400   0.9253968576E+003   0.0000000000E+000
    567500   0.9210945018E+003   0.0000000000E+000
    567600   0.9261131857E+003   0.0000000000E+000
    567700   0.9202318482E+003   0.0000000000E+000
    567800   0.9132771862E+003   0.0000000000E+000
    567900   0.9269895213E+003   0.0000000000E+000
    568000   0.9145530545E+003   0.0000000000E+000
    568100   0.9248809613E+003   0.0000000000E+000
    568200   0.9137971683E+003   0.0000000000E+000
    568300   0.9217203581E+003   0.0000000000E+000
    568400   0.9216951242E+003   0.0000000000E+000
    568500   0.9269194925E+003   0.0000000000E+000
    568600   0.9253209325E+003   0.0000000000E+000
    568700   0.9336282789E+003   0.0000000000E+000
    568800   0.9247919637E+003   0.0000000000E+000
    568900   0.9288541566E+003   0.0000000000E+000
    569000   0.9226568424E+003   0.0000000000E+000
    569100   0.9326414470E+003   0.0000000000E+000
    569200   0.9301273953E+003   0.0000000000E+000
    569300   0.9186169658E+003   0.0000000000E+000
    569400   0.9215361845E+003   0.0000000000E+000
    569500   0.9130355690E+003   0.0000000000E+000
    569600   0.9271529869E+003   0.0000000000E+000
    569700   0.9221736598E+003   0.0000000000E+000
    569800   0.9338742935E+003   0.0000000000E+000
    569900   0.9178201030E+003   0.0000000000E+000
    570000   0.9198599574E+003   0.0000000000E+000
    570100   0.9192692675E+003   0.0000000000E+000
    570200   0.9226629468E+003   0.0000000000E+000
    570300   0.9258795989E+003   0.0000000000E+000
    570400   0.9285982067E+003   0.0000000000E+000
    570500   0.9329631181E+003   0.0000000000E+000
    570600   0.9249405894E+003   0.0000000000E+000
    570700   0.9227616703E+003   0.0000000000E+000
    570800   0.9307252397E+003   0.0000000000E+000
    570900   0.9246872449E+003   0.0000000000E+000
    571000   0.9291721798E+003   0.0000000000E+000
    571100   0.9362679771E+003   0.0000000000E+000
    571200   0.9234461711E+003   0.0000000000E+000
    571300   0.9280249190E+003   0.0000000000E+000
    571400   0.9280140500E+003   0.0000000000E+000
    571500   0.9208185538E+003   0.0000000000E+000
    571600   0.9321231903E+003   0.0000000000E+000
    571700   0.9279142919E+003   0.0000000000E+000
    571800   0.9303357211E+003   0.0000000000E+000
    571900   0.9252038667E+003   0.0000000000E+000
    572000   0.9345165076E+003   0.0000000000E+000
    572100   0.9370482377E+003   0.0000000000E+000
    572200   0.9332461228E+003   0.0000000000E+000
    572300   0.9317944168E+003   0.0000000000E+000
    572400   0.9243067397E+003   0.0000000000E+000
    572500   0.9339271527E+003   0.0000000000E+000
    572600   0.9149519431E+003   0.0000000000E+000
    572700   0.9247289986E+003   0.0000000000E+000
    572800   0.9249112682E+003   0.0000000000E+000
    572900   0.9283760735E+003   0.0000000000E+000
    573000   0.9193334758E+003   0.0000000000E+000
    573100   0.9261839952E+003   0.0000000000E+000
    573200   0.9179938385E+003   0.0000000000E+000
    573300   0.9061150948E+003   0.0000000000E+000
    573400   0.9244879632E+003   0.0000000000E+000
    573500   0.9283603906E+003   0.0000000000E+000
    573600   0.9275885545E+003   0.0000000000E+000
    573700   0.9365844474E+003   0.0000000000E+000
    573800   0.9267256086E+003   0.0000000000E+000
    573900   0.9259591848E+003   0.0000000000E+000
    574000   0.9292902169E+003   0.0000000000E+000
    574100   0.9112532432E+003   0.0000000000E+000
    574200   0.9213349640E+003   0.0000000000E+000
    574300   0.9121696384E+003   0.0000000000E+000
    574400   0.9203800422E+003   0.0000000000E+000
    574500   0.9168933004E+003   0.0000000000E+000
    574600   0.9261447783E+003   0.0000000000E+000
    574700   0.9235258355E+003   0.0000000000E+000
    574800   0.9217546868E+003   0.0000000000E+000
    574900   0.9313536782E+003   0.0000000000E+000
    575000   0.9194103686E+003   0.0000000000E+000
    575100   0.9351665011E+003   0.0000000000E+000
    575200   0.9334407088E+003   0.0000000000E+000
    575300   0.9199708229E+003   0.0000000000E+000
    575400   0.9281334383E+003   0.0000000000E+000
    575500   0.9147123113E+003   0.0000000000E+000
    575600   0.9230614209E+003   0.0000000000E+000
    575700   0.9330561299E+003   0.0000000000E+000
    575800   0.9160575019E+003   0.0000000000E+000
    575900   0.9276360197E+003   0.0000000000E+000
    576000   0.9221624033E+003   0.0000000000E+000
    576100   0.9283407078E+003   0.0000000000E+000
    576200   0.9287732901E+003   0.0000000000E+000
    576300   0.9269941729E+003   0.0000000000E+000
    576400   0.9291060413E+003   0.0000000000E+000
    576500   0.9197221379E+003   0.0000000000E+000
    576600   0.9255786746E+003   0.0000000000E+000
    576700   0.9339044399E+003   0.0000000000E+000
    576800   0.9268439146E+003   0.0000000000E+000
    576900   0.9287678819E+003   0.0000000000E+000
    577000   0.9357984513E+003   0.0000000000E+000
    577100   0.9296451769E+003   0.0000000000E+000
    577200   0.9336000287E+003   0.0000000000E+000
    577300   0.9206715532E+003   0.0000000000E+000
    577400   0.9264204770E+003   0.0000000000E+000
    577500   0.9258281138E+003   0.0000000000E+000
    577600   0.9247957461E+003   0.0000000000E+000
    577700   0.9172128191E+003   0.0000000000E+000
    577800   0.9333846448E+003   0.0000000000E+000
    577900   0.9301658760E+003   0.0000000000E+000
    578000   0.9219624823E+003   0.0000000000E+000
    578100   0.9343789150E+003   0.0000000000E+000
    578200   0.9308169997E+003   0.0000000000E+000
    578300   0.9386941177E+003   0.0000000000E+000
    578400   0.9242956131E+003   0.0000000000E+000
    578500   0.9239770036E+003   0.0000000000E+000
    578600   0.9297816877E+003   0.0000000000E+000
    578700   0.9295129375E+003   0.0000000000E+000
    578800   0.9290601794E+003   0.0000000000E+000
    578900   0.9264482751E+003   0.0000000000E+000
    579000   0.9222898041E+003   0.0000000000E+000
    579100   0.9248801572E+003   0.0000000000E+000
    579200   0.9330789047E+003   0.0000000000E+000
    579300   0.9254192108E+003   0.0000000000E+000
    579400   0.9316966917E+003   0.0000000000E+000
    579500   0.9127001388E+003   0.0000000000E+000
    579600   0.9338777887E+003   0.0000000000E+000
    579700   0.9320035475E+003   0.0000000000E+000
    579800   0.9108970492E+003   0.0000000000E+000
    579900   0.9250477095E+003   0.0000000000E+000
    580000   0.9310003766E+003   0.0000000000E+000
    580100   0.9313572213E+003   0.0000000000E+000
    580200   0.9217537947E+003   0.0000000000E+000
    580300   0.9328008830E+003   0.0000000000E+000
    580400   0.9286253915E+003   0.0000000000E+000
    580500   0.9283201634E+003   0.0000000000E+000
    580600   0.9212970052E+003   0.0000000000E+000
    580700   0.9181847765E+003   0.0000000000E+000
    580800   0.9247164193E+003   0.0000000000E+000
    580900   0.9252198689E+003   0.0000000000E+000
    581000   0.9143989024E+003   0.0000000000E+000
    581100   0.9258289677E+003   0.0000000000E+000
    581200   0.9138948299E+003   0.0000000000E+000
    581300   0.9246150375E+003   0.0000000000E+000
    581400   0.9189525077E+003   0.0000000000E+000
    581500   0.9279288892E+003   0.0000000000E+000
    581600   0.9295588709E+003   0.0000000000E+000
    581700   0.9226640636E+003   0.0000000000E+000
    581800   0.9224287381E+003   0.0000000000E+000
    581900   0.9233095640E+003   0.0000000000E+000
    582000   0.9196579920E+003   0.0000000000E+000
    582100   0.9190320542E+003   0.0000000000E+000
    582200   0.9103492766E+003   0.0000000000E+000
    582300   0.9214701538E+003   0.0000000000E+000
    582400   0.9256759975E+003   0.0000000000E+000
    582500   0.9131626205E+003   0.0000000000E+000
    582600   0.9112631872E+003   0.0000000000E+000
    582700   0.9180143128E+003   0.0000000000E+000
    582800   0.9197922267E+003   0.0000000000E+000
    582900   0.9241326685E+003   0.0000000000E+000
    583000   0.9272579717E+003   0.0000000000E+000
    583100   0.9297749061E+003   0.0000000000E+000
    583200   0.9245975305E+003   0.0000000000E+000
    583300   0.9195530689E+003   0.0000000000E+000
    583400   0.9189043963E+003   0.0000000000E+000
    583500   0.9163731873E+003   0.0000000000E+000
    583600   0.9153789618E+003   0.0000000000E+000
    583700   0.9241849888E+003   0.0000000000E+000
    583800   0.9248112174E+003   0.0000000000E+000
    583900   0.9205440962E+003   0.0000000000E+000
    584000   0.9253019978E+003   0.0000000000E+000
    584100   0.9277191119E+003   0.0000000000E+000
    584200   0.9246498193E+003   0.0000000000E+000
    584300   0.9234469254E+003   0.0000000000E+000
    584400   0.9216851637E+003   0.0000000000E+000
    584500   0.9226065168E+003   0.0000000000E+000
    584600   0.9141129204E+003   0.0000000000E+000
    584700   0.9144600976E+003   0.0000000000E+000
    584800   0.9187183381E+003   0.0000000000E+000
    584900   0.9135270424E+003   0.0000000000E+000
    585000   0.9189034960E+003   0.0000000000E+000
    585100   0.9163456817E+003   0.0000000000E+000
    585200   0.9241306375E+003   0.0000000000E+000
    585300   0.9303642700E+003   0.0000000000E+000
    585400   0.9231290266E+003   0.0000000000E+000
    585500   0.9197130785E+003   0.0000000000E+000
    585600   0.9103305466E+003   0.0000000000E+000
    585700   0.9199775199E+003   0.0000000000E+000
    585800   0.9291464727E+003   0.0000000000E+000
    585900   0.9260628630E+003   0.0000000000E+000
    586000   0.9185883763E+003   0.0000000000E+000
    586100   0.9241377946E+003   0.0000000000E+000
    586200   0.9324160170E+003   0.0000000000E+000
    586300   0.9256134489E+003   0.0000000000E+000
    586400   0.9194286984E+003   0.0000000000E+000
    586500   0.9261953269E+003   0.0000000000E+000
    586600   0.9245180702E+003   0.0000000000E+000
    586700   0.9237941899E+003   0.0000000000E+000
    586800   0.9209797837E+003   0.0000000000E+000
    586900   0.9196195083E+003   0.0000000000E+000
    587000   0.9305853525E+003   0.0000000000E+000
    587100   0.9090154700E+003   0.0000000000E+000
    587200   0.9297694066E+003   0.0000000000E+000
    587300   0.9164982167E+003   0.0000000000E+000
    587400   0.9139183647E+003   0.0000000000E+000
    587500   0.9179689522E+003   0.0000000000E+000
    587600   0.9310576220E+003   0.0000000000E+000
    587700   0.9212559559E+003   0.0000000000E+000
    587800   0.9287681174E+003   0.0000000000E+000
    587900   0.9280232563E+003   0.0000000000E+000
    588000   0.9274506856E+003   0.0000000000E+000
    588100   0.9159795371E+003   0.0000000000E+000
    588200   0.9308761809E+003   0.0000000000E+000
    588300   0.9254550333E+003   0.0000000000E+000
    588400   0.9264504639E+003   0.0000000000E+000
    588500   0.9149038061E+003   0.0000000000E+000
    588600   0.9202182354E+003   0.0000000000E+000
    588700   0.9218493590E+003   0.0000000000E+000
    588800   0.9179167499E+003   0.0000000000E+000
    588900   0.9270184674E+003   0.0000000000E+000
    589000   0.9255843047E+003   0.0000000000E+000
    589100   0.9229338981E+003   0.0000000000E+000
    589200   0.9269104323E+003   0.0000000000E+000
    589300   0.9368967990E+003   0.0000000000E+000
    589400   0.9278397203E+003   0.0000000000E+000
    589500   0.9305417425E+003   0.0000000000E+000
    589600   0.9316464918E+003   0.0000000000E+000
    589700   0.9232898780E+003   0.0000000000E+000
    589800   0.9241397614E+003   0.0000000000E+000
    589900   0.9210285530E+003   0.0000000000E+000
    590000   0.9273869413E+003   0.0000000000E+000
    590100   0.9276431140E+003   0.0000000000E+000
    590200   0.9250596502E+003   0.0000000000E+000
    590300   0.9312972873E+003   0.0000000000E+000
    590400   0.9274368976E+003   0.0000000000E+000
    590500   0.9213119462E+003   0.0000000000E+000
    590600   0.9290578599E+003   0.0000000000E+000
    590700   0.9193801397E+003   0.0000000000E+000
    590800   0.9272714908E+003   0.0000000000E+000
    590900   0.9226743083E+003   0.0000000000E+000
    591000   0.9296018149E+003   0.0000000000E+000
    591100   0.9313304396E+003   0.0000000000E+000
    591200   0.9387447647E+003   0.0000000000E+000
    591300   0.9281101039E+003   0.0000000000E+000
    591400   0.9327389225E+003   0.0000000000E+000
    591500   0.9328927329E+003   0.0000000000E+000
    591600   0.9371872100E+003   0.0000000000E+000
    591700   0.9335151896E+003   0.0000000000E+000
    591800   0.9271407828E+003   0.0000000000E+000
    591900   0.9317507329E+003   0.0000000000E+000
    592000   0.9112279653E+003   0.0000000000E+000
    592100   0.9266118131E+003   0.0000000000E+000
    592200   0.9374753198E+003   0.0000000000E+000
    592300   0.9321856551E+003   0.0000000000E+000
    592400   0.9181195152E+003   0.0000000000E+000
    592500   0.9341759378E+003   0.0000000000E+000
    592600   0.9264857619E+003   0.0000000000E+000
    592700   0.9298068301E+003   0.0000000000E+000
    592800   0.9274656820E+003   0.0000000000E+000
    592900   0.9311880872E+003   0.0000000000E+000
    593000   0.9307935442E+003   0.0000000000E+000
    593100   0.9251908910E+003   0.0000000000E+000
    593200   0.9233707972E+003   0.0000000000E+000
    593300   0.9380306254E+003   0.0000000000E+000
    593400   0.9340601630E+003   0.0000000000E+000
    593500   0.9302655804E+003   0.0000000000E+000
    593600   0.9242677919E+003   0.0000000000E+000
    593700   0.9286674734E+003   0.0000000000E+000
    593800   0.9219369775E+003   0.0000000000E+000
    593900   0.9262995104E+003   0.0000000000E+000
    594000   0.9314866215E+003   0.0000000000E+000
    594100   0.9300265815E+003   0.0000000000E+000
    594200   0.9200144242E+003   0.0000000000E+000
    594300   0.9348986067E+003   0.0000000000E+000
    594400   0.9364684996E+003   0.0000000000E+000
    594500   0.9285240656E+003   0.0000000000E+000
    594600   0.9270346235E+003   0.0000000000E+000
    594700   0.9261154187E+003   0.0000000000E+000
    594800   0.9331611939E+003   0.0000000000E+000
    594900   0.9296478271E+003   0.0000000000E+000
    595000   0.9300070867E+003   0.0000000000E+000
    595100   0.9242017605E+003   0.0000000000E+000
    595200   0.9277058922E+003   0.0000000000E+000
    595300   0.9322390760E+003   0.0000000000E+000
    595400   0.9246979652E+003   0.0000000000E+000
    595500   0.9248034016E+003   0.0000000000E+000
    595600   0.9233742496E+003   0.0000000000E+000
    595700   0.9312032021E+003   0.0000000000E+000
    595800   0.9330858481E+003   0.0000000000E+000
    595900   0.9290228574E+003   0.0000000000E+000
    596000   0.9425706662E+003   0.0000000000E+000
    596100   0.9249123398E+003   0.0000000000E+000
    596200   0.9251073446E+003   0.0000000000E+000
    596300   0.9293595332E+003   0.0000000000E+000
    596400   0.9250748130E+003   0.0000000000E+000
    596500   0.9259043710E+003   0.0000000000E+000
    596600   0.9256233963E+003   0.0000000000E+000
    596700   0.9226932517E+003   0.0000000000E+000
    596800   0.9350090659E+003   0.0000000000E+000
    596900   0.9342882909E+003   0.0000000000E+000
    597000   0.9302834386E+003   0.0000000000E+000
    597100   0.9334535986E+003   0.0000000000E+000
    597200   0.9373897788E+003   0.0000000000E+000
    597300   0.9326399754E+003   0.0000000000E+000
    597400   0.9298315618E+003   0.0000000000E+000
    597500   0.9309000971E+003   0.0000000000E+000
    597600   0.9353001580E+003   0.0000000000E+000
    597700   0.9341193666E+003   0.0000000000E+000
    597800   0.9386881437E+003   0.0000000000E+000
    597900   0.9334922507E+003   0.0000000000E+000
    598000   0.9206694915E+003   0.0000000000E+000
    598100   0.9264182051E+003   0.0000000000E+000
    598200   0.9273519965E+003   0.0000000000E+000
    598300   0.9282587600E+003   0.0000000000E+000
    598400   0.9285892152E+003   0.0000000000E+000
    598500   0.9205461783E+003   0.0000000000E+000
    598600   0.9251778989E+003   0.0000000000E+000
    598700   0.9172637530E+003   0.0000000000E+000
    598800   0.9237865574E+003   0.0000000000E+000
    598900   0.9244280565E+003   0.0000000000E+000
    599000   0.9360471260E+003   0.0000000000E+000
    599100   0.9344464934E+003   0.0000000000E+000
    599200   0.9270888755E+003   0.0000000000E+000
    599300   0.9316202956E+003   0.0000000000E+000
    599400   0.9362479930E+003   0.0000000000E+000
    599500   0.9226668216E+003   0.0000000000E+000
    599600   0.9322069356E+003   0.0000000000E+000
    599700   0.9280313000E+003   0.0000000000E+000
    599800   0.9359435480E+003   0.0000000000E+000
    599900   0.9235658146E+003   0.0000000000E+000
    600000   0.9286606886E+003   0.0000000000E+000
    600100   0.9244686653E+003   0.0000000000E+000
    600200   0.9311586292E+003   0.0000000000E+000
    600300   0.9357955682E+003   0.0000000000E+000
    600400   0.9326468647E+003   0.0000000000E+000
    600500   0.9308332130E+003   0.0000000000E+000
    600600   0.9304851877E+003   0.0000000000E+000
    600700   0.9347593863E+003   0.0000000000E+000
    600800   0.9354470836E+003   0.0000000000E+000
    600900   0.9240352755E+003   0.0000000000E+000
    601000   0.9311118879E+003   0.0000000000E+000
    601100   0.9424036666E+003   0.0000000000E+000
    601200   0.9292099357E+003   0.0000000000E+000
    601300   0.9216468138E+003   0.0000000000E+000
    601400   0.9318707163E+003   0.0000000000E+000
    601500   0.9294199375E+003   0.0000000000E+000
    601600   0.9296931392E+003   0.0000000000E+000
    601700   0.9295939464E+003   0.0000000000E+000
    601800   0.9209117356E+003   0.0000000000E+000
    601900   0.9323910586E+003   0.0000000000E+000
    602000   0.9252647646E+003   0.0000000000E+000
    602100   0.9195239283E+003   0.0000000000E+000
    602200   0.9341226433E+003   0.0000000000E+000
    602300   0.9336918669E+003   0.0000000000E+000
    602400   0.9358299572E+003   0.0000000000E+000
    602500   0.9302465632E+003   0.0000000000E+000
    602600   0.9263155307E+003   0.0000000000E+000
    602700   0.9281494936E+003   0.0000000000E+000
    602800   0.9273897521E+003   0.0000000000E+000
    602900   0.9185641770E+003   0.0000000000E+000
    603000   0.9319357776E+003   0.0000000000E+000
    603100   0.9277528309E+003   0.0000000000E+000
    603200   0.9287526492E+003   0.0000000000E+000
    603300   0.9349550155E+003   0.0000000000E+000
    603400   0.9271170184E+003   0.0000000000E+000
    603500   0.9232271394E+003   0.0000000000E+000
    603600   0.9289163191E+003   0.0000000000E+000
    603700   0.9206852806E+003   0.0000000000E+000
    603800   0.9258792857E+003   0.0000000000E+000
    603900   0.9297210761E+003   0.0000000000E+000
    604000   0.9245688120E+003   0.0000000000E+000
    604100   0.9283354835E+003   0.0000000000E+000
    604200   0.9187464856E+003   0.0000000000E+000
    604300   0.9213007389E+003   0.0000000000E+000
    604400   0.9349027523E+003   0.0000000000E+000
    604500   0.9223785545E+003   0.0000000000E+000
    604600   0.9339803514E+003   0.0000000000E+000
    604700   0.9359538801E+003   0.0000000000E+000
    604800   0.9256806443E+003   0.0000000000E+000
    604900   0.9235672457E+003   0.0000000000E+000
    605000   0.9234009803E+003   0.0000000000E+000
    605100   0.9221515246E+003   0.0000000000E+000
    605200   0.9323060171E+003   0.0000000000E+000
    605300   0.9264732967E+003   0.0000000000E+000
    605400   0.9247825149E+003   0.0000000000E+000
    605500   0.9305596037E+003   0.0000000000E+000
    605600   0.9288311467E+003   0.0000000000E+000
    605700   0.9300280686E+003   0.0000000000E+000
    605800   0.9334214712E+003   0.0000000000E+000
    605900   0.9303954723E+003   0.0000000000E+000
    606000   0.9263968304E+003   0.0000000000E+000
    606100   0.9363377782E+003   0.0000000000E+000
    606200   0.9155739479E+003   0.0000000000E+000
    606300   0.9290424007E+003   0.0000000000E+000
    606400   0.9205241375E+003   0.0000000000E+000
    606500   0.9277928162E+003   0.0000000000E+000
    606600   0.9140668700E+003   0.0000000000E+000
    606700   0.9320667299E+003   0.0000000000E+000
    606800   0.9231227225E+003   0.0000000000E+000
    606900   0.9273664743E+003   0.0000000000E+000
    607000   0.9373555871E+003   0.0000000000E+000
    607100   0.9266443817E+003   0.0000000000E+000
    607200   0.9289504212E+003   0.0000000000E+000
    607300   0.9137839827E+003   0.0000000000E+000
    607400   0.9203465998E+003   0.0000000000E+000
    607500   0.9342005388E+003   0.0000000000E+000
    607600   0.9179538068E+003   0.0000000000E+000
    607700   0.9190626705E+003   0.0000000000E+000
    607800   0.9332780754E+003   0.0000000000E+000
    607900   0.9280980658E+003   0.0000000000E+000
    608000   0.9282455464E+003   0.0000000000E+000
    608100   0.9316328233E+003   0.0000000000E+000
    608200   0.9307981339E+003   0.0000000000E+000
    608300   0.9287378921E+003   0.0000000000E+000
    608400   0.9302543006E+003   0.0000000000E+000
    608500   0.9278872237E+003   0.0000000000E+000
    608600   0.9297836479E+003   0.0000000000E+000
    608700   0.9344983515E+003   0.0000000000E+000
    608800   0.9262557162E+003   0.0000000000E+000
    608900   0.9319319645E+003   0.0000000000E+000
    609000   0.9372818185E+003   0.0000000000E+000
    609100   0.9307033023E+003   0.0000000000E+000
    609200   0.9237540722E+003   0.0000000000E+000
    609300   0.9268653000E+003   0.0000000000E+000
    609400   0.9233167691E+003   0.0000000000E+000
    609500   0.9250811730E+003   0.0000000000E+000
    609600   0.9328875238E+003   0.0000000000E+000
    609700   0.9300443381E+003   0.0000000000E+000
    609800   0.9271330658E+003   0.0000000000E+000
    609900   0.9303409424E+003   0.0000000000E+000
    610000   0.9345986657E+003   0.0000000000E+000
    610100   0.9327204611E+003   0.0000000000E+000
    610200   0.9306937065E+003   0.0000000000E+000
    610300   0.9294293827E+003   0.0000000000E+000
    610400   0.9344571998E+003   0.0000000000E+000
    610500   0.9375235804E+003   0.0000000000E+000
    610600   0.9358501422E+003   0.0000000000E+000
    610700   0.9300769892E+003   0.0000000000E+000
    610800   0.9378946069E+003   0.0000000000E+000
    610900   0.9298277357E+003   0.0000000000E+000
    611000   0.9374233776E+003   0.0000000000E+000
    611100   0.9296699754E+003   0.0000000000E+000
    611200   0.9307862451E+003   0.0000000000E+000
    611300   0.9348553560E+003   0.0000000000E+000
    611400   0.9384845396E+003   0.0000000000E+000
    611500   0.9313532614E+003   0.0000000000E+000
    611600   0.9302461515E+003   0.0000000000E+000
    611700   0.9357977003E+003   0.0000000000E+000
    611800   0.9372875653E+003   0.0000000000E+000
    611900   0.9407285803E+003   0.0000000000E+000
    612000   0.9383558217E+003   0.0000000000E+000
    612100   0.9280296380E+003   0.0000000000E+000
    612200   0.9306974251E+003   0.0000000000E+000
    612300   0.9353727269E+003   0.0000000000E+000
    612400   0.9270428222E+003   0.0000000000E+000
    612500   0.9387237685E+003   0.0000000000E+000
    612600   0.9288403695E+003   0.0000000000E+000
    612700   0.9442192102E+003   0.0000000000E+000
    612800   0.9365864458E+003   0.0000000000E+000
    612900   0.9270307824E+003   0.0000000000E+000
    613000   0.9401496051E+003   0.0000000000E+000
    613100   0.9366752453E+003   0.0000000000E+000
    613200   0.9350456067E+003   0.0000000000E+000
    613300   0.9313525105E+003   0.0000000000E+000
    613400   0.9206471277E+003   0.0000000000E+000
    613500   0.9223950816E+003   0.0000000000E+000
    613600   0.9288137050E+003   0.0000000000E+000
    613700   0.9313080787E+003   0.0000000000E+000
    613800   0.9325221068E+003   0.0000000000E+000
    613900   0.9364817062E+003   0.0000000000E+000
    614000   0.9318944518E+003   0.0000000000E+000
    614100   0.9340629972E+003   0.0000000000E+000
    614200   0.9387610257E+003   0.0000000000E+000
    614300   0.9261185797E+003   0.0000000000E+000
    614400   0.9431980424E+003   0.0000000000E+000
    614500   0.9332655969E+003   0.0000000000E+000
    614600   0.9292481715E+003   0.0000000000E+000
    614700   0.9283747264E+003   0.0000000000E+000
    614800   0.9181812878E+003   0.0000000000E+000
    614900   0.9401538767E+003   0.0000000000E+000
    615000   0.9262493947E+003   0.0000000000E+000
    615100   0.9357752288E+003   0.0000000000E+000
    615200   0.9381563352E+003   0.0000000000E+000
    615300   0.9381339889E+003   0.0000000000E+000
    615400   0.9350762280E+003   0.0000000000E+000
    615500   0.9341865923E+003   0.0000000000E+000
    615600   0.9327969234E+003   0.0000000000E+000
    615700   0.9250667909E+003   0.0000000000E+000
    615800   0.9323907470E+003   0.0000000000E+000
    615900   0.9253256349E+003   0.0000000000E+000
    616000   0.9377007231E+003   0.0000000000E+000
    616100   0.9238979238E+003   0.0000000000E+000
    616200   0.9325730747E+003   0.0000000000E+000
    616300   0.9243115973E+003   0.0000000000E+000
    616400   0.9313238999E+003   0.0000000000E+000
    616500   0.9341328082E+003   0.0000000000E+000
    616600   0.9228698706E+003   0.0000000000E+000
    616700   0.9219475740E+003   0.0000000000E+000
    616800   0.9253166704E+003   0.0000000000E+000
    616900   0.9198033114E+003   0.0000000000E+000
    617000   0.9411800590E+003   0.0000000000E+000
    617100   0.9383420189E+003   0.0000000000E+000
    617200   0.9442454229E+003   0.0000000000E+000
    617300   0.9274809091E+003   0.0000000000E+000
    617400   0.9264139168E+003   0.0000000000E+000
    617500   0.9302783337E+003   0.0000000000E+000
    617600   0.9247063762E+003   0.0000000000E+000
    617700   0.9252546412E+003   0.0000000000E+000
    617800   0.9205884177E+003   0.0000000000E+000
    617900   0.9294407450E+003   0.0000000000E+000
    618000   0.9350632880E+003   0.0000000000E+000
    618100   0.9246983902E+003   0.0000000000E+000
    618200   0.9243495910E+003   0.0000000000E+000
    618300   0.9369925138E+003   0.0000000000E+000
    618400   0.9370722127E+003   0.0000000000E+000
    618500   0.9213133088E+003   0.0000000000E+000
    618600   0.9294783414E+003   0.0000000000E+000
    618700   0.9375023115E+003   0.0000000000E+000
    618800   0.9363318847E+003   0.0000000000E+000
    618900   0.9389672749E+003   0.0000000000E+000
    619000   0.9269473884E+003   0.0000000000E+000
    619100   0.9223103768E+003   0.0000000000E+000
    619200   0.9301967220E+003   0.0000000000E+000
    619300   0.9286297972E+003   0.0000000000E+000
    619400   0.9303170366E+003   0.0000000000E+000
    619500   0.9329709745E+003   0.0000000000E+000
    619600   0.9354313793E+003   0.0000000000E+000
    619700   0.9334876288E+003   0.0000000000E+000
    619800   0.9353339390E+003   0.0000000000E+000
    619900   0.9222265345E+003   0.0000000000E+000
    620000   0.9266185019E+003   0.0000000000E+000
    620100   0.9334349574E+003   0.0000000000E+000
    620200   0.9262053095E+003   0.0000000000E+000
    620300   0.9306151904E+003   0.0000000000E+000
    620400   0.9301037370E+003   0.0000000000E+000
    620500   0.9350026940E+003   0.0000000000E+000
    620600   0.9243269143E+003   0.0000000000E+000
    620700   0.9370853612E+003   0.0000000000E+000
    620800   0.9307459997E+003   0.0000000000E+000
    620900   0.9390161342E+003   0.0000000000E+000
    621000   0.9353705037E+003   0.0000000000E+000
    621100   0.9385592350E+003   0.0000000000E+000
    621200   0.9399893431E+003   0.0000000000E+000
    621300   0.9351627520E+003   0.0000000000E+000
    621400   0.9401447504E+003   0.0000000000E+000
    621500   0.9221726085E+003   0.0000000000E+000
    621600   0.9410975904E+003   0.0000000000E+000
    621700   0.9257706812E+003   0.0000000000E+000
    621800   0.9367319337E+003   0.0000000000E+000
    621900   0.9364827049E+003   0.0000000000E+000
    622000   0.9337953741E+003   0.0000000000E+000
    622100   0.9301795791E+003   0.0000000000E+000
    622200   0.9345576496E+003   0.3520310585E+000
    622300   0.9293470721E+003   0.3523279535E+000
    622400   0.9244789575E+003   0.3526088194E+000
    622500   0.9403627118E+003   0.3517047432E+000
    622600   0.9400185411E+003   0.3517239606E+000
    622700   0.9396391990E+003   0.0000000000E+000
    622800   0.9301865690E+003   0.3522798608E+000
    622900   0.9338831315E+003   0.3520692773E+000
    623000   0.9402592610E+003   0.0000000000E+000
    623100   0.9270651903E+003   0.0000000000E+000
    623200   0.9243545221E+003   0.3526160433E+000
    623300   0.9318529345E+003   0.3521846943E+000
    623400   0.9379956486E+003   0.3518372403E+000
    623500   0.9319248692E+003   0.3521805949E+000
    623600   0.9228763931E+003   0.3527020264E+000
    623700   0.9281992741E+003   0.3523938700E+000
    623800   0.9303152704E+003   0.3522724966E+000
    623900   0.9341824013E+003   0.3520523126E+000
    624000   0.9250421282E+003   0.3525761530E+000
    624100   0.9307379019E+003   0.3522483306E+000
    624200   0.9369535002E+003   0.0000000000E+000
    624300   0.9328685407E+003   0.0000000000E+000
    624400   0.9280732964E+003   0.3524011162E+000
    624500   0.9245701372E+003   0.3526035274E+000
    624600   0.9376510968E+003   0.3518565909E+000
    624700   0.9359612607E+003   0.0000000000E+000
    624800   0.9388201790E+003   0.3517909998E+000
    624900   0.9374247327E+003   0.3518693127E+000
    625000   0.9271083070E+003   0.3524566971E+000
    625100   0.9352825615E+003   0.3519900551E+000
    625200   0.9367727850E+003   0.0000000000E+000
    625300   0.9228270024E+003   0.3527049050E+000
    625400   0.9228860020E+003   0.3527014665E+000
    625500   0.9293239531E+003   0.3523292793E+000
    625600   0.9272805404E+003   0.3524467672E+000
    625700   0.9290364127E+003   0.3523457757E+000
    625800   0.9288778639E+003   0.3523548768E+000
    625900   0.9260146844E+003   0.3525198483E+000
    626000   0.9373736035E+003   0.0000000000E+000
    626100   0.9324817884E+003   0.0000000000E+000
    626200   0.9311800352E+003   0.0000000000E+000
    626300   0.9342797746E+003   0.0000000000E+000
    626400   0.9210826216E+003   0.0000000000E+000
    626500   0.9327590548E+003   0.0000000000E+000
    626600   0.9235955994E+003   0.0000000000E+000
    626700   0.9243212717E+003   0.0000000000E+000
    626800   0.9244261846E+003   0.0000000000E+000
    626900   0.9285931950E+003   0.0000000000E+000
    627000   0.9334243282E+003   0.0000000000E+000
    627100   0.9324529615E+003   0.0000000000E+000
    627200   0.9230111947E+003   0.0000000000E+000
    627300   0.9307261988E+003   0.0000000000E+000
    627400   0.9296746840E+003   0.0000000000E+000
    627500   0.9294951413E+003   0.0000000000E+000
    627600   0.9291822655E+003   0.0000000000E+000
    627700   0.9251472601E+003   0.0000000000E+000
    627800   0.9193271816E+003   0.0000000000E+000
    627900   0.9243048137E+003   0.0000000000E+000
    628000   0.9284242157E+003   0.0000000000E+000
    628100   0.9269676002E+003   0.0000000000E+000
    628200   0.9328260186E+003   0.0000000000E+000
    628300   0.9246951671E+003   0.0000000000E+000
    628400   0.9255477734E+003   0.0000000000E+000
    628500   0.9232884598E+003   0.0000000000E+000
    628600   0.9387636895E+003   0.0000000000E+000
    628700   0.9291606719E+003   0.0000000000E+000
    628800   0.9339374746E+003   0.0000000000E+000
    628900   0.9266733245E+003   0.0000000000E+000
    629000   0.9203008344E+003   0.0000000000E+000
    629100   0.9213398211E+003   0.0000000000E+000
    629200   0.9164620536E+003   0.0000000000E+000
    629300   0.9217869759E+003   0.0000000000E+000
    629400   0.9222498524E+003   0.0000000000E+000
    629500   0.9328265991E+003   0.0000000000E+000
    629600   0.9346060123E+003   0.0000000000E+000
    629700   0.9318919993E+003   0.0000000000E+000
    629800   0.9327232653E+003   0.0000000000E+000
    629900   0.9335059159E+003   0.0000000000E+000
    630000   0.9328809310E+003   0.0000000000E+000
    630100   0.9249888291E+003   0.0000000000E+000
    630200   0.9283959406E+003   0.0000000000E+000
    630300   0.9242565421E+003   0.0000000000E+000
    630400   0.9286528668E+003   0.0000000000E+000
    630500   0.9378885185E+003   0.0000000000E+000
    630600   0.9273605483E+003   0.0000000000E+000
    630700   0.9256729349E+003   0.0000000000E+000
    630800   0.9357212465E+003   0.0000000000E+000
    630900   0.9386134264E+003   0.0000000000E+000
    631000   0.9332712364E+003   0.0000000000E+000
    631100   0.9201296794E+003   0.0000000000E+000
    631200   0.9269724162E+003   0.0000000000E+000
    631300   0.9329063916E+003   0.0000000000E+000
    631400   0.9315736475E+003   0.0000000000E+000
    631500   0.9256774306E+003   0.0000000000E+000
    631600   0.9258928468E+003   0.0000000000E+000
    631700   0.9271892006E+003   0.0000000000E+000
    631800   0.9290782519E+003   0.0000000000E+000
    631900   0.9343522429E+003   0.0000000000E+000
    632000   0.9280523625E+003   0.0000000000E+000
    632100   0.9176382380E+003   0.0000000000E+000
    632200   0.9288935645E+003   0.0000000000E+000
    632300   0.9154430312E+003   0.0000000000E+000
    632400   0.9315245778E+003   0.0000000000E+000
    632500   0.9293251381E+003   0.0000000000E+000
    632600   0.9145979415E+003   0.0000000000E+000
    632700   0.9212150368E+003   0.0000000000E+000
    632800   0.9272822728E+003   0.0000000000E+000
    632900   0.9331213618E+003   0.0000000000E+000
    633000   0.9296401801E+003   0.0000000000E+000
    633100   0.9266008018E+003   0.0000000000E+000
    633200   0.9232257529E+003   0.0000000000E+000
    633300   0.9175275848E+003   0.0000000000E+000
    633400   0.9179009583E+003   0.0000000000E+000
    633500   0.9311671646E+003   0.0000000000E+000
    633600   0.9274674635E+003   0.0000000000E+000
    633700   0.9305850397E+003   0.0000000000E+000
    633800   0.9316839132E+003   0.0000000000E+000
    633900   0.9348862161E+003   0.0000000000E+000
    634000   0.9324868578E+003   0.0000000000E+000
    634100   0.9299047556E+003   0.0000000000E+000
    634200   0.9309882357E+003   0.0000000000E+000
    634300   0.9209005211E+003   0.0000000000E+000
    634400   0.9298670053E+003   0.0000000000E+000
    634500   0.9249920577E+003   0.0000000000E+000
    634600   0.9297831249E+003   0.0000000000E+000
    634700   0.9239979056E+003   0.0000000000E+000
    634800   0.9297810119E+003   0.0000000000E+000
    634900   0.9229003434E+003   0.0000000000E+000
    635000   0.9215105226E+003   0.0000000000E+000
    635100   0.9238379971E+003   0.0000000000E+000
    635200   0.9322248680E+003   0.0000000000E+000
    635300   0.9339079543E+003   0.0000000000E+000
    635400   0.9374620930E+003   0.0000000000E+000
    635500   0.9360077196E+003   0.0000000000E+000
    635600   0.9269573994E+003   0.0000000000E+000
    635700   0.9293585002E+003   0.0000000000E+000
    635800   0.9273137334E+003   0.0000000000E+000
    635900   0.9308093047E+003   0.0000000000E+000
    636000   0.9245843778E+003   0.0000000000E+000
    636100   0.9338629525E+003   0.0000000000E+000
    636200   0.9388317635E+003   0.0000000000E+000
    636300   0.9311764273E+003   0.0000000000E+000
    636400   0.9267515947E+003   0.0000000000E+000
    636500   0.9332177930E+003   0.0000000000E+000
    636600   0.9252295178E+003   0.0000000000E+000
    636700   0.9339542712E+003   0.0000000000E+000
    636800   0.9293278093E+003   0.0000000000E+000
    636900   0.9196791456E+003   0.0000000000E+000
    637000   0.9290555272E+003   0.0000000000E+000
    637100   0.9298390021E+003   0.0000000000E+000
    637200   0.9213749699E+003   0.0000000000E+000
    637300   0.9314507448E+003   0.0000000000E+000
    637400   0.9309811670E+003   0.0000000000E+000
    637500   0.9289972321E+003   0.0000000000E+000
    637600   0.9302206900E+003   0.0000000000E+000
    637700   0.9202132221E+003   0.0000000000E+000
    637800   0.9224392107E+003   0.0000000000E+000
    637900   0.9234747477E+003   0.0000000000E+000
    638000   0.9353807250E+003   0.0000000000E+000
    638100   0.9279680215E+003   0.0000000000E+000
    638200   0.9252943409E+003   0.0000000000E+000
    638300   0.9232109530E+003   0.0000000000E+000
    638400   0.9253242128E+003   0.0000000000E+000
    638500   0.9265528803E+003   0.0000000000E+000
    638600   0.9188812969E+003   0.0000000000E+000
    638700   0.9346185320E+003   0.0000000000E+000
    638800   0.9297011540E+003   0.0000000000E+000
    638900   0.9371043971E+003   0.0000000000E+000
    639000   0.9320036291E+003   0.0000000000E+000
    639100   0.9230792467E+003   0.0000000000E+000
    639200   0.9335756643E+003   0.0000000000E+000
    639300   0.9343825021E+003   0.0000000000E+000
    639400   0.9341573635E+003   0.0000000000E+000
    639500   0.9368148413E+003   0.0000000000E+000
    639600   0.9227029125E+003   0.0000000000E+000
    639700   0.9253788356E+003   0.0000000000E+000
    639800   0.9170926094E+003   0.0000000000E+000
    639900   0.9298071447E+003   0.0000000000E+000
    640000   0.9211129071E+003   0.0000000000E+000
    640100   0.9207996113E+003   0.0000000000E+000
    640200   0.9183645268E+003   0.0000000000E+000
    640300   0.9204906534E+003   0.0000000000E+000
    640400   0.9223887866E+003   0.0000000000E+000
    640500   0.9191733643E+003   0.0000000000E+000
    640600   0.9282258955E+003   0.0000000000E+000
    640700   0.9276629153E+003   0.0000000000E+000
    640800   0.9258345498E+003   0.0000000000E+000
    640900   0.9332835371E+003   0.0000000000E+000
    641000   0.9304249435E+003   0.0000000000E+000
    641100   0.9289122115E+003   0.0000000000E+000
    641200   0.9215489425E+003   0.0000000000E+000
    641300   0.9268838841E+003   0.0000000000E+000
    641400   0.9273811198E+003   0.0000000000E+000
    641500   0.9304515074E+003   0.0000000000E+000
    641600   0.9260617818E+003   0.0000000000E+000
    641700   0.9232812416E+003   0.0000000000E+000
    641800   0.9279440230E+003   0.0000000000E+000
    641900   0.9288328110E+003   0.0000000000E+000
    642000   0.9220221179E+003   0.0000000000E+000
    642100   0.9338329811E+003   0.0000000000E+000
    642200   0.9208463411E+003   0.0000000000E+000
    642300   0.9196232727E+003   0.0000000000E+000
    642400   0.9338478972E+003   0.0000000000E+000
    642500   0.9367346020E+003   0.0000000000E+000
    642600   0.9272601591E+003   0.0000000000E+000
    642700   0.9270040624E+003   0.0000000000E+000
    642800   0.9369255180E+003   0.0000000000E+000
    642900   0.9322998522E+003   0.0000000000E+000
    643000   0.9365639568E+003   0.0000000000E+000
    643100   0.9198735249E+003   0.0000000000E+000
    643200   0.9250714201E+003   0.0000000000E+000
    643300   0.9228237659E+003   0.0000000000E+000
    643400   0.9273925078E+003   0.0000000000E+000
    643500   0.9207917572E+003   0.0000000000E+000
    643600   0.9253872574E+003   0.0000000000E+000
    643700   0.9127485147E+003   0.0000000000E+000
    643800   0.9173237684E+003   0.0000000000E+000
    643900   0.9345924272E+003   0.0000000000E+000
    644000   0.9331724647E+003   0.0000000000E+000
    644100   0.9363053889E+003   0.0000000000E+000
    644200   0.9320301219E+003   0.0000000000E+000
    644300   0.9220583360E+003   0.0000000000E+000
    644400   0.9235251413E+003   0.0000000000E+000
    644500   0.9307614233E+003   0.0000000000E+000
    644600   0.9335662092E+003   0.0000000000E+000
    644700   0.9210665597E+003   0.0000000000E+000
    644800   0.9293144068E+003   0.0000000000E+000
    644900   0.9298983477E+003   0.0000000000E+000
    645000   0.9293636111E+003   0.0000000000E+000
    645100   0.9230632517E+003   0.0000000000E+000
    645200   0.9284066094E+003   0.0000000000E+000
    645300   0.9207209328E+003   0.0000000000E+000
    645400   0.9279920556E+003   0.0000000000E+000
    645500   0.9277663418E+003   0.0000000000E+000
    645600   0.9327328351E+003   0.0000000000E+000
    645700   0.9273064817E+003   0.0000000000E+000
    645800   0.9304954444E+003   0.3522621912E+000
    645900   0.9319090628E+003   0.3521814956E+000
    646000   0.9223773472E+003   0.3527311278E+000
    646100   0.9260038769E+003   0.3525204732E+000
    646200   0.9266850624E+003   0.3524811170E+000
    646300   0.9165581892E+003   0.3530731646E+000
    646400   0.9288813338E+003   0.3523546776E+000
    646500   0.9291731866E+003   0.0000000000E+000
    646600   0.9261870966E+003   0.3525098810E+000
    646700   0.9299368715E+003   0.3522941549E+000
    646800   0.9298092273E+003   0.3523014654E+000
    646900   0.9376968420E+003   0.3518540208E+000
    647000   0.9327076920E+003   0.0000000000E+000
    647100   0.9220965975E+003   0.3527475154E+000
    647200   0.9321854293E+003   0.3521657523E+000
    647300   0.9269589166E+003   0.0000000000E+000
    647400   0.9269614523E+003   0.3524651673E+000
    647500   0.9305910189E+003   0.3522567265E+000
    647600   0.9315723423E+003   0.3522006916E+000
    647700   0.9344254551E+003   0.3520385438E+000
    647800   0.9340141082E+003   0.3520618511E+000
    647900   0.9332546678E+003   0.3521049438E+000
    648000   0.9256035764E+003   0.3525436322E+000
    648100   0.9229078815E+003   0.0000000000E+000
    648200   0.9273883168E+003   0.3524405556E+000
    648300   0.9186250686E+003   0.3529511059E+000
    648400   0.9182891935E+003   0.3529708977E+000
    648500   0.9372159998E+003   0.3518810499E+000
    648600   0.9302190882E+003   0.3522779999E+000
    648700   0.9318023020E+003   0.3521875802E+000
    648800   0.9356785103E+003   0.3519676897E+000
    648900   0.9416329333E+003   0.3516339577E+000
    649000   0.9257002955E+003   0.0000000000E+000
    649100   0.9283749367E+003   0.3523837698E+000
    649200   0.9317685716E+003   0.3521895029E+000
    649300   0.9279651158E+003   0.3524073405E+000
    649400   0.9276422504E+003   0.3524259269E+000
    649500   0.9279967861E+003   0.0000000000E+000
    649600   0.9272606604E+003   0.3524479131E+000
    649700   0.9390729134E+003   0.3517768449E+000
    649800   0.9310502700E+003   0.3522304857E+000
    649900   0.9288378308E+003   0.3523571754E+000
    650000   0.9347045575E+003   0.3520227430E+000
    650100   0.9320770074E+003   0.0000000000E+000
    650200   0.9299594337E+003   0.3522928629E+000
    650300   0.9272706004E+003   0.3524473401E+000
    650400   0.9152377078E+003   0.3531514782E+000
    650500   0.9274639512E+003   0.3524361974E+000
    650600   0.9243202702E+003   0.3526180322E+000
    650700   0.9259001156E+003   0.0000000000E+000
    650800   0.9281711019E+003   0.3523954903E+000
    650900   0.9268522618E+003   0.0000000000E+000
    651000   0.9335223849E+003   0.0000000000E+000
    651100   0.9302256374E+003   0.0000000000E+000
    651200   0.9268248263E+003   0.0000000000E+000
    651300   0.9193946573E+003   0.0000000000E+000
    651400   0.9371079727E+003   0.0000000000E+000
    651500   0.9293606427E+003   0.0000000000E+000
    651600   0.9310704852E+003   0.0000000000E+000
    651700   0.9383465186E+003   0.0000000000E+000
    651800   0.9312423393E+003   0.0000000000E+000
    651900   0.9372171614E+003   0.0000000000E+000
    652000   0.9199912415E+003   0.0000000000E+000
    652100   0.9247493649E+003   0.0000000000E+000
    652200   0.9332202770E+003   0.0000000000E+000
    652300   0.9331371999E+003   0.0000000000E+000
    652400   0.9329237596E+003   0.0000000000E+000
    652500   0.9345617774E+003   0.0000000000E+000
    652600   0.9365651320E+003   0.0000000000E+000
    652700   0.9274033472E+003   0.0000000000E+000
    652800   0.9255546060E+003   0.0000000000E+000
    652900   0.9206831488E+003   0.0000000000E+000
    653000   0.9233337707E+003   0.0000000000E+000
    653100   0.9281437745E+003   0.0000000000E+000
    653200   0.9319043209E+003   0.0000000000E+000
    653300   0.9311270244E+003   0.0000000000E+000
    653400   0.9263298369E+003   0.0000000000E+000
    653500   0.9287315394E+003   0.0000000000E+000
    653600   0.9274199574E+003   0.0000000000E+000
    653700   0.9418805253E+003   0.0000000000E+000
    653800   0.9380874013E+003   0.0000000000E+000
    653900   0.9344438063E+003   0.0000000000E+000
    654000   0.9307158101E+003   0.0000000000E+000
    654100   0.9334521570E+003   0.0000000000E+000
    654200   0.9308234685E+003   0.0000000000E+000
    654300   0.9216968746E+003   0.0000000000E+000
    654400   0.9232361153E+003   0.0000000000E+000
    654500   0.9234435775E+003   0.0000000000E+000
    654600   0.9351976638E+003   0.0000000000E+000
    654700   0.9296864198E+003   0.0000000000E+000
    654800   0.9265587391E+003   0.0000000000E+000
    654900   0.9300362839E+003   0.0000000000E+000
    655000   0.9226736202E+003   0.0000000000E+000
    655100   0.9303247367E+003   0.0000000000E+000
    655200   0.9241482060E+003   0.0000000000E+000
    655300   0.9220022896E+003   0.0000000000E+000
    655400   0.9331270243E+003   0.0000000000E+000
    655500   0.9263810814E+003   0.0000000000E+000
    655600   0.9255852865E+003   0.0000000000E+000
    655700   0.9203574348E+003   0.0000000000E+000
    655800   0.9276082311E+003   0.0000000000E+000
    655900   0.9234460465E+003   0.0000000000E+000
    656000   0.9264896786E+003   0.0000000000E+000
    656100   0.9257382871E+003   0.0000000000E+000
    656200   0.9306037057E+003   0.0000000000E+000
    656300   0.9306889971E+003   0.0000000000E+000
    656400   0.9293650032E+003   0.0000000000E+000
    656500   0.9261501055E+003   0.0000000000E+000
    656600   0.9264872708E+003   0.0000000000E+000
    656700   0.9207418643E+003   0.0000000000E+000
    656800   0.9242172477E+003   0.0000000000E+000
    656900   0.9234549929E+003   0.0000000000E+000
    657000   0.9251267774E+003   0.0000000000E+000
    657100   0.9166619508E+003   0.0000000000E+000
    657200   0.9162355151E+003   0.0000000000E+000
    657300   0.9298248592E+003   0.0000000000E+000
    657400   0.9192331477E+003   0.0000000000E+000
    657500   0.9304271086E+003   0.0000000000E+000
    657600   0.9260433558E+003   0.0000000000E+000
    657700   0.9279073442E+003   0.0000000000E+000
    657800   0.9335349006E+003   0.0000000000E+000
    657900   0.9174970577E+003   0.0000000000E+000
    658000   0.9265575353E+003   0.0000000000E+000
    658100   0.9293040231E+003   0.0000000000E+000
    658200   0.9295609705E+003   0.0000000000E+000
    658300   0.9299099951E+003   0.0000000000E+000
    658400   0.9160169690E+003   0.0000000000E+000
    658500   0.9256732958E+003   0.0000000000E+000
    658600   0.9216736212E+003   0.0000000000E+000
    658700   0.9213251079E+003   0.0000000000E+000
    658800   0.9199930417E+003   0.0000000000E+000
    658900   0.9311387976E+003   0.0000000000E+000
    659000   0.9170704107E+003   0.0000000000E+000
    659100   0.9333342510E+003   0.0000000000E+000
    659200   0.9198700053E+003   0.0000000000E+000
    659300   0.9331039159E+003   0.0000000000E+000
    659400   0.9271103137E+003   0.0000000000E+000
    659500   0.9316652275E+003   0.0000000000E+000
    659600   0.9177922784E+003   0.0000000000E+000
    659700   0.9236202956E+003   0.0000000000E+000
    659800   0.9296095480E+003   0.0000000000E+000
    659900   0.9217400444E+003   0.0000000000E+000
    660000   0.9253150067E+003   0.0000000000E+000
    660100   0.9191100489E+003   0.0000000000E+000
    660200   0.9201961955E+003   0.0000000000E+000
    660300   0.9219352982E+003   0.0000000000E+000
    660400   0.9192878142E+003   0.0000000000E+000
    660500   0.9315093389E+003   0.0000000000E+000
    660600   0.9241335877E+003   0.0000000000E+000
    660700   0.9242141065E+003   0.0000000000E+000
    660800   0.9211600423E+003   0.0000000000E+000
    660900   0.9197003721E+003   0.0000000000E+000
    661000   0.9197335917E+003   0.0000000000E+000
    661100   0.9306088019E+003   0.0000000000E+000
    661200   0.9332871434E+003   0.0000000000E+000
    661300   0.9291567519E+003   0.0000000000E+000
    661400   0.9224448763E+003   0.0000000000E+000
    661500   0.9335829226E+003   0.0000000000E+000
    661600   0.9210351804E+003   0.0000000000E+000
    661700   0.9234967162E+003   0.0000000000E+000
    661800   0.9172811712E+003   0.0000000000E+000
    661900   0.9252215881E+003   0.0000000000E+000
    662000   0.9319524185E+003   0.0000000000E+000
    662100   0.9191230219E+003   0.0000000000E+000
    662200   0.9181490880E+003   0.0000000000E+000
    662300   0.9284123434E+003   0.0000000000E+000
    662400   0.9402026253E+003   0.0000000000E+000
    662500   0.9352843074E+003   0.0000000000E+000
    662600   0.9311233479E+003   0.0000000000E+000
    662700   0.9382726544E+003   0.0000000000E+000
    662800   0.9393508014E+003   0.0000000000E+000
    662900   0.9252474952E+003   0.0000000000E+000
    663000   0.9225455782E+003   0.0000000000E+000
    663100   0.9193037064E+003   0.0000000000E+000
    663200   0.9280452963E+003   0.0000000000E+000
    663300   0.9203124385E+003   0.0000000000E+000
    663400   0.9249552988E+003   0.0000000000E+000
    663500   0.9226771634E+003   0.0000000000E+000
    663600   0.9286122538E+003   0.0000000000E+000
    663700   0.9173671623E+003   0.0000000000E+000
    663800   0.9223593325E+003   0.0000000000E+000
    663900   0.9257099054E+003   0.0000000000E+000
    664000   0.9159971758E+003   0.0000000000E+000
    664100   0.9234605989E+003   0.0000000000E+000
    664200   0.9269213013E+003   0.0000000000E+000
    664300   0.9270136466E+003   0.0000000000E+000
    664400   0.9241778014E+003   0.0000000000E+000
    664500   0.9197880878E+003   0.0000000000E+000
    664600   0.9318172776E+003   0.0000000000E+000
    664700   0.9282341996E+003   0.0000000000E+000
    664800   0.9222872391E+003   0.0000000000E+000
    664900   0.9231750699E+003   0.0000000000E+000
    665000   0.9227965630E+003   0.0000000000E+000
    665100   0.9284714410E+003   0.0000000000E+000
    665200   0.9237485050E+003   0.0000000000E+000
    665300   0.9308734443E+003   0.0000000000E+000
    665400   0.9333142348E+003   0.0000000000E+000
    665500   0.9330572967E+003   0.0000000000E+000
    665600   0.9216695953E+003   0.0000000000E+000
    665700   0.9318766190E+003   0.0000000000E+000
    665800   0.9284146551E+003   0.0000000000E+000
    665900   0.9319428762E+003   0.0000000000E+000
    666000   0.9199294614E+003   0.0000000000E+000
    666100   0.9251440815E+003   0.0000000000E+000
    666200   0.9251583391E+003   0.0000000000E+000
    666300   0.9311519071E+003   0.0000000000E+000
    666400   0.9245236936E+003   0.0000000000E+000
    666500   0.9281952865E+003   0.0000000000E+000
    666600   0.9120117128E+003   0.0000000000E+000
    666700   0.9176022902E+003   0.0000000000E+000
    666800   0.9261131069E+003   0.0000000000E+000
    666900   0.9254779268E+003   0.0000000000E+000
    667000   0.9263637431E+003   0.0000000000E+000
    667100   0.9215073146E+003   0.0000000000E+000
    667200   0.9325094253E+003   0.0000000000E+000
    667300   0.9253595604E+003   0.0000000000E+000
    667400   0.9242356659E+003   0.0000000000E+000
    667500   0.9245847850E+003   0.0000000000E+000
    667600   0.9233134966E+003   0.0000000000E+000
    667700   0.9269037780E+003   0.0000000000E+000
    667800   0.9253204368E+003   0.0000000000E+000
    667900   0.9191193096E+003   0.0000000000E+000
    668000   0.9182621666E+003   0.0000000000E+000
    668100   0.9129066373E+003   0.0000000000E+000
    668200   0.9202450818E+003   0.0000000000E+000
    668300   0.9241367912E+003   0.0000000000E+000
    668400   0.9247386844E+003   0.0000000000E+000
    668500   0.9343804591E+003   0.0000000000E+000
    668600   0.9229367272E+003   0.0000000000E+000
    668700   0.9222528205E+003   0.0000000000E+000
    668800   0.9256588553E+003   0.0000000000E+000
    668900   0.9252366481E+003   0.0000000000E+000
    669000   0.9305578497E+003   0.0000000000E+000
    669100   0.9243363548E+003   0.0000000000E+000
    669200   0.9299379386E+003   0.0000000000E+000
    669300   0.9299060943E+003   0.0000000000E+000
    669400   0.9172798450E+003   0.0000000000E+000
    669500   0.9224195070E+003   0.0000000000E+000
    669600   0.9162508436E+003   0.0000000000E+000
    669700   0.9285984556E+003   0.0000000000E+000
    669800   0.9268745785E+003   0.0000000000E+000
    669900   0.9241502164E+003   0.0000000000E+000
    670000   0.9200810911E+003   0.0000000000E+000
    670100   0.9200130362E+003   0.0000000000E+000
    670200   0.9246125200E+003   0.0000000000E+000
    670300   0.9307881921E+003   0.0000000000E+000
    670400   0.9342927869E+003   0.0000000000E+000
    670500   0.9207335724E+003   0.0000000000E+000
    670600   0.9225451929E+003   0.0000000000E+000
    670700   0.9255304523E+003   0.0000000000E+000
    670800   0.9266844873E+003   0.0000000000E+000
    670900   0.9178149358E+003   0.0000000000E+000
    671000   0.9086079810E+003   0.0000000000E+000
    671100   0.9221428586E+003   0.0000000000E+000
    671200   0.9225308516E+003   0.0000000000E+000
    671300   0.9206687072E+003   0.0000000000E+000
    671400   0.9274762435E+003   0.0000000000E+000
    671500   0.9227432373E+003   0.0000000000E+000
    671600   0.9316833066E+003   0.0000000000E+000
    671700   0.9165595237E+003   0.0000000000E+000
    671800   0.9345489039E+003   0.0000000000E+000
    671900   0.9226152203E+003   0.0000000000E+000
    672000   0.9278216001E+003   0.0000000000E+000
    672100   0.9333029409E+003   0.0000000000E+000
    672200   0.9194927845E+003   0.0000000000E+000
    672300   0.9340364524E+003   0.0000000000E+000
    672400   0.9279444202E+003   0.0000000000E+000
    672500   0.9255041518E+003   0.0000000000E+000
    672600   0.9225948887E+003   0.0000000000E+000
    672700   0.9229459537E+003   0.0000000000E+000
    672800   0.9235159387E+003   0.0000000000E+000
    672900   0.9286796730E+003   0.0000000000E+000
    673000   0.9297897013E+003   0.0000000000E+000
    673100   0.9284985234E+003   0.0000000000E+000
    673200   0.9222464967E+003   0.0000000000E+000
    673300   0.9186312370E+003   0.0000000000E+000
    673400   0.9301151932E+003   0.0000000000E+000
    673500   0.9246548115E+003   0.0000000000E+000
    673600   0.9163904765E+003   0.0000000000E+000
    673700   0.9246697323E+003   0.0000000000E+000
    673800   0.9335176314E+003   0.0000000000E+000
    673900   0.9328109568E+003   0.0000000000E+000
    674000   0.9275717511E+003   0.0000000000E+000
    674100   0.9306633033E+003   0.0000000000E+000
    674200   0.9293772473E+003   0.0000000000E+000
    674300   0.9255215744E+003   0.0000000000E+000
    674400   0.9240943905E+003   0.0000000000E+000
    674500   0.9259742936E+003   0.0000000000E+000
    674600   0.9392536850E+003   0.0000000000E+000
    674700   0.9321063386E+003   0.0000000000E+000
    674800   0.9338667777E+003   0.0000000000E+000
    674900   0.9299469846E+003   0.0000000000E+000
    675000   0.9351262522E+003   0.0000000000E+000
    675100   0.9223471776E+003   0.0000000000E+000
    675200   0.9263161954E+003   0.0000000000E+000
    675300   0.9314563655E+003   0.0000000000E+000
    675400   0.9265580569E+003   0.0000000000E+000
    675500   0.9358680865E+003   0.0000000000E+000
    675600   0.9209043676E+003   0.0000000000E+000
    675700   0.9313283479E+003   0.0000000000E+000
    675800   0.9319012089E+003   0.0000000000E+000
    675900   0.9273810050E+003   0.0000000000E+000
    676000   0.9295571906E+003   0.0000000000E+000
    676100   0.9348789558E+003   0.0000000000E+000
    676200   0.9244817787E+003   0.0000000000E+000
    676300   0.9284116116E+003   0.0000000000E+000
    676400   0.9353350584E+003   0.0000000000E+000
    676500   0.9312534903E+003   0.0000000000E+000
    676600   0.9372214815E+003   0.3518807416E+000
    676700   0.9189298789E+003   0.3529331590E+000
    676800   0.9305417438E+003   0.0000000000E+000
    676900   0.9278434757E+003   0.0000000000E+000
    677000   0.9325684878E+003   0.0000000000E+000
    677100   0.9236700584E+003   0.3526558193E+000
    677200   0.9176321318E+003   0.0000000000E+000
    677300   0.9262302307E+003   0.3525073880E+000
    677400   0.9278605675E+003   0.0000000000E+000
    677500   0.9225664825E+003   0.3527200943E+000
    677600   0.9175121514E+003   0.3530167499E+000
    677700   0.9192785461E+003   0.3529126467E+000
    677800   0.9305497017E+003   0.0000000000E+000
    677900   0.9298834020E+003   0.0000000000E+000
    678000   0.9308651447E+003   0.0000000000E+000
    678100   0.9365525746E+003   0.0000000000E+000
    678200   0.9323009246E+003   0.0000000000E+000
    678300   0.9259226324E+003   0.0000000000E+000
    678400   0.9261993090E+003   0.0000000000E+000
    678500   0.9342163757E+003   0.0000000000E+000
    678600   0.9321629309E+003   0.0000000000E+000
    678700   0.9325732548E+003   0.0000000000E+000
    678800   0.9278592181E+003   0.0000000000E+000
    678900   0.9393171421E+003   0.0000000000E+000
    679000   0.9275859494E+003   0.0000000000E+000
    679100   0.9220202599E+003   0.0000000000E+000
    679200   0.9314932455E+003   0.0000000000E+000
    679300   0.9158381828E+003   0.0000000000E+000
    679400   0.9311404760E+003   0.0000000000E+000
    679500   0.9236655112E+003   0.0000000000E+000
    679600   0.9266734114E+003   0.0000000000E+000
    679700   0.9304760298E+003   0.0000000000E+000
    679800   0.9299669404E+003   0.0000000000E+000
    679900   0.9357845067E+003   0.0000000000E+000
    680000   0.9255061804E+003   0.0000000000E+000
    680100   0.9189481605E+003   0.0000000000E+000
    680200   0.9230714263E+003   0.0000000000E+000
    680300   0.9327401488E+003   0.0000000000E+000
    680400   0.9337235866E+003   0.0000000000E+000
    680500   0.9241601191E+003   0.0000000000E+000
    680600   0.9285031903E+003   0.0000000000E+000
    680700   0.9237193066E+003   0.0000000000E+000
    680800   0.9318981043E+003   0.0000000000E+000
    680900   0.9300486418E+003   0.0000000000E+000
    681000   0.9323340664E+003   0.0000000000E+000
    681100   0.9337728541E+003   0.0000000000E+000
    681200   0.9282478182E+003   0.0000000000E+000
    681300   0.9150178099E+003   0.0000000000E+000
    681400   0.9329945053E+003   0.0000000000E+000
    681500   0.9284313986E+003   0.0000000000E+000
    681600   0.9352326691E+003   0.0000000000E+000
    681700   0.9258545191E+003   0.0000000000E+000
    681800   0.9410152483E+003   0.0000000000E+000
    681900   0.9339083374E+003   0.0000000000E+000
    682000   0.9354824982E+003   0.0000000000E+000
    682100   0.9355382134E+003   0.0000000000E+000
    682200   0.9346510878E+003   0.0000000000E+000
    682300   0.9327658142E+003   0.0000000000E+000
    682400   0.9347477812E+003   0.0000000000E+000
    682500   0.9323666985E+003   0.0000000000E+000
    682600   0.9231208394E+003   0.0000000000E+000
    682700   0.9365061936E+003   0.0000000000E+000
    682800   0.9339436067E+003   0.0000000000E+000
    682900   0.9331299199E+003   0.0000000000E+000
    683000   0.9317831374E+003   0.0000000000E+000
    683100   0.9382060499E+003   0.0000000000E+000
    683200   0.9367183948E+003   0.0000000000E+000
    683300   0.9370934268E+003   0.0000000000E+000
    683400   0.9218892169E+003   0.0000000000E+000
    683500   0.9326990530E+003   0.0000000000E+000
    683600   0.9208813200E+003   0.0000000000E+000
    683700   0.9269671596E+003   0.0000000000E+000
    683800   0.9359409886E+003   0.0000000000E+000
    683900   0.9174458173E+003   0.0000000000E+000
    684000   0.9272600439E+003   0.0000000000E+000
    684100   0.9357608851E+003   0.0000000000E+000
    684200   0.9396561019E+003   0.0000000000E+000
    684300   0.9239128814E+003   0.0000000000E+000
    684400   0.9301351342E+003   0.0000000000E+000
    684500   0.9277664546E+003   0.0000000000E+000
    684600   0.9324463080E+003   0.0000000000E+000
    684700   0.9390613178E+003   0.0000000000E+000
    684800   0.9309016897E+003   0.0000000000E+000
    684900   0.9290239067E+003   0.0000000000E+000
    685000   0.9387550516E+003   0.0000000000E+000
    685100   0.9307211603E+003   0.0000000000E+000
    685200   0.9303199255E+003   0.0000000000E+000
    685300   0.9290770604E+003   0.0000000000E+000
    685400   0.9280772682E+003   0.0000000000E+000
    685500   0.9215651224E+003   0.0000000000E+000
    685600   0.9274619943E+003   0.0000000000E+000
    685700   0.9276323440E+003   0.0000000000E+000
    685800   0.9296144341E+003   0.0000000000E+000
    685900   0.9326591636E+003   0.0000000000E+000
    686000   0.9307881728E+003   0.0000000000E+000
    686100   0.9292505494E+003   0.0000000000E+000
    686200   0.9251651132E+003   0.0000000000E+000
    686300   0.9215274265E+003   0.0000000000E+000
    686400   0.9383452537E+003   0.0000000000E+000
    686500   0.9307259107E+003   0.0000000000E+000
    686600   0.9294384265E+003   0.0000000000E+000
    686700   0.9225807947E+003   0.0000000000E+000
    686800   0.9320588002E+003   0.0000000000E+000
    686900   0.9247723420E+003   0.0000000000E+000
    687000   0.9239760112E+003   0.0000000000E+000
    687100   0.9230219162E+003   0.0000000000E+000
    687200   0.9302388511E+003   0.0000000000E+000
    687300   0.9210050079E+003   0.0000000000E+000
    687400   0.9246746771E+003   0.0000000000E+000
    687500   0.9298382014E+003   0.0000000000E+000
    687600   0.9246268834E+003   0.0000000000E+000
    687700   0.9219682756E+003   0.0000000000E+000
    687800   0.9188248187E+003   0.0000000000E+000
    687900   0.9241312134E+003   0.0000000000E+000
    688000   0.9189438393E+003   0.0000000000E+000
    688100   0.9223470596E+003   0.0000000000E+000
    688200   0.9224109550E+003   0.0000000000E+000
    688300   0.9222594234E+003   0.0000000000E+000
    688400   0.9242499609E+003   0.0000000000E+000
    688500   0.9277924730E+003   0.0000000000E+000
    688600   0.9280497193E+003   0.0000000000E+000
    688700   0.9197913892E+003   0.0000000000E+000
    688800   0.9246836800E+003   0.0000000000E+000
    688900   0.9313229313E+003   0.0000000000E+000
    689000   0.9312190900E+003   0.0000000000E+000
    689100   0.9240375716E+003   0.0000000000E+000
    689200   0.9309750879E+003   0.0000000000E+000
    689300   0.9293770394E+003   0.0000000000E+000
    689400   0.9221454223E+003   0.0000000000E+000
    689500   0.9228777105E+003   0.0000000000E+000
    689600   0.9226008108E+003   0.0000000000E+000
    689700   0.9275893919E+003   0.0000000000E+000
    689800   0.9295097616E+003   0.0000000000E+000
    689900   0.9366550235E+003   0.0000000000E+000
    690000   0.9212556862E+003   0.0000000000E+000
    690100   0.9261465861E+003   0.0000000000E+000
    690200   0.9292907699E+003   0.0000000000E+000
    690300   0.9240813261E+003   0.0000000000E+000
    690400   0.9294247640E+003   0.0000000000E+000
    690500   0.9194178339E+003   0.0000000000E+000
    690600   0.9302934199E+003   0.0000000000E+000
    690700   0.9300399256E+003   0.0000000000E+000
    690800   0.9318725577E+003   0.0000000000E+000
    690900   0.9219572913E+003   0.0000000000E+000
    691000   0.9095384850E+003   0.0000000000E+000
    691100   0.9265145352E+003   0.0000000000E+000
    691200   0.9325616776E+003   0.0000000000E+000
    691300   0.9203559118E+003   0.0000000000E+000
    691400   0.9248224322E+003   0.0000000000E+000
    691500   0.9296902202E+003   0.0000000000E+000
    691600   0.9350135231E+003   0.0000000000E+000
    691700   0.9284096025E+003   0.0000000000E+000
    691800   0.9263894746E+003   0.0000000000E+000
    691900   0.9253211656E+003   0.0000000000E+000
    692000   0.9210149041E+003   0.0000000000E+000
    692100   0.9206689858E+003   0.0000000000E+000
    692200   0.9141466236E+003   0.0000000000E+000
    692300   0.9344614544E+003   0.0000000000E+000
    692400   0.9359266846E+003   0.0000000000E+000
    692500   0.9278144721E+003   0.0000000000E+000
    692600   0.9233100387E+003   0.0000000000E+000
    692700   0.9285560145E+003   0.0000000000E+000
    692800   0.9232382713E+003   0.0000000000E+000
    692900   0.9272897657E+003   0.0000000000E+000
    693000   0.9230680851E+003   0.0000000000E+000
    693100   0.9233959896E+003   0.0000000000E+000
    693200   0.9261033947E+003   0.0000000000E+000
    693300   0.9272751253E+003   0.0000000000E+000
    693400   0.9171006477E+003   0.0000000000E+000
    693500   0.9246051980E+003   0.0000000000E+000
    693600   0.9327339498E+003   0.0000000000E+000
    693700   0.9262859396E+003   0.0000000000E+000
    693800   0.9262453273E+003   0.0000000000E+000
    693900   0.9338917120E+003   0.0000000000E+000
    694000   0.9326461623E+003   0.0000000000E+000
    694100   0.9378302531E+003   0.0000000000E+000
    694200   0.9286602193E+003   0.0000000000E+000
    694300   0.9263303175E+003   0.0000000000E+000
    694400   0.9197576904E+003   0.0000000000E+000
    694500   0.9194767259E+003   0.0000000000E+000
    694600   0.9293571717E+003   0.0000000000E+000
    694700   0.9262182760E+003   0.0000000000E+000
    694800   0.9349197191E+003   0.0000000000E+000
    694900   0.9210697136E+003   0.0000000000E+000
    695000   0.9235029016E+003   0.0000000000E+000
    695100   0.9234048306E+003   0.0000000000E+000
    695200   0.9306979472E+003   0.0000000000E+000
    695300   0.9370307575E+003   0.0000000000E+000
    695400   0.9232742474E+003   0.0000000000E+000
    695500   0.9320249658E+003   0.0000000000E+000
    695600   0.9281811895E+003   0.0000000000E+000
    695700   0.9369178649E+003   0.0000000000E+000
    695800   0.9384645899E+003   0.0000000000E+000
    695900   0.9270503355E+003   0.0000000000E+000
    696000   0.9320878091E+003   0.0000000000E+000
    696100   0.9264798105E+003   0.0000000000E+000
    696200   0.9255323061E+003   0.0000000000E+000
    696300   0.9238626290E+003   0.0000000000E+000
    696400   0.9318430132E+003   0.0000000000E+000
    696500   0.9247360138E+003   0.0000000000E+000
    696600   0.9186894417E+003   0.0000000000E+000
    696700   0.9296405402E+003   0.0000000000E+000
    696800   0.9317101079E+003   0.0000000000E+000
    696900   0.9317376612E+003   0.0000000000E+000
    697000   0.9363132334E+003   0.0000000000E+000
    697100   0.9248058973E+003   0.0000000000E+000
    697200   0.9377778526E+003   0.0000000000E+000
    697300   0.9275910923E+003   0.0000000000E+000
    697400   0.9317827101E+003   0.0000000000E+000
    697500   0.9321320074E+003   0.0000000000E+000
    697600   0.9262670253E+003   0.0000000000E+000
    697700   0.9292478128E+003   0.0000000000E+000
    697800   0.9307463160E+003   0.0000000000E+000
    697900   0.9326637939E+003   0.0000000000E+000
    698000   0.9300794578E+003   0.0000000000E+000
    698100   0.9295503505E+003   0.0000000000E+000
    698200   0.9292060303E+003   0.0000000000E+000
    698300   0.9351881842E+003   0.0000000000E+000
    698400   0.9274971112E+003   0.0000000000E+000
    698500   0.9214611541E+003   0.0000000000E+000
    698600   0.9168367841E+003   0.0000000000E+000
    698700   0.9300852111E+003   0.0000000000E+000
    698800   0.9251758652E+003   0.0000000000E+000
    698900   0.9331006952E+003   0.0000000000E+000
    699000   0.9163249457E+003   0.0000000000E+000
    699100   0.9276955341E+003   0.0000000000E+000
    699200   0.9268736002E+003   0.0000000000E+000
    699300   0.9307460215E+003   0.0000000000E+000
    699400   0.9321577109E+003   0.0000000000E+000
    699500   0.9269087275E+003   0.0000000000E+000
    699600   0.9318355792E+003   0.0000000000E+000
    699700   0.9226840015E+003   0.0000000000E+000
    699800   0.9213934301E+003   0.0000000000E+000
    699900   0.9281978907E+003   0.0000000000E+000
    700000   0.9271033169E+003   0.0000000000E+000
    700100   0.9358036356E+003   0.0000000000E+000
    700200   0.9285250041E+003   0.0000000000E+000
    700300   0.9276055680E+003   0.0000000000E+000
    700400   0.9339366115E+003   0.0000000000E+000
    700500   0.9137395283E+003   0.0000000000E+000
    700600   0.9321158813E+003   0.0000000000E+000
    700700   0.9325566239E+003   0.0000000000E+000
    700800   0.9340311367E+003   0.0000000000E+000
    700900   0.9211628438E+003   0.0000000000E+000
    701000   0.9261894058E+003   0.0000000000E+000
    701100   0.9337936982E+003   0.0000000000E+000
    701200   0.9307346116E+003   0.0000000000E+000
    701300   0.9269727724E+003   0.0000000000E+000
    701400   0.9243941259E+003   0.0000000000E+000
    701500   0.9227658668E+003   0.0000000000E+000
    701600   0.9215253409E+003   0.0000000000E+000
    701700   0.9266680179E+003   0.0000000000E+000
    701800   0.9175205728E+003   0.0000000000E+000
    701900   0.9220388747E+003   0.0000000000E+000
    702000   0.9232755626E+003   0.0000000000E+000
    702100   0.9244247422E+003   0.0000000000E+000
    702200   0.9282985939E+003   0.0000000000E+000
    702300   0.9250847376E+003   0.0000000000E+000
    702400   0.9227889445E+003   0.0000000000E+000
    702500   0.9291760762E+003   0.0000000000E+000
    702600   0.9286059984E+003   0.0000000000E+000
    702700   0.9190015514E+003   0.0000000000E+000
    702800   0.9337759645E+003   0.0000000000E+000
    702900   0.9220117623E+003   0.0000000000E+000
    703000   0.9230153410E+003   0.0000000000E+000
    703100   0.9268081153E+003   0.0000000000E+000
    703200   0.9146830205E+003   0.0000000000E+000
    703300   0.9310751585E+003   0.0000000000E+000
    703400   0.9363938925E+003   0.0000000000E+000
    703500   0.9204774197E+003   0.0000000000E+000
    703600   0.9250198325E+003   0.0000000000E+000
    703700   0.9216513576E+003   0.0000000000E+000
    703800   0.9251075173E+003   0.0000000000E+000
    703900   0.9253571393E+003   0.0000000000E+000
    704000   0.9228823706E+003   0.0000000000E+000
    704100   0.9245364261E+003   0.0000000000E+000
    704200   0.9287855246E+003   0.0000000000E+000
    704300   0.9257467795E+003   0.0000000000E+000
    704400   0.9271596941E+003   0.0000000000E+000
    704500   0.9283232705E+003   0.0000000000E+000
    704600   0.9223533262E+003   0.0000000000E+000
    704700   0.9282048216E+003   0.0000000000E+000
    704800   0.9155684329E+003   0.0000000000E+000
    704900   0.9266487760E+003   0.0000000000E+000
    705000   0.9316822541E+003   0.0000000000E+000
    705100   0.9222859401E+003   0.0000000000E+000
    705200   0.9211278291E+003   0.0000000000E+000
    705300   0.9141499403E+003   0.0000000000E+000
    705400   0.9211010767E+003   0.0000000000E+000
    705500   0.9199282542E+003   0.0000000000E+000
    705600   0.9195271089E+003   0.0000000000E+000
    705700   0.9275256376E+003   0.0000000000E+000
    705800   0.9344722690E+003   0.0000000000E+000
    705900   0.9227995486E+003   0.0000000000E+000
    706000   0.9296008818E+003   0.0000000000E+000
    706100   0.9288763013E+003   0.0000000000E+000
    706200   0.9259265634E+003   0.0000000000E+000
    706300   0.9196448744E+003   0.0000000000E+000
    706400   0.9192702044E+003   0.0000000000E+000
    706500   0.9234190696E+003   0.0000000000E+000
    706600   0.9202094419E+003   0.0000000000E+000
    706700   0.9281313671E+003   0.0000000000E+000
    706800   0.9280557291E+003   0.0000000000E+000
    706900   0.9253821322E+003   0.0000000000E+000
    707000   0.9257285766E+003   0.0000000000E+000
    707100   0.9232352646E+003   0.0000000000E+000
    707200   0.9271412912E+003   0.0000000000E+000
    707300   0.9273282369E+003   0.0000000000E+000
    707400   0.9169056754E+003   0.0000000000E+000
    707500   0.9143522268E+003   0.0000000000E+000
    707600   0.9311371257E+003   0.0000000000E+000
    707700   0.9150924041E+003   0.0000000000E+000
    707800   0.9101228658E+003   0.0000000000E+000
    707900   0.9146698033E+003   0.0000000000E+000
    708000   0.9133890796E+003   0.0000000000E+000
    708100   0.9177472399E+003   0.0000000000E+000
    708200   0.9193172737E+003   0.0000000000E+000
    708300   0.9220521864E+003   0.0000000000E+000
    708400   0.9299240485E+003   0.0000000000E+000
    708500   0.9140472544E+003   0.0000000000E+000
    708600   0.9256192331E+003   0.0000000000E+000
    708700   0.9167279754E+003   0.0000000000E+000
    708800   0.9286828421E+003   0.0000000000E+000
    708900   0.9225285009E+003   0.0000000000E+000
    709000   0.9188955677E+003   0.0000000000E+000
    709100   0.9217990875E+003   0.0000000000E+000
    709200   0.9257360203E+003   0.0000000000E+000
    709300   0.9301944405E+003   0.0000000000E+000
    709400   0.9227229795E+003   0.0000000000E+000
    709500   0.9209545477E+003   0.0000000000E+000
    709600   0.9359083453E+003   0.0000000000E+000
    709700   0.9200661849E+003   0.0000000000E+000
    709800   0.9260129390E+003   0.0000000000E+000
    709900   0.9190375387E+003   0.0000000000E+000
    710000   0.9135739584E+003   0.0000000000E+000
    710100   0.9243227081E+003   0.0000000000E+000
    710200   0.9281413923E+003   0.0000000000E+000
    710300   0.9247615546E+003   0.0000000000E+000
    710400   0.9366677673E+003   0.0000000000E+000
    710500   0.9251149452E+003   0.0000000000E+000
    710600   0.9250173277E+003   0.0000000000E+000
    710700   0.9244703460E+003   0.0000000000E+000
    710800   0.9215059417E+003   0.0000000000E+000
    710900   0.9244917468E+003   0.0000000000E+000
    711000   0.9263075432E+003   0.0000000000E+000
    711100   0.9341586460E+003   0.0000000000E+000
    711200   0.9299809912E+003   0.0000000000E+000
    711300   0.9244845557E+003   0.0000000000E+000
    711400   0.9243416009E+003   0.0000000000E+000
    711500   0.9186576444E+003   0.0000000000E+000
    711600   0.9369204347E+003   0.0000000000E+000
    711700   0.9337428032E+003   0.0000000000E+000
    711800   0.9299624022E+003   0.0000000000E+000
    711900   0.9290110267E+003   0.0000000000E+000
    712000   0.9326537992E+003   0.0000000000E+000
    712100   0.9292097469E+003   0.0000000000E+000
    712200   0.9332870696E+003   0.0000000000E+000
    712300   0.9290933497E+003   0.0000000000E+000
    712400   0.9248984214E+003   0.0000000000E+000
    712500   0.9437814928E+003   0.0000000000E+000
    712600   0.9317278683E+003   0.0000000000E+000
    712700   0.9255058111E+003   0.0000000000E+000
    712800   0.9311045669E+003   0.0000000000E+000
    712900   0.9254486872E+003   0.0000000000E+000
    713000   0.9252652052E+003   0.0000000000E+000
    713100   0.9257760088E+003   0.0000000000E+000
    713200   0.9335445490E+003   0.0000000000E+000
    713300   0.9276848048E+003   0.0000000000E+000
    713400   0.9267947859E+003   0.0000000000E+000
    713500   0.9234853694E+003   0.0000000000E+000
    713600   0.9355678384E+003   0.0000000000E+000
    713700   0.9323164262E+003   0.0000000000E+000
    713800   0.9188844372E+003   0.0000000000E+000
    713900   0.9263978166E+003   0.0000000000E+000
    714000   0.9285471146E+003   0.0000000000E+000
    714100   0.9289560536E+003   0.0000000000E+000
    714200   0.9192884166E+003   0.0000000000E+000
    714300   0.9250905932E+003   0.0000000000E+000
    714400   0.9166209011E+003   0.0000000000E+000
    714500   0.9274241260E+003   0.0000000000E+000
    714600   0.9250429369E+003   0.0000000000E+000
    714700   0.9313765514E+003   0.0000000000E+000
    714800   0.9232321354E+003   0.0000000000E+000
    714900   0.9332730323E+003   0.0000000000E+000
    715000   0.9453226179E+003   0.0000000000E+000
    715100   0.9275763474E+003   0.0000000000E+000
    715200   0.9327470757E+003   0.0000000000E+000
    715300   0.9288167126E+003   0.0000000000E+000
    715400   0.9225605824E+003   0.0000000000E+000
    715500   0.9298610604E+003   0.0000000000E+000
    715600   0.9227496664E+003   0.0000000000E+000
    715700   0.9250115617E+003   0.0000000000E+000
    715800   0.9205415632E+003   0.0000000000E+000
    715900   0.9218157989E+003   0.0000000000E+000
    716000   0.9284984658E+003   0.0000000000E+000
    716100   0.9314932118E+003   0.0000000000E+000
    716200   0.9244972610E+003   0.0000000000E+000
    716300   0.9214158934E+003   0.0000000000E+000
    716400   0.9241860736E+003   0.0000000000E+000
    716500   0.9286493536E+003   0.0000000000E+000
    716600   0.9342418062E+003   0.0000000000E+000
    716700   0.9364773963E+003   0.0000000000E+000
    716800   0.9219051495E+003   0.0000000000E+000
    716900   0.9335881157E+003   0.0000000000E+000
    717000   0.9251118388E+003   0.0000000000E+000
    717100   0.9164206088E+003   0.0000000000E+000
    717200   0.9337224625E+003   0.0000000000E+000
    717300   0.9238150888E+003   0.0000000000E+000
    717400   0.9367632042E+003   0.0000000000E+000
    717500   0.9220962072E+003   0.0000000000E+000
    717600   0.9270906329E+003   0.0000000000E+000
    717700   0.9157626602E+003   0.0000000000E+000
    717800   0.9243857453E+003   0.0000000000E+000
    717900   0.9281797158E+003   0.0000000000E+000
    718000   0.9288504643E+003   0.0000000000E+000
    718100   0.9276225863E+003   0.0000000000E+000
    718200   0.9269114309E+003   0.0000000000E+000
    718300   0.9291277158E+003   0.0000000000E+000
    718400   0.9278798326E+003   0.0000000000E+000
    718500   0.9227105126E+003   0.0000000000E+000
    718600   0.9226614291E+003   0.0000000000E+000
    718700   0.9152339160E+003   0.0000000000E+000
    718800   0.9234345414E+003   0.0000000000E+000
    718900   0.9317201751E+003   0.0000000000E+000
    719000   0.9208737143E+003   0.0000000000E+000
    719100   0.9253386810E+003   0.0000000000E+000
    719200   0.9296240635E+003   0.0000000000E+000
    719300   0.9217403307E+003   0.0000000000E+000
    719400   0.9303846692E+003   0.0000000000E+000
    719500   0.9227495024E+003   0.0000000000E+000
    719600   0.9206693006E+003   0.0000000000E+000
    719700   0.9291815925E+003   0.0000000000E+000
    719800   0.9263024818E+003   0.0000000000E+000
    719900   0.9316873822E+003   0.0000000000E+000
    720000   0.9307013506E+003   0.0000000000E+000
    720100   0.9276908894E+003   0.0000000000E+000
    720200   0.9181466654E+003   0.0000000000E+000
    720300   0.9326570791E+003   0.0000000000E+000
    720400   0.9371335336E+003   0.0000000000E+000
    720500   0.9334207871E+003   0.0000000000E+000
    720600   0.9182995184E+003   0.0000000000E+000
    720700   0.9206514992E+003   0.0000000000E+000
    720800   0.9186023427E+003   0.0000000000E+000
    720900   0.9243898415E+003   0.0000000000E+000
    721000   0.9353434083E+003   0.0000000000E+000
    721100   0.9205634318E+003   0.0000000000E+000
    721200   0.9241095369E+003   0.0000000000E+000
    721300   0.9231594920E+003   0.0000000000E+000
    721400   0.9097449330E+003   0.0000000000E+000
    721500   0.9222846354E+003   0.0000000000E+000
    721600   0.9256024333E+003   0.0000000000E+000
    721700   0.9214121659E+003   0.0000000000E+000
    721800   0.9168342369E+003   0.0000000000E+000
    721900   0.9223059774E+003   0.0000000000E+000
    722000   0.9280125501E+003   0.0000000000E+000
    722100   0.9289700002E+003   0.0000000000E+000
    722200   0.9265537263E+003   0.0000000000E+000
    722300   0.9252835501E+003   0.0000000000E+000
    722400   0.9260523780E+003   0.0000000000E+000
    722500   0.9272845292E+003   0.0000000000E+000
    722600   0.9270071499E+003   0.0000000000E+000
    722700   0.9291048190E+003   0.0000000000E+000
    722800   0.9252250141E+003   0.0000000000E+000
    722900   0.9202828983E+003   0.0000000000E+000
    723000   0.9299898593E+003   0.0000000000E+000
    723100   0.9265907982E+003   0.0000000000E+000
    723200   0.9203826507E+003   0.0000000000E+000
    723300   0.9203061219E+003   0.0000000000E+000
    723400   0.9283443058E+003   0.0000000000E+000
    723500   0.9255643095E+003   0.0000000000E+000
    723600   0.9288134119E+003   0.0000000000E+000
    723700   0.9319536377E+003   0.0000000000E+000
    723800   0.9325035347E+003   0.0000000000E+000
    723900   0.9284002479E+003   0.0000000000E+000
    724000   0.9248073321E+003   0.0000000000E+000
    724100   0.9334472357E+003   0.0000000000E+000
    724200   0.9250909225E+003   0.0000000000E+000
    724300   0.9221402742E+003   0.0000000000E+000
    724400   0.9203499629E+003   0.0000000000E+000
    724500   0.9211144435E+003   0.0000000000E+000
    724600   0.9193772241E+003   0.0000000000E+000
    724700   0.9386523043E+003   0.0000000000E+000
    724800   0.9283819885E+003   0.0000000000E+000
    724900   0.9373710207E+003   0.0000000000E+000
    725000   0.9290297916E+003   0.0000000000E+000
    725100   0.9338353933E+003   0.0000000000E+000
    725200   0.9257606820E+003   0.0000000000E+000
    725300   0.9255935533E+003   0.0000000000E+000
    725400   0.9333461049E+003   0.0000000000E+000
    725500   0.9207125746E+003   0.0000000000E+000
    725600   0.9255837488E+003   0.0000000000E+000
    725700   0.9329156790E+003   0.0000000000E+000
    725800   0.9303762430E+003   0.0000000000E+000
    725900   0.9270615862E+003   0.0000000000E+000
    726000   0.9351727256E+003   0.0000000000E+000
    726100   0.9325841732E+003   0.0000000000E+000
    726200   0.9298653437E+003   0.0000000000E+000
    726300   0.9277310823E+003   0.0000000000E+000
    726400   0.9275415898E+003   0.0000000000E+000
    726500   0.9220038776E+003   0.0000000000E+000
    726600   0.9219079099E+003   0.0000000000E+000
    726700   0.9139715217E+003   0.0000000000E+000
    726800   0.9180990987E+003   0.0000000000E+000
    726900   0.9301007196E+003   0.0000000000E+000
    727000   0.9272335859E+003   0.0000000000E+000
    727100   0.9300126808E+003   0.0000000000E+000
    727200   0.9274013705E+003   0.0000000000E+000
    727300   0.9367842454E+003   0.0000000000E+000
    727400   0.9313008510E+003   0.0000000000E+000
    727500   0.9312905171E+003   0.0000000000E+000
    727600   0.9270049864E+003   0.0000000000E+000
    727700   0.9327039463E+003   0.0000000000E+000
    727800   0.9256983539E+003   0.0000000000E+000
    727900   0.9218333882E+003   0.0000000000E+000
    728000   0.9213004679E+003   0.0000000000E+000
    728100   0.9219519243E+003   0.0000000000E+000
    728200   0.9310218685E+003   0.0000000000E+000
    728300   0.9309364631E+003   0.0000000000E+000
    728400   0.9196514104E+003   0.0000000000E+000
    728500   0.9331086020E+003   0.0000000000E+000
    728600   0.9370438682E+003   0.0000000000E+000
    728700   0.9198657902E+003   0.0000000000E+000
    728800   0.9337294290E+003   0.0000000000E+000
    728900   0.9307289723E+003   0.0000000000E+000
    729000   0.9294474787E+003   0.0000000000E+000
    729100   0.9215701012E+003   0.0000000000E+000
    729200   0.9265384590E+003   0.0000000000E+000
    729300   0.9234031899E+003   0.0000000000E+000
    729400   0.9291188179E+003   0.0000000000E+000
    729500   0.9274322041E+003   0.0000000000E+000
    729600   0.9343685798E+003   0.0000000000E+000
    729700   0.9337536699E+003   0.0000000000E+000
    729800   0.9462522204E+003   0.0000000000E+000
    729900   0.9279626939E+003   0.0000000000E+000
    730000   0.9370398666E+003   0.0000000000E+000
    730100   0.9290123929E+003   0.0000000000E+000
    730200   0.9337408590E+003   0.0000000000E+000
    730300   0.9332002267E+003   0.0000000000E+000
    730400   0.9219620313E+003   0.0000000000E+000
    730500   0.9332652841E+003   0.0000000000E+000
    730600   0.9286946373E+003   0.0000000000E+000
    730700   0.9337384881E+003   0.0000000000E+000
    730800   0.9242180121E+003   0.0000000000E+000
    730900   0.9325724324E+003   0.0000000000E+000
    731000   0.9237591154E+003   0.0000000000E+000
    731100   0.9250057537E+003   0.0000000000E+000
    731200   0.9258502760E+003   0.0000000000E+000
    731300   0.9313387061E+003   0.0000000000E+000
    731400   0.9216842630E+003   0.0000000000E+000
    731500   0.9349194379E+003   0.0000000000E+000
    731600   0.9321647265E+003   0.0000000000E+000
    731700   0.9254358000E+003   0.0000000000E+000
    731800   0.9326206973E+003   0.0000000000E+000
    731900   0.9209493848E+003   0.0000000000E+000
    732000   0.9212916089E+003   0.0000000000E+000
    732100   0.9320556762E+003   0.0000000000E+000
    732200   0.9341796158E+003   0.0000000000E+000
    732300   0.9278967344E+003   0.0000000000E+000
    732400   0.9402026268E+003   0.0000000000E+000
    732500   0.9344123846E+003   0.0000000000E+000
    732600   0.9355796610E+003   0.0000000000E+000
    732700   0.9348620083E+003   0.0000000000E+000
    732800   0.9404416658E+003   0.0000000000E+000
    732900   0.9257746112E+003   0.0000000000E+000
    733000   0.9241257199E+003   0.0000000000E+000
    733100   0.9269628349E+003   0.0000000000E+000
    733200   0.9313250023E+003   0.0000000000E+000
    733300   0.9332294319E+003   0.0000000000E+000
    733400   0.9302303680E+003   0.0000000000E+000
    733500   0.9320739722E+003   0.0000000000E+000
    733600   0.9430538405E+003   0.0000000000E+000
    733700   0.9284085195E+003   0.0000000000E+000
    733800   0.9267782802E+003   0.0000000000E+000
    733900   0.9361350479E+003   0.0000000000E+000
    734000   0.9338666473E+003   0.0000000000E+000
    734100   0.9315036218E+003   0.0000000000E+000
    734200   0.9326464421E+003   0.0000000000E+000
    734300   0.9318830575E+003   0.0000000000E+000
    734400   0.9404074690E+003   0.0000000000E+000
    734500   0.9336769979E+003   0.0000000000E+000
    734600   0.9312604268E+003   0.0000000000E+000
    734700   0.9230221698E+003   0.0000000000E+000
    734800   0.9380291170E+003   0.0000000000E+000
    734900   0.9314105550E+003   0.0000000000E+000
    735000   0.9304582452E+003   0.0000000000E+000
    735100   0.9315767093E+003   0.0000000000E+000
    735200   0.9309627267E+003   0.0000000000E+000
    735300   0.9273143407E+003   0.0000000000E+000
    735400   0.9120229011E+003   0.0000000000E+000
    735500   0.9196643957E+003   0.0000000000E+000
    735600   0.9233223102E+003   0.0000000000E+000
    735700   0.9336797584E+003   0.0000000000E+000
    735800   0.9235853919E+003   0.0000000000E+000
    735900   0.9272112995E+003   0.0000000000E+000
    736000   0.9348379579E+003   0.0000000000E+000
    736100   0.9250568231E+003   0.0000000000E+000
    736200   0.9181617027E+003   0.0000000000E+000
    736300   0.9207424673E+003   0.0000000000E+000
    736400   0.9186962090E+003   0.0000000000E+000
    736500   0.9200922309E+003   0.0000000000E+000
    736600   0.9239421034E+003   0.0000000000E+000
    736700   0.9198731758E+003   0.0000000000E+000
    736800   0.9313364472E+003   0.0000000000E+000
    736900   0.9236975029E+003   0.0000000000E+000
    737000   0.9257793720E+003   0.0000000000E+000
    737100   0.9247475100E+003   0.0000000000E+000
    737200   0.9327058353E+003   0.0000000000E+000
    737300   0.9292446027E+003   0.0000000000E+000
    737400   0.9314576987E+003   0.0000000000E+000
    737500   0.9180700561E+003   0.0000000000E+000
    737600   0.9353612724E+003   0.0000000000E+000
    737700   0.9308652533E+003   0.0000000000E+000
    737800   0.9336185787E+003   0.0000000000E+000
    737900   0.9345604571E+003   0.0000000000E+000
    738000   0.9293993606E+003   0.0000000000E+000
    738100   0.9374128509E+003   0.0000000000E+000
    738200   0.9197399873E+003   0.0000000000E+000
    738300   0.9360065580E+003   0.0000000000E+000
    738400   0.9296972618E+003   0.0000000000E+000
    738500   0.9241369113E+003   0.0000000000E+000
    738600   0.9253392692E+003   0.0000000000E+000
    738700   0.9279048431E+003   0.0000000000E+000
    738800   0.9140840572E+003   0.0000000000E+000
    738900   0.9252049936E+003   0.0000000000E+000
    739000   0.9263066360E+003   0.0000000000E+000
    739100   0.9276425321E+003   0.0000000000E+000
    739200   0.9196760865E+003   0.0000000000E+000
    739300   0.9352917809E+003   0.0000000000E+000
    739400   0.9244188030E+003   0.0000000000E+000
    739500   0.9200804112E+003   0.0000000000E+000
    739600   0.9245486387E+003   0.0000000000E+000
    739700   0.9275897770E+003   0.0000000000E+000
    739800   0.9205267584E+003   0.0000000000E+000
    739900   0.9332806143E+003   0.0000000000E+000
    740000   0.9286651234E+003   0.0000000000E+000
    740100   0.9251646455E+003   0.0000000000E+000
    740200   0.9306761839E+003   0.0000000000E+000
    740300   0.9299658801E+003   0.0000000000E+000
    740400   0.9298552455E+003   0.0000000000E+000
    740500   0.9292204127E+003   0.0000000000E+000
    740600   0.9284004393E+003   0.0000000000E+000
    740700   0.9276355506E+003   0.0000000000E+000
    740800   0.9269570098E+003   0.0000000000E+000
    740900   0.9248659555E+003   0.0000000000E+000
    741000   0.9333153084E+003   0.0000000000E+000
    741100   0.9280847506E+003   0.0000000000E+000
    741200   0.9285872401E+003   0.0000000000E+000
    741300   0.9348364031E+003   0.0000000000E+000
    741400   0.9328551974E+003   0.0000000000E+000
    741500   0.9317084438E+003   0.0000000000E+000
    741600   0.9315214423E+003   0.0000000000E+000
    741700   0.9325389846E+003   0.0000000000E+000
    741800   0.9198200436E+003   0.0000000000E+000
    741900   0.9267933897E+003   0.0000000000E+000
    742000   0.9259742565E+003   0.0000000000E+000
    742100   0.9288319947E+003   0.0000000000E+000
    742200   0.9156872591E+003   0.0000000000E+000
    742300   0.9212682805E+003   0.0000000000E+000
    742400   0.9240454088E+003   0.0000000000E+000
    742500   0.9180158495E+003   0.0000000000E+000
    742600   0.9199577352E+003   0.0000000000E+000
    742700   0.9167333758E+003   0.0000000000E+000
    742800   0.9177231126E+003   0.0000000000E+000
    742900   0.9253181114E+003   0.0000000000E+000
    743000   0.9295530772E+003   0.0000000000E+000
    743100   0.9211349120E+003   0.0000000000E+000
    743200   0.9199567118E+003   0.0000000000E+000
    743300   0.9370361002E+003   0.0000000000E+000
    743400   0.9320043758E+003   0.0000000000E+000
    743500   0.9218529603E+003   0.0000000000E+000
    743600   0.9312683503E+003   0.0000000000E+000
    743700   0.9268057694E+003   0.0000000000E+000
    743800   0.9234380835E+003   0.0000000000E+000
    743900   0.9202246403E+003   0.0000000000E+000
    744000   0.9267588488E+003   0.0000000000E+000
    744100   0.9216426015E+003   0.0000000000E+000
    744200   0.9235744075E+003   0.0000000000E+000
    744300   0.9205627218E+003   0.0000000000E+000
    744400   0.9227308038E+003   0.0000000000E+000
    744500   0.9268998006E+003   0.0000000000E+000
    744600   0.9330238871E+003   0.0000000000E+000
    744700   0.9269522573E+003   0.0000000000E+000
    744800   0.9197744918E+003   0.0000000000E+000
    744900   0.9236402590E+003   0.0000000000E+000
    745000   0.9182049135E+003   0.0000000000E+000
    745100   0.9314612358E+003   0.0000000000E+000
    745200   0.9241706338E+003   0.0000000000E+000
    745300   0.9205896309E+003   0.0000000000E+000
    745400   0.9298111450E+003   0.0000000000E+000
    745500   0.9315633445E+003   0.0000000000E+000
    745600   0.9184734781E+003   0.0000000000E+000
    745700   0.9335789112E+003   0.0000000000E+000
    745800   0.9299279565E+003   0.0000000000E+000
    745900   0.9277745446E+003   0.0000000000E+000
    746000   0.9213200690E+003   0.0000000000E+000
    746100   0.9148174574E+003   0.0000000000E+000
    746200   0.9247235093E+003   0.0000000000E+000
    746300   0.9235085190E+003   0.0000000000E+000
    746400   0.9265061524E+003   0.0000000000E+000
    746500   0.9390444348E+003   0.0000000000E+000
    746600   0.9250068989E+003   0.0000000000E+000
    746700   0.9376722084E+003   0.0000000000E+000
    746800   0.9227796442E+003   0.0000000000E+000
    746900   0.9271246524E+003   0.0000000000E+000
    747000   0.9300635117E+003   0.0000000000E+000
    747100   0.9247756620E+003   0.0000000000E+000
    747200   0.9277563588E+003   0.0000000000E+000
    747300   0.9248090471E+003   0.0000000000E+000
    747400   0.9247128075E+003   0.0000000000E+000
    747500   0.9258907865E+003   0.0000000000E+000
    747600   0.9160530626E+003   0.0000000000E+000
    747700   0.9246932608E+003   0.0000000000E+000
    747800   0.9286896406E+003   0.0000000000E+000
    747900   0.9266966939E+003   0.0000000000E+000
    748000   0.9316564985E+003   0.0000000000E+000
    748100   0.9346699041E+003   0.0000000000E+000
    748200   0.9310541771E+003   0.0000000000E+000
    748300   0.9264034086E+003   0.0000000000E+000
    748400   0.9348268958E+003   0.0000000000E+000
    748500   0.9319005135E+003   0.0000000000E+000
    748600   0.9311832752E+003   0.0000000000E+000
    748700   0.9247874228E+003   0.0000000000E+000
    748800   0.9267732499E+003   0.0000000000E+000
    748900   0.9184337918E+003   0.0000000000E+000
    749000   0.9343742966E+003   0.0000000000E+000
    749100   0.9299567116E+003   0.0000000000E+000
    749200   0.9206462133E+003   0.0000000000E+000
    749300   0.9281845625E+003   0.0000000000E+000
    749400   0.9318617991E+003   0.0000000000E+000
    749500   0.9371611862E+003   0.0000000000E+000
    749600   0.9342544501E+003   0.0000000000E+000
    749700   0.9369190407E+003   0.0000000000E+000
    749800   0.9260425219E+003   0.0000000000E+000
    749900   0.9319538808E+003   0.0000000000E+000
    750000   0.9222405995E+003   0.0000000000E+000
    750100   0.9326605228E+003   0.0000000000E+000
    750200   0.9288978658E+003   0.0000000000E+000
    750300   0.9323627605E+003   0.0000000000E+000
    750400   0.9304022657E+003   0.0000000000E+000
    750500   0.9310543360E+003   0.0000000000E+000
    750600   0.9255468612E+003   0.0000000000E+000
    750700   0.9187877927E+003   0.0000000000E+000
    750800   0.9231156945E+003   0.0000000000E+000
    750900   0.9303894505E+003   0.0000000000E+000
    751000   0.9316444478E+003   0.0000000000E+000
    751100   0.9190607216E+003   0.0000000000E+000
    751200   0.9198735744E+003   0.0000000000E+000
    751300   0.9187344596E+003   0.0000000000E+000
    751400   0.9289451421E+003   0.0000000000E+000
    751500   0.9265065654E+003   0.0000000000E+000
    751600   0.9325228099E+003   0.0000000000E+000
    751700   0.9376666308E+003   0.0000000000E+000
    751800   0.9274499711E+003   0.0000000000E+000
    751900   0.9303959750E+003   0.0000000000E+000
    752000   0.9281085769E+003   0.0000000000E+000
    752100   0.9325803371E+003   0.0000000000E+000
    752200   0.9303808394E+003   0.0000000000E+000
    752300   0.9324980783E+003   0.0000000000E+000
    752400   0.9338164099E+003   0.0000000000E+000
    752500   0.9223298501E+003   0.0000000000E+000
    752600   0.9311549159E+003   0.0000000000E+000
    752700   0.9270209891E+003   0.0000000000E+000
    752800   0.9342056380E+003   0.0000000000E+000
    752900   0.9228898028E+003   0.0000000000E+000
    753000   0.9298804437E+003   0.0000000000E+000
    753100   0.9353540395E+003   0.0000000000E+000
    753200   0.9177911999E+003   0.0000000000E+000
    753300   0.9266809340E+003   0.0000000000E+000
    753400   0.9223119836E+003   0.0000000000E+000
    753500   0.9247460304E+003   0.0000000000E+000
    753600   0.9282663359E+003   0.0000000000E+000
    753700   0.9315329887E+003   0.0000000000E+000
    753800   0.9268158535E+003   0.0000000000E+000
    753900   0.9245646128E+003   0.0000000000E+000
    754000   0.9337774291E+003   0.0000000000E+000
    754100   0.9148494105E+003   0.0000000000E+000
    754200   0.9205306239E+003   0.0000000000E+000
    754300   0.9237062062E+003   0.0000000000E+000
    754400   0.9323752683E+003   0.0000000000E+000
    754500   0.9274245521E+003   0.0000000000E+000
    754600   0.9333143212E+003   0.0000000000E+000
    754700   0.9243192978E+003   0.0000000000E+000
    754800   0.9267468435E+003   0.0000000000E+000
    754900   0.9245293339E+003   0.0000000000E+000
    755000   0.9248804412E+003   0.0000000000E+000
    755100   0.9228815069E+003   0.0000000000E+000
    755200   0.9315023548E+003   0.0000000000E+000
    755300   0.9217083964E+003   0.0000000000E+000
    755400   0.9284430301E+003   0.0000000000E+000
    755500   0.9382829047E+003   0.0000000000E+000
    755600   0.9374778000E+003   0.0000000000E+000
    755700   0.9288572454E+003   0.0000000000E+000
    755800   0.9333591508E+003   0.0000000000E+000
    755900   0.9200848528E+003   0.0000000000E+000
    756000   0.9307403317E+003   0.0000000000E+000
    756100   0.9249857449E+003   0.0000000000E+000
    756200   0.9360037838E+003   0.0000000000E+000
    756300   0.9175769785E+003   0.0000000000E+000
    756400   0.9332254864E+003   0.0000000000E+000
    756500   0.9297415309E+003   0.0000000000E+000
    756600   0.9218246158E+003   0.0000000000E+000
    756700   0.9349326425E+003   0.0000000000E+000
    756800   0.9231936467E+003   0.0000000000E+000
    756900   0.9228360629E+003   0.0000000000E+000
    757000   0.9353300921E+003   0.0000000000E+000
    757100   0.9288699031E+003   0.0000000000E+000
    757200   0.9371296253E+003   0.0000000000E+000
    757300   0.9373121803E+003   0.0000000000E+000
    757400   0.9339457902E+003   0.0000000000E+000
    757500   0.9318337131E+003   0.0000000000E+000
    757600   0.9340911170E+003   0.0000000000E+000
    757700   0.9310647911E+003   0.0000000000E+000
    757800   0.9314524194E+003   0.0000000000E+000
    757900   0.9304411442E+003   0.0000000000E+000
    758000   0.9300738092E+003   0.0000000000E+000
    758100   0.9209243281E+003   0.0000000000E+000
    758200   0.9236599106E+003   0.0000000000E+000
    758300   0.9271000649E+003   0.0000000000E+000
    758400   0.9310832907E+003   0.0000000000E+000
    758500   0.9276380235E+003   0.0000000000E+000
    758600   0.9298007932E+003   0.0000000000E+000
    758700   0.9235022093E+003   0.0000000000E+000
    758800   0.9260093556E+003   0.0000000000E+000
    758900   0.9264200139E+003   0.0000000000E+000
    759000   0.9305140798E+003   0.0000000000E+000
    759100   0.9251957173E+003   0.0000000000E+000
    759200   0.9295790824E+003   0.0000000000E+000
    759300   0.9267512679E+003   0.0000000000E+000
    759400   0.9246692708E+003   0.0000000000E+000
    759500   0.9255942019E+003   0.0000000000E+000
    759600   0.9250547376E+003   0.0000000000E+000
    759700   0.9262562709E+003   0.0000000000E+000
    759800   0.9370916925E+003   0.0000000000E+000
    759900   0.9322215471E+003   0.0000000000E+000
    760000   0.9285968075E+003   0.0000000000E+000
    760100   0.9245897038E+003   0.0000000000E+000
    760200   0.9288221854E+003   0.0000000000E+000
    760300   0.9285141771E+003   0.0000000000E+000
    760400   0.9387657391E+003   0.0000000000E+000
    760500   0.9195611307E+003   0.0000000000E+000
    760600   0.9236009435E+003   0.0000000000E+000
    760700   0.9225355566E+003   0.0000000000E+000
    760800   0.9203827358E+003   0.0000000000E+000
    760900   0.9229513901E+003   0.0000000000E+000
    761000   0.9250863264E+003   0.0000000000E+000
    761100   0.9206629446E+003   0.0000000000E+000
    761200   0.9329108114E+003   0.0000000000E+000
    761300   0.9246422247E+003   0.0000000000E+000
    761400   0.9341366916E+003   0.0000000000E+000
    761500   0.9295741069E+003   0.0000000000E+000
    761600   0.9300142884E+003   0.0000000000E+000
    761700   0.9248602577E+003   0.0000000000E+000
    761800   0.9301719183E+003   0.0000000000E+000
    761900   0.9263685403E+003   0.0000000000E+000
    762000   0.9211852204E+003   0.0000000000E+000
    762100   0.9330137060E+003   0.0000000000E+000
    762200   0.9337285788E+003   0.0000000000E+000
    762300   0.9249808562E+003   0.0000000000E+000
    762400   0.9276213824E+003   0.0000000000E+000
    762500   0.9158548167E+003   0.0000000000E+000
    762600   0.9203646489E+003   0.0000000000E+000
    762700   0.9234696881E+003   0.0000000000E+000
    762800   0.9228513220E+003   0.0000000000E+000
    762900   0.9218417781E+003   0.0000000000E+000
    763000   0.9229686705E+003   0.0000000000E+000
    763100   0.9148633076E+003   0.0000000000E+000
    763200   0.9222804707E+003   0.0000000000E+000
    763300   0.9210382222E+003   0.0000000000E+000
    763400   0.9297384856E+003   0.0000000000E+000
    763500   0.9217301352E+003   0.0000000000E+000
    763600   0.9284881286E+003   0.0000000000E+000
    763700   0.9295108887E+003   0.0000000000E+000
    763800   0.9188815110E+003   0.0000000000E+000
    763900   0.9271520139E+003   0.0000000000E+000
    764000   0.9301809805E+003   0.0000000000E+000
    764100   0.9308671757E+003   0.0000000000E+000
    764200   0.9308189628E+003   0.0000000000E+000
    764300   0.9201433621E+003   0.0000000000E+000
    764400   0.9177664195E+003   0.0000000000E+000
    764500   0.9245196279E+003   0.0000000000E+000
    764600   0.9214914721E+003   0.0000000000E+000
    764700   0.9299210203E+003   0.0000000000E+000
    764800   0.9274218630E+003   0.0000000000E+000
    764900   0.9232386730E+003   0.0000000000E+000
    765000   0.9356903502E+003   0.0000000000E+000
    765100   0.9261739710E+003   0.0000000000E+000
    765200   0.9299072943E+003   0.0000000000E+000
    765300   0.9248431708E+003   0.0000000000E+000
    765400   0.9153970703E+003   0.0000000000E+000
    765500   0.9243663226E+003   0.0000000000E+000
    765600   0.9278621830E+003   0.0000000000E+000
    765700   0.9336981599E+003   0.0000000000E+000
    765800   0.9199741785E+003   0.0000000000E+000
    765900   0.9330127441E+003   0.0000000000E+000
    766000   0.9257834845E+003   0.0000000000E+000
    766100   0.9264990941E+003   0.0000000000E+000
    766200   0.9202677399E+003   0.0000000000E+000
    766300   0.9293674367E+003   0.0000000000E+000
    766400   0.9322796417E+003   0.0000000000E+000
    766500   0.9285742697E+003   0.0000000000E+000
    766600   0.9298425568E+003   0.0000000000E+000
    766700   0.9229680476E+003   0.0000000000E+000
    766800   0.9279005024E+003   0.0000000000E+000
    766900   0.9259356885E+003   0.0000000000E+000
    767000   0.9239249601E+003   0.0000000000E+000
    767100   0.9245373245E+003   0.0000000000E+000
    767200   0.9166901527E+003   0.0000000000E+000
    767300   0.9254050351E+003   0.0000000000E+000
    767400   0.9256885950E+003   0.0000000000E+000
    767500   0.9146757886E+003   0.0000000000E+000
    767600   0.9230801485E+003   0.0000000000E+000
    767700   0.9178971251E+003   0.0000000000E+000
    767800   0.9241640396E+003   0.0000000000E+000
    767900   0.9242051260E+003   0.0000000000E+000
    768000   0.9275237334E+003   0.0000000000E+000
    768100   0.9323978248E+003   0.0000000000E+000
    768200   0.9219930926E+003   0.0000000000E+000
    768300   0.9258113182E+003   0.0000000000E+000
    768400   0.9233247896E+003   0.0000000000E+000
    768500   0.9225659537E+003   0.0000000000E+000
    768600   0.9275375368E+003   0.0000000000E+000
    768700   0.9271020575E+003   0.0000000000E+000
    768800   0.9240998105E+003   0.0000000000E+000
    768900   0.9334627748E+003   0.0000000000E+000
    769000   0.9237602608E+003   0.0000000000E+000
    769100   0.9283333452E+003   0.0000000000E+000
    769200   0.9400832358E+003   0.0000000000E+000
    769300   0.9266267336E+003   0.0000000000E+000
    769400   0.9226258389E+003   0.0000000000E+000
    769500   0.9309889001E+003   0.0000000000E+000
    769600   0.9199424165E+003   0.0000000000E+000
    769700   0.9127054579E+003   0.0000000000E+000
    769800   0.9209185053E+003   0.0000000000E+000
    769900   0.9253640201E+003   0.0000000000E+000
    770000   0.9200009833E+003   0.0000000000E+000
    770100   0.9177513676E+003   0.0000000000E+000
    770200   0.9238802000E+003   0.0000000000E+000
    770300   0.9201668312E+003   0.0000000000E+000
    770400   0.9277961575E+003   0.0000000000E+000
    770500   0.9348383592E+003   0.0000000000E+000
    770600   0.9269319983E+003   0.0000000000E+000
    770700   0.9253701871E+003   0.0000000000E+000
    770800   0.9252674140E+003   0.0000000000E+000
    770900   0.9189792067E+003   0.0000000000E+000
    771000   0.9299019841E+003   0.0000000000E+000
    771100   0.9233962206E+003   0.0000000000E+000
    771200   0.9219996016E+003   0.0000000000E+000
    771300   0.9250606241E+003   0.0000000000E+000
    771400   0.9244404474E+003   0.0000000000E+000
    771500   0.9240137745E+003   0.0000000000E+000
    771600   0.9249122564E+003   0.0000000000E+000
    771700   0.9211911325E+003   0.0000000000E+000
    771800   0.9302916343E+003   0.0000000000E+000
    771900   0.9292897880E+003   0.0000000000E+000
    772000   0.9234896055E+003   0.0000000000E+000
    772100   0.9255224174E+003   0.0000000000E+000
    772200   0.9261194869E+003   0.0000000000E+000
    772300   0.9207491018E+003   0.0000000000E+000
    772400   0.9295012333E+003   0.0000000000E+000
    772500   0.9311119493E+003   0.0000000000E+000
    772600   0.9172917093E+003   0.0000000000E+000
    772700   0.9335379723E+003   0.0000000000E+000
    772800   0.9280443661E+003   0.0000000000E+000
    772900   0.9166878402E+003   0.0000000000E+000
    773000   0.9267550277E+003   0.0000000000E+000
    773100   0.9232049743E+003   0.0000000000E+000
    773200   0.9288477206E+003   0.0000000000E+000
    773300   0.9125086201E+003   0.0000000000E+000
    773400   0.9244528027E+003   0.0000000000E+000
    773500   0.9211985248E+003   0.0000000000E+000
    773600   0.9201289038E+003   0.0000000000E+000
    773700   0.9255658447E+003   0.0000000000E+000
    773800   0.9264382824E+003   0.0000000000E+000
    773900   0.9257034724E+003   0.0000000000E+000
    774000   0.9266244902E+003   0.0000000000E+000
    774100   0.9358590040E+003   0.0000000000E+000
    774200   0.9306475034E+003   0.0000000000E+000
    774300   0.9378738379E+003   0.0000000000E+000
    774400   0.9244440972E+003   0.0000000000E+000
    774500   0.9263552223E+003   0.0000000000E+000
    774600   0.9183810330E+003   0.0000000000E+000
    774700   0.9303203298E+003   0.0000000000E+000
    774800   0.9176065970E+003   0.0000000000E+000
    774900   0.9205406865E+003   0.0000000000E+000
    775000   0.9192695806E+003   0.0000000000E+000
    775100   0.9245595219E+003   0.0000000000E+000
    775200   0.9187902296E+003   0.0000000000E+000
    775300   0.9254291547E+003   0.0000000000E+000
    775400   0.9332832416E+003   0.0000000000E+000
    775500   0.9219918439E+003   0.0000000000E+000
    775600   0.9320886885E+003   0.0000000000E+000
    775700   0.9279600566E+003   0.0000000000E+000
    775800   0.9339263137E+003   0.0000000000E+000
    775900   0.9263154431E+003   0.0000000000E+000
    776000   0.9241417754E+003   0.0000000000E+000
    776100   0.9294990455E+003   0.0000000000E+000
    776200   0.9250993081E+003   0.0000000000E+000
    776300   0.9359313303E+003   0.0000000000E+000
    776400   0.9202282553E+003   0.0000000000E+000
    776500   0.9329046886E+003   0.0000000000E+000
    776600   0.9265647937E+003   0.0000000000E+000
    776700   0.9226196301E+003   0.0000000000E+000
    776800   0.9313867566E+003   0.0000000000E+000
    776900   0.9293024318E+003   0.0000000000E+000
    777000   0.9231032342E+003   0.0000000000E+000
    777100   0.9250447351E+003   0.0000000000E+000
    777200   0.9269433895E+003   0.0000000000E+000
    777300   0.9198458405E+003   0.0000000000E+000
    777400   0.9289292418E+003   0.0000000000E+000
    777500   0.9250657715E+003   0.0000000000E+000
    777600   0.9178441669E+003   0.0000000000E+000
    777700   0.9261895030E+003   0.0000000000E+000
    777800   0.9335577559E+003   0.0000000000E+000
    777900   0.9377759129E+003   0.0000000000E+000
    778000   0.9288064104E+003   0.0000000000E+000
    778100   0.9343146043E+003   0.0000000000E+000
    778200   0.9327938666E+003   0.0000000000E+000
    778300   0.9236259064E+003   0.0000000000E+000
    778400   0.9356892209E+003   0.0000000000E+000
    778500   0.9376471164E+003   0.0000000000E+000
    778600   0.9338241783E+003   0.0000000000E+000
    778700   0.9327804874E+003   0.0000000000E+000
    778800   0.9302202761E+003   0.0000000000E+000
    778900   0.9146895361E+003   0.0000000000E+000
    779000   0.9285174647E+003   0.0000000000E+000
    779100   0.9301178278E+003   0.0000000000E+000
    779200   0.9285851138E+003   0.0000000000E+000
    779300   0.9267638190E+003   0.0000000000E+000
    779400   0.9246417692E+003   0.0000000000E+000
    779500   0.9224652570E+003   0.0000000000E+000
    779600   0.9308342567E+003   0.0000000000E+000
    779700   0.9246870592E+003   0.0000000000E+000
    779800   0.9263469832E+003   0.0000000000E+000
    779900   0.9292595615E+003   0.0000000000E+000
    780000   0.9238872979E+003   0.0000000000E+000
    780100   0.9184443284E+003   0.0000000000E+000
    780200   0.9189609817E+003   0.0000000000E+000
    780300   0.9252308753E+003   0.0000000000E+000
    780400   0.9303389271E+003   0.0000000000E+000
    780500   0.9283361356E+003   0.0000000000E+000
    780600   0.9199077853E+003   0.0000000000E+000
    780700   0.9420837186E+003   0.0000000000E+000
    780800   0.9252045785E+003   0.0000000000E+000
    780900   0.9180417881E+003   0.0000000000E+000
    781000   0.9187102594E+003   0.0000000000E+000
    781100   0.9260697365E+003   0.0000000000E+000
    781200   0.9150010175E+003   0.0000000000E+000
    781300   0.9240659495E+003   0.0000000000E+000
    781400   0.9198084455E+003   0.0000000000E+000
    781500   0.9283697839E+003   0.0000000000E+000
    781600   0.9247800006E+003   0.0000000000E+000
    781700   0.9261358736E+003   0.0000000000E+000
    781800   0.9296430775E+003   0.0000000000E+000
    781900   0.9303934048E+003   0.0000000000E+000
    782000   0.9315670201E+003   0.0000000000E+000
    782100   0.9308625354E+003   0.0000000000E+000
    782200   0.9266114964E+003   0.0000000000E+000
    782300   0.9256310979E+003   0.0000000000E+000
    782400   0.9259888235E+003   0.0000000000E+000
    782500   0.9180057634E+003   0.0000000000E+000
    782600   0.9204138011E+003   0.0000000000E+000
    782700   0.9215600477E+003   0.0000000000E+000
    782800   0.9310357926E+003   0.0000000000E+000
    782900   0.9208812893E+003   0.0000000000E+000
    783000   0.9323992813E+003   0.0000000000E+000
    783100   0.9340690247E+003   0.0000000000E+000
    783200   0.9226605820E+003   0.0000000000E+000
    783300   0.9269753394E+003   0.0000000000E+000
    783400   0.9291154448E+003   0.0000000000E+000
    783500   0.9336960582E+003   0.0000000000E+000
    783600   0.9362414704E+003   0.0000000000E+000
    783700   0.9321042980E+003   0.0000000000E+000
    783800   0.9199415015E+003   0.0000000000E+000
    783900   0.9278950160E+003   0.0000000000E+000
    784000   0.9319048390E+003   0.0000000000E+000
    784100   0.9196099282E+003   0.0000000000E+000
    784200   0.9278078394E+003   0.0000000000E+000
    784300   0.9313049684E+003   0.0000000000E+000
    784400   0.9202160195E+003   0.0000000000E+000
    784500   0.9323779622E+003   0.0000000000E+000
    784600   0.9294411783E+003   0.0000000000E+000
    784700   0.9273921241E+003   0.0000000000E+000
    784800   0.9278800726E+003   0.0000000000E+000
    784900   0.9274411088E+003   0.0000000000E+000
    785000   0.9375942735E+003   0.0000000000E+000
    785100   0.9198192474E+003   0.0000000000E+000
    785200   0.9249062148E+003   0.0000000000E+000
    785300   0.9278438438E+003   0.0000000000E+000
    785400   0.9315078675E+003   0.0000000000E+000
    785500   0.9294103698E+003   0.0000000000E+000
    785600   0.9234183967E+003   0.0000000000E+000
    785700   0.9300619313E+003   0.0000000000E+000
    785800   0.9372406322E+003   0.0000000000E+000
    785900   0.9266701997E+003   0.0000000000E+000
    786000   0.9307666287E+003   0.0000000000E+000
    786100   0.9266349717E+003   0.0000000000E+000
    786200   0.9277410914E+003   0.0000000000E+000
    786300   0.9267257703E+003   0.0000000000E+000
    786400   0.9275244163E+003   0.0000000000E+000
    786500   0.9347206067E+003   0.0000000000E+000
    786600   0.9297139255E+003   0.0000000000E+000
    786700   0.9288952591E+003   0.0000000000E+000
    786800   0.9247841269E+003   0.0000000000E+000
    786900   0.9251225714E+003   0.0000000000E+000
    787000   0.9340491088E+003   0.0000000000E+000
    787100   0.9184418946E+003   0.0000000000E+000
    787200   0.9299751449E+003   0.0000000000E+000
    787300   0.9233369108E+003   0.0000000000E+000
    787400   0.9310042777E+003   0.0000000000E+000
    787500   0.9262530479E+003   0.0000000000E+000
    787600   0.9235894248E+003   0.0000000000E+000
    787700   0.9133028268E+003   0.0000000000E+000
    787800   0.9156115619E+003   0.0000000000E+000
    787900   0.9333411508E+003   0.0000000000E+000
    788000   0.9308306798E+003   0.0000000000E+000
    788100   0.9241662295E+003   0.0000000000E+000
    788200   0.9244763233E+003   0.0000000000E+000
    788300   0.9244020086E+003   0.0000000000E+000
    788400   0.9190108300E+003   0.0000000000E+000
    788500   0.9262389246E+003   0.0000000000E+000
    788600   0.9173412123E+003   0.0000000000E+000
    788700   0.9187732126E+003   0.0000000000E+000
    788800   0.9312116415E+003   0.0000000000E+000
    788900   0.9295041464E+003   0.3523189475E+000
    789000   0.9300904247E+003   0.3522853636E+000
    789100   0.9249446066E+003   0.3525818064E+000
    789200   0.9172925879E+003   0.3530297223E+000
    789300   0.9266816601E+003   0.3524813134E+000
    789400   0.9265861206E+003   0.3524868293E+000
    789500   0.9258581517E+003   0.3525289013E+000
    789600   0.9353291926E+003   0.0000000000E+000
    789700   0.9234826380E+003   0.3526667227E+000
    789800   0.9258030602E+003   0.0000000000E+000
    789900   0.9301868772E+003   0.0000000000E+000
    790000   0.9199208770E+003   0.0000000000E+000
    790100   0.9261967836E+003   0.0000000000E+000
    790200   0.9184145886E+003   0.0000000000E+000
    790300   0.9280424787E+003   0.0000000000E+000
    790400   0.9257452120E+003   0.0000000000E+000
    790500   0.9238459091E+003   0.0000000000E+000
    790600   0.9343796401E+003   0.0000000000E+000
    790700   0.9277925312E+003   0.0000000000E+000
    790800   0.9137827047E+003   0.0000000000E+000
    790900   0.9193676087E+003   0.0000000000E+000
    791000   0.9360055211E+003   0.0000000000E+000
    791100   0.9277238433E+003   0.0000000000E+000
    791200   0.9258801575E+003   0.0000000000E+000
    791300   0.9139078765E+003   0.0000000000E+000
    791400   0.9169849248E+003   0.0000000000E+000
    791500   0.9188425124E+003   0.0000000000E+000
    791600   0.9271058451E+003   0.0000000000E+000
    791700   0.9169348201E+003   0.0000000000E+000
    791800   0.9197688861E+003   0.0000000000E+000
    791900   0.9225994460E+003   0.0000000000E+000
    792000   0.9206736271E+003   0.0000000000E+000
    792100   0.9180870891E+003   0.0000000000E+000
    792200   0.9289734954E+003   0.0000000000E+000
    792300   0.9288214705E+003   0.0000000000E+000
    792400   0.9324522916E+003   0.0000000000E+000
    792500   0.9224593600E+003   0.0000000000E+000
    792600   0.9357231855E+003   0.0000000000E+000
    792700   0.9260600344E+003   0.0000000000E+000
    792800   0.9181663926E+003   0.0000000000E+000
    792900   0.9241868236E+003   0.0000000000E+000
    793000   0.9280717968E+003   0.0000000000E+000
    793100   0.9128747431E+003   0.0000000000E+000
    793200   0.9273293453E+003   0.0000000000E+000
    793300   0.9272190416E+003   0.0000000000E+000
    793400   0.9168637443E+003   0.0000000000E+000
    793500   0.9150748605E+003   0.0000000000E+000
    793600   0.9161717346E+003   0.0000000000E+000
    793700   0.9210984429E+003   0.0000000000E+000
    793800   0.9247666517E+003   0.0000000000E+000
    793900   0.9221657757E+003   0.0000000000E+000
    794000   0.9228676827E+003   0.0000000000E+000
    794100   0.9219492586E+003   0.0000000000E+000
    794200   0.9305590071E+003   0.0000000000E+000
    794300   0.9264911075E+003   0.0000000000E+000
    794400   0.9265371268E+003   0.0000000000E+000
    794500   0.9302058771E+003   0.0000000000E+000
    794600   0.9249385836E+003   0.0000000000E+000
    794700   0.9282003480E+003   0.0000000000E+000
    794800   0.9279151766E+003   0.0000000000E+000
    794900   0.9224561331E+003   0.0000000000E+000
    795000   0.9283345541E+003   0.0000000000E+000
    795100   0.9188831000E+003   0.0000000000E+000
    795200   0.9199570890E+003   0.0000000000E+000
    795300   0.9258854406E+003   0.0000000000E+000
    795400   0.9245510956E+003   0.0000000000E+000
    795500   0.9263333451E+003   0.0000000000E+000
    795600   0.9272027601E+003   0.0000000000E+000
    795700   0.9300264384E+003   0.0000000000E+000
    795800   0.9248288245E+003   0.0000000000E+000
    795900   0.9296650196E+003   0.0000000000E+000
    796000   0.9251315508E+003   0.0000000000E+000
    796100   0.9285863541E+003   0.0000000000E+000
    796200   0.9208287056E+003   0.0000000000E+000
    796300   0.9271897665E+003   0.0000000000E+000
    796400   0.9255159959E+003   0.0000000000E+000
    796500   0.9191309347E+003   0.0000000000E+000
    796600   0.9287517089E+003   0.0000000000E+000
    796700   0.9204703728E+003   0.0000000000E+000
    796800   0.9287688713E+003   0.0000000000E+000
    796900   0.9300322648E+003   0.0000000000E+000
    797000   0.9301826177E+003   0.0000000000E+000
    797100   0.9273656682E+003   0.0000000000E+000
    797200   0.9306652422E+003   0.0000000000E+000
    797300   0.9376349906E+003   0.0000000000E+000
    797400   0.9190469582E+003   0.0000000000E+000
    797500   0.9351763581E+003   0.0000000000E+000
    797600   0.9288823428E+003   0.0000000000E+000
    797700   0.9309386122E+003   0.0000000000E+000
    797800   0.9371680338E+003   0.0000000000E+000
    797900   0.9259339174E+003   0.0000000000E+000
    798000   0.9275917973E+003   0.0000000000E+000
    798100   0.9292935792E+003   0.0000000000E+000
    798200   0.9175897152E+003   0.0000000000E+000
    798300   0.9289780766E+003   0.0000000000E+000
    798400   0.9246076492E+003   0.0000000000E+000
    798500   0.9136856984E+003   0.0000000000E+000
    798600   0.9240731119E+003   0.0000000000E+000
    798700   0.9267547089E+003   0.0000000000E+000
    798800   0.9264783871E+003   0.0000000000E+000
    798900   0.9333608839E+003   0.0000000000E+000
    799000   0.9161407033E+003   0.0000000000E+000
    799100   0.9095323633E+003   0.0000000000E+000
    799200   0.9293987394E+003   0.0000000000E+000
    799300   0.9171336279E+003   0.0000000000E+000
    799400   0.9200586965E+003   0.0000000000E+000
    799500   0.9198473134E+003   0.0000000000E+000
    799600   0.9257797742E+003   0.0000000000E+000
    799700   0.9263466009E+003   0.0000000000E+000
    799800   0.9225853207E+003   0.0000000000E+000
    799900   0.9303980607E+003   0.0000000000E+000
    800000   0.9317281236E+003   0.0000000000E+000
    800100   0.9269645790E+003   0.0000000000E+000
    800200   0.9281563805E+003   0.0000000000E+000
    800300   0.9266771808E+003   0.0000000000E+000
    800400   0.9145639132E+003   0.0000000000E+000
    800500   0.9296615615E+003   0.0000000000E+000
    800600   0.9313239674E+003   0.0000000000E+000
    800700   0.9191206854E+003   0.0000000000E+000
    800800   0.9264091039E+003   0.0000000000E+000
    800900   0.9270789450E+003   0.0000000000E+000
    801000   0.9369264947E+003   0.0000000000E+000
    801100   0.9268921716E+003   0.0000000000E+000
    801200   0.9237181920E+003   0.0000000000E+000
    801300   0.9270074176E+003   0.0000000000E+000
    801400   0.9209306118E+003   0.0000000000E+000
    801500   0.9244168440E+003   0.0000000000E+000
    801600   0.9297689203E+003   0.0000000000E+000
    801700   0.9272728183E+003   0.0000000000E+000
    801800   0.9228777077E+003   0.0000000000E+000
    801900   0.9253023236E+003   0.0000000000E+000
    802000   0.9200271347E+003   0.0000000000E+000
    802100   0.9274504353E+003   0.0000000000E+000
    802200   0.9339415697E+003   0.0000000000E+000
    802300   0.9277353129E+003   0.0000000000E+000
    802400   0.9273549006E+003   0.0000000000E+000
    802500   0.9210029838E+003   0.0000000000E+000
    802600   0.9205243147E+003   0.0000000000E+000
    802700   0.9273413456E+003   0.0000000000E+000
    802800   0.9303524072E+003   0.0000000000E+000
    802900   0.9385779593E+003   0.0000000000E+000
    803000   0.9264505554E+003   0.0000000000E+000
    803100   0.9247128401E+003   0.0000000000E+000
    803200   0.9310565769E+003   0.0000000000E+000
    803300   0.9228570869E+003   0.0000000000E+000
    803400   0.9281878106E+003   0.0000000000E+000
    803500   0.9288975774E+003   0.0000000000E+000
    803600   0.9347325255E+003   0.0000000000E+000
    803700   0.9298123549E+003   0.0000000000E+000
    803800   0.9330275286E+003   0.0000000000E+000
    803900   0.9215710665E+003   0.0000000000E+000
    804000   0.9268386547E+003   0.0000000000E+000
    804100   0.9259759694E+003   0.0000000000E+000
    804200   0.9232353660E+003   0.0000000000E+000
    804300   0.9237402531E+003   0.0000000000E+000
    804400   0.9268223752E+003   0.0000000000E+000
    804500   0.9232636133E+003   0.0000000000E+000
    804600   0.9182086311E+003   0.0000000000E+000
    804700   0.9210913944E+003   0.0000000000E+000
    804800   0.9337757608E+003   0.0000000000E+000
    804900   0.9358643418E+003   0.0000000000E+000
    805000   0.9274337534E+003   0.0000000000E+000
    805100   0.9240779421E+003   0.0000000000E+000
    805200   0.9322960742E+003   0.0000000000E+000
    805300   0.9276681119E+003   0.0000000000E+000
    805400   0.9321040640E+003   0.0000000000E+000
    805500   0.9273093714E+003   0.0000000000E+000
    805600   0.9197076791E+003   0.0000000000E+000
    805700   0.9226057031E+003   0.0000000000E+000
    805800   0.9235266474E+003   0.0000000000E+000
    805900   0.9234792869E+003   0.0000000000E+000
    806000   0.9223989173E+003   0.0000000000E+000
    806100   0.9267424255E+003   0.0000000000E+000
    806200   0.9260791654E+003   0.0000000000E+000
    806300   0.9236923735E+003   0.0000000000E+000
    806400   0.9317563277E+003   0.0000000000E+000
    806500   0.9225934000E+003   0.0000000000E+000
    806600   0.9237852055E+003   0.0000000000E+000
    806700   0.9318382208E+003   0.0000000000E+000
    806800   0.9211390464E+003   0.0000000000E+000
    806900   0.9329910534E+003   0.0000000000E+000
    807000   0.9297610466E+003   0.0000000000E+000
    807100   0.9234865539E+003   0.0000000000E+000
    807200   0.9181176848E+003   0.0000000000E+000
    807300   0.9221059113E+003   0.0000000000E+000
    807400   0.9263804113E+003   0.0000000000E+000
    807500   0.9204152927E+003   0.0000000000E+000
    807600   0.9279698013E+003   0.0000000000E+000
    807700   0.9383525586E+003   0.0000000000E+000
    807800   0.9395782667E+003   0.0000000000E+000
    807900   0.9244057300E+003   0.0000000000E+000
    808000   0.9307122868E+003   0.0000000000E+000
    808100   0.9284698388E+003   0.0000000000E+000
    808200   0.9265934982E+003   0.0000000000E+000
    808300   0.9382651270E+003   0.0000000000E+000
    808400   0.9257735896E+003   0.0000000000E+000
    808500   0.9247270511E+003   0.0000000000E+000
    808600   0.9294498021E+003   0.0000000000E+000
    808700   0.9218129264E+003   0.0000000000E+000
    808800   0.9199392761E+003   0.0000000000E+000
    808900   0.9211264919E+003   0.0000000000E+000
    809000   0.9190996959E+003   0.0000000000E+000
    809100   0.9292764711E+003   0.0000000000E+000
    809200   0.9203712659E+003   0.0000000000E+000
    809300   0.9239897985E+003   0.0000000000E+000
    809400   0.9178820845E+003   0.0000000000E+000
    809500   0.9107662181E+003   0.0000000000E+000
    809600   0.9287640270E+003   0.0000000000E+000
    809700   0.9271331379E+003   0.0000000000E+000
    809800   0.9258355129E+003   0.0000000000E+000
    809900   0.9274275371E+003   0.0000000000E+000
    810000   0.9307703310E+003   0.0000000000E+000
    810100   0.9281828629E+003   0.0000000000E+000
    810200   0.9299733727E+003   0.0000000000E+000
    810300   0.9335589153E+003   0.0000000000E+000
    810400   0.9335168019E+003   0.0000000000E+000
    810500   0.9235871133E+003   0.0000000000E+000
    810600   0.9240848985E+003   0.0000000000E+000
    810700   0.9240344057E+003   0.0000000000E+000
    810800   0.9318794948E+003   0.0000000000E+000
    810900   0.9365922775E+003   0.0000000000E+000
    811000   0.9270954911E+003   0.0000000000E+000
    811100   0.9311968558E+003   0.0000000000E+000
    811200   0.9250484206E+003   0.0000000000E+000
    811300   0.9395319804E+003   0.0000000000E+000
    811400   0.9314641827E+003   0.0000000000E+000
    811500   0.9174113759E+003   0.0000000000E+000
    811600   0.9271137589E+003   0.0000000000E+000
    811700   0.9240228087E+003   0.0000000000E+000
    811800   0.9178592708E+003   0.0000000000E+000
    811900   0.9225275076E+003   0.0000000000E+000
    812000   0.9190452880E+003   0.0000000000E+000
    812100   0.9342767793E+003   0.0000000000E+000
    812200   0.9242521648E+003   0.0000000000E+000
    812300   0.9305037671E+003   0.0000000000E+000
    812400   0.9323414197E+003   0.0000000000E+000
    812500   0.9269333022E+003   0.0000000000E+000
    812600   0.9253153401E+003   0.0000000000E+000
    812700   0.9281410084E+003   0.0000000000E+000
    812800   0.9297429007E+003   0.0000000000E+000
    812900   0.9381946514E+003   0.0000000000E+000
    813000   0.9397047821E+003   0.0000000000E+000
    813100   0.9308822439E+003   0.0000000000E+000
    813200   0.9252707342E+003   0.0000000000E+000
    813300   0.9333705718E+003   0.0000000000E+000
    813400   0.9315653980E+003   0.0000000000E+000
    813500   0.9288899850E+003   0.0000000000E+000
    813600   0.9230807544E+003   0.0000000000E+000
    813700   0.9268014455E+003   0.0000000000E+000
    813800   0.9259516092E+003   0.0000000000E+000
    813900   0.9289692540E+003   0.0000000000E+000
    814000   0.9248300943E+003   0.0000000000E+000
    814100   0.9346971459E+003   0.0000000000E+000
    814200   0.9309016482E+003   0.0000000000E+000
    814300   0.9295325426E+003   0.0000000000E+000
    814400   0.9246735706E+003   0.0000000000E+000
    814500   0.9230656805E+003   0.0000000000E+000
    814600   0.9228209408E+003   0.0000000000E+000
    814700   0.9338047785E+003   0.0000000000E+000
    814800   0.9236120571E+003   0.0000000000E+000
    814900   0.9366414597E+003   0.0000000000E+000
    815000   0.9360668917E+003   0.0000000000E+000
    815100   0.9356561596E+003   0.0000000000E+000
    815200   0.9267956875E+003   0.0000000000E+000
    815300   0.9282928681E+003   0.0000000000E+000
    815400   0.9094364644E+003   0.0000000000E+000
    815500   0.9285259204E+003   0.0000000000E+000
    815600   0.9293220472E+003   0.0000000000E+000
    815700   0.9226798739E+003   0.0000000000E+000
    815800   0.9327311120E+003   0.0000000000E+000
    815900   0.9249038784E+003   0.0000000000E+000
    816000   0.9276624936E+003   0.0000000000E+000
    816100   0.9262409187E+003   0.0000000000E+000
    816200   0.9240931882E+003   0.0000000000E+000
    816300   0.9312477323E+003   0.0000000000E+000
    816400   0.9248016837E+003   0.0000000000E+000
    816500   0.9239529177E+003   0.0000000000E+000
    816600   0.9216940893E+003   0.0000000000E+000
    816700   0.9211158398E+003   0.0000000000E+000
    816800   0.9196665353E+003   0.0000000000E+000
    816900   0.9169258276E+003   0.0000000000E+000
    817000   0.9292216171E+003   0.0000000000E+000
    817100   0.9293501590E+003   0.0000000000E+000
    817200   0.9331131043E+003   0.0000000000E+000
    817300   0.9281760509E+003   0.0000000000E+000
    817400   0.9244619014E+003   0.0000000000E+000
    817500   0.9279882200E+003   0.0000000000E+000
    817600   0.9249970858E+003   0.0000000000E+000
    817700   0.9255064611E+003   0.0000000000E+000
    817800   0.9353505942E+003   0.0000000000E+000
    817900   0.9268444903E+003   0.0000000000E+000
    818000   0.9314937490E+003   0.0000000000E+000
    818100   0.9301733493E+003   0.0000000000E+000
    818200   0.9168594531E+003   0.0000000000E+000
    818300   0.9333407427E+003   0.0000000000E+000
    818400   0.9370014352E+003   0.0000000000E+000
    818500   0.9301741757E+003   0.0000000000E+000
    818600   0.9365572046E+003   0.0000000000E+000
    818700   0.9292125868E+003   0.0000000000E+000
    818800   0.9281344317E+003   0.0000000000E+000
    818900   0.9278315845E+003   0.0000000000E+000
    819000   0.9409145430E+003   0.0000000000E+000
    819100   0.9336420297E+003   0.0000000000E+000
    819200   0.9266087921E+003   0.0000000000E+000
    819300   0.9331575993E+003   0.0000000000E+000
    819400   0.9393794036E+003   0.0000000000E+000
    819500   0.9381363678E+003   0.0000000000E+000
    819600   0.9273874507E+003   0.0000000000E+000
    819700   0.9283521281E+003   0.0000000000E+000
    819800   0.9269912039E+003   0.0000000000E+000
    819900   0.9359839104E+003   0.0000000000E+000
    820000   0.9340509014E+003   0.0000000000E+000
    820100   0.9278557148E+003   0.0000000000E+000
    820200   0.9321020792E+003   0.0000000000E+000
    820300   0.9222860577E+003   0.0000000000E+000
    820400   0.9379663380E+003   0.0000000000E+000
    820500   0.9309999149E+003   0.0000000000E+000
    820600   0.9333389826E+003   0.0000000000E+000
    820700   0.9256349857E+003   0.0000000000E+000
    820800   0.9308328810E+003   0.0000000000E+000
    820900   0.9198192229E+003   0.0000000000E+000
    821000   0.9377236085E+003   0.0000000000E+000
    821100   0.9255793220E+003   0.0000000000E+000
    821200   0.9308961877E+003   0.0000000000E+000
    821300   0.9218367729E+003   0.0000000000E+000
    821400   0.9269753181E+003   0.0000000000E+000
    821500   0.9275479615E+003   0.0000000000E+000
    821600   0.9365397743E+003   0.0000000000E+000
    821700   0.9248242652E+003   0.0000000000E+000
    821800   0.9234175728E+003   0.0000000000E+000
    821900   0.9305319647E+003   0.0000000000E+000
    822000   0.9296165998E+003   0.0000000000E+000
    822100   0.9240971463E+003   0.0000000000E+000
    822200   0.9188838036E+003   0.0000000000E+000
    822300   0.9202530085E+003   0.0000000000E+000
    822400   0.9243428535E+003   0.0000000000E+000
    822500   0.9242278213E+003   0.0000000000E+000
    822600   0.9183895275E+003   0.0000000000E+000
    822700   0.9319545559E+003   0.0000000000E+000
    822800   0.9139114194E+003   0.0000000000E+000
    822900   0.9218023692E+003   0.0000000000E+000
    823000   0.9186132513E+003   0.0000000000E+000
    823100   0.9316928928E+003   0.0000000000E+000
    823200   0.9354605626E+003   0.0000000000E+000
    823300   0.9304041430E+003   0.0000000000E+000
    823400   0.9204264565E+003   0.0000000000E+000
    823500   0.9292085300E+003   0.0000000000E+000
    823600   0.9279393624E+003   0.0000000000E+000
    823700   0.9185715982E+003   0.0000000000E+000
    823800   0.9166469059E+003   0.0000000000E+000
    823900   0.9230082497E+003   0.0000000000E+000
    824000   0.9321655924E+003   0.0000000000E+000
    824100   0.9176476743E+003   0.0000000000E+000
    824200   0.9171208820E+003   0.0000000000E+000
    824300   0.9299796513E+003   0.0000000000E+000
    824400   0.9153019989E+003   0.0000000000E+000
    824500   0.9246385226E+003   0.0000000000E+000
    824600   0.9233372441E+003   0.0000000000E+000
    824700   0.9261692847E+003   0.0000000000E+000
    824800   0.9262880972E+003   0.0000000000E+000
    824900   0.9319844936E+003   0.0000000000E+000
    825000   0.9346658043E+003   0.0000000000E+000
    825100   0.9279891596E+003   0.0000000000E+000
    825200   0.9282578910E+003   0.0000000000E+000
    825300   0.9185442222E+003   0.0000000000E+000
    825400   0.9278210143E+003   0.0000000000E+000
    825500   0.9199173839E+003   0.0000000000E+000
    825600   0.9323253609E+003   0.0000000000E+000
    825700   0.9325412776E+003   0.0000000000E+000
    825800   0.9307520260E+003   0.0000000000E+000
    825900   0.9276815009E+003   0.0000000000E+000
    826000   0.9276309098E+003   0.0000000000E+000
    826100   0.9305755332E+003   0.0000000000E+000
    826200   0.9259914272E+003   0.0000000000E+000
    826300   0.9233282615E+003   0.0000000000E+000
    826400   0.9311221856E+003   0.0000000000E+000
    826500   0.9309656648E+003   0.0000000000E+000
    826600   0.9249418759E+003   0.0000000000E+000
    826700   0.9200476112E+003   0.0000000000E+000
    826800   0.9351225236E+003   0.0000000000E+000
    826900   0.9226882903E+003   0.0000000000E+000
    827000   0.9259366028E+003   0.0000000000E+000
    827100   0.9206904452E+003   0.0000000000E+000
    827200   0.9287313071E+003   0.0000000000E+000
    827300   0.9350860842E+003   0.0000000000E+000
    827400   0.9248776018E+003   0.0000000000E+000
    827500   0.9280922612E+003   0.0000000000E+000
    827600   0.9270409548E+003   0.0000000000E+000
    827700   0.9226509745E+003   0.0000000000E+000
    827800   0.9254495996E+003   0.0000000000E+000
    827900   0.9148295347E+003   0.0000000000E+000
    828000   0.9218588350E+003   0.0000000000E+000
    828100   0.9273698393E+003   0.0000000000E+000
    828200   0.9434467707E+003   0.0000000000E+000
    828300   0.9215613286E+003   0.0000000000E+000
    828400   0.9318111922E+003   0.0000000000E+000
    828500   0.9263988504E+003   0.0000000000E+000
    828600   0.9290906001E+003   0.0000000000E+000
    828700   0.9245857617E+003   0.0000000000E+000
    828800   0.9224090956E+003   0.0000000000E+000
    828900   0.9198086467E+003   0.0000000000E+000
    829000   0.9172970271E+003   0.0000000000E+000
    829100   0.9159998764E+003   0.0000000000E+000
    829200   0.9273809239E+003   0.0000000000E+000
    829300   0.9233017715E+003   0.0000000000E+000
    829400   0.9284395892E+003   0.0000000000E+000
    829500   0.9267287428E+003   0.0000000000E+000
    829600   0.9233020609E+003   0.0000000000E+000
    829700   0.9351690438E+003   0.0000000000E+000
    829800   0.9321332742E+003   0.0000000000E+000
    829900   0.9280934077E+003   0.0000000000E+000
    830000   0.9236050626E+003   0.0000000000E+000
    830100   0.9230860840E+003   0.0000000000E+000
    830200   0.9188455539E+003   0.0000000000E+000
    830300   0.9281772025E+003   0.0000000000E+000
    830400   0.9377804868E+003   0.0000000000E+000
    830500   0.9254281003E+003   0.0000000000E+000
    830600   0.9311022112E+003   0.0000000000E+000
    830700   0.9207280393E+003   0.0000000000E+000
    830800   0.9248092852E+003   0.0000000000E+000
    830900   0.9312976414E+003   0.0000000000E+000
    831000   0.9309777435E+003   0.0000000000E+000
    831100   0.9294297910E+003   0.0000000000E+000
    831200   0.9247682506E+003   0.0000000000E+000
    831300   0.9195543989E+003   0.0000000000E+000
    831400   0.9239086437E+003   0.0000000000E+000
    831500   0.9248444369E+003   0.0000000000E+000
    831600   0.9303147616E+003   0.0000000000E+000
    831700   0.9233865311E+003   0.0000000000E+000
    831800   0.9292712217E+003   0.0000000000E+000
    831900   0.9307430605E+003   0.0000000000E+000
    832000   0.9320696919E+003   0.0000000000E+000
    832100   0.9271915569E+003   0.0000000000E+000
    832200   0.9314659345E+003   0.0000000000E+000
    832300   0.9238710148E+003   0.0000000000E+000
    832400   0.9256689023E+003   0.0000000000E+000
    832500   0.9224423528E+003   0.0000000000E+000
    832600   0.9158331440E+003   0.0000000000E+000
    832700   0.9255281527E+003   0.0000000000E+000
    832800   0.9260446580E+003   0.0000000000E+000
    832900   0.9235435099E+003   0.0000000000E+000
    833000   0.9204469828E+003   0.0000000000E+000
    833100   0.9190884851E+003   0.0000000000E+000
    833200   0.9316307743E+003   0.0000000000E+000
    833300   0.9258862121E+003   0.0000000000E+000
    833400   0.9308917153E+003   0.0000000000E+000
    833500   0.9317663995E+003   0.0000000000E+000
    833600   0.9278406482E+003   0.0000000000E+000
    833700   0.9271905533E+003   0.0000000000E+000
    833800   0.9257709760E+003   0.0000000000E+000
    833900   0.9258066773E+003   0.0000000000E+000
    834000   0.9305869757E+003   0.0000000000E+000
    834100   0.9154168759E+003   0.0000000000E+000
    834200   0.9258290782E+003   0.0000000000E+000
    834300   0.9212377866E+003   0.0000000000E+000
    834400   0.9239275035E+003   0.0000000000E+000
    834500   0.9354142228E+003   0.0000000000E+000
    834600   0.9240203197E+003   0.0000000000E+000
    834700   0.9335001068E+003   0.0000000000E+000
    834800   0.9238159127E+003   0.0000000000E+000
    834900   0.9289233990E+003   0.0000000000E+000
    835000   0.9359444163E+003   0.0000000000E+000
    835100   0.9286463345E+003   0.0000000000E+000
    835200   0.9284120589E+003   0.0000000000E+000
    835300   0.9342553639E+003   0.0000000000E+000
    835400   0.9297275719E+003   0.0000000000E+000
    835500   0.9237826672E+003   0.0000000000E+000
    835600   0.9328339854E+003   0.0000000000E+000
    835700   0.9204468588E+003   0.0000000000E+000
    835800   0.9277931976E+003   0.0000000000E+000
    835900   0.9276372100E+003   0.0000000000E+000
    836000   0.9266072552E+003   0.0000000000E+000
    836100   0.9252507024E+003   0.0000000000E+000
    836200   0.9207638435E+003   0.0000000000E+000
    836300   0.9194238922E+003   0.0000000000E+000
    836400   0.9204295756E+003   0.0000000000E+000
    836500   0.9301684542E+003   0.0000000000E+000
    836600   0.9169032496E+003   0.0000000000E+000
    836700   0.9262748317E+003   0.0000000000E+000
    836800   0.9235440940E+003   0.0000000000E+000
    836900   0.9273011971E+003   0.0000000000E+000
    837000   0.9126020318E+003   0.0000000000E+000
    837100   0.9229781565E+003   0.0000000000E+000
    837200   0.9231387774E+003   0.0000000000E+000
    837300   0.9246919800E+003   0.0000000000E+000
    837400   0.9236530995E+003   0.0000000000E+000
    837500   0.9264599294E+003   0.0000000000E+000
    837600   0.9164301038E+003   0.0000000000E+000
    837700   0.9256074347E+003   0.0000000000E+000
    837800   0.9215583735E+003   0.0000000000E+000
    837900   0.9253142147E+003   0.0000000000E+000
    838000   0.9291061385E+003   0.0000000000E+000
    838100   0.9282674595E+003   0.0000000000E+000
    838200   0.9257058317E+003   0.0000000000E+000
    838300   0.9322587845E+003   0.0000000000E+000
    838400   0.9270222277E+003   0.0000000000E+000
    838500   0.9317786821E+003   0.0000000000E+000
    838600   0.9311236155E+003   0.0000000000E+000
    838700   0.9290714684E+003   0.0000000000E+000
    838800   0.9413155616E+003   0.0000000000E+000
    838900   0.9347940866E+003   0.0000000000E+000
    839000   0.9317429885E+003   0.0000000000E+000
    839100   0.9320392978E+003   0.0000000000E+000
    839200   0.9295732703E+003   0.0000000000E+000
    839300   0.9240144324E+003   0.0000000000E+000
    839400   0.9266994548E+003   0.0000000000E+000
    839500   0.9369756323E+003   0.0000000000E+000
    839600   0.9364443091E+003   0.0000000000E+000
    839700   0.9193319841E+003   0.0000000000E+000
    839800   0.9304185300E+003   0.0000000000E+000
    839900   0.9235284023E+003   0.0000000000E+000
    840000   0.9248264111E+003   0.0000000000E+000
    840100   0.9202569598E+003   0.0000000000E+000
    840200   0.9275810460E+003   0.0000000000E+000
    840300   0.9284590869E+003   0.0000000000E+000
    840400   0.9170834780E+003   0.0000000000E+000
    840500   0.9332000693E+003   0.0000000000E+000
    840600   0.9240441691E+003   0.0000000000E+000
    840700   0.9171963196E+003   0.0000000000E+000
    840800   0.9309995204E+003   0.0000000000E+000
    840900   0.9329508328E+003   0.0000000000E+000
    841000   0.9242739362E+003   0.0000000000E+000
    841100   0.9272341953E+003   0.0000000000E+000
    841200   0.9260264461E+003   0.0000000000E+000
    841300   0.9309114222E+003   0.0000000000E+000
    841400   0.9213531042E+003   0.0000000000E+000
    841500   0.9243448038E+003   0.0000000000E+000
    841600   0.9192815334E+003   0.0000000000E+000
    841700   0.9303449892E+003   0.0000000000E+000
    841800   0.9247525582E+003   0.0000000000E+000
    841900   0.9158136791E+003   0.0000000000E+000
    842000   0.9300269739E+003   0.0000000000E+000
    842100   0.9284107692E+003   0.0000000000E+000
    842200   0.9302943490E+003   0.0000000000E+000
    842300   0.9227204164E+003   0.0000000000E+000
    842400   0.9315039693E+003   0.0000000000E+000
    842500   0.9278449299E+003   0.0000000000E+000
    842600   0.9231081973E+003   0.0000000000E+000
    842700   0.9137259496E+003   0.0000000000E+000
    842800   0.9213755802E+003   0.0000000000E+000
    842900   0.9218565487E+003   0.0000000000E+000
    843000   0.9289727648E+003   0.0000000000E+000
    843100   0.9260755915E+003   0.0000000000E+000
    843200   0.9188413429E+003   0.0000000000E+000
    843300   0.9256870186E+003   0.0000000000E+000
    843400   0.9218750305E+003   0.0000000000E+000
    843500   0.9221471770E+003   0.0000000000E+000
    843600   0.9289463698E+003   0.0000000000E+000
    843700   0.9187130318E+003   0.0000000000E+000
    843800   0.9208841584E+003   0.0000000000E+000
    843900   0.9136071262E+003   0.0000000000E+000
    844000   0.9311300172E+003   0.0000000000E+000
    844100   0.9254359915E+003   0.0000000000E+000
    844200   0.9329426644E+003   0.0000000000E+000
    844300   0.9260015682E+003   0.0000000000E+000
    844400   0.9183604083E+003   0.0000000000E+000
    844500   0.9237213972E+003   0.0000000000E+000
    844600   0.9191325795E+003   0.0000000000E+000
    844700   0.9170621952E+003   0.0000000000E+000
    844800   0.9277444142E+003   0.0000000000E+000
    844900   0.9176380004E+003   0.0000000000E+000
    845000   0.9165257894E+003   0.0000000000E+000
    845100   0.9220158377E+003   0.0000000000E+000
    845200   0.9275456228E+003   0.0000000000E+000
    845300   0.9219970030E+003   0.0000000000E+000
    845400   0.9264516704E+003   0.0000000000E+000
    845500   0.9272527884E+003   0.0000000000E+000
    845600   0.9339577153E+003   0.0000000000E+000
    845700   0.9292062374E+003   0.0000000000E+000
    845800   0.9249078441E+003   0.0000000000E+000
    845900   0.9253108538E+003   0.0000000000E+000
    846000   0.9331732252E+003   0.0000000000E+000
    846100   0.9253680126E+003   0.0000000000E+000
    846200   0.9260657850E+003   0.0000000000E+000
    846300   0.9274037805E+003   0.0000000000E+000
    846400   0.9165342811E+003   0.0000000000E+000
    846500   0.9314898012E+003   0.0000000000E+000
    846600   0.9272325995E+003   0.0000000000E+000
    846700   0.9263933669E+003   0.0000000000E+000
    846800   0.9274725012E+003   0.0000000000E+000
    846900   0.9309928163E+003   0.0000000000E+000
    847000   0.9185452085E+003   0.0000000000E+000
    847100   0.9191411937E+003   0.0000000000E+000
    847200   0.9279461866E+003   0.0000000000E+000
    847300   0.9203737107E+003   0.0000000000E+000
    847400   0.9230531467E+003   0.0000000000E+000
    847500   0.9239488556E+003   0.0000000000E+000
    847600   0.9327248256E+003   0.0000000000E+000
    847700   0.9350994244E+003   0.0000000000E+000
    847800   0.9256813355E+003   0.0000000000E+000
    847900   0.9302510494E+003   0.0000000000E+000
    848000   0.9241968585E+003   0.0000000000E+000
    848100   0.9292458140E+003   0.0000000000E+000
    848200   0.9279973407E+003   0.0000000000E+000
    848300   0.9217601223E+003   0.0000000000E+000
    848400   0.9252607672E+003   0.0000000000E+000
    848500   0.9231694537E+003   0.0000000000E+000
    848600   0.9223536671E+003   0.0000000000E+000
    848700   0.9268083851E+003   0.0000000000E+000
    848800   0.9281842733E+003   0.0000000000E+000
    848900   0.9369935815E+003   0.0000000000E+000
    849000   0.9248506328E+003   0.0000000000E+000
    849100   0.9210369038E+003   0.0000000000E+000
    849200   0.9197153174E+003   0.0000000000E+000
    849300   0.9218111192E+003   0.0000000000E+000
    849400   0.9239472310E+003   0.0000000000E+000
    849500   0.9165244574E+003   0.0000000000E+000
    849600   0.9193174534E+003   0.0000000000E+000
    849700   0.9248058291E+003   0.0000000000E+000
    849800   0.9184929077E+003   0.0000000000E+000
    849900   0.9208261764E+003   0.0000000000E+000
    850000   0.9260800793E+003   0.0000000000E+000
    850100   0.9329324492E+003   0.0000000000E+000
    850200   0.9203969032E+003   0.0000000000E+000
    850300   0.9228227685E+003   0.0000000000E+000
    850400   0.9222341366E+003   0.0000000000E+000
    850500   0.9209625586E+003   0.0000000000E+000
    850600   0.9215211253E+003   0.0000000000E+000
    850700   0.9237416685E+003   0.0000000000E+000
    850800   0.9207443927E+003   0.0000000000E+000
    850900   0.9183454530E+003   0.0000000000E+000
    851000   0.9235546583E+003   0.0000000000E+000
    851100   0.9209022585E+003   0.0000000000E+000
    851200   0.9303270170E+003   0.0000000000E+000
    851300   0.9251558078E+003   0.0000000000E+000
    851400   0.9231332164E+003   0.0000000000E+000
    851500   0.9344427798E+003   0.0000000000E+000
    851600   0.9235496550E+003   0.0000000000E+000
    851700   0.9285023462E+003   0.0000000000E+000
    851800   0.9158631390E+003   0.0000000000E+000
    851900   0.9185719854E+003   0.0000000000E+000
    852000   0.9251446212E+003   0.0000000000E+000
    852100   0.9303181179E+003   0.0000000000E+000
    852200   0.9268307377E+003   0.0000000000E+000
    852300   0.9241936549E+003   0.0000000000E+000
    852400   0.9252610608E+003   0.0000000000E+000
    852500   0.9354708552E+003   0.0000000000E+000
    852600   0.9157665661E+003   0.0000000000E+000
    852700   0.9271064357E+003   0.0000000000E+000
    852800   0.9395636175E+003   0.0000000000E+000
    852900   0.9213579811E+003   0.0000000000E+000
    853000   0.9224261592E+003   0.0000000000E+000
    853100   0.9309744576E+003   0.0000000000E+000
    853200   0.9264914024E+003   0.0000000000E+000
    853300   0.9199505407E+003   0.0000000000E+000
    853400   0.9255997494E+003   0.0000000000E+000
    853500   0.9208352369E+003   0.0000000000E+000
    853600   0.9291963634E+003   0.0000000000E+000
    853700   0.9290163231E+003   0.0000000000E+000
    853800   0.9283400912E+003   0.0000000000E+000
    853900   0.9271865640E+003   0.0000000000E+000
    854000   0.9365674806E+003   0.0000000000E+000
    854100   0.9255745999E+003   0.0000000000E+000
    854200   0.9254433245E+003   0.0000000000E+000
    854300   0.9218617118E+003   0.0000000000E+000
    854400   0.9256889524E+003   0.0000000000E+000
    854500   0.9224232073E+003   0.0000000000E+000
    854600   0.9234312222E+003   0.0000000000E+000
    854700   0.9235211864E+003   0.0000000000E+000
    854800   0.9350072464E+003   0.0000000000E+000
    854900   0.9206027854E+003   0.0000000000E+000
    855000   0.9250760051E+003   0.0000000000E+000
    855100   0.9263249793E+003   0.0000000000E+000
    855200   0.9135202992E+003   0.0000000000E+000
    855300   0.9210803774E+003   0.0000000000E+000
    855400   0.9137533930E+003   0.0000000000E+000
    855500   0.9153499477E+003   0.0000000000E+000
    855600   0.9199338695E+003   0.0000000000E+000
    855700   0.9205407170E+003   0.0000000000E+000
    855800   0.9307779104E+003   0.0000000000E+000
    855900   0.9333312502E+003   0.0000000000E+000
    856000   0.9281476758E+003   0.0000000000E+000
    856100   0.9316137208E+003   0.0000000000E+000
    856200   0.9272654589E+003   0.0000000000E+000
    856300   0.9213032484E+003   0.0000000000E+000
    856400   0.9217900490E+003   0.0000000000E+000
    856500   0.9216171163E+003   0.0000000000E+000
    856600   0.9204027361E+003   0.0000000000E+000
    856700   0.9140698808E+003   0.0000000000E+000
    856800   0.9271593144E+003   0.0000000000E+000
    856900   0.9160687101E+003   0.0000000000E+000
    857000   0.9317298302E+003   0.0000000000E+000
    857100   0.9220017726E+003   0.0000000000E+000
    857200   0.9282668145E+003   0.0000000000E+000
    857300   0.9375713710E+003   0.0000000000E+000
    857400   0.9265987933E+003   0.0000000000E+000
    857500   0.9196694363E+003   0.0000000000E+000
    857600   0.9210362525E+003   0.0000000000E+000
    857700   0.9255127876E+003   0.0000000000E+000
    857800   0.9305790322E+003   0.0000000000E+000
    857900   0.9247779892E+003   0.0000000000E+000
    858000   0.9184311210E+003   0.0000000000E+000
    858100   0.9212015789E+003   0.0000000000E+000
    858200   0.9342902283E+003   0.0000000000E+000
    858300   0.9180597187E+003   0.0000000000E+000
    858400   0.9283282659E+003   0.0000000000E+000
    858500   0.9242353108E+003   0.0000000000E+000
    858600   0.9238410683E+003   0.0000000000E+000
    858700   0.9192215241E+003   0.0000000000E+000
    858800   0.9180139492E+003   0.0000000000E+000
    858900   0.9217520984E+003   0.0000000000E+000
    859000   0.9303305996E+003   0.0000000000E+000
    859100   0.9231627799E+003   0.0000000000E+000
    859200   0.9243086396E+003   0.0000000000E+000
    859300   0.9252043694E+003   0.0000000000E+000
    859400   0.9168492795E+003   0.0000000000E+000
    859500   0.9157555749E+003   0.0000000000E+000
    859600   0.9161449732E+003   0.0000000000E+000
    859700   0.9349257183E+003   0.0000000000E+000
    859800   0.9246455445E+003   0.0000000000E+000
    859900   0.9223925992E+003   0.0000000000E+000
    860000   0.9281760886E+003   0.0000000000E+000
    860100   0.9326594120E+003   0.0000000000E+000
    860200   0.9265457193E+003   0.0000000000E+000
    860300   0.9255120846E+003   0.0000000000E+000
    860400   0.9308789698E+003   0.0000000000E+000
    860500   0.9222590439E+003   0.0000000000E+000
    860600   0.9319626217E+003   0.0000000000E+000
    860700   0.9389340620E+003   0.0000000000E+000
    860800   0.9270015674E+003   0.0000000000E+000
    860900   0.9295556682E+003   0.0000000000E+000
    861000   0.9292513512E+003   0.0000000000E+000
    861100   0.9245117052E+003   0.0000000000E+000
    861200   0.9341359803E+003   0.0000000000E+000
    861300   0.9328590002E+003   0.0000000000E+000
    861400   0.9231413995E+003   0.0000000000E+000
    861500   0.9334987306E+003   0.0000000000E+000
    861600   0.9272754527E+003   0.0000000000E+000
    861700   0.9256371057E+003   0.0000000000E+000
    861800   0.9189412127E+003   0.0000000000E+000
    861900   0.9268084802E+003   0.0000000000E+000
    862000   0.9375188937E+003   0.0000000000E+000
    862100   0.9363312822E+003   0.0000000000E+000
    862200   0.9234130273E+003   0.0000000000E+000
    862300   0.9351591231E+003   0.0000000000E+000
    862400   0.9265793346E+003   0.0000000000E+000
    862500   0.9223363989E+003   0.0000000000E+000
    862600   0.9316493508E+003   0.0000000000E+000
    862700   0.9261136424E+003   0.0000000000E+000
    862800   0.9238032453E+003   0.0000000000E+000
    862900   0.9327503551E+003   0.0000000000E+000
    863000   0.9332053069E+003   0.0000000000E+000
    863100   0.9295323452E+003   0.0000000000E+000
    863200   0.9356657248E+003   0.0000000000E+000
    863300   0.9240771307E+003   0.0000000000E+000
    863400   0.9288251607E+003   0.0000000000E+000
    863500   0.9275179093E+003   0.0000000000E+000
    863600   0.9348441729E+003   0.0000000000E+000
    863700   0.9273623366E+003   0.0000000000E+000
    863800   0.9381876801E+003   0.0000000000E+000
    863900   0.9287031293E+003   0.0000000000E+000
    864000   0.9197151763E+003   0.0000000000E+000
    864100   0.9299252779E+003   0.0000000000E+000
    864200   0.9278968143E+003   0.0000000000E+000
    864300   0.9227094251E+003   0.0000000000E+000
    864400   0.9217369893E+003   0.0000000000E+000
    864500   0.9206938241E+003   0.0000000000E+000
    864600   0.9282718623E+003   0.0000000000E+000
    864700   0.9290987726E+003   0.0000000000E+000
    864800   0.9333426121E+003   0.0000000000E+000
    864900   0.9202669222E+003   0.0000000000E+000
    865000   0.9297006761E+003   0.0000000000E+000
    865100   0.9386347503E+003   0.0000000000E+000
    865200   0.9363107440E+003   0.0000000000E+000
    865300   0.9369135728E+003   0.0000000000E+000
    865400   0.9251082868E+003   0.0000000000E+000
    865500   0.9250328327E+003   0.0000000000E+000
    865600   0.9213406998E+003   0.0000000000E+000
    865700   0.9184819825E+003   0.0000000000E+000
    865800   0.9288147864E+003   0.0000000000E+000
    865900   0.9221662109E+003   0.0000000000E+000
    866000   0.9317352977E+003   0.0000000000E+000
    866100   0.9226219745E+003   0.0000000000E+000
    866200   0.9291507316E+003   0.0000000000E+000
    866300   0.9165695565E+003   0.0000000000E+000
    866400   0.9214496299E+003   0.0000000000E+000
    866500   0.9227613018E+003   0.0000000000E+000
    866600   0.9276612016E+003   0.0000000000E+000
    866700   0.9367561843E+003   0.0000000000E+000
    866800   0.9345569513E+003   0.0000000000E+000
    866900   0.9343001842E+003   0.0000000000E+000
    867000   0.9186926824E+003   0.0000000000E+000
    867100   0.9224409143E+003   0.0000000000E+000
    867200   0.9311740819E+003   0.0000000000E+000
    867300   0.9177027347E+003   0.0000000000E+000
    867400   0.9246978647E+003   0.0000000000E+000
    867500   0.9231518706E+003   0.0000000000E+000
    867600   0.9196727851E+003   0.0000000000E+000
    867700   0.9214265138E+003   0.0000000000E+000
    867800   0.9359929637E+003   0.0000000000E+000
    867900   0.9215646890E+003   0.0000000000E+000
    868000   0.9290485014E+003   0.0000000000E+000
    868100   0.9198860068E+003   0.0000000000E+000
    868200   0.9275591967E+003   0.0000000000E+000
    868300   0.9361229559E+003   0.0000000000E+000
    868400   0.9198146040E+003   0.0000000000E+000
    868500   0.9239556811E+003   0.0000000000E+000
    868600   0.9245360520E+003   0.0000000000E+000
    868700   0.9291979172E+003   0.0000000000E+000
    868800   0.9224984822E+003   0.0000000000E+000
    868900   0.9283998324E+003   0.0000000000E+000
    869000   0.9320827287E+003   0.0000000000E+000
    869100   0.9249171089E+003   0.0000000000E+000
    869200   0.9336844716E+003   0.0000000000E+000
    869300   0.9218082042E+003   0.0000000000E+000
    869400   0.9298527417E+003   0.0000000000E+000
    869500   0.9263410737E+003   0.0000000000E+000
    869600   0.9255063769E+003   0.0000000000E+000
    869700   0.9285706427E+003   0.0000000000E+000
    869800   0.9302984958E+003   0.0000000000E+000
    869900   0.9329577052E+003   0.0000000000E+000
    870000   0.9276623994E+003   0.0000000000E+000
    870100   0.9309466592E+003   0.0000000000E+000
    870200   0.9263121365E+003   0.0000000000E+000
    870300   0.9222658753E+003   0.0000000000E+000
    870400   0.9318096006E+003   0.0000000000E+000
    870500   0.9316342968E+003   0.0000000000E+000
    870600   0.9297028823E+003   0.0000000000E+000
    870700   0.9298113728E+003   0.0000000000E+000
    870800   0.9175424754E+003   0.0000000000E+000
    870900   0.9297223898E+003   0.0000000000E+000
    871000   0.9335375217E+003   0.0000000000E+000
    871100   0.9282990501E+003   0.0000000000E+000
    871200   0.9207102886E+003   0.0000000000E+000
    871300   0.9272136114E+003   0.0000000000E+000
    871400   0.9272531014E+003   0.0000000000E+000
    871500   0.9357654092E+003   0.0000000000E+000
    871600   0.9301223480E+003   0.0000000000E+000
    871700   0.9295367218E+003   0.0000000000E+000
    871800   0.9161297609E+003   0.0000000000E+000
    871900   0.9340584055E+003   0.0000000000E+000
    872000   0.9253321987E+003   0.0000000000E+000
    872100   0.9321606416E+003   0.0000000000E+000
    872200   0.9289142651E+003   0.0000000000E+000
    872300   0.9268171765E+003   0.0000000000E+000
    872400   0.9200872399E+003   0.0000000000E+000
    872500   0.9360915223E+003   0.0000000000E+000
    872600   0.9287920083E+003   0.0000000000E+000
    872700   0.9282669668E+003   0.0000000000E+000
    872800   0.9287776160E+003   0.0000000000E+000
    872900   0.9304182893E+003   0.0000000000E+000
    873000   0.9334595421E+003   0.0000000000E+000
    873100   0.9287222572E+003   0.0000000000E+000
    873200   0.9306988613E+003   0.0000000000E+000
    873300   0.9242142866E+003   0.0000000000E+000
    873400   0.9230091380E+003   0.0000000000E+000
    873500   0.9244605785E+003   0.0000000000E+000
    873600   0.9158014159E+003   0.0000000000E+000
    873700   0.9182911578E+003   0.0000000000E+000
    873800   0.9218806923E+003   0.0000000000E+000
    873900   0.9153554969E+003   0.0000000000E+000
    874000   0.9187109469E+003   0.0000000000E+000
    874100   0.9218759871E+003   0.0000000000E+000
    874200   0.9250173076E+003   0.0000000000E+000
    874300   0.9179626218E+003   0.0000000000E+000
    874400   0.9136715539E+003   0.0000000000E+000
    874500   0.9148045090E+003   0.0000000000E+000
    874600   0.9277805450E+003   0.0000000000E+000
    874700   0.9263196305E+003   0.0000000000E+000
    874800   0.9203591094E+003   0.0000000000E+000
    874900   0.9308172116E+003   0.0000000000E+000
    875000   0.9233524934E+003   0.0000000000E+000
    875100   0.9246522757E+003   0.0000000000E+000
    875200   0.9208429789E+003   0.0000000000E+000
    875300   0.9240348057E+003   0.0000000000E+000
    875400   0.9212847953E+003   0.0000000000E+000
    875500   0.9200604416E+003   0.0000000000E+000
    875600   0.9257681358E+003   0.0000000000E+000
    875700   0.9255479028E+003   0.0000000000E+000
    875800   0.9242788366E+003   0.0000000000E+000
    875900   0.9217961095E+003   0.0000000000E+000
    876000   0.9235707228E+003   0.0000000000E+000
    876100   0.9124583586E+003   0.0000000000E+000
    876200   0.9243002200E+003   0.0000000000E+000
    876300   0.9211229226E+003   0.0000000000E+000
    876400   0.9085770867E+003   0.0000000000E+000
    876500   0.9161211874E+003   0.0000000000E+000
    876600   0.9272937369E+003   0.0000000000E+000
    876700   0.9258439954E+003   0.0000000000E+000
    876800   0.9223162200E+003   0.0000000000E+000
    876900   0.9230279990E+003   0.0000000000E+000
    877000   0.9237599860E+003   0.0000000000E+000
    877100   0.9245024770E+003   0.0000000000E+000
    877200   0.9332895070E+003   0.0000000000E+000
    877300   0.9200068511E+003   0.0000000000E+000
    877400   0.9275097207E+003   0.0000000000E+000
    877500   0.9281404714E+003   0.0000000000E+000
    877600   0.9182749796E+003   0.0000000000E+000
    877700   0.9228888421E+003   0.0000000000E+000
    877800   0.9225413991E+003   0.0000000000E+000
    877900   0.9317859437E+003   0.0000000000E+000
    878000   0.9274349050E+003   0.0000000000E+000
    878100   0.9349947936E+003   0.0000000000E+000
    878200   0.9298700036E+003   0.0000000000E+000
    878300   0.9325076893E+003   0.0000000000E+000
    878400   0.9255131313E+003   0.0000000000E+000
    878500   0.9330075667E+003   0.0000000000E+000
    878600   0.9284170011E+003   0.0000000000E+000
    878700   0.9284511973E+003   0.0000000000E+000
    878800   0.9260927891E+003   0.0000000000E+000
    878900   0.9292889524E+003   0.0000000000E+000
    879000   0.9309013632E+003   0.0000000000E+000
    879100   0.9239812719E+003   0.0000000000E+000
    879200   0.9327493197E+003   0.0000000000E+000
    879300   0.9274457435E+003   0.0000000000E+000
    879400   0.9378850140E+003   0.0000000000E+000
    879500   0.9034739822E+003   0.0000000000E+000
    879600   0.9259247506E+003   0.0000000000E+000
    879700   0.9184289205E+003   0.0000000000E+000
    879800   0.9204361428E+003   0.0000000000E+000
    879900   0.9211339764E+003   0.0000000000E+000
    880000   0.9160372170E+003   0.0000000000E+000
    880100   0.9282904189E+003   0.0000000000E+000
    880200   0.9227352089E+003   0.0000000000E+000
    880300   0.9172264777E+003   0.0000000000E+000
    880400   0.9219698002E+003   0.0000000000E+000
    880500   0.9173627659E+003   0.0000000000E+000
    880600   0.9312719229E+003   0.0000000000E+000
    880700   0.9241909895E+003   0.0000000000E+000
    880800   0.9318161347E+003   0.0000000000E+000
    880900   0.9245676323E+003   0.0000000000E+000
    881000   0.9285398184E+003   0.0000000000E+000
    881100   0.9345190778E+003   0.0000000000E+000
    881200   0.9241207393E+003   0.0000000000E+000
    881300   0.9269022740E+003   0.0000000000E+000
    881400   0.9285223188E+003   0.0000000000E+000
    881500   0.9270350583E+003   0.0000000000E+000
    881600   0.9318109649E+003   0.0000000000E+000
    881700   0.9301325979E+003   0.0000000000E+000
    881800   0.9263824985E+003   0.0000000000E+000
    881900   0.9276956623E+003   0.0000000000E+000
    882000   0.9268373376E+003   0.0000000000E+000
    882100   0.9230017163E+003   0.0000000000E+000
    882200   0.9267069880E+003   0.0000000000E+000
    882300   0.9141043565E+003   0.0000000000E+000
    882400   0.9186945570E+003   0.0000000000E+000
    882500   0.9242035413E+003   0.0000000000E+000
    882600   0.9344453051E+003   0.0000000000E+000
    882700   0.9278812948E+003   0.0000000000E+000
    882800   0.9391013473E+003   0.0000000000E+000
    882900   0.9290496556E+003   0.0000000000E+000
    883000   0.9265099757E+003   0.0000000000E+000
    883100   0.9347238414E+003   0.0000000000E+000
    883200   0.9305758656E+003   0.0000000000E+000
    883300   0.9235754422E+003   0.0000000000E+000
    883400   0.9339745842E+003   0.0000000000E+000
    883500   0.9222930153E+003   0.0000000000E+000
    883600   0.9262398814E+003   0.0000000000E+000
    883700   0.9231096370E+003   0.0000000000E+000
    883800   0.9356399216E+003   0.0000000000E+000
    883900   0.9219135971E+003   0.0000000000E+000
    884000   0.9255772151E+003   0.0000000000E+000
    884100   0.9330392441E+003   0.0000000000E+000
    884200   0.9239957052E+003   0.0000000000E+000
    884300   0.9329670337E+003   0.0000000000E+000
    884400   0.9278560722E+003   0.0000000000E+000
    884500   0.9274471141E+003   0.0000000000E+000
    884600   0.9232476286E+003   0.0000000000E+000
    884700   0.9254691800E+003   0.0000000000E+000
    884800   0.9348588092E+003   0.0000000000E+000
    884900   0.9254505523E+003   0.0000000000E+000
    885000   0.9304693662E+003   0.0000000000E+000
    885100   0.9299002935E+003   0.0000000000E+000
    885200   0.9265349426E+003   0.0000000000E+000
    885300   0.9306638328E+003   0.0000000000E+000
    885400   0.9300566826E+003   0.0000000000E+000
    885500   0.9343866430E+003   0.0000000000E+000
    885600   0.9248267547E+003   0.0000000000E+000
    885700   0.9347225530E+003   0.0000000000E+000
    885800   0.9219268027E+003   0.0000000000E+000
    885900   0.9273058199E+003   0.0000000000E+000
    886000   0.9138566215E+003   0.0000000000E+000
    886100   0.9334598239E+003   0.0000000000E+000
    886200   0.9319825424E+003   0.0000000000E+000
    886300   0.9298144503E+003   0.0000000000E+000
    886400   0.9264623543E+003   0.0000000000E+000
    886500   0.9299093684E+003   0.0000000000E+000
    886600   0.9215385194E+003   0.0000000000E+000
    886700   0.9170917104E+003   0.0000000000E+000
    886800   0.9337453895E+003   0.0000000000E+000
    886900   0.9286318701E+003   0.0000000000E+000
    887000   0.9253388963E+003   0.0000000000E+000
    887100   0.9334050732E+003   0.0000000000E+000
    887200   0.9314912046E+003   0.0000000000E+000
    887300   0.9269280129E+003   0.0000000000E+000
    887400   0.9245465503E+003   0.0000000000E+000
    887500   0.9284361686E+003   0.0000000000E+000
    887600   0.9348031174E+003   0.0000000000E+000
    887700   0.9266176919E+003   0.0000000000E+000
    887800   0.9296353473E+003   0.0000000000E+000
    887900   0.9345443177E+003   0.0000000000E+000
    888000   0.9329988655E+003   0.0000000000E+000
    888100   0.9317648575E+003   0.0000000000E+000
    888200   0.9390790412E+003   0.0000000000E+000
    888300   0.9245877910E+003   0.0000000000E+000
    888400   0.9258316170E+003   0.0000000000E+000
    888500   0.9300217398E+003   0.0000000000E+000
    888600   0.9228681787E+003   0.0000000000E+000
    888700   0.9279477364E+003   0.0000000000E+000
    888800   0.9275512248E+003   0.0000000000E+000
    888900   0.9313969336E+003   0.0000000000E+000
    889000   0.9250928320E+003   0.0000000000E+000
    889100   0.9411683243E+003   0.0000000000E+000
    889200   0.9242411291E+003   0.0000000000E+000
    889300   0.9287152650E+003   0.0000000000E+000
    889400   0.9204376365E+003   0.0000000000E+000
    889500   0.9268161803E+003   0.0000000000E+000
    889600   0.9288145787E+003   0.0000000000E+000
    889700   0.9263953664E+003   0.0000000000E+000
    889800   0.9219621658E+003   0.0000000000E+000
    889900   0.9235743686E+003   0.0000000000E+000
    890000   0.9377133341E+003   0.0000000000E+000
    890100   0.9379281152E+003   0.0000000000E+000
    890200   0.9304740374E+003   0.0000000000E+000
    890300   0.9318596063E+003   0.0000000000E+000
    890400   0.9295994089E+003   0.0000000000E+000
    890500   0.9228588825E+003   0.0000000000E+000
    890600   0.9302923702E+003   0.0000000000E+000
    890700   0.9427796352E+003   0.0000000000E+000
    890800   0.9294431193E+003   0.0000000000E+000
    890900   0.9399752888E+003   0.0000000000E+000
    891000   0.9359563382E+003   0.0000000000E+000
    891100   0.9356667645E+003   0.0000000000E+000
    891200   0.9268845350E+003   0.0000000000E+000
    891300   0.9297335965E+003   0.0000000000E+000
    891400   0.9318824567E+003   0.0000000000E+000
    891500   0.9376521697E+003   0.0000000000E+000
    891600   0.9305727017E+003   0.0000000000E+000
    891700   0.9330040359E+003   0.0000000000E+000
    891800   0.9317503181E+003   0.0000000000E+000
    891900   0.9247325815E+003   0.0000000000E+000
    892000   0.9342098975E+003   0.0000000000E+000
    892100   0.9321357983E+003   0.0000000000E+000
    892200   0.9339815531E+003   0.0000000000E+000
    892300   0.9260905653E+003   0.0000000000E+000
    892400   0.9294717466E+003   0.0000000000E+000
    892500   0.9322915438E+003   0.0000000000E+000
    892600   0.9368945890E+003   0.0000000000E+000
    892700   0.9292898748E+003   0.0000000000E+000
    892800   0.9335031911E+003   0.0000000000E+000
    892900   0.9273460308E+003   0.0000000000E+000
    893000   0.9303158784E+003   0.0000000000E+000
    893100   0.9296306881E+003   0.0000000000E+000
    893200   0.9302857164E+003   0.0000000000E+000
    893300   0.9208120231E+003   0.0000000000E+000
    893400   0.9229662081E+003   0.0000000000E+000
    893500   0.9241616238E+003   0.0000000000E+000
    893600   0.9206150725E+003   0.0000000000E+000
    893700   0.9136468888E+003   0.0000000000E+000
    893800   0.9309217747E+003   0.0000000000E+000
    893900   0.9265622814E+003   0.0000000000E+000
    894000   0.9271491068E+003   0.0000000000E+000
    894100   0.9224847360E+003   0.0000000000E+000
    894200   0.9246066904E+003   0.0000000000E+000
    894300   0.9238050293E+003   0.0000000000E+000
    894400   0.9347436166E+003   0.0000000000E+000
    894500   0.9246703726E+003   0.0000000000E+000
    894600   0.9332975588E+003   0.0000000000E+000
    894700   0.9282255972E+003   0.0000000000E+000
    894800   0.9365398915E+003   0.0000000000E+000
    894900   0.9207236382E+003   0.0000000000E+000
    895000   0.9250681174E+003   0.0000000000E+000
    895100   0.9336819834E+003   0.0000000000E+000
    895200   0.9444221567E+003   0.0000000000E+000
    895300   0.9278901675E+003   0.0000000000E+000
    895400   0.9327233731E+003   0.0000000000E+000
    895500   0.9325921208E+003   0.0000000000E+000
    895600   0.9309851459E+003   0.0000000000E+000
    895700   0.9261809526E+003   0.0000000000E+000
    895800   0.9314292460E+003   0.0000000000E+000
    895900   0.9320735810E+003   0.0000000000E+000
    896000   0.9340834888E+003   0.0000000000E+000
    896100   0.9301383053E+003   0.0000000000E+000
    896200   0.9340449675E+003   0.0000000000E+000
    896300   0.9309781802E+003   0.0000000000E+000
    896400   0.9385266539E+003   0.0000000000E+000
    896500   0.9309188353E+003   0.0000000000E+000
    896600   0.9364140171E+003   0.0000000000E+000
    896700   0.9306904963E+003   0.0000000000E+000
    896800   0.9370975065E+003   0.0000000000E+000
    896900   0.9343814712E+003   0.0000000000E+000
    897000   0.9309169108E+003   0.0000000000E+000
    897100   0.9316179665E+003   0.0000000000E+000
    897200   0.9292285105E+003   0.0000000000E+000
    897300   0.9286031803E+003   0.3523706528E+000
    897400   0.9310884937E+003   0.0000000000E+000
    897500   0.9251918242E+003   0.3525674777E+000
    897600   0.9344104387E+003   0.3520393942E+000
    897700   0.9392214969E+003   0.3517685272E+000
    897800   0.9266899512E+003   0.3524808348E+000
    897900   0.9253066110E+003   0.3525608277E+000
    898000   0.9239941425E+003   0.3526369775E+000
    898100   0.9190807661E+003   0.3529242800E+000
    898200   0.9267852277E+003   0.3524753355E+000
    898300   0.9325678491E+003   0.3521439854E+000
    898400   0.9282229451E+003   0.3523925088E+000
    898500   0.9335255334E+003   0.0000000000E+000
    898600   0.9447814092E+003   0.0000000000E+000
    898700   0.9328345094E+003   0.0000000000E+000
    898800   0.9327058716E+003   0.0000000000E+000
    898900   0.9326511997E+003   0.3521392438E+000
    899000   0.9430315389E+003   0.0000000000E+000
    899100   0.9312435177E+003   0.3522194528E+000
    899200   0.9210637375E+003   0.3528079033E+000
    899300   0.9313251118E+003   0.3522147960E+000
    899400   0.9252249979E+003   0.3525655556E+000
    899500   0.9352983766E+003   0.0000000000E+000
    899600   0.9205869324E+003   0.0000000000E+000
    899700   0.9216279719E+003   0.3527748951E+000
    899800   0.9302642285E+003   0.3522754169E+000
    899900   0.9241932223E+003   0.3526254108E+000
    900000   0.9333447082E+003   0.3520998305E+000
    900100   0.9199099406E+003   0.3528755470E+000
    900200   0.9260158021E+003   0.3525197837E+000
    900300   0.9343187774E+003   0.3520445860E+000
    900400   0.9451579887E+003   0.3514386618E+000
    900500   0.9291489118E+003   0.3523393202E+000
    900600   0.9318823238E+003   0.3521830194E+000
    900700   0.9249773274E+003   0.0000000000E+000
    900800   0.9222692632E+003   0.3527374354E+000
    900900   0.9376770260E+003   0.3518551341E+000
    901000   0.9333131040E+003   0.3521016251E+000
    901100   0.9302059597E+003   0.3522787511E+000
    901200   0.9355246663E+003   0.3519763771E+000
    901300   0.9228980002E+003   0.3527007673E+000
    901400   0.9303661765E+003   0.3522695845E+000
    901500   0.9322879048E+003   0.3521599175E+000
    901600   0.9315891208E+003   0.3521997347E+000
    901700   0.9325734609E+003   0.3521436661E+000
    901800   0.9337386039E+003   0.3520774746E+000
    901900   0.9297193197E+003   0.3523066160E+000
    902000   0.9237192487E+003   0.3526529585E+000
    902100   0.9277981055E+003   0.0000000000E+000
    902200   0.9254150265E+003   0.3525545485E+000
    902300   0.9255901018E+003   0.3525444121E+000
    902400   0.9263201968E+003   0.3525021892E+000
    902500   0.9347885163E+003   0.0000000000E+000
    902600   0.9241159920E+003   0.3526298972E+000
    902700   0.9291437855E+003   0.3523396143E+000
    902800   0.9280534341E+003   0.3524022589E+000
    902900   0.9325979879E+003   0.3521422708E+000
    903000   0.9237946794E+003   0.3526485722E+000
    903100   0.9170372111E+003   0.3530448197E+000
    903200   0.9232268488E+003   0.0000000000E+000
    903300   0.9252083340E+003   0.0000000000E+000
    903400   0.9201631455E+003   0.0000000000E+000
    903500   0.9328687740E+003   0.0000000000E+000
    903600   0.9391633508E+003   0.3517717819E+000
    903700   0.9291339809E+003   0.0000000000E+000
    903800   0.9313265537E+003   0.0000000000E+000
    903900   0.9285377369E+003   0.0000000000E+000
    904000   0.9274829936E+003   0.0000000000E+000
    904100   0.9306309599E+003   0.0000000000E+000
    904200   0.9297264977E+003   0.0000000000E+000
    904300   0.9337125986E+003   0.0000000000E+000
    904400   0.9315830090E+003   0.0000000000E+000
    904500   0.9338406558E+003   0.0000000000E+000
    904600   0.9185791210E+003   0.0000000000E+000
    904700   0.9261481386E+003   0.0000000000E+000
    904800   0.9170606735E+003   0.0000000000E+000
    904900   0.9264029983E+003   0.0000000000E+000
    905000   0.9267314244E+003   0.0000000000E+000
    905100   0.9290757288E+003   0.0000000000E+000
    905200   0.9204872834E+003   0.0000000000E+000
    905300   0.9234060128E+003   0.0000000000E+000
    905400   0.9153631070E+003   0.0000000000E+000
    905500   0.9235472897E+003   0.0000000000E+000
    905600   0.9294329903E+003   0.0000000000E+000
    905700   0.9312984389E+003   0.0000000000E+000
    905800   0.9210513682E+003   0.0000000000E+000
    905900   0.9182284131E+003   0.0000000000E+000
    906000   0.9197642464E+003   0.0000000000E+000
    906100   0.9277952211E+003   0.0000000000E+000
    906200   0.9233882534E+003   0.0000000000E+000
    906300   0.9276810843E+003   0.0000000000E+000
    906400   0.9316516377E+003   0.0000000000E+000
    906500   0.9309729605E+003   0.0000000000E+000
    906600   0.9320195795E+003   0.0000000000E+000
    906700   0.9220059443E+003   0.0000000000E+000
    906800   0.9231329645E+003   0.0000000000E+000
    906900   0.9357279492E+003   0.0000000000E+000
    907000   0.9318561409E+003   0.0000000000E+000
    907100   0.9280868746E+003   0.0000000000E+000
    907200   0.9248204702E+003   0.0000000000E+000
    907300   0.9206509720E+003   0.0000000000E+000
    907400   0.9267933914E+003   0.0000000000E+000
    907500   0.9284813417E+003   0.0000000000E+000
    907600   0.9231123024E+003   0.0000000000E+000
    907700   0.9284591632E+003   0.0000000000E+000
    907800   0.9221277252E+003   0.0000000000E+000
    907900   0.9353279560E+003   0.0000000000E+000
    908000   0.9279999374E+003   0.0000000000E+000
    908100   0.9276600451E+003   0.0000000000E+000
    908200   0.9306307717E+003   0.0000000000E+000
    908300   0.9186522555E+003   0.0000000000E+000
    908400   0.9264683213E+003   0.0000000000E+000
    908500   0.9361768861E+003   0.0000000000E+000
    908600   0.9322570826E+003   0.0000000000E+000
    908700   0.9311626541E+003   0.0000000000E+000
    908800   0.9249485347E+003   0.0000000000E+000
    908900   0.9247154070E+003   0.0000000000E+000
    909000   0.9287783494E+003   0.0000000000E+000
    909100   0.9203194506E+003   0.0000000000E+000
    909200   0.9202187063E+003   0.0000000000E+000
    909300   0.9224447896E+003   0.0000000000E+000
    909400   0.9281463803E+003   0.0000000000E+000
    909500   0.9150945664E+003   0.0000000000E+000
    909600   0.9215054473E+003   0.0000000000E+000
    909700   0.9271939412E+003   0.0000000000E+000
    909800   0.9172987042E+003   0.0000000000E+000
    909900   0.9218760161E+003   0.0000000000E+000
    910000   0.9341853756E+003   0.0000000000E+000
    910100   0.9292379216E+003   0.0000000000E+000
    910200   0.9262374794E+003   0.0000000000E+000
    910300   0.9220618278E+003   0.0000000000E+000
    910400   0.9126990554E+003   0.0000000000E+000
    910500   0.9205289934E+003   0.0000000000E+000
    910600   0.9241179821E+003   0.0000000000E+000
    910700   0.9285323768E+003   0.0000000000E+000
    910800   0.9323151582E+003   0.0000000000E+000
    910900   0.9241146104E+003   0.3526299775E+000
    911000   0.9244945746E+003   0.3526079129E+000
    911100   0.9201550094E+003   0.0000000000E+000
    911200   0.9169489601E+003   0.3530500391E+000
    911300   0.9178011944E+003   0.0000000000E+000
    911400   0.9210527001E+003   0.0000000000E+000
    911500   0.9180130846E+003   0.3529871803E+000
    911600   0.9270470368E+003   0.3524602306E+000
    911700   0.9222572985E+003   0.3527381337E+000
    911800   0.9212893746E+003   0.3527946978E+000
    911900   0.9242012881E+003   0.0000000000E+000
    912000   0.9202919412E+003   0.3528531298E+000
    912100   0.9138778676E+003   0.3532323990E+000
    912200   0.9340233518E+003   0.3520613271E+000
    912300   0.9328349908E+003   0.3521287921E+000
    912400   0.9273115521E+003   0.3524449797E+000
    912500   0.9212166177E+003   0.3527989551E+000
    912600   0.9178170528E+003   0.3529987474E+000
    912700   0.9211495427E+003   0.0000000000E+000
    912800   0.9262363075E+003   0.0000000000E+000
    912900   0.9291908932E+003   0.3523369116E+000
    913000   0.9243682622E+003   0.0000000000E+000
    913100   0.9241956480E+003   0.3526252699E+000
    913200   0.9245351445E+003   0.3526055582E+000
    913300   0.9258157170E+003   0.0000000000E+000
    913400   0.9292862283E+003   0.0000000000E+000
    913500   0.9239263808E+003   0.0000000000E+000
    913600   0.9252303687E+003   0.3525652445E+000
    913700   0.9346020618E+003   0.3520285443E+000
    913800   0.9235888315E+003   0.3526605441E+000
    913900   0.9240665156E+003   0.3526327719E+000
    914000   0.9180677022E+003   0.3529839585E+000
    914100   0.9392748545E+003   0.3517655410E+000
    914200   0.9242048866E+003   0.3526247332E+000
    914300   0.9258113610E+003   0.3525316081E+000
    914400   0.9351287801E+003   0.3519987473E+000
    914500   0.9325269765E+003   0.3521463108E+000
    914600   0.9211770709E+003   0.3528012695E+000
    914700   0.9303271994E+003   0.0000000000E+000
    914800   0.9296279914E+003   0.3523118492E+000
    914900   0.9261733099E+003   0.3525106778E+000
    915000   0.9321712911E+003   0.3521665574E+000
    915100   0.9375957205E+003   0.0000000000E+000
    915200   0.9291599483E+003   0.3523386870E+000
    915300   0.9181779232E+003   0.0000000000E+000
    915400   0.9291515975E+003   0.3523391661E+000
    915500   0.9175357560E+003   0.3530153557E+000
    915600   0.9215039833E+003   0.3527821445E+000
    915700   0.9288075803E+003   0.3523589124E+000
    915800   0.9221082024E+003   0.0000000000E+000
    915900   0.9341692534E+003   0.3520530576E+000
    916000   0.9204076751E+003   0.3528463423E+000
    916100   0.9317683628E+003   0.3521895148E+000
    916200   0.9224089308E+003   0.3527292849E+000
    916300   0.9237307477E+003   0.3526522898E+000
    916400   0.9317060144E+003   0.0000000000E+000
    916500   0.9306200110E+003   0.3522550691E+000
    916600   0.9260754998E+003   0.0000000000E+000
    916700   0.9230979822E+003   0.3526891163E+000
    916800   0.9267975872E+003   0.3524746222E+000
    916900   0.9375742605E+003   0.3518609083E+000
    917000   0.9323675503E+003   0.3521553836E+000
    917100   0.9196235436E+003   0.3528923679E+000
    917200   0.9258104563E+003   0.0000000000E+000
    917300   0.9245966778E+003   0.3526019873E+000
    917400   0.9185398797E+003   0.0000000000E+000
    917500   0.9208286029E+003   0.3528216727E+000
    917600   0.9272587399E+003   0.0000000000E+000
    917700   0.9351846054E+003   0.0000000000E+000
    917800   0.9258676876E+003   0.3525283497E+000
    917900   0.9262943223E+003   0.3525036843E+000
    918000   0.9290286455E+003   0.3523462215E+000
    918100   0.9250809002E+003   0.3525739058E+000
    918200   0.9269185503E+003   0.3524676423E+000
    918300   0.9231680357E+003   0.3526850364E+000
    918400   0.9178693637E+003   0.3529956602E+000
    918500   0.9391159674E+003   0.3517744344E+000
    918600   0.9292528242E+003   0.3523333589E+000
    918700   0.9296987267E+003   0.3523077959E+000
    918800   0.9364093562E+003   0.0000000000E+000
    918900   0.9279574707E+003   0.3524077805E+000
    919000   0.9278478765E+003   0.3524140879E+000
    919100   0.9213460699E+003   0.3527913808E+000
    919200   0.9390482414E+003   0.3517782263E+000
    919300   0.9377778068E+003   0.3518494728E+000
    919400   0.9283273676E+003   0.3523865045E+000
    919500   0.9252906753E+003   0.0000000000E+000
    919600   0.9303064222E+003   0.3522730029E+000
    919700   0.9310711231E+003   0.3522292949E+000
    919800   0.9210333294E+003   0.0000000000E+000
    919900   0.9136275941E+003   0.0000000000E+000
    920000   0.9173125846E+003   0.0000000000E+000
    920100   0.9427504077E+003   0.0000000000E+000
    920200   0.9309324009E+003   0.0000000000E+000
    920300   0.9291716430E+003   0.0000000000E+000
    920400   0.9241243842E+003   0.0000000000E+000
    920500   0.9315818039E+003   0.0000000000E+000
    920600   0.9362149812E+003   0.0000000000E+000
    920700   0.9271794418E+003   0.0000000000E+000
    920800   0.9296319200E+003   0.0000000000E+000
    920900   0.9283267965E+003   0.0000000000E+000
    921000   0.9237249381E+003   0.0000000000E+000
    921100   0.9358003045E+003   0.0000000000E+000
    921200   0.9284001582E+003   0.0000000000E+000
    921300   0.9385792664E+003   0.0000000000E+000
    921400   0.9373595414E+003   0.0000000000E+000
    921500   0.9276741566E+003   0.0000000000E+000
    921600   0.9227176791E+003   0.0000000000E+000
    921700   0.9327569072E+003   0.0000000000E+000
    921800   0.9325110783E+003   0.0000000000E+000
    921900   0.9281746610E+003   0.0000000000E+000
    922000   0.9282711086E+003   0.0000000000E+000
    922100   0.9238011320E+003   0.0000000000E+000
    922200   0.9260902910E+003   0.0000000000E+000
    922300   0.9259490181E+003   0.0000000000E+000
    922400   0.9277115859E+003   0.0000000000E+000
    922500   0.9260295028E+003   0.0000000000E+000
    922600   0.9272670138E+003   0.0000000000E+000
    922700   0.9218391946E+003   0.0000000000E+000
    922800   0.9348158499E+003   0.0000000000E+000
    922900   0.9370890216E+003   0.0000000000E+000
    923000   0.9338733499E+003   0.0000000000E+000
    923100   0.9428396027E+003   0.0000000000E+000
    923200   0.9337288188E+003   0.0000000000E+000
    923300   0.9351648631E+003   0.0000000000E+000
    923400   0.9307179099E+003   0.0000000000E+000
    923500   0.9281048934E+003   0.0000000000E+000
    923600   0.9362188167E+003   0.0000000000E+000
    923700   0.9311839006E+003   0.0000000000E+000
    923800   0.9274615944E+003   0.0000000000E+000
    923900   0.9273014113E+003   0.0000000000E+000
    924000   0.9314218512E+003   0.0000000000E+000
    924100   0.9297333043E+003   0.0000000000E+000
    924200   0.9334868672E+003   0.0000000000E+000
    924300   0.9370864428E+003   0.0000000000E+000
    924400   0.9186791543E+003   0.0000000000E+000
    924500   0.9279518146E+003   0.0000000000E+000
    924600   0.9306892937E+003   0.0000000000E+000
    924700   0.9255743488E+003   0.0000000000E+000
    924800   0.9242135633E+003   0.0000000000E+000
    924900   0.9190350220E+003   0.0000000000E+000
    925000   0.9238712371E+003   0.0000000000E+000
    925100   0.9246478945E+003   0.0000000000E+000
    925200   0.9255547772E+003   0.0000000000E+000
    925300   0.9351231993E+003   0.0000000000E+000
    925400   0.9313373664E+003   0.0000000000E+000
    925500   0.9304375513E+003   0.0000000000E+000
    925600   0.9377053754E+003   0.0000000000E+000
    925700   0.9324643618E+003   0.0000000000E+000
    925800   0.9254292810E+003   0.0000000000E+000
    925900   0.9215015997E+003   0.0000000000E+000
    926000   0.9198745759E+003   0.0000000000E+000
    926100   0.9310977138E+003   0.0000000000E+000
    926200   0.9348231647E+003   0.0000000000E+000
    926300   0.9295814871E+003   0.0000000000E+000
    926400   0.9248456239E+003   0.0000000000E+000
    926500   0.9313325661E+003   0.0000000000E+000
    926600   0.9303951324E+003   0.0000000000E+000
    926700   0.9274355949E+003   0.0000000000E+000
    926800   0.9368233579E+003   0.0000000000E+000
    926900   0.9232642617E+003   0.0000000000E+000
    927000   0.9243932149E+003   0.0000000000E+000
    927100   0.9280773929E+003   0.0000000000E+000
    927200   0.9239139531E+003   0.0000000000E+000
    927300   0.9289508593E+003   0.0000000000E+000
    927400   0.9351471582E+003   0.0000000000E+000
    927500   0.9244339957E+003   0.0000000000E+000
    927600   0.9334934088E+003   0.0000000000E+000
    927700   0.9292793946E+003   0.0000000000E+000
    927800   0.9198997039E+003   0.0000000000E+000
    927900   0.9359247332E+003   0.0000000000E+000
    928000   0.9179134198E+003   0.0000000000E+000
    928100   0.9292125534E+003   0.0000000000E+000
    928200   0.9369519630E+003   0.0000000000E+000
    928300   0.9360181907E+003   0.0000000000E+000
    928400   0.9364777841E+003   0.0000000000E+000
    928500   0.9232141797E+003   0.0000000000E+000
    928600   0.9249210551E+003   0.0000000000E+000
    928700   0.9257378321E+003   0.0000000000E+000
    928800   0.9252251091E+003   0.0000000000E+000
    928900   0.9264238430E+003   0.0000000000E+000
    929000   0.9322048535E+003   0.0000000000E+000
    929100   0.9340958261E+003   0.0000000000E+000
    929200   0.9317464008E+003   0.0000000000E+000
    929300   0.9348799759E+003   0.0000000000E+000
    929400   0.9304929996E+003   0.0000000000E+000
    929500   0.9380297293E+003   0.0000000000E+000
    929600   0.9287532693E+003   0.0000000000E+000
    929700   0.9312631364E+003   0.0000000000E+000
    929800   0.9372272051E+003   0.0000000000E+000
    929900   0.9254844604E+003   0.0000000000E+000
    930000   0.9275568406E+003   0.0000000000E+000
    930100   0.9253887333E+003   0.0000000000E+000
    930200   0.9396109948E+003   0.0000000000E+000
    930300   0.9210830890E+003   0.0000000000E+000
    930400   0.9262214975E+003   0.0000000000E+000
    930500   0.9342937223E+003   0.0000000000E+000
    930600   0.9227154594E+003   0.0000000000E+000
    930700   0.9316586068E+003   0.0000000000E+000
    930800   0.9232438353E+003   0.0000000000E+000
    930900   0.9356860699E+003   0.0000000000E+000
    931000   0.9270363493E+003   0.0000000000E+000
    931100   0.9193606054E+003   0.0000000000E+000
    931200   0.9260625052E+003   0.0000000000E+000
    931300   0.9236331376E+003   0.0000000000E+000
    931400   0.9291986571E+003   0.0000000000E+000
    931500   0.9349271445E+003   0.0000000000E+000
    931600   0.9281547774E+003   0.0000000000E+000
    931700   0.9235036873E+003   0.0000000000E+000
    931800   0.9294817637E+003   0.0000000000E+000
    931900   0.9290581309E+003   0.0000000000E+000
    932000   0.9222310029E+003   0.0000000000E+000
    932100   0.9304535020E+003   0.0000000000E+000
    932200   0.9345396785E+003   0.0000000000E+000
    932300   0.9288930006E+003   0.0000000000E+000
    932400   0.9242854577E+003   0.0000000000E+000
    932500   0.9278107170E+003   0.0000000000E+000
    932600   0.9316095745E+003   0.0000000000E+000
    932700   0.9385572878E+003   0.0000000000E+000
    932800   0.9261730470E+003   0.0000000000E+000
    932900   0.9296641440E+003   0.0000000000E+000
    933000   0.9311612117E+003   0.0000000000E+000
    933100   0.9351527741E+003   0.0000000000E+000
    933200   0.9238184685E+003   0.0000000000E+000
    933300   0.9290353948E+003   0.0000000000E+000
    933400   0.9332481145E+003   0.0000000000E+000
    933500   0.9297946857E+003   0.0000000000E+000
    933600   0.9314788475E+003   0.0000000000E+000
    933700   0.9278873121E+003   0.0000000000E+000
    933800   0.9327517927E+003   0.0000000000E+000
    933900   0.9247768503E+003   0.0000000000E+000
    934000   0.9241729561E+003   0.0000000000E+000
    934100   0.9117613416E+003   0.0000000000E+000
    934200   0.9260139916E+003   0.0000000000E+000
    934300   0.9302990622E+003   0.0000000000E+000
    934400   0.9358238307E+003   0.0000000000E+000
    934500   0.9253805239E+003   0.0000000000E+000
    934600   0.9312103569E+003   0.0000000000E+000
    934700   0.9278614475E+003   0.0000000000E+000
    934800   0.9313238240E+003   0.0000000000E+000
    934900   0.9269281108E+003   0.0000000000E+000
    935000   0.9280813645E+003   0.0000000000E+000
    935100   0.9298511782E+003   0.0000000000E+000
    935200   0.9377092669E+003   0.0000000000E+000
    935300   0.9284516413E+003   0.0000000000E+000
    935400   0.9240718241E+003   0.0000000000E+000
    935500   0.9357545365E+003   0.0000000000E+000
    935600   0.9270784280E+003   0.0000000000E+000
    935700   0.9242936724E+003   0.0000000000E+000
    935800   0.9199324015E+003   0.0000000000E+000
    935900   0.9212812099E+003   0.0000000000E+000
    936000   0.9229278667E+003   0.0000000000E+000
    936100   0.9254634956E+003   0.0000000000E+000
    936200   0.9238119867E+003   0.0000000000E+000
    936300   0.9294481705E+003   0.0000000000E+000
    936400   0.9299058011E+003   0.0000000000E+000
    936500   0.9249326238E+003   0.0000000000E+000
    936600   0.9252699640E+003   0.0000000000E+000
    936700   0.9311146611E+003   0.0000000000E+000
    936800   0.9329174901E+003   0.0000000000E+000
    936900   0.9220729193E+003   0.0000000000E+000
    937000   0.9247683484E+003   0.0000000000E+000
    937100   0.9292843156E+003   0.0000000000E+000
    937200   0.9193378194E+003   0.0000000000E+000
    937300   0.9299617421E+003   0.0000000000E+000
    937400   0.9394222225E+003   0.0000000000E+000
    937500   0.9222894475E+003   0.0000000000E+000
    937600   0.9213537391E+003   0.0000000000E+000
    937700   0.9287823859E+003   0.0000000000E+000
    937800   0.9252326847E+003   0.0000000000E+000
    937900   0.9240502044E+003   0.0000000000E+000
    938000   0.9232286784E+003   0.0000000000E+000
    938100   0.9179501672E+003   0.0000000000E+000
    938200   0.9323706521E+003   0.0000000000E+000
    938300   0.9302571735E+003   0.0000000000E+000
    938400   0.9263152676E+003   0.0000000000E+000
    938500   0.9176243613E+003   0.0000000000E+000
    938600   0.9257552708E+003   0.0000000000E+000
    938700   0.9218535425E+003   0.0000000000E+000
    938800   0.9235761452E+003   0.0000000000E+000
    938900   0.9279421987E+003   0.0000000000E+000
    939000   0.9182499224E+003   0.0000000000E+000
    939100   0.9209267613E+003   0.0000000000E+000
    939200   0.9214027989E+003   0.0000000000E+000
    939300   0.9228814998E+003   0.0000000000E+000
    939400   0.9245492329E+003   0.0000000000E+000
    939500   0.9326761141E+003   0.0000000000E+000
    939600   0.9248702304E+003   0.0000000000E+000
    939700   0.9364274784E+003   0.0000000000E+000
    939800   0.9193141318E+003   0.0000000000E+000
    939900   0.9195564754E+003   0.0000000000E+000
    940000   0.9277045617E+003   0.0000000000E+000
    940100   0.9214643328E+003   0.0000000000E+000
    940200   0.9240463157E+003   0.0000000000E+000
    940300   0.9204984194E+003   0.0000000000E+000
    940400   0.9265776611E+003   0.0000000000E+000
    940500   0.9264806311E+003   0.0000000000E+000
    940600   0.9202578649E+003   0.0000000000E+000
    940700   0.9148301408E+003   0.0000000000E+000
    940800   0.9232902408E+003   0.0000000000E+000
    940900   0.9244824954E+003   0.0000000000E+000
    941000   0.9257075465E+003   0.0000000000E+000
    941100   0.9232136816E+003   0.0000000000E+000
    941200   0.9306856603E+003   0.0000000000E+000
    941300   0.9279986882E+003   0.0000000000E+000
    941400   0.9276555736E+003   0.0000000000E+000
    941500   0.9311568618E+003   0.0000000000E+000
    941600   0.9263251529E+003   0.0000000000E+000
    941700   0.9404424655E+003   0.0000000000E+000
    941800   0.9223352635E+003   0.0000000000E+000
    941900   0.9256826418E+003   0.0000000000E+000
    942000   0.9309469796E+003   0.0000000000E+000
    942100   0.9242744815E+003   0.0000000000E+000
    942200   0.9296595547E+003   0.0000000000E+000
    942300   0.9194555159E+003   0.0000000000E+000
    942400   0.9221572027E+003   0.0000000000E+000
    942500   0.9309876890E+003   0.0000000000E+000
    942600   0.9213330396E+003   0.0000000000E+000
    942700   0.9133433901E+003   0.0000000000E+000
    942800   0.9236171201E+003   0.0000000000E+000
    942900   0.9249021883E+003   0.0000000000E+000
    943000   0.9194617334E+003   0.0000000000E+000
    943100   0.9366945672E+003   0.0000000000E+000
    943200   0.9353204036E+003   0.0000000000E+000
    943300   0.9379079575E+003   0.0000000000E+000
    943400   0.9254499332E+003   0.0000000000E+000
    943500   0.9194849165E+003   0.0000000000E+000
    943600   0.9110995858E+003   0.0000000000E+000
    943700   0.9248556869E+003   0.0000000000E+000
    943800   0.9140828337E+003   0.0000000000E+000
    943900   0.9276876306E+003   0.0000000000E+000
    944000   0.9264754725E+003   0.0000000000E+000
    944100   0.9233703869E+003   0.0000000000E+000
    944200   0.9276040289E+003   0.0000000000E+000
    944300   0.9225845525E+003   0.0000000000E+000
    944400   0.9198411148E+003   0.0000000000E+000
    944500   0.9310984556E+003   0.0000000000E+000
    944600   0.9334382375E+003   0.0000000000E+000
    944700   0.9312925954E+003   0.0000000000E+000
    944800   0.9261583042E+003   0.0000000000E+000
    944900   0.9228402930E+003   0.0000000000E+000
    945000   0.9226834974E+003   0.0000000000E+000
    945100   0.9217774062E+003   0.0000000000E+000
    945200   0.9168343439E+003   0.0000000000E+000
    945300   0.9315562278E+003   0.0000000000E+000
    945400   0.9279253789E+003   0.0000000000E+000
    945500   0.9229449567E+003   0.0000000000E+000
    945600   0.9302939566E+003   0.0000000000E+000
    945700   0.9162888101E+003   0.0000000000E+000
    945800   0.9230181023E+003   0.0000000000E+000
    945900   0.9280923339E+003   0.0000000000E+000
    946000   0.9274950483E+003   0.0000000000E+000
    946100   0.9260122611E+003   0.0000000000E+000
    946200   0.9179469297E+003   0.0000000000E+000
    946300   0.9255092196E+003   0.0000000000E+000
    946400   0.9246545814E+003   0.0000000000E+000
    946500   0.9299912907E+003   0.0000000000E+000
    946600   0.9231280093E+003   0.0000000000E+000
    946700   0.9254119398E+003   0.0000000000E+000
    946800   0.9241331642E+003   0.0000000000E+000
    946900   0.9337863881E+003   0.0000000000E+000
    947000   0.9185133330E+003   0.0000000000E+000
    947100   0.9306827916E+003   0.0000000000E+000
    947200   0.9349376181E+003   0.0000000000E+000
    947300   0.9288985384E+003   0.0000000000E+000
    947400   0.9202219168E+003   0.0000000000E+000
    947500   0.9226949959E+003   0.0000000000E+000
    947600   0.9232016631E+003   0.0000000000E+000
    947700   0.9345171103E+003   0.0000000000E+000
    947800   0.9264457288E+003   0.0000000000E+000
    947900   0.9255963354E+003   0.0000000000E+000
    948000   0.9153496205E+003   0.0000000000E+000
    948100   0.9217444041E+003   0.0000000000E+000
    948200   0.9244481651E+003   0.0000000000E+000
    948300   0.9266943125E+003   0.0000000000E+000
    948400   0.9295869281E+003   0.0000000000E+000
    948500   0.9285190148E+003   0.0000000000E+000
    948600   0.9240180540E+003   0.0000000000E+000
    948700   0.9225772703E+003   0.0000000000E+000
    948800   0.9334820691E+003   0.0000000000E+000
    948900   0.9204978041E+003   0.0000000000E+000
    949000   0.9273355297E+003   0.0000000000E+000
    949100   0.9171965198E+003   0.0000000000E+000
    949200   0.9212677865E+003   0.0000000000E+000
    949300   0.9214608608E+003   0.0000000000E+000
    949400   0.9165985739E+003   0.0000000000E+000
    949500   0.9231360325E+003   0.0000000000E+000
    949600   0.9231264609E+003   0.0000000000E+000
    949700   0.9221507884E+003   0.0000000000E+000
    949800   0.9372221501E+003   0.0000000000E+000
    949900   0.9215051117E+003   0.0000000000E+000
    950000   0.9270120631E+003   0.0000000000E+000
    950100   0.9260364939E+003   0.0000000000E+000
    950200   0.9268673203E+003   0.0000000000E+000
    950300   0.9337486051E+003   0.0000000000E+000
    950400   0.9301199579E+003   0.0000000000E+000
    950500   0.9303400426E+003   0.0000000000E+000
    950600   0.9301106615E+003   0.0000000000E+000
    950700   0.9199616607E+003   0.0000000000E+000
    950800   0.9218391036E+003   0.0000000000E+000
    950900   0.9252707113E+003   0.0000000000E+000
    951000   0.9307893281E+003   0.0000000000E+000
    951100   0.9231223955E+003   0.0000000000E+000
    951200   0.9294909064E+003   0.0000000000E+000
    951300   0.9177976457E+003   0.0000000000E+000
    951400   0.9316696755E+003   0.0000000000E+000
    951500   0.9282503997E+003   0.0000000000E+000
    951600   0.9383881341E+003   0.0000000000E+000
    951700   0.9221095834E+003   0.0000000000E+000
    951800   0.9342445124E+003   0.0000000000E+000
    951900   0.9269910708E+003   0.0000000000E+000
    952000   0.9376147674E+003   0.0000000000E+000
    952100   0.9304024184E+003   0.0000000000E+000
    952200   0.9258788326E+003   0.0000000000E+000
    952300   0.9169251127E+003   0.0000000000E+000
    952400   0.9315599046E+003   0.0000000000E+000
    952500   0.9363269560E+003   0.0000000000E+000
    952600   0.9352169173E+003   0.0000000000E+000
    952700   0.9386187936E+003   0.0000000000E+000
    952800   0.9272867481E+003   0.0000000000E+000
    952900   0.9301687055E+003   0.0000000000E+000
    953000   0.9246810780E+003   0.0000000000E+000
    953100   0.9261889827E+003   0.0000000000E+000
    953200   0.9326704050E+003   0.0000000000E+000
    953300   0.9292091641E+003   0.0000000000E+000
    953400   0.9336259279E+003   0.0000000000E+000
    953500   0.9164219735E+003   0.0000000000E+000
    953600   0.9221789331E+003   0.0000000000E+000
    953700   0.9159453378E+003   0.0000000000E+000
    953800   0.9288109373E+003   0.0000000000E+000
    953900   0.9276011785E+003   0.0000000000E+000
    954000   0.9345537963E+003   0.0000000000E+000
    954100   0.9344754402E+003   0.0000000000E+000
    954200   0.9263871681E+003   0.0000000000E+000
    954300   0.9140008137E+003   0.0000000000E+000
    954400   0.9217543826E+003   0.0000000000E+000
    954500   0.9223917558E+003   0.0000000000E+000
    954600   0.9203426071E+003   0.0000000000E+000
    954700   0.9228348244E+003   0.0000000000E+000
    954800   0.9238109508E+003   0.0000000000E+000
    954900   0.9194871208E+003   0.0000000000E+000
    955000   0.9290932924E+003   0.0000000000E+000
    955100   0.9261997908E+003   0.0000000000E+000
    955200   0.9329228028E+003   0.0000000000E+000
    955300   0.9342078504E+003   0.0000000000E+000
    955400   0.9295762877E+003   0.0000000000E+000
    955500   0.9293151469E+003   0.0000000000E+000
    955600   0.9235445053E+003   0.0000000000E+000
    955700   0.9315234354E+003   0.0000000000E+000
    955800   0.9207582383E+003   0.0000000000E+000
    955900   0.9307267094E+003   0.0000000000E+000
    956000   0.9329081117E+003   0.0000000000E+000
    956100   0.9350399662E+003   0.0000000000E+000
    956200   0.9356717813E+003   0.0000000000E+000
    956300   0.9253821971E+003   0.0000000000E+000
    956400   0.9259780802E+003   0.0000000000E+000
    956500   0.9209099799E+003   0.0000000000E+000
    956600   0.9272472043E+003   0.0000000000E+000
    956700   0.9250261278E+003   0.0000000000E+000
    956800   0.9217777037E+003   0.0000000000E+000
    956900   0.9281029043E+003   0.0000000000E+000
    957000   0.9280092127E+003   0.0000000000E+000
    957100   0.9289109172E+003   0.0000000000E+000
    957200   0.9217254136E+003   0.0000000000E+000
    957300   0.9317386286E+003   0.0000000000E+000
    957400   0.9290106020E+003   0.0000000000E+000
    957500   0.9256308563E+003   0.0000000000E+000
    957600   0.9304629272E+003   0.0000000000E+000
    957700   0.9374390849E+003   0.0000000000E+000
    957800   0.9231161047E+003   0.0000000000E+000
    957900   0.9328882980E+003   0.0000000000E+000
    958000   0.9336941431E+003   0.0000000000E+000
    958100   0.9234625970E+003   0.0000000000E+000
    958200   0.9209588149E+003   0.0000000000E+000
    958300   0.9192386846E+003   0.0000000000E+000
    958400   0.9226467926E+003   0.0000000000E+000
    958500   0.9179063012E+003   0.0000000000E+000
    958600   0.9410472748E+003   0.0000000000E+000
    958700   0.9175297668E+003   0.0000000000E+000
    958800   0.9284340166E+003   0.0000000000E+000
    958900   0.9282112052E+003   0.0000000000E+000
    959000   0.9276435108E+003   0.0000000000E+000
    959100   0.9280483560E+003   0.0000000000E+000
    959200   0.9320387526E+003   0.0000000000E+000
    959300   0.9230145399E+003   0.0000000000E+000
    959400   0.9226516448E+003   0.0000000000E+000
    959500   0.9257637796E+003   0.0000000000E+000
    959600   0.9306219383E+003   0.0000000000E+000
    959700   0.9322600929E+003   0.0000000000E+000
    959800   0.9301967409E+003   0.0000000000E+000
    959900   0.9257630836E+003   0.0000000000E+000
    960000   0.9269372612E+003   0.0000000000E+000
    960100   0.9260604498E+003   0.0000000000E+000
    960200   0.9130895498E+003   0.0000000000E+000
    960300   0.9219759463E+003   0.0000000000E+000
    960400   0.9225664431E+003   0.0000000000E+000
    960500   0.9264253829E+003   0.0000000000E+000
    960600   0.9192533621E+003   0.0000000000E+000
    960700   0.9179070639E+003   0.0000000000E+000
    960800   0.9248617734E+003   0.0000000000E+000
    960900   0.9186108757E+003   0.0000000000E+000
    961000   0.9243149936E+003   0.0000000000E+000
    961100   0.9226880212E+003   0.0000000000E+000
    961200   0.9221050130E+003   0.0000000000E+000
    961300   0.9121174364E+003   0.0000000000E+000
    961400   0.9208103315E+003   0.0000000000E+000
    961500   0.9295911622E+003   0.0000000000E+000
    961600   0.9201611801E+003   0.0000000000E+000
    961700   0.9207611209E+003   0.0000000000E+000
    961800   0.9205235755E+003   0.0000000000E+000
    961900   0.9277452400E+003   0.0000000000E+000
    962000   0.9222212857E+003   0.0000000000E+000
    962100   0.9282229177E+003   0.0000000000E+000
    962200   0.9191827037E+003   0.0000000000E+000
    962300   0.9193236991E+003   0.0000000000E+000
    962400   0.9251452303E+003   0.0000000000E+000
    962500   0.9268688120E+003   0.0000000000E+000
    962600   0.9252420091E+003   0.0000000000E+000
    962700   0.9187201106E+003   0.0000000000E+000
    962800   0.9286313848E+003   0.0000000000E+000
    962900   0.9285496971E+003   0.0000000000E+000
    963000   0.9329472901E+003   0.0000000000E+000
    963100   0.9188833278E+003   0.0000000000E+000
    963200   0.9334927816E+003   0.0000000000E+000
    963300   0.9196577104E+003   0.0000000000E+000
    963400   0.9156584068E+003   0.0000000000E+000
    963500   0.9223487551E+003   0.0000000000E+000
    963600   0.9272140746E+003   0.0000000000E+000
    963700   0.9326384881E+003   0.0000000000E+000
    963800   0.9212442066E+003   0.0000000000E+000
    963900   0.9104440098E+003   0.0000000000E+000
    964000   0.9317692116E+003   0.0000000000E+000
    964100   0.9177114523E+003   0.0000000000E+000
    964200   0.9280524562E+003   0.0000000000E+000
    964300   0.9181750555E+003   0.0000000000E+000
    964400   0.9280026183E+003   0.0000000000E+000
    964500   0.9169997227E+003   0.0000000000E+000
    964600   0.9263786199E+003   0.0000000000E+000
    964700   0.9348938232E+003   0.0000000000E+000
    964800   0.9330510059E+003   0.0000000000E+000
    964900   0.9309790294E+003   0.0000000000E+000
    965000   0.9250077947E+003   0.0000000000E+000
    965100   0.9226025165E+003   0.0000000000E+000
    965200   0.9205420232E+003   0.0000000000E+000
    965300   0.9322071865E+003   0.0000000000E+000
    965400   0.9279258127E+003   0.0000000000E+000
    965500   0.9261647699E+003   0.0000000000E+000
    965600   0.9270419488E+003   0.0000000000E+000
    965700   0.9296521874E+003   0.0000000000E+000
    965800   0.9281483837E+003   0.0000000000E+000
    965900   0.9339953818E+003   0.0000000000E+000
    966000   0.9328712504E+003   0.0000000000E+000
    966100   0.9346865943E+003   0.0000000000E+000
    966200   0.9270527101E+003   0.0000000000E+000
    966300   0.9271678724E+003   0.0000000000E+000
    966400   0.9359031663E+003   0.0000000000E+000
    966500   0.9307038129E+003   0.0000000000E+000
    966600   0.9351817195E+003   0.0000000000E+000
    966700   0.9265487532E+003   0.0000000000E+000
    966800   0.9331829999E+003   0.0000000000E+000
    966900   0.9353214491E+003   0.0000000000E+000
    967000   0.9337980849E+003   0.0000000000E+000
    967100   0.9303115558E+003   0.0000000000E+000
    967200   0.9279372916E+003   0.0000000000E+000
    967300   0.9390715409E+003   0.0000000000E+000
    967400   0.9329586222E+003   0.0000000000E+000
    967500   0.9332706920E+003   0.0000000000E+000
    967600   0.9408232314E+003   0.0000000000E+000
    967700   0.9307576636E+003   0.0000000000E+000
    967800   0.9334760145E+003   0.0000000000E+000
    967900   0.9350903881E+003   0.0000000000E+000
    968000   0.9357699001E+003   0.0000000000E+000
    968100   0.9432669931E+003   0.0000000000E+000
    968200   0.9253236155E+003   0.0000000000E+000
    968300   0.9319991174E+003   0.0000000000E+000
    968400   0.9315742947E+003   0.0000000000E+000
    968500   0.9427680144E+003   0.0000000000E+000
    968600   0.9266222988E+003   0.0000000000E+000
    968700   0.9422632373E+003   0.0000000000E+000
    968800   0.9337257593E+003   0.0000000000E+000
    968900   0.9297650814E+003   0.0000000000E+000
    969000   0.9340661483E+003   0.0000000000E+000
    969100   0.9315732884E+003   0.0000000000E+000
    969200   0.9328850799E+003   0.0000000000E+000
    969300   0.9187974842E+003   0.0000000000E+000
    969400   0.9304316683E+003   0.0000000000E+000
    969500   0.9367236456E+003   0.0000000000E+000
    969600   0.9347292723E+003   0.0000000000E+000
    969700   0.9388830362E+003   0.0000000000E+000
    969800   0.9278410200E+003   0.0000000000E+000
    969900   0.9335788175E+003   0.0000000000E+000
    970000   0.9279961426E+003   0.0000000000E+000
    970100   0.9356768248E+003   0.0000000000E+000
    970200   0.9253655758E+003   0.0000000000E+000
    970300   0.9349273782E+003   0.0000000000E+000
    970400   0.9324388896E+003   0.0000000000E+000
    970500   0.9285190462E+003   0.0000000000E+000
    970600   0.9346342203E+003   0.0000000000E+000
    970700   0.9348645583E+003   0.0000000000E+000
    970800   0.9252717582E+003   0.0000000000E+000
    970900   0.9300980417E+003   0.0000000000E+000
    971000   0.9223740437E+003   0.0000000000E+000
    971100   0.9260069088E+003   0.0000000000E+000
    971200   0.9183306581E+003   0.0000000000E+000
    971300   0.9382393033E+003   0.0000000000E+000
    971400   0.9294437370E+003   0.0000000000E+000
    971500   0.9279919275E+003   0.0000000000E+000
    971600   0.9309269049E+003   0.0000000000E+000
    971700   0.9305783816E+003   0.0000000000E+000
    971800   0.9290035849E+003   0.0000000000E+000
    971900   0.9309806829E+003   0.0000000000E+000
    972000   0.9324278056E+003   0.0000000000E+000
    972100   0.9282149777E+003   0.0000000000E+000
    972200   0.9358921819E+003   0.0000000000E+000
    972300   0.9379374759E+003   0.0000000000E+000
    972400   0.9238161919E+003   0.0000000000E+000
    972500   0.9312960767E+003   0.0000000000E+000
    972600   0.9289405809E+003   0.0000000000E+000
    972700   0.9246453448E+003   0.0000000000E+000
    972800   0.9316418156E+003   0.0000000000E+000
    972900   0.9360107759E+003   0.0000000000E+000
    973000   0.9246179474E+003   0.0000000000E+000
    973100   0.9272782753E+003   0.0000000000E+000
    973200   0.9419009654E+003   0.0000000000E+000
    973300   0.9290755917E+003   0.0000000000E+000
    973400   0.9224823265E+003   0.0000000000E+000
    973500   0.9325947490E+003   0.0000000000E+000
    973600   0.9313391055E+003   0.0000000000E+000
    973700   0.9257673862E+003   0.0000000000E+000
    973800   0.9328011746E+003   0.0000000000E+000
    973900   0.9354830242E+003   0.0000000000E+000
    974000   0.9292292987E+003   0.0000000000E+000
    974100   0.9324021318E+003   0.0000000000E+000
    974200   0.9352534581E+003   0.0000000000E+000
    974300   0.9259259780E+003   0.0000000000E+000
    974400   0.9210911185E+003   0.0000000000E+000
    974500   0.9355248754E+003   0.0000000000E+000
    974600   0.9481864221E+003   0.0000000000E+000
    974700   0.9284930312E+003   0.0000000000E+000
    974800   0.9328143096E+003   0.0000000000E+000
    974900   0.9292960220E+003   0.0000000000E+000
    975000   0.9286283023E+003   0.0000000000E+000
    975100   0.9214397166E+003   0.0000000000E+000
    975200   0.9215531676E+003   0.0000000000E+000
    975300   0.9246837970E+003   0.0000000000E+000
    975400   0.9320628990E+003   0.0000000000E+000
    975500   0.9285890584E+003   0.0000000000E+000
    975600   0.9344672339E+003   0.0000000000E+000
    975700   0.9294977884E+003   0.0000000000E+000
    975800   0.9323523592E+003   0.0000000000E+000
    975900   0.9411842943E+003   0.0000000000E+000
    976000   0.9216121994E+003   0.0000000000E+000
    976100   0.9296045710E+003   0.0000000000E+000
    976200   0.9204742109E+003   0.0000000000E+000
    976300   0.9259949283E+003   0.0000000000E+000
    976400   0.9426840546E+003   0.0000000000E+000
    976500   0.9342625475E+003   0.0000000000E+000
    976600   0.9265861671E+003   0.0000000000E+000
    976700   0.9229650115E+003   0.0000000000E+000
    976800   0.9312350149E+003   0.0000000000E+000
    976900   0.9255397804E+003   0.0000000000E+000
    977000   0.9221724708E+003   0.0000000000E+000
    977100   0.9272111453E+003   0.0000000000E+000
    977200   0.9143758799E+003   0.0000000000E+000
    977300   0.9274823074E+003   0.0000000000E+000
    977400   0.9249882667E+003   0.0000000000E+000
    977500   0.9260443783E+003   0.0000000000E+000
    977600   0.9379721417E+003   0.0000000000E+000
    977700   0.9206697905E+003   0.0000000000E+000
    977800   0.9381392638E+003   0.0000000000E+000
    977900   0.9270899943E+003   0.0000000000E+000
    978000   0.9282178549E+003   0.0000000000E+000
    978100   0.9273592479E+003   0.0000000000E+000
    978200   0.9316257467E+003   0.0000000000E+000
    978300   0.9250325997E+003   0.0000000000E+000
    978400   0.9310550278E+003   0.0000000000E+000
    978500   0.9277212673E+003   0.0000000000E+000
    978600   0.9383065831E+003   0.0000000000E+000
    978700   0.9329969450E+003   0.0000000000E+000
    978800   0.9245566942E+003   0.0000000000E+000
    978900   0.9288687024E+003   0.0000000000E+000
    979000   0.9321469685E+003   0.0000000000E+000
    979100   0.9236826993E+003   0.0000000000E+000
    979200   0.9242330880E+003   0.0000000000E+000
    979300   0.9261959945E+003   0.0000000000E+000
    979400   0.9239853611E+003   0.0000000000E+000
    979500   0.9254714122E+003   0.0000000000E+000
    979600   0.9297293964E+003   0.0000000000E+000
    979700   0.9186636234E+003   0.0000000000E+000
    979800   0.9181273973E+003   0.0000000000E+000
    979900   0.9282380504E+003   0.0000000000E+000
    980000   0.9222349012E+003   0.0000000000E+000
    980100   0.9160388126E+003   0.0000000000E+000
    980200   0.9220799490E+003   0.0000000000E+000
    980300   0.9285312769E+003   0.0000000000E+000
    980400   0.9245084978E+003   0.0000000000E+000
    980500   0.9285256342E+003   0.0000000000E+000
    980600   0.9262164409E+003   0.0000000000E+000
    980700   0.9243939702E+003   0.0000000000E+000
    980800   0.9261136814E+003   0.0000000000E+000
    980900   0.9162274228E+003   0.0000000000E+000
    981000   0.9373368815E+003   0.0000000000E+000
    981100   0.9264961460E+003   0.0000000000E+000
    981200   0.9190623436E+003   0.0000000000E+000
    981300   0.9235168766E+003   0.0000000000E+000
    981400   0.9311668633E+003   0.0000000000E+000
    981500   0.9244127919E+003   0.0000000000E+000
    981600   0.9281040418E+003   0.0000000000E+000
    981700   0.9323566807E+003   0.0000000000E+000
    981800   0.9302549278E+003   0.0000000000E+000
    981900   0.9224764883E+003   0.0000000000E+000
    982000   0.9242074226E+003   0.0000000000E+000
    982100   0.9249058421E+003   0.0000000000E+000
    982200   0.9298384552E+003   0.0000000000E+000
    982300   0.9281460130E+003   0.0000000000E+000
    982400   0.9226287868E+003   0.0000000000E+000
    982500   0.9293608150E+003   0.0000000000E+000
    982600   0.9319779000E+003   0.0000000000E+000
    982700   0.9317659421E+003   0.0000000000E+000
    982800   0.9345971445E+003   0.0000000000E+000
    982900   0.9349372430E+003   0.0000000000E+000
    983000   0.9372448294E+003   0.0000000000E+000
    983100   0.9332423797E+003   0.0000000000E+000
    983200   0.9198719464E+003   0.0000000000E+000
    983300   0.9235342064E+003   0.0000000000E+000
    983400   0.9326609528E+003   0.0000000000E+000
    983500   0.9362037902E+003   0.0000000000E+000
    983600   0.9209535885E+003   0.0000000000E+000
    983700   0.9198304448E+003   0.0000000000E+000
    983800   0.9190088592E+003   0.0000000000E+000
    983900   0.9256589679E+003   0.0000000000E+000
    984000   0.9273779429E+003   0.0000000000E+000
    984100   0.9184128230E+003   0.0000000000E+000
    984200   0.9220392931E+003   0.0000000000E+000
    984300   0.9203231349E+003   0.0000000000E+000
    984400   0.9283050011E+003   0.0000000000E+000
    984500   0.9313695092E+003   0.0000000000E+000
    984600   0.9220936554E+003   0.0000000000E+000
    984700   0.9216874964E+003   0.0000000000E+000
    984800   0.9296337234E+003   0.0000000000E+000
    984900   0.9273270253E+003   0.0000000000E+000
    985000   0.9289245441E+003   0.0000000000E+000
    985100   0.9333238211E+003   0.0000000000E+000
    985200   0.9249761909E+003   0.0000000000E+000
    985300   0.9258895202E+003   0.0000000000E+000
    985400   0.9220224375E+003   0.0000000000E+000
    985500   0.9335952625E+003   0.0000000000E+000
    985600   0.9234404828E+003   0.0000000000E+000
    985700   0.9222938444E+003   0.0000000000E+000
    985800   0.9196906977E+003   0.0000000000E+000
    985900   0.9354523077E+003   0.0000000000E+000
    986000   0.9298795694E+003   0.0000000000E+000
    986100   0.9322897798E+003   0.0000000000E+000
    986200   0.9250335600E+003   0.0000000000E+000
    986300   0.9312187105E+003   0.0000000000E+000
    986400   0.9210819452E+003   0.0000000000E+000
    986500   0.9145194736E+003   0.0000000000E+000
    986600   0.9205477552E+003   0.0000000000E+000
    986700   0.9324679652E+003   0.0000000000E+000
    986800   0.9372405048E+003   0.0000000000E+000
    986900   0.9290496197E+003   0.0000000000E+000
    987000   0.9271368042E+003   0.0000000000E+000
    987100   0.9293036602E+003   0.0000000000E+000
    987200   0.9191829670E+003   0.0000000000E+000
    987300   0.9337376490E+003   0.0000000000E+000
    987400   0.9279092842E+003   0.0000000000E+000
    987500   0.9255428430E+003   0.0000000000E+000
    987600   0.9319710640E+003   0.0000000000E+000
    987700   0.9210553530E+003   0.0000000000E+000
    987800   0.9242357517E+003   0.0000000000E+000
    987900   0.9160594636E+003   0.0000000000E+000
    988000   0.9187206016E+003   0.0000000000E+000
    988100   0.9272249399E+003   0.0000000000E+000
    988200   0.9259970424E+003   0.0000000000E+000
    988300   0.9284937648E+003   0.0000000000E+000
    988400   0.9252087410E+003   0.0000000000E+000
    988500   0.9308133093E+003   0.0000000000E+000
    988600   0.9346477343E+003   0.0000000000E+000
    988700   0.9267070748E+003   0.0000000000E+000
    988800   0.9227853358E+003   0.0000000000E+000
    988900   0.9230053538E+003   0.0000000000E+000
    989000   0.9303733682E+003   0.0000000000E+000
    989100   0.9251340034E+003   0.0000000000E+000
    989200   0.9263750800E+003   0.0000000000E+000
    989300   0.9331168958E+003   0.0000000000E+000
    989400   0.9305490631E+003   0.0000000000E+000
    989500   0.9289916018E+003   0.0000000000E+000
    989600   0.9345433136E+003   0.0000000000E+000
    989700   0.9319359682E+003   0.0000000000E+000
    989800   0.9280888641E+003   0.0000000000E+000
    989900   0.9349079223E+003   0.0000000000E+000
    990000   0.9345524995E+003   0.0000000000E+000
    990100   0.9315125188E+003   0.0000000000E+000
    990200   0.9277180377E+003   0.0000000000E+000
    990300   0.9277030059E+003   0.0000000000E+000
    990400   0.9305255867E+003   0.0000000000E+000
    990500   0.9330707508E+003   0.0000000000E+000
    990600   0.9276867942E+003   0.0000000000E+000
    990700   0.9295567588E+003   0.0000000000E+000
    990800   0.9229470915E+003   0.0000000000E+000
    990900   0.9195255290E+003   0.0000000000E+000
    991000   0.9264316606E+003   0.0000000000E+000
    991100   0.9331237462E+003   0.0000000000E+000
    991200   0.9300839176E+003   0.0000000000E+000
    991300   0.9264379564E+003   0.0000000000E+000
    991400   0.9262558267E+003   0.0000000000E+000
    991500   0.9274854829E+003   0.0000000000E+000
    991600   0.9251438318E+003   0.0000000000E+000
    991700   0.9375629145E+003   0.0000000000E+000
    991800   0.9259037173E+003   0.0000000000E+000
    991900   0.9267335110E+003   0.0000000000E+000
    992000   0.9299938415E+003   0.0000000000E+000
    992100   0.9213485748E+003   0.0000000000E+000
    992200   0.9282126364E+003   0.0000000000E+000
    992300   0.9300868836E+003   0.0000000000E+000
    992400   0.9288431366E+003   0.0000000000E+000
    992500   0.9200347547E+003   0.0000000000E+000
    992600   0.9188594922E+003   0.0000000000E+000
    992700   0.9228806212E+003   0.0000000000E+000
    992800   0.9203689226E+003   0.0000000000E+000
    992900   0.9181636174E+003   0.0000000000E+000
    993000   0.9319572049E+003   0.0000000000E+000
    993100   0.9146329549E+003   0.0000000000E+000
    993200   0.9300514900E+003   0.0000000000E+000
    993300   0.9216590142E+003   0.0000000000E+000
    993400   0.9264256736E+003   0.0000000000E+000
    993500   0.9189562822E+003   0.0000000000E+000
    993600   0.9263685717E+003   0.0000000000E+000
    993700   0.9239714264E+003   0.0000000000E+000
    993800   0.9309266203E+003   0.0000000000E+000
    993900   0.9199182336E+003   0.0000000000E+000
    994000   0.9183984651E+003   0.0000000000E+000
    994100   0.9248309442E+003   0.0000000000E+000
    994200   0.9219803277E+003   0.0000000000E+000
    994300   0.9246892488E+003   0.0000000000E+000
    994400   0.9228348469E+003   0.0000000000E+000
    994500   0.9328333105E+003   0.0000000000E+000
    994600   0.9225453682E+003   0.0000000000E+000
    994700   0.9269285852E+003   0.0000000000E+000
    994800   0.9209700427E+003   0.0000000000E+000
    994900   0.9218471225E+003   0.0000000000E+000
    995000   0.9316719026E+003   0.0000000000E+000
    995100   0.9242976008E+003   0.0000000000E+000
    995200   0.9314563083E+003   0.0000000000E+000
    995300   0.9301708180E+003   0.0000000000E+000
    995400   0.9226058030E+003   0.0000000000E+000
    995500   0.9216929398E+003   0.0000000000E+000
    995600   0.9233688180E+003   0.0000000000E+000
    995700   0.9274572681E+003   0.0000000000E+000
    995800   0.9261568468E+003   0.0000000000E+000
    995900   0.9255676811E+003   0.0000000000E+000
    996000   0.9244400493E+003   0.0000000000E+000
    996100   0.9252665827E+003   0.0000000000E+000
    996200   0.9190592390E+003   0.0000000000E+000
    996300   0.9148485229E+003   0.0000000000E+000
    996400   0.9102421234E+003   0.0000000000E+000
    996500   0.9215108756E+003   0.0000000000E+000
    996600   0.9173095410E+003   0.0000000000E+000
    996700   0.9248579722E+003   0.0000000000E+000
    996800   0.9234940483E+003   0.0000000000E+000
    996900   0.9191084589E+003   0.0000000000E+000
    997000   0.9226796425E+003   0.0000000000E+000
    997100   0.9199007567E+003   0.0000000000E+000
    997200   0.9236564080E+003   0.0000000000E+000
    997300   0.9125542124E+003   0.0000000000E+000
    997400   0.9179448803E+003   0.0000000000E+000
    997500   0.9231993872E+003   0.0000000000E+000
    997600   0.9218011540E+003   0.0000000000E+000
    997700   0.9146458842E+003   0.0000000000E+000
    997800   0.9213671748E+003   0.0000000000E+000
    997900   0.9248545168E+003   0.0000000000E+000
    998000   0.9181176912E+003   0.0000000000E+000
    998100   0.9168409101E+003   0.0000000000E+000
    998200   0.9279563543E+003   0.0000000000E+000
    998300   0.9205957886E+003   0.0000000000E+000
    998400   0.9155744382E+003   0.0000000000E+000
    998500   0.9188223926E+003   0.0000000000E+000
    998600   0.9277698025E+003   0.0000000000E+000
    998700   0.9278947640E+003   0.0000000000E+000
    998800   0.9271209650E+003   0.0000000000E+000
    998900   0.9279177673E+003   0.0000000000E+000
    999000   0.9289022899E+003   0.0000000000E+000
    999100   0.9246344901E+003   0.0000000000E+000
    999200   0.9218922799E+003   0.0000000000E+000
    999300   0.9245600897E+003   0.0000000000E+000
    999400   0.9219900238E+003   0.0000000000E+000
    999500   0.9273650375E+003   0.0000000000E+000
    999600   0.9209018708E+003   0.0000000000E+000
    999700   0.9206694732E+003   0.0000000000E+000
    999800   0.9080900224E+003   0.0000000000E+000
    999900   0.9203840610E+003   0.0000000000E+000
   1000000   0.9182474900E+003   0.0000000000E+000
   1000100   0.9224945685E+003   0.0000000000E+000
   1000200   0.9279935943E+003   0.0000000000E+000
   1000300   0.9264458920E+003   0.0000000000E+000
   1000400   0.9186062110E+003   0.0000000000E+000
   1000500   0.9168005269E+003   0.0000000000E+000
   1000600   0.9267391571E+003   0.0000000000E+000
   1000700   0.9282914948E+003   0.0000000000E+000
   1000800   0.9144626532E+003   0.0000000000E+000
   1000900   0.9282600155E+003   0.0000000000E+000
   1001000   0.9210155346E+003   0.0000000000E+000
   1001100   0.9232028865E+003   0.0000000000E+000
   1001200   0.9234569548E+003   0.0000000000E+000
   1001300   0.9185181591E+003   0.0000000000E+000
   1001400   0.9151745979E+003   0.0000000000E+000
   1001500   0.9266589867E+003   0.0000000000E+000
   1001600   0.9217798304E+003   0.0000000000E+000
   1001700   0.9205464606E+003   0.0000000000E+000
   1001800   0.9259210734E+003   0.0000000000E+000
   1001900   0.9284208849E+003   0.0000000000E+000
   1002000   0.9304572487E+003   0.0000000000E+000
   1002100   0.9297702551E+003   0.0000000000E+000
   1002200   0.9234883342E+003   0.0000000000E+000
   1002300   0.9270471261E+003   0.0000000000E+000
   1002400   0.9200643898E+003   0.0000000000E+000
   1002500   0.9287201703E+003   0.0000000000E+000
   1002600   0.9220502895E+003   0.0000000000E+000
   1002700   0.9269578316E+003   0.0000000000E+000
   1002800   0.9163352116E+003   0.0000000000E+000
   1002900   0.9349390043E+003   0.0000000000E+000
   1003000   0.9199641548E+003   0.0000000000E+000
   1003100   0.9219544854E+003   0.0000000000E+000
   1003200   0.9189550563E+003   0.0000000000E+000
   1003300   0.9268057890E+003   0.0000000000E+000
   1003400   0.9196156590E+003   0.0000000000E+000
   1003500   0.9181309335E+003   0.0000000000E+000
   1003600   0.9322842690E+003   0.0000000000E+000
   1003700   0.9210506939E+003   0.0000000000E+000
   1003800   0.9298065846E+003   0.0000000000E+000
   1003900   0.9323356377E+003   0.0000000000E+000
   1004000   0.9245814655E+003   0.0000000000E+000
   1004100   0.9219672214E+003   0.0000000000E+000
   1004200   0.9268921035E+003   0.0000000000E+000
   1004300   0.9230482666E+003   0.0000000000E+000
   1004400   0.9096910873E+003   0.0000000000E+000
   1004500   0.9106613097E+003   0.0000000000E+000
   1004600   0.9104021148E+003   0.0000000000E+000
   1004700   0.9110787505E+003   0.0000000000E+000
   1004800   0.9209995290E+003   0.0000000000E+000
   1004900   0.9240686170E+003   0.0000000000E+000
   1005000   0.9185367242E+003   0.0000000000E+000
   1005100   0.9151637988E+003   0.0000000000E+000
   1005200   0.9135334475E+003   0.0000000000E+000
   1005300   0.9174136534E+003   0.0000000000E+000
   1005400   0.9279497247E+003   0.0000000000E+000
   1005500   0.9236427944E+003   0.0000000000E+000
   1005600   0.9322034194E+003   0.0000000000E+000
   1005700   0.9231952483E+003   0.0000000000E+000
   1005800   0.9334549070E+003   0.0000000000E+000
   1005900   0.9192790091E+003   0.0000000000E+000
   1006000   0.9209201193E+003   0.0000000000E+000
   1006100   0.9213881990E+003   0.0000000000E+000
   1006200   0.9228884563E+003   0.0000000000E+000
   1006300   0.9174216930E+003   0.0000000000E+000
   1006400   0.9207012271E+003   0.0000000000E+000
   1006500   0.9189979957E+003   0.0000000000E+000
   1006600   0.9198447873E+003   0.0000000000E+000
   1006700   0.9247148692E+003   0.0000000000E+000
   1006800   0.9241031568E+003   0.0000000000E+000
   1006900   0.9162813606E+003   0.0000000000E+000
   1007000   0.9255933304E+003   0.0000000000E+000
   1007100   0.9272882134E+003   0.0000000000E+000
   1007200   0.9180729408E+003   0.0000000000E+000
   1007300   0.9245653117E+003   0.0000000000E+000
   1007400   0.9279490582E+003   0.0000000000E+000
   1007500   0.9207607529E+003   0.0000000000E+000
   1007600   0.9248997724E+003   0.0000000000E+000
   1007700   0.9246829807E+003   0.0000000000E+000
   1007800   0.9303197928E+003   0.0000000000E+000
   1007900   0.9223284908E+003   0.0000000000E+000
   1008000   0.9249189079E+003   0.0000000000E+000
   1008100   0.9307046555E+003   0.0000000000E+000
   1008200   0.9239316308E+003   0.0000000000E+000
   1008300   0.9314843262E+003   0.0000000000E+000
   1008400   0.9291002361E+003   0.0000000000E+000
   1008500   0.9288021596E+003   0.0000000000E+000
   1008600   0.9245812266E+003   0.0000000000E+000
   1008700   0.9258087325E+003   0.0000000000E+000
   1008800   0.9242802307E+003   0.0000000000E+000
   1008900   0.9252610278E+003   0.0000000000E+000
   1009000   0.9294943754E+003   0.0000000000E+000
   1009100   0.9264957639E+003   0.0000000000E+000
   1009200   0.9233883339E+003   0.0000000000E+000
   1009300   0.9283479110E+003   0.0000000000E+000
   1009400   0.9278533267E+003   0.0000000000E+000
   1009500   0.9334746750E+003   0.0000000000E+000
   1009600   0.9220958353E+003   0.0000000000E+000
   1009700   0.9213783318E+003   0.0000000000E+000
   1009800   0.9220869505E+003   0.0000000000E+000
   1009900   0.9234077938E+003   0.0000000000E+000
   1010000   0.9288250536E+003   0.0000000000E+000
   1010100   0.9300760419E+003   0.0000000000E+000
   1010200   0.9256855619E+003   0.0000000000E+000
   1010300   0.9277357602E+003   0.0000000000E+000
   1010400   0.9188284595E+003   0.0000000000E+000
   1010500   0.9306972679E+003   0.0000000000E+000
   1010600   0.9204093592E+003   0.0000000000E+000
   1010700   0.9186021471E+003   0.0000000000E+000
   1010800   0.9257573443E+003   0.0000000000E+000
   1010900   0.9371545277E+003   0.0000000000E+000
   1011000   0.9362517431E+003   0.0000000000E+000
   1011100   0.9272607322E+003   0.0000000000E+000
   1011200   0.9186115279E+003   0.0000000000E+000
   1011300   0.9229444074E+003   0.0000000000E+000
   1011400   0.9296032023E+003   0.0000000000E+000
   1011500   0.9326182475E+003   0.0000000000E+000
   1011600   0.9270141501E+003   0.0000000000E+000
   1011700   0.9294436039E+003   0.0000000000E+000
   1011800   0.9214331810E+003   0.0000000000E+000
   1011900   0.9216571724E+003   0.0000000000E+000
   1012000   0.9348158771E+003   0.0000000000E+000
   1012100   0.9340676334E+003   0.0000000000E+000
   1012200   0.9371343394E+003   0.0000000000E+000
   1012300   0.9402033306E+003   0.0000000000E+000
   1012400   0.9303056135E+003   0.0000000000E+000
   1012500   0.9224543257E+003   0.0000000000E+000
   1012600   0.9342607990E+003   0.0000000000E+000
   1012700   0.9276348507E+003   0.0000000000E+000
   1012800   0.9289409690E+003   0.0000000000E+000
   1012900   0.9300338396E+003   0.0000000000E+000
   1013000   0.9297726958E+003   0.0000000000E+000
   1013100   0.9340038787E+003   0.0000000000E+000
   1013200   0.9286062657E+003   0.0000000000E+000
   1013300   0.9267033198E+003   0.0000000000E+000
   1013400   0.9292001188E+003   0.0000000000E+000
   1013500   0.9338790835E+003   0.0000000000E+000
   1013600   0.9279048030E+003   0.0000000000E+000
   1013700   0.9294974141E+003   0.0000000000E+000
   1013800   0.9265988362E+003   0.0000000000E+000
   1013900   0.9281122299E+003   0.0000000000E+000
   1014000   0.9238622712E+003   0.0000000000E+000
   1014100   0.9265708440E+003   0.0000000000E+000
   1014200   0.9262865349E+003   0.0000000000E+000
   1014300   0.9167605494E+003   0.0000000000E+000
   1014400   0.9238363734E+003   0.0000000000E+000
   1014500   0.9219626247E+003   0.0000000000E+000
   1014600   0.9264115609E+003   0.0000000000E+000
   1014700   0.9302807615E+003   0.0000000000E+000
   1014800   0.9351447509E+003   0.0000000000E+000
   1014900   0.9304298583E+003   0.0000000000E+000
   1015000   0.9307091068E+003   0.0000000000E+000
   1015100   0.9191094259E+003   0.0000000000E+000
   1015200   0.9309970778E+003   0.0000000000E+000
   1015300   0.9281649341E+003   0.0000000000E+000
   1015400   0.9381238755E+003   0.0000000000E+000
   1015500   0.9398114941E+003   0.0000000000E+000
   1015600   0.9256504718E+003   0.0000000000E+000
   1015700   0.9338195383E+003   0.0000000000E+000
   1015800   0.9282271598E+003   0.0000000000E+000
   1015900   0.9320601653E+003   0.0000000000E+000
   1016000   0.9355362621E+003   0.0000000000E+000
   1016100   0.9339657165E+003   0.0000000000E+000
   1016200   0.9359957050E+003   0.0000000000E+000
   1016300   0.9316781148E+003   0.0000000000E+000
   1016400   0.9239490615E+003   0.0000000000E+000
   1016500   0.9207446364E+003   0.0000000000E+000
   1016600   0.9296998770E+003   0.0000000000E+000
   1016700   0.9356529922E+003   0.0000000000E+000
   1016800   0.9239825680E+003   0.0000000000E+000
   1016900   0.9275607446E+003   0.0000000000E+000
   1017000   0.9260821451E+003   0.0000000000E+000
   1017100   0.9304252079E+003   0.0000000000E+000
   1017200   0.9290023435E+003   0.0000000000E+000
   1017300   0.9201124864E+003   0.0000000000E+000
   1017400   0.9248081024E+003   0.0000000000E+000
   1017500   0.9156811916E+003   0.0000000000E+000
   1017600   0.9330476418E+003   0.0000000000E+000
   1017700   0.9261822735E+003   0.0000000000E+000
   1017800   0.9198259419E+003   0.0000000000E+000
   1017900   0.9234783616E+003   0.0000000000E+000
   1018000   0.9250729597E+003   0.0000000000E+000
   1018100   0.9323360218E+003   0.0000000000E+000
   1018200   0.9212414604E+003   0.0000000000E+000
   1018300   0.9289268643E+003   0.0000000000E+000
   1018400   0.9284271303E+003   0.0000000000E+000
   1018500   0.9175531325E+003   0.0000000000E+000
   1018600   0.9290187368E+003   0.0000000000E+000
   1018700   0.9176289154E+003   0.0000000000E+000
   1018800   0.9275026993E+003   0.0000000000E+000
   1018900   0.9209527349E+003   0.0000000000E+000
   1019000   0.9286999512E+003   0.0000000000E+000
   1019100   0.9162261964E+003   0.0000000000E+000
   1019200   0.9161511606E+003   0.0000000000E+000
   1019300   0.9307207206E+003   0.0000000000E+000
   1019400   0.9271051578E+003   0.0000000000E+000
   1019500   0.9239625768E+003   0.0000000000E+000
   1019600   0.9200413073E+003   0.0000000000E+000
   1019700   0.9290254687E+003   0.0000000000E+000
   1019800   0.9271361340E+003   0.0000000000E+000
   1019900   0.9233039122E+003   0.0000000000E+000
   1020000   0.9184036472E+003   0.0000000000E+000
   1020100   0.9194813686E+003   0.0000000000E+000
   1020200   0.9238270762E+003   0.0000000000E+000
   1020300   0.9234371987E+003   0.0000000000E+000
   1020400   0.9183625256E+003   0.0000000000E+000
   1020500   0.9214293387E+003   0.0000000000E+000
   1020600   0.9207482090E+003   0.0000000000E+000
   1020700   0.9192046177E+003   0.0000000000E+000
   1020800   0.9321988336E+003   0.0000000000E+000
   1020900   0.9253187897E+003   0.0000000000E+000
   1021000   0.9277957949E+003   0.0000000000E+000
   1021100   0.9294344928E+003   0.0000000000E+000
   1021200   0.9266066747E+003   0.0000000000E+000
   1021300   0.9208657570E+003   0.0000000000E+000
   1021400   0.9115709819E+003   0.0000000000E+000
   1021500   0.9183920703E+003   0.0000000000E+000
   1021600   0.9149759119E+003   0.0000000000E+000
   1021700   0.9262747535E+003   0.0000000000E+000
   1021800   0.9272506572E+003   0.0000000000E+000
   1021900   0.9218205383E+003   0.0000000000E+000
   1022000   0.9362661638E+003   0.0000000000E+000
   1022100   0.9323378226E+003   0.0000000000E+000
   1022200   0.9338800754E+003   0.0000000000E+000
   1022300   0.9228302311E+003   0.0000000000E+000
   1022400   0.9242936888E+003   0.0000000000E+000
   1022500   0.9253702267E+003   0.0000000000E+000
   1022600   0.9326028498E+003   0.0000000000E+000
   1022700   0.9167404484E+003   0.0000000000E+000
   1022800   0.9229325304E+003   0.0000000000E+000
   1022900   0.9237092786E+003   0.0000000000E+000
   1023000   0.9297521841E+003   0.0000000000E+000
   1023100   0.9225398774E+003   0.0000000000E+000
   1023200   0.9184958861E+003   0.0000000000E+000
   1023300   0.9271050261E+003   0.0000000000E+000
   1023400   0.9264176900E+003   0.0000000000E+000
   1023500   0.9229740596E+003   0.0000000000E+000
   1023600   0.9253871777E+003   0.0000000000E+000
   1023700   0.9241703210E+003   0.0000000000E+000
   1023800   0.9231024387E+003   0.0000000000E+000
   1023900   0.9281449173E+003   0.0000000000E+000
   1024000   0.9232963928E+003   0.0000000000E+000
   1024100   0.9226185790E+003   0.0000000000E+000
   1024200   0.9280760676E+003   0.0000000000E+000
   1024300   0.9240218519E+003   0.0000000000E+000
   1024400   0.9235056530E+003   0.0000000000E+000
   1024500   0.9174959934E+003   0.0000000000E+000
   1024600   0.9210587998E+003   0.0000000000E+000
   1024700   0.9266808027E+003   0.0000000000E+000
   1024800   0.9273926855E+003   0.0000000000E+000
   1024900   0.9215521312E+003   0.0000000000E+000
   1025000   0.9320053165E+003   0.0000000000E+000
   1025100   0.9300341233E+003   0.0000000000E+000
   1025200   0.9213267945E+003   0.0000000000E+000
   1025300   0.9183117480E+003   0.0000000000E+000
   1025400   0.9195363400E+003   0.0000000000E+000
   1025500   0.9204333289E+003   0.0000000000E+000
   1025600   0.9315064563E+003   0.0000000000E+000
   1025700   0.9234542701E+003   0.0000000000E+000
   1025800   0.9308565225E+003   0.0000000000E+000
   1025900   0.9264781268E+003   0.0000000000E+000
   1026000   0.9236712192E+003   0.0000000000E+000
   1026100   0.9197076865E+003   0.0000000000E+000
   1026200   0.9182792966E+003   0.0000000000E+000
   1026300   0.9309774433E+003   0.0000000000E+000
   1026400   0.9207663174E+003   0.0000000000E+000
   1026500   0.9222609876E+003   0.0000000000E+000
   1026600   0.9220271620E+003   0.0000000000E+000
   1026700   0.9209960819E+003   0.0000000000E+000
   1026800   0.9251407960E+003   0.0000000000E+000
   1026900   0.9207866537E+003   0.0000000000E+000
   1027000   0.9303735062E+003   0.0000000000E+000
   1027100   0.9255585756E+003   0.0000000000E+000
   1027200   0.9305053091E+003   0.0000000000E+000
   1027300   0.9180245146E+003   0.0000000000E+000
   1027400   0.9177662679E+003   0.0000000000E+000
   1027500   0.9247343880E+003   0.0000000000E+000
   1027600   0.9249203255E+003   0.0000000000E+000
   1027700   0.9225473820E+003   0.0000000000E+000
   1027800   0.9183173085E+003   0.0000000000E+000
   1027900   0.9266149417E+003   0.0000000000E+000
   1028000   0.9268312676E+003   0.0000000000E+000
   1028100   0.9244044664E+003   0.0000000000E+000
   1028200   0.9177005761E+003   0.0000000000E+000
   1028300   0.9258950727E+003   0.0000000000E+000
   1028400   0.9329050995E+003   0.0000000000E+000
   1028500   0.9259804457E+003   0.0000000000E+000
   1028600   0.9279665638E+003   0.0000000000E+000
   1028700   0.9183247322E+003   0.0000000000E+000
   1028800   0.9223368770E+003   0.0000000000E+000
   1028900   0.9244562847E+003   0.0000000000E+000
   1029000   0.9244723824E+003   0.0000000000E+000
   1029100   0.9225401717E+003   0.0000000000E+000
   1029200   0.9211909475E+003   0.0000000000E+000
   1029300   0.9235702458E+003   0.0000000000E+000
   1029400   0.9265151250E+003   0.0000000000E+000
   1029500   0.9186118532E+003   0.0000000000E+000
   1029600   0.9213210049E+003   0.0000000000E+000
   1029700   0.9248465643E+003   0.0000000000E+000
   1029800   0.9247338389E+003   0.0000000000E+000
   1029900   0.9217480429E+003   0.0000000000E+000
   1030000   0.9287743289E+003   0.0000000000E+000
   1030100   0.9269912039E+003   0.0000000000E+000
   1030200   0.9210111707E+003   0.0000000000E+000
   1030300   0.9211012552E+003   0.0000000000E+000
   1030400   0.9284650050E+003   0.0000000000E+000
   1030500   0.9261582085E+003   0.0000000000E+000
   1030600   0.9277062945E+003   0.0000000000E+000
   1030700   0.9250301147E+003   0.0000000000E+000
   1030800   0.9196717464E+003   0.0000000000E+000
   1030900   0.9189997076E+003   0.0000000000E+000
   1031000   0.9266035191E+003   0.0000000000E+000
   1031100   0.9171086701E+003   0.0000000000E+000
   1031200   0.9219874333E+003   0.0000000000E+000
   1031300   0.9209722146E+003   0.0000000000E+000
   1031400   0.9212483407E+003   0.0000000000E+000
   1031500   0.9281812853E+003   0.0000000000E+000
   1031600   0.9246401467E+003   0.0000000000E+000
   1031700   0.9232804649E+003   0.0000000000E+000
   1031800   0.9295485717E+003   0.0000000000E+000
   1031900   0.9347830947E+003   0.0000000000E+000
   1032000   0.9236377154E+003   0.0000000000E+000
   1032100   0.9266107552E+003   0.0000000000E+000
   1032200   0.9352912832E+003   0.0000000000E+000
   1032300   0.9202540652E+003   0.0000000000E+000
   1032400   0.9248756814E+003   0.0000000000E+000
   1032500   0.9340099335E+003   0.0000000000E+000
   1032600   0.9199971061E+003   0.0000000000E+000
   1032700   0.9307411856E+003   0.0000000000E+000
   1032800   0.9291283680E+003   0.0000000000E+000
   1032900   0.9298327533E+003   0.0000000000E+000
   1033000   0.9335079397E+003   0.0000000000E+000
   1033100   0.9269282754E+003   0.0000000000E+000
   1033200   0.9239737083E+003   0.0000000000E+000
   1033300   0.9260305140E+003   0.0000000000E+000
   1033400   0.9205230241E+003   0.0000000000E+000
   1033500   0.9307631015E+003   0.0000000000E+000
   1033600   0.9134533112E+003   0.0000000000E+000
   1033700   0.9224819880E+003   0.0000000000E+000
   1033800   0.9301599252E+003   0.0000000000E+000
   1033900   0.9346743888E+003   0.0000000000E+000
   1034000   0.9336346541E+003   0.0000000000E+000
   1034100   0.9290086137E+003   0.0000000000E+000
   1034200   0.9304743404E+003   0.0000000000E+000
   1034300   0.9255047764E+003   0.0000000000E+000
   1034400   0.9275157965E+003   0.0000000000E+000
   1034500   0.9277112257E+003   0.0000000000E+000
   1034600   0.9263972578E+003   0.0000000000E+000
   1034700   0.9344875456E+003   0.0000000000E+000
   1034800   0.9346358691E+003   0.0000000000E+000
   1034900   0.9217131080E+003   0.0000000000E+000
   1035000   0.9229143035E+003   0.0000000000E+000
   1035100   0.9224131960E+003   0.0000000000E+000
   1035200   0.9160275618E+003   0.0000000000E+000
   1035300   0.9222412874E+003   0.0000000000E+000
   1035400   0.9273955743E+003   0.0000000000E+000
   1035500   0.9180273297E+003   0.0000000000E+000
   1035600   0.9308476325E+003   0.0000000000E+000
   1035700   0.9309703239E+003   0.0000000000E+000
   1035800   0.9140535473E+003   0.0000000000E+000
   1035900   0.9222751937E+003   0.0000000000E+000
   1036000   0.9225529835E+003   0.0000000000E+000
   1036100   0.9213631852E+003   0.0000000000E+000
   1036200   0.9164159096E+003   0.0000000000E+000
   1036300   0.9194712530E+003   0.0000000000E+000
   1036400   0.9170841836E+003   0.0000000000E+000
   1036500   0.9183832824E+003   0.0000000000E+000
   1036600   0.9121363245E+003   0.0000000000E+000
   1036700   0.9245674715E+003   0.0000000000E+000
   1036800   0.9227943921E+003   0.0000000000E+000
   1036900   0.9213125425E+003   0.0000000000E+000
   1037000   0.9226344667E+003   0.0000000000E+000
   1037100   0.9265208658E+003   0.0000000000E+000
   1037200   0.9173374191E+003   0.0000000000E+000
   1037300   0.9174204034E+003   0.0000000000E+000
   1037400   0.9261359631E+003   0.0000000000E+000
   1037500   0.9276754314E+003   0.0000000000E+000
   1037600   0.9225012748E+003   0.0000000000E+000
   1037700   0.9261199960E+003   0.0000000000E+000
   1037800   0.9205275369E+003   0.0000000000E+000
   1037900   0.9181414448E+003   0.0000000000E+000
   1038000   0.9283667887E+003   0.0000000000E+000
   1038100   0.9280250873E+003   0.0000000000E+000
   1038200   0.9279973869E+003   0.0000000000E+000
   1038300   0.9378639035E+003   0.0000000000E+000
   1038400   0.9361716352E+003   0.0000000000E+000
   1038500   0.9350860110E+003   0.0000000000E+000
   1038600   0.9297258450E+003   0.0000000000E+000
   1038700   0.9245431685E+003   0.0000000000E+000
   1038800   0.9296303845E+003   0.0000000000E+000
   1038900   0.9236487242E+003   0.0000000000E+000
   1039000   0.9320112239E+003   0.0000000000E+000
   1039100   0.9233554972E+003   0.0000000000E+000
   1039200   0.9279542149E+003   0.0000000000E+000
   1039300   0.9375759366E+003   0.0000000000E+000
   1039400   0.9238288516E+003   0.0000000000E+000
   1039500   0.9242663060E+003   0.0000000000E+000
   1039600   0.9324596342E+003   0.0000000000E+000
   1039700   0.9256255377E+003   0.0000000000E+000
   1039800   0.9216475832E+003   0.0000000000E+000
   1039900   0.9200180918E+003   0.0000000000E+000
   1040000   0.9191515292E+003   0.0000000000E+000
   1040100   0.9237429647E+003   0.0000000000E+000
   1040200   0.9324314628E+003   0.0000000000E+000
   1040300   0.9181685082E+003   0.0000000000E+000
   1040400   0.9325071458E+003   0.0000000000E+000
   1040500   0.9304168662E+003   0.0000000000E+000
   1040600   0.9285982894E+003   0.0000000000E+000
   1040700   0.9280037704E+003   0.0000000000E+000
   1040800   0.9299551242E+003   0.0000000000E+000
   1040900   0.9257063049E+003   0.0000000000E+000
   1041000   0.9279479088E+003   0.0000000000E+000
   1041100   0.9374633470E+003   0.0000000000E+000
   1041200   0.9324573270E+003   0.0000000000E+000
   1041300   0.9307474071E+003   0.0000000000E+000
   1041400   0.9363437718E+003   0.0000000000E+000
   1041500   0.9284918522E+003   0.0000000000E+000
   1041600   0.9401662560E+003   0.0000000000E+000
   1041700   0.9303562863E+003   0.0000000000E+000
   1041800   0.9313377756E+003   0.0000000000E+000
   1041900   0.9325609843E+003   0.0000000000E+000
   1042000   0.9178761241E+003   0.0000000000E+000
   1042100   0.9262375223E+003   0.0000000000E+000
   1042200   0.9316933438E+003   0.0000000000E+000
   1042300   0.9218456136E+003   0.0000000000E+000
   1042400   0.9198469037E+003   0.0000000000E+000
   1042500   0.9345827905E+003   0.0000000000E+000
   1042600   0.9253248909E+003   0.0000000000E+000
   1042700   0.9287300487E+003   0.0000000000E+000
   1042800   0.9296823188E+003   0.0000000000E+000
   1042900   0.9273407540E+003   0.0000000000E+000
   1043000   0.9212253619E+003   0.0000000000E+000
   1043100   0.9399925741E+003   0.0000000000E+000
   1043200   0.9275903805E+003   0.0000000000E+000
   1043300   0.9318002724E+003   0.0000000000E+000
   1043400   0.9217909531E+003   0.0000000000E+000
   1043500   0.9257246000E+003   0.0000000000E+000
   1043600   0.9322953493E+003   0.0000000000E+000
   1043700   0.9242029412E+003   0.0000000000E+000
   1043800   0.9273668139E+003   0.0000000000E+000
   1043900   0.9310851047E+003   0.0000000000E+000
   1044000   0.9255695743E+003   0.0000000000E+000
   1044100   0.9230056023E+003   0.0000000000E+000
   1044200   0.9191485004E+003   0.0000000000E+000
   1044300   0.9295301453E+003   0.0000000000E+000
   1044400   0.9307122161E+003   0.0000000000E+000
   1044500   0.9311538091E+003   0.0000000000E+000
   1044600   0.9277362388E+003   0.0000000000E+000
   1044700   0.9262603045E+003   0.0000000000E+000
   1044800   0.9295171609E+003   0.0000000000E+000
   1044900   0.9285388780E+003   0.0000000000E+000
   1045000   0.9213985404E+003   0.0000000000E+000
   1045100   0.9266374637E+003   0.0000000000E+000
   1045200   0.9323231241E+003   0.0000000000E+000
   1045300   0.9254039674E+003   0.0000000000E+000
   1045400   0.9314452136E+003   0.0000000000E+000
   1045500   0.9299823269E+003   0.0000000000E+000
   1045600   0.9345896713E+003   0.0000000000E+000
   1045700   0.9347286911E+003   0.0000000000E+000
   1045800   0.9265554870E+003   0.0000000000E+000
   1045900   0.9230721324E+003   0.0000000000E+000
   1046000   0.9317339524E+003   0.0000000000E+000
   1046100   0.9204053300E+003   0.0000000000E+000
   1046200   0.9322280495E+003   0.0000000000E+000
   1046300   0.9260165380E+003   0.0000000000E+000
   1046400   0.9324710884E+003   0.0000000000E+000
   1046500   0.9327167997E+003   0.0000000000E+000
   1046600   0.9256426792E+003   0.0000000000E+000
   1046700   0.9220376527E+003   0.0000000000E+000
   1046800   0.9332504276E+003   0.0000000000E+000
   1046900   0.9298053321E+003   0.0000000000E+000
   1047000   0.9326237766E+003   0.0000000000E+000
   1047100   0.9265225581E+003   0.0000000000E+000
   1047200   0.9331309071E+003   0.0000000000E+000
   1047300   0.9246380929E+003   0.0000000000E+000
   1047400   0.9287857183E+003   0.0000000000E+000
   1047500   0.9359898043E+003   0.0000000000E+000
   1047600   0.9258539467E+003   0.0000000000E+000
   1047700   0.9276162750E+003   0.0000000000E+000
   1047800   0.9265515251E+003   0.0000000000E+000
   1047900   0.9338515664E+003   0.0000000000E+000
   1048000   0.9246400505E+003   0.0000000000E+000
   1048100   0.9329533594E+003   0.0000000000E+000
   1048200   0.9361532049E+003   0.0000000000E+000
   1048300   0.9267818154E+003   0.0000000000E+000
   1048400   0.9386468228E+003   0.0000000000E+000
   1048500   0.9249544333E+003   0.0000000000E+000
   1048600   0.9229586784E+003   0.0000000000E+000
   1048700   0.9385584020E+003   0.0000000000E+000
   1048800   0.9335925796E+003   0.0000000000E+000
   1048900   0.9308242460E+003   0.0000000000E+000
   1049000   0.9295405559E+003   0.0000000000E+000
   1049100   0.9314900287E+003   0.0000000000E+000
   1049200   0.9288920989E+003   0.0000000000E+000
   1049300   0.9308392596E+003   0.0000000000E+000
   1049400   0.9321497252E+003   0.0000000000E+000
   1049500   0.9249423392E+003   0.0000000000E+000
   1049600   0.9216729958E+003   0.0000000000E+000
   1049700   0.9276573898E+003   0.0000000000E+000
   1049800   0.9315491077E+003   0.0000000000E+000
   1049900   0.9338970707E+003   0.0000000000E+000
   1050000   0.9340367698E+003   0.0000000000E+000
   1050100   0.9276209145E+003   0.0000000000E+000
   1050200   0.9318472243E+003   0.0000000000E+000
   1050300   0.9295726987E+003   0.0000000000E+000
   1050400   0.9241176810E+003   0.0000000000E+000
   1050500   0.9264835778E+003   0.0000000000E+000
   1050600   0.9319278775E+003   0.0000000000E+000
   1050700   0.9299533502E+003   0.0000000000E+000
   1050800   0.9312376008E+003   0.0000000000E+000
   1050900   0.9252288658E+003   0.0000000000E+000
   1051000   0.9225777846E+003   0.0000000000E+000
   1051100   0.9312448389E+003   0.0000000000E+000
   1051200   0.9277804450E+003   0.0000000000E+000
   1051300   0.9270277744E+003   0.0000000000E+000
   1051400   0.9260531210E+003   0.0000000000E+000
   1051500   0.9225069928E+003   0.0000000000E+000
   1051600   0.9316411949E+003   0.0000000000E+000
   1051700   0.9205327472E+003   0.0000000000E+000
   1051800   0.9249698265E+003   0.0000000000E+000
   1051900   0.9221639988E+003   0.0000000000E+000
   1052000   0.9324258499E+003   0.0000000000E+000
   1052100   0.9322049723E+003   0.0000000000E+000
   1052200   0.9287844136E+003   0.0000000000E+000
   1052300   0.9283636440E+003   0.0000000000E+000
   1052400   0.9334603836E+003   0.0000000000E+000
   1052500   0.9279671054E+003   0.0000000000E+000
   1052600   0.9326655377E+003   0.0000000000E+000
   1052700   0.9252246582E+003   0.0000000000E+000
   1052800   0.9249179733E+003   0.0000000000E+000
   1052900   0.9327101344E+003   0.0000000000E+000
   1053000   0.9301011003E+003   0.0000000000E+000
   1053100   0.9357249580E+003   0.0000000000E+000
   1053200   0.9385911728E+003   0.0000000000E+000
   1053300   0.9310948518E+003   0.0000000000E+000
   1053400   0.9282143436E+003   0.0000000000E+000
   1053500   0.9263010798E+003   0.0000000000E+000
   1053600   0.9421749013E+003   0.0000000000E+000
   1053700   0.9283461836E+003   0.0000000000E+000
   1053800   0.9326454632E+003   0.0000000000E+000
   1053900   0.9326423445E+003   0.0000000000E+000
   1054000   0.9316513045E+003   0.0000000000E+000
   1054100   0.9298461248E+003   0.0000000000E+000
   1054200   0.9276011621E+003   0.0000000000E+000
   1054300   0.9310374730E+003   0.0000000000E+000
   1054400   0.9247064602E+003   0.0000000000E+000
   1054500   0.9302330193E+003   0.0000000000E+000
   1054600   0.9154527993E+003   0.0000000000E+000
   1054700   0.9238507793E+003   0.0000000000E+000
   1054800   0.9282972194E+003   0.0000000000E+000
   1054900   0.9225227162E+003   0.0000000000E+000
   1055000   0.9312633629E+003   0.0000000000E+000
   1055100   0.9255917220E+003   0.0000000000E+000
   1055200   0.9284308472E+003   0.0000000000E+000
   1055300   0.9279722281E+003   0.0000000000E+000
   1055400   0.9184897491E+003   0.0000000000E+000
   1055500   0.9359891188E+003   0.0000000000E+000
   1055600   0.9339354759E+003   0.0000000000E+000
   1055700   0.9234084828E+003   0.0000000000E+000
   1055800   0.9269097476E+003   0.0000000000E+000
   1055900   0.9312300671E+003   0.0000000000E+000
   1056000   0.9295452495E+003   0.0000000000E+000
   1056100   0.9266224397E+003   0.0000000000E+000
   1056200   0.9367708242E+003   0.0000000000E+000
   1056300   0.9296469503E+003   0.0000000000E+000
   1056400   0.9355125287E+003   0.0000000000E+000
   1056500   0.9354964940E+003   0.0000000000E+000
   1056600   0.9276492806E+003   0.0000000000E+000
   1056700   0.9288777453E+003   0.0000000000E+000
   1056800   0.9265890078E+003   0.0000000000E+000
   1056900   0.9310470049E+003   0.0000000000E+000
   1057000   0.9253365495E+003   0.0000000000E+000
   1057100   0.9302439575E+003   0.0000000000E+000
   1057200   0.9298171030E+003   0.0000000000E+000
   1057300   0.9335224068E+003   0.0000000000E+000
   1057400   0.9311201395E+003   0.0000000000E+000
   1057500   0.9301862347E+003   0.0000000000E+000
   1057600   0.9264992162E+003   0.0000000000E+000
   1057700   0.9314246475E+003   0.0000000000E+000
   1057800   0.9305667063E+003   0.0000000000E+000
   1057900   0.9307457767E+003   0.0000000000E+000
   1058000   0.9289167345E+003   0.0000000000E+000
   1058100   0.9336649939E+003   0.0000000000E+000
   1058200   0.9222048402E+003   0.0000000000E+000
   1058300   0.9323316152E+003   0.0000000000E+000
   1058400   0.9340343033E+003   0.0000000000E+000
   1058500   0.9215412399E+003   0.0000000000E+000
   1058600   0.9232494850E+003   0.0000000000E+000
   1058700   0.9195441653E+003   0.0000000000E+000
   1058800   0.9311764748E+003   0.0000000000E+000
   1058900   0.9307309862E+003   0.0000000000E+000
   1059000   0.9262394765E+003   0.0000000000E+000
   1059100   0.9320082382E+003   0.0000000000E+000
   1059200   0.9336767789E+003   0.0000000000E+000
   1059300   0.9347588703E+003   0.0000000000E+000
   1059400   0.9332379222E+003   0.0000000000E+000
   1059500   0.9349997355E+003   0.0000000000E+000
   1059600   0.9264816082E+003   0.0000000000E+000
   1059700   0.9221208705E+003   0.0000000000E+000
   1059800   0.9186911913E+003   0.0000000000E+000
   1059900   0.9303611600E+003   0.0000000000E+000
   1060000   0.9282237888E+003   0.0000000000E+000
   1060100   0.9271755004E+003   0.0000000000E+000
   1060200   0.9276555566E+003   0.0000000000E+000
   1060300   0.9180116876E+003   0.0000000000E+000
   1060400   0.9168534164E+003   0.0000000000E+000
   1060500   0.9318699020E+003   0.0000000000E+000
   1060600   0.9229140008E+003   0.0000000000E+000
   1060700   0.9293632038E+003   0.0000000000E+000
   1060800   0.9225590331E+003   0.0000000000E+000
   1060900   0.9180963266E+003   0.0000000000E+000
   1061000   0.9292229642E+003   0.0000000000E+000
   1061100   0.9222765440E+003   0.0000000000E+000
   1061200   0.9211262506E+003   0.0000000000E+000
   1061300   0.9121015891E+003   0.0000000000E+000
   1061400   0.9076022229E+003   0.0000000000E+000
   1061500   0.9241568753E+003   0.0000000000E+000
   1061600   0.9139278674E+003   0.0000000000E+000
   1061700   0.9188261742E+003   0.0000000000E+000
   1061800   0.9258103988E+003   0.0000000000E+000
   1061900   0.9214051458E+003   0.0000000000E+000
   1062000   0.9290544131E+003   0.0000000000E+000
   1062100   0.9252246552E+003   0.0000000000E+000
   1062200   0.9243223189E+003   0.0000000000E+000
   1062300   0.9291753793E+003   0.0000000000E+000
   1062400   0.9266789625E+003   0.0000000000E+000
   1062500   0.9169792668E+003   0.0000000000E+000
   1062600   0.9235687278E+003   0.0000000000E+000
   1062700   0.9233284806E+003   0.0000000000E+000
   1062800   0.9278432491E+003   0.0000000000E+000
   1062900   0.9263726164E+003   0.0000000000E+000
   1063000   0.9228007917E+003   0.0000000000E+000
   1063100   0.9115517911E+003   0.0000000000E+000
   1063200   0.9176690254E+003   0.0000000000E+000
   1063300   0.9270185988E+003   0.0000000000E+000
   1063400   0.9398111819E+003   0.0000000000E+000
   1063500   0.9167426730E+003   0.0000000000E+000
   1063600   0.9305875788E+003   0.0000000000E+000
   1063700   0.9218341121E+003   0.0000000000E+000
   1063800   0.9259703798E+003   0.0000000000E+000
   1063900   0.9243914195E+003   0.0000000000E+000
   1064000   0.9269565445E+003   0.0000000000E+000
   1064100   0.9202353342E+003   0.0000000000E+000
   1064200   0.9275230647E+003   0.0000000000E+000
   1064300   0.9304089350E+003   0.0000000000E+000
   1064400   0.9220127790E+003   0.0000000000E+000
   1064500   0.9288096641E+003   0.0000000000E+000
   1064600   0.9136408261E+003   0.0000000000E+000
   1064700   0.9202086368E+003   0.0000000000E+000
   1064800   0.9155655879E+003   0.0000000000E+000
   1064900   0.9298035307E+003   0.0000000000E+000
   1065000   0.9191337936E+003   0.0000000000E+000
   1065100   0.9225916028E+003   0.0000000000E+000
   1065200   0.9237359623E+003   0.0000000000E+000
   1065300   0.9252673899E+003   0.0000000000E+000
   1065400   0.9284731213E+003   0.0000000000E+000
   1065500   0.9236362111E+003   0.0000000000E+000
   1065600   0.9347890188E+003   0.0000000000E+000
   1065700   0.9351606272E+003   0.0000000000E+000
   1065800   0.9248876567E+003   0.0000000000E+000
   1065900   0.9287052650E+003   0.0000000000E+000
   1066000   0.9337973775E+003   0.0000000000E+000
   1066100   0.9265116974E+003   0.0000000000E+000
   1066200   0.9237327872E+003   0.0000000000E+000
   1066300   0.9357361434E+003   0.0000000000E+000
   1066400   0.9222848920E+003   0.0000000000E+000
   1066500   0.9335356289E+003   0.0000000000E+000
   1066600   0.9325689022E+003   0.0000000000E+000
   1066700   0.9300269511E+003   0.0000000000E+000
   1066800   0.9278307145E+003   0.0000000000E+000
   1066900   0.9343202385E+003   0.0000000000E+000
   1067000   0.9276127020E+003   0.0000000000E+000
   1067100   0.9317674983E+003   0.0000000000E+000
   1067200   0.9220114157E+003   0.0000000000E+000
   1067300   0.9249413753E+003   0.0000000000E+000
   1067400   0.9225508494E+003   0.0000000000E+000
   1067500   0.9249376513E+003   0.0000000000E+000
   1067600   0.9301162307E+003   0.0000000000E+000
   1067700   0.9371144017E+003   0.0000000000E+000
   1067800   0.9252361841E+003   0.0000000000E+000
   1067900   0.9273609763E+003   0.0000000000E+000
   1068000   0.9322960987E+003   0.0000000000E+000
   1068100   0.9373809410E+003   0.0000000000E+000
   1068200   0.9284535121E+003   0.0000000000E+000
   1068300   0.9318351461E+003   0.0000000000E+000
   1068400   0.9317616499E+003   0.0000000000E+000
   1068500   0.9310332580E+003   0.0000000000E+000
   1068600   0.9297931392E+003   0.0000000000E+000
   1068700   0.9293998423E+003   0.0000000000E+000
   1068800   0.9268845010E+003   0.0000000000E+000
   1068900   0.9307482213E+003   0.0000000000E+000
   1069000   0.9406558143E+003   0.0000000000E+000
   1069100   0.9293690864E+003   0.0000000000E+000
   1069200   0.9310219222E+003   0.0000000000E+000
   1069300   0.9278505401E+003   0.0000000000E+000
   1069400   0.9326029102E+003   0.0000000000E+000
   1069500   0.9269132424E+003   0.0000000000E+000
   1069600   0.9273174791E+003   0.0000000000E+000
   1069700   0.9303686916E+003   0.0000000000E+000
   1069800   0.9301031122E+003   0.0000000000E+000
   1069900   0.9236428587E+003   0.0000000000E+000
   1070000   0.9263788161E+003   0.0000000000E+000
   1070100   0.9355261705E+003   0.0000000000E+000
   1070200   0.9329515115E+003   0.0000000000E+000
   1070300   0.9263944558E+003   0.0000000000E+000
   1070400   0.9187423067E+003   0.0000000000E+000
   1070500   0.9191807082E+003   0.0000000000E+000
   1070600   0.9250091456E+003   0.0000000000E+000
   1070700   0.9272985595E+003   0.0000000000E+000
   1070800   0.9275549636E+003   0.0000000000E+000
   1070900   0.9215790167E+003   0.0000000000E+000
   1071000   0.9195819023E+003   0.0000000000E+000
   1071100   0.9349855198E+003   0.0000000000E+000
   1071200   0.9257441686E+003   0.0000000000E+000
   1071300   0.9361708174E+003   0.0000000000E+000
   1071400   0.9211225865E+003   0.0000000000E+000
   1071500   0.9300285685E+003   0.0000000000E+000
   1071600   0.9207107694E+003   0.0000000000E+000
   1071700   0.9270529305E+003   0.0000000000E+000
   1071800   0.9137160825E+003   0.0000000000E+000
   1071900   0.9213960235E+003   0.0000000000E+000
   1072000   0.9309848090E+003   0.0000000000E+000
   1072100   0.9193875228E+003   0.0000000000E+000
   1072200   0.9353614379E+003   0.0000000000E+000
   1072300   0.9288926144E+003   0.0000000000E+000
   1072400   0.9295521703E+003   0.0000000000E+000
   1072500   0.9279501454E+003   0.0000000000E+000
   1072600   0.9313905461E+003   0.0000000000E+000
   1072700   0.9220405990E+003   0.0000000000E+000
   1072800   0.9275940834E+003   0.0000000000E+000
   1072900   0.9259249591E+003   0.0000000000E+000
   1073000   0.9182539025E+003   0.0000000000E+000
   1073100   0.9297084318E+003   0.0000000000E+000
   1073200   0.9284438305E+003   0.0000000000E+000
   1073300   0.9395422095E+003   0.0000000000E+000
   1073400   0.9167838518E+003   0.0000000000E+000
   1073500   0.9219780961E+003   0.0000000000E+000
   1073600   0.9256799962E+003   0.0000000000E+000
   1073700   0.9204588430E+003   0.0000000000E+000
   1073800   0.9185146887E+003   0.0000000000E+000
   1073900   0.9231532168E+003   0.0000000000E+000
   1074000   0.9261237314E+003   0.0000000000E+000
   1074100   0.9303103523E+003   0.0000000000E+000
   1074200   0.9282515360E+003   0.0000000000E+000
   1074300   0.9267205345E+003   0.0000000000E+000
   1074400   0.9294161648E+003   0.0000000000E+000
   1074500   0.9258258195E+003   0.0000000000E+000
   1074600   0.9146564663E+003   0.0000000000E+000
   1074700   0.9151274677E+003   0.0000000000E+000
   1074800   0.9281836895E+003   0.0000000000E+000
   1074900   0.9299448220E+003   0.0000000000E+000
   1075000   0.9172854856E+003   0.0000000000E+000
   1075100   0.9143613118E+003   0.0000000000E+000
   1075200   0.9241914991E+003   0.0000000000E+000
   1075300   0.9173637583E+003   0.0000000000E+000
   1075400   0.9177945149E+003   0.0000000000E+000
   1075500   0.9212891975E+003   0.0000000000E+000
   1075600   0.9307610945E+003   0.0000000000E+000
   1075700   0.9229788341E+003   0.0000000000E+000
   1075800   0.9281246512E+003   0.0000000000E+000
   1075900   0.9208451077E+003   0.0000000000E+000
   1076000   0.9335951374E+003   0.0000000000E+000
   1076100   0.9240052886E+003   0.0000000000E+000
   1076200   0.9351835122E+003   0.0000000000E+000
   1076300   0.9203476471E+003   0.0000000000E+000
   1076400   0.9298487245E+003   0.0000000000E+000
   1076500   0.9206429780E+003   0.0000000000E+000
   1076600   0.9261297612E+003   0.0000000000E+000
   1076700   0.9263570972E+003   0.0000000000E+000
   1076800   0.9279155500E+003   0.0000000000E+000
   1076900   0.9271717461E+003   0.0000000000E+000
   1077000   0.9227676094E+003   0.0000000000E+000
   1077100   0.9249640658E+003   0.0000000000E+000
   1077200   0.9284203277E+003   0.0000000000E+000
   1077300   0.9304607225E+003   0.0000000000E+000
   1077400   0.9227427125E+003   0.0000000000E+000
   1077500   0.9187266931E+003   0.0000000000E+000
   1077600   0.9290164753E+003   0.0000000000E+000
   1077700   0.9288522622E+003   0.0000000000E+000
   1077800   0.9241256436E+003   0.0000000000E+000
   1077900   0.9219330248E+003   0.0000000000E+000
   1078000   0.9152266518E+003   0.0000000000E+000
   1078100   0.9274548277E+003   0.0000000000E+000
   1078200   0.9218720466E+003   0.0000000000E+000
   1078300   0.9258813520E+003   0.0000000000E+000
   1078400   0.9312969398E+003   0.0000000000E+000
   1078500   0.9391505794E+003   0.0000000000E+000
   1078600   0.9250787994E+003   0.0000000000E+000
   1078700   0.9274935224E+003   0.0000000000E+000
   1078800   0.9291191843E+003   0.0000000000E+000
   1078900   0.9242796841E+003   0.0000000000E+000
   1079000   0.9185965839E+003   0.0000000000E+000
   1079100   0.9320554388E+003   0.0000000000E+000
   1079200   0.9253913684E+003   0.0000000000E+000
   1079300   0.9335767914E+003   0.0000000000E+000
   1079400   0.9291032904E+003   0.0000000000E+000
   1079500   0.9253202680E+003   0.0000000000E+000
   1079600   0.9209931057E+003   0.0000000000E+000
   1079700   0.9244322975E+003   0.0000000000E+000
   1079800   0.9319274850E+003   0.0000000000E+000
   1079900   0.9294665653E+003   0.0000000000E+000
   1080000   0.9259047268E+003   0.0000000000E+000
   1080100   0.9263494743E+003   0.0000000000E+000
   1080200   0.9275931122E+003   0.0000000000E+000
   1080300   0.9316702192E+003   0.0000000000E+000
   1080400   0.9281332971E+003   0.0000000000E+000
   1080500   0.9231303473E+003   0.0000000000E+000
   1080600   0.9220575251E+003   0.0000000000E+000
   1080700   0.9224088359E+003   0.0000000000E+000
   1080800   0.9210292263E+003   0.0000000000E+000
   1080900   0.9219263386E+003   0.0000000000E+000
   1081000   0.9285889443E+003   0.0000000000E+000
   1081100   0.9222717969E+003   0.0000000000E+000
   1081200   0.9313335531E+003   0.0000000000E+000
   1081300   0.9226432612E+003   0.0000000000E+000
   1081400   0.9285838791E+003   0.0000000000E+000
   1081500   0.9324571184E+003   0.0000000000E+000
   1081600   0.9297335533E+003   0.0000000000E+000
   1081700   0.9206317417E+003   0.0000000000E+000
   1081800   0.9293778753E+003   0.0000000000E+000
   1081900   0.9264871317E+003   0.0000000000E+000
   1082000   0.9215678910E+003   0.0000000000E+000
   1082100   0.9282819896E+003   0.0000000000E+000
   1082200   0.9167716326E+003   0.0000000000E+000
   1082300   0.9240755747E+003   0.0000000000E+000
   1082400   0.9247443288E+003   0.0000000000E+000
   1082500   0.9239104020E+003   0.0000000000E+000
   1082600   0.9192329115E+003   0.0000000000E+000
   1082700   0.9296450205E+003   0.0000000000E+000
   1082800   0.9315569731E+003   0.0000000000E+000
   1082900   0.9294217946E+003   0.0000000000E+000
   1083000   0.9242337418E+003   0.0000000000E+000
   1083100   0.9222993727E+003   0.0000000000E+000
   1083200   0.9207330382E+003   0.0000000000E+000
   1083300   0.9216117973E+003   0.0000000000E+000
   1083400   0.9183514726E+003   0.0000000000E+000
   1083500   0.9218963110E+003   0.0000000000E+000
   1083600   0.9214190973E+003   0.0000000000E+000
   1083700   0.9368778039E+003   0.0000000000E+000
   1083800   0.9317674495E+003   0.0000000000E+000
   1083900   0.9203575855E+003   0.0000000000E+000
   1084000   0.9181755377E+003   0.0000000000E+000
   1084100   0.9197442740E+003   0.0000000000E+000
   1084200   0.9270997071E+003   0.0000000000E+000
   1084300   0.9300284877E+003   0.0000000000E+000
   1084400   0.9268830214E+003   0.0000000000E+000
   1084500   0.9245973390E+003   0.0000000000E+000
   1084600   0.9303717784E+003   0.0000000000E+000
   1084700   0.9229249416E+003   0.0000000000E+000
   1084800   0.9182143523E+003   0.0000000000E+000
   1084900   0.9255153463E+003   0.0000000000E+000
   1085000   0.9261787093E+003   0.0000000000E+000
   1085100   0.9233613776E+003   0.0000000000E+000
   1085200   0.9258994133E+003   0.0000000000E+000
   1085300   0.9301222508E+003   0.0000000000E+000
   1085400   0.9301097275E+003   0.0000000000E+000
   1085500   0.9255122707E+003   0.0000000000E+000
   1085600   0.9218567783E+003   0.0000000000E+000
   1085700   0.9131061240E+003   0.0000000000E+000
   1085800   0.9167575395E+003   0.0000000000E+000
   1085900   0.9330197791E+003   0.0000000000E+000
   1086000   0.9250410262E+003   0.0000000000E+000
   1086100   0.9378014128E+003   0.0000000000E+000
   1086200   0.9315405934E+003   0.0000000000E+000
   1086300   0.9217433704E+003   0.0000000000E+000
   1086400   0.9196065461E+003   0.0000000000E+000
   1086500   0.9217918310E+003   0.0000000000E+000
   1086600   0.9283309370E+003   0.0000000000E+000
   1086700   0.9197278551E+003   0.0000000000E+000
   1086800   0.9231304002E+003   0.0000000000E+000
   1086900   0.9136437493E+003   0.0000000000E+000
   1087000   0.9168935288E+003   0.0000000000E+000
   1087100   0.9324353291E+003   0.0000000000E+000
   1087200   0.9200950865E+003   0.0000000000E+000
   1087300   0.9227070537E+003   0.0000000000E+000
   1087400   0.9246582049E+003   0.0000000000E+000
   1087500   0.9205062530E+003   0.0000000000E+000
   1087600   0.9253668648E+003   0.0000000000E+000
   1087700   0.9298826228E+003   0.0000000000E+000
   1087800   0.9287912660E+003   0.0000000000E+000
   1087900   0.9240831325E+003   0.0000000000E+000
   1088000   0.9243076152E+003   0.0000000000E+000
   1088100   0.9239801582E+003   0.0000000000E+000
   1088200   0.9212493871E+003   0.0000000000E+000
   1088300   0.9220673988E+003   0.0000000000E+000
   1088400   0.9233219387E+003   0.0000000000E+000
   1088500   0.9295701499E+003   0.0000000000E+000
   1088600   0.9247129468E+003   0.0000000000E+000
   1088700   0.9382619630E+003   0.0000000000E+000
   1088800   0.9264376538E+003   0.0000000000E+000
   1088900   0.9276559194E+003   0.0000000000E+000
   1089000   0.9288093948E+003   0.0000000000E+000
   1089100   0.9239566223E+003   0.0000000000E+000
   1089200   0.9203377061E+003   0.0000000000E+000
   1089300   0.9237428202E+003   0.0000000000E+000
   1089400   0.9249881552E+003   0.0000000000E+000
   1089500   0.9271001887E+003   0.0000000000E+000
   1089600   0.9288114557E+003   0.0000000000E+000
   1089700   0.9171161939E+003   0.0000000000E+000
   1089800   0.9268311545E+003   0.0000000000E+000
   1089900   0.9136117027E+003   0.0000000000E+000
   1090000   0.9260806091E+003   0.0000000000E+000
   1090100   0.9355826954E+003   0.0000000000E+000
   1090200   0.9183797976E+003   0.0000000000E+000
   1090300   0.9228488067E+003   0.0000000000E+000
   1090400   0.9259216339E+003   0.0000000000E+000
   1090500   0.9247181705E+003   0.0000000000E+000
   1090600   0.9200357644E+003   0.0000000000E+000
   1090700   0.9211348290E+003   0.0000000000E+000
   1090800   0.9227915408E+003   0.0000000000E+000
   1090900   0.9222642553E+003   0.0000000000E+000
   1091000   0.9212494741E+003   0.0000000000E+000
   1091100   0.9278012255E+003   0.0000000000E+000
   1091200   0.9272127982E+003   0.0000000000E+000
   1091300   0.9246772943E+003   0.0000000000E+000
   1091400   0.9278992128E+003   0.0000000000E+000
   1091500   0.9246099816E+003   0.0000000000E+000
   1091600   0.9259994042E+003   0.0000000000E+000
   1091700   0.9272775529E+003   0.0000000000E+000
   1091800   0.9267800428E+003   0.0000000000E+000
   1091900   0.9220416137E+003   0.0000000000E+000
   1092000   0.9343959043E+003   0.0000000000E+000
   1092100   0.9147561113E+003   0.0000000000E+000
   1092200   0.9312491468E+003   0.0000000000E+000
   1092300   0.9223030318E+003   0.0000000000E+000
   1092400   0.9203844737E+003   0.0000000000E+000
   1092500   0.9235228563E+003   0.0000000000E+000
   1092600   0.9276751285E+003   0.0000000000E+000
   1092700   0.9224945835E+003   0.0000000000E+000
   1092800   0.9316857453E+003   0.0000000000E+000
   1092900   0.9224320955E+003   0.0000000000E+000
   1093000   0.9203599089E+003   0.0000000000E+000
   1093100   0.9254314118E+003   0.0000000000E+000
   1093200   0.9268398664E+003   0.0000000000E+000
   1093300   0.9286745151E+003   0.0000000000E+000
   1093400   0.9271480662E+003   0.0000000000E+000
   1093500   0.9195748270E+003   0.0000000000E+000
   1093600   0.9379431548E+003   0.0000000000E+000
   1093700   0.9210071969E+003   0.0000000000E+000
   1093800   0.9274612888E+003   0.0000000000E+000
   1093900   0.9277055945E+003   0.0000000000E+000
   1094000   0.9222740887E+003   0.0000000000E+000
   1094100   0.9275621001E+003   0.0000000000E+000
   1094200   0.9279893196E+003   0.0000000000E+000
   1094300   0.9280465489E+003   0.0000000000E+000
   1094400   0.9342010718E+003   0.0000000000E+000
   1094500   0.9279915359E+003   0.0000000000E+000
   1094600   0.9298511154E+003   0.0000000000E+000
   1094700   0.9426658075E+003   0.0000000000E+000
   1094800   0.9291082184E+003   0.0000000000E+000
   1094900   0.9241877182E+003   0.0000000000E+000
   1095000   0.9204028504E+003   0.0000000000E+000
   1095100   0.9279722544E+003   0.0000000000E+000
   1095200   0.9172326123E+003   0.0000000000E+000
   1095300   0.9243493287E+003   0.0000000000E+000
   1095400   0.9270759065E+003   0.0000000000E+000
   1095500   0.9264264987E+003   0.0000000000E+000
   1095600   0.9247301134E+003   0.0000000000E+000
   1095700   0.9288089322E+003   0.0000000000E+000
   1095800   0.9378335877E+003   0.0000000000E+000
   1095900   0.9329975023E+003   0.0000000000E+000
   1096000   0.9352994270E+003   0.0000000000E+000
   1096100   0.9368505028E+003   0.0000000000E+000
   1096200   0.9279834232E+003   0.0000000000E+000
   1096300   0.9307040006E+003   0.0000000000E+000
   1096400   0.9371154990E+003   0.0000000000E+000
   1096500   0.9292593926E+003   0.0000000000E+000
   1096600   0.9239423334E+003   0.0000000000E+000
   1096700   0.9136803767E+003   0.0000000000E+000
   1096800   0.9272988157E+003   0.0000000000E+000
   1096900   0.9197045184E+003   0.0000000000E+000
   1097000   0.9177326611E+003   0.0000000000E+000
   1097100   0.9278637331E+003   0.0000000000E+000
   1097200   0.9148780214E+003   0.0000000000E+000
   1097300   0.9331323003E+003   0.0000000000E+000
   1097400   0.9294169223E+003   0.0000000000E+000
   1097500   0.9325456171E+003   0.0000000000E+000
   1097600   0.9299430241E+003   0.0000000000E+000
   1097700   0.9213918557E+003   0.0000000000E+000
   1097800   0.9346929736E+003   0.0000000000E+000
   1097900   0.9296542927E+003   0.0000000000E+000
   1098000   0.9211549199E+003   0.0000000000E+000
   1098100   0.9308152391E+003   0.0000000000E+000
   1098200   0.9183870847E+003   0.0000000000E+000
   1098300   0.9269418435E+003   0.0000000000E+000
   1098400   0.9365548186E+003   0.0000000000E+000
   1098500   0.9363374889E+003   0.0000000000E+000
   1098600   0.9325836373E+003   0.0000000000E+000
   1098700   0.9331806487E+003   0.0000000000E+000
   1098800   0.9382822887E+003   0.0000000000E+000
   1098900   0.9329668731E+003   0.0000000000E+000
   1099000   0.9299337216E+003   0.0000000000E+000
   1099100   0.9326661156E+003   0.0000000000E+000
   1099200   0.9263775149E+003   0.0000000000E+000
   1099300   0.9229008972E+003   0.0000000000E+000
   1099400   0.9261517157E+003   0.0000000000E+000
   1099500   0.9386991443E+003   0.0000000000E+000
   1099600   0.9251446126E+003   0.0000000000E+000
   1099700   0.9331455078E+003   0.0000000000E+000
   1099800   0.9230031732E+003   0.0000000000E+000
   1099900   0.9198553533E+003   0.0000000000E+000
   1100000   0.9343129051E+003   0.0000000000E+000
