units		    real
atom_style	    full
boundary        p p p
pair_style	    lj/cut/coul/long 12
pair_modify     mix arithmetic tail yes
kspace_style    pppm 1e-6
bond_style      harmonic
angle_style     harmonic

read_data       ./data.lmp           # read the positions --------------comment it out for restarting
Reading data file ...
  orthogonal box = (0 0 0) to (51.724067 51.724067 51.724067)
  2 by 2 by 2 MPI processor grid
  reading atoms ...
  1500 atoms
  scanning bonds ...
  1 = max bonds/atom
  scanning angles ...
  1 = max angles/atom
  orthogonal box = (0 0 0) to (51.724067 51.724067 51.724067)
  2 by 2 by 2 MPI processor grid
  reading bonds ...
  1000 bonds
  reading angles ...
  500 angles
Finding 1-2 1-3 1-4 neighbors ...
  special bond factors lj:    0        0        0       
  special bond factors coul:  0        0        0       
     2 = max # of 1-2 neighbors
     1 = max # of 1-3 neighbors
     1 = max # of 1-4 neighbors
     2 = max # of special neighbors
  special bonds CPU = 0.000 seconds
  read_data CPU = 0.028 seconds
#read_restart   2.restart

#----------------------------------------------------------------------------#
# FORCEFIELD - TraPPE Flexible model for N2
#----------------------------------------------------------------------------#

pair_coeff      1   1  0.0695521435  3.310  # [N2]-L-[N2]
pair_coeff      2   2  0.0009936 0.5   # N2-[L]

bond_coeff      1   500 0.55            # [N2]-[L]

angle_coeff     1   50 180              # N2-N2_X-N2

mass 1 13.9067      # N2
mass 2  0.1         # N2_X

set type        1   charge     -0.482             # N2
Setting atom values ...
  1000 settings made for charge
set type        2   charge      0.964             # N2_X
Setting atom values ...
  500 settings made for charge

#------------------------ VARIABLES------------------------------------------#

variable  TEMP_INDEX       equal 300  # in K
variable  PRESS_INDEX      equal 160  # in bar
variable  RandomSeed       equal 40000  # RANDOM SEED
variable  nz_layers        equal 20
variable  nx_layers        equal 3
variable  timestep         equal 0.5

variable  simulationTemp   equal ${TEMP_INDEX}
variable  simulationTemp   equal 300
variable  pressure         equal 0.987*${PRESS_INDEX}
variable  pressure         equal 0.987*160

variable  Ninptpre         equal 50000
variable  Ninpt            equal 400000     # 0.2 ns
variable  npt_run          equal 2000000    # 1 ns
variable  NBR              equal ${npt_run}/100
variable  NBR              equal 2000000/100

variable  Density          equal density
variable  Volume           equal vol

variable  dumpfreq         equal 1000
variable  thermofreq       equal 1000
variable  printfreq        equal 1000
variable  restartfreq      equal 1000000

variable  NVT_init         equal 200000    # 0.1 ns
variable  NVT_init_2       equal 200000    # 0.1 ns
variable  NVE_reshape      equal 10000
variable  NVT_prod         equal 1000000   # 0.5 ns
variable  NVE_cuboid       equal 200000    # 0.1 ns

variable  thermo_num       equal 1000

#---------------------------- GROUPS/NEIGHBOUR - LIST -----------------------------------------------------------------------#

group           oxy  type 1
1000 atoms in group oxy
group           carb type 2
500 atoms in group carb

neighbor	    3.0 bin
neigh_modify    every 1 delay 0 check yes
run_style       verlet

#---------------------------- CONGUGATE-GRADIENT MINIMIZATION --------------------------------------------------------#

#minimize energytolerance forcetolerance max_iterations_of_minimizer max_number_of_force_or_energy_evaluations
minimize        1e-6 1e-8 100000 10000000
PPPM initialization ...
  using 12-bit tables for long-range coulomb (src/kspace.cpp:342)
  G vector (1/distance) = 0.26873989
  grid = 48 48 48
  stencil order = 5
  estimated absolute RMS force accuracy = 0.00039673335
  estimated relative force accuracy = 1.1947507e-06
  using single precision FFTW3
  3d grid and FFT values/proc = 29791 13824
Generated 1 of 1 mixed pair_coeff terms from arithmetic mixing rule
Last active /omp style is kspace_style pppm/omp
Neighbor list info ...
  update: every = 1 steps, delay = 0 steps, check = yes
  max neighbors/atom: 2000, page size: 100000
  master list distance cutoff = 15
  ghost atom cutoff = 15
  binsize = 7.5, bins = 7 7 7
  1 neighbor lists, perpetual/occasional/extra = 1 0 0
  (1) pair lj/cut/coul/long/omp, perpetual
      attributes: half, newton on, omp
      pair build: half/bin/newton/omp
      stencil: half/bin/3d
      bin: standard
Per MPI rank memory allocation (min/avg/max) = 9.589 | 9.598 | 9.606 Mbytes
   Step          Temp          E_pair         E_mol          TotEng         Press     
         0   0              28.434711      1.5236362e-05  28.434727      388.82384    
      9001   0             -543.99967      0.32216215    -543.6775      -14.66071     
Loop time of 40.7631 on 8 procs for 9001 steps with 1500 atoms

99.5% CPU use with 8 MPI tasks x 1 OpenMP threads

Minimization stats:
  Stopping criterion = energy tolerance
  Energy initial, next-to-last, final = 
      28.4347266566101  -543.677392908831  -543.677503133579
  Force two-norm initial, final = 108.91174 0.53436756
  Force max component initial, final = 14.210619 0.10736041
  Final line search alpha, max atom move = 0.5812229 0.06240033
  Iterations, force evaluations = 9001 17999

MPI task timing breakdown:
Section |  min time  |  avg time  |  max time  |%varavg| %total
---------------------------------------------------------------
Pair    | 3.7336     | 7.3686     | 10.126     |  85.5 | 18.08
Bond    | 0.12061    | 0.14329    | 0.18002    |   5.5 |  0.35
Kspace  | 29.017     | 31.829     | 35.554     |  42.0 | 78.08
Neigh   | 0.022787   | 0.023401   | 0.023964   |   0.3 |  0.06
Comm    | 0.99606    | 1.0888     | 1.1765     |   6.8 |  2.67
Output  | 0          | 0          | 0          |   0.0 |  0.00
Modify  | 0.026855   | 0.031766   | 0.037903   |   2.2 |  0.08
Other   |            | 0.2786     |            |       |  0.68

Nlocal:          187.5 ave         269 max         117 min
Histogram: 2 0 2 0 0 1 1 0 0 2
Nghost:           1910 ave        1978 max        1790 min
Histogram: 1 0 1 0 0 0 1 3 1 1
Neighs:        21072.8 ave       35939 max        6855 min
Histogram: 1 1 1 0 1 1 0 2 0 1

Total # of neighbors = 168582
Ave neighs/atom = 112.388
Ave special neighs/atom = 2
Neighbor list builds = 38
Dangerous builds = 0

#---------------------------- NPT simulations  ---------------------------------------------------------------------#

fix runnpt all npt temp ${simulationTemp} ${simulationTemp} 10 iso ${pressure} ${pressure} 100
fix runnpt all npt temp 300 ${simulationTemp} 10 iso ${pressure} ${pressure} 100
fix runnpt all npt temp 300 300 10 iso ${pressure} ${pressure} 100
fix runnpt all npt temp 300 300 10 iso 157.92 ${pressure} 100
fix runnpt all npt temp 300 300 10 iso 157.92 157.92 100

thermo_style custom step pe ke etotal press temp v_Density
thermo_modify flush yes
thermo ${thermo_num}
thermo 1000

velocity all create ${simulationTemp} ${RandomSeed} mom yes rot yes dist gaussian
velocity all create 300 ${RandomSeed} mom yes rot yes dist gaussian
velocity all create 300 40000 mom yes rot yes dist gaussian

#-----------------------
# Run (Pre-Initialization)
#-----------------------

timestep    0.1
run         ${Ninptpre}
run         50000
PPPM initialization ...
  using 12-bit tables for long-range coulomb (src/kspace.cpp:342)
  G vector (1/distance) = 0.26873989
  grid = 48 48 48
  stencil order = 5
  estimated absolute RMS force accuracy = 0.00039673335
  estimated relative force accuracy = 1.1947507e-06
  using single precision FFTW3
  3d grid and FFT values/proc = 29791 13824
Generated 1 of 1 mixed pair_coeff terms from arithmetic mixing rule
Last active /omp style is kspace_style pppm/omp
Per MPI rank memory allocation (min/avg/max) = 8.482 | 8.483 | 8.485 Mbytes
   Step         PotEng         KinEng         TotEng         Press           Temp        v_Density   
      9001  -543.6775       1340.4703      796.79278      428.14381      300            0.16747647   
     10000   250.87096      1166.0105      1416.8814      327.63958      260.95554      0.13651428   
     11000   91.481716      1411.9564      1503.4382      218.17507      315.99875      0.11867834   
     12000   216.30997      1302.6069      1518.9169      120.42944      291.52609      0.11429592   
     13000   205.44111      1318.6976      1524.1387      132.35118      295.12724      0.11547906   
     14000   151.79354      1404.133       1555.9265      190.87695      314.24784      0.1203111    
     15000   255.49497      1278.4368      1533.9317      97.908097      286.11677      0.12441317   
     16000   171.95206      1383.2902      1555.2423      190.40569      309.58319      0.13296833   
     17000   257.02422      1288.0184      1545.0426      126.86007      288.26116      0.1358709    
     18000   172.05154      1389.8016      1561.8531      175.42235      311.04045      0.14232726   
     19000   244.11074      1314.7974      1558.9082      128.39058      294.25436      0.14843363   
     20000   221.17876      1362.2639      1583.4426      172.47525      304.87745      0.1517569    
     21000   240.35628      1374.2109      1614.5672      169.3001       307.55122      0.15797808   
     22000   244.39989      1346.9057      1591.3056      126.12852      301.44025      0.16100506   
     23000   215.64489      1351.0474      1566.6923      185.75122      302.36718      0.16796307   
     24000   262.22033      1295.7407      1557.9611      204.74198      289.98944      0.1708214    
     25000   269.28483      1314.1655      1583.4504      153.07968      294.11294      0.1582225    
     26000   311.36495      1298.7994      1610.1644      122.99548      290.67398      0.15752484   
     27000   280.31039      1312.2421      1592.5525      149.95529      293.68248      0.15766712   
     28000   310.68449      1310.5122      1621.1967      195.97401      293.29531      0.15916753   
     29000   318.67304      1278.4151      1597.0881      111.66974      286.11192      0.14994107   
     30000   328.64808      1303.6403      1632.2884      112.43637      291.75738      0.15051559   
     31000   299.53584      1308.9568      1608.4927      177.27926      292.94723      0.15853265   
     32000   317.21533      1329.4319      1646.6473      181.46245      297.5296       0.15256486   
     33000   320.71606      1363.5185      1684.2345      164.48791      305.15823      0.14912859   
     34000   325.8939       1343.3612      1669.2551      103.71281      300.64699      0.14603018   
     35000   315.05223      1377.6299      1692.6821      235.6897       308.31639      0.15136112   
     36000   311.18354      1326.6427      1637.8262      213.37         296.90535      0.15700095   
     37000   313.01874      1248.0996      1561.1183      65.887146      279.32725      0.15486588   
     38000   325.40351      1314.9639      1640.3674      138.4548       294.29162      0.15530664   
     39000   336.98758      1289.9692      1626.9568      244.59257      288.69775      0.15119283   
     40000   326.79469      1312.8715      1639.6662      215.84292      293.82333      0.14981962   
     41000   327.89654      1307.201       1635.0975      43.628888      292.55426      0.14279349   
     42000   330.68312      1316.4421      1647.1252      136.82451      294.62244      0.14412001   
     43000   336.05019      1271.8812      1607.9314      267.1544       284.64963      0.1525658    
     44000   326.63217      1334.3984      1661.0306      159.58756      298.6411       0.14823416   
     45000   311.33782      1311.9389      1623.2767      82.464965      293.61461      0.14380117   
     46000   340.18714      1298.2755      1638.4627      189.44441      290.55673      0.14906016   
     47000   316.36123      1327.9389      1644.3001      259.47495      297.19544      0.14704346   
     48000   363.16564      1347.4788      1710.6444      97.362708      301.56852      0.13650708   
     49000   385.42885      1355.1789      1740.6078      74.955278      303.29182      0.13566594   
     50000   350.70657      1382.9526      1733.6592      184.0399       309.50764      0.13378324   
     51000   375.15464      1363.8267      1738.9814      209.83912      305.22722      0.13710502   
     52000   329.99382      1367.2634      1697.2573      132.25303      305.99636      0.14436943   
     53000   352.17713      1374.3759      1726.5531      106.92918      307.58816      0.14639619   
     54000   329.91366      1351.9522      1681.8658      197.28049      302.56967      0.14391156   
     55000   326.6336       1370.7575      1697.3911      254.5683       306.77834      0.15081168   
     56000   346.19971      1277.9049      1624.1046      92.115576      285.99774      0.15245263   
     57000   332.48437      1348.9593      1681.4437      87.909262      301.89986      0.13875815   
     58000   338.84235      1331.9551      1670.7975      217.92384      298.09429      0.14241421   
     59000   342.71001      1348.3767      1691.0867      175.21905      301.76948      0.14504662   
     59001   349.30821      1341.0299      1690.3381      170.48849      300.12524      0.14504056   
Loop time of 206.865 on 8 procs for 50000 steps with 1500 atoms

Performance: 2.088 ns/day, 11.492 hours/ns, 241.704 timesteps/s, 362.555 katom-step/s
99.5% CPU use with 8 MPI tasks x 1 OpenMP threads

MPI task timing breakdown:
Section |  min time  |  avg time  |  max time  |%varavg| %total
---------------------------------------------------------------
Pair    | 6.5527     | 8.6016     | 11.08      |  46.3 |  4.16
Bond    | 0.40118    | 0.44148    | 0.5158     |   5.4 |  0.21
Kspace  | 84.892     | 87.642     | 89.898     |  16.0 | 42.37
Neigh   | 0.046095   | 0.047087   | 0.048098   |   0.4 |  0.02
Comm    | 2.6619     | 2.8583     | 3.0683     |  10.9 |  1.38
Output  | 0.0019393  | 0.0021102  | 0.0032165  |   0.9 |  0.00
Modify  | 103.16     | 105.16     | 106.45     |  10.8 | 50.84
Other   |            | 2.108      |            |       |  1.02

Nlocal:          187.5 ave         202 max         166 min
Histogram: 1 1 0 0 1 1 0 0 2 2
Nghost:        1575.75 ave        1615 max        1539 min
Histogram: 2 1 0 0 0 0 3 1 0 1
Neighs:        12736.5 ave       14450 max       10936 min
Histogram: 1 0 2 1 0 0 2 0 0 2

Total # of neighbors = 101892
Ave neighs/atom = 67.928
Ave special neighs/atom = 2
Neighbor list builds = 96
Dangerous builds = 0

timestep    0.25
run         ${Ninptpre}
run         50000
PPPM initialization ...
  using 12-bit tables for long-range coulomb (src/kspace.cpp:342)
  G vector (1/distance) = 0.26826279
  grid = 50 50 50
  stencil order = 5
  estimated absolute RMS force accuracy = 0.0003818028
  estimated relative force accuracy = 1.1497878e-06
  using single precision FFTW3
  3d grid and FFT values/proc = 32768 16250
Generated 1 of 1 mixed pair_coeff terms from arithmetic mixing rule
Last active /omp style is kspace_style pppm/omp
Per MPI rank memory allocation (min/avg/max) = 8.667 | 8.722 | 8.934 Mbytes
   Step         PotEng         KinEng         TotEng         Press           Temp        v_Density   
     59001   349.30776      1341.0299      1690.3376      170.48994      300.12524      0.14504056   
     60000   350.05923      1256.9026      1606.9618      116.65037      281.29738      0.15099914   
     61000   359.16513      1319.4729      1678.638       104.78853      295.30074      0.14934174   
     62000   359.75833      1293.3879      1653.1462      91.509478      289.46287      0.14616656   
     63000   360.97687      1333.4105      1694.3874      193.37182      298.42001      0.14407093   
     64000   370.63498      1388.0155      1758.6505      283.73938      310.64072      0.14357622   
     65000   371.6544       1366.2579      1737.9123      220.90836      305.77132      0.14797692   
     66000   373.12445      1346.7951      1719.9196      119.46099      301.41551      0.14102544   
     67000   361.67274      1327.9469      1689.6196      99.844314      297.19724      0.14784509   
     68000   375.29173      1313.1225      1688.4142      90.752649      293.87951      0.14002537   
     69000   349.32265      1342.7366      1692.0593      193.76102      300.50721      0.14871415   
     70000   353.70868      1387.3158      1741.0245      251.39439      310.48413      0.15363383   
     71000   362.25352      1349.5133      1711.7668      190.34355      302.02384      0.14449786   
     72000   367.43822      1337.4986      1704.9369      161.1636       299.33494      0.14886105   
     73000   369.58261      1350.0698      1719.6524      132.86659      302.14839      0.15117111   
     74000   346.6481       1361.619       1708.2671      144.00202      304.73313      0.14654386   
     75000   353.28324      1352.9559      1706.2391      177.28236      302.7943       0.14547979   
     76000   383.52175      1330.2279      1713.7497      155.03305      297.70774      0.14153076   
     77000   353.43773      1355.5821      1709.0199      134.61844      303.38206      0.15802336   
     78000   362.91947      1383.2433      1746.1627      147.56006      309.57268      0.141589     
     79000   339.5342       1384.937       1724.4712      165.06153      309.95175      0.15182383   
     80000   364.41822      1359.1013      1723.5195      173.40839      304.16965      0.1414542    
     81000   347.75382      1363.6872      1711.441       212.62389      305.19599      0.14214766   
     82000   362.23061      1375.7403      1737.9709      197.6589       307.8935       0.14387887   
     83000   355.85327      1355.025       1710.8782      139.32299      303.25737      0.14854168   
     84000   387.56908      1334.5885      1722.1576      96.741805      298.68365      0.14998033   
     85000   375.62444      1384.2758      1759.9002      109.33657      309.80376      0.13788055   
     86000   355.78563      1300.0183      1655.8039      200.18069      290.94676      0.14959101   
     87000   368.7862       1339.5036      1708.2898      268.29177      299.78366      0.14695479   
     88000   379.7117       1379.2685      1758.9802      214.60463      308.68313      0.15082401   
     89000   356.38254      1320.7988      1677.1813      145.11118      295.59748      0.14070543   
     90000   373.12575      1341.9845      1715.1103      76.648443      300.3389       0.13783104   
     91000   374.4936       1322.7607      1697.2543      98.446634      296.03656      0.14188794   
     92000   350.88593      1359.2073      1710.0933      152.72886      304.19339      0.14264513   
     93000   360.98934      1387.8313      1748.8207      209.56612      310.5995       0.1421183    
     94000   355.21355      1326.5946      1681.8081      210.49144      296.89459      0.14662334   
     95000   361.57892      1316.0001      1677.579       183.5372       294.52352      0.14623046   
     96000   357.71441      1288.0624      1645.7768      105.05724      288.27101      0.14628743   
     97000   376.8795       1328.0424      1704.9219      105.61228      297.21861      0.14312784   
     98000   374.64031      1331.1559      1705.7962      130.75243      297.91543      0.13267732   
     99000   372.53836      1339.0759      1711.6142      202.40866      299.68793      0.14472869   
    100000   356.20392      1390.4716      1746.6755      197.65587      311.1904       0.14988161   
    101000   357.29273      1323.8574      1681.1501      163.7451       296.28201      0.14618094   
    102000   372.76425      1338.6633      1711.4276      120.27004      299.5956       0.15024669   
    103000   365.56412      1355.6183      1721.1824      133.10332      303.39015      0.14045648   
    104000   364.5211       1316.8106      1681.3317      178.22475      294.70492      0.14936686   
    105000   376.94985      1340.2044      1717.1543      213.34461      299.9405       0.14789219   
    106000   366.4158       1363.497       1729.9128      171.78016      305.15342      0.13875861   
    107000   366.90208      1356.63        1723.5321      134.54233      303.61659      0.14082179   
    108000   360.82377      1334.4307      1695.2544      108.98261      298.64832      0.14720705   
    109000   358.30047      1332.142       1690.4424      132.20625      298.13611      0.1495586    
    109001   361.73138      1330.4952      1692.2266      135.29614      297.76756      0.1495354    
Loop time of 247.888 on 8 procs for 50000 steps with 1500 atoms

Performance: 4.357 ns/day, 5.509 hours/ns, 201.704 timesteps/s, 302.556 katom-step/s
99.6% CPU use with 8 MPI tasks x 1 OpenMP threads

MPI task timing breakdown:
Section |  min time  |  avg time  |  max time  |%varavg| %total
---------------------------------------------------------------
Pair    | 5.7754     | 7.6566     | 9.7971     |  45.8 |  3.09
Bond    | 0.38415    | 0.46287    | 0.53487    |   6.7 |  0.19
Kspace  | 107.88     | 109.91     | 111.75     |  11.5 | 44.34
Neigh   | 0.10296    | 0.10471    | 0.10644    |   0.5 |  0.04
Comm    | 2.8705     | 3.0674     | 3.2658     |  10.0 |  1.24
Output  | 0.0022482  | 0.002397   | 0.0033737  |   0.8 |  0.00
Modify  | 108.87     | 118.95     | 126.26     |  51.9 | 47.98
Other   |            | 7.732      |            |       |  3.12

Nlocal:          187.5 ave         225 max         154 min
Histogram: 1 1 0 2 2 0 0 0 0 2
Nghost:         1602.5 ave        1657 max        1539 min
Histogram: 1 0 0 2 1 0 1 1 1 1
Neighs:        13222.4 ave       17772 max        9329 min
Histogram: 1 1 0 2 1 1 0 1 0 1

Total # of neighbors = 105779
Ave neighs/atom = 70.519333
Ave special neighs/atom = 2
Neighbor list builds = 211
Dangerous builds = 0

timestep    0.5
run         ${Ninptpre}
run         50000
PPPM initialization ...
  using 12-bit tables for long-range coulomb (src/kspace.cpp:342)
  G vector (1/distance) = 0.26878887
  grid = 50 50 50
  stencil order = 5
  estimated absolute RMS force accuracy = 0.00037113509
  estimated relative force accuracy = 1.1176623e-06
  using single precision FFTW3
  3d grid and FFT values/proc = 32768 16250
Generated 1 of 1 mixed pair_coeff terms from arithmetic mixing rule
Last active /omp style is kspace_style pppm/omp
Per MPI rank memory allocation (min/avg/max) = 8.667 | 8.722 | 8.934 Mbytes
   Step         PotEng         KinEng         TotEng         Press           Temp        v_Density   
    109001   361.73117      1330.4952      1692.2264      135.29608      297.76756      0.1495354    
    110000   463.29305      1327.4484      1790.7415      228.67578      297.08568      0.16115706   
    111000   446.81586      1313.4621      1760.2779      120.0093       293.95551      0.17343275   
    112000   453.12247      1304.4112      1757.5337      130.64031      291.92991      0.1687189    
    113000   440.97557      1303.0802      1744.0558      223.69307      291.63202      0.1627044    
    114000   442.30887      1354.4741      1796.783       111.83068      303.13409      0.17097001   
    115000   447.88962      1320.2443      1768.1339      130.17358      295.47338      0.17760412   
    116000   448.4373       1317.8191      1766.2564      259.50032      294.93062      0.16314496   
    117000   440.72537      1330.9548      1771.6802      98.295249      297.87042      0.16743092   
    118000   447.03174      1323.0083      1770.04        120.01094      296.09196      0.17699288   
    119000   456.19844      1327.4095      1783.6079      217.53601      297.07697      0.17038434   
    120000   436.76559      1349.1064      1785.872       101.50896      301.93278      0.1797422    
    121000   449.01522      1332.3005      1781.3158      59.627725      298.17159      0.17492011   
    122000   413.46026      1321.5851      1735.0454      306.86863      295.77346      0.18390719   
    123000   431.93061      1307.8318      1739.7624      68.322076      292.69543      0.16821651   
    124000   442.18337      1322.1154      1764.2987      66.903374      295.89213      0.17977965   
    125000   496.31695      1321.4368      1817.7538      269.64628      295.74027      0.16463307   
    126000   459.16811      1335.921       1795.0891      105.27925      298.98186      0.17194279   
    127000   471.45829      1339.1355      1810.5938      74.802798      299.70127      0.16562253   
    128000   465.24323      1315.2751      1780.5183      171.2892       294.36127      0.15910331   
    129000   446.47327      1287.2067      1733.6799      172.019        288.0795       0.17411271   
    130000   434.24414      1336.6722      1770.9163      80.383843      299.14998      0.16656316   
    131000   420.77775      1339.1192      1759.897       196.21282      299.69763      0.17306468   
    132000   451.95464      1298.2674      1750.222       234.43457      290.55491      0.16693093   
    133000   467.82849      1326.9763      1794.8048      77.582449      296.98003      0.16742652   
    134000   463.44841      1341.9545      1805.4029      163.83674      300.33217      0.16693615   
    135000   432.44654      1348.9834      1781.43        200.52932      301.90526      0.16972143   
    136000   457.11738      1377.9469      1835.0642      154.76441      308.38733      0.17683479   
    137000   460.64379      1318.8475      1779.4913      77.911914      295.16077      0.1590894    
    138000   442.23569      1372.9998      1815.2355      205.01724      307.28017      0.16569217   
    139000   429.45264      1302.6655      1732.1182      201.74389      291.53922      0.17124143   
    140000   447.29267      1299.652       1746.9447      102.414        290.86479      0.18136964   
    141000   467.53306      1328.7601      1796.2932      154.43287      297.37924      0.17317738   
    142000   446.30123      1361.4694      1807.7707      155.56599      304.69965      0.17709097   
    143000   445.42487      1303.5075      1748.9324      116.36186      291.72765      0.16952101   
    144000   449.86174      1359.1484      1809.0101      180.98818      304.1802       0.16687312   
    145000   444.94581      1370.4958      1815.4416      193.51926      306.71976      0.16699721   
    146000   461.95379      1384.2202      1846.174       45.266277      309.79133      0.17172275   
    147000   469.77277      1292.2988      1762.0715      269.53         289.21911      0.17244328   
    148000   464.2095       1335.8868      1800.0963      233.18467      298.9742       0.17632659   
    149000   465.25565      1383.099       1848.3547      82.290799      309.5404       0.17524782   
    150000   429.64997      1338.2045      1767.8545      193.74284      299.49291      0.17447086   
    151000   454.76079      1325.2504      1780.0112      199.17609      296.59376      0.16928066   
    152000   432.39753      1357.8627      1790.2602      111.81121      303.89246      0.18261334   
    153000   463.91766      1335.2274      1799.145       205.56115      298.82662      0.16324532   
    154000   466.17649      1337.5061      1803.6826      154.42433      299.33661      0.16659887   
    155000   475.43114      1381.8244      1857.2555      100.30282      309.25513      0.16927679   
    156000   468.4259       1360.9157      1829.3416      230.5036       304.57573      0.17699378   
    157000   498.84981      1311.3505      1810.2003      146.61323      293.48294      0.16255859   
    158000   439.07151      1323.4245      1762.496       81.306517      296.18512      0.16360006   
    159000   477.76638      1337.0358      1814.8022      191.54003      299.23136      0.17061983   
    159001   453.27993      1349.8401      1803.1201      210.43703      302.09699      0.1705998    
Loop time of 249.934 on 8 procs for 50000 steps with 1500 atoms

Performance: 8.642 ns/day, 2.777 hours/ns, 200.053 timesteps/s, 300.079 katom-step/s
99.6% CPU use with 8 MPI tasks x 1 OpenMP threads

MPI task timing breakdown:
Section |  min time  |  avg time  |  max time  |%varavg| %total
---------------------------------------------------------------
Pair    | 7.8517     | 8.89       | 10.221     |  23.8 |  3.56
Bond    | 0.42089    | 0.46656    | 0.50631    |   4.0 |  0.19
Kspace  | 108.27     | 109.47     | 110.44     |   6.7 | 43.80
Neigh   | 0.21721    | 0.22053    | 0.22371    |   0.6 |  0.09
Comm    | 3.0707     | 3.2719     | 3.4785     |   9.9 |  1.31
Output  | 0.0018851  | 0.0020214  | 0.0028931  |   0.7 |  0.00
Modify  | 108.81     | 119.57     | 127.18     |  53.6 | 47.84
Other   |            | 8.049      |            |       |  3.22

Nlocal:          187.5 ave         216 max         173 min
Histogram: 3 0 2 0 0 1 1 0 0 1
Nghost:         1725.5 ave        1757 max        1690 min
Histogram: 2 0 1 0 0 1 0 2 1 1
Neighs:          14993 ave       17809 max       13412 min
Histogram: 2 2 1 0 1 0 0 1 0 1

Total # of neighbors = 119944
Ave neighs/atom = 79.962667
Ave special neighs/atom = 2
Neighbor list builds = 400
Dangerous builds = 0

#-----------------------
# Run (Initialization)
#-----------------------

unfix       runnpt
reset_timestep 0

fix runnpt all npt temp ${simulationTemp} ${simulationTemp} 100 iso ${pressure} ${pressure} 1000
fix runnpt all npt temp 300 ${simulationTemp} 100 iso ${pressure} ${pressure} 1000
fix runnpt all npt temp 300 300 100 iso ${pressure} ${pressure} 1000
fix runnpt all npt temp 300 300 100 iso 157.92 ${pressure} 1000
fix runnpt all npt temp 300 300 100 iso 157.92 157.92 1000

timestep    ${timestep}
timestep    0.5
run         ${Ninpt}
run         400000
PPPM initialization ...
  using 12-bit tables for long-range coulomb (src/kspace.cpp:342)
  G vector (1/distance) = 0.2690652
  grid = 48 48 48
  stencil order = 5
  estimated absolute RMS force accuracy = 0.00038990124
  estimated relative force accuracy = 1.174176e-06
  using single precision FFTW3
  3d grid and FFT values/proc = 29791 13824
Generated 1 of 1 mixed pair_coeff terms from arithmetic mixing rule
Last active /omp style is kspace_style pppm/omp
Per MPI rank memory allocation (min/avg/max) = 8.483 | 8.518 | 8.753 Mbytes
   Step         PotEng         KinEng         TotEng         Press           Temp        v_Density   
         0   453.27935      1349.8401      1803.1195      210.43767      302.09699      0.1705998    
      1000   458.10042      1382.0629      1840.1633      119.74078      309.30851      0.17075548   
      2000   452.94383      1352.9624      1805.9062      91.403577      302.79575      0.17314735   
      3000   449.61915      1384.0346      1833.6538      97.162723      309.74979      0.17907141   
      4000   445.71596      1301.0708      1746.7867      143.20552      291.18231      0.18598909   
      5000   422.15966      1305.5838      1727.7435      190.09172      292.19234      0.18468472   
      6000   460.61106      1326.0463      1786.6574      167.55632      296.77189      0.17362396   
      7000   451.39285      1331.5461      1782.9389      139.69828      298.00274      0.16880833   
      8000   449.12995      1301.3992      1750.5291      153.95597      291.2558       0.17016656   
      9000   452.43067      1313.5208      1765.9514      155.43703      293.96864      0.17389082   
     10000   440.81853      1330.6608      1771.4793      150.00653      297.80462      0.17669475   
     11000   440.80037      1299.6144      1740.4148      110.16947      290.85637      0.17740637   
     12000   441.61992      1332.3275      1773.9474      112.75439      298.17763      0.1771611    
     13000   416.7134       1328.4734      1745.1868      231.73903      297.31507      0.17596864   
     14000   469.08247      1327.3785      1796.4609      233.64977      297.07003      0.16975237   
     15000   453.77517      1307.8265      1761.6017      236.7397       292.69426      0.16305919   
     16000   472.8345       1334.4997      1807.3342      163.04684      298.66377      0.16137253   
     17000   457.44209      1327.2889      1784.7309      38.599213      297.04997      0.16593061   
     18000   439.0486       1356.8462      1795.8948      9.4404866      303.66496      0.17363649   
     19000   454.33424      1339.311       1793.6452      38.412087      299.74054      0.17701271   
     20000   465.90261      1349.0235      1814.9261      92.818781      301.91422      0.17694083   
     21000   462.30437      1331.4071      1793.7115      192.6123       297.97164      0.17281252   
     22000   472.88861      1382.9873      1855.8759      215.38467      309.51541      0.1682646    
     23000   455.0226       1349.9186      1804.9412      221.22793      302.11455      0.16589313   
     24000   450.1757       1347.6425      1797.8182      167.06343      301.60517      0.16703794   
     25000   436.3169       1331.2324      1767.5493      198.80211      297.93255      0.17212872   
     26000   425.16243      1327.3278      1752.4903      198.75001      297.0587       0.17527976   
     27000   434.51185      1299.1381      1733.6499      179.58449      290.74976      0.17579529   
     28000   446.74194      1297.4853      1744.2273      115.43948      290.37988      0.17637206   
     29000   445.0948       1321.4332      1766.528       99.849468      295.73946      0.17643717   
     30000   450.14095      1354.3932      1804.5342      142.83594      303.11598      0.1744665    
     31000   444.83323      1357.7174      1802.5506      172.92351      303.85994      0.17192843   
     32000   474.89869      1372.7824      1847.6811      190.47478      307.23153      0.16941256   
     33000   470.10656      1361.8302      1831.9367      233.7594       304.78039      0.1685003    
     34000   444.96691      1369.2297      1814.1966      201.49173      306.43642      0.16900008   
     35000   469.79765      1371.1768      1840.9744      218.30745      306.87218      0.16991648   
     36000   465.28365      1356.5335      1821.8172      143.15363      303.59498      0.16627873   
     37000   471.81987      1371.3343      1843.1542      140.73567      306.90744      0.16259786   
     38000   492.35994      1346.7879      1839.1479      150.30053      301.4139       0.16080409   
     39000   487.74701      1366.445       1854.192       193.74692      305.8132       0.16343701   
     40000   463.20287      1413.1904      1876.3933      274.54427      316.27491      0.17111062   
     41000   439.21205      1351.6882      1790.9003      246.43273      302.5106       0.17577547   
     42000   461.77585      1329.5647      1791.3405      180.83789      297.55931      0.17627586   
     43000   420.50752      1340.2756      1760.7832      136.0824       299.95644      0.17268386   
     44000   459.36082      1320.0024      1779.3632      126.65488      295.41924      0.16780389   
     45000   477.33799      1311.8436      1789.1816      106.88161      293.59329      0.16399937   
     46000   473.88189      1358.6374      1832.5193      136.97451      304.06584      0.16351444   
     47000   483.19087      1381.4733      1864.6642      142.50471      309.17656      0.16474074   
     48000   471.45733      1355.8309      1827.2882      174.08283      303.43774      0.16759509   
     49000   467.44628      1345.5758      1813.0221      178.37112      301.14263      0.17255797   
     50000   443.42833      1363.0242      1806.4525      222.35045      305.04761      0.17599186   
     51000   459.54233      1393.0406      1852.583       176.31474      311.76535      0.1767462    
     52000   465.81659      1342.9424      1808.759       107.57064      300.55326      0.17529616   
     53000   440.61997      1325.0043      1765.6243      88.62003       296.53869      0.17524468   
     54000   443.13187      1309.1409      1752.2728      108.94326      292.98842      0.17546352   
     55000   447.99276      1315.6393      1763.6321      103.62902      294.44278      0.1742741    
     56000   445.33957      1388.5642      1833.9038      151.91665      310.76352      0.17151911   
     57000   478.29598      1387.0932      1865.3891      140.93114      310.43429      0.16563148   
     58000   473.081        1342.2825      1815.3635      122.45792      300.40558      0.16061977   
     59000   463.97689      1353.5115      1817.4884      105.30265      302.91865      0.15912442   
     60000   457.4159       1365.0563      1822.4722      84.973046      305.50241      0.16172129   
     61000   480.14217      1391.118       1871.2602      102.97723      311.33507      0.16612327   
     62000   474.82305      1361.0015      1835.8245      141.84152      304.59492      0.16753944   
     63000   458.87477      1376.4636      1835.3384      181.3761       308.05539      0.16825211   
     64000   476.46793      1375.7428      1852.2108      175.54786      307.89407      0.16881931   
     65000   475.33209      1406.4184      1881.7505      217.98278      314.75933      0.16936709   
     66000   470.36342      1372.4425      1842.8059      139.42247      307.15545      0.16826302   
     67000   447.41856      1365.0085      1812.4271      144.56725      305.4917       0.16467008   
     68000   492.42245      1338.5664      1830.9889      69.406976      299.57391      0.1567555    
     69000   477.51221      1362.5818      1840.094       92.294694      304.94859      0.1537444    
     70000   475.477        1347.6363      1823.1133      136.22892      301.60376      0.15482475   
     71000   514.74825      1351.4893      1866.2375      158.18125      302.46608      0.15645869   
     72000   487.93503      1386.7514      1874.6865      205.88716      310.35781      0.15879634   
     73000   470.93027      1354.8184      1825.7487      181.7485       303.21114      0.16241556   
     74000   474.97529      1347.7578      1822.7331      215.08197      301.63095      0.16707012   
     75000   473.95319      1374.9329      1848.8861      185.04757      307.71281      0.16626699   
     76000   465.14513      1377.0568      1842.202       167.5824       308.18815      0.16159263   
     77000   484.98479      1332.772       1817.7568      125.03885      298.27712      0.15890885   
     78000   474.8396       1322.0754      1796.915       131.581        295.88318      0.16095796   
     79000   466.19443      1327.4689      1793.6634      157.48751      297.09027      0.1631172    
     80000   424.14521      1313.2912      1737.4364      113.14299      293.91726      0.162124     
     81000   471.24523      1308.4929      1779.7382      110.26282      292.8434       0.16346882   
     82000   444.19272      1325.2321      1769.4249      81.659428      296.58967      0.16591213   
     83000   439.16977      1330.871       1770.0408      98.307702      297.85167      0.16868447   
     84000   443.81731      1312.2165      1756.0338      91.876934      293.67674      0.17170305   
     85000   443.90377      1339.5261      1783.4299      148.66821      299.78869      0.17391421   
     86000   444.27614      1312.6223      1756.8985      166.1451       293.76757      0.17224836   
     87000   457.0919       1321.1606      1778.2525      192.17969      295.67845      0.16629899   
     88000   468.51897      1315.536       1784.055       164.96089      294.41965      0.15886623   
     89000   463.32216      1310.0126      1773.3348      164.25313      293.18351      0.15655244   
     90000   491.71583      1294.1862      1785.902       102.57765      289.64152      0.15830117   
     91000   441.88188      1303.2825      1745.1643      72.307233      291.67729      0.16203      
     92000   458.66722      1331.2688      1789.936       54.843271      297.94069      0.16404093   
     93000   467.30641      1349.5784      1816.8848      69.515544      302.03841      0.1646835    
     94000   481.91627      1348.1722      1830.0885      80.280976      301.72371      0.16294576   
     95000   467.49563      1374.1549      1841.6505      141.682        307.53868      0.16515426   
     96000   467.16143      1348.4695      1815.6309      150.69266      301.79023      0.16974796   
     97000   451.31736      1361.5572      1812.8746      192.976        304.7193       0.17374936   
     98000   470.95981      1391.7062      1862.666       229.55805      311.4667       0.17528142   
     99000   456.94228      1362.8732      1819.8155      279.68396      305.01382      0.1712134    
    100000   426.0176       1352.0087      1778.0263      281.98626      302.58233      0.16415366   
    101000   437.46401      1326.6191      1764.0831      263.3504       296.90007      0.1603971    
    102000   496.13609      1319.6992      1815.8353      243.9057       295.35139      0.15910822   
    103000   475.28471      1310.2085      1785.4932      198.73191      293.22736      0.15763601   
    104000   484.94532      1322.389       1807.3343      159.12308      295.95337      0.16016432   
    105000   457.31668      1335.7785      1793.0952      99.136429      298.94997      0.16716338   
    106000   454.47858      1314.8504      1769.3289      106.15361      294.26621      0.1727711    
    107000   468.70198      1325.7047      1794.4067      59.360051      296.69543      0.17386327   
    108000   486.81942      1277.0894      1763.9088      60.564201      285.81523      0.17267225   
    109000   464.80155      1321.8542      1786.6558      57.481374      295.83369      0.17106514   
    110000   430.75572      1331.7659      1762.5216      111.31391      298.05194      0.17042119   
    111000   437.19573      1314.3361      1751.5318      155.77581      294.15112      0.16841429   
    112000   445.51949      1334.0787      1779.5982      223.2613       298.56955      0.16565838   
    113000   468.34424      1299.6376      1767.9818      245.4018       290.86155      0.16317674   
    114000   454.53212      1360.2701      1814.8022      214.21155      304.43125      0.15994868   
    115000   468.93195      1332.7986      1801.7306      142.00211      298.28307      0.15679228   
    116000   485.1669       1329.9867      1815.1537      32.074345      297.65376      0.15556795   
    117000   485.99085      1352.1216      1838.1124      50.786374      302.60759      0.16037054   
    118000   447.85885      1334.1197      1781.9786      82.612703      298.57873      0.16719942   
    119000   459.88667      1312.9131      1772.7997      137.82782      293.83264      0.17069662   
    120000   466.88336      1335.8127      1802.6961      172.21808      298.95763      0.16931777   
    121000   472.54912      1329.8107      1802.3598      230.42351      297.61436      0.16552285   
    122000   480.3367       1354.1396      1834.4763      227.87647      303.05923      0.16131584   
    123000   478.00065      1345.0015      1823.0022      179.81928      301.0141       0.15994394   
    124000   473.64505      1347.0734      1820.7185      171.25067      301.4778       0.1610623    
    125000   459.35483      1370.1191      1829.474       172.90137      306.63548      0.16558348   
    126000   466.61124      1358.8615      1825.4727      188.02978      304.11599      0.16947365   
    127000   464.93804      1384.1346      1849.0727      165.74071      309.77217      0.17251497   
    128000   417.94012      1361.9696      1779.9097      207.63995      304.81159      0.17552632   
    129000   476.85772      1317.5372      1794.3949      138.65991      294.86753      0.17663353   
    130000   438.79378      1348.6069      1787.4007      121.61347      301.821        0.17864979   
    131000   420.82782      1360.8628      1781.6906      124.80447      304.56389      0.17982716   
    132000   440.17188      1309.2226      1749.3944      128.31492      293.00669      0.1772125    
    133000   477.62901      1290.2152      1767.8442      104.44573      288.75281      0.16929726   
    134000   483.5292       1319.9919      1803.5211      132.4474       295.41689      0.16395324   
    135000   460.81157      1330.0381      1790.8496      96.886679      297.66525      0.16341093   
    136000   449.25874      1312.4969      1761.7557      158.12395      293.73951      0.16960126   
    137000   459.95536      1276.9245      1736.8798      175.75568      285.77832      0.17578155   
    138000   442.38821      1328.439       1770.8273      169.73399      297.30738      0.17766518   
    139000   452.79503      1345.6477      1798.4427      182.52226      301.15871      0.17723463   
    140000   452.97534      1371.7961      1824.7714      145.67781      307.01078      0.17417556   
    141000   459.54978      1387.4703      1847.0201      101.4956       310.51871      0.16994402   
    142000   492.00685      1350.7631      1842.7699      82.724303      302.30354      0.16812118   
    143000   477.79051      1355.3377      1833.1282      141.22298      303.32736      0.16695776   
    144000   468.20186      1346.3042      1814.506       143.68328      301.30564      0.16353852   
    145000   473.58123      1333.723       1807.3042      155.94588      298.48994      0.16001062   
    146000   454.46104      1338.9775      1793.4386      185.14417      299.66592      0.15882765   
    147000   484.26097      1280.5261      1764.7871      197.36899      286.58438      0.15797123   
    148000   461.24219      1325.6861      1786.9283      174.90896      296.69127      0.16090675   
    149000   433.40464      1349.6736      1783.0782      188.35184      302.05972      0.16985918   
    150000   433.01197      1348.2578      1781.2698      192.34708      301.74287      0.17617521   
    151000   437.87177      1351.5528      1789.4246      124.09219      302.48029      0.17741516   
    152000   434.29094      1362.6075      1796.8985      72.22657       304.95436      0.17555673   
    153000   448.38733      1373.9082      1822.2956      51.500969      307.48348      0.1717904    
    154000   441.34044      1355.231       1796.5714      53.334323      303.30348      0.1670205    
    155000   450.64864      1340.2824      1790.9311      72.811563      299.95796      0.16417419   
    156000   453.55819      1314.9624      1768.5206      131.90258      294.29129      0.16569471   
    157000   445.78488      1295.9133      1741.6981      168.31552      290.02805      0.16882925   
    158000   457.39129      1332.2646      1789.6559      161.51236      298.16356      0.16823241   
    159000   446.20538      1304.9365      1751.1419      153.96448      292.04747      0.16613206   
    160000   452.87836      1330.1864      1783.0648      173.14521      297.69845      0.16648104   
    161000   455.81334      1340.8993      1796.7127      147.18796      300.09602      0.16627272   
    162000   468.25332      1354.4178      1822.6712      168.3933       303.12149      0.16708802   
    163000   455.46114      1347.9534      1803.4145      185.79954      301.67474      0.16812702   
    164000   468.04738      1322.1662      1790.2135      177.12159      295.9035       0.17317256   
    165000   459.14885      1317.5873      1776.7362      202.31406      294.87875      0.18405252   
    166000   436.40089      1356.7723      1793.1732      173.98427      303.64842      0.18608914   
    167000   443.62751      1363.5079      1807.1354      185.14193      305.15586      0.18260137   
    168000   468.21176      1376.6121      1844.8238      164.62702      308.08861      0.17526841   
    169000   453.59386      1398.9062      1852.5001      161.65183      313.07808      0.17016166   
    170000   489.75689      1369.625       1859.3819      126.19395      306.52488      0.16874648   
    171000   479.99392      1379.4599      1859.4539      184.83161      308.72597      0.17285881   
    172000   453.50492      1317.9854      1771.4903      185.45327      294.96783      0.17749686   
    173000   431.27936      1320.4524      1751.7317      157.54717      295.51995      0.17937749   
    174000   482.41825      1322.2554      1804.6737      195.37699      295.92348      0.18178159   
    175000   467.66016      1369.4747      1837.1348      201.54697      306.49124      0.18208353   
    176000   435.4098       1372.4136      1807.8234      208.42119      307.14898      0.18094634   
    177000   461.09052      1347.8176      1808.9081      198.04031      301.64435      0.1788214    
    178000   468.92342      1360.2106      1829.134       184.12293      304.41792      0.17415304   
    179000   470.95026      1358.2873      1829.2376      168.71696      303.98748      0.16909164   
    180000   471.51068      1405.4137      1876.9244      128.54001      314.53447      0.16652828   
    181000   475.29428      1375.9604      1851.2547      96.030142      307.94276      0.16745876   
    182000   462.50879      1356.2186      1818.7274      102.22186      303.52451      0.16967561   
    183000   453.44715      1354.0551      1807.5022      149.86221      303.04031      0.17258835   
    184000   472.64258      1365.0114      1837.654       169.68883      305.49236      0.17311869   
    185000   470.13525      1398.5233      1868.6586      204.64171      312.99239      0.16895795   
    186000   461.49003      1369.6042      1831.0943      214.68609      306.52024      0.16376492   
    187000   475.63488      1345.8782      1821.5131      183.16941      301.2103       0.16406723   
    188000   459.00932      1385.9335      1844.9428      179.49016      310.17477      0.16867658   
    189000   463.70486      1343.5407      1807.2456      194.4364       300.68717      0.17177077   
    190000   441.74375      1368.2184      1809.9622      184.41066      306.21009      0.17062843   
    191000   469.40765      1350.707       1820.1146      211.96671      302.29099      0.16613615   
    192000   475.99926      1381.9744      1857.9736      159.93237      309.2887       0.15755591   
    193000   465.31749      1357.3393      1822.6568      62.849585      303.77532      0.15199192   
    194000   503.93432      1357.5364      1861.4707      56.271448      303.81943      0.15574953   
    195000   476.05146      1356.3821      1832.4336      14.711241      303.5611       0.1599204    
    196000   470.24991      1369.6911      1839.941       43.018135      306.53968      0.16410604   
    197000   463.32609      1325.5627      1788.8887      150.09476      296.66364      0.1701908    
    198000   478.81656      1332.8478      1811.6644      177.39865      298.29407      0.17191481   
    199000   469.7186       1329.965       1799.6836      221.91318      297.64889      0.17384012   
    200000   456.7411       1375.0612      1831.8023      267.03052      307.74153      0.17528722   
    201000   488.43286      1364.3084      1852.7412      191.5329       305.33501      0.17227065   
    202000   468.7518       1362.2811      1831.0329      164.72108      304.8813       0.16599631   
    203000   476.15292      1349.8652      1826.0181      108.65788      302.1026       0.16062056   
    204000   454.61984      1408.3346      1862.9544      155.85273      315.18817      0.16275356   
    205000   481.1007       1359.0698      1840.1705      100.4151       304.16262      0.16333374   
    206000   458.07832      1351.57        1809.6483      115.04136      302.48414      0.16509141   
    207000   457.92751      1359.2909      1817.2184      129.83066      304.21209      0.16878      
    208000   468.31132      1389.1524      1857.4638      140.73133      310.89517      0.17288165   
    209000   469.23767      1345.6743      1814.912       146.34961      301.16467      0.17360143   
    210000   448.65231      1340.8829      1789.5352      139.41524      300.09235      0.17424337   
    211000   428.38802      1360.5407      1788.9287      240.59655      304.49179      0.17759822   
    212000   445.47174      1343.345       1788.8167      255.70292      300.64336      0.1798425    
    213000   470.07797      1314.1953      1784.2732      190.47526      294.1196       0.17986205   
    214000   441.68119      1288.1028      1729.784       151.5238       288.28005      0.1766077    
    215000   488.54658      1313.4594      1802.0059      25.909264      293.9549       0.17156848   
    216000   460.78747      1304.1799      1764.9674     -30.169599      291.87815      0.16932438   
    217000   474.13884      1305.9095      1780.0484     -37.684609      292.26523      0.17107995   
    218000   445.87857      1332.4629      1778.3414      51.373466      298.20793      0.17933911   
    219000   447.72744      1322.8393      1770.5667      121.14263      296.05415      0.18393776   
    220000   478.93899      1319.8336      1798.7726      168.67249      295.38147      0.18280352   
    221000   442.30272      1349.8251      1792.1279      166.70692      302.09364      0.18041792   
    222000   435.06899      1326.47        1761.5389      102.40232      296.8667       0.17999244   
    223000   443.9645       1399.619       1843.5835      59.713267      313.23761      0.17774462   
    224000   456.49305      1365.7982      1822.2913      47.983479      305.66845      0.17509776   
    225000   453.91908      1364.0294      1817.9485      82.767199      305.27258      0.1759624    
    226000   476.65953      1326.3187      1802.9782      123.60008      296.83285      0.17650028   
    227000   416.66941      1313.3197      1729.9891      201.67832      293.92365      0.17688775   
    228000   460.20007      1299.8491      1760.0491      238.91986      290.90889      0.17428798   
    229000   440.3457       1321.2972      1761.6429      228.72056      295.70903      0.17087288   
    230000   458.50049      1318.6757      1777.1762      177.60563      295.12232      0.16666504   
    231000   453.71732      1337.9885      1791.7059      138.62401      299.44458      0.16176777   
    232000   443.37661      1321.9799      1765.3565      82.926432      295.86181      0.15733764   
    233000   457.39436      1298.382       1755.7764      50.86047       290.58056      0.15741593   
    234000   468.90538      1321.2996      1790.2049      79.582188      295.70955      0.16159355   
    235000   461.97618      1327.3215      1789.2977      157.02065      297.05728      0.16741532   
    236000   440.40222      1264.2676      1704.6698      224.74975      282.94567      0.17132227   
    237000   439.2138       1292.43        1731.6438      274.58881      289.24848      0.17336194   
    238000   445.78489      1327.0763      1772.8612      267.20574      297.0024       0.1701797    
    239000   461.55072      1341.5977      1803.1484      231.90802      300.25231      0.16695144   
    240000   461.37773      1337.8574      1799.2351      130.11726      299.41523      0.1644873    
    241000   473.10473      1335.5652      1808.6699      78.739323      298.90224      0.16491362   
    242000   469.69208      1362.2366      1831.9286      87.828325      304.87134      0.16653445   
    243000   468.05461      1389.3762      1857.4308      112.41474      310.94525      0.16870575   
    244000   476.87491      1379.3604      1856.2353      144.12138      308.70369      0.16939641   
    245000   468.94774      1313.7717      1782.7195      189.38603      294.02481      0.17069655   
    246000   451.04743      1343.0407      1794.0881      223.67147      300.57526      0.17135791   
    247000   446.88339      1332.3352      1779.2186      170.29362      298.17936      0.16958246   
    248000   451.04566      1328.1763      1779.2219      173.03229      297.24857      0.16804185   
    249000   421.33701      1292.7792      1714.1162      169.14         289.32664      0.16834991   
    250000   457.81015      1316.3912      1774.2014      195.43231      294.61105      0.17419054   
    251000   451.79114      1344.2142      1796.0054      157.59791      300.8379       0.17811041   
    252000   448.09078      1323.2934      1771.3842      162.23758      296.15577      0.17757351   
    253000   429.54013      1358.1891      1787.7292      117.79582      303.9655       0.17651473   
    254000   475.29946      1347.3379      1822.6374      69.989711      301.53699      0.17727262   
    255000   452.80292      1332.9246      1785.7276      74.65229       298.31127      0.17711149   
    256000   442.72578      1348.1638      1790.8895      108.4161       301.72182      0.17613641   
    257000   442.08925      1414.7819      1856.8712      208.51606      316.6311       0.17574723   
    258000   457.40803      1369.4981      1826.9061      177.42034      306.49649      0.17020646   
    259000   482.42351      1346.4217      1828.8452      245.53226      301.33193      0.1649069    
    260000   483.79288      1358.3355      1842.1284      174.14874      303.99827      0.1638307    
    261000   476.04997      1373.748       1849.798       224.17649      307.44763      0.16925517   
    262000   446.24162      1319.9524      1766.194       162.6896       295.40806      0.17697704   
    263000   456.12376      1327.2527      1783.3765      104.49724      297.04189      0.18170509   
    264000   457.74495      1316.4134      1774.1584      91.339436      294.61602      0.18229926   
    265000   442.24573      1296.5465      1738.7922      74.02882       290.16977      0.17924466   
    266000   434.72766      1337.4447      1772.1724      154.56623      299.32287      0.17543087   
    267000   470.12693      1311.829       1781.9559      155.7506       293.59003      0.17205966   
    268000   458.8804       1331.3047      1790.1851      164.71872      297.94871      0.17118001   
    269000   451.85668      1353.2976      1805.1543      192.82379      302.87078      0.17050407   
    270000   454.19538      1406.5198      1860.7152      169.76467      314.78202      0.16831282   
    271000   475.34362      1357.1901      1832.5337      141.8526       303.74193      0.16463601   
    272000   461.46001      1362.014       1823.474       147.20637      304.82153      0.16304031   
    273000   445.89869      1367.9431      1813.8418      195.97431      306.14848      0.16594726   
    274000   441.89047      1360.196       1802.0865      258.76676      304.41465      0.17373437   
    275000   481.53916      1344.4621      1826.0013      276.84704      300.89338      0.17686992   
    276000   460.60594      1358.1613      1818.7672      178.74515      303.95928      0.17534917   
    277000   432.70149      1330.7589      1763.4604      119.38944      297.82657      0.17537363   
    278000   443.82744      1322.6855      1766.5129      113.43805      296.01972      0.17721458   
    279000   441.36832      1325.5942      1766.9625      59.493574      296.6707       0.17820561   
    280000   442.92109      1350.2018      1793.1229      90.480885      302.17794      0.17586179   
    281000   426.27638      1337.2582      1763.5346      148.33679      299.28113      0.17385364   
    282000   432.20018      1302.2392      1734.4393      219.92249      291.4438       0.17480603   
    283000   451.78376      1300.3351      1752.1189      275.48086      291.01767      0.17524586   
    284000   431.05231      1322.8566      1753.9089      220.94847      296.05802      0.17570236   
    285000   444.72786      1330.1382      1774.8661      220.68643      297.68766      0.17837143   
    286000   462.74973      1331.4911      1794.2408      187.98103      297.99044      0.18171207   
    287000   469.28912      1337.4916      1806.7807      39.328986      299.33336      0.18088593   
    288000   454.95965      1353.1448      1808.1045     -20.172894      302.83659      0.17576567   
    289000   452.65718      1357.1584      1809.8156     -43.782123      303.73483      0.16778333   
    290000   483.39975      1336.1213      1819.5211      11.427285      299.02669      0.16491267   
    291000   468.18211      1337.4198      1805.6019      107.74979      299.31729      0.16529194   
    292000   456.84179      1373.6975      1830.5393      179.8211       307.43631      0.16722557   
    293000   473.82434      1332.7686      1806.5929      218.19619      298.27635      0.16993615   
    294000   435.5305       1335.6448      1771.1753      252.31836      298.92005      0.17407905   
    295000   448.78243      1361.5111      1810.2936      252.13363      304.70899      0.17707121   
    296000   441.78107      1334.3867      1776.1678      198.21859      298.63849      0.17750212   
    297000   470.4043       1348.226       1818.6303      198.59371      301.73574      0.17631972   
    298000   449.15831      1393.6473      1842.8056      203.96084      311.90112      0.17120601   
    299000   468.63606      1353.433       1822.0691      182.88223      302.90109      0.16655945   
    300000   485.3172       1349.2878      1834.605       170.81028      301.97338      0.16368613   
    301000   496.32474      1343.0382      1839.3629      148.52116      300.5747       0.16374694   
    302000   467.92584      1339.4201      1807.3459      178.74437      299.76496      0.16850293   
    303000   446.53308      1404.7781      1851.3112      130.11071      314.39223      0.17431046   
    304000   443.72508      1365.1578      1808.8828      152.01003      305.52511      0.17974557   
    305000   460.41693      1351.38        1811.797       143.65896      302.44162      0.18030308   
    306000   460.79274      1378.9934      1839.7861      150.80694      308.62155      0.17892463   
    307000   431.47697      1384.4744      1815.9514      131.94436      309.84821      0.17893838   
    308000   476.48807      1378.8414      1855.3295      201.25411      308.58754      0.18285813   
    309000   443.90411      1357.6093      1801.5135      161.77542      303.83576      0.18262828   
    310000   441.46946      1343.8499      1785.3194      205.36547      300.75637      0.18078758   
    311000   472.83738      1349.8566      1822.694       199.42248      302.10069      0.177733     
    312000   483.47481      1323.4775      1806.9523      162.24827      296.19699      0.17224882   
    313000   453.47531      1350.8457      1804.321       161.41676      302.32204      0.16917957   
    314000   488.59776      1312.0311      1800.6288      115.64958      293.63525      0.16766382   
    315000   455.40207      1306.3828      1761.7849      87.74256       292.37115      0.1652947    
    316000   441.45429      1301.9864      1743.4407      115.37056      291.38723      0.16449304   
    317000   440.7023       1333.5731      1774.2754      142.34396      298.4564       0.1650479    
    318000   451.60209      1327.1275      1778.7296      151.73296      297.01385      0.16713668   
    319000   458.09962      1322.7274      1780.8271      177.00278      296.02912      0.17548158   
    320000   443.5861       1301.788       1745.3741      186.81986      291.34282      0.18289866   
    321000   440.16515      1381.6776      1821.8427      207.19047      309.22227      0.18312537   
    322000   458.98609      1340.0223      1799.0084      221.08352      299.89974      0.17972988   
    323000   442.96797      1352.7616      1795.7296      192.77825      302.75082      0.17566396   
    324000   450.51432      1351.767       1802.2813      121.46811      302.52823      0.1739893    
    325000   459.48026      1357.2222      1816.7025      55.268646      303.74912      0.17455581   
    326000   450.68265      1357.7091      1808.3917      53.856913      303.85808      0.17624058   
    327000   422.39721      1367.7067      1790.1039      93.796764      306.09557      0.17645648   
    328000   446.11128      1376.0563      1822.1676      128.96167      307.96422      0.17356859   
    329000   490.84752      1371.7898      1862.6374      220.01673      307.00938      0.16934592   
    330000   466.34741      1342.6259      1808.9733      246.55812      300.48244      0.16631473   
    331000   443.16521      1358.3696      1801.5348      284.03375      304.00591      0.16764338   
    332000   460.94014      1371.0986      1832.0387      245.08033      306.85467      0.17619105   
    333000   471.68999      1345.3479      1817.0379      212.8054       301.09163      0.18195653   
    334000   472.72259      1361.7231      1834.4457      143.3717       304.75642      0.17922884   
    335000   455.24188      1349.3876      1804.6295      113.60349      301.99571      0.17391643   
    336000   456.98041      1358.9686      1815.949       124.16216      304.13996      0.16892108   
    337000   464.182        1360.8227      1825.0047      128.53248      304.55491      0.16773756   
    338000   447.50458      1347.5256      1795.0302      158.28265      301.57899      0.16920464   
    339000   457.6617       1330.5178      1788.1795      191.00193      297.77261      0.17198397   
    340000   469.60093      1323.85        1793.4509      155.08786      296.28035      0.17488687   
    341000   459.51176      1303.9256      1763.4374      188.65501      291.82123      0.17904903   
    342000   416.39182      1318.5188      1734.9106      212.29076      295.08721      0.18285572   
    343000   418.70038      1314.4507      1733.1511      165.05888      294.17676      0.18274809   
    344000   457.54318      1270.9627      1728.5058      124.98353      284.44405      0.17724934   
    345000   459.81296      1347.8848      1807.6978      166.95154      301.6594       0.16984499   
    346000   456.59903      1347.3028      1803.9018      187.43091      301.52913      0.16640233   
    347000   471.81063      1323.9947      1795.8053      176.71903      296.31273      0.16642393   
    348000   482.51302      1314.91        1797.423       162.49329      294.27955      0.16764831   
    349000   444.46491      1315.174       1759.6389      157.98987      294.33863      0.17110134   
    350000   434.12376      1322.2319      1756.3557      122.39096      295.91822      0.17182131   
    351000   489.21586      1326.6403      1815.8561      122.82798      296.90481      0.16818931   
    352000   478.8233       1371.5594      1850.3827      162.57437      306.95782      0.15861939   
    353000   485.73408      1366.5469      1852.281       199.27482      305.83601      0.15452594   
    354000   486.47659      1347.2292      1833.7058      196.91674      301.51266      0.1553479    
    355000   499.75692      1335.5478      1835.3047      161.1251       298.89833      0.15873982   
    356000   456.27393      1396.6996      1852.9736      117.40412      312.58424      0.16311641   
    357000   495.5444       1370.0736      1865.618       93.146013      306.62528      0.16551634   
    358000   476.44033      1310.0143      1786.4547      118.06225      293.1839       0.16804841   
    359000   475.56358      1310.1823      1785.7459      150.50554      293.2215       0.17001948   
    360000   459.98764      1305.4334      1765.421       170.82478      292.15867      0.17161658   
    361000   434.36944      1332.4385      1766.808       152.08278      298.20248      0.17096422   
    362000   453.60615      1299.572       1753.1781      122.77637      290.84688      0.17013154   
    363000   437.94429      1313.8837      1751.8279      99.259881      294.04986      0.17085982   
    364000   466.28879      1316.7049      1782.9936      108.90305      294.68125      0.17139193   
    365000   429.14423      1353.6394      1782.7836      112.21382      302.94728      0.17070454   
    366000   450.23047      1303.0451      1753.2756      102.26436      291.62417      0.17026579   
    367000   475.55459      1326.1471      1801.7017      147.35392      296.79445      0.16950358   
    368000   444.81603      1310.9077      1755.7237      160.74571      293.38383      0.1686575    
    369000   440.44485      1334.6268      1775.0716      165.40221      298.69221      0.17056385   
    370000   440.91856      1335.5057      1776.4242      211.55506      298.88891      0.17503751   
    371000   416.58194      1315.4386      1732.0205      209.92781      294.39785      0.17709881   
    372000   442.98531      1337.89        1780.8753      173.74832      299.42253      0.175244     
    373000   467.70253      1321.2785      1788.9811      117.71622      295.70485      0.16935448   
    374000   440.05165      1363.4451      1803.4967      49.99289       305.1418       0.16448245   
    375000   488.21824      1278.005       1766.2232     -31.408451      286.02014      0.16323217   
    376000   487.32223      1350.1226      1837.4448     -13.4978        302.16021      0.16657363   
    377000   473.79928      1356.3215      1830.1208      79.337258      303.54754      0.16951965   
    378000   454.95563      1374.1578      1829.1135      154.80244      307.53934      0.17131985   
    379000   459.01781      1357.3979      1816.4157      201.58779      303.78843      0.17333608   
    380000   472.63474      1354.8775      1827.5122      267.25893      303.22436      0.17646871   
    381000   449.45596      1385.3587      1834.8146      320.29503      310.04612      0.17761626   
    382000   485.50143      1397.0732      1882.5746      254.39048      312.66784      0.17105665   
    383000   473.60794      1360.9941      1834.6021      149.36099      304.59328      0.16426175   
    384000   468.94475      1357.677       1826.6217      57.534697      303.85089      0.16393816   
    385000   464.71599      1353.3109      1818.0269      10.341854      302.87376      0.16653811   
    386000   488.87019      1345.1887      1834.0588      77.095332      301.05598      0.1718811    
    387000   478.28854      1332.6164      1810.9049      105.0605       298.24229      0.17367229   
    388000   452.91376      1325.5426      1778.4563      151.3272       296.65915      0.17279686   
    389000   458.0769       1329.2809      1787.3578      195.09653      297.4958       0.16867409   
    390000   478.8061       1304.8786      1783.6847      218.01345      292.03452      0.16207723   
    391000   489.71339      1357.054       1846.7674      151.38791      303.71147      0.15806956   
    392000   466.88742      1360.4107      1827.2982      133.40913      304.46271      0.15821472   
    393000   456.18642      1380.9766      1837.1631      111.31182      309.06541      0.16082195   
    394000   479.834        1388.9491      1868.7831      73.60124       310.84967      0.16342375   
    395000   491.65327      1393.6053      1885.2586      168.19817      311.89173      0.16747548   
    396000   473.69101      1360.0962      1833.7872      223.30177      304.39232      0.16990514   
    397000   456.64239      1353.4195      1810.0619      263.54802      302.89807      0.17294365   
    398000   452.84699      1340.7964      1793.6434      293.53157      300.07298      0.17563111   
    399000   436.16821      1341.0857      1777.2539      200.15525      300.13772      0.17647864   
    400000   459.39773      1273.2339      1732.6316      110.47107      284.95236      0.17210534   
Loop time of 1672.09 on 8 procs for 400000 steps with 1500 atoms

Performance: 10.334 ns/day, 2.322 hours/ns, 239.222 timesteps/s, 358.833 katom-step/s
99.5% CPU use with 8 MPI tasks x 1 OpenMP threads

MPI task timing breakdown:
Section |  min time  |  avg time  |  max time  |%varavg| %total
---------------------------------------------------------------
Pair    | 63.91      | 69.783     | 73.581     |  35.4 |  4.17
Bond    | 3.3294     | 3.6777     | 3.851      |   9.6 |  0.22
Kspace  | 692.19     | 694.92     | 700.06     |   9.5 | 41.56
Neigh   | 1.3074     | 1.3284     | 1.3498     |   1.8 |  0.08
Comm    | 23.746     | 25.342     | 26.972     |  31.0 |  1.52
Output  | 0.015311   | 0.016555   | 0.024628   |   2.4 |  0.00
Modify  | 824.49     | 856.84     | 872.66     |  51.0 | 51.24
Other   |            | 20.18      |            |       |  1.21

Nlocal:          187.5 ave         211 max         158 min
Histogram: 1 1 0 0 1 1 1 0 1 2
Nghost:        1801.38 ave        1867 max        1779 min
Histogram: 3 3 0 0 0 1 0 0 0 1
Neighs:        14892.5 ave       17400 max       10887 min
Histogram: 1 0 1 0 0 2 0 0 3 1

Total # of neighbors = 119140
Ave neighs/atom = 79.426667
Ave special neighs/atom = 2
Neighbor list builds = 2505
Dangerous builds = 0

unfix       runnpt
reset_timestep 0

#-------------------------------------------------- PRODUCTION ----------------------------------------------------------#

fix	            npt_production all npt temp ${simulationTemp} ${simulationTemp} 100.0 iso ${pressure} ${pressure} 1000.0
fix	            npt_production all npt temp 300 ${simulationTemp} 100.0 iso ${pressure} ${pressure} 1000.0
fix	            npt_production all npt temp 300 300 100.0 iso ${pressure} ${pressure} 1000.0
fix	            npt_production all npt temp 300 300 100.0 iso 157.92 ${pressure} 1000.0
fix	            npt_production all npt temp 300 300 100.0 iso 157.92 157.92 1000.0
fix             DensAve all ave/time 1 ${NBR} ${NBR} v_Density file density.dat
fix             DensAve all ave/time 1 20000 ${NBR} v_Density file density.dat
fix             DensAve all ave/time 1 20000 20000 v_Density file density.dat
fix             VoluAve all ave/time 1 ${npt_run} ${npt_run} v_Volume file volume.dat
fix             VoluAve all ave/time 1 2000000 ${npt_run} v_Volume file volume.dat
fix             VoluAve all ave/time 1 2000000 2000000 v_Volume file volume.dat
fix             Densfinal all ave/time 1 ${npt_run} ${npt_run} v_Density file density_final.dat
fix             Densfinal all ave/time 1 2000000 ${npt_run} v_Density file density_final.dat
fix             Densfinal all ave/time 1 2000000 2000000 v_Density file density_final.dat

restart         ${restartfreq} restart_${NAME}.1 restart_${NAME}.2
restart         1000000 restart_${NAME}.1 restart_${NAME}.2
restart         1000000 restart_N2.1 restart_${NAME}.2
restart         1000000 restart_N2.1 restart_N2.2

run             ${npt_run}
run             2000000
PPPM initialization ...
  using 12-bit tables for long-range coulomb (src/kspace.cpp:342)
  G vector (1/distance) = 0.26921869
  grid = 48 48 48
  stencil order = 5
  estimated absolute RMS force accuracy = 0.0003867068
  estimated relative force accuracy = 1.164556e-06
  using single precision FFTW3
  3d grid and FFT values/proc = 29791 13824
Generated 1 of 1 mixed pair_coeff terms from arithmetic mixing rule
Last active /omp style is kspace_style pppm/omp
Per MPI rank memory allocation (min/avg/max) = 8.483 | 8.518 | 8.753 Mbytes
   Step         PotEng         KinEng         TotEng         Press           Temp        v_Density   
         0   459.39766      1273.2339      1732.6315      110.47098      284.95236      0.17210534   
      1000   414.39531      1330.1907      1744.586       49.051333      297.6994       0.17107797   
      2000   463.62823      1300.5504      1764.1786      58.211674      291.06585      0.17050757   
      3000   479.97528      1313.019       1792.9943      123.85289      293.85635      0.17102496   
      4000   451.27793      1361.7517      1813.0297      197.62743      304.76284      0.17133797   
      5000   453.58953      1335.3433      1788.9328      207.05574      298.85257      0.17373218   
      6000   467.93033      1342.6848      1810.6151      159.43684      300.49561      0.1779542    
      7000   435.901        1333.0804      1768.9814      198.6564       298.34613      0.18149128   
      8000   425.10381      1336.3125      1761.4163      194.39483      299.06948      0.18033114   
      9000   462.44861      1330.9264      1793.375       176.03682      297.86406      0.17732483   
     10000   467.1998       1292.5931      1759.7929      187.31656      289.28499      0.17312155   
     11000   457.73018      1330.7454      1788.4755      176.9459       297.82354      0.16812944   
     12000   465.01008      1322.0682      1787.0783      161.36537      295.88158      0.1629542    
     13000   458.05078      1317.6946      1775.7454      141.97858      294.90276      0.16182279   
     14000   457.56786      1335.9533      1793.5211      108.71001      298.98908      0.16811511   
     15000   449.80244      1345.5004      1795.3028      116.11655      301.12575      0.17923366   
     16000   460.7248       1351.3721      1812.0969      114.09115      302.43986      0.17996661   
     17000   459.00186      1391.8708      1850.8727      148.23159      311.50354      0.17652474   
     18000   462.96282      1349.7445      1812.7073      195.60561      302.07558      0.17201583   
     19000   483.98666      1394.2406      1878.2273      250.36257      312.03391      0.17004236   
     20000   482.76851      1379.1354      1861.9039      234.77138      308.65334      0.16918148   
     21000   453.26026      1367.2851      1820.5454      184.36544      306.00122      0.1672786    
     22000   458.2619       1366.6934      1824.9553      122.79626      305.86879      0.16748603   
     23000   486.06454      1329.2268      1815.2914      96.809909      297.4837       0.17142441   
     24000   465.22002      1325.329       1790.5491      92.021992      296.61136      0.17766686   
     25000   414.19005      1325.0726      1739.2626      160.28085      296.55396      0.18310503   
     26000   429.53845      1286.8761      1716.4145      227.99487      288.00551      0.18314517   
     27000   415.93959      1328.0554      1743.995       275.95278      297.22153      0.17863081   
     28000   439.40918      1341.876       1781.2852      226.86048      300.31461      0.16989971   
     29000   470.69804      1321.0861      1791.7841      152.62725      295.66178      0.16416026   
     30000   461.05686      1299.6271      1760.684       95.302835      290.85921      0.16382459   
     31000   460.28906      1340.684       1800.9731      97.266743      300.04784      0.16769019   
     32000   455.61571      1270.7844      1726.4001      115.21872      284.40415      0.17350876   
     33000   469.86177      1317.1989      1787.0607      131.06897      294.79182      0.17830451   
     34000   433.9932       1362.0892      1796.0824      201.10434      304.83835      0.17892287   
     35000   443.01868      1343.4156      1786.4343      221.76651      300.65916      0.17686347   
     36000   470.12274      1327.808       1797.9307      214.39463      297.16615      0.17306861   
     37000   452.97666      1369.735       1822.7117      171.04549      306.54951      0.17198628   
     38000   483.34632      1344.2824      1827.6288      128.61838      300.85317      0.17255254   
     39000   474.74232      1357.8986      1832.6409      73.297302      303.90049      0.17047496   
     40000   464.51274      1378.8985      1843.4113      51.453475      308.60032      0.16510027   
     41000   510.38267      1408.4766      1918.8592      98.512671      315.21994      0.15835575   
     42000   480.28106      1355.6634      1835.9445      127.28413      303.40026      0.1563831    
     43000   512.36793      1369.1244      1881.4923      195.82434      306.41286      0.16098935   
     44000   477.99792      1353.116       1831.1139      227.12276      302.83014      0.16591121   
     45000   460.47136      1367.5628      1828.0342      205.96267      306.06337      0.16622689   
     46000   452.56663      1358.0597      1810.6263      220.92366      303.93655      0.16648642   
     47000   461.15213      1353.0036      1814.1558      248.38329      302.80499      0.16805801   
     48000   501.85982      1327.5661      1829.4259      218.71588      297.11202      0.16696173   
     49000   466.57219      1346.7337      1813.3059      146.2712       301.40176      0.16437024   
     50000   459.54626      1351.0856      1810.6319      118.11691      302.37574      0.16466562   
     51000   497.20612      1371.0561      1868.2622      184.53956      306.84518      0.16995929   
     52000   452.94402      1324.7676      1777.7116      206.24299      296.48571      0.17366205   
     53000   462.78104      1334.1013      1796.8824      191.27315      298.57462      0.17412288   
     54000   445.93956      1350.8867      1796.8263      179.33368      302.33122      0.17228432   
     55000   490.49491      1373.3353      1863.8302      157.86065      307.35526      0.16882069   
     56000   471.54683      1333.7507      1805.2975      136.33006      298.49614      0.16194815   
     57000   452.83285      1361.6469      1814.4798      90.326798      304.73938      0.15828394   
     58000   495.0956       1414.47        1909.5656      135.79242      316.5613       0.16071352   
     59000   470.59225      1398.6987      1869.2909      167.46096      313.03164      0.1640046    
     60000   457.16118      1386.6307      1843.7919      147.16167      310.3308       0.16650407   
     61000   466.28539      1348.4416      1814.727       163.33209      301.78399      0.16998535   
     62000   490.75093      1345.585       1836.3359      154.05637      301.14468      0.17345783   
     63000   485.44489      1362.563       1848.0079      145.53301      304.94439      0.17322855   
     64000   479.88055      1331.4962      1811.3768      123.3747       297.99159      0.17102637   
     65000   456.04832      1327.4708      1783.5192      107.35158      297.0907       0.16624095   
     66000   476.0963       1323.6686      1799.7649      120.95962      296.23975      0.15645489   
     67000   474.5656       1319.5095      1794.0751      106.23884      295.30893      0.15328939   
     68000   462.27227      1328.6549      1790.9272      117.20659      297.3557       0.15712882   
     69000   452.00878      1356.2362      1808.2449      153.25523      303.52844      0.16303217   
     70000   471.45478      1299.2458      1770.7006      101.81608      290.77388      0.16665963   
     71000   458.18551      1322.6504      1780.8359      116.5635       296.01186      0.17080323   
     72000   456.58879      1296.4278      1753.0166      175.91202      290.14319      0.17526777   
     73000   440.9137       1363.1935      1804.1072      133.07996      305.0855       0.17566547   
     74000   446.05485      1367.9239      1813.9788      171.32931      306.14418      0.17584085   
     75000   474.99815      1362.213       1837.2111      182.70684      304.86606      0.17370923   
     76000   479.98674      1335.0591      1815.0458      220.07178      298.78896      0.17079313   
     77000   479.54105      1330.2782      1809.8193      180.42992      297.719        0.16282675   
     78000   466.16032      1340.3242      1806.4846      150.59514      299.96732      0.15579314   
     79000   491.0515       1318.8723      1809.9238      145.52041      295.16633      0.15489195   
     80000   491.44935      1282.8727      1774.3221      176.52534      287.10955      0.15886797   
     81000   463.22566      1314.0886      1777.3142      198.57144      294.09572      0.16371735   
     82000   456.47075      1282.7379      1739.2087      184.25147      287.07938      0.16682126   
     83000   458.08725      1322.0249      1780.1122      163.729        295.87189      0.17123928   
     84000   450.62047      1345.4634      1796.0839      164.90559      301.11748      0.17593187   
     85000   472.34278      1361.164       1833.5068      192.37121      304.6313       0.17669192   
     86000   466.9664       1407.533       1874.4994      195.22896      315.00878      0.17378618   
     87000   485.4886       1346.9404      1832.429       156.50181      301.44802      0.16792557   
     88000   482.22697      1353.7213      1835.9483      161.72289      302.9656       0.16713546   
     89000   447.66142      1364.0873      1811.7487      146.67155      305.28553      0.16789459   
     90000   468.38116      1374.5669      1842.948       129.88849      307.63089      0.16872182   
     91000   457.54647      1349.1735      1806.72        163.16002      301.9478       0.17251079   
     92000   463.03074      1346.7328      1809.7635      199.32848      301.40156      0.17777047   
     93000   449.75898      1367.6694      1817.4283      175.89584      306.08721      0.17919818   
     94000   452.86696      1314.5488      1767.4157      110.29431      294.19872      0.17727443   
     95000   472.16222      1296.3311      1768.4933      77.496001      290.12156      0.1758952    
     96000   462.87577      1313.1597      1776.0355      92.13084       293.88784      0.1741003    
     97000   463.87354      1330.6022      1794.4757      129.96435      297.7915       0.17351651   
     98000   471.2166       1323.6155      1794.8321      221.22531      296.22786      0.17535615   
     99000   463.7155       1322.9823      1786.6978      278.86136      296.08616      0.17989618   
    100000   472.2944       1324.7281      1797.0225      263.97937      296.47686      0.1852913    
    101000   430.83269      1347.6443      1778.4769      257.24607      301.60555      0.19016937   
    102000   432.01554      1362.2443      1794.2599      172.76492      304.87308      0.1913094    
    103000   431.4809       1395.0692      1826.5501      127.7532       312.21935      0.18532021   
    104000   480.59237      1347.3117      1827.9041      49.372752      301.53112      0.17531147   
    105000   485.94366      1324.2064      1810.15        16.504419      296.3601       0.17141119   
    106000   461.04923      1342.0763      1803.1255      54.087415      300.35943      0.17126075   
    107000   464.88715      1314.6293      1779.5165      104.0796       294.21675      0.17092951   
    108000   450.44779      1327.0053      1777.4531      167.37314      296.98651      0.17118149   
    109000   486.35413      1305.7313      1792.0854      214.50103      292.22534      0.17081962   
    110000   465.32256      1308.9382      1774.2608      217.73973      292.94307      0.17030755   
    111000   456.17289      1320.2737      1776.4466      187.41938      295.47997      0.17080381   
    112000   451.22856      1326.28        1777.5085      147.38456      296.82418      0.17221158   
    113000   469.99723      1363.5154      1833.5126      135.21883      305.15754      0.17373248   
    114000   479.13024      1357.274       1836.4043      113.86887      303.76071      0.17241591   
    115000   477.57909      1386.9887      1864.5678      142.93268      310.41093      0.17098225   
    116000   465.97176      1345.8457      1811.8175      147.63349      301.20303      0.16859821   
    117000   461.51015      1392.018       1853.5282      207.09953      311.53649      0.16740334   
    118000   455.94761      1371.2395      1827.1871      230.78155      306.88621      0.16929206   
    119000   456.08506      1352.8023      1808.8874      205.80413      302.75994      0.17457761   
    120000   455.12789      1376.1988      1831.3267      123.43228      307.99612      0.17952073   
    121000   477.34181      1395.9481      1873.2899      79.033249      312.41605      0.18073587   
    122000   464.35189      1375.7513      1840.1032      37.371349      307.89596      0.1760566    
    123000   478.02687      1352.2484      1830.2752      76.66311       302.63596      0.17241431   
    124000   451.59884      1365.6444      1817.2433      102.89054      305.63402      0.16982845   
    125000   462.17763      1367.2079      1829.3855      156.86284      305.98393      0.16810066   
    126000   450.53103      1377.4503      1827.9813      233.49963      308.2762       0.16815664   
    127000   459.77549      1348.1051      1807.8806      308.81004      301.70868      0.17243462   
    128000   467.21561      1307.2546      1774.4702      339.37044      292.56626      0.17793967   
    129000   459.47685      1311.9515      1771.4284      297.82638      293.61744      0.18004109   
    130000   452.74008      1316.474       1769.2141      177.95826      294.62958      0.1776727    
    131000   456.36373      1312.2654      1768.6291      72.303459      293.68769      0.17034135   
    132000   443.01745      1340.6982      1783.7157      12.933859      300.05102      0.16225367   
    133000   462.7612       1309.5996      1772.3608      41.767571      293.09108      0.15906959   
    134000   444.46043      1298.017       1742.4774      152.66777      290.49887      0.15809568   
    135000   483.27766      1324.2377      1807.5154      226.33216      296.36712      0.1586145    
    136000   468.41782      1325.6571      1794.075       294.1411       296.68479      0.16099767   
    137000   479.55828      1330.3481      1809.9064      331.4929       297.73464      0.164305     
    138000   478.48262      1345.2575      1823.7401      278.37574      301.07139      0.16873836   
    139000   453.19324      1344.5401      1797.7333      209.89304      300.91083      0.1713148    
    140000   465.03162      1371.1844      1836.216       132.14893      306.87389      0.17053757   
    141000   446.30515      1357.7129      1804.0181      67.286922      303.85893      0.16250565   
    142000   499.67583      1365.9592      1865.635       21.562518      305.70446      0.1579248    
    143000   456.08881      1400.0918      1856.1806      91.375617      313.34342      0.16086583   
    144000   466.95749      1311.5725      1778.53        160.23398      293.53261      0.16697401   
    145000   455.07763      1354.26        1809.3376      208.04125      303.08617      0.170961     
    146000   482.82075      1319.7026      1802.5234      127.82691      295.35215      0.17341618   
    147000   472.8091       1334.4903      1807.2994      102.22892      298.66166      0.17723396   
    148000   450.78075      1366.504       1817.2848      75.884899      305.82641      0.17799812   
    149000   445.59978      1361.801       1807.4008      89.44916       304.77386      0.17819127   
    150000   482.43456      1335.2002      1817.6348      117.96538      298.82055      0.17481279   
    151000   504.9078       1330.6047      1835.5125      125.07917      297.79205      0.1667095    
    152000   484.93609      1333.0571      1817.9932      158.0992       298.34091      0.16406325   
    153000   460.87358      1320.915       1781.7886      121.84174      295.62349      0.16486282   
    154000   469.80709      1337.0329      1806.84        114.7936       299.23072      0.16832057   
    155000   456.19202      1352.2064      1808.3984      112.86167      302.62657      0.17285338   
    156000   462.17303      1338.1051      1800.2781      101.13728      299.47066      0.17576733   
    157000   443.49018      1315.2295      1758.7197      129.74409      294.35107      0.17669034   
    158000   455.18991      1318.6679      1773.8578      141.87282      295.12058      0.17423823   
    159000   455.74686      1328.194       1783.9409      121.8786       297.25254      0.17017398   
    160000   491.27255      1316.3496      1807.6222      110.31826      294.60174      0.16743365   
    161000   463.76897      1348.0507      1811.8197      92.36139       301.69652      0.16618804   
    162000   478.36195      1369.0452      1847.4072      104.93213      306.39513      0.16570731   
    163000   459.25273      1358.1526      1817.4054      111.22038      303.95734      0.16324211   
    164000   493.71602      1336.7695      1830.4855      154.87683      299.17176      0.16112949   
    165000   473.05784      1376.0229      1849.0807      185.92165      307.95675      0.15786197   
    166000   492.01741      1342.636       1834.6534      164.74891      300.4847       0.15729354   
    167000   483.37121      1350.8841      1834.2553      166.02632      302.33063      0.16165602   
    168000   472.75558      1386.7589      1859.5145      146.57421      310.35949      0.16787165   
    169000   460.27959      1369.6049      1829.8845      91.525604      306.5204       0.17037729   
    170000   463.906        1337.4198      1801.3258      160.69369      299.31729      0.17137152   
    171000   467.20648      1362.7729      1829.9794      132.47138      304.99138      0.16958707   
    172000   456.63752      1387.2902      1843.9277      150.30135      310.4784       0.16693695   
    173000   474.15873      1417.7247      1891.8834      103.43758      317.2897       0.16244458   
    174000   492.95806      1366.7742      1859.7323      104.11779      305.88687      0.15833324   
    175000   499.2183       1349.015       1848.2333      140.79181      301.91232      0.15678276   
    176000   497.47004      1336.5455      1834.0155      135.01638      299.12162      0.1598015    
    177000   484.45705      1383.2923      1867.7493      151.35271      309.58365      0.17146853   
    178000   462.43487      1361.8538      1824.2887      104.01469      304.78567      0.17737826   
    179000   463.23499      1363.8308      1827.0658      79.997822      305.22813      0.1780966    
    180000   480.06028      1347.9249      1827.9851      85.672807      301.66835      0.17545835   
    181000   451.59854      1375.9727      1827.5712      132.62114      307.94551      0.17195021   
    182000   484.23493      1356.8933      1841.1282      166.59416      303.67551      0.16559587   
    183000   522.25954      1340.0636      1862.3231      237.20327      299.90898      0.16195019   
    184000   460.20207      1333.4154      1793.6175      217.67653      298.4211       0.16015893   
    185000   477.14269      1324.8245      1801.9672      182.24751      296.49845      0.16157115   
    186000   465.6639       1327.0409      1792.7048      99.897733      296.99448      0.16538486   
    187000   490.94935      1326.363       1817.3123      73.175038      296.84276      0.17083578   
    188000   465.59576      1325.7268      1791.3226      67.554793      296.70038      0.17353017   
    189000   472.96409      1332.4432      1805.4073      74.632434      298.20352      0.17491066   
    190000   445.21361      1339.922       1785.1356      164.997        299.87729      0.17518553   
    191000   444.25795      1345.3258      1789.5838      210.32408      301.08669      0.17376271   
    192000   453.65429      1326.0851      1779.7393      209.71157      296.78056      0.17312596   
    193000   458.10349      1321.1603      1779.2637      215.44063      295.67838      0.17447323   
    194000   429.71229      1303.1638      1732.8761      235.94622      291.65074      0.17377143   
    195000   435.20367      1298.6645      1733.8682      168.07072      290.64378      0.16856307   
    196000   452.02463      1306.0161      1758.0407      131.87725      292.28908      0.16459665   
    197000   475.76048      1334.8324      1810.5929      93.139415      298.73824      0.1629919    
    198000   474.37076      1340.1086      1814.4794      122.12337      299.91906      0.16490923   
    199000   451.82459      1361.6785      1813.5031      138.37538      304.74644      0.16782156   
    200000   429.82516      1326.4297      1756.2548      146.59564      296.85769      0.17375188   
    201000   453.53684      1324.7359      1778.2727      134.46039      296.47861      0.17604264   
    202000   437.68379      1310.5111      1748.1949      157.05489      293.29508      0.17075018   
    203000   477.64074      1318.1184      1795.7591      114.89769      294.99759      0.16339846   
    204000   499.12593      1287.4355      1786.5614      109.01624      288.1307       0.16085488   
    205000   462.5037       1325.873       1788.3767      151.66962      296.7331       0.16273021   
    206000   467.71109      1333.6866      1801.3977      93.259393      298.4818       0.16568635   
    207000   485.40895      1339.5013      1824.9103      128.15303      299.78315      0.16998467   
    208000   467.29099      1382.3148      1849.6058      175.00824      309.3649       0.17284643   
    209000   459.56802      1363.3541      1822.9221      220.5095       305.12144      0.17259524   
    210000   477.76106      1375.2365      1852.9975      273.60266      307.78074      0.16995779   
    211000   476.80414      1350.8877      1827.6918      252.23771      302.33143      0.1656993    
    212000   475.08985      1363.7537      1838.8436      104.45709      305.21089      0.1631668    
    213000   469.3166       1337.5064      1806.823       48.702103      299.33667      0.16400789   
    214000   468.93936      1347.5154      1816.4548      15.32512       301.57672      0.16489834   
    215000   459.32694      1356.4467      1815.7737      85.862816      303.57556      0.16544711   
    216000   466.04432      1358.8179      1824.8622      197.38083      304.10623      0.16415696   
    217000   494.56348      1349.4642      1844.0277      301.09705      302.01285      0.16400455   
    218000   471.99501      1391.8148      1863.8098      355.1982       311.491        0.16933207   
    219000   455.07394      1405.204       1860.2779      316.51202      314.48754      0.17880189   
    220000   445.67548      1371.6745      1817.35        191.99478      306.98356      0.18057863   
    221000   452.88221      1361.1282      1814.0105      92.732618      304.6233       0.17802647   
    222000   491.65882      1378.3404      1869.9992      35.187568      308.4754       0.17356048   
    223000   473.50536      1393.0654      1866.5708      115.17219      311.7709       0.17240412   
    224000   451.11066      1373.8145      1824.9252      205.25385      307.46251      0.17486392   
    225000   477.50729      1335.3629      1812.8702      310.84224      298.85696      0.17973372   
    226000   473.72595      1360.282       1834.0079      371.06513      304.4339       0.1818244    
    227000   448.01262      1391.4294      1839.442       290.89116      311.40475      0.1790172    
    228000   493.33624      1333.4923      1826.8286      188.11637      298.43832      0.17457527   
    229000   494.06107      1392.8527      1886.9137      100.42161      311.72328      0.17043557   
    230000   474.83425      1388.4995      1863.3338      33.785125      310.74904      0.1674859    
    231000   489.92353      1336.0105      1825.9341      13.212252      299.0019       0.16871736   
    232000   452.98235      1329.3081      1782.2904      60.669928      297.50188      0.17614151   
    233000   425.27016      1315.408       1740.6782      88.875057      294.39102      0.18169182   
    234000   432.84268      1265.8515      1698.6942      161.86155      283.30017      0.18233784   
    235000   444.95805      1284.1199      1729.0779      194.80893      287.38867      0.18093768   
    236000   459.15714      1317.9916      1777.1488      229.09507      294.96923      0.17801925   
    237000   442.20664      1318.2625      1760.4691      223.22591      295.02985      0.17384709   
    238000   446.57282      1302.7369      1749.3097      198.72561      291.55519      0.17010661   
    239000   457.14406      1343.5532      1800.6972      159.02221      300.68996      0.16794361   
    240000   489.02187      1346.2148      1835.2367      101.91149      301.28564      0.16719432   
    241000   499.4877       1316.2457      1815.7334      45.590532      294.57848      0.16827617   
    242000   473.23985      1351.357       1824.5968      73.370845      302.43646      0.17081059   
    243000   464.52767      1342.6672      1807.1948      147.31592      300.49167      0.17268532   
    244000   479.85263      1358.458       1838.3106      208.33338      304.02569      0.17282316   
    245000   464.45717      1360.8616      1825.3188      232.86643      304.56363      0.17339321   
    246000   459.20772      1332.3237      1791.5314      220.51141      298.17678      0.17372322   
    247000   446.58786      1331.4806      1778.0685      214.523        297.98809      0.17631297   
    248000   468.49852      1326.6565      1795.155       135.61599      296.90845      0.18178909   
    249000   434.44368      1352.6828      1787.1265      151.2709       302.73319      0.18856898   
    250000   462.3148       1324.8784      1787.1932      118.92382      296.51051      0.1863714    
    251000   450.53388      1340.9478      1791.4817      109.01288      300.10688      0.17722993   
    252000   461.15113      1336.5154      1797.6666      154.00668      299.1149       0.17131438   
    253000   484.10861      1375.8789      1859.9875      207.84465      307.92452      0.16937496   
    254000   477.24107      1400.3449      1877.586       192.57526      313.40006      0.1652185    
    255000   482.05997      1401.8024      1883.8624      206.34734      313.72626      0.16164321   
    256000   490.43417      1354.9802      1845.4143      177.2291       303.24734      0.16171178   
    257000   489.34416      1330.7855      1820.1296      109.44205      297.83252      0.16475206   
    258000   463.94622      1359.3442      1823.2904      127.50428      304.22402      0.16970046   
    259000   454.22435      1348.9619      1803.1862      119.35999      301.90044      0.17101515   
    260000   465.66266      1314.234       1779.8966      127.29698      294.12826      0.17037238   
    261000   495.28144      1316.0687      1811.3501      98.550166      294.53887      0.16784433   
    262000   479.54974      1332.2501      1811.7999      158.17203      298.16031      0.1677896    
    263000   455.11902      1349.2279      1804.3469      185.76926      301.95997      0.1678512    
    264000   469.9261       1293.6554      1763.5816      145.1029       289.52274      0.16544501   
    265000   458.27913      1286.2137      1744.4928      98.40074       287.85727      0.16222374   
    266000   457.81031      1319.8644      1777.6748      94.155611      295.38837      0.16409972   
    267000   445.77284      1348.3746      1794.1474      126.59741      301.769        0.17481229   
    268000   486.45594      1343.7785      1830.2345      126.25654      300.7404       0.18077894   
    269000   466.596        1354.4058      1821.0018      148.31896      303.1188       0.1807117    
    270000   469.40608      1371.7561      1841.1622      138.51276      307.00184      0.17519881   
    271000   476.40187      1348.5761      1824.978       95.528423      301.8141       0.1691204    
    272000   506.80229      1332.6265      1839.4288      65.943758      298.24455      0.16653562   
    273000   450.59682      1388.7496      1839.3464      112.7914       310.805        0.16612867   
    274000   470.94265      1353.3383      1824.281       221.92552      302.8799       0.16489325   
    275000   459.98217      1389.5896      1849.5718      267.38426      310.99301      0.16587333   
    276000   473.67051      1306.7841      1780.4546      262.27306      292.46096      0.16997388   
    277000   455.90639      1331.7606      1787.667       300.20545      298.05076      0.17707275   
    278000   437.13108      1354.6947      1791.8258      282.83583      303.18346      0.18235975   
    279000   436.34655      1332.0344      1768.381       254.18638      298.11203      0.18292523   
    280000   414.47817      1321.5822      1736.0604      202.86751      295.77281      0.18179607   
    281000   437.94753      1344.9162      1782.8637      156.73705      300.995        0.17871858   
    282000   438.53767      1340.4415      1778.9792      77.155399      299.99356      0.1757959    
    283000   469.91007      1340.3377      1810.2478      105.95065      299.97034      0.17347751   
    284000   485.26466      1345.3497      1830.6143      118.5404       301.09202      0.17012829   
    285000   479.79452      1387.1242      1866.9188      167.75882      310.44125      0.16827622   
    286000   493.66267      1388.8413      1882.5039      191.06672      310.82552      0.16620283   
    287000   473.09792      1347.0919      1820.1898      194.6178       301.48193      0.16201742   
    288000   491.17749      1324.6441      1815.8216      180.96158      296.45807      0.15855513   
    289000   483.77115      1341.6525      1825.4237      151.0993       300.26458      0.1620263    
    290000   489.67325      1314.4977      1804.1709      140.62833      294.18728      0.17071894   
    291000   461.2833       1336.5468      1797.8301      109.47392      299.12191      0.17520042   
    292000   454.56454      1326.6668      1781.2313      103.06144      296.91076      0.17658063   
    293000   472.18543      1319.0643      1791.2498      69.788372      295.20931      0.17424642   
    294000   472.14518      1335.7548      1807.9         126.8049       298.94467      0.17401485   
    295000   455.80511      1376.4482      1832.2533      191.63171      308.05193      0.1742561    
    296000   467.35411      1340.7262      1808.0803      180.77732      300.05727      0.17023596   
    297000   496.03971      1256.7044      1752.7441      120.45254      281.25303      0.16651958   
    298000   490.54074      1304.3516      1794.8923      54.801709      291.91656      0.16834765   
    299000   482.37567      1335.4357      1817.8114      109.51371      298.87325      0.17645441   
    300000   451.18145      1345.9525      1797.134       114.00917      301.22694      0.17711948   
    301000   475.03436      1323.2698      1798.3042      122.96148      296.1505       0.17342345   
    302000   471.12191      1360.0016      1831.1235      180.55008      304.37115      0.16942901   
    303000   514.78464      1370.4125      1885.1971      168.74262      306.70112      0.16540077   
    304000   464.39755      1369.3245      1833.722       129.44937      306.45763      0.16594783   
    305000   458.407        1407.7284      1866.1354      105.82822      315.0525       0.17224217   
    306000   450.51706      1358.6334      1809.1504      49.835251      304.06494      0.17865017   
    307000   488.73064      1328.6541      1817.3847      60.880934      297.35551      0.18152566   
    308000   455.92266      1360.4145      1816.3372      164.86684      304.46357      0.18223144   
    309000   475.6053       1380.7318      1856.3371      205.45216      309.01061      0.18037984   
    310000   474.49598      1343.5454      1818.0414      153.96114      300.68822      0.17790229   
    311000   461.9068       1358.1233      1820.0301      130.16088      303.95078      0.17750016   
    312000   442.33663      1371.0712      1813.4078      82.706094      306.84854      0.17685885   
    313000   470.74683      1357.959       1828.7059      126.22369      303.91402      0.17752753   
    314000   486.22763      1363.5932      1849.8208      146.81899      305.17495      0.17337767   
    315000   474.72119      1336.7157      1811.4369      203.28977      299.15972      0.16911166   
    316000   457.27005      1334.8698      1792.1398      214.35882      298.7466       0.1670627    
    317000   475.35824      1316.8435      1792.2017      166.48597      294.71228      0.16860804   
    318000   470.75437      1310.6574      1781.4118      125.07907      293.32781      0.17409926   
    319000   486.21088      1307.7592      1793.9701      116.28273      292.67919      0.17918718   
    320000   482.31864      1395.4505      1877.7691      88.992923      312.30469      0.18051752   
    321000   462.47358      1384.9261      1847.3996      93.532173      309.9493       0.17799179   
    322000   462.81813      1359.9318      1822.7499      123.38039      304.35552      0.17314364   
    323000   469.34564      1359.1259      1828.4716      198.03156      304.17517      0.17073139   
    324000   469.85483      1390.6686      1860.5235      245.7943       311.23449      0.17207876   
    325000   475.74417      1371.395       1847.1391      281.95515      306.92101      0.1793217    
    326000   441.03021      1377.6754      1818.7056      234.87417      308.32657      0.18422793   
    327000   452.00087      1338.2263      1790.2271      208.20623      299.49778      0.18470509   
    328000   464.51071      1314.3402      1778.8509      143.51955      294.15203      0.17989225   
    329000   460.28721      1347.0399      1807.3271      161.48594      301.47029      0.17573105   
    330000   490.66801      1344.0327      1834.7007      154.40091      300.79727      0.17048311   
    331000   476.65268      1337.3703      1814.023       183.70195      299.30621      0.16778688   
    332000   447.8725       1335.3786      1783.2511      217.841        298.86046      0.17103451   
    333000   455.61566      1280.153       1735.7686      210.385        286.50086      0.17741748   
    334000   430.88638      1315.159       1746.0453      167.50048      294.33527      0.18189832   
    335000   455.0269       1332.0575      1787.0844      111.16693      298.11721      0.18370915   
    336000   460.80061      1324.6539      1785.4545      100.53052      296.46026      0.17808748   
    337000   469.21594      1317.4459      1786.6619      65.428815      294.8471       0.17009553   
    338000   461.29916      1310.6985      1771.9976      96.641514      293.33701      0.16813634   
    339000   474.33294      1309.0696      1783.4026      142.72907      292.97247      0.16951181   
    340000   445.47648      1318.4431      1763.9196      155.021        295.07028      0.17189863   
    341000   459.80391      1338.1595      1797.9634      170.30325      299.48284      0.17392567   
    342000   475.68984      1336.9513      1812.6412      204.23998      299.21245      0.17514488   
    343000   445.72224      1346.9997      1792.7219      191.76465      301.4613       0.1769614    
    344000   492.1498       1351.0642      1843.214       114.70844      302.37095      0.1774423    
    345000   464.38949      1339.0064      1803.3959      113.73366      299.67237      0.17535564   
    346000   466.39263      1320.4312      1786.8238      80.119404      295.51521      0.16849936   
    347000   478.97227      1292.8521      1771.8243      37.181163      289.34295      0.16348755   
    348000   447.77831      1320.4176      1768.1959      113.35064      295.51217      0.16442085   
    349000   462.56324      1374.2445      1836.8077      146.051        307.55874      0.16775621   
    350000   480.78394      1364.1049      1844.8888      231.84664      305.28947      0.17269858   
    351000   474.53277      1348.7386      1823.2713      263.01227      301.85046      0.17434584   
    352000   450.69994      1349.0626      1799.7626      180.6478       301.92299      0.17572562   
    353000   447.63093      1264.6497      1712.2806      133.43894      283.03119      0.18067386   
    354000   450.83054      1316.9539      1767.7844      117.17391      294.73698      0.18609071   
    355000   452.91091      1331.6939      1784.6049      192.82307      298.03584      0.18594876   
    356000   466.76134      1352.3562      1819.1175      211.85436      302.66009      0.17981465   
    357000   466.14749      1376.9276      1843.0751      234.52181      308.15923      0.17269968   
    358000   490.782        1355.6995      1846.4815      196.36114      303.40833      0.16955413   
    359000   492.86501      1387.0534      1879.9184      120.98036      310.42539      0.16868755   
    360000   490.5684       1358.316       1848.8844      83.471515      303.99391      0.16992424   
    361000   460.06677      1337.1658      1797.2326      62.165226      299.26046      0.17395661   
    362000   464.96861      1347.6973      1812.6659      86.038334      301.61742      0.17822757   
    363000   458.41677      1342.3343      1800.7511      148.12085      300.41717      0.17823037   
    364000   459.65703      1329.3457      1789.0028      219.91511      297.5103       0.17435369   
    365000   485.42814      1299.5193      1784.9474      268.97313      290.83508      0.16915916   
    366000   474.17216      1290.8701      1765.0423      298.43221      288.89939      0.16449564   
    367000   467.01299      1346.1164      1813.1294      248.8851       301.26361      0.16355519   
    368000   484.47042      1354.117       1838.5874      188.47805      303.05415      0.16658359   
    369000   493.38141      1340.6235      1834.0049      108.4738       300.03428      0.17180541   
    370000   470.77762      1367.1991      1837.9767      45.712721      305.98197      0.17405979   
    371000   500.28326      1365.1312      1865.4144      52.484606      305.51916      0.17547731   
    372000   482.2997       1375.747       1858.0467      109.40196      307.89499      0.17332381   
    373000   453.43002      1365.6609      1819.091       160.2225       305.63772      0.16844637   
    374000   523.62226      1394.9158      1918.5381      175.84434      312.18502      0.16589829   
    375000   501.9913       1378.1893      1880.1806      202.20792      308.44159      0.16551169   
    376000   465.15469      1366.3114      1831.466       188.05729      305.78328      0.1679643    
    377000   455.72304      1354.9533      1810.6763      165.58328      303.24133      0.17055952   
    378000   486.38512      1349.5259      1835.911       154.57678      302.02667      0.17162552   
    379000   488.40282      1328.057       1816.4598      164.91418      297.22188      0.17141401   
    380000   498.81499      1323.0831      1821.8981      116.58185      296.10872      0.16898432   
    381000   463.15129      1308.8934      1772.0447      112.96275      292.93303      0.16694029   
    382000   472.67675      1313.4821      1786.1589      103.28974      293.96         0.16909328   
    383000   462.08878      1331.947       1794.0358      140.6986       298.09248      0.174544     
    384000   439.64679      1314.4885      1754.1353      142.42332      294.18522      0.1769535    
    385000   450.11569      1328.9738      1779.0895      189.9607       297.42706      0.17671607   
    386000   474.8381       1308.0896      1782.9277      147.94666      292.75314      0.17157828   
    387000   491.23639      1274.6185      1765.8549      126.56892      285.26223      0.16545145   
    388000   468.55453      1270.4014      1738.9559      147.39821      284.31843      0.16148115   
    389000   503.68433      1304.9378      1808.6221      151.24246      292.04776      0.16211255   
    390000   477.87931      1342.1573      1820.0366      163.87751      300.37756      0.16420529   
    391000   464.33716      1364.7172      1829.0544      210.31369      305.42651      0.16601547   
    392000   450.21442      1370.9823      1821.1967      182.24659      306.82865      0.16729329   
    393000   469.46223      1302.149       1771.6112      178.63492      291.42362      0.17132552   
    394000   445.37733      1347.9614      1793.3387      214.36255      301.67653      0.17711039   
    395000   456.35195      1353.2948      1809.6468      215.81003      302.87016      0.18033098   
    396000   452.66685      1351.3853      1804.0522      185.65218      302.44281      0.18072756   
    397000   492.53081      1367.0831      1859.6139      139.24784      305.95601      0.17865934   
    398000   484.37785      1329.6095      1813.9874      108.78862      297.56935      0.17595165   
    399000   453.62089      1332.941       1786.5619      150.94669      298.31493      0.17711765   
    400000   452.85019      1342.5026      1795.3528      140.13374      300.45483      0.1805438    
    401000   458.79886      1322.718       1781.5169      175.97542      296.027        0.18373305   
    402000   445.04658      1305.745       1750.7916      138.97179      292.22841      0.18303491   
    403000   462.8967       1343.1024      1805.9991      128.73903      300.58906      0.18160663   
    404000   486.88888      1331.6627      1818.5516      125.91209      298.02884      0.1797048    
    405000   456.85476      1354.8981      1811.7529      181.25553      303.22898      0.17774568   
    406000   470.61743      1386.4562      1857.0736      220.4869       310.29174      0.17652396   
    407000   466.48819      1368.2685      1834.7567      272.93207      306.22129      0.1730098    
    408000   481.09862      1385.9089      1867.0076      302.52423      310.16927      0.1702487    
    409000   481.46424      1338.1307      1819.5949      215.56103      299.4764       0.16979516   
    410000   474.16719      1335.1928      1809.36        207.38906      298.8189       0.17270391   
    411000   455.85899      1352.548       1808.407       135.15048      302.70302      0.17398934   
    412000   455.58636      1374.6545      1830.2408      73.283425      307.6505       0.17147825   
    413000   496.42023      1337.2459      1833.6661      70.880684      299.27837      0.16702322   
    414000   515.47848      1358.677       1874.1554      72.350719      304.07469      0.16182141   
    415000   496.24223      1356.0946      1852.3368      106.73339      303.49675      0.15973714   
    416000   475.87253      1363.6119      1839.4845      176.30671      305.17915      0.16515599   
    417000   478.09253      1356.8246      1834.9171      235.75655      303.66012      0.17490113   
    418000   491.01957      1370.5445      1861.5641      225.9572       306.73067      0.17793431   
    419000   458.07009      1382.0339      1840.104       203.52547      309.30202      0.17878897   
    420000   462.92811      1360.6799      1823.608       128.94963      304.52295      0.17896648   
    421000   476.06686      1338.5877      1814.6546      85.548486      299.57868      0.1767325    
    422000   466.58037      1371.8235      1838.4039      83.259027      307.01691      0.17111614   
    423000   476.23334      1392.4226      1868.6559      161.92737      311.62703      0.16554381   
    424000   511.51853      1382.47        1893.9885      195.31689      309.39961      0.16342419   
    425000   466.04262      1390.4264      1856.4691      248.13634      311.18029      0.16348508   
    426000   476.23942      1372.6033      1848.8427      174.65481      307.19144      0.16540217   
    427000   512.94491      1322.3327      1835.2776      98.505105      295.94077      0.16839519   
    428000   483.27343      1360.293       1843.5665      51.187898      304.43637      0.16912134   
    429000   491.37114      1357.8651      1849.2362      48.788026      303.89299      0.16698362   
    430000   501.51354      1361.6576      1863.1712      75.842377      304.74177      0.16448986   
    431000   499.29542      1321.3734      1820.6689      146.23517      295.72609      0.16451628   
    432000   478.86125      1342.5608      1821.4221      197.7102       300.46787      0.16772875   
    433000   457.92822      1382.4456      1840.3738      212.87315      309.39417      0.17136985   
    434000   464.94488      1366.907       1831.8518      238.39215      305.91658      0.17251512   
    435000   474.2862       1348.4943      1822.7805      215.45102      301.7958       0.1701829    
    436000   468.58426      1293.8948      1762.4791      146.0339       289.57632      0.16576124   
    437000   461.1745       1340.2309      1801.4054      96.153888      299.94642      0.1633298    
    438000   460.89656      1338.1705      1799.067       37.786185      299.4853       0.16312425   
    439000   487.26027      1316.4986      1803.7589      46.229801      294.63509      0.16530968   
    440000   478.76569      1294.8322      1773.5979      91.282238      289.78612      0.16765863   
    441000   447.01833      1267.2148      1714.2332      147.82412      283.60528      0.16866408   
    442000   462.61009      1319.5841      1782.1942      189.18661      295.32564      0.16823181   
    443000   477.75479      1314.3459      1792.1007      170.2069       294.15331      0.16610763   
    444000   480.4694       1308.7248      1789.1942      145.99706      292.89529      0.16458586   
    445000   497.49862      1317.7607      1815.2594      83.782266      294.91756      0.16480557   
    446000   480.87419      1346.4545      1827.3287      80.716963      301.33929      0.16871694   
    447000   449.99126      1352.9775      1802.9688      157.74993      302.79914      0.1764005    
    448000   459.90178      1371.7198      1831.6216      189.55598      306.9937       0.17984747   
    449000   470.97914      1384.6781      1855.6573      170.64309      309.89381      0.1779322    
    450000   473.12044      1365.5704      1838.6908      154.17685      305.61745      0.17363716   
    451000   484.99574      1352.2478      1837.2435      87.023702      302.63583      0.16963465   
    452000   474.72104      1339.2952      1814.0163      74.507319      299.73702      0.16842726   
    453000   461.26358      1383.1895      1844.4531      98.516856      309.56065      0.16788661   
    454000   479.65716      1345.2927      1824.9498      140.50833      301.07926      0.16964178   
    455000   475.36154      1377.2485      1852.61        185.14118      308.23104      0.1732347    
    456000   442.86938      1362.9475      1805.8169      185.56245      305.03045      0.17377835   
    457000   477.63976      1347.9895      1825.6293      199.41347      301.68282      0.1741581    
    458000   463.95993      1326.8085      1790.7684      164.40583      296.94247      0.17308369   
    459000   456.58423      1336.599       1793.1833      86.615473      299.1336       0.17086657   
    460000   449.0484       1344.5294      1793.5778      45.461586      300.90844      0.1703481    
    461000   482.5946       1306.9576      1789.5522      94.772861      292.49979      0.17085732   
    462000   498.91499      1322.0617      1820.9767      72.183022      295.88012      0.1649654    
    463000   462.09062      1307.3962      1769.4868      123.44907      292.59795      0.16019702   
    464000   487.18918      1316.3372      1803.5264      163.21536      294.59898      0.15913519   
    465000   481.48233      1323.938       1805.4203      192.99236      296.30004      0.16101714   
    466000   449.54325      1338.9859      1788.5291      190.23239      299.66779      0.16558038   
    467000   462.31848      1317.8687      1780.1872      149.24181      294.94171      0.16866555   
    468000   454.74498      1325.9535      1780.6985      102.14087      296.75112      0.17027114   
    469000   467.97447      1332.8652      1800.8396      55.923586      298.29796      0.17334669   
    470000   462.48368      1348.0192      1810.5029      82.946128      301.68946      0.17957624   
    471000   451.6219       1345.8727      1797.4946      57.535025      301.20908      0.18260286   
    472000   467.95017      1338.9672      1806.9174      64.132658      299.66361      0.17661668   
    473000   482.75451      1390.9717      1873.7262      148.92509      311.30231      0.16818684   
    474000   501.88167      1369.7691      1871.6508      195.77185      306.55714      0.1652421    
    475000   513.30971      1327.0202      1840.3299      224.7233       296.98985      0.16548883   
    476000   491.21663      1356.1757      1847.3924      192.62951      303.51491      0.16929896   
    477000   468.64991      1328.803       1797.4529      140.40587      297.38885      0.17345505   
    478000   439.16698      1358.776       1797.943       106.52246      304.09686      0.17343392   
    479000   481.81317      1357.6662      1839.4794      95.850375      303.84849      0.17383065   
    480000   490.25615      1373.2465      1863.5027      97.919068      307.33539      0.17613137   
    481000   483.56066      1322.4859      1806.0465      104.95001      295.97506      0.18167648   
    482000   461.52931      1307.101       1768.6303      172.12276      292.53189      0.18796033   
    483000   438.69617      1324.5523      1763.2485      216.14027      296.43753      0.18694062   
    484000   449.76391      1293.0345      1742.7984      176.50691      289.38377      0.17921968   
    485000   432.85629      1295.0998      1727.9561      149.27041      289.84599      0.17471821   
    486000   438.90015      1322.5004      1761.4006      151.69557      295.97831      0.1762347    
    487000   457.45997      1328.0425      1785.5024      185.8526       297.21863      0.17906821   
    488000   459.16991      1339.3957      1798.5656      154.86378      299.75951      0.17861183   
    489000   451.73806      1343.9828      1795.7209      225.41812      300.78611      0.17966557   
    490000   478.8211       1370.2938      1849.1149      281.71714      306.67457      0.18081912   
    491000   460.68564      1361.0508      1821.7365      235.19755      304.60597      0.17755295   
    492000   446.03008      1371.65        1817.68        177.64683      306.97808      0.17234321   
    493000   487.96581      1369.9082      1857.874       143.46575      306.58826      0.17311874   
    494000   431.36569      1363.6493      1795.015       162.00326      305.18751      0.17891961   
    495000   436.44251      1343.844       1780.2865      192.04591      300.75505      0.18511265   
    496000   479.00702      1296.2372      1775.2443      202.60925      290.10055      0.18619266   
    497000   478.96503      1281.7614      1760.7265      126.57508      286.86084      0.18086937   
    498000   429.30098      1320.6879      1749.9889      119.25802      295.57267      0.17595718   
    499000   444.15721      1365.5666      1809.7238      150.45599      305.6166       0.17493898   
    500000   469.20679      1355.5562      1824.763       173.88453      303.37626      0.17767936   
    501000   468.26858      1335.4063      1803.6749      165.67178      298.86667      0.17910781   
    502000   460.71421      1365.5576      1826.2718      201.81346      305.6146       0.18024915   
    503000   452.20976      1351.8322      1804.042       178.65965      302.54283      0.180031     
    504000   449.80886      1363.541       1813.3499      184.12511      305.16328      0.17398768   
    505000   446.73357      1335.2092      1781.9428      199.88514      298.82256      0.16686336   
    506000   457.3446       1282.8623      1740.2069      141.89743      287.10721      0.16217274   
    507000   486.32123      1293.6415      1779.9628      142.29298      289.51963      0.16282023   
    508000   478.06802      1321.7128      1799.7809      154.47131      295.80204      0.16810419   
    509000   462.94215      1325.5759      1788.518       144.76604      296.6666       0.17308819   
    510000   454.90595      1326.5861      1781.492       166.09864      296.89268      0.17704023   
    511000   466.75826      1330.8901      1797.6483      188.2547       297.85593      0.17974238   
    512000   478.62814      1342.2602      1820.8883      212.30093      300.40059      0.18080436   
    513000   493.3312       1390.6285      1883.9597      165.99564      311.22552      0.17832041   
    514000   474.37772      1379.2064      1853.5842      99.239368      308.66923      0.1752317    
    515000   459.80605      1375.3557      1835.1617      53.08018       307.80743      0.1748415    
    516000   482.52167      1326.0991      1808.6207      42.342472      296.78369      0.17379657   
    517000   462.60986      1286.1606      1748.7705      101.4244       287.84539      0.16823748   
    518000   483.03719      1288.8839      1771.921       127.47057      288.45485      0.16126563   
    519000   482.14804      1310.8863      1793.0344      181.42826      293.37905      0.16035765   
    520000   480.78         1334.1014      1814.8814      185.72721      298.57463      0.16365441   
    521000   491.04808      1305.2576      1796.3057      138.90753      292.11933      0.16912238   
    522000   463.41178      1345.1964      1808.6082      83.535531      301.05771      0.17463368   
    523000   480.13513      1346.5482      1826.6833      96.643484      301.36025      0.17678677   
    524000   477.10666      1389.5663      1866.6729      181.54889      310.98778      0.17829395   
    525000   476.89522      1361.6888      1838.584       239.19124      304.74875      0.17659025   
    526000   474.54434      1356.3548      1830.8992      233.9959       303.55499      0.17224527   
    527000   487.4063       1352.1417      1839.548       233.43705      302.61208      0.17176028   
    528000   458.72578      1380.2806      1839.0064      128.07522      308.90963      0.17165563   
    529000   491.23264      1357.7388      1848.9714      87.827186      303.86472      0.17461835   
    530000   440.09299      1339.4659      1779.5589      109.11717      299.77522      0.18093688   
    531000   446.51638      1349.2584      1795.7748      119.21149      301.9668       0.18633008   
    532000   446.1751       1327.0219      1773.197       171.5845       296.99022      0.18305457   
    533000   458.42655      1346.251       1804.6776      171.97656      301.29374      0.17238782   
    534000   483.84726      1320.8208      1804.6681      226.71712      295.60241      0.1683141    
    535000   468.3674       1309.3272      1777.6946      240.19077      293.03012      0.16732557   
    536000   452.04933      1349.6477      1801.697       271.93141      302.05393      0.16582641   
    537000   480.13483      1311.1992      1791.3341      235.59015      293.44908      0.16479896   
    538000   471.90082      1302.2227      1774.1235      238.51477      291.4401       0.16684592   
    539000   461.14026      1326.8179      1787.9582      194.49327      296.94457      0.17200068   
    540000   468.12849      1296.0922      1764.2207      114.79588      290.0681       0.17924209   
    541000   458.73865      1315.8453      1774.584       62.89284       294.48888      0.18495717   
    542000   449.45179      1341.8257      1791.2775      63.387966      300.30335      0.18503842   
    543000   438.46348      1356.1238      1794.5873      95.600701      303.50329      0.18130488   
    544000   476.61658      1377.8163      1854.4329      125.00345      308.35813      0.1779317    
    545000   479.57571      1344.6484      1824.2241      155.3239       300.93507      0.17461113   
    546000   486.79213      1348.8023      1835.5944      191.63577      301.86473      0.1739896    
    547000   464.83648      1343.5467      1808.3832      188.41397      300.68852      0.17400384   
    548000   488.18128      1376.1247      1864.306       209.71891      307.97954      0.1749102    
    549000   491.09543      1378.2947      1869.3902      190.42284      308.46519      0.17432048   
    550000   472.9969       1344.7244      1817.7213      143.94121      300.95208      0.17123419   
    551000   454.58461      1360.8728      1815.4574      127.08497      304.56612      0.16922869   
    552000   464.07863      1316.9697      1781.0483      84.501755      294.74052      0.16937511   
    553000   451.53664      1342.4005      1793.9371      126.77626      300.43198      0.17642424   
    554000   444.61629      1275.3247      1719.941       145.06498      285.42028      0.18284387   
    555000   447.12704      1331.4021      1778.5291      193.07221      297.97052      0.18443588   
    556000   462.03487      1316.4313      1778.4661      184.46909      294.62002      0.18132663   
    557000   459.7915       1314.7068      1774.4983      215.62523      294.23409      0.17885483   
    558000   450.94844      1293.0764      1744.0248      191.20989      289.39315      0.1736689    
    559000   444.81678      1324.6709      1769.4877      172.16368      296.46407      0.17018319   
    560000   464.96308      1323.7361      1788.6992      182.83795      296.25486      0.17244863   
    561000   440.00771      1335.3847      1775.3924      158.72692      298.86183      0.17469184   
    562000   447.0075       1311.0074      1758.0149      139.38642      293.40614      0.17764839   
    563000   428.94603      1346.4837      1775.4297      178.56097      301.34581      0.17799645   
    564000   448.11234      1301.6088      1749.7212      159.36063      291.30273      0.17471942   
    565000   459.49424      1350.9874      1810.4817      179.43643      302.35376      0.17462768   
    566000   462.16929      1331.5226      1793.6919      110.03647      297.99749      0.17608421   
    567000   459.85698      1332.8995      1792.7565      143.07129      298.30564      0.18229412   
    568000   448.3378       1354.0137      1802.3515      93.3377        303.03105      0.18607535   
    569000   478.76256      1332.2034      1810.9659      117.33213      298.14985      0.18548678   
    570000   462.22273      1359.7033      1821.926       122.73028      304.30438      0.1745815    
    571000   501.88391      1365.9049      1867.7888      167.63595      305.69232      0.16680645   
    572000   480.48829      1349.5558      1830.0441      167.76572      302.03336      0.16503751   
    573000   483.77179      1366.0009      1849.7727      186.70639      305.71381      0.16908048   
    574000   475.71335      1447.0141      1922.7275      277.80275      323.84473      0.17601449   
    575000   489.36209      1339.8353      1829.1974      242.34914      299.85789      0.17681343   
    576000   488.80053      1326.717       1815.5176      206.09373      296.922        0.17513926   
    577000   483.45517      1316.039       1799.4942      230.80057      294.53223      0.17475762   
    578000   457.98531      1359.5189      1817.5042      186.42773      304.26311      0.17335054   
    579000   466.75626      1348.787       1815.5433      249.85617      301.86131      0.17226793   
    580000   463.79433      1327.8189      1791.6132      266.8621       297.1686       0.17205264   
    581000   457.35504      1335.7185      1793.0735      282.45327      298.93654      0.17782593   
    582000   452.69597      1348.6646      1801.3606      282.46626      301.83391      0.18419047   
    583000   446.60269      1294.4389      1741.0415      215.84831      289.69807      0.18504576   
    584000   445.42993      1304.8345      1750.2645      101.26255      292.02465      0.18078766   
    585000   454.85863      1336.0548      1790.9134      25.871213      299.01181      0.1777195    
    586000   466.61523      1340.2495      1806.8647     -14.515028      299.95059      0.17292588   
    587000   492.81525      1330.6763      1823.4915     -17.16949       297.80808      0.16750066   
    588000   488.92353      1349.1899      1838.1134      55.563511      301.95146      0.16634852   
    589000   483.85694      1405.8913      1889.7483      181.03833      314.64137      0.16862382   
    590000   486.11462      1366.6192      1852.7338      234.00769      305.85219      0.17088216   
    591000   452.03671      1376.7133      1828.75        297.99769      308.11127      0.17318185   
    592000   492.84859      1396.4323      1889.2809      276.81344      312.52442      0.17356137   
    593000   484.25157      1364.6986      1848.9502      234.39331      305.42235      0.17480786   
    594000   462.95635      1357.6985      1820.6549      191.35336      303.85571      0.17511564   
    595000   479.32956      1391.9887      1871.3183      144.91212      311.52993      0.17162089   
    596000   483.01711      1345.6874      1828.7045      113.80585      301.1676       0.16396958   
    597000   495.09559      1342.4781      1837.5736      75.340945      300.44934      0.15890834   
    598000   499.94923      1348.1048      1848.054       41.018413      301.70861      0.15778357   
    599000   486.83988      1365.2583      1852.0981      78.674372      305.5476       0.15910442   
    600000   499.89157      1371.6244      1871.5159      197.02974      306.97235      0.16382052   
    601000   470.28165      1337.1426      1807.4242      260.66867      299.25525      0.16849536   
    602000   457.43618      1341.9448      1799.381       274.84868      300.33         0.17176161   
    603000   456.30099      1358.2429      1814.5439      187.20618      303.97754      0.17603289   
    604000   479.28229      1321.1154      1800.3977      64.036976      295.66834      0.17937188   
    605000   481.33761      1335.535       1816.8726     -3.6278061      298.89547      0.17877848   
    606000   452.78756      1315.3538      1768.1413      6.606961       294.37887      0.17404491   
    607000   490.98506      1318.852       1809.837       100.65015      295.16178      0.16935667   
    608000   481.0817       1319.4437      1800.5254      149.37608      295.29421      0.16686907   
    609000   469.06847      1348.9824      1818.0508      204.90248      301.90502      0.16859809   
    610000   488.72856      1332.046       1820.7745      241.55122      298.11462      0.1720411    
    611000   467.88252      1341.3022      1809.1848      201.27659      300.18619      0.17368629   
    612000   439.85971      1360.5833      1800.443       210.82701      304.50133      0.17876516   
    613000   447.31602      1337.2436      1784.5596      224.11176      299.27786      0.18756671   
    614000   462.27616      1315.897       1778.1732      173.62392      294.50046      0.19083529   
    615000   432.84043      1338.3067      1771.1471      189.71495      299.51578      0.18788948   
    616000   441.91973      1390.0008      1831.9205      135.73613      311.08503      0.1808691    
    617000   501.43606      1373.4509      1874.887       94.950836      307.38114      0.17682701   
    618000   506.44952      1336.1099      1842.5594      43.943976      299.02413      0.17560005   
    619000   449.47065      1372.592       1822.0627      89.131232      307.18891      0.17605409   
    620000   467.39686      1345.1234      1812.5203      131.36307      301.04138      0.17833657   
    621000   476.17578      1367.9216      1844.0974      153.83902      306.14367      0.17951976   
    622000   484.1179       1366.9255      1851.0434      154.73364      305.92073      0.17878887   
    623000   475.4843       1368.6807      1844.165       176.6453       306.31355      0.17701893   
    624000   468.50796      1350.321       1818.829       129.73737      302.20462      0.17140131   
    625000   484.15509      1371.523       1855.6781      149.7448       306.94967      0.16652185   
    626000   485.41914      1354.554       1839.9732      160.74689      303.15197      0.16250269   
    627000   498.73922      1340.4668      1839.206       172.5372       299.99922      0.16135054   
    628000   505.06429      1314.6357      1819.7         194.50685      294.21817      0.16206077   
    629000   468.78532      1354.9141      1823.6994      197.65356      303.23255      0.16458021   
    630000   489.91686      1333.402       1823.3188      127.94584      298.4181       0.16845702   
    631000   485.64082      1327.4835      1813.1243      75.479453      297.09353      0.17082826   
    632000   504.72357      1348.5994      1853.3229      74.92598       301.81931      0.17062448   
    633000   465.36237      1370.7188      1836.0811      81.185072      306.76968      0.16794476   
    634000   478.43894      1368.602       1847.0409      101.41657      306.29593      0.16567883   
    635000   499.28839      1340.5986      1839.887       107.89532      300.02873      0.16390454   
    636000   502.75847      1378.374       1881.1325      154.88488      308.48293      0.16674495   
    637000   487.23737      1416.5021      1903.7395      203.60901      317.01607      0.17170156   
    638000   486.76426      1375.3942      1862.1585      215.2552       307.81606      0.1742984    
    639000   467.70844      1355.7108      1823.4192      281.4826       303.41086      0.17595748   
    640000   463.33947      1383.7792      1847.1187      245.83707      309.69262      0.17293635   
    641000   500.80716      1339.462       1840.2692      160.89671      299.77435      0.16404391   
    642000   501.44752      1316.3348      1817.7823      101.06993      294.59843      0.15908735   
    643000   454.19185      1332.7031      1786.8949      76.183199      298.26168      0.16165058   
    644000   460.50911      1310.5021      1771.0112      50.441146      293.29305      0.16730909   
    645000   468.03351      1287.3892      1755.4227      48.629456      288.12035      0.1713406    
    646000   473.94449      1344.6293      1818.5738      111.07946      300.93079      0.17431675   
    647000   486.73176      1375.4717      1862.2035      202.37029      307.83339      0.17396298   
    648000   483.39885      1352.4423      1835.8411      217.82789      302.67936      0.17057127   
    649000   490.95469      1346.7224      1837.677       197.05715      301.39923      0.16556625   
    650000   503.40869      1333.0318      1836.4404      206.74925      298.33524      0.16299684   
    651000   482.7238       1363.9634      1846.6872      153.76312      305.25781      0.16357151   
    652000   470.11892      1385.2978      1855.4167      143.26113      310.0325       0.16676341   
    653000   472.22326      1348.0676      1820.2909      134.78909      301.7003       0.17110673   
    654000   474.71983      1379.2367      1853.9566      173.24022      308.67601      0.17393237   
    655000   467.38387      1355.0364      1822.4202      198.06714      303.25992      0.1747117    
    656000   450.31325      1311.4916      1761.8048      263.24285      293.51451      0.17465827   
    657000   446.91352      1330.1091      1777.0226      213.70044      297.68114      0.17454543   
    658000   450.27145      1342.5823      1792.8538      200.62437      300.47268      0.17665822   
    659000   479.25882      1342.3761      1821.6349      114.14757      300.42652      0.17716892   
    660000   461.69989      1345.6029      1807.3028      102.7607       301.1487       0.17895815   
    661000   469.19751      1358.5311      1827.7286      34.700143      304.04206      0.17836445   
    662000   492.62897      1381.757       1874.386       19.427934      309.24005      0.17826171   
    663000   493.56739      1372.2645      1865.8319      94.870275      307.11562      0.17759326   
    664000   492.69508      1357.1413      1849.8363      160.71697      303.731        0.17316448   
    665000   473.6252       1369.6425      1843.2677      201.09425      306.5288       0.16759104   
    666000   492.74413      1332.5273      1825.2715      170.9279       298.22235      0.16503652   
    667000   479.73468      1338.6121      1818.3468      87.589078      299.58414      0.16594012   
    668000   488.04667      1341.4763      1829.523       24.910101      300.22516      0.17509228   
    669000   502.69051      1330.0109      1832.7014     -24.090355      297.65917      0.18127165   
    670000   474.53295      1347.9416      1822.4746     -18.831691      301.6721       0.18305353   
    671000   468.02057      1409.0816      1877.1022      96.848695      315.35536      0.18497953   
    672000   480.24819      1369.8054      1850.0535      241.68388      306.56525      0.18352368   
    673000   462.59823      1357.8192      1820.4175      233.05694      303.88274      0.17867      
    674000   508.06756      1359.5998      1867.6673      206.18607      304.28122      0.1752335    
    675000   480.58556      1348.2642      1828.8497      131.14682      301.74429      0.17464512   
    676000   480.84348      1361.2654      1842.1088      160.9114       304.65398      0.17806532   
    677000   464.23859      1390.9997      1855.2383      213.79039      311.30858      0.18280412   
    678000   489.56412      1356.3451      1845.9092      234.26889      303.55281      0.18100048   
    679000   480.68205      1335.5114      1816.1935      219.18853      298.8902       0.17269307   
    680000   467.74528      1317.7671      1785.5124      155.15684      294.91898      0.16576498   
    681000   477.25651      1266.8907      1744.1473      113.50439      283.53275      0.16541609   
    682000   465.43545      1301.6722      1767.1076      98.95973       291.3169       0.16852003   
    683000   488.93348      1308.2355      1797.1689      108.63893      292.78578      0.17219648   
    684000   451.03718      1339.2668      1790.304       172.64129      299.73066      0.17637664   
    685000   469.61796      1298.2387      1767.8567      221.83274      290.54849      0.17629842   
    686000   487.20199      1356.7967      1843.9987      183.58005      303.65389      0.17106093   
    687000   491.24421      1340.4553      1831.6995      124.60919      299.99665      0.1660533    
    688000   462.52224      1358.2132      1820.7354      119.62023      303.9709       0.16450832   
    689000   503.11583      1378.9184      1882.0342      99.311365      308.60476      0.16433508   
    690000   500.13884      1341.7755      1841.9144      112.79799      300.29211      0.16705684   
    691000   478.89828      1360.5519      1839.4501      141.75222      304.4943       0.1715612    
    692000   456.11769      1366.7656      1822.8833      169.66197      305.88496      0.17464856   
    693000   462.74049      1400.1895      1862.93        176.3728       313.36529      0.17686921   
    694000   485.79126      1341.2578      1827.049       190.75892      300.17624      0.17839963   
    695000   470.90019      1361.6662      1832.5664      235.13677      304.7437       0.17823931   
    696000   494.62507      1336.4862      1831.1112      224.85593      299.10834      0.17312187   
    697000   497.83913      1351.2407      1849.0798      217.66557      302.41044      0.1706598    
    698000   507.05986      1398.7122      1905.772       149.75265      313.03465      0.17077034   
    699000   464.69604      1395.3852      1860.0813      159.25836      312.29008      0.17093677   
    700000   468.54209      1375.004       1843.546       164.96337      307.72871      0.17077681   
    701000   465.91358      1348.6912      1814.6048      191.35254      301.83986      0.17298112   
    702000   461.36981      1391.2982      1852.668       209.98435      311.37538      0.17835598   
    703000   475.7556       1348.2558      1824.0114      148.30302      301.74242      0.18039374   
    704000   478.94309      1351.7126      1830.6557      131.29566      302.51606      0.17814349   
    705000   481.66975      1372.2107      1853.8805      85.359613      307.10358      0.16699622   
    706000   510.1018       1351.3008      1861.4026      70.955457      302.42388      0.16170807   
    707000   500.96683      1404.4733      1905.4401      158.47557      314.32401      0.16220786   
    708000   478.50705      1364.4746      1842.9817      242.69796      305.37223      0.1653173    
    709000   460.08045      1353.9432      1814.0237      260.87292      303.01528      0.17061226   
    710000   457.16481      1335.4711      1792.636       244.75902      298.88118      0.17392384   
    711000   439.10443      1308.2853      1747.3897      161.51709      292.79693      0.1758716    
    712000   460.03489      1285.486       1745.5209      116.21681      287.6944       0.17635223   
    713000   461.08459      1327.2274      1788.312       97.034228      297.03621      0.17525156   
    714000   458.13026      1339.497       1797.6273      71.304201      299.78218      0.17222279   
    715000   463.43395      1356.7157      1820.1496      84.176952      303.63575      0.16867611   
    716000   482.30566      1346.7153      1829.0209      142.32302      301.39764      0.16630895   
    717000   454.99758      1320.468       1775.4656      146.31466      295.52345      0.16772275   
    718000   481.32863      1330.4696      1811.7983      215.11464      297.76183      0.17643099   
    719000   466.02043      1303.7414      1769.7618      194.93956      291.77999      0.17992241   
    720000   451.61102      1305.3878      1756.9988      232.1253       292.14848      0.18056759   
    721000   439.7937       1284.2041      1723.9978      216.51405      287.40752      0.17941934   
    722000   479.55185      1307.2047      1786.7565      176.33485      292.55509      0.17808363   
    723000   495.50596      1340.9608      1836.4668      110.04587      300.10978      0.17418261   
    724000   488.91592      1360.4192      1849.3351      105.86237      304.46461      0.17080682   
    725000   483.7396       1367.5067      1851.2463      142.48666      306.05082      0.16723445   
    726000   479.10481      1362.133       1841.2378      205.25719      304.84816      0.16379483   
    727000   506.56181      1357.9054      1864.4672      190.60609      303.90201      0.16057719   
    728000   483.8263       1369.2443      1853.0706      172.92493      306.43969      0.15969901   
    729000   501.06571      1395.2301      1896.2958      151.60361      312.25535      0.16231047   
    730000   477.43921      1351.0294      1828.4686      147.0941       302.36315      0.16858307   
    731000   467.03473      1286.004       1753.0388      118.04742      287.81034      0.17356235   
    732000   461.75949      1285.2595      1747.019       105.46642      287.64372      0.17724314   
    733000   451.38873      1320.418       1771.8068      159.67869      295.51227      0.17919813   
    734000   475.47522      1324.553       1800.0282      136.52484      296.43769      0.1778977    
    735000   477.23146      1319.3617      1796.5932      191.17231      295.27586      0.17489989   
    736000   471.84092      1295.8169      1767.6578      233.48725      290.00648      0.17221366   
    737000   472.39791      1333.0168      1805.4148      266.43196      298.33191      0.17228982   
    738000   512.90796      1314.2752      1827.1832      240.87024      294.1375       0.17255311   
    739000   504.88168      1349.7803      1854.6619      224.79934      302.08359      0.17358185   
    740000   473.22352      1392.6093      1865.8328      190.31703      311.66882      0.17446247   
    741000   485.07861      1383.476       1868.5546      230.05501      309.62477      0.1748261    
    742000   491.30825      1350.8693      1842.1775      184.21228      302.32731      0.17346199   
    743000   471.89439      1344.7367      1816.6311      184.53436      300.95484      0.17549281   
    744000   477.79101      1330.0943      1807.8853      206.01104      297.67784      0.17899124   
    745000   482.34067      1344.9033      1827.2439      157.36663      300.99211      0.18039538   
    746000   476.3699       1328.5682      1804.9381      166.39752      297.33628      0.18288444   
    747000   455.13483      1372.9047      1828.0395      184.58953      307.25889      0.18383804   
    748000   479.82499      1331.4658      1811.2908      203.70906      297.98478      0.17989832   
    749000   459.31335      1321.0897      1780.4031      194.88744      295.66259      0.17099381   
    750000   457.633        1309.4137      1767.0467      173.52909      293.04948      0.16599393   
    751000   460.50562      1331.3276      1791.8332      121.69803      297.95385      0.16597485   
    752000   501.80049      1318.9383      1820.7388      71.799799      295.1811       0.16816823   
    753000   486.46547      1321.2816      1807.7471      66.815509      295.70554      0.17153855   
    754000   497.09346      1333.4856      1830.579       25.431215      298.43681      0.17313862   
    755000   497.76458      1342.553       1840.3176      85.171824      300.46612      0.17465212   
    756000   494.89353      1302.6569      1797.5504      141.03994      291.53729      0.17631213   
    757000   460.60719      1335.101       1795.7082      218.37028      298.79835      0.17644855   
    758000   466.38198      1321.9354      1788.3174      254.04107      295.85185      0.17073303   
    759000   480.74547      1309.3269      1790.0724      206.70413      293.03005      0.16571983   
    760000   461.28318      1303.1655      1764.4486      126.55249      291.6511       0.16637101   
    761000   490.70471      1337.5098      1828.2145      86.958446      299.33743      0.17055378   
    762000   461.40673      1330.75        1792.1567      76.930162      297.82457      0.17311396   
    763000   461.6471       1323.4043      1785.0514      121.11043      296.18059      0.17427571   
    764000   455.0827       1335.2801      1790.3628      193.07506      298.83843      0.17472572   
    765000   462.7111       1318.2291      1780.9402      284.12875      295.02237      0.17721303   
    766000   453.26876      1355.5075      1808.7763      279.46743      303.36537      0.17476188   
    767000   477.95482      1367.1828      1845.1376      203.52042      305.97832      0.16486279   
    768000   497.00297      1389.0548      1886.0577      156.88658      310.87331      0.16017938   
    769000   489.94802      1345.7446      1835.6926      51.441458      301.1804       0.15975337   
    770000   481.91665      1327.7379      1809.6546     -2.2299438      297.15047      0.16458856   
    771000   477.19729      1304.4612      1781.6585      24.532358      291.9411       0.17077065   
    772000   475.09375      1313.6255      1788.7193      156.50763      293.99208      0.17378737   
    773000   446.08682      1296.2131      1742.3         214.76852      290.09516      0.17548461   
    774000   472.81435      1345.2042      1818.0185      269.68063      301.05945      0.17776877   
    775000   457.48822      1342.0533      1799.5415      310.0234       300.35429      0.17719757   
    776000   484.36923      1328.1003      1812.4695      215.45432      297.23156      0.17301351   
    777000   456.88296      1345.0328      1801.9157      195.52716      301.0211       0.17376712   
    778000   462.77146      1336.8304      1799.6018      122.63756      299.18538      0.1799892    
    779000   475.88928      1374.4525      1850.3418      120.07395      307.60529      0.19051294   
    780000   444.26619      1360.9662      1805.2324      86.73399       304.58703      0.18993825   
    781000   452.56562      1349.2865      1801.8521      77.830638      301.97308      0.18425576   
    782000   476.50385      1405.8158      1882.3196      80.339425      314.62446      0.18130259   
    783000   480.86451      1361.7075      1842.572       126.03395      304.75293      0.18022279   
    784000   455.03737      1360.6162      1815.6536      184.86952      304.5087       0.18056705   
    785000   465.62567      1413.5954      1879.221       252.10446      316.36554      0.18214497   
    786000   463.68575      1394.2037      1857.8895      260.99484      312.02566      0.18575417   
    787000   462.16142      1345.8487      1808.0101      260.27726      301.20371      0.18824011   
    788000   454.60374      1342.8681      1797.4718      231.26667      300.53663      0.18650066   
    789000   407.79499      1367.4692      1775.2642      236.63966      306.04242      0.18586701   
    790000   467.37818      1321.4285      1788.8067      105.48124      295.73842      0.18033879   
    791000   467.97353      1315.5365      1783.51        54.051231      294.41976      0.17397882   
    792000   464.05808      1323.2686      1787.3266      41.163365      296.15022      0.1702744    
    793000   492.20608      1340.3203      1832.5263      82.029052      299.96642      0.16847739   
    794000   461.57506      1359.5328      1821.1078      153.73757      304.26622      0.16906121   
    795000   487.67576      1354.8577      1842.5335      125.61935      303.21993      0.1704261    
    796000   480.11483      1365.4237      1845.5385      148.77269      305.58463      0.17784535   
    797000   473.05779      1381.3212      1854.379       189.54265      309.14252      0.1846568    
    798000   464.1987       1340.8462      1805.0449      238.78811      300.08413      0.1836358    
    799000   466.45485      1352.5839      1819.0387      213.16878      302.71105      0.17848348   
    800000   493.27532      1338.2741      1831.5494      212.33552      299.50849      0.17462879   
    801000   488.78314      1376.5328      1865.3159      140.22656      308.07086      0.17153596   
    802000   472.89037      1355.5911      1828.4815      106.88012      303.38408      0.16936338   
    803000   487.57783      1369.8185      1857.3963      40.04279       306.56818      0.16712412   
    804000   497.32409      1384.2965      1881.6206      98.450596      309.8084       0.16732163   
    805000   480.39856      1352.307       1832.7055      133.5732       302.64908      0.16955789   
    806000   468.41264      1323.0102      1791.4228      206.6328       296.09239      0.17790777   
    807000   446.97642      1299.5639      1746.5403      225.56942      290.84507      0.1848212    
    808000   443.43566      1340.9596      1784.3952      206.21947      300.1095       0.18459465   
    809000   462.88732      1334.9279      1797.8152      143.51018      298.7596       0.18047152   
    810000   485.09016      1327.7647      1812.8548      97.810053      297.15646      0.1746377    
    811000   470.97182      1336.0811      1807.053       106.56352      299.0177       0.16846787   
    812000   471.04131      1325.7055      1796.7468      134.60311      296.69561      0.16531745   
    813000   460.67838      1292.9787      1753.6571      164.64987      289.37128      0.16718333   
    814000   488.93203      1307.7716      1796.7036      155.72727      292.68196      0.1722416    
    815000   493.01253      1304.0618      1797.0744      106.36446      291.85172      0.17563482   
    816000   481.41723      1315.2855      1796.7027      114.89964      294.36359      0.17838849   
    817000   466.86376      1318.8495      1785.7132      165.30214      295.16121      0.17934627   
    818000   475.6399       1291.0942      1766.7341      185.86409      288.94954      0.1791338    
    819000   462.59772      1325.0826      1787.6803      167.6103       296.5562       0.17899076   
    820000   474.28359      1320.8901      1795.1737      107.66806      295.61792      0.17858157   
    821000   465.00377      1305.421       1770.4248      44.767         292.1559       0.17638097   
    822000   463.82008      1274.2369      1738.057      -36.165397      285.17683      0.17416184   
    823000   474.84781      1302.4575      1777.3054     -48.195367      291.49267      0.17384112   
    824000   473.03524      1306.5769      1779.6122      54.542756      292.4146       0.17403441   
    825000   466.50016      1319.1347      1785.6348      114.13781      295.22505      0.17271944   
    826000   486.21156      1302.153       1788.3646      187.85982      291.42452      0.16958346   
    827000   457.85917      1356.9156      1814.7748      167.27351      303.6805       0.16662708   
    828000   480.68847      1296.0839      1776.7724      139.72103      290.06623      0.1679113    
    829000   456.09087      1347.0901      1803.181       158.28694      301.48153      0.17638817   
    830000   453.54323      1337.5746      1791.1178      207.99946      299.35194      0.18319739   
    831000   462.36549      1349.0135      1811.379       243.42413      301.91199      0.18298344   
    832000   485.13215      1359.4268      1844.559       281.26082      304.24251      0.17992238   
    833000   485.97222      1336.0257      1821.9979      225.70805      299.0053       0.17564448   
    834000   483.5035       1345.278       1828.7815      130.41031      301.07597      0.17207946   
    835000   483.72358      1320.6173      1804.3409      86.557706      295.55687      0.17314997   
    836000   459.28689      1352.7517      1812.0386      125.05063      302.74861      0.17658091   
    837000   453.0973       1351.6983      1804.7956      185.41582      302.51285      0.1802217    
    838000   456.33961      1354.2679      1810.6075      208.84523      303.08794      0.18452809   
    839000   473.91934      1324.2818      1798.2012      224.66413      296.37699      0.18922158   
    840000   471.12746      1366.7787      1837.9062      221.38886      305.88788      0.18788837   
    841000   477.83272      1376.0007      1853.8334      183.10428      307.95178      0.17689585   
    842000   471.46709      1350.2596      1821.7267      160.54658      302.19087      0.1713626    
    843000   465.57908      1366.6619      1832.241       204.63013      305.86173      0.17078667   
    844000   471.72696      1379.6832      1851.4102      175.12901      308.77594      0.17379948   
    845000   480.45443      1423.1366      1903.5911      212.92178      318.5009       0.17959226   
    846000   492.34693      1354.6991      1847.046       243.67882      303.18444      0.18266493   
    847000   476.95534      1340.5755      1817.5308      259.20455      300.02355      0.18404366   
    848000   461.4189       1359.1572      1820.5761      222.26162      304.18217      0.18370246   
    849000   437.91722      1331.458       1769.3752      183.6911       297.98304      0.18224565   
    850000   476.44234      1311.4597      1787.9021      105.36328      293.50738      0.18126635   
    851000   467.20452      1315.5657      1782.7702      113.89998      294.42631      0.18450511   
    852000   464.10254      1338.7635      1802.8661      115.03043      299.61803      0.18814938   
    853000   467.18067      1355.1287      1822.3094      96.68395       303.28059      0.1845288    
    854000   490.25774      1322.5954      1812.8531      112.60038      295.99956      0.17649278   
    855000   448.8108       1338.8247      1787.6355      144.10505      299.63172      0.17166432   
    856000   479.77495      1338.9554      1818.7304      183.51486      299.66097      0.17215207   
    857000   463.31229      1331.6201      1794.9324      181.55051      298.01932      0.17466476   
    858000   472.61041      1307.9511      1780.5616      152.52757      292.72215      0.17592976   
    859000   471.95588      1323.1871      1795.143       169.23072      296.13199      0.17488867   
    860000   466.0029       1311.2744      1777.2773      113.08253      293.46591      0.17225172   
    861000   497.8755       1301.8982      1799.7737      110.27556      291.36749      0.16874806   
    862000   485.65683      1330.3242      1815.9811      107.56316      297.72929      0.16244191   
    863000   480.20118      1338.1855      1818.3867      148.47191      299.48866      0.16205492   
    864000   483.72177      1324.7328      1808.4545      169.23186      296.47791      0.16696918   
    865000   479.89726      1304.645       1784.5423      215.11969      291.98223      0.17604471   
    866000   467.48098      1301.4031      1768.884       199.05024      291.25668      0.17948302   
    867000   464.46656      1233.2166      1697.6832      184.19317      275.99641      0.17826307   
    868000   435.77921      1327.5426      1763.3218      138.391        297.10675      0.17767271   
    869000   467.45105      1337.3223      1804.7734      111.69195      299.29548      0.17974834   
    870000   478.19412      1305.9194      1784.1136      147.03246      292.26745      0.18166614   
    871000   479.66712      1319.0769      1798.744       205.70497      295.21212      0.18199684   
    872000   448.84288      1328.5811      1777.424       202.84015      297.33918      0.17785127   
    873000   478.95551      1334.78        1813.7355      213.58223      298.7265       0.17291894   
    874000   498.76892      1340.2703      1839.0392      177.2601       299.95524      0.16881815   
    875000   512.29759      1369.5903      1881.8879      134.17003      306.51711      0.16718396   
    876000   494.54791      1353.6121      1848.16        79.18296       302.94117      0.16700306   
    877000   471.10576      1323.1268      1794.2325      105.35811      296.11848      0.17163813   
    878000   477.63207      1328.3282      1805.9603      152.69007      297.28258      0.17737525   
    879000   466.0114       1278.5689      1744.5803      204.63687      286.14634      0.17832778   
    880000   464.88599      1311.9831      1776.8691      196.1697       293.62452      0.17637932   
    881000   491.48117      1345.9276      1837.4087      149.48175      301.22135      0.16830507   
    882000   504.28866      1378.2783      1882.567       81.235318      308.46152      0.16062088   
    883000   490.54565      1360.0149      1850.5605      57.714483      304.37413      0.16214415   
    884000   495.33755      1326.4149      1821.7524      38.731542      296.85437      0.1680775    
    885000   479.17469      1380.285       1859.4597      84.744424      308.91061      0.1725229    
    886000   476.40684      1376.4807      1852.8875      141.85654      308.0592       0.17510004   
    887000   472.9658       1373.1992      1846.165       168.48345      307.32479      0.17405414   
    888000   483.18853      1342.3578      1825.5463      170.70305      300.42243      0.17265147   
    889000   484.92896      1326.5063      1811.4352      167.11321      296.87482      0.17276029   
    890000   480.85724      1324.9221      1805.7794      139.18892      296.52029      0.17337812   
    891000   462.53557      1340.4108      1802.9464      103.85779      299.9867       0.17746407   
    892000   461.39655      1286.9611      1748.3576      193.87666      288.02453      0.18395581   
    893000   456.97365      1375.2062      1832.1798      230.71599      307.77397      0.18523538   
    894000   439.19981      1383.5643      1822.7641      230.51387      309.64453      0.17932868   
    895000   486.15685      1345.5405      1831.6974      220.55127      301.13473      0.1743143    
    896000   473.80784      1360.9754      1834.7832      200.77006      304.58909      0.17182214   
    897000   456.43198      1324.9317      1781.3637      192.81464      296.52243      0.17396511   
    898000   507.09235      1348.1601      1855.2525      202.36464      301.721        0.17596351   
    899000   498.14373      1351.6617      1849.8055      191.7562       302.50467      0.17415629   
    900000   502.33852      1361.6743      1864.0129      178.54039      304.74551      0.1687086    
    901000   517.30811      1363.1007      1880.4088      155.33247      305.06473      0.16473963   
    902000   471.31564      1406.936       1878.2516      146.11751      314.87516      0.16770364   
    903000   475.46303      1331.2672      1806.7302      146.38652      297.94032      0.17710438   
    904000   475.17495      1305.2769      1780.4518      185.67698      292.12365      0.18275834   
    905000   461.25981      1319.3186      1780.5784      163.54713      295.26622      0.18515817   
    906000   455.29308      1329.3294      1784.6225      135.00694      297.50665      0.1817752    
    907000   468.28016      1299.1832      1767.4633      128.14981      290.75986      0.17701434   
    908000   464.23203      1318.2485      1782.4806      69.044166      295.02672      0.17453576   
    909000   468.2178       1316.2746      1784.4924      87.090148      294.58495      0.17426844   
    910000   457.345        1327.9494      1785.2944      70.633368      297.19781      0.17453915   
    911000   481.00808      1344.7817      1825.7898      91.21876       300.9649       0.1753406    
    912000   498.43826      1343.2251      1841.6633      83.162768      300.61653      0.17246916   
    913000   497.58235      1354.3255      1851.9078      110.05932      303.10082      0.17006748   
    914000   480.58731      1347.3645      1827.9518      140.54441      301.54294      0.17389324   
    915000   458.815        1367.1095      1825.9245      182.809        305.96191      0.18237585   
    916000   459.84759      1338.2726      1798.1202      174.83955      299.50815      0.18585925   
    917000   456.60573      1349.2636      1805.8694      164.46628      301.96797      0.1831401    
    918000   470.21593      1372.6229      1842.8389      196.16416      307.19583      0.17862145   
    919000   489.38648      1340.4894      1829.8759      197.16274      300.00429      0.17429285   
    920000   495.25998      1373.0016      1868.2616      196.61262      307.28058      0.17267134   
    921000   486.00455      1342.7958      1828.8003      198.20512      300.52045      0.17232159   
    922000   487.52169      1376.2098      1863.7315      183.02532      307.99858      0.1728495    
    923000   483.50095      1349.7848      1833.2858      148.75169      302.08462      0.17501378   
    924000   491.47365      1350.0782      1841.5518      155.46887      302.15027      0.17867354   
    925000   479.75855      1346.4538      1826.2123      143.60368      301.33911      0.18071386   
    926000   507.70109      1315.736       1823.4371      155.49348      294.46442      0.17673104   
    927000   476.76681      1349.7473      1826.5141      211.22384      302.07622      0.16907543   
    928000   507.01512      1388.1893      1895.2044      224.23514      310.67961      0.16437521   
    929000   490.74441      1406.1939      1896.9383      276.09488      314.70909      0.16357105   
    930000   472.20252      1366.6575      1838.86        246.12513      305.86076      0.16532898   
    931000   491.0016       1329.2234      1820.225       233.12051      297.48292      0.16923154   
    932000   485.07811      1357.0215      1842.0996      183.81355      303.70421      0.17406903   
    933000   488.69867      1341.6395      1830.3382      94.794075      300.26167      0.17664915   
    934000   495.23184      1375.9149      1871.1468      35.390186      307.93259      0.17455164   
    935000   477.49081      1358.0549      1835.5457      85.41677       303.93547      0.17309858   
    936000   457.44865      1345.7915      1803.2402      101.21233      301.19091      0.16933029   
    937000   495.81496      1345.7391      1841.5541      173.83563      301.17918      0.16829058   
    938000   471.62064      1358.8696      1830.4902      230.65758      304.11781      0.17010137   
    939000   468.05168      1364.3843      1832.436       222.99314      305.352        0.17396043   
    940000   447.18299      1349.104       1796.287       255.35841      301.93224      0.17929728   
    941000   464.26335      1335.5105      1799.7739      311.63518      298.89         0.181712     
    942000   479.68836      1350.2401      1829.9284      290.74245      302.1865       0.17868405   
    943000   473.37609      1337.5816      1810.9577      240.55219      299.3535       0.17142326   
    944000   487.29416      1326.439       1813.7332      145.24605      296.85977      0.16578168   
    945000   473.21579      1307.4781      1780.6939      88.376951      292.61629      0.16574317   
    946000   463.77819      1344.7348      1808.513       56.163482      300.9544       0.16766791   
    947000   494.97401      1316.9382      1811.9122      44.988694      294.73348      0.16994889   
    948000   459.4819       1319.962       1779.4439      88.449047      295.41022      0.17350147   
    949000   488.05748      1275.627       1763.6844      110.87931      285.48793      0.17733744   
    950000   458.3888       1261.6257      1720.0145      137.70118      282.35442      0.18187656   
    951000   464.28971      1323.5914      1787.8811      150.98877      296.22247      0.18355997   
    952000   457.68915      1333.7837      1791.4729      223.21482      298.50354      0.18316075   
    953000   488.63321      1323.5167      1812.1499      191.55805      296.20575      0.17941194   
    954000   451.84261      1307.3449      1759.1875      238.44569      292.58646      0.17695299   
    955000   449.40977      1289.1637      1738.5735      220.00017      288.51749      0.17661885   
    956000   479.96418      1301.2005      1781.1647      220.0117       291.21134      0.17792919   
    957000   440.13726      1330.0298      1770.167       286.11544      297.66339      0.17990009   
    958000   457.93853      1335.1155      1793.0541      266.60758      298.8016       0.180952     
    959000   463.74883      1318.115       1781.8639      240.03285      294.99685      0.1814319    
    960000   463.81927      1310.0551      1773.8744      171.04437      293.19303      0.18055812   
    961000   472.16349      1332.3233      1804.4868      143.20443      298.17668      0.18184094   
    962000   448.83015      1302.988       1751.8181      87.408362      291.61138      0.18530432   
    963000   484.34998      1317.9003      1802.2503      61.961226      294.9488       0.18759018   
    964000   455.12129      1361.4227      1816.544       124.06681      304.68919      0.18336501   
    965000   488.22743      1350.274       1838.5014      147.26532      302.19409      0.17315113   
    966000   529.65462      1347.2309      1876.8855      256.67156      301.51304      0.16997975   
    967000   498.86768      1352.4393      1851.307       263.20317      302.67868      0.16941476   
    968000   466.93651      1320.2705      1787.207       259.13524      295.47924      0.1711637    
    969000   467.44539      1327.6314      1795.0768      237.22074      297.12663      0.17515132   
    970000   469.29198      1301.7883      1771.0803      191.92418      291.34289      0.17710889   
    971000   505.13541      1321.081       1826.2164      107.76692      295.66064      0.17668885   
    972000   463.41846      1318.2123      1781.6308      94.813699      295.01862      0.17202453   
    973000   472.36918      1343.7484      1816.1175      136.12905      300.73364      0.16251627   
    974000   508.98204      1376.383       1885.3651      229.28103      308.03735      0.15964849   
    975000   524.71937      1371.4685      1896.1879      199.97422      306.93747      0.16083689   
    976000   511.70791      1363.3324      1875.0403      161.93384      305.1166       0.16289559   
    977000   489.95567      1379.6387      1869.5944      135.10411      308.76597      0.16723085   
    978000   465.76783      1362.0143      1827.7821      111.2298       304.8216       0.17341403   
    979000   474.77535      1346.1663      1820.9417      60.620833      301.27479      0.17752876   
    980000   482.4834       1334.9371      1817.4205      72.333317      298.76166      0.1798222    
    981000   477.02605      1328.7787      1805.8047      71.838956      297.38339      0.18029765   
    982000   466.51485      1373.1306      1839.6455      131.21077      307.30945      0.1788795    
    983000   502.40367      1312.1426      1814.5463      171.45938      293.66022      0.17324611   
    984000   499.13986      1356.7408      1855.8807      207.72885      303.64138      0.16891182   
    985000   493.07015      1369.7337      1862.8038      201.87479      306.54921      0.16889318   
    986000   499.42618      1336.4446      1835.8708      141.21893      299.09904      0.17368169   
    987000   474.05367      1322.5491      1796.6028      134.48611      295.98921      0.18192093   
    988000   464.73628      1306.5947      1771.3309      109.24567      292.41857      0.18441725   
    989000   455.29402      1328.7959      1784.0899      89.890312      297.38725      0.18180406   
    990000   481.46824      1317.4859      1798.9541      92.765639      294.85604      0.17502849   
    991000   485.77077      1304.8583      1790.629       138.45057      292.02996      0.16971315   
    992000   490.64549      1292.9054      1783.5509      182.88325      289.35489      0.16672839   
    993000   500.25343      1343.3412      1843.5946      186.90106      300.64251      0.16705015   
    994000   465.03331      1377.4012      1842.4345      152.79864      308.26522      0.16833387   
    995000   484.4346       1376.6331      1861.0677      162.88806      308.09332      0.17087103   
    996000   506.91906      1378.8826      1885.8017      141.23326      308.59676      0.17395002   
    997000   488.63799      1399.2948      1887.9327      184.79659      313.16504      0.17885406   
    998000   489.83945      1371.9295      1861.769       205.79518      307.04065      0.18055338   
    999000   474.91082      1363.7206      1838.6314      178.39884      305.20347      0.17939689   
   1000000   482.32051      1354.1341      1836.4546      163.26654      303.05798      0.17402245   
   1001000   501.79051      1368.5998      1870.3903      149.15443      306.29544      0.17033512   
   1002000   510.56434      1335.6643      1846.2287      195.37738      298.92442      0.17221611   
   1003000   457.85169      1389.2436      1847.0953      236.83935      310.91558      0.17738203   
   1004000   479.95377      1343.2089      1823.1627      238.63035      300.61291      0.18312427   
   1005000   470.54642      1356.441       1826.9874      183.15479      303.57428      0.18711072   
   1006000   477.73291      1359.4147      1837.1476      138.35065      304.2398       0.18644918   
   1007000   498.93086      1409.0733      1908.0042      111.83331      315.3535       0.18140323   
   1008000   476.87642      1359.889       1836.7654      108.82051      304.34595      0.17821153   
   1009000   451.30313      1358.1474      1809.4506      120.9675       303.95618      0.17683604   
   1010000   486.94798      1337.0595      1824.0074      153.13424      299.23665      0.17912639   
   1011000   485.5523       1341.3263      1826.8786      125.47156      300.19158      0.18233678   
   1012000   473.95868      1344.1695      1818.1282      128.35918      300.82789      0.18428277   
   1013000   465.78614      1300.7653      1766.5515      118.67416      291.11395      0.18176345   
   1014000   451.51611      1330.883       1782.3992      139.94105      297.85436      0.17535381   
   1015000   509.95381      1299.9629      1809.9167      154.50598      290.93437      0.17062425   
   1016000   503.14196      1310.9066      1814.0485      151.78086      293.38358      0.16817753   
   1017000   480.37533      1283.4426      1763.818       131.29682      287.2371       0.16712068   
   1018000   472.31076      1328.8743      1801.1851      162.70016      297.4048       0.16888855   
   1019000   491.88545      1310.6208      1802.5062      156.11775      293.31961      0.17203215   
   1020000   506.10267      1321.8191      1827.9217      129.93761      295.82582      0.17490372   
   1021000   470.01725      1368.5383      1838.5556      132.34677      306.28168      0.17697916   
   1022000   484.82337      1393.012       1877.8354      104.6914       311.75895      0.17496205   
   1023000   517.66294      1349.1187      1866.7817      41.967338      301.93554      0.17000577   
   1024000   511.96088      1347.4336      1859.3945      30.786922      301.55841      0.16702733   
   1025000   514.37314      1362.5932      1876.9664      53.185672      304.95116      0.16715396   
   1026000   492.89457      1353.4768      1846.3714      100.5611       302.91089      0.1699303    
   1027000   510.28842      1350.7363      1861.0247      128.06719      302.29756      0.17495749   
   1028000   489.77         1389.5261      1879.2961      194.74792      310.9788       0.17743469   
   1029000   487.97967      1361.7096      1849.6893      213.80412      304.7534       0.17537473   
   1030000   507.09979      1366.5044      1873.6042      191.60215      305.82648      0.17109528   
   1031000   521.65875      1333.6795      1855.3383      145.31904      298.48022      0.16762202   
   1032000   480.90578      1354.9971      1835.9029      146.00948      303.25113      0.16767733   
   1033000   488.84472      1367.7806      1856.6254      169.18849      306.11211      0.17030541   
   1034000   488.9453       1352.8629      1841.8082      207.44378      302.77348      0.17456401   
   1035000   489.7397       1384.6631      1874.4028      242.61322      309.89044      0.18229066   
   1036000   471.49352      1334.327       1805.8205      237.44341      298.62512      0.18826224   
   1037000   463.86073      1326.661       1790.5218      219.54174      296.90946      0.1866141    
   1038000   481.06157      1311.6608      1792.7224      183.08571      293.55238      0.18043005   
   1039000   495.16647      1305.7964      1800.9629      113.07627      292.23992      0.17451654   
   1040000   489.49637      1319.9489      1809.4452      90.637466      295.40726      0.17186569   
   1041000   483.57824      1321.2858      1804.864       52.043763      295.70647      0.17163468   
   1042000   478.11125      1313.5786      1791.6899      77.27024       293.9816       0.17348227   
   1043000   484.43327      1327.7059      1812.1392      129.16749      297.1433       0.17581961   
   1044000   452.18778      1335.8065      1787.9943      219.79378      298.95623      0.18037375   
   1045000   491.35281      1372.34        1863.6928      267.00802      307.13251      0.18232298   
   1046000   476.17606      1357.7939      1833.97        285.14051      303.87707      0.18160126   
   1047000   482.96579      1364.2575      1847.2233      279.37915      305.32363      0.1821358    
   1048000   483.14488      1354.1315      1837.2764      277.57876      303.05742      0.18463536   
   1049000   517.22032      1346.8408      1864.0611      226.09621      301.42573      0.18612861   
   1050000   504.29237      1377.934       1882.2264      142.05902      308.38446      0.18513507   
   1051000   487.89917      1392.1181      1880.0172      68.976613      311.55888      0.1798148    
   1052000   513.80609      1348.0968      1861.9028      76.924562      301.70682      0.17384008   
   1053000   479.5762       1351.7801      1831.3563      69.001595      302.53116      0.16993978   
   1054000   493.32408      1357.2757      1850.5998      71.786173      303.7611       0.17089421   
   1055000   483.9021       1353.4392      1837.3413      145.05784      302.90248      0.17694999   
   1056000   509.58005      1338.3839      1847.964       180.16877      299.53308      0.17905879   
   1057000   471.58169      1361.9998      1833.5815      229.15416      304.81835      0.17908129   
   1058000   481.053        1343.78        1824.833       234.08212      300.74073      0.17935029   
   1059000   480.72432      1368.8808      1849.6052      197.36159      306.35834      0.17993933   
   1060000   477.9198       1373.1035      1851.0233      114.16419      307.30337      0.18203155   
   1061000   460.63156      1394.8973      1855.5288      124.67555      312.18087      0.18553336   
   1062000   454.52498      1378.7316      1833.2566      100.35648      308.56296      0.18624911   
   1063000   465.50526      1363.084       1828.5892      139.29259      305.06099      0.18568686   
   1064000   493.28802      1357.8558      1851.1439      137.24081      303.89092      0.18237904   
   1065000   490.51931      1363.647       1854.1663      193.22526      305.187        0.18075714   
   1066000   493.17653      1398.5871      1891.7636      158.91982      313.00666      0.17412624   
   1067000   477.72584      1343.9272      1821.653       138.94974      300.77366      0.16951106   
   1068000   488.11192      1333.5038      1821.6157      83.661717      298.44089      0.17042236   
   1069000   476.77753      1327.737       1804.5146      79.855405      297.15027      0.17669642   
   1070000   475.34258      1324.8268      1800.1693      104.07497      296.49895      0.18193014   
   1071000   420.6492       1352.6873      1773.3365      154.48156      302.7342       0.18583164   
   1072000   448.54537      1328.8062      1777.3515      183.0312       297.38955      0.18725178   
   1073000   440.7683       1296.8334      1737.6017      241.20465      290.23398      0.18592818   
   1074000   453.98818      1286.5958      1740.584       241.40177      287.94279      0.18334706   
   1075000   466.30716      1325.1565      1791.4636      220.90947      296.57274      0.17988067   
   1076000   476.47044      1344.8509      1821.3213      189.899        300.98039      0.17594469   
   1077000   477.38909      1336.9113      1814.3004      178.42139      299.2035       0.17636261   
   1078000   473.27857      1330.6656      1803.9442      136.93502      297.8057       0.17813216   
   1079000   459.61107      1353.8105      1813.4215      70.095288      302.98556      0.17588953   
   1080000   473.28723      1315.9193      1789.2066      83.295201      294.50545      0.17216103   
   1081000   477.20669      1336.7537      1813.9604      107.11636      299.16822      0.16680389   
   1082000   498.99825      1299.4657      1798.4639      133.44655      290.82308      0.16247046   
   1083000   481.07249      1343.6886      1824.7611      231.37309      300.72026      0.16334476   
   1084000   478.31873      1312.8991      1791.2178      218.86421      293.8295       0.16850178   
   1085000   499.89882      1321.13        1821.0289      180.91975      295.67162      0.17234086   
   1086000   453.62401      1338.771       1792.395       155.14953      299.6197       0.17351146   
   1087000   481.77679      1307.861       1789.6378      123.06661      292.70198      0.17328566   
   1088000   456.77871      1276.5714      1733.3502      63.613314      285.69931      0.17107956   
   1089000   477.41955      1315.4463      1792.8659      53.113471      294.39959      0.17187728   
   1090000   447.19004      1335.7727      1782.9627      122.94211      298.94867      0.17679771   
   1091000   487.72882      1296.7073      1784.4361      117.43436      290.20576      0.18315538   
   1092000   463.4351       1296.2067      1759.6418      220.20985      290.09373      0.18724102   
   1093000   455.00764      1276.8965      1731.9042      190.02935      285.77206      0.18546886   
   1094000   466.9926       1301.2307      1768.2233      174.87028      291.21811      0.18054972   
   1095000   501.22321      1327.8346      1829.0578      157.72603      297.1721       0.17673965   
   1096000   484.16079      1329.2872      1813.448       83.159436      297.49721      0.1709346    
   1097000   509.78713      1320.3182      1830.1053      96.999799      295.48993      0.16604647   
   1098000   491.79818      1353.034       1844.8322      125.47771      302.8118       0.16399299   
   1099000   480.00502      1394.669       1874.674       183.32786      312.12978      0.16883964   
   1100000   491.1225       1316.4156      1807.5381      191.25832      294.61651      0.17755379   
   1101000   488.12225      1319.9323      1808.0546      230.45825      295.40357      0.18277734   
   1102000   491.96769      1346.6138      1838.5815      228.90878      301.37494      0.18429801   
   1103000   474.78462      1342.8542      1817.6388      206.77348      300.53353      0.18204562   
   1104000   531.40092      1309.6041      1841.0051      128.15827      293.09209      0.17631396   
   1105000   479.13741      1352.6723      1831.8097      60.660177      302.73083      0.17178837   
   1106000   468.87865      1345.2167      1814.0954      84.105236      301.06227      0.17240122   
   1107000   494.57616      1276.6177      1771.1939      100.71924      285.70967      0.17276334   
   1108000   464.90419      1322.5571      1787.4613      212.24282      295.99099      0.1759614    
   1109000   474.22552      1320.1074      1794.3329      218.54289      295.44275      0.17870238   
   1110000   485.75389      1317.1575      1802.9114      232.12801      294.78255      0.17925146   
   1111000   460.3998       1309.6059      1770.0057      169.29381      293.09249      0.17495375   
   1112000   445.9025       1322.3534      1768.2559      111.07138      295.94541      0.17056946   
   1113000   471.47341      1311.6862      1783.1596      80.940707      293.55807      0.16979734   
   1114000   498.62043      1304.8537      1803.4741      78.871327      292.02893      0.17135389   
   1115000   489.64698      1324.2921      1813.9391      116.38793      296.37928      0.17367187   
   1116000   449.71505      1343.2123      1792.9273      210.85024      300.61366      0.17975763   
   1117000   471.51242      1329.9518      1801.4642      242.62316      297.64594      0.18484051   
   1118000   469.93008      1276.0198      1745.9499      169.11729      285.57585      0.18506365   
   1119000   461.85784      1308.192       1770.0498      160.36493      292.77606      0.18068015   
   1120000   481.65252      1355.0772      1836.7297      174.4414       303.26906      0.17452984   
   1121000   501.17499      1356.554       1857.729       194.86952      303.59957      0.16759835   
   1122000   499.73634      1360.9731      1860.7094      197.8208       304.58857      0.16464557   
   1123000   494.02765      1360.9863      1855.014       180.10498      304.59154      0.16656809   
   1124000   491.85491      1392.7615      1884.6164      162.86533      311.70288      0.1733132    
   1125000   489.51489      1384.1704      1873.6853      170.66026      309.78017      0.17849648   
   1126000   489.78203      1361.2282      1851.0102      136.15352      304.64566      0.17924017   
   1127000   487.91225      1345.528       1833.4403      157.83002      301.13193      0.17940965   
   1128000   476.35325      1343.7407      1820.0939      156.84424      300.73192      0.17918217   
   1129000   474.01069      1428.6574      1902.6681      178.34212      319.73646      0.17569651   
   1130000   479.98616      1368.4231      1848.4092      189.90566      306.25589      0.17112904   
   1131000   517.88579      1338.6602      1856.546       144.25338      299.59489      0.1699736    
   1132000   442.73968      1396.5348      1839.2745      155.87847      312.54736      0.17651562   
   1133000   453.56019      1346.5988      1800.159       212.42254      301.37158      0.18678327   
   1134000   484.49091      1331.7337      1816.2246      177.42927      298.04474      0.18660766   
   1135000   501.06287      1369.15        1870.2128      178.58904      306.41857      0.18255482   
   1136000   475.78473      1360.3699      1836.1546      146.1075       304.45357      0.17780676   
   1137000   504.48733      1383.6356      1888.1229      146.69156      309.66049      0.1748112    
   1138000   513.99869      1350.3134      1864.3121      165.61027      302.2029       0.17265107   
   1139000   483.91908      1368.4843      1852.4034      177.91958      306.26961      0.17279052   
   1140000   468.45338      1374.8626      1843.316       169.53991      307.69708      0.17379673   
   1141000   465.00869      1400.877       1865.8857      214.42174      313.51916      0.17628541   
   1142000   508.14339      1373.9704      1882.1138      204.41645      307.49739      0.17768759   
   1143000   480.38414      1374.3561      1854.7402      168.20568      307.58372      0.17860884   
   1144000   505.97345      1347.8391      1853.8126      194.69618      301.64916      0.17776317   
   1145000   493.52485      1342.6474      1836.1722      229.36625      300.48724      0.17594597   
   1146000   479.27298      1360.608       1839.881       183.94672      304.50687      0.17193943   
   1147000   518.33301      1337.087       1855.4201      124.4257       299.24283      0.16940038   
   1148000   489.39856      1396.809       1886.2076      152.30337      312.60873      0.17331821   
   1149000   474.06172      1376.9456      1851.0073      161.4071       308.16324      0.1799028    
   1150000   457.02087      1377.6838      1834.7046      185.25964      308.32845      0.18581755   
   1151000   472.70209      1342.1393      1814.8414      240.72106      300.37353      0.18939676   
   1152000   485.24437      1369.3174      1854.5618      238.72914      306.45605      0.18862521   
   1153000   458.91623      1376.2387      1835.1549      259.567        308.00504      0.18530872   
   1154000   487.5058       1354.757       1842.2628      220.12791      303.19741      0.18302582   
   1155000   472.56098      1356.048       1828.609       181.81189      303.48632      0.18143619   
   1156000   485.47196      1339.6941      1825.1661      150.87159      299.8263       0.17941217   
   1157000   457.58942      1348.5071      1806.0965      163.65858      301.79865      0.17611466   
   1158000   483.41382      1277.9065      1761.3203      172.60443      285.99809      0.17316689   
   1159000   480.16107      1294.5062      1774.6672      220.14686      289.71314      0.17449286   
   1160000   463.69448      1327.6042      1791.2987      261.05276      297.12055      0.17693839   
   1161000   442.70801      1366.9786      1809.6866      258.00678      305.93262      0.17891778   
   1162000   472.83189      1369.2622      1842.0941      226.3465       306.44368      0.18448208   
   1163000   464.22567      1363.0015      1827.2272      210.30711      305.04253      0.18906217   
   1164000   453.06931      1379.2898      1832.3591      128.02106      308.68788      0.18723419   
   1165000   484.37201      1351.9458      1836.3179      121.23016      302.56826      0.18351259   
   1166000   503.96285      1367.182       1871.1448      121.93193      305.97813      0.17920079   
   1167000   472.3595       1422.5689      1894.9284      140.85832      318.37384      0.17530587   
   1168000   497.24677      1371.1765      1868.4233      160.48519      306.87213      0.17224341   
   1169000   495.10904      1350.5289      1845.638       146.82811      302.25115      0.16990254   
   1170000   510.81037      1362.3718      1873.1822      122.57726      304.90161      0.16982163   
   1171000   512.51337      1381.917       1894.4304      153.77094      309.27587      0.17036671   
   1172000   507.92506      1347.6967      1855.6218      109.04561      301.6173       0.17084233   
   1173000   504.31517      1381.4474      1885.7626      121.3937       309.17077      0.17492687   
   1174000   464.15398      1358.6108      1822.7647      108.6125       304.05988      0.18065441   
   1175000   494.78986      1360.4849      1855.2747      135.90514      304.47931      0.18325276   
   1176000   481.3514       1365.0678      1846.4192      157.22989      305.50498      0.17749706   
   1177000   460.18566      1380.7311      1840.9168      148.7306       309.01046      0.16995147   
   1178000   495.80192      1376.9469      1872.7488      161.61438      308.16354      0.1689444    
   1179000   505.91432      1327.5967      1833.5111      165.31754      297.11887      0.17224238   
   1180000   504.445        1310.3553      1814.8003      216.72865      293.2602       0.17814163   
   1181000   474.76197      1353.6644      1828.4264      230.98257      302.95288      0.17974082   
   1182000   484.32871      1361.869       1846.1977      235.77085      304.78907      0.17768965   
   1183000   524.4467       1403.0464      1927.4931      197.73081      314.00466      0.1741609    
   1184000   531.0538       1359.0261      1890.0799      180.81103      304.15284      0.17031295   
   1185000   509.26248      1360.239       1869.5015      77.512747      304.42428      0.16775775   
   1186000   511.05944      1360.027       1871.0864      16.66331       304.37683      0.16792856   
   1187000   459.75756      1328.5848      1788.3424      46.60432       297.34001      0.17135477   
   1188000   468.73178      1314.6214      1783.3532      106.01878      294.21498      0.17798937   
   1189000   461.57048      1273.7813      1735.3518      232.16049      285.07487      0.1839471    
   1190000   467.37888      1332.6061      1799.985       306.41807      298.23999      0.18695225   
   1191000   461.17671      1328.3831      1789.5599      296.69935      297.29487      0.18742979   
   1192000   473.61261      1334.5712      1808.1838      221.7059       298.67978      0.18509236   
   1193000   484.6857       1326.4796      1811.1653      204.18208      296.86885      0.18284865   
   1194000   478.32313      1309.6345      1787.9576      107.95048      293.09889      0.18399085   
   1195000   471.43964      1293.605       1765.0447      95.283006      289.51146      0.18950242   
   1196000   455.21023      1337.6154      1792.8257      119.2749       299.36108      0.19942524   
   1197000   448.2777       1319.2707      1767.5484      173.08842      295.25549      0.20035271   
   1198000   441.75005      1297.0932      1738.8433      212.3319       290.29213      0.19424894   
   1199000   475.80391      1263.7019      1739.5058      185.32173      282.81908      0.18923913   
   1200000   477.05959      1308.1301      1785.1897      180.30346      292.76219      0.18548856   
   1201000   475.66741      1338.0196      1813.6871      102.68562      299.45154      0.18051531   
   1202000   493.30751      1342.6848      1835.9923      72.774363      300.49561      0.17787654   
   1203000   492.46512      1362.1839      1854.649       7.20387        304.85956      0.17872961   
   1204000   484.15865      1385.1473      1869.3059      22.793662      309.9988       0.18263038   
   1205000   487.16646      1369.5329      1856.6993      158.09494      306.50426      0.19044269   
   1206000   454.55195      1331.1983      1785.7503      206.67849      297.92492      0.19238042   
   1207000   485.91087      1353.0375      1838.9484      310.31918      302.81257      0.19150938   
   1208000   447.63402      1364.4752      1812.1092      361.08539      305.37235      0.18856613   
   1209000   461.44748      1328.0597      1789.5072      244.21265      297.2225       0.1856055    
   1210000   500.81024      1260.9315      1761.7418      114.24107      282.19906      0.18263141   
   1211000   446.52098      1340.0213      1786.5423      79.642085      299.89952      0.18016167   
   1212000   457.1682       1337.2116      1794.3798      92.443618      299.2707       0.17658298   
   1213000   494.31598      1307.9865      1802.3025      149.30538      292.73006      0.17241913   
   1214000   496.47184      1340.0238      1836.4956      123.5689       299.90007      0.17093219   
   1215000   499.77104      1329.3163      1829.0873      181.43591      297.50371      0.17444865   
   1216000   457.26495      1363.319       1820.584       236.49048      305.11359      0.18021818   
   1217000   460.53097      1374.6517      1835.1827      228.61807      307.64987      0.18364738   
   1218000   467.59554      1384.5353      1852.1309      188.53316      309.86185      0.18350815   
   1219000   464.30701      1383.1098      1847.4168      182.08162      309.54282      0.1824267    
   1220000   500.46918      1366.7043      1867.1734      150.70904      305.87122      0.17844367   
   1221000   527.34708      1308.5372      1835.8843      174.78132      292.85331      0.1743822    
   1222000   475.06533      1355.5602      1830.6255      195.84536      303.37715      0.17458391   
   1223000   488.63432      1330.4351      1819.0694      82.821556      297.7541       0.17572652   
   1224000   491.65923      1269.5822      1761.2414      85.612169      284.1351       0.18003747   
   1225000   480.26         1288.8578      1769.1177      107.19014      288.44901      0.18296326   
   1226000   483.78346      1308.2325      1792.0159      145.5675       292.78511      0.1816995    
   1227000   486.33763      1312.1762      1798.5138      167.67069      293.66772      0.17418791   
   1228000   502.09457      1328.7063      1830.8009      211.60775      297.36721      0.16981966   
   1229000   505.32418      1302.7949      1808.1191      160.19111      291.56818      0.16938625   
   1230000   456.83491      1346.3486      1803.1835      56.102067      301.31558      0.17260948   
   1231000   478.9785       1331.808       1810.7865     -0.37111049     298.06136      0.17769308   
   1232000   480.96174      1341.4012      1822.3629      11.478317      300.20833      0.18072161   
   1233000   495.40574      1351.4664      1846.8722      67.003839      302.46096      0.18062738   
   1234000   514.65467      1327.519       1842.1737      137.20719      297.10148      0.17996626   
   1235000   491.81147      1390.1168      1881.9283      179.39463      311.11099      0.17666963   
   1236000   504.98206      1364.3547      1869.3367      237.26868      305.34537      0.17306732   
   1237000   506.11219      1336.4691      1842.5813      239.79871      299.10453      0.1690865    
   1238000   492.04989      1331.6527      1823.7026      240.4873       298.02662      0.16707837   
   1239000   460.20218      1319.4903      1779.6924      252.77071      295.30463      0.16937689   
   1240000   498.608        1291.8188      1790.4268      241.81221      289.1117       0.17764591   
   1241000   471.26321      1291.5251      1762.7883      242.73748      289.04596      0.18366281   
   1242000   422.2093       1337.1235      1759.3328      257.50093      299.25098      0.18477555   
   1243000   458.29432      1334.9071      1793.2014      242.93835      298.75494      0.18304321   
   1244000   478.76105      1338.8597      1817.6207      189.94489      299.63954      0.17782283   
   1245000   498.31652      1343.6749      1841.9915      126.45711      300.71721      0.17432069   
   1246000   508.22523      1353.7893      1862.0146      30.916699      302.98083      0.17460037   
   1247000   507.89129      1373.8477      1881.739      -30.106274      307.46993      0.17786339   
   1248000   473.08402      1361.947       1835.0311      57.359555      304.80654      0.18177894   
   1249000   469.70677      1360.7445      1830.4513      49.572045      304.53741      0.18132269   
   1250000   486.34114      1357.5776      1843.9188      111.88467      303.82866      0.17987295   
   1251000   483.44065      1359.364       1842.8047      154.34502      304.22846      0.17715812   
   1252000   468.45261      1334.8948      1803.3474      163.09231      298.75219      0.17450835   
   1253000   481.28073      1322.6423      1803.923       132.96861      296.01006      0.17535893   
   1254000   479.84017      1325.534       1805.3742      79.131069      296.65724      0.18287295   
   1255000   467.39757      1325.9398      1793.3374      50.449645      296.74804      0.18885089   
   1256000   472.91527      1327.2838      1800.199       56.77581       297.04883      0.18779331   
   1257000   489.84101      1333.2167      1823.0577      51.705537      298.37663      0.182617     
   1258000   491.87277      1305.6761      1797.5488      69.160536      292.21298      0.17818859   
   1259000   498.94256      1269.4406      1768.3832      101.38892      284.10342      0.17612783   
   1260000   484.01084      1289.048       1773.0589      176.03382      288.4916       0.17721693   
   1261000   491.86517      1300.2171      1792.0822      239.60546      290.99125      0.17973858   
   1262000   493.07075      1319.9481      1813.0188      249.74317      295.40709      0.18045777   
   1263000   475.66896      1311.1494      1786.8183      233.59881      293.43792      0.17942328   
   1264000   446.68899      1361.4227      1808.1117      190.55083      304.68919      0.17813265   
   1265000   462.06308      1325.6315      1787.6946      132.27804      296.67906      0.17755696   
   1266000   497.97961      1301.509       1799.4886      119.79574      291.28039      0.17737647   
   1267000   466.40343      1340.0034      1806.4068      103.57182      299.8955       0.17796695   
   1268000   481.48996      1288.0093      1769.4993      95.016094      288.25913      0.18095638   
   1269000   474.03699      1333.9532      1807.9902      143.01976      298.54146      0.18649089   
   1270000   481.56588      1321.7948      1803.3607      122.72566      295.8204       0.19007964   
   1271000   474.95732      1326.0648      1801.0222      122.77335      296.77603      0.19307736   
   1272000   466.39568      1346.4179      1812.8136      120.4597       301.33109      0.19526841   
   1273000   449.44371      1381.5978      1831.0415      131.90367      309.20443      0.19620169   
   1274000   507.30773      1386.8698      1894.1776      139.78707      310.38432      0.19738043   
   1275000   473.2488       1365.2953      1838.5441      115.05238      305.5559       0.1933879    
   1276000   493.6224       1326.4417      1820.0641      117.7208       296.86038      0.18513057   
   1277000   495.25656      1312.7889      1808.0454      122.9969       293.80484      0.17891942   
   1278000   492.63462      1325.6678      1818.3025      127.40957      296.68719      0.17705117   
   1279000   494.62518      1321.7831      1816.4083      174.96283      295.81777      0.17966092   
   1280000   467.5325       1323.0186      1790.5511      214.03281      296.09429      0.18403776   
   1281000   449.45473      1311.2353      1760.69        179.27734      293.45715      0.19012624   
   1282000   464.98674      1334.1793      1799.1661      170.26413      298.59207      0.19545652   
   1283000   453.82028      1312.8605      1766.6808      128.47483      293.82087      0.19577742   
   1284000   455.75926      1338.3178      1794.0771      78.115527      299.51827      0.19169294   
   1285000   457.02226      1305.89        1762.9123      110.13661      292.26086      0.18671901   
   1286000   464.71485      1260.7198      1725.4346      81.952451      282.15167      0.18236391   
   1287000   469.29381      1320.3943      1789.6881      155.98459      295.50695      0.18084622   
   1288000   465.03594      1331.9514      1796.9873      130.63027      298.09346      0.18127911   
   1289000   487.16169      1321.1962      1808.3579      118.55593      295.68641      0.18242138   
   1290000   483.09417      1302.4966      1785.5908      67.543626      291.50142      0.1806072    
   1291000   458.65624      1275.8781      1734.5343      98.076119      285.54413      0.17687695   
   1292000   508.79245      1314.3286      1823.1211      101.46882      294.14944      0.17226626   
   1293000   482.8773       1328.5509      1811.4282      129.01656      297.33242      0.17089198   
   1294000   480.66839      1355.9315      1836.5999      151.35551      303.46025      0.1713645    
   1295000   481.5289       1358.931       1840.4599      178.16527      304.13154      0.17548226   
   1296000   501.16543      1338.6509      1839.8163      159.58168      299.59281      0.18244978   
   1297000   480.91581      1343.2337      1824.1495      165.96537      300.61846      0.18720082   
   1298000   474.36482      1333.4186      1807.7835      119.73698      298.42183      0.18404452   
   1299000   500.89076      1321.9784      1822.8692      74.832136      295.86149      0.17811509   
   1300000   475.39948      1339.9195      1815.319       130.13332      299.87674      0.17507991   
   1301000   487.28182      1335.979       1823.2608      78.136378      298.99484      0.17293893   
   1302000   457.65845      1365.0354      1822.6939      88.501744      305.49773      0.17276015   
   1303000   495.50248      1381.8677      1877.3701      87.218541      309.26482      0.17243541   
   1304000   515.13108      1339.0455      1854.1766      132.46691      299.68114      0.17398058   
   1305000   503.67273      1326.4715      1830.1442      155.35437      296.86704      0.17719743   
   1306000   451.69723      1356.4759      1808.1731      297.94939      303.58208      0.18614842   
   1307000   477.15954      1339.5791      1816.7386      371.28817      299.80055      0.19147992   
   1308000   479.39627      1343.911       1823.3072      313.34247      300.77003      0.1884496    
   1309000   474.27977      1346.2306      1820.5103      228.89514      301.28916      0.18200266   
   1310000   475.0151       1369.916       1844.9311      141.96144      306.59002      0.17764348   
   1311000   470.57971      1358.3619      1828.9416      87.400808      304.00418      0.17527702   
   1312000   510.80901      1322.6645      1833.4735      69.471958      296.01504      0.17419577   
   1313000   493.20012      1394.6476      1887.8477      114.82849      312.12499      0.17256393   
   1314000   489.34594      1389.8512      1879.1972      125.8082       311.05156      0.17095358   
   1315000   493.80515      1363.6954      1857.5005      147.89938      305.19782      0.17408841   
   1316000   493.06603      1360.0289      1853.0949      224.67824      304.37725      0.18127796   
   1317000   499.47756      1375.1387      1874.6163      288.28304      307.75887      0.18681637   
   1318000   461.20077      1367.2416      1828.4423      345.14021      305.99147      0.18793065   
   1319000   483.16539      1376.0774      1859.2428      256.36252      307.96895      0.18613096   
   1320000   484.61574      1356.3138      1840.9295      147.11683      303.5458       0.18345891   
   1321000   513.26091      1357.2293      1870.4902      76.17154       303.7507       0.18105382   
   1322000   523.39465      1321.2367      1844.6313      12.807441      295.69548      0.17846981   
   1323000   511.81874      1319.3111      1831.1298      2.6243504      295.26452      0.17385688   
   1324000   479.04195      1354.4826      1833.5245      73.66902       303.13598      0.17033315   
   1325000   500.32508      1332.8155      1833.1406      108.28775      298.28685      0.16915161   
   1326000   496.28611      1335.0268      1831.3129      125.7189       298.78174      0.17321375   
   1327000   469.76796      1324.7871      1794.5551      218.13157      296.49008      0.18176356   
   1328000   456.9938       1308.2769      1765.2707      224.13912      292.79504      0.18548839   
   1329000   481.05797      1297.4793      1778.5373      249.9723       290.37853      0.185325     
   1330000   456.03605      1338.0142      1794.0502      212.21709      299.45032      0.18358939   
   1331000   466.39905      1326.65        1793.049       138.40688      296.90699      0.17805889   
   1332000   499.42676      1320.1496      1819.5764      97.931463      295.45219      0.17391743   
   1333000   480.52594      1312.8167      1793.3426      122.23917      293.81106      0.17475078   
   1334000   465.27051      1304.1537      1769.4242      196.60462      291.87228      0.17682483   
   1335000   478.98114      1318.8284      1797.8095      235.94356      295.1565       0.1808104    
   1336000   459.86315      1355.9056      1815.7688      290.81961      303.45447      0.18639616   
   1337000   459.77355      1330.2274      1790.001       304.79725      297.70763      0.186556     
   1338000   465.42812      1334.5155      1799.9436      245.96722      298.66731      0.18538169   
   1339000   478.10351      1321.4881      1799.5916      125.69586      295.75175      0.18310403   
   1340000   492.2588       1383.5766      1875.8354      91.635929      309.64728      0.18081002   
   1341000   504.68501      1359.2218      1863.9068      75.42228       304.19662      0.17742648   
   1342000   487.17796      1384.0657      1871.2437      118.29063      309.75675      0.17395584   
   1343000   505.15557      1364.4806      1869.6362      150.54554      305.37357      0.174065     
   1344000   492.137        1358.7652      1850.9022      211.65137      304.09445      0.17710028   
   1345000   470.24651      1358.341       1828.5875      164.51493      303.9995       0.17992908   
   1346000   489.22518      1387.439       1876.6642      185.06918      310.5117       0.1864245    
   1347000   474.23065      1364.23        1838.4607      169.50006      305.31748      0.19379902   
   1348000   488.9978       1329.9962      1818.994       187.53377      297.65587      0.19394148   
   1349000   457.64548      1365.715       1823.3605      173.91153      305.64982      0.18643237   
   1350000   464.52728      1323.561       1788.0883      169.53147      296.21566      0.17952631   
   1351000   479.7524       1308.7093      1788.4617      129.23215      292.89183      0.17760139   
   1352000   471.14032      1364.1438      1835.2842      160.67152      305.29819      0.17919223   
   1353000   494.05842      1341.7994      1835.8578      178.21409      300.29745      0.18097085   
   1354000   477.35212      1328.0103      1805.3624      161.07952      297.21143      0.18040665   
   1355000   473.40606      1313.3218      1786.7278      195.33125      293.92411      0.178989     
   1356000   487.69044      1319.9203      1807.6108      163.43032      295.40088      0.17456249   
   1357000   508.17355      1316.9752      1825.1487      125.13295      294.74174      0.17124555   
   1358000   482.14962      1359.8594      1842.009       85.072623      304.33932      0.16764209   
   1359000   525.9656       1364.7113      1890.6769      79.257328      305.42518      0.16386191   
   1360000   536.91609      1379.0657      1915.9818      95.400544      308.63774      0.16164901   
   1361000   553.15156      1364.0263      1917.1779      129.53184      305.2719       0.16419188   
   1362000   530.49494      1336.2832      1866.7781      144.51336      299.06292      0.16990849   
   1363000   462.23066      1370.0706      1832.3012      204.40096      306.6246       0.1756262    
   1364000   467.74102      1362.8204      1830.5614      171.48834      305.002        0.18030338   
   1365000   469.97266      1340.7652      1810.7379      149.18816      300.066        0.18489108   
   1366000   454.00118      1311.2443      1765.2455      135.12091      293.45917      0.18915978   
   1367000   463.65123      1303.0546      1766.7058      167.66673      291.62629      0.18917075   
   1368000   474.84124      1319.1977      1794.0389      129.6524       295.23915      0.18542834   
   1369000   483.27779      1320.14        1803.4178      169.64659      295.45004      0.18406048   
   1370000   486.60384      1305.469       1792.0729      134.88026      292.16665      0.18040373   
   1371000   494.96405      1354.582       1849.546       153.8638       303.15823      0.17685277   
   1372000   495.4056       1350.6538      1846.0594      145.70911      302.27909      0.1754635    
   1373000   478.5182       1380.4916      1859.0098      154.24314      308.95685      0.18130848   
   1374000   483.57724      1345.9794      1829.5566      217.72172      301.23295      0.19399961   
   1375000   489.94962      1339.5103      1829.4599      122.2206       299.78516      0.19687742   
   1376000   464.80925      1365.0032      1829.8124      79.592065      305.49051      0.19382045   
   1377000   460.22433      1343.849       1804.0734      109.08273      300.75617      0.18905384   
   1378000   482.05901      1300.0106      1782.0697      151.99806      290.94505      0.18487959   
   1379000   492.04666      1324.3126      1816.3592      124.2005       296.38387      0.18037352   
   1380000   474.80301      1302.8425      1777.6455      173.49861      291.57883      0.17986236   
   1381000   455.61319      1339.5787      1795.1919      202.18754      299.80046      0.18080124   
   1382000   483.042        1317.6806      1800.7226      184.15795      294.89962      0.18069066   
   1383000   474.74902      1295.6593      1770.4083      185.22847      289.97121      0.18081145   
   1384000   466.37538      1332.9021      1799.2775      171.7874       298.30623      0.18157553   
   1385000   490.4088       1332.851       1823.2598      106.69188      298.29479      0.17928536   
   1386000   497.39206      1330.2128      1827.6049      121.92114      297.70436      0.1754242    
   1387000   499.14147      1423.1001      1922.2416      158.0837       318.49272      0.17476397   
   1388000   503.49943      1378.2437      1881.7432      221.80867      308.45378      0.1783381    
   1389000   453.50359      1398.8316      1852.3352      255.66603      313.06138      0.18478414   
   1390000   458.46124      1365.6258      1824.087       233.84255      305.62985      0.18998168   
   1391000   464.84279      1328.3418      1793.1846      200.74249      297.28562      0.19041795   
   1392000   453.92591      1299.5559      1753.4818      99.084544      290.84327      0.18801951   
   1393000   481.26312      1320.6996      1801.9627      31.354372      295.57529      0.18276563   
   1394000   494.21015      1308.8279      1803.0381     -24.713931      292.91837      0.17636685   
   1395000   479.44834      1331.1755      1810.6239     -4.3343886      297.91982      0.17471075   
   1396000   481.83902      1302.9871      1784.8261      112.96565      291.61118      0.17803508   
   1397000   493.32844      1306.278       1799.6065      256.25015      292.34771      0.18062446   
   1398000   495.91476      1326.603       1822.5177      309.3979       296.89646      0.18078434   
   1399000   494.23748      1346.7038      1840.9413      318.14607      301.39509      0.18375835   
   1400000   479.72987      1370.7363      1850.4662      329.06956      306.77361      0.18685959   
   1401000   497.31147      1398.4187      1895.7301      191.09347      312.96897      0.18677046   
   1402000   486.73698      1375.5813      1862.3183      138.38975      307.85792      0.18611261   
   1403000   493.63129      1362.4089      1856.0402      94.561637      304.90992      0.18425065   
   1404000   510.18648      1348.4808      1858.6673      96.625606      301.79277      0.1786423    
   1405000   517.322        1363.9335      1881.2555      117.31746      305.25113      0.16987419   
   1406000   514.1125       1348.5462      1862.6587      101.09052      301.8074       0.16878256   
   1407000   524.67698      1350.582       1875.2589      157.71046      302.26301      0.17305484   
   1408000   467.66237      1301.5758      1769.2382      201.1495       291.29534      0.17754764   
   1409000   472.95105      1331.5454      1804.4964      182.68598      298.00258      0.18220258   
   1410000   455.76247      1337.0428      1792.8053      161.46242      299.23292      0.18594118   
   1411000   477.08622      1334.5922      1811.6785      133.81791      298.68448      0.18789002   
   1412000   480.44116      1300.3103      1780.7514      77.436509      291.01211      0.18720791   
   1413000   488.02576      1325.2267      1813.2525      80.233604      296.58846      0.18582676   
   1414000   482.4542       1335.0714      1817.5256      57.214306      298.79172      0.1806132    
   1415000   479.80876      1333.3177      1813.1265      108.05495      298.39925      0.17574826   
   1416000   508.98602      1352.5002      1861.4863      190.09588      302.69233      0.17551773   
   1417000   488.21186      1353.7935      1842.0054      236.64645      302.98176      0.17805377   
   1418000   501.29074      1359.9466      1861.2373      192.27195      304.35884      0.18753809   
   1419000   477.1481       1369.3822      1846.5303      152.46655      306.47055      0.19327335   
   1420000   456.15974      1348.6736      1804.8334      126.74111      301.83593      0.19363023   
   1421000   484.58892      1333.1244      1817.7133      134.19414      298.35598      0.19217024   
   1422000   493.00257      1349.6534      1842.656       125.76837      302.05521      0.18668872   
   1423000   478.58919      1338.1073      1816.6965      146.47325      299.47117      0.18330764   
   1424000   491.33403      1342.8506      1834.1846      200.61823      300.53272      0.18122943   
   1425000   526.23952      1293.0564      1819.2959      229.12617      289.38867      0.17986867   
   1426000   461.67236      1305.0943      1766.7667      307.2743       292.08279      0.17980801   
   1427000   490.31503      1330.4063      1820.7213      358.855        297.74766      0.18076231   
   1428000   499.0324       1326.5552      1825.5876      345.6034       296.88577      0.1820622    
   1429000   498.74601      1300.4169      1799.1629      234.34381      291.03598      0.181041     
   1430000   495.9211       1294.7463      1790.6674      70.771762      289.76687      0.18058132   
   1431000   488.59699      1294.0816      1782.6786      51.838644      289.61811      0.18531133   
   1432000   487.6732       1356.0081      1843.6813      61.077655      303.47739      0.18921482   
   1433000   489.55909      1335.1693      1824.7284      125.67953      298.81364      0.19137075   
   1434000   481.89126      1381.2282      1863.1195      283.91595      309.12171      0.19511465   
   1435000   474.01003      1412.4882      1886.4982      352.14271      316.11775      0.19561602   
   1436000   481.66461      1370.3569      1852.0215      280.78667      306.68869      0.18890215   
   1437000   511.3523       1337.543       1848.8953      131.83222      299.34487      0.18005073   
   1438000   521.84346      1355.6065      1877.4499      45.825129      303.38751      0.1765756    
   1439000   516.87768      1387.8984      1904.7761     -6.4032713      310.61451      0.17648915   
   1440000   509.41123      1384.0709      1893.4822      15.458154      309.75792      0.17899087   
   1441000   494.90214      1355.9886      1850.8907      44.070408      303.47302      0.18400091   
   1442000   462.18418      1346.4787      1808.6628      49.027444      301.34469      0.18995943   
   1443000   462.19053      1320.5225      1782.713       149.03417      295.53564      0.19339709   
   1444000   444.99932      1315.4827      1760.482       188.70048      294.40772      0.19000013   
   1445000   466.09549      1331.4863      1797.5818      246.86853      297.98936      0.18644908   
   1446000   476.50788      1329.8363      1806.3442      271.44584      297.62009      0.18431295   
   1447000   516.92602      1302.2805      1819.2066      174.94157      291.45306      0.18282111   
   1448000   475.2838       1297.8882      1773.172       45.875272      290.47005      0.18044788   
   1449000   499.59141      1344.5705      1844.1619      2.6272615      300.91764      0.18157625   
   1450000   508.79054      1322.5569      1831.3474      63.687373      295.99094      0.18569188   
   1451000   485.08453      1342.4813      1827.5658      169.28043      300.45007      0.18903873   
   1452000   473.14456      1365.559       1838.7036      221.66571      305.61491      0.1904107    
   1453000   492.11898      1330.3725      1822.4915      273.91368      297.7401       0.18732249   
   1454000   503.45481      1358.0927      1861.5475      281.54831      303.94393      0.17723316   
   1455000   495.43808      1336.4479      1831.8859      209.45798      299.09978      0.16918307   
   1456000   540.61195      1349.8402      1890.4521      166.65139      302.09701      0.16957731   
   1457000   512.91149      1400.7808      1913.6923      84.351637      313.49762      0.17322017   
   1458000   510.55917      1337.881       1848.4401      109.88196      299.42051      0.18119116   
   1459000   482.65108      1342.3512      1825.0023      137.59553      300.42095      0.1854985    
   1460000   481.00314      1344.3977      1825.4009      114.28038      300.87897      0.18393743   
   1461000   489.81903      1321.874       1811.693       119.24078      295.83811      0.18192816   
   1462000   464.97399      1346.0951      1811.0691      165.27001      301.25885      0.1819344    
   1463000   495.14891      1336.0652      1831.2141      220.47234      299.01413      0.18358598   
   1464000   469.01543      1349.3435      1818.3589      291.52864      301.98585      0.18617994   
   1465000   451.91949      1314.563       1766.4825      310.84465      294.2019       0.18773991   
   1466000   432.38695      1300.1256      1732.5125      210.75078      290.97077      0.18677878   
   1467000   477.2807       1315.2546      1792.5353      142.04548      294.35668      0.18452186   
   1468000   494.27164      1315.0785      1809.3502      97.288945      294.31728      0.18152242   
   1469000   488.68268      1308.4544      1797.1371      51.414552      292.83478      0.17416606   
   1470000   478.57946      1307.4982      1786.0777      71.742071      292.62078      0.17112449   
   1471000   513.17816      1324.4495      1837.6276      149.18687      296.41451      0.17447595   
   1472000   494.89309      1336.9623      1831.8554      190.10872      299.2149       0.17806433   
   1473000   497.45526      1378.312       1875.7673      199.26577      308.46906      0.18034952   
   1474000   485.83057      1356.9616      1842.7922      133.51044      303.6908       0.18010289   
   1475000   491.45357      1331.3595      1822.8131      72.359801      297.96099      0.17880307   
   1476000   493.55735      1343.4975      1837.0549      56.931039      300.6775       0.17807763   
   1477000   474.69032      1342.2049      1816.8952      68.760227      300.38821      0.17827357   
   1478000   469.02446      1288.9772      1758.0016      74.538505      288.47574      0.17973115   
   1479000   487.52907      1299.466       1786.9951      132.4274       290.82316      0.18113193   
   1480000   486.18552      1326.654       1812.8395      182.6817       296.90789      0.18236376   
   1481000   466.85266      1316.8446      1783.6972      220.69084      294.71251      0.18200503   
   1482000   487.76486      1303.056       1790.8208      212.35606      291.6266       0.17884254   
   1483000   476.61757      1315.7417      1792.3593      188.8319       294.46569      0.17726806   
   1484000   469.41862      1329.4218      1798.8404      204.40386      297.52733      0.17853367   
   1485000   462.18454      1324.6235      1786.808       170.94716      296.45346      0.17865633   
   1486000   480.07021      1292.2433      1772.3135      127.52158      289.2067       0.17735266   
   1487000   468.75052      1281.4993      1750.2498      94.600161      286.80217      0.17801933   
   1488000   487.91592      1315.0161      1802.932       120.28493      294.3033       0.18259505   
   1489000   460.93161      1360.4587      1821.3903      182.25195      304.47344      0.18722223   
   1490000   473.03134      1363.8935      1836.9248      237.83395      305.24216      0.19150612   
   1491000   486.66219      1349.0803      1835.7425      224.23345      301.92694      0.19137726   
   1492000   484.03578      1349.0271      1833.0629      222.79634      301.91504      0.18293076   
   1493000   487.94754      1377.0488      1864.9963      151.73151      308.18634      0.17486656   
   1494000   504.27632      1356.7232      1860.9995      120.33701      303.63744      0.17337817   
   1495000   506.78615      1351.743       1858.5292      122.13951      302.52287      0.17313195   
   1496000   497.4551       1352.6074      1850.0625      111.81578      302.71632      0.17478236   
   1497000   485.66136      1378.1663      1863.8276      197.92523      308.43644      0.18109474   
   1498000   501.23366      1334.9836      1836.2173      205.61345      298.77207      0.18672374   
   1499000   485.31851      1354.1982      1839.5167      246.81321      303.07233      0.18877925   
   1500000   462.94245      1350.8244      1813.7669      245.8367       302.31728      0.18812649   
   1501000   482.20054      1356.4312      1838.6318      209.92377      303.57209      0.18702738   
   1502000   469.98398      1343.0982      1813.0822      145.12954      300.58814      0.1843479    
   1503000   519.99486      1350.6238      1870.6187      101.63917      302.27238      0.18109698   
   1504000   491.64387      1336.8812      1828.525       53.519092      299.19675      0.17641768   
   1505000   510.24628      1302.8331      1813.0794      19.52463       291.57673      0.17196941   
   1506000   499.40053      1303.7152      1803.1157      33.646998      291.77414      0.17260178   
   1507000   496.50256      1309.5396      1806.0422      88.520895      293.07765      0.17791534   
   1508000   485.28674      1303.7346      1789.0213      131.80077      291.77847      0.18540619   
   1509000   479.4905       1359.5637      1839.0542      184.15894      304.27315      0.1895833    
   1510000   473.55249      1357.4987      1831.0512      163.01144      303.811        0.1881432    
   1511000   471.06169      1354.2526      1825.3143      101.35946      303.08451      0.18504047   
   1512000   520.69961      1361.5683      1882.2679      95.371532      304.72178      0.18488842   
   1513000   475.83276      1384.1489      1859.9817      147.76715      309.77538      0.18397644   
   1514000   466.25509      1367.4641      1833.7191      185.08618      306.04126      0.17894876   
   1515000   490.08642      1352.597       1842.6834      144.91875      302.71398      0.17235682   
   1516000   515.71723      1334.7955      1850.5127      142.87994      298.72998      0.1695695    
   1517000   475.55252      1351.9826      1827.5351      81.734199      302.57649      0.1694332    
   1518000   494.61772      1295.0052      1789.6229      88.391026      289.82481      0.17456144   
   1519000   471.23657      1346.3428      1817.5793      110.52041      301.31427      0.17928775   
   1520000   468.14371      1327.5863      1795.73        138.71028      297.11654      0.17945725   
   1521000   471.51629      1304.3398      1775.8561      191.66607      291.91392      0.17778156   
   1522000   491.80726      1297.6553      1789.4626      225.08574      290.41793      0.17798284   
   1523000   469.61941      1340.5908      1810.2102      319.38199      300.02696      0.18515177   
   1524000   461.93334      1340.4246      1802.3579      322.76144      299.98977      0.19110985   
   1525000   474.02452      1290.1346      1764.1592      238.20674      288.73478      0.19286201   
   1526000   461.58401      1335.8742      1797.4582      123.52957      298.97139      0.19093507   
   1527000   466.76954      1336.9149      1803.6844     -10.181879      299.2043       0.18207889   
   1528000   493.45924      1268.9577      1762.417      -16.80511       283.99534      0.17530272   
   1529000   491.90289      1287.3058      1779.2087      66.637679      288.10168      0.17579649   
   1530000   459.94247      1335.3568      1795.2993      132.79732      298.8556       0.17809673   
   1531000   485.54361      1318.2149      1803.7585      196.01394      295.0192       0.18152003   
   1532000   460.91291      1322.4255      1783.3384      177.81587      295.96155      0.18491705   
   1533000   479.88043      1288.9439      1768.8244      170.0668       288.4683       0.18700449   
   1534000   470.73477      1338.0092      1808.7439      163.13063      299.4492       0.1878399    
   1535000   466.92368      1349.8328      1816.7565      167.12873      302.09535      0.1865933    
   1536000   463.97188      1368.2697      1832.2416      167.03132      306.22156      0.18051715   
   1537000   508.33607      1358.1026      1866.4387      215.94501      303.94615      0.17485466   
   1538000   507.95408      1378.5835      1886.5376      266.80417      308.52982      0.17126055   
   1539000   489.96858      1357.2373      1847.2059      232.41705      303.75249      0.17155276   
   1540000   497.39483      1340.1476      1837.5424      225.40417      299.92777      0.17850239   
   1541000   495.04171      1362.2715      1857.3132      235.22323      304.87916      0.18408776   
   1542000   480.14827      1386.7944      1866.9426      205.40448      310.36742      0.18328479   
   1543000   469.24962      1346.8406      1816.0902      205.54722      301.42569      0.18041606   
   1544000   498.20535      1347.012       1845.2174      144.2416       301.46406      0.17866212   
   1545000   486.21287      1345.7026      1831.9155      118.9131       301.171        0.17748881   
   1546000   501.70272      1366.7855      1868.4882      120.82231      305.88939      0.1748633    
   1547000   506.58361      1348.5046      1855.0882      129.56966      301.7981       0.17153711   
   1548000   487.08547      1333.9955      1821.0809      152.76057      298.55092      0.17030888   
   1549000   468.0428       1319.465       1787.5078      223.8357       295.29898      0.17303079   
   1550000   483.46435      1293.3764      1776.8407      244.91108      289.46029      0.17892648   
   1551000   459.88462      1302.2995      1762.1841      256.17096      291.45729      0.18572402   
   1552000   475.06057      1344.8275      1819.8881      233.78525      300.97516      0.18793065   
   1553000   471.05451      1359.0299      1830.0845      193.05035      304.15369      0.1870405    
   1554000   470.05649      1353.2031      1823.2596      125.83305      302.84963      0.18548494   
   1555000   483.44096      1357.7859      1841.2269      82.555782      303.87528      0.18297788   
   1556000   526.85775      1397.8481      1924.7058      22.59139       312.84126      0.179779     
   1557000   473.25421      1399.3704      1872.6246      94.586281      313.18197      0.17777259   
   1558000   505.12203      1355.6086      1860.7306      111.87686      303.38799      0.17343524   
   1559000   506.95264      1350.3176      1857.2702      172.08894      302.20385      0.17231621   
   1560000   503.90024      1349.8276      1853.7278      278.51647      302.09418      0.17273991   
   1561000   543.11332      1405.8659      1948.9793      336.10447      314.63568      0.17580573   
   1562000   491.03797      1379.8017      1870.8397      303.9956       308.80245      0.18163531   
   1563000   499.07018      1335.5053      1834.5755      261.17946      298.88883      0.18648602   
   1564000   475.27949      1376.5761      1851.8556      147.46595      308.08056      0.18537603   
   1565000   529.24932      1329.265       1858.5143      26.851142      297.49223      0.17958147   
   1566000   517.2323       1370.1251      1887.3574      1.6519951      306.63681      0.17454117   
   1567000   503.29851      1345.3879      1848.6864      47.981846      301.10058      0.17211705   
   1568000   484.95323      1343.8003      1828.7535      108.71732      300.74526      0.1740125    
   1569000   516.3436       1354.5888      1870.9324      144.12524      303.15976      0.17639602   
   1570000   517.03336      1321.86        1838.8933      144.43683      295.83498      0.17630913   
   1571000   489.62895      1376.391       1866.0199      136.95868      308.03913      0.17765679   
   1572000   471.16635      1357.7994      1828.9657      133.74521      303.87829      0.17735058   
   1573000   486.51344      1359.0971      1845.6105      97.773697      304.16872      0.17360915   
   1574000   478.38422      1342.9454      1821.3296      106.89329      300.55394      0.16942461   
   1575000   506.31147      1349.2233      1855.5348      136.38962      301.95894      0.16660303   
   1576000   495.0426       1340.5551      1835.5977      157.15123      300.01897      0.16600223   
   1577000   512.54172      1291.4618      1804.0035      192.40534      289.0318       0.17115932   
   1578000   481.41551      1340.7788      1822.1943      261.69323      300.06905      0.17768344   
   1579000   476.44474      1329.0166      1805.4614      237.56232      297.43665      0.17839927   
   1580000   512.22967      1301.4976      1813.7273      210.70826      291.27784      0.17922603   
   1581000   459.60019      1353.955       1813.5552      204.93157      303.01791      0.18072036   
   1582000   467.38298      1311.77        1779.153       177.82293      293.57682      0.18104189   
   1583000   475.86896      1306.4862      1782.3551      131.63566      292.39429      0.18257117   
   1584000   498.49472      1292.0894      1790.5841      133.72373      289.17225      0.1802906    
   1585000   481.0425       1292.3522      1773.3947      167.01996      289.23107      0.17332586   
   1586000   460.62981      1349.63        1810.2598      144.216        302.04997      0.16727859   
   1587000   511.59258      1312.8465      1824.4391      105.21552      293.81774      0.17005088   
   1588000   503.74553      1275.3549      1779.1004      71.354765      285.42704      0.17620553   
   1589000   466.66511      1347.8684      1814.5335     -15.938913      301.65571      0.18176847   
   1590000   487.35073      1326.8995      1814.2502     -19.258836      296.96283      0.18487137   
   1591000   489.7049       1316.9266      1806.6315      52.933487      294.73088      0.18496059   
   1592000   481.99584      1324.4438      1806.4396      209.99884      296.41324      0.18483876   
   1593000   471.73795      1324.641       1796.379       254.87208      296.45739      0.18235215   
   1594000   478.69638      1279.1232      1757.8196      230.64896      286.27039      0.18101136   
   1595000   481.13725      1300.138       1781.2753      154.35392      290.97355      0.18074346   
   1596000   483.23525      1343.1935      1826.4288      38.270449      300.60947      0.18101525   
   1597000   484.90433      1326.0962      1811.0005      8.8655151      296.78305      0.18293994   
   1598000   471.75725      1345.1665      1816.9237      115.49062      301.05101      0.1876101    
   1599000   475.22449      1389.4245      1864.649       193.75942      310.95605      0.19267948   
   1600000   508.62096      1368.0151      1876.636       328.5261       306.16458      0.19758193   
   1601000   483.85094      1358.8899      1842.7408      327.66455      304.12234      0.19646585   
   1602000   486.8005       1350.4144      1837.2149      292.98061      302.22552      0.1919276    
   1603000   477.06994      1364.1318      1841.2017      177.39974      305.29549      0.18343906   
   1604000   479.94611      1379.7968      1859.7429      121.09818      308.80135      0.17790634   
   1605000   501.9175       1369.2887      1871.2062      56.439174      306.44962      0.17749167   
   1606000   522.81475      1356.0364      1878.8512      77.766494      303.48373      0.17929289   
   1607000   491.96435      1344.9203      1836.8847      86.098689      300.99592      0.18189643   
   1608000   490.27703      1319.6617      1809.9387      106.82686      295.343        0.18438157   
   1609000   480.56848      1287.5877      1768.1561      120.18734      288.16476      0.183044     
   1610000   483.89126      1328.8527      1812.744       129.9242       297.39997      0.17757735   
   1611000   498.07647      1338.3315      1836.408       154.32105      299.52134      0.17368466   
   1612000   497.3082       1347.6967      1845.0049      169.82305      301.6173       0.17336345   
   1613000   475.83894      1361.2695      1837.1085      235.82181      304.65492      0.17779017   
   1614000   471.00333      1363.1491      1834.1524      310.42144      305.07556      0.18834277   
   1615000   483.27229      1349.4388      1832.7111      323.2785       302.00717      0.19213369   
   1616000   468.64775      1381.7072      1850.355       281.63766      309.22892      0.18894421   
   1617000   497.63143      1390.2407      1887.8721      202.04044      311.13871      0.18343076   
   1618000   495.71601      1372.618       1868.334       135.90399      307.19472      0.17679924   
   1619000   505.17628      1371.738       1876.9143      58.524635      306.99778      0.17441175   
   1620000   506.12812      1342.2016      1848.3297      51.888156      300.38746      0.17610774   
   1621000   486.84267      1356.7421      1843.5848      134.98403      303.64166      0.17866169   
   1622000   495.56731      1312.7529      1808.3202      217.04636      293.79679      0.18042623   
   1623000   470.05126      1343.0205      1813.0718      304.09397      300.57075      0.18263294   
   1624000   447.93928      1351.3511      1799.2904      269.84783      302.43515      0.1885292    
   1625000   450.44661      1307.5697      1758.0164      212.4427       292.63679      0.1954289    
   1626000   439.02005      1317.7249      1756.745       91.91123       294.90955      0.19820531   
   1627000   454.12295      1276.2941      1730.417       7.3573729      285.63723      0.19708664   
   1628000   455.64533      1323.0779      1778.7232      64.68577       296.10755      0.19612521   
   1629000   455.89219      1330.224       1786.1162      147.84925      297.70686      0.19370001   
   1630000   475.32637      1376.6428      1851.9691      185.6806       308.09548      0.18595573   
   1631000   495.37612      1351.4881      1846.8642      289.20448      302.4658       0.18055674   
   1632000   476.38809      1385.3691      1861.7572      258.63286      310.04844      0.18007191   
   1633000   503.86582      1350.8703      1854.7361      202.83926      302.32754      0.18447217   
   1634000   467.86789      1367.5477      1835.4156      128.12646      306.05998      0.18827869   
   1635000   510.15647      1356.9778      1867.1342      115.95464      303.69441      0.19222913   
   1636000   479.80258      1375.233       1855.0356      161.44734      307.77997      0.19254407   
   1637000   471.42191      1381.7992      1853.2211      182.17758      309.2495       0.18906077   
   1638000   503.55159      1387.7699      1891.3215      167.80151      310.58575      0.18393868   
   1639000   485.95238      1364.089       1850.0413      162.72199      305.28591      0.17882175   
   1640000   512.11058      1344.4315      1856.5421      228.6928       300.88654      0.17777554   
   1641000   490.95821      1330.8992      1821.8574      244.07625      297.85797      0.1787034    
   1642000   496.91341      1383.6619      1880.5753      246.84015      309.66636      0.17950303   
   1643000   456.29292      1430.8382      1887.1311      256.33475      320.22453      0.17823366   
   1644000   523.11939      1355.678       1878.7974      203.2508       303.40352      0.17788365   
   1645000   511.92615      1342.0762      1854.0024      172.70442      300.35941      0.17848058   
   1646000   512.43025      1368.8669      1881.2972      174.89924      306.35522      0.18146812   
   1647000   486.27135      1361.2315      1847.5029      140.38509      304.64641      0.18447343   
   1648000   500.57559      1353.4972      1854.0728      132.73866      302.91546      0.18736882   
   1649000   469.66543      1351.6631      1821.3285      144.33132      302.50498      0.18705822   
   1650000   513.21479      1385.7015      1898.9163      116.63006      310.12285      0.18206685   
   1651000   486.19798      1351.9957      1838.1937      236.57059      302.57942      0.17738254   
   1652000   490.34964      1339.8238      1830.1735      318.60828      299.85533      0.17373834   
   1653000   520.68631      1322.4686      1843.1549      320.23969      295.97119      0.17188629   
   1654000   506.96443      1315.2         1822.1644      148.4952       294.34445      0.17324098   
   1655000   481.64233      1305.7119      1787.3542      29.530457      292.221        0.18280912   
   1656000   458.61011      1339.7595      1798.3696     -104.99759      299.84093      0.1915716    
   1657000   472.81533      1315.6977      1788.513      -104.32858      294.45585      0.19501837   
   1658000   487.79257      1301.6198      1789.4124      12.392554      291.30519      0.19267597   
   1659000   475.25013      1391.3023      1866.5524      138.32406      311.3763       0.18704059   
   1660000   493.87614      1396.4801      1890.3563      247.31033      312.53512      0.18417586   
   1661000   511.09446      1354.8156      1865.9101      297.31568      303.21051      0.1819275    
   1662000   507.79185      1333.3978      1841.1897      302.47281      298.41717      0.17991541   
   1663000   467.39438      1334.366       1801.7604      192.86991      298.63385      0.17738712   
   1664000   497.50191      1315.8912      1813.3931      85.879368      294.49915      0.17566687   
   1665000   497.35452      1320.0911      1817.4456      77.615374      295.43909      0.17470251   
   1666000   476.3679       1329.7374      1806.1053      128.69271      297.59797      0.176876     
   1667000   467.18846      1349.7083      1816.8968      187.34695      302.06749      0.18367544   
   1668000   479.47732      1363.7941      1843.2714      239.88008      305.21992      0.189596     
   1669000   490.56388      1416.1164      1906.6802      224.62208      316.92975      0.19121712   
   1670000   492.84738      1367.736       1860.5834      183.84372      306.10212      0.18677682   
   1671000   473.60233      1367.914       1841.5163      178.15164      306.14195      0.17973756   
   1672000   511.78996      1342.6254      1854.4153      169.36343      300.48231      0.17836137   
   1673000   482.24355      1394.933       1877.1765      221.37299      312.18886      0.18141436   
   1674000   486.15574      1365.1626      1851.3183      229.5345       305.52618      0.1848429    
   1675000   488.78361      1387.759       1876.5426      213.12767      310.58331      0.18669264   
   1676000   461.19271      1377.3735      1838.5662      195.93146      308.25902      0.18764005   
   1677000   492.69565      1345.5932      1838.2888      123.49547      301.14651      0.18594605   
   1678000   488.20535      1360.8418      1849.0471      119.74037      304.55919      0.18324288   
   1679000   491.04106      1361.2775      1852.3186      132.72294      304.65671      0.17842606   
   1680000   519.30685      1342.9737      1862.2805      144.49517      300.56027      0.17337188   
   1681000   526.8443       1363.311       1890.1552      153.72812      305.11179      0.17101746   
   1682000   511.99575      1306.105       1818.1007      85.35843       292.30898      0.17208442   
   1683000   495.51959      1328.4809      1824.0005      36.17343       297.31676      0.17672074   
   1684000   500.18824      1302.9671      1803.1553      65.091078      291.60671      0.182779     
   1685000   438.21679      1328.6986      1766.9154      145.52681      297.36547      0.1972986    
   1686000   475.35546      1314.3175      1789.673       214.40531      294.14696      0.1998124    
   1687000   477.88114      1306.6418      1784.5229      219.32493      292.42911      0.19355279   
   1688000   466.83724      1348.4876      1815.3248      249.23612      301.79429      0.18651563   
   1689000   512.53021      1383.9208      1896.451       321.74259      309.72432      0.18247629   
   1690000   503.82383      1380.7019      1884.5258      274.68855      309.00392      0.17721761   
   1691000   501.87547      1367.6367      1869.5121      244.52372      306.07989      0.17414326   
   1692000   493.92763      1377.2213      1871.149       251.84666      308.22496      0.17424179   
   1693000   513.21949      1419.5203      1932.7398      224.75714      317.69155      0.17540422   
   1694000   530.4827       1375.3196      1905.8023      141.53736      307.79935      0.17640229   
   1695000   519.03189      1336.8906      1855.9225      85.079935      299.19886      0.17904057   
   1696000   485.84163      1348.1832      1834.0248      83.167712      301.72616      0.18683585   
   1697000   451.60013      1369.2789      1820.8791      106.11274      306.44743      0.19396294   
   1698000   461.62187      1365.7298      1827.3517      171.48314      305.65314      0.19406748   
   1699000   469.3088       1345.8698      1815.1786      215.98021      301.20843      0.18836549   
   1700000   479.03644      1316.5078      1795.5442      243.81164      294.63715      0.18348038   
   1701000   490.77711      1327.7732      1818.5504      268.0495       297.15838      0.18139528   
   1702000   493.5938       1311.038       1804.6318      293.51178      293.413        0.18102398   
   1703000   491.0277       1319.9684      1810.9961      250.17204      295.41164      0.18307776   
   1704000   481.02699      1290.0235      1771.0504      169.22658      288.7099       0.18555659   
   1705000   490.30704      1289.3631      1779.6702      139.93883      288.56212      0.18681161   
   1706000   487.0851       1316.7765      1803.8616      130.57044      294.69728      0.18404306   
   1707000   493.42118      1330.6082      1824.0294      138.94551      297.79285      0.17767865   
   1708000   495.50895      1347.8891      1843.398       170.50499      301.66035      0.1740124    
   1709000   481.30509      1396.6129      1877.918       221.34962      312.56484      0.17728451   
   1710000   487.99978      1416.8649      1904.8646      253.85943      317.09726      0.1831008    
   1711000   504.75055      1348.3933      1853.1438      280.06982      301.77318      0.18732883   
   1712000   527.52213      1364.0363      1891.5584      213.00129      305.27412      0.18647815   
   1713000   493.80418      1409.5165      1903.3207      138.55337      315.45269      0.18303502   
   1714000   487.05884      1376.276       1863.3349      50.293607      308.0134       0.17927251   
   1715000   491.50601      1350.4096      1841.9156     -4.0968215      302.22444      0.17752289   
   1716000   516.90025      1324.3379      1841.2381     -21.934304      296.38953      0.17959613   
   1717000   493.21062      1350.2709      1843.4815      63.031423      302.19341      0.186008     
   1718000   493.99335      1337.1426      1831.1359      130.53523      299.25525      0.19200033   
   1719000   485.67595      1350.8096      1836.4855      218.43275      302.31396      0.19508958   
   1720000   462.52669      1362.9399      1825.4666      243.1667       305.02876      0.19148783   
   1721000   453.25933      1367.2218      1820.4811      243.20096      305.98704      0.18267214   
   1722000   516.50737      1389.2199      1905.7273      178.49851      310.91027      0.17867709   
   1723000   504.42302      1400.222       1904.645       150.14311      313.37256      0.17760981   
   1724000   485.65751      1385.0824      1870.7399      140.02283      309.98429      0.18052186   
   1725000   472.9646       1368.7622      1841.7268      120.00245      306.3318       0.18555053   
   1726000   489.80726      1338.2071      1828.0144      136.37348      299.4935       0.18905782   
   1727000   491.2349       1358.6901      1849.925       122.93092      304.07764      0.18984068   
   1728000   487.39097      1342.9587      1830.3496      188.55967      300.55691      0.19168528   
   1729000   494.35869      1365.0363      1859.395       228.997        305.49793      0.1904301    
   1730000   495.97127      1303.1767      1799.148       204.46066      291.65363      0.18204238   
   1731000   471.34967      1365.3489      1836.6986      142.54302      305.56788      0.1747075    
   1732000   517.77147      1330.3683      1848.1398      76.043532      297.73917      0.17362301   
   1733000   506.54844      1353.9182      1860.4666      3.8494304      303.00967      0.17646097   
   1734000   484.19221      1347.8324      1832.0247      112.869        301.64767      0.17977094   
   1735000   509.64795      1413.6911      1923.339       169.3853       316.38697      0.17981788   
   1736000   498.13139      1356.1319      1854.2633      247.43011      303.5051       0.17810224   
   1737000   475.21921      1349.3486      1824.5678      334.28894      301.98698      0.17955409   
   1738000   516.01037      1311.3631      1827.3735      297.6151       293.48576      0.18374536   
   1739000   470.03422      1320.7571      1790.7913      186.52287      295.58815      0.18534746   
   1740000   452.09149      1300.7811      1752.8726      109.31775      291.11748      0.18498383   
   1741000   472.4314       1314.4914      1786.9228      88.421298      294.18588      0.18439334   
   1742000   502.06781      1336.1779      1838.2457      63.290039      299.03936      0.18287427   
   1743000   467.45651      1349.3951      1816.8516      88.330683      301.99739      0.17819103   
   1744000   531.99753      1298.4267      1830.4242      112.07966      290.59056      0.17342149   
   1745000   502.58979      1313.6622      1816.252       167.42587      294.0003       0.17433798   
   1746000   501.29126      1337.6062      1838.8975      189.62345      299.35901      0.18118295   
   1747000   498.63218      1330.2656      1828.8978      85.484779      297.71618      0.18657903   
   1748000   496.76055      1341.9357      1838.6962      11.191479      300.32796      0.18735422   
   1749000   511.5027       1323.6709      1835.1736      83.137139      296.24027      0.18657264   
   1750000   495.00283      1341.3245      1836.3273      174.66306      300.19118      0.18371832   
   1751000   512.00249      1382.5987      1894.6012      259.4194       309.42842      0.18091001   
   1752000   515.12102      1354.807       1869.928       269.09207      303.20859      0.17705758   
   1753000   496.20051      1366.7151      1862.9156      194.62034      305.87364      0.17271904   
   1754000   498.40168      1369.5287      1867.9303      139.86909      306.50333      0.17132097   
   1755000   517.38849      1371.1053      1888.4938      150.40649      306.85619      0.17532961   
   1756000   507.21769      1334.035       1841.2526      173.4503       298.55976      0.18143351   
   1757000   478.94908      1343.6132      1822.5623      140.0667       300.7034       0.18445385   
   1758000   483.38387      1354.9716      1838.3555      128.03207      303.24542      0.18566014   
   1759000   506.95887      1365.6179      1872.5768      158.31339      305.6281       0.18158393   
   1760000   529.48209      1343.0013      1872.4834      191.26106      300.56644      0.17127459   
   1761000   517.36089      1378.4237      1895.7846      218.2451       308.49406      0.16867974   
   1762000   497.02846      1419.8238      1916.8523      233.78356      317.75948      0.17107329   
   1763000   495.88542      1382.9353      1878.8207      150.80721      309.50375      0.17470261   
   1764000   512.48791      1349.8856      1862.3735      137.86333      302.10716      0.17598534   
   1765000   491.50171      1373.4595      1864.9612      135.21499      307.38306      0.17436823   
   1766000   499.17824      1407.955       1907.1333      189.68434      315.10322      0.17529844   
   1767000   518.26332      1347.472       1865.7353      251.92179      301.56699      0.176251     
   1768000   493.54337      1353.1423      1846.6856      246.95831      302.83601      0.17790643   
   1769000   509.65007      1352.7869      1862.437       209.9158       302.75649      0.18485892   
   1770000   473.04792      1374.2396      1847.2875      174.71602      307.55764      0.18847198   
   1771000   496.18485      1366.2344      1862.4193      86.829014      305.76607      0.1877916    
   1772000   455.96221      1327.876       1783.8383      76.744719      297.18138      0.18676181   
   1773000   493.44011      1344.9981      1838.4382      61.890453      301.01334      0.18157951   
   1774000   500.21871      1347.6149      1847.8336      100.81206      301.59898      0.17307684   
   1775000   506.71693      1376.959       1883.6759      182.68818      308.16625      0.16986164   
   1776000   495.27254      1372.6047      1867.8772      162.97227      307.19174      0.16841867   
   1777000   531.64318      1356.255       1887.8982      127.16332      303.53265      0.17048495   
   1778000   492.70706      1356.5956      1849.3027      118.98488      303.60888      0.17313968   
   1779000   484.22787      1394.9332      1879.1611      141.6661       312.18891      0.17539368   
   1780000   518.81193      1390.5645      1909.3765      126.68969      311.2112       0.17569567   
   1781000   490.40804      1374.4326      1864.8407      147.63644      307.60084      0.17666237   
   1782000   498.48163      1351.4941      1849.9757      214.49917      302.46714      0.17785173   
   1783000   501.28693      1366.8923      1868.1792      256.30564      305.9133       0.17901942   
   1784000   479.36118      1364.6001      1843.9613      276.72808      305.40031      0.18139706   
   1785000   491.78676      1370.9543      1862.741       270.12607      306.82238      0.18182092   
   1786000   510.80083      1349.3692      1860.17        206.17176      301.9916       0.17951001   
   1787000   503.49806      1385.4243      1888.9224      101.45786      310.06081      0.17699082   
   1788000   507.32014      1352.5196      1859.8397      76.32749       302.69666      0.17423811   
   1789000   500.35597      1342.9586      1843.3146      115.21011      300.5569       0.17419256   
   1790000   494.46107      1341.2041      1835.6652      177.62264      300.16424      0.18015644   
   1791000   492.01653      1381.0623      1873.0788      160.5846       309.08457      0.18742077   
   1792000   487.36549      1367.5626      1854.928       154.19219      306.06331      0.18950741   
   1793000   484.32257      1345.3691      1829.6917      71.814116      301.09636      0.18466315   
   1794000   476.83885      1355.5093      1832.3482      64.071025      303.36577      0.1799544    
   1795000   491.06591      1349.5978      1840.6638      100.94892      302.04277      0.17958377   
   1796000   485.53972      1328.8591      1814.3988      148.91796      297.4014       0.18160467   
   1797000   491.12545      1326.7901      1817.9156      250.31339      296.93835      0.18570623   
   1798000   480.6784       1337.3183      1817.9967      271.4551       299.29458      0.18441096   
   1799000   465.06005      1298.8826      1763.9426      264.85124      290.69258      0.18142699   
   1800000   488.84634      1283.1846      1772.031       115.55862      287.17935      0.17781137   
   1801000   491.92323      1334.8903      1826.8135      123.74339      298.75119      0.17772532   
   1802000   494.74059      1321.8815      1816.6221      123.4314       295.8398       0.17730835   
   1803000   515.37951      1344.8743      1860.2538      82.482514      300.98564      0.17610925   
   1804000   483.919        1371.7865      1855.7055      197.23577      307.00864      0.17934573   
   1805000   471.46244      1328.8641      1800.3265      240.52055      297.40251      0.18382077   
   1806000   494.76353      1306.3922      1801.1558      255.43689      292.37326      0.18975309   
   1807000   464.92968      1321.1986      1786.1283      189.81037      295.68696      0.19270986   
   1808000   485.11344      1303.6573      1788.7707      190.35735      291.76117      0.19244564   
   1809000   466.38109      1306.6706      1773.0517      130.43264      292.43557      0.18790392   
   1810000   469.34698      1345.0506      1814.3975      144.06523      301.02508      0.17904574   
   1811000   508.93668      1392.2699      1901.2065      104.01968      311.59285      0.17253638   
   1812000   514.30963      1384.2459      1898.5556      116.19703      309.79708      0.17003154   
   1813000   504.51384      1356.9311      1861.4449      119.07027      303.68396      0.16997531   
   1814000   514.34153      1326.4279      1840.7694      124.96051      296.85729      0.1710292    
   1815000   514.94757      1347.5202      1862.4678      85.187085      301.57778      0.1746554    
   1816000   508.93881      1363.3981      1872.3369      155.78183      305.1313       0.18172284   
   1817000   496.05638      1388.5529      1884.6093      120.82117      310.76099      0.18345965   
   1818000   484.22656      1360.8493      1845.0759      143.09568      304.56087      0.18300414   
   1819000   471.4239       1361.1185      1832.5424      189.87984      304.62111      0.18192534   
   1820000   477.77094      1391.0574      1868.8284      238.93988      311.32151      0.18215408   
   1821000   477.79224      1362.6603      1840.4525      192.45776      304.96617      0.18400336   
   1822000   502.63699      1347.0884      1849.7253      242.82037      301.48114      0.18947529   
   1823000   465.31761      1355.3005      1820.6181      243.54113      303.31903      0.19378909   
   1824000   483.9188       1361.3209      1845.2397      203.10564      304.6664       0.19631082   
   1825000   490.44755      1353.4476      1843.8951      186.93214      302.90434      0.19423501   
   1826000   484.66571      1349.4272      1834.0929      136.08264      302.00458      0.18500594   
   1827000   474.92597      1337.4323      1812.3583      136.28785      299.3201       0.17716307   
   1828000   451.57629      1322.2401      1773.8164      116.23258      295.92005      0.17345344   
   1829000   515.34944      1305.073       1820.4224      147.31244      292.07802      0.17400721   
   1830000   494.49926      1328.1958      1822.695       212.22071      297.25294      0.17734739   
   1831000   465.42279      1334.8705      1800.2933      234.49532      298.74675      0.17925138   
   1832000   498.76837      1265.3601      1764.1285      188.64776      283.1902       0.17989932   
   1833000   500.46103      1345.3106      1845.7717      182.5741       301.08328      0.18411645   
   1834000   466.79288      1338.2759      1805.0688      178.48538      299.5089       0.18934895   
   1835000   477.28488      1295.1477      1772.4326      145.24083      289.85671      0.18896482   
   1836000   479.81663      1324.7079      1804.5245      154.99815      296.47235      0.18478871   
   1837000   466.47933      1312.231       1778.7104      114.63782      293.68         0.17953026   
   1838000   509.51501      1325.8946      1835.4096      86.129116      296.73793      0.17768197   
   1839000   507.56572      1329.1174      1836.6832      109.24979      297.45921      0.17663712   
   1840000   486.9511       1316.9942      1803.9453      94.195573      294.74601      0.17505588   
   1841000   500.1423       1318.7067      1818.849       132.00419      295.12927      0.1755535    
   1842000   510.00356      1290.4261      1800.4297      108.92494      288.80002      0.17772862   
   1843000   484.41919      1321.7783      1806.1974      95.413114      295.81669      0.18422642   
   1844000   466.32115      1350.2279      1816.549       157.51064      302.18377      0.18895672   
   1845000   471.20672      1356.2659      1827.4726      193.76969      303.53508      0.19012267   
   1846000   482.41735      1312.5207      1794.9381      207.90211      293.74484      0.18994059   
   1847000   482.28621      1335.6417      1817.9279      262.10399      298.91935      0.18770534   
   1848000   465.6894       1350.1034      1815.7928      244.50933      302.15592      0.1827259    
   1849000   504.38318      1302.3735      1806.7567      177.6962       291.47387      0.17573302   
   1850000   480.26495      1297.3322      1777.5971      160.64979      290.3456       0.17310269   
   1851000   470.94994      1323.7561      1794.706       113.63836      296.25933      0.17335477   
   1852000   472.83074      1320.4354      1793.2661      111.56933      295.51615      0.17941229   
   1853000   476.37837      1337.956       1814.3344      49.295029      299.43729      0.18752995   
   1854000   466.18891      1321.6465      1787.8354      94.648628      295.7872       0.19005383   
   1855000   475.74384      1343.7473      1819.4912      170.23352      300.73341      0.18929624   
   1856000   460.20826      1396.1417      1856.35        298.45459      312.45939      0.18801639   
   1857000   468.71672      1358.5091      1827.2258      341.71334      304.03713      0.18466474   
   1858000   501.13876      1342.3251      1843.4638      323.68635      300.4151       0.18400622   
   1859000   487.41489      1370.1661      1857.581       258.1386       306.64598      0.18366493   
   1860000   481.35134      1397.9115      1879.2628      277.66522      312.85545      0.18203753   
   1861000   475.20302      1333.6835      1808.8866      154.65445      298.48111      0.17725719   
   1862000   504.65428      1306.3987      1811.053       97.151755      292.37471      0.17364727   
   1863000   496.42671      1330.6985      1827.1252      74.180318      297.81306      0.17262467   
   1864000   516.10636      1304.4595      1820.5659      4.4739042      291.94072      0.17594079   
   1865000   498.71245      1297.6669      1796.3794     -3.8478307      290.42052      0.18506709   
   1866000   445.82249      1341.4473      1787.2698      135.87833      300.21867      0.19077801   
   1867000   450.01896      1326.2835      1776.3025      196.84716      296.82498      0.1903757    
   1868000   466.26618      1288.6763      1754.9425      205.34472      288.4084       0.18853023   
   1869000   484.39486      1317.4551      1801.85        217.52455      294.84917      0.18627782   
   1870000   489.26178      1296.3145      1785.5762      112.12318      290.11784      0.18039081   
   1871000   520.71914      1313.4963      1834.2154      72.681365      293.96317      0.17828132   
   1872000   511.03765      1331.7333      1842.771       91.851108      298.04465      0.17947532   
   1873000   475.7061       1333.9939      1809.7         122.87123      298.55057      0.17955712   
   1874000   487.34712      1272.2697      1759.6168      116.672        284.73657      0.18197407   
   1875000   468.7876       1311.9112      1780.6989      95.626744      293.60843      0.1875204    
   1876000   452.02033      1341.4266      1793.447       158.63961      300.21403      0.19043325   
   1877000   458.0056       1332.1899      1790.1955      132.73806      298.14683      0.18453181   
   1878000   518.05602      1339.6373      1857.6933      232.62743      299.81358      0.1799511    
   1879000   512.91596      1357.7996      1870.7156      236.78482      303.87834      0.17577476   
   1880000   483.04402      1390.6901      1873.7341      220.19642      311.2393       0.17427219   
   1881000   515.28018      1334.3292      1849.6094      225.59729      298.62562      0.17660891   
   1882000   517.10444      1367.6416      1884.746       225.54111      306.08099      0.17893914   
   1883000   489.79923      1347.4202      1837.2195      172.50573      301.55541      0.17983337   
   1884000   497.66963      1347.9003      1845.5699      96.910605      301.66286      0.179778     
   1885000   510.66255      1369.2448      1879.9073      96.594308      306.43979      0.18157864   
   1886000   511.00895      1380.3019      1891.3108      51.540326      308.9144       0.18166948   
   1887000   517.6073       1339.6112      1857.2185      119.32536      299.80773      0.18007038   
   1888000   482.59926      1365.6915      1848.2907      208.06935      305.64455      0.17981966   
   1889000   460.80778      1358.3639      1819.1717      283.30057      304.00462      0.18043121   
   1890000   481.54982      1351.0632      1832.6131      311.07749      302.37073      0.18002969   
   1891000   512.49528      1337.9174      1850.4127      248.3549       299.42867      0.17834688   
   1892000   504.90906      1367.4294      1872.3385      174.44286      306.03351      0.17928264   
   1893000   495.57101      1358.5375      1854.1085      59.857529      304.04348      0.18105948   
   1894000   484.52751      1388.5159      1873.0434      14.814618      310.75271      0.18593896   
   1895000   478.27416      1365.1496      1843.4237      20.267622      305.52328      0.18936323   
   1896000   483.44923      1348.7411      1832.1903     -6.3380853      301.85102      0.19045441   
   1897000   482.46594      1357.5904      1840.0563      74.751263      303.83152      0.19004741   
   1898000   476.05332      1366.4404      1842.4937      189.50435      305.81216      0.1879879    
   1899000   470.57496      1305.372       1775.947       300.211        292.14493      0.18636195   
   1900000   473.78452      1337.0326      1810.8171      318.27944      299.23064      0.18425984   
   1901000   485.79618      1301.8562      1787.6524      297.74214      291.35809      0.18062806   
   1902000   484.1664       1339.7412      1823.9076      285.81285      299.83684      0.17681502   
   1903000   490.30029      1353.3184      1843.6187      209.41788      302.87544      0.17277782   
   1904000   520.79291      1337.4437      1858.2366      124.76108      299.32264      0.16820748   
   1905000   503.21493      1341.144       1844.3589      140.37357      300.15078      0.16798841   
   1906000   503.45471      1309.3713      1812.826       149.97323      293.03998      0.17520225   
   1907000   492.12733      1349.3771      1841.5044      150.02316      301.99336      0.18366922   
   1908000   500.26667      1359.4519      1859.7186      142.3956       304.24813      0.18644032   
   1909000   528.33174      1381.3991      1909.7308      138.12242      309.15994      0.18606682   
   1910000   486.01369      1381.3745      1867.3882      92.617134      309.15445      0.17927202   
   1911000   489.8065       1362.5619      1852.3684      114.67099      304.94416      0.17527625   
   1912000   494.2489       1379.6377      1873.8866      162.96801      308.76576      0.17619983   
   1913000   512.38421      1335.415       1847.7992      148.83026      298.86861      0.17992232   
   1914000   501.01673      1362.8024      1863.8191      185.67961      304.99797      0.18435772   
   1915000   481.75267      1395.4316      1877.1842      206.24701      312.30045      0.18697968   
   1916000   479.7051       1398.1157      1877.8208      208.80258      312.90117      0.18840466   
   1917000   455.28334      1359.7111      1814.9945      187.93234      304.30614      0.18770069   
   1918000   450.59603      1363.4982      1814.0943      158.59184      305.15371      0.18553714   
   1919000   496.00697      1323.134       1819.141       172.02804      296.12011      0.1833471    
   1920000   490.12918      1303.4751      1793.6043      143.14682      291.7204       0.18084383   
   1921000   464.3106       1281.1331      1745.4437      109.92424      286.72021      0.1797212    
   1922000   490.38757      1326.2963      1816.6839      120.31477      296.82784      0.18266902   
   1923000   472.63036      1328.2148      1800.8452      151.10262      297.25721      0.18910873   
   1924000   477.98212      1326.9256      1804.9077      129.97939      296.96868      0.19536111   
   1925000   482.25244      1301.5763      1783.8287      127.63807      291.29544      0.19630802   
   1926000   492.08844      1302.5559      1794.6444      124.41685      291.51469      0.19055125   
   1927000   486.4352       1363.1642      1849.5994      132.70473      305.07895      0.18548056   
   1928000   505.01032      1341.9261      1846.9364      157.44538      300.32581      0.1819631    
   1929000   523.18089      1384.4306      1907.6115      138.17241      309.83842      0.17901399   
   1930000   527.58399      1370.1553      1897.7393      139.29873      306.64357      0.17616836   
   1931000   512.25288      1347.5607      1859.8136      112.82506      301.58685      0.17627252   
   1932000   505.80551      1364.6445      1870.45        98.272793      305.41024      0.17810467   
   1933000   502.3598       1384.8197      1887.1795      78.401424      309.92548      0.18264918   
   1934000   506.76677      1403.4992      1910.2659     -2.1617342      314.106        0.18577905   
   1935000   496.39891      1340.2009      1836.5998      22.626588      299.93972      0.18765102   
   1936000   482.96912      1342.455       1825.4241      38.157389      300.44417      0.18736286   
   1937000   495.40946      1350.5449      1845.9543      97.148028      302.25472      0.18732565   
   1938000   484.10345      1338.508       1822.6114      63.734365      299.56084      0.18509495   
   1939000   496.2169       1341.3128      1837.5297      155.38676      300.18856      0.18551134   
   1940000   458.71898      1393.0172      1851.7362      279.4364       311.76011      0.18908658   
   1941000   498.27911      1332.6827      1830.9618      245.02352      298.25712      0.19482806   
   1942000   467.4401       1323.776       1791.2161      261.87306      296.26379      0.20162324   
   1943000   444.5542       1303.7154      1748.2696      217.9967       291.77419      0.2023154    
   1944000   468.91356      1320.9795      1789.893       170.11529      295.63792      0.19348289   
   1945000   485.74072      1336.7814      1822.5221      156.85129      299.17442      0.18350756   
   1946000   487.45122      1364.0102      1851.4614      160.33916      305.26828      0.18079008   
   1947000   519.57547      1358.782       1878.3575      193.38668      304.0982       0.18000197   
   1948000   490.65195      1349.1363      1839.7882      187.07936      301.93947      0.1809961    
   1949000   521.65486      1342.2938      1863.9486      153.42284      300.40811      0.18130458   
   1950000   508.89557      1363.7555      1872.6511      169.91372      305.21128      0.18185087   
   1951000   489.72243      1367.0352      1856.7576      219.50329      305.94528      0.18128819   
   1952000   516.67087      1363.0413      1879.7122      214.06283      305.05144      0.17695665   
   1953000   506.76721      1336.7001      1843.4673      187.69946      299.15623      0.17250409   
   1954000   501.3558       1354.1846      1855.5404      186.68161      303.06928      0.17063541   
   1955000   521.22592      1373.8638      1895.0897      50.359066      307.47353      0.16849661   
   1956000   525.77412      1337.5672      1863.3413     -16.195142      299.35029      0.17030959   
   1957000   525.25341      1356.4818      1881.7352      9.4577533      303.58341      0.17899998   
   1958000   499.35424      1421.5732      1920.9274      104.4365       318.151        0.18428735   
   1959000   525.15537      1362.0426      1887.198       258.22177      304.82793      0.18488742   
   1960000   495.98885      1366.5761      1862.5649      343.5023       305.84253      0.18365479   
   1961000   509.10994      1358.8587      1867.9687      260.05814      304.11537      0.18085204   
   1962000   515.06345      1374.0385      1889.102       238.1167       307.51264      0.17680725   
   1963000   486.50479      1351.3412      1837.8459      155.31311      302.43292      0.17289725   
   1964000   506.21505      1309.9162      1816.1312      95.888428      293.16193      0.17267205   
   1965000   466.23339      1361.4865      1827.7199      102.54898      304.70347      0.17598738   
   1966000   485.97322      1366.5036      1852.4768      143.84244      305.82631      0.18843755   
   1967000   502.08868      1331.3862      1833.4749      233.87796      297.96697      0.19515473   
   1968000   478.09979      1354.4933      1832.5931      250.2998       303.13839      0.19573512   
   1969000   465.56149      1372.5875      1838.149       274.41716      307.1879       0.19171063   
   1970000   486.57512      1340.5397      1827.1148      266.24456      300.01553      0.18709097   
   1971000   485.38077      1368.578       1853.9587      230.35554      306.29056      0.18176287   
   1972000   520.72695      1407.6719      1928.3988      240.91189      315.03985      0.17907099   
   1973000   512.57516      1382.9579      1895.5331      281.87094      309.50882      0.17812938   
   1974000   518.50667      1350.3239      1868.8305      249.01579      302.20525      0.17848573   
   1975000   510.74902      1331.6408      1842.3898      222.91313      298.02395      0.18044844   
   1976000   508.14591      1358.0514      1866.1973      171.22684      303.93469      0.18466085   
   1977000   491.74972      1348.5784      1840.3282      70.533296      301.81462      0.19004431   
   1978000   500.04136      1345.9424      1845.9838      37.695053      301.22468      0.19596106   
   1979000   476.52421      1357.2518      1833.776       70.421268      303.75574      0.19758889   
   1980000   490.49503      1332.3715      1822.8666      117.44365      298.18748      0.19167572   
   1981000   506.08587      1327.4237      1833.5095      191.60769      297.08014      0.18105671   
   1982000   509.39918      1326.1733      1835.5725      199.85916      296.80031      0.17586775   
   1983000   512.73298      1345.8068      1858.5398      176.85433      301.19433      0.17531046   
   1984000   519.62338      1376.6307      1896.254       114.11234      308.09277      0.17813081   
   1985000   480.69086      1380.5968      1861.2876      43.219502      308.98039      0.18018154   
   1986000   515.95151      1357.5604      1873.5119      60.184331      303.8248       0.1824519    
   1987000   502.87567      1357.6502      1860.5259      79.28559       303.8449       0.18381589   
   1988000   488.66277      1360.0121      1848.6749      150.0952       304.37351      0.18407875   
   1989000   488.73956      1359.2365      1847.9761      173.69474      304.19992      0.18414662   
   1990000   506.49215      1390.0369      1896.529       148.83131      311.09311      0.18344154   
   1991000   498.63715      1322.2822      1820.9194      104.1075       295.92948      0.18096816   
   1992000   492.21667      1327.7405      1819.9571      83.773884      297.15104      0.17854608   
   1993000   472.85506      1339.2023      1812.0574      137.58241      299.71623      0.17965875   
   1994000   487.47565      1339.4643      1826.94        159.6765       299.77486      0.1836681    
   1995000   507.73516      1330.2801      1838.0152      172.90658      297.71941      0.18500768   
   1996000   491.10213      1344.8525      1835.9546      169.32434      300.98075      0.18611116   
   1997000   466.45649      1336.776       1803.2325      171.69554      299.17321      0.18636851   
   1998000   476.26023      1341.651       1817.9113      160.48133      300.26425      0.18466016   
   1999000   488.75062      1308.4288      1797.1794      177.25909      292.82905      0.1818194    
   2000000   483.97668      1331.5652      1815.5419      154.40506      298.00703      0.17736403   
Loop time of 8420.98 on 8 procs for 2000000 steps with 1500 atoms

Performance: 10.260 ns/day, 2.339 hours/ns, 237.502 timesteps/s, 356.253 katom-step/s
99.5% CPU use with 8 MPI tasks x 1 OpenMP threads

MPI task timing breakdown:
Section |  min time  |  avg time  |  max time  |%varavg| %total
---------------------------------------------------------------
Pair    | 332.34     | 363.08     | 383.18     | 100.3 |  4.31
Bond    | 17.177     | 19.057     | 20.094     |  24.9 |  0.23
Kspace  | 3480.2     | 3492.8     | 3519.6     |  25.8 | 41.48
Neigh   | 6.5494     | 6.6528     | 6.7618     |   3.9 |  0.08
Comm    | 120.5      | 128.76     | 137.37     |  72.3 |  1.53
Output  | 0.225      | 0.23133    | 0.27413    |   3.4 |  0.00
Modify  | 4145.8     | 4301.8     | 4375.9     | 110.8 | 51.08
Other   |            | 108.6      |            |       |  1.29

Nlocal:          187.5 ave         220 max         156 min
Histogram: 1 0 1 2 0 2 0 1 0 1
Nghost:        1755.75 ave        1838 max        1662 min
Histogram: 1 2 0 0 1 0 0 1 2 1
Neighs:        15213.1 ave       19620 max       11711 min
Histogram: 1 0 2 1 1 1 0 1 0 1

Total # of neighbors = 121705
Ave neighs/atom = 81.136667
Ave special neighs/atom = 2
Neighbor list builds = 12347
Dangerous builds = 0

write_data      ${NAME}_final.data
write_data      N2_final.data
System init for write_data ...
PPPM initialization ...
  using 12-bit tables for long-range coulomb (src/kspace.cpp:342)
  G vector (1/distance) = 0.2697387
  grid = 48 48 48
  stencil order = 5
  estimated absolute RMS force accuracy = 0.00037602341
  estimated relative force accuracy = 1.1323833e-06
  using single precision FFTW3
  3d grid and FFT values/proc = 29791 13824
Generated 1 of 1 mixed pair_coeff terms from arithmetic mixing rule
Last active /omp style is kspace_style pppm/omp

quit
