units		    real
atom_style	    full
boundary        p p p
pair_style	    lj/cut/coul/long 12
pair_modify     mix arithmetic tail yes
kspace_style    pppm 1e-6
bond_style      harmonic
angle_style     harmonic

read_data       ./data.lmp           # read the positions --------------comment it out for restarting
Reading data file ...
  orthogonal box = (0 0 0) to (54.965023 54.965023 54.965023)
  2 by 2 by 2 MPI processor grid
  reading atoms ...
  1500 atoms
  scanning bonds ...
  1 = max bonds/atom
  scanning angles ...
  1 = max angles/atom
  orthogonal box = (0 0 0) to (54.965023 54.965023 54.965023)
  2 by 2 by 2 MPI processor grid
  reading bonds ...
  1000 bonds
  reading angles ...
  500 angles
Finding 1-2 1-3 1-4 neighbors ...
  special bond factors lj:    0        0        0       
  special bond factors coul:  0        0        0       
     2 = max # of 1-2 neighbors
     1 = max # of 1-3 neighbors
     1 = max # of 1-4 neighbors
     2 = max # of special neighbors
  special bonds CPU = 0.000 seconds
  read_data CPU = 0.420 seconds
#read_restart   2.restart

#----------------------------------------------------------------------------#
# FORCEFIELD - TraPPE Flexible model for N2
#----------------------------------------------------------------------------#

pair_coeff      1   1  0.071539  3.310  # [N2]-L-[N2]
pair_coeff      2   2  0.0009936 0.5   # N2-[L]

bond_coeff      1   500 0.55            # [N2]-[L]

angle_coeff     1   50 180              # N2-N2_X-N2

mass 1 13.9067      # N2
mass 2  0.1         # N2_X

set type        1   charge     -0.482             # N2
Setting atom values ...
  1000 settings made for charge
set type        2   charge      0.964             # N2_X
Setting atom values ...
  500 settings made for charge

#------------------------ VARIABLES------------------------------------------#

variable  TEMP_INDEX       equal 300  # in K
variable  PRESS_INDEX      equal 140  # in bar
variable  RandomSeed       equal 21000  # RANDOM SEED
variable  nz_layers        equal 20
variable  nx_layers        equal 3
variable  timestep         equal 0.5

variable  simulationTemp   equal ${TEMP_INDEX}
variable  simulationTemp   equal 300
variable  pressure         equal 0.987*${PRESS_INDEX}
variable  pressure         equal 0.987*140

variable  Ninptpre         equal 50000
variable  Ninpt            equal 400000     # 0.2 ns
variable  npt_run          equal 2000000    # 1 ns
variable  NBR              equal ${npt_run}/100
variable  NBR              equal 2000000/100

variable  Density          equal density
variable  Volume           equal vol

variable  dumpfreq         equal 1000
variable  thermofreq       equal 1000
variable  printfreq        equal 1000
variable  restartfreq      equal 1000000

variable  NVT_init         equal 200000    # 0.1 ns
variable  NVT_init_2       equal 200000    # 0.1 ns
variable  NVE_reshape      equal 10000
variable  NVT_prod         equal 1000000   # 0.5 ns
variable  NVE_cuboid       equal 200000    # 0.1 ns

variable  thermo_num       equal 1000

#---------------------------- GROUPS/NEIGHBOUR - LIST -----------------------------------------------------------------------#

group           oxy  type 1
1000 atoms in group oxy
group           carb type 2
500 atoms in group carb

neighbor	    3.0 bin
neigh_modify    every 1 delay 0 check yes
run_style       verlet

#---------------------------- CONGUGATE-GRADIENT MINIMIZATION --------------------------------------------------------#

#minimize energytolerance forcetolerance max_iterations_of_minimizer max_number_of_force_or_energy_evaluations
minimize        1e-6 1e-8 100000 10000000
PPPM initialization ...
  using 12-bit tables for long-range coulomb (src/kspace.cpp:342)
  G vector (1/distance) = 0.2675861
  grid = 50 50 50
  stencil order = 5
  estimated absolute RMS force accuracy = 0.00039584402
  estimated relative force accuracy = 1.1920725e-06
  using single precision FFTW3
  3d grid and FFT values/proc = 32768 16250
Generated 1 of 1 mixed pair_coeff terms from arithmetic mixing rule
Last active /omp style is kspace_style pppm/omp
Neighbor list info ...
  update: every = 1 steps, delay = 0 steps, check = yes
  max neighbors/atom: 2000, page size: 100000
  master list distance cutoff = 15
  ghost atom cutoff = 15
  binsize = 7.5, bins = 8 8 8
  1 neighbor lists, perpetual/occasional/extra = 1 0 0
  (1) pair lj/cut/coul/long/omp, perpetual
      attributes: half, newton on, omp
      pair build: half/bin/newton/omp
      stencil: half/bin/3d
      bin: standard
Per MPI rank memory allocation (min/avg/max) = 9.757 | 9.787 | 9.817 Mbytes
   Step          Temp          E_pair         E_mol          TotEng         Press     
         0   0              13.07258       1.4941382e-05  13.072595      255.08911    
      9001   0             -525.61491      0.31230724    -525.30261     -9.7387309    
Loop time of 51.5362 on 8 procs for 9001 steps with 1500 atoms

98.9% CPU use with 8 MPI tasks x 1 OpenMP threads

Minimization stats:
  Stopping criterion = energy tolerance
  Energy initial, next-to-last, final = 
      13.0725954212713  -525.302547005264  -525.302606450238
  Force two-norm initial, final = 99.496544 0.52539965
  Force max component initial, final = 12.457849 0.10334814
  Final line search alpha, max atom move = 0.59392817 0.061381369
  Iterations, force evaluations = 9001 18001

MPI task timing breakdown:
Section |  min time  |  avg time  |  max time  |%varavg| %total
---------------------------------------------------------------
Pair    | 3.8811     | 6.9227     | 9.8068     |  85.4 | 13.43
Bond    | 0.14113    | 0.17237    | 0.2121     |   6.6 |  0.33
Kspace  | 39.762     | 42.686     | 45.765     |  34.8 | 82.83
Neigh   | 0.020364   | 0.020507   | 0.020723   |   0.1 |  0.04
Comm    | 1.2483     | 1.2784     | 1.2974     |   1.7 |  2.48
Output  | 0          | 0          | 0          |   0.0 |  0.00
Modify  | 0.043011   | 0.04955    | 0.056564   |   1.8 |  0.10
Other   |            | 0.4065     |            |       |  0.79

Nlocal:          187.5 ave         262 max         122 min
Histogram: 2 1 1 0 1 0 0 0 1 2
Nghost:        1604.88 ave        1667 max        1506 min
Histogram: 1 0 1 0 1 0 0 2 1 2
Neighs:        18354.6 ave       27051 max        7425 min
Histogram: 1 2 0 0 0 1 0 1 0 3

Total # of neighbors = 146837
Ave neighs/atom = 97.891333
Ave special neighs/atom = 2
Neighbor list builds = 40
Dangerous builds = 0

#---------------------------- NPT simulations  ---------------------------------------------------------------------#

fix runnpt all npt temp ${simulationTemp} ${simulationTemp} 10 iso ${pressure} ${pressure} 100
fix runnpt all npt temp 300 ${simulationTemp} 10 iso ${pressure} ${pressure} 100
fix runnpt all npt temp 300 300 10 iso ${pressure} ${pressure} 100
fix runnpt all npt temp 300 300 10 iso 138.18 ${pressure} 100
fix runnpt all npt temp 300 300 10 iso 138.18 138.18 100

thermo_style custom step pe ke etotal press temp v_Density
thermo_modify flush yes
thermo ${thermo_num}
thermo 1000

velocity all create ${simulationTemp} ${RandomSeed} mom yes rot yes dist gaussian
velocity all create 300 ${RandomSeed} mom yes rot yes dist gaussian
velocity all create 300 21000 mom yes rot yes dist gaussian

#-----------------------
# Run (Pre-Initialization)
#-----------------------

timestep    0.1
run         ${Ninptpre}
run         50000
PPPM initialization ...
  using 12-bit tables for long-range coulomb (src/kspace.cpp:342)
  G vector (1/distance) = 0.2675861
  grid = 50 50 50
  stencil order = 5
  estimated absolute RMS force accuracy = 0.00039584402
  estimated relative force accuracy = 1.1920725e-06
  using single precision FFTW3
  3d grid and FFT values/proc = 32768 16250
Generated 1 of 1 mixed pair_coeff terms from arithmetic mixing rule
Last active /omp style is kspace_style pppm/omp
Per MPI rank memory allocation (min/avg/max) = 8.649 | 8.671 | 8.693 Mbytes
   Step         PotEng         KinEng         TotEng         Press           Temp        v_Density   
      9001  -525.30261      1340.4703      815.16767      359.26504      300            0.13956373   
     10000   266.65619      1172.0409      1438.6971      208.14791      262.30516      0.11692584   
     11000   106.97718      1415.335       1522.3122      191.59356      316.75488      0.10279295   
     12000   214.25514      1324.8176      1539.0727      110.2345       296.49689      0.1004599    
     13000   232.53356      1325.4365      1557.9701      130.06522      296.63542      0.10403783   
     14000   185.46074      1388.7951      1574.2559      156.89824      310.8152       0.10991829   
     15000   271.54696      1276.6052      1548.1522      95.554706      285.70687      0.11521035   
     16000   191.95322      1398.2636      1590.2168      151.39488      312.93426      0.12024523   
     17000   276.47262      1296.567       1573.0397      105.8914       290.17437      0.12519777   
     18000   225.71239      1352.5239      1578.2363      163.28798      302.69762      0.13288662   
     19000   275.0148       1296.2546      1571.2694      129.65689      290.10444      0.13390774   
     20000   244.94106      1359.7556      1604.6967      130.98888      304.3161       0.13912127   
     21000   263.26134      1331.9695      1595.2308      132.18197      298.09751      0.14178525   
     22000   261.75578      1370.283       1632.0388      152.64151      306.67214      0.14403023   
     23000   288.28499      1339.5268      1627.8118      154.09328      299.78884      0.14620774   
     24000   289.14282      1303.5788      1592.7217      134.31343      291.74362      0.15061308   
     25000   292.77197      1366.6012      1659.3732      128.77295      305.84816      0.14963878   
     26000   316.95102      1381.0025      1697.9535      145.07791      309.07119      0.13744374   
     27000   327.14621      1363.7862      1690.9324      145.22241      305.21816      0.13855156   
     28000   350.78725      1361.9885      1712.7757      111.9712       304.81582      0.13623158   
     29000   313.0468       1359.3706      1672.4174      139.74117      304.22992      0.13580566   
     30000   353.8272       1299.4501      1653.2773      181.36683      290.81961      0.14299413   
     31000   331.22626      1316.5869      1647.8132      141.60434      294.65486      0.13414534   
     32000   356.9537       1348.963       1705.9167      92.265099      301.90068      0.13220625   
     33000   342.77964      1361.1598      1703.9395      143.68988      304.63036      0.13693369   
     34000   366.76246      1360.6332      1727.3956      166.04358      304.5125       0.13629219   
     35000   337.4414       1348.0563      1685.4977      102.32895      301.69776      0.12857581   
     36000   360.12353      1303.0917      1663.2152      72.977752      291.63459      0.12387204   
     37000   349.45861      1321.0377      1670.4963      177.48479      295.65095      0.13517078   
     38000   322.4425       1329.2603      1651.7028      176.86084      297.49118      0.13774794   
     39000   344.0737       1299.1366      1643.2103      106.5956       290.74943      0.13871648   
     40000   324.79119      1337.6692      1662.4604      105.34516      299.37312      0.13630904   
     41000   367.41847      1300.2008      1667.6192      157.4083       290.9876       0.12691627   
     42000   332.69571      1327.4603      1660.156       180.74344      297.08834      0.12655009   
     43000   369.5325       1299.3801      1668.9126      96.065819      290.80393      0.1333673    
     44000   333.86877      1322.3586      1656.2274      100.97228      295.94657      0.13696129   
     45000   345.71425      1329.601       1675.3153      169.2234       297.56744      0.13548229   
     46000   373.91008      1345.7029      1719.6129      140.95307      301.17106      0.12815684   
     47000   361.08161      1420.9646      1782.0462      118.11957      318.01479      0.12580582   
     48000   362.25149      1339.7795      1702.031       123.62037      299.84541      0.12729526   
     49000   338.11267      1365.1211      1703.2338      183.73542      305.5169       0.12426997   
     50000   356.27004      1350.9703      1707.2403      143.60605      302.34992      0.11900913   
     51000   374.11617      1339.4089      1713.5251      88.797715      299.76246      0.11985539   
     52000   362.12008      1306.0981      1668.2181      144.69781      292.30742      0.11846966   
     53000   365.19142      1328.3517      1693.5431      199.5096       297.28784      0.11663486   
     54000   366.25995      1339.174       1705.4339      120.66052      299.70988      0.12450819   
     55000   374.19068      1319.7839      1693.9746      82.327448      295.37035      0.12400552   
     56000   360.96826      1291.6903      1652.6586      147.03512      289.08294      0.11694709   
     57000   381.14867      1301.8956      1683.0442      169.34688      291.3669       0.11888713   
     58000   361.17014      1301.6869      1662.857       135.68128      291.32019      0.12397791   
     59000   355.76983      1318.586       1674.3559      103.59977      295.10226      0.12434215   
     59001   357.69768      1316.9606      1674.6583      103.00901      294.73849      0.12434723   
Loop time of 272.205 on 8 procs for 50000 steps with 1500 atoms

Performance: 1.587 ns/day, 15.122 hours/ns, 183.685 timesteps/s, 275.528 katom-step/s
99.2% CPU use with 8 MPI tasks x 1 OpenMP threads

MPI task timing breakdown:
Section |  min time  |  avg time  |  max time  |%varavg| %total
---------------------------------------------------------------
Pair    | 7.155      | 9.2141     | 10.749     |  42.9 |  3.38
Bond    | 0.48078    | 0.55042    | 0.59543    |   5.3 |  0.20
Kspace  | 118.91     | 120.45     | 122.54     |  12.1 | 44.25
Neigh   | 0.042222   | 0.042442   | 0.042709   |   0.1 |  0.02
Comm    | 3.5256     | 3.607      | 3.7234     |   3.4 |  1.33
Output  | 0.0026192  | 0.002853   | 0.0044331  |   1.1 |  0.00
Modify  | 120.35     | 129.19     | 137.33     |  53.5 | 47.46
Other   |            | 9.14       |            |       |  3.36

Nlocal:          187.5 ave         230 max         158 min
Histogram: 2 1 0 0 2 1 1 0 0 1
Nghost:           1424 ave        1476 max        1365 min
Histogram: 1 0 2 0 0 0 2 1 1 1
Neighs:        10737.9 ave       13930 max        7661 min
Histogram: 2 0 1 0 1 1 0 1 1 1

Total # of neighbors = 85903
Ave neighs/atom = 57.268667
Ave special neighs/atom = 2
Neighbor list builds = 88
Dangerous builds = 0

timestep    0.25
run         ${Ninptpre}
run         50000
PPPM initialization ...
  using 12-bit tables for long-range coulomb (src/kspace.cpp:342)
  G vector (1/distance) = 0.26991907
  grid = 54 54 54
  stencil order = 5
  estimated absolute RMS force accuracy = 0.00031380221
  estimated relative force accuracy = 9.4500603e-07
  using single precision FFTW3
  3d grid and FFT values/proc = 39304 20412
Generated 1 of 1 mixed pair_coeff terms from arithmetic mixing rule
Last active /omp style is kspace_style pppm/omp
Per MPI rank memory allocation (min/avg/max) = 9.056 | 9.081 | 9.107 Mbytes
   Step         PotEng         KinEng         TotEng         Press           Temp        v_Density   
     59001   357.69629      1316.9606      1674.6569      103.01055      294.73849      0.12434723   
     60000   381.5077       1314.8632      1696.3709      113.15141      294.26908      0.12457311   
     61000   377.44994      1296.9518      1674.4018      121.60843      290.26048      0.12830153   
     62000   390.16425      1350.8649      1741.0291      133.65595      302.32633      0.12685043   
     63000   376.35825      1341.3549      1717.7131      187.15662      300.19798      0.13654582   
     64000   376.98395      1290.0834      1667.0674      186.93403      288.72332      0.13183545   
     65000   391.50259      1332.4988      1724.0014      139.8567       298.21596      0.12309795   
     66000   381.92153      1303.6821      1685.6036      100.29452      291.76673      0.12670511   
     67000   391.18156      1345.2526      1736.4342      105.05981      301.0703       0.12679461   
     68000   396.33752      1351.3186      1747.6562      120.96129      302.42789      0.12184896   
     69000   383.10597      1367.8727      1750.9786      173.36299      306.13271      0.13057478   
     70000   383.76901      1367.543       1751.312       197.85512      306.05893      0.13223949   
     71000   352.96482      1366.5679      1719.5327      145.49207      305.8407       0.13125033   
     72000   353.34233      1336.6255      1689.9678      132.93447      299.13953      0.1325926    
     73000   375.90747      1324.1045      1700.0119      120.03536      296.33729      0.12917193   
     74000   385.49951      1323.9317      1709.4312      92.881151      296.29863      0.12964424   
     75000   394.35159      1339.2658      1733.6174      160.36149      299.73044      0.13125308   
     76000   397.08848      1363.7742      1760.8627      174.01009      305.21546      0.132351     
     77000   406.60187      1337.8166      1744.4184      177.22785      299.40609      0.12763773   
     78000   384.45225      1338.3585      1722.8107      161.20089      299.52737      0.14054887   
     79000   373.62138      1367.392       1741.0134      104.78066      306.02515      0.13335044   
     80000   385.26063      1353.1795      1738.4402      66.377254      302.84436      0.13019197   
     81000   351.85012      1354.0812      1705.9314      149.31678      303.04616      0.13419929   
     82000   375.71013      1336.79        1712.5001      201.0072       299.17635      0.12644222   
     83000   368.42527      1377.1532      1745.5784      209.166        308.2097       0.13818124   
     84000   377.96066      1348.5956      1726.5562      145.46226      301.81846      0.12856399   
     85000   403.25347      1318.0762      1721.3296      72.551637      294.98815      0.13058526   
     86000   387.90022      1323.8388      1711.739       55.898407      296.27785      0.12605012   
     87000   353.69208      1318.9946      1672.6867      126.77931      295.1937       0.13563085   
     88000   374.58785      1326.2471      1700.835       176.58851      296.81683      0.13076255   
     89000   378.70648      1354.625       1733.3315      211.02641      303.16786      0.13443004   
     90000   387.693        1329.712       1717.405       141.58465      297.59227      0.1269054    
     91000   367.84484      1331.9935      1699.8384      73.905314      298.10289      0.13311809   
     92000   386.55914      1341.0097      1727.5689      59.041554      300.12073      0.1227382    
     93000   362.60251      1309.4158      1672.0183      151.86851      293.04993      0.1314365    
     94000   332.7434       1324.4366      1657.18        231.84299      296.41164      0.13718681   
     95000   356.79114      1338.408       1695.1991      199.05472      299.53846      0.13514483   
     96000   369.06047      1302.2352      1671.2956      170.4447       291.4429       0.132089     
     97000   375.30048      1332.8375      1708.1379      102.52499      298.29176      0.13547633   
     98000   371.40248      1337.955       1709.3575      37.903141      299.43707      0.13591382   
     99000   370.25115      1334.9299      1705.1811      76.418991      298.76006      0.13158888   
    100000   377.86026      1368.2883      1746.1486      185.80409      306.22573      0.12512905   
    101000   378.18887      1373.9467      1752.1356      235.07337      307.49209      0.13429097   
    102000   369.0999       1331.2217      1700.3216      212.43303      297.93014      0.13660635   
    103000   391.36161      1304.4725      1695.8341      89.284822      291.94362      0.12527667   
    104000   371.87608      1341.0661      1712.9421      57.661782      300.13334      0.12977345   
    105000   368.66399      1346.5273      1715.1913      84.270221      301.35557      0.12775394   
    106000   362.91186      1323.0502      1685.9621      127.2507       296.10135      0.12660868   
    107000   386.5574       1395.6058      1782.1632      166.96061      312.33944      0.12414211   
    108000   400.44042      1353.7148      1754.1552      156.18482      302.96416      0.13325018   
    109000   398.80278      1362.0386      1760.8414      134.00739      304.82704      0.13018804   
    109001   402.38585      1356.6344      1759.0202      130.54565      303.61755      0.13018549   
Loop time of 341.823 on 8 procs for 50000 steps with 1500 atoms

Performance: 3.160 ns/day, 7.596 hours/ns, 146.274 timesteps/s, 219.412 katom-step/s
99.3% CPU use with 8 MPI tasks x 1 OpenMP threads

MPI task timing breakdown:
Section |  min time  |  avg time  |  max time  |%varavg| %total
---------------------------------------------------------------
Pair    | 7.8143     | 8.2464     | 9.405      |  16.8 |  2.41
Bond    | 0.5515     | 0.5688     | 0.62729    |   3.1 |  0.17
Kspace  | 155.61     | 156.83     | 157.24     |   4.0 | 45.88
Neigh   | 0.093297   | 0.093625   | 0.093931   |   0.1 |  0.03
Comm    | 3.7458     | 3.7997     | 3.846      |   1.5 |  1.11
Output  | 0.0024879  | 0.0026918  | 0.0040659  |   1.0 |  0.00
Modify  | 152.04     | 162.72     | 171.5      |  54.6 | 47.60
Other   |            | 9.567      |            |       |  2.80

Nlocal:          187.5 ave         205 max         162 min
Histogram: 1 1 0 1 0 1 1 0 0 3
Nghost:        1483.88 ave        1517 max        1459 min
Histogram: 2 0 1 1 1 0 1 1 0 1
Neighs:        11335.5 ave       13194 max        8884 min
Histogram: 1 1 0 1 0 1 0 1 2 1

Total # of neighbors = 90684
Ave neighs/atom = 60.456
Ave special neighs/atom = 2
Neighbor list builds = 211
Dangerous builds = 0

timestep    0.5
run         ${Ninptpre}
run         50000
PPPM initialization ...
  using 12-bit tables for long-range coulomb (src/kspace.cpp:342)
  G vector (1/distance) = 0.26632547
  grid = 50 50 50
  stencil order = 5
  estimated absolute RMS force accuracy = 0.00042297192
  estimated relative force accuracy = 1.2737674e-06
  using single precision FFTW3
  3d grid and FFT values/proc = 32768 16250
Generated 1 of 1 mixed pair_coeff terms from arithmetic mixing rule
Last active /omp style is kspace_style pppm/omp
Per MPI rank memory allocation (min/avg/max) = 8.65 | 8.672 | 8.694 Mbytes
   Step         PotEng         KinEng         TotEng         Press           Temp        v_Density   
    109001   402.38775      1356.6344      1759.0221      130.54747      303.61755      0.13018549   
    110000   462.64203      1302.7633      1765.4054      104.34375      291.56111      0.14544941   
    111000   486.78117      1325.2002      1811.9814      199.35707      296.58253      0.14486578   
    112000   451.95228      1402.6526      1854.6049      124.71884      313.91653      0.1535884    
    113000   430.11449      1359.9561      1790.0706      88.17219       304.36098      0.16133005   
    114000   443.07403      1370.5061      1813.5801      254.69386      306.72207      0.15524609   
    115000   437.22261      1330.0854      1767.308       135.23248      297.67585      0.15990332   
    116000   460.84684      1340.5279      1801.3747      27.685911      300.0129       0.14211769   
    117000   475.61353      1323.8981      1799.5116      224.93472      296.2911       0.15203948   
    118000   474.2149       1319.5651      1793.78        197.15795      295.32138      0.15800528   
    119000   448.74871      1355.9804      1804.7291     -0.62706704     303.47119      0.15790292   
    120000   488.85247      1388.809       1877.6615      192.44322      310.81831      0.14893943   
    121000   461.04283      1330.4261      1791.469       191.54644      297.7521       0.15010899   
    122000   482.752        1340.6691      1823.4211      50.794465      300.0445       0.14641268   
    123000   465.40283      1316.8013      1782.2041      147.55868      294.70283      0.15811333   
    124000   501.10395      1338.6437      1839.7476      147.8811       299.5912       0.14873807   
    125000   453.71561      1368.567       1822.2826      143.32452      306.2881       0.16042118   
    126000   441.81638      1338.5438      1780.3602      158.85448      299.56886      0.16178897   
    127000   466.89434      1399.0598      1865.9541      200.0941       313.11246      0.15475815   
    128000   471.97891      1368.1268      1840.1057      101.32743      306.18959      0.14872174   
    129000   494.93949      1350.9433      1845.8828      99.627595      302.34387      0.15008855   
    130000   460.20222      1321.3399      1781.5421      180.97394      295.71858      0.15430572   
    131000   463.83456      1371.6358      1835.4704      142.87         306.97492      0.14586648   
    132000   423.67726      1308.9461      1732.6234      133.93641      292.94483      0.15328374   
    133000   439.66044      1336.1996      1775.8601      128.39252      299.04422      0.15498315   
    134000   455.18433      1324.9157      1780.1001      136.32075      296.51886      0.16210521   
    135000   486.46212      1285.1677      1771.6299      151.34285      287.62318      0.14484244   
    136000   458.58197      1318.8153      1777.3973      150.34997      295.15357      0.15565752   
    137000   440.64689      1378.0314      1818.6783      99.895801      308.40625      0.16542968   
    138000   458.79036      1344.0126      1802.803       156.90827      300.79279      0.14578786   
    139000   462.11254      1343.8812      1805.9938      107.04581      300.76338      0.15560425   
    140000   448.96854      1362.1439      1811.1125      131.15603      304.85061      0.15378717   
    141000   455.41122      1351.4154      1806.8266      147.96214      302.44954      0.14803946   
    142000   500.33723      1295.8508      1796.188       162.88105      290.01406      0.14434479   
    143000   498.46892      1376.1413      1874.6102      40.553292      307.98325      0.14926666   
    144000   485.61558      1328.7923      1814.4079      141.95636      297.38644      0.14647672   
    145000   452.42064      1346.464       1798.8847      179.91991      301.34142      0.14733727   
    146000   496.6892       1345.9148      1842.604       66.985399      301.21849      0.14411158   
    147000   463.85391      1348.0289      1811.8828      127.88898      301.69164      0.14353321   
    148000   479.16199      1335.6973      1814.8593      199.43975      298.9318       0.14503641   
    149000   481.17611      1327.2478      1808.4239      82.476586      297.04079      0.14779473   
    150000   476.20609      1341.8437      1818.0498      88.770463      300.30737      0.14232473   
    151000   476.61426      1358.965       1835.5793      283.42759      304.13916      0.14078308   
    152000   469.18367      1323.3867      1792.5704      86.104457      296.17666      0.14555332   
    153000   493.99367      1353.9183      1847.9119      79.884126      303.00969      0.14796023   
    154000   464.64411      1373.3454      1837.9895      302.49991      307.35752      0.1548678    
    155000   440.64852      1343.4301      1784.0786      104.98524      300.66241      0.14801526   
    156000   454.05294      1324.2121      1778.265       65.866356      296.36138      0.14836541   
    157000   470.72894      1341.6232      1812.3521      236.99698      300.25802      0.15723279   
    158000   455.19483      1342.5347      1797.7295      126.50959      300.46201      0.16055597   
    159000   478.45766      1366.0172      1844.4749      49.350086      305.71745      0.1539568    
    159001   467.44566      1372.835       1840.2806      61.395355      307.24328      0.15403442   
Loop time of 269.89 on 8 procs for 50000 steps with 1500 atoms

Performance: 8.003 ns/day, 2.999 hours/ns, 185.260 timesteps/s, 277.891 katom-step/s
99.3% CPU use with 8 MPI tasks x 1 OpenMP threads

MPI task timing breakdown:
Section |  min time  |  avg time  |  max time  |%varavg| %total
---------------------------------------------------------------
Pair    | 8.7899     | 9.2097     | 9.8145     |  11.9 |  3.41
Bond    | 0.53401    | 0.55891    | 0.576      |   2.0 |  0.21
Kspace  | 118.75     | 119.35     | 119.77     |   3.4 | 44.22
Neigh   | 0.1992     | 0.19972    | 0.20007    |   0.1 |  0.07
Comm    | 3.7033     | 3.7322     | 3.7515     |   0.8 |  1.38
Output  | 0.0025497  | 0.0027542  | 0.0040845  |   1.0 |  0.00
Modify  | 119.99     | 128.66     | 136.02     |  52.0 | 47.67
Other   |            | 8.173      |            |       |  3.03

Nlocal:          187.5 ave         211 max         158 min
Histogram: 1 0 0 2 0 1 1 1 1 1
Nghost:         1584.5 ave        1624 max        1540 min
Histogram: 2 1 1 0 0 0 0 0 1 3
Neighs:        13261.1 ave       17086 max        9595 min
Histogram: 1 0 3 0 0 0 1 1 1 1

Total # of neighbors = 106089
Ave neighs/atom = 70.726
Ave special neighs/atom = 2
Neighbor list builds = 404
Dangerous builds = 0

#-----------------------
# Run (Initialization)
#-----------------------

unfix       runnpt
reset_timestep 0

fix runnpt all npt temp ${simulationTemp} ${simulationTemp} 100 iso ${pressure} ${pressure} 1000
fix runnpt all npt temp 300 ${simulationTemp} 100 iso ${pressure} ${pressure} 1000
fix runnpt all npt temp 300 300 100 iso ${pressure} ${pressure} 1000
fix runnpt all npt temp 300 300 100 iso 138.18 ${pressure} 1000
fix runnpt all npt temp 300 300 100 iso 138.18 138.18 1000

timestep    ${timestep}
timestep    0.5
run         ${Ninpt}
run         400000
PPPM initialization ...
  using 12-bit tables for long-range coulomb (src/kspace.cpp:342)
  G vector (1/distance) = 0.26929106
  grid = 50 50 50
  stencil order = 5
  estimated absolute RMS force accuracy = 0.00036115306
  estimated relative force accuracy = 1.0876017e-06
  using single precision FFTW3
  3d grid and FFT values/proc = 32768 16250
Generated 1 of 1 mixed pair_coeff terms from arithmetic mixing rule
Last active /omp style is kspace_style pppm/omp
Per MPI rank memory allocation (min/avg/max) = 8.65 | 8.672 | 8.694 Mbytes
   Step         PotEng         KinEng         TotEng         Press           Temp        v_Density   
         0   467.44394      1372.835       1840.2789      61.393044      307.24328      0.15403442   
      1000   458.21696      1345.3058      1803.5228      56.065252      301.0822       0.15419107   
      2000   429.3116       1395.1017      1824.4133      142.99536      312.22662      0.15557834   
      3000   489.21         1325.5396      1814.7496      184.99348      296.65849      0.15293221   
      4000   456.85542      1331.3287      1788.1841      196.30161      297.95408      0.1452972    
      5000   491.57788      1324.9845      1816.5624      169.02984      296.53425      0.14052633   
      6000   479.95898      1345.4378      1825.3968      102.01143      301.11175      0.14204915   
      7000   479.71836      1339.3318      1819.0502      17.119087      299.74521      0.14536527   
      8000   451.60617      1285.2676      1736.8738     -22.44732       287.64553      0.15018174   
      9000   466.53951      1315.0343      1781.5738     -3.4972894      294.30737      0.15305339   
     10000   452.2442       1353.3824      1805.6266      72.669621      302.88975      0.15537039   
     11000   461.77837      1340.6266      1802.405       150.87625      300.03499      0.15488308   
     12000   458.80929      1338.5237      1797.333       187.67145      299.56436      0.15207228   
     13000   464.14084      1351.0411      1815.182       221.97388      302.36578      0.14996727   
     14000   461.61548      1349.1078      1810.7233      178.8353       301.9331       0.14608576   
     15000   499.04939      1346.1636      1845.213       134.02536      301.27418      0.14274877   
     16000   482.35802      1392.6619      1875.0199      86.633492      311.68058      0.14137149   
     17000   486.62704      1374.2997      1860.9268      36.558442      307.5711       0.14533929   
     18000   458.60104      1336.567       1795.168       57.719613      299.12643      0.1540458    
     19000   460.80656      1343.9096      1804.7162      106.77277      300.76974      0.15696048   
     20000   463.20258      1353.3141      1816.5166      198.0012       302.87447      0.153913     
     21000   455.6414       1367.5867      1823.2281      213.20692      306.06871      0.15038832   
     22000   473.98464      1343.4958      1817.4804      220.84949      300.67711      0.146864     
     23000   437.78512      1352.3628      1790.1479      157.5721       302.66156      0.14347922   
     24000   476.53936      1295.8477      1772.387       117.63031      290.01337      0.14426852   
     25000   461.61459      1321.0388      1782.6534      91.429336      295.6512       0.14709632   
     26000   472.02489      1335.1893      1807.2142      93.293975      298.81811      0.14882573   
     27000   444.68153      1313.0117      1757.6932      96.680902      293.85471      0.14874592   
     28000   463.09284      1334.304       1797.3969      153.74481      298.61998      0.14780812   
     29000   471.6564       1321.5249      1793.1813      172.44794      295.75999      0.14355651   
     30000   469.79597      1310.7122      1780.5081      143.4951       293.34007      0.13895031   
     31000   461.61024      1267.56        1729.1703      128.26442      283.68254      0.13966218   
     32000   482.15269      1302.6877      1784.8404      119.21617      291.54419      0.14573063   
     33000   461.82729      1333.8596      1795.6869      76.060288      298.52052      0.14994828   
     34000   449.76678      1321.8197      1771.5865      88.989907      295.82596      0.15187189   
     35000   447.18891      1325.1433      1772.3322      137.72705      296.5698       0.15021422   
     36000   469.0988       1288.3429      1757.4417      153.41664      288.33379      0.14888465   
     37000   427.24307      1364.9695      1792.2126      184.23157      305.48298      0.14866829   
     38000   482.23559      1346.5917      1828.8273      218.89378      301.36999      0.14754927   
     39000   455.26002      1381.6472      1836.9072      171.06586      309.21548      0.14368993   
     40000   474.3632       1372.511       1846.8742      144.79068      307.17079      0.143493     
     41000   455.04691      1390.3638      1845.4107      101.42277      311.16626      0.14687024   
     42000   479.41283      1325.8031      1805.216       77.308322      296.71746      0.1511256    
     43000   480.15064      1321.2379      1801.3885      110.54253      295.69575      0.15217176   
     44000   454.91537      1342.3876      1797.303       119.13267      300.4291       0.15011497   
     45000   453.64126      1374.7347      1828.376       131.39497      307.66845      0.1469569    
     46000   485.76339      1389.0163      1874.7797      177.58533      310.8647       0.14603152   
     47000   480.6013       1359.4084      1840.0097      156.11479      304.23839      0.14684799   
     48000   461.77142      1346.7863      1808.5577      188.03         301.41354      0.14990049   
     49000   453.49498      1367.7891      1821.2841      119.23127      306.114        0.15320916   
     50000   459.74341      1358.5939      1818.3373      74.410306      304.05611      0.15567944   
     51000   477.44498      1357.8997      1835.3446      91.14669       303.90073      0.15402042   
     52000   444.90451      1357.7964      1802.7009      106.97521      303.87762      0.1487086    
     53000   468.05284      1336.5971      1804.6499      115.92981      299.13316      0.14368436   
     54000   481.61323      1298.8307      1780.444       111.91001      290.68098      0.14190905   
     55000   467.18108      1334.285       1801.4661      145.44696      298.61572      0.14400868   
     56000   454.40341      1333.8072      1788.2106      80.572085      298.50879      0.14930866   
     57000   465.58223      1342.6558      1808.238       81.171848      300.48913      0.15367294   
     58000   462.26435      1357.2091      1819.4735      125.02655      303.74619      0.15309236   
     59000   473.9099       1368.3782      1842.2881      148.18366      306.24585      0.15167291   
     60000   488.81856      1364.9609      1853.7794      150.08616      305.48104      0.14986806   
     61000   479.73427      1387.8694      1867.6037      143.75519      310.60802      0.14733551   
     62000   471.29138      1371.8953      1843.1866      173.25716      307.03298      0.14419388   
     63000   453.88445      1371.9843      1825.8687      176.57941      307.0529       0.14232878   
     64000   474.23178      1385.2213      1859.4531      170.97553      310.01538      0.14398216   
     65000   468.18581      1398.1764      1866.3622      110.49616      312.91475      0.14570875   
     66000   454.39802      1375.4399      1829.838       103.61493      307.82628      0.148967     
     67000   483.18905      1326.3318      1809.5209      93.696462      296.83579      0.15385022   
     68000   465.55646      1329.6512      1795.2077      103.10395      297.57867      0.15529535   
     69000   458.41492      1300.9457      1759.3606      78.620342      291.15431      0.15309068   
     70000   476.76028      1331.358       1808.1183      100.85293      297.96066      0.15067257   
     71000   481.66451      1324.7026      1806.3671      111.08253      296.47115      0.14675477   
     72000   468.88654      1361.2998      1830.1863      164.11642      304.66169      0.14598122   
     73000   473.29299      1354.6217      1827.9147      232.45066      303.16713      0.14923476   
     74000   444.94579      1374.2958      1819.2416      263.0652       307.57023      0.15378688   
     75000   459.93331      1376.8496      1836.7829      201.79539      308.14177      0.15647264   
     76000   459.73257      1414.6605      1874.3931      161.67032      316.60393      0.15570385   
     77000   474.14974      1363.2486      1837.3983      89.157928      305.09784      0.15009682   
     78000   486.39497      1354.2216      1840.6165      60.43347       303.07756      0.14598584   
     79000   492.70886      1352.5306      1845.2395      95.102034      302.69913      0.14551915   
     80000   481.70728      1330.1682      1811.8755      110.77911      297.69438      0.14630467   
     81000   476.49858      1328.9669      1805.4655      121.50433      297.42552      0.14634007   
     82000   447.50463      1319.5293      1767.0339      126.75734      295.31336      0.1458468    
     83000   458.32127      1326.6496      1784.9709      151.75661      296.9069       0.14819238   
     84000   454.26488      1341.5955      1795.8604      159.73069      300.25183      0.15417449   
     85000   449.35857      1300.6926      1750.0511      187.94989      291.09766      0.15843066   
     86000   431.35876      1334.2304      1765.5892      178.32519      298.60351      0.15840646   
     87000   446.73441      1324.3516      1771.086       134.61425      296.3926       0.15720199   
     88000   434.98137      1332.5092      1767.4905      101.04289      298.21829      0.15639652   
     89000   446.69334      1333.7281      1780.4214      96.603374      298.49109      0.15633264   
     90000   482.07504      1282.0582      1764.1332      72.137053      286.92726      0.15460648   
     91000   464.82912      1345.9174      1810.7466      112.8577       301.21909      0.15217512   
     92000   455.62287      1359.0116      1814.6345      178.36319      304.14959      0.15048707   
     93000   471.166        1363.0607      1834.2267      215.77822      305.05579      0.15046891   
     94000   477.50058      1343.1196      1820.6202      138.43423      300.59292      0.15226173   
     95000   465.85544      1372.4377      1838.2931      171.74893      307.15436      0.15638094   
     96000   447.0071       1355.489       1802.4961      73.798259      303.36121      0.15594612   
     97000   461.31776      1372.1126      1833.4303      66.664137      307.08161      0.15087243   
     98000   464.63231      1345.3131      1809.9454      85.537594      301.08384      0.14457102   
     99000   465.25474      1305.5375      1770.7922      119.62077      292.18196      0.14247632   
    100000   473.02429      1340.7763      1813.8006      165.03291      300.06849      0.14493645   
    101000   443.81036      1370.154       1813.9644      185.66831      306.64328      0.14812206   
    102000   491.80669      1338.3438      1830.1504      147.76042      299.52408      0.15210407   
    103000   465.13813      1382.1273      1847.2655      121.48707      309.32294      0.15550703   
    104000   483.70414      1370.318       1854.0221      103.22732      306.67998      0.15487489   
    105000   469.05271      1356.637       1825.6897      28.967836      303.61814      0.15049363   
    106000   464.43635      1364.1203      1828.5566      37.464596      305.29291      0.14828655   
    107000   466.10264      1352.9066      1819.0092      108.03245      302.78326      0.1504543    
    108000   465.6249       1353.6517      1819.2766      170.97705      302.95003      0.15198419   
    109000   445.78955      1303.1613      1748.9508      183.94139      291.65017      0.15187853   
    110000   461.44303      1287.4657      1748.9087      151.7238       288.13746      0.14972031   
    111000   466.63825      1337.9128      1804.5511      141.57727      299.42764      0.14523838   
    112000   447.01757      1327.3891      1774.4067      137.50285      297.0724       0.14111988   
    113000   471.63764      1297.5738      1769.2114      112.26525      290.39967      0.13926723   
    114000   490.58926      1305.8377      1796.427       96.57114       292.24917      0.14387407   
    115000   464.14811      1323.5083      1787.6564      115.31849      296.20387      0.14893738   
    116000   429.96295      1349.6458      1779.6088      109.65406      302.0535       0.14966928   
    117000   472.76873      1289.3541      1762.1228      119.08269      288.56009      0.14837143   
    118000   449.29583      1302.6063      1751.9022      123.66583      291.52597      0.14768488   
    119000   487.09937      1346.329       1833.4284      131.05582      301.3112       0.14861224   
    120000   478.34404      1337.8534      1816.1974      135.49694      299.41433      0.15002911   
    121000   479.92454      1360.9079      1840.8325      128.37889      304.57398      0.15175083   
    122000   468.41052      1365.2843      1833.6948      83.732314      305.55343      0.15357976   
    123000   482.20965      1346.5798      1828.7895      118.50514      301.36733      0.15312898   
    124000   459.41298      1375.5147      1834.9277      101.86067      307.84301      0.14822555   
    125000   494.02698      1379.8462      1873.8732      137.57456      308.81242      0.14437346   
    126000   472.58848      1365.1562      1837.7446      133.0177       305.52475      0.14532328   
    127000   461.45654      1332.1699      1793.6264      153.44319      298.14236      0.15037305   
    128000   457.19867      1401.4015      1858.6002      146.43006      313.63654      0.15362113   
    129000   482.63547      1349.5195      1832.155       120.26599      302.02523      0.15360334   
    130000   459.46691      1346.9924      1806.4593      120.26022      301.45966      0.15262999   
    131000   460.02068      1360.5195      1820.5402      147.15275      304.48706      0.15182783   
    132000   459.63552      1345.8479      1805.4834      174.70199      301.20352      0.15048867   
    133000   459.04303      1310.8324      1769.8754      147.4063       293.36697      0.14872517   
    134000   434.8114       1298.8546      1733.666       163.75737      290.68634      0.14826584   
    135000   480.6917       1303.9634      1784.6551      191.81282      291.82968      0.15551763   
    136000   413.7016       1343.4279      1757.1295      177.24133      300.66192      0.16382521   
    137000   436.83448      1343.0659      1779.9004      118.50134      300.5809       0.16620092   
    138000   436.47917      1346.4513      1782.9304      132.00811      301.33856      0.16538786   
    139000   457.59121      1369.5624      1827.1536      138.71548      306.51089      0.15913657   
    140000   476.68286      1345.78        1822.4628      175.97877      301.18832      0.1543439    
    141000   473.14351      1372.1658      1845.3093      246.10545      307.09353      0.15160308   
    142000   469.01593      1344.8426      1813.8585      253.52786      300.97852      0.14939581   
    143000   488.47935      1368.6063      1857.0856      221.08986      306.29689      0.1493319    
    144000   477.66901      1348.6925      1826.3615      158.55989      301.84015      0.15054664   
    145000   493.64956      1347.6005      1841.25        113.52272      301.59575      0.15227615   
    146000   474.30471      1363.7705      1838.0752      113.70929      305.21464      0.15455387   
    147000   458.19537      1318.0915      1776.2869      126.34745      294.99159      0.15979888   
    148000   450.7805       1286.0903      1736.8708      154.09641      287.82965      0.16714161   
    149000   438.65076      1279.3506      1718.0013      161.17473      286.32128      0.16768153   
    150000   416.89207      1340.4449      1757.337       150.45789      299.99433      0.16281835   
    151000   461.46189      1341.3761      1802.838       134.76982      300.20273      0.15747302   
    152000   473.82018      1325.8342      1799.6544      95.266235      296.72442      0.15292185   
    153000   463.12655      1320.367       1783.4935      92.634093      295.50084      0.15157847   
    154000   464.2615       1339.7353      1803.9968      158.21452      299.8355       0.15426828   
    155000   457.21102      1335.9775      1793.1886      144.04467      298.99451      0.15510393   
    156000   459.79856      1307.008       1766.8066      204.09395      292.51108      0.15567965   
    157000   458.04683      1323.4942      1781.5411      190.19183      296.20073      0.15455671   
    158000   469.44196      1331.285       1800.727       110.63303      297.94433      0.15185572   
    159000   481.2587       1331.0796      1812.3383      62.648456      297.89834      0.15058835   
    160000   459.41899      1302.5009      1761.9199      62.94899       291.50238      0.15082767   
    161000   466.82397      1315.0272      1781.8511      121.63895      294.30578      0.15373012   
    162000   449.56961      1333.1863      1782.7559      156.41395      298.36984      0.15768122   
    163000   441.16838      1323.5943      1764.7627      131.92611      296.22313      0.16186674   
    164000   432.26762      1348.8931      1781.1608      117.06478      301.88505      0.16332486   
    165000   454.75756      1306.6244      1761.382       62.222603      292.42523      0.16200978   
    166000   483.9956       1316.0563      1800.0519      70.831386      294.53611      0.15640453   
    167000   476.58146      1319.0165      1795.598       85.514647      295.19861      0.14734396   
    168000   476.32806      1313.143       1789.4711      126.9366       293.88411      0.14568664   
    169000   488.86509      1293.0729      1781.938       122.03987      289.39238      0.14746704   
    170000   460.57035      1335.5468      1796.1172      183.3533       298.89813      0.15315906   
    171000   440.06409      1356.7505      1796.8146      207.86397      303.64354      0.15648369   
    172000   472.55668      1356.0296      1828.5863      213.80925      303.48221      0.15914623   
    173000   444.18498      1368.2153      1812.4003      227.11806      306.20939      0.16114747   
    174000   448.77895      1361.8679      1810.6469      162.08967      304.78884      0.16168182   
    175000   454.73705      1344.3849      1799.122       121.67286      300.87611      0.16034605   
    176000   461.92751      1380.1753      1842.1028      126.51431      308.88607      0.15844887   
    177000   447.82985      1354.0808      1801.9106      115.72747      303.04606      0.15502067   
    178000   491.06818      1358.9228      1849.991       144.36673      304.12971      0.15231366   
    179000   480.1193       1335.8821      1816.0014      133.57655      298.97316      0.14999591   
    180000   459.78222      1313.2004      1772.9827      133.96088      293.89696      0.1494797    
    181000   466.0674       1336.7503      1802.8177      152.23294      299.16747      0.15138592   
    182000   461.6171       1348.2835      1809.9006      148.0068       301.74861      0.15604153   
    183000   469.2367       1343.3215      1812.5582      216.08064      300.63812      0.16027763   
    184000   429.61399      1397.6301      1827.2441      239.52482      312.79249      0.15964985   
    185000   456.96049      1318.4097      1775.3702      190.37661      295.0628       0.15630692   
    186000   458.95775      1368.4218      1827.3796      195.76196      306.25562      0.15148202   
    187000   473.75563      1342.4313      1816.1869      117.51774      300.43889      0.14340768   
    188000   478.18347      1324.4066      1802.5901      66.629015      296.40492      0.14096476   
    189000   482.3875       1282.4952      1764.8827      30.912759      287.02507      0.14227959   
    190000   481.38865      1306.4975      1787.8862      73.653381      292.39682      0.14637958   
    191000   472.28429      1314.3709      1786.6552      103.90484      294.15891      0.15068685   
    192000   467.54016      1301.8556      1769.3957      156.61843      291.35795      0.15225968   
    193000   447.9868       1301.6069      1749.5937      178.16984      291.30229      0.15092173   
    194000   453.72054      1360.3349      1814.0555      163.11504      304.44575      0.14869517   
    195000   462.80269      1375.9812      1838.7839      127.82889      307.94742      0.14646768   
    196000   464.67203      1391.1368      1855.8089      114.26081      311.33928      0.14483923   
    197000   489.12239      1345.2584      1834.3808      107.51418      301.0716       0.1459789    
    198000   476.08588      1366.229       1842.3149      158.11357      305.76486      0.15383877   
    199000   452.25226      1392.1439      1844.3962      189.9078       311.56467      0.15791987   
    200000   479.73297      1355.3901      1835.1231      177.13459      303.3391       0.1558969    
    201000   496.93075      1376.7748      1873.7055      140.20988      308.12502      0.15172647   
    202000   473.86242      1355.6037      1829.4661      76.779836      303.38688      0.14690922   
    203000   456.6717       1361.9088      1818.5805      54.477211      304.79799      0.14763005   
    204000   473.10132      1370.7093      1843.8106      100.23133      306.76755      0.15143062   
    205000   470.97201      1343.3168      1814.2888      151.34265      300.63705      0.15351345   
    206000   476.6466       1325.8368      1802.4834      166.92517      296.725        0.15527181   
    207000   452.73261      1324.0039      1776.7365      174.2454       296.31479      0.15567623   
    208000   454.36368      1299.7178      1754.0815      84.553168      290.87951      0.15240936   
    209000   476.54403      1277.6317      1754.1758      50.419906      285.9366       0.14808576   
    210000   479.50769      1329.8111      1809.3187      13.218918      297.61444      0.14398914   
    211000   478.78816      1348.9944      1827.7826      31.623002      301.90772      0.14187739   
    212000   467.67967      1358.5973      1826.277       80.500229      304.05687      0.14331633   
    213000   507.27468      1372.1598      1879.4345      199.61606      307.09218      0.14624098   
    214000   481.43846      1346.814       1828.2524      243.25274      301.41973      0.14702781   
    215000   466.40947      1371.9975      1838.407       249.01175      307.05586      0.15021622   
    216000   466.54369      1310.1828      1776.7265      221.01959      293.22161      0.15540635   
    217000   446.98617      1316.1721      1763.1582      148.90126      294.56201      0.15799677   
    218000   487.94894      1285.0829      1773.0319      29.23251       287.6042       0.15488312   
    219000   443.32801      1284.7188      1728.0468     -25.247385      287.5227       0.14773317   
    220000   454.15809      1326.8118      1780.9699      22.737793      296.9432       0.14422862   
    221000   476.33556      1336.188       1812.5235      68.665318      299.04161      0.14491417   
    222000   444.56417      1336.9792      1781.5434      185.79192      299.2187       0.14640427   
    223000   456.7964       1316.3814      1773.1778      230.41064      294.60886      0.14889838   
    224000   442.27722      1323.4809      1765.7581      249.92722      296.19773      0.15146982   
    225000   466.11226      1290.0487      1756.161       209.91001      288.71556      0.15135847   
    226000   456.74422      1366.2045      1822.9487      180.88096      305.75938      0.15159821   
    227000   483.96524      1348.3884      1832.3536      109.39419      301.77209      0.15073697   
    228000   484.57891      1377.5742      1862.1531      97.966341      308.30392      0.15007502   
    229000   477.61883      1403.2889      1880.9077      137.13852      314.05893      0.15192228   
    230000   471.6863       1381.8987      1853.585       157.32366      309.27176      0.15479841   
    231000   464.4192       1364.0568      1828.476       178.17356      305.27872      0.15863028   
    232000   472.70355      1345.8656      1818.5691      145.16269      301.20748      0.16151038   
    233000   462.84074      1325.8607      1788.7014      145.37836      296.73034      0.16166233   
    234000   444.69266      1282.4157      1727.1084      136.12884      287.00727      0.15417008   
    235000   468.82061      1309.5659      1778.3865      100.27379      293.08354      0.14817094   
    236000   497.30514      1294.4164      1791.7215      75.599622      289.69304      0.14793736   
    237000   476.98328      1326.0211      1803.0044      81.010546      296.76625      0.15015906   
    238000   458.94065      1302.8535      1761.7941      45.476769      291.58128      0.15306304   
    239000   451.63246      1296.8875      1748.52        21.349885      290.2461       0.15613752   
    240000   465.88643      1324.6305      1790.517       69.456244      296.45503      0.15913611   
    241000   463.47989      1319.0856      1782.5655      97.830869      295.21406      0.15934597   
    242000   468.89068      1333.703       1802.5937      165.60284      298.48547      0.15678974   
    243000   449.99579      1297.0952      1747.091       185.48242      290.29256      0.1489319    
    244000   481.62111      1355.5079      1837.1291      214.21054      303.36546      0.14434069   
    245000   519.82535      1334.8998      1854.7251      165.51267      298.75331      0.1456106    
    246000   474.20414      1362.0443      1836.2485      101.15425      304.82832      0.14985049   
    247000   452.06275      1338.6158      1790.6785      97.80351       299.58496      0.15450665   
    248000   462.53222      1341.8418      1804.374       109.30896      300.30695      0.15588196   
    249000   444.68669      1303.3887      1748.0754      176.98017      291.70108      0.15575376   
    250000   450.88256      1290.2182      1741.1008      186.674        288.75349      0.15569001   
    251000   489.62816      1301.6681      1791.2963      210.89167      291.316        0.15662603   
    252000   463.82925      1319.9793      1783.8085      156.3713       295.41407      0.1562029    
    253000   467.36398      1291.084       1758.448       107.0582       288.94725      0.15486281   
    254000   455.58185      1369.182       1824.7638      53.092856      306.42573      0.15001744   
    255000   466.26989      1363.8384      1830.1082      42.523839      305.22982      0.14502272   
    256000   479.7226       1375.736       1855.4586      54.271962      307.89255      0.14414069   
    257000   508.61512      1360.8244      1869.4395      113.86622      304.55529      0.14728217   
    258000   468.90206      1375.6882      1844.5903      211.65111      307.88184      0.15067098   
    259000   469.04242      1354.0047      1823.0471      214.34542      303.02903      0.15223712   
    260000   461.54391      1362.931       1824.4749      245.8495       305.02675      0.15203621   
    261000   485.68064      1359.9889      1845.6696      269.12101      304.36831      0.1509966    
    262000   474.23186      1361.237       1835.4688      236.97219      304.64763      0.14843466   
    263000   461.42126      1381.6813      1843.1026      196.56134      309.22311      0.14747931   
    264000   490.75802      1366.8373      1857.5953      123.34658      305.901        0.14651508   
    265000   466.08871      1363.5388      1829.6275      70.376871      305.16277      0.14610544   
    266000   491.21215      1351.0411      1842.2532      56.982808      302.36577      0.15203156   
    267000   433.72083      1425.1481      1858.869       87.110135      318.95107      0.15903464   
    268000   466.51279      1375.1583      1841.6711      77.085814      307.76326      0.15972545   
    269000   464.25351      1349.2845      1813.538       111.48159      301.97264      0.15899858   
    270000   457.1335       1345.4706      1802.6041      95.451513      301.11909      0.15680551   
    271000   452.73386      1368.3991      1821.133       99.461399      306.25053      0.15706203   
    272000   491.02432      1327.3187      1818.343       127.59863      297.05665      0.15787242   
    273000   473.05634      1346.8362      1819.8925      104.25948      301.4247       0.153998     
    274000   457.031        1368.6066      1825.6376      116.59696      306.29697      0.14901237   
    275000   500.00831      1373.0732      1873.0815      114.63482      307.2966       0.14287384   
    276000   477.8214       1353.9606      1831.782       123.43414      303.01916      0.13713355   
    277000   514.63476      1358.4693      1873.1041      136.92278      304.02822      0.13938656   
    278000   496.18796      1334.4507      1830.6387      118.88411      298.65281      0.14503204   
    279000   500.21867      1374.7101      1874.9288      116.42394      307.66294      0.14963033   
    280000   479.31551      1356.7947      1836.1102      113.54839      303.65343      0.15132846   
    281000   492.83988      1344.4019      1837.2417      104.59097      300.8799       0.15060719   
    282000   457.08029      1338.1609      1795.2412      142.68583      299.48317      0.14844065   
    283000   473.37223      1288.9347      1762.3069      143.53967      288.46623      0.14510342   
    284000   451.86527      1300.9113      1752.7766      162.99753      291.14662      0.14490374   
    285000   478.30018      1305.0467      1783.3469      208.56331      292.07213      0.15031801   
    286000   465.87696      1320.2826      1786.1595      206.40753      295.48195      0.15616101   
    287000   461.44772      1304.968       1766.4157      187.79384      292.05452      0.15853749   
    288000   431.60046      1309.8078      1741.4083      192.44261      293.13768      0.15852037   
    289000   456.35022      1297.1541      1753.5043      154.64558      290.30575      0.1588198    
    290000   460.19532      1320.5428      1780.7381      125.24382      295.54018      0.15937897   
    291000   436.79496      1302.0372      1738.8322      101.53802      291.3986       0.15803442   
    292000   468.24169      1292.0295      1760.2712      43.185766      289.15885      0.15554173   
    293000   470.23358      1305.7592      1775.9927      96.493907      292.23158      0.15379592   
    294000   467.57333      1326.3648      1793.9381      135.72154      296.84316      0.15190768   
    295000   451.61359      1348.6334      1800.247       160.69898      301.82692      0.15292848   
    296000   459.39156      1301.3256      1760.7171      160.60763      291.23933      0.15585423   
    297000   476.33522      1321.3608      1797.6961      151.9876       295.72327      0.15903173   
    298000   434.64092      1357.6709      1792.3118      172.14267      303.84953      0.16265002   
    299000   451.08431      1339.6507      1790.735       147.27611      299.81658      0.16662037   
    300000   442.67022      1336.9936      1779.6638      158.73668      299.22191      0.1691786    
    301000   431.75691      1312.1884      1743.9453      190.8661       293.67045      0.16887746   
    302000   436.98815      1329.75        1766.7382      188.25612      297.60079      0.16321842   
    303000   440.46199      1335.2223      1775.6843      172.70924      298.82548      0.15590458   
    304000   488.99774      1311.6538      1800.6516      129.2012       293.55082      0.15221665   
    305000   458.77329      1327.7643      1786.5376      134.03093      297.15638      0.15098984   
    306000   488.94136      1328.0852      1817.0266      62.145497      297.2282       0.15008076   
    307000   488.84479      1333.145       1821.9897      58.565772      298.36058      0.15247442   
    308000   453.91661      1344.8561      1798.7727      106.53316      300.98155      0.15944048   
    309000   477.86333      1330.7162      1808.5796      75.587331      297.81702      0.16042018   
    310000   472.46145      1334.0771      1806.5386      162.00541      298.5692       0.15996124   
    311000   466.98361      1310.0978      1777.0814      176.69118      293.20258      0.15823644   
    312000   469.14291      1323.2409      1792.3838      153.54578      296.14402      0.15594731   
    313000   449.16229      1342.9999      1792.1622      194.88749      300.56613      0.15518807   
    314000   465.15209      1310.6877      1775.8398      122.18536      293.3346       0.15620159   
    315000   469.06182      1320.7309      1789.7927      56.797112      295.58228      0.1584695    
    316000   442.64741      1328.143       1770.7904      33.97997       297.24113      0.16154346   
    317000   426.26731      1312.5134      1738.7807      91.544737      293.74318      0.16378453   
    318000   448.79378      1332.7332      1781.527       172.08546      298.26843      0.16171      
    319000   472.28106      1324.3804      1796.6615      144.31588      296.39906      0.15075575   
    320000   490.69516      1329.7239      1820.4191      153.79694      297.59494      0.14760856   
    321000   482.12356      1346.3865      1828.51        136.36321      301.32405      0.14924254   
    322000   485.51184      1372.05        1857.5618      82.549009      307.0676       0.15324038   
    323000   491.28428      1342.8654      1834.1497      20.45713       300.53604      0.1576758    
    324000   455.81824      1358.1799      1813.9982      18.261992      303.96346      0.16026695   
    325000   449.30627      1371.5141      1820.8203      32.38985       306.94767      0.15889326   
    326000   475.61766      1345.8495      1821.4671      67.221977      301.20387      0.15534394   
    327000   481.13039      1369.8069      1850.9373      154.76955      306.56559      0.15373113   
    328000   469.74741      1364.2768      1834.0242      161.33175      305.32795      0.15300999   
    329000   469.6526       1373.2659      1842.9185      172.01006      307.33973      0.1532193    
    330000   451.87863      1339.2525      1791.1311      207.42569      299.72746      0.1532206    
    331000   468.62029      1333.4431      1802.0634      216.08607      298.4273       0.15207856   
    332000   476.55814      1316.9281      1793.4862      235.09606      294.73121      0.14995449   
    333000   466.85558      1323.8248      1790.6804      204.21711      296.27472      0.1465079    
    334000   448.75478      1312.5539      1761.3087      179.48768      293.75226      0.14197664   
    335000   461.50743      1357.8981      1819.4056      159.4605       303.90039      0.13904756   
    336000   495.96135      1365.3878      1861.3492      142.32153      305.5766       0.13873353   
    337000   476.90674      1374.1192      1851.026       145.3048       307.5307       0.14129282   
    338000   500.45111      1359.9334      1860.3846      146.4577       304.3559       0.14932262   
    339000   479.00976      1369.7749      1848.7846      79.429696      306.55843      0.15324001   
    340000   468.93389      1318.1427      1787.0766      2.1474211      295.00305      0.15479243   
    341000   458.34847      1315.5637      1773.9122     -4.9182399      294.42586      0.15764477   
    342000   470.64686      1317.6947      1788.3416      66.249749      294.90279      0.16132152   
    343000   433.40364      1328.3486      1761.7522      198.26549      297.28714      0.16341665   
    344000   457.08746      1284.8447      1741.9321      259.40437      287.55087      0.16207199   
    345000   444.37069      1325.2882      1769.6589      289.21147      296.60221      0.15709225   
    346000   473.88337      1339.7561      1813.6394      214.45947      299.84016      0.15025056   
    347000   482.62098      1335.2304      1817.8514      96.238627      298.82731      0.1481315    
    348000   469.88332      1340.1217      1810.005       53.605         299.92199      0.14775974   
    349000   486.05433      1337.6956      1823.7499      44.356792      299.37901      0.1486315    
    350000   459.23028      1371.4709      1830.7012      75.797506      306.938        0.15178121   
    351000   467.08328      1349.4147      1816.498       98.983519      302.00178      0.15719289   
    352000   453.8294       1364.2262      1818.0556      137.08621      305.31662      0.16142201   
    353000   419.85178      1358.498       1778.3498      124.57991      304.03464      0.16192555   
    354000   457.95286      1329.3959      1787.3488      120.58972      297.52153      0.16077581   
    355000   422.57725      1296.7766      1719.3539      117.85466      290.22127      0.15681192   
    356000   468.61166      1328.0678      1796.6794      136.84316      297.22429      0.15509141   
    357000   449.7887       1326.5716      1776.3603      154.43438      296.88944      0.15368285   
    358000   478.33481      1331.2159      1809.5508      184.47774      297.92886      0.15241802   
    359000   471.71834      1347.9115      1819.6298      143.08347      301.66536      0.14798293   
    360000   465.17662      1366.1945      1831.3711      132.70597      305.75712      0.14520166   
    361000   485.28199      1344.5626      1829.8446      101.71138      300.91588      0.14650607   
    362000   482.6976       1393.5061      1876.2037      99.353846      311.86952      0.15078565   
    363000   467.35259      1364.1853      1831.5379      103.90282      305.30748      0.1533666    
    364000   480.52638      1372.4408      1852.9672      86.709261      307.15506      0.15325268   
    365000   495.63941      1396.9424      1892.5818      97.693408      312.63857      0.15222254   
    366000   485.648        1379.0857      1864.7337      106.08308      308.64221      0.14992714   
    367000   481.55544      1360.4138      1841.9693      132.93781      304.46341      0.15050605   
    368000   473.1317       1337.6923      1810.824       170.0421       299.37828      0.15821854   
    369000   413.56604      1365.8907      1779.4567      254.91371      305.68914      0.16564976   
    370000   438.22763      1351.2123      1789.4399      239.10577      302.40408      0.1660691    
    371000   456.25636      1349.7379      1805.9942      149.47128      302.07411      0.16177644   
    372000   470.85933      1328.7109      1799.5703      55.671448      297.36823      0.15851429   
    373000   459.953        1338.5513      1798.5043      40.528557      299.57053      0.15643564   
    374000   445.19067      1345.899       1791.0897      17.831811      301.21497      0.15493568   
    375000   446.6728       1333.8211      1780.4939      55.223016      298.5119       0.15597379   
    376000   441.1282       1344.9916      1786.1198      117.34612      301.01188      0.15990458   
    377000   455.02333      1324.274       1779.2974      122.07661      296.37525      0.16664576   
    378000   440.15665      1314.9977      1755.1543      110.38779      294.29918      0.17245476   
    379000   418.64934      1290.3394      1708.9887      85.766883      288.7806       0.17255755   
    380000   450.43313      1276.4147      1726.8478      112.58973      285.66423      0.16560181   
    381000   445.47313      1348.2286      1793.7017      71.717122      301.73632      0.15767216   
    382000   471.34728      1348.2626      1819.6099      98.993757      301.74393      0.15788664   
    383000   476.58814      1347.6002      1824.1884      160.08119      301.5957       0.15868782   
    384000   476.85834      1343.2076      1820.0659      180.40591      300.61262      0.15683355   
    385000   475.66012      1300.9458      1776.606       162.98763      291.15435      0.15501481   
    386000   486.58879      1312.8186      1799.4074      169.37855      293.8115       0.15680554   
    387000   429.66358      1356.7397      1786.4032      216.64165      303.64112      0.16306612   
    388000   425.55657      1315.3788      1740.9353      246.08551      294.38447      0.16992908   
    389000   428.93638      1312.567       1741.5034      163.48364      293.75519      0.17009938   
    390000   457.97246      1333.5606      1791.5331      113.81283      298.45361      0.16634568   
    391000   473.20446      1335.7768      1808.9812      63.674126      298.94959      0.16048164   
    392000   498.99358      1321.1081      1820.1017      92.570965      295.66671      0.15836891   
    393000   484.4216       1365.6226      1850.0442      136.33894      305.62914      0.15619452   
    394000   457.49155      1355.3879      1812.8795      153.40771      303.3386       0.15500758   
    395000   495.31806      1342.9096      1838.2277      123.63502      300.54593      0.15317745   
    396000   470.89201      1337.7912      1808.6832      132.28589      299.40041      0.15258308   
    397000   471.9992       1334.9375      1806.9367      136.50712      298.76176      0.15297838   
    398000   467.84884      1345.719       1813.5679      132.89297      301.17468      0.15953105   
    399000   450.73946      1359.0339      1809.7734      132.8279       304.15458      0.16447606   
    400000   458.16458      1385.5854      1843.75        127.03708      310.09686      0.16584775   
Loop time of 2138.9 on 8 procs for 400000 steps with 1500 atoms

Performance: 8.079 ns/day, 2.971 hours/ns, 187.012 timesteps/s, 280.518 katom-step/s
99.3% CPU use with 8 MPI tasks x 1 OpenMP threads

MPI task timing breakdown:
Section |  min time  |  avg time  |  max time  |%varavg| %total
---------------------------------------------------------------
Pair    | 68.594     | 72.717     | 76.757     |  32.1 |  3.40
Bond    | 4.2598     | 4.4017     | 4.5262     |   4.2 |  0.21
Kspace  | 937.52     | 941.9      | 946.48     |   9.8 | 44.04
Neigh   | 1.2368     | 1.2391     | 1.2418     |   0.2 |  0.06
Comm    | 29.189     | 29.551     | 29.804     |   3.1 |  1.38
Output  | 0.019493   | 0.26803    | 2.0075     | 127.0 |  0.01
Modify  | 951.72     | 1023.4     | 1084       | 149.8 | 47.84
Other   |            | 65.47      |            |       |  3.06

Nlocal:          187.5 ave         217 max         153 min
Histogram: 2 0 0 1 0 1 1 1 0 2
Nghost:           1716 ave        1781 max        1657 min
Histogram: 2 1 0 1 0 1 1 0 0 2
Neighs:        14529.9 ave       17869 max        9938 min
Histogram: 1 1 0 1 0 0 1 1 2 1

Total # of neighbors = 116239
Ave neighs/atom = 77.492667
Ave special neighs/atom = 2
Neighbor list builds = 2526
Dangerous builds = 0

unfix       runnpt
reset_timestep 0

#-------------------------------------------------- PRODUCTION ----------------------------------------------------------#

fix	            npt_production all npt temp ${simulationTemp} ${simulationTemp} 100.0 iso ${pressure} ${pressure} 1000.0
fix	            npt_production all npt temp 300 ${simulationTemp} 100.0 iso ${pressure} ${pressure} 1000.0
fix	            npt_production all npt temp 300 300 100.0 iso ${pressure} ${pressure} 1000.0
fix	            npt_production all npt temp 300 300 100.0 iso 138.18 ${pressure} 1000.0
fix	            npt_production all npt temp 300 300 100.0 iso 138.18 138.18 1000.0
fix             DensAve all ave/time 1 ${NBR} ${NBR} v_Density file density.dat
fix             DensAve all ave/time 1 20000 ${NBR} v_Density file density.dat
fix             DensAve all ave/time 1 20000 20000 v_Density file density.dat
fix             VoluAve all ave/time 1 ${npt_run} ${npt_run} v_Volume file volume.dat
fix             VoluAve all ave/time 1 2000000 ${npt_run} v_Volume file volume.dat
fix             VoluAve all ave/time 1 2000000 2000000 v_Volume file volume.dat
fix             Densfinal all ave/time 1 ${npt_run} ${npt_run} v_Density file density_final.dat
fix             Densfinal all ave/time 1 2000000 ${npt_run} v_Density file density_final.dat
fix             Densfinal all ave/time 1 2000000 2000000 v_Density file density_final.dat

restart         ${restartfreq} restart_${NAME}.1 restart_${NAME}.2
restart         1000000 restart_${NAME}.1 restart_${NAME}.2
restart         1000000 restart_N2.1 restart_${NAME}.2
restart         1000000 restart_N2.1 restart_N2.2

run             ${npt_run}
run             2000000
PPPM initialization ...
  using 12-bit tables for long-range coulomb (src/kspace.cpp:342)
  G vector (1/distance) = 0.26856647
  grid = 48 48 48
  stencil order = 5
  estimated absolute RMS force accuracy = 0.00040041027
  estimated relative force accuracy = 1.2058236e-06
  using single precision FFTW3
  3d grid and FFT values/proc = 29791 13824
Generated 1 of 1 mixed pair_coeff terms from arithmetic mixing rule
Last active /omp style is kspace_style pppm/omp
Per MPI rank memory allocation (min/avg/max) = 8.467 | 8.468 | 8.469 Mbytes
   Step         PotEng         KinEng         TotEng         Press           Temp        v_Density   
         0   458.16383      1385.5854      1843.7492      127.03737      310.09686      0.16584775   
      1000   443.03474      1364.5425      1807.5772      139.30186      305.38741      0.16491146   
      2000   455.82475      1353.8423      1809.667       114.54928      302.99268      0.16350561   
      3000   512.7161       1345.2936      1858.0097      46.505136      301.07948      0.15808883   
      4000   468.09103      1358.0373      1826.1283      59.490324      303.93154      0.15020623   
      5000   500.152        1342.3067      1842.4587      67.492398      300.411        0.14827083   
      6000   464.04074      1351.8987      1815.9394      133.55433      302.55769      0.14922288   
      7000   483.70516      1281.3882      1765.0933      185.81099      286.77731      0.15099174   
      8000   449.40075      1336.4917      1785.8924      208.28214      299.10958      0.15405519   
      9000   435.86219      1343.951       1779.8132      200.64309      300.77898      0.1579856    
     10000   473.44018      1331.6789      1805.1191      173.43854      298.03248      0.16159754   
     11000   474.35176      1331.5325      1805.8843      137.53602      297.99971      0.16493586   
     12000   455.20408      1353.3066      1808.5107      91.258698      302.8728       0.16567357   
     13000   451.53628      1334.3634      1785.8997      35.53309       298.63327      0.16241457   
     14000   480.08363      1353.9077      1833.9913      98.853695      303.00732      0.15591003   
     15000   467.77556      1359.7418      1827.5173      163.42186      304.313        0.14827475   
     16000   476.89436      1322.9881      1799.8825      230.32594      296.08746      0.1473074    
     17000   499.38563      1352.5577      1851.9433      232.54728      302.70519      0.14832782   
     18000   492.1769       1366.9389      1859.1158      177.75696      305.92374      0.15040327   
     19000   470.60063      1358.886       1829.4866      108.78541      304.12147      0.15450417   
     20000   475.23339      1390.2864      1865.5198      77.524823      311.14895      0.15783105   
     21000   476.22808      1398.932       1875.1601      86.92777       313.08385      0.15780069   
     22000   465.02997      1368.2185      1833.2485      135.54158      306.21011      0.15504871   
     23000   479.0103       1375.2215      1854.2318      139.70048      307.77739      0.15208186   
     24000   504.85384      1387.0696      1891.9235      167.35532      310.42903      0.15288699   
     25000   460.92523      1394.6413      1855.5665      178.18449      312.12358      0.15502155   
     26000   468.71028      1369.9547      1838.665       198.79945      306.59867      0.15779172   
     27000   462.30638      1355.5196      1817.826       147.7368       303.36807      0.16010479   
     28000   462.23716      1401.5805      1863.8177      159.05739      313.67659      0.16149461   
     29000   486.64818      1366.9293      1853.5775      116.93975      305.92158      0.15653409   
     30000   493.51252      1341.9483      1835.4608      34.904478      300.33078      0.15072648   
     31000   525.74429      1324.0179      1849.7622      65.080369      296.31793      0.14847678   
     32000   479.40233      1352.9444      1832.3467      126.3912       302.79173      0.14771668   
     33000   486.11029      1342.2186      1828.3289      178.54459      300.39128      0.14715834   
     34000   477.08807      1302.7267      1779.8148      205.55037      291.55291      0.14732134   
     35000   463.10224      1341.1884      1804.2907      200.90926      300.16072      0.14980019   
     36000   508.08384      1347.3245      1855.4083      227.07439      301.53399      0.15492405   
     37000   478.44807      1376.4563      1854.9044      191.10268      308.05375      0.16029763   
     38000   473.58069      1337.9873      1811.568       149.70111      299.4443       0.16309561   
     39000   434.67884      1348.1406      1782.8195      135.33891      301.71664      0.16344632   
     40000   482.00463      1348.7025      1830.7072      128.01754      301.84239      0.16377148   
     41000   489.29565      1351.0753      1840.3709      151.22335      302.37342      0.16459505   
     42000   484.11735      1375.336       1859.4534      181.20583      307.80303      0.16399789   
     43000   453.70442      1362.345       1816.0494      165.90784      304.8956       0.16059516   
     44000   445.72101      1340.3827      1786.1037      172.15905      299.98039      0.1575373    
     45000   459.2663       1323.2385      1782.5048      173.33493      296.14349      0.15569595   
     46000   481.25437      1316.1715      1797.4259      186.432        294.56189      0.15322211   
     47000   471.37613      1302.8736      1774.2497      171.79601      291.58578      0.1493843    
     48000   462.00658      1297.2002      1759.2068      170.7926       290.31608      0.14875035   
     49000   454.38556      1318.6973      1773.0829      192.42142      295.12717      0.15323412   
     50000   455.02         1336.0535      1791.0735      177.08562      299.01152      0.15745674   
     51000   466.48282      1308.7804      1775.2632      165.37105      292.90774      0.15944245   
     52000   471.13246      1321.5259      1792.6583      131.54848      295.7602       0.15853369   
     53000   460.00885      1317.9098      1777.9186      157.39721      294.95091      0.1558645    
     54000   459.53796      1304.3433      1763.8812      134.24806      291.9147       0.15297362   
     55000   511.34032      1347.5497      1858.89        137.71422      301.58438      0.15174556   
     56000   458.26571      1364.744       1823.0097      192.00571      305.43251      0.15054702   
     57000   466.45195      1363.294       1829.7459      237.97523      305.10799      0.14888818   
     58000   515.7861       1355.079       1870.8651      156.57348      303.26947      0.14671824   
     59000   493.35852      1355.2115      1848.57        130.96933      303.29911      0.1464182    
     60000   468.61936      1379.3049      1847.9242      72.167591      308.69126      0.14845947   
     61000   494.60169      1403.5982      1898.1998      40.845339      314.12815      0.15268022   
     62000   461.0018       1386.0888      1847.0906      55.934554      310.20952      0.15739288   
     63000   489.23019      1305.1199      1794.3501      88.185878      292.08852      0.15734164   
     64000   479.03593      1303.8442      1782.8801      126.78625      291.803        0.1552054    
     65000   462.10023      1331.3434      1793.4436      159.13551      297.95738      0.15011614   
     66000   493.39661      1298.0473      1791.4439      134.30457      290.50565      0.14558857   
     67000   474.0409       1246.1708      1720.2117      96.982311      278.89559      0.14296951   
     68000   456.30789      1328.1535      1784.4613      170.44323      297.24347      0.14580723   
     69000   466.65067      1325.3499      1792.0006      178.65819      296.61603      0.1518736    
     70000   465.80349      1323.5782      1789.3817      197.98694      296.21952      0.15716493   
     71000   459.77112      1309.0398      1768.8109      169.0067       292.96578      0.15810403   
     72000   486.56623      1363.7479      1850.3142      148.06232      305.20959      0.15555188   
     73000   493.74383      1375.8149      1869.5587      90.653323      307.91019      0.15049032   
     74000   507.85963      1346.6567      1854.5164      49.132776      301.38454      0.14685861   
     75000   514.2016       1368.5273      1882.7289      52.875897      306.27922      0.14694381   
     76000   484.40329      1424.1723      1908.5756      99.152551      318.73268      0.14880086   
     77000   496.49739      1367.8718      1864.3692      147.02931      306.13252      0.15186077   
     78000   467.39829      1363.2286      1830.6269      215.99804      305.09337      0.15421446   
     79000   506.34793      1382.5479      1888.8959      252.02311      309.41706      0.15581172   
     80000   470.13246      1370.329       1840.4615      199.75737      306.68244      0.15503711   
     81000   494.93758      1334.5649      1829.5025      121.4322       298.67837      0.15486761   
     82000   485.91009      1354.1526      1840.0627      117.01964      303.06212      0.15422288   
     83000   482.06785      1341.1618      1823.2297      109.64238      300.15477      0.15233768   
     84000   510.23866      1340.3677      1850.6064      132.41776      299.97705      0.15013627   
     85000   514.07397      1367.7095      1881.7834      136.34445      306.09618      0.14563295   
     86000   471.57782      1372.6576      1844.2354      141.90179      307.20358      0.1451736    
     87000   489.17093      1333.5028      1822.6737      123.69765      298.44065      0.15107517   
     88000   472.56995      1357.7718      1830.3417      131.29468      303.87211      0.15757576   
     89000   460.87925      1339.0265      1799.9057      159.3881       299.67687      0.15917878   
     90000   458.64779      1331.7415      1790.3893      133.20811      298.04649      0.15885569   
     91000   460.07716      1322.9073      1782.9844      117.10038      296.06937      0.15761087   
     92000   459.09902      1346.5497      1805.6487      129.69126      301.36059      0.15721258   
     93000   456.50653      1308.1163      1764.6229      160.09085      292.75912      0.15806457   
     94000   449.65586      1253.8552      1703.5111      174.88428      280.61537      0.15939643   
     95000   449.71506      1321.0921      1770.8072      207.00623      295.66312      0.15919511   
     96000   453.7925       1339.0128      1792.8053      140.81331      299.67382      0.15300699   
     97000   467.43828      1338.3867      1805.825       100.03984      299.5337       0.14835743   
     98000   470.56069      1310.4247      1780.9854      43.82583       293.27575      0.14610819   
     99000   486.43726      1331.6112      1818.0485      12.350759      298.01733      0.14527162   
    100000   464.60575      1317.9407      1782.5464      47.063774      294.95782      0.14670281   
    101000   449.16555      1353.5781      1802.7436      147.45408      302.93355      0.15073303   
    102000   466.57763      1300.4794      1767.057       246.99626      291.04996      0.15952233   
    103000   423.61336      1359.0562      1782.6696      300.61206      304.15957      0.1638863    
    104000   478.79419      1295.9364      1774.7306      249.7254       290.03323      0.16126083   
    105000   474.32873      1324.2655      1798.5942      166.00781      296.37333      0.15772947   
    106000   478.23315      1322.377       1800.6102      78.277112      295.9507       0.15501818   
    107000   463.24768      1305.2814      1768.5291      78.589171      292.12465      0.15277372   
    108000   471.03928      1338.0457      1809.085       100.88318      299.45738      0.15133919   
    109000   485.15135      1331.5537      1816.705       145.09938      298.00444      0.15017952   
    110000   484.03942      1351.1197      1835.1591      138.76906      302.38337      0.14907492   
    111000   478.27135      1323.7047      1801.976       158.90866      296.24782      0.15025361   
    112000   488.40705      1345.9183      1834.3254      149.4478       301.21928      0.15106817   
    113000   475.30839      1402.9807      1878.2891      154.53599      313.98997      0.1514254    
    114000   456.11472      1365.9282      1822.0429      173.16255      305.69752      0.15561875   
    115000   471.93986      1345.4467      1817.3866      84.032896      301.11374      0.15958112   
    116000   453.22791      1346.5239      1799.7518      82.778254      301.35481      0.16177632   
    117000   457.70838      1376.0281      1833.7365      104.23468      307.95791      0.16257501   
    118000   467.23965      1300.4221      1767.6618      95.60928       291.03714      0.1631452    
    119000   429.15368      1327.1715      1756.3252      115.32783      297.02371      0.16513496   
    120000   455.81509      1314.8801      1770.6952      140.59709      294.27286      0.16730561   
    121000   451.72208      1336.6199      1788.342       139.10688      299.13827      0.16609651   
    122000   462.58381      1303.5614      1766.1452      171.20255      291.73971      0.16130037   
    123000   429.16712      1288.7903      1717.9574      163.94562      288.43391      0.15538491   
    124000   495.97829      1325.0506      1821.0288      193.60516      296.54903      0.15452884   
    125000   484.65127      1328.3151      1812.9664      158.27628      297.27964      0.15446816   
    126000   470.86134      1323.6335      1794.4948      150.76356      296.23189      0.15713658   
    127000   455.58597      1312.9481      1768.5341      134.54812      293.84049      0.16185461   
    128000   460.26394      1292.0965      1752.3605      55.366498      289.17385      0.16546276   
    129000   469.50593      1295.3033      1764.8092      65.043725      289.89154      0.1668944    
    130000   443.74154      1310.0737      1753.8152      60.030778      293.19718      0.16301137   
    131000   458.03269      1272.1249      1730.1576      116.59623      284.70416      0.16083899   
    132000   462.12879      1312.3707      1774.4995      141.68501      293.71126      0.16043384   
    133000   470.53917      1331.5889      1802.128       174.811        298.01232      0.16268941   
    134000   424.99475      1358.2795      1783.2742      178.8468       303.98573      0.16535521   
    135000   445.9451       1326.2022      1772.1473      143.35373      296.80678      0.16822052   
    136000   480.91038      1369.3053      1850.2157      93.780541      306.45335      0.1692611    
    137000   485.14973      1348.4223      1833.572       92.736337      301.77967      0.16813787   
    138000   446.38934      1366.2275      1812.6168      62.561147      305.76451      0.16651334   
    139000   470.90377      1356.6807      1827.5845      68.375093      303.62792      0.16625442   
    140000   456.20202      1358.2287      1814.4307      103.37248      303.97437      0.16620618   
    141000   464.59742      1373.766       1838.3634      148.64129      307.45165      0.1644876    
    142000   477.69154      1349.4326      1827.1241      179.31098      302.00578      0.16194959   
    143000   461.7102       1362.2068      1823.917       221.15831      304.86467      0.15843898   
    144000   476.07595      1353.7594      1829.8353      217.7122       302.97413      0.15464836   
    145000   473.7116       1376.4162      1850.1277      175.40788      308.04476      0.15188608   
    146000   494.8825       1385.7919      1880.6744      128.99272      310.14308      0.15414226   
    147000   479.7223       1394.3381      1874.0604      146.91053      312.05573      0.160169     
    148000   468.29871      1325.638       1793.9367      142.85785      296.6805       0.16617827   
    149000   467.21942      1332.991       1800.2104      131.4288       298.32611      0.16659057   
    150000   472.97708      1301.072       1774.0491      125.36668      291.18259      0.16132996   
    151000   449.82201      1353.5575      1803.3795      154.72723      302.92895      0.15602231   
    152000   496.69703      1304.8193      1801.5163      179.12719      292.02123      0.15161821   
    153000   473.56499      1331.8988      1805.4638      119.91738      298.08168      0.14830393   
    154000   467.52671      1339.4253      1806.9521      66.792932      299.76614      0.14965588   
    155000   468.40635      1292.1073      1760.5136      56.66945       289.17626      0.15521792   
    156000   472.04512      1333.0104      1805.0556      62.950736      298.33047      0.16080935   
    157000   460.0034       1316.3869      1776.3904      105.4311       294.6101       0.16348594   
    158000   458.26872      1313.5909      1771.8596      146.94192      293.98433      0.16456117   
    159000   442.70949      1324.3603      1767.0698      129.13443      296.39456      0.16210536   
    160000   461.24707      1360.2882      1821.5353      156.09986      304.4353       0.15896194   
    161000   469.88986      1352.8677      1822.7575      114.62533      302.77456      0.15611067   
    162000   483.61922      1300.7256      1784.3449      84.02409       291.10507      0.15717762   
    163000   454.44429      1346.0019      1800.4462      112.78156      301.23799      0.16446975   
    164000   478.36532      1347.9552      1826.3205      200.25359      301.67513      0.16959408   
    165000   478.08357      1347.1451      1825.2287      200.44968      301.49385      0.16733434   
    166000   464.10766      1352.8981      1817.0058      154.5342       302.78138      0.16332145   
    167000   469.82177      1371.0189      1840.8406      93.160369      306.83684      0.16224099   
    168000   479.99419      1379.8276      1859.8217      66.411386      308.80824      0.1613471    
    169000   471.94523      1370.2965      1842.2418      49.423661      306.67517      0.15852461   
    170000   473.05421      1374.3734      1847.4277      93.844695      307.5876       0.15302881   
    171000   510.42761      1412.0914      1922.519       157.35901      316.02895      0.14655157   
    172000   488.8157       1379.0592      1867.8749      210.5109       308.63627      0.14539475   
    173000   487.07248      1357.1524      1844.2249      225.59377      303.7335       0.14708403   
    174000   472.43629      1381.0641      1853.5004      237.0513       309.08499      0.14984255   
    175000   472.14575      1388.2973      1860.4431      218.99771      310.70379      0.15211352   
    176000   476.52994      1335.2304      1811.7604      113.39516      298.82731      0.15238671   
    177000   465.08759      1338.8273      1803.9148      86.540461      299.63229      0.15235773   
    178000   497.70701      1308.3851      1806.0921      87.785986      292.81927      0.15363607   
    179000   438.88642      1344.8172      1783.7036      123.81323      300.97285      0.15482403   
    180000   475.74447      1304.4124      1780.1569      177.85087      291.93018      0.15698391   
    181000   457.94652      1307.9939      1765.9405      243.99394      292.73173      0.15957213   
    182000   452.33317      1287.0577      1739.3909      222.14685      288.04616      0.15820268   
    183000   467.78403      1325.4958      1793.2798      227.991        296.64867      0.15589392   
    184000   495.99697      1328.3516      1824.3486      196.96343      297.28781      0.15306716   
    185000   485.73394      1341.9348      1827.6688      145.94702      300.32777      0.1507735    
    186000   502.06308      1336.3951      1838.4582      87.927435      299.08798      0.15110875   
    187000   484.32079      1338.7012      1823.022       89.834844      299.60407      0.15932449   
    188000   469.82539      1349.8809      1819.7062      77.897481      302.10611      0.16508675   
    189000   483.15999      1362.1657      1845.3257      86.857433      304.85549      0.16650441   
    190000   501.95839      1397.3376      1899.296       116.07609      312.72701      0.16617568   
    191000   475.81275      1363.8192      1839.6319      74.591915      305.22553      0.16102949   
    192000   487.56557      1343.5276      1831.0932      80.245015      300.68423      0.15606156   
    193000   478.58626      1344.7606      1823.3469      80.161201      300.96019      0.15485332   
    194000   479.97293      1339.6685      1819.6415      115.25894      299.82057      0.15674341   
    195000   469.69096      1344.4346      1814.1256      127.9328       300.88723      0.15846895   
    196000   478.88679      1409.5731      1888.4599      127.3138       315.46535      0.15686783   
    197000   486.41199      1372.6203      1859.0323      118.05884      307.19524      0.15267481   
    198000   484.04341      1344.7893      1828.8327      158.20783      300.96661      0.15059689   
    199000   492.8937       1358.9414      1851.8351      162.46319      304.13388      0.15063041   
    200000   468.31042      1362.8237      1831.1341      140.1764       305.00274      0.15165091   
    201000   496.55483      1356.9958      1853.5506      89.220767      303.69844      0.15227933   
    202000   500.59904      1337.2609      1837.8599      75.945518      299.28173      0.15389274   
    203000   486.83733      1346.0703      1832.9077      74.055519      301.2533       0.15662587   
    204000   479.661        1308.4136      1788.0746      38.980954      292.82565      0.15620587   
    205000   480.01589      1325.3229      1805.3388      55.130399      296.60998      0.15470213   
    206000   477.42082      1314.3648      1791.7857      83.386671      294.15755      0.15122761   
    207000   473.51958      1315.4677      1788.9872      141.32359      294.40436      0.14988948   
    208000   456.35642      1371.7321      1828.0885      243.77191      306.99646      0.1538437    
    209000   482.87564      1367.9394      1850.8151      258.82916      306.14765      0.15939018   
    210000   479.2617       1368.2351      1847.4968      294.4077       306.21382      0.16314755   
    211000   460.54981      1353.4971      1814.0469      222.01966      302.91544      0.16158392   
    212000   469.68458      1378.1015      1847.7861      162.10036      308.42194      0.15969474   
    213000   487.72729      1342.1751      1829.9024      99.63747       300.38154      0.15691532   
    214000   493.45224      1359.3597      1852.812       124.27412      304.2275       0.1558339    
    215000   483.54239      1376.3668      1859.9092      172.91394      308.03372      0.15665599   
    216000   490.58635      1393.6502      1884.2366      223.99984      311.90178      0.15683335   
    217000   465.17284      1352.1574      1817.3303      233.86845      302.61561      0.15808145   
    218000   481.94799      1318.6096      1800.5575      222.62979      295.10753      0.1628249    
    219000   493.03115      1289.4477      1782.4789      169.23981      288.58104      0.1639879    
    220000   472.33126      1332.7044      1805.0357      94.700189      298.26199      0.16092344   
    221000   468.45212      1286.875       1755.3271      44.453366      288.00527      0.15688431   
    222000   497.56524      1314.5704      1812.1357      5.0379573      294.20356      0.15502814   
    223000   502.33911      1336.6661      1839.0052      12.996091      299.14861      0.15341706   
    224000   494.34527      1354.673       1849.0183      66.053187      303.1786       0.15237575   
    225000   512.81491      1366.5755      1879.3904      124.53588      305.84241      0.1553462    
    226000   478.10854      1420.8884      1898.997       198.31597      317.99774      0.16195398   
    227000   468.90774      1359.2608      1828.1685      201.51893      304.20535      0.16473468   
    228000   470.48718      1341.6279      1812.115       177.57308      300.25907      0.16356223   
    229000   483.43098      1343.2563      1826.6872      148.16152      300.62351      0.15975899   
    230000   493.66684      1339.5011      1833.168       118.24649      299.7831       0.15390392   
    231000   480.47667      1344.0372      1824.5138      62.765831      300.79827      0.14716977   
    232000   495.13671      1330.5708      1825.7075      55.308517      297.78447      0.14401769   
    233000   482.92034      1305.8952      1788.8156      68.066708      292.26204      0.14690592   
    234000   476.50963      1320.5068      1797.0165      90.543685      295.53214      0.15391773   
    235000   440.27455      1288.8146      1729.0891      87.221696      288.43935      0.15721416   
    236000   484.3345       1299.1107      1783.4452      177.3489       290.74364      0.15908202   
    237000   435.21518      1358.1421      1793.3573      183.44226      303.95499      0.16066792   
    238000   456.54344      1356.7077      1813.2512      204.11061      303.63397      0.16440803   
    239000   482.99709      1379.7733      1862.7704      234.92523      308.7961       0.16796467   
    240000   469.94975      1351.6663      1821.6161      243.39614      302.5057       0.16793726   
    241000   466.55645      1374.7594      1841.3158      182.29698      307.67397      0.16501803   
    242000   482.0308       1356.3677      1838.3985      113.86056      303.55788      0.16338544   
    243000   487.72322      1362.5749      1850.2981      119.89261      304.94706      0.16230973   
    244000   463.97842      1356.2401      1820.2185      180.17193      303.52931      0.16199192   
    245000   460.92346      1357.6771      1818.6005      197.5508       303.85092      0.1605684    
    246000   473.82456      1341.9042      1815.7288      230.81167      300.32091      0.15787737   
    247000   466.0539       1332.1228      1798.1767      131.47617      298.13182      0.1518435    
    248000   502.56147      1294.8492      1797.4107      83.666133      289.78991      0.14970224   
    249000   477.07679      1339.4214      1816.4982      53.673636      299.76525      0.15131529   
    250000   502.30584      1326.8229      1829.1288      15.040699      296.9457       0.15752779   
    251000   477.71765      1305.8266      1783.5442      57.607612      292.24667      0.16305075   
    252000   467.91915      1324.8229      1792.742       148.8671       296.49808      0.16492903   
    253000   491.55712      1291.8114      1783.3685      200.89584      289.11003      0.16416388   
    254000   463.00556      1336.1212      1799.1267      226.7611       299.02666      0.16166465   
    255000   473.97441      1325.5852      1799.5596      196.37743      296.66868      0.157729     
    256000   466.0639       1298.0994      1764.1633      117.65807      290.51731      0.1534158    
    257000   469.81182      1322.8846      1792.6964      113.11863      296.06428      0.15140707   
    258000   483.76306      1315.0574      1798.8205      100.988        294.31255      0.15235358   
    259000   463.41708      1337.335       1800.752       110.68008      299.29831      0.15671146   
    260000   466.81065      1345.8063      1812.617       93.631501      301.19421      0.16071387   
    261000   496.14075      1340.5523      1836.693       68.418407      300.01835      0.1628424    
    262000   496.92773      1315.9381      1812.8658      97.424853      294.50965      0.16375206   
    263000   481.07013      1358.5059      1839.576       103.47249      304.03641      0.16602751   
    264000   438.05419      1371.4065      1809.4607      120.95565      306.9236       0.16722262   
    265000   448.60584      1367.5407      1816.1465      147.69398      306.05841      0.16447578   
    266000   455.48964      1356.1927      1811.6823      194.42291      303.51871      0.15895399   
    267000   513.00555      1357.2625      1870.268       159.17049      303.75813      0.1557079    
    268000   502.644        1390.8363      1893.4803      128.28829      311.27202      0.15548969   
    269000   508.78394      1395.0367      1903.8206      100.5186       312.21208      0.15602813   
    270000   482.02912      1351.2608      1833.29        53.810904      302.41495      0.15665101   
    271000   460.42175      1357.4272      1817.849       91.763303      303.79499      0.15831163   
    272000   485.14585      1335.5154      1820.6612      113.59062      298.89108      0.15816682   
    273000   479.08813      1333.4528      1812.541       182.47683      298.42948      0.15799229   
    274000   455.35076      1314.9137      1770.2645      215.30506      294.28039      0.15623956   
    275000   489.27673      1324.2006      1813.4773      158.55439      296.3588       0.15215889   
    276000   475.55174      1319.2544      1794.8061      170.018        295.25184      0.15351407   
    277000   457.50263      1349.8011      1807.3037      117.88474      302.08825      0.15873937   
    278000   441.41046      1317.1471      1758.5576      71.80648       294.78023      0.16571065   
    279000   435.59464      1296.3272      1731.9219      73.914312      290.12069      0.1685536    
    280000   466.67158      1353.2408      1819.9124      80.028785      302.85807      0.16551554   
    281000   497.30729      1319.0428      1816.3501      113.79229      295.20448      0.16040762   
    282000   477.07444      1329.6115      1806.686       176.68843      297.56979      0.15668916   
    283000   470.07788      1322.3801      1792.458       211.04586      295.95138      0.15462671   
    284000   473.07487      1294.3641      1767.439       180.17183      289.68134      0.15535772   
    285000   451.87836      1306.8396      1758.7179      138.99341      292.47338      0.16019547   
    286000   471.286        1304.6716      1775.9576      137.42239      291.98817      0.16444272   
    287000   416.37094      1352.4146      1768.7856      143.77492      302.67317      0.16577216   
    288000   447.23815      1331.1922      1778.4303      149.2153       297.92354      0.16503008   
    289000   455.01712      1321.0909      1776.108       127.10047      295.66285      0.16216421   
    290000   451.97629      1302.6326      1754.6089      106.355        291.53185      0.15883445   
    291000   479.41545      1318.3919      1797.8073      114.58826      295.0588       0.15518856   
    292000   497.65116      1332.2119      1829.863       111.17359      298.15175      0.15412027   
    293000   471.1628       1312.6989      1783.8617      139.4069       293.78472      0.15999336   
    294000   466.91664      1330.9567      1797.8734      167.58747      297.87085      0.1686009    
    295000   452.67125      1315.7475      1768.4187      173.12902      294.46699      0.16871003   
    296000   455.66194      1357.7284      1813.3903      114.35255      303.86239      0.16395556   
    297000   486.51384      1346.4798      1832.9937      136.33292      301.34495      0.15983641   
    298000   490.9747       1355.4927      1846.4674      156.06095      303.36205      0.15722297   
    299000   498.61612      1371.7891      1870.4052      180.84193      307.00921      0.15688297   
    300000   510.58793      1367.3403      1877.9283      206.88635      306.01357      0.15612604   
    301000   502.93672      1384.2241      1887.1608      180.75231      309.7922       0.15385252   
    302000   494.69417      1360.6413      1855.3355      127.91448      304.51432      0.15242915   
    303000   508.05958      1343.2859      1851.3454      102.07352      300.63013      0.15210356   
    304000   472.1411       1372.8354      1844.9765      117.09662      307.24338      0.15681377   
    305000   456.46754      1392.6758      1849.1433      160.82577      311.6837       0.16301846   
    306000   500.07674      1370.4019      1870.4787      137.25552      306.69876      0.16343746   
    307000   483.02649      1352.3793      1835.4057      98.478565      302.66525      0.16052091   
    308000   490.69936      1336.7063      1827.4057      6.5902449      299.15762      0.15660861   
    309000   491.56415      1344.5286      1836.0928     -16.044774      300.90827      0.15621073   
    310000   487.61558      1341.6192      1829.2348     -30.234284      300.25713      0.15825559   
    311000   468.70672      1339.6966      1808.4034      56.513011      299.82686      0.16176214   
    312000   434.23418      1317.0453      1751.2795      175.49591      294.75744      0.16958728   
    313000   449.15153      1289.0571      1738.2087      179.99344      288.49363      0.17339368   
    314000   435.28385      1285.8092      1721.093       247.84304      287.76673      0.17203715   
    315000   469.118        1323.715       1792.833       206.99749      296.25014      0.16682283   
    316000   474.3315       1322.4406      1796.7721      132.9136       295.96492      0.15936486   
    317000   490.33043      1312.7367      1803.0671      110.87783      293.79316      0.15744424   
    318000   458.1382       1344.0424      1802.1806      88.647137      300.79945      0.15756235   
    319000   474.94779      1347.5504      1822.4981      128.34429      301.58454      0.15952757   
    320000   492.98823      1337.7827      1830.771       134.75788      299.39852      0.16006942   
    321000   484.98881      1349.6534      1834.6422      178.36741      302.05521      0.1593383    
    322000   507.5298       1375.0109      1882.5407      193.9114       307.73027      0.15486367   
    323000   487.86066      1374.4888      1862.3494      164.8091       307.61341      0.14882177   
    324000   485.2276       1329.011       1814.2386      123.62267      297.43538      0.14861452   
    325000   489.39562      1312.9758      1802.3715      125.55224      293.84669      0.15255275   
    326000   457.22029      1324.2395      1781.4598      99.376088      296.36752      0.15541276   
    327000   482.85642      1309.693       1792.5494      101.22059      293.11198      0.15756598   
    328000   485.30327      1340.1759      1825.4791      145.33318      299.93411      0.15987746   
    329000   486.75289      1370.1824      1856.9353      176.00389      306.64963      0.1592287    
    330000   505.79956      1326.7642      1832.5637      252.12483      296.93254      0.15950008   
    331000   457.85675      1368.1357      1825.9924      230.48273      306.19157      0.15823535   
    332000   465.67279      1369.5897      1835.2625      197.55297      306.51698      0.16063025   
    333000   454.0408       1381.1227      1835.1635      157.89582      309.09809      0.16654783   
    334000   471.45879      1409.0603      1880.5191      156.51707      315.35058      0.17430091   
    335000   448.348        1370.1624      1818.5104      173.12602      306.64516      0.17461356   
    336000   440.76899      1359.4395      1800.2085      142.95978      304.24535      0.16798004   
    337000   454.49883      1356.2935      1810.7923      180.82091      303.54127      0.16312383   
    338000   465.63146      1327.3898      1793.0213      218.77928      297.07256      0.15911787   
    339000   498.86702      1310.9733      1809.8403      182.09259      293.3985       0.15516921   
    340000   479.73373      1292.489       1772.2228      134.89597      289.2617       0.15298185   
    341000   463.91339      1294.72        1758.6334      118.69726      289.76099      0.15515475   
    342000   491.01282      1319.0733      1810.0861      133.32493      295.2113       0.161207     
    343000   475.95833      1321.4272      1797.3855      104.2971       295.73811      0.16456558   
    344000   497.26593      1284.7868      1782.0528      50.57115       287.53793      0.1669574    
    345000   438.62375      1345.9362      1784.5599      124.62523      301.22328      0.16893079   
    346000   469.91428      1322.8569      1792.7711      161.83592      296.05808      0.16776834   
    347000   492.81519      1316.7968      1809.612       138.12462      294.70182      0.16404952   
    348000   481.90494      1322.7646      1804.6696      142.75369      296.03744      0.15968943   
    349000   492.16046      1375.7449      1867.9053      109.21574      307.89453      0.15914994   
    350000   478.80752      1360.7881      1839.5956      128.86208      304.54717      0.16041301   
    351000   508.7882       1350.8043      1859.5925      124.12401      302.31278      0.15920692   
    352000   490.87837      1384.1567      1875.0351      197.56958      309.77712      0.15750725   
    353000   495.92451      1384.3112      1880.2357      197.75582      309.81169      0.1564694    
    354000   473.25085      1369.642       1842.8928      219.66614      306.52869      0.15809773   
    355000   471.30478      1352.9206      1824.2254      228.96837      302.78641      0.16203591   
    356000   465.69713      1387.4957      1853.1929      214.60932      310.52439      0.17024601   
    357000   462.0383       1328.4797      1790.518       112.83475      297.31649      0.17516385   
    358000   457.59555      1322.4301      1780.0257      33.445756      295.96258      0.17244585   
    359000   467.37628      1362.5084      1829.8847      44.696069      304.93218      0.16707791   
    360000   485.62142      1345.4058      1831.0272      81.029981      301.10459      0.16337331   
    361000   474.41511      1339.8856      1814.3007      113.79755      299.86914      0.16146295   
    362000   458.29767      1352.1477      1810.4454      143.60205      302.61343      0.16061289   
    363000   443.79372      1335.5983      1779.392       175.11403      298.90963      0.16162575   
    364000   461.08753      1286.9291      1748.0166      209.60836      288.01737      0.16514513   
    365000   436.01547      1344.6969      1780.7124      204.33951      300.94592      0.16779491   
    366000   453.57819      1354.3491      1807.9273      148.92173      303.1061       0.1652973    
    367000   466.85213      1323.2865      1790.1386      86.298975      296.15424      0.16090703   
    368000   494.59994      1291.9501      1786.5501      47.811548      289.14109      0.1573268    
    369000   482.94717      1289.388       1772.3352      2.4769881      288.56769      0.15313558   
    370000   486.57169      1370.0565      1856.6282      70.368647      306.62146      0.15308725   
    371000   471.67436      1346.2833      1817.9577      140.8268       301.30097      0.15595273   
    372000   489.59081      1349.9759      1839.5667      178.78062      302.12737      0.15827358   
    373000   501.92757      1352.0284      1853.9559      206.02581      302.58672      0.15847816   
    374000   490.5096       1368.3061      1858.8157      197.03536      306.22971      0.15795712   
    375000   483.70414      1354.3414      1838.0455      196.33071      303.10438      0.15880619   
    376000   476.38364      1351.6318      1828.0154      132.75692      302.49797      0.15972604   
    377000   493.70477      1356.7434      1850.4482      112.67388      303.64195      0.16070191   
    378000   463.43727      1347.5511      1810.9883      99.477415      301.58469      0.16237682   
    379000   463.07096      1340.7371      1803.808       118.5956       300.0597       0.16721296   
    380000   439.18751      1343.8264      1783.0139      183.91968      300.75111      0.17036407   
    381000   453.32803      1282.3401      1735.6682      235.61199      286.99035      0.16745616   
    382000   474.9181       1280.9905      1755.9086      286.29082      286.6883       0.16236568   
    383000   483.54097      1327.9252      1811.4662      211.77595      297.19239      0.15624502   
    384000   470.55362      1353.8596      1824.4132      164.27674      302.99656      0.15429528   
    385000   488.81202      1337.6366      1826.4486      71.388306      299.36581      0.15497433   
    386000   500.99568      1325.7184      1826.7141      66.038988      296.6985       0.15581945   
    387000   516.16998      1317.7028      1833.8728      54.73168       294.9046       0.15464349   
    388000   492.87621      1330.2145      1823.0907      57.308398      297.70474      0.1526732    
    389000   486.0486       1349.4074      1835.456       94.687377      302.00015      0.15332852   
    390000   473.34658      1351.9431      1825.2896      149.12787      302.56763      0.15497297   
    391000   484.48296      1323.5581      1808.0411      157.4977       296.21503      0.15737141   
    392000   480.21707      1335.8439      1816.061       133.40225      298.96461      0.16039359   
    393000   483.07344      1343.5652      1826.6386      137.6477       300.69265      0.16106692   
    394000   499.92654      1353.7106      1853.6372      138.24212      302.96322      0.1596851    
    395000   472.27336      1362.7934      1835.0667      157.08743      304.99596      0.15844005   
    396000   468.53249      1378.3344      1846.8669      110.61116      308.47406      0.15662422   
    397000   479.2324       1357.9436      1837.176       110.84845      303.91056      0.15872695   
    398000   502.98947      1335.6421      1838.6315      110.97708      298.91943      0.16486051   
    399000   461.04906      1356.2068      1817.2559      129.53584      303.52187      0.17037367   
    400000   482.17354      1349.8029      1831.9764      171.2184       302.08865      0.17065807   
    401000   449.52617      1376.194       1825.7202      174.58819      307.99505      0.16339479   
    402000   494.89749      1376.6922      1871.5897      143.48026      308.10655      0.15736223   
    403000   481.65759      1357.0397      1838.6973      143.27538      303.70827      0.15750556   
    404000   467.02411      1358.5332      1825.5573      116.04493      304.04252      0.15820122   
    405000   479.40095      1383.5148      1862.9157      52.076866      309.63345      0.15956746   
    406000   466.63006      1349.4191      1816.0491      58.159797      302.00275      0.16231189   
    407000   454.81909      1357.5344      1812.3535      99.150818      303.81898      0.1637394    
    408000   472.62718      1343.5833      1816.2105      108.395        300.6967       0.16115808   
    409000   499.63058      1330.0481      1829.6787      142.25539      297.66749      0.15411987   
    410000   495.17065      1358.4757      1853.6463      185.44092      304.02964      0.14772393   
    411000   487.44662      1305.5421      1792.9887      213.8189       292.18299      0.14814379   
    412000   484.17926      1336.6683      1820.8476      192.77629      299.14911      0.15346892   
    413000   450.77895      1354.6623      1805.4412      170.25402      303.17619      0.15884525   
    414000   472.0766       1335.4371      1807.5137      77.52919       298.87357      0.15949325   
    415000   487.13365      1268.6141      1755.7477      57.669967      283.91844      0.15845034   
    416000   490.12882      1302.0195      1792.1483      78.924398      291.39464      0.15750918   
    417000   475.70658      1328.7839      1804.4904      182.9794       297.38456      0.15691667   
    418000   451.01664      1359.175       1810.1917      185.98886      304.18616      0.15429078   
    419000   495.44497      1311.4168      1806.8617      192.60759      293.49776      0.15043698   
    420000   496.26951      1292.689       1788.9585      127.7064       289.30644      0.14618979   
    421000   491.79609      1272.1688      1763.9649      91.854708      284.71398      0.14595876   
    422000   457.1086       1330.6704      1787.779       100.48752      297.80678      0.15123927   
    423000   500.70461      1309.328       1810.0326      91.605252      293.03029      0.15633264   
    424000   468.02684      1318.3084      1786.3352      119.94508      295.04012      0.15792059   
    425000   460.46775      1313.5228      1773.9906      166.18754      293.96911      0.15594984   
    426000   484.6333       1285.4106      1770.0439      178.39593      287.67754      0.15322508   
    427000   496.03572      1331.4318      1827.4675      202.52375      297.97716      0.15227257   
    428000   506.59671      1330.0042      1836.6009      228.65982      297.65768      0.15276038   
    429000   474.23349      1342.3129      1816.5464      239.65135      300.41239      0.15410562   
    430000   484.48316      1358.986       1843.4692      265.98347      304.14387      0.15620915   
    431000   497.27473      1382.3723      1879.647       215.81264      309.37775      0.15667067   
    432000   522.27104      1383.5996      1905.8706      153.22713      309.65243      0.15469462   
    433000   493.61766      1374.0113      1867.629       93.964916      307.50656      0.1502997    
    434000   514.79255      1338.8648      1853.6573      52.79944       299.64068      0.14592491   
    435000   494.48289      1323.5964      1818.0793      52.889989      296.22359      0.14285072   
    436000   516.65966      1328.8189      1845.4786      86.52461       297.3924       0.14188612   
    437000   499.72268      1335.1814      1834.9041      110.13905      298.81633      0.14791883   
    438000   471.83945      1347.4093      1819.2487      164.24615      301.55297      0.15643141   
    439000   464.26183      1336.971       1801.2329      187.0278       299.21686      0.16021904   
    440000   479.02851      1347.5523      1826.5808      183.07325      301.58497      0.16194492   
    441000   469.12194      1358.6215      1827.7435      122.40141      304.06228      0.16132665   
    442000   482.59058      1339.5016      1822.0922      108.147        299.78321      0.15909983   
    443000   507.18866      1391.5067      1898.6953      49.439173      311.42205      0.15331151   
    444000   505.2635       1331.557       1836.8205      52.744147      298.00519      0.15034032   
    445000   485.05407      1348.719       1833.773       48.435829      301.84607      0.14981683   
    446000   495.73368      1334.6593      1830.393       69.816912      298.6995       0.15321202   
    447000   487.58873      1319.9418      1807.5306      51.941094      295.40569      0.15652872   
    448000   456.26913      1299.0709      1755.3401      109.69812      290.73474      0.15943022   
    449000   473.58578      1316.2511      1789.8369      144.45494      294.5797       0.15890762   
    450000   494.48726      1352.6567      1847.144       78.808923      302.72735      0.15201399   
    451000   510.76221      1373.3986      1884.1609      113.09628      307.36944      0.14670488   
    452000   481.58827      1356.3055      1837.8938      82.139586      303.54397      0.14574278   
    453000   492.35939      1341.3747      1833.7341      153.7729       300.20242      0.15071603   
    454000   497.25863      1364.4516      1861.7102      233.1056       305.36706      0.155248     
    455000   458.95711      1374.6565      1833.6136      272.74335      307.65095      0.15878798   
    456000   488.18752      1357.9877      1846.1752      268.86894      303.92043      0.16299988   
    457000   467.85893      1345.9727      1813.8316      212.62566      301.23144      0.16460747   
    458000   460.20292      1327.8995      1788.1024      134.91969      297.18662      0.16448242   
    459000   482.70922      1288.1827      1770.8919      60.294622      288.29793      0.16209338   
    460000   479.81159      1344.0864      1823.898       91.182159      300.80931      0.1597261    
    461000   502.42584      1336.0548      1838.4806      95.435991      299.0118       0.15565      
    462000   474.92708      1365.4225      1840.3496      137.51662      305.58436      0.15259072   
    463000   492.02782      1379.3167      1871.3445      125.51077      308.6939       0.15322623   
    464000   491.85387      1384.1714      1876.0253      142.12058      309.7804       0.15740807   
    465000   495.17559      1340.3795      1835.5551      45.553064      299.97969      0.16075433   
    466000   467.41834      1351.4016      1818.82        63.564161      302.44646      0.16392561   
    467000   478.72689      1350.1464      1828.8733      55.234952      302.16553      0.16305328   
    468000   488.90695      1355.2996      1844.2065      148.24886      303.31883      0.16181718   
    469000   498.91004      1333.2537      1832.1637      254.31346      298.38491      0.16039962   
    470000   467.8831       1342.0505      1809.9336      294.34672      300.35365      0.15958431   
    471000   493.99516      1333.7573      1827.7525      255.89147      298.49763      0.15751182   
    472000   523.58399      1308.2912      1831.8752      152.01772      292.79825      0.15598799   
    473000   477.07794      1318.0774      1795.1553      72.534294      294.98842      0.15767569   
    474000   464.15561      1344.5759      1808.7316      11.934707      300.91886      0.16243505   
    475000   498.41606      1319.5273      1817.9433      13.271783      295.31292      0.16963495   
    476000   483.92181      1363.2282      1847.15        98.248016      305.09327      0.17180453   
    477000   473.5191       1363.6333      1837.1524      106.64549      305.18394      0.16740044   
    478000   492.77239      1355.9945      1848.7668      100.67751      303.47434      0.1634199    
    479000   476.7709       1315.2775      1792.0484      84.518914      294.36181      0.16033938   
    480000   475.39558      1331.6931      1807.0887      55.239476      298.03565      0.15697831   
    481000   489.21481      1364.6769      1853.8917      61.094614      305.41749      0.15595727   
    482000   458.53365      1355.2076      1813.7413      120.9917       303.29825      0.15749406   
    483000   488.81117      1342.2518      1831.0629      136.8391       300.3987       0.16156655   
    484000   485.44035      1315.0278      1800.4682      153.68481      294.30592      0.1670425    
    485000   478.79625      1325.0847      1803.8809      141.04251      296.55667      0.16844068   
    486000   467.39204      1345.6129      1813.0049      12.726295      301.15092      0.1640651    
    487000   476.98972      1327.3059      1804.2956     -20.834215      297.05378      0.16140373   
    488000   465.08797      1324.5718      1789.6598      6.4525708      296.44189      0.16000325   
    489000   493.51992      1332.8417      1826.3616      53.188451      298.29271      0.15939569   
    490000   490.03677      1332.2012      1822.2379      181.26645      298.14935      0.15846532   
    491000   492.17927      1335.7682      1827.9474      220.44904      298.94766      0.15720862   
    492000   498.58216      1325.6583      1824.2404      227.18988      296.68504      0.15751217   
    493000   464.70383      1356.7639      1821.4677      224.73572      303.64654      0.15841333   
    494000   477.20369      1344.8948      1822.0985      107.02023      300.99021      0.15734233   
    495000   479.79002      1318.3263      1798.1163      52.40264       295.04413      0.15703987   
    496000   463.44891      1330.3059      1793.7548      67.848417      297.72519      0.15781188   
    497000   465.25615      1320.3465      1785.6027      84.614278      295.49626      0.15819048   
    498000   479.38807      1312.3251      1791.7132      141.92331      293.70106      0.15976263   
    499000   487.37364      1331.0889      1818.4625      174.94606      297.90042      0.16226769   
    500000   473.52661      1315.2597      1788.7863      195.90267      294.35782      0.16759819   
    501000   446.37806      1358.7057      1805.0837      212.35252      304.08112      0.1729206    
    502000   478.33513      1376.2992      1854.6343      139.77677      308.01859      0.17501918   
    503000   485.14854      1331.0666      1816.2151      118.62653      297.89543      0.17223753   
    504000   483.97927      1304.0916      1788.0709      106.94002      291.85838      0.16410946   
    505000   479.93212      1335.8786      1815.8108      124.01577      298.97238      0.15959469   
    506000   475.70199      1318.1024      1793.8044      127.18732      294.99403      0.15763256   
    507000   466.79813      1346.7112      1813.5094      180.00294      301.39674      0.15849544   
    508000   447.34427      1364.0351      1811.3794      239.67421      305.27386      0.15988179   
    509000   487.28105      1336.136       1823.4171      222.95673      299.02999      0.16182225   
    510000   459.41857      1304.4547      1763.8733      194.84253      291.93964      0.16434962   
    511000   471.39839      1330.5321      1801.9305      120.24789      297.77582      0.16678247   
    512000   454.67502      1325.459       1780.134       105.21154      296.64044      0.16669159   
    513000   476.03006      1303.1694      1779.1994      37.484487      291.65198      0.16089564   
    514000   463.76648      1292.0128      1755.7793      29.121692      289.15512      0.15744445   
    515000   460.95422      1310.291       1771.2452      74.548198      293.24581      0.15770128   
    516000   461.67221      1363.0823      1824.7545      150.52634      305.06062      0.16038122   
    517000   482.55564      1354.1322      1836.6878      226.62656      303.05756      0.16323639   
    518000   471.38862      1354.9021      1826.2907      225.1488       303.22986      0.16185375   
    519000   473.19841      1359.9753      1833.1737      218.49113      304.36527      0.15529914   
    520000   500.61013      1327.7925      1828.4026      165.69023      297.16268      0.15055361   
    521000   499.65127      1305.5177      1805.1689      164.16546      292.17753      0.14950745   
    522000   489.94105      1286.9475      1776.8886      168.17898      288.0215       0.14995558   
    523000   504.7029       1289.0864      1793.7893      199.76297      288.50018      0.15119976   
    524000   474.46781      1329.7817      1804.2495      193.99562      297.60787      0.15213837   
    525000   470.72947      1341.7061      1812.4356      197.36667      300.27658      0.15515464   
    526000   456.32826      1321.2598      1777.588       125.80625      295.70065      0.15796434   
    527000   493.72055      1320.3553      1814.0758      88.070798      295.49823      0.16008276   
    528000   470.45485      1310.6102      1781.0651      92.472925      293.31725      0.15959375   
    529000   472.02451      1319.1873      1791.2118      160.72285      295.23682      0.15745619   
    530000   473.58396      1293.7608      1767.3448      197.0717       289.54632      0.15300806   
    531000   507.41827      1316.7754      1824.1936      292.28024      294.69703      0.15062194   
    532000   506.68874      1352.2083      1858.897       262.73701      302.62699      0.14785528   
    533000   517.09895      1360.188       1877.287       230.57644      304.41287      0.14736196   
    534000   536.57948      1363.9438      1900.5233      138.32303      305.25343      0.15219411   
    535000   463.78932      1394.8566      1858.6459      97.229169      312.17177      0.15847405   
    536000   479.79254      1333.0942      1812.8867      99.882502      298.34921      0.16048727   
    537000   467.63631      1338.6092      1806.2455      126.19091      299.58349      0.1597115    
    538000   467.45746      1313.1746      1780.6321      185.19794      293.89117      0.15940199   
    539000   488.24852      1317.9412      1806.1897      145.25724      294.95795      0.1567024    
    540000   489.5395       1331.9232      1821.4627      77.745947      298.08715      0.15611226   
    541000   445.99339      1301.1019      1747.0953      33.553667      291.18928      0.1590587    
    542000   466.85277      1290.6119      1757.4647      67.364682      288.8416       0.16446894   
    543000   479.54732      1340.6717      1820.219       88.458819      300.04508      0.1643127    
    544000   489.87356      1350.0147      1839.8882      79.358831      302.13605      0.15964484   
    545000   484.34649      1340.0571      1824.4036      136.6191       299.90752      0.15694454   
    546000   476.27893      1345.1464      1821.4253      199.41514      301.04653      0.15756345   
    547000   441.82623      1303.1668      1744.993       193.57748      291.6514       0.16302836   
    548000   464.98546      1315.9587      1780.9442      170.44262      294.51427      0.16991387   
    549000   443.01949      1328.2128      1771.2323      126.95463      297.25676      0.17260198   
    550000   479.15601      1330.8983      1810.0543      115.11475      297.85777      0.17184537   
    551000   472.26131      1304.1686      1776.4299      77.337152      291.87561      0.16818077   
    552000   485.11707      1316.641       1801.7581      74.190682      294.66695      0.16413679   
    553000   457.49149      1344.5359      1802.0274      66.429806      300.90989      0.15896817   
    554000   454.56658      1308.4472      1763.0137      109.91785      292.83316      0.15488375   
    555000   470.99964      1280.6811      1751.6807      135.62479      286.61906      0.15458821   
    556000   477.5937       1330.9361      1808.5298      218.56188      297.86623      0.15867867   
    557000   474.82376      1320.5832      1795.4069      266.59628      295.54922      0.16098746   
    558000   457.74924      1343.8427      1801.592       202.95037      300.75476      0.16124341   
    559000   445.04448      1311.4745      1756.519       116.59616      293.51069      0.15997438   
    560000   460.64946      1329.0631      1789.7126      111.1269       297.44705      0.1579312    
    561000   480.39235      1286.7664      1767.1587      60.09762       287.98096      0.15179124   
    562000   495.1343       1312.4457      1807.58        89.495181      293.72804      0.14630236   
    563000   502.09326      1330.8244      1832.9176      148.77824      297.84122      0.14620367   
    564000   490.61569      1319.5208      1810.1364      232.77284      295.31145      0.15217256   
    565000   470.61         1336.8694      1807.4794      238.36006      299.19412      0.15765073   
    566000   478.25299      1337.7241      1815.9771      223.8181       299.38539      0.15950218   
    567000   485.80328      1279.0012      1764.8045      148.12413      286.2431       0.1572031    
    568000   496.38696      1339.6467      1836.0336      104.27278      299.81568      0.15326113   
    569000   498.65389      1380.5949      1879.2488      96.862488      308.97997      0.15109335   
    570000   495.49255      1356.2562      1851.7488      138.1402       303.53293      0.15130614   
    571000   502.34161      1354.9266      1857.2682      152.69299      303.23535      0.15421808   
    572000   472.30378      1377.1097      1849.4135      231.58035      308.19998      0.16110118   
    573000   458.3164       1403.2275      1861.5439      215.49366      314.0452       0.16514465   
    574000   494.31711      1374.0357      1868.3528      191.66896      307.51202      0.16445611   
    575000   468.38599      1365.6129      1833.9989      128.1297       305.62697      0.16038425   
    576000   493.39662      1354.5744      1847.971       43.44257       303.15652      0.15817916   
    577000   525.68635      1354.3607      1880.0471      39.575352      303.10871      0.1576518    
    578000   495.76527      1385.0213      1880.7866      82.648134      309.97061      0.15626567   
    579000   508.76657      1378.5118      1887.2783      96.542628      308.51376      0.15254244   
    580000   511.74963      1339.4875      1851.2371      121.98444      299.78005      0.15130089   
    581000   500.62274      1334.2858      1834.9085      149.36236      298.6159       0.15261847   
    582000   483.53622      1339.4532      1822.9894      131.35784      299.77238      0.15457228   
    583000   479.38506      1335.9709      1815.356       111.16611      298.99304      0.15552879   
    584000   501.87098      1328.9301      1830.8011      92.29476       297.41729      0.15569156   
    585000   488.06017      1345.659       1833.7192      111.90806      301.16125      0.15464247   
    586000   498.56158      1339.1796      1837.7412      149.78346      299.71114      0.15507779   
    587000   476.54565      1356.2706      1832.8163      157.85446      303.53615      0.15461348   
    588000   508.24968      1375.5081      1883.7578      162.3843       307.84153      0.15226686   
    589000   493.74466      1359.0848      1852.8294      193.02149      304.16596      0.15055943   
    590000   492.48311      1337.8335      1830.3166      128.67409      299.40988      0.14903444   
    591000   502.43214      1322.5395      1824.9717      147.91353      295.98706      0.15333669   
    592000   495.0677       1335.9         1830.9677      135.11311      298.97717      0.15879122   
    593000   505.94502      1304.6919      1810.6369      88.744637      291.99272      0.16232244   
    594000   473.03248      1337.3916      1810.4241      80.099359      299.31098      0.16359608   
    595000   480.53663      1321.2219      1801.7585      79.244215      295.69217      0.16159693   
    596000   479.31256      1372.1258      1851.4383      78.090479      307.08456      0.1563925    
    597000   504.24825      1348.5178      1852.7661      126.4882       301.80106      0.14896197   
    598000   514.19705      1367.9786      1882.1756      178.15267      306.15641      0.14480849   
    599000   512.50004      1340.2921      1852.7922      190.51061      299.96013      0.14595782   
    600000   532.59914      1341.5256      1874.1247      221.17213      300.23618      0.14996966   
    601000   470.05027      1393.8897      1863.94        178.19903      311.95538      0.15321569   
    602000   532.71234      1369.5552      1902.2675      138.67832      306.50926      0.1553505    
    603000   525.37027      1379.6431      1905.0133      139.4243       308.76695      0.15468097   
    604000   505.08422      1365.9713      1871.0555      181.70341      305.70718      0.15322859   
    605000   486.45898      1365.7454      1852.2043      218.58674      305.65661      0.15436724   
    606000   515.82619      1347.9202      1863.7464      247.29701      301.6673       0.15754195   
    607000   501.90125      1372.3361      1874.2373      233.66923      307.13163      0.1587335    
    608000   499.71776      1384.1953      1883.9131      189.88662      309.78576      0.15374086   
    609000   504.03991      1370.1041      1874.144       130.21259      306.63211      0.14547968   
    610000   527.09074      1359.27        1886.3607      104.32557      304.20741      0.14362634   
    611000   518.01038      1391.6552      1909.6656      168.7059       311.45529      0.14695575   
    612000   509.84607      1394.0376      1903.8836      183.37497      311.98847      0.15025478   
    613000   487.99372      1339.9342      1827.928       160.13176      299.88003      0.15217256   
    614000   499.11061      1329.5971      1828.7077      189.08222      297.56655      0.1555093    
    615000   492.76562      1331.3397      1824.1053      150.55106      297.95655      0.15692922   
    616000   497.75594      1307.3122      1805.0681      113.01934      292.57915      0.15707492   
    617000   494.82524      1340.2165      1835.0417      123.37447      299.9432       0.15659385   
    618000   501.78614      1352.0627      1853.8489      137.23062      302.59442      0.15493822   
    619000   482.34077      1326.9187      1809.2595      174.97652      296.96713      0.15348254   
    620000   509.42698      1260.0619      1769.4889      151.64612      282.00444      0.15115089   
    621000   488.49624      1311.2996      1799.7958      118.86996      293.47154      0.14838871   
    622000   501.21539      1344.037       1845.2524      100.33201      300.79825      0.14897436   
    623000   497.63456      1324.9013      1822.5359      107.9606       296.51564      0.15359957   
    624000   478.12033      1352.0742      1830.1945      107.49467      302.59697      0.16231321   
    625000   486.469        1352.8933      1839.3623      142.49603      302.7803       0.1652178    
    626000   485.58609      1360.1841      1845.7702      163.34211      304.41199      0.16719503   
    627000   494.1373       1374.5008      1868.6381      203.00612      307.6161       0.17087914   
    628000   482.85131      1397.3558      1880.2071      107.56346      312.73109      0.17085974   
    629000   509.0363       1338.6533      1847.6896      30.659598      299.59337      0.16792636   
    630000   499.02929      1335.9497      1834.979       31.690251      298.98829      0.16257838   
    631000   482.63011      1350.9603      1833.5904      61.007145      302.34768      0.15737597   
    632000   497.01079      1315.9601      1812.9709      93.300543      294.51456      0.15475919   
    633000   477.74605      1297.2536      1774.9996      117.74864      290.32801      0.15415451   
    634000   477.97266      1314.8477      1792.8203      214.7846       294.26561      0.15700651   
    635000   469.2046       1331.0785      1800.2831      220.94342      297.8981       0.1593525    
    636000   451.15125      1333.4676      1784.6188      259.19607      298.43278      0.16137261   
    637000   478.58279      1340.7441      1819.3268      251.77995      300.06127      0.16082127   
    638000   511.82165      1337.2538      1849.0754      233.32362      299.28014      0.15812838   
    639000   490.97607      1369.9022      1860.8783      229.67501      306.58693      0.15448688   
    640000   515.70667      1326.496       1842.2027      201.38843      296.87253      0.15073424   
    641000   491.05964      1326.0715      1817.1311      170.67707      296.77752      0.1476192    
    642000   495.87054      1329.7866      1825.6572      159.85602      297.60898      0.14742925   
    643000   475.25552      1357.631       1832.8865      157.1614       303.84061      0.15306915   
    644000   501.7624       1361.3241      1863.0865      155.12192      304.66713      0.15931281   
    645000   491.93665      1370.5905      1862.5272      124.7604       306.74097      0.16258664   
    646000   470.85852      1380.3241      1851.1826      109.43964      308.91936      0.16395589   
    647000   495.35243      1352.8823      1848.2347      73.339071      302.77783      0.16390025   
    648000   487.11085      1353.1145      1840.2253      104.32108      302.8298       0.16258842   
    649000   501.50798      1368.2609      1869.7689      79.709509      306.21961      0.1582545    
    650000   490.7847       1343.5161      1834.3008      125.67534      300.68165      0.15614889   
    651000   509.42517      1361.314       1870.7392      151.38862      304.66487      0.15874422   
    652000   465.19007      1353.8077      1818.9978      157.34373      302.98494      0.16730246   
    653000   451.37955      1336.6251      1788.0047      158.4588       299.13944      0.17180238   
    654000   484.80097      1333.6733      1818.4743      112.54552      298.47882      0.17038921   
    655000   472.8334       1300.3338      1773.1672      138.21087      291.01737      0.16709609   
    656000   468.98095      1270.622       1739.6029      158.93853      284.3678       0.16239264   
    657000   478.11265      1317.8762      1795.9889      152.02094      294.9434       0.1581456    
    658000   485.43142      1316.0919      1801.5233      179.99062      294.54407      0.15672291   
    659000   474.25306      1338.812       1813.0651      184.11661      299.62888      0.15870242   
    660000   474.36783      1324.5425      1798.9103      193.54604      296.43533      0.16238157   
    661000   479.66576      1299.354       1779.0198      148.3514       290.7981       0.16521085   
    662000   472.11871      1331.8448      1803.9635      114.41281      298.0696       0.16637797   
    663000   463.20644      1316.5991      1779.8056      119.73972      294.65759      0.16784541   
    664000   477.15641      1300.0388      1777.1952      120.69242      290.95135      0.16745643   
    665000   484.19971      1340.6782      1824.8779      85.782805      300.04653      0.16723141   
    666000   470.5436       1373.398       1843.9416      94.315085      307.36928      0.16857987   
    667000   490.37342      1343.0709      1833.4443      109.39055      300.58201      0.16595837   
    668000   482.12796      1363.4358      1845.5638      209.93405      305.13974      0.16205008   
    669000   487.35328      1350.2693      1837.6226      230.42574      302.19304      0.15962067   
    670000   469.98767      1368.964       1838.9517      230.37615      306.37695      0.15945432   
    671000   477.42792      1376.9337      1854.3616      209.78587      308.16058      0.16052784   
    672000   468.84304      1362.5803      1831.4234      153.2976       304.94827      0.16007916   
    673000   487.70914      1318.7171      1806.4262      84.872715      295.1316       0.1580883    
    674000   492.76561      1344.0676      1836.8332      80.591014      300.80509      0.15577611   
    675000   478.19763      1347.0131      1825.2108      132.2955       301.4643       0.15298172   
    676000   488.85233      1325.1368      1813.9891      169.187        296.56833      0.14798891   
    677000   515.98041      1328.0061      1843.9865      173.12826      297.21048      0.14585625   
    678000   497.9808       1311.3607      1809.3415      173.44117      293.48523      0.1482389    
    679000   484.37362      1340.349       1824.7226      171.79169      299.97286      0.1554598    
    680000   467.95521      1329.2959      1797.2511      192.94616      297.49914      0.16037079   
    681000   465.82873      1349.3482      1815.177       176.43187      301.98691      0.16077333   
    682000   467.5071       1362.793       1830.3001      220.36744      304.99588      0.15951022   
    683000   497.10238      1367.5316      1864.634       207.28668      306.05638      0.15607089   
    684000   519.7713       1343.7348      1863.5061      209.721        300.7306       0.15431706   
    685000   510.33234      1355.9956      1866.328       131.75449      303.47461      0.1513757    
    686000   483.12401      1368.5767      1851.7007      81.527726      306.29026      0.14896563   
    687000   532.07845      1343.2871      1875.3655      38.682817      300.6304       0.14846395   
    688000   507.21778      1354.0722      1861.29        50.772536      303.04413      0.14887585   
    689000   505.89294      1387.6491      1893.5421      101.54147      310.55872      0.15290121   
    690000   492.78393      1377.7622      1870.5461      118.21329      308.346        0.15668624   
    691000   480.61923      1369.98        1850.5992      152.9629       306.60434      0.16094824   
    692000   478.83819      1349.4325      1828.2707      171.23597      302.00577      0.16396326   
    693000   487.37947      1333.3272      1820.7067      84.039367      298.40137      0.16299068   
    694000   469.81594      1337.2402      1807.0562      75.531146      299.27711      0.1581241    
    695000   489.19401      1348.1423      1837.3363      86.696141      301.71702      0.15339071   
    696000   506.26914      1326.4136      1832.6828      127.00237      296.85409      0.15313196   
    697000   488.89161      1305.9471      1794.8387      163.07222      292.27364      0.1580476    
    698000   486.09498      1282.7771      1768.8721      192.9749       287.08815      0.16652931   
    699000   447.70673      1353.1715      1800.8783      189.31906      302.84257      0.17014351   
    700000   477.2683       1389.2935      1866.5618      226.52111      310.92675      0.16791113   
    701000   481.80989      1374.767       1856.5769      193.70968      307.67567      0.16270472   
    702000   513.01114      1350.0893      1863.1004      161.6596       302.15275      0.15991082   
    703000   482.99705      1361.5854      1844.5824      171.21139      304.7256       0.15993125   
    704000   452.97945      1338.3106      1791.29        136.50662      299.51665      0.1620325    
    705000   467.38607      1341.5645      1808.9505      110.88155      300.24488      0.16465321   
    706000   500.9584       1346.3336      1847.292       59.843979      301.31222      0.16655759   
    707000   490.53081      1363.4995      1854.0303      109.66555      305.15398      0.16695422   
    708000   489.52707      1360.7529      1850.2799      108.93435      304.53928      0.16282763   
    709000   507.25535      1339.7047      1846.9601      86.605249      299.82866      0.15731165   
    710000   518.28928      1343.7298      1862.0191      53.052835      300.72949      0.15518328   
    711000   488.77383      1340.7088      1829.4826      42.746919      300.05338      0.1576005    
    712000   473.11197      1336.3375      1809.4495      15.826839      299.07508      0.163253     
    713000   484.57236      1311.6435      1796.2159      114.09339      293.54851      0.17148672   
    714000   484.58004      1296.6641      1781.2442      79.672188      290.19609      0.17133785   
    715000   451.32442      1300.5162      1751.8406      159.65013      291.05819      0.16951536   
    716000   474.62557      1280.0836      1754.7092      146.39829      286.48534      0.16417079   
    717000   473.63647      1318.7108      1792.3473      147.60088      295.13019      0.16069806   
    718000   485.40773      1326.4609      1811.8687      137.13028      296.86468      0.15906481   
    719000   502.11754      1325.7248      1827.8423      85.075664      296.69992      0.1575731    
    720000   480.76666      1318.6359      1799.4025      102.86497      295.11342      0.15728745   
    721000   498.58176      1337.7307      1836.3125      108.20957      299.38688      0.15771067   
    722000   480.36161      1386.275       1866.6367      163.0355       310.2512       0.16013598   
    723000   477.80237      1353.2838      1831.0862      202.14839      302.86769      0.16862351   
    724000   471.16813      1341.087       1812.2552      193.82816      300.13803      0.17494893   
    725000   463.84868      1334.0537      1797.9023      181.74482      298.56395      0.17523819   
    726000   460.46335      1295.552       1756.0153      140.1418       289.9472       0.17048281   
    727000   453.33079      1311.2369      1764.5677      80.909099      293.45751      0.16361253   
    728000   480.97102      1303.3347      1784.3057      40.915948      291.68899      0.16053886   
    729000   495.10218      1332.8177      1827.9199      18.266425      298.28733      0.15850626   
    730000   524.59399      1340.9242      1865.5182      23.513234      300.10158      0.15698098   
    731000   506.19816      1332.4468      1838.6449      143.97344      298.20433      0.15837698   
    732000   494.46351      1396.7722      1891.2357      217.77494      312.60048      0.16159974   
    733000   476.10073      1339.853       1815.9537      244.38444      299.86184      0.16773154   
    734000   471.08384      1356.18        1827.2639      244.14626      303.51588      0.17173045   
    735000   457.49604      1357.0002      1814.4963      181.9906       303.69943      0.17077226   
    736000   472.86665      1345.5372      1818.4039      119.82623      301.13399      0.16605601   
    737000   487.87983      1335.2766      1823.1564      41.87258       298.83764      0.16195742   
    738000   490.76074      1386.4753      1877.2361      49.299692      310.29602      0.16146694   
    739000   498.49252      1356.9813      1855.4738      34.498038      303.69519      0.15878818   
    740000   452.54762      1388.8907      1841.4384      78.025071      310.8366       0.15425507   
    741000   496.62881      1354.4475      1851.0763      134.47303      303.12813      0.15209183   
    742000   510.45417      1383.2828      1893.737       186.28284      309.58154      0.15337091   
    743000   504.9086       1328.5369      1833.4455      208.70879      297.32928      0.15553535   
    744000   487.84806      1336.7175      1824.5656      187.88312      299.16013      0.15731677   
    745000   498.2809       1322.4424      1820.7233      142.44108      295.96532      0.1606479    
    746000   501.41936      1302.0641      1803.4835      130.22093      291.40463      0.16522644   
    747000   462.65486      1322.6322      1785.2871      137.57925      296.00781      0.16806584   
    748000   500.08847      1311.6508      1811.7393      132.89874      293.55015      0.17070824   
    749000   475.41691      1354.4183      1829.8352      216.40615      303.1216       0.17164134   
    750000   485.7658       1339.7361      1825.5019      237.56248      299.83568      0.16796027   
    751000   490.58598      1322.9967      1813.5826      201.82724      296.08937      0.16048732   
    752000   480.45365      1299.3774      1779.8311      145.61968      290.80334      0.15802043   
    753000   472.92868      1345.7477      1818.6764      43.24885       301.1811       0.15732845   
    754000   502.17255      1312.4937      1814.6662      35.096465      293.73877      0.15836247   
    755000   494.72557      1325.1072      1819.8328      65.239126      296.56171      0.16035669   
    756000   483.67161      1338.596       1822.2676      155.86262      299.58053      0.16327441   
    757000   478.44064      1318.3154      1796.756       229.72559      295.04169      0.16668026   
    758000   453.52805      1301.9088      1755.4368      266.18043      291.36985      0.16983439   
    759000   450.4634       1315.3366      1765.8         262.02413      294.37502      0.17065086   
    760000   465.5728       1353.9121      1819.4849      243.67733      303.00831      0.16835389   
    761000   505.44274      1341.63        1847.0727      174.43914      300.25954      0.16377507   
    762000   475.11268      1356.7261      1831.8388      147.40923      303.63808      0.15905072   
    763000   493.5694       1331.0384      1824.6078      132.40181      297.88912      0.15931435   
    764000   505.90116      1333.8808      1839.782       81.546158      298.52527      0.16039328   
    765000   494.60732      1367.232       1861.8394      87.587241      305.98934      0.16292732   
    766000   495.27481      1391.1801      1886.455       95.341317      311.34897      0.16888386   
    767000   471.96702      1389.7046      1861.6716      104.044        311.01874      0.17341737   
    768000   451.4846       1332.0597      1783.5443      143.86982      298.1177       0.17599787   
    769000   483.23739      1333.5699      1816.8073      174.01631      298.45568      0.17334454   
    770000   477.14097      1340.8907      1818.0317      222.10097      300.09409      0.16572171   
    771000   474.5254       1329.5894      1804.1148      182.30634      297.56483      0.15959583   
    772000   481.76015      1327.9929      1809.753       120.86847      297.20753      0.1568357    
    773000   497.99178      1321.0118      1819.0036      90.22698       295.64516      0.15648743   
    774000   508.86158      1329.1303      1837.9919      64.671388      297.46208      0.1579461    
    775000   505.7024       1345.2072      1850.9096      80.906808      301.06013      0.16228014   
    776000   476.54511      1363.1766      1839.7217      141.54096      305.08172      0.16704303   
    777000   475.9341       1394.792       1870.7261      152.80994      312.15731      0.16825371   
    778000   484.71907      1348.0365      1832.7556      193.61292      301.69333      0.16791733   
    779000   483.8164       1357.7223      1841.5387      170.3127       303.86104      0.16598691   
    780000   499.42164      1376.019       1875.4406      126.60529      307.95588      0.16202303   
    781000   484.6636       1411.7855      1896.4491      22.548769      315.9605       0.15551392   
    782000   521.98989      1394.0908      1916.0807      15.521829      312.00039      0.15263337   
    783000   486.04557      1377.6912      1863.7368      66.644664      308.33012      0.15446581   
    784000   488.48732      1344.7332      1833.2205      183.49778      300.95405      0.16070339   
    785000   474.92066      1316.0093      1790.9299      263.41356      294.52558      0.16576182   
    786000   466.42881      1335.3919      1801.8207      311.27073      298.86345      0.16784531   
    787000   465.07832      1339.475       1804.5533      240.20434      299.77724      0.16730102   
    788000   490.9746       1308.9108      1799.8854      167.45016      292.93692      0.16670938   
    789000   474.29247      1323.4262      1797.7186      70.583573      296.18549      0.16398668   
    790000   451.43359      1319.7001      1771.1336      27.083644      295.35158      0.16124082   
    791000   493.86803      1317.2972      1811.1652     -3.8036015      294.81382      0.15614119   
    792000   490.06963      1341.2989      1831.3686      35.106909      300.18546      0.15394354   
    793000   523.67797      1343.7137      1867.3917      76.014226      300.72589      0.1564726    
    794000   472.68441      1353.8737      1826.5581      179.44668      302.99972      0.16248161   
    795000   491.02103      1344.0242      1835.0452      254.4017       300.79537      0.16504227   
    796000   466.9385       1340.2385      1807.177       251.89787      299.94813      0.16549741   
    797000   489.06546      1335.4126      1824.4781      179.91807      298.86808      0.16447531   
    798000   469.6147       1338.7086      1808.3233      108.00347      299.60574      0.16120398   
    799000   464.80679      1292.115       1756.9218      57.999145      289.178        0.15810975   
    800000   483.3872       1288.0978      1771.485       47.400383      288.27893      0.15779305   
    801000   458.91565      1322.04        1780.9557      74.834316      295.87527      0.15904076   
    802000   495.38774      1319.245       1814.6328      163.14019      295.24974      0.16196871   
    803000   462.75178      1333.2465      1795.9983      163.17491      298.38331      0.16142725   
    804000   485.86138      1321.2133      1807.0747      107.05422      295.69025      0.16012754   
    805000   455.25747      1309.6658      1764.9232      108.34344      293.10589      0.16377776   
    806000   470.73135      1293.5346      1764.266       111.51749      289.49571      0.16602563   
    807000   472.45726      1327.7391      1800.1964      165.11101      297.15075      0.16520376   
    808000   476.27617      1335.618       1811.8942      184.77411      298.91405      0.16075583   
    809000   477.86357      1305.1065      1782.97        126.20431      292.08551      0.15820368   
    810000   518.12593      1298.6292      1816.7551      121.04769      290.63588      0.1578091    
    811000   474.83094      1317.004       1791.8349      60.476178      294.74819      0.15631017   
    812000   482.56838      1286.4966      1769.065       41.395988      287.92058      0.15633109   
    813000   499.10435      1275.6729      1774.7772      50.448148      285.4982       0.15588518   
    814000   488.52828      1331.0745      1819.6028      106.58934      297.89722      0.15503807   
    815000   502.0531       1324.6348      1826.6879      185.55704      296.45599      0.15337888   
    816000   516.83121      1336.7175      1853.5487      225.25213      299.16012      0.15154524   
    817000   503.61336      1346.0965      1849.7099      222.33729      301.25917      0.15076396   
    818000   507.47667      1322.7541      1830.2308      176.19739      296.03509      0.15185144   
    819000   504.36977      1337.0705      1841.4403      130.08103      299.23913      0.1557678    
    820000   475.9867       1389.9058      1865.8925      159.62858      311.06378      0.15992517   
    821000   456.47722      1363.7472      1820.2244      126.6624       305.20943      0.16046727   
    822000   497.151        1342.8387      1839.9897      108.12377      300.53005      0.1614444    
    823000   484.18572      1357.5461      1841.7318      106.64282      303.82159      0.1634       
    824000   466.24866      1317.6499      1783.8985      142.26866      294.89275      0.16383533   
    825000   492.18424      1335.5213      1827.7056      112.66725      298.89241      0.15987274   
    826000   489.9018       1334.0094      1823.9112      100.26539      298.55404      0.15691888   
    827000   471.81746      1341.9433      1813.7608      135.80322      300.32967      0.15672251   
    828000   474.25374      1333.1499      1807.4036      158.78132      298.36168      0.15620091   
    829000   476.74118      1309.9414      1786.6826      196.39423      293.16757      0.15787484   
    830000   479.75248      1294.2865      1774.0389      261.56623      289.66397      0.15996512   
    831000   489.20847      1311.6299      1800.8384      280.94796      293.54547      0.16191533   
    832000   508.03016      1317.2652      1825.2954      203.90921      294.80667      0.16406193   
    833000   471.1579       1315.5244      1786.6823      143.77763      294.41707      0.16609193   
    834000   482.77374      1338.9601      1821.7338      29.3155        299.66202      0.16638924   
    835000   491.80351      1323.4189      1815.2224     -39.283404      296.18386      0.16428956   
    836000   470.27522      1347.6128      1817.8881      22.265819      301.59852      0.16222888   
    837000   477.23387      1341.3981      1818.6319      98.822546      300.20764      0.16146911   
    838000   520.1746       1322.449       1842.6236      131.82817      295.96681      0.1588284    
    839000   479.59786      1350.1231      1829.721       125.32391      302.16033      0.15477696   
    840000   497.01486      1344.586       1841.6009      120.52896      300.92111      0.15254831   
    841000   518.02601      1356.3522      1874.3782      117.8183       303.55441      0.15400646   
    842000   509.24662      1342.9405      1852.1871      131.46266      300.55284      0.15828515   
    843000   504.52759      1343.1519      1847.6795      217.1264       300.60015      0.16648695   
    844000   490.4254       1375.6286      1866.054       195.85618      307.86851      0.17025209   
    845000   471.11709      1409.3684      1880.4855      153.27635      315.41954      0.1699462    
    846000   476.05291      1318.1024      1794.1553      79.441901      294.99403      0.1660812    
    847000   487.75651      1324.2814      1812.0379      53.14573       296.37689      0.1630559    
    848000   470.93323      1300.5236      1771.4568      65.079479      291.05984      0.16033463   
    849000   489.00711      1320.4149      1809.422       74.60794       295.51157      0.15614186   
    850000   467.73766      1334.4832      1802.2208      90.432022      298.66007      0.15396085   
    851000   483.0528       1300.38        1783.4328      108.78606      291.02772      0.15520272   
    852000   484.96231      1305.5821      1790.5445      103.10371      292.19196      0.16089208   
    853000   469.02344      1338.2032      1807.2267      199.52421      299.49263      0.1714982    
    854000   480.43139      1318.9545      1799.3859      181.48129      295.18473      0.17359676   
    855000   488.74115      1307.6516      1796.3927      223.3258       292.6551       0.17123558   
    856000   468.95387      1354.7469      1823.7008      222.0666       303.19515      0.16509382   
    857000   496.98816      1353.2407      1850.2289      228.40863      302.85805      0.1613797    
    858000   528.2045       1329.6689      1857.8734      175.46741      297.58262      0.15798444   
    859000   484.05231      1352.6869      1836.7392      144.68813      302.7341       0.1555491    
    860000   527.9641       1337.9908      1865.9549      72.99658       299.44509      0.15374796   
    861000   492.6902       1344.8315      1837.5217      105.03842      300.97606      0.15495017   
    862000   465.35526      1330.382       1795.7372      46.72673       297.74221      0.1564644    
    863000   524.57297      1310.0876      1834.6606      80.350087      293.20029      0.1589908    
    864000   504.97946      1334.3824      1839.3619      143.61779      298.63752      0.15883998   
    865000   527.36655      1391.2187      1918.5852      197.64487      311.3576       0.15767271   
    866000   508.20565      1396.2542      1904.4598      245.60102      312.48455      0.15633968   
    867000   523.52159      1362.3917      1885.9133      222.92354      304.90606      0.15715117   
    868000   497.38079      1356.0703      1853.4511      183.98716      303.49132      0.1615502    
    869000   479.39334      1361.2047      1840.598       134.82907      304.64041      0.16810795   
    870000   490.53681      1382.2352      1872.772       78.967743      309.34708      0.17130985   
    871000   475.8697       1361.4213      1837.291       61.304438      304.68887      0.16969777   
    872000   484.61874      1338.317       1822.9357      102.41108      299.51808      0.16610607   
    873000   478.69914      1317.2385      1795.9376      147.40643      294.80068      0.16152906   
    874000   490.57376      1345.7553      1836.3291      222.01014      301.1828       0.15953683   
    875000   474.75883      1356.7114      1831.4702      279.36324      303.63478      0.15972077   
    876000   502.01749      1317.2645      1819.282       217.73247      294.8065       0.159726     
    877000   480.74307      1355.5045      1836.2475      160.03527      303.36468      0.16094154   
    878000   479.26066      1363.8868      1843.1474      93.681327      305.24066      0.16201172   
    879000   499.21042      1347.7118      1846.9222      64.658848      301.62067      0.16071493   
    880000   501.13987      1335.8938      1837.0337      3.5977823      298.97578      0.15649971   
    881000   485.41526      1332.3333      1817.7485      61.629727      298.17892      0.15423772   
    882000   487.22916      1327.8571      1815.0862      116.20011      297.17713      0.15259626   
    883000   483.13136      1314.8056      1797.937       146.50034      294.2562       0.15314056   
    884000   476.97179      1274.3564      1751.3282      141.06578      285.20357      0.15632204   
    885000   467.03176      1311.4531      1778.4849      167.75896      293.5059       0.16315605   
    886000   481.66184      1325.3954      1807.0572      144.71821      296.62621      0.16708435   
    887000   424.32154      1337.3715      1761.693       170.10037      299.30648      0.16775038   
    888000   500.02825      1317.831       1817.8592      181.70496      294.93328      0.16545445   
    889000   489.48858      1280.9793      1770.4679      201.03988      286.6858       0.16092928   
    890000   482.71561      1313.0754      1795.791       182.52431      293.86898      0.15633721   
    891000   462.89855      1361.0049      1823.9035      204.41731      304.5957       0.15629392   
    892000   504.85089      1303.8099      1808.6608      194.60462      291.79534      0.15745961   
    893000   494.32742      1336.517       1830.8444      159.18568      299.11524      0.16019024   
    894000   495.06447      1367.6153      1862.6798      150.50657      306.07512      0.16232856   
    895000   491.97401      1389.6971      1881.6711      120.58189      311.01705      0.16425272   
    896000   477.95048      1367.4331      1845.3836      149.46451      306.03433      0.16607494   
    897000   485.3054       1355.2105      1840.516       195.21869      303.2989       0.164251     
    898000   494.43446      1349.162       1843.5965      197.96182      301.94523      0.1611227    
    899000   485.68458      1333.9355      1819.6201      213.62467      298.5375       0.15909112   
    900000   484.76191      1360.9681      1845.73        222.89099      304.58745      0.15965518   
    901000   468.48903      1366.5705      1835.0595      153.97838      305.84128      0.16123236   
    902000   506.6227       1306.2729      1812.8956      76.621673      292.34656      0.16120569   
    903000   502.33762      1306.4431      1808.7807      37.322002      292.38464      0.16147356   
    904000   489.71898      1320.8782      1810.5972      62.909772      295.61525      0.16249833   
    905000   460.47377      1343.5024      1803.9762      89.736265      300.6786       0.16653868   
    906000   486.23701      1369.2936      1855.5306      203.1807       306.45073      0.1755089    
    907000   461.89386      1400.1231      1862.017       276.23432      313.35042      0.1776155    
    908000   507.70782      1353.5331      1861.2409      256.13449      302.92348      0.17054815   
    909000   473.72325      1353.9791      1827.7023      250.57354      303.02329      0.16501855   
    910000   497.84144      1342.3285      1840.1699      217.95904      300.41587      0.16294022   
    911000   479.88885      1356.6317      1836.5205      110.63347      303.61695      0.15950874   
    912000   478.32154      1365.9612      1844.2827      42.188832      305.70492      0.1576779    
    913000   491.53843      1384.6804      1876.2188      101.79551      309.89431      0.1584261    
    914000   509.37322      1418.3348      1927.708       171.47691      317.42624      0.16047094   
    915000   508.06156      1361.6249      1869.6865      253.99963      304.73445      0.16414635   
    916000   489.08853      1361.4483      1850.5368      311.84243      304.69492      0.16607501   
    917000   477.25491      1364.955       1842.2099      286.16823      305.47973      0.16376208   
    918000   522.58204      1355.6031      1878.1852      219.00092      303.38676      0.15773643   
    919000   509.38         1343.9812      1853.3612      121.63465      300.78574      0.15225541   
    920000   497.22612      1307.6422      1804.8683      44.74211       292.65301      0.15108345   
    921000   461.97045      1308.6352      1770.6056      37.928921      292.87524      0.15282082   
    922000   486.53125      1300.1744      1786.7057      23.835748      290.98171      0.15805598   
    923000   503.75049      1310.1285      1813.879       79.804923      293.20945      0.16402516   
    924000   477.0004       1335.6514      1812.6518      108.20553      298.92153      0.16623029   
    925000   490.96095      1373.7193      1864.6803      108.77411      307.44121      0.16475391   
    926000   495.93371      1376.0533      1871.9871      115.80925      307.96356      0.16094497   
    927000   498.10016      1344.4694      1842.5696      129.75191      300.89502      0.15709794   
    928000   493.85355      1359.4493      1853.3028      135.29629      304.24753      0.15618575   
    929000   495.64778      1363.896       1859.5438      124.61797      305.24272      0.15899918   
    930000   497.28536      1384.1546      1881.44        89.070327      309.77664      0.16362757   
    931000   502.58547      1325.6653      1828.2508      130.36519      296.68662      0.16591903   
    932000   483.94853      1327.0135      1810.962       118.00858      296.98835      0.16415323   
    933000   484.13475      1285.7576      1769.8923      87.302182      287.75519      0.16107179   
    934000   479.09137      1280.2112      1759.3026      81.605865      286.5139       0.15771026   
    935000   496.22518      1326.0214      1822.2466      73.240116      296.76631      0.14988342   
    936000   527.40497      1332.8997      1860.3046      79.001185      298.30568      0.14564106   
    937000   500.65167      1359.1273      1859.7789      131.43926      304.17547      0.14574849   
    938000   542.11551      1372.843       1914.9585      176.42249      307.24508      0.14892709   
    939000   513.38698      1358.6461      1872.0331      206.00286      304.06779      0.1529757    
    940000   519.81856      1355.669       1875.4875      207.77024      303.4015       0.15469028   
    941000   505.75743      1360.2008      1865.9582      152.16998      304.41573      0.15440036   
    942000   507.0957       1346.3096      1853.4053      79.863137      301.30685      0.15530119   
    943000   509.69574      1383.9074      1893.6031      83.704846      309.72131      0.15733572   
    944000   534.21265      1332.3258      1866.5384      62.155601      298.17724      0.15832068   
    945000   522.3191       1343.1633      1865.4824      115.43584      300.6027       0.15904769   
    946000   518.81112      1362.3831      1881.1942      126.32716      304.90413      0.15761205   
    947000   513.4016       1338.5526      1851.9542      133.65254      299.57082      0.15408625   
    948000   503.4932       1322.3396      1825.8328      135.00657      295.94231      0.15047882   
    949000   475.14647      1303.8848      1779.0312      129.33153      291.81209      0.14834202   
    950000   501.87301      1318.7732      1820.6462      102.20416      295.14415      0.14900134   
    951000   495.09965      1326.2927      1821.3924      151.85389      296.82704      0.15693673   
    952000   458.60095      1323.1964      1781.7973      157.22919      296.13406      0.16149623   
    953000   479.06542      1332.4441      1811.5095      175.80952      298.20372      0.16417485   
    954000   492.82766      1347.8198      1840.6475      152.51655      301.64484      0.16370108   
    955000   513.55926      1320.5598      1834.1191      107.49953      295.544        0.15949463   
    956000   507.30265      1376.3762      1883.6788      63.629418      308.03581      0.15524875   
    957000   495.84441      1342.4693      1838.3137      72.081585      300.44738      0.15268969   
    958000   493.30447      1347.9168      1841.2212      72.465678      301.66654      0.15271961   
    959000   509.38549      1335.9512      1845.3367      99.919357      298.98861      0.15555347   
    960000   502.92604      1336.4928      1839.4189      48.573537      299.10984      0.15890846   
    961000   497.05739      1303.142       1800.1994      43.819295      291.64586      0.16184561   
    962000   484.42648      1340.6911      1825.1176      83.316515      300.04942      0.16441043   
    963000   500.26304      1329.366       1829.629       126.99283      297.51483      0.1638546    
    964000   506.18509      1394.3799      1900.5649      135.70249      312.06507      0.16039912   
    965000   511.48189      1349.6675      1861.1493      165.02875      302.05835      0.15719696   
    966000   525.4235       1350.7682      1876.1917      151.49714      302.3047       0.15398875   
    967000   513.43474      1334.2604      1847.6952      157.93913      298.61023      0.15200522   
    968000   490.86321      1314.8388      1805.702       161.95463      294.26361      0.15161317   
    969000   527.24476      1306.0037      1833.2485      128.42249      292.28632      0.15632164   
    970000   464.91509      1330.0919      1795.007       133.27341      297.67731      0.16172667   
    971000   464.80328      1317.3162      1782.1195      113.92798      294.81807      0.16430984   
    972000   454.79275      1276.0873      1730.8801      89.184854      285.59097      0.16704161   
    973000   490.06079      1292.9008      1782.9616      58.103623      289.35385      0.17042224   
    974000   459.92755      1347.016       1806.9435      29.59852       301.46494      0.1709618    
    975000   478.25276      1330.0728      1808.3256      57.030722      297.67302      0.16611015   
    976000   480.38983      1330.3901      1810.78        152.51466      297.74404      0.16263276   
    977000   478.69928      1274.788       1753.4873      208.87077      285.30017      0.16376491   
    978000   483.07617      1353.6398      1836.716       217.07075      302.94737      0.16787896   
    979000   468.05124      1360.1654      1828.2166      204.0685       304.40781      0.17128555   
    980000   487.87712      1364.7995      1852.6766      160.59022      305.44493      0.17429228   
    981000   507.12072      1333.3976      1840.5183      101.02619      298.41712      0.17655863   
    982000   440.75116      1398.0418      1838.7929      104.07632      312.88461      0.17669993   
    983000   474.67936      1321.7428      1796.4221      19.974723      295.80874      0.16870464   
    984000   481.63175      1349.0407      1830.6724      49.258728      301.91807      0.16308421   
    985000   497.0017       1340.4082      1837.4099      101.08106      299.98611      0.16021676   
    986000   480.21345      1391.0876      1871.3011      161.87622      311.32826      0.16060168   
    987000   471.41426      1352.8252      1824.2395      207.18448      302.76506      0.16140395   
    988000   477.05769      1374.5908      1851.6485      211.15516      307.63624      0.1624003    
    989000   481.26625      1369.1381      1850.4043      164.09268      306.41592      0.16607541   
    990000   489.9129       1339.2588      1829.1717      157.17085      299.72887      0.17363601   
    991000   474.7099       1357.0193      1831.7292      113.64391      303.70369      0.17678453   
    992000   491.053        1366.128       1857.181       59.255747      305.74225      0.17303508   
    993000   479.51446      1368.93        1848.4444      89.487196      306.36934      0.16437975   
    994000   493.80056      1343.3742      1837.1748      100.26624      300.64991      0.16044101   
    995000   490.22139      1355.2976      1845.519       84.175987      303.31838      0.1609755    
    996000   501.12395      1351.0534      1852.1774      104.22864      302.36853      0.16100687   
    997000   507.12985      1365.6632      1872.793       74.407885      305.63823      0.15787215   
    998000   495.9638       1346.5497      1842.5135      134.12331      301.3606       0.15690835   
    999000   502.00672      1366.6517      1868.6584      153.12355      305.85945      0.1569255    
   1000000   517.0272       1356.273       1873.3002      169.88212      303.53669      0.1584854    
   1001000   502.59993      1381.0272      1883.6272      138.24708      309.07673      0.16103446   
   1002000   478.63052      1319.2927      1797.9232      77.901341      295.26041      0.16487518   
   1003000   479.63492      1318.7558      1798.3907      82.903339      295.14026      0.16980002   
   1004000   503.21785      1329.6224      1832.8402      146.52986      297.57222      0.17137078   
   1005000   457.11297      1342.7974      1799.9104      161.20933      300.52082      0.16623774   
   1006000   495.92594      1313.5699      1809.4959      157.52659      293.97965      0.16003701   
   1007000   471.07444      1334.8866      1805.9611      244.99639      298.75037      0.15782914   
   1008000   497.80083      1328.5809      1826.3817      231.99625      297.33912      0.15595939   
   1009000   493.53488      1341.2826      1834.8175      200.57666      300.1818       0.15342108   
   1010000   499.29128      1326.5175      1825.8088      88.323859      296.87734      0.15153008   
   1011000   504.51288      1345.9501      1850.4629      38.031708      301.22638      0.15405395   
   1012000   524.11022      1331.8647      1855.9749      40.701761      298.07404      0.15651523   
   1013000   497.33192      1360.0856      1857.4176      96.232197      304.38996      0.1587433    
   1014000   499.10885      1389.5099      1888.6187      98.316971      310.97516      0.15877774   
   1015000   486.29897      1360.6096      1846.9085      148.95141      304.50721      0.16025233   
   1016000   512.63806      1326.9933      1839.6314      188.513        296.98383      0.16152572   
   1017000   483.58315      1384.3564      1867.9396      201.825        309.82181      0.16238482   
   1018000   500.62109      1363.1346      1863.7557      175.74854      305.07231      0.16269064   
   1019000   479.69922      1332.6459      1812.3451      153.3645       298.24888      0.16141776   
   1020000   483.5366       1329.772       1813.3086      137.83392      297.60571      0.15948997   
   1021000   483.01263      1319.7543      1802.7669      118.26274      295.36372      0.15783712   
   1022000   490.25458      1332.6844      1822.939       103.00333      298.2575       0.1542292    
   1023000   497.08124      1317.3586      1814.4398      115.15109      294.82756      0.15016059   
   1024000   491.4663       1292.9384      1784.4047      131.15926      289.36226      0.14784246   
   1025000   486.629        1314.3689      1800.9979      137.79764      294.15846      0.1512633    
   1026000   495.45061      1315.9729      1811.4235      131.11981      294.51743      0.15997133   
   1027000   479.23653      1294.3037      1773.5402      122.79546      289.66783      0.16344555   
   1028000   485.11376      1273.0321      1758.1459      122.41561      284.9072       0.16286912   
   1029000   520.09572      1286.3393      1806.435       138.62255      287.88537      0.16135315   
   1030000   519.04988      1321.4737      1840.5236      164.42686      295.74853      0.15752331   
   1031000   464.97695      1334.5892      1799.5662      143.18076      298.68381      0.15234696   
   1032000   486.27676      1308.8689      1795.1457      143.65266      292.92755      0.15111494   
   1033000   522.72449      1336.696       1859.4205      114.99972      299.15532      0.15291223   
   1034000   524.07791      1348.4597      1872.5377      111.80607      301.78806      0.15709788   
   1035000   481.15485      1362.6678      1843.8227      76.299386      304.96785      0.16111932   
   1036000   480.66381      1367.6808      1848.3446      81.041337      306.08976      0.16444562   
   1037000   486.72868      1374.95        1861.6787      122.20164      307.71663      0.16454728   
   1038000   508.33712      1417.664       1926.0011      166.56691      317.27611      0.16168324   
   1039000   488.07106      1388.208       1876.279       207.38536      310.6838       0.1578579    
   1040000   522.58932      1345.332       1867.9213      233.49643      301.08805      0.15643468   
   1041000   487.21893      1361.0637      1848.2827      206.91547      304.60886      0.15624906   
   1042000   506.40903      1372.5709      1878.9799      134.75242      307.18418      0.15683643   
   1043000   496.86171      1376.8956      1873.7573      135.56673      308.15205      0.15862104   
   1044000   505.76248      1359.829       1865.5915      129.44133      304.33252      0.16040626   
   1045000   508.12848      1364.645       1872.7735      104.93918      305.41035      0.15941362   
   1046000   485.12244      1351.2853      1836.4077      152.04958      302.42042      0.1559487    
   1047000   497.02746      1321.8501      1818.8776      159.82257      295.83277      0.15103379   
   1048000   528.67429      1312.4253      1841.0996      180.89667      293.72349      0.14917538   
   1049000   512.73734      1335.6307      1848.368       142.51043      298.91689      0.15007492   
   1050000   528.6299       1308.3927      1837.0226      134.42491      292.82097      0.15585744   
   1051000   506.3157       1338.0849      1844.4006      105.55039      299.46614      0.16219719   
   1052000   514.88018      1362.382       1877.2622      90.788193      304.90389      0.16565431   
   1053000   502.90203      1333.477       1836.3791      41.81914       298.4349       0.16430938   
   1054000   499.93416      1372.8903      1872.8244      63.041694      307.25566      0.16336976   
   1055000   510.26891      1346.2099      1856.4788      131.90032      301.28455      0.16334777   
   1056000   508.80148      1348.978       1857.7795      172.37509      301.90405      0.16416754   
   1057000   482.15339      1338.6754      1820.8288      209.26575      299.5983       0.16330777   
   1058000   517.12044      1324.0126      1841.1331      159.53855      296.31674      0.15905891   
   1059000   480.22342      1328.7471      1808.9705      134.03695      297.37633      0.15505948   
   1060000   492.60194      1343.0639      1835.6658      68.477646      300.58045      0.14656666   
   1061000   502.22523      1357.2068      1859.432       47.380649      303.74566      0.14068052   
   1062000   534.77928      1349.9754      1884.7547      19.458044      302.12727      0.14232009   
   1063000   495.72249      1318.3743      1814.0968      49.773636      295.05488      0.14717556   
   1064000   478.99806      1334.2501      1813.2481      121.63041      298.6079       0.15285034   
   1065000   491.0458       1317.5212      1808.567       188.59273      294.86395      0.15728053   
   1066000   493.82119      1319.2346      1813.0558      249.664        295.24741      0.15818222   
   1067000   473.95945      1289.6664      1763.6259      196.24395      288.62999      0.15458647   
   1068000   486.50288      1306.7833      1793.2861      178.27409      292.46078      0.15474686   
   1069000   475.21459      1336.6864      1811.901       150.99943      299.15316      0.15580104   
   1070000   497.73303      1297.037       1794.7701      89.773666      290.27955      0.15473178   
   1071000   495.48573      1316.8854      1812.3712      101.78206      294.72167      0.15339436   
   1072000   500.67391      1339.8609      1840.5348      122.29086      299.86361      0.15067548   
   1073000   489.80651      1309.3536      1799.1601      148.52178      293.03603      0.14758393   
   1074000   502.86375      1312.6331      1815.4969      164.35041      293.76999      0.14716301   
   1075000   488.14279      1349.0676      1837.2104      195.69514      301.92411      0.15164756   
   1076000   506.15516      1324.7717      1830.9269      172.11181      296.48663      0.15662155   
   1077000   489.8457       1333.3291      1823.1748      121.83242      298.4018       0.1581454    
   1078000   507.57634      1314.8961      1822.4724      114.8005       294.27644      0.16020253   
   1079000   465.02872      1347.9016      1812.9303      150.28579      301.66315      0.16279032   
   1080000   481.4917       1339.3803      1820.872       196.31203      299.75605      0.16528095   
   1081000   459.13329      1330.424       1789.5573      197.39003      297.75161      0.16600889   
   1082000   488.01636      1333.8238      1821.8402      165.9954       298.51251      0.16329082   
   1083000   493.78064      1333.6214      1827.4021      146.2268       298.46722      0.15941748   
   1084000   502.33355      1317.6645      1819.998       123.56086      294.89602      0.15956854   
   1085000   491.80275      1331.9094      1823.7121      86.611679      298.08405      0.16241973   
   1086000   470.95523      1346.3368      1817.2921      135.50139      301.31295      0.16843443   
   1087000   503.40607      1355.1552      1858.5613      124.9558       303.28652      0.17306878   
   1088000   467.01028      1357.5391      1824.5493      137.84714      303.82003      0.17560995   
   1089000   456.36091      1363.4724      1819.8333      132.23036      305.14793      0.17347015   
   1090000   471.34791      1350.6116      1821.9595      131.5347       302.26965      0.16800435   
   1091000   470.47113      1334.1443      1804.6154      157.91454      298.58423      0.1639903    
   1092000   494.68655      1339.6207      1834.3073      150.4506       299.80986      0.16301963   
   1093000   486.95218      1397.8203      1884.7725      176.42787      312.83505      0.16304882   
   1094000   473.53846      1365.5997      1839.1382      104.32076      305.62402      0.16328208   
   1095000   476.03872      1366.6639      1842.7026      124.20596      305.86217      0.16803968   
   1096000   475.03822      1370.05        1845.0882      118.11494      306.62001      0.1752956    
   1097000   476.15035      1353.1885      1829.3388      136.51802      302.84636      0.17825611   
   1098000   463.76774      1350.2275      1813.9953      201.21118      302.18369      0.17730688   
   1099000   484.99373      1347.1983      1832.192       211.6215       301.50575      0.17132337   
   1100000   481.54989      1343.8852      1825.4351      200.82289      300.76427      0.16583784   
   1101000   499.9916       1365.9275      1865.9191      105.54524      305.69738      0.16418068   
   1102000   496.61772      1353.3339      1849.9516      42.290589      302.8789       0.1633204    
   1103000   473.54075      1358.1699      1831.7107      70.228995      303.96121      0.16377905   
   1104000   482.0893       1388.3693      1870.4586      91.781836      310.71989      0.16540247   
   1105000   475.37996      1351.2338      1826.6138      197.51956      302.4089       0.16725597   
   1106000   472.03517      1372.8651      1844.9002      282.85604      307.25002      0.17105359   
   1107000   487.44571      1340.9921      1828.4378      321.14742      300.11678      0.17709583   
   1108000   480.18703      1367.0012      1847.1883      243.74348      305.93768      0.18174814   
   1109000   490.08631      1334.0025      1824.0888      159.5421       298.55249      0.18059017   
   1110000   486.35946      1353.5265      1839.886       58.945806      302.92201      0.1721215    
   1111000   484.509        1377.8454      1862.3544      96.66837       308.36462      0.16505079   
   1112000   509.70836      1343.461       1853.1694      104.19031      300.66933      0.16194942   
   1113000   509.92941      1346.38        1856.3094      140.42084      301.3226       0.16171019   
   1114000   487.95418      1390.5951      1878.5493      142.58738      311.21803      0.16111791   
   1115000   457.10405      1378.9114      1836.0155      129.33095      308.6032       0.16359137   
   1116000   501.55336      1369.9701      1871.5235      175.86472      306.60213      0.16954669   
   1117000   508.08141      1337.2615      1845.3429      192.26607      299.28188      0.1693358    
   1118000   494.57092      1347.4535      1842.0244      198.49016      301.56286      0.1661584    
   1119000   489.18267      1378.5022      1867.6849      208.35383      308.51162      0.16363172   
   1120000   502.81594      1379.5928      1882.4087      218.98662      308.7557       0.16084032   
   1121000   511.93761      1389.0442      1900.9818      228.65568      310.87095      0.15714126   
   1122000   500.17522      1372.3312      1872.5065      220.70271      307.13055      0.15506613   
   1123000   478.01567      1368.5213      1846.5369      231.08641      306.27787      0.15681398   
   1124000   497.80077      1338.5925      1836.3933      218.19387      299.57976      0.1627213    
   1125000   466.26648      1359.0305      1825.2969      227.80346      304.1538       0.16951187   
   1126000   472.60826      1292.9202      1765.5284      158.83349      289.35819      0.1698619    
   1127000   470.39924      1308.591       1778.9902      105.80277      292.86535      0.16535004   
   1128000   468.78559      1315.5275      1784.3131      97.88238       294.41775      0.16079879   
   1129000   498.07855      1327.6566      1825.7351      44.106008      297.13227      0.15722516   
   1130000   496.71066      1334.4858      1831.1965      44.828724      298.66067      0.15625018   
   1131000   489.09745      1308.4607      1797.5581      104.25988      292.83618      0.1567041    
   1132000   483.41587      1327.4731      1810.889       184.73393      297.09121      0.15858107   
   1133000   484.24164      1344.8475      1829.0891      220.50363      300.97963      0.16142688   
   1134000   501.03544      1294.9552      1795.9906      233.98027      289.81363      0.1659971    
   1135000   497.52447      1322.0359      1819.5604      229.08311      295.87436      0.17052875   
   1136000   440.33075      1339.346       1779.6768      184.72404      299.74839      0.1709468    
   1137000   480.15932      1325.2562      1805.4156      133.98459      296.59507      0.16801666   
   1138000   517.43707      1378.2085      1895.6456      110.28659      308.4459       0.16022996   
   1139000   515.28438      1354.2714      1869.5558      67.220282      303.08872      0.15321141   
   1140000   498.61448      1354.6482      1853.2627      94.530165      303.17305      0.15265053   
   1141000   520.33645      1338.7332      1859.0696      99.040976      299.61123      0.15513536   
   1142000   521.72823      1349.1483      1870.8765      122.87886      301.94215      0.15831086   
   1143000   490.80899      1363.7556      1854.5646      176.10505      305.21131      0.16057792   
   1144000   484.78329      1386.3512      1871.1344      228.22665      310.26824      0.16157236   
   1145000   482.88999      1342.7145      1825.6045      264.26407      300.50226      0.16213006   
   1146000   462.26117      1347.9412      1810.2023      236.97543      301.672        0.16437017   
   1147000   499.29078      1351.9401      1851.2309      211.86777      302.56696      0.17402953   
   1148000   460.38356      1356.4244      1816.808       145.38695      303.57056      0.18165852   
   1149000   455.66725      1384.5681      1840.2354      119.97447      309.86919      0.18200076   
   1150000   480.91376      1341.9898      1822.9035      49.539546      300.34006      0.17616387   
   1151000   497.3564       1343.712       1841.0684      56.91662       300.7255       0.17178156   
   1152000   472.35962      1332.4438      1804.8034      34.041452      298.20366      0.16811725   
   1153000   486.19901      1299.5922      1785.7912      62.148935      290.8514       0.16481912   
   1154000   488.09338      1336.796       1824.8893      81.784198      299.17768      0.16168471   
   1155000   492.89136      1306.2471      1799.1385      131.37402      292.34079      0.15989666   
   1156000   450.69006      1369.2929      1819.9829      195.99226      306.45056      0.16104378   
   1157000   503.96489      1329.9393      1833.9042      209.89096      297.64314      0.16146441   
   1158000   473.83799      1366.987       1840.825       151.3185       305.93449      0.15881864   
   1159000   507.87124      1372.966       1880.8372      149.93085      307.2726       0.15378513   
   1160000   545.57147      1354.5227      1900.0942      90.597299      303.14497      0.14736872   
   1161000   517.91209      1401.8969      1919.809       136.63874      313.7474       0.14608673   
   1162000   521.55374      1379.9737      1901.5274      164.93625      308.84094      0.15020771   
   1163000   479.18619      1363.1944      1842.3806      226.02348      305.08571      0.15650069   
   1164000   488.54386      1361.7524      1850.2963      260.11096      304.76299      0.16020029   
   1165000   480.3708       1360.4152      1840.786       228.60285      304.46371      0.15981505   
   1166000   490.40795      1392.5327      1882.9406      182.97858      311.65167      0.15702288   
   1167000   516.68939      1343.0538      1859.7432      85.121579      300.57821      0.15424891   
   1168000   513.30172      1346.8525      1860.1543      37.726035      301.42836      0.15369832   
   1169000   543.50011      1360.2337      1903.7338      70.884568      304.4231       0.15427785   
   1170000   485.44999      1355.39        1840.84        137.12581      303.33906      0.15480318   
   1171000   512.70276      1355.8708      1868.5736      178.62578      303.44667      0.15975709   
   1172000   505.94638      1436.3271      1942.2735      188.1381       321.45295      0.1679155    
   1173000   467.59415      1363.3232      1830.9173      199.8656       305.11453      0.17102497   
   1174000   473.69354      1364.3325      1838.0261      179.74619      305.34042      0.16804529   
   1175000   463.07479      1317.4933      1780.5681      100.31544      294.85771      0.16410474   
   1176000   474.27927      1294.1711      1768.4504      85.182069      289.63815      0.16147739   
   1177000   495.34331      1351.6019      1846.9452      134.98845      302.49127      0.15982726   
   1178000   488.37959      1353.4748      1841.8544      139.241        302.91043      0.15977354   
   1179000   472.47248      1352.9837      1825.4562      185.76568      302.80054      0.16572532   
   1180000   497.49712      1349.939       1847.4362      198.51254      302.11913      0.17542714   
   1181000   452.79017      1379.3975      1832.1876      212.27532      308.71198      0.17937729   
   1182000   483.93395      1369.6553      1853.5892      311.84038      306.53167      0.17790517   
   1183000   505.49864      1333.6259      1839.1245      282.74876      298.46821      0.1728026    
   1184000   485.7959       1378.797       1864.5929      212.66082      308.57761      0.16793751   
   1185000   499.20391      1341.7719      1840.9758      114.24463      300.29131      0.16673058   
   1186000   492.48234      1363.831       1856.3133      55.068201      305.22818      0.16549202   
   1187000   485.0944       1391.6104      1876.7048      6.4746516      311.44527      0.16363943   
   1188000   482.5064       1354.0327      1836.5391      49.41274       303.0353       0.16484278   
   1189000   481.47715      1327.5877      1809.0648      174.64322      297.11685      0.17215517   
   1190000   476.04593      1328.5224      1804.5683      278.50582      297.32604      0.17923102   
   1191000   457.35125      1347.2134      1804.5646      283.89229      301.50912      0.18157856   
   1192000   460.86274      1335.4766      1796.3393      222.88172      298.8824       0.17952534   
   1193000   472.2644       1341.9108      1814.1752      83.861754      300.32239      0.17584141   
   1194000   479.03757      1342.2747      1821.3123     -9.3413074      300.40384      0.17297235   
   1195000   486.94869      1333.5855      1820.5342     -25.578711      298.45918      0.1700094    
   1196000   463.93712      1289.7125      1753.6496      22.142399      288.6403       0.16731409   
   1197000   495.97905      1297.4904      1793.4695      97.868495      290.38103      0.16795573   
   1198000   487.39125      1312.7395      1800.1308      144.23993      293.7938       0.17064651   
   1199000   465.15147      1337.9953      1803.1468      162.99121      299.4461       0.17196189   
   1200000   448.51599      1314.9385      1763.4545      123.76063      294.28593      0.16983774   
   1201000   503.93436      1313.2012      1817.1355      79.647484      293.89712      0.16182068   
   1202000   504.8407       1324.003       1828.8437      58.394038      296.31459      0.1549534    
   1203000   496.77131      1305.347       1802.1183      111.72664      292.13934      0.1534016    
   1204000   494.12896      1300.8166      1794.9456      168.86062      291.12544      0.15451467   
   1205000   460.36204      1284.2431      1744.6051      231.3843       287.41623      0.15904305   
   1206000   492.4632       1306.9962      1799.4594      222.73748      292.50844      0.16468228   
   1207000   525.36744      1303.1792      1828.5467      145.48221      291.65419      0.16501059   
   1208000   469.42954      1326.2186      1795.6481      17.255033      296.81044      0.16084896   
   1209000   506.22         1333.2831      1839.5031     -10.269294      298.39149      0.15535276   
   1210000   493.03667      1323.977       1817.0137      17.14938       296.30877      0.15262854   
   1211000   495.2346       1320.4788      1815.7134      108.95238      295.52586      0.15357349   
   1212000   503.98556      1343.5358      1847.5214      226.7916       300.68607      0.15568874   
   1213000   510.35034      1344.7255      1855.0758      295.16373      300.95232      0.15679414   
   1214000   499.59587      1346.4104      1846.0062      233.65536      301.32941      0.15476596   
   1215000   514.40844      1353.5898      1867.9982      150.00243      302.93618      0.15137952   
   1216000   514.22658      1397.9243      1912.1509      107.51778      312.85833      0.14833363   
   1217000   534.26739      1377.0937      1911.3611      64.353493      308.19639      0.14480156   
   1218000   524.89629      1358.5175      1883.4137      50.421865      304.03899      0.14423627   
   1219000   519.39279      1366.4522      1885.845       55.54161       305.8148       0.14965789   
   1220000   506.36243      1367.1276      1873.49        111.21195      305.96596      0.15886908   
   1221000   488.25916      1349.6924      1837.9515      170.844        302.06393      0.16269624   
   1222000   526.46403      1325.4608      1851.9248      199.47313      296.64085      0.1632529    
   1223000   479.82824      1380.0807      1859.909       185.94464      308.8649       0.1606794    
   1224000   480.51906      1376.229       1856.7481      153.6673       308.00288      0.15682309   
   1225000   497.18721      1351.7049      1848.8921      110.8367       302.51434      0.15197608   
   1226000   503.37373      1311.2561      1814.6299      95.01054       293.46182      0.14845581   
   1227000   508.48515      1313.1194      1821.6046      82.863296      293.87882      0.1479015    
   1228000   501.67053      1297.974       1799.6446      123.3129       290.48925      0.15120817   
   1229000   482.66665      1298.1481      1780.8148      118.29571      290.52821      0.15603259   
   1230000   486.1677       1327.1955      1813.3632      90.207878      297.02908      0.15957301   
   1231000   481.71085      1338.7712      1820.4821      125.32848      299.61975      0.16166061   
   1232000   485.67777      1301.6668      1787.3446      83.907766      291.31571      0.16130688   
   1233000   482.3978       1335.5458      1817.9436      119.41548      298.89788      0.16156752   
   1234000   472.31572      1311.1649      1783.4806      189.91638      293.4414       0.16407365   
   1235000   524.05413      1319.1381      1843.1922      135.12068      295.22581      0.16391488   
   1236000   480.67429      1311.7908      1792.4651      97.9655        293.58147      0.15799612   
   1237000   510.60472      1334.4431      1845.0479      45.452948      298.65111      0.14963172   
   1238000   533.30318      1334.1305      1867.4336      70.700877      298.58113      0.14809667   
   1239000   535.35549      1355.3492      1890.7047      115.16575      303.32994      0.15210904   
   1240000   504.91953      1327.1015      1832.021       149.79376      297.00803      0.1559663    
   1241000   501.83157      1332.8783      1834.7098      192.0395       298.30089      0.15955784   
   1242000   480.74982      1343.7203      1824.4701      214.25265      300.72736      0.16124043   
   1243000   473.30723      1341.0685      1814.3757      229.44705      300.13388      0.16217625   
   1244000   488.37806      1308.8546      1797.2327      195.61706      292.92435      0.16060661   
   1245000   489.96937      1323.7284      1813.6977      168.08593      296.25313      0.15807784   
   1246000   472.37518      1317.524       1789.8992      110.32493      294.86457      0.15628954   
   1247000   481.56701      1321.9146      1803.4816      107.80299      295.84721      0.1557781    
   1248000   495.17241      1338.155       1833.3274      97.754358      299.48183      0.15765586   
   1249000   509.09698      1325.5246      1834.6216      122.56947      296.65513      0.15767389   
   1250000   509.25467      1299.2474      1808.5021      99.481499      290.77423      0.15865856   
   1251000   483.53916      1341.5879      1825.127       77.375199      300.25012      0.1626965    
   1252000   477.00286      1323.2366      1800.2394      59.272282      296.14306      0.16416369   
   1253000   490.8067       1331.237       1822.0437      108.71891      297.93357      0.16324615   
   1254000   491.77162      1331.69        1823.4616      172.54732      298.03495      0.16122173   
   1255000   498.21041      1297.5491      1795.7595      231.21417      290.39416      0.15982674   
   1256000   497.19094      1322.7002      1819.8912      282.24634      296.02303      0.16013274   
   1257000   493.12402      1336.7569      1829.8809      192.84726      299.16894      0.16094209   
   1258000   480.34841      1344.3438      1824.6922      170.76328      300.86691      0.1630373    
   1259000   490.32256      1369.8763      1860.1989      61.36323       306.58113      0.1641476    
   1260000   494.15366      1366.2256      1860.3792      46.559742      305.76408      0.16525818   
   1261000   493.04011      1392.5555      1885.5956      68.274517      311.65679      0.16421614   
   1262000   503.65989      1411.3932      1915.0531      154.44742      315.8727       0.1599993    
   1263000   532.98529      1355.1783      1888.1636      169.80953      303.29169      0.15539254   
   1264000   511.25148      1342.6594      1853.9109      189.92587      300.48993      0.15359624   
   1265000   497.04635      1334.5205      1831.5669      214.88782      298.66843      0.15492707   
   1266000   467.57328      1332.304       1799.8773      162.38068      298.17237      0.15696732   
   1267000   500.86113      1309.503       1810.3641      147.40114      293.06945      0.1603133    
   1268000   481.45828      1290.9654      1772.4237      80.028568      288.92071      0.16224116   
   1269000   478.18931      1325.8808      1804.0701      91.66781       296.73484      0.16570519   
   1270000   469.568        1322.515       1792.083       121.49659      295.98158      0.16990117   
   1271000   466.69476      1321.6106      1788.3054      133.34721      295.77917      0.17115274   
   1272000   482.68988      1326.4161      1809.1059      147.05405      296.85464      0.1699476    
   1273000   511.94115      1369.9916      1881.9328      195.099        306.60694      0.16644228   
   1274000   515.14818      1391.041       1906.1892      118.13533      311.31783      0.16020535   
   1275000   487.15846      1359.1826      1846.3411      64.137308      304.18786      0.1569864    
   1276000   499.93994      1353.3494      1853.2893      57.47405       302.88237      0.15847502   
   1277000   505.47197      1368.3351      1873.8071      80.477347      306.23621      0.16240732   
   1278000   502.19991      1364.5239      1866.7238      98.027263      305.38324      0.16572923   
   1279000   463.79572      1372.0651      1835.8609      161.85163      307.07099      0.17045699   
   1280000   487.53821      1342.8719      1830.4101      221.03253      300.53748      0.17310893   
   1281000   495.59197      1379.7433      1875.3353      270.77354      308.78939      0.1727959    
   1282000   488.48377      1342.7778      1831.2616      249.84283      300.51643      0.16636729   
   1283000   485.33206      1368.9164      1854.2485      172.83174      306.3663       0.1597953    
   1284000   492.40507      1330.0317      1822.4368      121.51001      297.66383      0.15780977   
   1285000   519.93202      1351.783       1871.715       85.225638      302.53181      0.16090892   
   1286000   493.10978      1380.3165      1873.4263      54.53183       308.91767      0.1643307    
   1287000   508.43865      1369.0838      1877.5224      94.738995      306.40376      0.16614435   
   1288000   466.58346      1339.8317      1806.4152      145.27334      299.85709      0.16681112   
   1289000   490.94486      1326.9833      1817.9281      183.48782      296.98158      0.16723791   
   1290000   478.65096      1324.2562      1802.9072      169.41682      296.37126      0.16587938   
   1291000   494.76744      1298.8966      1793.6641      126.02019      290.69573      0.16189452   
   1292000   495.1748       1265.6023      1760.7771      68.229574      283.2444       0.15355053   
   1293000   515.26613      1301.8284      1817.0946      48.213682      291.35187      0.14672738   
   1294000   516.01663      1327.5728      1843.5894      43.559278      297.11351      0.1480877    
   1295000   492.75519      1345.3014      1838.0566      22.07186       301.08121      0.1523155    
   1296000   496.93831      1356.8279      1853.7662      73.10537       303.66086      0.15750207   
   1297000   496.20822      1326.5678      1822.7761      139.73245      296.8886       0.16097584   
   1298000   491.12583      1327.0315      1818.1573      184.90556      296.99237      0.16375267   
   1299000   482.23166      1345.3941      1827.6258      184.42688      301.10197      0.16587842   
   1300000   491.73286      1343.4475      1835.1803      168.38844      300.66631      0.16647464   
   1301000   499.19925      1344.4231      1843.6223      138.43826      300.88464      0.16496201   
   1302000   489.98271      1362.4456      1852.4283      91.423832      304.91811      0.16400322   
   1303000   503.58233      1360.8353      1864.4177      82.871927      304.55774      0.16484685   
   1304000   483.90211      1383.9666      1867.8687      102.77688      309.73457      0.16645979   
   1305000   513.31741      1351.5462      1864.8636      94.677366      302.47882      0.16897179   
   1306000   482.58216      1344.5445      1827.1266      130.80529      300.91181      0.17027308   
   1307000   468.05665      1306.6843      1774.7409      128.351        292.43863      0.16905605   
   1308000   465.45661      1314.1894      1779.646       168.18325      294.11829      0.1674918    
   1309000   483.52216      1308.1056      1791.6277      151.35093      292.75671      0.16653959   
   1310000   486.2808       1306.7027      1792.9835      229.98523      292.44276      0.16787624   
   1311000   462.36721      1324.9637      1787.3309      228.65813      296.52959      0.16849654   
   1312000   460.88958      1301.1733      1762.0629      203.23398      291.20525      0.16886807   
   1313000   490.95431      1314.4589      1805.4132      157.87546      294.1786       0.16836666   
   1314000   476.96517      1349.4255      1826.3906      109.31517      302.00419      0.16510198   
   1315000   488.64308      1357.7077      1846.3508      118.76073      303.85778      0.16019871   
   1316000   494.46481      1337.9562      1832.421       139.59565      299.43734      0.15527991   
   1317000   517.1231       1312.1068      1829.2299      141.82816      293.6522       0.15190279   
   1318000   503.24954      1329.4903      1832.7398      135.05488      297.54265      0.15106567   
   1319000   476.47596      1314.0273      1790.5033      169.41873      294.08201      0.15451659   
   1320000   496.38666      1326.2542      1822.6409      185.48495      296.81842      0.15949241   
   1321000   487.7224       1332.8959      1820.6183      192.59331      298.30483      0.16070976   
   1322000   502.38866      1334.6836      1837.0723      147.60429      298.70493      0.16150798   
   1323000   478.68192      1353.0849      1831.7668      143.30662      302.82318      0.16184184   
   1324000   496.30637      1317.6447      1813.951       64.501403      294.89158      0.15950094   
   1325000   518.57822      1320.7375      1839.3157      44.694689      295.58376      0.15928896   
   1326000   508.10029      1389.7131      1897.8134      109.15251      311.02064      0.16288924   
   1327000   533.11947      1360.6354      1893.7549      106.38818      304.51301      0.16650487   
   1328000   479.26827      1366.303       1845.5713      147.82652      305.78142      0.16942782   
   1329000   462.94603      1350.3019      1813.2479      151.00845      302.20034      0.17270597   
   1330000   463.72849      1335.8688      1799.5973      193.99582      298.97017      0.17814713   
   1331000   487.85853      1326.5295      1814.388       166.05357      296.88002      0.17935818   
   1332000   471.93584      1340.4145      1812.3504      172.31436      299.98752      0.172794     
   1333000   464.76867      1352.2129      1816.9816      144.11361      302.62802      0.16673242   
   1334000   486.18474      1324.5171      1810.7018      112.31022      296.42963      0.16438853   
   1335000   483.48638      1340.8139      1824.3003      89.912662      300.07691      0.16505976   
   1336000   472.31132      1358.1741      1830.4855      96.81743       303.96216      0.16778636   
   1337000   472.30594      1333.8624      1806.1683      133.49726      298.52114      0.1716525    
   1338000   486.22815      1311.1473      1797.3755      158.76489      293.43746      0.17348364   
   1339000   476.27703      1327.9931      1804.2701      198.30182      297.20758      0.17037814   
   1340000   466.68357      1304.5675      1771.2511      155.09867      291.96488      0.1635221    
   1341000   484.92859      1298.8891      1783.8177      108.98574      290.69404      0.15866084   
   1342000   489.5498       1299.85        1789.3998      81.158325      290.9091       0.15834697   
   1343000   487.29957      1328.9013      1816.2009      99.773888      297.41084      0.16052096   
   1344000   505.90231      1348.2825      1854.1848      139.88437      301.7484       0.16544139   
   1345000   478.79287      1352.5101      1831.3029      203.82951      302.69453      0.16891183   
   1346000   494.78072      1344.9882      1839.7689      240.87405      301.01112      0.17070245   
   1347000   482.36363      1338.1348      1820.4984      203.6903       299.47731      0.17056522   
   1348000   496.53802      1334.449       1830.987       137.93367      298.65243      0.16879777   
   1349000   473.38809      1364.1747      1837.5627      82.88025       305.30509      0.16624212   
   1350000   518.22574      1381.8787      1900.1044      92.768858      309.26728      0.16278917   
   1351000   503.10363      1388.789       1891.8926      132.7546       310.81382      0.15769737   
   1352000   522.45598      1349.908       1872.364       183.4676       302.11219      0.15430167   
   1353000   498.70949      1347.5842      1846.2937      199.26887      301.59212      0.15505209   
   1354000   466.1026       1304.1785      1770.2811      197.99372      291.87782      0.15985765   
   1355000   485.30661      1317.2749      1802.5815      175.87889      294.80883      0.16643938   
   1356000   484.09628      1294.248       1778.3443      95.781899      289.65535      0.16978778   
   1357000   471.15569      1346.889       1818.0447      30.868678      301.43652      0.16898958   
   1358000   489.83175      1337.8646      1827.6963      34.924118      299.41683      0.16490151   
   1359000   487.00062      1330.0674      1817.068       124.39688      297.6718       0.16051171   
   1360000   480.12964      1319.6786      1799.8082      194.82918      295.34678      0.15769177   
   1361000   512.79954      1287.6104      1800.4099      222.55912      288.16984      0.15541765   
   1362000   485.19785      1304.1251      1789.3229      227.70183      291.86587      0.15382268   
   1363000   495.30789      1343.3705      1838.6784      229.8898       300.64908      0.15403589   
   1364000   501.67502      1325.9503      1827.6253      211.1133       296.75039      0.1548256    
   1365000   493.27385      1335.2955      1828.5694      212.19655      298.84188      0.15851119   
   1366000   488.2537       1324.4671      1812.7208      170.41008      296.41845      0.16671017   
   1367000   476.07271      1337.8439      1813.9167      74.69998       299.41222      0.16996184   
   1368000   502.48701      1335.629       1838.116       22.985402      298.91652      0.1691452    
   1369000   494.30327      1358.9237      1853.227       32.844332      304.12992      0.16668448   
   1370000   476.18372      1351.0327      1827.2164      59.64551       302.36389      0.16357021   
   1371000   482.70925      1354.8193      1837.5285      98.411115      303.21133      0.16105157   
   1372000   496.66487      1380.3748      1877.0397      173.02523      308.93071      0.16070447   
   1373000   506.13234      1402.5913      1908.7236      215.29958      313.90281      0.16162141   
   1374000   496.08258      1348.0981      1844.1807      204.49555      301.70713      0.16235177   
   1375000   479.20552      1361.8637      1841.0692      154.34596      304.7879       0.16040501   
   1376000   527.9753       1393.2029      1921.1782      97.451261      311.80167      0.15205974   
   1377000   523.6751       1356.4284      1880.1035      54.535668      303.57146      0.14703217   
   1378000   490.52319      1357.1072      1847.6304      113.40138      303.72337      0.14649122   
   1379000   505.0185       1326.9185      1831.937       115.84015      296.96708      0.14921903   
   1380000   515.57737      1316.9219      1832.4992      125.61159      294.72981      0.15408583   
   1381000   493.16077      1303.1692      1796.3299      143.49059      291.65193      0.15820946   
   1382000   485.78662      1331.45        1817.2366      115.96935      297.98124      0.16085452   
   1383000   502.56685      1330.8756      1833.4425      101.27815      297.8527       0.16171569   
   1384000   515.55034      1307.5239      1823.0742      54.698897      292.62653      0.16017293   
   1385000   480.23564      1347.6362      1827.8718      81.537013      301.60375      0.1592235    
   1386000   460.87253      1410.3237      1871.1962      175.37203      315.63333      0.16103584   
   1387000   491.24303      1379.2405      1870.4835      271.76627      308.67686      0.16313305   
   1388000   511.23657      1355.4992      1866.7357      239.67139      303.3635       0.16216624   
   1389000   498.80255      1369.8428      1868.6454      171.794        306.57364      0.16052971   
   1390000   507.7204       1353.4389      1861.1593      126.89095      302.9024       0.15801454   
   1391000   515.48087      1356.117       1871.5979      90.960184      303.50178      0.15472153   
   1392000   506.54203      1357.8731      1864.4151      73.30423       303.89478      0.15280902   
   1393000   496.75028      1378.1955      1874.9457      115.89884      308.44297      0.15367323   
   1394000   527.11939      1379.3634      1906.4828      137.89615      308.70437      0.15921108   
   1395000   480.35478      1327.125       1807.4798      156.00292      297.0133       0.16538495   
   1396000   453.09825      1350.8924      1803.9907      150.5034       302.33249      0.16666799   
   1397000   497.32915      1318.2088      1815.5379      181.32707      295.01783      0.16626805   
   1398000   471.18819      1321.5942      1792.7823      210.58507      295.77549      0.16297738   
   1399000   488.30459      1301.8037      1790.1083      157.06673      291.34635      0.15920967   
   1400000   506.79487      1279.162       1785.9569      153.37494      286.27908      0.15926173   
   1401000   475.05175      1342.2147      1817.2665      108.95028      300.39041      0.16161388   
   1402000   482.66787      1360.9548      1843.6226      147.29625      304.58447      0.16433789   
   1403000   486.57876      1380.8176      1867.3964      118.05046      309.02982      0.1612656    
   1404000   541.94996      1346.4077      1888.3577      94.557803      301.32881      0.15450282   
   1405000   511.00419      1416.0521      1927.0563      137.72407      316.91537      0.1498769    
   1406000   524.05076      1332.8279      1856.8786      210.01497      298.28962      0.14998916   
   1407000   511.69861      1325.5838      1837.2824      199.28529      296.66838      0.15332231   
   1408000   530.48267      1323.7372      1854.2199      167.3905       296.25511      0.15771067   
   1409000   471.92794      1337.1347      1809.0626      113.48758      299.25349      0.16000709   
   1410000   479.86812      1311.3432      1791.2113      58.059286      293.4813       0.16202403   
   1411000   488.66997      1329.0067      1817.6767      58.625506      297.43443      0.16592064   
   1412000   474.77592      1346.3235      1821.0995      83.10221       301.30997      0.16780453   
   1413000   452.31347      1376.8026      1829.116       138.29968      308.13124      0.16764759   
   1414000   500.16214      1355.5195      1855.6816      152.3934       303.36804      0.16437175   
   1415000   516.78211      1334.971       1851.7531      189.82465      298.76926      0.16153068   
   1416000   487.00881      1332.7343      1819.7431      222.19936      298.26867      0.15964579   
   1417000   500.9457       1312.0298      1812.9755      157.78277      293.63497      0.15745281   
   1418000   468.56546      1305.798       1774.3635      93.39632       292.24027      0.15865225   
   1419000   503.99605      1286.0446      1790.0407      73.980409      287.81942      0.16365082   
   1420000   498.17831      1322.5932      1820.7715      77.282988      295.99907      0.16703052   
   1421000   490.59135      1352.8189      1843.4103      81.502951      302.76365      0.16583905   
   1422000   476.19954      1351.131       1827.3305      141.62825      302.38589      0.16319026   
   1423000   497.44172      1326.3391      1823.7808      241.0603       296.83741      0.16091531   
   1424000   491.75734      1342.3801      1834.1374      258.0905       300.42742      0.16000479   
   1425000   482.01636      1358.2015      1840.2179      214.22645      303.96829      0.16298887   
   1426000   488.025        1324.3672      1812.3922      109.8605       296.39609      0.17281193   
   1427000   492.95446      1330.0644      1823.0188      59.876598      297.67114      0.17922159   
   1428000   446.09476      1353.7216      1799.8163     -3.3444933      302.96566      0.17807803   
   1429000   468.52342      1321.9566      1790.48        10.096568      295.8566       0.17485283   
   1430000   466.01412      1346.8622      1812.8763      79.654494      301.43052      0.16938469   
   1431000   510.65093      1357.5621      1868.213       161.29143      303.82519      0.1655874    
   1432000   512.57341      1403.2672      1915.8407      200.74058      314.05409      0.1636448    
   1433000   503.98192      1380.3558      1884.3378      215.19123      308.92647      0.16309123   
   1434000   503.82005      1362.9056      1866.7257      202.90876      305.02108      0.16323897   
   1435000   465.7565       1369.2708      1835.0273      194.47695      306.44562      0.16416754   
   1436000   511.38555      1351.6952      1863.0807      191.12768      302.51215      0.16508981   
   1437000   503.46148      1356.0505      1859.512       126.63213      303.48689      0.16224949   
   1438000   529.07558      1334.9597      1864.0353      128.91029      298.76672      0.15486263   
   1439000   535.56078      1361.6146      1897.1754      133.6973       304.73214      0.14917038   
   1440000   503.81582      1356.5924      1860.4082      133.25454      303.60817      0.15120647   
   1441000   498.25076      1387.2449      1885.4957      155.37701      310.46827      0.15548964   
   1442000   512.833        1389.3688      1902.2018      103.93161      310.9436       0.15716716   
   1443000   498.31418      1341.5496      1839.8638      103.27796      300.24156      0.15925227   
   1444000   478.23636      1340.7195      1818.9559      141.05591      300.05578      0.16317251   
   1445000   486.74759      1352.3139      1839.0615      171.67338      302.65062      0.16570073   
   1446000   494.72064      1332.981       1827.7016      152.14158      298.32389      0.16346293   
   1447000   520.60975      1308.0758      1828.6856      139.97412      292.75005      0.15898304   
   1448000   470.67344      1355.7855      1826.459       138.0409       303.42758      0.15570733   
   1449000   479.97759      1321.8313      1801.8089      147.9546       295.82857      0.15363038   
   1450000   497.25276      1277.016       1774.2687      94.021748      285.7988       0.15278919   
   1451000   485.68145      1306.2069      1791.8884      111.40061      292.3318       0.15836445   
   1452000   483.06827      1317.2532      1800.3214      100.37672      294.80396      0.16480726   
   1453000   466.68694      1332.669       1799.356       131.45056      298.25406      0.16674898   
   1454000   479.90853      1316.657       1796.5655      184.86121      294.67054      0.16643023   
   1455000   435.89224      1321.5656      1757.4579      224.03193      295.7691       0.16549842   
   1456000   469.66599      1334.679       1804.345       247.9835       298.70391      0.16477571   
   1457000   488.37608      1330.8831      1819.2592      213.27096      297.85438      0.16091675   
   1458000   511.20318      1328.7997      1840.0029      150.97252      297.3881       0.15223987   
   1459000   497.93132      1388.3537      1886.285       114.74535      310.7164       0.14819754   
   1460000   501.50345      1403.3556      1904.859       100.5213       314.07386      0.1489932    
   1461000   507.17914      1367.0274      1874.2066      75.255268      305.94355      0.15062718   
   1462000   491.03606      1354.5566      1845.5926      52.385298      303.15254      0.15449484   
   1463000   489.74097      1344.6756      1834.4166      74.547955      300.94116      0.15848269   
   1464000   487.07583      1319.713       1806.7888      87.808243      295.35448      0.15936591   
   1465000   507.98105      1335.9822      1843.9633      136.29215      298.99556      0.15992639   
   1466000   489.03974      1339.1367      1828.1765      203.85591      299.70155      0.15882187   
   1467000   485.78545      1315.4964      1801.2819      188.23208      294.4108       0.15558511   
   1468000   491.12688      1363.8637      1854.9906      120.77784      305.2355       0.15211381   
   1469000   512.10104      1335.9552      1848.0562      28.47342       298.98951      0.15108544   
   1470000   503.76352      1345.3494      1849.1129     -23.052059      301.09195      0.15479835   
   1471000   497.92484      1319.6779      1817.6028      19.058251      295.34663      0.16129177   
   1472000   482.00125      1334.8883      1816.8896      89.514293      298.75075      0.16497472   
   1473000   487.8803       1337.3303      1825.2106      193.74964      299.29726      0.16653277   
   1474000   490.68628      1352.4967      1843.1829      225.36162      302.69153      0.16639823   
   1475000   486.30391      1340.7688      1827.0727      239.77935      300.06681      0.16407888   
   1476000   490.51624      1372.3354      1862.8516      175.22933      307.13147      0.15893594   
   1477000   530.11749      1326.3622      1856.4797      116.11561      296.84258      0.15412109   
   1478000   515.90109      1313.3369      1829.238       68.483096      293.92749      0.15038708   
   1479000   504.49927      1330.623       1835.1223      104.1219       297.79616      0.15172147   
   1480000   525.19682      1328.4748      1853.6716      157.40074      297.31538      0.15665261   
   1481000   481.35466      1352.9036      1834.2582      150.4478       302.78259      0.15998786   
   1482000   463.52053      1333.0126      1796.5332      157.59642      298.33096      0.16374109   
   1483000   479.27645      1281.6398      1760.9163      143.55407      286.83363      0.16633777   
   1484000   494.74217      1266.6702      1761.4124      110.78325      283.48339      0.16680599   
   1485000   463.524        1323.1371      1786.6611      88.094361      296.12079      0.16621114   
   1486000   478.26281      1334.7958      1813.0587      121.64583      298.73005      0.16430149   
   1487000   497.83048      1337.4028      1835.2333      113.16196      299.3135       0.15896086   
   1488000   481.81669      1350.5371      1832.3537      115.73934      302.25297      0.15269049   
   1489000   502.79316      1378.261       1881.0542      130.26515      308.45765      0.14857573   
   1490000   541.6084       1338.529       1880.1374      173.57299      299.56554      0.15112169   
   1491000   504.78985      1378.7461      1883.536       217.50683      308.56621      0.16282623   
   1492000   485.18872      1368.2616      1853.4503      203.68954      306.21975      0.16690362   
   1493000   491.4403       1362.7372      1854.1775      184.73864      304.98338      0.16743897   
   1494000   470.18529      1358.9659      1829.1512      145.24543      304.13936      0.16359551   
   1495000   522.26251      1358.5467      1880.8092      117.67925      304.04553      0.160393     
   1496000   537.4517       1383.9715      1921.4232      152.51328      309.73566      0.15850995   
   1497000   513.48614      1401.9196      1915.4057      239.72179      313.75248      0.15885723   
   1498000   485.02522      1365.786       1850.8112      211.50142      305.66571      0.15999708   
   1499000   487.54905      1338.7823      1826.3313      204.77623      299.62222      0.16535122   
   1500000   465.40611      1372.2322      1837.6383      244.56714      307.10838      0.17489385   
   1501000   455.3913       1360.4841      1815.8754      165.71688      304.47913      0.17585827   
   1502000   475.85167      1374.2714      1850.123       127.70489      307.56475      0.17174602   
   1503000   480.18392      1353.6296      1833.8135      122.52755      302.94509      0.16807295   
   1504000   508.75398      1365.4264      1874.1803      191.3478       305.58522      0.16502095   
   1505000   473.26535      1361.0668      1834.3322      194.97799      304.60955      0.16053368   
   1506000   504.27505      1366.2347      1870.5098      156.69542      305.76614      0.15572491   
   1507000   490.36367      1411.5147      1901.8783      111.84775      315.89988      0.15453328   
   1508000   542.25195      1381.407       1923.659       92.019803      309.16173      0.15734434   
   1509000   491.2665       1371.7141      1862.9806      9.5192582      306.99243      0.15894326   
   1510000   513.26521      1353.5756      1866.8408     -12.818872      302.933        0.1614272    
   1511000   476.21709      1394.6664      1870.8835      49.614007      312.12921      0.16492603   
   1512000   524.31475      1359.1996      1883.5144      88.42863       304.19166      0.1682547    
   1513000   503.21992      1372.6749      1875.8948      202.50303      307.20745      0.17056082   
   1514000   479.59759      1380.721       1860.3186      231.59411      309.0082       0.16742367   
   1515000   488.23897      1364.4472      1852.6861      223.54901      305.36607      0.16271902   
   1516000   508.0087       1343.5805      1851.5892      151.79737      300.69608      0.15838841   
   1517000   512.94661      1362.7881      1875.7347      111.4426       304.99477      0.15975137   
   1518000   510.6252       1342.3913      1853.0165      51.144527      300.42992      0.16234447   
   1519000   493.17359      1357.2912      1850.4648      38.430282      303.76455      0.16420389   
   1520000   491.44722      1354.4512      1845.8984      80.132273      303.12896      0.16552684   
   1521000   500.85947      1378.4314      1879.2908      84.412175      308.49577      0.16479553   
   1522000   471.56257      1307.8602      1779.4228      108.88049      292.70179      0.16254947   
   1523000   499.65568      1314.886       1814.5417      199.72143      294.27419      0.16066546   
   1524000   487.64818      1315.6698      1803.318       206.73438      294.4496       0.15872859   
   1525000   497.10044      1321.0143      1818.1147      199.1893       295.6457       0.15718514   
   1526000   507.86387      1327.4439      1835.3078      186.22237      297.08468      0.1571887    
   1527000   488.56659      1306.4722      1795.0388      148.04421      292.39115      0.1600406    
   1528000   479.60006      1341.1546      1820.7547      94.8438        300.15316      0.16785882   
   1529000   480.92037      1312.3086      1793.229       68.245747      293.69737      0.17255014   
   1530000   481.01408      1385.8957      1866.9098      65.67959       310.1663       0.17101668   
   1531000   485.33186      1328.4209      1813.7527      88.045141      297.30332      0.16632036   
   1532000   486.29329      1339.721       1826.0143      143.34588      299.8323       0.16405941   
   1533000   498.26309      1324.0126      1822.2757      136.14296      296.31673      0.16222579   
   1534000   504.30732      1360.855       1865.1623      129.97674      304.56215      0.1599996    
   1535000   502.86272      1344.5252      1847.3879      109.74235      300.9075       0.15679056   
   1536000   512.56018      1329.8463      1842.4065      142.6802       297.62233      0.15672245   
   1537000   510.91964      1313.9614      1824.881       162.68459      294.06725      0.15892219   
   1538000   515.23377      1320.8017      1836.0355      232.49241      295.59813      0.16510069   
   1539000   483.57482      1330.6334      1814.2083      241.55285      297.7985       0.16809944   
   1540000   487.52098      1346.811       1834.332       174.10727      301.41907      0.16857196   
   1541000   502.2761       1330.4412      1832.7173      98.463995      297.75546      0.16690033   
   1542000   501.22077      1310.3503      1811.5711      14.641467      293.2591       0.16306558   
   1543000   466.65286      1316.5488      1783.2016     -20.406118      294.64632      0.15809066   
   1544000   476.82471      1344.3895      1821.2142     -13.02321       300.87713      0.15292967   
   1545000   519.44124      1283.5081      1802.9494      47.006324      287.25175      0.15137558   
   1546000   503.06482      1331.1684      1834.2332      157.67163      297.91822      0.15320405   
   1547000   500.42212      1345.3159      1845.738       279.50316      301.08445      0.16235783   
   1548000   479.51976      1359.3068      1838.8266      301.33893      304.21565      0.16885718   
   1549000   487.35567      1343.9513      1831.307       191.92146      300.77906      0.16763177   
   1550000   483.65136      1360.1114      1843.7628      86.400667      304.39572      0.16347446   
   1551000   510.97791      1339.3452      1850.3231      23.809935      299.74821      0.16032961   
   1552000   510.3568       1327.2062      1837.563      -11.745882      297.03146      0.15748588   
   1553000   497.84123      1360.0624      1857.9037      63.737135      304.38477      0.15845779   
   1554000   495.64608      1363.0417      1858.6878      107.65188      305.05152      0.16249431   
   1555000   506.59467      1346.7776      1853.3723      194.73448      301.41159      0.1694699    
   1556000   515.93821      1360.4836      1876.4218      242.88626      304.47902      0.17243099   
   1557000   483.02264      1380.3594      1863.3821      255.14416      308.92728      0.17125179   
   1558000   463.52865      1332.9459      1796.4746      250.91249      298.31604      0.17106859   
   1559000   490.88069      1314.4944      1805.3751      129.55775      294.18655      0.16985893   
   1560000   487.49675      1305.3254      1792.8221      77.349036      292.1345       0.16581276   
   1561000   511.1517       1323.5509      1834.7026      45.140557      296.2134       0.16043691   
   1562000   509.67183      1384.9422      1894.614       59.658069      309.95291      0.15671269   
   1563000   492.92883      1336.8704      1829.7992      111.13325      299.19434      0.15700442   
   1564000   479.32375      1334.5338      1813.8575      107.63199      298.67139      0.15613341   
   1565000   514.40648      1346.6955      1861.102       145.35126      301.39321      0.15640545   
   1566000   491.4643       1355.8256      1847.2899      194.10036      303.43655      0.15781831   
   1567000   486.59797      1366.5777      1853.1757      241.11234      305.8429       0.1606472    
   1568000   502.47067      1317.6966      1820.1672      216.18064      294.90319      0.16467597   
   1569000   476.28892      1332.9445      1809.2334      167.82066      298.31571      0.16828109   
   1570000   500.08258      1318.9935      1819.0761      117.97692      295.19346      0.16722528   
   1571000   504.65755      1328.9884      1833.646       83.54538       297.43034      0.16200545   
   1572000   512.09397      1346.9131      1859.0071      83.87537       301.44192      0.15790517   
   1573000   528.56604      1375.8767      1904.4428      89.915033      307.92404      0.15517885   
   1574000   505.7211       1344.2956      1850.0167      123.62792      300.85612      0.15324695   
   1575000   495.9344       1363.5298      1859.4642      122.12292      305.16077      0.15461168   
   1576000   521.35802      1371.6449      1893.0029      135.56446      306.97694      0.15863167   
   1577000   499.63614      1347.6185      1847.2546      63.130834      301.59978      0.16134311   
   1578000   510.62538      1339.7519      1850.3773      66.072468      299.83923      0.16343548   
   1579000   491.12811      1349.807       1840.9352      76.818784      302.08959      0.16524426   
   1580000   492.48284      1388.3177      1880.8005      130.58167      310.70835      0.16783773   
   1581000   514.25657      1354.9597      1869.2163      144.87356      303.24276      0.16770415   
   1582000   476.93799      1350.1735      1827.1115      200.39368      302.17161      0.16668866   
   1583000   492.69526      1319.0607      1811.7559      162.66307      295.20848      0.16126368   
   1584000   532.16059      1309.4976      1841.6581      137.54931      293.06824      0.15587281   
   1585000   500.96086      1357.2975      1858.2583      94.666914      303.76596      0.15243991   
   1586000   492.31794      1346.3914      1838.7093      70.043157      301.32515      0.15420234   
   1587000   504.54387      1305.8143      1810.3582      60.007171      292.24393      0.16115702   
   1588000   502.58707      1307.5771      1810.1642      43.621229      292.63844      0.16727144   
   1589000   508.47012      1314.1032      1822.5734      47.559618      294.099        0.16827098   
   1590000   473.06169      1332.504       1805.5657      107.75032      298.21713      0.16663217   
   1591000   480.53692      1293.2376      1773.7745      150.9026       289.42924      0.16428551   
   1592000   497.12087      1264.6243      1761.7452      168.58503      283.02551      0.163668     
   1593000   494.85902      1303.9214      1798.7804      229.405        291.82029      0.16504185   
   1594000   489.35525      1332.4502      1821.8054      225.43611      298.20508      0.16719219   
   1595000   481.21518      1335.284       1816.4991      195.32412      298.83929      0.17048918   
   1596000   481.54659      1406.103       1887.6496      150.90426      314.68874      0.17406071   
   1597000   481.05975      1399.8187      1880.8785      36.464142      313.28231      0.17360872   
   1598000   507.17772      1344.0655      1851.2432     -31.437556      300.80461      0.16840811   
   1599000   493.1279       1337.7301      1830.858      -26.589674      299.38675      0.16427242   
   1600000   466.84077      1363.2582      1830.0989      35.715172      305.09997      0.16177124   
   1601000   499.9142       1343.4698      1843.384       63.18866       300.6713       0.158679     
   1602000   486.49089      1292.3586      1778.8495      185.69864      289.23251      0.15959768   
   1603000   498.90152      1291.419       1790.3206      244.60493      289.02223      0.16599208   
   1604000   482.4464       1321.8386      1804.285       261.87923      295.83019      0.17271832   
   1605000   481.47264      1313.0633      1794.5359      160.78777      293.86625      0.17461945   
   1606000   467.42024      1298.7162      1766.1364      122.75358      290.65534      0.17520745   
   1607000   473.75821      1340.3127      1814.0709      110.91409      299.96473      0.17165012   
   1608000   506.52716      1362.2729      1868.8001      145.88184      304.87948      0.16710518   
   1609000   512.89855      1363.8217      1876.7202      184.05251      305.2261       0.16501708   
   1610000   515.93746      1372.6307      1888.5681      165.32214      307.19757      0.16297141   
   1611000   526.4701       1383.8423      1910.3124      107.00964      309.70675      0.16265538   
   1612000   507.59559      1367.6219      1875.2174      111.29442      306.07658      0.16395399   
   1613000   490.56499      1362.2012      1852.7662      119.38607      304.86342      0.16779269   
   1614000   471.83271      1367.1107      1838.9435      130.0718       305.96219      0.17660437   
   1615000   487.94515      1369.2551      1857.2003      162.50439      306.44211      0.18270772   
   1616000   462.64506      1355.5869      1818.232       158.58082      303.38314      0.18161077   
   1617000   479.64191      1330.1329      1809.7748      175.89018      297.68647      0.17649233   
   1618000   467.70016      1335.2626      1802.9628      214.2186       298.83451      0.17086357   
   1619000   499.73658      1325.1558      1824.8923      213.72876      296.57258      0.16722422   
   1620000   492.22459      1337.6373      1829.8619      169.75718      299.36598      0.16398759   
   1621000   468.30095      1315.0761      1783.377       224.41514      294.31672      0.16475109   
   1622000   503.69568      1320.75        1824.4457      199.20835      295.58657      0.16378989   
   1623000   498.01291      1314.0575      1812.0704      198.00006      294.08876      0.16205419   
   1624000   486.09322      1311.6669      1797.7601      214.63025      293.55375      0.16089275   
   1625000   476.18253      1319.7798      1795.9624      147.62172      295.36944      0.16254202   
   1626000   462.01549      1318.7598      1780.7753      139.79358      295.14116      0.16811937   
   1627000   480.92595      1344.0213      1824.9473      131.52771      300.79473      0.17381032   
   1628000   465.61759      1338.7044      1804.322       136.63485      299.60479      0.17362262   
   1629000   488.30864      1327.3789      1815.6876      123.13958      297.07013      0.17083708   
   1630000   495.20764      1329.1816      1824.3892      140.68704      297.47357      0.16745617   
   1631000   510.96914      1325.6278      1836.5969      88.066175      296.67821      0.16155155   
   1632000   486.59585      1338.3891      1824.985       76.523287      299.53423      0.15780492   
   1633000   520.16052      1391.386       1911.5465      107.88881      311.39504      0.15668161   
   1634000   527.84914      1374.7509      1902.6001      151.62315      307.67207      0.15853022   
   1635000   531.1942       1359.116       1890.3102      183.08034      304.17296      0.16127969   
   1636000   511.33394      1354.8131      1866.1471      240.85527      303.20996      0.16304706   
   1637000   499.5988       1361.4641      1861.0629      251.13402      304.69847      0.16386037   
   1638000   488.41121      1392.9528      1881.364       179.87843      311.74569      0.16202129   
   1639000   505.75988      1342.7233      1848.4832      23.815639      300.50423      0.15978871   
   1640000   504.35148      1355.7753      1860.1267     -83.727948      303.42528      0.16008392   
   1641000   522.06514      1379.0934      1901.1586     -96.164899      308.64394      0.15892613   
   1642000   511.4703       1360.2656      1871.7359     -68.134494      304.43024      0.15343854   
   1643000   541.5006       1376.2361      1917.7367      79.77951       308.00446      0.15003504   
   1644000   531.16653      1349.0093      1880.1758      194.18672      301.91105      0.15094157   
   1645000   530.07078      1354.2546      1884.3254      300.03439      303.08496      0.15942983   
   1646000   529.74034      1394.7774      1924.5177      272.00745      312.15404      0.16411766   
   1647000   517.63429      1344.7188      1862.3531      192.25965      300.95084      0.16593318   
   1648000   497.83132      1355.0814      1852.9127      173.0925       303.26999      0.16788279   
   1649000   506.24101      1375.7258      1881.9668      157.4167       307.89026      0.16749686   
   1650000   500.70142      1319.3727      1820.0741      109.73133      295.27832      0.16292718   
   1651000   497.51892      1322.3945      1819.9134      66.359413      295.9546       0.15768098   
   1652000   509.91582      1323.594       1833.5098      33.018965      296.22306      0.15499573   
   1653000   510.91054      1327.207       1838.1175      46.196525      297.03165      0.1557239    
   1654000   507.51422      1299.6064      1807.1206      93.477631      290.85458      0.15763355   
   1655000   484.44805      1344.1802      1828.6282      165.23766      300.83028      0.15934869   
   1656000   487.51054      1323.5837      1811.0943      172.64981      296.22075      0.16051414   
   1657000   495.79655      1338.9489      1834.7455      150.5177       299.65952      0.16536639   
   1658000   474.08849      1343.4279      1817.5164      151.17502      300.66192      0.17062538   
   1659000   472.36667      1302.784       1775.1507      131.32951      291.56574      0.17173155   
   1660000   479.05345      1337.6855      1816.739       129.04595      299.37676      0.17026324   
   1661000   485.42708      1341.6726      1827.0997      123.62842      300.26909      0.16526618   
   1662000   481.57028      1362.8869      1844.4572      147.91806      305.01688      0.15972641   
   1663000   507.55305      1360.1422      1867.6952      215.7664       304.40261      0.15882389   
   1664000   488.09503      1392.0985      1880.1935      241.76494      311.55451      0.15872241   
   1665000   508.5707       1382.9004      1891.4711      232.67019      309.49595      0.16053801   
   1666000   517.62295      1353.3395      1870.9624      176.33773      302.88015      0.16054825   
   1667000   493.05814      1358.6787      1851.7368      183.80124      304.07508      0.1602597    
   1668000   501.94595      1340.8378      1842.7837      198.59813      300.08225      0.16251057   
   1669000   505.40908      1332.8875      1838.2966      199.23609      298.30295      0.1674591    
   1670000   485.96659      1331.5343      1817.5009      186.07072      298.0001       0.17324529   
   1671000   462.90057      1354.8021      1817.7026      149.67225      303.20748      0.17639654   
   1672000   461.43612      1375.9347      1837.3708      200.5851       307.93701      0.17811834   
   1673000   487.33076      1351.8563      1839.187       182.8158       302.54821      0.1694631    
   1674000   561.13113      1327.753       1888.8842      151.88659      297.15385      0.15868451   
   1675000   500.40784      1347.7986      1848.2064      117.09348      301.64009      0.15620093   
   1676000   485.90812      1360.2742      1846.1823      123.91062      304.43215      0.15771251   
   1677000   517.39042      1341.3557      1858.7461      60.463217      300.19816      0.15878454   
   1678000   505.27154      1283.3894      1788.661       90.062784      287.22519      0.1609082    
   1679000   472.99894      1330.5895      1803.5884      118.86222      297.78865      0.16578051   
   1680000   456.64053      1341.3654      1798.006       171.26494      300.20034      0.17043787   
   1681000   491.67851      1333.4356      1825.1141      241.29682      298.42562      0.17188543   
   1682000   502.58841      1332.3189      1834.9073      218.3475       298.1757       0.1668829    
   1683000   476.57171      1347.7438      1824.3155      167.2824       301.62783      0.15997264   
   1684000   506.85647      1342.9043      1849.7608      121.41796      300.54473      0.1568431    
   1685000   489.54743      1334.9591      1824.5066      53.177082      298.7666       0.1551579    
   1686000   526.20179      1326.2146      1852.4164     -7.2997856      296.80954      0.15645887   
   1687000   513.90166      1305.7203      1819.622       14.415209      292.22289      0.15997088   
   1688000   493.70224      1331.8181      1825.5203      63.852551      298.06362      0.16285981   
   1689000   501.79543      1299.7734      1801.5688      116.9797       290.89195      0.16352408   
   1690000   471.3204       1346.7932      1818.1136      170.66542      301.41508      0.15902408   
   1691000   506.16903      1345.5609      1851.7299      192.77144      301.13929      0.15190045   
   1692000   533.72145      1335.8112      1869.5327      214.97385      298.9573       0.14964152   
   1693000   502.67016      1401.054       1903.7241      224.02044      313.55875      0.15220855   
   1694000   517.2187       1390.3365      1907.5552      181.65894      311.16017      0.15738708   
   1695000   500.3447       1377.4836      1877.8283      154.65764      308.28367      0.1615874    
   1696000   487.58596      1361.5041      1849.0901      146.35826      304.70742      0.16385278   
   1697000   480.80196      1393.1973      1873.9992      154.45989      311.80041      0.16536366   
   1698000   523.02443      1390.0819      1913.1063      164.21028      311.10318      0.16532403   
   1699000   532.58047      1346.2369      1878.8173      164.83621      301.29058      0.16213896   
   1700000   522.47706      1360.8474      1883.3245      166.0817       304.56045      0.1578205    
   1701000   532.25274      1348.1866      1880.4393      107.89537      301.72692      0.1534803    
   1702000   516.96024      1386.8179      1903.7782      99.305038      310.3727       0.1537952    
   1703000   529.48912      1365.8526      1895.3417      73.342183      305.68062      0.15751189   
   1704000   490.50133      1360.6137      1851.1151      39.850522      304.50814      0.16178312   
   1705000   504.82457      1353.1028      1857.9274      72.566549      302.82718      0.16636353   
   1706000   499.68243      1332.9054      1832.5878      73.307165      298.30696      0.16618533   
   1707000   501.04404      1315.2979      1816.3419      47.63248       294.36636      0.1629548    
   1708000   494.03962      1278.7933      1772.8329      61.600594      286.19655      0.16219725   
   1709000   493.74104      1290.2285      1783.9695      74.104041      288.75578      0.16515675   
   1710000   493.24663      1299.1011      1792.3477      152.09682      290.74149      0.17019041   
   1711000   486.7928       1333.4483      1820.2411      136.16519      298.42846      0.17291263   
   1712000   495.96799      1301.6146      1797.5826      88.297378      291.30403      0.17332679   
   1713000   490.34689      1305.3717      1795.7186      85.168918      292.14486      0.17419763   
   1714000   474.40301      1298.7242      1773.1272      105.12062      290.65714      0.17437574   
   1715000   471.0842       1346.4316      1817.5158      108.89131      301.33414      0.17449125   
   1716000   446.26143      1318.0332      1764.2947      160.30012      294.97855      0.17231726   
   1717000   471.57313      1335.2224      1806.7955      163.9319       298.82551      0.1682801    
   1718000   485.88539      1387.8316      1873.717       223.81561      310.59956      0.16458118   
   1719000   523.93042      1351.9369      1875.8673      208.55658      302.56624      0.16173775   
   1720000   510.83583      1393.0087      1903.8445      160.85624      311.75821      0.15857864   
   1721000   518.44657      1366.1246      1884.5712      117.50191      305.74149      0.15545161   
   1722000   524.60437      1355.1352      1879.7396      90.394287      303.28204      0.15632906   
   1723000   483.72114      1350.4587      1834.1798      149.2047       302.23542      0.16360784   
   1724000   514.7322       1332.2783      1847.0105      142.89244      298.16662      0.17011929   
   1725000   512.03316      1375.7018      1887.735       151.03975      307.88489      0.1729711    
   1726000   457.26697      1399.8045      1857.0714      144.84346      313.27911      0.17120318   
   1727000   484.19473      1349.3477      1833.5424      116.98169      301.98678      0.16697474   
   1728000   502.4987       1348.3479      1850.8466      118.14946      301.76302      0.16134832   
   1729000   503.33979      1340.5591      1843.8989      60.187369      300.01989      0.15699491   
   1730000   473.03636      1298.992       1772.0283      123.7013       290.71707      0.15695467   
   1731000   463.56136      1321.1023      1784.6636      114.73716      295.6654       0.15972239   
   1732000   487.65392      1310.3018      1797.9558      163.57609      293.24824      0.16626793   
   1733000   476.80977      1332.9703      1809.78        200.5028       298.32148      0.16982326   
   1734000   482.46808      1321.5556      1804.0237      203.75982      295.76685      0.1684261    
   1735000   483.91549      1290.401       1774.3165      183.83458      288.7944       0.16463184   
   1736000   501.45579      1319.5879      1821.0437      142.41998      295.32649      0.16158881   
   1737000   504.00583      1321.7031      1825.709       142.74639      295.79988      0.15936794   
   1738000   516.63643      1313.7015      1830.3379      166.65195      294.0091       0.15920065   
   1739000   511.32957      1338.8765      1850.2061      138.5587       299.64332      0.15997423   
   1740000   475.67673      1377.095       1852.7717      151.96802      308.19669      0.16667799   
   1741000   489.21169      1377.6594      1866.8711      150.40239      308.32299      0.17317876   
   1742000   505.24711      1343.5498      1848.7969      165.00913      300.68919      0.17702057   
   1743000   491.56997      1334.1994      1825.7693      143.44202      298.59656      0.17863421   
   1744000   488.7906       1376.4946      1865.2852      126.94037      308.06233      0.17658134   
   1745000   485.59113      1342.946       1828.5371      157.86099      300.55407      0.17137897   
   1746000   490.22445      1314.4518      1804.6763      211.70868      294.17702      0.16679818   
   1747000   488.70447      1331.1666      1819.8711      226.64936      297.91782      0.16415102   
   1748000   468.99818      1323.621       1792.6192      232.33586      296.22909      0.16302639   
   1749000   489.6977       1316.9815      1806.6792      176.8639       294.74317      0.16227495   
   1750000   490.62556      1300.7778      1791.4034      103.34362      291.11675      0.16164759   
   1751000   512.05523      1296.1624      1808.2177      46.307381      290.08381      0.16257928   
   1752000   506.8171       1328.2736      1835.0907      48.17          297.27036      0.16340407   
   1753000   478.90278      1290.2394      1769.1422      105.2473       288.75823      0.16686702   
   1754000   486.15533      1305.9739      1792.1292      173.32574      292.27964      0.17084676   
   1755000   456.53392      1308.0127      1764.5467      233.51912      292.73594      0.17473195   
   1756000   471.67898      1327.756       1799.435       251.42217      297.15452      0.17704749   
   1757000   490.56071      1334.3706      1824.9313      173.5799       298.63488      0.17291879   
   1758000   513.66996      1315.5469      1829.2169      79.971452      294.4221       0.16478814   
   1759000   503.35093      1306.2477      1809.5987      49.795015      292.34093      0.16008498   
   1760000   491.4626       1319.3724      1810.835       105.783        295.27825      0.15954934   
   1761000   511.47549      1351.1         1862.5755      138.67977      302.37895      0.15992939   
   1762000   511.99792      1338.4285      1850.4265      178.02201      299.54306      0.16119305   
   1763000   505.08243      1295.4991      1800.5816      232.85068      289.93536      0.16640792   
   1764000   481.97376      1306.8246      1788.7984      264.13736      292.47003      0.17203543   
   1765000   494.85086      1330.2924      1825.1432      297.19194      297.72216      0.17402824   
   1766000   501.86573      1332.1428      1834.0085      180.70182      298.13629      0.16970304   
   1767000   502.67114      1309.8306      1812.5017      141.50815      293.14277      0.16692908   
   1768000   506.01759      1324.5932      1830.6108      91.311043      296.44667      0.16569457   
   1769000   488.36834      1301.1375      1789.5058      116.47151      291.19723      0.1658764    
   1770000   496.16204      1338.3551      1834.5172      87.065635      299.52662      0.1657784    
   1771000   487.23922      1316.8382      1804.0774      104.61908      294.71109      0.1656261    
   1772000   497.34159      1339.484       1836.8256      71.884371      299.77928      0.16372846   
   1773000   491.04826      1313.5563      1804.6045      28.037917      293.97659      0.16208851   
   1774000   488.94369      1313.7253      1802.669       33.545631      294.01443      0.16069641   
   1775000   476.0663       1317.5258      1793.5921      93.128761      294.86498      0.16056613   
   1776000   500.73907      1346.0554      1846.7945      102.03894      301.24997      0.16079117   
   1777000   508.80139      1324.816       1833.6174      144.50204      296.49653      0.16375587   
   1778000   485.68878      1340.4732      1826.162       166.16162      300.00066      0.16725008   
   1779000   489.48304      1315.3578      1804.8409      184.74841      294.37978      0.16862391   
   1780000   476.49884      1314.462       1790.9608      146.86971      294.1793       0.16947273   
   1781000   502.88725      1331.8682      1834.7555      104.89942      298.07485      0.16748233   
   1782000   519.78829      1302.7695      1822.5578      37.635677      291.5625       0.16074643   
   1783000   487.11336      1321.5993      1808.7126      27.487888      295.77663      0.15628113   
   1784000   479.61895      1299.8925      1779.5114      5.3857905      290.91861      0.15677745   
   1785000   479.29406      1308.4683      1787.7623      9.2458826      292.83789      0.16310631   
   1786000   488.99649      1311.3939      1800.3904      49.979123      293.49266      0.16896764   
   1787000   455.66067      1312.0802      1767.7408      121.2796       293.64624      0.17100248   
   1788000   467.69695      1315.1326      1782.8296      213.28661      294.32938      0.17186908   
   1789000   478.31964      1318.9841      1797.3037      287.48704      295.19134      0.16954456   
   1790000   493.27768      1345.3243      1838.602       328.76385      301.08634      0.16578385   
   1791000   523.24192      1344.1964      1867.4383      310.72344      300.83392      0.16162798   
   1792000   526.83813      1339.0818      1865.92        261.7394       299.68926      0.15898464   
   1793000   524.93886      1346.7562      1871.695       214.85704      301.4068       0.15698441   
   1794000   538.30665      1383.7581      1922.0647      74.105009      309.6879       0.15202953   
   1795000   512.61111      1361.4529      1874.064       11.108342      304.69595      0.14691903   
   1796000   522.75168      1362.5116      1885.2633      9.2064281      304.93289      0.14819675   
   1797000   520.47435      1359.0378      1879.5122      38.702409      304.15546      0.15453553   
   1798000   523.74834      1322.9361      1846.6845      99.373149      296.07582      0.15932174   
   1799000   479.03243      1303.3371      1782.3696      111.79369      291.68953      0.16075257   
   1800000   484.63313      1303.7049      1788.338       153.61606      291.77183      0.16275448   
   1801000   490.3346       1325.3911      1815.7257      140.7879       296.62526      0.16401063   
   1802000   467.45509      1327.6383      1795.0934      151.74069      297.12818      0.16171338   
   1803000   495.37026      1345.3191      1840.6894      226.90382      301.08519      0.16053183   
   1804000   493.91851      1355.7024      1849.6209      233.09577      303.40898      0.15749127   
   1805000   515.5369       1328.6134      1844.1503      219.35189      297.3464       0.15653132   
   1806000   513.43743      1329.3587      1842.7961      165.22584      297.5132       0.15787744   
   1807000   471.14792      1345.3707      1816.5187      112.86715      301.09674      0.16081529   
   1808000   470.94195      1366.3846      1837.3265      75.688095      305.79967      0.1652145    
   1809000   496.44466      1370.2953      1866.7399      45.51879       306.6749       0.16864687   
   1810000   507.61111      1299.9425      1807.5536      54.405179      290.9298       0.17169496   
   1811000   503.94659      1322.6003      1826.5469      96.104634      296.00066      0.17407852   
   1812000   496.10287      1332.676       1828.7789      135.90541      298.25563      0.17848047   
   1813000   482.05451      1285.2925      1767.347       150.19747      287.65109      0.18138917   
   1814000   462.45769      1307.3852      1769.8429      111.36709      292.5955       0.18102521   
   1815000   463.9927       1365.1288      1829.1215      71.731262      305.51863      0.17745017   
   1816000   501.52173      1324.1344      1825.6561      49.556023      296.34399      0.16929135   
   1817000   514.93373      1337.6144      1852.5481      46.656169      299.36084      0.16336233   
   1818000   525.12127      1373.1525      1898.2738      90.380122      307.31435      0.16020828   
   1819000   482.17515      1374.5923      1856.7674      107.98996      307.63657      0.15738138   
   1820000   519.71688      1343.5231      1863.2399      89.692502      300.68322      0.15804334   
   1821000   548.71399      1344.106       1892.8199      130.11913      300.81367      0.16240098   
   1822000   506.65925      1351.9415      1858.6008      135.32406      302.56729      0.16451924   
   1823000   515.31032      1369.5552      1884.8655      102.8066       306.50926      0.16600694   
   1824000   486.94968      1356.9503      1843.9         96.869161      303.68827      0.16913068   
   1825000   488.44409      1356.9552      1845.3993      139.05626      303.68935      0.17529835   
   1826000   509.90834      1361.3185      1871.2268      158.97865      304.66588      0.18229024   
   1827000   509.91751      1377.6005      1887.518       154.91646      308.30982      0.18129119   
   1828000   510.71116      1351.7107      1862.4218      128.1939       302.51562      0.17268158   
   1829000   475.85961      1371.8583      1847.7179      139.86911      307.0247       0.16772374   
   1830000   506.96306      1380.5481      1887.5112      140.49836      308.9695       0.16501799   
   1831000   507.12353      1339.4706      1846.5942      104.57573      299.77628      0.16388967   
   1832000   486.93221      1325.5817      1812.514       71.388419      296.66792      0.16437334   
   1833000   490.09824      1372.4383      1862.5366      108.8224       307.15452      0.1662917    
   1834000   484.41043      1368.6536      1853.064       112.33428      306.30748      0.16979873   
   1835000   500.35797      1356.9167      1857.2747      191.80047      303.68074      0.17361532   
   1836000   488.63709      1358.4814      1847.1185      241.11728      304.03093      0.1748413    
   1837000   483.69597      1368.4296      1852.1256      217.91106      306.25736      0.17329235   
   1838000   495.26557      1362.2227      1857.4882      199.68035      304.86823      0.16902451   
   1839000   497.98203      1347.8338      1845.8158      82.082162      301.64796      0.16355124   
   1840000   500.18371      1354.384       1854.5677     -10.515691      303.11392      0.16017414   
   1841000   495.95848      1372.3747      1868.3331     -12.472917      307.14027      0.15938899   
   1842000   518.66703      1331.4136      1850.0806      76.847652      297.97309      0.16079844   
   1843000   511.33517      1356.0225      1867.3577      135.54868      303.48062      0.16642468   
   1844000   501.66291      1380.0253      1881.6882      258.3667       308.85249      0.17330719   
   1845000   515.37197      1410.0841      1925.4561      309.10308      315.57971      0.17441182   
   1846000   511.74108      1361.3407      1873.0818      332.39846      304.67084      0.17055981   
   1847000   485.19923      1366.0335      1851.2327      272.44336      305.7211       0.16591649   
   1848000   491.74054      1351.5906      1843.3311      212.73439      302.48875      0.16378571   
   1849000   490.2869       1378.3466      1868.6335      119.54554      308.47679      0.16123868   
   1850000   507.33966      1337.3894      1844.7291      84.94323       299.3105       0.15961971   
   1851000   491.76292      1368.4345      1860.1974      111.32566      306.25845      0.15902975   
   1852000   498.41975      1416.0963      1914.5161      126.49568      316.92526      0.16272263   
   1853000   499.89262      1343.5245      1843.4171      123.13207      300.68353      0.17008188   
   1854000   512.87358      1369.8299      1882.7034      180.8072       306.57074      0.1742442    
   1855000   501.68461      1349.1068      1850.7914      128.58426      301.93287      0.1711667    
   1856000   510.20185      1356.5352      1866.7371      122.88206      303.59537      0.16735816   
   1857000   484.06136      1351.8999      1835.9613      159.04588      302.55798      0.1640555    
   1858000   492.65556      1342.4876      1835.1432      176.08573      300.45149      0.16038027   
   1859000   511.35087      1338.3252      1849.6761      167.70396      299.51992      0.15831142   
   1860000   521.81407      1295.8596      1817.6737      166.96239      290.01604      0.1585265    
   1861000   505.84727      1345.4936      1851.3409      123.78064      301.12423      0.1573779    
   1862000   500.19856      1311.6333      1811.8318      113.77301      293.54621      0.15637609   
   1863000   498.48887      1335.7059      1834.1948      62.800594      298.93372      0.15552428   
   1864000   516.45865      1327.0553      1843.514       24.856549      296.99771      0.15554335   
   1865000   476.34287      1345.5593      1821.9022      107.80081      301.13894      0.15866463   
   1866000   508.82666      1343.9124      1852.7391      173.8757       300.77036      0.16065611   
   1867000   516.62618      1337.3965      1854.0227      198.58727      299.31208      0.16192125   
   1868000   495.72979      1385.1253      1880.8551      221.33295      309.99389      0.16443238   
   1869000   493.64132      1367.0895      1860.7308      218.04654      305.95744      0.16553593   
   1870000   486.24314      1367.8728      1854.1159      215.63221      306.13274      0.16554809   
   1871000   482.66416      1370.3892      1853.0534      203.91025      306.69592      0.16523688   
   1872000   518.01661      1344.7066      1862.7232      186.52271      300.94809      0.16520495   
   1873000   537.37513      1347.8676      1885.2427      154.99702      301.65554      0.16217976   
   1874000   536.90476      1401.3151      1938.2199      114.5506       313.61721      0.15687372   
   1875000   525.41547      1345.912       1871.3275      105.0153       301.21787      0.1541422    
   1876000   511.98938      1338.1042      1850.0936      146.41798      299.47046      0.15400146   
   1877000   512.74901      1359.4141      1872.1631      113.67011      304.23967      0.15834323   
   1878000   501.10079      1372.1655      1873.2663      168.85578      307.09345      0.16685553   
   1879000   479.21765      1382.9481      1862.1658      189.6175       309.50663      0.16897031   
   1880000   476.73334      1362.9739      1839.7073      221.78661      305.03636      0.16786993   
   1881000   478.99816      1363.9644      1842.9625      271.36801      305.25803      0.16614343   
   1882000   529.77653      1322.8895      1852.6661      242.02836      296.06539      0.16342373   
   1883000   481.73376      1355.1108      1836.8446      211.31021      303.27658      0.1595077    
   1884000   466.33532      1345.2273      1811.5626      197.22791      301.06463      0.15752444   
   1885000   505.98419      1337.3573      1843.3414      132.60326      299.3033       0.15639995   
   1886000   490.71859      1338.4293      1829.1479      141.31771      299.54323      0.15839565   
   1887000   498.41124      1349.7515      1848.1628      150.28324      302.07716      0.16428825   
   1888000   487.58321      1343.8549      1831.4381      170.45514      300.75749      0.16797432   
   1889000   489.00559      1315.2097      1804.2153      160.44648      294.34663      0.16674342   
   1890000   478.02343      1342.1253      1820.1487      122.10426      300.3704       0.16293741   
   1891000   508.50743      1352.7747      1861.2821      44.472889      302.75375      0.15958532   
   1892000   513.15987      1365.5528      1878.7127      19.901369      305.61352      0.15681388   
   1893000   520.8667       1352.0691      1872.9358      57.714935      302.59584      0.15364954   
   1894000   505.20496      1355.6327      1860.8377      118.53412      303.39339      0.14976981   
   1895000   521.26436      1337.3298      1858.5942      167.50673      299.29716      0.1462713    
   1896000   506.29127      1338.281       1844.5722      197.41263      299.51003      0.14736361   
   1897000   524.42697      1324.6312      1849.0581      252.5109       296.45517      0.15365029   
   1898000   497.97058      1312.0797      1810.0503      270.56674      293.64613      0.15877279   
   1899000   499.58347      1319.804       1819.3875      210.75656      295.37484      0.16046125   
   1900000   490.45435      1286.7779      1777.2322      162.83393      287.98353      0.16103615   
   1901000   491.42258      1326.6253      1818.0479      151.09019      296.90146      0.15998353   
   1902000   528.52424      1311.4074      1839.9316      126.88028      293.49566      0.1569989    
   1903000   481.29721      1345.5935      1826.8907      112.22198      301.14658      0.15203108   
   1904000   515.76662      1319.5156      1835.2823      93.923809      295.31031      0.14993577   
   1905000   490.49717      1308.8723      1799.3695      113.74318      292.92831      0.14996598   
   1906000   503.12015      1307.6797      1810.7999      89.841268      292.66141      0.15299691   
   1907000   515.66034      1314.2244      1829.8848      100.34006      294.12613      0.16106416   
   1908000   505.52019      1334.4416      1839.9618      159.8311       298.65077      0.16758861   
   1909000   517.59623      1362.3078      1879.9041      269.61724      304.88729      0.16909111   
   1910000   476.896        1406.7456      1883.6416      268.75073      314.83255      0.16612809   
   1911000   489.99544      1364.3552      1854.3506      229.38103      305.34549      0.16161908   
   1912000   505.94019      1384.3834      1890.3236      133.80742      309.82786      0.15778263   
   1913000   515.99649      1352.232       1868.2285      111.88969      302.6323       0.15716254   
   1914000   496.54511      1360.9855      1857.5306      144.21642      304.59134      0.1581744    
   1915000   535.34901      1330.6479      1865.997       206.77103      297.80174      0.16163834   
   1916000   469.98174      1360.2376      1830.2193      248.87639      304.42396      0.16265399   
   1917000   482.0591       1357.8601      1839.9192      228.08056      303.89188      0.16246262   
   1918000   499.89901      1376.4924      1876.3914      173.27835      308.06182      0.16097349   
   1919000   525.97056      1333.247       1859.2176      109.47526      298.38342      0.16094029   
   1920000   512.77234      1366.6493      1879.4216      81.891365      305.85892      0.15968296   
   1921000   504.76108      1314.3544      1819.1155      101.74996      294.15521      0.15925953   
   1922000   550.64429      1319.5449      1870.1892      163.3128       295.31687      0.16217906   
   1923000   475.72777      1363.1542      1838.882       205.97456      305.07671      0.16672646   
   1924000   505.60641      1371.4774      1877.0838      207.64058      306.93945      0.16707179   
   1925000   500.64907      1371.5819      1872.231       201.99492      306.96285      0.16198871   
   1926000   504.56696      1369.5847      1874.1517      178.45908      306.51587      0.15555886   
   1927000   519.42976      1358.1979      1877.6277      105.74861      303.96748      0.15298426   
   1928000   517.10703      1358.3727      1875.4797      110.83013      304.00659      0.15835493   
   1929000   498.3245       1322.9733      1821.2978      105.92844      296.08413      0.16367338   
   1930000   484.29665      1349.1407      1833.4373      172.25185      301.94045      0.16801161   
   1931000   513.97807      1342.5846      1856.5626      207.03008      300.47318      0.16996289   
   1932000   507.19134      1324.3024      1831.4937      177.86471      296.38159      0.16764264   
   1933000   477.97699      1338.1848      1816.1618      170.3457       299.4885       0.16422266   
   1934000   467.80325      1336.5784      1804.3816      140.94828      299.12898      0.16358229   
   1935000   499.47001      1329.6024      1829.0725      92.359662      297.56776      0.1634653    
   1936000   493.00883      1325.6849      1818.6937      92.914308      296.691        0.16463929   
   1937000   490.3536       1338.6329      1828.9865      113.72832      299.58879      0.16896328   
   1938000   496.62921      1315.2376      1811.8669      161.59737      294.35289      0.17297943   
   1939000   479.59281      1343.328       1822.9208      185.00558      300.63956      0.1705438    
   1940000   529.82853      1312.8332      1842.6617      184.69952      293.81476      0.1631859    
   1941000   516.44798      1317.9164      1834.3644      166.88659      294.9524       0.15922438   
   1942000   519.45767      1304.6997      1824.1574      164.00757      291.99447      0.16020264   
   1943000   471.72034      1307.8382      1779.5586      133.1893       292.69688      0.16075545   
   1944000   516.57919      1341.3557      1857.9348      101.70506      300.19815      0.16324074   
   1945000   496.74951      1334.0541      1830.8036      79.231779      298.56404      0.16447031   
   1946000   496.80986      1341.0932      1837.903       84.554599      300.13941      0.16615178   
   1947000   473.38546      1324.5131      1797.8985      166.34664      296.42875      0.16712979   
   1948000   497.7875       1326.062       1823.8495      194.90557      296.77541      0.1664175    
   1949000   524.19686      1297.4682      1821.6651      191.84003      290.37605      0.16289673   
   1950000   484.33327      1342.3092      1826.6425      183.12545      300.41155      0.16107163   
   1951000   485.57571      1297.2756      1782.8513      139.60246      290.33295      0.1622643    
   1952000   494.43855      1310.0058      1804.4443      45.460198      293.18198      0.16745172   
   1953000   474.0628       1306.1432      1780.206       45.281502      292.31752      0.1758386    
   1954000   471.14015      1321.8711      1793.0113      68.193568      295.83747      0.17948265   
   1955000   470.71357      1323.2017      1793.9153      146.85465      296.13527      0.17836071   
   1956000   474.90794      1316.3037      1791.2117      196.59795      294.59147      0.17284551   
   1957000   465.87732      1335.9299      1801.8073      293.23889      298.98386      0.16908363   
   1958000   502.49173      1307.2379      1809.7296      261.38714      292.56253      0.1650907    
   1959000   483.27869      1289.5512      1772.8299      214.97732      288.60421      0.16514267   
   1960000   485.75291      1295.0146      1780.7675      176.23887      289.82692      0.16720253   
   1961000   465.54669      1316.8399      1782.3866      78.959552      294.71147      0.16791766   
   1962000   470.56352      1343.7598      1814.3233      21.621192      300.7362       0.16731765   
   1963000   495.69281      1315.2984      1810.9912     -16.6755        294.36649      0.1630459    
   1964000   525.68574      1310.8713      1836.5571      5.0237438      293.37569      0.15823513   
   1965000   489.40152      1331.2502      1820.6517      111.40583      297.93652      0.15840502   
   1966000   484.38881      1347.6217      1832.0105      225.5449       301.60049      0.16270465   
   1967000   508.62699      1349.4761      1858.1031      203.5895       302.01551      0.16987108   
   1968000   477.57481      1348.9278      1826.5027      167.9069       301.89282      0.17408709   
   1969000   482.52644      1360.295       1842.8214      160.13603      304.4368       0.17433327   
   1970000   482.57996      1347.3138      1829.8938      136.82054      301.5316       0.1706838    
   1971000   501.27899      1329.3664      1830.6454      134.71908      297.51493      0.16764988   
   1972000   510.01087      1346.9379      1856.9488      119.45864      301.44747      0.16394066   
   1973000   509.81232      1352.4714      1862.2837      131.68395      302.68587      0.16249461   
   1974000   502.34633      1326.7511      1829.0974      117.78277      296.92962      0.16109527   
   1975000   512.43996      1331.5551      1843.9951      115.4429       298.00477      0.16066646   
   1976000   503.04586      1336.4399      1839.4858      139.42939      299.098        0.15994982   
   1977000   534.54555      1373.6123      1908.1579      138.38378      307.41726      0.15562931   
   1978000   516.50641      1345.3652      1861.8716      143.50192      301.0955       0.15131862   
   1979000   509.78712      1376.9406      1886.7277      98.217772      308.16212      0.1520297    
   1980000   536.8558       1330.0961      1866.9519      94.277571      297.67823      0.16040653   
   1981000   492.58561      1312.2084      1804.794       97.204374      293.67493      0.16647722   
   1982000   523.0037       1340.015       1863.0187      161.93886      299.89812      0.16757316   
   1983000   491.54648      1349.3136      1840.8601      201.28455      301.97916      0.16491983   
   1984000   503.22912      1343.1556      1846.3847      227.21544      300.60098      0.165617     
   1985000   485.58334      1365.9148      1851.4982      258.60305      305.69454      0.16884553   
   1986000   482.55132      1350.216       1832.7674      204.05808      302.18112      0.17151287   
   1987000   493.7668       1358.2726      1852.0394      160.77096      303.98419      0.16979539   
   1988000   502.10258      1366.0886      1868.1912      94.213971      305.73344      0.16262145   
   1989000   501.83684      1345.0168      1846.8536      75.756708      301.01752      0.15663959   
   1990000   497.77704      1347.889       1845.6661      144.51178      301.66034      0.15558089   
   1991000   497.49734      1346.7498      1844.2471      158.30528      301.40537      0.15567612   
   1992000   505.8573       1333.8672      1839.7245      205.48729      298.52223      0.15915039   
   1993000   508.59231      1331.5131      1840.1054      221.76587      297.99536      0.16201829   
   1994000   521.97598      1330.8433      1852.8192      115.26646      297.84545      0.16355322   
   1995000   500.09786      1385.3647      1885.4625      96.554719      310.04746      0.1666123    
   1996000   463.1076       1386.3641      1849.4717      75.213905      310.27113      0.16737645   
   1997000   483.41305      1364.212       1847.6251      96.068997      305.31345      0.16539972   
   1998000   516.74183      1351.3769      1868.1187      163.16686      302.44092      0.16029953   
   1999000   510.16289      1371.1153      1881.2782      202.92122      306.85843      0.15493963   
   2000000   526.28311      1381.6895      1907.9726      216.97761      309.22494      0.15212084   
Loop time of 8930.64 on 8 procs for 2000000 steps with 1500 atoms

Performance: 9.675 ns/day, 2.481 hours/ns, 223.948 timesteps/s, 335.922 katom-step/s
99.3% CPU use with 8 MPI tasks x 1 OpenMP threads

MPI task timing breakdown:
Section |  min time  |  avg time  |  max time  |%varavg| %total
---------------------------------------------------------------
Pair    | 361.82     | 376.66     | 392.57     |  51.7 |  4.22
Bond    | 21.976     | 22.598     | 23.292     |   9.5 |  0.25
Kspace  | 3679       | 3696.5     | 3713.5     |  18.9 | 41.39
Neigh   | 6.4057     | 6.4281     | 6.4461     |   0.4 |  0.07
Comm    | 141.61     | 143.03     | 144.53     |   8.2 |  1.60
Output  | 0.1454     | 0.2905     | 1.3051     |  71.1 |  0.00
Modify  | 4453.6     | 4565.6     | 4636.3     |  81.4 | 51.12
Other   |            | 119.5      |            |       |  1.34

Nlocal:          187.5 ave         205 max         148 min
Histogram: 1 0 0 0 1 0 1 0 3 2
Nghost:        1585.75 ave        1643 max        1540 min
Histogram: 1 2 0 1 0 2 0 1 0 1
Neighs:        13153.2 ave       15612 max        9363 min
Histogram: 1 0 1 0 0 0 2 2 1 1

Total # of neighbors = 105226
Ave neighs/atom = 70.150667
Ave special neighs/atom = 2
Neighbor list builds = 12440
Dangerous builds = 0

write_data      ${NAME}_final.data
write_data      N2_final.data
System init for write_data ...
PPPM initialization ...
  using 12-bit tables for long-range coulomb (src/kspace.cpp:342)
  G vector (1/distance) = 0.26908033
  grid = 50 50 50
  stencil order = 5
  estimated absolute RMS force accuracy = 0.00036531789
  estimated relative force accuracy = 1.100144e-06
  using single precision FFTW3
  3d grid and FFT values/proc = 32768 16250
Generated 1 of 1 mixed pair_coeff terms from arithmetic mixing rule
Last active /omp style is kspace_style pppm/omp

quit
