# Cycle, ((Average number_of_molecules(Ib,Tm), Tm=1,N_MolType), Ib=1,N_Box)
    100100   0.3980108822E+003   0.1989117772E+001
    100200   0.3980092662E+003   0.1990733774E+001
    100300   0.3980094039E+003   0.1990596104E+001
    100400   0.3980084672E+003   0.1991532802E+001
    100500   0.3980091026E+003   0.1990897411E+001
    100600   0.3980101274E+003   0.1989872557E+001
    100700   0.3980111634E+003   0.1988836624E+001
    100800   0.3980114526E+003   0.1988547417E+001
    100900   0.3980112378E+003   0.1988762167E+001
    101000   0.3980109022E+003   0.1989097818E+001
    101100   0.3980110636E+003   0.1988936374E+001
    101200   0.3980109990E+003   0.1989001047E+001
    101300   0.3980107589E+003   0.1989241051E+001
    101400   0.3980104106E+003   0.1989589372E+001
    101500   0.3980742107E+003   0.1925789349E+001
    101600   0.3981196420E+003   0.1880357998E+001
    101700   0.3981766403E+003   0.1823359729E+001
    101800   0.3982516986E+003   0.1748301413E+001
    101900   0.3983237852E+003   0.1676214805E+001
    102000   0.3983629754E+003   0.1637024571E+001
    102100   0.3984018961E+003   0.1598103942E+001
    102200   0.3984414568E+003   0.1558543166E+001
    102300   0.3984670641E+003   0.1532935902E+001
    102400   0.3984937376E+003   0.1506262390E+001
    102500   0.3985223237E+003   0.1477676280E+001
    102600   0.3985506516E+003   0.1449348445E+001
    102700   0.3985693349E+003   0.1430665128E+001
    102800   0.3985799535E+003   0.1420046494E+001
    102900   0.3986012322E+003   0.1398767778E+001
    103000   0.3986187687E+003   0.1381231268E+001
    103100   0.3986372797E+003   0.1362720329E+001
    103200   0.3986549107E+003   0.1345089288E+001
    103300   0.3986693699E+003   0.1330630099E+001
    103400   0.3986780687E+003   0.1321931260E+001
    103500   0.3986879852E+003   0.1312014810E+001
    103600   0.3986998941E+003   0.1300105872E+001
    103700   0.3987095100E+003   0.1290490007E+001
    103800   0.3987180030E+003   0.1281996966E+001
    103900   0.3987302443E+003   0.1269755683E+001
    104000   0.3987378516E+003   0.1262148354E+001
    104100   0.3987446676E+003   0.1255332440E+001
    104200   0.3987497918E+003   0.1250208180E+001
    104300   0.3987576808E+003   0.1242319178E+001
    104400   0.3987646102E+003   0.1235389841E+001
    104500   0.3987711666E+003   0.1228833383E+001
    104600   0.3987774129E+003   0.1222587131E+001
    104700   0.3987945254E+003   0.1205474597E+001
    104800   0.3988808314E+003   0.1119168570E+001
    104900   0.3989558065E+003   0.1044193495E+001
    105000   0.3990138084E+003   0.9861915765E+000
    105100   0.3990576087E+003   0.9423913020E+000
    105200   0.3990744321E+003   0.9255679460E+000
    105300   0.3990732472E+003   0.9267527625E+000
    105400   0.3990723853E+003   0.9276146509E+000
    105500   0.3990718441E+003   0.9281559175E+000
    105600   0.3990710629E+003   0.9289371432E+000
    105700   0.3990702709E+003   0.9297291021E+000
    105800   0.3990689236E+003   0.9310763525E+000
    105900   0.3990678200E+003   0.9321799842E+000
    106000   0.3990667501E+003   0.9332499210E+000
    106100   0.3990658303E+003   0.9341696728E+000
    106200   0.3990713927E+003   0.9286073458E+000
    106300   0.3991042595E+003   0.8957405471E+000
    106400   0.3991334112E+003   0.8665888247E+000
    106500   0.3991497516E+003   0.8502483963E+000
    106600   0.3991482652E+003   0.8517348312E+000
    106700   0.3991461040E+003   0.8538959950E+000
    106800   0.3991439612E+003   0.8560388186E+000
    106900   0.3991420036E+003   0.8579963817E+000
    107000   0.3991406085E+003   0.8593914582E+000
    107100   0.3991385646E+003   0.8614354296E+000
    107200   0.3991365632E+003   0.8634368185E+000
    107300   0.3991348533E+003   0.8651466691E+000
    107400   0.3991331682E+003   0.8668318428E+000
    107500   0.3991315165E+003   0.8684834964E+000
    107600   0.3991300358E+003   0.8699642487E+000
    107700   0.3991285826E+003   0.8714174414E+000
    107800   0.3991274375E+003   0.8725624610E+000
    107900   0.3991260053E+003   0.8739947433E+000
    108000   0.3991243403E+003   0.8756596588E+000
    108100   0.3991230596E+003   0.8769404116E+000
    108200   0.3991215164E+003   0.8784835895E+000
    108300   0.3991205189E+003   0.8794811094E+000
    108400   0.3991194766E+003   0.8805233772E+000
    108500   0.3991179175E+003   0.8820825418E+000
    108600   0.3991165498E+003   0.8834502232E+000
    108700   0.3991155447E+003   0.8844553189E+000
    108800   0.3991146249E+003   0.8853751423E+000
    108900   0.3991132891E+003   0.8867109034E+000
    109000   0.3991122423E+003   0.8877577179E+000
    109100   0.3991108397E+003   0.8891603065E+000
    109200   0.3991282648E+003   0.8717352071E+000
    109300   0.3991589796E+003   0.8410204309E+000
    109400   0.3991763157E+003   0.8236842937E+000
    109500   0.3991929175E+003   0.8070824651E+000
    109600   0.3992134341E+003   0.7865658820E+000
    109700   0.3992347478E+003   0.7652521955E+000
    109800   0.3992457315E+003   0.7542684695E+000
    109900   0.3992682167E+003   0.7317833183E+000
    110000   0.3992897419E+003   0.7102581089E+000
    110100   0.3993111195E+003   0.6888804662E+000
    110200   0.3993289289E+003   0.6710710714E+000
    110300   0.3993445241E+003   0.6554758739E+000
    110400   0.3993631204E+003   0.6368796356E+000
    110500   0.3993808611E+003   0.6191389089E+000
    110600   0.3993964897E+003   0.6035102988E+000
    110700   0.3994104080E+003   0.5895919698E+000
    110800   0.3994246976E+003   0.5753023915E+000
    110900   0.3994375898E+003   0.5624101972E+000
    111000   0.3994504638E+003   0.5495361842E+000
    111100   0.3994639260E+003   0.5360739658E+000
    111200   0.3994723638E+003   0.5276361765E+000
    111300   0.3994824820E+003   0.5175179594E+000
    111400   0.3994925614E+003   0.5074385568E+000
    111500   0.3994935449E+003   0.5064551046E+000
    111600   0.3994908265E+003   0.5091735009E+000
    111700   0.3994880728E+003   0.5119272410E+000
    111800   0.3994845868E+003   0.5154132239E+000
    111900   0.3994814895E+003   0.5185105441E+000
    112000   0.3994792115E+003   0.5207885402E+000
    112100   0.3994763880E+003   0.5236120186E+000
    112200   0.3994755534E+003   0.5244465725E+000
    112300   0.3994737974E+003   0.5262026334E+000
    112400   0.3994704833E+003   0.5295166943E+000
    112500   0.3994679735E+003   0.5320265390E+000
    112600   0.3994653984E+003   0.5346016469E+000
    112700   0.3994630017E+003   0.5369982539E+000
    112800   0.3994603381E+003   0.5396618745E+000
    112900   0.3994581847E+003   0.5418153277E+000
    113000   0.3994545356E+003   0.5454643576E+000
    113100   0.3994514993E+003   0.5485006969E+000
    113200   0.3994494851E+003   0.5505149212E+000
    113300   0.3994470995E+003   0.5529005464E+000
    113400   0.3994450935E+003   0.5549065397E+000
    113500   0.3994525896E+003   0.5474104307E+000
    113600   0.3994601733E+003   0.5398266503E+000
    113700   0.3994691016E+003   0.5308984080E+000
    113800   0.3994767620E+003   0.5232380138E+000
    113900   0.3994870115E+003   0.5129884576E+000
    114000   0.3994947426E+003   0.5052573913E+000
    114100   0.3995045054E+003   0.4954946072E+000
    114200   0.3995122426E+003   0.4877573751E+000
    114300   0.3995207584E+003   0.4792415772E+000
    114400   0.3995289503E+003   0.4710497158E+000
    114500   0.3995353997E+003   0.4646002596E+000
    114600   0.3995421488E+003   0.4578511644E+000
    114700   0.3995488556E+003   0.4511444251E+000
    114800   0.3995563608E+003   0.4436392043E+000
    114900   0.3995641917E+003   0.4358082618E+000
    115000   0.3995713116E+003   0.4286883661E+000
    115100   0.3995783429E+003   0.4216571213E+000
    115200   0.3995846522E+003   0.4153478464E+000
    115300   0.3995894012E+003   0.4105988009E+000
    115400   0.3995956492E+003   0.4043507650E+000
    115500   0.3996016692E+003   0.3983308387E+000
    115600   0.3996073574E+003   0.3926425705E+000
    115700   0.3996129575E+003   0.3870425194E+000
    115800   0.3996181793E+003   0.3818206732E+000
    115900   0.3996230064E+003   0.3769936397E+000
    116000   0.3996274821E+003   0.3725179056E+000
    116100   0.3996328758E+003   0.3671242288E+000
    116200   0.3996381564E+003   0.3618436037E+000
    116300   0.3996427723E+003   0.3572276730E+000
    116400   0.3996464734E+003   0.3535265799E+000
    116500   0.3996502760E+003   0.3497239790E+000
    116600   0.3996540305E+003   0.3459695228E+000
    116700   0.3996585349E+003   0.3414651335E+000
    116800   0.3996630718E+003   0.3369281584E+000
    116900   0.3996675981E+003   0.3324019248E+000
    117000   0.3996711205E+003   0.3288794926E+000
    117100   0.3996746005E+003   0.3253994944E+000
    117200   0.3996787011E+003   0.3212988999E+000
    117300   0.3996814032E+003   0.3185968258E+000
    117400   0.3996841599E+003   0.3158400649E+000
    117500   0.3996869215E+003   0.3130785076E+000
    117600   0.3996909749E+003   0.3090250955E+000
    117700   0.3996943578E+003   0.3056422303E+000
    117800   0.3996975664E+003   0.3024335736E+000
    117900   0.3997002911E+003   0.2997089205E+000
    118000   0.3997031813E+003   0.2968186818E+000
    118100   0.3997062565E+003   0.2937435253E+000
    118200   0.3997094045E+003   0.2905954764E+000
    118300   0.3997122090E+003   0.2877910144E+000
    118400   0.3997151085E+003   0.2848915107E+000
    118500   0.3997180252E+003   0.2819747749E+000
    118600   0.3997205454E+003   0.2794545883E+000
    118700   0.3997228289E+003   0.2771710709E+000
    118800   0.3997249332E+003   0.2750667551E+000
    118900   0.3997268537E+003   0.2731462629E+000
    119000   0.3997290018E+003   0.2709982472E+000
    119100   0.3997313580E+003   0.2686419732E+000
    119200   0.3997334278E+003   0.2665721946E+000
    119300   0.3997342304E+003   0.2657695666E+000
    119400   0.3997324117E+003   0.2675883336E+000
    119500   0.3997297533E+003   0.2702466839E+000
    119600   0.3997277995E+003   0.2722005149E+000
    119700   0.3997260856E+003   0.2739143558E+000
    119800   0.3997240127E+003   0.2759873116E+000
    119900   0.3997221586E+003   0.2778413957E+000
    120000   0.3997205838E+003   0.2794161570E+000
    120100   0.3997181295E+003   0.2818705259E+000
    120200   0.3997166231E+003   0.2833768591E+000
    120300   0.3997148702E+003   0.2851298323E+000
    120400   0.3997121649E+003   0.2878350699E+000
    120500   0.3997110314E+003   0.2889685965E+000
    120600   0.3997084398E+003   0.2915601600E+000
    120700   0.3997067553E+003   0.2932446770E+000
    120800   0.3997047286E+003   0.2952714253E+000
    120900   0.3997020224E+003   0.2979775718E+000
    121000   0.3996999561E+003   0.3000438855E+000
    121100   0.3996986809E+003   0.3013190698E+000
    121200   0.3996976073E+003   0.3023926945E+000
    121300   0.3996948265E+003   0.3051735307E+000
    121400   0.3996928859E+003   0.3071140962E+000
    121500   0.3996902112E+003   0.3097888207E+000
    121600   0.3996877985E+003   0.3122015085E+000
    121700   0.3996862677E+003   0.3137322573E+000
    121800   0.3996836018E+003   0.3163981833E+000
    121900   0.3996823520E+003   0.3176480392E+000
    122000   0.3996805453E+003   0.3194547206E+000
    122100   0.3996784518E+003   0.3215482093E+000
    122200   0.3996766051E+003   0.3233948965E+000
    122300   0.3996750767E+003   0.3249233285E+000
    122400   0.3996721804E+003   0.3278196020E+000
    122500   0.3996686746E+003   0.3313254014E+000
    122600   0.3996654244E+003   0.3345756475E+000
    122700   0.3996633184E+003   0.3366815766E+000
    122800   0.3996605287E+003   0.3394713217E+000
    122900   0.3996583509E+003   0.3416491423E+000
    123000   0.3996549238E+003   0.3450762296E+000
    123100   0.3996535253E+003   0.3464747457E+000
    123200   0.3996505680E+003   0.3494320096E+000
    123300   0.3996474597E+003   0.3525402639E+000
    123400   0.3996450844E+003   0.3549155531E+000
    123500   0.3996416112E+003   0.3583888119E+000
    123600   0.3996388347E+003   0.3611652526E+000
    123700   0.3996375086E+003   0.3624913503E+000
    123800   0.3996356850E+003   0.3643149554E+000
    123900   0.3996331787E+003   0.3668212658E+000
    124000   0.3996315876E+003   0.3684123674E+000
    124100   0.3996289952E+003   0.3710048405E+000
    124200   0.3996264777E+003   0.3735222656E+000
    124300   0.3996238431E+003   0.3761568560E+000
    124400   0.3996212606E+003   0.3787393652E+000
    124500   0.3996189976E+003   0.3810023629E+000
    124600   0.3996155161E+003   0.3844839271E+000
    124700   0.3996127353E+003   0.3872647321E+000
    124800   0.3996100838E+003   0.3899161634E+000
    124900   0.3996079663E+003   0.3920337265E+000
    125000   0.3996048981E+003   0.3951018652E+000
    125100   0.3996021158E+003   0.3978842474E+000
    125200   0.3995973525E+003   0.4026475370E+000
    125300   0.3995940549E+003   0.4059450671E+000
    125400   0.3995919443E+003   0.4080556867E+000
    125500   0.3995901910E+003   0.4098089503E+000
    125600   0.3995886539E+003   0.4113460737E+000
    125700   0.3995861934E+003   0.4138066039E+000
    125800   0.3995833392E+003   0.4166607836E+000
    125900   0.3995808228E+003   0.4191772231E+000
    126000   0.3995784834E+003   0.4215165803E+000
    126100   0.3995766924E+003   0.4233076340E+000
    126200   0.3995745151E+003   0.4254849135E+000
    126300   0.3995733526E+003   0.4266474323E+000
    126400   0.3995708595E+003   0.4291404596E+000
    126500   0.3995685138E+003   0.4314862075E+000
    126600   0.3995656928E+003   0.4343072276E+000
    126700   0.3995638967E+003   0.4361033356E+000
    126800   0.3995620126E+003   0.4379873946E+000
    126900   0.3995596065E+003   0.4403934750E+000
    127000   0.3995581222E+003   0.4418778274E+000
    127100   0.3995562790E+003   0.4437210128E+000
    127200   0.3995541568E+003   0.4458431603E+000
    127300   0.3995517009E+003   0.4482990841E+000
    127400   0.3995502386E+003   0.4497614287E+000
    127500   0.3995478843E+003   0.4521156659E+000
    127600   0.3995460599E+003   0.4539400761E+000
    127700   0.3995435194E+003   0.4564806274E+000
    127800   0.3995416322E+003   0.4583678318E+000
    127900   0.3995390413E+003   0.4609586936E+000
    128000   0.3995367729E+003   0.4632270914E+000
    128100   0.3995352114E+003   0.4647885821E+000
    128200   0.3995335994E+003   0.4664006174E+000
    128300   0.3995312668E+003   0.4687332022E+000
    128400   0.3995305374E+003   0.4694625697E+000
    128500   0.3995282973E+003   0.4717027374E+000
    128600   0.3995264288E+003   0.4735711570E+000
    128700   0.3995232200E+003   0.4767800183E+000
    128800   0.3995207580E+003   0.4792419983E+000
    128900   0.3995184943E+003   0.4815056628E+000
    129000   0.3995169244E+003   0.4830756351E+000
    129100   0.3995149899E+003   0.4850100519E+000
    129200   0.3995132560E+003   0.4867439874E+000
    129300   0.3995114975E+003   0.4885025240E+000
    129400   0.3995110007E+003   0.4889993269E+000
    129500   0.3995092360E+003   0.4907639520E+000
    129600   0.3995069519E+003   0.4930481486E+000
    129700   0.3995031605E+003   0.4968394833E+000
    129800   0.3995009820E+003   0.4990179668E+000
    129900   0.3994991408E+003   0.5008592252E+000
    130000   0.3994970887E+003   0.5029113381E+000
    130100   0.3994956621E+003   0.5043378663E+000
    130200   0.3994938349E+003   0.5061651368E+000
    130300   0.3994912258E+003   0.5087741931E+000
    130400   0.3994895810E+003   0.5104189843E+000
    130500   0.3994873449E+003   0.5126551059E+000
    130600   0.3994853882E+003   0.5146118459E+000
    130700   0.3994834929E+003   0.5165070895E+000
    130800   0.3994812251E+003   0.5187749126E+000
    130900   0.3994798167E+003   0.5201833480E+000
    131000   0.3994776881E+003   0.5223118557E+000
    131100   0.3994748212E+003   0.5251787744E+000
    131200   0.3994721079E+003   0.5278921395E+000
    131300   0.3994698256E+003   0.5301744025E+000
    131400   0.3994677587E+003   0.5322412929E+000
    131500   0.3994659023E+003   0.5340976625E+000
    131600   0.3994642941E+003   0.5357059232E+000
    131700   0.3994622019E+003   0.5377981283E+000
    131800   0.3994609882E+003   0.5390118187E+000
    131900   0.3994583925E+003   0.5416074584E+000
    132000   0.3994566787E+003   0.5433213227E+000
    132100   0.3994552587E+003   0.5447413039E+000
    132200   0.3994534747E+003   0.5465252822E+000
    132300   0.3994513459E+003   0.5486540873E+000
    132400   0.3994496886E+003   0.5503114049E+000
    132500   0.3994483234E+003   0.5516765672E+000
    132600   0.3994460687E+003   0.5539313308E+000
    132700   0.3994436747E+003   0.5563252992E+000
    132800   0.3994417561E+003   0.5582438564E+000
    132900   0.3994396694E+003   0.5603305647E+000
    133000   0.3994369292E+003   0.5630707680E+000
    133100   0.3994354353E+003   0.5645647167E+000
    133200   0.3994337088E+003   0.5662911613E+000
    133300   0.3994309774E+003   0.5690225717E+000
    133400   0.3994291981E+003   0.5708019229E+000
    133500   0.3994270405E+003   0.5729595410E+000
    133600   0.3994250660E+003   0.5749339728E+000
    133700   0.3994235568E+003   0.5764431997E+000
    133800   0.3994217017E+003   0.5782982609E+000
    133900   0.3994196439E+003   0.5803560627E+000
    134000   0.3994179845E+003   0.5820154568E+000
    134100   0.3994167786E+003   0.5832213559E+000
    134200   0.3994153963E+003   0.5846037102E+000
    134300   0.3994133789E+003   0.5866211379E+000
    134400   0.3994114822E+003   0.5885177792E+000
    134500   0.3994089653E+003   0.5910346625E+000
    134600   0.3994069754E+003   0.5930246182E+000
    134700   0.3994052243E+003   0.5947756628E+000
    134800   0.3994037270E+003   0.5962730254E+000
    134900   0.3994019336E+003   0.5980663705E+000
    135000   0.3994007554E+003   0.5992445558E+000
    135100   0.3993990631E+003   0.6009368874E+000
    135200   0.3993971473E+003   0.6028526714E+000
    135300   0.3993952219E+003   0.6047780949E+000
    135400   0.3993935127E+003   0.6064872544E+000
    135500   0.3993912182E+003   0.6087818097E+000
    135600   0.3993890894E+003   0.6109105882E+000
    135700   0.3993870837E+003   0.6129162879E+000
    135800   0.3993851226E+003   0.6148773859E+000
    135900   0.3993837834E+003   0.6162165528E+000
    136000   0.3993817914E+003   0.6182085785E+000
    136100   0.3993800903E+003   0.6199096875E+000
    136200   0.3993790566E+003   0.6209434434E+000
    136300   0.3993773915E+003   0.6226085130E+000
    136400   0.3993761675E+003   0.6238324548E+000
    136500   0.3993741904E+003   0.6258095875E+000
    136600   0.3993723216E+003   0.6276783613E+000
    136700   0.3993713304E+003   0.6286696372E+000
    136800   0.3993687661E+003   0.6312339064E+000
    136900   0.3993670946E+003   0.6329054371E+000
    137000   0.3993656978E+003   0.6343021887E+000
    137100   0.3993641530E+003   0.6358469883E+000
    137200   0.3993626859E+003   0.6373141373E+000
    137300   0.3993604259E+003   0.6395741304E+000
    137400   0.3993589727E+003   0.6410272736E+000
    137500   0.3993577730E+003   0.6422269936E+000
    137600   0.3993560692E+003   0.6439308224E+000
    137700   0.3993551146E+003   0.6448853623E+000
    137800   0.3993532199E+003   0.6467801424E+000
    137900   0.3993521050E+003   0.6478950215E+000
    138000   0.3993504172E+003   0.6495828228E+000
    138100   0.3993488406E+003   0.6511593501E+000
    138200   0.3993468691E+003   0.6531309361E+000
    138300   0.3993453609E+003   0.6546391390E+000
    138400   0.3993437752E+003   0.6562248312E+000
    138500   0.3993430808E+003   0.6569192134E+000
    138600   0.3993424869E+003   0.6575131290E+000
    138700   0.3993418784E+003   0.6581215991E+000
    138800   0.3993411521E+003   0.6588479180E+000
    138900   0.3993404353E+003   0.6595646532E+000
    139000   0.3993397920E+003   0.6602079697E+000
    139100   0.3993392123E+003   0.6607877230E+000
    139200   0.3993386667E+003   0.6613332955E+000
    139300   0.3993381760E+003   0.6618240225E+000
    139400   0.3993376460E+003   0.6623540413E+000
    139500   0.3993372023E+003   0.6627977124E+000
    139600   0.3993365812E+003   0.6634187507E+000
    139700   0.3993360988E+003   0.6639011509E+000
    139800   0.3993352476E+003   0.6647524186E+000
    139900   0.3993345102E+003   0.6654897531E+000
    140000   0.3993339049E+003   0.6660950584E+000
    140100   0.3993332224E+003   0.6667776402E+000
    140200   0.3993327304E+003   0.6672696085E+000
    140300   0.3993319064E+003   0.6680935525E+000
    140400   0.3993316099E+003   0.6683900952E+000
    140500   0.3993307607E+003   0.6692392844E+000
    140600   0.3993302903E+003   0.6697096659E+000
    140700   0.3993296954E+003   0.6703045540E+000
    140800   0.3993290989E+003   0.6709011358E+000
    140900   0.3993284073E+003   0.6715927200E+000
    141000   0.3993277137E+003   0.6722862650E+000
    141100   0.3993271305E+003   0.6728695041E+000
    141200   0.3993265995E+003   0.6734005357E+000
    141300   0.3993261519E+003   0.6738480589E+000
    141400   0.3993252613E+003   0.6747387119E+000
    141500   0.3993246357E+003   0.6753643219E+000
    141600   0.3993240567E+003   0.6759433277E+000
    141700   0.3993234840E+003   0.6765159897E+000
    141800   0.3993231563E+003   0.6768437426E+000
    141900   0.3993221462E+003   0.6778538498E+000
    142000   0.3993212851E+003   0.6787149353E+000
    142100   0.3993201687E+003   0.6798312741E+000
    142200   0.3993186191E+003   0.6813809272E+000
    142300   0.3993173727E+003   0.6826272627E+000
    142400   0.3993160355E+003   0.6839644732E+000
    142500   0.3993147643E+003   0.6852357087E+000
    142600   0.3993127336E+003   0.6872664459E+000
    142700   0.3993114688E+003   0.6885311802E+000
    142800   0.3993098738E+003   0.6901262394E+000
    142900   0.3993093927E+003   0.6906073263E+000
    143000   0.3993087823E+003   0.6912177207E+000
    143100   0.3993082828E+003   0.6917172143E+000
    143200   0.3993102498E+003   0.6897502306E+000
    143300   0.3993144235E+003   0.6855764502E+000
    143400   0.3993169993E+003   0.6830007487E+000
    143500   0.3993163839E+003   0.6836160978E+000
    143600   0.3993195265E+003   0.6804735181E+000
    143700   0.3993239760E+003   0.6760240227E+000
    143800   0.3993282393E+003   0.6717606661E+000
    143900   0.3993327425E+003   0.6672575450E+000
    144000   0.3993368602E+003   0.6631398272E+000
    144100   0.3993410830E+003   0.6589169788E+000
    144200   0.3993437512E+003   0.6562488276E+000
    144300   0.3993469516E+003   0.6530483531E+000
    144400   0.3993499412E+003   0.6500587568E+000
    144500   0.3993531711E+003   0.6468289296E+000
    144600   0.3993574104E+003   0.6425895846E+000
    144700   0.3993609960E+003   0.6390040353E+000
    144800   0.3993651473E+003   0.6348526635E+000
    144900   0.3993653162E+003   0.6346837718E+000
    145000   0.3993647493E+003   0.6352507152E+000
    145100   0.3993643880E+003   0.6356120198E+000
    145200   0.3993638025E+003   0.6361975220E+000
    145300   0.3993633994E+003   0.6366005790E+000
    145400   0.3993629521E+003   0.6370479404E+000
    145500   0.3993623750E+003   0.6376250267E+000
    145600   0.3993618789E+003   0.6381210983E+000
    145700   0.3993612944E+003   0.6387055775E+000
    145800   0.3993606415E+003   0.6393585376E+000
    145900   0.3993600601E+003   0.6399398692E+000
    146000   0.3993593559E+003   0.6406441090E+000
    146100   0.3993589483E+003   0.6410516816E+000
    146200   0.3993581841E+003   0.6418159041E+000
    146300   0.3993577283E+003   0.6422717243E+000
    146400   0.3993571960E+003   0.6428039778E+000
    146500   0.3993565043E+003   0.6434956518E+000
    146600   0.3993561913E+003   0.6438086897E+000
    146700   0.3993556959E+003   0.6443041459E+000
    146800   0.3993550727E+003   0.6449272922E+000
    146900   0.3993544417E+003   0.6455582721E+000
    147000   0.3993539987E+003   0.6460012601E+000
    147100   0.3993533940E+003   0.6466060045E+000
    147200   0.3993529330E+003   0.6470670186E+000
    147300   0.3993523687E+003   0.6476313224E+000
    147400   0.3993518378E+003   0.6481621538E+000
    147500   0.3993513251E+003   0.6486748928E+000
    147600   0.3993528351E+003   0.6471648998E+000
    147700   0.3993522967E+003   0.6477032840E+000
    147800   0.3993518530E+003   0.6481469623E+000
    147900   0.3993513807E+003   0.6486193104E+000
    148000   0.3993509613E+003   0.6490387442E+000
    148100   0.3993504177E+003   0.6495823315E+000
    148200   0.3993498789E+003   0.6501211013E+000
    148300   0.3993493039E+003   0.6506961231E+000
    148400   0.3993487530E+003   0.6512469987E+000
    148500   0.3993479235E+003   0.6520764956E+000
    148600   0.3993474325E+003   0.6525675228E+000
    148700   0.3993466861E+003   0.6533138614E+000
    148800   0.3993460746E+003   0.6539253563E+000
    148900   0.3993455908E+003   0.6544091503E+000
    149000   0.3993450518E+003   0.6549481975E+000
    149100   0.3993444615E+003   0.6555384986E+000
    149200   0.3993441061E+003   0.6558938839E+000
    149300   0.3993434476E+003   0.6565523554E+000
    149400   0.3993430666E+003   0.6569334286E+000
    149500   0.3993425277E+003   0.6574722765E+000
    149600   0.3993438715E+003   0.6561284613E+000
    149700   0.3993470657E+003   0.6529342567E+000
    149800   0.3993508191E+003   0.6491808544E+000
    149900   0.3993544133E+003   0.6455867377E+000
    150000   0.3993581392E+003   0.6418608434E+000
    150100   0.3993618244E+003   0.6381756058E+000
    150200   0.3993654593E+003   0.6345407464E+000
    150300   0.3993682753E+003   0.6317247123E+000
    150400   0.3993714250E+003   0.6285750209E+000
    150500   0.3993744846E+003   0.6255154175E+000
    150600   0.3993772902E+003   0.6227098020E+000
    150700   0.3993804239E+003   0.6195760858E+000
    150800   0.3993827933E+003   0.6172066877E+000
    150900   0.3993853807E+003   0.6146192888E+000
    151000   0.3993884526E+003   0.6115473922E+000
    151100   0.3993914263E+003   0.6085737379E+000
    151200   0.3993943557E+003   0.6056442828E+000
    151300   0.3993975526E+003   0.6024474236E+000
    151400   0.3994000545E+003   0.5999454718E+000
    151500   0.3994033520E+003   0.5966480181E+000
    151600   0.3994066505E+003   0.5933494866E+000
    151700   0.3994099642E+003   0.5900357695E+000
    151800   0.3994129544E+003   0.5870456497E+000
    151900   0.3994160819E+003   0.5839181211E+000
    152000   0.3994190117E+003   0.5809882609E+000
    152100   0.3994217290E+003   0.5782709707E+000
    152200   0.3994247872E+003   0.5752128487E+000
    152300   0.3994280366E+003   0.5719634353E+000
    152400   0.3994309614E+003   0.5690386021E+000
    152500   0.3994339410E+003   0.5660590241E+000
    152600   0.3994366968E+003   0.5633031960E+000
    152700   0.3994391399E+003   0.5608600801E+000
    152800   0.3994418518E+003   0.5581482342E+000
    152900   0.3994444622E+003   0.5555378075E+000
    153000   0.3994473594E+003   0.5526406036E+000
    153100   0.3994500274E+003   0.5499725614E+000
    153200   0.3994525899E+003   0.5474101215E+000
    153300   0.3994553484E+003   0.5446516268E+000
    153400   0.3994580852E+003   0.5419147875E+000
    153500   0.3994607407E+003   0.5392592514E+000
    153600   0.3994630772E+003   0.5369228006E+000
    153700   0.3994654779E+003   0.5345221487E+000
    153800   0.3994680533E+003   0.5319467258E+000
    153900   0.3994704672E+003   0.5295328157E+000
    154000   0.3994728695E+003   0.5271304886E+000
    154100   0.3994750840E+003   0.5249160014E+000
    154200   0.3994746683E+003   0.5253317330E+000
    154300   0.3994741384E+003   0.5258615704E+000
    154400   0.3994738209E+003   0.5261791253E+000
    154500   0.3994730702E+003   0.5269298073E+000
    154600   0.3994726418E+003   0.5273582224E+000
    154700   0.3994721615E+003   0.5278385500E+000
    154800   0.3994716337E+003   0.5283662713E+000
    154900   0.3994710074E+003   0.5289925598E+000
    155000   0.3994703249E+003   0.5296751252E+000
    155100   0.3994696817E+003   0.5303183083E+000
    155200   0.3994690388E+003   0.5309612410E+000
    155300   0.3994683482E+003   0.5316518107E+000
    155400   0.3994678561E+003   0.5321438970E+000
    155500   0.3994674841E+003   0.5325158650E+000
    155600   0.3994668424E+003   0.5331576403E+000
    155700   0.3994662453E+003   0.5337546630E+000
    155800   0.3994657291E+003   0.5342708526E+000
    155900   0.3994651286E+003   0.5348714226E+000
    156000   0.3994645338E+003   0.5354661539E+000
    156100   0.3994639147E+003   0.5360853310E+000
    156200   0.3994634705E+003   0.5365295275E+000
    156300   0.3994630559E+003   0.5369440536E+000
    156400   0.3994623804E+003   0.5376195586E+000
    156500   0.3994624660E+003   0.5375339682E+000
    156600   0.3994620016E+003   0.5379983920E+000
    156700   0.3994615324E+003   0.5384675576E+000
    156800   0.3994612270E+003   0.5387730058E+000
    156900   0.3994605148E+003   0.5394852194E+000
    157000   0.3994597257E+003   0.5402743412E+000
    157100   0.3994581834E+003   0.5418165612E+000
    157200   0.3994575100E+003   0.5424900246E+000
    157300   0.3994562853E+003   0.5437146852E+000
    157400   0.3994552013E+003   0.5447986838E+000
    157500   0.3994543148E+003   0.5456851661E+000
    157600   0.3994533234E+003   0.5466766489E+000
    157700   0.3994522334E+003   0.5477666042E+000
    157800   0.3994511122E+003   0.5488878458E+000
    157900   0.3994500261E+003   0.5499739255E+000
    158000   0.3994492557E+003   0.5507442620E+000
    158100   0.3994480479E+003   0.5519520504E+000
    158200   0.3994465579E+003   0.5534421099E+000
    158300   0.3994457703E+003   0.5542296876E+000
    158400   0.3994443671E+003   0.5556329275E+000
    158500   0.3994429278E+003   0.5570721602E+000
    158600   0.3994420157E+003   0.5579842967E+000
    158700   0.3994416334E+003   0.5583666024E+000
    158800   0.3994408760E+003   0.5591239695E+000
    158900   0.3994415851E+003   0.5584149377E+000
    159000   0.3994411969E+003   0.5588030651E+000
    159100   0.3994407389E+003   0.5592610725E+000
    159200   0.3994401607E+003   0.5598392689E+000
    159300   0.3994395615E+003   0.5604384531E+000
    159400   0.3994390698E+003   0.5609301875E+000
    159500   0.3994385321E+003   0.5614678766E+000
    159600   0.3994380910E+003   0.5619090301E+000
    159700   0.3994371918E+003   0.5628081614E+000
    159800   0.3994366542E+003   0.5633457524E+000
    159900   0.3994356164E+003   0.5643835561E+000
    160000   0.3994344304E+003   0.5655696177E+000
    160100   0.3994331195E+003   0.5668805003E+000
    160200   0.3994321751E+003   0.5678248569E+000
    160300   0.3994313902E+003   0.5686097785E+000
    160400   0.3994302931E+003   0.5697068659E+000
    160500   0.3994294521E+003   0.5705478736E+000
    160600   0.3994280737E+003   0.5719263100E+000
    160700   0.3994266465E+003   0.5733535462E+000
    160800   0.3994253451E+003   0.5746548617E+000
    160900   0.3994246945E+003   0.5753054884E+000
    161000   0.3994242863E+003   0.5757136940E+000
    161100   0.3994238450E+003   0.5761549874E+000
    161200   0.3994233659E+003   0.5766341140E+000
    161300   0.3994226642E+003   0.5773357924E+000
    161400   0.3994221553E+003   0.5778447214E+000
    161500   0.3994216295E+003   0.5783704895E+000
    161600   0.3994210276E+003   0.5789723834E+000
    161700   0.3994205534E+003   0.5794466053E+000
    161800   0.3994200562E+003   0.5799438249E+000
    161900   0.3994197082E+003   0.5802917656E+000
    162000   0.3994192661E+003   0.5807339116E+000
    162100   0.3994186928E+003   0.5813071930E+000
    162200   0.3994182633E+003   0.5817366675E+000
    162300   0.3994176222E+003   0.5823777835E+000
    162400   0.3994170284E+003   0.5829715825E+000
    162500   0.3994164590E+003   0.5835410460E+000
    162600   0.3994160326E+003   0.5839673652E+000
    162700   0.3994153671E+003   0.5846328767E+000
    162800   0.3994149672E+003   0.5850327901E+000
    162900   0.3994144624E+003   0.5855376056E+000
    163000   0.3994140488E+003   0.5859511688E+000
    163100   0.3994136736E+003   0.5863263993E+000
    163200   0.3994131205E+003   0.5868795288E+000
    163300   0.3994128156E+003   0.5871843523E+000
    163400   0.3994120778E+003   0.5879222222E+000
    163500   0.3994111253E+003   0.5888747263E+000
    163600   0.3994099851E+003   0.5900148733E+000
    163700   0.3994091821E+003   0.5908179289E+000
    163800   0.3994082149E+003   0.5917851368E+000
    163900   0.3994072499E+003   0.5927501429E+000
    164000   0.3994064790E+003   0.5935210022E+000
    164100   0.3994057533E+003   0.5942466800E+000
    164200   0.3994044906E+003   0.5955093598E+000
    164300   0.3994035656E+003   0.5964344329E+000
    164400   0.3994030911E+003   0.5969089482E+000
    164500   0.3994020986E+003   0.5979014484E+000
    164600   0.3994014494E+003   0.5985506484E+000
    164700   0.3994009460E+003   0.5990539953E+000
    164800   0.3994005087E+003   0.5994912975E+000
    164900   0.3994000628E+003   0.5999371893E+000
    165000   0.3993995393E+003   0.6004606652E+000
    165100   0.3994010013E+003   0.5989986520E+000
    165200   0.3994030540E+003   0.5969460500E+000
    165300   0.3994051268E+003   0.5948731524E+000
    165400   0.3994048408E+003   0.5951591507E+000
    165500   0.3994044450E+003   0.5955549538E+000
    165600   0.3994041193E+003   0.5958807200E+000
    165700   0.3994037238E+003   0.5962761685E+000
    165800   0.3994033033E+003   0.5966967026E+000
    165900   0.3994028765E+003   0.5971235091E+000
    166000   0.3994023619E+003   0.5976381387E+000
    166100   0.3994021793E+003   0.5978206858E+000
    166200   0.3994016923E+003   0.5983077180E+000
    166300   0.3994014735E+003   0.5985265474E+000
    166400   0.3994009892E+003   0.5990108454E+000
    166500   0.3994003820E+003   0.5996180369E+000
    166600   0.3993999544E+003   0.6000456341E+000
    166700   0.3993996406E+003   0.6003593950E+000
    166800   0.3993991924E+003   0.6008076297E+000
    166900   0.3993986915E+003   0.6013085398E+000
    167000   0.3993982723E+003   0.6017276931E+000
    167100   0.3993978799E+003   0.6021201152E+000
    167200   0.3993974969E+003   0.6025030689E+000
    167300   0.3993971055E+003   0.6028945236E+000
    167400   0.3993966272E+003   0.6033728326E+000
    167500   0.3993962406E+003   0.6037593774E+000
    167600   0.3993958586E+003   0.6041413841E+000
    167700   0.3993955050E+003   0.6044949665E+000
    167800   0.3993958047E+003   0.6041953271E+000
    167900   0.3993979628E+003   0.6020371672E+000
    168000   0.3994000483E+003   0.5999517305E+000
    168100   0.3994016601E+003   0.5983399383E+000
    168200   0.3994036526E+003   0.5963474111E+000
    168300   0.3994055768E+003   0.5944232355E+000
    168400   0.3994058148E+003   0.5941852307E+000
    168500   0.3994055138E+003   0.5944861700E+000
    168600   0.3994051733E+003   0.5948267070E+000
    168700   0.3994048659E+003   0.5951340963E+000
    168800   0.3994043542E+003   0.5956458289E+000
    168900   0.3994037530E+003   0.5962470055E+000
    169000   0.3994032872E+003   0.5967127586E+000
    169100   0.3994029031E+003   0.5970968944E+000
    169200   0.3994024475E+003   0.5975525127E+000
    169300   0.3994021134E+003   0.5978866419E+000
    169400   0.3994017512E+003   0.5982487879E+000
    169500   0.3994014769E+003   0.5985230919E+000
    169600   0.3994010337E+003   0.5989663457E+000
    169700   0.3994006413E+003   0.5993587071E+000
    169800   0.3994000571E+003   0.5999428523E+000
    169900   0.3993996911E+003   0.6003089343E+000
    170000   0.3993992112E+003   0.6007888255E+000
    170100   0.3993988707E+003   0.6011292890E+000
    170200   0.3993984416E+003   0.6015584183E+000
    170300   0.3993979129E+003   0.6020870522E+000
    170400   0.3993973885E+003   0.6026114820E+000
    170500   0.3993970689E+003   0.6029311403E+000
    170600   0.3993966500E+003   0.6033500122E+000
    170700   0.3993963378E+003   0.6036621581E+000
    170800   0.3993961125E+003   0.6038875084E+000
    170900   0.3993957499E+003   0.6042501240E+000
    171000   0.3993952081E+003   0.6047918894E+000
    171100   0.3993950796E+003   0.6049203757E+000
    171200   0.3993946322E+003   0.6053678495E+000
    171300   0.3993940021E+003   0.6059978643E+000
    171400   0.3993932650E+003   0.6067350424E+000
    171500   0.3993925031E+003   0.6074969395E+000
    171600   0.3993914187E+003   0.6085813488E+000
    171700   0.3993902022E+003   0.6097977550E+000
    171800   0.3993890698E+003   0.6109302073E+000
    171900   0.3993881197E+003   0.6118803042E+000
    172000   0.3993875182E+003   0.6124817756E+000
    172100   0.3993864949E+003   0.6135050823E+000
    172200   0.3993853730E+003   0.6146270337E+000
    172300   0.3993843994E+003   0.6156006193E+000
    172400   0.3993835369E+003   0.6164631171E+000
    172500   0.3993822864E+003   0.6177136240E+000
    172600   0.3993815982E+003   0.6184017868E+000
    172700   0.3993806671E+003   0.6193328838E+000
    172800   0.3993801628E+003   0.6198371724E+000
    172900   0.3993793572E+003   0.6206427758E+000
    173000   0.3993786805E+003   0.6213194623E+000
    173100   0.3993780160E+003   0.6219839980E+000
    173200   0.3993771677E+003   0.6228322659E+000
    173300   0.3993762981E+003   0.6237018789E+000
    173400   0.3993753705E+003   0.6246295439E+000
    173500   0.3993747686E+003   0.6252313840E+000
    173600   0.3993741742E+003   0.6258257681E+000
    173700   0.3993739628E+003   0.6260371578E+000
    173800   0.3993735931E+003   0.6264068626E+000
    173900   0.3993731028E+003   0.6268971510E+000
    174000   0.3993727768E+003   0.6272232017E+000
    174100   0.3993723877E+003   0.6276123074E+000
    174200   0.3993719199E+003   0.6280801301E+000
    174300   0.3993716378E+003   0.6283621586E+000
    174400   0.3993714193E+003   0.6285806502E+000
    174500   0.3993708649E+003   0.6291351139E+000
    174600   0.3993703018E+003   0.6296981632E+000
    174700   0.3993691398E+003   0.6308601744E+000
    174800   0.3993687049E+003   0.6312950960E+000
    174900   0.3993678105E+003   0.6321894589E+000
    175000   0.3993667205E+003   0.6332794588E+000
    175100   0.3993657384E+003   0.6342615865E+000
    175200   0.3993648814E+003   0.6351186066E+000
    175300   0.3993643265E+003   0.6356735316E+000
    175400   0.3993639379E+003   0.6360621031E+000
    175500   0.3993634881E+003   0.6365118523E+000
    175600   0.3993631391E+003   0.6368608514E+000
    175700   0.3993626341E+003   0.6373658635E+000
    175800   0.3993622459E+003   0.6377540859E+000
    175900   0.3993617993E+003   0.6382006514E+000
    176000   0.3993614805E+003   0.6385195208E+000
    176100   0.3993611266E+003   0.6388734026E+000
    176200   0.3993607110E+003   0.6392889858E+000
    176300   0.3993603889E+003   0.6396111315E+000
    176400   0.3993599419E+003   0.6400581400E+000
    176500   0.3993596374E+003   0.6403625842E+000
    176600   0.3993594125E+003   0.6405874622E+000
    176700   0.3993590036E+003   0.6409963894E+000
    176800   0.3993588935E+003   0.6411065293E+000
    176900   0.3993588419E+003   0.6411580804E+000
    177000   0.3993584161E+003   0.6415838703E+000
    177100   0.3993580755E+003   0.6419245194E+000
    177200   0.3993576583E+003   0.6423416513E+000
    177300   0.3993573453E+003   0.6426547284E+000
    177400   0.3993570881E+003   0.6429119420E+000
    177500   0.3993568165E+003   0.6431834697E+000
    177600   0.3993565166E+003   0.6434834254E+000
    177700   0.3993561756E+003   0.6438244123E+000
    177800   0.3993553947E+003   0.6446053203E+000
    177900   0.3993544142E+003   0.6455857947E+000
    178000   0.3993537741E+003   0.6462258811E+000
    178100   0.3993534581E+003   0.6465419240E+000
    178200   0.3993530012E+003   0.6469988397E+000
    178300   0.3993523898E+003   0.6476101947E+000
    178400   0.3993514850E+003   0.6485149867E+000
    178500   0.3993507863E+003   0.6492136563E+000
    178600   0.3993496205E+003   0.6503795130E+000
    178700   0.3993483982E+003   0.6516018252E+000
    178800   0.3993473518E+003   0.6526481890E+000
    178900   0.3993468628E+003   0.6531372314E+000
    179000   0.3993457069E+003   0.6542931472E+000
    179100   0.3993449179E+003   0.6550821073E+000
    179200   0.3993438700E+003   0.6561299962E+000
    179300   0.3993430979E+003   0.6569021173E+000
    179400   0.3993423172E+003   0.6576828455E+000
    179500   0.3993414599E+003   0.6585401341E+000
    179600   0.3993403551E+003   0.6596448851E+000
    179700   0.3993396845E+003   0.6603155379E+000
    179800   0.3993383714E+003   0.6616286480E+000
    179900   0.3993379437E+003   0.6620562750E+000
    180000   0.3993375105E+003   0.6624894797E+000
    180100   0.3993366262E+003   0.6633738062E+000
    180200   0.3993360236E+003   0.6639763522E+000
    180300   0.3993355220E+003   0.6644780413E+000
    180400   0.3993345597E+003   0.6654403263E+000
    180500   0.3993340229E+003   0.6659771015E+000
    180600   0.3993333607E+003   0.6666392770E+000
    180700   0.3993329024E+003   0.6670975748E+000
    180800   0.3993326737E+003   0.6673262618E+000
    180900   0.3993323143E+003   0.6676856652E+000
    181000   0.3993320462E+003   0.6679538235E+000
    181100   0.3993317477E+003   0.6682522740E+000
    181200   0.3993314517E+003   0.6685482610E+000
    181300   0.3993311984E+003   0.6688015596E+000
    181400   0.3993309338E+003   0.6690662106E+000
    181500   0.3993305643E+003   0.6694357327E+000
    181600   0.3993303091E+003   0.6696909090E+000
    181700   0.3993299253E+003   0.6700747382E+000
    181800   0.3993296769E+003   0.6703231447E+000
    181900   0.3993293927E+003   0.6706072657E+000
    182000   0.3993290918E+003   0.6709081967E+000
    182100   0.3993287357E+003   0.6712642739E+000
    182200   0.3993283749E+003   0.6716251143E+000
    182300   0.3993280359E+003   0.6719640998E+000
    182400   0.3993277767E+003   0.6722233469E+000
    182500   0.3993273875E+003   0.6726124667E+000
    182600   0.3993270999E+003   0.6729001463E+000
    182700   0.3993267570E+003   0.6732430177E+000
    182800   0.3993265032E+003   0.6734968344E+000
    182900   0.3993278991E+003   0.6721009478E+000
    183000   0.3993283499E+003   0.6716500504E+000
    183100   0.3993281124E+003   0.6718875755E+000
    183200   0.3993278441E+003   0.6721559235E+000
    183300   0.3993276959E+003   0.6723040856E+000
    183400   0.3993273191E+003   0.6726809084E+000
    183500   0.3993270252E+003   0.6729748195E+000
    183600   0.3993267012E+003   0.6732988200E+000
    183700   0.3993264190E+003   0.6735810477E+000
    183800   0.3993260718E+003   0.6739282489E+000
    183900   0.3993258275E+003   0.6741725020E+000
    184000   0.3993254803E+003   0.6745196578E+000
    184100   0.3993253544E+003   0.6746456322E+000
    184200   0.3993249813E+003   0.6750187058E+000
    184300   0.3993246424E+003   0.6753576169E+000
    184400   0.3993243550E+003   0.6756450417E+000
    184500   0.3993240670E+003   0.6759329870E+000
    184600   0.3993236974E+003   0.6763026223E+000
    184700   0.3993234606E+003   0.6765393628E+000
    184800   0.3993232362E+003   0.6767638445E+000
    184900   0.3993229131E+003   0.6770868906E+000
    185000   0.3993226311E+003   0.6773689166E+000
    185100   0.3993222472E+003   0.6777528093E+000
    185200   0.3993219511E+003   0.6780489155E+000
    185300   0.3993217937E+003   0.6782062695E+000
    185400   0.3993215061E+003   0.6784939102E+000
    185500   0.3993212070E+003   0.6787929641E+000
    185600   0.3993209189E+003   0.6790810967E+000
    185700   0.3993201694E+003   0.6798306462E+000
    185800   0.3993194946E+003   0.6805053674E+000
    185900   0.3993185014E+003   0.6814985901E+000
    186000   0.3993175798E+003   0.6824202082E+000
    186100   0.3993169089E+003   0.6830911477E+000
    186200   0.3993164919E+003   0.6835080840E+000
    186300   0.3993152594E+003   0.6847405809E+000
    186400   0.3993145508E+003   0.6854491543E+000
    186500   0.3993138795E+003   0.6861205362E+000
    186600   0.3993129338E+003   0.6870661998E+000
    186700   0.3993124511E+003   0.6875488857E+000
    186800   0.3993115584E+003   0.6884415651E+000
    186900   0.3993108579E+003   0.6891420686E+000
    187000   0.3993100763E+003   0.6899237356E+000
    187100   0.3993091740E+003   0.6908260237E+000
    187200   0.3993083221E+003   0.6916779490E+000
    187300   0.3993075806E+003   0.6924193782E+000
    187400   0.3993069693E+003   0.6930307407E+000
    187500   0.3993059959E+003   0.6940041068E+000
    187600   0.3993053653E+003   0.6946347212E+000
    187700   0.3993048245E+003   0.6951755145E+000
    187800   0.3993041017E+003   0.6958982894E+000
    187900   0.3993033995E+003   0.6966004634E+000
    188000   0.3993025153E+003   0.6974846799E+000
    188100   0.3993012426E+003   0.6987573917E+000
    188200   0.3993005408E+003   0.6994591874E+000
    188300   0.3992999130E+003   0.7000869703E+000
    188400   0.3992988235E+003   0.7011764873E+000
    188500   0.3992981057E+003   0.7018942889E+000
    188600   0.3992977512E+003   0.7022487580E+000
    188700   0.3992966494E+003   0.7033506335E+000
    188800   0.3992954553E+003   0.7045446615E+000
    188900   0.3992947933E+003   0.7052066753E+000
    189000   0.3992936676E+003   0.7063324308E+000
    189100   0.3992925159E+003   0.7074840830E+000
    189200   0.3992914644E+003   0.7085355709E+000
    189300   0.3992908056E+003   0.7091944377E+000
    189400   0.3992894741E+003   0.7105258765E+000
    189500   0.3992886214E+003   0.7113786462E+000
    189600   0.3992877877E+003   0.7122123242E+000
    189700   0.3992867702E+003   0.7132298211E+000
    189800   0.3992861055E+003   0.7138944541E+000
    189900   0.3992850909E+003   0.7149091141E+000
    190000   0.3992845349E+003   0.7154651404E+000
    190100   0.3992839137E+003   0.7160862570E+000
    190200   0.3992829853E+003   0.7170147181E+000
    190300   0.3992827713E+003   0.7172287319E+000
    190400   0.3992818898E+003   0.7181102235E+000
    190500   0.3992805907E+003   0.7194092663E+000
    190600   0.3992796392E+003   0.7203608177E+000
    190700   0.3992790915E+003   0.7209085440E+000
    190800   0.3992779522E+003   0.7220477913E+000
    190900   0.3992771651E+003   0.7228348762E+000
    191000   0.3992764195E+003   0.7235804622E+000
    191100   0.3992755751E+003   0.7244248942E+000
    191200   0.3992748522E+003   0.7251477672E+000
    191300   0.3992741569E+003   0.7258430774E+000
    191400   0.3992733035E+003   0.7266964791E+000
    191500   0.3992725613E+003   0.7274386517E+000
    191600   0.3992716714E+003   0.7283286440E+000
    191700   0.3992711912E+003   0.7288088437E+000
    191800   0.3992706375E+003   0.7293624740E+000
    191900   0.3992693794E+003   0.7306206006E+000
    192000   0.3992685848E+003   0.7314151917E+000
    192100   0.3992677478E+003   0.7322521618E+000
    192200   0.3992671507E+003   0.7328492986E+000
    192300   0.3992660926E+003   0.7339073998E+000
    192400   0.3992649657E+003   0.7350343337E+000
    192500   0.3992644281E+003   0.7355718512E+000
    192600   0.3992627010E+003   0.7372990430E+000
    192700   0.3992619528E+003   0.7380472297E+000
    192800   0.3992612476E+003   0.7387523737E+000
    192900   0.3992604411E+003   0.7395588546E+000
    193000   0.3992593791E+003   0.7406209476E+000
    193100   0.3992584952E+003   0.7415047966E+000
    193200   0.3992579324E+003   0.7420676224E+000
    193300   0.3992567342E+003   0.7432657632E+000
    193400   0.3992556406E+003   0.7443594412E+000
    193500   0.3992545161E+003   0.7454838638E+000
    193600   0.3992534370E+003   0.7465630115E+000
    193700   0.3992525289E+003   0.7474711070E+000
    193800   0.3992516247E+003   0.7483753088E+000
    193900   0.3992505679E+003   0.7494320674E+000
    194000   0.3992498803E+003   0.7501196926E+000
    194100   0.3992488697E+003   0.7511302619E+000
    194200   0.3992486098E+003   0.7513902343E+000
    194300   0.3992480833E+003   0.7519167418E+000
    194400   0.3992467502E+003   0.7532498264E+000
    194500   0.3992465872E+003   0.7534128043E+000
    194600   0.3992461132E+003   0.7538867838E+000
    194700   0.3992454957E+003   0.7545043172E+000
    194800   0.3992448438E+003   0.7551562147E+000
    194900   0.3992440452E+003   0.7559548302E+000
    195000   0.3992434780E+003   0.7565219636E+000
    195100   0.3992430216E+003   0.7569784026E+000
    195200   0.3992424275E+003   0.7575724768E+000
    195300   0.3992418688E+003   0.7581312306E+000
    195400   0.3992412289E+003   0.7587711431E+000
    195500   0.3992404103E+003   0.7595897019E+000
    195600   0.3992398975E+003   0.7601024664E+000
    195700   0.3992391721E+003   0.7608278917E+000
    195800   0.3992389865E+003   0.7610135440E+000
    195900   0.3992388228E+003   0.7611772000E+000
    196000   0.3992385922E+003   0.7614078084E+000
    196100   0.3992383941E+003   0.7616059415E+000
    196200   0.3992381264E+003   0.7618736459E+000
    196300   0.3992379495E+003   0.7620505054E+000
    196400   0.3992378384E+003   0.7621616393E+000
    196500   0.3992370057E+003   0.7629943047E+000
    196600   0.3992365433E+003   0.7634567252E+000
    196700   0.3992358220E+003   0.7641779844E+000
    196800   0.3992351016E+003   0.7648984467E+000
    196900   0.3992344680E+003   0.7655320315E+000
    197000   0.3992338689E+003   0.7661311467E+000
    197100   0.3992331107E+003   0.7668893497E+000
    197200   0.3992327027E+003   0.7672973119E+000
    197300   0.3992320023E+003   0.7679977211E+000
    197400   0.3992311401E+003   0.7688598766E+000
    197500   0.3992307514E+003   0.7692485504E+000
    197600   0.3992297816E+003   0.7702184299E+000
    197700   0.3992294644E+003   0.7705355632E+000
    197800   0.3992292260E+003   0.7707739745E+000
    197900   0.3992290104E+003   0.7709895838E+000
    198000   0.3992287598E+003   0.7712402062E+000
    198100   0.3992285313E+003   0.7714686616E+000
    198200   0.3992282976E+003   0.7717023751E+000
    198300   0.3992281748E+003   0.7718252324E+000
    198400   0.3992279359E+003   0.7720640565E+000
    198500   0.3992279147E+003   0.7720853004E+000
    198600   0.3992277452E+003   0.7722547571E+000
    198700   0.3992275679E+003   0.7724321464E+000
    198800   0.3992273798E+003   0.7726201860E+000
    198900   0.3992271941E+003   0.7728059446E+000
    199000   0.3992269800E+003   0.7730200258E+000
    199100   0.3992268123E+003   0.7731877312E+000
    199200   0.3992266884E+003   0.7733115756E+000
    199300   0.3992265156E+003   0.7734843810E+000
    199400   0.3992264426E+003   0.7735574093E+000
    199500   0.3992276781E+003   0.7723219404E+000
    199600   0.3992299385E+003   0.7700614810E+000
    199700   0.3992315465E+003   0.7684534930E+000
    199800   0.3992327728E+003   0.7672271986E+000
    199900   0.3992333565E+003   0.7666434977E+000
    200000   0.3992355675E+003   0.7644324613E+000
    200100   0.3992368277E+003   0.7631723272E+000
    200200   0.3992366507E+003   0.7633493383E+000
    200300   0.3992364526E+003   0.7635474059E+000
    200400   0.3992365641E+003   0.7634359418E+000
    200500   0.3992363641E+003   0.7636359114E+000
    200600   0.3992360824E+003   0.7639176300E+000
    200700   0.3992358480E+003   0.7641519793E+000
    200800   0.3992355735E+003   0.7644265476E+000
    200900   0.3992353488E+003   0.7646512335E+000
    201000   0.3992351825E+003   0.7648174816E+000
    201100   0.3992349530E+003   0.7650470121E+000
    201200   0.3992348322E+003   0.7651677799E+000
    201300   0.3992346945E+003   0.7653055081E+000
    201400   0.3992345335E+003   0.7654664708E+000
    201500   0.3992351748E+003   0.7648251501E+000
    201600   0.3992368882E+003   0.7631118299E+000
    201700   0.3992373177E+003   0.7626822806E+000
    201800   0.3992371442E+003   0.7628558414E+000
    201900   0.3992369025E+003   0.7630975399E+000
    202000   0.3992366854E+003   0.7633145585E+000
    202100   0.3992363583E+003   0.7636417005E+000
    202200   0.3992362421E+003   0.7637579233E+000
    202300   0.3992359909E+003   0.7640090535E+000
    202400   0.3992359072E+003   0.7640927895E+000
    202500   0.3992357974E+003   0.7642026259E+000
    202600   0.3992356262E+003   0.7643737953E+000
    202700   0.3992359598E+003   0.7640402482E+000
    202800   0.3992375767E+003   0.7624233105E+000
    202900   0.3992373689E+003   0.7626310656E+000
    203000   0.3992372096E+003   0.7627904297E+000
    203100   0.3992370010E+003   0.7629990308E+000
    203200   0.3992368402E+003   0.7631597682E+000
    203300   0.3992366530E+003   0.7633470266E+000
    203400   0.3992364068E+003   0.7635932087E+000
    203500   0.3992362526E+003   0.7637473867E+000
    203600   0.3992360697E+003   0.7639303292E+000
    203700   0.3992359158E+003   0.7640842156E+000
    203800   0.3992357821E+003   0.7642178684E+000
    203900   0.3992356480E+003   0.7643520460E+000
    204000   0.3992354848E+003   0.7645152133E+000
    204100   0.3992352641E+003   0.7647359269E+000
    204200   0.3992350684E+003   0.7649315577E+000
    204300   0.3992348639E+003   0.7651361023E+000
    204400   0.3992346746E+003   0.7653254190E+000
    204500   0.3992344816E+003   0.7655183732E+000
    204600   0.3992342931E+003   0.7657068601E+000
    204700   0.3992340517E+003   0.7659483288E+000
    204800   0.3992338853E+003   0.7661147435E+000
    204900   0.3992337068E+003   0.7662932060E+000
    205000   0.3992335004E+003   0.7664996064E+000
    205100   0.3992333089E+003   0.7666911204E+000
    205200   0.3992331169E+003   0.7668830681E+000
    205300   0.3992329407E+003   0.7670592715E+000
    205400   0.3992327809E+003   0.7672191326E+000
    205500   0.3992326094E+003   0.7673905744E+000
    205600   0.3992324647E+003   0.7675352881E+000
    205700   0.3992322431E+003   0.7677568732E+000
    205800   0.3992320856E+003   0.7679143860E+000
    205900   0.3992319911E+003   0.7680089209E+000
    206000   0.3992318470E+003   0.7681529964E+000
    206100   0.3992316130E+003   0.7683869859E+000
    206200   0.3992314243E+003   0.7685757125E+000
    206300   0.3992311827E+003   0.7688173139E+000
    206400   0.3992309952E+003   0.7690047659E+000
    206500   0.3992308107E+003   0.7691893479E+000
    206600   0.3992305431E+003   0.7694569154E+000
    206700   0.3992303744E+003   0.7696256303E+000
    206800   0.3992302463E+003   0.7697537056E+000
    206900   0.3992300674E+003   0.7699325816E+000
    207000   0.3992298170E+003   0.7701829807E+000
    207100   0.3992300563E+003   0.7699437447E+000
    207200   0.3992316591E+003   0.7683408629E+000
    207300   0.3992333895E+003   0.7666104877E+000
    207400   0.3992351455E+003   0.7648544725E+000
    207500   0.3992371849E+003   0.7628151236E+000
    207600   0.3992393395E+003   0.7606604500E+000
    207700   0.3992415381E+003   0.7584619345E+000
    207800   0.3992438533E+003   0.7561466745E+000
    207900   0.3992456573E+003   0.7543426917E+000
    208000   0.3992477084E+003   0.7522915926E+000
    208100   0.3992494662E+003   0.7505337677E+000
    208200   0.3992509890E+003   0.7490109535E+000
    208300   0.3992530091E+003   0.7469909183E+000
    208400   0.3992551379E+003   0.7448620913E+000
    208500   0.3992569457E+003   0.7430542689E+000
    208600   0.3992583772E+003   0.7416228134E+000
    208700   0.3992591570E+003   0.7408430495E+000
    208800   0.3992589733E+003   0.7410267351E+000
    208900   0.3992588308E+003   0.7411692325E+000
    209000   0.3992586791E+003   0.7413208874E+000
    209100   0.3992584358E+003   0.7415641789E+000
    209200   0.3992582325E+003   0.7417675264E+000
    209300   0.3992579743E+003   0.7420257256E+000
    209400   0.3992577797E+003   0.7422203499E+000
    209500   0.3992576472E+003   0.7423528055E+000
    209600   0.3992574496E+003   0.7425504021E+000
    209700   0.3992572767E+003   0.7427233332E+000
    209800   0.3992570882E+003   0.7429117631E+000
    209900   0.3992568657E+003   0.7431343035E+000
    210000   0.3992566898E+003   0.7433101647E+000
    210100   0.3992564895E+003   0.7435105222E+000
    210200   0.3992563334E+003   0.7436665846E+000
    210300   0.3992561388E+003   0.7438612021E+000
    210400   0.3992559103E+003   0.7440896687E+000
    210500   0.3992557844E+003   0.7442155990E+000
    210600   0.3992556302E+003   0.7443697987E+000
    210700   0.3992555157E+003   0.7444842685E+000
    210800   0.3992553522E+003   0.7446477702E+000
    210900   0.3992550826E+003   0.7449174163E+000
    211000   0.3992548438E+003   0.7451562473E+000
    211100   0.3992546672E+003   0.7453327624E+000
    211200   0.3992545063E+003   0.7454937046E+000
    211300   0.3992542965E+003   0.7457035425E+000
    211400   0.3992541889E+003   0.7458111157E+000
    211500   0.3992539891E+003   0.7460109494E+000
    211600   0.3992538589E+003   0.7461410914E+000
    211700   0.3992536032E+003   0.7463968424E+000
    211800   0.3992534112E+003   0.7465888284E+000
    211900   0.3992531950E+003   0.7468049888E+000
    212000   0.3992530067E+003   0.7469933079E+000
    212100   0.3992528127E+003   0.7471873381E+000
    212200   0.3992526658E+003   0.7473342190E+000
    212300   0.3992524968E+003   0.7475032130E+000
    212400   0.3992523294E+003   0.7476706446E+000
    212500   0.3992520756E+003   0.7479244207E+000
    212600   0.3992519108E+003   0.7480892000E+000
    212700   0.3992516523E+003   0.7483476733E+000
    212800   0.3992515071E+003   0.7484929092E+000
    212900   0.3992512929E+003   0.7487070914E+000
    213000   0.3992511262E+003   0.7488738369E+000
    213100   0.3992509375E+003   0.7490625157E+000
    213200   0.3992508132E+003   0.7491867669E+000
    213300   0.3992506291E+003   0.7493708824E+000
    213400   0.3992504378E+003   0.7495622196E+000
    213500   0.3992502267E+003   0.7497732848E+000
    213600   0.3992500802E+003   0.7499197789E+000
    213700   0.3992499227E+003   0.7500772558E+000
    213800   0.3992497008E+003   0.7502991708E+000
    213900   0.3992495699E+003   0.7504301068E+000
    214000   0.3992493523E+003   0.7506476522E+000
    214100   0.3992492280E+003   0.7507720023E+000
    214200   0.3992490573E+003   0.7509426875E+000
    214300   0.3992487725E+003   0.7512275367E+000
    214400   0.3992482011E+003   0.7517989462E+000
    214500   0.3992475664E+003   0.7524335994E+000
    214600   0.3992469896E+003   0.7530103772E+000
    214700   0.3992464026E+003   0.7535974232E+000
    214800   0.3992460853E+003   0.7539147299E+000
    214900   0.3992458249E+003   0.7541750658E+000
    215000   0.3992452999E+003   0.7547001145E+000
    215100   0.3992446273E+003   0.7553726868E+000
    215200   0.3992438165E+003   0.7561835449E+000
    215300   0.3992428138E+003   0.7571862202E+000
    215400   0.3992421576E+003   0.7578424122E+000
    215500   0.3992413522E+003   0.7586478286E+000
    215600   0.3992405923E+003   0.7594076640E+000
    215700   0.3992397419E+003   0.7602580945E+000
    215800   0.3992391186E+003   0.7608813640E+000
    215900   0.3992383676E+003   0.7616323539E+000
    216000   0.3992374780E+003   0.7625219973E+000
    216100   0.3992368904E+003   0.7631095978E+000
    216200   0.3992364335E+003   0.7635664949E+000
    216300   0.3992356668E+003   0.7643331747E+000
    216400   0.3992348682E+003   0.7651317986E+000
    216500   0.3992340691E+003   0.7659308947E+000
    216600   0.3992337181E+003   0.7662819385E+000
    216700   0.3992329173E+003   0.7670826804E+000
    216800   0.3992324301E+003   0.7675698798E+000
    216900   0.3992317959E+003   0.7682041231E+000
    217000   0.3992309818E+003   0.7690182297E+000
    217100   0.3992305687E+003   0.7694313296E+000
    217200   0.3992302806E+003   0.7697194459E+000
    217300   0.3992301616E+003   0.7698384415E+000
    217400   0.3992299644E+003   0.7700356221E+000
    217500   0.3992297784E+003   0.7702215788E+000
    217600   0.3992296265E+003   0.7703735216E+000
    217700   0.3992294923E+003   0.7705076841E+000
    217800   0.3992292916E+003   0.7707084374E+000
    217900   0.3992290835E+003   0.7709165222E+000
    218000   0.3992289394E+003   0.7710605595E+000
    218100   0.3992287750E+003   0.7712250256E+000
    218200   0.3992286226E+003   0.7713774239E+000
    218300   0.3992284255E+003   0.7715744958E+000
    218400   0.3992282644E+003   0.7717356127E+000
    218500   0.3992281018E+003   0.7718981516E+000
    218600   0.3992279502E+003   0.7720498457E+000
    218700   0.3992276966E+003   0.7723033688E+000
    218800   0.3992272638E+003   0.7727361907E+000
    218900   0.3992267938E+003   0.7732062096E+000
    219000   0.3992260839E+003   0.7739160635E+000
    219100   0.3992255842E+003   0.7744157673E+000
    219200   0.3992249948E+003   0.7750051540E+000
    219300   0.3992244540E+003   0.7755460450E+000
    219400   0.3992236629E+003   0.7763371134E+000
    219500   0.3992233718E+003   0.7766281681E+000
    219600   0.3992232737E+003   0.7767262970E+000
    219700   0.3992230833E+003   0.7769166966E+000
    219800   0.3992228713E+003   0.7771286973E+000
    219900   0.3992227306E+003   0.7772694403E+000
    220000   0.3992226182E+003   0.7773817613E+000
    220100   0.3992224373E+003   0.7775627426E+000
    220200   0.3992222566E+003   0.7777434377E+000
    220300   0.3992221464E+003   0.7778536280E+000
    220400   0.3992219321E+003   0.7780678984E+000
    220500   0.3992217505E+003   0.7782494730E+000
    220600   0.3992215499E+003   0.7784500784E+000
    220700   0.3992214561E+003   0.7785439029E+000
    220800   0.3992213069E+003   0.7786931278E+000
    220900   0.3992211563E+003   0.7788437038E+000
    221000   0.3992209305E+003   0.7790694941E+000
    221100   0.3992207913E+003   0.7792086734E+000
    221200   0.3992205982E+003   0.7794017705E+000
    221300   0.3992205014E+003   0.7794986151E+000
    221400   0.3992203115E+003   0.7796885280E+000
    221500   0.3992201023E+003   0.7798977250E+000
    221600   0.3992196110E+003   0.7803889591E+000
    221700   0.3992190945E+003   0.7809054579E+000
    221800   0.3992185054E+003   0.7814946328E+000
    221900   0.3992179362E+003   0.7820637609E+000
    222000   0.3992173607E+003   0.7826393354E+000
    222100   0.3992170458E+003   0.7829542324E+000
    222200   0.3992160997E+003   0.7839003255E+000
    222300   0.3992153503E+003   0.7846497168E+000
    222400   0.3992147948E+003   0.7852051755E+000
    222500   0.3992143115E+003   0.7856885333E+000
    222600   0.3992137059E+003   0.7862941176E+000
    222700   0.3992131299E+003   0.7868700605E+000
    222800   0.3992129546E+003   0.7870454212E+000
    222900   0.3992128805E+003   0.7871195258E+000
    223000   0.3992127570E+003   0.7872429916E+000
    223100   0.3992126288E+003   0.7873711861E+000
    223200   0.3992124595E+003   0.7875405241E+000
    223300   0.3992122978E+003   0.7877021850E+000
    223400   0.3992120960E+003   0.7879039622E+000
    223500   0.3992119847E+003   0.7880153197E+000
    223600   0.3992118373E+003   0.7881626858E+000
    223700   0.3992117145E+003   0.7882854571E+000
    223800   0.3992116059E+003   0.7883940873E+000
    223900   0.3992114538E+003   0.7885461767E+000
    224000   0.3992112606E+003   0.7887394281E+000
    224100   0.3992111146E+003   0.7888854260E+000
    224200   0.3992110149E+003   0.7889851007E+000
    224300   0.3992108450E+003   0.7891549732E+000
    224400   0.3992106535E+003   0.7893464586E+000
    224500   0.3992116514E+003   0.7883485926E+000
    224600   0.3992134872E+003   0.7865127939E+000
    224700   0.3992154751E+003   0.7845249485E+000
    224800   0.3992173512E+003   0.7826488288E+000
    224900   0.3992192025E+003   0.7807975171E+000
    225000   0.3992207444E+003   0.7792555584E+000
    225100   0.3992223865E+003   0.7776135116E+000
    225200   0.3992244382E+003   0.7755618414E+000
    225300   0.3992263280E+003   0.7736720187E+000
    225400   0.3992283126E+003   0.7716874238E+000
    225500   0.3992302298E+003   0.7697701631E+000
    225600   0.3992319212E+003   0.7680788010E+000
    225700   0.3992338887E+003   0.7661112648E+000
    225800   0.3992359129E+003   0.7640871113E+000
    225900   0.3992378740E+003   0.7621259754E+000
    226000   0.3992395458E+003   0.7604541970E+000
    226100   0.3992415190E+003   0.7584810332E+000
    226200   0.3992432633E+003   0.7567366923E+000
    226300   0.3992452516E+003   0.7547484463E+000
    226400   0.3992470524E+003   0.7529476171E+000
    226500   0.3992489362E+003   0.7510638072E+000
    226600   0.3992509070E+003   0.7490930097E+000
    226700   0.3992526007E+003   0.7473993075E+000
    226800   0.3992543889E+003   0.7456111052E+000
    226900   0.3992558835E+003   0.7441165461E+000
    227000   0.3992577305E+003   0.7422694979E+000
    227100   0.3992594947E+003   0.7405052535E+000
    227200   0.3992611367E+003   0.7388633196E+000
    227300   0.3992627473E+003   0.7372526878E+000
    227400   0.3992643938E+003   0.7356062029E+000
    227500   0.3992656300E+003   0.7343700037E+000
    227600   0.3992670382E+003   0.7329617886E+000
    227700   0.3992685811E+003   0.7314189487E+000
    227800   0.3992697831E+003   0.7302169120E+000
    227900   0.3992713549E+003   0.7286450911E+000
    228000   0.3992730265E+003   0.7269735340E+000
    228100   0.3992747643E+003   0.7252356639E+000
    228200   0.3992764543E+003   0.7235456808E+000
    228300   0.3992777092E+003   0.7222907988E+000
    228400   0.3992793294E+003   0.7206706483E+000
    228500   0.3992808942E+003   0.7191057892E+000
    228600   0.3992824567E+003   0.7175433495E+000
    228700   0.3992842438E+003   0.7157561880E+000
    228800   0.3992857012E+003   0.7142987903E+000
    228900   0.3992872498E+003   0.7127501678E+000
    229000   0.3992890364E+003   0.7109635896E+000
    229100   0.3992904771E+003   0.7095228685E+000
    229200   0.3992921906E+003   0.7078094410E+000
    229300   0.3992937965E+003   0.7062035126E+000
    229400   0.3992954642E+003   0.7045358012E+000
    229500   0.3992971131E+003   0.7028868904E+000
    229600   0.3992987924E+003   0.7012075730E+000
    229700   0.3993005397E+003   0.6994602520E+000
    229800   0.3993021732E+003   0.6978268485E+000
    229900   0.3993037333E+003   0.6962666882E+000
    230000   0.3993053927E+003   0.6946072515E+000
    230100   0.3993067342E+003   0.6932658263E+000
    230200   0.3993081234E+003   0.6918765898E+000
    230300   0.3993095241E+003   0.6904759498E+000
    230400   0.3993110077E+003   0.6889922641E+000
    230500   0.3993123924E+003   0.6876076221E+000
    230600   0.3993139019E+003   0.6860981197E+000
    230700   0.3993155653E+003   0.6844347080E+000
    230800   0.3993170193E+003   0.6829806659E+000
    230900   0.3993185012E+003   0.6814988267E+000
    231000   0.3993200309E+003   0.6799690607E+000
    231100   0.3993216477E+003   0.6783523103E+000
    231200   0.3993231511E+003   0.6768488615E+000
    231300   0.3993246157E+003   0.6753842543E+000
    231400   0.3993259532E+003   0.6740468050E+000
    231500   0.3993274439E+003   0.6725561021E+000
    231600   0.3993290344E+003   0.6709656241E+000
    231700   0.3993306125E+003   0.6693875033E+000
    231800   0.3993320380E+003   0.6679620390E+000
    231900   0.3993332538E+003   0.6667461816E+000
    232000   0.3993344307E+003   0.6655693245E+000
    232100   0.3993353001E+003   0.6646998996E+000
    232200   0.3993367880E+003   0.6632120261E+000
    232300   0.3993382075E+003   0.6617925048E+000
    232400   0.3993391667E+003   0.6608333139E+000
    232500   0.3993403448E+003   0.6596551954E+000
    232600   0.3993417195E+003   0.6582804987E+000
    232700   0.3993431324E+003   0.6568676307E+000
    232800   0.3993438821E+003   0.6561178514E+000
    232900   0.3993437279E+003   0.6562721091E+000
    233000   0.3993432657E+003   0.6567343044E+000
    233100   0.3993428535E+003   0.6571465053E+000
    233200   0.3993423859E+003   0.6576141153E+000
    233300   0.3993421578E+003   0.6578421825E+000
    233400   0.3993419142E+003   0.6580857945E+000
    233500   0.3993417287E+003   0.6582713344E+000
    233600   0.3993415958E+003   0.6584041926E+000
    233700   0.3993413894E+003   0.6586105552E+000
    233800   0.3993412343E+003   0.6587657153E+000
    233900   0.3993410311E+003   0.6589689336E+000
    234000   0.3993407941E+003   0.6592058599E+000
    234100   0.3993405633E+003   0.6594366750E+000
    234200   0.3993403295E+003   0.6596705097E+000
    234300   0.3993401105E+003   0.6598895292E+000
    234400   0.3993399342E+003   0.6600657764E+000
    234500   0.3993397087E+003   0.6602912616E+000
    234600   0.3993395339E+003   0.6604661091E+000
    234700   0.3993393265E+003   0.6606735428E+000
    234800   0.3993391959E+003   0.6608040951E+000
    234900   0.3993390762E+003   0.6609237790E+000
    235000   0.3993388009E+003   0.6611990619E+000
    235100   0.3993385856E+003   0.6614143801E+000
    235200   0.3993384256E+003   0.6615743936E+000
    235300   0.3993382687E+003   0.6617312891E+000
    235400   0.3993381455E+003   0.6618545450E+000
    235500   0.3993379140E+003   0.6620860487E+000
    235600   0.3993377192E+003   0.6622807715E+000
    235700   0.3993376115E+003   0.6623884524E+000
    235800   0.3993374784E+003   0.6625215613E+000
    235900   0.3993373089E+003   0.6626911016E+000
    236000   0.3993371518E+003   0.6628481692E+000
    236100   0.3993369887E+003   0.6630113340E+000
    236200   0.3993367696E+003   0.6632303950E+000
    236300   0.3993365327E+003   0.6634672529E+000
    236400   0.3993363042E+003   0.6636958282E+000
    236500   0.3993361018E+003   0.6638981714E+000
    236600   0.3993359644E+003   0.6640356000E+000
    236700   0.3993358428E+003   0.6641571832E+000
    236800   0.3993356352E+003   0.6643647771E+000
    236900   0.3993354125E+003   0.6645874872E+000
    237000   0.3993351947E+003   0.6648053151E+000
    237100   0.3993350391E+003   0.6649609291E+000
    237200   0.3993348653E+003   0.6651346833E+000
    237300   0.3993347410E+003   0.6652589720E+000
    237400   0.3993345753E+003   0.6654246735E+000
    237500   0.3993343499E+003   0.6656500973E+000
    237600   0.3993341316E+003   0.6658683913E+000
    237700   0.3993339076E+003   0.6660923533E+000
    237800   0.3993337440E+003   0.6662560012E+000
    237900   0.3993334996E+003   0.6665004446E+000
    238000   0.3993332747E+003   0.6667253026E+000
    238100   0.3993330672E+003   0.6669328031E+000
    238200   0.3993328680E+003   0.6671319996E+000
    238300   0.3993327067E+003   0.6672932696E+000
    238400   0.3993325366E+003   0.6674634227E+000
    238500   0.3993322898E+003   0.6677102291E+000
    238600   0.3993320372E+003   0.6679627863E+000
    238700   0.3993319551E+003   0.6680449118E+000
    238800   0.3993317605E+003   0.6682395374E+000
    238900   0.3993316064E+003   0.6683935733E+000
    239000   0.3993314773E+003   0.6685227342E+000
    239100   0.3993312939E+003   0.6687060693E+000
    239200   0.3993310922E+003   0.6689078467E+000
    239300   0.3993308801E+003   0.6691198712E+000
    239400   0.3993307062E+003   0.6692937656E+000
    239500   0.3993305134E+003   0.6694865937E+000
    239600   0.3993302700E+003   0.6697300150E+000
    239700   0.3993301017E+003   0.6698982845E+000
    239800   0.3993299230E+003   0.6700770409E+000
    239900   0.3993297282E+003   0.6702718175E+000
    240000   0.3993296928E+003   0.6703071515E+000
    240100   0.3993295765E+003   0.6704234754E+000
    240200   0.3993293970E+003   0.6706030044E+000
    240300   0.3993292126E+003   0.6707874125E+000
    240400   0.3993289784E+003   0.6710215781E+000
    240500   0.3993288201E+003   0.6711798752E+000
    240600   0.3993286647E+003   0.6713352929E+000
    240700   0.3993284234E+003   0.6715765963E+000
    240800   0.3993283020E+003   0.6716980086E+000
    240900   0.3993281131E+003   0.6718869270E+000
    241000   0.3993278919E+003   0.6721080907E+000
    241100   0.3993276970E+003   0.6723029977E+000
    241200   0.3993275081E+003   0.6724918840E+000
    241300   0.3993273391E+003   0.6726609458E+000
    241400   0.3993271543E+003   0.6728457385E+000
    241500   0.3993269501E+003   0.6730499018E+000
    241600   0.3993267721E+003   0.6732279423E+000
    241700   0.3993265812E+003   0.6734187656E+000
    241800   0.3993264129E+003   0.6735870555E+000
    241900   0.3993262189E+003   0.6737810887E+000
    242000   0.3993260572E+003   0.6739427736E+000
    242100   0.3993258348E+003   0.6741651798E+000
    242200   0.3993256600E+003   0.6743400028E+000
    242300   0.3993255289E+003   0.6744711440E+000
    242400   0.3993253921E+003   0.6746078500E+000
    242500   0.3993251784E+003   0.6748216180E+000
    242600   0.3993250183E+003   0.6749817089E+000
    242700   0.3993248335E+003   0.6751664916E+000
    242800   0.3993247232E+003   0.6752768037E+000
    242900   0.3993246424E+003   0.6753575552E+000
    243000   0.3993245006E+003   0.6754993520E+000
    243100   0.3993243383E+003   0.6756616792E+000
    243200   0.3993241834E+003   0.6758166130E+000
    243300   0.3993239164E+003   0.6760835590E+000
    243400   0.3993235276E+003   0.6764724168E+000
    243500   0.3993231096E+003   0.6768904097E+000
    243600   0.3993228844E+003   0.6771156384E+000
    243700   0.3993223729E+003   0.6776271042E+000
    243800   0.3993220448E+003   0.6779552015E+000
    243900   0.3993217140E+003   0.6782859515E+000
    244000   0.3993212861E+003   0.6787139498E+000
    244100   0.3993207119E+003   0.6792880891E+000
    244200   0.3993201361E+003   0.6798639370E+000
    244300   0.3993199502E+003   0.6800498481E+000
    244400   0.3993197713E+003   0.6802286697E+000
    244500   0.3993194816E+003   0.6805183697E+000
    244600   0.3993190122E+003   0.6809878147E+000
    244700   0.3993185855E+003   0.6814144961E+000
    244800   0.3993182993E+003   0.6817006541E+000
    244900   0.3993177723E+003   0.6822277286E+000
    245000   0.3993174376E+003   0.6825624330E+000
    245100   0.3993172323E+003   0.6827677489E+000
    245200   0.3993170157E+003   0.6829842573E+000
    245300   0.3993168206E+003   0.6831794236E+000
    245400   0.3993166607E+003   0.6833392868E+000
    245500   0.3993164858E+003   0.6835142321E+000
    245600   0.3993163117E+003   0.6836883261E+000
    245700   0.3993161833E+003   0.6838166612E+000
    245800   0.3993159940E+003   0.6840060377E+000
    245900   0.3993157886E+003   0.6842114259E+000
    246000   0.3993156166E+003   0.6843833944E+000
    246100   0.3993154501E+003   0.6845498733E+000
    246200   0.3993152738E+003   0.6847261990E+000
    246300   0.3993151170E+003   0.6848829717E+000
    246400   0.3993149096E+003   0.6850904370E+000
    246500   0.3993147268E+003   0.6852732430E+000
    246600   0.3993146056E+003   0.6853944307E+000
    246700   0.3993143259E+003   0.6856741027E+000
    246800   0.3993141179E+003   0.6858821205E+000
    246900   0.3993133893E+003   0.6866107469E+000
    247000   0.3993126833E+003   0.6873167047E+000
    247100   0.3993124323E+003   0.6875676734E+000
    247200   0.3993121945E+003   0.6878055068E+000
    247300   0.3993115125E+003   0.6884875149E+000
    247400   0.3993110198E+003   0.6889802345E+000
    247500   0.3993104935E+003   0.6895065498E+000
    247600   0.3993101774E+003   0.6898225683E+000
    247700   0.3993095662E+003   0.6904338288E+000
    247800   0.3993091233E+003   0.6908767471E+000
    247900   0.3993088221E+003   0.6911779321E+000
    248000   0.3993082231E+003   0.6917768626E+000
    248100   0.3993078529E+003   0.6921471079E+000
    248200   0.3993074656E+003   0.6925344297E+000
    248300   0.3993071491E+003   0.6928509321E+000
    248400   0.3993064507E+003   0.6935492593E+000
    248500   0.3993061259E+003   0.6938741133E+000
    248600   0.3993056675E+003   0.6943325352E+000
    248700   0.3993052655E+003   0.6947344778E+000
    248800   0.3993051115E+003   0.6948884867E+000
    248900   0.3993049729E+003   0.6950271325E+000
    249000   0.3993048305E+003   0.6951695389E+000
    249100   0.3993046430E+003   0.6953570495E+000
    249200   0.3993044285E+003   0.6955714926E+000
    249300   0.3993042818E+003   0.6957182454E+000
    249400   0.3993041391E+003   0.6958608742E+000
    249500   0.3993039949E+003   0.6960050983E+000
    249600   0.3993038325E+003   0.6961674676E+000
    249700   0.3993041624E+003   0.6958375808E+000
    249800   0.3993040256E+003   0.6959744156E+000
    249900   0.3993038005E+003   0.6961995151E+000
    250000   0.3993035328E+003   0.6964672470E+000
    250100   0.3993030682E+003   0.6969318471E+000
    250200   0.3993027100E+003   0.6972899978E+000
    250300   0.3993025185E+003   0.6974814957E+000
    250400   0.3993024141E+003   0.6975858947E+000
    250500   0.3993022588E+003   0.6977412443E+000
    250600   0.3993021336E+003   0.6978663784E+000
    250700   0.3993019805E+003   0.6980194847E+000
    250800   0.3993018210E+003   0.6981790404E+000
    250900   0.3993017400E+003   0.6982600108E+000
    251000   0.3993015881E+003   0.6984118536E+000
    251100   0.3993014118E+003   0.6985882297E+000
    251200   0.3993011967E+003   0.6988032695E+000
    251300   0.3993010924E+003   0.6989076259E+000
    251400   0.3993008812E+003   0.6991188446E+000
    251500   0.3993007272E+003   0.6992727848E+000
    251600   0.3993005966E+003   0.6994033551E+000
    251700   0.3993004225E+003   0.6995774994E+000
    251800   0.3993002792E+003   0.6997207499E+000
    251900   0.3993001775E+003   0.6998225150E+000
    252000   0.3993000028E+003   0.6999972072E+000
    252100   0.3992998253E+003   0.7001746922E+000
    252200   0.3992996605E+003   0.7003395185E+000
    252300   0.3992995586E+003   0.7004414369E+000
    252400   0.3992994359E+003   0.7005641216E+000
    252500   0.3992992618E+003   0.7007381993E+000
    252600   0.3992990911E+003   0.7009088753E+000
    252700   0.3992988909E+003   0.7011090549E+000
    252800   0.3992987495E+003   0.7012504690E+000
    252900   0.3992985940E+003   0.7014059696E+000
    253000   0.3992984383E+003   0.7015616874E+000
    253100   0.3992982615E+003   0.7017384894E+000
    253200   0.3992981087E+003   0.7018912927E+000
    253300   0.3992979708E+003   0.7020292476E+000
    253400   0.3992978242E+003   0.7021757982E+000
    253500   0.3992977034E+003   0.7022966012E+000
    253600   0.3992974814E+003   0.7025185526E+000
    253700   0.3992973428E+003   0.7026572050E+000
    253800   0.3992972244E+003   0.7027756134E+000
    253900   0.3992970322E+003   0.7029677518E+000
    254000   0.3992968691E+003   0.7031308892E+000
    254100   0.3992966875E+003   0.7033125465E+000
    254200   0.3992965553E+003   0.7034446698E+000
    254300   0.3992964766E+003   0.7035233819E+000
    254400   0.3992962871E+003   0.7037129159E+000
    254500   0.3992961381E+003   0.7038618661E+000
    254600   0.3992960074E+003   0.7039925591E+000
    254700   0.3992958276E+003   0.7041723597E+000
    254800   0.3992956871E+003   0.7043128946E+000
    254900   0.3992954877E+003   0.7045123271E+000
    255000   0.3992953707E+003   0.7046293491E+000
    255100   0.3992952381E+003   0.7047618881E+000
    255200   0.3992950624E+003   0.7049375527E+000
    255300   0.3992949215E+003   0.7050785366E+000
    255400   0.3992947678E+003   0.7052321798E+000
    255500   0.3992946271E+003   0.7053729364E+000
    255600   0.3992944786E+003   0.7055214383E+000
    255700   0.3992942530E+003   0.7057470380E+000
    255800   0.3992940895E+003   0.7059105278E+000
    255900   0.3992939181E+003   0.7060819249E+000
    256000   0.3992937381E+003   0.7062619452E+000
    256100   0.3992936208E+003   0.7063791659E+000
    256200   0.3992934821E+003   0.7065179136E+000
    256300   0.3992933366E+003   0.7066634131E+000
    256400   0.3992931830E+003   0.7068170467E+000
    256500   0.3992930259E+003   0.7069740701E+000
    256600   0.3992928807E+003   0.7071193346E+000
    256700   0.3992927046E+003   0.7072954098E+000
    256800   0.3992924854E+003   0.7075145867E+000
    256900   0.3992923560E+003   0.7076440251E+000
    257000   0.3992921768E+003   0.7078232326E+000
    257100   0.3992920562E+003   0.7079438129E+000
    257200   0.3992919156E+003   0.7080843973E+000
    257300   0.3992917371E+003   0.7082629085E+000
    257400   0.3992915920E+003   0.7084079617E+000
    257500   0.3992914794E+003   0.7085205612E+000
    257600   0.3992913498E+003   0.7086501843E+000
    257700   0.3992911832E+003   0.7088168166E+000
    257800   0.3992910234E+003   0.7089766267E+000
    257900   0.3992908651E+003   0.7091348725E+000
    258000   0.3992907155E+003   0.7092845098E+000
    258100   0.3992905465E+003   0.7094534891E+000
    258200   0.3992903981E+003   0.7096018555E+000
    258300   0.3992902503E+003   0.7097496982E+000
    258400   0.3992900734E+003   0.7099266398E+000
    258500   0.3992899783E+003   0.7100216603E+000
    258600   0.3992897873E+003   0.7102127459E+000
    258700   0.3992896407E+003   0.7103593469E+000
    258800   0.3992894880E+003   0.7105120055E+000
    258900   0.3992893620E+003   0.7106380181E+000
    259000   0.3992892199E+003   0.7107801408E+000
    259100   0.3992890963E+003   0.7109036823E+000
    259200   0.3992889178E+003   0.7110822197E+000
    259300   0.3992887095E+003   0.7112905050E+000
    259400   0.3992885121E+003   0.7114879151E+000
    259500   0.3992884103E+003   0.7115896698E+000
    259600   0.3992883102E+003   0.7116897517E+000
    259700   0.3992881462E+003   0.7118538035E+000
    259800   0.3992879931E+003   0.7120068692E+000
    259900   0.3992877974E+003   0.7122025809E+000
    260000   0.3992876531E+003   0.7123469419E+000
    260100   0.3992875054E+003   0.7124946236E+000
    260200   0.3992873287E+003   0.7126713037E+000
    260300   0.3992871559E+003   0.7128440614E+000
    260400   0.3992870508E+003   0.7129491620E+000
    260500   0.3992869019E+003   0.7130981263E+000
    260600   0.3992867489E+003   0.7132511388E+000
    260700   0.3992866147E+003   0.7133853480E+000
    260800   0.3992865231E+003   0.7134768878E+000
    260900   0.3992863446E+003   0.7136553994E+000
    261000   0.3992861920E+003   0.7138080432E+000
    261100   0.3992861140E+003   0.7138860338E+000
    261200   0.3992860163E+003   0.7139837021E+000
    261300   0.3992858600E+003   0.7141400005E+000
    261400   0.3992856999E+003   0.7143000825E+000
    261500   0.3992855143E+003   0.7144856960E+000
    261600   0.3992854565E+003   0.7145434558E+000
    261700   0.3992853130E+003   0.7146869726E+000
    261800   0.3992851444E+003   0.7148555973E+000
    261900   0.3992849898E+003   0.7150102007E+000
    262000   0.3992848128E+003   0.7151872155E+000
    262100   0.3992846984E+003   0.7153015749E+000
    262200   0.3992845873E+003   0.7154126568E+000
    262300   0.3992844282E+003   0.7155718294E+000
    262400   0.3992843301E+003   0.7156699070E+000
    262500   0.3992842104E+003   0.7157895561E+000
    262600   0.3992839700E+003   0.7160299527E+000
    262700   0.3992837341E+003   0.7162659415E+000
    262800   0.3992833308E+003   0.7166691569E+000
    262900   0.3992829180E+003   0.7170819515E+000
    263000   0.3992824265E+003   0.7175735441E+000
    263100   0.3992819822E+003   0.7180178444E+000
    263200   0.3992816097E+003   0.7183902905E+000
    263300   0.3992812301E+003   0.7187698816E+000
    263400   0.3992809631E+003   0.7190368849E+000
    263500   0.3992805910E+003   0.7194090373E+000
    263600   0.3992802155E+003   0.7197844953E+000
    263700   0.3992798877E+003   0.7201122845E+000
    263800   0.3992797404E+003   0.7202596456E+000
    263900   0.3992795823E+003   0.7204176967E+000
    264000   0.3992794698E+003   0.7205301979E+000
    264100   0.3992793988E+003   0.7206011904E+000
    264200   0.3992792836E+003   0.7207163671E+000
    264300   0.3992791204E+003   0.7208796496E+000
    264400   0.3992789483E+003   0.7210517487E+000
    264500   0.3992788436E+003   0.7211564459E+000
    264600   0.3992787167E+003   0.7212832570E+000
    264700   0.3992785860E+003   0.7214139817E+000
    264800   0.3992784552E+003   0.7215448172E+000
    264900   0.3992782984E+003   0.7217016450E+000
    265000   0.3992781935E+003   0.7218065278E+000
    265100   0.3992780764E+003   0.7219236253E+000
    265200   0.3992779242E+003   0.7220758029E+000
    265300   0.3992777709E+003   0.7222290527E+000
    265400   0.3992776206E+003   0.7223794462E+000
    265500   0.3992774811E+003   0.7225189186E+000
    265600   0.3992783401E+003   0.7216598518E+000
    265700   0.3992795216E+003   0.7204784185E+000
    265800   0.3992801889E+003   0.7198111133E+000
    265900   0.3992811660E+003   0.7188340140E+000
    266000   0.3992823863E+003   0.7176137496E+000
    266100   0.3992832190E+003   0.7167809691E+000
    266200   0.3992843526E+003   0.7156473883E+000
    266300   0.3992854713E+003   0.7145286839E+000
    266400   0.3992855044E+003   0.7144955958E+000
    266500   0.3992853691E+003   0.7146309346E+000
    266600   0.3992862608E+003   0.7137391784E+000
    266700   0.3992874865E+003   0.7125134507E+000
    266800   0.3992882896E+003   0.7117104019E+000
    266900   0.3992893509E+003   0.7106490645E+000
    267000   0.3992905590E+003   0.7094409927E+000
    267100   0.3992917913E+003   0.7082087112E+000
    267200   0.3992927278E+003   0.7072721739E+000
    267300   0.3992938799E+003   0.7061201104E+000
    267400   0.3992949816E+003   0.7050184126E+000
    267500   0.3992960948E+003   0.7039051533E+000
    267600   0.3992968462E+003   0.7031538330E+000
    267700   0.3992980421E+003   0.7019579148E+000
    267800   0.3992991158E+003   0.7008842225E+000
    267900   0.3993003143E+003   0.6996856827E+000
    268000   0.3993015398E+003   0.6984602209E+000
    268100   0.3993027550E+003   0.6972450427E+000
    268200   0.3993040422E+003   0.6959578150E+000
    268300   0.3993051317E+003   0.6948683282E+000
    268400   0.3993064476E+003   0.6935524237E+000
    268500   0.3993076249E+003   0.6923751017E+000
    268600   0.3993088608E+003   0.6911391796E+000
    268700   0.3993098921E+003   0.6901078847E+000
    268800   0.3993110843E+003   0.6889157148E+000
    268900   0.3993122703E+003   0.6877297090E+000
    269000   0.3993133963E+003   0.6866036543E+000
    269100   0.3993144920E+003   0.6855079911E+000
    269200   0.3993157114E+003   0.6842885591E+000
    269300   0.3993168442E+003   0.6831557649E+000
    269400   0.3993179194E+003   0.6820805557E+000
    269500   0.3993187796E+003   0.6812203917E+000
    269600   0.3993196634E+003   0.6803365768E+000
    269700   0.3993206315E+003   0.6793684695E+000
    269800   0.3993218291E+003   0.6781709324E+000
    269900   0.3993230194E+003   0.6769805894E+000
    270000   0.3993242422E+003   0.6757577581E+000
    270100   0.3993254803E+003   0.6745196765E+000
    270200   0.3993266769E+003   0.6733230939E+000
    270300   0.3993278472E+003   0.6721527653E+000
    270400   0.3993289534E+003   0.6710466310E+000
    270500   0.3993300170E+003   0.6699830009E+000
    270600   0.3993311806E+003   0.6688194123E+000
    270700   0.3993321673E+003   0.6678326610E+000
    270800   0.3993331789E+003   0.6668210935E+000
    270900   0.3993342672E+003   0.6657327760E+000
    271000   0.3993353277E+003   0.6646722677E+000
    271100   0.3993364217E+003   0.6635783049E+000
    271200   0.3993374487E+003   0.6625512961E+000
    271300   0.3993383993E+003   0.6616006882E+000
    271400   0.3993394266E+003   0.6605733519E+000
    271500   0.3993405202E+003   0.6594798413E+000
    271600   0.3993411566E+003   0.6588434275E+000
    271700   0.3993420522E+003   0.6579477836E+000
    271800   0.3993430739E+003   0.6569260865E+000
    271900   0.3993441231E+003   0.6558768797E+000
    272000   0.3993451826E+003   0.6548173755E+000
    272100   0.3993463014E+003   0.6536986414E+000
    272200   0.3993472932E+003   0.6527068015E+000
    272300   0.3993484386E+003   0.6515613719E+000
    272400   0.3993495895E+003   0.6504104754E+000
    272500   0.3993505894E+003   0.6494105876E+000
    272600   0.3993516662E+003   0.6483337824E+000
    272700   0.3993526612E+003   0.6473387836E+000
    272800   0.3993535649E+003   0.6464350501E+000
    272900   0.3993544146E+003   0.6455853958E+000
    273000   0.3993553466E+003   0.6446533675E+000
    273100   0.3993563228E+003   0.6436772199E+000
    273200   0.3993573255E+003   0.6426744892E+000
    273300   0.3993582952E+003   0.6417047859E+000
    273400   0.3993593114E+003   0.6406886138E+000
    273500   0.3993601749E+003   0.6398250691E+000
    273600   0.3993611809E+003   0.6388191012E+000
    273700   0.3993621439E+003   0.6378560590E+000
    273800   0.3993631811E+003   0.6368188525E+000
    273900   0.3993641725E+003   0.6358275003E+000
    274000   0.3993650240E+003   0.6349759517E+000
    274100   0.3993658724E+003   0.6341275553E+000
    274200   0.3993668414E+003   0.6331586421E+000
    274300   0.3993674304E+003   0.6325696093E+000
    274400   0.3993683195E+003   0.6316805074E+000
    274500   0.3993687360E+003   0.6312639541E+000
    274600   0.3993689812E+003   0.6310187724E+000
    274700   0.3993687970E+003   0.6312029883E+000
    274800   0.3993686182E+003   0.6313818477E+000
    274900   0.3993684374E+003   0.6315626312E+000
    275000   0.3993683303E+003   0.6316697383E+000
    275100   0.3993682054E+003   0.6317945617E+000
    275200   0.3993680498E+003   0.6319501827E+000
    275300   0.3993679311E+003   0.6320689046E+000
    275400   0.3993678100E+003   0.6321899577E+000
    275500   0.3993676736E+003   0.6323263543E+000
    275600   0.3993675388E+003   0.6324612239E+000
    275700   0.3993674218E+003   0.6325781829E+000
    275800   0.3993672653E+003   0.6327347200E+000
    275900   0.3993671831E+003   0.6328168607E+000
    276000   0.3993670069E+003   0.6329930946E+000
    276100   0.3993668409E+003   0.6331591347E+000
    276200   0.3993666494E+003   0.6333505574E+000
    276300   0.3993664566E+003   0.6335434375E+000
    276400   0.3993662532E+003   0.6337468336E+000
    276500   0.3993660900E+003   0.6339100158E+000
    276600   0.3993659223E+003   0.6340777006E+000
    276700   0.3993657541E+003   0.6342458884E+000
    276800   0.3993656263E+003   0.6343736529E+000
    276900   0.3993653124E+003   0.6346875658E+000
    277000   0.3993648845E+003   0.6351155063E+000
    277100   0.3993645603E+003   0.6354396617E+000
    277200   0.3993642570E+003   0.6357430353E+000
    277300   0.3993641432E+003   0.6358567786E+000
    277400   0.3993640482E+003   0.6359518317E+000
    277500   0.3993638914E+003   0.6361086262E+000
    277600   0.3993637569E+003   0.6362431234E+000
    277700   0.3993636673E+003   0.6363326574E+000
    277800   0.3993635274E+003   0.6364725685E+000
    277900   0.3993633905E+003   0.6366094636E+000
    278000   0.3993632236E+003   0.6367763623E+000
    278100   0.3993630483E+003   0.6369517443E+000
    278200   0.3993628890E+003   0.6371110207E+000
    278300   0.3993627469E+003   0.6372530828E+000
    278400   0.3993625899E+003   0.6374101459E+000
    278500   0.3993621850E+003   0.6378150400E+000
    278600   0.3993619078E+003   0.6380921545E+000
    278700   0.3993616295E+003   0.6383704892E+000
    278800   0.3993613300E+003   0.6386700366E+000
    278900   0.3993609934E+003   0.6390066174E+000
    279000   0.3993607105E+003   0.6392895393E+000
    279100   0.3993606383E+003   0.6393617494E+000
    279200   0.3993605295E+003   0.6394704741E+000
    279300   0.3993603857E+003   0.6396143158E+000
    279400   0.3993602395E+003   0.6397604763E+000
    279500   0.3993601308E+003   0.6398691989E+000
    279600   0.3993599828E+003   0.6400171917E+000
    279700   0.3993598496E+003   0.6401503626E+000
    279800   0.3993597175E+003   0.6402824866E+000
    279900   0.3993595617E+003   0.6404383096E+000
    280000   0.3993594121E+003   0.6405879321E+000
    280100   0.3993592605E+003   0.6407395460E+000
    280200   0.3993591774E+003   0.6408225989E+000
    280300   0.3993590333E+003   0.6409667319E+000
    280400   0.3993589194E+003   0.6410805538E+000
    280500   0.3993586676E+003   0.6413324256E+000
    280600   0.3993581503E+003   0.6418496501E+000
    280700   0.3993577133E+003   0.6422867463E+000
    280800   0.3993573713E+003   0.6426287279E+000
    280900   0.3993571056E+003   0.6428944128E+000
    281000   0.3993568701E+003   0.6431298528E+000
    281100   0.3993565399E+003   0.6434600981E+000
    281200   0.3993563265E+003   0.6436734965E+000
    281300   0.3993560299E+003   0.6439701003E+000
    281400   0.3993556855E+003   0.6443145069E+000
    281500   0.3993553825E+003   0.6446175375E+000
    281600   0.3993551224E+003   0.6448775762E+000
    281700   0.3993547684E+003   0.6452315950E+000
    281800   0.3993544536E+003   0.6455463558E+000
    281900   0.3993542354E+003   0.6457646390E+000
    282000   0.3993540799E+003   0.6459200979E+000
    282100   0.3993539055E+003   0.6460945298E+000
    282200   0.3993535254E+003   0.6464745993E+000
    282300   0.3993531457E+003   0.6468542747E+000
    282400   0.3993528309E+003   0.6471691045E+000
    282500   0.3993526088E+003   0.6473911721E+000
    282600   0.3993524647E+003   0.6475352931E+000
    282700   0.3993521273E+003   0.6478726690E+000
    282800   0.3993516884E+003   0.6483116458E+000
    282900   0.3993513684E+003   0.6486315902E+000
    283000   0.3993506951E+003   0.6493049181E+000
    283100   0.3993503522E+003   0.6496477801E+000
    283200   0.3993500265E+003   0.6499734548E+000
    283300   0.3993495255E+003   0.6504744550E+000
    283400   0.3993491110E+003   0.6508890087E+000
    283500   0.3993485795E+003   0.6514204841E+000
    283600   0.3993477970E+003   0.6522029978E+000
    283700   0.3993470426E+003   0.6529573556E+000
    283800   0.3993466660E+003   0.6533339517E+000
    283900   0.3993460619E+003   0.6539381199E+000
    284000   0.3993457718E+003   0.6542282065E+000
    284100   0.3993455358E+003   0.6544642317E+000
    284200   0.3993451237E+003   0.6548763227E+000
    284300   0.3993446532E+003   0.6553467572E+000
    284400   0.3993443484E+003   0.6556516162E+000
    284500   0.3993439334E+003   0.6560665962E+000
    284600   0.3993436088E+003   0.6563911635E+000
    284700   0.3993431284E+003   0.6568716274E+000
    284800   0.3993427479E+003   0.6572521201E+000
    284900   0.3993422832E+003   0.6577167951E+000
    285000   0.3993416625E+003   0.6583375084E+000
    285100   0.3993412793E+003   0.6587207251E+000
    285200   0.3993407975E+003   0.6592025085E+000
    285300   0.3993403928E+003   0.6596071646E+000
    285400   0.3993401441E+003   0.6598558517E+000
    285500   0.3993398577E+003   0.6601422784E+000
    285600   0.3993397228E+003   0.6602771999E+000
    285700   0.3993394902E+003   0.6605098118E+000
    285800   0.3993390187E+003   0.6609813399E+000
    285900   0.3993387326E+003   0.6612673545E+000
    286000   0.3993383654E+003   0.6616346058E+000
    286100   0.3993378714E+003   0.6621285556E+000
    286200   0.3993375342E+003   0.6624657778E+000
    286300   0.3993374520E+003   0.6625480042E+000
    286400   0.3993373874E+003   0.6626125506E+000
    286500   0.3993372391E+003   0.6627608827E+000
    286600   0.3993371192E+003   0.6628808453E+000
    286700   0.3993369572E+003   0.6630428126E+000
    286800   0.3993374000E+003   0.6625999584E+000
    286900   0.3993381994E+003   0.6618005618E+000
    287000   0.3993390288E+003   0.6609711911E+000
    287100   0.3993400950E+003   0.6599050461E+000
    287200   0.3993411309E+003   0.6588691116E+000
    287300   0.3993421336E+003   0.6578663722E+000
    287400   0.3993430592E+003   0.6569408403E+000
    287500   0.3993439689E+003   0.6560311128E+000
    287600   0.3993448832E+003   0.6551167913E+000
    287700   0.3993456780E+003   0.6543219986E+000
    287800   0.3993466820E+003   0.6533180230E+000
    287900   0.3993476544E+003   0.6523455579E+000
    288000   0.3993484805E+003   0.6515195313E+000
    288100   0.3993493791E+003   0.6506209405E+000
    288200   0.3993502845E+003   0.6497154841E+000
    288300   0.3993510288E+003   0.6489712213E+000
    288400   0.3993518752E+003   0.6481248293E+000
    288500   0.3993521487E+003   0.6478513375E+000
    288600   0.3993530869E+003   0.6469130908E+000
    288700   0.3993539873E+003   0.6460126916E+000
    288800   0.3993547631E+003   0.6452368789E+000
    288900   0.3993557458E+003   0.6442541641E+000
    289000   0.3993566261E+003   0.6433738539E+000
    289100   0.3993576498E+003   0.6423502238E+000
    289200   0.3993585848E+003   0.6414151735E+000
    289300   0.3993595814E+003   0.6404186268E+000
    289400   0.3993603753E+003   0.6396246701E+000
    289500   0.3993602627E+003   0.6397373473E+000
    289600   0.3993608788E+003   0.6391212177E+000
    289700   0.3993618389E+003   0.6381611372E+000
    289800   0.3993627633E+003   0.6372367206E+000
    289900   0.3993636474E+003   0.6363525872E+000
    290000   0.3993645182E+003   0.6354818322E+000
    290100   0.3993650227E+003   0.6349772562E+000
    290200   0.3993659754E+003   0.6340246490E+000
    290300   0.3993668856E+003   0.6331144324E+000
    290400   0.3993676078E+003   0.6323921675E+000
    290500   0.3993683224E+003   0.6316776028E+000
    290600   0.3993684103E+003   0.6315897268E+000
    290700   0.3993691352E+003   0.6308647649E+000
    290800   0.3993700271E+003   0.6299729404E+000
    290900   0.3993708006E+003   0.6291994157E+000
    291000   0.3993716255E+003   0.6283744839E+000
    291100   0.3993724943E+003   0.6275057012E+000
    291200   0.3993733763E+003   0.6266237322E+000
    291300   0.3993742373E+003   0.6257627470E+000
    291400   0.3993752239E+003   0.6247761091E+000
    291500   0.3993760544E+003   0.6239455901E+000
    291600   0.3993770326E+003   0.6229673916E+000
    291700   0.3993778737E+003   0.6221263042E+000
    291800   0.3993788056E+003   0.6211944286E+000
    291900   0.3993797277E+003   0.6202723261E+000
    292000   0.3993807014E+003   0.6192985771E+000
    292100   0.3993816091E+003   0.6183908648E+000
    292200   0.3993820908E+003   0.6179092008E+000
    292300   0.3993829875E+003   0.6170125431E+000
    292400   0.3993839411E+003   0.6160588732E+000
    292500   0.3993848511E+003   0.6151489412E+000
    292600   0.3993857566E+003   0.6142434201E+000
    292700   0.3993866383E+003   0.6133617189E+000
    292800   0.3993875196E+003   0.6124803981E+000
    292900   0.3993882908E+003   0.6117092005E+000
    293000   0.3993891118E+003   0.6108882239E+000
    293100   0.3993899710E+003   0.6100289742E+000
    293200   0.3993908076E+003   0.6091923768E+000
    293300   0.3993916865E+003   0.6083135447E+000
    293400   0.3993926043E+003   0.6073957373E+000
    293500   0.3993934931E+003   0.6065068607E+000
    293600   0.3993943282E+003   0.6056717992E+000
    293700   0.3993952383E+003   0.6047617234E+000
    293800   0.3993961140E+003   0.6038859757E+000
    293900   0.3993969837E+003   0.6030163166E+000
    294000   0.3993979220E+003   0.6020779650E+000
    294100   0.3993987673E+003   0.6012327415E+000
    294200   0.3993996260E+003   0.6003740464E+000
    294300   0.3994005482E+003   0.5994518395E+000
    294400   0.3994010645E+003   0.5989355404E+000
    294500   0.3994013451E+003   0.5986548611E+000
    294600   0.3994021324E+003   0.5978676041E+000
    294700   0.3994029736E+003   0.5970264067E+000
    294800   0.3994038390E+003   0.5961610133E+000
    294900   0.3994047338E+003   0.5952661959E+000
    295000   0.3994055884E+003   0.5944115987E+000
    295100   0.3994063683E+003   0.5936316847E+000
    295200   0.3994071761E+003   0.5928238850E+000
    295300   0.3994080476E+003   0.5919524299E+000
    295400   0.3994088631E+003   0.5911369271E+000
    295500   0.3994095208E+003   0.5904792255E+000
    295600   0.3994100413E+003   0.5899587068E+000
    295700   0.3994107203E+003   0.5892796649E+000
    295800   0.3994115510E+003   0.5884490025E+000
    295900   0.3994123221E+003   0.5876778641E+000
    296000   0.3994131469E+003   0.5868531471E+000
    296100   0.3994139927E+003   0.5860073035E+000
    296200   0.3994148164E+003   0.5851835544E+000
    296300   0.3994156202E+003   0.5843797882E+000
    296400   0.3994164697E+003   0.5835303035E+000
    296500   0.3994172574E+003   0.5827426243E+000
    296600   0.3994180515E+003   0.5819484821E+000
    296700   0.3994187245E+003   0.5812755333E+000
    296800   0.3994195203E+003   0.5804796546E+000
    296900   0.3994201380E+003   0.5798619547E+000
    297000   0.3994208925E+003   0.5791074889E+000
    297100   0.3994215447E+003   0.5784553058E+000
    297200   0.3994221702E+003   0.5778298227E+000
    297300   0.3994228650E+003   0.5771349693E+000
    297400   0.3994235096E+003   0.5764903920E+000
    297500   0.3994241994E+003   0.5758005903E+000
    297600   0.3994249753E+003   0.5750247361E+000
    297700   0.3994257458E+003   0.5742542138E+000
    297800   0.3994263795E+003   0.5736205213E+000
    297900   0.3994270598E+003   0.5729401902E+000
    298000   0.3994278655E+003   0.5721345227E+000
    298100   0.3994286499E+003   0.5713500504E+000
    298200   0.3994293319E+003   0.5706680817E+000
    298300   0.3994298885E+003   0.5701114619E+000
    298400   0.3994305012E+003   0.5694988324E+000
    298500   0.3994312561E+003   0.5687438631E+000
    298600   0.3994312371E+003   0.5687629322E+000
    298700   0.3994311093E+003   0.5688906549E+000
    298800   0.3994309322E+003   0.5690678363E+000
    298900   0.3994308260E+003   0.5691740368E+000
    299000   0.3994306618E+003   0.5693382306E+000
    299100   0.3994305178E+003   0.5694821766E+000
    299200   0.3994303980E+003   0.5696020388E+000
    299300   0.3994302200E+003   0.5697799946E+000
    299400   0.3994300907E+003   0.5699093354E+000
    299500   0.3994299649E+003   0.5700350563E+000
    299600   0.3994297944E+003   0.5702056408E+000
    299700   0.3994296337E+003   0.5703662733E+000
    299800   0.3994294994E+003   0.5705005513E+000
    299900   0.3994293006E+003   0.5706994315E+000
    300000   0.3994291784E+003   0.5708216260E+000
    300100   0.3994290390E+003   0.5709609751E+000
    300200   0.3994288909E+003   0.5711091346E+000
    300300   0.3994287536E+003   0.5712464325E+000
    300400   0.3994286107E+003   0.5713892709E+000
    300500   0.3994284861E+003   0.5715138646E+000
    300600   0.3994288202E+003   0.5711798130E+000
    300700   0.3994293568E+003   0.5706431744E+000
    300800   0.3994298907E+003   0.5701092711E+000
    300900   0.3994297418E+003   0.5702582126E+000
    301000   0.3994296101E+003   0.5703899166E+000
    301100   0.3994295150E+003   0.5704850187E+000
    301200   0.3994293526E+003   0.5706474493E+000
    301300   0.3994291998E+003   0.5708001714E+000
    301400   0.3994290467E+003   0.5709532940E+000
    301500   0.3994289153E+003   0.5710846926E+000
    301600   0.3994287574E+003   0.5712425533E+000
    301700   0.3994291963E+003   0.5708037029E+000
    301800   0.3994295472E+003   0.5704527927E+000
    301900   0.3994295699E+003   0.5704300656E+000
    302000   0.3994294717E+003   0.5705283317E+000
    302100   0.3994293959E+003   0.5706040724E+000
    302200   0.3994292401E+003   0.5707599246E+000
    302300   0.3994291342E+003   0.5708657604E+000
    302400   0.3994290228E+003   0.5709771729E+000
    302500   0.3994288982E+003   0.5711017525E+000
    302600   0.3994286637E+003   0.5713363187E+000
    302700   0.3994284837E+003   0.5715163118E+000
    302800   0.3994283170E+003   0.5716829613E+000
    302900   0.3994281324E+003   0.5718676092E+000
    303000   0.3994279916E+003   0.5720084475E+000
    303100   0.3994277554E+003   0.5722446042E+000
    303200   0.3994274169E+003   0.5725830502E+000
    303300   0.3994270823E+003   0.5729177276E+000
    303400   0.3994268124E+003   0.5731875588E+000
    303500   0.3994265993E+003   0.5734007490E+000
    303600   0.3994263185E+003   0.5736815349E+000
    303700   0.3994262347E+003   0.5737652752E+000
    303800   0.3994256874E+003   0.5743126497E+000
    303900   0.3994253611E+003   0.5746389421E+000
    304000   0.3994250938E+003   0.5749061891E+000
    304100   0.3994247966E+003   0.5752034315E+000
    304200   0.3994244610E+003   0.5755390155E+000
    304300   0.3994241596E+003   0.5758403920E+000
    304400   0.3994239236E+003   0.5760764277E+000
    304500   0.3994237005E+003   0.5762995070E+000
    304600   0.3994234995E+003   0.5765004528E+000
    304700   0.3994230808E+003   0.5769191943E+000
    304800   0.3994229834E+003   0.5770166447E+000
    304900   0.3994228282E+003   0.5771718368E+000
    305000   0.3994226682E+003   0.5773317777E+000
    305100   0.3994225305E+003   0.5774694672E+000
    305200   0.3994230603E+003   0.5769396909E+000
    305300   0.3994238352E+003   0.5761648223E+000
    305400   0.3994245991E+003   0.5754009479E+000
    305500   0.3994253148E+003   0.5746851623E+000
    305600   0.3994260570E+003   0.5739429810E+000
    305700   0.3994266006E+003   0.5733994445E+000
    305800   0.3994273851E+003   0.5726148911E+000
    305900   0.3994279410E+003   0.5720589982E+000
    306000   0.3994286379E+003   0.5713621436E+000
    306100   0.3994293383E+003   0.5706617497E+000
    306200   0.3994300200E+003   0.5699799800E+000
    306300   0.3994307442E+003   0.5692557949E+000
    306400   0.3994313183E+003   0.5686816956E+000
    306500   0.3994319860E+003   0.5680140493E+000
    306600   0.3994326897E+003   0.5673102914E+000
    306700   0.3994333045E+003   0.5666954874E+000
    306800   0.3994339532E+003   0.5660467754E+000
    306900   0.3994345889E+003   0.5654111208E+000
    307000   0.3994352187E+003   0.5647812947E+000
    307100   0.3994352340E+003   0.5647659631E+000
    307200   0.3994351206E+003   0.5648794378E+000
    307300   0.3994349369E+003   0.5650630602E+000
    307400   0.3994348244E+003   0.5651755543E+000
    307500   0.3994346676E+003   0.5653323524E+000
    307600   0.3994345740E+003   0.5654259877E+000
    307700   0.3994343578E+003   0.5656421890E+000
    307800   0.3994342068E+003   0.5657931627E+000
    307900   0.3994340641E+003   0.5659358566E+000
    308000   0.3994339269E+003   0.5660730596E+000
    308100   0.3994338176E+003   0.5661823981E+000
    308200   0.3994336826E+003   0.5663173544E+000
    308300   0.3994335316E+003   0.5664684194E+000
    308400   0.3994334279E+003   0.5665721034E+000
    308500   0.3994331393E+003   0.5668607120E+000
    308600   0.3994328724E+003   0.5671275743E+000
    308700   0.3994326798E+003   0.5673202292E+000
    308800   0.3994322794E+003   0.5677206435E+000
    308900   0.3994320239E+003   0.5679761426E+000
    309000   0.3994316645E+003   0.5683354852E+000
    309100   0.3994314558E+003   0.5685442353E+000
    309200   0.3994310548E+003   0.5689451562E+000
    309300   0.3994308742E+003   0.5691258161E+000
    309400   0.3994308464E+003   0.5691536485E+000
    309500   0.3994306441E+003   0.5693559263E+000
    309600   0.3994306231E+003   0.5693769214E+000
    309700   0.3994303343E+003   0.5696656984E+000
    309800   0.3994301090E+003   0.5698910143E+000
    309900   0.3994297598E+003   0.5702402394E+000
    310000   0.3994294271E+003   0.5705728935E+000
    310100   0.3994291032E+003   0.5708968461E+000
    310200   0.3994289507E+003   0.5710492656E+000
    310300   0.3994286561E+003   0.5713438781E+000
    310400   0.3994285532E+003   0.5714467637E+000
    310500   0.3994284452E+003   0.5715547805E+000
    310600   0.3994283257E+003   0.5716742898E+000
    310700   0.3994282139E+003   0.5717860646E+000
    310800   0.3994280512E+003   0.5719487531E+000
    310900   0.3994278904E+003   0.5721095694E+000
    311000   0.3994277670E+003   0.5722330464E+000
    311100   0.3994275989E+003   0.5724011056E+000
    311200   0.3994274532E+003   0.5725467501E+000
    311300   0.3994273205E+003   0.5726795395E+000
    311400   0.3994271803E+003   0.5728197420E+000
    311500   0.3994270701E+003   0.5729299293E+000
    311600   0.3994269014E+003   0.5730986480E+000
    311700   0.3994267801E+003   0.5732199192E+000
    311800   0.3994266653E+003   0.5733346637E+000
    311900   0.3994265310E+003   0.5734690306E+000
    312000   0.3994263910E+003   0.5736089579E+000
    312100   0.3994262597E+003   0.5737403278E+000
    312200   0.3994261279E+003   0.5738720861E+000
    312300   0.3994259760E+003   0.5740239999E+000
    312400   0.3994258198E+003   0.5741801512E+000
    312500   0.3994256854E+003   0.5743145685E+000
    312600   0.3994255768E+003   0.5744231614E+000
    312700   0.3994254635E+003   0.5745364726E+000
    312800   0.3994253383E+003   0.5746617395E+000
    312900   0.3994251461E+003   0.5748539458E+000
    313000   0.3994249789E+003   0.5750210792E+000
    313100   0.3994248895E+003   0.5751105375E+000
    313200   0.3994247104E+003   0.5752895988E+000
    313300   0.3994245114E+003   0.5754886085E+000
    313400   0.3994243184E+003   0.5756815984E+000
    313500   0.3994241893E+003   0.5758106999E+000
    313600   0.3994240747E+003   0.5759253296E+000
    313700   0.3994239239E+003   0.5760760960E+000
    313800   0.3994237897E+003   0.5762102946E+000
    313900   0.3994236277E+003   0.5763723160E+000
    314000   0.3994234188E+003   0.5765811697E+000
    314100   0.3994231480E+003   0.5768519867E+000
    314200   0.3994229548E+003   0.5770452074E+000
    314300   0.3994229535E+003   0.5770465120E+000
    314400   0.3994228040E+003   0.5771959629E+000
    314500   0.3994224861E+003   0.5775138946E+000
    314600   0.3994222123E+003   0.5777877323E+000
    314700   0.3994219246E+003   0.5780753737E+000
    314800   0.3994216737E+003   0.5783262868E+000
    314900   0.3994211937E+003   0.5788062890E+000
    315000   0.3994209400E+003   0.5790599669E+000
    315100   0.3994206073E+003   0.5793927263E+000
    315200   0.3994202116E+003   0.5797884350E+000
    315300   0.3994198901E+003   0.5801098902E+000
    315400   0.3994195127E+003   0.5804872666E+000
    315500   0.3994192318E+003   0.5807682453E+000
    315600   0.3994189804E+003   0.5810196194E+000
    315700   0.3994186667E+003   0.5813333470E+000
    315800   0.3994184872E+003   0.5815128103E+000
    315900   0.3994181459E+003   0.5818541117E+000
    316000   0.3994179174E+003   0.5820826182E+000
    316100   0.3994177382E+003   0.5822618209E+000
    316200   0.3994173937E+003   0.5826063173E+000
    316300   0.3994169441E+003   0.5830558809E+000
    316400   0.3994166538E+003   0.5833462278E+000
    316500   0.3994162935E+003   0.5837065172E+000
    316600   0.3994160202E+003   0.5839797799E+000
    316700   0.3994157996E+003   0.5842003950E+000
    316800   0.3994154915E+003   0.5845084924E+000
    316900   0.3994149976E+003   0.5850024142E+000
    317000   0.3994146252E+003   0.5853747890E+000
    317100   0.3994142290E+003   0.5857710041E+000
    317200   0.3994140079E+003   0.5859921311E+000
    317300   0.3994137192E+003   0.5862807775E+000
    317400   0.3994132686E+003   0.5867313746E+000
    317500   0.3994130143E+003   0.5869856739E+000
    317600   0.3994129457E+003   0.5870542499E+000
    317700   0.3994127881E+003   0.5872118709E+000
    317800   0.3994126884E+003   0.5873115838E+000
    317900   0.3994125589E+003   0.5874411430E+000
    318000   0.3994124167E+003   0.5875832551E+000
    318100   0.3994122703E+003   0.5877296891E+000
    318200   0.3994121509E+003   0.5878490580E+000
    318300   0.3994123348E+003   0.5876652254E+000
    318400   0.3994122211E+003   0.5877788835E+000
    318500   0.3994120810E+003   0.5879190146E+000
    318600   0.3994119630E+003   0.5880370188E+000
    318700   0.3994118565E+003   0.5881435307E+000
    318800   0.3994117677E+003   0.5882322885E+000
    318900   0.3994116563E+003   0.5883436829E+000
    319000   0.3994115736E+003   0.5884264478E+000
    319100   0.3994114726E+003   0.5885274178E+000
    319200   0.3994112998E+003   0.5887002231E+000
    319300   0.3994111858E+003   0.5888142388E+000
    319400   0.3994110836E+003   0.5889163897E+000
    319500   0.3994109423E+003   0.5890577137E+000
    319600   0.3994107974E+003   0.5892026460E+000
    319700   0.3994106255E+003   0.5893745125E+000
    319800   0.3994104991E+003   0.5895008791E+000
    319900   0.3994103123E+003   0.5896876580E+000
    320000   0.3994101890E+003   0.5898110069E+000
    320100   0.3994100262E+003   0.5899738407E+000
    320200   0.3994098915E+003   0.5901084635E+000
    320300   0.3994097695E+003   0.5902304922E+000
    320400   0.3994096290E+003   0.5903710138E+000
    320500   0.3994094842E+003   0.5905158042E+000
    320600   0.3994093539E+003   0.5906461243E+000
    320700   0.3994092081E+003   0.5907918628E+000
    320800   0.3994090272E+003   0.5909728368E+000
    320900   0.3994088138E+003   0.5911862125E+000
    321000   0.3994087172E+003   0.5912827559E+000
    321100   0.3994085779E+003   0.5914220604E+000
    321200   0.3994084621E+003   0.5915379278E+000
    321300   0.3994083094E+003   0.5916905965E+000
    321400   0.3994081696E+003   0.5918303614E+000
    321500   0.3994080419E+003   0.5919580850E+000
    321600   0.3994079031E+003   0.5920969374E+000
    321700   0.3994077999E+003   0.5922001283E+000
    321800   0.3994076319E+003   0.5923681017E+000
    321900   0.3994080330E+003   0.5919670274E+000
    322000   0.3994087259E+003   0.5912740911E+000
    322100   0.3994092828E+003   0.5907172347E+000
    322200   0.3994098542E+003   0.5901458044E+000
    322300   0.3994105771E+003   0.5894228870E+000
    322400   0.3994113153E+003   0.5886846798E+000
    322500   0.3994118418E+003   0.5881581809E+000
    322600   0.3994123575E+003   0.5876425222E+000
    322700   0.3994129902E+003   0.5870098240E+000
    322800   0.3994137565E+003   0.5862435079E+000
    322900   0.3994144949E+003   0.5855051280E+000
    323000   0.3994152240E+003   0.5847759730E+000
    323100   0.3994159607E+003   0.5840393149E+000
    323200   0.3994166721E+003   0.5833278695E+000
    323300   0.3994174032E+003   0.5825967597E+000
    323400   0.3994181126E+003   0.5818874360E+000
    323500   0.3994187265E+003   0.5812735022E+000
    323600   0.3994194383E+003   0.5805616704E+000
    323700   0.3994201445E+003   0.5798555131E+000
    323800   0.3994208241E+003   0.5791759187E+000
    323900   0.3994215410E+003   0.5784589785E+000
    324000   0.3994222516E+003   0.5777484266E+000
    324100   0.3994227578E+003   0.5772421606E+000
    324200   0.3994234654E+003   0.5765346196E+000
    324300   0.3994241873E+003   0.5758126714E+000
    324400   0.3994248542E+003   0.5751457774E+000
    324500   0.3994254859E+003   0.5745141339E+000
    324600   0.3994261205E+003   0.5738795231E+000
    324700   0.3994268581E+003   0.5731418961E+000
    324800   0.3994274768E+003   0.5725232385E+000
    324900   0.3994280322E+003   0.5719678261E+000
    325000   0.3994286786E+003   0.5713213889E+000
    325100   0.3994293053E+003   0.5706947308E+000
    325200   0.3994298598E+003   0.5701401552E+000
    325300   0.3994304665E+003   0.5695334945E+000
    325400   0.3994311274E+003   0.5688726319E+000
    325500   0.3994316790E+003   0.5683210152E+000
    325600   0.3994320285E+003   0.5679714868E+000
    325700   0.3994326076E+003   0.5673924019E+000
    325800   0.3994333150E+003   0.5666850489E+000
    325900   0.3994338742E+003   0.5661257504E+000
    326000   0.3994345548E+003   0.5654451769E+000
    326100   0.3994350913E+003   0.5649087390E+000
    326200   0.3994356243E+003   0.5643756631E+000
    326300   0.3994361686E+003   0.5638314401E+000
    326400   0.3994368397E+003   0.5631602973E+000
    326500   0.3994373722E+003   0.5626277734E+000
    326600   0.3994379762E+003   0.5620237813E+000
    326700   0.3994384789E+003   0.5615211087E+000
    326800   0.3994385808E+003   0.5614192233E+000
    326900   0.3994384559E+003   0.5615440844E+000
    327000   0.3994383674E+003   0.5616326415E+000
    327100   0.3994381982E+003   0.5618018186E+000
    327200   0.3994380903E+003   0.5619096534E+000
    327300   0.3994379238E+003   0.5620761724E+000
    327400   0.3994377964E+003   0.5622035886E+000
    327500   0.3994376319E+003   0.5623681074E+000
    327600   0.3994374828E+003   0.5625172403E+000
    327700   0.3994372795E+003   0.5627205109E+000
    327800   0.3994371454E+003   0.5628546407E+000
    327900   0.3994370222E+003   0.5629778087E+000
    328000   0.3994368736E+003   0.5631264188E+000
    328100   0.3994367505E+003   0.5632494660E+000
    328200   0.3994366331E+003   0.5633669106E+000
    328300   0.3994364866E+003   0.5635133734E+000
    328400   0.3994363420E+003   0.5636580413E+000
    328500   0.3994361636E+003   0.5638364383E+000
    328600   0.3994360373E+003   0.5639627460E+000
    328700   0.3994359187E+003   0.5640812982E+000
    328800   0.3994357485E+003   0.5642514895E+000
    328900   0.3994355900E+003   0.5644100487E+000
    329000   0.3994354688E+003   0.5645311722E+000
    329100   0.3994353730E+003   0.5646269623E+000
    329200   0.3994352491E+003   0.5647508990E+000
    329300   0.3994351700E+003   0.5648300072E+000
    329400   0.3994354483E+003   0.5645517372E+000
    329500   0.3994360433E+003   0.5639567410E+000
    329600   0.3994364259E+003   0.5635740620E+000
    329700   0.3994370276E+003   0.5629724126E+000
    329800   0.3994376260E+003   0.5623740109E+000
    329900   0.3994375611E+003   0.5624388545E+000
    330000   0.3994374409E+003   0.5625590913E+000
    330100   0.3994372679E+003   0.5627321096E+000
    330200   0.3994371289E+003   0.5628711197E+000
    330300   0.3994370208E+003   0.5629792417E+000
    330400   0.3994369151E+003   0.5630849060E+000
    330500   0.3994367774E+003   0.5632226225E+000
    330600   0.3994366573E+003   0.5633426956E+000
    330700   0.3994365181E+003   0.5634818518E+000
    330800   0.3994363772E+003   0.5636228267E+000
    330900   0.3994362356E+003   0.5637644228E+000
    331000   0.3994361033E+003   0.5638966955E+000
    331100   0.3994359949E+003   0.5640051132E+000
    331200   0.3994361024E+003   0.5638975879E+000
    331300   0.3994363871E+003   0.5636128741E+000
    331400   0.3994368214E+003   0.5631785501E+000
    331500   0.3994373894E+003   0.5626105615E+000
    331600   0.3994380258E+003   0.5619741598E+000
    331700   0.3994386489E+003   0.5613510992E+000
    331800   0.3994390380E+003   0.5609620247E+000
    331900   0.3994395380E+003   0.5604619642E+000
    332000   0.3994401514E+003   0.5598485597E+000
    332100   0.3994407656E+003   0.5592343857E+000
    332200   0.3994411444E+003   0.5588556227E+000
    332300   0.3994417591E+003   0.5582409481E+000
    332400   0.3994422935E+003   0.5577065006E+000
    332500   0.3994429373E+003   0.5570626946E+000
    332600   0.3994435395E+003   0.5564604758E+000
    332700   0.3994441411E+003   0.5558589121E+000
    332800   0.3994446612E+003   0.5553388395E+000
    332900   0.3994451291E+003   0.5548709177E+000
    333000   0.3994457446E+003   0.5542553967E+000
    333100   0.3994462615E+003   0.5537384883E+000
    333200   0.3994469028E+003   0.5530971517E+000
    333300   0.3994474993E+003   0.5525006968E+000
    333400   0.3994480953E+003   0.5519047224E+000
    333500   0.3994486927E+003   0.5513072597E+000
    333600   0.3994493435E+003   0.5506564789E+000
    333700   0.3994498874E+003   0.5501125723E+000
    333800   0.3994504422E+003   0.5495577661E+000
    333900   0.3994510360E+003   0.5489639966E+000
    334000   0.3994516176E+003   0.5483824235E+000
    334100   0.3994516543E+003   0.5483456993E+000
    334200   0.3994515100E+003   0.5484899906E+000
    334300   0.3994514238E+003   0.5485761805E+000
    334400   0.3994512660E+003   0.5487340373E+000
    334500   0.3994511347E+003   0.5488653178E+000
    334600   0.3994510059E+003   0.5489940835E+000
    334700   0.3994508599E+003   0.5491401294E+000
    334800   0.3994507393E+003   0.5492607440E+000
    334900   0.3994505864E+003   0.5494136033E+000
    335000   0.3994504721E+003   0.5495278955E+000
    335100   0.3994503337E+003   0.5496662635E+000
    335200   0.3994502207E+003   0.5497793263E+000
    335300   0.3994501404E+003   0.5498595540E+000
    335400   0.3994500138E+003   0.5499862448E+000
    335500   0.3994503069E+003   0.5496930814E+000
    335600   0.3994507633E+003   0.5492367246E+000
    335700   0.3994510335E+003   0.5489665246E+000
    335800   0.3994508743E+003   0.5491257081E+000
    335900   0.3994507212E+003   0.5492787941E+000
    336000   0.3994506045E+003   0.5493955330E+000
    336100   0.3994504747E+003   0.5495253232E+000
    336200   0.3994503547E+003   0.5496453238E+000
    336300   0.3994502372E+003   0.5497628068E+000
    336400   0.3994501367E+003   0.5498633296E+000
    336500   0.3994499921E+003   0.5500079063E+000
    336600   0.3994498386E+003   0.5501613729E+000
    336700   0.3994497350E+003   0.5502650483E+000
    336800   0.3994495554E+003   0.5504445800E+000
    336900   0.3994494501E+003   0.5505498808E+000
    337000   0.3994492865E+003   0.5507135085E+000
    337100   0.3994491445E+003   0.5508554681E+000
    337200   0.3994490405E+003   0.5509594612E+000
    337300   0.3994489365E+003   0.5510635077E+000
    337400   0.3994488060E+003   0.5511939961E+000
    337500   0.3994487450E+003   0.5512550118E+000
    337600   0.3994486610E+003   0.5513390205E+000
    337700   0.3994485428E+003   0.5514571541E+000
    337800   0.3994484034E+003   0.5515966005E+000
    337900   0.3994482666E+003   0.5517333886E+000
    338000   0.3994481219E+003   0.5518781421E+000
    338100   0.3994480276E+003   0.5519724260E+000
    338200   0.3994479014E+003   0.5520985498E+000
    338300   0.3994477705E+003   0.5522295494E+000
    338400   0.3994475828E+003   0.5524172028E+000
    338500   0.3994474776E+003   0.5525224249E+000
    338600   0.3994473179E+003   0.5526821106E+000
    338700   0.3994471805E+003   0.5528195480E+000
    338800   0.3994470509E+003   0.5529491286E+000
    338900   0.3994468947E+003   0.5531052722E+000
    339000   0.3994467295E+003   0.5532705438E+000
    339100   0.3994466068E+003   0.5533931782E+000
    339200   0.3994466685E+003   0.5533315314E+000
    339300   0.3994465555E+003   0.5534445317E+000
    339400   0.3994464006E+003   0.5535994191E+000
    339500   0.3994462689E+003   0.5537311394E+000
    339600   0.3994461940E+003   0.5538060444E+000
    339700   0.3994460640E+003   0.5539360463E+000
    339800   0.3994459539E+003   0.5540460510E+000
    339900   0.3994458233E+003   0.5541766673E+000
    340000   0.3994457252E+003   0.5542748141E+000
    340100   0.3994456118E+003   0.5543881694E+000
    340200   0.3994454920E+003   0.5545079598E+000
    340300   0.3994453752E+003   0.5546247968E+000
    340400   0.3994452539E+003   0.5547460508E+000
    340500   0.3994451619E+003   0.5548380525E+000
    340600   0.3994450002E+003   0.5549997777E+000
    340700   0.3994448528E+003   0.5551471991E+000
    340800   0.3994447017E+003   0.5552983182E+000
    340900   0.3994445484E+003   0.5554515751E+000
    341000   0.3994444290E+003   0.5555709802E+000
    341100   0.3994443140E+003   0.5556860058E+000
    341200   0.3994441969E+003   0.5558031051E+000
    341300   0.3994440618E+003   0.5559382475E+000
    341400   0.3994439824E+003   0.5560175823E+000
    341500   0.3994438207E+003   0.5561793251E+000
    341600   0.3994436988E+003   0.5563012012E+000
    341700   0.3994437126E+003   0.5562874192E+000
    341800   0.3994442607E+003   0.5557393177E+000
    341900   0.3994445764E+003   0.5554236157E+000
    342000   0.3994451258E+003   0.5548741848E+000
    342100   0.3994456918E+003   0.5543082259E+000
    342200   0.3994462915E+003   0.5537085202E+000
    342300   0.3994468593E+003   0.5531406857E+000
    342400   0.3994474126E+003   0.5525873979E+000
    342500   0.3994479065E+003   0.5520935073E+000
    342600   0.3994484963E+003   0.5515037137E+000
    342700   0.3994490419E+003   0.5509580827E+000
    342800   0.3994495547E+003   0.5504453482E+000
    342900   0.3994495199E+003   0.5504800524E+000
    343000   0.3994493962E+003   0.5506038412E+000
    343100   0.3994492810E+003   0.5507190146E+000
    343200   0.3994491394E+003   0.5508605804E+000
    343300   0.3994490076E+003   0.5509924249E+000
    343400   0.3994488574E+003   0.5511426063E+000
    343500   0.3994487037E+003   0.5512962501E+000
    343600   0.3994486114E+003   0.5513885911E+000
    343700   0.3994485505E+003   0.5514494505E+000
    343800   0.3994484476E+003   0.5515523630E+000
    343900   0.3994483115E+003   0.5516884968E+000
    344000   0.3994482370E+003   0.5517630186E+000
    344100   0.3994481434E+003   0.5518566379E+000
    344200   0.3994479965E+003   0.5520034757E+000
    344300   0.3994479093E+003   0.5520906678E+000
    344400   0.3994478183E+003   0.5521816745E+000
    344500   0.3994474961E+003   0.5525039291E+000
    344600   0.3994472012E+003   0.5527988403E+000
    344700   0.3994469075E+003   0.5530924851E+000
    344800   0.3994467101E+003   0.5532898959E+000
    344900   0.3994464675E+003   0.5535324955E+000
    345000   0.3994461567E+003   0.5538432993E+000
    345100   0.3994459518E+003   0.5540481511E+000
    345200   0.3994457819E+003   0.5542180865E+000
    345300   0.3994455786E+003   0.5544213933E+000
    345400   0.3994453930E+003   0.5546069614E+000
    345500   0.3994451589E+003   0.5548411341E+000
    345600   0.3994448596E+003   0.5551403658E+000
    345700   0.3994446272E+003   0.5553728372E+000
    345800   0.3994443881E+003   0.5556119241E+000
    345900   0.3994442015E+003   0.5557985383E+000
    346000   0.3994440491E+003   0.5559509244E+000
    346100   0.3994438245E+003   0.5561754697E+000
    346200   0.3994436762E+003   0.5563238000E+000
    346300   0.3994434492E+003   0.5565508433E+000
    346400   0.3994432331E+003   0.5567669059E+000
    346500   0.3994429328E+003   0.5570672306E+000
    346600   0.3994426560E+003   0.5573439718E+000
    346700   0.3994423671E+003   0.5576329182E+000
    346800   0.3994421685E+003   0.5578315476E+000
    346900   0.3994419614E+003   0.5580385990E+000
    347000   0.3994418508E+003   0.5581491857E+000
    347100   0.3994415339E+003   0.5584661409E+000
    347200   0.3994413256E+003   0.5586743946E+000
    347300   0.3994411078E+003   0.5588922424E+000
    347400   0.3994409289E+003   0.5590710874E+000
    347500   0.3994406968E+003   0.5593032112E+000
    347600   0.3994404542E+003   0.5595457573E+000
    347700   0.3994403614E+003   0.5596386310E+000
    347800   0.3994402655E+003   0.5597345471E+000
    347900   0.3994401403E+003   0.5598597139E+000
    348000   0.3994400409E+003   0.5599590909E+000
    348100   0.3994399108E+003   0.5600892048E+000
    348200   0.3994397987E+003   0.5602013430E+000
    348300   0.3994396305E+003   0.5603695279E+000
    348400   0.3994395220E+003   0.5604780262E+000
    348500   0.3994393897E+003   0.5606102990E+000
    348600   0.3994392485E+003   0.5607514584E+000
    348700   0.3994391908E+003   0.5608092123E+000
    348800   0.3994390576E+003   0.5609423869E+000
    348900   0.3994389744E+003   0.5610256176E+000
    349000   0.3994388220E+003   0.5611780476E+000
    349100   0.3994387037E+003   0.5612962552E+000
    349200   0.3994385876E+003   0.5614123778E+000
    349300   0.3994384635E+003   0.5615365020E+000
    349400   0.3994383422E+003   0.5616577622E+000
    349500   0.3994382558E+003   0.5617442062E+000
    349600   0.3994381233E+003   0.5618767011E+000
    349700   0.3994384401E+003   0.5615599267E+000
    349800   0.3994385644E+003   0.5614356168E+000
    349900   0.3994384817E+003   0.5615182949E+000
    350000   0.3994385458E+003   0.5614542005E+000
    350100   0.3994386196E+003   0.5613804332E+000
    350200   0.3994389435E+003   0.5610565186E+000
    350300   0.3994390312E+003   0.5609688168E+000
    350400   0.3994388813E+003   0.5611187242E+000
    350500   0.3994387469E+003   0.5612531383E+000
    350600   0.3994385853E+003   0.5614147008E+000
    350700   0.3994384376E+003   0.5615624440E+000
    350800   0.3994383238E+003   0.5616762241E+000
    350900   0.3994381996E+003   0.5618004293E+000
    351000   0.3994380740E+003   0.5619259557E+000
    351100   0.3994379526E+003   0.5620473857E+000
    351200   0.3994378657E+003   0.5621343219E+000
    351300   0.3994377652E+003   0.5622347960E+000
    351400   0.3994376306E+003   0.5623694420E+000
    351500   0.3994375198E+003   0.5624802048E+000
    351600   0.3994374242E+003   0.5625757708E+000
    351700   0.3994373089E+003   0.5626910825E+000
    351800   0.3994371801E+003   0.5628199396E+000
    351900   0.3994370817E+003   0.5629183040E+000
    352000   0.3994370167E+003   0.5629832741E+000
    352100   0.3994367408E+003   0.5632591833E+000
    352200   0.3994365388E+003   0.5634612439E+000
    352300   0.3994363043E+003   0.5636956636E+000
    352400   0.3994360948E+003   0.5639052496E+000
    352500   0.3994358055E+003   0.5641945118E+000
    352600   0.3994355480E+003   0.5644519868E+000
    352700   0.3994353940E+003   0.5646059589E+000
    352800   0.3994352030E+003   0.5647969994E+000
    352900   0.3994349883E+003   0.5650117176E+000
    353000   0.3994348681E+003   0.5651318537E+000
    353100   0.3994346573E+003   0.5653427131E+000
    353200   0.3994343156E+003   0.5656843531E+000
    353300   0.3994341531E+003   0.5658468629E+000
    353400   0.3994339094E+003   0.5660906102E+000
    353500   0.3994336240E+003   0.5663760411E+000
    353600   0.3994333857E+003   0.5666142570E+000
    353700   0.3994331869E+003   0.5668131428E+000
    353800   0.3994329668E+003   0.5670331737E+000
    353900   0.3994326622E+003   0.5673377540E+000
    354000   0.3994324787E+003   0.5675213355E+000
    354100   0.3994322700E+003   0.5677299743E+000
    354200   0.3994319482E+003   0.5680517946E+000
    354300   0.3994317287E+003   0.5682713261E+000
    354400   0.3994314916E+003   0.5685084496E+000
    354500   0.3994312620E+003   0.5687379576E+000
    354600   0.3994310634E+003   0.5689365643E+000
    354700   0.3994309003E+003   0.5690997419E+000
    354800   0.3994306457E+003   0.5693542771E+000
    354900   0.3994303894E+003   0.5696106212E+000
    355000   0.3994301049E+003   0.5698951485E+000
    355100   0.3994298001E+003   0.5701998575E+000
    355200   0.3994297282E+003   0.5702717814E+000
    355300   0.3994294505E+003   0.5705494863E+000
    355400   0.3994292128E+003   0.5707872384E+000
    355500   0.3994289525E+003   0.5710474631E+000
    355600   0.3994286083E+003   0.5713916792E+000
    355700   0.3994283113E+003   0.5716887336E+000
    355800   0.3994282052E+003   0.5717947649E+000
    355900   0.3994281504E+003   0.5718495740E+000
    356000   0.3994280403E+003   0.5719596734E+000
    356100   0.3994279305E+003   0.5720695089E+000
    356200   0.3994277956E+003   0.5722043905E+000
    356300   0.3994276983E+003   0.5723016814E+000
    356400   0.3994274313E+003   0.5725686782E+000
    356500   0.3994271822E+003   0.5728178141E+000
    356600   0.3994269333E+003   0.5730667358E+000
    356700   0.3994266293E+003   0.5733706882E+000
    356800   0.3994263639E+003   0.5736361346E+000
    356900   0.3994260484E+003   0.5739515974E+000
    357000   0.3994258481E+003   0.5741518715E+000
    357100   0.3994255795E+003   0.5744204740E+000
    357200   0.3994253113E+003   0.5746887129E+000
    357300   0.3994250617E+003   0.5749382980E+000
    357400   0.3994248064E+003   0.5751935722E+000
    357500   0.3994245839E+003   0.5754160913E+000
    357600   0.3994244807E+003   0.5755192928E+000
    357700   0.3994241886E+003   0.5758114121E+000
    357800   0.3994238975E+003   0.5761024961E+000
    357900   0.3994235387E+003   0.5764613006E+000
    358000   0.3994232461E+003   0.5767538826E+000
    358100   0.3994229241E+003   0.5770759365E+000
    358200   0.3994227257E+003   0.5772742782E+000
    358300   0.3994224935E+003   0.5775064807E+000
    358400   0.3994221232E+003   0.5778767791E+000
    358500   0.3994218701E+003   0.5781299390E+000
    358600   0.3994216247E+003   0.5783753045E+000
    358700   0.3994213653E+003   0.5786347101E+000
    358800   0.3994212206E+003   0.5787794226E+000
    358900   0.3994209264E+003   0.5790736271E+000
    359000   0.3994206901E+003   0.5793098577E+000
    359100   0.3994204975E+003   0.5795025430E+000
    359200   0.3994202819E+003   0.5797180557E+000
    359300   0.3994200193E+003   0.5799807420E+000
    359400   0.3994198438E+003   0.5801561753E+000
    359500   0.3994196497E+003   0.5803502721E+000
    359600   0.3994194281E+003   0.5805718807E+000
    359700   0.3994191555E+003   0.5808444674E+000
    359800   0.3994190302E+003   0.5809697880E+000
    359900   0.3994188414E+003   0.5811585732E+000
    360000   0.3994187210E+003   0.5812789893E+000
    360100   0.3994185915E+003   0.5814084997E+000
    360200   0.3994184954E+003   0.5815045499E+000
    360300   0.3994184215E+003   0.5815784571E+000
    360400   0.3994183000E+003   0.5817000364E+000
    360500   0.3994182214E+003   0.5817786336E+000
    360600   0.3994180559E+003   0.5819440729E+000
    360700   0.3994179667E+003   0.5820332668E+000
    360800   0.3994178732E+003   0.5821268244E+000
    360900   0.3994176826E+003   0.5823173922E+000
    361000   0.3994173619E+003   0.5826380863E+000
    361100   0.3994172100E+003   0.5827899835E+000
    361200   0.3994169857E+003   0.5830143341E+000
    361300   0.3994166851E+003   0.5833149330E+000
    361400   0.3994164841E+003   0.5835158641E+000
    361500   0.3994162970E+003   0.5837030287E+000
    361600   0.3994161075E+003   0.5838925334E+000
    361700   0.3994159106E+003   0.5840894291E+000
    361800   0.3994157604E+003   0.5842395879E+000
    361900   0.3994157027E+003   0.5842973136E+000
    362000   0.3994158446E+003   0.5841554384E+000
    362100   0.3994162442E+003   0.5837558496E+000
    362200   0.3994161224E+003   0.5838775998E+000
    362300   0.3994160463E+003   0.5839536929E+000
    362400   0.3994159766E+003   0.5840233955E+000
    362500   0.3994158403E+003   0.5841597308E+000
    362600   0.3994157453E+003   0.5842547389E+000
    362700   0.3994155849E+003   0.5844150795E+000
    362800   0.3994154815E+003   0.5845185022E+000
    362900   0.3994153620E+003   0.5846379831E+000
    363000   0.3994152074E+003   0.5847926455E+000
    363100   0.3994151065E+003   0.5848935326E+000
    363200   0.3994150332E+003   0.5849668031E+000
    363300   0.3994149253E+003   0.5850747339E+000
    363400   0.3994147708E+003   0.5852292017E+000
    363500   0.3994146616E+003   0.5853384040E+000
    363600   0.3994145200E+003   0.5854799528E+000
    363700   0.3994144799E+003   0.5855200840E+000
    363800   0.3994144110E+003   0.5855890017E+000
    363900   0.3994141236E+003   0.5858764356E+000
    364000   0.3994139044E+003   0.5860956247E+000
    364100   0.3994136749E+003   0.5863250779E+000
    364200   0.3994134006E+003   0.5865993882E+000
    364300   0.3994131659E+003   0.5868341230E+000
    364400   0.3994129597E+003   0.5870403419E+000
    364500   0.3994127686E+003   0.5872313645E+000
    364600   0.3994126399E+003   0.5873600859E+000
    364700   0.3994123862E+003   0.5876138247E+000
    364800   0.3994122304E+003   0.5877696100E+000
    364900   0.3994119158E+003   0.5880842450E+000
    365000   0.3994116280E+003   0.5883719527E+000
    365100   0.3994114140E+003   0.5885859541E+000
    365200   0.3994112683E+003   0.5887317388E+000
    365300   0.3994111124E+003   0.5888875740E+000
    365400   0.3994108698E+003   0.5891301851E+000
    365500   0.3994106773E+003   0.5893227053E+000
    365600   0.3994104037E+003   0.5895963193E+000
    365700   0.3994099558E+003   0.5900442167E+000
    365800   0.3994096424E+003   0.5903576433E+000
    365900   0.3994092575E+003   0.5907425120E+000
    366000   0.3994090158E+003   0.5909842286E+000
    366100   0.3994088450E+003   0.5911550254E+000
    366200   0.3994085725E+003   0.5914274588E+000
    366300   0.3994084137E+003   0.5915863121E+000
    366400   0.3994082166E+003   0.5917834403E+000
    366500   0.3994080609E+003   0.5919390555E+000
    366600   0.3994078284E+003   0.5921716184E+000
    366700   0.3994075565E+003   0.5924434777E+000
    366800   0.3994073737E+003   0.5926262572E+000
    366900   0.3994071798E+003   0.5928202180E+000
    367000   0.3994070127E+003   0.5929872745E+000
    367100   0.3994067076E+003   0.5932924180E+000
    367200   0.3994063981E+003   0.5936019382E+000
    367300   0.3994059956E+003   0.5940044046E+000
    367400   0.3994057332E+003   0.5942668412E+000
    367500   0.3994055609E+003   0.5944390819E+000
    367600   0.3994053769E+003   0.5946231046E+000
    367700   0.3994051970E+003   0.5948029883E+000
    367800   0.3994049971E+003   0.5950029045E+000
    367900   0.3994047769E+003   0.5952230534E+000
    368000   0.3994045878E+003   0.5954121567E+000
    368100   0.3994043761E+003   0.5956238727E+000
    368200   0.3994043119E+003   0.5956880844E+000
    368300   0.3994041134E+003   0.5958866494E+000
    368400   0.3994037976E+003   0.5962024194E+000
    368500   0.3994036416E+003   0.5963583908E+000
    368600   0.3994033860E+003   0.5966139629E+000
    368700   0.3994031913E+003   0.5968087416E+000
    368800   0.3994029236E+003   0.5970763766E+000
    368900   0.3994027349E+003   0.5972651178E+000
    369000   0.3994026362E+003   0.5973638315E+000
    369100   0.3994025724E+003   0.5974276347E+000
    369200   0.3994024760E+003   0.5975240096E+000
    369300   0.3994022201E+003   0.5977799046E+000
    369400   0.3994019722E+003   0.5980277985E+000
    369500   0.3994016699E+003   0.5983301318E+000
    369600   0.3994013815E+003   0.5986184925E+000
    369700   0.3994011146E+003   0.5988853915E+000
    369800   0.3994007614E+003   0.5992386195E+000
    369900   0.3994004251E+003   0.5995749388E+000
    370000   0.3994003039E+003   0.5996961073E+000
    370100   0.3994001261E+003   0.5998739212E+000
    370200   0.3993998628E+003   0.6001371774E+000
    370300   0.3993995285E+003   0.6004714738E+000
    370400   0.3993993394E+003   0.6006606409E+000
    370500   0.3993990200E+003   0.6009799722E+000
    370600   0.3993987996E+003   0.6012004063E+000
    370700   0.3993986797E+003   0.6013203441E+000
    370800   0.3993985258E+003   0.6014741710E+000
    370900   0.3993983354E+003   0.6016646069E+000
    371000   0.3993980623E+003   0.6019377265E+000
    371100   0.3993979151E+003   0.6020849252E+000
    371200   0.3993976609E+003   0.6023390970E+000
    371300   0.3993975416E+003   0.6024583829E+000
    371400   0.3993973555E+003   0.6026444692E+000
    371500   0.3993970618E+003   0.6029382419E+000
    371600   0.3993968575E+003   0.6031424598E+000
    371700   0.3993966301E+003   0.6033698723E+000
    371800   0.3993964639E+003   0.6035361440E+000
    371900   0.3993964000E+003   0.6035999885E+000
    372000   0.3993962923E+003   0.6037077069E+000
    372100   0.3993961707E+003   0.6038293339E+000
    372200   0.3993960629E+003   0.6039371182E+000
    372300   0.3993959724E+003   0.6040276245E+000
    372400   0.3993958323E+003   0.6041676726E+000
    372500   0.3993957203E+003   0.6042796636E+000
    372600   0.3993956044E+003   0.6043956448E+000
    372700   0.3993954280E+003   0.6045720053E+000
    372800   0.3993953229E+003   0.6046771197E+000
    372900   0.3993952144E+003   0.6047855512E+000
    373000   0.3993951490E+003   0.6048510080E+000
    373100   0.3993950701E+003   0.6049299059E+000
    373200   0.3993949641E+003   0.6050359306E+000
    373300   0.3993948742E+003   0.6051257931E+000
    373400   0.3993947406E+003   0.6052594389E+000
    373500   0.3993945877E+003   0.6054122944E+000
    373600   0.3993943482E+003   0.6056517922E+000
    373700   0.3993941646E+003   0.6058354035E+000
    373800   0.3993938915E+003   0.6061084823E+000
    373900   0.3993935920E+003   0.6064080212E+000
    374000   0.3993934122E+003   0.6065878266E+000
    374100   0.3993931638E+003   0.6068361675E+000
    374200   0.3993929985E+003   0.6070015234E+000
    374300   0.3993927798E+003   0.6072201957E+000
    374400   0.3993925660E+003   0.6074339945E+000
    374500   0.3993923187E+003   0.6076813140E+000
    374600   0.3993922464E+003   0.6077535593E+000
    374700   0.3993920424E+003   0.6079576475E+000
    374800   0.3993919125E+003   0.6080875058E+000
    374900   0.3993917158E+003   0.6082842442E+000
    375000   0.3993915227E+003   0.6084773195E+000
    375100   0.3993913032E+003   0.6086967835E+000
    375200   0.3993910742E+003   0.6089257574E+000
    375300   0.3993909442E+003   0.6090558056E+000
    375400   0.3993906670E+003   0.6093330136E+000
    375500   0.3993905233E+003   0.6094766579E+000
    375600   0.3993903835E+003   0.6096164917E+000
    375700   0.3993901561E+003   0.6098438803E+000
    375800   0.3993899849E+003   0.6100151215E+000
    375900   0.3993898840E+003   0.6101159819E+000
    376000   0.3993898041E+003   0.6101959477E+000
    376100   0.3993896970E+003   0.6103029883E+000
    376200   0.3993895833E+003   0.6104166773E+000
    376300   0.3993895115E+003   0.6104885038E+000
    376400   0.3993894022E+003   0.6105977685E+000
    376500   0.3993893216E+003   0.6106783665E+000
    376600   0.3993892182E+003   0.6107818172E+000
    376700   0.3993891337E+003   0.6108662658E+000
    376800   0.3993890397E+003   0.6109602568E+000
    376900   0.3993889348E+003   0.6110651590E+000
    377000   0.3993888344E+003   0.6111655935E+000
    377100   0.3993887291E+003   0.6112709497E+000
    377200   0.3993885919E+003   0.6114081074E+000
    377300   0.3993884769E+003   0.6115230995E+000
    377400   0.3993883938E+003   0.6116062384E+000
    377500   0.3993887921E+003   0.6112078617E+000
    377600   0.3993891159E+003   0.6108840942E+000
    377700   0.3993891664E+003   0.6108335859E+000
    377800   0.3993890349E+003   0.6109650779E+000
    377900   0.3993889557E+003   0.6110442755E+000
    378000   0.3993888514E+003   0.6111485998E+000
    378100   0.3993887351E+003   0.6112648822E+000
    378200   0.3993886456E+003   0.6113543582E+000
    378300   0.3993885271E+003   0.6114728556E+000
    378400   0.3993884593E+003   0.6115406795E+000
    378500   0.3993883830E+003   0.6116169650E+000
    378600   0.3993882881E+003   0.6117119489E+000
    378700   0.3993881831E+003   0.6118169358E+000
    378800   0.3993880897E+003   0.6119102645E+000
    378900   0.3993879986E+003   0.6120013533E+000
    379000   0.3993879121E+003   0.6120879169E+000
    379100   0.3993878062E+003   0.6121937946E+000
    379200   0.3993877099E+003   0.6122901161E+000
    379300   0.3993875518E+003   0.6124482303E+000
    379400   0.3993874507E+003   0.6125492961E+000
    379500   0.3993873353E+003   0.6126646849E+000
    379600   0.3993872310E+003   0.6127690070E+000
    379700   0.3993871315E+003   0.6128684549E+000
    379800   0.3993870072E+003   0.6129928387E+000
    379900   0.3993868969E+003   0.6131030543E+000
    380000   0.3993868149E+003   0.6131850856E+000
    380100   0.3993867110E+003   0.6132890316E+000
    380200   0.3993869264E+003   0.6130735500E+000
    380300   0.3993873869E+003   0.6126130537E+000
    380400   0.3993878117E+003   0.6121882602E+000
    380500   0.3993883849E+003   0.6116151193E+000
    380600   0.3993889812E+003   0.6110187783E+000
    380700   0.3993895186E+003   0.6104814345E+000
    380800   0.3993901070E+003   0.6098930290E+000
    380900   0.3993906774E+003   0.6093225715E+000
    381000   0.3993912681E+003   0.6087319496E+000
    381100   0.3993918553E+003   0.6081446519E+000
    381200   0.3993923024E+003   0.6076976276E+000
    381300   0.3993928293E+003   0.6071706503E+000
    381400   0.3993933784E+003   0.6066216178E+000
    381500   0.3993939395E+003   0.6060604897E+000
    381600   0.3993944816E+003   0.6055183666E+000
    381700   0.3993950620E+003   0.6049379592E+000
    381800   0.3993956686E+003   0.6043314266E+000
    381900   0.3993962311E+003   0.6037689128E+000
    382000   0.3993967474E+003   0.6032525972E+000
    382100   0.3993972705E+003   0.6027294987E+000
    382200   0.3993978882E+003   0.6021117534E+000
    382300   0.3993983009E+003   0.6016990975E+000
    382400   0.3993988023E+003   0.6011976884E+000
    382500   0.3993993886E+003   0.6006113681E+000
    382600   0.3993999768E+003   0.6000231720E+000
    382700   0.3994005289E+003   0.5994711142E+000
    382800   0.3994010172E+003   0.5989828416E+000
    382900   0.3994014972E+003   0.5985027552E+000
    383000   0.3994020641E+003   0.5979358728E+000
    383100   0.3994025818E+003   0.5974182162E+000
    383200   0.3994031021E+003   0.5968979253E+000
    383300   0.3994036739E+003   0.5963260967E+000
    383400   0.3994042688E+003   0.5957311720E+000
    383500   0.3994048141E+003   0.5951858526E+000
    383600   0.3994053661E+003   0.5946338921E+000
    383700   0.3994059758E+003   0.5940242068E+000
    383800   0.3994065620E+003   0.5934379501E+000
    383900   0.3994071371E+003   0.5928629174E+000
    384000   0.3994076511E+003   0.5923489403E+000
    384100   0.3994081902E+003   0.5918098112E+000
    384200   0.3994087330E+003   0.5912670436E+000
    384300   0.3994091630E+003   0.5908369656E+000
    384400   0.3994096948E+003   0.5903051503E+000
    384500   0.3994102635E+003   0.5897364993E+000
    384600   0.3994108375E+003   0.5891625249E+000
    384700   0.3994114218E+003   0.5885782211E+000
    384800   0.3994120076E+003   0.5879923722E+000
    384900   0.3994125927E+003   0.5874072941E+000
    385000   0.3994131467E+003   0.5868533033E+000
    385100   0.3994136614E+003   0.5863386031E+000
    385200   0.3994141921E+003   0.5858078804E+000
    385300   0.3994147420E+003   0.5852580019E+000
    385400   0.3994151526E+003   0.5848473863E+000
    385500   0.3994150559E+003   0.5849440933E+000
    385600   0.3994148965E+003   0.5851034671E+000
    385700   0.3994148130E+003   0.5851869636E+000
    385800   0.3994147344E+003   0.5852656285E+000
    385900   0.3994146130E+003   0.5853869874E+000
    386000   0.3994145317E+003   0.5854682665E+000
    386100   0.3994144591E+003   0.5855408775E+000
    386200   0.3994143685E+003   0.5856315244E+000
    386300   0.3994142767E+003   0.5857233178E+000
    386400   0.3994141950E+003   0.5858049739E+000
    386500   0.3994141223E+003   0.5858777409E+000
    386600   0.3994139915E+003   0.5860084826E+000
    386700   0.3994138943E+003   0.5861057066E+000
    386800   0.3994137938E+003   0.5862061919E+000
    386900   0.3994136424E+003   0.5863575819E+000
    387000   0.3994134293E+003   0.5865707430E+000
    387100   0.3994132997E+003   0.5867002950E+000
    387200   0.3994132121E+003   0.5867878781E+000
    387300   0.3994131250E+003   0.5868749779E+000
    387400   0.3994130371E+003   0.5869629430E+000
    387500   0.3994133337E+003   0.5866663099E+000
    387600   0.3994138268E+003   0.5861732226E+000
    387700   0.3994142553E+003   0.5857446938E+000
    387800   0.3994147994E+003   0.5852006359E+000
    387900   0.3994153384E+003   0.5846616183E+000
    388000   0.3994158803E+003   0.5841197394E+000
    388100   0.3994164454E+003   0.5835546384E+000
    388200   0.3994169697E+003   0.5830303433E+000
    388300   0.3994174828E+003   0.5825171602E+000
    388400   0.3994179927E+003   0.5820072686E+000
    388500   0.3994185274E+003   0.5814726282E+000
    388600   0.3994188722E+003   0.5811278040E+000
    388700   0.3994192805E+003   0.5807195028E+000
    388800   0.3994197158E+003   0.5802841921E+000
    388900   0.3994202168E+003   0.5797831638E+000
    389000   0.3994207066E+003   0.5792933874E+000
    389100   0.3994211617E+003   0.5788383425E+000
    389200   0.3994216224E+003   0.5783776113E+000
    389300   0.3994221255E+003   0.5778745049E+000
    389400   0.3994224800E+003   0.5775200109E+000
    389500   0.3994228570E+003   0.5771430326E+000
    389600   0.3994232338E+003   0.5767661767E+000
    389700   0.3994232613E+003   0.5767387166E+000
    389800   0.3994231814E+003   0.5768186420E+000
    389900   0.3994230888E+003   0.5769111533E+000
    390000   0.3994229940E+003   0.5770059566E+000
    390100   0.3994228715E+003   0.5771285187E+000
    390200   0.3994227877E+003   0.5772123450E+000
    390300   0.3994227328E+003   0.5772671574E+000
    390400   0.3994226418E+003   0.5773581760E+000
    390500   0.3994225567E+003   0.5774432829E+000
    390600   0.3994224471E+003   0.5775528584E+000
    390700   0.3994222881E+003   0.5777119202E+000
    390800   0.3994222135E+003   0.5777864692E+000
    390900   0.3994221172E+003   0.5778827620E+000
    391000   0.3994220240E+003   0.5779759870E+000
    391100   0.3994219376E+003   0.5780624014E+000
    391200   0.3994217959E+003   0.5782040940E+000
    391300   0.3994216685E+003   0.5783315144E+000
    391400   0.3994215796E+003   0.5784203513E+000
    391500   0.3994214484E+003   0.5785516416E+000
    391600   0.3994213479E+003   0.5786521026E+000
    391700   0.3994212654E+003   0.5787345819E+000
    391800   0.3994211938E+003   0.5788062323E+000
    391900   0.3994210677E+003   0.5789322835E+000
    392000   0.3994209748E+003   0.5790252064E+000
    392100   0.3994208702E+003   0.5791298035E+000
    392200   0.3994207755E+003   0.5792245361E+000
    392300   0.3994207042E+003   0.5792957553E+000
    392400   0.3994205906E+003   0.5794093528E+000
    392500   0.3994205251E+003   0.5794748968E+000
    392600   0.3994204319E+003   0.5795680506E+000
    392700   0.3994203588E+003   0.5796412365E+000
    392800   0.3994202611E+003   0.5797389235E+000
    392900   0.3994201491E+003   0.5798508956E+000
    393000   0.3994200443E+003   0.5799557396E+000
    393100   0.3994202584E+003   0.5797416031E+000
    393200   0.3994206971E+003   0.5793028636E+000
    393300   0.3994212288E+003   0.5787712280E+000
    393400   0.3994216315E+003   0.5783685179E+000
    393500   0.3994221121E+003   0.5778878827E+000
    393600   0.3994225794E+003   0.5774205984E+000
    393700   0.3994231147E+003   0.5768852754E+000
    393800   0.3994232216E+003   0.5767783639E+000
    393900   0.3994230625E+003   0.5769375441E+000
    394000   0.3994229422E+003   0.5770578384E+000
    394100   0.3994228223E+003   0.5771777170E+000
    394200   0.3994226985E+003   0.5773015279E+000
    394300   0.3994226390E+003   0.5773609882E+000
    394400   0.3994225426E+003   0.5774573542E+000
    394500   0.3994224253E+003   0.5775746778E+000
    394600   0.3994223279E+003   0.5776721322E+000
    394700   0.3994222414E+003   0.5777585642E+000
    394800   0.3994221242E+003   0.5778758138E+000
    394900   0.3994220239E+003   0.5779760933E+000
    395000   0.3994219510E+003   0.5780489503E+000
    395100   0.3994220722E+003   0.5779278126E+000
    395200   0.3994224212E+003   0.5775788049E+000
    395300   0.3994229438E+003   0.5770562242E+000
    395400   0.3994234517E+003   0.5765482678E+000
    395500   0.3994238862E+003   0.5761137896E+000
    395600   0.3994243517E+003   0.5756482953E+000
    395700   0.3994248486E+003   0.5751513955E+000
    395800   0.3994252986E+003   0.5747013525E+000
    395900   0.3994257237E+003   0.5742762874E+000
    396000   0.3994262393E+003   0.5737607117E+000
    396100   0.3994265554E+003   0.5734445521E+000
    396200   0.3994265388E+003   0.5734611994E+000
    396300   0.3994264286E+003   0.5735714492E+000
    396400   0.3994263347E+003   0.5736652733E+000
    396500   0.3994262169E+003   0.5737830805E+000
    396600   0.3994261197E+003   0.5738802992E+000
    396700   0.3994260132E+003   0.5739867595E+000
    396800   0.3994259281E+003   0.5740719440E+000
    396900   0.3994258193E+003   0.5741807465E+000
    397000   0.3994257173E+003   0.5742826902E+000
    397100   0.3994256355E+003   0.5743645395E+000
    397200   0.3994255110E+003   0.5744889568E+000
    397300   0.3994254242E+003   0.5745757536E+000
    397400   0.3994253769E+003   0.5746230800E+000
    397500   0.3994257456E+003   0.5742543734E+000
    397600   0.3994262148E+003   0.5737851833E+000
    397700   0.3994266715E+003   0.5733284793E+000
    397800   0.3994271838E+003   0.5728162420E+000
    397900   0.3994277072E+003   0.5722927538E+000
    398000   0.3994281935E+003   0.5718065465E+000
    398100   0.3994286626E+003   0.5713373700E+000
    398200   0.3994291346E+003   0.5708654049E+000
    398300   0.3994295288E+003   0.5704711571E+000
    398400   0.3994299532E+003   0.5700467910E+000
    398500   0.3994304945E+003   0.5695054564E+000
    398600   0.3994310378E+003   0.5689622007E+000
    398700   0.3994315340E+003   0.5684659726E+000
    398800   0.3994320325E+003   0.5679674614E+000
    398900   0.3994325006E+003   0.5674994146E+000
    399000   0.3994329536E+003   0.5670464201E+000
    399100   0.3994334711E+003   0.5665288738E+000
    399200   0.3994339732E+003   0.5660268493E+000
    399300   0.3994344483E+003   0.5655516875E+000
    399400   0.3994349358E+003   0.5650642299E+000
    399500   0.3994353161E+003   0.5646839112E+000
    399600   0.3994357886E+003   0.5642113571E+000
    399700   0.3994362769E+003   0.5637231328E+000
    399800   0.3994367503E+003   0.5632497240E+000
    399900   0.3994372280E+003   0.5627719947E+000
    400000   0.3994377322E+003   0.5622678235E+000
    400100   0.3994382341E+003   0.5617659231E+000
    400200   0.3994387175E+003   0.5612825129E+000
    400300   0.3994392402E+003   0.5607598086E+000
    400400   0.3994397172E+003   0.5602827867E+000
    400500   0.3994401383E+003   0.5598617487E+000
    400600   0.3994404864E+003   0.5595136076E+000
    400700   0.3994408668E+003   0.5591331810E+000
    400800   0.3994412828E+003   0.5587171516E+000
    400900   0.3994416690E+003   0.5583310184E+000
    401000   0.3994421349E+003   0.5578651421E+000
    401100   0.3994425459E+003   0.5574540887E+000
    401200   0.3994427686E+003   0.5572314485E+000
    401300   0.3994429339E+003   0.5570660623E+000
    401400   0.3994433061E+003   0.5566939256E+000
    401500   0.3994437140E+003   0.5562860089E+000
    401600   0.3994439891E+003   0.5560108722E+000
    401700   0.3994444907E+003   0.5555092569E+000
    401800   0.3994449019E+003   0.5550981050E+000
    401900   0.3994452808E+003   0.5547192460E+000
    402000   0.3994455585E+003   0.5544415068E+000
    402100   0.3994460155E+003   0.5539844741E+000
    402200   0.3994464676E+003   0.5535324116E+000
    402300   0.3994469511E+003   0.5530488998E+000
    402400   0.3994474007E+003   0.5525992601E+000
    402500   0.3994478355E+003   0.5521644533E+000
    402600   0.3994480467E+003   0.5519533391E+000
    402700   0.3994479513E+003   0.5520487190E+000
    402800   0.3994478698E+003   0.5521301813E+000
    402900   0.3994477623E+003   0.5522377176E+000
    403000   0.3994476443E+003   0.5523557055E+000
    403100   0.3994475372E+003   0.5524628368E+000
    403200   0.3994474558E+003   0.5525441816E+000
    403300   0.3994473744E+003   0.5526255812E+000
    403400   0.3994472815E+003   0.5527185225E+000
    403500   0.3994471777E+003   0.5528223228E+000
    403600   0.3994470870E+003   0.5529130425E+000
    403700   0.3994469873E+003   0.5530126673E+000
    403800   0.3994469305E+003   0.5530694853E+000
    403900   0.3994468500E+003   0.5531499625E+000
    404000   0.3994467154E+003   0.5532845933E+000
    404100   0.3994466126E+003   0.5533873819E+000
    404200   0.3994465126E+003   0.5534873655E+000
    404300   0.3994464212E+003   0.5535787571E+000
    404400   0.3994462850E+003   0.5537149971E+000
    404500   0.3994462012E+003   0.5537988384E+000
    404600   0.3994461050E+003   0.5538949900E+000
    404700   0.3994459988E+003   0.5540012137E+000
    404800   0.3994459067E+003   0.5540933246E+000
    404900   0.3994457884E+003   0.5542115836E+000
    405000   0.3994456621E+003   0.5543378574E+000
    405100   0.3994455641E+003   0.5544359049E+000
    405200   0.3994454600E+003   0.5545399512E+000
    405300   0.3994453736E+003   0.5546263837E+000
    405400   0.3994452887E+003   0.5547113277E+000
    405500   0.3994452234E+003   0.5547765705E+000
    405600   0.3994451081E+003   0.5548919364E+000
    405700   0.3994449990E+003   0.5550009589E+000
    405800   0.3994449260E+003   0.5550739954E+000
    405900   0.3994448191E+003   0.5551808839E+000
    406000   0.3994447196E+003   0.5552803663E+000
    406100   0.3994446307E+003   0.5553693478E+000
    406200   0.3994444426E+003   0.5555574474E+000
    406300   0.3994442416E+003   0.5557584205E+000
    406400   0.3994440386E+003   0.5559613892E+000
    406500   0.3994437979E+003   0.5562020505E+000
    406600   0.3994434963E+003   0.5565037136E+000
    406700   0.3994433594E+003   0.5566406181E+000
    406800   0.3994431227E+003   0.5568773464E+000
    406900   0.3994429176E+003   0.5570823619E+000
    407000   0.3994426607E+003   0.5573393065E+000
    407100   0.3994425155E+003   0.5574844755E+000
    407200   0.3994422682E+003   0.5577318007E+000
    407300   0.3994419389E+003   0.5580611361E+000
    407400   0.3994416611E+003   0.5583388777E+000
    407500   0.3994414373E+003   0.5585626543E+000
    407600   0.3994411501E+003   0.5588499069E+000
    407700   0.3994410282E+003   0.5589718093E+000
    407800   0.3994407372E+003   0.5592627573E+000
    407900   0.3994405244E+003   0.5594755558E+000
    408000   0.3994402389E+003   0.5597610789E+000
    408100   0.3994399853E+003   0.5600147445E+000
    408200   0.3994397615E+003   0.5602384620E+000
    408300   0.3994393283E+003   0.5606717238E+000
    408400   0.3994391520E+003   0.5608479587E+000
    408500   0.3994389411E+003   0.5610589002E+000
    408600   0.3994387283E+003   0.5612717239E+000
    408700   0.3994386163E+003   0.5613836858E+000
    408800   0.3994384101E+003   0.5615898556E+000
    408900   0.3994382052E+003   0.5617947608E+000
    409000   0.3994380065E+003   0.5619934744E+000
    409100   0.3994378721E+003   0.5621278976E+000
    409200   0.3994377143E+003   0.5622856986E+000
    409300   0.3994374840E+003   0.5625160345E+000
    409400   0.3994372342E+003   0.5627658281E+000
    409500   0.3994369966E+003   0.5630034375E+000
    409600   0.3994368141E+003   0.5631858728E+000
    409700   0.3994365500E+003   0.5634499759E+000
    409800   0.3994363607E+003   0.5636392511E+000
    409900   0.3994360453E+003   0.5639546815E+000
    410000   0.3994358385E+003   0.5641615463E+000
    410100   0.3994355727E+003   0.5644272766E+000
    410200   0.3994352649E+003   0.5647351165E+000
    410300   0.3994350438E+003   0.5649562276E+000
    410400   0.3994349054E+003   0.5650945691E+000
    410500   0.3994346043E+003   0.5653957358E+000
    410600   0.3994344280E+003   0.5655720380E+000
    410700   0.3994343394E+003   0.5656605795E+000
    410800   0.3994342451E+003   0.5657548916E+000
    410900   0.3994341375E+003   0.5658624915E+000
    411000   0.3994340333E+003   0.5659667344E+000
    411100   0.3994340101E+003   0.5659899340E+000
    411200   0.3994339028E+003   0.5660972211E+000
    411300   0.3994338019E+003   0.5661980963E+000
    411400   0.3994337030E+003   0.5662969972E+000
    411500   0.3994336085E+003   0.5663915215E+000
    411600   0.3994335293E+003   0.5664706667E+000
    411700   0.3994334166E+003   0.5665834467E+000
    411800   0.3994332926E+003   0.5667074422E+000
    411900   0.3994332304E+003   0.5667695841E+000
    412000   0.3994331217E+003   0.5668783357E+000
    412100   0.3994330299E+003   0.5669700553E+000
    412200   0.3994329441E+003   0.5670558553E+000
    412300   0.3994328192E+003   0.5671807634E+000
    412400   0.3994327357E+003   0.5672642734E+000
    412500   0.3994326699E+003   0.5673301256E+000
    412600   0.3994325745E+003   0.5674255099E+000
    412700   0.3994324723E+003   0.5675277060E+000
    412800   0.3994323804E+003   0.5676196096E+000
    412900   0.3994322858E+003   0.5677142231E+000
    413000   0.3994322256E+003   0.5677744266E+000
    413100   0.3994320988E+003   0.5679011509E+000
    413200   0.3994319996E+003   0.5680004163E+000
    413300   0.3994318832E+003   0.5681167997E+000
    413400   0.3994318197E+003   0.5681802671E+000
    413500   0.3994317169E+003   0.5682831337E+000
    413600   0.3994316121E+003   0.5683878860E+000
    413700   0.3994315219E+003   0.5684780776E+000
    413800   0.3994313727E+003   0.5686273244E+000
    413900   0.3994312638E+003   0.5687361863E+000
    414000   0.3994311798E+003   0.5688201799E+000
    414100   0.3994310881E+003   0.5689119326E+000
    414200   0.3994309078E+003   0.5690921507E+000
    414300   0.3994307421E+003   0.5692578886E+000
    414400   0.3994305249E+003   0.5694750870E+000
    414500   0.3994303959E+003   0.5696041404E+000
    414600   0.3994302232E+003   0.5697768258E+000
    414700   0.3994300830E+003   0.5699170137E+000
    414800   0.3994298854E+003   0.5701146138E+000
    414900   0.3994297730E+003   0.5702270409E+000
    415000   0.3994295562E+003   0.5704437501E+000
    415100   0.3994292763E+003   0.5707236910E+000
    415200   0.3994290641E+003   0.5709359399E+000
    415300   0.3994288474E+003   0.5711526275E+000
    415400   0.3994287643E+003   0.5712356979E+000
    415500   0.3994286477E+003   0.5713522741E+000
    415600   0.3994283979E+003   0.5716020564E+000
    415700   0.3994281840E+003   0.5718159600E+000
    415800   0.3994280210E+003   0.5719789770E+000
    415900   0.3994278261E+003   0.5721739408E+000
    416000   0.3994277245E+003   0.5722755169E+000
    416100   0.3994275520E+003   0.5724479686E+000
    416200   0.3994273899E+003   0.5726101358E+000
    416300   0.3994272152E+003   0.5727847627E+000
    416400   0.3994271317E+003   0.5728682698E+000
    416500   0.3994270353E+003   0.5729647146E+000
    416600   0.3994269626E+003   0.5730373940E+000
    416700   0.3994268758E+003   0.5731242249E+000
    416800   0.3994267760E+003   0.5732239899E+000
    416900   0.3994266891E+003   0.5733109149E+000
    417000   0.3994265684E+003   0.5734316398E+000
    417100   0.3994264637E+003   0.5735363013E+000
    417200   0.3994263693E+003   0.5736306520E+000
    417300   0.3994262508E+003   0.5737492323E+000
    417400   0.3994261696E+003   0.5738304022E+000
    417500   0.3994260950E+003   0.5739049822E+000
    417600   0.3994259609E+003   0.5740390810E+000
    417700   0.3994258742E+003   0.5741257643E+000
    417800   0.3994257917E+003   0.5742082977E+000
    417900   0.3994262167E+003   0.5737833408E+000
    418000   0.3994267265E+003   0.5732735210E+000
    418100   0.3994271743E+003   0.5728256917E+000
    418200   0.3994276533E+003   0.5723467151E+000
    418300   0.3994281495E+003   0.5718505033E+000
    418400   0.3994286358E+003   0.5713641856E+000
    418500   0.3994291101E+003   0.5708899412E+000
    418600   0.3994295886E+003   0.5704114251E+000
    418700   0.3994300161E+003   0.5699839214E+000
    418800   0.3994304758E+003   0.5695241888E+000
    418900   0.3994305652E+003   0.5694347984E+000
    419000   0.3994305300E+003   0.5694699684E+000
    419100   0.3994304546E+003   0.5695454152E+000
    419200   0.3994303236E+003   0.5696764052E+000
    419300   0.3994302347E+003   0.5697652640E+000
    419400   0.3994301273E+003   0.5698726585E+000
    419500   0.3994300073E+003   0.5699926595E+000
    419600   0.3994299040E+003   0.5700960301E+000
    419700   0.3994298177E+003   0.5701822901E+000
    419800   0.3994297151E+003   0.5702849126E+000
    419900   0.3994296236E+003   0.5703764489E+000
    420000   0.3994296554E+003   0.5703446283E+000
    420100   0.3994300458E+003   0.5699541908E+000
    420200   0.3994304513E+003   0.5695487004E+000
    420300   0.3994308978E+003   0.5691022438E+000
    420400   0.3994313606E+003   0.5686394294E+000
    420500   0.3994318106E+003   0.5681893528E+000
    420600   0.3994322683E+003   0.5677317329E+000
    420700   0.3994326777E+003   0.5673223148E+000
    420800   0.3994331091E+003   0.5668909006E+000
    420900   0.3994335117E+003   0.5664882726E+000
    421000   0.3994339082E+003   0.5660918154E+000
    421100   0.3994343767E+003   0.5656233266E+000
    421200   0.3994348375E+003   0.5651625285E+000
    421300   0.3994353163E+003   0.5646836698E+000
    421400   0.3994357772E+003   0.5642228329E+000
    421500   0.3994362452E+003   0.5637548302E+000
    421600   0.3994367001E+003   0.5632998874E+000
    421700   0.3994371883E+003   0.5628116637E+000
    421800   0.3994376280E+003   0.5623720278E+000
    421900   0.3994379386E+003   0.5620614276E+000
    422000   0.3994382927E+003   0.5617073275E+000
    422100   0.3994387417E+003   0.5612582567E+000
    422200   0.3994391424E+003   0.5608576274E+000
    422300   0.3994395820E+003   0.5604179560E+000
    422400   0.3994400020E+003   0.5599979953E+000
    422500   0.3994404776E+003   0.5595223565E+000
    422600   0.3994409194E+003   0.5590806090E+000
    422700   0.3994412869E+003   0.5587130751E+000
    422800   0.3994414112E+003   0.5585888194E+000
    422900   0.3994413246E+003   0.5586753878E+000
    423000   0.3994412364E+003   0.5587635665E+000
    423100   0.3994411420E+003   0.5588580055E+000
    423200   0.3994410498E+003   0.5589502466E+000
    423300   0.3994409467E+003   0.5590533137E+000
    423400   0.3994408351E+003   0.5591649498E+000
    423500   0.3994407765E+003   0.5592234735E+000
    423600   0.3994407128E+003   0.5592871670E+000
    423700   0.3994406471E+003   0.5593528668E+000
    423800   0.3994405457E+003   0.5594542717E+000
    423900   0.3994404529E+003   0.5595471164E+000
    424000   0.3994403747E+003   0.5596253324E+000
    424100   0.3994402957E+003   0.5597042677E+000
    424200   0.3994402125E+003   0.5597875181E+000
    424300   0.3994401274E+003   0.5598725903E+000
    424400   0.3994400059E+003   0.5599940842E+000
    424500   0.3994399079E+003   0.5600921258E+000
    424600   0.3994398920E+003   0.5601080447E+000
    424700   0.3994400345E+003   0.5599654874E+000
    424800   0.3994400888E+003   0.5599111893E+000
    424900   0.3994400075E+003   0.5599924807E+000
    425000   0.3994399024E+003   0.5600976139E+000
    425100   0.3994397922E+003   0.5602078372E+000
    425200   0.3994396951E+003   0.5603048691E+000
    425300   0.3994396303E+003   0.5603697151E+000
    425400   0.3994395307E+003   0.5604693497E+000
    425500   0.3994394397E+003   0.5605602688E+000
    425600   0.3994393613E+003   0.5606387219E+000
    425700   0.3994392224E+003   0.5607775894E+000
    425800   0.3994391722E+003   0.5608278413E+000
    425900   0.3994390789E+003   0.5609211226E+000
    426000   0.3994389636E+003   0.5610364426E+000
    426100   0.3994388291E+003   0.5611709474E+000
    426200   0.3994387305E+003   0.5612695425E+000
    426300   0.3994386954E+003   0.5613046265E+000
    426400   0.3994386434E+003   0.5613566418E+000
    426500   0.3994385706E+003   0.5614293666E+000
    426600   0.3994385011E+003   0.5614989222E+000
    426700   0.3994383814E+003   0.5616185770E+000
    426800   0.3994382571E+003   0.5617429049E+000
    426900   0.3994381316E+003   0.5618683515E+000
    427000   0.3994380468E+003   0.5619531974E+000
    427100   0.3994379145E+003   0.5620854916E+000
    427200   0.3994378452E+003   0.5621548147E+000
    427300   0.3994377513E+003   0.5622486634E+000
    427400   0.3994376797E+003   0.5623202537E+000
    427500   0.3994375731E+003   0.5624268631E+000
    427600   0.3994374981E+003   0.5625019008E+000
    427700   0.3994373989E+003   0.5626010579E+000
    427800   0.3994373166E+003   0.5626833512E+000
    427900   0.3994372161E+003   0.5627838874E+000
    428000   0.3994371308E+003   0.5628691551E+000
    428100   0.3994370418E+003   0.5629581602E+000
    428200   0.3994369554E+003   0.5630446214E+000
    428300   0.3994368666E+003   0.5631333505E+000
    428400   0.3994367911E+003   0.5632089387E+000
    428500   0.3994366916E+003   0.5633084309E+000
    428600   0.3994365951E+003   0.5634048584E+000
    428700   0.3994365221E+003   0.5634779442E+000
    428800   0.3994365232E+003   0.5634767554E+000
    428900   0.3994365632E+003   0.5634368023E+000
    429000   0.3994369958E+003   0.5630042479E+000
    429100   0.3994374596E+003   0.5625403877E+000
    429200   0.3994378453E+003   0.5621546967E+000
    429300   0.3994382958E+003   0.5617042346E+000
    429400   0.3994387533E+003   0.5612467496E+000
    429500   0.3994391713E+003   0.5608287142E+000
    429600   0.3994395869E+003   0.5604131235E+000
    429700   0.3994399977E+003   0.5600023045E+000
    429800   0.3994404549E+003   0.5595451494E+000
    429900   0.3994408813E+003   0.5591187248E+000
    430000   0.3994412106E+003   0.5587893913E+000
    430100   0.3994416150E+003   0.5583849685E+000
    430200   0.3994420239E+003   0.5579761058E+000
    430300   0.3994424935E+003   0.5575064889E+000
    430400   0.3994429410E+003   0.5570590258E+000
    430500   0.3994433931E+003   0.5566069354E+000
    430600   0.3994438433E+003   0.5561566979E+000
    430700   0.3994440917E+003   0.5559083438E+000
    430800   0.3994443944E+003   0.5556056448E+000
    430900   0.3994447980E+003   0.5552020125E+000
    431000   0.3994451808E+003   0.5548191549E+000
    431100   0.3994455430E+003   0.5544569622E+000
    431200   0.3994458863E+003   0.5541136618E+000
    431300   0.3994462685E+003   0.5537315388E+000
    431400   0.3994465375E+003   0.5534624780E+000
    431500   0.3994469423E+003   0.5530577024E+000
    431600   0.3994473068E+003   0.5526932438E+000
    431700   0.3994477072E+003   0.5522927882E+000
    431800   0.3994481063E+003   0.5518936500E+000
    431900   0.3994484630E+003   0.5515370441E+000
    432000   0.3994484125E+003   0.5515875287E+000
    432100   0.3994483272E+003   0.5516728211E+000
    432200   0.3994482162E+003   0.5517838427E+000
    432300   0.3994481547E+003   0.5518453449E+000
    432400   0.3994480687E+003   0.5519312724E+000
    432500   0.3994479632E+003   0.5520367609E+000
    432600   0.3994479663E+003   0.5520336969E+000
    432700   0.3994478613E+003   0.5521386837E+000
    432800   0.3994477810E+003   0.5522189791E+000
    432900   0.3994477106E+003   0.5522894239E+000
    433000   0.3994476329E+003   0.5523671138E+000
    433100   0.3994475339E+003   0.5524660581E+000
    433200   0.3994474676E+003   0.5525324205E+000
    433300   0.3994473900E+003   0.5526100370E+000
    433400   0.3994473119E+003   0.5526880743E+000
    433500   0.3994472176E+003   0.5527824140E+000
    433600   0.3994471449E+003   0.5528550751E+000
    433700   0.3994470152E+003   0.5529847798E+000
    433800   0.3994468982E+003   0.5531018495E+000
    433900   0.3994468026E+003   0.5531974185E+000
    434000   0.3994467124E+003   0.5532875630E+000
    434100   0.3994466042E+003   0.5533957691E+000
    434200   0.3994465400E+003   0.5534600181E+000
    434300   0.3994464319E+003   0.5535681060E+000
    434400   0.3994463457E+003   0.5536543073E+000
    434500   0.3994462724E+003   0.5537276124E+000
    434600   0.3994461528E+003   0.5538472422E+000
    434700   0.3994460775E+003   0.5539225434E+000
    434800   0.3994459614E+003   0.5540386402E+000
    434900   0.3994458649E+003   0.5541351239E+000
    435000   0.3994457522E+003   0.5542478349E+000
    435100   0.3994456720E+003   0.5543279537E+000
    435200   0.3994455347E+003   0.5544652510E+000
    435300   0.3994454180E+003   0.5545819677E+000
    435400   0.3994453055E+003   0.5546945343E+000
    435500   0.3994452183E+003   0.5547816897E+000
    435600   0.3994451526E+003   0.5548473902E+000
    435700   0.3994450706E+003   0.5549293681E+000
    435800   0.3994449445E+003   0.5550554735E+000
    435900   0.3994448339E+003   0.5551660811E+000
    436000   0.3994447163E+003   0.5552837117E+000
    436100   0.3994446637E+003   0.5553363168E+000
    436200   0.3994445821E+003   0.5554179336E+000
    436300   0.3994444974E+003   0.5555026311E+000
    436400   0.3994443932E+003   0.5556067930E+000
    436500   0.3994443128E+003   0.5556872325E+000
    436600   0.3994442719E+003   0.5557280843E+000
    436700   0.3994441736E+003   0.5558263961E+000
    436800   0.3994440578E+003   0.5559421794E+000
    436900   0.3994439420E+003   0.5560580273E+000
    437000   0.3994438057E+003   0.5561942641E+000
    437100   0.3994436922E+003   0.5563077821E+000
    437200   0.3994435694E+003   0.5564305801E+000
    437300   0.3994434824E+003   0.5565176191E+000
    437400   0.3994434223E+003   0.5565777008E+000
    437500   0.3994433412E+003   0.5566587858E+000
    437600   0.3994432522E+003   0.5567477857E+000
    437700   0.3994431451E+003   0.5568548513E+000
    437800   0.3994430627E+003   0.5569372753E+000
    437900   0.3994430225E+003   0.5569775242E+000
    438000   0.3994429445E+003   0.5570555310E+000
    438100   0.3994428598E+003   0.5571402076E+000
    438200   0.3994427310E+003   0.5572689534E+000
    438300   0.3994425813E+003   0.5574186964E+000
    438400   0.3994425233E+003   0.5574766853E+000
    438500   0.3994424240E+003   0.5575759885E+000
    438600   0.3994422899E+003   0.5577100789E+000
    438700   0.3994421472E+003   0.5578527839E+000
    438800   0.3994419174E+003   0.5580826048E+000
    438900   0.3994416683E+003   0.5583317068E+000
    439000   0.3994414311E+003   0.5585688865E+000
    439100   0.3994412531E+003   0.5587469148E+000
    439200   0.3994410689E+003   0.5589311186E+000
    439300   0.3994409196E+003   0.5590803681E+000
    439400   0.3994407375E+003   0.5592625436E+000
    439500   0.3994405778E+003   0.5594221714E+000
    439600   0.3994403927E+003   0.5596073298E+000
    439700   0.3994402184E+003   0.5597816140E+000
    439800   0.3994401060E+003   0.5598940161E+000
    439900   0.3994399595E+003   0.5600404937E+000
    440000   0.3994398174E+003   0.5601826327E+000
    440100   0.3994395537E+003   0.5604463305E+000
    440200   0.3994394384E+003   0.5605615888E+000
    440300   0.3994393453E+003   0.5606547025E+000
    440400   0.3994391346E+003   0.5608653611E+000
    440500   0.3994389471E+003   0.5610529030E+000
    440600   0.3994388118E+003   0.5611882371E+000
    440700   0.3994386996E+003   0.5613004175E+000
    440800   0.3994386170E+003   0.5613829523E+000
    440900   0.3994385392E+003   0.5614608034E+000
    441000   0.3994384286E+003   0.5615713594E+000
    441100   0.3994383255E+003   0.5616744727E+000
    441200   0.3994382629E+003   0.5617371483E+000
    441300   0.3994382145E+003   0.5617854751E+000
    441400   0.3994381443E+003   0.5618557132E+000
    441500   0.3994380602E+003   0.5619397562E+000
    441600   0.3994379654E+003   0.5620345655E+000
    441700   0.3994378926E+003   0.5621074356E+000
    441800   0.3994378229E+003   0.5621770962E+000
    441900   0.3994377429E+003   0.5622570595E+000
    442000   0.3994376756E+003   0.5623244407E+000
    442100   0.3994375834E+003   0.5624166173E+000
    442200   0.3994374850E+003   0.5625150138E+000
    442300   0.3994373979E+003   0.5626020951E+000
    442400   0.3994373049E+003   0.5626951399E+000
    442500   0.3994372409E+003   0.5627590724E+000
    442600   0.3994371427E+003   0.5628572962E+000
    442700   0.3994370611E+003   0.5629389169E+000
    442800   0.3994369832E+003   0.5630167718E+000
    442900   0.3994368891E+003   0.5631109047E+000
    443000   0.3994367802E+003   0.5632198013E+000
    443100   0.3994366810E+003   0.5633190287E+000
    443200   0.3994365865E+003   0.5634134718E+000
    443300   0.3994365170E+003   0.5634829554E+000
    443400   0.3994364120E+003   0.5635879859E+000
    443500   0.3994364497E+003   0.5635503414E+000
    443600   0.3994365122E+003   0.5634878325E+000
    443700   0.3994368385E+003   0.5631615290E+000
    443800   0.3994372279E+003   0.5627720883E+000
    443900   0.3994375525E+003   0.5624474786E+000
    444000   0.3994379780E+003   0.5620220077E+000
    444100   0.3994383695E+003   0.5616305236E+000
    444200   0.3994386889E+003   0.5613110665E+000
    444300   0.3994390328E+003   0.5609672485E+000
    444400   0.3994392793E+003   0.5607207140E+000
    444500   0.3994396150E+003   0.5603849662E+000
    444600   0.3994399593E+003   0.5600407378E+000
    444700   0.3994404149E+003   0.5595850925E+000
    444800   0.3994408564E+003   0.5591435598E+000
    444900   0.3994411446E+003   0.5588554140E+000
    445000   0.3994415288E+003   0.5584711717E+000
    445100   0.3994419705E+003   0.5580295228E+000
    445200   0.3994423883E+003   0.5576116570E+000
    445300   0.3994428046E+003   0.5571953676E+000
    445400   0.3994431964E+003   0.5568036246E+000
    445500   0.3994435873E+003   0.5564127386E+000
    445600   0.3994440345E+003   0.5559654570E+000
    445700   0.3994444760E+003   0.5555239676E+000
    445800   0.3994448887E+003   0.5551113235E+000
    445900   0.3994452636E+003   0.5547363552E+000
    446000   0.3994455685E+003   0.5544314914E+000
    446100   0.3994458561E+003   0.5541439097E+000
    446200   0.3994462236E+003   0.5537763904E+000
    446300   0.3994465129E+003   0.5534871454E+000
    446400   0.3994468021E+003   0.5531979460E+000
    446500   0.3994472153E+003   0.5527846560E+000
    446600   0.3994474923E+003   0.5525076876E+000
    446700   0.3994478701E+003   0.5521299435E+000
    446800   0.3994482680E+003   0.5517319511E+000
    446900   0.3994486285E+003   0.5513714748E+000
    447000   0.3994490181E+003   0.5509818652E+000
    447100   0.3994493162E+003   0.5506838293E+000
    447200   0.3994496262E+003   0.5503738428E+000
    447300   0.3994500337E+003   0.5499663234E+000
    447400   0.3994503778E+003   0.5496222373E+000
    447500   0.3994507688E+003   0.5492312098E+000
    447600   0.3994511373E+003   0.5488626990E+000
    447700   0.3994515367E+003   0.5484632721E+000
    447800   0.3994519395E+003   0.5480605177E+000
    447900   0.3994522071E+003   0.5477929217E+000
    448000   0.3994525499E+003   0.5474501445E+000
    448100   0.3994530006E+003   0.5469993843E+000
    448200   0.3994533940E+003   0.5466060049E+000
    448300   0.3994537612E+003   0.5462388066E+000
    448400   0.3994540829E+003   0.5459171437E+000
    448500   0.3994544850E+003   0.5455150189E+000
    448600   0.3994548647E+003   0.5451353094E+000
    448700   0.3994552187E+003   0.5447812639E+000
    448800   0.3994555686E+003   0.5444313712E+000
    448900   0.3994559467E+003   0.5440533042E+000
    449000   0.3994562807E+003   0.5437192912E+000
    449100   0.3994561705E+003   0.5438295122E+000
    449200   0.3994561397E+003   0.5438602810E+000
    449300   0.3994561294E+003   0.5438706358E+000
    449400   0.3994560307E+003   0.5439693397E+000
    449500   0.3994559473E+003   0.5440526502E+000
    449600   0.3994558740E+003   0.5441259511E+000
    449700   0.3994557786E+003   0.5442214312E+000
    449800   0.3994556903E+003   0.5443097453E+000
    449900   0.3994555490E+003   0.5444509636E+000
    450000   0.3994554648E+003   0.5445352165E+000
    450100   0.3994556329E+003   0.5443670506E+000
    450200   0.3994560245E+003   0.5439755247E+000
    450300   0.3994564392E+003   0.5435607740E+000
    450400   0.3994568425E+003   0.5431574989E+000
    450500   0.3994572405E+003   0.5427595196E+000
    450600   0.3994576224E+003   0.5423776180E+000
    450700   0.3994580180E+003   0.5419820030E+000
    450800   0.3994584315E+003   0.5415684897E+000
    450900   0.3994588478E+003   0.5411521849E+000
    451000   0.3994592318E+003   0.5407682497E+000
    451100   0.3994596057E+003   0.5403942579E+000
    451200   0.3994599549E+003   0.5400450849E+000
    451300   0.3994603302E+003   0.5396698343E+000
    451400   0.3994607046E+003   0.5392954121E+000
    451500   0.3994610534E+003   0.5389465506E+000
    451600   0.3994614354E+003   0.5385645778E+000
    451700   0.3994618303E+003   0.5381696607E+000
    451800   0.3994621976E+003   0.5378024126E+000
    451900   0.3994625993E+003   0.5374007357E+000
    452000   0.3994629861E+003   0.5370138883E+000
    452100   0.3994633344E+003   0.5366656066E+000
    452200   0.3994637449E+003   0.5362551187E+000
    452300   0.3994640590E+003   0.5359410426E+000
    452400   0.3994643785E+003   0.5356214990E+000
    452500   0.3994647485E+003   0.5352514890E+000
    452600   0.3994651368E+003   0.5348632319E+000
    452700   0.3994655099E+003   0.5344900806E+000
    452800   0.3994658556E+003   0.5341444379E+000
    452900   0.3994662175E+003   0.5337824791E+000
    453000   0.3994666235E+003   0.5333764965E+000
    453100   0.3994669642E+003   0.5330358144E+000
    453200   0.3994670261E+003   0.5329739447E+000
    453300   0.3994669549E+003   0.5330451340E+000
    453400   0.3994668207E+003   0.5331793291E+000
    453500   0.3994667249E+003   0.5332751319E+000
    453600   0.3994666089E+003   0.5333911435E+000
    453700   0.3994665352E+003   0.5334647621E+000
    453800   0.3994664375E+003   0.5335624835E+000
    453900   0.3994663509E+003   0.5336490711E+000
    454000   0.3994662806E+003   0.5337194169E+000
    454100   0.3994662309E+003   0.5337691295E+000
    454200   0.3994661439E+003   0.5338560867E+000
    454300   0.3994660492E+003   0.5339508266E+000
    454400   0.3994659822E+003   0.5340178388E+000
    454500   0.3994658939E+003   0.5341061306E+000
    454600   0.3994658145E+003   0.5341855209E+000
    454700   0.3994657325E+003   0.5342675129E+000
    454800   0.3994656695E+003   0.5343304668E+000
    454900   0.3994656143E+003   0.5343856850E+000
    455000   0.3994655590E+003   0.5344409552E+000
    455100   0.3994654670E+003   0.5345330275E+000
    455200   0.3994653844E+003   0.5346156210E+000
    455300   0.3994652915E+003   0.5347084856E+000
    455400   0.3994652163E+003   0.5347836638E+000
    455500   0.3994651207E+003   0.5348793089E+000
    455600   0.3994650063E+003   0.5349937358E+000
    455700   0.3994649333E+003   0.5350666550E+000
    455800   0.3994648470E+003   0.5351529534E+000
    455900   0.3994647760E+003   0.5352240375E+000
    456000   0.3994647066E+003   0.5352934351E+000
    456100   0.3994645915E+003   0.5354084650E+000
    456200   0.3994644810E+003   0.5355189974E+000
    456300   0.3994643950E+003   0.5356050387E+000
    456400   0.3994643279E+003   0.5356721358E+000
    456500   0.3994642450E+003   0.5357549783E+000
    456600   0.3994641767E+003   0.5358233172E+000
    456700   0.3994641151E+003   0.5358848592E+000
    456800   0.3994640217E+003   0.5359783096E+000
    456900   0.3994639158E+003   0.5360841932E+000
    457000   0.3994638307E+003   0.5361693028E+000
    457100   0.3994637577E+003   0.5362423188E+000
    457200   0.3994636807E+003   0.5363193308E+000
    457300   0.3994636301E+003   0.5363699324E+000
    457400   0.3994635408E+003   0.5364592226E+000
    457500   0.3994634622E+003   0.5365377886E+000
    457600   0.3994633725E+003   0.5366274934E+000
    457700   0.3994633050E+003   0.5366949571E+000
    457800   0.3994631994E+003   0.5368005873E+000
    457900   0.3994630916E+003   0.5369084075E+000
    458000   0.3994629891E+003   0.5370108838E+000
    458100   0.3994629075E+003   0.5370925353E+000
    458200   0.3994628705E+003   0.5371294788E+000
    458300   0.3994630412E+003   0.5369588358E+000
    458400   0.3994629914E+003   0.5370086188E+000
    458500   0.3994629139E+003   0.5370861156E+000
    458600   0.3994628051E+003   0.5371948549E+000
    458700   0.3994627270E+003   0.5372729767E+000
    458800   0.3994626147E+003   0.5373853090E+000
    458900   0.3994625181E+003   0.5374819334E+000
    459000   0.3994624455E+003   0.5375544618E+000
    459100   0.3994623399E+003   0.5376600686E+000
    459200   0.3994622213E+003   0.5377787167E+000
    459300   0.3994621055E+003   0.5378944689E+000
    459400   0.3994620264E+003   0.5379736305E+000
    459500   0.3994618351E+003   0.5381648902E+000
    459600   0.3994616428E+003   0.5383571986E+000
    459700   0.3994615079E+003   0.5384920656E+000
    459800   0.3994612997E+003   0.5387003318E+000
    459900   0.3994611571E+003   0.5388429034E+000
    460000   0.3994610301E+003   0.5389698532E+000
    460100   0.3994608534E+003   0.5391466338E+000
    460200   0.3994606616E+003   0.5393383592E+000
    460300   0.3994604183E+003   0.5395817226E+000
    460400   0.3994601905E+003   0.5398095154E+000
    460500   0.3994600525E+003   0.5399474625E+000
    460600   0.3994598820E+003   0.5401179556E+000
    460700   0.3994597583E+003   0.5402416626E+000
    460800   0.3994595600E+003   0.5404399757E+000
    460900   0.3994594710E+003   0.5405289631E+000
    461000   0.3994592255E+003   0.5407745419E+000
    461100   0.3994590603E+003   0.5409396721E+000
    461200   0.3994588929E+003   0.5411070538E+000
    461300   0.3994587632E+003   0.5412367523E+000
    461400   0.3994585516E+003   0.5414483684E+000
    461500   0.3994583671E+003   0.5416328845E+000
    461600   0.3994582111E+003   0.5417888811E+000
    461700   0.3994580619E+003   0.5419381197E+000
    461800   0.3994578602E+003   0.5421397864E+000
    461900   0.3994577317E+003   0.5422683411E+000
    462000   0.3994576023E+003   0.5423977298E+000
    462100   0.3994574453E+003   0.5425547338E+000
    462200   0.3994573148E+003   0.5426852372E+000
    462300   0.3994572544E+003   0.5427456035E+000
    462400   0.3994571593E+003   0.5428406854E+000
    462500   0.3994570525E+003   0.5429475358E+000
    462600   0.3994571241E+003   0.5428759273E+000
    462700   0.3994570779E+003   0.5429220940E+000
    462800   0.3994570206E+003   0.5429793694E+000
    462900   0.3994569828E+003   0.5430171529E+000
    463000   0.3994572361E+003   0.5427638968E+000
    463100   0.3994574738E+003   0.5425261726E+000
    463200   0.3994577928E+003   0.5422072148E+000
    463300   0.3994580683E+003   0.5419316910E+000
    463400   0.3994580149E+003   0.5419851123E+000
    463500   0.3994579050E+003   0.5420949973E+000
    463600   0.3994578395E+003   0.5421604541E+000
    463700   0.3994577348E+003   0.5422651542E+000
    463800   0.3994576312E+003   0.5423687604E+000
    463900   0.3994575425E+003   0.5424575026E+000
    464000   0.3994574327E+003   0.5425672820E+000
    464100   0.3994573577E+003   0.5426423164E+000
    464200   0.3994573025E+003   0.5426974867E+000
    464300   0.3994572106E+003   0.5427894203E+000
    464400   0.3994571006E+003   0.5428993978E+000
    464500   0.3994570221E+003   0.5429778651E+000
    464600   0.3994569434E+003   0.5430566277E+000
    464700   0.3994568680E+003   0.5431320299E+000
    464800   0.3994567815E+003   0.5432184769E+000
    464900   0.3994566978E+003   0.5433022413E+000
    465000   0.3994566153E+003   0.5433847414E+000
    465100   0.3994565377E+003   0.5434622693E+000
    465200   0.3994564244E+003   0.5435755979E+000
    465300   0.3994563053E+003   0.5436946798E+000
    465400   0.3994562201E+003   0.5437798530E+000
    465500   0.3994561396E+003   0.5438604265E+000
    465600   0.3994560586E+003   0.5439413963E+000
    465700   0.3994559858E+003   0.5440141951E+000
    465800   0.3994558995E+003   0.5441005281E+000
    465900   0.3994560587E+003   0.5439412703E+000
    466000   0.3994563871E+003   0.5436129091E+000
    466100   0.3994567009E+003   0.5432991375E+000
    466200   0.3994570471E+003   0.5429528751E+000
    466300   0.3994574073E+003   0.5425927256E+000
    466400   0.3994577572E+003   0.5422428124E+000
    466500   0.3994580901E+003   0.5419098774E+000
    466600   0.3994584812E+003   0.5415187728E+000
    466700   0.3994588308E+003   0.5411692459E+000
    466800   0.3994591612E+003   0.5408388381E+000
    466900   0.3994594884E+003   0.5405115926E+000
    467000   0.3994598405E+003   0.5401594903E+000
    467100   0.3994600462E+003   0.5399538176E+000
    467200   0.3994601424E+003   0.5398575662E+000
    467300   0.3994603400E+003   0.5396599809E+000
    467400   0.3994603982E+003   0.5396018215E+000
    467500   0.3994602972E+003   0.5397028429E+000
    467600   0.3994601939E+003   0.5398060848E+000
    467700   0.3994600855E+003   0.5399144848E+000
    467800   0.3994599897E+003   0.5400102729E+000
    467900   0.3994599330E+003   0.5400670243E+000
    468000   0.3994599047E+003   0.5400952829E+000
    468100   0.3994598403E+003   0.5401597350E+000
    468200   0.3994597799E+003   0.5402201037E+000
    468300   0.3994597548E+003   0.5402452115E+000
    468400   0.3994597636E+003   0.5402363764E+000
    468500   0.3994596717E+003   0.5403283452E+000
    468600   0.3994595666E+003   0.5404334179E+000
    468700   0.3994594500E+003   0.5405500459E+000
    468800   0.3994594250E+003   0.5405750125E+000
    468900   0.3994593756E+003   0.5406243923E+000
    469000   0.3994592727E+003   0.5407273210E+000
    469100   0.3994591942E+003   0.5408057508E+000
    469200   0.3994591541E+003   0.5408459260E+000
    469300   0.3994589620E+003   0.5410380074E+000
    469400   0.3994588627E+003   0.5411372953E+000
    469500   0.3994587020E+003   0.5412979873E+000
    469600   0.3994585300E+003   0.5414700293E+000
    469700   0.3994583211E+003   0.5416789130E+000
    469800   0.3994580912E+003   0.5419088041E+000
    469900   0.3994579016E+003   0.5420983948E+000
    470000   0.3994577208E+003   0.5422792061E+000
    470100   0.3994576255E+003   0.5423744614E+000
    470200   0.3994574024E+003   0.5425975702E+000
    470300   0.3994572612E+003   0.5427387849E+000
    470400   0.3994570942E+003   0.5429057635E+000
    470500   0.3994569477E+003   0.5430522681E+000
    470600   0.3994567015E+003   0.5432985395E+000
    470700   0.3994566423E+003   0.5433577272E+000
    470800   0.3994565715E+003   0.5434284613E+000
    470900   0.3994564931E+003   0.5435069408E+000
    471000   0.3994564042E+003   0.5435958230E+000
    471100   0.3994563164E+003   0.5436836311E+000
    471200   0.3994562497E+003   0.5437502753E+000
    471300   0.3994561724E+003   0.5438276250E+000
    471400   0.3994561060E+003   0.5438940022E+000
    471500   0.3994563995E+003   0.5436005047E+000
    471600   0.3994566862E+003   0.5433137549E+000
    471700   0.3994569333E+003   0.5430666909E+000
    471800   0.3994569011E+003   0.5430988572E+000
    471900   0.3994568280E+003   0.5431720378E+000
    472000   0.3994567310E+003   0.5432689683E+000
    472100   0.3994566476E+003   0.5433524125E+000
    472200   0.3994565645E+003   0.5434355326E+000
    472300   0.3994564845E+003   0.5435154894E+000
    472400   0.3994564049E+003   0.5435950555E+000
    472500   0.3994562968E+003   0.5437032317E+000
    472600   0.3994561976E+003   0.5438024113E+000
    472700   0.3994561105E+003   0.5438894789E+000
    472800   0.3994560455E+003   0.5439545025E+000
    472900   0.3994559708E+003   0.5440291910E+000
    473000   0.3994558646E+003   0.5441354333E+000
    473100   0.3994557931E+003   0.5442068651E+000
    473200   0.3994557166E+003   0.5442834200E+000
    473300   0.3994556263E+003   0.5443736632E+000
    473400   0.3994555740E+003   0.5444260288E+000
    473500   0.3994554873E+003   0.5445127341E+000
    473600   0.3994554104E+003   0.5445896198E+000
    473700   0.3994553482E+003   0.5446518462E+000
    473800   0.3994552504E+003   0.5447495966E+000
    473900   0.3994551938E+003   0.5448061730E+000
    474000   0.3994551050E+003   0.5448949606E+000
    474100   0.3994550012E+003   0.5449988022E+000
    474200   0.3994549052E+003   0.5450948321E+000
    474300   0.3994548156E+003   0.5451843692E+000
    474400   0.3994547292E+003   0.5452707753E+000
    474500   0.3994546344E+003   0.5453656120E+000
    474600   0.3994545501E+003   0.5454499484E+000
    474700   0.3994544623E+003   0.5455377052E+000
    474800   0.3994543689E+003   0.5456310663E+000
    474900   0.3994543027E+003   0.5456973380E+000
    475000   0.3994542452E+003   0.5457547880E+000
    475100   0.3994541730E+003   0.5458269723E+000
    475200   0.3994540886E+003   0.5459114449E+000
    475300   0.3994540021E+003   0.5459979142E+000
    475400   0.3994539045E+003   0.5460955268E+000
    475500   0.3994538292E+003   0.5461707681E+000
    475600   0.3994537278E+003   0.5462722383E+000
    475700   0.3994536329E+003   0.5463671427E+000
    475800   0.3994535419E+003   0.5464580794E+000
    475900   0.3994534334E+003   0.5465666042E+000
    476000   0.3994533336E+003   0.5466664244E+000
    476100   0.3994532357E+003   0.5467643337E+000
    476200   0.3994531410E+003   0.5468589741E+000
    476300   0.3994531744E+003   0.5468255591E+000
    476400   0.3994531771E+003   0.5468228677E+000
    476500   0.3994534413E+003   0.5465586982E+000
    476600   0.3994538001E+003   0.5461998884E+000
    476700   0.3994541806E+003   0.5458193958E+000
    476800   0.3994545381E+003   0.5454618932E+000
    476900   0.3994548846E+003   0.5451153696E+000
    477000   0.3994550875E+003   0.5449125473E+000
    477100   0.3994554136E+003   0.5445864077E+000
    477200   0.3994557209E+003   0.5442790690E+000
    477300   0.3994560759E+003   0.5439240516E+000
    477400   0.3994563816E+003   0.5436184051E+000
    477500   0.3994567342E+003   0.5432657641E+000
    477600   0.3994568744E+003   0.5431255744E+000
    477700   0.3994572130E+003   0.5427870157E+000
    477800   0.3994574004E+003   0.5425995912E+000
    477900   0.3994575841E+003   0.5424159366E+000
    478000   0.3994575318E+003   0.5424682152E+000
    478100   0.3994574394E+003   0.5425606394E+000
    478200   0.3994573786E+003   0.5426214473E+000
    478300   0.3994572907E+003   0.5427092836E+000
    478400   0.3994572276E+003   0.5427724043E+000
    478500   0.3994571349E+003   0.5428651226E+000
    478600   0.3994570587E+003   0.5429413208E+000
    478700   0.3994569598E+003   0.5430401689E+000
    478800   0.3994569011E+003   0.5430989152E+000
    478900   0.3994569512E+003   0.5430487824E+000
    479000   0.3994569734E+003   0.5430266319E+000
    479100   0.3994568590E+003   0.5431410099E+000
    479200   0.3994567668E+003   0.5432332235E+000
    479300   0.3994566742E+003   0.5433258366E+000
    479400   0.3994565948E+003   0.5434051941E+000
    479500   0.3994564778E+003   0.5435222083E+000
    479600   0.3994563656E+003   0.5436343601E+000
    479700   0.3994562550E+003   0.5437450290E+000
    479800   0.3994561630E+003   0.5438370391E+000
    479900   0.3994560790E+003   0.5439210069E+000
    480000   0.3994559781E+003   0.5440218888E+000
    480100   0.3994558763E+003   0.5441236544E+000
    480200   0.3994558197E+003   0.5441803335E+000
    480300   0.3994557170E+003   0.5442830403E+000
    480400   0.3994556310E+003   0.5443690153E+000
    480500   0.3994555311E+003   0.5444688631E+000
    480600   0.3994553320E+003   0.5446679692E+000
    480700   0.3994552276E+003   0.5447724040E+000
    480800   0.3994550796E+003   0.5449203820E+000
    480900   0.3994549650E+003   0.5450350398E+000
    481000   0.3994547926E+003   0.5452073552E+000
    481100   0.3994546257E+003   0.5453742621E+000
    481200   0.3994544110E+003   0.5455889885E+000
    481300   0.3994543098E+003   0.5456901807E+000
    481400   0.3994541311E+003   0.5458689288E+000
    481500   0.3994539454E+003   0.5460545903E+000
    481600   0.3994537403E+003   0.5462597409E+000
    481700   0.3994535689E+003   0.5464311026E+000
    481800   0.3994534871E+003   0.5465128819E+000
    481900   0.3994533327E+003   0.5466672855E+000
    482000   0.3994531494E+003   0.5468506001E+000
    482100   0.3994530196E+003   0.5469804310E+000
    482200   0.3994528824E+003   0.5471176293E+000
    482300   0.3994526228E+003   0.5473772012E+000
    482400   0.3994524916E+003   0.5475083604E+000
    482500   0.3994523129E+003   0.5476870826E+000
    482600   0.3994520961E+003   0.5479038611E+000
    482700   0.3994519457E+003   0.5480542790E+000
    482800   0.3994518308E+003   0.5481691798E+000
    482900   0.3994516377E+003   0.5483623462E+000
    483000   0.3994514840E+003   0.5485159902E+000
    483100   0.3994513419E+003   0.5486581459E+000
    483200   0.3994511932E+003   0.5488067625E+000
    483300   0.3994510085E+003   0.5489914504E+000
    483400   0.3994509065E+003   0.5490934539E+000
    483500   0.3994506891E+003   0.5493109415E+000
    483600   0.3994505207E+003   0.5494793265E+000
    483700   0.3994504130E+003   0.5495869560E+000
    483800   0.3994502163E+003   0.5497836622E+000
    483900   0.3994501027E+003   0.5498972836E+000
    484000   0.3994499063E+003   0.5500936569E+000
    484100   0.3994496856E+003   0.5503143782E+000
    484200   0.3994495291E+003   0.5504709440E+000
    484300   0.3994493498E+003   0.5506501770E+000
    484400   0.3994491584E+003   0.5508416211E+000
    484500   0.3994490559E+003   0.5509441312E+000
    484600   0.3994488374E+003   0.5511625879E+000
    484700   0.3994486881E+003   0.5513118972E+000
    484800   0.3994485624E+003   0.5514375653E+000
    484900   0.3994484756E+003   0.5515244136E+000
    485000   0.3994483824E+003   0.5516176288E+000
    485100   0.3994482553E+003   0.5517446667E+000
    485200   0.3994480555E+003   0.5519445040E+000
    485300   0.3994479519E+003   0.5520480562E+000
    485400   0.3994478152E+003   0.5521847964E+000
    485500   0.3994476093E+003   0.5523906999E+000
    485600   0.3994474325E+003   0.5525675176E+000
    485700   0.3994472275E+003   0.5527725093E+000
    485800   0.3994471371E+003   0.5528629369E+000
    485900   0.3994469466E+003   0.5530533519E+000
    486000   0.3994467918E+003   0.5532082311E+000
    486100   0.3994466634E+003   0.5533366362E+000
    486200   0.3994465357E+003   0.5534643362E+000
    486300   0.3994464626E+003   0.5535374081E+000
    486400   0.3994463584E+003   0.5536415896E+000
    486500   0.3994461694E+003   0.5538306239E+000
    486600   0.3994459839E+003   0.5540161473E+000
    486700   0.3994458499E+003   0.5541501240E+000
    486800   0.3994456674E+003   0.5543326155E+000
    486900   0.3994456241E+003   0.5543759429E+000
    487000   0.3994455270E+003   0.5544729820E+000
    487100   0.3994453983E+003   0.5546017485E+000
    487200   0.3994451590E+003   0.5548410365E+000
    487300   0.3994449359E+003   0.5550640716E+000
    487400   0.3994447855E+003   0.5552145141E+000
    487500   0.3994446495E+003   0.5553505425E+000
    487600   0.3994444526E+003   0.5555473934E+000
    487700   0.3994442094E+003   0.5557905995E+000
    487800   0.3994440435E+003   0.5559564534E+000
    487900   0.3994437867E+003   0.5562133180E+000
    488000   0.3994436231E+003   0.5563769115E+000
    488100   0.3994432891E+003   0.5567108743E+000
    488200   0.3994430960E+003   0.5569039629E+000
    488300   0.3994429306E+003   0.5570693663E+000
    488400   0.3994427236E+003   0.5572763569E+000
    488500   0.3994425581E+003   0.5574419421E+000
    488600   0.3994424206E+003   0.5575793784E+000
    488700   0.3994422309E+003   0.5577691423E+000
    488800   0.3994420795E+003   0.5579204779E+000
    488900   0.3994419149E+003   0.5580851092E+000
    489000   0.3994417600E+003   0.5582400107E+000
    489100   0.3994416394E+003   0.5583605559E+000
    489200   0.3994414424E+003   0.5585576161E+000
    489300   0.3994412198E+003   0.5587801976E+000
    489400   0.3994410844E+003   0.5589156214E+000
    489500   0.3994410020E+003   0.5589979571E+000
    489600   0.3994409306E+003   0.5590694317E+000
    489700   0.3994408302E+003   0.5591698477E+000
    489800   0.3994407565E+003   0.5592434628E+000
    489900   0.3994406847E+003   0.5593153496E+000
    490000   0.3994406299E+003   0.5593701033E+000
    490100   0.3994405571E+003   0.5594428623E+000
    490200   0.3994404935E+003   0.5595065274E+000
    490300   0.3994404023E+003   0.5595976967E+000
    490400   0.3994403405E+003   0.5596595366E+000
    490500   0.3994402683E+003   0.5597317133E+000
    490600   0.3994402136E+003   0.5597863750E+000
    490700   0.3994401362E+003   0.5598638281E+000
    490800   0.3994400587E+003   0.5599413098E+000
    490900   0.3994399863E+003   0.5600137208E+000
    491000   0.3994398983E+003   0.5601016814E+000
    491100   0.3994398415E+003   0.5601585214E+000
    491200   0.3994397830E+003   0.5602170198E+000
    491300   0.3994396973E+003   0.5603026532E+000
    491400   0.3994396253E+003   0.5603747368E+000
    491500   0.3994395362E+003   0.5604637501E+000
    491600   0.3994394399E+003   0.5605600865E+000
    491700   0.3994393593E+003   0.5606407199E+000
    491800   0.3994392829E+003   0.5607170525E+000
    491900   0.3994392243E+003   0.5607757380E+000
    492000   0.3994391559E+003   0.5608440692E+000
    492100   0.3994390708E+003   0.5609291737E+000
    492200   0.3994389822E+003   0.5610178097E+000
    492300   0.3994389462E+003   0.5610537616E+000
    492400   0.3994388928E+003   0.5611071892E+000
    492500   0.3994387773E+003   0.5612227336E+000
    492600   0.3994386800E+003   0.5613200218E+000
    492700   0.3994386120E+003   0.5613879802E+000
    492800   0.3994385371E+003   0.5614628506E+000
    492900   0.3994384786E+003   0.5615213625E+000
    493000   0.3994384056E+003   0.5615944095E+000
    493100   0.3994383320E+003   0.5616679536E+000
    493200   0.3994382737E+003   0.5617263080E+000
    493300   0.3994381907E+003   0.5618092583E+000
    493400   0.3994380932E+003   0.5619068279E+000
    493500   0.3994380225E+003   0.5619774893E+000
    493600   0.3994379355E+003   0.5620644663E+000
    493700   0.3994378533E+003   0.5621466621E+000
    493800   0.3994377802E+003   0.5622198422E+000
    493900   0.3994376815E+003   0.5623185007E+000
    494000   0.3994375636E+003   0.5624363540E+000
    494100   0.3994375129E+003   0.5624871160E+000
    494200   0.3994374403E+003   0.5625596895E+000
    494300   0.3994373703E+003   0.5626296584E+000
    494400   0.3994373006E+003   0.5626993748E+000
    494500   0.3994372271E+003   0.5627729409E+000
    494600   0.3994371486E+003   0.5628514412E+000
    494700   0.3994370667E+003   0.5629333266E+000
    494800   0.3994369790E+003   0.5630209738E+000
    494900   0.3994369119E+003   0.5630881387E+000
    495000   0.3994368498E+003   0.5631501572E+000
    495100   0.3994367637E+003   0.5632362664E+000
    495200   0.3994366792E+003   0.5633207832E+000
    495300   0.3994366099E+003   0.5633900745E+000
    495400   0.3994365482E+003   0.5634517589E+000
    495500   0.3994364637E+003   0.5635363151E+000
    495600   0.3994363758E+003   0.5636241808E+000
    495700   0.3994362833E+003   0.5637166979E+000
    495800   0.3994362218E+003   0.5637781930E+000
    495900   0.3994363243E+003   0.5636756725E+000
    496000   0.3994365845E+003   0.5634155372E+000
    496100   0.3994365426E+003   0.5634574347E+000
    496200   0.3994364577E+003   0.5635422633E+000
    496300   0.3994363702E+003   0.5636298119E+000
    496400   0.3994364520E+003   0.5635480246E+000
    496500   0.3994366803E+003   0.5633196525E+000
    496600   0.3994366167E+003   0.5633832790E+000
    496700   0.3994365230E+003   0.5634770479E+000
    496800   0.3994364510E+003   0.5635490211E+000
    496900   0.3994363872E+003   0.5636128251E+000
    497000   0.3994363101E+003   0.5636899433E+000
    497100   0.3994362361E+003   0.5637638798E+000
    497200   0.3994361584E+003   0.5638416023E+000
    497300   0.3994360998E+003   0.5639001949E+000
    497400   0.3994360261E+003   0.5639739394E+000
    497500   0.3994359649E+003   0.5640351419E+000
    497600   0.3994358814E+003   0.5641186494E+000
    497700   0.3994358110E+003   0.5641889774E+000
    497800   0.3994357361E+003   0.5642638843E+000
    497900   0.3994356876E+003   0.5643124206E+000
    498000   0.3994356051E+003   0.5643949096E+000
    498100   0.3994355352E+003   0.5644647643E+000
    498200   0.3994354356E+003   0.5645643787E+000
    498300   0.3994353668E+003   0.5646331858E+000
    498400   0.3994352653E+003   0.5647347474E+000
    498500   0.3994352016E+003   0.5647983861E+000
    498600   0.3994351431E+003   0.5648568885E+000
    498700   0.3994350519E+003   0.5649481025E+000
    498800   0.3994349765E+003   0.5650235067E+000
    498900   0.3994348956E+003   0.5651043552E+000
    499000   0.3994348329E+003   0.5651670901E+000
    499100   0.3994347627E+003   0.5652373168E+000
    499200   0.3994347325E+003   0.5652675024E+000
    499300   0.3994346766E+003   0.5653233666E+000
    499400   0.3994346154E+003   0.5653845652E+000
    499500   0.3994345180E+003   0.5654819703E+000
    499600   0.3994344281E+003   0.5655719328E+000
    499700   0.3994343661E+003   0.5656339455E+000
    499800   0.3994342651E+003   0.5657348885E+000
    499900   0.3994341646E+003   0.5658354226E+000
    500000   0.3994340946E+003   0.5659054053E+000
    500100   0.3994340139E+003   0.5659860884E+000
    500200   0.3994339344E+003   0.5660655689E+000
    500300   0.3994338426E+003   0.5661574251E+000
    500400   0.3994337445E+003   0.5662555090E+000
    500500   0.3994338107E+003   0.5661892641E+000
    500600   0.3994337991E+003   0.5662008890E+000
    500700   0.3994336918E+003   0.5663082002E+000
    500800   0.3994335752E+003   0.5664248042E+000
    500900   0.3994333875E+003   0.5666125035E+000
    501000   0.3994332113E+003   0.5667886758E+000
    501100   0.3994330471E+003   0.5669529272E+000
    501200   0.3994329072E+003   0.5670928164E+000
    501300   0.3994327147E+003   0.5672852673E+000
    501400   0.3994325370E+003   0.5674629898E+000
    501500   0.3994323440E+003   0.5676560062E+000
    501600   0.3994321512E+003   0.5678488442E+000
    501700   0.3994321015E+003   0.5678985238E+000
    501800   0.3994319513E+003   0.5680487168E+000
    501900   0.3994318361E+003   0.5681638575E+000
    502000   0.3994317037E+003   0.5682962682E+000
    502100   0.3994315167E+003   0.5684832713E+000
    502200   0.3994313440E+003   0.5686559706E+000
    502300   0.3994312371E+003   0.5687629456E+000
    502400   0.3994310364E+003   0.5689636482E+000
    502500   0.3994308878E+003   0.5691122328E+000
    502600   0.3994307879E+003   0.5692121104E+000
    502700   0.3994305092E+003   0.5694907694E+000
    502800   0.3994303732E+003   0.5696268009E+000
    502900   0.3994301869E+003   0.5698131397E+000
    503000   0.3994299715E+003   0.5700284598E+000
    503100   0.3994298058E+003   0.5701942380E+000
    503200   0.3994296428E+003   0.5703571850E+000
    503300   0.3994295021E+003   0.5704978673E+000
    503400   0.3994293019E+003   0.5706980798E+000
    503500   0.3994291198E+003   0.5708802173E+000
    503600   0.3994289957E+003   0.5710042523E+000
    503700   0.3994288453E+003   0.5711546506E+000
    503800   0.3994287519E+003   0.5712481158E+000
    503900   0.3994286847E+003   0.5713152803E+000
    504000   0.3994285545E+003   0.5714454731E+000
    504100   0.3994283658E+003   0.5716342426E+000
    504200   0.3994282365E+003   0.5717634900E+000
    504300   0.3994280964E+003   0.5719035828E+000
    504400   0.3994279792E+003   0.5720208422E+000
    504500   0.3994278695E+003   0.5721304844E+000
    504600   0.3994276638E+003   0.5723361969E+000
    504700   0.3994275165E+003   0.5724835437E+000
    504800   0.3994273556E+003   0.5726443740E+000
    504900   0.3994271769E+003   0.5728230946E+000
    505000   0.3994271391E+003   0.5728608693E+000
    505100   0.3994268833E+003   0.5731166684E+000
    505200   0.3994267173E+003   0.5732826765E+000
    505300   0.3994266186E+003   0.5733814374E+000
    505400   0.3994264237E+003   0.5735762870E+000
    505500   0.3994263412E+003   0.5736587878E+000
    505600   0.3994262131E+003   0.5737868889E+000
    505700   0.3994260547E+003   0.5739452566E+000
    505800   0.3994258797E+003   0.5741203245E+000
    505900   0.3994256823E+003   0.5743176914E+000
    506000   0.3994255509E+003   0.5744491346E+000
    506100   0.3994253863E+003   0.5746137140E+000
    506200   0.3994251956E+003   0.5748044265E+000
    506300   0.3994250494E+003   0.5749506480E+000
    506400   0.3994249865E+003   0.5750134897E+000
    506500   0.3994248253E+003   0.5751746568E+000
    506600   0.3994246587E+003   0.5753413407E+000
    506700   0.3994244539E+003   0.5755461430E+000
    506800   0.3994242696E+003   0.5757304357E+000
    506900   0.3994241184E+003   0.5758815949E+000
    507000   0.3994239483E+003   0.5760516508E+000
    507100   0.3994238141E+003   0.5761859412E+000
    507200   0.3994237682E+003   0.5762318294E+000
    507300   0.3994237090E+003   0.5762910105E+000
    507400   0.3994236024E+003   0.5763975775E+000
    507500   0.3994235429E+003   0.5764570923E+000
    507600   0.3994234894E+003   0.5765106372E+000
    507700   0.3994234327E+003   0.5765673264E+000
    507800   0.3994233578E+003   0.5766421785E+000
    507900   0.3994232804E+003   0.5767195840E+000
    508000   0.3994231884E+003   0.5768116170E+000
    508100   0.3994231210E+003   0.5768790018E+000
    508200   0.3994230717E+003   0.5769283340E+000
    508300   0.3994229996E+003   0.5770003930E+000
    508400   0.3994229120E+003   0.5770879764E+000
    508500   0.3994228402E+003   0.5771597965E+000
    508600   0.3994227546E+003   0.5772454112E+000
    508700   0.3994226723E+003   0.5773277357E+000
    508800   0.3994225994E+003   0.5774006364E+000
    508900   0.3994225165E+003   0.5774835471E+000
    509000   0.3994224359E+003   0.5775641139E+000
    509100   0.3994223510E+003   0.5776490343E+000
    509200   0.3994222690E+003   0.5777309601E+000
    509300   0.3994221916E+003   0.5778084174E+000
    509400   0.3994221022E+003   0.5778978374E+000
    509500   0.3994220377E+003   0.5779622990E+000
    509600   0.3994219572E+003   0.5780428429E+000
    509700   0.3994218804E+003   0.5781195956E+000
    509800   0.3994218332E+003   0.5781668282E+000
    509900   0.3994217616E+003   0.5782383931E+000
    510000   0.3994216761E+003   0.5783239421E+000
    510100   0.3994215960E+003   0.5784040479E+000
    510200   0.3994215356E+003   0.5784643596E+000
    510300   0.3994214835E+003   0.5785164580E+000
    510400   0.3994212858E+003   0.5787142393E+000
    510500   0.3994211125E+003   0.5788875012E+000
    510600   0.3994209879E+003   0.5790121340E+000
    510700   0.3994208931E+003   0.5791069161E+000
    510800   0.3994207461E+003   0.5792538877E+000
    510900   0.3994205617E+003   0.5794382627E+000
    511000   0.3994203620E+003   0.5796379941E+000
    511100   0.3994202411E+003   0.5797589461E+000
    511200   0.3994201039E+003   0.5798961250E+000
    511300   0.3994198301E+003   0.5801699474E+000
    511400   0.3994196992E+003   0.5803007504E+000
    511500   0.3994194976E+003   0.5805024314E+000
    511600   0.3994193410E+003   0.5806589704E+000
    511700   0.3994192033E+003   0.5807967326E+000
    511800   0.3994190826E+003   0.5809174303E+000
    511900   0.3994189232E+003   0.5810768189E+000
    512000   0.3994188132E+003   0.5811867950E+000
    512100   0.3994187168E+003   0.5812831973E+000
    512200   0.3994185481E+003   0.5814519356E+000
    512300   0.3994183802E+003   0.5816198433E+000
    512400   0.3994182695E+003   0.5817305378E+000
    512500   0.3994181325E+003   0.5818675193E+000
    512600   0.3994179839E+003   0.5820160591E+000
    512700   0.3994178242E+003   0.5821757832E+000
    512800   0.3994176474E+003   0.5823526474E+000
    512900   0.3994175274E+003   0.5824726489E+000
    513000   0.3994173517E+003   0.5826483148E+000
    513100   0.3994171706E+003   0.5828294109E+000
    513200   0.3994170426E+003   0.5829573558E+000
    513300   0.3994168975E+003   0.5831025470E+000
    513400   0.3994167561E+003   0.5832439274E+000
    513500   0.3994165809E+003   0.5834191401E+000
    513600   0.3994164464E+003   0.5835536413E+000
    513700   0.3994163183E+003   0.5836817172E+000
    513800   0.3994161885E+003   0.5838114720E+000
    513900   0.3994159816E+003   0.5840184083E+000
    514000   0.3994158427E+003   0.5841572714E+000
    514100   0.3994156680E+003   0.5843320103E+000
    514200   0.3994154647E+003   0.5845352882E+000
    514300   0.3994153221E+003   0.5846779057E+000
    514400   0.3994151924E+003   0.5848076242E+000
    514500   0.3994150844E+003   0.5849155792E+000
    514600   0.3994149772E+003   0.5850228387E+000
    514700   0.3994148287E+003   0.5851712656E+000
    514800   0.3994146253E+003   0.5853747308E+000
    514900   0.3994144611E+003   0.5855388674E+000
    515000   0.3994142751E+003   0.5857248673E+000
    515100   0.3994140694E+003   0.5859306493E+000
    515200   0.3994139135E+003   0.5860865050E+000
    515300   0.3994137656E+003   0.5862344059E+000
    515400   0.3994136610E+003   0.5863389952E+000
    515500   0.3994135533E+003   0.5864467287E+000
    515600   0.3994134727E+003   0.5865272710E+000
    515700   0.3994133398E+003   0.5866602351E+000
    515800   0.3994132111E+003   0.5867888569E+000
    515900   0.3994130150E+003   0.5869849820E+000
    516000   0.3994128852E+003   0.5871148292E+000
    516100   0.3994127454E+003   0.5872546075E+000
    516200   0.3994126013E+003   0.5873987287E+000
    516300   0.3994124271E+003   0.5875728574E+000
    516400   0.3994122855E+003   0.5877144839E+000
    516500   0.3994121253E+003   0.5878746659E+000
    516600   0.3994120432E+003   0.5879568203E+000
    516700   0.3994119594E+003   0.5880405661E+000
    516800   0.3994118060E+003   0.5881939505E+000
    516900   0.3994116407E+003   0.5883593188E+000
    517000   0.3994115131E+003   0.5884868713E+000
    517100   0.3994113440E+003   0.5886560013E+000
    517200   0.3994111280E+003   0.5888719594E+000
    517300   0.3994109279E+003   0.5890720555E+000
    517400   0.3994108350E+003   0.5891649598E+000
    517500   0.3994106938E+003   0.5893061733E+000
    517600   0.3994105305E+003   0.5894695479E+000
    517700   0.3994103783E+003   0.5896217377E+000
    517800   0.3994103171E+003   0.5896829341E+000
    517900   0.3994101892E+003   0.5898108122E+000
    518000   0.3994099662E+003   0.5900338459E+000
    518100   0.3994098696E+003   0.5901303856E+000
    518200   0.3994097864E+003   0.5902136315E+000
    518300   0.3994097232E+003   0.5902767967E+000
    518400   0.3994096529E+003   0.5903470687E+000
    518500   0.3994095802E+003   0.5904198156E+000
    518600   0.3994095135E+003   0.5904864600E+000
    518700   0.3994094408E+003   0.5905592442E+000
    518800   0.3994093561E+003   0.5906438643E+000
    518900   0.3994093551E+003   0.5906448519E+000
    519000   0.3994097173E+003   0.5902827178E+000
    519100   0.3994101012E+003   0.5898988481E+000
    519200   0.3994105042E+003   0.5894957790E+000
    519300   0.3994108834E+003   0.5891166313E+000
    519400   0.3994112278E+003   0.5887722201E+000
    519500   0.3994115450E+003   0.5884550069E+000
    519600   0.3994119310E+003   0.5880690305E+000
    519700   0.3994122991E+003   0.5877009288E+000
    519800   0.3994126947E+003   0.5873052722E+000
    519900   0.3994130693E+003   0.5869306655E+000
    520000   0.3994134450E+003   0.5865550453E+000
    520100   0.3994138102E+003   0.5861898339E+000
    520200   0.3994141857E+003   0.5858142753E+000
    520300   0.3994145866E+003   0.5854134274E+000
    520400   0.3994149822E+003   0.5850177987E+000
    520500   0.3994153422E+003   0.5846577872E+000
    520600   0.3994157383E+003   0.5842616681E+000
    520700   0.3994161214E+003   0.5838786147E+000
    520800   0.3994165200E+003   0.5834800182E+000
    520900   0.3994168881E+003   0.5831119002E+000
    521000   0.3994172685E+003   0.5827314738E+000
    521100   0.3994176380E+003   0.5823619786E+000
    521200   0.3994180333E+003   0.5819667060E+000
    521300   0.3994184024E+003   0.5815975998E+000
    521400   0.3994187555E+003   0.5812445120E+000
    521500   0.3994191270E+003   0.5808730209E+000
    521600   0.3994194894E+003   0.5805106187E+000
    521700   0.3994198444E+003   0.5801555571E+000
    521800   0.3994201534E+003   0.5798465633E+000
    521900   0.3994204946E+003   0.5795054311E+000
    522000   0.3994208161E+003   0.5791838971E+000
    522100   0.3994211706E+003   0.5788293666E+000
    522200   0.3994215220E+003   0.5784779629E+000
    522300   0.3994218635E+003   0.5781365353E+000
    522400   0.3994222033E+003   0.5777967454E+000
    522500   0.3994225664E+003   0.5774336208E+000
    522600   0.3994228008E+003   0.5771991665E+000
    522700   0.3994227453E+003   0.5772547100E+000
    522800   0.3994226807E+003   0.5773193100E+000
    522900   0.3994225969E+003   0.5774031148E+000
    523000   0.3994225397E+003   0.5774602528E+000
    523100   0.3994225038E+003   0.5774962498E+000
    523200   0.3994224342E+003   0.5775658425E+000
    523300   0.3994223665E+003   0.5776334608E+000
    523400   0.3994222694E+003   0.5777305938E+000
    523500   0.3994222197E+003   0.5777802552E+000
    523600   0.3994221582E+003   0.5778417775E+000
    523700   0.3994220686E+003   0.5779314104E+000
    523800   0.3994219943E+003   0.5780056570E+000
    523900   0.3994219221E+003   0.5780778631E+000
    524000   0.3994218879E+003   0.5781120552E+000
    524100   0.3994218278E+003   0.5781722299E+000
    524200   0.3994217510E+003   0.5782489990E+000
    524300   0.3994216915E+003   0.5783085473E+000
    524400   0.3994216135E+003   0.5783864840E+000
    524500   0.3994215156E+003   0.5784843854E+000
    524600   0.3994214521E+003   0.5785478747E+000
    524700   0.3994213751E+003   0.5786248885E+000
    524800   0.3994212931E+003   0.5787069087E+000
    524900   0.3994212092E+003   0.5787907611E+000
    525000   0.3994211379E+003   0.5788620530E+000
    525100   0.3994210560E+003   0.5789439647E+000
    525200   0.3994210083E+003   0.5789917328E+000
    525300   0.3994209448E+003   0.5790552464E+000
    525400   0.3994208967E+003   0.5791033083E+000
    525500   0.3994208522E+003   0.5791477835E+000
    525600   0.3994208070E+003   0.5791930470E+000
    525700   0.3994207463E+003   0.5792537378E+000
    525800   0.3994206815E+003   0.5793185128E+000
    525900   0.3994205987E+003   0.5794012672E+000
    526000   0.3994205261E+003   0.5794739322E+000
    526100   0.3994204662E+003   0.5795338238E+000
    526200   0.3994203806E+003   0.5796193720E+000
    526300   0.3994203162E+003   0.5796838146E+000
    526400   0.3994202571E+003   0.5797429464E+000
    526500   0.3994201835E+003   0.5798165300E+000
    526600   0.3994200938E+003   0.5799061666E+000
    526700   0.3994200396E+003   0.5799604010E+000
    526800   0.3994200238E+003   0.5799761676E+000
    526900   0.3994203271E+003   0.5796729340E+000
    527000   0.3994202903E+003   0.5797097086E+000
    527100   0.3994202010E+003   0.5797989692E+000
    527200   0.3994201406E+003   0.5798594026E+000
    527300   0.3994200716E+003   0.5799284016E+000
    527400   0.3994200167E+003   0.5799832622E+000
    527500   0.3994199322E+003   0.5800677655E+000
    527600   0.3994198558E+003   0.5801442125E+000
    527700   0.3994197914E+003   0.5802086462E+000
    527800   0.3994197283E+003   0.5802717141E+000
    527900   0.3994196680E+003   0.5803320414E+000
    528000   0.3994196014E+003   0.5803986171E+000
    528100   0.3994195556E+003   0.5804444486E+000
    528200   0.3994194684E+003   0.5805315977E+000
    528300   0.3994193871E+003   0.5806128736E+000
    528400   0.3994193122E+003   0.5806878292E+000
    528500   0.3994192460E+003   0.5807539581E+000
    528600   0.3994191859E+003   0.5808141351E+000
    528700   0.3994190930E+003   0.5809070210E+000
    528800   0.3994190317E+003   0.5809683048E+000
    528900   0.3994189265E+003   0.5810735146E+000
    529000   0.3994188400E+003   0.5811599598E+000
    529100   0.3994187806E+003   0.5812193823E+000
    529200   0.3994186813E+003   0.5813186643E+000
    529300   0.3994186019E+003   0.5813980878E+000
    529400   0.3994185304E+003   0.5814695987E+000
    529500   0.3994184743E+003   0.5815256668E+000
    529600   0.3994184162E+003   0.5815837720E+000
    529700   0.3994183417E+003   0.5816583207E+000
    529800   0.3994182843E+003   0.5817157236E+000
    529900   0.3994182197E+003   0.5817802765E+000
    530000   0.3994181480E+003   0.5818520076E+000
    530100   0.3994181231E+003   0.5818769250E+000
    530200   0.3994179451E+003   0.5820548808E+000
    530300   0.3994177813E+003   0.5822186835E+000
    530400   0.3994180240E+003   0.5819759678E+000
    530500   0.3994183141E+003   0.5816858744E+000
    530600   0.3994185893E+003   0.5814106981E+000
    530700   0.3994188584E+003   0.5811415877E+000
    530800   0.3994192063E+003   0.5807936563E+000
    530900   0.3994195401E+003   0.5804599412E+000
    531000   0.3994198784E+003   0.5801215965E+000
    531100   0.3994202133E+003   0.5797867089E+000
    531200   0.3994204877E+003   0.5795122925E+000
    531300   0.3994208180E+003   0.5791819522E+000
    531400   0.3994211657E+003   0.5788343431E+000
    531500   0.3994213560E+003   0.5786439624E+000
    531600   0.3994213525E+003   0.5786474953E+000
    531700   0.3994212086E+003   0.5787913779E+000
    531800   0.3994211684E+003   0.5788316086E+000
    531900   0.3994210863E+003   0.5789136870E+000
    532000   0.3994210143E+003   0.5789856620E+000
    532100   0.3994209545E+003   0.5790454870E+000
    532200   0.3994208793E+003   0.5791206505E+000
    532300   0.3994208219E+003   0.5791781417E+000
    532400   0.3994207741E+003   0.5792259369E+000
    532500   0.3994206845E+003   0.5793154596E+000
    532600   0.3994206139E+003   0.5793860512E+000
    532700   0.3994205438E+003   0.5794561904E+000
    532800   0.3994204809E+003   0.5795190837E+000
    532900   0.3994204181E+003   0.5795818901E+000
    533000   0.3994203478E+003   0.5796522479E+000
    533100   0.3994202635E+003   0.5797364806E+000
    533200   0.3994201973E+003   0.5798027407E+000
    533300   0.3994201392E+003   0.5798607670E+000
    533400   0.3994200800E+003   0.5799199990E+000
    533500   0.3994200080E+003   0.5799920163E+000
    533600   0.3994199371E+003   0.5800629060E+000
    533700   0.3994198673E+003   0.5801326924E+000
    533800   0.3994196903E+003   0.5803097088E+000
    533900   0.3994195513E+003   0.5804487436E+000
    534000   0.3994194123E+003   0.5805877130E+000
    534100   0.3994192824E+003   0.5807176417E+000
    534200   0.3994190856E+003   0.5809143547E+000
    534300   0.3994189273E+003   0.5810727018E+000
    534400   0.3994188213E+003   0.5811786559E+000
    534500   0.3994187386E+003   0.5812613733E+000
    534600   0.3994186077E+003   0.5813923495E+000
    534700   0.3994184060E+003   0.5815939883E+000
    534800   0.3994182378E+003   0.5817622235E+000
    534900   0.3994180927E+003   0.5819072994E+000
    535000   0.3994179098E+003   0.5820901962E+000
    535100   0.3994177629E+003   0.5822371364E+000
    535200   0.3994176567E+003   0.5823432873E+000
    535300   0.3994174973E+003   0.5825027468E+000
    535400   0.3994174207E+003   0.5825793084E+000
    535500   0.3994172265E+003   0.5827734513E+000
    535600   0.3994170655E+003   0.5829344551E+000
    535700   0.3994169420E+003   0.5830579539E+000
    535800   0.3994167550E+003   0.5832450129E+000
    535900   0.3994166593E+003   0.5833407208E+000
    536000   0.3994164909E+003   0.5835091167E+000
    536100   0.3994163899E+003   0.5836100720E+000
    536200   0.3994162682E+003   0.5837318474E+000
    536300   0.3994161225E+003   0.5838775484E+000
    536400   0.3994159769E+003   0.5840230613E+000
    536500   0.3994159011E+003   0.5840988792E+000
    536600   0.3994157599E+003   0.5842400987E+000
    536700   0.3994155748E+003   0.5844252288E+000
    536800   0.3994155034E+003   0.5844966380E+000
    536900   0.3994153278E+003   0.5846722146E+000
    537000   0.3994151456E+003   0.5848544332E+000
    537100   0.3994149706E+003   0.5850294381E+000
    537200   0.3994147457E+003   0.5852542826E+000
    537300   0.3994145938E+003   0.5854061749E+000
    537400   0.3994144533E+003   0.5855467483E+000
    537500   0.3994143135E+003   0.5856864847E+000
    537600   0.3994141999E+003   0.5858000779E+000
    537700   0.3994141076E+003   0.5858924123E+000
    537800   0.3994139319E+003   0.5860680736E+000
    537900   0.3994137817E+003   0.5862182852E+000
    538000   0.3994136708E+003   0.5863291831E+000
    538100   0.3994135061E+003   0.5864938827E+000
    538200   0.3994133769E+003   0.5866230968E+000
    538300   0.3994132259E+003   0.5867740779E+000
    538400   0.3994130502E+003   0.5869497895E+000
    538500   0.3994128993E+003   0.5871006921E+000
    538600   0.3994127094E+003   0.5872906445E+000
    538700   0.3994125905E+003   0.5874094997E+000
    538800   0.3994124654E+003   0.5875345537E+000
    538900   0.3994123576E+003   0.5876424372E+000
    539000   0.3994121896E+003   0.5878104478E+000
    539100   0.3994121440E+003   0.5878560315E+000
    539200   0.3994120884E+003   0.5879116117E+000
    539300   0.3994120096E+003   0.5879904433E+000
    539400   0.3994119184E+003   0.5880815980E+000
    539500   0.3994118458E+003   0.5881541503E+000
    539600   0.3994117758E+003   0.5882241925E+000
    539700   0.3994117042E+003   0.5882958339E+000
    539800   0.3994116310E+003   0.5883690398E+000
    539900   0.3994115648E+003   0.5884351865E+000
    540000   0.3994115052E+003   0.5884948048E+000
    540100   0.3994114295E+003   0.5885704534E+000
    540200   0.3994113405E+003   0.5886595099E+000
    540300   0.3994112566E+003   0.5887433771E+000
    540400   0.3994111941E+003   0.5888058902E+000
    540500   0.3994111281E+003   0.5888718997E+000
    540600   0.3994110571E+003   0.5889429371E+000
    540700   0.3994110035E+003   0.5889965270E+000
    540800   0.3994109428E+003   0.5890572374E+000
    540900   0.3994108791E+003   0.5891209224E+000
    541000   0.3994108366E+003   0.5891634317E+000
    541100   0.3994107744E+003   0.5892255895E+000
    541200   0.3994106967E+003   0.5893032831E+000
    541300   0.3994106348E+003   0.5893652177E+000
    541400   0.3994105639E+003   0.5894361007E+000
    541500   0.3994105040E+003   0.5894960321E+000
    541600   0.3994105086E+003   0.5894913531E+000
    541700   0.3994107496E+003   0.5892503672E+000
    541800   0.3994110250E+003   0.5889750383E+000
    541900   0.3994113684E+003   0.5886316203E+000
    542000   0.3994117149E+003   0.5882850762E+000
    542100   0.3994120172E+003   0.5879827763E+000
    542200   0.3994122996E+003   0.5877004082E+000
    542300   0.3994126274E+003   0.5873726009E+000
    542400   0.3994129693E+003   0.5870306599E+000
    542500   0.3994133353E+003   0.5866646739E+000
    542600   0.3994136954E+003   0.5863045840E+000
    542700   0.3994139723E+003   0.5860277352E+000
    542800   0.3994143270E+003   0.5856729917E+000
    542900   0.3994145215E+003   0.5854785250E+000
    543000   0.3994147278E+003   0.5852722017E+000
    543100   0.3994150764E+003   0.5849235812E+000
    543200   0.3994153372E+003   0.5846628181E+000
    543300   0.3994152964E+003   0.5847035503E+000
    543400   0.3994152368E+003   0.5847632143E+000
    543500   0.3994151830E+003   0.5848170322E+000
    543600   0.3994151059E+003   0.5848941196E+000
    543700   0.3994150228E+003   0.5849772262E+000
    543800   0.3994149695E+003   0.5850305125E+000
    543900   0.3994149037E+003   0.5850963275E+000
    544000   0.3994148392E+003   0.5851608285E+000
    544100   0.3994147544E+003   0.5852455563E+000
    544200   0.3994146676E+003   0.5853323791E+000
    544300   0.3994146098E+003   0.5853902373E+000
    544400   0.3994145361E+003   0.5854638965E+000
    544500   0.3994144671E+003   0.5855328890E+000
    544600   0.3994144020E+003   0.5855979727E+000
    544700   0.3994143483E+003   0.5856516844E+000
    544800   0.3994142902E+003   0.5857098496E+000
    544900   0.3994142379E+003   0.5857620967E+000
    545000   0.3994141577E+003   0.5858422846E+000
    545100   0.3994141158E+003   0.5858841875E+000
    545200   0.3994140542E+003   0.5859458199E+000
    545300   0.3994139815E+003   0.5860185375E+000
    545400   0.3994139193E+003   0.5860807424E+000
    545500   0.3994138654E+003   0.5861346312E+000
    545600   0.3994137808E+003   0.5862192337E+000
    545700   0.3994137175E+003   0.5862825278E+000
    545800   0.3994136941E+003   0.5863058732E+000
    545900   0.3994136388E+003   0.5863611988E+000
    546000   0.3994135886E+003   0.5864113506E+000
    546100   0.3994135323E+003   0.5864676997E+000
    546200   0.3994134626E+003   0.5865373943E+000
    546300   0.3994133815E+003   0.5866185408E+000
    546400   0.3994133353E+003   0.5866647463E+000
    546500   0.3994132824E+003   0.5867176170E+000
    546600   0.3994131825E+003   0.5868174901E+000
    546700   0.3994131159E+003   0.5868840775E+000
    546800   0.3994130509E+003   0.5869490848E+000
    546900   0.3994129809E+003   0.5870190734E+000
    547000   0.3994129160E+003   0.5870839528E+000
    547100   0.3994128413E+003   0.5871586936E+000
    547200   0.3994127492E+003   0.5872507798E+000
    547300   0.3994126835E+003   0.5873164991E+000
    547400   0.3994126187E+003   0.5873812838E+000
    547500   0.3994125525E+003   0.5874475313E+000
    547600   0.3994125214E+003   0.5874785775E+000
    547700   0.3994124423E+003   0.5875577342E+000
    547800   0.3994123776E+003   0.5876224165E+000
    547900   0.3994123175E+003   0.5876824917E+000
    548000   0.3994122854E+003   0.5877146416E+000
    548100   0.3994122008E+003   0.5877991673E+000
    548200   0.3994121305E+003   0.5878694883E+000
    548300   0.3994124580E+003   0.5875419553E+000
    548400   0.3994128093E+003   0.5871906627E+000
    548500   0.3994129477E+003   0.5870523200E+000
    548600   0.3994129964E+003   0.5870036117E+000
    548700   0.3994132335E+003   0.5867665103E+000
    548800   0.3994133449E+003   0.5866551396E+000
    548900   0.3994132652E+003   0.5867348097E+000
    549000   0.3994132384E+003   0.5867616018E+000
    549100   0.3994132854E+003   0.5867146370E+000
    549200   0.3994132590E+003   0.5867410272E+000
    549300   0.3994132488E+003   0.5867511944E+000
    549400   0.3994131446E+003   0.5868554132E+000
    549500   0.3994130850E+003   0.5869149739E+000
    549600   0.3994129717E+003   0.5870282783E+000
    549700   0.3994128742E+003   0.5871257552E+000
    549800   0.3994127601E+003   0.5872398561E+000
    549900   0.3994126483E+003   0.5873517070E+000
    550000   0.3994126077E+003   0.5873922623E+000
    550100   0.3994125486E+003   0.5874513629E+000
    550200   0.3994124985E+003   0.5875015252E+000
    550300   0.3994124118E+003   0.5875882275E+000
    550400   0.3994123666E+003   0.5876334172E+000
    550500   0.3994123081E+003   0.5876918518E+000
    550600   0.3994122394E+003   0.5877605666E+000
    550700   0.3994121447E+003   0.5878553159E+000
    550800   0.3994120732E+003   0.5879268028E+000
    550900   0.3994120118E+003   0.5879881750E+000
    551000   0.3994119622E+003   0.5880378372E+000
    551100   0.3994119109E+003   0.5880890802E+000
    551200   0.3994118100E+003   0.5881900202E+000
    551300   0.3994117596E+003   0.5882403556E+000
    551400   0.3994116741E+003   0.5883258805E+000
    551500   0.3994116052E+003   0.5883948494E+000
    551600   0.3994115504E+003   0.5884495543E+000
    551700   0.3994114720E+003   0.5885280256E+000
    551800   0.3994113865E+003   0.5886134887E+000
    551900   0.3994113117E+003   0.5886882981E+000
    552000   0.3994112491E+003   0.5887509250E+000
    552100   0.3994111542E+003   0.5888458287E+000
    552200   0.3994110762E+003   0.5889237632E+000
    552300   0.3994109978E+003   0.5890021578E+000
    552400   0.3994109458E+003   0.5890542067E+000
    552500   0.3994108853E+003   0.5891147305E+000
    552600   0.3994108239E+003   0.5891761218E+000
    552700   0.3994107585E+003   0.5892414910E+000
    552800   0.3994106862E+003   0.5893138222E+000
    552900   0.3994106336E+003   0.5893663825E+000
    553000   0.3994105751E+003   0.5894249107E+000
    553100   0.3994105283E+003   0.5894717179E+000
    553200   0.3994104547E+003   0.5895452523E+000
    553300   0.3994103919E+003   0.5896081174E+000
    553400   0.3994103122E+003   0.5896877597E+000
    553500   0.3994102260E+003   0.5897739870E+000
    553600   0.3994104245E+003   0.5895754730E+000
    553700   0.3994107449E+003   0.5892550938E+000
    553800   0.3994110098E+003   0.5889901658E+000
    553900   0.3994113645E+003   0.5886355470E+000
    554000   0.3994117166E+003   0.5882833618E+000
    554100   0.3994119607E+003   0.5880392878E+000
    554200   0.3994123397E+003   0.5876602925E+000
    554300   0.3994126965E+003   0.5873035367E+000
    554400   0.3994130375E+003   0.5869624697E+000
    554500   0.3994133658E+003   0.5866342484E+000
    554600   0.3994136952E+003   0.5863047791E+000
    554700   0.3994140498E+003   0.5859501978E+000
    554800   0.3994143992E+003   0.5856008463E+000
    554900   0.3994147315E+003   0.5852684880E+000
    555000   0.3994150497E+003   0.5849502617E+000
    555100   0.3994153746E+003   0.5846254034E+000
    555200   0.3994157407E+003   0.5842592990E+000
    555300   0.3994160779E+003   0.5839220524E+000
    555400   0.3994164032E+003   0.5835968303E+000
    555500   0.3994167182E+003   0.5832817583E+000
    555600   0.3994170477E+003   0.5829522654E+000
    555700   0.3994174114E+003   0.5825886462E+000
    555800   0.3994177778E+003   0.5822222420E+000
    555900   0.3994181541E+003   0.5818458650E+000
    556000   0.3994184884E+003   0.5815116241E+000
    556100   0.3994185498E+003   0.5814501767E+000
    556200   0.3994184723E+003   0.5815276960E+000
    556300   0.3994183972E+003   0.5816027946E+000
    556400   0.3994183121E+003   0.5816879236E+000
    556500   0.3994182479E+003   0.5817520643E+000
    556600   0.3994181704E+003   0.5818295662E+000
    556700   0.3994181128E+003   0.5818872196E+000
    556800   0.3994180464E+003   0.5819536298E+000
    556900   0.3994179825E+003   0.5820175251E+000
    557000   0.3994178884E+003   0.5821116175E+000
    557100   0.3994178216E+003   0.5821783789E+000
    557200   0.3994177674E+003   0.5822326236E+000
    557300   0.3994176999E+003   0.5823000590E+000
    557400   0.3994175461E+003   0.5824539165E+000
    557500   0.3994174492E+003   0.5825507949E+000
    557600   0.3994172749E+003   0.5827250797E+000
    557700   0.3994171449E+003   0.5828551266E+000
    557800   0.3994170467E+003   0.5829532676E+000
    557900   0.3994169292E+003   0.5830708305E+000
    558000   0.3994168099E+003   0.5831901012E+000
    558100   0.3994167376E+003   0.5832623981E+000
    558200   0.3994165755E+003   0.5834245167E+000
    558300   0.3994164954E+003   0.5835045534E+000
    558400   0.3994163746E+003   0.5836254274E+000
    558500   0.3994162597E+003   0.5837402595E+000
    558600   0.3994160921E+003   0.5839079062E+000
    558700   0.3994160026E+003   0.5839974096E+000
    558800   0.3994158224E+003   0.5841775606E+000
    558900   0.3994157308E+003   0.5842691697E+000
    559000   0.3994156418E+003   0.5843582305E+000
    559100   0.3994155448E+003   0.5844551630E+000
    559200   0.3994153860E+003   0.5846139727E+000
    559300   0.3994152719E+003   0.5847280832E+000
    559400   0.3994151387E+003   0.5848613196E+000
    559500   0.3994149941E+003   0.5850058768E+000
    559600   0.3994148917E+003   0.5851083032E+000
    559700   0.3994147318E+003   0.5852681938E+000
    559800   0.3994145405E+003   0.5854595466E+000
    559900   0.3994144441E+003   0.5855558891E+000
    560000   0.3994143036E+003   0.5856963794E+000
    560100   0.3994141305E+003   0.5858694672E+000
    560200   0.3994139663E+003   0.5860336845E+000
    560300   0.3994138425E+003   0.5861575004E+000
    560400   0.3994137792E+003   0.5862207674E+000
    560500   0.3994137156E+003   0.5862844463E+000
    560600   0.3994136521E+003   0.5863478699E+000
    560700   0.3994135879E+003   0.5864120981E+000
    560800   0.3994135525E+003   0.5864474857E+000
    560900   0.3994135236E+003   0.5864764466E+000
    561000   0.3994134696E+003   0.5865303533E+000
    561100   0.3994133947E+003   0.5866052955E+000
    561200   0.3994133295E+003   0.5866704974E+000
    561300   0.3994132889E+003   0.5867110931E+000
    561400   0.3994132224E+003   0.5867775957E+000
    561500   0.3994131525E+003   0.5868474840E+000
    561600   0.3994130950E+003   0.5869049589E+000
    561700   0.3994130350E+003   0.5869650356E+000
    561800   0.3994129495E+003   0.5870504899E+000
    561900   0.3994128787E+003   0.5871212529E+000
    562000   0.3994128171E+003   0.5871829329E+000
    562100   0.3994127566E+003   0.5872433688E+000
    562200   0.3994127069E+003   0.5872931461E+000
    562300   0.3994126108E+003   0.5873891804E+000
    562400   0.3994125395E+003   0.5874605081E+000
    562500   0.3994124152E+003   0.5875848069E+000
    562600   0.3994123079E+003   0.5876921373E+000
    562700   0.3994121709E+003   0.5878291411E+000
    562800   0.3994120910E+003   0.5879090320E+000
    562900   0.3994119738E+003   0.5880261800E+000
    563000   0.3994118353E+003   0.5881646792E+000
    563100   0.3994116971E+003   0.5883029275E+000
    563200   0.3994116156E+003   0.5883843609E+000
    563300   0.3994115494E+003   0.5884506315E+000
    563400   0.3994114822E+003   0.5885178312E+000
    563500   0.3994113413E+003   0.5886586644E+000
    563600   0.3994112589E+003   0.5887410711E+000
    563700   0.3994111458E+003   0.5888541871E+000
    563800   0.3994109892E+003   0.5890108256E+000
    563900   0.3994108246E+003   0.5891754231E+000
    564000   0.3994106899E+003   0.5893101287E+000
    564100   0.3994106182E+003   0.5893818383E+000
    564200   0.3994104572E+003   0.5895428482E+000
    564300   0.3994103125E+003   0.5896875497E+000
    564400   0.3994101951E+003   0.5898048541E+000
    564500   0.3994101119E+003   0.5898880714E+000
    564600   0.3994099859E+003   0.5900141241E+000
    564700   0.3994098613E+003   0.5901386718E+000
    564800   0.3994097666E+003   0.5902333979E+000
    564900   0.3994096599E+003   0.5903401168E+000
    565000   0.3994095539E+003   0.5904461421E+000
    565100   0.3994094073E+003   0.5905926566E+000
    565200   0.3994092701E+003   0.5907299031E+000
    565300   0.3994091571E+003   0.5908428558E+000
    565400   0.3994089972E+003   0.5910028489E+000
    565500   0.3994089484E+003   0.5910516227E+000
    565600   0.3994087701E+003   0.5912298756E+000
    565700   0.3994086703E+003   0.5913297067E+000
    565800   0.3994085314E+003   0.5914685685E+000
    565900   0.3994084006E+003   0.5915994250E+000
    566000   0.3994083058E+003   0.5916942162E+000
    566100   0.3994081866E+003   0.5918134459E+000
    566200   0.3994080332E+003   0.5919668397E+000
    566300   0.3994079144E+003   0.5920855750E+000
    566400   0.3994078800E+003   0.5921200369E+000
    566500   0.3994078423E+003   0.5921576993E+000
    566600   0.3994077608E+003   0.5922391617E+000
    566700   0.3994076981E+003   0.5923019216E+000
    566800   0.3994076337E+003   0.5923663024E+000
    566900   0.3994075569E+003   0.5924431060E+000
    567000   0.3994074992E+003   0.5925007775E+000
    567100   0.3994074371E+003   0.5925629285E+000
    567200   0.3994073892E+003   0.5926107807E+000
    567300   0.3994073143E+003   0.5926856862E+000
    567400   0.3994072653E+003   0.5927346902E+000
    567500   0.3994072200E+003   0.5927800465E+000
    567600   0.3994071545E+003   0.5928455156E+000
    567700   0.3994070596E+003   0.5929404198E+000
    567800   0.3994069987E+003   0.5930012702E+000
    567900   0.3994069415E+003   0.5930585005E+000
    568000   0.3994068678E+003   0.5931321773E+000
    568100   0.3994068238E+003   0.5931761781E+000
    568200   0.3994068079E+003   0.5931921388E+000
    568300   0.3994067518E+003   0.5932481741E+000
    568400   0.3994066971E+003   0.5933028598E+000
    568500   0.3994066356E+003   0.5933643633E+000
    568600   0.3994065896E+003   0.5934104405E+000
    568700   0.3994065044E+003   0.5934956212E+000
    568800   0.3994064484E+003   0.5935515557E+000
    568900   0.3994064061E+003   0.5935938555E+000
    569000   0.3994063463E+003   0.5936537168E+000
    569100   0.3994062879E+003   0.5937120930E+000
    569200   0.3994062307E+003   0.5937693139E+000
    569300   0.3994060776E+003   0.5939223836E+000
    569400   0.3994060394E+003   0.5939605684E+000
    569500   0.3994058827E+003   0.5941172867E+000
    569600   0.3994057262E+003   0.5942737523E+000
    569700   0.3994056397E+003   0.5943602822E+000
    569800   0.3994055584E+003   0.5944416054E+000
    569900   0.3994052329E+003   0.5947671229E+000
    570000   0.3994050666E+003   0.5949334146E+000
    570100   0.3994049785E+003   0.5950215257E+000
    570200   0.3994047856E+003   0.5952144055E+000
    570300   0.3994045811E+003   0.5954188688E+000
    570400   0.3994044051E+003   0.5955948569E+000
    570500   0.3994042791E+003   0.5957208596E+000
    570600   0.3994041179E+003   0.5958821480E+000
    570700   0.3994039704E+003   0.5960295669E+000
    570800   0.3994038148E+003   0.5961851927E+000
    570900   0.3994036697E+003   0.5963302778E+000
    571000   0.3994035649E+003   0.5964351039E+000
    571100   0.3994034168E+003   0.5965832341E+000
    571200   0.3994032516E+003   0.5967484098E+000
    571300   0.3994031514E+003   0.5968486287E+000
    571400   0.3994030247E+003   0.5969752873E+000
    571500   0.3994029050E+003   0.5970950486E+000
    571600   0.3994027755E+003   0.5972245294E+000
    571700   0.3994026182E+003   0.5973818484E+000
    571800   0.3994025829E+003   0.5974170647E+000
    571900   0.3994025297E+003   0.5974703102E+000
    572000   0.3994024660E+003   0.5975340003E+000
    572100   0.3994024101E+003   0.5975899327E+000
    572200   0.3994023698E+003   0.5976301971E+000
    572300   0.3994022996E+003   0.5977003549E+000
    572400   0.3994022351E+003   0.5977649451E+000
    572500   0.3994021660E+003   0.5978340372E+000
    572600   0.3994021188E+003   0.5978811521E+000
    572700   0.3994020959E+003   0.5979040823E+000
    572800   0.3994020824E+003   0.5979176151E+000
    572900   0.3994020233E+003   0.5979766965E+000
    573000   0.3994019653E+003   0.5980347172E+000
    573100   0.3994018997E+003   0.5981003330E+000
    573200   0.3994018508E+003   0.5981492075E+000
    573300   0.3994017727E+003   0.5982273093E+000
    573400   0.3994017309E+003   0.5982691345E+000
    573500   0.3994016730E+003   0.5983270141E+000
    573600   0.3994015966E+003   0.5984034026E+000
    573700   0.3994015520E+003   0.5984480039E+000
    573800   0.3994014511E+003   0.5985489145E+000
    573900   0.3994013324E+003   0.5986675847E+000
    574000   0.3994012098E+003   0.5987902399E+000
    574100   0.3994010713E+003   0.5989286909E+000
    574200   0.3994009399E+003   0.5990601475E+000
    574300   0.3994008369E+003   0.5991630828E+000
    574400   0.3994007196E+003   0.5992804091E+000
    574500   0.3994006060E+003   0.5993940035E+000
    574600   0.3994005588E+003   0.5994412250E+000
    574700   0.3994007344E+003   0.5992656023E+000
    574800   0.3994010463E+003   0.5989536619E+000
    574900   0.3994013667E+003   0.5986333351E+000
    575000   0.3994016498E+003   0.5983501730E+000
    575100   0.3994018201E+003   0.5981798731E+000
    575200   0.3994020500E+003   0.5979499976E+000
    575300   0.3994021467E+003   0.5978533221E+000
    575400   0.3994023990E+003   0.5976010217E+000
    575500   0.3994027807E+003   0.5972193298E+000
    575600   0.3994029286E+003   0.5970713723E+000
    575700   0.3994028835E+003   0.5971165434E+000
    575800   0.3994028256E+003   0.5971744114E+000
    575900   0.3994027563E+003   0.5972436587E+000
    576000   0.3994026917E+003   0.5973082619E+000
    576100   0.3994026428E+003   0.5973572468E+000
    576200   0.3994025890E+003   0.5974109709E+000
    576300   0.3994025264E+003   0.5974735601E+000
    576400   0.3994024575E+003   0.5975425225E+000
    576500   0.3994023872E+003   0.5976127745E+000
    576600   0.3994023301E+003   0.5976698718E+000
    576700   0.3994022780E+003   0.5977219508E+000
    576800   0.3994022250E+003   0.5977749617E+000
    576900   0.3994021580E+003   0.5978419685E+000
    577000   0.3994020827E+003   0.5979173240E+000
    577100   0.3994020316E+003   0.5979683599E+000
    577200   0.3994019728E+003   0.5980271754E+000
    577300   0.3994019151E+003   0.5980848774E+000
    577400   0.3994018704E+003   0.5981295820E+000
    577500   0.3994018277E+003   0.5981722766E+000
    577600   0.3994017691E+003   0.5982309325E+000
    577700   0.3994016462E+003   0.5983537725E+000
    577800   0.3994015198E+003   0.5984801814E+000
    577900   0.3994013900E+003   0.5986100118E+000
    578000   0.3994013058E+003   0.5986941960E+000
    578100   0.3994011398E+003   0.5988601531E+000
    578200   0.3994010081E+003   0.5989918993E+000
    578300   0.3994008311E+003   0.5991689215E+000
    578400   0.3994006877E+003   0.5993123175E+000
    578500   0.3994004987E+003   0.5995013276E+000
    578600   0.3994003056E+003   0.5996944026E+000
    578700   0.3994001888E+003   0.5998111708E+000
    578800   0.3994000336E+003   0.5999663949E+000
    578900   0.3993999128E+003   0.6000871910E+000
    579000   0.3993997443E+003   0.6002557473E+000
    579100   0.3993996241E+003   0.6003759288E+000
    579200   0.3993995068E+003   0.6004931612E+000
    579300   0.3993994367E+003   0.6005632921E+000
    579400   0.3993993456E+003   0.6006544046E+000
    579500   0.3993992518E+003   0.6007482009E+000
    579600   0.3993990481E+003   0.6009518694E+000
    579700   0.3993989384E+003   0.6010616214E+000
    579800   0.3993988655E+003   0.6011345472E+000
    579900   0.3993987368E+003   0.6012631894E+000
    580000   0.3993986489E+003   0.6013511342E+000
    580100   0.3993985163E+003   0.6014837280E+000
    580200   0.3993984394E+003   0.6015606006E+000
    580300   0.3993983502E+003   0.6016497533E+000
    580400   0.3993982405E+003   0.6017595280E+000
    580500   0.3993981041E+003   0.6018958807E+000
    580600   0.3993979935E+003   0.6020065331E+000
    580700   0.3993978033E+003   0.6021966848E+000
    580800   0.3993976706E+003   0.6023293840E+000
    580900   0.3993976342E+003   0.6023658066E+000
    581000   0.3993975160E+003   0.6024839933E+000
    581100   0.3993973813E+003   0.6026187236E+000
    581200   0.3993973241E+003   0.6026759441E+000
    581300   0.3993972481E+003   0.6027519211E+000
    581400   0.3993971997E+003   0.6028002881E+000
    581500   0.3993971295E+003   0.6028705443E+000
    581600   0.3993970625E+003   0.6029374501E+000
    581700   0.3993970027E+003   0.6029972553E+000
    581800   0.3993969338E+003   0.6030662170E+000
    581900   0.3993968767E+003   0.6031232568E+000
    582000   0.3993968233E+003   0.6031766720E+000
    582100   0.3993967580E+003   0.6032420373E+000
    582200   0.3993967230E+003   0.6032769668E+000
    582300   0.3993966494E+003   0.6033505961E+000
    582400   0.3993965789E+003   0.6034211459E+000
    582500   0.3993965119E+003   0.6034881000E+000
    582600   0.3993964439E+003   0.6035560539E+000
    582700   0.3993963889E+003   0.6036110774E+000
    582800   0.3993963295E+003   0.6036704735E+000
    582900   0.3993962836E+003   0.6037163957E+000
    583000   0.3993962025E+003   0.6037975187E+000
    583100   0.3993961400E+003   0.6038600104E+000
    583200   0.3993960945E+003   0.6039054587E+000
    583300   0.3993960546E+003   0.6039454156E+000
    583400   0.3993959705E+003   0.6040294978E+000
    583500   0.3993959203E+003   0.6040797262E+000
    583600   0.3993958723E+003   0.6041276745E+000
    583700   0.3993958063E+003   0.6041937063E+000
    583800   0.3993957527E+003   0.6042472595E+000
    583900   0.3993956831E+003   0.6043168600E+000
    584000   0.3993956171E+003   0.6043828777E+000
    584100   0.3993955373E+003   0.6044626797E+000
    584200   0.3993954657E+003   0.6045342614E+000
    584300   0.3993954017E+003   0.6045983074E+000
    584400   0.3993953250E+003   0.6046750162E+000
    584500   0.3993952622E+003   0.6047377738E+000
    584600   0.3993952152E+003   0.6047848182E+000
    584700   0.3993951517E+003   0.6048483215E+000
    584800   0.3993950930E+003   0.6049069591E+000
    584900   0.3993950339E+003   0.6049661226E+000
    585000   0.3993950008E+003   0.6049992461E+000
    585100   0.3993949530E+003   0.6050469903E+000
    585200   0.3993949557E+003   0.6050443429E+000
    585300   0.3993952719E+003   0.6047281364E+000
    585400   0.3993955714E+003   0.6044285633E+000
    585500   0.3993959172E+003   0.6040828224E+000
    585600   0.3993962505E+003   0.6037495287E+000
    585700   0.3993965143E+003   0.6034856888E+000
    585800   0.3993968133E+003   0.6031867353E+000
    585900   0.3993970777E+003   0.6029223309E+000
    586000   0.3993972432E+003   0.6027567759E+000
    586100   0.3993972088E+003   0.6027912265E+000
    586200   0.3993971773E+003   0.6028226631E+000
    586300   0.3993971102E+003   0.6028898385E+000
    586400   0.3993970560E+003   0.6029440054E+000
    586500   0.3993970361E+003   0.6029638709E+000
    586600   0.3993969638E+003   0.6030362346E+000
    586700   0.3993968948E+003   0.6031052209E+000
    586800   0.3993968427E+003   0.6031572791E+000
    586900   0.3993967674E+003   0.6032326406E+000
    587000   0.3993966875E+003   0.6033124756E+000
    587100   0.3993966128E+003   0.6033871684E+000
    587200   0.3993965549E+003   0.6034451456E+000
    587300   0.3993965021E+003   0.6034978995E+000
    587400   0.3993964497E+003   0.6035503265E+000
    587500   0.3993963867E+003   0.6036133390E+000
    587600   0.3993965677E+003   0.6034322775E+000
    587700   0.3993967752E+003   0.6032247922E+000
    587800   0.3993970271E+003   0.6029728729E+000
    587900   0.3993973136E+003   0.6026864183E+000
    588000   0.3993976352E+003   0.6023647637E+000
    588100   0.3993979096E+003   0.6020903858E+000
    588200   0.3993982492E+003   0.6017507747E+000
    588300   0.3993985659E+003   0.6014341386E+000
    588400   0.3993988791E+003   0.6011209149E+000
    588500   0.3993991361E+003   0.6008639416E+000
    588600   0.3993991889E+003   0.6008110847E+000
    588700   0.3993992824E+003   0.6007176474E+000
    588800   0.3993994757E+003   0.6005243136E+000
    588900   0.3993997619E+003   0.6002381335E+000
    589000   0.3994000825E+003   0.5999174965E+000
    589100   0.3994004312E+003   0.5995687701E+000
    589200   0.3994007701E+003   0.5992298707E+000
    589300   0.3994011313E+003   0.5988686626E+000
    589400   0.3994014548E+003   0.5985451683E+000
    589500   0.3994017703E+003   0.5982297255E+000
    589600   0.3994021319E+003   0.5978681429E+000
    589700   0.3994024503E+003   0.5975496708E+000
    589800   0.3994028184E+003   0.5971816299E+000
    589900   0.3994031437E+003   0.5968562798E+000
    590000   0.3994034343E+003   0.5965656649E+000
    590100   0.3994037760E+003   0.5962239508E+000
    590200   0.3994040802E+003   0.5959198354E+000
    590300   0.3994044010E+003   0.5955989757E+000
    590400   0.3994046576E+003   0.5953424151E+000
    590500   0.3994049499E+003   0.5950501066E+000
    590600   0.3994052561E+003   0.5947438625E+000
    590700   0.3994055786E+003   0.5944213966E+000
    590800   0.3994059080E+003   0.5940920143E+000
    590900   0.3994062344E+003   0.5937656208E+000
    591000   0.3994065527E+003   0.5934473381E+000
    591100   0.3994068833E+003   0.5931167040E+000
    591200   0.3994072271E+003   0.5927729388E+000
    591300   0.3994075591E+003   0.5924409051E+000
    591400   0.3994077837E+003   0.5922163202E+000
    591500   0.3994080967E+003   0.5919032864E+000
    591600   0.3994083505E+003   0.5916494615E+000
    591700   0.3994086843E+003   0.5913156604E+000
    591800   0.3994089827E+003   0.5910172708E+000
    591900   0.3994092938E+003   0.5907061806E+000
    592000   0.3994096204E+003   0.5903795588E+000
    592100   0.3994099190E+003   0.5900809914E+000
    592200   0.3994101261E+003   0.5898739293E+000
    592300   0.3994103723E+003   0.5896277103E+000
    592400   0.3994106522E+003   0.5893478013E+000
    592500   0.3994107709E+003   0.5892291489E+000
    592600   0.3994107474E+003   0.5892526039E+000
    592700   0.3994106856E+003   0.5893143612E+000
    592800   0.3994106322E+003   0.5893677871E+000
    592900   0.3994105665E+003   0.5894334766E+000
    593000   0.3994104965E+003   0.5895034868E+000
    593100   0.3994104210E+003   0.5895789597E+000
    593200   0.3994104032E+003   0.5895968051E+000
    593300   0.3994103416E+003   0.5896583709E+000
    593400   0.3994102892E+003   0.5897108100E+000
    593500   0.3994102447E+003   0.5897552771E+000
    593600   0.3994101757E+003   0.5898243026E+000
    593700   0.3994101235E+003   0.5898765498E+000
    593800   0.3994100718E+003   0.5899281547E+000
    593900   0.3994100110E+003   0.5899890389E+000
    594000   0.3994099446E+003   0.5900553599E+000
    594100   0.3994098934E+003   0.5901066118E+000
    594200   0.3994099326E+003   0.5900674129E+000
    594300   0.3994099744E+003   0.5900255567E+000
    594400   0.3994099239E+003   0.5900760870E+000
    594500   0.3994098502E+003   0.5901497567E+000
    594600   0.3994097933E+003   0.5902067423E+000
    594700   0.3994097403E+003   0.5902596589E+000
    594800   0.3994097082E+003   0.5902917926E+000
    594900   0.3994096720E+003   0.5903280007E+000
    595000   0.3994096273E+003   0.5903727055E+000
    595100   0.3994095742E+003   0.5904257608E+000
    595200   0.3994095085E+003   0.5904915458E+000
    595300   0.3994094556E+003   0.5905443891E+000
    595400   0.3994094005E+003   0.5905994569E+000
    595500   0.3994093530E+003   0.5906469777E+000
    595600   0.3994094202E+003   0.5905798213E+000
    595700   0.3994093753E+003   0.5906246511E+000
    595800   0.3994093274E+003   0.5906725979E+000
    595900   0.3994091951E+003   0.5908049264E+000
    596000   0.3994090497E+003   0.5909503075E+000
    596100   0.3994088717E+003   0.5911282622E+000
    596200   0.3994087164E+003   0.5912835650E+000
    596300   0.3994086351E+003   0.5913648635E+000
    596400   0.3994084923E+003   0.5915077313E+000
    596500   0.3994083530E+003   0.5916469861E+000
    596600   0.3994082797E+003   0.5917202615E+000
    596700   0.3994081596E+003   0.5918403808E+000
    596800   0.3994080394E+003   0.5919606433E+000
    596900   0.3994078934E+003   0.5921066336E+000
    597000   0.3994078184E+003   0.5921815963E+000
    597100   0.3994077117E+003   0.5922883248E+000
    597200   0.3994075728E+003   0.5924272478E+000
    597300   0.3994074933E+003   0.5925066973E+000
    597400   0.3994074003E+003   0.5925996957E+000
    597500   0.3994072985E+003   0.5927015370E+000
    597600   0.3994071880E+003   0.5928119766E+000
    597700   0.3994070609E+003   0.5929391223E+000
    597800   0.3994069748E+003   0.5930251711E+000
    597900   0.3994068734E+003   0.5931265734E+000
    598000   0.3994067441E+003   0.5932558646E+000
    598100   0.3994065972E+003   0.5934027667E+000
    598200   0.3994065313E+003   0.5934686613E+000
    598300   0.3994064830E+003   0.5935169721E+000
    598400   0.3994064175E+003   0.5935824878E+000
    598500   0.3994062040E+003   0.5937960028E+000
    598600   0.3994060430E+003   0.5939570157E+000
    598700   0.3994059024E+003   0.5940976085E+000
    598800   0.3994056580E+003   0.5943420238E+000
    598900   0.3994055363E+003   0.5944637050E+000
    599000   0.3994054389E+003   0.5945611434E+000
    599100   0.3994052494E+003   0.5947505990E+000
    599200   0.3994050818E+003   0.5949182243E+000
    599300   0.3994049287E+003   0.5950713027E+000
    599400   0.3994046950E+003   0.5953050081E+000
    599500   0.3994044865E+003   0.5955134849E+000
    599600   0.3994043155E+003   0.5956844902E+000
    599700   0.3994042004E+003   0.5957995906E+000
    599800   0.3994039775E+003   0.5960225441E+000
    599900   0.3994038169E+003   0.5961831337E+000
    600000   0.3994036133E+003   0.5963867136E+000
    600100   0.3994034793E+003   0.5965206619E+000
    600200   0.3994032888E+003   0.5967112020E+000
    600300   0.3994031350E+003   0.5968649674E+000
    600400   0.3994029166E+003   0.5970834183E+000
    600500   0.3994027911E+003   0.5972088833E+000
    600600   0.3994026754E+003   0.5973246310E+000
    600700   0.3994024920E+003   0.5975079649E+000
    600800   0.3994023682E+003   0.5976318201E+000
    600900   0.3994022403E+003   0.5977597124E+000
    601000   0.3994021058E+003   0.5978942447E+000
    601100   0.3994020628E+003   0.5979372441E+000
    601200   0.3994020011E+003   0.5979988906E+000
    601300   0.3994018862E+003   0.5981138463E+000
    601400   0.3994018471E+003   0.5981528983E+000
    601500   0.3994016982E+003   0.5983017769E+000
    601600   0.3994015459E+003   0.5984540822E+000
    601700   0.3994014464E+003   0.5985536402E+000
    601800   0.3994013668E+003   0.5986332339E+000
    601900   0.3994012535E+003   0.5987465351E+000
    602000   0.3994011571E+003   0.5988429025E+000
    602100   0.3994009321E+003   0.5990678944E+000
    602200   0.3994007865E+003   0.5992135220E+000
    602300   0.3994007513E+003   0.5992486845E+000
    602400   0.3994006023E+003   0.5993977194E+000
    602500   0.3994004941E+003   0.5995058889E+000
    602600   0.3994003327E+003   0.5996672920E+000
    602700   0.3994002038E+003   0.5997961902E+000
    602800   0.3994001068E+003   0.5998932056E+000
    602900   0.3993999798E+003   0.6000201649E+000
    603000   0.3993998091E+003   0.6001909023E+000
    603100   0.3993996499E+003   0.6003501393E+000
    603200   0.3993995128E+003   0.6004871924E+000
    603300   0.3993993616E+003   0.6006383513E+000
    603400   0.3993992575E+003   0.6007424863E+000
    603500   0.3993990845E+003   0.6009155422E+000
    603600   0.3993989309E+003   0.6010691057E+000
    603700   0.3993987989E+003   0.6012011211E+000
    603800   0.3993986679E+003   0.6013320706E+000
    603900   0.3993985649E+003   0.6014350867E+000
    604000   0.3993984463E+003   0.6015537204E+000
    604100   0.3993982682E+003   0.6017318479E+000
    604200   0.3993981539E+003   0.6018461077E+000
    604300   0.3993980116E+003   0.6019884129E+000
    604400   0.3993979040E+003   0.6020960167E+000
    604500   0.3993978042E+003   0.6021958299E+000
    604600   0.3993977317E+003   0.6022683210E+000
    604700   0.3993976764E+003   0.6023236002E+000
    604800   0.3993976051E+003   0.6023948501E+000
    604900   0.3993975768E+003   0.6024232246E+000
    605000   0.3993975218E+003   0.6024782095E+000
    605100   0.3993974744E+003   0.6025256241E+000
    605200   0.3993974366E+003   0.6025634089E+000
    605300   0.3993973636E+003   0.6026363736E+000
    605400   0.3993973073E+003   0.6026926903E+000
    605500   0.3993972187E+003   0.6027813342E+000
    605600   0.3993971630E+003   0.6028370200E+000
    605700   0.3993971028E+003   0.6028972077E+000
    605800   0.3993970323E+003   0.6029676797E+000
    605900   0.3993972291E+003   0.6027708833E+000
    606000   0.3993973534E+003   0.6026465508E+000
    606100   0.3993972865E+003   0.6027134717E+000
    606200   0.3993972392E+003   0.6027607781E+000
    606300   0.3993971882E+003   0.6028117559E+000
    606400   0.3993971466E+003   0.6028533843E+000
    606500   0.3993972468E+003   0.6027531801E+000
    606600   0.3993974529E+003   0.6025470771E+000
    606700   0.3993974633E+003   0.6025367091E+000
    606800   0.3993975331E+003   0.6024669429E+000
    606900   0.3993977570E+003   0.6022430076E+000
    607000   0.3993980352E+003   0.6019648460E+000
    607100   0.3993983255E+003   0.6016744873E+000
    607200   0.3993986300E+003   0.6013700290E+000
    607300   0.3993988492E+003   0.6011508102E+000
    607400   0.3993989606E+003   0.6010393510E+000
    607500   0.3993992790E+003   0.6007210194E+000
    607600   0.3993993225E+003   0.6006774523E+000
    607700   0.3993992850E+003   0.6007149740E+000
    607800   0.3993992267E+003   0.6007732933E+000
    607900   0.3993992271E+003   0.6007729004E+000
    608000   0.3993991885E+003   0.6008115412E+000
    608100   0.3993991254E+003   0.6008745971E+000
    608200   0.3993990691E+003   0.6009308877E+000
    608300   0.3993989716E+003   0.6010283607E+000
    608400   0.3993991661E+003   0.6008338544E+000
    608500   0.3993994216E+003   0.6005783752E+000
    608600   0.3993997087E+003   0.6002912908E+000
    608700   0.3993997085E+003   0.6002915267E+000
    608800   0.3993996471E+003   0.6003529424E+000
    608900   0.3993995727E+003   0.6004273109E+000
    609000   0.3993995180E+003   0.6004820275E+000
    609100   0.3993994692E+003   0.6005307507E+000
    609200   0.3993994277E+003   0.6005723366E+000
    609300   0.3993993664E+003   0.6006335652E+000
    609400   0.3993993211E+003   0.6006788558E+000
    609500   0.3993992661E+003   0.6007339073E+000
    609600   0.3993992238E+003   0.6007762226E+000
    609700   0.3993991770E+003   0.6008229700E+000
    609800   0.3993991238E+003   0.6008762002E+000
    609900   0.3993990708E+003   0.6009292279E+000
    610000   0.3993990178E+003   0.6009821887E+000
    610100   0.3993989538E+003   0.6010462128E+000
    610200   0.3993989098E+003   0.6010901910E+000
    610300   0.3993988504E+003   0.6011496253E+000
    610400   0.3993987927E+003   0.6012072861E+000
    610500   0.3993987292E+003   0.6012708321E+000
    610600   0.3993986578E+003   0.6013422447E+000
    610700   0.3993986006E+003   0.6013993990E+000
    610800   0.3993985195E+003   0.6014805264E+000
    610900   0.3993984726E+003   0.6015274372E+000
    611000   0.3993984131E+003   0.6015868726E+000
    611100   0.3993983537E+003   0.6016463383E+000
    611200   0.3993982976E+003   0.6017024474E+000
    611300   0.3993982164E+003   0.6017836411E+000
    611400   0.3993981883E+003   0.6018116730E+000
    611500   0.3993981317E+003   0.6018683432E+000
    611600   0.3993980978E+003   0.6019021686E+000
    611700   0.3993980455E+003   0.6019545479E+000
    611800   0.3993980523E+003   0.6019476947E+000
    611900   0.3993982928E+003   0.6017071597E+000
    612000   0.3993985536E+003   0.6014463694E+000
    612100   0.3993988187E+003   0.6011813420E+000
    612200   0.3993990881E+003   0.6009118881E+000
    612300   0.3993993133E+003   0.6006867176E+000
    612400   0.3993996161E+003   0.6003839264E+000
    612500   0.3993999773E+003   0.6000226551E+000
    612600   0.3994002560E+003   0.5997440085E+000
    612700   0.3994005357E+003   0.5994643488E+000
    612800   0.3994008212E+003   0.5991788409E+000
    612900   0.3994010442E+003   0.5989557663E+000
    613000   0.3994011741E+003   0.5988259383E+000
    613100   0.3994014645E+003   0.5985355379E+000
    613200   0.3994015722E+003   0.5984278310E+000
    613300   0.3994018348E+003   0.5981651525E+000
    613400   0.3994021741E+003   0.5978259078E+000
    613500   0.3994024721E+003   0.5975278768E+000
    613600   0.3994027682E+003   0.5972317611E+000
    613700   0.3994031178E+003   0.5968821934E+000
    613800   0.3994034453E+003   0.5965546652E+000
    613900   0.3994037523E+003   0.5962476664E+000
    614000   0.3994040900E+003   0.5959099606E+000
    614100   0.3994044181E+003   0.5955818887E+000
    614200   0.3994047498E+003   0.5952502400E+000
    614300   0.3994050819E+003   0.5949181282E+000
    614400   0.3994054258E+003   0.5945742402E+000
    614500   0.3994057684E+003   0.5942315928E+000
    614600   0.3994060872E+003   0.5939128389E+000
    614700   0.3994064187E+003   0.5935812590E+000
    614800   0.3994067524E+003   0.5932476054E+000
    614900   0.3994070540E+003   0.5929459559E+000
    615000   0.3994073248E+003   0.5926752175E+000
    615100   0.3994076299E+003   0.5923700801E+000
    615200   0.3994079323E+003   0.5920677456E+000
    615300   0.3994082380E+003   0.5917619920E+000
    615400   0.3994085663E+003   0.5914336781E+000
    615500   0.3994088586E+003   0.5911414090E+000
    615600   0.3994091213E+003   0.5908787038E+000
    615700   0.3994094270E+003   0.5905729789E+000
    615800   0.3994097214E+003   0.5902785973E+000
    615900   0.3994099998E+003   0.5900001839E+000
    616000   0.3994103093E+003   0.5896906520E+000
    616100   0.3994106031E+003   0.5893969134E+000
    616200   0.3994105459E+003   0.5894541284E+000
    616300   0.3994105130E+003   0.5894870469E+000
    616400   0.3994104349E+003   0.5895651307E+000
    616500   0.3994103824E+003   0.5896176158E+000
    616600   0.3994103201E+003   0.5896799098E+000
    616700   0.3994102721E+003   0.5897278550E+000
    616800   0.3994102343E+003   0.5897656875E+000
    616900   0.3994101848E+003   0.5898152472E+000
    617000   0.3994101398E+003   0.5898601784E+000
    617100   0.3994100377E+003   0.5899623109E+000
    617200   0.3994099488E+003   0.5900512498E+000
    617300   0.3994099005E+003   0.5900994729E+000
    617400   0.3994097945E+003   0.5902055159E+000
    617500   0.3994096750E+003   0.5903250103E+000
    617600   0.3994095694E+003   0.5904305655E+000
    617700   0.3994094591E+003   0.5905409047E+000
    617800   0.3994092819E+003   0.5907180882E+000
    617900   0.3994091824E+003   0.5908175742E+000
    618000   0.3994090667E+003   0.5909332788E+000
    618100   0.3994089448E+003   0.5910552237E+000
    618200   0.3994088097E+003   0.5911903139E+000
    618300   0.3994086825E+003   0.5913175380E+000
    618400   0.3994086077E+003   0.5913923456E+000
    618500   0.3994085508E+003   0.5914492212E+000
    618600   0.3994084951E+003   0.5915049278E+000
    618700   0.3994084430E+003   0.5915570153E+000
    618800   0.3994083964E+003   0.5916035740E+000
    618900   0.3994083438E+003   0.5916562035E+000
    619000   0.3994082789E+003   0.5917210726E+000
    619100   0.3994082154E+003   0.5917846261E+000
    619200   0.3994081514E+003   0.5918485560E+000
    619300   0.3994082783E+003   0.5917216530E+000
    619400   0.3994085118E+003   0.5914881707E+000
    619500   0.3994087953E+003   0.5912046597E+000
    619600   0.3994090506E+003   0.5909493989E+000
    619700   0.3994093565E+003   0.5906435028E+000
    619800   0.3994096702E+003   0.5903297696E+000
    619900   0.3994100048E+003   0.5899951881E+000
    620000   0.3994102469E+003   0.5897530864E+000
    620100   0.3994103266E+003   0.5896733728E+000
    620200   0.3994102789E+003   0.5897210700E+000
    620300   0.3994102189E+003   0.5897811220E+000
    620400   0.3994101705E+003   0.5898295082E+000
    620500   0.3994100871E+003   0.5899129020E+000
    620600   0.3994100382E+003   0.5899617636E+000
    620700   0.3994099679E+003   0.5900321177E+000
    620800   0.3994099188E+003   0.5900812407E+000
    620900   0.3994098652E+003   0.5901347602E+000
    621000   0.3994098156E+003   0.5901843774E+000
    621100   0.3994097681E+003   0.5902318757E+000
    621200   0.3994097217E+003   0.5902782957E+000
    621300   0.3994096773E+003   0.5903227132E+000
    621400   0.3994096301E+003   0.5903698565E+000
    621500   0.3994095732E+003   0.5904268062E+000
    621600   0.3994095078E+003   0.5904921969E+000
    621700   0.3994094522E+003   0.5905478319E+000
    621800   0.3994093684E+003   0.5906315532E+000
    621900   0.3994093200E+003   0.5906800316E+000
    622000   0.3994092727E+003   0.5907273376E+000
    622100   0.3994092084E+003   0.5907916467E+000
    622200   0.3994091649E+003   0.5908351201E+000
    622300   0.3994091197E+003   0.5908803207E+000
    622400   0.3994090753E+003   0.5909247394E+000
    622500   0.3994090351E+003   0.5909648996E+000
    622600   0.3994089716E+003   0.5910284278E+000
    622700   0.3994088898E+003   0.5911102039E+000
    622800   0.3994088338E+003   0.5911662119E+000
    622900   0.3994088004E+003   0.5911995809E+000
    623000   0.3994087408E+003   0.5912591691E+000
    623100   0.3994086888E+003   0.5913112265E+000
    623200   0.3994086449E+003   0.5913550987E+000
    623300   0.3994085870E+003   0.5914130366E+000
    623400   0.3994085169E+003   0.5914830945E+000
    623500   0.3994084505E+003   0.5915495482E+000
    623600   0.3994083927E+003   0.5916072768E+000
    623700   0.3994083490E+003   0.5916509813E+000
    623800   0.3994083038E+003   0.5916962155E+000
    623900   0.3994082573E+003   0.5917426588E+000
    624000   0.3994082146E+003   0.5917854116E+000
    624100   0.3994081690E+003   0.5918310154E+000
    624200   0.3994081180E+003   0.5918819581E+000
    624300   0.3994080535E+003   0.5919465187E+000
    624400   0.3994080263E+003   0.5919737230E+000
    624500   0.3994079900E+003   0.5920100001E+000
    624600   0.3994079301E+003   0.5920699149E+000
    624700   0.3994078816E+003   0.5921183774E+000
    624800   0.3994077773E+003   0.5922227161E+000
    624900   0.3994076545E+003   0.5923454903E+000
    625000   0.3994076016E+003   0.5923983879E+000
    625100   0.3994075609E+003   0.5924390908E+000
    625200   0.3994074227E+003   0.5925772823E+000
    625300   0.3994073372E+003   0.5926627787E+000
    625400   0.3994072837E+003   0.5927162724E+000
    625500   0.3994071723E+003   0.5928276558E+000
    625600   0.3994071116E+003   0.5928883937E+000
    625700   0.3994070560E+003   0.5929439691E+000
    625800   0.3994070191E+003   0.5929809354E+000
    625900   0.3994073448E+003   0.5926552080E+000
    626000   0.3994076256E+003   0.5923743822E+000
    626100   0.3994079361E+003   0.5920638672E+000
    626200   0.3994082046E+003   0.5917953966E+000
    626300   0.3994085172E+003   0.5914828037E+000
    626400   0.3994087501E+003   0.5912499459E+000
    626500   0.3994088974E+003   0.5911025622E+000
    626600   0.3994090010E+003   0.5909989643E+000
    626700   0.3994089310E+003   0.5910689869E+000
    626800   0.3994088784E+003   0.5911216259E+000
    626900   0.3994088357E+003   0.5911642618E+000
    627000   0.3994087624E+003   0.5912375941E+000
    627100   0.3994086990E+003   0.5913010140E+000
    627200   0.3994086600E+003   0.5913400122E+000
    627300   0.3994086181E+003   0.5913818958E+000
    627400   0.3994085622E+003   0.5914377937E+000
    627500   0.3994085204E+003   0.5914796143E+000
    627600   0.3994084652E+003   0.5915347565E+000
    627700   0.3994084297E+003   0.5915703279E+000
    627800   0.3994083495E+003   0.5916504648E+000
    627900   0.3994082829E+003   0.5917171009E+000
    628000   0.3994082225E+003   0.5917774970E+000
    628100   0.3994081654E+003   0.5918345629E+000
    628200   0.3994081083E+003   0.5918916774E+000
    628300   0.3994080513E+003   0.5919486840E+000
    628400   0.3994079988E+003   0.5920012344E+000
    628500   0.3994079480E+003   0.5920520184E+000
    628600   0.3994078927E+003   0.5921073168E+000
    628700   0.3994078370E+003   0.5921629720E+000
    628800   0.3994077852E+003   0.5922147546E+000
    628900   0.3994077346E+003   0.5922653846E+000
    629000   0.3994076803E+003   0.5923197485E+000
    629100   0.3994076181E+003   0.5923819233E+000
    629200   0.3994075487E+003   0.5924513475E+000
    629300   0.3994074746E+003   0.5925253945E+000
    629400   0.3994074157E+003   0.5925843223E+000
    629500   0.3994073637E+003   0.5926363250E+000
    629600   0.3994072900E+003   0.5927100323E+000
    629700   0.3994072321E+003   0.5927678708E+000
    629800   0.3994071677E+003   0.5928323424E+000
    629900   0.3994071070E+003   0.5928929728E+000
    630000   0.3994070653E+003   0.5929347113E+000
    630100   0.3994070019E+003   0.5929980664E+000
    630200   0.3994069193E+003   0.5930807010E+000
    630300   0.3994067896E+003   0.5932103832E+000
    630400   0.3994066973E+003   0.5933027042E+000
    630500   0.3994065757E+003   0.5934242669E+000
    630600   0.3994065416E+003   0.5934584272E+000
    630700   0.3994064544E+003   0.5935455544E+000
    630800   0.3994063571E+003   0.5936428964E+000
    630900   0.3994062296E+003   0.5937703511E+000
    631000   0.3994061289E+003   0.5938711133E+000
    631100   0.3994060358E+003   0.5939641909E+000
    631200   0.3994059820E+003   0.5940180028E+000
    631300   0.3994059277E+003   0.5940723288E+000
    631400   0.3994058686E+003   0.5941313744E+000
    631500   0.3994058174E+003   0.5941825915E+000
    631600   0.3994057571E+003   0.5942429303E+000
    631700   0.3994056994E+003   0.5943005501E+000
    631800   0.3994056473E+003   0.5943526675E+000
    631900   0.3994057015E+003   0.5942984555E+000
    632000   0.3994056267E+003   0.5943732891E+000
    632100   0.3994055285E+003   0.5944714665E+000
    632200   0.3994054023E+003   0.5945977296E+000
    632300   0.3994053202E+003   0.5946797927E+000
    632400   0.3994051997E+003   0.5948002615E+000
    632500   0.3994051005E+003   0.5948994508E+000
    632600   0.3994049559E+003   0.5950441279E+000
    632700   0.3994048154E+003   0.5951846242E+000
    632800   0.3994046437E+003   0.5953562665E+000
    632900   0.3994045750E+003   0.5954250449E+000
    633000   0.3994044635E+003   0.5955365248E+000
    633100   0.3994043659E+003   0.5956341196E+000
    633200   0.3994042962E+003   0.5957038034E+000
    633300   0.3994042732E+003   0.5957267764E+000
    633400   0.3994042152E+003   0.5957847666E+000
    633500   0.3994041737E+003   0.5958263444E+000
    633600   0.3994041272E+003   0.5958728172E+000
    633700   0.3994040731E+003   0.5959269222E+000
    633800   0.3994040776E+003   0.5959224026E+000
    633900   0.3994040192E+003   0.5959807692E+000
    634000   0.3994039842E+003   0.5960157601E+000
    634100   0.3994039403E+003   0.5960596566E+000
    634200   0.3994038960E+003   0.5961040183E+000
    634300   0.3994038564E+003   0.5961435662E+000
    634400   0.3994038158E+003   0.5961842268E+000
    634500   0.3994037645E+003   0.5962355040E+000
    634600   0.3994037317E+003   0.5962682774E+000
    634700   0.3994036921E+003   0.5963079431E+000
    634800   0.3994036327E+003   0.5963672911E+000
    634900   0.3994035717E+003   0.5964283029E+000
    635000   0.3994035157E+003   0.5964842620E+000
    635100   0.3994034639E+003   0.5965360960E+000
    635200   0.3994034760E+003   0.5965240094E+000
    635300   0.3994036190E+003   0.5963810226E+000
    635400   0.3994039272E+003   0.5960727731E+000
    635500   0.3994041685E+003   0.5958315158E+000
    635600   0.3994041599E+003   0.5958401264E+000
    635700   0.3994041012E+003   0.5958987688E+000
    635800   0.3994040572E+003   0.5959427678E+000
    635900   0.3994039958E+003   0.5960042432E+000
    636000   0.3994039708E+003   0.5960291949E+000
    636100   0.3994039180E+003   0.5960820310E+000
    636200   0.3994038542E+003   0.5961457747E+000
    636300   0.3994038035E+003   0.5961964604E+000
    636400   0.3994037394E+003   0.5962605634E+000
    636500   0.3994036847E+003   0.5963152824E+000
    636600   0.3994036266E+003   0.5963733778E+000
    636700   0.3994035714E+003   0.5964285966E+000
    636800   0.3994035175E+003   0.5964824588E+000
    636900   0.3994034634E+003   0.5965365674E+000
    637000   0.3994034194E+003   0.5965805720E+000
    637100   0.3994033570E+003   0.5966430376E+000
    637200   0.3994032960E+003   0.5967040185E+000
    637300   0.3994032519E+003   0.5967481395E+000
    637400   0.3994032024E+003   0.5967975944E+000
    637500   0.3994032001E+003   0.5967999173E+000
    637600   0.3994031213E+003   0.5968786916E+000
    637700   0.3994030780E+003   0.5969219691E+000
    637800   0.3994029567E+003   0.5970432716E+000
    637900   0.3994028578E+003   0.5971421641E+000
    638000   0.3994027450E+003   0.5972549585E+000
    638100   0.3994026517E+003   0.5973483402E+000
    638200   0.3994025005E+003   0.5974995238E+000
    638300   0.3994023577E+003   0.5976423436E+000
    638400   0.3994022619E+003   0.5977380584E+000
    638500   0.3994020123E+003   0.5979876611E+000
    638600   0.3994019126E+003   0.5980873908E+000
    638700   0.3994017864E+003   0.5982136090E+000
    638800   0.3994016190E+003   0.5983810059E+000
    638900   0.3994015220E+003   0.5984779638E+000
    639000   0.3994013872E+003   0.5986128343E+000
    639100   0.3994012677E+003   0.5987322994E+000
    639200   0.3994011390E+003   0.5988610108E+000
    639300   0.3994010019E+003   0.5989980934E+000
    639400   0.3994009022E+003   0.5990978370E+000
    639500   0.3994008182E+003   0.5991817639E+000
    639600   0.3994006728E+003   0.5993272064E+000
    639700   0.3994006032E+003   0.5993968215E+000
    639800   0.3994004928E+003   0.5995071953E+000
    639900   0.3994004913E+003   0.5995086991E+000
    640000   0.3994004598E+003   0.5995401696E+000
    640100   0.3994004077E+003   0.5995923452E+000
    640200   0.3994003538E+003   0.5996461695E+000
    640300   0.3994003070E+003   0.5996930169E+000
    640400   0.3994002586E+003   0.5997414300E+000
    640500   0.3994002335E+003   0.5997665172E+000
    640600   0.3994001347E+003   0.5998653015E+000
    640700   0.3994000254E+003   0.5999746017E+000
    640800   0.3993999327E+003   0.6000673021E+000
    640900   0.3993998701E+003   0.6001298788E+000
    641000   0.3993998130E+003   0.6001870206E+000
    641100   0.3993997669E+003   0.6002331430E+000
    641200   0.3993996769E+003   0.6003230814E+000
    641300   0.3993995717E+003   0.6004282886E+000
    641400   0.3993994472E+003   0.6005527678E+000
    641500   0.3993993594E+003   0.6006406473E+000
    641600   0.3993993417E+003   0.6006583083E+000
    641700   0.3993992819E+003   0.6007181498E+000
    641800   0.3993992437E+003   0.6007562776E+000
    641900   0.3993991870E+003   0.6008129863E+000
    642000   0.3993991451E+003   0.6008549268E+000
    642100   0.3993990840E+003   0.6009160229E+000
    642200   0.3993990151E+003   0.6009849249E+000
    642300   0.3993989535E+003   0.6010465477E+000
    642400   0.3993988814E+003   0.6011186419E+000
    642500   0.3993988303E+003   0.6011696882E+000
    642600   0.3993989155E+003   0.6010844847E+000
    642700   0.3993991696E+003   0.6008304057E+000
    642800   0.3993994192E+003   0.6005807917E+000
    642900   0.3993996928E+003   0.6003071900E+000
    643000   0.3993997193E+003   0.6002807481E+000
    643100   0.3993996635E+003   0.6003365378E+000
    643200   0.3993996126E+003   0.6003874171E+000
    643300   0.3993995506E+003   0.6004493763E+000
    643400   0.3993995070E+003   0.6004929561E+000
    643500   0.3993994614E+003   0.6005386202E+000
    643600   0.3993994035E+003   0.6005964611E+000
    643700   0.3993993395E+003   0.6006604999E+000
    643800   0.3993993170E+003   0.6006830235E+000
    643900   0.3993992059E+003   0.6007941273E+000
    644000   0.3993991027E+003   0.6008973365E+000
    644100   0.3993989687E+003   0.6010313126E+000
    644200   0.3993988415E+003   0.6011584655E+000
    644300   0.3993987336E+003   0.6012663861E+000
    644400   0.3993985982E+003   0.6014018462E+000
    644500   0.3993984799E+003   0.6015201223E+000
    644600   0.3993983594E+003   0.6016406441E+000
    644700   0.3993982623E+003   0.6017377150E+000
    644800   0.3993981471E+003   0.6018528851E+000
    644900   0.3993980294E+003   0.6019705503E+000
    645000   0.3993979611E+003   0.6020388848E+000
    645100   0.3993978978E+003   0.6021022292E+000
    645200   0.3993978583E+003   0.6021416990E+000
    645300   0.3993978048E+003   0.6021951686E+000
    645400   0.3993977627E+003   0.6022373108E+000
    645500   0.3993978824E+003   0.6021176056E+000
    645600   0.3993980587E+003   0.6019413365E+000
    645700   0.3993980058E+003   0.6019942018E+000
    645800   0.3993979451E+003   0.6020548640E+000
    645900   0.3993978924E+003   0.6021075790E+000
    646000   0.3993978456E+003   0.6021543505E+000
    646100   0.3993977801E+003   0.6022199322E+000
    646200   0.3993977342E+003   0.6022657942E+000
    646300   0.3993976958E+003   0.6023041985E+000
    646400   0.3993976565E+003   0.6023435311E+000
    646500   0.3993975931E+003   0.6024069195E+000
    646600   0.3993975350E+003   0.6024649699E+000
    646700   0.3993974819E+003   0.6025180937E+000
    646800   0.3993974228E+003   0.6025771725E+000
    646900   0.3993973871E+003   0.6026129405E+000
    647000   0.3993973441E+003   0.6026558857E+000
    647100   0.3993972977E+003   0.6027022593E+000
    647200   0.3993972341E+003   0.6027658886E+000
    647300   0.3993971738E+003   0.6028261623E+000
    647400   0.3993971029E+003   0.6028971204E+000
    647500   0.3993970572E+003   0.6029428424E+000
    647600   0.3993970001E+003   0.6029999487E+000
    647700   0.3993969481E+003   0.6030518595E+000
    647800   0.3993968803E+003   0.6031197164E+000
    647900   0.3993968468E+003   0.6031532062E+000
    648000   0.3993967888E+003   0.6032112073E+000
    648100   0.3993967419E+003   0.6032581392E+000
    648200   0.3993966842E+003   0.6033158130E+000
    648300   0.3993966440E+003   0.6033559724E+000
    648400   0.3993966061E+003   0.6033938706E+000
    648500   0.3993965709E+003   0.6034290910E+000
    648600   0.3993965243E+003   0.6034757122E+000
    648700   0.3993964681E+003   0.6035318580E+000
    648800   0.3993964149E+003   0.6035851268E+000
    648900   0.3993962729E+003   0.6037271246E+000
    649000   0.3993961760E+003   0.6038239745E+000
    649100   0.3993961482E+003   0.6038518091E+000
    649200   0.3993961007E+003   0.6038992736E+000
    649300   0.3993960491E+003   0.6039509446E+000
    649400   0.3993959789E+003   0.6040210964E+000
    649500   0.3993959343E+003   0.6040657314E+000
    649600   0.3993959026E+003   0.6040973627E+000
    649700   0.3993958321E+003   0.6041678551E+000
    649800   0.3993957711E+003   0.6042288763E+000
    649900   0.3993957199E+003   0.6042800635E+000
    650000   0.3993956813E+003   0.6043187016E+000
    650100   0.3993956205E+003   0.6043795115E+000
    650200   0.3993955500E+003   0.6044500250E+000
    650300   0.3993954957E+003   0.6045042576E+000
    650400   0.3993954537E+003   0.6045463043E+000
    650500   0.3993957007E+003   0.6042993345E+000
    650600   0.3993959996E+003   0.6040004039E+000
    650700   0.3993962499E+003   0.6037501056E+000
    650800   0.3993964866E+003   0.6035133746E+000
    650900   0.3993967785E+003   0.6032215311E+000
    651000   0.3993970505E+003   0.6029495016E+000
    651100   0.3993973472E+003   0.6026528085E+000
    651200   0.3993976650E+003   0.6023350231E+000
    651300   0.3993979672E+003   0.6020327499E+000
    651400   0.3993982659E+003   0.6017341438E+000
    651500   0.3993985641E+003   0.6014358974E+000
    651600   0.3993988608E+003   0.6011392339E+000
    651700   0.3993991119E+003   0.6008880999E+000
    651800   0.3993993494E+003   0.6006506161E+000
    651900   0.3993996321E+003   0.6003678934E+000
    652000   0.3993998915E+003   0.6001085342E+000
    652100   0.3994001067E+003   0.5998933089E+000
    652200   0.3994003186E+003   0.5996814038E+000
    652300   0.3994003103E+003   0.5996897427E+000
    652400   0.3994002628E+003   0.5997371603E+000
    652500   0.3994002047E+003   0.5997952754E+000
    652600   0.3994001444E+003   0.5998555978E+000
    652700   0.3994000793E+003   0.5999206630E+000
    652800   0.3994000144E+003   0.5999856023E+000
    652900   0.3993999487E+003   0.6000512926E+000
    653000   0.3993999214E+003   0.6000785834E+000
    653100   0.3993998640E+003   0.6001360168E+000
    653200   0.3993998168E+003   0.6001832495E+000
    653300   0.3993997717E+003   0.6002283149E+000
    653400   0.3993997513E+003   0.6002486871E+000
    653500   0.3993996910E+003   0.6003090438E+000
    653600   0.3993996399E+003   0.6003601202E+000
    653700   0.3993995922E+003   0.6004078495E+000
    653800   0.3993995214E+003   0.6004786071E+000
    653900   0.3993994746E+003   0.6005253866E+000
    654000   0.3993994308E+003   0.6005691756E+000
    654100   0.3993993897E+003   0.6006102531E+000
    654200   0.3993993593E+003   0.6006407002E+000
    654300   0.3993995739E+003   0.6004260648E+000
    654400   0.3993997264E+003   0.6002736269E+000
    654500   0.3993996594E+003   0.6003406391E+000
    654600   0.3993996156E+003   0.6003844063E+000
    654700   0.3993995693E+003   0.6004307404E+000
    654800   0.3993996486E+003   0.6003514181E+000
    654900   0.3993995904E+003   0.6004095781E+000
    655000   0.3993995604E+003   0.6004396233E+000
    655100   0.3993995065E+003   0.6004934574E+000
    655200   0.3993994417E+003   0.6005583369E+000
    655300   0.3993994160E+003   0.6005839618E+000
    655400   0.3993993613E+003   0.6006387448E+000
    655500   0.3993993250E+003   0.6006750054E+000
    655600   0.3993995152E+003   0.6004847610E+000
    655700   0.3993998021E+003   0.6001978909E+000
    655800   0.3994000823E+003   0.5999176999E+000
    655900   0.3994003724E+003   0.5996275668E+000
    656000   0.3994006679E+003   0.5993320911E+000
    656100   0.3994009702E+003   0.5990298336E+000
    656200   0.3994012479E+003   0.5987521242E+000
    656300   0.3994015552E+003   0.5984448490E+000
    656400   0.3994018267E+003   0.5981733190E+000
    656500   0.3994020719E+003   0.5979280935E+000
    656600   0.3994023686E+003   0.5976314449E+000
    656700   0.3994026393E+003   0.5973607489E+000
    656800   0.3994026495E+003   0.5973504871E+000
    656900   0.3994026017E+003   0.5973983185E+000
    657000   0.3994025394E+003   0.5974606079E+000
    657100   0.3994024911E+003   0.5975088648E+000
    657200   0.3994023365E+003   0.5976634986E+000
    657300   0.3994022647E+003   0.5977352866E+000
    657400   0.3994021763E+003   0.5978236631E+000
    657500   0.3994020682E+003   0.5979317607E+000
    657600   0.3994019156E+003   0.5980844442E+000
    657700   0.3994017446E+003   0.5982554045E+000
    657800   0.3994016183E+003   0.5983816952E+000
    657900   0.3994015162E+003   0.5984837737E+000
    658000   0.3994014696E+003   0.5985304132E+000
    658100   0.3994013151E+003   0.5986849419E+000
    658200   0.3994011485E+003   0.5988514975E+000
    658300   0.3994010292E+003   0.5989708011E+000
    658400   0.3994008279E+003   0.5991721488E+000
    658500   0.3994007226E+003   0.5992774408E+000
    658600   0.3994005752E+003   0.5994247929E+000
    658700   0.3994005243E+003   0.5994757429E+000
    658800   0.3994003607E+003   0.5996393103E+000
    658900   0.3994002422E+003   0.5997577511E+000
    659000   0.3994001401E+003   0.5998598944E+000
    659100   0.3994000288E+003   0.5999712358E+000
    659200   0.3993998957E+003   0.6001043073E+000
    659300   0.3993998219E+003   0.6001780949E+000
    659400   0.3993997293E+003   0.6002706838E+000
    659500   0.3993996528E+003   0.6003471655E+000
    659600   0.3993995394E+003   0.6004606270E+000
    659700   0.3993994361E+003   0.6005639302E+000
    659800   0.3993992699E+003   0.6007301450E+000
    659900   0.3993991260E+003   0.6008740006E+000
    660000   0.3993990222E+003   0.6009777614E+000
    660100   0.3993989131E+003   0.6010868562E+000
    660200   0.3993988135E+003   0.6011864814E+000
    660300   0.3993987677E+003   0.6012323325E+000
    660400   0.3993987218E+003   0.6012782385E+000
    660500   0.3993986641E+003   0.6013359413E+000
    660600   0.3993986176E+003   0.6013823963E+000
    660700   0.3993985786E+003   0.6014213540E+000
    660800   0.3993985287E+003   0.6014712733E+000
    660900   0.3993984886E+003   0.6015114238E+000
    661000   0.3993984333E+003   0.6015666574E+000
    661100   0.3993983769E+003   0.6016231365E+000
    661200   0.3993983282E+003   0.6016718467E+000
    661300   0.3993982841E+003   0.6017159480E+000
    661400   0.3993982273E+003   0.6017727324E+000
    661500   0.3993981739E+003   0.6018260662E+000
    661600   0.3993981407E+003   0.6018593345E+000
    661700   0.3993980732E+003   0.6019267558E+000
    661800   0.3993980175E+003   0.6019825314E+000
    661900   0.3993979676E+003   0.6020324223E+000
    662000   0.3993979067E+003   0.6020933063E+000
    662100   0.3993978130E+003   0.6021870280E+000
    662200   0.3993976558E+003   0.6023441769E+000
    662300   0.3993975388E+003   0.6024612242E+000
    662400   0.3993974497E+003   0.6025502660E+000
    662500   0.3993973692E+003   0.6026307674E+000
    662600   0.3993973057E+003   0.6026943352E+000
    662700   0.3993971745E+003   0.6028254556E+000
    662800   0.3993970547E+003   0.6029452673E+000
    662900   0.3993969633E+003   0.6030366657E+000
    663000   0.3993968175E+003   0.6031824591E+000
    663100   0.3993966997E+003   0.6033002871E+000
    663200   0.3993966199E+003   0.6033800922E+000
    663300   0.3993965775E+003   0.6034224756E+000
    663400   0.3993965252E+003   0.6034748435E+000
    663500   0.3993964675E+003   0.6035325307E+000
    663600   0.3993963990E+003   0.6036009560E+000
    663700   0.3993963423E+003   0.6036577121E+000
    663800   0.3993962807E+003   0.6037193454E+000
    663900   0.3993961592E+003   0.6038408450E+000
    664000   0.3993960959E+003   0.6039041330E+000
    664100   0.3993960360E+003   0.6039640018E+000
    664200   0.3993960039E+003   0.6039960747E+000
    664300   0.3993959519E+003   0.6040480679E+000
    664400   0.3993958747E+003   0.6041253297E+000
    664500   0.3993958201E+003   0.6041798531E+000
    664600   0.3993957879E+003   0.6042120952E+000
    664700   0.3993957443E+003   0.6042556499E+000
    664800   0.3993956744E+003   0.6043255507E+000
    664900   0.3993956210E+003   0.6043789708E+000
    665000   0.3993955655E+003   0.6044344689E+000
    665100   0.3993955475E+003   0.6044524979E+000
    665200   0.3993955274E+003   0.6044725511E+000
    665300   0.3993954891E+003   0.6045108629E+000
    665400   0.3993955239E+003   0.6044761395E+000
    665500   0.3993958094E+003   0.6041905976E+000
    665600   0.3993960126E+003   0.6039873944E+000
    665700   0.3993962404E+003   0.6037596181E+000
    665800   0.3993965429E+003   0.6034570649E+000
    665900   0.3993967533E+003   0.6032466605E+000
    666000   0.3993970010E+003   0.6029990421E+000
    666100   0.3993972459E+003   0.6027541042E+000
    666200   0.3993975192E+003   0.6024807644E+000
    666300   0.3993978144E+003   0.6021855777E+000
    666400   0.3993981088E+003   0.6018911558E+000
    666500   0.3993982429E+003   0.6017570928E+000
    666600   0.3993985411E+003   0.6014588567E+000
    666700   0.3993987704E+003   0.6012295598E+000
    666800   0.3993990093E+003   0.6009907408E+000
    666900   0.3993992968E+003   0.6007031607E+000
    667000   0.3993995847E+003   0.6004153460E+000
    667100   0.3993998473E+003   0.6001526539E+000
    667200   0.3994001442E+003   0.5998558466E+000
    667300   0.3994002928E+003   0.5997071654E+000
    667400   0.3994005458E+003   0.5994542377E+000
    667500   0.3994007900E+003   0.5992100275E+000
    667600   0.3994009358E+003   0.5990641690E+000
    667700   0.3994012153E+003   0.5987846806E+000
    667800   0.3994014957E+003   0.5985043316E+000
    667900   0.3994017856E+003   0.5982144019E+000
    668000   0.3994020359E+003   0.5979640716E+000
    668100   0.3994022473E+003   0.5977527313E+000
    668200   0.3994024163E+003   0.5975837228E+000
    668300   0.3994027319E+003   0.5972680863E+000
    668400   0.3994029247E+003   0.5970752580E+000
    668500   0.3994031256E+003   0.5968743900E+000
    668600   0.3994032804E+003   0.5967196034E+000
    668700   0.3994035632E+003   0.5964367870E+000
    668800   0.3994037310E+003   0.5962689543E+000
    668900   0.3994039812E+003   0.5960188468E+000
    669000   0.3994040504E+003   0.5959496407E+000
    669100   0.3994039904E+003   0.5960095501E+000
    669200   0.3994039146E+003   0.5960854124E+000
    669300   0.3994038785E+003   0.5961215194E+000
    669400   0.3994038374E+003   0.5961625700E+000
    669500   0.3994037709E+003   0.5962291263E+000
    669600   0.3994038205E+003   0.5961794910E+000
    669700   0.3994040878E+003   0.5959121973E+000
    669800   0.3994042861E+003   0.5957139057E+000
    669900   0.3994045568E+003   0.5954431568E+000
    670000   0.3994048488E+003   0.5951511773E+000
    670100   0.3994050573E+003   0.5949426863E+000
    670200   0.3994052450E+003   0.5947550461E+000
    670300   0.3994054111E+003   0.5945888825E+000
    670400   0.3994055856E+003   0.5944144345E+000
    670500   0.3994055441E+003   0.5944558587E+000
    670600   0.3994055904E+003   0.5944095631E+000
    670700   0.3994058051E+003   0.5941948981E+000
    670800   0.3994060876E+003   0.5939123866E+000
    670900   0.3994063695E+003   0.5936304823E+000
    671000   0.3994066567E+003   0.5933433180E+000
    671100   0.3994069338E+003   0.5930662146E+000
    671200   0.3994072474E+003   0.5927525766E+000
    671300   0.3994075279E+003   0.5924721002E+000
    671400   0.3994077680E+003   0.5922320128E+000
    671500   0.3994080465E+003   0.5919535452E+000
    671600   0.3994081683E+003   0.5918316698E+000
    671700   0.3994084479E+003   0.5915521452E+000
    671800   0.3994087306E+003   0.5912694198E+000
    671900   0.3994090182E+003   0.5909818312E+000
    672000   0.3994092961E+003   0.5907039185E+000
    672100   0.3994095933E+003   0.5904067292E+000
    672200   0.3994098451E+003   0.5901549394E+000
    672300   0.3994101243E+003   0.5898756795E+000
    672400   0.3994104038E+003   0.5895961796E+000
    672500   0.3994106730E+003   0.5893270486E+000
    672600   0.3994109715E+003   0.5890285187E+000
    672700   0.3994112179E+003   0.5887820583E+000
    672800   0.3994114739E+003   0.5885261355E+000
    672900   0.3994116544E+003   0.5883456182E+000
    673000   0.3994119136E+003   0.5880864262E+000
    673100   0.3994121310E+003   0.5878689556E+000
    673200   0.3994123421E+003   0.5876579297E+000
    673300   0.3994125715E+003   0.5874285277E+000
    673400   0.3994128664E+003   0.5871336296E+000
    673500   0.3994131116E+003   0.5868884376E+000
    673600   0.3994133394E+003   0.5866606324E+000
    673700   0.3994136340E+003   0.5863659617E+000
    673800   0.3994139274E+003   0.5860726158E+000
    673900   0.3994141925E+003   0.5858075332E+000
    674000   0.3994143264E+003   0.5856736449E+000
    674100   0.3994145784E+003   0.5854216298E+000
    674200   0.3994146714E+003   0.5853286034E+000
    674300   0.3994149384E+003   0.5850615929E+000
    674400   0.3994151437E+003   0.5848562984E+000
    674500   0.3994152994E+003   0.5847005586E+000
    674600   0.3994155805E+003   0.5844194501E+000
    674700   0.3994158672E+003   0.5841327650E+000
    674800   0.3994161593E+003   0.5838406979E+000
    674900   0.3994164521E+003   0.5835478557E+000
    675000   0.3994167523E+003   0.5832477194E+000
    675100   0.3994170334E+003   0.5829666296E+000
    675200   0.3994172886E+003   0.5827114444E+000
    675300   0.3994175467E+003   0.5824532886E+000
    675400   0.3994177630E+003   0.5822369896E+000
    675500   0.3994180336E+003   0.5819664374E+000
    675600   0.3994182800E+003   0.5817199531E+000
    675700   0.3994185375E+003   0.5814624608E+000
    675800   0.3994187710E+003   0.5812290209E+000
    675900   0.3994189945E+003   0.5810054644E+000
    676000   0.3994192823E+003   0.5807177393E+000
    676100   0.3994195032E+003   0.5804967568E+000
    676200   0.3994197742E+003   0.5802258191E+000
    676300   0.3994200551E+003   0.5799449030E+000
    676400   0.3994203489E+003   0.5796510843E+000
    676500   0.3994206252E+003   0.5793747788E+000
    676600   0.3994208831E+003   0.5791169260E+000
    676700   0.3994211430E+003   0.5788570243E+000
    676800   0.3994213913E+003   0.5786087044E+000
    676900   0.3994216154E+003   0.5783846435E+000
    677000   0.3994218029E+003   0.5781970836E+000
    677100   0.3994220376E+003   0.5779623801E+000
    677200   0.3994222595E+003   0.5777404559E+000
    677300   0.3994224893E+003   0.5775107365E+000
    677400   0.3994227577E+003   0.5772423033E+000
    677500   0.3994230165E+003   0.5769835473E+000
    677600   0.3994232786E+003   0.5767213565E+000
    677700   0.3994233250E+003   0.5766750031E+000
    677800   0.3994235261E+003   0.5764738757E+000
    677900   0.3994237575E+003   0.5762424501E+000
    678000   0.3994239888E+003   0.5760112403E+000
    678100   0.3994242422E+003   0.5757577643E+000
    678200   0.3994245130E+003   0.5754870140E+000
    678300   0.3994247703E+003   0.5752297324E+000
    678400   0.3994250669E+003   0.5749330626E+000
    678500   0.3994253336E+003   0.5746664336E+000
    678600   0.3994256113E+003   0.5743887130E+000
    678700   0.3994258622E+003   0.5741377942E+000
    678800   0.3994261265E+003   0.5738734796E+000
    678900   0.3994263882E+003   0.5736118351E+000
    679000   0.3994266536E+003   0.5733463825E+000
    679100   0.3994269080E+003   0.5730919728E+000
    679200   0.3994271554E+003   0.5728445765E+000
    679300   0.3994273147E+003   0.5726852609E+000
    679400   0.3994272619E+003   0.5727380811E+000
    679500   0.3994272600E+003   0.5727399691E+000
    679600   0.3994274359E+003   0.5725641183E+000
    679700   0.3994276046E+003   0.5723953703E+000
    679800   0.3994277605E+003   0.5722394611E+000
    679900   0.3994279312E+003   0.5720688035E+000
    680000   0.3994281943E+003   0.5718056654E+000
    680100   0.3994284079E+003   0.5715921404E+000
    680200   0.3994286748E+003   0.5713251537E+000
    680300   0.3994289073E+003   0.5710926579E+000
    680400   0.3994291682E+003   0.5708317670E+000
    680500   0.3994294074E+003   0.5705926472E+000
    680600   0.3994296020E+003   0.5703979700E+000
    680700   0.3994298555E+003   0.5701444578E+000
    680800   0.3994301247E+003   0.5698753417E+000
    680900   0.3994303871E+003   0.5696129455E+000
    681000   0.3994306096E+003   0.5693904137E+000
    681100   0.3994308608E+003   0.5691392329E+000
    681200   0.3994311164E+003   0.5688836060E+000
    681300   0.3994313864E+003   0.5686136096E+000
    681400   0.3994316354E+003   0.5683646112E+000
    681500   0.3994318702E+003   0.5681298435E+000
    681600   0.3994321299E+003   0.5678700868E+000
    681700   0.3994323419E+003   0.5676580771E+000
    681800   0.3994325175E+003   0.5674824592E+000
    681900   0.3994327605E+003   0.5672394912E+000
    682000   0.3994330055E+003   0.5669944965E+000
    682100   0.3994332702E+003   0.5667298040E+000
    682200   0.3994335200E+003   0.5664799779E+000
    682300   0.3994335585E+003   0.5664415023E+000
    682400   0.3994335221E+003   0.5664779080E+000
    682500   0.3994334611E+003   0.5665388950E+000
    682600   0.3994334148E+003   0.5665851609E+000
    682700   0.3994333549E+003   0.5666450514E+000
    682800   0.3994332824E+003   0.5667176070E+000
    682900   0.3994332411E+003   0.5667589298E+000
    683000   0.3994331834E+003   0.5668165956E+000
    683100   0.3994331300E+003   0.5668700455E+000
    683200   0.3994330808E+003   0.5669191847E+000
    683300   0.3994330193E+003   0.5669807085E+000
    683400   0.3994329552E+003   0.5670448003E+000
    683500   0.3994329170E+003   0.5670829633E+000
    683600   0.3994328333E+003   0.5671666952E+000
    683700   0.3994327779E+003   0.5672220980E+000
    683800   0.3994327308E+003   0.5672692085E+000
    683900   0.3994326766E+003   0.5673234231E+000
    684000   0.3994326053E+003   0.5673947151E+000
    684100   0.3994325520E+003   0.5674479672E+000
    684200   0.3994324917E+003   0.5675083432E+000
    684300   0.3994324383E+003   0.5675617449E+000
    684400   0.3994324052E+003   0.5675948132E+000
    684500   0.3994323602E+003   0.5676397646E+000
    684600   0.3994323095E+003   0.5676905052E+000
    684700   0.3994322638E+003   0.5677362162E+000
    684800   0.3994322066E+003   0.5677934185E+000
    684900   0.3994321383E+003   0.5678617350E+000
    685000   0.3994320866E+003   0.5679134190E+000
    685100   0.3994320389E+003   0.5679611359E+000
    685200   0.3994319833E+003   0.5680167167E+000
    685300   0.3994319247E+003   0.5680752870E+000
    685400   0.3994318665E+003   0.5681334736E+000
    685500   0.3994318000E+003   0.5682000239E+000
    685600   0.3994317462E+003   0.5682538042E+000
    685700   0.3994317039E+003   0.5682960544E+000
    685800   0.3994316688E+003   0.5683311727E+000
    685900   0.3994316337E+003   0.5683662726E+000
    686000   0.3994315290E+003   0.5684710424E+000
    686100   0.3994314375E+003   0.5685625307E+000
    686200   0.3994313941E+003   0.5686059007E+000
    686300   0.3994313509E+003   0.5686491345E+000
    686400   0.3994312732E+003   0.5687267785E+000
    686500   0.3994312277E+003   0.5687722513E+000
    686600   0.3994311607E+003   0.5688393305E+000
    686700   0.3994311209E+003   0.5688791406E+000
    686800   0.3994310604E+003   0.5689396443E+000
    686900   0.3994309821E+003   0.5690179209E+000
    687000   0.3994309188E+003   0.5690812353E+000
    687100   0.3994308564E+003   0.5691436055E+000
    687200   0.3994308085E+003   0.5691915159E+000
    687300   0.3994307506E+003   0.5692493519E+000
    687400   0.3994307041E+003   0.5692958757E+000
    687500   0.3994306319E+003   0.5693681414E+000
    687600   0.3994305856E+003   0.5694143660E+000
    687700   0.3994305158E+003   0.5694841634E+000
    687800   0.3994304661E+003   0.5695339316E+000
    687900   0.3994304241E+003   0.5695758770E+000
    688000   0.3994305777E+003   0.5694222709E+000
    688100   0.3994308258E+003   0.5691741968E+000
    688200   0.3994310768E+003   0.5689231923E+000
    688300   0.3994312567E+003   0.5687433030E+000
    688400   0.3994314863E+003   0.5685137052E+000
    688500   0.3994317203E+003   0.5682797049E+000
    688600   0.3994319581E+003   0.5680418839E+000
    688700   0.3994319689E+003   0.5680311227E+000
    688800   0.3994319095E+003   0.5680904570E+000
    688900   0.3994318596E+003   0.5681403856E+000
    689000   0.3994318234E+003   0.5681766043E+000
    689100   0.3994317679E+003   0.5682321469E+000
    689200   0.3994317166E+003   0.5682833884E+000
    689300   0.3994316638E+003   0.5683361889E+000
    689400   0.3994316178E+003   0.5683821507E+000
    689500   0.3994315590E+003   0.5684409576E+000
    689600   0.3994315143E+003   0.5684857347E+000
    689700   0.3994314815E+003   0.5685185273E+000
    689800   0.3994314187E+003   0.5685813454E+000
    689900   0.3994313611E+003   0.5686388829E+000
    690000   0.3994314767E+003   0.5685233130E+000
    690100   0.3994317222E+003   0.5682778481E+000
    690200   0.3994319929E+003   0.5680071254E+000
    690300   0.3994322757E+003   0.5677243110E+000
    690400   0.3994325232E+003   0.5674768133E+000
    690500   0.3994325391E+003   0.5674609002E+000
    690600   0.3994324738E+003   0.5675262226E+000
    690700   0.3994324129E+003   0.5675871168E+000
    690800   0.3994323391E+003   0.5676608842E+000
    690900   0.3994323250E+003   0.5676750487E+000
    691000   0.3994323019E+003   0.5676981245E+000
    691100   0.3994322491E+003   0.5677509086E+000
    691200   0.3994321907E+003   0.5678093134E+000
    691300   0.3994321267E+003   0.5678733341E+000
    691400   0.3994320678E+003   0.5679321826E+000
    691500   0.3994320225E+003   0.5679774884E+000
    691600   0.3994319680E+003   0.5680319769E+000
    691700   0.3994318952E+003   0.5681048440E+000
    691800   0.3994318208E+003   0.5681791918E+000
    691900   0.3994317802E+003   0.5682198355E+000
    692000   0.3994317064E+003   0.5682935677E+000
    692100   0.3994316202E+003   0.5683798412E+000
    692200   0.3994315751E+003   0.5684248661E+000
    692300   0.3994315446E+003   0.5684554201E+000
    692400   0.3994314904E+003   0.5685095520E+000
    692500   0.3994314522E+003   0.5685477877E+000
    692600   0.3994316634E+003   0.5683366049E+000
    692700   0.3994319068E+003   0.5680932301E+000
    692800   0.3994321721E+003   0.5678278689E+000
    692900   0.3994323948E+003   0.5676051852E+000
    693000   0.3994325909E+003   0.5674091185E+000
    693100   0.3994328158E+003   0.5671842475E+000
    693200   0.3994330200E+003   0.5669799688E+000
    693300   0.3994332702E+003   0.5667298138E+000
    693400   0.3994335096E+003   0.5664904021E+000
    693500   0.3994337448E+003   0.5662551514E+000
    693600   0.3994339397E+003   0.5660602707E+000
    693700   0.3994341647E+003   0.5658352587E+000
    693800   0.3994344054E+003   0.5655946394E+000
    693900   0.3994346616E+003   0.5653383515E+000
    694000   0.3994348921E+003   0.5651078596E+000
    694100   0.3994351500E+003   0.5648499765E+000
    694200   0.3994353864E+003   0.5646136009E+000
    694300   0.3994356435E+003   0.5643565487E+000
    694400   0.3994359014E+003   0.5640986346E+000
    694500   0.3994361109E+003   0.5638890761E+000
    694600   0.3994363624E+003   0.5636375634E+000
    694700   0.3994366250E+003   0.5633749562E+000
    694800   0.3994368746E+003   0.5631253747E+000
    694900   0.3994371002E+003   0.5628997986E+000
    695000   0.3994373253E+003   0.5626747012E+000
    695100   0.3994375601E+003   0.5624398617E+000
    695200   0.3994377587E+003   0.5622412503E+000
    695300   0.3994379728E+003   0.5620271762E+000
    695400   0.3994382015E+003   0.5617984681E+000
    695500   0.3994384249E+003   0.5615751098E+000
    695600   0.3994384776E+003   0.5615224448E+000
    695700   0.3994387207E+003   0.5612792725E+000
    695800   0.3994389846E+003   0.5610153893E+000
    695900   0.3994392102E+003   0.5607898300E+000
    696000   0.3994394580E+003   0.5605419865E+000
    696100   0.3994396567E+003   0.5603432815E+000
    696200   0.3994398117E+003   0.5601883037E+000
    696300   0.3994400240E+003   0.5599759708E+000
    696400   0.3994400704E+003   0.5599295999E+000
    696500   0.3994402136E+003   0.5597864020E+000
    696600   0.3994403639E+003   0.5596361231E+000
    696700   0.3994404446E+003   0.5595553600E+000
    696800   0.3994404783E+003   0.5595217021E+000
    696900   0.3994407267E+003   0.5592733319E+000
    697000   0.3994409332E+003   0.5590667703E+000
    697100   0.3994411892E+003   0.5588107688E+000
    697200   0.3994412414E+003   0.5587586357E+000
    697300   0.3994411863E+003   0.5588136696E+000
    697400   0.3994411396E+003   0.5588604244E+000
    697500   0.3994410977E+003   0.5589022920E+000
    697600   0.3994410364E+003   0.5589636438E+000
    697700   0.3994410088E+003   0.5589911629E+000
    697800   0.3994412234E+003   0.5587766283E+000
    697900   0.3994413597E+003   0.5586403078E+000
    698000   0.3994415143E+003   0.5584857338E+000
    698100   0.3994417077E+003   0.5582922539E+000
    698200   0.3994419106E+003   0.5580894436E+000
    698300   0.3994421263E+003   0.5578737466E+000
    698400   0.3994423797E+003   0.5576203194E+000
    698500   0.3994426218E+003   0.5573781986E+000
    698600   0.3994428542E+003   0.5571458152E+000
    698700   0.3994430695E+003   0.5569305408E+000
    698800   0.3994433153E+003   0.5566847487E+000
    698900   0.3994435246E+003   0.5564754331E+000
    699000   0.3994437357E+003   0.5562643436E+000
    699100   0.3994439731E+003   0.5560269318E+000
    699200   0.3994442207E+003   0.5557792971E+000
    699300   0.3994444872E+003   0.5555128050E+000
    699400   0.3994447419E+003   0.5552580846E+000
    699500   0.3994449951E+003   0.5550049427E+000
    699600   0.3994452264E+003   0.5547736301E+000
    699700   0.3994454924E+003   0.5545076437E+000
    699800   0.3994457434E+003   0.5542566484E+000
    699900   0.3994459659E+003   0.5540341493E+000
    700000   0.3994461381E+003   0.5538618613E+000
    700100   0.3994463624E+003   0.5536376065E+000
    700200   0.3994465479E+003   0.5534521018E+000
    700300   0.3994467374E+003   0.5532625646E+000
    700400   0.3994469113E+003   0.5530887090E+000
    700500   0.3994471289E+003   0.5528711159E+000
    700600   0.3994473616E+003   0.5526384218E+000
    700700   0.3994474134E+003   0.5525865686E+000
    700800   0.3994473782E+003   0.5526218285E+000
    700900   0.3994473282E+003   0.5526718037E+000
    701000   0.3994472849E+003   0.5527150816E+000
    701100   0.3994472337E+003   0.5527662992E+000
    701200   0.3994471730E+003   0.5528270420E+000
    701300   0.3994471289E+003   0.5528710838E+000
    701400   0.3994470772E+003   0.5529227551E+000
    701500   0.3994470228E+003   0.5529771757E+000
    701600   0.3994469786E+003   0.5530214464E+000
    701700   0.3994469151E+003   0.5530849407E+000
    701800   0.3994469124E+003   0.5530875564E+000
    701900   0.3994468969E+003   0.5531030858E+000
    702000   0.3994468402E+003   0.5531597844E+000
    702100   0.3994467864E+003   0.5532135732E+000
    702200   0.3994467205E+003   0.5532794536E+000
    702300   0.3994466730E+003   0.5533270378E+000
    702400   0.3994466209E+003   0.5533790536E+000
    702500   0.3994465741E+003   0.5534259290E+000
    702600   0.3994465280E+003   0.5534720404E+000
    702700   0.3994464863E+003   0.5535137107E+000
    702800   0.3994464458E+003   0.5535541948E+000
    702900   0.3994463994E+003   0.5536006231E+000
    703000   0.3994463601E+003   0.5536399366E+000
    703100   0.3994462789E+003   0.5537210663E+000
    703200   0.3994462298E+003   0.5537702422E+000
    703300   0.3994461493E+003   0.5538506816E+000
    703400   0.3994460414E+003   0.5539586423E+000
    703500   0.3994459929E+003   0.5540071196E+000
    703600   0.3994459238E+003   0.5540762321E+000
    703700   0.3994458548E+003   0.5541451895E+000
    703800   0.3994458107E+003   0.5541892799E+000
    703900   0.3994457673E+003   0.5542326946E+000
    704000   0.3994457357E+003   0.5542642569E+000
    704100   0.3994456885E+003   0.5543115320E+000
    704200   0.3994456437E+003   0.5543562746E+000
    704300   0.3994455975E+003   0.5544025223E+000
    704400   0.3994455344E+003   0.5544656021E+000
    704500   0.3994454747E+003   0.5545252825E+000
    704600   0.3994454281E+003   0.5545719253E+000
    704700   0.3994453872E+003   0.5546128439E+000
    704800   0.3994453385E+003   0.5546615442E+000
    704900   0.3994454263E+003   0.5545736880E+000
    705000   0.3994456422E+003   0.5543577934E+000
    705100   0.3994458860E+003   0.5541139980E+000
    705200   0.3994461158E+003   0.5538841757E+000
    705300   0.3994462818E+003   0.5537181652E+000
    705400   0.3994464901E+003   0.5535099272E+000
    705500   0.3994466491E+003   0.5533509474E+000
    705600   0.3994467391E+003   0.5532608702E+000
    705700   0.3994469298E+003   0.5530702239E+000
    705800   0.3994471295E+003   0.5528704596E+000
    705900   0.3994473627E+003   0.5526373289E+000
    706000   0.3994476014E+003   0.5523985687E+000
    706100   0.3994477860E+003   0.5522139583E+000
    706200   0.3994479460E+003   0.5520540150E+000
    706300   0.3994479453E+003   0.5520547354E+000
    706400   0.3994479058E+003   0.5520942418E+000
    706500   0.3994478576E+003   0.5521423515E+000
    706600   0.3994477998E+003   0.5522001904E+000
    706700   0.3994477395E+003   0.5522604908E+000
    706800   0.3994476820E+003   0.5523179621E+000
    706900   0.3994476133E+003   0.5523866894E+000
    707000   0.3994475530E+003   0.5524470067E+000
    707100   0.3994474922E+003   0.5525077719E+000
    707200   0.3994474375E+003   0.5525624864E+000
    707300   0.3994473289E+003   0.5526710899E+000
    707400   0.3994472434E+003   0.5527565694E+000
    707500   0.3994471181E+003   0.5528818823E+000
    707600   0.3994470300E+003   0.5529699661E+000
    707700   0.3994469241E+003   0.5530758989E+000
    707800   0.3994468388E+003   0.5531612304E+000
    707900   0.3994467603E+003   0.5532396876E+000
    708000   0.3994466364E+003   0.5533636308E+000
    708100   0.3994465369E+003   0.5534631357E+000
    708200   0.3994463990E+003   0.5536010481E+000
    708300   0.3994463422E+003   0.5536578323E+000
    708400   0.3994462693E+003   0.5537307378E+000
    708500   0.3994462158E+003   0.5537842426E+000
    708600   0.3994461231E+003   0.5538768826E+000
    708700   0.3994460189E+003   0.5539811219E+000
    708800   0.3994458664E+003   0.5541335567E+000
    708900   0.3994457802E+003   0.5542197953E+000
    709000   0.3994457330E+003   0.5542669553E+000
    709100   0.3994456747E+003   0.5543252613E+000
    709200   0.3994455538E+003   0.5544462140E+000
    709300   0.3994454838E+003   0.5545162084E+000
    709400   0.3994454388E+003   0.5545612098E+000
    709500   0.3994453881E+003   0.5546119308E+000
    709600   0.3994453293E+003   0.5546706602E+000
    709700   0.3994452649E+003   0.5547351099E+000
    709800   0.3994452276E+003   0.5547723769E+000
    709900   0.3994451848E+003   0.5548152295E+000
    710000   0.3994451273E+003   0.5548726643E+000
    710100   0.3994450763E+003   0.5549236552E+000
    710200   0.3994450175E+003   0.5549824905E+000
    710300   0.3994449721E+003   0.5550279333E+000
    710400   0.3994449226E+003   0.5550774492E+000
    710500   0.3994448661E+003   0.5551338748E+000
    710600   0.3994448089E+003   0.5551910526E+000
    710700   0.3994447431E+003   0.5552568792E+000
    710800   0.3994446829E+003   0.5553171148E+000
    710900   0.3994446141E+003   0.5553858841E+000
    711000   0.3994445718E+003   0.5554282189E+000
    711100   0.3994445554E+003   0.5554445833E+000
    711200   0.3994446649E+003   0.5553351101E+000
    711300   0.3994448849E+003   0.5551150981E+000
    711400   0.3994450749E+003   0.5549251203E+000
    711500   0.3994451350E+003   0.5548650307E+000
    711600   0.3994450945E+003   0.5549054572E+000
    711700   0.3994450569E+003   0.5549431197E+000
    711800   0.3994450145E+003   0.5549855443E+000
    711900   0.3994449682E+003   0.5550318308E+000
    712000   0.3994449367E+003   0.5550633359E+000
    712100   0.3994448679E+003   0.5551321147E+000
    712200   0.3994447941E+003   0.5552058531E+000
    712300   0.3994447393E+003   0.5552606902E+000
    712400   0.3994446767E+003   0.5553233077E+000
    712500   0.3994446249E+003   0.5553750901E+000
    712600   0.3994445645E+003   0.5554355354E+000
    712700   0.3994445226E+003   0.5554774492E+000
    712800   0.3994444646E+003   0.5555353607E+000
    712900   0.3994444187E+003   0.5555812626E+000
    713000   0.3994443687E+003   0.5556313231E+000
    713100   0.3994443004E+003   0.5556995831E+000
    713200   0.3994442553E+003   0.5557446657E+000
    713300   0.3994441961E+003   0.5558039425E+000
    713400   0.3994441448E+003   0.5558552419E+000
    713500   0.3994441025E+003   0.5558974953E+000
    713600   0.3994440471E+003   0.5559529428E+000
    713700   0.3994440089E+003   0.5559911182E+000
    713800   0.3994439614E+003   0.5560385549E+000
    713900   0.3994438976E+003   0.5561024137E+000
    714000   0.3994438411E+003   0.5561588538E+000
    714100   0.3994438038E+003   0.5561961644E+000
    714200   0.3994437447E+003   0.5562552765E+000
    714300   0.3994436831E+003   0.5563169388E+000
    714400   0.3994436412E+003   0.5563587896E+000
    714500   0.3994435964E+003   0.5564035980E+000
    714600   0.3994435500E+003   0.5564499892E+000
    714700   0.3994434954E+003   0.5565045632E+000
    714800   0.3994434547E+003   0.5565453331E+000
    714900   0.3994434087E+003   0.5565912536E+000
    715000   0.3994433471E+003   0.5566529169E+000
    715100   0.3994432988E+003   0.5567011703E+000
    715200   0.3994432395E+003   0.5567604976E+000
    715300   0.3994431778E+003   0.5568221607E+000
    715400   0.3994431327E+003   0.5568673369E+000
    715500   0.3994430822E+003   0.5569178428E+000
    715600   0.3994430402E+003   0.5569598010E+000
    715700   0.3994429937E+003   0.5570063355E+000
    715800   0.3994429502E+003   0.5570497860E+000
    715900   0.3994428927E+003   0.5571072649E+000
    716000   0.3994428441E+003   0.5571558841E+000
    716100   0.3994428091E+003   0.5571908497E+000
    716200   0.3994427496E+003   0.5572504061E+000
    716300   0.3994426809E+003   0.5573191056E+000
    716400   0.3994426169E+003   0.5573830805E+000
    716500   0.3994425777E+003   0.5574223242E+000
    716600   0.3994425330E+003   0.5574670003E+000
    716700   0.3994424951E+003   0.5575048707E+000
    716800   0.3994426326E+003   0.5573674480E+000
    716900   0.3994428457E+003   0.5571543323E+000
    717000   0.3994430901E+003   0.5569098695E+000
    717100   0.3994432877E+003   0.5567122839E+000
    717200   0.3994434543E+003   0.5565456725E+000
    717300   0.3994436055E+003   0.5563945250E+000
    717400   0.3994438482E+003   0.5561517642E+000
    717500   0.3994440879E+003   0.5559121298E+000
    717600   0.3994443181E+003   0.5556819373E+000
    717700   0.3994445257E+003   0.5554743253E+000
    717800   0.3994447308E+003   0.5552691868E+000
    717900   0.3994448915E+003   0.5551084631E+000
    718000   0.3994450279E+003   0.5549721395E+000
    718100   0.3994452284E+003   0.5547715823E+000
    718200   0.3994454476E+003   0.5545524361E+000
    718300   0.3994456932E+003   0.5543068070E+000
    718400   0.3994458997E+003   0.5541002613E+000
    718500   0.3994461358E+003   0.5538641508E+000
    718600   0.3994462887E+003   0.5537113456E+000
    718700   0.3994464355E+003   0.5535645389E+000
    718800   0.3994463846E+003   0.5536154489E+000
    718900   0.3994463322E+003   0.5536678441E+000
    719000   0.3994462746E+003   0.5537254170E+000
    719100   0.3994462204E+003   0.5537795809E+000
    719200   0.3994461522E+003   0.5538478109E+000
    719300   0.3994460937E+003   0.5539062596E+000
    719400   0.3994460055E+003   0.5539945172E+000
    719500   0.3994459543E+003   0.5540457397E+000
    719600   0.3994459144E+003   0.5540855979E+000
    719700   0.3994458626E+003   0.5541373987E+000
    719800   0.3994458004E+003   0.5541995599E+000
    719900   0.3994457569E+003   0.5542431179E+000
    720000   0.3994456989E+003   0.5543011482E+000
    720100   0.3994456640E+003   0.5543360258E+000
    720200   0.3994456211E+003   0.5543788992E+000
    720300   0.3994455765E+003   0.5544235328E+000
    720400   0.3994455231E+003   0.5544769270E+000
    720500   0.3994454782E+003   0.5545218261E+000
    720600   0.3994454385E+003   0.5545614976E+000
    720700   0.3994454012E+003   0.5545987761E+000
    720800   0.3994453592E+003   0.5546408182E+000
    720900   0.3994453046E+003   0.5546954080E+000
    721000   0.3994452655E+003   0.5547345027E+000
    721100   0.3994452070E+003   0.5547930242E+000
    721200   0.3994451653E+003   0.5548346579E+000
    721300   0.3994451199E+003   0.5548800509E+000
    721400   0.3994450853E+003   0.5549146992E+000
    721500   0.3994450248E+003   0.5549752253E+000
    721600   0.3994449818E+003   0.5550182008E+000
    721700   0.3994449179E+003   0.5550821213E+000
    721800   0.3994448757E+003   0.5551243462E+000
    721900   0.3994448286E+003   0.5551713978E+000
    722000   0.3994447856E+003   0.5552144362E+000
    722100   0.3994447327E+003   0.5552672661E+000
    722200   0.3994446994E+003   0.5553006490E+000
    722300   0.3994446504E+003   0.5553495506E+000
    722400   0.3994446159E+003   0.5553840618E+000
    722500   0.3994445614E+003   0.5554386222E+000
    722600   0.3994444975E+003   0.5555025457E+000
    722700   0.3994444755E+003   0.5555245069E+000
    722800   0.3994444435E+003   0.5555565064E+000
    722900   0.3994443957E+003   0.5556042655E+000
    723000   0.3994442592E+003   0.5557407957E+000
    723100   0.3994441783E+003   0.5558216942E+000
    723200   0.3994441167E+003   0.5558833190E+000
    723300   0.3994440419E+003   0.5559581284E+000
    723400   0.3994439369E+003   0.5560631189E+000
    723500   0.3994438892E+003   0.5561107862E+000
    723600   0.3994437805E+003   0.5562195121E+000
    723700   0.3994436675E+003   0.5563324837E+000
    723800   0.3994435287E+003   0.5564713075E+000
    723900   0.3994434558E+003   0.5565441928E+000
    724000   0.3994434122E+003   0.5565877512E+000
    724100   0.3994433587E+003   0.5566413347E+000
    724200   0.3994434617E+003   0.5565383452E+000
    724300   0.3994435867E+003   0.5564132890E+000
    724400   0.3994437613E+003   0.5562386653E+000
    724500   0.3994440014E+003   0.5559986471E+000
    724600   0.3994442196E+003   0.5557804070E+000
    724700   0.3994444394E+003   0.5555606117E+000
    724800   0.3994446745E+003   0.5553255070E+000
    724900   0.3994448999E+003   0.5551001122E+000
    725000   0.3994451338E+003   0.5548661703E+000
    725100   0.3994453191E+003   0.5546808934E+000
    725200   0.3994455441E+003   0.5544559102E+000
    725300   0.3994457717E+003   0.5542283163E+000
    725400   0.3994459678E+003   0.5540322279E+000
    725500   0.3994461715E+003   0.5538285177E+000
    725600   0.3994464142E+003   0.5535857584E+000
    725700   0.3994466329E+003   0.5533670802E+000
    725800   0.3994468245E+003   0.5531755379E+000
    725900   0.3994470555E+003   0.5529445429E+000
    726000   0.3994472752E+003   0.5527247595E+000
    726100   0.3994474824E+003   0.5525175974E+000
    726200   0.3994476948E+003   0.5523051840E+000
    726300   0.3994479246E+003   0.5520754062E+000
    726400   0.3994481170E+003   0.5518830251E+000
    726500   0.3994483343E+003   0.5516656880E+000
    726600   0.3994484826E+003   0.5515173675E+000
    726700   0.3994485720E+003   0.5514279788E+000
    726800   0.3994485394E+003   0.5514606065E+000
    726900   0.3994484873E+003   0.5515126609E+000
    727000   0.3994484231E+003   0.5515768595E+000
    727100   0.3994483701E+003   0.5516299010E+000
    727200   0.3994483599E+003   0.5516401202E+000
    727300   0.3994482917E+003   0.5517082686E+000
    727400   0.3994482119E+003   0.5517881317E+000
    727500   0.3994481169E+003   0.5518830988E+000
    727600   0.3994480300E+003   0.5519700398E+000
    727700   0.3994479456E+003   0.5520544464E+000
    727800   0.3994478373E+003   0.5521626589E+000
    727900   0.3994477591E+003   0.5522408778E+000
    728000   0.3994476996E+003   0.5523003989E+000
    728100   0.3994476178E+003   0.5523822093E+000
    728200   0.3994475103E+003   0.5524896926E+000
    728300   0.3994474043E+003   0.5525956673E+000
    728400   0.3994472990E+003   0.5527009792E+000
    728500   0.3994472347E+003   0.5527652817E+000
    728600   0.3994471437E+003   0.5528562644E+000
    728700   0.3994470416E+003   0.5529584304E+000
    728800   0.3994469477E+003   0.5530522679E+000
    728900   0.3994468456E+003   0.5531544042E+000
    729000   0.3994467512E+003   0.5532487544E+000
    729100   0.3994466765E+003   0.5533234787E+000
    729200   0.3994465596E+003   0.5534403706E+000
    729300   0.3994464691E+003   0.5535309418E+000
    729400   0.3994463572E+003   0.5536427834E+000
    729500   0.3994462359E+003   0.5537641032E+000
    729600   0.3994461223E+003   0.5538776937E+000
    729700   0.3994460130E+003   0.5539870283E+000
    729800   0.3994459099E+003   0.5540900648E+000
    729900   0.3994458306E+003   0.5541694199E+000
    730000   0.3994457127E+003   0.5542872640E+000
    730100   0.3994456029E+003   0.5543971155E+000
    730200   0.3994455252E+003   0.5544747798E+000
    730300   0.3994454459E+003   0.5545540883E+000
    730400   0.3994453559E+003   0.5546440754E+000
    730500   0.3994452525E+003   0.5547474917E+000
    730600   0.3994451718E+003   0.5548281964E+000
    730700   0.3994450732E+003   0.5549267988E+000
    730800   0.3994448955E+003   0.5551045039E+000
    730900   0.3994447956E+003   0.5552044363E+000
    731000   0.3994446771E+003   0.5553228878E+000
    731100   0.3994445735E+003   0.5554265341E+000
    731200   0.3994445072E+003   0.5554927875E+000
    731300   0.3994444676E+003   0.5555324253E+000
    731400   0.3994444331E+003   0.5555669028E+000
    731500   0.3994443370E+003   0.5556629587E+000
    731600   0.3994442847E+003   0.5557152880E+000
    731700   0.3994442106E+003   0.5557893982E+000
    731800   0.3994441390E+003   0.5558609638E+000
    731900   0.3994440960E+003   0.5559039939E+000
    732000   0.3994440497E+003   0.5559502723E+000
    732100   0.3994439913E+003   0.5560087063E+000
    732200   0.3994439436E+003   0.5560564048E+000
    732300   0.3994438976E+003   0.5561023773E+000
    732400   0.3994438612E+003   0.5561387642E+000
    732500   0.3994438361E+003   0.5561639419E+000
    732600   0.3994437873E+003   0.5562126819E+000
    732700   0.3994437277E+003   0.5562722861E+000
    732800   0.3994436724E+003   0.5563276099E+000
    732900   0.3994436197E+003   0.5563802763E+000
    733000   0.3994435733E+003   0.5564266639E+000
    733100   0.3994435188E+003   0.5564811740E+000
    733200   0.3994434714E+003   0.5565285752E+000
    733300   0.3994434239E+003   0.5565761083E+000
    733400   0.3994433627E+003   0.5566373239E+000
    733500   0.3994433202E+003   0.5566797674E+000
    733600   0.3994432706E+003   0.5567294146E+000
    733700   0.3994432249E+003   0.5567750556E+000
    733800   0.3994431631E+003   0.5568369010E+000
    733900   0.3994431304E+003   0.5568696222E+000
    734000   0.3994430896E+003   0.5569104186E+000
    734100   0.3994430312E+003   0.5569687501E+000
    734200   0.3994429864E+003   0.5570135622E+000
    734300   0.3994429488E+003   0.5570511996E+000
    734400   0.3994428831E+003   0.5571169151E+000
    734500   0.3994428397E+003   0.5571603384E+000
    734600   0.3994427961E+003   0.5572038792E+000
    734700   0.3994427586E+003   0.5572414462E+000
    734800   0.3994427084E+003   0.5572915624E+000
    734900   0.3994426740E+003   0.5573259721E+000
    735000   0.3994426251E+003   0.5573749492E+000
    735100   0.3994425815E+003   0.5574185436E+000
    735200   0.3994426774E+003   0.5573226022E+000
    735300   0.3994427656E+003   0.5572343511E+000
    735400   0.3994427405E+003   0.5572595218E+000
    735500   0.3994426901E+003   0.5573099263E+000
    735600   0.3994426502E+003   0.5573498448E+000
    735700   0.3994426037E+003   0.5573962987E+000
    735800   0.3994425517E+003   0.5574483209E+000
    735900   0.3994425062E+003   0.5574938245E+000
    736000   0.3994424529E+003   0.5575471408E+000
    736100   0.3994424059E+003   0.5575940731E+000
    736200   0.3994423637E+003   0.5576363117E+000
    736300   0.3994423267E+003   0.5576732843E+000
    736400   0.3994422631E+003   0.5577368895E+000
    736500   0.3994422229E+003   0.5577771353E+000
    736600   0.3994421691E+003   0.5578308948E+000
    736700   0.3994421223E+003   0.5578776811E+000
    736800   0.3994420741E+003   0.5579258619E+000
    736900   0.3994420240E+003   0.5579760315E+000
    737000   0.3994419807E+003   0.5580193274E+000
    737100   0.3994419508E+003   0.5580491516E+000
    737200   0.3994419294E+003   0.5580705511E+000
    737300   0.3994417946E+003   0.5582054357E+000
    737400   0.3994417058E+003   0.5582942456E+000
    737500   0.3994416571E+003   0.5583428982E+000
    737600   0.3994415723E+003   0.5584276877E+000
    737700   0.3994414162E+003   0.5585838130E+000
    737800   0.3994413338E+003   0.5586661891E+000
    737900   0.3994412857E+003   0.5587142673E+000
    738000   0.3994412499E+003   0.5587500575E+000
    738100   0.3994412638E+003   0.5587362014E+000
    738200   0.3994414668E+003   0.5585331805E+000
    738300   0.3994417181E+003   0.5582818948E+000
    738400   0.3994419539E+003   0.5580460548E+000
    738500   0.3994421509E+003   0.5578491134E+000
    738600   0.3994423523E+003   0.5576477061E+000
    738700   0.3994425333E+003   0.5574667252E+000
    738800   0.3994426983E+003   0.5573017393E+000
    738900   0.3994428246E+003   0.5571753563E+000
    739000   0.3994429944E+003   0.5570055833E+000
    739100   0.3994432259E+003   0.5567740510E+000
    739200   0.3994434375E+003   0.5565624909E+000
    739300   0.3994436533E+003   0.5563467234E+000
    739400   0.3994438788E+003   0.5561212275E+000
    739500   0.3994441291E+003   0.5558709434E+000
    739600   0.3994443623E+003   0.5556377398E+000
    739700   0.3994446067E+003   0.5553932560E+000
    739800   0.3994448411E+003   0.5551589480E+000
    739900   0.3994450724E+003   0.5549276213E+000
    740000   0.3994453102E+003   0.5546897879E+000
    740100   0.3994455491E+003   0.5544509101E+000
    740200   0.3994457678E+003   0.5542322356E+000
    740300   0.3994460017E+003   0.5539982879E+000
    740400   0.3994462253E+003   0.5537747286E+000
    740500   0.3994464100E+003   0.5535900297E+000
    740600   0.3994466221E+003   0.5533779078E+000
    740700   0.3994468414E+003   0.5531586184E+000
    740800   0.3994470524E+003   0.5529475997E+000
    740900   0.3994472776E+003   0.5527223747E+000
    741000   0.3994474911E+003   0.5525089238E+000
    741100   0.3994477234E+003   0.5522765897E+000
    741200   0.3994479305E+003   0.5520694943E+000
    741300   0.3994481643E+003   0.5518357405E+000
    741400   0.3994483925E+003   0.5516075097E+000
    741500   0.3994486233E+003   0.5513766677E+000
    741600   0.3994488630E+003   0.5511370086E+000
    741700   0.3994490965E+003   0.5509035080E+000
    741800   0.3994493363E+003   0.5506637038E+000
    741900   0.3994495630E+003   0.5504370010E+000
    742000   0.3994497916E+003   0.5502083929E+000
    742100   0.3994499982E+003   0.5500017688E+000
    742200   0.3994502254E+003   0.5497746391E+000
    742300   0.3994504624E+003   0.5495376483E+000
    742400   0.3994506922E+003   0.5493078459E+000
    742500   0.3994509044E+003   0.5490955951E+000
    742600   0.3994511368E+003   0.5488632429E+000
    742700   0.3994513576E+003   0.5486424415E+000
    742800   0.3994515863E+003   0.5484136972E+000
    742900   0.3994518318E+003   0.5481681525E+000
    743000   0.3994520640E+003   0.5479359611E+000
    743100   0.3994522930E+003   0.5477069522E+000
    743200   0.3994523942E+003   0.5476057698E+000
    743300   0.3994526208E+003   0.5473792445E+000
    743400   0.3994528356E+003   0.5471644436E+000
    743500   0.3994530090E+003   0.5469910309E+000
    743600   0.3994531863E+003   0.5468137169E+000
    743700   0.3994533577E+003   0.5466422534E+000
    743800   0.3994535409E+003   0.5464591404E+000
    743900   0.3994537470E+003   0.5462529942E+000
    744000   0.3994539216E+003   0.5460783553E+000
    744100   0.3994541139E+003   0.5458860969E+000
    744200   0.3994543181E+003   0.5456818622E+000
    744300   0.3994545054E+003   0.5454946439E+000
    744400   0.3994547330E+003   0.5452670017E+000
    744500   0.3994549551E+003   0.5450448769E+000
    744600   0.3994551770E+003   0.5448229678E+000
    744700   0.3994553943E+003   0.5446057130E+000
    744800   0.3994555502E+003   0.5444498339E+000
    744900   0.3994557293E+003   0.5442707456E+000
    745000   0.3994558817E+003   0.5441183086E+000
    745100   0.3994561013E+003   0.5438987137E+000
    745200   0.3994562601E+003   0.5437399315E+000
    745300   0.3994562686E+003   0.5437313808E+000
    745400   0.3994562319E+003   0.5437680694E+000
    745500   0.3994562206E+003   0.5437793612E+000
    745600   0.3994561931E+003   0.5438069213E+000
    745700   0.3994561428E+003   0.5438572097E+000
    745800   0.3994560790E+003   0.5439209655E+000
    745900   0.3994560291E+003   0.5439709443E+000
    746000   0.3994559728E+003   0.5440272327E+000
    746100   0.3994559196E+003   0.5440803868E+000
    746200   0.3994558690E+003   0.5441310188E+000
    746300   0.3994558223E+003   0.5441776871E+000
    746400   0.3994557760E+003   0.5442240030E+000
    746500   0.3994557307E+003   0.5442692819E+000
    746600   0.3994556379E+003   0.5443621121E+000
    746700   0.3994555834E+003   0.5444165722E+000
    746800   0.3994555120E+003   0.5444879809E+000
    746900   0.3994553821E+003   0.5446179393E+000
    747000   0.3994552715E+003   0.5447285115E+000
    747100   0.3994551815E+003   0.5448185332E+000
    747200   0.3994550465E+003   0.5449535008E+000
    747300   0.3994549882E+003   0.5450117920E+000
    747400   0.3994548948E+003   0.5451052288E+000
    747500   0.3994547820E+003   0.5452180325E+000
    747600   0.3994546918E+003   0.5453081525E+000
    747700   0.3994546013E+003   0.5453986659E+000
    747800   0.3994545211E+003   0.5454788635E+000
    747900   0.3994543928E+003   0.5456071801E+000
    748000   0.3994543010E+003   0.5456989801E+000
    748100   0.3994541787E+003   0.5458212823E+000
    748200   0.3994540950E+003   0.5459049526E+000
    748300   0.3994539979E+003   0.5460020726E+000
    748400   0.3994539196E+003   0.5460804252E+000
    748500   0.3994538577E+003   0.5461423372E+000
    748600   0.3994537371E+003   0.5462629021E+000
    748700   0.3994536693E+003   0.5463306826E+000
    748800   0.3994535436E+003   0.5464563628E+000
    748900   0.3994534641E+003   0.5465359369E+000
    749000   0.3994533702E+003   0.5466298435E+000
    749100   0.3994533230E+003   0.5466770343E+000
    749200   0.3994532755E+003   0.5467244568E+000
    749300   0.3994532042E+003   0.5467958034E+000
    749400   0.3994531652E+003   0.5468348461E+000
    749500   0.3994531122E+003   0.5468877801E+000
    749600   0.3994530665E+003   0.5469335084E+000
    749700   0.3994530047E+003   0.5469952898E+000
    749800   0.3994529642E+003   0.5470358369E+000
    749900   0.3994529105E+003   0.5470894671E+000
    750000   0.3994528868E+003   0.5471131824E+000
    750100   0.3994528451E+003   0.5471549165E+000
    750200   0.3994527849E+003   0.5472151065E+000
    750300   0.3994527421E+003   0.5472579005E+000
    750400   0.3994526963E+003   0.5473037484E+000
    750500   0.3994526063E+003   0.5473937254E+000
    750600   0.3994525246E+003   0.5474753600E+000
    750700   0.3994524490E+003   0.5475510265E+000
    750800   0.3994523315E+003   0.5476685195E+000
    750900   0.3994522724E+003   0.5477275753E+000
    751000   0.3994521798E+003   0.5478201998E+000
    751100   0.3994520865E+003   0.5479134799E+000
    751200   0.3994520157E+003   0.5479843178E+000
    751300   0.3994519008E+003   0.5480992036E+000
    751400   0.3994518578E+003   0.5481421878E+000
    751500   0.3994518137E+003   0.5481862662E+000
    751600   0.3994517792E+003   0.5482208458E+000
    751700   0.3994516774E+003   0.5483226324E+000
    751800   0.3994515926E+003   0.5484074052E+000
    751900   0.3994515332E+003   0.5484668346E+000
    752000   0.3994514175E+003   0.5485824605E+000
    752100   0.3994513132E+003   0.5486867554E+000
    752200   0.3994512215E+003   0.5487785147E+000
    752300   0.3994511326E+003   0.5488673872E+000
    752400   0.3994510649E+003   0.5489351199E+000
    752500   0.3994509828E+003   0.5490171965E+000
    752600   0.3994509334E+003   0.5490665832E+000
    752700   0.3994508150E+003   0.5491850263E+000
    752800   0.3994506891E+003   0.5493109482E+000
    752900   0.3994506147E+003   0.5493853303E+000
    753000   0.3994504795E+003   0.5495204924E+000
    753100   0.3994503976E+003   0.5496023808E+000
    753200   0.3994503112E+003   0.5496887731E+000
    753300   0.3994502081E+003   0.5497918812E+000
    753400   0.3994500836E+003   0.5499164317E+000
    753500   0.3994499512E+003   0.5500488101E+000
    753600   0.3994498874E+003   0.5501126131E+000
    753700   0.3994498218E+003   0.5501781825E+000
    753800   0.3994497448E+003   0.5502551792E+000
    753900   0.3994497090E+003   0.5502909724E+000
    754000   0.3994496478E+003   0.5503521731E+000
    754100   0.3994496117E+003   0.5503882539E+000
    754200   0.3994495687E+003   0.5504312966E+000
    754300   0.3994495280E+003   0.5504719994E+000
    754400   0.3994494878E+003   0.5505121800E+000
    754500   0.3994494379E+003   0.5505621198E+000
    754600   0.3994493976E+003   0.5506024323E+000
    754700   0.3994493551E+003   0.5506448644E+000
    754800   0.3994493090E+003   0.5506910298E+000
    754900   0.3994492709E+003   0.5507290816E+000
    755000   0.3994492217E+003   0.5507783041E+000
    755100   0.3994491793E+003   0.5508206891E+000
    755200   0.3994491436E+003   0.5508563528E+000
    755300   0.3994490853E+003   0.5509146776E+000
    755400   0.3994490269E+003   0.5509730731E+000
    755500   0.3994490038E+003   0.5509961742E+000
    755600   0.3994491319E+003   0.5508681350E+000
    755700   0.3994493309E+003   0.5506691320E+000
    755800   0.3994495191E+003   0.5504808732E+000
    755900   0.3994497214E+003   0.5502786270E+000
    756000   0.3994499193E+003   0.5500806519E+000
    756100   0.3994501250E+003   0.5498750335E+000
    756200   0.3994503266E+003   0.5496734446E+000
    756300   0.3994505187E+003   0.5494812787E+000
    756400   0.3994507045E+003   0.5492955424E+000
    756500   0.3994508859E+003   0.5491140908E+000
    756600   0.3994510379E+003   0.5489621248E+000
    756700   0.3994512581E+003   0.5487418878E+000
    756800   0.3994514486E+003   0.5485514401E+000
    756900   0.3994516536E+003   0.5483463849E+000
    757000   0.3994516798E+003   0.5483201751E+000
    757100   0.3994516460E+003   0.5483539712E+000
    757200   0.3994517210E+003   0.5482790343E+000
    757300   0.3994519109E+003   0.5480891136E+000
    757400   0.3994520806E+003   0.5479193722E+000
    757500   0.3994522515E+003   0.5477484803E+000
    757600   0.3994524461E+003   0.5475539081E+000
    757700   0.3994526419E+003   0.5473580951E+000
    757800   0.3994528519E+003   0.5471481176E+000
    757900   0.3994529899E+003   0.5470100896E+000
    758000   0.3994531768E+003   0.5468232279E+000
    758100   0.3994533914E+003   0.5466085514E+000
    758200   0.3994535236E+003   0.5464763967E+000
    758300   0.3994537075E+003   0.5462925009E+000
    758400   0.3994539001E+003   0.5460999327E+000
    758500   0.3994541143E+003   0.5458857038E+000
    758600   0.3994543230E+003   0.5456769555E+000
    758700   0.3994544381E+003   0.5455618990E+000
    758800   0.3994546353E+003   0.5453646948E+000
    758900   0.3994548398E+003   0.5451601940E+000
    759000   0.3994550306E+003   0.5449693771E+000
    759100   0.3994550977E+003   0.5449022988E+000
    759200   0.3994550488E+003   0.5449512071E+000
    759300   0.3994549977E+003   0.5450022755E+000
    759400   0.3994549485E+003   0.5450514877E+000
    759500   0.3994549093E+003   0.5450906594E+000
    759600   0.3994548716E+003   0.5451284049E+000
    759700   0.3994548314E+003   0.5451686228E+000
    759800   0.3994547778E+003   0.5452222421E+000
    759900   0.3994547266E+003   0.5452734323E+000
    760000   0.3994547602E+003   0.5452398194E+000
    760100   0.3994547247E+003   0.5452753235E+000
    760200   0.3994546776E+003   0.5453223684E+000
    760300   0.3994546228E+003   0.5453772023E+000
    760400   0.3994545791E+003   0.5454208687E+000
    760500   0.3994545560E+003   0.5454440179E+000
    760600   0.3994545159E+003   0.5454840687E+000
    760700   0.3994544459E+003   0.5455541054E+000
    760800   0.3994543249E+003   0.5456751275E+000
    760900   0.3994542449E+003   0.5457551462E+000
    761000   0.3994541343E+003   0.5458657233E+000
    761100   0.3994540451E+003   0.5459548585E+000
    761200   0.3994539710E+003   0.5460289845E+000
    761300   0.3994538925E+003   0.5461075378E+000
    761400   0.3994538063E+003   0.5461936658E+000
    761500   0.3994536793E+003   0.5463206575E+000
    761600   0.3994535680E+003   0.5464319552E+000
    761700   0.3994534868E+003   0.5465131737E+000
    761800   0.3994534004E+003   0.5465996142E+000
    761900   0.3994533042E+003   0.5466957557E+000
    762000   0.3994532591E+003   0.5467409314E+000
    762100   0.3994531600E+003   0.5468400135E+000
    762200   0.3994530495E+003   0.5469504916E+000
    762300   0.3994529509E+003   0.5470491276E+000
    762400   0.3994528521E+003   0.5471479379E+000
    762500   0.3994527627E+003   0.5472373383E+000
    762600   0.3994527141E+003   0.5472859046E+000
    762700   0.3994526155E+003   0.5473844687E+000
    762800   0.3994525240E+003   0.5474759808E+000
    762900   0.3994524271E+003   0.5475729052E+000
    763000   0.3994523260E+003   0.5476740199E+000
    763100   0.3994522492E+003   0.5477508143E+000
    763200   0.3994521851E+003   0.5478149485E+000
    763300   0.3994520988E+003   0.5479011814E+000
    763400   0.3994519687E+003   0.5480313403E+000
    763500   0.3994519174E+003   0.5480826264E+000
    763600   0.3994518406E+003   0.5481593805E+000
    763700   0.3994517382E+003   0.5482618005E+000
    763800   0.3994516160E+003   0.5483840081E+000
    763900   0.3994515474E+003   0.5484525799E+000
    764000   0.3994514084E+003   0.5485915987E+000
    764100   0.3994513539E+003   0.5486460550E+000
    764200   0.3994513113E+003   0.5486886723E+000
    764300   0.3994512318E+003   0.5487681761E+000
    764400   0.3994511083E+003   0.5488916717E+000
    764500   0.3994510119E+003   0.5489880970E+000
    764600   0.3994509692E+003   0.5490308176E+000
    764700   0.3994509103E+003   0.5490896909E+000
    764800   0.3994508721E+003   0.5491278723E+000
    764900   0.3994508130E+003   0.5491870413E+000
    765000   0.3994507733E+003   0.5492267369E+000
    765100   0.3994507866E+003   0.5492133762E+000
    765200   0.3994507421E+003   0.5492579325E+000
    765300   0.3994507034E+003   0.5492965626E+000
    765400   0.3994506262E+003   0.5493738311E+000
    765500   0.3994505191E+003   0.5494808934E+000
    765600   0.3994504490E+003   0.5495510257E+000
    765700   0.3994503734E+003   0.5496265683E+000
    765800   0.3994502598E+003   0.5497401877E+000
    765900   0.3994501479E+003   0.5498521264E+000
    766000   0.3994500657E+003   0.5499342865E+000
    766100   0.3994499723E+003   0.5500276821E+000
    766200   0.3994498772E+003   0.5501227809E+000
    766300   0.3994497884E+003   0.5502115712E+000
    766400   0.3994496830E+003   0.5503170247E+000
    766500   0.3994496140E+003   0.5503859852E+000
    766600   0.3994495192E+003   0.5504807686E+000
    766700   0.3994494078E+003   0.5505922399E+000
    766800   0.3994493581E+003   0.5506419283E+000
    766900   0.3994493148E+003   0.5506852118E+000
    767000   0.3994493050E+003   0.5506949675E+000
    767100   0.3994494797E+003   0.5505203127E+000
    767200   0.3994496055E+003   0.5503944734E+000
    767300   0.3994496167E+003   0.5503832618E+000
    767400   0.3994495844E+003   0.5504156117E+000
    767500   0.3994495324E+003   0.5504676460E+000
    767600   0.3994494908E+003   0.5505092255E+000
    767700   0.3994496489E+003   0.5503511155E+000
    767800   0.3994497966E+003   0.5502034215E+000
    767900   0.3994500078E+003   0.5499922442E+000
    768000   0.3994501618E+003   0.5498382001E+000
    768100   0.3994503503E+003   0.5496496811E+000
    768200   0.3994505325E+003   0.5494674724E+000
    768300   0.3994507517E+003   0.5492482687E+000
    768400   0.3994509749E+003   0.5490250921E+000
    768500   0.3994511816E+003   0.5488183546E+000
    768600   0.3994513495E+003   0.5486504935E+000
    768700   0.3994515703E+003   0.5484297027E+000
    768800   0.3994517825E+003   0.5482174623E+000
    768900   0.3994519686E+003   0.5480313506E+000
    769000   0.3994520426E+003   0.5479574141E+000
    769100   0.3994520044E+003   0.5479955709E+000
    769200   0.3994519577E+003   0.5480423357E+000
    769300   0.3994519093E+003   0.5480907117E+000
    769400   0.3994518640E+003   0.5481359525E+000
    769500   0.3994518062E+003   0.5481938074E+000
    769600   0.3994517789E+003   0.5482211173E+000
    769700   0.3994517099E+003   0.5482901053E+000
    769800   0.3994516655E+003   0.5483344630E+000
    769900   0.3994516056E+003   0.5483943933E+000
    770000   0.3994515671E+003   0.5484329114E+000
    770100   0.3994515176E+003   0.5484823612E+000
    770200   0.3994514620E+003   0.5485380023E+000
    770300   0.3994514136E+003   0.5485863873E+000
    770400   0.3994513414E+003   0.5486585895E+000
    770500   0.3994512198E+003   0.5487801510E+000
    770600   0.3994511830E+003   0.5488170007E+000
    770700   0.3994511439E+003   0.5488561335E+000
    770800   0.3994510791E+003   0.5489209450E+000
    770900   0.3994510252E+003   0.5489748168E+000
    771000   0.3994509842E+003   0.5490157782E+000
    771100   0.3994509286E+003   0.5490713536E+000
    771200   0.3994508756E+003   0.5491244012E+000
    771300   0.3994508341E+003   0.5491658853E+000
    771400   0.3994507861E+003   0.5492138513E+000
    771500   0.3994507469E+003   0.5492531399E+000
    771600   0.3994507053E+003   0.5492946762E+000
    771700   0.3994506915E+003   0.5493084739E+000
    771800   0.3994505903E+003   0.5494096742E+000
    771900   0.3994504960E+003   0.5495040286E+000
    772000   0.3994504702E+003   0.5495297703E+000
    772100   0.3994504233E+003   0.5495767297E+000
    772200   0.3994503837E+003   0.5496162584E+000
    772300   0.3994503229E+003   0.5496771410E+000
    772400   0.3994502730E+003   0.5497269934E+000
    772500   0.3994502218E+003   0.5497781653E+000
    772600   0.3994502551E+003   0.5497448674E+000
    772700   0.3994504160E+003   0.5495840471E+000
    772800   0.3994505537E+003   0.5494462722E+000
    772900   0.3994506678E+003   0.5493321748E+000
    773000   0.3994508654E+003   0.5491345799E+000
    773100   0.3994510671E+003   0.5489329161E+000
    773200   0.3994512718E+003   0.5487282357E+000
    773300   0.3994514577E+003   0.5485422685E+000
    773400   0.3994516717E+003   0.5483282666E+000
    773500   0.3994518792E+003   0.5481208289E+000
    773600   0.3994520587E+003   0.5479413470E+000
    773700   0.3994521346E+003   0.5478653945E+000
    773800   0.3994522919E+003   0.5477081028E+000
    773900   0.3994524390E+003   0.5475610422E+000
    774000   0.3994525281E+003   0.5474718681E+000
    774100   0.3994526542E+003   0.5473458353E+000
    774200   0.3994527975E+003   0.5472025089E+000
    774300   0.3994529740E+003   0.5470259716E+000
    774400   0.3994529397E+003   0.5470603299E+000
    774500   0.3994528909E+003   0.5471090574E+000
    774600   0.3994528440E+003   0.5471559798E+000
    774700   0.3994528116E+003   0.5471883867E+000
    774800   0.3994527663E+003   0.5472336653E+000
    774900   0.3994527128E+003   0.5472872254E+000
    775000   0.3994526581E+003   0.5473418730E+000
    775100   0.3994526035E+003   0.5473965012E+000
    775200   0.3994525948E+003   0.5474051808E+000
    775300   0.3994525451E+003   0.5474548811E+000
    775400   0.3994525016E+003   0.5474984252E+000
    775500   0.3994524525E+003   0.5475474813E+000
    775600   0.3994523813E+003   0.5476186844E+000
    775700   0.3994523260E+003   0.5476739947E+000
    775800   0.3994522717E+003   0.5477282685E+000
    775900   0.3994522330E+003   0.5477669824E+000
    776000   0.3994521932E+003   0.5478067914E+000
    776100   0.3994521458E+003   0.5478541538E+000
    776200   0.3994521046E+003   0.5478954397E+000
    776300   0.3994520794E+003   0.5479205792E+000
    776400   0.3994520449E+003   0.5479551317E+000
    776500   0.3994521937E+003   0.5478063084E+000
    776600   0.3994523530E+003   0.5476469835E+000
    776700   0.3994525218E+003   0.5474782195E+000
    776800   0.3994527009E+003   0.5472991190E+000
    776900   0.3994529202E+003   0.5470798023E+000
    777000   0.3994531125E+003   0.5468874778E+000
    777100   0.3994533342E+003   0.5466657978E+000
    777200   0.3994535307E+003   0.5464692847E+000
    777300   0.3994537347E+003   0.5462653123E+000
    777400   0.3994539282E+003   0.5460718427E+000
    777500   0.3994541195E+003   0.5458804627E+000
    777600   0.3994542496E+003   0.5457503812E+000
    777700   0.3994544285E+003   0.5455715404E+000
    777800   0.3994546182E+003   0.5453818416E+000
    777900   0.3994548151E+003   0.5451848664E+000
    778000   0.3994549956E+003   0.5450043846E+000
    778100   0.3994551956E+003   0.5448044311E+000
    778200   0.3994552397E+003   0.5447603353E+000
    778300   0.3994551898E+003   0.5448101637E+000
    778400   0.3994551421E+003   0.5448579363E+000
    778500   0.3994550941E+003   0.5449059454E+000
    778600   0.3994550418E+003   0.5449581922E+000
    778700   0.3994549938E+003   0.5450062010E+000
    778800   0.3994549456E+003   0.5450543571E+000
    778900   0.3994548870E+003   0.5451130404E+000
    779000   0.3994548356E+003   0.5451643911E+000
    779100   0.3994547793E+003   0.5452207404E+000
    779200   0.3994547370E+003   0.5452630337E+000
    779300   0.3994546787E+003   0.5453212965E+000
    779400   0.3994546287E+003   0.5453713016E+000
    779500   0.3994545709E+003   0.5454290982E+000
    779600   0.3994545284E+003   0.5454715676E+000
    779700   0.3994544824E+003   0.5455175886E+000
    779800   0.3994544448E+003   0.5455551588E+000
    779900   0.3994543795E+003   0.5456204911E+000
    780000   0.3994543011E+003   0.5456989466E+000
    780100   0.3994541981E+003   0.5458019270E+000
    780200   0.3994541202E+003   0.5458797654E+000
    780300   0.3994540440E+003   0.5459560096E+000
    780400   0.3994539953E+003   0.5460047088E+000
    780500   0.3994538932E+003   0.5461067840E+000
    780600   0.3994538250E+003   0.5461750386E+000
    780700   0.3994537187E+003   0.5462813038E+000
    780800   0.3994536264E+003   0.5463735535E+000
    780900   0.3994535834E+003   0.5464165919E+000
    781000   0.3994534399E+003   0.5465600799E+000
    781100   0.3994533579E+003   0.5466420673E+000
    781200   0.3994532858E+003   0.5467142389E+000
    781300   0.3994531888E+003   0.5468112132E+000
    781400   0.3994530913E+003   0.5469086740E+000
    781500   0.3994530061E+003   0.5469938560E+000
    781600   0.3994529495E+003   0.5470504554E+000
    781700   0.3994528368E+003   0.5471632442E+000
    781800   0.3994527762E+003   0.5472238255E+000
    781900   0.3994526564E+003   0.5473436126E+000
    782000   0.3994525864E+003   0.5474135561E+000
    782100   0.3994524918E+003   0.5475081911E+000
    782200   0.3994524248E+003   0.5475751965E+000
    782300   0.3994523631E+003   0.5476368716E+000
    782400   0.3994522751E+003   0.5477248789E+000
    782500   0.3994521625E+003   0.5478375379E+000
    782600   0.3994520779E+003   0.5479221426E+000
    782700   0.3994519934E+003   0.5480066262E+000
    782800   0.3994518977E+003   0.5481022681E+000
    782900   0.3994517780E+003   0.5482220276E+000
    783000   0.3994516854E+003   0.5483145621E+000
    783100   0.3994515950E+003   0.5484050263E+000
    783200   0.3994515123E+003   0.5484877197E+000
    783300   0.3994514492E+003   0.5485508036E+000
    783400   0.3994513315E+003   0.5486685302E+000
    783500   0.3994512345E+003   0.5487655313E+000
    783600   0.3994511581E+003   0.5488418828E+000
    783700   0.3994510706E+003   0.5489293966E+000
    783800   0.3994510269E+003   0.5489731094E+000
    783900   0.3994509735E+003   0.5490264973E+000
    784000   0.3994509183E+003   0.5490816701E+000
    784100   0.3994508310E+003   0.5491689978E+000
    784200   0.3994507658E+003   0.5492342458E+000
    784300   0.3994506947E+003   0.5493053480E+000
    784400   0.3994505198E+003   0.5494802306E+000
    784500   0.3994503945E+003   0.5496054860E+000
    784600   0.3994503098E+003   0.5496902391E+000
    784700   0.3994502389E+003   0.5497611030E+000
    784800   0.3994501914E+003   0.5498086074E+000
    784900   0.3994501189E+003   0.5498810983E+000
    785000   0.3994499792E+003   0.5500207660E+000
    785100   0.3994498699E+003   0.5501301381E+000
    785200   0.3994497699E+003   0.5502301168E+000
    785300   0.3994497138E+003   0.5502862479E+000
    785400   0.3994496527E+003   0.5503472631E+000
    785500   0.3994495741E+003   0.5504258794E+000
    785600   0.3994494799E+003   0.5505200832E+000
    785700   0.3994493919E+003   0.5506080685E+000
    785800   0.3994493143E+003   0.5506857066E+000
    785900   0.3994492430E+003   0.5507570329E+000
    786000   0.3994491588E+003   0.5508412383E+000
    786100   0.3994490954E+003   0.5509045733E+000
    786200   0.3994490095E+003   0.5509905310E+000
    786300   0.3994489377E+003   0.5510623008E+000
    786400   0.3994488717E+003   0.5511283120E+000
    786500   0.3994487671E+003   0.5512329220E+000
    786600   0.3994486674E+003   0.5513325540E+000
    786700   0.3994485591E+003   0.5514409175E+000
    786800   0.3994484885E+003   0.5515114609E+000
    786900   0.3994484242E+003   0.5515758469E+000
    787000   0.3994483352E+003   0.5516647571E+000
    787100   0.3994482403E+003   0.5517597355E+000
    787200   0.3994481898E+003   0.5518101767E+000
    787300   0.3994480884E+003   0.5519116180E+000
    787400   0.3994480144E+003   0.5519856465E+000
    787500   0.3994479000E+003   0.5520999965E+000
    787600   0.3994478032E+003   0.5521967955E+000
    787700   0.3994477051E+003   0.5522948958E+000
    787800   0.3994476215E+003   0.5523784919E+000
    787900   0.3994475533E+003   0.5524466733E+000
    788000   0.3994474977E+003   0.5525023376E+000
    788100   0.3994474215E+003   0.5525785123E+000
    788200   0.3994473399E+003   0.5526600929E+000
    788300   0.3994472322E+003   0.5527677811E+000
    788400   0.3994471266E+003   0.5528734348E+000
    788500   0.3994470468E+003   0.5529532134E+000
    788600   0.3994469432E+003   0.5530567883E+000
    788700   0.3994469108E+003   0.5530891511E+000
    788800   0.3994468732E+003   0.5531267552E+000
    788900   0.3994468211E+003   0.5531788626E+000
    789000   0.3994466989E+003   0.5533010627E+000
    789100   0.3994465877E+003   0.5534122745E+000
    789200   0.3994465684E+003   0.5534316231E+000
    789300   0.3994465291E+003   0.5534709461E+000
    789400   0.3994464816E+003   0.5535183517E+000
    789500   0.3994464300E+003   0.5535700475E+000
    789600   0.3994463804E+003   0.5536195776E+000
    789700   0.3994463394E+003   0.5536606027E+000
    789800   0.3994462908E+003   0.5537092190E+000
    789900   0.3994462304E+003   0.5537696195E+000
    790000   0.3994461723E+003   0.5538276726E+000
    790100   0.3994461233E+003   0.5538766543E+000
    790200   0.3994460894E+003   0.5539106022E+000
    790300   0.3994460638E+003   0.5539362197E+000
    790400   0.3994460274E+003   0.5539726452E+000
    790500   0.3994459834E+003   0.5540166149E+000
    790600   0.3994459386E+003   0.5540614008E+000
    790700   0.3994458917E+003   0.5541083211E+000
    790800   0.3994458741E+003   0.5541259327E+000
    790900   0.3994458375E+003   0.5541624984E+000
    791000   0.3994457886E+003   0.5542114016E+000
    791100   0.3994457564E+003   0.5542435877E+000
    791200   0.3994457103E+003   0.5542897399E+000
    791300   0.3994456695E+003   0.5543305399E+000
    791400   0.3994456262E+003   0.5543737784E+000
    791500   0.3994455801E+003   0.5544198601E+000
    791600   0.3994455238E+003   0.5544761654E+000
    791700   0.3994454758E+003   0.5545242185E+000
    791800   0.3994454267E+003   0.5545732759E+000
    791900   0.3994453927E+003   0.5546073386E+000
    792000   0.3994453498E+003   0.5546502175E+000
    792100   0.3994452952E+003   0.5547047689E+000
    792200   0.3994452441E+003   0.5547559493E+000
    792300   0.3994452174E+003   0.5547825665E+000
    792400   0.3994451664E+003   0.5548335533E+000
    792500   0.3994451113E+003   0.5548887385E+000
    792600   0.3994450570E+003   0.5549429561E+000
    792700   0.3994450214E+003   0.5549786180E+000
    792800   0.3994449899E+003   0.5550101422E+000
    792900   0.3994449279E+003   0.5550720609E+000
    793000   0.3994448943E+003   0.5551056544E+000
    793100   0.3994448719E+003   0.5551281072E+000
    793200   0.3994448154E+003   0.5551846095E+000
    793300   0.3994447279E+003   0.5552721294E+000
    793400   0.3994446509E+003   0.5553490536E+000
    793500   0.3994445711E+003   0.5554288864E+000
    793600   0.3994446030E+003   0.5553969790E+000
    793700   0.3994447415E+003   0.5552585138E+000
    793800   0.3994449361E+003   0.5550638556E+000
    793900   0.3994451282E+003   0.5548717770E+000
    794000   0.3994453200E+003   0.5546799620E+000
    794100   0.3994455371E+003   0.5544628870E+000
    794200   0.3994456671E+003   0.5543328608E+000
    794300   0.3994456693E+003   0.5543306761E+000
    794400   0.3994456157E+003   0.5543842635E+000
    794500   0.3994455728E+003   0.5544271982E+000
    794600   0.3994455234E+003   0.5544766483E+000
    794700   0.3994454780E+003   0.5545220409E+000
    794800   0.3994454457E+003   0.5545543184E+000
    794900   0.3994454005E+003   0.5545995288E+000
    795000   0.3994453483E+003   0.5546516517E+000
    795100   0.3994453162E+003   0.5546838251E+000
    795200   0.3994452666E+003   0.5547334460E+000
    795300   0.3994452323E+003   0.5547677253E+000
    795400   0.3994451874E+003   0.5548126306E+000
    795500   0.3994451574E+003   0.5548425837E+000
    795600   0.3994451126E+003   0.5548874305E+000
    795700   0.3994450671E+003   0.5549328568E+000
    795800   0.3994450150E+003   0.5549849814E+000
    795900   0.3994449701E+003   0.5550298971E+000
    796000   0.3994449461E+003   0.5550538629E+000
    796100   0.3994449065E+003   0.5550934818E+000
    796200   0.3994448626E+003   0.5551374320E+000
    796300   0.3994448097E+003   0.5551903126E+000
    796400   0.3994447589E+003   0.5552410741E+000
    796500   0.3994446563E+003   0.5553436940E+000
    796600   0.3994445953E+003   0.5554046889E+000
    796700   0.3994445272E+003   0.5554727695E+000
    796800   0.3994444399E+003   0.5555600702E+000
    796900   0.3994443337E+003   0.5556662592E+000
    797000   0.3994442030E+003   0.5557969790E+000
    797100   0.3994440916E+003   0.5559084094E+000
    797200   0.3994439775E+003   0.5560225305E+000
    797300   0.3994438621E+003   0.5561378565E+000
    797400   0.3994437597E+003   0.5562402994E+000
    797500   0.3994436693E+003   0.5563307459E+000
    797600   0.3994435820E+003   0.5564180434E+000
    797700   0.3994434861E+003   0.5565138911E+000
    797800   0.3994434148E+003   0.5565852080E+000
    797900   0.3994433238E+003   0.5566761972E+000
    798000   0.3994432770E+003   0.5567229736E+000
    798100   0.3994431995E+003   0.5568004590E+000
    798200   0.3994431143E+003   0.5568856547E+000
    798300   0.3994430006E+003   0.5569993886E+000
    798400   0.3994429059E+003   0.5570941086E+000
    798500   0.3994428028E+003   0.5571972384E+000
    798600   0.3994427184E+003   0.5572815942E+000
    798700   0.3994426735E+003   0.5573264538E+000
    798800   0.3994426479E+003   0.5573521252E+000
    798900   0.3994425588E+003   0.5574411991E+000
    799000   0.3994425069E+003   0.5574930521E+000
    799100   0.3994424606E+003   0.5575393680E+000
    799200   0.3994423667E+003   0.5576332661E+000
    799300   0.3994422553E+003   0.5577447214E+000
    799400   0.3994421738E+003   0.5578261878E+000
    799500   0.3994420991E+003   0.5579009492E+000
    799600   0.3994420257E+003   0.5579743178E+000
    799700   0.3994419605E+003   0.5580395122E+000
    799800   0.3994418632E+003   0.5581368212E+000
    799900   0.3994417642E+003   0.5582357652E+000
    800000   0.3994417246E+003   0.5582754084E+000
    800100   0.3994416867E+003   0.5583133265E+000
    800200   0.3994416536E+003   0.5583464481E+000
    800300   0.3994415968E+003   0.5584031695E+000
    800400   0.3994415383E+003   0.5584617435E+000
    800500   0.3994414925E+003   0.5585075194E+000
    800600   0.3994414481E+003   0.5585518625E+000
    800700   0.3994414101E+003   0.5585898750E+000
    800800   0.3994413752E+003   0.5586247735E+000
    800900   0.3994413297E+003   0.5586703417E+000
    801000   0.3994412869E+003   0.5587130799E+000
    801100   0.3994412362E+003   0.5587637619E+000
    801200   0.3994411841E+003   0.5588158610E+000
    801300   0.3994411426E+003   0.5588574334E+000
    801400   0.3994411044E+003   0.5588955813E+000
    801500   0.3994410730E+003   0.5589270038E+000
    801600   0.3994410429E+003   0.5589571451E+000
    801700   0.3994410099E+003   0.5589901382E+000
    801800   0.3994409672E+003   0.5590327961E+000
    801900   0.3994409189E+003   0.5590811181E+000
    802000   0.3994408718E+003   0.5591282370E+000
    802100   0.3994408168E+003   0.5591832366E+000
    802200   0.3994407770E+003   0.5592230417E+000
    802300   0.3994407322E+003   0.5592677583E+000
    802400   0.3994406845E+003   0.5593154502E+000
    802500   0.3994406559E+003   0.5593441406E+000
    802600   0.3994406167E+003   0.5593832651E+000
    802700   0.3994405733E+003   0.5594267027E+000
    802800   0.3994405289E+003   0.5594711327E+000
    802900   0.3994404770E+003   0.5595229684E+000
    803000   0.3994404524E+003   0.5595476263E+000
    803100   0.3994404008E+003   0.5595992021E+000
    803200   0.3994403526E+003   0.5596474076E+000
    803300   0.3994403150E+003   0.5596850429E+000
    803400   0.3994402796E+003   0.5597204001E+000
    803500   0.3994402248E+003   0.5597752308E+000
    803600   0.3994401695E+003   0.5598304738E+000
    803700   0.3994401185E+003   0.5598815426E+000
    803800   0.3994400955E+003   0.5599045201E+000
    803900   0.3994400585E+003   0.5599415261E+000
    804000   0.3994400234E+003   0.5599766192E+000
    804100   0.3994399853E+003   0.5600147052E+000
    804200   0.3994399338E+003   0.5600661612E+000
    804300   0.3994398929E+003   0.5601070826E+000
    804400   0.3994398400E+003   0.5601600464E+000
    804500   0.3994397926E+003   0.5602074381E+000
    804600   0.3994397437E+003   0.5602562944E+000
    804700   0.3994397007E+003   0.5602993182E+000
    804800   0.3994396546E+003   0.5603454027E+000
    804900   0.3994396111E+003   0.5603889228E+000
    805000   0.3994395774E+003   0.5604225731E+000
    805100   0.3994395348E+003   0.5604652344E+000
    805200   0.3994394861E+003   0.5605139362E+000
    805300   0.3994394468E+003   0.5605531881E+000
    805400   0.3994393950E+003   0.5606050220E+000
    805500   0.3994393498E+003   0.5606501705E+000
    805600   0.3994393050E+003   0.5606949968E+000
    805700   0.3994392789E+003   0.5607211106E+000
    805800   0.3994392311E+003   0.5607689339E+000
    805900   0.3994392152E+003   0.5607847989E+000
    806000   0.3994391863E+003   0.5608136994E+000
    806100   0.3994391352E+003   0.5608647839E+000
    806200   0.3994390862E+003   0.5609138060E+000
    806300   0.3994390349E+003   0.5609651230E+000
    806400   0.3994389995E+003   0.5610004964E+000
    806500   0.3994389655E+003   0.5610345261E+000
    806600   0.3994389076E+003   0.5610924154E+000
    806700   0.3994388542E+003   0.5611457500E+000
    806800   0.3994388110E+003   0.5611889951E+000
    806900   0.3994387726E+003   0.5612274042E+000
    807000   0.3994387381E+003   0.5612619358E+000
    807100   0.3994386996E+003   0.5613004093E+000
    807200   0.3994386401E+003   0.5613599437E+000
    807300   0.3994386076E+003   0.5613923711E+000
    807400   0.3994385482E+003   0.5614518204E+000
    807500   0.3994385037E+003   0.5614962802E+000
    807600   0.3994384608E+003   0.5615391665E+000
    807700   0.3994384195E+003   0.5615805017E+000
    807800   0.3994383691E+003   0.5616308876E+000
    807900   0.3994383175E+003   0.5616824796E+000
    808000   0.3994382644E+003   0.5617356260E+000
    808100   0.3994382297E+003   0.5617703418E+000
    808200   0.3994383080E+003   0.5616920060E+000
    808300   0.3994385116E+003   0.5614883638E+000
    808400   0.3994387221E+003   0.5612779316E+000
    808500   0.3994389303E+003   0.5610696626E+000
    808600   0.3994391407E+003   0.5608593141E+000
    808700   0.3994393484E+003   0.5606516270E+000
    808800   0.3994395671E+003   0.5604329358E+000
    808900   0.3994397661E+003   0.5602339121E+000
    809000   0.3994398754E+003   0.5601246091E+000
    809100   0.3994398434E+003   0.5601565563E+000
    809200   0.3994397706E+003   0.5602293555E+000
    809300   0.3994397310E+003   0.5602690257E+000
    809400   0.3994398427E+003   0.5601572907E+000
    809500   0.3994400542E+003   0.5599457849E+000
    809600   0.3994402119E+003   0.5597880633E+000
    809700   0.3994404083E+003   0.5595916948E+000
    809800   0.3994405818E+003   0.5594181717E+000
    809900   0.3994407743E+003   0.5592257198E+000
    810000   0.3994409235E+003   0.5590764597E+000
    810100   0.3994410854E+003   0.5589146361E+000
    810200   0.3994411986E+003   0.5588013905E+000
    810300   0.3994411446E+003   0.5588554130E+000
    810400   0.3994410850E+003   0.5589149623E+000
    810500   0.3994410440E+003   0.5589560468E+000
    810600   0.3994410079E+003   0.5589921242E+000
    810700   0.3994409673E+003   0.5590327493E+000
    810800   0.3994409465E+003   0.5590534965E+000
    810900   0.3994408953E+003   0.5591046544E+000
    811000   0.3994408484E+003   0.5591515994E+000
    811100   0.3994408015E+003   0.5591984769E+000
    811200   0.3994407708E+003   0.5592291615E+000
    811300   0.3994407149E+003   0.5592851057E+000
    811400   0.3994407452E+003   0.5592548293E+000
    811500   0.3994409506E+003   0.5590494109E+000
    811600   0.3994411370E+003   0.5588630096E+000
    811700   0.3994413134E+003   0.5586866466E+000
    811800   0.3994415174E+003   0.5584826076E+000
    811900   0.3994417147E+003   0.5582852637E+000
    812000   0.3994418937E+003   0.5581062815E+000
    812100   0.3994420975E+003   0.5579025102E+000
    812200   0.3994423051E+003   0.5576949105E+000
    812300   0.3994424906E+003   0.5575093932E+000
    812400   0.3994426974E+003   0.5573026471E+000
    812500   0.3994428994E+003   0.5571005798E+000
    812600   0.3994429759E+003   0.5570241383E+000
    812700   0.3994429217E+003   0.5570782721E+000
    812800   0.3994428693E+003   0.5571306610E+000
    812900   0.3994428104E+003   0.5571896075E+000
    813000   0.3994427599E+003   0.5572401410E+000
    813100   0.3994427126E+003   0.5572873618E+000
    813200   0.3994426692E+003   0.5573307723E+000
    813300   0.3994426469E+003   0.5573530914E+000
    813400   0.3994426055E+003   0.5573945401E+000
    813500   0.3994425790E+003   0.5574209837E+000
    813600   0.3994426894E+003   0.5573106287E+000
    813700   0.3994427839E+003   0.5572161332E+000
    813800   0.3994427455E+003   0.5572544525E+000
    813900   0.3994427093E+003   0.5572906580E+000
    814000   0.3994426679E+003   0.5573320551E+000
    814100   0.3994426343E+003   0.5573656803E+000
    814200   0.3994425939E+003   0.5574061306E+000
    814300   0.3994425749E+003   0.5574251200E+000
    814400   0.3994425479E+003   0.5574521045E+000
    814500   0.3994425284E+003   0.5574715562E+000
    814600   0.3994426138E+003   0.5573862018E+000
    814700   0.3994428113E+003   0.5571886823E+000
    814800   0.3994430048E+003   0.5569952385E+000
    814900   0.3994431928E+003   0.5568072201E+000
    815000   0.3994433124E+003   0.5566876206E+000
    815100   0.3994434860E+003   0.5565140094E+000
    815200   0.3994435193E+003   0.5564806774E+000
    815300   0.3994434803E+003   0.5565197306E+000
    815400   0.3994434298E+003   0.5565702130E+000
    815500   0.3994433834E+003   0.5566165596E+000
    815600   0.3994433413E+003   0.5566586973E+000
    815700   0.3994432869E+003   0.5567131023E+000
    815800   0.3994432363E+003   0.5567637345E+000
    815900   0.3994432018E+003   0.5567982057E+000
    816000   0.3994431645E+003   0.5568355444E+000
    816100   0.3994431111E+003   0.5568888853E+000
    816200   0.3994430507E+003   0.5569492599E+000
    816300   0.3994429935E+003   0.5570064878E+000
    816400   0.3994429259E+003   0.5570741207E+000
    816500   0.3994428473E+003   0.5571526847E+000
    816600   0.3994427904E+003   0.5572096135E+000
    816700   0.3994426932E+003   0.5573068285E+000
    816800   0.3994425653E+003   0.5574346541E+000
    816900   0.3994424709E+003   0.5575291283E+000
    817000   0.3994424093E+003   0.5575907049E+000
    817100   0.3994423335E+003   0.5576665418E+000
    817200   0.3994422337E+003   0.5577663352E+000
    817300   0.3994421193E+003   0.5578807340E+000
    817400   0.3994419893E+003   0.5580107326E+000
    817500   0.3994419494E+003   0.5580505814E+000
    817600   0.3994418778E+003   0.5581222111E+000
    817700   0.3994417438E+003   0.5582561932E+000
    817800   0.3994416743E+003   0.5583256916E+000
    817900   0.3994416052E+003   0.5583947802E+000
    818000   0.3994414878E+003   0.5585122027E+000
    818100   0.3994414266E+003   0.5585734245E+000
    818200   0.3994412768E+003   0.5587231720E+000
    818300   0.3994411623E+003   0.5588377038E+000
    818400   0.3994410337E+003   0.5589662578E+000
    818500   0.3994409232E+003   0.5590768314E+000
    818600   0.3994408365E+003   0.5591635134E+000
    818700   0.3994407427E+003   0.5592573236E+000
    818800   0.3994406346E+003   0.5593653664E+000
    818900   0.3994405106E+003   0.5594893965E+000
    819000   0.3994404176E+003   0.5595823852E+000
    819100   0.3994402960E+003   0.5597040315E+000
    819200   0.3994402123E+003   0.5597877003E+000
    819300   0.3994401354E+003   0.5598646446E+000
    819400   0.3994400556E+003   0.5599444282E+000
    819500   0.3994399505E+003   0.5600494805E+000
    819600   0.3994398723E+003   0.5601276965E+000
    819700   0.3994397760E+003   0.5602240233E+000
    819800   0.3994396751E+003   0.5603249185E+000
    819900   0.3994395451E+003   0.5604549018E+000
    820000   0.3994394609E+003   0.5605391381E+000
    820100   0.3994393979E+003   0.5606020623E+000
    820200   0.3994393011E+003   0.5606988645E+000
    820300   0.3994392010E+003   0.5607989614E+000
    820400   0.3994391069E+003   0.5608931484E+000
    820500   0.3994389664E+003   0.5610336007E+000
    820600   0.3994388705E+003   0.5611295233E+000
    820700   0.3994387589E+003   0.5612411263E+000
    820800   0.3994386360E+003   0.5613640156E+000
    820900   0.3994385182E+003   0.5614818230E+000
    821000   0.3994384187E+003   0.5615812709E+000
    821100   0.3994383466E+003   0.5616533699E+000
    821200   0.3994382855E+003   0.5617144723E+000
    821300   0.3994381876E+003   0.5618123715E+000
    821400   0.3994381144E+003   0.5618856239E+000
    821500   0.3994380671E+003   0.5619329300E+000
    821600   0.3994379659E+003   0.5620340512E+000
    821700   0.3994378684E+003   0.5621315892E+000
    821800   0.3994377628E+003   0.5622372294E+000
    821900   0.3994376729E+003   0.5623271071E+000
    822000   0.3994375986E+003   0.5624013821E+000
    822100   0.3994375051E+003   0.5624949180E+000
    822200   0.3994374442E+003   0.5625557820E+000
    822300   0.3994373635E+003   0.5626365162E+000
    822400   0.3994373120E+003   0.5626880277E+000
    822500   0.3994372443E+003   0.5627556863E+000
    822600   0.3994371755E+003   0.5628245492E+000
    822700   0.3994371118E+003   0.5628882406E+000
    822800   0.3994370221E+003   0.5629779215E+000
    822900   0.3994369277E+003   0.5630723403E+000
    823000   0.3994368419E+003   0.5631581013E+000
    823100   0.3994367831E+003   0.5632169362E+000
    823200   0.3994366635E+003   0.5633365475E+000
    823300   0.3994365874E+003   0.5634126064E+000
    823400   0.3994365436E+003   0.5634563535E+000
    823500   0.3994364957E+003   0.5635042584E+000
    823600   0.3994364578E+003   0.5635421631E+000
    823700   0.3994364259E+003   0.5635741397E+000
    823800   0.3994363743E+003   0.5636257407E+000
    823900   0.3994363424E+003   0.5636576427E+000
    824000   0.3994363092E+003   0.5636908286E+000
    824100   0.3994362828E+003   0.5637171507E+000
    824200   0.3994362675E+003   0.5637324541E+000
    824300   0.3994362183E+003   0.5637817402E+000
    824400   0.3994361710E+003   0.5638290380E+000
    824500   0.3994360428E+003   0.5639572064E+000
    824600   0.3994359279E+003   0.5640721055E+000
    824700   0.3994358514E+003   0.5641485719E+000
    824800   0.3994357778E+003   0.5642221796E+000
    824900   0.3994357003E+003   0.5642996874E+000
    825000   0.3994356209E+003   0.5643791435E+000
    825100   0.3994355753E+003   0.5644247470E+000
    825200   0.3994355009E+003   0.5644990969E+000
    825300   0.3994354277E+003   0.5645723137E+000
    825400   0.3994353524E+003   0.5646475703E+000
    825500   0.3994353325E+003   0.5646675186E+000
    825600   0.3994352453E+003   0.5647547242E+000
    825700   0.3994351590E+003   0.5648409931E+000
    825800   0.3994350631E+003   0.5649369116E+000
    825900   0.3994349601E+003   0.5650399477E+000
    826000   0.3994348476E+003   0.5651524169E+000
    826100   0.3994347425E+003   0.5652575301E+000
    826200   0.3994346785E+003   0.5653215227E+000
    826300   0.3994345918E+003   0.5654082464E+000
    826400   0.3994345387E+003   0.5654612981E+000
    826500   0.3994344419E+003   0.5655580774E+000
    826600   0.3994343754E+003   0.5656246170E+000
    826700   0.3994342969E+003   0.5657030648E+000
    826800   0.3994342289E+003   0.5657711205E+000
    826900   0.3994341571E+003   0.5658429015E+000
    827000   0.3994340920E+003   0.5659080452E+000
    827100   0.3994339791E+003   0.5660209266E+000
    827200   0.3994338973E+003   0.5661027260E+000
    827300   0.3994338632E+003   0.5661367943E+000
    827400   0.3994338190E+003   0.5661810108E+000
    827500   0.3994337782E+003   0.5662217767E+000
    827600   0.3994337307E+003   0.5662692912E+000
    827700   0.3994336810E+003   0.5663190123E+000
    827800   0.3994336367E+003   0.5663632652E+000
    827900   0.3994336017E+003   0.5663983290E+000
    828000   0.3994335635E+003   0.5664364757E+000
    828100   0.3994335026E+003   0.5664973990E+000
    828200   0.3994334613E+003   0.5665387318E+000
    828300   0.3994334216E+003   0.5665783896E+000
    828400   0.3994333737E+003   0.5666263209E+000
    828500   0.3994333287E+003   0.5666712886E+000
    828600   0.3994332870E+003   0.5667129907E+000
    828700   0.3994332279E+003   0.5667720914E+000
    828800   0.3994331837E+003   0.5668163113E+000
    828900   0.3994331596E+003   0.5668404014E+000
    829000   0.3994331055E+003   0.5668945242E+000
    829100   0.3994330810E+003   0.5669190421E+000
    829200   0.3994330407E+003   0.5669593238E+000
    829300   0.3994330059E+003   0.5669941289E+000
    829400   0.3994329683E+003   0.5670316718E+000
    829500   0.3994329293E+003   0.5670706611E+000
    829600   0.3994328894E+003   0.5671106186E+000
    829700   0.3994328506E+003   0.5671494141E+000
    829800   0.3994328036E+003   0.5671963642E+000
    829900   0.3994327559E+003   0.5672441229E+000
    830000   0.3994327137E+003   0.5672862787E+000
    830100   0.3994326626E+003   0.5673373601E+000
    830200   0.3994326227E+003   0.5673772580E+000
    830300   0.3994325888E+003   0.5674112363E+000
    830400   0.3994325652E+003   0.5674348132E+000
    830500   0.3994327122E+003   0.5672878015E+000
    830600   0.3994328606E+003   0.5671394004E+000
    830700   0.3994330762E+003   0.5669238205E+000
    830800   0.3994332124E+003   0.5667876241E+000
    830900   0.3994333856E+003   0.5666144033E+000
    831000   0.3994335473E+003   0.5664526960E+000
    831100   0.3994336877E+003   0.5663122539E+000
    831200   0.3994336969E+003   0.5663031284E+000
    831300   0.3994336720E+003   0.5663280148E+000
    831400   0.3994336333E+003   0.5663666566E+000
    831500   0.3994335931E+003   0.5664069311E+000
    831600   0.3994335811E+003   0.5664188872E+000
    831700   0.3994335496E+003   0.5664504307E+000
    831800   0.3994335016E+003   0.5664983509E+000
    831900   0.3994334738E+003   0.5665261750E+000
    832000   0.3994334422E+003   0.5665577615E+000
    832100   0.3994333757E+003   0.5666242814E+000
    832200   0.3994333387E+003   0.5666612929E+000
    832300   0.3994333021E+003   0.5666978941E+000
    832400   0.3994332560E+003   0.5667439853E+000
    832500   0.3994332025E+003   0.5667974793E+000
    832600   0.3994331604E+003   0.5668395890E+000
    832700   0.3994331109E+003   0.5668890931E+000
    832800   0.3994330628E+003   0.5669371794E+000
    832900   0.3994330139E+003   0.5669861151E+000
    833000   0.3994329651E+003   0.5670348594E+000
    833100   0.3994329064E+003   0.5670935770E+000
    833200   0.3994328626E+003   0.5671373793E+000
    833300   0.3994328057E+003   0.5671942786E+000
    833400   0.3994327515E+003   0.5672484721E+000
    833500   0.3994327094E+003   0.5672906285E+000
    833600   0.3994326663E+003   0.5673337237E+000
    833700   0.3994326397E+003   0.5673603044E+000
    833800   0.3994325989E+003   0.5674011318E+000
    833900   0.3994325594E+003   0.5674405905E+000
    834000   0.3994325097E+003   0.5674903376E+000
    834100   0.3994324652E+003   0.5675347755E+000
    834200   0.3994324272E+003   0.5675727698E+000
    834300   0.3994323446E+003   0.5676553643E+000
    834400   0.3994323131E+003   0.5676869213E+000
    834500   0.3994322183E+003   0.5677816544E+000
    834600   0.3994321945E+003   0.5678055337E+000
    834700   0.3994321315E+003   0.5678685473E+000
    834800   0.3994320626E+003   0.5679373760E+000
    834900   0.3994320004E+003   0.5679996420E+000
    835000   0.3994319231E+003   0.5680769120E+000
    835100   0.3994318545E+003   0.5681455377E+000
    835200   0.3994317547E+003   0.5682453283E+000
    835300   0.3994316853E+003   0.5683146853E+000
    835400   0.3994315681E+003   0.5684318771E+000
    835500   0.3994315179E+003   0.5684821466E+000
    835600   0.3994314226E+003   0.5685773870E+000
    835700   0.3994313428E+003   0.5686571777E+000
    835800   0.3994312824E+003   0.5687175753E+000
    835900   0.3994312141E+003   0.5687858960E+000
    836000   0.3994311606E+003   0.5688394110E+000
    836100   0.3994311035E+003   0.5688965293E+000
    836200   0.3994310299E+003   0.5689700739E+000
    836300   0.3994309604E+003   0.5690395672E+000
    836400   0.3994308731E+003   0.5691268629E+000
    836500   0.3994308289E+003   0.5691711458E+000
    836600   0.3994307573E+003   0.5692426882E+000
    836700   0.3994306662E+003   0.5693337761E+000
    836800   0.3994305816E+003   0.5694184241E+000
    836900   0.3994304954E+003   0.5695046075E+000
    837000   0.3994304458E+003   0.5695542123E+000
    837100   0.3994303474E+003   0.5696525702E+000
    837200   0.3994302481E+003   0.5697519124E+000
    837300   0.3994301816E+003   0.5698184068E+000
    837400   0.3994300945E+003   0.5699054546E+000
    837500   0.3994300243E+003   0.5699756762E+000
    837600   0.3994299212E+003   0.5700788056E+000
    837700   0.3994298359E+003   0.5701640974E+000
    837800   0.3994297807E+003   0.5702193465E+000
    837900   0.3994297385E+003   0.5702614849E+000
    838000   0.3994296909E+003   0.5703091004E+000
    838100   0.3994296447E+003   0.5703553234E+000
    838200   0.3994296084E+003   0.5703915973E+000
    838300   0.3994295614E+003   0.5704385637E+000
    838400   0.3994295209E+003   0.5704791371E+000
    838500   0.3994294839E+003   0.5705161074E+000
    838600   0.3994294547E+003   0.5705453081E+000
    838700   0.3994294057E+003   0.5705942607E+000
    838800   0.3994293750E+003   0.5706249727E+000
    838900   0.3994293341E+003   0.5706658765E+000
    839000   0.3994292932E+003   0.5707068216E+000
    839100   0.3994292440E+003   0.5707560171E+000
    839200   0.3994292109E+003   0.5707890614E+000
    839300   0.3994291642E+003   0.5708357981E+000
    839400   0.3994291217E+003   0.5708783288E+000
    839500   0.3994290817E+003   0.5709183444E+000
    839600   0.3994290304E+003   0.5709696041E+000
    839700   0.3994289818E+003   0.5710181672E+000
    839800   0.3994289252E+003   0.5710747531E+000
    839900   0.3994288887E+003   0.5711112511E+000
    840000   0.3994288216E+003   0.5711783817E+000
    840100   0.3994287717E+003   0.5712283493E+000
    840200   0.3994287316E+003   0.5712684459E+000
    840300   0.3994286952E+003   0.5713048197E+000
    840400   0.3994286403E+003   0.5713597164E+000
    840500   0.3994286024E+003   0.5713975695E+000
    840600   0.3994285586E+003   0.5714414254E+000
    840700   0.3994285210E+003   0.5714789773E+000
    840800   0.3994285633E+003   0.5714366942E+000
    840900   0.3994287540E+003   0.5712460013E+000
    841000   0.3994289509E+003   0.5710491334E+000
    841100   0.3994291656E+003   0.5708343971E+000
    841200   0.3994293869E+003   0.5706130667E+000
    841300   0.3994295864E+003   0.5704135635E+000
    841400   0.3994297829E+003   0.5702170991E+000
    841500   0.3994299672E+003   0.5700328100E+000
    841600   0.3994301618E+003   0.5698381767E+000
    841700   0.3994303457E+003   0.5696542665E+000
    841800   0.3994305647E+003   0.5694352862E+000
    841900   0.3994307766E+003   0.5692233985E+000
    842000   0.3994309800E+003   0.5690200088E+000
    842100   0.3994311393E+003   0.5688607022E+000
    842200   0.3994313118E+003   0.5686882193E+000
    842300   0.3994315150E+003   0.5684849838E+000
    842400   0.3994317166E+003   0.5682833863E+000
    842500   0.3994318865E+003   0.5681135396E+000
    842600   0.3994320653E+003   0.5679347142E+000
    842700   0.3994322503E+003   0.5677497115E+000
    842800   0.3994324304E+003   0.5675695712E+000
    842900   0.3994326214E+003   0.5673785994E+000
    843000   0.3994327829E+003   0.5672171157E+000
    843100   0.3994330003E+003   0.5669997242E+000
    843200   0.3994331833E+003   0.5668167087E+000
    843300   0.3994333497E+003   0.5666503124E+000
    843400   0.3994334945E+003   0.5665055196E+000
    843500   0.3994336792E+003   0.5663208447E+000
    843600   0.3994338715E+003   0.5661285064E+000
    843700   0.3994340564E+003   0.5659435926E+000
    843800   0.3994342302E+003   0.5657698262E+000
    843900   0.3994344241E+003   0.5655759469E+000
    844000   0.3994346286E+003   0.5653714316E+000
    844100   0.3994348390E+003   0.5651609983E+000
    844200   0.3994350370E+003   0.5649630234E+000
    844300   0.3994352457E+003   0.5647543286E+000
    844400   0.3994354481E+003   0.5645519147E+000
    844500   0.3994356467E+003   0.5643532770E+000
    844600   0.3994358508E+003   0.5641492175E+000
    844700   0.3994360445E+003   0.5639555273E+000
    844800   0.3994362310E+003   0.5637690318E+000
    844900   0.3994364478E+003   0.5635522230E+000
    845000   0.3994366375E+003   0.5633624691E+000
    845100   0.3994368370E+003   0.5631629712E+000
    845200   0.3994370331E+003   0.5629668653E+000
    845300   0.3994372318E+003   0.5627682398E+000
    845400   0.3994374281E+003   0.5625718951E+000
    845500   0.3994376025E+003   0.5623974731E+000
    845600   0.3994377884E+003   0.5622116148E+000
    845700   0.3994379359E+003   0.5620640502E+000
    845800   0.3994381502E+003   0.5618498443E+000
    845900   0.3994383286E+003   0.5616713945E+000
    846000   0.3994384920E+003   0.5615079763E+000
    846100   0.3994386803E+003   0.5613196989E+000
    846200   0.3994388767E+003   0.5611232518E+000
    846300   0.3994390827E+003   0.5609172926E+000
    846400   0.3994392772E+003   0.5607227543E+000
    846500   0.3994394847E+003   0.5605152996E+000
    846600   0.3994396715E+003   0.5603285051E+000
    846700   0.3994398590E+003   0.5601409575E+000
    846800   0.3994400158E+003   0.5599842057E+000
    846900   0.3994402157E+003   0.5597843046E+000
    847000   0.3994404192E+003   0.5595807968E+000
    847100   0.3994406235E+003   0.5593765457E+000
    847200   0.3994407192E+003   0.5592808482E+000
    847300   0.3994409139E+003   0.5590861003E+000
    847400   0.3994411111E+003   0.5588888506E+000
    847500   0.3994413169E+003   0.5586831045E+000
    847600   0.3994415001E+003   0.5584998696E+000
    847700   0.3994416110E+003   0.5583890258E+000
    847800   0.3994417501E+003   0.5582498726E+000
    847900   0.3994419303E+003   0.5580697212E+000
    848000   0.3994421088E+003   0.5578911684E+000
    848100   0.3994422916E+003   0.5577083517E+000
    848200   0.3994423560E+003   0.5576440001E+000
    848300   0.3994423983E+003   0.5576017145E+000
    848400   0.3994425238E+003   0.5574762219E+000
    848500   0.3994425702E+003   0.5574297553E+000
    848600   0.3994425325E+003   0.5574674934E+000
    848700   0.3994424975E+003   0.5575025393E+000
    848800   0.3994424589E+003   0.5575410985E+000
    848900   0.3994424132E+003   0.5575867601E+000
    849000   0.3994423624E+003   0.5576375572E+000
    849100   0.3994423269E+003   0.5576731359E+000
    849200   0.3994422819E+003   0.5577180696E+000
    849300   0.3994422450E+003   0.5577550325E+000
    849400   0.3994421920E+003   0.5578080444E+000
    849500   0.3994421503E+003   0.5578497306E+000
    849600   0.3994421124E+003   0.5578876012E+000
    849700   0.3994420798E+003   0.5579202370E+000
    849800   0.3994420269E+003   0.5579731038E+000
    849900   0.3994419846E+003   0.5580154287E+000
    850000   0.3994419413E+003   0.5580587053E+000
    850100   0.3994419078E+003   0.5580921610E+000
    850200   0.3994418849E+003   0.5581150810E+000
    850300   0.3994418202E+003   0.5581797855E+000
    850400   0.3994417726E+003   0.5582273751E+000
    850500   0.3994417272E+003   0.5582727584E+000
    850600   0.3994416839E+003   0.5583161075E+000
    850700   0.3994416391E+003   0.5583608879E+000
    850800   0.3994417808E+003   0.5582191859E+000
    850900   0.3994419855E+003   0.5580144586E+000
    851000   0.3994421917E+003   0.5578083428E+000
    851100   0.3994422301E+003   0.5577698753E+000
    851200   0.3994421814E+003   0.5578185912E+000
    851300   0.3994421396E+003   0.5578603665E+000
    851400   0.3994421031E+003   0.5578969180E+000
    851500   0.3994420577E+003   0.5579422922E+000
    851600   0.3994420110E+003   0.5579889637E+000
    851700   0.3994419845E+003   0.5580155080E+000
    851800   0.3994419436E+003   0.5580563585E+000
    851900   0.3994419307E+003   0.5580692740E+000
    852000   0.3994419251E+003   0.5580748710E+000
    852100   0.3994420306E+003   0.5579693508E+000
    852200   0.3994421294E+003   0.5578706255E+000
    852300   0.3994423302E+003   0.5576697963E+000
    852400   0.3994425152E+003   0.5574847783E+000
    852500   0.3994426838E+003   0.5573162088E+000
    852600   0.3994428586E+003   0.5571414298E+000
    852700   0.3994430675E+003   0.5569325051E+000
    852800   0.3994432655E+003   0.5567344983E+000
    852900   0.3994434556E+003   0.5565443800E+000
    853000   0.3994436643E+003   0.5563356661E+000
    853100   0.3994438741E+003   0.5561259353E+000
    853200   0.3994440778E+003   0.5559222342E+000
    853300   0.3994442859E+003   0.5557141143E+000
    853400   0.3994444862E+003   0.5555137501E+000
    853500   0.3994446850E+003   0.5553149906E+000
    853600   0.3994448791E+003   0.5551209191E+000
    853700   0.3994450829E+003   0.5549170626E+000
    853800   0.3994452727E+003   0.5547272880E+000
    853900   0.3994454502E+003   0.5545498032E+000
    854000   0.3994456380E+003   0.5543619729E+000
    854100   0.3994458168E+003   0.5541831955E+000
    854200   0.3994459969E+003   0.5540031130E+000
    854300   0.3994461378E+003   0.5538622165E+000
    854400   0.3994463047E+003   0.5536952574E+000
    854500   0.3994464567E+003   0.5535433310E+000
    854600   0.3994465913E+003   0.5534087393E+000
    854700   0.3994467414E+003   0.5532585555E+000
    854800   0.3994468036E+003   0.5531963606E+000
    854900   0.3994467689E+003   0.5532310550E+000
    855000   0.3994467389E+003   0.5532611000E+000
    855100   0.3994466957E+003   0.5533042662E+000
    855200   0.3994466560E+003   0.5533439597E+000
    855300   0.3994466117E+003   0.5533882700E+000
    855400   0.3994465620E+003   0.5534380245E+000
    855500   0.3994465277E+003   0.5534723077E+000
    855600   0.3994464829E+003   0.5535170682E+000
    855700   0.3994465254E+003   0.5534745727E+000
    855800   0.3994466421E+003   0.5533579475E+000
    855900   0.3994467411E+003   0.5532588675E+000
    856000   0.3994467136E+003   0.5532863591E+000
    856100   0.3994466480E+003   0.5533520443E+000
    856200   0.3994466114E+003   0.5533885829E+000
    856300   0.3994465768E+003   0.5534231758E+000
    856400   0.3994465257E+003   0.5534743043E+000
    856500   0.3994464918E+003   0.5535081711E+000
    856600   0.3994464538E+003   0.5535462277E+000
    856700   0.3994464088E+003   0.5535911552E+000
    856800   0.3994463707E+003   0.5536292528E+000
    856900   0.3994463231E+003   0.5536769325E+000
    857000   0.3994462828E+003   0.5537172441E+000
    857100   0.3994462521E+003   0.5537479016E+000
    857200   0.3994462152E+003   0.5537847641E+000
    857300   0.3994461242E+003   0.5538757666E+000
    857400   0.3994460959E+003   0.5539040749E+000
    857500   0.3994460628E+003   0.5539371700E+000
    857600   0.3994460240E+003   0.5539760082E+000
    857700   0.3994459845E+003   0.5540155177E+000
    857800   0.3994458958E+003   0.5541042169E+000
    857900   0.3994458307E+003   0.5541693492E+000
    858000   0.3994457678E+003   0.5542322120E+000
    858100   0.3994456583E+003   0.5543417016E+000
    858200   0.3994455808E+003   0.5544191821E+000
    858300   0.3994454882E+003   0.5545117783E+000
    858400   0.3994454074E+003   0.5545926392E+000
    858500   0.3994453034E+003   0.5546966355E+000
    858600   0.3994452151E+003   0.5547849496E+000
    858700   0.3994451742E+003   0.5548257899E+000
    858800   0.3994451231E+003   0.5548768967E+000
    858900   0.3994450317E+003   0.5549683184E+000
    859000   0.3994449522E+003   0.5550477716E+000
    859100   0.3994448786E+003   0.5551213964E+000
    859200   0.3994448102E+003   0.5551898124E+000
    859300   0.3994447272E+003   0.5552727829E+000
    859400   0.3994446885E+003   0.5553114986E+000
    859500   0.3994446375E+003   0.5553624838E+000
    859600   0.3994445783E+003   0.5554217261E+000
    859700   0.3994445384E+003   0.5554615656E+000
    859800   0.3994445104E+003   0.5554895754E+000
    859900   0.3994444756E+003   0.5555243814E+000
    860000   0.3994444467E+003   0.5555533483E+000
    860100   0.3994444135E+003   0.5555864870E+000
    860200   0.3994443772E+003   0.5556227598E+000
    860300   0.3994443387E+003   0.5556613289E+000
    860400   0.3994442814E+003   0.5557186063E+000
    860500   0.3994441805E+003   0.5558195152E+000
    860600   0.3994440687E+003   0.5559313424E+000
    860700   0.3994440007E+003   0.5559992837E+000
    860800   0.3994439205E+003   0.5560795264E+000
    860900   0.3994438710E+003   0.5561290323E+000
    861000   0.3994437947E+003   0.5562053001E+000
    861100   0.3994437521E+003   0.5562478661E+000
    861200   0.3994436743E+003   0.5563256652E+000
    861300   0.3994435436E+003   0.5564564120E+000
    861400   0.3994435121E+003   0.5564878501E+000
    861500   0.3994434689E+003   0.5565310701E+000
    861600   0.3994434786E+003   0.5565213732E+000
    861700   0.3994436097E+003   0.5563903285E+000
    861800   0.3994437510E+003   0.5562490049E+000
    861900   0.3994439300E+003   0.5560699855E+000
    862000   0.3994441024E+003   0.5558976252E+000
    862100   0.3994442812E+003   0.5557188318E+000
    862200   0.3994444531E+003   0.5555468537E+000
    862300   0.3994445880E+003   0.5554119803E+000
    862400   0.3994447804E+003   0.5552196378E+000
    862500   0.3994449450E+003   0.5550550160E+000
    862600   0.3994450549E+003   0.5549450720E+000
    862700   0.3994450629E+003   0.5549371198E+000
    862800   0.3994450266E+003   0.5549733636E+000
    862900   0.3994449880E+003   0.5550119702E+000
    863000   0.3994449499E+003   0.5550501255E+000
    863100   0.3994449115E+003   0.5550884770E+000
    863200   0.3994448808E+003   0.5551191848E+000
    863300   0.3994448397E+003   0.5551602502E+000
    863400   0.3994447992E+003   0.5552007892E+000
    863500   0.3994447578E+003   0.5552421871E+000
    863600   0.3994447329E+003   0.5552671182E+000
    863700   0.3994446933E+003   0.5553066817E+000
    863800   0.3994446568E+003   0.5553432013E+000
    863900   0.3994446284E+003   0.5553715834E+000
    864000   0.3994445753E+003   0.5554247347E+000
    864100   0.3994445295E+003   0.5554705482E+000
    864200   0.3994444804E+003   0.5555196027E+000
    864300   0.3994444345E+003   0.5555655347E+000
    864400   0.3994443949E+003   0.5556050787E+000
    864500   0.3994443673E+003   0.5556326596E+000
    864600   0.3994443739E+003   0.5556261141E+000
    864700   0.3994445573E+003   0.5554426894E+000
    864800   0.3994447351E+003   0.5552649158E+000
    864900   0.3994448961E+003   0.5551038805E+000
    865000   0.3994450507E+003   0.5549492564E+000
    865100   0.3994452280E+003   0.5547720490E+000
    865200   0.3994453991E+003   0.5546008916E+000
    865300   0.3994454632E+003   0.5545368447E+000
    865400   0.3994454290E+003   0.5545709867E+000
    865500   0.3994453942E+003   0.5546057700E+000
    865600   0.3994453548E+003   0.5546452065E+000
    865700   0.3994453127E+003   0.5546873339E+000
    865800   0.3994454155E+003   0.5545844524E+000
    865900   0.3994455040E+003   0.5544960420E+000
    866000   0.3994456911E+003   0.5543088565E+000
    866100   0.3994458868E+003   0.5541131546E+000
    866200   0.3994460396E+003   0.5539603990E+000
    866300   0.3994462108E+003   0.5537892316E+000
    866400   0.3994463784E+003   0.5536215564E+000
    866500   0.3994465590E+003   0.5534409506E+000
    866600   0.3994467487E+003   0.5532512526E+000
    866700   0.3994469357E+003   0.5530642742E+000
    866800   0.3994470986E+003   0.5529013931E+000
    866900   0.3994472454E+003   0.5527546347E+000
    867000   0.3994473657E+003   0.5526343364E+000
    867100   0.3994475097E+003   0.5524903078E+000
    867200   0.3994476819E+003   0.5523181303E+000
    867300   0.3994478500E+003   0.5521500317E+000
    867400   0.3994480286E+003   0.5519713587E+000
    867500   0.3994482255E+003   0.5517745482E+000
    867600   0.3994484278E+003   0.5515722119E+000
    867700   0.3994486183E+003   0.5513817253E+000
    867800   0.3994488109E+003   0.5511891384E+000
    867900   0.3994489536E+003   0.5510464312E+000
    868000   0.3994491196E+003   0.5508804427E+000
    868100   0.3994493108E+003   0.5506891709E+000
    868200   0.3994494834E+003   0.5505166157E+000
    868300   0.3994496506E+003   0.5503493757E+000
    868400   0.3994496935E+003   0.5503065089E+000
    868500   0.3994496347E+003   0.5503652662E+000
    868600   0.3994495841E+003   0.5504159397E+000
    868700   0.3994495550E+003   0.5504449876E+000
    868800   0.3994495159E+003   0.5504841338E+000
    868900   0.3994494698E+003   0.5505301907E+000
    869000   0.3994494252E+003   0.5505748353E+000
    869100   0.3994493684E+003   0.5506315860E+000
    869200   0.3994493284E+003   0.5506716335E+000
    869300   0.3994492899E+003   0.5507101033E+000
    869400   0.3994492415E+003   0.5507585272E+000
    869500   0.3994491901E+003   0.5508099082E+000
    869600   0.3994491589E+003   0.5508411418E+000
    869700   0.3994491143E+003   0.5508857327E+000
    869800   0.3994490793E+003   0.5509206613E+000
    869900   0.3994490465E+003   0.5509535010E+000
    870000   0.3994490097E+003   0.5509902646E+000
    870100   0.3994489684E+003   0.5510315543E+000
    870200   0.3994489172E+003   0.5510827581E+000
    870300   0.3994488576E+003   0.5511423667E+000
    870400   0.3994488135E+003   0.5511865068E+000
    870500   0.3994487756E+003   0.5512243534E+000
    870600   0.3994487439E+003   0.5512561480E+000
    870700   0.3994487190E+003   0.5512810145E+000
    870800   0.3994486870E+003   0.5513129984E+000
    870900   0.3994486495E+003   0.5513505388E+000
    871000   0.3994486141E+003   0.5513859184E+000
    871100   0.3994485767E+003   0.5514233107E+000
    871200   0.3994485319E+003   0.5514680831E+000
    871300   0.3994484965E+003   0.5515035143E+000
    871400   0.3994484389E+003   0.5515610667E+000
    871500   0.3994484056E+003   0.5515944130E+000
    871600   0.3994483600E+003   0.5516400168E+000
    871700   0.3994483263E+003   0.5516736941E+000
    871800   0.3994482817E+003   0.5517182752E+000
    871900   0.3994482546E+003   0.5517453524E+000
    872000   0.3994482188E+003   0.5517811865E+000
    872100   0.3994481720E+003   0.5518280035E+000
    872200   0.3994481435E+003   0.5518564932E+000
    872300   0.3994481034E+003   0.5518966421E+000
    872400   0.3994480520E+003   0.5519480314E+000
    872500   0.3994480014E+003   0.5519985999E+000
    872600   0.3994480640E+003   0.5519360103E+000
    872700   0.3994482330E+003   0.5517669798E+000
    872800   0.3994484220E+003   0.5515779609E+000
    872900   0.3994485948E+003   0.5514052448E+000
    873000   0.3994487298E+003   0.5512701852E+000
    873100   0.3994488803E+003   0.5511196718E+000
    873200   0.3994490230E+003   0.5509769910E+000
    873300   0.3994492262E+003   0.5507738326E+000
    873400   0.3994493897E+003   0.5506102960E+000
    873500   0.3994495938E+003   0.5504062074E+000
    873600   0.3994497750E+003   0.5502249911E+000
    873700   0.3994498990E+003   0.5501010415E+000
    873800   0.3994500670E+003   0.5499330058E+000
    873900   0.3994502408E+003   0.5497591664E+000
    874000   0.3994504123E+003   0.5495877094E+000
    874100   0.3994505743E+003   0.5494257064E+000
    874200   0.3994507453E+003   0.5492547206E+000
    874300   0.3994509034E+003   0.5490965544E+000
    874400   0.3994510829E+003   0.5489171450E+000
    874500   0.3994512587E+003   0.5487413228E+000
    874600   0.3994514253E+003   0.5485746956E+000
    874700   0.3994515934E+003   0.5484066171E+000
    874800   0.3994517698E+003   0.5482301601E+000
    874900   0.3994519577E+003   0.5480422569E+000
    875000   0.3994521478E+003   0.5478522190E+000
    875100   0.3994523331E+003   0.5476669225E+000
    875200   0.3994525052E+003   0.5474948266E+000
    875300   0.3994526040E+003   0.5473959500E+000
    875400   0.3994527604E+003   0.5472395668E+000
    875500   0.3994529312E+003   0.5470687559E+000
    875600   0.3994531182E+003   0.5468817863E+000
    875700   0.3994533022E+003   0.5466978169E+000
    875800   0.3994534968E+003   0.5465032361E+000
    875900   0.3994536976E+003   0.5463024151E+000
    876000   0.3994538837E+003   0.5461162672E+000
    876100   0.3994540251E+003   0.5459748683E+000
    876200   0.3994542048E+003   0.5457951632E+000
    876300   0.3994543886E+003   0.5456113939E+000
    876400   0.3994545769E+003   0.5454231365E+000
    876500   0.3994547568E+003   0.5452432440E+000
    876600   0.3994549578E+003   0.5450422044E+000
    876700   0.3994551327E+003   0.5448673411E+000
    876800   0.3994553197E+003   0.5446802669E+000
    876900   0.3994555022E+003   0.5444977502E+000
    877000   0.3994556533E+003   0.5443467227E+000
    877100   0.3994558375E+003   0.5441624585E+000
    877200   0.3994560289E+003   0.5439710556E+000
    877300   0.3994562144E+003   0.5437855530E+000
    877400   0.3994564047E+003   0.5435952681E+000
    877500   0.3994565583E+003   0.5434417348E+000
    877600   0.3994567368E+003   0.5432631985E+000
    877700   0.3994569224E+003   0.5430776325E+000
    877800   0.3994571071E+003   0.5428929343E+000
    877900   0.3994572529E+003   0.5427471374E+000
    878000   0.3994574144E+003   0.5425856356E+000
    878100   0.3994575806E+003   0.5424193978E+000
    878200   0.3994577057E+003   0.5422943387E+000
    878300   0.3994578950E+003   0.5421049998E+000
    878400   0.3994580661E+003   0.5419339431E+000
    878500   0.3994582521E+003   0.5417479361E+000
    878600   0.3994584314E+003   0.5415685954E+000
    878700   0.3994586280E+003   0.5413719607E+000
    878800   0.3994588212E+003   0.5411787741E+000
    878900   0.3994590073E+003   0.5409927110E+000
    879000   0.3994591903E+003   0.5408096510E+000
    879100   0.3994592965E+003   0.5407035021E+000
    879200   0.3994592678E+003   0.5407321789E+000
    879300   0.3994592125E+003   0.5407874975E+000
    879400   0.3994591571E+003   0.5408429486E+000
    879500   0.3994590890E+003   0.5409109830E+000
    879600   0.3994590552E+003   0.5409447863E+000
    879700   0.3994590193E+003   0.5409806911E+000
    879800   0.3994589653E+003   0.5410347368E+000
    879900   0.3994589368E+003   0.5410632426E+000
    880000   0.3994588821E+003   0.5411179358E+000
    880100   0.3994588025E+003   0.5411974847E+000
    880200   0.3994587446E+003   0.5412554025E+000
    880300   0.3994586690E+003   0.5413310480E+000
    880400   0.3994585927E+003   0.5414073265E+000
    880500   0.3994585219E+003   0.5414780868E+000
    880600   0.3994584551E+003   0.5415449088E+000
    880700   0.3994583889E+003   0.5416111103E+000
    880800   0.3994582920E+003   0.5417079940E+000
    880900   0.3994582447E+003   0.5417552688E+000
    881000   0.3994582027E+003   0.5417972956E+000
    881100   0.3994581648E+003   0.5418351981E+000
    881200   0.3994581135E+003   0.5418864851E+000
    881300   0.3994580627E+003   0.5419372870E+000
    881400   0.3994580320E+003   0.5419679925E+000
    881500   0.3994579800E+003   0.5420199937E+000
    881600   0.3994579394E+003   0.5420605933E+000
    881700   0.3994579072E+003   0.5420928496E+000
    881800   0.3994578660E+003   0.5421340401E+000
    881900   0.3994578249E+003   0.5421751193E+000
    882000   0.3994577896E+003   0.5422103785E+000
    882100   0.3994577588E+003   0.5422411687E+000
    882200   0.3994577102E+003   0.5422898463E+000
    882300   0.3994576559E+003   0.5423441053E+000
    882400   0.3994576268E+003   0.5423731541E+000
    882500   0.3994575914E+003   0.5424085502E+000
    882600   0.3994575483E+003   0.5424516755E+000
    882700   0.3994575052E+003   0.5424948403E+000
    882800   0.3994574796E+003   0.5425204479E+000
    882900   0.3994574497E+003   0.5425502890E+000
    883000   0.3994574048E+003   0.5425951608E+000
    883100   0.3994573641E+003   0.5426358740E+000
    883200   0.3994573191E+003   0.5426808983E+000
    883300   0.3994572864E+003   0.5427136021E+000
    883400   0.3994572459E+003   0.5427540863E+000
    883500   0.3994572086E+003   0.5427913890E+000
    883600   0.3994571641E+003   0.5428359107E+000
    883700   0.3994571231E+003   0.5428768530E+000
    883800   0.3994571280E+003   0.5428720343E+000
    883900   0.3994570914E+003   0.5429085729E+000
    884000   0.3994570538E+003   0.5429462392E+000
    884100   0.3994570096E+003   0.5429903592E+000
    884200   0.3994569771E+003   0.5430228904E+000
    884300   0.3994569557E+003   0.5430442998E+000
    884400   0.3994569816E+003   0.5430184302E+000
    884500   0.3994571450E+003   0.5428550224E+000
    884600   0.3994573295E+003   0.5426705320E+000
    884700   0.3994575049E+003   0.5424951334E+000
    884800   0.3994576813E+003   0.5423187442E+000
    884900   0.3994578552E+003   0.5421448050E+000
    885000   0.3994580283E+003   0.5419716944E+000
    885100   0.3994582132E+003   0.5417868368E+000
    885200   0.3994584130E+003   0.5415869525E+000
    885300   0.3994585977E+003   0.5414023393E+000
    885400   0.3994587824E+003   0.5412175683E+000
    885500   0.3994589431E+003   0.5410568578E+000
    885600   0.3994590660E+003   0.5409339547E+000
    885700   0.3994592182E+003   0.5407818276E+000
    885800   0.3994593186E+003   0.5406813739E+000
    885900   0.3994594670E+003   0.5405330012E+000
    886000   0.3994596458E+003   0.5403541771E+000
    886100   0.3994598193E+003   0.5401806788E+000
    886200   0.3994600163E+003   0.5399837387E+000
    886300   0.3994602015E+003   0.5397984519E+000
    886400   0.3994603760E+003   0.5396240370E+000
    886500   0.3994605510E+003   0.5394489568E+000
    886600   0.3994607221E+003   0.5392778819E+000
    886700   0.3994608963E+003   0.5391037247E+000
    886800   0.3994610536E+003   0.5389464111E+000
    886900   0.3994612401E+003   0.5387598564E+000
    887000   0.3994614165E+003   0.5385835129E+000
    887100   0.3994615895E+003   0.5384105475E+000
    887200   0.3994617665E+003   0.5382335035E+000
    887300   0.3994619211E+003   0.5380789312E+000
    887400   0.3994621001E+003   0.5378998596E+000
    887500   0.3994622758E+003   0.5377241837E+000
    887600   0.3994624532E+003   0.5375467989E+000
    887700   0.3994626384E+003   0.5373616439E+000
    887800   0.3994627977E+003   0.5372023035E+000
    887900   0.3994629403E+003   0.5370596625E+000
    888000   0.3994631019E+003   0.5368981036E+000
    888100   0.3994631743E+003   0.5368256880E+000
    888200   0.3994631327E+003   0.5368672660E+000
    888300   0.3994631227E+003   0.5368773390E+000
    888400   0.3994632729E+003   0.5367271300E+000
    888500   0.3994634265E+003   0.5365734851E+000
    888600   0.3994636019E+003   0.5363980743E+000
    888700   0.3994637807E+003   0.5362192669E+000
    888800   0.3994639422E+003   0.5360578297E+000
    888900   0.3994641040E+003   0.5358960355E+000
    889000   0.3994642663E+003   0.5357336672E+000
    889100   0.3994644306E+003   0.5355693817E+000
    889200   0.3994646051E+003   0.5353949479E+000
    889300   0.3994647585E+003   0.5352414649E+000
    889400   0.3994649181E+003   0.5350818573E+000
    889500   0.3994650805E+003   0.5349194673E+000
    889600   0.3994652542E+003   0.5347458004E+000
    889700   0.3994654248E+003   0.5345752098E+000
    889800   0.3994656085E+003   0.5343915472E+000
    889900   0.3994657841E+003   0.5342158640E+000
    890000   0.3994659633E+003   0.5340367493E+000
    890100   0.3994661335E+003   0.5338665341E+000
    890200   0.3994663071E+003   0.5336928670E+000
    890300   0.3994664692E+003   0.5335308039E+000
    890400   0.3994666395E+003   0.5333605290E+000
    890500   0.3994667867E+003   0.5332133317E+000
    890600   0.3994669562E+003   0.5330438112E+000
    890700   0.3994671233E+003   0.5328767234E+000
    890800   0.3994672900E+003   0.5327100334E+000
    890900   0.3994674459E+003   0.5325540679E+000
    891000   0.3994676051E+003   0.5323948940E+000
    891100   0.3994677628E+003   0.5322371768E+000
    891200   0.3994679347E+003   0.5320653324E+000
    891300   0.3994681163E+003   0.5318836701E+000
    891400   0.3994683018E+003   0.5316982168E+000
    891500   0.3994684734E+003   0.5315266098E+000
    891600   0.3994686542E+003   0.5313458348E+000
    891700   0.3994688319E+003   0.5311680581E+000
    891800   0.3994689722E+003   0.5310277910E+000
    891900   0.3994691443E+003   0.5308557415E+000
    892000   0.3994693118E+003   0.5306882389E+000
    892100   0.3994694613E+003   0.5305386638E+000
    892200   0.3994696033E+003   0.5303966641E+000
    892300   0.3994697678E+003   0.5302322031E+000
    892400   0.3994699167E+003   0.5300833272E+000
    892500   0.3994700853E+003   0.5299146532E+000
    892600   0.3994702641E+003   0.5297358807E+000
    892700   0.3994704022E+003   0.5295977860E+000
    892800   0.3994705613E+003   0.5294387147E+000
    892900   0.3994707329E+003   0.5292671048E+000
    893000   0.3994708822E+003   0.5291177838E+000
    893100   0.3994710575E+003   0.5289424740E+000
    893200   0.3994712243E+003   0.5287756521E+000
    893300   0.3994713770E+003   0.5286229944E+000
    893400   0.3994714971E+003   0.5285028890E+000
    893500   0.3994716600E+003   0.5283399673E+000
    893600   0.3994718113E+003   0.5281887402E+000
    893700   0.3994719581E+003   0.5280418904E+000
    893800   0.3994721292E+003   0.5278707660E+000
    893900   0.3994722888E+003   0.5277111572E+000
    894000   0.3994724104E+003   0.5275896026E+000
    894100   0.3994724128E+003   0.5275872382E+000
    894200   0.3994723684E+003   0.5276315801E+000
    894300   0.3994723192E+003   0.5276807609E+000
    894400   0.3994722867E+003   0.5277133382E+000
    894500   0.3994722238E+003   0.5277761497E+000
    894600   0.3994721269E+003   0.5278731394E+000
    894700   0.3994720613E+003   0.5279386720E+000
    894800   0.3994719976E+003   0.5280023884E+000
    894900   0.3994719073E+003   0.5280927105E+000
    895000   0.3994718580E+003   0.5281420126E+000
    895100   0.3994717748E+003   0.5282251735E+000
    895200   0.3994717027E+003   0.5282972824E+000
    895300   0.3994716571E+003   0.5283428952E+000
    895400   0.3994715778E+003   0.5284222165E+000
    895500   0.3994714674E+003   0.5285325577E+000
    895600   0.3994713834E+003   0.5286165748E+000
    895700   0.3994713373E+003   0.5286627217E+000
    895800   0.3994712577E+003   0.5287422878E+000
    895900   0.3994711951E+003   0.5288049360E+000
    896000   0.3994710991E+003   0.5289009282E+000
    896100   0.3994710292E+003   0.5289707719E+000
    896200   0.3994709576E+003   0.5290424271E+000
    896300   0.3994708838E+003   0.5291162183E+000
    896400   0.3994708112E+003   0.5291888124E+000
    896500   0.3994707606E+003   0.5292393682E+000
    896600   0.3994706831E+003   0.5293169307E+000
    896700   0.3994705891E+003   0.5294108989E+000
    896800   0.3994705337E+003   0.5294663401E+000
    896900   0.3994704462E+003   0.5295538235E+000
    897000   0.3994704143E+003   0.5295857488E+000
    897100   0.3994703452E+003   0.5296547829E+000
    897200   0.3994702650E+003   0.5297350085E+000
    897300   0.3994702041E+003   0.5297958790E+000
    897400   0.3994701424E+003   0.5298576358E+000
    897500   0.3994700620E+003   0.5299380029E+000
    897600   0.3994699962E+003   0.5300037979E+000
    897700   0.3994699513E+003   0.5300486503E+000
    897800   0.3994698561E+003   0.5301438996E+000
    897900   0.3994697769E+003   0.5302231359E+000
    898000   0.3994696800E+003   0.5303199638E+000
    898100   0.3994696531E+003   0.5303468678E+000
    898200   0.3994695815E+003   0.5304185148E+000
    898300   0.3994694783E+003   0.5305217000E+000
    898400   0.3994694261E+003   0.5305738555E+000
    898500   0.3994693389E+003   0.5306611193E+000
    898600   0.3994692306E+003   0.5307693864E+000
    898700   0.3994691705E+003   0.5308295085E+000
    898800   0.3994690714E+003   0.5309286315E+000
    898900   0.3994689543E+003   0.5310457105E+000
    899000   0.3994688637E+003   0.5311363476E+000
    899100   0.3994687924E+003   0.5312076283E+000
    899200   0.3994687159E+003   0.5312841196E+000
    899300   0.3994686231E+003   0.5313768921E+000
    899400   0.3994685287E+003   0.5314713079E+000
    899500   0.3994684712E+003   0.5315287602E+000
    899600   0.3994684036E+003   0.5315964106E+000
    899700   0.3994683267E+003   0.5316732799E+000
    899800   0.3994682520E+003   0.5317480247E+000
    899900   0.3994681800E+003   0.5318199760E+000
    900000   0.3994681373E+003   0.5318627317E+000
    900100   0.3994680392E+003   0.5319607935E+000
    900200   0.3994679839E+003   0.5320160501E+000
    900300   0.3994679452E+003   0.5320548014E+000
    900400   0.3994678871E+003   0.5321129116E+000
    900500   0.3994677662E+003   0.5322337745E+000
    900600   0.3994676875E+003   0.5323125234E+000
    900700   0.3994676151E+003   0.5323849428E+000
    900800   0.3994675529E+003   0.5324470896E+000
    900900   0.3994674949E+003   0.5325051214E+000
    901000   0.3994674215E+003   0.5325785045E+000
    901100   0.3994673398E+003   0.5326602281E+000
    901200   0.3994672598E+003   0.5327402166E+000
    901300   0.3994671684E+003   0.5328315803E+000
    901400   0.3994670697E+003   0.5329302811E+000
    901500   0.3994669742E+003   0.5330257725E+000
    901600   0.3994668741E+003   0.5331258537E+000
    901700   0.3994668029E+003   0.5331970668E+000
    901800   0.3994667615E+003   0.5332384789E+000
    901900   0.3994667187E+003   0.5332813213E+000
    902000   0.3994666820E+003   0.5333180330E+000
    902100   0.3994666469E+003   0.5333531133E+000
    902200   0.3994666222E+003   0.5333778483E+000
    902300   0.3994665980E+003   0.5334019711E+000
    902400   0.3994665614E+003   0.5334385587E+000
    902500   0.3994665151E+003   0.5334849137E+000
    902600   0.3994664982E+003   0.5335017719E+000
    902700   0.3994664533E+003   0.5335466896E+000
    902800   0.3994663994E+003   0.5336005570E+000
    902900   0.3994663042E+003   0.5336958446E+000
    903000   0.3994662464E+003   0.5337535953E+000
    903100   0.3994661631E+003   0.5338368815E+000
    903200   0.3994660737E+003   0.5339262756E+000
    903300   0.3994660043E+003   0.5339957248E+000
    903400   0.3994659424E+003   0.5340576171E+000
    903500   0.3994658795E+003   0.5341204715E+000
    903600   0.3994658096E+003   0.5341904325E+000
    903700   0.3994657363E+003   0.5342637084E+000
    903800   0.3994656486E+003   0.5343513508E+000
    903900   0.3994655953E+003   0.5344047291E+000
    904000   0.3994655119E+003   0.5344880691E+000
    904100   0.3994654500E+003   0.5345500460E+000
    904200   0.3994653693E+003   0.5346306643E+000
    904300   0.3994653264E+003   0.5346735647E+000
    904400   0.3994652307E+003   0.5347692637E+000
    904500   0.3994651784E+003   0.5348216015E+000
    904600   0.3994650982E+003   0.5349018459E+000
    904700   0.3994650434E+003   0.5349566460E+000
    904800   0.3994649924E+003   0.5350076279E+000
    904900   0.3994649387E+003   0.5350612521E+000
    905000   0.3994648633E+003   0.5351367134E+000
    905100   0.3994647655E+003   0.5352345488E+000
    905200   0.3994646713E+003   0.5353287337E+000
    905300   0.3994645928E+003   0.5354071503E+000
    905400   0.3994644946E+003   0.5355053638E+000
    905500   0.3994644482E+003   0.5355517920E+000
    905600   0.3994643843E+003   0.5356156708E+000
    905700   0.3994642746E+003   0.5357253646E+000
    905800   0.3994641940E+003   0.5358060183E+000
    905900   0.3994641423E+003   0.5358577294E+000
    906000   0.3994640720E+003   0.5359279587E+000
    906100   0.3994639950E+003   0.5360050017E+000
    906200   0.3994639362E+003   0.5360638362E+000
    906300   0.3994638789E+003   0.5361210706E+000
    906400   0.3994638353E+003   0.5361647434E+000
    906500   0.3994637634E+003   0.5362366371E+000
    906600   0.3994636870E+003   0.5363130128E+000
    906700   0.3994636373E+003   0.5363626662E+000
    906800   0.3994635930E+003   0.5364069516E+000
    906900   0.3994635492E+003   0.5364507514E+000
    907000   0.3994635108E+003   0.5364892409E+000
    907100   0.3994634636E+003   0.5365364230E+000
    907200   0.3994634304E+003   0.5365695702E+000
    907300   0.3994633804E+003   0.5366195772E+000
    907400   0.3994633415E+003   0.5366585372E+000
    907500   0.3994633767E+003   0.5366232564E+000
    907600   0.3994635466E+003   0.5364534328E+000
    907700   0.3994636960E+003   0.5363040099E+000
    907800   0.3994638756E+003   0.5361244275E+000
    907900   0.3994640520E+003   0.5359480472E+000
    908000   0.3994641859E+003   0.5358141370E+000
    908100   0.3994643503E+003   0.5356497476E+000
    908200   0.3994645253E+003   0.5354747167E+000
    908300   0.3994646605E+003   0.5353394605E+000
    908400   0.3994647918E+003   0.5352081506E+000
    908500   0.3994648415E+003   0.5351584687E+000
    908600   0.3994649944E+003   0.5350056364E+000
    908700   0.3994651653E+003   0.5348347388E+000
    908800   0.3994653267E+003   0.5346732989E+000
    908900   0.3994654892E+003   0.5345108240E+000
    909000   0.3994656531E+003   0.5343469193E+000
    909100   0.3994658134E+003   0.5341865638E+000
    909200   0.3994659778E+003   0.5340222122E+000
    909300   0.3994659376E+003   0.5340623792E+000
    909400   0.3994659288E+003   0.5340711692E+000
    909500   0.3994658942E+003   0.5341057521E+000
    909600   0.3994658672E+003   0.5341328477E+000
    909700   0.3994658319E+003   0.5341681456E+000
    909800   0.3994658226E+003   0.5341773602E+000
    909900   0.3994659806E+003   0.5340194467E+000
    910000   0.3994660807E+003   0.5339193166E+000
    910100   0.3994662326E+003   0.5337674425E+000
    910200   0.3994663512E+003   0.5336488195E+000
    910300   0.3994664334E+003   0.5335665849E+000
    910400   0.3994664404E+003   0.5335595761E+000
    910500   0.3994664197E+003   0.5335803312E+000
    910600   0.3994663996E+003   0.5336004440E+000
    910700   0.3994663642E+003   0.5336358034E+000
    910800   0.3994663356E+003   0.5336644142E+000
    910900   0.3994663167E+003   0.5336833179E+000
    911000   0.3994662815E+003   0.5337185052E+000
    911100   0.3994662551E+003   0.5337449011E+000
    911200   0.3994662179E+003   0.5337820953E+000
    911300   0.3994661792E+003   0.5338208396E+000
    911400   0.3994661263E+003   0.5338737292E+000
    911500   0.3994660924E+003   0.5339075555E+000
    911600   0.3994661003E+003   0.5338996879E+000
    911700   0.3994661857E+003   0.5338143017E+000
    911800   0.3994663301E+003   0.5336698835E+000
    911900   0.3994664963E+003   0.5335037247E+000
    912000   0.3994666631E+003   0.5333368557E+000
    912100   0.3994668415E+003   0.5331584742E+000
    912200   0.3994670094E+003   0.5329905565E+000
    912300   0.3994671564E+003   0.5328436045E+000
    912400   0.3994672606E+003   0.5327394251E+000
    912500   0.3994672360E+003   0.5327639512E+000
    912600   0.3994671952E+003   0.5328047524E+000
    912700   0.3994671445E+003   0.5328555311E+000
    912800   0.3994671044E+003   0.5328955985E+000
    912900   0.3994670658E+003   0.5329342319E+000
    913000   0.3994670337E+003   0.5329663146E+000
    913100   0.3994669964E+003   0.5330035892E+000
    913200   0.3994669533E+003   0.5330467047E+000
    913300   0.3994669349E+003   0.5330650602E+000
    913400   0.3994668953E+003   0.5331046560E+000
    913500   0.3994668494E+003   0.5331506086E+000
    913600   0.3994667844E+003   0.5332156034E+000
    913700   0.3994667039E+003   0.5332960574E+000
    913800   0.3994665961E+003   0.5334038650E+000
    913900   0.3994664817E+003   0.5335183128E+000
    914000   0.3994663923E+003   0.5336076895E+000
    914100   0.3994663485E+003   0.5336515196E+000
    914200   0.3994662485E+003   0.5337514643E+000
    914300   0.3994661813E+003   0.5338186512E+000
    914400   0.3994661300E+003   0.5338700426E+000
    914500   0.3994660424E+003   0.5339576137E+000
    914600   0.3994659954E+003   0.5340046250E+000
    914700   0.3994659504E+003   0.5340496226E+000
    914800   0.3994659175E+003   0.5340825394E+000
    914900   0.3994658829E+003   0.5341170927E+000
    915000   0.3994658541E+003   0.5341458612E+000
    915100   0.3994658187E+003   0.5341813249E+000
    915200   0.3994657862E+003   0.5342138369E+000
    915300   0.3994657498E+003   0.5342502009E+000
    915400   0.3994657169E+003   0.5342830811E+000
    915500   0.3994656706E+003   0.5343293530E+000
    915600   0.3994656307E+003   0.5343693032E+000
    915700   0.3994655899E+003   0.5344101270E+000
    915800   0.3994655673E+003   0.5344327484E+000
    915900   0.3994655059E+003   0.5344941151E+000
    916000   0.3994654351E+003   0.5345649120E+000
    916100   0.3994653415E+003   0.5346584570E+000
    916200   0.3994652607E+003   0.5347392755E+000
    916300   0.3994652190E+003   0.5347809714E+000
    916400   0.3994651843E+003   0.5348156997E+000
    916500   0.3994651479E+003   0.5348521448E+000
    916600   0.3994650977E+003   0.5349023403E+000
    916700   0.3994650528E+003   0.5349471535E+000
    916800   0.3994650242E+003   0.5349758362E+000
    916900   0.3994649892E+003   0.5350108371E+000
    917000   0.3994649507E+003   0.5350492640E+000
    917100   0.3994649186E+003   0.5350814221E+000
    917200   0.3994648822E+003   0.5351178436E+000
    917300   0.3994648561E+003   0.5351438608E+000
    917400   0.3994648154E+003   0.5351845505E+000
    917500   0.3994647643E+003   0.5352357429E+000
    917600   0.3994647176E+003   0.5352824404E+000
    917700   0.3994646762E+003   0.5353237989E+000
    917800   0.3994646414E+003   0.5353586082E+000
    917900   0.3994645858E+003   0.5354142183E+000
    918000   0.3994645505E+003   0.5354494791E+000
    918100   0.3994645114E+003   0.5354885606E+000
    918200   0.3994644699E+003   0.5355301072E+000
    918300   0.3994644309E+003   0.5355691388E+000
    918400   0.3994643915E+003   0.5356085156E+000
    918500   0.3994643575E+003   0.5356424787E+000
    918600   0.3994643027E+003   0.5356973377E+000
    918700   0.3994642676E+003   0.5357323580E+000
    918800   0.3994642238E+003   0.5357762292E+000
    918900   0.3994641976E+003   0.5358024172E+000
    919000   0.3994641696E+003   0.5358303667E+000
    919100   0.3994641286E+003   0.5358713947E+000
    919200   0.3994640785E+003   0.5359214613E+000
    919300   0.3994640333E+003   0.5359667368E+000
    919400   0.3994640125E+003   0.5359874615E+000
    919500   0.3994639775E+003   0.5360225395E+000
    919600   0.3994639379E+003   0.5360620882E+000
    919700   0.3994638969E+003   0.5361030951E+000
    919800   0.3994638680E+003   0.5361319875E+000
    919900   0.3994638048E+003   0.5361951499E+000
    920000   0.3994637565E+003   0.5362434955E+000
    920100   0.3994636891E+003   0.5363109383E+000
    920200   0.3994636196E+003   0.5363803674E+000
    920300   0.3994635540E+003   0.5364459712E+000
    920400   0.3994634934E+003   0.5365066334E+000
    920500   0.3994634200E+003   0.5365799546E+000
    920600   0.3994633248E+003   0.5366752003E+000
    920700   0.3994632289E+003   0.5367710513E+000
    920800   0.3994631690E+003   0.5368310113E+000
    920900   0.3994631122E+003   0.5368878351E+000
    921000   0.3994630527E+003   0.5369473058E+000
    921100   0.3994629898E+003   0.5370101594E+000
    921200   0.3994629081E+003   0.5370919435E+000
    921300   0.3994628388E+003   0.5371612077E+000
    921400   0.3994627857E+003   0.5372142502E+000
    921500   0.3994627135E+003   0.5372865273E+000
    921600   0.3994626399E+003   0.5373600713E+000
    921700   0.3994625279E+003   0.5374721315E+000
    921800   0.3994624356E+003   0.5375643749E+000
    921900   0.3994623334E+003   0.5376665652E+000
    922000   0.3994623109E+003   0.5376891341E+000
    922100   0.3994622499E+003   0.5377500575E+000
    922200   0.3994621911E+003   0.5378088516E+000
    922300   0.3994621240E+003   0.5378760388E+000
    922400   0.3994620225E+003   0.5379774577E+000
    922500   0.3994619415E+003   0.5380584745E+000
    922600   0.3994618743E+003   0.5381257371E+000
    922700   0.3994617821E+003   0.5382179442E+000
    922800   0.3994617495E+003   0.5382504957E+000
    922900   0.3994616065E+003   0.5383934928E+000
    923000   0.3994615640E+003   0.5384360225E+000
    923100   0.3994614906E+003   0.5385094276E+000
    923200   0.3994613643E+003   0.5386357455E+000
    923300   0.3994612470E+003   0.5387529927E+000
    923400   0.3994611879E+003   0.5388121164E+000
    923500   0.3994611383E+003   0.5388616565E+000
    923600   0.3994610476E+003   0.5389523948E+000
    923700   0.3994609200E+003   0.5390799785E+000
    923800   0.3994608282E+003   0.5391717692E+000
    923900   0.3994607594E+003   0.5392406410E+000
    924000   0.3994607208E+003   0.5392792298E+000
    924100   0.3994606453E+003   0.5393546958E+000
    924200   0.3994605692E+003   0.5394308378E+000
    924300   0.3994605050E+003   0.5394950437E+000
    924400   0.3994604397E+003   0.5395603270E+000
    924500   0.3994603751E+003   0.5396248790E+000
    924600   0.3994602720E+003   0.5397279789E+000
    924700   0.3994602004E+003   0.5397996495E+000
    924800   0.3994601403E+003   0.5398597129E+000
    924900   0.3994600931E+003   0.5399069402E+000
    925000   0.3994600297E+003   0.5399702722E+000
    925100   0.3994599192E+003   0.5400807822E+000
    925200   0.3994598436E+003   0.5401563580E+000
    925300   0.3994598151E+003   0.5401848996E+000
    925400   0.3994597508E+003   0.5402492144E+000
    925500   0.3994596538E+003   0.5403462239E+000
    925600   0.3994595418E+003   0.5404581502E+000
    925700   0.3994594531E+003   0.5405468641E+000
    925800   0.3994593656E+003   0.5406343549E+000
    925900   0.3994592756E+003   0.5407244384E+000
    926000   0.3994592274E+003   0.5407726138E+000
    926100   0.3994591399E+003   0.5408601302E+000
    926200   0.3994590489E+003   0.5409510874E+000
    926300   0.3994589709E+003   0.5410290867E+000
    926400   0.3994589013E+003   0.5410986697E+000
    926500   0.3994588248E+003   0.5411752212E+000
    926600   0.3994587851E+003   0.5412149229E+000
    926700   0.3994587572E+003   0.5412427955E+000
    926800   0.3994587313E+003   0.5412687374E+000
    926900   0.3994586898E+003   0.5413101895E+000
    927000   0.3994586525E+003   0.5413475261E+000
    927100   0.3994586201E+003   0.5413799204E+000
    927200   0.3994585799E+003   0.5414201090E+000
    927300   0.3994585248E+003   0.5414751823E+000
    927400   0.3994584879E+003   0.5415121157E+000
    927500   0.3994584572E+003   0.5415428061E+000
    927600   0.3994584178E+003   0.5415822485E+000
    927700   0.3994583781E+003   0.5416219135E+000
    927800   0.3994583311E+003   0.5416688707E+000
    927900   0.3994582921E+003   0.5417079184E+000
    928000   0.3994582568E+003   0.5417431572E+000
    928100   0.3994582117E+003   0.5417882616E+000
    928200   0.3994581747E+003   0.5418253027E+000
    928300   0.3994581351E+003   0.5418649478E+000
    928400   0.3994581090E+003   0.5418910197E+000
    928500   0.3994580650E+003   0.5419350466E+000
    928600   0.3994580169E+003   0.5419830708E+000
    928700   0.3994579767E+003   0.5420233132E+000
    928800   0.3994579452E+003   0.5420548049E+000
    928900   0.3994579043E+003   0.5420957322E+000
    929000   0.3994578702E+003   0.5421297693E+000
    929100   0.3994578561E+003   0.5421439191E+000
    929200   0.3994578347E+003   0.5421652691E+000
    929300   0.3994577975E+003   0.5422025199E+000
    929400   0.3994577726E+003   0.5422273980E+000
    929500   0.3994577314E+003   0.5422686303E+000
    929600   0.3994577067E+003   0.5422932867E+000
    929700   0.3994576777E+003   0.5423222920E+000
    929800   0.3994576490E+003   0.5423509671E+000
    929900   0.3994576119E+003   0.5423881273E+000
    930000   0.3994575768E+003   0.5424231986E+000
    930100   0.3994575274E+003   0.5424726421E+000
    930200   0.3994574987E+003   0.5425012873E+000
    930300   0.3994574613E+003   0.5425386927E+000
    930400   0.3994575421E+003   0.5424578641E+000
    930500   0.3994576885E+003   0.5423114507E+000
    930600   0.3994578622E+003   0.5421378018E+000
    930700   0.3994580057E+003   0.5419942946E+000
    930800   0.3994581433E+003   0.5418567423E+000
    930900   0.3994583021E+003   0.5416978709E+000
    931000   0.3994584655E+003   0.5415345074E+000
    931100   0.3994586338E+003   0.5413661867E+000
    931200   0.3994587852E+003   0.5412148166E+000
    931300   0.3994589456E+003   0.5410543965E+000
    931400   0.3994590919E+003   0.5409080787E+000
    931500   0.3994592619E+003   0.5407380746E+000
    931600   0.3994594376E+003   0.5405624180E+000
    931700   0.3994596073E+003   0.5403927307E+000
    931800   0.3994597446E+003   0.5402554016E+000
    931900   0.3994599197E+003   0.5400803465E+000
    932000   0.3994600492E+003   0.5399508271E+000
    932100   0.3994601547E+003   0.5398452791E+000
    932200   0.3994602923E+003   0.5397077173E+000
    932300   0.3994604575E+003   0.5395425362E+000
    932400   0.3994606357E+003   0.5393643114E+000
    932500   0.3994607911E+003   0.5392089471E+000
    932600   0.3994609750E+003   0.5390249872E+000
    932700   0.3994611594E+003   0.5388405941E+000
    932800   0.3994613336E+003   0.5386663781E+000
    932900   0.3994614846E+003   0.5385154437E+000
    933000   0.3994616368E+003   0.5383632302E+000
    933100   0.3994618088E+003   0.5381911890E+000
    933200   0.3994619902E+003   0.5380097520E+000
    933300   0.3994621525E+003   0.5378475334E+000
    933400   0.3994623220E+003   0.5376780134E+000
    933500   0.3994624971E+003   0.5375028928E+000
    933600   0.3994626580E+003   0.5373420492E+000
    933700   0.3994628341E+003   0.5371658885E+000
    933800   0.3994630044E+003   0.5369955709E+000
    933900   0.3994631741E+003   0.5368258793E+000
    934000   0.3994633511E+003   0.5366489197E+000
    934100   0.3994635160E+003   0.5364839926E+000
    934200   0.3994636923E+003   0.5363077407E+000
    934300   0.3994638547E+003   0.5361453146E+000
    934400   0.3994640230E+003   0.5359769842E+000
    934500   0.3994642015E+003   0.5357985208E+000
    934600   0.3994643719E+003   0.5356280805E+000
    934700   0.3994645474E+003   0.5354525578E+000
    934800   0.3994647211E+003   0.5352788653E+000
    934900   0.3994648904E+003   0.5351095650E+000
    935000   0.3994650649E+003   0.5349351260E+000
    935100   0.3994652187E+003   0.5347812775E+000
    935200   0.3994653767E+003   0.5346232946E+000
    935300   0.3994655422E+003   0.5344577947E+000
    935400   0.3994657112E+003   0.5342887988E+000
    935500   0.3994658723E+003   0.5341277187E+000
    935600   0.3994660255E+003   0.5339744691E+000
    935700   0.3994661898E+003   0.5338102413E+000
    935800   0.3994663556E+003   0.5336444149E+000
    935900   0.3994665121E+003   0.5334878909E+000
    936000   0.3994666410E+003   0.5333589547E+000
    936100   0.3994667944E+003   0.5332055670E+000
    936200   0.3994669106E+003   0.5330893572E+000
    936300   0.3994669390E+003   0.5330609582E+000
    936400   0.3994669056E+003   0.5330943993E+000
    936500   0.3994670346E+003   0.5329653893E+000
    936600   0.3994671829E+003   0.5328171025E+000
    936700   0.3994673112E+003   0.5326888065E+000
    936800   0.3994674462E+003   0.5325538351E+000
    936900   0.3994675820E+003   0.5324179807E+000
    937000   0.3994676946E+003   0.5323054007E+000
    937100   0.3994678529E+003   0.5321471195E+000
    937200   0.3994680133E+003   0.5319866960E+000
    937300   0.3994681258E+003   0.5318741776E+000
    937400   0.3994682691E+003   0.5317308688E+000
    937500   0.3994682360E+003   0.5317639646E+000
    937600   0.3994681995E+003   0.5318005286E+000
    937700   0.3994681496E+003   0.5318503787E+000
    937800   0.3994680727E+003   0.5319272849E+000
    937900   0.3994680101E+003   0.5319899341E+000
    938000   0.3994679570E+003   0.5320430087E+000
    938100   0.3994679164E+003   0.5320835715E+000
    938200   0.3994678340E+003   0.5321660136E+000
    938300   0.3994677632E+003   0.5322367940E+000
    938400   0.3994676842E+003   0.5323157869E+000
    938500   0.3994675911E+003   0.5324088633E+000
    938600   0.3994675628E+003   0.5324371655E+000
    938700   0.3994675275E+003   0.5324724982E+000
    938800   0.3994674818E+003   0.5325181617E+000
    938900   0.3994674432E+003   0.5325567944E+000
    939000   0.3994674212E+003   0.5325788126E+000
    939100   0.3994673793E+003   0.5326207417E+000
    939200   0.3994673368E+003   0.5326631960E+000
    939300   0.3994672927E+003   0.5327072727E+000
    939400   0.3994672608E+003   0.5327392347E+000
    939500   0.3994672140E+003   0.5327859882E+000
    939600   0.3994671819E+003   0.5328181255E+000
    939700   0.3994671467E+003   0.5328532694E+000
    939800   0.3994671029E+003   0.5328970588E+000
    939900   0.3994670708E+003   0.5329292348E+000
    940000   0.3994670223E+003   0.5329776847E+000
    940100   0.3994669815E+003   0.5330184927E+000
    940200   0.3994669372E+003   0.5330628318E+000
    940300   0.3994668893E+003   0.5331107313E+000
    940400   0.3994668549E+003   0.5331451092E+000
    940500   0.3994668138E+003   0.5331862116E+000
    940600   0.3994667656E+003   0.5332343708E+000
    940700   0.3994667261E+003   0.5332738509E+000
    940800   0.3994666948E+003   0.5333051739E+000
    940900   0.3994666492E+003   0.5333508312E+000
    941000   0.3994665998E+003   0.5334002450E+000
    941100   0.3994665592E+003   0.5334407644E+000
    941200   0.3994665194E+003   0.5334806046E+000
    941300   0.3994664898E+003   0.5335102189E+000
    941400   0.3994664409E+003   0.5335590881E+000
    941500   0.3994664047E+003   0.5335952644E+000
    941600   0.3994663573E+003   0.5336427183E+000
    941700   0.3994663475E+003   0.5336524522E+000
    941800   0.3994663335E+003   0.5336665073E+000
    941900   0.3994662776E+003   0.5337224307E+000
    942000   0.3994662275E+003   0.5337725027E+000
    942100   0.3994661891E+003   0.5338109113E+000
    942200   0.3994661613E+003   0.5338387226E+000
    942300   0.3994661309E+003   0.5338691090E+000
    942400   0.3994660978E+003   0.5339022202E+000
    942500   0.3994660686E+003   0.5339313573E+000
    942600   0.3994660335E+003   0.5339664678E+000
    942700   0.3994660057E+003   0.5339942916E+000
    942800   0.3994659666E+003   0.5340333674E+000
    942900   0.3994659208E+003   0.5340791737E+000
    943000   0.3994658486E+003   0.5341514391E+000
    943100   0.3994657639E+003   0.5342361017E+000
    943200   0.3994657032E+003   0.5342967838E+000
    943300   0.3994656249E+003   0.5343750946E+000
    943400   0.3994655735E+003   0.5344265155E+000
    943500   0.3994655300E+003   0.5344699637E+000
    943600   0.3994654646E+003   0.5345354010E+000
    943700   0.3994653956E+003   0.5346043502E+000
    943800   0.3994653407E+003   0.5346592979E+000
    943900   0.3994652854E+003   0.5347146381E+000
    944000   0.3994652489E+003   0.5347510780E+000
    944100   0.3994650959E+003   0.5349040981E+000
    944200   0.3994649627E+003   0.5350373116E+000
    944300   0.3994648035E+003   0.5351965172E+000
    944400   0.3994647387E+003   0.5352613166E+000
    944500   0.3994646201E+003   0.5353799198E+000
    944600   0.3994645129E+003   0.5354870662E+000
    944700   0.3994644188E+003   0.5355811783E+000
    944800   0.3994643494E+003   0.5356506197E+000
    944900   0.3994642626E+003   0.5357373946E+000
    945000   0.3994641928E+003   0.5358071879E+000
    945100   0.3994640947E+003   0.5359053001E+000
    945200   0.3994640436E+003   0.5359563502E+000
    945300   0.3994639679E+003   0.5360321496E+000
    945400   0.3994638916E+003   0.5361083794E+000
    945500   0.3994638273E+003   0.5361726858E+000
    945600   0.3994637847E+003   0.5362152558E+000
    945700   0.3994637302E+003   0.5362698220E+000
    945800   0.3994636355E+003   0.5363644847E+000
    945900   0.3994635438E+003   0.5364562052E+000
    946000   0.3994635023E+003   0.5364976580E+000
    946100   0.3994634026E+003   0.5365973673E+000
    946200   0.3994633305E+003   0.5366695073E+000
    946300   0.3994632778E+003   0.5367221565E+000
    946400   0.3994632215E+003   0.5367784827E+000
    946500   0.3994631321E+003   0.5368679017E+000
    946600   0.3994630688E+003   0.5369312234E+000
    946700   0.3994630128E+003   0.5369871714E+000
    946800   0.3994629550E+003   0.5370449910E+000
    946900   0.3994629170E+003   0.5370829725E+000
    947000   0.3994628235E+003   0.5371764511E+000
    947100   0.3994627846E+003   0.5372153678E+000
    947200   0.3994627351E+003   0.5372649343E+000
    947300   0.3994626503E+003   0.5373496828E+000
    947400   0.3994625906E+003   0.5374094324E+000
    947500   0.3994625448E+003   0.5374552016E+000
    947600   0.3994625101E+003   0.5374899012E+000
    947700   0.3994624604E+003   0.5375396188E+000
    947800   0.3994624197E+003   0.5375803328E+000
    947900   0.3994623821E+003   0.5376179039E+000
    948000   0.3994623357E+003   0.5376643310E+000
    948100   0.3994623062E+003   0.5376938050E+000
    948200   0.3994622522E+003   0.5377478128E+000
    948300   0.3994621855E+003   0.5378145260E+000
    948400   0.3994620997E+003   0.5379003218E+000
    948500   0.3994620219E+003   0.5379781148E+000
    948600   0.3994619694E+003   0.5380305992E+000
    948700   0.3994618867E+003   0.5381133244E+000
    948800   0.3994618348E+003   0.5381651782E+000
    948900   0.3994617405E+003   0.5382595139E+000
    949000   0.3994616334E+003   0.5383666396E+000
    949100   0.3994615772E+003   0.5384227541E+000
    949200   0.3994614934E+003   0.5385065500E+000
    949300   0.3994613856E+003   0.5386143588E+000
    949400   0.3994613419E+003   0.5386581178E+000
    949500   0.3994612973E+003   0.5387026622E+000
    949600   0.3994612347E+003   0.5387653232E+000
    949700   0.3994611638E+003   0.5388361521E+000
    949800   0.3994610666E+003   0.5389334178E+000
    949900   0.3994609439E+003   0.5390560773E+000
    950000   0.3994608827E+003   0.5391173376E+000
    950100   0.3994607907E+003   0.5392092609E+000
    950200   0.3994606932E+003   0.5393067733E+000
    950300   0.3994606599E+003   0.5393401356E+000
    950400   0.3994605551E+003   0.5394449412E+000
    950500   0.3994604507E+003   0.5395493199E+000
    950600   0.3994604033E+003   0.5395967207E+000
    950700   0.3994602842E+003   0.5397157767E+000
    950800   0.3994602452E+003   0.5397548331E+000
    950900   0.3994601373E+003   0.5398627372E+000
    951000   0.3994600294E+003   0.5399705950E+000
    951100   0.3994599635E+003   0.5400364552E+000
    951200   0.3994598978E+003   0.5401021693E+000
    951300   0.3994598059E+003   0.5401940688E+000
    951400   0.3994596872E+003   0.5403127605E+000
    951500   0.3994595882E+003   0.5404118473E+000
    951600   0.3994595300E+003   0.5404700372E+000
    951700   0.3994594024E+003   0.5405975665E+000
    951800   0.3994593782E+003   0.5406217842E+000
    951900   0.3994592772E+003   0.5407227974E+000
    952000   0.3994591564E+003   0.5408435983E+000
    952100   0.3994591252E+003   0.5408747650E+000
    952200   0.3994590279E+003   0.5409721315E+000
    952300   0.3994589473E+003   0.5410526797E+000
    952400   0.3994587913E+003   0.5412087016E+000
    952500   0.3994586729E+003   0.5413271438E+000
    952600   0.3994585789E+003   0.5414211098E+000
    952700   0.3994584895E+003   0.5415105365E+000
    952800   0.3994584125E+003   0.5415875015E+000
    952900   0.3994583825E+003   0.5416174950E+000
    953000   0.3994583095E+003   0.5416905228E+000
    953100   0.3994582169E+003   0.5417831351E+000
    953200   0.3994581422E+003   0.5418577553E+000
    953300   0.3994580279E+003   0.5419720896E+000
    953400   0.3994579628E+003   0.5420372261E+000
    953500   0.3994578118E+003   0.5421882023E+000
    953600   0.3994577055E+003   0.5422944701E+000
    953700   0.3994575997E+003   0.5424003333E+000
    953800   0.3994574161E+003   0.5425839222E+000
    953900   0.3994573651E+003   0.5426348910E+000
    954000   0.3994573008E+003   0.5426992441E+000
    954100   0.3994572017E+003   0.5427983338E+000
    954200   0.3994570845E+003   0.5429155036E+000
    954300   0.3994570185E+003   0.5429814632E+000
    954400   0.3994569489E+003   0.5430510911E+000
    954500   0.3994568749E+003   0.5431250859E+000
    954600   0.3994568218E+003   0.5431782265E+000
    954700   0.3994566831E+003   0.5433169372E+000
    954800   0.3994565893E+003   0.5434107191E+000
    954900   0.3994565242E+003   0.5434757833E+000
    955000   0.3994564217E+003   0.5435783225E+000
    955100   0.3994562973E+003   0.5437027267E+000
    955200   0.3994561647E+003   0.5438352925E+000
    955300   0.3994561064E+003   0.5438935593E+000
    955400   0.3994559579E+003   0.5440421020E+000
    955500   0.3994558940E+003   0.5441059828E+000
    955600   0.3994558177E+003   0.5441823483E+000
    955700   0.3994557826E+003   0.5442173554E+000
    955800   0.3994556607E+003   0.5443392919E+000
    955900   0.3994556077E+003   0.5443922719E+000
    956000   0.3994555107E+003   0.5444892773E+000
    956100   0.3994554210E+003   0.5445790192E+000
    956200   0.3994552996E+003   0.5447003540E+000
    956300   0.3994552058E+003   0.5447942045E+000
    956400   0.3994550981E+003   0.5449019155E+000
    956500   0.3994550246E+003   0.5449753635E+000
    956600   0.3994549342E+003   0.5450658237E+000
    956700   0.3994548447E+003   0.5451553034E+000
    956800   0.3994547556E+003   0.5452443843E+000
    956900   0.3994546403E+003   0.5453596691E+000
    957000   0.3994546126E+003   0.5453873658E+000
    957100   0.3994544862E+003   0.5455138108E+000
    957200   0.3994544269E+003   0.5455730710E+000
    957300   0.3994543169E+003   0.5456830594E+000
    957400   0.3994541912E+003   0.5458087667E+000
    957500   0.3994541095E+003   0.5458905076E+000
    957600   0.3994540011E+003   0.5459988857E+000
    957700   0.3994539438E+003   0.5460562394E+000
    957800   0.3994538101E+003   0.5461898615E+000
    957900   0.3994537364E+003   0.5462636251E+000
    958000   0.3994536626E+003   0.5463374184E+000
    958100   0.3994535516E+003   0.5464484069E+000
    958200   0.3994534537E+003   0.5465463454E+000
    958300   0.3994532949E+003   0.5467050805E+000
    958400   0.3994532316E+003   0.5467684098E+000
    958500   0.3994531460E+003   0.5468539568E+000
    958600   0.3994530803E+003   0.5469196737E+000
    958700   0.3994529414E+003   0.5470586264E+000
    958800   0.3994528585E+003   0.5471415386E+000
    958900   0.3994527987E+003   0.5472013099E+000
    959000   0.3994527448E+003   0.5472551899E+000
    959100   0.3994526407E+003   0.5473592665E+000
    959200   0.3994525345E+003   0.5474654853E+000
    959300   0.3994524126E+003   0.5475874031E+000
    959400   0.3994522842E+003   0.5477158027E+000
    959500   0.3994521977E+003   0.5478023393E+000
    959600   0.3994521664E+003   0.5478335546E+000
    959700   0.3994520905E+003   0.5479094918E+000
    959800   0.3994520097E+003   0.5479902880E+000
    959900   0.3994519449E+003   0.5480550656E+000
    960000   0.3994518962E+003   0.5481037756E+000
    960100   0.3994518423E+003   0.5481577079E+000
    960200   0.3994517754E+003   0.5482246245E+000
    960300   0.3994516735E+003   0.5483264943E+000
    960400   0.3994515740E+003   0.5484259790E+000
    960500   0.3994515095E+003   0.5484904995E+000
    960600   0.3994514102E+003   0.5485897791E+000
    960700   0.3994513374E+003   0.5486626078E+000
    960800   0.3994512702E+003   0.5487297855E+000
    960900   0.3994511352E+003   0.5488647573E+000
    961000   0.3994510843E+003   0.5489157451E+000
    961100   0.3994510037E+003   0.5489962777E+000
    961200   0.3994509043E+003   0.5490957491E+000
    961300   0.3994508736E+003   0.5491264074E+000
    961400   0.3994508036E+003   0.5491963822E+000
    961500   0.3994507425E+003   0.5492575305E+000
    961600   0.3994506633E+003   0.5493367369E+000
    961700   0.3994505741E+003   0.5494258814E+000
    961800   0.3994504622E+003   0.5495377907E+000
    961900   0.3994503816E+003   0.5496183509E+000
    962000   0.3994503111E+003   0.5496889207E+000
    962100   0.3994502380E+003   0.5497619842E+000
    962200   0.3994501190E+003   0.5498809571E+000
    962300   0.3994499761E+003   0.5500238878E+000
    962400   0.3994499062E+003   0.5500938362E+000
    962500   0.3994498319E+003   0.5501681224E+000
    962600   0.3994497337E+003   0.5502663105E+000
    962700   0.3994496623E+003   0.5503376546E+000
    962800   0.3994495854E+003   0.5504145681E+000
    962900   0.3994495324E+003   0.5504676193E+000
    963000   0.3994494648E+003   0.5505351662E+000
    963100   0.3994494091E+003   0.5505909066E+000
    963200   0.3994493122E+003   0.5506877840E+000
    963300   0.3994492354E+003   0.5507646117E+000
    963400   0.3994491665E+003   0.5508334574E+000
    963500   0.3994491030E+003   0.5508970183E+000
    963600   0.3994490109E+003   0.5509890945E+000
    963700   0.3994489628E+003   0.5510371965E+000
    963800   0.3994489094E+003   0.5510905722E+000
    963900   0.3994488346E+003   0.5511654207E+000
    964000   0.3994487776E+003   0.5512223803E+000
    964100   0.3994487127E+003   0.5512873339E+000
    964200   0.3994486435E+003   0.5513564660E+000
    964300   0.3994485561E+003   0.5514438740E+000
    964400   0.3994484742E+003   0.5515257793E+000
    964500   0.3994483960E+003   0.5516039928E+000
    964600   0.3994483209E+003   0.5516791176E+000
    964700   0.3994482605E+003   0.5517395247E+000
    964800   0.3994481845E+003   0.5518155334E+000
    964900   0.3994481147E+003   0.5518853407E+000
    965000   0.3994480527E+003   0.5519473484E+000
    965100   0.3994480147E+003   0.5519852674E+000
    965200   0.3994479751E+003   0.5520249295E+000
    965300   0.3994478973E+003   0.5521026559E+000
    965400   0.3994478318E+003   0.5521681547E+000
    965500   0.3994477843E+003   0.5522156704E+000
    965600   0.3994477543E+003   0.5522457169E+000
    965700   0.3994476897E+003   0.5523103373E+000
    965800   0.3994476370E+003   0.5523629626E+000
    965900   0.3994475583E+003   0.5524417232E+000
    966000   0.3994474698E+003   0.5525301578E+000
    966100   0.3994474002E+003   0.5525998127E+000
    966200   0.3994473146E+003   0.5526854302E+000
    966300   0.3994472584E+003   0.5527416228E+000
    966400   0.3994472228E+003   0.5527771806E+000
    966500   0.3994471600E+003   0.5528400387E+000
    966600   0.3994470826E+003   0.5529174165E+000
    966700   0.3994470418E+003   0.5529581756E+000
    966800   0.3994469803E+003   0.5530196971E+000
    966900   0.3994469244E+003   0.5530756374E+000
    967000   0.3994468603E+003   0.5531397125E+000
    967100   0.3994468168E+003   0.5531831969E+000
    967200   0.3994467383E+003   0.5532617246E+000
    967300   0.3994466316E+003   0.5533683767E+000
    967400   0.3994465394E+003   0.5534605567E+000
    967500   0.3994464472E+003   0.5535528175E+000
    967600   0.3994463494E+003   0.5536505631E+000
    967700   0.3994462684E+003   0.5537315820E+000
    967800   0.3994462279E+003   0.5537720768E+000
    967900   0.3994461840E+003   0.5538160407E+000
    968000   0.3994461490E+003   0.5538509545E+000
    968100   0.3994460814E+003   0.5539185798E+000
    968200   0.3994460781E+003   0.5539218758E+000
    968300   0.3994460367E+003   0.5539632764E+000
    968400   0.3994459966E+003   0.5540033799E+000
    968500   0.3994459690E+003   0.5540310081E+000
    968600   0.3994459252E+003   0.5540748202E+000
    968700   0.3994458899E+003   0.5541100679E+000
    968800   0.3994458782E+003   0.5541217842E+000
    968900   0.3994458429E+003   0.5541571369E+000
    969000   0.3994458005E+003   0.5541995217E+000
    969100   0.3994457515E+003   0.5542484501E+000
    969200   0.3994457218E+003   0.5542782054E+000
    969300   0.3994456855E+003   0.5543145268E+000
    969400   0.3994456588E+003   0.5543411594E+000
    969500   0.3994456311E+003   0.5543689354E+000
    969600   0.3994456012E+003   0.5543987775E+000
    969700   0.3994455717E+003   0.5544283133E+000
    969800   0.3994455245E+003   0.5544755117E+000
    969900   0.3994454867E+003   0.5545133439E+000
    970000   0.3994454533E+003   0.5545467448E+000
    970100   0.3994454484E+003   0.5545516322E+000
    970200   0.3994454396E+003   0.5545603720E+000
    970300   0.3994453998E+003   0.5546001650E+000
    970400   0.3994453655E+003   0.5546345108E+000
    970500   0.3994453229E+003   0.5546771414E+000
    970600   0.3994453007E+003   0.5546993427E+000
    970700   0.3994452526E+003   0.5547473932E+000
    970800   0.3994452200E+003   0.5547799986E+000
    970900   0.3994451736E+003   0.5548264076E+000
    971000   0.3994451416E+003   0.5548583832E+000
    971100   0.3994451152E+003   0.5548848398E+000
    971200   0.3994450846E+003   0.5549154079E+000
    971300   0.3994450492E+003   0.5549507990E+000
    971400   0.3994450064E+003   0.5549936139E+000
    971500   0.3994449807E+003   0.5550193068E+000
    971600   0.3994449508E+003   0.5550491543E+000
    971700   0.3994449176E+003   0.5550824351E+000
    971800   0.3994448784E+003   0.5551216165E+000
    971900   0.3994448561E+003   0.5551438657E+000
    972000   0.3994448094E+003   0.5551905841E+000
    972100   0.3994447779E+003   0.5552221467E+000
    972200   0.3994447376E+003   0.5552623732E+000
    972300   0.3994447011E+003   0.5552988845E+000
    972400   0.3994446548E+003   0.5553451804E+000
    972500   0.3994446257E+003   0.5553742621E+000
    972600   0.3994445953E+003   0.5554046844E+000
    972700   0.3994445620E+003   0.5554379966E+000
    972800   0.3994445373E+003   0.5554627392E+000
    972900   0.3994444990E+003   0.5555010145E+000
    973000   0.3994444533E+003   0.5555466515E+000
    973100   0.3994444300E+003   0.5555699581E+000
    973200   0.3994444003E+003   0.5555997056E+000
    973300   0.3994443668E+003   0.5556332479E+000
    973400   0.3994443378E+003   0.5556621741E+000
    973500   0.3994443144E+003   0.5556855783E+000
    973600   0.3994442839E+003   0.5557160673E+000
    973700   0.3994442571E+003   0.5557429152E+000
    973800   0.3994442017E+003   0.5557983176E+000
    973900   0.3994441496E+003   0.5558503548E+000
    974000   0.3994441308E+003   0.5558692282E+000
    974100   0.3994441005E+003   0.5558994991E+000
    974200   0.3994440664E+003   0.5559335543E+000
    974300   0.3994440343E+003   0.5559657095E+000
    974400   0.3994440006E+003   0.5559994070E+000
    974500   0.3994439660E+003   0.5560340027E+000
    974600   0.3994439244E+003   0.5560755861E+000
    974700   0.3994438952E+003   0.5561048089E+000
    974800   0.3994438607E+003   0.5561392997E+000
    974900   0.3994438270E+003   0.5561730349E+000
    975000   0.3994437819E+003   0.5562180953E+000
    975100   0.3994437387E+003   0.5562612557E+000
    975200   0.3994438078E+003   0.5561921720E+000
    975300   0.3994439253E+003   0.5560746783E+000
    975400   0.3994440784E+003   0.5559215812E+000
    975500   0.3994441930E+003   0.5558070375E+000
    975600   0.3994442155E+003   0.5557844979E+000
    975700   0.3994441850E+003   0.5558150375E+000
    975800   0.3994441543E+003   0.5558457408E+000
    975900   0.3994441263E+003   0.5558736787E+000
    976000   0.3994441064E+003   0.5558936184E+000
    976100   0.3994440647E+003   0.5559352750E+000
    976200   0.3994440449E+003   0.5559550682E+000
    976300   0.3994441910E+003   0.5558089897E+000
    976400   0.3994443468E+003   0.5556532200E+000
    976500   0.3994445194E+003   0.5554805918E+000
    976600   0.3994446913E+003   0.5553086910E+000
    976700   0.3994448630E+003   0.5551370183E+000
    976800   0.3994450069E+003   0.5549930835E+000
    976900   0.3994451596E+003   0.5548403948E+000
    977000   0.3994452932E+003   0.5547068412E+000
    977100   0.3994454421E+003   0.5545579489E+000
    977200   0.3994455796E+003   0.5544203500E+000
    977300   0.3994457312E+003   0.5542687722E+000
    977400   0.3994458667E+003   0.5541333474E+000
    977500   0.3994459967E+003   0.5540033272E+000
    977600   0.3994461489E+003   0.5538510837E+000
    977700   0.3994461217E+003   0.5538783045E+000
    977800   0.3994460911E+003   0.5539088836E+000
    977900   0.3994460543E+003   0.5539457374E+000
    978000   0.3994460185E+003   0.5539814724E+000
    978100   0.3994459771E+003   0.5540229248E+000
    978200   0.3994459456E+003   0.5540544410E+000
    978300   0.3994459071E+003   0.5540929013E+000
    978400   0.3994458777E+003   0.5541223219E+000
    978500   0.3994458373E+003   0.5541627486E+000
    978600   0.3994458269E+003   0.5541731270E+000
    978700   0.3994457960E+003   0.5542039618E+000
    978800   0.3994457616E+003   0.5542383920E+000
    978900   0.3994457225E+003   0.5542774810E+000
    979000   0.3994456894E+003   0.5543105650E+000
    979100   0.3994457555E+003   0.5542445229E+000
    979200   0.3994459021E+003   0.5540979148E+000
    979300   0.3994460585E+003   0.5539414853E+000
    979400   0.3994462363E+003   0.5537636536E+000
    979500   0.3994462898E+003   0.5537102288E+000
    979600   0.3994462600E+003   0.5537400231E+000
    979700   0.3994463463E+003   0.5536536808E+000
    979800   0.3994464030E+003   0.5535969593E+000
    979900   0.3994465549E+003   0.5534451487E+000
    980000   0.3994465440E+003   0.5534559624E+000
    980100   0.3994465166E+003   0.5534834355E+000
    980200   0.3994464669E+003   0.5535331029E+000
    980300   0.3994464309E+003   0.5535690705E+000
    980400   0.3994463923E+003   0.5536076530E+000
    980500   0.3994463698E+003   0.5536302089E+000
    980600   0.3994463562E+003   0.5536438492E+000
    980700   0.3994463219E+003   0.5536780663E+000
    980800   0.3994462766E+003   0.5537233793E+000
    980900   0.3994462393E+003   0.5537606799E+000
    981000   0.3994461965E+003   0.5538035405E+000
    981100   0.3994461720E+003   0.5538279877E+000
    981200   0.3994461406E+003   0.5538593573E+000
    981300   0.3994461123E+003   0.5538876809E+000
    981400   0.3994460660E+003   0.5539339651E+000
    981500   0.3994460274E+003   0.5539725883E+000
    981600   0.3994459932E+003   0.5540067518E+000
    981700   0.3994459687E+003   0.5540312897E+000
    981800   0.3994460071E+003   0.5539929266E+000
    981900   0.3994461516E+003   0.5538484146E+000
    982000   0.3994463047E+003   0.5536953029E+000
    982100   0.3994464637E+003   0.5535363479E+000
    982200   0.3994465973E+003   0.5534026812E+000
    982300   0.3994466944E+003   0.5533055573E+000
    982400   0.3994467332E+003   0.5532667669E+000
    982500   0.3994467014E+003   0.5532985765E+000
    982600   0.3994466794E+003   0.5533205566E+000
    982700   0.3994466442E+003   0.5533557819E+000
    982800   0.3994465937E+003   0.5534063065E+000
    982900   0.3994465545E+003   0.5534455069E+000
    983000   0.3994465195E+003   0.5534805304E+000
    983100   0.3994464751E+003   0.5535249336E+000
    983200   0.3994464391E+003   0.5535609296E+000
    983300   0.3994464077E+003   0.5535923082E+000
    983400   0.3994463759E+003   0.5536241172E+000
    983500   0.3994463409E+003   0.5536591413E+000
    983600   0.3994463093E+003   0.5536907157E+000
    983700   0.3994462751E+003   0.5537249112E+000
    983800   0.3994462472E+003   0.5537527590E+000
    983900   0.3994462055E+003   0.5537944668E+000
    984000   0.3994461604E+003   0.5538396037E+000
    984100   0.3994461196E+003   0.5538804492E+000
    984200   0.3994460904E+003   0.5539096130E+000
    984300   0.3994460530E+003   0.5539470069E+000
    984400   0.3994460217E+003   0.5539783490E+000
    984500   0.3994459800E+003   0.5540200183E+000
    984600   0.3994459395E+003   0.5540605432E+000
    984700   0.3994458990E+003   0.5541010034E+000
    984800   0.3994458719E+003   0.5541280986E+000
    984900   0.3994458366E+003   0.5541633515E+000
    985000   0.3994458090E+003   0.5541909624E+000
    985100   0.3994457736E+003   0.5542264172E+000
    985200   0.3994457553E+003   0.5542446851E+000
    985300   0.3994457130E+003   0.5542869772E+000
    985400   0.3994456591E+003   0.5543408903E+000
    985500   0.3994455829E+003   0.5544170722E+000
    985600   0.3994455612E+003   0.5544387694E+000
    985700   0.3994455278E+003   0.5544721948E+000
    985800   0.3994454790E+003   0.5545210372E+000
    985900   0.3994454485E+003   0.5545515323E+000
    986000   0.3994454180E+003   0.5545820278E+000
    986100   0.3994453845E+003   0.5546155330E+000
    986200   0.3994453442E+003   0.5546558386E+000
    986300   0.3994453062E+003   0.5546938261E+000
    986400   0.3994452806E+003   0.5547194165E+000
    986500   0.3994452423E+003   0.5547577199E+000
    986600   0.3994452048E+003   0.5547952342E+000
    986700   0.3994451701E+003   0.5548299141E+000
    986800   0.3994451391E+003   0.5548609391E+000
    986900   0.3994451267E+003   0.5548732655E+000
    987000   0.3994451003E+003   0.5548996640E+000
    987100   0.3994450595E+003   0.5549404673E+000
    987200   0.3994450305E+003   0.5549695300E+000
    987300   0.3994450112E+003   0.5549887504E+000
    987400   0.3994449816E+003   0.5550183812E+000
    987500   0.3994449455E+003   0.5550544512E+000
    987600   0.3994449217E+003   0.5550782701E+000
    987700   0.3994448754E+003   0.5551245674E+000
    987800   0.3994448496E+003   0.5551504108E+000
    987900   0.3994447995E+003   0.5552004805E+000
    988000   0.3994447525E+003   0.5552475187E+000
    988100   0.3994446846E+003   0.5553154177E+000
    988200   0.3994446167E+003   0.5553833222E+000
    988300   0.3994445340E+003   0.5554660136E+000
    988400   0.3994445050E+003   0.5554949942E+000
    988500   0.3994444468E+003   0.5555531868E+000
    988600   0.3994443818E+003   0.5556181879E+000
    988700   0.3994443210E+003   0.5556789552E+000
    988800   0.3994442736E+003   0.5557264450E+000
    988900   0.3994442446E+003   0.5557553742E+000
    989000   0.3994441690E+003   0.5558309843E+000
    989100   0.3994441057E+003   0.5558942701E+000
    989200   0.3994440517E+003   0.5559483363E+000
    989300   0.3994440236E+003   0.5559764312E+000
    989400   0.3994439888E+003   0.5560112193E+000
    989500   0.3994439424E+003   0.5560576068E+000
    989600   0.3994439245E+003   0.5560754765E+000
    989700   0.3994440459E+003   0.5559540983E+000
    989800   0.3994440955E+003   0.5559044567E+000
    989900   0.3994440649E+003   0.5559351271E+000
    990000   0.3994440293E+003   0.5559706848E+000
    990100   0.3994439833E+003   0.5560167005E+000
    990200   0.3994439528E+003   0.5560471833E+000
    990300   0.3994439235E+003   0.5560765350E+000
    990400   0.3994438790E+003   0.5561209799E+000
    990500   0.3994438050E+003   0.5561950044E+000
    990600   0.3994437456E+003   0.5562544275E+000
    990700   0.3994436895E+003   0.5563105437E+000
    990800   0.3994436674E+003   0.5563326348E+000
    990900   0.3994436046E+003   0.5563953787E+000
    991000   0.3994435195E+003   0.5564805185E+000
    991100   0.3994434746E+003   0.5565253807E+000
    991200   0.3994434133E+003   0.5565866735E+000
    991300   0.3994433635E+003   0.5566365240E+000
    991400   0.3994432947E+003   0.5567052565E+000
    991500   0.3994432391E+003   0.5567608795E+000
    991600   0.3994431763E+003   0.5568237179E+000
    991700   0.3994431081E+003   0.5568918879E+000
    991800   0.3994430443E+003   0.5569557317E+000
    991900   0.3994429849E+003   0.5570150706E+000
    992000   0.3994429039E+003   0.5570961458E+000
    992100   0.3994427993E+003   0.5572007213E+000
    992200   0.3994427385E+003   0.5572614981E+000
    992300   0.3994426916E+003   0.5573083552E+000
    992400   0.3994426336E+003   0.5573664191E+000
    992500   0.3994426004E+003   0.5573996183E+000
    992600   0.3994425460E+003   0.5574539918E+000
    992700   0.3994424876E+003   0.5575124318E+000
    992800   0.3994424171E+003   0.5575828723E+000
    992900   0.3994423395E+003   0.5576605391E+000
    993000   0.3994422623E+003   0.5577376657E+000
    993100   0.3994422022E+003   0.5577977714E+000
    993200   0.3994421658E+003   0.5578342233E+000
    993300   0.3994421251E+003   0.5578748750E+000
    993400   0.3994421048E+003   0.5578952332E+000
    993500   0.3994420608E+003   0.5579391870E+000
    993600   0.3994420332E+003   0.5579667877E+000
    993700   0.3994420038E+003   0.5579962260E+000
    993800   0.3994419684E+003   0.5580316276E+000
    993900   0.3994419301E+003   0.5580699017E+000
    994000   0.3994418919E+003   0.5581080979E+000
    994100   0.3994418568E+003   0.5581431822E+000
    994200   0.3994418108E+003   0.5581892390E+000
    994300   0.3994417804E+003   0.5582196344E+000
    994400   0.3994417532E+003   0.5582468124E+000
    994500   0.3994417128E+003   0.5582872434E+000
    994600   0.3994416801E+003   0.5583198531E+000
    994700   0.3994416485E+003   0.5583514528E+000
    994800   0.3994416194E+003   0.5583805906E+000
    994900   0.3994415883E+003   0.5584117237E+000
    995000   0.3994415509E+003   0.5584491346E+000
    995100   0.3994415199E+003   0.5584800920E+000
    995200   0.3994414866E+003   0.5585133604E+000
    995300   0.3994414540E+003   0.5585460198E+000
    995400   0.3994414214E+003   0.5585786490E+000
    995500   0.3994413918E+003   0.5586082408E+000
    995600   0.3994413473E+003   0.5586526945E+000
    995700   0.3994413187E+003   0.5586812513E+000
    995800   0.3994412889E+003   0.5587111155E+000
    995900   0.3994412592E+003   0.5587408228E+000
    996000   0.3994412289E+003   0.5587710519E+000
    996100   0.3994411989E+003   0.5588011299E+000
    996200   0.3994411674E+003   0.5588325995E+000
    996300   0.3994411280E+003   0.5588720122E+000
    996400   0.3994410969E+003   0.5589031000E+000
    996500   0.3994410756E+003   0.5589243746E+000
    996600   0.3994410423E+003   0.5589576951E+000
    996700   0.3994410157E+003   0.5589842518E+000
    996800   0.3994409876E+003   0.5590124320E+000
    996900   0.3994409533E+003   0.5590466574E+000
    997000   0.3994409205E+003   0.5590795252E+000
    997100   0.3994408911E+003   0.5591088635E+000
    997200   0.3994408559E+003   0.5591441208E+000
    997300   0.3994408330E+003   0.5591669865E+000
    997400   0.3994407995E+003   0.5592005200E+000
    997500   0.3994407735E+003   0.5592264622E+000
    997600   0.3994407371E+003   0.5592628607E+000
    997700   0.3994407090E+003   0.5592909522E+000
    997800   0.3994406698E+003   0.5593301560E+000
    997900   0.3994406384E+003   0.5593616386E+000
    998000   0.3994405981E+003   0.5594019445E+000
    998100   0.3994405760E+003   0.5594239914E+000
    998200   0.3994405037E+003   0.5594963208E+000
    998300   0.3994403949E+003   0.5596051235E+000
    998400   0.3994403490E+003   0.5596509679E+000
    998500   0.3994403247E+003   0.5596752751E+000
    998600   0.3994402413E+003   0.5597586949E+000
    998700   0.3994402005E+003   0.5597995376E+000
    998800   0.3994401273E+003   0.5598726878E+000
    998900   0.3994400951E+003   0.5599048803E+000
    999000   0.3994400357E+003   0.5599643081E+000
    999100   0.3994399768E+003   0.5600231786E+000
    999200   0.3994399361E+003   0.5600639464E+000
    999300   0.3994398599E+003   0.5601400691E+000
    999400   0.3994398011E+003   0.5601988699E+000
    999500   0.3994397313E+003   0.5602687266E+000
    999600   0.3994396897E+003   0.5603103409E+000
    999700   0.3994396101E+003   0.5603898975E+000
    999800   0.3994395491E+003   0.5604509375E+000
    999900   0.3994394727E+003   0.5605272550E+000
   1000000   0.3994394212E+003   0.5605787716E+000
   1000100   0.3994393441E+003   0.5606559141E+000
   1000200   0.3994392823E+003   0.5607176940E+000
   1000300   0.3994392029E+003   0.5607970867E+000
   1000400   0.3994391432E+003   0.5608568431E+000
   1000500   0.3994390647E+003   0.5609352929E+000
   1000600   0.3994390187E+003   0.5609813035E+000
   1000700   0.3994389467E+003   0.5610532710E+000
   1000800   0.3994388949E+003   0.5611050746E+000
   1000900   0.3994388339E+003   0.5611661012E+000
   1001000   0.3994387499E+003   0.5612501031E+000
   1001100   0.3994386837E+003   0.5613162762E+000
   1001200   0.3994386127E+003   0.5613873130E+000
   1001300   0.3994385456E+003   0.5614544196E+000
   1001400   0.3994384767E+003   0.5615232831E+000
   1001500   0.3994384493E+003   0.5615507059E+000
   1001600   0.3994384131E+003   0.5615868936E+000
   1001700   0.3994383822E+003   0.5616177946E+000
   1001800   0.3994383566E+003   0.5616433719E+000
   1001900   0.3994383189E+003   0.5616811037E+000
   1002000   0.3994382753E+003   0.5617247340E+000
   1002100   0.3994382422E+003   0.5617577911E+000
   1002200   0.3994382051E+003   0.5617949277E+000
   1002300   0.3994381776E+003   0.5618224144E+000
   1002400   0.3994381338E+003   0.5618662287E+000
   1002500   0.3994381056E+003   0.5618944136E+000
   1002600   0.3994380736E+003   0.5619263664E+000
   1002700   0.3994380394E+003   0.5619605773E+000
   1002800   0.3994380101E+003   0.5619899264E+000
   1002900   0.3994379812E+003   0.5620188063E+000
   1003000   0.3994379809E+003   0.5620190873E+000
   1003100   0.3994379659E+003   0.5620341167E+000
   1003200   0.3994379338E+003   0.5620662345E+000
   1003300   0.3994378958E+003   0.5621041685E+000
   1003400   0.3994378533E+003   0.5621466674E+000
   1003500   0.3994378774E+003   0.5621225894E+000
   1003600   0.3994379372E+003   0.5620628007E+000
   1003700   0.3994379049E+003   0.5620950612E+000
   1003800   0.3994378814E+003   0.5621185825E+000
   1003900   0.3994378469E+003   0.5621531337E+000
   1004000   0.3994378255E+003   0.5621744914E+000
   1004100   0.3994378028E+003   0.5621972226E+000
   1004200   0.3994377618E+003   0.5622381726E+000
   1004300   0.3994377352E+003   0.5622648227E+000
   1004400   0.3994376856E+003   0.5623144005E+000
   1004500   0.3994376864E+003   0.5623136238E+000
   1004600   0.3994376489E+003   0.5623511491E+000
   1004700   0.3994376018E+003   0.5623982024E+000
   1004800   0.3994375559E+003   0.5624441028E+000
   1004900   0.3994375275E+003   0.5624724946E+000
   1005000   0.3994374858E+003   0.5625142435E+000
   1005100   0.3994374594E+003   0.5625406377E+000
   1005200   0.3994374312E+003   0.5625688375E+000
   1005300   0.3994374000E+003   0.5626000043E+000
   1005400   0.3994373784E+003   0.5626216004E+000
   1005500   0.3994373244E+003   0.5626755700E+000
   1005600   0.3994372729E+003   0.5627270883E+000
   1005700   0.3994372888E+003   0.5627112493E+000
   1005800   0.3994372839E+003   0.5627161324E+000
   1005900   0.3994372511E+003   0.5627489487E+000
   1006000   0.3994372122E+003   0.5627877825E+000
   1006100   0.3994371159E+003   0.5628840621E+000
   1006200   0.3994370227E+003   0.5629772908E+000
   1006300   0.3994369699E+003   0.5630301143E+000
   1006400   0.3994369095E+003   0.5630904648E+000
   1006500   0.3994368339E+003   0.5631660807E+000
   1006600   0.3994367490E+003   0.5632510136E+000
   1006700   0.3994366413E+003   0.5633586539E+000
   1006800   0.3994365533E+003   0.5634467184E+000
   1006900   0.3994364763E+003   0.5635237017E+000
   1007000   0.3994364258E+003   0.5635742157E+000
   1007100   0.3994363527E+003   0.5636472783E+000
   1007200   0.3994363189E+003   0.5636811472E+000
   1007300   0.3994362934E+003   0.5637066217E+000
   1007400   0.3994362573E+003   0.5637427453E+000
   1007500   0.3994362256E+003   0.5637744111E+000
   1007600   0.3994361647E+003   0.5638353063E+000
   1007700   0.3994361020E+003   0.5638980120E+000
   1007800   0.3994360441E+003   0.5639559197E+000
   1007900   0.3994359951E+003   0.5640048872E+000
   1008000   0.3994359601E+003   0.5640399453E+000
   1008100   0.3994359362E+003   0.5640637646E+000
   1008200   0.3994359094E+003   0.5640906479E+000
   1008300   0.3994358722E+003   0.5641278309E+000
   1008400   0.3994358400E+003   0.5641600336E+000
   1008500   0.3994358399E+003   0.5641601099E+000
   1008600   0.3994360038E+003   0.5639962154E+000
   1008700   0.3994361739E+003   0.5638260653E+000
   1008800   0.3994363195E+003   0.5636804982E+000
   1008900   0.3994364366E+003   0.5635633720E+000
   1009000   0.3994364980E+003   0.5635020291E+000
   1009100   0.3994366213E+003   0.5633787427E+000
   1009200   0.3994367422E+003   0.5632578307E+000
   1009300   0.3994368848E+003   0.5631152094E+000
   1009400   0.3994370095E+003   0.5629904965E+000
   1009500   0.3994371810E+003   0.5628189950E+000
   1009600   0.3994373389E+003   0.5626610866E+000
   1009700   0.3994374627E+003   0.5625373336E+000
   1009800   0.3994376300E+003   0.5623699709E+000
   1009900   0.3994378039E+003   0.5621960700E+000
   1010000   0.3994379522E+003   0.5620477621E+000
   1010100   0.3994380906E+003   0.5619094079E+000
   1010200   0.3994382348E+003   0.5617652424E+000
   1010300   0.3994383405E+003   0.5616594511E+000
   1010400   0.3994385007E+003   0.5614992819E+000
   1010500   0.3994386684E+003   0.5613315943E+000
   1010600   0.3994387658E+003   0.5612341942E+000
   1010700   0.3994388648E+003   0.5611351861E+000
   1010800   0.3994390116E+003   0.5609883704E+000
   1010900   0.3994390946E+003   0.5609054005E+000
   1011000   0.3994392217E+003   0.5607783214E+000
   1011100   0.3994393994E+003   0.5606005681E+000
   1011200   0.3994395697E+003   0.5604302937E+000
   1011300   0.3994397378E+003   0.5602622077E+000
   1011400   0.3994399096E+003   0.5600904195E+000
   1011500   0.3994400610E+003   0.5599390053E+000
   1011600   0.3994400892E+003   0.5599108053E+000
   1011700   0.3994400468E+003   0.5599531916E+000
   1011800   0.3994400136E+003   0.5599863604E+000
   1011900   0.3994399801E+003   0.5600199226E+000
   1012000   0.3994399879E+003   0.5600121395E+000
   1012100   0.3994401476E+003   0.5598524495E+000
   1012200   0.3994403056E+003   0.5596944490E+000
   1012300   0.3994404624E+003   0.5595376077E+000
   1012400   0.3994406147E+003   0.5593853153E+000
   1012500   0.3994407173E+003   0.5592827480E+000
   1012600   0.3994408663E+003   0.5591337260E+000
   1012700   0.3994410321E+003   0.5589679493E+000
   1012800   0.3994411603E+003   0.5588397097E+000
   1012900   0.3994413299E+003   0.5586701157E+000
   1013000   0.3994414493E+003   0.5585506718E+000
   1013100   0.3994415908E+003   0.5584092239E+000
   1013200   0.3994417451E+003   0.5582548857E+000
   1013300   0.3994418343E+003   0.5581657039E+000
   1013400   0.3994419245E+003   0.5580755143E+000
   1013500   0.3994420427E+003   0.5579573125E+000
   1013600   0.3994422036E+003   0.5577964428E+000
   1013700   0.3994423613E+003   0.5576386919E+000
   1013800   0.3994425188E+003   0.5574812402E+000
   1013900   0.3994425092E+003   0.5574908494E+000
   1014000   0.3994424694E+003   0.5575306099E+000
   1014100   0.3994424369E+003   0.5575631178E+000
   1014200   0.3994425056E+003   0.5574944275E+000
   1014300   0.3994426648E+003   0.5573351607E+000
   1014400   0.3994428305E+003   0.5571694636E+000
   1014500   0.3994429792E+003   0.5570207983E+000
   1014600   0.3994430759E+003   0.5569240709E+000
   1014700   0.3994432173E+003   0.5567826636E+000
   1014800   0.3994433491E+003   0.5566508625E+000
   1014900   0.3994434868E+003   0.5565132208E+000
   1015000   0.3994436454E+003   0.5563546454E+000
   1015100   0.3994436310E+003   0.5563690400E+000
   1015200   0.3994436042E+003   0.5563958356E+000
   1015300   0.3994435718E+003   0.5564282192E+000
   1015400   0.3994435234E+003   0.5564766261E+000
   1015500   0.3994434902E+003   0.5565098062E+000
   1015600   0.3994434435E+003   0.5565564516E+000
   1015700   0.3994434080E+003   0.5565919848E+000
   1015800   0.3994433787E+003   0.5566213137E+000
   1015900   0.3994433383E+003   0.5566616595E+000
   1016000   0.3994433020E+003   0.5566980194E+000
   1016100   0.3994432591E+003   0.5567409269E+000
   1016200   0.3994432311E+003   0.5567689099E+000
   1016300   0.3994432346E+003   0.5567654313E+000
   1016400   0.3994431847E+003   0.5568153080E+000
   1016500   0.3994431274E+003   0.5568725986E+000
   1016600   0.3994430558E+003   0.5569441587E+000
   1016700   0.3994430084E+003   0.5569915516E+000
   1016800   0.3994429486E+003   0.5570514166E+000
   1016900   0.3994428943E+003   0.5571056654E+000
   1017000   0.3994428271E+003   0.5571728925E+000
   1017100   0.3994427534E+003   0.5572466410E+000
   1017200   0.3994427022E+003   0.5572978186E+000
   1017300   0.3994426347E+003   0.5573652991E+000
   1017400   0.3994425494E+003   0.5574506376E+000
   1017500   0.3994425061E+003   0.5574938580E+000
   1017600   0.3994424619E+003   0.5575380953E+000
   1017700   0.3994423873E+003   0.5576126876E+000
   1017800   0.3994423204E+003   0.5576795898E+000
   1017900   0.3994422712E+003   0.5577287532E+000
   1018000   0.3994422085E+003   0.5577914785E+000
   1018100   0.3994421775E+003   0.5578224528E+000
   1018200   0.3994420946E+003   0.5579053804E+000
   1018300   0.3994420255E+003   0.5579744562E+000
   1018400   0.3994419363E+003   0.5580636540E+000
   1018500   0.3994418506E+003   0.5581493723E+000
   1018600   0.3994417946E+003   0.5582053621E+000
   1018700   0.3994417070E+003   0.5582929875E+000
   1018800   0.3994416612E+003   0.5583388374E+000
   1018900   0.3994416143E+003   0.5583856863E+000
   1019000   0.3994415464E+003   0.5584536042E+000
   1019100   0.3994414728E+003   0.5585271531E+000
   1019200   0.3994413624E+003   0.5586375757E+000
   1019300   0.3994413243E+003   0.5586756546E+000
   1019400   0.3994412628E+003   0.5587372386E+000
   1019500   0.3994412080E+003   0.5587920319E+000
   1019600   0.3994411188E+003   0.5588812306E+000
   1019700   0.3994409980E+003   0.5590019625E+000
   1019800   0.3994408846E+003   0.5591153597E+000
   1019900   0.3994407621E+003   0.5592379218E+000
   1020000   0.3994406736E+003   0.5593264259E+000
   1020100   0.3994405900E+003   0.5594100024E+000
   1020200   0.3994405213E+003   0.5594786982E+000
   1020300   0.3994404449E+003   0.5595550932E+000
   1020400   0.3994403533E+003   0.5596467480E+000
   1020500   0.3994402788E+003   0.5597211732E+000
   1020600   0.3994402293E+003   0.5597707426E+000
   1020700   0.3994401315E+003   0.5598685062E+000
   1020800   0.3994400554E+003   0.5599446097E+000
   1020900   0.3994399694E+003   0.5600305880E+000
   1021000   0.3994398696E+003   0.5601304411E+000
   1021100   0.3994397599E+003   0.5602401157E+000
   1021200   0.3994396630E+003   0.5603370412E+000
   1021300   0.3994395723E+003   0.5604277403E+000
   1021400   0.3994395130E+003   0.5604869954E+000
   1021500   0.3994394331E+003   0.5605668815E+000
   1021600   0.3994393466E+003   0.5606533897E+000
   1021700   0.3994392727E+003   0.5607273159E+000
   1021800   0.3994392116E+003   0.5607884109E+000
   1021900   0.3994391382E+003   0.5608618484E+000
   1022000   0.3994391086E+003   0.5608914489E+000
   1022100   0.3994390455E+003   0.5609544811E+000
   1022200   0.3994389925E+003   0.5610074876E+000
   1022300   0.3994389326E+003   0.5610673600E+000
   1022400   0.3994388854E+003   0.5611145674E+000
   1022500   0.3994387992E+003   0.5612007646E+000
   1022600   0.3994387676E+003   0.5612324023E+000
   1022700   0.3994386856E+003   0.5613144203E+000
   1022800   0.3994386175E+003   0.5613825483E+000
   1022900   0.3994385472E+003   0.5614528026E+000
   1023000   0.3994384742E+003   0.5615258415E+000
   1023100   0.3994384268E+003   0.5615731743E+000
   1023200   0.3994383671E+003   0.5616328835E+000
   1023300   0.3994382544E+003   0.5617456274E+000
   1023400   0.3994381982E+003   0.5618017522E+000
   1023500   0.3994381414E+003   0.5618586479E+000
   1023600   0.3994381049E+003   0.5618951022E+000
   1023700   0.3994380656E+003   0.5619344447E+000
   1023800   0.3994379873E+003   0.5620126564E+000
   1023900   0.3994379032E+003   0.5620967550E+000
   1024000   0.3994378231E+003   0.5621769455E+000
   1024100   0.3994377637E+003   0.5622363095E+000
   1024200   0.3994377095E+003   0.5622904636E+000
   1024300   0.3994376454E+003   0.5623545653E+000
   1024400   0.3994376036E+003   0.5623964137E+000
   1024500   0.3994375295E+003   0.5624704547E+000
   1024600   0.3994374482E+003   0.5625518083E+000
   1024700   0.3994373510E+003   0.5626489553E+000
   1024800   0.3994373003E+003   0.5626996886E+000
   1024900   0.3994372421E+003   0.5627579430E+000
   1025000   0.3994371624E+003   0.5628375696E+000
   1025100   0.3994371265E+003   0.5628735433E+000
   1025200   0.3994370494E+003   0.5629505756E+000
   1025300   0.3994369690E+003   0.5630310030E+000
   1025400   0.3994369576E+003   0.5630424186E+000
   1025500   0.3994369248E+003   0.5630752146E+000
   1025600   0.3994368952E+003   0.5631048407E+000
   1025700   0.3994368592E+003   0.5631408098E+000
   1025800   0.3994368249E+003   0.5631751072E+000
   1025900   0.3994367854E+003   0.5632146232E+000
   1026000   0.3994367676E+003   0.5632324198E+000
   1026100   0.3994367341E+003   0.5632658995E+000
   1026200   0.3994367000E+003   0.5633000216E+000
   1026300   0.3994366625E+003   0.5633375420E+000
   1026400   0.3994366223E+003   0.5633776713E+000
   1026500   0.3994365907E+003   0.5634092724E+000
   1026600   0.3994365694E+003   0.5634306328E+000
   1026700   0.3994365365E+003   0.5634635092E+000
   1026800   0.3994364956E+003   0.5635044470E+000
   1026900   0.3994364591E+003   0.5635409402E+000
   1027000   0.3994364217E+003   0.5635783011E+000
   1027100   0.3994363864E+003   0.5636136314E+000
   1027200   0.3994363629E+003   0.5636370609E+000
   1027300   0.3994363258E+003   0.5636741649E+000
   1027400   0.3994362862E+003   0.5637138272E+000
   1027500   0.3994362254E+003   0.5637746386E+000
   1027600   0.3994361659E+003   0.5638340572E+000
   1027700   0.3994361268E+003   0.5638732483E+000
   1027800   0.3994360865E+003   0.5639135493E+000
   1027900   0.3994360571E+003   0.5639428822E+000
   1028000   0.3994360471E+003   0.5639529164E+000
   1028100   0.3994360070E+003   0.5639929652E+000
   1028200   0.3994359733E+003   0.5640266963E+000
   1028300   0.3994359429E+003   0.5640570832E+000
   1028400   0.3994359080E+003   0.5640920087E+000
   1028500   0.3994358789E+003   0.5641211400E+000
   1028600   0.3994358383E+003   0.5641617044E+000
   1028700   0.3994358078E+003   0.5641921730E+000
   1028800   0.3994357731E+003   0.5642269317E+000
   1028900   0.3994357419E+003   0.5642581296E+000
   1029000   0.3994357001E+003   0.5642998530E+000
   1029100   0.3994356681E+003   0.5643318753E+000
   1029200   0.3994356375E+003   0.5643625406E+000
   1029300   0.3994356184E+003   0.5643815635E+000
   1029400   0.3994355900E+003   0.5644099859E+000
   1029500   0.3994355650E+003   0.5644349975E+000
   1029600   0.3994355194E+003   0.5644806439E+000
   1029700   0.3994354824E+003   0.5645176210E+000
   1029800   0.3994354465E+003   0.5645535083E+000
   1029900   0.3994354114E+003   0.5645885709E+000
   1030000   0.3994353879E+003   0.5646120542E+000
   1030100   0.3994353506E+003   0.5646494069E+000
   1030200   0.3994353183E+003   0.5646816844E+000
   1030300   0.3994352709E+003   0.5647290713E+000
   1030400   0.3994352343E+003   0.5647657422E+000
   1030500   0.3994352091E+003   0.5647909391E+000
   1030600   0.3994351719E+003   0.5648281347E+000
   1030700   0.3994351434E+003   0.5648565563E+000
   1030800   0.3994351146E+003   0.5648854418E+000
   1030900   0.3994350861E+003   0.5649138683E+000
   1031000   0.3994350481E+003   0.5649518803E+000
   1031100   0.3994350210E+003   0.5649790015E+000
   1031200   0.3994350011E+003   0.5649988789E+000
   1031300   0.3994349822E+003   0.5650178343E+000
   1031400   0.3994349436E+003   0.5650564301E+000
   1031500   0.3994349100E+003   0.5650900262E+000
   1031600   0.3994348943E+003   0.5651056528E+000
   1031700   0.3994348627E+003   0.5651373205E+000
   1031800   0.3994348329E+003   0.5651671448E+000
   1031900   0.3994347972E+003   0.5652027849E+000
   1032000   0.3994347641E+003   0.5652358858E+000
   1032100   0.3994347187E+003   0.5652812848E+000
   1032200   0.3994346852E+003   0.5653148309E+000
   1032300   0.3994346527E+003   0.5653473297E+000
   1032400   0.3994346214E+003   0.5653786317E+000
   1032500   0.3994345810E+003   0.5654190137E+000
   1032600   0.3994345536E+003   0.5654463688E+000
   1032700   0.3994344918E+003   0.5655082097E+000
   1032800   0.3994344134E+003   0.5655866318E+000
   1032900   0.3994343626E+003   0.5656373970E+000
   1033000   0.3994342742E+003   0.5657258423E+000
   1033100   0.3994342152E+003   0.5657848339E+000
   1033200   0.3994341509E+003   0.5658491402E+000
   1033300   0.3994341162E+003   0.5658838470E+000
   1033400   0.3994340455E+003   0.5659545025E+000
   1033500   0.3994339488E+003   0.5660511646E+000
   1033600   0.3994338719E+003   0.5661281031E+000
   1033700   0.3994338213E+003   0.5661787177E+000
   1033800   0.3994337440E+003   0.5662559692E+000
   1033900   0.3994336845E+003   0.5663155246E+000
   1034000   0.3994336262E+003   0.5663737819E+000
   1034100   0.3994335810E+003   0.5664190073E+000
   1034200   0.3994335170E+003   0.5664829588E+000
   1034300   0.3994334273E+003   0.5665727210E+000
   1034400   0.3994333658E+003   0.5666341605E+000
   1034500   0.3994332953E+003   0.5667046629E+000
   1034600   0.3994332153E+003   0.5667847248E+000
   1034700   0.3994331410E+003   0.5668589836E+000
   1034800   0.3994330805E+003   0.5669195155E+000
   1034900   0.3994330206E+003   0.5669794183E+000
   1035000   0.3994329366E+003   0.5670633522E+000
   1035100   0.3994328458E+003   0.5671542177E+000
   1035200   0.3994327521E+003   0.5672479464E+000
   1035300   0.3994326896E+003   0.5673103723E+000
   1035400   0.3994326411E+003   0.5673588521E+000
   1035500   0.3994325798E+003   0.5674202050E+000
   1035600   0.3994325043E+003   0.5674956974E+000
   1035700   0.3994324489E+003   0.5675511217E+000
   1035800   0.3994323934E+003   0.5676065721E+000
   1035900   0.3994323091E+003   0.5676909357E+000
   1036000   0.3994322334E+003   0.5677666127E+000
   1036100   0.3994321541E+003   0.5678458927E+000
   1036200   0.3994320970E+003   0.5679030305E+000
   1036300   0.3994320179E+003   0.5679820945E+000
   1036400   0.3994319655E+003   0.5680345143E+000
   1036500   0.3994319173E+003   0.5680827495E+000
   1036600   0.3994318687E+003   0.5681312696E+000
   1036700   0.3994318347E+003   0.5681652560E+000
   1036800   0.3994317676E+003   0.5682323523E+000
   1036900   0.3994316584E+003   0.5683415496E+000
   1037000   0.3994316244E+003   0.5683756069E+000
   1037100   0.3994315891E+003   0.5684108758E+000
   1037200   0.3994315341E+003   0.5684658850E+000
   1037300   0.3994314667E+003   0.5685333438E+000
   1037400   0.3994313976E+003   0.5686023647E+000
   1037500   0.3994313428E+003   0.5686572003E+000
   1037600   0.3994313106E+003   0.5686894301E+000
   1037700   0.3994312744E+003   0.5687256373E+000
   1037800   0.3994312538E+003   0.5687462084E+000
   1037900   0.3994312253E+003   0.5687746601E+000
   1038000   0.3994311921E+003   0.5688079111E+000
   1038100   0.3994312039E+003   0.5687961397E+000
   1038200   0.3994311733E+003   0.5688266700E+000
   1038300   0.3994311835E+003   0.5688165421E+000
   1038400   0.3994312472E+003   0.5687528456E+000
   1038500   0.3994312724E+003   0.5687275592E+000
   1038600   0.3994312405E+003   0.5687595284E+000
   1038700   0.3994312031E+003   0.5687968513E+000
   1038800   0.3994311739E+003   0.5688261464E+000
   1038900   0.3994311374E+003   0.5688626387E+000
   1039000   0.3994311022E+003   0.5688978204E+000
   1039100   0.3994310774E+003   0.5689225827E+000
   1039200   0.3994310587E+003   0.5689412898E+000
   1039300   0.3994310214E+003   0.5689786087E+000
   1039400   0.3994309871E+003   0.5690128724E+000
   1039500   0.3994310867E+003   0.5689132503E+000
   1039600   0.3994312287E+003   0.5687713442E+000
   1039700   0.3994314027E+003   0.5685972750E+000
   1039800   0.3994315675E+003   0.5684325131E+000
   1039900   0.3994317327E+003   0.5682672658E+000
   1040000   0.3994317724E+003   0.5682276105E+000
   1040100   0.3994317312E+003   0.5682688083E+000
   1040200   0.3994317201E+003   0.5682798517E+000
   1040300   0.3994316727E+003   0.5683273471E+000
   1040400   0.3994316297E+003   0.5683702957E+000
   1040500   0.3994315985E+003   0.5684014943E+000
   1040600   0.3994315665E+003   0.5684334591E+000
   1040700   0.3994315257E+003   0.5684742696E+000
   1040800   0.3994315020E+003   0.5684979768E+000
   1040900   0.3994315053E+003   0.5684946514E+000
   1041000   0.3994316080E+003   0.5683919650E+000
   1041100   0.3994315789E+003   0.5684210978E+000
   1041200   0.3994315443E+003   0.5684557444E+000
   1041300   0.3994315163E+003   0.5684837411E+000
   1041400   0.3994314911E+003   0.5685088947E+000
   1041500   0.3994314617E+003   0.5685382848E+000
   1041600   0.3994314277E+003   0.5685722512E+000
   1041700   0.3994313998E+003   0.5686001503E+000
   1041800   0.3994313616E+003   0.5686383782E+000
   1041900   0.3994313329E+003   0.5686670971E+000
   1042000   0.3994313007E+003   0.5686993441E+000
   1042100   0.3994312717E+003   0.5687283026E+000
   1042200   0.3994312380E+003   0.5687619893E+000
   1042300   0.3994312024E+003   0.5687976171E+000
   1042400   0.3994311805E+003   0.5688195390E+000
   1042500   0.3994311441E+003   0.5688558597E+000
   1042600   0.3994311119E+003   0.5688881275E+000
   1042700   0.3994310736E+003   0.5689263677E+000
   1042800   0.3994310457E+003   0.5689542900E+000
   1042900   0.3994310101E+003   0.5689898547E+000
   1043000   0.3994309615E+003   0.5690385030E+000
   1043100   0.3994309325E+003   0.5690674800E+000
   1043200   0.3994308982E+003   0.5691017799E+000
   1043300   0.3994308632E+003   0.5691368002E+000
   1043400   0.3994308308E+003   0.5691692355E+000
   1043500   0.3994308023E+003   0.5691977462E+000
   1043600   0.3994307742E+003   0.5692257582E+000
   1043700   0.3994307526E+003   0.5692473981E+000
   1043800   0.3994307093E+003   0.5692906689E+000
   1043900   0.3994306880E+003   0.5693120205E+000
   1044000   0.3994306608E+003   0.5693391729E+000
   1044100   0.3994306258E+003   0.5693741922E+000
   1044200   0.3994306068E+003   0.5693932124E+000
   1044300   0.3994305831E+003   0.5694169073E+000
   1044400   0.3994305477E+003   0.5694522922E+000
   1044500   0.3994305240E+003   0.5694760486E+000
   1044600   0.3994304982E+003   0.5695018183E+000
   1044700   0.3994305166E+003   0.5694833524E+000
   1044800   0.3994304864E+003   0.5695136358E+000
   1044900   0.3994304464E+003   0.5695535607E+000
   1045000   0.3994304198E+003   0.5695801832E+000
   1045100   0.3994303902E+003   0.5696097637E+000
   1045200   0.3994303511E+003   0.5696488553E+000
   1045300   0.3994303213E+003   0.5696786828E+000
   1045400   0.3994302898E+003   0.5697102349E+000
   1045500   0.3994302770E+003   0.5697230289E+000
   1045600   0.3994302599E+003   0.5697401405E+000
   1045700   0.3994302277E+003   0.5697723109E+000
   1045800   0.3994301977E+003   0.5698022886E+000
   1045900   0.3994301651E+003   0.5698348517E+000
   1046000   0.3994301345E+003   0.5698655294E+000
   1046100   0.3994300352E+003   0.5699648257E+000
   1046200   0.3994299788E+003   0.5700212436E+000
   1046300   0.3994299360E+003   0.5700640106E+000
   1046400   0.3994298771E+003   0.5701228965E+000
   1046500   0.3994298156E+003   0.5701844222E+000
   1046600   0.3994297356E+003   0.5702644224E+000
   1046700   0.3994297024E+003   0.5702976167E+000
   1046800   0.3994296477E+003   0.5703523291E+000
   1046900   0.3994295738E+003   0.5704262142E+000
   1047000   0.3994295380E+003   0.5704620234E+000
   1047100   0.3994294511E+003   0.5705488696E+000
   1047200   0.3994293859E+003   0.5706140689E+000
   1047300   0.3994292696E+003   0.5707303757E+000
   1047400   0.3994291847E+003   0.5708153185E+000
   1047500   0.3994290747E+003   0.5709253435E+000
   1047600   0.3994289144E+003   0.5710855727E+000
   1047700   0.3994288166E+003   0.5711833824E+000
   1047800   0.3994287313E+003   0.5712686868E+000
   1047900   0.3994286164E+003   0.5713835531E+000
   1048000   0.3994285703E+003   0.5714297085E+000
   1048100   0.3994285341E+003   0.5714658996E+000
   1048200   0.3994284509E+003   0.5715490873E+000
   1048300   0.3994283360E+003   0.5716639765E+000
   1048400   0.3994282348E+003   0.5717652308E+000
   1048500   0.3994281412E+003   0.5718588034E+000
   1048600   0.3994280352E+003   0.5719648457E+000
   1048700   0.3994279776E+003   0.5720224109E+000
   1048800   0.3994279595E+003   0.5720404809E+000
   1048900   0.3994278597E+003   0.5721403128E+000
   1049000   0.3994277787E+003   0.5722213168E+000
   1049100   0.3994276717E+003   0.5723282906E+000
   1049200   0.3994275310E+003   0.5724689642E+000
   1049300   0.3994274627E+003   0.5725372569E+000
   1049400   0.3994273604E+003   0.5726396237E+000
   1049500   0.3994271923E+003   0.5728077339E+000
   1049600   0.3994271444E+003   0.5728555674E+000
   1049700   0.3994270787E+003   0.5729213160E+000
   1049800   0.3994269950E+003   0.5730049830E+000
   1049900   0.3994269020E+003   0.5730979973E+000
   1050000   0.3994268182E+003   0.5731817912E+000
   1050100   0.3994267136E+003   0.5732864352E+000
   1050200   0.3994266477E+003   0.5733522833E+000
   1050300   0.3994265453E+003   0.5734547156E+000
   1050400   0.3994264412E+003   0.5735588356E+000
   1050500   0.3994263989E+003   0.5736010649E+000
   1050600   0.3994263201E+003   0.5736798832E+000
   1050700   0.3994262584E+003   0.5737415799E+000
   1050800   0.3994261923E+003   0.5738077150E+000
   1050900   0.3994261067E+003   0.5738933398E+000
   1051000   0.3994260337E+003   0.5739663423E+000
   1051100   0.3994259857E+003   0.5740142848E+000
   1051200   0.3994258948E+003   0.5741051697E+000
   1051300   0.3994258430E+003   0.5741570277E+000
   1051400   0.3994256938E+003   0.5743061982E+000
   1051500   0.3994256355E+003   0.5743644669E+000
   1051600   0.3994255787E+003   0.5744212549E+000
   1051700   0.3994254503E+003   0.5745496999E+000
   1051800   0.3994253610E+003   0.5746389972E+000
   1051900   0.3994252891E+003   0.5747109152E+000
   1052000   0.3994251579E+003   0.5748421384E+000
   1052100   0.3994250651E+003   0.5749349346E+000
   1052200   0.3994249911E+003   0.5750088613E+000
   1052300   0.3994249354E+003   0.5750646339E+000
   1052400   0.3994248661E+003   0.5751339447E+000
   1052500   0.3994247646E+003   0.5752353895E+000
   1052600   0.3994247075E+003   0.5752925083E+000
   1052700   0.3994246540E+003   0.5753460070E+000
   1052800   0.3994246112E+003   0.5753887549E+000
   1052900   0.3994245562E+003   0.5754438151E+000
   1053000   0.3994244721E+003   0.5755278661E+000
   1053100   0.3994243840E+003   0.5756160423E+000
   1053200   0.3994243305E+003   0.5756694812E+000
   1053300   0.3994242681E+003   0.5757318818E+000
   1053400   0.3994242177E+003   0.5757822971E+000
   1053500   0.3994241044E+003   0.5758955758E+000
   1053600   0.3994240553E+003   0.5759447444E+000
   1053700   0.3994239897E+003   0.5760103378E+000
   1053800   0.3994238963E+003   0.5761037074E+000
   1053900   0.3994238358E+003   0.5761642379E+000
   1054000   0.3994237583E+003   0.5762417151E+000
   1054100   0.3994236800E+003   0.5763199820E+000
   1054200   0.3994236100E+003   0.5763899572E+000
   1054300   0.3994235302E+003   0.5764698123E+000
   1054400   0.3994234608E+003   0.5765391709E+000
   1054500   0.3994233384E+003   0.5766615845E+000
   1054600   0.3994232734E+003   0.5767265547E+000
   1054700   0.3994231814E+003   0.5768185638E+000
   1054800   0.3994231378E+003   0.5768621523E+000
   1054900   0.3994230426E+003   0.5769573680E+000
   1055000   0.3994229687E+003   0.5770312784E+000
   1055100   0.3994228981E+003   0.5771018731E+000
   1055200   0.3994228474E+003   0.5771525738E+000
   1055300   0.3994227417E+003   0.5772582503E+000
   1055400   0.3994226415E+003   0.5773585406E+000
   1055500   0.3994225795E+003   0.5774205228E+000
   1055600   0.3994225371E+003   0.5774629273E+000
   1055700   0.3994224368E+003   0.5775631602E+000
   1055800   0.3994223263E+003   0.5776736631E+000
   1055900   0.3994222575E+003   0.5777425037E+000
   1056000   0.3994221541E+003   0.5778458684E+000
   1056100   0.3994220823E+003   0.5779176729E+000
   1056200   0.3994220187E+003   0.5779812908E+000
   1056300   0.3994219550E+003   0.5780449725E+000
   1056400   0.3994218678E+003   0.5781321864E+000
   1056500   0.3994218280E+003   0.5781720449E+000
   1056600   0.3994217652E+003   0.5782348441E+000
   1056700   0.3994217052E+003   0.5782947601E+000
   1056800   0.3994216523E+003   0.5783477340E+000
   1056900   0.3994216287E+003   0.5783713066E+000
   1057000   0.3994215919E+003   0.5784081379E+000
   1057100   0.3994215629E+003   0.5784371444E+000
   1057200   0.3994215299E+003   0.5784700985E+000
   1057300   0.3994214969E+003   0.5785030826E+000
   1057400   0.3994214638E+003   0.5785362097E+000
   1057500   0.3994214409E+003   0.5785590581E+000
   1057600   0.3994213994E+003   0.5786006440E+000
   1057700   0.3994213658E+003   0.5786341612E+000
   1057800   0.3994213368E+003   0.5786632222E+000
   1057900   0.3994213119E+003   0.5786880534E+000
   1058000   0.3994212861E+003   0.5787139493E+000
   1058100   0.3994212642E+003   0.5787357961E+000
   1058200   0.3994212317E+003   0.5787682677E+000
   1058300   0.3994212502E+003   0.5787498149E+000
   1058400   0.3994212428E+003   0.5787572289E+000
   1058500   0.3994212912E+003   0.5787088214E+000
   1058600   0.3994212917E+003   0.5787082815E+000
   1058700   0.3994213133E+003   0.5786866627E+000
   1058800   0.3994214364E+003   0.5785635754E+000
   1058900   0.3994215675E+003   0.5784324797E+000
   1059000   0.3994216894E+003   0.5783106141E+000
   1059100   0.3994217903E+003   0.5782097282E+000
   1059200   0.3994219039E+003   0.5780960703E+000
   1059300   0.3994220714E+003   0.5779285656E+000
   1059400   0.3994222312E+003   0.5777687615E+000
   1059500   0.3994223960E+003   0.5776039923E+000
   1059600   0.3994224867E+003   0.5775132807E+000
   1059700   0.3994224463E+003   0.5775537236E+000
   1059800   0.3994224146E+003   0.5775854355E+000
   1059900   0.3994224138E+003   0.5775861951E+000
   1060000   0.3994224688E+003   0.5775312464E+000
   1060100   0.3994224809E+003   0.5775191408E+000
   1060200   0.3994224467E+003   0.5775532498E+000
   1060300   0.3994224208E+003   0.5775791520E+000
   1060400   0.3994223945E+003   0.5776055453E+000
   1060500   0.3994223632E+003   0.5776367851E+000
   1060600   0.3994223376E+003   0.5776624062E+000
   1060700   0.3994223025E+003   0.5776974508E+000
   1060800   0.3994222830E+003   0.5777169986E+000
   1060900   0.3994222475E+003   0.5777525412E+000
   1061000   0.3994222169E+003   0.5777830527E+000
   1061100   0.3994221933E+003   0.5778066951E+000
   1061200   0.3994221711E+003   0.5778288880E+000
   1061300   0.3994221454E+003   0.5778546373E+000
   1061400   0.3994221111E+003   0.5778889421E+000
   1061500   0.3994220386E+003   0.5779614136E+000
   1061600   0.3994219474E+003   0.5780526348E+000
   1061700   0.3994218590E+003   0.5781409667E+000
   1061800   0.3994217834E+003   0.5782166302E+000
   1061900   0.3994217087E+003   0.5782913153E+000
   1062000   0.3994216294E+003   0.5783705847E+000
   1062100   0.3994215983E+003   0.5784016706E+000
   1062200   0.3994215510E+003   0.5784490413E+000
   1062300   0.3994214764E+003   0.5785236429E+000
   1062400   0.3994214341E+003   0.5785658689E+000
   1062500   0.3994213922E+003   0.5786077605E+000
   1062600   0.3994213472E+003   0.5786527909E+000
   1062700   0.3994212728E+003   0.5787272430E+000
   1062800   0.3994212195E+003   0.5787805200E+000
   1062900   0.3994211388E+003   0.5788612257E+000
   1063000   0.3994210722E+003   0.5789277971E+000
   1063100   0.3994210215E+003   0.5789785269E+000
   1063200   0.3994209602E+003   0.5790397758E+000
   1063300   0.3994208756E+003   0.5791244115E+000
   1063400   0.3994208305E+003   0.5791694716E+000
   1063500   0.3994207904E+003   0.5792095812E+000
   1063600   0.3994207408E+003   0.5792592100E+000
   1063700   0.3994206446E+003   0.5793553945E+000
   1063800   0.3994205866E+003   0.5794133729E+000
   1063900   0.3994205674E+003   0.5794325916E+000
   1064000   0.3994205439E+003   0.5794561169E+000
   1064100   0.3994205174E+003   0.5794826290E+000
   1064200   0.3994204952E+003   0.5795048432E+000
   1064300   0.3994204604E+003   0.5795395631E+000
   1064400   0.3994204286E+003   0.5795713783E+000
   1064500   0.3994203887E+003   0.5796113363E+000
   1064600   0.3994203245E+003   0.5796754547E+000
   1064700   0.3994202306E+003   0.5797693496E+000
   1064800   0.3994201669E+003   0.5798331464E+000
   1064900   0.3994201106E+003   0.5798894248E+000
   1065000   0.3994200603E+003   0.5799396748E+000
   1065100   0.3994199850E+003   0.5800149940E+000
   1065200   0.3994199283E+003   0.5800716809E+000
   1065300   0.3994198549E+003   0.5801450904E+000
   1065400   0.3994197985E+003   0.5802014914E+000
   1065500   0.3994197262E+003   0.5802737921E+000
   1065600   0.3994196685E+003   0.5803315066E+000
   1065700   0.3994196007E+003   0.5803992742E+000
   1065800   0.3994195457E+003   0.5804542647E+000
   1065900   0.3994195114E+003   0.5804885951E+000
   1066000   0.3994195151E+003   0.5804848566E+000
   1066100   0.3994196242E+003   0.5803758080E+000
   1066200   0.3994196307E+003   0.5803693357E+000
   1066300   0.3994196451E+003   0.5803548507E+000
   1066400   0.3994197331E+003   0.5802668578E+000
   1066500   0.3994197089E+003   0.5802911452E+000
   1066600   0.3994196891E+003   0.5803109471E+000
   1066700   0.3994196501E+003   0.5803498834E+000
   1066800   0.3994196211E+003   0.5803788798E+000
   1066900   0.3994195858E+003   0.5804141766E+000
   1067000   0.3994195579E+003   0.5804420540E+000
   1067100   0.3994195282E+003   0.5804718374E+000
   1067200   0.3994195116E+003   0.5804884225E+000
   1067300   0.3994194627E+003   0.5805373405E+000
   1067400   0.3994193980E+003   0.5806019698E+000
   1067500   0.3994193515E+003   0.5806485151E+000
   1067600   0.3994192998E+003   0.5807002171E+000
   1067700   0.3994192209E+003   0.5807791392E+000
   1067800   0.3994191740E+003   0.5808259998E+000
   1067900   0.3994191637E+003   0.5808363412E+000
   1068000   0.3994190810E+003   0.5809190268E+000
   1068100   0.3994189996E+003   0.5810004252E+000
   1068200   0.3994189335E+003   0.5810665209E+000
   1068300   0.3994188928E+003   0.5811072472E+000
   1068400   0.3994187824E+003   0.5812176214E+000
   1068500   0.3994187198E+003   0.5812802407E+000
   1068600   0.3994186434E+003   0.5813565791E+000
   1068700   0.3994185731E+003   0.5814268669E+000
   1068800   0.3994185408E+003   0.5814592408E+000
   1068900   0.3994184760E+003   0.5815239908E+000
   1069000   0.3994184044E+003   0.5815955680E+000
   1069100   0.3994183569E+003   0.5816431195E+000
   1069200   0.3994183000E+003   0.5816999521E+000
   1069300   0.3994182409E+003   0.5817591334E+000
   1069400   0.3994181262E+003   0.5818738298E+000
   1069500   0.3994180860E+003   0.5819140363E+000
   1069600   0.3994180242E+003   0.5819758008E+000
   1069700   0.3994179590E+003   0.5820409797E+000
   1069800   0.3994178767E+003   0.5821233295E+000
   1069900   0.3994177905E+003   0.5822095238E+000
   1070000   0.3994177702E+003   0.5822297950E+000
   1070100   0.3994176620E+003   0.5823380103E+000
   1070200   0.3994176065E+003   0.5823934556E+000
   1070300   0.3994175571E+003   0.5824428742E+000
   1070400   0.3994174687E+003   0.5825312786E+000
   1070500   0.3994174107E+003   0.5825892714E+000
   1070600   0.3994173575E+003   0.5826425388E+000
   1070700   0.3994172743E+003   0.5827256639E+000
   1070800   0.3994172350E+003   0.5827650392E+000
   1070900   0.3994171810E+003   0.5828190160E+000
   1071000   0.3994171373E+003   0.5828626957E+000
   1071100   0.3994170308E+003   0.5829691838E+000
   1071200   0.3994169690E+003   0.5830310160E+000
   1071300   0.3994169107E+003   0.5830892502E+000
   1071400   0.3994168633E+003   0.5831366858E+000
   1071500   0.3994167793E+003   0.5832206582E+000
   1071600   0.3994167216E+003   0.5832783570E+000
   1071700   0.3994166598E+003   0.5833401942E+000
   1071800   0.3994166157E+003   0.5833843060E+000
   1071900   0.3994165491E+003   0.5834509303E+000
   1072000   0.3994164517E+003   0.5835482609E+000
   1072100   0.3994163603E+003   0.5836396762E+000
   1072200   0.3994163140E+003   0.5836860466E+000
   1072300   0.3994162221E+003   0.5837778870E+000
   1072400   0.3994161964E+003   0.5838036036E+000
   1072500   0.3994161660E+003   0.5838340170E+000
   1072600   0.3994161322E+003   0.5838678367E+000
   1072700   0.3994161024E+003   0.5838975673E+000
   1072800   0.3994160832E+003   0.5839167766E+000
   1072900   0.3994160576E+003   0.5839424074E+000
   1073000   0.3994160290E+003   0.5839710205E+000
   1073100   0.3994159950E+003   0.5840049878E+000
   1073200   0.3994159591E+003   0.5840409314E+000
   1073300   0.3994159325E+003   0.5840675099E+000
   1073400   0.3994159109E+003   0.5840890731E+000
   1073500   0.3994159457E+003   0.5840543082E+000
   1073600   0.3994159195E+003   0.5840805248E+000
   1073700   0.3994158829E+003   0.5841170822E+000
   1073800   0.3994158564E+003   0.5841436408E+000
   1073900   0.3994158173E+003   0.5841826541E+000
   1074000   0.3994157898E+003   0.5842102242E+000
   1074100   0.3994157578E+003   0.5842421666E+000
   1074200   0.3994157233E+003   0.5842767271E+000
   1074300   0.3994156995E+003   0.5843005244E+000
   1074400   0.3994156808E+003   0.5843191648E+000
   1074500   0.3994156444E+003   0.5843555580E+000
   1074600   0.3994156244E+003   0.5843756427E+000
   1074700   0.3994155914E+003   0.5844086232E+000
   1074800   0.3994155527E+003   0.5844472950E+000
   1074900   0.3994155207E+003   0.5844793350E+000
   1075000   0.3994154972E+003   0.5845028278E+000
   1075100   0.3994154634E+003   0.5845365524E+000
   1075200   0.3994154330E+003   0.5845670053E+000
   1075300   0.3994153894E+003   0.5846105525E+000
   1075400   0.3994153630E+003   0.5846370046E+000
   1075500   0.3994153301E+003   0.5846698828E+000
   1075600   0.3994153033E+003   0.5846966815E+000
   1075700   0.3994152759E+003   0.5847240980E+000
   1075800   0.3994152462E+003   0.5847537821E+000
   1075900   0.3994152204E+003   0.5847796238E+000
   1076000   0.3994151989E+003   0.5848010973E+000
   1076100   0.3994152509E+003   0.5847490945E+000
   1076200   0.3994153594E+003   0.5846405776E+000
   1076300   0.3994153623E+003   0.5846376497E+000
   1076400   0.3994153344E+003   0.5846655532E+000
   1076500   0.3994153078E+003   0.5846921940E+000
   1076600   0.3994152755E+003   0.5847245100E+000
   1076700   0.3994152469E+003   0.5847531276E+000
   1076800   0.3994152128E+003   0.5847871796E+000
   1076900   0.3994151854E+003   0.5848145571E+000
   1077000   0.3994151364E+003   0.5848635859E+000
   1077100   0.3994151003E+003   0.5848996678E+000
   1077200   0.3994150695E+003   0.5849304688E+000
   1077300   0.3994150449E+003   0.5849551436E+000
   1077400   0.3994150120E+003   0.5849879702E+000
   1077500   0.3994149837E+003   0.5850162930E+000
   1077600   0.3994149510E+003   0.5850489661E+000
   1077700   0.3994149132E+003   0.5850867726E+000
   1077800   0.3994148825E+003   0.5851174984E+000
   1077900   0.3994148562E+003   0.5851438405E+000
   1078000   0.3994149133E+003   0.5850866914E+000
   1078100   0.3994150309E+003   0.5849690791E+000
   1078200   0.3994150946E+003   0.5849053731E+000
   1078300   0.3994152407E+003   0.5847592888E+000
   1078400   0.3994153877E+003   0.5846123015E+000
   1078500   0.3994154940E+003   0.5845059967E+000
   1078600   0.3994154699E+003   0.5845300712E+000
   1078700   0.3994154403E+003   0.5845596752E+000
   1078800   0.3994154142E+003   0.5845858141E+000
   1078900   0.3994153849E+003   0.5846150737E+000
   1079000   0.3994153406E+003   0.5846594095E+000
   1079100   0.3994153247E+003   0.5846752991E+000
   1079200   0.3994152896E+003   0.5847104322E+000
   1079300   0.3994152576E+003   0.5847423769E+000
   1079400   0.3994152224E+003   0.5847776490E+000
   1079500   0.3994151946E+003   0.5848053991E+000
   1079600   0.3994151668E+003   0.5848332402E+000
   1079700   0.3994151380E+003   0.5848620177E+000
   1079800   0.3994151202E+003   0.5848797924E+000
   1079900   0.3994152720E+003   0.5847280089E+000
   1080000   0.3994153967E+003   0.5846033444E+000
   1080100   0.3994155006E+003   0.5844993506E+000
   1080200   0.3994156351E+003   0.5843648762E+000
   1080300   0.3994157560E+003   0.5842439557E+000
   1080400   0.3994158135E+003   0.5841865049E+000
   1080500   0.3994158925E+003   0.5841075185E+000
   1080600   0.3994160394E+003   0.5839605990E+000
   1080700   0.3994161528E+003   0.5838471667E+000
   1080800   0.3994162228E+003   0.5837771905E+000
   1080900   0.3994163280E+003   0.5836719537E+000
   1081000   0.3994164764E+003   0.5835236178E+000
   1081100   0.3994165679E+003   0.5834321074E+000
   1081200   0.3994166646E+003   0.5833354085E+000
   1081300   0.3994166382E+003   0.5833618127E+000
   1081400   0.3994166110E+003   0.5833890205E+000
   1081500   0.3994165768E+003   0.5834231497E+000
   1081600   0.3994165476E+003   0.5834524080E+000
   1081700   0.3994165298E+003   0.5834701605E+000
   1081800   0.3994164940E+003   0.5835059974E+000
   1081900   0.3994164498E+003   0.5835501899E+000
   1082000   0.3994164196E+003   0.5835803794E+000
   1082100   0.3994163927E+003   0.5836072751E+000
   1082200   0.3994163621E+003   0.5836378888E+000
   1082300   0.3994163332E+003   0.5836668279E+000
   1082400   0.3994162999E+003   0.5837001030E+000
   1082500   0.3994162660E+003   0.5837340010E+000
   1082600   0.3994162331E+003   0.5837669317E+000
   1082700   0.3994161650E+003   0.5838349784E+000
   1082800   0.3994161183E+003   0.5838817230E+000
   1082900   0.3994160532E+003   0.5839467610E+000
   1083000   0.3994160025E+003   0.5839974507E+000
   1083100   0.3994159150E+003   0.5840849801E+000
   1083200   0.3994158564E+003   0.5841436060E+000
   1083300   0.3994158120E+003   0.5841879681E+000
   1083400   0.3994157671E+003   0.5842329146E+000
   1083500   0.3994157010E+003   0.5842990345E+000
   1083600   0.3994156183E+003   0.5843816567E+000
   1083700   0.3994155629E+003   0.5844371150E+000
   1083800   0.3994155472E+003   0.5844527662E+000
   1083900   0.3994156490E+003   0.5843510064E+000
   1084000   0.3994156281E+003   0.5843719409E+000
   1084100   0.3994156357E+003   0.5843643103E+000
   1084200   0.3994156803E+003   0.5843196714E+000
   1084300   0.3994157453E+003   0.5842547490E+000
   1084400   0.3994157621E+003   0.5842379045E+000
   1084500   0.3994158858E+003   0.5841141609E+000
   1084600   0.3994158797E+003   0.5841202890E+000
   1084700   0.3994158423E+003   0.5841576753E+000
   1084800   0.3994158092E+003   0.5841907862E+000
   1084900   0.3994157809E+003   0.5842191107E+000
   1085000   0.3994157512E+003   0.5842487971E+000
   1085100   0.3994157177E+003   0.5842822538E+000
   1085200   0.3994156936E+003   0.5843064188E+000
   1085300   0.3994156580E+003   0.5843419838E+000
   1085400   0.3994156282E+003   0.5843718115E+000
   1085500   0.3994156054E+003   0.5843946245E+000
   1085600   0.3994155782E+003   0.5844217860E+000
   1085700   0.3994155559E+003   0.5844440539E+000
   1085800   0.3994155219E+003   0.5844781018E+000
   1085900   0.3994154978E+003   0.5845022302E+000
   1086000   0.3994154717E+003   0.5845283445E+000
   1086100   0.3994154437E+003   0.5845562875E+000
   1086200   0.3994154054E+003   0.5845945976E+000
   1086300   0.3994153680E+003   0.5846319776E+000
   1086400   0.3994153330E+003   0.5846669991E+000
   1086500   0.3994153002E+003   0.5846998051E+000
   1086600   0.3994152652E+003   0.5847348230E+000
   1086700   0.3994152435E+003   0.5847564558E+000
   1086800   0.3994152300E+003   0.5847699497E+000
   1086900   0.3994152007E+003   0.5847993165E+000
   1087000   0.3994151672E+003   0.5848327875E+000
   1087100   0.3994151292E+003   0.5848707951E+000
   1087200   0.3994150926E+003   0.5849074038E+000
   1087300   0.3994150718E+003   0.5849281561E+000
   1087400   0.3994150451E+003   0.5849548775E+000
   1087500   0.3994150149E+003   0.5849850508E+000
   1087600   0.3994149794E+003   0.5850205683E+000
   1087700   0.3994149486E+003   0.5850513659E+000
   1087800   0.3994149211E+003   0.5850788511E+000
   1087900   0.3994148865E+003   0.5851135240E+000
   1088000   0.3994148528E+003   0.5851471718E+000
   1088100   0.3994148171E+003   0.5851828585E+000
   1088200   0.3994147888E+003   0.5852111678E+000
   1088300   0.3994147550E+003   0.5852449547E+000
   1088400   0.3994147269E+003   0.5852730634E+000
   1088500   0.3994146982E+003   0.5853017868E+000
   1088600   0.3994146736E+003   0.5853264172E+000
   1088700   0.3994146486E+003   0.5853513908E+000
   1088800   0.3994146122E+003   0.5853877751E+000
   1088900   0.3994145534E+003   0.5854465639E+000
   1089000   0.3994145073E+003   0.5854927084E+000
   1089100   0.3994144400E+003   0.5855600091E+000
   1089200   0.3994143818E+003   0.5856181656E+000
   1089300   0.3994143095E+003   0.5856905351E+000
   1089400   0.3994142713E+003   0.5857287372E+000
   1089500   0.3994142313E+003   0.5857687095E+000
   1089600   0.3994141966E+003   0.5858033982E+000
   1089700   0.3994141304E+003   0.5858696253E+000
   1089800   0.3994140729E+003   0.5859270861E+000
   1089900   0.3994140184E+003   0.5859815773E+000
   1090000   0.3994139689E+003   0.5860310947E+000
   1090100   0.3994139273E+003   0.5860727018E+000
   1090200   0.3994138835E+003   0.5861164820E+000
   1090300   0.3994138177E+003   0.5861823101E+000
   1090400   0.3994137389E+003   0.5862610773E+000
   1090500   0.3994136575E+003   0.5863424688E+000
   1090600   0.3994136172E+003   0.5863827924E+000
   1090700   0.3994135678E+003   0.5864321919E+000
   1090800   0.3994134954E+003   0.5865045503E+000
   1090900   0.3994134165E+003   0.5865834956E+000
   1091000   0.3994133533E+003   0.5866467103E+000
   1091100   0.3994132809E+003   0.5867191115E+000
   1091200   0.3994132381E+003   0.5867618536E+000
   1091300   0.3994131774E+003   0.5868225846E+000
   1091400   0.3994131164E+003   0.5868836284E+000
   1091500   0.3994130660E+003   0.5869339841E+000
   1091600   0.3994129975E+003   0.5870024959E+000
   1091700   0.3994129573E+003   0.5870427486E+000
   1091800   0.3994129004E+003   0.5870996457E+000
   1091900   0.3994128301E+003   0.5871698931E+000
   1092000   0.3994127549E+003   0.5872450907E+000
   1092100   0.3994126690E+003   0.5873310368E+000
   1092200   0.3994125714E+003   0.5874286162E+000
   1092300   0.3994125014E+003   0.5874986392E+000
   1092400   0.3994124758E+003   0.5875241755E+000
   1092500   0.3994124442E+003   0.5875557638E+000
   1092600   0.3994124028E+003   0.5875971837E+000
   1092700   0.3994123429E+003   0.5876571473E+000
   1092800   0.3994122864E+003   0.5877136094E+000
   1092900   0.3994122614E+003   0.5877385778E+000
   1093000   0.3994122094E+003   0.5877905839E+000
   1093100   0.3994121911E+003   0.5878088995E+000
   1093200   0.3994121337E+003   0.5878663356E+000
   1093300   0.3994120475E+003   0.5879524609E+000
   1093400   0.3994119779E+003   0.5880221406E+000
   1093500   0.3994119260E+003   0.5880740092E+000
   1093600   0.3994118541E+003   0.5881459416E+000
   1093700   0.3994117813E+003   0.5882186787E+000
   1093800   0.3994117201E+003   0.5882799286E+000
   1093900   0.3994116430E+003   0.5883570106E+000
   1094000   0.3994116008E+003   0.5883992359E+000
   1094100   0.3994115556E+003   0.5884443608E+000
   1094200   0.3994114673E+003   0.5885327005E+000
   1094300   0.3994113832E+003   0.5886168137E+000
   1094400   0.3994113135E+003   0.5886865016E+000
   1094500   0.3994112500E+003   0.5887499593E+000
   1094600   0.3994111763E+003   0.5888237060E+000
   1094700   0.3994110939E+003   0.5889061438E+000
   1094800   0.3994110216E+003   0.5889783954E+000
   1094900   0.3994109667E+003   0.5890333215E+000
   1095000   0.3994108878E+003   0.5891121893E+000
   1095100   0.3994108527E+003   0.5891472529E+000
   1095200   0.3994108174E+003   0.5891825536E+000
   1095300   0.3994107807E+003   0.5892193266E+000
   1095400   0.3994107594E+003   0.5892405860E+000
   1095500   0.3994107257E+003   0.5892743039E+000
   1095600   0.3994107024E+003   0.5892976059E+000
   1095700   0.3994106825E+003   0.5893175176E+000
   1095800   0.3994106505E+003   0.5893495163E+000
   1095900   0.3994106194E+003   0.5893806478E+000
   1096000   0.3994105926E+003   0.5894073985E+000
   1096100   0.3994105622E+003   0.5894378364E+000
   1096200   0.3994105434E+003   0.5894565519E+000
   1096300   0.3994105122E+003   0.5894877978E+000
   1096400   0.3994104709E+003   0.5895290840E+000
   1096500   0.3994104519E+003   0.5895481452E+000
   1096600   0.3994104297E+003   0.5895703495E+000
   1096700   0.3994104070E+003   0.5895930025E+000
   1096800   0.3994103744E+003   0.5896256465E+000
   1096900   0.3994103480E+003   0.5896520468E+000
   1097000   0.3994103142E+003   0.5896857686E+000
   1097100   0.3994102844E+003   0.5897155951E+000
   1097200   0.3994102533E+003   0.5897467201E+000
   1097300   0.3994102206E+003   0.5897793736E+000
   1097400   0.3994101874E+003   0.5898125894E+000
   1097500   0.3994101447E+003   0.5898553221E+000
   1097600   0.3994101100E+003   0.5898899551E+000
   1097700   0.3994100789E+003   0.5899211448E+000
   1097800   0.3994100534E+003   0.5899465961E+000
   1097900   0.3994100266E+003   0.5899733956E+000
   1098000   0.3994099975E+003   0.5900024644E+000
   1098100   0.3994099733E+003   0.5900267095E+000
   1098200   0.3994099319E+003   0.5900680871E+000
   1098300   0.3994099011E+003   0.5900988613E+000
   1098400   0.3994099612E+003   0.5900388314E+000
   1098500   0.3994100969E+003   0.5899031476E+000
   1098600   0.3994102307E+003   0.5897692772E+000
   1098700   0.3994102358E+003   0.5897641720E+000
   1098800   0.3994102075E+003   0.5897925037E+000
   1098900   0.3994101893E+003   0.5898106889E+000
   1099000   0.3994101615E+003   0.5898384900E+000
   1099100   0.3994101324E+003   0.5898676202E+000
   1099200   0.3994101041E+003   0.5898959032E+000
   1099300   0.3994100773E+003   0.5899227181E+000
   1099400   0.3994100422E+003   0.5899577788E+000
   1099500   0.3994100097E+003   0.5899903110E+000
   1099600   0.3994099942E+003   0.5900057849E+000
   1099700   0.3994099639E+003   0.5900361326E+000
   1099800   0.3994099372E+003   0.5900628244E+000
   1099900   0.3994099148E+003   0.5900851945E+000
   1100000   0.3994099349E+003   0.5900650597E+000
