units		    real
atom_style	    full
boundary        p p p
pair_style	    lj/cut/coul/long 12
pair_modify     mix arithmetic tail yes
kspace_style    pppm 1e-6
bond_style      harmonic
angle_style     harmonic

read_data       ./data.lmp           # read the positions --------------comment it out for restarting
Reading data file ...
  orthogonal box = (0 0 0) to (54.965023 54.965023 54.965023)
  2 by 2 by 2 MPI processor grid
  reading atoms ...
  1500 atoms
  scanning bonds ...
  1 = max bonds/atom
  scanning angles ...
  1 = max angles/atom
  orthogonal box = (0 0 0) to (54.965023 54.965023 54.965023)
  2 by 2 by 2 MPI processor grid
  reading bonds ...
  1000 bonds
  reading angles ...
  500 angles
Finding 1-2 1-3 1-4 neighbors ...
  special bond factors lj:    0        0        0       
  special bond factors coul:  0        0        0       
     2 = max # of 1-2 neighbors
     1 = max # of 1-3 neighbors
     1 = max # of 1-4 neighbors
     2 = max # of special neighbors
  special bonds CPU = 0.000 seconds
  read_data CPU = 0.029 seconds
#read_restart   2.restart

#----------------------------------------------------------------------------#
# FORCEFIELD - TraPPE Flexible model for N2
#----------------------------------------------------------------------------#

pair_coeff      1   1  0.071539  3.310  # [N2]-L-[N2]
pair_coeff      2   2  0.0009936 0.5   # N2-[L]

bond_coeff      1   500 0.55            # [N2]-[L]

angle_coeff     1   50 180              # N2-N2_X-N2

mass 1 13.9067      # N2
mass 2  0.1         # N2_X

set type        1   charge     -0.482             # N2
Setting atom values ...
  1000 settings made for charge
set type        2   charge      0.964             # N2_X
Setting atom values ...
  500 settings made for charge

#------------------------ VARIABLES------------------------------------------#

variable  TEMP_INDEX       equal 300  # in K
variable  PRESS_INDEX      equal 140  # in bar
variable  RandomSeed       equal 24000  # RANDOM SEED
variable  nz_layers        equal 20
variable  nx_layers        equal 3
variable  timestep         equal 0.5

variable  simulationTemp   equal ${TEMP_INDEX}
variable  simulationTemp   equal 300
variable  pressure         equal 0.987*${PRESS_INDEX}
variable  pressure         equal 0.987*140

variable  Ninptpre         equal 50000
variable  Ninpt            equal 400000     # 0.2 ns
variable  npt_run          equal 2000000    # 1 ns
variable  NBR              equal ${npt_run}/100
variable  NBR              equal 2000000/100

variable  Density          equal density
variable  Volume           equal vol

variable  dumpfreq         equal 1000
variable  thermofreq       equal 1000
variable  printfreq        equal 1000
variable  restartfreq      equal 1000000

variable  NVT_init         equal 200000    # 0.1 ns
variable  NVT_init_2       equal 200000    # 0.1 ns
variable  NVE_reshape      equal 10000
variable  NVT_prod         equal 1000000   # 0.5 ns
variable  NVE_cuboid       equal 200000    # 0.1 ns

variable  thermo_num       equal 1000

#---------------------------- GROUPS/NEIGHBOUR - LIST -----------------------------------------------------------------------#

group           oxy  type 1
1000 atoms in group oxy
group           carb type 2
500 atoms in group carb

neighbor	    3.0 bin
neigh_modify    every 1 delay 0 check yes
run_style       verlet

#---------------------------- CONGUGATE-GRADIENT MINIMIZATION --------------------------------------------------------#

#minimize energytolerance forcetolerance max_iterations_of_minimizer max_number_of_force_or_energy_evaluations
minimize        1e-6 1e-8 100000 10000000
PPPM initialization ...
  using 12-bit tables for long-range coulomb (src/kspace.cpp:342)
  G vector (1/distance) = 0.2675861
  grid = 50 50 50
  stencil order = 5
  estimated absolute RMS force accuracy = 0.00039584402
  estimated relative force accuracy = 1.1920725e-06
  using single precision FFTW3
  3d grid and FFT values/proc = 32768 16250
Generated 1 of 1 mixed pair_coeff terms from arithmetic mixing rule
Last active /omp style is kspace_style pppm/omp
Neighbor list info ...
  update: every = 1 steps, delay = 0 steps, check = yes
  max neighbors/atom: 2000, page size: 100000
  master list distance cutoff = 15
  ghost atom cutoff = 15
  binsize = 7.5, bins = 8 8 8
  1 neighbor lists, perpetual/occasional/extra = 1 0 0
  (1) pair lj/cut/coul/long/omp, perpetual
      attributes: half, newton on, omp
      pair build: half/bin/newton/omp
      stencil: half/bin/3d
      bin: standard
Per MPI rank memory allocation (min/avg/max) = 9.757 | 9.787 | 9.817 Mbytes
   Step          Temp          E_pair         E_mol          TotEng         Press     
         0   0              13.07258       1.4941382e-05  13.072595      255.08911    
      9001   0             -525.61491      0.31230724    -525.30261     -9.7387309    
Loop time of 51.241 on 8 procs for 9001 steps with 1500 atoms

99.2% CPU use with 8 MPI tasks x 1 OpenMP threads

Minimization stats:
  Stopping criterion = energy tolerance
  Energy initial, next-to-last, final = 
      13.0725954212713  -525.302547005264  -525.302606450238
  Force two-norm initial, final = 99.496544 0.52539965
  Force max component initial, final = 12.457849 0.10334814
  Final line search alpha, max atom move = 0.59392817 0.061381369
  Iterations, force evaluations = 9001 18001

MPI task timing breakdown:
Section |  min time  |  avg time  |  max time  |%varavg| %total
---------------------------------------------------------------
Pair    | 3.3405     | 6.2333     | 8.7682     |  82.0 | 12.16
Bond    | 0.11872    | 0.15148    | 0.18466    |   6.3 |  0.30
Kspace  | 40.536     | 43.096     | 46.037     |  31.6 | 84.11
Neigh   | 0.018506   | 0.018651   | 0.01878    |   0.1 |  0.04
Comm    | 1.327      | 1.3504     | 1.373      |   1.3 |  2.64
Output  | 0          | 0          | 0          |   0.0 |  0.00
Modify  | 0.033815   | 0.036463   | 0.040307   |   1.0 |  0.07
Other   |            | 0.3543     |            |       |  0.69

Nlocal:          187.5 ave         262 max         122 min
Histogram: 2 1 1 0 1 0 0 0 1 2
Nghost:        1604.88 ave        1667 max        1506 min
Histogram: 1 0 1 0 1 0 0 2 1 2
Neighs:        18354.6 ave       27051 max        7425 min
Histogram: 1 2 0 0 0 1 0 1 0 3

Total # of neighbors = 146837
Ave neighs/atom = 97.891333
Ave special neighs/atom = 2
Neighbor list builds = 40
Dangerous builds = 0

#---------------------------- NPT simulations  ---------------------------------------------------------------------#

fix runnpt all npt temp ${simulationTemp} ${simulationTemp} 10 iso ${pressure} ${pressure} 100
fix runnpt all npt temp 300 ${simulationTemp} 10 iso ${pressure} ${pressure} 100
fix runnpt all npt temp 300 300 10 iso ${pressure} ${pressure} 100
fix runnpt all npt temp 300 300 10 iso 138.18 ${pressure} 100
fix runnpt all npt temp 300 300 10 iso 138.18 138.18 100

thermo_style custom step pe ke etotal press temp v_Density
thermo_modify flush yes
thermo ${thermo_num}
thermo 1000

velocity all create ${simulationTemp} ${RandomSeed} mom yes rot yes dist gaussian
velocity all create 300 ${RandomSeed} mom yes rot yes dist gaussian
velocity all create 300 24000 mom yes rot yes dist gaussian

#-----------------------
# Run (Pre-Initialization)
#-----------------------

timestep    0.1
run         ${Ninptpre}
run         50000
PPPM initialization ...
  using 12-bit tables for long-range coulomb (src/kspace.cpp:342)
  G vector (1/distance) = 0.2675861
  grid = 50 50 50
  stencil order = 5
  estimated absolute RMS force accuracy = 0.00039584402
  estimated relative force accuracy = 1.1920725e-06
  using single precision FFTW3
  3d grid and FFT values/proc = 32768 16250
Generated 1 of 1 mixed pair_coeff terms from arithmetic mixing rule
Last active /omp style is kspace_style pppm/omp
Per MPI rank memory allocation (min/avg/max) = 8.649 | 8.671 | 8.693 Mbytes
   Step         PotEng         KinEng         TotEng         Press           Temp        v_Density   
      9001  -525.30261      1340.4703      815.16767      359.26504      300            0.13956373   
     10000   298.04959      1159.2452      1457.2948      230.72711      259.44145      0.11565711   
     11000   106.17134      1425.3798      1531.5512      189.95211      319.00293      0.10322564   
     12000   245.41071      1301.8465      1547.2572      103.02569      291.35592      0.10077792   
     13000   226.91552      1333.1411      1560.0567      134.31016      298.35972      0.10405118   
     14000   188.88437      1385.1373      1574.0217      155.73528      309.99657      0.11040674   
     15000   266.28942      1287.9737      1554.2632      99.785654      288.25117      0.11575118   
     16000   181.94773      1412.8795      1594.8272      176.33739      316.20533      0.11996091   
     17000   304.05877      1282.4917      1586.5505      81.447574      287.02428      0.12181178   
     18000   223.53549      1411.685       1635.2205      171.00853      315.938        0.13067383   
     19000   315.46569      1305.5034      1620.9691      123.77773      292.17434      0.12981204   
     20000   246.05381      1406.8297      1652.8835      134.60795      314.85138      0.13378093   
     21000   290.24528      1340.8856      1631.1308      124.25545      300.09294      0.13842347   
     22000   299.26495      1376.0162      1675.2812      149.88347      307.95525      0.13950365   
     23000   281.99781      1374.0628      1656.0606      155.98492      307.51808      0.14620175   
     24000   330.11769      1360.586       1690.7037      117.56923      304.50195      0.14582991   
     25000   292.72646      1381.4332      1674.1597      151.10888      309.16759      0.14064639   
     26000   360.42988      1337.8855      1698.3154      154.06024      299.42153      0.14005308   
     27000   313.69824      1372.8052      1686.5035      121.27485      307.23663      0.13240649   
     28000   371.1035       1327.5257      1698.6292      94.303871      297.10298      0.12701824   
     29000   351.76423      1376.74        1728.5042      175.72886      308.11723      0.13147086   
     30000   346.09157      1343.1714      1689.263       155.48651      300.60451      0.13281588   
     31000   343.56701      1342.739       1686.306       104.21997      300.50774      0.13117824   
     32000   348.63794      1353.3777      1702.0157      122.67882      302.88871      0.12530275   
     33000   356.14018      1352.6552      1708.7954      145.97269      302.72701      0.12063643   
     34000   348.06282      1348.6039      1696.6667      177.14434      301.82031      0.12924338   
     35000   345.39545      1370.0921      1715.4875      112.6694       306.62942      0.12943984   
     36000   369.61743      1363.4966      1733.114       106.36233      305.15334      0.12691937   
     37000   368.83627      1358.2782      1727.1145      172.8224       303.98545      0.1248881    
     38000   373.54364      1354.8139      1728.3576      161.00769      303.21014      0.12411243   
     39000   377.16692      1345.7125      1722.8794      57.714775      301.17322      0.12192187   
     40000   368.4582       1289.8062      1658.2644      100.04814      288.66128      0.12562576   
     41000   366.62716      1313.2821      1679.9093      229.54831      293.91524      0.13294722   
     42000   343.18928      1346.7386      1689.9278      174.87958      301.40286      0.13156239   
     43000   349.6277       1309.4551      1659.0828      75.952056      293.05873      0.12780498   
     44000   341.88741      1320.3825      1662.2699      149.46391      295.50431      0.12841481   
     45000   366.72732      1312.7032      1679.4305      186.85232      293.78566      0.12640821   
     46000   363.90792      1331.5462      1695.4541      142.58324      298.00278      0.12421661   
     47000   376.96348      1280.8734      1657.8369      46.788967      286.6621       0.12224339   
     48000   383.56646      1308.4162      1691.9827      143.47437      292.82623      0.12908469   
     49000   348.19061      1347.0386      1695.2292      232.0119       301.47         0.12769598   
     50000   397.36162      1344.6522      1742.0138      128.39008      300.93593      0.12561727   
     51000   373.21621      1369.7084      1742.9246      64.487578      306.54356      0.12304594   
     52000   403.25189      1370.2129      1773.4648      140.57613      306.65645      0.12535482   
     53000   380.50761      1359.6358      1740.1434      180.19417      304.28927      0.12664055   
     54000   368.17791      1356.4864      1724.6644      109.91606      303.58445      0.12844153   
     55000   359.69162      1360.9747      1720.6663      125.70889      304.58893      0.12940057   
     56000   375.44811      1375.2158      1750.664       173.45032      307.77613      0.12410449   
     57000   388.64096      1354.1874      1742.8284      135.18858      303.06992      0.1203564    
     58000   358.768        1376.379       1735.147       129.05014      308.03644      0.12342471   
     59000   372.54666      1354.8171      1727.3638      137.67103      303.21085      0.12605285   
     59001   367.75111      1358.7955      1726.5466      140.51693      304.10122      0.12606084   
Loop time of 266.314 on 8 procs for 50000 steps with 1500 atoms

Performance: 1.622 ns/day, 14.795 hours/ns, 187.748 timesteps/s, 281.622 katom-step/s
99.4% CPU use with 8 MPI tasks x 1 OpenMP threads

MPI task timing breakdown:
Section |  min time  |  avg time  |  max time  |%varavg| %total
---------------------------------------------------------------
Pair    | 6.8448     | 8.3567     | 9.6941     |  33.6 |  3.14
Bond    | 0.4674     | 0.49684    | 0.53872    |   3.2 |  0.19
Kspace  | 122.05     | 123.43     | 124.94     |   8.8 | 46.35
Neigh   | 0.03821    | 0.038448   | 0.03868    |   0.1 |  0.01
Comm    | 3.7211     | 3.8038     | 3.8789     |   2.6 |  1.43
Output  | 0.0023444  | 0.0025084  | 0.0035021  |   0.8 |  0.00
Modify  | 110.76     | 120.39     | 129.72     |  56.2 | 45.21
Other   |            | 9.791      |            |       |  3.68

Nlocal:          187.5 ave         216 max         158 min
Histogram: 2 1 0 0 0 1 1 1 0 2
Nghost:        1437.75 ave        1481 max        1399 min
Histogram: 1 0 2 2 0 0 0 2 0 1
Neighs:        10913.1 ave       14149 max        8523 min
Histogram: 2 1 0 0 2 0 2 0 0 1

Total # of neighbors = 87305
Ave neighs/atom = 58.203333
Ave special neighs/atom = 2
Neighbor list builds = 86
Dangerous builds = 0

timestep    0.25
run         ${Ninptpre}
run         50000
PPPM initialization ...
  using 12-bit tables for long-range coulomb (src/kspace.cpp:342)
  G vector (1/distance) = 0.27017829
  grid = 54 54 54
  stencil order = 5
  estimated absolute RMS force accuracy = 0.00030962566
  estimated relative force accuracy = 9.3242848e-07
  using single precision FFTW3
  3d grid and FFT values/proc = 39304 20412
Generated 1 of 1 mixed pair_coeff terms from arithmetic mixing rule
Last active /omp style is kspace_style pppm/omp
Per MPI rank memory allocation (min/avg/max) = 9.055 | 9.114 | 9.322 Mbytes
   Step         PotEng         KinEng         TotEng         Press           Temp        v_Density   
     59001   367.75064      1358.7955      1726.5461      140.518        304.10122      0.12606084   
     60000   391.10645      1327.822       1718.9285      157.51735      297.1693       0.13434444   
     61000   385.87444      1297.0019      1682.8764      144.73487      290.27169      0.13419996   
     62000   383.88265      1324.7308      1708.6134      118.09799      296.47747      0.12595689   
     63000   384.47324      1376.6883      1761.1615      120.42775      308.10567      0.12482824   
     64000   374.71255      1370.216       1744.9285      191.54457      306.65715      0.13019226   
     65000   380.37453      1390.6233      1770.9979      191.19684      311.22436      0.12437631   
     66000   373.01738      1302.0361      1675.0534      160.44982      291.39834      0.13887671   
     67000   384.98907      1309.3828      1694.3719      138.40706      293.04256      0.12837445   
     68000   399.68819      1293.7604      1693.4486      144.92073      289.54623      0.12960263   
     69000   412.11093      1332.9244      1745.0353      100.54908      298.31122      0.13491381   
     70000   386.82829      1373.6622      1760.4905      111.38211      307.42842      0.13459122   
     71000   406.58611      1333.3771      1739.9632      84.073075      298.41253      0.12595324   
     72000   374.61552      1342.7364      1717.3519      154.93454      300.50716      0.14215531   
     73000   394.07462      1339.3285      1733.4031      183.65336      299.74446      0.12692571   
     74000   386.38111      1324.9857      1711.3668      190.15738      296.53451      0.13108536   
     75000   390.14426      1329.8464      1719.9907      149.12714      297.62236      0.12549475   
     76000   388.93784      1305.1641      1694.1019      113.73243      292.0984       0.13389278   
     77000   375.87375      1298.1459      1674.0196      82.269631      290.52772      0.12707574   
     78000   367.49817      1319.9698      1687.468       119.44499      295.41195      0.13257992   
     79000   419.32921      1399.3987      1818.7279      181.32846      313.1883       0.12547601   
     80000   390.7084       1414.7875      1805.4959      240.9041       316.63235      0.13777153   
     81000   394.59939      1355.0003      1749.5997      155.80845      303.25185      0.127564     
     82000   403.07828      1337.3157      1740.3939      137.80482      299.29399      0.13331127   
     83000   395.181        1306.1454      1701.3264      105.68774      292.31802      0.12077718   
     84000   378.73482      1375.1093      1753.8441      105.42435      307.75228      0.12858075   
     85000   369.94097      1325.454       1695.395       148.0156       296.63933      0.13628185   
     86000   381.25391      1303.3672      1684.6211      193.9318       291.69625      0.12667614   
     87000   375.98548      1294.7937      1670.7791      191.1781       289.77748      0.13316703   
     88000   375.31439      1327.6985      1703.0129      207.97017      297.14166      0.13430704   
     89000   396.19422      1329.0964      1725.2906      113.77269      297.4545       0.13082529   
     90000   383.25524      1341.7959      1725.0512      13.750568      300.29668      0.12646617   
     91000   414.94456      1345.5524      1760.497       46.656238      301.1374       0.12052787   
     92000   403.7855       1377.9663      1781.7518      172.85312      308.3917       0.12817813   
     93000   391.89735      1338.2489      1730.1463      271.73753      299.50285      0.13417625   
     94000   388.36507      1325.555       1713.92        233.6907       296.66192      0.12908718   
     95000   388.03042      1350.1334      1738.1639      144.66138      302.16263      0.13075259   
     96000   417.23756      1346.0158      1763.2533      81.376582      301.24109      0.13101316   
     97000   408.84203      1333.8757      1742.7177      63.013192      298.52412      0.13229917   
     98000   415.19955      1337.331       1752.5306      126.39985      299.29743      0.12281513   
     99000   384.8815       1350.1863      1735.0678      193.89553      302.17446      0.13300348   
    100000   411.70406      1320.5674      1732.2714      202.0686       295.54569      0.12623313   
    101000   367.79509      1305.2081      1673.0031      153.21066      292.10824      0.13466859   
    102000   386.8894       1309.1503      1696.0397      112.44742      292.99051      0.12805648   
    103000   425.18667      1330.2584      1755.4451      78.59847       297.71457      0.12370351   
    104000   405.14011      1351.9111      1757.0512      114.32454      302.56047      0.13422757   
    105000   399.19862      1365.8708      1765.0694      136.72352      305.68468      0.12392848   
    106000   392.27034      1385.0407      1777.311       168.03518      309.97495      0.12787012   
    107000   384.40881      1340.3045      1724.7133      157.25         299.96289      0.13171222   
    108000   396.99491      1301.8185      1698.8134      131.29217      291.34966      0.12186861   
    109000   401.19316      1352.7304      1753.9236      106.58165      302.74385      0.13260869   
    109001   391.39676      1363.9173      1755.3141      110.67396      305.2475       0.13260915   
Loop time of 326.142 on 8 procs for 50000 steps with 1500 atoms

Performance: 3.311 ns/day, 7.248 hours/ns, 153.308 timesteps/s, 229.961 katom-step/s
99.4% CPU use with 8 MPI tasks x 1 OpenMP threads

MPI task timing breakdown:
Section |  min time  |  avg time  |  max time  |%varavg| %total
---------------------------------------------------------------
Pair    | 6.9015     | 7.4444     | 8.457      |  19.3 |  2.28
Bond    | 0.47965    | 0.50612    | 0.54332    |   3.1 |  0.16
Kspace  | 150.15     | 151.23     | 151.78     |   4.5 | 46.37
Neigh   | 0.089905   | 0.090297   | 0.090597   |   0.1 |  0.03
Comm    | 3.9448     | 3.9642     | 4.0048     |   1.0 |  1.22
Output  | 0.002215   | 0.0023703  | 0.0033378  |   0.8 |  0.00
Modify  | 141.56     | 152.38     | 162.49     |  55.0 | 46.72
Other   |            | 10.53      |            |       |  3.23

Nlocal:          187.5 ave         206 max         170 min
Histogram: 1 0 0 2 2 0 1 1 0 1
Nghost:         1481.5 ave        1497 max        1465 min
Histogram: 1 0 1 1 2 0 0 1 0 2
Neighs:          11582 ave       13961 max       10088 min
Histogram: 2 0 0 2 2 1 0 0 0 1

Total # of neighbors = 92656
Ave neighs/atom = 61.770667
Ave special neighs/atom = 2
Neighbor list builds = 207
Dangerous builds = 0

timestep    0.5
run         ${Ninptpre}
run         50000
PPPM initialization ...
  using 12-bit tables for long-range coulomb (src/kspace.cpp:342)
  G vector (1/distance) = 0.26666452
  grid = 50 50 50
  stencil order = 5
  estimated absolute RMS force accuracy = 0.00041555049
  estimated relative force accuracy = 1.251418e-06
  using single precision FFTW3
  3d grid and FFT values/proc = 32768 16250
Generated 1 of 1 mixed pair_coeff terms from arithmetic mixing rule
Last active /omp style is kspace_style pppm/omp
Per MPI rank memory allocation (min/avg/max) = 8.649 | 8.704 | 8.916 Mbytes
   Step         PotEng         KinEng         TotEng         Press           Temp        v_Density   
    109001   391.39801      1363.9173      1755.3153      110.67027      305.2475       0.13260915   
    110000   489.62579      1346.4225      1836.0482      100.20479      301.33211      0.15296288   
    111000   495.43285      1375.2977      1870.7305      280.60054      307.79445      0.15609624   
    112000   510.03071      1341.7384      1851.7691      124.74665      300.2838       0.15592798   
    113000   484.48268      1342.2932      1826.7759      68.120995      300.40798      0.15060093   
    114000   492.81349      1367.5153      1860.3288      224.20904      306.05272      0.14979839   
    115000   473.02754      1336.1752      1809.2028      163.66982      299.03876      0.15239795   
    116000   471.92678      1407.7168      1879.6436      79.479543      315.04991      0.15734771   
    117000   480.57147      1303.8468      1784.4183      147.66683      291.80359      0.15571708   
    118000   471.79428      1345.1288      1816.9231      201.6555       301.04259      0.15866094   
    119000   461.94278      1333.0696      1795.0123      88.712297      298.34371      0.14971875   
    120000   477.12431      1357.9166      1835.0409      181.49148      303.90453      0.16356102   
    121000   475.86961      1304.4019      1780.2716      150.26878      291.92783      0.15489549   
    122000   502.15122      1387.4059      1889.5571      104.6252       310.50429      0.15560708   
    123000   455.58115      1309.584       1765.1652      188.27103      293.08759      0.15279532   
    124000   454.11486      1301.7615      1755.8764      184.87386      291.33691      0.16675807   
    125000   468.1404       1353.5472      1821.6876      30.490831      302.92663      0.16245034   
    126000   479.49161      1363.8599      1843.3516      217.28007      305.23465      0.15620208   
    127000   482.33697      1345.0265      1827.3634      160.46137      301.01968      0.15060555   
    128000   473.75411      1293.9788      1767.7329      78.01049       289.59511      0.16053373   
    129000   462.25023      1356.9532      1819.2034      166.44563      303.6889       0.15486666   
    130000   475.63976      1361.3262      1836.9659      175.43035      304.66759      0.14976597   
    131000   471.99085      1310.545       1782.5359      40.128241      293.30266      0.1559275    
    132000   508.90377      1306.3886      1815.2924      116.53666      292.37245      0.15654727   
    133000   473.77953      1376.7928      1850.5723      262.48736      308.12906      0.16300874   
    134000   452.09289      1311.0895      1763.1824      133.25884      293.42451      0.1615423    
    135000   511.30862      1339.0486      1850.3572      94.039224      299.68183      0.14855729   
    136000   477.12046      1332.59        1809.7104      300.82791      298.23637      0.15893309   
    137000   485.35092      1391.4026      1876.7535      156.83597      311.39875      0.15495465   
    138000   475.41818      1333.7743      1809.1925      61.366152      298.50143      0.15103822   
    139000   452.74078      1339.569       1792.3098      204.38737      299.7983       0.15853675   
    140000   456.57073      1306.4901      1763.0608      145.70139      292.39516      0.15439473   
    141000   451.54387      1357.5092      1809.053       20.094319      303.81334      0.14958249   
    142000   462.04733      1309.6563      1771.7037      178.75637      293.10378      0.1605479    
    143000   469.29511      1336.396       1805.6911      181.13392      299.08816      0.15227092   
    144000   475.33566      1363.9791      1839.3147      27.765897      305.26131      0.16362428   
    145000   467.80467      1258.0097      1725.8144      147.8733       281.54516      0.15533514   
    146000   477.00414      1361.3105      1838.3147      203.4617       304.66409      0.15754081   
    147000   485.77944      1349.396       1835.1754      70.824368      301.99759      0.16576476   
    148000   496.70577      1337.9919      1834.6977      130.92007      299.44534      0.1579083    
    149000   465.71127      1362.2419      1827.9532      185.68929      304.87254      0.16512809   
    150000   459.06653      1329.9365      1789.003       88.438743      297.64252      0.1783679    
    151000   458.18324      1378.1001      1836.2834      165.15471      308.42164      0.15843727   
    152000   471.38199      1319.648       1791.03        181.09528      295.33992      0.15023253   
    153000   457.79399      1321.8414      1779.6354      49.470713      295.83083      0.16485427   
    154000   480.47112      1330.5024      1810.9735      188.2893       297.76916      0.15906173   
    155000   461.5264       1298.2491      1759.7755      165.02428      290.55082      0.15750043   
    156000   490.41111      1388.7841      1879.1952      76.719799      310.81273      0.1484884    
    157000   465.55296      1283.7052      1749.2581      160.3146       287.29585      0.15510863   
    158000   500.95609      1375.5041      1876.4602      164.48748      307.84064      0.14790433   
    159000   457.38145      1330.7525      1788.134       89.974487      297.82515      0.1539124    
    159001   481.62667      1320.8071      1802.4338      79.979104      295.59935      0.15391576   
Loop time of 267.233 on 8 procs for 50000 steps with 1500 atoms

Performance: 8.083 ns/day, 2.969 hours/ns, 187.103 timesteps/s, 280.654 katom-step/s
99.4% CPU use with 8 MPI tasks x 1 OpenMP threads

MPI task timing breakdown:
Section |  min time  |  avg time  |  max time  |%varavg| %total
---------------------------------------------------------------
Pair    | 8.0402     | 8.5674     | 9.2878     |  14.9 |  3.21
Bond    | 0.47933    | 0.50249    | 0.52838    |   2.3 |  0.19
Kspace  | 122.96     | 123.71     | 124.32     |   4.0 | 46.29
Neigh   | 0.19396    | 0.19518    | 0.19574    |   0.1 |  0.07
Comm    | 4.0574     | 4.142      | 4.2039     |   2.2 |  1.55
Output  | 0.0022334  | 0.0023907  | 0.0034288  |   0.8 |  0.00
Modify  | 110.85     | 120.42     | 129.65     |  55.5 | 45.06
Other   |            | 9.696      |            |       |  3.63

Nlocal:          187.5 ave         235 max         151 min
Histogram: 1 1 2 0 0 2 0 1 0 1
Nghost:        1632.25 ave        1686 max        1576 min
Histogram: 1 0 2 0 1 0 2 0 1 1
Neighs:        13415.1 ave       18956 max        9659 min
Histogram: 2 0 2 0 0 2 1 0 0 1

Total # of neighbors = 107321
Ave neighs/atom = 71.547333
Ave special neighs/atom = 2
Neighbor list builds = 395
Dangerous builds = 0

#-----------------------
# Run (Initialization)
#-----------------------

unfix       runnpt
reset_timestep 0

fix runnpt all npt temp ${simulationTemp} ${simulationTemp} 100 iso ${pressure} ${pressure} 1000
fix runnpt all npt temp 300 ${simulationTemp} 100 iso ${pressure} ${pressure} 1000
fix runnpt all npt temp 300 300 100 iso ${pressure} ${pressure} 1000
fix runnpt all npt temp 300 300 100 iso 138.18 ${pressure} 1000
fix runnpt all npt temp 300 300 100 iso 138.18 138.18 1000

timestep    ${timestep}
timestep    0.5
run         ${Ninpt}
run         400000
PPPM initialization ...
  using 12-bit tables for long-range coulomb (src/kspace.cpp:342)
  G vector (1/distance) = 0.26927811
  grid = 50 50 50
  stencil order = 5
  estimated absolute RMS force accuracy = 0.00036140794
  estimated relative force accuracy = 1.0883693e-06
  using single precision FFTW3
  3d grid and FFT values/proc = 32768 16250
Generated 1 of 1 mixed pair_coeff terms from arithmetic mixing rule
Last active /omp style is kspace_style pppm/omp
Per MPI rank memory allocation (min/avg/max) = 8.65 | 8.706 | 8.918 Mbytes
   Step         PotEng         KinEng         TotEng         Press           Temp        v_Density   
         0   481.62576      1320.8071      1802.4329      79.978909      295.59935      0.15391576   
      1000   490.69555      1301.5762      1792.2718      80.442234      291.29543      0.15349951   
      2000   463.75686      1306.5443      1770.3012      126.56036      292.40731      0.15133122   
      3000   464.70392      1292.8525      1757.5564      186.40723      289.34303      0.14948283   
      4000   459.57732      1318.2903      1777.8676      252.52184      295.03607      0.15410563   
      5000   461.25329      1338.2071      1799.4604      264.2938       299.4935       0.16197318   
      6000   451.93693      1340.6498      1792.5867      256.24413      300.04017      0.16246318   
      7000   467.96669      1332.0186      1799.9853      141.03688      298.1085       0.15693018   
      8000   470.91187      1334.5406      1805.4525      91.737245      298.67293      0.15058605   
      9000   468.57988      1310.3029      1778.8827      80.057161      293.24847      0.14745388   
     10000   492.08571      1333.7288      1825.8145      93.826435      298.49125      0.14843816   
     11000   480.19127      1343.3132      1823.5045      158.18278      300.63625      0.15323217   
     12000   496.97641      1340.9381      1837.9145      178.8041       300.1047       0.1574873    
     13000   499.43692      1347.9746      1847.4115      145.92123      301.67949      0.15880481   
     14000   495.98544      1375.8772      1871.8626      112.41782      307.92414      0.15831668   
     15000   465.89532      1378.243       1844.1383      45.854245      308.45362      0.15718776   
     16000   463.78485      1371.9926      1835.7775      94.083755      307.05477      0.1577436    
     17000   518.98361      1348.9987      1867.9823      138.45791      301.90868      0.15586365   
     18000   503.05782      1382.7837      1885.8415      137.79161      309.46983      0.15049855   
     19000   495.35826      1356.1018      1851.4601      158.49954      303.49838      0.14753886   
     20000   508.53514      1330.2349      1838.77        123.51713      297.7093       0.14790049   
     21000   493.97571      1329.3248      1823.3005      78.630409      297.50562      0.15217777   
     22000   504.5377       1368.192       1872.7297      65.001361      306.20418      0.15769492   
     23000   474.88755      1367.3919      1842.2795      80.480941      306.02512      0.15891261   
     24000   479.96075      1303.8132      1783.7739      88.842077      291.79606      0.15750693   
     25000   469.80134      1356.7012      1826.5026      102.0094       303.63252      0.15495114   
     26000   484.81267      1334.7315      1819.5442      121.59749      298.71565      0.15228745   
     27000   467.12718      1332.1982      1799.3253      87.36847       298.14868      0.1502017    
     28000   488.51401      1280.3615      1768.8755      74.362795      286.54753      0.1498663    
     29000   454.68896      1302.3699      1757.0589      78.750272      291.47306      0.15050521   
     30000   478.31487      1320.6522      1798.9671      122.76441      295.56468      0.15374169   
     31000   477.33759      1319.2105      1796.5481      141.4966       295.24203      0.1583202    
     32000   450.49729      1318.2657      1768.763       171.51339      295.03057      0.16195279   
     33000   445.82918      1313.8876      1759.7168      131.3926       294.05075      0.1623841    
     34000   464.49018      1264.3768      1728.8669      114.13783      282.97011      0.16332319   
     35000   469.86335      1298.4218      1768.2851      101.57184      290.58946      0.16397164   
     36000   477.66284      1330.8737      1808.5366      51.597557      297.85227      0.15887578   
     37000   491.51456      1349.488       1841.0025      99.195084      302.01818      0.15414447   
     38000   497.32488      1377.389       1874.7138      128.27053      308.26248      0.15129152   
     39000   473.04833      1382.6775      1855.7258      142.66306      309.44607      0.14997698   
     40000   494.95023      1338.6625      1833.6127      140.48111      299.59541      0.14960827   
     41000   469.40075      1365.934       1835.3348      126.59291      305.69883      0.15033166   
     42000   466.70349      1327.3035      1794.007       130.64832      297.05325      0.15240831   
     43000   485.43496      1346.0331      1831.4681      92.879867      301.24498      0.15582025   
     44000   487.89783      1355.3646      1843.2624      60.891962      303.33337      0.15954514   
     45000   457.46514      1373.6395      1831.1047      100.24826      307.42334      0.1626131    
     46000   468.51607      1373.6018      1842.1179      126.60987      307.4149       0.1626147    
     47000   492.2908       1380.9428      1873.2336      168.69156      309.05783      0.15778455   
     48000   472.58176      1357.9452      1830.5269      165.64967      303.91092      0.15171946   
     49000   468.59201      1360.5374      1829.1294      145.34428      304.49106      0.15075834   
     50000   490.35713      1350.1479      1840.505       149.44872      302.16586      0.1536741    
     51000   478.53592      1351.844       1830.38        124.21498      302.54547      0.1551171    
     52000   468.39965      1359.3446      1827.7443      175.95487      304.22412      0.15567252   
     53000   484.14966      1402.4828      1886.6325      194.2624       313.87853      0.1548971    
     54000   497.63174      1370.3427      1867.9744      194.55545      306.6855       0.15454164   
     55000   478.88424      1340.9676      1819.8519      207.95725      300.11131      0.15534776   
     56000   487.49722      1304.2496      1791.7468      178.7216       291.89373      0.15728536   
     57000   445.86534      1327.8712      1773.7365      152.11558      297.18029      0.1598238    
     58000   477.18716      1303.261       1780.4482      118.01056      291.6725       0.15723138   
     59000   457.8654       1312.4496      1770.315       89.791887      293.72892      0.14965673   
     60000   491.1892       1346.2139      1837.4031      64.567561      301.28543      0.1459498    
     61000   499.08831      1360.2624      1859.3507      104.56548      304.42951      0.14655692   
     62000   482.34955      1342.7319      1825.0815      97.275461      300.50616      0.14825422   
     63000   466.82735      1373.7553      1840.5827      118.00207      307.44926      0.15334042   
     64000   467.94365      1365.791       1833.7347      110.52713      305.66684      0.15788253   
     65000   489.45314      1342.335       1831.7881      125.79032      300.41733      0.15900867   
     66000   503.13911      1368.2738      1871.413       143.29008      306.22249      0.15737874   
     67000   476.59144      1346.9234      1823.5149      172.07329      301.44423      0.15343953   
     68000   492.64374      1366.1938      1858.8375      150.78182      305.75697      0.14898186   
     69000   507.5909       1362.6729      1870.2638      152.01854      304.96899      0.14598852   
     70000   497.27249      1355.3821      1852.6546      145.59415      303.33731      0.14513051   
     71000   499.09442      1345.7529      1844.8473      162.0102       301.18226      0.14902545   
     72000   498.01869      1368.1736      1866.1923      168.9929       306.20007      0.15603317   
     73000   470.69564      1386.9813      1857.6769      156.46933      310.40926      0.16051906   
     74000   472.20937      1345.1319      1817.3413      124.04604      301.04329      0.16027362   
     75000   487.05452      1347.9099      1834.9644      122.42274      301.665        0.15683798   
     76000   481.73537      1367.4085      1849.1439      108.48275      306.02884      0.15330695   
     77000   498.49417      1357.8531      1856.3473      167.21743      303.89032      0.15291759   
     78000   483.30109      1372.5502      1855.8513      208.19694      307.17955      0.15317198   
     79000   504.3964       1309.3421      1813.7385      169.69624      293.03345      0.15104032   
     80000   492.64898      1322.4309      1815.0799      114.30107      295.96275      0.14923417   
     81000   474.85237      1318.5646      1793.4169      80.028485      295.09746      0.1472663    
     82000   496.84607      1326.4205      1823.2665      67.443125      296.85562      0.14674931   
     83000   472.1433       1319.6295      1791.7728      74.507122      295.33578      0.14626909   
     84000   473.68202      1342.9976      1816.6796      86.516122      300.56562      0.14826879   
     85000   500.24983      1307.897       1808.1468      128.40696      292.71004      0.15474591   
     86000   482.548        1359.0635      1841.6115      150.22805      304.16121      0.15978147   
     87000   469.07755      1345.9498      1815.0274      117.16121      301.22633      0.16006259   
     88000   462.38297      1364.0198      1826.4028      100.37481      305.27043      0.15953525   
     89000   502.97686      1394.6029      1897.5798      106.15008      312.11499      0.15662664   
     90000   518.76869      1363.9769      1882.7456      99.515065      305.26083      0.15258797   
     91000   473.8751       1353.1079      1826.983       103.76333      302.82832      0.15070532   
     92000   498.29594      1316.9579      1815.2539      132.35366      294.73789      0.15312833   
     93000   449.51686      1355.1774      1804.6942      152.92103      303.29148      0.15912358   
     94000   462.63515      1315.9899      1778.625       217.05818      294.52124      0.16429073   
     95000   474.40982      1331.7089      1806.1187      169.91561      298.03918      0.16355271   
     96000   477.4461       1309.471       1786.9171      143.5737       293.0623       0.1587799    
     97000   494.62491      1327.6985      1822.3234      156.99121      297.14165      0.15264701   
     98000   476.55921      1300.8388      1777.3981      131.33398      291.1304       0.14866634   
     99000   474.51015      1331.5508      1806.061       116.11442      298.00381      0.147918     
    100000   474.20952      1343.2203      1817.4298      112.09413      300.61545      0.14930454   
    101000   486.57025      1345.9957      1832.566       128.55483      301.2366       0.15222752   
    102000   435.86725      1373.6242      1809.4914      164.00275      307.41991      0.15529115   
    103000   486.80485      1345.0322      1831.837       158.26436      301.02096      0.15605132   
    104000   469.17919      1367.6755      1836.8547      175.3427       306.08858      0.15685632   
    105000   498.4578       1388.0768      1886.5346      190.59617      310.65443      0.15951927   
    106000   469.10652      1400.8036      1869.9101      148.00662      313.50272      0.16094668   
    107000   502.04551      1354.8998      1856.9453      142.92113      303.22935      0.16378962   
    108000   476.24205      1354.8875      1831.1296      94.29915       303.22661      0.16405925   
    109000   470.36428      1373.5742      1843.9385      89.191287      307.40872      0.16246238   
    110000   474.08936      1341.8462      1815.9355      87.496014      300.30793      0.15959788   
    111000   463.59642      1370.1104      1833.7069      112.57516      306.63353      0.15766087   
    112000   482.97253      1339.5941      1822.5666      173.62893      299.80391      0.15676214   
    113000   461.70075      1394.9828      1856.6836      205.62769      312.20002      0.15696903   
    114000   459.16447      1371.8481      1831.0125      267.57304      307.02241      0.16131177   
    115000   461.74072      1357.1147      1818.8554      329.14577      303.72504      0.16912483   
    116000   457.02124      1386.4918      1843.5131      284.68681      310.29972      0.17042491   
    117000   487.89321      1364.5926      1852.4858      169.23446      305.39862      0.16780603   
    118000   451.21259      1369.4278      1820.6404      97.403609      306.48075      0.1648291    
    119000   453.92671      1357.2023      1811.129       88.962256      303.74465      0.16234653   
    120000   472.85048      1348.2561      1821.1066      59.056696      301.74249      0.15903707   
    121000   486.15803      1339.5594      1825.7174      144.52904      299.79614      0.15582366   
    122000   503.62647      1364.4478      1868.0743      130.04438      305.36623      0.15256982   
    123000   499.21316      1341.6137      1840.8268      113.36606      300.2559       0.1503551    
    124000   471.14471      1369.6803      1840.825       107.60814      306.53726      0.15169101   
    125000   516.74119      1365.4141      1882.1553      135.5665       305.58249      0.15471087   
    126000   487.57185      1352.5339      1840.1058      157.81831      302.69987      0.1557572    
    127000   456.83288      1355.0884      1811.9213      227.04403      303.27156      0.1563426    
    128000   480.42915      1333.347       1813.7761      194.28684      298.40579      0.15406641   
    129000   465.51441      1303.5462      1769.0606      134.52686      291.73632      0.15084589   
    130000   480.72898      1298.1185      1778.8475      101.57049      290.52158      0.15192514   
    131000   455.39811      1354.5225      1809.9206      84.634214      303.14491      0.15483936   
    132000   486.74177      1345.6256      1832.3673      70.977766      301.15376      0.15985493   
    133000   479.88761      1361.3136      1841.2012      102.46491      304.66477      0.16640721   
    134000   437.47192      1375.8892      1813.3611      176.26396      307.92683      0.16952942   
    135000   466.68884      1339.6646      1806.3534      188.73995      299.81968      0.16612596   
    136000   488.88844      1350.1426      1839.031       158.29297      302.16469      0.16136288   
    137000   474.60235      1334.5787      1809.1811      140.78064      298.68146      0.15847502   
    138000   458.66658      1337.8375      1796.504       91.50065       299.41077      0.15768404   
    139000   477.3324       1304.0987      1781.4311      41.134739      291.85995      0.1577565    
    140000   477.52457      1325.8239      1803.3485      68.440508      296.72212      0.1588188    
    141000   443.86084      1323.3441      1767.205       87.32503       296.16714      0.15991725   
    142000   474.02467      1320.768       1794.7927      115.89765      295.59059      0.16180254   
    143000   477.91277      1355.4288      1833.3416      179.37212      303.34775      0.16617247   
    144000   446.10945      1363.527       1809.6364      239.21255      305.16014      0.1720003    
    145000   475.4991       1342.0601      1817.5592      200.97089      300.3558       0.17090591   
    146000   487.20814      1364.7177      1851.9258      158.51547      305.42662      0.16337126   
    147000   486.99424      1337.1132      1824.1075      89.358077      299.24868      0.15671875   
    148000   456.68129      1319.2355      1775.9167      76.509979      295.2476       0.15446619   
    149000   474.87798      1293.4299      1768.3079      60.62814       289.47227      0.1543644    
    150000   489.01654      1302.674       1791.6906      48.018343      291.54112      0.15756725   
    151000   465.46151      1320.9149      1786.3764      93.970795      295.62346      0.1639866    
    152000   452.58771      1330.1193      1782.707       154.30421      297.68342      0.16670479   
    153000   468.77703      1303.009       1771.786       135.51686      291.61608      0.16469135   
    154000   482.66863      1327.1294      1809.798       198.88384      297.01429      0.1632259    
    155000   457.94143      1315.6343      1773.5757      191.13532      294.44166      0.15980695   
    156000   506.22597      1312.8335      1819.0595      182.14048      293.81484      0.15743409   
    157000   474.71738      1316.0991      1790.8164      87.777103      294.54567      0.15535548   
    158000   470.15527      1303.9226      1774.0778      53.84675       291.82055      0.1561062    
    159000   482.86827      1308.634       1791.5023      32.674188      292.87497      0.15677196   
    160000   473.29604      1350.9819      1824.278       112.09242      302.35253      0.15872909   
    161000   482.9242       1369.5235      1852.4477      193.24295      306.50217      0.16057125   
    162000   515.53481      1363.4819      1879.0167      259.53609      305.15005      0.16272229   
    163000   497.88162      1369.9552      1867.8368      247.34531      306.59878      0.16439442   
    164000   451.14774      1347.3377      1798.4854      185.26152      301.53694      0.1659095    
    165000   466.07228      1322.1122      1788.1845      99.691018      295.89142      0.16464931   
    166000   477.32358      1319.2243      1796.5479      70.602975      295.24512      0.16192229   
    167000   473.0795       1324.6608      1797.7403      97.834127      296.4618       0.15728832   
    168000   500.37357      1322.4928      1822.8664      95.69036       295.97661      0.15285552   
    169000   474.26414      1313.2876      1787.5518      127.35698      293.91647      0.14868762   
    170000   499.35373      1338.1079      1837.4616      111.9294       299.47129      0.14661861   
    171000   490.00962      1314.0211      1804.0307      157.19902      294.08061      0.14837916   
    172000   490.31097      1281.0689      1771.3799      151.40867      286.70586      0.1530062    
    173000   479.37644      1325.0755      1804.4519      188.73495      296.55461      0.15845355   
    174000   488.76071      1358.1297      1846.8905      116.67919      303.95222      0.15835531   
    175000   487.51993      1355.9064      1843.4264      79.933093      303.45464      0.15682835   
    176000   509.72931      1345.905       1855.6343      56.857062      301.2163       0.15513562   
    177000   469.21404      1370.5976      1839.8117      88.135397      306.74256      0.15358089   
    178000   505.86219      1381.9575      1887.8197      93.559561      309.28492      0.1520056    
    179000   500.78069      1331.2774      1832.0581      136.9352       297.94262      0.15107521   
    180000   477.61464      1313.958       1791.5726      169.60636      294.06649      0.15100255   
    181000   479.83774      1318.6697      1798.5074      170.05995      295.12098      0.15365669   
    182000   489.67423      1331.9007      1821.5749      194.76085      298.0821       0.15777119   
    183000   476.14349      1334.63        1810.7735      191.89787      298.69293      0.16146598   
    184000   470.55793      1358.4194      1828.9774      214.67593      304.01706      0.16305036   
    185000   471.86189      1357.5615      1829.4234      174.24453      303.82506      0.15897379   
    186000   506.73657      1367.0361      1873.7727      153.07567      305.94549      0.15448051   
    187000   497.36444      1411.3184      1908.6828      142.2898       315.85595      0.15020086   
    188000   482.1874       1383.5927      1865.7801      129.95718      309.65089      0.14779824   
    189000   523.54825      1337.734       1861.2822      107.6317       299.38761      0.14852941   
    190000   451.17685      1380.6886      1831.8655      141.57809      309.00094      0.15492374   
    191000   440.00949      1352.2263      1792.2358      167.36634      302.63101      0.16224461   
    192000   463.98568      1283.253       1747.2386      178.84847      287.19465      0.16398445   
    193000   493.69682      1309.0436      1802.7404      110.29339      292.96664      0.16162276   
    194000   463.12271      1335.7695      1798.8922      92.423716      298.94795      0.15872217   
    195000   466.16021      1360.7823      1826.9425      111.89051      304.54587      0.15715623   
    196000   502.65718      1346.3349      1848.9921      87.821821      301.31252      0.15461853   
    197000   506.00587      1337.9744      1843.9803      64.097436      299.44142      0.15196561   
    198000   487.56234      1363.0881      1850.6504      80.694314      305.06191      0.1506633    
    199000   508.41063      1360.134       1868.5446      133.60505      304.40078      0.15205244   
    200000   515.30234      1380.4743      1895.7767      207.92794      308.95298      0.1532496    
    201000   497.97758      1361.5026      1859.4802      220.62363      304.70707      0.15430804   
    202000   488.50715      1375.9639      1864.4711      235.99391      307.94355      0.15887579   
    203000   486.21736      1365.2027      1851.42        221.3323       305.53516      0.16404751   
    204000   466.94029      1313.3049      1780.2452      173.86037      293.92033      0.16734558   
    205000   460.66372      1337.9659      1798.6296      113.30061      299.43952      0.1647884    
    206000   462.73374      1324.9799      1787.7137      107.08732      296.53323      0.15980343   
    207000   465.05558      1315.809       1780.8646      86.695174      294.48075      0.15591981   
    208000   471.98888      1301.6811      1773.67        93.030024      291.3189       0.1551588    
    209000   481.51946      1332.0076      1813.527       107.17092      298.10603      0.15686549   
    210000   515.41762      1327.8989      1843.3165      74.830922      297.1865       0.1597686    
    211000   464.75134      1318.6592      1783.4105      97.413712      295.11863      0.16207225   
    212000   462.41066      1289.5638      1751.9745      78.41531       288.60703      0.16090845   
    213000   460.71144      1318.9957      1779.7072      110.77681      295.19395      0.15830946   
    214000   470.03351      1345.6388      1815.6723      93.878604      301.15672      0.15326083   
    215000   525.47959      1282.8789      1808.3585      90.619435      287.11094      0.14911875   
    216000   490.29594      1323.0606      1813.3565      176.06618      296.10367      0.14718034   
    217000   472.86303      1341.2099      1814.0729      218.44754      300.16552      0.14802254   
    218000   466.269        1314.8104      1781.0794      274.3976       294.25726      0.15439818   
    219000   459.95729      1354.7499      1814.7072      274.30155      303.19581      0.16206345   
    220000   447.5657       1377.3778      1824.9435      243.61823      308.25998      0.16433259   
    221000   470.51661      1322.1634      1792.68        136.83364      295.90288      0.16331527   
    222000   469.52195      1325.5945      1795.1165      52.270237      296.67078      0.16072538   
    223000   454.45036      1325.7071      1780.1574     -4.8036571      296.69597      0.15979828   
    224000   487.64696      1365.0176      1852.6646      42.462191      305.49375      0.16154824   
    225000   481.77106      1349.5261      1831.2971      81.866341      302.0267       0.16049268   
    226000   483.42812      1345.7061      1829.1342      128.65624      301.17178      0.15420662   
    227000   495.50291      1339.6174      1835.1203      174.44899      299.80911      0.14876788   
    228000   509.92576      1353.2042      1863.13        162.57418      302.84988      0.14781409   
    229000   479.99128      1346.671       1826.6623      162.31123      301.38774      0.15172986   
    230000   482.02842      1364.7209      1846.7493      89.067061      305.42735      0.15575307   
    231000   521.5711       1376.577       1898.1481      7.611077       308.08076      0.15837758   
    232000   502.24922      1374.3399      1876.5891      5.3118785      307.58009      0.15862065   
    233000   483.61041      1377.2244      1860.8348      93.792859      308.22564      0.15809555   
    234000   464.14152      1370.1919      1834.3334      205.54172      306.65176      0.15835418   
    235000   490.72399      1362.5119      1853.2359      244.62542      304.93296      0.15790823   
    236000   496.32694      1363.4609      1859.7878      207.1941       305.14535      0.15394289   
    237000   480.54969      1347.6163      1828.166       163.30505      301.59929      0.14836105   
    238000   504.10125      1323.9352      1828.0364      81.577784      296.29941      0.14363943   
    239000   482.33554      1325.0623      1807.3979      63.835365      296.55167      0.14448143   
    240000   457.60181      1336.1538      1793.7556      19.160087      299.03397      0.14718419   
    241000   456.20751      1314.706       1770.9136      27.066889      294.23391      0.14916287   
    242000   497.46841      1270.8233      1768.2917      52.983275      284.41287      0.15150045   
    243000   457.8802       1341.9811      1799.8613      108.10189      300.33812      0.15475956   
    244000   482.53148      1331.443       1813.9744      153.39937      297.97967      0.15619156   
    245000   454.88384      1368.5858      1823.4696      193.50035      306.29231      0.15599263   
    246000   500.53253      1369.5501      1870.0826      196.72835      306.50812      0.15637554   
    247000   474.00184      1362.4378      1836.4397      178.28661      304.91639      0.15618202   
    248000   514.58447      1367.6685      1882.253       114.42042      306.08702      0.15604988   
    249000   475.57384      1358.3167      1833.8906      70.38991       303.99407      0.15411235   
    250000   503.61293      1310.6466      1814.2596      52.081577      293.32541      0.1503796    
    251000   502.88053      1292.03        1794.9105      21.754786      289.15897      0.14816207   
    252000   492.73551      1321.8948      1814.6303      64.615868      295.84277      0.1526975    
    253000   476.33752      1321.8899      1798.2274      78.129008      295.84168      0.15728058   
    254000   477.59084      1323.933       1801.5239      105.00331      296.29893      0.15917319   
    255000   444.22627      1302.4301      1746.6563      123.31559      291.48652      0.1590289    
    256000   475.55283      1320.5676      1796.1204      82.976555      295.54573      0.15981414   
    257000   469.92571      1325.9072      1795.833       45.948853      296.74076      0.16072938   
    258000   461.93959      1326.0293      1787.9689      110.93952      296.76808      0.16049978   
    259000   486.89547      1291.1701      1778.0656      151.64207      288.96652      0.15767344   
    260000   494.08704      1257.3281      1751.4151      208.03067      281.3926       0.15038606   
    261000   468.72482      1322.0071      1790.7319      240.58923      295.8679       0.14623207   
    262000   507.33608      1323.99        1831.3261      234.15856      296.31168      0.14782938   
    263000   478.62381      1332.341       1810.9648      212.41182      298.18065      0.15299561   
    264000   450.54422      1343.2061      1793.7503      166.7141       300.61228      0.15569706   
    265000   470.62255      1331.3914      1802.014       109.58096      297.96814      0.15708519   
    266000   496.09641      1377.6745      1873.7709      37.697869      308.32638      0.15820432   
    267000   494.18934      1343.3107      1837.5001      59.297151      300.6357       0.16155497   
    268000   473.11794      1373.4158      1846.5338      118.53492      307.37328      0.16574195   
    269000   465.49423      1320.9502      1786.4444      154.40626      295.63137      0.16915471   
    270000   485.14609      1310.9942      1796.1403      166.90824      293.4032       0.16898884   
    271000   463.27648      1317.6833      1780.9598      173.72359      294.90023      0.16404102   
    272000   459.00659      1286.011       1745.0176      159.12713      287.8119       0.15837165   
    273000   486.27424      1315.3894      1801.6636      137.33918      294.38684      0.1571206    
    274000   463.65864      1301.8231      1765.4818      89.093348      291.35069      0.15798932   
    275000   443.6714       1273.0757      1716.7471      109.73174      284.91696      0.1603838    
    276000   468.67816      1304.7432      1773.4213      109.21715      292.0042       0.16276772   
    277000   443.38134      1340.0313      1783.4126      116.30813      299.90175      0.16503584   
    278000   476.87598      1328.0438      1804.9198      98.860503      297.21892      0.16281262   
    279000   465.17704      1315.6531      1780.8302      99.914241      294.44587      0.15863417   
    280000   488.96371      1310.9125      1799.8762      125.59328      293.38491      0.15628279   
    281000   466.19445      1338.6267      1804.8211      199.56944      299.5874       0.15659749   
    282000   442.18859      1341.2451      1783.4337      240.20498      300.17341      0.15827929   
    283000   446.7361       1314.8836      1761.6197      213.17842      294.27365      0.16247913   
    284000   470.86614      1332.3102      1803.1763      175.1906       298.17375      0.16786935   
    285000   451.3274       1356.3676      1807.695       119.25751      303.55786      0.16831518   
    286000   458.68178      1354.6575      1813.3392      108.54876      303.17512      0.16366861   
    287000   487.97124      1344.2754      1832.2467      99.786217      300.8516       0.15678215   
    288000   505.31112      1328.8111      1834.1222      167.72449      297.39065      0.15489248   
    289000   468.08344      1330.6481      1798.7316      233.14371      297.80178      0.15526434   
    290000   492.06597      1323.2169      1815.2829      238.736        296.13865      0.15749051   
    291000   470.11741      1348.0651      1818.1826      193.52702      301.69975      0.16138415   
    292000   450.98395      1406.1165      1857.1005      169.65314      314.69176      0.16378626   
    293000   477.39497      1364.5177      1841.9127      134.53919      305.38187      0.16520816   
    294000   487.34134      1355.6323      1842.9737      132.59994      303.3933       0.16654475   
    295000   467.74357      1372.5686      1840.3122      138.04355      307.18368      0.1656439    
    296000   481.26706      1411.8168      1893.0838      169.68872      315.96749      0.16131671   
    297000   509.47513      1341.8204      1851.2956      193.40537      300.30216      0.15685142   
    298000   489.21804      1381.4409      1870.6589      179.01996      309.16931      0.15458614   
    299000   488.16167      1340.2539      1828.4156      167.00318      299.95158      0.15437639   
    300000   467.26264      1351.9844      1819.247       112.63204      302.57688      0.15655112   
    301000   488.87988      1330.6608      1819.5407      43.921685      297.80462      0.16106008   
    302000   452.75615      1315.6804      1768.4366      56.54477       294.45198      0.16494948   
    303000   448.63107      1341.6963      1790.3274      68.690339      300.27438      0.16398242   
    304000   476.47193      1320.5404      1797.0123      100.70224      295.53965      0.15782753   
    305000   485.73131      1304.3631      1790.0944      118.8254       291.91914      0.15252642   
    306000   476.06877      1293.3264      1769.3952      139.98424      289.44911      0.15289392   
    307000   478.69611      1314.7336      1793.4298      141.33123      294.24009      0.15627429   
    308000   456.99213      1326.7064      1783.6985      137.7016       296.91961      0.15915068   
    309000   462.64982      1313.4021      1776.0519      85.839436      293.94208      0.15805287   
    310000   491.89073      1269.6733      1761.564       90.395683      284.15549      0.15712256   
    311000   475.46587      1329.3817      1804.8476      92.912072      297.51836      0.15534903   
    312000   476.50917      1349.7916      1826.3008      136.38665      302.08613      0.1539624    
    313000   500.33819      1349.5501      1849.8883      155.7829       302.03209      0.15299475   
    314000   497.21628      1354.8149      1852.0311      160.51719      303.21034      0.14983365   
    315000   469.75383      1403.1725      1872.9263      170.5479       314.03289      0.14449146   
    316000   517.81133      1349.2208      1867.0321      178.81585      301.95838      0.14137991   
    317000   519.57872      1371.1645      1890.7432      153.64541      306.86942      0.14108207   
    318000   470.75543      1348.6492      1819.4047      197.77628      301.83047      0.14633446   
    319000   479.48938      1348.1701      1827.6595      224.29345      301.72324      0.15150745   
    320000   502.35295      1384.7406      1887.0935      187.90608      309.90778      0.15221324   
    321000   487.29261      1345.2474      1832.54        119.61521      301.06913      0.15195302   
    322000   499.057        1344.0603      1843.1173      82.661295      300.80345      0.15352066   
    323000   511.17164      1319.742       1830.9137      57.698643      295.36097      0.15623413   
    324000   485.5506       1333.0763      1818.6269      79.29491       298.34522      0.15694176   
    325000   466.86633      1375.4389      1842.3052      113.89254      307.82605      0.15667108   
    326000   478.48012      1304.9306      1783.4107      158.773        292.04615      0.15824282   
    327000   437.4216       1312.1749      1749.5965      260.61153      293.66744      0.16003655   
    328000   466.67875      1310.8313      1777.5101      220.16279      293.36674      0.15825918   
    329000   528.45321      1302.8007      1831.2539      146.70845      291.56947      0.15452534   
    330000   497.60192      1320.1398      1817.7417      65.152285      295.44999      0.14988137   
    331000   481.63641      1345.6844      1827.3208      80.987361      301.16694      0.1487487    
    332000   458.96933      1384.0515      1843.0209      84.963419      309.75357      0.15170227   
    333000   510.44164      1326.8736      1837.3153      95.767727      296.95704      0.15811758   
    334000   486.16597      1354.8206      1840.9866      154.23284      303.21163      0.16520745   
    335000   480.98892      1359.7007      1840.6896      167.29869      304.30381      0.16628777   
    336000   469.64682      1315.6444      1785.2912      206.26451      294.44392      0.16620263   
    337000   486.12109      1287.1493      1773.2704      220.43117      288.06666      0.16356843   
    338000   476.97868      1305.6179      1782.5965      234.71984      292.19996      0.16124268   
    339000   451.71338      1341.1108      1792.8242      198.78717      300.14335      0.15944485   
    340000   493.8306       1316.2339      1810.0645      155.07245      294.57585      0.16110285   
    341000   480.87151      1363.6906      1844.5621      110.53226      305.19675      0.16636797   
    342000   456.38636      1351.1362      1807.5225      142.67622      302.38705      0.17247323   
    343000   455.54439      1369.9308      1825.4752      189.07443      306.59333      0.17371542   
    344000   465.90251      1400.4337      1866.3362      159.81555      313.41993      0.16899582   
    345000   496.13623      1369.7501      1865.8864      188.28822      306.55289      0.16387098   
    346000   477.73261      1362.7974      1840.53        177.28124      304.99685      0.16036289   
    347000   482.07243      1347.3324      1829.4049      139.41844      301.53577      0.16140535   
    348000   453.10553      1318.2662      1771.3717      99.222074      295.03068      0.16345092   
    349000   468.45541      1277.4225      1745.8779      98.643867      285.88978      0.16514923   
    350000   477.97966      1323.8294      1801.809       113.17716      296.27573      0.16500998   
    351000   434.07594      1322.299       1756.3749      178.27909      295.93323      0.16393143   
    352000   463.74247      1337.0881      1800.8306      218.22418      299.24307      0.15975328   
    353000   484.63123      1321.8923      1806.5236      172.64126      295.84222      0.15157572   
    354000   502.8564       1347.0652      1849.9216      124.43023      301.47596      0.14753338   
    355000   500.1193       1349.3362      1849.4555      96.194604      301.9842       0.15035353   
    356000   453.29586      1319.9417      1773.2376      132.81692      295.40566      0.15637166   
    357000   477.26296      1331.8698      1809.1327      169.74129      298.07519      0.16022755   
    358000   472.05338      1326.7537      1798.8071      145.27788      296.93021      0.16186445   
    359000   484.04748      1369.2537      1853.3012      184.0292       306.44179      0.16255056   
    360000   460.15303      1363.4751      1823.6281      158.98143      305.14852      0.16033939   
    361000   502.64725      1356.8417      1859.489       116.2367       303.66397      0.15706246   
    362000   499.77092      1365.5067      1865.2777      112.66237      305.60321      0.15248306   
    363000   486.51176      1391.3997      1877.9115      122.50157      311.39811      0.15028213   
    364000   529.95652      1399.2304      1929.1869      129.86283      313.15063      0.15199857   
    365000   479.54327      1351.1777      1830.7209      136.39256      302.39634      0.15659752   
    366000   488.56192      1352.4119      1840.9738      131.26563      302.67256      0.16676282   
    367000   465.68008      1289.5911      1755.2712      74.95425       288.61315      0.17072828   
    368000   451.18587      1320.1377      1771.3236      26.471433      295.44953      0.16975811   
    369000   442.53112      1336.574       1779.1051      37.754475      299.12801      0.16599969   
    370000   457.15658      1322.954       1780.1106      106.68526      296.07982      0.16196053   
    371000   479.44286      1330.9953      1810.4382      203.1547       297.87948      0.15974119   
    372000   475.68716      1320.1052      1795.7924      257.3691       295.44225      0.15956318   
    373000   470.8875       1327.8678      1798.7553      250.46708      297.17955      0.1604665    
    374000   473.7314       1320.6867      1794.4181      172.37482      295.5724       0.16254105   
    375000   457.2354       1313.5816      1770.817       117.35792      293.98226      0.16369531   
    376000   468.95448      1329.1265      1798.081       89.653545      297.46125      0.16049399   
    377000   518.4398       1363.4122      1881.852       94.499644      305.13445      0.15209199   
    378000   498.53972      1359.3432      1857.8829      75.590223      304.2238       0.14967235   
    379000   521.33427      1365.3043      1886.6385      95.61711       305.5579       0.15308642   
    380000   476.48709      1322.7019      1799.189       104.00023      296.02339      0.15885737   
    381000   476.82681      1332.7764      1809.6032      127.92708      298.2781       0.16128807   
    382000   475.63218      1350.9441      1826.5763      106.90576      302.34407      0.15964618   
    383000   495.09074      1365.5258      1860.6165      127.92424      305.60747      0.15650583   
    384000   475.47945      1380.8575      1856.337       163.01668      309.03874      0.15359445   
    385000   501.13085      1358.6544      1859.7852      192.63656      304.06964      0.15244604   
    386000   488.75926      1336.0537      1824.813       150.59558      299.01157      0.15362074   
    387000   481.87382      1324.1951      1806.069       92.837386      296.35759      0.15832505   
    388000   474.83318      1337.7397      1812.5729      49.442243      299.38889      0.16432513   
    389000   476.46276      1305.1272      1781.59        108.5707       292.09015      0.16561228   
    390000   447.03202      1306.0275      1753.0595      131.96777      292.29163      0.16316809   
    391000   467.38194      1330.7222      1798.1042      211.50157      297.81836      0.16345922   
    392000   449.56345      1338.8239      1788.3874      268.63134      299.63154      0.16512039   
    393000   470.21422      1319.1186      1789.3328      217.62578      295.22144      0.16610167   
    394000   458.48002      1340.5404      1799.0204      183.24696      300.01568      0.16835641   
    395000   461.48         1393.1186      1854.5986      141.90667      311.78281      0.16723158   
    396000   463.6422       1390.9576      1854.5998      79.999249      311.29917      0.15994016   
    397000   473.81452      1368.6044      1842.4189      28.016031      306.29647      0.15314909   
    398000   511.15221      1360.1636      1871.3158      50.803787      304.4074       0.15156144   
    399000   502.41727      1335.8371      1838.2544      131.58104      298.96309      0.15553445   
    400000   485.29863      1356.5783      1841.8769      201.23576      303.605        0.1578562    
Loop time of 2113.5 on 8 procs for 400000 steps with 1500 atoms

Performance: 8.176 ns/day, 2.935 hours/ns, 189.260 timesteps/s, 283.890 katom-step/s
99.4% CPU use with 8 MPI tasks x 1 OpenMP threads

MPI task timing breakdown:
Section |  min time  |  avg time  |  max time  |%varavg| %total
---------------------------------------------------------------
Pair    | 63.788     | 68.34      | 71.311     |  28.3 |  3.23
Bond    | 3.7278     | 3.9937     | 4.169      |   6.5 |  0.19
Kspace  | 967.03     | 970.47     | 975.66     |   8.4 | 45.92
Neigh   | 1.1974     | 1.203      | 1.206      |   0.2 |  0.06
Comm    | 31.812     | 32.189     | 32.414     |   3.4 |  1.52
Output  | 0.016886   | 0.018249   | 0.027221   |   2.5 |  0.00
Modify  | 887.81     | 961.99     | 1032.9     | 154.6 | 45.52
Other   |            | 75.3       |            |       |  3.56

Nlocal:          187.5 ave         219 max         165 min
Histogram: 2 1 0 1 0 1 2 0 0 1
Nghost:        1658.75 ave        1699 max        1605 min
Histogram: 1 0 1 1 0 0 2 1 0 2
Neighs:        13694.1 ave       16806 max       11154 min
Histogram: 1 3 0 0 0 1 0 1 0 2

Total # of neighbors = 109553
Ave neighs/atom = 73.035333
Ave special neighs/atom = 2
Neighbor list builds = 2518
Dangerous builds = 0

unfix       runnpt
reset_timestep 0

#-------------------------------------------------- PRODUCTION ----------------------------------------------------------#

fix	            npt_production all npt temp ${simulationTemp} ${simulationTemp} 100.0 iso ${pressure} ${pressure} 1000.0
fix	            npt_production all npt temp 300 ${simulationTemp} 100.0 iso ${pressure} ${pressure} 1000.0
fix	            npt_production all npt temp 300 300 100.0 iso ${pressure} ${pressure} 1000.0
fix	            npt_production all npt temp 300 300 100.0 iso 138.18 ${pressure} 1000.0
fix	            npt_production all npt temp 300 300 100.0 iso 138.18 138.18 1000.0
fix             DensAve all ave/time 1 ${NBR} ${NBR} v_Density file density.dat
fix             DensAve all ave/time 1 20000 ${NBR} v_Density file density.dat
fix             DensAve all ave/time 1 20000 20000 v_Density file density.dat
fix             VoluAve all ave/time 1 ${npt_run} ${npt_run} v_Volume file volume.dat
fix             VoluAve all ave/time 1 2000000 ${npt_run} v_Volume file volume.dat
fix             VoluAve all ave/time 1 2000000 2000000 v_Volume file volume.dat
fix             Densfinal all ave/time 1 ${npt_run} ${npt_run} v_Density file density_final.dat
fix             Densfinal all ave/time 1 2000000 ${npt_run} v_Density file density_final.dat
fix             Densfinal all ave/time 1 2000000 2000000 v_Density file density_final.dat

restart         ${restartfreq} restart_${NAME}.1 restart_${NAME}.2
restart         1000000 restart_${NAME}.1 restart_${NAME}.2
restart         1000000 restart_N2.1 restart_${NAME}.2
restart         1000000 restart_N2.1 restart_N2.2

run             ${npt_run}
run             2000000
PPPM initialization ...
  using 12-bit tables for long-range coulomb (src/kspace.cpp:342)
  G vector (1/distance) = 0.26767544
  grid = 48 48 48
  stencil order = 5
  estimated absolute RMS force accuracy = 0.00041968407
  estimated relative force accuracy = 1.2638661e-06
  using single precision FFTW3
  3d grid and FFT values/proc = 29791 13824
Generated 1 of 1 mixed pair_coeff terms from arithmetic mixing rule
Last active /omp style is kspace_style pppm/omp
Per MPI rank memory allocation (min/avg/max) = 8.467 | 8.501 | 8.736 Mbytes
   Step         PotEng         KinEng         TotEng         Press           Temp        v_Density   
         0   485.29989      1356.5783      1841.8782      201.23412      303.605        0.1578562    
      1000   474.70822      1377.36        1852.0682      235.73214      308.256        0.15862247   
      2000   486.08539      1379.6636      1865.749       250.77617      308.77155      0.16238931   
      3000   492.45328      1407.2663      1899.7196      209.65431      314.9491       0.16393273   
      4000   473.91297      1355.9454      1829.8584      160.73667      303.46337      0.16250221   
      5000   484.3242       1337.6799      1822.0041      125.27093      299.37552      0.15709376   
      6000   479.50029      1313.6333      1793.1336      78.98175       293.99383      0.15084324   
      7000   495.91838      1314.9592      1810.8775      75.916426      294.29056      0.14998158   
      8000   508.59689      1321.4358      1830.0327      90.749471      295.74005      0.15351228   
      9000   469.94716      1323.9244      1793.8715      161.09045      296.29699      0.15900163   
     10000   485.38464      1308.3995      1793.7841      251.11073      292.82249      0.16219861   
     11000   499.72008      1321.503       1821.223       215.86133      295.75507      0.16131309   
     12000   502.42905      1359.8693      1862.2983      204.4306       304.34153      0.16171406   
     13000   490.62328      1339.8176      1830.4409      162.62628      299.85393      0.16038978   
     14000   481.11045      1348.1322      1829.2427      107.71017      301.71475      0.15960831   
     15000   502.08408      1353.3055      1855.3896      99.822773      302.87254      0.15904304   
     16000   490.52716      1378.4876      1869.0147      92.41573       308.50835      0.15143618   
     17000   497.96118      1409.1859      1907.1471      90.596443      315.3787       0.14619681   
     18000   490.89573      1371.7298      1862.6255      77.656702      306.99594      0.14815357   
     19000   480.94767      1331.002       1811.9497      113.69289      297.88098      0.15396812   
     20000   494.62372      1343.8666      1838.4903      185.01676      300.76011      0.15970528   
     21000   486.53675      1337.8759      1824.4127      251.60313      299.41937      0.16168322   
     22000   486.07497      1338.3761      1824.4511      233.16389      299.53133      0.15939469   
     23000   483.43246      1315.2252      1798.6577      195.22519      294.35011      0.15405217   
     24000   494.05238      1339.29        1833.3424      149.81693      299.73585      0.14975701   
     25000   497.95134      1311.1177      1809.069       97.335066      293.43083      0.14752176   
     26000   500.69605      1324.6629      1825.359       75.024955      296.46228      0.14883909   
     27000   472.41219      1349.0087      1821.4208      50.434184      301.91091      0.150558     
     28000   498.89748      1297.6533      1796.5508      77.852409      290.41747      0.15322964   
     29000   515.11124      1323.7538      1838.865       104.55478      296.25881      0.15607532   
     30000   531.41016      1360.8571      1892.2672      94.677327      304.5626       0.1592191    
     31000   464.26467      1356.8795      1821.1442      112.90921      303.67243      0.16700317   
     32000   456.21048      1350.6362      1806.8467      142.07556      302.27516      0.17142945   
     33000   467.27987      1368.5167      1835.7965      146.93136      306.27684      0.17063559   
     34000   490.11635      1344.852       1834.9683      128.46793      300.98063      0.16620548   
     35000   480.39265      1346.0646      1826.4573      151.80791      301.25202      0.16045756   
     36000   478.74633      1321.9832      1800.7296      139.2642       295.86256      0.1560883    
     37000   460.54789      1316.3003      1776.8482      210.44629      294.59072      0.15622816   
     38000   489.32098      1315.5975      1804.9185      218.31903      294.43342      0.15726467   
     39000   466.75856      1370.0105      1836.7691      254.07349      306.61117      0.16200387   
     40000   469.87618      1346.6159      1816.4921      228.21673      301.37541      0.16755165   
     41000   480.35791      1340.3515      1820.7094      124.09849      299.97341      0.16838003   
     42000   490.47297      1353.6947      1844.1677      52.267175      302.95966      0.16561564   
     43000   478.89208      1389.9882      1868.8803      86.16643       311.08222      0.16203002   
     44000   469.32534      1355.8508      1825.1761      103.92777      303.44219      0.15895993   
     45000   507.99231      1373.4894      1881.4817      144.09758      307.38975      0.15816798   
     46000   486.51704      1358.0169      1844.5339      143.1786       303.92697      0.15732816   
     47000   505.50501      1389.0333      1894.5383      185.51963      310.8685       0.1581438    
     48000   488.51073      1371.4925      1860.0032      226.27342      306.94283      0.15812569   
     49000   479.21762      1381.1989      1860.4165      217.30266      309.11515      0.1557436    
     50000   498.26078      1350.1704      1848.4312      232.80192      302.17091      0.1533802    
     51000   514.5564       1355.4547      1870.0112      123.6367       303.35355      0.15065034   
     52000   493.91212      1380.0682      1873.9804      120.95036      308.86211      0.15167252   
     53000   489.81903      1347.4177      1837.2367      127.50964      301.55485      0.15481255   
     54000   504.29933      1369.9326      1874.2319      109.64927      306.59373      0.16035103   
     55000   494.30348      1319.9409      1814.2444      83.808152      295.40548      0.16315591   
     56000   456.86366      1337.2437      1794.1074      72.685829      299.27789      0.16206804   
     57000   448.18204      1338.6887      1786.8707      125.76598      299.60127      0.15866381   
     58000   477.6555       1299.5699      1777.2254      87.417687      290.84642      0.15438373   
     59000   498.18162      1257.2872      1755.4689      93.755751      281.38346      0.15384085   
     60000   490.36118      1303.1314      1793.4925      125.90709      291.64347      0.15572557   
     61000   459.58771      1333.9964      1793.5841      121.4822       298.55114      0.16036918   
     62000   478.51241      1310.5415      1789.0539      93.743312      293.30188      0.16691437   
     63000   473.71685      1307.6402      1781.3571      112.30407      292.65256      0.17029616   
     64000   497.06445      1316.7451      1813.8096      122.5331       294.69026      0.1672958    
     65000   498.70631      1319.3006      1818.0069      119.37252      295.26218      0.160536     
     66000   501.0167       1344.9367      1845.9534      66.949644      300.99959      0.15615807   
     67000   474.07977      1386.431       1860.5108      99.765553      310.28611      0.15557748   
     68000   496.90121      1387.2986      1884.1998      145.69689      310.48027      0.15683598   
     69000   498.31124      1364.8854      1863.1967      171.97148      305.46416      0.15953438   
     70000   487.69809      1356.9592      1844.6573      219.94829      303.69026      0.16238448   
     71000   469.80478      1376.5619      1846.3667      198.02729      308.07739      0.16507063   
     72000   475.387        1377.1892      1852.5762      161.4552       308.21776      0.16708464   
     73000   465.74204      1340.2291      1805.9712      93.760071      299.94603      0.16495825   
     74000   477.50409      1342.4144      1819.9185      29.753136      300.43509      0.15998469   
     75000   479.21341      1328.8821      1808.0955      25.686634      297.40654      0.15666797   
     76000   465.5504       1320.9744      1786.5248      47.735878      295.63679      0.15526711   
     77000   450.09871      1301.7248      1751.8235      80.051694      291.32868      0.15446258   
     78000   470.95926      1309.7579      1780.7171      189.12688      293.1265       0.15758688   
     79000   472.92295      1325.8323      1798.7552      231.0752       296.72398      0.16136254   
     80000   478.49195      1318.6426      1797.1346      261.62255      295.11493      0.16382423   
     81000   468.4071       1314.2034      1782.6105      217.1553       294.12142      0.16344539   
     82000   459.94013      1318.208       1778.1481      155.13313      295.01765      0.16029969   
     83000   491.33925      1354.338       1845.6773      110.82656      303.10363      0.15688627   
     84000   490.65647      1381.0303      1871.6868      22.641752      309.07742      0.15403936   
     85000   484.71741      1353.1608      1837.8782      34.964181      302.84015      0.15423855   
     86000   485.86366      1350.4587      1836.3224      83.161497      302.23544      0.15990648   
     87000   503.36255      1356.2062      1859.5688      106.0181       303.52174      0.16564716   
     88000   478.1754       1349.6019      1827.7773      183.04902      302.04367      0.16663873   
     89000   468.25305      1371.7541      1840.0072      216.84321      307.00139      0.16273773   
     90000   503.30684      1346.2673      1849.5741      174.98595      301.29738      0.15655072   
     91000   480.29394      1342.6334      1822.9274      121.35928      300.48412      0.15487504   
     92000   476.68258      1315.5507      1792.2333      83.511308      294.42296      0.15762175   
     93000   477.84385      1308.5055      1786.3493      63.509826      292.84621      0.15971454   
     94000   487.13793      1295.1587      1782.2966      49.502359      289.85917      0.16152043   
     95000   472.25661      1273.7735      1746.0301      64.240397      285.07312      0.16254119   
     96000   480.2761       1310.9471      1791.2232      110.19183      293.39265      0.16193654   
     97000   468.94223      1346.6644      1815.6066      205.95581      301.38626      0.16139961   
     98000   474.41014      1356.6632      1831.0734      150.11333      303.62401      0.15899683   
     99000   508.81039      1352.6324      1861.4428      145.5034       302.72191      0.15910007   
    100000   448.96906      1381.1663      1830.1354      131.06368      309.10785      0.15924154   
    101000   493.09829      1340.5857      1833.684       84.654158      300.02584      0.15842654   
    102000   484.48381      1333.2929      1817.7767      118.40195      298.39369      0.16335547   
    103000   465.77004      1363.0035      1828.7736      174.32462      305.04299      0.17111206   
    104000   484.63519      1308.1169      1792.7521      181.49678      292.75925      0.17077736   
    105000   456.15253      1326.0335      1782.1861      151.51085      296.76903      0.16606746   
    106000   466.27988      1334.6171      1800.897       127.28369      298.69005      0.16312872   
    107000   484.60905      1324.9684      1809.5775      123.47509      296.53066      0.16164236   
    108000   476.30304      1300.3012      1776.6042      89.778158      291.01008      0.16047572   
    109000   475.88388      1317.6952      1793.579       93.907114      294.90288      0.15974437   
    110000   486.18834      1299.588       1785.7763      97.272481      290.85046      0.15936781   
    111000   464.27038      1342.2456      1806.516       135.45633      300.39732      0.1595051    
    112000   474.94832      1325.3527      1800.301       151.84124      296.61664      0.15838329   
    113000   484.36489      1327.5382      1811.9031      160.09439      297.10577      0.15772321   
    114000   472.10436      1330.647       1802.7513      200.13868      297.80152      0.16073068   
    115000   487.03419      1330.7357      1817.7699      213.39898      297.82139      0.16486783   
    116000   465.92782      1325.3145      1791.2423      183.72476      296.6081       0.16684705   
    117000   430.0406       1316.3129      1746.3535      181.28145      294.59354      0.16877757   
    118000   448.27252      1345.1777      1793.4502      177.7456       301.05353      0.17005996   
    119000   463.42007      1367.1418      1830.5618      114.06345      305.96913      0.16424387   
    120000   492.53412      1377.9984      1870.5325      88.526853      308.39888      0.15687566   
    121000   486.08413      1344.7785      1830.8626      117.85416      300.96418      0.15272942   
    122000   480.47474      1349.8764      1830.3512      141.50529      302.10512      0.15070024   
    123000   516.67674      1347.6372      1864.314       223.1696       301.60398      0.15280392   
    124000   505.00424      1349.253       1854.2572      217.81309      301.96559      0.15546682   
    125000   494.07966      1373.8885      1867.9682      142.08968      307.47907      0.1562139    
    126000   506.71167      1330.8581      1837.5698      35.386034      297.84877      0.15743765   
    127000   468.10091      1318.0319      1786.1328      34.968552      294.97825      0.16307621   
    128000   480.31471      1324.1135      1804.4282      67.17553       296.33931      0.17080325   
    129000   464.02515      1290.7568      1754.7819      129.32042      288.87402      0.17248609   
    130000   473.24279      1324.7271      1797.9699      150.29728      296.47665      0.16871009   
    131000   466.78665      1326.7331      1793.5197      206.66666      296.92559      0.16275689   
    132000   487.62237      1340.3326      1827.9549      202.9936       299.96918      0.15790453   
    133000   478.0689       1334.8472      1812.9161      216.60576      298.74155      0.15774251   
    134000   488.14604      1374.5577      1862.7037      192.98572      307.62884      0.1597679    
    135000   484.20184      1379.5549      1863.7567      143.95132      308.74722      0.16331048   
    136000   467.29524      1378.9103      1846.2055      104.64696      308.60295      0.16647268   
    137000   494.51178      1331.9836      1826.4954      84.823421      298.10067      0.16690082   
    138000   480.03491      1354.9696      1835.0046      98.864933      303.24499      0.16629536   
    139000   490.17694      1363.2053      1853.3822      99.921868      305.08814      0.16490041   
    140000   483.75007      1335.2335      1818.9836      70.956426      298.82801      0.1602923    
    141000   470.43306      1333.9316      1804.3646      50.199717      298.53662      0.1544092    
    142000   473.85955      1337.2928      1811.1523      77.737556      299.28887      0.15317325   
    143000   481.37605      1314.6977      1796.0737      102.62401      294.23204      0.15545722   
    144000   462.07332      1314.6261      1776.6994      152.03717      294.21602      0.16081282   
    145000   476.7185       1333.5103      1810.2288      163.73858      298.44233      0.16316005   
    146000   452.58681      1331.3112      1783.898       136.54233      297.95018      0.16450487   
    147000   465.48802      1330.2812      1795.7692      123.98365      297.71966      0.16573848   
    148000   483.26436      1384.3364      1867.6007      145.52649      309.81732      0.16651452   
    149000   488.66703      1374.4214      1863.0885      152.97996      307.59834      0.16592814   
    150000   494.95708      1356.2627      1851.2197      193.63943      303.53437      0.16455293   
    151000   473.46108      1342.9515      1816.4126      212.00024      300.5553       0.15850303   
    152000   477.74399      1338.7841      1816.5281      231.47393      299.62264      0.15332476   
    153000   489.36003      1324.1011      1813.4612      154.78576      296.33655      0.15107607   
    154000   499.17204      1268.6162      1767.7882      114.32247      283.9189       0.15249398   
    155000   470.86432      1323.77        1794.6343      80.743008      296.26244      0.15664214   
    156000   463.82084      1337.45        1801.2708      96.402386      299.32405      0.16259348   
    157000   465.28958      1337.5612      1802.8507      79.841438      299.34893      0.16512077   
    158000   487.19991      1340.1123      1827.3122      68.179447      299.91989      0.16464508   
    159000   484.00441      1369.9885      1853.9929      120.18778      306.60624      0.16414124   
    160000   482.05145      1386.7157      1868.7672      148.86944      310.34982      0.16292958   
    161000   521.47287      1364.6143      1886.0871      200.8443       305.40347      0.16053492   
    162000   491.36379      1341.9672      1833.331       171.33122      300.33502      0.15570354   
    163000   494.59208      1341.448       1836.0401      133.92136      300.21881      0.15086745   
    164000   473.68316      1355.9651      1829.6483      126.96348      303.46778      0.14985911   
    165000   468.2912       1320.6768      1788.968       124.09152      295.57018      0.15188854   
    166000   494.3957       1311.9089      1806.3046      77.783598      293.60791      0.15602045   
    167000   468.45374      1321.0574      1789.5112      135.29699      295.65537      0.16002801   
    168000   474.00591      1305.794       1779.8         186.38372      292.23939      0.16360049   
    169000   462.34498      1312.1553      1774.5003      185.96128      293.66306      0.16429543   
    170000   466.90332      1280.6767      1747.58        161.21289      286.61808      0.16347817   
    171000   451.02528      1334.3203      1785.3455      111.08342      298.62361      0.15973349   
    172000   471.48822      1342.8735      1814.3617      77.684494      300.53784      0.15603128   
    173000   491.15719      1326.5974      1817.7545      63.74572       296.89521      0.15476966   
    174000   480.77831      1344.9923      1825.7706      99.102027      301.01203      0.1564895    
    175000   476.90372      1367.1232      1844.0269      190.69563      305.96497      0.16457837   
    176000   465.47856      1343.8329      1809.3114      284.75391      300.75256      0.16866553   
    177000   450.38284      1354.0153      1804.3982      300.69927      303.03141      0.16676207   
    178000   500.08141      1338.0151      1838.0965      265.3409       299.45053      0.16107596   
    179000   497.3794       1329.8077      1827.1871      227.28425      297.6137       0.15615851   
    180000   502.50327      1322.8581      1825.3614      153.83234      296.05836      0.15501694   
    181000   513.09745      1350.9161      1864.0135      72.611275      302.33779      0.15365431   
    182000   515.19401      1381.5162      1896.7102      8.1097415      309.18615      0.15327855   
    183000   490.63835      1350.4333      1841.0717     -16.331687      302.22974      0.15460263   
    184000   509.52641      1355.6439      1865.1704      33.070225      303.3959       0.15899873   
    185000   485.86788      1339.6616      1825.5295      169.52871      299.81901      0.16257488   
    186000   459.84339      1371.3393      1831.1827      230.01123      306.90854      0.16170784   
    187000   483.71239      1347.162       1830.8744      296.82701      301.49762      0.15940867   
    188000   486.98818      1378.5058      1865.494       294.20546      308.51243      0.15561898   
    189000   486.41362      1349.0614      1835.475       231.70039      301.9227       0.15131543   
    190000   509.16537      1353.3521      1862.5175      118.58306      302.88298      0.15143803   
    191000   480.31341      1349.5627      1829.8761      47.706499      302.03491      0.15804518   
    192000   487.18451      1332.6118      1819.7963      7.9195813      298.24126      0.16489507   
    193000   500.58395      1323.785       1824.3689      58.456778      296.2658       0.16861206   
    194000   491.50709      1339.3415      1830.8486      118.50142      299.74738      0.16870987   
    195000   467.27776      1357.037       1824.3148      109.36293      303.70767      0.16516423   
    196000   471.85013      1380.2687      1852.1188      154.35965      308.90697      0.15953357   
    197000   506.60096      1325.736       1832.3369      140.38441      296.70243      0.15564352   
    198000   475.95088      1306.3096      1782.2604      138.07147      292.35476      0.15542517   
    199000   497.71459      1327.3513      1825.0659      159.21997      297.06396      0.15818075   
    200000   479.76164      1322.6101      1802.3717      130.25847      296.00285      0.16178948   
    201000   467.3565       1311.4875      1778.844       126.25891      293.51359      0.16386391   
    202000   468.25005      1291.9477      1760.1978      116.90415      289.14055      0.16391724   
    203000   468.13724      1282.0917      1750.2289      115.35575      286.93475      0.1626487    
    204000   475.3536       1353.2511      1828.6047      156.04828      302.86037      0.16050808   
    205000   495.79835      1347.7781      1843.5765      145.09103      301.63551      0.15754328   
    206000   510.28737      1348.4858      1858.7731      149.09251      301.79388      0.15618421   
    207000   477.74923      1350.0163      1827.7656      204.13426      302.13643      0.15659459   
    208000   500.75264      1348.5553      1849.3079      249.31431      301.80943      0.15815873   
    209000   499.55663      1395.3932      1894.9499      233.56924      312.29187      0.159312     
    210000   479.89701      1399.71        1879.607       239.93596      313.25797      0.15834769   
    211000   493.80203      1376.4872      1870.2892      197.10149      308.06065      0.15378405   
    212000   500.80504      1351.7285      1852.5336      142.28827      302.51962      0.14953185   
    213000   488.88325      1364.694       1853.5773      137.24493      305.42132      0.1500516    
    214000   503.92647      1383.2787      1887.2052      126.10887      309.58062      0.15339616   
    215000   475.31036      1387.8397      1863.1501      150.92551      310.60138      0.15676936   
    216000   495.24978      1366.9884      1862.2381      161.10844      305.9348       0.15739346   
    217000   488.53959      1392.869       1881.4086      140.94076      311.72695      0.15674206   
    218000   480.1276       1363.8368      1843.9644      133.50383      305.22948      0.15607177   
    219000   509.52998      1327.2988      1836.8288      135.85061      297.05219      0.15585563   
    220000   469.22158      1371.3756      1840.5972      155.80015      306.91668      0.15447211   
    221000   512.1249       1311.4577      1823.5826      153.36447      293.50692      0.14948371   
    222000   523.03201      1333.3007      1856.3327      165.98253      298.39543      0.14588429   
    223000   474.87375      1373.4905      1848.3643      199.74224      307.39         0.14725451   
    224000   505.28275      1375.1089      1880.3916      166.36431      307.75219      0.15161629   
    225000   490.54001      1381.3737      1871.9137      131.64841      309.15426      0.15625228   
    226000   495.56031      1349.6745      1845.2348      62.407497      302.05993      0.15988293   
    227000   487.06503      1350.1808      1837.2459      57.132529      302.17325      0.1637417    
    228000   467.48561      1362.0008      1829.4864      49.528913      304.81858      0.16573207   
    229000   447.39801      1393.1017      1840.4997      79.529708      311.77902      0.16803241   
    230000   454.22117      1373.117       1827.3382      154.51847      307.30641      0.1687107    
    231000   486.52368      1371.6567      1858.1804      194.85546      306.97959      0.16665535   
    232000   460.44658      1359.8426      1820.2892      266.52618      304.33557      0.16403039   
    233000   481.65209      1359.5888      1841.2409      253.94968      304.27876      0.16019687   
    234000   472.47134      1353.5949      1826.0663      203.06437      302.93733      0.15705056   
    235000   490.77857      1347.2915      1838.0701      212.91603      301.5266       0.15567556   
    236000   467.09802      1348.3326      1815.4306      131.01342      301.7596       0.15821994   
    237000   498.38983      1347.445       1845.8348      61.625585      301.56096      0.16530912   
    238000   461.96621      1352.2007      1814.1669      41.488334      302.62528      0.17004975   
    239000   485.73148      1340.5912      1826.3227      66.444184      300.02707      0.17086591   
    240000   476.23055      1342.572       1818.8026      75.027589      300.47037      0.1663862    
    241000   478.89416      1362.2927      1841.1869      155.51986      304.8839       0.15992308   
    242000   483.61801      1347.1284      1830.7464      157.27451      301.49011      0.15729625   
    243000   492.96458      1360.4329      1853.3975      149.92682      304.46768      0.15886509   
    244000   508.1406       1344.6885      1852.8291      138.15708      300.94404      0.16197265   
    245000   498.11705      1358.385       1856.502       66.869697      304.00935      0.16448117   
    246000   490.66564      1389.1146      1879.7802      70.422318      310.88669      0.1671625    
    247000   491.31032      1373.5212      1864.8315      44.511829      307.39686      0.16847628   
    248000   500.43597      1353.8335      1854.2694      74.456832      302.99071      0.16796217   
    249000   485.28857      1358.757       1844.0456      116.61153      304.09261      0.16148274   
    250000   500.84977      1360.0575      1860.9073      134.76052      304.38367      0.15513116   
    251000   515.40864      1361.8051      1877.2137      168.10584      304.77478      0.1562562    
    252000   510.04907      1387.1404      1897.1895      167.60479      310.44487      0.15851814   
    253000   468.21804      1359.0109      1827.2289      162.20439      304.14943      0.16229967   
    254000   466.38052      1345.4349      1811.8155      177.56819      301.1111       0.16581552   
    255000   450.33959      1336.6333      1786.9729      122.90314      299.14129      0.16763201   
    256000   463.37989      1299.6676      1763.0474      84.461468      290.86827      0.16936365   
    257000   451.85371      1334.7838      1786.6375      75.627689      298.72735      0.16909719   
    258000   448.99315      1329.1476      1778.1408      98.674478      297.46597      0.16565395   
    259000   475.97582      1369.2823      1845.2581      160.86257      306.44818      0.16052773   
    260000   493.67845      1356.1197      1849.7982      162.62635      303.50238      0.1558473    
    261000   498.10428      1311.2764      1809.3807      211.43985      293.46634      0.15530488   
    262000   485.5358       1312.623       1798.1588      157.80909      293.76773      0.15620383   
    263000   450.5649       1331.4175      1781.9824      151.02898      297.97397      0.1645667    
    264000   481.12869      1308.5187      1789.6474      80.453653      292.84917      0.17136435   
    265000   482.16975      1325.2885      1807.4583      42.55465       296.60229      0.16773594   
    266000   461.99494      1322.8473      1784.8423      81.266041      296.05595      0.1623824    
    267000   483.15888      1325.056       1808.2149      121.89976      296.55025      0.15712665   
    268000   498.411        1318.0734      1816.4844      115.89309      294.98754      0.15246597   
    269000   498.08726      1300.9221      1799.0094      90.980678      291.14904      0.14966017   
    270000   474.23216      1290.9861      1765.2183      53.507773      288.92534      0.14930525   
    271000   490.1324       1323.5547      1813.6871      104.13873      296.21425      0.15298966   
    272000   497.57195      1325.8628      1823.4347      153.72858      296.73081      0.15849825   
    273000   446.96797      1327.3509      1774.3189      209.54864      297.06387      0.16257155   
    274000   467.55475      1346.4263      1813.981       226.85522      301.33296      0.16407424   
    275000   465.20176      1321.0569      1786.2587      228.1956       295.65525      0.16128146   
    276000   462.84199      1333.9213      1796.7632      204.83185      298.53431      0.15872693   
    277000   501.92428      1308.5325      1810.4568      116.00011      292.85226      0.15774934   
    278000   514.68863      1318.051       1832.7397      79.319248      294.98253      0.15571443   
    279000   479.40966      1303.1124      1782.522       37.366311      291.63922      0.15381605   
    280000   479.0443       1325.9935      1805.0378      4.6408856      296.76006      0.15309532   
    281000   483.16689      1302.2081      1785.375       17.86666       291.43684      0.15517807   
    282000   495.75065      1315.9321      1811.6827      68.288363      294.5083       0.15715492   
    283000   456.67091      1309.3551      1766.026       83.013853      293.03635      0.15963457   
    284000   479.86676      1309.0503      1788.917       100.17583      292.96814      0.16390261   
    285000   460.54999      1324.9557      1785.5057      143.18395      296.5278       0.16842698   
    286000   495.82487      1312.9079      1808.7328      123.35003      293.83149      0.16853824   
    287000   461.10684      1297.2299      1758.3367      122.77189      290.32271      0.16403894   
    288000   472.74698      1295.3746      1768.1216      153.80898      289.9075       0.15835955   
    289000   492.33397      1312.7583      1805.0922      165.53345      293.798        0.15484991   
    290000   519.34363      1287.014       1806.3577      152.28791      288.03638      0.15482365   
    291000   489.77618      1278.489       1768.2652      129.67846      286.12847      0.15487127   
    292000   477.97075      1304.0172      1781.9879      145.7336       291.84172      0.15655373   
    293000   473.25371      1341.9711      1815.2248      130.88116      300.33589      0.15820304   
    294000   480.86387      1308.857       1789.7209      88.6647        292.92488      0.158016     
    295000   472.9583       1333.5962      1806.5545      107.7683       298.46156      0.15985154   
    296000   484.74266      1364.6135      1849.3562      101.70096      305.40331      0.16251679   
    297000   500.78242      1342.079       1842.8614      166.54549      300.36003      0.16721639   
    298000   488.39972      1359.0814      1847.4812      214.88334      304.16522      0.1699001    
    299000   449.28792      1354.8215      1804.1094      264.19104      303.21184      0.16843575   
    300000   509.17665      1343.6678      1852.8444      219.5951       300.7156       0.16344494   
    301000   492.28341      1396.2007      1888.4841      208.31886      312.47259      0.1585166    
    302000   495.78272      1393.6615      1889.4442      169.09059      311.9043       0.15635519   
    303000   518.50807      1347.7209      1866.2289      125.34123      301.6227       0.1570021    
    304000   501.73353      1334.729       1836.4626      93.937507      298.7151       0.15747576   
    305000   492.89637      1306.1909      1799.0873      114.05937      292.32822      0.15969446   
    306000   484.73419      1289.7463      1774.4805      110.85056      288.64787      0.16447453   
    307000   480.1729       1319.5382      1799.7111      136.1782       295.31537      0.17011351   
    308000   475.97716      1302.3401      1778.3173      147.36837      291.46639      0.17055523   
    309000   480.76621      1329.3997      1810.1659      103.70267      297.52238      0.16405452   
    310000   476.00114      1315.292       1791.2931      89.43407       294.36505      0.15911891   
    311000   494.55486      1295.3789      1789.9338      85.343589      289.90847      0.15819045   
    312000   463.85197      1299.0596      1762.9115      102.99479      290.73219      0.16040236   
    313000   487.63544      1308.3387      1795.9742      117.56423      292.80889      0.16098235   
    314000   474.5146       1346.5099      1821.0245      107.98649      301.35168      0.16119866   
    315000   475.46777      1327.8319      1803.2997      97.937416      297.17151      0.16003443   
    316000   461.35138      1335.0896      1796.441       100.63825      298.79579      0.15718875   
    317000   472.31623      1278.2929      1750.6091      124.88709      286.08458      0.15591897   
    318000   476.34838      1316.037       1792.3854      121.98969      294.53178      0.15681778   
    319000   475.92406      1351.4883      1827.4124      124.82515      302.46586      0.16023872   
    320000   490.26062      1372.4801      1862.7407      170.73804      307.16386      0.16598926   
    321000   495.28408      1332.2795      1827.5635      190.22522      298.16688      0.17087327   
    322000   454.79348      1377.7748      1832.5682      192.88686      308.34882      0.17297615   
    323000   463.14906      1369.7554      1832.9045      202.81086      306.55407      0.17292858   
    324000   521.15448      1384.2768      1905.4313      174.22544      309.80399      0.16626207   
    325000   512.69693      1346.0263      1858.7233      144.82581      301.24345      0.15892997   
    326000   501.1839       1342.4706      1843.6545      92.652932      300.44767      0.15667261   
    327000   504.22619      1343.5846      1847.8108      63.410114      300.697        0.15757786   
    328000   482.98116      1358.4059      1841.3871      128.43133      304.01403      0.16120583   
    329000   489.48092      1347.2613      1836.7422      186.59074      301.51983      0.16347839   
    330000   475.86394      1335.7375      1811.6015      197.72866      298.9408       0.16516848   
    331000   492.64801      1327.7473      1820.3954      181.23649      297.15258      0.1655941    
    332000   474.87936      1338.2374      1813.1168      124.28353      299.50028      0.16545611   
    333000   456.66806      1278.0739      1734.7419      88.745019      286.03555      0.16477149   
    334000   472.29242      1289.8001      1762.0925      69.680538      288.65991      0.16473349   
    335000   459.9585       1318.9297      1778.8882      79.394284      295.17918      0.16416542   
    336000   484.17469      1309.2731      1793.4477      52.052135      293.018        0.16056872   
    337000   484.06098      1333.564       1817.6249      53.718256      298.45435      0.15432874   
    338000   483.59032      1304.9616      1788.552       71.792991      292.05309      0.15259471   
    339000   504.57748      1317.328       1821.9054      116.39435      294.8207       0.15554301   
    340000   474.62853      1307.5803      1782.2088      139.49032      292.63914      0.15987597   
    341000   470.0429       1312.2643      1782.3072      160.97431      293.68743      0.16334286   
    342000   473.93452      1314.0921      1788.0266      157.01837      294.09651      0.16527379   
    343000   447.89279      1352.4198      1800.3125      162.84144      302.67432      0.16597306   
    344000   468.34086      1348.4699      1816.8108      120.48236      301.79033      0.16419143   
    345000   496.36436      1293.9176      1790.282       154.3049       289.58142      0.16188688   
    346000   479.42679      1340.8546      1820.2814      152.74021      300.08602      0.16090145   
    347000   438.75998      1342.5651      1781.3251      131.77061      300.46883      0.1618472    
    348000   473.75676      1319.243       1792.9997      107.93139      295.24928      0.16716177   
    349000   460.95618      1329.6522      1790.6084      104.42947      297.57889      0.17363517   
    350000   461.28106      1293.5289      1754.81        153.0679       289.49443      0.17639563   
    351000   435.8542       1366.8773      1802.7315      152.14472      305.90995      0.17208204   
    352000   461.75124      1370.7553      1832.5066      196.84092      306.77786      0.16699574   
    353000   513.04684      1343.6731      1856.7199      167.0219       300.71679      0.16177698   
    354000   519.55359      1332.8919      1852.4455      148.13769      298.30394      0.15939765   
    355000   494.8211       1364.5738      1859.3949      149.45492      305.39442      0.15853042   
    356000   482.64353      1397.4537      1880.0973      125.56903      312.75302      0.15842844   
    357000   490.05334      1384.9651      1875.0184      61.457522      309.95802      0.15944284   
    358000   481.92817      1378.1695      1860.0977      73.413803      308.43716      0.16089838   
    359000   512.84164      1338.4842      1851.3258      95.736669      299.5555       0.16160785   
    360000   458.34197      1371.7921      1830.1341      149.83585      307.00988      0.16073385   
    361000   491.78809      1369.9652      1861.7533      170.42399      306.60102      0.15974909   
    362000   511.43991      1382.0921      1893.532       172.21868      309.31505      0.15788497   
    363000   482.5632       1407.2767      1889.8399      162.41725      314.9514       0.15501869   
    364000   488.56305      1379.4752      1868.0383      135.21772      308.72938      0.15088136   
    365000   524.29487      1338.5759      1862.8707      150.22559      299.57603      0.1503619    
    366000   504.80377      1378.779       1883.5827      155.61532      308.57356      0.15345266   
    367000   490.05379      1353.8662      1843.92        149.14754      302.99804      0.15880918   
    368000   474.57566      1373.7235      1848.2992      122.36635      307.44214      0.16223032   
    369000   486.05668      1380.616       1866.6727      152.51926      308.9847       0.1619926    
    370000   495.96206      1344.2398      1840.2019      80.559183      300.84363      0.15626456   
    371000   513.22691      1344.5314      1857.7583      114.758        300.90889      0.15210127   
    372000   513.7718       1330.0906      1843.8624      114.87331      297.677        0.15016196   
    373000   489.19985      1307.8615      1797.0613      131.60564      292.70208      0.15029872   
    374000   478.69799      1342.9145      1821.6125      111.80422      300.54702      0.15200068   
    375000   478.34883      1305.4725      1783.8214      110.72115      292.16743      0.15441401   
    376000   497.00576      1318.6856      1815.6914      63.375904      295.12454      0.15685394   
    377000   481.71117      1324.5992      1806.3104      61.568806      296.44802      0.15711434   
    378000   476.41217      1320.1039      1796.516       80.690893      295.44195      0.1555858    
    379000   504.92037      1323.4813      1828.4017      113.65719      296.19783      0.1519587    
    380000   501.42758      1316.0848      1817.5124      159.10851      294.54248      0.14822225   
    381000   521.63887      1354.4982      1876.1371      183.72629      303.13949      0.1446451    
    382000   495.41128      1369.2126      1864.6239      188.74003      306.43259      0.14570218   
    383000   514.73168      1360.8779      1875.6095      180.16034      304.56726      0.15342782   
    384000   489.30804      1353.2759      1842.5839      99.37498       302.86591      0.15968995   
    385000   477.13161      1403.9551      1881.0867      87.381587      314.20803      0.16265852   
    386000   502.28576      1345.2095      1847.4953      50.180832      301.06065      0.16034831   
    387000   503.08344      1320.9629      1824.0464      72.165021      295.63421      0.15778998   
    388000   493.98097      1315.7516      1809.7325      76.428537      294.4679       0.15634083   
    389000   475.48269      1345.9369      1821.4196      132.65001      301.22345      0.1565335    
    390000   493.41591      1351.3962      1844.8121      184.38769      302.44524      0.16217408   
    391000   453.94583      1356.9814      1810.9273      217.05562      303.69523      0.17029937   
    392000   499.72294      1359.4863      1859.2092      202.83657      304.25582      0.17346267   
    393000   468.69157      1345.1836      1813.8752      149.94124      301.05486      0.17133468   
    394000   497.95404      1344.9517      1842.9057      100.89509      301.00295      0.16711274   
    395000   505.28048      1348.7527      1854.0331      85.574711      301.85361      0.1623385    
    396000   473.64516      1365.9226      1839.5677      65.447201      305.69627      0.15843229   
    397000   477.14809      1294.1835      1771.3316      130.12384      289.64093      0.15878195   
    398000   493.44953      1287.4085      1780.858       177.72317      288.12466      0.16087828   
    399000   461.44185      1322.0724      1783.5143      192.85195      295.88252      0.16320209   
    400000   495.75577      1300.3519      1796.1076      134.08789      291.02142      0.1641823    
    401000   470.26098      1322.3101      1792.5711      108.04715      295.93572      0.16435864   
    402000   472.5594       1341.6028      1814.1622      71.89355       300.25345      0.16286037   
    403000   481.08884      1300.9419      1782.0307      90.881161      291.15346      0.16280403   
    404000   468.97229      1350.2696      1819.2419      116.77754      302.1931       0.16297775   
    405000   469.46902      1350.5938      1820.0629      134.95569      302.26568      0.16205785   
    406000   473.6435       1329.8301      1803.4736      207.81141      297.6187       0.15972205   
    407000   505.89561      1328.9284      1834.824       161.22978      297.41691      0.15375168   
    408000   494.49047      1317.988       1812.4785      160.36597      294.96842      0.1493959    
    409000   492.88827      1319.542       1812.4303      147.32911      295.31622      0.14912273   
    410000   522.80514      1302.914       1825.7191      112.40505      291.59483      0.15249302   
    411000   498.83982      1330.9273      1829.7671      83.960947      297.86427      0.15876232   
    412000   460.95168      1354.2299      1815.1815      77.60788       303.07942      0.16130598   
    413000   481.63006      1328.5151      1810.1451      55.743557      297.3244       0.16012092   
    414000   526.12745      1338.6573      1864.7847      57.765237      299.59424      0.15786921   
    415000   503.38028      1343.667       1847.0473      90.060217      300.71544      0.15544959   
    416000   495.50758      1327.0099      1822.5174      136.06273      296.98753      0.15359069   
    417000   477.54774      1389.7386      1867.2864      176.52852      311.02636      0.15521175   
    418000   528.03488      1368.433       1896.4679      188.01103      306.25811      0.15991699   
    419000   472.68113      1364.7911      1837.4722      162.59928      305.44305      0.16421791   
    420000   499.14368      1370.0772      1869.2209      116.29217      306.62608      0.16452483   
    421000   525.69152      1376.7669      1902.4585      75.497372      308.12327      0.15785882   
    422000   510.33374      1375.6539      1885.9876      42.898805      307.87417      0.14982115   
    423000   494.31396      1358.1932      1852.5072      120.7714       303.96644      0.14931478   
    424000   489.16735      1386.5121      1875.6794      160.8244       310.30425      0.15109221   
    425000   503.05003      1349.2737      1852.3237      180.61831      301.97022      0.15244261   
    426000   477.37208      1372.6882      1850.0603      188.49712      307.21043      0.15429575   
    427000   504.85697      1360.0338      1864.8908      217.12304      304.37837      0.15621309   
    428000   507.52148      1364.7409      1872.2624      201.53098      305.43181      0.15632484   
    429000   486.93204      1366.4905      1853.4226      168.21573      305.82339      0.15259592   
    430000   509.95775      1386.0147      1895.9725      144.97077      310.19295      0.14787993   
    431000   500.48466      1359.0797      1859.5644      106.30684      304.16483      0.14601219   
    432000   479.12739      1352.1425      1831.2699      134.84249      302.61228      0.15086443   
    433000   465.28875      1276.9135      1742.2022      121.64298      285.77586      0.15646733   
    434000   485.94845      1335.0696      1821.018       105.08535      298.79131      0.15854317   
    435000   477.96804      1329.9356      1807.9037      123.23858      297.64233      0.15793663   
    436000   477.546        1350.5153      1828.0613      133.04478      302.24809      0.15518965   
    437000   488.1093       1345.7097      1833.819       132.2946       301.17259      0.15442613   
    438000   462.90375      1384.469       1847.3727      109.48109      309.84699      0.1563103    
    439000   475.71812      1360.5282      1836.2463      130.18535      304.489        0.15984436   
    440000   521.60063      1325.5949      1847.1955      72.607156      296.67086      0.16108501   
    441000   519.34668      1335.0226      1854.3693      79.359196      298.7808       0.15871398   
    442000   522.57798      1324.9738      1847.5518      94.633024      296.53186      0.15576264   
    443000   494.04411      1351.1135      1845.1576      76.680904      302.38197      0.15312516   
    444000   492.85473      1399.2704      1892.1252      125.63727      313.15959      0.15239169   
    445000   487.93832      1387.335       1875.2734      124.49373      310.48843      0.15574096   
    446000   458.2362       1329.684       1787.9202      149.30233      297.58601      0.16306361   
    447000   469.52623      1299.2585      1768.7847      166.80525      290.77671      0.16974568   
    448000   461.82003      1318.88        1780.7         103.51617      295.16805      0.1703305    
    449000   464.88671      1332.7483      1797.635       156.36235      298.27181      0.16924206   
    450000   466.63622      1314.0829      1780.7192      148.76352      294.09446      0.16581476   
    451000   497.80286      1326.0143      1823.8172      151.30385      296.76473      0.16064811   
    452000   464.97777      1341.0132      1805.991       118.00396      300.1215       0.15602324   
    453000   507.28628      1285.9494      1793.2357      89.893803      287.79811      0.15264942   
    454000   489.64608      1296.385       1786.031       101.71037      290.13361      0.15172236   
    455000   489.13459      1325.1981      1814.3327      122.10394      296.58206      0.15488746   
    456000   507.69476      1325.32        1833.0148      172.68759      296.60935      0.15894459   
    457000   492.03229      1357.2745      1849.3068      139.60263      303.76082      0.16178995   
    458000   506.18654      1362.2579      1868.4444      84.088625      304.87612      0.16471976   
    459000   471.46515      1361.4382      1832.9034      17.88234       304.69267      0.16388589   
    460000   506.11697      1367.0234      1873.1404      36.88931       305.94264      0.16264508   
    461000   482.71637      1347.9526      1830.6689      81.126785      301.67456      0.16180118   
    462000   489.85203      1348.4113      1838.2634      125.50117      301.77722      0.16034681   
    463000   504.87557      1354.7467      1859.6223      155.99913      303.19509      0.15903583   
    464000   491.39791      1355.7248      1847.1227      163.94444      303.41399      0.1581009    
    465000   480.77043      1380.9735      1861.7439      147.84037      309.06471      0.15694088   
    466000   521.29652      1347.9861      1869.2826      92.12367       301.68206      0.15507719   
    467000   514.2396       1365.0651      1879.3047      49.938642      305.50437      0.15337318   
    468000   524.84991      1336.4653      1861.3152      46.917752      299.10367      0.15387968   
    469000   504.3992       1393.0028      1897.402       127.22345      311.7569       0.1583053    
    470000   502.70798      1347.6334      1850.3414      146.67414      301.60313      0.16185462   
    471000   467.58657      1350.6112      1818.1978      168.80536      302.26957      0.16359875   
    472000   476.56911      1328.2728      1804.8419      143.3855       297.27017      0.16247787   
    473000   488.21127      1334.5491      1822.7604      105.2644       298.67484      0.15747249   
    474000   486.50793      1305.0362      1791.5441      91.516915      292.06978      0.15128078   
    475000   501.27192      1341.0605      1842.3324      107.99929      300.13209      0.14880447   
    476000   477.60706      1335.3984      1813.0055      157.99966      298.86491      0.15126421   
    477000   504.68487      1320.0563      1824.7412      130.68338      295.43131      0.15632178   
    478000   503.91504      1351.0143      1854.9293      171.5501       302.35978      0.16068652   
    479000   478.55276      1362.1098      1840.6625      122.07251      304.84296      0.16153419   
    480000   491.24054      1347.852       1839.0925      77.676277      301.65204      0.16073404   
    481000   489.99343      1292.5663      1782.5597      78.27046       289.27899      0.15782966   
    482000   481.08235      1334.269       1815.3513      128.97777      298.61213      0.15760858   
    483000   493.14173      1350.0235      1843.1652      168.21039      302.13802      0.16160348   
    484000   480.42882      1343.0915      1823.5203      145.91525      300.58663      0.16588299   
    485000   484.64448      1314.4746      1799.1191      171.08434      294.18211      0.16950103   
    486000   431.74249      1365.4278      1797.1703      145.13579      305.58554      0.16772654   
    487000   466.79643      1370.4526      1837.249       121.86952      306.71011      0.1599886    
    488000   506.55386      1305.6154      1812.1692      130.75357      292.1994       0.15282736   
    489000   492.00778      1323.7242      1815.732       210.65076      296.2522       0.15257238   
    490000   472.83622      1336.6352      1809.4714      255.48909      299.1417       0.1555885    
    491000   486.60076      1335.8959      1822.4967      275.71724      298.97625      0.15957097   
    492000   464.62289      1327.3739      1791.9968      207.59998      297.06901      0.16149027   
    493000   492.41424      1295.8464      1788.2606      122.4797       290.01308      0.16256093   
    494000   468.29972      1300.123       1768.4227      62.629844      290.97019      0.16230343   
    495000   469.39914      1344.7456      1814.1447      43.90805       300.95682      0.16288471   
    496000   478.07928      1349.4871      1827.5663      29.390953      302.01798      0.1660672    
    497000   459.75981      1386.1678      1845.9276      80.17446       310.2272       0.17215926   
    498000   462.254        1344.5928      1806.8468      136.22489      300.92263      0.17806756   
    499000   462.21273      1350.5121      1812.7249      193.61107      302.24739      0.17704804   
    500000   467.89546      1387.4355      1855.331       256.46992      310.51092      0.17096695   
    501000   488.5096       1348.6754      1837.185       236.33116      301.83632      0.1652764    
    502000   488.59953      1318.8683      1807.4678      186.18473      295.16542      0.16132565   
    503000   476.21484      1301.6292      1777.844       102.22796      291.30729      0.15847885   
    504000   455.43524      1293.3966      1748.8319      28.743156      289.46482      0.15672168   
    505000   477.43235      1316.5411      1793.9735      9.3976094      294.6446       0.158222     
    506000   503.98824      1305.6764      1809.6647      73.904534      292.21306      0.16281016   
    507000   495.629        1314.4538      1810.0828      75.176588      294.17746      0.16540158   
    508000   481.9616       1304.2334      1786.1951      118.25449      291.89012      0.16964412   
    509000   456.44237      1283.9678      1740.4102      150.77456      287.35463      0.17459994   
    510000   459.72574      1326.1022      1785.828       180.46842      296.7844       0.17714917   
    511000   476.23583      1283.6709      1759.9067      81.658143      287.28819      0.17212002   
    512000   488.56963      1361.2673      1849.8369      50.687826      304.65441      0.16541274   
    513000   459.82911      1370.4192      1830.2483      91.205023      306.70263      0.16073738   
    514000   494.06619      1326.4191      1820.4853      94.100682      296.85532      0.15854843   
    515000   521.09547      1326.8385      1847.934       153.8437       296.94918      0.15897617   
    516000   488.7795       1321.0348      1809.8143      179.67282      295.65029      0.15945374   
    517000   477.01694      1322.8119      1799.8288      167.65893      296.04801      0.16113582   
    518000   497.33092      1325.1695      1822.5004      154.73217      296.57565      0.16416008   
    519000   468.3224       1339.1534      1807.4758      151.64453      299.70529      0.16769263   
    520000   455.4876       1340.5479      1796.0355      126.28801      300.01738      0.17161578   
    521000   470.88371      1343.9892      1814.8729      100.40376      300.78755      0.17284687   
    522000   482.89164      1337.6833      1820.575       51.744704      299.37627      0.16972047   
    523000   477.96915      1325.2704      1803.2395      71.36291       296.59824      0.16099214   
    524000   478.1887       1320.6932      1798.8819      83.087424      295.57386      0.15531765   
    525000   491.85596      1316.517       1808.3729      90.910069      294.6392       0.15628991   
    526000   497.50164      1315.6796      1813.1812      155.60956      294.45179      0.16104853   
    527000   468.13378      1302.5551      1770.6889      194.28409      291.5145       0.16536352   
    528000   500.56806      1317.7182      1818.2862      130.02213      294.90803      0.1662574    
    529000   466.64471      1343.7589      1810.4036      74.413237      300.73601      0.16458982   
    530000   464.78167      1341.3885      1806.1702      66.064739      300.20551      0.16321218   
    531000   481.97518      1312.8017      1794.7769      42.268857      293.80771      0.16120836   
    532000   455.50344      1315.0647      1770.5681      60.48012       294.31418      0.16025746   
    533000   490.66424      1338.2789      1828.9431      118.84618      299.50957      0.16281067   
    534000   482.05633      1326.9318      1808.9881      148.03568      296.97006      0.16663803   
    535000   438.00935      1331.7459      1769.7552      179.68401      298.04747      0.16830616   
    536000   485.42377      1342.3835      1827.8073      174.15195      300.42818      0.16642971   
    537000   464.48151      1325.062       1789.5435      172.62498      296.55158      0.15833701   
    538000   466.53235      1279.8217      1746.3541      128.20273      286.42673      0.15374201   
    539000   485.11139      1314.8986      1800.0099      137.51469      294.27699      0.15612323   
    540000   497.0864       1316.0341      1813.1205      84.938436      294.53114      0.16128445   
    541000   493.1894       1304.444       1797.6334      64.458704      291.93724      0.16660156   
    542000   457.56332      1316.0362      1773.5996      56.780387      294.53161      0.16776006   
    543000   463.04843      1297.7536      1760.8021      100.18409      290.43993      0.16711917   
    544000   484.90661      1279.0079      1763.9145      163.48793      286.24459      0.16480094   
    545000   482.73323      1319.0478      1801.7811      229.22286      295.20561      0.16172147   
    546000   506.67696      1322.2723      1828.9493      234.11789      295.92726      0.1551076    
    547000   466.47561      1355.6848      1822.1604      214.75242      303.40503      0.15282228   
    548000   495.10986      1342.0831      1837.193       195.0218       300.36096      0.15476569   
    549000   512.57098      1359.7983      1872.3692      146.82109      304.32564      0.15744269   
    550000   494.86289      1360.4844      1855.3473      115.28401      304.47921      0.16061983   
    551000   500.60926      1371.3313      1871.9405      59.03364       306.90675      0.16463875   
    552000   498.63239      1328.3045      1826.9369      7.3342851      297.27727      0.16901231   
    553000   463.09553      1323.9741      1787.0696      31.774924      296.30812      0.17255846   
    554000   442.96919      1320.9942      1763.9634      77.410262      295.64121      0.17249648   
    555000   435.93104      1280.3505      1716.2815      103.29669      286.54506      0.16952215   
    556000   482.06816      1318.5106      1800.5788      165.94871      295.08539      0.16709135   
    557000   492.76504      1306.8012      1799.5662      209.92345      292.46479      0.16392856   
    558000   472.51423      1312.0761      1784.5903      173.27909      293.64532      0.15748809   
    559000   453.28174      1316.4329      1769.7147      166.429        294.62039      0.15573484   
    560000   496.06712      1350.3512      1846.4183      161.12962      302.21136      0.15961114   
    561000   478.56711      1380.339       1858.9061      193.88322      308.9227       0.16747375   
    562000   458.44313      1371.4637      1829.9068      201.93507      306.93638      0.17327293   
    563000   470.36205      1355.0833      1825.4453      170.92661      303.27041      0.17566877   
    564000   485.28112      1384.7286      1870.0097      110.80298      309.9051       0.17653887   
    565000   487.88349      1359.8241      1847.7076      85.259055      304.33142      0.17384047   
    566000   509.3413       1346.0403      1855.3816      96.814522      301.24657      0.16792534   
    567000   483.12032      1355.9336      1839.054       162.28047      303.46073      0.16416149   
    568000   494.28194      1352.6544      1846.9364      236.88488      302.72683      0.1630573    
    569000   489.0709       1373.3015      1862.3724      270.88148      307.34769      0.16352378   
    570000   526.97706      1372.0033      1898.9803      254.05999      307.05714      0.16420589   
    571000   495.13179      1370.9437      1866.0755      231.99797      306.82002      0.16429328   
    572000   484.45906      1348.1077      1832.5668      138.33122      301.70928      0.16385946   
    573000   531.66826      1346.2834      1877.9516      75.805726      301.30098      0.1610931    
    574000   504.2789       1356.8412      1861.1201      62.353231      303.66385      0.1563799    
    575000   482.78165      1306.687       1789.4686      40.104574      292.43923      0.1547777    
    576000   487.34054      1298.1984      1785.5389      58.208944      290.53946      0.15615223   
    577000   458.13884      1329.9849      1788.1237      134.73742      297.65335      0.16194776   
    578000   469.61539      1345.7342      1815.3496      171.88683      301.17807      0.16734618   
    579000   471.6953       1304.8424      1776.5377      147.44689      292.02641      0.16733603   
    580000   488.22964      1322.1458      1810.3755      192.76134      295.89895      0.1660749    
    581000   453.97102      1342.3061      1796.2772      188.9299       300.41087      0.16322162   
    582000   490.80266      1289.697       1780.4997      143.65121      288.63684      0.1605891    
    583000   513.0673       1277.3248      1790.3921      175.07213      285.86791      0.16015672   
    584000   502.62504      1297.0609      1799.686       164.26387      290.2849       0.15818985   
    585000   477.27531      1340.7813      1818.0566      163.83016      300.0696       0.15772573   
    586000   494.312        1323.0832      1817.3952      185.92556      296.10873      0.1609463    
    587000   456.843        1340.847       1797.69        155.93624      300.0843       0.16668652   
    588000   443.12809      1347.5439      1790.672       212.57489      301.5831       0.17270276   
    589000   468.74283      1342.6205      1811.3634      145.55786      300.48123      0.17168611   
    590000   476.02642      1334.6248      1810.6512      161.64637      298.69177      0.16639001   
    591000   495.19589      1323.5182      1818.7141      147.27579      296.20608      0.16096009   
    592000   487.96539      1347.7068      1835.6721      100.55657      301.61954      0.1588177    
    593000   502.56022      1357.1158      1859.676       59.259678      303.72529      0.15817137   
    594000   489.71595      1356.2376      1845.9535      63.720227      303.52875      0.15893827   
    595000   488.91164      1351.166       1840.0777      98.164668      302.39373      0.16086332   
    596000   489.01767      1373.6319      1862.6495      153.28333      307.42163      0.16169285   
    597000   501.80788      1403.4035      1905.2114      177.2088       314.08459      0.16178288   
    598000   494.24545      1390.7397      1884.9851      216.82066      311.2504       0.16217979   
    599000   473.87308      1366.6861      1840.5592      229.10337      305.86716      0.16242131   
    600000   507.79488      1343.3739      1851.1688      227.45511      300.64983      0.16389941   
    601000   477.11499      1403.2353      1880.3503      153.26196      314.04695      0.16702967   
    602000   461.45237      1419.0928      1880.5452      103.69099      317.59589      0.16870134   
    603000   475.31659      1387.8627      1863.1793      54.503344      310.60652      0.16458365   
    604000   512.60795      1351.6856      1864.2935      30.452278      302.51001      0.15667235   
    605000   526.53114      1342.0647      1868.5959      45.083343      300.35684      0.15333911   
    606000   505.84482      1396.4631      1902.3079      122.83964      312.53131      0.15458953   
    607000   515.56457      1407.2605      1922.8251      220.83039      314.9478       0.15782103   
    608000   508.13185      1362.7372      1870.869       267.15625      304.98338      0.16017123   
    609000   501.54523      1364.0661      1865.6113      265.93655      305.28078      0.16073549   
    610000   491.13549      1374.3645      1865.4999      240.90486      307.58559      0.16063552   
    611000   513.54661      1379.972       1893.5187      224.48637      308.84058      0.16108835   
    612000   507.04202      1340.1661      1847.2081      174.95705      299.93192      0.16052259   
    613000   508.49572      1333.6446      1842.1404      126.43883      298.47241      0.16025142   
    614000   514.48516      1321.031       1835.5161      123.54989      295.64944      0.16112099   
    615000   497.96346      1334.4255      1832.389       94.348093      298.64718      0.16085249   
    616000   518.22729      1372.5272      1890.7545      79.769085      307.17441      0.15785801   
    617000   505.41744      1345.504       1850.9214      104.46806      301.12655      0.15449317   
    618000   494.77699      1330.896       1825.673       175.70528      297.85726      0.15364232   
    619000   490.09086      1327.4667      1817.5575      188.51216      297.08976      0.15444362   
    620000   493.46563      1337.9609      1831.4265      166.18191      299.4384       0.15878812   
    621000   502.16962      1305.5312      1807.7009      107.31079      292.18057      0.16557331   
    622000   455.36171      1286.5986      1741.9603      90.402643      287.9434       0.16795804   
    623000   457.85545      1296.5781      1754.4335      95.950911      290.17683      0.16725297   
    624000   456.63884      1346.9922      1803.6311      143.85662      301.45962      0.16293905   
    625000   516.12889      1322.8094      1838.9382      100.29832      296.04745      0.15767392   
    626000   504.78556      1311.4242      1816.2098      147.70095      293.49943      0.15445509   
    627000   509.02848      1335.3059      1844.3344      112.26373      298.8442       0.15401251   
    628000   467.04573      1336.5723      1803.618       111.64731      299.12761      0.15481083   
    629000   507.15663      1331.631       1838.7876      65.091249      298.02175      0.15873567   
    630000   494.149        1334.4657      1828.6147      93.334863      298.65617      0.16733439   
    631000   457.68819      1325.2856      1782.9738      102.01429      296.60164      0.17074114   
    632000   459.98389      1391.2991      1851.283       154.11288      311.37559      0.16988969   
    633000   488.89886      1388.3102      1877.209       129.59526      310.70666      0.16885833   
    634000   498.90946      1348.6983      1847.6077      143.48402      301.84144      0.16648688   
    635000   477.51494      1343.5692      1821.0842      161.45629      300.69355      0.16297398   
    636000   484.01088      1340.5955      1824.6064      184.59611      300.02802      0.15908439   
    637000   517.33072      1362.4367      1879.7674      156.73887      304.91613      0.15504232   
    638000   510.06339      1377.1478      1887.2112      123.29386      308.20851      0.15267291   
    639000   490.235        1346.7323      1836.9673      118.92133      301.40144      0.15339918   
    640000   464.97544      1324.8531      1789.8286      162.51959      296.50485      0.15669625   
    641000   500.39265      1321.601       1821.9936      212.21938      295.77701      0.15896497   
    642000   492.92817      1336.5419      1829.47        207.65512      299.12081      0.16015632   
    643000   504.69275      1337.3111      1842.0038      224.43276      299.29296      0.16110871   
    644000   536.14505      1345.2408      1881.3858      204.26109      301.06765      0.1596228    
    645000   511.05324      1394.7693      1905.8226      151.27047      312.15224      0.1564219    
    646000   511.74841      1363.7363      1875.4847      107.11376      305.20698      0.15186426   
    647000   525.77167      1336.771       1862.5427      90.391788      299.17209      0.14464258   
    648000   551.79107      1360.506       1912.2971      82.472175      304.48405      0.14189708   
    649000   513.16373      1352.0291      1865.1929      155.28078      302.58689      0.14619357   
    650000   507.44393      1360.4978      1867.9417      207.21246      304.48219      0.15449926   
    651000   502.42849      1340.3947      1842.8232      223.80647      299.98309      0.15799598   
    652000   487.31919      1365.5674      1852.8866      198.81189      305.61679      0.16046193   
    653000   485.46839      1361.6269      1847.0953      146.58828      304.73489      0.16233394   
    654000   494.33803      1357.1679      1851.5059      114.66966      303.73697      0.16386346   
    655000   503.66052      1366.1916      1869.8521      77.176971      305.75649      0.16184778   
    656000   522.57839      1362.1346      1884.713       114.26318      304.84852      0.15691671   
    657000   482.68308      1349.2372      1831.9203      123.01901      301.96206      0.15245637   
    658000   489.63147      1316.8262      1806.4576      131.59339      294.7084       0.15231507   
    659000   481.58927      1331.5966      1813.1859      167.86895      298.01406      0.15740864   
    660000   492.00754      1317.4825      1809.49        155.50719      294.85528      0.16588967   
    661000   491.67058      1332.8871      1824.5576      138.68788      298.30286      0.16973057   
    662000   471.20425      1327.5115      1798.7157      117.59174      297.09979      0.16900246   
    663000   474.994        1326.9737      1801.9677      110.34013      296.97944      0.16832954   
    664000   492.29374      1327.4996      1819.7934      149.68825      297.09714      0.16672611   
    665000   486.91798      1329.6639      1816.5819      184.53761      297.58151      0.16389484   
    666000   492.34526      1337.8936      1830.2389      235.65096      299.42333      0.16196331   
    667000   491.73436      1372.5788      1864.3132      208.18829      307.18596      0.16016417   
    668000   528.31034      1329.6747      1857.9851      190.05195      297.58393      0.16103441   
    669000   496.66826      1352.5687      1849.2369      176.01659      302.70764      0.16464722   
    670000   471.88704      1380.6678      1852.5549      181.34105      308.9963       0.17123692   
    671000   483.02668      1369.27        1852.2967      165.13222      306.44545      0.17236214   
    672000   480.83414      1359.8754      1840.7096      138.90771      304.34291      0.16557999   
    673000   504.66007      1392.5613      1897.2214      180.99022      311.65808      0.16095742   
    674000   499.68608      1346.3538      1846.0399      158.96871      301.31675      0.15833421   
    675000   510.01124      1325.7653      1835.7765      155.53256      296.70899      0.15791327   
    676000   485.26899      1342.323       1827.592       154.97052      300.41464      0.1568429    
    677000   471.08845      1300.8599      1771.9483      114.69487      291.13511      0.15757698   
    678000   501.75816      1307.0332      1808.7913      105.68868      292.51671      0.16280488   
    679000   462.98098      1323.2534      1786.2343      108.72399      296.14682      0.16941071   
    680000   443.84158      1320.0016      1763.8432      146.34096      295.41906      0.17457292   
    681000   486.3958       1293.8746      1780.2704      147.51527      289.57179      0.17881738   
    682000   466.90772      1306.301       1773.2088      128.2064       292.35285      0.18031793   
    683000   444.3052       1325.8484      1770.1536      130.08041      296.72759      0.17918821   
    684000   439.98047      1325.6914      1765.6719      54.702345      296.69245      0.16937893   
    685000   471.29568      1316.8903      1788.186      -15.281922      294.72275      0.16166713   
    686000   506.01969      1356.2746      1862.2943      68.21614       303.53703      0.16127667   
    687000   448.95047      1366.9759      1815.9264      156.6232       305.93201      0.1628892    
    688000   492.48753      1371.141       1863.6285      290.72408      306.86416      0.16644523   
    689000   513.48212      1318.0686      1831.5507      312.28959      294.98645      0.1670095    
    690000   478.65076      1350.9348      1829.5855      339.51675      302.34198      0.16656208   
    691000   478.53527      1355.3965      1833.9318      230.0702       303.34052      0.16030124   
    692000   492.37761      1308.1056      1800.4832      114.39969      292.75671      0.1528006    
    693000   513.40906      1328.7148      1842.1239      40.906853      297.3691       0.15050789   
    694000   447.75036      1337.3356      1785.086       36.128549      299.29845      0.15050541   
    695000   514.86888      1328.415       1843.2839      21.869171      297.30201      0.15207348   
    696000   501.09602      1323.0473      1824.1433      124.09519      296.1007       0.15570068   
    697000   473.2254       1327.5054      1800.7308      206.99219      297.09842      0.15957067   
    698000   474.51041      1348.8262      1823.3367      232.63389      301.87008      0.15966011   
    699000   491.78267      1350.036       1841.8187      194.09852      302.14083      0.15868363   
    700000   492.25448      1344.679       1836.9335      183.51873      300.94193      0.15971543   
    701000   517.57015      1342.9437      1860.5138      103.32609      300.55355      0.16021262   
    702000   505.42039      1333.3008      1838.7212      50.090807      298.39545      0.15824783   
    703000   491.61762      1356.4574      1848.075       30.56626       303.57794      0.15537309   
    704000   485.26869      1330.4305      1815.6992      27.441212      297.75309      0.15268126   
    705000   490.20184      1317.2899      1807.4917      62.85171       294.81219      0.1542588    
    706000   501.75397      1328.7492      1830.5032      71.556341      297.3768       0.1588298    
    707000   494.83687      1341.9149      1836.7518      116.26711      300.32331      0.16483216   
    708000   507.37072      1366.0697      1873.4404      193.65957      305.72919      0.16740464   
    709000   511.47073      1339.0015      1850.4722      162.44993      299.67129      0.16588256   
    710000   496.48414      1347.0875      1843.5716      170.13991      301.48095      0.16454945   
    711000   487.45066      1335.7458      1823.1964      158.34901      298.94264      0.16375506   
    712000   499.27692      1330.5876      1829.8646      150.04884      297.78824      0.1626035    
    713000   498.02219      1331.7924      1829.8146      174.70348      298.05788      0.16156615   
    714000   471.85698      1334.6563      1806.5133      160.02758      298.69882      0.15935034   
    715000   477.3289       1309.4844      1786.8133      147.721        293.0653       0.15805791   
    716000   509.0657       1278.5159      1787.5816      127.49629      286.13448      0.1565259    
    717000   473.20673      1357.2825      1830.4892      167.11931      303.76261      0.15692654   
    718000   472.83406      1362.3384      1835.1725      223.92892      304.89414      0.16265242   
    719000   471.63393      1395.0034      1866.6374      245.44108      312.20463      0.16805767   
    720000   513.42411      1330.1916      1843.6157      204.50814      297.69961      0.17012518   
    721000   486.82667      1351.3194      1838.1461      186.96114      302.42805      0.16892466   
    722000   495.72039      1347.806       1843.5264      101.04043      301.64174      0.1637023    
    723000   530.99763      1350.0309      1881.0285      72.393862      302.13969      0.15864608   
    724000   516.91198      1348.7186      1865.6306      33.891387      301.84599      0.15667423   
    725000   474.19934      1368.8025      1843.0018      64.145295      306.34081      0.15996258   
    726000   480.4516       1379.0894      1859.541       124.46657      308.64304      0.16210435   
    727000   510.44226      1339.745       1850.1873      151.2318       299.83769      0.16198921   
    728000   472.51302      1355.9278      1828.4409      199.1114       303.45944      0.16425008   
    729000   494.95385      1358.924       1853.8779      183.07652      304.12998      0.16696172   
    730000   505.84015      1326.999       1832.8391      146.84293      296.9851       0.17117567   
    731000   476.04325      1340.5934      1816.6367      130.56792      300.02756      0.17625103   
    732000   474.26298      1333.7001      1807.9631      112.21245      298.48482      0.17565848   
    733000   491.64001      1323.0729      1814.7129      47.740687      296.10642      0.17185721   
    734000   488.77997      1335.8302      1824.6101      72.551674      298.96153      0.17002201   
    735000   474.67834      1347.9124      1822.5907      114.40532      301.66555      0.16956555   
    736000   472.58998      1343.4041      1815.994       164.04942      300.65658      0.16737768   
    737000   507.65596      1337.6077      1845.2636      224.53789      299.35934      0.16486626   
    738000   493.98442      1376.3082      1870.2926      188.77735      308.0206       0.16380818   
    739000   483.06026      1337.4963      1820.5566      186.8869       299.33442      0.16366309   
    740000   478.17727      1308.752       1786.9293      188.97675      292.90139      0.16513331   
    741000   462.03823      1326.3381      1788.3763      160.01774      296.83718      0.17087512   
    742000   469.03379      1331.1464      1800.1802      34.590689      297.9133       0.17552226   
    743000   450.8075       1330.6723      1781.4798      24.064191      297.80719      0.17665262   
    744000   463.81123      1328.4613      1792.2725      40.772085      297.31237      0.17486985   
    745000   485.18075      1271.2342      1756.415       74.864992      284.50483      0.17084548   
    746000   481.33524      1303.8485      1785.1838      110.67546      291.80398      0.16568309   
    747000   476.47492      1324.4214      1800.8963      127.08745      296.40823      0.16259081   
    748000   455.85774      1307.3587      1763.2164      181.03493      292.58956      0.1609647    
    749000   501.94853      1317.4801      1819.4287      168.42793      294.85476      0.15958302   
    750000   514.41443      1311.2468      1825.6612      151.95328      293.45973      0.15727104   
    751000   510.36416      1316.0841      1826.4482      96.200967      294.54231      0.15300863   
    752000   527.17038      1318.1598      1845.3302      61.748691      295.00687      0.15019942   
    753000   508.93799      1337.3655      1846.3035      40.301362      299.30514      0.15069845   
    754000   496.54243      1360.7218      1857.2642      75.511394      304.53233      0.15571494   
    755000   492.17645      1352.5037      1844.6802      118.88715      302.69311      0.16213242   
    756000   512.24785      1343.8847      1856.1326      176.82571      300.76416      0.16844384   
    757000   471.96658      1375.1581      1847.1247      249.41729      307.76321      0.17059712   
    758000   497.63297      1428.1366      1925.7696      264.51934      319.61991      0.16915663   
    759000   498.47365      1372.9995      1871.4731      203.38254      307.2801       0.16426778   
    760000   504.4542       1355.8131      1860.2673      169.08227      303.43375      0.16199017   
    761000   480.55136      1365.2701      1845.8215      124.75614      305.55025      0.16023251   
    762000   515.2067       1375.0187      1890.2254      99.235213      307.73201      0.15916846   
    763000   509.02393      1339.5003      1848.5243      113.69108      299.78292      0.16008399   
    764000   485.33227      1366.3296      1851.6618      110.40455      305.78736      0.16404865   
    765000   496.39479      1400.8923      1897.2871      132.02409      313.52257      0.17199828   
    766000   470.77746      1389.2819      1860.0593      114.70212      310.92413      0.17459831   
    767000   468.37388      1358.7139      1827.0877      112.7607       304.08295      0.17089388   
    768000   504.36916      1346.3418      1850.711       104.54303      301.31407      0.16453585   
    769000   521.43579      1332.8569      1854.2927      132.06187      298.2961       0.15889901   
    770000   527.18992      1320.9949      1848.1849      168.27131      295.64138      0.15661689   
    771000   491.92473      1319.5789      1811.5037      183.00242      295.32448      0.1549328    
    772000   497.76743      1341.3625      1839.13        179.75501      300.19969      0.15561574   
    773000   494.46573      1331.4682      1825.934       181.89492      297.98532      0.15865202   
    774000   476.76691      1365.0383      1841.8052      196.09414      305.49838      0.16184206   
    775000   515.88277      1330.1902      1846.073       200.1958       297.69931      0.16347656   
    776000   505.42242      1367.4177      1872.8401      218.18204      306.03089      0.16359618   
    777000   501.64284      1384.8816      1886.5244      196.27161      309.93934      0.15486531   
    778000   498.72199      1386.6941      1885.4161      184.02233      310.34499      0.14838116   
    779000   523.7017       1378.6308      1902.3325      144.66472      308.5404       0.14767756   
    780000   525.02365      1350.0724      1875.096       79.600809      302.14897      0.14900922   
    781000   509.8829       1352.9487      1862.8316      81.893734      302.7927       0.15236509   
    782000   534.93807      1376.1758      1911.1139      124.36229      307.99098      0.15770451   
    783000   500.00283      1342.8189      1842.8218      128.59853      300.52563      0.15977267   
    784000   488.57437      1340.1457      1828.7201      122.26481      299.92737      0.16024382   
    785000   490.50867      1298.3736      1788.8822      117.96162      290.57867      0.1603903    
    786000   488.09571      1328.9924      1817.0881      121.84066      297.43122      0.16256189   
    787000   466.4892       1334.6745      1801.1637      157.46881      298.70289      0.16852899   
    788000   489.16873      1333.9742      1823.1429      95.407961      298.54616      0.17299708   
    789000   469.81477      1347.3612      1817.1759      109.8037       301.54219      0.17278547   
    790000   483.12566      1338.923       1822.0487      112.77504      299.65372      0.16594706   
    791000   537.11125      1333.6771      1870.7883      139.15123      298.47967      0.15748136   
    792000   528.41148      1346.0908      1874.5023      169.27733      301.25789      0.1557079    
    793000   507.48284      1383.7587      1891.2415      206.45011      309.68804      0.15858574   
    794000   516.06453      1365.4579      1881.5224      247.02218      305.59228      0.16250805   
    795000   480.80106      1317.4535      1798.2546      282.54826      294.8488       0.16554618   
    796000   492.25303      1311.4318      1803.6849      219.77296      293.50114      0.16818698   
    797000   472.08632      1313.4071      1785.4934      168.41773      293.94321      0.1692734    
    798000   478.04305      1314.7164      1792.7595      92.155149      294.23624      0.16689342   
    799000   474.12396      1325.3998      1799.5238      108.50022      296.6272       0.16274495   
    800000   505.75861      1305.2465      1811.0051      93.717881      292.11685      0.15550464   
    801000   498.90467      1295.9401      1794.8447      101.25367      290.03405      0.15141203   
    802000   483.29592      1319.7901      1803.086       124.47806      295.37174      0.15102001   
    803000   506.17934      1316.2221      1822.4014      111.85849      294.57321      0.15533517   
    804000   527.30158      1292.9048      1820.2063      157.43629      289.35474      0.16031184   
    805000   500.10771      1321.4925      1821.6002      169.34528      295.75273      0.16187034   
    806000   458.15622      1329.0721      1787.2283      234.00355      297.44907      0.16279987   
    807000   492.51245      1339.9576      1832.4701      259.16588      299.88527      0.16381501   
    808000   490.45315      1348.0228      1838.476       249.20309      301.69028      0.16398507   
    809000   497.52316      1327.0862      1824.6094      164.57968      297.00462      0.162916     
    810000   493.15575      1339.5604      1832.7162      101.06007      299.79637      0.16202002   
    811000   495.1391       1371.6138      1866.7529      14.914943      306.96997      0.16191242   
    812000   503.9391       1351.7918      1855.7309      12.452266      302.53379      0.16377693   
    813000   494.59166      1356.3263      1850.918       64.247145      303.54861      0.16708636   
    814000   489.51902      1418.5672      1908.0863      121.72541      317.47826      0.17057323   
    815000   491.7325       1392.3455      1884.078       196.5145       311.60978      0.17053944   
    816000   496.26657      1352.6751      1848.9416      136.43602      302.73146      0.16615812   
    817000   489.62505      1345.9718      1835.5969      163.02604      301.23126      0.16084882   
    818000   487.5658       1386.477       1874.0428      127.76955      310.2964       0.15611154   
    819000   477.30766      1362.1176      1839.4252      116.78255      304.8447       0.15421792   
    820000   532.56298      1348.7895      1881.3524      106.74845      301.86185      0.15651789   
    821000   521.5914       1367.6128      1889.2042      106.95868      306.07456      0.1618189    
    822000   515.25695      1414.4321      1929.689       175.96973      316.5528       0.16791      
    823000   486.92113      1374.4037      1861.3248      201.60613      307.59437      0.17127135   
    824000   496.4103       1361.8025      1858.2128      186.76531      304.77418      0.17154477   
    825000   483.63755      1347.8835      1831.5211      251.97464      301.6591       0.16962617   
    826000   474.93204      1385.0941      1860.0262      194.96507      309.98691      0.16462564   
    827000   495.70407      1379.7012      1875.4053      211.04505      308.77997      0.16169094   
    828000   489.62478      1379.2468      1868.8716      132.58411      308.67826      0.1578875    
    829000   473.26176      1344.6697      1817.9315      88.373442      300.93985      0.15612336   
    830000   495.90622      1309.3674      1805.2736      32.310193      293.03912      0.15554155   
    831000   503.96563      1326.5408      1830.5065     -0.76147588     296.88256      0.15641618   
    832000   515.57333      1321.9166      1837.49       -4.8034645      295.84765      0.15882639   
    833000   490.34164      1321.468       1811.8097      71.497175      295.74725      0.16296727   
    834000   463.57085      1364.3071      1827.878       172.51885      305.33474      0.1672942    
    835000   504.07071      1327.3353      1831.406       264.45443      297.06036      0.17107403   
    836000   499.45258      1348.6582      1848.1108      236.23882      301.83247      0.17111911   
    837000   479.48631      1390.6215      1870.1078      213.59741      311.22394      0.16630576   
    838000   500.45916      1348.4624      1848.9216      63.014774      301.78865      0.1579305    
    839000   524.90761      1357.0672      1881.9748     -13.15888       303.71443      0.15555291   
    840000   527.82809      1339.8106      1867.6387     -9.4630846      299.85237      0.15841334   
    841000   488.20397      1381.0631      1869.2671      33.912996      309.08475      0.16268724   
    842000   527.17558      1363.7543      1890.9299      139.40537      305.21102      0.16760083   
    843000   515.52811      1342.7641      1858.2922      169.93873      300.51337      0.16926262   
    844000   468.74682      1358.4105      1827.1574      205.32255      304.01507      0.16695815   
    845000   503.9619       1319.1524      1823.1143      229.62082      295.22902      0.16305034   
    846000   498.51518      1318.5335      1817.0487      189.06048      295.09051      0.15847278   
    847000   463.7444       1304.6665      1768.4109      101.39429      291.98705      0.15531333   
    848000   491.70321      1283.0852      1774.7884      25.957101      287.1571       0.15548824   
    849000   489.51892      1322.9193      1812.4382     -43.39771       296.07205      0.15769385   
    850000   492.82745      1333.7913      1826.6188     -2.8634827      298.50523      0.16113933   
    851000   445.73759      1351.3121      1797.0497      72.277707      302.42642      0.16419842   
    852000   480.82228      1347.1231      1827.9454      71.676321      301.48892      0.16515463   
    853000   493.4128       1348.2906      1841.7034      91.790243      301.75019      0.16591006   
    854000   508.72973      1327.1439      1835.8737      151.96687      297.01754      0.16468216   
    855000   515.49073      1298.0957      1813.5865      159.17514      290.51649      0.15931724   
    856000   490.82665      1364.2864      1855.1131      179.12592      305.3301       0.15436219   
    857000   496.60206      1353.0169      1849.619       207.71097      302.80797      0.15453512   
    858000   497.92116      1346.4802      1844.4014      167.43331      301.34503      0.15606858   
    859000   480.91647      1351.5783      1832.4948      134.35619      302.48601      0.15750217   
    860000   502.1055       1403.4831      1905.5886      117.53851      314.1024       0.15974691   
    861000   504.03341      1361.5777      1865.6111      159.55147      304.72388      0.16148015   
    862000   475.92043      1364.2748      1840.1952      178.85577      305.3275       0.16297602   
    863000   501.03473      1361.9469      1862.9817      180.94857      304.80652      0.16127044   
    864000   493.53691      1397.5651      1891.102       210.95493      312.77794      0.15917736   
    865000   515.18503      1357.1281      1872.3131      194.54014      303.72805      0.15464252   
    866000   527.33391      1367.6724      1895.0063      177.46099      306.08789      0.14880905   
    867000   481.17978      1364.0245      1845.2043      151.90117      305.27149      0.14685159   
    868000   492.97175      1335.9835      1828.9553      158.60191      298.99586      0.1519667    
    869000   494.08578      1330.8313      1824.9171      162.4802       297.84277      0.15820452   
    870000   511.39423      1336.5742      1847.9684      140.59203      299.12805      0.16039721   
    871000   507.72632      1342.8706      1850.5969      214.57468      300.53719      0.16300411   
    872000   525.59264      1389.3797      1914.9724      183.43525      310.94603      0.16364994   
    873000   476.1315       1410.3932      1886.5247      178.58309      315.6489       0.16055429   
    874000   506.82304      1358.4893      1865.3123      188.06336      304.03269      0.15682741   
    875000   502.5495       1348.0749      1850.6244      185.1504       301.70193      0.15450159   
    876000   515.96169      1370.8836      1886.8453      134.20603      306.80656      0.15501609   
    877000   514.69054      1334.1837      1848.8742      77.465104      298.59305      0.15801495   
    878000   514.7282       1349.818       1864.5461      78.185587      302.09203      0.16540967   
    879000   489.73966      1332.7252      1822.4649      155.82152      298.26664      0.16907137   
    880000   482.10427      1321.3002      1803.4045      183.85679      295.7097       0.168893     
    881000   495.44693      1331.7795      1827.2264      224.39049      298.05499      0.16843459   
    882000   503.87978      1334.0477      1837.9275      258.43904      298.56261      0.16790505   
    883000   479.6997       1336.0829      1815.7826      286.52994      299.01809      0.16826108   
    884000   480.92507      1344.3527      1825.2778      233.27784      300.8689       0.16816157   
    885000   458.61876      1327.185       1785.8038      145.19656      297.02673      0.16834547   
    886000   475.59735      1315.5953      1791.1927      88.123836      294.43293      0.17033164   
    887000   454.66781      1324.8693      1779.5371      64.933742      296.50846      0.17422788   
    888000   445.10069      1290.9706      1736.0713      124.56566      288.92187      0.17875125   
    889000   483.81002      1296.5496      1780.3597      127.22001      290.17047      0.17807069   
    890000   476.4547       1327.0762      1803.5309      135.28726      297.00239      0.17271222   
    891000   488.96096      1356.3124      1845.2734      128.4092       303.5455       0.16487484   
    892000   482.8782       1393.6682      1876.5464      157.7154       311.9058       0.16011462   
    893000   514.80035      1399.1705      1913.9709      159.38403      313.13724      0.15872136   
    894000   485.1297       1355.1355      1840.2652      187.32899      303.2821       0.16064966   
    895000   482.98058      1357.7365      1840.7171      170.55753      303.86422      0.16458823   
    896000   449.71528      1304.0487      1753.764       175.2311       291.84877      0.1659431    
    897000   477.40929      1344.3784      1821.7877      186.58613      300.87465      0.16618314   
    898000   492.07317      1343.1995      1835.2726      220.68658      300.6108       0.16513582   
    899000   462.08803      1371.1889      1833.277       201.86292      306.87489      0.16163687   
    900000   512.95265      1345.8466      1858.7993      139.29755      301.20324      0.15620628   
    901000   536.94192      1402.2691      1939.211       21.944386      313.83071      0.15220312   
    902000   525.7167       1339.7171      1865.4338     -33.22548       299.83144      0.15353399   
    903000   512.20751      1352.1093      1864.3168     -18.491576      302.60484      0.1572264    
    904000   505.37498      1360.6129      1865.9879      65.23017       304.50796      0.16109665   
    905000   509.25004      1378.2429      1887.493       148.99792      308.45359      0.16322354   
    906000   493.51985      1375.0855      1868.6054      214.24011      307.74696      0.16228076   
    907000   505.56127      1334.4697      1840.031       198.80624      298.65706      0.1596325    
    908000   510.82407      1331.7157      1842.5397      133.61765      298.0407       0.15620079   
    909000   511.83899      1292.3369      1804.1758      73.670559      289.22764      0.15278468   
    910000   512.13176      1318.6303      1830.7621      37.604712      295.11218      0.15146598   
    911000   524.44449      1324.1894      1848.6339      38.304195      296.3563       0.1553476    
    912000   502.56048      1360.4044      1862.9649      77.972957      304.46129      0.16158398   
    913000   533.93973      1337.3475      1871.2872      97.273252      299.30111      0.16422698   
    914000   487.02253      1360.2482      1847.2707      123.69784      304.42633      0.16250478   
    915000   475.32013      1389.0727      1864.3929      161.21755      310.87733      0.16151954   
    916000   490.27647      1349.0962      1839.3727      181.1053       301.93051      0.1606504    
    917000   519.6983       1363.3143      1883.0126      181.09681      305.11254      0.15948558   
    918000   502.65859      1391.0764      1893.7349      212.72854      311.32575      0.15905879   
    919000   512.19225      1392.9201      1905.1123      231.24867      311.73837      0.15776574   
    920000   509.50946      1384.8826      1894.3921      173.43466      309.93958      0.15583323   
    921000   485.6518       1368.0804      1853.7322      162.65737      306.1792       0.15610368   
    922000   488.13528      1365.8744      1854.0096      131.68048      305.68549      0.15969501   
    923000   509.63659      1378.0679      1887.7045      160.98395      308.41444      0.16376011   
    924000   513.18014      1380.3765      1893.5566      150.00651      308.93109      0.16309568   
    925000   520.8649       1340.5628      1861.4277      131.63613      300.0207       0.15766686   
    926000   508.67818      1350.0246      1858.7027      126.58594      302.13827      0.15144311   
    927000   494.81985      1372.7671      1867.587       160.18093      307.2281       0.15031849   
    928000   480.56292      1327.8696      1808.4325      146.64687      297.17995      0.15237412   
    929000   522.37539      1299.9557      1822.3311      187.02404      290.93275      0.15761716   
    930000   498.96554      1320.1555      1819.121       223.04046      295.45351      0.16284893   
    931000   449.21517      1364.47        1813.6852      247.91038      305.3712       0.16330173   
    932000   456.53028      1335.3308      1791.8611      209.40439      298.84977      0.15878133   
    933000   498.68451      1281.1659      1779.8504      153.55006      286.72757      0.15420349   
    934000   495.61817      1310.5219      1806.14        92.925468      293.29749      0.15570245   
    935000   492.28799      1325.6636      1817.9516      61.788909      296.68624      0.16163768   
    936000   507.35993      1338.336       1845.6959      29.380831      299.52234      0.16772499   
    937000   479.32857      1343.6571      1822.9857      81.066156      300.71322      0.16954113   
    938000   478.40821      1350.8742      1829.2824      110.34417      302.32841      0.16784488   
    939000   490.64153      1395.9076      1886.5491      171.51852      312.40698      0.16634144   
    940000   481.0868       1352.9559      1834.0427      172.34915      302.79431      0.16324193   
    941000   512.27732      1367.7522      1880.0295      160.90133      306.10575      0.16227655   
    942000   497.96817      1368.8672      1866.8354      121.83196      306.35529      0.16182686   
    943000   510.66598      1389.1385      1899.8045      99.920433      310.89206      0.16209813   
    944000   485.3274       1365.761       1851.0884      84.874681      305.66012      0.16068069   
    945000   512.69864      1355.004       1867.7027      111.56705      303.25268      0.15666556   
    946000   526.15516      1344.3165      1870.4716      147.68483      300.86078      0.1507001    
    947000   524.11798      1333.4808      1857.5987      172.83494      298.43573      0.14373841   
    948000   542.95164      1400.3614      1943.3131      184.37337      313.40376      0.13823939   
    949000   524.90523      1396.4578      1921.363       173.74898      312.53011      0.13903529   
    950000   468.02507      1391.1778      1859.2028      179.24371      311.34844      0.14656381   
    951000   497.94462      1351.892       1849.8366      168.85189      302.5562       0.15388492   
    952000   497.23125      1322.8042      1820.0354      163.13394      296.04629      0.15738348   
    953000   473.29035      1342.6714      1815.9618      154.44561      300.49263      0.1592882    
    954000   487.79191      1347.93        1835.7219      184.71267      301.66949      0.15982266   
    955000   498.64459      1344.5564      1843.201       174.5804       300.91448      0.15646299   
    956000   514.79329      1344.614       1859.4073      131.04455      300.92738      0.15297689   
    957000   521.19563      1380.9236      1902.1193      160.85204      309.05354      0.15369234   
    958000   511.7549       1340.6502      1852.4051      139.98379      300.04026      0.15755058   
    959000   478.97843      1305.1969      1784.1753      163.45867      292.10574      0.16463218   
    960000   509.42124      1319.1672      1828.5885      136.28632      295.23233      0.16767284   
    961000   494.46083      1330.3596      1824.8204      157.47345      297.73721      0.16709514   
    962000   516.89915      1340.9436      1857.8427      105.88993      300.10592      0.1639543    
    963000   506.29097      1388.6032      1894.8942      157.95095      310.77225      0.1610646    
    964000   481.32463      1401.7767      1883.1013      119.87124      313.72051      0.15738898   
    965000   501.85159      1357.9775      1859.8291      174.49962      303.91814      0.15802656   
    966000   535.33925      1331.5031      1866.8424      212.63997      297.99313      0.16065547   
    967000   492.96996      1386.4592      1879.4292      239.99023      310.29242      0.16171231   
    968000   506.06247      1343.9269      1849.9893      228.10306      300.77359      0.16198703   
    969000   494.6571       1376.4058      1871.0629      163.27088      308.04243      0.16127744   
    970000   495.78081      1366.0713      1861.8521      90.617395      305.72957      0.15949828   
    971000   510.93619      1360.0728      1871.009       37.432955      304.3871       0.15379642   
    972000   524.16009      1374.6297      1898.7897      35.208401      307.64494      0.14891063   
    973000   528.12836      1331.4649      1859.5933      85.170465      297.98459      0.15018334   
    974000   499.54887      1371.0793      1870.6282      180.161        306.85036      0.15612192   
    975000   506.58647      1403.8462      1910.4327      221.66767      314.18367      0.16200647   
    976000   506.84484      1365.9412      1872.786       204.17652      305.70044      0.16394198   
    977000   504.58649      1348.7748      1853.3613      153.53763      301.85858      0.16148999   
    978000   496.29853      1346.5512      1842.8497      123.11962      301.36092      0.15911834   
    979000   492.72733      1337.9233      1830.6507      115.19764      299.42999      0.15906784   
    980000   504.60834      1285.0733      1789.6816      194.80461      287.60204      0.15987749   
    981000   475.17196      1323.1968      1798.3687      213.9          296.13415      0.16242725   
    982000   455.63786      1335.2312      1790.8691      222.81356      298.82748      0.16953993   
    983000   476.82254      1317.0682      1793.8908      170.77347      294.76257      0.17402597   
    984000   471.16264      1293.4385      1764.6011      71.656571      289.47418      0.17231656   
    985000   461.39489      1274.9643      1736.3592      50.366281      285.33964      0.16999928   
    986000   485.63829      1322.0117      1807.65        26.632639      295.86894      0.1661724    
    987000   504.46506      1306.1914      1810.6564      60.381501      292.32831      0.16097808   
    988000   466.74165      1280.2921      1747.0337      134.3139       286.53199      0.15842834   
    989000   498.39045      1295.1154      1793.5059      188.05328      289.84949      0.15993145   
    990000   507.31214      1313.3918      1820.7039      190.96221      293.93978      0.16176949   
    991000   516.77073      1324.1934      1840.9641      195.02689      296.3572       0.16347702   
    992000   487.7682       1330.2961      1818.0643      157.86635      297.72299      0.16482747   
    993000   469.5936       1331.4504      1801.044       79.290211      297.98132      0.16285601   
    994000   492.35347      1359.9895      1852.343       57.802538      304.36844      0.16034428   
    995000   506.90665      1345.4322      1852.3389      35.054688      301.11049      0.15850614   
    996000   504.76145      1342.3115      1847.0729      14.883462      300.41206      0.15489951   
    997000   494.88096      1292.1629      1787.0438      84.639133      289.1887       0.15096885   
    998000   494.50081      1313.1402      1807.641       150.40861      293.88346      0.15036739   
    999000   486.95628      1324.0967      1811.053       155.35186      296.33557      0.15545217   
   1000000   498.83862      1321.9839      1820.8225      223.02236      295.8627       0.16295496   
   1001000   489.68231      1332.8133      1822.4956      142.7541       298.28635      0.16309026   
   1002000   510.81191      1357.1154      1867.9273      81.330686      303.72522      0.16212558   
   1003000   481.44008      1381.8945      1863.3346      62.09099       309.27082      0.15917594   
   1004000   517.84108      1334.6284      1852.4695      64.851759      298.69259      0.15863714   
   1005000   522.39061      1359.5414      1881.932       144.17044      304.26816      0.16234133   
   1006000   499.29704      1354.1304      1853.4274      242.9659       303.05716      0.16732614   
   1007000   465.81732      1347.6517      1813.469       247.00352      301.60722      0.17164647   
   1008000   491.38173      1329.7065      1821.0882      208.78057      297.59104      0.17379999   
   1009000   492.23319      1331.094       1823.3272      129.07143      297.90157      0.1715432    
   1010000   472.01912      1331.1543      1803.1734      78.360073      297.91507      0.16896121   
   1011000   448.27003      1298.1239      1746.394       54.548249      290.5228       0.16635517   
   1012000   495.83544      1278.9897      1774.8252      122.79699      286.24052      0.16532375   
   1013000   475.44255      1315.6234      1791.0659      137.39385      294.43921      0.16243023   
   1014000   494.38535      1320.0322      1814.4176      185.84139      295.42592      0.15975926   
   1015000   498.19776      1324.0986      1822.2964      192.85988      296.33598      0.15672869   
   1016000   516.52013      1286.3991      1802.9192      168.86384      287.89876      0.1558279    
   1017000   498.06885      1334.0775      1832.1463      136.79429      298.56928      0.15973073   
   1018000   496.64697      1344.1959      1840.8429      102.2707       300.8338       0.1686725    
   1019000   467.95253      1374.5088      1842.4614      51.359158      307.6179       0.17212629   
   1020000   498.81707      1406.7992      1905.6163      60.293643      314.84455      0.17227717   
   1021000   532.95726      1351.7108      1884.6681      106.38328      302.51565      0.16829301   
   1022000   497.07881      1354.1518      1851.2306      179.06         303.06196      0.16353962   
   1023000   483.74576      1365.6006      1849.3464      277.45503      305.62422      0.16190815   
   1024000   510.87428      1344.3704      1855.2447      266.69842      300.87285      0.16071632   
   1025000   489.42739      1322.9701      1812.3975      226.98519      296.08343      0.15910968   
   1026000   490.30987      1314.7949      1805.1047      193.65843      294.25379      0.15890653   
   1027000   516.90304      1316.833       1833.736       82.997296      294.70992      0.15838294   
   1028000   498.64193      1337.1064      1835.7483      21.283886      299.24716      0.15912958   
   1029000   460.82585      1295.0972      1755.923       7.7075765      289.8454       0.16225493   
   1030000   478.64289      1304.596       1783.2389      23.77427       291.97126      0.16595389   
   1031000   483.91807      1319.259       1803.177       104.3867       295.25287      0.16872023   
   1032000   485.00636      1325.4624      1810.4687      153.50839      296.6412       0.17071209   
   1033000   490.19368      1291.6528      1781.8464      168.76938      289.07454      0.16830473   
   1034000   467.21594      1328.1911      1795.407       208.29689      297.25189      0.16331053   
   1035000   502.60983      1305.5398      1808.1496      186.63479      292.18248      0.15856585   
   1036000   463.67537      1314.739       1778.4143      132.12165      294.24128      0.15574466   
   1037000   503.70831      1319.1967      1822.905       46.763003      295.23893      0.15506203   
   1038000   515.5753       1303.5076      1819.0829      0.0257873      291.72769      0.15602668   
   1039000   492.44249      1342.8302      1835.2727      61.196936      300.52815      0.15832599   
   1040000   489.28448      1355.0602      1844.3446      91.82568       303.26524      0.16028951   
   1041000   475.08652      1333.3072      1808.3937      181.40987      298.39688      0.16549051   
   1042000   496.40039      1338.0277      1834.428       252.20197      299.45334      0.16879176   
   1043000   508.20194      1311.9021      1820.104       262.57648      293.60639      0.16757618   
   1044000   491.07496      1323.4121      1814.487       202.63674      296.18234      0.16092657   
   1045000   486.76286      1297.3527      1784.1155      93.971346      290.35019      0.1532145    
   1046000   521.48033      1307.6951      1829.1755      91.085578      292.66486      0.15194278   
   1047000   475.63278      1355.9522      1831.585       108.29544      303.46489      0.15416299   
   1048000   483.11545      1357.3485      1840.464       176.7159       303.77739      0.15961642   
   1049000   494.13549      1353.0336      1847.1691      229.76613      302.81169      0.16522776   
   1050000   487.60199      1343.1717      1830.7737      211.66347      300.60459      0.16945368   
   1051000   486.83481      1345.1382      1831.973       133.77508      301.04469      0.17026431   
   1052000   500.94051      1333.9508      1834.8913      53.183574      298.54093      0.16764033   
   1053000   479.03387      1348.6899      1827.7238      40.745815      301.83958      0.16239681   
   1054000   524.00674      1311.7618      1835.7685      30.320249      293.57498      0.15891915   
   1055000   492.71219      1372.1359      1864.8481      86.687597      307.08683      0.15915696   
   1056000   489.02387      1365.5611      1854.585       169.78606      305.61538      0.15917577   
   1057000   517.15382      1343.0753      1860.2291      152.44599      300.58301      0.15808637   
   1058000   519.70314      1359.0973      1878.8004      170.01606      304.16877      0.15880014   
   1059000   475.34268      1367.9887      1843.3314      179.38055      306.15868      0.16168655   
   1060000   511.57226      1353.2354      1864.8076      208.76823      302.85685      0.16604085   
   1061000   507.15407      1373.0643      1880.2184      176.8279       307.29461      0.16546391   
   1062000   505.65667      1342.2923      1847.9489      161.68484      300.40776      0.16141153   
   1063000   510.42284      1360.8159      1871.2387      139.16263      304.55338      0.15974751   
   1064000   498.26166      1367.9998      1866.2615      113.21082      306.16117      0.15989223   
   1065000   498.55823      1383.0515      1881.6097      134.23493      309.52976      0.16072929   
   1066000   471.85978      1384.9545      1856.8143      137.42671      309.95566      0.16411427   
   1067000   461.84576      1328.2277      1790.0735      152.33389      297.26009      0.17098167   
   1068000   453.03528      1308.0215      1761.0568      167.82609      292.73789      0.17451048   
   1069000   486.93416      1328.3612      1815.2953      147.51707      297.28995      0.16946166   
   1070000   493.45271      1312.176       1805.6287      125.76951      293.66768      0.16172432   
   1071000   515.73241      1316.1929      1831.9253      147.82398      294.56667      0.15934424   
   1072000   492.02102      1348.7724      1840.7934      147.4153       301.85802      0.15822539   
   1073000   497.14065      1332.4058      1829.5465      139.23541      298.19516      0.15731258   
   1074000   483.36281      1334.5584      1817.9212      147.58538      298.67692      0.15699601   
   1075000   481.74084      1309.0996      1790.8404      137.16769      292.97917      0.15848318   
   1076000   494.20667      1341.4212      1835.6279      159.86665      300.21283      0.16226396   
   1077000   509.20507      1357.5822      1866.7873      157.7912       303.82969      0.16796848   
   1078000   478.94111      1331.8713      1810.8124      145.3602       298.07553      0.17091065   
   1079000   465.24452      1341.321       1806.5655      80.886263      300.1904       0.16646906   
   1080000   508.07361      1358.9547      1867.0283      88.814784      304.13685      0.15561789   
   1081000   514.61308      1365.4125      1880.0256      105.86783      305.58212      0.15049743   
   1082000   553.99426      1425.5237      1979.518       151.03245      319.03514      0.15211853   
   1083000   507.96227      1367.6027      1875.565       163.68853      306.0723       0.15516316   
   1084000   502.82412      1375.9217      1878.7458      137.22641      307.9341       0.15976175   
   1085000   503.478        1388.0392      1891.5172      168.19119      310.64602      0.1643055    
   1086000   511.46407      1334.111       1845.575       166.96941      298.57677      0.16628456   
   1087000   481.75886      1345.334       1827.0928      148.19339      301.0885       0.16673448   
   1088000   497.94534      1319.2395      1817.1848      74.138446      295.2485       0.16463311   
   1089000   473.3162       1293.6981      1767.0143      51.223714      289.5323       0.16171222   
   1090000   497.69445      1279.3014      1776.9958      73.380441      286.31027      0.15898248   
   1091000   494.41774      1313.1691      1807.5868      147.26231      293.88994      0.16006348   
   1092000   475.61835      1338.5199      1814.1382      185.90425      299.56349      0.16656226   
   1093000   486.98258      1312.1809      1799.1635      174.64587      293.66879      0.17349999   
   1094000   481.27681      1284.3694      1765.6462      170.06464      287.44452      0.17461883   
   1095000   471.00909      1326.9447      1797.9538      167.69584      296.97294      0.17140657   
   1096000   476.8473       1348.5467      1825.394       110.26184      301.80752      0.16597751   
   1097000   491.40241      1344.2602      1835.6626      102.24527      300.84818      0.1625751    
   1098000   503.33926      1360.8896      1864.2288      93.694971      304.56988      0.15982334   
   1099000   516.33447      1342.1749      1858.5094      66.180498      300.3815       0.15813265   
   1100000   523.49096      1336.4427      1859.9336      106.30304      299.09861      0.15674518   
   1101000   495.26893      1360.6344      1855.9033      176.92495      304.51276      0.1565874    
   1102000   493.19756      1366.0065      1859.2041      204.69363      305.71506      0.16074979   
   1103000   488.37354      1409.3357      1897.7093      224.97505      315.41223      0.1675917    
   1104000   494.31224      1335.9146      1830.2268      187.83912      298.98042      0.1703518    
   1105000   458.55521      1363.4         1821.9552      192.28807      305.13171      0.17014512   
   1106000   491.51591      1339.9174      1831.4333      196.22482      299.87627      0.16820903   
   1107000   482.47948      1366.8334      1849.3129      206.48873      305.90013      0.16372295   
   1108000   495.2356       1380.5329      1875.7685      184.32592      308.9661       0.15887769   
   1109000   520.65021      1323.482       1844.1322      133.22178      296.19799      0.15719826   
   1110000   517.57239      1360.5546      1878.127       52.236907      304.49492      0.16056895   
   1111000   476.81755      1365.1099      1841.9275      33.919381      305.5144       0.16552641   
   1112000   490.05933      1379.3351      1869.3945      63.044912      308.69804      0.16819135   
   1113000   479.26067      1366.2492      1845.5099      148.79939      305.76937      0.16911781   
   1114000   463.54777      1370.4713      1834.019       293.44696      306.71428      0.16708298   
   1115000   477.41668      1363.321       1840.7377      266.89815      305.11405      0.16376174   
   1116000   515.72771      1384.9828      1900.7105      226.26528      309.96199      0.162771     
   1117000   481.01994      1360.3893      1841.4092      160.60827      304.45792      0.16449262   
   1118000   484.16327      1310.2705      1794.4338      109.54939      293.24124      0.16759032   
   1119000   501.8186       1317.2553      1819.0739      99.167929      294.80444      0.17113064   
   1120000   465.59483      1311.625       1777.2198      127.67859      293.54436      0.1712115    
   1121000   469.82387      1280.1035      1749.9274      189.89706      286.48979      0.16978404   
   1122000   492.94732      1304.0856      1797.0329      201.50675      291.85704      0.16823229   
   1123000   494.55524      1329.2296      1823.7848      172.43114      297.48431      0.16578433   
   1124000   491.1651       1331.1308      1822.2959      109.78282      297.9098       0.16123817   
   1125000   501.81031      1321.5541      1823.3644      30.195439      295.76652      0.15675817   
   1126000   496.53841      1311.3139      1807.8523      42.128828      293.47475      0.15466117   
   1127000   484.95645      1353.0452      1838.0016      52.983035      302.81429      0.15409397   
   1128000   503.67482      1353.1534      1856.8282      72.725264      302.8385       0.15499419   
   1129000   523.75288      1315.3281      1839.081       102.14126      294.37313      0.15806576   
   1130000   479.16688      1370.1685      1849.3354      157.71567      306.64652      0.16364372   
   1131000   466.21044      1367.289       1833.4994      200.44509      306.00207      0.16993881   
   1132000   496.15137      1359.0279      1855.1793      252.50216      304.15324      0.17426873   
   1133000   514.52163      1357.5273      1872.0489      278.46099      303.8174       0.1723216    
   1134000   503.32798      1412.4438      1915.7718      286.05188      316.10783      0.16607248   
   1135000   510.57949      1344.8933      1855.4727      159.72815      300.98987      0.16187809   
   1136000   500.61558      1351.3127      1851.9283      135.24623      302.42657      0.16225154   
   1137000   488.40056      1353.7548      1842.1554      141.01025      302.97311      0.16339264   
   1138000   504.24361      1341.703       1845.9466      126.72862      300.27588      0.16476083   
   1139000   502.51659      1325.3548      1827.8714      124.80015      296.61712      0.16637776   
   1140000   493.46092      1353.7654      1847.2263      154.95276      302.97548      0.17068663   
   1141000   477.03528      1358.4157      1835.451       184.66652      304.01622      0.17693958   
   1142000   464.6151       1333.4664      1798.0815      199.22612      298.43253      0.17788108   
   1143000   496.77135      1350.1839      1846.9553      121.50506      302.17393      0.17345932   
   1144000   512.43374      1340.584       1853.0178      61.935163      300.02546      0.1672614    
   1145000   510.16881      1344.7188      1854.8876      11.846168      300.95082      0.16440124   
   1146000   488.08712      1363.3057      1851.3928      52.360181      305.11062      0.16515364   
   1147000   507.41808      1347.0701      1854.4882      93.230058      301.47706      0.16755977   
   1148000   462.9714       1314.4298      1777.4012      147.43744      294.17209      0.1672001    
   1149000   493.89822      1309.5755      1803.4737      199.08576      293.08568      0.16687025   
   1150000   499.51669      1325.2634      1824.7801      205.2691       296.59667      0.16495456   
   1151000   483.62491      1325.5465      1809.1714      159.62662      296.66003      0.16225667   
   1152000   495.69366      1323.2822      1818.9759      167.21775      296.15328      0.15980585   
   1153000   518.99682      1279.5484      1798.5452      117.91626      286.36555      0.15443009   
   1154000   502.24118      1287.8822      1790.1234      79.136531      288.23068      0.152612     
   1155000   495.16292      1314.9463      1810.1092      90.367508      294.28768      0.15623721   
   1156000   519.75836      1314.7657      1834.524       97.667699      294.24725      0.16183765   
   1157000   491.03247      1324.7729      1815.8054      132.48295      296.4869       0.16351698   
   1158000   508.79971      1324.2143      1833.014       196.60823      296.36187      0.16391589   
   1159000   473.98431      1300.9381      1774.9224      248.46735      291.15261      0.16290788   
   1160000   488.61425      1334.734       1823.3483      290.15611      298.71622      0.16389289   
   1161000   481.32131      1333.0134      1814.3347      244.29737      298.33113      0.16483898   
   1162000   491.11402      1354.5067      1845.6207      203.57403      303.14138      0.16718379   
   1163000   476.69586      1351.3514      1828.0472      177.90436      302.43521      0.17027505   
   1164000   477.45621      1377.154       1854.6102      116.15096      308.20989      0.17198685   
   1165000   511.32102      1378.7772      1890.0982      70.44015       308.57317      0.17016919   
   1166000   507.29599      1359.7908      1867.0868      102.32264      304.32398      0.1629352    
   1167000   490.2389       1358.3299      1848.5688      156.28474      303.99702      0.15846693   
   1168000   511.77877      1328.6107      1840.3895      185.91842      297.34581      0.15831714   
   1169000   511.94146      1281.5351      1793.4765      138.46684      286.81018      0.15859108   
   1170000   477.66318      1335.4271      1813.0903      107.59119      298.87133      0.15906051   
   1171000   458.68322      1339.6563      1798.3395      50.387298      299.81782      0.15907041   
   1172000   513.57335      1309.1858      1822.7591      25.766511      292.99846      0.15740301   
   1173000   501.65034      1305.58        1807.2304      27.069739      292.19149      0.15526193   
   1174000   500.76055      1327.0593      1827.8198      50.180268      296.99859      0.15332037   
   1175000   504.6953       1320.5627      1825.258       125.69707      295.54464      0.15510783   
   1176000   483.32612      1291.7         1775.0261      190.27317      289.0851       0.16094053   
   1177000   486.88063      1326.1627      1813.0433      239.6894       296.79792      0.16679725   
   1178000   490.58689      1331.8902      1822.4771      154.12664      298.07976      0.16842035   
   1179000   483.59623      1313.8005      1797.3967      83.408888      294.03124      0.16606092   
   1180000   512.87129      1323.3801      1836.2514      2.5498222      296.17519      0.16226759   
   1181000   472.54937      1330.1293      1802.6787     -5.200495       297.68567      0.16064203   
   1182000   502.3801       1320.8746      1823.2547      70.765509      295.61446      0.16093748   
   1183000   506.78937      1296.7258      1803.5152      162.4891       290.20989      0.16094334   
   1184000   498.0165       1355.7372      1853.7537      249.33876      303.41677      0.16012377   
   1185000   497.93064      1362.129       1860.0597      258.68148      304.84727      0.15830485   
   1186000   494.62602      1364.1482      1858.7743      191.29038      305.29917      0.15684886   
   1187000   522.27052      1341.1497      1863.4202      113.51433      300.15206      0.15501673   
   1188000   504.9825       1369.0468      1874.0293      89.372358      306.39548      0.15311881   
   1189000   510.56324      1374.4105      1884.9737      55.557645      307.59589      0.14925944   
   1190000   545.14216      1397.0595      1942.2017      55.306113      312.66479      0.14754663   
   1191000   542.69198      1361.9196      1904.6116      117.30191      304.80041      0.14940612   
   1192000   510.82912      1362.8184      1873.6475      181.06083      305.00156      0.15448635   
   1193000   508.38864      1335.3645      1843.7532      222.74198      298.85732      0.16134817   
   1194000   487.97383      1318.864       1806.8378      251.92603      295.16447      0.16442297   
   1195000   473.70288      1286.565       1760.2679      220.27632      287.9359       0.16399844   
   1196000   484.61754      1329.8966      1814.5141      198.21558      297.63358      0.16327963   
   1197000   483.95369      1312.1665      1796.1202      118.94656      293.66556      0.16214916   
   1198000   486.94929      1280.3837      1767.333       54.675931      286.55251      0.16178969   
   1199000   516.16129      1299.9662      1816.1275      51.499669      290.9351       0.16190329   
   1200000   513.41155      1309.3416      1822.7531      80.960476      293.03333      0.16384249   
   1201000   488.13428      1316.4613      1804.5956      146.3016       294.62675      0.16676585   
   1202000   481.20828      1304.293       1785.5013      190.50715      291.90345      0.16862211   
   1203000   488.27365      1328.6092      1816.8828      201.28965      297.34546      0.16783623   
   1204000   500.72867      1332.0712      1832.7998      198.27554      298.12026      0.16372241   
   1205000   502.18814      1329.4163      1831.6045      141.06799      297.52611      0.15679072   
   1206000   512.01431      1392.4197      1904.434       117.18348      311.62638      0.15408765   
   1207000   526.36258      1380.348       1906.7106      115.63904      308.92472      0.15380836   
   1208000   519.48385      1364.5197      1884.0036      163.6053       305.38232      0.15645366   
   1209000   484.55111      1357.996       1842.5471      235.60888      303.92229      0.1614252    
   1210000   481.1892       1376.0116      1857.2008      254.27562      307.95422      0.16695329   
   1211000   514.17867      1369.0256      1883.2043      233.39035      306.39074      0.17039339   
   1212000   507.53662      1405.4933      1913.0299      166.84373      314.55228      0.17001461   
   1213000   473.16839      1367.174       1840.3423      109.62161      305.97634      0.16743181   
   1214000   482.3807       1348.7315      1831.1122      62.072983      301.84887      0.16704959   
   1215000   456.61917      1353.4557      1810.0748      52.71599       302.90615      0.16677399   
   1216000   480.95901      1335.8531      1816.8121      98.034553      298.96667      0.16829471   
   1217000   478.09023      1315.4421      1793.5324      107.85902      294.39865      0.17129609   
   1218000   479.2027       1302.2614      1781.4641      54.90892       291.44877      0.17235668   
   1219000   457.45845      1291.681       1749.1395      67.945509      289.08087      0.1688756    
   1220000   473.67502      1318.2375      1791.9125      62.794814      295.02426      0.16273135   
   1221000   481.08548      1320.5019      1801.5874      125.97388      295.53103      0.15981352   
   1222000   496.1842       1338.9128      1835.097       204.50996      299.65143      0.16070049   
   1223000   528.82659      1323.492       1852.3186      186.44133      296.20022      0.16448543   
   1224000   480.19866      1372.3116      1852.5102      175.77883      307.12615      0.17052539   
   1225000   499.43603      1367.1368      1866.5729      113.00771      305.96803      0.17164319   
   1226000   487.22819      1343.2338      1830.462       111.69826      300.61849      0.17001078   
   1227000   482.15784      1322.7829      1804.9407      98.174196      296.04153      0.16530403   
   1228000   470.98381      1325.0689      1796.0527      99.017291      296.55313      0.16105163   
   1229000   527.42215      1312.1369      1839.5591      111.47329      293.65894      0.15902713   
   1230000   512.29043      1333.0652      1845.3556      89.470635      298.34273      0.15787233   
   1231000   505.93511      1355.9913      1861.9264      134.34661      303.47363      0.16073967   
   1232000   519.86504      1351.7066      1871.5717      149.42061      302.51472      0.1640137    
   1233000   474.7054       1382.5453      1857.2507      179.34209      309.41649      0.16547145   
   1234000   492.31291      1359.6665      1851.9794      164.67052      304.29616      0.16550875   
   1235000   493.05773      1349.3275      1842.3853      147.53433      301.98227      0.16240841   
   1236000   514.21628      1345.8571      1860.0734      160.2542       301.20559      0.15812316   
   1237000   505.58141      1337.3022      1842.8836      135.96753      299.29097      0.15476336   
   1238000   489.32991      1348.926       1838.2559      87.118038      301.8924       0.15538131   
   1239000   482.8681       1342.9031      1825.7712      69.547229      300.54448      0.15841902   
   1240000   477.93173      1359.0951      1837.0268      124.26001      304.16827      0.16294147   
   1241000   500.4435       1361.7659      1862.2094      195.48638      304.766        0.16461414   
   1242000   506.58513      1338.7381      1845.3232      259.51657      299.61233      0.16520902   
   1243000   515.427        1330.0395      1845.4665      296.93998      297.66558      0.16547851   
   1244000   487.78027      1315.7116      1803.4919      223.92123      294.45896      0.16198994   
   1245000   479.78052      1344.5833      1824.3638      128.50693      300.9205       0.1570678    
   1246000   524.29845      1326.8135      1851.112       34.664235      296.94359      0.15393238   
   1247000   518.20571      1334.9041      1853.1098      4.648128       298.75427      0.1534452    
   1248000   524.69312      1331.1732      1855.8663      31.893819      297.91929      0.1565838    
   1249000   471.90801      1363.3797      1835.2878      62.011482      305.12718      0.1638619    
   1250000   496.60458      1350.2482      1846.8528      120.3976       302.18831      0.16817671   
   1251000   492.43457      1415.2473      1907.6819      199.32633      316.73526      0.16748844   
   1252000   480.47706      1382.8539      1863.3309      261.08004      309.48553      0.16469012   
   1253000   506.54949      1361.4137      1867.9632      269.97358      304.68718      0.16163247   
   1254000   507.20869      1357.8705      1865.0792      272.35255      303.89421      0.15945593   
   1255000   506.30392      1390.2357      1896.5396      213.6021       311.1376       0.15747995   
   1256000   511.49132      1373.4838      1884.9751      128.24156      307.38849      0.15491345   
   1257000   532.81901      1374.8348      1907.6538      5.8545023      307.69085      0.15054525   
   1258000   530.20207      1375.3653      1905.5673      41.528188      307.80957      0.15041385   
   1259000   515.57351      1374.5125      1890.0861      63.482944      307.61873      0.15497159   
   1260000   493.26953      1372.8401      1866.1097      185.70854      307.24444      0.16171828   
   1261000   500.93259      1339.2957      1840.2283      314.1337       299.73712      0.16374238   
   1262000   469.67357      1356.1959      1825.8695      360.58002      303.51943      0.16329055   
   1263000   486.01291      1303.4432      1789.4561      317.69936      291.71327      0.1618995    
   1264000   494.13541      1336.6628      1830.7982      212.4426       299.14787      0.15996509   
   1265000   489.42415      1310.9111      1800.3352      162.6721       293.38458      0.15888452   
   1266000   509.69164      1336.3224      1846.014       92.603913      299.0717       0.15682833   
   1267000   510.49252      1333.5119      1844.0044      104.40195      298.44271      0.15593785   
   1268000   520.28442      1332.4945      1852.7789      150.39791      298.215        0.15413356   
   1269000   509.97903      1337.6138      1847.5929      216.66109      299.36072      0.15526595   
   1270000   510.98405      1317.6318      1828.6159      224.51625      294.88871      0.15824323   
   1271000   491.47123      1333.3742      1824.8454      212.9387       298.41188      0.16196174   
   1272000   493.4909       1345.1311      1838.622       179.35833      301.04311      0.16126216   
   1273000   466.07523      1324.9556      1791.0308      146.10986      296.52779      0.15552128   
   1274000   503.78807      1341.6504      1845.4384      177.1529       300.2641       0.15072513   
   1275000   508.96455      1329.2328      1838.1974      159.70285      297.48503      0.15004444   
   1276000   510.56455      1328.532       1839.0965      145.95275      297.32819      0.15079478   
   1277000   512.28406      1317.0959      1829.3799      142.66968      294.76876      0.15246306   
   1278000   509.54833      1334.4292      1843.9775      151.16768      298.64799      0.15443427   
   1279000   492.07688      1317.6483      1809.7252      103.29255      294.89239      0.15600919   
   1280000   483.8364       1345.2569      1829.0933      93.975427      301.07126      0.15622786   
   1281000   507.63211      1360.7826      1868.4147      82.674107      304.54594      0.15493226   
   1282000   516.1805       1359.1778      1875.3583      82.34878       304.18679      0.15375014   
   1283000   520.90384      1332.2803      1853.1841      123.76939      298.16707      0.15403575   
   1284000   488.35371      1337.1198      1825.4735      147.95777      299.25015      0.16187618   
   1285000   504.1554       1311.7432      1815.8986      199.13507      293.57081      0.17253069   
   1286000   455.8207       1297.0535      1752.8742      205.91356      290.28323      0.17243587   
   1287000   472.64716      1319.8154      1792.4626      179.56929      295.37741      0.16937933   
   1288000   500.69831      1305.2432      1805.9415      173.93307      292.11611      0.16396567   
   1289000   527.62594      1313.5714      1841.1974      107.74662      293.97999      0.15942333   
   1290000   477.61721      1326.5779      1804.1951      81.795887      296.89086      0.15780104   
   1291000   496.62526      1328.923       1825.5482      111.48035      297.41569      0.15958042   
   1292000   517.39568      1307.5182      1824.9139      125.94163      292.62526      0.16349936   
   1293000   493.88722      1327.7616      1821.6489      183.64895      297.15578      0.16760235   
   1294000   466.40681      1352.5655      1818.9723      222.56423      302.70694      0.16924675   
   1295000   480.82582      1304.0525      1784.8783      213.93047      291.84962      0.16898673   
   1296000   465.6859       1350.2126      1815.8985      129.46948      302.18036      0.16710756   
   1297000   478.57439      1340.24        1818.8144      53.034405      299.94847      0.16397145   
   1298000   500.81894      1327.1913      1828.0103      20.989772      297.02814      0.16189042   
   1299000   491.98958      1294.5063      1786.4959      23.530929      289.71317      0.16003264   
   1300000   488.29287      1335.508       1823.8008      75.894508      298.88943      0.15955726   
   1301000   493.6301       1311.6587      1805.2888      157.65732      293.5519       0.16051129   
   1302000   519.5433       1288.4082      1807.9515      196.26586      288.34841      0.16071821   
   1303000   472.58896      1304.7742      1777.3631      177.88052      292.01114      0.16272021   
   1304000   469.97156      1334.7346      1804.7061      171.70706      298.71633      0.16803543   
   1305000   477.81341      1349.126       1826.9394      109.0422       301.93717      0.17062508   
   1306000   453.88737      1341.3786      1795.266       67.843418      300.20329      0.169647     
   1307000   502.54327      1326.7819      1829.3252      113.15733      296.93651      0.16821601   
   1308000   468.60347      1360.1579      1828.7614      159.53689      304.40613      0.16653357   
   1309000   489.50194      1407.3234      1896.8253      200.49771      314.96186      0.16457761   
   1310000   507.56864      1376.6561      1884.2248      164.97926      308.09847      0.15897632   
   1311000   532.64837      1342.0225      1874.6709      191.68104      300.34739      0.15613391   
   1312000   541.23181      1332.4246      1873.6564      161.21447      298.19936      0.15776892   
   1313000   495.12818      1396.1075      1891.2357      132.32363      312.45172      0.16206892   
   1314000   506.35233      1333.9655      1840.3178      46.897675      298.54421      0.16655472   
   1315000   488.44274      1333.86        1822.3028      80.018356      298.52061      0.17105481   
   1316000   504.7762       1330.2289      1835.0051      141.52915      297.70797      0.17227501   
   1317000   491.06004      1359.1354      1850.1954      186.9675       304.17728      0.17215094   
   1318000   476.3716       1352.9446      1829.3162      200.64612      302.79178      0.17074084   
   1319000   469.01624      1363.368       1832.3843      174.97954      305.12456      0.16866597   
   1320000   486.2541       1345.0173      1831.2714      153.35433      301.01764      0.16501581   
   1321000   499.4485       1330.4398      1829.8883      85.487937      297.75517      0.15734357   
   1322000   516.84471      1275.9444      1792.7891      97.489093      285.55897      0.15463316   
   1323000   500.32482      1296.1531      1796.4779      114.10888      290.08173      0.15368369   
   1324000   481.90373      1323.7204      1805.6241      112.9149       296.25134      0.15419968   
   1325000   524.9192       1317.8802      1842.7994      133.27168      294.94429      0.15633756   
   1326000   488.60153      1315.7523      1804.3538      151.9025       294.46806      0.15905458   
   1327000   513.80463      1309.8526      1823.6573      134.6172       293.14771      0.15911547   
   1328000   504.3719       1357.1171      1861.489       124.25449      303.72559      0.15704321   
   1329000   520.65048      1369.1903      1889.8407      175.58554      306.42759      0.15517279   
   1330000   525.32674      1362.7733      1888.1         151.66272      304.99146      0.1522816    
   1331000   501.77626      1349.6755      1851.4517      187.26891      302.06014      0.15358098   
   1332000   512.82626      1332.0721      1844.8984      142.15751      298.12047      0.15748694   
   1333000   530.81351      1325.5179      1856.3314      65.22815       296.65362      0.15943328   
   1334000   476.92405      1357.9677      1834.8918      72.927154      303.91597      0.15995181   
   1335000   511.72884      1324.2176      1835.9464      90.439908      296.36262      0.16049322   
   1336000   517.12421      1331.4444      1848.5686      148.72992      297.98         0.16103187   
   1337000   501.92051      1344.9565      1846.877       227.45475      301.00403      0.16226178   
   1338000   489.25713      1338.8123      1828.0695      239.1393       299.62895      0.16532385   
   1339000   493.89361      1331.7236      1825.6172      234.41933      298.04247      0.17179181   
   1340000   501.57726      1353.2891      1854.8664      240.76183      302.86888      0.17781992   
   1341000   460.83939      1381.22        1842.0594      206.25942      309.11986      0.17600127   
   1342000   500.85254      1353.7036      1854.5562      149.58401      302.96165      0.1693334    
   1343000   530.16974      1353.3733      1883.543       150.57866      302.88772      0.16520202   
   1344000   517.15321      1343.1619      1860.3151      185.49622      300.60238      0.16503935   
   1345000   484.58226      1384.3426      1868.9249      185.86814      309.81872      0.16603835   
   1346000   501.98167      1356.3114      1858.293       157.87298      303.54527      0.1683557    
   1347000   463.59361      1401.5534      1865.147       121.61604      313.67052      0.16788285   
   1348000   497.16723      1337.6114      1834.7786      99.178331      299.36018      0.16228394   
   1349000   519.25199      1316.9123      1836.1642      83.102777      294.72767      0.15652073   
   1350000   510.20011      1324.7502      1834.9503      49.686501      296.48181      0.1543012    
   1351000   513.49393      1317.3109      1830.8048      89.51333       294.81688      0.15478252   
   1352000   476.07267      1327.2586      1803.3313      84.051504      297.0432       0.15750746   
   1353000   508.38314      1322.6161      1830.9993      148.89191      296.00421      0.16447456   
   1354000   477.23985      1314.8027      1792.0425      141.64287      294.25553      0.16837406   
   1355000   492.23382      1326.4867      1818.7205      95.463395      296.87044      0.16703317   
   1356000   499.17717      1322.3865      1821.5636      66.179833      295.9528       0.16494949   
   1357000   492.71332      1316.6327      1809.346       83.69149       294.6651       0.16357795   
   1358000   494.98832      1355.8781      1850.8664      141.8262       303.4483       0.16416325   
   1359000   472.67103      1390.3777      1863.0488      219.30825      311.16939      0.16503053   
   1360000   514.94004      1354.86        1869.8001      224.49586      303.22046      0.16574239   
   1361000   502.01286      1371.5897      1873.6026      168.50315      306.9646       0.16336009   
   1362000   482.80922      1383.3159      1866.1251      185.42713      309.58894      0.15918721   
   1363000   529.4059       1357.8617      1887.2676      176.37535      303.89224      0.15581678   
   1364000   516.50309      1316.328       1832.8311      167.66526      294.59691      0.15650923   
   1365000   471.69815      1346.5971      1818.2952      159.63697      301.37118      0.16180141   
   1366000   474.32194      1334.7387      1809.0607      106.35156      298.71727      0.16742596   
   1367000   489.44718      1288.2231      1777.6703      83.129248      288.30697      0.16880297   
   1368000   460.96898      1323.2172      1784.1861      108.05514      296.13871      0.16854022   
   1369000   469.08696      1316.3622      1785.4491      128.96568      294.60456      0.16810164   
   1370000   513.42539      1293.5361      1806.9615      110.61436      289.49604      0.1668791    
   1371000   503.07014      1327.8643      1830.9345      173.59256      297.17876      0.16647715   
   1372000   453.30899      1334.2905      1787.5995      217.29349      298.61696      0.16561678   
   1373000   480.66259      1349.0983      1829.7608      246.1164       301.93096      0.16307412   
   1374000   541.25682      1330.739       1871.9958      228.80039      297.82212      0.15998555   
   1375000   523.85599      1363.987       1887.8429      151.47173      305.26308      0.15872031   
   1376000   493.81354      1347.9136      1841.7271      64.367684      301.66583      0.15851074   
   1377000   536.8427       1349.4906      1886.3333     -41.529449      302.01877      0.16046665   
   1378000   516.65187      1352.1184      1868.7703     -27.285515      302.60688      0.16413708   
   1379000   498.07859      1350.5998      1848.6784      67.748409      302.26701      0.16607936   
   1380000   472.76557      1393.2953      1866.0608      132.16684      311.82234      0.1676869    
   1381000   525.0762       1400.7869      1925.8631      204.3018       313.49899      0.17109206   
   1382000   475.23214      1370.9641      1846.1962      260.59294      306.82458      0.1775051    
   1383000   473.27913      1373.8379      1847.117       307.45484      307.46774      0.17955534   
   1384000   486.84132      1360.5499      1847.3912      302.1569       304.49386      0.17546075   
   1385000   504.12084      1345.6045      1849.7253      264.22404      301.14904      0.16687817   
   1386000   517.15991      1316.5113      1833.6712      205.2886       294.63792      0.16253529   
   1387000   494.28034      1344.3922      1838.6726      154.22533      300.87774      0.16099429   
   1388000   524.25127      1331.9071      1856.1584      100.28134      298.08354      0.16203616   
   1389000   477.29091      1299.2085      1776.4994      64.711552      290.76553      0.16365121   
   1390000   500.87449      1277.5759      1778.4503      24.868304      285.9241       0.16356003   
   1391000   504.43717      1333.269       1837.7062      48.672754      298.38835      0.1636771    
   1392000   509.31029      1354.1737      1863.484       62.168305      303.06685      0.16186232   
   1393000   528.63979      1347.5932      1876.233       93.011057      301.59412      0.15916847   
   1394000   541.79309      1366.9721      1908.7652      146.90703      305.93117      0.15843577   
   1395000   514.70687      1366.528       1881.2349      165.69015      305.83178      0.15839811   
   1396000   492.96376      1373.7205      1866.6843      184.92003      307.44147      0.1584839    
   1397000   548.32012      1335.5634      1883.8835      105.42818      298.90184      0.15831393   
   1398000   504.82288      1378.8726      1883.6954      131.08787      308.59451      0.16132357   
   1399000   512.84184      1419.1185      1931.9604      100.29889      317.60164      0.16606738   
   1400000   508.82274      1356.6238      1865.4466      94.850412      303.6152       0.16716484   
   1401000   500.87473      1350.0554      1850.9302      108.49157      302.14518      0.16464027   
   1402000   485.06572      1380.8774      1865.9431      156.3775       309.04319      0.16047665   
   1403000   501.89023      1378.4698      1880.3601      102.9838       308.50438      0.15725536   
   1404000   522.74849      1344.6513      1867.3998      118.10178      300.93573      0.15698123   
   1405000   495.59726      1313.6812      1809.2785      144.32153      294.00455      0.16255096   
   1406000   493.63282      1330.1968      1823.8296      135.66453      297.70078      0.17125827   
   1407000   471.02964      1350.3008      1821.3305      147.28452      302.2001       0.17574868   
   1408000   491.65118      1362.9634      1854.6146      148.90484      305.03402      0.17447668   
   1409000   493.31314      1348.6538      1841.967       110.67942      301.8315       0.16751386   
   1410000   500.28605      1349.7303      1850.0163      76.233833      302.07241      0.16417068   
   1411000   503.28597      1373.9822      1877.2681      93.013292      307.50003      0.16393697   
   1412000   522.65816      1350.3166      1872.9748      82.945715      302.20364      0.16250752   
   1413000   530.58615      1350.1477      1880.7338      135.79772      302.16582      0.16283331   
   1414000   514.87085      1328.5505      1843.4213      144.08066      297.33232      0.1657902    
   1415000   486.62079      1337.2205      1823.8413      178.46398      299.27269      0.17229911   
   1416000   497.17383      1327.1904      1824.3643      214.64975      297.02794      0.17863119   
   1417000   473.43134      1323.8302      1797.2615      212.30137      296.27591      0.17916765   
   1418000   454.58684      1299.5571      1754.144       228.7031       290.84356      0.17700462   
   1419000   469.91536      1350.6099      1820.5252      196.18763      302.26927      0.17157902   
   1420000   483.53564      1337.0963      1820.632       121.39479      299.2449       0.16469316   
   1421000   495.86131      1332.6029      1828.4642      75.000968      298.23926      0.16253464   
   1422000   519.78613      1325.2952      1845.0814      44.323478      296.60379      0.16244387   
   1423000   472.70724      1302.163       1774.8703      94.599639      291.42676      0.16579192   
   1424000   479.952        1332.0634      1812.0154      124.76702      298.11853      0.17014507   
   1425000   493.44554      1340.853       1834.2985      203.38445      300.08565      0.17285608   
   1426000   512.37309      1358.8154      1871.1885      268.07487      304.10568      0.17204772   
   1427000   505.58441      1402.205       1907.7894      265.49758      313.81636      0.169816     
   1428000   519.16242      1360.3147      1879.4772      193.74489      304.44123      0.16820388   
   1429000   518.94686      1316.4402      1835.3871      140.00698      294.62203      0.16916613   
   1430000   497.91066      1336.5885      1834.4991      121.83311      299.13124      0.16993066   
   1431000   480.26458      1327.4529      1807.7175      104.74526      297.08669      0.16860738   
   1432000   483.04666      1268.8751      1751.9218      151.41381      283.97686      0.16742395   
   1433000   495.35657      1324.0151      1819.3717      216.37763      296.31731      0.16594631   
   1434000   461.03608      1314.6265      1775.6626      181.52439      294.21611      0.162111     
   1435000   484.11277      1335.3297      1819.4425      150.3594       298.84953      0.16176485   
   1436000   478.83205      1296.4977      1775.3297      101.11426      290.15884      0.16286307   
   1437000   495.43666      1314.4377      1809.8743      86.480249      294.17385      0.16211469   
   1438000   473.36496      1340.7371      1814.1021      90.277159      300.05972      0.15462728   
   1439000   496.03057      1318.7203      1814.7509      78.437174      295.13231      0.14872463   
   1440000   510.04461      1340.1093      1850.1539      67.107985      299.91921      0.15054503   
   1441000   492.10032      1340.1316      1832.2319      86.528951      299.92421      0.15714427   
   1442000   510.99562      1331.8228      1842.8184      48.151939      298.06467      0.16090684   
   1443000   523.64782      1305.2922      1828.94        47.541662      292.12707      0.16278085   
   1444000   500.69434      1335.761       1836.4553      62.294928      298.94605      0.16337601   
   1445000   491.33377      1349.4006      1840.7344      87.872739      301.99863      0.16278915   
   1446000   502.61027      1364.9474      1867.5576      150.63629      305.47802      0.16220058   
   1447000   509.96583      1347.8835      1857.8493      158.14274      301.65909      0.15963803   
   1448000   514.65967      1353.8665      1868.5261      177.71373      302.99809      0.15523559   
   1449000   537.71051      1372.8774      1910.5879      182.75579      307.25278      0.15488225   
   1450000   507.81086      1356.9148      1864.7257      146.67136      303.68033      0.15835115   
   1451000   481.70764      1357.4541      1839.1617      110.86236      303.801        0.16503869   
   1452000   493.42558      1322.2076      1815.6332      96.031201      295.91278      0.17121115   
   1453000   503.2151       1323.6305      1826.8456      110.59249      296.23122      0.17337999   
   1454000   482.04383      1304.9972      1787.041       135.79381      292.06105      0.17178359   
   1455000   511.9628       1318.7088      1830.6716      205.49712      295.12973      0.17050317   
   1456000   516.40004      1310.1576      1826.5577      237.34256      293.21597      0.16658393   
   1457000   506.24394      1302.032       1808.2759      178.92084      291.39743      0.161478     
   1458000   505.47565      1321.0325      1826.5082      130.90859      295.64979      0.16115321   
   1459000   477.87469      1346.866       1824.7407      87.311467      301.43138      0.16616707   
   1460000   494.44978      1295.6802      1790.13        129.76036      289.9759       0.17728007   
   1461000   488.18259      1333.5922      1821.7748      128.42627      298.46067      0.17955299   
   1462000   478.20415      1305.2973      1783.5014      164.39405      292.12821      0.17559738   
   1463000   485.28107      1329.7168      1814.9979      196.31899      297.59335      0.17039438   
   1464000   482.08208      1318.6642      1800.7463      195.49943      295.11975      0.16661189   
   1465000   501.09348      1330.8699      1831.9634      241.91117      297.85142      0.16409103   
   1466000   521.92946      1302.7367      1824.6661      162.92802      291.55514      0.16396555   
   1467000   508.12555      1373.96        1882.0856      58.759876      307.49507      0.16705132   
   1468000   535.67799      1337.8307      1873.5086      46.33254       299.40925      0.17331458   
   1469000   487.3875       1377.3119      1864.6994      97.997868      308.24524      0.17523451   
   1470000   500.41185      1360.7683      1861.1801      129.99439      304.54273      0.1720002    
   1471000   491.89335      1357.4133      1849.3067      115.22455      303.79188      0.16754988   
   1472000   494.11521      1338.8522      1832.9674      111.77272      299.63788      0.16879138   
   1473000   466.29699      1317.7917      1784.0887      136.54394      294.92449      0.17024916   
   1474000   495.41612      1332.2335      1827.6496      181.57014      298.15659      0.16803985   
   1475000   502.86232      1353.8207      1856.683       213.9698       302.98785      0.16433622   
   1476000   527.9808       1339.1326      1867.1134      195.77686      299.70063      0.16189412   
   1477000   518.42989      1358.6929      1877.1228      172.16588      304.07827      0.16026193   
   1478000   524.86297      1365.4305      1890.2935      126.8371       305.58615      0.16199145   
   1479000   504.95318      1401.3179      1906.2711      88.354961      313.61783      0.16459312   
   1480000   517.58534      1351.4421      1869.0274      50.810242      302.45551      0.16436821   
   1481000   490.14005      1332.8465      1822.9866      105.47659      298.29378      0.16691942   
   1482000   478.7919       1330.7166      1809.5085      133.50793      297.81711      0.17093417   
   1483000   474.80087      1349.1408      1823.9417      106.84008      301.94049      0.17149139   
   1484000   485.03988      1327.9592      1812.999       166.2291       297.19998      0.17190056   
   1485000   463.07853      1314.2809      1777.3594      150.43355      294.13876      0.16886982   
   1486000   502.71887      1306.8007      1809.5195      189.28024      292.46467      0.16605398   
   1487000   508.03773      1319.6194      1827.6571      160.56946      295.33352      0.16434235   
   1488000   489.87467      1336.8383      1826.713       194.65045      299.18717      0.16511044   
   1489000   507.1459       1335.8474      1842.9933      184.3642       298.9654       0.16573175   
   1490000   483.9633       1381.3907      1865.354       193.90818      309.15808      0.1686164    
   1491000   497.72861      1396.0824      1893.811       231.58726      312.44611      0.17159371   
   1492000   491.83542      1379.1388      1870.9742      142.69506      308.6541       0.17041357   
   1493000   482.23597      1356.2732      1838.5092      101.39209      303.53674      0.16694989   
   1494000   519.98914      1333.4597      1853.4488      56.147316      298.43101      0.1606633    
   1495000   517.31769      1405.0461      1922.3638      113.71285      314.4522       0.15531785   
   1496000   518.64366      1386.2461      1904.8898      182.64493      310.24472      0.15543184   
   1497000   505.72383      1327.1886      1832.9125      241.06236      297.02754      0.16187721   
   1498000   471.2148       1343.1323      1814.3471      273.45356      300.59577      0.16820978   
   1499000   480.11404      1321.8708      1801.9849      228.88507      295.8374       0.17133666   
   1500000   489.57383      1335.7452      1825.3191      150.66095      298.94253      0.16982686   
   1501000   508.62545      1288.3898      1797.0153      102.06689      288.34429      0.16490012   
   1502000   496.23498      1300.3449      1796.5799      99.244221      291.01987      0.16093024   
   1503000   507.52531      1304.6577      1812.183       97.299611      291.98506      0.15969819   
   1504000   530.38092      1303.7852      1834.1662      213.13914      291.78981      0.1583441    
   1505000   472.32519      1333.6782      1806.0034      239.43719      298.47991      0.15538589   
   1506000   506.43832      1305.072       1811.5103      283.27713      292.0778       0.15661049   
   1507000   532.41799      1344.1586      1876.5766      264.27099      300.82546      0.15903533   
   1508000   508.2366       1373.7173      1881.9539      232.52371      307.44075      0.16479896   
   1509000   487.40044      1367.5043      1854.9047      138.5724       306.05026      0.1708202    
   1510000   495.47563      1346.6649      1842.1405      75.611089      301.38636      0.17771315   
   1511000   503.18362      1371.1845      1874.3681      90.662542      306.8739       0.18097372   
   1512000   488.6617       1388.1549      1876.8166      95.776163      310.67191      0.17707122   
   1513000   513.76335      1369.737       1883.5004      100.17548      306.54996      0.17204272   
   1514000   503.92504      1355.948       1859.873       63.076217      303.46394      0.16870732   
   1515000   494.14993      1348.1705      1842.3204      119.33866      301.72331      0.16832737   
   1516000   500.70532      1371.6518      1872.3571      165.53743      306.97848      0.17099513   
   1517000   489.26932      1342.6877      1831.9571      174.21181      300.49627      0.17353228   
   1518000   523.94994      1314.7985      1838.7485      187.54136      294.25461      0.17482565   
   1519000   503.51278      1313.3379      1816.8507      184.32795      293.92773      0.17307861   
   1520000   502.92069      1333.0715      1835.9922      135.39498      298.34413      0.16856705   
   1521000   463.01501      1326.4334      1789.4484      189.51742      296.85852      0.16301231   
   1522000   475.22104      1293.4226      1768.6437      158.16389      289.47064      0.15893475   
   1523000   503.96162      1289.9818      1793.9434      130.85266      288.70057      0.15917215   
   1524000   494.09827      1320.4375      1814.5358      77.803823      295.51662      0.16416383   
   1525000   516.02595      1308.9651      1824.991       12.820356      292.94907      0.16751176   
   1526000   497.08872      1306.2963      1803.385       39.638299      292.35178      0.16996296   
   1527000   492.39816      1298.9639      1791.3621      98.95789       290.71079      0.17019154   
   1528000   464.5366       1295.8266      1760.3632      159.19151      290.00866      0.16822188   
   1529000   499.48239      1318.278       1817.7604      237.40326      295.03332      0.16463041   
   1530000   515.64374      1326.3744      1842.0182      212.36307      296.84532      0.15531713   
   1531000   510.7623       1388.9447      1899.707       204.07185      310.84868      0.15200855   
   1532000   512.53932      1342.7118      1855.2511      168.03735      300.50165      0.1536896    
   1533000   484.88378      1327.6583      1812.542       72.011681      297.13264      0.15852491   
   1534000   484.57675      1310.8829      1795.4597      12.675577      293.37829      0.16425229   
   1535000   500.36307      1317.8654      1818.2285      23.392323      294.94098      0.16810547   
   1536000   507.6937       1296.632       1804.3257      57.90814       290.18891      0.16875648   
   1537000   497.68469      1330.6138      1828.2985      155.16246      297.79409      0.16614526   
   1538000   485.87749      1306.5214      1792.3988      201.69145      292.40216      0.16254208   
   1539000   513.31586      1306.5396      1819.8554      184.60793      292.40624      0.16110228   
   1540000   514.69553      1324.4957      1839.1912      190.49884      296.42485      0.16337137   
   1541000   452.18119      1339.2718      1791.453       161.21627      299.73177      0.167569     
   1542000   485.06803      1314.5495      1799.6175      152.0818       294.19888      0.17297537   
   1543000   493.52999      1333.417       1826.947       129.73225      298.42147      0.17484997   
   1544000   506.93372      1364.7591      1871.6929      100.01471      305.4359       0.17138051   
   1545000   508.69618      1347.359       1856.0552      74.769984      301.54172      0.16381454   
   1546000   521.50416      1353.3748      1874.879       119.79875      302.88806      0.15819754   
   1547000   514.6992       1376.1418      1890.841       140.64038      307.98335      0.15694165   
   1548000   521.36972      1348.7814      1870.1512      167.94565      301.86005      0.15664567   
   1549000   543.42259      1342.2182      1885.6408      187.28384      300.39119      0.15679226   
   1550000   522.77835      1353.7441      1876.5225      249.63618      302.97071      0.15974325   
   1551000   534.7289       1383.2496      1917.9785      226.95299      309.5741       0.16511135   
   1552000   494.26365      1378.023       1872.2867      214.46619      308.40438      0.17032704   
   1553000   519.17206      1350.0638      1869.2359      180.53134      302.14706      0.17079157   
   1554000   487.42715      1365.531       1852.9582      128.2918       305.60865      0.16795473   
   1555000   496.63549      1377.5781      1874.2136      91.71525       308.30481      0.16424334   
   1556000   501.49097      1347.7463      1849.2373      119.6903       301.62838      0.16332408   
   1557000   506.39106      1329.4123      1835.8034      124.54238      297.5252       0.16137373   
   1558000   516.54077      1285.5656      1802.1064      143.23114      287.71222      0.15832232   
   1559000   511.19266      1318.5025      1829.6952      137.29999      295.08357      0.15489585   
   1560000   506.8653       1315.4041      1822.2694      124.72638      294.39013      0.15295682   
   1561000   480.16088      1357.1163      1837.2772      136.69365      303.72542      0.15357006   
   1562000   470.68707      1352.9499      1823.637       164.60271      302.79297      0.15702613   
   1563000   522.91738      1313.4998      1836.4172      127.11071      293.96395      0.1614835    
   1564000   487.97363      1329.3578      1817.3314      118.34238      297.513        0.16801582   
   1565000   503.31975      1301.7098      1805.0296      164.6504       291.32532      0.17153538   
   1566000   504.23286      1333.4971      1837.7299      197.3494       298.43938      0.16637602   
   1567000   493.99868      1343.3914      1837.3901      176.45406      300.65375      0.15889087   
   1568000   551.01216      1318.9518      1869.964       169.56344      295.18413      0.15542894   
   1569000   528.93281      1335.6248      1864.5576      143.81489      298.91556      0.15472267   
   1570000   538.05416      1359.7565      1897.8107      123.70849      304.3163       0.15649216   
   1571000   497.83534      1372.9821      1870.8174      89.942469      307.2762       0.16013803   
   1572000   503.48112      1366.0914      1869.5725      98.447654      305.73405      0.16330643   
   1573000   490.01953      1360.8678      1850.8873      124.20746      304.56501      0.16274902   
   1574000   534.15924      1377.4636      1911.6228      118.09431      308.27918      0.16058429   
   1575000   525.20745      1398.3168      1923.5243      113.08518      312.94617      0.15877054   
   1576000   520.47595      1349.7568      1870.2328      101.65573      302.07835      0.15869261   
   1577000   507.48581      1362.0559      1869.5417      117.74855      304.8309       0.16085393   
   1578000   532.42263      1385.6979      1918.1205      122.20331      310.12203      0.16179309   
   1579000   502.8354       1389.0494      1891.8848      202.45844      310.87212      0.16402375   
   1580000   515.42305      1349.1067      1864.5298      223.59977      301.93285      0.16559705   
   1581000   510.2814       1316.1862      1826.4676      196.71351      294.56516      0.16562364   
   1582000   476.08784      1327.1014      1803.1892      196.55129      297.00801      0.16848818   
   1583000   476.03483      1351.3086      1827.3434      181.64106      302.42564      0.17050106   
   1584000   481.58978      1321.6398      1803.2296      109.39103      295.7857       0.16576953   
   1585000   500.40888      1333.2974      1833.7063      140.99348      298.3947       0.15973706   
   1586000   503.64603      1341.5309      1845.1769      177.50338      300.23736      0.15643988   
   1587000   510.98579      1348.1824      1859.1682      196.02277      301.726        0.155341     
   1588000   503.47996      1345.321       1848.8009      212.79267      301.08559      0.15564293   
   1589000   508.03427      1319.8895      1827.9237      221.05584      295.39397      0.15746439   
   1590000   504.61375      1342.6357      1847.2495      146.68656      300.48464      0.16192445   
   1591000   507.28957      1364.3092      1871.5987      97.590842      305.33519      0.17411466   
   1592000   497.19364      1368.2468      1865.4405      24.719479      306.21645      0.17418674   
   1593000   489.81321      1378.6507      1868.4639      52.480235      308.54486      0.16961277   
   1594000   499.66237      1388.7778      1888.4401      98.753054      310.81132      0.16400535   
   1595000   517.02661      1366.5458      1883.5724      138.26392      305.83574      0.16034699   
   1596000   506.19991      1363.1423      1869.3422      179.04878      305.07405      0.15723612   
   1597000   510.83398      1371.3042      1882.1382      189.43775      306.9007       0.15691499   
   1598000   502.51843      1384.3679      1886.8863      186.42144      309.82438      0.15849553   
   1599000   520.84176      1380.1982      1901.04        149.56466      308.8912       0.16072272   
   1600000   461.4758       1334.0318      1795.5076      100.03819      298.55906      0.16296705   
   1601000   477.2682       1346.3152      1823.5834      112.02722      301.3081       0.17073155   
   1602000   494.79237      1314.3728      1809.1652      124.97416      294.15934      0.17613715   
   1603000   483.60087      1293.8551      1777.456       180.43939      289.56743      0.17683549   
   1604000   447.13819      1278.7479      1725.8861      208.73654      286.1864       0.17430752   
   1605000   483.47928      1324.501       1807.9803      190.02534      296.42605      0.1698982    
   1606000   521.90579      1308.7401      1830.6459      49.172923      292.89872      0.16130751   
   1607000   500.8215       1313.3452      1814.1667      53.7436        293.92935      0.15629151   
   1608000   476.38153      1338.1162      1814.4977      98.724423      299.47315      0.15803597   
   1609000   475.76972      1314.1181      1789.8878      132.28477      294.10232      0.16356573   
   1610000   479.62199      1313.7299      1793.3519      187.34983      294.01546      0.16769626   
   1611000   457.9625       1306.8684      1764.831       165.6133       292.47984      0.1692182    
   1612000   483.27699      1328.163       1811.44        191.7697       297.2456       0.17085638   
   1613000   474.8451       1316.6083      1791.4534      184.50038      294.65965      0.16911181   
   1614000   481.1792       1334.1432      1815.3224      145.03215      298.58398      0.16399245   
   1615000   513.00844      1367.2857      1880.2941      113.7051       306.00134      0.16067912   
   1616000   519.05564      1388.2747      1907.3304      45.516016      310.69873      0.15836083   
   1617000   514.44738      1363.249       1877.6964      19.475252      305.09792      0.15858147   
   1618000   529.67707      1341.0527      1870.7298      0.049480916    300.13035      0.16123164   
   1619000   498.59336      1355.818       1854.4113      65.069128      303.43484      0.16833075   
   1620000   513.79969      1418.717       1932.5167      111.85887      317.51177      0.17227721   
   1621000   505.29408      1352.4057      1857.6998      138.90636      302.67117      0.16816427   
   1622000   491.21939      1361.9838      1853.2032      211.0569       304.81478      0.16250069   
   1623000   508.29994      1367.8569      1876.1569      221.45491      306.12918      0.15842974   
   1624000   540.20911      1381.2302      1921.4393      174.19809      309.12216      0.15816612   
   1625000   535.25483      1404.9458      1940.2006      207.53323      314.42976      0.15936622   
   1626000   504.64949      1368.1534      1872.8029      186.85088      306.19554      0.1587717    
   1627000   487.84461      1393.0478      1880.8924      152.24766      311.76696      0.15874425   
   1628000   534.93009      1384.4539      1919.384       121.66991      309.84362      0.16211593   
   1629000   515.06163      1360.2432      1875.3049      96.208831      304.42523      0.1647266    
   1630000   498.98266      1366.6886      1865.6713      97.651892      305.86772      0.16404776   
   1631000   517.84035      1383.2201      1901.0604      47.169674      309.56749      0.15791481   
   1632000   530.57173      1395.5916      1926.1634      104.66153      312.33627      0.15067098   
   1633000   514.31435      1372.3227      1886.6371      136.35186      307.12864      0.14856739   
   1634000   537.54543      1338.3167      1875.8622      178.14712      299.51803      0.1533268    
   1635000   496.10173      1361.7642      1857.8659      214.03808      304.76562      0.16052166   
   1636000   530.32839      1323.7306      1854.059       243.03598      296.25362      0.16498765   
   1637000   486.11832      1322.1937      1808.312       222.73297      295.90967      0.1665745    
   1638000   497.04775      1341.6276      1838.6753      187.39092      300.259        0.16713955   
   1639000   472.47455      1350.0594      1822.5339      133.93616      302.14606      0.16696647   
   1640000   491.65649      1331.2546      1822.9111      87.031816      297.93752      0.16918327   
   1641000   481.78699      1302.6351      1784.4221      65.916782      291.53242      0.17164582   
   1642000   501.14825      1324.5716      1825.7198      60.135152      296.44184      0.17071683   
   1643000   491.59467      1336.6547      1828.2494      84.536596      299.14606      0.1648683    
   1644000   504.90196      1339.6394      1844.5414      108.82058      299.81405      0.15839025   
   1645000   508.31472      1302.6966      1811.0114      92.749105      291.54618      0.15761901   
   1646000   511.99528      1333.4548      1845.45        114.53115      298.42991      0.1633815    
   1647000   481.97087      1358.1637      1840.1346      93.803384      303.95982      0.16955884   
   1648000   485.2008       1321.5582      1806.759       64.600679      295.76744      0.17320275   
   1649000   455.77312      1324.6196      1780.3927      53.76138       296.45259      0.17416099   
   1650000   486.79323      1309.5658      1796.359       155.25489      293.0835       0.17293051   
   1651000   515.59405      1313.879       1829.4731      250.01764      294.04882      0.16955103   
   1652000   501.92228      1342.6627      1844.585       281.24632      300.49067      0.16323684   
   1653000   536.39211      1360.5363      1896.9284      240.50258      304.49082      0.15874802   
   1654000   522.42778      1394.2554      1916.6832      124.66693      312.03723      0.15688447   
   1655000   517.87632      1352.3146      1870.1909      29.642615      302.65078      0.15820655   
   1656000   509.69037      1357.2994      1866.9898      11.870206      303.76639      0.16048464   
   1657000   494.23166      1378.4404      1872.672       121.50723      308.49779      0.1614966    
   1658000   506.48892      1393.1157      1899.6046      201.87502      311.78215      0.16212966   
   1659000   523.20304      1320.3381      1843.5411      202.12782      295.49437      0.16405182   
   1660000   488.45029      1320.5531      1809.0034      234.77122      295.5425       0.16963524   
   1661000   476.92522      1333.659       1810.5842      260.40476      298.47562      0.17285505   
   1662000   484.3461       1327.4997      1811.8458      189.89437      297.09715      0.17022167   
   1663000   493.1666       1314.8494      1808.016       157.16906      294.266        0.16524373   
   1664000   495.41625      1313.4163      1808.8326      125.99235      293.94527      0.16263156   
   1665000   482.51636      1327.3735      1809.8899      106.3093       297.06891      0.16257144   
   1666000   507.50315      1371.6503      1879.1534      98.814546      306.97815      0.16452075   
   1667000   507.21827      1365.9331      1873.1513      130.06736      305.69862      0.16496819   
   1668000   522.61916      1353.1821      1875.8013      137.64172      302.84493      0.16431799   
   1669000   519.60673      1375.2908      1894.8976      103.3238       307.79291      0.16336094   
   1670000   544.99566      1385.9244      1930.9201      107.00551      310.17273      0.16342499   
   1671000   514.21574      1362.7392      1876.9549      91.349933      304.98382      0.16314035   
   1672000   513.52464      1352.4952      1866.0199      81.892117      302.69121      0.16542067   
   1673000   499.28193      1345.2373      1844.5192      62.543938      301.06686      0.16791878   
   1674000   489.52025      1374.8781      1864.3983      96.701652      307.70054      0.17029      
   1675000   499.75539      1338.1855      1837.9409      123.19143      299.48867      0.17266632   
   1676000   485.21696      1348.3601      1833.5771      209.71106      301.76576      0.17596413   
   1677000   477.94053      1324.4708      1802.4114      297.51624      296.41929      0.17660312   
   1678000   481.55367      1315.9006      1797.4542      272.75926      294.50125      0.16879964   
   1679000   490.81677      1364.8026      1855.6193      197.58945      305.44562      0.16009555   
   1680000   504.38179      1348.0955      1852.4773      116.41495      301.70654      0.15884997   
   1681000   507.32139      1388.2277      1895.5491      35.294962      310.68821      0.16005159   
   1682000   527.79218      1363.133       1890.9252      39.75167       305.07196      0.16377765   
   1683000   511.00625      1345.4113      1856.4176      71.777641      301.10582      0.16759319   
   1684000   510.87875      1342.7715      1853.6502      104.94882      300.51502      0.16924741   
   1685000   460.92121      1393.9869      1854.9082      148.34049      311.97714      0.17010217   
   1686000   495.58759      1433.8371      1929.4247      207.25505      320.89569      0.17209677   
   1687000   507.75415      1371.067       1878.8211      134.06848      306.84761      0.16873629   
   1688000   511.80595      1347.8101      1859.616       89.049854      301.64266      0.16069161   
   1689000   503.18549      1372.9367      1876.1222      129.0914       307.26605      0.15820718   
   1690000   518.90714      1339.7491      1858.6563      97.573577      299.83861      0.15816323   
   1691000   509.06505      1400.092       1909.1571      104.32135      313.34347      0.1618235    
   1692000   501.82308      1333.1278      1834.9509      111.14839      298.35674      0.16700856   
   1693000   502.55579      1348.8152      1851.371       124.09499      301.86761      0.16871751   
   1694000   483.89935      1370.9925      1854.8918      191.93169      306.83094      0.16948478   
   1695000   487.86868      1427.6965      1915.5652      258.48198      319.52141      0.16972734   
   1696000   500.86733      1381.0901      1881.9574      255.48605      309.09079      0.16810209   
   1697000   509.68648      1359.9731      1869.6596      222.11813      304.36477      0.16529575   
   1698000   526.92704      1392.6326      1919.5596      165.17744      311.67403      0.1630939    
   1699000   510.57786      1401.3675      1911.9454      199.71461      313.62893      0.16262271   
   1700000   512.91319      1351.7923      1864.7055      159.04588      302.53388      0.1629766    
   1701000   488.16318      1326.4858      1814.6489      114.7351       296.87024      0.16263745   
   1702000   472.5282       1318.017       1790.5452      102.69929      294.97491      0.16418828   
   1703000   491.52043      1288.4134      1779.9339      101.28366      288.34957      0.16670509   
   1704000   479.54991      1295.9664      1775.5163      111.80121      290.03993      0.16711324   
   1705000   482.70663      1324.1316      1806.8382      171.45835      296.34337      0.16630325   
   1706000   495.16885      1326.17        1821.3389      159.71022      296.79957      0.16307943   
   1707000   506.45817      1336.0631      1842.5212      170.35843      299.01366      0.15742704   
   1708000   501.0108       1311.9858      1812.9966      128.85866      293.62512      0.15379321   
   1709000   516.68692      1330.8235      1847.5104      86.575008      297.84102      0.15189462   
   1710000   491.83482      1359.6621      1851.4969      63.043882      304.29517      0.15210951   
   1711000   504.32961      1345.2523      1849.5819      68.464044      301.07023      0.15675071   
   1712000   516.5741       1344.11        1860.6841      95.682923      300.81457      0.16744683   
   1713000   505.62261      1326.1118      1831.7344      118.45003      296.78655      0.17022328   
   1714000   493.38625      1318.9492      1812.3354      125.70847      295.18353      0.16743483   
   1715000   511.75398      1333.7135      1845.4675      151.41535      298.48781      0.16300888   
   1716000   509.58486      1294.4835      1804.0684      143.57603      289.70807      0.15908539   
   1717000   502.46648      1328.7528      1831.2193      119.12995      297.3776       0.15828534   
   1718000   483.84652      1341.4974      1825.3439      89.539048      300.22987      0.16014896   
   1719000   475.03822      1316.9888      1792.0271      71.258323      294.74481      0.16189713   
   1720000   495.83675      1329.121       1824.9578      76.064328      297.46002      0.16312519   
   1721000   506.03593      1305.0967      1811.1326      133.86059      292.08332      0.1633745    
   1722000   492.80151      1307.1128      1799.9143      193.74211      292.53453      0.16183567   
   1723000   505.77105      1267.8435      1773.6146      215.66498      283.74598      0.15970921   
   1724000   513.6576       1326.4077      1840.0653      153.95693      296.85277      0.15780241   
   1725000   502.77259      1334.437       1837.2096      82.932457      298.64975      0.16030144   
   1726000   480.20551      1301.9095      1782.115       62.297564      291.37002      0.16705306   
   1727000   493.08671      1307.1838      1800.2705      99.974927      292.55042      0.17388608   
   1728000   471.82939      1335.2902      1807.1196      126.57293      298.84069      0.17430888   
   1729000   475.95072      1317.3222      1793.2729      133.26134      294.81941      0.17236745   
   1730000   479.99001      1307.1549      1787.1449      72.368753      292.54396      0.16821753   
   1731000   486.11208      1351.8139      1837.926       98.521044      302.53873      0.16349435   
   1732000   512.69249      1416.7581      1929.4506      129.61195      317.07338      0.15890113   
   1733000   534.26552      1353.58        1887.8455      163.89582      302.93397      0.15710549   
   1734000   510.39823      1356.9293      1867.3275      166.94583      303.68356      0.16037489   
   1735000   487.08827      1363.1876      1850.2758      161.41754      305.08417      0.16664301   
   1736000   496.5189       1365.5342      1862.0531      133.3964       305.60935      0.17017582   
   1737000   516.09343      1378.4836      1894.577       151.87388      308.50745      0.17060295   
   1738000   478.09259      1382.3215      1860.4141      177.43512      309.36639      0.16985206   
   1739000   498.75493      1352.9432      1851.6981      155.4208       302.79146      0.16814135   
   1740000   496.32786      1339.2023      1835.5302      161.44205      299.71623      0.16930205   
   1741000   476.80374      1347.8185      1824.6222      153.89756      301.64454      0.17250495   
   1742000   515.94486      1364.2888      1880.2337      120.83512      305.33063      0.17551837   
   1743000   504.43353      1354.0325      1858.4661      92.455026      303.03526      0.17528389   
   1744000   489.8801       1354.3156      1844.1957      99.195627      303.09861      0.17504848   
   1745000   492.30515      1372.6621      1864.9672      145.57774      307.20459      0.17331978   
   1746000   520.28898      1356.0882      1876.3771      176.33838      303.49531      0.16897556   
   1747000   519.05131      1372.8375      1891.8888      220.92523      307.24385      0.16494086   
   1748000   506.85927      1337.4127      1844.272       192.65122      299.31572      0.16085012   
   1749000   528.68165      1326.145       1854.8267      128.6235       296.79397      0.16046169   
   1750000   505.77359      1331.6729      1837.4465      43.300757      298.03113      0.1671446    
   1751000   497.21197      1301.2519      1798.4638      45.599759      291.22284      0.17416085   
   1752000   489.14757      1335.0508      1824.1984      77.588225      298.78711      0.17502574   
   1753000   490.67424      1365.5069      1856.1812      124.13786      305.60326      0.17700127   
   1754000   478.26594      1378.2829      1856.5489      111.53507      308.46255      0.17731578   
   1755000   483.91714      1422.9577      1906.8748      63.138056      318.46085      0.17721363   
   1756000   493.26738      1350.1496      1843.417       22.994184      302.16625      0.17456859   
   1757000   500.20131      1355.0275      1855.2288      8.985944       303.25793      0.16783171   
   1758000   524.55978      1341.8783      1866.4381      65.361485      300.31513      0.1610976    
   1759000   539.9255       1359.4955      1899.421       149.34286      304.25788      0.15773661   
   1760000   521.52392      1336.1857      1857.7097      204.43683      299.04111      0.15740644   
   1761000   489.51541      1351.4115      1840.9269      216.24642      302.44866      0.16127425   
   1762000   516.74631      1397.5139      1914.2602      202.0701       312.76648      0.16621348   
   1763000   524.79566      1336.9294      1861.7251      154.23688      299.20755      0.16943808   
   1764000   510.00909      1357.3952      1867.4043      75.897494      303.78783      0.17189008   
   1765000   489.83471      1370.4259      1860.2606      36.485489      306.70414      0.17162975   
   1766000   507.49505      1378.097       1885.592       56.179001      308.42093      0.17131744   
   1767000   499.30587      1366.7023      1866.0082      88.267723      305.87078      0.16856006   
   1768000   483.17159      1376.1152      1859.2868      138.52381      307.9774       0.16650338   
   1769000   501.51441      1361.6284      1863.1428      212.18977      304.73523      0.1661737    
   1770000   512.94819      1361.106       1874.0542      236.53308      304.61833      0.16855488   
   1771000   493.71216      1391.5086      1885.2208      234.41932      311.42248      0.1715511    
   1772000   492.10142      1356.9586      1849.06        207.73204      303.69012      0.17247853   
   1773000   502.25193      1365.8059      1868.0579      185.88446      305.67017      0.17337622   
   1774000   477.94372      1377.9998      1855.9435      172.76196      308.39919      0.17263894   
   1775000   489.75308      1367.3526      1857.1057      149.03395      306.01632      0.1708296    
   1776000   497.79848      1366.305       1864.1035      126.05015      305.78186      0.16784569   
   1777000   510.96108      1352.8919      1863.853       103.60056      302.77999      0.16301879   
   1778000   504.19332      1377.2957      1881.489       78.298054      308.24159      0.15956871   
   1779000   513.35646      1376.1771      1889.5336      77.113944      307.99126      0.15941059   
   1780000   530.16199      1331.0257      1861.1877      107.6298       297.88628      0.16236472   
   1781000   494.81982      1367.0183      1861.8381      107.98746      305.9415       0.16224661   
   1782000   502.09509      1364.5794      1866.6745      132.93282      305.39567      0.15965988   
   1783000   491.33611      1362.9648      1854.3009      124.11627      305.03433      0.16019674   
   1784000   495.40315      1358.4587      1853.8619      140.7672       304.02585      0.16552617   
   1785000   504.87346      1373.2442      1878.1177      145.72248      307.33487      0.16958484   
   1786000   485.81619      1386.2227      1872.0389      165.58129      310.23949      0.16895242   
   1787000   526.3078       1375.134       1901.4418      176.95859      307.75781      0.16504061   
   1788000   515.9437       1341.102       1857.0457      148.87685      300.14139      0.16183974   
   1789000   525.38098      1358.6171      1883.9981      100.63922      304.06129      0.16078129   
   1790000   506.30189      1387.7208      1894.0227      117.66783      310.57477      0.16325326   
   1791000   510.77383      1353.9685      1864.7423      133.71632      303.02093      0.16850367   
   1792000   485.7957       1321.796       1807.5917      142.36658      295.82066      0.17537961   
   1793000   482.88243      1294.5072      1777.3896      180.36703      289.71337      0.17669954   
   1794000   496.98547      1323.3543      1820.3398      136.93163      296.16941      0.17116294   
   1795000   500.66762      1331.6906      1832.3582      129.60581      298.03509      0.16423375   
   1796000   486.11017      1337.8301      1823.9402      139.27668      299.40912      0.16014217   
   1797000   493.19153      1328.2374      1821.4289      138.30417      297.26225      0.15875172   
   1798000   525.09923      1327.4436      1852.5428      138.08829      297.0846       0.15843796   
   1799000   540.62596      1291.9881      1832.614       144.3489       289.14959      0.15760159   
   1800000   518.25115      1299.9565      1818.2077      189.71968      290.93293      0.15737212   
   1801000   474.79043      1306.1584      1780.9488      170.84016      292.32093      0.15978753   
   1802000   501.66107      1333.2536      1834.9147      184.24477      298.3849       0.16710511   
   1803000   479.73446      1343.5415      1823.276       150.49994      300.68735      0.17254106   
   1804000   479.41413      1312.5225      1791.9367      149.27482      293.74524      0.17319202   
   1805000   509.65597      1308.2591      1817.9151      151.51081      292.79108      0.17017473   
   1806000   500.76777      1290.6392      1791.407       161.21828      288.84771      0.16739275   
   1807000   486.09207      1291.785       1777.8771      157.57578      289.10414      0.16413362   
   1808000   516.71725      1311.8639      1828.5811      141.37134      293.59783      0.16087582   
   1809000   504.53889      1366.6952      1871.2341      121.27946      305.8692       0.15963052   
   1810000   506.72847      1348.0871      1854.8156      76.727077      301.70467      0.15929956   
   1811000   497.02207      1358.1587      1855.1808      79.395572      303.95871      0.16045375   
   1812000   502.62192      1361.4955      1864.1175      122.01931      304.7055       0.16441824   
   1813000   508.64809      1343.5018      1852.1499      143.73865      300.67846      0.1695059    
   1814000   478.84287      1347.0648      1825.9076      232.65894      301.47586      0.1748536    
   1815000   494.2176       1338.3276      1832.5452      315.39375      299.52047      0.17480606   
   1816000   507.75939      1383.511       1891.2704      267.81423      309.63261      0.16908409   
   1817000   491.99615      1370.7125      1862.7087      208.21642      306.76828      0.16135343   
   1818000   522.25836      1388.8077      1911.0661      108.09525      310.81802      0.15783684   
   1819000   520.6059       1364.9762      1885.5821      103.83838      305.48449      0.15885881   
   1820000   512.27133      1311.5923      1823.8636      93.127026      293.53705      0.16070079   
   1821000   485.94249      1325.4872      1811.4296      129.49491      296.64675      0.16468064   
   1822000   490.67787      1305.8795      1796.5574      142.42186      292.25852      0.16772704   
   1823000   493.67563      1295.69        1789.3657      104.79756      289.97809      0.16847127   
   1824000   495.81977      1330.3326      1826.1524      118.67363      297.73117      0.16705629   
   1825000   503.42226      1306.8568      1810.2791      142.68074      292.47723      0.16445598   
   1826000   507.19033      1311.6322      1818.8225      129.00367      293.54598      0.160807     
   1827000   506.8555       1313.265       1820.1205      155.81467      293.9114       0.15856777   
   1828000   484.98748      1312.9565      1797.944       141.61251      293.84237      0.15764392   
   1829000   510.83174      1347.4313      1858.263       165.55126      301.55788      0.16386638   
   1830000   512.80787      1339.5287      1852.3366      186.11555      299.78927      0.17219993   
   1831000   514.63065      1356.8279      1871.4585      154.0164       303.66087      0.17350312   
   1832000   507.51572      1361.989       1869.5048      158.58543      304.81594      0.1719221    
   1833000   516.38677      1361.11        1877.4968      60.504365      304.61922      0.16943595   
   1834000   515.34387      1353.6945      1869.0383      57.700586      302.9596       0.16818183   
   1835000   500.15191      1357.7507      1857.9026      91.889805      303.86739      0.16895973   
   1836000   475.95176      1385.7666      1861.7183      145.79191      310.1374       0.17072269   
   1837000   482.08477      1314.1452      1796.23        178.76846      294.10839      0.17431404   
   1838000   497.03964      1324.5617      1821.6013      120.59465      296.43962      0.17811681   
   1839000   498.25771      1310.0567      1808.3144      117.07511      293.19339      0.17847229   
   1840000   487.14743      1293.0476      1780.195       129.78186      289.38671      0.17534679   
   1841000   479.0139       1270.5319      1749.5458      94.931137      284.34764      0.16701076   
   1842000   495.78659      1304.5728      1800.3594      156.23066      291.96608      0.16395691   
   1843000   507.16782      1342.3037      1849.4715      137.6471       300.41032      0.1634643    
   1844000   497.68966      1358.3519      1856.0416      139.43066      304.00195      0.1637904    
   1845000   519.77868      1380.5496      1900.3283      140.57665      308.96984      0.1660106    
   1846000   526.02696      1420.922       1946.949       132.52174      318.00527      0.16922061   
   1847000   494.13207      1361.945       1856.0771      89.701273      304.80609      0.17273194   
   1848000   477.73979      1369.6947      1847.4345      116.36439      306.54048      0.17582246   
   1849000   488.42429      1325.4207      1813.845       146.76824      296.63188      0.17626314   
   1850000   515.38555      1321.8456      1837.2311      124.36876      295.83176      0.17329855   
   1851000   507.27776      1321.2517      1828.5294      171.81258      295.69884      0.16946925   
   1852000   501.05107      1286.9678      1788.0189      126.46202      288.02604      0.16407569   
   1853000   488.61448      1308.7222      1797.3366      83.847955      292.8947       0.16208511   
   1854000   495.49016      1335.1364      1830.6266      21.161831      298.80628      0.16344831   
   1855000   499.84949      1309.9032      1809.7527      23.883412      293.15903      0.1658604    
   1856000   500.30853      1317.4502      1817.7588      40.588413      294.84806      0.16798326   
   1857000   491.17135      1364.914       1856.0853      91.81025       305.47055      0.1691896    
   1858000   517.52502      1368.5832      1886.1083      181.4942       306.29174      0.16909546   
   1859000   509.15539      1363.6773      1872.8327      301.23914      305.19379      0.16693637   
   1860000   528.92251      1336.2285      1865.1511      273.31154      299.05069      0.16202938   
   1861000   517.57899      1345.9054      1863.4844      211.30142      301.21638      0.15895517   
   1862000   531.51057      1362.571       1894.0816      152.39167      304.94619      0.15681666   
   1863000   529.20474      1346.461       1875.6657     -3.6485106      301.34073      0.15078443   
   1864000   524.1872       1325.4943      1849.6815     -50.826909      296.64835      0.14864638   
   1865000   535.26253      1315.4891      1850.7516     -72.548814      294.40916      0.15159183   
   1866000   525.97795      1277.0768      1803.0548      5.2379637      285.81241      0.15679945   
   1867000   493.44803      1295.3929      1788.8409      102.54493      289.91159      0.16292108   
   1868000   504.12371      1341.7518      1845.8755      202.86268      300.2868       0.16574814   
   1869000   501.02753      1373.7629      1874.7904      262.98306      307.45095      0.16510136   
   1870000   535.29033      1348.2996      1883.59        198.51926      301.75223      0.16309706   
   1871000   491.92464      1337.7549      1829.6795      141.3445       299.39229      0.16035097   
   1872000   507.33828      1327.3503      1834.6886      131.17672      297.06372      0.1583655    
   1873000   544.57614      1310.9402      1855.5163      121.1056       293.3911       0.15909418   
   1874000   482.05333      1359.6161      1841.6694      161.7259       304.28487      0.16283469   
   1875000   503.05606      1384.8026      1887.8587      226.70626      309.92167      0.16766653   
   1876000   496.1991       1372.2289      1868.428       231.06636      307.10765      0.1701318    
   1877000   502.02494      1338.6402      1840.6651      248.42159      299.59043      0.16981004   
   1878000   494.08916      1321.5611      1815.6503      159.96747      295.76809      0.16260296   
   1879000   514.9516       1320.5618      1835.5134      85.122469      295.54444      0.1557258    
   1880000   515.22353      1293.692       1808.9155      14.549677      289.53092      0.15300801   
   1881000   516.17451      1322.0651      1838.2396     -11.766489      295.88088      0.15344198   
   1882000   499.43243      1334.7502      1834.1827      21.246154      298.71984      0.15573928   
   1883000   532.19709      1307.6556      1839.8527      24.237658      292.65601      0.16034495   
   1884000   499.64657      1293.0001      1792.6466      90.77366       289.37607      0.16458089   
   1885000   453.99306      1298.7717      1752.7648      173.77575      290.66778      0.16827008   
   1886000   489.54942      1303.4776      1793.0271      258.87582      291.72097      0.16952163   
   1887000   490.80449      1314.5746      1805.3791      228.56368      294.20449      0.1669465    
   1888000   495.17295      1331.2858      1826.4587      198.36649      297.94449      0.16417758   
   1889000   510.01809      1301.9321      1811.9502      137.21594      291.37508      0.16128191   
   1890000   515.59584      1332.8825      1848.4784      69.388004      298.30185      0.15972223   
   1891000   490.21819      1321.2927      1811.5109      16.068083      295.70801      0.15936916   
   1892000   530.78835      1326.0185      1856.8069      20.59944       296.76567      0.1642098    
   1893000   482.05173      1329.1004      1811.1522      147.57253      297.4554       0.17063746   
   1894000   468.7684       1359.7383      1828.5067      201.34477      304.31223      0.17262364   
   1895000   465.50019      1325.5957      1791.0959      244.39426      296.67103      0.17192515   
   1896000   497.83757      1328.7556      1826.5932      257.85407      297.37823      0.1715534    
   1897000   513.18117      1326.1548      1839.3359      277.75499      296.79616      0.1717604    
   1898000   489.06269      1372.0145      1861.0772      225.51943      307.05965      0.16926821   
   1899000   504.02619      1323.3034      1827.3296      118.31606      296.15801      0.16246282   
   1900000   526.68902      1272.7427      1799.4317      8.2073457      284.84243      0.15907437   
   1901000   493.85875      1290.7796      1784.6383      1.2993976      288.87912      0.15953739   
   1902000   514.69952      1313.1325      1827.832       78.048143      293.88174      0.16273913   
   1903000   491.08245      1319.6393      1810.7218      135.78543      295.33799      0.16401431   
   1904000   485.75611      1307.7071      1793.4632      167.14596      292.66754      0.16388343   
   1905000   476.61959      1298.2129      1774.8325      127.90626      290.54272      0.16438996   
   1906000   493.25718      1333.3129      1826.5701      171.47069      298.39816      0.16725259   
   1907000   534.55608      1320.5514      1855.1075      129.41686      295.54212      0.17083961   
   1908000   516.70049      1329.6729      1846.3734      167.74451      297.58353      0.17191182   
   1909000   503.18555      1351.6321      1854.8177      122.14794      302.49804      0.16958195   
   1910000   478.54286      1321.1285      1799.6714      102.00821      295.67127      0.1680772    
   1911000   511.51247      1323.8922      1835.4047      73.489973      296.28979      0.16524099   
   1912000   514.56124      1369.406       1883.9672      84.32498       306.47586      0.16233939   
   1913000   500.06192      1377.8354      1877.8973      76.696985      308.36239      0.15701957   
   1914000   522.41714      1356.3941      1878.8112      100.57703      303.56378      0.15353013   
   1915000   533.69698      1345.4882      1879.1851      142.32307      301.12301      0.15281098   
   1916000   550.17358      1294.1074      1844.281       147.96876      289.62389      0.15953995   
   1917000   471.54546      1317.8615      1789.407       124.93468      294.94011      0.16772258   
   1918000   484.13515      1321.7049      1805.84        97.96025       295.80027      0.1703831    
   1919000   502.28833      1316.6206      1818.9089      29.213956      294.66238      0.16957805   
   1920000   526.30487      1358.604       1884.9089      32.341415      304.05837      0.16634093   
   1921000   511.35291      1346.4193      1857.7722      109.32463      301.33139      0.16437686   
   1922000   516.73176      1343.8962      1860.628       152.12378      300.76674      0.16195458   
   1923000   532.01085      1368.3617      1900.3726      175.96828      306.24216      0.1608426    
   1924000   511.52034      1388.5324      1900.0527      168.3766       310.75639      0.16307008   
   1925000   488.6581       1379.8271      1868.4852      88.738081      308.80813      0.1664527    
   1926000   515.12397      1364.719       1879.843       79.178774      305.42692      0.170376     
   1927000   489.77666      1364.2131      1853.9897      116.16882      305.31368      0.17372378   
   1928000   490.44168      1347.4891      1837.9308      142.15201      301.57083      0.17495619   
   1929000   491.27586      1301.1426      1792.4184      110.47824      291.19838      0.16913489   
   1930000   511.53497      1314.5145      1826.0495      133.07647      294.19104      0.16261447   
   1931000   517.87286      1317.1419      1835.0148      126.08817      294.77907      0.15901374   
   1932000   499.74505      1331.7154      1831.4605      148.37417      298.04064      0.15780379   
   1933000   497.17569      1306.4377      1803.6134      161.52257      292.38344      0.15881168   
   1934000   491.48281      1266.1078      1757.5906      136.10861      283.35752      0.16124311   
   1935000   501.17037      1311.0167      1812.1871      129.71999      293.40822      0.16548015   
   1936000   495.41072      1323.3363      1818.7471      191.44907      296.16539      0.16777885   
   1937000   481.07904      1313.9616      1795.0406      180.80638      294.0673       0.1674814    
   1938000   469.3325       1257.7901      1727.1226      149.48201      281.49601      0.16497335   
   1939000   488.24158      1327.1186      1815.3602      188.21209      297.01187      0.16271091   
   1940000   531.23256      1310.87        1842.1026      128.47279      293.3754       0.15998101   
   1941000   497.70601      1323.9557      1821.6617      133.35444      296.304        0.15843736   
   1942000   468.72171      1321.7083      1790.43        171.51194      295.80103      0.16089118   
   1943000   506.39577      1282.1593      1788.5551      208.8211       286.94988      0.16728259   
   1944000   496.04689      1304.039       1800.0859      244.72194      291.84661      0.17240374   
   1945000   495.11678      1317.1149      1812.2316      247.10208      294.77301      0.17151181   
   1946000   481.64276      1324.2588      1805.9016      232.58618      296.37185      0.16931511   
   1947000   500.8064       1344.5203      1845.3267      209.99833      300.90641      0.16772542   
   1948000   522.4179       1360.8244      1883.2424      156.56515      304.5553       0.16686227   
   1949000   490.93212      1380.7563      1871.6884      166.45204      309.01609      0.16651351   
   1950000   526.2351       1323.5452      1849.7803      130.89639      296.21214      0.16627823   
   1951000   507.11924      1330.1122      1837.2314      150.5268       297.68184      0.16523555   
   1952000   526.20515      1384.795       1911.0001      183.24331      309.91995      0.16350579   
   1953000   528.20052      1343.0407      1871.2412      188.12025      300.57527      0.16438591   
   1954000   494.20727      1357.6968      1851.904       161.60351      303.85532      0.1677874    
   1955000   510.28609      1368.075       1878.3611      120.86861      306.17799      0.17199827   
   1956000   503.62484      1396.3068      1899.9316      131.47678      312.49632      0.17589857   
   1957000   481.76346      1354.8528      1836.6162      102.30298      303.21883      0.17564808   
   1958000   525.22583      1362.1992      1887.425       40.143284      304.86298      0.17184937   
   1959000   503.45365      1360.4818      1863.9354      63.713425      304.47862      0.16808521   
   1960000   509.57154      1374.6844      1884.2559      49.223858      307.65718      0.1629346    
   1961000   508.87874      1352.7618      1861.6406      102.5875       302.75087      0.16028048   
   1962000   518.97798      1340.6529      1859.6309      134.65087      300.04088      0.15943324   
   1963000   503.09075      1325.4533      1828.544       157.33357      296.63916      0.16461768   
   1964000   483.40878      1335.6187      1819.0275      185.84156      298.9142       0.17450441   
   1965000   475.89853      1329.3194      1805.218       166.96923      297.50442      0.17574401   
   1966000   467.61365      1340.3961      1808.0098      194.27604      299.98341      0.17459081   
   1967000   502.05282      1320.301       1822.3538      198.11268      295.48606      0.17130065   
   1968000   508.03957      1301.2765      1809.3161      168.16216      291.22836      0.16555736   
   1969000   462.12541      1309.5054      1771.6308      129.34833      293.06999      0.16143634   
   1970000   496.38106      1299.6348      1796.0158      85.793814      290.86093      0.16174455   
   1971000   496.90742      1329.3034      1826.2108      64.797869      297.50082      0.16487508   
   1972000   488.13129      1341.531       1829.6623      95.367463      300.23739      0.16909495   
   1973000   499.54501      1341.8208      1841.3658      162.06459      300.30224      0.17020264   
   1974000   504.28399      1339.4086      1843.6926      210.41203      299.7624       0.16874346   
   1975000   515.45461      1330.0333      1845.4879      186.39401      297.66418      0.16335824   
   1976000   508.20028      1348.0041      1856.2044      137.42738      301.68609      0.160069     
   1977000   512.452        1367.3794      1879.8314      84.769596      306.02231      0.15883443   
   1978000   525.77936      1379.2943      1905.0737      60.926623      308.68891      0.16021498   
   1979000   493.47596      1343.285       1836.7609      62.45269       300.62993      0.16023979   
   1980000   528.03218      1331.8907      1859.9229      55.893359      298.07987      0.15756139   
   1981000   510.05279      1349.7212      1859.774       93.983095      302.07038      0.15467852   
   1982000   526.08082      1375.4295      1901.5103      146.42455      307.82395      0.15563673   
   1983000   478.74112      1369.4895      1848.2306      207.93679      306.49456      0.15831489   
   1984000   517.91451      1356.6281      1874.5426      226.62052      303.61615      0.164299     
   1985000   535.34047      1386.9728      1922.3133      267.83653      310.40736      0.16789967   
   1986000   529.88034      1360.0376      1889.918       174.71155      304.37921      0.16793554   
   1987000   502.01562      1353.4918      1855.5074      115.13569      302.91424      0.16851615   
   1988000   491.55359      1382.1412      1873.6948      136.47729      309.32604      0.16995838   
   1989000   492.62377      1379.7397      1872.3635      138.9406       308.78859      0.17096746   
   1990000   527.44176      1375.3437      1902.7854      197.7357       307.80474      0.17640275   
   1991000   493.69034      1385.1904      1878.8807      164.13362      310.00846      0.17897546   
   1992000   501.5224       1357.3076      1858.83        133.41977      303.76823      0.17703803   
   1993000   506.8688       1361.1914      1868.0602      113.01033      304.63743      0.17156482   
   1994000   507.47957      1364.414       1871.8935      124.65006      305.35865      0.16305037   
   1995000   489.90232      1371.3544      1861.2567      185.45028      306.91193      0.16015078   
   1996000   528.79463      1342.5935      1871.3881      240.29747      300.47518      0.16283018   
   1997000   530.53551      1379.9565      1910.492       293.50249      308.8371       0.16794381   
   1998000   504.77075      1399.9802      1904.7509      254.86359      313.31843      0.16840272   
   1999000   487.77291      1357.0573      1844.8302      119.53306      303.71221      0.16486787   
   2000000   504.00589      1321.7325      1825.7384      49.816748      295.80645      0.16185574   
Loop time of 8625.89 on 8 procs for 2000000 steps with 1500 atoms

Performance: 10.016 ns/day, 2.396 hours/ns, 231.860 timesteps/s, 347.790 katom-step/s
99.4% CPU use with 8 MPI tasks x 1 OpenMP threads

MPI task timing breakdown:
Section |  min time  |  avg time  |  max time  |%varavg| %total
---------------------------------------------------------------
Pair    | 332.88     | 346.36     | 358.9      |  44.8 |  4.02
Bond    | 19.274     | 20.216     | 21.005     |  12.0 |  0.23
Kspace  | 3682.4     | 3693.7     | 3708.3     |  14.5 | 42.82
Neigh   | 6.1344     | 6.1527     | 6.1683     |   0.4 |  0.07
Comm    | 146.87     | 148.69     | 150.81     |  11.2 |  1.72
Output  | 0.21586    | 0.3192     | 1.0414     |  48.3 |  0.00
Modify  | 4224.6     | 4307.8     | 4375.9     |  76.1 | 49.94
Other   |            | 102.7      |            |       |  1.19

Nlocal:          187.5 ave         217 max         150 min
Histogram: 1 1 1 0 0 1 0 1 1 2
Nghost:        1660.62 ave        1714 max        1622 min
Histogram: 2 1 0 1 0 3 0 0 0 1
Neighs:        14087.4 ave       17233 max       10032 min
Histogram: 1 1 1 0 0 0 1 1 1 2

Total # of neighbors = 112699
Ave neighs/atom = 75.132667
Ave special neighs/atom = 2
Neighbor list builds = 12363
Dangerous builds = 0

write_data      ${NAME}_final.data
write_data      N2_final.data
System init for write_data ...
PPPM initialization ...
  using 12-bit tables for long-range coulomb (src/kspace.cpp:342)
  G vector (1/distance) = 0.26812993
  grid = 48 48 48
  stencil order = 5
  estimated absolute RMS force accuracy = 0.00040977262
  estimated relative force accuracy = 1.2340181e-06
  using single precision FFTW3
  3d grid and FFT values/proc = 29791 13824
Generated 1 of 1 mixed pair_coeff terms from arithmetic mixing rule
Last active /omp style is kspace_style pppm/omp

quit
