# Cycle, ((Average number_of_molecules(Ib,Tm), Tm=1,N_MolType), Ib=1,N_Box)
    100100   0.3916354341E+003   0.8364565939E+001
    100200   0.3913335024E+003   0.8666497562E+001
    100300   0.3909012557E+003   0.9098744253E+001
    100400   0.3905892345E+003   0.9410765482E+001
    100500   0.3903882546E+003   0.9611745375E+001
    100600   0.3901410170E+003   0.9858982995E+001
    100700   0.3899951461E+003   0.1000485395E+002
    100800   0.3898762088E+003   0.1012379120E+002
    100900   0.3897005745E+003   0.1029942547E+002
    101000   0.3896357957E+003   0.1036420431E+002
    101100   0.3895950082E+003   0.1040499179E+002
    101200   0.3895914325E+003   0.1040856750E+002
    101300   0.3895987875E+003   0.1040121249E+002
    101400   0.3895945351E+003   0.1040546486E+002
    101500   0.3896249866E+003   0.1037501337E+002
    101600   0.3896391528E+003   0.1036084716E+002
    101700   0.3896078341E+003   0.1039216587E+002
    101800   0.3896066172E+003   0.1039338278E+002
    101900   0.3896045423E+003   0.1039545774E+002
    102000   0.3895746510E+003   0.1042534905E+002
    102100   0.3895704141E+003   0.1042958588E+002
    102200   0.3895978524E+003   0.1040214757E+002
    102300   0.3896132441E+003   0.1038675593E+002
    102400   0.3896282794E+003   0.1037172062E+002
    102500   0.3896305895E+003   0.1036941052E+002
    102600   0.3896369664E+003   0.1036303358E+002
    102700   0.3896503776E+003   0.1034962240E+002
    102800   0.3896677917E+003   0.1033220826E+002
    102900   0.3896832698E+003   0.1031673021E+002
    103000   0.3896454740E+003   0.1035452597E+002
    103100   0.3896315750E+003   0.1036842496E+002
    103200   0.3896277413E+003   0.1037225869E+002
    103300   0.3896393761E+003   0.1036062386E+002
    103400   0.3896488190E+003   0.1035118102E+002
    103500   0.3896599900E+003   0.1034001000E+002
    103600   0.3896725238E+003   0.1032747618E+002
    103700   0.3896828759E+003   0.1031712408E+002
    103800   0.3896931690E+003   0.1030683104E+002
    103900   0.3897343075E+003   0.1026569250E+002
    104000   0.3898057809E+003   0.1019421913E+002
    104100   0.3899154766E+003   0.1008452335E+002
    104200   0.3900107588E+003   0.9989241207E+001
    104300   0.3901167729E+003   0.9883227079E+001
    104400   0.3902320055E+003   0.9767994491E+001
    104500   0.3903506769E+003   0.9649323143E+001
    104600   0.3903993785E+003   0.9600621488E+001
    104700   0.3903951334E+003   0.9604866601E+001
    104800   0.3903827097E+003   0.9617290337E+001
    104900   0.3903245191E+003   0.9675480856E+001
    105000   0.3902700761E+003   0.9729923910E+001
    105100   0.3902282848E+003   0.9771715186E+001
    105200   0.3901901260E+003   0.9809873994E+001
    105300   0.3901506900E+003   0.9849310000E+001
    105400   0.3901144045E+003   0.9885595502E+001
    105500   0.3900911172E+003   0.9908882823E+001
    105600   0.3900868352E+003   0.9913164755E+001
    105700   0.3900771696E+003   0.9922830449E+001
    105800   0.3900517269E+003   0.9948273079E+001
    105900   0.3900218901E+003   0.9978109860E+001
    106000   0.3899925132E+003   0.1000748677E+002
    106100   0.3899665924E+003   0.1003340761E+002
    106200   0.3899480047E+003   0.1005199527E+002
    106300   0.3899542088E+003   0.1004579124E+002
    106400   0.3899593586E+003   0.1004064142E+002
    106500   0.3899510922E+003   0.1004890778E+002
    106600   0.3899345375E+003   0.1006546248E+002
    106700   0.3899220511E+003   0.1007794893E+002
    106800   0.3899105586E+003   0.1008944144E+002
    106900   0.3899041242E+003   0.1009587577E+002
    107000   0.3899032712E+003   0.1009672882E+002
    107100   0.3898924430E+003   0.1010755700E+002
    107200   0.3898738365E+003   0.1012616347E+002
    107300   0.3898518566E+003   0.1014814338E+002
    107400   0.3898384640E+003   0.1016153597E+002
    107500   0.3898204244E+003   0.1017957556E+002
    107600   0.3898084575E+003   0.1019154245E+002
    107700   0.3897997364E+003   0.1020026355E+002
    107800   0.3898107880E+003   0.1018921199E+002
    107900   0.3898146791E+003   0.1018532094E+002
    108000   0.3898177597E+003   0.1018224027E+002
    108100   0.3898159248E+003   0.1018407524E+002
    108200   0.3897990317E+003   0.1020096834E+002
    108300   0.3897705710E+003   0.1022942898E+002
    108400   0.3897335052E+003   0.1026649480E+002
    108500   0.3896842068E+003   0.1031579318E+002
    108600   0.3896532969E+003   0.1034670306E+002
    108700   0.3896165966E+003   0.1038340343E+002
    108800   0.3895707581E+003   0.1042924187E+002
    108900   0.3895381066E+003   0.1046189336E+002
    109000   0.3895019158E+003   0.1049808417E+002
    109100   0.3894711540E+003   0.1052884603E+002
    109200   0.3894305173E+003   0.1056948270E+002
    109300   0.3893863287E+003   0.1061367133E+002
    109400   0.3893495569E+003   0.1065044310E+002
    109500   0.3893061134E+003   0.1069388658E+002
    109600   0.3892527363E+003   0.1074726367E+002
    109700   0.3891879798E+003   0.1081202015E+002
    109800   0.3891106797E+003   0.1088932028E+002
    109900   0.3890426135E+003   0.1095738654E+002
    110000   0.3889700244E+003   0.1102997564E+002
    110100   0.3889155581E+003   0.1108444190E+002
    110200   0.3888320654E+003   0.1116793459E+002
    110300   0.3887785703E+003   0.1122142967E+002
    110400   0.3887028185E+003   0.1129718154E+002
    110500   0.3886579758E+003   0.1134202422E+002
    110600   0.3886060280E+003   0.1139397198E+002
    110700   0.3885338366E+003   0.1146616340E+002
    110800   0.3884550422E+003   0.1154495783E+002
    110900   0.3884189919E+003   0.1158100812E+002
    111000   0.3883610268E+003   0.1163897325E+002
    111100   0.3883191470E+003   0.1168085301E+002
    111200   0.3882637584E+003   0.1173624163E+002
    111300   0.3882162435E+003   0.1178375650E+002
    111400   0.3881728318E+003   0.1182716817E+002
    111500   0.3881319525E+003   0.1186804753E+002
    111600   0.3880870277E+003   0.1191297233E+002
    111700   0.3880130156E+003   0.1198698445E+002
    111800   0.3879702443E+003   0.1202975570E+002
    111900   0.3879306576E+003   0.1206934240E+002
    112000   0.3878858412E+003   0.1211415875E+002
    112100   0.3878317887E+003   0.1216821133E+002
    112200   0.3877871728E+003   0.1221282717E+002
    112300   0.3877329505E+003   0.1226704952E+002
    112400   0.3877016923E+003   0.1229830766E+002
    112500   0.3876608890E+003   0.1233911102E+002
    112600   0.3876119932E+003   0.1238800684E+002
    112700   0.3875682112E+003   0.1243178885E+002
    112800   0.3875247193E+003   0.1247528074E+002
    112900   0.3874932853E+003   0.1250671468E+002
    113000   0.3874502453E+003   0.1254975465E+002
    113100   0.3874136380E+003   0.1258636204E+002
    113200   0.3873583401E+003   0.1264165990E+002
    113300   0.3873165467E+003   0.1268345328E+002
    113400   0.3872829844E+003   0.1271701562E+002
    113500   0.3872387192E+003   0.1276128080E+002
    113600   0.3871960221E+003   0.1280397786E+002
    113700   0.3871593754E+003   0.1284062456E+002
    113800   0.3871181881E+003   0.1288181189E+002
    113900   0.3870773624E+003   0.1292263764E+002
    114000   0.3870401617E+003   0.1295983830E+002
    114100   0.3870186420E+003   0.1298135800E+002
    114200   0.3870051333E+003   0.1299486673E+002
    114300   0.3869947750E+003   0.1300522503E+002
    114400   0.3869853224E+003   0.1301467760E+002
    114500   0.3869675558E+003   0.1303244416E+002
    114600   0.3869532123E+003   0.1304678770E+002
    114700   0.3869419140E+003   0.1305808596E+002
    114800   0.3869315871E+003   0.1306841286E+002
    114900   0.3869224280E+003   0.1307757203E+002
    115000   0.3869229870E+003   0.1307701296E+002
    115100   0.3869244318E+003   0.1307556819E+002
    115200   0.3869296956E+003   0.1307030437E+002
    115300   0.3869316239E+003   0.1306837611E+002
    115400   0.3869379458E+003   0.1306205424E+002
    115500   0.3869629322E+003   0.1303706776E+002
    115600   0.3870065613E+003   0.1299343869E+002
    115700   0.3870408458E+003   0.1295915418E+002
    115800   0.3870708113E+003   0.1292918870E+002
    115900   0.3871250769E+003   0.1287492312E+002
    116000   0.3871713486E+003   0.1282865137E+002
    116100   0.3871953436E+003   0.1280465639E+002
    116200   0.3872198758E+003   0.1278012419E+002
    116300   0.3872446335E+003   0.1275536652E+002
    116400   0.3872836775E+003   0.1271632246E+002
    116500   0.3873166770E+003   0.1268332298E+002
    116600   0.3873520704E+003   0.1264792958E+002
    116700   0.3873790042E+003   0.1262099581E+002
    116800   0.3874045753E+003   0.1259542468E+002
    116900   0.3874453813E+003   0.1255461871E+002
    117000   0.3874744105E+003   0.1252558950E+002
    117100   0.3874944558E+003   0.1250554420E+002
    117200   0.3875040481E+003   0.1249595190E+002
    117300   0.3875068400E+003   0.1249315999E+002
    117400   0.3875099104E+003   0.1249008962E+002
    117500   0.3875124972E+003   0.1248750277E+002
    117600   0.3875160107E+003   0.1248398933E+002
    117700   0.3875310754E+003   0.1246892456E+002
    117800   0.3875515994E+003   0.1244840060E+002
    117900   0.3875785823E+003   0.1242141768E+002
    118000   0.3875907169E+003   0.1240928314E+002
    118100   0.3876070934E+003   0.1239290656E+002
    118200   0.3876143738E+003   0.1238562624E+002
    118300   0.3876251217E+003   0.1237487832E+002
    118400   0.3876428347E+003   0.1235716532E+002
    118500   0.3876829928E+003   0.1231700717E+002
    118600   0.3877051403E+003   0.1229485968E+002
    118700   0.3877176500E+003   0.1228235003E+002
    118800   0.3877341462E+003   0.1226585378E+002
    118900   0.3877435282E+003   0.1225647185E+002
    119000   0.3877492361E+003   0.1225076387E+002
    119100   0.3877569737E+003   0.1224302625E+002
    119200   0.3877681716E+003   0.1223182836E+002
    119300   0.3877822270E+003   0.1221777303E+002
    119400   0.3877914235E+003   0.1220857651E+002
    119500   0.3878015428E+003   0.1219845719E+002
    119600   0.3878119998E+003   0.1218800017E+002
    119700   0.3878192996E+003   0.1218070037E+002
    119800   0.3878255134E+003   0.1217448656E+002
    119900   0.3878278227E+003   0.1217217727E+002
    120000   0.3878289043E+003   0.1217109569E+002
    120100   0.3878301520E+003   0.1216984804E+002
    120200   0.3878356798E+003   0.1216432018E+002
    120300   0.3878482682E+003   0.1215173179E+002
    120400   0.3878638863E+003   0.1213611368E+002
    120500   0.3878719297E+003   0.1212807028E+002
    120600   0.3878765276E+003   0.1212347236E+002
    120700   0.3878820495E+003   0.1211795050E+002
    120800   0.3878855931E+003   0.1211440688E+002
    120900   0.3878878405E+003   0.1211215945E+002
    121000   0.3878861717E+003   0.1211382832E+002
    121100   0.3878902973E+003   0.1210970275E+002
    121200   0.3878965195E+003   0.1210348051E+002
    121300   0.3878974089E+003   0.1210259112E+002
    121400   0.3879032816E+003   0.1209671841E+002
    121500   0.3879144462E+003   0.1208555384E+002
    121600   0.3879225383E+003   0.1207746167E+002
    121700   0.3879370340E+003   0.1206296600E+002
    121800   0.3879497709E+003   0.1205022909E+002
    121900   0.3879625363E+003   0.1203746366E+002
    122000   0.3879682936E+003   0.1203170638E+002
    122100   0.3879789563E+003   0.1202104373E+002
    122200   0.3879870998E+003   0.1201290022E+002
    122300   0.3880023070E+003   0.1199769303E+002
    122400   0.3880186193E+003   0.1198138074E+002
    122500   0.3880343601E+003   0.1196563994E+002
    122600   0.3880438924E+003   0.1195610765E+002
    122700   0.3880484826E+003   0.1195151742E+002
    122800   0.3880529063E+003   0.1194709375E+002
    122900   0.3880572597E+003   0.1194274029E+002
    123000   0.3880598101E+003   0.1194018987E+002
    123100   0.3880558373E+003   0.1194416274E+002
    123200   0.3880475169E+003   0.1195248310E+002
    123300   0.3880398035E+003   0.1196019648E+002
    123400   0.3880329913E+003   0.1196700866E+002
    123500   0.3880197643E+003   0.1198023566E+002
    123600   0.3880096167E+003   0.1199038329E+002
    123700   0.3879969560E+003   0.1200304397E+002
    123800   0.3879858047E+003   0.1201419533E+002
    123900   0.3879586289E+003   0.1204137107E+002
    124000   0.3879353076E+003   0.1206469241E+002
    124100   0.3879175412E+003   0.1208245880E+002
    124200   0.3879050536E+003   0.1209494635E+002
    124300   0.3878869121E+003   0.1211308785E+002
    124400   0.3878665378E+003   0.1213346218E+002
    124500   0.3878391080E+003   0.1216089198E+002
    124600   0.3878271566E+003   0.1217284343E+002
    124700   0.3878068591E+003   0.1219314094E+002
    124800   0.3877848686E+003   0.1221513143E+002
    124900   0.3877576559E+003   0.1224234408E+002
    125000   0.3877359210E+003   0.1226407900E+002
    125100   0.3877187617E+003   0.1228123830E+002
    125200   0.3877006187E+003   0.1229938129E+002
    125300   0.3876866696E+003   0.1231333045E+002
    125400   0.3876715898E+003   0.1232841024E+002
    125500   0.3876471509E+003   0.1235284908E+002
    125600   0.3876212983E+003   0.1237870171E+002
    125700   0.3875894290E+003   0.1241057100E+002
    125800   0.3875679435E+003   0.1243205654E+002
    125900   0.3875442949E+003   0.1245570511E+002
    126000   0.3875111158E+003   0.1248888417E+002
    126100   0.3874829547E+003   0.1251704529E+002
    126200   0.3874504529E+003   0.1254954708E+002
    126300   0.3874252761E+003   0.1257472390E+002
    126400   0.3874061812E+003   0.1259381881E+002
    126500   0.3873790821E+003   0.1262091786E+002
    126600   0.3873523910E+003   0.1264760898E+002
    126700   0.3873174503E+003   0.1268254966E+002
    126800   0.3872883826E+003   0.1271161738E+002
    126900   0.3872621667E+003   0.1273783333E+002
    127000   0.3872390211E+003   0.1276097894E+002
    127100   0.3872203851E+003   0.1277961495E+002
    127200   0.3871978140E+003   0.1280218604E+002
    127300   0.3871729953E+003   0.1282700472E+002
    127400   0.3871503786E+003   0.1284962136E+002
    127500   0.3871244907E+003   0.1287550928E+002
    127600   0.3871027264E+003   0.1289727361E+002
    127700   0.3870771946E+003   0.1292280540E+002
    127800   0.3870457409E+003   0.1295425910E+002
    127900   0.3870095147E+003   0.1299048530E+002
    128000   0.3869850801E+003   0.1301491991E+002
    128100   0.3869602946E+003   0.1303970540E+002
    128200   0.3869352619E+003   0.1306473813E+002
    128300   0.3869078246E+003   0.1309217544E+002
    128400   0.3868719142E+003   0.1312808577E+002
    128500   0.3868359165E+003   0.1316408351E+002
    128600   0.3868136963E+003   0.1318630372E+002
    128700   0.3867948474E+003   0.1320515261E+002
    128800   0.3867748330E+003   0.1322516700E+002
    128900   0.3867530772E+003   0.1324692276E+002
    129000   0.3867407142E+003   0.1325928580E+002
    129100   0.3867300688E+003   0.1326993117E+002
    129200   0.3867164834E+003   0.1328351661E+002
    129300   0.3867038803E+003   0.1329611967E+002
    129400   0.3866944577E+003   0.1330554227E+002
    129500   0.3866845665E+003   0.1331543348E+002
    129600   0.3866774777E+003   0.1332252230E+002
    129700   0.3866728100E+003   0.1332718997E+002
    129800   0.3866682524E+003   0.1333174759E+002
    129900   0.3866648158E+003   0.1333518418E+002
    130000   0.3866597079E+003   0.1334029212E+002
    130100   0.3866550008E+003   0.1334499918E+002
    130200   0.3866505319E+003   0.1334946815E+002
    130300   0.3866455239E+003   0.1335447611E+002
    130400   0.3866404127E+003   0.1335958725E+002
    130500   0.3866370022E+003   0.1336299784E+002
    130600   0.3866316588E+003   0.1336834118E+002
    130700   0.3866272403E+003   0.1337275967E+002
    130800   0.3866238117E+003   0.1337618834E+002
    130900   0.3866220206E+003   0.1337797943E+002
    131000   0.3866201503E+003   0.1337984969E+002
    131100   0.3866159683E+003   0.1338403171E+002
    131200   0.3866138036E+003   0.1338619640E+002
    131300   0.3866116785E+003   0.1338832152E+002
    131400   0.3866070912E+003   0.1339290884E+002
    131500   0.3866023431E+003   0.1339765688E+002
    131600   0.3865978816E+003   0.1340211839E+002
    131700   0.3865936328E+003   0.1340636718E+002
    131800   0.3865821829E+003   0.1341781713E+002
    131900   0.3865767141E+003   0.1342328592E+002
    132000   0.3865726540E+003   0.1342734598E+002
    132100   0.3865665485E+003   0.1343345148E+002
    132200   0.3865623101E+003   0.1343768989E+002
    132300   0.3865565458E+003   0.1344345420E+002
    132400   0.3865495371E+003   0.1345046290E+002
    132500   0.3865411785E+003   0.1345882154E+002
    132600   0.3865345742E+003   0.1346542576E+002
    132700   0.3865289345E+003   0.1347106553E+002
    132800   0.3865231232E+003   0.1347687682E+002
    132900   0.3865186538E+003   0.1348134622E+002
    133000   0.3865137556E+003   0.1348624438E+002
    133100   0.3865090845E+003   0.1349091551E+002
    133200   0.3865017833E+003   0.1349821673E+002
    133300   0.3864937516E+003   0.1350624844E+002
    133400   0.3864861653E+003   0.1351383475E+002
    133500   0.3864794551E+003   0.1352054494E+002
    133600   0.3864728077E+003   0.1352719234E+002
    133700   0.3864646863E+003   0.1353531371E+002
    133800   0.3864607512E+003   0.1353924882E+002
    133900   0.3864547650E+003   0.1354523499E+002
    134000   0.3864484078E+003   0.1355159220E+002
    134100   0.3864430188E+003   0.1355698121E+002
    134200   0.3864348919E+003   0.1356510814E+002
    134300   0.3864269171E+003   0.1357308288E+002
    134400   0.3864224416E+003   0.1357755840E+002
    134500   0.3864180356E+003   0.1358196443E+002
    134600   0.3864139103E+003   0.1358608972E+002
    134700   0.3864108820E+003   0.1358911801E+002
    134800   0.3864099730E+003   0.1359002704E+002
    134900   0.3864117179E+003   0.1358828212E+002
    135000   0.3864138218E+003   0.1358617823E+002
    135100   0.3864154437E+003   0.1358455628E+002
    135200   0.3864175483E+003   0.1358245168E+002
    135300   0.3864194316E+003   0.1358056841E+002
    135400   0.3864257269E+003   0.1357427313E+002
    135500   0.3864314072E+003   0.1356859282E+002
    135600   0.3864361562E+003   0.1356384377E+002
    135700   0.3864412093E+003   0.1355879073E+002
    135800   0.3864437727E+003   0.1355622729E+002
    135900   0.3864457773E+003   0.1355422273E+002
    136000   0.3864481780E+003   0.1355182200E+002
    136100   0.3864506742E+003   0.1354932579E+002
    136200   0.3864566573E+003   0.1354334267E+002
    136300   0.3864646753E+003   0.1353532472E+002
    136400   0.3864727902E+003   0.1352720983E+002
    136500   0.3864775366E+003   0.1352246345E+002
    136600   0.3864829614E+003   0.1351703861E+002
    136700   0.3864880861E+003   0.1351191394E+002
    136800   0.3864897023E+003   0.1351029774E+002
    136900   0.3864884575E+003   0.1351154250E+002
    137000   0.3864867920E+003   0.1351320804E+002
    137100   0.3864836185E+003   0.1351638146E+002
    137200   0.3864805803E+003   0.1351941970E+002
    137300   0.3864761055E+003   0.1352389447E+002
    137400   0.3864698889E+003   0.1353011113E+002
    137500   0.3864655569E+003   0.1353444312E+002
    137600   0.3864646368E+003   0.1353536315E+002
    137700   0.3864633884E+003   0.1353661155E+002
    137800   0.3864645413E+003   0.1353545870E+002
    137900   0.3864691364E+003   0.1353086355E+002
    138000   0.3864760983E+003   0.1352390168E+002
    138100   0.3864830489E+003   0.1351695105E+002
    138200   0.3864871560E+003   0.1351284403E+002
    138300   0.3864938462E+003   0.1350615376E+002
    138400   0.3865001904E+003   0.1349980959E+002
    138500   0.3865043203E+003   0.1349567967E+002
    138600   0.3865094798E+003   0.1349052022E+002
    138700   0.3865129833E+003   0.1348701673E+002
    138800   0.3865141824E+003   0.1348581762E+002
    138900   0.3865160753E+003   0.1348392467E+002
    139000   0.3865206164E+003   0.1347938363E+002
    139100   0.3865243656E+003   0.1347563441E+002
    139200   0.3865285467E+003   0.1347145331E+002
    139300   0.3865332158E+003   0.1346678422E+002
    139400   0.3865402877E+003   0.1345971235E+002
    139500   0.3865470910E+003   0.1345290901E+002
    139600   0.3865557001E+003   0.1344429990E+002
    139700   0.3865617352E+003   0.1343826476E+002
    139800   0.3865649211E+003   0.1343507892E+002
    139900   0.3865691986E+003   0.1343080137E+002
    140000   0.3865744329E+003   0.1342556706E+002
    140100   0.3865769720E+003   0.1342302798E+002
    140200   0.3865762791E+003   0.1342372092E+002
    140300   0.3865777630E+003   0.1342223702E+002
    140400   0.3865791787E+003   0.1342082127E+002
    140500   0.3865804134E+003   0.1341958662E+002
    140600   0.3865847322E+003   0.1341526775E+002
    140700   0.3865889814E+003   0.1341101858E+002
    140800   0.3865920721E+003   0.1340792786E+002
    140900   0.3866003305E+003   0.1339966946E+002
    141000   0.3866135928E+003   0.1338640719E+002
    141100   0.3866265371E+003   0.1337346287E+002
    141200   0.3866351397E+003   0.1336486031E+002
    141300   0.3866458398E+003   0.1335416022E+002
    141400   0.3866549003E+003   0.1334509974E+002
    141500   0.3866634768E+003   0.1333652323E+002
    141600   0.3866687625E+003   0.1333123752E+002
    141700   0.3866744116E+003   0.1332558836E+002
    141800   0.3866798537E+003   0.1332014632E+002
    141900   0.3866876784E+003   0.1331232161E+002
    142000   0.3866966724E+003   0.1330332757E+002
    142100   0.3867045972E+003   0.1329540284E+002
    142200   0.3867144744E+003   0.1328552562E+002
    142300   0.3867249292E+003   0.1327507083E+002
    142400   0.3867350765E+003   0.1326492350E+002
    142500   0.3867434175E+003   0.1325658252E+002
    142600   0.3867553422E+003   0.1324465777E+002
    142700   0.3867731779E+003   0.1322682214E+002
    142800   0.3867911524E+003   0.1320884763E+002
    142900   0.3868032743E+003   0.1319672572E+002
    143000   0.3868159094E+003   0.1318409058E+002
    143100   0.3868231072E+003   0.1317689283E+002
    143200   0.3868293140E+003   0.1317068603E+002
    143300   0.3868359307E+003   0.1316406930E+002
    143400   0.3868408923E+003   0.1315910774E+002
    143500   0.3868493680E+003   0.1315063196E+002
    143600   0.3868561212E+003   0.1314387884E+002
    143700   0.3868649764E+003   0.1313502358E+002
    143800   0.3868748741E+003   0.1312512587E+002
    143900   0.3868839038E+003   0.1311609625E+002
    144000   0.3868928793E+003   0.1310712071E+002
    144100   0.3869001984E+003   0.1309980162E+002
    144200   0.3869092922E+003   0.1309070784E+002
    144300   0.3869152532E+003   0.1308474685E+002
    144400   0.3869216252E+003   0.1307837479E+002
    144500   0.3869243779E+003   0.1307562211E+002
    144600   0.3869267526E+003   0.1307324738E+002
    144700   0.3869290694E+003   0.1307093061E+002
    144800   0.3869339589E+003   0.1306604110E+002
    144900   0.3869366013E+003   0.1306339874E+002
    145000   0.3869399080E+003   0.1306009203E+002
    145100   0.3869429694E+003   0.1305703063E+002
    145200   0.3869441106E+003   0.1305588939E+002
    145300   0.3869443547E+003   0.1305564533E+002
    145400   0.3869446261E+003   0.1305537393E+002
    145500   0.3869449210E+003   0.1305507903E+002
    145600   0.3869451808E+003   0.1305481917E+002
    145700   0.3869438313E+003   0.1305616870E+002
    145800   0.3869424641E+003   0.1305753591E+002
    145900   0.3869420227E+003   0.1305797731E+002
    146000   0.3869422286E+003   0.1305777136E+002
    146100   0.3869424856E+003   0.1305751443E+002
    146200   0.3869434584E+003   0.1305654159E+002
    146300   0.3869456465E+003   0.1305435353E+002
    146400   0.3869453783E+003   0.1305462174E+002
    146500   0.3869433196E+003   0.1305668041E+002
    146600   0.3869406233E+003   0.1305937671E+002
    146700   0.3869390094E+003   0.1306099058E+002
    146800   0.3869406028E+003   0.1305939723E+002
    146900   0.3869453935E+003   0.1305460646E+002
    147000   0.3869509422E+003   0.1304905784E+002
    147100   0.3869558687E+003   0.1304413132E+002
    147200   0.3869612153E+003   0.1303878472E+002
    147300   0.3869642673E+003   0.1303573274E+002
    147400   0.3869662159E+003   0.1303378411E+002
    147500   0.3869676611E+003   0.1303233889E+002
    147600   0.3869678861E+003   0.1303211388E+002
    147700   0.3869680948E+003   0.1303190521E+002
    147800   0.3869695221E+003   0.1303047790E+002
    147900   0.3869697272E+003   0.1303027280E+002
    148000   0.3869713834E+003   0.1302861656E+002
    148100   0.3869767697E+003   0.1302323032E+002
    148200   0.3869838653E+003   0.1301613469E+002
    148300   0.3869929512E+003   0.1300704877E+002
    148400   0.3870013759E+003   0.1299862409E+002
    148500   0.3870072982E+003   0.1299270177E+002
    148600   0.3870156444E+003   0.1298435555E+002
    148700   0.3870231760E+003   0.1297682397E+002
    148800   0.3870289397E+003   0.1297106032E+002
    148900   0.3870331016E+003   0.1296689835E+002
    149000   0.3870427292E+003   0.1295727081E+002
    149100   0.3870512896E+003   0.1294871041E+002
    149200   0.3870577608E+003   0.1294223921E+002
    149300   0.3870665348E+003   0.1293346523E+002
    149400   0.3870765083E+003   0.1292349175E+002
    149500   0.3870868614E+003   0.1291313862E+002
    149600   0.3871042741E+003   0.1289572589E+002
    149700   0.3871138025E+003   0.1288619747E+002
    149800   0.3871215587E+003   0.1287844126E+002
    149900   0.3871291468E+003   0.1287085322E+002
    150000   0.3871334590E+003   0.1286654096E+002
    150100   0.3871332565E+003   0.1286674346E+002
    150200   0.3871334727E+003   0.1286652730E+002
    150300   0.3871337199E+003   0.1286628010E+002
    150400   0.3871361485E+003   0.1286385145E+002
    150500   0.3871426831E+003   0.1285731688E+002
    150600   0.3871486625E+003   0.1285133754E+002
    150700   0.3871586800E+003   0.1284131996E+002
    150800   0.3871622861E+003   0.1283771388E+002
    150900   0.3871668788E+003   0.1283312120E+002
    151000   0.3871708962E+003   0.1282910378E+002
    151100   0.3871754681E+003   0.1282453186E+002
    151200   0.3871827421E+003   0.1281725792E+002
    151300   0.3871907215E+003   0.1280927845E+002
    151400   0.3871955055E+003   0.1280449451E+002
    151500   0.3871973603E+003   0.1280263974E+002
    151600   0.3871985131E+003   0.1280148694E+002
    151700   0.3872034601E+003   0.1279653986E+002
    151800   0.3872066928E+003   0.1279330725E+002
    151900   0.3872095493E+003   0.1279045069E+002
    152000   0.3872113480E+003   0.1278865201E+002
    152100   0.3872125028E+003   0.1278749722E+002
    152200   0.3872126630E+003   0.1278733704E+002
    152300   0.3872144949E+003   0.1278550513E+002
    152400   0.3872167016E+003   0.1278329838E+002
    152500   0.3872200114E+003   0.1277998861E+002
    152600   0.3872254356E+003   0.1277456435E+002
    152700   0.3872290456E+003   0.1277095442E+002
    152800   0.3872339199E+003   0.1276608007E+002
    152900   0.3872400747E+003   0.1275992527E+002
    153000   0.3872495612E+003   0.1275043880E+002
    153100   0.3872539268E+003   0.1274607316E+002
    153200   0.3872587822E+003   0.1274121779E+002
    153300   0.3872647370E+003   0.1273526303E+002
    153400   0.3872707938E+003   0.1272920615E+002
    153500   0.3872773177E+003   0.1272268231E+002
    153600   0.3872800198E+003   0.1271998020E+002
    153700   0.3872805442E+003   0.1271945577E+002
    153800   0.3872821215E+003   0.1271787845E+002
    153900   0.3872833241E+003   0.1271667592E+002
    154000   0.3872828655E+003   0.1271713448E+002
    154100   0.3872815904E+003   0.1271840957E+002
    154200   0.3872826682E+003   0.1271733182E+002
    154300   0.3872841991E+003   0.1271580086E+002
    154400   0.3872859538E+003   0.1271404617E+002
    154500   0.3872860125E+003   0.1271398745E+002
    154600   0.3872855212E+003   0.1271447880E+002
    154700   0.3872851216E+003   0.1271487837E+002
    154800   0.3872848116E+003   0.1271518835E+002
    154900   0.3872833017E+003   0.1271669827E+002
    155000   0.3872806075E+003   0.1271939246E+002
    155100   0.3872773461E+003   0.1272265392E+002
    155200   0.3872745053E+003   0.1272549474E+002
    155300   0.3872722779E+003   0.1272772215E+002
    155400   0.3872677572E+003   0.1273224278E+002
    155500   0.3872627900E+003   0.1273720998E+002
    155600   0.3872568456E+003   0.1274315435E+002
    155700   0.3872521531E+003   0.1274784693E+002
    155800   0.3872458815E+003   0.1275411845E+002
    155900   0.3872437278E+003   0.1275627219E+002
    156000   0.3872406002E+003   0.1275939984E+002
    156100   0.3872388014E+003   0.1276119856E+002
    156200   0.3872370060E+003   0.1276299395E+002
    156300   0.3872343869E+003   0.1276561305E+002
    156400   0.3872318271E+003   0.1276817293E+002
    156500   0.3872291400E+003   0.1277085997E+002
    156600   0.3872259734E+003   0.1277402658E+002
    156700   0.3872242102E+003   0.1277578981E+002
    156800   0.3872220190E+003   0.1277798102E+002
    156900   0.3872202508E+003   0.1277974924E+002
    157000   0.3872198532E+003   0.1278014676E+002
    157100   0.3872186811E+003   0.1278131885E+002
    157200   0.3872158896E+003   0.1278411043E+002
    157300   0.3872126155E+003   0.1278738445E+002
    157400   0.3872097791E+003   0.1279022088E+002
    157500   0.3872073122E+003   0.1279268775E+002
    157600   0.3872057013E+003   0.1279429871E+002
    157700   0.3872039712E+003   0.1279602883E+002
    157800   0.3872007600E+003   0.1279923996E+002
    157900   0.3871966441E+003   0.1280335595E+002
    158000   0.3871920527E+003   0.1280794726E+002
    158100   0.3871886096E+003   0.1281139043E+002
    158200   0.3871854789E+003   0.1281452106E+002
    158300   0.3871819031E+003   0.1281809687E+002
    158400   0.3871802180E+003   0.1281978202E+002
    158500   0.3871781648E+003   0.1282183520E+002
    158600   0.3871765669E+003   0.1282343306E+002
    158700   0.3871738574E+003   0.1282614259E+002
    158800   0.3871705606E+003   0.1282943939E+002
    158900   0.3871664218E+003   0.1283357816E+002
    159000   0.3871631700E+003   0.1283683002E+002
    159100   0.3871591802E+003   0.1284081977E+002
    159200   0.3871550983E+003   0.1284490172E+002
    159300   0.3871526191E+003   0.1284738093E+002
    159400   0.3871465271E+003   0.1285347295E+002
    159500   0.3871429316E+003   0.1285706840E+002
    159600   0.3871396172E+003   0.1286038275E+002
    159700   0.3871330031E+003   0.1286699693E+002
    159800   0.3871266414E+003   0.1287335863E+002
    159900   0.3871220074E+003   0.1287799256E+002
    160000   0.3871180237E+003   0.1288197632E+002
    160100   0.3871120437E+003   0.1288795632E+002
    160200   0.3871045402E+003   0.1289545985E+002
    160300   0.3870953131E+003   0.1290468691E+002
    160400   0.3870884549E+003   0.1291154513E+002
    160500   0.3870823475E+003   0.1291765249E+002
    160600   0.3870778894E+003   0.1292211059E+002
    160700   0.3870750071E+003   0.1292499290E+002
    160800   0.3870732074E+003   0.1292679257E+002
    160900   0.3870718057E+003   0.1292819427E+002
    161000   0.3870700505E+003   0.1292994947E+002
    161100   0.3870682887E+003   0.1293171133E+002
    161200   0.3870653981E+003   0.1293460189E+002
    161300   0.3870628869E+003   0.1293711310E+002
    161400   0.3870610340E+003   0.1293896595E+002
    161500   0.3870609991E+003   0.1293900090E+002
    161600   0.3870610087E+003   0.1293899130E+002
    161700   0.3870607524E+003   0.1293924763E+002
    161800   0.3870596997E+003   0.1294030034E+002
    161900   0.3870591718E+003   0.1294082822E+002
    162000   0.3870590741E+003   0.1294092587E+002
    162100   0.3870603647E+003   0.1293963535E+002
    162200   0.3870622024E+003   0.1293779761E+002
    162300   0.3870652671E+003   0.1293473288E+002
    162400   0.3870684868E+003   0.1293151318E+002
    162500   0.3870717909E+003   0.1292820908E+002
    162600   0.3870741381E+003   0.1292586186E+002
    162700   0.3870774646E+003   0.1292253542E+002
    162800   0.3870811906E+003   0.1291880942E+002
    162900   0.3870844609E+003   0.1291553907E+002
    163000   0.3870880547E+003   0.1291194530E+002
    163100   0.3870919493E+003   0.1290805072E+002
    163200   0.3870959355E+003   0.1290406453E+002
    163300   0.3870983940E+003   0.1290160598E+002
    163400   0.3871011644E+003   0.1289883563E+002
    163500   0.3871051891E+003   0.1289481094E+002
    163600   0.3871122553E+003   0.1288774472E+002
    163700   0.3871178910E+003   0.1288210896E+002
    163800   0.3871240093E+003   0.1287599067E+002
    163900   0.3871283319E+003   0.1287166811E+002
    164000   0.3871310083E+003   0.1286899174E+002
    164100   0.3871349748E+003   0.1286502524E+002
    164200   0.3871367875E+003   0.1286321247E+002
    164300   0.3871381889E+003   0.1286181115E+002
    164400   0.3871396592E+003   0.1286034083E+002
    164500   0.3871410137E+003   0.1285898633E+002
    164600   0.3871423196E+003   0.1285768039E+002
    164700   0.3871440862E+003   0.1285591382E+002
    164800   0.3871457584E+003   0.1285424165E+002
    164900   0.3871470368E+003   0.1285296323E+002
    165000   0.3871472648E+003   0.1285273519E+002
    165100   0.3871471256E+003   0.1285287441E+002
    165200   0.3871470275E+003   0.1285297253E+002
    165300   0.3871456797E+003   0.1285432029E+002
    165400   0.3871425569E+003   0.1285744313E+002
    165500   0.3871418081E+003   0.1285819190E+002
    165600   0.3871417141E+003   0.1285828590E+002
    165700   0.3871429750E+003   0.1285702495E+002
    165800   0.3871446162E+003   0.1285538383E+002
    165900   0.3871464687E+003   0.1285353129E+002
    166000   0.3871474740E+003   0.1285252600E+002
    166100   0.3871468425E+003   0.1285315747E+002
    166200   0.3871464698E+003   0.1285353025E+002
    166300   0.3871463258E+003   0.1285367415E+002
    166400   0.3871462772E+003   0.1285372277E+002
    166500   0.3871473188E+003   0.1285268116E+002
    166600   0.3871485456E+003   0.1285145436E+002
    166700   0.3871502221E+003   0.1284977795E+002
    166800   0.3871522128E+003   0.1284778715E+002
    166900   0.3871567590E+003   0.1284324103E+002
    167000   0.3871597430E+003   0.1284025701E+002
    167100   0.3871625344E+003   0.1283746556E+002
    167200   0.3871640390E+003   0.1283596101E+002
    167300   0.3871675843E+003   0.1283241567E+002
    167400   0.3871701934E+003   0.1282980663E+002
    167500   0.3871736222E+003   0.1282637781E+002
    167600   0.3871747530E+003   0.1282524702E+002
    167700   0.3871751488E+003   0.1282485120E+002
    167800   0.3871748708E+003   0.1282512919E+002
    167900   0.3871747366E+003   0.1282526335E+002
    168000   0.3871745768E+003   0.1282542322E+002
    168100   0.3871751779E+003   0.1282482214E+002
    168200   0.3871748999E+003   0.1282510010E+002
    168300   0.3871754957E+003   0.1282450435E+002
    168400   0.3871810605E+003   0.1281893949E+002
    168500   0.3871861008E+003   0.1281389922E+002
    168600   0.3871912330E+003   0.1280876696E+002
    168700   0.3871970409E+003   0.1280295906E+002
    168800   0.3872019681E+003   0.1279803192E+002
    168900   0.3872065748E+003   0.1279342517E+002
    169000   0.3872112640E+003   0.1278873601E+002
    169100   0.3872161221E+003   0.1278387786E+002
    169200   0.3872209250E+003   0.1277907502E+002
    169300   0.3872251606E+003   0.1277483935E+002
    169400   0.3872289430E+003   0.1277105700E+002
    169500   0.3872336224E+003   0.1276637756E+002
    169600   0.3872386969E+003   0.1276130314E+002
    169700   0.3872425822E+003   0.1275741777E+002
    169800   0.3872471921E+003   0.1275280786E+002
    169900   0.3872519654E+003   0.1274803455E+002
    170000   0.3872569627E+003   0.1274303733E+002
    170100   0.3872625293E+003   0.1273747075E+002
    170200   0.3872654906E+003   0.1273450940E+002
    170300   0.3872723650E+003   0.1272763501E+002
    170400   0.3872793280E+003   0.1272067196E+002
    170500   0.3872857228E+003   0.1271427719E+002
    170600   0.3872928327E+003   0.1270716730E+002
    170700   0.3873050723E+003   0.1269492768E+002
    170800   0.3873163792E+003   0.1268362079E+002
    170900   0.3873311403E+003   0.1266885968E+002
    171000   0.3873447313E+003   0.1265526873E+002
    171100   0.3873572275E+003   0.1264277252E+002
    171200   0.3873649979E+003   0.1263500206E+002
    171300   0.3873677933E+003   0.1263220666E+002
    171400   0.3873704517E+003   0.1262954834E+002
    171500   0.3873740673E+003   0.1262593273E+002
    171600   0.3873787085E+003   0.1262129147E+002
    171700   0.3873810321E+003   0.1261896794E+002
    171800   0.3873835416E+003   0.1261645841E+002
    171900   0.3873862689E+003   0.1261373107E+002
    172000   0.3873887395E+003   0.1261126052E+002
    172100   0.3873907409E+003   0.1260925908E+002
    172200   0.3873916533E+003   0.1260834668E+002
    172300   0.3873925437E+003   0.1260745626E+002
    172400   0.3873936757E+003   0.1260632426E+002
    172500   0.3873944129E+003   0.1260558707E+002
    172600   0.3873953719E+003   0.1260462806E+002
    172700   0.3873955386E+003   0.1260446145E+002
    172800   0.3873951732E+003   0.1260482684E+002
    172900   0.3873939455E+003   0.1260605445E+002
    173000   0.3873944371E+003   0.1260556290E+002
    173100   0.3873965514E+003   0.1260344865E+002
    173200   0.3873982159E+003   0.1260178408E+002
    173300   0.3873992056E+003   0.1260079436E+002
    173400   0.3874001224E+003   0.1259987757E+002
    173500   0.3873999443E+003   0.1260005571E+002
    173600   0.3873991200E+003   0.1260088000E+002
    173700   0.3873969060E+003   0.1260309397E+002
    173800   0.3873919454E+003   0.1260805458E+002
    173900   0.3873891802E+003   0.1261081977E+002
    174000   0.3873880006E+003   0.1261199940E+002
    174100   0.3873864779E+003   0.1261352209E+002
    174200   0.3873859425E+003   0.1261405751E+002
    174300   0.3873856298E+003   0.1261437015E+002
    174400   0.3873839132E+003   0.1261608682E+002
    174500   0.3873812240E+003   0.1261877599E+002
    174600   0.3873784555E+003   0.1262154448E+002
    174700   0.3873746812E+003   0.1262531877E+002
    174800   0.3873708553E+003   0.1262914471E+002
    174900   0.3873676087E+003   0.1263239128E+002
    175000   0.3873614640E+003   0.1263853596E+002
    175100   0.3873570098E+003   0.1264299022E+002
    175200   0.3873540948E+003   0.1264590523E+002
    175300   0.3873510667E+003   0.1264893330E+002
    175400   0.3873484892E+003   0.1265151076E+002
    175500   0.3873454213E+003   0.1265457866E+002
    175600   0.3873427606E+003   0.1265723940E+002
    175700   0.3873397951E+003   0.1266020494E+002
    175800   0.3873362858E+003   0.1266371424E+002
    175900   0.3873318329E+003   0.1266816708E+002
    176000   0.3873267692E+003   0.1267323078E+002
    176100   0.3873219245E+003   0.1267807552E+002
    176200   0.3873155159E+003   0.1268448406E+002
    176300   0.3873087291E+003   0.1269127091E+002
    176400   0.3873033066E+003   0.1269669338E+002
    176500   0.3872979985E+003   0.1270200152E+002
    176600   0.3872918880E+003   0.1270811205E+002
    176700   0.3872872987E+003   0.1271270132E+002
    176800   0.3872798644E+003   0.1272013559E+002
    176900   0.3872745547E+003   0.1272544532E+002
    177000   0.3872696385E+003   0.1273036153E+002
    177100   0.3872647967E+003   0.1273520326E+002
    177200   0.3872610909E+003   0.1273890915E+002
    177300   0.3872551512E+003   0.1274484880E+002
    177400   0.3872520931E+003   0.1274790687E+002
    177500   0.3872457425E+003   0.1275425746E+002
    177600   0.3872391340E+003   0.1276086598E+002
    177700   0.3872343634E+003   0.1276563656E+002
    177800   0.3872290856E+003   0.1277091445E+002
    177900   0.3872237358E+003   0.1277626423E+002
    178000   0.3872192796E+003   0.1278072036E+002
    178100   0.3872132539E+003   0.1278674607E+002
    178200   0.3872073191E+003   0.1279268087E+002
    178300   0.3872023319E+003   0.1279766813E+002
    178400   0.3871961838E+003   0.1280381620E+002
    178500   0.3871888416E+003   0.1281115839E+002
    178600   0.3871831765E+003   0.1281682353E+002
    178700   0.3871781127E+003   0.1282188730E+002
    178800   0.3871736291E+003   0.1282637093E+002
    178900   0.3871648598E+003   0.1283514019E+002
    179000   0.3871580349E+003   0.1284196506E+002
    179100   0.3871512434E+003   0.1284875657E+002
    179200   0.3871445776E+003   0.1285542237E+002
    179300   0.3871370853E+003   0.1286291470E+002
    179400   0.3871326443E+003   0.1286735572E+002
    179500   0.3871293679E+003   0.1287063212E+002
    179600   0.3871247263E+003   0.1287527367E+002
    179700   0.3871228967E+003   0.1287710328E+002
    179800   0.3871194737E+003   0.1288052633E+002
    179900   0.3871172825E+003   0.1288271754E+002
    180000   0.3871136161E+003   0.1288638388E+002
    180100   0.3871112493E+003   0.1288875069E+002
    180200   0.3871099866E+003   0.1289001343E+002
    180300   0.3871087708E+003   0.1289122918E+002
    180400   0.3871078321E+003   0.1289216791E+002
    180500   0.3871074133E+003   0.1289258667E+002
    180600   0.3871076862E+003   0.1289231380E+002
    180700   0.3871072039E+003   0.1289279615E+002
    180800   0.3871050877E+003   0.1289491232E+002
    180900   0.3871026144E+003   0.1289738564E+002
    181000   0.3871002500E+003   0.1289975005E+002
    181100   0.3870985295E+003   0.1290147054E+002
    181200   0.3870953651E+003   0.1290463493E+002
    181300   0.3870927803E+003   0.1290721973E+002
    181400   0.3870903824E+003   0.1290961760E+002
    181500   0.3870876423E+003   0.1291235771E+002
    181600   0.3870843145E+003   0.1291568547E+002
    181700   0.3870810265E+003   0.1291897352E+002
    181800   0.3870767527E+003   0.1292324730E+002
    181900   0.3870729528E+003   0.1292704721E+002
    182000   0.3870696821E+003   0.1293031791E+002
    182100   0.3870662360E+003   0.1293376400E+002
    182200   0.3870613684E+003   0.1293863161E+002
    182300   0.3870575849E+003   0.1294241511E+002
    182400   0.3870531763E+003   0.1294682370E+002
    182500   0.3870491995E+003   0.1295080046E+002
    182600   0.3870450893E+003   0.1295491073E+002
    182700   0.3870415766E+003   0.1295842340E+002
    182800   0.3870386509E+003   0.1296134912E+002
    182900   0.3870342121E+003   0.1296578790E+002
    183000   0.3870291671E+003   0.1297083286E+002
    183100   0.3870248791E+003   0.1297512090E+002
    183200   0.3870214390E+003   0.1297856097E+002
    183300   0.3870165119E+003   0.1298348810E+002
    183400   0.3870126581E+003   0.1298734185E+002
    183500   0.3870065568E+003   0.1299344322E+002
    183600   0.3870025759E+003   0.1299742410E+002
    183700   0.3869981609E+003   0.1300183907E+002
    183800   0.3869923896E+003   0.1300761037E+002
    183900   0.3869875138E+003   0.1301248620E+002
    184000   0.3869828471E+003   0.1301715285E+002
    184100   0.3869768233E+003   0.1302317665E+002
    184200   0.3869720501E+003   0.1302794992E+002
    184300   0.3869661541E+003   0.1303384591E+002
    184400   0.3869597765E+003   0.1304022347E+002
    184500   0.3869536038E+003   0.1304639621E+002
    184600   0.3869489510E+003   0.1305104896E+002
    184700   0.3869438289E+003   0.1305617115E+002
    184800   0.3869388093E+003   0.1306119073E+002
    184900   0.3869334417E+003   0.1306655826E+002
    185000   0.3869297005E+003   0.1307029947E+002
    185100   0.3869253732E+003   0.1307462683E+002
    185200   0.3869220854E+003   0.1307791458E+002
    185300   0.3869178175E+003   0.1308218251E+002
    185400   0.3869126513E+003   0.1308734870E+002
    185500   0.3869059893E+003   0.1309401066E+002
    185600   0.3868985034E+003   0.1310149660E+002
    185700   0.3868958886E+003   0.1310411141E+002
    185800   0.3868912237E+003   0.1310877631E+002
    185900   0.3868870793E+003   0.1311292073E+002
    186000   0.3868828515E+003   0.1311714847E+002
    186100   0.3868789893E+003   0.1312101070E+002
    186200   0.3868743238E+003   0.1312567623E+002
    186300   0.3868710593E+003   0.1312894067E+002
    186400   0.3868680766E+003   0.1313192340E+002
    186500   0.3868662886E+003   0.1313371136E+002
    186600   0.3868629549E+003   0.1313704513E+002
    186700   0.3868607054E+003   0.1313929464E+002
    186800   0.3868570080E+003   0.1314299197E+002
    186900   0.3868552312E+003   0.1314476885E+002
    187000   0.3868526714E+003   0.1314732855E+002
    187100   0.3868508031E+003   0.1314919692E+002
    187200   0.3868469569E+003   0.1315304314E+002
    187300   0.3868433828E+003   0.1315661715E+002
    187400   0.3868408058E+003   0.1315919422E+002
    187500   0.3868359666E+003   0.1316403339E+002
    187600   0.3868327601E+003   0.1316723992E+002
    187700   0.3868289951E+003   0.1317100487E+002
    187800   0.3868251798E+003   0.1317482016E+002
    187900   0.3868202018E+003   0.1317979817E+002
    188000   0.3868170448E+003   0.1318295515E+002
    188100   0.3868127158E+003   0.1318728420E+002
    188200   0.3868083366E+003   0.1319166341E+002
    188300   0.3868056660E+003   0.1319433398E+002
    188400   0.3868032083E+003   0.1319679165E+002
    188500   0.3868011968E+003   0.1319880324E+002
    188600   0.3867994160E+003   0.1320058398E+002
    188700   0.3867977752E+003   0.1320222480E+002
    188800   0.3867959455E+003   0.1320405449E+002
    188900   0.3867914528E+003   0.1320854724E+002
    189000   0.3867891936E+003   0.1321080636E+002
    189100   0.3867860057E+003   0.1321399426E+002
    189200   0.3867832695E+003   0.1321673049E+002
    189300   0.3867782398E+003   0.1322176019E+002
    189400   0.3867729154E+003   0.1322708462E+002
    189500   0.3867680338E+003   0.1323196621E+002
    189600   0.3867626713E+003   0.1323732867E+002
    189700   0.3867585067E+003   0.1324149327E+002
    189800   0.3867519415E+003   0.1324805851E+002
    189900   0.3867478841E+003   0.1325211594E+002
    190000   0.3867406260E+003   0.1325937403E+002
    190100   0.3867322290E+003   0.1326777099E+002
    190200   0.3867228462E+003   0.1327715381E+002
    190300   0.3867179357E+003   0.1328206431E+002
    190400   0.3867138027E+003   0.1328619735E+002
    190500   0.3867066768E+003   0.1329332322E+002
    190600   0.3867014102E+003   0.1329858976E+002
    190700   0.3866960209E+003   0.1330397912E+002
    190800   0.3866881627E+003   0.1331183730E+002
    190900   0.3866797419E+003   0.1332025815E+002
    191000   0.3866734561E+003   0.1332654387E+002
    191100   0.3866636853E+003   0.1333631466E+002
    191200   0.3866530649E+003   0.1334693508E+002
    191300   0.3866453973E+003   0.1335460268E+002
    191400   0.3866390066E+003   0.1336099342E+002
    191500   0.3866308853E+003   0.1336911468E+002
    191600   0.3866222536E+003   0.1337774638E+002
    191700   0.3866186314E+003   0.1338136855E+002
    191800   0.3866118698E+003   0.1338813020E+002
    191900   0.3866006527E+003   0.1339934730E+002
    192000   0.3865936491E+003   0.1340635089E+002
    192100   0.3865878021E+003   0.1341219793E+002
    192200   0.3865804895E+003   0.1341951055E+002
    192300   0.3865742361E+003   0.1342576392E+002
    192400   0.3865653084E+003   0.1343469157E+002
    192500   0.3865557539E+003   0.1344424605E+002
    192600   0.3865475294E+003   0.1345247058E+002
    192700   0.3865391290E+003   0.1346087100E+002
    192800   0.3865254389E+003   0.1347456112E+002
    192900   0.3865177098E+003   0.1348229024E+002
    193000   0.3865101396E+003   0.1348986042E+002
    193100   0.3865048017E+003   0.1349519831E+002
    193200   0.3864957268E+003   0.1350427320E+002
    193300   0.3864851061E+003   0.1351489386E+002
    193400   0.3864771349E+003   0.1352286508E+002
    193500   0.3864665205E+003   0.1353347950E+002
    193600   0.3864554684E+003   0.1354453161E+002
    193700   0.3864479590E+003   0.1355204103E+002
    193800   0.3864388434E+003   0.1356115655E+002
    193900   0.3864311369E+003   0.1356886314E+002
    194000   0.3864253477E+003   0.1357465227E+002
    194100   0.3864189125E+003   0.1358108755E+002
    194200   0.3864107335E+003   0.1358926654E+002
    194300   0.3864027453E+003   0.1359725468E+002
    194400   0.3863973860E+003   0.1360261397E+002
    194500   0.3863928064E+003   0.1360719365E+002
    194600   0.3863863995E+003   0.1361360047E+002
    194700   0.3863811253E+003   0.1361887472E+002
    194800   0.3863740485E+003   0.1362595145E+002
    194900   0.3863680629E+003   0.1363193706E+002
    195000   0.3863614269E+003   0.1363857306E+002
    195100   0.3863545423E+003   0.1364545766E+002
    195200   0.3863479518E+003   0.1365204816E+002
    195300   0.3863416022E+003   0.1365839781E+002
    195400   0.3863348085E+003   0.1366519147E+002
    195500   0.3863285479E+003   0.1367145210E+002
    195600   0.3863243274E+003   0.1367567263E+002
    195700   0.3863196844E+003   0.1368031559E+002
    195800   0.3863155018E+003   0.1368449821E+002
    195900   0.3863113440E+003   0.1368865596E+002
    196000   0.3863077747E+003   0.1369222525E+002
    196100   0.3863036599E+003   0.1369634005E+002
    196200   0.3862991695E+003   0.1370083052E+002
    196300   0.3862963589E+003   0.1370364108E+002
    196400   0.3862926711E+003   0.1370732887E+002
    196500   0.3862890955E+003   0.1371090455E+002
    196600   0.3862860111E+003   0.1371398888E+002
    196700   0.3862839798E+003   0.1371602023E+002
    196800   0.3862821246E+003   0.1371787537E+002
    196900   0.3862804997E+003   0.1371950031E+002
    197000   0.3862794974E+003   0.1372050260E+002
    197100   0.3862785706E+003   0.1372142940E+002
    197200   0.3862783132E+003   0.1372168682E+002
    197300   0.3862780704E+003   0.1372192962E+002
    197400   0.3862773772E+003   0.1372262281E+002
    197500   0.3862767073E+003   0.1372329270E+002
    197600   0.3862760124E+003   0.1372398763E+002
    197700   0.3862765671E+003   0.1372343295E+002
    197800   0.3862763580E+003   0.1372364198E+002
    197900   0.3862764491E+003   0.1372355085E+002
    198000   0.3862762809E+003   0.1372371915E+002
    198100   0.3862760115E+003   0.1372398853E+002
    198200   0.3862758129E+003   0.1372418707E+002
    198300   0.3862755345E+003   0.1372446547E+002
    198400   0.3862746431E+003   0.1372535693E+002
    198500   0.3862738174E+003   0.1372618260E+002
    198600   0.3862734215E+003   0.1372657850E+002
    198700   0.3862731594E+003   0.1372684063E+002
    198800   0.3862736545E+003   0.1372634547E+002
    198900   0.3862745682E+003   0.1372543179E+002
    199000   0.3862752426E+003   0.1372475743E+002
    199100   0.3862761520E+003   0.1372384796E+002
    199200   0.3862769681E+003   0.1372303193E+002
    199300   0.3862777879E+003   0.1372221206E+002
    199400   0.3862787953E+003   0.1372120471E+002
    199500   0.3862796191E+003   0.1372038089E+002
    199600   0.3862798437E+003   0.1372015625E+002
    199700   0.3862795173E+003   0.1372048267E+002
    199800   0.3862795286E+003   0.1372047138E+002
    199900   0.3862793083E+003   0.1372069166E+002
    200000   0.3862792691E+003   0.1372073091E+002
    200100   0.3862805249E+003   0.1371947511E+002
    200200   0.3862820340E+003   0.1371796599E+002
    200300   0.3862830531E+003   0.1371694690E+002
    200400   0.3862838596E+003   0.1371614039E+002
    200500   0.3862847190E+003   0.1371528100E+002
    200600   0.3862859744E+003   0.1371402560E+002
    200700   0.3862877397E+003   0.1371226031E+002
    200800   0.3862880596E+003   0.1371194040E+002
    200900   0.3862868081E+003   0.1371319190E+002
    201000   0.3862845865E+003   0.1371541348E+002
    201100   0.3862831269E+003   0.1371687307E+002
    201200   0.3862815234E+003   0.1371847657E+002
    201300   0.3862784355E+003   0.1372156455E+002
    201400   0.3862756516E+003   0.1372434836E+002
    201500   0.3862726291E+003   0.1372737095E+002
    201600   0.3862691828E+003   0.1373081723E+002
    201700   0.3862676593E+003   0.1373234075E+002
    201800   0.3862663774E+003   0.1373362264E+002
    201900   0.3862651559E+003   0.1373484405E+002
    202000   0.3862637626E+003   0.1373623741E+002
    202100   0.3862621362E+003   0.1373786383E+002
    202200   0.3862596116E+003   0.1374038835E+002
    202300   0.3862575619E+003   0.1374243811E+002
    202400   0.3862558020E+003   0.1374419797E+002
    202500   0.3862543893E+003   0.1374561075E+002
    202600   0.3862522892E+003   0.1374771083E+002
    202700   0.3862513053E+003   0.1374869467E+002
    202800   0.3862508956E+003   0.1374910440E+002
    202900   0.3862506500E+003   0.1374934999E+002
    203000   0.3862502762E+003   0.1374972377E+002
    203100   0.3862490470E+003   0.1375095299E+002
    203200   0.3862487768E+003   0.1375122316E+002
    203300   0.3862485597E+003   0.1375144028E+002
    203400   0.3862490980E+003   0.1375090205E+002
    203500   0.3862519081E+003   0.1374809185E+002
    203600   0.3862566061E+003   0.1374339392E+002
    203700   0.3862597133E+003   0.1374028673E+002
    203800   0.3862640346E+003   0.1373596543E+002
    203900   0.3862665419E+003   0.1373345809E+002
    204000   0.3862691034E+003   0.1373089656E+002
    204100   0.3862741865E+003   0.1372581353E+002
    204200   0.3862790148E+003   0.1372098523E+002
    204300   0.3862820031E+003   0.1371799693E+002
    204400   0.3862853646E+003   0.1371463541E+002
    204500   0.3862879861E+003   0.1371201387E+002
    204600   0.3862901631E+003   0.1370983689E+002
    204700   0.3862925028E+003   0.1370749719E+002
    204800   0.3862947095E+003   0.1370529049E+002
    204900   0.3862974008E+003   0.1370259916E+002
    205000   0.3863015531E+003   0.1369844693E+002
    205100   0.3863044939E+003   0.1369550609E+002
    205200   0.3863087620E+003   0.1369123796E+002
    205300   0.3863131020E+003   0.1368689801E+002
    205400   0.3863167291E+003   0.1368327091E+002
    205500   0.3863193531E+003   0.1368064685E+002
    205600   0.3863263266E+003   0.1367367344E+002
    205700   0.3863321927E+003   0.1366780728E+002
    205800   0.3863396047E+003   0.1366039525E+002
    205900   0.3863475728E+003   0.1365242716E+002
    206000   0.3863582247E+003   0.1364177528E+002
    206100   0.3863648210E+003   0.1363517905E+002
    206200   0.3863723738E+003   0.1362762616E+002
    206300   0.3863778627E+003   0.1362213732E+002
    206400   0.3863819895E+003   0.1361801047E+002
    206500   0.3863848816E+003   0.1361511841E+002
    206600   0.3863886620E+003   0.1361133796E+002
    206700   0.3863916974E+003   0.1360830262E+002
    206800   0.3863941517E+003   0.1360584828E+002
    206900   0.3863966711E+003   0.1360332891E+002
    207000   0.3863985903E+003   0.1360140966E+002
    207100   0.3864002430E+003   0.1359975701E+002
    207200   0.3864019390E+003   0.1359806101E+002
    207300   0.3864035272E+003   0.1359647280E+002
    207400   0.3864043992E+003   0.1359560082E+002
    207500   0.3864047362E+003   0.1359526376E+002
    207600   0.3864041856E+003   0.1359581441E+002
    207700   0.3864037997E+003   0.1359620031E+002
    207800   0.3864033352E+003   0.1359666482E+002
    207900   0.3864020469E+003   0.1359795309E+002
    208000   0.3864009259E+003   0.1359907413E+002
    208100   0.3863997023E+003   0.1360029767E+002
    208200   0.3863985278E+003   0.1360147219E+002
    208300   0.3863979936E+003   0.1360200639E+002
    208400   0.3863976230E+003   0.1360237698E+002
    208500   0.3863972967E+003   0.1360270334E+002
    208600   0.3863973566E+003   0.1360264336E+002
    208700   0.3863977844E+003   0.1360221564E+002
    208800   0.3863975692E+003   0.1360243085E+002
    208900   0.3863973653E+003   0.1360263465E+002
    209000   0.3863961043E+003   0.1360389568E+002
    209100   0.3863950838E+003   0.1360491618E+002
    209200   0.3863938140E+003   0.1360618602E+002
    209300   0.3863924403E+003   0.1360755965E+002
    209400   0.3863911210E+003   0.1360887901E+002
    209500   0.3863896378E+003   0.1361036219E+002
    209600   0.3863890052E+003   0.1361099482E+002
    209700   0.3863888107E+003   0.1361118931E+002
    209800   0.3863891946E+003   0.1361080536E+002
    209900   0.3863900308E+003   0.1360996923E+002
    210000   0.3863918343E+003   0.1360816565E+002
    210100   0.3863928912E+003   0.1360710876E+002
    210200   0.3863926774E+003   0.1360732264E+002
    210300   0.3863913762E+003   0.1360862383E+002
    210400   0.3863897387E+003   0.1361026132E+002
    210500   0.3863889644E+003   0.1361103560E+002
    210600   0.3863881242E+003   0.1361187576E+002
    210700   0.3863870927E+003   0.1361290729E+002
    210800   0.3863865396E+003   0.1361346043E+002
    210900   0.3863862464E+003   0.1361375356E+002
    211000   0.3863859607E+003   0.1361403931E+002
    211100   0.3863862835E+003   0.1361371648E+002
    211200   0.3863866886E+003   0.1361331140E+002
    211300   0.3863863814E+003   0.1361361856E+002
    211400   0.3863869133E+003   0.1361308671E+002
    211500   0.3863887881E+003   0.1361121191E+002
    211600   0.3863903704E+003   0.1360962960E+002
    211700   0.3863920400E+003   0.1360795999E+002
    211800   0.3863943915E+003   0.1360560846E+002
    211900   0.3863962326E+003   0.1360376740E+002
    212000   0.3863984110E+003   0.1360158902E+002
    212100   0.3863993611E+003   0.1360063891E+002
    212200   0.3864001744E+003   0.1359982558E+002
    212300   0.3864006664E+003   0.1359933357E+002
    212400   0.3864013120E+003   0.1359868796E+002
    212500   0.3864023946E+003   0.1359760542E+002
    212600   0.3864039921E+003   0.1359600794E+002
    212700   0.3864053186E+003   0.1359468139E+002
    212800   0.3864068147E+003   0.1359318529E+002
    212900   0.3864074454E+003   0.1359255456E+002
    213000   0.3864090066E+003   0.1359099343E+002
    213100   0.3864102553E+003   0.1358974472E+002
    213200   0.3864119564E+003   0.1358804360E+002
    213300   0.3864136946E+003   0.1358630536E+002
    213400   0.3864172276E+003   0.1358277237E+002
    213500   0.3864222046E+003   0.1357779544E+002
    213600   0.3864261580E+003   0.1357384201E+002
    213700   0.3864289450E+003   0.1357105502E+002
    213800   0.3864321309E+003   0.1356786906E+002
    213900   0.3864346811E+003   0.1356531895E+002
    214000   0.3864361511E+003   0.1356384893E+002
    214100   0.3864380486E+003   0.1356195139E+002
    214200   0.3864388355E+003   0.1356116454E+002
    214300   0.3864404295E+003   0.1355957048E+002
    214400   0.3864419122E+003   0.1355808778E+002
    214500   0.3864438869E+003   0.1355611308E+002
    214600   0.3864454277E+003   0.1355457228E+002
    214700   0.3864470853E+003   0.1355291472E+002
    214800   0.3864492105E+003   0.1355078946E+002
    214900   0.3864522344E+003   0.1354776562E+002
    215000   0.3864542771E+003   0.1354572293E+002
    215100   0.3864569706E+003   0.1354302937E+002
    215200   0.3864608417E+003   0.1353915834E+002
    215300   0.3864647387E+003   0.1353526125E+002
    215400   0.3864686860E+003   0.1353131404E+002
    215500   0.3864708894E+003   0.1352911065E+002
    215600   0.3864726534E+003   0.1352734658E+002
    215700   0.3864736692E+003   0.1352633080E+002
    215800   0.3864749984E+003   0.1352500157E+002
    215900   0.3864767996E+003   0.1352320042E+002
    216000   0.3864792934E+003   0.1352070662E+002
    216100   0.3864812631E+003   0.1351873691E+002
    216200   0.3864825858E+003   0.1351741415E+002
    216300   0.3864840699E+003   0.1351593012E+002
    216400   0.3864849069E+003   0.1351509313E+002
    216500   0.3864860187E+003   0.1351398132E+002
    216600   0.3864872274E+003   0.1351277263E+002
    216700   0.3864885013E+003   0.1351149870E+002
    216800   0.3864899057E+003   0.1351009431E+002
    216900   0.3864915287E+003   0.1350847133E+002
    217000   0.3864930013E+003   0.1350699873E+002
    217100   0.3864942902E+003   0.1350570975E+002
    217200   0.3864955172E+003   0.1350448282E+002
    217300   0.3864968841E+003   0.1350311591E+002
    217400   0.3864968951E+003   0.1350310493E+002
    217500   0.3864965271E+003   0.1350347293E+002
    217600   0.3864962701E+003   0.1350372992E+002
    217700   0.3864958523E+003   0.1350414770E+002
    217800   0.3864954362E+003   0.1350456377E+002
    217900   0.3864958572E+003   0.1350414281E+002
    218000   0.3864953238E+003   0.1350467620E+002
    218100   0.3864940611E+003   0.1350593891E+002
    218200   0.3864926917E+003   0.1350730828E+002
    218300   0.3864912018E+003   0.1350879823E+002
    218400   0.3864899331E+003   0.1351006690E+002
    218500   0.3864896133E+003   0.1351038668E+002
    218600   0.3864898508E+003   0.1351014924E+002
    218700   0.3864903269E+003   0.1350967311E+002
    218800   0.3864907405E+003   0.1350925946E+002
    218900   0.3864918000E+003   0.1350819998E+002
    219000   0.3864933723E+003   0.1350662775E+002
    219100   0.3864947774E+003   0.1350522262E+002
    219200   0.3864965247E+003   0.1350347530E+002
    219300   0.3864989653E+003   0.1350103469E+002
    219400   0.3865004157E+003   0.1349958427E+002
    219500   0.3865016720E+003   0.1349832796E+002
    219600   0.3865028738E+003   0.1349712623E+002
    219700   0.3865042694E+003   0.1349573063E+002
    219800   0.3865056528E+003   0.1349434715E+002
    219900   0.3865065051E+003   0.1349349489E+002
    220000   0.3865076927E+003   0.1349230725E+002
    220100   0.3865102850E+003   0.1348971499E+002
    220200   0.3865118595E+003   0.1348814048E+002
    220300   0.3865135201E+003   0.1348647988E+002
    220400   0.3865162502E+003   0.1348374984E+002
    220500   0.3865185668E+003   0.1348143317E+002
    220600   0.3865205912E+003   0.1347940878E+002
    220700   0.3865219076E+003   0.1347809236E+002
    220800   0.3865223599E+003   0.1347764014E+002
    220900   0.3865229296E+003   0.1347707037E+002
    221000   0.3865230218E+003   0.1347697817E+002
    221100   0.3865232399E+003   0.1347676011E+002
    221200   0.3865242129E+003   0.1347578707E+002
    221300   0.3865260390E+003   0.1347396098E+002
    221400   0.3865278039E+003   0.1347219607E+002
    221500   0.3865290998E+003   0.1347090018E+002
    221600   0.3865300148E+003   0.1346998517E+002
    221700   0.3865304627E+003   0.1346953730E+002
    221800   0.3865309403E+003   0.1346905974E+002
    221900   0.3865310589E+003   0.1346894108E+002
    222000   0.3865321141E+003   0.1346788590E+002
    222100   0.3865333100E+003   0.1346668998E+002
    222200   0.3865344966E+003   0.1346550344E+002
    222300   0.3865358519E+003   0.1346414812E+002
    222400   0.3865375225E+003   0.1346247746E+002
    222500   0.3865387954E+003   0.1346120456E+002
    222600   0.3865401360E+003   0.1345986395E+002
    222700   0.3865411482E+003   0.1345885180E+002
    222800   0.3865424478E+003   0.1345755224E+002
    222900   0.3865432457E+003   0.1345675427E+002
    223000   0.3865436396E+003   0.1345636041E+002
    223100   0.3865438812E+003   0.1345611876E+002
    223200   0.3865441759E+003   0.1345582410E+002
    223300   0.3865445216E+003   0.1345547837E+002
    223400   0.3865442483E+003   0.1345575174E+002
    223500   0.3865438780E+003   0.1345612205E+002
    223600   0.3865434898E+003   0.1345651020E+002
    223700   0.3865428471E+003   0.1345715289E+002
    223800   0.3865419556E+003   0.1345804444E+002
    223900   0.3865418263E+003   0.1345817375E+002
    224000   0.3865423023E+003   0.1345769771E+002
    224100   0.3865425359E+003   0.1345746411E+002
    224200   0.3865443631E+003   0.1345563689E+002
    224300   0.3865460742E+003   0.1345392582E+002
    224400   0.3865482422E+003   0.1345175778E+002
    224500   0.3865504339E+003   0.1344956614E+002
    224600   0.3865535822E+003   0.1344641777E+002
    224700   0.3865552042E+003   0.1344479579E+002
    224800   0.3865565988E+003   0.1344340122E+002
    224900   0.3865579557E+003   0.1344204433E+002
    225000   0.3865585420E+003   0.1344145802E+002
    225100   0.3865590690E+003   0.1344093100E+002
    225200   0.3865594752E+003   0.1344052475E+002
    225300   0.3865598292E+003   0.1344017083E+002
    225400   0.3865602896E+003   0.1343971038E+002
    225500   0.3865607000E+003   0.1343930003E+002
    225600   0.3865611251E+003   0.1343887495E+002
    225700   0.3865602418E+003   0.1343975820E+002
    225800   0.3865586231E+003   0.1344137693E+002
    225900   0.3865576099E+003   0.1344239011E+002
    226000   0.3865567561E+003   0.1344324392E+002
    226100   0.3865564725E+003   0.1344352753E+002
    226200   0.3865565801E+003   0.1344341995E+002
    226300   0.3865570286E+003   0.1344297138E+002
    226400   0.3865577450E+003   0.1344225499E+002
    226500   0.3865601338E+003   0.1343986620E+002
    226600   0.3865623962E+003   0.1343760376E+002
    226700   0.3865633355E+003   0.1343666448E+002
    226800   0.3865640962E+003   0.1343590382E+002
    226900   0.3865648322E+003   0.1343516784E+002
    227000   0.3865652478E+003   0.1343475217E+002
    227100   0.3865656414E+003   0.1343435855E+002
    227200   0.3865653193E+003   0.1343468068E+002
    227300   0.3865647658E+003   0.1343523418E+002
    227400   0.3865636497E+003   0.1343635035E+002
    227500   0.3865627742E+003   0.1343722577E+002
    227600   0.3865607090E+003   0.1343929103E+002
    227700   0.3865597829E+003   0.1344021712E+002
    227800   0.3865594355E+003   0.1344056448E+002
    227900   0.3865583970E+003   0.1344160297E+002
    228000   0.3865572419E+003   0.1344275811E+002
    228100   0.3865561712E+003   0.1344382880E+002
    228200   0.3865550197E+003   0.1344498032E+002
    228300   0.3865537748E+003   0.1344622525E+002
    228400   0.3865521217E+003   0.1344787833E+002
    228500   0.3865507689E+003   0.1344923111E+002
    228600   0.3865503578E+003   0.1344964223E+002
    228700   0.3865489143E+003   0.1345108574E+002
    228800   0.3865472611E+003   0.1345273886E+002
    228900   0.3865451058E+003   0.1345489421E+002
    229000   0.3865433471E+003   0.1345665292E+002
    229100   0.3865413623E+003   0.1345863772E+002
    229200   0.3865386926E+003   0.1346130745E+002
    229300   0.3865355485E+003   0.1346445152E+002
    229400   0.3865336695E+003   0.1346633055E+002
    229500   0.3865294014E+003   0.1347059855E+002
    229600   0.3865265167E+003   0.1347348333E+002
    229700   0.3865235019E+003   0.1347649809E+002
    229800   0.3865187611E+003   0.1348123888E+002
    229900   0.3865158659E+003   0.1348413409E+002
    230000   0.3865107630E+003   0.1348923705E+002
    230100   0.3865074381E+003   0.1349256193E+002
    230200   0.3865042499E+003   0.1349575008E+002
    230300   0.3865014521E+003   0.1349854787E+002
    230400   0.3864985718E+003   0.1350142821E+002
    230500   0.3864955226E+003   0.1350447740E+002
    230600   0.3864930124E+003   0.1350698756E+002
    230700   0.3864913139E+003   0.1350868612E+002
    230800   0.3864893890E+003   0.1351061101E+002
    230900   0.3864873563E+003   0.1351264365E+002
    231000   0.3864852266E+003   0.1351477337E+002
    231100   0.3864820105E+003   0.1351798953E+002
    231200   0.3864792108E+003   0.1352078922E+002
    231300   0.3864779674E+003   0.1352203260E+002
    231400   0.3864769409E+003   0.1352305911E+002
    231500   0.3864766286E+003   0.1352337145E+002
    231600   0.3864762655E+003   0.1352373449E+002
    231700   0.3864759698E+003   0.1352403016E+002
    231800   0.3864752750E+003   0.1352472496E+002
    231900   0.3864743655E+003   0.1352563448E+002
    232000   0.3864742087E+003   0.1352579132E+002
    232100   0.3864748545E+003   0.1352514549E+002
    232200   0.3864749430E+003   0.1352505696E+002
    232300   0.3864773649E+003   0.1352263511E+002
    232400   0.3864802411E+003   0.1351975888E+002
    232500   0.3864825508E+003   0.1351744917E+002
    232600   0.3864853321E+003   0.1351466793E+002
    232700   0.3864879368E+003   0.1351206323E+002
    232800   0.3864922128E+003   0.1350778719E+002
    232900   0.3864976136E+003   0.1350238638E+002
    233000   0.3865015504E+003   0.1349844963E+002
    233100   0.3865069216E+003   0.1349307844E+002
    233200   0.3865105813E+003   0.1348941870E+002
    233300   0.3865181246E+003   0.1348187540E+002
    233400   0.3865240612E+003   0.1347593884E+002
    233500   0.3865305062E+003   0.1346949379E+002
    233600   0.3865374711E+003   0.1346252889E+002
    233700   0.3865410578E+003   0.1345894224E+002
    233800   0.3865469106E+003   0.1345308937E+002
    233900   0.3865494019E+003   0.1345059815E+002
    234000   0.3865523677E+003   0.1344763234E+002
    234100   0.3865558015E+003   0.1344419846E+002
    234200   0.3865595432E+003   0.1344045680E+002
    234300   0.3865624001E+003   0.1343759989E+002
    234400   0.3865659731E+003   0.1343402686E+002
    234500   0.3865701646E+003   0.1342983544E+002
    234600   0.3865744681E+003   0.1342553189E+002
    234700   0.3865785631E+003   0.1342143689E+002
    234800   0.3865829374E+003   0.1341706263E+002
    234900   0.3865869436E+003   0.1341305642E+002
    235000   0.3865905182E+003   0.1340948180E+002
    235100   0.3865931361E+003   0.1340686388E+002
    235200   0.3865988052E+003   0.1340119480E+002
    235300   0.3866043756E+003   0.1339562442E+002
    235400   0.3866090998E+003   0.1339090018E+002
    235500   0.3866139059E+003   0.1338609415E+002
    235600   0.3866200418E+003   0.1337995821E+002
    235700   0.3866276777E+003   0.1337232231E+002
    235800   0.3866320952E+003   0.1336790478E+002
    235900   0.3866364082E+003   0.1336359181E+002
    236000   0.3866418035E+003   0.1335819654E+002
    236100   0.3866511135E+003   0.1334888649E+002
    236200   0.3866572930E+003   0.1334270701E+002
    236300   0.3866636330E+003   0.1333636702E+002
    236400   0.3866707402E+003   0.1332925981E+002
    236500   0.3866777665E+003   0.1332223354E+002
    236600   0.3866849666E+003   0.1331503338E+002
    236700   0.3866901166E+003   0.1330988344E+002
    236800   0.3866956988E+003   0.1330430116E+002
    236900   0.3867017334E+003   0.1329826661E+002
    237000   0.3867063068E+003   0.1329369320E+002
    237100   0.3867114352E+003   0.1328856478E+002
    237200   0.3867196218E+003   0.1328037815E+002
    237300   0.3867314819E+003   0.1326851813E+002
    237400   0.3867400223E+003   0.1325997772E+002
    237500   0.3867488016E+003   0.1325119837E+002
    237600   0.3867571392E+003   0.1324286081E+002
    237700   0.3867648801E+003   0.1323511995E+002
    237800   0.3867723571E+003   0.1322764294E+002
    237900   0.3867803277E+003   0.1321967231E+002
    238000   0.3867858088E+003   0.1321419120E+002
    238100   0.3867895306E+003   0.1321046940E+002
    238200   0.3867948686E+003   0.1320513140E+002
    238300   0.3868005618E+003   0.1319943818E+002
    238400   0.3868035571E+003   0.1319644287E+002
    238500   0.3868087976E+003   0.1319120241E+002
    238600   0.3868137771E+003   0.1318622292E+002
    238700   0.3868192423E+003   0.1318075770E+002
    238800   0.3868239003E+003   0.1317609970E+002
    238900   0.3868294678E+003   0.1317053224E+002
    239000   0.3868324185E+003   0.1316758151E+002
    239100   0.3868350947E+003   0.1316490535E+002
    239200   0.3868386490E+003   0.1316135095E+002
    239300   0.3868420735E+003   0.1315792653E+002
    239400   0.3868463270E+003   0.1315367295E+002
    239500   0.3868506981E+003   0.1314930193E+002
    239600   0.3868552513E+003   0.1314474875E+002
    239700   0.3868600207E+003   0.1313997928E+002
    239800   0.3868657023E+003   0.1313429765E+002
    239900   0.3868713043E+003   0.1312869574E+002
    240000   0.3868764234E+003   0.1312357659E+002
    240100   0.3868837598E+003   0.1311624016E+002
    240200   0.3868897068E+003   0.1311029321E+002
    240300   0.3868950593E+003   0.1310494073E+002
    240400   0.3868988278E+003   0.1310117221E+002
    240500   0.3869027208E+003   0.1309727925E+002
    240600   0.3869060958E+003   0.1309390424E+002
    240700   0.3869097215E+003   0.1309027845E+002
    240800   0.3869117181E+003   0.1308828187E+002
    240900   0.3869134200E+003   0.1308657998E+002
    241000   0.3869158449E+003   0.1308415507E+002
    241100   0.3869178243E+003   0.1308217570E+002
    241200   0.3869188824E+003   0.1308111758E+002
    241300   0.3869189881E+003   0.1308101186E+002
    241400   0.3869193384E+003   0.1308066159E+002
    241500   0.3869202136E+003   0.1307978636E+002
    241600   0.3869211534E+003   0.1307884655E+002
    241700   0.3869229233E+003   0.1307707672E+002
    241800   0.3869266535E+003   0.1307334654E+002
    241900   0.3869295518E+003   0.1307044822E+002
    242000   0.3869322558E+003   0.1306774420E+002
    242100   0.3869341835E+003   0.1306581649E+002
    242200   0.3869365580E+003   0.1306344200E+002
    242300   0.3869392705E+003   0.1306072947E+002
    242400   0.3869419497E+003   0.1305805035E+002
    242500   0.3869443092E+003   0.1305569083E+002
    242600   0.3869460719E+003   0.1305392808E+002
    242700   0.3869477925E+003   0.1305220752E+002
    242800   0.3869491497E+003   0.1305085033E+002
    242900   0.3869508730E+003   0.1304912702E+002
    243000   0.3869524847E+003   0.1304751532E+002
    243100   0.3869541327E+003   0.1304586726E+002
    243200   0.3869550132E+003   0.1304498684E+002
    243300   0.3869557287E+003   0.1304427132E+002
    243400   0.3869566202E+003   0.1304337977E+002
    243500   0.3869567926E+003   0.1304320738E+002
    243600   0.3869565633E+003   0.1304343674E+002
    243700   0.3869560797E+003   0.1304392035E+002
    243800   0.3869556073E+003   0.1304439273E+002
    243900   0.3869549560E+003   0.1304504398E+002
    244000   0.3869538755E+003   0.1304612448E+002
    244100   0.3869533027E+003   0.1304669728E+002
    244200   0.3869528520E+003   0.1304714796E+002
    244300   0.3869530666E+003   0.1304693345E+002
    244400   0.3869531413E+003   0.1304685870E+002
    244500   0.3869528614E+003   0.1304713858E+002
    244600   0.3869520838E+003   0.1304791621E+002
    244700   0.3869509198E+003   0.1304908022E+002
    244800   0.3869501097E+003   0.1304989032E+002
    244900   0.3869494983E+003   0.1305050170E+002
    245000   0.3869487351E+003   0.1305126494E+002
    245100   0.3869481826E+003   0.1305181736E+002
    245200   0.3869475634E+003   0.1305243660E+002
    245300   0.3869469434E+003   0.1305305662E+002
    245400   0.3869462936E+003   0.1305370641E+002
    245500   0.3869460842E+003   0.1305391575E+002
    245600   0.3869461616E+003   0.1305383845E+002
    245700   0.3869462307E+003   0.1305376930E+002
    245800   0.3869463182E+003   0.1305368182E+002
    245900   0.3869463998E+003   0.1305360018E+002
    246000   0.3869460197E+003   0.1305398028E+002
    246100   0.3869455803E+003   0.1305441967E+002
    246200   0.3869464809E+003   0.1305351913E+002
    246300   0.3869471880E+003   0.1305281198E+002
    246400   0.3869480314E+003   0.1305196858E+002
    246500   0.3869487210E+003   0.1305127901E+002
    246600   0.3869492468E+003   0.1305075319E+002
    246700   0.3869499474E+003   0.1305005260E+002
    246800   0.3869509297E+003   0.1304907034E+002
    246900   0.3869529357E+003   0.1304706429E+002
    247000   0.3869544386E+003   0.1304556141E+002
    247100   0.3869554191E+003   0.1304458091E+002
    247200   0.3869568562E+003   0.1304314385E+002
    247300   0.3869589209E+003   0.1304107914E+002
    247400   0.3869608461E+003   0.1303915393E+002
    247500   0.3869620646E+003   0.1303793540E+002
    247600   0.3869627963E+003   0.1303720367E+002
    247700   0.3869634079E+003   0.1303659210E+002
    247800   0.3869649652E+003   0.1303503481E+002
    247900   0.3869665185E+003   0.1303348152E+002
    248000   0.3869681148E+003   0.1303188523E+002
    248100   0.3869688571E+003   0.1303114289E+002
    248200   0.3869689258E+003   0.1303107424E+002
    248300   0.3869690005E+003   0.1303099953E+002
    248400   0.3869690565E+003   0.1303094348E+002
    248500   0.3869683614E+003   0.1303163856E+002
    248600   0.3869679825E+003   0.1303201745E+002
    248700   0.3869675065E+003   0.1303249348E+002
    248800   0.3869667123E+003   0.1303328770E+002
    248900   0.3869661627E+003   0.1303383734E+002
    249000   0.3869650640E+003   0.1303493596E+002
    249100   0.3869636082E+003   0.1303639183E+002
    249200   0.3869617457E+003   0.1303825429E+002
    249300   0.3869604411E+003   0.1303955893E+002
    249400   0.3869582194E+003   0.1304178062E+002
    249500   0.3869554551E+003   0.1304454490E+002
    249600   0.3869533208E+003   0.1304667916E+002
    249700   0.3869514408E+003   0.1304855920E+002
    249800   0.3869498908E+003   0.1305010917E+002
    249900   0.3869481806E+003   0.1305181942E+002
    250000   0.3869456835E+003   0.1305431651E+002
    250100   0.3869426758E+003   0.1305732421E+002
    250200   0.3869405920E+003   0.1305940797E+002
    250300   0.3869361138E+003   0.1306388615E+002
    250400   0.3869324671E+003   0.1306753292E+002
    250500   0.3869290874E+003   0.1307091256E+002
    250600   0.3869256637E+003   0.1307433627E+002
    250700   0.3869233877E+003   0.1307661225E+002
    250800   0.3869205611E+003   0.1307943891E+002
    250900   0.3869189130E+003   0.1308108702E+002
    251000   0.3869165720E+003   0.1308342805E+002
    251100   0.3869138165E+003   0.1308618348E+002
    251200   0.3869110162E+003   0.1308898379E+002
    251300   0.3869070048E+003   0.1309299520E+002
    251400   0.3869027290E+003   0.1309727096E+002
    251500   0.3868978396E+003   0.1310216042E+002
    251600   0.3868951740E+003   0.1310482603E+002
    251700   0.3868925091E+003   0.1310749093E+002
    251800   0.3868900526E+003   0.1310994743E+002
    251900   0.3868875156E+003   0.1311248440E+002
    252000   0.3868836146E+003   0.1311638535E+002
    252100   0.3868802995E+003   0.1311970054E+002
    252200   0.3868777450E+003   0.1312225503E+002
    252300   0.3868743844E+003   0.1312561564E+002
    252400   0.3868709514E+003   0.1312904864E+002
    252500   0.3868675371E+003   0.1313246290E+002
    252600   0.3868636900E+003   0.1313630999E+002
    252700   0.3868615030E+003   0.1313849696E+002
    252800   0.3868582727E+003   0.1314172728E+002
    252900   0.3868550576E+003   0.1314494244E+002
    253000   0.3868516276E+003   0.1314837241E+002
    253100   0.3868484443E+003   0.1315155573E+002
    253200   0.3868461973E+003   0.1315380269E+002
    253300   0.3868435276E+003   0.1315647239E+002
    253400   0.3868414885E+003   0.1315851146E+002
    253500   0.3868382441E+003   0.1316175594E+002
    253600   0.3868351046E+003   0.1316489537E+002
    253700   0.3868312935E+003   0.1316870649E+002
    253800   0.3868269696E+003   0.1317303040E+002
    253900   0.3868201099E+003   0.1317989010E+002
    254000   0.3868167434E+003   0.1318325657E+002
    254100   0.3868134964E+003   0.1318650362E+002
    254200   0.3868111181E+003   0.1318888193E+002
    254300   0.3868071865E+003   0.1319281345E+002
    254400   0.3868048687E+003   0.1319513134E+002
    254500   0.3868004203E+003   0.1319957974E+002
    254600   0.3867964240E+003   0.1320357597E+002
    254700   0.3867924848E+003   0.1320751524E+002
    254800   0.3867888823E+003   0.1321111772E+002
    254900   0.3867853449E+003   0.1321465508E+002
    255000   0.3867814908E+003   0.1321850921E+002
    255100   0.3867768472E+003   0.1322315278E+002
    255200   0.3867711339E+003   0.1322886610E+002
    255300   0.3867673119E+003   0.1323268806E+002
    255400   0.3867631327E+003   0.1323686729E+002
    255500   0.3867597162E+003   0.1324028385E+002
    255600   0.3867556842E+003   0.1324431583E+002
    255700   0.3867512404E+003   0.1324875963E+002
    255800   0.3867473222E+003   0.1325267784E+002
    255900   0.3867430847E+003   0.1325691527E+002
    256000   0.3867399436E+003   0.1326005635E+002
    256100   0.3867370031E+003   0.1326299691E+002
    256200   0.3867354710E+003   0.1326452902E+002
    256300   0.3867318350E+003   0.1326816500E+002
    256400   0.3867286878E+003   0.1327131217E+002
    256500   0.3867256011E+003   0.1327439888E+002
    256600   0.3867230436E+003   0.1327695640E+002
    256700   0.3867206896E+003   0.1327931038E+002
    256800   0.3867184522E+003   0.1328154778E+002
    256900   0.3867158113E+003   0.1328418867E+002
    257000   0.3867133482E+003   0.1328665183E+002
    257100   0.3867103671E+003   0.1328963291E+002
    257200   0.3867073826E+003   0.1329261741E+002
    257300   0.3867044375E+003   0.1329556252E+002
    257400   0.3867016580E+003   0.1329834195E+002
    257500   0.3866993929E+003   0.1330060711E+002
    257600   0.3866974317E+003   0.1330256829E+002
    257700   0.3866957163E+003   0.1330428367E+002
    257800   0.3866929335E+003   0.1330706647E+002
    257900   0.3866903645E+003   0.1330963552E+002
    258000   0.3866878577E+003   0.1331214229E+002
    258100   0.3866856450E+003   0.1331435495E+002
    258200   0.3866829090E+003   0.1331709097E+002
    258300   0.3866792483E+003   0.1332075166E+002
    258400   0.3866769874E+003   0.1332301255E+002
    258500   0.3866750004E+003   0.1332499961E+002
    258600   0.3866727744E+003   0.1332722555E+002
    258700   0.3866693991E+003   0.1333060087E+002
    258800   0.3866667456E+003   0.1333325435E+002
    258900   0.3866649352E+003   0.1333506476E+002
    259000   0.3866637729E+003   0.1333622713E+002
    259100   0.3866627307E+003   0.1333726933E+002
    259200   0.3866611766E+003   0.1333882340E+002
    259300   0.3866597910E+003   0.1334020897E+002
    259400   0.3866590033E+003   0.1334099670E+002
    259500   0.3866575234E+003   0.1334247663E+002
    259600   0.3866557676E+003   0.1334423238E+002
    259700   0.3866551201E+003   0.1334487993E+002
    259800   0.3866552560E+003   0.1334474401E+002
    259900   0.3866558960E+003   0.1334410396E+002
    260000   0.3866562933E+003   0.1334370673E+002
    260100   0.3866570826E+003   0.1334291736E+002
    260200   0.3866576675E+003   0.1334233249E+002
    260300   0.3866574102E+003   0.1334258978E+002
    260400   0.3866569914E+003   0.1334300865E+002
    260500   0.3866566455E+003   0.1334335453E+002
    260600   0.3866562668E+003   0.1334373320E+002
    260700   0.3866560326E+003   0.1334396737E+002
    260800   0.3866559942E+003   0.1334400577E+002
    260900   0.3866556774E+003   0.1334432261E+002
    261000   0.3866553364E+003   0.1334466357E+002
    261100   0.3866545240E+003   0.1334547596E+002
    261200   0.3866536492E+003   0.1334635076E+002
    261300   0.3866529194E+003   0.1334708057E+002
    261400   0.3866523587E+003   0.1334764129E+002
    261500   0.3866517786E+003   0.1334822138E+002
    261600   0.3866514037E+003   0.1334859632E+002
    261700   0.3866510877E+003   0.1334891227E+002
    261800   0.3866507400E+003   0.1334926003E+002
    261900   0.3866502925E+003   0.1334970747E+002
    262000   0.3866501005E+003   0.1334989946E+002
    262100   0.3866504059E+003   0.1334959407E+002
    262200   0.3866506632E+003   0.1334933680E+002
    262300   0.3866514354E+003   0.1334856460E+002
    262400   0.3866523826E+003   0.1334761741E+002
    262500   0.3866534180E+003   0.1334658204E+002
    262600   0.3866543454E+003   0.1334565459E+002
    262700   0.3866552269E+003   0.1334477307E+002
    262800   0.3866559996E+003   0.1334400040E+002
    262900   0.3866575089E+003   0.1334249113E+002
    263000   0.3866593803E+003   0.1334061971E+002
    263100   0.3866611556E+003   0.1333884445E+002
    263200   0.3866629145E+003   0.1333708551E+002
    263300   0.3866643794E+003   0.1333562060E+002
    263400   0.3866661062E+003   0.1333389384E+002
    263500   0.3866695765E+003   0.1333042347E+002
    263600   0.3866736543E+003   0.1332634575E+002
    263700   0.3866770698E+003   0.1332293017E+002
    263800   0.3866804012E+003   0.1331959876E+002
    263900   0.3866833416E+003   0.1331665841E+002
    264000   0.3866855532E+003   0.1331444676E+002
    264100   0.3866873653E+003   0.1331263473E+002
    264200   0.3866889972E+003   0.1331100282E+002
    264300   0.3866909118E+003   0.1330908823E+002
    264400   0.3866938603E+003   0.1330613971E+002
    264500   0.3866961580E+003   0.1330384195E+002
    264600   0.3866985228E+003   0.1330147723E+002
    264700   0.3867000956E+003   0.1329990438E+002
    264800   0.3867018265E+003   0.1329817348E+002
    264900   0.3867023006E+003   0.1329769941E+002
    265000   0.3867025434E+003   0.1329745662E+002
    265100   0.3867033575E+003   0.1329664246E+002
    265200   0.3867037553E+003   0.1329624471E+002
    265300   0.3867039674E+003   0.1329603262E+002
    265400   0.3867034656E+003   0.1329653435E+002
    265500   0.3867024147E+003   0.1329758528E+002
    265600   0.3867014375E+003   0.1329856252E+002
    265700   0.3867007404E+003   0.1329925958E+002
    265800   0.3867002876E+003   0.1329971236E+002
    265900   0.3866999219E+003   0.1330007806E+002
    266000   0.3866995974E+003   0.1330040261E+002
    266100   0.3866993748E+003   0.1330062519E+002
    266200   0.3867002945E+003   0.1329970547E+002
    266300   0.3867013071E+003   0.1329869295E+002
    266400   0.3867026399E+003   0.1329736008E+002
    266500   0.3867040683E+003   0.1329593172E+002
    266600   0.3867061226E+003   0.1329387742E+002
    266700   0.3867076115E+003   0.1329238848E+002
    266800   0.3867098498E+003   0.1329015017E+002
    266900   0.3867115209E+003   0.1328847915E+002
    267000   0.3867126591E+003   0.1328734089E+002
    267100   0.3867139345E+003   0.1328606548E+002
    267200   0.3867142789E+003   0.1328572106E+002
    267300   0.3867154984E+003   0.1328450162E+002
    267400   0.3867171443E+003   0.1328285568E+002
    267500   0.3867182872E+003   0.1328171276E+002
    267600   0.3867192870E+003   0.1328071297E+002
    267700   0.3867201670E+003   0.1327983303E+002
    267800   0.3867210197E+003   0.1327898034E+002
    267900   0.3867220124E+003   0.1327798758E+002
    268000   0.3867238489E+003   0.1327615109E+002
    268100   0.3867258569E+003   0.1327414310E+002
    268200   0.3867278197E+003   0.1327218028E+002
    268300   0.3867306855E+003   0.1326931448E+002
    268400   0.3867323440E+003   0.1326765599E+002
    268500   0.3867344067E+003   0.1326559331E+002
    268600   0.3867372375E+003   0.1326276247E+002
    268700   0.3867399565E+003   0.1326004351E+002
    268800   0.3867420207E+003   0.1325797930E+002
    268900   0.3867437721E+003   0.1325622794E+002
    269000   0.3867446259E+003   0.1325537407E+002
    269100   0.3867448310E+003   0.1325516902E+002
    269200   0.3867450355E+003   0.1325496451E+002
    269300   0.3867452318E+003   0.1325476817E+002
    269400   0.3867453962E+003   0.1325460377E+002
    269500   0.3867458861E+003   0.1325411387E+002
    269600   0.3867468940E+003   0.1325310595E+002
    269700   0.3867476807E+003   0.1325231930E+002
    269800   0.3867489314E+003   0.1325106863E+002
    269900   0.3867504795E+003   0.1324952053E+002
    270000   0.3867518610E+003   0.1324813898E+002
    270100   0.3867529210E+003   0.1324707904E+002
    270200   0.3867533221E+003   0.1324667791E+002
    270300   0.3867541547E+003   0.1324584525E+002
    270400   0.3867546009E+003   0.1324539908E+002
    270500   0.3867549117E+003   0.1324508831E+002
    270600   0.3867550876E+003   0.1324491241E+002
    270700   0.3867556676E+003   0.1324433239E+002
    270800   0.3867559104E+003   0.1324408957E+002
    270900   0.3867561152E+003   0.1324388480E+002
    271000   0.3867564547E+003   0.1324354532E+002
    271100   0.3867568962E+003   0.1324310379E+002
    271200   0.3867570822E+003   0.1324291777E+002
    271300   0.3867576384E+003   0.1324236165E+002
    271400   0.3867587772E+003   0.1324122275E+002
    271500   0.3867594770E+003   0.1324052299E+002
    271600   0.3867607539E+003   0.1323924608E+002
    271700   0.3867625543E+003   0.1323744569E+002
    271800   0.3867642807E+003   0.1323571926E+002
    271900   0.3867656786E+003   0.1323432136E+002
    272000   0.3867670943E+003   0.1323290573E+002
    272100   0.3867689746E+003   0.1323102541E+002
    272200   0.3867701883E+003   0.1322981169E+002
    272300   0.3867715998E+003   0.1322840024E+002
    272400   0.3867737881E+003   0.1322621194E+002
    272500   0.3867771192E+003   0.1322288083E+002
    272600   0.3867807340E+003   0.1321926602E+002
    272700   0.3867847811E+003   0.1321521889E+002
    272800   0.3867887525E+003   0.1321124751E+002
    272900   0.3867933143E+003   0.1320668566E+002
    273000   0.3867966594E+003   0.1320334060E+002
    273100   0.3868013635E+003   0.1319863650E+002
    273200   0.3868044799E+003   0.1319552013E+002
    273300   0.3868075129E+003   0.1319248705E+002
    273400   0.3868100967E+003   0.1318990329E+002
    273500   0.3868147241E+003   0.1318527592E+002
    273600   0.3868180695E+003   0.1318193047E+002
    273700   0.3868224353E+003   0.1317756467E+002
    273800   0.3868253933E+003   0.1317460668E+002
    273900   0.3868295272E+003   0.1317047276E+002
    274000   0.3868342817E+003   0.1316571829E+002
    274100   0.3868383389E+003   0.1316166107E+002
    274200   0.3868422547E+003   0.1315774528E+002
    274300   0.3868454309E+003   0.1315456911E+002
    274400   0.3868490374E+003   0.1315096263E+002
    274500   0.3868549212E+003   0.1314507876E+002
    274600   0.3868606059E+003   0.1313939411E+002
    274700   0.3868649039E+003   0.1313509613E+002
    274800   0.3868705988E+003   0.1312940119E+002
    274900   0.3868772422E+003   0.1312275775E+002
    275000   0.3868842174E+003   0.1311578261E+002
    275100   0.3868897651E+003   0.1311023489E+002
    275200   0.3868971611E+003   0.1310283889E+002
    275300   0.3869032087E+003   0.1309679134E+002
    275400   0.3869083453E+003   0.1309165468E+002
    275500   0.3869107457E+003   0.1308925435E+002
    275600   0.3869132494E+003   0.1308675062E+002
    275700   0.3869165343E+003   0.1308346572E+002
    275800   0.3869197343E+003   0.1308026568E+002
    275900   0.3869234372E+003   0.1307656277E+002
    276000   0.3869308452E+003   0.1306915484E+002
    276100   0.3869366344E+003   0.1306336564E+002
    276200   0.3869421957E+003   0.1305780427E+002
    276300   0.3869459525E+003   0.1305404748E+002
    276400   0.3869486688E+003   0.1305133122E+002
    276500   0.3869509486E+003   0.1304905142E+002
    276600   0.3869529609E+003   0.1304703906E+002
    276700   0.3869547554E+003   0.1304524459E+002
    276800   0.3869564229E+003   0.1304357708E+002
    276900   0.3869584454E+003   0.1304155462E+002
    277000   0.3869601959E+003   0.1303980414E+002
    277100   0.3869626680E+003   0.1303733199E+002
    277200   0.3869653261E+003   0.1303467386E+002
    277300   0.3869679594E+003   0.1303204062E+002
    277400   0.3869715302E+003   0.1302846982E+002
    277500   0.3869769358E+003   0.1302306421E+002
    277600   0.3869812220E+003   0.1301877801E+002
    277700   0.3869856612E+003   0.1301433878E+002
    277800   0.3869897870E+003   0.1301021297E+002
    277900   0.3869944245E+003   0.1300557552E+002
    278000   0.3869983059E+003   0.1300169411E+002
    278100   0.3870035814E+003   0.1299641860E+002
    278200   0.3870087656E+003   0.1299123440E+002
    278300   0.3870165046E+003   0.1298349536E+002
    278400   0.3870239776E+003   0.1297602242E+002
    278500   0.3870301329E+003   0.1296986705E+002
    278600   0.3870356489E+003   0.1296435110E+002
    278700   0.3870395298E+003   0.1296047020E+002
    278800   0.3870433700E+003   0.1295663003E+002
    278900   0.3870470046E+003   0.1295299542E+002
    279000   0.3870503309E+003   0.1294966907E+002
    279100   0.3870534445E+003   0.1294655554E+002
    279200   0.3870551287E+003   0.1294487127E+002
    279300   0.3870563883E+003   0.1294361172E+002
    279400   0.3870588169E+003   0.1294118310E+002
    279500   0.3870602383E+003   0.1293976173E+002
    279600   0.3870622003E+003   0.1293779965E+002
    279700   0.3870663119E+003   0.1293368815E+002
    279800   0.3870712931E+003   0.1292870693E+002
    279900   0.3870750420E+003   0.1292495798E+002
    280000   0.3870793064E+003   0.1292069361E+002
    280100   0.3870824208E+003   0.1291757917E+002
    280200   0.3870859002E+003   0.1291409980E+002
    280300   0.3870886282E+003   0.1291137178E+002
    280400   0.3870905036E+003   0.1290949636E+002
    280500   0.3870914518E+003   0.1290854818E+002
    280600   0.3870935004E+003   0.1290649958E+002
    280700   0.3870952361E+003   0.1290476392E+002
    280800   0.3870975795E+003   0.1290242055E+002
    280900   0.3870987601E+003   0.1290123988E+002
    281000   0.3871005760E+003   0.1289942400E+002
    281100   0.3871024642E+003   0.1289753580E+002
    281200   0.3871043070E+003   0.1289569303E+002
    281300   0.3871061875E+003   0.1289381249E+002
    281400   0.3871084194E+003   0.1289158059E+002
    281500   0.3871112694E+003   0.1288873060E+002
    281600   0.3871141648E+003   0.1288583522E+002
    281700   0.3871163603E+003   0.1288363973E+002
    281800   0.3871176252E+003   0.1288237481E+002
    281900   0.3871195485E+003   0.1288045155E+002
    282000   0.3871216457E+003   0.1287835431E+002
    282100   0.3871234206E+003   0.1287657940E+002
    282200   0.3871245057E+003   0.1287549429E+002
    282300   0.3871254210E+003   0.1287457901E+002
    282400   0.3871267197E+003   0.1287328026E+002
    282500   0.3871279421E+003   0.1287205793E+002
    282600   0.3871300854E+003   0.1286991464E+002
    282700   0.3871325168E+003   0.1286748322E+002
    282800   0.3871352619E+003   0.1286473806E+002
    282900   0.3871373067E+003   0.1286269329E+002
    283000   0.3871389962E+003   0.1286100377E+002
    283100   0.3871396689E+003   0.1286033110E+002
    283200   0.3871392382E+003   0.1286076183E+002
    283300   0.3871383642E+003   0.1286163580E+002
    283400   0.3871371082E+003   0.1286289180E+002
    283500   0.3871364047E+003   0.1286359534E+002
    283600   0.3871355405E+003   0.1286445952E+002
    283700   0.3871346475E+003   0.1286535254E+002
    283800   0.3871336506E+003   0.1286634942E+002
    283900   0.3871326042E+003   0.1286739579E+002
    284000   0.3871315147E+003   0.1286848535E+002
    284100   0.3871313759E+003   0.1286862405E+002
    284200   0.3871319436E+003   0.1286805635E+002
    284300   0.3871323139E+003   0.1286768608E+002
    284400   0.3871328714E+003   0.1286712860E+002
    284500   0.3871329517E+003   0.1286704829E+002
    284600   0.3871328122E+003   0.1286718777E+002
    284700   0.3871327920E+003   0.1286720803E+002
    284800   0.3871332741E+003   0.1286672592E+002
    284900   0.3871338506E+003   0.1286614941E+002
    285000   0.3871343637E+003   0.1286563632E+002
    285100   0.3871353613E+003   0.1286463869E+002
    285200   0.3871364491E+003   0.1286355087E+002
    285300   0.3871375705E+003   0.1286242949E+002
    285400   0.3871388691E+003   0.1286113095E+002
    285500   0.3871408119E+003   0.1285918810E+002
    285600   0.3871430677E+003   0.1285693226E+002
    285700   0.3871445605E+003   0.1285543947E+002
    285800   0.3871458904E+003   0.1285410955E+002
    285900   0.3871465362E+003   0.1285346381E+002
    286000   0.3871476852E+003   0.1285231483E+002
    286100   0.3871487845E+003   0.1285121545E+002
    286200   0.3871493723E+003   0.1285062770E+002
    286300   0.3871493335E+003   0.1285066655E+002
    286400   0.3871487513E+003   0.1285124867E+002
    286500   0.3871477105E+003   0.1285228952E+002
    286600   0.3871471261E+003   0.1285287389E+002
    286700   0.3871463484E+003   0.1285365157E+002
    286800   0.3871462900E+003   0.1285370999E+002
    286900   0.3871461132E+003   0.1285388681E+002
    287000   0.3871463348E+003   0.1285366519E+002
    287100   0.3871467444E+003   0.1285325560E+002
    287200   0.3871477170E+003   0.1285228305E+002
    287300   0.3871482178E+003   0.1285178217E+002
    287400   0.3871487971E+003   0.1285120295E+002
    287500   0.3871492524E+003   0.1285074762E+002
    287600   0.3871495524E+003   0.1285044763E+002
    287700   0.3871495063E+003   0.1285049367E+002
    287800   0.3871496913E+003   0.1285030871E+002
    287900   0.3871501909E+003   0.1284980912E+002
    288000   0.3871506044E+003   0.1284939561E+002
    288100   0.3871505433E+003   0.1284945673E+002
    288200   0.3871509568E+003   0.1284904320E+002
    288300   0.3871514741E+003   0.1284852587E+002
    288400   0.3871518027E+003   0.1284819733E+002
    288500   0.3871519884E+003   0.1284801161E+002
    288600   0.3871517235E+003   0.1284827649E+002
    288700   0.3871512169E+003   0.1284878314E+002
    288800   0.3871510180E+003   0.1284898199E+002
    288900   0.3871510086E+003   0.1284899139E+002
    289000   0.3871509522E+003   0.1284904780E+002
    289100   0.3871509317E+003   0.1284906830E+002
    289200   0.3871508813E+003   0.1284911865E+002
    289300   0.3871508670E+003   0.1284913298E+002
    289400   0.3871510121E+003   0.1284898791E+002
    289500   0.3871515198E+003   0.1284848024E+002
    289600   0.3871519322E+003   0.1284806783E+002
    289700   0.3871523913E+003   0.1284760874E+002
    289800   0.3871524355E+003   0.1284756453E+002
    289900   0.3871524090E+003   0.1284759100E+002
    290000   0.3871527254E+003   0.1284727460E+002
    290100   0.3871530385E+003   0.1284696150E+002
    290200   0.3871533949E+003   0.1284660515E+002
    290300   0.3871533697E+003   0.1284663030E+002
    290400   0.3871537481E+003   0.1284625187E+002
    290500   0.3871536779E+003   0.1284632207E+002
    290600   0.3871534870E+003   0.1284651302E+002
    290700   0.3871534571E+003   0.1284654286E+002
    290800   0.3871533912E+003   0.1284660882E+002
    290900   0.3871532317E+003   0.1284676828E+002
    291000   0.3871527672E+003   0.1284723277E+002
    291100   0.3871522398E+003   0.1284776023E+002
    291200   0.3871523528E+003   0.1284764721E+002
    291300   0.3871530006E+003   0.1284699943E+002
    291400   0.3871548536E+003   0.1284514643E+002
    291500   0.3871567061E+003   0.1284329392E+002
    291600   0.3871583393E+003   0.1284166066E+002
    291700   0.3871596802E+003   0.1284031983E+002
    291800   0.3871604349E+003   0.1283956512E+002
    291900   0.3871608109E+003   0.1283918915E+002
    292000   0.3871610565E+003   0.1283894351E+002
    292100   0.3871608619E+003   0.1283913806E+002
    292200   0.3871601344E+003   0.1283986562E+002
    292300   0.3871597564E+003   0.1284024358E+002
    292400   0.3871599728E+003   0.1284002725E+002
    292500   0.3871604959E+003   0.1283950409E+002
    292600   0.3871608357E+003   0.1283916430E+002
    292700   0.3871612707E+003   0.1283872931E+002
    292800   0.3871622423E+003   0.1283775768E+002
    292900   0.3871627373E+003   0.1283726274E+002
    293000   0.3871633542E+003   0.1283664581E+002
    293100   0.3871633971E+003   0.1283660289E+002
    293200   0.3871633535E+003   0.1283664645E+002
    293300   0.3871632878E+003   0.1283671222E+002
    293400   0.3871637992E+003   0.1283620084E+002
    293500   0.3871647104E+003   0.1283528962E+002
    293600   0.3871652712E+003   0.1283472880E+002
    293700   0.3871657129E+003   0.1283428709E+002
    293800   0.3871658094E+003   0.1283419064E+002
    293900   0.3871660953E+003   0.1283390468E+002
    294000   0.3871666211E+003   0.1283337894E+002
    294100   0.3871669950E+003   0.1283300503E+002
    294200   0.3871674881E+003   0.1283251195E+002
    294300   0.3871675725E+003   0.1283242747E+002
    294400   0.3871675273E+003   0.1283247266E+002
    294500   0.3871674617E+003   0.1283253833E+002
    294600   0.3871687047E+003   0.1283129534E+002
    294700   0.3871701671E+003   0.1282983286E+002
    294800   0.3871721252E+003   0.1282787478E+002
    294900   0.3871740228E+003   0.1282597722E+002
    295000   0.3871744422E+003   0.1282555780E+002
    295100   0.3871749546E+003   0.1282504543E+002
    295200   0.3871756607E+003   0.1282433931E+002
    295300   0.3871770011E+003   0.1282299889E+002
    295400   0.3871780227E+003   0.1282197735E+002
    295500   0.3871796231E+003   0.1282037694E+002
    295600   0.3871814395E+003   0.1281856053E+002
    295700   0.3871828333E+003   0.1281716671E+002
    295800   0.3871854520E+003   0.1281454798E+002
    295900   0.3871881701E+003   0.1281182992E+002
    296000   0.3871899605E+003   0.1281003946E+002
    296100   0.3871929162E+003   0.1280708383E+002
    296200   0.3871945282E+003   0.1280547184E+002
    296300   0.3871969947E+003   0.1280300533E+002
    296400   0.3871986582E+003   0.1280134175E+002
    296500   0.3872014859E+003   0.1279851409E+002
    296600   0.3872062584E+003   0.1279374156E+002
    296700   0.3872118545E+003   0.1278814545E+002
    296800   0.3872192242E+003   0.1278077579E+002
    296900   0.3872251289E+003   0.1277487115E+002
    297000   0.3872305644E+003   0.1276943559E+002
    297100   0.3872344605E+003   0.1276553950E+002
    297200   0.3872377946E+003   0.1276220545E+002
    297300   0.3872405765E+003   0.1275942346E+002
    297400   0.3872419273E+003   0.1275807271E+002
    297500   0.3872427310E+003   0.1275726900E+002
    297600   0.3872433457E+003   0.1275665430E+002
    297700   0.3872435295E+003   0.1275647048E+002
    297800   0.3872429866E+003   0.1275701339E+002
    297900   0.3872426964E+003   0.1275730359E+002
    298000   0.3872429258E+003   0.1275707418E+002
    298100   0.3872434839E+003   0.1275651613E+002
    298200   0.3872439070E+003   0.1275609300E+002
    298300   0.3872442256E+003   0.1275577438E+002
    298400   0.3872443800E+003   0.1275561997E+002
    298500   0.3872444268E+003   0.1275557317E+002
    298600   0.3872438024E+003   0.1275619756E+002
    298700   0.3872434722E+003   0.1275652775E+002
    298800   0.3872433289E+003   0.1275667106E+002
    298900   0.3872432570E+003   0.1275674301E+002
    299000   0.3872431804E+003   0.1275681960E+002
    299100   0.3872434985E+003   0.1275650149E+002
    299200   0.3872441466E+003   0.1275585341E+002
    299300   0.3872447856E+003   0.1275521435E+002
    299400   0.3872451842E+003   0.1275481578E+002
    299500   0.3872458803E+003   0.1275411970E+002
    299600   0.3872465474E+003   0.1275345260E+002
    299700   0.3872464819E+003   0.1275351813E+002
    299800   0.3872462058E+003   0.1275379416E+002
    299900   0.3872463293E+003   0.1275367071E+002
    300000   0.3872474545E+003   0.1275254545E+002
    300100   0.3872484741E+003   0.1275152593E+002
    300200   0.3872501374E+003   0.1274986255E+002
    300300   0.3872516487E+003   0.1274835131E+002
    300400   0.3872523356E+003   0.1274766442E+002
    300500   0.3872535550E+003   0.1274644498E+002
    300600   0.3872551101E+003   0.1274488985E+002
    300700   0.3872567611E+003   0.1274323888E+002
    300800   0.3872598646E+003   0.1274013538E+002
    300900   0.3872640285E+003   0.1273597153E+002
    301000   0.3872671987E+003   0.1273280126E+002
    301100   0.3872707083E+003   0.1272929170E+002
    301200   0.3872758834E+003   0.1272411658E+002
    301300   0.3872784144E+003   0.1272158564E+002
    301400   0.3872816326E+003   0.1271836743E+002
    301500   0.3872842329E+003   0.1271576706E+002
    301600   0.3872878430E+003   0.1271215697E+002
    301700   0.3872920041E+003   0.1270799591E+002
    301800   0.3872957840E+003   0.1270421598E+002
    301900   0.3872998950E+003   0.1270010498E+002
    302000   0.3873017015E+003   0.1269829849E+002
    302100   0.3873034403E+003   0.1269655972E+002
    302200   0.3873047760E+003   0.1269522395E+002
    302300   0.3873063251E+003   0.1269367494E+002
    302400   0.3873076468E+003   0.1269235320E+002
    302500   0.3873092129E+003   0.1269078713E+002
    302600   0.3873104454E+003   0.1268955457E+002
    302700   0.3873115183E+003   0.1268848166E+002
    302800   0.3873131459E+003   0.1268685405E+002
    302900   0.3873148103E+003   0.1268518965E+002
    303000   0.3873167529E+003   0.1268324715E+002
    303100   0.3873172698E+003   0.1268273024E+002
    303200   0.3873176332E+003   0.1268236678E+002
    303300   0.3873180241E+003   0.1268197586E+002
    303400   0.3873178294E+003   0.1268217057E+002
    303500   0.3873180657E+003   0.1268193429E+002
    303600   0.3873184323E+003   0.1268156772E+002
    303700   0.3873185345E+003   0.1268146555E+002
    303800   0.3873183984E+003   0.1268160163E+002
    303900   0.3873177027E+003   0.1268229732E+002
    304000   0.3873175666E+003   0.1268243342E+002
    304100   0.3873174669E+003   0.1268253308E+002
    304200   0.3873173755E+003   0.1268262454E+002
    304300   0.3873172372E+003   0.1268276276E+002
    304400   0.3873171182E+003   0.1268288178E+002
    304500   0.3873170034E+003   0.1268299660E+002
    304600   0.3873168853E+003   0.1268311472E+002
    304700   0.3873167317E+003   0.1268326831E+002
    304800   0.3873161478E+003   0.1268385216E+002
    304900   0.3873155377E+003   0.1268446234E+002
    305000   0.3873151049E+003   0.1268489510E+002
    305100   0.3873146096E+003   0.1268539039E+002
    305200   0.3873138497E+003   0.1268615029E+002
    305300   0.3873137660E+003   0.1268623401E+002
    305400   0.3873136558E+003   0.1268634417E+002
    305500   0.3873135518E+003   0.1268644818E+002
    305600   0.3873134376E+003   0.1268656237E+002
    305700   0.3873133255E+003   0.1268667453E+002
    305800   0.3873132575E+003   0.1268674247E+002
    305900   0.3873129981E+003   0.1268700194E+002
    306000   0.3873132531E+003   0.1268674686E+002
    306100   0.3873136697E+003   0.1268633030E+002
    306200   0.3873140737E+003   0.1268592627E+002
    306300   0.3873143439E+003   0.1268565612E+002
    306400   0.3873147456E+003   0.1268525439E+002
    306500   0.3873155450E+003   0.1268445497E+002
    306600   0.3873169507E+003   0.1268304927E+002
    306700   0.3873181813E+003   0.1268181873E+002
    306800   0.3873203334E+003   0.1267966659E+002
    306900   0.3873228032E+003   0.1267719682E+002
    307000   0.3873255345E+003   0.1267446547E+002
    307100   0.3873287748E+003   0.1267122515E+002
    307200   0.3873315073E+003   0.1266849274E+002
    307300   0.3873336334E+003   0.1266636661E+002
    307400   0.3873352668E+003   0.1266473325E+002
    307500   0.3873369713E+003   0.1266302875E+002
    307600   0.3873392764E+003   0.1266072361E+002
    307700   0.3873436993E+003   0.1265630073E+002
    307800   0.3873481503E+003   0.1265184971E+002
    307900   0.3873520734E+003   0.1264792656E+002
    308000   0.3873566000E+003   0.1264339996E+002
    308100   0.3873615926E+003   0.1263840742E+002
    308200   0.3873641673E+003   0.1263583269E+002
    308300   0.3873676560E+003   0.1263234399E+002
    308400   0.3873691864E+003   0.1263081358E+002
    308500   0.3873708758E+003   0.1262912423E+002
    308600   0.3873717855E+003   0.1262821451E+002
    308700   0.3873731434E+003   0.1262685660E+002
    308800   0.3873743447E+003   0.1262565531E+002
    308900   0.3873750371E+003   0.1262496293E+002
    309000   0.3873753215E+003   0.1262467848E+002
    309100   0.3873756024E+003   0.1262439759E+002
    309200   0.3873757662E+003   0.1262423376E+002
    309300   0.3873760857E+003   0.1262391428E+002
    309400   0.3873767310E+003   0.1262326898E+002
    309500   0.3873776786E+003   0.1262232140E+002
    309600   0.3873785617E+003   0.1262143832E+002
    309700   0.3873797444E+003   0.1262025558E+002
    309800   0.3873813487E+003   0.1261865133E+002
    309900   0.3873825751E+003   0.1261742490E+002
    310000   0.3873835000E+003   0.1261649996E+002
    310100   0.3873843509E+003   0.1261564910E+002
    310200   0.3873857492E+003   0.1261425084E+002
    310300   0.3873868491E+003   0.1261315091E+002
    310400   0.3873883902E+003   0.1261160984E+002
    310500   0.3873900978E+003   0.1260990222E+002
    310600   0.3873908338E+003   0.1260916620E+002
    310700   0.3873919016E+003   0.1260809842E+002
    310800   0.3873927246E+003   0.1260727537E+002
    310900   0.3873930584E+003   0.1260694160E+002
    311000   0.3873938408E+003   0.1260615916E+002
    311100   0.3873948295E+003   0.1260517048E+002
    311200   0.3873957634E+003   0.1260423658E+002
    311300   0.3873966711E+003   0.1260332886E+002
    311400   0.3873969345E+003   0.1260306550E+002
    311500   0.3873971980E+003   0.1260280196E+002
    311600   0.3873974354E+003   0.1260256458E+002
    311700   0.3873982382E+003   0.1260176183E+002
    311800   0.3873999758E+003   0.1260002423E+002
    311900   0.3874013779E+003   0.1259862206E+002
    312000   0.3874022445E+003   0.1259775547E+002
    312100   0.3874023221E+003   0.1259767795E+002
    312200   0.3874022013E+003   0.1259779868E+002
    312300   0.3874020060E+003   0.1259799402E+002
    312400   0.3874020708E+003   0.1259792915E+002
    312500   0.3874024436E+003   0.1259755644E+002
    312600   0.3874027991E+003   0.1259720094E+002
    312700   0.3874035723E+003   0.1259642770E+002
    312800   0.3874037099E+003   0.1259629009E+002
    312900   0.3874031809E+003   0.1259681910E+002
    313000   0.3874026870E+003   0.1259731300E+002
    313100   0.3874018327E+003   0.1259816725E+002
    313200   0.3874006912E+003   0.1259930876E+002
    313300   0.3873998281E+003   0.1260017190E+002
    313400   0.3873985921E+003   0.1260140788E+002
    313500   0.3873968363E+003   0.1260316369E+002
    313600   0.3873959687E+003   0.1260403126E+002
    313700   0.3873952219E+003   0.1260477807E+002
    313800   0.3873942840E+003   0.1260571603E+002
    313900   0.3873933104E+003   0.1260668959E+002
    314000   0.3873924143E+003   0.1260758574E+002
    314100   0.3873917080E+003   0.1260829200E+002
    314200   0.3873906298E+003   0.1260937024E+002
    314300   0.3873897802E+003   0.1261021980E+002
    314400   0.3873886001E+003   0.1261139985E+002
    314500   0.3873875989E+003   0.1261240114E+002
    314600   0.3873869017E+003   0.1261309835E+002
    314700   0.3873864576E+003   0.1261354237E+002
    314800   0.3873859528E+003   0.1261404724E+002
    314900   0.3873848508E+003   0.1261514916E+002
    315000   0.3873835906E+003   0.1261640943E+002
    315100   0.3873819247E+003   0.1261807529E+002
    315200   0.3873805758E+003   0.1261942418E+002
    315300   0.3873792400E+003   0.1262076004E+002
    315400   0.3873783543E+003   0.1262164566E+002
    315500   0.3873767605E+003   0.1262323948E+002
    315600   0.3873752149E+003   0.1262478508E+002
    315700   0.3873741508E+003   0.1262584918E+002
    315800   0.3873735257E+003   0.1262647428E+002
    315900   0.3873733833E+003   0.1262661674E+002
    316000   0.3873735391E+003   0.1262646093E+002
    316100   0.3873739905E+003   0.1262600951E+002
    316200   0.3873740992E+003   0.1262590082E+002
    316300   0.3873739914E+003   0.1262600864E+002
    316400   0.3873739426E+003   0.1262605737E+002
    316500   0.3873739096E+003   0.1262609042E+002
    316600   0.3873747227E+003   0.1262527729E+002
    316700   0.3873757867E+003   0.1262421334E+002
    316800   0.3873762519E+003   0.1262374809E+002
    316900   0.3873764374E+003   0.1262356264E+002
    317000   0.3873762549E+003   0.1262374506E+002
    317100   0.3873759594E+003   0.1262404058E+002
    317200   0.3873753937E+003   0.1262460629E+002
    317300   0.3873747697E+003   0.1262523032E+002
    317400   0.3873741955E+003   0.1262580452E+002
    317500   0.3873736659E+003   0.1262633406E+002
    317600   0.3873727038E+003   0.1262729619E+002
    317700   0.3873717763E+003   0.1262822372E+002
    317800   0.3873709331E+003   0.1262906686E+002
    317900   0.3873699852E+003   0.1263001484E+002
    318000   0.3873689600E+003   0.1263103997E+002
    318100   0.3873676702E+003   0.1263232975E+002
    318200   0.3873662256E+003   0.1263377442E+002
    318300   0.3873646125E+003   0.1263538749E+002
    318400   0.3873632308E+003   0.1263676921E+002
    318500   0.3873615265E+003   0.1263847355E+002
    318600   0.3873601406E+003   0.1263985940E+002
    318700   0.3873584582E+003   0.1264154182E+002
    318800   0.3873567132E+003   0.1264328682E+002
    318900   0.3873549864E+003   0.1264501358E+002
    319000   0.3873531598E+003   0.1264684022E+002
    319100   0.3873517135E+003   0.1264828653E+002
    319200   0.3873500809E+003   0.1264991906E+002
    319300   0.3873485058E+003   0.1265149420E+002
    319400   0.3873471867E+003   0.1265281328E+002
    319500   0.3873456476E+003   0.1265435245E+002
    319600   0.3873438451E+003   0.1265615487E+002
    319700   0.3873421696E+003   0.1265783039E+002
    319800   0.3873410041E+003   0.1265899591E+002
    319900   0.3873393626E+003   0.1266063737E+002
    320000   0.3873378116E+003   0.1266218839E+002
    320100   0.3873369264E+003   0.1266307357E+002
    320200   0.3873358360E+003   0.1266416400E+002
    320300   0.3873342443E+003   0.1266575570E+002
    320400   0.3873327637E+003   0.1266723633E+002
    320500   0.3873316461E+003   0.1266835387E+002
    320600   0.3873307387E+003   0.1266926133E+002
    320700   0.3873303737E+003   0.1266962632E+002
    320800   0.3873289417E+003   0.1267105830E+002
    320900   0.3873281257E+003   0.1267187433E+002
    321000   0.3873271206E+003   0.1267287937E+002
    321100   0.3873264007E+003   0.1267359929E+002
    321200   0.3873254017E+003   0.1267459829E+002
    321300   0.3873241928E+003   0.1267580720E+002
    321400   0.3873227246E+003   0.1267727537E+002
    321500   0.3873214468E+003   0.1267855320E+002
    321600   0.3873205661E+003   0.1267943390E+002
    321700   0.3873198294E+003   0.1268017059E+002
    321800   0.3873194358E+003   0.1268056417E+002
    321900   0.3873188024E+003   0.1268119759E+002
    322000   0.3873182190E+003   0.1268178102E+002
    322100   0.3873175758E+003   0.1268242420E+002
    322200   0.3873171924E+003   0.1268280765E+002
    322300   0.3873165441E+003   0.1268345587E+002
    322400   0.3873154760E+003   0.1268452400E+002
    322500   0.3873145411E+003   0.1268545886E+002
    322600   0.3873135197E+003   0.1268648028E+002
    322700   0.3873129044E+003   0.1268709557E+002
    322800   0.3873122595E+003   0.1268774050E+002
    322900   0.3873115761E+003   0.1268842392E+002
    323000   0.3873109616E+003   0.1268903842E+002
    323100   0.3873105966E+003   0.1268940340E+002
    323200   0.3873100886E+003   0.1268991142E+002
    323300   0.3873093430E+003   0.1269065699E+002
    323400   0.3873080009E+003   0.1269199914E+002
    323500   0.3873069547E+003   0.1269304533E+002
    323600   0.3873059915E+003   0.1269400852E+002
    323700   0.3873053737E+003   0.1269462633E+002
    323800   0.3873046915E+003   0.1269530850E+002
    323900   0.3873036718E+003   0.1269632821E+002
    324000   0.3873028486E+003   0.1269715139E+002
    324100   0.3873023097E+003   0.1269769031E+002
    324200   0.3873017810E+003   0.1269821897E+002
    324300   0.3873015633E+003   0.1269843667E+002
    324400   0.3873019487E+003   0.1269805131E+002
    324500   0.3873023304E+003   0.1269766956E+002
    324600   0.3873033216E+003   0.1269667838E+002
    324700   0.3873045546E+003   0.1269544536E+002
    324800   0.3873058787E+003   0.1269412127E+002
    324900   0.3873068796E+003   0.1269312037E+002
    325000   0.3873080136E+003   0.1269198644E+002
    325100   0.3873089128E+003   0.1269108725E+002
    325200   0.3873100798E+003   0.1268992019E+002
    325300   0.3873115223E+003   0.1268847775E+002
    325400   0.3873145431E+003   0.1268545690E+002
    325500   0.3873156674E+003   0.1268433264E+002
    325600   0.3873167123E+003   0.1268328765E+002
    325700   0.3873180214E+003   0.1268197857E+002
    325800   0.3873196791E+003   0.1268032088E+002
    325900   0.3873212785E+003   0.1267872149E+002
    326000   0.3873225561E+003   0.1267744392E+002
    326100   0.3873233258E+003   0.1267667421E+002
    326200   0.3873242157E+003   0.1267578429E+002
    326300   0.3873252401E+003   0.1267475986E+002
    326400   0.3873265260E+003   0.1267347404E+002
    326500   0.3873282059E+003   0.1267179409E+002
    326600   0.3873284483E+003   0.1267155169E+002
    326700   0.3873282300E+003   0.1267176997E+002
    326800   0.3873278559E+003   0.1267214412E+002
    326900   0.3873282469E+003   0.1267175311E+002
    327000   0.3873285520E+003   0.1267144800E+002
    327100   0.3873288541E+003   0.1267114586E+002
    327200   0.3873292292E+003   0.1267077083E+002
    327300   0.3873291233E+003   0.1267087669E+002
    327400   0.3873289420E+003   0.1267105799E+002
    327500   0.3873285225E+003   0.1267147751E+002
    327600   0.3873274262E+003   0.1267257378E+002
    327700   0.3873261465E+003   0.1267385346E+002
    327800   0.3873247786E+003   0.1267522141E+002
    327900   0.3873236599E+003   0.1267634010E+002
    328000   0.3873223469E+003   0.1267765313E+002
    328100   0.3873210291E+003   0.1267897087E+002
    328200   0.3873196949E+003   0.1268030511E+002
    328300   0.3873179823E+003   0.1268201772E+002
    328400   0.3873170833E+003   0.1268291671E+002
    328500   0.3873158324E+003   0.1268416759E+002
    328600   0.3873128075E+003   0.1268719250E+002
    328700   0.3873101143E+003   0.1268988568E+002
    328800   0.3873075626E+003   0.1269243741E+002
    328900   0.3873053445E+003   0.1269465551E+002
    329000   0.3873024772E+003   0.1269752282E+002
    329100   0.3873004212E+003   0.1269957883E+002
    329200   0.3872984453E+003   0.1270155465E+002
    329300   0.3872959532E+003   0.1270404676E+002
    329400   0.3872942035E+003   0.1270579653E+002
    329500   0.3872913445E+003   0.1270865552E+002
    329600   0.3872892477E+003   0.1271075234E+002
    329700   0.3872870716E+003   0.1271292835E+002
    329800   0.3872856177E+003   0.1271438232E+002
    329900   0.3872838466E+003   0.1271615335E+002
    330000   0.3872820032E+003   0.1271799677E+002
    330100   0.3872800666E+003   0.1271993340E+002
    330200   0.3872782637E+003   0.1272173634E+002
    330300   0.3872763759E+003   0.1272362410E+002
    330400   0.3872748459E+003   0.1272515411E+002
    330500   0.3872726584E+003   0.1272734160E+002
    330600   0.3872709483E+003   0.1272905167E+002
    330700   0.3872692829E+003   0.1273071711E+002
    330800   0.3872676620E+003   0.1273233803E+002
    330900   0.3872660634E+003   0.1273393657E+002
    331000   0.3872645727E+003   0.1273542732E+002
    331100   0.3872630021E+003   0.1273699788E+002
    331200   0.3872618182E+003   0.1273818181E+002
    331300   0.3872601757E+003   0.1273982425E+002
    331400   0.3872584828E+003   0.1274151724E+002
    331500   0.3872562784E+003   0.1274372164E+002
    331600   0.3872542654E+003   0.1274573460E+002
    331700   0.3872519142E+003   0.1274808579E+002
    331800   0.3872496562E+003   0.1275034384E+002
    331900   0.3872474721E+003   0.1275252790E+002
    332000   0.3872456509E+003   0.1275434907E+002
    332100   0.3872437403E+003   0.1275625966E+002
    332200   0.3872415750E+003   0.1275842504E+002
    332300   0.3872397279E+003   0.1276027209E+002
    332400   0.3872384351E+003   0.1276156485E+002
    332500   0.3872368176E+003   0.1276318243E+002
    332600   0.3872357850E+003   0.1276421502E+002
    332700   0.3872342467E+003   0.1276575329E+002
    332800   0.3872327730E+003   0.1276722697E+002
    332900   0.3872314973E+003   0.1276850270E+002
    333000   0.3872304048E+003   0.1276959524E+002
    333100   0.3872299332E+003   0.1277006679E+002
    333200   0.3872298448E+003   0.1277015522E+002
    333300   0.3872298012E+003   0.1277019879E+002
    333400   0.3872296862E+003   0.1277031380E+002
    333500   0.3872293907E+003   0.1277060931E+002
    333600   0.3872287860E+003   0.1277121396E+002
    333700   0.3872284790E+003   0.1277152104E+002
    333800   0.3872285013E+003   0.1277149872E+002
    333900   0.3872287401E+003   0.1277125989E+002
    334000   0.3872290637E+003   0.1277093629E+002
    334100   0.3872293622E+003   0.1277063777E+002
    334200   0.3872297009E+003   0.1277029914E+002
    334300   0.3872296598E+003   0.1277034023E+002
    334400   0.3872295650E+003   0.1277043504E+002
    334500   0.3872295137E+003   0.1277048633E+002
    334600   0.3872295284E+003   0.1277047162E+002
    334700   0.3872296522E+003   0.1277034783E+002
    334800   0.3872295974E+003   0.1277040261E+002
    334900   0.3872304172E+003   0.1276958275E+002
    335000   0.3872311363E+003   0.1276886366E+002
    335100   0.3872316099E+003   0.1276839013E+002
    335200   0.3872320291E+003   0.1276797087E+002
    335300   0.3872325240E+003   0.1276747605E+002
    335400   0.3872330013E+003   0.1276699871E+002
    335500   0.3872333808E+003   0.1276661916E+002
    335600   0.3872337717E+003   0.1276622831E+002
    335700   0.3872343624E+003   0.1276563765E+002
    335800   0.3872347043E+003   0.1276529572E+002
    335900   0.3872345989E+003   0.1276540107E+002
    336000   0.3872341286E+003   0.1276587143E+002
    336100   0.3872336711E+003   0.1276632888E+002
    336200   0.3872330440E+003   0.1276695595E+002
    336300   0.3872332196E+003   0.1276678038E+002
    336400   0.3872335099E+003   0.1276649008E+002
    336500   0.3872335812E+003   0.1276641877E+002
    336600   0.3872332863E+003   0.1276671367E+002
    336700   0.3872326965E+003   0.1276730348E+002
    336800   0.3872317644E+003   0.1276823563E+002
    336900   0.3872310777E+003   0.1276892233E+002
    337000   0.3872305900E+003   0.1276941002E+002
    337100   0.3872298668E+003   0.1277013316E+002
    337200   0.3872289109E+003   0.1277108907E+002
    337300   0.3872279079E+003   0.1277209211E+002
    337400   0.3872270028E+003   0.1277299719E+002
    337500   0.3872269364E+003   0.1277306355E+002
    337600   0.3872268849E+003   0.1277311512E+002
    337700   0.3872268179E+003   0.1277318209E+002
    337800   0.3872267662E+003   0.1277323377E+002
    337900   0.3872266406E+003   0.1277335943E+002
    338000   0.3872260078E+003   0.1277399221E+002
    338100   0.3872252818E+003   0.1277471821E+002
    338200   0.3872248913E+003   0.1277510873E+002
    338300   0.3872245213E+003   0.1277547871E+002
    338400   0.3872240431E+003   0.1277595688E+002
    338500   0.3872239112E+003   0.1277608882E+002
    338600   0.3872236304E+003   0.1277636956E+002
    338700   0.3872231605E+003   0.1277683952E+002
    338800   0.3872226614E+003   0.1277733863E+002
    338900   0.3872225811E+003   0.1277741890E+002
    339000   0.3872225440E+003   0.1277745603E+002
    339100   0.3872227492E+003   0.1277725076E+002
    339200   0.3872231114E+003   0.1277688855E+002
    339300   0.3872230300E+003   0.1277696995E+002
    339400   0.3872224084E+003   0.1277759160E+002
    339500   0.3872217142E+003   0.1277828579E+002
    339600   0.3872205178E+003   0.1277948225E+002
    339700   0.3872199930E+003   0.1278000704E+002
    339800   0.3872191375E+003   0.1278086248E+002
    339900   0.3872187195E+003   0.1278128053E+002
    340000   0.3872182929E+003   0.1278170715E+002
    340100   0.3872177951E+003   0.1278220490E+002
    340200   0.3872175232E+003   0.1278247682E+002
    340300   0.3872174564E+003   0.1278254358E+002
    340400   0.3872176683E+003   0.1278233174E+002
    340500   0.3872180783E+003   0.1278192172E+002
    340600   0.3872184155E+003   0.1278158452E+002
    340700   0.3872188628E+003   0.1278113720E+002
    340800   0.3872191662E+003   0.1278083377E+002
    340900   0.3872193175E+003   0.1278068245E+002
    341000   0.3872198937E+003   0.1278010625E+002
    341100   0.3872213714E+003   0.1277862859E+002
    341200   0.3872228035E+003   0.1277719654E+002
    341300   0.3872236987E+003   0.1277630134E+002
    341400   0.3872243754E+003   0.1277562458E+002
    341500   0.3872245965E+003   0.1277540351E+002
    341600   0.3872245357E+003   0.1277546434E+002
    341700   0.3872244288E+003   0.1277557121E+002
    341800   0.3872236413E+003   0.1277635867E+002
    341900   0.3872230940E+003   0.1277690599E+002
    342000   0.3872228133E+003   0.1277718667E+002
    342100   0.3872218858E+003   0.1277811422E+002
    342200   0.3872212042E+003   0.1277879580E+002
    342300   0.3872209093E+003   0.1277909069E+002
    342400   0.3872204433E+003   0.1277955674E+002
    342500   0.3872201735E+003   0.1277982645E+002
    342600   0.3872208217E+003   0.1277917831E+002
    342700   0.3872221145E+003   0.1277788545E+002
    342800   0.3872234260E+003   0.1277657402E+002
    342900   0.3872249957E+003   0.1277500435E+002
    343000   0.3872265131E+003   0.1277348692E+002
    343100   0.3872286150E+003   0.1277138501E+002
    343200   0.3872309091E+003   0.1276909088E+002
    343300   0.3872332114E+003   0.1276678864E+002
    343400   0.3872350920E+003   0.1276490800E+002
    343500   0.3872364753E+003   0.1276352473E+002
    343600   0.3872384549E+003   0.1276154506E+002
    343700   0.3872408581E+003   0.1275914188E+002
    343800   0.3872439665E+003   0.1275603346E+002
    343900   0.3872457950E+003   0.1275420501E+002
    344000   0.3872483035E+003   0.1275169648E+002
    344100   0.3872500641E+003   0.1274993594E+002
    344200   0.3872509871E+003   0.1274901285E+002
    344300   0.3872522253E+003   0.1274777466E+002
    344400   0.3872546282E+003   0.1274537176E+002
    344500   0.3872561925E+003   0.1274380749E+002
    344600   0.3872576032E+003   0.1274239684E+002
    344700   0.3872592141E+003   0.1274078594E+002
    344800   0.3872616232E+003   0.1273837679E+002
    344900   0.3872629355E+003   0.1273706445E+002
    345000   0.3872636477E+003   0.1273635225E+002
    345100   0.3872645238E+003   0.1273547618E+002
    345200   0.3872648794E+003   0.1273512060E+002
    345300   0.3872652176E+003   0.1273478244E+002
    345400   0.3872655901E+003   0.1273440986E+002
    345500   0.3872667436E+003   0.1273325641E+002
    345600   0.3872698651E+003   0.1273013488E+002
    345700   0.3872728001E+003   0.1272719988E+002
    345800   0.3872749060E+003   0.1272509399E+002
    345900   0.3872766436E+003   0.1272335644E+002
    346000   0.3872786041E+003   0.1272139593E+002
    346100   0.3872810491E+003   0.1271895089E+002
    346200   0.3872834267E+003   0.1271657331E+002
    346300   0.3872878515E+003   0.1271214855E+002
    346400   0.3872890080E+003   0.1271099200E+002
    346500   0.3872905168E+003   0.1270948318E+002
    346600   0.3872922746E+003   0.1270772539E+002
    346700   0.3872933773E+003   0.1270662275E+002
    346800   0.3872947915E+003   0.1270520853E+002
    346900   0.3872980096E+003   0.1270199036E+002
    347000   0.3873012642E+003   0.1269873577E+002
    347100   0.3873058275E+003   0.1269417253E+002
    347200   0.3873084279E+003   0.1269157214E+002
    347300   0.3873109480E+003   0.1268905198E+002
    347400   0.3873142054E+003   0.1268579456E+002
    347500   0.3873170606E+003   0.1268293943E+002
    347600   0.3873202851E+003   0.1267971495E+002
    347700   0.3873243298E+003   0.1267567024E+002
    347800   0.3873271221E+003   0.1267287788E+002
    347900   0.3873303337E+003   0.1266966631E+002
    348000   0.3873330846E+003   0.1266691539E+002
    348100   0.3873369321E+003   0.1266306794E+002
    348200   0.3873409741E+003   0.1265902589E+002
    348300   0.3873452533E+003   0.1265474673E+002
    348400   0.3873496620E+003   0.1265033796E+002
    348500   0.3873532707E+003   0.1264672932E+002
    348600   0.3873579085E+003   0.1264209151E+002
    348700   0.3873604886E+003   0.1263951143E+002
    348800   0.3873627693E+003   0.1263723074E+002
    348900   0.3873645910E+003   0.1263540896E+002
    349000   0.3873670709E+003   0.1263292912E+002
    349100   0.3873690802E+003   0.1263091975E+002
    349200   0.3873739721E+003   0.1262602786E+002
    349300   0.3873797589E+003   0.1262024112E+002
    349400   0.3873840100E+003   0.1261599004E+002
    349500   0.3873880188E+003   0.1261198116E+002
    349600   0.3873916925E+003   0.1260830752E+002
    349700   0.3873958649E+003   0.1260413509E+002
    349800   0.3873991685E+003   0.1260083146E+002
    349900   0.3874031803E+003   0.1259681972E+002
    350000   0.3874081106E+003   0.1259188944E+002
    350100   0.3874132598E+003   0.1258674021E+002
    350200   0.3874166782E+003   0.1258332177E+002
    350300   0.3874199460E+003   0.1258005398E+002
    350400   0.3874229051E+003   0.1257709494E+002
    350500   0.3874279459E+003   0.1257205409E+002
    350600   0.3874351617E+003   0.1256483832E+002
    350700   0.3874400368E+003   0.1255996318E+002
    350800   0.3874457961E+003   0.1255420385E+002
    350900   0.3874520341E+003   0.1254796591E+002
    351000   0.3874568080E+003   0.1254319201E+002
    351100   0.3874616898E+003   0.1253831018E+002
    351200   0.3874672622E+003   0.1253273784E+002
    351300   0.3874731652E+003   0.1252683480E+002
    351400   0.3874769745E+003   0.1252302553E+002
    351500   0.3874799780E+003   0.1252002199E+002
    351600   0.3874831781E+003   0.1251682190E+002
    351700   0.3874866871E+003   0.1251331294E+002
    351800   0.3874889484E+003   0.1251105161E+002
    351900   0.3874918768E+003   0.1250812320E+002
    352000   0.3874936280E+003   0.1250637202E+002
    352100   0.3874955997E+003   0.1250440030E+002
    352200   0.3874976401E+003   0.1250235987E+002
    352300   0.3875001446E+003   0.1249985545E+002
    352400   0.3875026361E+003   0.1249736393E+002
    352500   0.3875062645E+003   0.1249373546E+002
    352600   0.3875092835E+003   0.1249071651E+002
    352700   0.3875120890E+003   0.1248791098E+002
    352800   0.3875152720E+003   0.1248472804E+002
    352900   0.3875187198E+003   0.1248128019E+002
    353000   0.3875218096E+003   0.1247819036E+002
    353100   0.3875245751E+003   0.1247542494E+002
    353200   0.3875271282E+003   0.1247287177E+002
    353300   0.3875295621E+003   0.1247043795E+002
    353400   0.3875314149E+003   0.1246858513E+002
    353500   0.3875328723E+003   0.1246712768E+002
    353600   0.3875342867E+003   0.1246571330E+002
    353700   0.3875360453E+003   0.1246395474E+002
    353800   0.3875387404E+003   0.1246125958E+002
    353900   0.3875409867E+003   0.1245901331E+002
    354000   0.3875435773E+003   0.1245642265E+002
    354100   0.3875452296E+003   0.1245477037E+002
    354200   0.3875468487E+003   0.1245315129E+002
    354300   0.3875479509E+003   0.1245204909E+002
    354400   0.3875487374E+003   0.1245126264E+002
    354500   0.3875492608E+003   0.1245073918E+002
    354600   0.3875504171E+003   0.1244958290E+002
    354700   0.3875515654E+003   0.1244843463E+002
    354800   0.3875535251E+003   0.1244647488E+002
    354900   0.3875554429E+003   0.1244455711E+002
    355000   0.3875566265E+003   0.1244337354E+002
    355100   0.3875579030E+003   0.1244209697E+002
    355200   0.3875597310E+003   0.1244026903E+002
    355300   0.3875605612E+003   0.1243943880E+002
    355400   0.3875609665E+003   0.1243903351E+002
    355500   0.3875609629E+003   0.1243903706E+002
    355600   0.3875606000E+003   0.1243939998E+002
    355700   0.3875597232E+003   0.1244027676E+002
    355800   0.3875588063E+003   0.1244119371E+002
    355900   0.3875582057E+003   0.1244179433E+002
    356000   0.3875574990E+003   0.1244250104E+002
    356100   0.3875570652E+003   0.1244293484E+002
    356200   0.3875567939E+003   0.1244320614E+002
    356300   0.3875565487E+003   0.1244345131E+002
    356400   0.3875563513E+003   0.1244364869E+002
    356500   0.3875560922E+003   0.1244390778E+002
    356600   0.3875557763E+003   0.1244422371E+002
    356700   0.3875555919E+003   0.1244440814E+002
    356800   0.3875553600E+003   0.1244463999E+002
    356900   0.3875548579E+003   0.1244514207E+002
    357000   0.3875549521E+003   0.1244504795E+002
    357100   0.3875551627E+003   0.1244483727E+002
    357200   0.3875553225E+003   0.1244467749E+002
    357300   0.3875552099E+003   0.1244479014E+002
    357400   0.3875553316E+003   0.1244466839E+002
    357500   0.3875551195E+003   0.1244488055E+002
    357600   0.3875546824E+003   0.1244531759E+002
    357700   0.3875542679E+003   0.1244573208E+002
    357800   0.3875536143E+003   0.1244638566E+002
    357900   0.3875525446E+003   0.1244745535E+002
    358000   0.3875517909E+003   0.1244820912E+002
    358100   0.3875508886E+003   0.1244911137E+002
    358200   0.3875498565E+003   0.1245014348E+002
    358300   0.3875493214E+003   0.1245067857E+002
    358400   0.3875493531E+003   0.1245064687E+002
    358500   0.3875493895E+003   0.1245061054E+002
    358600   0.3875492365E+003   0.1245076348E+002
    358700   0.3875488189E+003   0.1245118109E+002
    358800   0.3875482908E+003   0.1245170920E+002
    358900   0.3875485493E+003   0.1245145072E+002
    359000   0.3875492009E+003   0.1245079905E+002
    359100   0.3875496484E+003   0.1245035156E+002
    359200   0.3875506510E+003   0.1244934899E+002
    359300   0.3875516690E+003   0.1244833100E+002
    359400   0.3875528110E+003   0.1244718903E+002
    359500   0.3875543601E+003   0.1244563988E+002
    359600   0.3875563757E+003   0.1244362429E+002
    359700   0.3875583661E+003   0.1244163395E+002
    359800   0.3875601027E+003   0.1243989728E+002
    359900   0.3875618041E+003   0.1243819588E+002
    360000   0.3875645705E+003   0.1243542947E+002
    360100   0.3875674371E+003   0.1243256292E+002
    360200   0.3875694971E+003   0.1243050293E+002
    360300   0.3875720844E+003   0.1242791558E+002
    360400   0.3875749181E+003   0.1242508190E+002
    360500   0.3875786263E+003   0.1242137372E+002
    360600   0.3875815240E+003   0.1241847598E+002
    360700   0.3875870725E+003   0.1241292747E+002
    360800   0.3875954944E+003   0.1240450563E+002
    360900   0.3876027276E+003   0.1239727244E+002
    361000   0.3876079133E+003   0.1239208665E+002
    361100   0.3876131238E+003   0.1238687616E+002
    361200   0.3876166994E+003   0.1238330060E+002
    361300   0.3876207996E+003   0.1237920035E+002
    361400   0.3876236004E+003   0.1237639961E+002
    361500   0.3876264607E+003   0.1237353927E+002
    361600   0.3876300875E+003   0.1236991246E+002
    361700   0.3876335018E+003   0.1236649824E+002
    361800   0.3876366572E+003   0.1236334283E+002
    361900   0.3876401743E+003   0.1235982566E+002
    362000   0.3876424852E+003   0.1235751479E+002
    362100   0.3876443453E+003   0.1235565468E+002
    362200   0.3876469308E+003   0.1235306916E+002
    362300   0.3876485692E+003   0.1235143080E+002
    362400   0.3876495379E+003   0.1235046206E+002
    362500   0.3876506320E+003   0.1234936801E+002
    362600   0.3876512907E+003   0.1234870933E+002
    362700   0.3876525153E+003   0.1234748465E+002
    362800   0.3876536911E+003   0.1234630893E+002
    362900   0.3876547083E+003   0.1234529168E+002
    363000   0.3876558113E+003   0.1234418865E+002
    363100   0.3876567054E+003   0.1234329462E+002
    363200   0.3876574709E+003   0.1234252915E+002
    363300   0.3876589089E+003   0.1234109113E+002
    363400   0.3876601713E+003   0.1233982866E+002
    363500   0.3876615171E+003   0.1233848291E+002
    363600   0.3876639449E+003   0.1233605510E+002
    363700   0.3876670004E+003   0.1233299963E+002
    363800   0.3876697567E+003   0.1233024328E+002
    363900   0.3876714109E+003   0.1232858909E+002
    364000   0.3876735175E+003   0.1232648249E+002
    364100   0.3876756045E+003   0.1232439552E+002
    364200   0.3876777317E+003   0.1232226829E+002
    364300   0.3876798086E+003   0.1232019141E+002
    364400   0.3876831632E+003   0.1231683679E+002
    364500   0.3876868048E+003   0.1231319518E+002
    364600   0.3876899948E+003   0.1231000515E+002
    364700   0.3876944392E+003   0.1230556080E+002
    364800   0.3876979285E+003   0.1230207151E+002
    364900   0.3877022508E+003   0.1229774919E+002
    365000   0.3877068602E+003   0.1229313979E+002
    365100   0.3877116446E+003   0.1228835537E+002
    365200   0.3877150494E+003   0.1228495055E+002
    365300   0.3877178728E+003   0.1228212716E+002
    365400   0.3877213884E+003   0.1227861164E+002
    365500   0.3877246997E+003   0.1227530033E+002
    365600   0.3877271294E+003   0.1227287061E+002
    365700   0.3877295931E+003   0.1227040694E+002
    365800   0.3877324906E+003   0.1226750942E+002
    365900   0.3877346193E+003   0.1226538074E+002
    366000   0.3877361149E+003   0.1226388513E+002
    366100   0.3877377248E+003   0.1226227523E+002
    366200   0.3877400998E+003   0.1225990022E+002
    366300   0.3877431857E+003   0.1225681428E+002
    366400   0.3877463949E+003   0.1225360509E+002
    366500   0.3877477626E+003   0.1225223744E+002
    366600   0.3877491801E+003   0.1225081989E+002
    366700   0.3877502776E+003   0.1224972243E+002
    366800   0.3877522384E+003   0.1224776160E+002
    366900   0.3877532012E+003   0.1224679876E+002
    367000   0.3877540078E+003   0.1224599224E+002
    367100   0.3877552298E+003   0.1224477022E+002
    367200   0.3877567865E+003   0.1224321352E+002
    367300   0.3877578416E+003   0.1224215840E+002
    367400   0.3877588053E+003   0.1224119473E+002
    367500   0.3877599317E+003   0.1224006825E+002
    367600   0.3877606730E+003   0.1223932703E+002
    367700   0.3877617426E+003   0.1223825736E+002
    367800   0.3877634031E+003   0.1223659686E+002
    367900   0.3877648314E+003   0.1223516865E+002
    368000   0.3877661517E+003   0.1223384832E+002
    368100   0.3877681233E+003   0.1223187673E+002
    368200   0.3877696168E+003   0.1223038316E+002
    368300   0.3877708508E+003   0.1222914919E+002
    368400   0.3877722645E+003   0.1222773553E+002
    368500   0.3877728047E+003   0.1222719527E+002
    368600   0.3877732571E+003   0.1222674289E+002
    368700   0.3877737330E+003   0.1222626703E+002
    368800   0.3877742269E+003   0.1222577313E+002
    368900   0.3877745725E+003   0.1222542750E+002
    369000   0.3877751745E+003   0.1222482549E+002
    369100   0.3877758750E+003   0.1222412496E+002
    369200   0.3877767466E+003   0.1222325344E+002
    369300   0.3877778590E+003   0.1222214098E+002
    369400   0.3877790089E+003   0.1222099107E+002
    369500   0.3877802627E+003   0.1221973728E+002
    369600   0.3877821137E+003   0.1221788629E+002
    369700   0.3877841551E+003   0.1221584492E+002
    369800   0.3877860860E+003   0.1221391399E+002
    369900   0.3877888006E+003   0.1221119943E+002
    370000   0.3877908023E+003   0.1220919767E+002
    370100   0.3877928999E+003   0.1220710010E+002
    370200   0.3877944737E+003   0.1220552634E+002
    370300   0.3877974751E+003   0.1220252488E+002
    370400   0.3877994961E+003   0.1220050388E+002
    370500   0.3878014375E+003   0.1219856247E+002
    370600   0.3878030419E+003   0.1219695814E+002
    370700   0.3878042600E+003   0.1219574004E+002
    370800   0.3878063342E+003   0.1219366577E+002
    370900   0.3878076450E+003   0.1219235497E+002
    371000   0.3878096377E+003   0.1219036231E+002
    371100   0.3878114534E+003   0.1218854662E+002
    371200   0.3878129898E+003   0.1218701020E+002
    371300   0.3878144280E+003   0.1218557196E+002
    371400   0.3878159751E+003   0.1218402491E+002
    371500   0.3878181282E+003   0.1218187182E+002
    371600   0.3878202809E+003   0.1217971907E+002
    371700   0.3878229424E+003   0.1217705760E+002
    371800   0.3878250166E+003   0.1217498340E+002
    371900   0.3878270680E+003   0.1217293198E+002
    372000   0.3878285372E+003   0.1217146280E+002
    372100   0.3878298653E+003   0.1217013468E+002
    372200   0.3878303964E+003   0.1216960357E+002
    372300   0.3878307318E+003   0.1216926821E+002
    372400   0.3878307888E+003   0.1216921118E+002
    372500   0.3878305890E+003   0.1216941097E+002
    372600   0.3878303463E+003   0.1216965366E+002
    372700   0.3878301183E+003   0.1216988173E+002
    372800   0.3878300690E+003   0.1216993104E+002
    372900   0.3878297494E+003   0.1217025061E+002
    373000   0.3878295336E+003   0.1217046636E+002
    373100   0.3878291422E+003   0.1217085780E+002
    373200   0.3878286206E+003   0.1217137943E+002
    373300   0.3878278535E+003   0.1217214646E+002
    373400   0.3878273719E+003   0.1217262810E+002
    373500   0.3878271497E+003   0.1217285034E+002
    373600   0.3878272406E+003   0.1217275941E+002
    373700   0.3878278377E+003   0.1217216226E+002
    373800   0.3878286194E+003   0.1217138061E+002
    373900   0.3878290964E+003   0.1217090365E+002
    374000   0.3878296590E+003   0.1217034097E+002
    374100   0.3878302489E+003   0.1216975106E+002
    374200   0.3878309680E+003   0.1216903200E+002
    374300   0.3878322810E+003   0.1216771900E+002
    374400   0.3878335611E+003   0.1216643893E+002
    374500   0.3878344533E+003   0.1216554666E+002
    374600   0.3878353682E+003   0.1216463184E+002
    374700   0.3878365670E+003   0.1216343303E+002
    374800   0.3878376862E+003   0.1216231385E+002
    374900   0.3878384969E+003   0.1216150306E+002
    375000   0.3878392648E+003   0.1216073517E+002
    375100   0.3878397191E+003   0.1216028093E+002
    375200   0.3878399062E+003   0.1216009379E+002
    375300   0.3878404626E+003   0.1215953741E+002
    375400   0.3878409153E+003   0.1215908473E+002
    375500   0.3878418611E+003   0.1215813892E+002
    375600   0.3878429737E+003   0.1215702632E+002
    375700   0.3878437715E+003   0.1215622851E+002
    375800   0.3878451249E+003   0.1215487511E+002
    375900   0.3878462326E+003   0.1215376744E+002
    376000   0.3878476619E+003   0.1215233810E+002
    376100   0.3878483253E+003   0.1215167466E+002
    376200   0.3878492413E+003   0.1215075872E+002
    376300   0.3878500232E+003   0.1214997681E+002
    376400   0.3878512674E+003   0.1214873260E+002
    376500   0.3878526569E+003   0.1214734309E+002
    376600   0.3878539899E+003   0.1214601015E+002
    376700   0.3878553657E+003   0.1214463433E+002
    376800   0.3878573568E+003   0.1214264325E+002
    376900   0.3878593684E+003   0.1214063155E+002
    377000   0.3878624274E+003   0.1213757262E+002
    377100   0.3878643318E+003   0.1213566824E+002
    377200   0.3878656462E+003   0.1213435376E+002
    377300   0.3878671315E+003   0.1213286847E+002
    377400   0.3878675838E+003   0.1213241619E+002
    377500   0.3878677750E+003   0.1213222503E+002
    377600   0.3878674734E+003   0.1213252657E+002
    377700   0.3878668013E+003   0.1213319867E+002
    377800   0.3878655185E+003   0.1213448146E+002
    377900   0.3878646113E+003   0.1213538874E+002
    378000   0.3878643508E+003   0.1213564919E+002
    378100   0.3878642861E+003   0.1213571386E+002
    378200   0.3878644450E+003   0.1213555499E+002
    378300   0.3878648486E+003   0.1213515143E+002
    378400   0.3878654367E+003   0.1213456328E+002
    378500   0.3878662339E+003   0.1213376607E+002
    378600   0.3878672443E+003   0.1213275569E+002
    378700   0.3878679351E+003   0.1213206485E+002
    378800   0.3878683501E+003   0.1213164990E+002
    378900   0.3878685983E+003   0.1213140168E+002
    379000   0.3878690327E+003   0.1213096727E+002
    379100   0.3878693024E+003   0.1213069756E+002
    379200   0.3878691078E+003   0.1213089224E+002
    379300   0.3878687922E+003   0.1213120777E+002
    379400   0.3878684111E+003   0.1213158893E+002
    379500   0.3878679074E+003   0.1213209256E+002
    379600   0.3878669776E+003   0.1213302235E+002
    379700   0.3878657945E+003   0.1213420545E+002
    379800   0.3878644861E+003   0.1213551387E+002
    379900   0.3878635313E+003   0.1213646873E+002
    380000   0.3878626354E+003   0.1213736457E+002
    380100   0.3878620347E+003   0.1213796535E+002
    380200   0.3878614288E+003   0.1213857115E+002
    380300   0.3878609387E+003   0.1213906135E+002
    380400   0.3878605729E+003   0.1213942707E+002
    380500   0.3878601367E+003   0.1213986332E+002
    380600   0.3878602750E+003   0.1213972496E+002
    380700   0.3878610465E+003   0.1213895350E+002
    380800   0.3878622643E+003   0.1213773566E+002
    380900   0.3878639617E+003   0.1213603828E+002
    381000   0.3878653632E+003   0.1213463682E+002
    381100   0.3878663389E+003   0.1213366108E+002
    381200   0.3878679687E+003   0.1213203131E+002
    381300   0.3878702220E+003   0.1212977797E+002
    381400   0.3878721409E+003   0.1212785914E+002
    381500   0.3878751716E+003   0.1212482839E+002
    381600   0.3878776224E+003   0.1212237758E+002
    381700   0.3878794703E+003   0.1212052968E+002
    381800   0.3878812594E+003   0.1211874060E+002
    381900   0.3878829433E+003   0.1211705667E+002
    382000   0.3878851349E+003   0.1211486509E+002
    382100   0.3878875897E+003   0.1211241034E+002
    382200   0.3878902694E+003   0.1210973061E+002
    382300   0.3878934362E+003   0.1210656379E+002
    382400   0.3878965920E+003   0.1210340801E+002
    382500   0.3878999812E+003   0.1210001875E+002
    382600   0.3879029708E+003   0.1209702925E+002
    382700   0.3879049422E+003   0.1209505777E+002
    382800   0.3879078050E+003   0.1209219502E+002
    382900   0.3879098622E+003   0.1209013783E+002
    383000   0.3879140334E+003   0.1208596656E+002
    383100   0.3879167169E+003   0.1208328307E+002
    383200   0.3879192415E+003   0.1208075854E+002
    383300   0.3879237882E+003   0.1207621184E+002
    383400   0.3879266744E+003   0.1207332556E+002
    383500   0.3879296064E+003   0.1207039360E+002
    383600   0.3879326382E+003   0.1206736184E+002
    383700   0.3879343825E+003   0.1206561752E+002
    383800   0.3879367920E+003   0.1206320803E+002
    383900   0.3879389313E+003   0.1206106868E+002
    384000   0.3879404053E+003   0.1205959471E+002
    384100   0.3879420100E+003   0.1205799002E+002
    384200   0.3879435284E+003   0.1205647160E+002
    384300   0.3879444142E+003   0.1205558576E+002
    384400   0.3879465630E+003   0.1205343699E+002
    384500   0.3879494934E+003   0.1205050656E+002
    384600   0.3879526639E+003   0.1204733609E+002
    384700   0.3879558014E+003   0.1204419860E+002
    384800   0.3879581504E+003   0.1204184959E+002
    384900   0.3879605539E+003   0.1203944608E+002
    385000   0.3879621463E+003   0.1203785374E+002
    385100   0.3879637856E+003   0.1203621436E+002
    385200   0.3879658728E+003   0.1203412718E+002
    385300   0.3879672490E+003   0.1203275100E+002
    385400   0.3879686793E+003   0.1203132070E+002
    385500   0.3879695012E+003   0.1203049883E+002
    385600   0.3879709732E+003   0.1202902677E+002
    385700   0.3879724493E+003   0.1202755066E+002
    385800   0.3879738912E+003   0.1202610877E+002
    385900   0.3879755272E+003   0.1202447284E+002
    386000   0.3879768773E+003   0.1202312269E+002
    386100   0.3879782911E+003   0.1202170891E+002
    386200   0.3879795350E+003   0.1202046499E+002
    386300   0.3879807200E+003   0.1201928002E+002
    386400   0.3879817533E+003   0.1201824673E+002
    386500   0.3879830957E+003   0.1201690427E+002
    386600   0.3879836424E+003   0.1201635763E+002
    386700   0.3879840536E+003   0.1201594638E+002
    386800   0.3879844041E+003   0.1201559594E+002
    386900   0.3879849414E+003   0.1201505863E+002
    387000   0.3879855277E+003   0.1201447234E+002
    387100   0.3879861514E+003   0.1201384860E+002
    387200   0.3879871598E+003   0.1201284020E+002
    387300   0.3879879333E+003   0.1201206671E+002
    387400   0.3879883644E+003   0.1201163558E+002
    387500   0.3879889610E+003   0.1201103903E+002
    387600   0.3879897559E+003   0.1201024406E+002
    387700   0.3879908246E+003   0.1200917542E+002
    387800   0.3879915857E+003   0.1200841429E+002
    387900   0.3879919372E+003   0.1200806278E+002
    388000   0.3879922707E+003   0.1200772928E+002
    388100   0.3879926376E+003   0.1200736243E+002
    388200   0.3879927163E+003   0.1200728374E+002
    388300   0.3879924925E+003   0.1200750746E+002
    388400   0.3879920500E+003   0.1200794998E+002
    388500   0.3879915793E+003   0.1200842066E+002
    388600   0.3879906113E+003   0.1200938867E+002
    388700   0.3879894150E+003   0.1201058497E+002
    388800   0.3879882834E+003   0.1201171661E+002
    388900   0.3879871225E+003   0.1201287745E+002
    389000   0.3879863514E+003   0.1201364864E+002
    389100   0.3879849074E+003   0.1201509263E+002
    389200   0.3879835831E+003   0.1201641689E+002
    389300   0.3879822432E+003   0.1201775679E+002
    389400   0.3879810433E+003   0.1201895667E+002
    389500   0.3879799315E+003   0.1202006848E+002
    389600   0.3879786497E+003   0.1202135031E+002
    389700   0.3879777428E+003   0.1202225715E+002
    389800   0.3879769782E+003   0.1202302182E+002
    389900   0.3879761402E+003   0.1202385981E+002
    390000   0.3879752072E+003   0.1202479278E+002
    390100   0.3879742240E+003   0.1202577598E+002
    390200   0.3879731904E+003   0.1202680958E+002
    390300   0.3879719273E+003   0.1202807271E+002
    390400   0.3879710163E+003   0.1202898372E+002
    390500   0.3879700114E+003   0.1202998855E+002
    390600   0.3879690777E+003   0.1203092225E+002
    390700   0.3879680098E+003   0.1203199024E+002
    390800   0.3879669149E+003   0.1203308505E+002
    390900   0.3879656586E+003   0.1203434142E+002
    391000   0.3879648499E+003   0.1203515008E+002
    391100   0.3879639039E+003   0.1203609606E+002
    391200   0.3879629249E+003   0.1203707510E+002
    391300   0.3879618673E+003   0.1203813274E+002
    391400   0.3879610136E+003   0.1203898640E+002
    391500   0.3879599612E+003   0.1204003880E+002
    391600   0.3879588166E+003   0.1204118340E+002
    391700   0.3879578528E+003   0.1204214715E+002
    391800   0.3879569288E+003   0.1204307124E+002
    391900   0.3879562191E+003   0.1204378090E+002
    392000   0.3879555518E+003   0.1204444823E+002
    392100   0.3879549485E+003   0.1204505149E+002
    392200   0.3879543677E+003   0.1204563228E+002
    392300   0.3879536453E+003   0.1204635473E+002
    392400   0.3879528611E+003   0.1204713890E+002
    392500   0.3879519608E+003   0.1204803925E+002
    392600   0.3879511449E+003   0.1204885512E+002
    392700   0.3879506257E+003   0.1204937434E+002
    392800   0.3879499040E+003   0.1205009598E+002
    392900   0.3879493212E+003   0.1205067876E+002
    393000   0.3879486948E+003   0.1205130523E+002
    393100   0.3879480952E+003   0.1205190483E+002
    393200   0.3879470646E+003   0.1205293540E+002
    393300   0.3879465141E+003   0.1205348595E+002
    393400   0.3879460611E+003   0.1205393894E+002
    393500   0.3879454281E+003   0.1205457194E+002
    393600   0.3879445062E+003   0.1205549379E+002
    393700   0.3879432807E+003   0.1205671926E+002
    393800   0.3879425496E+003   0.1205745040E+002
    393900   0.3879417753E+003   0.1205822469E+002
    394000   0.3879411804E+003   0.1205881960E+002
    394100   0.3879410073E+003   0.1205899269E+002
    394200   0.3879408015E+003   0.1205919851E+002
    394300   0.3879405396E+003   0.1205946038E+002
    394400   0.3879401963E+003   0.1205980371E+002
    394500   0.3879400300E+003   0.1205997001E+002
    394600   0.3879400631E+003   0.1205993690E+002
    394700   0.3879400518E+003   0.1205994820E+002
    394800   0.3879400761E+003   0.1205992394E+002
    394900   0.3879401356E+003   0.1205986444E+002
    395000   0.3879406172E+003   0.1205938280E+002
    395100   0.3879413244E+003   0.1205867560E+002
    395200   0.3879421891E+003   0.1205781094E+002
    395300   0.3879431732E+003   0.1205682681E+002
    395400   0.3879441293E+003   0.1205587067E+002
    395500   0.3879450559E+003   0.1205494410E+002
    395600   0.3879457054E+003   0.1205429465E+002
    395700   0.3879465380E+003   0.1205346201E+002
    395800   0.3879473441E+003   0.1205265586E+002
    395900   0.3879476326E+003   0.1205236744E+002
    396000   0.3879482146E+003   0.1205178540E+002
    396100   0.3879492175E+003   0.1205078247E+002
    396200   0.3879504862E+003   0.1204951378E+002
    396300   0.3879521034E+003   0.1204789656E+002
    396400   0.3879537809E+003   0.1204621905E+002
    396500   0.3879560653E+003   0.1204393467E+002
    396600   0.3879582317E+003   0.1204176832E+002
    396700   0.3879604986E+003   0.1203950140E+002
    396800   0.3879615871E+003   0.1203841294E+002
    396900   0.3879625402E+003   0.1203745976E+002
    397000   0.3879640113E+003   0.1203598869E+002
    397100   0.3879651934E+003   0.1203480659E+002
    397200   0.3879663972E+003   0.1203360281E+002
    397300   0.3879676304E+003   0.1203236965E+002
    397400   0.3879686493E+003   0.1203135067E+002
    397500   0.3879703128E+003   0.1202968724E+002
    397600   0.3879740759E+003   0.1202592411E+002
    397700   0.3879773656E+003   0.1202263437E+002
    397800   0.3879806927E+003   0.1201930725E+002
    397900   0.3879837081E+003   0.1201629190E+002
    398000   0.3879868473E+003   0.1201315269E+002
    398100   0.3879892738E+003   0.1201072622E+002
    398200   0.3879915518E+003   0.1200844824E+002
    398300   0.3879943042E+003   0.1200569584E+002
    398400   0.3879972251E+003   0.1200277491E+002
    398500   0.3879997693E+003   0.1200023073E+002
    398600   0.3880032414E+003   0.1199675855E+002
    398700   0.3880060707E+003   0.1199392934E+002
    398800   0.3880078430E+003   0.1199215696E+002
    398900   0.3880091262E+003   0.1199087375E+002
    399000   0.3880109656E+003   0.1198903436E+002
    399100   0.3880126239E+003   0.1198737609E+002
    399200   0.3880142744E+003   0.1198572562E+002
    399300   0.3880152766E+003   0.1198472341E+002
    399400   0.3880160213E+003   0.1198397871E+002
    399500   0.3880168644E+003   0.1198313564E+002
    399600   0.3880181606E+003   0.1198183941E+002
    399700   0.3880190994E+003   0.1198090056E+002
    399800   0.3880198039E+003   0.1198019612E+002
    399900   0.3880204100E+003   0.1197959001E+002
    400000   0.3880216183E+003   0.1197838170E+002
    400100   0.3880223132E+003   0.1197768681E+002
    400200   0.3880229617E+003   0.1197703830E+002
    400300   0.3880238132E+003   0.1197618685E+002
    400400   0.3880238235E+003   0.1197617646E+002
    400500   0.3880242924E+003   0.1197570763E+002
    400600   0.3880246468E+003   0.1197535319E+002
    400700   0.3880252266E+003   0.1197477344E+002
    400800   0.3880258029E+003   0.1197419711E+002
    400900   0.3880261250E+003   0.1197387501E+002
    401000   0.3880261379E+003   0.1197386205E+002
    401100   0.3880261490E+003   0.1197385102E+002
    401200   0.3880262451E+003   0.1197375494E+002
    401300   0.3880267373E+003   0.1197326270E+002
    401400   0.3880272186E+003   0.1197278137E+002
    401500   0.3880278080E+003   0.1197219199E+002
    401600   0.3880283341E+003   0.1197166588E+002
    401700   0.3880291730E+003   0.1197082704E+002
    401800   0.3880308543E+003   0.1196914567E+002
    401900   0.3880326202E+003   0.1196737980E+002
    402000   0.3880348677E+003   0.1196513229E+002
    402100   0.3880375006E+003   0.1196249945E+002
    402200   0.3880398395E+003   0.1196016052E+002
    402300   0.3880412843E+003   0.1195871570E+002
    402400   0.3880426138E+003   0.1195738621E+002
    402500   0.3880438725E+003   0.1195612749E+002
    402600   0.3880456602E+003   0.1195433983E+002
    402700   0.3880472057E+003   0.1195279432E+002
    402800   0.3880491392E+003   0.1195086077E+002
    402900   0.3880510627E+003   0.1194893727E+002
    403000   0.3880533050E+003   0.1194669499E+002
    403100   0.3880570917E+003   0.1194290834E+002
    403200   0.3880602955E+003   0.1193970446E+002
    403300   0.3880636516E+003   0.1193634840E+002
    403400   0.3880669408E+003   0.1193305923E+002
    403500   0.3880688170E+003   0.1193118296E+002
    403600   0.3880703277E+003   0.1192967228E+002
    403700   0.3880718266E+003   0.1192817344E+002
    403800   0.3880734159E+003   0.1192658412E+002
    403900   0.3880751460E+003   0.1192485400E+002
    404000   0.3880765986E+003   0.1192340137E+002
    404100   0.3880779205E+003   0.1192207952E+002
    404200   0.3880790217E+003   0.1192097828E+002
    404300   0.3880803367E+003   0.1191966333E+002
    404400   0.3880821581E+003   0.1191784190E+002
    404500   0.3880832770E+003   0.1191672297E+002
    404600   0.3880845633E+003   0.1191543673E+002
    404700   0.3880853021E+003   0.1191469791E+002
    404800   0.3880859048E+003   0.1191409517E+002
    404900   0.3880866298E+003   0.1191337017E+002
    405000   0.3880872046E+003   0.1191279540E+002
    405100   0.3880873611E+003   0.1191263889E+002
    405200   0.3880874317E+003   0.1191256832E+002
    405300   0.3880874713E+003   0.1191252866E+002
    405400   0.3880878785E+003   0.1191212147E+002
    405500   0.3880882016E+003   0.1191179841E+002
    405600   0.3880888711E+003   0.1191112891E+002
    405700   0.3880899263E+003   0.1191007370E+002
    405800   0.3880910641E+003   0.1190893591E+002
    405900   0.3880920668E+003   0.1190793319E+002
    406000   0.3880932873E+003   0.1190671265E+002
    406100   0.3880950260E+003   0.1190497398E+002
    406200   0.3880969078E+003   0.1190309223E+002
    406300   0.3880990869E+003   0.1190091308E+002
    406400   0.3881003450E+003   0.1189965497E+002
    406500   0.3881014588E+003   0.1189854116E+002
    406600   0.3881025198E+003   0.1189748017E+002
    406700   0.3881037011E+003   0.1189629892E+002
    406800   0.3881043516E+003   0.1189564842E+002
    406900   0.3881049240E+003   0.1189507596E+002
    407000   0.3881052574E+003   0.1189474258E+002
    407100   0.3881056679E+003   0.1189433210E+002
    407200   0.3881059385E+003   0.1189406151E+002
    407300   0.3881056528E+003   0.1189434724E+002
    407400   0.3881053298E+003   0.1189467018E+002
    407500   0.3881050352E+003   0.1189496476E+002
    407600   0.3881047421E+003   0.1189525793E+002
    407700   0.3881043158E+003   0.1189568415E+002
    407800   0.3881034361E+003   0.1189656393E+002
    407900   0.3881028700E+003   0.1189713004E+002
    408000   0.3881022856E+003   0.1189771436E+002
    408100   0.3881018903E+003   0.1189810969E+002
    408200   0.3881016170E+003   0.1189838297E+002
    408300   0.3881012882E+003   0.1189871182E+002
    408400   0.3881009364E+003   0.1189906365E+002
    408500   0.3881006769E+003   0.1189932307E+002
    408600   0.3881005001E+003   0.1189949992E+002
    408700   0.3881001681E+003   0.1189983190E+002
    408800   0.3880997700E+003   0.1190023000E+002
    408900   0.3880994039E+003   0.1190059606E+002
    409000   0.3880984893E+003   0.1190151070E+002
    409100   0.3880977215E+003   0.1190227846E+002
    409200   0.3880968164E+003   0.1190318357E+002
    409300   0.3880959162E+003   0.1190408383E+002
    409400   0.3880952073E+003   0.1190479271E+002
    409500   0.3880945780E+003   0.1190542196E+002
    409600   0.3880945320E+003   0.1190546797E+002
    409700   0.3880945274E+003   0.1190547260E+002
    409800   0.3880942733E+003   0.1190572671E+002
    409900   0.3880938793E+003   0.1190612069E+002
    410000   0.3880931494E+003   0.1190685058E+002
    410100   0.3880926975E+003   0.1190730252E+002
    410200   0.3880923103E+003   0.1190768973E+002
    410300   0.3880916809E+003   0.1190831909E+002
    410400   0.3880910679E+003   0.1190893210E+002
    410500   0.3880904590E+003   0.1190954096E+002
    410600   0.3880899031E+003   0.1191009686E+002
    410700   0.3880891895E+003   0.1191081048E+002
    410800   0.3880884859E+003   0.1191151412E+002
    410900   0.3880876033E+003   0.1191239671E+002
    411000   0.3880864447E+003   0.1191355526E+002
    411100   0.3880855325E+003   0.1191446747E+002
    411200   0.3880846427E+003   0.1191535728E+002
    411300   0.3880838338E+003   0.1191616617E+002
    411400   0.3880825078E+003   0.1191749222E+002
    411500   0.3880816834E+003   0.1191831658E+002
    411600   0.3880802239E+003   0.1191977606E+002
    411700   0.3880790462E+003   0.1192095384E+002
    411800   0.3880774833E+003   0.1192251670E+002
    411900   0.3880765649E+003   0.1192343515E+002
    412000   0.3880758223E+003   0.1192417773E+002
    412100   0.3880749222E+003   0.1192507783E+002
    412200   0.3880746094E+003   0.1192539060E+002
    412300   0.3880744226E+003   0.1192557737E+002
    412400   0.3880745093E+003   0.1192549070E+002
    412500   0.3880742679E+003   0.1192573205E+002
    412600   0.3880737879E+003   0.1192621214E+002
    412700   0.3880732564E+003   0.1192674364E+002
    412800   0.3880724766E+003   0.1192752343E+002
    412900   0.3880718262E+003   0.1192817384E+002
    413000   0.3880712104E+003   0.1192878956E+002
    413100   0.3880707090E+003   0.1192929097E+002
    413200   0.3880698692E+003   0.1193013081E+002
    413300   0.3880689602E+003   0.1193103984E+002
    413400   0.3880680792E+003   0.1193192082E+002
    413500   0.3880671717E+003   0.1193282834E+002
    413600   0.3880661023E+003   0.1193389771E+002
    413700   0.3880651423E+003   0.1193485769E+002
    413800   0.3880644786E+003   0.1193552137E+002
    413900   0.3880633902E+003   0.1193660979E+002
    414000   0.3880625482E+003   0.1193745183E+002
    414100   0.3880618151E+003   0.1193818490E+002
    414200   0.3880611371E+003   0.1193886294E+002
    414300   0.3880601859E+003   0.1193981408E+002
    414400   0.3880594036E+003   0.1194059643E+002
    414500   0.3880583664E+003   0.1194163359E+002
    414600   0.3880573664E+003   0.1194263360E+002
    414700   0.3880566296E+003   0.1194337039E+002
    414800   0.3880555856E+003   0.1194441442E+002
    414900   0.3880544694E+003   0.1194553058E+002
    415000   0.3880530318E+003   0.1194696818E+002
    415100   0.3880511943E+003   0.1194880568E+002
    415200   0.3880493748E+003   0.1195062521E+002
    415300   0.3880482445E+003   0.1195175546E+002
    415400   0.3880468384E+003   0.1195316156E+002
    415500   0.3880451940E+003   0.1195480599E+002
    415600   0.3880430741E+003   0.1195692591E+002
    415700   0.3880410235E+003   0.1195897653E+002
    415800   0.3880390582E+003   0.1196094177E+002
    415900   0.3880373894E+003   0.1196261059E+002
    416000   0.3880355131E+003   0.1196448689E+002
    416100   0.3880326851E+003   0.1196731494E+002
    416200   0.3880307718E+003   0.1196922822E+002
    416300   0.3880287396E+003   0.1197126036E+002
    416400   0.3880265964E+003   0.1197340360E+002
    416500   0.3880251025E+003   0.1197489749E+002
    416600   0.3880236908E+003   0.1197630917E+002
    416700   0.3880222031E+003   0.1197779688E+002
    416800   0.3880209689E+003   0.1197903109E+002
    416900   0.3880195920E+003   0.1198040804E+002
    417000   0.3880180532E+003   0.1198194676E+002
    417100   0.3880168719E+003   0.1198312813E+002
    417200   0.3880161152E+003   0.1198388478E+002
    417300   0.3880152286E+003   0.1198477143E+002
    417400   0.3880140248E+003   0.1198597520E+002
    417500   0.3880129072E+003   0.1198709281E+002
    417600   0.3880112535E+003   0.1198874646E+002
    417700   0.3880097455E+003   0.1199025453E+002
    417800   0.3880086258E+003   0.1199137422E+002
    417900   0.3880076214E+003   0.1199237855E+002
    418000   0.3880063031E+003   0.1199369695E+002
    418100   0.3880053914E+003   0.1199460861E+002
    418200   0.3880039943E+003   0.1199600569E+002
    418300   0.3880026883E+003   0.1199731169E+002
    418400   0.3880011794E+003   0.1199882061E+002
    418500   0.3879996945E+003   0.1200030552E+002
    418600   0.3879987657E+003   0.1200123435E+002
    418700   0.3879972362E+003   0.1200276384E+002
    418800   0.3879958484E+003   0.1200415161E+002
    418900   0.3879942816E+003   0.1200571842E+002
    419000   0.3879924383E+003   0.1200756166E+002
    419100   0.3879913860E+003   0.1200861401E+002
    419200   0.3879901613E+003   0.1200983873E+002
    419300   0.3879884274E+003   0.1201157262E+002
    419400   0.3879862490E+003   0.1201375103E+002
    419500   0.3879843597E+003   0.1201564031E+002
    419600   0.3879828640E+003   0.1201713604E+002
    419700   0.3879811012E+003   0.1201889881E+002
    419800   0.3879793896E+003   0.1202061036E+002
    419900   0.3879774049E+003   0.1202259508E+002
    420000   0.3879763945E+003   0.1202360554E+002
    420100   0.3879753398E+003   0.1202466024E+002
    420200   0.3879736093E+003   0.1202639072E+002
    420300   0.3879720558E+003   0.1202794423E+002
    420400   0.3879706006E+003   0.1202939936E+002
    420500   0.3879690040E+003   0.1203099596E+002
    420600   0.3879673388E+003   0.1203266122E+002
    420700   0.3879657064E+003   0.1203429360E+002
    420800   0.3879642063E+003   0.1203579367E+002
    420900   0.3879619649E+003   0.1203803510E+002
    421000   0.3879595722E+003   0.1204042777E+002
    421100   0.3879572327E+003   0.1204276725E+002
    421200   0.3879549619E+003   0.1204503806E+002
    421300   0.3879528081E+003   0.1204719191E+002
    421400   0.3879506052E+003   0.1204939479E+002
    421500   0.3879489624E+003   0.1205103761E+002
    421600   0.3879475178E+003   0.1205248217E+002
    421700   0.3879460828E+003   0.1205391722E+002
    421800   0.3879447159E+003   0.1205528414E+002
    421900   0.3879436053E+003   0.1205639473E+002
    422000   0.3879428751E+003   0.1205712494E+002
    422100   0.3879421164E+003   0.1205788358E+002
    422200   0.3879413219E+003   0.1205867811E+002
    422300   0.3879407429E+003   0.1205925713E+002
    422400   0.3879400581E+003   0.1205994187E+002
    422500   0.3879393483E+003   0.1206065171E+002
    422600   0.3879386919E+003   0.1206130806E+002
    422700   0.3879379614E+003   0.1206203865E+002
    422800   0.3879373992E+003   0.1206260077E+002
    422900   0.3879368238E+003   0.1206317624E+002
    423000   0.3879361241E+003   0.1206387590E+002
    423100   0.3879357210E+003   0.1206427897E+002
    423200   0.3879354327E+003   0.1206456726E+002
    423300   0.3879351265E+003   0.1206487353E+002
    423400   0.3879344485E+003   0.1206555146E+002
    423500   0.3879337392E+003   0.1206626076E+002
    423600   0.3879323560E+003   0.1206764402E+002
    423700   0.3879314658E+003   0.1206853417E+002
    423800   0.3879302503E+003   0.1206974971E+002
    423900   0.3879295790E+003   0.1207042101E+002
    424000   0.3879287975E+003   0.1207120249E+002
    424100   0.3879276649E+003   0.1207233513E+002
    424200   0.3879270144E+003   0.1207298558E+002
    424300   0.3879259009E+003   0.1207409911E+002
    424400   0.3879251774E+003   0.1207482260E+002
    424500   0.3879242521E+003   0.1207574790E+002
    424600   0.3879233707E+003   0.1207662933E+002
    424700   0.3879218865E+003   0.1207811350E+002
    424800   0.3879210777E+003   0.1207892229E+002
    424900   0.3879202334E+003   0.1207976659E+002
    425000   0.3879193424E+003   0.1208065759E+002
    425100   0.3879176793E+003   0.1208232065E+002
    425200   0.3879166842E+003   0.1208331577E+002
    425300   0.3879161596E+003   0.1208384035E+002
    425400   0.3879156300E+003   0.1208437004E+002
    425500   0.3879151939E+003   0.1208480609E+002
    425600   0.3879145649E+003   0.1208543511E+002
    425700   0.3879144863E+003   0.1208551373E+002
    425800   0.3879145324E+003   0.1208546755E+002
    425900   0.3879144693E+003   0.1208553074E+002
    426000   0.3879145168E+003   0.1208548319E+002
    426100   0.3879143256E+003   0.1208567442E+002
    426200   0.3879141052E+003   0.1208589483E+002
    426300   0.3879140602E+003   0.1208593982E+002
    426400   0.3879138547E+003   0.1208614530E+002
    426500   0.3879138632E+003   0.1208613676E+002
    426600   0.3879136632E+003   0.1208633685E+002
    426700   0.3879133551E+003   0.1208664485E+002
    426800   0.3879133560E+003   0.1208664397E+002
    426900   0.3879133970E+003   0.1208660303E+002
    427000   0.3879135835E+003   0.1208641655E+002
    427100   0.3879136327E+003   0.1208636726E+002
    427200   0.3879136745E+003   0.1208632550E+002
    427300   0.3879138682E+003   0.1208613177E+002
    427400   0.3879142009E+003   0.1208579907E+002
    427500   0.3879143736E+003   0.1208562635E+002
    427600   0.3879144165E+003   0.1208558353E+002
    427700   0.3879144650E+003   0.1208553504E+002
    427800   0.3879145156E+003   0.1208548442E+002
    427900   0.3879145593E+003   0.1208544070E+002
    428000   0.3879148383E+003   0.1208516173E+002
    428100   0.3879153074E+003   0.1208469263E+002
    428200   0.3879158235E+003   0.1208417651E+002
    428300   0.3879164851E+003   0.1208351488E+002
    428400   0.3879171491E+003   0.1208285087E+002
    428500   0.3879180882E+003   0.1208191184E+002
    428600   0.3879188716E+003   0.1208112841E+002
    428700   0.3879200794E+003   0.1207992063E+002
    428800   0.3879214334E+003   0.1207856660E+002
    428900   0.3879226367E+003   0.1207736326E+002
    429000   0.3879235890E+003   0.1207641101E+002
    429100   0.3879255518E+003   0.1207444816E+002
    429200   0.3879271703E+003   0.1207282969E+002
    429300   0.3879287811E+003   0.1207121893E+002
    429400   0.3879301791E+003   0.1206982086E+002
    429500   0.3879309974E+003   0.1206900258E+002
    429600   0.3879318414E+003   0.1206815862E+002
    429700   0.3879319852E+003   0.1206801484E+002
    429800   0.3879320987E+003   0.1206790129E+002
    429900   0.3879323751E+003   0.1206762492E+002
    430000   0.3879329907E+003   0.1206700927E+002
    430100   0.3879338096E+003   0.1206619043E+002
    430200   0.3879352793E+003   0.1206472074E+002
    430300   0.3879363196E+003   0.1206368044E+002
    430400   0.3879375926E+003   0.1206240739E+002
    430500   0.3879386439E+003   0.1206135609E+002
    430600   0.3879397832E+003   0.1206021676E+002
    430700   0.3879417237E+003   0.1205827634E+002
    430800   0.3879438887E+003   0.1205611131E+002
    430900   0.3879457204E+003   0.1205427958E+002
    431000   0.3879477244E+003   0.1205227557E+002
    431100   0.3879499380E+003   0.1205006196E+002
    431200   0.3879517342E+003   0.1204826581E+002
    431300   0.3879531447E+003   0.1204685529E+002
    431400   0.3879538658E+003   0.1204613425E+002
    431500   0.3879550351E+003   0.1204496489E+002
    431600   0.3879564253E+003   0.1204357472E+002
    431700   0.3879581234E+003   0.1204187662E+002
    431800   0.3879596874E+003   0.1204031261E+002
    431900   0.3879615584E+003   0.1203844162E+002
    432000   0.3879629888E+003   0.1203701121E+002
    432100   0.3879646015E+003   0.1203539853E+002
    432200   0.3879655123E+003   0.1203448770E+002
    432300   0.3879668909E+003   0.1203310905E+002
    432400   0.3879686016E+003   0.1203139836E+002
    432500   0.3879700319E+003   0.1202996808E+002
    432600   0.3879712634E+003   0.1202873657E+002
    432700   0.3879722316E+003   0.1202776844E+002
    432800   0.3879731041E+003   0.1202689594E+002
    432900   0.3879736282E+003   0.1202637182E+002
    433000   0.3879743505E+003   0.1202564946E+002
    433100   0.3879750791E+003   0.1202492094E+002
    433200   0.3879757751E+003   0.1202422487E+002
    433300   0.3879765203E+003   0.1202347969E+002
    433400   0.3879770921E+003   0.1202290787E+002
    433500   0.3879771179E+003   0.1202288206E+002
    433600   0.3879771447E+003   0.1202285529E+002
    433700   0.3879771713E+003   0.1202282872E+002
    433800   0.3879771968E+003   0.1202280316E+002
    433900   0.3879772233E+003   0.1202277665E+002
    434000   0.3879769645E+003   0.1202303550E+002
    434100   0.3879765966E+003   0.1202340336E+002
    434200   0.3879763144E+003   0.1202368559E+002
    434300   0.3879760604E+003   0.1202393963E+002
    434400   0.3879759624E+003   0.1202403760E+002
    434500   0.3879759879E+003   0.1202401211E+002
    434600   0.3879760126E+003   0.1202398739E+002
    434700   0.3879760375E+003   0.1202396249E+002
    434800   0.3879760615E+003   0.1202393850E+002
    434900   0.3879761508E+003   0.1202384920E+002
    435000   0.3879768643E+003   0.1202313575E+002
    435100   0.3879775384E+003   0.1202246162E+002
    435200   0.3879783503E+003   0.1202164969E+002
    435300   0.3879790571E+003   0.1202094285E+002
    435400   0.3879800285E+003   0.1201997149E+002
    435500   0.3879807201E+003   0.1201927994E+002
    435600   0.3879815578E+003   0.1201844216E+002
    435700   0.3879819021E+003   0.1201809787E+002
    435800   0.3879822909E+003   0.1201770915E+002
    435900   0.3879834434E+003   0.1201655660E+002
    436000   0.3879838481E+003   0.1201615188E+002
    436100   0.3879841626E+003   0.1201583738E+002
    436200   0.3879844953E+003   0.1201550473E+002
    436300   0.3879847915E+003   0.1201520850E+002
    436400   0.3879851747E+003   0.1201482531E+002
    436500   0.3879855359E+003   0.1201446411E+002
    436600   0.3879861821E+003   0.1201381789E+002
    436700   0.3879868798E+003   0.1201312021E+002
    436800   0.3879872176E+003   0.1201278244E+002
    436900   0.3879872408E+003   0.1201275921E+002
    437000   0.3879870039E+003   0.1201299612E+002
    437100   0.3879865025E+003   0.1201349747E+002
    437200   0.3879862306E+003   0.1201376944E+002
    437300   0.3879864676E+003   0.1201353241E+002
    437400   0.3879872092E+003   0.1201279083E+002
    437500   0.3879875380E+003   0.1201246200E+002
    437600   0.3879878730E+003   0.1201212703E+002
    437700   0.3879883121E+003   0.1201168791E+002
    437800   0.3879883664E+003   0.1201163362E+002
    437900   0.3879883455E+003   0.1201165452E+002
    438000   0.3879878957E+003   0.1201210427E+002
    438100   0.3879872913E+003   0.1201270867E+002
    438200   0.3879867764E+003   0.1201322357E+002
    438300   0.3879862937E+003   0.1201370630E+002
    438400   0.3879858759E+003   0.1201412408E+002
    438500   0.3879855906E+003   0.1201440941E+002
    438600   0.3879853251E+003   0.1201467489E+002
    438700   0.3879852663E+003   0.1201473374E+002
    438800   0.3879850766E+003   0.1201492343E+002
    438900   0.3879845704E+003   0.1201542964E+002
    439000   0.3879840133E+003   0.1201598667E+002
    439100   0.3879834824E+003   0.1201651761E+002
    439200   0.3879832174E+003   0.1201678263E+002
    439300   0.3879832405E+003   0.1201675945E+002
    439400   0.3879832603E+003   0.1201673966E+002
    439500   0.3879832850E+003   0.1201671498E+002
    439600   0.3879833836E+003   0.1201661641E+002
    439700   0.3879839309E+003   0.1201606910E+002
    439800   0.3879846709E+003   0.1201532905E+002
    439900   0.3879853088E+003   0.1201469125E+002
    440000   0.3879860541E+003   0.1201394588E+002
    440100   0.3879868918E+003   0.1201310823E+002
    440200   0.3879875726E+003   0.1201242741E+002
    440300   0.3879883750E+003   0.1201162500E+002
    440400   0.3879891872E+003   0.1201081282E+002
    440500   0.3879898045E+003   0.1201019546E+002
    440600   0.3879903944E+003   0.1200960561E+002
    440700   0.3879905850E+003   0.1200941503E+002
    440800   0.3879909143E+003   0.1200908566E+002
    440900   0.3879912372E+003   0.1200876282E+002
    441000   0.3879912561E+003   0.1200874395E+002
    441100   0.3879912247E+003   0.1200877525E+002
    441200   0.3879909666E+003   0.1200903339E+002
    441300   0.3879907332E+003   0.1200926675E+002
    441400   0.3879903195E+003   0.1200968053E+002
    441500   0.3879897980E+003   0.1201020203E+002
    441600   0.3879891380E+003   0.1201086195E+002
    441700   0.3879889113E+003   0.1201108874E+002
    441800   0.3879889261E+003   0.1201107390E+002
    441900   0.3879886706E+003   0.1201132938E+002
    442000   0.3879880166E+003   0.1201198339E+002
    442100   0.3879870557E+003   0.1201294434E+002
    442200   0.3879861229E+003   0.1201387715E+002
    442300   0.3879850951E+003   0.1201490487E+002
    442400   0.3879845455E+003   0.1201545453E+002
    442500   0.3879839268E+003   0.1201607321E+002
    442600   0.3879836824E+003   0.1201631761E+002
    442700   0.3879836929E+003   0.1201630714E+002
    442800   0.3879837146E+003   0.1201628542E+002
    442900   0.3879833444E+003   0.1201665556E+002
    443000   0.3879826873E+003   0.1201731269E+002
    443100   0.3879823586E+003   0.1201764144E+002
    443200   0.3879821356E+003   0.1201786445E+002
    443300   0.3879817722E+003   0.1201822776E+002
    443400   0.3879815606E+003   0.1201843937E+002
    443500   0.3879813626E+003   0.1201863740E+002
    443600   0.3879813693E+003   0.1201863072E+002
    443700   0.3879810786E+003   0.1201892143E+002
    443800   0.3879807535E+003   0.1201924650E+002
    443900   0.3879802531E+003   0.1201974688E+002
    444000   0.3879797884E+003   0.1202021157E+002
    444100   0.3879793827E+003   0.1202061733E+002
    444200   0.3879791957E+003   0.1202080435E+002
    444300   0.3879792178E+003   0.1202078217E+002
    444400   0.3879790872E+003   0.1202091276E+002
    444500   0.3879788426E+003   0.1202115741E+002
    444600   0.3879787210E+003   0.1202127899E+002
    444700   0.3879786438E+003   0.1202135623E+002
    444800   0.3879785320E+003   0.1202146804E+002
    444900   0.3879785548E+003   0.1202144519E+002
    445000   0.3879785791E+003   0.1202142095E+002
    445100   0.3879786624E+003   0.1202133760E+002
    445200   0.3879786900E+003   0.1202131001E+002
    445300   0.3879787969E+003   0.1202120310E+002
    445400   0.3879791921E+003   0.1202080795E+002
    445500   0.3879792699E+003   0.1202073013E+002
    445600   0.3879795856E+003   0.1202041440E+002
    445700   0.3879802475E+003   0.1201975254E+002
    445800   0.3879809565E+003   0.1201904345E+002
    445900   0.3879819059E+003   0.1201809410E+002
    446000   0.3879825350E+003   0.1201746495E+002
    446100   0.3879836643E+003   0.1201633566E+002
    446200   0.3879846770E+003   0.1201532295E+002
    446300   0.3879859652E+003   0.1201403475E+002
    446400   0.3879869346E+003   0.1201306537E+002
    446500   0.3879888301E+003   0.1201116986E+002
    446600   0.3879903655E+003   0.1200963455E+002
    446700   0.3879919233E+003   0.1200807666E+002
    446800   0.3879941943E+003   0.1200580572E+002
    446900   0.3879956854E+003   0.1200431463E+002
    447000   0.3879978378E+003   0.1200216222E+002
    447100   0.3879995678E+003   0.1200043222E+002
    447200   0.3880004240E+003   0.1199957601E+002
    447300   0.3880015014E+003   0.1199849862E+002
    447400   0.3880029405E+003   0.1199705947E+002
    447500   0.3880035577E+003   0.1199644230E+002
    447600   0.3880039215E+003   0.1199607852E+002
    447700   0.3880042936E+003   0.1199570635E+002
    447800   0.3880044931E+003   0.1199550694E+002
    447900   0.3880043186E+003   0.1199568138E+002
    448000   0.3880039710E+003   0.1199602900E+002
    448100   0.3880037535E+003   0.1199624648E+002
    448200   0.3880033768E+003   0.1199662318E+002
    448300   0.3880028679E+003   0.1199713214E+002
    448400   0.3880023135E+003   0.1199768652E+002
    448500   0.3880017608E+003   0.1199823925E+002
    448600   0.3880016357E+003   0.1199836433E+002
    448700   0.3880017526E+003   0.1199824742E+002
    448800   0.3880022902E+003   0.1199770980E+002
    448900   0.3880030783E+003   0.1199692167E+002
    449000   0.3880036346E+003   0.1199636541E+002
    449100   0.3880042277E+003   0.1199577231E+002
    449200   0.3880048303E+003   0.1199516967E+002
    449300   0.3880053633E+003   0.1199463670E+002
    449400   0.3880061813E+003   0.1199381865E+002
    449500   0.3880067781E+003   0.1199322187E+002
    449600   0.3880073455E+003   0.1199265451E+002
    449700   0.3880084924E+003   0.1199150756E+002
    449800   0.3880096458E+003   0.1199035418E+002
    449900   0.3880114140E+003   0.1198858597E+002
    450000   0.3880133230E+003   0.1198667702E+002
    450100   0.3880155918E+003   0.1198440818E+002
    450200   0.3880171573E+003   0.1198284266E+002
    450300   0.3880183712E+003   0.1198162880E+002
    450400   0.3880193160E+003   0.1198068403E+002
    450500   0.3880204110E+003   0.1197958902E+002
    450600   0.3880216007E+003   0.1197839928E+002
    450700   0.3880247997E+003   0.1197520031E+002
    450800   0.3880265670E+003   0.1197343300E+002
    450900   0.3880290056E+003   0.1197099443E+002
    451000   0.3880309332E+003   0.1196906683E+002
    451100   0.3880327517E+003   0.1196724831E+002
    451200   0.3880351393E+003   0.1196486073E+002
    451300   0.3880389040E+003   0.1196109598E+002
    451400   0.3880414216E+003   0.1195857837E+002
    451500   0.3880439473E+003   0.1195605274E+002
    451600   0.3880460108E+003   0.1195398918E+002
    451700   0.3880485110E+003   0.1195148897E+002
    451800   0.3880499039E+003   0.1195009605E+002
    451900   0.3880514873E+003   0.1194851273E+002
    452000   0.3880533961E+003   0.1194660394E+002
    452100   0.3880557737E+003   0.1194422627E+002
    452200   0.3880585088E+003   0.1194149124E+002
    452300   0.3880613769E+003   0.1193862313E+002
    452400   0.3880640823E+003   0.1193591768E+002
    452500   0.3880665632E+003   0.1193343680E+002
    452600   0.3880693548E+003   0.1193064523E+002
    452700   0.3880714928E+003   0.1192850722E+002
    452800   0.3880736229E+003   0.1192637714E+002
    452900   0.3880755233E+003   0.1192447667E+002
    453000   0.3880772040E+003   0.1192279596E+002
    453100   0.3880789296E+003   0.1192107037E+002
    453200   0.3880814339E+003   0.1191856614E+002
    453300   0.3880831161E+003   0.1191688389E+002
    453400   0.3880843672E+003   0.1191563277E+002
    453500   0.3880852984E+003   0.1191470163E+002
    453600   0.3880863060E+003   0.1191369395E+002
    453700   0.3880876875E+003   0.1191231249E+002
    453800   0.3880887336E+003   0.1191126643E+002
    453900   0.3880897745E+003   0.1191022549E+002
    454000   0.3880906649E+003   0.1190933505E+002
    454100   0.3880909467E+003   0.1190905327E+002
    454200   0.3880913995E+003   0.1190860049E+002
    454300   0.3880916396E+003   0.1190836035E+002
    454400   0.3880919293E+003   0.1190807073E+002
    454500   0.3880921727E+003   0.1190782733E+002
    454600   0.3880925361E+003   0.1190746393E+002
    454700   0.3880928005E+003   0.1190719950E+002
    454800   0.3880932979E+003   0.1190670213E+002
    454900   0.3880938831E+003   0.1190611691E+002
    455000   0.3880941623E+003   0.1190583767E+002
    455100   0.3880944520E+003   0.1190554803E+002
    455200   0.3880947643E+003   0.1190523568E+002
    455300   0.3880947885E+003   0.1190521153E+002
    455400   0.3880944820E+003   0.1190551797E+002
    455500   0.3880942042E+003   0.1190579576E+002
    455600   0.3880939677E+003   0.1190603232E+002
    455700   0.3880936686E+003   0.1190633145E+002
    455800   0.3880935769E+003   0.1190642308E+002
    455900   0.3880935714E+003   0.1190642862E+002
    456000   0.3880935644E+003   0.1190643558E+002
    456100   0.3880932625E+003   0.1190673754E+002
    456200   0.3880929424E+003   0.1190705762E+002
    456300   0.3880925151E+003   0.1190748486E+002
    456400   0.3880917724E+003   0.1190822756E+002
    456500   0.3880910467E+003   0.1190895331E+002
    456600   0.3880904531E+003   0.1190954694E+002
    456700   0.3880900155E+003   0.1190998452E+002
    456800   0.3880896683E+003   0.1191033167E+002
    456900   0.3880893199E+003   0.1191068014E+002
    457000   0.3880890584E+003   0.1191094159E+002
    457100   0.3880887918E+003   0.1191120823E+002
    457200   0.3880887825E+003   0.1191121749E+002
    457300   0.3880889514E+003   0.1191104860E+002
    457400   0.3880889714E+003   0.1191102863E+002
    457500   0.3880889603E+003   0.1191103970E+002
    457600   0.3880889567E+003   0.1191104325E+002
    457700   0.3880888832E+003   0.1191111680E+002
    457800   0.3880890655E+003   0.1191093448E+002
    457900   0.3880893589E+003   0.1191064114E+002
    458000   0.3880899353E+003   0.1191006469E+002
    458100   0.3880908828E+003   0.1190911724E+002
    458200   0.3880919171E+003   0.1190808288E+002
    458300   0.3880931834E+003   0.1190681663E+002
    458400   0.3880939969E+003   0.1190600312E+002
    458500   0.3880947766E+003   0.1190522344E+002
    458600   0.3880957991E+003   0.1190420093E+002
    458700   0.3880967937E+003   0.1190320626E+002
    458800   0.3880980734E+003   0.1190192665E+002
    458900   0.3880999784E+003   0.1190002164E+002
    459000   0.3881013617E+003   0.1189863826E+002
    459100   0.3881030163E+003   0.1189698375E+002
    459200   0.3881052886E+003   0.1189471137E+002
    459300   0.3881072314E+003   0.1189276855E+002
    459400   0.3881104100E+003   0.1188958996E+002
    459500   0.3881130229E+003   0.1188697706E+002
    459600   0.3881153575E+003   0.1188464251E+002
    459700   0.3881172279E+003   0.1188277208E+002
    459800   0.3881195495E+003   0.1188045049E+002
    459900   0.3881220659E+003   0.1187793409E+002
    460000   0.3881253414E+003   0.1187465863E+002
    460100   0.3881284362E+003   0.1187156375E+002
    460200   0.3881322944E+003   0.1186770564E+002
    460300   0.3881368472E+003   0.1186315280E+002
    460400   0.3881399135E+003   0.1186008651E+002
    460500   0.3881426292E+003   0.1185737081E+002
    460600   0.3881451770E+003   0.1185482304E+002
    460700   0.3881495642E+003   0.1185043585E+002
    460800   0.3881542817E+003   0.1184571829E+002
    460900   0.3881576550E+003   0.1184234501E+002
    461000   0.3881608084E+003   0.1183919155E+002
    461100   0.3881628076E+003   0.1183719235E+002
    461200   0.3881656134E+003   0.1183438658E+002
    461300   0.3881686501E+003   0.1183134985E+002
    461400   0.3881715281E+003   0.1182847194E+002
    461500   0.3881746033E+003   0.1182539666E+002
    461600   0.3881786303E+003   0.1182136975E+002
    461700   0.3881821126E+003   0.1181788744E+002
    461800   0.3881846498E+003   0.1181535024E+002
    461900   0.3881869738E+003   0.1181302617E+002
    462000   0.3881887736E+003   0.1181122642E+002
    462100   0.3881905740E+003   0.1180942598E+002
    462200   0.3881922336E+003   0.1180776641E+002
    462300   0.3881935679E+003   0.1180643210E+002
    462400   0.3881942169E+003   0.1180578315E+002
    462500   0.3881947185E+003   0.1180528150E+002
    462600   0.3881952055E+003   0.1180479452E+002
    462700   0.3881953835E+003   0.1180461650E+002
    462800   0.3881953271E+003   0.1180467285E+002
    462900   0.3881952941E+003   0.1180470593E+002
    463000   0.3881953028E+003   0.1180469716E+002
    463100   0.3881955130E+003   0.1180448699E+002
    463200   0.3881955679E+003   0.1180443212E+002
    463300   0.3881953907E+003   0.1180460935E+002
    463400   0.3881951279E+003   0.1180487208E+002
    463500   0.3881946948E+003   0.1180530520E+002
    463600   0.3881941518E+003   0.1180584821E+002
    463700   0.3881934023E+003   0.1180659770E+002
    463800   0.3881922244E+003   0.1180777556E+002
    463900   0.3881910785E+003   0.1180892149E+002
    464000   0.3881895353E+003   0.1181046467E+002
    464100   0.3881888167E+003   0.1181118332E+002
    464200   0.3881881627E+003   0.1181183726E+002
    464300   0.3881877666E+003   0.1181223338E+002
    464400   0.3881870857E+003   0.1181291432E+002
    464500   0.3881863713E+003   0.1181362872E+002
    464600   0.3881858406E+003   0.1181415942E+002
    464700   0.3881853768E+003   0.1181462319E+002
    464800   0.3881849508E+003   0.1181504924E+002
    464900   0.3881844952E+003   0.1181550481E+002
    465000   0.3881839901E+003   0.1181600994E+002
    465100   0.3881835207E+003   0.1181647930E+002
    465200   0.3881831561E+003   0.1181684394E+002
    465300   0.3881828244E+003   0.1181717564E+002
    465400   0.3881825199E+003   0.1181748014E+002
    465500   0.3881821346E+003   0.1181786535E+002
    465600   0.3881815868E+003   0.1181841317E+002
    465700   0.3881813083E+003   0.1181869171E+002
    465800   0.3881808899E+003   0.1181911012E+002
    465900   0.3881806366E+003   0.1181936345E+002
    466000   0.3881804072E+003   0.1181959284E+002
    466100   0.3881800509E+003   0.1181994908E+002
    466200   0.3881797082E+003   0.1182029181E+002
    466300   0.3881791563E+003   0.1182084372E+002
    466400   0.3881787997E+003   0.1182120028E+002
    466500   0.3881790501E+003   0.1182094990E+002
    466600   0.3881793128E+003   0.1182068718E+002
    466700   0.3881792930E+003   0.1182070700E+002
    466800   0.3881795122E+003   0.1182048780E+002
    466900   0.3881794826E+003   0.1182051742E+002
    467000   0.3881792528E+003   0.1182074716E+002
    467100   0.3881790619E+003   0.1182093807E+002
    467200   0.3881789393E+003   0.1182106072E+002
    467300   0.3881785081E+003   0.1182149195E+002
    467400   0.3881780060E+003   0.1182199399E+002
    467500   0.3881777870E+003   0.1182221296E+002
    467600   0.3881778033E+003   0.1182219667E+002
    467700   0.3881777707E+003   0.1182222930E+002
    467800   0.3881777293E+003   0.1182227065E+002
    467900   0.3881776968E+003   0.1182230319E+002
    468000   0.3881776544E+003   0.1182234556E+002
    468100   0.3881778111E+003   0.1182218892E+002
    468200   0.3881777902E+003   0.1182220985E+002
    468300   0.3881780107E+003   0.1182198933E+002
    468400   0.3881782783E+003   0.1182172165E+002
    468500   0.3881786111E+003   0.1182138887E+002
    468600   0.3881788517E+003   0.1182114829E+002
    468700   0.3881791543E+003   0.1182084569E+002
    468800   0.3881793812E+003   0.1182061878E+002
    468900   0.3881796745E+003   0.1182032545E+002
    469000   0.3881794042E+003   0.1182059581E+002
    469100   0.3881792996E+003   0.1182070045E+002
    469200   0.3881797836E+003   0.1182021645E+002
    469300   0.3881804043E+003   0.1181959567E+002
    469400   0.3881809997E+003   0.1181900031E+002
    469500   0.3881812556E+003   0.1181874443E+002
    469600   0.3881816145E+003   0.1181838549E+002
    469700   0.3881819473E+003   0.1181805274E+002
    469800   0.3881822437E+003   0.1181775630E+002
    469900   0.3881829070E+003   0.1181709305E+002
    470000   0.3881835731E+003   0.1181642693E+002
    470100   0.3881840963E+003   0.1181590369E+002
    470200   0.3881849665E+003   0.1181503352E+002
    470300   0.3881861543E+003   0.1181384567E+002
    470400   0.3881875035E+003   0.1181249649E+002
    470500   0.3881887977E+003   0.1181120229E+002
    470600   0.3881896151E+003   0.1181038486E+002
    470700   0.3881907108E+003   0.1180928917E+002
    470800   0.3881916914E+003   0.1180830858E+002
    470900   0.3881925524E+003   0.1180744757E+002
    471000   0.3881934045E+003   0.1180659551E+002
    471100   0.3881943031E+003   0.1180569691E+002
    471200   0.3881948620E+003   0.1180513801E+002
    471300   0.3881955504E+003   0.1180444963E+002
    471400   0.3881964872E+003   0.1180351285E+002
    471500   0.3881971522E+003   0.1180284782E+002
    471600   0.3881976794E+003   0.1180232057E+002
    471700   0.3881981731E+003   0.1180182693E+002
    471800   0.3881986889E+003   0.1180131105E+002
    471900   0.3881993792E+003   0.1180062078E+002
    472000   0.3882000657E+003   0.1179993428E+002
    472100   0.3882007886E+003   0.1179921135E+002
    472200   0.3882013041E+003   0.1179869593E+002
    472300   0.3882018470E+003   0.1179815296E+002
    472400   0.3882026520E+003   0.1179734800E+002
    472500   0.3882034480E+003   0.1179655197E+002
    472600   0.3882038423E+003   0.1179615767E+002
    472700   0.3882041162E+003   0.1179588379E+002
    472800   0.3882042669E+003   0.1179573312E+002
    472900   0.3882042251E+003   0.1179577489E+002
    473000   0.3882042369E+003   0.1179576315E+002
    473100   0.3882043342E+003   0.1179566579E+002
    473200   0.3882040924E+003   0.1179590759E+002
    473300   0.3882038489E+003   0.1179615111E+002
    473400   0.3882038045E+003   0.1179619553E+002
    473500   0.3882037740E+003   0.1179622598E+002
    473600   0.3882038658E+003   0.1179613417E+002
    473700   0.3882040738E+003   0.1179592621E+002
    473800   0.3882044012E+003   0.1179559883E+002
    473900   0.3882047904E+003   0.1179520964E+002
    474000   0.3882050015E+003   0.1179499847E+002
    474100   0.3882050485E+003   0.1179495146E+002
    474200   0.3882050019E+003   0.1179499814E+002
    474300   0.3882049750E+003   0.1179502503E+002
    474400   0.3882049355E+003   0.1179506446E+002
    474500   0.3882047308E+003   0.1179526915E+002
    474600   0.3882040079E+003   0.1179599208E+002
    474700   0.3882031321E+003   0.1179686791E+002
    474800   0.3882019083E+003   0.1179809167E+002
    474900   0.3882006610E+003   0.1179933895E+002
    475000   0.3881992743E+003   0.1180072572E+002
    475100   0.3881978471E+003   0.1180215293E+002
    475200   0.3881960514E+003   0.1180394861E+002
    475300   0.3881943654E+003   0.1180563463E+002
    475400   0.3881930482E+003   0.1180695176E+002
    475500   0.3881914495E+003   0.1180855050E+002
    475600   0.3881902368E+003   0.1180976324E+002
    475700   0.3881890955E+003   0.1181090446E+002
    475800   0.3881872303E+003   0.1181276973E+002
    475900   0.3881857035E+003   0.1181429646E+002
    476000   0.3881843894E+003   0.1181561058E+002
    476100   0.3881830413E+003   0.1181695867E+002
    476200   0.3881808192E+003   0.1181918076E+002
    476300   0.3881789801E+003   0.1182101989E+002
    476400   0.3881773040E+003   0.1182269595E+002
    476500   0.3881753326E+003   0.1182466741E+002
    476600   0.3881743157E+003   0.1182568431E+002
    476700   0.3881728397E+003   0.1182716035E+002
    476800   0.3881718332E+003   0.1182816677E+002
    476900   0.3881703141E+003   0.1182968594E+002
    477000   0.3881685494E+003   0.1183145059E+002
    477100   0.3881673097E+003   0.1183269029E+002
    477200   0.3881659247E+003   0.1183407531E+002
    477300   0.3881642353E+003   0.1183576468E+002
    477400   0.3881631155E+003   0.1183688450E+002
    477500   0.3881618539E+003   0.1183814612E+002
    477600   0.3881607745E+003   0.1183922555E+002
    477700   0.3881593311E+003   0.1184066887E+002
    477800   0.3881579565E+003   0.1184204346E+002
    477900   0.3881570073E+003   0.1184299274E+002
    478000   0.3881558457E+003   0.1184415426E+002
    478100   0.3881541994E+003   0.1184580064E+002
    478200   0.3881531057E+003   0.1184689434E+002
    478300   0.3881522240E+003   0.1184777598E+002
    478400   0.3881504904E+003   0.1184950955E+002
    478500   0.3881496878E+003   0.1185031217E+002
    478600   0.3881479422E+003   0.1185205779E+002
    478700   0.3881466586E+003   0.1185334140E+002
    478800   0.3881456174E+003   0.1185438259E+002
    478900   0.3881446011E+003   0.1185539892E+002
    479000   0.3881436945E+003   0.1185630553E+002
    479100   0.3881427258E+003   0.1185727418E+002
    479200   0.3881410864E+003   0.1185891361E+002
    479300   0.3881401483E+003   0.1185985166E+002
    479400   0.3881393344E+003   0.1186066557E+002
    479500   0.3881385393E+003   0.1186146066E+002
    479600   0.3881374427E+003   0.1186255725E+002
    479700   0.3881365277E+003   0.1186347232E+002
    479800   0.3881357232E+003   0.1186427682E+002
    479900   0.3881350845E+003   0.1186491551E+002
    480000   0.3881340986E+003   0.1186590138E+002
    480100   0.3881333064E+003   0.1186669356E+002
    480200   0.3881326980E+003   0.1186730198E+002
    480300   0.3881321658E+003   0.1186783422E+002
    480400   0.3881317206E+003   0.1186827944E+002
    480500   0.3881311844E+003   0.1186881561E+002
    480600   0.3881307156E+003   0.1186928444E+002
    480700   0.3881302606E+003   0.1186973939E+002
    480800   0.3881295238E+003   0.1187047618E+002
    480900   0.3881286968E+003   0.1187130318E+002
    481000   0.3881281633E+003   0.1187183667E+002
    481100   0.3881276517E+003   0.1187234826E+002
    481200   0.3881272124E+003   0.1187278764E+002
    481300   0.3881267350E+003   0.1187326497E+002
    481400   0.3881263172E+003   0.1187368280E+002
    481500   0.3881261451E+003   0.1187385486E+002
    481600   0.3881259825E+003   0.1187401747E+002
    481700   0.3881257682E+003   0.1187423177E+002
    481800   0.3881254711E+003   0.1187452893E+002
    481900   0.3881250369E+003   0.1187496311E+002
    482000   0.3881243024E+003   0.1187569758E+002
    482100   0.3881237321E+003   0.1187626786E+002
    482200   0.3881236157E+003   0.1187638430E+002
    482300   0.3881235933E+003   0.1187640668E+002
    482400   0.3881235787E+003   0.1187642133E+002
    482500   0.3881236731E+003   0.1187632685E+002
    482600   0.3881241677E+003   0.1187583228E+002
    482700   0.3881247843E+003   0.1187521570E+002
    482800   0.3881257462E+003   0.1187425384E+002
    482900   0.3881267434E+003   0.1187325661E+002
    483000   0.3881279406E+003   0.1187205938E+002
    483100   0.3881291041E+003   0.1187089585E+002
    483200   0.3881300770E+003   0.1186992300E+002
    483300   0.3881309660E+003   0.1186903396E+002
    483400   0.3881321864E+003   0.1186781356E+002
    483500   0.3881329734E+003   0.1186702655E+002
    483600   0.3881336402E+003   0.1186635985E+002
    483700   0.3881344449E+003   0.1186555514E+002
    483800   0.3881351030E+003   0.1186489703E+002
    483900   0.3881361960E+003   0.1186380395E+002
    484000   0.3881371504E+003   0.1186284958E+002
    484100   0.3881381359E+003   0.1186186408E+002
    484200   0.3881388088E+003   0.1186119123E+002
    484300   0.3881391754E+003   0.1186082461E+002
    484400   0.3881397994E+003   0.1186020059E+002
    484500   0.3881403655E+003   0.1185963454E+002
    484600   0.3881406772E+003   0.1185932279E+002
    484700   0.3881409887E+003   0.1185901134E+002
    484800   0.3881413850E+003   0.1185861496E+002
    484900   0.3881424698E+003   0.1185753023E+002
    485000   0.3881428522E+003   0.1185714779E+002
    485100   0.3881434665E+003   0.1185653353E+002
    485200   0.3881438547E+003   0.1185614525E+002
    485300   0.3881436388E+003   0.1185636119E+002
    485400   0.3881432037E+003   0.1185679627E+002
    485500   0.3881427428E+003   0.1185725722E+002
    485600   0.3881421198E+003   0.1185788020E+002
    485700   0.3881418944E+003   0.1185810559E+002
    485800   0.3881415409E+003   0.1185845908E+002
    485900   0.3881412597E+003   0.1185874032E+002
    486000   0.3881410221E+003   0.1185897786E+002
    486100   0.3881407229E+003   0.1185927713E+002
    486200   0.3881401507E+003   0.1185984928E+002
    486300   0.3881392329E+003   0.1186076710E+002
    486400   0.3881385843E+003   0.1186141571E+002
    486500   0.3881379498E+003   0.1186205017E+002
    486600   0.3881371791E+003   0.1186282090E+002
    486700   0.3881364316E+003   0.1186356839E+002
    486800   0.3881358248E+003   0.1186417517E+002
    486900   0.3881350941E+003   0.1186490594E+002
    487000   0.3881341987E+003   0.1186580132E+002
    487100   0.3881335614E+003   0.1186643857E+002
    487200   0.3881326707E+003   0.1186732931E+002
    487300   0.3881316851E+003   0.1186831492E+002
    487400   0.3881312329E+003   0.1186876705E+002
    487500   0.3881307056E+003   0.1186929443E+002
    487600   0.3881304174E+003   0.1186958264E+002
    487700   0.3881301053E+003   0.1186989468E+002
    487800   0.3881298623E+003   0.1187013770E+002
    487900   0.3881299640E+003   0.1187003596E+002
    488000   0.3881302041E+003   0.1186979592E+002
    488100   0.3881302271E+003   0.1186977292E+002
    488200   0.3881301381E+003   0.1186986193E+002
    488300   0.3881299286E+003   0.1187007145E+002
    488400   0.3881298193E+003   0.1187018066E+002
    488500   0.3881298182E+003   0.1187018177E+002
    488600   0.3881298096E+003   0.1187019038E+002
    488700   0.3881297891E+003   0.1187021086E+002
    488800   0.3881300779E+003   0.1186992212E+002
    488900   0.3881303102E+003   0.1186968983E+002
    489000   0.3881308218E+003   0.1186917821E+002
    489100   0.3881315612E+003   0.1186843881E+002
    489200   0.3881329977E+003   0.1186700234E+002
    489300   0.3881348401E+003   0.1186515986E+002
    489400   0.3881366277E+003   0.1186337230E+002
    489500   0.3881381137E+003   0.1186188627E+002
    489600   0.3881401543E+003   0.1185984570E+002
    489700   0.3881419174E+003   0.1185808260E+002
    489800   0.3881440668E+003   0.1185593321E+002
    489900   0.3881452366E+003   0.1185476344E+002
    490000   0.3881461971E+003   0.1185380292E+002
    490100   0.3881469130E+003   0.1185308698E+002
    490200   0.3881473104E+003   0.1185268965E+002
    490300   0.3881474665E+003   0.1185253355E+002
    490400   0.3881478960E+003   0.1185210399E+002
    490500   0.3881483987E+003   0.1185160135E+002
    490600   0.3881492229E+003   0.1185077713E+002
    490700   0.3881502895E+003   0.1184971052E+002
    490800   0.3881523011E+003   0.1184769886E+002
    490900   0.3881544286E+003   0.1184557137E+002
    491000   0.3881561512E+003   0.1184384882E+002
    491100   0.3881580544E+003   0.1184194564E+002
    491200   0.3881594857E+003   0.1184051433E+002
    491300   0.3881610101E+003   0.1183898990E+002
    491400   0.3881628345E+003   0.1183716554E+002
    491500   0.3881646929E+003   0.1183530715E+002
    491600   0.3881669785E+003   0.1183302146E+002
    491700   0.3881690756E+003   0.1183092444E+002
    491800   0.3881711114E+003   0.1182888858E+002
    491900   0.3881725777E+003   0.1182742229E+002
    492000   0.3881740490E+003   0.1182595103E+002
    492100   0.3881752876E+003   0.1182471242E+002
    492200   0.3881763842E+003   0.1182361581E+002
    492300   0.3881769831E+003   0.1182301689E+002
    492400   0.3881779870E+003   0.1182201305E+002
    492500   0.3881792315E+003   0.1182076847E+002
    492600   0.3881804378E+003   0.1181956220E+002
    492700   0.3881818769E+003   0.1181812309E+002
    492800   0.3881835843E+003   0.1181641572E+002
    492900   0.3881849362E+003   0.1181506385E+002
    493000   0.3881864076E+003   0.1181359245E+002
    493100   0.3881877025E+003   0.1181229755E+002
    493200   0.3881898870E+003   0.1181011300E+002
    493300   0.3881912468E+003   0.1180875321E+002
    493400   0.3881929050E+003   0.1180709499E+002
    493500   0.3881941680E+003   0.1180583202E+002
    493600   0.3881951096E+003   0.1180489045E+002
    493700   0.3881960449E+003   0.1180395511E+002
    493800   0.3881971999E+003   0.1180280008E+002
    493900   0.3881985127E+003   0.1180148733E+002
    494000   0.3882002289E+003   0.1179977108E+002
    494100   0.3882018063E+003   0.1179819370E+002
    494200   0.3882036119E+003   0.1179638806E+002
    494300   0.3882050689E+003   0.1179493113E+002
    494400   0.3882065767E+003   0.1179342331E+002
    494500   0.3882088396E+003   0.1179116045E+002
    494600   0.3882108899E+003   0.1178911006E+002
    494700   0.3882131148E+003   0.1178688520E+002
    494800   0.3882167264E+003   0.1178327357E+002
    494900   0.3882200143E+003   0.1177998569E+002
    495000   0.3882233064E+003   0.1177669357E+002
    495100   0.3882254099E+003   0.1177459008E+002
    495200   0.3882277548E+003   0.1177224520E+002
    495300   0.3882295220E+003   0.1177047796E+002
    495400   0.3882319875E+003   0.1176801254E+002
    495500   0.3882347622E+003   0.1176523783E+002
    495600   0.3882389718E+003   0.1176102823E+002
    495700   0.3882431183E+003   0.1175688172E+002
    495800   0.3882466757E+003   0.1175332428E+002
    495900   0.3882508228E+003   0.1174917724E+002
    496000   0.3882540298E+003   0.1174597016E+002
    496100   0.3882566339E+003   0.1174336611E+002
    496200   0.3882582730E+003   0.1174172696E+002
    496300   0.3882599495E+003   0.1174005052E+002
    496400   0.3882623125E+003   0.1173768746E+002
    496500   0.3882641152E+003   0.1173588480E+002
    496600   0.3882660629E+003   0.1173393711E+002
    496700   0.3882691572E+003   0.1173084280E+002
    496800   0.3882713487E+003   0.1172865126E+002
    496900   0.3882732245E+003   0.1172677553E+002
    497000   0.3882744146E+003   0.1172558542E+002
    497100   0.3882759952E+003   0.1172400476E+002
    497200   0.3882777096E+003   0.1172229040E+002
    497300   0.3882798602E+003   0.1172013983E+002
    497400   0.3882811868E+003   0.1171881317E+002
    497500   0.3882824358E+003   0.1171756424E+002
    497600   0.3882834312E+003   0.1171656883E+002
    497700   0.3882849098E+003   0.1171509021E+002
    497800   0.3882858499E+003   0.1171415013E+002
    497900   0.3882867139E+003   0.1171328613E+002
    498000   0.3882875714E+003   0.1171242865E+002
    498100   0.3882887505E+003   0.1171124951E+002
    498200   0.3882899356E+003   0.1171006439E+002
    498300   0.3882915936E+003   0.1170840645E+002
    498400   0.3882932150E+003   0.1170678499E+002
    498500   0.3882947989E+003   0.1170520113E+002
    498600   0.3882969517E+003   0.1170304825E+002
    498700   0.3882983356E+003   0.1170166441E+002
    498800   0.3883002921E+003   0.1169970789E+002
    498900   0.3883017433E+003   0.1169825672E+002
    499000   0.3883039992E+003   0.1169600077E+002
    499100   0.3883067241E+003   0.1169327593E+002
    499200   0.3883098762E+003   0.1169012382E+002
    499300   0.3883115564E+003   0.1168844362E+002
    499400   0.3883134914E+003   0.1168650857E+002
    499500   0.3883154372E+003   0.1168456283E+002
    499600   0.3883173307E+003   0.1168266928E+002
    499700   0.3883195449E+003   0.1168045506E+002
    499800   0.3883214554E+003   0.1167854457E+002
    499900   0.3883226880E+003   0.1167731203E+002
    500000   0.3883238271E+003   0.1167617287E+002
    500100   0.3883252016E+003   0.1167479836E+002
    500200   0.3883259972E+003   0.1167400283E+002
    500300   0.3883271594E+003   0.1167284056E+002
    500400   0.3883282702E+003   0.1167172975E+002
    500500   0.3883298859E+003   0.1167011413E+002
    500600   0.3883308793E+003   0.1166912075E+002
    500700   0.3883321857E+003   0.1166781429E+002
    500800   0.3883331851E+003   0.1166681492E+002
    500900   0.3883345619E+003   0.1166543808E+002
    501000   0.3883357800E+003   0.1166422004E+002
    501100   0.3883365266E+003   0.1166347338E+002
    501200   0.3883374883E+003   0.1166251166E+002
    501300   0.3883382361E+003   0.1166176388E+002
    501400   0.3883390301E+003   0.1166096992E+002
    501500   0.3883401964E+003   0.1165980364E+002
    501600   0.3883411521E+003   0.1165884786E+002
    501700   0.3883420077E+003   0.1165799228E+002
    501800   0.3883430195E+003   0.1165698054E+002
    501900   0.3883443525E+003   0.1165564751E+002
    502000   0.3883451509E+003   0.1165484909E+002
    502100   0.3883463586E+003   0.1165364144E+002
    502200   0.3883475342E+003   0.1165246583E+002
    502300   0.3883485614E+003   0.1165143865E+002
    502400   0.3883491327E+003   0.1165086730E+002
    502500   0.3883499919E+003   0.1165000809E+002
    502600   0.3883507924E+003   0.1164920757E+002
    502700   0.3883514797E+003   0.1164852032E+002
    502800   0.3883518802E+003   0.1164811975E+002
    502900   0.3883524197E+003   0.1164758028E+002
    503000   0.3883528250E+003   0.1164717500E+002
    503100   0.3883536703E+003   0.1164632975E+002
    503200   0.3883541888E+003   0.1164581117E+002
    503300   0.3883545552E+003   0.1164544484E+002
    503400   0.3883548610E+003   0.1164513901E+002
    503500   0.3883553091E+003   0.1164469087E+002
    503600   0.3883557784E+003   0.1164422157E+002
    503700   0.3883562601E+003   0.1164373990E+002
    503800   0.3883565788E+003   0.1164342118E+002
    503900   0.3883566429E+003   0.1164335712E+002
    504000   0.3883561207E+003   0.1164387930E+002
    504100   0.3883551575E+003   0.1164484254E+002
    504200   0.3883544202E+003   0.1164557977E+002
    504300   0.3883536097E+003   0.1164639035E+002
    504400   0.3883530925E+003   0.1164690752E+002
    504500   0.3883526361E+003   0.1164736389E+002
    504600   0.3883521404E+003   0.1164785964E+002
    504700   0.3883517702E+003   0.1164822978E+002
    504800   0.3883516645E+003   0.1164833553E+002
    504900   0.3883515915E+003   0.1164840849E+002
    505000   0.3883515052E+003   0.1164849483E+002
    505100   0.3883514321E+003   0.1164856790E+002
    505200   0.3883512777E+003   0.1164872227E+002
    505300   0.3883508371E+003   0.1164916292E+002
    505400   0.3883503374E+003   0.1164966258E+002
    505500   0.3883500312E+003   0.1164996882E+002
    505600   0.3883497396E+003   0.1165026041E+002
    505700   0.3883493519E+003   0.1165064814E+002
    505800   0.3883488804E+003   0.1165111958E+002
    505900   0.3883483320E+003   0.1165166795E+002
    506000   0.3883478977E+003   0.1165210226E+002
    506100   0.3883474151E+003   0.1165258493E+002
    506200   0.3883471051E+003   0.1165289492E+002
    506300   0.3883466310E+003   0.1165336896E+002
    506400   0.3883458557E+003   0.1165414434E+002
    506500   0.3883451421E+003   0.1165485786E+002
    506600   0.3883440645E+003   0.1165593549E+002
    506700   0.3883431956E+003   0.1165680443E+002
    506800   0.3883423018E+003   0.1165769824E+002
    506900   0.3883411399E+003   0.1165886012E+002
    507000   0.3883399045E+003   0.1166009548E+002
    507100   0.3883390548E+003   0.1166094522E+002
    507200   0.3883382034E+003   0.1166179661E+002
    507300   0.3883371038E+003   0.1166289621E+002
    507400   0.3883357735E+003   0.1166422651E+002
    507500   0.3883345949E+003   0.1166540512E+002
    507600   0.3883335385E+003   0.1166646153E+002
    507700   0.3883323078E+003   0.1166769223E+002
    507800   0.3883313506E+003   0.1166864936E+002
    507900   0.3883302576E+003   0.1166974238E+002
    508000   0.3883291292E+003   0.1167087077E+002
    508100   0.3883279523E+003   0.1167204765E+002
    508200   0.3883266235E+003   0.1167337645E+002
    508300   0.3883256043E+003   0.1167439570E+002
    508400   0.3883240834E+003   0.1167591664E+002
    508500   0.3883229901E+003   0.1167700987E+002
    508600   0.3883216067E+003   0.1167839334E+002
    508700   0.3883202619E+003   0.1167973813E+002
    508800   0.3883197656E+003   0.1168023440E+002
    508900   0.3883189054E+003   0.1168109455E+002
    509000   0.3883178324E+003   0.1168216762E+002
    509100   0.3883171486E+003   0.1168285141E+002
    509200   0.3883162529E+003   0.1168374711E+002
    509300   0.3883155590E+003   0.1168444095E+002
    509400   0.3883149696E+003   0.1168503036E+002
    509500   0.3883141739E+003   0.1168582613E+002
    509600   0.3883134945E+003   0.1168650554E+002
    509700   0.3883130389E+003   0.1168696106E+002
    509800   0.3883125649E+003   0.1168743514E+002
    509900   0.3883120909E+003   0.1168790913E+002
    510000   0.3883114326E+003   0.1168856743E+002
    510100   0.3883107958E+003   0.1168920415E+002
    510200   0.3883101023E+003   0.1168989770E+002
    510300   0.3883093224E+003   0.1169067755E+002
    510400   0.3883085229E+003   0.1169147715E+002
    510500   0.3883075640E+003   0.1169243602E+002
    510600   0.3883066051E+003   0.1169339488E+002
    510700   0.3883058104E+003   0.1169418962E+002
    510800   0.3883050028E+003   0.1169499722E+002
    510900   0.3883040027E+003   0.1169599730E+002
    511000   0.3883026373E+003   0.1169736271E+002
    511100   0.3883014452E+003   0.1169855475E+002
    511200   0.3883004888E+003   0.1169951117E+002
    511300   0.3882995624E+003   0.1170043761E+002
    511400   0.3882985661E+003   0.1170143392E+002
    511500   0.3882972200E+003   0.1170278002E+002
    511600   0.3882961282E+003   0.1170387181E+002
    511700   0.3882950476E+003   0.1170495244E+002
    511800   0.3882938704E+003   0.1170612963E+002
    511900   0.3882932799E+003   0.1170672014E+002
    512000   0.3882925093E+003   0.1170749070E+002
    512100   0.3882918995E+003   0.1170810046E+002
    512200   0.3882912018E+003   0.1170879824E+002
    512300   0.3882905513E+003   0.1170944869E+002
    512400   0.3882900590E+003   0.1170994096E+002
    512500   0.3882894880E+003   0.1171051201E+002
    512600   0.3882887157E+003   0.1171128432E+002
    512700   0.3882878138E+003   0.1171218618E+002
    512800   0.3882870404E+003   0.1171295963E+002
    512900   0.3882861185E+003   0.1171388151E+002
    513000   0.3882854527E+003   0.1171454735E+002
    513100   0.3882847168E+003   0.1171528324E+002
    513200   0.3882841523E+003   0.1171584774E+002
    513300   0.3882835897E+003   0.1171641034E+002
    513400   0.3882830968E+003   0.1171690324E+002
    513500   0.3882828211E+003   0.1171717893E+002
    513600   0.3882823580E+003   0.1171764203E+002
    513700   0.3882819148E+003   0.1171808516E+002
    513800   0.3882814435E+003   0.1171855650E+002
    513900   0.3882809741E+003   0.1171902587E+002
    514000   0.3882802925E+003   0.1171970750E+002
    514100   0.3882797765E+003   0.1172022347E+002
    514200   0.3882793244E+003   0.1172067564E+002
    514300   0.3882787525E+003   0.1172124753E+002
    514400   0.3882779310E+003   0.1172206895E+002
    514500   0.3882770310E+003   0.1172296901E+002
    514600   0.3882762709E+003   0.1172372908E+002
    514700   0.3882753880E+003   0.1172461199E+002
    514800   0.3882749102E+003   0.1172508976E+002
    514900   0.3882744344E+003   0.1172556561E+002
    515000   0.3882740220E+003   0.1172597798E+002
    515100   0.3882735255E+003   0.1172647447E+002
    515200   0.3882730651E+003   0.1172693485E+002
    515300   0.3882727251E+003   0.1172727489E+002
    515400   0.3882724705E+003   0.1172752951E+002
    515500   0.3882722104E+003   0.1172778962E+002
    515600   0.3882718946E+003   0.1172810545E+002
    515700   0.3882718467E+003   0.1172815333E+002
    515800   0.3882717880E+003   0.1172821197E+002
    515900   0.3882715701E+003   0.1172842992E+002
    516000   0.3882714982E+003   0.1172850180E+002
    516100   0.3882714545E+003   0.1172854546E+002
    516200   0.3882713084E+003   0.1172869157E+002
    516300   0.3882708456E+003   0.1172915445E+002
    516400   0.3882704358E+003   0.1172956422E+002
    516500   0.3882699296E+003   0.1173007037E+002
    516600   0.3882693356E+003   0.1173066437E+002
    516700   0.3882688551E+003   0.1173114491E+002
    516800   0.3882684685E+003   0.1173153150E+002
    516900   0.3882680320E+003   0.1173196798E+002
    517000   0.3882673696E+003   0.1173263044E+002
    517100   0.3882663531E+003   0.1173364687E+002
    517200   0.3882655979E+003   0.1173440211E+002
    517300   0.3882645630E+003   0.1173543701E+002
    517400   0.3882635334E+003   0.1173646657E+002
    517500   0.3882623398E+003   0.1173766015E+002
    517600   0.3882615246E+003   0.1173847536E+002
    517700   0.3882607708E+003   0.1173922917E+002
    517800   0.3882599446E+003   0.1174005536E+002
    517900   0.3882590568E+003   0.1174094325E+002
    518000   0.3882578690E+003   0.1174213101E+002
    518100   0.3882568537E+003   0.1174314631E+002
    518200   0.3882559494E+003   0.1174405062E+002
    518300   0.3882548636E+003   0.1174513639E+002
    518400   0.3882540172E+003   0.1174598276E+002
    518500   0.3882530873E+003   0.1174691273E+002
    518600   0.3882521006E+003   0.1174789941E+002
    518700   0.3882510100E+003   0.1174899004E+002
    518800   0.3882503121E+003   0.1174968787E+002
    518900   0.3882495806E+003   0.1175041938E+002
    519000   0.3882492024E+003   0.1175079758E+002
    519100   0.3882486556E+003   0.1175134441E+002
    519200   0.3882478077E+003   0.1175219235E+002
    519300   0.3882471135E+003   0.1175288654E+002
    519400   0.3882464919E+003   0.1175350809E+002
    519500   0.3882464318E+003   0.1175356825E+002
    519600   0.3882463973E+003   0.1175360271E+002
    519700   0.3882463608E+003   0.1175363922E+002
    519800   0.3882462513E+003   0.1175374869E+002
    519900   0.3882459917E+003   0.1175400826E+002
    520000   0.3882458506E+003   0.1175414941E+002
    520100   0.3882458117E+003   0.1175418835E+002
    520200   0.3882457962E+003   0.1175420381E+002
    520300   0.3882460359E+003   0.1175396409E+002
    520400   0.3882460098E+003   0.1175399021E+002
    520500   0.3882458029E+003   0.1175419711E+002
    520600   0.3882458982E+003   0.1175410179E+002
    520700   0.3882461270E+003   0.1175387299E+002
    520800   0.3882463719E+003   0.1175362814E+002
    520900   0.3882467425E+003   0.1175325746E+002
    521000   0.3882468452E+003   0.1175315478E+002
    521100   0.3882471026E+003   0.1175289744E+002
    521200   0.3882472666E+003   0.1175273342E+002
    521300   0.3882474238E+003   0.1175257615E+002
    521400   0.3882476031E+003   0.1175239692E+002
    521500   0.3882476153E+003   0.1175238472E+002
    521600   0.3882477820E+003   0.1175221805E+002
    521700   0.3882479335E+003   0.1175206653E+002
    521800   0.3882479573E+003   0.1175204271E+002
    521900   0.3882479302E+003   0.1175206981E+002
    522000   0.3882477284E+003   0.1175227157E+002
    522100   0.3882473719E+003   0.1175262812E+002
    522200   0.3882470981E+003   0.1175290187E+002
    522300   0.3882468910E+003   0.1175310905E+002
    522400   0.3882466417E+003   0.1175335835E+002
    522500   0.3882462022E+003   0.1175379776E+002
    522600   0.3882453847E+003   0.1175461534E+002
    522700   0.3882446092E+003   0.1175539076E+002
    522800   0.3882438762E+003   0.1175612377E+002
    522900   0.3882429391E+003   0.1175706089E+002
    523000   0.3882419951E+003   0.1175800490E+002
    523100   0.3882408167E+003   0.1175918329E+002
    523200   0.3882396188E+003   0.1176038125E+002
    523300   0.3882384088E+003   0.1176159122E+002
    523400   0.3882367830E+003   0.1176321696E+002
    523500   0.3882354533E+003   0.1176454675E+002
    523600   0.3882340968E+003   0.1176590318E+002
    523700   0.3882329670E+003   0.1176703300E+002
    523800   0.3882322022E+003   0.1176779783E+002
    523900   0.3882309179E+003   0.1176908208E+002
    524000   0.3882300299E+003   0.1176997010E+002
    524100   0.3882293380E+003   0.1177066198E+002
    524200   0.3882289081E+003   0.1177109192E+002
    524300   0.3882282399E+003   0.1177176008E+002
    524400   0.3882275507E+003   0.1177244928E+002
    524500   0.3882266892E+003   0.1177331080E+002
    524600   0.3882260737E+003   0.1177392630E+002
    524700   0.3882257268E+003   0.1177427317E+002
    524800   0.3882253210E+003   0.1177467900E+002
    524900   0.3882244179E+003   0.1177558214E+002
    525000   0.3882235911E+003   0.1177640890E+002
    525100   0.3882225412E+003   0.1177745882E+002
    525200   0.3882219419E+003   0.1177805806E+002
    525300   0.3882212786E+003   0.1177872141E+002
    525400   0.3882207281E+003   0.1177927188E+002
    525500   0.3882199710E+003   0.1178002897E+002
    525600   0.3882194416E+003   0.1178055844E+002
    525700   0.3882188087E+003   0.1178119133E+002
    525800   0.3882182743E+003   0.1178172570E+002
    525900   0.3882179637E+003   0.1178203631E+002
    526000   0.3882173991E+003   0.1178260092E+002
    526100   0.3882171648E+003   0.1178283520E+002
    526200   0.3882169159E+003   0.1178308408E+002
    526300   0.3882167447E+003   0.1178325528E+002
    526400   0.3882166962E+003   0.1178330381E+002
    526500   0.3882165811E+003   0.1178341885E+002
    526600   0.3882162661E+003   0.1178373395E+002
    526700   0.3882159690E+003   0.1178403099E+002
    526800   0.3882156280E+003   0.1178437197E+002
    526900   0.3882153216E+003   0.1178467837E+002
    527000   0.3882150408E+003   0.1178495920E+002
    527100   0.3882147515E+003   0.1178524855E+002
    527200   0.3882142054E+003   0.1178579458E+002
    527300   0.3882139425E+003   0.1178605748E+002
    527400   0.3882140993E+003   0.1178590071E+002
    527500   0.3882143441E+003   0.1178565592E+002
    527600   0.3882143884E+003   0.1178561163E+002
    527700   0.3882142969E+003   0.1178570311E+002
    527800   0.3882141140E+003   0.1178588596E+002
    527900   0.3882137660E+003   0.1178623402E+002
    528000   0.3882132713E+003   0.1178672870E+002
    528100   0.3882127088E+003   0.1178729120E+002
    528200   0.3882122082E+003   0.1178779182E+002
    528300   0.3882117966E+003   0.1178820339E+002
    528400   0.3882112791E+003   0.1178872089E+002
    528500   0.3882106678E+003   0.1178933224E+002
    528600   0.3882100653E+003   0.1178993466E+002
    528700   0.3882097327E+003   0.1179026727E+002
    528800   0.3882091641E+003   0.1179083592E+002
    528900   0.3882086787E+003   0.1179132132E+002
    529000   0.3882082707E+003   0.1179172929E+002
    529100   0.3882074853E+003   0.1179251471E+002
    529200   0.3882064554E+003   0.1179354460E+002
    529300   0.3882058550E+003   0.1179414497E+002
    529400   0.3882050169E+003   0.1179498309E+002
    529500   0.3882040640E+003   0.1179593603E+002
    529600   0.3882034672E+003   0.1179653284E+002
    529700   0.3882025943E+003   0.1179740573E+002
    529800   0.3882016094E+003   0.1179839061E+002
    529900   0.3882010536E+003   0.1179894642E+002
    530000   0.3882003265E+003   0.1179967352E+002
    530100   0.3881996789E+003   0.1180032110E+002
    530200   0.3881989681E+003   0.1180103189E+002
    530300   0.3881983299E+003   0.1180167012E+002
    530400   0.3881974080E+003   0.1180259201E+002
    530500   0.3881966638E+003   0.1180333618E+002
    530600   0.3881959712E+003   0.1180402883E+002
    530700   0.3881954741E+003   0.1180452586E+002
    530800   0.3881949052E+003   0.1180509476E+002
    530900   0.3881942088E+003   0.1180579116E+002
    531000   0.3881936724E+003   0.1180632762E+002
    531100   0.3881929045E+003   0.1180709546E+002
    531200   0.3881918507E+003   0.1180814926E+002
    531300   0.3881909496E+003   0.1180905044E+002
    531400   0.3881902649E+003   0.1180973514E+002
    531500   0.3881891597E+003   0.1181084035E+002
    531600   0.3881883055E+003   0.1181169451E+002
    531700   0.3881875330E+003   0.1181246701E+002
    531800   0.3881866985E+003   0.1181330152E+002
    531900   0.3881854537E+003   0.1181454634E+002
    532000   0.3881841728E+003   0.1181582723E+002
    532100   0.3881836687E+003   0.1181633130E+002
    532200   0.3881830610E+003   0.1181693897E+002
    532300   0.3881826531E+003   0.1181734693E+002
    532400   0.3881818973E+003   0.1181810265E+002
    532500   0.3881811771E+003   0.1181882293E+002
    532600   0.3881805119E+003   0.1181948810E+002
    532700   0.3881798804E+003   0.1182011956E+002
    532800   0.3881793322E+003   0.1182066777E+002
    532900   0.3881786493E+003   0.1182135066E+002
    533000   0.3881779872E+003   0.1182201279E+002
    533100   0.3881773695E+003   0.1182263051E+002
    533200   0.3881768056E+003   0.1182319441E+002
    533300   0.3881760346E+003   0.1182396542E+002
    533400   0.3881755823E+003   0.1182441774E+002
    533500   0.3881752237E+003   0.1182477630E+002
    533600   0.3881748657E+003   0.1182513428E+002
    533700   0.3881745054E+003   0.1182549464E+002
    533800   0.3881739825E+003   0.1182601752E+002
    533900   0.3881735443E+003   0.1182645573E+002
    534000   0.3881729606E+003   0.1182703944E+002
    534100   0.3881724077E+003   0.1182759227E+002
    534200   0.3881717472E+003   0.1182825275E+002
    534300   0.3881710279E+003   0.1182897210E+002
    534400   0.3881707848E+003   0.1182921523E+002
    534500   0.3881704105E+003   0.1182958946E+002
    534600   0.3881701602E+003   0.1182983980E+002
    534700   0.3881700133E+003   0.1182998674E+002
    534800   0.3881699935E+003   0.1183000652E+002
    534900   0.3881699526E+003   0.1183004737E+002
    535000   0.3881699876E+003   0.1183001241E+002
    535100   0.3881701808E+003   0.1182981917E+002
    535200   0.3881704473E+003   0.1182955270E+002
    535300   0.3881706570E+003   0.1182934296E+002
    535400   0.3881708875E+003   0.1182911249E+002
    535500   0.3881713047E+003   0.1182869532E+002
    535600   0.3881721321E+003   0.1182786786E+002
    535700   0.3881732054E+003   0.1182679463E+002
    535800   0.3881742558E+003   0.1182574416E+002
    535900   0.3881752382E+003   0.1182476178E+002
    536000   0.3881768441E+003   0.1182315591E+002
    536100   0.3881780786E+003   0.1182192144E+002
    536200   0.3881792123E+003   0.1182078772E+002
    536300   0.3881800160E+003   0.1181998398E+002
    536400   0.3881805608E+003   0.1181943916E+002
    536500   0.3881811421E+003   0.1181885786E+002
    536600   0.3881815277E+003   0.1181847227E+002
    536700   0.3881821363E+003   0.1181786369E+002
    536800   0.3881829198E+003   0.1181708024E+002
    536900   0.3881838438E+003   0.1181615623E+002
    537000   0.3881843933E+003   0.1181560673E+002
    537100   0.3881845804E+003   0.1181541965E+002
    537200   0.3881850674E+003   0.1181493257E+002
    537300   0.3881857319E+003   0.1181426813E+002
    537400   0.3881861720E+003   0.1181382802E+002
    537500   0.3881869561E+003   0.1181304394E+002
    537600   0.3881877561E+003   0.1181224389E+002
    537700   0.3881883924E+003   0.1181160764E+002
    537800   0.3881886441E+003   0.1181135587E+002
    537900   0.3881888138E+003   0.1181118620E+002
    538000   0.3881890134E+003   0.1181098659E+002
    538100   0.3881891639E+003   0.1181083609E+002
    538200   0.3881892482E+003   0.1181075177E+002
    538300   0.3881892228E+003   0.1181077722E+002
    538400   0.3881894366E+003   0.1181056340E+002
    538500   0.3881896954E+003   0.1181030457E+002
    538600   0.3881898996E+003   0.1181010035E+002
    538700   0.3881903947E+003   0.1180960529E+002
    538800   0.3881907176E+003   0.1180928241E+002
    538900   0.3881909399E+003   0.1180906010E+002
    539000   0.3881911054E+003   0.1180889464E+002
    539100   0.3881915010E+003   0.1180849898E+002
    539200   0.3881917577E+003   0.1180824231E+002
    539300   0.3881918051E+003   0.1180819486E+002
    539400   0.3881922332E+003   0.1180776679E+002
    539500   0.3881924532E+003   0.1180754678E+002
    539600   0.3881929828E+003   0.1180701720E+002
    539700   0.3881933767E+003   0.1180662325E+002
    539800   0.3881936230E+003   0.1180637704E+002
    539900   0.3881937726E+003   0.1180622739E+002
    540000   0.3881943495E+003   0.1180565050E+002
    540100   0.3881946470E+003   0.1180535304E+002
    540200   0.3881948544E+003   0.1180514565E+002
    540300   0.3881950952E+003   0.1180490484E+002
    540400   0.3881951734E+003   0.1180482661E+002
    540500   0.3881952126E+003   0.1180478735E+002
    540600   0.3881953500E+003   0.1180465000E+002
    540700   0.3881955137E+003   0.1180448632E+002
    540800   0.3881954893E+003   0.1180451068E+002
    540900   0.3881954601E+003   0.1180453992E+002
    541000   0.3881954861E+003   0.1180451386E+002
    541100   0.3881955007E+003   0.1180449926E+002
    541200   0.3881954166E+003   0.1180458344E+002
    541300   0.3881951162E+003   0.1180488378E+002
    541400   0.3881945727E+003   0.1180542725E+002
    541500   0.3881940399E+003   0.1180596007E+002
    541600   0.3881936165E+003   0.1180638348E+002
    541700   0.3881933172E+003   0.1180668278E+002
    541800   0.3881930113E+003   0.1180698867E+002
    541900   0.3881929236E+003   0.1180707638E+002
    542000   0.3881929139E+003   0.1180708611E+002
    542100   0.3881929295E+003   0.1180707054E+002
    542200   0.3881929084E+003   0.1180709161E+002
    542300   0.3881930718E+003   0.1180692817E+002
    542400   0.3881933039E+003   0.1180669607E+002
    542500   0.3881934319E+003   0.1180656811E+002
    542600   0.3881934000E+003   0.1180659999E+002
    542700   0.3881933719E+003   0.1180662815E+002
    542800   0.3881933549E+003   0.1180664514E+002
    542900   0.3881933336E+003   0.1180666640E+002
    543000   0.3881933023E+003   0.1180669774E+002
    543100   0.3881932779E+003   0.1180672210E+002
    543200   0.3881934410E+003   0.1180655902E+002
    543300   0.3881936621E+003   0.1180633787E+002
    543400   0.3881938671E+003   0.1180613286E+002
    543500   0.3881941351E+003   0.1180586490E+002
    543600   0.3881946148E+003   0.1180538517E+002
    543700   0.3881952347E+003   0.1180476528E+002
    543800   0.3881956740E+003   0.1180432605E+002
    543900   0.3881959622E+003   0.1180403779E+002
    544000   0.3881961440E+003   0.1180385597E+002
    544100   0.3881965033E+003   0.1180349669E+002
    544200   0.3881970909E+003   0.1180290914E+002
    544300   0.3881976128E+003   0.1180238717E+002
    544400   0.3881980427E+003   0.1180195735E+002
    544500   0.3881984683E+003   0.1180153173E+002
    544600   0.3881986334E+003   0.1180136664E+002
    544700   0.3881988313E+003   0.1180116874E+002
    544800   0.3881990307E+003   0.1180096932E+002
    544900   0.3881994582E+003   0.1180054184E+002
    545000   0.3881998894E+003   0.1180011056E+002
    545100   0.3882003241E+003   0.1179967590E+002
    545200   0.3882011489E+003   0.1179885108E+002
    545300   0.3882021099E+003   0.1179789014E+002
    545400   0.3882032432E+003   0.1179675677E+002
    545500   0.3882042386E+003   0.1179576136E+002
    545600   0.3882050496E+003   0.1179495043E+002
    545700   0.3882058259E+003   0.1179417406E+002
    545800   0.3882065460E+003   0.1179345399E+002
    545900   0.3882078671E+003   0.1179213294E+002
    546000   0.3882092671E+003   0.1179073294E+002
    546100   0.3882111860E+003   0.1178881401E+002
    546200   0.3882130860E+003   0.1178691397E+002
    546300   0.3882165004E+003   0.1178349963E+002
    546400   0.3882190001E+003   0.1178099986E+002
    546500   0.3882221289E+003   0.1177787113E+002
    546600   0.3882248995E+003   0.1177510048E+002
    546700   0.3882269650E+003   0.1177303497E+002
    546800   0.3882282763E+003   0.1177172372E+002
    546900   0.3882292877E+003   0.1177071232E+002
    547000   0.3882300558E+003   0.1176994419E+002
    547100   0.3882305116E+003   0.1176948838E+002
    547200   0.3882309220E+003   0.1176907802E+002
    547300   0.3882314034E+003   0.1176859662E+002
    547400   0.3882315800E+003   0.1176841999E+002
    547500   0.3882318438E+003   0.1176815622E+002
    547600   0.3882321027E+003   0.1176789726E+002
    547700   0.3882323305E+003   0.1176766952E+002
    547800   0.3882324786E+003   0.1176752145E+002
    547900   0.3882327089E+003   0.1176729114E+002
    548000   0.3882328834E+003   0.1176711661E+002
    548100   0.3882334156E+003   0.1176658435E+002
    548200   0.3882340785E+003   0.1176592153E+002
    548300   0.3882347387E+003   0.1176526126E+002
    548400   0.3882352357E+003   0.1176476432E+002
    548500   0.3882354034E+003   0.1176459663E+002
    548600   0.3882353537E+003   0.1176464632E+002
    548700   0.3882351762E+003   0.1176482381E+002
    548800   0.3882347636E+003   0.1176523644E+002
    548900   0.3882343532E+003   0.1176564681E+002
    549000   0.3882338572E+003   0.1176614276E+002
    549100   0.3882334807E+003   0.1176651933E+002
    549200   0.3882332592E+003   0.1176674084E+002
    549300   0.3882330970E+003   0.1176690297E+002
    549400   0.3882330637E+003   0.1176693632E+002
    549500   0.3882329364E+003   0.1176706358E+002
    549600   0.3882326774E+003   0.1176732263E+002
    549700   0.3882322996E+003   0.1176770041E+002
    549800   0.3882320559E+003   0.1176794414E+002
    549900   0.3882319466E+003   0.1176805343E+002
    550000   0.3882320246E+003   0.1176797535E+002
    550100   0.3882320713E+003   0.1176792873E+002
    550200   0.3882320332E+003   0.1176796682E+002
    550300   0.3882319821E+003   0.1176801788E+002
    550400   0.3882319616E+003   0.1176803836E+002
    550500   0.3882321217E+003   0.1176787828E+002
    550600   0.3882326281E+003   0.1176737195E+002
    550700   0.3882330779E+003   0.1176692208E+002
    550800   0.3882335384E+003   0.1176646164E+002
    550900   0.3882341896E+003   0.1176581036E+002
    551000   0.3882347367E+003   0.1176526330E+002
    551100   0.3882351660E+003   0.1176483401E+002
    551200   0.3882356100E+003   0.1176438996E+002
    551300   0.3882360377E+003   0.1176396230E+002
    551400   0.3882363821E+003   0.1176361788E+002
    551500   0.3882368914E+003   0.1176310856E+002
    551600   0.3882376204E+003   0.1176237955E+002
    551700   0.3882387511E+003   0.1176124893E+002
    551800   0.3882398429E+003   0.1176015708E+002
    551900   0.3882409834E+003   0.1175901659E+002
    552000   0.3882421953E+003   0.1175780471E+002
    552100   0.3882438693E+003   0.1175613069E+002
    552200   0.3882455692E+003   0.1175443085E+002
    552300   0.3882469309E+003   0.1175306909E+002
    552400   0.3882478927E+003   0.1175210733E+002
    552500   0.3882486403E+003   0.1175135973E+002
    552600   0.3882492833E+003   0.1175071675E+002
    552700   0.3882498136E+003   0.1175018636E+002
    552800   0.3882507334E+003   0.1174926661E+002
    552900   0.3882515344E+003   0.1174846560E+002
    553000   0.3882529328E+003   0.1174706724E+002
    553100   0.3882547407E+003   0.1174525935E+002
    553200   0.3882567320E+003   0.1174326805E+002
    553300   0.3882585483E+003   0.1174145167E+002
    553400   0.3882605701E+003   0.1173942989E+002
    553500   0.3882622061E+003   0.1173779390E+002
    553600   0.3882638012E+003   0.1173619885E+002
    553700   0.3882648949E+003   0.1173510510E+002
    553800   0.3882659154E+003   0.1173408456E+002
    553900   0.3882677357E+003   0.1173226430E+002
    554000   0.3882703712E+003   0.1172962883E+002
    554100   0.3882727665E+003   0.1172723352E+002
    554200   0.3882752943E+003   0.1172470574E+002
    554300   0.3882781865E+003   0.1172181352E+002
    554400   0.3882811258E+003   0.1171887420E+002
    554500   0.3882835106E+003   0.1171648944E+002
    554600   0.3882858059E+003   0.1171419407E+002
    554700   0.3882892194E+003   0.1171078061E+002
    554800   0.3882915414E+003   0.1170845861E+002
    554900   0.3882937971E+003   0.1170620286E+002
    555000   0.3882965331E+003   0.1170346691E+002
    555100   0.3882994040E+003   0.1170059599E+002
    555200   0.3883014160E+003   0.1169858398E+002
    555300   0.3883036048E+003   0.1169639519E+002
    555400   0.3883053666E+003   0.1169463339E+002
    555500   0.3883072830E+003   0.1169271697E+002
    555600   0.3883088729E+003   0.1169112707E+002
    555700   0.3883103988E+003   0.1168960115E+002
    555800   0.3883116237E+003   0.1168837633E+002
    555900   0.3883127626E+003   0.1168723740E+002
    556000   0.3883140305E+003   0.1168596946E+002
    556100   0.3883154553E+003   0.1168454469E+002
    556200   0.3883168331E+003   0.1168316688E+002
    556300   0.3883174319E+003   0.1168256814E+002
    556400   0.3883180041E+003   0.1168199588E+002
    556500   0.3883187630E+003   0.1168123701E+002
    556600   0.3883196448E+003   0.1168035523E+002
    556700   0.3883202082E+003   0.1167979176E+002
    556800   0.3883204464E+003   0.1167955356E+002
    556900   0.3883208543E+003   0.1167914573E+002
    557000   0.3883212681E+003   0.1167873185E+002
    557100   0.3883216251E+003   0.1167837487E+002
    557200   0.3883219570E+003   0.1167804297E+002
    557300   0.3883223206E+003   0.1167767943E+002
    557400   0.3883225950E+003   0.1167740501E+002
    557500   0.3883233527E+003   0.1167664729E+002
    557600   0.3883244958E+003   0.1167550415E+002
    557700   0.3883256331E+003   0.1167436688E+002
    557800   0.3883267219E+003   0.1167327815E+002
    557900   0.3883280641E+003   0.1167193593E+002
    558000   0.3883289956E+003   0.1167100444E+002
    558100   0.3883302533E+003   0.1166974670E+002
    558200   0.3883314195E+003   0.1166858045E+002
    558300   0.3883331597E+003   0.1166684028E+002
    558400   0.3883345240E+003   0.1166547602E+002
    558500   0.3883357036E+003   0.1166429642E+002
    558600   0.3883366624E+003   0.1166333757E+002
    558700   0.3883374959E+003   0.1166250408E+002
    558800   0.3883381013E+003   0.1166189871E+002
    558900   0.3883384286E+003   0.1166157139E+002
    559000   0.3883388411E+003   0.1166115892E+002
    559100   0.3883394107E+003   0.1166058931E+002
    559200   0.3883398744E+003   0.1166012558E+002
    559300   0.3883402239E+003   0.1165977612E+002
    559400   0.3883408305E+003   0.1165916948E+002
    559500   0.3883417705E+003   0.1165822947E+002
    559600   0.3883430441E+003   0.1165695593E+002
    559700   0.3883445942E+003   0.1165540579E+002
    559800   0.3883456725E+003   0.1165432750E+002
    559900   0.3883468091E+003   0.1165319090E+002
    560000   0.3883480809E+003   0.1165191912E+002
    560100   0.3883488609E+003   0.1165113909E+002
    560200   0.3883495478E+003   0.1165045215E+002
    560300   0.3883506455E+003   0.1164935446E+002
    560400   0.3883517966E+003   0.1164820338E+002
    560500   0.3883529471E+003   0.1164705294E+002
    560600   0.3883542803E+003   0.1164571968E+002
    560700   0.3883562227E+003   0.1164377734E+002
    560800   0.3883588826E+003   0.1164111744E+002
    560900   0.3883601227E+003   0.1163987733E+002
    561000   0.3883610836E+003   0.1163891643E+002
    561100   0.3883620171E+003   0.1163798286E+002
    561200   0.3883630505E+003   0.1163694952E+002
    561300   0.3883637758E+003   0.1163622416E+002
    561400   0.3883644697E+003   0.1163553026E+002
    561500   0.3883651697E+003   0.1163483028E+002
    561600   0.3883662058E+003   0.1163379418E+002
    561700   0.3883668611E+003   0.1163313885E+002
    561800   0.3883673280E+003   0.1163267197E+002
    561900   0.3883678136E+003   0.1163218639E+002
    562000   0.3883677944E+003   0.1163220564E+002
    562100   0.3883678447E+003   0.1163215530E+002
    562200   0.3883679772E+003   0.1163202282E+002
    562300   0.3883681098E+003   0.1163189015E+002
    562400   0.3883682807E+003   0.1163171932E+002
    562500   0.3883685749E+003   0.1163142509E+002
    562600   0.3883690930E+003   0.1163090695E+002
    562700   0.3883693690E+003   0.1163063101E+002
    562800   0.3883691221E+003   0.1163087794E+002
    562900   0.3883687512E+003   0.1163124881E+002
    563000   0.3883682962E+003   0.1163170377E+002
    563100   0.3883677841E+003   0.1163221587E+002
    563200   0.3883672970E+003   0.1163270301E+002
    563300   0.3883666471E+003   0.1163335289E+002
    563400   0.3883657311E+003   0.1163426893E+002
    563500   0.3883651373E+003   0.1163486267E+002
    563600   0.3883645586E+003   0.1163544135E+002
    563700   0.3883632971E+003   0.1163670290E+002
    563800   0.3883616225E+003   0.1163837755E+002
    563900   0.3883609170E+003   0.1163908300E+002
    564000   0.3883602253E+003   0.1163977468E+002
    564100   0.3883594132E+003   0.1164058675E+002
    564200   0.3883584551E+003   0.1164154493E+002
    564300   0.3883575969E+003   0.1164240312E+002
    564400   0.3883569515E+003   0.1164304851E+002
    564500   0.3883563605E+003   0.1164363954E+002
    564600   0.3883557809E+003   0.1164421910E+002
    564700   0.3883551096E+003   0.1164489037E+002
    564800   0.3883545889E+003   0.1164541110E+002
    564900   0.3883539837E+003   0.1164601631E+002
    565000   0.3883532900E+003   0.1164670996E+002
    565100   0.3883527336E+003   0.1164726644E+002
    565200   0.3883522492E+003   0.1164775080E+002
    565300   0.3883518486E+003   0.1164815137E+002
    565400   0.3883519227E+003   0.1164807725E+002
    565500   0.3883519435E+003   0.1164805654E+002
    565600   0.3883518197E+003   0.1164818027E+002
    565700   0.3883514273E+003   0.1164857271E+002
    565800   0.3883510542E+003   0.1164894576E+002
    565900   0.3883504756E+003   0.1164952439E+002
    566000   0.3883499049E+003   0.1165009512E+002
    566100   0.3883492070E+003   0.1165079302E+002
    566200   0.3883486253E+003   0.1165137467E+002
    566300   0.3883482631E+003   0.1165173694E+002
    566400   0.3883479584E+003   0.1165204160E+002
    566500   0.3883476188E+003   0.1165238119E+002
    566600   0.3883471882E+003   0.1165281177E+002
    566700   0.3883465099E+003   0.1165349010E+002
    566800   0.3883458060E+003   0.1165419396E+002
    566900   0.3883453425E+003   0.1165465745E+002
    567000   0.3883449084E+003   0.1165509159E+002
    567100   0.3883443318E+003   0.1165566819E+002
    567200   0.3883437730E+003   0.1165622697E+002
    567300   0.3883430943E+003   0.1165690565E+002
    567400   0.3883425782E+003   0.1165742181E+002
    567500   0.3883420975E+003   0.1165790254E+002
    567600   0.3883416516E+003   0.1165834843E+002
    567700   0.3883409100E+003   0.1165909002E+002
    567800   0.3883402325E+003   0.1165976752E+002
    567900   0.3883394948E+003   0.1166050523E+002
    568000   0.3883386198E+003   0.1166138021E+002
    568100   0.3883378115E+003   0.1166218849E+002
    568200   0.3883367062E+003   0.1166329376E+002
    568300   0.3883357950E+003   0.1166420501E+002
    568400   0.3883350799E+003   0.1166492005E+002
    568500   0.3883342171E+003   0.1166578288E+002
    568600   0.3883333454E+003   0.1166665456E+002
    568700   0.3883328296E+003   0.1166717040E+002
    568800   0.3883324887E+003   0.1166751128E+002
    568900   0.3883321478E+003   0.1166785216E+002
    569000   0.3883320462E+003   0.1166795378E+002
    569100   0.3883319811E+003   0.1166801888E+002
    569200   0.3883320171E+003   0.1166798290E+002
    569300   0.3883321586E+003   0.1166784136E+002
    569400   0.3883325045E+003   0.1166749552E+002
    569500   0.3883329693E+003   0.1166703073E+002
    569600   0.3883337299E+003   0.1166627015E+002
    569700   0.3883342587E+003   0.1166574133E+002
    569800   0.3883351038E+003   0.1166489623E+002
    569900   0.3883363592E+003   0.1166364083E+002
    570000   0.3883374031E+003   0.1166259688E+002
    570100   0.3883384605E+003   0.1166153953E+002
    570200   0.3883400277E+003   0.1165997229E+002
    570300   0.3883415445E+003   0.1165845548E+002
    570400   0.3883432345E+003   0.1165676548E+002
    570500   0.3883449190E+003   0.1165508095E+002
    570600   0.3883464760E+003   0.1165352403E+002
    570700   0.3883477288E+003   0.1165227117E+002
    570800   0.3883487528E+003   0.1165124724E+002
    570900   0.3883502247E+003   0.1164977529E+002
    571000   0.3883520032E+003   0.1164799682E+002
    571100   0.3883531545E+003   0.1164684547E+002
    571200   0.3883543127E+003   0.1164568729E+002
    571300   0.3883549725E+003   0.1164502755E+002
    571400   0.3883552463E+003   0.1164475366E+002
    571500   0.3883556490E+003   0.1164435095E+002
    571600   0.3883561884E+003   0.1164381161E+002
    571700   0.3883568904E+003   0.1164310964E+002
    571800   0.3883572821E+003   0.1164271787E+002
    571900   0.3883576635E+003   0.1164233649E+002
    572000   0.3883580782E+003   0.1164192179E+002
    572100   0.3883581761E+003   0.1164182390E+002
    572200   0.3883582746E+003   0.1164172539E+002
    572300   0.3883586188E+003   0.1164138116E+002
    572400   0.3883590252E+003   0.1164097480E+002
    572500   0.3883593961E+003   0.1164060390E+002
    572600   0.3883597879E+003   0.1164021209E+002
    572700   0.3883599987E+003   0.1164000134E+002
    572800   0.3883600846E+003   0.1163991545E+002
    572900   0.3883602432E+003   0.1163975679E+002
    573000   0.3883603633E+003   0.1163963669E+002
    573100   0.3883605369E+003   0.1163946311E+002
    573200   0.3883606868E+003   0.1163931319E+002
    573300   0.3883607810E+003   0.1163921902E+002
    573400   0.3883609387E+003   0.1163906131E+002
    573500   0.3883609226E+003   0.1163907738E+002
    573600   0.3883607997E+003   0.1163920031E+002
    573700   0.3883607246E+003   0.1163927543E+002
    573800   0.3883606295E+003   0.1163937053E+002
    573900   0.3883605871E+003   0.1163941291E+002
    574000   0.3883607624E+003   0.1163923757E+002
    574100   0.3883609390E+003   0.1163906104E+002
    574200   0.3883610976E+003   0.1163890238E+002
    574300   0.3883619173E+003   0.1163808266E+002
    574400   0.3883627700E+003   0.1163722996E+002
    574500   0.3883635899E+003   0.1163641009E+002
    574600   0.3883642863E+003   0.1163571366E+002
    574700   0.3883657095E+003   0.1163429046E+002
    574800   0.3883674772E+003   0.1163252276E+002
    574900   0.3883687112E+003   0.1163128885E+002
    575000   0.3883698413E+003   0.1163015872E+002
    575100   0.3883707641E+003   0.1162923590E+002
    575200   0.3883717984E+003   0.1162820157E+002
    575300   0.3883725599E+003   0.1162744014E+002
    575400   0.3883730644E+003   0.1162693564E+002
    575500   0.3883734629E+003   0.1162653711E+002
    575600   0.3883740802E+003   0.1162591983E+002
    575700   0.3883748569E+003   0.1162514312E+002
    575800   0.3883756183E+003   0.1162438166E+002
    575900   0.3883763643E+003   0.1162363568E+002
    576000   0.3883770365E+003   0.1162296353E+002
    576100   0.3883776318E+003   0.1162236819E+002
    576200   0.3883784004E+003   0.1162159963E+002
    576300   0.3883790255E+003   0.1162097449E+002
    576400   0.3883797634E+003   0.1162023663E+002
    576500   0.3883808707E+003   0.1161912931E+002
    576600   0.3883816584E+003   0.1161834164E+002
    576700   0.3883821923E+003   0.1161780772E+002
    576800   0.3883832594E+003   0.1161674057E+002
    576900   0.3883845579E+003   0.1161544214E+002
    577000   0.3883857425E+003   0.1161425747E+002
    577100   0.3883865737E+003   0.1161342627E+002
    577200   0.3883872010E+003   0.1161279899E+002
    577300   0.3883877962E+003   0.1161220380E+002
    577400   0.3883881216E+003   0.1161187844E+002
    577500   0.3883888562E+003   0.1161114383E+002
    577600   0.3883892486E+003   0.1161075140E+002
    577700   0.3883895568E+003   0.1161044317E+002
    577800   0.3883899589E+003   0.1161004108E+002
    577900   0.3883905191E+003   0.1160948094E+002
    578000   0.3883909586E+003   0.1160904138E+002
    578100   0.3883914371E+003   0.1160856287E+002
    578200   0.3883921422E+003   0.1160785782E+002
    578300   0.3883926058E+003   0.1160739420E+002
    578400   0.3883927816E+003   0.1160721843E+002
    578500   0.3883929132E+003   0.1160708682E+002
    578600   0.3883930636E+003   0.1160693644E+002
    578700   0.3883931800E+003   0.1160682003E+002
    578800   0.3883931307E+003   0.1160686932E+002
    578900   0.3883930454E+003   0.1160695460E+002
    579000   0.3883930724E+003   0.1160692756E+002
    579100   0.3883934080E+003   0.1160659204E+002
    579200   0.3883938003E+003   0.1160619975E+002
    579300   0.3883940791E+003   0.1160592092E+002
    579400   0.3883940165E+003   0.1160598345E+002
    579500   0.3883939616E+003   0.1160603837E+002
    579600   0.3883938786E+003   0.1160612136E+002
    579700   0.3883937797E+003   0.1160622030E+002
    579800   0.3883936258E+003   0.1160637417E+002
    579900   0.3883934185E+003   0.1160658152E+002
    580000   0.3883931847E+003   0.1160681527E+002
    580100   0.3883926715E+003   0.1160732848E+002
    580200   0.3883923466E+003   0.1160765340E+002
    580300   0.3883920154E+003   0.1160798464E+002
    580400   0.3883918071E+003   0.1160819289E+002
    580500   0.3883915790E+003   0.1160842101E+002
    580600   0.3883914966E+003   0.1160850336E+002
    580700   0.3883915669E+003   0.1160843309E+002
    580800   0.3883919695E+003   0.1160803048E+002
    580900   0.3883924829E+003   0.1160751713E+002
    581000   0.3883928438E+003   0.1160715622E+002
    581100   0.3883934765E+003   0.1160652355E+002
    581200   0.3883946307E+003   0.1160536926E+002
    581300   0.3883952577E+003   0.1160474231E+002
    581400   0.3883960083E+003   0.1160399171E+002
    581500   0.3883965292E+003   0.1160347084E+002
    581600   0.3883969325E+003   0.1160306753E+002
    581700   0.3883972099E+003   0.1160279012E+002
    581800   0.3883975936E+003   0.1160240637E+002
    581900   0.3883978842E+003   0.1160211584E+002
    582000   0.3883983009E+003   0.1160169906E+002
    582100   0.3883986732E+003   0.1160132679E+002
    582200   0.3883988103E+003   0.1160118971E+002
    582300   0.3883988586E+003   0.1160114144E+002
    582400   0.3883987871E+003   0.1160121288E+002
    582500   0.3883987099E+003   0.1160129009E+002
    582600   0.3883986344E+003   0.1160136563E+002
    582700   0.3883983581E+003   0.1160164187E+002
    582800   0.3883979962E+003   0.1160200377E+002
    582900   0.3883976261E+003   0.1160237388E+002
    583000   0.3883974155E+003   0.1160258452E+002
    583100   0.3883972081E+003   0.1160279191E+002
    583200   0.3883969507E+003   0.1160304926E+002
    583300   0.3883968499E+003   0.1160315006E+002
    583400   0.3883967828E+003   0.1160321721E+002
    583500   0.3883968519E+003   0.1160314806E+002
    583600   0.3883970050E+003   0.1160299501E+002
    583700   0.3883971853E+003   0.1160281469E+002
    583800   0.3883973242E+003   0.1160267578E+002
    583900   0.3883974569E+003   0.1160254309E+002
    584000   0.3883975200E+003   0.1160248005E+002
    584100   0.3883976432E+003   0.1160235680E+002
    584200   0.3883976594E+003   0.1160234058E+002
    584300   0.3883975845E+003   0.1160241546E+002
    584400   0.3883976931E+003   0.1160230686E+002
    584500   0.3883977448E+003   0.1160225522E+002
    584600   0.3883975719E+003   0.1160242814E+002
    584700   0.3883973583E+003   0.1160264172E+002
    584800   0.3883971495E+003   0.1160285053E+002
    584900   0.3883970719E+003   0.1160292807E+002
    585000   0.3883968737E+003   0.1160312627E+002
    585100   0.3883966643E+003   0.1160333569E+002
    585200   0.3883964323E+003   0.1160356771E+002
    585300   0.3883962031E+003   0.1160379691E+002
    585400   0.3883958741E+003   0.1160412591E+002
    585500   0.3883955748E+003   0.1160442522E+002
    585600   0.3883953561E+003   0.1160464395E+002
    585700   0.3883953489E+003   0.1160465107E+002
    585800   0.3883956493E+003   0.1160435068E+002
    585900   0.3883964832E+003   0.1160351678E+002
    586000   0.3883970550E+003   0.1160294500E+002
    586100   0.3883979326E+003   0.1160206739E+002
    586200   0.3883986798E+003   0.1160132024E+002
    586300   0.3883996262E+003   0.1160037384E+002
    586400   0.3884012406E+003   0.1159875942E+002
    586500   0.3884027478E+003   0.1159725223E+002
    586600   0.3884038856E+003   0.1159611437E+002
    586700   0.3884052098E+003   0.1159479022E+002
    586800   0.3884060646E+003   0.1159393539E+002
    586900   0.3884073921E+003   0.1159260789E+002
    587000   0.3884084041E+003   0.1159159593E+002
    587100   0.3884092507E+003   0.1159074931E+002
    587200   0.3884101030E+003   0.1158989699E+002
    587300   0.3884109736E+003   0.1158902644E+002
    587400   0.3884119112E+003   0.1158808876E+002
    587500   0.3884123290E+003   0.1158767104E+002
    587600   0.3884124583E+003   0.1158754169E+002
    587700   0.3884125502E+003   0.1158744978E+002
    587800   0.3884125003E+003   0.1158749970E+002
    587900   0.3884125930E+003   0.1158740697E+002
    588000   0.3884127254E+003   0.1158727461E+002
    588100   0.3884128744E+003   0.1158712563E+002
    588200   0.3884135358E+003   0.1158646420E+002
    588300   0.3884142482E+003   0.1158575179E+002
    588400   0.3884150775E+003   0.1158492253E+002
    588500   0.3884159720E+003   0.1158402804E+002
    588600   0.3884163239E+003   0.1158367611E+002
    588700   0.3884163377E+003   0.1158366230E+002
    588800   0.3884162558E+003   0.1158374424E+002
    588900   0.3884162245E+003   0.1158377548E+002
    589000   0.3884163339E+003   0.1158366611E+002
    589100   0.3884165413E+003   0.1158345871E+002
    589200   0.3884170709E+003   0.1158292913E+002
    589300   0.3884176944E+003   0.1158230556E+002
    589400   0.3884185540E+003   0.1158144598E+002
    589500   0.3884196717E+003   0.1158032833E+002
    589600   0.3884213765E+003   0.1157862346E+002
    589700   0.3884229295E+003   0.1157707046E+002
    589800   0.3884240580E+003   0.1157594201E+002
    589900   0.3884251416E+003   0.1157485839E+002
    590000   0.3884265852E+003   0.1157341480E+002
    590100   0.3884278327E+003   0.1157216728E+002
    590200   0.3884287263E+003   0.1157127366E+002
    590300   0.3884299537E+003   0.1157004631E+002
    590400   0.3884312183E+003   0.1156878170E+002
    590500   0.3884321831E+003   0.1156781690E+002
    590600   0.3884327498E+003   0.1156725025E+002
    590700   0.3884341330E+003   0.1156586702E+002
    590800   0.3884352778E+003   0.1156472217E+002
    590900   0.3884360024E+003   0.1156399764E+002
    591000   0.3884370710E+003   0.1156292895E+002
    591100   0.3884383929E+003   0.1156160706E+002
    591200   0.3884396861E+003   0.1156031390E+002
    591300   0.3884408334E+003   0.1155916656E+002
    591400   0.3884418041E+003   0.1155819592E+002
    591500   0.3884426218E+003   0.1155737823E+002
    591600   0.3884435329E+003   0.1155646706E+002
    591700   0.3884446455E+003   0.1155535451E+002
    591800   0.3884460915E+003   0.1155390846E+002
    591900   0.3884473715E+003   0.1155262846E+002
    592000   0.3884480645E+003   0.1155193549E+002
    592100   0.3884491790E+003   0.1155082102E+002
    592200   0.3884498558E+003   0.1155014425E+002
    592300   0.3884503986E+003   0.1154960139E+002
    592400   0.3884511131E+003   0.1154888694E+002
    592500   0.3884513607E+003   0.1154863928E+002
    592600   0.3884514812E+003   0.1154851876E+002
    592700   0.3884513293E+003   0.1154867071E+002
    592800   0.3884509755E+003   0.1154902455E+002
    592900   0.3884507366E+003   0.1154926345E+002
    593000   0.3884504202E+003   0.1154957984E+002
    593100   0.3884498999E+003   0.1155010010E+002
    593200   0.3884492650E+003   0.1155073502E+002
    593300   0.3884487506E+003   0.1155124943E+002
    593400   0.3884483859E+003   0.1155161413E+002
    593500   0.3884481776E+003   0.1155182244E+002
    593600   0.3884478987E+003   0.1155210132E+002
    593700   0.3884475488E+003   0.1155245117E+002
    593800   0.3884472792E+003   0.1155272081E+002
    593900   0.3884469510E+003   0.1155304898E+002
    594000   0.3884465787E+003   0.1155342134E+002
    594100   0.3884462474E+003   0.1155375261E+002
    594200   0.3884458755E+003   0.1155412449E+002
    594300   0.3884454220E+003   0.1155457802E+002
    594400   0.3884450558E+003   0.1155494421E+002
    594500   0.3884446041E+003   0.1155539590E+002
    594600   0.3884439939E+003   0.1155600613E+002
    594700   0.3884434816E+003   0.1155651840E+002
    594800   0.3884429893E+003   0.1155701074E+002
    594900   0.3884425119E+003   0.1155748805E+002
    595000   0.3884418629E+003   0.1155813715E+002
    595100   0.3884412612E+003   0.1155873876E+002
    595200   0.3884408468E+003   0.1155915321E+002
    595300   0.3884403461E+003   0.1155965386E+002
    595400   0.3884395275E+003   0.1156047254E+002
    595500   0.3884390847E+003   0.1156091526E+002
    595600   0.3884386153E+003   0.1156138472E+002
    595700   0.3884380617E+003   0.1156193831E+002
    595800   0.3884371645E+003   0.1156283550E+002
    595900   0.3884364536E+003   0.1156354641E+002
    596000   0.3884356140E+003   0.1156438603E+002
    596100   0.3884347536E+003   0.1156524644E+002
    596200   0.3884340208E+003   0.1156597917E+002
    596300   0.3884328904E+003   0.1156710957E+002
    596400   0.3884322808E+003   0.1156771919E+002
    596500   0.3884315526E+003   0.1156844744E+002
    596600   0.3884307933E+003   0.1156920668E+002
    596700   0.3884302096E+003   0.1156979041E+002
    596800   0.3884293171E+003   0.1157068287E+002
    596900   0.3884285463E+003   0.1157145370E+002
    597000   0.3884279171E+003   0.1157208292E+002
    597100   0.3884268750E+003   0.1157312495E+002
    597200   0.3884260118E+003   0.1157398819E+002
    597300   0.3884250045E+003   0.1157499548E+002
    597400   0.3884241722E+003   0.1157582782E+002
    597500   0.3884228763E+003   0.1157712370E+002
    597600   0.3884218913E+003   0.1157810867E+002
    597700   0.3884204257E+003   0.1157957434E+002
    597800   0.3884196950E+003   0.1158030502E+002
    597900   0.3884189149E+003   0.1158108507E+002
    598000   0.3884183273E+003   0.1158167273E+002
    598100   0.3884176804E+003   0.1158231961E+002
    598200   0.3884171091E+003   0.1158289091E+002
    598300   0.3884162777E+003   0.1158372225E+002
    598400   0.3884156447E+003   0.1158435525E+002
    598500   0.3884150861E+003   0.1158491387E+002
    598600   0.3884143947E+003   0.1158560528E+002
    598700   0.3884136505E+003   0.1158634946E+002
    598800   0.3884131510E+003   0.1158684898E+002
    598900   0.3884127373E+003   0.1158726272E+002
    599000   0.3884120721E+003   0.1158792795E+002
    599100   0.3884116458E+003   0.1158835424E+002
    599200   0.3884111763E+003   0.1158882372E+002
    599300   0.3884109321E+003   0.1158906789E+002
    599400   0.3884105190E+003   0.1158948099E+002
    599500   0.3884101021E+003   0.1158989791E+002
    599600   0.3884098007E+003   0.1159019932E+002
    599700   0.3884091620E+003   0.1159083801E+002
    599800   0.3884087040E+003   0.1159129601E+002
    599900   0.3884081445E+003   0.1159185554E+002
    600000   0.3884075013E+003   0.1159249867E+002
    600100   0.3884069472E+003   0.1159305275E+002
    600200   0.3884064090E+003   0.1159359097E+002
    600300   0.3884058478E+003   0.1159415217E+002
    600400   0.3884052836E+003   0.1159471640E+002
    600500   0.3884047459E+003   0.1159525414E+002
    600600   0.3884043787E+003   0.1159562128E+002
    600700   0.3884041527E+003   0.1159584730E+002
    600800   0.3884038454E+003   0.1159615458E+002
    600900   0.3884035498E+003   0.1159645019E+002
    601000   0.3884032785E+003   0.1159672153E+002
    601100   0.3884029613E+003   0.1159703869E+002
    601200   0.3884026011E+003   0.1159739887E+002
    601300   0.3884022235E+003   0.1159777653E+002
    601400   0.3884018692E+003   0.1159813085E+002
    601500   0.3884013745E+003   0.1159862551E+002
    601600   0.3884010049E+003   0.1159899507E+002
    601700   0.3884006201E+003   0.1159937992E+002
    601800   0.3884000336E+003   0.1159996637E+002
    601900   0.3883994396E+003   0.1160056040E+002
    602000   0.3883989150E+003   0.1160108500E+002
    602100   0.3883981544E+003   0.1160184560E+002
    602200   0.3883974840E+003   0.1160251601E+002
    602300   0.3883969186E+003   0.1160308144E+002
    602400   0.3883963256E+003   0.1160367444E+002
    602500   0.3883957076E+003   0.1160429238E+002
    602600   0.3883951023E+003   0.1160489771E+002
    602700   0.3883944041E+003   0.1160559588E+002
    602800   0.3883933441E+003   0.1160665586E+002
    602900   0.3883925455E+003   0.1160745455E+002
    603000   0.3883914425E+003   0.1160855749E+002
    603100   0.3883906064E+003   0.1160939360E+002
    603200   0.3883900177E+003   0.1160998234E+002
    603300   0.3883893879E+003   0.1161061210E+002
    603400   0.3883890809E+003   0.1161091914E+002
    603500   0.3883884395E+003   0.1161156047E+002
    603600   0.3883879015E+003   0.1161209853E+002
    603700   0.3883872860E+003   0.1161271397E+002
    603800   0.3883867220E+003   0.1161327802E+002
    603900   0.3883861596E+003   0.1161384043E+002
    604000   0.3883855938E+003   0.1161440624E+002
    604100   0.3883848831E+003   0.1161511691E+002
    604200   0.3883837282E+003   0.1161627177E+002
    604300   0.3883826568E+003   0.1161734323E+002
    604400   0.3883816448E+003   0.1161835522E+002
    604500   0.3883807634E+003   0.1161923659E+002
    604600   0.3883797253E+003   0.1162027467E+002
    604700   0.3883785281E+003   0.1162147186E+002
    604800   0.3883777845E+003   0.1162221554E+002
    604900   0.3883771625E+003   0.1162283755E+002
    605000   0.3883761632E+003   0.1162383675E+002
    605100   0.3883748795E+003   0.1162512054E+002
    605200   0.3883736742E+003   0.1162632583E+002
    605300   0.3883729712E+003   0.1162702876E+002
    605400   0.3883716430E+003   0.1162835699E+002
    605500   0.3883708620E+003   0.1162913805E+002
    605600   0.3883693300E+003   0.1163066999E+002
    605700   0.3883675995E+003   0.1163240049E+002
    605800   0.3883665054E+003   0.1163349463E+002
    605900   0.3883651574E+003   0.1163484265E+002
    606000   0.3883640064E+003   0.1163599363E+002
    606100   0.3883628986E+003   0.1163710142E+002
    606200   0.3883614013E+003   0.1163859874E+002
    606300   0.3883599559E+003   0.1164004413E+002
    606400   0.3883587438E+003   0.1164125624E+002
    606500   0.3883572950E+003   0.1164270501E+002
    606600   0.3883562737E+003   0.1164372630E+002
    606700   0.3883549623E+003   0.1164503772E+002
    606800   0.3883535116E+003   0.1164648840E+002
    606900   0.3883526485E+003   0.1164735150E+002
    607000   0.3883516224E+003   0.1164837763E+002
    607100   0.3883503769E+003   0.1164962312E+002
    607200   0.3883489694E+003   0.1165103063E+002
    607300   0.3883481528E+003   0.1165184723E+002
    607400   0.3883470246E+003   0.1165297544E+002
    607500   0.3883459831E+003   0.1165401685E+002
    607600   0.3883450927E+003   0.1165490728E+002
    607700   0.3883438545E+003   0.1165614549E+002
    607800   0.3883425662E+003   0.1165743384E+002
    607900   0.3883412820E+003   0.1165871805E+002
    608000   0.3883400700E+003   0.1165992996E+002
    608100   0.3883389115E+003   0.1166108850E+002
    608200   0.3883381090E+003   0.1166189100E+002
    608300   0.3883370966E+003   0.1166290338E+002
    608400   0.3883365555E+003   0.1166344446E+002
    608500   0.3883353791E+003   0.1166462091E+002
    608600   0.3883346674E+003   0.1166533264E+002
    608700   0.3883339606E+003   0.1166603941E+002
    608800   0.3883331282E+003   0.1166687181E+002
    608900   0.3883326114E+003   0.1166738856E+002
    609000   0.3883321020E+003   0.1166789800E+002
    609100   0.3883315252E+003   0.1166847484E+002
    609200   0.3883305866E+003   0.1166941335E+002
    609300   0.3883301508E+003   0.1166984923E+002
    609400   0.3883296519E+003   0.1167034809E+002
    609500   0.3883291983E+003   0.1167080167E+002
    609600   0.3883285536E+003   0.1167144640E+002
    609700   0.3883280870E+003   0.1167191303E+002
    609800   0.3883275191E+003   0.1167248092E+002
    609900   0.3883268168E+003   0.1167318324E+002
    610000   0.3883261382E+003   0.1167386181E+002
    610100   0.3883258455E+003   0.1167415454E+002
    610200   0.3883255451E+003   0.1167445494E+002
    610300   0.3883248194E+003   0.1167518061E+002
    610400   0.3883244351E+003   0.1167556492E+002
    610500   0.3883239878E+003   0.1167601224E+002
    610600   0.3883234856E+003   0.1167651437E+002
    610700   0.3883227711E+003   0.1167722890E+002
    610800   0.3883222183E+003   0.1167778165E+002
    610900   0.3883217764E+003   0.1167822359E+002
    611000   0.3883213602E+003   0.1167863984E+002
    611100   0.3883210814E+003   0.1167891864E+002
    611200   0.3883208765E+003   0.1167912349E+002
    611300   0.3883206691E+003   0.1167933093E+002
    611400   0.3883206448E+003   0.1167935520E+002
    611500   0.3883207994E+003   0.1167920060E+002
    611600   0.3883210253E+003   0.1167897466E+002
    611700   0.3883213746E+003   0.1167862541E+002
    611800   0.3883215562E+003   0.1167844382E+002
    611900   0.3883217185E+003   0.1167828145E+002
    612000   0.3883219005E+003   0.1167809954E+002
    612100   0.3883218147E+003   0.1167818527E+002
    612200   0.3883213251E+003   0.1167867490E+002
    612300   0.3883208988E+003   0.1167910122E+002
    612400   0.3883202465E+003   0.1167975352E+002
    612500   0.3883196537E+003   0.1168034630E+002
    612600   0.3883191720E+003   0.1168082805E+002
    612700   0.3883186978E+003   0.1168130223E+002
    612800   0.3883179195E+003   0.1168208055E+002
    612900   0.3883170966E+003   0.1168290340E+002
    613000   0.3883162582E+003   0.1168374178E+002
    613100   0.3883153879E+003   0.1168461210E+002
    613200   0.3883145385E+003   0.1168546149E+002
    613300   0.3883138372E+003   0.1168616281E+002
    613400   0.3883129985E+003   0.1168700145E+002
    613500   0.3883124630E+003   0.1168753701E+002
    613600   0.3883111280E+003   0.1168887204E+002
    613700   0.3883097721E+003   0.1169022794E+002
    613800   0.3883091564E+003   0.1169084355E+002
    613900   0.3883086336E+003   0.1169136641E+002
    614000   0.3883080869E+003   0.1169191308E+002
    614100   0.3883073987E+003   0.1169260131E+002
    614200   0.3883066963E+003   0.1169330374E+002
    614300   0.3883057991E+003   0.1169420089E+002
    614400   0.3883047616E+003   0.1169523836E+002
    614500   0.3883036167E+003   0.1169638335E+002
    614600   0.3883027428E+003   0.1169725715E+002
    614700   0.3883018973E+003   0.1169810269E+002
    614800   0.3883010113E+003   0.1169898866E+002
    614900   0.3883000805E+003   0.1169991949E+002
    615000   0.3882992529E+003   0.1170074710E+002
    615100   0.3882981649E+003   0.1170183515E+002
    615200   0.3882974291E+003   0.1170257090E+002
    615300   0.3882960366E+003   0.1170396342E+002
    615400   0.3882951521E+003   0.1170484795E+002
    615500   0.3882945540E+003   0.1170544605E+002
    615600   0.3882942817E+003   0.1170571830E+002
    615700   0.3882942166E+003   0.1170578341E+002
    615800   0.3882943600E+003   0.1170563999E+002
    615900   0.3882945348E+003   0.1170546519E+002
    616000   0.3882947994E+003   0.1170520060E+002
    616100   0.3882949176E+003   0.1170508242E+002
    616200   0.3882950756E+003   0.1170492442E+002
    616300   0.3882952433E+003   0.1170475674E+002
    616400   0.3882952246E+003   0.1170477544E+002
    616500   0.3882951993E+003   0.1170480067E+002
    616600   0.3882951545E+003   0.1170484554E+002
    616700   0.3882951862E+003   0.1170481380E+002
    616800   0.3882953338E+003   0.1170466620E+002
    616900   0.3882954703E+003   0.1170452970E+002
    617000   0.3882956540E+003   0.1170434603E+002
    617100   0.3882962666E+003   0.1170373340E+002
    617200   0.3882967632E+003   0.1170323678E+002
    617300   0.3882975532E+003   0.1170244678E+002
    617400   0.3882981729E+003   0.1170182711E+002
    617500   0.3882984808E+003   0.1170151918E+002
    617600   0.3882987143E+003   0.1170128575E+002
    617700   0.3882987234E+003   0.1170127659E+002
    617800   0.3882986224E+003   0.1170137756E+002
    617900   0.3882984222E+003   0.1170157782E+002
    618000   0.3882983625E+003   0.1170163746E+002
    618100   0.3882985227E+003   0.1170147728E+002
    618200   0.3882988524E+003   0.1170114764E+002
    618300   0.3882991187E+003   0.1170088129E+002
    618400   0.3882991564E+003   0.1170084359E+002
    618500   0.3882993095E+003   0.1170069045E+002
    618600   0.3882998616E+003   0.1170013844E+002
    618700   0.3883003275E+003   0.1169967248E+002
    618800   0.3883006605E+003   0.1169933947E+002
    618900   0.3883010179E+003   0.1169898206E+002
    619000   0.3883015186E+003   0.1169848141E+002
    619100   0.3883018123E+003   0.1169818766E+002
    619200   0.3883023921E+003   0.1169760785E+002
    619300   0.3883027665E+003   0.1169723348E+002
    619400   0.3883028876E+003   0.1169711240E+002
    619500   0.3883029726E+003   0.1169702740E+002
    619600   0.3883029364E+003   0.1169706357E+002
    619700   0.3883031061E+003   0.1169689393E+002
    619800   0.3883032243E+003   0.1169677571E+002
    619900   0.3883035931E+003   0.1169640695E+002
    620000   0.3883040780E+003   0.1169592202E+002
    620100   0.3883046396E+003   0.1169536042E+002
    620200   0.3883053411E+003   0.1169465885E+002
    620300   0.3883059901E+003   0.1169400995E+002
    620400   0.3883064749E+003   0.1169352507E+002
    620500   0.3883067626E+003   0.1169323740E+002
    620600   0.3883069038E+003   0.1169309623E+002
    620700   0.3883069560E+003   0.1169304404E+002
    620800   0.3883069042E+003   0.1169309579E+002
    620900   0.3883067311E+003   0.1169326888E+002
    621000   0.3883065380E+003   0.1169346196E+002
    621100   0.3883063464E+003   0.1169365361E+002
    621200   0.3883060928E+003   0.1169390718E+002
    621300   0.3883058697E+003   0.1169413030E+002
    621400   0.3883054094E+003   0.1169459063E+002
    621500   0.3883049937E+003   0.1169500626E+002
    621600   0.3883043412E+003   0.1169565876E+002
    621700   0.3883040139E+003   0.1169598614E+002
    621800   0.3883035627E+003   0.1169643731E+002
    621900   0.3883030499E+003   0.1169695009E+002
    622000   0.3883025077E+003   0.1169749229E+002
    622100   0.3883020441E+003   0.1169795589E+002
    622200   0.3883016103E+003   0.1169838968E+002
    622300   0.3883011659E+003   0.1169883411E+002
    622400   0.3883008381E+003   0.1169916186E+002
    622500   0.3883004059E+003   0.1169959410E+002
    622600   0.3882999790E+003   0.1170002096E+002
    622700   0.3882991662E+003   0.1170083380E+002
    622800   0.3882984365E+003   0.1170156348E+002
    622900   0.3882979406E+003   0.1170205935E+002
    623000   0.3882974622E+003   0.1170253779E+002
    623100   0.3882969660E+003   0.1170303396E+002
    623200   0.3882963305E+003   0.1170366949E+002
    623300   0.3882958939E+003   0.1170410605E+002
    623400   0.3882954184E+003   0.1170458159E+002
    623500   0.3882949484E+003   0.1170505159E+002
    623600   0.3882943287E+003   0.1170567134E+002
    623700   0.3882938243E+003   0.1170617567E+002
    623800   0.3882932530E+003   0.1170674698E+002
    623900   0.3882927549E+003   0.1170724513E+002
    624000   0.3882922231E+003   0.1170777685E+002
    624100   0.3882918908E+003   0.1170810923E+002
    624200   0.3882914894E+003   0.1170851059E+002
    624300   0.3882910826E+003   0.1170891743E+002
    624400   0.3882906277E+003   0.1170937234E+002
    624500   0.3882903462E+003   0.1170965378E+002
    624600   0.3882898060E+003   0.1171019399E+002
    624700   0.3882895847E+003   0.1171041526E+002
    624800   0.3882891137E+003   0.1171088632E+002
    624900   0.3882888406E+003   0.1171115940E+002
    625000   0.3882887078E+003   0.1171129217E+002
    625100   0.3882884272E+003   0.1171157277E+002
    625200   0.3882882388E+003   0.1171176123E+002
    625300   0.3882880522E+003   0.1171194782E+002
    625400   0.3882879321E+003   0.1171206787E+002
    625500   0.3882880348E+003   0.1171196518E+002
    625600   0.3882879472E+003   0.1171205276E+002
    625700   0.3882877390E+003   0.1171226101E+002
    625800   0.3882874720E+003   0.1171252797E+002
    625900   0.3882872054E+003   0.1171279458E+002
    626000   0.3882870899E+003   0.1171291014E+002
    626100   0.3882872272E+003   0.1171277280E+002
    626200   0.3882878013E+003   0.1171219871E+002
    626300   0.3882888179E+003   0.1171118210E+002
    626400   0.3882893234E+003   0.1171067657E+002
    626500   0.3882901041E+003   0.1170989592E+002
    626600   0.3882909441E+003   0.1170905591E+002
    626700   0.3882916392E+003   0.1170836081E+002
    626800   0.3882919705E+003   0.1170802950E+002
    626900   0.3882923469E+003   0.1170765315E+002
    627000   0.3882926109E+003   0.1170738907E+002
    627100   0.3882927940E+003   0.1170720596E+002
    627200   0.3882930423E+003   0.1170695772E+002
    627300   0.3882934817E+003   0.1170651831E+002
    627400   0.3882939519E+003   0.1170604809E+002
    627500   0.3882946632E+003   0.1170533675E+002
    627600   0.3882954623E+003   0.1170453768E+002
    627700   0.3882963242E+003   0.1170367579E+002
    627800   0.3882967340E+003   0.1170326596E+002
    627900   0.3882968419E+003   0.1170315808E+002
    628000   0.3882969380E+003   0.1170306203E+002
    628100   0.3882971022E+003   0.1170289782E+002
    628200   0.3882971566E+003   0.1170284336E+002
    628300   0.3882969503E+003   0.1170304966E+002
    628400   0.3882967734E+003   0.1170322665E+002
    628500   0.3882968316E+003   0.1170316843E+002
    628600   0.3882969024E+003   0.1170309760E+002
    628700   0.3882970305E+003   0.1170296953E+002
    628800   0.3882971817E+003   0.1170281830E+002
    628900   0.3882977004E+003   0.1170229963E+002
    629000   0.3882981343E+003   0.1170186574E+002
    629100   0.3882986161E+003   0.1170138386E+002
    629200   0.3882992554E+003   0.1170074457E+002
    629300   0.3882998824E+003   0.1170011757E+002
    629400   0.3883007851E+003   0.1169921487E+002
    629500   0.3883019045E+003   0.1169809547E+002
    629600   0.3883025752E+003   0.1169742482E+002
    629700   0.3883035614E+003   0.1169643860E+002
    629800   0.3883040803E+003   0.1169591965E+002
    629900   0.3883044094E+003   0.1169559061E+002
    630000   0.3883049255E+003   0.1169507448E+002
    630100   0.3883052859E+003   0.1169471412E+002
    630200   0.3883055737E+003   0.1169442630E+002
    630300   0.3883059246E+003   0.1169407539E+002
    630400   0.3883063048E+003   0.1169369516E+002
    630500   0.3883070698E+003   0.1169293018E+002
    630600   0.3883074090E+003   0.1169259100E+002
    630700   0.3883075507E+003   0.1169244933E+002
    630800   0.3883078558E+003   0.1169214418E+002
    630900   0.3883079172E+003   0.1169208277E+002
    631000   0.3883079722E+003   0.1169202775E+002
    631100   0.3883079400E+003   0.1169205999E+002
    631200   0.3883078267E+003   0.1169217329E+002
    631300   0.3883076487E+003   0.1169235133E+002
    631400   0.3883075421E+003   0.1169245785E+002
    631500   0.3883075062E+003   0.1169249383E+002
    631600   0.3883074295E+003   0.1169257054E+002
    631700   0.3883074034E+003   0.1169259657E+002
    631800   0.3883074299E+003   0.1169257008E+002
    631900   0.3883075177E+003   0.1169248234E+002
    632000   0.3883074122E+003   0.1169258785E+002
    632100   0.3883071748E+003   0.1169282516E+002
    632200   0.3883070374E+003   0.1169296261E+002
    632300   0.3883069854E+003   0.1169301459E+002
    632400   0.3883069311E+003   0.1169306891E+002
    632500   0.3883068152E+003   0.1169318485E+002
    632600   0.3883065631E+003   0.1169343689E+002
    632700   0.3883064139E+003   0.1169358614E+002
    632800   0.3883061329E+003   0.1169386713E+002
    632900   0.3883058401E+003   0.1169415994E+002
    633000   0.3883055789E+003   0.1169442114E+002
    633100   0.3883054822E+003   0.1169451780E+002
    633200   0.3883054617E+003   0.1169453834E+002
    633300   0.3883054341E+003   0.1169456593E+002
    633400   0.3883053750E+003   0.1169462500E+002
    633500   0.3883053383E+003   0.1169466171E+002
    633600   0.3883052829E+003   0.1169471710E+002
    633700   0.3883049085E+003   0.1169509149E+002
    633800   0.3883045453E+003   0.1169545466E+002
    633900   0.3883045025E+003   0.1169549754E+002
    634000   0.3883046449E+003   0.1169535510E+002
    634100   0.3883047776E+003   0.1169522243E+002
    634200   0.3883045143E+003   0.1169548571E+002
    634300   0.3883042963E+003   0.1169570372E+002
    634400   0.3883038584E+003   0.1169614160E+002
    634500   0.3883035537E+003   0.1169644627E+002
    634600   0.3883032943E+003   0.1169670570E+002
    634700   0.3883026993E+003   0.1169730074E+002
    634800   0.3883018624E+003   0.1169813761E+002
    634900   0.3883011489E+003   0.1169885106E+002
    635000   0.3883004339E+003   0.1169956607E+002
    635100   0.3882996085E+003   0.1170039147E+002
    635200   0.3882989076E+003   0.1170109235E+002
    635300   0.3882980142E+003   0.1170198581E+002
    635400   0.3882969561E+003   0.1170304394E+002
    635500   0.3882963675E+003   0.1170363251E+002
    635600   0.3882953536E+003   0.1170464636E+002
    635700   0.3882944136E+003   0.1170558636E+002
    635800   0.3882935648E+003   0.1170643515E+002
    635900   0.3882929408E+003   0.1170705920E+002
    636000   0.3882920980E+003   0.1170790201E+002
    636100   0.3882910873E+003   0.1170891268E+002
    636200   0.3882902479E+003   0.1170975210E+002
    636300   0.3882896455E+003   0.1171035449E+002
    636400   0.3882890699E+003   0.1171093008E+002
    636500   0.3882885884E+003   0.1171141159E+002
    636600   0.3882881555E+003   0.1171184448E+002
    636700   0.3882878237E+003   0.1171217626E+002
    636800   0.3882874254E+003   0.1171257464E+002
    636900   0.3882870829E+003   0.1171291711E+002
    637000   0.3882866064E+003   0.1171339360E+002
    637100   0.3882860131E+003   0.1171398689E+002
    637200   0.3882856274E+003   0.1171437262E+002
    637300   0.3882851924E+003   0.1171480758E+002
    637400   0.3882847779E+003   0.1171522206E+002
    637500   0.3882843161E+003   0.1171568392E+002
    637600   0.3882840550E+003   0.1171594503E+002
    637700   0.3882840127E+003   0.1171598727E+002
    637800   0.3882841884E+003   0.1171581161E+002
    637900   0.3882842940E+003   0.1171570602E+002
    638000   0.3882844489E+003   0.1171555112E+002
    638100   0.3882844559E+003   0.1171554409E+002
    638200   0.3882842885E+003   0.1171571154E+002
    638300   0.3882845494E+003   0.1171545059E+002
    638400   0.3882848111E+003   0.1171518891E+002
    638500   0.3882849900E+003   0.1171501000E+002
    638600   0.3882851638E+003   0.1171483617E+002
    638700   0.3882855021E+003   0.1171449791E+002
    638800   0.3882857951E+003   0.1171420494E+002
    638900   0.3882861262E+003   0.1171387375E+002
    639000   0.3882865306E+003   0.1171346943E+002
    639100   0.3882867177E+003   0.1171328225E+002
    639200   0.3882865667E+003   0.1171343332E+002
    639300   0.3882867290E+003   0.1171327098E+002
    639400   0.3882873219E+003   0.1171267806E+002
    639500   0.3882877864E+003   0.1171221360E+002
    639600   0.3882885756E+003   0.1171142444E+002
    639700   0.3882890045E+003   0.1171099551E+002
    639800   0.3882893167E+003   0.1171068333E+002
    639900   0.3882897348E+003   0.1171026520E+002
    640000   0.3882900757E+003   0.1170992435E+002
    640100   0.3882904558E+003   0.1170954424E+002
    640200   0.3882906077E+003   0.1170939231E+002
    640300   0.3882912247E+003   0.1170877531E+002
    640400   0.3882919816E+003   0.1170801836E+002
    640500   0.3882930453E+003   0.1170695465E+002
    640600   0.3882950009E+003   0.1170499909E+002
    640700   0.3882972508E+003   0.1170274925E+002
    640800   0.3882989752E+003   0.1170102476E+002
    640900   0.3883003349E+003   0.1169966514E+002
    641000   0.3883017092E+003   0.1169829083E+002
    641100   0.3883029309E+003   0.1169706908E+002
    641200   0.3883039666E+003   0.1169603344E+002
    641300   0.3883054014E+003   0.1169459859E+002
    641400   0.3883065242E+003   0.1169347584E+002
    641500   0.3883075934E+003   0.1169240658E+002
    641600   0.3883086927E+003   0.1169130733E+002
    641700   0.3883095701E+003   0.1169042985E+002
    641800   0.3883102184E+003   0.1168978165E+002
    641900   0.3883105689E+003   0.1168943113E+002
    642000   0.3883109501E+003   0.1168904986E+002
    642100   0.3883113204E+003   0.1168867956E+002
    642200   0.3883117229E+003   0.1168827713E+002
    642300   0.3883121069E+003   0.1168789306E+002
    642400   0.3883125060E+003   0.1168749403E+002
    642500   0.3883128711E+003   0.1168712887E+002
    642600   0.3883132737E+003   0.1168672627E+002
    642700   0.3883136932E+003   0.1168630679E+002
    642800   0.3883141421E+003   0.1168585794E+002
    642900   0.3883143781E+003   0.1168562195E+002
    643000   0.3883145070E+003   0.1168549301E+002
    643100   0.3883146328E+003   0.1168536720E+002
    643200   0.3883148273E+003   0.1168517272E+002
    643300   0.3883151836E+003   0.1168481640E+002
    643400   0.3883153476E+003   0.1168465236E+002
    643500   0.3883154514E+003   0.1168454860E+002
    643600   0.3883157335E+003   0.1168426650E+002
    643700   0.3883162517E+003   0.1168374827E+002
    643800   0.3883168362E+003   0.1168316380E+002
    643900   0.3883173448E+003   0.1168265521E+002
    644000   0.3883177433E+003   0.1168225666E+002
    644100   0.3883180996E+003   0.1168190040E+002
    644200   0.3883185690E+003   0.1168143099E+002
    644300   0.3883189535E+003   0.1168104647E+002
    644400   0.3883190330E+003   0.1168096697E+002
    644500   0.3883190559E+003   0.1168094408E+002
    644600   0.3883190579E+003   0.1168094214E+002
    644700   0.3883192318E+003   0.1168076820E+002
    644800   0.3883191981E+003   0.1168080186E+002
    644900   0.3883191833E+003   0.1168081671E+002
    645000   0.3883191382E+003   0.1168086184E+002
    645100   0.3883189945E+003   0.1168100554E+002
    645200   0.3883190747E+003   0.1168092526E+002
    645300   0.3883189671E+003   0.1168103290E+002
    645400   0.3883187229E+003   0.1168127709E+002
    645500   0.3883186830E+003   0.1168131704E+002
    645600   0.3883186928E+003   0.1168130722E+002
    645700   0.3883188571E+003   0.1168114291E+002
    645800   0.3883188141E+003   0.1168118591E+002
    645900   0.3883187762E+003   0.1168122378E+002
    646000   0.3883185467E+003   0.1168145333E+002
    646100   0.3883183489E+003   0.1168165113E+002
    646200   0.3883180912E+003   0.1168190884E+002
    646300   0.3883179120E+003   0.1168208801E+002
    646400   0.3883177138E+003   0.1168228616E+002
    646500   0.3883175938E+003   0.1168240623E+002
    646600   0.3883177507E+003   0.1168224935E+002
    646700   0.3883178671E+003   0.1168213292E+002
    646800   0.3883181027E+003   0.1168189735E+002
    646900   0.3883183496E+003   0.1168165039E+002
    647000   0.3883184683E+003   0.1168153175E+002
    647100   0.3883185880E+003   0.1168141202E+002
    647200   0.3883186076E+003   0.1168139242E+002
    647300   0.3883185626E+003   0.1168143739E+002
    647400   0.3883185299E+003   0.1168147015E+002
    647500   0.3883184861E+003   0.1168151394E+002
    647600   0.3883184774E+003   0.1168152258E+002
    647700   0.3883188755E+003   0.1168112451E+002
    647800   0.3883195708E+003   0.1168042924E+002
    647900   0.3883198767E+003   0.1168012333E+002
    648000   0.3883199327E+003   0.1168006727E+002
    648100   0.3883196887E+003   0.1168031130E+002
    648200   0.3883193155E+003   0.1168068449E+002
    648300   0.3883189290E+003   0.1168107097E+002
    648400   0.3883183495E+003   0.1168165046E+002
    648500   0.3883177152E+003   0.1168228483E+002
    648600   0.3883167573E+003   0.1168324270E+002
    648700   0.3883159226E+003   0.1168407742E+002
    648800   0.3883151464E+003   0.1168485357E+002
    648900   0.3883141611E+003   0.1168583893E+002
    649000   0.3883129423E+003   0.1168705773E+002
    649100   0.3883119003E+003   0.1168809968E+002
    649200   0.3883109724E+003   0.1168902762E+002
    649300   0.3883099944E+003   0.1169000555E+002
    649400   0.3883089606E+003   0.1169103940E+002
    649500   0.3883079980E+003   0.1169200201E+002
    649600   0.3883069322E+003   0.1169306780E+002
    649700   0.3883060444E+003   0.1169395562E+002
    649800   0.3883043800E+003   0.1169562004E+002
    649900   0.3883034020E+003   0.1169659797E+002
    650000   0.3883024671E+003   0.1169753294E+002
    650100   0.3883018019E+003   0.1169819815E+002
    650200   0.3883006117E+003   0.1169938827E+002
    650300   0.3882998989E+003   0.1170010112E+002
    650400   0.3882991963E+003   0.1170080370E+002
    650500   0.3882984903E+003   0.1170150974E+002
    650600   0.3882975753E+003   0.1170242470E+002
    650700   0.3882968113E+003   0.1170318869E+002
    650800   0.3882957803E+003   0.1170421972E+002
    650900   0.3882949994E+003   0.1170500062E+002
    651000   0.3882943819E+003   0.1170561814E+002
    651100   0.3882937061E+003   0.1170629389E+002
    651200   0.3882926294E+003   0.1170737058E+002
    651300   0.3882910928E+003   0.1170890724E+002
    651400   0.3882901342E+003   0.1170986581E+002
    651500   0.3882890500E+003   0.1171094997E+002
    651600   0.3882877893E+003   0.1171221070E+002
    651700   0.3882870454E+003   0.1171295456E+002
    651800   0.3882862565E+003   0.1171374355E+002
    651900   0.3882855332E+003   0.1171446676E+002
    652000   0.3882846665E+003   0.1171533347E+002
    652100   0.3882838877E+003   0.1171611230E+002
    652200   0.3882834202E+003   0.1171657980E+002
    652300   0.3882826503E+003   0.1171734970E+002
    652400   0.3882818318E+003   0.1171816824E+002
    652500   0.3882810178E+003   0.1171898219E+002
    652600   0.3882798934E+003   0.1172010658E+002
    652700   0.3882791303E+003   0.1172086972E+002
    652800   0.3882782939E+003   0.1172170606E+002
    652900   0.3882773543E+003   0.1172264568E+002
    653000   0.3882767796E+003   0.1172322044E+002
    653100   0.3882762582E+003   0.1172374177E+002
    653200   0.3882759177E+003   0.1172408233E+002
    653300   0.3882758851E+003   0.1172411486E+002
    653400   0.3882758455E+003   0.1172415450E+002
    653500   0.3882758100E+003   0.1172418996E+002
    653600   0.3882757690E+003   0.1172423104E+002
    653700   0.3882757381E+003   0.1172426194E+002
    653800   0.3882757011E+003   0.1172429887E+002
    653900   0.3882758583E+003   0.1172414170E+002
    654000   0.3882759752E+003   0.1172402476E+002
    654100   0.3882761496E+003   0.1172385042E+002
    654200   0.3882763309E+003   0.1172366915E+002
    654300   0.3882764656E+003   0.1172353436E+002
    654400   0.3882766215E+003   0.1172337849E+002
    654500   0.3882768454E+003   0.1172315464E+002
    654600   0.3882774306E+003   0.1172256937E+002
    654700   0.3882781188E+003   0.1172188121E+002
    654800   0.3882787162E+003   0.1172128385E+002
    654900   0.3882790107E+003   0.1172098934E+002
    655000   0.3882795514E+003   0.1172044858E+002
    655100   0.3882799579E+003   0.1172004212E+002
    655200   0.3882802579E+003   0.1171974208E+002
    655300   0.3882803949E+003   0.1171960506E+002
    655400   0.3882805080E+003   0.1171949196E+002
    655500   0.3882806601E+003   0.1171933990E+002
    655600   0.3882808188E+003   0.1171918119E+002
    655700   0.3882813361E+003   0.1171866391E+002
    655800   0.3882820493E+003   0.1171795074E+002
    655900   0.3882827848E+003   0.1171721519E+002
    656000   0.3882836954E+003   0.1171630458E+002
    656100   0.3882847984E+003   0.1171520161E+002
    656200   0.3882855728E+003   0.1171442724E+002
    656300   0.3882868898E+003   0.1171311015E+002
    656400   0.3882878477E+003   0.1171215228E+002
    656500   0.3882887616E+003   0.1171123837E+002
    656600   0.3882897744E+003   0.1171022562E+002
    656700   0.3882910979E+003   0.1170890206E+002
    656800   0.3882920718E+003   0.1170792820E+002
    656900   0.3882925503E+003   0.1170744968E+002
    657000   0.3882932359E+003   0.1170676406E+002
    657100   0.3882938335E+003   0.1170616649E+002
    657200   0.3882945262E+003   0.1170547377E+002
    657300   0.3882954258E+003   0.1170457415E+002
    657400   0.3882964228E+003   0.1170357718E+002
    657500   0.3882976733E+003   0.1170232670E+002
    657600   0.3882984632E+003   0.1170153679E+002
    657700   0.3882996231E+003   0.1170037689E+002
    657800   0.3883011223E+003   0.1169887768E+002
    657900   0.3883027661E+003   0.1169723386E+002
    658000   0.3883045038E+003   0.1169549624E+002
    658100   0.3883059601E+003   0.1169403986E+002
    658200   0.3883076723E+003   0.1169232771E+002
    658300   0.3883090548E+003   0.1169094520E+002
    658400   0.3883105095E+003   0.1168949047E+002
    658500   0.3883119388E+003   0.1168806119E+002
    658600   0.3883137568E+003   0.1168624316E+002
    658700   0.3883149294E+003   0.1168507057E+002
    658800   0.3883161209E+003   0.1168387915E+002
    658900   0.3883173194E+003   0.1168268060E+002
    659000   0.3883180916E+003   0.1168190842E+002
    659100   0.3883187357E+003   0.1168126428E+002
    659200   0.3883193365E+003   0.1168066352E+002
    659300   0.3883199848E+003   0.1168001523E+002
    659400   0.3883204399E+003   0.1167956012E+002
    659500   0.3883210178E+003   0.1167898216E+002
    659600   0.3883217809E+003   0.1167821906E+002
    659700   0.3883225097E+003   0.1167749026E+002
    659800   0.3883232191E+003   0.1167678086E+002
    659900   0.3883242248E+003   0.1167577525E+002
    660000   0.3883249682E+003   0.1167503184E+002
    660100   0.3883256717E+003   0.1167432832E+002
    660200   0.3883271117E+003   0.1167288830E+002
    660300   0.3883283072E+003   0.1167169281E+002
    660400   0.3883294392E+003   0.1167056076E+002
    660500   0.3883299616E+003   0.1167003842E+002
    660600   0.3883303900E+003   0.1166960999E+002
    660700   0.3883309553E+003   0.1166904471E+002
    660800   0.3883315003E+003   0.1166849971E+002
    660900   0.3883322241E+003   0.1166777595E+002
    661000   0.3883331822E+003   0.1166681778E+002
    661100   0.3883339138E+003   0.1166608621E+002
    661200   0.3883346335E+003   0.1166536651E+002
    661300   0.3883351203E+003   0.1166487973E+002
    661400   0.3883358029E+003   0.1166419709E+002
    661500   0.3883365977E+003   0.1166340232E+002
    661600   0.3883373013E+003   0.1166269875E+002
    661700   0.3883383482E+003   0.1166165179E+002
    661800   0.3883392741E+003   0.1166072586E+002
    661900   0.3883406693E+003   0.1165933067E+002
    662000   0.3883420543E+003   0.1165794567E+002
    662100   0.3883434717E+003   0.1165652828E+002
    662200   0.3883446573E+003   0.1165534269E+002
    662300   0.3883455935E+003   0.1165440651E+002
    662400   0.3883463609E+003   0.1165363914E+002
    662500   0.3883476719E+003   0.1165232807E+002
    662600   0.3883493188E+003   0.1165068119E+002
    662700   0.3883506084E+003   0.1164939164E+002
    662800   0.3883519100E+003   0.1164808999E+002
    662900   0.3883530547E+003   0.1164694528E+002
    663000   0.3883547361E+003   0.1164526386E+002
    663100   0.3883562542E+003   0.1164374580E+002
    663200   0.3883576879E+003   0.1164231209E+002
    663300   0.3883589101E+003   0.1164108993E+002
    663400   0.3883596012E+003   0.1164039877E+002
    663500   0.3883601252E+003   0.1163987480E+002
    663600   0.3883606466E+003   0.1163935340E+002
    663700   0.3883610594E+003   0.1163894062E+002
    663800   0.3883614353E+003   0.1163856468E+002
    663900   0.3883619605E+003   0.1163803947E+002
    664000   0.3883621250E+003   0.1163787502E+002
    664100   0.3883620711E+003   0.1163792892E+002
    664200   0.3883621400E+003   0.1163785997E+002
    664300   0.3883622703E+003   0.1163772973E+002
    664400   0.3883624100E+003   0.1163758997E+002
    664500   0.3883627664E+003   0.1163723360E+002
    664600   0.3883634562E+003   0.1163654383E+002
    664700   0.3883637744E+003   0.1163622565E+002
    664800   0.3883640741E+003   0.1163592590E+002
    664900   0.3883643513E+003   0.1163564873E+002
    665000   0.3883646558E+003   0.1163534424E+002
    665100   0.3883649515E+003   0.1163504845E+002
    665200   0.3883656093E+003   0.1163439066E+002
    665300   0.3883660685E+003   0.1163393150E+002
    665400   0.3883667609E+003   0.1163323914E+002
    665500   0.3883675823E+003   0.1163241768E+002
    665600   0.3883684180E+003   0.1163158195E+002
    665700   0.3883690351E+003   0.1163096486E+002
    665800   0.3883695603E+003   0.1163043973E+002
    665900   0.3883702126E+003   0.1162978742E+002
    666000   0.3883706582E+003   0.1162934184E+002
    666100   0.3883711417E+003   0.1162885832E+002
    666200   0.3883714732E+003   0.1162852676E+002
    666300   0.3883717609E+003   0.1162823914E+002
    666400   0.3883722411E+003   0.1162775888E+002
    666500   0.3883725779E+003   0.1162742215E+002
    666600   0.3883728865E+003   0.1162711355E+002
    666700   0.3883730800E+003   0.1162691996E+002
    666800   0.3883731056E+003   0.1162689442E+002
    666900   0.3883729733E+003   0.1162702669E+002
    667000   0.3883729414E+003   0.1162705864E+002
    667100   0.3883728754E+003   0.1162712463E+002
    667200   0.3883728149E+003   0.1162718506E+002
    667300   0.3883728033E+003   0.1162719666E+002
    667400   0.3883727475E+003   0.1162725249E+002
    667500   0.3883726781E+003   0.1162732188E+002
    667600   0.3883728853E+003   0.1162711469E+002
    667700   0.3883730761E+003   0.1162692385E+002
    667800   0.3883728804E+003   0.1162711961E+002
    667900   0.3883725153E+003   0.1162748472E+002
    668000   0.3883722532E+003   0.1162774684E+002
    668100   0.3883720841E+003   0.1162791592E+002
    668200   0.3883718736E+003   0.1162812638E+002
    668300   0.3883716370E+003   0.1162836303E+002
    668400   0.3883715650E+003   0.1162843502E+002
    668500   0.3883715045E+003   0.1162849553E+002
    668600   0.3883712927E+003   0.1162870727E+002
    668700   0.3883708421E+003   0.1162915791E+002
    668800   0.3883705426E+003   0.1162945739E+002
    668900   0.3883704703E+003   0.1162952970E+002
    669000   0.3883703747E+003   0.1162962525E+002
    669100   0.3883703232E+003   0.1162967681E+002
    669200   0.3883702698E+003   0.1162973020E+002
    669300   0.3883702163E+003   0.1162978369E+002
    669400   0.3883699985E+003   0.1163000147E+002
    669500   0.3883694180E+003   0.1163058198E+002
    669600   0.3883687442E+003   0.1163125580E+002
    669700   0.3883680702E+003   0.1163192979E+002
    669800   0.3883674737E+003   0.1163252632E+002
    669900   0.3883667936E+003   0.1163320638E+002
    670000   0.3883661033E+003   0.1163389673E+002
    670100   0.3883654934E+003   0.1163450658E+002
    670200   0.3883642561E+003   0.1163574385E+002
    670300   0.3883634284E+003   0.1163657157E+002
    670400   0.3883626364E+003   0.1163736356E+002
    670500   0.3883617291E+003   0.1163827090E+002
    670600   0.3883609719E+003   0.1163902810E+002
    670700   0.3883601132E+003   0.1163988680E+002
    670800   0.3883594883E+003   0.1164051171E+002
    670900   0.3883588149E+003   0.1164118509E+002
    671000   0.3883581619E+003   0.1164183805E+002
    671100   0.3883573501E+003   0.1164264987E+002
    671200   0.3883562463E+003   0.1164375369E+002
    671300   0.3883555078E+003   0.1164449217E+002
    671400   0.3883546119E+003   0.1164538809E+002
    671500   0.3883538104E+003   0.1164618965E+002
    671600   0.3883530993E+003   0.1164690069E+002
    671700   0.3883522228E+003   0.1164777717E+002
    671800   0.3883518580E+003   0.1164814202E+002
    671900   0.3883511631E+003   0.1164883690E+002
    672000   0.3883507284E+003   0.1164927165E+002
    672100   0.3883502202E+003   0.1164977980E+002
    672200   0.3883499470E+003   0.1165005298E+002
    672300   0.3883495812E+003   0.1165041885E+002
    672400   0.3883493120E+003   0.1165068798E+002
    672500   0.3883491100E+003   0.1165089001E+002
    672600   0.3883487574E+003   0.1165124259E+002
    672700   0.3883483848E+003   0.1165161517E+002
    672800   0.3883478367E+003   0.1165216333E+002
    672900   0.3883472159E+003   0.1165278414E+002
    673000   0.3883467153E+003   0.1165328466E+002
    673100   0.3883464555E+003   0.1165354445E+002
    673200   0.3883462794E+003   0.1165372062E+002
    673300   0.3883460297E+003   0.1165397032E+002
    673400   0.3883458271E+003   0.1165417288E+002
    673500   0.3883456931E+003   0.1165430693E+002
    673600   0.3883456334E+003   0.1165436657E+002
    673700   0.3883456011E+003   0.1165439888E+002
    673800   0.3883455280E+003   0.1165447203E+002
    673900   0.3883455136E+003   0.1165448639E+002
    674000   0.3883456801E+003   0.1165431995E+002
    674100   0.3883457522E+003   0.1165424777E+002
    674200   0.3883457038E+003   0.1165429617E+002
    674300   0.3883457885E+003   0.1165421147E+002
    674400   0.3883458492E+003   0.1165415082E+002
    674500   0.3883458070E+003   0.1165419296E+002
    674600   0.3883457584E+003   0.1165424158E+002
    674700   0.3883455339E+003   0.1165446608E+002
    674800   0.3883453301E+003   0.1165466986E+002
    674900   0.3883451370E+003   0.1165486301E+002
    675000   0.3883450247E+003   0.1165497527E+002
    675100   0.3883449688E+003   0.1165503118E+002
    675200   0.3883447978E+003   0.1165520219E+002
    675300   0.3883445600E+003   0.1165543996E+002
    675400   0.3883442496E+003   0.1165575044E+002
    675500   0.3883440414E+003   0.1165595864E+002
    675600   0.3883438777E+003   0.1165612225E+002
    675700   0.3883439479E+003   0.1165605211E+002
    675800   0.3883442476E+003   0.1165575243E+002
    675900   0.3883446133E+003   0.1165538668E+002
    676000   0.3883447156E+003   0.1165528444E+002
    676100   0.3883451306E+003   0.1165486939E+002
    676200   0.3883455555E+003   0.1165444445E+002
    676300   0.3883458560E+003   0.1165414401E+002
    676400   0.3883460931E+003   0.1165390688E+002
    676500   0.3883460348E+003   0.1165396523E+002
    676600   0.3883457362E+003   0.1165426381E+002
    676700   0.3883453127E+003   0.1165468727E+002
    676800   0.3883449330E+003   0.1165506705E+002
    676900   0.3883446851E+003   0.1165531494E+002
    677000   0.3883444542E+003   0.1165554578E+002
    677100   0.3883442831E+003   0.1165571686E+002
    677200   0.3883441174E+003   0.1165588259E+002
    677300   0.3883439470E+003   0.1165605303E+002
    677400   0.3883436440E+003   0.1165635602E+002
    677500   0.3883433055E+003   0.1165669447E+002
    677600   0.3883428413E+003   0.1165715865E+002
    677700   0.3883425538E+003   0.1165744618E+002
    677800   0.3883420228E+003   0.1165797722E+002
    677900   0.3883415745E+003   0.1165842552E+002
    678000   0.3883411000E+003   0.1165890000E+002
    678100   0.3883405155E+003   0.1165948455E+002
    678200   0.3883399366E+003   0.1166006343E+002
    678300   0.3883394482E+003   0.1166055182E+002
    678400   0.3883388096E+003   0.1166119040E+002
    678500   0.3883380944E+003   0.1166190563E+002
    678600   0.3883373224E+003   0.1166267764E+002
    678700   0.3883367559E+003   0.1166324409E+002
    678800   0.3883364135E+003   0.1166358654E+002
    678900   0.3883358638E+003   0.1166413616E+002
    679000   0.3883353087E+003   0.1166469132E+002
    679100   0.3883349707E+003   0.1166502926E+002
    679200   0.3883343862E+003   0.1166561375E+002
    679300   0.3883338240E+003   0.1166617605E+002
    679400   0.3883334588E+003   0.1166654117E+002
    679500   0.3883330702E+003   0.1166692977E+002
    679600   0.3883328683E+003   0.1166713175E+002
    679700   0.3883327056E+003   0.1166729441E+002
    679800   0.3883326658E+003   0.1166733415E+002
    679900   0.3883326195E+003   0.1166738049E+002
    680000   0.3883326937E+003   0.1166730634E+002
    680100   0.3883328635E+003   0.1166713649E+002
    680200   0.3883331931E+003   0.1166680689E+002
    680300   0.3883338510E+003   0.1166614897E+002
    680400   0.3883346761E+003   0.1166532394E+002
    680500   0.3883356126E+003   0.1166438741E+002
    680600   0.3883365233E+003   0.1166347667E+002
    680700   0.3883373801E+003   0.1166261993E+002
    680800   0.3883386011E+003   0.1166139886E+002
    680900   0.3883400637E+003   0.1165993635E+002
    681000   0.3883410476E+003   0.1165895241E+002
    681100   0.3883416605E+003   0.1165833953E+002
    681200   0.3883420472E+003   0.1165795281E+002
    681300   0.3883427151E+003   0.1165728492E+002
    681400   0.3883433425E+003   0.1165665755E+002
    681500   0.3883439795E+003   0.1165602050E+002
    681600   0.3883447050E+003   0.1165529500E+002
    681700   0.3883455219E+003   0.1165447809E+002
    681800   0.3883462651E+003   0.1165373490E+002
    681900   0.3883469473E+003   0.1165305272E+002
    682000   0.3883475799E+003   0.1165242009E+002
    682100   0.3883481963E+003   0.1165180369E+002
    682200   0.3883486522E+003   0.1165134778E+002
    682300   0.3883489005E+003   0.1165109949E+002
    682400   0.3883490257E+003   0.1165097432E+002
    682500   0.3883491536E+003   0.1165084638E+002
    682600   0.3883492827E+003   0.1165071726E+002
    682700   0.3883491860E+003   0.1165081404E+002
    682800   0.3883489625E+003   0.1165103746E+002
    682900   0.3883487638E+003   0.1165123621E+002
    683000   0.3883485615E+003   0.1165143849E+002
    683100   0.3883483539E+003   0.1165164607E+002
    683200   0.3883481397E+003   0.1165186026E+002
    683300   0.3883478195E+003   0.1165218051E+002
    683400   0.3883474669E+003   0.1165253306E+002
    683500   0.3883472294E+003   0.1165277059E+002
    683600   0.3883471806E+003   0.1165281939E+002
    683700   0.3883472758E+003   0.1165272424E+002
    683800   0.3883474415E+003   0.1165255855E+002
    683900   0.3883475497E+003   0.1165245028E+002
    684000   0.3883475190E+003   0.1165248101E+002
    684100   0.3883474829E+003   0.1165251714E+002
    684200   0.3883474779E+003   0.1165252208E+002
    684300   0.3883476291E+003   0.1165237089E+002
    684400   0.3883477367E+003   0.1165226331E+002
    684500   0.3883477362E+003   0.1165226376E+002
    684600   0.3883476746E+003   0.1165232536E+002
    684700   0.3883474747E+003   0.1165252535E+002
    684800   0.3883472314E+003   0.1165276858E+002
    684900   0.3883471411E+003   0.1165285891E+002
    685000   0.3883472959E+003   0.1165270414E+002
    685100   0.3883472525E+003   0.1165274751E+002
    685200   0.3883472189E+003   0.1165278111E+002
    685300   0.3883471881E+003   0.1165281193E+002
    685400   0.3883470396E+003   0.1165296042E+002
    685500   0.3883467873E+003   0.1165321275E+002
    685600   0.3883465780E+003   0.1165342203E+002
    685700   0.3883465132E+003   0.1165348681E+002
    685800   0.3883464506E+003   0.1165354938E+002
    685900   0.3883462854E+003   0.1165371458E+002
    686000   0.3883462410E+003   0.1165375902E+002
    686100   0.3883464236E+003   0.1165357636E+002
    686200   0.3883466748E+003   0.1165332516E+002
    686300   0.3883469866E+003   0.1165301342E+002
    686400   0.3883471866E+003   0.1165281339E+002
    686500   0.3883473621E+003   0.1165263786E+002
    686600   0.3883475498E+003   0.1165245025E+002
    686700   0.3883479049E+003   0.1165209507E+002
    686800   0.3883481241E+003   0.1165187591E+002
    686900   0.3883483432E+003   0.1165165682E+002
    687000   0.3883485504E+003   0.1165144957E+002
    687100   0.3883486839E+003   0.1165131607E+002
    687200   0.3883488458E+003   0.1165115418E+002
    687300   0.3883491798E+003   0.1165082024E+002
    687400   0.3883496223E+003   0.1165037773E+002
    687500   0.3883502319E+003   0.1164976813E+002
    687600   0.3883506240E+003   0.1164937599E+002
    687700   0.3883508648E+003   0.1164913517E+002
    687800   0.3883508188E+003   0.1164918116E+002
    687900   0.3883507819E+003   0.1164921811E+002
    688000   0.3883507220E+003   0.1164927798E+002
    688100   0.3883506566E+003   0.1164934337E+002
    688200   0.3883507095E+003   0.1164929051E+002
    688300   0.3883508314E+003   0.1164916855E+002
    688400   0.3883512823E+003   0.1164871766E+002
    688500   0.3883518010E+003   0.1164819897E+002
    688600   0.3883524550E+003   0.1164754503E+002
    688700   0.3883531262E+003   0.1164687375E+002
    688800   0.3883535018E+003   0.1164649817E+002
    688900   0.3883537793E+003   0.1164622065E+002
    689000   0.3883538911E+003   0.1164610891E+002
    689100   0.3883539343E+003   0.1164606567E+002
    689200   0.3883538934E+003   0.1164610660E+002
    689300   0.3883538561E+003   0.1164614391E+002
    689400   0.3883537371E+003   0.1164626287E+002
    689500   0.3883535800E+003   0.1164641999E+002
    689600   0.3883532047E+003   0.1164679533E+002
    689700   0.3883528551E+003   0.1164714491E+002
    689800   0.3883524305E+003   0.1164756948E+002
    689900   0.3883519133E+003   0.1164808667E+002
    690000   0.3883517292E+003   0.1164827079E+002
    690100   0.3883517158E+003   0.1164828419E+002
    690200   0.3883518434E+003   0.1164815662E+002
    690300   0.3883521395E+003   0.1164786052E+002
    690400   0.3883524249E+003   0.1164757508E+002
    690500   0.3883527267E+003   0.1164727331E+002
    690600   0.3883530794E+003   0.1164692061E+002
    690700   0.3883534644E+003   0.1164653556E+002
    690800   0.3883537657E+003   0.1164623431E+002
    690900   0.3883541030E+003   0.1164589697E+002
    691000   0.3883552339E+003   0.1164476612E+002
    691100   0.3883566079E+003   0.1164339205E+002
    691200   0.3883582203E+003   0.1164177968E+002
    691300   0.3883593893E+003   0.1164061073E+002
    691400   0.3883598355E+003   0.1164016451E+002
    691500   0.3883601356E+003   0.1163986438E+002
    691600   0.3883605136E+003   0.1163948639E+002
    691700   0.3883611560E+003   0.1163884400E+002
    691800   0.3883616354E+003   0.1163836461E+002
    691900   0.3883620232E+003   0.1163797676E+002
    692000   0.3883623874E+003   0.1163761258E+002
    692100   0.3883628622E+003   0.1163713782E+002
    692200   0.3883630521E+003   0.1163694792E+002
    692300   0.3883630345E+003   0.1163696548E+002
    692400   0.3883627458E+003   0.1163725420E+002
    692500   0.3883622252E+003   0.1163777479E+002
    692600   0.3883620285E+003   0.1163797154E+002
    692700   0.3883617876E+003   0.1163821238E+002
    692800   0.3883614728E+003   0.1163852717E+002
    692900   0.3883607052E+003   0.1163929482E+002
    693000   0.3883602969E+003   0.1163970309E+002
    693100   0.3883599399E+003   0.1164006011E+002
    693200   0.3883594027E+003   0.1164059734E+002
    693300   0.3883589112E+003   0.1164108881E+002
    693400   0.3883582377E+003   0.1164176234E+002
    693500   0.3883574308E+003   0.1164256916E+002
    693600   0.3883568457E+003   0.1164315433E+002
    693700   0.3883563430E+003   0.1164365695E+002
    693800   0.3883560286E+003   0.1164397142E+002
    693900   0.3883557295E+003   0.1164427051E+002
    694000   0.3883551819E+003   0.1164481806E+002
    694100   0.3883546811E+003   0.1164531887E+002
    694200   0.3883542477E+003   0.1164575233E+002
    694300   0.3883539369E+003   0.1164606306E+002
    694400   0.3883535328E+003   0.1164646721E+002
    694500   0.3883532064E+003   0.1164679357E+002
    694600   0.3883528702E+003   0.1164712979E+002
    694700   0.3883524308E+003   0.1164756921E+002
    694800   0.3883519844E+003   0.1164801560E+002
    694900   0.3883516730E+003   0.1164832701E+002
    695000   0.3883514142E+003   0.1164858579E+002
    695100   0.3883510341E+003   0.1164896591E+002
    695200   0.3883507868E+003   0.1164921318E+002
    695300   0.3883505528E+003   0.1164944718E+002
    695400   0.3883503083E+003   0.1164969172E+002
    695500   0.3883500893E+003   0.1164991075E+002
    695600   0.3883498716E+003   0.1165012842E+002
    695700   0.3883496533E+003   0.1165034671E+002
    695800   0.3883492789E+003   0.1165072115E+002
    695900   0.3883489664E+003   0.1165103358E+002
    696000   0.3883488053E+003   0.1165119472E+002
    696100   0.3883485509E+003   0.1165144910E+002
    696200   0.3883483499E+003   0.1165165015E+002
    696300   0.3883481626E+003   0.1165183740E+002
    696400   0.3883479766E+003   0.1165202341E+002
    696500   0.3883479227E+003   0.1165207727E+002
    696600   0.3883478406E+003   0.1165215937E+002
    696700   0.3883478097E+003   0.1165219030E+002
    696800   0.3883479251E+003   0.1165207490E+002
    696900   0.3883480515E+003   0.1165194852E+002
    697000   0.3883479972E+003   0.1165200282E+002
    697100   0.3883479488E+003   0.1165205124E+002
    697200   0.3883479114E+003   0.1165208863E+002
    697300   0.3883478291E+003   0.1165217094E+002
    697400   0.3883478199E+003   0.1165218009E+002
    697500   0.3883479549E+003   0.1165204510E+002
    697600   0.3883480646E+003   0.1165193542E+002
    697700   0.3883482844E+003   0.1165171560E+002
    697800   0.3883487575E+003   0.1165124255E+002
    697900   0.3883495447E+003   0.1165045533E+002
    698000   0.3883500512E+003   0.1164994883E+002
    698100   0.3883503691E+003   0.1164963094E+002
    698200   0.3883504258E+003   0.1164957419E+002
    698300   0.3883504077E+003   0.1164959229E+002
    698400   0.3883505593E+003   0.1164944074E+002
    698500   0.3883508138E+003   0.1164918619E+002
    698600   0.3883510996E+003   0.1164890037E+002
    698700   0.3883514430E+003   0.1164855704E+002
    698800   0.3883513869E+003   0.1164861312E+002
    698900   0.3883512398E+003   0.1164876017E+002
    699000   0.3883509147E+003   0.1164908532E+002
    699100   0.3883506383E+003   0.1164936173E+002
    699200   0.3883505393E+003   0.1164946069E+002
    699300   0.3883503778E+003   0.1164962220E+002
    699400   0.3883500608E+003   0.1164993916E+002
    699500   0.3883495920E+003   0.1165040798E+002
    699600   0.3883491831E+003   0.1165081687E+002
    699700   0.3883483035E+003   0.1165169646E+002
    699800   0.3883477017E+003   0.1165229828E+002
    699900   0.3883471708E+003   0.1165282915E+002
    700000   0.3883465317E+003   0.1165346832E+002
    700100   0.3883458094E+003   0.1165419057E+002
    700200   0.3883452763E+003   0.1165472372E+002
    700300   0.3883447179E+003   0.1165528206E+002
    700400   0.3883441610E+003   0.1165583898E+002
    700500   0.3883437442E+003   0.1165625579E+002
    700600   0.3883433456E+003   0.1165665438E+002
    700700   0.3883431506E+003   0.1165684939E+002
    700800   0.3883429778E+003   0.1165702223E+002
    700900   0.3883427848E+003   0.1165721520E+002
    701000   0.3883422775E+003   0.1165772251E+002
    701100   0.3883417784E+003   0.1165822160E+002
    701200   0.3883411847E+003   0.1165881531E+002
    701300   0.3883404814E+003   0.1165951862E+002
    701400   0.3883398419E+003   0.1166015808E+002
    701500   0.3883391823E+003   0.1166081768E+002
    701600   0.3883385216E+003   0.1166147842E+002
    701700   0.3883381032E+003   0.1166189683E+002
    701800   0.3883376605E+003   0.1166233946E+002
    701900   0.3883372262E+003   0.1166277382E+002
    702000   0.3883367491E+003   0.1166325091E+002
    702100   0.3883361373E+003   0.1166386272E+002
    702200   0.3883359702E+003   0.1166402982E+002
    702300   0.3883357399E+003   0.1166426010E+002
    702400   0.3883354491E+003   0.1166455085E+002
    702500   0.3883352410E+003   0.1166475903E+002
    702600   0.3883348234E+003   0.1166517659E+002
    702700   0.3883343120E+003   0.1166568804E+002
    702800   0.3883339319E+003   0.1166606806E+002
    702900   0.3883334049E+003   0.1166659512E+002
    703000   0.3883330818E+003   0.1166691821E+002
    703100   0.3883326391E+003   0.1166736091E+002
    703200   0.3883322125E+003   0.1166778754E+002
    703300   0.3883314932E+003   0.1166850685E+002
    703400   0.3883309031E+003   0.1166909685E+002
    703500   0.3883303368E+003   0.1166966325E+002
    703600   0.3883297118E+003   0.1167028817E+002
    703700   0.3883292996E+003   0.1167070037E+002
    703800   0.3883284826E+003   0.1167151744E+002
    703900   0.3883276603E+003   0.1167233971E+002
    704000   0.3883271286E+003   0.1167287138E+002
    704100   0.3883264641E+003   0.1167353586E+002
    704200   0.3883259082E+003   0.1167409176E+002
    704300   0.3883255832E+003   0.1167441676E+002
    704400   0.3883252132E+003   0.1167478681E+002
    704500   0.3883248486E+003   0.1167515136E+002
    704600   0.3883245926E+003   0.1167540739E+002
    704700   0.3883243758E+003   0.1167562417E+002
    704800   0.3883242112E+003   0.1167578881E+002
    704900   0.3883239651E+003   0.1167603494E+002
    705000   0.3883237603E+003   0.1167623970E+002
    705100   0.3883235897E+003   0.1167641026E+002
    705200   0.3883234782E+003   0.1167652185E+002
    705300   0.3883234562E+003   0.1167654380E+002
    705400   0.3883235869E+003   0.1167641306E+002
    705500   0.3883237169E+003   0.1167628307E+002
    705600   0.3883240083E+003   0.1167599169E+002
    705700   0.3883242325E+003   0.1167576754E+002
    705800   0.3883243549E+003   0.1167564506E+002
    705900   0.3883245613E+003   0.1167543867E+002
    706000   0.3883248885E+003   0.1167511147E+002
    706100   0.3883252714E+003   0.1167472855E+002
    706200   0.3883254476E+003   0.1167455236E+002
    706300   0.3883255850E+003   0.1167441503E+002
    706400   0.3883257414E+003   0.1167425863E+002
    706500   0.3883256342E+003   0.1167436580E+002
    706600   0.3883252689E+003   0.1167473112E+002
    706700   0.3883250882E+003   0.1167491183E+002
    706800   0.3883249105E+003   0.1167508950E+002
    706900   0.3883245647E+003   0.1167543533E+002
    707000   0.3883241234E+003   0.1167587662E+002
    707100   0.3883236650E+003   0.1167633505E+002
    707200   0.3883234037E+003   0.1167659626E+002
    707300   0.3883229502E+003   0.1167704976E+002
    707400   0.3883225382E+003   0.1167746176E+002
    707500   0.3883221326E+003   0.1167786737E+002
    707600   0.3883215445E+003   0.1167845551E+002
    707700   0.3883211589E+003   0.1167884110E+002
    707800   0.3883207453E+003   0.1167925474E+002
    707900   0.3883203244E+003   0.1167967561E+002
    708000   0.3883198156E+003   0.1168018445E+002
    708100   0.3883194515E+003   0.1168054847E+002
    708200   0.3883191301E+003   0.1168086995E+002
    708300   0.3883189506E+003   0.1168104944E+002
    708400   0.3883187897E+003   0.1168121034E+002
    708500   0.3883188854E+003   0.1168111456E+002
    708600   0.3883191065E+003   0.1168089352E+002
    708700   0.3883193676E+003   0.1168063244E+002
    708800   0.3883194768E+003   0.1168052320E+002
    708900   0.3883195727E+003   0.1168042729E+002
    709000   0.3883196089E+003   0.1168039113E+002
    709100   0.3883195643E+003   0.1168043571E+002
    709200   0.3883195117E+003   0.1168048829E+002
    709300   0.3883194433E+003   0.1168055670E+002
    709400   0.3883191351E+003   0.1168086494E+002
    709500   0.3883188422E+003   0.1168115784E+002
    709600   0.3883184561E+003   0.1168154388E+002
    709700   0.3883181133E+003   0.1168188668E+002
    709800   0.3883177130E+003   0.1168228703E+002
    709900   0.3883173546E+003   0.1168264537E+002
    710000   0.3883172419E+003   0.1168275805E+002
    710100   0.3883172064E+003   0.1168279359E+002
    710200   0.3883171629E+003   0.1168283707E+002
    710300   0.3883171911E+003   0.1168280888E+002
    710400   0.3883173235E+003   0.1168267647E+002
    710500   0.3883174412E+003   0.1168255884E+002
    710600   0.3883175524E+003   0.1168244759E+002
    710700   0.3883176626E+003   0.1168233738E+002
    710800   0.3883177967E+003   0.1168220327E+002
    710900   0.3883179306E+003   0.1168206942E+002
    711000   0.3883183010E+003   0.1168169895E+002
    711100   0.3883184276E+003   0.1168157239E+002
    711200   0.3883185834E+003   0.1168141664E+002
    711300   0.3883187122E+003   0.1168128782E+002
    711400   0.3883188182E+003   0.1168118177E+002
    711500   0.3883189236E+003   0.1168107639E+002
    711600   0.3883189800E+003   0.1168101999E+002
    711700   0.3883189279E+003   0.1168107210E+002
    711800   0.3883188753E+003   0.1168112467E+002
    711900   0.3883189325E+003   0.1168106751E+002
    712000   0.3883191000E+003   0.1168089995E+002
    712100   0.3883192289E+003   0.1168077113E+002
    712200   0.3883192763E+003   0.1168072365E+002
    712300   0.3883192457E+003   0.1168075426E+002
    712400   0.3883192101E+003   0.1168078987E+002
    712500   0.3883189277E+003   0.1168107226E+002
    712600   0.3883183903E+003   0.1168160974E+002
    712700   0.3883178028E+003   0.1168219720E+002
    712800   0.3883172046E+003   0.1168279540E+002
    712900   0.3883164785E+003   0.1168352147E+002
    713000   0.3883160429E+003   0.1168395709E+002
    713100   0.3883156572E+003   0.1168434276E+002
    713200   0.3883151638E+003   0.1168483620E+002
    713300   0.3883147160E+003   0.1168528396E+002
    713400   0.3883144015E+003   0.1168559850E+002
    713500   0.3883141026E+003   0.1168589745E+002
    713600   0.3883137813E+003   0.1168621866E+002
    713700   0.3883133796E+003   0.1168662039E+002
    713800   0.3883129690E+003   0.1168703102E+002
    713900   0.3883126604E+003   0.1168733962E+002
    714000   0.3883125088E+003   0.1168749117E+002
    714100   0.3883122551E+003   0.1168774489E+002
    714200   0.3883119788E+003   0.1168802117E+002
    714300   0.3883117453E+003   0.1168825472E+002
    714400   0.3883115279E+003   0.1168847206E+002
    714500   0.3883110839E+003   0.1168891608E+002
    714600   0.3883106719E+003   0.1168932815E+002
    714700   0.3883102828E+003   0.1168971724E+002
    714800   0.3883098301E+003   0.1169016987E+002
    714900   0.3883092317E+003   0.1169076829E+002
    715000   0.3883087529E+003   0.1169124706E+002
    715100   0.3883084457E+003   0.1169155431E+002
    715200   0.3883081620E+003   0.1169183795E+002
    715300   0.3883078807E+003   0.1169211926E+002
    715400   0.3883076544E+003   0.1169234557E+002
    715500   0.3883074279E+003   0.1169257214E+002
    715600   0.3883071785E+003   0.1169282152E+002
    715700   0.3883068039E+003   0.1169319608E+002
    715800   0.3883063970E+003   0.1169360297E+002
    715900   0.3883060305E+003   0.1169396954E+002
    716000   0.3883056874E+003   0.1169431257E+002
    716100   0.3883053881E+003   0.1169461193E+002
    716200   0.3883049317E+003   0.1169506835E+002
    716300   0.3883047599E+003   0.1169524013E+002
    716400   0.3883044266E+003   0.1169557335E+002
    716500   0.3883042701E+003   0.1169572988E+002
    716600   0.3883040677E+003   0.1169593229E+002
    716700   0.3883039345E+003   0.1169606547E+002
    716800   0.3883036323E+003   0.1169636768E+002
    716900   0.3883033068E+003   0.1169669317E+002
    717000   0.3883031996E+003   0.1169680037E+002
    717100   0.3883030090E+003   0.1169699098E+002
    717200   0.3883028332E+003   0.1169716679E+002
    717300   0.3883026173E+003   0.1169738268E+002
    717400   0.3883023461E+003   0.1169765387E+002
    717500   0.3883019714E+003   0.1169802860E+002
    717600   0.3883018375E+003   0.1169816245E+002
    717700   0.3883016245E+003   0.1169837554E+002
    717800   0.3883016506E+003   0.1169834942E+002
    717900   0.3883017869E+003   0.1169821305E+002
    718000   0.3883019410E+003   0.1169805898E+002
    718100   0.3883018493E+003   0.1169815069E+002
    718200   0.3883016954E+003   0.1169830464E+002
    718300   0.3883015316E+003   0.1169846839E+002
    718400   0.3883011777E+003   0.1169882227E+002
    718500   0.3883008440E+003   0.1169915598E+002
    718600   0.3883004032E+003   0.1169959680E+002
    718700   0.3882998479E+003   0.1170015214E+002
    718800   0.3882992661E+003   0.1170073393E+002
    718900   0.3882986450E+003   0.1170135503E+002
    719000   0.3882982195E+003   0.1170178051E+002
    719100   0.3882978833E+003   0.1170211668E+002
    719200   0.3882972947E+003   0.1170270530E+002
    719300   0.3882965244E+003   0.1170347562E+002
    719400   0.3882960046E+003   0.1170399539E+002
    719500   0.3882953164E+003   0.1170468361E+002
    719600   0.3882942695E+003   0.1170573055E+002
    719700   0.3882935157E+003   0.1170648427E+002
    719800   0.3882927530E+003   0.1170724699E+002
    719900   0.3882921156E+003   0.1170788435E+002
    720000   0.3882911876E+003   0.1170881245E+002
    720100   0.3882905818E+003   0.1170941817E+002
    720200   0.3882900008E+003   0.1170999917E+002
    720300   0.3882893980E+003   0.1171060205E+002
    720400   0.3882888362E+003   0.1171116384E+002
    720500   0.3882885652E+003   0.1171143482E+002
    720600   0.3882882980E+003   0.1171170196E+002
    720700   0.3882880299E+003   0.1171197011E+002
    720800   0.3882877654E+003   0.1171223455E+002
    720900   0.3882872517E+003   0.1171274830E+002
    721000   0.3882866890E+003   0.1171331100E+002
    721100   0.3882862164E+003   0.1171378363E+002
    721200   0.3882857651E+003   0.1171423493E+002
    721300   0.3882853790E+003   0.1171462104E+002
    721400   0.3882850548E+003   0.1171494522E+002
    721500   0.3882847044E+003   0.1171529562E+002
    721600   0.3882844004E+003   0.1171559958E+002
    721700   0.3882839749E+003   0.1171602512E+002
    721800   0.3882835174E+003   0.1171648260E+002
    721900   0.3882827701E+003   0.1171722987E+002
    722000   0.3882818002E+003   0.1171819976E+002
    722100   0.3882813527E+003   0.1171864731E+002
    722200   0.3882808484E+003   0.1171915164E+002
    722300   0.3882805916E+003   0.1171940838E+002
    722400   0.3882802424E+003   0.1171975760E+002
    722500   0.3882799673E+003   0.1172003272E+002
    722600   0.3882795049E+003   0.1172049508E+002
    722700   0.3882792914E+003   0.1172070857E+002
    722800   0.3882790569E+003   0.1172094306E+002
    722900   0.3882789151E+003   0.1172108491E+002
    723000   0.3882787080E+003   0.1172129198E+002
    723100   0.3882785639E+003   0.1172143611E+002
    723200   0.3882783830E+003   0.1172161696E+002
    723300   0.3882782491E+003   0.1172175090E+002
    723400   0.3882782541E+003   0.1172174588E+002
    723500   0.3882783644E+003   0.1172163560E+002
    723600   0.3882784774E+003   0.1172152256E+002
    723700   0.3882788243E+003   0.1172117570E+002
    723800   0.3882792776E+003   0.1172072243E+002
    723900   0.3882795196E+003   0.1172048040E+002
    724000   0.3882796340E+003   0.1172036602E+002
    724100   0.3882799190E+003   0.1172008098E+002
    724200   0.3882802172E+003   0.1171978279E+002
    724300   0.3882807247E+003   0.1171927533E+002
    724400   0.3882813050E+003   0.1171869503E+002
    724500   0.3882817669E+003   0.1171823312E+002
    724600   0.3882822767E+003   0.1171772334E+002
    724700   0.3882829001E+003   0.1171709990E+002
    724800   0.3882833549E+003   0.1171664506E+002
    724900   0.3882838698E+003   0.1171613016E+002
    725000   0.3882845965E+003   0.1171540346E+002
    725100   0.3882853918E+003   0.1171460821E+002
    725200   0.3882860809E+003   0.1171391914E+002
    725300   0.3882863810E+003   0.1171361898E+002
    725400   0.3882865606E+003   0.1171343942E+002
    725500   0.3882866679E+003   0.1171333210E+002
    725600   0.3882867761E+003   0.1171322394E+002
    725700   0.3882869134E+003   0.1171308658E+002
    725800   0.3882871629E+003   0.1171283706E+002
    725900   0.3882874217E+003   0.1171257829E+002
    726000   0.3882874421E+003   0.1171255792E+002
    726100   0.3882874079E+003   0.1171259209E+002
    726200   0.3882874719E+003   0.1171252812E+002
    726300   0.3882876126E+003   0.1171238741E+002
    726400   0.3882877106E+003   0.1171228943E+002
    726500   0.3882879252E+003   0.1171207478E+002
    726600   0.3882882847E+003   0.1171171535E+002
    726700   0.3882886817E+003   0.1171131827E+002
    726800   0.3882889635E+003   0.1171103646E+002
    726900   0.3882891804E+003   0.1171081957E+002
    727000   0.3882894648E+003   0.1171053521E+002
    727100   0.3882901619E+003   0.1170983810E+002
    727200   0.3882910971E+003   0.1170890290E+002
    727300   0.3882923623E+003   0.1170763769E+002
    727400   0.3882932508E+003   0.1170674919E+002
    727500   0.3882941918E+003   0.1170580816E+002
    727600   0.3882953529E+003   0.1170464707E+002
    727700   0.3882971845E+003   0.1170281551E+002
    727800   0.3882991125E+003   0.1170088748E+002
    727900   0.3883009537E+003   0.1169904632E+002
    728000   0.3883027469E+003   0.1169725312E+002
    728100   0.3883047107E+003   0.1169528932E+002
    728200   0.3883077639E+003   0.1169223614E+002
    728300   0.3883107998E+003   0.1168920020E+002
    728400   0.3883143303E+003   0.1168566968E+002
    728500   0.3883166396E+003   0.1168336040E+002
    728600   0.3883197834E+003   0.1168021655E+002
    728700   0.3883215215E+003   0.1167847852E+002
    728800   0.3883232771E+003   0.1167672287E+002
    728900   0.3883247828E+003   0.1167521724E+002
    729000   0.3883261378E+003   0.1167386223E+002
    729100   0.3883270779E+003   0.1167292206E+002
    729200   0.3883280212E+003   0.1167197879E+002
    729300   0.3883292580E+003   0.1167074203E+002
    729400   0.3883302461E+003   0.1166975390E+002
    729500   0.3883316964E+003   0.1166830357E+002
    729600   0.3883331293E+003   0.1166687068E+002
    729700   0.3883349638E+003   0.1166503625E+002
    729800   0.3883361166E+003   0.1166388341E+002
    729900   0.3883374842E+003   0.1166251583E+002
    730000   0.3883388649E+003   0.1166113512E+002
    730100   0.3883397050E+003   0.1166029498E+002
    730200   0.3883407879E+003   0.1165921214E+002
    730300   0.3883417964E+003   0.1165820358E+002
    730400   0.3883426522E+003   0.1165734783E+002
    730500   0.3883438776E+003   0.1165612238E+002
    730600   0.3883448809E+003   0.1165511906E+002
    730700   0.3883457846E+003   0.1165421536E+002
    730800   0.3883463161E+003   0.1165368385E+002
    730900   0.3883469553E+003   0.1165304471E+002
    731000   0.3883476301E+003   0.1165236995E+002
    731100   0.3883482163E+003   0.1165178375E+002
    731200   0.3883488318E+003   0.1165116822E+002
    731300   0.3883493718E+003   0.1165062820E+002
    731400   0.3883501388E+003   0.1164986122E+002
    731500   0.3883510104E+003   0.1164898957E+002
    731600   0.3883523740E+003   0.1164762597E+002
    731700   0.3883532984E+003   0.1164670164E+002
    731800   0.3883543184E+003   0.1164568156E+002
    731900   0.3883551787E+003   0.1164482127E+002
    732000   0.3883562244E+003   0.1164377565E+002
    732100   0.3883575937E+003   0.1164240631E+002
    732200   0.3883588187E+003   0.1164118126E+002
    732300   0.3883594644E+003   0.1164053560E+002
    732400   0.3883602196E+003   0.1163978043E+002
    732500   0.3883611009E+003   0.1163889906E+002
    732600   0.3883620919E+003   0.1163790810E+002
    732700   0.3883628951E+003   0.1163710493E+002
    732800   0.3883641792E+003   0.1163582082E+002
    732900   0.3883660817E+003   0.1163391829E+002
    733000   0.3883675662E+003   0.1163243381E+002
    733100   0.3883689924E+003   0.1163100761E+002
    733200   0.3883705679E+003   0.1162943208E+002
    733300   0.3883718541E+003   0.1162814591E+002
    733400   0.3883732160E+003   0.1162678404E+002
    733500   0.3883739727E+003   0.1162602734E+002
    733600   0.3883748789E+003   0.1162512107E+002
    733700   0.3883762022E+003   0.1162379778E+002
    733800   0.3883770342E+003   0.1162296577E+002
    733900   0.3883774568E+003   0.1162254321E+002
    734000   0.3883778675E+003   0.1162213250E+002
    734100   0.3883783292E+003   0.1162167080E+002
    734200   0.3883786649E+003   0.1162133508E+002
    734300   0.3883794761E+003   0.1162052392E+002
    734400   0.3883805214E+003   0.1161947857E+002
    734500   0.3883815456E+003   0.1161845442E+002
    734600   0.3883823959E+003   0.1161760406E+002
    734700   0.3883830858E+003   0.1161691424E+002
    734800   0.3883833371E+003   0.1161666291E+002
    734900   0.3883836087E+003   0.1161639134E+002
    735000   0.3883839690E+003   0.1161603097E+002
    735100   0.3883840679E+003   0.1161593211E+002
    735200   0.3883840992E+003   0.1161590078E+002
    735300   0.3883843660E+003   0.1161563401E+002
    735400   0.3883846294E+003   0.1161537060E+002
    735500   0.3883850130E+003   0.1161498698E+002
    735600   0.3883854151E+003   0.1161458489E+002
    735700   0.3883857066E+003   0.1161429342E+002
    735800   0.3883859766E+003   0.1161402343E+002
    735900   0.3883863600E+003   0.1161363999E+002
    736000   0.3883868559E+003   0.1161314406E+002
    736100   0.3883876218E+003   0.1161237818E+002
    736200   0.3883882236E+003   0.1161177639E+002
    736300   0.3883887356E+003   0.1161126445E+002
    736400   0.3883892919E+003   0.1161070814E+002
    736500   0.3883902142E+003   0.1160978584E+002
    736600   0.3883909416E+003   0.1160905845E+002
    736700   0.3883917607E+003   0.1160823928E+002
    736800   0.3883930965E+003   0.1160690348E+002
    736900   0.3883945285E+003   0.1160547150E+002
    737000   0.3883958102E+003   0.1160418983E+002
    737100   0.3883972324E+003   0.1160276765E+002
    737200   0.3883982950E+003   0.1160170497E+002
    737300   0.3883990088E+003   0.1160099122E+002
    737400   0.3883999342E+003   0.1160006578E+002
    737500   0.3884006040E+003   0.1159939604E+002
    737600   0.3884012971E+003   0.1159870295E+002
    737700   0.3884020493E+003   0.1159795066E+002
    737800   0.3884026582E+003   0.1159734184E+002
    737900   0.3884034584E+003   0.1159654160E+002
    738000   0.3884037906E+003   0.1159620937E+002
    738100   0.3884043506E+003   0.1159564944E+002
    738200   0.3884048456E+003   0.1159515440E+002
    738300   0.3884054436E+003   0.1159455637E+002
    738400   0.3884058918E+003   0.1159410819E+002
    738500   0.3884066969E+003   0.1159330313E+002
    738600   0.3884079268E+003   0.1159207315E+002
    738700   0.3884087641E+003   0.1159123592E+002
    738800   0.3884101830E+003   0.1158981704E+002
    738900   0.3884114138E+003   0.1158858622E+002
    739000   0.3884123539E+003   0.1158764610E+002
    739100   0.3884129460E+003   0.1158705402E+002
    739200   0.3884138922E+003   0.1158610777E+002
    739300   0.3884142833E+003   0.1158571674E+002
    739400   0.3884145182E+003   0.1158548181E+002
    739500   0.3884146464E+003   0.1158535365E+002
    739600   0.3884147776E+003   0.1158522242E+002
    739700   0.3884149822E+003   0.1158501785E+002
    739800   0.3884150917E+003   0.1158490828E+002
    739900   0.3884150698E+003   0.1158493025E+002
    740000   0.3884150039E+003   0.1158499615E+002
    740100   0.3884149480E+003   0.1158505197E+002
    740200   0.3884148880E+003   0.1158511197E+002
    740300   0.3884148297E+003   0.1158517032E+002
    740400   0.3884147655E+003   0.1158523448E+002
    740500   0.3884147124E+003   0.1158528758E+002
    740600   0.3884147260E+003   0.1158527402E+002
    740700   0.3884146836E+003   0.1158531636E+002
    740800   0.3884146451E+003   0.1158535488E+002
    740900   0.3884147418E+003   0.1158525820E+002
    741000   0.3884148790E+003   0.1158512099E+002
    741100   0.3884149940E+003   0.1158500597E+002
    741200   0.3884151077E+003   0.1158489235E+002
    741300   0.3884152372E+003   0.1158476281E+002
    741400   0.3884153581E+003   0.1158464191E+002
    741500   0.3884154625E+003   0.1158453752E+002
    741600   0.3884155634E+003   0.1158443662E+002
    741700   0.3884156855E+003   0.1158431447E+002
    741800   0.3884157803E+003   0.1158421973E+002
    741900   0.3884158861E+003   0.1158411387E+002
    742000   0.3884158923E+003   0.1158410770E+002
    742100   0.3884158191E+003   0.1158418088E+002
    742200   0.3884157732E+003   0.1158422675E+002
    742300   0.3884154950E+003   0.1158450500E+002
    742400   0.3884152567E+003   0.1158474326E+002
    742500   0.3884150883E+003   0.1158491173E+002
    742600   0.3884148274E+003   0.1158517260E+002
    742700   0.3884145570E+003   0.1158544297E+002
    742800   0.3884145612E+003   0.1158543884E+002
    742900   0.3884146654E+003   0.1158533461E+002
    743000   0.3884148026E+003   0.1158519739E+002
    743100   0.3884148438E+003   0.1158515623E+002
    743200   0.3884148757E+003   0.1158512427E+002
    743300   0.3884151526E+003   0.1158484744E+002
    743400   0.3884152653E+003   0.1158473473E+002
    743500   0.3884151077E+003   0.1158489229E+002
    743600   0.3884148364E+003   0.1158516358E+002
    743700   0.3884143881E+003   0.1158561187E+002
    743800   0.3884138271E+003   0.1158617294E+002
    743900   0.3884131035E+003   0.1158689647E+002
    744000   0.3884127227E+003   0.1158727730E+002
    744100   0.3884124096E+003   0.1158759035E+002
    744200   0.3884119369E+003   0.1158806309E+002
    744300   0.3884115171E+003   0.1158848289E+002
    744400   0.3884110438E+003   0.1158895625E+002
    744500   0.3884104276E+003   0.1158957238E+002
    744600   0.3884098105E+003   0.1159018947E+002
    744700   0.3884091505E+003   0.1159084948E+002
    744800   0.3884085147E+003   0.1159148533E+002
    744900   0.3884076543E+003   0.1159234571E+002
    745000   0.3884070304E+003   0.1159296963E+002
    745100   0.3884063098E+003   0.1159369020E+002
    745200   0.3884056589E+003   0.1159434113E+002
    745300   0.3884046872E+003   0.1159531285E+002
    745400   0.3884038298E+003   0.1159617018E+002
    745500   0.3884029656E+003   0.1159703443E+002
    745600   0.3884019268E+003   0.1159807317E+002
    745700   0.3884012132E+003   0.1159878682E+002
    745800   0.3884001327E+003   0.1159986732E+002
    745900   0.3883993245E+003   0.1160067553E+002
    746000   0.3883982306E+003   0.1160176939E+002
    746100   0.3883972414E+003   0.1160275862E+002
    746200   0.3883967173E+003   0.1160328270E+002
    746300   0.3883955231E+003   0.1160447692E+002
    746400   0.3883944777E+003   0.1160552227E+002
    746500   0.3883936499E+003   0.1160635010E+002
    746600   0.3883928138E+003   0.1160718625E+002
    746700   0.3883921649E+003   0.1160783512E+002
    746800   0.3883912041E+003   0.1160879592E+002
    746900   0.3883907433E+003   0.1160925671E+002
    747000   0.3883900435E+003   0.1160995647E+002
    747100   0.3883891756E+003   0.1161082437E+002
    747200   0.3883884326E+003   0.1161156742E+002
    747300   0.3883878779E+003   0.1161212207E+002
    747400   0.3883869540E+003   0.1161304596E+002
    747500   0.3883863686E+003   0.1161363138E+002
    747600   0.3883856143E+003   0.1161438570E+002
    747700   0.3883846514E+003   0.1161534859E+002
    747800   0.3883839069E+003   0.1161609306E+002
    747900   0.3883832134E+003   0.1161678655E+002
    748000   0.3883823063E+003   0.1161769375E+002
    748100   0.3883817303E+003   0.1161826973E+002
    748200   0.3883812247E+003   0.1161877527E+002
    748300   0.3883806530E+003   0.1161934700E+002
    748400   0.3883801482E+003   0.1161985178E+002
    748500   0.3883798184E+003   0.1162018165E+002
    748600   0.3883788764E+003   0.1162112360E+002
    748700   0.3883782502E+003   0.1162174976E+002
    748800   0.3883777862E+003   0.1162221376E+002
    748900   0.3883774083E+003   0.1162259172E+002
    749000   0.3883767371E+003   0.1162326288E+002
    749100   0.3883760753E+003   0.1162392473E+002
    749200   0.3883755534E+003   0.1162444657E+002
    749300   0.3883750657E+003   0.1162493431E+002
    749400   0.3883747161E+003   0.1162528389E+002
    749500   0.3883743881E+003   0.1162561192E+002
    749600   0.3883740041E+003   0.1162599590E+002
    749700   0.3883736906E+003   0.1162630940E+002
    749800   0.3883734057E+003   0.1162659429E+002
    749900   0.3883729423E+003   0.1162705772E+002
    750000   0.3883724482E+003   0.1162755176E+002
    750100   0.3883721030E+003   0.1162789697E+002
    750200   0.3883717999E+003   0.1162820008E+002
    750300   0.3883713888E+003   0.1162861124E+002
    750400   0.3883709926E+003   0.1162900745E+002
    750500   0.3883704007E+003   0.1162959931E+002
    750600   0.3883700984E+003   0.1162990160E+002
    750700   0.3883696010E+003   0.1163039902E+002
    750800   0.3883691828E+003   0.1163081723E+002
    750900   0.3883688344E+003   0.1163116563E+002
    751000   0.3883683564E+003   0.1163164357E+002
    751100   0.3883677985E+003   0.1163220152E+002
    751200   0.3883670686E+003   0.1163293139E+002
    751300   0.3883665694E+003   0.1163343057E+002
    751400   0.3883661546E+003   0.1163384538E+002
    751500   0.3883656294E+003   0.1163437058E+002
    751600   0.3883651707E+003   0.1163482933E+002
    751700   0.3883648372E+003   0.1163516278E+002
    751800   0.3883644848E+003   0.1163551523E+002
    751900   0.3883642791E+003   0.1163572093E+002
    752000   0.3883640809E+003   0.1163591908E+002
    752100   0.3883639083E+003   0.1163609172E+002
    752200   0.3883638562E+003   0.1163614381E+002
    752300   0.3883639556E+003   0.1163604440E+002
    752400   0.3883640713E+003   0.1163592866E+002
    752500   0.3883641700E+003   0.1163582997E+002
    752600   0.3883644575E+003   0.1163554253E+002
    752700   0.3883647685E+003   0.1163523150E+002
    752800   0.3883652872E+003   0.1163471278E+002
    752900   0.3883658544E+003   0.1163414564E+002
    753000   0.3883661653E+003   0.1163383470E+002
    753100   0.3883663916E+003   0.1163360844E+002
    753200   0.3883665973E+003   0.1163340272E+002
    753300   0.3883668454E+003   0.1163315459E+002
    753400   0.3883670897E+003   0.1163291026E+002
    753500   0.3883673202E+003   0.1163267983E+002
    753600   0.3883675699E+003   0.1163243014E+002
    753700   0.3883678469E+003   0.1163215309E+002
    753800   0.3883680947E+003   0.1163190533E+002
    753900   0.3883685774E+003   0.1163142257E+002
    754000   0.3883689850E+003   0.1163101503E+002
    754100   0.3883692669E+003   0.1163073310E+002
    754200   0.3883696640E+003   0.1163033601E+002
    754300   0.3883699572E+003   0.1163004279E+002
    754400   0.3883704540E+003   0.1162954597E+002
    754500   0.3883708039E+003   0.1162919611E+002
    754600   0.3883712061E+003   0.1162879390E+002
    754700   0.3883715616E+003   0.1162843840E+002
    754800   0.3883719404E+003   0.1162805958E+002
    754900   0.3883723021E+003   0.1162769786E+002
    755000   0.3883725862E+003   0.1162741382E+002
    755100   0.3883728429E+003   0.1162715712E+002
    755200   0.3883731559E+003   0.1162684414E+002
    755300   0.3883735013E+003   0.1162649874E+002
    755400   0.3883739599E+003   0.1162604013E+002
    755500   0.3883743040E+003   0.1162569596E+002
    755600   0.3883745685E+003   0.1162543153E+002
    755700   0.3883748882E+003   0.1162511181E+002
    755800   0.3883751083E+003   0.1162489171E+002
    755900   0.3883751814E+003   0.1162481856E+002
    756000   0.3883753040E+003   0.1162469599E+002
    756100   0.3883753778E+003   0.1162462223E+002
    756200   0.3883754905E+003   0.1162450947E+002
    756300   0.3883755839E+003   0.1162441614E+002
    756400   0.3883757155E+003   0.1162428452E+002
    756500   0.3883758092E+003   0.1162419084E+002
    756600   0.3883758397E+003   0.1162416031E+002
    756700   0.3883759352E+003   0.1162406482E+002
    756800   0.3883760426E+003   0.1162395742E+002
    756900   0.3883763213E+003   0.1162367866E+002
    757000   0.3883764815E+003   0.1162351853E+002
    757100   0.3883766118E+003   0.1162338822E+002
    757200   0.3883766914E+003   0.1162330858E+002
    757300   0.3883766523E+003   0.1162334765E+002
    757400   0.3883767685E+003   0.1162323148E+002
    757500   0.3883767207E+003   0.1162327928E+002
    757600   0.3883766881E+003   0.1162331186E+002
    757700   0.3883767122E+003   0.1162328777E+002
    757800   0.3883766950E+003   0.1162330504E+002
    757900   0.3883765272E+003   0.1162347276E+002
    758000   0.3883763408E+003   0.1162365922E+002
    758100   0.3883760784E+003   0.1162392164E+002
    758200   0.3883758895E+003   0.1162411053E+002
    758300   0.3883757913E+003   0.1162420867E+002
    758400   0.3883756000E+003   0.1162439999E+002
    758500   0.3883754256E+003   0.1162457443E+002
    758600   0.3883751530E+003   0.1162484697E+002
    758700   0.3883748126E+003   0.1162518736E+002
    758800   0.3883744958E+003   0.1162550420E+002
    758900   0.3883742330E+003   0.1162576696E+002
    759000   0.3883741671E+003   0.1162583285E+002
    759100   0.3883739418E+003   0.1162605824E+002
    759200   0.3883735606E+003   0.1162643939E+002
    759300   0.3883733117E+003   0.1162668828E+002
    759400   0.3883731172E+003   0.1162688284E+002
    759500   0.3883729209E+003   0.1162707910E+002
    759600   0.3883727136E+003   0.1162728641E+002
    759700   0.3883725472E+003   0.1162745276E+002
    759800   0.3883724202E+003   0.1162757983E+002
    759900   0.3883722585E+003   0.1162774152E+002
    760000   0.3883717221E+003   0.1162827794E+002
    760100   0.3883713256E+003   0.1162867440E+002
    760200   0.3883710047E+003   0.1162899534E+002
    760300   0.3883706435E+003   0.1162935653E+002
    760400   0.3883701794E+003   0.1162982055E+002
    760500   0.3883697829E+003   0.1163021708E+002
    760600   0.3883695048E+003   0.1163049524E+002
    760700   0.3883691497E+003   0.1163085030E+002
    760800   0.3883687828E+003   0.1163121724E+002
    760900   0.3883683344E+003   0.1163166559E+002
    761000   0.3883677952E+003   0.1163220483E+002
    761100   0.3883668349E+003   0.1163316505E+002
    761200   0.3883656969E+003   0.1163430314E+002
    761300   0.3883646311E+003   0.1163536885E+002
    761400   0.3883634699E+003   0.1163653012E+002
    761500   0.3883626251E+003   0.1163737492E+002
    761600   0.3883615838E+003   0.1163841616E+002
    761700   0.3883606476E+003   0.1163935241E+002
    761800   0.3883593483E+003   0.1164065169E+002
    761900   0.3883585410E+003   0.1164145898E+002
    762000   0.3883573578E+003   0.1164264224E+002
    762100   0.3883561207E+003   0.1164387930E+002
    762200   0.3883551888E+003   0.1164481120E+002
    762300   0.3883543936E+003   0.1164560635E+002
    762400   0.3883536991E+003   0.1164630095E+002
    762500   0.3883530019E+003   0.1164699813E+002
    762600   0.3883519641E+003   0.1164803590E+002
    762700   0.3883510849E+003   0.1164891509E+002
    762800   0.3883501418E+003   0.1164985815E+002
    762900   0.3883491174E+003   0.1165088259E+002
    763000   0.3883481212E+003   0.1165187880E+002
    763100   0.3883471431E+003   0.1165285689E+002
    763200   0.3883463588E+003   0.1165364116E+002
    763300   0.3883455339E+003   0.1165446607E+002
    763400   0.3883449029E+003   0.1165509706E+002
    763500   0.3883441554E+003   0.1165584460E+002
    763600   0.3883436061E+003   0.1165639392E+002
    763700   0.3883429836E+003   0.1165701643E+002
    763800   0.3883424578E+003   0.1165754223E+002
    763900   0.3883420127E+003   0.1165798728E+002
    764000   0.3883416358E+003   0.1165836420E+002
    764100   0.3883412232E+003   0.1165877681E+002
    764200   0.3883405990E+003   0.1165940098E+002
    764300   0.3883399555E+003   0.1166004449E+002
    764400   0.3883393464E+003   0.1166065356E+002
    764500   0.3883388168E+003   0.1166118318E+002
    764600   0.3883382051E+003   0.1166179492E+002
    764700   0.3883376505E+003   0.1166234954E+002
    764800   0.3883372944E+003   0.1166270562E+002
    764900   0.3883367592E+003   0.1166324082E+002
    765000   0.3883364763E+003   0.1166352370E+002
    765100   0.3883360151E+003   0.1166398492E+002
    765200   0.3883354328E+003   0.1166456718E+002
    765300   0.3883349295E+003   0.1166507046E+002
    765400   0.3883345651E+003   0.1166543491E+002
    765500   0.3883341795E+003   0.1166582048E+002
    765600   0.3883338890E+003   0.1166611105E+002
    765700   0.3883335564E+003   0.1166644362E+002
    765800   0.3883331042E+003   0.1166689581E+002
    765900   0.3883327852E+003   0.1166721484E+002
    766000   0.3883324497E+003   0.1166755034E+002
    766100   0.3883320165E+003   0.1166798353E+002
    766200   0.3883315355E+003   0.1166846448E+002
    766300   0.3883311428E+003   0.1166885720E+002
    766400   0.3883307793E+003   0.1166922075E+002
    766500   0.3883305504E+003   0.1166944958E+002
    766600   0.3883303502E+003   0.1166964976E+002
    766700   0.3883302828E+003   0.1166971716E+002
    766800   0.3883300803E+003   0.1166991965E+002
    766900   0.3883298885E+003   0.1167011152E+002
    767000   0.3883296902E+003   0.1167030983E+002
    767100   0.3883293626E+003   0.1167063737E+002
    767200   0.3883290591E+003   0.1167094091E+002
    767300   0.3883288554E+003   0.1167114458E+002
    767400   0.3883284950E+003   0.1167150504E+002
    767500   0.3883277506E+003   0.1167224944E+002
    767600   0.3883272764E+003   0.1167272362E+002
    767700   0.3883269365E+003   0.1167306355E+002
    767800   0.3883266255E+003   0.1167337446E+002
    767900   0.3883263830E+003   0.1167361699E+002
    768000   0.3883261839E+003   0.1167381606E+002
    768100   0.3883257998E+003   0.1167420021E+002
    768200   0.3883255077E+003   0.1167449232E+002
    768300   0.3883249942E+003   0.1167500584E+002
    768400   0.3883242244E+003   0.1167577559E+002
    768500   0.3883236619E+003   0.1167633812E+002
    768600   0.3883231951E+003   0.1167680488E+002
    768700   0.3883229692E+003   0.1167703078E+002
    768800   0.3883229158E+003   0.1167708417E+002
    768900   0.3883226410E+003   0.1167735896E+002
    769000   0.3883223464E+003   0.1167765363E+002
    769100   0.3883221205E+003   0.1167787950E+002
    769200   0.3883218959E+003   0.1167810405E+002
    769300   0.3883215649E+003   0.1167843510E+002
    769400   0.3883212545E+003   0.1167874554E+002
    769500   0.3883208264E+003   0.1167917365E+002
    769600   0.3883203826E+003   0.1167961739E+002
    769700   0.3883200302E+003   0.1167996977E+002
    769800   0.3883195812E+003   0.1168041879E+002
    769900   0.3883191329E+003   0.1168086710E+002
    770000   0.3883184576E+003   0.1168154240E+002
    770100   0.3883178023E+003   0.1168219767E+002
    770200   0.3883173069E+003   0.1168269311E+002
    770300   0.3883168686E+003   0.1168313135E+002
    770400   0.3883162665E+003   0.1168373353E+002
    770500   0.3883157388E+003   0.1168426115E+002
    770600   0.3883153336E+003   0.1168466641E+002
    770700   0.3883148736E+003   0.1168512636E+002
    770800   0.3883145811E+003   0.1168541888E+002
    770900   0.3883142967E+003   0.1168570332E+002
    771000   0.3883139536E+003   0.1168604639E+002
    771100   0.3883134277E+003   0.1168657231E+002
    771200   0.3883129750E+003   0.1168702501E+002
    771300   0.3883124080E+003   0.1168759203E+002
    771400   0.3883117477E+003   0.1168825230E+002
    771500   0.3883113224E+003   0.1168867765E+002
    771600   0.3883107073E+003   0.1168929266E+002
    771700   0.3883100627E+003   0.1168993734E+002
    771800   0.3883096442E+003   0.1169035583E+002
    771900   0.3883089966E+003   0.1169100344E+002
    772000   0.3883084787E+003   0.1169152128E+002
    772100   0.3883079618E+003   0.1169203823E+002
    772200   0.3883074342E+003   0.1169256575E+002
    772300   0.3883071213E+003   0.1169287873E+002
    772400   0.3883066888E+003   0.1169331119E+002
    772500   0.3883061915E+003   0.1169380852E+002
    772600   0.3883056751E+003   0.1169432493E+002
    772700   0.3883051393E+003   0.1169486075E+002
    772800   0.3883046650E+003   0.1169533497E+002
    772900   0.3883042672E+003   0.1169573281E+002
    773000   0.3883038054E+003   0.1169619456E+002
    773100   0.3883032729E+003   0.1169672714E+002
    773200   0.3883029670E+003   0.1169703299E+002
    773300   0.3883025516E+003   0.1169744835E+002
    773400   0.3883022555E+003   0.1169774446E+002
    773500   0.3883021325E+003   0.1169786749E+002
    773600   0.3883019646E+003   0.1169803535E+002
    773700   0.3883020367E+003   0.1169796332E+002
    773800   0.3883021766E+003   0.1169782335E+002
    773900   0.3883023128E+003   0.1169768724E+002
    774000   0.3883028124E+003   0.1169718758E+002
    774100   0.3883033372E+003   0.1169666278E+002
    774200   0.3883038634E+003   0.1169613656E+002
    774300   0.3883042616E+003   0.1169573836E+002
    774400   0.3883047544E+003   0.1169524560E+002
    774500   0.3883052619E+003   0.1169473809E+002
    774600   0.3883057398E+003   0.1169426021E+002
    774700   0.3883062633E+003   0.1169373674E+002
    774800   0.3883067811E+003   0.1169321893E+002
    774900   0.3883072094E+003   0.1169279063E+002
    775000   0.3883076014E+003   0.1169239859E+002
    775100   0.3883082324E+003   0.1169176760E+002
    775200   0.3883085683E+003   0.1169143169E+002
    775300   0.3883087459E+003   0.1169125406E+002
    775400   0.3883089320E+003   0.1169106798E+002
    775500   0.3883090408E+003   0.1169095921E+002
    775600   0.3883090178E+003   0.1169098219E+002
    775700   0.3883088238E+003   0.1169117621E+002
    775800   0.3883086262E+003   0.1169137376E+002
    775900   0.3883084452E+003   0.1169155481E+002
    776000   0.3883080985E+003   0.1169190150E+002
    776100   0.3883078510E+003   0.1169214902E+002
    776200   0.3883074820E+003   0.1169251801E+002
    776300   0.3883070641E+003   0.1169293589E+002
    776400   0.3883068229E+003   0.1169317709E+002
    776500   0.3883066663E+003   0.1169333372E+002
    776600   0.3883064088E+003   0.1169359120E+002
    776700   0.3883061641E+003   0.1169383589E+002
    776800   0.3883059960E+003   0.1169400403E+002
    776900   0.3883057879E+003   0.1169421211E+002
    777000   0.3883056174E+003   0.1169438257E+002
    777100   0.3883053531E+003   0.1169464693E+002
    777200   0.3883049189E+003   0.1169508111E+002
    777300   0.3883045137E+003   0.1169548625E+002
    777400   0.3883042049E+003   0.1169579514E+002
    777500   0.3883040201E+003   0.1169597994E+002
    777600   0.3883039820E+003   0.1169601803E+002
    777700   0.3883039493E+003   0.1169605070E+002
    777800   0.3883039115E+003   0.1169608851E+002
    777900   0.3883038880E+003   0.1169611195E+002
    778000   0.3883038618E+003   0.1169613815E+002
    778100   0.3883037139E+003   0.1169628606E+002
    778200   0.3883035379E+003   0.1169646211E+002
    778300   0.3883035609E+003   0.1169643907E+002
    778400   0.3883036755E+003   0.1169632449E+002
    778500   0.3883039445E+003   0.1169605555E+002
    778600   0.3883042078E+003   0.1169579224E+002
    778700   0.3883045305E+003   0.1169546950E+002
    778800   0.3883048784E+003   0.1169512159E+002
    778900   0.3883052633E+003   0.1169473668E+002
    779000   0.3883057669E+003   0.1169423309E+002
    779100   0.3883062935E+003   0.1169370647E+002
    779200   0.3883065850E+003   0.1169341503E+002
    779300   0.3883067265E+003   0.1169327348E+002
    779400   0.3883069478E+003   0.1169305219E+002
    779500   0.3883073822E+003   0.1169261782E+002
    779600   0.3883076961E+003   0.1169230389E+002
    779700   0.3883079780E+003   0.1169202199E+002
    779800   0.3883081969E+003   0.1169180313E+002
    779900   0.3883085146E+003   0.1169148542E+002
    780000   0.3883088526E+003   0.1169114743E+002
    780100   0.3883090291E+003   0.1169097086E+002
    780200   0.3883093401E+003   0.1169065992E+002
    780300   0.3883095181E+003   0.1169048194E+002
    780400   0.3883097108E+003   0.1169028916E+002
    780500   0.3883097943E+003   0.1169020571E+002
    780600   0.3883100048E+003   0.1168999520E+002
    780700   0.3883102612E+003   0.1168973882E+002
    780800   0.3883108554E+003   0.1168914462E+002
    780900   0.3883112947E+003   0.1168870532E+002
    781000   0.3883118122E+003   0.1168818783E+002
    781100   0.3883122036E+003   0.1168779641E+002
    781200   0.3883129730E+003   0.1168702703E+002
    781300   0.3883135972E+003   0.1168640280E+002
    781400   0.3883142702E+003   0.1168572984E+002
    781500   0.3883149809E+003   0.1168501910E+002
    781600   0.3883158288E+003   0.1168417119E+002
    781700   0.3883167223E+003   0.1168327770E+002
    781800   0.3883177499E+003   0.1168225013E+002
    781900   0.3883186491E+003   0.1168135089E+002
    782000   0.3883193450E+003   0.1168065495E+002
    782100   0.3883198965E+003   0.1168010355E+002
    782200   0.3883205960E+003   0.1167940396E+002
    782300   0.3883216572E+003   0.1167834283E+002
    782400   0.3883225629E+003   0.1167743714E+002
    782500   0.3883234603E+003   0.1167653974E+002
    782600   0.3883242877E+003   0.1167571231E+002
    782700   0.3883254771E+003   0.1167452293E+002
    782800   0.3883264564E+003   0.1167354362E+002
    782900   0.3883275088E+003   0.1167249116E+002
    783000   0.3883286812E+003   0.1167131880E+002
    783100   0.3883298401E+003   0.1167015986E+002
    783200   0.3883306663E+003   0.1166933373E+002
    783300   0.3883317966E+003   0.1166820341E+002
    783400   0.3883324977E+003   0.1166750235E+002
    783500   0.3883332512E+003   0.1166674878E+002
    783600   0.3883340571E+003   0.1166594290E+002
    783700   0.3883345909E+003   0.1166540912E+002
    783800   0.3883351986E+003   0.1166480138E+002
    783900   0.3883358469E+003   0.1166415311E+002
    784000   0.3883366268E+003   0.1166337316E+002
    784100   0.3883377096E+003   0.1166229041E+002
    784200   0.3883385585E+003   0.1166144147E+002
    784300   0.3883395354E+003   0.1166046458E+002
    784400   0.3883405068E+003   0.1165949318E+002
    784500   0.3883411826E+003   0.1165881739E+002
    784600   0.3883415541E+003   0.1165844590E+002
    784700   0.3883419414E+003   0.1165805865E+002
    784800   0.3883426857E+003   0.1165731435E+002
    784900   0.3883434936E+003   0.1165650637E+002
    785000   0.3883441894E+003   0.1165581062E+002
    785100   0.3883448630E+003   0.1165513697E+002
    785200   0.3883453959E+003   0.1165460414E+002
    785300   0.3883461531E+003   0.1165384687E+002
    785400   0.3883471058E+003   0.1165289422E+002
    785500   0.3883477645E+003   0.1165223545E+002
    785600   0.3883484679E+003   0.1165153209E+002
    785700   0.3883494460E+003   0.1165055398E+002
    785800   0.3883502745E+003   0.1164972552E+002
    785900   0.3883510431E+003   0.1164895692E+002
    786000   0.3883521695E+003   0.1164783046E+002
    786100   0.3883530805E+003   0.1164691947E+002
    786200   0.3883539543E+003   0.1164604569E+002
    786300   0.3883546849E+003   0.1164531507E+002
    786400   0.3883552499E+003   0.1164475011E+002
    786500   0.3883558791E+003   0.1164412090E+002
    786600   0.3883563966E+003   0.1164360341E+002
    786700   0.3883568496E+003   0.1164315045E+002
    786800   0.3883570639E+003   0.1164293615E+002
    786900   0.3883568570E+003   0.1164314301E+002
    787000   0.3883564250E+003   0.1164357497E+002
    787100   0.3883560517E+003   0.1164394834E+002
    787200   0.3883559205E+003   0.1164407953E+002
    787300   0.3883557344E+003   0.1164426556E+002
    787400   0.3883555511E+003   0.1164444889E+002
    787500   0.3883554787E+003   0.1164452134E+002
    787600   0.3883554181E+003   0.1164458193E+002
    787700   0.3883553767E+003   0.1164462326E+002
    787800   0.3883554229E+003   0.1164457708E+002
    787900   0.3883555033E+003   0.1164449672E+002
    788000   0.3883556278E+003   0.1164437223E+002
    788100   0.3883557383E+003   0.1164426165E+002
    788200   0.3883558398E+003   0.1164416020E+002
    788300   0.3883559895E+003   0.1164401050E+002
    788400   0.3883561786E+003   0.1164382144E+002
    788500   0.3883564955E+003   0.1164350449E+002
    788600   0.3883567841E+003   0.1164321588E+002
    788700   0.3883571100E+003   0.1164289002E+002
    788800   0.3883573545E+003   0.1164264552E+002
    788900   0.3883575242E+003   0.1164247579E+002
    789000   0.3883576275E+003   0.1164237251E+002
    789100   0.3883577197E+003   0.1164228025E+002
    789200   0.3883578339E+003   0.1164216606E+002
    789300   0.3883579218E+003   0.1164207823E+002
    789400   0.3883580156E+003   0.1164198437E+002
    789500   0.3883581402E+003   0.1164185981E+002
    789600   0.3883583198E+003   0.1164168020E+002
    789700   0.3883585600E+003   0.1164143996E+002
    789800   0.3883589760E+003   0.1164102403E+002
    789900   0.3883596155E+003   0.1164038447E+002
    790000   0.3883603952E+003   0.1163960479E+002
    790100   0.3883608282E+003   0.1163917182E+002
    790200   0.3883609072E+003   0.1163909281E+002
    790300   0.3883608472E+003   0.1163915280E+002
    790400   0.3883608762E+003   0.1163912378E+002
    790500   0.3883610057E+003   0.1163899433E+002
    790600   0.3883611173E+003   0.1163888267E+002
    790700   0.3883612134E+003   0.1163878662E+002
    790800   0.3883613008E+003   0.1163869922E+002
    790900   0.3883616504E+003   0.1163834963E+002
    791000   0.3883619825E+003   0.1163801751E+002
    791100   0.3883621110E+003   0.1163788902E+002
    791200   0.3883622455E+003   0.1163775452E+002
    791300   0.3883621986E+003   0.1163780140E+002
    791400   0.3883621748E+003   0.1163782523E+002
    791500   0.3883620881E+003   0.1163791194E+002
    791600   0.3883620558E+003   0.1163794420E+002
    791700   0.3883621310E+003   0.1163786899E+002
    791800   0.3883623920E+003   0.1163760796E+002
    791900   0.3883626963E+003   0.1163730372E+002
    792000   0.3883630493E+003   0.1163695073E+002
    792100   0.3883634025E+003   0.1163659752E+002
    792200   0.3883634927E+003   0.1163650735E+002
    792300   0.3883635143E+003   0.1163648570E+002
    792400   0.3883634733E+003   0.1163652669E+002
    792500   0.3883633475E+003   0.1163665252E+002
    792600   0.3883631778E+003   0.1163682224E+002
    792700   0.3883631969E+003   0.1163680309E+002
    792800   0.3883635127E+003   0.1163648732E+002
    792900   0.3883639243E+003   0.1163607567E+002
    793000   0.3883641761E+003   0.1163582391E+002
    793100   0.3883643651E+003   0.1163563492E+002
    793200   0.3883646113E+003   0.1163538874E+002
    793300   0.3883648620E+003   0.1163513797E+002
    793400   0.3883649978E+003   0.1163500217E+002
    793500   0.3883650886E+003   0.1163491143E+002
    793600   0.3883651860E+003   0.1163481396E+002
    793700   0.3883651272E+003   0.1163487280E+002
    793800   0.3883650972E+003   0.1163490275E+002
    793900   0.3883650544E+003   0.1163494556E+002
    794000   0.3883650034E+003   0.1163499660E+002
    794100   0.3883648358E+003   0.1163516423E+002
    794200   0.3883646085E+003   0.1163539148E+002
    794300   0.3883643314E+003   0.1163566858E+002
    794400   0.3883638814E+003   0.1163611862E+002
    794500   0.3883634490E+003   0.1163655101E+002
    794600   0.3883629359E+003   0.1163706411E+002
    794700   0.3883624534E+003   0.1163754656E+002
    794800   0.3883620825E+003   0.1163791746E+002
    794900   0.3883616498E+003   0.1163835019E+002
    795000   0.3883613277E+003   0.1163867231E+002
    795100   0.3883611046E+003   0.1163889536E+002
    795200   0.3883609903E+003   0.1163900966E+002
    795300   0.3883610163E+003   0.1163898365E+002
    795400   0.3883611936E+003   0.1163880641E+002
    795500   0.3883613447E+003   0.1163865533E+002
    795600   0.3883614611E+003   0.1163853890E+002
    795700   0.3883615871E+003   0.1163841286E+002
    795800   0.3883617081E+003   0.1163829191E+002
    795900   0.3883618235E+003   0.1163817648E+002
    796000   0.3883620326E+003   0.1163796739E+002
    796100   0.3883622565E+003   0.1163774354E+002
    796200   0.3883627620E+003   0.1163723803E+002
    796300   0.3883633978E+003   0.1163660221E+002
    796400   0.3883640522E+003   0.1163594777E+002
    796500   0.3883649965E+003   0.1163500350E+002
    796600   0.3883654228E+003   0.1163457722E+002
    796700   0.3883655463E+003   0.1163445366E+002
    796800   0.3883656971E+003   0.1163430290E+002
    796900   0.3883660629E+003   0.1163393712E+002
    797000   0.3883664080E+003   0.1163359201E+002
    797100   0.3883669363E+003   0.1163306365E+002
    797200   0.3883674056E+003   0.1163259437E+002
    797300   0.3883676640E+003   0.1163233599E+002
    797400   0.3883680866E+003   0.1163191337E+002
    797500   0.3883687116E+003   0.1163128836E+002
    797600   0.3883693567E+003   0.1163064329E+002
    797700   0.3883699128E+003   0.1163008716E+002
    797800   0.3883706109E+003   0.1162938910E+002
    797900   0.3883712896E+003   0.1162871045E+002
    798000   0.3883720238E+003   0.1162797621E+002
    798100   0.3883725493E+003   0.1162745072E+002
    798200   0.3883730909E+003   0.1162690914E+002
    798300   0.3883736486E+003   0.1162635143E+002
    798400   0.3883744305E+003   0.1162556946E+002
    798500   0.3883754879E+003   0.1162451207E+002
    798600   0.3883763012E+003   0.1162369879E+002
    798700   0.3883773625E+003   0.1162263746E+002
    798800   0.3883785744E+003   0.1162142558E+002
    798900   0.3883791855E+003   0.1162081454E+002
    799000   0.3883798880E+003   0.1162011200E+002
    799100   0.3883804791E+003   0.1161952092E+002
    799200   0.3883809246E+003   0.1161907542E+002
    799300   0.3883813456E+003   0.1161865443E+002
    799400   0.3883816800E+003   0.1161831999E+002
    799500   0.3883824693E+003   0.1161753072E+002
    799600   0.3883832110E+003   0.1161678903E+002
    799700   0.3883840423E+003   0.1161595774E+002
    799800   0.3883845102E+003   0.1161548982E+002
    799900   0.3883848747E+003   0.1161512528E+002
    800000   0.3883851840E+003   0.1161481600E+002
    800100   0.3883854878E+003   0.1161451215E+002
    800200   0.3883860448E+003   0.1161395516E+002
    800300   0.3883864517E+003   0.1161354827E+002
    800400   0.3883867971E+003   0.1161320293E+002
    800500   0.3883870138E+003   0.1161298616E+002
    800600   0.3883874181E+003   0.1161258191E+002
    800700   0.3883878633E+003   0.1161213670E+002
    800800   0.3883883049E+003   0.1161169506E+002
    800900   0.3883888250E+003   0.1161117502E+002
    801000   0.3883891386E+003   0.1161086143E+002
    801100   0.3883893787E+003   0.1161062125E+002
    801200   0.3883896119E+003   0.1161038813E+002
    801300   0.3883898934E+003   0.1161010656E+002
    801400   0.3883902096E+003   0.1160979041E+002
    801500   0.3883904490E+003   0.1160955096E+002
    801600   0.3883906720E+003   0.1160932795E+002
    801700   0.3883907580E+003   0.1160924202E+002
    801800   0.3883909130E+003   0.1160908697E+002
    801900   0.3883914839E+003   0.1160851615E+002
    802000   0.3883920253E+003   0.1160797466E+002
    802100   0.3883924247E+003   0.1160757527E+002
    802200   0.3883930552E+003   0.1160694480E+002
    802300   0.3883937126E+003   0.1160628742E+002
    802400   0.3883940729E+003   0.1160592708E+002
    802500   0.3883944323E+003   0.1160556770E+002
    802600   0.3883946414E+003   0.1160535858E+002
    802700   0.3883949813E+003   0.1160501874E+002
    802800   0.3883951562E+003   0.1160484381E+002
    802900   0.3883953654E+003   0.1160463461E+002
    803000   0.3883956823E+003   0.1160431772E+002
    803100   0.3883959500E+003   0.1160405004E+002
    803200   0.3883960460E+003   0.1160395402E+002
    803300   0.3883961050E+003   0.1160389498E+002
    803400   0.3883959711E+003   0.1160402889E+002
    803500   0.3883959476E+003   0.1160405245E+002
    803600   0.3883959534E+003   0.1160404659E+002
    803700   0.3883958719E+003   0.1160412806E+002
    803800   0.3883956007E+003   0.1160439930E+002
    803900   0.3883950943E+003   0.1160490573E+002
    804000   0.3883945710E+003   0.1160542903E+002
    804100   0.3883942171E+003   0.1160578290E+002
    804200   0.3883936717E+003   0.1160632829E+002
    804300   0.3883933522E+003   0.1160664783E+002
    804400   0.3883928981E+003   0.1160710185E+002
    804500   0.3883922880E+003   0.1160771205E+002
    804600   0.3883917502E+003   0.1160824977E+002
    804700   0.3883911408E+003   0.1160885916E+002
    804800   0.3883907061E+003   0.1160929389E+002
    804900   0.3883903289E+003   0.1160967113E+002
    805000   0.3883900000E+003   0.1161000002E+002
    805100   0.3883893463E+003   0.1161065367E+002
    805200   0.3883889287E+003   0.1161107131E+002
    805300   0.3883884835E+003   0.1161151650E+002
    805400   0.3883881719E+003   0.1161182810E+002
    805500   0.3883878992E+003   0.1161210078E+002
    805600   0.3883876297E+003   0.1161237028E+002
    805700   0.3883873559E+003   0.1161264414E+002
    805800   0.3883869917E+003   0.1161300831E+002
    805900   0.3883868036E+003   0.1161319638E+002
    806000   0.3883865230E+003   0.1161347698E+002
    806100   0.3883863207E+003   0.1161367932E+002
    806200   0.3883860385E+003   0.1161396146E+002
    806300   0.3883857351E+003   0.1161426490E+002
    806400   0.3883854476E+003   0.1161455241E+002
    806500   0.3883852491E+003   0.1161475090E+002
    806600   0.3883847920E+003   0.1161520797E+002
    806700   0.3883843693E+003   0.1161563074E+002
    806800   0.3883838841E+003   0.1161611588E+002
    806900   0.3883838737E+003   0.1161612629E+002
    807000   0.3883839998E+003   0.1161600018E+002
    807100   0.3883840612E+003   0.1161593884E+002
    807200   0.3883840166E+003   0.1161598344E+002
    807300   0.3883839990E+003   0.1161600098E+002
    807400   0.3883841973E+003   0.1161580269E+002
    807500   0.3883846614E+003   0.1161533861E+002
    807600   0.3883852489E+003   0.1161475113E+002
    807700   0.3883859368E+003   0.1161406317E+002
    807800   0.3883867742E+003   0.1161322585E+002
    807900   0.3883876013E+003   0.1161239873E+002
    808000   0.3883884312E+003   0.1161156885E+002
    808100   0.3883893950E+003   0.1161060505E+002
    808200   0.3883902252E+003   0.1160977477E+002
    808300   0.3883906908E+003   0.1160930916E+002
    808400   0.3883917847E+003   0.1160821526E+002
    808500   0.3883927319E+003   0.1160726807E+002
    808600   0.3883936888E+003   0.1160631119E+002
    808700   0.3883944417E+003   0.1160555825E+002
    808800   0.3883955592E+003   0.1160444081E+002
    808900   0.3883961803E+003   0.1160381965E+002
    809000   0.3883967209E+003   0.1160327910E+002
    809100   0.3883974998E+003   0.1160250022E+002
    809200   0.3883980466E+003   0.1160195339E+002
    809300   0.3883985863E+003   0.1160141367E+002
    809400   0.3883994094E+003   0.1160059063E+002
    809500   0.3884003502E+003   0.1159964975E+002
    809600   0.3884010440E+003   0.1159895601E+002
    809700   0.3884014562E+003   0.1159854385E+002
    809800   0.3884020067E+003   0.1159799335E+002
    809900   0.3884026848E+003   0.1159731517E+002
    810000   0.3884033700E+003   0.1159663001E+002
    810100   0.3884040611E+003   0.1159593895E+002
    810200   0.3884045099E+003   0.1159549010E+002
    810300   0.3884046216E+003   0.1159537841E+002
    810400   0.3884047025E+003   0.1159529746E+002
    810500   0.3884046824E+003   0.1159531756E+002
    810600   0.3884047716E+003   0.1159522841E+002
    810700   0.3884048789E+003   0.1159512110E+002
    810800   0.3884049816E+003   0.1159501843E+002
    810900   0.3884050361E+003   0.1159496388E+002
    811000   0.3884048983E+003   0.1159510167E+002
    811100   0.3884049975E+003   0.1159500250E+002
    811200   0.3884050967E+003   0.1159490330E+002
    811300   0.3884051902E+003   0.1159480981E+002
    811400   0.3884053054E+003   0.1159469459E+002
    811500   0.3884053507E+003   0.1159464926E+002
    811600   0.3884053026E+003   0.1159469735E+002
    811700   0.3884052488E+003   0.1159475123E+002
    811800   0.3884052032E+003   0.1159479682E+002
    811900   0.3884051537E+003   0.1159484631E+002
    812000   0.3884051181E+003   0.1159488192E+002
    812100   0.3884049635E+003   0.1159503652E+002
    812200   0.3884047645E+003   0.1159523552E+002
    812300   0.3884045513E+003   0.1159544872E+002
    812400   0.3884044229E+003   0.1159557708E+002
    812500   0.3884041967E+003   0.1159580331E+002
    812600   0.3884039883E+003   0.1159601170E+002
    812700   0.3884038492E+003   0.1159615083E+002
    812800   0.3884037387E+003   0.1159626131E+002
    812900   0.3884035396E+003   0.1159646041E+002
    813000   0.3884034182E+003   0.1159658176E+002
    813100   0.3884034048E+003   0.1159659524E+002
    813200   0.3884034161E+003   0.1159658387E+002
    813300   0.3884032223E+003   0.1159677775E+002
    813400   0.3884029652E+003   0.1159703481E+002
    813500   0.3884027932E+003   0.1159720677E+002
    813600   0.3884025838E+003   0.1159741621E+002
    813700   0.3884023598E+003   0.1159764025E+002
    813800   0.3884021212E+003   0.1159787882E+002
    813900   0.3884019577E+003   0.1159804228E+002
    814000   0.3884017772E+003   0.1159822283E+002
    814100   0.3884016050E+003   0.1159839495E+002
    814200   0.3884014258E+003   0.1159857424E+002
    814300   0.3884012558E+003   0.1159874418E+002
    814400   0.3884010165E+003   0.1159898354E+002
    814500   0.3884007014E+003   0.1159929865E+002
    814600   0.3884002104E+003   0.1159978956E+002
    814700   0.3883999254E+003   0.1160007463E+002
    814800   0.3883995270E+003   0.1160047298E+002
    814900   0.3883990775E+003   0.1160092254E+002
    815000   0.3883987296E+003   0.1160127040E+002
    815100   0.3883985488E+003   0.1160145124E+002
    815200   0.3883984091E+003   0.1160159090E+002
    815300   0.3883984477E+003   0.1160155232E+002
    815400   0.3883984304E+003   0.1160156961E+002
    815500   0.3883983893E+003   0.1160161067E+002
    815600   0.3883980645E+003   0.1160193549E+002
    815700   0.3883979409E+003   0.1160205914E+002
    815800   0.3883976077E+003   0.1160239226E+002
    815900   0.3883974694E+003   0.1160253057E+002
    816000   0.3883972927E+003   0.1160270734E+002
    816100   0.3883972478E+003   0.1160275224E+002
    816200   0.3883971924E+003   0.1160280761E+002
    816300   0.3883973236E+003   0.1160267639E+002
    816400   0.3883975791E+003   0.1160242088E+002
    816500   0.3883976426E+003   0.1160235744E+002
    816600   0.3883975948E+003   0.1160240516E+002
    816700   0.3883975483E+003   0.1160245172E+002
    816800   0.3883976321E+003   0.1160236790E+002
    816900   0.3883977351E+003   0.1160226490E+002
    817000   0.3883978535E+003   0.1160214652E+002
    817100   0.3883982490E+003   0.1160175099E+002
    817200   0.3883986019E+003   0.1160139815E+002
    817300   0.3883987710E+003   0.1160122895E+002
    817400   0.3883988415E+003   0.1160115853E+002
    817500   0.3883988776E+003   0.1160112244E+002
    817600   0.3883988372E+003   0.1160116279E+002
    817700   0.3883987095E+003   0.1160129047E+002
    817800   0.3883983903E+003   0.1160160970E+002
    817900   0.3883980861E+003   0.1160191391E+002
    818000   0.3883977467E+003   0.1160225334E+002
    818100   0.3883975742E+003   0.1160242579E+002
    818200   0.3883973483E+003   0.1160265174E+002
    818300   0.3883971736E+003   0.1160282636E+002
    818400   0.3883970634E+003   0.1160293665E+002
    818500   0.3883970197E+003   0.1160298026E+002
    818600   0.3883970807E+003   0.1160291926E+002
    818700   0.3883971887E+003   0.1160281134E+002
    818800   0.3883971583E+003   0.1160284167E+002
    818900   0.3883970304E+003   0.1160296955E+002
    819000   0.3883968106E+003   0.1160318944E+002
    819100   0.3883965843E+003   0.1160341570E+002
    819200   0.3883963542E+003   0.1160364582E+002
    819300   0.3883961589E+003   0.1160384107E+002
    819400   0.3883958647E+003   0.1160413527E+002
    819500   0.3883955914E+003   0.1160440858E+002
    819600   0.3883956042E+003   0.1160439582E+002
    819700   0.3883958206E+003   0.1160417939E+002
    819800   0.3883964847E+003   0.1160351530E+002
    819900   0.3883969687E+003   0.1160303127E+002
    820000   0.3883972318E+003   0.1160276816E+002
    820100   0.3883975258E+003   0.1160247421E+002
    820200   0.3883978709E+003   0.1160212913E+002
    820300   0.3883984996E+003   0.1160150044E+002
    820400   0.3883991830E+003   0.1160081698E+002
    820500   0.3884002338E+003   0.1159976620E+002
    820600   0.3884011247E+003   0.1159887533E+002
    820700   0.3884022320E+003   0.1159776802E+002
    820800   0.3884033285E+003   0.1159667153E+002
    820900   0.3884045384E+003   0.1159546161E+002
    821000   0.3884054279E+003   0.1159457207E+002
    821100   0.3884059583E+003   0.1159404170E+002
    821200   0.3884064501E+003   0.1159354985E+002
    821300   0.3884066802E+003   0.1159331981E+002
    821400   0.3884068027E+003   0.1159319728E+002
    821500   0.3884071211E+003   0.1159287893E+002
    821600   0.3884072975E+003   0.1159270246E+002
    821700   0.3884073850E+003   0.1159261505E+002
    821800   0.3884074793E+003   0.1159252069E+002
    821900   0.3884079082E+003   0.1159209181E+002
    822000   0.3884083289E+003   0.1159167107E+002
    822100   0.3884085778E+003   0.1159142221E+002
    822200   0.3884088617E+003   0.1159113827E+002
    822300   0.3884090002E+003   0.1159099978E+002
    822400   0.3884091069E+003   0.1159089307E+002
    822500   0.3884092131E+003   0.1159078687E+002
    822600   0.3884092471E+003   0.1159075285E+002
    822700   0.3884092292E+003   0.1159077084E+002
    822800   0.3884093483E+003   0.1159065174E+002
    822900   0.3884096099E+003   0.1159039013E+002
    823000   0.3884096158E+003   0.1159038417E+002
    823100   0.3884095633E+003   0.1159043668E+002
    823200   0.3884096256E+003   0.1159037435E+002
    823300   0.3884097024E+003   0.1159029755E+002
    823400   0.3884098724E+003   0.1159012756E+002
    823500   0.3884101956E+003   0.1158980438E+002
    823600   0.3884106407E+003   0.1158935930E+002
    823700   0.3884108864E+003   0.1158911358E+002
    823800   0.3884109718E+003   0.1158902818E+002
    823900   0.3884110467E+003   0.1158895333E+002
    824000   0.3884110435E+003   0.1158895645E+002
    824100   0.3884109954E+003   0.1158900459E+002
    824200   0.3884109570E+003   0.1158904298E+002
    824300   0.3884109425E+003   0.1158905752E+002
    824400   0.3884110258E+003   0.1158897421E+002
    824500   0.3884109748E+003   0.1158902519E+002
    824600   0.3884108946E+003   0.1158910539E+002
    824700   0.3884109031E+003   0.1158909686E+002
    824800   0.3884108532E+003   0.1158914685E+002
    824900   0.3884107231E+003   0.1158927687E+002
    825000   0.3884104692E+003   0.1158953075E+002
    825100   0.3884101260E+003   0.1158987404E+002
    825200   0.3884097186E+003   0.1159028135E+002
    825300   0.3884093613E+003   0.1159063875E+002
    825400   0.3884090475E+003   0.1159095250E+002
    825500   0.3884086399E+003   0.1159136006E+002
    825600   0.3884080890E+003   0.1159191100E+002
    825700   0.3884075040E+003   0.1159249599E+002
    825800   0.3884067279E+003   0.1159327212E+002
    825900   0.3884061633E+003   0.1159383674E+002
    826000   0.3884051535E+003   0.1159484648E+002
    826100   0.3884042370E+003   0.1159576302E+002
    826200   0.3884037253E+003   0.1159627472E+002
    826300   0.3884029504E+003   0.1159704961E+002
    826400   0.3884020853E+003   0.1159791466E+002
    826500   0.3884014940E+003   0.1159850604E+002
    826600   0.3884007887E+003   0.1159921130E+002
    826700   0.3884002502E+003   0.1159974977E+002
    826800   0.3883993598E+003   0.1160064016E+002
    826900   0.3883986290E+003   0.1160137103E+002
    827000   0.3883977847E+003   0.1160221527E+002
    827100   0.3883968390E+003   0.1160316103E+002
    827200   0.3883960442E+003   0.1160395576E+002
    827300   0.3883952328E+003   0.1160476718E+002
    827400   0.3883945648E+003   0.1160543519E+002
    827500   0.3883940403E+003   0.1160595974E+002
    827600   0.3883934376E+003   0.1160656240E+002
    827700   0.3883926068E+003   0.1160739323E+002
    827800   0.3883918707E+003   0.1160812935E+002
    827900   0.3883911839E+003   0.1160881614E+002
    828000   0.3883902814E+003   0.1160971862E+002
    828100   0.3883895718E+003   0.1161042824E+002
    828200   0.3883889087E+003   0.1161109129E+002
    828300   0.3883882487E+003   0.1161175126E+002
    828400   0.3883873571E+003   0.1161264292E+002
    828500   0.3883866498E+003   0.1161335023E+002
    828600   0.3883861205E+003   0.1161387951E+002
    828700   0.3883854559E+003   0.1161454406E+002
    828800   0.3883848391E+003   0.1161516092E+002
    828900   0.3883843823E+003   0.1161561768E+002
    829000   0.3883839818E+003   0.1161601815E+002
    829100   0.3883832649E+003   0.1161673508E+002
    829200   0.3883825828E+003   0.1161741720E+002
    829300   0.3883817567E+003   0.1161824329E+002
    829400   0.3883808136E+003   0.1161918638E+002
    829500   0.3883800802E+003   0.1161991976E+002
    829600   0.3883793896E+003   0.1162061040E+002
    829700   0.3883787740E+003   0.1162122602E+002
    829800   0.3883781164E+003   0.1162188357E+002
    829900   0.3883775038E+003   0.1162249623E+002
    830000   0.3883769705E+003   0.1162302948E+002
    830100   0.3883765628E+003   0.1162343723E+002
    830200   0.3883759636E+003   0.1162403635E+002
    830300   0.3883751521E+003   0.1162484791E+002
    830400   0.3883744021E+003   0.1162559794E+002
    830500   0.3883736196E+003   0.1162638043E+002
    830600   0.3883727636E+003   0.1162723641E+002
    830700   0.3883718668E+003   0.1162813320E+002
    830800   0.3883711501E+003   0.1162884987E+002
    830900   0.3883703888E+003   0.1162961120E+002
    831000   0.3883694580E+003   0.1163054203E+002
    831100   0.3883686651E+003   0.1163133485E+002
    831200   0.3883677604E+003   0.1163223955E+002
    831300   0.3883668497E+003   0.1163315028E+002
    831400   0.3883660150E+003   0.1163398504E+002
    831500   0.3883651811E+003   0.1163481889E+002
    831600   0.3883641144E+003   0.1163588560E+002
    831700   0.3883633652E+003   0.1163663476E+002
    831800   0.3883623579E+003   0.1163764209E+002
    831900   0.3883613086E+003   0.1163869142E+002
    832000   0.3883604804E+003   0.1163951961E+002
    832100   0.3883597593E+003   0.1164024072E+002
    832200   0.3883589114E+003   0.1164108864E+002
    832300   0.3883580467E+003   0.1164195334E+002
    832400   0.3883573124E+003   0.1164268764E+002
    832500   0.3883565487E+003   0.1164345132E+002
    832600   0.3883557171E+003   0.1164428285E+002
    832700   0.3883548048E+003   0.1164519519E+002
    832800   0.3883536966E+003   0.1164630340E+002
    832900   0.3883527453E+003   0.1164725467E+002
    833000   0.3883520430E+003   0.1164795703E+002
    833100   0.3883509765E+003   0.1164902346E+002
    833200   0.3883498310E+003   0.1165016897E+002
    833300   0.3883490075E+003   0.1165099250E+002
    833400   0.3883479466E+003   0.1165205339E+002
    833500   0.3883471022E+003   0.1165289775E+002
    833600   0.3883462821E+003   0.1165371788E+002
    833700   0.3883455663E+003   0.1165443367E+002
    833800   0.3883449035E+003   0.1165509648E+002
    833900   0.3883441985E+003   0.1165580146E+002
    834000   0.3883437804E+003   0.1165621955E+002
    834100   0.3883432978E+003   0.1165670216E+002
    834200   0.3883428096E+003   0.1165719040E+002
    834300   0.3883422719E+003   0.1165772808E+002
    834400   0.3883417224E+003   0.1165827758E+002
    834500   0.3883412310E+003   0.1165876898E+002
    834600   0.3883406326E+003   0.1165936744E+002
    834700   0.3883401101E+003   0.1165988987E+002
    834800   0.3883391996E+003   0.1166080039E+002
    834900   0.3883384652E+003   0.1166153478E+002
    835000   0.3883377735E+003   0.1166222646E+002
    835100   0.3883372572E+003   0.1166274277E+002
    835200   0.3883364690E+003   0.1166353103E+002
    835300   0.3883357969E+003   0.1166420314E+002
    835400   0.3883348877E+003   0.1166511231E+002
    835500   0.3883342030E+003   0.1166579697E+002
    835600   0.3883334024E+003   0.1166659763E+002
    835700   0.3883328471E+003   0.1166715287E+002
    835800   0.3883322720E+003   0.1166772795E+002
    835900   0.3883314296E+003   0.1166857045E+002
    836000   0.3883307379E+003   0.1166926215E+002
    836100   0.3883300498E+003   0.1166995020E+002
    836200   0.3883293187E+003   0.1167068129E+002
    836300   0.3883288146E+003   0.1167118543E+002
    836400   0.3883285152E+003   0.1167148478E+002
    836500   0.3883281897E+003   0.1167181030E+002
    836600   0.3883277969E+003   0.1167220306E+002
    836700   0.3883272497E+003   0.1167275033E+002
    836800   0.3883267207E+003   0.1167327931E+002
    836900   0.3883263923E+003   0.1167360774E+002
    837000   0.3883261582E+003   0.1167384184E+002
    837100   0.3883260207E+003   0.1167397928E+002
    837200   0.3883258573E+003   0.1167414274E+002
    837300   0.3883256949E+003   0.1167430514E+002
    837400   0.3883254258E+003   0.1167457423E+002
    837500   0.3883251027E+003   0.1167489727E+002
    837600   0.3883247683E+003   0.1167523171E+002
    837700   0.3883242761E+003   0.1167572392E+002
    837800   0.3883238200E+003   0.1167618004E+002
    837900   0.3883236305E+003   0.1167636953E+002
    838000   0.3883235425E+003   0.1167645754E+002
    838100   0.3883235137E+003   0.1167648628E+002
    838200   0.3883236002E+003   0.1167639982E+002
    838300   0.3883236182E+003   0.1167638177E+002
    838400   0.3883235716E+003   0.1167642835E+002
    838500   0.3883235299E+003   0.1167647013E+002
    838600   0.3883234904E+003   0.1167650961E+002
    838700   0.3883235829E+003   0.1167641714E+002
    838800   0.3883237278E+003   0.1167627220E+002
    838900   0.3883239760E+003   0.1167602399E+002
    839000   0.3883241668E+003   0.1167583325E+002
    839100   0.3883241511E+003   0.1167584894E+002
    839200   0.3883240893E+003   0.1167591066E+002
    839300   0.3883240603E+003   0.1167593966E+002
    839400   0.3883240212E+003   0.1167597883E+002
    839500   0.3883238633E+003   0.1167613674E+002
    839600   0.3883236956E+003   0.1167630444E+002
    839700   0.3883236449E+003   0.1167635509E+002
    839800   0.3883235121E+003   0.1167648794E+002
    839900   0.3883233560E+003   0.1167664403E+002
    840000   0.3883233103E+003   0.1167668970E+002
    840100   0.3883231475E+003   0.1167685250E+002
    840200   0.3883229977E+003   0.1167700230E+002
    840300   0.3883227821E+003   0.1167721792E+002
    840400   0.3883226302E+003   0.1167736979E+002
    840500   0.3883226001E+003   0.1167739993E+002
    840600   0.3883225409E+003   0.1167745905E+002
    840700   0.3883222626E+003   0.1167773738E+002
    840800   0.3883218967E+003   0.1167810331E+002
    840900   0.3883214973E+003   0.1167850272E+002
    841000   0.3883212672E+003   0.1167873279E+002
    841100   0.3883213485E+003   0.1167865148E+002
    841200   0.3883213068E+003   0.1167869316E+002
    841300   0.3883212639E+003   0.1167873610E+002
    841400   0.3883211233E+003   0.1167887667E+002
    841500   0.3883209509E+003   0.1167904906E+002
    841600   0.3883207914E+003   0.1167920861E+002
    841700   0.3883206034E+003   0.1167939656E+002
    841800   0.3883203614E+003   0.1167963857E+002
    841900   0.3883201640E+003   0.1167983600E+002
    842000   0.3883199942E+003   0.1168000584E+002
    842100   0.3883198577E+003   0.1168014233E+002
    842200   0.3883197206E+003   0.1168027935E+002
    842300   0.3883197571E+003   0.1168024288E+002
    842400   0.3883198499E+003   0.1168015012E+002
    842500   0.3883200177E+003   0.1167998228E+002
    842600   0.3883202267E+003   0.1167977327E+002
    842700   0.3883205842E+003   0.1167941582E+002
    842800   0.3883206671E+003   0.1167933288E+002
    842900   0.3883208743E+003   0.1167912567E+002
    843000   0.3883208516E+003   0.1167914836E+002
    843100   0.3883208116E+003   0.1167918842E+002
    843200   0.3883207968E+003   0.1167920318E+002
    843300   0.3883209110E+003   0.1167908901E+002
    843400   0.3883210176E+003   0.1167898240E+002
    843500   0.3883210584E+003   0.1167894165E+002
    843600   0.3883209645E+003   0.1167903552E+002
    843700   0.3883208254E+003   0.1167917462E+002
    843800   0.3883206041E+003   0.1167939592E+002
    843900   0.3883202115E+003   0.1167978848E+002
    844000   0.3883198938E+003   0.1168010622E+002
    844100   0.3883195676E+003   0.1168043238E+002
    844200   0.3883191384E+003   0.1168086163E+002
    844300   0.3883188213E+003   0.1168117865E+002
    844400   0.3883185957E+003   0.1168140426E+002
    844500   0.3883183022E+003   0.1168169781E+002
    844600   0.3883179445E+003   0.1168205554E+002
    844700   0.3883176645E+003   0.1168233551E+002
    844800   0.3883174091E+003   0.1168259094E+002
    844900   0.3883170337E+003   0.1168296629E+002
    845000   0.3883166789E+003   0.1168332114E+002
    845100   0.3883161369E+003   0.1168386309E+002
    845200   0.3883156594E+003   0.1168434060E+002
    845300   0.3883152436E+003   0.1168475636E+002
    845400   0.3883149482E+003   0.1168505185E+002
    845500   0.3883146574E+003   0.1168534261E+002
    845600   0.3883141866E+003   0.1168581344E+002
    845700   0.3883138022E+003   0.1168619777E+002
    845800   0.3883134501E+003   0.1168654987E+002
    845900   0.3883129671E+003   0.1168703293E+002
    846000   0.3883125845E+003   0.1168741546E+002
    846100   0.3883123937E+003   0.1168760633E+002
    846200   0.3883122385E+003   0.1168776146E+002
    846300   0.3883119565E+003   0.1168804352E+002
    846400   0.3883115176E+003   0.1168848236E+002
    846500   0.3883111606E+003   0.1168883943E+002
    846600   0.3883110160E+003   0.1168898399E+002
    846700   0.3883109789E+003   0.1168902105E+002
    846800   0.3883109388E+003   0.1168906115E+002
    846900   0.3883107968E+003   0.1168920319E+002
    847000   0.3883106305E+003   0.1168936951E+002
    847100   0.3883104515E+003   0.1168954850E+002
    847200   0.3883102267E+003   0.1168977334E+002
    847300   0.3883099768E+003   0.1169002324E+002
    847400   0.3883098988E+003   0.1169010123E+002
    847500   0.3883099181E+003   0.1169008192E+002
    847600   0.3883100078E+003   0.1168999217E+002
    847700   0.3883102272E+003   0.1168977275E+002
    847800   0.3883104011E+003   0.1168959895E+002
    847900   0.3883108361E+003   0.1168916391E+002
    848000   0.3883113038E+003   0.1168869616E+002
    848100   0.3883117398E+003   0.1168826018E+002
    848200   0.3883121933E+003   0.1168780666E+002
    848300   0.3883129201E+003   0.1168707994E+002
    848400   0.3883134309E+003   0.1168656912E+002
    848500   0.3883134140E+003   0.1168658605E+002
    848600   0.3883132316E+003   0.1168676844E+002
    848700   0.3883131506E+003   0.1168684939E+002
    848800   0.3883129976E+003   0.1168700241E+002
    848900   0.3883128566E+003   0.1168714342E+002
    849000   0.3883127209E+003   0.1168727908E+002
    849100   0.3883125992E+003   0.1168740082E+002
    849200   0.3883125620E+003   0.1168743795E+002
    849300   0.3883124394E+003   0.1168756063E+002
    849400   0.3883121956E+003   0.1168780438E+002
    849500   0.3883117685E+003   0.1168823147E+002
    849600   0.3883114099E+003   0.1168859012E+002
    849700   0.3883111795E+003   0.1168882049E+002
    849800   0.3883107960E+003   0.1168920403E+002
    849900   0.3883105614E+003   0.1168943862E+002
    850000   0.3883103339E+003   0.1168966609E+002
    850100   0.3883101749E+003   0.1168982511E+002
    850200   0.3883098781E+003   0.1169012190E+002
    850300   0.3883096506E+003   0.1169034941E+002
    850400   0.3883095315E+003   0.1169046854E+002
    850500   0.3883093327E+003   0.1169066730E+002
    850600   0.3883090557E+003   0.1169094431E+002
    850700   0.3883088730E+003   0.1169112702E+002
    850800   0.3883087138E+003   0.1169128621E+002
    850900   0.3883085366E+003   0.1169146341E+002
    851000   0.3883083928E+003   0.1169160718E+002
    851100   0.3883081252E+003   0.1169187482E+002
    851200   0.3883078076E+003   0.1169219239E+002
    851300   0.3883075882E+003   0.1169241183E+002
    851400   0.3883072993E+003   0.1169270066E+002
    851500   0.3883070204E+003   0.1169297955E+002
    851600   0.3883067126E+003   0.1169328735E+002
    851700   0.3883065807E+003   0.1169341935E+002
    851800   0.3883066631E+003   0.1169333693E+002
    851900   0.3883067735E+003   0.1169322655E+002
    852000   0.3883068753E+003   0.1169312470E+002
    852100   0.3883069952E+003   0.1169300479E+002
    852200   0.3883070885E+003   0.1169291147E+002
    852300   0.3883072063E+003   0.1169279365E+002
    852400   0.3883072977E+003   0.1169270234E+002
    852500   0.3883075881E+003   0.1169241194E+002
    852600   0.3883078322E+003   0.1169216775E+002
    852700   0.3883081037E+003   0.1169189632E+002
    852800   0.3883083927E+003   0.1169160726E+002
    852900   0.3883086791E+003   0.1169132087E+002
    853000   0.3883090801E+003   0.1169091987E+002
    853100   0.3883095278E+003   0.1169047220E+002
    853200   0.3883103742E+003   0.1168962583E+002
    853300   0.3883108731E+003   0.1168912690E+002
    853400   0.3883112149E+003   0.1168878511E+002
    853500   0.3883116358E+003   0.1168836418E+002
    853600   0.3883119025E+003   0.1168809752E+002
    853700   0.3883123481E+003   0.1168765186E+002
    853800   0.3883126368E+003   0.1168736317E+002
    853900   0.3883130800E+003   0.1168691995E+002
    854000   0.3883133483E+003   0.1168665173E+002
    854100   0.3883135249E+003   0.1168647508E+002
    854200   0.3883136886E+003   0.1168631138E+002
    854300   0.3883137480E+003   0.1168625204E+002
    854400   0.3883138516E+003   0.1168614836E+002
    854500   0.3883140162E+003   0.1168598383E+002
    854600   0.3883141062E+003   0.1168589376E+002
    854700   0.3883139627E+003   0.1168603727E+002
    854800   0.3883138449E+003   0.1168615512E+002
    854900   0.3883136943E+003   0.1168630568E+002
    855000   0.3883136577E+003   0.1168634226E+002
    855100   0.3883137013E+003   0.1168629867E+002
    855200   0.3883137224E+003   0.1168627762E+002
    855300   0.3883137496E+003   0.1168625041E+002
    855400   0.3883138965E+003   0.1168610351E+002
    855500   0.3883141567E+003   0.1168584331E+002
    855600   0.3883142840E+003   0.1168571596E+002
    855700   0.3883143879E+003   0.1168561207E+002
    855800   0.3883146452E+003   0.1168535482E+002
    855900   0.3883148785E+003   0.1168512154E+002
    856000   0.3883152399E+003   0.1168476011E+002
    856100   0.3883161728E+003   0.1168382724E+002
    856200   0.3883167350E+003   0.1168326502E+002
    856300   0.3883170869E+003   0.1168291313E+002
    856400   0.3883175486E+003   0.1168245144E+002
    856500   0.3883180746E+003   0.1168192540E+002
    856600   0.3883184783E+003   0.1168152170E+002
    856700   0.3883187641E+003   0.1168123593E+002
    856800   0.3883189472E+003   0.1168105276E+002
    856900   0.3883189583E+003   0.1168104173E+002
    857000   0.3883189325E+003   0.1168106749E+002
    857100   0.3883189671E+003   0.1168103291E+002
    857200   0.3883189170E+003   0.1168108299E+002
    857300   0.3883188412E+003   0.1168115876E+002
    857400   0.3883186875E+003   0.1168131252E+002
    857500   0.3883185053E+003   0.1168149472E+002
    857600   0.3883182509E+003   0.1168174908E+002
    857700   0.3883179299E+003   0.1168207012E+002
    857800   0.3883175364E+003   0.1168246362E+002
    857900   0.3883172730E+003   0.1168272696E+002
    858000   0.3883171387E+003   0.1168286127E+002
    858100   0.3883171356E+003   0.1168286440E+002
    858200   0.3883172399E+003   0.1168276006E+002
    858300   0.3883173466E+003   0.1168265335E+002
    858400   0.3883177179E+003   0.1168228213E+002
    858500   0.3883179887E+003   0.1168201131E+002
    858600   0.3883183068E+003   0.1168169316E+002
    858700   0.3883185132E+003   0.1168148680E+002
    858800   0.3883188031E+003   0.1168119692E+002
    858900   0.3883189355E+003   0.1168106445E+002
    859000   0.3883189432E+003   0.1168105682E+002
    859100   0.3883188554E+003   0.1168114463E+002
    859200   0.3883187191E+003   0.1168128087E+002
    859300   0.3883185339E+003   0.1168146607E+002
    859400   0.3883183430E+003   0.1168165696E+002
    859500   0.3883182208E+003   0.1168177919E+002
    859600   0.3883180699E+003   0.1168193006E+002
    859700   0.3883179379E+003   0.1168206213E+002
    859800   0.3883176920E+003   0.1168230804E+002
    859900   0.3883173666E+003   0.1168263340E+002
    860000   0.3883172147E+003   0.1168278531E+002
    860100   0.3883171002E+003   0.1168289978E+002
    860200   0.3883170729E+003   0.1168292709E+002
    860300   0.3883171840E+003   0.1168281598E+002
    860400   0.3883174853E+003   0.1168251471E+002
    860500   0.3883176766E+003   0.1168232337E+002
    860600   0.3883177786E+003   0.1168222138E+002
    860700   0.3883178604E+003   0.1168213964E+002
    860800   0.3883179697E+003   0.1168203026E+002
    860900   0.3883181761E+003   0.1168182394E+002
    861000   0.3883184339E+003   0.1168156608E+002
    861100   0.3883187026E+003   0.1168129745E+002
    861200   0.3883188536E+003   0.1168114637E+002
    861300   0.3883191395E+003   0.1168086054E+002
    861400   0.3883193222E+003   0.1168067780E+002
    861500   0.3883194807E+003   0.1168051932E+002
    861600   0.3883195732E+003   0.1168042679E+002
    861700   0.3883196778E+003   0.1168032219E+002
    861800   0.3883201043E+003   0.1167989571E+002
    861900   0.3883203891E+003   0.1167961089E+002
    862000   0.3883204919E+003   0.1167950808E+002
    862100   0.3883207541E+003   0.1167924594E+002
    862200   0.3883209763E+003   0.1167902371E+002
    862300   0.3883212718E+003   0.1167872824E+002
    862400   0.3883214945E+003   0.1167850552E+002
    862500   0.3883219049E+003   0.1167809509E+002
    862600   0.3883225738E+003   0.1167742621E+002
    862700   0.3883236189E+003   0.1167638113E+002
    862800   0.3883246422E+003   0.1167535784E+002
    862900   0.3883252662E+003   0.1167473382E+002
    863000   0.3883257952E+003   0.1167420476E+002
    863100   0.3883262173E+003   0.1167378275E+002
    863200   0.3883265631E+003   0.1167343694E+002
    863300   0.3883269320E+003   0.1167306803E+002
    863400   0.3883272761E+003   0.1167272387E+002
    863500   0.3883282188E+003   0.1167178121E+002
    863600   0.3883287758E+003   0.1167122422E+002
    863700   0.3883292766E+003   0.1167072343E+002
    863800   0.3883298347E+003   0.1167016534E+002
    863900   0.3883303220E+003   0.1166967801E+002
    864000   0.3883307093E+003   0.1166929068E+002
    864100   0.3883307337E+003   0.1166926632E+002
    864200   0.3883305656E+003   0.1166943435E+002
    864300   0.3883304022E+003   0.1166959779E+002
    864400   0.3883302489E+003   0.1166975106E+002
    864500   0.3883301793E+003   0.1166982068E+002
    864600   0.3883303462E+003   0.1166965378E+002
    864700   0.3883304566E+003   0.1166954343E+002
    864800   0.3883306162E+003   0.1166938380E+002
    864900   0.3883307121E+003   0.1166928788E+002
    865000   0.3883307281E+003   0.1166927191E+002
    865100   0.3883306868E+003   0.1166931319E+002
    865200   0.3883306371E+003   0.1166936289E+002
    865300   0.3883305963E+003   0.1166940374E+002
    865400   0.3883305616E+003   0.1166943839E+002
    865500   0.3883304329E+003   0.1166956713E+002
    865600   0.3883300843E+003   0.1166991569E+002
    865700   0.3883296310E+003   0.1167036900E+002
    865800   0.3883291012E+003   0.1167089880E+002
    865900   0.3883283565E+003   0.1167164348E+002
    866000   0.3883277450E+003   0.1167225501E+002
    866100   0.3883272647E+003   0.1167273526E+002
    866200   0.3883268067E+003   0.1167319334E+002
    866300   0.3883262936E+003   0.1167370637E+002
    866400   0.3883258423E+003   0.1167415769E+002
    866500   0.3883252746E+003   0.1167472544E+002
    866600   0.3883248373E+003   0.1167516270E+002
    866700   0.3883243852E+003   0.1167561476E+002
    866800   0.3883238373E+003   0.1167616272E+002
    866900   0.3883233034E+003   0.1167669659E+002
    867000   0.3883226960E+003   0.1167730402E+002
    867100   0.3883220854E+003   0.1167791461E+002
    867200   0.3883214741E+003   0.1167852588E+002
    867300   0.3883209072E+003   0.1167909277E+002
    867400   0.3883204490E+003   0.1167955103E+002
    867500   0.3883201742E+003   0.1167982581E+002
    867600   0.3883199025E+003   0.1168009754E+002
    867700   0.3883198012E+003   0.1168019881E+002
    867800   0.3883195036E+003   0.1168049641E+002
    867900   0.3883192248E+003   0.1168077524E+002
    868000   0.3883190117E+003   0.1168098830E+002
    868100   0.3883187471E+003   0.1168125289E+002
    868200   0.3883185819E+003   0.1168141806E+002
    868300   0.3883180842E+003   0.1168191578E+002
    868400   0.3883175530E+003   0.1168244697E+002
    868500   0.3883171515E+003   0.1168284850E+002
    868600   0.3883166434E+003   0.1168335660E+002
    868700   0.3883161785E+003   0.1168382153E+002
    868800   0.3883158132E+003   0.1168418676E+002
    868900   0.3883154497E+003   0.1168455030E+002
    869000   0.3883151604E+003   0.1168483961E+002
    869100   0.3883148613E+003   0.1168513867E+002
    869200   0.3883145435E+003   0.1168545651E+002
    869300   0.3883141754E+003   0.1168582460E+002
    869400   0.3883138211E+003   0.1168617892E+002
    869500   0.3883135989E+003   0.1168640106E+002
    869600   0.3883133727E+003   0.1168662725E+002
    869700   0.3883131911E+003   0.1168680888E+002
    869800   0.3883130364E+003   0.1168696356E+002
    869900   0.3883129882E+003   0.1168701184E+002
    870000   0.3883129508E+003   0.1168704918E+002
    870100   0.3883128313E+003   0.1168716873E+002
    870200   0.3883126914E+003   0.1168730862E+002
    870300   0.3883125432E+003   0.1168745682E+002
    870400   0.3883123063E+003   0.1168769370E+002
    870500   0.3883119518E+003   0.1168804822E+002
    870600   0.3883116595E+003   0.1168834050E+002
    870700   0.3883113602E+003   0.1168863982E+002
    870800   0.3883111292E+003   0.1168887081E+002
    870900   0.3883108623E+003   0.1168913771E+002
    871000   0.3883106943E+003   0.1168930566E+002
    871100   0.3883104834E+003   0.1168951655E+002
    871200   0.3883101635E+003   0.1168983649E+002
    871300   0.3883100285E+003   0.1168997147E+002
    871400   0.3883098685E+003   0.1169013152E+002
    871500   0.3883097293E+003   0.1169027074E+002
    871600   0.3883098069E+003   0.1169019311E+002
    871700   0.3883098217E+003   0.1169017829E+002
    871800   0.3883099078E+003   0.1169009218E+002
    871900   0.3883099281E+003   0.1169007192E+002
    872000   0.3883098990E+003   0.1169010104E+002
    872100   0.3883097940E+003   0.1169020605E+002
    872200   0.3883096865E+003   0.1169031354E+002
    872300   0.3883095568E+003   0.1169044322E+002
    872400   0.3883094095E+003   0.1169059047E+002
    872500   0.3883092774E+003   0.1169072260E+002
    872600   0.3883091042E+003   0.1169089583E+002
    872700   0.3883089723E+003   0.1169102775E+002
    872800   0.3883088283E+003   0.1169117175E+002
    872900   0.3883086668E+003   0.1169133315E+002
    873000   0.3883084933E+003   0.1169150671E+002
    873100   0.3883082917E+003   0.1169170831E+002
    873200   0.3883080848E+003   0.1169191524E+002
    873300   0.3883078144E+003   0.1169218558E+002
    873400   0.3883075340E+003   0.1169246597E+002
    873500   0.3883072033E+003   0.1169279674E+002
    873600   0.3883067954E+003   0.1169320461E+002
    873700   0.3883062624E+003   0.1169373758E+002
    873800   0.3883058813E+003   0.1169411872E+002
    873900   0.3883055551E+003   0.1169444494E+002
    874000   0.3883053567E+003   0.1169464332E+002
    874100   0.3883052223E+003   0.1169477774E+002
    874200   0.3883050393E+003   0.1169496070E+002
    874300   0.3883047811E+003   0.1169521892E+002
    874400   0.3883042854E+003   0.1169571464E+002
    874500   0.3883035043E+003   0.1169649571E+002
    874600   0.3883028973E+003   0.1169710266E+002
    874700   0.3883024928E+003   0.1169750721E+002
    874800   0.3883020489E+003   0.1169795114E+002
    874900   0.3883013587E+003   0.1169864127E+002
    875000   0.3883008238E+003   0.1169917617E+002
    875100   0.3883005958E+003   0.1169940422E+002
    875200   0.3883001214E+003   0.1169987858E+002
    875300   0.3882997610E+003   0.1170023901E+002
    875400   0.3882992544E+003   0.1170074562E+002
    875500   0.3882988986E+003   0.1170110142E+002
    875600   0.3882983526E+003   0.1170164741E+002
    875700   0.3882980239E+003   0.1170197612E+002
    875800   0.3882972163E+003   0.1170278367E+002
    875900   0.3882967984E+003   0.1170320165E+002
    876000   0.3882962340E+003   0.1170376603E+002
    876100   0.3882957071E+003   0.1170429295E+002
    876200   0.3882953619E+003   0.1170463808E+002
    876300   0.3882949050E+003   0.1170509496E+002
    876400   0.3882945602E+003   0.1170543980E+002
    876500   0.3882942087E+003   0.1170579134E+002
    876600   0.3882938414E+003   0.1170615861E+002
    876700   0.3882936102E+003   0.1170638975E+002
    876800   0.3882933068E+003   0.1170669319E+002
    876900   0.3882931564E+003   0.1170684357E+002
    877000   0.3882928628E+003   0.1170713721E+002
    877100   0.3882923307E+003   0.1170766931E+002
    877200   0.3882919074E+003   0.1170809264E+002
    877300   0.3882912871E+003   0.1170871291E+002
    877400   0.3882908901E+003   0.1170910990E+002
    877500   0.3882902839E+003   0.1170971611E+002
    877600   0.3882898320E+003   0.1171016798E+002
    877700   0.3882893160E+003   0.1171068403E+002
    877800   0.3882887514E+003   0.1171124857E+002
    877900   0.3882882033E+003   0.1171179668E+002
    878000   0.3882877992E+003   0.1171220076E+002
    878100   0.3882873682E+003   0.1171263176E+002
    878200   0.3882869470E+003   0.1171305295E+002
    878300   0.3882865023E+003   0.1171349771E+002
    878400   0.3882858407E+003   0.1171415928E+002
    878500   0.3882852161E+003   0.1171478387E+002
    878600   0.3882845119E+003   0.1171548806E+002
    878700   0.3882835894E+003   0.1171641058E+002
    878800   0.3882831327E+003   0.1171686732E+002
    878900   0.3882821504E+003   0.1171784955E+002
    879000   0.3882815520E+003   0.1171844802E+002
    879100   0.3882810224E+003   0.1171897764E+002
    879200   0.3882803102E+003   0.1171968975E+002
    879300   0.3882798542E+003   0.1172014580E+002
    879400   0.3882790281E+003   0.1172097189E+002
    879500   0.3882783718E+003   0.1172162816E+002
    879600   0.3882776255E+003   0.1172237453E+002
    879700   0.3882769607E+003   0.1172303930E+002
    879800   0.3882761608E+003   0.1172383918E+002
    879900   0.3882759405E+003   0.1172405945E+002
    880000   0.3882753221E+003   0.1172467793E+002
    880100   0.3882746137E+003   0.1172538632E+002
    880200   0.3882739438E+003   0.1172605616E+002
    880300   0.3882732912E+003   0.1172670882E+002
    880400   0.3882728626E+003   0.1172713736E+002
    880500   0.3882723942E+003   0.1172760584E+002
    880600   0.3882720253E+003   0.1172797472E+002
    880700   0.3882717661E+003   0.1172823393E+002
    880800   0.3882714112E+003   0.1172858876E+002
    880900   0.3882710187E+003   0.1172898131E+002
    881000   0.3882708106E+003   0.1172918940E+002
    881100   0.3882704172E+003   0.1172958280E+002
    881200   0.3882699918E+003   0.1173000817E+002
    881300   0.3882697468E+003   0.1173025315E+002
    881400   0.3882693257E+003   0.1173067428E+002
    881500   0.3882690040E+003   0.1173099597E+002
    881600   0.3882687141E+003   0.1173128592E+002
    881700   0.3882683672E+003   0.1173163284E+002
    881800   0.3882678951E+003   0.1173210486E+002
    881900   0.3882676064E+003   0.1173239361E+002
    882000   0.3882670016E+003   0.1173299842E+002
    882100   0.3882665679E+003   0.1173343213E+002
    882200   0.3882662010E+003   0.1173379898E+002
    882300   0.3882658414E+003   0.1173415860E+002
    882400   0.3882654115E+003   0.1173458847E+002
    882500   0.3882650386E+003   0.1173496141E+002
    882600   0.3882645187E+003   0.1173548133E+002
    882700   0.3882641606E+003   0.1173583943E+002
    882800   0.3882637510E+003   0.1173624903E+002
    882900   0.3882635100E+003   0.1173648996E+002
    883000   0.3882631706E+003   0.1173682936E+002
    883100   0.3882627762E+003   0.1173722376E+002
    883200   0.3882624802E+003   0.1173751978E+002
    883300   0.3882621773E+003   0.1173782269E+002
    883400   0.3882620101E+003   0.1173798991E+002
    883500   0.3882617538E+003   0.1173824622E+002
    883600   0.3882611886E+003   0.1173881136E+002
    883700   0.3882608433E+003   0.1173915675E+002
    883800   0.3882604293E+003   0.1173957067E+002
    883900   0.3882598362E+003   0.1174016376E+002
    884000   0.3882590269E+003   0.1174097313E+002
    884100   0.3882581053E+003   0.1174189471E+002
    884200   0.3882575964E+003   0.1174240363E+002
    884300   0.3882570716E+003   0.1174292837E+002
    884400   0.3882566571E+003   0.1174334286E+002
    884500   0.3882561364E+003   0.1174386359E+002
    884600   0.3882558488E+003   0.1174415119E+002
    884700   0.3882555454E+003   0.1174445455E+002
    884800   0.3882553495E+003   0.1174465055E+002
    884900   0.3882551621E+003   0.1174483792E+002
    885000   0.3882550436E+003   0.1174495645E+002
    885100   0.3882548986E+003   0.1174510144E+002
    885200   0.3882547521E+003   0.1174524795E+002
    885300   0.3882545283E+003   0.1174547173E+002
    885400   0.3882544947E+003   0.1174550526E+002
    885500   0.3882544731E+003   0.1174552687E+002
    885600   0.3882544537E+003   0.1174554635E+002
    885700   0.3882544754E+003   0.1174552464E+002
    885800   0.3882545003E+003   0.1174549975E+002
    885900   0.3882544757E+003   0.1174552432E+002
    886000   0.3882543867E+003   0.1174561326E+002
    886100   0.3882542111E+003   0.1174578892E+002
    886200   0.3882539085E+003   0.1174609147E+002
    886300   0.3882536916E+003   0.1174630836E+002
    886400   0.3882535741E+003   0.1174642586E+002
    886500   0.3882533894E+003   0.1174661057E+002
    886600   0.3882530712E+003   0.1174692880E+002
    886700   0.3882528402E+003   0.1174715977E+002
    886800   0.3882525708E+003   0.1174742921E+002
    886900   0.3882524293E+003   0.1174757065E+002
    887000   0.3882524043E+003   0.1174759573E+002
    887100   0.3882522535E+003   0.1174774651E+002
    887200   0.3882518767E+003   0.1174812333E+002
    887300   0.3882515375E+003   0.1174846245E+002
    887400   0.3882512094E+003   0.1174879056E+002
    887500   0.3882508780E+003   0.1174912200E+002
    887600   0.3882505578E+003   0.1174944216E+002
    887700   0.3882499946E+003   0.1175000537E+002
    887800   0.3882494909E+003   0.1175050911E+002
    887900   0.3882487112E+003   0.1175128878E+002
    888000   0.3882482501E+003   0.1175174992E+002
    888100   0.3882477763E+003   0.1175222370E+002
    888200   0.3882472252E+003   0.1175277481E+002
    888300   0.3882466208E+003   0.1175337925E+002
    888400   0.3882461425E+003   0.1175385750E+002
    888500   0.3882456978E+003   0.1175430219E+002
    888600   0.3882454039E+003   0.1175459606E+002
    888700   0.3882449633E+003   0.1175503671E+002
    888800   0.3882446299E+003   0.1175537011E+002
    888900   0.3882440489E+003   0.1175595114E+002
    889000   0.3882436115E+003   0.1175638846E+002
    889100   0.3882433035E+003   0.1175669651E+002
    889200   0.3882428092E+003   0.1175719080E+002
    889300   0.3882424275E+003   0.1175757249E+002
    889400   0.3882420516E+003   0.1175794844E+002
    889500   0.3882416146E+003   0.1175838536E+002
    889600   0.3882412597E+003   0.1175874029E+002
    889700   0.3882409220E+003   0.1175907803E+002
    889800   0.3882406549E+003   0.1175934506E+002
    889900   0.3882405237E+003   0.1175947631E+002
    890000   0.3882403800E+003   0.1175962002E+002
    890100   0.3882402318E+003   0.1175976815E+002
    890200   0.3882400610E+003   0.1175993900E+002
    890300   0.3882399282E+003   0.1176007177E+002
    890400   0.3882398470E+003   0.1176015298E+002
    890500   0.3882397093E+003   0.1176029065E+002
    890600   0.3882395429E+003   0.1176045714E+002
    890700   0.3882395155E+003   0.1176048453E+002
    890800   0.3882394965E+003   0.1176050350E+002
    890900   0.3882394160E+003   0.1176058398E+002
    891000   0.3882391681E+003   0.1176083188E+002
    891100   0.3882389794E+003   0.1176102055E+002
    891200   0.3882386481E+003   0.1176135193E+002
    891300   0.3882384358E+003   0.1176156418E+002
    891400   0.3882382498E+003   0.1176175023E+002
    891500   0.3882380994E+003   0.1176190057E+002
    891600   0.3882379865E+003   0.1176201352E+002
    891700   0.3882378589E+003   0.1176214108E+002
    891800   0.3882377188E+003   0.1176228120E+002
    891900   0.3882375995E+003   0.1176240049E+002
    892000   0.3882374386E+003   0.1176256137E+002
    892100   0.3882373637E+003   0.1176263632E+002
    892200   0.3882373428E+003   0.1176265721E+002
    892300   0.3882373245E+003   0.1176267546E+002
    892400   0.3882373052E+003   0.1176269481E+002
    892500   0.3882372800E+003   0.1176271995E+002
    892600   0.3882372614E+003   0.1176273861E+002
    892700   0.3882372455E+003   0.1176275449E+002
    892800   0.3882372240E+003   0.1176277603E+002
    892900   0.3882372041E+003   0.1176279592E+002
    893000   0.3882371788E+003   0.1176282118E+002
    893100   0.3882371549E+003   0.1176284515E+002
    893200   0.3882371240E+003   0.1176287603E+002
    893300   0.3882371047E+003   0.1176289526E+002
    893400   0.3882369301E+003   0.1176306994E+002
    893500   0.3882368904E+003   0.1176310965E+002
    893600   0.3882368258E+003   0.1176317423E+002
    893700   0.3882366884E+003   0.1176331162E+002
    893800   0.3882364700E+003   0.1176352998E+002
    893900   0.3882362155E+003   0.1176378453E+002
    894000   0.3882360877E+003   0.1176391231E+002
    894100   0.3882358104E+003   0.1176418963E+002
    894200   0.3882355635E+003   0.1176443647E+002
    894300   0.3882353476E+003   0.1176465244E+002
    894400   0.3882350481E+003   0.1176495188E+002
    894500   0.3882347201E+003   0.1176527991E+002
    894600   0.3882343757E+003   0.1176562434E+002
    894700   0.3882339296E+003   0.1176607037E+002
    894800   0.3882336010E+003   0.1176639902E+002
    894900   0.3882331437E+003   0.1176685626E+002
    895000   0.3882326493E+003   0.1176735073E+002
    895100   0.3882321462E+003   0.1176785379E+002
    895200   0.3882314327E+003   0.1176856727E+002
    895300   0.3882306308E+003   0.1176936919E+002
    895400   0.3882300102E+003   0.1176998981E+002
    895500   0.3882294295E+003   0.1177057047E+002
    895600   0.3882288753E+003   0.1177112468E+002
    895700   0.3882283642E+003   0.1177163575E+002
    895800   0.3882278739E+003   0.1177212611E+002
    895900   0.3882271795E+003   0.1177282048E+002
    896000   0.3882268206E+003   0.1177317940E+002
    896100   0.3882261238E+003   0.1177387617E+002
    896200   0.3882249310E+003   0.1177506902E+002
    896300   0.3882241206E+003   0.1177587938E+002
    896400   0.3882235611E+003   0.1177643889E+002
    896500   0.3882229057E+003   0.1177709426E+002
    896600   0.3882225037E+003   0.1177749626E+002
    896700   0.3882219854E+003   0.1177801456E+002
    896800   0.3882214826E+003   0.1177851743E+002
    896900   0.3882208417E+003   0.1177915833E+002
    897000   0.3882203827E+003   0.1177961733E+002
    897100   0.3882199649E+003   0.1178003514E+002
    897200   0.3882195075E+003   0.1178049248E+002
    897300   0.3882188805E+003   0.1178111953E+002
    897400   0.3882185472E+003   0.1178145283E+002
    897500   0.3882181817E+003   0.1178181827E+002
    897600   0.3882179602E+003   0.1178203982E+002
    897700   0.3882174451E+003   0.1178255485E+002
    897800   0.3882170760E+003   0.1178292397E+002
    897900   0.3882167290E+003   0.1178327102E+002
    898000   0.3882163901E+003   0.1178360993E+002
    898100   0.3882161261E+003   0.1178387391E+002
    898200   0.3882158121E+003   0.1178418788E+002
    898300   0.3882154827E+003   0.1178451734E+002
    898400   0.3882148905E+003   0.1178510945E+002
    898500   0.3882145250E+003   0.1178547496E+002
    898600   0.3882138741E+003   0.1178612593E+002
    898700   0.3882133570E+003   0.1178664302E+002
    898800   0.3882128070E+003   0.1178719302E+002
    898900   0.3882125278E+003   0.1178747220E+002
    899000   0.3882122552E+003   0.1178774476E+002
    899100   0.3882119200E+003   0.1178808003E+002
    899200   0.3882115579E+003   0.1178844210E+002
    899300   0.3882111598E+003   0.1178884022E+002
    899400   0.3882104673E+003   0.1178953271E+002
    899500   0.3882099960E+003   0.1179000395E+002
    899600   0.3882094847E+003   0.1179051535E+002
    899700   0.3882090786E+003   0.1179092140E+002
    899800   0.3882088546E+003   0.1179114538E+002
    899900   0.3882086187E+003   0.1179138127E+002
    900000   0.3882084939E+003   0.1179150612E+002
    900100   0.3882084810E+003   0.1179151900E+002
    900200   0.3882084665E+003   0.1179153350E+002
    900300   0.3882083383E+003   0.1179166171E+002
    900400   0.3882080643E+003   0.1179193574E+002
    900500   0.3882077665E+003   0.1179223347E+002
    900600   0.3882074787E+003   0.1179252127E+002
    900700   0.3882071797E+003   0.1179282033E+002
    900800   0.3882068012E+003   0.1179319879E+002
    900900   0.3882064916E+003   0.1179350840E+002
    901000   0.3882061133E+003   0.1179388666E+002
    901100   0.3882056009E+003   0.1179439907E+002
    901200   0.3882049676E+003   0.1179503238E+002
    901300   0.3882042253E+003   0.1179577475E+002
    901400   0.3882037453E+003   0.1179625471E+002
    901500   0.3882029321E+003   0.1179706787E+002
    901600   0.3882023829E+003   0.1179761710E+002
    901700   0.3882019468E+003   0.1179805324E+002
    901800   0.3882013485E+003   0.1179865150E+002
    901900   0.3882005916E+003   0.1179940839E+002
    902000   0.3881998354E+003   0.1180016461E+002
    902100   0.3881993137E+003   0.1180068632E+002
    902200   0.3881987164E+003   0.1180128357E+002
    902300   0.3881981190E+003   0.1180188100E+002
    902400   0.3881973741E+003   0.1180262590E+002
    902500   0.3881965108E+003   0.1180348921E+002
    902600   0.3881959038E+003   0.1180409620E+002
    902700   0.3881954562E+003   0.1180454383E+002
    902800   0.3881951118E+003   0.1180488821E+002
    902900   0.3881945128E+003   0.1180548724E+002
    903000   0.3881938358E+003   0.1180616422E+002
    903100   0.3881933894E+003   0.1180661062E+002
    903200   0.3881928917E+003   0.1180710833E+002
    903300   0.3881923977E+003   0.1180760231E+002
    903400   0.3881920065E+003   0.1180799347E+002
    903500   0.3881917386E+003   0.1180826138E+002
    903600   0.3881914413E+003   0.1180855873E+002
    903700   0.3881910776E+003   0.1180892236E+002
    903800   0.3881907263E+003   0.1180927373E+002
    903900   0.3881902797E+003   0.1180972025E+002
    904000   0.3881898922E+003   0.1181010783E+002
    904100   0.3881895244E+003   0.1181047557E+002
    904200   0.3881892726E+003   0.1181072740E+002
    904300   0.3881889780E+003   0.1181102201E+002
    904400   0.3881886427E+003   0.1181135735E+002
    904500   0.3881883416E+003   0.1181165842E+002
    904600   0.3881880405E+003   0.1181195946E+002
    904700   0.3881876490E+003   0.1181235099E+002
    904800   0.3881874565E+003   0.1181254347E+002
    904900   0.3881871968E+003   0.1181280318E+002
    905000   0.3881869720E+003   0.1181302800E+002
    905100   0.3881867717E+003   0.1181322830E+002
    905200   0.3881864283E+003   0.1181357171E+002
    905300   0.3881863063E+003   0.1181369367E+002
    905400   0.3881861874E+003   0.1181381259E+002
    905500   0.3881860456E+003   0.1181395445E+002
    905600   0.3881858078E+003   0.1181419223E+002
    905700   0.3881854947E+003   0.1181450531E+002
    905800   0.3881850663E+003   0.1181493369E+002
    905900   0.3881845698E+003   0.1181543019E+002
    906000   0.3881843297E+003   0.1181567030E+002
    906100   0.3881841107E+003   0.1181588934E+002
    906200   0.3881838501E+003   0.1181614994E+002
    906300   0.3881836001E+003   0.1181639993E+002
    906400   0.3881834865E+003   0.1181651347E+002
    906500   0.3881833518E+003   0.1181664819E+002
    906600   0.3881831290E+003   0.1181687103E+002
    906700   0.3881829242E+003   0.1181707575E+002
    906800   0.3881827617E+003   0.1181723831E+002
    906900   0.3881824900E+003   0.1181750998E+002
    907000   0.3881823508E+003   0.1181764925E+002
    907100   0.3881820549E+003   0.1181794508E+002
    907200   0.3881816730E+003   0.1181832702E+002
    907300   0.3881812440E+003   0.1181875605E+002
    907400   0.3881809381E+003   0.1181906193E+002
    907500   0.3881804701E+003   0.1181952993E+002
    907600   0.3881801744E+003   0.1181982564E+002
    907700   0.3881800161E+003   0.1181998390E+002
    907800   0.3881797984E+003   0.1182020156E+002
    907900   0.3881795945E+003   0.1182040545E+002
    908000   0.3881792529E+003   0.1182074712E+002
    908100   0.3881790189E+003   0.1182098108E+002
    908200   0.3881789609E+003   0.1182103912E+002
    908300   0.3881789432E+003   0.1182105676E+002
    908400   0.3881788732E+003   0.1182112678E+002
    908500   0.3881786906E+003   0.1182130941E+002
    908600   0.3881784048E+003   0.1182159520E+002
    908700   0.3881780928E+003   0.1182190719E+002
    908800   0.3881778405E+003   0.1182215950E+002
    908900   0.3881774759E+003   0.1182252413E+002
    909000   0.3881772105E+003   0.1182278954E+002
    909100   0.3881769479E+003   0.1182305214E+002
    909200   0.3881767454E+003   0.1182325464E+002
    909300   0.3881766301E+003   0.1182336987E+002
    909400   0.3881765508E+003   0.1182344918E+002
    909500   0.3881764767E+003   0.1182352328E+002
    909600   0.3881764928E+003   0.1182350725E+002
    909700   0.3881766065E+003   0.1182339347E+002
    909800   0.3881766799E+003   0.1182332014E+002
    909900   0.3881768542E+003   0.1182314582E+002
    910000   0.3881769745E+003   0.1182302552E+002
    910100   0.3881770701E+003   0.1182292987E+002
    910200   0.3881772063E+003   0.1182279366E+002
    910300   0.3881772871E+003   0.1182271288E+002
    910400   0.3881775035E+003   0.1182249651E+002
    910500   0.3881778658E+003   0.1182213422E+002
    910600   0.3881779915E+003   0.1182200851E+002
    910700   0.3881781070E+003   0.1182189296E+002
    910800   0.3881782177E+003   0.1182178232E+002
    910900   0.3881782547E+003   0.1182174531E+002
    911000   0.3881782425E+003   0.1182175748E+002
    911100   0.3881782296E+003   0.1182177039E+002
    911200   0.3881782175E+003   0.1182178248E+002
    911300   0.3881782060E+003   0.1182179400E+002
    911400   0.3881781230E+003   0.1182187704E+002
    911500   0.3881779159E+003   0.1182208413E+002
    911600   0.3881776349E+003   0.1182236512E+002
    911700   0.3881773811E+003   0.1182261886E+002
    911800   0.3881772373E+003   0.1182276273E+002
    911900   0.3881770386E+003   0.1182296135E+002
    912000   0.3881768307E+003   0.1182316931E+002
    912100   0.3881766412E+003   0.1182335885E+002
    912200   0.3881763013E+003   0.1182369868E+002
    912300   0.3881760492E+003   0.1182395076E+002
    912400   0.3881758207E+003   0.1182417928E+002
    912500   0.3881756352E+003   0.1182436476E+002
    912600   0.3881756091E+003   0.1182439092E+002
    912700   0.3881757365E+003   0.1182426353E+002
    912800   0.3881758394E+003   0.1182416058E+002
    912900   0.3881759209E+003   0.1182407912E+002
    913000   0.3881760174E+003   0.1182398261E+002
    913100   0.3881762351E+003   0.1182376493E+002
    913200   0.3881763377E+003   0.1182366231E+002
    913300   0.3881763207E+003   0.1182367932E+002
    913400   0.3881763034E+003   0.1182369664E+002
    913500   0.3881762830E+003   0.1182371699E+002
    913600   0.3881762696E+003   0.1182373044E+002
    913700   0.3881761123E+003   0.1182388770E+002
    913800   0.3881759772E+003   0.1182402283E+002
    913900   0.3881758519E+003   0.1182414813E+002
    914000   0.3881756192E+003   0.1182438081E+002
    914100   0.3881753861E+003   0.1182461390E+002
    914200   0.3881751226E+003   0.1182487744E+002
    914300   0.3881748997E+003   0.1182510033E+002
    914400   0.3881746343E+003   0.1182536568E+002
    914500   0.3881743430E+003   0.1182565697E+002
    914600   0.3881741436E+003   0.1182585640E+002
    914700   0.3881740008E+003   0.1182599924E+002
    914800   0.3881737300E+003   0.1182626996E+002
    914900   0.3881735036E+003   0.1182649641E+002
    915000   0.3881733072E+003   0.1182669281E+002
    915100   0.3881731010E+003   0.1182689899E+002
    915200   0.3881729634E+003   0.1182703662E+002
    915300   0.3881728339E+003   0.1182716612E+002
    915400   0.3881726964E+003   0.1182730358E+002
    915500   0.3881725966E+003   0.1182740339E+002
    915600   0.3881724401E+003   0.1182755994E+002
    915700   0.3881722885E+003   0.1182771148E+002
    915800   0.3881720182E+003   0.1182798176E+002
    915900   0.3881717936E+003   0.1182820636E+002
    916000   0.3881716860E+003   0.1182831396E+002
    916100   0.3881716040E+003   0.1182839596E+002
    916200   0.3881715212E+003   0.1182847876E+002
    916300   0.3881713728E+003   0.1182862720E+002
    916400   0.3881712555E+003   0.1182874447E+002
    916500   0.3881713601E+003   0.1182863993E+002
    916600   0.3881714581E+003   0.1182854187E+002
    916700   0.3881715726E+003   0.1182842744E+002
    916800   0.3881716190E+003   0.1182838097E+002
    916900   0.3881714882E+003   0.1182851176E+002
    917000   0.3881712971E+003   0.1182870286E+002
    917100   0.3881711525E+003   0.1182884745E+002
    917200   0.3881711416E+003   0.1182885842E+002
    917300   0.3881711194E+003   0.1182888061E+002
    917400   0.3881709873E+003   0.1182901266E+002
    917500   0.3881708524E+003   0.1182914756E+002
    917600   0.3881706894E+003   0.1182931056E+002
    917700   0.3881705730E+003   0.1182942705E+002
    917800   0.3881703417E+003   0.1182965832E+002
    917900   0.3881701029E+003   0.1182989708E+002
    918000   0.3881696823E+003   0.1183031769E+002
    918100   0.3881692764E+003   0.1183072364E+002
    918200   0.3881689672E+003   0.1183103277E+002
    918300   0.3881687431E+003   0.1183125692E+002
    918400   0.3881683062E+003   0.1183169379E+002
    918500   0.3881681289E+003   0.1183187106E+002
    918600   0.3881677986E+003   0.1183220138E+002
    918700   0.3881674642E+003   0.1183253579E+002
    918800   0.3881671509E+003   0.1183284909E+002
    918900   0.3881666294E+003   0.1183337057E+002
    919000   0.3881662732E+003   0.1183372681E+002
    919100   0.3881659240E+003   0.1183407597E+002
    919200   0.3881656828E+003   0.1183431723E+002
    919300   0.3881653205E+003   0.1183467948E+002
    919400   0.3881648972E+003   0.1183510280E+002
    919500   0.3881645014E+003   0.1183549857E+002
    919600   0.3881639472E+003   0.1183605278E+002
    919700   0.3881635255E+003   0.1183647454E+002
    919800   0.3881631251E+003   0.1183687486E+002
    919900   0.3881628489E+003   0.1183715112E+002
    920000   0.3881627153E+003   0.1183728467E+002
    920100   0.3881627049E+003   0.1183729508E+002
    920200   0.3881625819E+003   0.1183741806E+002
    920300   0.3881624551E+003   0.1183754486E+002
    920400   0.3881623658E+003   0.1183763420E+002
    920500   0.3881622027E+003   0.1183779732E+002
    920600   0.3881619458E+003   0.1183805421E+002
    920700   0.3881617203E+003   0.1183827975E+002
    920800   0.3881613514E+003   0.1183864863E+002
    920900   0.3881611797E+003   0.1183882031E+002
    921000   0.3881609258E+003   0.1183907425E+002
    921100   0.3881607077E+003   0.1183929231E+002
    921200   0.3881605125E+003   0.1183948751E+002
    921300   0.3881603188E+003   0.1183968119E+002
    921400   0.3881601331E+003   0.1183986693E+002
    921500   0.3881599548E+003   0.1184004521E+002
    921600   0.3881596486E+003   0.1184035140E+002
    921700   0.3881593205E+003   0.1184067954E+002
    921800   0.3881589810E+003   0.1184101896E+002
    921900   0.3881586250E+003   0.1184137499E+002
    922000   0.3881584467E+003   0.1184155331E+002
    922100   0.3881582964E+003   0.1184170356E+002
    922200   0.3881581455E+003   0.1184185454E+002
    922300   0.3881579596E+003   0.1184204039E+002
    922400   0.3881577023E+003   0.1184229773E+002
    922500   0.3881574446E+003   0.1184255536E+002
    922600   0.3881570014E+003   0.1184299857E+002
    922700   0.3881566498E+003   0.1184335023E+002
    922800   0.3881562894E+003   0.1184371057E+002
    922900   0.3881558786E+003   0.1184412137E+002
    923000   0.3881555489E+003   0.1184445106E+002
    923100   0.3881553427E+003   0.1184465728E+002
    923200   0.3881550722E+003   0.1184492783E+002
    923300   0.3881546627E+003   0.1184533733E+002
    923400   0.3881542544E+003   0.1184574557E+002
    923500   0.3881537905E+003   0.1184620955E+002
    923600   0.3881534827E+003   0.1184651729E+002
    923700   0.3881532108E+003   0.1184678923E+002
    923800   0.3881529107E+003   0.1184708926E+002
    923900   0.3881524605E+003   0.1184753949E+002
    924000   0.3881520808E+003   0.1184791924E+002
    924100   0.3881518227E+003   0.1184817726E+002
    924200   0.3881513682E+003   0.1184863183E+002
    924300   0.3881509278E+003   0.1184907219E+002
    924400   0.3881504844E+003   0.1184951565E+002
    924500   0.3881501729E+003   0.1184982706E+002
    924600   0.3881495713E+003   0.1185042874E+002
    924700   0.3881490749E+003   0.1185092507E+002
    924800   0.3881485269E+003   0.1185147311E+002
    924900   0.3881480461E+003   0.1185195388E+002
    925000   0.3881474969E+003   0.1185250307E+002
    925100   0.3881471285E+003   0.1185287149E+002
    925200   0.3881465411E+003   0.1185345891E+002
    925300   0.3881461728E+003   0.1185382717E+002
    925400   0.3881456202E+003   0.1185437976E+002
    925500   0.3881452307E+003   0.1185476932E+002
    925600   0.3881450090E+003   0.1185499096E+002
    925700   0.3881445149E+003   0.1185548507E+002
    925800   0.3881441895E+003   0.1185581053E+002
    925900   0.3881436839E+003   0.1185631609E+002
    926000   0.3881431637E+003   0.1185683634E+002
    926100   0.3881426688E+003   0.1185733119E+002
    926200   0.3881420284E+003   0.1185797157E+002
    926300   0.3881415389E+003   0.1185846109E+002
    926400   0.3881411397E+003   0.1185886027E+002
    926500   0.3881407768E+003   0.1185922316E+002
    926600   0.3881404252E+003   0.1185957476E+002
    926700   0.3881401036E+003   0.1185989645E+002
    926800   0.3881397925E+003   0.1186020750E+002
    926900   0.3881394987E+003   0.1186050133E+002
    927000   0.3881391347E+003   0.1186086532E+002
    927100   0.3881389627E+003   0.1186103728E+002
    927200   0.3881387398E+003   0.1186126023E+002
    927300   0.3881386294E+003   0.1186137063E+002
    927400   0.3881385588E+003   0.1186144122E+002
    927500   0.3881385517E+003   0.1186144825E+002
    927600   0.3881386212E+003   0.1186137878E+002
    927700   0.3881387344E+003   0.1186126559E+002
    927800   0.3881388650E+003   0.1186113499E+002
    927900   0.3881389972E+003   0.1186100279E+002
    928000   0.3881390691E+003   0.1186093088E+002
    928100   0.3881391704E+003   0.1186082960E+002
    928200   0.3881393244E+003   0.1186067559E+002
    928300   0.3881393997E+003   0.1186060030E+002
    928400   0.3881396838E+003   0.1186031621E+002
    928500   0.3881398874E+003   0.1186011257E+002
    928600   0.3881399586E+003   0.1186004139E+002
    928700   0.3881399932E+003   0.1186000683E+002
    928800   0.3881402298E+003   0.1185977023E+002
    928900   0.3881405653E+003   0.1185943473E+002
    929000   0.3881408940E+003   0.1185910596E+002
    929100   0.3881412719E+003   0.1185872813E+002
    929200   0.3881414924E+003   0.1185850757E+002
    929300   0.3881417535E+003   0.1185824655E+002
    929400   0.3881420583E+003   0.1185794172E+002
    929500   0.3881423053E+003   0.1185769470E+002
    929600   0.3881426252E+003   0.1185737480E+002
    929700   0.3881430733E+003   0.1185692666E+002
    929800   0.3881434456E+003   0.1185655438E+002
    929900   0.3881435333E+003   0.1185646675E+002
    930000   0.3881435545E+003   0.1185644548E+002
    930100   0.3881438527E+003   0.1185614735E+002
    930200   0.3881441988E+003   0.1185580123E+002
    930300   0.3881444992E+003   0.1185550080E+002
    930400   0.3881446669E+003   0.1185533315E+002
    930500   0.3881447877E+003   0.1185521229E+002
    930600   0.3881447816E+003   0.1185521843E+002
    930700   0.3881447423E+003   0.1185525768E+002
    930800   0.3881446461E+003   0.1185535386E+002
    930900   0.3881446377E+003   0.1185536234E+002
    931000   0.3881446921E+003   0.1185530788E+002
    931100   0.3881449423E+003   0.1185505772E+002
    931200   0.3881453095E+003   0.1185469046E+002
    931300   0.3881457074E+003   0.1185429260E+002
    931400   0.3881462223E+003   0.1185377769E+002
    931500   0.3881464572E+003   0.1185354278E+002
    931600   0.3881467284E+003   0.1185327157E+002
    931700   0.3881469433E+003   0.1185305672E+002
    931800   0.3881469718E+003   0.1185302821E+002
    931900   0.3881468829E+003   0.1185311707E+002
    932000   0.3881467700E+003   0.1185323000E+002
    932100   0.3881465959E+003   0.1185340410E+002
    932200   0.3881465116E+003   0.1185348837E+002
    932300   0.3881465042E+003   0.1185349579E+002
    932400   0.3881464942E+003   0.1185350580E+002
    932500   0.3881464809E+003   0.1185351911E+002
    932600   0.3881464716E+003   0.1185352845E+002
    932700   0.3881463336E+003   0.1185366642E+002
    932800   0.3881461062E+003   0.1185389382E+002
    932900   0.3881458554E+003   0.1185414460E+002
    933000   0.3881454868E+003   0.1185451322E+002
    933100   0.3881453782E+003   0.1185462178E+002
    933200   0.3881453515E+003   0.1185464854E+002
    933300   0.3881453396E+003   0.1185466036E+002
    933400   0.3881453259E+003   0.1185467411E+002
    933500   0.3881453222E+003   0.1185467782E+002
    933600   0.3881453024E+003   0.1185469759E+002
    933700   0.3881452089E+003   0.1185479106E+002
    933800   0.3881450846E+003   0.1185491537E+002
    933900   0.3881449617E+003   0.1185503834E+002
    934000   0.3881448775E+003   0.1185512247E+002
    934100   0.3881447835E+003   0.1185521647E+002
    934200   0.3881445863E+003   0.1185541372E+002
    934300   0.3881441701E+003   0.1185582988E+002
    934400   0.3881436175E+003   0.1185638246E+002
    934500   0.3881431017E+003   0.1185689830E+002
    934600   0.3881426334E+003   0.1185736662E+002
    934700   0.3881422184E+003   0.1185778156E+002
    934800   0.3881416504E+003   0.1185834962E+002
    934900   0.3881412045E+003   0.1185879554E+002
    935000   0.3881409549E+003   0.1185904514E+002
    935100   0.3881407525E+003   0.1185924754E+002
    935200   0.3881404593E+003   0.1185954073E+002
    935300   0.3881402056E+003   0.1185979444E+002
    935400   0.3881400733E+003   0.1185992668E+002
    935500   0.3881399526E+003   0.1186004738E+002
    935600   0.3881397944E+003   0.1186020560E+002
    935700   0.3881396744E+003   0.1186032564E+002
    935800   0.3881395446E+003   0.1186045539E+002
    935900   0.3881394433E+003   0.1186055670E+002
    936000   0.3881393791E+003   0.1186062085E+002
    936100   0.3881392125E+003   0.1186078752E+002
    936200   0.3881389492E+003   0.1186105080E+002
    936300   0.3881385256E+003   0.1186147442E+002
    936400   0.3881380086E+003   0.1186199139E+002
    936500   0.3881373568E+003   0.1186264317E+002
    936600   0.3881368698E+003   0.1186313022E+002
    936700   0.3881363294E+003   0.1186367059E+002
    936800   0.3881357395E+003   0.1186426052E+002
    936900   0.3881352824E+003   0.1186471759E+002
    937000   0.3881347865E+003   0.1186521353E+002
    937100   0.3881343951E+003   0.1186560491E+002
    937200   0.3881339416E+003   0.1186605844E+002
    937300   0.3881335976E+003   0.1186640238E+002
    937400   0.3881333886E+003   0.1186661139E+002
    937500   0.3881329713E+003   0.1186702870E+002
    937600   0.3881326054E+003   0.1186739464E+002
    937700   0.3881322265E+003   0.1186777353E+002
    937800   0.3881317711E+003   0.1186822886E+002
    937900   0.3881312431E+003   0.1186875687E+002
    938000   0.3881309937E+003   0.1186900628E+002
    938100   0.3881307959E+003   0.1186920407E+002
    938200   0.3881306225E+003   0.1186937749E+002
    938300   0.3881303384E+003   0.1186966158E+002
    938400   0.3881299935E+003   0.1187000651E+002
    938500   0.3881297893E+003   0.1187021068E+002
    938600   0.3881296623E+003   0.1187033770E+002
    938700   0.3881295704E+003   0.1187042961E+002
    938800   0.3881294386E+003   0.1187056143E+002
    938900   0.3881293084E+003   0.1187069158E+002
    939000   0.3881291652E+003   0.1187083479E+002
    939100   0.3881291260E+003   0.1187087395E+002
    939200   0.3881290028E+003   0.1187099725E+002
    939300   0.3881288185E+003   0.1187118149E+002
    939400   0.3881286423E+003   0.1187135770E+002
    939500   0.3881284617E+003   0.1187153829E+002
    939600   0.3881283472E+003   0.1187165283E+002
    939700   0.3881282698E+003   0.1187173022E+002
    939800   0.3881281653E+003   0.1187183468E+002
    939900   0.3881279562E+003   0.1187204376E+002
    940000   0.3881278373E+003   0.1187216274E+002
    940100   0.3881276928E+003   0.1187230715E+002
    940200   0.3881274108E+003   0.1187258921E+002
    940300   0.3881271956E+003   0.1187280444E+002
    940400   0.3881268555E+003   0.1187314447E+002
    940500   0.3881264134E+003   0.1187358659E+002
    940600   0.3881259779E+003   0.1187402208E+002
    940700   0.3881255285E+003   0.1187447148E+002
    940800   0.3881251702E+003   0.1187482981E+002
    940900   0.3881245956E+003   0.1187540443E+002
    941000   0.3881242024E+003   0.1187579765E+002
    941100   0.3881238195E+003   0.1187618055E+002
    941200   0.3881233826E+003   0.1187661736E+002
    941300   0.3881230050E+003   0.1187699503E+002
    941400   0.3881226363E+003   0.1187736369E+002
    941500   0.3881221676E+003   0.1187783245E+002
    941600   0.3881217429E+003   0.1187825707E+002
    941700   0.3881210773E+003   0.1187892274E+002
    941800   0.3881206763E+003   0.1187932367E+002
    941900   0.3881202884E+003   0.1187971155E+002
    942000   0.3881198660E+003   0.1188013397E+002
    942100   0.3881191574E+003   0.1188084261E+002
    942200   0.3881186777E+003   0.1188132234E+002
    942300   0.3881182009E+003   0.1188179907E+002
    942400   0.3881177244E+003   0.1188227556E+002
    942500   0.3881174930E+003   0.1188250702E+002
    942600   0.3881173548E+003   0.1188264522E+002
    942700   0.3881173704E+003   0.1188262964E+002
    942800   0.3881174752E+003   0.1188252483E+002
    942900   0.3881176337E+003   0.1188236635E+002
    943000   0.3881177525E+003   0.1188224750E+002
    943100   0.3881179078E+003   0.1188209219E+002
    943200   0.3881181818E+003   0.1188181818E+002
    943300   0.3881184567E+003   0.1188154333E+002
    943400   0.3881187928E+003   0.1188120719E+002
    943500   0.3881190302E+003   0.1188096976E+002
    943600   0.3881194224E+003   0.1188057762E+002
    943700   0.3881197402E+003   0.1188025978E+002
    943800   0.3881199820E+003   0.1188001802E+002
    943900   0.3881200368E+003   0.1187996316E+002
    944000   0.3881201552E+003   0.1187984484E+002
    944100   0.3881203970E+003   0.1187960297E+002
    944200   0.3881206387E+003   0.1187936131E+002
    944300   0.3881208409E+003   0.1187915907E+002
    944400   0.3881208330E+003   0.1187916705E+002
    944500   0.3881208559E+003   0.1187914408E+002
    944600   0.3881208726E+003   0.1187912745E+002
    944700   0.3881208663E+003   0.1187913373E+002
    944800   0.3881207375E+003   0.1187926250E+002
    944900   0.3881204675E+003   0.1187953246E+002
    945000   0.3881204557E+003   0.1187954425E+002
    945100   0.3881204484E+003   0.1187955160E+002
    945200   0.3881204359E+003   0.1187956413E+002
    945300   0.3881204309E+003   0.1187956908E+002
    945400   0.3881204220E+003   0.1187957804E+002
    945500   0.3881204226E+003   0.1187957741E+002
    945600   0.3881206242E+003   0.1187937583E+002
    945700   0.3881209515E+003   0.1187904854E+002
    945800   0.3881211175E+003   0.1187888253E+002
    945900   0.3881213691E+003   0.1187863086E+002
    946000   0.3881216072E+003   0.1187839275E+002
    946100   0.3881221201E+003   0.1187787989E+002
    946200   0.3881227372E+003   0.1187726279E+002
    946300   0.3881232443E+003   0.1187675567E+002
    946400   0.3881236598E+003   0.1187634017E+002
    946500   0.3881240450E+003   0.1187595501E+002
    946600   0.3881243700E+003   0.1187562996E+002
    946700   0.3881246894E+003   0.1187531062E+002
    946800   0.3881249777E+003   0.1187502227E+002
    946900   0.3881252969E+003   0.1187470309E+002
    947000   0.3881257306E+003   0.1187426943E+002
    947100   0.3881260936E+003   0.1187390641E+002
    947200   0.3881263363E+003   0.1187366372E+002
    947300   0.3881266784E+003   0.1187332155E+002
    947400   0.3881271724E+003   0.1187282763E+002
    947500   0.3881275722E+003   0.1187242781E+002
    947600   0.3881281023E+003   0.1187189771E+002
    947700   0.3881287176E+003   0.1187128242E+002
    947800   0.3881290273E+003   0.1187097269E+002
    947900   0.3881292512E+003   0.1187074883E+002
    948000   0.3881296576E+003   0.1187034240E+002
    948100   0.3881300936E+003   0.1186990643E+002
    948200   0.3881303460E+003   0.1186965401E+002
    948300   0.3881303377E+003   0.1186966231E+002
    948400   0.3881303270E+003   0.1186967302E+002
    948500   0.3881303819E+003   0.1186961811E+002
    948600   0.3881305504E+003   0.1186944962E+002
    948700   0.3881307327E+003   0.1186926728E+002
    948800   0.3881308564E+003   0.1186914363E+002
    948900   0.3881309947E+003   0.1186900527E+002
    949000   0.3881312324E+003   0.1186876763E+002
    949100   0.3881314576E+003   0.1186854240E+002
    949200   0.3881315181E+003   0.1186848190E+002
    949300   0.3881313638E+003   0.1186863617E+002
    949400   0.3881312395E+003   0.1186876055E+002
    949500   0.3881311188E+003   0.1186888118E+002
    949600   0.3881311741E+003   0.1186882586E+002
    949700   0.3881312840E+003   0.1186871602E+002
    949800   0.3881312936E+003   0.1186870638E+002
    949900   0.3881312833E+003   0.1186871673E+002
    950000   0.3881312732E+003   0.1186872680E+002
    950100   0.3881312614E+003   0.1186873855E+002
    950200   0.3881312523E+003   0.1186874770E+002
    950300   0.3881312446E+003   0.1186875543E+002
    950400   0.3881312373E+003   0.1186876273E+002
    950500   0.3881312298E+003   0.1186877015E+002
    950600   0.3881312169E+003   0.1186878307E+002
    950700   0.3881311249E+003   0.1186887507E+002
    950800   0.3881309934E+003   0.1186900663E+002
    950900   0.3881308605E+003   0.1186913952E+002
    951000   0.3881307308E+003   0.1186926924E+002
    951100   0.3881305956E+003   0.1186940444E+002
    951200   0.3881305066E+003   0.1186949344E+002
    951300   0.3881306300E+003   0.1186937005E+002
    951400   0.3881308939E+003   0.1186910608E+002
    951500   0.3881311011E+003   0.1186889890E+002
    951600   0.3881312717E+003   0.1186872827E+002
    951700   0.3881315250E+003   0.1186847500E+002
    951800   0.3881317305E+003   0.1186826946E+002
    951900   0.3881318563E+003   0.1186814373E+002
    952000   0.3881319035E+003   0.1186809654E+002
    952100   0.3881318936E+003   0.1186810644E+002
    952200   0.3881319345E+003   0.1186806547E+002
    952300   0.3881319635E+003   0.1186803653E+002
    952400   0.3881319972E+003   0.1186800275E+002
    952500   0.3881319320E+003   0.1186806796E+002
    952600   0.3881318557E+003   0.1186814429E+002
    952700   0.3881318744E+003   0.1186812562E+002
    952800   0.3881320371E+003   0.1186796286E+002
    952900   0.3881323449E+003   0.1186765507E+002
    953000   0.3881328107E+003   0.1186718926E+002
    953100   0.3881331628E+003   0.1186683721E+002
    953200   0.3881336689E+003   0.1186633110E+002
    953300   0.3881342172E+003   0.1186578279E+002
    953400   0.3881352106E+003   0.1186478944E+002
    953500   0.3881363387E+003   0.1186366126E+002
    953600   0.3881371826E+003   0.1186281742E+002
    953700   0.3881378903E+003   0.1186210968E+002
    953800   0.3881389417E+003   0.1186105829E+002
    953900   0.3881398250E+003   0.1186017497E+002
    954000   0.3881404880E+003   0.1185951201E+002
    954100   0.3881410882E+003   0.1185891184E+002
    954200   0.3881416653E+003   0.1185833466E+002
    954300   0.3881419657E+003   0.1185803425E+002
    954400   0.3881422325E+003   0.1185776753E+002
    954500   0.3881425013E+003   0.1185749874E+002
    954600   0.3881428354E+003   0.1185716462E+002
    954700   0.3881431198E+003   0.1185688023E+002
    954800   0.3881434833E+003   0.1185651670E+002
    954900   0.3881440669E+003   0.1185593311E+002
    955000   0.3881447247E+003   0.1185527529E+002
    955100   0.3881451688E+003   0.1185483120E+002
    955200   0.3881457565E+003   0.1185424352E+002
    955300   0.3881463389E+003   0.1185366105E+002
    955400   0.3881469327E+003   0.1185306726E+002
    955500   0.3881476523E+003   0.1185234768E+002
    955600   0.3881483397E+003   0.1185166035E+002
    955700   0.3881489097E+003   0.1185109030E+002
    955800   0.3881495203E+003   0.1185047965E+002
    955900   0.3881500160E+003   0.1184998402E+002
    956000   0.3881504394E+003   0.1184956062E+002
    956100   0.3881508452E+003   0.1184915476E+002
    956200   0.3881512854E+003   0.1184871461E+002
    956300   0.3881515455E+003   0.1184845446E+002
    956400   0.3881519092E+003   0.1184809083E+002
    956500   0.3881524215E+003   0.1184757854E+002
    956600   0.3881527183E+003   0.1184728172E+002
    956700   0.3881531878E+003   0.1184681223E+002
    956800   0.3881536660E+003   0.1184633403E+002
    956900   0.3881538691E+003   0.1184613086E+002
    957000   0.3881541399E+003   0.1184586013E+002
    957100   0.3881544879E+003   0.1184551210E+002
    957200   0.3881546653E+003   0.1184533467E+002
    957300   0.3881548896E+003   0.1184511035E+002
    957400   0.3881551963E+003   0.1184480366E+002
    957500   0.3881555940E+003   0.1184440596E+002
    957600   0.3881559122E+003   0.1184408777E+002
    957700   0.3881561356E+003   0.1184386439E+002
    957800   0.3881564269E+003   0.1184357313E+002
    957900   0.3881566095E+003   0.1184339055E+002
    958000   0.3881566896E+003   0.1184331041E+002
    958100   0.3881567170E+003   0.1184328299E+002
    958200   0.3881567033E+003   0.1184329672E+002
    958300   0.3881565461E+003   0.1184345389E+002
    958400   0.3881564640E+003   0.1184353598E+002
    958500   0.3881563299E+003   0.1184367011E+002
    958600   0.3881562470E+003   0.1184375305E+002
    958700   0.3881559671E+003   0.1184403288E+002
    958800   0.3881556876E+003   0.1184431243E+002
    958900   0.3881553615E+003   0.1184463851E+002
    959000   0.3881551085E+003   0.1184489147E+002
    959100   0.3881547993E+003   0.1184520069E+002
    959200   0.3881545036E+003   0.1184549640E+002
    959300   0.3881544216E+003   0.1184557842E+002
    959400   0.3881545069E+003   0.1184549308E+002
    959500   0.3881548020E+003   0.1184519801E+002
    959600   0.3881550581E+003   0.1184494191E+002
    959700   0.3881553578E+003   0.1184464224E+002
    959800   0.3881556858E+003   0.1184431417E+002
    959900   0.3881559432E+003   0.1184405678E+002
    960000   0.3881560692E+003   0.1184393078E+002
    960100   0.3881561628E+003   0.1184383719E+002
    960200   0.3881563465E+003   0.1184365354E+002
    960300   0.3881565487E+003   0.1184345132E+002
    960400   0.3881566407E+003   0.1184335931E+002
    960500   0.3881569634E+003   0.1184303661E+002
    960600   0.3881569352E+003   0.1184306480E+002
    960700   0.3881567526E+003   0.1184324739E+002
    960800   0.3881564171E+003   0.1184358289E+002
    960900   0.3881560724E+003   0.1184392759E+002
    961000   0.3881558078E+003   0.1184419219E+002
    961100   0.3881554078E+003   0.1184459225E+002
    961200   0.3881549581E+003   0.1184504190E+002
    961300   0.3881545250E+003   0.1184547503E+002
    961400   0.3881541950E+003   0.1184580502E+002
    961500   0.3881536644E+003   0.1184633558E+002
    961600   0.3881532569E+003   0.1184674312E+002
    961700   0.3881527474E+003   0.1184725255E+002
    961800   0.3881524043E+003   0.1184759566E+002
    961900   0.3881520648E+003   0.1184793524E+002
    962000   0.3881517568E+003   0.1184824322E+002
    962100   0.3881515425E+003   0.1184845745E+002
    962200   0.3881513429E+003   0.1184865711E+002
    962300   0.3881511216E+003   0.1184887837E+002
    962400   0.3881509741E+003   0.1184902591E+002
    962500   0.3881506746E+003   0.1184932543E+002
    962600   0.3881503070E+003   0.1184969302E+002
    962700   0.3881499048E+003   0.1185009521E+002
    962800   0.3881495542E+003   0.1185044577E+002
    962900   0.3881491718E+003   0.1185082820E+002
    963000   0.3881488636E+003   0.1185113639E+002
    963100   0.3881485181E+003   0.1185148194E+002
    963200   0.3881480891E+003   0.1185191088E+002
    963300   0.3881475711E+003   0.1185242892E+002
    963400   0.3881471232E+003   0.1185287678E+002
    963500   0.3881467212E+003   0.1185327877E+002
    963600   0.3881464015E+003   0.1185359850E+002
    963700   0.3881459445E+003   0.1185405547E+002
    963800   0.3881454490E+003   0.1185455098E+002
    963900   0.3881450151E+003   0.1185498493E+002
    964000   0.3881444435E+003   0.1185555654E+002
    964100   0.3881438279E+003   0.1185617211E+002
    964200   0.3881432587E+003   0.1185674126E+002
    964300   0.3881427974E+003   0.1185720260E+002
    964400   0.3881423255E+003   0.1185767451E+002
    964500   0.3881415348E+003   0.1185846522E+002
    964600   0.3881408443E+003   0.1185915569E+002
    964700   0.3881400159E+003   0.1185998410E+002
    964800   0.3881389752E+003   0.1186102485E+002
    964900   0.3881382961E+003   0.1186170393E+002
    965000   0.3881373897E+003   0.1186261031E+002
    965100   0.3881366717E+003   0.1186332833E+002
    965200   0.3881360789E+003   0.1186392109E+002
    965300   0.3881353360E+003   0.1186466404E+002
    965400   0.3881347697E+003   0.1186523031E+002
    965500   0.3881342445E+003   0.1186575551E+002
    965600   0.3881336465E+003   0.1186635349E+002
    965700   0.3881331567E+003   0.1186684332E+002
    965800   0.3881323237E+003   0.1186767633E+002
    965900   0.3881318195E+003   0.1186818045E+002
    966000   0.3881310727E+003   0.1186892729E+002
    966100   0.3881302984E+003   0.1186970156E+002
    966200   0.3881293332E+003   0.1187066680E+002
    966300   0.3881287132E+003   0.1187128679E+002
    966400   0.3881278644E+003   0.1187213563E+002
    966500   0.3881270051E+003   0.1187299485E+002
    966600   0.3881258783E+003   0.1187412174E+002
    966700   0.3881247824E+003   0.1187521762E+002
    966800   0.3881239932E+003   0.1187600675E+002
    966900   0.3881233679E+003   0.1187663207E+002
    967000   0.3881227833E+003   0.1187721673E+002
    967100   0.3881220833E+003   0.1187791668E+002
    967200   0.3881209760E+003   0.1187902404E+002
    967300   0.3881203766E+003   0.1187962339E+002
    967400   0.3881194772E+003   0.1188052282E+002
    967500   0.3881189537E+003   0.1188104634E+002
    967600   0.3881183089E+003   0.1188169110E+002
    967700   0.3881180489E+003   0.1188195109E+002
    967800   0.3881174856E+003   0.1188251439E+002
    967900   0.3881167890E+003   0.1188321097E+002
    968000   0.3881163633E+003   0.1188363672E+002
    968100   0.3881157927E+003   0.1188420729E+002
    968200   0.3881152610E+003   0.1188473900E+002
    968300   0.3881146723E+003   0.1188532775E+002
    968400   0.3881142519E+003   0.1188574813E+002
    968500   0.3881137502E+003   0.1188624976E+002
    968600   0.3881132096E+003   0.1188679041E+002
    968700   0.3881127173E+003   0.1188728273E+002
    968800   0.3881122975E+003   0.1188770246E+002
    968900   0.3881116340E+003   0.1188836596E+002
    969000   0.3881110981E+003   0.1188890194E+002
    969100   0.3881106747E+003   0.1188932534E+002
    969200   0.3881101236E+003   0.1188987642E+002
    969300   0.3881096782E+003   0.1189032176E+002
    969400   0.3881093951E+003   0.1189060491E+002
    969500   0.3881089368E+003   0.1189106315E+002
    969600   0.3881087766E+003   0.1189122335E+002
    969700   0.3881086190E+003   0.1189138103E+002
    969800   0.3881086339E+003   0.1189136605E+002
    969900   0.3881087456E+003   0.1189125439E+002
    970000   0.3881087472E+003   0.1189125277E+002
    970100   0.3881087980E+003   0.1189120196E+002
    970200   0.3881088865E+003   0.1189111347E+002
    970300   0.3881088909E+003   0.1189110909E+002
    970400   0.3881088796E+003   0.1189112043E+002
    970500   0.3881085510E+003   0.1189144898E+002
    970600   0.3881083801E+003   0.1189161986E+002
    970700   0.3881083803E+003   0.1189161968E+002
    970800   0.3881084723E+003   0.1189152772E+002
    970900   0.3881085862E+003   0.1189141380E+002
    971000   0.3881086561E+003   0.1189134395E+002
    971100   0.3881086666E+003   0.1189133343E+002
    971200   0.3881087791E+003   0.1189122087E+002
    971300   0.3881089262E+003   0.1189107376E+002
    971400   0.3881092341E+003   0.1189076589E+002
    971500   0.3881094890E+003   0.1189051100E+002
    971600   0.3881100214E+003   0.1188997865E+002
    971700   0.3881104873E+003   0.1188951270E+002
    971800   0.3881109758E+003   0.1188902417E+002
    971900   0.3881113487E+003   0.1188865128E+002
    972000   0.3881116884E+003   0.1188831163E+002
    972100   0.3881119775E+003   0.1188802253E+002
    972200   0.3881121742E+003   0.1188782578E+002
    972300   0.3881125413E+003   0.1188745875E+002
    972400   0.3881128894E+003   0.1188711056E+002
    972500   0.3881130897E+003   0.1188691026E+002
    972600   0.3881134602E+003   0.1188653982E+002
    972700   0.3881140178E+003   0.1188598221E+002
    972800   0.3881147735E+003   0.1188522650E+002
    972900   0.3881152681E+003   0.1188473188E+002
    973000   0.3881156814E+003   0.1188431855E+002
    973100   0.3881161854E+003   0.1188381458E+002
    973200   0.3881165186E+003   0.1188348143E+002
    973300   0.3881167246E+003   0.1188327541E+002
    973400   0.3881168203E+003   0.1188317971E+002
    973500   0.3881168453E+003   0.1188315474E+002
    973600   0.3881168704E+003   0.1188312963E+002
    973700   0.3881167744E+003   0.1188322560E+002
    973800   0.3881166521E+003   0.1188334790E+002
    973900   0.3881165544E+003   0.1188344558E+002
    974000   0.3881164087E+003   0.1188359134E+002
    974100   0.3881162586E+003   0.1188374141E+002
    974200   0.3881160777E+003   0.1188392225E+002
    974300   0.3881156931E+003   0.1188430689E+002
    974400   0.3881153497E+003   0.1188465026E+002
    974500   0.3881149610E+003   0.1188503897E+002
    974600   0.3881146941E+003   0.1188530589E+002
    974700   0.3881146751E+003   0.1188532487E+002
    974800   0.3881147677E+003   0.1188523227E+002
    974900   0.3881148410E+003   0.1188515905E+002
    975000   0.3881150785E+003   0.1188492149E+002
    975100   0.3881151919E+003   0.1188480815E+002
    975200   0.3881153596E+003   0.1188464036E+002
    975300   0.3881156092E+003   0.1188439078E+002
    975400   0.3881159895E+003   0.1188401051E+002
    975500   0.3881164517E+003   0.1188354830E+002
    975600   0.3881167010E+003   0.1188329902E+002
    975700   0.3881171766E+003   0.1188282336E+002
    975800   0.3881175019E+003   0.1188249811E+002
    975900   0.3881180884E+003   0.1188191159E+002
    976000   0.3881186965E+003   0.1188130348E+002
    976100   0.3881195156E+003   0.1188048443E+002
    976200   0.3881202497E+003   0.1187975027E+002
    976300   0.3881208106E+003   0.1187918941E+002
    976400   0.3881212487E+003   0.1187875126E+002
    976500   0.3881216746E+003   0.1187832538E+002
    976600   0.3881219731E+003   0.1187802695E+002
    976700   0.3881220800E+003   0.1187791999E+002
    976800   0.3881222092E+003   0.1187779083E+002
    976900   0.3881222980E+003   0.1187770203E+002
    977000   0.3881224912E+003   0.1187750877E+002
    977100   0.3881226049E+003   0.1187739514E+002
    977200   0.3881227738E+003   0.1187722619E+002
    977300   0.3881228798E+003   0.1187712015E+002
    977400   0.3881227545E+003   0.1187724547E+002
    977500   0.3881226169E+003   0.1187738309E+002
    977600   0.3881225173E+003   0.1187748269E+002
    977700   0.3881223760E+003   0.1187762399E+002
    977800   0.3881223057E+003   0.1187769432E+002
    977900   0.3881220985E+003   0.1187790149E+002
    978000   0.3881218156E+003   0.1187818440E+002
    978100   0.3881215113E+003   0.1187848875E+002
    978200   0.3881210218E+003   0.1187897821E+002
    978300   0.3881208558E+003   0.1187914419E+002
    978400   0.3881204818E+003   0.1187951820E+002
    978500   0.3881201103E+003   0.1187988971E+002
    978600   0.3881198920E+003   0.1188010805E+002
    978700   0.3881196717E+003   0.1188032834E+002
    978800   0.3881194474E+003   0.1188055258E+002
    978900   0.3881190782E+003   0.1188092178E+002
    979000   0.3881187561E+003   0.1188124392E+002
    979100   0.3881184397E+003   0.1188156026E+002
    979200   0.3881181690E+003   0.1188183102E+002
    979300   0.3881179533E+003   0.1188204672E+002
    979400   0.3881177092E+003   0.1188229078E+002
    979500   0.3881173666E+003   0.1188263340E+002
    979600   0.3881169958E+003   0.1188300420E+002
    979700   0.3881165117E+003   0.1188348832E+002
    979800   0.3881161363E+003   0.1188386367E+002
    979900   0.3881156483E+003   0.1188435168E+002
    980000   0.3881152244E+003   0.1188477556E+002
    980100   0.3881148783E+003   0.1188512170E+002
    980200   0.3881144312E+003   0.1188556875E+002
    980300   0.3881141103E+003   0.1188588974E+002
    980400   0.3881137407E+003   0.1188625926E+002
    980500   0.3881133546E+003   0.1188664542E+002
    980600   0.3881128398E+003   0.1188716020E+002
    980700   0.3881123418E+003   0.1188765823E+002
    980800   0.3881118481E+003   0.1188815195E+002
    980900   0.3881113796E+003   0.1188862036E+002
    981000   0.3881108343E+003   0.1188916571E+002
    981100   0.3881105800E+003   0.1188941999E+002
    981200   0.3881100949E+003   0.1188990507E+002
    981300   0.3881096782E+003   0.1189032177E+002
    981400   0.3881091720E+003   0.1189082801E+002
    981500   0.3881088357E+003   0.1189116433E+002
    981600   0.3881086177E+003   0.1189138230E+002
    981700   0.3881083233E+003   0.1189167666E+002
    981800   0.3881082036E+003   0.1189179639E+002
    981900   0.3881081073E+003   0.1189189270E+002
    982000   0.3881080717E+003   0.1189192828E+002
    982100   0.3881080695E+003   0.1189193047E+002
    982200   0.3881079254E+003   0.1189207457E+002
    982300   0.3881077236E+003   0.1189227638E+002
    982400   0.3881075010E+003   0.1189249899E+002
    982500   0.3881072526E+003   0.1189274740E+002
    982600   0.3881069945E+003   0.1189300551E+002
    982700   0.3881068683E+003   0.1189313174E+002
    982800   0.3881068608E+003   0.1189313919E+002
    982900   0.3881067871E+003   0.1189321295E+002
    983000   0.3881068092E+003   0.1189319084E+002
    983100   0.3881068708E+003   0.1189312916E+002
    983200   0.3881068668E+003   0.1189313316E+002
    983300   0.3881068602E+003   0.1189313978E+002
    983400   0.3881067274E+003   0.1189327265E+002
    983500   0.3881065278E+003   0.1189347221E+002
    983600   0.3881063417E+003   0.1189365829E+002
    983700   0.3881060781E+003   0.1189392193E+002
    983800   0.3881057964E+003   0.1189420365E+002
    983900   0.3881055804E+003   0.1189441959E+002
    984000   0.3881052781E+003   0.1189472189E+002
    984100   0.3881048299E+003   0.1189517005E+002
    984200   0.3881043838E+003   0.1189561618E+002
    984300   0.3881040026E+003   0.1189599736E+002
    984400   0.3881037118E+003   0.1189628823E+002
    984500   0.3881034783E+003   0.1189652166E+002
    984600   0.3881032286E+003   0.1189677138E+002
    984700   0.3881029916E+003   0.1189700841E+002
    984800   0.3881028116E+003   0.1189718841E+002
    984900   0.3881027597E+003   0.1189724030E+002
    985000   0.3881026827E+003   0.1189731726E+002
    985100   0.3881028044E+003   0.1189719564E+002
    985200   0.3881029446E+003   0.1189705545E+002
    985300   0.3881030190E+003   0.1189698098E+002
    985400   0.3881029104E+003   0.1189708958E+002
    985500   0.3881028274E+003   0.1189717256E+002
    985600   0.3881027425E+003   0.1189725747E+002
    985700   0.3881025765E+003   0.1189742349E+002
    985800   0.3881023271E+003   0.1189767286E+002
    985900   0.3881021524E+003   0.1189784763E+002
    986000   0.3881019278E+003   0.1189807217E+002
    986100   0.3881016728E+003   0.1189832720E+002
    986200   0.3881014755E+003   0.1189852452E+002
    986300   0.3881013434E+003   0.1189865655E+002
    986400   0.3881011979E+003   0.1189880212E+002
    986500   0.3881009774E+003   0.1189902262E+002
    986600   0.3881007062E+003   0.1189929380E+002
    986700   0.3881005918E+003   0.1189940816E+002
    986800   0.3881003598E+003   0.1189964017E+002
    986900   0.3881000618E+003   0.1189993820E+002
    987000   0.3880998459E+003   0.1190015405E+002
    987100   0.3880995491E+003   0.1190045088E+002
    987200   0.3880992771E+003   0.1190072288E+002
    987300   0.3880990801E+003   0.1190091995E+002
    987400   0.3880988818E+003   0.1190111815E+002
    987500   0.3880987686E+003   0.1190123138E+002
    987600   0.3880986601E+003   0.1190133986E+002
    987700   0.3880985299E+003   0.1190147007E+002
    987800   0.3880984833E+003   0.1190151667E+002
    987900   0.3880984821E+003   0.1190151793E+002
    988000   0.3880984903E+003   0.1190150966E+002
    988100   0.3880985832E+003   0.1190141676E+002
    988200   0.3880985794E+003   0.1190142061E+002
    988300   0.3880984482E+003   0.1190155184E+002
    988400   0.3880984287E+003   0.1190157128E+002
    988500   0.3880984243E+003   0.1190157573E+002
    988600   0.3880985071E+003   0.1190149287E+002
    988700   0.3880987625E+003   0.1190123749E+002
    988800   0.3880991874E+003   0.1190081258E+002
    988900   0.3880995772E+003   0.1190042277E+002
    989000   0.3880999770E+003   0.1190002302E+002
    989100   0.3881004323E+003   0.1189956773E+002
    989200   0.3881008108E+003   0.1189918922E+002
    989300   0.3881012449E+003   0.1189875515E+002
    989400   0.3881016382E+003   0.1189836180E+002
    989500   0.3881023564E+003   0.1189764365E+002
    989600   0.3881031492E+003   0.1189685079E+002
    989700   0.3881039115E+003   0.1189608853E+002
    989800   0.3881046266E+003   0.1189537336E+002
    989900   0.3881050856E+003   0.1189491444E+002
    990000   0.3881055254E+003   0.1189447461E+002
    990100   0.3881060241E+003   0.1189397589E+002
    990200   0.3881064909E+003   0.1189350914E+002
    990300   0.3881069497E+003   0.1189305028E+002
    990400   0.3881075857E+003   0.1189241431E+002
    990500   0.3881083176E+003   0.1189168236E+002
    990600   0.3881090543E+003   0.1189094572E+002
    990700   0.3881097969E+003   0.1189020305E+002
    990800   0.3881107245E+003   0.1188927554E+002
    990900   0.3881118077E+003   0.1188819226E+002
    991000   0.3881126905E+003   0.1188730948E+002
    991100   0.3881133614E+003   0.1188663864E+002
    991200   0.3881138089E+003   0.1188619105E+002
    991300   0.3881141842E+003   0.1188581579E+002
    991400   0.3881144209E+003   0.1188557915E+002
    991500   0.3881145596E+003   0.1188544044E+002
    991600   0.3881146573E+003   0.1188534274E+002
    991700   0.3881146804E+003   0.1188531959E+002
    991800   0.3881146759E+003   0.1188532410E+002
    991900   0.3881146680E+003   0.1188533196E+002
    992000   0.3881146518E+003   0.1188534817E+002
    992100   0.3881145287E+003   0.1188547130E+002
    992200   0.3881144151E+003   0.1188558489E+002
    992300   0.3881143343E+003   0.1188566572E+002
    992400   0.3881142759E+003   0.1188572412E+002
    992500   0.3881143385E+003   0.1188566148E+002
    992600   0.3881146699E+003   0.1188533011E+002
    992700   0.3881150353E+003   0.1188496466E+002
    992800   0.3881154423E+003   0.1188455766E+002
    992900   0.3881159507E+003   0.1188404934E+002
    993000   0.3881164753E+003   0.1188352467E+002
    993100   0.3881169599E+003   0.1188304011E+002
    993200   0.3881176220E+003   0.1188237799E+002
    993300   0.3881181950E+003   0.1188180496E+002
    993400   0.3881185679E+003   0.1188143207E+002
    993500   0.3881189566E+003   0.1188104341E+002
    993600   0.3881195804E+003   0.1188041955E+002
    993700   0.3881199753E+003   0.1188002469E+002
    993800   0.3881204106E+003   0.1187958935E+002
    993900   0.3881208473E+003   0.1187915269E+002
    994000   0.3881210717E+003   0.1187892832E+002
    994100   0.3881213206E+003   0.1187867941E+002
    994200   0.3881214594E+003   0.1187854060E+002
    994300   0.3881214744E+003   0.1187852557E+002
    994400   0.3881214643E+003   0.1187853568E+002
    994500   0.3881214540E+003   0.1187854599E+002
    994600   0.3881215322E+003   0.1187846784E+002
    994700   0.3881216388E+003   0.1187836122E+002
    994800   0.3881217800E+003   0.1187822002E+002
    994900   0.3881219021E+003   0.1187809789E+002
    995000   0.3881220433E+003   0.1187795671E+002
    995100   0.3881221547E+003   0.1187784529E+002
    995200   0.3881223994E+003   0.1187760063E+002
    995300   0.3881224937E+003   0.1187750627E+002
    995400   0.3881225999E+003   0.1187740008E+002
    995500   0.3881227265E+003   0.1187727348E+002
    995600   0.3881229523E+003   0.1187704767E+002
    995700   0.3881232341E+003   0.1187676591E+002
    995800   0.3881235190E+003   0.1187648103E+002
    995900   0.3881238615E+003   0.1187613852E+002
    996000   0.3881243481E+003   0.1187565189E+002
    996100   0.3881250595E+003   0.1187494047E+002
    996200   0.3881257117E+003   0.1187428829E+002
    996300   0.3881264119E+003   0.1187358806E+002
    996400   0.3881271290E+003   0.1187287095E+002
    996500   0.3881275403E+003   0.1187245973E+002
    996600   0.3881279280E+003   0.1187207201E+002
    996700   0.3881282173E+003   0.1187178271E+002
    996800   0.3881286151E+003   0.1187138495E+002
    996900   0.3881289768E+003   0.1187102317E+002
    997000   0.3881293843E+003   0.1187061569E+002
    997100   0.3881296353E+003   0.1187036472E+002
    997200   0.3881298443E+003   0.1187015570E+002
    997300   0.3881301841E+003   0.1186981594E+002
    997400   0.3881305921E+003   0.1186940788E+002
    997500   0.3881310013E+003   0.1186899869E+002
    997600   0.3881314819E+003   0.1186851806E+002
    997700   0.3881318358E+003   0.1186816418E+002
    997800   0.3881321691E+003   0.1186783089E+002
    997900   0.3881325463E+003   0.1186745367E+002
    998000   0.3881327138E+003   0.1186728623E+002
    998100   0.3881328867E+003   0.1186711328E+002
    998200   0.3881329096E+003   0.1186709044E+002
    998300   0.3881328166E+003   0.1186718342E+002
    998400   0.3881326447E+003   0.1186735530E+002
    998500   0.3881324772E+003   0.1186752275E+002
    998600   0.3881322725E+003   0.1186772746E+002
    998700   0.3881320854E+003   0.1186791459E+002
    998800   0.3881318962E+003   0.1186810382E+002
    998900   0.3881316618E+003   0.1186833822E+002
    999000   0.3881314311E+003   0.1186856890E+002
    999100   0.3881310713E+003   0.1186892869E+002
    999200   0.3881307869E+003   0.1186921306E+002
    999300   0.3881305616E+003   0.1186943843E+002
    999400   0.3881303417E+003   0.1186965826E+002
    999500   0.3881301448E+003   0.1186985522E+002
    999600   0.3881299106E+003   0.1187008944E+002
    999700   0.3881297245E+003   0.1187027549E+002
    999800   0.3881295911E+003   0.1187040892E+002
    999900   0.3881294675E+003   0.1187053250E+002
   1000000   0.3881291961E+003   0.1187080388E+002
   1000100   0.3881288084E+003   0.1187119156E+002
   1000200   0.3881285016E+003   0.1187149842E+002
   1000300   0.3881282899E+003   0.1187171014E+002
   1000400   0.3881280337E+003   0.1187196630E+002
   1000500   0.3881278029E+003   0.1187219705E+002
   1000600   0.3881275886E+003   0.1187241144E+002
   1000700   0.3881274232E+003   0.1187257681E+002
   1000800   0.3881271545E+003   0.1187284554E+002
   1000900   0.3881269096E+003   0.1187309045E+002
   1001000   0.3881266544E+003   0.1187334556E+002
   1001100   0.3881264079E+003   0.1187359213E+002
   1001200   0.3881262530E+003   0.1187374697E+002
   1001300   0.3881260398E+003   0.1187396022E+002
   1001400   0.3881258742E+003   0.1187412576E+002
   1001500   0.3881256989E+003   0.1187430112E+002
   1001600   0.3881255238E+003   0.1187447618E+002
   1001700   0.3881252341E+003   0.1187476586E+002
   1001800   0.3881249667E+003   0.1187503335E+002
   1001900   0.3881247338E+003   0.1187526622E+002
   1002000   0.3881244413E+003   0.1187555871E+002
   1002100   0.3881242240E+003   0.1187577602E+002
   1002200   0.3881238941E+003   0.1187610589E+002
   1002300   0.3881235133E+003   0.1187648668E+002
   1002400   0.3881231108E+003   0.1187688921E+002
   1002500   0.3881227059E+003   0.1187729409E+002
   1002600   0.3881223650E+003   0.1187763504E+002
   1002700   0.3881221626E+003   0.1187783740E+002
   1002800   0.3881216972E+003   0.1187830277E+002
   1002900   0.3881212891E+003   0.1187871092E+002
   1003000   0.3881204813E+003   0.1187951870E+002
   1003100   0.3881197842E+003   0.1188021579E+002
   1003200   0.3881190786E+003   0.1188092137E+002
   1003300   0.3881184517E+003   0.1188154832E+002
   1003400   0.3881180406E+003   0.1188195939E+002
   1003500   0.3881171883E+003   0.1188281172E+002
   1003600   0.3881166612E+003   0.1188333879E+002
   1003700   0.3881159853E+003   0.1188401473E+002
   1003800   0.3881153248E+003   0.1188467523E+002
   1003900   0.3881146027E+003   0.1188539733E+002
   1004000   0.3881139599E+003   0.1188604010E+002
   1004100   0.3881134642E+003   0.1188653582E+002
   1004200   0.3881130362E+003   0.1188696385E+002
   1004300   0.3881126540E+003   0.1188734599E+002
   1004400   0.3881123718E+003   0.1188762817E+002
   1004500   0.3881120348E+003   0.1188796518E+002
   1004600   0.3881116377E+003   0.1188836235E+002
   1004700   0.3881112228E+003   0.1188877716E+002
   1004800   0.3881109019E+003   0.1188909807E+002
   1004900   0.3881106274E+003   0.1188937264E+002
   1005000   0.3881103055E+003   0.1188969450E+002
   1005100   0.3881100349E+003   0.1188996506E+002
   1005200   0.3881098862E+003   0.1189011381E+002
   1005300   0.3881098239E+003   0.1189017611E+002
   1005400   0.3881098214E+003   0.1189017860E+002
   1005500   0.3881097106E+003   0.1189028935E+002
   1005600   0.3881095915E+003   0.1189040847E+002
   1005700   0.3881094357E+003   0.1189056430E+002
   1005800   0.3881094230E+003   0.1189057698E+002
   1005900   0.3881093751E+003   0.1189062491E+002
   1006000   0.3881092248E+003   0.1189077522E+002
   1006100   0.3881089788E+003   0.1189102117E+002
   1006200   0.3881087141E+003   0.1189128589E+002
   1006300   0.3881083476E+003   0.1189165237E+002
   1006400   0.3881080486E+003   0.1189195139E+002
   1006500   0.3881077895E+003   0.1189221049E+002
   1006600   0.3881074147E+003   0.1189258529E+002
   1006700   0.3881071105E+003   0.1189288950E+002
   1006800   0.3881068477E+003   0.1189315232E+002
   1006900   0.3881065719E+003   0.1189342815E+002
   1007000   0.3881060976E+003   0.1189390241E+002
   1007100   0.3881057299E+003   0.1189427014E+002
   1007200   0.3881053879E+003   0.1189461207E+002
   1007300   0.3881049883E+003   0.1189501172E+002
   1007400   0.3881046637E+003   0.1189533629E+002
   1007500   0.3881043754E+003   0.1189562464E+002
   1007600   0.3881040717E+003   0.1189592825E+002
   1007700   0.3881040075E+003   0.1189599252E+002
   1007800   0.3881039113E+003   0.1189608875E+002
   1007900   0.3881037740E+003   0.1189622604E+002
   1008000   0.3881035353E+003   0.1189646473E+002
   1008100   0.3881033427E+003   0.1189665733E+002
   1008200   0.3881031425E+003   0.1189685748E+002
   1008300   0.3881029030E+003   0.1189709704E+002
   1008400   0.3881027524E+003   0.1189724762E+002
   1008500   0.3881025586E+003   0.1189744136E+002
   1008600   0.3881023890E+003   0.1189761099E+002
   1008700   0.3881021418E+003   0.1189785819E+002
   1008800   0.3881019961E+003   0.1189800393E+002
   1008900   0.3881016893E+003   0.1189831074E+002
   1009000   0.3881014537E+003   0.1189854629E+002
   1009100   0.3881012386E+003   0.1189876141E+002
   1009200   0.3881010701E+003   0.1189892991E+002
   1009300   0.3881007547E+003   0.1189924528E+002
   1009400   0.3881004840E+003   0.1189951602E+002
   1009500   0.3881000534E+003   0.1189994661E+002
   1009600   0.3880996466E+003   0.1190035335E+002
   1009700   0.3880992947E+003   0.1190070526E+002
   1009800   0.3880988743E+003   0.1190112571E+002
   1009900   0.3880984708E+003   0.1190152922E+002
   1010000   0.3880981497E+003   0.1190185035E+002
   1010100   0.3880978024E+003   0.1190219755E+002
   1010200   0.3880973975E+003   0.1190260246E+002
   1010300   0.3880970284E+003   0.1190297156E+002
   1010400   0.3880965677E+003   0.1190343235E+002
   1010500   0.3880961310E+003   0.1190386905E+002
   1010600   0.3880955758E+003   0.1190442421E+002
   1010700   0.3880950126E+003   0.1190498737E+002
   1010800   0.3880946036E+003   0.1190539639E+002
   1010900   0.3880942071E+003   0.1190579287E+002
   1011000   0.3880938758E+003   0.1190612425E+002
   1011100   0.3880934482E+003   0.1190655181E+002
   1011200   0.3880931556E+003   0.1190684442E+002
   1011300   0.3880928602E+003   0.1190713979E+002
   1011400   0.3880927096E+003   0.1190729039E+002
   1011500   0.3880925128E+003   0.1190748716E+002
   1011600   0.3880922531E+003   0.1190774689E+002
   1011700   0.3880920452E+003   0.1190795477E+002
   1011800   0.3880920225E+003   0.1190797752E+002
   1011900   0.3880920215E+003   0.1190797853E+002
   1012000   0.3880920180E+003   0.1190798195E+002
   1012100   0.3880920164E+003   0.1190798355E+002
   1012200   0.3880920380E+003   0.1190796203E+002
   1012300   0.3880921901E+003   0.1190780991E+002
   1012400   0.3880923090E+003   0.1190769102E+002
   1012500   0.3880923807E+003   0.1190761928E+002
   1012600   0.3880924228E+003   0.1190757718E+002
   1012700   0.3880922963E+003   0.1190770368E+002
   1012800   0.3880921445E+003   0.1190785548E+002
   1012900   0.3880921159E+003   0.1190788412E+002
   1013000   0.3880921134E+003   0.1190788661E+002
   1013100   0.3880921125E+003   0.1190788755E+002
   1013200   0.3880921156E+003   0.1190788443E+002
   1013300   0.3880921711E+003   0.1190782886E+002
   1013400   0.3880919568E+003   0.1190804321E+002
   1013500   0.3880917698E+003   0.1190823017E+002
   1013600   0.3880915644E+003   0.1190843559E+002
   1013700   0.3880914156E+003   0.1190858436E+002
   1013800   0.3880912241E+003   0.1190877585E+002
   1013900   0.3880910850E+003   0.1190891503E+002
   1014000   0.3880910813E+003   0.1190891870E+002
   1014100   0.3880909403E+003   0.1190905966E+002
   1014200   0.3880908466E+003   0.1190915342E+002
   1014300   0.3880907187E+003   0.1190928135E+002
   1014400   0.3880905696E+003   0.1190943037E+002
   1014500   0.3880902727E+003   0.1190972730E+002
   1014600   0.3880899174E+003   0.1191008260E+002
   1014700   0.3880895756E+003   0.1191042443E+002
   1014800   0.3880892987E+003   0.1191070135E+002
   1014900   0.3880891597E+003   0.1191084029E+002
   1015000   0.3880890436E+003   0.1191095639E+002
   1015100   0.3880889248E+003   0.1191107517E+002
   1015200   0.3880887221E+003   0.1191127791E+002
   1015300   0.3880885340E+003   0.1191146596E+002
   1015400   0.3880883415E+003   0.1191165850E+002
   1015500   0.3880878592E+003   0.1191214076E+002
   1015600   0.3880874634E+003   0.1191253664E+002
   1015700   0.3880866945E+003   0.1191330551E+002
   1015800   0.3880861862E+003   0.1191381378E+002
   1015900   0.3880855832E+003   0.1191441683E+002
   1016000   0.3880852158E+003   0.1191478417E+002
   1016100   0.3880847568E+003   0.1191524315E+002
   1016200   0.3880844866E+003   0.1191551339E+002
   1016300   0.3880842459E+003   0.1191575406E+002
   1016400   0.3880840151E+003   0.1191598491E+002
   1016500   0.3880839164E+003   0.1191608359E+002
   1016600   0.3880837266E+003   0.1191627338E+002
   1016700   0.3880835059E+003   0.1191649414E+002
   1016800   0.3880832822E+003   0.1191671782E+002
   1016900   0.3880830798E+003   0.1191692020E+002
   1017000   0.3880828404E+003   0.1191715960E+002
   1017100   0.3880825576E+003   0.1191744239E+002
   1017200   0.3880823328E+003   0.1191766721E+002
   1017300   0.3880821083E+003   0.1191789172E+002
   1017400   0.3880819248E+003   0.1191807524E+002
   1017500   0.3880817551E+003   0.1191824494E+002
   1017600   0.3880814106E+003   0.1191858943E+002
   1017700   0.3880810878E+003   0.1191891217E+002
   1017800   0.3880806878E+003   0.1191931216E+002
   1017900   0.3880804538E+003   0.1191954617E+002
   1018000   0.3880800737E+003   0.1191992629E+002
   1018100   0.3880798508E+003   0.1192014924E+002
   1018200   0.3880796084E+003   0.1192039157E+002
   1018300   0.3880792505E+003   0.1192074954E+002
   1018400   0.3880789421E+003   0.1192105789E+002
   1018500   0.3880787077E+003   0.1192129228E+002
   1018600   0.3880786499E+003   0.1192135014E+002
   1018700   0.3880786308E+003   0.1192136917E+002
   1018800   0.3880785467E+003   0.1192145330E+002
   1018900   0.3880784080E+003   0.1192159197E+002
   1019000   0.3880783813E+003   0.1192161872E+002
   1019100   0.3880783552E+003   0.1192164478E+002
   1019200   0.3880782300E+003   0.1192177000E+002
   1019300   0.3880782982E+003   0.1192170179E+002
   1019400   0.3880784943E+003   0.1192150574E+002
   1019500   0.3880785808E+003   0.1192141922E+002
   1019600   0.3880785826E+003   0.1192141741E+002
   1019700   0.3880788082E+003   0.1192119176E+002
   1019800   0.3880791488E+003   0.1192085124E+002
   1019900   0.3880795458E+003   0.1192045420E+002
   1020000   0.3880799670E+003   0.1192003304E+002
   1020100   0.3880805297E+003   0.1191947027E+002
   1020200   0.3880809067E+003   0.1191909333E+002
   1020300   0.3880813493E+003   0.1191865073E+002
   1020400   0.3880818908E+003   0.1191810925E+002
   1020500   0.3880825361E+003   0.1191746394E+002
   1020600   0.3880831414E+003   0.1191685864E+002
   1020700   0.3880835670E+003   0.1191643302E+002
   1020800   0.3880839818E+003   0.1191601823E+002
   1020900   0.3880844052E+003   0.1191559476E+002
   1021000   0.3880850848E+003   0.1191491515E+002
   1021100   0.3880858731E+003   0.1191412689E+002
   1021200   0.3880864891E+003   0.1191351087E+002
   1021300   0.3880872954E+003   0.1191270459E+002
   1021400   0.3880877950E+003   0.1191220496E+002
   1021500   0.3880883649E+003   0.1191163507E+002
   1021600   0.3880888437E+003   0.1191115633E+002
   1021700   0.3880894235E+003   0.1191057651E+002
   1021800   0.3880902877E+003   0.1190971228E+002
   1021900   0.3880911038E+003   0.1190889617E+002
   1022000   0.3880915579E+003   0.1190844209E+002
   1022100   0.3880918633E+003   0.1190813674E+002
   1022200   0.3880921986E+003   0.1190780139E+002
   1022300   0.3880923952E+003   0.1190760476E+002
   1022400   0.3880928224E+003   0.1190717756E+002
   1022500   0.3880930624E+003   0.1190693757E+002
   1022600   0.3880934812E+003   0.1190651878E+002
   1022700   0.3880940196E+003   0.1190598044E+002
   1022800   0.3880945439E+003   0.1190545605E+002
   1022900   0.3880952036E+003   0.1190479644E+002
   1023000   0.3880955617E+003   0.1190443825E+002
   1023100   0.3880958958E+003   0.1190410415E+002
   1023200   0.3880963106E+003   0.1190368943E+002
   1023300   0.3880966643E+003   0.1190333567E+002
   1023400   0.3880968125E+003   0.1190318751E+002
   1023500   0.3880969688E+003   0.1190303124E+002
   1023600   0.3880971656E+003   0.1190283437E+002
   1023700   0.3880974177E+003   0.1190258231E+002
   1023800   0.3880976753E+003   0.1190232475E+002
   1023900   0.3880979709E+003   0.1190202906E+002
   1024000   0.3880982871E+003   0.1190171290E+002
   1024100   0.3880986067E+003   0.1190139334E+002
   1024200   0.3880989705E+003   0.1190102947E+002
   1024300   0.3880993744E+003   0.1190062559E+002
   1024400   0.3880996816E+003   0.1190031844E+002
   1024500   0.3880998399E+003   0.1190016011E+002
   1024600   0.3880999496E+003   0.1190005038E+002
   1024700   0.3880999460E+003   0.1190005400E+002
   1024800   0.3880998846E+003   0.1190011539E+002
   1024900   0.3880998543E+003   0.1190014573E+002
   1025000   0.3880997786E+003   0.1190022145E+002
   1025100   0.3880996944E+003   0.1190030563E+002
   1025200   0.3880996738E+003   0.1190032620E+002
   1025300   0.3880995524E+003   0.1190044761E+002
   1025400   0.3880994577E+003   0.1190054228E+002
   1025500   0.3880995411E+003   0.1190045889E+002
   1025600   0.3880996383E+003   0.1190036166E+002
   1025700   0.3880996758E+003   0.1190032425E+002
   1025800   0.3880995394E+003   0.1190046063E+002
   1025900   0.3880993166E+003   0.1190068345E+002
   1026000   0.3880991394E+003   0.1190086056E+002
   1026100   0.3880988731E+003   0.1190112688E+002
   1026200   0.3880986399E+003   0.1190136006E+002
   1026300   0.3880984666E+003   0.1190153338E+002
   1026400   0.3880983761E+003   0.1190162388E+002
   1026500   0.3880982698E+003   0.1190173020E+002
   1026600   0.3880981670E+003   0.1190183298E+002
   1026700   0.3880981042E+003   0.1190189575E+002
   1026800   0.3880981025E+003   0.1190189747E+002
   1026900   0.3880980853E+003   0.1190191469E+002
   1027000   0.3880979725E+003   0.1190202749E+002
   1027100   0.3880978622E+003   0.1190213784E+002
   1027200   0.3880977186E+003   0.1190228142E+002
   1027300   0.3880975557E+003   0.1190244428E+002
   1027400   0.3880973433E+003   0.1190265669E+002
   1027500   0.3880970478E+003   0.1190295221E+002
   1027600   0.3880968028E+003   0.1190319719E+002
   1027700   0.3880967407E+003   0.1190325933E+002
   1027800   0.3880966434E+003   0.1190335661E+002
   1027900   0.3880965559E+003   0.1190344411E+002
   1028000   0.3880964644E+003   0.1190353564E+002
   1028100   0.3880964596E+003   0.1190354044E+002
   1028200   0.3880965244E+003   0.1190347563E+002
   1028300   0.3880966104E+003   0.1190338959E+002
   1028400   0.3880966558E+003   0.1190334416E+002
   1028500   0.3880968800E+003   0.1190311999E+002
   1028600   0.3880969305E+003   0.1190306954E+002
   1028700   0.3880970381E+003   0.1190296188E+002
   1028800   0.3880972359E+003   0.1190276411E+002
   1028900   0.3880973852E+003   0.1190261478E+002
   1029000   0.3880974402E+003   0.1190255985E+002
   1029100   0.3880974357E+003   0.1190256435E+002
   1029200   0.3880976453E+003   0.1190235469E+002
   1029300   0.3880979993E+003   0.1190200073E+002
   1029400   0.3880985047E+003   0.1190149527E+002
   1029500   0.3880990429E+003   0.1190095705E+002
   1029600   0.3880996424E+003   0.1190035756E+002
   1029700   0.3881001072E+003   0.1189989282E+002
   1029800   0.3881006650E+003   0.1189933497E+002
   1029900   0.3881012868E+003   0.1189871324E+002
   1030000   0.3881019174E+003   0.1189808256E+002
   1030100   0.3881023240E+003   0.1189767597E+002
   1030200   0.3881028845E+003   0.1189711552E+002
   1030300   0.3881032023E+003   0.1189679775E+002
   1030400   0.3881037257E+003   0.1189627428E+002
   1030500   0.3881042233E+003   0.1189577666E+002
   1030600   0.3881045929E+003   0.1189540713E+002
   1030700   0.3881049578E+003   0.1189504222E+002
   1030800   0.3881052999E+003   0.1189470009E+002
   1030900   0.3881055769E+003   0.1189442310E+002
   1031000   0.3881059467E+003   0.1189405330E+002
   1031100   0.3881063182E+003   0.1189368178E+002
   1031200   0.3881064597E+003   0.1189354026E+002
   1031300   0.3881067388E+003   0.1189326124E+002
   1031400   0.3881069216E+003   0.1189307842E+002
   1031500   0.3881072153E+003   0.1189278469E+002
   1031600   0.3881074207E+003   0.1189257933E+002
   1031700   0.3881075049E+003   0.1189249505E+002
   1031800   0.3881077389E+003   0.1189226110E+002
   1031900   0.3881079081E+003   0.1189209190E+002
   1032000   0.3881080109E+003   0.1189198906E+002
   1032100   0.3881081404E+003   0.1189185957E+002
   1032200   0.3881083447E+003   0.1189165525E+002
   1032300   0.3881085673E+003   0.1189143275E+002
   1032400   0.3881088265E+003   0.1189117350E+002
   1032500   0.3881089931E+003   0.1189100692E+002
   1032600   0.3881090848E+003   0.1189091520E+002
   1032700   0.3881092586E+003   0.1189074141E+002
   1032800   0.3881093949E+003   0.1189060507E+002
   1032900   0.3881094722E+003   0.1189052783E+002
   1033000   0.3881096043E+003   0.1189039567E+002
   1033100   0.3881097136E+003   0.1189028639E+002
   1033200   0.3881098182E+003   0.1189018184E+002
   1033300   0.3881099728E+003   0.1189002716E+002
   1033400   0.3881100048E+003   0.1188999518E+002
   1033500   0.3881101549E+003   0.1188984512E+002
   1033600   0.3881102740E+003   0.1188972598E+002
   1033700   0.3881103868E+003   0.1188961316E+002
   1033800   0.3881104750E+003   0.1188952499E+002
   1033900   0.3881104184E+003   0.1188958161E+002
   1034000   0.3881102958E+003   0.1188970417E+002
   1034100   0.3881101049E+003   0.1188989513E+002
   1034200   0.3881098275E+003   0.1189017252E+002
   1034300   0.3881096110E+003   0.1189038902E+002
   1034400   0.3881094522E+003   0.1189054780E+002
   1034500   0.3881094479E+003   0.1189055213E+002
   1034600   0.3881094635E+003   0.1189053647E+002
   1034700   0.3881093669E+003   0.1189063306E+002
   1034800   0.3881093526E+003   0.1189064743E+002
   1034900   0.3881092953E+003   0.1189070474E+002
   1035000   0.3881093868E+003   0.1189061323E+002
   1035100   0.3881094982E+003   0.1189050184E+002
   1035200   0.3881096159E+003   0.1189038413E+002
   1035300   0.3881097211E+003   0.1189027889E+002
   1035400   0.3881097997E+003   0.1189020035E+002
   1035500   0.3881099247E+003   0.1189007527E+002
   1035600   0.3881100151E+003   0.1188998493E+002
   1035700   0.3881102396E+003   0.1188976043E+002
   1035800   0.3881105192E+003   0.1188948079E+002
   1035900   0.3881108964E+003   0.1188910363E+002
   1036000   0.3881113488E+003   0.1188865117E+002
   1036100   0.3881117713E+003   0.1188822872E+002
   1036200   0.3881122477E+003   0.1188775230E+002
   1036300   0.3881126515E+003   0.1188734853E+002
   1036400   0.3881128656E+003   0.1188713442E+002
   1036500   0.3881132672E+003   0.1188673277E+002
   1036600   0.3881136787E+003   0.1188632131E+002
   1036700   0.3881139641E+003   0.1188603586E+002
   1036800   0.3881142252E+003   0.1188577485E+002
   1036900   0.3881146099E+003   0.1188539006E+002
   1037000   0.3881148438E+003   0.1188515618E+002
   1037100   0.3881149445E+003   0.1188505552E+002
   1037200   0.3881149373E+003   0.1188506268E+002
   1037300   0.3881149311E+003   0.1188506890E+002
   1037400   0.3881149236E+003   0.1188507638E+002
   1037500   0.3881149184E+003   0.1188508162E+002
   1037600   0.3881149636E+003   0.1188503638E+002
   1037700   0.3881151665E+003   0.1188483353E+002
   1037800   0.3881154184E+003   0.1188458160E+002
   1037900   0.3881158262E+003   0.1188417376E+002
   1038000   0.3881161877E+003   0.1188381235E+002
   1038100   0.3881164064E+003   0.1188359357E+002
   1038200   0.3881167515E+003   0.1188324853E+002
   1038300   0.3881169609E+003   0.1188303907E+002
   1038400   0.3881172811E+003   0.1188271885E+002
   1038500   0.3881175810E+003   0.1188241896E+002
   1038600   0.3881178475E+003   0.1188215246E+002
   1038700   0.3881181726E+003   0.1188182743E+002
   1038800   0.3881185470E+003   0.1188145299E+002
   1038900   0.3881189575E+003   0.1188104254E+002
   1039000   0.3881193127E+003   0.1188068731E+002
   1039100   0.3881195568E+003   0.1188044318E+002
   1039200   0.3881199776E+003   0.1188002241E+002
   1039300   0.3881202800E+003   0.1187971999E+002
   1039400   0.3881205745E+003   0.1187942550E+002
   1039500   0.3881207552E+003   0.1187924478E+002
   1039600   0.3881208820E+003   0.1187911802E+002
   1039700   0.3881209842E+003   0.1187901577E+002
   1039800   0.3881210835E+003   0.1187891654E+002
   1039900   0.3881211819E+003   0.1187881812E+002
   1040000   0.3881213024E+003   0.1187869764E+002
   1040100   0.3881214005E+003   0.1187859947E+002
   1040200   0.3881215093E+003   0.1187849069E+002
   1040300   0.3881216034E+003   0.1187839665E+002
   1040400   0.3881216688E+003   0.1187833119E+002
   1040500   0.3881216626E+003   0.1187833738E+002
   1040600   0.3881216476E+003   0.1187835236E+002
   1040700   0.3881216391E+003   0.1187836093E+002
   1040800   0.3881216703E+003   0.1187832970E+002
   1040900   0.3881219135E+003   0.1187808651E+002
   1041000   0.3881221176E+003   0.1187788237E+002
   1041100   0.3881223852E+003   0.1187761477E+002
   1041200   0.3881226419E+003   0.1187735809E+002
   1041300   0.3881228777E+003   0.1187712234E+002
   1041400   0.3881230949E+003   0.1187690512E+002
   1041500   0.3881233856E+003   0.1187661436E+002
   1041600   0.3881237942E+003   0.1187620578E+002
   1041700   0.3881241252E+003   0.1187587483E+002
   1041800   0.3881243887E+003   0.1187561134E+002
   1041900   0.3881245770E+003   0.1187542296E+002
   1042000   0.3881248113E+003   0.1187518870E+002
   1042100   0.3881251871E+003   0.1187481285E+002
   1042200   0.3881259349E+003   0.1187406506E+002
   1042300   0.3881266873E+003   0.1187331268E+002
   1042400   0.3881275687E+003   0.1187243130E+002
   1042500   0.3881282986E+003   0.1187170139E+002
   1042600   0.3881289805E+003   0.1187101949E+002
   1042700   0.3881295151E+003   0.1187048489E+002
   1042800   0.3881299370E+003   0.1187006304E+002
   1042900   0.3881304714E+003   0.1186952863E+002
   1043000   0.3881309366E+003   0.1186906342E+002
   1043100   0.3881313896E+003   0.1186861043E+002
   1043200   0.3881315848E+003   0.1186841518E+002
   1043300   0.3881317552E+003   0.1186824478E+002
   1043400   0.3881318576E+003   0.1186814242E+002
   1043500   0.3881319632E+003   0.1186803684E+002
   1043600   0.3881323318E+003   0.1186766823E+002
   1043700   0.3881326935E+003   0.1186730652E+002
   1043800   0.3881332652E+003   0.1186673485E+002
   1043900   0.3881336566E+003   0.1186634344E+002
   1044000   0.3881341493E+003   0.1186585065E+002
   1044100   0.3881345054E+003   0.1186549462E+002
   1044200   0.3881348607E+003   0.1186513925E+002
   1044300   0.3881353314E+003   0.1186466860E+002
   1044400   0.3881357620E+003   0.1186423800E+002
   1044500   0.3881362718E+003   0.1186372825E+002
   1044600   0.3881368111E+003   0.1186318886E+002
   1044700   0.3881371181E+003   0.1186288188E+002
   1044800   0.3881374481E+003   0.1186255195E+002
   1044900   0.3881378935E+003   0.1186210647E+002
   1045000   0.3881387777E+003   0.1186122227E+002
   1045100   0.3881393643E+003   0.1186063567E+002
   1045200   0.3881396927E+003   0.1186030731E+002
   1045300   0.3881399183E+003   0.1186008174E+002
   1045400   0.3881401023E+003   0.1185989774E+002
   1045500   0.3881402409E+003   0.1185975908E+002
   1045600   0.3881404919E+003   0.1185950813E+002
   1045700   0.3881408578E+003   0.1185914219E+002
   1045800   0.3881410770E+003   0.1185892301E+002
   1045900   0.3881413183E+003   0.1185868171E+002
   1046000   0.3881415048E+003   0.1185849519E+002
   1046100   0.3881416965E+003   0.1185830351E+002
   1046200   0.3881416910E+003   0.1185830901E+002
   1046300   0.3881417737E+003   0.1185822625E+002
   1046400   0.3881418588E+003   0.1185814117E+002
   1046500   0.3881418509E+003   0.1185814914E+002
   1046600   0.3881419307E+003   0.1185806931E+002
   1046700   0.3881419903E+003   0.1185800967E+002
   1046800   0.3881420119E+003   0.1185798810E+002
   1046900   0.3881420490E+003   0.1185795097E+002
   1047000   0.3881419137E+003   0.1185808625E+002
   1047100   0.3881418140E+003   0.1185818599E+002
   1047200   0.3881416862E+003   0.1185831384E+002
   1047300   0.3881415738E+003   0.1185842617E+002
   1047400   0.3881414569E+003   0.1185854307E+002
   1047500   0.3881412890E+003   0.1185871098E+002
   1047600   0.3881412110E+003   0.1185878902E+002
   1047700   0.3881411280E+003   0.1185887201E+002
   1047800   0.3881409035E+003   0.1185909646E+002
   1047900   0.3881406817E+003   0.1185931832E+002
   1048000   0.3881405258E+003   0.1185947418E+002
   1048100   0.3881402853E+003   0.1185971475E+002
   1048200   0.3881401113E+003   0.1185988869E+002
   1048300   0.3881398556E+003   0.1186014436E+002
   1048400   0.3881396460E+003   0.1186035403E+002
   1048500   0.3881394147E+003   0.1186058534E+002
   1048600   0.3881391775E+003   0.1186082250E+002
   1048700   0.3881389911E+003   0.1186100889E+002
   1048800   0.3881387914E+003   0.1186120864E+002
   1048900   0.3881385635E+003   0.1186143651E+002
   1049000   0.3881383399E+003   0.1186166012E+002
   1049100   0.3881380942E+003   0.1186190577E+002
   1049200   0.3881377926E+003   0.1186220744E+002
   1049300   0.3881376239E+003   0.1186237614E+002
   1049400   0.3881373134E+003   0.1186268657E+002
   1049500   0.3881370828E+003   0.1186291722E+002
   1049600   0.3881367740E+003   0.1186322598E+002
   1049700   0.3881366414E+003   0.1186335861E+002
   1049800   0.3881365269E+003   0.1186347309E+002
   1049900   0.3881363907E+003   0.1186360926E+002
   1050000   0.3881362789E+003   0.1186372105E+002
   1050100   0.3881361705E+003   0.1186382952E+002
   1050200   0.3881360307E+003   0.1186396929E+002
   1050300   0.3881358954E+003   0.1186410458E+002
   1050400   0.3881358161E+003   0.1186418394E+002
   1050500   0.3881357599E+003   0.1186424007E+002
   1050600   0.3881355398E+003   0.1186446022E+002
   1050700   0.3881353518E+003   0.1186464822E+002
   1050800   0.3881352513E+003   0.1186474869E+002
   1050900   0.3881351488E+003   0.1186485124E+002
   1051000   0.3881350064E+003   0.1186499358E+002
   1051100   0.3881348209E+003   0.1186517912E+002
   1051200   0.3881345773E+003   0.1186542271E+002
   1051300   0.3881343652E+003   0.1186563484E+002
   1051400   0.3881341423E+003   0.1186585767E+002
   1051500   0.3881339648E+003   0.1186603520E+002
   1051600   0.3881337701E+003   0.1186622989E+002
   1051700   0.3881334359E+003   0.1186656407E+002
   1051800   0.3881332404E+003   0.1186675959E+002
   1051900   0.3881329954E+003   0.1186700458E+002
   1052000   0.3881328067E+003   0.1186719330E+002
   1052100   0.3881326027E+003   0.1186739733E+002
   1052200   0.3881323285E+003   0.1186767153E+002
   1052300   0.3881320418E+003   0.1186795817E+002
   1052400   0.3881316676E+003   0.1186833235E+002
   1052500   0.3881314167E+003   0.1186858334E+002
   1052600   0.3881311048E+003   0.1186889519E+002
   1052700   0.3881308680E+003   0.1186913200E+002
   1052800   0.3881305989E+003   0.1186940105E+002
   1052900   0.3881303426E+003   0.1186965739E+002
   1053000   0.3881300333E+003   0.1186996672E+002
   1053100   0.3881296910E+003   0.1187030900E+002
   1053200   0.3881294869E+003   0.1187051306E+002
   1053300   0.3881292585E+003   0.1187074150E+002
   1053400   0.3881289467E+003   0.1187105327E+002
   1053500   0.3881287660E+003   0.1187123401E+002
   1053600   0.3881285957E+003   0.1187140434E+002
   1053700   0.3881284684E+003   0.1187153161E+002
   1053800   0.3881284116E+003   0.1187158836E+002
   1053900   0.3881284056E+003   0.1187159445E+002
   1054000   0.3881282983E+003   0.1187170167E+002
   1054100   0.3881282315E+003   0.1187176850E+002
   1054200   0.3881282279E+003   0.1187177211E+002
   1054300   0.3881282155E+003   0.1187178450E+002
   1054400   0.3881281942E+003   0.1187180576E+002
   1054500   0.3881280981E+003   0.1187190192E+002
   1054600   0.3881280164E+003   0.1187198359E+002
   1054700   0.3881279479E+003   0.1187205215E+002
   1054800   0.3881281164E+003   0.1187188356E+002
   1054900   0.3881282283E+003   0.1187177170E+002
   1055000   0.3881282463E+003   0.1187175367E+002
   1055100   0.3881282941E+003   0.1187170591E+002
   1055200   0.3881283282E+003   0.1187167177E+002
   1055300   0.3881283210E+003   0.1187167901E+002
   1055400   0.3881282583E+003   0.1187174172E+002
   1055500   0.3881281696E+003   0.1187183039E+002
   1055600   0.3881280452E+003   0.1187195479E+002
   1055700   0.3881279701E+003   0.1187202995E+002
   1055800   0.3881279094E+003   0.1187209056E+002
   1055900   0.3881279081E+003   0.1187209186E+002
   1056000   0.3881279006E+003   0.1187209941E+002
   1056100   0.3881278931E+003   0.1187210687E+002
   1056200   0.3881277504E+003   0.1187224955E+002
   1056300   0.3881276058E+003   0.1187239421E+002
   1056400   0.3881274775E+003   0.1187252247E+002
   1056500   0.3881273469E+003   0.1187265312E+002
   1056600   0.3881272395E+003   0.1187276054E+002
   1056700   0.3881271277E+003   0.1187287233E+002
   1056800   0.3881270220E+003   0.1187297797E+002
   1056900   0.3881269363E+003   0.1187306372E+002
   1057000   0.3881268643E+003   0.1187313574E+002
   1057100   0.3881267529E+003   0.1187324705E+002
   1057200   0.3881266642E+003   0.1187333584E+002
   1057300   0.3881265252E+003   0.1187347483E+002
   1057400   0.3881263716E+003   0.1187362841E+002
   1057500   0.3881262462E+003   0.1187375375E+002
   1057600   0.3881260590E+003   0.1187394098E+002
   1057700   0.3881258409E+003   0.1187415907E+002
   1057800   0.3881257253E+003   0.1187427467E+002
   1057900   0.3881254395E+003   0.1187456053E+002
   1058000   0.3881251556E+003   0.1187484442E+002
   1058100   0.3881248135E+003   0.1187518651E+002
   1058200   0.3881246083E+003   0.1187539167E+002
   1058300   0.3881243788E+003   0.1187562119E+002
   1058400   0.3881243197E+003   0.1187568028E+002
   1058500   0.3881244039E+003   0.1187559606E+002
   1058600   0.3881246129E+003   0.1187538708E+002
   1058700   0.3881251023E+003   0.1187489766E+002
   1058800   0.3881257082E+003   0.1187429184E+002
   1058900   0.3881265826E+003   0.1187341741E+002
   1059000   0.3881271299E+003   0.1187287005E+002
   1059100   0.3881280041E+003   0.1187199593E+002
   1059200   0.3881290663E+003   0.1187093371E+002
   1059300   0.3881300975E+003   0.1186990246E+002
   1059400   0.3881309849E+003   0.1186901509E+002
   1059500   0.3881319944E+003   0.1186800556E+002
   1059600   0.3881327705E+003   0.1186722948E+002
   1059700   0.3881334303E+003   0.1186656966E+002
   1059800   0.3881343564E+003   0.1186564360E+002
   1059900   0.3881350703E+003   0.1186492969E+002
   1060000   0.3881358450E+003   0.1186415499E+002
   1060100   0.3881365315E+003   0.1186346854E+002
   1060200   0.3881370598E+003   0.1186294017E+002
   1060300   0.3881378487E+003   0.1186215133E+002
   1060400   0.3881388606E+003   0.1186113942E+002
   1060500   0.3881397622E+003   0.1186023780E+002
   1060600   0.3881405627E+003   0.1185943730E+002
   1060700   0.3881413969E+003   0.1185860314E+002
   1060800   0.3881421165E+003   0.1185788348E+002
   1060900   0.3881429315E+003   0.1185706853E+002
   1061000   0.3881442261E+003   0.1185577387E+002
   1061100   0.3881449810E+003   0.1185501903E+002
   1061200   0.3881457328E+003   0.1185426720E+002
   1061300   0.3881467534E+003   0.1185324662E+002
   1061400   0.3881475956E+003   0.1185240444E+002
   1061500   0.3881483778E+003   0.1185162218E+002
   1061600   0.3881489959E+003   0.1185100407E+002
   1061700   0.3881495195E+003   0.1185048047E+002
   1061800   0.3881497518E+003   0.1185024815E+002
   1061900   0.3881502219E+003   0.1184977814E+002
   1062000   0.3881504961E+003   0.1184950387E+002
   1062100   0.3881504902E+003   0.1184950977E+002
   1062200   0.3881504585E+003   0.1184954149E+002
   1062300   0.3881502971E+003   0.1184970286E+002
   1062400   0.3881499527E+003   0.1185004727E+002
   1062500   0.3881498113E+003   0.1185018866E+002
   1062600   0.3881495795E+003   0.1185042046E+002
   1062700   0.3881493767E+003   0.1185062335E+002
   1062800   0.3881493374E+003   0.1185066263E+002
   1062900   0.3881493154E+003   0.1185068463E+002
   1063000   0.3881493593E+003   0.1185064070E+002
   1063100   0.3881494235E+003   0.1185057654E+002
   1063200   0.3881494870E+003   0.1185051302E+002
   1063300   0.3881495234E+003   0.1185047659E+002
   1063400   0.3881495918E+003   0.1185040819E+002
   1063500   0.3881496982E+003   0.1185030180E+002
   1063600   0.3881497821E+003   0.1185021790E+002
   1063700   0.3881498063E+003   0.1185019368E+002
   1063800   0.3881499114E+003   0.1185008861E+002
   1063900   0.3881500406E+003   0.1184995942E+002
   1064000   0.3881500610E+003   0.1184993898E+002
   1064100   0.3881501933E+003   0.1184980672E+002
   1064200   0.3881503289E+003   0.1184967108E+002
   1064300   0.3881504410E+003   0.1184955903E+002
   1064400   0.3881504633E+003   0.1184953670E+002
   1064500   0.3881505283E+003   0.1184947170E+002
   1064600   0.3881505206E+003   0.1184947940E+002
   1064700   0.3881505120E+003   0.1184948796E+002
   1064800   0.3881504505E+003   0.1184954951E+002
   1064900   0.3881503688E+003   0.1184963120E+002
   1065000   0.3881502774E+003   0.1184972256E+002
   1065100   0.3881501665E+003   0.1184983346E+002
   1065200   0.3881500629E+003   0.1184993709E+002
   1065300   0.3881498043E+003   0.1185019572E+002
   1065400   0.3881494538E+003   0.1185054620E+002
   1065500   0.3881491553E+003   0.1185084475E+002
   1065600   0.3881488644E+003   0.1185113560E+002
   1065700   0.3881485183E+003   0.1185148169E+002
   1065800   0.3881482726E+003   0.1185172745E+002
   1065900   0.3881480598E+003   0.1185194022E+002
   1066000   0.3881477152E+003   0.1185228485E+002
   1066100   0.3881473329E+003   0.1185266711E+002
   1066200   0.3881472371E+003   0.1185276293E+002
   1066300   0.3881472127E+003   0.1185278727E+002
   1066400   0.3881470939E+003   0.1185290611E+002
   1066500   0.3881469941E+003   0.1185300593E+002
   1066600   0.3881468926E+003   0.1185310739E+002
   1066700   0.3881467799E+003   0.1185322014E+002
   1066800   0.3881467462E+003   0.1185325384E+002
   1066900   0.3881467378E+003   0.1185326223E+002
   1067000   0.3881468359E+003   0.1185316407E+002
   1067100   0.3881470481E+003   0.1185295193E+002
   1067200   0.3881472557E+003   0.1185274430E+002
   1067300   0.3881476410E+003   0.1185235897E+002
   1067400   0.3881480574E+003   0.1185194261E+002
   1067500   0.3881484898E+003   0.1185151018E+002
   1067600   0.3881487305E+003   0.1185126952E+002
   1067700   0.3881490394E+003   0.1185096064E+002
   1067800   0.3881491133E+003   0.1185088668E+002
   1067900   0.3881491026E+003   0.1185089745E+002
   1068000   0.3881490892E+003   0.1185091083E+002
   1068100   0.3881491585E+003   0.1185084154E+002
   1068200   0.3881492733E+003   0.1185072674E+002
   1068300   0.3881493924E+003   0.1185060760E+002
   1068400   0.3881494814E+003   0.1185051857E+002
   1068500   0.3881494017E+003   0.1185059827E+002
   1068600   0.3881491910E+003   0.1185080903E+002
   1068700   0.3881489545E+003   0.1185104554E+002
   1068800   0.3881487583E+003   0.1185124172E+002
   1068900   0.3881485071E+003   0.1185149288E+002
   1069000   0.3881482368E+003   0.1185176320E+002
   1069100   0.3881479648E+003   0.1185203523E+002
   1069200   0.3881476355E+003   0.1185236448E+002
   1069300   0.3881472793E+003   0.1185272070E+002
   1069400   0.3881470392E+003   0.1185296080E+002
   1069500   0.3881466030E+003   0.1185339695E+002
   1069600   0.3881463531E+003   0.1185364688E+002
   1069700   0.3881462223E+003   0.1185377771E+002
   1069800   0.3881460792E+003   0.1185392085E+002
   1069900   0.3881459726E+003   0.1185402737E+002
   1070000   0.3881458531E+003   0.1185414688E+002
   1070100   0.3881456521E+003   0.1185434790E+002
   1070200   0.3881454649E+003   0.1185453512E+002
   1070300   0.3881453687E+003   0.1185463129E+002
   1070400   0.3881452525E+003   0.1185474748E+002
   1070500   0.3881451446E+003   0.1185485541E+002
   1070600   0.3881450321E+003   0.1185496790E+002
   1070700   0.3881449075E+003   0.1185509247E+002
   1070800   0.3881447915E+003   0.1185520847E+002
   1070900   0.3881446611E+003   0.1185533889E+002
   1071000   0.3881443554E+003   0.1185564464E+002
   1071100   0.3881439962E+003   0.1185600384E+002
   1071200   0.3881436843E+003   0.1185631566E+002
   1071300   0.3881434580E+003   0.1185654199E+002
   1071400   0.3881432219E+003   0.1185677807E+002
   1071500   0.3881430266E+003   0.1185697340E+002
   1071600   0.3881430143E+003   0.1185698574E+002
   1071700   0.3881430053E+003   0.1185699472E+002
   1071800   0.3881429937E+003   0.1185700627E+002
   1071900   0.3881430911E+003   0.1185690886E+002
   1072000   0.3881431725E+003   0.1185682754E+002
   1072100   0.3881432755E+003   0.1185672446E+002
   1072200   0.3881436632E+003   0.1185633680E+002
   1072300   0.3881438565E+003   0.1185614352E+002
   1072400   0.3881439789E+003   0.1185602107E+002
   1072500   0.3881440442E+003   0.1185595577E+002
   1072600   0.3881439158E+003   0.1185608420E+002
   1072700   0.3881438195E+003   0.1185618055E+002
   1072800   0.3881436570E+003   0.1185634299E+002
   1072900   0.3881435362E+003   0.1185646381E+002
   1073000   0.3881434165E+003   0.1185658353E+002
   1073100   0.3881433089E+003   0.1185669114E+002
   1073200   0.3881432037E+003   0.1185679634E+002
   1073300   0.3881431035E+003   0.1185689650E+002
   1073400   0.3881430832E+003   0.1185691685E+002
   1073500   0.3881430449E+003   0.1185695512E+002
   1073600   0.3881430773E+003   0.1185692275E+002
   1073700   0.3881431931E+003   0.1185680689E+002
   1073800   0.3881432859E+003   0.1185671409E+002
   1073900   0.3881434922E+003   0.1185650780E+002
   1074000   0.3881437007E+003   0.1185629932E+002
   1074100   0.3881438710E+003   0.1185612899E+002
   1074200   0.3881440547E+003   0.1185594533E+002
   1074300   0.3881441594E+003   0.1185584059E+002
   1074400   0.3881441499E+003   0.1185585015E+002
   1074500   0.3881440750E+003   0.1185592499E+002
   1074600   0.3881439843E+003   0.1185601571E+002
   1074700   0.3881439079E+003   0.1185609210E+002
   1074800   0.3881438247E+003   0.1185617525E+002
   1074900   0.3881437474E+003   0.1185625259E+002
   1075000   0.3881438121E+003   0.1185618793E+002
   1075100   0.3881438849E+003   0.1185611508E+002
   1075200   0.3881439562E+003   0.1185604385E+002
   1075300   0.3881440470E+003   0.1185595303E+002
   1075400   0.3881443433E+003   0.1185565667E+002
   1075500   0.3881447440E+003   0.1185525598E+002
   1075600   0.3881454004E+003   0.1185459964E+002
   1075700   0.3881463089E+003   0.1185369106E+002
   1075800   0.3881469746E+003   0.1185302537E+002
   1075900   0.3881478235E+003   0.1185217655E+002
   1076000   0.3881483456E+003   0.1185165438E+002
   1076100   0.3881489768E+003   0.1185102323E+002
   1076200   0.3881503282E+003   0.1184967176E+002
   1076300   0.3881511782E+003   0.1184882182E+002
   1076400   0.3881518488E+003   0.1184815124E+002
   1076500   0.3881526197E+003   0.1184738026E+002
   1076600   0.3881532316E+003   0.1184676844E+002
   1076700   0.3881538707E+003   0.1184612928E+002
   1076800   0.3881542903E+003   0.1184570966E+002
   1076900   0.3881548389E+003   0.1184516108E+002
   1077000   0.3881552449E+003   0.1184475510E+002
   1077100   0.3881555589E+003   0.1184444105E+002
   1077200   0.3881557477E+003   0.1184425230E+002
   1077300   0.3881559770E+003   0.1184402296E+002
   1077400   0.3881560782E+003   0.1184392181E+002
   1077500   0.3881562225E+003   0.1184377755E+002
   1077600   0.3881565894E+003   0.1184341056E+002
   1077700   0.3881568516E+003   0.1184314844E+002
   1077800   0.3881570789E+003   0.1184292105E+002
   1077900   0.3881571600E+003   0.1184283998E+002
   1078000   0.3881572533E+003   0.1184274670E+002
   1078100   0.3881572429E+003   0.1184275715E+002
   1078200   0.3881572308E+003   0.1184276923E+002
   1078300   0.3881572218E+003   0.1184277818E+002
   1078400   0.3881571312E+003   0.1184286877E+002
   1078500   0.3881571072E+003   0.1184289277E+002
   1078600   0.3881569425E+003   0.1184305751E+002
   1078700   0.3881568061E+003   0.1184319387E+002
   1078800   0.3881566881E+003   0.1184331194E+002
   1078900   0.3881565401E+003   0.1184345992E+002
   1079000   0.3881563225E+003   0.1184367749E+002
   1079100   0.3881561065E+003   0.1184389351E+002
   1079200   0.3881559275E+003   0.1184407253E+002
   1079300   0.3881557481E+003   0.1184425188E+002
   1079400   0.3881556268E+003   0.1184437323E+002
   1079500   0.3881555364E+003   0.1184446365E+002
   1079600   0.3881554275E+003   0.1184457252E+002
   1079700   0.3881552080E+003   0.1184479203E+002
   1079800   0.3881549834E+003   0.1184501662E+002
   1079900   0.3881546875E+003   0.1184531249E+002
   1080000   0.3881543897E+003   0.1184561034E+002
   1080100   0.3881541293E+003   0.1184587069E+002
   1080200   0.3881540213E+003   0.1184597869E+002
   1080300   0.3881539246E+003   0.1184607544E+002
   1080400   0.3881538812E+003   0.1184611882E+002
   1080500   0.3881537906E+003   0.1184620935E+002
   1080600   0.3881537483E+003   0.1184625168E+002
   1080700   0.3881536211E+003   0.1184637889E+002
   1080800   0.3881533085E+003   0.1184669153E+002
   1080900   0.3881529540E+003   0.1184704596E+002
   1081000   0.3881526660E+003   0.1184733398E+002
   1081100   0.3881524025E+003   0.1184759749E+002
   1081200   0.3881520572E+003   0.1184794285E+002
   1081300   0.3881517465E+003   0.1184825350E+002
   1081400   0.3881514778E+003   0.1184852219E+002
   1081500   0.3881512058E+003   0.1184879424E+002
   1081600   0.3881508953E+003   0.1184910468E+002
   1081700   0.3881505966E+003   0.1184940338E+002
   1081800   0.3881501805E+003   0.1184981948E+002
   1081900   0.3881498897E+003   0.1185011027E+002
   1082000   0.3881495938E+003   0.1185040623E+002
   1082100   0.3881493342E+003   0.1185066584E+002
   1082200   0.3881491049E+003   0.1185089509E+002
   1082300   0.3881489149E+003   0.1185108507E+002
   1082400   0.3881487368E+003   0.1185126316E+002
   1082500   0.3881484652E+003   0.1185153475E+002
   1082600   0.3881483350E+003   0.1185166502E+002
   1082700   0.3881481899E+003   0.1185181009E+002
   1082800   0.3881480841E+003   0.1185191591E+002
   1082900   0.3881480068E+003   0.1185199324E+002
   1083000   0.3881479520E+003   0.1185204795E+002
   1083100   0.3881478839E+003   0.1185211611E+002
   1083200   0.3881478599E+003   0.1185214015E+002
   1083300   0.3881477614E+003   0.1185223859E+002
   1083400   0.3881476072E+003   0.1185239283E+002
   1083500   0.3881473852E+003   0.1185261478E+002
   1083600   0.3881472996E+003   0.1185270037E+002
   1083700   0.3881472896E+003   0.1185271038E+002
   1083800   0.3881473240E+003   0.1185267601E+002
   1083900   0.3881474504E+003   0.1185254962E+002
   1084000   0.3881476735E+003   0.1185232651E+002
   1084100   0.3881479084E+003   0.1185209165E+002
   1084200   0.3881480699E+003   0.1185193011E+002
   1084300   0.3881482135E+003   0.1185178655E+002
   1084400   0.3881483980E+003   0.1185160197E+002
   1084500   0.3881486070E+003   0.1185139297E+002
   1084600   0.3881488742E+003   0.1185112580E+002
   1084700   0.3881490783E+003   0.1185092173E+002
   1084800   0.3881493091E+003   0.1185069088E+002
   1084900   0.3881496887E+003   0.1185031127E+002
   1085000   0.3881499817E+003   0.1185001830E+002
   1085100   0.3881501710E+003   0.1184982899E+002
   1085200   0.3881504274E+003   0.1184957255E+002
   1085300   0.3881505388E+003   0.1184946117E+002
   1085400   0.3881507277E+003   0.1184927229E+002
   1085500   0.3881508751E+003   0.1184912486E+002
   1085600   0.3881509647E+003   0.1184903534E+002
   1085700   0.3881510759E+003   0.1184892414E+002
   1085800   0.3881512029E+003   0.1184879710E+002
   1085900   0.3881512940E+003   0.1184870597E+002
   1086000   0.3881514938E+003   0.1184850625E+002
   1086100   0.3881516990E+003   0.1184830103E+002
   1086200   0.3881519036E+003   0.1184809639E+002
   1086300   0.3881521246E+003   0.1184787539E+002
   1086400   0.3881523782E+003   0.1184762176E+002
   1086500   0.3881526035E+003   0.1184739652E+002
   1086600   0.3881528042E+003   0.1184719579E+002
   1086700   0.3881529101E+003   0.1184708985E+002
   1086800   0.3881530366E+003   0.1184696342E+002
   1086900   0.3881532917E+003   0.1184670829E+002
   1087000   0.3881533777E+003   0.1184662231E+002
   1087100   0.3881534240E+003   0.1184657598E+002
   1087200   0.3881533342E+003   0.1184666581E+002
   1087300   0.3881531740E+003   0.1184682595E+002
   1087400   0.3881530623E+003   0.1184693767E+002
   1087500   0.3881529331E+003   0.1184706688E+002
   1087600   0.3881527646E+003   0.1184723543E+002
   1087700   0.3881525198E+003   0.1184748023E+002
   1087800   0.3881522788E+003   0.1184772117E+002
   1087900   0.3881520369E+003   0.1184796307E+002
   1088000   0.3881518498E+003   0.1184815025E+002
   1088100   0.3881517367E+003   0.1184826335E+002
   1088200   0.3881516283E+003   0.1184837172E+002
   1088300   0.3881515603E+003   0.1184843971E+002
   1088400   0.3881515219E+003   0.1184847811E+002
   1088500   0.3881515055E+003   0.1184849449E+002
   1088600   0.3881514977E+003   0.1184850232E+002
   1088700   0.3881514813E+003   0.1184851873E+002
   1088800   0.3881514742E+003   0.1184852579E+002
   1088900   0.3881515545E+003   0.1184844553E+002
   1089000   0.3881515502E+003   0.1184844980E+002
   1089100   0.3881515279E+003   0.1184847215E+002
   1089200   0.3881513629E+003   0.1184863708E+002
   1089300   0.3881512772E+003   0.1184872277E+002
   1089400   0.3881511815E+003   0.1184881852E+002
   1089500   0.3881511608E+003   0.1184883919E+002
   1089600   0.3881510706E+003   0.1184892938E+002
   1089700   0.3881509360E+003   0.1184906396E+002
   1089800   0.3881506983E+003   0.1184930173E+002
   1089900   0.3881503971E+003   0.1184960286E+002
   1090000   0.3881501304E+003   0.1184986961E+002
   1090100   0.3881497405E+003   0.1185025954E+002
   1090200   0.3881493171E+003   0.1185068288E+002
   1090300   0.3881490209E+003   0.1185097909E+002
   1090400   0.3881487158E+003   0.1185128423E+002
   1090500   0.3881484561E+003   0.1185154389E+002
   1090600   0.3881483211E+003   0.1185167892E+002
   1090700   0.3881482933E+003   0.1185170671E+002
   1090800   0.3881482878E+003   0.1185171217E+002
   1090900   0.3881482035E+003   0.1185179650E+002
   1091000   0.3881480919E+003   0.1185190806E+002
   1091100   0.3881480151E+003   0.1185198490E+002
   1091200   0.3881479121E+003   0.1185208789E+002
   1091300   0.3881477544E+003   0.1185224563E+002
   1091400   0.3881475775E+003   0.1185242249E+002
   1091500   0.3881474012E+003   0.1185259878E+002
   1091600   0.3881472540E+003   0.1185274604E+002
   1091700   0.3881470887E+003   0.1185291135E+002
   1091800   0.3881468766E+003   0.1185312345E+002
   1091900   0.3881466674E+003   0.1185333258E+002
   1092000   0.3881465169E+003   0.1185348314E+002
   1092100   0.3881463712E+003   0.1185362882E+002
   1092200   0.3881461882E+003   0.1185381179E+002
   1092300   0.3881460192E+003   0.1185398081E+002
   1092400   0.3881459056E+003   0.1185409436E+002
   1092500   0.3881457992E+003   0.1185420083E+002
   1092600   0.3881457138E+003   0.1185428619E+002
   1092700   0.3881456534E+003   0.1185434656E+002
   1092800   0.3881456498E+003   0.1185435022E+002
   1092900   0.3881456449E+003   0.1185435513E+002
   1093000   0.3881454160E+003   0.1185458402E+002
   1093100   0.3881452373E+003   0.1185476273E+002
   1093200   0.3881449962E+003   0.1185500378E+002
   1093300   0.3881448243E+003   0.1185517574E+002
   1093400   0.3881448488E+003   0.1185515120E+002
   1093500   0.3881450562E+003   0.1185494379E+002
   1093600   0.3881451894E+003   0.1185481057E+002
   1093700   0.3881453061E+003   0.1185469390E+002
   1093800   0.3881454098E+003   0.1185459017E+002
   1093900   0.3881454229E+003   0.1185457708E+002
   1094000   0.3881455195E+003   0.1185448052E+002
   1094100   0.3881457384E+003   0.1185426159E+002
   1094200   0.3881458331E+003   0.1185416691E+002
   1094300   0.3881459598E+003   0.1185404025E+002
   1094400   0.3881462195E+003   0.1185378047E+002
   1094500   0.3881465730E+003   0.1185342700E+002
   1094600   0.3881470722E+003   0.1185292782E+002
   1094700   0.3881474604E+003   0.1185253963E+002
   1094800   0.3881477198E+003   0.1185228015E+002
   1094900   0.3881480658E+003   0.1185193417E+002
   1095000   0.3881481526E+003   0.1185184736E+002
   1095100   0.3881482372E+003   0.1185176283E+002
   1095200   0.3881482289E+003   0.1185177113E+002
   1095300   0.3881482202E+003   0.1185177976E+002
   1095400   0.3881482127E+003   0.1185178731E+002
   1095500   0.3881481756E+003   0.1185182439E+002
   1095600   0.3881480615E+003   0.1185193848E+002
   1095700   0.3881479065E+003   0.1185209348E+002
   1095800   0.3881476969E+003   0.1185230310E+002
   1095900   0.3881474395E+003   0.1185256051E+002
   1096000   0.3881472114E+003   0.1185278863E+002
   1096100   0.3881469285E+003   0.1185307151E+002
   1096200   0.3881466559E+003   0.1185334408E+002
   1096300   0.3881463091E+003   0.1185369086E+002
   1096400   0.3881459034E+003   0.1185409662E+002
   1096500   0.3881455827E+003   0.1185441735E+002
   1096600   0.3881453226E+003   0.1185467736E+002
   1096700   0.3881450453E+003   0.1185495466E+002
   1096800   0.3881446918E+003   0.1185530820E+002
   1096900   0.3881443726E+003   0.1185562743E+002
   1097000   0.3881439846E+003   0.1185601538E+002
   1097100   0.3881438335E+003   0.1185616653E+002
   1097200   0.3881436642E+003   0.1185633580E+002
   1097300   0.3881433365E+003   0.1185666346E+002
   1097400   0.3881430345E+003   0.1185696552E+002
   1097500   0.3881427236E+003   0.1185727641E+002
   1097600   0.3881423631E+003   0.1185763694E+002
   1097700   0.3881421351E+003   0.1185786495E+002
   1097800   0.3881419361E+003   0.1185806394E+002
   1097900   0.3881417352E+003   0.1185826484E+002
   1098000   0.3881415614E+003   0.1185843856E+002
   1098100   0.3881413172E+003   0.1185868282E+002
   1098200   0.3881411587E+003   0.1185884133E+002
   1098300   0.3881408757E+003   0.1185912428E+002
   1098400   0.3881406970E+003   0.1185930301E+002
   1098500   0.3881405427E+003   0.1185945726E+002
   1098600   0.3881403830E+003   0.1185961702E+002
   1098700   0.3881400914E+003   0.1185990857E+002
   1098800   0.3881397589E+003   0.1186024111E+002
   1098900   0.3881394099E+003   0.1186059010E+002
   1099000   0.3881389482E+003   0.1186105179E+002
   1099100   0.3881383857E+003   0.1186161431E+002
   1099200   0.3881378635E+003   0.1186213651E+002
   1099300   0.3881373489E+003   0.1186265110E+002
   1099400   0.3881369241E+003   0.1186307589E+002
   1099500   0.3881364228E+003   0.1186357724E+002
   1099600   0.3881359129E+003   0.1186408712E+002
   1099700   0.3881354631E+003   0.1186453693E+002
   1099800   0.3881346795E+003   0.1186532054E+002
   1099900   0.3881342801E+003   0.1186571991E+002
   1100000   0.3881337150E+003   0.1186628496E+002
