units		    real
atom_style	    full
boundary        p p p
pair_style	    lj/cut/coul/long 12
pair_modify     mix arithmetic tail yes
kspace_style    pppm 1e-6
bond_style      harmonic
angle_style     harmonic

read_data       ./data.lmp           # read the positions --------------comment it out for restarting
Reading data file ...
  orthogonal box = (0 0 0) to (51.724067 51.724067 51.724067)
  2 by 2 by 2 MPI processor grid
  reading atoms ...
  1500 atoms
  scanning bonds ...
  1 = max bonds/atom
  scanning angles ...
  1 = max angles/atom
  orthogonal box = (0 0 0) to (51.724067 51.724067 51.724067)
  2 by 2 by 2 MPI processor grid
  reading bonds ...
  1000 bonds
  reading angles ...
  500 angles
Finding 1-2 1-3 1-4 neighbors ...
  special bond factors lj:    0        0        0       
  special bond factors coul:  0        0        0       
     2 = max # of 1-2 neighbors
     1 = max # of 1-3 neighbors
     1 = max # of 1-4 neighbors
     2 = max # of special neighbors
  special bonds CPU = 0.025 seconds
  read_data CPU = 0.425 seconds
#read_restart   2.restart

#----------------------------------------------------------------------------#
# FORCEFIELD - TraPPE Flexible model for N2
#----------------------------------------------------------------------------#

pair_coeff      1   1  0.0695521435  3.310  # [N2]-L-[N2]
pair_coeff      2   2  0.0009936 0.5   # N2-[L]

bond_coeff      1   500 0.55            # [N2]-[L]

angle_coeff     1   50 180              # N2-N2_X-N2

mass 1 13.9067      # N2
mass 2  0.1         # N2_X

set type        1   charge     -0.482             # N2
Setting atom values ...
  1000 settings made for charge
set type        2   charge      0.964             # N2_X
Setting atom values ...
  500 settings made for charge

#------------------------ VARIABLES------------------------------------------#

variable  TEMP_INDEX       equal 300  # in K
variable  PRESS_INDEX      equal 160  # in bar
variable  RandomSeed       equal 33000  # RANDOM SEED
variable  nz_layers        equal 20
variable  nx_layers        equal 3
variable  timestep         equal 0.5

variable  simulationTemp   equal ${TEMP_INDEX}
variable  simulationTemp   equal 300
variable  pressure         equal 0.987*${PRESS_INDEX}
variable  pressure         equal 0.987*160

variable  Ninptpre         equal 50000
variable  Ninpt            equal 400000     # 0.2 ns
variable  npt_run          equal 2000000    # 1 ns
variable  NBR              equal ${npt_run}/100
variable  NBR              equal 2000000/100

variable  Density          equal density
variable  Volume           equal vol

variable  dumpfreq         equal 1000
variable  thermofreq       equal 1000
variable  printfreq        equal 1000
variable  restartfreq      equal 1000000

variable  NVT_init         equal 200000    # 0.1 ns
variable  NVT_init_2       equal 200000    # 0.1 ns
variable  NVE_reshape      equal 10000
variable  NVT_prod         equal 1000000   # 0.5 ns
variable  NVE_cuboid       equal 200000    # 0.1 ns

variable  thermo_num       equal 1000

#---------------------------- GROUPS/NEIGHBOUR - LIST -----------------------------------------------------------------------#

group           oxy  type 1
1000 atoms in group oxy
group           carb type 2
500 atoms in group carb

neighbor	    3.0 bin
neigh_modify    every 1 delay 0 check yes
run_style       verlet

#---------------------------- CONGUGATE-GRADIENT MINIMIZATION --------------------------------------------------------#

#minimize energytolerance forcetolerance max_iterations_of_minimizer max_number_of_force_or_energy_evaluations
minimize        1e-6 1e-8 100000 10000000
PPPM initialization ...
  using 12-bit tables for long-range coulomb (src/kspace.cpp:342)
  G vector (1/distance) = 0.26873989
  grid = 48 48 48
  stencil order = 5
  estimated absolute RMS force accuracy = 0.00039673335
  estimated relative force accuracy = 1.1947507e-06
  using single precision FFTW3
  3d grid and FFT values/proc = 29791 13824
Generated 1 of 1 mixed pair_coeff terms from arithmetic mixing rule
Last active /omp style is kspace_style pppm/omp
Neighbor list info ...
  update: every = 1 steps, delay = 0 steps, check = yes
  max neighbors/atom: 2000, page size: 100000
  master list distance cutoff = 15
  ghost atom cutoff = 15
  binsize = 7.5, bins = 7 7 7
  1 neighbor lists, perpetual/occasional/extra = 1 0 0
  (1) pair lj/cut/coul/long/omp, perpetual
      attributes: half, newton on, omp
      pair build: half/bin/newton/omp
      stencil: half/bin/3d
      bin: standard
Per MPI rank memory allocation (min/avg/max) = 9.589 | 9.598 | 9.606 Mbytes
   Step          Temp          E_pair         E_mol          TotEng         Press     
         0   0              28.434711      1.5236362e-05  28.434727      388.82384    
      9001   0             -543.99967      0.32216215    -543.6775      -14.66071     
Loop time of 51.2767 on 8 procs for 9001 steps with 1500 atoms

99.1% CPU use with 8 MPI tasks x 1 OpenMP threads

Minimization stats:
  Stopping criterion = energy tolerance
  Energy initial, next-to-last, final = 
      28.4347266566101  -543.677392908831  -543.677503133579
  Force two-norm initial, final = 108.91174 0.53436756
  Force max component initial, final = 14.210619 0.10736041
  Final line search alpha, max atom move = 0.5812229 0.06240033
  Iterations, force evaluations = 9001 17999

MPI task timing breakdown:
Section |  min time  |  avg time  |  max time  |%varavg| %total
---------------------------------------------------------------
Pair    | 4.0933     | 7.7333     | 10.382     |  83.1 | 15.08
Bond    | 0.14162    | 0.18123    | 0.28495    |  10.4 |  0.35
Kspace  | 37.878     | 40.505     | 44.195     |  36.3 | 78.99
Neigh   | 0.023006   | 0.024311   | 0.02508    |   0.4 |  0.05
Comm    | 1.6834     | 1.968      | 2.4227     |  16.3 |  3.84
Output  | 0          | 0          | 0          |   0.0 |  0.00
Modify  | 0.044489   | 0.054355   | 0.073131   |   3.4 |  0.11
Other   |            | 0.8102     |            |       |  1.58

Nlocal:          187.5 ave         269 max         117 min
Histogram: 2 0 2 0 0 1 1 0 0 2
Nghost:           1910 ave        1978 max        1790 min
Histogram: 1 0 1 0 0 0 1 3 1 1
Neighs:        21072.8 ave       35939 max        6855 min
Histogram: 1 1 1 0 1 1 0 2 0 1

Total # of neighbors = 168582
Ave neighs/atom = 112.388
Ave special neighs/atom = 2
Neighbor list builds = 38
Dangerous builds = 0

#---------------------------- NPT simulations  ---------------------------------------------------------------------#

fix runnpt all npt temp ${simulationTemp} ${simulationTemp} 10 iso ${pressure} ${pressure} 100
fix runnpt all npt temp 300 ${simulationTemp} 10 iso ${pressure} ${pressure} 100
fix runnpt all npt temp 300 300 10 iso ${pressure} ${pressure} 100
fix runnpt all npt temp 300 300 10 iso 157.92 ${pressure} 100
fix runnpt all npt temp 300 300 10 iso 157.92 157.92 100

thermo_style custom step pe ke etotal press temp v_Density
thermo_modify flush yes
thermo ${thermo_num}
thermo 1000

velocity all create ${simulationTemp} ${RandomSeed} mom yes rot yes dist gaussian
velocity all create 300 ${RandomSeed} mom yes rot yes dist gaussian
velocity all create 300 33000 mom yes rot yes dist gaussian

#-----------------------
# Run (Pre-Initialization)
#-----------------------

timestep    0.1
run         ${Ninptpre}
run         50000
PPPM initialization ...
  using 12-bit tables for long-range coulomb (src/kspace.cpp:342)
  G vector (1/distance) = 0.26873989
  grid = 48 48 48
  stencil order = 5
  estimated absolute RMS force accuracy = 0.00039673335
  estimated relative force accuracy = 1.1947507e-06
  using single precision FFTW3
  3d grid and FFT values/proc = 29791 13824
Generated 1 of 1 mixed pair_coeff terms from arithmetic mixing rule
Last active /omp style is kspace_style pppm/omp
Per MPI rank memory allocation (min/avg/max) = 8.482 | 8.483 | 8.485 Mbytes
   Step         PotEng         KinEng         TotEng         Press           Temp        v_Density   
      9001  -543.6775       1340.4703      796.79278      428.14381      300            0.16747647   
     10000   264.31212      1145.1197      1409.4318      227.47047      256.28013      0.13981872   
     11000   77.603044      1431.6589      1509.2619      239.3234       320.40819      0.12243385   
     12000   236.97535      1307.4361      1544.4115      132.32811      292.60689      0.1162246    
     13000   247.73041      1313.8556      1561.586       161.64081      294.04357      0.1207586    
     14000   171.10468      1401.0922      1572.1968      161.86595      313.5673       0.12340734   
     15000   267.63765      1274.5736      1542.2112      95.823093      285.25218      0.13298089   
     16000   154.8474       1407.7974      1562.6448      187.08019      315.06795      0.14120083   
     17000   276.08248      1270.2766      1546.359       111.51594      284.2905       0.14422063   
     18000   198.51057      1390.8881      1589.3987      198.87317      311.28361      0.14850502   
     19000   271.42916      1255.1822      1526.6114      137.64143      280.91235      0.15118225   
     20000   239.73535      1345.2073      1584.9427      200.03623      301.06016      0.15589045   
     21000   271.12728      1263.7466      1534.8739      141.0283       282.82908      0.15988675   
     22000   273.89853      1330.1965      1604.0951      141.25565      297.70072      0.15273231   
     23000   286.10461      1325.041       1611.1456      175.57393      296.54689      0.1494758    
     24000   319.55479      1313.3982      1632.953       164.07267      293.94121      0.15882809   
     25000   288.12675      1389.9381      1678.0649      153.20225      311.07101      0.15579964   
     26000   341.91575      1356.4265      1698.3423      166.07029      303.57104      0.15026037   
     27000   316.06933      1424.8549      1740.9242      191.50646      318.88545      0.14430224   
     28000   333.38557      1341.8348      1675.2204      139.05181      300.30539      0.14718054   
     29000   314.98442      1358.473       1673.4574      173.98047      304.02904      0.15489728   
     30000   319.63516      1350.4292      1670.0644      166.75867      302.22884      0.14904278   
     31000   347.62207      1383.5338      1731.1559      191.1046       309.63771      0.14840645   
     32000   349.6605       1387.8129      1737.4734      137.66303      310.59538      0.14160914   
     33000   329.56827      1352.7751      1682.3434      132.47416      302.75385      0.14277624   
     34000   339.19301      1305.7379      1644.9309      170.13829      292.22682      0.14576134   
     35000   327.41658      1340.2532      1667.6698      174.17931      299.95143      0.14034749   
     36000   368.81379      1353.381       1722.1948      145.55412      302.88945      0.14746396   
     37000   341.85749      1366.7853      1708.6428      115.06276      305.88936      0.14722893   
     38000   359.73387      1346.1387      1705.8726      185.43696      301.26861      0.13902398   
     39000   368.81195      1335.2003      1704.0123      174.01357      298.82057      0.13247853   
     40000   348.1003       1303.3212      1651.4215      131.16911      291.68596      0.14111571   
     41000   365.24269      1309.9683      1675.211       137.63527      293.1736       0.14585936   
     42000   337.65699      1354.9568      1692.6138      171.46475      303.24211      0.14161147   
     43000   350.7053       1342.2647      1692.97        188.51397      300.40159      0.14826466   
     44000   332.56477      1297.6643      1630.2291      130.1507       290.41993      0.14891961   
     45000   323.33683      1345.6485      1668.9853      166.57213      301.15889      0.14747178   
     46000   346.26443      1311.7092      1657.9737      170.40885      293.56322      0.1461713    
     47000   329.01379      1285.4628      1614.4766      165.35435      287.68921      0.14798537   
     48000   342.78564      1328.0244      1670.8101      156.59558      297.21459      0.14627122   
     49000   352.34201      1300.4918      1652.8338      137.92609      291.05273      0.13975169   
     50000   365.54522      1320.912       1686.4572      173.51966      295.62282      0.13807966   
     51000   342.73771      1301.9885      1644.7262      174.58136      291.3877       0.14831325   
     52000   329.37753      1354.0755      1683.453       151.4713       303.04488      0.15142569   
     53000   355.63978      1375.3633      1731.0031      153.42557      307.80913      0.13680431   
     54000   367.39763      1354.6621      1722.0597      193.51492      303.17616      0.13515386   
     55000   378.40554      1363.1755      1741.581       140.35615      305.08147      0.13386001   
     56000   392.00724      1380.3015      1772.3087      143.96608      308.91431      0.13723713   
     57000   366.60987      1362.2066      1728.8165      172.93192      304.86464      0.13463094   
     58000   365.5528       1376.199       1741.7518      223.64316      307.99617      0.13970692   
     59000   344.45173      1358.6616      1703.1134      119.45862      304.07126      0.13752753   
     59001   346.80195      1355.9562      1702.7581      117.31368      303.46577      0.13752474   
Loop time of 259.088 on 8 procs for 50000 steps with 1500 atoms

Performance: 1.667 ns/day, 14.394 hours/ns, 192.984 timesteps/s, 289.477 katom-step/s
99.3% CPU use with 8 MPI tasks x 1 OpenMP threads

MPI task timing breakdown:
Section |  min time  |  avg time  |  max time  |%varavg| %total
---------------------------------------------------------------
Pair    | 7.7616     | 9.7656     | 11.638     |  43.9 |  3.77
Bond    | 0.50016    | 0.58756    | 0.8859     |  15.5 |  0.23
Kspace  | 122        | 124.87     | 127.27     |  14.3 | 48.20
Neigh   | 0.044092   | 0.047139   | 0.048847   |   0.8 |  0.02
Comm    | 4.7317     | 5.614      | 7.0818     |  33.6 |  2.17
Output  | 0.0047522  | 0.0051311  | 0.0071085  |   1.0 |  0.00
Modify  | 108.44     | 112.46     | 115.28     |  18.3 | 43.41
Other   |            | 5.734      |            |       |  2.21

Nlocal:          187.5 ave         222 max         150 min
Histogram: 1 1 1 1 0 0 0 2 1 1
Nghost:        1515.25 ave        1586 max        1463 min
Histogram: 1 2 0 1 0 2 1 0 0 1
Neighs:        12074.2 ave       15487 max        8056 min
Histogram: 1 1 1 0 1 0 0 2 0 2

Total # of neighbors = 96594
Ave neighs/atom = 64.396
Ave special neighs/atom = 2
Neighbor list builds = 91
Dangerous builds = 0

timestep    0.25
run         ${Ninptpre}
run         50000
PPPM initialization ...
  using 12-bit tables for long-range coulomb (src/kspace.cpp:342)
  G vector (1/distance) = 0.26732344
  grid = 50 50 50
  stencil order = 5
  estimated absolute RMS force accuracy = 0.00040139143
  estimated relative force accuracy = 1.2087784e-06
  using single precision FFTW3
  3d grid and FFT values/proc = 32768 16250
Generated 1 of 1 mixed pair_coeff terms from arithmetic mixing rule
Last active /omp style is kspace_style pppm/omp
Per MPI rank memory allocation (min/avg/max) = 8.667 | 8.722 | 8.934 Mbytes
   Step         PotEng         KinEng         TotEng         Press           Temp        v_Density   
     59001   346.80271      1355.9562      1702.7589      117.31315      303.46577      0.13752474   
     60000   383.11853      1377.9822      1761.1008      59.203948      308.39525      0.13987705   
     61000   370.79636      1311.4139      1682.2103      80.588303      293.49712      0.13944161   
     62000   357.90014      1338.2665      1696.1666      238.10288      299.50678      0.1462106    
     63000   382.04152      1310.4672      1692.5087      346.74323      293.28524      0.14924906   
     64000   362.7722       1363.341       1726.1132      238.77922      305.11851      0.14810517   
     65000   378.61675      1381.4087      1760.0255      158.4804       309.16211      0.14520957   
     66000   386.17161      1318.2953      1704.467       100.68681      295.0372       0.14680894   
     67000   365.58862      1307.5444      1673.133       52.184333      292.63112      0.14287566   
     68000   375.00831      1332.7801      1707.7884      130.35465      298.27893      0.14095561   
     69000   365.05683      1345.9679      1711.0247      233.89642      301.23037      0.14069958   
     70000   365.21581      1347.947       1713.1628      337.86061      301.6733       0.14475889   
     71000   401.53717      1365.9733      1767.5104      203.112        305.70762      0.14651918   
     72000   357.27498      1330.1414      1687.4164      107.28344      297.68838      0.14509034   
     73000   395.30398      1298.4655      1693.7694      40.976972      290.59924      0.13621286   
     74000   381.14352      1345.4082      1726.5517      73.004667      301.10511      0.14808358   
     75000   405.24279      1341.5276      1746.7704      172.36601      300.23663      0.14058593   
     76000   392.40582      1333.445       1725.8508      230.765        298.42772      0.14492166   
     77000   395.98974      1347.862       1743.8517      190.29495      301.65428      0.1373104    
     78000   365.45605      1333.1676      1698.6236      156.79922      298.36565      0.15148126   
     79000   368.3313       1336.5689      1704.9002      142.81431      299.12686      0.14576664   
     80000   398.63441      1361.0071      1759.6415      108.18115      304.59617      0.13972746   
     81000   393.96041      1299.4751      1693.4356      147.58641      290.8252       0.13980375   
     82000   365.63114      1334.2401      1699.8713      170.18576      298.60568      0.15277373   
     83000   398.0962       1384.5763      1782.6725      176.90458      309.87101      0.13606761   
     84000   352.6688       1317.9467      1670.6155      175.04892      294.95917      0.14393058   
     85000   363.89187      1314.4209      1678.3128      144.75271      294.1701       0.14402184   
     86000   367.58517      1358.5684      1726.1536      134.12626      304.0504       0.13826915   
     87000   365.14902      1341.4979      1706.6469      162.2547       300.22998      0.14500539   
     88000   407.34457      1384.5955      1791.9401      136.55483      309.87533      0.13144976   
     89000   393.08505      1352.2514      1745.3364      154.14486      302.63663      0.14404033   
     90000   397.71697      1361.9595      1759.6765      169.6828       304.80933      0.14680666   
     91000   369.39595      1361.7206      1731.1166      180.57075      304.75588      0.15300706   
     92000   411.08522      1355.9388      1767.024       165.64207      303.46188      0.14315508   
     93000   381.78265      1333.565       1715.3477      190.57122      298.45459      0.15622668   
     94000   379.62872      1362.5038      1742.1325      113.84015      304.93115      0.14710634   
     95000   378.06682      1321.7082      1699.7751      128.91235      295.80102      0.14267751   
     96000   382.56056      1344.7078      1727.2683      168.66753      300.94836      0.14745998   
     97000   391.33587      1328.1771      1719.513       174.07889      297.24877      0.1393174    
     98000   381.06745      1339.3533      1720.4208      158.57021      299.75003      0.14102968   
     99000   396.5744       1371.5797      1768.1541      156.85612      306.96236      0.13596434   
    100000   381.30928      1325.2242      1706.5335      125.25419      296.58789      0.14965277   
    101000   402.22979      1355.2324      1757.4622      125.38814      303.30379      0.14091271   
    102000   374.10912      1358.538       1732.6471      155.22063      304.04359      0.14703209   
    103000   373.13268      1355.3469      1728.4796      186.30543      303.32942      0.13984099   
    104000   379.74757      1356.9076      1736.6552      193.66821      303.67871      0.14724103   
    105000   379.74424      1374.8408      1754.5851      180.37413      307.6922       0.14868508   
    106000   364.94965      1399.0748      1764.0244      180.87         313.11581      0.15649456   
    107000   395.39105      1321.1846      1716.5757      88.756335      295.68383      0.14633209   
    108000   367.72182      1319.7878      1687.5096      139.04184      295.37122      0.15219734   
    109000   397.99912      1349.1069      1747.106       141.21878      301.93289      0.13581954   
    109001   394.44367      1352.6379      1747.0816      144.70505      302.72314      0.13582639   
Loop time of 307.949 on 8 procs for 50000 steps with 1500 atoms

Performance: 3.507 ns/day, 6.843 hours/ns, 162.365 timesteps/s, 243.547 katom-step/s
99.3% CPU use with 8 MPI tasks x 1 OpenMP threads

MPI task timing breakdown:
Section |  min time  |  avg time  |  max time  |%varavg| %total
---------------------------------------------------------------
Pair    | 7.84       | 8.6907     | 10.157     |  29.0 |  2.82
Bond    | 0.53054    | 0.60489    | 0.86978    |  13.7 |  0.20
Kspace  | 152.15     | 154.79     | 156.11     |  10.2 | 50.26
Neigh   | 0.094653   | 0.099777   | 0.10277    |   1.0 |  0.03
Comm    | 5.0047     | 5.7126     | 6.9444     |  29.5 |  1.86
Output  | 0.004617   | 0.0049658  | 0.0065527  |   0.9 |  0.00
Modify  | 118.61     | 127.99     | 135.16     |  51.2 | 41.56
Other   |            | 10.06      |            |       |  3.27

Nlocal:          187.5 ave         217 max         159 min
Histogram: 2 1 0 1 0 0 0 2 0 2
Nghost:         1524.5 ave        1564 max        1487 min
Histogram: 2 0 1 1 0 0 1 2 0 1
Neighs:          11946 ave       15308 max        8301 min
Histogram: 1 0 2 0 1 0 2 0 0 2

Total # of neighbors = 95568
Ave neighs/atom = 63.712
Ave special neighs/atom = 2
Neighbor list builds = 199
Dangerous builds = 0

timestep    0.5
run         ${Ninptpre}
run         50000
PPPM initialization ...
  using 12-bit tables for long-range coulomb (src/kspace.cpp:342)
  G vector (1/distance) = 0.26709998
  grid = 50 50 50
  stencil order = 5
  estimated absolute RMS force accuracy = 0.00040615419
  estimated relative force accuracy = 1.2231213e-06
  using single precision FFTW3
  3d grid and FFT values/proc = 32768 16250
Generated 1 of 1 mixed pair_coeff terms from arithmetic mixing rule
Last active /omp style is kspace_style pppm/omp
Per MPI rank memory allocation (min/avg/max) = 8.667 | 8.722 | 8.934 Mbytes
   Step         PotEng         KinEng         TotEng         Press           Temp        v_Density   
    109001   394.44378      1352.6379      1747.0817      144.70514      302.72314      0.13582639   
    110000   471.13064      1358.3214      1829.452       164.04182      303.99512      0.16878666   
    111000   461.04754      1370.0231      1831.0707      145.05476      306.61398      0.15516721   
    112000   465.96104      1337.1538      1803.1148      192.80641      299.25776      0.14886793   
    113000   470.29738      1363.447       1833.7443      155.97911      305.14223      0.16210805   
    114000   480.49601      1346.358       1826.854       138.71963      301.31768      0.16075833   
    115000   479.83171      1261.5524      1741.3841      125.93777      282.33801      0.16084395   
    116000   506.44849      1378.1356      1884.5841      131.23397      308.42957      0.16411488   
    117000   457.29294      1352.2457      1809.5386      121.29825      302.63536      0.1694322    
    118000   460.43583      1330.8271      1791.263       185.28237      297.84184      0.15063075   
    119000   457.1847       1362.1112      1819.2959      166.105        304.84329      0.17184954   
    120000   470.94791      1308.3425      1779.2904      62.816149      292.80973      0.16788195   
    121000   482.62372      1333.9061      1816.5298      215.13494      298.53093      0.16099926   
    122000   468.38319      1355.4136      1823.7968      174.65279      303.34434      0.17115668   
    123000   486.17856      1342.1161      1828.2947      58.271887      300.36834      0.16961377   
    124000   457.81702      1361.593       1819.4101      268.93752      304.72732      0.17505567   
    125000   463.90661      1332.4608      1796.3674      149.81945      298.20746      0.17220854   
    126000   449.98537      1271.2802      1721.2656      113.49436      284.51513      0.1755034    
    127000   463.64477      1355.6229      1819.2676      229.06959      303.39118      0.18419108   
    128000   424.04714      1307.8518      1731.8989      137.57676      292.69992      0.18605338   
    129000   452.50648      1316.9813      1769.4878      134.88549      294.74313      0.17937528   
    130000   475.79888      1338.913       1814.7119      192.28115      299.65148      0.17297174   
    131000   441.15714      1327.6252      1768.7824      149.82923      297.12525      0.17451868   
    132000   417.96768      1332.2622      1750.2298      141.9192       298.16301      0.18155566   
    133000   479.87859      1369.605       1849.4836      164.83062      306.52042      0.16289121   
    134000   430.6646       1318.489       1749.1536      153.48542      295.08055      0.1805503    
    135000   452.72746      1357.3163      1810.0438      205.43026      303.77017      0.17374272   
    136000   427.91732      1334.6454      1762.5627      198.25455      298.69638      0.1749359    
    137000   444.21153      1285.2023      1729.4138      33.684488      287.63091      0.16946314   
    138000   434.17411      1304.7044      1738.8786      227.03629      291.99553      0.18001266   
    139000   464.50388      1377.4642      1841.9681      175.48988      308.27932      0.18149045   
    140000   435.22899      1301.0892      1736.3182      108.47747      291.18644      0.18790039   
    141000   447.81744      1319.2937      1767.1112      299.70943      295.26064      0.18725835   
    142000   448.65809      1387.0608      1835.7189      134.86929      310.42705      0.18832592   
    143000   447.48648      1325.6366      1773.1231      109.10121      296.68019      0.18332503   
    144000   466.68458      1388.0821      1854.7666      222.76348      310.65561      0.17354602   
    145000   461.1962       1325.1905      1786.3867      152.78524      296.58035      0.16611449   
    146000   472.08445      1334.8745      1806.9589      84.331137      298.74764      0.18160107   
    147000   476.67516      1363.5875      1840.2627      260.26185      305.17369      0.17303901   
    148000   448.29076      1360.5022      1808.793       139.27925      304.48319      0.1782141    
    149000   455.62683      1406.7463      1862.3731      88.282772      314.83271      0.17801831   
    150000   479.93213      1373.7349      1853.667       225.32166      307.44469      0.17119856   
    151000   463.60936      1300.251       1763.8603      135.04479      290.99883      0.17564183   
    152000   449.97426      1313.6156      1763.5899      97.330119      293.98987      0.1714038    
    153000   459.1595       1366.6005      1825.76        268.58804      305.848        0.18268581   
    154000   444.82141      1326.7013      1771.5227      156.74738      296.91848      0.18007172   
    155000   472.03985      1316.4035      1788.4434      135.60812      294.61381      0.16862758   
    156000   466.72816      1343.5714      1810.2996      220.98277      300.69404      0.17751615   
    157000   449.27212      1336.3334      1785.6055      135.87129      299.07416      0.18573373   
    158000   443.31303      1307.3985      1750.7116      132.83904      292.59847      0.16929581   
    159000   454.94749      1350.831       1805.7785      253.77549      302.31876      0.17513283   
    159001   465.45675      1341.9298      1807.3865      250.83511      300.32664      0.17514833   
Loop time of 310.793 on 8 procs for 50000 steps with 1500 atoms

Performance: 6.950 ns/day, 3.453 hours/ns, 160.879 timesteps/s, 241.318 katom-step/s
99.3% CPU use with 8 MPI tasks x 1 OpenMP threads

MPI task timing breakdown:
Section |  min time  |  avg time  |  max time  |%varavg| %total
---------------------------------------------------------------
Pair    | 8.8136     | 10.165     | 11.294     |  22.3 |  3.27
Bond    | 0.52414    | 0.6103     | 0.87425    |  13.6 |  0.20
Kspace  | 153        | 155.34     | 156.81     |   8.9 | 49.98
Neigh   | 0.22158    | 0.23297    | 0.23998    |   1.5 |  0.07
Comm    | 5.2722     | 6.0336     | 7.2997     |  29.7 |  1.94
Output  | 0.0047365  | 0.0050364  | 0.006557   |   0.8 |  0.00
Modify  | 118.81     | 128.33     | 135.64     |  51.3 | 41.29
Other   |            | 10.08      |            |       |  3.24

Nlocal:          187.5 ave         218 max         159 min
Histogram: 2 1 0 0 1 0 1 2 0 1
Nghost:        1704.25 ave        1768 max        1647 min
Histogram: 2 0 1 1 1 0 0 1 0 2
Neighs:        14866.6 ave       17696 max       10758 min
Histogram: 1 1 1 0 0 0 1 0 2 2

Total # of neighbors = 118933
Ave neighs/atom = 79.288667
Ave special neighs/atom = 2
Neighbor list builds = 400
Dangerous builds = 0

#-----------------------
# Run (Initialization)
#-----------------------

unfix       runnpt
reset_timestep 0

fix runnpt all npt temp ${simulationTemp} ${simulationTemp} 100 iso ${pressure} ${pressure} 1000
fix runnpt all npt temp 300 ${simulationTemp} 100 iso ${pressure} ${pressure} 1000
fix runnpt all npt temp 300 300 100 iso ${pressure} ${pressure} 1000
fix runnpt all npt temp 300 300 100 iso 157.92 ${pressure} 1000
fix runnpt all npt temp 300 300 100 iso 157.92 157.92 1000

timestep    ${timestep}
timestep    0.5
run         ${Ninpt}
run         400000
PPPM initialization ...
  using 12-bit tables for long-range coulomb (src/kspace.cpp:342)
  G vector (1/distance) = 0.26952259
  grid = 48 48 48
  stencil order = 5
  estimated absolute RMS force accuracy = 0.00038043731
  estimated relative force accuracy = 1.1456757e-06
  using single precision FFTW3
  3d grid and FFT values/proc = 29791 13824
Generated 1 of 1 mixed pair_coeff terms from arithmetic mixing rule
Last active /omp style is kspace_style pppm/omp
Per MPI rank memory allocation (min/avg/max) = 8.483 | 8.518 | 8.753 Mbytes
   Step         PotEng         KinEng         TotEng         Press           Temp        v_Density   
         0   465.45502      1341.9298      1807.3848      250.83439      300.32664      0.17514833   
      1000   463.5119       1374.9711      1838.483       200.32506      307.72135      0.17292067   
      2000   485.35487      1342.8032      1828.158       177.18841      300.5221       0.17011399   
      3000   477.42063      1344.0178      1821.4384      85.075885      300.79394      0.16812483   
      4000   473.81667      1341.6655      1815.4822      66.626206      300.26749      0.1666895    
      5000   480.50009      1326.6588      1807.1589      51.604415      296.90896      0.16204886   
      6000   487.93689      1324.0342      1811.9711      38.223448      296.32157      0.1575391    
      7000   473.36872      1305.2642      1778.6329      64.735845      292.1208       0.15673949   
      8000   503.65628      1319.9369      1823.5931      164.50468      295.40458      0.15901055   
      9000   455.92169      1316.6309      1772.5526      186.12152      294.66471      0.16432024   
     10000   476.83974      1307.9515      1784.7912      205.8026       292.72223      0.17153791   
     11000   450.54811      1336.0548      1786.6029      176.1209       299.01181      0.17342492   
     12000   441.49981      1321.5304      1763.0303      68.820991      295.76123      0.17291746   
     13000   445.57435      1332.4956      1778.07        35.972226      298.21526      0.17152105   
     14000   457.85335      1300.7723      1758.6257      61.807966      291.11552      0.16870369   
     15000   446.90887      1347.5364      1794.4453      130.85889      301.58142      0.1668179    
     16000   478.68603      1292.0417      1770.7278      191.11594      289.16159      0.16611661   
     17000   476.47365      1326.6615      1803.1351      223.08858      296.90956      0.16730283   
     18000   448.22742      1343.4207      1791.6481      245.3706       300.66032      0.16914953   
     19000   448.46783      1324.6273      1773.0951      218.28987      296.4543       0.16950299   
     20000   468.59962      1257.3763      1725.9759      171.9749       281.40339      0.16692213   
     21000   454.53557      1289.9557      1744.4912      168.77565      288.69472      0.16275459   
     22000   442.1493       1332.8995      1775.0488      139.84108      298.30565      0.16004535   
     23000   468.44521      1337.0331      1805.4783      109.35452      299.23075      0.16026432   
     24000   454.57431      1336.0943      1790.6686      148.15295      299.02064      0.16440999   
     25000   454.433        1328.5739      1783.0069      208.40037      297.33756      0.1710263    
     26000   464.28972      1324.2243      1788.514       201.91033      296.36412      0.17447819   
     27000   451.46591      1356.4711      1807.937       183.46533      303.58102      0.1727971    
     28000   474.52016      1386.768       1861.2882      185.07509      310.36153      0.1690514    
     29000   458.96637      1363.7851      1822.7514      204.65174      305.2179       0.16616831   
     30000   453.49253      1393.3816      1846.8741      195.35141      311.84166      0.16294424   
     31000   469.26271      1375.3992      1844.6619      191.13597      307.81716      0.16038715   
     32000   472.88135      1377.2766      1850.158       187.63177      308.23734      0.16094073   
     33000   465.70285      1368.2928      1833.9957      219.37487      306.22674      0.16715668   
     34000   470.18041      1338.1879      1808.3683      221.73303      299.4892       0.17407371   
     35000   449.23849      1344.8578      1794.0963      220.42389      300.98193      0.17655154   
     36000   472.70191      1329.8018      1802.5037      166.10003      297.61237      0.17440457   
     37000   467.65986      1343.6939      1811.3538      128.52192      300.72146      0.17109974   
     38000   450.43766      1356.4205      1806.8582      100.18107      303.5697       0.16873117   
     39000   456.9258       1340.4484      1797.3742      136.626        299.9951       0.16996846   
     40000   484.98098      1281.314       1766.2949      135.3414       286.76069      0.17192346   
     41000   440.47725      1279.7673      1720.2446      207.4464       286.41456      0.17308287   
     42000   422.90069      1354.3809      1777.2815      276.84556      303.11321      0.17386609   
     43000   445.57002      1328.3073      1773.8773      271.04746      297.2779       0.17384885   
     44000   444.67119      1307.1071      1751.7783      237.45154      292.53325      0.17428313   
     45000   449.27337      1320.3987      1769.6721      152.34091      295.50794      0.17334969   
     46000   472.27226      1305.1685      1777.4407      121.1406       292.09938      0.17335044   
     47000   452.48368      1309.0176      1761.5012      116.0821       292.96082      0.17331769   
     48000   463.35435      1334.0151      1797.3695      74.498622      298.55533      0.1730626    
     49000   456.39058      1378.7321      1835.1227      155.46127      308.56307      0.17510182   
     50000   458.04159      1312.3339      1770.3755      190.99607      293.70302      0.17887976   
     51000   422.45959      1331.2987      1753.7583      213.35433      297.94738      0.18372887   
     52000   440.50799      1338.7277      1779.2357      252.63924      299.61         0.18971436   
     53000   450.74188      1352.1198      1802.8617      270.90026      302.60719      0.18999223   
     54000   461.60035      1377.6089      1839.2093      171.92054      308.3117       0.18262843   
     55000   461.3552       1409.2498      1870.605       153.99362      315.39299      0.17745751   
     56000   464.65215      1394.3052      1858.9573      111.25985      312.04836      0.17487358   
     57000   469.77303      1358.2164      1827.9895      113.42542      303.97163      0.17440365   
     58000   483.21231      1358.4154      1841.6277      98.064946      304.01615      0.17365906   
     59000   446.68458      1367.8784      1814.563       146.3441       306.13399      0.17558921   
     60000   460.867        1365.6649      1826.5319      188.41604      305.63862      0.18105151   
     61000   436.84907      1374.0869      1810.936       113.63727      307.52348      0.1840788    
     62000   464.11228      1354.751       1818.8633      98.404524      303.19606      0.18341072   
     63000   444.15983      1354.8866      1799.0464      55.007082      303.2264       0.17614972   
     64000   485.48287      1390.3783      1875.8612      146.77732      311.16952      0.16710324   
     65000   467.42297      1357.8542      1825.2772      159.01963      303.89056      0.16484951   
     66000   468.4536       1315.4396      1783.8932      213.65793      294.39808      0.16855526   
     67000   470.82238      1301.7931      1772.6155      199.60365      291.34396      0.17236978   
     68000   449.8734       1307.8627      1757.7361      137.09065      292.70235      0.1741832    
     69000   450.72585      1315.5062      1766.2321      23.941111      294.413        0.17377068   
     70000   441.69786      1288.4407      1730.1385      16.21397       288.35567      0.17312214   
     71000   465.83422      1323.7807      1789.6149      82.245446      296.26484      0.17497783   
     72000   438.31234      1339.1158      1777.4281      229.18069      299.69686      0.18015017   
     73000   419.29561      1316.5556      1735.8512      330.24351      294.64784      0.18728094   
     74000   416.41443      1349.8581      1766.2725      293.22873      302.10101      0.18822514   
     75000   446.91081      1312.2566      1759.1674      238.73174      293.68572      0.18055502   
     76000   460.10786      1303.9702      1764.078       169.6257       291.8312       0.17058559   
     77000   461.99933      1332.5219      1794.5212      147.13822      298.22113      0.16940065   
     78000   437.37851      1317.6575      1755.036       84.969951      294.89446      0.17010197   
     79000   428.63796      1358.4047      1787.0427      121.00123      304.01376      0.1729454    
     80000   461.96338      1304.7138      1766.6772      87.198658      291.99762      0.17373015   
     81000   462.74613      1324.402       1787.1481      64.479831      296.40389      0.17237751   
     82000   439.26946      1313.8202      1753.0897      75.512961      294.03567      0.17013525   
     83000   436.49225      1353.6427      1790.135       101.01294      302.94802      0.16664996   
     84000   459.76432      1321.0716      1780.8359      173.16999      295.65854      0.16360273   
     85000   456.01911      1313.2721      1769.2912      182.3028       293.91299      0.1639897    
     86000   446.2946       1350.0875      1796.3821      206.7133       302.15235      0.17113368   
     87000   459.60906      1340.7924      1800.4014      135.94082      300.07208      0.17935825   
     88000   456.3089       1344.9291      1801.238       81.455415      300.9979       0.18250933   
     89000   475.38471      1352.8976      1828.2823      59.319008      302.78126      0.18292054   
     90000   463.67525      1330.6515      1794.3268      38.28696       297.80255      0.17996515   
     91000   471.83523      1363.9249      1835.7602      25.94272       305.2492       0.17502502   
     92000   447.99846      1358.6429      1806.6414      65.86876       304.06708      0.17173054   
     93000   466.24417      1371.0296      1837.2738      108.13519      306.83925      0.16945175   
     94000   466.40523      1377.4685      1843.8738      123.49897      308.28029      0.1663602    
     95000   459.99548      1332.0177      1792.0132      210.74814      298.10829      0.16315118   
     96000   445.13883      1343.5752      1788.714       245.59709      300.69489      0.15817338   
     97000   474.90326      1314.2012      1789.1045      295.46675      294.12093      0.15831052   
     98000   473.42392      1332.278       1805.7019      275.10025      298.16654      0.16613909   
     99000   450.50348      1338.57        1789.0735      247.73023      299.57471      0.17309539   
    100000   452.11584      1342.6872      1794.803       158.2275       300.49615      0.17432136   
    101000   485.95847      1285.6852      1771.6437      76.970668      287.73898      0.1699083    
    102000   493.20819      1335.6746      1828.8828      49.35556       298.92672      0.16572783   
    103000   477.58259      1343.4686      1821.0512      64.466176      300.67102      0.16164097   
    104000   496.62886      1353.0933      1849.7222      98.450346      302.82506      0.15776012   
    105000   504.40091      1355.1697      1859.5706      111.17579      303.28976      0.15685269   
    106000   500.96065      1377.8063      1878.767       137.51009      308.35589      0.16075924   
    107000   464.20853      1311.2759      1775.4844      139.31644      293.46624      0.163433     
    108000   469.85959      1329.0104      1798.87        162.34824      297.43525      0.16478363   
    109000   465.3974       1303.6407      1769.0381      132.5836       291.75747      0.1640693    
    110000   473.89898      1327.5107      1801.4097      137.86638      297.09963      0.16409377   
    111000   470.6735       1306.5468      1777.2203      195.28506      292.40786      0.16599566   
    112000   463.74715      1292.8858      1756.633       195.53577      289.3505       0.16964002   
    113000   459.23617      1308.4068      1767.643       210.85465      292.82413      0.1733217    
    114000   466.61203      1291.7782      1758.3902      171.51652      289.10261      0.1742155    
    115000   449.9108       1316.9502      1766.861       105.4621       294.73615      0.17139956   
    116000   484.9191       1345.327       1830.2461      32.767299      301.08695      0.16256827   
    117000   462.56252      1354.5826      1817.1451      76.789335      303.15837      0.15928637   
    118000   485.10139      1349.3099      1834.4112      160.77374      301.97832      0.16104066   
    119000   444.97409      1365.8272      1810.8013      216.49157      305.67492      0.1647115    
    120000   470.20217      1340.5604      1810.7626      211.41993      300.02018      0.16869769   
    121000   447.97819      1351.9362      1799.9144      221.58124      302.5661       0.17249253   
    122000   462.24405      1284.5183      1746.7624      160.862        287.47784      0.1755564    
    123000   423.19712      1299.7773      1722.9744      164.82653      290.89283      0.17709254   
    124000   431.6762       1320.7991      1752.4753      100.51937      295.59754      0.17293224   
    125000   476.75414      1328.2111      1804.9653      108.70267      297.25638      0.16743615   
    126000   471.29125      1326.8586      1798.1499      119.38536      296.95369      0.16334473   
    127000   456.78256      1329.4484      1786.231       153.2237       297.53328      0.16321585   
    128000   470.04537      1336.3908      1806.4362      184.29665      299.087        0.16596523   
    129000   450.613        1315.2562      1765.8692      198.95697      294.35704      0.17443523   
    130000   446.93897      1337.4281      1784.367       240.51572      299.31915      0.17975864   
    131000   435.30207      1307.3417      1742.6438      199.83304      292.58575      0.17802953   
    132000   449.35106      1325.0207      1774.3718      162.45988      296.54235      0.17369141   
    133000   448.09394      1351.0813      1799.1753      73.785145      302.37478      0.16913736   
    134000   441.07507      1322.2668      1763.3419      78.842039      295.92603      0.16929403   
    135000   467.45785      1348.8279      1816.2857      63.170137      301.87045      0.17123942   
    136000   472.9833       1369.3174      1842.3007      136.58386      306.45605      0.17424444   
    137000   457.04725      1373.0467      1830.094       172.41584      307.29068      0.17653103   
    138000   459.73065      1349.3858      1809.1165      247.25634      301.99532      0.17679938   
    139000   460.52705      1346.3908      1806.9179      203.47727      301.32503      0.16882383   
    140000   461.3226       1392.8259      1854.1485      191.96601      311.7173       0.16193538   
    141000   472.45814      1387.9407      1860.3989      166.97372      310.62399      0.16032271   
    142000   476.14418      1345.1914      1821.3356      104.95277      301.0566       0.16194526   
    143000   448.79114      1342.6237      1791.4148      22.531741      300.48194      0.16668574   
    144000   469.43022      1347.5229      1816.9531      71.707821      301.57839      0.17280353   
    145000   454.30465      1338.0876      1792.3923      142.84645      299.46676      0.1751257    
    146000   438.25856      1299.4615      1737.7201      214.36059      290.82215      0.17180149   
    147000   450.32958      1323.7717      1774.1013      235.29636      296.26282      0.16991511   
    148000   474.66438      1337.8952      1812.5595      228.80258      299.42368      0.1694698    
    149000   476.0993       1323.7201      1799.8194      183.87255      296.25127      0.16765011   
    150000   475.63331      1335.9956      1811.6289      100.37391      298.99856      0.16726972   
    151000   482.57132      1299.7923      1782.3636      40.912793      290.89618      0.16897539   
    152000   471.85582      1302.1644      1774.0202      11.572906      291.42706      0.1725374    
    153000   447.70707      1278.2616      1725.9687      26.452046      286.07757      0.1776975    
    154000   446.70527      1303.3422      1750.0474      116.00563      291.69065      0.18190999   
    155000   431.85182      1321.9408      1753.7926      207.85629      295.85307      0.17896546   
    156000   483.1657       1358.4116      1841.5773      223.41519      304.0153       0.17401328   
    157000   467.62871      1359.9415      1827.5703      219.90706      304.35771      0.17199264   
    158000   492.90139      1384.6643      1877.5657      147.3623       309.89071      0.17416942   
    159000   470.28022      1389.0987      1859.3789      111.00235      310.88314      0.17847362   
    160000   459.12047      1373.5888      1832.7092      59.448036      307.41199      0.18141699   
    161000   483.80982      1330.4075      1814.2173      65.191026      297.74793      0.18453544   
    162000   470.24551      1350.3485      1820.594       96.242486      302.21076      0.1849217    
    163000   481.38961      1342.2935      1823.6832      215.46221      300.40805      0.18216049   
    164000   439.2807       1349.3703      1788.651       250.66041      301.99185      0.17564715   
    165000   454.82062      1326.4907      1781.3114      264.19841      296.87135      0.16927434   
    166000   473.42764      1303.4495      1776.8771      239.94928      291.71467      0.16783061   
    167000   456.82399      1287.952       1744.776       148.44246      288.24629      0.16925558   
    168000   452.42294      1325.2694      1777.6923      84.865071      296.598        0.17332347   
    169000   438.5077       1317.824       1756.3317      100.05538      294.93172      0.17687314   
    170000   445.50968      1328.6276      1774.1373      114.4479       297.34958      0.17690758   
    171000   436.59047      1320.5121      1757.1026      170.18752      295.53333      0.17613284   
    172000   464.49633      1320.5313      1785.0277      194.64813      295.53762      0.17393193   
    173000   462.66274      1296.4973      1759.1601      235.18351      290.15877      0.17164093   
    174000   478.32211      1282.2318      1760.5539      175.50713      286.9661       0.17172369   
    175000   453.62797      1323.6437      1777.2717      170.56758      296.23418      0.17278363   
    176000   481.46262      1342.201       1823.6636      114.44549      300.38734      0.17160142   
    177000   485.2858       1359.1853      1844.4712      124.06225      304.18847      0.167815     
    178000   457.48607      1383.887       1841.373       170.94295      309.71674      0.16318841   
    179000   494.40715      1362.5929      1857.0001      190.30761      304.95109      0.16278017   
    180000   507.40004      1394.3401      1901.7401      266.55058      312.05618      0.16432365   
    181000   463.93439      1361.2395      1825.1739      243.64849      304.6482       0.16496667   
    182000   476.74371      1333.6368      1810.3805      209.54051      298.47064      0.16825822   
    183000   455.11953      1316.474       1771.5935      183.39457      294.62958      0.1723885    
    184000   427.74032      1342.0088      1769.7491      209.4977       300.34432      0.17430278   
    185000   461.84359      1274.9132      1736.7568      201.85199      285.3282       0.17499129   
    186000   454.27358      1298.1968      1752.4703      171.52395      290.5391       0.17437592   
    187000   436.01704      1331.787       1767.804       160.57937      298.05666      0.17360203   
    188000   472.90024      1367.5774      1840.4776      107.95606      306.06662      0.1704785    
    189000   491.10902      1354.4284      1845.5375      167.07802      303.12387      0.16713783   
    190000   476.94437      1365.4907      1842.4351      129.79555      305.59962      0.16117427   
    191000   482.79375      1368.5889      1851.3826      133.67621      306.293        0.15898955   
    192000   474.201        1377.2953      1851.4963      167.84299      308.24152      0.16129549   
    193000   493.0503       1391.7735      1884.8238      147.49667      311.48178      0.16668975   
    194000   476.13423      1343.8975      1820.0318      119.19384      300.76703      0.17292153   
    195000   473.71688      1340           1813.7169      126.79909      299.89475      0.17568694   
    196000   448.12009      1382.2648      1830.3849      137.19672      309.35371      0.1768042    
    197000   464.59678      1340.6999      1805.2967      125.84293      300.0514       0.17867005   
    198000   479.95536      1354.8698      1834.8252      137.02719      303.22265      0.17725017   
    199000   452.52732      1383.8892      1836.4165      177.95928      309.71724      0.17360747   
    200000   482.35384      1363.1123      1845.4662      184.81209      305.06733      0.17118795   
    201000   466.23893      1393.8377      1860.0767      196.80695      311.94375      0.1700457    
    202000   466.15213      1366.0534      1832.2055      152.93267      305.72555      0.16951663   
    203000   475.80471      1341.9277      1817.7324      103.07311      300.32618      0.169844     
    204000   502.18425      1329.2713      1831.4556      32.231682      297.49365      0.17081334   
    205000   448.86867      1341.0459      1789.9146      50.327765      300.12883      0.17072111   
    206000   422.48527      1302.4232      1724.9085      55.818823      291.48499      0.17209122   
    207000   461.41221      1310.3349      1771.7471      120.58233      293.25565      0.17889547   
    208000   463.11788      1299.921       1763.0389      203.43565      290.92499      0.18205909   
    209000   481.04974      1307.1609      1788.2106      234.87081      292.54528      0.17665347   
    210000   449.81994      1330.9988      1780.8187      250.38977      297.88026      0.16842504   
    211000   467.53497      1318.4656      1786.0005      236.95808      295.0753       0.16512976   
    212000   490.01613      1356.694       1846.7101      175.23479      303.63091      0.16291658   
    213000   471.00718      1367.1534      1838.1606      132.0524       305.97174      0.16474216   
    214000   468.77695      1356.2477      1825.0247      197.20533      303.53102      0.16844325   
    215000   470.93354      1353.3008      1824.2344      172.39343      302.8715       0.1692065    
    216000   455.91482      1360.2456      1816.1604      158.21643      304.42575      0.17002301   
    217000   469.40893      1374.5919      1844.0008      181.64021      307.63648      0.17226873   
    218000   449.9305       1405.0269      1854.9574      149.75371      314.4479       0.17515451   
    219000   467.89065      1337.4991      1805.3898      120.89275      299.33505      0.17787663   
    220000   453.30843      1340.0538      1793.3623      85.455105      299.9068       0.17298785   
    221000   479.95094      1304.4221      1784.3731      93.060127      291.93235      0.16534715   
    222000   470.14523      1325.2794      1795.4247      95.310056      296.60026      0.16220538   
    223000   454.07096      1334.6026      1788.6736      168.01794      298.68681      0.16322444   
    224000   440.13034      1317.4251      1757.5555      212.86985      294.84245      0.16428131   
    225000   449.77733      1339.4906      1789.268       273.96724      299.78075      0.16682639   
    226000   455.07744      1339.2995      1794.377       228.30668      299.73798      0.17071435   
    227000   480.00581      1303.3379      1783.3437      149.37258      291.6897       0.17167232   
    228000   457.39976      1336.5821      1793.9819      28.620142      299.12982      0.17154804   
    229000   483.74961      1322.2787      1806.0283     -58.987596      295.9287       0.16902573   
    230000   497.54484      1381.8382      1879.383      -48.923155      309.25822      0.16518443   
    231000   496.30131      1357.9442      1854.2455      72.203006      303.91069      0.16287389   
    232000   488.90514      1369.9892      1858.8943      160.04041      306.6064       0.16334117   
    233000   469.78744      1375.8125      1845.6         282.58644      307.90967      0.16907029   
    234000   449.22033      1362.7468      1811.9672      301.98898      304.98554      0.17455461   
    235000   466.33934      1344.0952      1810.4346      314.23908      300.81127      0.17594758   
    236000   487.10454      1323.5323      1810.6369      220.91153      296.20925      0.17275786   
    237000   477.10441      1336.9685      1814.0729      188.28888      299.21629      0.16867223   
    238000   475.44736      1368.1074      1843.5547      174.23877      306.18524      0.16548745   
    239000   472.1706       1346.3875      1818.5581      154.42702      301.32429      0.16475389   
    240000   483.29259      1346.1933      1829.4859      151.17106      301.28082      0.16469051   
    241000   498.91776      1374.269       1873.1867      182.08422      307.56422      0.16333732   
    242000   474.43531      1342.8011      1817.2364      173.18887      300.52164      0.16134183   
    243000   482.02775      1335.2979      1817.3257      167.73473      298.84242      0.16466096   
    244000   516.76883      1311.776       1828.5448      136.16454      293.57815      0.17004853   
    245000   452.95517      1364.1117      1817.0669      171.24585      305.291        0.17339435   
    246000   475.43343      1313.9866      1789.4201      104.16828      294.07291      0.17124015   
    247000   484.13591      1335.204       1819.34        34.892571      298.82141      0.16731739   
    248000   464.14707      1340.3085      1804.4556      45.869261      299.96379      0.16739468   
    249000   453.52852      1347.7719      1801.3004      126.32369      301.63412      0.16768573   
    250000   500.26701      1304.1908      1804.4578      196.65384      291.88057      0.16803281   
    251000   467.84388      1294.4029      1762.2467      299.51821      289.69002      0.17234662   
    252000   406.84136      1333.1366      1739.9779      271.96134      298.3587       0.17804676   
    253000   416.38083      1329.8167      1746.1975      230.50363      297.61571      0.18081227   
    254000   467.46049      1343.8325      1811.293       187.95919      300.75248      0.17893339   
    255000   498.98106      1353.1649      1852.1459      96.687471      302.84107      0.17192382   
    256000   489.74742      1376.5267      1866.2741      119.4199       308.06951      0.16604902   
    257000   480.83768      1401.1176      1881.9552      119.86563      313.57299      0.16431913   
    258000   453.63798      1326.2582      1779.8962      162.1156       296.81931      0.16741858   
    259000   462.3299       1334.0867      1796.4166      200.86367      298.57134      0.17108666   
    260000   431.59811      1372.5795      1804.1776      170.21778      307.18611      0.17263295   
    261000   461.987        1337.2894      1799.2764      195.94576      299.28812      0.17279646   
    262000   493.01234      1339.6338      1832.6461      177.90879      299.81278      0.16985601   
    263000   513.73084      1339.5156      1853.2465      160.36441      299.78634      0.16329737   
    264000   496.76685      1313.5195      1810.2863      181.63199      293.96836      0.15811625   
    265000   462.65991      1301.4068      1764.0667      135.03585      291.25752      0.15647511   
    266000   487.2264       1294.1177      1781.3441      128.64821      289.62621      0.16280756   
    267000   451.97695      1348.007       1799.9839      172.79526      301.68673      0.17097087   
    268000   464.10047      1362.6932      1826.7937      149.63752      304.97354      0.17311774   
    269000   478.73037      1332.8698      1811.6002      222.5844       298.299        0.1746892    
    270000   469.59343      1365.9003      1835.4937      178.58558      305.69129      0.17287909   
    271000   470.48728      1356.6632      1827.1505      200.00767      303.62401      0.17105385   
    272000   485.58003      1381.9074      1867.4874      165.13911      309.27371      0.169282     
    273000   498.60254      1383.2307      1881.8333      169.65942      309.56987      0.16720264   
    274000   471.15342      1365.6223      1836.7757      181.41424      305.62908      0.1619889    
    275000   495.79139      1358.5227      1854.314       106.2253       304.04016      0.1567475    
    276000   487.48006      1379.1201      1866.6002      128.19892      308.64992      0.16083946   
    277000   475.39169      1415.1195      1890.5112      153.06584      316.70665      0.16805033   
    278000   468.97366      1354.3741      1823.3478      142.63282      303.11171      0.17159031   
    279000   476.16434      1328.3062      1804.4706      149.09994      297.27766      0.17246328   
    280000   459.82144      1337.5863      1797.4077      148.15297      299.35455      0.17129162   
    281000   465.71478      1320.586       1786.3008      145.57263      295.54985      0.16848977   
    282000   493.75921      1333.5853      1827.3445      140.50793      298.45912      0.16465284   
    283000   498.52498      1333.7867      1832.3117      139.19218      298.50421      0.15999296   
    284000   508.57217      1337.0791      1845.6512      127.47503      299.24104      0.15727934   
    285000   482.80566      1381.4174      1864.2231      153.24835      309.16406      0.16079668   
    286000   475.13285      1423.5409      1898.6738      152.85149      318.59138      0.17055338   
    287000   468.25481      1384.3494      1852.6042      103.08878      309.82023      0.17623474   
    288000   432.51852      1373.8662      1806.3847      127.43361      307.47408      0.17921293   
    289000   443.99972      1339.3308      1783.3305      164.28029      299.74498      0.18132057   
    290000   458.80074      1314.5862      1773.3869      227.75994      294.20709      0.18013921   
    291000   453.1814       1343.9482      1797.1296      239.12662      300.77836      0.17259394   
    292000   462.2074       1303.8491      1766.0565      281.9154       291.8041       0.16646265   
    293000   491.10027      1307.7868      1798.887       185.63931      292.68536      0.16478792   
    294000   458.56294      1323.2304      1781.7933      140.80939      296.14167      0.16656021   
    295000   442.94207      1311.621       1754.5631      109.75477      293.54347      0.17028262   
    296000   465.35497      1323.138       1788.4929      107.86068      296.12099      0.17479461   
    297000   492.49906      1294.86        1787.3591      158.48718      289.79233      0.17601037   
    298000   463.97621      1311.2457      1775.2219      195.43363      293.45947      0.17359026   
    299000   461.19482      1351.8517      1813.0465      191.6618       302.54719      0.17052263   
    300000   515.41475      1315.6761      1831.0908      88.253617      294.45101      0.16319159   
    301000   480.33472      1355.7744      1836.1091      62.312472      303.42509      0.15763697   
    302000   473.57882      1386.8759      1860.4548      87.336478      310.38568      0.15625937   
    303000   497.97573      1342.5019      1840.4777      88.085537      300.45469      0.160397     
    304000   492.27518      1346.395       1838.6702      213.72601      301.32597      0.16943819   
    305000   459.64384      1380.0756      1839.7195      306.29703      308.86375      0.17277314   
    306000   458.32672      1331.4192      1789.7459      352.74571      297.97434      0.171577     
    307000   454.4065       1326.6551      1781.0616      269.58761      296.90813      0.16922599   
    308000   468.92061      1337.4113      1806.332       189.41772      299.3154       0.16957194   
    309000   443.57327      1340.7068      1784.2801      113.17859      300.05293      0.1721491    
    310000   430.76261      1305.2474      1736.01        36.135853      292.11705      0.17592643   
    311000   470.1089       1307.0941      1777.203       47.517261      292.53034      0.18193292   
    312000   464.56652      1316.2925      1780.859       67.682999      294.58896      0.18657304   
    313000   437.16331      1323.7192      1760.8825      186.67283      296.25107      0.18651168   
    314000   439.04447      1323.314       1762.3585      182.21592      296.16039      0.17693933   
    315000   484.81325      1334.9352      1819.7485      216.6005       298.76124      0.16909267   
    316000   484.83658      1376.1682      1861.0048      155.01304      307.98927      0.16585389   
    317000   493.48895      1341.6729      1835.1619      144.02988      300.26916      0.16739475   
    318000   460.47924      1359.5037      1819.983       163.39         304.25972      0.17284987   
    319000   456.27279      1397.4572      1853.73        137.55147      312.75379      0.17741083   
    320000   480.03327      1350.438       1830.4713      132.82482      302.2308       0.17838935   
    321000   489.95657      1333.6037      1823.5603      96.245695      298.46325      0.17611275   
    322000   443.52183      1334.2868      1777.8087      81.868866      298.61613      0.17429143   
    323000   453.63548      1342.2688      1795.9043      111.73857      300.40252      0.17373038   
    324000   443.61221      1325.9635      1769.5757      158.53615      296.75335      0.17335546   
    325000   462.51958      1283.3229      1745.8425      174.66489      287.21031      0.17523834   
    326000   448.20479      1322.2245      1770.4293      189.77444      295.91657      0.17877338   
    327000   448.12842      1350.5022      1798.6306      180.96805      302.24516      0.17986882   
    328000   453.8589       1365.3918      1819.2507      158.55007      305.5775       0.1765006    
    329000   463.16699      1348.7241      1811.8911      127.97155      301.84722      0.17272368   
    330000   457.75184      1352.732       1810.4839      83.982523      302.7442       0.17020268   
    331000   468.16044      1308.7166      1776.877       74.461838      292.89345      0.16996798   
    332000   465.10117      1325.7359      1790.8371      67.124565      296.70241      0.17646114   
    333000   455.18916      1345.4418      1800.631       164.01765      301.11264      0.18411762   
    334000   444.17212      1331.013       1775.1851      232.74518      297.88343      0.18516254   
    335000   443.93785      1311.3388      1755.2766      205.67738      293.48031      0.18018987   
    336000   434.00791      1343.221       1777.2289      230.86479      300.61562      0.17539155   
    337000   444.48968      1346.5345      1791.0241      183.04942      301.35717      0.17274826   
    338000   447.79492      1318.3727      1766.1676      163.94449      295.05452      0.17273996   
    339000   456.87225      1339.2207      1796.0929      150.50308      299.72033      0.17257918   
    340000   498.36539      1323.1191      1821.4845      123.46538      296.11677      0.17349972   
    341000   494.34489      1364.7907      1859.1356      162.56565      305.44296      0.17399654   
    342000   466.34434      1374.4589      1840.8032      118.2988       307.60671      0.17377755   
    343000   465.56724      1371.3344      1836.9017      157.34244      306.90746      0.17649874   
    344000   463.03539      1361.9823      1825.0177      166.76179      304.81443      0.17898903   
    345000   463.36451      1351.1526      1814.5171      180.50274      302.39072      0.1789845    
    346000   470.30177      1382.9776      1853.2794      158.94124      309.51322      0.17608721   
    347000   489.83814      1340.4972      1830.3353      95.928861      300.00602      0.17197317   
    348000   476.17968      1348.0216      1824.2013      105.58422      301.69         0.16774129   
    349000   481.1101       1368.0936      1849.2037      79.146788      306.18215      0.1626273    
    350000   478.25878      1356.5031      1834.7619      73.341265      303.58818      0.16175684   
    351000   437.86599      1337.8491      1775.7151      145.99865      299.41338      0.16722352   
    352000   448.40523      1316.2271      1764.6323      204.80504      294.57433      0.17572134   
    353000   458.91223      1339.9882      1798.9004      244.57816      299.8921       0.18034852   
    354000   465.61191      1319.8001      1785.412       228.18675      295.37396      0.18040705   
    355000   431.37513      1321.7428      1753.1179      175.76496      295.80875      0.17564409   
    356000   481.64549      1369.189       1850.8345      133.57386      306.4273       0.17017473   
    357000   496.49166      1353.6812      1850.1729      59.20273       302.95663      0.16755471   
    358000   489.05953      1354.9008      1843.9603      33.178911      303.22957      0.1667103    
    359000   481.37896      1328.5582      1809.9371      14.208858      297.33404      0.16787554   
    360000   457.19527      1362.227       1819.4223      118.77676      304.86921      0.17036364   
    361000   478.21745      1312.4036      1790.621       208.79743      293.71861      0.17222387   
    362000   470.21169      1319.5467      1789.7584      265.07096      295.31726      0.17164634   
    363000   432.08882      1319.8254      1751.9142      267.42708      295.37964      0.16962308   
    364000   477.30489      1262.9772      1740.2821      161.2214       282.6569       0.16798099   
    365000   471.52508      1300.7696      1772.2946      170.05613      291.1149       0.16549787   
    366000   477.5278       1340.0719      1817.5997      122.99081      299.91085      0.16055756   
    367000   470.34374      1351.602       1821.9458      84.418732      302.49131      0.157402     
    368000   478.54638      1342.6008      1821.1472      131.19909      300.47681      0.16056804   
    369000   497.08212      1322.2265      1819.3087      165.53444      295.91701      0.16266624   
    370000   468.98702      1358.9097      1827.8967      206.75686      304.12677      0.16549102   
    371000   460.56153      1358.6518      1819.2133      211.32651      304.06906      0.16795158   
    372000   478.95237      1356.6064      1835.5588      154.7698       303.6113       0.17003783   
    373000   482.05231      1334.4115      1816.4638      67.330459      298.64404      0.17017443   
    374000   470.85406      1386.5087      1857.3627      62.366891      310.30349      0.16873841   
    375000   491.00861      1319.0382      1810.0468      83.495081      295.20346      0.16570888   
    376000   506.53473      1328.7725      1835.3072      89.358672      297.38201      0.16111844   
    377000   497.64599      1325.2267      1822.8727      98.757816      296.58847      0.16008909   
    378000   463.40736      1347.2287      1810.6361      86.597683      301.51255      0.16525798   
    379000   466.55663      1312.5935      1779.1501      117.88974      293.76112      0.17276465   
    380000   449.27963      1329.9337      1779.2134      157.62632      297.6419       0.17788498   
    381000   461.98495      1292.347       1754.3319      166.35292      289.2299       0.18078809   
    382000   438.78412      1333.4326      1772.2167      160.99753      298.42495      0.18345256   
    383000   438.76856      1323.8373      1762.6058      145.67523      296.2775       0.18474696   
    384000   458.34668      1346.3898      1804.7364      173.28612      301.32479      0.18204638   
    385000   473.3373       1372.0411      1845.3784      203.28059      307.06561      0.17881747   
    386000   488.77492      1342.1602      1830.9351      185.95516      300.3782       0.17626282   
    387000   474.27035      1321.9999      1796.2702      159.37834      295.86629      0.17241302   
    388000   436.06077      1353.4244      1789.4852      88.84888       302.89916      0.16745157   
    389000   503.50214      1385.862       1889.3642      71.455833      310.15877      0.16641942   
    390000   471.30497      1392.505       1863.81        66.885372      311.64548      0.16859206   
    391000   472.08395      1358.203       1830.2869      121.91677      303.96861      0.17277576   
    392000   473.44416      1350.3352      1823.7794      144.78553      302.20779      0.17685557   
    393000   471.51942      1338.3465      1809.8659      128.62275      299.52468      0.17620115   
    394000   461.14039      1315.7393      1776.8797      177.77982      294.46515      0.17069803   
    395000   483.79968      1348.9981      1832.7978      124.19472      301.90854      0.16172585   
    396000   507.74554      1371.1283      1878.8739      171.31226      306.86134      0.16062312   
    397000   484.61675      1347.1957      1831.8125      239.86725      301.50517      0.16331887   
    398000   456.91743      1361.5659      1818.4834      278.65267      304.72125      0.16665407   
    399000   490.19973      1325.6109      1815.8107      264.09686      296.67445      0.17037535   
    400000   467.07128      1340.423       1807.4942      258.80595      299.98941      0.1735744    
Loop time of 2070.63 on 8 procs for 400000 steps with 1500 atoms

Performance: 8.345 ns/day, 2.876 hours/ns, 193.178 timesteps/s, 289.766 katom-step/s
99.3% CPU use with 8 MPI tasks x 1 OpenMP threads

MPI task timing breakdown:
Section |  min time  |  avg time  |  max time  |%varavg| %total
---------------------------------------------------------------
Pair    | 72.079     | 79.21      | 87.512     |  48.2 |  3.83
Bond    | 3.9995     | 4.7431     | 6.9028     |  39.5 |  0.23
Kspace  | 970.34     | 988.4      | 1000.8     |  26.5 | 47.73
Neigh   | 1.3865     | 1.4582     | 1.5067     |   3.8 |  0.07
Comm    | 40.416     | 46.415     | 56.623     |  86.8 |  2.24
Output  | 0.035871   | 0.038402   | 0.049195   |   2.1 |  0.00
Modify  | 864.22     | 901.23     | 921.17     |  56.5 | 43.52
Other   |            | 49.14      |            |       |  2.37

Nlocal:          187.5 ave         238 max         154 min
Histogram: 2 0 2 1 0 0 2 0 0 1
Nghost:        1761.12 ave        1820 max        1711 min
Histogram: 2 0 0 2 0 1 1 1 0 1
Neighs:        14983.5 ave       18763 max       11273 min
Histogram: 2 0 1 1 0 1 0 0 2 1

Total # of neighbors = 119868
Ave neighs/atom = 79.912
Ave special neighs/atom = 2
Neighbor list builds = 2526
Dangerous builds = 0

unfix       runnpt
reset_timestep 0

#-------------------------------------------------- PRODUCTION ----------------------------------------------------------#

fix	            npt_production all npt temp ${simulationTemp} ${simulationTemp} 100.0 iso ${pressure} ${pressure} 1000.0
fix	            npt_production all npt temp 300 ${simulationTemp} 100.0 iso ${pressure} ${pressure} 1000.0
fix	            npt_production all npt temp 300 300 100.0 iso ${pressure} ${pressure} 1000.0
fix	            npt_production all npt temp 300 300 100.0 iso 157.92 ${pressure} 1000.0
fix	            npt_production all npt temp 300 300 100.0 iso 157.92 157.92 1000.0
fix             DensAve all ave/time 1 ${NBR} ${NBR} v_Density file density.dat
fix             DensAve all ave/time 1 20000 ${NBR} v_Density file density.dat
fix             DensAve all ave/time 1 20000 20000 v_Density file density.dat
fix             VoluAve all ave/time 1 ${npt_run} ${npt_run} v_Volume file volume.dat
fix             VoluAve all ave/time 1 2000000 ${npt_run} v_Volume file volume.dat
fix             VoluAve all ave/time 1 2000000 2000000 v_Volume file volume.dat
fix             Densfinal all ave/time 1 ${npt_run} ${npt_run} v_Density file density_final.dat
fix             Densfinal all ave/time 1 2000000 ${npt_run} v_Density file density_final.dat
fix             Densfinal all ave/time 1 2000000 2000000 v_Density file density_final.dat

restart         ${restartfreq} restart_${NAME}.1 restart_${NAME}.2
restart         1000000 restart_${NAME}.1 restart_${NAME}.2
restart         1000000 restart_N2.1 restart_${NAME}.2
restart         1000000 restart_N2.1 restart_N2.2

run             ${npt_run}
run             2000000
PPPM initialization ...
  using 12-bit tables for long-range coulomb (src/kspace.cpp:342)
  G vector (1/distance) = 0.26936645
  grid = 48 48 48
  stencil order = 5
  estimated absolute RMS force accuracy = 0.0003836494
  estimated relative force accuracy = 1.1553488e-06
  using single precision FFTW3
  3d grid and FFT values/proc = 29791 13824
Generated 1 of 1 mixed pair_coeff terms from arithmetic mixing rule
Last active /omp style is kspace_style pppm/omp
Per MPI rank memory allocation (min/avg/max) = 8.483 | 8.532 | 8.753 Mbytes
   Step         PotEng         KinEng         TotEng         Press           Temp        v_Density   
         0   467.07132      1340.423       1807.4943      258.80589      299.98941      0.1735744    
      1000   458.53856      1345.4748      1804.0134      146.19782      301.12003      0.17020133   
      2000   489.7447       1300.3347      1790.0794      51.19098       291.01758      0.16586774   
      3000   459.22626      1326.6699      1785.8961      29.816022      296.91144      0.16408078   
      4000   498.15671      1318.7018      1816.8585      23.627796      295.12816      0.16471974   
      5000   445.89826      1323.0805      1768.9787      84.303601      296.10812      0.16725698   
      6000   477.67388      1336.9585      1814.6323      171.44529      299.21405      0.17163493   
      7000   472.61578      1328.8274      1801.4432      267.34472      297.39431      0.17836399   
      8000   453.51369      1280.1667      1733.6804      307.07767      286.50395      0.18393504   
      9000   424.44847      1304.6214      1729.0699      270.30444      291.97695      0.18335847   
     10000   455.53383      1333.5098      1789.0436      144.07854      298.44223      0.17741961   
     11000   457.30694      1339.951       1797.2579      92.081089      299.88378      0.17018935   
     12000   446.88482      1358.3732      1805.2581      120.54545      304.00672      0.1682174    
     13000   451.99562      1362.5323      1814.5279      128.32056      304.93752      0.16938683   
     14000   493.16649      1364.2369      1857.4033      139.26012      305.31901      0.17240785   
     15000   496.94129      1361.9549      1858.8962      98.764108      304.80831      0.17283492   
     16000   466.40827      1366.077       1832.4852      89.231684      305.73083      0.17242434   
     17000   455.71319      1370.6846      1826.3977      109.27944      306.76202      0.17297227   
     18000   474.33058      1350.5894      1824.92        126.18857      302.26468      0.17654906   
     19000   480.5502       1323.7214      1804.2716      118.85896      296.25156      0.1809274    
     20000   451.86108      1289.2089      1741.07        163.8984       288.52759      0.18097627   
     21000   466.60409      1285.5224      1752.1265      177.58911      287.70256      0.17681533   
     22000   488.58967      1289.2533      1777.8429      156.12638      288.53753      0.17149059   
     23000   464.85289      1348.7597      1813.6126      151.60751      301.85519      0.16697209   
     24000   477.36411      1334.6887      1812.0528      131.11221      298.70608      0.1642147    
     25000   474.0501       1342.6372      1816.6873      167.40792      300.48495      0.16619941   
     26000   493.72384      1351.7628      1845.4867      113.46909      302.5273       0.16981313   
     27000   476.95582      1337.76        1814.7158      75.963429      299.39342      0.17346326   
     28000   477.96252      1385.7317      1863.6942      100.15984      310.1296       0.17571182   
     29000   453.37359      1422.6628      1876.0364      206.02804      318.39486      0.17787787   
     30000   478.40125      1370.2093      1848.6106      277.19449      306.65566      0.17831588   
     31000   457.89501      1352.4338      1810.3288      288.09622      302.67745      0.17743597   
     32000   455.61534      1371.8974      1827.5127      280.04476      307.03345      0.17711595   
     33000   445.62241      1352.9214      1798.5438      213.70688      302.7866       0.18020596   
     34000   420.78351      1387.7362      1808.5197      180.18457      310.5782       0.18849027   
     35000   452.54236      1327.0128      1779.5552      101.96624      296.98819      0.19120107   
     36000   458.88762      1328.2208      1787.1084      93.06464       297.25855      0.18917777   
     37000   429.94769      1338.6732      1768.6208      80.476996      299.5978       0.18325491   
     38000   481.26254      1318.3778      1799.6404      133.2627       295.05567      0.17820272   
     39000   488.40893      1333.3419      1821.7509      205.06606      298.40466      0.17631335   
     40000   467.08884      1348.7175      1815.8063      226.50524      301.84574      0.17397004   
     41000   486.16887      1341.6646      1827.8335      236.36794      300.26729      0.17158401   
     42000   474.18525      1309.9783      1784.1636      247.15203      293.17584      0.17059039   
     43000   459.77322      1304.8965      1764.6697      195.62371      292.03852      0.17125149   
     44000   455.33246      1338.3577      1793.6902      171.38905      299.5272       0.17305751   
     45000   486.78326      1295.0775      1781.8608      92.037258      289.841        0.16917348   
     46000   517.0334       1309.731       1826.7644      38.963081      293.12049      0.16386796   
     47000   474.74842      1295.9539      1770.7023      26.181399      290.03714      0.16381105   
     48000   476.96237      1324.081       1801.0433      41.942754      296.33204      0.16897574   
     49000   477.74774      1313.6663      1791.414       96.769366      294.00121      0.17418122   
     50000   456.8328       1339.7657      1796.5985      113.32959      299.84231      0.17608464   
     51000   461.67038      1287.1464      1748.8168      169.13182      288.06602      0.17711717   
     52000   483.21494      1316.7767      1799.9916      221.95138      294.69732      0.17446643   
     53000   468.85575      1350.2865      1819.1422      213.97465      302.19688      0.16705285   
     54000   489.70952      1313.7721      1803.4817      177.03553      294.0249       0.16416491   
     55000   480.60939      1332.6091      1813.2185      130.54356      298.24065      0.16333159   
     56000   467.41447      1361.5336      1828.9481      110.58923      304.71401      0.16453225   
     57000   448.98247      1401.6951      1850.6776      128.30527      313.70224      0.16825651   
     58000   484.9591       1358.2442      1843.2033      140.32829      303.97785      0.16952111   
     59000   494.36873      1343.2662      1837.6349      205.25693      300.62573      0.16953095   
     60000   477.22864      1373.3828      1850.6115      239.83156      307.36589      0.17023667   
     61000   491.44727      1373.8906      1865.3379      221.38681      307.47954      0.17275913   
     62000   483.38281      1392.1407      1875.5235      248.33765      311.56395      0.17713319   
     63000   447.04412      1370.6657      1817.7098      129.17527      306.75779      0.17615156   
     64000   492.76455      1321.9012      1814.6657      90.330382      295.8442       0.17404254   
     65000   492.53127      1326.4579      1818.9891      128.09673      296.86399      0.17239803   
     66000   477.14321      1321.3806      1798.5238      110.24964      295.72769      0.16825995   
     67000   475.93587      1337.5949      1813.5307      135.91762      299.35648      0.1628886    
     68000   497.02198      1304.2318      1801.2538      42.561383      291.88976      0.15867582   
     69000   494.22218      1287.5822      1781.8044      32.688926      288.16355      0.15858081   
     70000   482.70154      1336.6596      1819.3611      87.803859      299.14715      0.16369703   
     71000   452.53203      1298.3893      1750.9213      156.66829      290.58219      0.17224471   
     72000   473.52866      1320.4071      1793.9357      274.13058      295.50981      0.17716295   
     73000   468.3628       1322.7098      1791.0727      253.58454      296.02518      0.1732008    
     74000   470.15654      1336.0496      1806.2062      273.90806      299.01065      0.16902423   
     75000   504.27556      1328.5612      1832.8368      250.36739      297.33473      0.1672626    
     76000   512.23697      1330.4567      1842.6936      223.58277      297.75894      0.16793076   
     77000   464.15092      1352.9032      1817.0542      178.61397      302.78252      0.16898888   
     78000   462.8944       1379.1114      1842.0058      149.6033       308.64796      0.17230132   
     79000   458.743        1354.7054      1813.4484      112.16853      303.18585      0.17800199   
     80000   458.79395      1346.0083      1804.8022      135.32311      301.23941      0.18117945   
     81000   468.34354      1279.8252      1748.1688      92.694041      286.42752      0.17639002   
     82000   490.85762      1330.7513      1821.6089      125.66387      297.82486      0.16585683   
     83000   473.24433      1339.4422      1812.6865      185.74071      299.76991      0.16150246   
     84000   487.67701      1312.6361      1800.3131      204.77756      293.77065      0.16202902   
     85000   495.81899      1326.274       1822.093       176.38635      296.82283      0.16536118   
     86000   470.19597      1343.8297      1814.0257      130.19451      300.75185      0.17137328   
     87000   454.06252      1293.8287      1747.8912      60.158973      289.56152      0.17655221   
     88000   458.57641      1306.797       1765.3734      120.81242      292.46386      0.18052138   
     89000   472.43345      1313.8434      1786.2769      121.77047      294.04086      0.18183854   
     90000   453.17983      1333.2091      1786.389       143.17493      298.37494      0.18079594   
     91000   490.24117      1288.2846      1778.5257      94.073105      288.32073      0.17733233   
     92000   493.31765      1353.9535      1847.2712      104.05151      303.01758      0.17389292   
     93000   486.83232      1348.045       1834.8773      122.58585      301.69523      0.16971811   
     94000   479.09073      1334.026       1813.1167      157.74992      298.55776      0.1657993    
     95000   483.67187      1356.8886      1840.5604      221.6012       303.67445      0.16609212   
     96000   465.26946      1362.6052      1827.8747      187.11447      304.95385      0.17445942   
     97000   464.66877      1365.3822      1830.0509      128.43399      305.57533      0.18306512   
     98000   460.34598      1369.8102      1830.1561      57.922201      306.56633      0.18450193   
     99000   456.2969       1392.9422      1849.2391      92.040622      311.74333      0.18355063   
    100000   462.17834      1352.8307      1815.009       135.33694      302.76628      0.17880786   
    101000   469.63953      1360.759       1830.3985      231.80247      304.54065      0.17427256   
    102000   459.028        1314.1353      1773.1633      247.63571      294.10617      0.1713648    
    103000   456.50777      1332.3577      1788.8655      187.38014      298.18438      0.17119363   
    104000   490.23649      1310.1618      1800.3983      89.562462      293.2169       0.17360079   
    105000   496.97393      1307.6221      1804.596       13.160015      292.6485       0.17673589   
    106000   469.9994       1326.4506      1796.45        20.895457      296.86238      0.179681     
    107000   463.19204      1349.7066      1812.8986      86.413397      302.06711      0.18086846   
    108000   473.89778      1347.9798      1821.8776      203.80324      301.68065      0.18079531   
    109000   478.74578      1330.7397      1809.4855      264.09554      297.82228      0.17927469   
    110000   498.43237      1324.4574      1822.8898      288.74254      296.41629      0.17931694   
    111000   459.5918       1336.2004      1795.7922      258.81424      299.04439      0.17833664   
    112000   449.4055       1353.2387      1802.6442      174.69428      302.85759      0.17611841   
    113000   438.6747       1326.3868      1765.0615      93.412267      296.84809      0.17224709   
    114000   491.48164      1340.6378      1832.1194      27.149987      300.03749      0.16942184   
    115000   493.02568      1378.7339      1871.7596      52.133115      308.56347      0.17162979   
    116000   484.90536      1352.7879      1837.6933      115.56756      302.75671      0.17573799   
    117000   479.05893      1347.2417      1826.3007      242.97283      301.51547      0.17885385   
    118000   493.90196      1337.6582      1831.5602      348.88402      299.37065      0.18228711   
    119000   450.04381      1366.8632      1816.907       344.78657      305.90679      0.18289405   
    120000   492.36967      1323.0164      1815.3861      264.68808      296.09379      0.17938261   
    121000   488.99002      1323.1844      1812.1744      148.72752      296.13138      0.17031792   
    122000   470.02188      1322.6503      1792.6721      73.636645      296.01184      0.16479008   
    123000   460.81415      1331.8158      1792.6299      55.919739      298.0631       0.16519153   
    124000   485.98671      1326.5983      1812.5851      70.451239      296.89543      0.16769456   
    125000   487.98251      1286.5628      1774.5453      99.916529      287.9354       0.17157889   
    126000   447.53166      1342.1965      1789.7282      203.87701      300.38633      0.17527929   
    127000   467.83656      1322.2297      1790.0662      174.59521      295.91771      0.17459077   
    128000   470.57559      1326.1687      1796.7443      137.31883      296.79928      0.17048308   
    129000   467.47588      1314.2845      1781.7604      142.38945      294.13957      0.1650815    
    130000   467.78345      1324.9572      1792.7406      142.393        296.52814      0.16183957   
    131000   478.82149      1337.2262      1816.0477      134.32094      299.27398      0.16376389   
    132000   491.84027      1345.5393      1837.3796      126.2012       301.13446      0.16679533   
    133000   484.3764       1351.1071      1835.4835      109.78959      302.38055      0.16758628   
    134000   462.59959      1378.8555      1841.4551      140.35423      308.5907       0.16984508   
    135000   492.84631      1380.9597      1873.806       132.63408      309.06162      0.17201551   
    136000   485.30355      1349.6533      1834.9568      136.34102      302.05517      0.17294231   
    137000   474.94022      1360.0704      1835.0107      150.96182      304.38656      0.17322592   
    138000   479.9857       1392.2903      1872.276       222.77459      311.59743      0.17596344   
    139000   488.00107      1401.363       1889.364       270.71631      313.62791      0.17751454   
    140000   501.12489      1361.4391      1862.564       269.04251      304.69287      0.17676604   
    141000   472.91243      1353.5231      1826.4355      232.96486      302.92124      0.17418648   
    142000   491.37913      1366.7878      1858.1669      156.4292       305.88991      0.16971421   
    143000   470.66829      1361.9732      1832.6415      61.581922      304.81241      0.16560914   
    144000   496.77335      1339.4475      1836.2209      30.330869      299.7711       0.16399373   
    145000   482.3696       1283.0899      1765.4595      43.255752      287.15815      0.1663925    
    146000   479.39213      1318.8568      1798.2489      107.79703      295.16285      0.17309831   
    147000   436.0683       1355.2727      1791.341       120.44331      303.31282      0.17638288   
    148000   468.79877      1318.7488      1787.5475      164.1021       295.13868      0.17865236   
    149000   466.82792      1298.456       1765.284       211.32652      290.59713      0.17655587   
    150000   446.97282      1313.1115      1760.0843      128.32249      293.87705      0.17080921   
    151000   491.08641      1330.4245      1821.5109      117.01307      297.75174      0.16833607   
    152000   508.95065      1324.2626      1833.2132      107.67456      296.37269      0.1667888    
    153000   482.83764      1331.9907      1814.8283      177.49161      298.10225      0.16531975   
    154000   468.18839      1354.2558      1822.4442      223.11778      303.08523      0.16411117   
    155000   502.75665      1333.4275      1836.1842      200.68073      298.42382      0.1645809    
    156000   471.76133      1325.6744      1797.4357      167.61148      296.68865      0.16918187   
    157000   473.53885      1301.4437      1774.9825      138.88449      291.26576      0.1780168    
    158000   452.94267      1339.6401      1792.5828      73.179274      299.8142       0.18175205   
    159000   482.96507      1363.1612      1846.1263      153.2552       305.07828      0.18418104   
    160000   465.69023      1366.6969      1832.3871      153.66866      305.86957      0.18182453   
    161000   465.27702      1374.932       1840.209       150.03919      307.71261      0.17826297   
    162000   478.06013      1336.5868      1814.6469      151.30252      299.13087      0.1733311    
    163000   471.63764      1316.5127      1788.1503      127.83624      294.63824      0.17051405   
    164000   459.61186      1342.7955      1802.4073      142.88886      300.52038      0.17134245   
    165000   460.37601      1355.6374      1816.0134      147.22761      303.39444      0.17331531   
    166000   457.20346      1357.9191      1815.1226      99.534905      303.90508      0.17589651   
    167000   463.88681      1350.6954      1814.5822      74.181292      302.28841      0.1788188    
    168000   450.92966      1311.2614      1762.1911      61.466567      293.463        0.17949017   
    169000   484.88724      1301.0242      1785.9114      107.59685      291.17189      0.17949928   
    170000   446.62186      1295.8102      1742.432       114.42159      290.00497      0.17904832   
    171000   449.42236      1331.4602      1780.8825      104.68955      297.98352      0.17578631   
    172000   492.1889       1346.6766      1838.8655      141.5421       301.38898      0.16892943   
    173000   498.57854      1348.2989      1846.8775      169.88412      301.75207      0.16396934   
    174000   483.81916      1355.5142      1839.3333      171.78632      303.36685      0.16227619   
    175000   481.37382      1344.54        1825.9138      181.07435      300.9108       0.16542214   
    176000   468.83855      1409.5174      1878.3559      174.48106      315.45288      0.17273816   
    177000   492.20052      1358.8278      1851.0283      171.27765      304.10845      0.17637454   
    178000   475.02123      1370.5309      1845.5522      175.65422      306.72764      0.17560285   
    179000   501.99612      1391.1688      1893.1649      201.62336      311.34643      0.1735354    
    180000   489.46578      1333.8973      1823.363       198.15936      298.52895      0.17066693   
    181000   475.67609      1340.1089      1815.785       240.45896      299.91912      0.1710196    
    182000   474.44105      1340.5921      1815.0332      196.76832      300.02727      0.176077     
    183000   451.42377      1346.5307      1797.9544      147.80635      301.35633      0.18015049   
    184000   461.8656       1318.1088      1779.9744      106.79667      294.99546      0.17944776   
    185000   466.9904       1308.1404      1775.1308      100.35281      292.76451      0.17501689   
    186000   486.05689      1328.5707      1814.6276      65.40183       297.33684      0.17173986   
    187000   484.11139      1323.3021      1807.4135      61.960406      296.15772      0.1711682    
    188000   459.19962      1325.7158      1784.9154      117.83458      296.69792      0.17153885   
    189000   452.19989      1305.8364      1758.0363      173.30263      292.24887      0.17412366   
    190000   437.92555      1301.6057      1739.5313      242.14916      291.30204      0.1809667    
    191000   428.5883       1348.7313      1777.3196      281.12711      301.84883      0.18621884   
    192000   458.90358      1305.626       1764.5296      285.60333      292.20177      0.18382987   
    193000   462.89618      1321.8655      1784.7616      152.01585      295.8362       0.17428987   
    194000   456.4314       1315.0788      1771.5102      49.031231      294.31734      0.17062288   
    195000   465.75503      1296.1366      1761.8916     -15.810896      290.07803      0.17004185   
    196000   485.23619      1310.8358      1796.072       23.655625      293.36774      0.1713024    
    197000   465.78418      1333.8852      1799.6694      105.87132      298.52625      0.17482873   
    198000   450.74232      1339.2199      1789.9622      262.83457      299.72016      0.17963113   
    199000   474.13711      1349.4925      1823.6296      300.08028      302.01919      0.18104255   
    200000   465.78906      1358.2877      1824.0767      267.01493      303.98757      0.17936013   
    201000   475.51323      1384.2307      1859.7439      190.96981      309.79367      0.1748952    
    202000   495.5409       1388.9101      1884.451       67.176684      310.84094      0.16889785   
    203000   501.03013      1386.2455      1887.2756      66.542012      310.24459      0.1685151    
    204000   477.74352      1383.5347      1861.2783      91.251474      309.63792      0.17394123   
    205000   486.18163      1379.3833      1865.5649      112.52582      308.70881      0.18201966   
    206000   444.33218      1350.0554      1794.3876      138.84674      302.14518      0.18691302   
    207000   459.30847      1353.8715      1813.1799      184.95594      302.99921      0.18695098   
    208000   450.92232      1352.2204      1803.1427      217.3657       302.6297       0.18366752   
    209000   478.72501      1353.2775      1832.0025      210.42338      302.86629      0.17933196   
    210000   465.30872      1335.4969      1800.8056      180.20229      298.88694      0.17357622   
    211000   476.5485       1351.5484      1828.0969      130.94876      302.4793       0.17058636   
    212000   463.90813      1323.7903      1787.6985      122.57142      296.26699      0.16979798   
    213000   480.47448      1320.7329      1801.2074      186.10233      295.58274      0.17209907   
    214000   495.82695      1308.0818      1803.9087      202.83182      292.75139      0.17551116   
    215000   470.82985      1296.836       1767.6658      204.79374      290.23456      0.17900008   
    216000   470.26947      1311.9518      1782.2213      225.14092      293.61751      0.18213672   
    217000   446.04181      1314.1798      1760.2216      183.42681      294.11614      0.18509002   
    218000   475.92852      1321.7414      1797.6699      236.64422      295.80844      0.18479689   
    219000   483.62263      1377.2686      1860.8912      168.25655      308.23554      0.17701865   
    220000   499.06659      1344.1987      1843.2652      137.27473      300.83442      0.17127129   
    221000   475.89365      1371.0027      1846.8963      140.75135      306.83322      0.16936084   
    222000   474.92169      1357.1053      1832.027       124.39193      303.72295      0.16496932   
    223000   496.08167      1343.2523      1839.334       116.74239      300.62262      0.16430952   
    224000   468.63428      1357.4636      1826.0979      129.19223      303.80314      0.16879637   
    225000   478.35543      1381.6714      1860.0269      137.12147      309.22091      0.17364703   
    226000   503.88124      1342.3344      1846.2157      104.88805      300.4172       0.17495755   
    227000   480.12278      1346.1183      1826.2411      119.93654      301.26405      0.17571374   
    228000   458.34283      1344.3082      1802.651       143.25676      300.85893      0.17670818   
    229000   471.27283      1286.9031      1758.1759      182.77623      288.01156      0.17707114   
    230000   461.9567       1325.6056      1787.5623      238.73915      296.67325      0.17977442   
    231000   469.64643      1349.0907      1818.7371      237.84361      301.92926      0.18299216   
    232000   480.04893      1370.5265      1850.5754      205.78824      306.72663      0.18636024   
    233000   481.16011      1333.4646      1814.6248      141.33703      298.43212      0.18730495   
    234000   466.8448       1336.1835      1803.0283      70.327697      299.0406       0.18115923   
    235000   489.73732      1302.0068      1791.7441      100.91176      291.3918       0.17376827   
    236000   488.39808      1348.0278      1836.4259      169.04014      301.6914       0.16894923   
    237000   494.83677      1362.5388      1857.3756      173.14778      304.93898      0.16610946   
    238000   473.03375      1350.9784      1824.0121      134.67592      302.35174      0.16847134   
    239000   478.12523      1357.1898      1835.315       105.71794      303.74185      0.17463723   
    240000   464.31886      1384.1787      1848.4975      118.44309      309.78202      0.18058827   
    241000   460.85056      1389.4494      1850.3         146.94064      310.96163      0.18316445   
    242000   469.44902      1343.3666      1812.8156      220.87582      300.6482       0.18385839   
    243000   452.5149       1350.2032      1802.7181      256.42346      302.17824      0.18015682   
    244000   474.01121      1348.0893      1822.1005      263.66959      301.70515      0.17577871   
    245000   477.6101       1336.8594      1814.4695      264.21422      299.19188      0.1753055    
    246000   444.7474       1317.3345      1762.0819      250.20234      294.82217      0.17901603   
    247000   459.26172      1321.29        1780.5517      127.99517      295.70741      0.18050948   
    248000   450.05627      1325.8493      1775.9056      107.89593      296.72779      0.18175711   
    249000   462.10617      1276.2941      1738.4002      19.752425      285.63723      0.17957582   
    250000   459.56201      1303.7321      1763.2941      58.848957      291.77793      0.17657157   
    251000   467.50329      1337.4224      1804.9257      86.873322      299.31788      0.17255858   
    252000   471.69535      1338.2207      1809.9161      157.47738      299.49655      0.17152015   
    253000   457.06361      1342.4424      1799.506       196.71769      300.44136      0.17287863   
    254000   449.3544       1343.7027      1793.0571      205.32657      300.72342      0.17524704   
    255000   476.05335      1351.8987      1827.9521      181.40787      302.55771      0.17715638   
    256000   448.68017      1384.8363      1833.5164      159.47999      309.9292       0.17725012   
    257000   479.50777      1366.6672      1846.1749      181.65945      305.86291      0.17164224   
    258000   511.12394      1345.9828      1857.1067      139.91549      301.23371      0.16407651   
    259000   493.06501      1354.6264      1847.6914      167.1185       303.16816      0.16157466   
    260000   490.27394      1356.1245      1846.3985      141.16672      303.50346      0.16405771   
    261000   453.52426      1311.5849      1765.1091      189.21061      293.53539      0.16813797   
    262000   457.18104      1314.9392      1772.1202      256.04865      294.28609      0.17281265   
    263000   452.61988      1311.4833      1764.1032      302.20517      293.51266      0.17481335   
    264000   453.00103      1325.072       1778.073       256.5064       296.55382      0.17503606   
    265000   468.89342      1315.6532      1784.5466      192.70364      294.44588      0.17568759   
    266000   446.05588      1315.7721      1761.828       140.19739      294.4725       0.17551863   
    267000   488.21975      1299.9352      1788.155       104.04693      290.92817      0.17176251   
    268000   503.13297      1333.4235      1836.5565      151.13094      298.42292      0.16912115   
    269000   485.26663      1384.6333      1869.8999      93.253433      309.88378      0.16479043   
    270000   487.78392      1351.2017      1838.9856      109.20804      302.40171      0.16368088   
    271000   486.51955      1383.1142      1869.6337      172.49954      309.5438       0.16851774   
    272000   483.37771      1344.9929      1828.3706      218.77656      301.01217      0.17492725   
    273000   477.20965      1316.3581      1793.5677      227.20083      294.60364      0.17682845   
    274000   471.07465      1328.3735      1799.4482      203.67557      297.29272      0.17552778   
    275000   481.57505      1327.0922      1808.6672      150.18104      297.00595      0.17441236   
    276000   469.84804      1320.8873      1790.7353      138.22817      295.61729      0.17543381   
    277000   453.14793      1357.3295      1810.4774      128.21665      303.77312      0.17591262   
    278000   455.74198      1344.9071      1800.6491      155.52378      300.99297      0.17615575   
    279000   480.22095      1299.2647      1779.4857      146.90133      290.77812      0.17385205   
    280000   466.89921      1328.7737      1795.6729      160.91979      297.38228      0.16870219   
    281000   464.18595      1328.3368      1792.5227      146.1449       297.2845       0.16663768   
    282000   470.79503      1311.8403      1782.6354      166.3016       293.59256      0.16798532   
    283000   464.98344      1324.998       1789.9815      210.53072      296.53728      0.17326647   
    284000   425.25461      1310.6569      1735.9115      178.17532      293.3277       0.17967685   
    285000   453.186        1337.3022      1790.4882      148.03908      299.29097      0.18361765   
    286000   466.02775      1340.8072      1806.8349      158.94453      300.07539      0.18131375   
    287000   475.45428      1337.0082      1812.4625      149.47185      299.22519      0.17383696   
    288000   493.21099      1364.4536      1857.6646      173.25546      305.36751      0.17043206   
    289000   501.78417      1325.7314      1827.5156      166.39164      296.70142      0.1685095    
    290000   481.42943      1376.2778      1857.7072      168.40669      308.0138       0.16944453   
    291000   479.89789      1342.9308      1822.8286      127.86667      300.55066      0.17124274   
    292000   500.12118      1350.3263      1850.4475      143.15021      302.2058       0.17532692   
    293000   480.11268      1340.5025      1820.6152      192.58772      300.00721      0.17675894   
    294000   443.79195      1387.6281      1831.42        237.80844      310.55401      0.17613582   
    295000   490.14259      1379.1896      1869.3322      243.53489      308.66547      0.1745828    
    296000   486.34438      1330.2834      1816.6278      185.04379      297.72016      0.16836567   
    297000   486.61433      1319.6164      1806.2307      137.7232       295.33285      0.16107183   
    298000   486.98071      1331.8408      1818.8215      94.017268      298.06871      0.15989394   
    299000   471.20531      1345.7444      1816.9497      88.775762      301.18036      0.16509271   
    300000   470.84602      1326.0629      1796.909       98.451198      296.77561      0.17345222   
    301000   475.45979      1337.6975      1813.1573      156.36174      299.37945      0.17987745   
    302000   454.59886      1331.3446      1785.9435      182.38706      297.95766      0.18416386   
    303000   450.44184      1357.6017      1808.0436      197.01089      303.83405      0.18746473   
    304000   426.86195      1365.2277      1792.0897      182.7025       305.54076      0.18880834   
    305000   453.20654      1370.5663      1823.7729      173.57139      306.73555      0.18927208   
    306000   462.36742      1394.4892      1856.8566      186.16747      312.08955      0.18698125   
    307000   473.97952      1343.6587      1817.6382      189.50661      300.71358      0.1808501    
    308000   476.09109      1358.977       1835.0681      187.27197      304.14184      0.17432188   
    309000   466.82286      1352.5174      1819.3403      115.78668      302.69617      0.16892305   
    310000   498.5928       1337.4771      1836.0699      85.700051      299.33011      0.16934301   
    311000   463.80526      1318.0055      1781.8108      113.7062       294.97235      0.17293677   
    312000   458.58482      1294.9944      1753.5792      178.12395      289.8224       0.17603232   
    313000   472.27099      1367.4083      1839.6793      133.48883      306.02879      0.17557341   
    314000   472.97778      1361.2617      1834.2395      164.53828      304.65317      0.17575941   
    315000   485.24026      1378.1444      1863.3847      176.13793      308.43156      0.17620549   
    316000   473.12812      1363.2668      1836.3949      200.09095      305.1019       0.17764651   
    317000   470.63782      1318.2898      1788.9277      296.585        295.03597      0.18077357   
    318000   457.01965      1325.2992      1782.3188      278.8933       296.60467      0.18075061   
    319000   463.41906      1320.2214      1783.6404      251.36764      295.46825      0.18051701   
    320000   454.6684       1318.7879      1773.4563      164.25951      295.14744      0.17998957   
    321000   468.59449      1323.0675      1791.662       177.84856      296.10523      0.18359251   
    322000   474.27948      1347.5424      1821.8219      200.657        301.58275      0.1880019    
    323000   465.38535      1359.7499      1825.1353      182.83292      304.31482      0.18677946   
    324000   485.29918      1378.4263      1863.7255      119.56025      308.49465      0.1824911    
    325000   493.26993      1346.2361      1839.5061     -4.1197805      301.29041      0.17579307   
    326000   489.58902      1351.3427      1840.9317      20.932032      302.43326      0.17388049   
    327000   470.87829      1380.7775      1851.6558      74.164538      309.02083      0.17500518   
    328000   497.15557      1370.4035      1867.5591      212.3397       306.69913      0.18147701   
    329000   462.36366      1340.2175      1802.5812      293.08328      299.94343      0.18807575   
    330000   484.41092      1349.1431      1833.554       254.38186      301.94099      0.19187511   
    331000   438.63111      1362.3693      1801.0004      176.13108      304.90104      0.19141725   
    332000   467.98804      1345.2194      1813.2074      124.55681      301.06286      0.18546003   
    333000   487.70191      1335.5335      1823.2354      75.432551      298.89513      0.17714149   
    334000   480.71621      1384.8161      1865.5323      123.37299      309.92469      0.17543151   
    335000   477.52246      1354.3392      1831.8617      167.46345      303.1039       0.17439994   
    336000   500.24881      1333.8363      1834.0851      221.76165      298.5153       0.17271758   
    337000   486.30093      1365.1103      1851.4112      282.27233      305.51448      0.17063586   
    338000   467.89821      1396.5077      1864.4059      226.04653      312.5413       0.16841661   
    339000   516.20265      1393.6157      1909.8184      99.202661      311.89406      0.16574561   
    340000   509.208        1356.0402      1865.2482     -19.689056      303.48457      0.16357318   
    341000   499.37436      1342.2916      1841.6659     -20.350589      300.40761      0.16624861   
    342000   469.79541      1348.6753      1818.4707      77.130174      301.83629      0.1722825    
    343000   467.87589      1298.5019      1766.3778      149.47409      290.60739      0.17855921   
    344000   455.85094      1320.9981      1776.8491      257.65602      295.64209      0.18351249   
    345000   461.88017      1311.7736      1773.6538      272.93304      293.57763      0.18291614   
    346000   462.51502      1344.285       1806.8         202.68349      300.85374      0.17876807   
    347000   484.81826      1338.4147      1823.2329      60.142648      299.53995      0.17206136   
    348000   493.05549      1357.8415      1850.897       26.300859      303.88771      0.16960335   
    349000   466.19518      1390.8884      1857.0836      35.601922      311.28368      0.17137229   
    350000   508.02599      1349.6637      1857.6897      109.74632      302.05751      0.17352024   
    351000   482.17012      1370.6547      1852.8249      195.80449      306.75534      0.17454624   
    352000   487.70179      1326.0804      1813.7821      199.33966      296.77951      0.17351222   
    353000   478.49978      1307.738       1786.2378      186.62521      292.67445      0.17168688   
    354000   470.19278      1313.1986      1783.3914      132.90078      293.89655      0.16835149   
    355000   460.35676      1329.1844      1789.5411      79.805698      297.47419      0.16723157   
    356000   451.03276      1333.7006      1784.7334      53.467335      298.48494      0.17019808   
    357000   471.08756      1318.7406      1789.8281      39.983052      295.13685      0.17565701   
    358000   460.2231       1320.6509      1780.874       134.50526      295.56438      0.18043251   
    359000   482.80885      1343.2313      1826.0401      226.21928      300.61792      0.18149846   
    360000   464.92032      1359.0947      1824.015       227.51767      304.16818      0.17789218   
    361000   470.18647      1314.1046      1784.2911      207.65026      294.09931      0.17134348   
    362000   480.73901      1336.0963      1816.8353      218.07665      299.0211       0.16943989   
    363000   476.61789      1323.3502      1799.9681      149.74403      296.1685       0.16988262   
    364000   475.84162      1285.614       1761.4556      116.78401      287.72305      0.17169618   
    365000   474.70459      1327.4272      1802.1318      73.104769      297.08093      0.17514382   
    366000   496.51275      1331.4133      1827.9261      47.734209      297.97304      0.17811769   
    367000   475.75369      1340.1922      1815.9459      73.721106      299.93777      0.18064433   
    368000   466.12956      1368.754       1834.8836      104.91818      306.32996      0.18191011   
    369000   470.37709      1373.2123      1843.5894      186.73053      307.32772      0.17858147   
    370000   486.58934      1360.6711      1847.2604      201.22183      304.52098      0.1718344    
    371000   487.25201      1375.9251      1863.1771      208.05766      307.93485      0.16987643   
    372000   492.54151      1384.0536      1876.5951      245.42168      309.75403      0.17118706   
    373000   459.09826      1366.3944      1825.4927      203.72581      305.80187      0.17240995   
    374000   482.82548      1338.0912      1820.9166      139.51792      299.46755      0.17477425   
    375000   508.39327      1328.1893      1836.5826      38.141054      297.2515       0.17792271   
    376000   471.25333      1359.3663      1830.6196      69.938615      304.22897      0.18388865   
    377000   438.56479      1357.8691      1796.4339      105.79737      303.89389      0.18673838   
    378000   433.74233      1313.6217      1747.364       171.98956      293.99123      0.18628047   
    379000   447.82806      1314.7965      1762.6245      209.33323      294.25415      0.18408261   
    380000   453.72692      1334.5781      1788.305       227.07802      298.68131      0.1844914    
    381000   452.33113      1320.237       1772.5681      185.33997      295.47175      0.182959     
    382000   463.27821      1312.6069      1775.8851      73.910431      293.76411      0.17885516   
    383000   487.61573      1270.4628      1758.0785     -36.682189      284.33218      0.1755675    
    384000   469.93498      1327.1544      1797.0894      7.6608821      297.01989      0.1783307    
    385000   461.42956      1351.4104      1812.8399      85.018749      302.44841      0.1841104    
    386000   465.37725      1341.8566      1807.2338      213.39767      300.31026      0.18889608   
    387000   452.00186      1359.2721      1811.274       323.51035      304.20789      0.18820333   
    388000   454.58282      1378.2611      1832.8439      336.09435      308.45766      0.18358245   
    389000   483.52196      1378.3511      1861.8731      262.19681      308.47781      0.17738593   
    390000   497.64761      1380.6801      1878.3277      172.58264      308.99904      0.17249757   
    391000   472.30598      1415.7742      1888.0801      57.885765      316.85316      0.17067156   
    392000   454.29397      1354.086       1808.3799      57.032822      303.04722      0.17228082   
    393000   492.06371      1321.2292      1813.2929      73.223598      295.69381      0.17421426   
    394000   437.01443      1350.6431      1787.6575      182.65075      302.27669      0.17858752   
    395000   452.42414      1328.8942      1781.3183      203.138        297.40925      0.18404461   
    396000   447.44519      1289.7176      1737.1628      183.46041      288.64144      0.18674201   
    397000   447.45159      1282.393       1729.8446      147.88933      287.00218      0.1859626    
    398000   466.19288      1335.8571      1802.05        97.657411      298.96756      0.18179986   
    399000   493.12368      1303.6539      1796.7775      77.686177      291.76041      0.17513166   
    400000   479.23571      1305.768       1785.0037      95.139736      292.23355      0.17183393   
    401000   477.13848      1329.8443      1806.9828      119.84249      297.62188      0.17246229   
    402000   459.90058      1287.8958      1747.7964      136.14248      288.23372      0.17791188   
    403000   427.69382      1316.122       1743.8158      220.35124      294.5508       0.1863094    
    404000   431.71033      1345.4039      1777.1143      240.57833      301.10417      0.18717619   
    405000   452.35732      1344.6612      1797.0186      272.2903       300.93795      0.18494145   
    406000   479.53072      1356.2814      1835.8121      214.8414       303.53856      0.17963105   
    407000   506.86507      1377.7583      1884.6233      189.89067      308.34513      0.17645119   
    408000   469.11692      1400.3796      1869.4966      243.11329      313.40784      0.17606777   
    409000   470.87443      1382.1828      1853.0572      240.14052      309.33534      0.17455627   
    410000   493.29986      1349.9675      1843.2673      169.84696      302.12549      0.17415651   
    411000   467.94778      1374.9479      1842.8957      171.3934       307.71617      0.17725371   
    412000   470.50501      1356.1297      1826.6348      136.51747      303.50462      0.18150906   
    413000   470.10141      1319.9841      1790.0855      164.20134      295.41515      0.18686077   
    414000   487.08682      1330.9947      1818.0816      160.64204      297.87936      0.18641978   
    415000   456.52992      1357.7554      1814.2853      112.01795      303.86844      0.18103279   
    416000   454.74302      1370.846       1825.589       114.29588      306.79815      0.17628187   
    417000   479.54455      1360.731       1840.2755      83.625913      304.53438      0.17318256   
    418000   486.3957       1378.0348      1864.4305      77.461914      308.40702      0.17224041   
    419000   485.37667      1340.254       1825.6306      151.36259      299.95159      0.17195337   
    420000   495.04223      1317.4425      1812.4847      153.60561      294.84633      0.17184767   
    421000   491.77478      1299.7809      1791.5557      141.82907      290.89363      0.17074087   
    422000   474.3324       1331.8629      1806.1953      175.012        298.07364      0.16994574   
    423000   471.65187      1313.1133      1784.7652      152.34314      293.87745      0.16733131   
    424000   456.36618      1325.4473      1781.8135      147.24682      296.63784      0.16248882   
    425000   497.28712      1320.949       1818.2361      164.90788      295.6311       0.16452658   
    426000   469.94771      1337.8023      1807.75        201.05932      299.40289      0.17273733   
    427000   470.58534      1327.5186      1798.104       200.88909      297.10139      0.17630994   
    428000   476.44056      1341.9823      1818.4229      150.58591      300.33839      0.17655392   
    429000   479.17762      1310.2724      1789.4501      110.45388      293.24166      0.17443947   
    430000   469.29447      1285.0248      1754.3193      129.70375      287.59119      0.17185557   
    431000   450.03843      1327.6624      1777.7009      206.74603      297.13358      0.16996387   
    432000   467.23236      1320.9247      1788.1571      193.56194      295.62567      0.16635215   
    433000   492.89019      1309.7286      1802.6188      200.78241      293.11995      0.16397545   
    434000   494.10622      1311.1693      1805.2755      205.40971      293.44238      0.16360704   
    435000   475.16786      1328.6016      1803.7695      263.22114      297.34377      0.16803976   
    436000   459.05125      1374.5081      1833.5593      224.48327      307.61773      0.17793855   
    437000   493.67704      1365.6532      1859.3302      139.95948      305.63598      0.18111625   
    438000   466.90852      1349.4826      1816.3911      93.708917      302.01697      0.1795432    
    439000   457.35494      1351.1783      1808.5333      77.425766      302.39648      0.17576811   
    440000   502.53914      1328.2269      1830.7661      97.124913      297.25991      0.16976322   
    441000   497.48363      1337.8715      1835.3552      146.8556       299.41839      0.16629613   
    442000   446.60177      1343.2221      1789.8239      230.45802      300.61587      0.16698101   
    443000   461.67789      1344.9651      1806.643       244.65672      301.00596      0.17251339   
    444000   447.24838      1349.6864      1796.9348      195.004        302.06259      0.17646321   
    445000   461.61544      1303.1519      1764.7673      173.97358      291.64806      0.17584095   
    446000   481.13208      1321.5044      1802.6364      197.44163      295.75539      0.17408266   
    447000   479.04574      1327.7358      1806.7816      221.00821      297.15         0.17206601   
    448000   466.02433      1327.8198      1793.8441      250.31611      297.1688       0.16980338   
    449000   506.9217       1329.7996      1836.7213      229.38825      297.61187      0.16824956   
    450000   490.39147      1366.3967      1856.7882      180.70042      305.80238      0.16945967   
    451000   501.44827      1336.7022      1838.1505      88.396152      299.1567       0.17118431   
    452000   466.23492      1347.4867      1813.7216      68.900858      301.57028      0.17173319   
    453000   467.23051      1318.6731      1785.9036      92.710007      295.12175      0.17049538   
    454000   474.37455      1290.9734      1765.348       96.300931      288.92251      0.16885385   
    455000   476.53206      1333.4894      1810.0215      167.13582      298.43767      0.17007288   
    456000   495.14766      1314.7303      1809.8779      141.29674      294.23933      0.17011853   
    457000   472.90445      1297.5971      1770.5015      109.9385       290.40488      0.16698194   
    458000   455.14474      1317.975       1773.1197      168.17975      294.9655       0.16623091   
    459000   439.50142      1367.3345      1806.836       214.58044      306.01228      0.1662474    
    460000   516.29975      1311.392       1827.6918      255.04298      293.49223      0.16795543   
    461000   466.94195      1363.4714      1830.4133      300.43925      305.14769      0.17131324   
    462000   465.83598      1357.9406      1823.7766      272.07285      303.90989      0.17531704   
    463000   487.93074      1364.7359      1852.6666      167.33295      305.43069      0.17727972   
    464000   492.94224      1365.773       1858.7152      115.25836      305.6628       0.1745424    
    465000   504.34734      1432.1451      1936.4924      45.207766      320.517        0.1673513    
    466000   492.29596      1354.5785      1846.8744      25.189644      303.15744      0.16238581   
    467000   498.62298      1328.1582      1826.7812      88.008736      297.24453      0.16256753   
    468000   491.80878      1316.3371      1808.1459      158.00372      294.59894      0.16669124   
    469000   471.66987      1298.1837      1769.8536      210.73035      290.53619      0.17464541   
    470000   464.2499       1322.9743      1787.2242      215.29215      296.08436      0.180624     
    471000   443.50829      1317.0863      1760.5945      148.84344      294.76661      0.18108635   
    472000   483.91356      1318.3342      1802.2478      78.755185      295.0459       0.17635004   
    473000   485.86562      1316.8375      1802.7032      22.263205      294.71094      0.1712206    
    474000   503.31383      1333.0623      1836.3762      4.0351128      298.34209      0.16838631   
    475000   480.82282      1335.1463      1815.9691      74.78941       298.80847      0.16815903   
    476000   468.80195      1387.1756      1855.9776      178.59906      310.45275      0.16977945   
    477000   478.1113       1336.8722      1814.9835      269.61011      299.19475      0.17208744   
    478000   470.17277      1339.2009      1809.3737      236.76582      299.71591      0.17542322   
    479000   448.4906       1354.0741      1802.5647      201.62447      303.04456      0.17886222   
    480000   448.8937       1313.8682      1762.7619      122.81957      294.0464       0.17916811   
    481000   454.31819      1319.9296      1774.2478      133.5514       295.40296      0.17773137   
    482000   478.34326      1325.668       1804.0113      126.01807      296.68722      0.17635038   
    483000   443.96756      1326.0662      1770.0338      201.18118      296.77635      0.17709909   
    484000   473.65994      1288.4091      1762.069       146.81028      288.3486       0.17564246   
    485000   465.13759      1281.8344      1746.972       200.741        286.87718      0.17454717   
    486000   460.27347      1350.551       1810.8244      216.02647      302.25608      0.17343182   
    487000   479.43197      1343.8355      1823.2675      164.02736      300.75314      0.17436048   
    488000   485.5404       1345.5926      1831.133       88.217483      301.14639      0.17719899   
    489000   483.06413      1346.3292      1829.3934      78.51003       301.31125      0.18117297   
    490000   472.30006      1386.6001      1858.9002      30.232485      310.32396      0.18161182   
    491000   512.2058       1365.4417      1877.6475      41.717188      305.58866      0.17856839   
    492000   494.88331      1365.7576      1860.6409      147.77896      305.65935      0.16967259   
    493000   494.21389      1360.1705      1854.3844      201.58217      304.40895      0.1646377    
    494000   508.39169      1335.4184      1843.8101      235.43892      298.86938      0.16679451   
    495000   479.06482      1362.5337      1841.5986      207.74471      304.93785      0.17171841   
    496000   466.4265       1331.4703      1797.8968      155.57199      297.98578      0.17768387   
    497000   435.63396      1361.1345      1796.7685      126.74145      304.6247       0.18124556   
    498000   486.35374      1344.1056      1830.4593      122.62792      300.81359      0.18105996   
    499000   486.1968       1395.7159      1881.9127      140.65236      312.36408      0.17869543   
    500000   481.09121      1352.4182      1833.5094      214.04873      302.67397      0.17713845   
    501000   470.3203       1319.9207      1790.241       180.72509      295.40096      0.1764263    
    502000   448.62971      1312.7371      1761.3668      188.13027      293.79326      0.18187469   
    503000   431.73877      1335.3449      1767.0836      193.34692      298.85292      0.19221785   
    504000   437.62845      1319.1311      1756.7595      154.96706      295.22424      0.19456379   
    505000   450.28609      1327.1106      1777.3967      73.250855      297.01007      0.1898928    
    506000   493.736        1377.0799      1870.8159      67.323156      308.1933       0.18385627   
    507000   496.71731      1385.591       1882.3083      115.76221      310.0981       0.18055097   
    508000   494.90656      1365.3079      1860.2144      105.19318      305.5587       0.17885695   
    509000   492.81228      1334.026       1826.8383      153.49458      298.55776      0.17735526   
    510000   472.00461      1374.9124      1846.917       104.51429      307.70821      0.17605713   
    511000   495.71472      1329.8722      1825.5869      160.52263      297.62813      0.1766506    
    512000   463.01553      1358.6568      1821.6724      167.9993       304.07019      0.17765826   
    513000   467.03749      1401.2486      1868.2861      203.66538      313.60231      0.18160007   
    514000   454.93863      1352.3215      1807.2601      209.48016      302.65233      0.18330293   
    515000   451.59002      1322.9475      1774.5375      95.168484      296.07837      0.18171443   
    516000   483.31574      1339.082       1822.3978      34.124548      299.68931      0.17905316   
    517000   477.22888      1340.773       1818.0019      58.121174      300.06776      0.17787919   
    518000   447.67283      1336.904       1784.5768      165.78339      299.20185      0.17593115   
    519000   472.06852      1309.5687      1781.6373      265.30384      293.08417      0.17535015   
    520000   465.60188      1302.4134      1768.0153      283.95904      291.4828       0.17429433   
    521000   454.27774      1333.2351      1787.5129      303.63624      298.38076      0.17860803   
    522000   444.52895      1363.1267      1807.6557      251.37711      305.07056      0.18370329   
    523000   459.93061      1343.3153      1803.2459      175.28432      300.63672      0.18490504   
    524000   474.08109      1291.0658      1765.1469      128.36018      288.94317      0.18150379   
    525000   458.88352      1341.8518      1800.7353      92.729923      300.30919      0.17361035   
    526000   488.84528      1323.6956      1812.5409      80.480562      296.2458       0.16683949   
    527000   514.43723      1306.6529      1821.0901      41.33055       292.4316       0.16597839   
    528000   481.29037      1328.1667      1809.457       41.364914      297.24642      0.17012564   
    529000   472.18292      1309.4839      1781.6668      70.133991      293.06517      0.17550838   
    530000   461.71239      1294.7763      1756.4887      141.7569       289.77358      0.17996972   
    531000   456.50951      1342.2139      1798.7234      218.05257      300.39023      0.1832305    
    532000   452.24011      1329.0018      1781.2419      302.60446      297.43332      0.18591284   
    533000   473.66281      1374.5602      1848.223       233.38269      307.6294       0.18369639   
    534000   492.21256      1345.1126      1837.3251      166.00645      301.03896      0.17858838   
    535000   493.69986      1349.4177      1843.1176      107.06326      302.00245      0.1761711    
    536000   484.02363      1345.8172      1829.8408      48.34681       301.19664      0.17938439   
    537000   470.50832      1328.4742      1798.9825     -33.460473      297.31525      0.18339992   
    538000   462.42051      1326.0904      1788.5109     -36.483991      296.78175      0.18548049   
    539000   476.79562      1331.9337      1808.7294      40.219344      298.08951      0.18536713   
    540000   474.07505      1356.1912      1830.2662      92.533562      303.51837      0.18110711   
    541000   472.45833      1350.0243      1822.4827      200.79117      302.13822      0.17731102   
    542000   467.13854      1348.7117      1815.8502      226.81755      301.84444      0.17412698   
    543000   512.27173      1363.4995      1875.7713      255.87589      305.15399      0.17341569   
    544000   493.98358      1384.8645      1878.8481      251.14582      309.93552      0.17344321   
    545000   472.48077      1375.2783      1847.7591      203.15166      307.79011      0.17288909   
    546000   491.61383      1336.6971      1828.311       124.39506      299.15556      0.17181187   
    547000   481.46605      1365.332       1846.798       37.305087      305.5641       0.17201718   
    548000   484.94425      1459.0327      1943.977       72.310056      326.53451      0.17208421   
    549000   484.15623      1368.058       1852.2142      112.5988       306.17418      0.16827577   
    550000   491.74819      1343.2776      1835.0258      148.29483      300.6283       0.16457094   
    551000   524.24616      1350.3205      1874.5667      208.17971      302.2045       0.16399848   
    552000   487.42092      1402.8167      1890.2377      252.92451      313.95327      0.16602547   
    553000   492.08571      1340.1468      1832.2325      253.08042      299.92761      0.17062771   
    554000   455.76006      1326.751       1782.511       217.7006       296.92959      0.17293882   
    555000   463.47292      1299.4926      1762.9655      113.10516      290.8291       0.17352078   
    556000   495.55566      1321.1104      1816.6661      59.429115      295.66722      0.17431902   
    557000   486.61927      1321.2578      1807.8771      68.507108      295.70021      0.17544716   
    558000   489.70531      1317.0635      1806.7688      107.40372      294.76151      0.17624971   
    559000   465.49015      1337.3806      1802.8707      192.10392      299.30852      0.17650724   
    560000   483.93972      1306.787       1790.7268      185.05853      292.46162      0.17274893   
    561000   508.25091      1312.8745      1821.1254      136.46496      293.82401      0.16562959   
    562000   475.19956      1311.9391      1787.1387      142.74625      293.61467      0.15939401   
    563000   453.77561      1292.1924      1745.968       152.69162      289.19532      0.15916674   
    564000   465.59026      1318.327       1783.9173      180.55107      295.0443       0.16486214   
    565000   477.77822      1326.7661      1804.5443      185.03979      296.93297      0.17408194   
    566000   469.08353      1323.9786      1793.0622      211.30949      296.30913      0.17824927   
    567000   457.84155      1349.1307      1806.9722      235.50732      301.93822      0.1758121    
    568000   477.5696       1321.5348      1799.1044      162.84261      295.76221      0.17225433   
    569000   475.50817      1312.3563      1787.8644      118.40045      293.70803      0.16938095   
    570000   488.6297       1281.1794      1769.8091      82.14672       286.73058      0.16779388   
    571000   478.28272      1312.4351      1790.7178      130.32689      293.72566      0.16736904   
    572000   501.62584      1311.0746      1812.7005      165.56487      293.4212       0.16761311   
    573000   469.81157      1342.5112      1812.3227      188.1045       300.45676      0.16879754   
    574000   461.77018      1311.5432      1773.3134      169.12713      293.52607      0.17237306   
    575000   476.8869       1321.6941      1798.581       170.68006      295.79785      0.17656089   
    576000   446.84492      1320.5151      1767.36        231.21636      295.53399      0.1798538    
    577000   479.5084       1277.0471      1756.5555      248.13063      285.80576      0.17873754   
    578000   466.69609      1290.2828      1756.9788      256.13742      288.76793      0.1757865    
    579000   466.20507      1335.9297      1802.1348      245.50579      298.98382      0.17291807   
    580000   488.89248      1325.0433      1813.9358      210.20168      296.54742      0.16786203   
    581000   506.3041       1319.408       1825.7121      162.75395      295.28622      0.16460573   
    582000   485.8903       1350.9231      1836.8134      94.123699      302.33935      0.16680374   
    583000   500.72791      1324.6021      1825.33        131.26485      296.44868      0.1750146    
    584000   456.57291      1398.9182      1855.4911      156.57548      313.08076      0.17826216   
    585000   471.64176      1385.1374      1856.7792      161.18777      309.9966       0.17576643   
    586000   480.07587      1367.0352      1847.1111      195.77986      305.94529      0.17345065   
    587000   496.35771      1350.6954      1847.0531      187.01025      302.2884       0.17315661   
    588000   486.68805      1331.9161      1818.6042      165.33314      298.08556      0.17432532   
    589000   476.72175      1306.0748      1782.7966      99.193136      292.30222      0.17442074   
    590000   464.7159       1322.8102      1787.5261      105.57344      296.04763      0.17613498   
    591000   460.22826      1337.3913      1797.6195      95.952801      299.31091      0.17762622   
    592000   472.2417       1335.8074      1808.0491      94.659954      298.95645      0.17790754   
    593000   487.96777      1353.9494      1841.9172      138.50498      303.01665      0.17809114   
    594000   485.40378      1380.9527      1866.3565      201.76807      309.06005      0.18068859   
    595000   493.85872      1359.2848      1853.1435      194.96884      304.21072      0.18593088   
    596000   448.41986      1358.7438      1807.1636      145.22651      304.08965      0.1889292    
    597000   465.19397      1379.4134      1844.6074      178.56502      308.71555      0.18925119   
    598000   478.21418      1414.7963      1893.0104      253.01457      316.63431      0.18529195   
    599000   481.32039      1374.7278      1856.0482      206.68631      307.66691      0.174624     
    600000   473.62096      1364.1332      1837.7542      196.73384      305.29581      0.17025304   
    601000   479.31961      1354.0549      1833.3745      148.90681      303.04027      0.17186405   
    602000   497.33085      1376.2507      1873.5815      84.593796      308.00772      0.17633905   
    603000   475.63099      1368.3632      1843.9942      155.00152      306.2425       0.18253603   
    604000   447.81228      1371.0234      1818.8357      175.16092      306.83785      0.18275382   
    605000   492.1433       1318.9942      1811.1375      230.79401      295.1936       0.18019508   
    606000   466.67946      1318.7959      1785.4753      177.24318      295.14922      0.17479737   
    607000   484.19851      1348.8009      1832.9995      151.6222       301.86442      0.17202497   
    608000   492.02517      1367.4768      1859.502       203.40541      306.04411      0.17288442   
    609000   480.34472      1369.4185      1849.7632      147.90248      306.47867      0.17408984   
    610000   495.07954      1332.9231      1828.0026      129.74945      298.31093      0.17484681   
    611000   493.87585      1372.3796      1866.2555      158.29987      307.14138      0.17592941   
    612000   462.79623      1362.8722      1825.6684      146.53877      305.01359      0.17468458   
    613000   467.48268      1352.748       1820.2307      147.75568      302.74778      0.17429151   
    614000   479.22241      1367.8098      1847.0322      110.73484      306.11864      0.17278653   
    615000   492.0041       1369.6067      1861.6108      129.90805      306.5208       0.17070601   
    616000   479.24301      1369.1047      1848.3477      61.293998      306.40845      0.16823654   
    617000   500.59293      1333.5924      1834.1853      40.496748      298.46071      0.16807539   
    618000   505.55882      1324.9423      1830.5011      135.69222      296.52481      0.17299326   
    619000   456.54006      1338.5753      1795.1154      235.7462       299.5759       0.18106084   
    620000   461.21953      1319.5411      1780.7607      220.38518      295.31601      0.18254498   
    621000   463.24366      1297.4858      1760.7294      169.03949      290.37998      0.18143214   
    622000   475.48601      1315.1613      1790.6473      161.36023      294.33581      0.17995383   
    623000   467.29889      1329.7157      1797.0146      133.42716      297.5931       0.17659042   
    624000   459.40315      1342.6693      1802.0724      162.00253      300.49214      0.17425482   
    625000   469.73696      1325.1172      1794.8542      189.99166      296.56395      0.17374201   
    626000   472.32919      1344.1645      1816.4937      227.54935      300.82677      0.17447594   
    627000   496.09651      1350.546       1846.6425      247.83306      302.25496      0.1743485    
    628000   501.33398      1420.7175      1922.0514      199.80512      317.95948      0.16951218   
    629000   524.23775      1354.5113      1878.749       139.27908      303.14241      0.16358055   
    630000   512.04842      1343.2339      1855.2823      72.704026      300.61849      0.16151159   
    631000   526.93261      1341.9658      1868.8984      74.515508      300.33469      0.16542163   
    632000   497.12806      1370.7579      1867.886       131.56804      306.77844      0.17084227   
    633000   496.42487      1382.9041      1879.3289      186.97566      309.49677      0.1731829    
    634000   465.90489      1355.5315      1821.4364      230.50046      303.37073      0.17572985   
    635000   460.33648      1372.6078      1832.9443      265.07259      307.19244      0.17912887   
    636000   471.22066      1356.5083      1827.7289      262.30973      303.58934      0.18031254   
    637000   477.9142       1345.4844      1823.3986      239.69692      301.12217      0.1806073    
    638000   495.55682      1322.3287      1817.8855      180.32717      295.93988      0.18005646   
    639000   488.67367      1361.6323      1850.306       81.450054      304.7361       0.17988676   
    640000   470.91959      1324.8695      1795.7891     -37.359491      296.50851      0.18149098   
    641000   451.52873      1321.2622      1772.791      -26.426616      295.7012       0.1847869    
    642000   478.19018      1297.7968      1775.9869      82.968781      290.44958      0.18737161   
    643000   461.73938      1307.3229      1769.0623      247.80481      292.58155      0.18736876   
    644000   455.04733      1312.9878      1768.0351      302.80642      293.84936      0.18219657   
    645000   465.67094      1368.4248      1834.0957      301.96279      306.25628      0.1746021    
    646000   488.48429      1343.5874      1832.0717      201.57303      300.69763      0.17116569   
    647000   491.28861      1365.5064      1856.795       150.13047      305.60313      0.17129813   
    648000   494.7584       1371.172       1865.9304      107.74177      306.87111      0.17448775   
    649000   498.51562      1357.8757      1856.3913      111.9129       303.89537      0.17839985   
    650000   496.91814      1354.3951      1851.3132      171.13885      303.1164       0.18331761   
    651000   465.44135      1349.7397      1815.181       272.90771      302.07451      0.18886029   
    652000   452.59316      1357.5825      1810.1756      244.58881      303.82974      0.19203723   
    653000   462.29845      1340.5056      1802.8041      180.61299      300.00791      0.18679113   
    654000   454.78597      1357.4731      1812.2591      102.87599      303.80526      0.1770215    
    655000   485.64759      1327.5297      1813.1772      74.047162      297.10386      0.1733315    
    656000   453.28339      1348.0165      1801.2999      97.338737      301.68885      0.17128103   
    657000   485.13978      1323.1498      1808.2896      123.07699      296.12365      0.16986125   
    658000   483.88958      1340.5052      1824.3948      114.40798      300.00781      0.17000845   
    659000   490.11915      1325.1335      1815.2526      155.0528       296.56759      0.17475817   
    660000   496.65284      1328.8781      1825.5309      191.36981      297.40565      0.18018023   
    661000   476.56336      1331.0782      1807.6415      220.97121      297.89802      0.18251418   
    662000   449.78356      1344.5634      1794.3469      207.86385      300.91604      0.18028097   
    663000   470.37458      1279.7021      1750.0766      134.72904      286.39995      0.1762534    
    664000   484.93923      1306.7302      1791.6695      95.156678      292.44891      0.1740331    
    665000   487.42425      1312.5228      1799.9471      73.223857      293.7453       0.17340333   
    666000   454.79625      1332.3387      1787.135       85.844675      298.18014      0.171308     
    667000   494.4479       1318.9786      1813.4265      106.88386      295.19012      0.16965774   
    668000   500.81226      1361.6519      1862.4642      145.50061      304.74049      0.16832468   
    669000   502.01311      1373.5962      1875.6093      109.18136      307.41365      0.16778913   
    670000   465.60828      1381.1129      1846.7211      175.47158      309.0959       0.17241027   
    671000   471.04077      1339.5445      1810.5853      150.84529      299.79282      0.17925632   
    672000   488.1691       1300.3988      1788.5679      151.64822      291.03193      0.18526511   
    673000   469.43091      1285.8128      1755.2437      95.283879      287.76754      0.18513631   
    674000   471.25919      1321.4117      1792.6709      116.48998      295.73465      0.1821817    
    675000   454.6799       1344.4538      1799.1337      115.95236      300.89152      0.1756198    
    676000   499.213        1327.2505      1826.4635      74.9325        297.04138      0.16961652   
    677000   500.3886       1317.4118      1817.8004      101.92314      294.83947      0.1679376    
    678000   481.44818      1330.5055      1811.9537      124.25944      297.76987      0.17064007   
    679000   479.35649      1386.2772      1865.6337      173.63464      310.25168      0.17662227   
    680000   473.90245      1351.8419      1825.7444      184.98347      302.545        0.18135256   
    681000   514.00015      1338.4268      1852.4269      257.40979      299.54266      0.1828837    
    682000   484.3016       1353.4176      1837.7192      204.6668       302.89764      0.17961933   
    683000   477.40732      1369.9272      1847.3346      194.2643       306.59253      0.17632379   
    684000   477.23483      1374.2143      1851.4492      175.78339      307.55199      0.17381032   
    685000   502.20936      1401.5448      1903.7541      172.95925      313.6686       0.17364142   
    686000   459.47276      1346.2671      1805.7399      213.65054      301.29735      0.17621672   
    687000   471.06715      1335.0822      1806.1494      220.85843      298.79414      0.17660897   
    688000   465.51765      1374.5924      1840.11        237.43644      307.6366       0.178134     
    689000   486.73478      1353.1532      1839.8879      182.98508      302.83845      0.17979516   
    690000   489.69935      1366.5165      1856.2159      141.76345      305.8292       0.17970825   
    691000   502.44424      1326.5816      1829.0258      188.37901      296.89168      0.18034933   
    692000   459.57527      1360.8057      1820.381       184.33197      304.55111      0.17859577   
    693000   489.69365      1344.175       1833.8686      168.89353      300.82912      0.17687348   
    694000   491.984        1337.8061      1829.7901      150.91565      299.40376      0.17620404   
    695000   493.50062      1335.4645      1828.9651      171.82565      298.8797       0.17739615   
    696000   463.38916      1378.662       1842.0511      219.01061      308.54738      0.17984721   
    697000   474.26553      1374.6884      1848.9539      204.77426      307.65808      0.18204716   
    698000   482.74652      1362.9529      1845.6994      233.98485      305.03166      0.18183136   
    699000   476.53644      1379.5001      1856.0366      174.67133      308.73496      0.17775574   
    700000   484.45915      1381.3541      1865.8133      139.40158      309.14989      0.17482811   
    701000   530.50031      1363.6487      1894.149       108.86478      305.18737      0.17327964   
    702000   489.37587      1361.9116      1851.2875      87.829304      304.79862      0.17096716   
    703000   482.6144       1346.395       1829.0094      151.70148      301.32596      0.17027017   
    704000   494.99617      1347.2803      1842.2765      151.48028      301.5241       0.16899447   
    705000   515.67612      1310.2766      1825.9527      135.84181      293.24259      0.16842662   
    706000   453.7815       1316.8399      1770.6214      175.41632      294.71147      0.17337572   
    707000   442.42113      1340.4244      1782.8455      172.09296      299.98973      0.1800673    
    708000   447.1784       1322.4026      1769.581       152.66886      295.95641      0.18546391   
    709000   471.68038      1329.3881      1801.0685      152.71022      297.51979      0.18741995   
    710000   448.19548      1339.7902      1787.9857      220.95057      299.84779      0.18767114   
    711000   464.89199      1339.6482      1804.5401      226.09612      299.81601      0.18585349   
    712000   462.59903      1303.5632      1766.1622      217.18728      291.74011      0.1834253    
    713000   451.34158      1313.8061      1765.1477      240.16589      294.0325       0.18286848   
    714000   464.7147       1366.9243      1831.639       262.17069      305.92046      0.17983821   
    715000   499.83977      1356.658       1856.4978      172.75343      303.62284      0.16909947   
    716000   469.80413      1384.5572      1854.3613      128.50625      309.86673      0.164556     
    717000   451.61471      1381.0812      1832.6959      142.25685      309.08881      0.16824856   
    718000   471.32557      1330.4442      1801.7698      151.63596      297.75615      0.17369384   
    719000   479.02202      1324.5969      1803.6189      172.83348      296.44749      0.17757334   
    720000   488.14854      1327.1004      1815.249       153.70501      297.0078       0.17734083   
    721000   478.98178      1366.2648      1845.2466      144.37809      305.77287      0.1741691    
    722000   504.50055      1326.4962      1830.9967      188.37376      296.87257      0.17282266   
    723000   479.14925      1356.3602      1835.5095      125.89812      303.55621      0.17063303   
    724000   486.15422      1423.2655      1909.4197      150.98251      318.52973      0.17082411   
    725000   507.03741      1380.4946      1887.532       177.29406      308.95753      0.17288862   
    726000   462.6723       1382.3152      1844.9875      193.04531      309.36498      0.17606991   
    727000   467.00098      1351.1128      1818.1138      184.83462      302.38182      0.17953258   
    728000   459.17799      1354.1809      1813.3588      200.68417      303.06845      0.18409079   
    729000   463.73528      1367.3208      1831.0561      127.07571      306.0092       0.18607561   
    730000   461.22226      1342.505       1803.7272      50.892984      300.45537      0.18351548   
    731000   481.90352      1309.5622      1791.4657     -4.8193498      293.08271      0.17587088   
    732000   504.14613      1317.7286      1821.8747      8.8502633      294.91036      0.16858727   
    733000   489.91083      1322.6189      1812.5297      49.231732      296.00482      0.16609327   
    734000   501.99537      1373.6636      1875.659       136.07565      307.42874      0.16560521   
    735000   504.73782      1367.2989      1872.0368      252.79742      306.00431      0.16733396   
    736000   509.32979      1340.5523      1849.8821      308.86104      300.01837      0.1715668    
    737000   484.80173      1372.5666      1857.3683      278.58264      307.18322      0.17535409   
    738000   474.80685      1402.5318      1877.3387      191.99139      313.88951      0.17868767   
    739000   462.62485      1384.6252      1847.2501      122.59421      309.88197      0.18053152   
    740000   511.43571      1360.7135      1872.1492      94.195568      304.53047      0.1778502    
    741000   476.197        1373.8309      1850.0279      126.94658      307.46617      0.16958246   
    742000   498.28335      1347.5694      1845.8528      173.17924      301.5888       0.16483585   
    743000   493.09018      1364.2136      1857.3038      219.85809      305.3138       0.1651199    
    744000   480.78505      1344.3541      1825.1391      190.77486      300.86921      0.16817838   
    745000   488.48648      1355.0042      1843.4907      193.0849       303.25272      0.1740269    
    746000   474.7137       1387.4164      1862.1301      194.2812       310.50664      0.17619506   
    747000   504.20139      1402.3843      1906.5857      199.46144      313.85649      0.17730797   
    748000   498.7963       1372.0806      1870.8769      134.15716      307.07444      0.17585706   
    749000   469.03457      1366.0824      1835.117       140.51037      305.73205      0.17493259   
    750000   478.88822      1337.3326      1816.2208      156.58348      299.29778      0.17690744   
    751000   471.97872      1342.4812      1814.4599      173.97963      300.45004      0.1806441    
    752000   467.51781      1342.1643      1809.6821      175.55981      300.37912      0.18285702   
    753000   475.37477      1327.4272      1802.802       242.22174      297.08093      0.18024264   
    754000   472.92294      1348.087       1821.01        195.11228      301.70465      0.17382519   
    755000   468.921        1311.8303      1780.7513      157.61096      293.59031      0.1708154    
    756000   482.14611      1340.3784      1822.5245      126.90373      299.97943      0.17182991   
    757000   470.10289      1333.4436      1803.5465      91.031529      298.42742      0.17592704   
    758000   460.21539      1296.7161      1756.9315      140.40582      290.20773      0.1816407    
    759000   454.40501      1303.9043      1758.3093      199.64292      291.81645      0.18331596   
    760000   439.15055      1296.0362      1735.1867      269.95539      290.05556      0.18099278   
    761000   471.99935      1293.0272      1765.0265      243.75772      289.38214      0.17603973   
    762000   461.28293      1327.5625      1788.8454      167.52763      297.11121      0.17347296   
    763000   466.83148      1336.6388      1803.4703      98.787588      299.14252      0.17309855   
    764000   494.41642      1324.0569      1818.4733      19.320265      296.32664      0.17394803   
    765000   480.68063      1304.3448      1785.0255      18.06951       291.91505      0.176195     
    766000   488.83197      1319.6951      1808.527       105.16898      295.35047      0.17986075   
    767000   464.99516      1332.1307      1797.1259      194.27473      298.13359      0.1844595    
    768000   473.21234      1340.1918      1813.4041      226.06783      299.93767      0.18754188   
    769000   484.04696      1341.6446      1825.6916      231.91694      300.26281      0.18489601   
    770000   464.30193      1386.1315      1850.4334      224.26158      310.21907      0.17578299   
    771000   472.28797      1346.7423      1819.0303      195.85573      301.40369      0.17101588   
    772000   494.37765      1352.0639      1846.4415      133.59316      302.59467      0.17114688   
    773000   495.30252      1355.7981      1851.1006      64.139957      303.4304       0.1726719    
    774000   495.89614      1372.046       1867.9421      55.318474      307.06671      0.17690522   
    775000   472.55856      1340.7507      1813.3093      133.51472      300.06277      0.18228228   
    776000   468.97486      1321.2437      1790.2185      165.93823      295.69704      0.18355979   
    777000   452.11886      1322.6336      1774.7524      201.56283      296.00811      0.18202164   
    778000   476.40666      1354.5508      1830.9575      228.84627      303.15125      0.18043082   
    779000   511.14971      1320.7679      1831.9176      240.39105      295.59057      0.17755143   
    780000   475.93194      1328.8701      1804.8021      211.21142      297.40386      0.17103972   
    781000   453.86204      1311.828       1765.69        171.90055      293.58979      0.16758597   
    782000   489.55799      1300.4963      1790.0543      127.8313       291.05375      0.1698888    
    783000   478.83047      1297.2852      1776.1157      78.194042      290.33509      0.17608155   
    784000   457.70888      1339.4301      1797.139       61.632297      299.76721      0.18265971   
    785000   467.96808      1316.5085      1784.4766      120.40346      294.6373       0.18705447   
    786000   450.8195       1325.9745      1776.794       168.12835      296.75581      0.18738808   
    787000   459.04131      1266.0407      1725.082       135.40225      283.34251      0.18526568   
    788000   462.05724      1293.8527      1755.9099      193.17347      289.56688      0.18255295   
    789000   492.61299      1296.8767      1789.4897      223.59836      290.24367      0.17591574   
    790000   492.75819      1321.9556      1814.7138      215.16124      295.85638      0.16969253   
    791000   493.93441      1311.0215      1804.9559      227.03537      293.4093       0.16952606   
    792000   465.585        1323.9114      1789.4964      211.1369       296.29409      0.17190203   
    793000   477.36556      1334.0519      1811.4174      146.54036      298.56355      0.17390773   
    794000   471.4804       1361.9881      1833.4685      114.29664      304.81574      0.17617103   
    795000   456.49276      1343.9415      1800.4343      115.09839      300.77688      0.1807817    
    796000   453.7969       1342.0819      1795.8788      130.64434      300.36069      0.18869977   
    797000   471.37742      1319.0459      1790.4234      118.72405      295.20519      0.19514878   
    798000   450.29564      1308.901       1759.1967      133.7911       292.93473      0.19640976   
    799000   433.28763      1331.023       1764.3107      171.73285      297.88569      0.18627863   
    800000   427.43642      1295.8775      1723.314       224.77598      290.02005      0.17616948   
    801000   463.32395      1302.5508      1765.8748      304.87968      291.51355      0.17382287   
    802000   459.57423      1309.1666      1768.7408      308.38373      292.99417      0.17119867   
    803000   478.20285      1323.4744      1801.6773      264.05607      296.19629      0.16970433   
    804000   489.64291      1331.7107      1821.3536      239.90352      298.0396       0.16952964   
    805000   509.03344      1333.1746      1842.2081      183.23558      298.36722      0.17163122   
    806000   476.37737      1368.4001      1844.7775      175.96701      306.25075      0.17780992   
    807000   465.51228      1358.3004      1823.8127      193.84783      303.99041      0.18453369   
    808000   457.8933       1344.2913      1802.1846      141.97903      300.85516      0.18837669   
    809000   483.21508      1350.7403      1833.9554      85.268096      302.29846      0.18712448   
    810000   480.56404      1363.0651      1843.6291      74.838999      305.05677      0.18431578   
    811000   495.38911      1357.1823      1852.5714      99.75049       303.74019      0.18184805   
    812000   485.53571      1361.7085      1847.2442      139.44008      304.75316      0.17925326   
    813000   494.93331      1388.2014      1883.1347      124.91828      310.68232      0.17521066   
    814000   511.17669      1374.5052      1885.6819      85.399612      307.6171       0.17023332   
    815000   487.7466       1347.4996      1835.2462      121.71721      301.57317      0.1673726    
    816000   462.28031      1368.0008      1830.2811      151.99241      306.16138      0.16490681   
    817000   484.91095      1371.0014      1855.9124      189.74007      306.83293      0.16421648   
    818000   507.14337      1324.5594      1831.7028      199.61151      296.43911      0.16623391   
    819000   495.94177      1317.8714      1813.8132      240.36439      294.94233      0.17149988   
    820000   489.89558      1301.4643      1791.3599      116.22333      291.27038      0.17497722   
    821000   478.77846      1341.3224      1820.1009      113.5173       300.19071      0.17776312   
    822000   477.87851      1312.8721      1790.7507      130.73759      293.82348      0.1773601    
    823000   479.1606       1320.6737      1799.8343      148.5786       295.56949      0.16950422   
    824000   531.57916      1289.0708      1820.65        180.08164      288.49669      0.16246847   
    825000   493.40829      1323.6367      1817.045       198.68323      296.23261      0.16105819   
    826000   499.48181      1306.6022      1806.084       150.9245       292.42026      0.16285892   
    827000   508.83787      1313.0738      1821.9117      94.448858      293.86862      0.17047164   
    828000   466.11134      1341.3613      1807.4726      74.271103      300.19941      0.17663661   
    829000   463.01469      1334.4093      1797.424       73.704294      298.64355      0.17765742   
    830000   473.62354      1303.2621      1776.8856      109.93081      291.67272      0.17494876   
    831000   488.68247      1261.1458      1749.8282      130.73104      282.24701      0.17082556   
    832000   479.24302      1301.424       1780.667       196.54525      291.26136      0.17069457   
    833000   464.06237      1344.321       1808.3833      219.00436      300.86179      0.17298131   
    834000   494.0842       1317.4714      1811.5556      208.13716      294.85279      0.17738409   
    835000   450.27705      1324.4935      1774.7705      223.27898      296.42436      0.18213981   
    836000   456.21198      1372.9734      1829.1854      196.10244      307.27428      0.18708232   
    837000   471.8729       1335.6419      1807.5148      231.57789      298.9194       0.19134672   
    838000   476.12254      1310.0148      1786.1374      257.38704      293.18401      0.18409729   
    839000   498.75534      1375.8081      1874.5635      260.76217      307.90868      0.17465179   
    840000   479.20093      1355.687       1834.8879      194.58246      303.40553      0.1726979    
    841000   487.36373      1326.5432      1813.9069      116.82756      296.88308      0.17392219   
    842000   481.41867      1325.4728      1806.8915     -12.076517      296.64354      0.1766363    
    843000   451.50182      1347.735       1799.2368     -0.95214201     301.62587      0.18070802   
    844000   473.30797      1336.5886      1809.8966      83.592114      299.13127      0.18329033   
    845000   479.89168      1337.5639      1817.4556      187.94476      299.34955      0.18368535   
    846000   469.91878      1344.1056      1814.0243      279.77459      300.81358      0.18298291   
    847000   490.27345      1353.345       1843.6185      270.51407      302.8814       0.17934957   
    848000   467.56492      1359.3346      1826.8995      222.26643      304.22187      0.17654247   
    849000   488.3607       1333.1232      1821.4839      112.54595      298.35571      0.17577802   
    850000   501.20843      1365.1311      1866.3395      95.266214      305.51914      0.17730667   
    851000   478.87825      1305.1026      1783.9809      102.21131      292.08464      0.17987062   
    852000   483.92733      1298.4209      1782.3483      120.15816      290.58927      0.18382869   
    853000   452.888        1335.2339      1788.1219      160.4703       298.82808      0.18849127   
    854000   438.52876      1335.3635      1773.8923      137.22828      298.8571       0.18966362   
    855000   479.74083      1291.5596      1771.3004      147.07911      289.05368      0.18673006   
    856000   474.35068      1334.6282      1808.9788      150.5779       298.69252      0.17993681   
    857000   476.48016      1353.3008      1829.781       152.61702      302.87151      0.17751626   
    858000   502.22478      1373.0111      1875.2359      115.92868      307.2827       0.17805567   
    859000   482.52187      1359.6528      1842.1747      101.56218      304.29309      0.18252214   
    860000   460.67582      1364.9027      1825.5785      119.44486      305.46803      0.19356083   
    861000   467.53578      1367.2103      1834.7461      192.94075      305.98448      0.2015843    
    862000   467.20561      1348.4907      1815.6963      219.44183      301.79498      0.19861823   
    863000   448.68799      1361.7035      1810.3914      175.52113      304.75203      0.19338663   
    864000   479.2392       1331.4958      1810.735       156.63764      297.9915       0.18965425   
    865000   437.07671      1354.1409      1791.2177      191.70247      303.05952      0.18768671   
    866000   445.45031      1319.6623      1765.1126      224.19098      295.34313      0.18464954   
    867000   457.03172      1332.0845      1789.1162      246.99264      298.12324      0.18375702   
    868000   447.70374      1325.8847      1773.5884      241.16891      296.73571      0.1866922    
    869000   465.06603      1324.1464      1789.2124      170.13987      296.34668      0.19286504   
    870000   453.25433      1341.5721      1794.8264      132.61346      300.24659      0.2042976    
    871000   445.58413      1332.3167      1777.9009      67.750883      298.17522      0.20868784   
    872000   455.03519      1330.6333      1785.6685      95.050184      297.79846      0.20530528   
    873000   445.46775      1374.6408      1820.1085      76.207192      307.64743      0.19678186   
    874000   475.32909      1342.0828      1817.4119      105.17128      300.36088      0.19107094   
    875000   461.66046      1388.5963      1850.2567      136.43831      310.7707       0.18588321   
    876000   465.69963      1356.4875      1822.1872      133.77459      303.58469      0.18246893   
    877000   493.05376      1345.3878      1838.4416      105.96001      301.10056      0.18202171   
    878000   477.08983      1344.4965      1821.5863      101.46862      300.90108      0.18299482   
    879000   457.72444      1337.2922      1795.0167      113.14741      299.28874      0.18265925   
    880000   470.71521      1335.024       1805.7392      142.58691      298.7811       0.18167734   
    881000   470.91631      1336.2836      1807.2         167.61895      299.06302      0.1822409    
    882000   450.65035      1340.4586      1791.109       202.06166      299.99739      0.18154577   
    883000   442.79828      1339.5727      1782.371       171.07616      299.79913      0.17871801   
    884000   487.81643      1328.2009      1816.0173      169.78272      297.25408      0.17525629   
    885000   477.20333      1283.5214      1760.7247      228.38099      287.25472      0.17218602   
    886000   465.67738      1316.6032      1782.2805      249.81833      294.65849      0.17052899   
    887000   474.34224      1317.7808      1792.123       271.42666      294.92205      0.17373794   
    888000   493.60552      1303.3697      1796.9752      237.81483      291.69681      0.1805133    
    889000   445.97739      1328.2703      1774.2477      191.08641      297.26961      0.1835408    
    890000   459.06391      1346.4028      1805.4667      96.239454      301.32772      0.1814648    
    891000   497.42393      1296.5516      1793.9755      69.159922      290.17091      0.17979779   
    892000   489.21066      1310.5694      1799.78        39.18642       293.30812      0.17412536   
    893000   473.50845      1303.3475      1776.856       49.216387      291.69185      0.16667773   
    894000   497.33594      1351.2295      1848.5654      118.02898      302.40793      0.16622741   
    895000   508.16625      1323.0396      1831.2058      200.73382      296.09898      0.16939444   
    896000   499.80909      1347.6042      1847.4133      226.03406      301.59659      0.17491998   
    897000   484.48761      1366.7401      1851.2277      259.5632       305.87924      0.1798295    
    898000   502.08205      1366.5026      1868.5847      247.48994      305.82609      0.1801791    
    899000   497.41076      1365.0478      1862.4586      189.18873      305.5005       0.17761842   
    900000   494.02119      1388.7557      1882.7769      186.57317      310.80637      0.17537032   
    901000   489.99837      1356.1922      1846.1906      162.93514      303.5186       0.17503312   
    902000   491.80801      1355.4306      1847.2386      152.09191      303.34815      0.17669783   
    903000   501.80466      1334.9859      1836.7906      207.74266      298.77259      0.17937278   
    904000   490.67647      1342.9215      1833.598       217.26894      300.54859      0.17953373   
    905000   485.18612      1356.5892      1841.7753      220.91768      303.60745      0.18011523   
    906000   487.19794      1333.537       1820.7349      186.19613      298.44831      0.17925653   
    907000   460.75904      1338.6635      1799.4225      168.31756      299.59564      0.17825249   
    908000   443.69839      1371.696       1815.3944      127.85402      306.98839      0.17966862   
    909000   495.82936      1263.7756      1759.605       90.803686      282.83558      0.17980223   
    910000   454.76761      1295.8113      1750.5789      70.660116      290.00523      0.17834195   
    911000   466.5242       1319.1326      1785.6568      154.22175      295.22459      0.1777522    
    912000   475.37984      1330.5104      1805.8902      238.2676       297.77095      0.17634123   
    913000   504.67816      1332.9121      1837.5902      258.80812      298.30845      0.17436793   
    914000   494.32447      1329.4196      1823.7441      289.30525      297.52684      0.17447499   
    915000   466.63883      1381.0621      1847.701       245.87468      309.08454      0.17814275   
    916000   482.16695      1413.1628      1895.3297      169.95427      316.26873      0.1823416    
    917000   516.26208      1325.4255      1841.6876      164.42257      296.63295      0.18413522   
    918000   467.39829      1351.071       1818.4693      154.42656      302.37247      0.17981462   
    919000   490.61039      1324.1332      1814.7436      142.5792       296.34373      0.17213408   
    920000   477.18772      1333.4696      1810.6573      181.63215      298.43324      0.16776972   
    921000   480.34221      1368.1999      1848.5421      186.54244      306.20595      0.16684125   
    922000   477.08358      1336.5081      1813.5917      152.59878      299.11326      0.16909565   
    923000   482.19254      1333.8187      1816.0113      152.64023      298.51137      0.17173553   
    924000   498.88593      1338.6262      1837.5121      139.8362       299.58729      0.1728794    
    925000   493.65246      1380.0943      1873.7468      206.53193      308.86795      0.17477724   
    926000   502.71773      1372.5585      1875.2762      264.18404      307.1814       0.17518896   
    927000   501.19136      1362.7943      1863.9857      253.21637      304.99616      0.17353319   
    928000   484.44314      1365.3064      1849.7495      192.88211      305.55838      0.17100899   
    929000   501.64641      1341.11        1842.7564      110.27054      300.14316      0.16761129   
    930000   514.80427      1349.8254      1864.6296      67.101168      302.09369      0.16588377   
    931000   519.87592      1302.0693      1821.9452      67.266376      291.40578      0.16732226   
    932000   443.43437      1316.3518      1759.7862      119.4389       294.60224      0.17404149   
    933000   466.75148      1300.0008      1766.7523      177.89198      290.94284      0.18064888   
    934000   467.37128      1303.048       1770.4192      216.81258      291.62481      0.18381955   
    935000   473.0855       1303.6149      1776.7004      236.08473      291.7517       0.18562953   
    936000   479.79209      1338.684       1818.4761      210.4601       299.60023      0.18304235   
    937000   458.68985      1373.0508      1831.7407      154.39087      307.29159      0.17673831   
    938000   492.30319      1366.2921      1858.5953      118.72273      305.77897      0.17134277   
    939000   496.38985      1387.7916      1884.1815      106.79347      310.59062      0.16987074   
    940000   484.48491      1405.3099      1889.7948      127.60276      314.51124      0.17155214   
    941000   477.52152      1348.2345      1825.756       151.13205      301.73765      0.17364949   
    942000   501.52744      1334.6941      1836.2215      188.75025      298.70728      0.17528538   
    943000   472.79574      1338.9317      1811.7275      231.34267      299.65567      0.17566582   
    944000   461.87908      1315.2761      1777.1552      251.97057      294.3615       0.17317291   
    945000   487.74705      1329.2178      1816.9648      227.392        297.48166      0.1715396    
    946000   494.70153      1321.6004      1816.3019      151.908        295.77688      0.17167883   
    947000   486.94605      1307.1783      1794.1243      132.79359      292.54918      0.173962     
    948000   491.19486      1323.484       1814.6788      92.601021      296.19843      0.17734391   
    949000   502.25379      1339.5864      1841.8402      46.384686      299.80218      0.18187218   
    950000   493.96354      1375.7066      1869.6701      95.981994      307.88596      0.18576401   
    951000   486.42687      1388.7356      1875.1625      155.23251      310.80189      0.18718825   
    952000   472.70559      1366.9345      1839.6401      138.42664      305.92275      0.18134783   
    953000   502.35223      1342.5258      1844.878       131.84175      300.46002      0.17318901   
    954000   491.05804      1342.3764      1833.4344      158.07426      300.42659      0.16960288   
    955000   489.45695      1342.9728      1832.4297      210.07706      300.56006      0.17089622   
    956000   478.30314      1367.1565      1845.4596      207.17827      305.97243      0.17621938   
    957000   514.81416      1393.3368      1908.1509      221.78749      311.83163      0.18142087   
    958000   483.16935      1367.1062      1850.2755      144.57773      305.96117      0.17911238   
    959000   498.0594       1360.3867      1858.4461      102.64254      304.45733      0.17390605   
    960000   509.43402      1347.6076      1857.0416      95.508249      301.59734      0.17000873   
    961000   483.53337      1309.2733      1792.8066      119.66276      293.01804      0.16827898   
    962000   462.61617      1304.0944      1766.7105      153.71377      291.85899      0.16726872   
    963000   474.91087      1323.0384      1797.9493      177.16641      296.09871      0.1670958    
    964000   489.23156      1331.8749      1821.1065      206.04483      298.07634      0.16826917   
    965000   492.91222      1316.0608      1808.973       165.24552      294.5371       0.16692358   
    966000   474.68637      1334.7582      1809.4446      116.65853      298.72163      0.16533969   
    967000   478.85882      1336.5373      1815.3961      90.097035      299.11979      0.16865613   
    968000   501.80053      1333.9128      1835.7133      124.54926      298.53242      0.17540215   
    969000   483.56065      1345.437       1828.9977      122.29547      301.11157      0.17732421   
    970000   479.79757      1358.3263      1838.1239      172.70598      303.99622      0.17300844   
    971000   523.14596      1336.1207      1859.2666      168.25594      299.02654      0.1688511    
    972000   535.08361      1364.7209      1899.8045      235.85153      305.42734      0.16715497   
    973000   518.49864      1351.3876      1869.8862      246.09708      302.44332      0.16699197   
    974000   505.65976      1353.8521      1859.5119      242.49315      302.99489      0.16728137   
    975000   490.22788      1369.6899      1859.9178      190.02733      306.53941      0.17062589   
    976000   471.7678       1361.3052      1833.073       210.73998      304.66289      0.17913823   
    977000   466.57418      1377.5342      1844.1084      214.54789      308.29499      0.18488213   
    978000   492.90397      1398.3026      1891.2065      152.86009      312.94298      0.18421677   
    979000   469.96143      1368.347       1838.3084      144.76995      306.23886      0.18045737   
    980000   498.01636      1324.8403      1822.8567      201.23506      296.50198      0.17809674   
    981000   475.27345      1354.7718      1830.0453      175.54834      303.20071      0.17628867   
    982000   480.31222      1365.044       1845.3562      166.98256      305.49965      0.1743818    
    983000   479.77579      1381.2471      1861.0229      117.7105       309.12593      0.17191386   
    984000   503.03693      1342.8864      1845.9233      85.429353      300.54074      0.17042269   
    985000   512.93928      1357.4612      1870.4005      106.91762      303.8026       0.17283223   
    986000   450.92603      1383.3579      1834.2839      182.47585      309.59834      0.17709984   
    987000   507.92637      1322.0688      1829.9952      216.94985      295.88172      0.17987412   
    988000   489.90327      1310.5758      1800.4791      220.88691      293.30956      0.18298218   
    989000   439.70102      1342.7239      1782.4249      195.63673      300.50437      0.18592696   
    990000   439.24331      1309.4574      1748.7007      142.14933      293.05925      0.18747799   
    991000   495.71431      1305.0753      1800.7896      124.91154      292.07853      0.18645423   
    992000   511.76508      1317.2363      1829.0014      87.852018      294.80019      0.17843321   
    993000   490.74084      1320.9531      1811.694       197.98623      295.63203      0.17556173   
    994000   478.35139      1335.0916      1813.443       218.928        298.79624      0.17288974   
    995000   459.41596      1344.3695      1803.7854      203.44687      300.87264      0.17059254   
    996000   481.93917      1322.295       1804.2341      164.48104      295.93233      0.17157881   
    997000   488.60933      1336.5372      1825.1466      156.01831      299.11978      0.17627395   
    998000   484.63217      1340.8559      1825.4881      154.38184      300.08631      0.1823192    
    999000   461.7668       1369.1322      1830.899       134.04073      306.4146       0.18721263   
   1000000   480.2937       1341.4552      1821.7489      143.88367      300.22043      0.1909663    
   1001000   463.22788      1336.8061      1800.034       186.20166      299.17995      0.19304632   
   1002000   482.26124      1355.4928      1837.754       159.46772      303.36207      0.18909687   
   1003000   464.21801      1348.5644      1812.7824      130.59101      301.81148      0.18141077   
   1004000   486.16226      1351.8761      1838.0384      143.65756      302.55265      0.17787483   
   1005000   485.53049      1355.8403      1841.3708      101.94051      303.43985      0.17856678   
   1006000   497.05257      1368.9148      1865.9673      98.639457      306.36593      0.17999757   
   1007000   495.60801      1346.7353      1842.3433      80.768749      301.40211      0.17987541   
   1008000   444.65858      1365.0803      1809.7388      169.03041      305.50776      0.182348     
   1009000   472.44221      1360.9949      1833.4371      207.2013       304.59345      0.18986268   
   1010000   466.85184      1339.4289      1806.2807      295.42537      299.76694      0.1993881    
   1011000   446.92781      1340.9664      1787.8942      315.83256      300.11103      0.196866     
   1012000   441.42792      1345.8314      1787.2593      240.50702      301.19982      0.18872377   
   1013000   499.82522      1350.513       1850.3382      193.35602      302.24758      0.18301674   
   1014000   490.85604      1368.7455      1859.6016      167.59062      306.32806      0.17743339   
   1015000   490.97508      1364.3668      1855.3419      104.99448      305.34808      0.17282311   
   1016000   524.17647      1335.935       1860.1114      46.767749      298.98499      0.17074786   
   1017000   488.06346      1408.8207      1896.8842      90.851074      315.29697      0.17336397   
   1018000   496.31187      1389.9779      1886.2898      143.49256      311.07991      0.17591937   
   1019000   484.47695      1349.1402      1833.6172      161.78174      301.94035      0.1765603    
   1020000   457.32897      1386.0896      1843.4185      231.07226      310.20969      0.18047452   
   1021000   492.66332      1375.2659      1867.9293      223.30816      307.78734      0.18384471   
   1022000   491.74393      1384.6602      1876.4041      214.46654      309.88979      0.18475659   
   1023000   521.79776      1349.4676      1871.2653      188.56199      302.01361      0.1812928    
   1024000   499.92453      1349.9737      1849.8982      119.01169      302.12689      0.17289254   
   1025000   488.58677      1382.1034      1870.6902      122.07         309.31758      0.16992702   
   1026000   505.43769      1335.8648      1841.3025      123.34692      298.96928      0.17380017   
   1027000   499.45017      1373.0654      1872.5156      129.15676      307.29486      0.1794563    
   1028000   481.98613      1348.8942      1830.8803      111.90715      301.88529      0.18415174   
   1029000   514.68355      1356.1952      1870.8787      25.98184       303.51926      0.18491508   
   1030000   479.01244      1347.7803      1826.7927      7.4755248      301.63599      0.1851115    
   1031000   502.28737      1352.5708      1854.8582      71.473413      302.70813      0.1856286    
   1032000   475.27414      1359.6559      1834.93        95.267333      304.29378      0.18569074   
   1033000   509.33797      1347.6467      1856.9847      199.75082      301.60611      0.18629413   
   1034000   499.78912      1315.6197      1815.4089      241.65597      294.4384       0.18508953   
   1035000   474.99552      1360.4431      1835.4386      251.42772      304.46995      0.18502901   
   1036000   470.13776      1372.6693      1842.8071      232.92593      307.20621      0.18730405   
   1037000   492.81973      1417.7089      1910.5286      210.77197      317.28616      0.18889062   
   1038000   491.1078       1364.8395      1855.9473      120.31689      305.45388      0.18508898   
   1039000   485.63562      1339.035       1824.6706      78.966892      299.67878      0.17803843   
   1040000   496.99958      1336.31        1833.3096      91.811334      299.06892      0.17402786   
   1041000   464.48238      1347.1499      1811.6322      90.104331      301.4949       0.17349405   
   1042000   486.35763      1335.7451      1822.1027      104.61291      298.94249      0.17835659   
   1043000   485.24416      1299.174       1784.4182      127.17296      290.75781      0.18229858   
   1044000   454.60825      1311.3126      1765.9209      175.53859      293.47446      0.18700206   
   1045000   468.47774      1342.1764      1810.6541      187.02322      300.38183      0.18772879   
   1046000   467.63849      1336.9697      1804.6082      163.70801      299.21656      0.18366305   
   1047000   475.07216      1302.1389      1777.2111      114.70021      291.42137      0.18110401   
   1048000   452.99433      1343.4099      1796.4042      133.92842      300.65789      0.18198603   
   1049000   467.01131      1323.6868      1790.6981      56.689839      296.24383      0.18185106   
   1050000   493.24953      1265.4651      1758.7146      16.236415      283.21368      0.18512345   
   1051000   469.7991       1326.5449      1796.344       116.04559      296.88347      0.18895773   
   1052000   449.53462      1349.5017      1799.0363      140.27861      302.02125      0.18938284   
   1053000   467.14366      1332.5525      1799.6962      174.04356      298.22799      0.18799269   
   1054000   452.41367      1304.2031      1756.6168      217.53296      291.88333      0.18676235   
   1055000   458.11551      1302.8068      1760.9223      201.9286       291.57083      0.18489497   
   1056000   480.90922      1334.7724      1815.6816      171.39923      298.7248       0.18152774   
   1057000   497.22797      1357.2126      1854.4406      132.37462      303.74696      0.18222978   
   1058000   490.24381      1344.0268      1834.2706      91.740767      300.79596      0.18768005   
   1059000   471.59466      1386.9324      1858.5271      111.66351      310.39832      0.20050988   
   1060000   453.06211      1367.5508      1820.6129      131.99712      306.06067      0.20245012   
   1061000   460.11107      1356.2784      1816.3895      252.60737      303.5379       0.1946904    
   1062000   481.76682      1353.0103      1834.7771      289.62953      302.80648      0.1865476    
   1063000   521.73248      1342.4994      1864.2319      269.64127      300.45412      0.17932053   
   1064000   497.78218      1401.2035      1898.9857      229.14339      313.59222      0.17530832   
   1065000   512.99178      1372.6914      1885.6831      111.83178      307.21115      0.17157676   
   1066000   491.72403      1362.1259      1853.85        36.231313      304.84658      0.17082233   
   1067000   488.8484       1324.4619      1813.3103      58.827468      296.41728      0.17334162   
   1068000   497.39619      1301.3368      1798.733       70.47903       291.24184      0.17667652   
   1069000   469.0541       1290.7398      1759.7939      190.80725      288.87022      0.18006753   
   1070000   472.81995      1287.6979      1760.5178      225.8423       288.18943      0.18027786   
   1071000   477.33269      1317.0655      1794.3982      220.8027       294.76196      0.17882727   
   1072000   475.11367      1317.6697      1792.7834      200.33557      294.89719      0.17397109   
   1073000   474.35023      1320.4898      1794.84        120.1943       295.52832      0.16887644   
   1074000   508.5534       1306.2615      1814.8149      29.127213      292.344        0.1680967    
   1075000   467.92493      1285.516       1753.441       65.70779       287.70113      0.17313584   
   1076000   468.61045      1320.0141      1788.6246      164.6623       295.42187      0.1826278    
   1077000   461.81177      1326.6448      1788.4566      210.0261       296.90584      0.18691022   
   1078000   460.03518      1308.3337      1768.3689      244.64584      292.80778      0.18748393   
   1079000   458.1129       1330.1431      1788.256       186.84779      297.68875      0.18288307   
   1080000   492.46354      1321.3719      1813.8354      170.38078      295.72575      0.1805382    
   1081000   482.30193      1337.7969      1820.0988      180.99298      299.40169      0.18033483   
   1082000   482.53381      1373.1061      1855.6399      173.67168      307.30397      0.17968137   
   1083000   492.72058      1404.9845      1897.705       189.24896      314.43841      0.17938682   
   1084000   530.93735      1367.4091      1898.3464      141.15776      306.02896      0.17888994   
   1085000   482.76129      1385.3295      1868.0908      109.37015      310.03958      0.17728666   
   1086000   487.10105      1356.9967      1844.0977      112.63325      303.69864      0.17275926   
   1087000   523.37154      1342.8247      1866.1962      75.1248        300.52692      0.16509571   
   1088000   521.45953      1382.0433      1903.5028      143.45118      309.30413      0.16267659   
   1089000   483.2572       1351.2548      1834.512       196.26003      302.4136       0.16375068   
   1090000   492.0757       1348.2209      1840.2966      200.53183      301.73459      0.16853851   
   1091000   508.5698       1339.5644      1848.1342      217.05618      299.79726      0.17373377   
   1092000   470.31281      1353.4378      1823.7506      224.0966       302.90217      0.17708012   
   1093000   482.92147      1371.9384      1854.8598      219.18137      307.04262      0.17829377   
   1094000   486.42299      1373.5814      1860.0043      256.51668      307.41033      0.17851678   
   1095000   507.02577      1363.2778      1870.3036      175.59873      305.10438      0.1769871    
   1096000   490.49072      1362.363       1852.8537      119.77724      304.89963      0.17848414   
   1097000   512.12224      1297.123       1809.2452      141.38359      290.29879      0.18188911   
   1098000   495.79897      1328.3894      1824.1883      137.06131      297.29626      0.18318493   
   1099000   495.55322      1315.012       1810.5652      177.30224      294.30239      0.1813527    
   1100000   474.26636      1327.6595      1801.9259      243.80985      297.13293      0.17773843   
   1101000   454.862        1338.6008      1793.4628      227.37242      299.58161      0.17411909   
   1102000   494.90226      1314.4153      1809.3175      184.09623      294.16883      0.17277368   
   1103000   501.51611      1295.8986      1797.4147      59.75897       290.02476      0.16960434   
   1104000   490.3707       1360.3869      1850.7576      31.974684      304.45738      0.16745016   
   1105000   477.70468      1376.9618      1854.6665      53.311358      308.16689      0.16875201   
   1106000   504.31509      1362.7562      1867.0713      155.86335      304.98764      0.17508358   
   1107000   503.82506      1343.6359      1847.461       244.19917      300.70847      0.17918694   
   1108000   489.21575      1351.556       1840.7718      257.66645      302.48101      0.18102234   
   1109000   478.22379      1352.5718      1830.7956      278.96627      302.70835      0.18322953   
   1110000   467.45744      1348.6444      1816.1019      190.70484      301.82939      0.18202306   
   1111000   498.2101       1328.9092      1827.1193      78.19009       297.4126       0.17988865   
   1112000   487.05219      1343.7062      1830.7584      65.117222      300.72421      0.1784707    
   1113000   480.68322      1364.4498      1845.133       83.03576       305.36666      0.17343595   
   1114000   490.95727      1362.0192      1852.9765      160.5004       304.82269      0.16829196   
   1115000   517.55081      1350.3671      1867.9179      264.58719      302.21493      0.16891346   
   1116000   516.47646      1322.3868      1838.8633      261.95972      295.95289      0.17425001   
   1117000   492.49208      1353.5022      1845.9943      294.76661      302.91657      0.18222862   
   1118000   482.3845       1353.3123      1835.6968      304.48944      302.87408      0.1846994    
   1119000   473.92175      1339.4522      1813.3739      320.32978      299.77214      0.18318022   
   1120000   479.74975      1309.0943      1788.8441      296.89259      292.978        0.17855824   
   1121000   489.97709      1319.203       1809.1801      216.30638      295.24034      0.17495346   
   1122000   493.52636      1305.9614      1799.4877      116.13546      292.27683      0.17172861   
   1123000   499.37608      1321.2421      1820.6182      62.615838      295.6967       0.1708834    
   1124000   453.81719      1308.7313      1762.5485      43.593596      292.89675      0.17141261   
   1125000   476.53857      1314.3527      1790.8912      37.968723      294.15483      0.17357234   
   1126000   471.81547      1348.3761      1820.1916      96.498142      301.76934      0.17821687   
   1127000   467.56101      1389.038       1856.599       272.14971      310.86955      0.18502851   
   1128000   473.58609      1350.4874      1824.0735      412.98188      302.24184      0.18941811   
   1129000   471.20816      1346.5563      1817.7645      352.08794      301.36207      0.18647767   
   1130000   476.58152      1351.4865      1828.0681      247.37394      302.46546      0.18086471   
   1131000   467.90246      1348.3722      1816.2747      134.68874      301.76847      0.1782652    
   1132000   471.83339      1363.0906      1834.924       55.785444      305.06247      0.17645593   
   1133000   514.66515      1360.4431      1875.1083      20.476         304.46996      0.17738862   
   1134000   509.47253      1379.4173      1888.8898      70.666471      308.71642      0.17900812   
   1135000   490.35527      1367.9346      1858.2899      140.87343      306.14658      0.18001953   
   1136000   488.23691      1365.8765      1854.1134      177.48048      305.68597      0.18029712   
   1137000   486.9908       1367.108       1854.0988      197.36913      305.96158      0.18367289   
   1138000   483.41306      1356.7118      1840.1248      222.62351      303.63488      0.19138962   
   1139000   475.21547      1372.4288      1847.6443      200.71075      307.15239      0.19583922   
   1140000   476.25913      1339.1704      1815.4295      170.05252      299.70908      0.19356127   
   1141000   495.51514      1303.7106      1799.2257      150.67171      291.77311      0.18744022   
   1142000   497.67393      1325.0082      1822.6821      158.96541      296.53955      0.18188989   
   1143000   484.74318      1332.354       1817.0972      72.203645      298.18356      0.17886894   
   1144000   493.25065      1324.7781      1818.0287      60.672643      296.48805      0.17968461   
   1145000   512.65988      1359.6778      1872.3377      36.465944      304.29868      0.1792408    
   1146000   518.629        1382.0153      1900.6443      126.38637      309.29787      0.17737572   
   1147000   508.7455       1390.2538      1898.9993      214.97792      311.14165      0.17336853   
   1148000   505.8532       1364.0342      1869.8874      295.04309      305.27365      0.17229687   
   1149000   517.7201       1356.3567      1874.0768      390.08657      303.55541      0.17586587   
   1150000   506.58188      1401.8866      1908.4685      348.77908      313.7451       0.17601237   
   1151000   490.17924      1378.0124      1868.1916      202.81906      308.402        0.16770287   
   1152000   487.20241      1356.2307      1843.4331      106.36233      303.52721      0.16409862   
   1153000   485.84121      1375.1099      1860.9512      14.561362      307.75243      0.16546204   
   1154000   521.7934       1353.5902      1875.3836      15.078648      302.93627      0.16956275   
   1155000   503.69941      1367.8378      1871.5372      62.48774       306.12491      0.17342211   
   1156000   479.33115      1354.1817      1833.5129      99.828734      303.06864      0.17783284   
   1157000   491.77405      1336.3152      1828.0892      119.25856      299.07008      0.18190004   
   1158000   489.86666      1335.4723      1825.3389      166.17788      298.88144      0.18485185   
   1159000   475.86994      1346.1621      1822.0321      152.77976      301.27384      0.18679298   
   1160000   488.57329      1313.7032      1802.2765      135.8598       294.00947      0.18348376   
   1161000   486.12303      1286.1259      1772.2489      94.309493      287.83761      0.1752929    
   1162000   499.64438      1334.7636      1834.4079      135.16732      298.72282      0.17202787   
   1163000   512.42559      1326.4679      1838.8935      210.0798       296.86623      0.1734079    
   1164000   500.27174      1350.5606      1850.8323      243.07101      302.25823      0.17683137   
   1165000   476.89997      1336.1198      1813.0197      278.21569      299.02635      0.18065218   
   1166000   458.95563      1285.3042      1744.2598      226.13768      287.65371      0.18316698   
   1167000   474.05384      1315.6203      1789.6741      184.51986      294.43852      0.18279082   
   1168000   460.23577      1324.8439      1785.0797      111.03155      296.50279      0.18050198   
   1169000   462.77845      1341.0903      1803.8687      140.21014      300.13875      0.1804718    
   1170000   480.22003      1318.6305      1798.8505      127.93781      295.11221      0.17816016   
   1171000   513.70387      1285.5201      1799.2239      129.36783      287.70203      0.17338979   
   1172000   490.23336      1343.815       1834.0484      115.54108      300.74856      0.17181563   
   1173000   491.35193      1352.0987      1843.4507      88.360713      302.60247      0.17691997   
   1174000   468.06131      1354.2849      1822.3462      86.8408        303.09174      0.18521955   
   1175000   490.2725       1336.0739      1826.3464      61.472536      299.01609      0.18739792   
   1176000   487.15612      1368.8775      1856.0337      89.542878      306.3576       0.18904121   
   1177000   456.07349      1369.0836      1825.1571      146.16672      306.40372      0.18938272   
   1178000   485.96645      1349.0091      1834.9755      176.83096      301.911        0.18788293   
   1179000   484.44056      1366.8878      1851.3284      214.85553      305.9123       0.18614452   
   1180000   456.38017      1378.3923      1834.7725      267.90634      308.48703      0.18289142   
   1181000   489.91641      1372.4489      1862.3653      212.36738      307.15687      0.17773755   
   1182000   519.14994      1347.6425      1866.7925      182.94687      301.60517      0.17241395   
   1183000   479.95746      1340.451       1820.4084      226.97231      299.99568      0.17268981   
   1184000   496.70705      1330.1531      1826.8602      200.35897      297.691        0.17481444   
   1185000   525.6516       1336.9952      1862.6468      190.88477      299.22226      0.18021222   
   1186000   490.17655      1389.5017      1879.6783      233.50979      310.97333      0.18583124   
   1187000   454.29778      1369.506       1823.8038      163.60846      306.49826      0.1876653    
   1188000   477.3445       1331.605       1808.9495      151.74754      298.01593      0.18926282   
   1189000   447.38483      1314.1216      1761.5064      175.42272      294.10312      0.1906453    
   1190000   463.89776      1340.9075      1804.8052      148.62107      300.09784      0.1853425    
   1191000   472.42772      1328.8367      1801.2644      158.53341      297.39638      0.17569865   
   1192000   487.23459      1327.092       1814.3266      182.82623      297.00592      0.17289477   
   1193000   511.75644      1345.4137      1857.1701      184.94324      301.10634      0.17518816   
   1194000   487.30327      1340.4878      1827.7911      127.92557      300.00392      0.1786097    
   1195000   492.92658      1360.4306      1853.3572      85.229482      304.46717      0.18161805   
   1196000   501.38933      1383.1848      1884.5741      103.90486      309.5596       0.18382706   
   1197000   514.05399      1391.1867      1905.2407      139.67975      311.35044      0.18417715   
   1198000   489.46125      1353.9967      1843.4579      108.25915      303.02723      0.1823941    
   1199000   491.43781      1342.2198      1833.6576      115.88533      300.39154      0.17860881   
   1200000   495.59355      1367.2075      1862.8011      87.91374       305.98385      0.17536799   
   1201000   519.27868      1342.104       1861.3826      37.802803      300.36562      0.17367866   
   1202000   502.45213      1345.8573      1848.3095      131.95597      301.20563      0.17946733   
   1203000   473.02058      1386.8424      1859.8629      281.44186      310.37817      0.18713196   
   1204000   486.90097      1344.7902      1831.6911      289.03076      300.9668       0.18994182   
   1205000   487.27129      1350.5092      1837.7804      283.01261      302.24672      0.18928878   
   1206000   501.49386      1358.9133      1860.4071      282.34775      304.12757      0.1859479    
   1207000   482.01049      1372.0674      1854.0779      286.56127      307.0715       0.18381417   
   1208000   497.10299      1384.2957      1881.3987      188.81875      309.80822      0.18070689   
   1209000   466.1984       1358.4         1824.5984      118.71752      304.0127       0.17915232   
   1210000   498.72544      1391.2704      1889.9959      74.268934      311.36917      0.17957999   
   1211000   481.06317      1369.4222      1850.4854      62.279156      306.47951      0.17903813   
   1212000   497.81875      1375.5275      1873.3462      109.6675       307.84587      0.17807685   
   1213000   502.21041      1351.3712      1853.5816      209.39973      302.43964      0.1775614    
   1214000   515.42266      1349.5292      1864.9518      182.43707      302.0274       0.17411336   
   1215000   521.98681      1347.4015      1869.3883      115.23265      301.55122      0.16913309   
   1216000   509.88472      1356.2778      1866.1625      139.03509      303.53775      0.16999263   
   1217000   486.77118      1342.8872      1829.6584      148.54137      300.54092      0.17635489   
   1218000   483.41258      1349.8945      1833.3071      241.33126      302.10917      0.18545876   
   1219000   498.92258      1336.465       1835.3876      293.71805      299.10361      0.18914811   
   1220000   496.8465       1321.9297      1818.7762      270.51375      295.85058      0.18562327   
   1221000   485.08553      1331.8446      1816.9301      236.46999      298.06956      0.18100752   
   1222000   497.09567      1375.4099      1872.5055      233.84705      307.81955      0.17859862   
   1223000   478.2405       1374.146       1852.3865      250.71899      307.53669      0.17670854   
   1224000   508.3497       1366.8497      1875.1994      184.66095      305.90377      0.17381172   
   1225000   521.03949      1352.3905      1873.43        181.60417      302.66777      0.17549555   
   1226000   500.38528      1346.2667      1846.652       254.23245      301.29726      0.18484      
   1227000   477.89943      1329.4959      1807.3953      218.52259      297.54391      0.19073905   
   1228000   485.61664      1319.5611      1805.1778      226.02464      295.32049      0.19021145   
   1229000   482.58872      1300.4379      1783.0266      180.25817      291.04068      0.18633163   
   1230000   467.2421       1336.6657      1803.9078      150.9758       299.14852      0.18154782   
   1231000   485.06834      1360.7238      1845.7921      180.00642      304.53278      0.17911115   
   1232000   481.45097      1371.4785      1852.9294      218.47459      306.9397       0.17657689   
   1233000   517.0329       1358.8658      1875.8987      197.99141      304.11694      0.17287045   
   1234000   502.95736      1377.8093      1880.7666      194.20382      308.35654      0.17021602   
   1235000   502.85461      1418.9219      1921.7765      140.79854      317.55763      0.17094225   
   1236000   542.84813      1354.5587      1897.4068      74.400061      303.15301      0.1728662    
   1237000   513.31423      1355.1621      1868.4763      90.584911      303.28805      0.17292217   
   1238000   514.16697      1357.5999      1871.7669      200.11876      303.83364      0.17509248   
   1239000   506.61491      1362.1553      1868.7702      253.60079      304.85315      0.17644571   
   1240000   467.64788      1383.0596      1850.7075      231.13437      309.53158      0.17354407   
   1241000   484.70136      1399.5648      1884.2661      191.08956      313.22547      0.1688933    
   1242000   510.94203      1345.8634      1856.8054      127.61112      301.20698      0.16487906   
   1243000   530.44338      1365.9903      1896.4337      113.02826      305.71144      0.16264428   
   1244000   507.73801      1349.1291      1856.8671      98.236345      301.93787      0.16598515   
   1245000   497.63929      1300.3261      1797.9654      93.700761      291.01565      0.17493668   
   1246000   474.66549      1340.0201      1814.6856      111.24421      299.89924      0.17832361   
   1247000   478.20134      1349.2387      1827.4401      157.54369      301.9624       0.17814814   
   1248000   480.56663      1360.1979      1840.7645      165.25435      304.41507      0.17598777   
   1249000   475.31713      1366.1964      1841.5136      168.59844      305.75757      0.17478878   
   1250000   482.92263      1376.4419      1859.3645      223.57419      308.05052      0.17439928   
   1251000   496.65881      1316.9374      1813.5962      176.71792      294.7333       0.17472027   
   1252000   486.31434      1346.8362      1833.1505      122.12839      301.4247       0.18053799   
   1253000   488.66109      1335.6743      1824.3354      94.559836      298.92666      0.18865925   
   1254000   447.55169      1326.3672      1773.9189      14.568609      296.84371      0.19047962   
   1255000   441.70402      1312.948       1754.652       52.751848      293.84046      0.18797119   
   1256000   498.09489      1301.7131      1799.808       60.328462      291.32607      0.18398347   
   1257000   489.50912      1329.3713      1818.8805      143.98176      297.51603      0.18223811   
   1258000   480.97285      1344.3547      1825.3276      244.50753      300.86934      0.18157385   
   1259000   476.56506      1332.4947      1809.0597      251.69136      298.21504      0.18146778   
   1260000   494.80476      1318.6884      1813.4931      203.84345      295.12517      0.18357872   
   1261000   469.27283      1281.4165      1750.6893      184.81248      286.78365      0.18728833   
   1262000   468.80915      1303.8646      1772.6737      82.066099      291.80757      0.18741189   
   1263000   488.74882      1302.8687      1791.6175      89.664964      291.58469      0.18495524   
   1264000   495.78761      1306.4826      1802.2702      75.583133      292.39348      0.18120684   
   1265000   495.94287      1332.8654      1828.8083      145.91987      298.29801      0.17823481   
   1266000   487.05006      1321.4685      1808.5186      135.64643      295.74737      0.17049316   
   1267000   507.92148      1312.4081      1820.3296      114.4941       293.71963      0.16865167   
   1268000   497.74995      1341.6678      1839.4177      92.579539      300.268        0.17447069   
   1269000   511.7062       1341.329       1853.0352      44.264718      300.19218      0.1812013    
   1270000   508.44778      1341.9564      1850.4042      45.206437      300.3326       0.18365278   
   1271000   515.21552      1373.8748      1889.0904      107.75953      307.47601      0.18376009   
   1272000   464.82307      1386.043       1850.866       164.0416       310.19926      0.18167958   
   1273000   493.96015      1323.5362      1817.4964      301.50521      296.21012      0.1822198    
   1274000   483.42448      1334.597       1818.0215      326.65712      298.68554      0.18383977   
   1275000   509.96018      1326.0675      1836.0277      300.04474      296.77663      0.18218552   
   1276000   530.72324      1356.2051      1886.9284      234.27689      303.52149      0.17553919   
   1277000   488.82272      1350.9158      1839.7386      132.22525      302.33774      0.16889677   
   1278000   482.52093      1350.0243      1832.5453      71.229993      302.13822      0.1665222    
   1279000   525.07821      1291.5854      1816.6636     -15.331277      289.05946      0.16706231   
   1280000   511.97554      1272.0536      1784.0291      34.847441      284.6882       0.17433459   
   1281000   492.42604      1320.1423      1812.5683      143.60753      295.45056      0.18010236   
   1282000   488.773        1330.0215      1818.7945      171.64913      297.66155      0.17974261   
   1283000   489.68424      1358.9517      1848.6359      186.39117      304.13618      0.17934366   
   1284000   508.53727      1374.4083      1882.9456      238.2839       307.59541      0.18057209   
   1285000   488.77341      1403.263       1892.0364      207.66849      314.05313      0.18138779   
   1286000   528.9035       1354.3749      1883.2784      200.41933      303.11187      0.18114927   
   1287000   484.56556      1362.2354      1846.801       122.0985       304.87109      0.17974004   
   1288000   500.82236      1350.0677      1850.8901      77.024308      302.14792      0.18028939   
   1289000   487.93908      1364.7146      1852.6537      104.91152      305.42594      0.185117     
   1290000   488.34324      1372.9658      1861.3091      160.47327      307.27257      0.1929064    
   1291000   453.78765      1316.0192      1769.8069      171.59314      294.5278       0.19369624   
   1292000   476.79172      1305.4145      1782.2062      175.24763      292.15445      0.19010222   
   1293000   474.54444      1299.9382      1774.4827      171.56591      290.92884      0.18338635   
   1294000   497.28327      1299.5293      1796.8126      126.82759      290.83733      0.17995115   
   1295000   469.35595      1366.3758      1835.7317      145.02223      305.79771      0.1818678    
   1296000   479.67943      1336.9214      1816.6009      147.53437      299.20576      0.18307081   
   1297000   456.16028      1358.7643      1814.9246      113.03254      304.09423      0.18286567   
   1298000   458.90242      1354.0499      1812.9523      145.37341      303.03915      0.18540531   
   1299000   477.91014      1353.0424      1830.9525      196.07826      302.81366      0.18776008   
   1300000   487.17384      1330.2577      1817.4315      273.38421      297.7144       0.18620486   
   1301000   494.14546      1389.4733      1883.6188      232.11931      310.96698      0.17433645   
   1302000   509.62206      1353.7975      1863.4196      173.52609      302.98267      0.16788018   
   1303000   501.66555      1355.8326      1857.4981      149.02102      303.43811      0.16918808   
   1304000   496.24463      1339.2416      1835.4862      142.42661      299.72502      0.17499508   
   1305000   465.32804      1351.2767      1816.6047      138.43601      302.41849      0.17974182   
   1306000   477.63616      1310.9714      1788.6075      151.62459      293.39809      0.18117221   
   1307000   483.48218      1328.0935      1811.5757      174.1082       297.23004      0.1825741    
   1308000   462.1025       1333.4968      1795.5993      213.77312      298.43931      0.18651466   
   1309000   478.51087      1316.553       1795.0639      184.3749       294.64726      0.18912926   
   1310000   509.80409      1323.6816      1833.4857      227.01545      296.24266      0.18842439   
   1311000   491.17714      1365.3332      1856.5104      264.93014      305.56438      0.18232447   
   1312000   500.28026      1371.3897      1871.67        182.82726      306.91984      0.17580476   
   1313000   509.07554      1343.7885      1852.864       157.33907      300.74262      0.17413089   
   1314000   506.90792      1356.4837      1863.3916      122.89422      303.58384      0.17564504   
   1315000   492.43161      1339.434       1831.8656      133.13355      299.76807      0.17921013   
   1316000   502.79799      1335.948       1838.746       128.89045      298.9879       0.18207095   
   1317000   510.57127      1343.7705      1854.3417      201.21874      300.73859      0.18160912   
   1318000   493.69582      1402.4336      1896.1294      176.34414      313.86752      0.17676867   
   1319000   505.78605      1362.4423      1868.2283      155.88696      304.91738      0.17214503   
   1320000   493.77039      1375.7941      1869.5645      155.74588      307.90554      0.17065494   
   1321000   492.43689      1368.0988      1860.5357      130.74926      306.18333      0.17228223   
   1322000   502.16625      1364.9811      1867.1474      136.58573      305.48557      0.17807165   
   1323000   482.85397      1384.2089      1867.0628      139.21386      309.78879      0.181277     
   1324000   512.5519       1319.5096      1832.0615      101.53907      295.30896      0.18091639   
   1325000   473.47634      1341.322       1814.7984      75.040136      300.19063      0.17910046   
   1326000   491.21585      1317.2442      1808.46        155.67585      294.80195      0.17677968   
   1327000   508.16743      1383.8594      1892.0268      221.89809      309.71057      0.17481663   
   1328000   494.47737      1365.5584      1860.0358      328.25107      305.61477      0.17585726   
   1329000   495.36676      1340.1279      1835.4947      347.43163      299.92337      0.1789034    
   1330000   490.58877      1336.4889      1827.0777      295.2011       299.10896      0.18487458   
   1331000   476.66405      1367.6086      1844.2726      259.01665      306.07361      0.1871444    
   1332000   504.8019       1339.0333      1843.8352      126.71041      299.67839      0.1824377    
   1333000   492.62434      1356.508       1849.1323      61.054399      303.58927      0.17731641   
   1334000   496.42614      1329.5502      1825.9764      93.044232      297.55607      0.17552783   
   1335000   483.60188      1342.7022      1826.3041      158.78891      300.4995       0.17424207   
   1336000   519.54764      1328.8773      1848.425       239.22372      297.40548      0.17457589   
   1337000   485.34774      1302.0198      1787.3676      242.61539      291.39471      0.17746125   
   1338000   482.66222      1284.7908      1767.453       189.10692      287.53881      0.18354351   
   1339000   453.91765      1327.0374      1780.9551      172.34449      296.9937       0.19209977   
   1340000   484.1097       1320.2695      1804.3792      176.39764      295.47902      0.19355441   
   1341000   467.77959      1331.962       1799.7416      160.46035      298.09582      0.18891348   
   1342000   448.34573      1344.9797      1793.3254      152.87153      301.00922      0.18453737   
   1343000   504.39492      1319.4622      1823.8571      111.1061       295.29835      0.18409578   
   1344000   460.81722      1320.4479      1781.2651      135.5402       295.51895      0.18462333   
   1345000   460.64941      1293.1792      1753.8286      103.19075      289.41616      0.18494526   
   1346000   464.5915       1283.4166      1748.0081      95.425184      287.23128      0.18822363   
   1347000   486.7046       1291.3752      1778.0798      161.34292      289.01241      0.19284364   
   1348000   458.20096      1338.224       1796.425       154.19431      299.49729      0.19386696   
   1349000   490.60307      1313.8786      1804.4816      134.38157      294.04872      0.19175162   
   1350000   479.74315      1322.9871      1802.7303      186.95916      296.08723      0.18706784   
   1351000   482.61498      1317.0892      1799.7042      205.75362      294.76727      0.18148894   
   1352000   466.25063      1342.4613      1808.712       211.67174      300.4456       0.17903693   
   1353000   492.72771      1320.4189      1813.1466      90.323624      295.51246      0.17758237   
   1354000   488.74949      1321.8572      1810.6067      20.996758      295.83435      0.18127001   
   1355000   479.70504      1332.3682      1812.0733      44.397094      298.18675      0.18863133   
   1356000   452.96889      1281.8518      1734.8206      52.587488      286.88105      0.1926362    
   1357000   477.35195      1299.0362      1776.3882      114.93651      290.72697      0.19310167   
   1358000   479.1024       1340.9518      1820.0542      175.48392      300.10776      0.18795219   
   1359000   491.54313      1303.9043      1795.4475      187.85912      291.81647      0.18369767   
   1360000   461.77246      1347.9223      1809.6947      255.4359       301.66777      0.18272825   
   1361000   466.21982      1343.6358      1809.8556      194.46015      300.70845      0.18218241   
   1362000   483.78183      1296.2969      1780.0788      171.31343      290.11392      0.18654563   
   1363000   461.26668      1337.8279      1799.0946      154.36672      299.40864      0.19185105   
   1364000   484.26677      1384.4081      1868.6749      154.23891      309.83338      0.19462028   
   1365000   479.50279      1362.9007      1842.4035      172.54026      305.01997      0.19573073   
   1366000   485.88609      1392.5738      1878.4599      183.24861      311.66088      0.19568038   
   1367000   477.40334      1357.3944      1834.7978      205.11143      303.78766      0.19027832   
   1368000   479.32474      1351.4287      1830.7534      184.00954      302.45252      0.18414481   
   1369000   472.91862      1342.525       1815.4436      142.50855      300.45984      0.17906085   
   1370000   483.64087      1326.5916      1810.2325      83.045016      296.89393      0.17781982   
   1371000   495.56861      1293.9716      1789.5402      35.672878      289.5935       0.17584365   
   1372000   491.49421      1290.5692      1782.0634      68.123569      288.83203      0.17467461   
   1373000   469.71703      1372.0149      1841.732       154.78951      307.05976      0.173993     
   1374000   509.85703      1357.0117      1866.8688      220.28886      303.70201      0.17430867   
   1375000   500.9388       1350.6961      1851.6349      210.33213      302.28856      0.17635049   
   1376000   481.82336      1371.8616      1853.685       145.60329      307.02544      0.17796064   
   1377000   503.14231      1381.1234      1884.2657      165.52692      309.09826      0.18240583   
   1378000   517.17941      1376.9682      1894.1476      139.85119      308.16831      0.18403413   
   1379000   494.28931      1365.9309      1860.2202      146.86767      305.69814      0.18218377   
   1380000   491.94113      1361.8057      1853.7468      237.62601      304.77491      0.18200732   
   1381000   499.48056      1340.3139      1839.7944      311.67655      299.96499      0.1811693    
   1382000   481.85643      1341.229       1823.0854      301.36914      300.16979      0.17628988   
   1383000   498.28654      1336.3933      1834.6799      244.19917      299.08757      0.1675036    
   1384000   527.15522      1334.4017      1861.5569      158.30524      298.64184      0.16491612   
   1385000   525.98199      1335.7384      1861.7203      134.1023       298.94099      0.16815843   
   1386000   467.00523      1342.966       1809.9712      101.92989      300.55855      0.17254273   
   1387000   485.58511      1321.6117      1807.1968      62.754873      295.77941      0.17785658   
   1388000   499.21926      1322.7168      1821.936       87.095532      296.02673      0.1809613    
   1389000   504.72524      1315.2621      1819.9873      119.93347      294.35835      0.18004611   
   1390000   502.42834      1303.8604      1806.2887      164.49747      291.80663      0.17844053   
   1391000   492.93429      1311.3352      1804.2695      129.26669      293.4795       0.17687286   
   1392000   458.57602      1329.2389      1787.8149      112.69423      297.48639      0.1803625    
   1393000   505.89265      1357.8811      1863.7737      65.868997      303.89657      0.1859973    
   1394000   508.12717      1338.8078      1846.9349      61.780118      299.62793      0.18802105   
   1395000   480.63041      1389.681       1870.3114      150.46798      311.01346      0.18733726   
   1396000   502.45414      1406.2425      1908.6966      248.95271      314.71996      0.18702349   
   1397000   515.36184      1370.4644      1885.8262      299.30082      306.71274      0.1837664    
   1398000   480.10377      1374.1846      1854.2884      304.48068      307.54533      0.17842933   
   1399000   494.68464      1366.2392      1860.9238      228.75958      305.76713      0.17292233   
   1400000   541.86807      1344.7808      1886.6489      179.8251       300.96471      0.17357499   
   1401000   491.16588      1352.9721      1844.138       188.93286      302.79793      0.17815578   
   1402000   484.6297       1387.6165      1872.2462      189.79513      310.55142      0.18089679   
   1403000   506.17964      1388.7728      1894.9524      192.37759      310.81019      0.18042404   
   1404000   516.84285      1355.5887      1872.4316      163.20072      303.38354      0.17963581   
   1405000   493.25131      1377.6279      1870.8792      163.46522      308.31594      0.17812948   
   1406000   512.59414      1396.9178      1909.5119      173.93077      312.63306      0.1755895    
   1407000   506.92149      1356.5793      1863.5008      161.92378      303.60523      0.17369527   
   1408000   496.85403      1374.2534      1871.1074      167.17711      307.56073      0.17371307   
   1409000   496.05844      1357.7952      1853.8537      224.89047      303.87736      0.18271824   
   1410000   485.65218      1346.1403      1831.7925      232.10032      301.26897      0.1896112    
   1411000   476.51535      1381.9648      1858.4802      220.55106      309.28656      0.19191814   
   1412000   489.78363      1348.0586      1837.8423      178.6489       301.69829      0.18958353   
   1413000   504.0067       1326.4261      1830.4328      104.34055      296.85688      0.18596231   
   1414000   459.56948      1337.108       1796.6775      112.71637      299.24752      0.18307106   
   1415000   500.54302      1330.4716      1831.0147      67.028174      297.76228      0.17734962   
   1416000   496.64773      1319.6278      1816.2755      139.69109      295.33541      0.17620037   
   1417000   485.45986      1299.934       1785.3939      157.1988       290.9279       0.17520335   
   1418000   495.27567      1331.2067      1826.4823      223.47574      297.92678      0.17635434   
   1419000   493.63115      1326.2853      1819.9164      196.10174      296.82537      0.17917654   
   1420000   479.90485      1344.0309      1823.9357      186.37554      300.79687      0.18223933   
   1421000   463.43089      1344.1963      1807.6272      164.83529      300.83388      0.18599945   
   1422000   501.28551      1326.8361      1828.1216      160.1364       296.94863      0.18821862   
   1423000   496.20507      1380.0865      1876.2916      116.15057      308.8662       0.18660853   
   1424000   486.21805      1348.6399      1834.858       188.76883      301.82839      0.18556636   
   1425000   493.80639      1348.3909      1842.1972      285.0592       301.77264      0.18402049   
   1426000   502.36503      1360.9472      1863.3122      321.90651      304.58278      0.18292188   
   1427000   541.11707      1332.8986      1874.0157      235.02113      298.30544      0.18082778   
   1428000   486.30047      1373.7768      1860.0773      191.38947      307.45407      0.18251839   
   1429000   482.12542      1369.4142      1851.5396      163.14957      306.4777       0.18820757   
   1430000   504.51466      1318.4902      1823.0048      122.62157      295.08081      0.19400934   
   1431000   491.50309      1332.1227      1823.6258      106.78627      298.13179      0.19502097   
   1432000   462.24228      1372.3441      1834.5864      172.62585      307.13343      0.19085735   
   1433000   491.81945      1335.849       1827.6685      161.07483      298.96576      0.18508782   
   1434000   490.50219      1336.5732      1827.0754      124.86955      299.12782      0.17973787   
   1435000   470.7825       1298.6437      1769.4262      195.2175       290.63912      0.17833486   
   1436000   470.32881      1319.4872      1789.8161      190.04654      295.30395      0.17722442   
   1437000   488.10754      1313.8223      1801.9299      198.29635      294.03613      0.18293693   
   1438000   487.60882      1317.2706      1804.8795      187.21956      294.80787      0.18803266   
   1439000   485.92352      1298.1265      1784.0501      176.67347      290.52338      0.18717896   
   1440000   484.49905      1333.5566      1818.0556      183.49968      298.4527       0.18433913   
   1441000   505.07696      1320.8011      1825.878       221.78589      295.59799      0.18160692   
   1442000   492.01378      1333.1681      1825.1819      228.6239       298.36576      0.17948251   
   1443000   513.14184      1391.033       1904.1749      255.54481      311.31604      0.17850833   
   1444000   503.87693      1362.0684      1865.9453      183.39014      304.83369      0.17556924   
   1445000   504.81052      1357.2619      1862.0725      135.17247      303.75801      0.17392286   
   1446000   491.66262      1354.1335      1845.7961      138.18089      303.05786      0.17525532   
   1447000   493.0596       1374.2686      1867.3282      116.10267      307.56412      0.17818626   
   1448000   483.86602      1349.4156      1833.2816      170.18764      302.00197      0.18422513   
   1449000   451.79233      1281.0816      1732.874       174.40353      286.7087       0.19063782   
   1450000   466.56444      1321.1154      1787.6798      211.0561       295.66833      0.19602937   
   1451000   477.78616      1316.4787      1794.2648      212.0676       294.63062      0.19351653   
   1452000   458.23772      1339.0842      1797.3219      159.53825      299.68978      0.18491918   
   1453000   505.0518       1327.2129      1832.2647      120.18433      297.03296      0.18123101   
   1454000   518.5172       1275.2026      1793.7198      50.869886      285.39295      0.17983298   
   1455000   495.90774      1337.3963      1833.304       35.95846       299.31203      0.17869794   
   1456000   496.96322      1311.6546      1808.6178      96.687934      293.55099      0.17749639   
   1457000   500.17325      1302.9215      1803.0947      125.76395      291.5965       0.17641423   
   1458000   463.26917      1340.8456      1804.1147      189.55334      300.08399      0.1787011    
   1459000   512.71718      1322.524       1835.2412      242.84238      295.98359      0.1870958    
   1460000   493.62226      1316.9392      1810.5615      257.45615      294.7337       0.19380283   
   1461000   451.07279      1357.999       1809.0718      251.86062      303.92297      0.19436616   
   1462000   460.48981      1329.4904      1789.9802      204.74436      297.54267      0.19083166   
   1463000   477.49333      1316.4617      1793.955       142.96997      294.62683      0.18617541   
   1464000   497.72096      1305.5523      1803.2732      101.50663      292.18528      0.18307049   
   1465000   520.79925      1335.4303      1856.2296      101.89071      298.87205      0.18002604   
   1466000   493.53244      1346.7613      1840.2937      113.57352      301.40793      0.176592     
   1467000   472.77649      1327.1139      1799.8904      136.38634      297.01082      0.1754677    
   1468000   504.56044      1306.2053      1810.7658      153.62396      292.33143      0.17596188   
   1469000   493.07356      1307.1387      1800.2123      223.78431      292.54033      0.17913756   
   1470000   490.88975      1337.8058      1828.6956      281.13628      299.40369      0.18394849   
   1471000   517.16935      1326.8514      1844.0207      263.36682      296.95206      0.18749171   
   1472000   468.86046      1357.3055      1826.166       175.54284      303.76777      0.18590399   
   1473000   507.51923      1331.2687      1838.7879      97.938583      297.94067      0.18259583   
   1474000   485.58707      1351.5795      1837.1665      81.235941      302.48626      0.17704      
   1475000   521.03839      1357.1259      1878.1643      88.394881      303.72757      0.17321879   
   1476000   503.21266      1336.0893      1839.302       171.22793      299.01954      0.17219999   
   1477000   528.44983      1315.6579      1844.1077      189.12985      294.44694      0.17387664   
   1478000   516.33517      1336.2986      1852.6338      220.30088      299.06638      0.18145979   
   1479000   478.08392      1371.7702      1849.8541      222.48164      307.00498      0.18604433   
   1480000   523.63043      1358.6221      1882.2525      155.76124      304.06241      0.18535356   
   1481000   493.92919      1379.5265      1873.4557      124.70207      308.74087      0.18299084   
   1482000   514.19379      1360.4838      1874.6776      139.12728      304.47906      0.18234159   
   1483000   512.96648      1355.3129      1868.2794      161.64031      303.32181      0.18265265   
   1484000   485.54147      1356.7986      1842.34        193.2022       303.65431      0.18259934   
   1485000   507.10316      1374.0042      1881.1073      169.98649      307.50495      0.18158032   
   1486000   500.34451      1393.8473      1894.1918      196.48235      311.94589      0.18272365   
   1487000   483.70022      1392.7579      1876.4581      243.13613      311.70207      0.18512965   
   1488000   481.60824      1364.7142      1846.3224      225.84488      305.42583      0.18567278   
   1489000   468.699        1359.7466      1828.4456      223.68138      304.31408      0.18736198   
   1490000   471.77781      1349.8961      1821.6739      230.90464      302.10952      0.18881412   
   1491000   481.98005      1350.6334      1832.6134      199.10895      302.27452      0.18981363   
   1492000   493.57283      1296.6597      1790.2325      128.44473      290.19511      0.18815147   
   1493000   491.48046      1319.9503      1811.4307      91.954157      295.40758      0.18565026   
   1494000   471.93675      1327.1099      1799.0467      81.208472      297.00992      0.18325272   
   1495000   480.21282      1323.5544      1803.7672      124.31298      296.21419      0.18293024   
   1496000   511.79167      1284.9902      1796.7818      190.17089      287.58344      0.18384149   
   1497000   451.45876      1332.8791      1784.3379      188.83781      298.30108      0.18344266   
   1498000   442.94613      1317.0454      1759.9915      143.36392      294.75746      0.18320975   
   1499000   504.45039      1319.5532      1824.0036      61.600824      295.31873      0.18352387   
   1500000   473.14742      1345.3637      1818.5111      10.87337       301.09516      0.18751528   
   1501000   475.00832      1334.3389      1809.3472      27.719027      298.62778      0.19582031   
   1502000   508.27064      1331.4791      1839.7497      75.30087       297.98775      0.1987937    
   1503000   487.55185      1371.4281      1858.98        177.21092      306.92843      0.1972773    
   1504000   486.66371      1365.2908      1851.9545      262.00536      305.55489      0.19222017   
   1505000   511.82179      1370.4268      1882.2486      317.2767       306.70433      0.18366432   
   1506000   497.01618      1354.3582      1851.3744      223.26689      303.10815      0.18023859   
   1507000   490.87823      1357.1341      1848.0124      137.11523      303.72941      0.18091884   
   1508000   492.675        1374.3268      1867.0018      60.108656      307.57715      0.18397969   
   1509000   485.94657      1377.4169      1863.3635      67.761467      308.26873      0.18556139   
   1510000   475.7281       1368.3271      1844.0552      83.228755      306.23442      0.18132757   
   1511000   500.03967      1335.1528      1835.1924      156.52002      298.80993      0.17703092   
   1512000   505.90112      1304.0092      1809.9104      230.82311      291.83994      0.1749033    
   1513000   479.64877      1288.7058      1768.3545      253.77972      288.415        0.17283196   
   1514000   494.62817      1286.6615      1781.2897      275.361        287.95749      0.17754113   
   1515000   473.12369      1336.0435      1809.1672      229.40355      299.00928      0.18548554   
   1516000   449.42064      1347.5085      1796.9291      204.8226       301.57516      0.1871295    
   1517000   466.1838       1314.9302      1781.114       63.474005      294.28407      0.18090033   
   1518000   504.95695      1341.322       1846.2789      21.297474      300.19061      0.17709213   
   1519000   510.23587      1384.2477      1894.4836      23.718315      309.79748      0.17663332   
   1520000   491.07425      1367.1513      1858.2256      73.493047      305.97127      0.17836692   
   1521000   484.16021      1395.011       1879.1712      124.92889      312.20632      0.18001675   
   1522000   496.39072      1367.4211      1863.8119      170.17795      306.03166      0.18053574   
   1523000   481.05764      1370.9247      1851.9823      181.80706      306.81575      0.18178339   
   1524000   490.02568      1363.1451      1853.1708      195.60497      305.07468      0.18523865   
   1525000   496.5863       1359.5091      1856.0954      192.67497      304.26094      0.18847394   
   1526000   503.43708      1321.2347      1824.6718      164.78427      295.69503      0.18871023   
   1527000   497.54705      1327.9427      1825.4897      113.97407      297.1963       0.18472027   
   1528000   498.46268      1307.6634      1806.1261      143.5431       292.65776      0.18017026   
   1529000   494.92007      1302.0102      1796.9302      179.7301       291.39255      0.17844958   
   1530000   485.10407      1296.6218      1781.7259      177.132        290.18663      0.17799019   
   1531000   486.24649      1345.7885      1832.035       187.08383      301.19023      0.18045232   
   1532000   499.59189      1360.999       1860.5909      235.62923      304.59437      0.18428204   
   1533000   478.43361      1353.0145      1831.4481      181.25926      302.80742      0.18542619   
   1534000   499.08413      1354.2922      1853.3763      216.52538      303.09337      0.18405313   
   1535000   508.1499       1321.5502      1829.7001      178.58704      295.76565      0.1765674    
   1536000   486.37906      1325.2748      1811.6539      184.05139      296.59922      0.16997307   
   1537000   489.65951      1370.3072      1859.9667      145.13671      306.67756      0.16937778   
   1538000   509.3334       1344.619       1853.9524      31.073801      300.92849      0.17369397   
   1539000   512.20518      1341.605       1853.8102     -13.731891      300.25396      0.17814969   
   1540000   497.85684      1362.4838      1860.3406     -38.070799      304.92667      0.18085288   
   1541000   526.62992      1402.6527      1929.2826     -23.094184      313.91656      0.18204952   
   1542000   519.1357       1359.1762      1878.3119      52.917624      304.18642      0.18086318   
   1543000   508.58566      1335.7969      1844.3825      132.69164      298.95408      0.18365724   
   1544000   487.38203      1381.5829      1868.9649      187.83665      309.20108      0.18805731   
   1545000   499.13637      1397.8847      1897.0211      244.2336       312.84948      0.19022523   
   1546000   471.51865      1373.3402      1844.8589      328.70425      307.35636      0.18886643   
   1547000   484.91084      1349.8797      1834.7905      244.34453      302.10585      0.18025993   
   1548000   504.5669       1362.334       1866.9009      179.67778      304.89314      0.17254854   
   1549000   503.91694      1342.1989      1846.1158      134.14326      300.38687      0.172213     
   1550000   518.41347      1333.3658      1851.7793      71.35933       298.41         0.17403328   
   1551000   508.90903      1291.9911      1800.9001      91.934887      289.15026      0.17980667   
   1552000   489.9446       1337.5266      1827.4712      90.307633      299.3412       0.18372345   
   1553000   480.58651      1338.6253      1819.2118      170.33635      299.58709      0.18623415   
   1554000   485.98485      1328.0751      1814.06        177.82469      297.22594      0.18480045   
   1555000   486.05819      1294.3497      1780.4078      161.66049      289.67811      0.18089833   
   1556000   506.44838      1302.9392      1809.3876      142.4409       291.60047      0.17786243   
   1557000   460.87983      1356.943       1817.8228      178.5003       303.68662      0.17522795   
   1558000   506.06563      1341.6208      1847.6864      120.48382      300.25748      0.16928007   
   1559000   520.24061      1405.1099      1925.3505      100.82787      314.46648      0.16369873   
   1560000   526.80186      1389.5462      1916.348       138.58874      310.98328      0.16385586   
   1561000   522.46836      1363.444       1885.9124      164.8313       305.14157      0.16993953   
   1562000   515.60249      1334.535       1850.1375      250.09346      298.67168      0.17850861   
   1563000   492.08704      1311.0545      1803.1415      185.46564      293.41669      0.18019098   
   1564000   487.26217      1322.1469      1809.4091      142.00136      295.89919      0.18177561   
   1565000   486.48155      1338.1894      1824.671       120.41964      299.48954      0.18418176   
   1566000   493.74342      1354.4958      1848.2392      73.115919      303.13893      0.18528325   
   1567000   485.29251      1363.789       1849.0815      32.116729      305.21878      0.18256731   
   1568000   494.16765      1344.653       1838.8207      64.442055      300.93611      0.17868708   
   1569000   493.52136      1341.3215      1834.8428      160.54943      300.1905       0.17561767   
   1570000   494.78793      1362.9534      1857.7413      214.94071      305.03177      0.17187579   
   1571000   482.88534      1380.267       1863.1523      205.18307      308.90659      0.16984265   
   1572000   493.70426      1352.6073      1846.3116      188.7745       302.7163       0.17115965   
   1573000   517.72761      1335.1455      1852.8731      197.1302       298.80831      0.17641928   
   1574000   508.22496      1332.1009      1840.3259      198.4449       298.12692      0.18133286   
   1575000   509.04977      1351.0733      1860.1231      145.12943      302.37298      0.18213277   
   1576000   506.4913       1380.6648      1887.1561      104.80656      308.99562      0.1814596    
   1577000   473.51234      1387.8684      1861.3808      129.98727      310.6078       0.18075864   
   1578000   530.63418      1336.5737      1867.2079      114.94081      299.12794      0.17836888   
   1579000   497.37871      1319.6659      1817.0447      128.67527      295.34395      0.17704079   
   1580000   527.67842      1288.5408      1816.2192      140.44839      288.37807      0.17643028   
   1581000   488.44435      1297.4662      1785.9105      215.16249      290.3756       0.17638853   
   1582000   498.01275      1334.3439      1832.3566      265.78559      298.6289       0.17951204   
   1583000   501.94798      1297.4364      1799.3844      179.31084      290.36894      0.181712     
   1584000   493.13132      1319.3111      1812.4424      109.23877      295.26454      0.18240463   
   1585000   482.22743      1330.6397      1812.8671      31.267273      297.79989      0.1828788    
   1586000   483.22351      1310.8533      1794.0768      9.0285957      293.37166      0.18671708   
   1587000   499.97151      1319.3332      1819.3048      14.508849      295.26949      0.19093696   
   1588000   460.14803      1340.6412      1800.7893      81.460883      300.03826      0.19252077   
   1589000   465.79769      1330.3476      1796.1453      123.41243      297.73453      0.18796848   
   1590000   494.38311      1330.9992      1825.3823      175.47531      297.88035      0.18121607   
   1591000   496.31119      1330.3438      1826.655       200.29104      297.73367      0.17626452   
   1592000   493.35203      1309.6594      1803.0114      142.33816      293.10445      0.17503788   
   1593000   508.24499      1264.8869      1773.1319      160.71816      283.08429      0.17779477   
   1594000   477.00789      1294.7795      1771.7873      122.29258      289.7743       0.17979489   
   1595000   493.77411      1302.9624      1796.7365      171.84961      291.60566      0.18149543   
   1596000   517.23325      1293.0441      1810.2774      191.10256      289.38593      0.18000235   
   1597000   506.05119      1306.8795      1812.9307      147.95773      292.48231      0.17319346   
   1598000   488.20672      1286.4832      1774.6899      122.03196      287.91759      0.16941084   
   1599000   504.17585      1296.483       1800.6588      83.346939      290.15555      0.17255931   
   1600000   475.14394      1344.1641      1819.3081      50.268759      300.82669      0.17929297   
   1601000   476.87449      1330.4988      1807.3733      78.514622      297.76836      0.1838886    
   1602000   480.4361       1318.0619      1798.498       148.24378      294.98496      0.18426093   
   1603000   500.06445      1375.323       1875.3875      167.69804      307.80012      0.18173775   
   1604000   511.61077      1372.5465      1884.1572      205.15659      307.17872      0.17885847   
   1605000   495.6338       1375.5176      1871.1514      198.34879      307.84366      0.17477244   
   1606000   520.17432      1359.9668      1880.1411      146.57324      304.36336      0.17125171   
   1607000   519.09518      1369.3058      1888.401       133.05467      306.45344      0.17174227   
   1608000   539.16284      1395.3666      1934.5294      232.3771       312.28591      0.17241259   
   1609000   505.47637      1364.372       1869.8484      318.53092      305.34926      0.17208684   
   1610000   499.26001      1351.1693      1850.4293      268.94392      302.39445      0.17237223   
   1611000   476.96659      1348.835       1825.8016      172.05451      301.87204      0.17447094   
   1612000   457.96717      1331.4121      1789.3793      58.610149      297.97277      0.17665876   
   1613000   502.51058      1346.5085      1849.019       9.0288037      301.35136      0.18022869   
   1614000   481.56913      1361.9766      1843.5457      118.24858      304.81316      0.18526843   
   1615000   493.79941      1326.7747      1820.5741      138.05557      296.93491      0.18387737   
   1616000   501.18497      1320.3513      1821.5362      193.72114      295.49732      0.17936871   
   1617000   506.52397      1297.824       1804.348       255.10831      290.45568      0.17357733   
   1618000   497.17695      1330.6182      1827.7951      155.50423      297.79508      0.16736102   
   1619000   500.7446       1345.5443      1846.2889      127.02329      301.13558      0.16729043   
   1620000   492.4649       1310.5156      1802.9805      37.738717      293.29608      0.17034547   
   1621000   518.6595       1320.3207      1838.9802     -16.875094      295.49048      0.1762209    
   1622000   476.53518      1329.3115      1805.8467      37.09882       297.50265      0.17992071   
   1623000   494.85172      1339.5642      1834.4159      25.552748      299.79721      0.17995895   
   1624000   481.0405       1346.2774      1827.3179      132.20508      301.29966      0.18285544   
   1625000   492.92162      1336.603       1829.5246      193.91804      299.1345       0.18625432   
   1626000   495.22643      1309.8589      1805.0853      239.73026      293.1491       0.18787013   
   1627000   490.24642      1329.4734      1819.7199      204.34944      297.53889      0.18521303   
   1628000   476.57718      1301.754       1778.3312      165.99707      291.33522      0.17839078   
   1629000   508.49165      1308.1309      1816.6226      150.70575      292.76239      0.1731785    
   1630000   496.51672      1304.7224      1801.2391      179.53827      291.99954      0.17277531   
   1631000   485.61515      1329.1381      1814.7533      175.47921      297.46384      0.1757574    
   1632000   515.205        1321.1919      1836.3969      231.98512      295.68546      0.1805696    
   1633000   505.61482      1346.451       1852.0658      218.62795      301.33849      0.1815705    
   1634000   511.13439      1284.8807      1796.0151      226.05425      287.55895      0.18094486   
   1635000   474.40828      1309.6817      1784.09        215.88999      293.10945      0.17942607   
   1636000   528.56064      1292.3613      1820.9219      115.72221      289.23311      0.17739208   
   1637000   482.87586      1330.9474      1813.8232      110.64703      297.86876      0.17722901   
   1638000   465.14127      1336.0063      1801.1476      158.58643      299.00095      0.18111469   
   1639000   502.564        1317.9051      1820.4691      107.42149      294.94987      0.18495837   
   1640000   499.93833      1344.1793      1844.1177      158.50303      300.83009      0.18800792   
   1641000   490.85833      1360.0897      1850.948       142.37551      304.39087      0.1865882    
   1642000   517.16875      1349.7619      1866.9307      146.89957      302.07949      0.18332358   
   1643000   518.57623      1340.9118      1859.4881      123.17655      300.09882      0.17722586   
   1644000   513.60495      1365.9955      1879.6005      133.22123      305.71261      0.17321516   
   1645000   527.31756      1318.4738      1845.7914      126.19326      295.07715      0.17149814   
   1646000   508.32798      1340.054       1848.382       131.40669      299.90683      0.17265361   
   1647000   488.62967      1352.4452      1841.0748      180.40169      302.68001      0.18008621   
   1648000   484.06061      1328.9744      1813.035       182.30365      297.42719      0.18470478   
   1649000   499.19185      1341.7025      1840.8944      184.70172      300.27578      0.18339958   
   1650000   482.63476      1338.7105      1821.3452      233.79618      299.60615      0.18063102   
   1651000   488.2162       1271.0587      1759.2749      279.1133       284.46556      0.1762214    
   1652000   515.59188      1344.7334      1860.3253      220.40289      300.9541       0.17362529   
   1653000   486.03505      1347.559       1833.5941      180.93151      301.58648      0.17312267   
   1654000   498.17326      1313.5006      1811.6738      61.31918       293.96412      0.17501303   
   1655000   495.64676      1330.1859      1825.8327      13.376271      297.69833      0.17635651   
   1656000   490.02726      1323.9569      1813.9842      50.000106      296.30428      0.17765392   
   1657000   498.2418       1327.3074      1825.5492      155.10364      297.05411      0.18118602   
   1658000   486.24309      1328.74        1814.9831      240.02089      297.37474      0.18263011   
   1659000   488.42658      1288.8071      1777.2336      256.3373       288.43767      0.18042055   
   1660000   488.06095      1333.6574      1821.7183      236.37787      298.47526      0.17483382   
   1661000   497.91634      1347.5401      1845.4564      190.95258      301.58224      0.1702184    
   1662000   488.10913      1282.2897      1770.3988      63.399765      286.97906      0.16970137   
   1663000   505.46875      1310.8284      1816.2971      12.660302      293.36608      0.17560559   
   1664000   490.72942      1338.1118      1828.8412      49.419827      299.47217      0.18019023   
   1665000   494.06288      1333.4876      1827.5505      129.31832      298.43727      0.18185623   
   1666000   470.28978      1363.2742      1833.5639      213.6226       305.10355      0.18149425   
   1667000   477.73906      1353.3026      1831.0417      250.55249      302.8719       0.18217223   
   1668000   493.15182      1295.5222      1788.674       212.05359      289.94052      0.18316733   
   1669000   489.85078      1315.5755      1805.4263      151.79785      294.42851      0.18656235   
   1670000   456.59982      1316.4917      1773.0915      116.65101      294.63354      0.19059644   
   1671000   471.78698      1329.936       1801.723       26.632242      297.64241      0.19070827   
   1672000   485.8122       1282.0749      1767.8871     -0.74310427     286.93099      0.18455649   
   1673000   490.90536      1291.9116      1782.817       55.697222      289.13247      0.17764183   
   1674000   496.25973      1308.9451      1805.2048      119.78991      292.9446       0.17746091   
   1675000   498.98         1330.4272      1829.4072      199.22038      297.75233      0.1816711    
   1676000   501.99087      1315.5802      1817.5711      226.06135      294.42954      0.18476015   
   1677000   489.55439      1323.3148      1812.8691      216.59783      296.16056      0.18717699   
   1678000   494.93966      1381.6876      1876.6273      125.76208      309.22453      0.18764044   
   1679000   530.10308      1358.1652      1888.2683      111.55991      303.96017      0.18706752   
   1680000   498.76701      1364.2888      1863.0558      143.8729       305.33063      0.18706963   
   1681000   488.05877      1352.3171      1840.3759      144.07342      302.65135      0.18593059   
   1682000   473.09195      1361.3664      1834.4584      189.94691      304.6766       0.18598895   
   1683000   492.40932      1333.8731      1826.2824      239.04649      298.52353      0.18726599   
   1684000   511.30371      1392.1736      1903.4773      216.32552      311.5713       0.18774522   
   1685000   487.9494       1376.1347      1864.0841      202.14533      307.98178      0.18699611   
   1686000   486.33149      1352.5909      1838.9224      155.59733      302.71262      0.1865525    
   1687000   518.36868      1324.9755      1843.3442      146.35558      296.53224      0.19029377   
   1688000   493.115        1389.3969      1882.5119      191.23326      310.94987      0.19262793   
   1689000   497.48409      1412.2499      1909.734       200.62585      316.06442      0.18878811   
   1690000   495.86205      1382.9519      1878.814       164.42581      309.50748      0.18130462   
   1691000   531.28194      1348.8587      1880.1406      179.61641      301.87735      0.17889103   
   1692000   527.72757      1317.1151      1844.8426      219.72506      294.77306      0.17757479   
   1693000   515.38461      1314.2534      1829.638       221.74499      294.1326       0.17572812   
   1694000   514.54194      1323.1188      1837.6607      171.23871      296.1167       0.17691781   
   1695000   484.12918      1333.6878      1817.817       123.30497      298.48206      0.18306699   
   1696000   492.05736      1329.6745      1821.7318      183.89001      297.58388      0.19025861   
   1697000   499.22315      1314.0069      1813.2301      186.18921      294.07745      0.18905335   
   1698000   491.15704      1358.821       1849.9781      200.27057      304.10693      0.18172354   
   1699000   533.331        1384.7659      1918.0969      251.80795      309.91346      0.1768933    
   1700000   522.246        1350.143       1872.389       201.5459       302.16478      0.1733101    
   1701000   519.57145      1371.4806      1891.052       153.99902      306.94017      0.17299996   
   1702000   509.07617      1352.4333      1861.5095      121.43033      302.67736      0.17488305   
   1703000   508.80152      1363.8043      1872.6058      73.369631      305.2222       0.17786937   
   1704000   482.76292      1400.9338      1883.6967      108.23196      313.53187      0.18046465   
   1705000   524.88251      1335.0576      1859.9401      41.232358      298.78863      0.17679233   
   1706000   535.14296      1341.6598      1876.8028      31.995162      300.26622      0.17253832   
   1707000   527.73631      1373.5904      1901.3267      71.010525      307.41236      0.16940918   
   1708000   550.69501      1399.0836      1949.7786      132.44912      313.11779      0.16857745   
   1709000   540.42733      1351.8252      1892.2525      142.82953      302.54124      0.17202807   
   1710000   513.41296      1373.0041      1886.4171      225.77594      307.28114      0.17613612   
   1711000   503.9295       1389.372       1893.3015      265.69834      310.94431      0.18242447   
   1712000   501.47353      1382.0386      1883.5121      262.00876      309.30307      0.18551802   
   1713000   510.06642      1352.6783      1862.7447      207.59508      302.73217      0.18526271   
   1714000   492.98695      1357.6913      1850.6783      180.52701      303.85411      0.18387129   
   1715000   547.64695      1345.412       1893.059       111.05888      301.10598      0.17958526   
   1716000   510.59609      1373.0923      1883.6884      159.86471      307.30088      0.17629213   
   1717000   495.16548      1371.2967      1866.4622      152.01424      306.89902      0.1712578    
   1718000   536.47057      1301.9579      1838.4284      186.55398      291.38084      0.16663841   
   1719000   498.00768      1323.8573      1821.8649      204.58925      296.28197      0.16640254   
   1720000   499.55458      1350.8876      1850.4422      200.84955      302.33142      0.17334939   
   1721000   474.68391      1330.2334      1804.9173      128.96822      297.70896      0.18084643   
   1722000   531.11679      1304.5188      1835.6356      57.47479       291.95399      0.18511032   
   1723000   483.24835      1325.0663      1808.3147      113.25362      296.55256      0.18637516   
   1724000   474.17479      1340.122       1814.2968      132.71377      299.92205      0.18651068   
   1725000   474.97617      1339.0517      1814.0279      163.94116      299.68252      0.18520246   
   1726000   490.14061      1295.6574      1785.798       191.52596      289.97078      0.18144907   
   1727000   473.18333      1342.0471      1815.2304      221.49566      300.3529       0.17623059   
   1728000   505.99351      1322.358       1828.3516      150.02094      295.94644      0.17060525   
   1729000   528.66081      1341.0166      1869.6774      142.93593      300.12226      0.17158602   
   1730000   504.17381      1366.0487      1870.2226      141.06035      305.72451      0.17664754   
   1731000   499.30104      1371.9204      1871.2214      117.90312      307.0386       0.18380245   
   1732000   521.64935      1349.5797      1871.2291      142.67292      302.03872      0.19106122   
   1733000   479.55708      1346.2049      1825.762       187.42052      301.28342      0.1921715    
   1734000   456.75861      1382.49        1839.2487      271.01323      309.40411      0.18851674   
   1735000   490.57347      1346.5988      1837.1723      270.67469      301.37158      0.17873396   
   1736000   536.80051      1311.9095      1848.71        221.438        293.60804      0.17391863   
   1737000   501.96057      1340.8364      1842.7969      155.58813      300.08193      0.17334112   
   1738000   502.97729      1314.8886      1817.8659      52.319355      294.27476      0.17550458   
   1739000   475.1578       1340.3536      1815.5114      65.11512       299.97388      0.18246896   
   1740000   461.34499      1332.3137      1793.6587      80.032028      298.17453      0.18704023   
   1741000   503.1899       1336.1909      1839.3808      54.822086      299.04227      0.18858654   
   1742000   508.29813      1375.4771      1883.7752      136.94873      307.8346       0.18690492   
   1743000   511.38523      1362.7356      1874.1208      221.68854      304.98302      0.18223481   
   1744000   505.16447      1346.0016      1851.1661      198.92496      301.23793      0.17621545   
   1745000   529.32292      1367.6073      1896.9302      222.24056      306.07332      0.1765736    
   1746000   515.63407      1345.2843      1860.9183      202.79054      301.07738      0.17959654   
   1747000   465.25263      1321.0255      1786.2781      171.73703      295.64822      0.18503915   
   1748000   497.35918      1317.3191      1814.6783      141.3922       294.81871      0.18823229   
   1749000   481.23158      1304.9061      1786.1377      104.6956       292.04067      0.18631284   
   1750000   506.69701      1333.3229      1840.0199      90.315699      298.4004       0.18378032   
   1751000   518.13266      1321.2378      1839.3705      82.646297      295.69574      0.18211884   
   1752000   514.88786      1330.503       1845.3908      98.287119      297.76929      0.18283148   
   1753000   497.66962      1378.7744      1876.4441      146.89154      308.57255      0.18751643   
   1754000   492.69303      1339.8331      1832.5261      150.23686      299.8574       0.19152793   
   1755000   482.28098      1343.6626      1825.9436      217.22113      300.71445      0.19728625   
   1756000   479.82619      1380.8252      1860.6514      225.62872      309.03152      0.19841989   
   1757000   491.22373      1337.7149      1828.9386      168.86568      299.38334      0.19469991   
   1758000   499.35015      1309.834       1809.1842      169.66313      293.14354      0.18909483   
   1759000   510.3748       1329.073       1839.4478      102.83362      297.44927      0.1825549    
   1760000   511.62647      1322.5811      1834.2076      69.951318      295.99636      0.17724204   
   1761000   521.99818      1334.5133      1856.5114      77.254216      298.66681      0.17554951   
   1762000   495.93472      1345.4847      1841.4194      122.70876      301.12223      0.1777088    
   1763000   499.73247      1351.5959      1851.3284      170.30641      302.48994      0.18175171   
   1764000   532.7751       1358.3165      1891.0916      203.79431      303.99402      0.18301241   
   1765000   513.61296      1355.4749      1869.0878      254.74596      303.35806      0.18178886   
   1766000   497.65829      1356.7728      1854.4311      216.22952      303.64854      0.17944119   
   1767000   496.81446      1335.6488      1832.4632      204.32029      298.92093      0.17834642   
   1768000   488.75905      1348.6698      1837.4288      226.74777      301.83507      0.17835535   
   1769000   498.55945      1315.2091      1813.7685      157.84368      294.34649      0.17827563   
   1770000   492.7814       1322.6766      1815.458       147.6396       296.01773      0.17698627   
   1771000   517.68328      1312.6456      1830.3289      173.62082      293.77278      0.17540468   
   1772000   493.48054      1318.0135      1811.4941      186.20709      294.97414      0.1734466    
   1773000   530.10207      1327.1971      1857.2991      229.35589      297.02943      0.17101428   
   1774000   533.5212       1312.6154      1846.1366      161.903        293.76602      0.1674397    
   1775000   514.98113      1308.9478      1823.929       128.73786      292.94521      0.16560146   
   1776000   478.15207      1363.3022      1841.4543      113.10672      305.10983      0.16654011   
   1777000   506.25623      1357.196       1863.4522      101.35661      303.74325      0.16969932   
   1778000   506.80531      1350.4841      1857.2894      90.071154      302.24111      0.1756008    
   1779000   515.03956      1354.2336      1869.2731      148.82322      303.08025      0.18010195   
   1780000   498.55036      1381.2469      1879.7973      169.83581      309.1259       0.18144149   
   1781000   519.13633      1354.4774      1873.6137      202.73726      303.13482      0.17724157   
   1782000   514.97296      1330.2178      1845.1908      211.85255      297.70547      0.16964534   
   1783000   521.2867       1303.919       1825.2057      220.03453      291.81976      0.16433519   
   1784000   492.1447       1331.4355      1823.5802      234.54014      297.978        0.16496896   
   1785000   503.94871      1343.9345      1847.8832      237.99793      300.77531      0.16909213   
   1786000   485.61919      1343.9523      1829.5715      200.95265      300.77928      0.17447694   
   1787000   505.78337      1316.1888      1821.9721      155.97938      294.56575      0.1784113    
   1788000   507.12219      1363.722       1870.8442      150.64389      305.20378      0.17944778   
   1789000   535.01863      1354.2217      1889.2404      146.24944      303.07761      0.17862492   
   1790000   497.25593      1371.8824      1869.1383      153.61438      307.03009      0.17427054   
   1791000   506.3366       1370.4909      1876.8275      136.66418      306.71869      0.17206517   
   1792000   516.41015      1359.3122      1875.7223      138.04097      304.21686      0.17630352   
   1793000   484.13773      1354.781       1838.9187      155.34228      303.20277      0.18460944   
   1794000   483.96407      1288.2998      1772.2639      135.13146      288.32415      0.18837297   
   1795000   505.54637      1298.364       1803.9104      143.23192      290.57654      0.18729859   
   1796000   491.72386      1334.7282      1826.452       212.1322       298.7149       0.18335238   
   1797000   522.20682      1314.3764      1836.5832      192.86764      294.16013      0.17859381   
   1798000   490.20165      1347.4319      1837.6335      177.51026      301.55802      0.17432083   
   1799000   487.54951      1356.2775      1843.827       152.95875      303.53768      0.17232949   
   1800000   528.92429      1371.8875      1900.8118      123.54165      307.03123      0.17244206   
   1801000   472.93511      1378.9376      1851.8728      108.66865      308.60908      0.17180935   
   1802000   534.12059      1346.0736      1880.1942      69.808694      301.25403      0.17340602   
   1803000   510.04764      1386.345       1896.3926      146.43448      310.26685      0.17926858   
   1804000   498.75184      1365.8785      1864.6304      211.53733      305.68642      0.18229218   
   1805000   502.3488       1367.2522      1869.601       180.50894      305.99386      0.17686473   
   1806000   545.73325      1338.7725      1884.5057      128.90966      299.62003      0.16285966   
   1807000   557.98631      1312.4604      1870.4467      59.803169      293.73132      0.16016785   
   1808000   533.8813       1328.5731      1862.4544      60.323654      297.33739      0.16453111   
   1809000   513.3486       1302.9448      1816.2934      51.249174      291.60173      0.16847418   
   1810000   522.94529      1320.9094      1843.8546      113.49552      295.62223      0.17256068   
   1811000   509.41924      1317.774       1827.1932      236.17983      294.92052      0.17638038   
   1812000   495.08072      1316.3874      1811.4681      332.28967      294.6102       0.17782029   
   1813000   500.97017      1341.6821      1842.6522      305.72912      300.2712       0.17666164   
   1814000   523.18368      1318.8596      1842.0433      197.34863      295.16349      0.17539238   
   1815000   502.61991      1333.2213      1835.8412      55.438757      298.37766      0.17457054   
   1816000   496.5573       1346.69        1843.2473      3.1031775      301.39199      0.1788444    
   1817000   511.29453      1331.4506      1842.7451      38.596735      297.98138      0.188556     
   1818000   495.77856      1385.5667      1881.3452      153.81192      310.09267      0.19340341   
   1819000   502.00912      1333.2045      1835.2137      251.77298      298.37391      0.19386082   
   1820000   499.58717      1384.7613      1884.3485      298.82736      309.91243      0.1929031    
   1821000   490.3828       1355.9249      1846.3077      222.90431      303.45877      0.19149723   
   1822000   513.8859       1331.8427      1845.7286      168.48899      298.06913      0.19271081   
   1823000   494.69736      1364.7332      1859.4306      154.0581       305.43009      0.1924275    
   1824000   504.47626      1345.1942      1849.6705      77.621071      301.05723      0.18819698   
   1825000   513.45968      1337.0327      1850.4924      22.065038      299.23067      0.17750842   
   1826000   508.74976      1315.5687      1824.3184      46.522217      294.42697      0.17269414   
   1827000   496.94714      1294.5791      1791.5262      136.86018      289.72946      0.17517317   
   1828000   488.13159      1281.3579      1769.4894      266.68043      286.77052      0.17964128   
   1829000   505.87907      1311.0164      1816.8955      301.59932      293.40816      0.18290513   
   1830000   477.5394       1368.5971      1846.1365      288.41559      306.29484      0.18437169   
   1831000   515.31273      1386.1792      1901.4919      223.36119      310.22974      0.18403412   
   1832000   490.83658      1382.5327      1873.3693      147.25775      309.41366      0.18322606   
   1833000   460.03941      1344.4171      1804.4565      129.17833      300.8833       0.18287136   
   1834000   467.07         1331.2195      1798.2895      134.81271      297.92966      0.18039734   
   1835000   500.47738      1293.6683      1794.1457      94.265455      289.52562      0.17738291   
   1836000   501.81529      1282.5258      1784.3411      131.53476      287.03191      0.17639469   
   1837000   475.40845      1341.2156      1816.6241      191.69021      300.16681      0.17813415   
   1838000   531.10692      1330.4512      1861.5581      178.97266      297.7577       0.18060285   
   1839000   499.40409      1409.9039      1909.308       199.34707      315.53938      0.18733888   
   1840000   488.33813      1340.149       1828.4871      207.0047       299.92809      0.1979772    
   1841000   467.22484      1358.355       1825.5799      186.88466      304.00265      0.19917626   
   1842000   490.96784      1347.745       1838.7129      195.22254      301.62811      0.19500309   
   1843000   518.14639      1359.7201      1877.8664      212.84904      304.30814      0.19002693   
   1844000   487.97872      1370.7528      1858.7315      305.6371       306.7773       0.18977755   
   1845000   504.96706      1362.0423      1867.0093      334.31137      304.82786      0.18991457   
   1846000   507.59185      1351.5221      1859.114       260.52127      302.47343      0.1887804    
   1847000   494.91733      1347.5369      1842.4543      137.59358      301.58153      0.18738465   
   1848000   496.17386      1357.8863      1854.0601      74.687723      303.89773      0.18809905   
   1849000   506.55132      1399.2799      1905.8312      92.875108      313.16172      0.18663947   
   1850000   524.14702      1340.8131      1864.9601      102.14044      300.07673      0.18263344   
   1851000   514.71156      1346.6009      1861.3125      135.35962      301.37206      0.17568403   
   1852000   514.11136      1376.4788      1890.5902      219.14689      308.05878      0.17059754   
   1853000   517.71079      1364.3746      1882.0854      247.98567      305.34984      0.16877877   
   1854000   530.31003      1356.4919      1886.8019      246.89286      303.58567      0.17317307   
   1855000   496.69565      1356.4444      1853.14        212.83618      303.57503      0.18546923   
   1856000   504.34188      1349.6594      1854.0013      165.24128      302.05655      0.19039857   
   1857000   501.1337       1367.6745      1868.8082      141.27049      306.08837      0.18939214   
   1858000   501.4887       1373.9044      1875.3931      172.43159      307.48263      0.18512461   
   1859000   503.82455      1356.7525      1860.5771      205.78348      303.644        0.18031957   
   1860000   544.86411      1363.941       1908.8051      181.37305      305.25279      0.17580509   
   1861000   491.56419      1337.0091      1828.5733      87.065793      299.22539      0.17294062   
   1862000   504.1101       1334.2236      1838.3337      80.82866       298.60198      0.17510997   
   1863000   483.33042      1341.5324      1824.8628      77.813372      300.23771      0.17856371   
   1864000   522.90287      1373.2763      1896.1792      161.67191      307.34206      0.18136129   
   1865000   508.51899      1353.2875      1861.8065      188.71627      302.86852      0.18008288   
   1866000   514.43237      1330.2224      1844.6548      220.05143      297.70651      0.17959404   
   1867000   497.66171      1346.839       1844.5008      309.18884      301.42534      0.18196619   
   1868000   491.49078      1361.8112      1853.302       247.62915      304.77614      0.18255493   
   1869000   500.29598      1328.2847      1828.5807      184.10222      297.27285      0.18149715   
   1870000   512.46793      1295.6442      1808.1122      67.990038      289.96784      0.17950445   
   1871000   511.43495      1331.7345      1843.1694      74.684326      298.04491      0.17903816   
   1872000   518.42212      1304.1544      1822.5765      113.31987      291.87242      0.17970434   
   1873000   502.3586       1326.9827      1829.3413      193.43593      296.98146      0.18322128   
   1874000   470.13574      1332.5815      1802.7173      203.3595       298.23448      0.18798591   
   1875000   459.92104      1312.4322      1772.3533      202.50907      293.72502      0.19324625   
   1876000   486.16734      1331.2979      1817.4653      133.40666      297.94721      0.19684422   
   1877000   471.60944      1317.2881      1788.8976      128.53954      294.81178      0.19885641   
   1878000   478.01059      1281.1796      1759.1902      92.783703      286.73063      0.19383156   
   1879000   488.87664      1341.0776      1829.9542      101.42341      300.13592      0.18236565   
   1880000   504.93017      1335.8686      1840.7987      119.92377      298.97013      0.17769857   
   1881000   474.95963      1330.1371      1805.0967      219.88834      297.68741      0.17763359   
   1882000   488.84916      1329.4237      1818.2728      294.48511      297.52775      0.17845608   
   1883000   440.32529      1325.9716      1766.2969      323.34442      296.75516      0.17842104   
   1884000   477.36536      1297.2721      1774.6374      259.07045      290.33215      0.17826489   
   1885000   504.72769      1332.1226      1836.8503      207.63806      298.13178      0.17842448   
   1886000   522.57794      1338.4667      1861.0447      96.297143      299.5516       0.17674718   
   1887000   544.73719      1296.0834      1840.8206      43.292215      290.06613      0.17222075   
   1888000   514.89104      1335.8688      1850.7599      62.627348      298.97018      0.17044867   
   1889000   501.44114      1307.5036      1808.9447      114.37454      292.62199      0.17600457   
   1890000   506.19007      1319.3         1825.4901      36.940735      295.26205      0.18429195   
   1891000   458.50769      1337.4598      1795.9675      122.60479      299.32625      0.19074438   
   1892000   471.79422      1332.6448      1804.439       61.002572      298.24864      0.19166985   
   1893000   461.69008      1298.8671      1760.5572      96.563942      290.68912      0.19287037   
   1894000   475.80345      1258.6726      1734.476       83.359429      281.6935       0.19229286   
   1895000   481.02015      1328.9551      1809.9753      131.47404      297.42288      0.19104106   
   1896000   453.42258      1328.9619      1782.3845      158.39292      297.4244       0.1862912    
   1897000   514.92645      1312.6588      1827.5853      182.67199      293.77574      0.17944453   
   1898000   490.21987      1326.1611      1816.3809      166.57106      296.79757      0.17572011   
   1899000   481.05695      1326.2502      1807.3072      159.11338      296.81752      0.17687774   
   1900000   505.63826      1342.5178      1848.1561      126.76945      300.45825      0.17982554   
   1901000   513.79129      1337.3912      1851.1825      207.03417      299.3109       0.18631622   
   1902000   474.6197       1331.6509      1806.2706      306.3632       298.02621      0.19182668   
   1903000   469.16062      1328.6397      1797.8003      263.97993      297.3523       0.19263934   
   1904000   486.36533      1306.9951      1793.3604      176.90159      292.50818      0.19022304   
   1905000   508.99593      1321.952       1830.9479      130.80864      295.85557      0.18978513   
   1906000   484.44806      1302.8171      1787.2652      111.25163      291.57315      0.18961063   
   1907000   514.07312      1317.7834      1831.8565      123.79056      294.92263      0.18875696   
   1908000   536.71742      1349.1871      1885.9045      115.97242      301.95084      0.18512333   
   1909000   515.84594      1333.0488      1848.8948      133.33292      298.33906      0.17944576   
   1910000   530.67768      1352.3606      1883.0383      146.21545      302.66109      0.17339861   
   1911000   508.43312      1342.6934      1851.1265      143.48143      300.49753      0.16856037   
   1912000   524.66251      1338.4184      1863.0809      102.51235      299.54079      0.16927645   
   1913000   499.81077      1298.6075      1798.4183      86.09038       290.63103      0.17588091   
   1914000   491.14027      1314.3076      1805.4479      112.91842      294.14474      0.18357407   
   1915000   478.00715      1314.2364      1792.2435      166.62979      294.1288       0.18682718   
   1916000   485.73471      1347.0119      1832.7466      245.20857      301.46404      0.18867503   
   1917000   481.06538      1340.5914      1821.6568      307.46247      300.02711      0.18420576   
   1918000   486.92706      1338.2446      1825.1717      195.33815      299.5019       0.1777001    
   1919000   511.79521      1311.6828      1823.478       146.17084      293.55731      0.17627185   
   1920000   490.99738      1325.7136      1816.711       134.64618      296.69744      0.17841847   
   1921000   494.2201       1324.5915      1818.8116      102.29038      296.44629      0.17912035   
   1922000   499.68744      1296.4761      1796.1635      107.00355      290.15401      0.18082208   
   1923000   480.02801      1276.9673      1756.9953      154.65994      285.7879       0.18598903   
   1924000   492.25085      1310.2423      1802.4932      178.33907      293.23493      0.18993724   
   1925000   487.18436      1326.1428      1813.3272      192.41721      296.79348      0.19230884   
   1926000   484.11825      1327.0003      1811.1185      239.53346      296.98538      0.19200017   
   1927000   484.03253      1334.2151      1818.2477      202.48322      298.60008      0.18604518   
   1928000   510.04691      1354.0118      1864.0587      188.80652      303.03062      0.1811203    
   1929000   544.74269      1341.4718      1886.2145      136.98609      300.22415      0.17742046   
   1930000   497.01101      1399.9338      1896.9448      123.5952       313.30805      0.18008118   
   1931000   501.3949       1381.1739      1882.5688      29.608915      309.10956      0.18575245   
   1932000   523.24115      1337.7855      1861.0266      26.634646      299.39914      0.19311151   
   1933000   473.18517      1354.5657      1827.7509     -29.744877      303.15458      0.19561571   
   1934000   473.11216      1347.972       1821.0842      100.96379      301.67891      0.19693708   
   1935000   482.62189      1326.3072      1808.9291      179.52378      296.83028      0.19337966   
   1936000   506.13959      1326.396       1832.5356      255.74945      296.85015      0.18813021   
   1937000   491.93505      1296.4882      1788.4232      335.66071      290.15671      0.18674565   
   1938000   468.40301      1326.6338      1795.0369      280.83328      296.90338      0.18733304   
   1939000   464.56078      1326.3819      1790.9427      227.851        296.84699      0.19158552   
   1940000   505.13049      1316.5439      1821.6744      146.9455       294.64523      0.19554412   
   1941000   488.03139      1305.6902      1793.7215      108.94342      292.21614      0.19186644   
   1942000   498.03613      1258.4776      1756.5138      96.388877      281.64988      0.18158017   
   1943000   507.13704      1310.0845      1817.2215      121.65671      293.1996       0.17629255   
   1944000   505.80334      1321.3564      1827.1597      92.605849      295.72227      0.17564094   
   1945000   504.51363      1312.4744      1816.988       156.76393      293.73446      0.17764354   
   1946000   484.67908      1346.1869      1830.866       196.70276      301.2794       0.17931337   
   1947000   509.25024      1324.0937      1833.3439      255.22705      296.33488      0.18422261   
   1948000   480.05776      1340.9917      1821.0495      272.88764      300.11669      0.18725046   
   1949000   468.49529      1324.9862      1793.4815      195.09772      296.53463      0.18697518   
   1950000   484.21138      1340.1925      1824.4039      126.40274      299.93783      0.18633235   
   1951000   505.33845      1336.6953      1842.0338      104.49617      299.15516      0.18400877   
   1952000   523.55179      1328.1958      1851.7476      55.946049      297.25294      0.18163748   
   1953000   493.64647      1298.9801      1792.6265      38.238655      290.7144       0.18233175   
   1954000   490.06176      1321.5032      1811.565       47.824652      295.75513      0.18355749   
   1955000   509.46385      1313.6425      1823.1064      125.18803      293.99589      0.18777757   
   1956000   521.0972       1303.7674      1824.8646      172.1119       291.78582      0.1908636    
   1957000   468.30447      1313.5206      1781.8251      243.13173      293.96861      0.19275445   
   1958000   494.17541      1329.777       1823.9524      198.94392      297.60682      0.18892917   
   1959000   502.17284      1307.8646      1810.0374      92.031664      292.70278      0.17715674   
   1960000   495.08353      1279.6933      1774.7768      52.903903      286.39798      0.17295601   
   1961000   501.21544      1296.9436      1798.159       56.385723      290.25863      0.17534615   
   1962000   536.19147      1301.7764      1837.9679      122.8948       291.34023      0.17998559   
   1963000   493.4168       1328.4375      1821.8543      157.63369      297.30704      0.18250499   
   1964000   469.39021      1322.7193      1792.1095      216.48192      296.0273       0.18411116   
   1965000   479.75284      1346.1084      1825.8612      219.83572      301.26182      0.18234563   
   1966000   501.30585      1312.468       1813.7738      168.66226      293.73302      0.17794071   
   1967000   516.81487      1283.1389      1799.9538      143.05386      287.16913      0.17597328   
   1968000   478.30474      1315.4216      1793.7263      93.406766      294.39405      0.17593338   
   1969000   466.25345      1345.4837      1811.7371      126.92729      301.12201      0.17734693   
   1970000   486.12403      1310.9537      1797.0777      148.6027       293.39413      0.18475749   
   1971000   490.3598       1333.9569      1824.3167      185.87358      298.54229      0.1922438    
   1972000   479.83168      1321.7066      1801.5383      194.86836      295.80065      0.19343689   
   1973000   456.37982      1365.9784      1822.3582      260.77715      305.70877      0.18777749   
   1974000   492.54208      1307.6253      1800.1674      194.7596       292.64922      0.18067969   
   1975000   536.28723      1302.8821      1839.1694      158.86608      291.5877       0.17910109   
   1976000   517.70318      1321.444       1839.1472      36.124676      295.74187      0.17824188   
   1977000   476.26318      1321.2539      1797.517      -35.896092      295.69933      0.17805564   
   1978000   505.56139      1338.5409      1844.1023      3.8884371      299.56819      0.1782496    
   1979000   513.81945      1342.682       1856.5015      24.374414      300.49499      0.1793576    
   1980000   516.50024      1343.539       1860.0392      113.29741      300.68678      0.18513085   
   1981000   502.18209      1305.4035      1807.5856      177.57891      292.15198      0.1896528    
   1982000   495.3773       1319.8563      1815.2336      310.60282      295.38654      0.19125663   
   1983000   520.34208      1290.8085      1811.1506      340.57726      288.88559      0.18177804   
   1984000   504.68967      1339.8939      1844.5836      288.9099       299.87101      0.17500856   
   1985000   505.95113      1337.6945      1843.6457      213.30573      299.37878      0.17561329   
   1986000   528.4769       1349.9816      1878.4585      139.83926      302.12866      0.17865174   
   1987000   510.88071      1359.5769      1870.4577      166.30955      304.27611      0.18325947   
   1988000   502.58854      1366.9945      1869.5831      188.80669      305.93618      0.1853963    
   1989000   494.6589       1356.3581      1851.017       227.89775      303.55572      0.18516197   
   1990000   502.08287      1359.8483      1861.9311      271.90149      304.33683      0.18430552   
   1991000   505.36994      1350.0647      1855.4346      265.2401       302.14725      0.18433251   
   1992000   483.35362      1305.6238      1788.9774      245.44938      292.20129      0.18364451   
   1993000   512.48765      1304.5126      1817.0003      160.74625      291.9526       0.18485306   
   1994000   486.82308      1324.5495      1811.3726      147.10937      296.43689      0.19024499   
   1995000   507.30247      1337.2254      1844.5279      144.7254       299.2738       0.19608184   
   1996000   483.73341      1316.0777      1799.8111      115.34188      294.54089      0.19343756   
   1997000   483.30211      1309.9587      1793.2608      97.57271       293.17144      0.18793951   
   1998000   470.7324       1349.4976      1820.23        95.599404      302.02034      0.18318835   
   1999000   507.52791      1316.0711      1823.599       124.06404      294.53942      0.18224951   
   2000000   523.39351      1317.5846      1840.9781      60.123904      294.87814      0.18318969   
Loop time of 10471.1 on 8 procs for 2000000 steps with 1500 atoms

Performance: 8.251 ns/day, 2.909 hours/ns, 191.002 timesteps/s, 286.503 katom-step/s
99.3% CPU use with 8 MPI tasks x 1 OpenMP threads

MPI task timing breakdown:
Section |  min time  |  avg time  |  max time  |%varavg| %total
---------------------------------------------------------------
Pair    | 391.64     | 412.66     | 454.64     |  88.8 |  3.94
Bond    | 21.849     | 24.645     | 36.022     |  90.7 |  0.24
Kspace  | 4842.5     | 4934       | 4979.4     |  58.4 | 47.12
Neigh   | 7.0006     | 7.3497     | 7.5743     |   8.1 |  0.07
Comm    | 207.37     | 235.6      | 285.24     | 187.6 |  2.25
Output  | 0.24857    | 0.2666     | 0.38589    |   8.7 |  0.00
Modify  | 4482.4     | 4628.2     | 4709.2     | 119.9 | 44.20
Other   |            | 228.3      |            |       |  2.18

Nlocal:          187.5 ave         213 max         175 min
Histogram: 3 1 0 2 0 0 0 1 0 1
Nghost:        1810.12 ave        1833 max        1777 min
Histogram: 1 0 0 1 1 1 1 1 0 2
Neighs:        15629.1 ave       17436 max       13736 min
Histogram: 1 2 0 1 0 0 1 0 1 2

Total # of neighbors = 125033
Ave neighs/atom = 83.355333
Ave special neighs/atom = 2
Neighbor list builds = 12348
Dangerous builds = 0

write_data      ${NAME}_final.data
write_data      N2_final.data
System init for write_data ...
PPPM initialization ...
  using 12-bit tables for long-range coulomb (src/kspace.cpp:342)
  G vector (1/distance) = 0.27028718
  grid = 48 48 48
  stencil order = 5
  estimated absolute RMS force accuracy = 0.00036498663
  estimated relative force accuracy = 1.0991464e-06
  using single precision FFTW3
  3d grid and FFT values/proc = 29791 13824
Generated 1 of 1 mixed pair_coeff terms from arithmetic mixing rule
Last active /omp style is kspace_style pppm/omp

quit
