units		    real
atom_style	    full
boundary        p p p
pair_style	    lj/cut/coul/long 12
pair_modify     mix arithmetic tail yes
kspace_style    pppm 1e-6
bond_style      harmonic
angle_style     harmonic

read_data       ./data.lmp           # read the positions --------------comment it out for restarting
Reading data file ...
  orthogonal box = (0 0 0) to (46.994434 46.994434 46.994434)
  2 by 2 by 2 MPI processor grid
  reading atoms ...
  1500 atoms
  scanning bonds ...
  1 = max bonds/atom
  scanning angles ...
  1 = max angles/atom
  orthogonal box = (0 0 0) to (46.994434 46.994434 46.994434)
  2 by 2 by 2 MPI processor grid
  reading bonds ...
  1000 bonds
  reading angles ...
  500 angles
Finding 1-2 1-3 1-4 neighbors ...
  special bond factors lj:    0        0        0       
  special bond factors coul:  0        0        0       
     2 = max # of 1-2 neighbors
     1 = max # of 1-3 neighbors
     1 = max # of 1-4 neighbors
     2 = max # of special neighbors
  special bonds CPU = 0.000 seconds
  read_data CPU = 0.015 seconds
#read_restart   2.restart

#----------------------------------------------------------------------------#
# FORCEFIELD - TraPPE Flexible model for N2
#----------------------------------------------------------------------------#

pair_coeff      1   1  0.071539  3.310  # [N2]-L-[N2]
pair_coeff      2   2  0.0009936 0.5   # N2-[L]

bond_coeff      1   500 0.55            # [N2]-[L]

angle_coeff     1   50 180              # N2-N2_X-N2

mass 1 13.9067      # N2
mass 2  0.1         # N2_X

set type        1   charge     -0.482             # N2
Setting atom values ...
  1000 settings made for charge
set type        2   charge      0.964             # N2_X
Setting atom values ...
  500 settings made for charge

#------------------------ VARIABLES------------------------------------------#

variable  TEMP_INDEX       equal 300  # in K
variable  PRESS_INDEX      equal 200  # in bar
variable  RandomSeed       equal 60000  # RANDOM SEED
variable  nz_layers        equal 20
variable  nx_layers        equal 3
variable  timestep         equal 0.5

variable  simulationTemp   equal ${TEMP_INDEX}
variable  simulationTemp   equal 300
variable  pressure         equal 0.987*${PRESS_INDEX}
variable  pressure         equal 0.987*200

variable  Ninptpre         equal 50000
variable  Ninpt            equal 400000     # 0.2 ns
variable  npt_run          equal 2000000    # 1 ns
variable  NBR              equal ${npt_run}/100
variable  NBR              equal 2000000/100

variable  Density          equal density
variable  Volume           equal vol

variable  dumpfreq         equal 1000
variable  thermofreq       equal 1000
variable  printfreq        equal 1000
variable  restartfreq      equal 1000000

variable  NVT_init         equal 200000    # 0.1 ns
variable  NVT_init_2       equal 200000    # 0.1 ns
variable  NVE_reshape      equal 10000
variable  NVT_prod         equal 1000000   # 0.5 ns
variable  NVE_cuboid       equal 200000    # 0.1 ns

variable  thermo_num       equal 1000

#---------------------------- GROUPS/NEIGHBOUR - LIST -----------------------------------------------------------------------#

group           oxy  type 1
1000 atoms in group oxy
group           carb type 2
500 atoms in group carb

neighbor	    3.0 bin
neigh_modify    every 1 delay 0 check yes
run_style       verlet

#---------------------------- CONGUGATE-GRADIENT MINIMIZATION --------------------------------------------------------#

#minimize energytolerance forcetolerance max_iterations_of_minimizer max_number_of_force_or_energy_evaluations
minimize        1e-6 1e-8 100000 10000000
PPPM initialization ...
  using 12-bit tables for long-range coulomb (src/kspace.cpp:342)
  G vector (1/distance) = 0.27054255
  grid = 45 45 45
  stencil order = 5
  estimated absolute RMS force accuracy = 0.00039841041
  estimated relative force accuracy = 1.1998011e-06
  using single precision FFTW3
  3d grid and FFT values/proc = 27000 12420
Generated 1 of 1 mixed pair_coeff terms from arithmetic mixing rule
Last active /omp style is kspace_style pppm/omp
Neighbor list info ...
  update: every = 1 steps, delay = 0 steps, check = yes
  max neighbors/atom: 2000, page size: 100000
  master list distance cutoff = 15
  ghost atom cutoff = 15
  binsize = 7.5, bins = 7 7 7
  1 neighbor lists, perpetual/occasional/extra = 1 0 0
  (1) pair lj/cut/coul/long/omp, perpetual
      attributes: half, newton on, omp
      pair build: half/bin/newton/omp
      stencil: half/bin/3d
      bin: standard
Per MPI rank memory allocation (min/avg/max) = 9.374 | 9.42 | 9.487 Mbytes
   Step          Temp          E_pair         E_mol          TotEng         Press     
         0   0              66.470909      1.4450289e-05  66.470924      810.53566    
      4501   0             -568.87683      0.31416793    -568.56266     -32.179144    
Loop time of 18.5795 on 8 procs for 4501 steps with 1500 atoms

99.4% CPU use with 8 MPI tasks x 1 OpenMP threads

Minimization stats:
  Stopping criterion = energy tolerance
  Energy initial, next-to-last, final = 
      66.4709235090387  -568.562100553386  -568.562662325766
  Force two-norm initial, final = 149.93254 0.86539415
  Force max component initial, final = 14.561519 0.11766389
  Final line search alpha, max atom move = 0.40561343 0.047726055
  Iterations, force evaluations = 4501 8999

MPI task timing breakdown:
Section |  min time  |  avg time  |  max time  |%varavg| %total
---------------------------------------------------------------
Pair    | 1.9001     | 4.0457     | 6.1833     |  64.9 | 21.77
Bond    | 0.054248   | 0.07114    | 0.085198   |   4.1 |  0.38
Kspace  | 11.637     | 13.785     | 15.958     |  35.5 | 74.20
Neigh   | 0.017417   | 0.017486   | 0.017536   |   0.0 |  0.09
Comm    | 0.50119    | 0.50953    | 0.51765    |   0.9 |  2.74
Output  | 0          | 0          | 0          |   0.0 |  0.00
Modify  | 0.015282   | 0.018349   | 0.022124   |   2.0 |  0.10
Other   |            | 0.1319     |            |       |  0.71

Nlocal:          187.5 ave         258 max         116 min
Histogram: 1 0 2 1 0 0 2 0 0 2
Nghost:        2365.12 ave        2467 max        2291 min
Histogram: 1 2 1 1 0 0 1 0 1 1
Neighs:        25332.1 ave       44058 max        8562 min
Histogram: 1 0 2 0 0 3 1 0 0 1

Total # of neighbors = 202657
Ave neighs/atom = 135.10467
Ave special neighs/atom = 2
Neighbor list builds = 26
Dangerous builds = 0

#---------------------------- NPT simulations  ---------------------------------------------------------------------#

fix runnpt all npt temp ${simulationTemp} ${simulationTemp} 10 iso ${pressure} ${pressure} 100
fix runnpt all npt temp 300 ${simulationTemp} 10 iso ${pressure} ${pressure} 100
fix runnpt all npt temp 300 300 10 iso ${pressure} ${pressure} 100
fix runnpt all npt temp 300 300 10 iso 197.4 ${pressure} 100
fix runnpt all npt temp 300 300 10 iso 197.4 197.4 100

thermo_style custom step pe ke etotal press temp v_Density
thermo_modify flush yes
thermo ${thermo_num}
thermo 1000

velocity all create ${simulationTemp} ${RandomSeed} mom yes rot yes dist gaussian
velocity all create 300 ${RandomSeed} mom yes rot yes dist gaussian
velocity all create 300 60000 mom yes rot yes dist gaussian

#-----------------------
# Run (Pre-Initialization)
#-----------------------

timestep    0.1
run         ${Ninptpre}
run         50000
PPPM initialization ...
  using 12-bit tables for long-range coulomb (src/kspace.cpp:342)
  G vector (1/distance) = 0.27054255
  grid = 45 45 45
  stencil order = 5
  estimated absolute RMS force accuracy = 0.00039841041
  estimated relative force accuracy = 1.1998011e-06
  using single precision FFTW3
  3d grid and FFT values/proc = 27000 12420
Generated 1 of 1 mixed pair_coeff terms from arithmetic mixing rule
Last active /omp style is kspace_style pppm/omp
Per MPI rank memory allocation (min/avg/max) = 8.275 | 8.321 | 8.388 Mbytes
   Step         PotEng         KinEng         TotEng         Press           Temp        v_Density   
      4501  -568.56266      1340.4703      771.90762      558.22687      300            0.22330196   
      5000  -40.892281      1330.908       1290.0157      392.96064      297.85995      0.21446311   
      6000   169.51814      1294.6757      1464.1939      257.35787      289.75109      0.16965429   
      7000   106.02891      1436.4435      1542.4724      281.93594      321.479        0.15713338   
      8000   288.15918      1246.0107      1534.1699      135.4174       278.85976      0.15495098   
      9000   138.36415      1428.3095      1566.6736      233.79512      319.65859      0.15784114   
     10000   276.29013      1271.3054      1547.5955      158.53032      284.52075      0.16621139   
     11000   207.64618      1361.3414      1568.9876      213.46179      304.671        0.16794462   
     12000   261.12299      1408.6596      1669.7826      212.51913      315.26091      0.1735111    
     13000   284.08278      1346.0256      1630.1084      146.16556      301.2433       0.17258346   
     14000   258.39763      1396.1395      1654.5372      237.59888      312.45889      0.17629678   
     15000   309.99873      1296.2671      1606.2659      195.80633      290.10724      0.18349773   
     16000   218.31413      1360.2168      1578.5309      239.93902      304.41931      0.19561938   
     17000   293.70264      1291.2675      1584.9701      138.90317      288.98831      0.19251877   
     18000   237.21476      1361.8192      1599.034       220.97654      304.77793      0.2004293    
     19000   292.9949       1339.0266      1632.0215      215.57707      299.6769       0.1981242    
     20000   290.38321      1355.1505      1645.5337      149.48574      303.28546      0.1961265    
     21000   294.90551      1342.0255      1636.931       198.701        300.34805      0.20274809   
     22000   306.78464      1357.4308      1664.2155      225.88381      303.79581      0.19466059   
     23000   327.01811      1346.5491      1673.5672      171.23302      301.36045      0.18940747   
     24000   310.5456       1370.1503      1680.6959      210.94281      306.64245      0.19572436   
     25000   314.50831      1375.5559      1690.0642      196.75421      307.85223      0.19578616   
     26000   320.52164      1358.1097      1678.6314      235.0268       303.94775      0.19901104   
     27000   305.61158      1360.3749      1665.9865      187.29077      304.4547       0.19304537   
     28000   349.42733      1399.2963      1748.7236      179.86239      313.16538      0.18775161   
     29000   316.12049      1377.0342      1693.1546      202.79747      308.18307      0.18363828   
     30000   365.87349      1338.3373      1704.2108      200.39184      299.52263      0.18828919   
     31000   295.66932      1343.1583      1638.8276      217.29621      300.60158      0.1988022    
     32000   335.49028      1282.308       1617.7983      142.13748      286.98316      0.19654766   
     33000   314.96623      1353.6364      1668.6026      236.79936      302.9466       0.1876583    
     34000   332.11788      1365.3508      1697.4687      215.9636       305.56831      0.1858343    
     35000   342.80184      1313.0645      1655.8664      177.80064      293.86654      0.1859705    
     36000   323.77903      1333.5902      1657.3692      171.22808      298.46022      0.18323261   
     37000   348.2159       1300.2504      1648.4663      217.3959       290.99872      0.1884376    
     38000   334.6899       1286.9614      1621.6513      239.56292      288.0246       0.18823039   
     39000   340.98169      1314.5236      1655.5053      177.73483      294.19307      0.18017745   
     40000   331.40068      1324.9969      1656.3975      180.03147      296.53702      0.18316055   
     41000   353.881        1261.9744      1615.8554      200.52923      282.43247      0.18697386   
     42000   341.25414      1344.8528      1686.107       242.61589      300.98082      0.17766433   
     43000   338.15944      1316.872       1655.0315      188.39897      294.71867      0.18348321   
     44000   347.21346      1331.251       1678.4645      144.85477      297.93672      0.19066703   
     45000   329.50534      1340.093       1669.5983      219.20406      299.91557      0.18154947   
     46000   336.48553      1306.4143      1642.8998      218.50362      292.3782       0.18644182   
     47000   308.39057      1327.4289      1635.8195      185.94534      297.08131      0.19318482   
     48000   332.51146      1319.2651      1651.7765      183.45368      295.25423      0.19165557   
     49000   338.12586      1308.7277      1646.8535      213.44937      292.89594      0.18090559   
     50000   344.06472      1359.7453      1703.81        207.98456      304.31378      0.17533229   
     51000   369.45324      1339.4947      1708.9479      217.98151      299.78166      0.17908154   
     52000   330.96689      1341.4471      1672.414       171.86252      300.21862      0.17134533   
     53000   361.14014      1357.1163      1718.2565      177.66156      303.72542      0.17581702   
     54000   358.36261      1356.2672      1714.6298      216.2625       303.53538      0.18634255   
     54501   345.10808      1404.9028      1750.0108      230.18893      314.42012      0.18714751   
Loop time of 181.777 on 8 procs for 50000 steps with 1500 atoms

Performance: 2.377 ns/day, 10.099 hours/ns, 275.062 timesteps/s, 412.593 katom-step/s
99.4% CPU use with 8 MPI tasks x 1 OpenMP threads

MPI task timing breakdown:
Section |  min time  |  avg time  |  max time  |%varavg| %total
---------------------------------------------------------------
Pair    | 6.087      | 10.534     | 15.411     |  80.9 |  5.80
Bond    | 0.35886    | 0.46264    | 0.55029    |   8.5 |  0.25
Kspace  | 70.78      | 75.769     | 80.318     |  30.9 | 41.68
Neigh   | 0.057987   | 0.058166   | 0.058278   |   0.0 |  0.03
Comm    | 2.6008     | 2.6753     | 2.722      |   2.2 |  1.47
Output  | 0.0018822  | 0.0021921  | 0.004255   |   1.7 |  0.00
Modify  | 80.216     | 85.039     | 92.047     |  38.6 | 46.78
Other   |            | 7.237      |            |       |  3.98

Nlocal:          187.5 ave         234 max         149 min
Histogram: 1 1 1 1 0 0 3 0 0 1
Nghost:           1844 ave        1926 max        1786 min
Histogram: 2 0 2 0 2 0 0 0 1 1
Neighs:        16271.8 ave       22053 max       11382 min
Histogram: 1 0 2 1 1 1 0 1 0 1

Total # of neighbors = 130174
Ave neighs/atom = 86.782667
Ave special neighs/atom = 2
Neighbor list builds = 90
Dangerous builds = 0

timestep    0.25
run         ${Ninptpre}
run         50000
PPPM initialization ...
  using 12-bit tables for long-range coulomb (src/kspace.cpp:342)
  G vector (1/distance) = 0.27064436
  grid = 48 48 48
  stencil order = 5
  estimated absolute RMS force accuracy = 0.00035792642
  estimated relative force accuracy = 1.0778848e-06
  using single precision FFTW3
  3d grid and FFT values/proc = 29791 13824
Generated 1 of 1 mixed pair_coeff terms from arithmetic mixing rule
Last active /omp style is kspace_style pppm/omp
Per MPI rank memory allocation (min/avg/max) = 8.516 | 8.517 | 8.518 Mbytes
   Step         PotEng         KinEng         TotEng         Press           Temp        v_Density   
     54501   345.10727      1404.9028      1750.01        230.19002      314.42012      0.18714751   
     55000   357.95659      1315.6676      1673.6241      174.52453      294.4491       0.1838379    
     56000   355.41244      1342.9192      1698.3317      156.6507       300.54808      0.17865798   
     57000   358.93658      1316.172       1675.1086      207.30047      294.562        0.19600198   
     58000   367.44981      1294.0993      1661.5491      208.30682      289.62207      0.18517569   
     59000   380.31768      1323.9579      1704.2756      219.92317      296.30451      0.1823754    
     60000   365.82199      1307.7275      1673.5495      179.81047      292.67209      0.17680707   
     61000   374.82393      1366.385       1741.209       174.58976      305.79978      0.19138207   
     62000   396.82238      1353.0067      1749.829       116.6593       302.80567      0.18274123   
     63000   369.63051      1322.477       1692.1075      171.00425      295.97306      0.17656522   
     64000   383.27703      1345.1375      1728.4146      216.14356      301.04454      0.18357791   
     65000   393.51988      1333.0883      1726.6082      214.10591      298.3479       0.17815571   
     66000   367.07717      1373.0216      1740.0988      201.52906      307.28505      0.18771589   
     67000   376.35574      1357.0357      1733.3915      213.25035      303.70738      0.18716541   
     68000   375.54348      1315.3849      1690.9284      226.1569       294.38585      0.19290442   
     69000   387.03944      1330.2828      1717.3222      184.75151      297.72002      0.19545064   
     70000   379.73978      1335.463       1715.2028      175.07118      298.87936      0.19266695   
     71000   382.83806      1394.7901      1777.6282      184.69493      312.15689      0.18440529   
     72000   379.34903      1360.6614      1740.0104      251.04611      304.51881      0.18775284   
     73000   350.02957      1326.8757      1676.9053      261.79951      296.95751      0.19489042   
     74000   368.19067      1323.189       1691.3797      249.83546      296.13241      0.19187935   
     75000   383.60678      1333.5957      1717.2024      175.42363      298.46145      0.17708886   
     76000   396.3103       1317.5504      1713.8607      163.12766      294.87048      0.18412271   
     77000   405.28301      1327.2076      1732.4907      151.11086      297.0318       0.18562723   
     78000   381.81017      1321.3115      1703.1217      150.07984      295.71224      0.18585279   
     79000   366.93156      1317.882       1684.8136      251.32186      294.9447       0.187979     
     80000   379.8125       1345.1786      1724.9911      298.86861      301.05372      0.18439622   
     81000   403.45914      1329.9573      1733.4164      243.22497      297.64717      0.17179441   
     82000   383.47278      1324.543       1708.0158      210.53652      296.43545      0.18606355   
     83000   392.67589      1340.629       1733.3049      138.70679      300.03552      0.16963785   
     84000   409.52219      1334.5504      1744.0726      144.32571      298.67512      0.17959159   
     85000   370.10326      1357.2967      1727.3999      254.14921      303.76578      0.19804502   
     86000   385.80266      1300.5579      1686.3605      248.46534      291.06752      0.18087637   
     87000   387.38708      1335.8609      1723.248       275.13501      298.96841      0.17998819   
     88000   402.8614       1356.7859      1759.6473      210.77526      303.65147      0.17869443   
     89000   374.6404       1334.5028      1709.1432      85.676439      298.66447      0.19015964   
     90000   371.93034      1344.8031      1716.7334      17.940855      300.9697       0.17865522   
     91000   385.56946      1325.2853      1710.8547      131.95077      296.60157      0.18093365   
     92000   382.91682      1372.5171      1755.434       244.07046      307.17215      0.17594645   
     93000   369.02047      1327.9868      1697.0073      368.18733      297.20618      0.18197014   
     94000   384.62142      1358.0273      1742.6487      318.64581      303.92929      0.17893206   
     95000   422.47159      1337.1962      1759.6678      150.36901      299.26725      0.17592991   
     96000   398.84854      1370.9981      1769.8466      94.308752      306.83218      0.17268854   
     97000   403.24391      1344.3095      1747.5534      39.128511      300.85923      0.16978209   
     98000   388.76819      1345.6276      1734.3958      164.75442      301.15422      0.17675321   
     99000   380.15403      1335.72        1715.874       233.64615      298.93688      0.17032143   
    100000   368.90187      1300.7096      1669.6115      287.08381      291.10149      0.1854208    
    101000   364.79568      1333.7636      1698.5593      332.1577       298.49904      0.19059386   
    102000   366.07371      1308.2781      1674.3518      181.24677      292.79533      0.18306434   
    103000   387.5603       1343.4223      1730.9827      83.80138       300.66068      0.17214371   
    104000   412.05416      1408.3453      1820.3995      102.69186      315.19057      0.1729598    
    104501   373.70282      1344.9476      1718.6504      161.94121      301.00203      0.18199032   
Loop time of 197.202 on 8 procs for 50000 steps with 1500 atoms

Performance: 5.477 ns/day, 4.382 hours/ns, 253.547 timesteps/s, 380.321 katom-step/s
99.4% CPU use with 8 MPI tasks x 1 OpenMP threads

MPI task timing breakdown:
Section |  min time  |  avg time  |  max time  |%varavg| %total
---------------------------------------------------------------
Pair    | 8.0859     | 9.3166     | 10.156     |  21.6 |  4.72
Bond    | 0.42359    | 0.46558    | 0.49608    |   3.9 |  0.24
Kspace  | 76.706     | 77.538     | 78.839     |   7.9 | 39.32
Neigh   | 0.10933    | 0.10955    | 0.10982    |   0.1 |  0.06
Comm    | 2.6987     | 2.7285     | 2.7573     |   1.4 |  1.38
Output  | 0.0018021  | 0.0020734  | 0.0038314  |   1.5 |  0.00
Modify  | 103.21     | 105.14     | 106.48     |  11.0 | 53.32
Other   |            | 1.897      |            |       |  0.96

Nlocal:          187.5 ave         217 max         144 min
Histogram: 1 0 0 1 2 1 0 0 1 2
Nghost:           1784 ave        1828 max        1736 min
Histogram: 1 0 1 2 1 0 0 0 1 2
Neighs:        15548.8 ave       19647 max       11202 min
Histogram: 1 0 0 2 2 0 1 0 1 1

Total # of neighbors = 124390
Ave neighs/atom = 82.926667
Ave special neighs/atom = 2
Neighbor list builds = 196
Dangerous builds = 0

timestep    0.5
run         ${Ninptpre}
run         50000
PPPM initialization ...
  using 12-bit tables for long-range coulomb (src/kspace.cpp:342)
  G vector (1/distance) = 0.27017652
  grid = 48 48 48
  stencil order = 5
  estimated absolute RMS force accuracy = 0.00036719421
  estimated relative force accuracy = 1.1057945e-06
  using single precision FFTW3
  3d grid and FFT values/proc = 29791 13824
Generated 1 of 1 mixed pair_coeff terms from arithmetic mixing rule
Last active /omp style is kspace_style pppm/omp
Per MPI rank memory allocation (min/avg/max) = 8.516 | 8.517 | 8.518 Mbytes
   Step         PotEng         KinEng         TotEng         Press           Temp        v_Density   
    104501   373.70302      1344.9476      1718.6506      161.94136      301.00203      0.18199032   
    105000   458.55594      1332.5808      1791.1367      254.61104      298.23432      0.20436985   
    106000   503.92586      1373.752       1877.6778      271.53945      307.44851      0.20892135   
    107000   500.14003      1309.3608      1809.5009      110.66832      293.03764      0.20862016   
    108000   516.70193      1376.1331      1892.835       177.83659      307.98141      0.20098576   
    109000   482.96185      1307.6486      1790.6105      241.587        292.65444      0.20513963   
    110000   464.73884      1356.734       1821.4729      198.51937      303.63986      0.20784867   
    111000   482.40739      1381.4531      1863.8605      237.05181      309.17203      0.20885948   
    112000   504.51407      1398.6765      1903.1906      141.38843      313.02668      0.20388419   
    113000   474.86194      1244.6645      1719.5264      104.97982      278.55847      0.21528119   
    114000   484.82835      1332.7034      1817.5317      225.52269      298.26175      0.20568049   
    115000   479.01465      1310.9168      1789.9315      165.98919      293.38588      0.20977274   
    116000   495.80385      1351.4979      1847.3018      97.595703      302.46801      0.20186264   
    117000   494.97165      1306.9809      1801.9526      263.58407      292.50501      0.20941165   
    118000   444.68189      1353.0818      1797.7637      246.56982      302.82249      0.22094377   
    119000   525.70784      1336.6816      1862.3894      23.018823      299.15208      0.2014059    
    120000   486.92221      1294.6011      1781.5233      267.96844      289.73439      0.20991182   
    121000   431.3381       1294.5933      1725.9314      260.53517      289.73264      0.23002259   
    122000   484.73287      1330.9838      1815.7166      88.545273      297.8769       0.22091263   
    123000   432.02407      1323.473       1755.4971      210.02054      296.19598      0.22616362   
    124000   476.44658      1373.1228      1849.5694      333.54358      307.30771      0.21442126   
    125000   476.55601      1328.349       1804.905       60.148374      297.28724      0.21208451   
    126000   485.55944      1342.3165      1827.876       101.52727      300.41319      0.2123715    
    127000   471.36611      1310.2923      1781.6584      308.21882      293.24612      0.21814801   
    128000   458.19216      1300.0086      1758.2008      179.2602       290.94459      0.21696436   
    129000   443.81034      1301.5691      1745.3794      137.62192      291.29383      0.22506385   
    130000   419.62371      1393.8582      1813.482       237.98311      311.94834      0.23807361   
    131000   461.77967      1316.2654      1778.0451      152.73469      294.5829       0.21167789   
    132000   470.13764      1335.2272      1805.3649      175.13859      298.82659      0.21102693   
    133000   476.41542      1291.0179      1767.4333      277.57126      288.93246      0.21576024   
    134000   456.15995      1300.0232      1756.1832      132.00967      290.94786      0.22524488   
    135000   461.83811      1375.7131      1837.5512      72.52772       307.88742      0.21782141   
    136000   441.26143      1314.9592      1756.2206      313.31501      294.29057      0.22170802   
    137000   459.31642      1328.0069      1787.3233      165.71825      297.21066      0.22469572   
    138000   466.86028      1358.0714      1824.9317      117.40942      303.93917      0.21827293   
    139000   446.24684      1341.5223      1787.7692      286.74141      300.23545      0.21977334   
    140000   486.40859      1338.4624      1824.871       230.20818      299.55063      0.21066056   
    141000   476.86119      1316.4476      1793.3088      99.223903      294.62368      0.21378911   
    142000   468.04511      1281.198       1749.2431      194.498        286.73474      0.22859601   
    143000   489.42731      1383.0979      1872.5252      304.31043      309.54015      0.20920133   
    144000   459.00065      1326.0588      1785.0595      109.14727      296.77468      0.20963409   
    145000   456.66095      1385.5595      1842.2205      209.63746      310.09107      0.21773522   
    146000   485.90377      1364.626       1850.5298      209.49803      305.40611      0.21132594   
    147000   500.74079      1334.5426      1835.2834      104.15016      298.67337      0.20410561   
    148000   469.16692      1279.5664      1748.7333      155.20596      286.36958      0.22353557   
    149000   461.95364      1348.7401      1810.6937      233.23733      301.8508       0.21799859   
    150000   454.88715      1363.0912      1817.9784      229.21817      305.06262      0.23246001   
    151000   438.4765       1365.8199      1804.2964      139.12778      305.6733       0.23504113   
    152000   500.34612      1407.8651      1908.2112      192.49814      315.0831       0.22324469   
    153000   462.33031      1331.7734      1794.1037      287.93534      298.05362      0.21549292   
    154000   481.46288      1316.0817      1797.5446      83.129178      294.54178      0.21444419   
    154501   468.03674      1324.3881      1792.4249      59.741543      296.40078      0.21940779   
Loop time of 198.562 on 8 procs for 50000 steps with 1500 atoms

Performance: 10.878 ns/day, 2.206 hours/ns, 251.811 timesteps/s, 377.716 katom-step/s
99.4% CPU use with 8 MPI tasks x 1 OpenMP threads

MPI task timing breakdown:
Section |  min time  |  avg time  |  max time  |%varavg| %total
---------------------------------------------------------------
Pair    | 9.7778     | 10.814     | 11.694     |  17.1 |  5.45
Bond    | 0.42238    | 0.46833    | 0.50813    |   4.5 |  0.24
Kspace  | 76.127     | 77.081     | 78.2       |   7.0 | 38.82
Neigh   | 0.21905    | 0.21978    | 0.22065    |   0.1 |  0.11
Comm    | 2.8267     | 2.8786     | 2.9258     |   2.3 |  1.45
Output  | 0.0017939  | 0.0020093  | 0.0033903  |   1.2 |  0.00
Modify  | 103.28     | 105.17     | 106.56     |  11.0 | 52.97
Other   |            | 1.928      |            |       |  0.97

Nlocal:          187.5 ave         207 max         164 min
Histogram: 2 0 0 1 0 1 2 0 0 2
Nghost:        2008.62 ave        2036 max        1979 min
Histogram: 1 0 1 0 2 1 0 2 0 1
Neighs:        18733.6 ave       21793 max       15260 min
Histogram: 1 1 0 2 0 0 1 1 0 2

Total # of neighbors = 149869
Ave neighs/atom = 99.912667
Ave special neighs/atom = 2
Neighbor list builds = 383
Dangerous builds = 0

#-----------------------
# Run (Initialization)
#-----------------------

unfix       runnpt
reset_timestep 0

fix runnpt all npt temp ${simulationTemp} ${simulationTemp} 100 iso ${pressure} ${pressure} 1000
fix runnpt all npt temp 300 ${simulationTemp} 100 iso ${pressure} ${pressure} 1000
fix runnpt all npt temp 300 300 100 iso ${pressure} ${pressure} 1000
fix runnpt all npt temp 300 300 100 iso 197.4 ${pressure} 1000
fix runnpt all npt temp 300 300 100 iso 197.4 197.4 1000

timestep    ${timestep}
timestep    0.5
run         ${Ninpt}
run         400000
PPPM initialization ...
  using 12-bit tables for long-range coulomb (src/kspace.cpp:342)
  G vector (1/distance) = 0.2702316
  grid = 45 45 45
  stencil order = 5
  estimated absolute RMS force accuracy = 0.00040508061
  estimated relative force accuracy = 1.2198882e-06
  using single precision FFTW3
  3d grid and FFT values/proc = 27000 12420
Generated 1 of 1 mixed pair_coeff terms from arithmetic mixing rule
Last active /omp style is kspace_style pppm/omp
Per MPI rank memory allocation (min/avg/max) = 8.276 | 8.322 | 8.389 Mbytes
   Step         PotEng         KinEng         TotEng         Press           Temp        v_Density   
         0   468.03765      1324.3881      1792.4258      59.740521      296.40078      0.21940779   
      1000   455.33951      1312.4014      1767.7409      123.80003      293.71813      0.22059554   
      2000   446.92368      1354.3677      1801.2914      178.01314      303.11027      0.21828385   
      3000   468.33697      1297.5001      1765.837       210.69456      290.38318      0.21196763   
      4000   479.06545      1291.5214      1770.5869      122.22155      289.04515      0.20556776   
      5000   482.14122      1290.0116      1772.1528      128.23048      288.70724      0.20216115   
      6000   460.3749       1324.6405      1785.0153      150.19057      296.45725      0.20295693   
      7000   481.08347      1329.8347      1810.9182      83.984346      297.61973      0.2099645    
      8000   479.49055      1326.9934      1806.484       143.69489      296.98385      0.21688983   
      9000   478.35426      1353.0328      1831.3871      214.68245      302.81152      0.21870175   
     10000   476.34295      1354.9158      1831.2587      340.57477      303.23293      0.21744247   
     11000   469.10823      1370.2768      1839.3851      360.32716      306.67077      0.21138591   
     12000   507.39748      1368.0501      1875.4476      267.31851      306.17242      0.20516987   
     13000   475.71261      1370.2364      1845.949       195.35911      306.66172      0.20423056   
     14000   492.20508      1382.2467      1874.4518      124.53266      309.34964      0.20625626   
     15000   453.03164      1325.4529      1778.4845      79.616446      296.63908      0.20970183   
     16000   492.77867      1300.2915      1793.0702      112.113        291.00792      0.21768099   
     17000   453.34492      1295.8237      1749.1687      212.83419      290.00801      0.22303811   
     18000   447.77838      1338.8861      1786.6645      298.25573      299.64546      0.22617405   
     19000   433.37651      1355.1023      1788.4788      254.92         303.27468      0.22503938   
     20000   458.71597      1343.1594      1801.8754      201.94323      300.60184      0.22211862   
     21000   479.45266      1325.2272      1804.6799      193.15899      296.58857      0.21825261   
     22000   457.61677      1375.9664      1833.5832      171.62919      307.94411      0.21580073   
     23000   471.19664      1345.9705      1817.1671      227.57085      301.23096      0.21632398   
     24000   474.42842      1378.056       1852.4844      260.58143      308.41176      0.2189891    
     25000   455.15925      1379.1398      1834.299       239.68898      308.65431      0.22244244   
     26000   471.41345      1344.9155      1816.329       267.33421      300.99486      0.22501241   
     27000   452.34922      1353.4951      1805.8443      267.66809      302.91497      0.22242871   
     28000   496.39281      1357.3076      1853.7005      186.83564      303.76824      0.21448479   
     29000   470.46308      1398.099       1868.5621      171.52211      312.89742      0.20974822   
     30000   496.22235      1365.7169      1861.9392      154.04979      305.65024      0.20789724   
     31000   481.09394      1312.9175      1794.0114      119.63143      293.83363      0.21158079   
     32000   443.64831      1297.8676      1741.5159      245.14231      290.46543      0.22033225   
     33000   430.0534       1317.4023      1747.4557      212.20077      294.83733      0.22348383   
     34000   458.30623      1334.467       1792.7732      121.68978      298.65645      0.22052192   
     35000   487.74317      1312.1839      1799.927       173.90041      293.66944      0.21367865   
     36000   464.74409      1319.8055      1784.5496      213.76192      295.37518      0.20590205   
     37000   480.29651      1315.563       1795.8595      243.41296      294.4257       0.20520897   
     38000   507.15218      1312.8493      1820.0015      165.95663      293.81837      0.20868969   
     39000   462.29479      1309.4843      1771.7791      115.32203      293.06528      0.21872681   
     40000   448.64774      1337.2671      1785.9148      122.17628      299.28312      0.22540226   
     41000   451.27663      1312.1041      1763.3807      75.882032      293.65159      0.22551511   
     42000   485.15831      1311.2646      1796.4229      144.97009      293.46371      0.22402583   
     43000   447.55871      1330.3347      1777.8934      188.09938      297.73164      0.22145164   
     44000   466.41577      1309.1947      1775.6105      251.93444      293.00046      0.21951128   
     45000   465.1222       1328.137       1793.2592      317.61113      297.2398       0.21669844   
     46000   431.44856      1337.8861      1769.3347      259.2953       299.42166      0.21369133   
     47000   486.1608       1319.2873      1805.4481      134.65117      295.25921      0.20512442   
     48000   485.48494      1370.9149      1856.3999      124.23246      306.81357      0.19746455   
     49000   488.46917      1356.666       1845.1352      137.31582      303.62463      0.19817805   
     50000   512.77657      1356.1029      1868.8795      119.60512      303.49861      0.20388654   
     51000   482.44277      1343.7368      1826.1795      96.031605      300.73105      0.20938312   
     52000   479.33488      1366.6576      1845.9925      120.89478      305.86077      0.2125863    
     53000   487.64514      1346.1618      1833.807       133.23957      301.27378      0.21549465   
     54000   468.63282      1344.2937      1812.9265      173.74176      300.85569      0.21645675   
     55000   481.2346       1348.6376      1829.8722      297.27168      301.82786      0.21676573   
     56000   481.48774      1356.0725      1837.5602      354.23812      303.4918       0.21255014   
     57000   477.43443      1373.8285      1851.263       272.14424      307.46564      0.20751575   
     58000   487.84366      1379.3498      1867.1934      204.12205      308.70131      0.20612866   
     59000   494.95592      1412.4504      1907.4064      175.86182      316.10931      0.20890354   
     60000   504.39754      1353.9391      1858.3367      193.27625      303.01436      0.21537334   
     61000   470.11016      1352.7591      1822.8693      234.20515      302.75027      0.22017644   
     62000   469.81522      1362.1527      1831.9679      275.94988      304.85256      0.22080652   
     63000   468.65756      1371.3931      1840.0507      363.70181      306.9206       0.21924434   
     64000   483.26872      1348.6901      1831.9588      268.00077      301.8396       0.21678829   
     65000   480.44503      1341.8712      1822.3162      177.27767      300.31353      0.2177387    
     66000   447.83211      1376.4759      1824.308       169.52436      308.05813      0.22507452   
     67000   452.60927      1348.6881      1801.2974      73.626855      301.83916      0.23054967   
     68000   466.08112      1342.3074      1808.3886      123.04487      300.41116      0.23422077   
     69000   459.51219      1378.4948      1838.007       158.47186      308.50997      0.23377176   
     70000   471.06498      1356.4498      1827.5148      142.11747      303.57625      0.22884863   
     71000   464.15682      1353.3382      1817.495       160.65324      302.87986      0.22354067   
     72000   448.81122      1358.4026      1807.2138      165.55537      304.01329      0.21963582   
     73000   502.54821      1368.9148      1871.4631      152.43821      306.36595      0.21466589   
     74000   456.18277      1362.4561      1818.6389      176.51969      304.92048      0.20611169   
     75000   493.26822      1319.8389      1813.1071      153.00578      295.38265      0.20165534   
     76000   458.83223      1355.7633      1814.5956      188.5107       303.42262      0.20791356   
     77000   466.09564      1372.0544      1838.15        225.67902      307.06858      0.22001155   
     78000   466.20233      1397.9398      1864.1422      274.55233      312.86181      0.22432617   
     79000   464.49865      1363.9409      1828.4395      285.93425      305.25276      0.22583386   
     80000   476.21471      1334.5853      1810.8         270.43876      298.68294      0.22882312   
     81000   484.15625      1305.336       1789.4922      243.07606      292.13687      0.23077569   
     82000   445.52255      1298.2021      1743.7247      190.45209      290.5403       0.22570424   
     83000   450.50418      1313.2152      1763.7194      131.07244      293.90027      0.21247229   
     84000   482.76913      1295.353       1778.1222      110.53294      289.90267      0.21008899   
     85000   448.69279      1335.017       1783.7098      122.03463      298.77955      0.2148792    
     86000   456.39985      1327.7283      1784.1282      173.36463      297.14833      0.21982952   
     87000   450.02234      1300.2443      1750.2666      150.45261      290.99734      0.21914186   
     88000   440.604        1260.2798      1700.8838      134.80882      282.05321      0.21968401   
     89000   431.46788      1317.3832      1748.8511      98.29979       294.83307      0.2238231    
     90000   440.17075      1332.9242      1773.0949      85.375484      298.31117      0.2315535    
     91000   430.89661      1344.4903      1775.3869      188.27206      300.89968      0.24187151   
     92000   442.92369      1345.9224      1788.8461      325.53882      301.2202       0.24102432   
     93000   445.28833      1382.3368      1827.6252      376.44337      309.36982      0.2317946    
     94000   481.02299      1348.5775      1829.6005      295.27859      301.81441      0.22549071   
     95000   475.64873      1385.0083      1860.6571      248.03052      309.96771      0.22066746   
     96000   446.75241      1363.3456      1810.098       185.55167      305.11954      0.21984767   
     97000   461.34335      1341.0957      1802.4391      195.37015      300.13997      0.21917954   
     98000   458.68079      1327.3432      1786.024       199.04702      297.06214      0.21871789   
     99000   459.99313      1346.1762      1806.1694      241.07716      301.27701      0.22110345   
    100000   490.81681      1340.0645      1830.8814      224.46519      299.9092       0.21938352   
    101000   481.73103      1355.7507      1837.4818      128.32429      303.4198       0.20997661   
    102000   490.75922      1376.2075      1866.9667      84.985308      307.99807      0.20300834   
    103000   520.42676      1324.4395      1844.8662      56.401956      296.41228      0.20284813   
    104000   508.25956      1335.9911      1844.2507      78.859677      298.99755      0.20601981   
    105000   490.41141      1378.6172      1869.0287      149.65875      308.53737      0.20993682   
    106000   481.19113      1330.037       1811.2281      240.41777      297.665        0.21347802   
    107000   456.17498      1337.3652      1793.5402      209.32891      299.30508      0.21646409   
    108000   476.0364       1328.4297      1804.4661      232.95403      297.3053       0.22119032   
    109000   449.23824      1326.5822      1775.8204      142.76432      296.89182      0.22168545   
    110000   480.87202      1312.9551      1793.8271      48.905869      293.84204      0.21440847   
    111000   478.83548      1320.7159      1799.5514      44.372334      295.57893      0.2065211    
    112000   476.327        1313.7947      1790.1217      106.4797       294.02995      0.20614294   
    113000   460.15532      1326.0726      1786.228       229.24917      296.77778      0.21059189   
    114000   464.54078      1301.9939      1766.5346      318.59476      291.3889       0.21397704   
    115000   468.8335       1293.4566      1762.2901      387.81107      289.47825      0.21600226   
    116000   468.77651      1341.6292      1810.4057      267.68966      300.25937      0.21460489   
    117000   463.62374      1348.566       1812.1897      183.54685      301.81184      0.2146877    
    118000   474.44613      1354.4041      1828.8502      116.10374      303.11841      0.21685991   
    119000   468.66493      1338.6829      1807.3479      146.88369      299.59999      0.22038666   
    120000   443.72276      1388.7051      1832.4279      189.18755      310.79506      0.22122364   
    121000   482.30826      1333.7695      1816.0777      280.48162      298.50035      0.21572878   
    122000   499.15601      1326.0683      1825.2243      395.26533      296.7768       0.21163341   
    123000   461.08146      1307.3033      1768.3848      351.80052      292.57716      0.20951019   
    124000   434.85996      1321.11        1755.97        344.40081      295.66714      0.21220177   
    125000   447.44966      1326.6674      1774.117       239.68103      296.91088      0.22063721   
    126000   453.58637      1319.9092      1773.4956      217.88792      295.39839      0.22711722   
    127000   467.78448      1304.6165      1772.401       180.66117      291.97585      0.22344377   
    128000   454.6099       1316.3513      1770.9612      202.03405      294.60212      0.21944383   
    129000   485.07312      1318.6989      1803.772       233.31196      295.12752      0.21593434   
    130000   469.98509      1371.973       1841.9581      208.10774      307.05038      0.21309532   
    131000   493.64158      1336.8605      1830.502       143.13135      299.19212      0.20974303   
    132000   492.82702      1315.5801      1808.4071      157.59481      294.42952      0.2080149    
    133000   489.3041       1295.8406      1785.1447      159.96997      290.0118       0.20638331   
    134000   449.5156       1346.9199      1796.4355      197.62777      301.44344      0.20794525   
    135000   469.11879      1288.699       1757.8178      179.81168      288.41349      0.21263648   
    136000   473.4082       1314.4855      1787.8937      225.36474      294.18456      0.21865395   
    137000   473.63163      1333.5628      1807.1944      170.49693      298.45408      0.22347127   
    138000   448.11425      1319.5179      1767.6322      120.6441       295.31082      0.22630259   
    139000   473.30921      1306.7743      1780.0836      102.81761      292.45878      0.22907855   
    140000   448.19704      1348.8166      1797.0136      172.3679       301.86792      0.229565     
    141000   441.50779      1390.1594      1831.6672      315.55523      311.12053      0.22541159   
    142000   483.86898      1365.5612      1849.4302      289.60144      305.6154       0.21820944   
    143000   510.32205      1371.8199      1882.1419      257.54177      307.0161       0.2092197    
    144000   503.34605      1353.5256      1856.8716      172.05476      302.9218       0.20586968   
    145000   498.07244      1359.8303      1857.9028      112.53693      304.33282      0.20794348   
    146000   485.25645      1351.9866      1837.243       73.592009      302.57737      0.21270971   
    147000   474.21728      1375.621       1849.8382      54.611647      307.86679      0.21753214   
    148000   479.56224      1367.2732      1846.8354      179.07887      305.99855      0.22401739   
    149000   458.92628      1366.0022      1824.9285      256.63635      305.7141       0.22492875   
    150000   451.01076      1386.7769      1837.7877      301.03763      310.36352      0.21976547   
    151000   463.65837      1358.4078      1822.0662      345.92399      304.01446      0.21403927   
    152000   474.04906      1356.4433      1830.4924      277.18252      303.5748       0.20963593   
    153000   499.82219      1382.1556      1881.9778      256.86119      309.32926      0.20978807   
    154000   470.17459      1309.2686      1779.4432      214.29374      293.01699      0.21232195   
    155000   446.9607       1338.6109      1785.5716      150.76416      299.58388      0.21165013   
    156000   494.08265      1323.375       1817.4576      120.5288       296.17404      0.20823445   
    157000   500.68786      1308.5815      1809.2694      91.365305      292.86324      0.19659412   
    158000   500.50715      1328.0288      1828.536       88.869817      297.21557      0.19301783   
    159000   499.82745      1316.8646      1816.6921      129.20587      294.717        0.19972593   
    160000   461.74964      1364.8055      1826.5551      202.47233      305.44627      0.20987314   
    161000   461.83311      1372.9527      1834.7858      202.95402      307.26964      0.21721737   
    162000   506.66878      1360.6865      1867.3553      171.93415      304.52443      0.22202385   
    163000   479.77728      1382.1647      1861.942       201.5986       309.33131      0.22471909   
    164000   456.25075      1330.8417      1787.0924      199.06797      297.8451       0.22454269   
    165000   463.3399       1346.8266      1810.1665      187.1201       301.42257      0.22534492   
    166000   469.23485      1328.9827      1798.2175      158.36077      297.42906      0.22365327   
    167000   476.83645      1310.7232      1787.5596      86.526819      293.34254      0.21622757   
    168000   482.858        1345.4073      1828.2653      145.49615      301.10491      0.20989272   
    169000   487.53239      1336.5152      1824.0476      268.38016      299.11484      0.20794455   
    170000   498.16525      1341.7097      1839.8749      331.09669      300.27738      0.20750958   
    171000   482.70626      1330.0844      1812.7907      388.84101      297.67563      0.20984274   
    172000   452.97644      1338.7983      1791.7747      337.48247      299.62581      0.21856676   
    173000   455.68126      1313.1992      1768.8805      233.19067      293.89669      0.22604717   
    174000   448.81291      1304.3521      1753.165       100.98328      291.91667      0.2268249    
    175000   503.27734      1314.1525      1817.4298      45.653714      294.11002      0.22413402   
    176000   477.86265      1352.1252      1829.9879      48.086817      302.6084       0.21865828   
    177000   490.03597      1358.6366      1848.6725      186.20505      304.06565      0.21032566   
    178000   496.48946      1390.6247      1887.1142      253.81524      311.22467      0.20506722   
    179000   518.83034      1391.8346      1910.665       344.73094      311.49545      0.20690962   
    180000   522.27157      1335.6793      1857.9509      355.45684      298.92777      0.21032037   
    181000   472.05005      1351.304       1823.354       321.08271      302.4246       0.21529744   
    182000   470.22101      1331.7173      1801.9383      209.57298      298.04106      0.21873792   
    183000   434.00387      1300.8219      1734.8258      122.32342      291.12662      0.21777613   
    184000   455.73694      1302.482       1758.2189      165.96048      291.49814      0.21875897   
    185000   468.73294      1332.9409      1801.6738      139.87188      298.31491      0.21837846   
    186000   484.82286      1309.5339      1794.3568      149.8126       293.07638      0.21505107   
    187000   493.97959      1293.0349      1787.0145      178.82092      289.38387      0.21324939   
    188000   493.49845      1287.275       1780.7735      234.22863      288.09479      0.21533025   
    189000   472.96927      1329.2565      1802.2258      242.76042      297.49033      0.21949285   
    190000   455.02628      1374.8964      1829.9227      207.86946      307.70464      0.22804151   
    191000   470.96269      1349.3569      1820.3196      216.55224      301.98884      0.22920113   
    192000   494.24368      1342.9361      1837.1798      100.81112      300.55185      0.22147976   
    193000   467.75162      1370.2048      1837.9564      152.99107      306.65465      0.21910003   
    194000   476.57193      1385.6219      1862.1939      123.35206      310.10503      0.21798722   
    195000   494.92113      1407.2797      1902.2008      117.47903      314.95208      0.2183579    
    196000   486.89103      1331.0324      1817.9234      131.34435      297.88778      0.21562925   
    197000   503.25092      1332.3094      1835.5603      277.59094      298.17357      0.21368799   
    198000   486.69207      1353.3208      1840.0128      331.22897      302.87596      0.20909164   
    199000   518.86727      1385.4512      1904.3184      315.09382      310.06682      0.20369428   
    200000   499.49789      1369.3827      1868.8806      208.02528      306.47066      0.20098283   
    201000   492.89556      1383.3427      1876.2382      208.20684      309.59493      0.20853939   
    202000   520.40477      1394.7532      1915.158       106.5191       312.14863      0.21667155   
    203000   507.62389      1361.1348      1868.7587      74.589769      304.62477      0.21950532   
    204000   466.49131      1355.7238      1822.2151      113.94459      303.41377      0.22273022   
    205000   441.63278      1336.7904      1778.4232      113.32619      299.17643      0.22534093   
    206000   458.50011      1313.2752      1771.7753      129.79943      293.91367      0.22774158   
    207000   447.91763      1339.0874      1787.005       278.93901      299.6905       0.23155732   
    208000   487.38709      1312.9107      1800.2978      341.89135      293.83211      0.23186967   
    209000   468.41316      1325.5121      1793.9253      308.11408      296.65233      0.21877455   
    210000   449.77981      1311.1645      1760.9443      272.50581      293.44131      0.21001084   
    211000   484.88067      1303.0751      1787.9558      280.54267      291.63089      0.20914714   
    212000   465.47326      1319.0911      1784.5644      209.12438      295.2153       0.20718207   
    213000   512.15294      1299.1432      1811.2961      74.49748       290.75091      0.20711742   
    214000   501.7239       1360.2634      1861.9873      37.96558       304.42975      0.21200754   
    215000   467.98162      1372.87        1840.8516      116.17978      307.25112      0.21728504   
    216000   463.97463      1373.5147      1837.4894      105.05205      307.39542      0.21983682   
    217000   488.38742      1354.6255      1843.0129      218.32265      303.16796      0.22254489   
    218000   493.00876      1373.286       1866.2948      318.243        307.34423      0.21909127   
    219000   480.72612      1354.9827      1835.7089      285.26095      303.24792      0.20855143   
    220000   509.01981      1362.5421      1871.5619      250.06422      304.93971      0.20357106   
    221000   513.89254      1355.2674      1869.1599      126.33992      303.31162      0.20452557   
    222000   511.16616      1366.5273      1877.6935      146.26383      305.83162      0.21225082   
    223000   475.17607      1318.8547      1794.0308      215.59868      295.16239      0.21988126   
    224000   467.53462      1306.4044      1773.939       224.31801      292.37598      0.22132554   
    225000   469.33696      1334.4397      1803.7767      303.48138      298.65035      0.22347331   
    226000   457.82035      1321.474       1779.2944      213.58597      295.74859      0.22250569   
    227000   440.50477      1294.0716      1734.5763      141.12525      289.61587      0.22219409   
    228000   458.16363      1306.8061      1764.9697      217.47787      292.46589      0.22958895   
    229000   438.06759      1339.4681      1777.5357      203.82913      299.7757       0.23485227   
    230000   458.10336      1323.588       1781.6913      247.20523      296.22171      0.2327389    
    231000   496.669        1330.361       1827.03        219.26856      297.73753      0.22425759   
    232000   451.45264      1355.7927      1807.2454      176.21742      303.4292       0.2202234    
    233000   472.68213      1327.6956      1800.3777      245.45077      297.141        0.22153223   
    234000   505.56087      1302.2147      1807.7756      219.41328      291.43832      0.21892077   
    235000   486.87546      1321.6101      1808.4855      172.75964      295.77905      0.21541265   
    236000   462.74144      1344.5897      1807.3311      234.09534      300.92193      0.21241399   
    237000   503.04979      1337.7034      1840.7532      215.98754      299.38077      0.20774837   
    238000   529.80842      1328.9859      1858.7943      222.41138      297.42976      0.20494529   
    239000   469.59098      1395.8862      1865.4772      253.31135      312.40219      0.20764229   
    240000   465.74939      1357.049       1822.7984      272.63376      303.71036      0.2173397    
    241000   464.0095       1355.7783      1819.7878      273.06038      303.42596      0.22773775   
    242000   471.73737      1355.8413      1827.5787      264.55049      303.44007      0.22701646   
    243000   452.86212      1316.6997      1769.5618      262.5844       294.68009      0.22236688   
    244000   480.51325      1319.5695      1800.0827      242.9397       295.32236      0.21750255   
    245000   441.66235      1343.8607      1785.523       293.66743      300.75878      0.21360984   
    246000   458.78423      1337.1181      1795.9023      263.02428      299.24978      0.21199352   
    247000   452.55386      1308.2546      1760.8085      323.23352      292.79007      0.21563437   
    248000   471.86695      1324.225       1796.0919      199.20764      296.36427      0.21757597   
    249000   497.30349      1345.6269      1842.9304      163.48023      301.15407      0.21724084   
    250000   495.07262      1356.005       1851.0776      94.452483      303.4767       0.20822506   
    251000   494.01227      1346.3497      1840.3619      80.270537      301.31582      0.20495458   
    252000   478.94989      1355.039       1833.9889      208.44743      303.26052      0.21235882   
    253000   482.02666      1354.9835      1837.0102      279.96839      303.24809      0.21550968   
    254000   475.02792      1352.0182      1827.0461      314.40018      302.58445      0.21506415   
    255000   464.82335      1360.399       1825.2224      339.63249      304.46009      0.21470509   
    256000   464.75823      1333.1145      1797.8727      220.95735      298.35376      0.21658001   
    257000   485.97864      1344.8253      1830.8039      89.429434      300.97466      0.21911829   
    258000   495.64916      1336.3435      1831.9927      56.499847      299.07643      0.22124404   
    259000   477.74247      1343.3612      1821.1037      13.969101      300.647        0.21960624   
    260000   497.16543      1374.3499      1871.5153     -18.152044      307.58233      0.21384111   
    261000   525.51865      1364.5475      1890.0662      134.65873      305.38853      0.20735155   
    262000   490.18775      1355.8505      1846.0383      127.41495      303.44213      0.20363356   
    263000   513.59407      1362.2946      1875.8887      266.10003      304.88433      0.2086693    
    264000   518.16893      1341.67        1859.839       332.81626      300.26851      0.21658213   
    265000   469.20158      1324.5308      1793.7324      301.15307      296.43271      0.22154217   
    266000   448.68499      1316.004       1764.689       280.56062      294.52439      0.22789831   
    267000   474.81332      1242.335       1717.1483      132.39153      278.03712      0.23301632   
    268000   454.78835      1301.5442      1756.3325      102.7154       291.28826      0.23370854   
    269000   485.7807       1311.8846      1797.6653      125.63033      293.60247      0.228685     
    270000   448.67414      1375.0021      1823.6763      149.86983      307.7283       0.21934257   
    271000   499.5934       1378.8193      1878.4127      189.02464      308.58258      0.21509418   
    272000   508.43744      1330.8997      1839.3371      252.47369      297.85808      0.21437941   
    273000   495.38212      1353.8959      1849.278       213.46614      303.00468      0.21386396   
    274000   509.22098      1366.6396      1875.8606      160.18068      305.85675      0.21147492   
    275000   508.33159      1381.7174      1890.049       229.45497      309.23119      0.21274773   
    276000   487.7884       1373.7996      1861.588       202.35995      307.45918      0.21835776   
    277000   477.31867      1363.8148      1841.1335      235.94361      305.22456      0.22611279   
    278000   462.58016      1341.3949      1803.975       265.85407      300.20692      0.23076986   
    279000   490.68828      1298.4977      1789.186       295.98248      290.60646      0.2292126    
    280000   447.52408      1324.5322      1772.0563      223.66123      296.43302      0.21907975   
    281000   449.96825      1290.4184      1740.3866      204.07759      288.79828      0.2094789    
    282000   490.82548      1315.0885      1805.9139      173.00429      294.3195       0.20913643   
    283000   488.33555      1321.1648      1809.5003      173.58277      295.67938      0.21423637   
    284000   476.42851      1327.8085      1804.237       200.56043      297.16627      0.22177618   
    285000   464.89146      1303.3213      1768.2128      172.05725      291.68598      0.22707726   
    286000   459.47104      1340.0923      1799.5633      193.34544      299.9154       0.23028716   
    287000   459.94978      1321.444       1781.3937      190.87597      295.74187      0.22972636   
    288000   462.08112      1339.1985      1801.2796      268.07137      299.71537      0.22846465   
    289000   463.37986      1354.4627      1817.8425      256.91333      303.13153      0.22719792   
    290000   479.94734      1322.9765      1802.9238      213.64982      296.08485      0.22349007   
    291000   472.68198      1331.0851      1803.7671      105.3882       297.89958      0.21346938   
    292000   477.29912      1329.7285      1807.0276      66.238145      297.59597      0.20772487   
    293000   479.6627       1371.8531      1851.5158      73.4121        307.02354      0.21026364   
    294000   498.25302      1311.5892      1809.8422      166.16279      293.53635      0.21907975   
    295000   468.28815      1351.5815      1819.8697      227.91168      302.48672      0.22510606   
    296000   471.28228      1384.2112      1855.4935      270.75377      309.78931      0.22697857   
    297000   470.20628      1349.7864      1819.9927      241.47136      302.08496      0.22658534   
    298000   482.68894      1352.3915      1835.0804      97.453951      302.668        0.22321499   
    299000   471.41144      1340.2391      1811.6506      125.1839       299.94827      0.22043248   
    300000   497.73823      1327.5669      1825.3052      124.00557      297.11221      0.22104124   
    301000   469.56149      1344.0601      1813.6216      109.52722      300.80341      0.22130647   
    302000   436.11763      1339.394       1775.5117      235.96981      299.75914      0.2236738    
    303000   447.44297      1308.3499      1755.7929      348.19383      292.8114       0.22580527   
    304000   477.6647       1300.443       1778.1077      313.36399      291.04182      0.22772336   
    305000   430.37084      1315.3278      1745.6986      345.98099      294.37306      0.22746744   
    306000   491.45316      1312.2085      1803.6616      124.8673       293.67495      0.21716226   
    307000   480.33843      1340.4006      1820.739       43.743919      299.98439      0.21144934   
    308000   491.2481       1337.417       1828.6651      47.36717       299.31666      0.21260127   
    309000   456.88653      1325.4113      1782.2978      131.08845      296.62977      0.2197       
    310000   476.30392      1312.3892      1788.6931      202.98981      293.7154       0.2236172    
    311000   469.26541      1307.7718      1777.0373      286.40811      292.68202      0.22331564   
    312000   482.56828      1315.9295      1798.4978      356.58421      294.50772      0.21972682   
    313000   513.67048      1369.31        1882.9805      187.04417      306.45439      0.21157421   
    314000   498.62598      1338.6276      1837.2536      133.53186      299.5876       0.21151932   
    315000   504.76465      1346.7024      1851.4671      95.144067      301.39477      0.21641235   
    316000   494.02783      1393.6528      1887.6807      62.679894      311.90237      0.22350967   
    317000   505.36616      1381.2343      1886.6005      63.772575      309.12307      0.22937312   
    318000   468.52128      1357.2305      1825.7518      181.9419       303.75097      0.2294718    
    319000   486.32694      1354.1256      1840.4526      198.60517      303.0561       0.22661379   
    320000   447.78325      1402.361       1850.1442      224.26512      313.85127      0.22290449   
    321000   498.62484      1343.489       1842.1139      220.98983      300.6756       0.21352655   
    322000   501.37558      1331.0405      1832.4161      219.52364      297.8896       0.20680615   
    323000   451.29162      1338.8774      1790.169       288.15699      299.64351      0.20714142   
    324000   488.30341      1317.045       1805.3484      276.25816      294.75738      0.21238812   
    325000   471.98683      1287.034       1759.0208      301.98719      288.04084      0.21664165   
    326000   464.63577      1332.6017      1797.2374      264.76253      298.23899      0.21736185   
    327000   461.9961       1318.9542      1780.9503      254.16245      295.18466      0.21738652   
    328000   460.1823       1329.4644      1789.6467      251.63175      297.53687      0.21751986   
    329000   471.27115      1328.2905      1799.5616      253.18712      297.27413      0.21887228   
    330000   471.1841       1320.3682      1791.5523      244.4864       295.50112      0.21907526   
    331000   464.04229      1311.7869      1775.8292      132.98863      293.5806       0.21805953   
    332000   484.0839       1330.9549      1815.0388      124.80756      297.87044      0.21578323   
    333000   473.9692       1342.1679      1816.1371      99.476435      300.37993      0.21301794   
    334000   480.31756      1341.6212      1821.9388      146.52471      300.25759      0.21429756   
    335000   488.19905      1337.0086      1825.2077      193.13376      299.22528      0.21978665   
    336000   497.13005      1323.5728      1820.7028      198.84986      296.2183       0.2269048    
    337000   472.66583      1378.2969      1850.9627      145.17589      308.46567      0.22931959   
    338000   466.68047      1367.5403      1834.2208      163.44459      306.05833      0.22931916   
    339000   464.63797      1355.2307      1819.8687      219.57158      303.30341      0.22510181   
    340000   501.40219      1350.9568      1852.359       234.36958      302.3469       0.21663034   
    341000   494.59583      1368.5599      1863.1557      406.60571      306.28651      0.21043048   
    342000   487.26156      1349.2696      1836.5312      389.83974      301.9693       0.20770553   
    343000   501.28832      1368.8286      1870.1169      338.18125      306.34665      0.21432968   
    344000   482.74799      1398.8256      1881.5736      206.85389      313.06004      0.22493038   
    345000   466.46116      1374.575       1841.0361     -10.465112      307.6327       0.22816186   
    346000   466.33245      1347.0677      1813.4001     -59.81859       301.47651      0.22815021   
    347000   474.60432      1364.7485      1839.3529      22.656075      305.43352      0.22422266   
    348000   434.88757      1366.6654      1801.553       220.21421      305.86253      0.21976257   
    349000   473.93044      1374.9383      1848.8688      278.31692      307.71402      0.21582035   
    350000   492.73724      1306.3384      1799.0756      393.90328      292.36121      0.2184649    
    351000   471.46131      1333.0038      1804.4651      366.48941      298.32898      0.22593961   
    352000   429.42938      1361.3504      1790.7798      298.47036      304.67302      0.2369036    
    353000   466.04775      1305.5083      1771.5561      315.55135      292.17545      0.23907225   
    354000   478.38859      1358.1503      1836.5388      183.413        303.95682      0.23166876   
    355000   465.6516       1344.6014      1810.253       107.46877      300.92455      0.22781846   
    356000   481.64648      1335.3394      1816.9859      93.763434      298.85171      0.22397372   
    357000   492.80656      1355.69        1848.4966      79.789987      303.4062       0.21824051   
    358000   519.19455      1359.9497      1879.1443      127.54141      304.35954      0.21331077   
    359000   495.57975      1411.6148      1907.1945      130.67124      315.92229      0.21166402   
    360000   476.54584      1351.6823      1828.2282      100.81091      302.50928      0.21486863   
    361000   479.45651      1386.1032      1865.5597      82.757532      310.21273      0.22264713   
    362000   490.3146       1339.8615      1830.1761      151.47827      299.86377      0.22751558   
    363000   482.02187      1345.8467      1827.8685      225.88941      301.20324      0.22731162   
    364000   490.46633      1347.4381      1837.9045      244.68176      301.55942      0.22214902   
    365000   476.52949      1353.5762      1830.1057      246.8083       302.93314      0.21681357   
    366000   454.64104      1312.6142      1767.2552      254.35162      293.76574      0.21481584   
    367000   493.30717      1323.9908      1817.298       229.14091      296.31187      0.21589406   
    368000   490.36847      1315.0813      1805.4498      154.43141      294.3179       0.22079339   
    369000   453.54747      1353.8825      1807.43        132.98221      303.00169      0.22647323   
    370000   452.09693      1339.2805      1791.3774      145.5945       299.73372      0.22965336   
    371000   466.16289      1347.2696      1813.4325      139.24797      301.5217       0.22939794   
    372000   483.98406      1379.8653      1863.8493      120.88839      308.81668      0.21866632   
    373000   488.7097       1349.2983      1838.008       132.68521      301.97574      0.20864216   
    374000   497.78598      1373.1315      1870.9174      170.73382      307.30964      0.21198527   
    375000   477.6196       1349.3614      1826.981       194.20755      301.98986      0.21813311   
    376000   480.617        1370.231       1850.848       213.86789      306.66052      0.22263681   
    377000   508.19231      1325.8584      1834.0507      269.5151       296.72982      0.222177     
    378000   479.521        1340.0756      1819.5966      279.29874      299.91167      0.21689475   
    379000   517.7855       1365.7047      1883.4902      356.39498      305.64752      0.21557162   
    380000   503.76728      1338.5634      1842.3307      316.72715      299.57323      0.21183417   
    381000   526.97339      1334.9804      1861.9538      205.90561      298.77135      0.20679269   
    382000   489.81657      1364.9967      1854.8133      193.98914      305.48907      0.20593694   
    383000   513.89543      1339.2551      1853.1505      147.95181      299.72804      0.21180258   
    384000   446.75647      1311.0316      1757.788       133.12659      293.41155      0.22082359   
    385000   491.06847      1325.5416      1816.6101      88.149757      296.65894      0.2260797    
    386000   489.91716      1314.4454      1804.3626      116.31613      294.17558      0.22159549   
    387000   457.05233      1333.2734      1790.3258      210.94721      298.38933      0.21696423   
    388000   460.33817      1303.8693      1764.2075      233.51209      291.80863      0.21680509   
    389000   455.33741      1334.0456      1789.383       223.7595       298.56213      0.22120765   
    390000   462.17498      1300.8937      1763.0687      243.60379      291.14268      0.22578513   
    391000   484.28385      1287.9426      1772.2264      273.12764      288.24419      0.2259866    
    392000   456.73302      1284.3586      1741.0917      231.97664      287.4421       0.22142383   
    393000   456.8387       1322.3735      1779.2122      200.17588      295.94991      0.21917803   
    394000   482.77463      1325.9638      1808.7385      237.62278      296.75343      0.21727283   
    395000   477.46187      1338.695       1816.1569      150.36693      299.60269      0.21410726   
    396000   475.33802      1369.7835      1845.1216      81.050194      306.56037      0.21451121   
    397000   491.37647      1372.5563      1863.9327      122.95529      307.18091      0.21613383   
    398000   499.94392      1358.5352      1858.4791      148.61063      304.04296      0.21766139   
    399000   477.69025      1352.5986      1830.2888      231.27678      302.71433      0.21717696   
    400000   485.68449      1375.698       1861.3825      280.61996      307.88403      0.21518964   
Loop time of 1433.81 on 8 procs for 400000 steps with 1500 atoms

Performance: 12.052 ns/day, 1.991 hours/ns, 278.978 timesteps/s, 418.467 katom-step/s
99.4% CPU use with 8 MPI tasks x 1 OpenMP threads

MPI task timing breakdown:
Section |  min time  |  avg time  |  max time  |%varavg| %total
---------------------------------------------------------------
Pair    | 79.294     | 86.598     | 92.561     |  52.5 |  6.04
Bond    | 3.4034     | 3.7523     | 4.0433     |  12.2 |  0.26
Kspace  | 574.88     | 581.49     | 589.19     |  22.1 | 40.56
Neigh   | 1.4543     | 1.4586     | 1.463      |   0.2 |  0.10
Comm    | 21.097     | 21.683     | 22.343     |   9.7 |  1.51
Output  | 0.014082   | 0.016017   | 0.028579   |   3.8 |  0.00
Modify  | 641.01     | 679.76     | 737.57     | 112.9 | 47.41
Other   |            | 59.05      |            |       |  4.12

Nlocal:          187.5 ave         216 max         135 min
Histogram: 1 0 0 0 1 1 1 1 2 1
Nghost:        1947.88 ave        2023 max        1918 min
Histogram: 3 1 1 1 1 0 0 0 0 1
Neighs:        18574.9 ave       22505 max       11704 min
Histogram: 1 0 0 0 1 1 1 1 2 1

Total # of neighbors = 148599
Ave neighs/atom = 99.066
Ave special neighs/atom = 2
Neighbor list builds = 2476
Dangerous builds = 0

unfix       runnpt
reset_timestep 0

#-------------------------------------------------- PRODUCTION ----------------------------------------------------------#

fix	            npt_production all npt temp ${simulationTemp} ${simulationTemp} 100.0 iso ${pressure} ${pressure} 1000.0
fix	            npt_production all npt temp 300 ${simulationTemp} 100.0 iso ${pressure} ${pressure} 1000.0
fix	            npt_production all npt temp 300 300 100.0 iso ${pressure} ${pressure} 1000.0
fix	            npt_production all npt temp 300 300 100.0 iso 197.4 ${pressure} 1000.0
fix	            npt_production all npt temp 300 300 100.0 iso 197.4 197.4 1000.0
fix             DensAve all ave/time 1 ${NBR} ${NBR} v_Density file density.dat
fix             DensAve all ave/time 1 20000 ${NBR} v_Density file density.dat
fix             DensAve all ave/time 1 20000 20000 v_Density file density.dat
fix             VoluAve all ave/time 1 ${npt_run} ${npt_run} v_Volume file volume.dat
fix             VoluAve all ave/time 1 2000000 ${npt_run} v_Volume file volume.dat
fix             VoluAve all ave/time 1 2000000 2000000 v_Volume file volume.dat
fix             Densfinal all ave/time 1 ${npt_run} ${npt_run} v_Density file density_final.dat
fix             Densfinal all ave/time 1 2000000 ${npt_run} v_Density file density_final.dat
fix             Densfinal all ave/time 1 2000000 2000000 v_Density file density_final.dat

restart         ${restartfreq} restart_${NAME}.1 restart_${NAME}.2
restart         1000000 restart_${NAME}.1 restart_${NAME}.2
restart         1000000 restart_N2.1 restart_${NAME}.2
restart         1000000 restart_N2.1 restart_N2.2

run             ${npt_run}
run             2000000
PPPM initialization ...
  using 12-bit tables for long-range coulomb (src/kspace.cpp:342)
  G vector (1/distance) = 0.26988492
  grid = 45 45 45
  stencil order = 5
  estimated absolute RMS force accuracy = 0.00041261056
  estimated relative force accuracy = 1.2425645e-06
  using single precision FFTW3
  3d grid and FFT values/proc = 27000 12420
Generated 1 of 1 mixed pair_coeff terms from arithmetic mixing rule
Last active /omp style is kspace_style pppm/omp
Per MPI rank memory allocation (min/avg/max) = 8.276 | 8.322 | 8.389 Mbytes
   Step         PotEng         KinEng         TotEng         Press           Temp        v_Density   
         0   485.68458      1375.698       1861.3825      280.6198       307.88403      0.21518964   
      1000   513.7055       1359.6587      1873.3642      249.03935      304.2944       0.21495574   
      2000   527.38861      1344.0459      1871.4345      238.03707      300.80023      0.21336338   
      3000   459.28328      1355.9742      1815.2575      237.66091      303.46981      0.21292134   
      4000   501.09464      1330.6713      1831.7659      289.45495      297.80696      0.21917554   
      5000   483.64199      1350.964       1834.606       318.24487      302.34852      0.22953076   
      6000   462.25307      1394.7992      1857.0523      197.56345      312.15892      0.22991683   
      7000   481.11599      1382.3251      1863.4411      174.60628      309.3672       0.22448335   
      8000   481.8738       1346.7129      1828.5867      141.89155      301.39711      0.2164599    
      9000   459.61014      1347.9665      1807.5767      197.72067      301.67768      0.21361297   
     10000   475.99146      1321.6784      1797.6699      182.41357      295.79434      0.21350972   
     11000   469.15302      1348.7443      1817.8973      144.73372      301.85174      0.21630774   
     12000   478.81798      1348.0811      1826.8991      167.59857      301.70333      0.22046776   
     13000   492.30046      1329.1231      1821.4236      226.8491       297.46048      0.22519761   
     14000   453.48133      1360.2111      1813.6924      310.94344      304.41803      0.22929284   
     15000   466.33986      1375.5985      1841.9383      344.09275      307.86177      0.23401977   
     16000   485.89522      1315.5614      1801.4566      257.7619       294.42535      0.23648263   
     17000   487.87777      1342.7715      1830.6492      108.00061      300.51501      0.23252838   
     18000   476.04191      1338.6908      1814.7327      65.242618      299.60175      0.22351226   
     19000   451.93641      1345.7424      1797.6788      72.086505      301.1799       0.21588787   
     20000   450.10883      1300.0315      1750.1403      131.52517      290.94972      0.21357217   
     21000   487.00682      1304.8484      1791.8552      194.62732      292.02775      0.22017886   
     22000   473.29258      1331.6866      1804.9792      285.8654       298.03419      0.2276116    
     23000   459.05846      1349.0279      1808.0864      230.03516      301.91522      0.23005339   
     24000   492.77059      1283.1605      1775.9311      139.71503      287.17395      0.23202699   
     25000   455.49056      1313.4141      1768.9047      123.41085      293.94477      0.22948191   
     26000   473.44775      1371.8349      1845.2827      169.99843      307.01947      0.22568978   
     27000   483.58429      1320.0154      1803.5997      254.24424      295.42217      0.22232777   
     28000   532.50698      1304.3596      1836.8666      231.40854      291.91836      0.21663585   
     29000   495.52113      1336.6281      1832.1493      192.11435      299.14012      0.21086943   
     30000   492.19479      1357.6897      1849.8845      145.04868      303.85375      0.21103239   
     31000   498.09981      1308.5335      1806.6333      105.53842      292.85249      0.21895562   
     32000   469.52513      1303.2245      1772.7497      98.026127      291.66432      0.23020189   
     33000   461.40819      1332.6645      1794.0727      165.52842      298.25305      0.23662812   
     34000   408.17229      1319.7932      1727.9655      241.91323      295.37242      0.236606     
     35000   457.1675       1332.4318      1789.5993      289.50728      298.20097      0.23073578   
     36000   478.28189      1312.8806      1791.1625      334.64179      293.82538      0.22435554   
     37000   473.46948      1331.6028      1805.0723      268.00544      298.01545      0.21938148   
     38000   497.88797      1311.369       1809.257       166.36777      293.48708      0.21741198   
     39000   513.36984      1305.8464      1819.2162      140.60095      292.25109      0.21813082   
     40000   472.2938       1332.7503      1805.0441      158.28636      298.27226      0.21722401   
     41000   479.09009      1295.0285      1774.1186      167.87822      289.83004      0.2164559    
     42000   474.65231      1340.6852      1815.3375      193.33192      300.0481       0.21593841   
     43000   496.11325      1298.4375      1794.5507      147.57574      290.59297      0.21353804   
     44000   485.29214      1330.3131      1815.6052      240.09705      297.7268       0.21708648   
     45000   484.7131       1306.6237      1791.3368      226.29567      292.42506      0.21873305   
     46000   472.47002      1334.1593      1806.6294      250.30224      298.5876       0.21952497   
     47000   485.02128      1331.8837      1816.905       286.96612      298.07831      0.22023505   
     48000   507.0509       1311.6516      1818.7025      261.17432      293.55032      0.21353941   
     49000   514.56522      1331.254       1845.8193      239.9092       297.93739      0.20404116   
     50000   496.36174      1303.1982      1799.5599      202.837        291.65843      0.20041634   
     51000   504.87792      1327.5313      1832.4092      160.73277      297.10422      0.20522189   
     52000   463.06462      1328.7132      1791.7778      107.60151      297.36874      0.21234095   
     53000   482.85351      1303.1805      1786.034       44.672405      291.65448      0.21633685   
     54000   475.9067       1334.5005      1810.4072      80.283498      298.66395      0.21877954   
     55000   455.08129      1301.1479      1756.2292      149.53601      291.19957      0.2234087    
     56000   499.29125      1336.3194      1835.6107      260.27832      299.07103      0.22571762   
     57000   507.93307      1334.6921      1842.6252      294.59534      298.70684      0.21964449   
     58000   494.29406      1369.4677      1863.7618      235.23641      306.48968      0.21355343   
     59000   505.03755      1332.6539      1837.6914      206.30977      298.25067      0.21362066   
     60000   503.65745      1361.1337      1864.7912      212.27926      304.62452      0.21599451   
     61000   473.42856      1366.4644      1839.893       208.8804       305.81754      0.21665572   
     62000   508.46788      1374.474       1882.9419      175.45145      307.6101       0.21810423   
     63000   505.62699      1331.2248      1836.8517      265.73518      297.93083      0.22201582   
     64000   465.76465      1376.7856      1842.5502      210.33114      308.12743      0.22394879   
     65000   478.83813      1370.8362      1849.6744      167.25879      306.79596      0.22326741   
     66000   481.87254      1348.5053      1830.3779      153.70061      301.79826      0.22068094   
     67000   480.98174      1373.186       1854.1677      183.5696       307.32184      0.2121461    
     68000   519.96007      1369.4143      1889.3744      160.3839       306.47773      0.20743417   
     69000   519.57401      1400.6433      1920.2173      318.01184      313.46684      0.2122046    
     70000   461.91022      1343.1875      1805.0977      347.23015      300.60812      0.21520777   
     71000   477.95696      1323.3144      1801.2713      309.88257      296.16047      0.218253     
     72000   477.5667       1338.8401      1816.4068      188.98726      299.63517      0.22292712   
     73000   467.14582      1314.1484      1781.2943      103.94308      294.10912      0.22932333   
     74000   439.21686      1291.2175      1730.4344      22.022784      288.97713      0.23426807   
     75000   463.06663      1276.2999      1739.3666      88.247468      285.63854      0.23595029   
     76000   481.89594      1293.4064      1775.3023      119.40828      289.46701      0.23169536   
     77000   471.18234      1347.2047      1818.3871      201.95632      301.50718      0.226193     
     78000   508.51734      1334.6034      1843.1207      233.60212      298.68697      0.21964801   
     79000   502.5437       1388.604       1891.1477      229.81139      310.77243      0.21922028   
     80000   523.74734      1363.9253      1887.6726      200.87627      305.24927      0.22362342   
     81000   487.4391       1333.8086      1821.2477      115.73034      298.5091       0.22715062   
     82000   478.26303      1314.3634      1792.6265      126.43545      294.15724      0.23209547   
     83000   486.75963      1313.6115      1800.3711      123.93053      293.98895      0.23020695   
     84000   444.13835      1317.2263      1761.3647      157.97493      294.79796      0.22288766   
     85000   453.5408       1343.3098      1796.8506      218.20958      300.6355       0.2161423    
     86000   507.43007      1302.0926      1809.5227      232.50612      291.41101      0.21227298   
     87000   500.15153      1321.0211      1821.1727      258.13271      295.64724      0.21509672   
     88000   455.78006      1334.5991      1790.3792      241.72706      298.68602      0.22079922   
     89000   487.10371      1295.1243      1782.228       183.87312      289.85147      0.22435875   
     90000   470.21476      1310.3763      1780.5911      147.98011      293.26491      0.22709951   
     91000   475.93053      1305.4537      1781.3842      124.17019      292.16321      0.2294061    
     92000   456.09975      1326.4021      1782.5018      135.0549       296.85151      0.22764659   
     93000   466.18418      1337.794       1803.9782      127.32116      299.40105      0.22243662   
     94000   472.06831      1328.6825      1800.7508      135.20782      297.36188      0.21607551   
     95000   473.76228      1309.258       1783.0203      151.83278      293.01464      0.21507645   
     96000   492.97339      1323.3467      1816.3201      315.06194      296.1677       0.2256725    
     97000   460.92017      1370.9194      1831.8396      453.9375       306.81457      0.23867281   
     98000   510.13202      1374.801       1884.933       443.75531      307.68329      0.23982313   
     99000   472.93593      1374.7393      1847.6753      304.46376      307.66948      0.23180162   
    100000   479.30961      1360.1404      1839.45        145.76537      304.40222      0.22306704   
    101000   470.57177      1377.4544      1848.0262      75.406412      308.27712      0.22137576   
    102000   482.72213      1372.4906      1855.2127      38.858126      307.16621      0.22318834   
    103000   480.61986      1389.3714      1869.9912      161.93662      310.94416      0.2288511    
    104000   512.44834      1362.7215      1875.1698      211.18498      304.97987      0.2342418    
    105000   464.36699      1362.4461      1826.813       251.54289      304.91822      0.23668337   
    106000   466.22921      1364.8408      1831.07        275.83198      305.45417      0.23798576   
    107000   475.13461      1345.2218      1820.3565      214.65414      301.06341      0.23169715   
    108000   481.60869      1342.3573      1823.966       147.36193      300.42233      0.22415522   
    109000   488.88378      1274.7803      1763.6641      103.46683      285.29845      0.22126283   
    110000   437.5333       1321.9889      1759.5222      124.85952      295.86383      0.22286862   
    111000   447.50558      1343.8407      1791.3463      138.36672      300.7543       0.22447104   
    112000   473.65741      1304.0144      1777.6718      148.05333      291.84109      0.22283824   
    113000   475.25526      1338.9207      1814.1759      210.50365      299.6532       0.2193298    
    114000   468.25174      1314.6858      1782.9375      215.13446      294.22938      0.21921234   
    115000   462.91765      1348.718       1811.6356      198.81427      301.84585      0.22384278   
    116000   478.67239      1301.9563      1780.6287      213.75484      291.3805       0.23297821   
    117000   465.59085      1320.7515      1786.3423      185.31555      295.58689      0.2354478    
    118000   444.83524      1316.3038      1761.139       164.48666      294.59149      0.22953843   
    119000   469.09618      1323.0601      1792.1563      209.88133      296.10356      0.22124177   
    120000   465.26515      1342.4239      1807.6891      216.29688      300.43724      0.21705533   
    121000   468.40666      1336.6969      1805.1035      243.83256      299.1555       0.22085129   
    122000   468.8326       1339.4286      1808.2612      276.99985      299.76687      0.22768613   
    123000   449.98146      1323.1498      1773.1312      253.4208       296.12363      0.22651004   
    124000   460.73369      1352.0338      1812.7675      209.25539      302.58794      0.22152569   
    125000   470.29234      1357.9381      1828.2305      148.82052      303.90934      0.21792328   
    126000   528.76027      1319.3455      1848.1057      55.691843      295.27222      0.21674628   
    127000   508.12596      1349.0105      1857.1365      138.25219      301.91132      0.21866304   
    128000   480.72527      1395.7478      1876.4731      228.7645       312.37123      0.217778     
    129000   535.08636      1382.2497      1917.3361      299.12338      309.35033      0.2178487    
    130000   529.10578      1355.0751      1884.1809      356.03215      303.26859      0.2162008    
    131000   482.74797      1360.759       1843.507       339.22845      304.54066      0.21082077   
    132000   522.70878      1368.408       1891.1168      261.24664      306.25252      0.20461734   
    133000   510.74685      1346.6316      1857.3784      176.61337      301.37891      0.20317154   
    134000   520.89987      1337.1476      1858.0474      134.73706      299.25637      0.21095895   
    135000   493.164        1376.5957      1869.7597      147.66716      308.08495      0.22114435   
    136000   472.59629      1332.3465      1804.9428      66.295881      298.18187      0.22304436   
    137000   472.64795      1309.5406      1782.1886      131.88549      293.07788      0.22435229   
    138000   492.0395       1334.5238      1826.5633      222.73596      298.66916      0.22387742   
    139000   494.3963       1322.2708      1816.6671      290.06299      295.92691      0.22004562   
    140000   497.01907      1309.1837      1806.2028      208.59855      292.998        0.21241428   
    141000   474.75886      1322.5368      1797.2957      144.16529      295.98646      0.20694608   
    142000   496.96064      1336.6454      1833.6061      206.96938      299.14399      0.20979942   
    143000   493.36215      1388.4754      1881.8376      177.3317       310.74365      0.21306419   
    144000   480.05047      1382.5164      1862.5669      243.87992      309.41002      0.21699234   
    145000   486.8291       1350.8109      1837.64        309.88342      302.31425      0.22190518   
    146000   495.18865      1353.8908      1849.0794      310.36532      303.00354      0.2253041    
    147000   462.39038      1378.4839      1840.8743      256.60043      308.50753      0.22747846   
    148000   496.44549      1403.9887      1900.4342      207.66098      314.21556      0.2289497    
    149000   509.52259      1370.1467      1879.6693      164.48988      306.64164      0.22688022   
    150000   485.35218      1345.8576      1831.2098      126.69594      301.2057       0.22295698   
    151000   476.18952      1354.6618      1830.8514      145.25523      303.1761       0.21536345   
    152000   484.0352       1358.0851      1842.1203      230.61405      303.94223      0.20398597   
    153000   485.97972      1322.922       1808.9018      246.6997       296.07267      0.2007151    
    154000   486.97382      1318.8364      1805.8103      277.23278      295.1583       0.2054282    
    155000   474.97512      1329.9714      1804.9465      198.229        297.65032      0.20910139   
    156000   467.62853      1279.1648      1746.7933      190.50298      286.27971      0.21273654   
    157000   475.10864      1326.972       1802.0806      124.9149       296.97905      0.2149502    
    158000   492.19545      1334.1978      1826.3932      123.93817      298.5962       0.21635449   
    159000   480.7355       1331.4356      1812.1712      139.4873       297.97803      0.21767318   
    160000   513.55768      1317.1523      1830.71        214.57602      294.78139      0.21909026   
    161000   484.7809       1346.6341      1831.415       237.55058      301.37948      0.21711463   
    162000   494.68343      1388.8575      1883.541       243.76622      310.82917      0.21449509   
    163000   481.94345      1364.4363      1846.3797      292.08315      305.36364      0.21009846   
    164000   503.44055      1371.0151      1874.4557      209.81433      306.836        0.20530304   
    165000   535.68241      1319.7157      1855.3981      147.89867      295.35507      0.20228236   
    166000   512.02957      1361.0306      1873.0602      140.22682      304.60145      0.20422044   
    167000   497.95898      1369.0631      1867.0221      152.84192      306.39914      0.213226     
    168000   484.68826      1362.5958      1847.2841      234.8528       304.95175      0.22019599   
    169000   481.54896      1345.6942      1827.2432      200.69207      301.16912      0.22083316   
    170000   473.08914      1318.0095      1791.0986      178.98791      294.97322      0.22058427   
    171000   481.4526       1327.8346      1809.2872      181.03283      297.17212      0.22093473   
    172000   497.90374      1314.3386      1812.2424      137.75668      294.15168      0.21911537   
    173000   495.85998      1319.271       1815.131       86.379252      295.25557      0.21671332   
    174000   471.44677      1319.5711      1791.0179      122.00502      295.32273      0.21557475   
    175000   496.78345      1332.0147      1828.7982      185.16662      298.10763      0.21959167   
    176000   455.08169      1336.7352      1791.8169      334.77042      299.16408      0.22461477   
    177000   473.69966      1317.2981      1790.9978      320.47144      294.81402      0.22724399   
    178000   483.97304      1254.8031      1738.7762      206.66371      280.82752      0.22745361   
    179000   451.55154      1312.3535      1763.905       100.54162      293.7074       0.22328605   
    180000   504.42976      1310.0103      1814.4401      28.306665      293.183        0.2190694    
    181000   501.60842      1308.7481      1810.3565      10.666726      292.90051      0.2141053    
    182000   488.41895      1292.7246      1781.1435      29.181083      289.31441      0.20935099   
    183000   505.42967      1271.807       1777.2366      129.31832      284.63301      0.21053742   
    184000   491.88616      1310.4707      1802.3569      231.84505      293.28603      0.21788409   
    185000   466.1063       1328.4796      1794.5859      365.93803      297.31645      0.22640103   
    186000   470.11389      1329.4301      1799.544       399.66077      297.52918      0.2293539    
    187000   486.07559      1286.2261      1772.3017      294.22598      287.86004      0.22606749   
    188000   457.14061      1335.3667      1792.5073      199.91441      298.85782      0.22291852   
    189000   469.11459      1296.6004      1765.715       96.174494      290.18183      0.21969792   
    190000   507.97363      1308.0362      1816.0099      67.585814      292.74119      0.21906673   
    191000   486.26707      1330.5949      1816.862       98.484007      297.78987      0.22242184   
    192000   462.41326      1335.4825      1797.8958      182.09766      298.88373      0.22724332   
    193000   479.69196      1307.3663      1787.0583      314.649        292.59126      0.23176264   
    194000   472.69878      1326.9578      1799.6566      286.68029      296.97589      0.23344545   
    195000   473.32594      1319.5802      1792.9061      251.45005      295.32475      0.23334193   
    196000   445.37247      1303.5271      1748.8996      208.97317      291.73204      0.22909159   
    197000   470.98986      1345.8845      1816.8744      160.58141      301.21172      0.22253291   
    198000   492.44084      1347.8863      1840.3271      152.60443      301.65972      0.21848363   
    199000   454.44833      1364.3441      1818.7924      166.92824      305.34301      0.21709258   
    200000   494.05271      1362.8591      1856.9118      184.00958      305.01067      0.21756974   
    201000   483.70941      1354.1468      1837.8562      168.80849      303.06082      0.21837299   
    202000   494.93151      1381.6185      1876.55        178.94169      309.20905      0.22383281   
    203000   506.35952      1377.26        1883.6196      201.11375      308.23362      0.22949088   
    204000   473.62305      1385.969       1859.5921      172.78455      310.18271      0.23073852   
    205000   497.39014      1334.146       1831.5361      126.47759      298.5846       0.22478463   
    206000   496.95626      1334.3182      1831.2745      68.361721      298.62316      0.21899953   
    207000   479.47082      1348.2693      1827.7402      75.063589      301.74545      0.21555035   
    208000   470.68695      1362.7437      1833.4306      148.91234      304.98483      0.21079758   
    209000   482.47323      1343.7432      1826.2164      204.43048      300.73248      0.20784367   
    210000   461.36972      1352.3012      1813.6709      253.66011      302.64779      0.21154354   
    211000   484.84192      1349.509       1834.3509      329.30354      302.02289      0.22192819   
    212000   438.18037      1324.3607      1762.5411      317.92386      296.39465      0.22886063   
    213000   479.59425      1327.4449      1807.0391      254.58381      297.08488      0.22740419   
    214000   497.25304      1352.6502      1849.9032      187.48646      302.72589      0.22239673   
    215000   477.89771      1395.5448      1873.4425      153.05401      312.32579      0.21884644   
    216000   485.66849      1366.9862      1852.6547      160.00005      305.93431      0.21773727   
    217000   513.53074      1331.8922      1845.423       253.12654      298.08022      0.21864905   
    218000   498.61237      1336.0558      1834.6682      277.7924       299.01204      0.21946572   
    219000   511.52505      1373.5331      1885.0581      280.97091      307.39952      0.22613075   
    220000   433.92197      1376.5038      1810.4258      145.73084      308.06439      0.23355504   
    221000   458.62282      1379.9453      1838.5681      145.93825      308.83458      0.23816205   
    222000   487.35678      1346.38        1833.7367      129.3806       301.3226       0.2352648    
    223000   475.27863      1366.4146      1841.6933      177.2101       305.8064       0.22501373   
    224000   514.11373      1362.8226      1876.9363      177.1048       305.00249      0.21699211   
    225000   543.55166      1334.3223      1877.874       190.82731      298.62407      0.21616432   
    226000   507.32541      1373.8562      1881.1816      165.45184      307.47183      0.22174984   
    227000   479.37699      1383.3908      1862.7678      212.59195      309.60571      0.22840693   
    228000   458.69637      1369.0585      1827.7548      212.74285      306.39809      0.2306963    
    229000   491.47361      1336.9025      1828.3761      213.91063      299.20153      0.2295314    
    230000   496.42445      1366.0955      1862.5199      336.71628      305.73497      0.22658272   
    231000   494.343        1389.5822      1883.9252      302.3474       310.99135      0.2158755    
    232000   516.87297      1365.1331      1882.0061      222.91334      305.51959      0.2117226    
    233000   492.99769      1383.5229      1876.5206      182.04293      309.63527      0.21645365   
    234000   463.64963      1358.5095      1822.1591      198.26806      304.03721      0.22446216   
    235000   468.95658      1331.1171      1800.0737      188.58921      297.90675      0.23147766   
    236000   466.85423      1323.191       1790.0452      96.31565       296.13286      0.23449343   
    237000   458.09427      1335.7763      1793.8706      103.46054      298.94948      0.23336279   
    238000   472.24916      1334.1442      1806.3934      252.84239      298.58422      0.23224236   
    239000   467.40816      1302.3997      1769.8078      235.82799      291.47972      0.22474485   
    240000   500.74888      1329.9242      1830.6731      248.7473       297.63977      0.21761475   
    241000   487.89643      1328.0607      1815.9571      206.58518      297.2227       0.21649681   
    242000   476.19375      1340.452       1816.6457      167.50881      299.9959       0.21839351   
    243000   477.68906      1344.4672      1822.1562      179.03642      300.89451      0.22131926   
    244000   473.34147      1340.8689      1814.2104      281.88499      300.08922      0.2237821    
    245000   486.61517      1379.7092      1866.3244      322.58898      308.78175      0.22560487   
    246000   496.88678      1390.3459      1887.2327      278.63765      311.16227      0.22498587   
    247000   486.85121      1354.5091      1841.3603      222.71514      303.14192      0.22113331   
    248000   483.47802      1364.2497      1847.7277      119.73488      305.32188      0.2121457    
    249000   513.73625      1319.8398      1833.5761      79.78823       295.38286      0.20879045   
    250000   510.20959      1328.0214      1838.231       176.16482      297.21391      0.21353961   
    251000   483.84401      1337.8564      1821.7004      250.96423      299.415        0.22259696   
    252000   457.14245      1343.5102      1800.6526      322.03536      300.68033      0.22709051   
    253000   470.70461      1310.5195      1781.2241      270.24199      293.29695      0.22771877   
    254000   484.65996      1346.3214      1830.9814      247.89867      301.3095       0.227146     
    255000   491.05493      1334.3423      1825.3972      156.05187      298.62854      0.22376999   
    256000   464.27401      1351.2313      1815.5053      137.61541      302.40834      0.22114996   
    257000   509.03727      1337.9559      1846.9931      67.886943      299.43727      0.21878253   
    258000   482.27913      1354.6068      1836.8859      144.33637      303.16378      0.21895732   
    259000   484.21719      1373.9661      1858.1833      196.49434      307.49643      0.22011609   
    260000   491.25081      1444.971       1936.2218      296.30583      323.38747      0.22430203   
    261000   508.34426      1356.0528      1864.3971      300.25592      303.4874       0.22680813   
    262000   470.14814      1356.8478      1826.996       244.41194      303.66533      0.22714655   
    263000   497.80441      1346.0571      1843.8615      199.6147       301.25035      0.22222838   
    264000   496.22789      1343.0879      1839.3158      122.23294      300.58584      0.21157901   
    265000   503.53401      1314.2838      1817.8178      88.713724      294.1394       0.20722507   
    266000   486.56092      1367.7629      1854.3238      173.72986      306.10814      0.20960119   
    267000   458.55173      1370.7133      1829.265       228.00264      306.76844      0.21443235   
    268000   490.46665      1343.6409      1834.1075      232.88707      300.70958      0.21543642   
    269000   498.27458      1350.3272      1848.6017      251.80977      302.20599      0.21722692   
    270000   503.82815      1393.4985      1897.3266      257.21433      311.86782      0.21771607   
    271000   476.66324      1405.4665      1882.1298      234.25656      314.54629      0.21410889   
    272000   486.25145      1321.3608      1807.6122      194.67305      295.72326      0.21253095   
    273000   493.73554      1328.9919      1822.7275      179.828        297.43112      0.21658011   
    274000   476.68343      1315.8977      1792.5811      190.82408      294.50061      0.22167359   
    275000   446.49626      1287.2696      1733.7659      176.68366      288.09358      0.22356542   
    276000   466.2527       1287.3575      1753.6102      224.48092      288.11325      0.22578788   
    277000   437.04331      1327.9385      1764.9818      254.22209      297.19537      0.22918571   
    278000   458.01769      1339.1228      1797.1405      289.88852      299.69843      0.23405437   
    279000   451.71733      1323.1414      1774.8587      278.81121      296.12175      0.23021214   
    280000   477.94002      1280.5579      1758.4979      261.45344      286.59148      0.2215245    
    281000   506.79859      1305.4304      1812.229       273.87367      292.15801      0.21688997   
    282000   491.55062      1335.8989      1827.4495      269.38188      298.97691      0.21666497   
    283000   484.23381      1319.1529      1803.3867      161.79921      295.22912      0.21702425   
    284000   504.48685      1325.9379      1830.4247      161.8191       296.74762      0.22076274   
    285000   491.64354      1316.8562      1808.4998      135.32289      294.71512      0.22570009   
    286000   494.60724      1320.5694      1815.1767      84.519894      295.54615      0.22965138   
    287000   487.54413      1381.8565      1869.4006      162.91325      309.26232      0.23379057   
    288000   479.20148      1349.2351      1828.4366      181.14156      301.96158      0.23227692   
    289000   487.18104      1349.3448      1836.5258      186.08431      301.98613      0.22775381   
    290000   479.51834      1387.254       1866.7723      355.52286      310.47029      0.22355737   
    291000   508.31189      1343.5622      1851.8741      270.16147      300.69198      0.21813589   
    292000   497.17058      1379.8889      1877.0595      242.12301      308.82197      0.21498839   
    293000   480.88724      1318.3063      1799.1936      211.43625      295.03966      0.21527427   
    294000   481.93692      1327.2936      1809.2305      173.85992      297.05103      0.21993614   
    295000   469.47214      1324.7621      1794.2342      169.94634      296.48448      0.22837871   
    296000   469.38544      1337.8435      1807.229       286.38185      299.41213      0.23587921   
    297000   443.17486      1374.6723      1817.8471      202.86819      307.65447      0.23373422   
    298000   484.83876      1345.8099      1830.6487      113.62646      301.19502      0.22872039   
    299000   474.66875      1350.6167      1825.2854      104.73006      302.27079      0.22408671   
    300000   465.94616      1351.698       1817.6442      124.95008      302.5128       0.22213361   
    301000   493.55221      1321.748       1815.3002      142.25859      295.80992      0.22228418   
    302000   503.39451      1296.6738      1800.0683      176.82783      290.19826      0.22252494   
    303000   469.10362      1313.5022      1782.6058      135.73745      293.96448      0.22162411   
    304000   457.69705      1318.9022      1776.5992      248.60638      295.17301      0.22554124   
    305000   450.30172      1284.1784      1734.4801      242.11834      287.40176      0.22655148   
    306000   491.94088      1311.4585      1803.3994      198.63105      293.50711      0.22417766   
    307000   486.43491      1327.2156      1813.6505      243.62887      297.03358      0.21804481   
    308000   502.0619       1307.2684      1809.3303      156.54209      292.56936      0.21090402   
    309000   506.29111      1322.0348      1828.3259      183.38461      295.87411      0.21008373   
    310000   510.42626      1330.0789      1840.5052      143.10132      297.6744       0.21382494   
    311000   483.40843      1349.5943      1833.0027      113.67863      302.04198      0.22250766   
    312000   484.12592      1363.382       1847.5079      115.18551      305.12768      0.22960848   
    313000   520.14955      1356.0212      1876.1708      235.90777      303.48034      0.2288911    
    314000   493.41239      1346.9414      1840.3538      161.02421      301.44824      0.22296403   
    315000   478.022        1356.9164      1834.9384      195.26945      303.68067      0.21974249   
    316000   489.78106      1387.398       1877.179       191.64716      310.50251      0.21672902   
    317000   489.10052      1349.1314      1838.2319      173.5631       301.93837      0.21526136   
    318000   509.71156      1361.8318      1871.5433      166.26869      304.78075      0.2175425    
    319000   494.90236      1408.1042      1903.0065      143.2859       315.1366       0.21968325   
    320000   473.25524      1368.5409      1841.7962      160.6457       306.28227      0.21890153   
    321000   488.66471      1327.5658      1816.2306      265.31903      297.11196      0.21766365   
    322000   477.64833      1328.0863      1805.7346      338.52452      297.22844      0.21592801   
    323000   492.42915      1326.3447      1818.7739      261.99234      296.83867      0.21157262   
    324000   502.64166      1330.9272      1833.5689      176.53268      297.86425      0.20811001   
    325000   477.00965      1324.5353      1801.5449      181.6652       296.43372      0.20655723   
    326000   485.812        1304.2174      1790.0294      75.676861      291.88654      0.21006062   
    327000   481.07143      1317.4926      1798.564       143.40422      294.85755      0.22280647   
    328000   473.41989      1338.9025      1812.3224      143.45798      299.64913      0.2280526    
    329000   478.94392      1333.2778      1812.2217      149.88992      298.3903       0.22698074   
    330000   479.3704       1332.7072      1812.0776      122.17094      298.2626       0.22445124   
    331000   472.72672      1335.5361      1808.2628      159.59286      298.89571      0.22350859   
    332000   469.50917      1310.6694      1780.1786      187.10258      293.33051      0.22053273   
    333000   482.75629      1292.2565      1775.0128      237.72738      289.20966      0.21621876   
    334000   476.77362      1334.209       1810.9826      313.01408      298.5987       0.214837     
    335000   495.84159      1329.2094      1825.051       284.23999      297.4798       0.22172842   
    336000   450.28161      1360.48        1810.7616      240.77051      304.47822      0.23293946   
    337000   459.99423      1346.9614      1806.9557      239.33315      301.45274      0.23758526   
    338000   494.8381       1340.2523      1835.0904      205.29299      299.95121      0.23673366   
    339000   482.76603      1373.5383      1856.3044      242.78528      307.4007       0.23361705   
    340000   501.48605      1335.6252      1837.1113      252.43696      298.91567      0.22479738   
    341000   500.46337      1366.058       1866.5214      172.35875      305.72658      0.21611016   
    342000   483.3227       1338.7292      1822.0519      188.74606      299.61035      0.21787633   
    343000   489.24248      1283.7053      1772.9478      192.6611       287.29588      0.22495714   
    344000   448.97863      1302.3398      1751.3184      193.81151      291.46631      0.22904644   
    345000   481.86316      1318.4504      1800.3136      182.22893      295.07191      0.22948728   
    346000   469.73888      1314.9166      1784.6554      174.55332      294.28102      0.2228969    
    347000   503.13877      1313.3656      1816.5044      82.386479      293.93392      0.21486355   
    348000   509.43451      1312.0906      1821.5252      66.686126      293.64858      0.21449517   
    349000   465.58363      1390.7623      1856.3459      120.66316      311.25545      0.22132965   
    350000   481.14181      1338.7284      1819.8702      154.38711      299.61016      0.22678683   
    351000   476.90851      1341.9729      1818.8814      206.63741      300.3363       0.22940554   
    352000   480.05318      1357.7391      1837.7923      211.92405      303.8648       0.22836262   
    353000   516.07074      1355.6879      1871.7587      191.00054      303.40574      0.22291179   
    354000   508.93248      1361.1952      1870.1277      196.72957      304.63828      0.21882031   
    355000   506.88093      1361.5297      1868.4106      139.38674      304.71313      0.21809991   
    356000   497.82518      1368.663       1866.4882      130.85044      306.30959      0.22173625   
    357000   481.77123      1353.1398      1834.911       231.76509      302.83546      0.23061723   
    358000   503.96938      1338.7504      1842.7198      204.75475      299.61509      0.23658424   
    359000   493.60894      1346.0887      1839.6977      182.29037      301.25742      0.2387769    
    360000   472.67042      1330.8509      1803.5213      206.11646      297.84717      0.23887764   
    361000   469.07048      1333.3301      1802.4006      224.78972      298.40202      0.23165586   
    362000   467.92896      1318.2309      1786.1599      193.28106      295.02279      0.22328738   
    363000   505.64889      1293.8806      1799.5295      140.64514      289.57313      0.21744649   
    364000   501.49435      1280.1144      1781.6088      87.528225      286.49223      0.21518577   
    365000   487.5394       1306.5777      1794.1171      118.35397      292.41478      0.21759878   
    366000   482.07233      1319.6363      1801.7086      130.95725      295.33732      0.22113156   
    367000   467.43614      1321.0731      1788.5093      161.10766      295.65888      0.22503776   
    368000   478.02866      1341.9365      1819.9652      243.72335      300.32815      0.22717351   
    369000   463.53692      1331.4912      1795.0281      285.3049       297.99045      0.22932879   
    370000   459.01467      1307.9612      1766.9759      231.01581      292.72441      0.2310667    
    371000   439.75015      1285.4446      1725.1947      254.97738      287.68513      0.2314951    
    372000   442.97603      1328.1356      1771.1116      224.82526      297.23947      0.2308188    
    373000   471.98424      1309.9148      1781.899       169.36934      293.16162      0.23240963   
    374000   474.35646      1271.1941      1745.5506      65.510392      284.49586      0.23256063   
    375000   465.97491      1307.8891      1773.864       137.03617      292.70826      0.23562943   
    376000   474.25388      1315.6314      1789.8853      204.36356      294.44101      0.23042628   
    377000   502.57207      1327.7374      1830.3095      196.5999       297.15036      0.21974485   
    378000   487.16785      1348.3039      1835.4717      232.52717      301.75317      0.21679823   
    379000   464.82117      1366.6593      1831.4805      261.98335      305.86116      0.21815652   
    380000   469.92234      1354.4508      1824.3731      234.78779      303.12887      0.22060458   
    381000   477.32366      1299.9134      1777.237       198.08528      290.92328      0.22367341   
    382000   470.83486      1312.1227      1782.9576      213.12852      293.65576      0.22910223   
    383000   479.92534      1304.7591      1784.6844      245.21718      292.00776      0.23856131   
    384000   463.84725      1328.8616      1792.7089      233.13442      297.40196      0.24419398   
    385000   445.54178      1335.0142      1780.556       229.34879      298.77892      0.23752256   
    386000   451.83276      1294.6619      1746.4946      260.52628      289.74798      0.2226075    
    387000   467.99708      1351.953       1819.9501      172.01886      302.56985      0.21684133   
    388000   500.87248      1385.2485      1886.121       81.183325      310.02146      0.21741974   
    389000   505.591        1362.2301      1867.8211      35.638739      304.86988      0.22035133   
    390000   470.67177      1354.6521      1825.3239      51.270116      303.17393      0.22205364   
    391000   465.72444      1366.7901      1832.5145      105.6404       305.89042      0.22698315   
    392000   480.94084      1370.0043      1850.9452      205.25671      306.60978      0.23753691   
    393000   473.75671      1360.4209      1834.1776      347.64734      304.46499      0.23799132   
    394000   464.92708      1356.4814      1821.4085      361.87802      303.58332      0.23354511   
    395000   475.75523      1335.0749      1810.8302      361.30849      298.79251      0.23034232   
    396000   496.9292       1294.0971      1791.0263      307.27474      289.62159      0.22636713   
    397000   475.06981      1347.8652      1822.935       269.52163      301.65499      0.22650576   
    398000   511.57315      1370.1299      1881.703       135.38014      306.63788      0.22569136   
    399000   505.26356      1320.0647      1825.3282      228.97718      295.43318      0.22685478   
    400000   469.77335      1351.526       1821.2994      264.65775      302.4743       0.22667972   
    401000   473.34318      1330.6059      1803.9491      325.00941      297.79233      0.22536984   
    402000   496.46693      1290.8293      1787.2963      230.73508      288.89025      0.2210339    
    403000   443.19054      1306.3192      1749.5097      230.93186      292.35691      0.22127631   
    404000   497.70283      1333.6098      1831.3127      231.32056      298.46462      0.22502474   
    405000   465.71792      1344.7949      1810.5128      161.28614      300.96785      0.22410097   
    406000   457.9022       1334.8817      1792.7839      46.151228      298.74926      0.22130924   
    407000   510.06164      1316.9519      1827.0135      74.267255      294.73653      0.21975992   
    408000   465.27972      1328.7462      1794.0259      125.78265      297.37612      0.21965577   
    409000   479.18341      1335.3662      1814.5496      128.0155       298.8577       0.22542244   
    410000   475.42771      1311.0869      1786.5146      133.72642      293.42393      0.23164953   
    411000   489.81444      1328.3779      1818.1923      89.208665      297.2937       0.23082901   
    412000   486.84559      1374.2258      1861.0714      56.015489      307.55456      0.22551126   
    413000   515.05643      1334.4558      1849.5123      105.9588       298.65396      0.2225485    
    414000   490.5844       1360.3694      1850.9538      200.69907      304.45346      0.22285764   
    415000   486.53332      1357.7174      1844.2507      338.44728      303.85994      0.22576113   
    416000   511.16988      1377.2937      1888.4636      431.90387      308.24116      0.22477082   
    417000   508.54131      1382.1433      1890.6847      354.19025      309.32652      0.21839854   
    418000   523.4726       1301.2295      1824.7021      315.44587      291.21783      0.21258806   
    419000   490.06066      1345.234       1835.2947      282.07785      301.06613      0.2123893    
    420000   492.52078      1361.4901      1854.0109      254.31408      304.70428      0.2178851    
    421000   509.66433      1407.4771      1917.1415      176.07816      314.99627      0.22421653   
    422000   485.64243      1389.5214      1875.1638      228.70271      310.97773      0.22677554   
    423000   493.33286      1348.4394      1841.7722      193.15027      301.7835       0.22504696   
    424000   500.09301      1339.6824      1839.7754      190.24185      299.82367      0.22269222   
    425000   489.03395      1374.2335      1863.2675      210.27045      307.55629      0.21978395   
    426000   486.21423      1395.1643      1881.3785      261.51915      312.24063      0.21620178   
    427000   497.57176      1412.5965      1910.1683      211.05761      316.142        0.21000788   
    428000   518.02464      1351.0701      1869.0948      183.34369      302.37227      0.20563981   
    429000   518.94495      1336.1322      1855.0771      175.3431       299.02913      0.20650858   
    430000   485.93217      1386.5986      1872.5308      146.85399      310.32361      0.21497161   
    431000   518.11549      1315.2518      1833.3672      127.70809      294.35604      0.22356432   
    432000   464.58853      1312.8244      1777.4129      184.46514      293.8128       0.22672027   
    433000   499.96255      1317.16        1817.1226      191.45135      294.78312      0.22667276   
    434000   479.97708      1334.9766      1814.9537      192.93941      298.77051      0.22689869   
    435000   475.67113      1336.5345      1812.2057      239.28433      299.11917      0.2305948    
    436000   490.07484      1383.1904      1873.2652      190.52048      309.56084      0.2356196    
    437000   486.35453      1356.5527      1842.9072      163.05377      303.59928      0.23642553   
    438000   472.16062      1343.065       1815.2256      113.5255       300.5807       0.23388326   
    439000   492.27276      1361.1979      1853.4707      168.11063      304.63889      0.23370644   
    440000   474.98804      1351.5401      1826.5281      187.66039      302.47744      0.22594544   
    441000   504.85828      1347.8664      1852.7247      152.37071      301.65526      0.21807453   
    442000   493.06354      1359.1018      1852.1654      148.88215      304.16978      0.21810324   
    443000   490.50586      1342.7164      1833.2223      199.28875      300.50269      0.22442682   
    444000   455.24122      1388.5163      1843.7575      298.32087      310.7528       0.23092703   
    445000   492.82517      1332.8296      1825.6548      277.1042       298.29001      0.23220204   
    446000   468.70209      1361.3991      1830.1012      324.78036      304.68391      0.23135021   
    447000   481.93453      1354.5261      1836.4606      263.81898      303.14571      0.22593809   
    448000   490.76994      1360.1094      1850.8793      242.2651       304.39527      0.22299562   
    449000   496.20367      1353.7301      1849.9338      125.57292      302.96757      0.22212213   
    450000   497.5299       1361.308       1858.8379      173.44483      304.66352      0.22666051   
    451000   481.26104      1407.6713      1888.9323      198.8442       315.03973      0.2362884    
    452000   452.36348      1408.6872      1861.0506      284.28974      315.26708      0.24231775   
    453000   481.4602       1363.9531      1845.4133      203.17633      305.25549      0.23802694   
    454000   513.15624      1323.2559      1836.4121      186.23504      296.14738      0.23551155   
    455000   478.63086      1362.8584      1841.4892      190.0174       305.0105       0.23334199   
    456000   483.82814      1350.0468      1833.8749      161.27474      302.14324      0.22758812   
    457000   487.30328      1419.9177      1907.2209      237.50754      317.78049      0.22122186   
    458000   496.19351      1347.3161      1843.5096      155.88612      301.53211      0.21670765   
    459000   506.4895       1309.9499      1816.4394      151.58925      293.16947      0.21649512   
    460000   466.60248      1312.7136      1779.316       204.69517      293.78799      0.21819643   
    461000   496.91018      1317.5395      1814.4497      218.11585      294.86805      0.21859551   
    462000   454.82911      1338.4718      1793.3009      253.81207      299.55273      0.22083567   
    463000   484.13333      1312.8787      1797.012       375.85912      293.82494      0.22443448   
    464000   486.59213      1296.2851      1782.8773      355.59838      290.11128      0.22577229   
    465000   467.24668      1293.7797      1761.0264      361.41318      289.55055      0.2279706    
    466000   480.61984      1306.0611      1786.6809      290.9236       292.29915      0.22856146   
    467000   476.89451      1325.8653      1802.7598      152.31623      296.73138      0.22346787   
    468000   459.35775      1292.6347      1751.9925     -9.3136365      289.29431      0.21334786   
    469000   500.28281      1289.157       1789.4398      9.2798419      288.51597      0.21394456   
    470000   498.19417      1320.3509      1818.5451      14.377863      295.49725      0.219452     
    471000   502.93633      1324.3394      1827.2757      74.78561       296.38988      0.22572543   
    472000   483.75937      1301.926       1785.6853      205.93741      291.37371      0.23050805   
    473000   482.05893      1322.2912      1804.3502      290.25674      295.93149      0.23044001   
    474000   471.52592      1311.1679      1782.6939      271.10747      293.44208      0.22705098   
    475000   449.99873      1341.6867      1791.6854      212.95688      300.27224      0.22563159   
    476000   446.322        1319.4393      1765.7613      161.40277      295.29323      0.22693561   
    477000   504.75503      1324.9695      1829.7245      150.66799      296.53089      0.23088099   
    478000   494.64024      1324.9896      1819.6299      172.88639      296.53539      0.23391444   
    479000   498.08598      1395.6233      1893.7093      114.49184      312.34337      0.23191368   
    480000   467.19592      1405.5551      1872.751       135.10335      314.56612      0.22542823   
    481000   509.26168      1333.342       1842.6036      97.635629      298.40467      0.22175898   
    482000   502.63822      1333.7094      1836.3476      204.23407      298.4869       0.22197152   
    483000   507.38927      1331.5352      1838.9245      146.84743      298.00032      0.21976353   
    484000   503.42266      1348.2102      1851.6328      170.73806      301.7322       0.22084921   
    485000   495.40481      1362.6776      1858.0824      270.29358      304.97004      0.22305837   
    486000   503.03564      1333.4059      1836.4415      229.30657      298.41898      0.22304361   
    487000   475.16349      1335.8033      1810.9668      219.63442      298.95553      0.22461659   
    488000   489.20256      1316.3091      1805.5117      208.74732      294.59268      0.2248697    
    489000   485.71959      1318.6879      1804.4075      149.38483      295.12506      0.22165534   
    490000   502.64842      1326.7996      1829.448       181.74039      296.94048      0.21769981   
    491000   488.77573      1344.3779      1833.1536      160.86162      300.87452      0.21280531   
    492000   521.50076      1317.9109      1839.4117      125.76757      294.95116      0.20670414   
    493000   515.12384      1327.6293      1842.7531      129.85754      297.12616      0.20763512   
    494000   503.12685      1304.1815      1807.3083      153.14524      291.87849      0.21609407   
    495000   493.09132      1317.5089      1810.6002      141.63632      294.8612       0.22568754   
    496000   471.77424      1314.5354      1786.3097      105.04213      294.19572      0.22859234   
    497000   464.27168      1336.1678      1800.4395      84.618667      299.03709      0.22926585   
    498000   503.466        1308.8041      1812.2701      176.87614      292.91305      0.22991728   
    499000   472.72101      1299.1822      1771.9032      284.06015      290.75964      0.22569481   
    500000   528.26123      1301.2451      1829.5064      340.87065      291.22133      0.21851729   
    501000   531.87337      1316.8842      1848.7575      327.85917      294.72138      0.21469802   
    502000   478.38763      1317.247       1795.6346      310.54867      294.80258      0.21790404   
    503000   464.97095      1332.7105      1797.6815      330.23487      298.26335      0.22426619   
    504000   462.30514      1295.4623      1757.7675      248.25927      289.92713      0.22448149   
    505000   484.94412      1313.0982      1798.0424      194.03063      293.87408      0.22391127   
    506000   500.8957       1317.8965      1818.7922      133.47797      294.94795      0.22445916   
    507000   465.27241      1347.6922      1812.9646      141.99996      301.61627      0.22655193   
    508000   467.40444      1339.8061      1807.2105      19.021523      299.85135      0.22669318   
    509000   494.04827      1378.8542      1872.9025      67.553278      308.5904       0.22895137   
    510000   485.76978      1348.1089      1833.8787      99.619722      301.70955      0.224179     
    511000   505.6065       1337.6483      1843.2548      86.229817      299.36843      0.21891254   
    512000   483.10651      1349.1749      1832.2814      135.13507      301.94811      0.22012354   
    513000   479.48088      1358.3537      1837.8346      156.68029      304.00235      0.22532466   
    514000   468.45546      1362.9967      1831.4522      194.40788      305.04146      0.23017985   
    515000   507.04695      1342.455       1849.5019      250.70491      300.44418      0.23381376   
    516000   469.37688      1368.2513      1837.6282      289.23734      306.21744      0.23385944   
    517000   462.41005      1355.395       1817.805       236.79828      303.34018      0.22904141   
    518000   498.90601      1355.6541      1854.5602      159.56453      303.39818      0.22526807   
    519000   507.58931      1330.3949      1837.9842      152.69416      297.74511      0.22127003   
    520000   489.08055      1372.3073      1861.3878      210.04387      307.12519      0.21595564   
    521000   504.3677       1408.4582      1912.8259      205.69748      315.21584      0.21102355   
    522000   506.72698      1383.3351      1890.0621      138.33012      309.59324      0.21382555   
    523000   484.34966      1322.7734      1807.123       81.460894      296.0394       0.23048133   
    524000   481.5147       1332.6857      1814.2004      104.2486       298.25779      0.23500049   
    525000   452.90089      1328.6161      1781.517       134.97416      297.34701      0.22714644   
    526000   492.35563      1330.2152      1822.5708      158.05024      297.70489      0.21983192   
    527000   492.28356      1339.8861      1832.1696      205.16325      299.86925      0.21724951   
    528000   495.25585      1306.096       1801.3518      147.31016      292.30696      0.21602502   
    529000   490.45413      1347.6739      1838.128       188.45027      301.61219      0.22003316   
    530000   461.4895       1326.9726      1788.4621      193.36972      296.97919      0.22447821   
    531000   445.41265      1326.6227      1772.0353      184.61533      296.90088      0.22908587   
    532000   472.31477      1317.3088      1789.6236      257.62907      294.81642      0.23356935   
    533000   479.26769      1355.8205      1835.0882      377.14381      303.43541      0.23290549   
    534000   485.35911      1370.3784      1855.7376      405.55939      306.69351      0.22679943   
    535000   488.82803      1348.7886      1837.6166      355.26901      301.86165      0.22430162   
    536000   474.27406      1349.9985      1824.2726      243.25325      302.13244      0.22482804   
    537000   511.17691      1387.6615      1898.8384      156.04858      310.56149      0.22674212   
    538000   496.33411      1370.6706      1867.0048      22.83331       306.7589       0.22424414   
    539000   510.31134      1323.376       1833.6873      38.132702      296.17426      0.22315463   
    540000   483.13861      1336.2111      1819.3497      102.11823      299.04678      0.22546632   
    541000   496.81399      1345.8176      1842.6316      127.75519      301.19674      0.23256574   
    542000   439.79066      1287.3342      1727.1248      183.30187      288.10803      0.24364648   
    543000   445.96387      1310.6987      1756.6626      212.56616      293.33707      0.24911782   
    544000   470.12181      1317.3187      1787.4405      313.25928      294.81863      0.2470017    
    545000   458.9107       1355.0463      1813.957       270.09528      303.26215      0.23654038   
    546000   487.56737      1343.0178      1830.5852      258.62758      300.57014      0.2302901    
    547000   524.46366      1358.0167      1882.4804      192.02014      303.92693      0.22710029   
    548000   493.67341      1345.0557      1838.7291      74.146994      301.02623      0.22435819   
    549000   496.41806      1361.4919      1857.91        87.813742      304.70468      0.22324997   
    550000   490.75232      1347.6929      1838.4452      129.177        301.61643      0.22470813   
    551000   480.96618      1349.6967      1830.6628      201.36657      302.06488      0.2292952    
    552000   496.37318      1326.2689      1822.6421      287.94747      296.8217       0.23371533   
    553000   465.7315       1335.9159      1801.6474      312.18104      298.98071      0.23404143   
    554000   453.98016      1351.0028      1804.9829      244.39328      302.35719      0.23585986   
    555000   469.14673      1348.6543      1817.801       208.22665      301.8316       0.23720957   
    556000   489.14175      1331.0137      1820.1555      102.3441       297.8836       0.22936032   
    557000   480.21574      1274.4168      1754.6325      71.02974       285.21709      0.22304049   
    558000   489.37161      1309.301       1798.6726      62.981985      293.02425      0.22027019   
    559000   501.81786      1311.1988      1813.0167      148.48315      293.44898      0.22168971   
    560000   488.5961       1353.0555      1841.6516      214.98921      302.81659      0.2236155    
    561000   491.07969      1359.7437      1850.8234      210.30225      304.31343      0.22614717   
    562000   507.43337      1341.8549      1849.2882      268.73529      300.30988      0.23467771   
    563000   464.1652       1364.4398      1828.605       256.73317      305.36442      0.24048185   
    564000   498.14681      1355.9122      1854.059       283.96991      303.45593      0.23714475   
    565000   501.7345       1330.474       1832.2085      244.37589      297.7628       0.2250018    
    566000   482.9569       1329.8378      1812.7947      259.96472      297.62043      0.2215666    
    567000   484.28089      1296.3547      1780.6356      229.32166      290.12684      0.22111095   
    568000   490.61045      1320.4539      1811.0644      182.42838      295.5203       0.22049767   
    569000   502.81839      1335.7728      1838.5912      126.25041      298.94869      0.22082089   
    570000   486.58241      1366.6547      1853.2371      117.02992      305.86013      0.2246132    
    571000   503.55444      1411.8081      1915.3625      63.761945      315.96555      0.22706911   
    572000   513.79937      1364.9904      1878.7898      85.749539      305.48765      0.22741191   
    573000   491.51846      1366.3316      1857.8501      276.40043      305.78782      0.23046947   
    574000   456.54654      1403.3632      1859.9097      378.82718      314.07556      0.23138092   
    575000   487.61429      1369.1245      1856.7388      572.41769      306.41287      0.23443392   
    576000   482.87669      1360.3001      1843.1768      554.81113      304.43795      0.23521803   
    577000   490.58985      1343.2253      1833.8152      289.76175      300.61659      0.23295841   
    578000   448.51696      1370.3558      1818.8728      236.45234      306.68845      0.23584107   
    579000   466.82187      1347.4355      1814.2574      59.872495      301.55883      0.23393906   
    580000   489.7628       1290.6671      1780.4299      26.273265      288.85394      0.22992015   
    581000   503.82479      1326.4601      1830.2849      91.713346      296.86449      0.22560047   
    582000   489.43738      1362.1608      1851.5982      113.06876      304.85439      0.21906699   
    583000   499.14321      1342.2538      1841.397       229.51706      300.39915      0.21774874   
    584000   510.55088      1320.9074      1831.4583      255.23317      295.62178      0.21832727   
    585000   526.21625      1340.7863      1867.0026      287.86957      300.07073      0.21798927   
    586000   486.37328      1360.1777      1846.551       242.06749      304.41057      0.21460314   
    587000   489.37087      1339.252       1828.6229      182.28638      299.72735      0.21100756   
    588000   519.21262      1337.5495      1856.7621      171.12826      299.34632      0.21294293   
    589000   474.36655      1324.479       1798.8456      160.55107      296.42112      0.22081712   
    590000   476.54612      1293.843       1770.3891      257.80795      289.56472      0.22819951   
    591000   447.93373      1279.0826      1727.0164      326.31505      286.26132      0.23157861   
    592000   482.79746      1333.7553      1816.5528      351.08786      298.49718      0.23157949   
    593000   485.75264      1320.9833      1806.7359      338.06241      295.63877      0.22760814   
    594000   501.18311      1344.9329      1846.1161      261.63511      300.99875      0.22196149   
    595000   507.89625      1331.689       1839.5852      254.11157      298.03473      0.21865055   
    596000   478.92053      1336.5745      1815.4951      253.48104      299.12812      0.21459316   
    597000   490.95552      1319.5686      1810.5241      241.83643      295.32215      0.21374505   
    598000   473.44713      1329.5075      1802.9546      192.9893       297.54651      0.21879715   
    599000   514.57345      1282.8899      1797.4633      158.46379      287.11339      0.22868996   
    600000   462.54814      1338.084       1800.6322      98.271206      299.46596      0.23655158   
    601000   494.32114      1313.7835      1808.1046      71.280538      294.02745      0.23774204   
    602000   480.77577      1308.7672      1789.543       95.474858      292.9048       0.23071188   
    603000   484.85908      1327.8097      1812.6688      91.05068       297.16655      0.22141464   
    604000   521.97523      1313.5233      1835.4985      59.701023      293.9692       0.21412106   
    605000   511.10682      1304.2016      1815.3084      73.458103      291.883        0.2124516    
    606000   534.29394      1305.0657      1839.3597      179.41399      292.07639      0.21561304   
    607000   520.51752      1290.3133      1810.8308      285.72271      288.77476      0.22155375   
    608000   519.08856      1298.6394      1817.728       427.25978      290.63817      0.22725363   
    609000   517.00577      1314.4384      1831.4442      308.24594      294.17401      0.22602434   
    610000   470.38643      1328.303       1798.6895      284.59495      297.27695      0.22169653   
    611000   533.98618      1357.93        1891.9161      205.56565      303.90751      0.21613525   
    612000   527.38508      1347.4593      1874.8444      107.75059      301.56415      0.21283386   
    613000   528.81551      1372.7394      1901.5549      149.60564      307.22188      0.21293622   
    614000   490.68915      1383.8822      1874.5713      227.90724      309.71567      0.213518     
    615000   509.32773      1344.0712      1853.3989      237.90662      300.80589      0.21729971   
    616000   520.9278       1342.9734      1863.9012      259.16273      300.5602       0.22179942   
    617000   463.11665      1372.2998      1835.4164      255.80444      307.12351      0.22570913   
    618000   503.55786      1374.2005      1877.7584      304.01336      307.5489       0.22888882   
    619000   460.40873      1374.3378      1834.7465      248.16498      307.57961      0.22968447   
    620000   506.55371      1324.4806      1831.0343      142.23263      296.42147      0.22766991   
    621000   520.05904      1360.5434      1880.6024      41.413653      304.4924       0.22514827   
    622000   480.96496      1330.6542      1811.6192      4.1833285      297.80314      0.22315922   
    623000   489.38604      1326.4459      1815.8319      44.460106      296.8613       0.22073853   
    624000   474.34696      1368.3514      1842.6984      93.457906      306.23986      0.21962184   
    625000   506.93777      1335.9237      1842.8615      235.2124       298.98247      0.22416708   
    626000   475.29671      1312.5119      1787.8086      384.64887      293.74285      0.23345188   
    627000   461.27473      1330.6496      1791.9244      446.37053      297.80212      0.23557676   
    628000   481.30525      1293.3904      1774.6957      330.76611      289.46343      0.22985487   
    629000   485.36523      1281.099       1766.4643      240.07126      286.7126       0.22659576   
    630000   465.02164      1341.0832      1806.1048      163.17285      300.13717      0.22618631   
    631000   481.53711      1333.097       1814.6341      134.56625      298.34984      0.23030839   
    632000   494.29487      1346.2639      1840.5588      112.03865      301.29663      0.23299433   
    633000   485.02586      1338.321       1823.3469      128.17536      299.51899      0.23130702   
    634000   466.62976      1350.3909      1817.0206      215.60914      302.22025      0.22931189   
    635000   489.22488      1390.8866      1880.1115      321.72038      311.28328      0.22551093   
    636000   496.22522      1354.4872      1850.7124      310.24015      303.13702      0.21396092   
    637000   484.35873      1322.4038      1806.7626      337.24557      295.95669      0.21006671   
    638000   512.88779      1328.8311      1841.7189      327.47927      297.39514      0.21266786   
    639000   505.82339      1311.4557      1817.2791      294.82127      293.50648      0.21883481   
    640000   493.7902       1297.4393      1791.2295      217.98578      290.36958      0.22036365   
    641000   514.77482      1288.8517      1803.6266      126.28911      288.44766      0.22040533   
    642000   509.00434      1300.269       1809.2733      11.951729      291.00287      0.21958322   
    643000   492.52511      1316.3131      1808.8382      58.520316      294.59358      0.22135333   
    644000   495.69343      1315.2356      1810.929       162.49871      294.35242      0.22005252   
    645000   519.15642      1348.5038      1867.6602      193.05471      301.79791      0.2119586    
    646000   504.06478      1369.1099      1873.1747      225.1812       306.40962      0.20493628   
    647000   511.69639      1359.6956      1871.392       229.46789      304.30267      0.20395827   
    648000   515.65617      1366.2452      1881.9014      216.94445      305.76848      0.21292275   
    649000   515.84675      1360.4837      1876.3305      153.80932      304.47904      0.22314341   
    650000   499.73708      1378.9811      1878.7182      115.21301      308.6188       0.22627147   
    651000   521.54669      1393.0124      1914.5591      133.63978      311.75903      0.22703495   
    652000   500.70941      1367.1013      1867.8108      142.35319      305.96009      0.22784969   
    653000   507.99525      1370.0515      1878.0468      243.47887      306.62034      0.22942732   
    654000   505.0062       1355.5644      1860.5706      227.173        303.37809      0.22717724   
    655000   514.74575      1344.7726      1859.5184      250.15765      300.96287      0.21984665   
    656000   526.47962      1355.3498      1881.8294      174.91494      303.33007      0.21033568   
    657000   542.3678       1406.4445      1948.8123      72.343074      314.76516      0.20902162   
    658000   532.02439      1377.6147      1909.6391      98.312289      308.31301      0.21578873   
    659000   486.15442      1386.9732      1873.1276      187.43227      310.40745      0.22113062   
    660000   502.48866      1365.4493      1867.9379      223.57357      305.59035      0.22270581   
    661000   525.70506      1354.3513      1880.0563      258.49647      303.10659      0.22303033   
    662000   523.20139      1345.8067      1869.0081      271.25916      301.1943       0.21979611   
    663000   508.14811      1351.8067      1859.9548      265.59634      302.53711      0.21895239   
    664000   506.27778      1328.7392      1835.0169      246.97551      297.37455      0.22305056   
    665000   479.36334      1342.1533      1821.5167      376.59791      300.37667      0.2311342    
    666000   483.74391      1335.0719      1818.8158      311.52048      298.79183      0.23318998   
    667000   492.24227      1330.6741      1822.9164      315.81355      297.8076       0.22903734   
    668000   535.67096      1358.6523      1894.3233      179.09851      304.06918      0.21738203   
    669000   531.89553      1330.5611      1862.4566      90.641652      297.7823       0.20986305   
    670000   537.87719      1358.9909      1896.8681      91.844648      304.14495      0.21082813   
    671000   527.02827      1347.9029      1874.9312      61.958708      301.66344      0.21428883   
    672000   514.79885      1376.29        1891.0889      110.99717      308.01653      0.22005556   
    673000   462.53015      1380.0688      1842.599       177.07891      308.86223      0.22521779   
    674000   473.03738      1387.6548      1860.6922      303.44439      310.56         0.23195543   
    675000   472.13352      1391.1999      1863.3334      374.49708      311.35339      0.23651711   
    676000   484.788        1396.6616      1881.4496      387.93969      312.57574      0.23618413   
    677000   488.58489      1342.5731      1831.1579      292.01496      300.47061      0.2305713    
    678000   486.91454      1365.0082      1851.9227      139.99419      305.49164      0.22940252   
    679000   483.54124      1355.1249      1838.6661      31.72632       303.27974      0.22928423   
    680000   522.88523      1333.3         1856.1853     -116.79833      298.39528      0.22372643   
    681000   523.65956      1372.011       1895.6706     -52.128619      307.05888      0.21498153   
    682000   491.97525      1365.0564      1857.0316      79.893556      305.50242      0.20204322   
    683000   539.62619      1314.7785      1854.4046      232.44175      294.25012      0.20242005   
    684000   522.37954      1312.2549      1834.6345      363.94814      293.68535      0.21206688   
    685000   471.25052      1335.4548      1806.7053      426.59474      298.87753      0.21832022   
    686000   481.74997      1326.9925      1808.7424      308.65704      296.98364      0.22149476   
    687000   465.39428      1335.9833      1801.3776      203.94962      298.9958       0.22527831   
    688000   482.44341      1338.0005      1820.4439      166.40725      299.44726      0.22525843   
    689000   494.19272      1309.2936      1803.4863      112.40627      293.0226       0.22051885   
    690000   482.80116      1317.3923      1800.1935      194.36354      294.8351       0.21535578   
    691000   489.47414      1380.3735      1869.8476      152.7206       308.93042      0.21037632   
    692000   536.29761      1345.7116      1882.0092      176.61968      301.17302      0.21236433   
    693000   485.79637      1367.9534      1853.7498      236.8436       306.15078      0.22275609   
    694000   508.54718      1373.5914      1882.1386      214.02105      307.41258      0.23014623   
    695000   493.03766      1399.0033      1892.041       195.12234      313.09982      0.22987118   
    696000   492.13129      1401.6719      1893.8032      107.441        313.69704      0.22656791   
    697000   506.33345      1353.5533      1859.8867      93.140949      302.928        0.22606867   
    698000   470.52043      1357.3072      1827.8276      124.98984      303.76814      0.22682527   
    699000   512.07634      1345.8498      1857.9261      150.63283      301.20394      0.22884652   
    700000   515.06685      1316.8789      1831.9458      269.46862      294.72021      0.22970749   
    701000   504.76342      1323.2986      1828.062       342.81341      296.15693      0.22633253   
    702000   470.68453      1312.6903      1783.3749      423.66114      293.78279      0.22221262   
    703000   507.4663       1341.0298      1848.4961      405.91838      300.12523      0.22130896   
    704000   503.9275       1336.9605      1840.888       298.09633      299.2145       0.2247001    
    705000   459.25271      1351.0479      1810.3006      214.31307      302.36729      0.23146877   
    706000   455.68978      1336.6191      1792.3089      134.74491      299.13809      0.23979918   
    707000   465.4572       1350.8412      1816.2984      211.03711      302.32103      0.24269136   
    708000   460.82774      1340.2077      1801.0354      231.42159      299.94123      0.23757615   
    709000   479.79332      1273.0745      1752.8678      254.05366      284.91669      0.23147538   
    710000   496.30956      1340.2608      1836.5704      168.70605      299.95313      0.22933857   
    711000   481.20969      1332.3066      1813.5163      134.44192      298.17296      0.22792924   
    712000   480.94218      1324.4002      1805.3424      82.473649      296.40349      0.22900111   
    713000   514.62462      1304.3887      1819.0133      148.16         291.92487      0.23431904   
    714000   514.74109      1338.0175      1852.7586      200.92553      299.45107      0.23918208   
    715000   482.63539      1343.461       1826.0964      225.31546      300.66934      0.24012182   
    716000   497.28406      1315.9303      1813.2144      265.58249      294.50791      0.24171623   
    717000   479.44623      1337.1691      1816.6153      182.86161      299.26118      0.24306434   
    718000   471.56749      1345.88        1817.4475      207.17228      301.21071      0.24459724   
    719000   458.68642      1379.0909      1837.7773      201.6212       308.64338      0.24429607   
    720000   482.2793       1346.0974      1828.3767      101.42483      301.25935      0.23616122   
    721000   503.96787      1331.3287      1835.2966      11.257271      297.95411      0.22761526   
    722000   492.98142      1351.5782      1844.5597      7.5332441      302.48598      0.22561183   
    723000   514.33328      1387.4393      1901.7726      64.094295      310.51176      0.22698863   
    724000   500.84928      1365.5633      1866.4126      146.46395      305.61587      0.22837075   
    725000   496.43539      1376.9358      1873.3711      241.374        308.16105      0.23302548   
    726000   491.91653      1367.7204      1859.6369      405.06021      306.09863      0.24023822   
    727000   478.44651      1364.2713      1842.7178      456.44372      305.32671      0.24268469   
    728000   483.53685      1346.573       1830.1099      353.63019      301.36581      0.23519806   
    729000   506.87561      1367.5149      1874.3905      280.38369      306.05264      0.22510998   
    730000   486.31055      1354.1513      1840.4619      172.70014      303.06185      0.21980864   
    731000   510.67865      1362.1523      1872.831       79.745454      304.85248      0.221372     
    732000   520.83753      1342.0501      1862.8877      89.227017      300.35358      0.22745799   
    733000   493.42448      1346.8459      1840.2703      103.19459      301.42687      0.23717915   
    734000   477.89666      1340.4446      1818.3412      225.11738      299.99424      0.24323347   
    735000   475.55286      1320.8258      1796.3787      199.18893      295.60352      0.24326555   
    736000   479.12338      1310.2632      1789.3866      200.86462      293.2396       0.24350391   
    737000   478.11093      1332.9902      1811.1011      191.5159       298.32594      0.24164061   
    738000   470.8616       1331.511       1802.3726      263.31338      297.9949       0.23896146   
    739000   492.52489      1293.6317      1786.1566      221.45654      289.51744      0.23273322   
    740000   518.67017      1328.7085      1847.3786      266.31893      297.36768      0.23195275   
    741000   500.15436      1338.9708      1839.1252      246.59838      299.66442      0.23365423   
    742000   460.10302      1377.5586      1837.6616      220.8234       308.30045      0.23847214   
    743000   464.55962      1378.6179      1843.1776      284.11509      308.53753      0.24492279   
    744000   477.11698      1336.2926      1813.4095      247.32565      299.06502      0.24642386   
    745000   473.73517      1368.8186      1842.5538      283.62563      306.34441      0.24903381   
    746000   471.48455      1351.573       1823.0575      171.71043      302.48481      0.24685187   
    747000   514.06042      1310.907       1824.9674      70.158751      293.38368      0.23454915   
    748000   527.90122      1288.0478      1815.949      -46.836523      288.26774      0.22400269   
    749000   485.29857      1335.3829      1820.6815     -17.871978      298.86143      0.22185013   
    750000   502.90094      1304.4336      1807.3346      36.081297      291.93492      0.22355551   
    751000   498.08403      1294.5955      1792.6795      83.058459      289.73312      0.22814228   
    752000   485.05427      1278.0745      1763.1288      202.47211      286.0357       0.23457956   
    753000   496.25718      1302.559       1798.8162      215.25641      291.51538      0.2384063    
    754000   478.02095      1327.9928      1806.0138      276.86843      297.20752      0.23650842   
    755000   484.29615      1351.2938      1835.5899      223.58803      302.42232      0.23052293   
    756000   502.1679       1381.729       1883.8969      311.38531      309.2338       0.23216681   
    757000   504.64079      1368.7638      1873.4046      286.92441      306.33215      0.23731188   
    758000   464.08242      1380.1249      1844.2073      283.23831      308.87479      0.24067867   
    759000   477.65113      1352.9388      1830.59        190.79478      302.79049      0.24602707   
    760000   450.5849       1381.6578      1832.2427      215.99241      309.21784      0.24586626   
    761000   517.31081      1357.4999      1874.8107      152.15129      303.81126      0.23850032   
    762000   510.42943      1333.4676      1843.897       263.64176      298.43278      0.23007295   
    763000   509.31144      1326.5128      1835.8242      186.24868      296.87628      0.22042606   
    764000   480.00073      1316.92        1796.9207      78.483338      294.7294       0.2177779    
    765000   489.08389      1328.7303      1817.8142      78.015005      297.37257      0.22360088   
    766000   521.81936      1314.6728      1836.4922      34.83174       294.22647      0.23089729   
    767000   496.22257      1325.0928      1821.3153      20.724216      296.55848      0.23289149   
    768000   476.60733      1323.0176      1799.6249      38.696946      296.09405      0.22931117   
    769000   491.43627      1274.6326      1766.0689      123.06077      285.26539      0.225474     
    770000   490.64901      1304.0183      1794.6673      206.58976      291.84198      0.22143005   
    771000   526.68486      1301.3125      1827.9974      246.45237      291.23641      0.21921254   
    772000   500.51283      1335.6285      1836.1413      315.47478      298.9164       0.22164208   
    773000   464.01985      1339.4478      1803.4677      344.62363      299.77117      0.22894818   
    774000   455.93379      1354.888       1810.8218      236.40068      303.22672      0.23557314   
    775000   471.08574      1344.9024      1815.9881      195.08371      300.99192      0.23779307   
    776000   475.05307      1305.9234      1780.9765      32.02175       292.26834      0.23324743   
    777000   502.29577      1304.5335      1806.8293      55.768925      291.95728      0.22953422   
    778000   521.65028      1339.5045      1861.1548      72.548936      299.78385      0.22463264   
    779000   514.07284      1360.7708      1874.8437      135.85927      304.54331      0.2215576    
    780000   513.69986      1358.2583      1871.9582      168.50276      303.98099      0.22481406   
    781000   491.7182       1354.7654      1846.4836      212.02196      303.19929      0.23702992   
    782000   497.65537      1341.7377      1839.3931      232.43681      300.28365      0.24670342   
    783000   457.213        1383.5427      1840.7557      348.64013      309.63969      0.25221665   
    784000   509.61047      1381.2479      1890.8584      416.8023       309.12612      0.2494093    
    785000   483.0726       1379.3811      1862.4537      340.97906      308.70832      0.23897073   
    786000   507.58245      1397.9214      1905.5039      275.08538      312.85769      0.23155103   
    787000   499.58736      1364.6778      1864.2652      162.93876      305.4177       0.22894758   
    788000   508.83131      1361.0953      1869.9266      97.147517      304.61592      0.23025681   
    789000   514.20465      1341.5071      1855.7117      54.756417      300.23203      0.23490857   
    790000   482.91319      1376.7232      1859.6364      94.427223      308.11348      0.24100521   
    791000   513.12038      1379.8028      1892.9231      216.9459       308.80269      0.24021951   
    792000   499.65824      1337.7         1837.3583      200.75424      299.38001      0.2327212    
    793000   492.22685      1347.3278      1839.5546      254.23571      301.53472      0.23270439   
    794000   468.90688      1367.9649      1836.8717      272.73624      306.15334      0.23482334   
    795000   468.01464      1355.1552      1823.1698      253.94175      303.28651      0.23657264   
    796000   486.03128      1315.3991      1801.4304      196.17196      294.38903      0.23664735   
    797000   486.64291      1333.4759      1820.1188      159.22179      298.43464      0.23901158   
    798000   488.08191      1332.3663      1820.4482      192.85085      298.18631      0.24367346   
    799000   501.13216      1318.9033      1820.0355      187.01354      295.17327      0.24432935   
    800000   491.71445      1368.2041      1859.9185      264.00879      306.20688      0.24499824   
    801000   492.29052      1356.0781      1848.3686      285.86157      303.49306      0.2393139    
    802000   478.47295      1367.1805      1845.6534      269.74317      305.9778       0.22632594   
    803000   495.16423      1345.9218      1841.086       278.39239      301.22006      0.22280239   
    804000   509.08518      1345.9268      1855.012       229.84557      301.22119      0.22470712   
    805000   497.27029      1343.2843      1840.5546      221.96963      300.62978      0.23168052   
    806000   493.04152      1364.2424      1857.2839      216.59766      305.32025      0.23916372   
    807000   481.27746      1348.1308      1829.4083      271.31176      301.71444      0.24171494   
    808000   474.22865      1370.017       1844.2457      353.7824       306.61262      0.24126097   
    809000   474.25809      1405.4738      1879.7319      388.41703      314.54793      0.23912048   
    810000   499.14336      1349.5662      1848.7095      348.85132      302.03568      0.23469385   
    811000   491.74475      1345.1525      1836.8973      281.23212      301.04789      0.23039002   
    812000   499.89769      1320.9377      1820.8354      180.9051       295.62856      0.22957341   
    813000   494.15798      1336.1387      1830.2967      131.48615      299.03058      0.23170012   
    814000   470.07092      1304.7212      1774.7921      66.32585       291.99928      0.23780615   
    815000   484.41739      1332.3721      1816.7894      151.34621      298.1876       0.24705203   
    816000   481.76727      1357.4379      1839.2051      240.39568      303.79738      0.24823132   
    817000   479.27859      1361.0159      1840.2945      217.20737      304.59816      0.24143648   
    818000   494.97933      1361.9541      1856.9334      257.0418       304.80812      0.23156264   
    819000   483.7106       1380.5755      1864.2861      236.45647      308.97563      0.22739426   
    820000   534.97716      1372.7537      1907.7309      174.0756       307.22509      0.22529864   
    821000   514.61581      1346.9483      1861.5641      152.55632      301.4498       0.2237937    
    822000   476.13928      1364.9208      1841.0601      109.69845      305.47207      0.225807     
    823000   502.51708      1378.4908      1881.0078      176.67696      308.50906      0.23107183   
    824000   503.39182      1346.9242      1850.316       292.17202      301.4444       0.23576442   
    825000   463.95886      1388.9675      1852.9264      371.20768      310.85378      0.23751896   
    826000   493.88735      1399.4358      1893.3232      493.00497      313.19661      0.23717876   
    827000   526.1443       1346.0903      1872.2346      426.93402      301.25776      0.230242     
    828000   508.68178      1355.3403      1864.0221      332.3913       303.32795      0.22625634   
    829000   511.14909      1393.2821      1904.4312      182.28163      311.8194       0.22776312   
    830000   491.8804       1336.3107      1828.1911      121.60538      299.06908      0.23331474   
    831000   522.28795      1301.7949      1824.0829      41.880408      291.34437      0.23717385   
    832000   459.98395      1310.508       1770.492       103.08807      293.29438      0.23476072   
    833000   469.73575      1309.4838      1779.2195      246.61869      293.06516      0.22847907   
    834000   501.23704      1317.8234      1819.0604      277.75076      294.93157      0.222205     
    835000   510.13093      1307.2859      1817.4168      351.64317      292.57326      0.22026689   
    836000   522.31607      1327.4885      1849.8046      338.96165      297.09465      0.22277847   
    837000   490.74335      1315.9478      1806.6911      247.58729      294.51182      0.23254158   
    838000   487.12596      1331.7144      1818.8403      224.16461      298.04041      0.24110807   
    839000   463.04074      1335.4918      1798.5326      164.11872      298.88581      0.24003935   
    840000   495.44267      1310.0216      1805.4643      117.46898      293.18553      0.23388122   
    841000   481.32198      1300.0116      1781.3336      108.09286      290.94527      0.22824912   
    842000   473.16639      1340.4569      1813.6233      227.19351      299.99702      0.22750071   
    843000   492.4205       1355.3294      1847.7499      247.63012      303.3255       0.22661714   
    844000   508.28225      1372.4805      1880.7627      226.65967      307.16394      0.23053604   
    845000   505.9538       1432.934       1938.8878      259.1844       320.69358      0.24228061   
    846000   458.46826      1361.5407      1820.009       134.26744      304.71561      0.24739849   
    847000   482.10677      1357.2547      1839.3614      173.49411      303.75638      0.24636687   
    848000   504.20019      1325.6419      1829.842       180.82978      296.68137      0.24014269   
    849000   501.6922       1326.8544      1828.5466      264.68988      296.95274      0.23398902   
    850000   524.50074      1380.006       1904.5067      316.78422      308.84816      0.22823822   
    851000   504.64474      1384.788       1889.4327      259.89751      309.91839      0.22420779   
    852000   485.75224      1379.4581      1865.2104      269.97815      308.72556      0.22144513   
    853000   470.77806      1373.003       1843.7811      273.2287       307.28089      0.22148114   
    854000   515.12996      1370.987       1886.117       260.02922      306.82972      0.22389958   
    855000   506.84172      1355.8323      1862.674       207.89508      303.43804      0.22517794   
    856000   500.93438      1357.8759      1858.8102      168.37918      303.8954       0.22770558   
    857000   499.36842      1329.1716      1828.5401      165.01982      297.47134      0.2299881    
    858000   492.30251      1296.804       1789.1065      194.29545      290.2274       0.23148895   
    859000   501.5255       1331.2343      1832.7598      235.1273       297.93298      0.23487347   
    860000   484.35378      1345.682       1830.0358      268.71758      301.16639      0.23462147   
    861000   483.74403      1333.9211      1817.6651      276.80205      298.53428      0.2335641    
    862000   471.38067      1304.5649      1775.9456      236.08887      291.96431      0.22826859   
    863000   500.46399      1298.4048      1798.8688      128.19209      290.58566      0.22295581   
    864000   489.24789      1327.0892      1816.3371      52.649777      297.00529      0.22121932   
    865000   472.33771      1291.5789      1763.9166      126.69425      289.05801      0.2281542    
    866000   458.52234      1341.1559      1799.6783      161.5946       300.15345      0.23712154   
    867000   473.48219      1337.4669      1810.9491      218.99926      299.32784      0.2411674    
    868000   487.58615      1306.0727      1793.6588      285.84671      292.30175      0.24044789   
    869000   462.96632      1355.8023      1818.7686      263.95737      303.43134      0.23734461   
    870000   493.13505      1309.562       1802.6971      174.66184      293.08267      0.2321546    
    871000   477.88427      1345.9692      1823.8535      195.97003      301.23068      0.22997349   
    872000   495.44738      1381.9582      1877.4056      175.12576      309.28509      0.22845533   
    873000   505.48147      1346.8645      1852.346       105.89361      301.43104      0.22779502   
    874000   499.86689      1365.4505      1865.3174      194.78051      305.59063      0.23345172   
    875000   520.33104      1375.4254      1895.7565      201.91221      307.82303      0.23774331   
    876000   510.21154      1421.1771      1931.3887      241.53026      318.06236      0.23509009   
    877000   527.73688      1360.2117      1887.9486      235.74955      304.41817      0.22536106   
    878000   532.32326      1329.2022      1861.5254      170.29216      297.47817      0.2186553    
    879000   514.65105      1358.511       1873.1621      237.50844      304.03756      0.21962352   
    880000   517.62074      1343.0154      1860.6362      183.59585      300.56961      0.21739952   
    881000   528.43701      1344.3459      1872.7829      217.41313      300.86736      0.21767032   
    882000   560.2108       1331.0706      1891.2814      135.61263      297.89633      0.21741278   
    883000   534.25175      1319.8938      1854.1456      114.25675      295.39495      0.21754011   
    884000   496.20511      1336.8729      1833.078       191.17219      299.19489      0.2217161    
    885000   518.89573      1315.81        1834.7058      271.93638      294.48099      0.22719202   
    886000   483.17436      1327.7774      1810.9518      239.05635      297.15931      0.23078465   
    887000   479.69936      1333.9765      1813.6759      318.49483      298.54669      0.23559725   
    888000   478.25458      1329.9426      1808.1972      320.36407      297.64389      0.23956614   
    889000   492.38768      1286.8385      1779.2262      286.44344      287.99711      0.23496054   
    890000   496.7159       1305.7925      1802.5084      319.02688      292.23905      0.2266188    
    891000   500.53507      1330.605       1831.1401      201.30749      297.79214      0.21818681   
    892000   518.86017      1295.5571      1814.4173      63.193318      289.94834      0.21637446   
    893000   498.04757      1284.6836      1782.7312      66.026314      287.51483      0.22207654   
    894000   490.4194       1312.5387      1802.9581      80.696627      293.74886      0.22837668   
    895000   504.91918      1303.2799      1808.1991      101.14208      291.67672      0.23288708   
    896000   472.2826       1342.0143      1814.2969      141.6015       300.34555      0.23751062   
    897000   513.31142      1327.3099      1840.6213      181.51858      297.05468      0.24286184   
    898000   499.15973      1351.4566      1850.6163      191.38048      302.45876      0.24188248   
    899000   494.49151      1383.4525      1877.944       166.76731      309.6195       0.23377046   
    900000   495.68386      1365.3591      1861.043       120.8472       305.57018      0.22521971   
    901000   513.19375      1353.867       1867.0607      188.6504       302.99821      0.22442716   
    902000   516.55682      1357.9396      1874.4964      196.72406      303.90966      0.22497367   
    903000   497.28855      1409.4083      1906.6969      245.77731      315.42848      0.22558192   
    904000   507.80716      1353.4536      1861.2608      161.66318      302.9057       0.22568461   
    905000   508.88796      1314.3386      1823.2266      178.6609       294.15169      0.22816558   
    906000   504.87525      1347.6293      1852.5046      197.62098      301.6022       0.23424574   
    907000   511.52435      1343.6039      1855.1282      248.85916      300.70131      0.23780773   
    908000   523.19967      1358.7096      1881.9093      246.66166      304.082        0.23598633   
    909000   479.41245      1359.4042      1838.8166      318.3198       304.23745      0.22875915   
    910000   519.49356      1363.7188      1883.2123      287.89075      305.20306      0.21674906   
    911000   562.37486      1341.4024      1903.7772      239.62432      300.2086       0.21394699   
    912000   527.89756      1386.5215      1914.419       234.11261      310.30635      0.21834063   
    913000   521.49053      1378.4401      1899.9306      262.91731      308.49771      0.22523447   
    914000   474.51865      1373.0875      1847.6062      204.25642      307.2998       0.23072861   
    915000   533.50988      1337.1314      1870.6412      182.87286      299.25274      0.23390963   
    916000   477.27632      1354.6188      1831.8951      264.11572      303.16647      0.23776265   
    917000   454.8397       1337.7501      1792.5898      307.01869      299.39123      0.23919717   
    918000   472.55264      1295.1656      1767.7182      321.04987      289.86071      0.23640776   
    919000   515.63696      1293.718       1809.355       281.63177      289.53674      0.23059819   
    920000   510.17132      1325.1151      1835.2865      196.32052      296.56349      0.21940438   
    921000   524.1087       1337.0277      1861.1364      97.058119      299.22955      0.21334255   
    922000   506.16838      1339.7946      1845.963       75.650344      299.84879      0.21821635   
    923000   527.78584      1351.6337      1879.4196      163.03843      302.49841      0.22337197   
    924000   519.83133      1398.4359      1918.2673      233.45517      312.97284      0.22664382   
    925000   509.64246      1380.824       1890.4665      300.94416      309.03125      0.22946768   
    926000   481.39116      1369.4165      1850.8076      274.38008      306.47822      0.23212268   
    927000   492.78481      1364.7521      1857.5369      247.87859      305.43432      0.23771118   
    928000   502.25922      1357.1333      1859.3925      222.93947      303.72922      0.24085415   
    929000   497.70906      1394.9213      1892.6303      166.59585      312.18624      0.24141547   
    930000   496.1951       1356.1114      1852.3065      116.40518      303.50052      0.23849229   
    931000   526.6963       1331.4253      1858.1216      130.47662      297.97572      0.23453843   
    932000   506.73121      1346.7905      1853.5217      103.48821      301.41448      0.22829024   
    933000   514.50983      1365.5679      1880.0777      263.68764      305.61689      0.22759282   
    934000   524.2347       1338.6761      1862.9107      260.70592      299.59845      0.23150999   
    935000   533.27664      1354.0275      1887.3041      287.26297      303.03414      0.23961245   
    936000   493.52651      1384.8054      1878.3319      275.29367      309.92228      0.24393056   
    937000   492.09819      1331.0665      1823.1647      331.3953       297.89542      0.24888951   
    938000   484.54578      1321.2626      1805.8083      218.80492      295.70127      0.24597407   
    939000   459.25448      1284.5996      1743.8541      278.25204      287.49603      0.23559979   
    940000   469.88072      1328.8398      1798.7205      261.63608      297.39706      0.22720053   
    941000   492.51185      1330.3107      1822.8226      213.06999      297.72627      0.22560569   
    942000   513.38008      1283.6368      1797.0169      124.45073      287.28056      0.22602617   
    943000   494.32455      1321.6688      1815.9934      142.88003      295.7922       0.23168036   
    944000   473.03029      1332.426       1805.4563      101.35733      298.19968      0.23539168   
    945000   502.30028      1310.3299      1812.6302      43.468201      293.25451      0.23882242   
    946000   471.70103      1337.1987      1808.8997      85.145515      299.26781      0.24237656   
    947000   471.93298      1322.0465      1793.9795      149.41802      295.87672      0.23986686   
    948000   491.75015      1305.6434      1797.3936      270.93065      292.20568      0.23308089   
    949000   509.25737      1282.8754      1792.1328      304.177        287.11014      0.22360789   
    950000   503.94542      1323.9146      1827.8601      381.10574      296.29482      0.21998321   
    951000   527.10664      1323.1279      1850.2346      303.59181      296.11875      0.22107975   
    952000   499.53648      1310.7651      1810.3015      231.18864      293.35191      0.22580286   
    953000   484.43805      1346.0158      1830.4539      84.061493      301.2411       0.23799314   
    954000   487.86045      1343.4626      1831.3231      20.365245      300.66969      0.24367928   
    955000   536.63081      1371.7323      1908.3631      117.60451      306.9965       0.24423665   
    956000   528.71827      1359.3781      1888.0964      204.53277      304.23161      0.23861028   
    957000   503.87863      1358.3912      1862.2698      287.73958      304.01073      0.23386163   
    958000   501.34954      1323.563       1824.9125      350.08214      296.21612      0.22953219   
    959000   533.89356      1318.889       1852.7825      368.30735      295.17006      0.22938944   
    960000   475.12229      1343.8677      1818.99        336.14248      300.76035      0.23198384   
    961000   489.54991      1338.6581      1828.208       213.38835      299.59442      0.2339041    
    962000   488.90003      1333.5114      1822.4114      60.66558       298.44258      0.23717124   
    963000   487.82462      1322.2832      1810.1078      33.745145      295.9297       0.23892688   
    964000   505.53103      1313.926       1819.457       98.24843       294.05933      0.23773362   
    965000   487.10685      1302.411       1789.5179      182.12812      291.48226      0.23688577   
    966000   458.83398      1297.3412      1756.1752      268.41879      290.34763      0.23508552   
    967000   485.33869      1314.9596      1800.2983      149.04805      294.29067      0.2335726    
    968000   503.96915      1322.8968      1826.8659      126.48578      296.06702      0.23585714   
    969000   451.45003      1346.1899      1797.6399      194.30101      301.28006      0.24256811   
    970000   489.32333      1332.0691      1821.3924      216.88585      298.1198       0.24915708   
    971000   485.96898      1318.6568      1804.6258      219.47541      295.1181       0.24637833   
    972000   505.26752      1307.635       1812.9025      224.0088       292.65139      0.2359268    
    973000   491.09128      1336.8176      1827.9089      216.72639      299.18253      0.22847283   
    974000   486.73146      1328.0041      1814.7355      226.83476      297.21003      0.2275247    
    975000   502.31353      1322.6905      1825.0041      197.72776      296.02086      0.22783864   
    976000   516.71586      1330.2286      1846.9445      222.37278      297.7079       0.23192488   
    977000   499.21244      1372.0244      1871.2368      262.53355      307.06187      0.23659261   
    978000   515.91815      1342.0132      1857.9313      317.6056       300.3453       0.23721117   
    979000   522.64235      1358.3803      1881.0227      324.05141      304.00831      0.23430656   
    980000   485.43364      1385.5886      1871.0222      252.20458      310.09757      0.2310427    
    981000   530.22851      1367.3618      1897.5903      202.61556      306.01837      0.22725629   
    982000   508.67811      1362.4969      1871.175       141.59967      304.9296       0.22369323   
    983000   536.68424      1340.5104      1877.1947      98.177013      300.00898      0.21812298   
    984000   545.52697      1376.0882      1921.6151      132.56023      307.97136      0.21592001   
    985000   502.87478      1369.2024      1872.0772      271.0372       306.43031      0.22302431   
    986000   484.68767      1379.934       1864.6217      389.78077      308.83207      0.23287835   
    987000   473.40243      1411.0034      1884.4058      417.82667      315.78546      0.23448491   
    988000   511.94275      1361.869       1873.8118      278.93285      304.78908      0.23031236   
    989000   517.85514      1338.8368      1856.6919      105.93906      299.63442      0.22967061   
    990000   489.05326      1346.0934      1835.1467      127.18906      301.25847      0.23114385   
    991000   508.59702      1367.2157      1875.8127      144.97723      305.98568      0.23085413   
    992000   522.97181      1325.1541      1848.1259      234.02793      296.5722       0.22493761   
    993000   517.38574      1312.485       1829.8707      294.11968      293.73683      0.21756475   
    994000   504.03277      1337.8195      1841.8523      311.55411      299.40676      0.21187034   
    995000   520.13999      1349.53        1869.67        312.54086      302.02759      0.21515812   
    996000   504.0126       1349.697       1853.7096      336.83618      302.06496      0.22800473   
    997000   482.3649       1323.8593      1806.2242      261.9241       296.28243      0.23749429   
    998000   483.09914      1341.9345      1825.0336      162.98449      300.32769      0.23994751   
    999000   460.57571      1352.5843      1813.16        129.70393      302.71114      0.23713605   
   1000000   505.93843      1360.485       1866.4234      53.71312       304.47933      0.23256528   
   1001000   534.94998      1332.3493      1867.2993      75.67828       298.18252      0.22778798   
   1002000   519.11511      1341.9713      1861.0865      133.8635       300.33594      0.22627097   
   1003000   482.52972      1364.0465      1846.5763      273.47415      305.27642      0.2297745    
   1004000   502.68523      1308.208       1810.8932      381.55944      292.77963      0.23969144   
   1005000   467.8387       1296.5406      1764.3793      493.06901      290.16845      0.24785636   
   1006000   491.48137      1320.6951      1812.1765      460.19524      295.57427      0.24281232   
   1007000   505.49233      1378.4181      1883.9104      303.65569      308.49279      0.23284159   
   1008000   532.99069      1346.6088      1879.5995      204.71899      301.37382      0.22828037   
   1009000   515.19854      1348.9173      1864.1159      27.289952      301.89047      0.22380096   
   1010000   511.39826      1384.9207      1896.319      -22.351351      309.9481       0.22421658   
   1011000   522.76605      1398.776       1921.5421      16.59378       313.04894      0.22568855   
   1012000   495.86076      1404.1642      1900.0249      66.191158      314.25482      0.22859084   
   1013000   520.67974      1352.7249      1873.4047      128.00463      302.74262      0.23388254   
   1014000   473.88139      1365.92        1839.8014      251.25522      305.69571      0.23674054   
   1015000   475.57678      1367.409       1842.9858      305.25709      306.02894      0.23699212   
   1016000   519.9094       1352.0541      1871.9635      190.02018      302.59249      0.2356259    
   1017000   483.98745      1402.1211      1886.1085      275.21326      313.79758      0.23827371   
   1018000   514.19741      1361.7718      1875.9692      248.53666      304.76733      0.23428219   
   1019000   492.27065      1363.5273      1855.7979      309.65389      305.1602       0.23146877   
   1020000   529.36138      1363.1688      1892.5302      291.86317      305.07998      0.22896726   
   1021000   503.43049      1347.7914      1851.2219      186.17229      301.63848      0.22191244   
   1022000   516.17396      1368.8167      1884.9906      87.030985      306.34398      0.21788468   
   1023000   522.68216      1340.3883      1863.0704      30.969873      299.98165      0.21698617   
   1024000   528.88482      1359.3949      1888.2797      20.654142      304.23537      0.2224494    
   1025000   470.38008      1383.6267      1854.0068      177.40177      309.6585       0.23695113   
   1026000   491.61084      1350.4508      1842.0616      283.89666      302.23366      0.23798772   
   1027000   506.41294      1357.0761      1863.489       357.71016      303.71641      0.23186511   
   1028000   517.89         1403.6898      1921.5798      353.01285      314.14865      0.22704573   
   1029000   550.70537      1372.6651      1923.3705      276.13231      307.20527      0.22473201   
   1030000   541.66633      1331.3191      1872.9854      165.9055       297.95195      0.223973     
   1031000   466.43808      1381.1501      1847.5882      163.45386      309.10424      0.23056906   
   1032000   511.10771      1350.5053      1861.613       158.8034       302.24587      0.23851634   
   1033000   501.51841      1333.9374      1835.4558      145.12493      298.53793      0.23653688   
   1034000   493.87944      1342.8335      1836.713       201.3089       300.5289       0.23278945   
   1035000   523.51552      1329.7314      1853.2469      242.96281      297.59661      0.22973625   
   1036000   486.3271       1327.13        1813.4571      290.75487      297.01441      0.22619732   
   1037000   513.57559      1307.8492      1821.4247      300.66167      292.69932      0.22519294   
   1038000   531.72542      1296.1113      1827.8368      240.80055      290.07238      0.22837145   
   1039000   482.77485      1326.497       1809.2719      166.37391      296.87275      0.23274171   
   1040000   498.34398      1292.9827      1791.3267      193.21944      289.37219      0.23745377   
   1041000   483.42458      1332.3472      1815.7718      157.78495      298.18205      0.2359759    
   1042000   476.27542      1342.3409      1818.6164      159.04799      300.41866      0.2342501    
   1043000   483.74022      1313.2234      1796.9636      184.03439      293.90209      0.23673572   
   1044000   502.67212      1286.9727      1789.6449      196.86516      288.02714      0.23585072   
   1045000   507.58566      1335.9355      1843.5212      284.75577      298.98511      0.23123345   
   1046000   511.55093      1334.8297      1846.3806      237.9862       298.73763      0.2247869    
   1047000   522.13158      1311.6247      1833.7563      249.43793      293.5443       0.21853399   
   1048000   512.89061      1301.0381      1813.9287      196.87246      291.17499      0.21544355   
   1049000   491.80283      1273.0374      1764.8402      200.8921       284.90837      0.21828694   
   1050000   512.01271      1310.9619      1822.9746      156.35921      293.39596      0.22206192   
   1051000   516.45519      1329.3845      1845.8397      220.62266      297.51898      0.2254593    
   1052000   501.69326      1316.095       1817.7883      189.33044      294.54476      0.22166082   
   1053000   530.96715      1327.0431      1858.0102      154.5673       296.99497      0.2181633    
   1054000   493.19096      1354.3441      1847.5351      145.00954      303.10499      0.21539589   
   1055000   511.88018      1347.3478      1859.228       251.6379       301.53921      0.21954952   
   1056000   511.30884      1355.2047      1866.5136      347.66938      303.2976       0.22847165   
   1057000   493.84662      1339.59        1833.4366      293.90208      299.803        0.23148787   
   1058000   499.32464      1305.5626      1804.8873      244.36883      292.1876       0.23219123   
   1059000   503.30842      1338.1715      1841.4799      173.17782      299.48553      0.22821361   
   1060000   510.81889      1323.9098      1834.7287      82.172689      296.29373      0.2214729    
   1061000   511.96435      1334.5109      1846.4752      156.75944      298.66627      0.22246848   
   1062000   508.41641      1341.8837      1850.3001      215.21891      300.31632      0.22725849   
   1063000   495.05236      1333.0726      1828.125       302.0202       298.34439      0.23236465   
   1064000   479.39652      1329.0304      1808.4269      339.7991       297.43973      0.23909037   
   1065000   496.55173      1335.2163      1831.7681      231.44419      298.82416      0.24198913   
   1066000   501.94503      1345.5985      1847.5435      50.591545      301.1477       0.24134873   
   1067000   479.90103      1364.8755      1844.7766     -49.046557      305.46195      0.23329718   
   1068000   521.37726      1374.4448      1895.8221     -3.9426127      307.60358      0.22182275   
   1069000   513.2445       1353.0935      1866.338       154.30692      302.82511      0.21955728   
   1070000   510.97002      1354.2352      1865.2053      324.6874       303.08063      0.22439581   
   1071000   553.24887      1380.9467      1934.1956      453.65272      309.05871      0.22902917   
   1072000   514.34964      1372.7251      1887.0747      533.21011      307.2187       0.23187398   
   1073000   485.01066      1374.6673      1859.678       432.60207      307.65337      0.23077264   
   1074000   503.55888      1360.6623      1864.2212      285.10753      304.51902      0.22943644   
   1075000   540.19305      1370.0133      1910.2063      173.11855      306.61179      0.22705206   
   1076000   528.13368      1420.7388      1948.8725      91.942824      317.96427      0.22435283   
   1077000   497.4157       1371.6548      1869.0705      93.555518      306.97917      0.22688546   
   1078000   499.19472      1373.4158      1872.6106      174.7512       307.37328      0.23477649   
   1079000   530.43338      1346.4303      1876.8637      240.56882      301.33387      0.24227907   
   1080000   498.61365      1353.4721      1852.0858      322.72198      302.90984      0.24818511   
   1081000   466.47853      1362.2147      1828.6932      328.97339      304.86644      0.24297499   
   1082000   508.68591      1319.0187      1827.7046      290.72626      295.19908      0.23520264   
   1083000   508.03782      1315.0151      1823.0529      238.20081      294.30308      0.22824551   
   1084000   474.68637      1307.972       1782.6584      258.38747      292.72681      0.22741701   
   1085000   471.0642       1314.5752      1785.6394      196.29414      294.20462      0.23002427   
   1086000   495.94645      1306.5581      1802.5045      136.09497      292.41038      0.23500025   
   1087000   494.59706      1309.7253      1804.3223      193.70611      293.1192       0.23675386   
   1088000   516.83043      1322.6648      1839.4952      226.16487      296.01509      0.23306159   
   1089000   489.01832      1316.7596      1805.7779      267.0976       294.69351      0.22874749   
   1090000   467.83592      1264.6072      1732.4431      233.23095      283.02168      0.22236484   
   1091000   534.4617       1335.2721      1869.7338      202.75756      298.83663      0.21308314   
   1092000   517.94255      1338.5759      1856.5185      224.3739       299.57603      0.2083771    
   1093000   504.95406      1346.9665      1851.9205      137.73844      301.45386      0.2079719    
   1094000   498.13286      1353.0071      1851.14        141.51037      302.80577      0.21717518   
   1095000   509.93729      1306.9598      1816.8971      197.64949      292.50029      0.2259253    
   1096000   508.91423      1335.0145      1843.9287      250.97692      298.77898      0.2276663    
   1097000   505.55839      1316.3972      1821.9555      316.858        294.61238      0.22923484   
   1098000   504.08083      1374.2577      1878.3385      369.50453      307.56168      0.23531648   
   1099000   483.17805      1337.0347      1820.2127      428.42886      299.23111      0.23975363   
   1100000   475.53357      1347.6076      1823.1412      345.78198      301.59736      0.23975229   
   1101000   501.98555      1312.2824      1814.268       186.14761      293.6915       0.23243103   
   1102000   496.55513      1287.5865      1784.1417      129.17612      288.16451      0.22697738   
   1103000   502.36772      1324.8632      1827.2309      100.62232      296.5071       0.22435767   
   1104000   499.8221       1324.3926      1824.2147      110.02944      296.40178      0.22747957   
   1105000   478.97472      1311.332       1790.3067      154.86579      293.47878      0.23237644   
   1106000   490.27776      1321.1037      1811.3815      304.12608      295.66572      0.23677367   
   1107000   502.47047      1297.7957      1800.2662      308.6694       290.44935      0.233768     
   1108000   512.92495      1327.3988      1840.3238      260.05953      297.07458      0.22895505   
   1109000   482.37202      1315.8758      1798.2478      213.97072      294.49571      0.22707753   
   1110000   523.56342      1337.6346      1861.198       171.46321      299.36537      0.23048708   
   1111000   502.66861      1354.8801      1857.5488      110.11794      303.22496      0.23134904   
   1112000   506.21631      1364.0397      1870.256       60.436447      305.27489      0.23296389   
   1113000   518.48933      1356.2742      1874.7635      174.20746      303.53695      0.23644133   
   1114000   517.65992      1350.3569      1868.0168      217.99829      302.21265      0.2304858    
   1115000   535.48075      1349.3931      1884.8738      262.79133      301.99693      0.21696505   
   1116000   530.09238      1379.3781      1909.4704      224.42692      308.70764      0.21530321   
   1117000   522.83559      1347.8367      1870.6723      186.89853      301.64862      0.21958967   
   1118000   523.97878      1351.908       1875.8868      122.81856      302.5598       0.2243849    
   1119000   528.03511      1375.3321      1903.3672      140.18478      307.80215      0.22933745   
   1120000   516.41262      1388.0059      1904.4185      231.51035      310.63857      0.23464879   
   1121000   499.07863      1368.5426      1867.6212      224.61661      306.28264      0.2367593    
   1122000   489.54127      1367.1768      1856.7181      304.34303      305.97697      0.23542593   
   1123000   521.77484      1343.0465      1864.8213      358.80585      300.57656      0.22998297   
   1124000   528.72829      1374.7486      1903.4769      367.04138      307.67155      0.22583279   
   1125000   511.90215      1351.192       1863.0942      280.03452      302.39954      0.22384029   
   1126000   490.01718      1367.1807      1857.1979      140.46794      305.97784      0.22512169   
   1127000   537.91878      1340.2856      1878.2044     -19.803634      299.95867      0.2275679    
   1128000   537.62435      1372.9804      1910.6047     -41.556805      307.27582      0.22955548   
   1129000   518.17808      1342.9945      1861.1725      92.668802      300.56491      0.23077863   
   1130000   514.13478      1339.4732      1853.6079      295.78449      299.77684      0.23067566   
   1131000   500.81345      1350.8523      1851.6658      424.35235      302.32353      0.22994227   
   1132000   516.4505       1375.3473      1891.7978      471.3095       307.80556      0.23170435   
   1133000   486.29372      1357.9534      1844.2471      400.86569      303.91276      0.23710999   
   1134000   499.63412      1337.1781      1836.8123      322.6468       299.26321      0.24589504   
   1135000   480.63187      1344.0673      1824.6992      125.80067      300.80502      0.244967     
   1136000   503.94729      1331.4408      1835.3881      62.731829      297.97919      0.23819591   
   1137000   503.96836      1315.0777      1819.0461     -41.703322      294.3171       0.22909955   
   1138000   489.54885      1343.3109      1832.8598      93.367904      300.63574      0.22777493   
   1139000   529.3352       1315.9547      1845.2899      186.69818      294.51336      0.22619249   
   1140000   529.27954      1310.9758      1840.2553      260.89835      293.39907      0.22510793   
   1141000   487.77234      1290.8223      1778.5946      325.47542      288.88868      0.2229827    
   1142000   506.16618      1318.0074      1824.1736      337.19414      294.97276      0.22269937   
   1143000   517.86289      1334.0225      1851.8854      229.44923      298.55697      0.21864763   
   1144000   516.61712      1335.8744      1852.4915      125.92429      298.97142      0.21473559   
   1145000   499.22964      1358.4556      1857.6853      71.701687      304.02516      0.21327293   
   1146000   531.56769      1334.556       1866.1237      67.32599       298.67638      0.21725003   
   1147000   496.97334      1347.2546      1844.2279      157.53283      301.51834      0.22854056   
   1148000   515.94809      1371.1641      1887.1122      334.09327      306.86934      0.23770673   
   1149000   508.54283      1343.5905      1852.1333      370.5627       300.6983       0.2385079    
   1150000   520.41579      1341.597       1862.0128      312.22408      300.25217      0.2330465    
   1151000   505.51109      1368.8428      1874.3539      197.05372      306.34982      0.22781128   
   1152000   504.05406      1345.281       1849.3351      102.77319      301.07666      0.22760466   
   1153000   518.18465      1348.8768      1867.0615      93.012132      301.8814       0.23055066   
   1154000   512.77368      1389.6919      1902.4656      69.069685      311.01591      0.23418652   
   1155000   518.00354      1364.026       1882.0295      86.695713      305.27181      0.23496547   
   1156000   524.81408      1352.0049      1876.819       120.30188      302.58147      0.22847346   
   1157000   559.56227      1340.3566      1899.9188      239.66069      299.97455      0.22002887   
   1158000   497.45966      1400.452       1897.9117      305.52564      313.42404      0.21511682   
   1159000   536.47692      1329.8003      1866.2772      343.05848      297.61204      0.21816009   
   1160000   488.9125       1291.0128      1779.9253      326.63819      288.93132      0.22450378   
   1161000   488.11379      1336.9751      1825.0889      231.40493      299.21777      0.22962192   
   1162000   486.51348      1353.1727      1839.6862      210.11313      302.84283      0.23284077   
   1163000   518.08283      1320.3516      1838.4345      108.293        295.4974       0.23088275   
   1164000   497.97037      1342.5428      1840.5131      104.83152      300.46383      0.22922278   
   1165000   513.80099      1364.3508      1878.1518      167.50076      305.3445       0.2305327    
   1166000   496.01477      1351.4783      1847.4931      243.05676      302.46361      0.23049323   
   1167000   513.65071      1355.6997      1869.3504      214.21572      303.40838      0.22826236   
   1168000   516.49049      1387.4055      1903.896       288.41848      310.5042       0.22769595   
   1169000   534.71024      1368.7205      1903.4308      337.1047       306.32247      0.22701786   
   1170000   500.82775      1382.0254      1882.8531      381.12434      309.30011      0.22765195   
   1171000   536.78633      1328.9946      1865.7809      336.07066      297.43172      0.23359843   
   1172000   474.46601      1351.053       1825.519       321.93554      302.36844      0.24188301   
   1173000   464.18853      1303.5204      1767.709       117.85031      291.73055      0.24250114   
   1174000   447.17634      1293.3303      1740.5067     -15.930327      289.44999      0.23832657   
   1175000   532.06899      1268.5124      1800.5813      77.512504      283.89567      0.23446723   
   1176000   494.20429      1333.7622      1827.9665      159.39433      298.49872      0.2300725    
   1177000   506.39926      1332.1506      1838.5499      215.51454      298.13805      0.22248371   
   1178000   533.57894      1312.7607      1846.3396      303.97011      293.79853      0.21711185   
   1179000   517.72769      1288.3729      1806.1005      297.00075      288.34049      0.22318997   
   1180000   492.52469      1343.859       1836.3837      366.68698      300.7584       0.23595586   
   1181000   505.27186      1356.8199      1862.0918      216.85259      303.65909      0.23917257   
   1182000   504.54497      1347.9597      1852.5047      36.802154      301.67615      0.23683119   
   1183000   517.80597      1364.9689      1882.7749     -34.403744      305.48284      0.23713095   
   1184000   503.72272      1386.7574      1890.4801     -72.947623      310.35915      0.23381016   
   1185000   511.60271      1348.6145      1860.2172     -47.657789      301.82268      0.23009827   
   1186000   524.05235      1340.7371      1864.7895      138.56882      300.05973      0.22771903   
   1187000   514.00861      1321.0686      1835.0772      244.54749      295.65786      0.22860696   
   1188000   539.08885      1320.2659      1859.3547      305.65764      295.47821      0.23260727   
   1189000   500.55587      1352.6199      1853.1758      378.82867      302.71911      0.23739617   
   1190000   514.54979      1337.933       1852.4828      287.43612      299.43215      0.23821376   
   1191000   513.52712      1340.1796      1853.7067      155.18047      299.93494      0.2311053    
   1192000   540.76027      1362.2497      1903.01        76.256608      304.87428      0.22442254   
   1193000   528.71183      1333.131       1861.8428      134.36288      298.35745      0.21888099   
   1194000   528.13044      1335.3241      1863.4545      160.10753      298.84827      0.21768378   
   1195000   519.12399      1338.4476      1857.5716      203.68048      299.54732      0.223308     
   1196000   493.69838      1300.0109      1793.7093      252.96087      290.94511      0.22997718   
   1197000   471.46378      1328.8115      1800.2753      318.38156      297.39073      0.23559275   
   1198000   499.7275       1317.1482      1816.8757      224.47583      294.78046      0.23455988   
   1199000   504.38771      1323.5547      1827.9424      66.994222      296.21426      0.22586815   
   1200000   500.89395      1297.7729      1798.6669      73.323673      290.44425      0.22364548   
   1201000   497.43461      1276.2819      1773.7165      26.540972      285.63451      0.22594439   
   1202000   533.40503      1322.2921      1855.6972      69.765775      295.93169      0.23068318   
   1203000   497.79328      1341.5392      1839.3325      129.0333       300.23922      0.23171367   
   1204000   524.11471      1372.4694      1896.5841      231.47862      307.16148      0.23030465   
   1205000   516.71722      1320.6366      1837.3538      289.40501      295.56119      0.22844125   
   1206000   521.3596       1305.2046      1826.5642      296.46563      292.10748      0.22597977   
   1207000   497.82964      1342.5906      1840.4202      209.83048      300.47453      0.22016866   
   1208000   531.59563      1327.6381      1859.2337      159.27314      297.12814      0.21392051   
   1209000   554.0391       1316.5127      1870.5518      62.996569      294.63825      0.21243105   
   1210000   527.39127      1313.8457      1841.237       65.587948      294.04137      0.22163278   
   1211000   520.50381      1307.1292      1827.633      -3.83142        292.53819      0.22933414   
   1212000   504.58876      1302.1318      1806.7206      40.122402      291.41978      0.23329926   
   1213000   486.25358      1267.9844      1754.238       145.06155      283.77751      0.23681482   
   1214000   496.89263      1300.1244      1797.017       211.17521      290.9705       0.23440058   
   1215000   503.88118      1330.6573      1834.5385      275.33032      297.80383      0.23174693   
   1216000   489.27623      1324.3323      1813.6085      235.47278      296.38828      0.22466019   
   1217000   503.08635      1313.2624      1816.3487      281.50369      293.91082      0.22333206   
   1218000   497.76537      1278.9649      1776.7303      215.48986      286.23497      0.2270394    
   1219000   473.10651      1334.0464      1807.1529      192.31181      298.56233      0.23417945   
   1220000   493.80589      1331.9152      1825.721       111.13527      298.08534      0.23640169   
   1221000   486.83819      1307.724       1794.5622      161.66996      292.67133      0.23611721   
   1222000   514.22357      1303.2128      1817.4364      145.56783      291.6617       0.23488624   
   1223000   455.19701      1339.5663      1794.7633      117.74734      299.79768      0.24275651   
   1224000   445.87913      1343.1069      1788.9861      160.13467      300.59009      0.25078292   
   1225000   457.40579      1294.904       1752.3098      160.02187      289.80217      0.24737972   
   1226000   489.38773      1277.021       1766.4087      190.62488      285.79993      0.24122918   
   1227000   481.06174      1331.5912      1812.6529      175.17097      298.01284      0.23810436   
   1228000   478.40625      1329.8321      1808.2384      141.66114      297.61916      0.24046508   
   1229000   516.90478      1320.7811      1837.6858      135.22278      295.59351      0.24545966   
   1230000   509.31946      1334.9393      1844.2587      177.8273       298.76215      0.24648717   
   1231000   478.96421      1315.8796      1794.8438      210.27857      294.49655      0.2363028    
   1232000   526.84383      1337.65        1864.4938      257.35566      299.36881      0.22543705   
   1233000   511.98713      1359.0881      1871.0752      283.43587      304.16671      0.2243956    
   1234000   478.41276      1360.9644      1839.3771      274.74934      304.58662      0.23054354   
   1235000   511.95763      1327.8574      1839.815       200.20378      297.17721      0.23750251   
   1236000   468.11637      1318.5994      1786.7158      91.142138      295.10526      0.23936867   
   1237000   506.09327      1309.2583      1815.3516      45.683939      293.0147       0.23894921   
   1238000   479.22017      1321.605       1800.8252      35.048175      295.77791      0.23838418   
   1239000   462.48392      1345.1848      1807.6687      103.23279      301.05513      0.23799423   
   1240000   471.14834      1332.806       1803.9543      234.29246      298.28471      0.23622732   
   1241000   497.49853      1313.7569      1811.2554      204.43619      294.02149      0.23191998   
   1242000   473.51676      1299.2246      1772.7414      163.17968      290.76914      0.22907283   
   1243000   476.94631      1317.4511      1794.3974      214.39778      294.84826      0.23406545   
   1244000   468.17341      1340.9378      1809.1112      242.72588      300.10464      0.24258123   
   1245000   465.06692      1338.7579      1803.8249      319.26842      299.61677      0.25120296   
   1246000   451.52347      1309.0072      1760.5306      273.78496      292.95849      0.25379606   
   1247000   484.18466      1312.384       1796.5686      264.50801      293.71422      0.25330319   
   1248000   482.16108      1334.1584      1816.3195      281.17947      298.58739      0.24516079   
   1249000   518.38359      1326.0879      1844.4715      217.349        296.7812       0.23634857   
   1250000   494.58521      1333.4759      1828.0611      196.184        298.43463      0.23228172   
   1251000   494.11799      1310.0926      1804.2106      161.36231      293.20142      0.23110371   
   1252000   523.60023      1321.7657      1845.366       166.25919      295.81388      0.23429484   
   1253000   497.83167      1373.5294      1871.3611      161.15764      307.3987       0.2356793    
   1254000   468.09469      1327.139       1795.2336      184.38114      297.01642      0.23646614   
   1255000   477.255        1317.4743      1794.7293      200.10983      294.85346      0.24176554   
   1256000   468.18617      1318.5778      1786.764       243.66357      295.10042      0.2509599    
   1257000   450.18517      1318.713       1768.8982      330.75286      295.13068      0.25402993   
   1258000   494.11081      1287.316       1781.4268      251.70913      288.10395      0.24531622   
   1259000   494.15387      1357.6781      1851.832       289.82476      303.85114      0.23473346   
   1260000   512.77466      1337.9262      1850.7008      226.43307      299.43063      0.23039318   
   1261000   515.95824      1342.9144      1858.8726      209.79336      300.54699      0.2299479    
   1262000   499.6418       1340.9704      1840.6122      114.79965      300.11194      0.22846692   
   1263000   533.92182      1334.998       1868.9199      117.23858      298.7753       0.23026569   
   1264000   505.51412      1371.3015      1876.8156      149.19203      306.90009      0.2356926    
   1265000   498.41979      1345.4933      1843.9131      209.51448      301.12416      0.24617094   
   1266000   496.461        1354.886       1851.347       218.93226      303.22627      0.25124643   
   1267000   514.28995      1369.0724      1883.3624      302.07012      306.40122      0.25003653   
   1268000   476.54117      1384.1811      1860.7223      259.29992      309.78257      0.24477145   
   1269000   505.39117      1326.7151      1832.1063      211.92488      296.92157      0.24091584   
   1270000   492.75333      1302.2902      1795.0435      142.13852      291.45522      0.2400819    
   1271000   477.95872      1300.4012      1778.3599      83.010614      291.03246      0.23954335   
   1272000   502.00077      1275.0717      1777.0724      84.28088       285.36365      0.24066701   
   1273000   488.45167      1312.9701      1801.4218      143.98244      293.84541      0.24147492   
   1274000   492.04715      1319.8783      1811.9255      179.69136      295.39147      0.23763931   
   1275000   494.54588      1325.7614      1820.3073      259.48997      296.70812      0.23595103   
   1276000   477.33566      1330.0319      1807.3676      388.71354      297.66387      0.23806386   
   1277000   509.0058       1299.979       1808.9848      312.58704      290.93798      0.23839423   
   1278000   507.62452      1257.3662      1764.9907      138.02552      281.40113      0.23397665   
   1279000   512.99717      1310.7867      1823.7838      86.863747      293.35674      0.23126986   
   1280000   508.00111      1328.3306      1836.3317     -10.116812      297.28312      0.23220899   
   1281000   489.44397      1303.4046      1792.8485      32.907677      291.70461      0.24151373   
   1282000   497.96123      1327.1097      1825.0709      120.39846      297.00987      0.25349712   
   1283000   480.22192      1330.4262      1810.6482      164.26381      297.75212      0.25394536   
   1284000   472.57803      1334.5972      1807.1752      168.10479      298.68559      0.24631559   
   1285000   496.97095      1310.755       1807.726       202.51424      293.34966      0.24022489   
   1286000   507.6156       1303.3384      1810.954       235.32022      291.68981      0.23506681   
   1287000   480.52209      1355.7843      1836.3064      203.88693      303.42731      0.2320608    
   1288000   496.16824      1306.1454      1802.3137      32.803866      292.31803      0.23115388   
   1289000   516.95386      1310.8132      1827.7671      18.903339      293.36269      0.23348033   
   1290000   537.44877      1282.6014      1820.0501      80.963369      287.04882      0.23483315   
   1291000   498.9619       1329.3632      1828.3251      175.81445      297.51421      0.23167583   
   1292000   508.65932      1362.4539      1871.1132      236.26499      304.91998      0.22808681   
   1293000   526.14379      1334.2286      1860.3724      298.5787       298.60311      0.23012639   
   1294000   518.64695      1337.6425      1856.2894      318.08983      299.36714      0.23652161   
   1295000   507.32036      1357.6441      1864.9645      229.25527      303.84354      0.24162618   
   1296000   492.20049      1350.7559      1842.9564      228.78694      302.30194      0.24439564   
   1297000   522.32065      1344.4704      1866.7911      169.51703      300.89525      0.23989771   
   1298000   510.74959      1381.1338      1891.8834      116.37148      309.10059      0.22952707   
   1299000   519.44952      1370.6479      1890.0974      85.894692      306.75382      0.22396701   
   1300000   516.0978       1400.8844      1916.9822      100.04293      313.5208       0.2250721    
   1301000   515.93229      1369.8269      1885.7592      177.32142      306.57007      0.22904134   
   1302000   524.12836      1363.2675      1887.3958      211.15135      305.10206      0.23274919   
   1303000   520.82478      1329.908       1850.7328      223.06473      297.63614      0.23427568   
   1304000   519.13979      1338.1086      1857.2484      187.49252      299.47145      0.23551465   
   1305000   474.00533      1347.306       1821.3113      211.99335      301.52985      0.23771544   
   1306000   497.87493      1287.6059      1785.4808      236.60389      288.16884      0.24313485   
   1307000   512.87897      1291.319       1804.198       282.43395      288.99985      0.2500362    
   1308000   460.98376      1329.5662      1790.5499      272.48123      297.55964      0.25392579   
   1309000   479.42792      1332.1877      1811.6156      187.98986      298.14634      0.24492988   
   1310000   499.41508      1304.6389      1804.054       82.996241      291.98087      0.23346101   
   1311000   481.67352      1245.2331      1726.9066      42.265702      278.68572      0.23262089   
   1312000   483.84079      1325.3629      1809.2037      91.569966      296.61893      0.2357849    
   1313000   500.7868       1341.0586      1841.8454      143.48272      300.13168      0.23824346   
   1314000   482.94425      1332.1044      1815.0486      164.25         298.1277       0.23803879   
   1315000   488.1111       1291.6403      1779.7514      275.79561      289.07176      0.24328574   
   1316000   496.32287      1301.981       1798.3039      426.55947      291.38602      0.2497988    
   1317000   477.2759       1357.177       1834.4529      501.75341      303.739        0.25538001   
   1318000   520.86395      1320.6777      1841.5416      391.72295      295.57038      0.24905741   
   1319000   526.69883      1353.111       1879.8099      330.14584      302.82903      0.23557705   
   1320000   518.41545      1353.9163      1872.3317      233.00379      303.00924      0.23273035   
   1321000   529.57297      1349.7093      1879.2823      222.41955      302.06772      0.23592041   
   1322000   510.02979      1359.1064      1869.1362      249.86984      304.1708       0.24261876   
   1323000   474.5891       1360.7342      1835.3233      191.61762      304.53511      0.24629273   
   1324000   530.64169      1346.5335      1877.1752      169.55746      301.35696      0.2489435    
   1325000   533.11213      1378.2649      1911.377       161.3522       308.45851      0.24601133   
   1326000   527.37313      1387.2459      1914.6191      243.37333      310.46849      0.24028266   
   1327000   506.51807      1362.8229      1869.341       227.97007      305.00256      0.23214894   
   1328000   523.98361      1333.9411      1857.9248      209.46235      298.53877      0.22468567   
   1329000   506.54792      1337.8751      1844.4231      180.96975      299.4192       0.22659448   
   1330000   513.59542      1348.0824      1861.6778      185.88827      301.70362      0.23868639   
   1331000   503.76858      1326.9589      1830.7274      159.54617      296.97612      0.24594335   
   1332000   499.87642      1349.185       1849.0614      123.2319       301.95038      0.24613071   
   1333000   487.3225       1338.0235      1825.346       200.13727      299.4524       0.24203718   
   1334000   492.09649      1342.5896      1834.6861      217.72163      300.4743       0.24024343   
   1335000   558.39459      1362.4038      1920.7984      307.18315      304.90876      0.23966954   
   1336000   517.65897      1381.0416      1898.7006      366.22572      309.07994      0.23414846   
   1337000   529.85526      1357.5674      1887.4226      298.19001      303.82637      0.22450238   
   1338000   552.9535       1349.3576      1902.3111      257.8069       301.989        0.22260391   
   1339000   539.54967      1405.2685      1944.8182      177.62075      314.50198      0.22594372   
   1340000   520.40582      1391.9748      1912.3806      72.398821      311.52682      0.22873282   
   1341000   514.29801      1365.1857      1879.4837     -4.174185       305.53135      0.23357729   
   1342000   497.57015      1298.4537      1796.0238      21.281041      290.5966       0.23740265   
   1343000   494.01068      1328.7612      1822.7719      48.166036      297.37948      0.23727996   
   1344000   487.05279      1312.6829      1799.7357      170.05885      293.78113      0.23532465   
   1345000   516.5376       1303.1259      1819.6636      323.59594      291.64226      0.23555515   
   1346000   511.25487      1319.2832      1830.5381      389.60339      295.2583       0.23259973   
   1347000   505.57046      1297.1494      1802.7199      304.70155      290.30471      0.22425266   
   1348000   511.28157      1327.2202      1838.5018      195.99278      297.0346       0.22020335   
   1349000   535.31581      1308.3021      1843.6179      129.93233      292.8007       0.22742195   
   1350000   529.13596      1316.8412      1845.9772      56.057694      294.71177      0.236008     
   1351000   521.01477      1306.0902      1827.1049      74.867228      292.30566      0.23913772   
   1352000   492.21403      1319.8135      1812.0275      115.90275      295.37697      0.23643441   
   1353000   481.83268      1317.3985      1799.2312      181.28775      294.83649      0.23226411   
   1354000   489.39464      1337.3247      1826.7194      206.77044      299.29602      0.23193376   
   1355000   525.17962      1339.9794      1865.159       203.70198      299.89013      0.23121197   
   1356000   511.93757      1341.3118      1853.2493      171.95492      300.18833      0.23176045   
   1357000   472.42747      1356.9761      1829.4036      171.96335      303.69403      0.23436939   
   1358000   501.40581      1335.6989      1837.1047      204.31054      298.93215      0.23832819   
   1359000   519.2767       1318.3964      1837.6731      277.40493      295.05983      0.24392823   
   1360000   497.57983      1335.2051      1832.7849      266.86878      298.82163      0.24379084   
   1361000   485.43336      1342.0777      1827.511       287.33147      300.35974      0.23416541   
   1362000   517.22211      1343.8623      1861.0844      202.30877      300.75914      0.22132353   
   1363000   508.77816      1331.7729      1840.5511      134.3568       298.05352      0.21761623   
   1364000   540.71309      1317.6447      1858.3578      139.74268      294.8916       0.21955887   
   1365000   539.39427      1331.08        1870.4743      107.3114       297.89844      0.22165825   
   1366000   521.0214       1333.6246      1854.646       106.6598       298.46793      0.22290216   
   1367000   517.35781      1319.281       1836.6388      204.1754       295.25778      0.2302131    
   1368000   492.10909      1300.1068      1792.2159      219.47625      290.96658      0.23949243   
   1369000   504.15951      1324.1453      1828.3048      215.51429      296.34643      0.24249217   
   1370000   485.07004      1331.5764      1816.6464      212.71819      298.00953      0.23752753   
   1371000   501.82938      1327.8375      1829.6669      268.99536      297.17276      0.23307447   
   1372000   495.96348      1348.444       1844.4075      276.80645      301.78454      0.23101275   
   1373000   512.29135      1347.7398      1860.0312      314.55904      301.62694      0.22915066   
   1374000   527.19805      1321.9851      1849.1832      335.38623      295.86299      0.22652904   
   1375000   533.59868      1347.292       1880.8907      256.2283       301.52672      0.22227623   
   1376000   509.17124      1338.4566      1847.6278      277.31893      299.54932      0.22290923   
   1377000   506.10462      1351.4656      1857.5703      142.40986      302.46078      0.22916648   
   1378000   511.37861      1347.1977      1858.5763      190.13805      301.50562      0.2379181    
   1379000   500.31402      1329.5749      1829.8889      255.39014      297.5616       0.24009508   
   1380000   495.2097       1340.2252      1835.4349      370.17361      299.94515      0.23956904   
   1381000   525.70516      1367.541       1893.2461      333.31998      306.05847      0.23490878   
   1382000   538.53446      1348.0794      1886.6138      299.78488      301.70293      0.23446073   
   1383000   513.56126      1352.582       1866.1433      211.20734      302.71064      0.2332015    
   1384000   517.35347      1350.4694      1867.8229      81.011851      302.23783      0.23054415   
   1385000   507.08488      1349.9178      1857.0027      29.157538      302.11438      0.22865836   
   1386000   537.98222      1330.913       1868.8952      54.046236      297.86106      0.2257703    
   1387000   548.81065      1321.5172      1870.3279      118.36447      295.75827      0.22562493   
   1388000   517.35978      1325.4151      1842.7749      217.27664      296.63062      0.2302623    
   1389000   484.57267      1319.5216      1804.0942      323.1361       295.31163      0.23990946   
   1390000   492.02759      1326.2075      1818.2351      324.28669      296.80796      0.2423632    
   1391000   473.28906      1334.991       1808.2801      318.28979      298.77373      0.24128629   
   1392000   479.84519      1314.7041      1794.5493      235.65353      294.23348      0.23586732   
   1393000   523.12763      1330.0031      1853.1307      143.59561      297.65742      0.23105812   
   1394000   542.57631      1333.4938      1876.0701      113.96999      298.43865      0.22734904   
   1395000   553.31158      1307.5676      1860.8792      191.9158       292.63631      0.21923391   
   1396000   529.77808      1309.5229      1839.301       215.56708      293.07392      0.21128404   
   1397000   529.53731      1330.633       1860.1703      255.77994      297.7984       0.20951154   
   1398000   530.80667      1334.5541      1865.3608      274.74177      298.67594      0.21842614   
   1399000   544.55197      1305.5247      1850.0767      219.87293      292.17911      0.22956442   
   1400000   469.99523      1357.2855      1827.2807      133.66518      303.76328      0.23332284   
   1401000   508.05569      1329.967       1838.0227      82.86824       297.64935      0.2384837    
   1402000   502.32577      1327.2738      1829.5995      150.12882      297.0466       0.24551931   
   1403000   490.53022      1350.5458      1841.076       192.42458      302.25492      0.25058875   
   1404000   483.02344      1347.9978      1831.0212      314.61026      301.68468      0.2477799    
   1405000   522.86565      1372.9856      1895.8513      291.74899      307.277        0.2377766    
   1406000   526.93288      1359.0852      1886.0181      188.45311      304.16606      0.22906661   
   1407000   532.10128      1361.3824      1893.4836      189.79917      304.68017      0.22582667   
   1408000   532.71183      1371.7111      1904.4229      156.12742      306.99176      0.22510863   
   1409000   552.58994      1377.0204      1929.6104      121.92298      308.18         0.22768954   
   1410000   500.42642      1407.7022      1908.1286      116.1838       315.04664      0.23265706   
   1411000   525.12322      1354.3817      1879.5049      90.500918      303.1134       0.23414304   
   1412000   533.22751      1364.6029      1897.8304      71.768783      305.40093      0.22767608   
   1413000   531.4833       1353.0127      1884.496       54.95816       302.80703      0.21837597   
   1414000   505.20255      1352.1326      1857.3351      173.07355      302.61005      0.21597149   
   1415000   518.6241       1348.5804      1867.2045      233.81854      301.81505      0.22007774   
   1416000   529.6332       1331.2039      1860.8371      316.53979      297.92616      0.22765689   
   1417000   537.12515      1352.7439      1889.8691      359.58277      302.74686      0.23112935   
   1418000   523.30039      1341.3898      1864.6902      276.71338      300.20579      0.23148988   
   1419000   524.54622      1383.3042      1907.8504      213.43996      309.58632      0.2359012    
   1420000   497.32628      1345.856       1843.1823      166.19445      301.20533      0.2405374    
   1421000   522.50501      1337.0565      1859.5615      14.69696       299.236        0.23855471   
   1422000   503.44092      1348.3067      1851.7476      28.394963      301.75381      0.23339402   
   1423000   512.34728      1413.6269      1925.9742      35.225976      316.37261      0.22787851   
   1424000   526.48495      1375.1532      1901.6382      120.25962      307.76212      0.22574593   
   1425000   508.5798       1385.4984      1894.0782      255.93207      310.07738      0.23106287   
   1426000   507.45202      1348.0045      1855.4566      474.89081      301.68618      0.24414334   
   1427000   522.72228      1391.01        1913.7323      420.07976      311.3109       0.2425895    
   1428000   491.33268      1386.6542      1877.9869      281.4066       310.33607      0.23718387   
   1429000   515.1096       1393.1626      1908.2721      141.30148      311.79264      0.23258204   
   1430000   529.01794      1389.5444      1918.5624      95.284398      310.9829       0.230777     
   1431000   516.88093      1362.359       1879.2399      40.4441        304.89874      0.23176667   
   1432000   501.43314      1355.0887      1856.5219      61.442141      303.27164      0.23846654   
   1433000   496.40721      1332.9594      1829.3666      175.19589      298.31904      0.24660801   
   1434000   503.96562      1324.4919      1828.4576      297.54651      296.42401      0.25033478   
   1435000   466.00366      1373.2111      1839.2148      412.58664      307.32747      0.24882097   
   1436000   507.91959      1388.0859      1896.0055      399.42158      310.65647      0.24025584   
   1437000   565.98005      1320.4251      1886.4051      303.12967      295.51384      0.23243889   
   1438000   505.67453      1360.8451      1866.5196      181.38969      304.55993      0.22648099   
   1439000   553.7967       1367.3993      1921.196       95.939566      306.02678      0.22824426   
   1440000   519.45572      1348.7406      1868.1964      107.95467      301.85092      0.23371706   
   1441000   503.80945      1367.8055      1871.615       164.41503      306.11768      0.23798038   
   1442000   541.33405      1385.6868      1927.0209      131.69677      310.11956      0.23602235   
   1443000   537.10085      1365.5273      1902.6281      158.91259      305.60781      0.23368646   
   1444000   508.70706      1336.1756      1844.8826      216.85594      299.03884      0.23590586   
   1445000   514.49805      1310.6136      1825.1116      167.33809      293.318        0.23718436   
   1446000   485.1071       1364.3712      1849.4783      163.69426      305.34908      0.23569175   
   1447000   492.72695      1352.3248      1845.0518      212.01449      302.65307      0.23410688   
   1448000   487.34087      1363.1845      1850.5254      219.77835      305.08349      0.23321449   
   1449000   496.03255      1342.9753      1839.0078      272.76982      300.56062      0.23300688   
   1450000   495.73331      1329.6963      1825.4297      267.72344      297.58877      0.23526938   
   1451000   506.8394       1295.4215      1802.2609      270.13756      289.91799      0.23895492   
   1452000   488.00845      1340.8137      1828.8222      287.35593      300.07687      0.24086273   
   1453000   530.17595      1362.7221      1892.898       187.53709      304.98         0.23776104   
   1454000   534.24223      1341.0762      1875.3185      221.93279      300.13561      0.23434257   
   1455000   531.49188      1378.0013      1909.4931      158.29849      308.39951      0.22841705   
   1456000   530.50655      1346.2639      1876.7705      141.35109      301.29663      0.22806849   
   1457000   520.07755      1359.7946      1879.8722      128.71803      304.32483      0.23202064   
   1458000   518.98566      1378.3039      1897.2895      131.27962      308.46723      0.24119649   
   1459000   492.85033      1328.909       1821.7594      179.09479      297.41257      0.24783281   
   1460000   476.73491      1340.3055      1817.0404      250.20147      299.96313      0.2489563    
   1461000   507.28882      1336.7647      1844.0536      323.8434       299.17069      0.24103962   
   1462000   502.45877      1353.0613      1855.5201      395.78215      302.8179       0.23272072   
   1463000   521.02842      1350.4032      1871.4316      443.72411      302.223        0.22904042   
   1464000   529.91324      1345.4066      1875.3198      322.16903      301.10476      0.23085121   
   1465000   496.56456      1361.3866      1857.9511      245.05589      304.68111      0.23955918   
   1466000   481.21638      1338.0152      1819.2315      137.68222      299.45054      0.24571226   
   1467000   501.6499       1328.5399      1830.1898      45.384031      297.32995      0.24355435   
   1468000   466.66028      1347.9424      1814.6027      49.642264      301.67227      0.23655743   
   1469000   458.71484      1327.4886      1786.2034      25.103637      297.09467      0.23066674   
   1470000   528.85323      1323.4355      1852.2888      155.19936      296.18759      0.22991475   
   1471000   528.23284      1337.7955      1866.0283      247.31018      299.40138      0.2317626    
   1472000   479.66341      1393.7983      1873.4617      268.83204      311.93492      0.2352675    
   1473000   535.4619       1377.9609      1913.4228      267.48319      308.39049      0.24040176   
   1474000   571.45746      1371.3882      1942.8457      234.16013      306.91949      0.23968584   
   1475000   527.31436      1362.1991      1889.5135      171.60697      304.86295      0.23402864   
   1476000   524.61983      1363.4398      1888.0596      121.78409      305.14062      0.22707279   
   1477000   543.7829       1340.0968      1883.8797      82.890328      299.91641      0.22213432   
   1478000   512.25456      1368.5302      1880.7848      99.749043      306.27988      0.22342661   
   1479000   543.08775      1331.1012      1874.189       104.46555      297.90319      0.22770171   
   1480000   518.06778      1307.0581      1825.1258      174.91746      292.52228      0.24009868   
   1481000   493.31105      1333.1043      1826.4154      179.80957      298.35148      0.2466411    
   1482000   505.51352      1372.0055      1877.5191      96.378507      307.05766      0.24385185   
   1483000   533.45067      1354.0161      1887.4667      39.090462      303.03157      0.23703482   
   1484000   547.22415      1358.0355      1905.2597      85.668813      303.93114      0.23206843   
   1485000   546.46627      1370.0757      1916.5419      79.825863      306.62575      0.22896249   
   1486000   525.9177       1380.9734      1906.8911      122.86448      309.06468      0.22942462   
   1487000   537.54818      1367.5743      1905.1225      138.15486      306.06594      0.23040354   
   1488000   495.55041      1336.3408      1831.8912      178.64415      299.07582      0.23789577   
   1489000   521.43504      1326.8709      1848.306       178.31331      296.95644      0.24923043   
   1490000   499.73422      1330.7164      1830.4507      266.31863      297.81707      0.24889738   
   1491000   490.43421      1349.318       1839.7522      152.31299      301.98013      0.24148582   
   1492000   506.26559      1322.3858      1828.6514      141.59915      295.95266      0.23457927   
   1493000   557.99819      1294.419       1852.4172      76.259006      289.69363      0.22688312   
   1494000   506.70691      1331.0218      1837.7287      178.34343      297.88541      0.22372644   
   1495000   516.42826      1304.0354      1820.4636      150.96493      291.84579      0.22631591   
   1496000   537.90505      1307.6244      1845.5294      232.25638      292.64902      0.23000287   
   1497000   516.40989      1327.5344      1843.9443      193.80783      297.10492      0.23332445   
   1498000   507.15333      1328.3323      1835.4856      284.69415      297.2835       0.23722921   
   1499000   495.92533      1300.8896      1796.8149      280.21538      291.14176      0.23675661   
   1500000   505.09361      1307.9424      1813.036       209.86152      292.7202       0.23396869   
   1501000   522.26606      1313.8374      1836.1035      199.54959      294.03952      0.23268854   
   1502000   505.48563      1329.4371      1834.9227      149.86041      297.53075      0.23337111   
   1503000   493.60536      1330.6281      1824.2335      185.28955      297.79731      0.24031841   
   1504000   502.03513      1327.0975      1829.1326      92.867477      297.00714      0.24413172   
   1505000   479.67206      1308.7803      1788.4523      154.26433      292.90771      0.24414673   
   1506000   502.92032      1298.1674      1801.0877      183.20385      290.53253      0.23990207   
   1507000   532.21266      1323.0993      1855.312       171.5604       296.11234      0.23337575   
   1508000   543.27756      1336.4292      1879.7068      216.39252      299.0956       0.23095131   
   1509000   514.5844       1356.8595      1871.4439      171.74296      303.66794      0.22997606   
   1510000   528.69359      1352.595       1881.2885      135.78155      302.71353      0.23460113   
   1511000   507.3231       1356.5961      1863.9192      194.38442      303.60899      0.24290148   
   1512000   487.39184      1351.5215      1838.9133      195.32394      302.47328      0.24854244   
   1513000   522.17315      1346.3311      1868.5042      195.47272      301.31166      0.24994343   
   1514000   492.75027      1350.1558      1842.906       181.24552      302.16763      0.24639336   
   1515000   521.01778      1351.2418      1872.2596      119.23626      302.41069      0.23769341   
   1516000   543.87275      1355.0316      1898.9044      159.78952      303.25886      0.2308118    
   1517000   549.96447      1357.0888      1907.0532      232.29589      303.71925      0.22793769   
   1518000   567.15901      1402.0041      1969.1631      220.55025      313.77139      0.22507286   
   1519000   555.51444      1368.3399      1923.8543      100.92775      306.23727      0.22352908   
   1520000   537.93124      1351.9296      1889.8608      68.891208      302.56462      0.22653358   
   1521000   555.88344      1332.0347      1887.9181      64.765666      298.11209      0.23286447   
   1522000   518.73372      1332.2319      1850.9656      136.3425       298.15623      0.23836101   
   1523000   484.69953      1317.2415      1801.9411      255.59847      294.80136      0.24329002   
   1524000   475.99124      1360.7466      1836.7379      334.25489      304.53789      0.24904894   
   1525000   477.23432      1360.1635      1837.3978      295.15302      304.40738      0.24868161   
   1526000   491.77836      1380.1904      1871.9687      238.89424      308.88944      0.24558504   
   1527000   543.64819      1398.3186      1941.9668      210.28812      312.94657      0.23646846   
   1528000   537.18083      1388.0846      1925.2654      200.93433      310.65618      0.23023759   
   1529000   530.28623      1367.8538      1898.14        254.31047      306.12849      0.23151325   
   1530000   535.70588      1338.4881      1874.194       191.75649      299.55638      0.2320148    
   1531000   538.59197      1348.5116      1887.1036      152.32281      301.79967      0.23405874   
   1532000   511.47875      1324.6432      1836.1219      162.49097      296.45787      0.23653705   
   1533000   490.35382      1294.1969      1784.5507      72.253382      289.64393      0.2378123    
   1534000   514.02835      1308.2754      1822.3037      74.969674      292.79471      0.23401652   
   1535000   510.18261      1303.8015      1813.9841      57.627083      291.79345      0.2279543    
   1536000   516.53062      1281.4206      1797.9512      165.76218      286.78455      0.22668446   
   1537000   518.60604      1323.0495      1841.6556      226.17945      296.1012       0.2328122    
   1538000   486.33199      1318.3338      1804.6658      311.27298      295.04582      0.24182501   
   1539000   496.56636      1349.5168      1846.0832      340.60375      302.02464      0.2452971    
   1540000   503.53515      1328.8563      1832.3915      344.8524       297.40078      0.24112086   
   1541000   479.98311      1296.5817      1776.5648      260.32515      290.17765      0.23396983   
   1542000   508.55939      1302.8851      1811.4445      118.09939      291.58836      0.23144328   
   1543000   488.31962      1332.4391      1820.7587      120.71911      298.20261      0.23352771   
   1544000   505.91855      1331.346       1837.2645      112.99159      297.95796      0.23328927   
   1545000   526.5152       1289.3662      1815.8814      125.86305      288.56281      0.23192426   
   1546000   531.3578       1319.3283      1850.6861      154.46273      295.26838      0.22858638   
   1547000   535.08309      1292.4486      1827.5317      221.5123       289.25265      0.22741529   
   1548000   488.54956      1345.556       1834.1055      332.27872      301.13819      0.22984476   
   1549000   527.52454      1329.7276      1857.2522      292.24367      297.59578      0.23802912   
   1550000   473.83893      1332.3521      1806.191       361.85985      298.18313      0.24463069   
   1551000   487.09377      1324.8512      1811.945       309.21702      296.50442      0.24592098   
   1552000   479.28146      1306.0497      1785.3312      304.87092      292.2966       0.24033272   
   1553000   527.66164      1379.8659      1907.5276      153.42591      308.81683      0.23121358   
   1554000   516.7112       1359.5107      1876.2219      15.926988      304.26128      0.22762287   
   1555000   524.51966      1366.7883      1891.3079      69.674043      305.89002      0.23316534   
   1556000   535.00818      1320.3763      1855.3844      216.96347      295.50292      0.23908307   
   1557000   518.46605      1307.5417      1826.0078      333.85537      292.63052      0.23827524   
   1558000   489.25475      1348.3271      1837.5819      393.35157      301.75838      0.23299021   
   1559000   515.19917      1338.3825      1853.5817      388.21653      299.53275      0.22748971   
   1560000   546.05611      1298.3014      1844.3575      270.93598      290.56252      0.22616581   
   1561000   554.97169      1315.4951      1870.4668      143.17495      294.4105       0.22997019   
   1562000   501.42905      1335.8322      1837.2613      107.2905       298.962        0.23365471   
   1563000   508.7246       1322.3491      1831.0737      110.91781      295.94445      0.23577689   
   1564000   520.14192      1318.3308      1838.4727      116.81902      295.04513      0.24190117   
   1565000   482.29716      1310.9452      1793.2423      221.20655      293.39222      0.25524579   
   1566000   457.16456      1311.4534      1768.618       244.68143      293.50597      0.25757672   
   1567000   503.94344      1305.2387      1809.1822      209.39503      292.11511      0.25179952   
   1568000   495.20479      1288.5712      1783.776       253.8751       288.38489      0.24549849   
   1569000   501.30703      1345.1382      1846.4453      253.9953       301.0447       0.24312816   
   1570000   515.98825      1349.3271      1865.3154      239.38621      301.98218      0.23935233   
   1571000   498.16429      1350.2564      1848.4207      197.03713      302.19015      0.2356678    
   1572000   489.19147      1350.6575      1839.849       142.18261      302.27992      0.23568548   
   1573000   503.37074      1316.5155      1819.8863      166.57055      294.63888      0.23817444   
   1574000   512.71211      1319.671       1832.3831      125.95626      295.34508      0.23848081   
   1575000   514.32404      1307.3763      1821.7003      104.81124      292.59349      0.23861159   
   1576000   530.37127      1368.0531      1898.4244      145.15031      306.17309      0.23565697   
   1577000   501.41284      1365.3273      1866.7402      224.90857      305.56306      0.23021421   
   1578000   531.91434      1332.228       1864.1423      187.82666      298.15536      0.22328032   
   1579000   528.39928      1323.8056      1852.2049      163.65488      296.27042      0.21682958   
   1580000   516.55857      1343.1751      1859.7337      192.26962      300.60535      0.22001211   
   1581000   488.04842      1318.8137      1806.8621      211.92856      295.15321      0.23351157   
   1582000   493.60839      1327.306       1820.9144      229.96751      297.0538       0.24240303   
   1583000   492.98846      1323.1538      1816.1423      255.72249      296.12454      0.24304009   
   1584000   556.41509      1332.7425      1889.1575      89.589656      298.2705       0.23812064   
   1585000   527.92518      1368.4758      1896.401       111.79976      306.2677       0.23425763   
   1586000   506.78921      1409.1325      1915.9217      113.89678      315.36675      0.23261947   
   1587000   505.45625      1374.9129      1880.3692      215.87685      307.70833      0.23103572   
   1588000   520.26885      1339.2067      1859.4755      265.93871      299.71721      0.23103443   
   1589000   542.32366      1346.2061      1888.5297      234.54829      301.28368      0.23231221   
   1590000   485.2417       1387.784       1873.0257      206.03122      310.58892      0.23915612   
   1591000   506.55798      1380.0839      1886.6419      181.05976      308.86561      0.24533772   
   1592000   483.07121      1333.0133      1816.0845      190.26673      298.33112      0.24740831   
   1593000   480.35196      1353.2769      1833.6289      266.38023      302.86615      0.2479417    
   1594000   519.88941      1318.8366      1838.7261      288.67444      295.15835      0.23920205   
   1595000   514.9815       1318.7167      1833.6982      276.71528      295.13151      0.2275051    
   1596000   526.53639      1322.4746      1849.011       257.50538      295.97252      0.22584565   
   1597000   506.03546      1339.8514      1845.8869      99.281306      299.86149      0.22665783   
   1598000   519.3181       1313.4062      1832.7243     -88.654093      293.94301      0.22467674   
   1599000   530.30072      1327.9946      1858.2953     -81.120491      297.20792      0.22637657   
   1600000   509.54185      1317.1145      1826.6563     -30.010648      294.77292      0.23542888   
   1601000   502.47889      1328.9765      1831.4553      63.667855      297.42766      0.24252219   
   1602000   500.04561      1322.3273      1822.3729      198.22258      295.93957      0.24546193   
   1603000   499.31797      1287.956       1787.274       204.51822      288.2472       0.24184092   
   1604000   546.87787      1290.2678      1837.1457      227.96673      288.76458      0.23878363   
   1605000   510.25234      1311.5887      1821.841       227.92516      293.53624      0.23556308   
   1606000   519.90134      1326.5424      1846.4437      224.06521      296.88291      0.23248915   
   1607000   512.60246      1321.7752      1834.3777      259.16739      295.81601      0.2322453    
   1608000   500.08036      1300.9816      1801.062       252.25096      291.16236      0.23238091   
   1609000   485.84767      1348.7915      1834.6392      312.85977      301.86231      0.2345531    
   1610000   503.32747      1316.9752      1820.3027      267.59309      294.74176      0.23851594   
   1611000   495.80911      1263.2288      1759.0379      230.16015      282.71321      0.24058296   
   1612000   491.69795      1310.4432      1802.1411      167.00126      293.27987      0.24581883   
   1613000   494.26638      1332.6309      1826.8973      155.34346      298.24553      0.25210072   
   1614000   491.70886      1313.2296      1804.9384      153.17049      293.90348      0.25250431   
   1615000   511.96643      1303.0906      1815.057       161.83425      291.63434      0.2457764    
   1616000   492.25167      1294.0574      1786.3091      189.51752      289.61271      0.23374199   
   1617000   514.0402       1293.5606      1807.6008      205.37289      289.50152      0.22925334   
   1618000   511.34363      1323.2636      1834.6072      219.55206      296.1491       0.23089355   
   1619000   530.80455      1338.4109      1869.2154      215.84341      299.5391       0.23365284   
   1620000   529.09282      1367.9167      1897.0096      161.05028      306.14258      0.23539033   
   1621000   511.75212      1384.2931      1896.0452      206.35924      309.80764      0.23634529   
   1622000   483.97712      1376.8901      1860.8673      290.5029       308.15084      0.23695019   
   1623000   551.79409      1323.7555      1875.5496      245.88075      296.25919      0.23505912   
   1624000   505.10028      1366.9704      1872.0707      229.61476      305.93078      0.23594946   
   1625000   512.49844      1357.1016      1869.6001      186.39224      303.72213      0.23695709   
   1626000   496.13767      1366.6671      1862.8048      134.94304      305.86291      0.23798634   
   1627000   504.94825      1315.7507      1820.6989      195.65568      294.4677       0.24226712   
   1628000   508.34186      1317.917       1826.2589      288.44197      294.95253      0.24723705   
   1629000   484.40918      1352.7235      1837.1327      338.35061      302.7423       0.24776899   
   1630000   523.02251      1318.4456      1841.4681      224.51215      295.07084      0.23311183   
   1631000   515.60701      1331.9151      1847.5221      195.73767      298.08532      0.22410433   
   1632000   497.23642      1348.4547      1845.6911      108.63576      301.78693      0.22467929   
   1633000   533.71317      1312.792       1846.5052      4.8443612      293.80555      0.23123827   
   1634000   514.92811      1307.557       1822.4851     -0.8478834      292.63394      0.23551979   
   1635000   520.96234      1351.2274      1872.1898      144.978        302.40747      0.23756894   
   1636000   497.51166      1366.462       1863.9737      171.07568      305.817        0.23609499   
   1637000   492.01041      1362.8659      1854.8763      243.03546      305.01219      0.23435488   
   1638000   484.76842      1335.4904      1820.2589      274.6306       298.8855       0.23566677   
   1639000   488.86575      1332.2047      1821.0704      322.17192      298.15014      0.24344263   
   1640000   486.36536      1330.4228      1816.7881      241.51332      297.75135      0.24687139   
   1641000   487.15897      1350.8257      1837.9847      7.2334114      302.31757      0.24248545   
   1642000   495.77144      1288.0729      1783.8443     -130.08082      288.27335      0.23548552   
   1643000   498.27659      1290.5605      1788.8371     -57.017286      288.83009      0.23350799   
   1644000   508.04639      1305.3452      1813.3916      131.22106      292.13894      0.23813651   
   1645000   482.14854      1326.3977      1808.5462      278.34443      296.85053      0.24447543   
   1646000   494.43973      1334.2654      1828.7052      353.15835      298.61134      0.25011937   
   1647000   495.80279      1320.9635      1816.7663      376.26203      295.63434      0.25112497   
   1648000   525.87515      1388.1313      1914.0065      287.87359      310.66664      0.23912752   
   1649000   508.62983      1379.5815      1888.2113      202.62464      308.75316      0.22946466   
   1650000   533.49466      1351.2036      1884.6983      87.144307      302.40214      0.22857761   
   1651000   564.19462      1341.4684      1905.663       25.627743      300.22338      0.23334131   
   1652000   526.93508      1377.5948      1904.5299     -14.338853      308.30855      0.23750389   
   1653000   516.59837      1377.2585      1893.8569      179.23775      308.23329      0.24115966   
   1654000   507.25015      1349.0595      1856.3097      185.18147      301.92229      0.24306472   
   1655000   500.66333      1326.8387      1827.5021      347.81003      296.94923      0.24408287   
   1656000   471.90301      1346.274       1818.177       367.26847      301.29889      0.24087439   
   1657000   520.72899      1271.4906      1792.2195      384.32373      284.5622       0.24068077   
   1658000   514.61157      1316.4992      1831.1108      261.69852      294.63523      0.23830972   
   1659000   498.91897      1339.2767      1838.1957      163.58124      299.73289      0.24006147   
   1660000   521.44486      1298.7146      1820.1595      106.51802      290.655        0.24438034   
   1661000   487.85232      1337.4235      1825.2758      41.045084      299.31811      0.2496318    
   1662000   496.36718      1329.4013      1825.7685      63.370028      297.52274      0.25317486   
   1663000   481.83901      1313.7493      1795.5883      73.39423       294.01978      0.25122114   
   1664000   490.42317      1350.5365      1840.9596      149.93462      302.25283      0.23922942   
   1665000   552.19072      1336.9932      1889.1839      193.5434       299.22182      0.22894646   
   1666000   512.5154       1383.0117      1895.5271      238.19788      309.52086      0.22851621   
   1667000   526.32774      1353.8283      1880.156       244.15982      302.98955      0.23452881   
   1668000   545.65464      1351.2088      1896.8635      230.1994       302.40331      0.2393745    
   1669000   521.29537      1369.9486      1891.244       210.59489      306.59731      0.23898614   
   1670000   539.24357      1394.5073      1933.7509      202.40451      312.0936       0.23362863   
   1671000   535.7087       1339.609       1875.3177      122.47398      299.80725      0.22940331   
   1672000   533.74511      1337.6969      1871.442       162.8055       299.37931      0.23302875   
   1673000   495.27408      1373.8702      1869.1443      198.99377      307.47497      0.24348535   
   1674000   492.80498      1346.2239      1839.0289      337.22733      301.28768      0.25324414   
   1675000   469.62923      1348.9381      1818.5673      325.25494      301.89511      0.25120482   
   1676000   485.65115      1326.9366      1812.5877      241.65874      296.97113      0.24488486   
   1677000   495.49384      1340.0121      1835.506       129.00406      299.89747      0.24063386   
   1678000   495.86319      1354.0188      1849.882       67.035816      303.03218      0.23971332   
   1679000   492.69233      1344.9597      1837.652       70.687077      301.00474      0.23809241   
   1680000   494.94696      1332.6817      1827.6286      93.168588      298.25689      0.23612313   
   1681000   484.04188      1304.2487      1788.2906      111.95377      291.89353      0.23458352   
   1682000   530.18408      1293.2081      1823.3922      98.225285      289.42263      0.23676519   
   1683000   503.43164      1315.2706      1818.7022      209.11408      294.36025      0.24797076   
   1684000   493.47292      1362.2595      1855.7324      281.78025      304.87648      0.2562902    
   1685000   499.62771      1292.2657      1791.8934      227.407        289.21171      0.25534589   
   1686000   509.1957       1299.8192      1809.0149      265.83646      290.90221      0.254626     
   1687000   483.55417      1334.4136      1817.9678      288.13948      298.6445       0.25136958   
   1688000   473.84483      1331.8065      1805.6513      248.05081      298.06103      0.24496702   
   1689000   513.4208       1288.1883      1801.6091      159.8563       288.29919      0.23553676   
   1690000   517.03581      1298.7807      1815.8165      202.41223      290.66979      0.23019535   
   1691000   521.42954      1315.2351      1836.6647      175.92756      294.35232      0.22805288   
   1692000   512.30542      1335.7523      1848.0577      130.57119      298.94411      0.22993592   
   1693000   511.80876      1307.007       1818.8158      149.53076      292.51086      0.23627713   
   1694000   480.45681      1304.4939      1784.9507      54.539992      291.94841      0.23927804   
   1695000   506.28935      1330.1773      1836.4667      44.846125      297.69642      0.23732512   
   1696000   543.26006      1344.3775      1887.6376      72.701188      300.87445      0.22888346   
   1697000   541.13208      1398.0968      1939.2289      145.03606      312.89694      0.2211712    
   1698000   563.19017      1390.8199      1954.01        208.04943      311.26834      0.22007395   
   1699000   556.04397      1336.0553      1892.0992      263.1181       299.01191      0.22586552   
   1700000   523.81176      1398.5901      1922.4018      322.16215      313.00733      0.23669107   
   1701000   492.03028      1399.308       1891.3383      295.69173      313.16801      0.24202762   
   1702000   493.90919      1380.9661      1874.8753      244.82175      309.06304      0.24379404   
   1703000   499.31312      1407.8867      1907.1998      207.3068       315.08794      0.24231425   
   1704000   509.27811      1361.0747      1870.3528      188.40042      304.6113       0.23823836   
   1705000   520.82753      1342.4579      1863.2855      222.97667      300.44484      0.23461215   
   1706000   552.02367      1323.5552      1875.5788      286.60992      296.21436      0.22981641   
   1707000   520.75885      1318.3737      1839.1326      352.97669      295.05475      0.22227097   
   1708000   540.34153      1303.3539      1843.6954      301.31958      291.69328      0.21917287   
   1709000   519.83356      1345.1562      1864.9898      268.61224      301.04872      0.2242124    
   1710000   516.96885      1312.3835      1829.3524      299.0531       293.71413      0.23551072   
   1711000   506.6485       1308.8972      1815.5457      273.56186      292.93387      0.23995209   
   1712000   514.95828      1285.8427      1800.801       156.85942      287.77425      0.24034646   
   1713000   494.63542      1293.6581      1788.2935      157.21641      289.52334      0.23986205   
   1714000   501.89325      1321.0117      1822.905       186.78788      295.64514      0.23726255   
   1715000   512.20444      1334.005       1846.2095      232.75954      298.55306      0.22793447   
   1716000   529.40994      1336.2272      1865.6372      289.48391      299.0504       0.2187108    
   1717000   532.26273      1370.7656      1903.0283      325.89155      306.78015      0.21831511   
   1718000   550.96969      1379.4097      1930.3794      325.33879      308.71472      0.22512261   
   1719000   521.50864      1318.5714      1840.0801      281.08582      295.09899      0.23295512   
   1720000   530.12508      1299.486       1829.6111      185.41189      290.82764      0.23849684   
   1721000   484.82316      1286.2984      1771.1216      191.41078      287.87622      0.24345416   
   1722000   472.75882      1295.3651      1768.124       170.31926      289.90537      0.24849715   
   1723000   511.64248      1333.5211      1845.1636      201.99948      298.44476      0.25148229   
   1724000   501.59348      1357.6424      1859.2359      248.53355      303.84315      0.24909101   
   1725000   501.9977       1363.5777      1865.5754      305.60125      305.1715       0.24530536   
   1726000   547.12023      1335.9131      1883.0334      320.98724      298.9801       0.2412737    
   1727000   546.46402      1368.9258      1915.3899      327.98993      306.36841      0.23869246   
   1728000   535.60292      1360.7234      1896.3264      182.58164      304.5327       0.23318736   
   1729000   562.31073      1388.6071      1950.9178      85.565393      310.77312      0.22889928   
   1730000   546.53888      1350.2744      1896.8133      39.650852      302.19418      0.22806406   
   1731000   527.90732      1367.3379      1895.2452      63.054365      306.01304      0.23163271   
   1732000   528.72343      1376.2803      1905.0037      227.8174       308.01436      0.23660326   
   1733000   509.28373      1377.238       1886.5217      313.5327       308.22869      0.24217189   
   1734000   482.28927      1363.633       1845.9223      427.86972      305.18387      0.24585254   
   1735000   507.85626      1329.9433      1837.7996      416.54976      297.64405      0.24544954   
   1736000   511.10843      1339.3035      1850.4119      310.89549      299.73887      0.2385152    
   1737000   480.16321      1342.0428      1822.206       224.92907      300.35193      0.22748172   
   1738000   504.28698      1302.3005      1806.5875      171.96986      291.45752      0.22272922   
   1739000   524.2575       1316.3107      1840.5682      98.242481      294.59304      0.22211211   
   1740000   515.65677      1328.8626      1844.5194      178.98039      297.40219      0.22703104   
   1741000   501.89774      1308.6172      1810.5149      194.14523      292.87121      0.22975531   
   1742000   514.6791       1337.8019      1852.481       203.06083      299.40282      0.22869723   
   1743000   517.59144      1341.1232      1858.7147      187.5774       300.14613      0.22681352   
   1744000   522.98423      1304.9713      1827.9555      210.29778      292.05525      0.22772722   
   1745000   509.21058      1355.2634      1864.474       241.42227      303.31073      0.23063827   
   1746000   509.68675      1348.2841      1857.9709      272.46563      301.74875      0.23767593   
   1747000   509.17138      1356.4299      1865.6013      241.02091      303.57179      0.24311367   
   1748000   519.10053      1325.221       1844.3216      236.34543      296.58719      0.24303343   
   1749000   463.03292      1356.1623      1819.1952      198.06821      303.5119       0.23905201   
   1750000   514.93774      1335.2142      1850.152       159.10818      298.82369      0.23778727   
   1751000   534.76035      1307.0298      1841.7902      221.28891      292.51596      0.23740491   
   1752000   497.86054      1354.2669      1852.1274      227.05483      303.08771      0.23762426   
   1753000   511.12219      1338.3085      1849.4307      270.85629      299.51618      0.23783164   
   1754000   499.99444      1368.321       1868.3154      207.74265      306.23305      0.23570311   
   1755000   496.5941       1369.5028      1866.0969      107.8775       306.49754      0.23397707   
   1756000   514.46781      1353.3592      1867.827       11.68419       302.88456      0.23227004   
   1757000   539.13092      1376.2358      1915.3667     -50.863705      308.0044       0.22798771   
   1758000   523.87824      1354.2385      1878.1168      14.606627      303.08136      0.22812504   
   1759000   520.50993      1341.7805      1862.2904      177.99812      300.29323      0.23230024   
   1760000   525.07726      1287.3338      1812.411       241.80447      288.10794      0.23555533   
   1761000   516.25317      1306.0799      1822.3331      222.45537      292.30336      0.23820322   
   1762000   476.44991      1316.9363      1793.3862      225.8519       294.73304      0.23455507   
   1763000   542.44461      1309.7442      1852.1888      227.40735      293.12343      0.22604607   
   1764000   545.20138      1331.8438      1877.0452      235.01139      298.06937      0.21898822   
   1765000   531.73828      1322.131       1853.8692      277.64886      295.89562      0.21924476   
   1766000   535.52486      1320.5897      1856.1145      276.07153      295.55068      0.22616788   
   1767000   518.41318      1312.2378      1830.651       175.22581      293.68152      0.23393701   
   1768000   477.04664      1364.0926      1841.1392      161.43701      305.28672      0.23550596   
   1769000   528.02094      1333.069       1861.0899      97.206394      298.34357      0.23315596   
   1770000   519.89559      1360.471       1880.3666      125.04513      304.47621      0.23174605   
   1771000   546.384        1376.5116      1922.8956      254.97701      308.06611      0.23164837   
   1772000   542.6801       1347.5043      1890.1844      379.41988      301.57424      0.23070803   
   1773000   518.59176      1360.5554      1879.1472      381.21285      304.49509      0.22839005   
   1774000   547.2309       1345.825       1893.0559      273.05767      301.1984       0.2277435    
   1775000   550.49014      1360.9474      1911.4375      189.51404      304.58282      0.23187367   
   1776000   505.06777      1376.0422      1881.11        49.236443      307.96107      0.237188     
   1777000   512.80894      1373.5551      1886.364      -92.859832      307.40445      0.2359327    
   1778000   551.9815       1357.6937      1909.6752     -27.333519      303.85464      0.23187989   
   1779000   509.53443      1349.1057      1858.6401      115.77335      301.93262      0.22823593   
   1780000   496.08604      1351.1339      1847.2199      267.06034      302.38653      0.23168138   
   1781000   502.09289      1335.6175      1837.7104      264.7194       298.91393      0.24155096   
   1782000   485.588        1323.2788      1808.8668      211.72668      296.1525       0.24953573   
   1783000   484.58117      1311.3938      1795.975       115.01142      293.49263      0.25030598   
   1784000   526.37852      1334.0988      1860.4773      49.718712      298.57405      0.24138646   
   1785000   544.44379      1348.4625      1892.9063      116.81945      301.78867      0.23217398   
   1786000   497.36647      1345.9877      1843.3542      208.68982      301.23481      0.22716982   
   1787000   513.62972      1343.9118      1857.5415      231.25119      300.77022      0.22763668   
   1788000   546.56551      1356.7453      1903.3108      321.08232      303.64239      0.23378374   
   1789000   507.75061      1388.6413      1896.3919      299.09522      310.78077      0.23918627   
   1790000   496.57157      1370.7446      1867.3161      240.57354      306.77544      0.24388278   
   1791000   516.61183      1333.6366      1850.2484      153.65093      298.4706       0.24625702   
   1792000   500.91182      1368.9012      1869.813       119.80547      306.36289      0.24581892   
   1793000   494.74555      1368.0523      1862.7978      106.92274      306.17291      0.243953     
   1794000   498.12135      1344.1118      1842.2331      128.20304      300.81497      0.24253894   
   1795000   484.07455      1372.8551      1856.9296      199.46766      307.24778      0.24486465   
   1796000   526.50413      1347.1898      1873.6939      265.23986      301.50384      0.24701905   
   1797000   508.2007       1335.0252      1843.2259      200.63328      298.78137      0.24054936   
   1798000   529.51891      1318.6159      1848.1348      202.36545      295.10894      0.23529628   
   1799000   527.08791      1321.5254      1848.6133      99.166332      295.7601       0.230239     
   1800000   512.21828      1334.5917      1846.81        92.360783      298.68437      0.22959197   
   1801000   516.39809      1341.3813      1857.7794      42.654279      300.20389      0.23382694   
   1802000   516.83634      1317.6352      1834.4715      0.65654859     294.88946      0.23843356   
   1803000   507.53795      1265.1518      1772.6898     -19.911129      283.14357      0.24017136   
   1804000   497.93659      1292.9067      1790.8433      106.80241      289.35517      0.24339121   
   1805000   456.31319      1350.4205      1806.7337      234.80957      302.22688      0.24945362   
   1806000   490.48143      1337.1013      1827.5828      273.39088      299.24602      0.25329293   
   1807000   485.9657       1308.7651      1794.7308      228.99314      292.90432      0.2493761    
   1808000   526.7546       1313.4944      1840.249       306.92821      293.96275      0.24085981   
   1809000   503.89117      1339.0062      1842.8974      311.74783      299.67235      0.23687192   
   1810000   501.74264      1350.4653      1852.208       322.06742      302.23692      0.23876051   
   1811000   508.16289      1359.586       1867.7489      343.09672      304.27814      0.24434274   
   1812000   499.96407      1340.444       1840.4081      329.3987       299.99413      0.25290424   
   1813000   499.38438      1367.9379      1867.3223      227.42948      306.14732      0.25743263   
   1814000   506.86341      1329.387       1836.2504      96.732689      297.51954      0.25158791   
   1815000   509.36651      1335.5629      1844.9294      47.343007      298.90171      0.2467126    
   1816000   504.24234      1347.794       1852.0364      66.938432      301.63907      0.24523144   
   1817000   476.34979      1334.1155      1810.4653      148.62556      298.57778      0.24313484   
   1818000   514.32716      1325.0763      1839.4035      246.63451      296.5548       0.24318729   
   1819000   520.62773      1351.399       1872.0267      297.54522      302.44586      0.24290452   
   1820000   512.336        1383.8249      1896.1609      345.07998      309.70286      0.23892876   
   1821000   530.81594      1356.8634      1887.6793      318.29271      303.66882      0.23268964   
   1822000   517.4238       1391.3218      1908.7456      352.8636       311.38067      0.2313662    
   1823000   532.00226      1371.8971      1903.8993      366.19258      307.03338      0.23298698   
   1824000   511.9006       1358.8088      1870.7094      396.57374      304.1042       0.23825501   
   1825000   524.03762      1313.6396      1837.6773      244.92104      293.99525      0.2425475    
   1826000   510.02503      1338.906       1848.931       144.44787      299.64991      0.24435349   
   1827000   517.38403      1345.2379      1862.6219      2.0715814      301.06699      0.24253367   
   1828000   491.66713      1359.7659      1851.4331      17.392978      304.31841      0.24372175   
   1829000   504.56187      1359.47        1864.0319      63.493159      304.25218      0.23997599   
   1830000   506.60541      1362.5571      1869.1626      170.31337      304.94308      0.22913294   
   1831000   547.53277      1347.8355      1895.3683      227.22228      301.64835      0.21776001   
   1832000   552.55403      1372.3328      1924.8869      260.80665      307.13091      0.21948972   
   1833000   546.88166      1381.1454      1928.027       236.54049      309.10317      0.22891363   
   1834000   530.25375      1366.4731      1896.7269      222.64183      305.81949      0.23578249   
   1835000   515.77743      1350.6769      1866.4543      103.57325      302.28426      0.23996763   
   1836000   514.44998      1336.5591      1851.0091      35.819932      299.12467      0.24047075   
   1837000   477.62493      1314.8097      1792.4346      46.422352      294.25711      0.24073232   
   1838000   481.14266      1326.7604      1807.9031      150.98419      296.93171      0.24218278   
   1839000   504.77073      1324.32        1829.0907      377.05133      296.38553      0.24760946   
   1840000   513.55386      1337.4157      1850.9696      428.55701      299.31639      0.24997967   
   1841000   485.31543      1278.0346      1763.35        363.06646      286.02677      0.24746958   
   1842000   487.96591      1297.4521      1785.418       245.33623      290.37245      0.24188855   
   1843000   489.5835       1319.9865      1809.57        209.16419      295.41568      0.23575725   
   1844000   508.79416      1338.4045      1847.1987      140.76994      299.53768      0.22870472   
   1845000   534.70102      1346.8928      1881.5939      119.12156      301.43738      0.22694345   
   1846000   495.2744       1354.3039      1849.5783      93.304309      303.096        0.23149086   
   1847000   515.0335       1357.4269      1872.4604      80.714397      303.79492      0.24228899   
   1848000   517.891        1392.9386      1910.8296      138.25308      311.74252      0.24666737   
   1849000   524.30999      1371.9191      1896.2291      123.95409      307.03832      0.24199986   
   1850000   545.24098      1346.8098      1892.0508      137.01245      301.4188       0.23707547   
   1851000   527.68228      1343.0378      1870.7201      203.48003      300.57462      0.23631895   
   1852000   495.84448      1336.0212      1831.8657      230.56035      299.00429      0.24045926   
   1853000   449.32124      1320.9306      1770.2519      287.92767      295.62699      0.24580188   
   1854000   497.62522      1295.0986      1792.7239      255.60869      289.84573      0.24773769   
   1855000   489.7846       1356.4666      1846.2512      173.04868      303.58         0.23969556   
   1856000   537.39525      1338.8214      1876.2166      19.092701      299.63097      0.22757583   
   1857000   518.29789      1324.0712      1842.3691      39.780447      296.32985      0.22566466   
   1858000   488.88736      1317.6605      1806.5479      92.179673      294.89513      0.22678411   
   1859000   484.58172      1295.9223      1780.504       231.93296      290.03006      0.23078005   
   1860000   502.61139      1283.9169      1786.5283      326.44456      287.34325      0.2374119    
   1861000   494.65827      1325.5778      1820.2361      314.0088       296.66704      0.24154012   
   1862000   485.67105      1335.6074      1821.2784      277.67225      298.91167      0.24352924   
   1863000   511.97173      1300.851       1812.8227      237.99376      291.13312      0.24452864   
   1864000   460.89656      1271.8094      1732.7059      226.01232      284.63354      0.24313095   
   1865000   459.44226      1335.2165      1794.6588      246.71013      298.8242       0.24142321   
   1866000   479.34264      1332.3191      1811.6618      297.72277      298.17576      0.24119114   
   1867000   508.90694      1329.3414      1838.2484      189.4618       297.50934      0.23932871   
   1868000   517.50417      1326.5113      1844.0155      147.93239      296.87595      0.23457422   
   1869000   508.62687      1346.6126      1855.2395      123.03339      301.37467      0.2284985    
   1870000   522.56116      1343.2849      1865.846       174.53212      300.62991      0.22647461   
   1871000   559.6797       1335.4762      1895.1559      229.62462      298.88231      0.23242285   
   1872000   506.2893       1313.2001      1819.4894      252.82436      293.89688      0.24124949   
   1873000   481.89009      1331.7745      1813.6646      302.82967      298.05386      0.24826341   
   1874000   455.67802      1324.8849      1780.5629      231.38942      296.51196      0.24956383   
   1875000   494.11104      1330.3134      1824.4244      137.6181       297.72686      0.24950529   
   1876000   514.31223      1349.7074      1864.0196      193.10427      302.06728      0.2473215    
   1877000   511.3672       1343.684       1855.0512      107.59929      300.71923      0.24247795   
   1878000   506.65222      1364.5902      1871.2425      113.4229       305.3981       0.24088924   
   1879000   544.42567      1330.5549      1874.9806      194.29332      297.78091      0.23911095   
   1880000   530.23042      1331.1628      1861.3932      246.99541      297.91696      0.23346495   
   1881000   507.42744      1393.2508      1900.6782      239.8062       311.81238      0.2325477    
   1882000   526.88111      1360.1932      1887.0743      169.66926      304.41403      0.23469343   
   1883000   485.90413      1362.7175      1848.6216      153.69782      304.97897      0.23682514   
   1884000   540.7911       1336.3844      1877.1755      234.96737      299.08558      0.23831519   
   1885000   512.8174       1337.7455      1850.5629      270.09587      299.3902       0.23404602   
   1886000   522.06714      1357.5721      1879.6392      327.37979      303.82742      0.2285282    
   1887000   528.99089      1366.67        1895.6609      341.12339      305.86355      0.22311931   
   1888000   524.86784      1349.4701      1874.338       286.32539      302.01419      0.22116579   
   1889000   533.99692      1353.5489      1887.5458      322.39312      302.92702      0.22598739   
   1890000   512.30437      1333.7979      1846.1022      230.46595      298.5067       0.23576861   
   1891000   494.15148      1287.4979      1781.6494      178.44998      288.14468      0.24166174   
   1892000   512.59826      1296.0447      1808.6429      133.4727       290.05746      0.24232057   
   1893000   494.12692      1322.2966      1816.4235      136.97464      295.93269      0.2425251    
   1894000   465.47084      1337.2943      1802.7651      175.85154      299.2892       0.24053473   
   1895000   512.41391      1332.7181      1845.132       258.43366      298.26504      0.23962499   
   1896000   488.52904      1295.2921      1783.8211      361.47825      289.88903      0.23435039   
   1897000   520.80633      1326.9568      1847.7631      287.12324      296.97565      0.22379528   
   1898000   530.17464      1309.5056      1839.6802      151.12178      293.07004      0.21999968   
   1899000   509.23725      1312.6794      1821.9167      93.612056      293.78035      0.22664546   
   1900000   526.7318       1320.9826      1847.7144      70.664197      295.63861      0.2365862    
   1901000   499.37732      1328.8315      1828.2088      98.339559      297.39521      0.24057052   
   1902000   520.64846      1335.0712      1855.7197      64.071943      298.79169      0.24068885   
   1903000   480.23951      1312.3631      1792.6026      158.18781      293.70956      0.23938436   
   1904000   520.83377      1314.798       1835.6318      211.94345      294.25449      0.23676842   
   1905000   522.55166      1313.8561      1836.4077      243.07957      294.04369      0.23333956   
   1906000   533.90568      1301.6081      1835.5138      259.18444      291.30257      0.2314202    
   1907000   476.87158      1320.8864      1797.758       253.83425      295.61709      0.22756303   
   1908000   532.21239      1299.3731      1831.5855      144.59031      290.80238      0.22503412   
   1909000   545.43886      1367.8052      1913.2441      115.20985      306.11762      0.22608321   
   1910000   550.46113      1322.1186      1872.5798      194.12939      295.89287      0.23218724   
   1911000   525.74404      1337.5198      1863.2638      304.30293      299.33967      0.23557035   
   1912000   512.25602      1326.3151      1838.5711      345.40168      296.83204      0.23467058   
   1913000   503.69517      1337.1822      1840.8773      268.18869      299.26411      0.23082953   
   1914000   506.53032      1311.2416      1817.7719      172.18857      293.45857      0.23075832   
   1915000   496.44886      1343.8296      1840.2785      147.21764      300.75183      0.24047631   
   1916000   510.99336      1342.1369      1853.1303      196.49717      300.37299      0.24967424   
   1917000   505.02268      1330.9337      1835.9564      212.73965      297.8657       0.24593878   
   1918000   497.86332      1339.5442      1837.4075      91.346886      299.79274      0.23601931   
   1919000   534.81975      1333.7696      1868.5894      76.676659      298.50038      0.23373711   
   1920000   530.43423      1355.4364      1885.8706      76.949274      303.34944      0.23410903   
   1921000   516.95115      1365.2595      1882.2107      68.10983       305.54788      0.23492614   
   1922000   523.3372       1337.4399      1860.7771      185.96879      299.32179      0.2413777    
   1923000   529.95427      1375.1685      1905.1227      277.58503      307.76553      0.2462957    
   1924000   495.15874      1343.1427      1838.3015      375.06038      300.5981       0.24596218   
   1925000   502.28125      1313.5097      1815.791       410.46292      293.96617      0.24207327   
   1926000   518.04166      1327.1074      1845.149       258.6368       297.00935      0.2286319    
   1927000   518.5399       1343.0962      1861.6361      161.46152      300.58769      0.22326905   
   1928000   521.7767       1316.776       1838.5527      128.38649      294.69716      0.22591127   
   1929000   534.73113      1293.6147      1828.3458      135.31704      289.51361      0.23428543   
   1930000   497.60962      1347.3124      1844.922       154.18011      301.53128      0.23969482   
   1931000   489.96123      1329.6349      1819.5961      158.54283      297.57502      0.23976935   
   1932000   525.26379      1327.7485      1853.0122      129.69759      297.15283      0.23983184   
   1933000   523.53599      1360.2595      1883.7955      20.640281      304.42887      0.23713189   
   1934000   509.54018      1352.2118      1861.7519      11.028195      302.62777      0.23448441   
   1935000   542.36512      1344.7626      1887.1278      70.823546      300.96064      0.2329712    
   1936000   516.67082      1404.721       1921.3918      281.90653      314.37944      0.23578818   
   1937000   545.17871      1384.6269      1929.8056      348.50112      309.88233      0.24142487   
   1938000   511.25407      1342.6455      1853.8996      374.5958       300.48682      0.2437598    
   1939000   502.37173      1345.289       1847.6608      258.27253      301.07845      0.23922407   
   1940000   513.01761      1354.8416      1867.8592      150.07252      303.21633      0.23646656   
   1941000   514.97871      1359.8345      1874.8132      89.789398      304.33376      0.23766255   
   1942000   531.86947      1325.3037      1857.1732      103.88509      296.60569      0.24157311   
   1943000   504.4479       1341.8541      1846.302       168.45473      300.3097       0.24616907   
   1944000   507.56462      1334.0847      1841.6493      161.64439      298.57089      0.24807121   
   1945000   494.54884      1346.516       1841.0648      263.00187      301.35304      0.24766965   
   1946000   471.58627      1307.6854      1779.2716      169.77544      292.66267      0.23748438   
   1947000   510.77171      1316.2937      1827.0655      180.09084      294.58924      0.2307003    
   1948000   511.68822      1323.7669      1835.4551      96.569036      296.26176      0.22937334   
   1949000   511.09849      1322.7614      1833.8599      90.325035      296.03672      0.23118501   
   1950000   525.13603      1323.2832      1848.4192      142.94339      296.1535       0.2325805    
   1951000   521.08217      1342.4583      1863.5405      83.235908      300.44493      0.2265658    
   1952000   530.65383      1349.2749      1879.9287      179.77164      301.97048      0.21927634   
   1953000   526.70781      1327.0118      1853.7196      255.55329      296.98795      0.21900016   
   1954000   512.79909      1298.0395      1810.8386      266.41776      290.50391      0.22321504   
   1955000   517.16415      1313.2806      1830.4448      246.04112      293.9149       0.23257088   
   1956000   514.23158      1326.2096      1840.4412      195.60395      296.80843      0.23964132   
   1957000   485.52934      1313.5239      1799.0533      135.02621      293.96935      0.24327275   
   1958000   513.25584      1317.1718      1830.4277      44.893137      294.78576      0.24163356   
   1959000   500.35404      1333.8529      1834.2069      50.388386      298.51901      0.23388378   
   1960000   485.79475      1320.715       1806.5097      205.39753      295.57872      0.23044129   
   1961000   499.3945       1349.9942      1849.3887      352.49603      302.13146      0.23256124   
   1962000   517.90489      1356.7106      1874.6155      455.25999      303.63462      0.23769097   
   1963000   507.30343      1374.5123      1881.8157      507.87359      307.61867      0.24395705   
   1964000   489.22168      1364.6728      1853.8945      442.58174      305.41657      0.2503528    
   1965000   514.07782      1368.0675      1882.1453      393.52702      306.17631      0.25300307   
   1966000   497.16951      1342.7476      1839.9171      202.50423      300.50966      0.24158353   
   1967000   524.93591      1335.4898      1860.4257      110.09656      298.88535      0.23017587   
   1968000   482.36496      1324.0278      1806.3927      156.39563      296.32014      0.22880407   
   1969000   509.62438      1277.5303      1787.1547      64.438137      285.91391      0.23246793   
   1970000   506.1138       1293.1262      1799.24        50.787496      289.4043       0.23996524   
   1971000   467.33146      1340.86        1808.1915      31.788709      300.08723      0.24242225   
   1972000   510.50704      1331.9608      1842.4678      48.553183      298.09555      0.24044674   
   1973000   509.88272      1340.0412      1849.9239      131.75677      299.90398      0.23553795   
   1974000   516.66537      1388.8245      1905.4898      248.7493       310.82177      0.22859505   
   1975000   533.12775      1359.2484      1892.3761      349.76616      304.20258      0.22352138   
   1976000   516.58186      1350.0554      1866.6373      363.98136      302.14518      0.2262347    
   1977000   546.37685      1359.2442      1905.6211      428.15973      304.20165      0.23655105   
   1978000   519.54287      1347.9371      1867.48        448.08874      301.6711       0.24124639   
   1979000   514.34089      1362.6411      1876.982       378.14774      304.96187      0.23842432   
   1980000   506.61031      1369.7103      1876.3206      372.23917      306.54397      0.23598387   
   1981000   515.59822      1387.7357      1903.3339      378.93823      310.5781       0.23581441   
   1982000   478.58369      1367.588       1846.1716      222.9226       306.06899      0.2350804    
   1983000   520.0948       1290.229       1810.3238      188.73964      288.75589      0.23832764   
   1984000   510.55675      1311.7368      1822.2936      93.329453      293.56939      0.24043539   
   1985000   499.74063      1295.0313      1794.772       209.8743       289.83067      0.25061474   
   1986000   484.24085      1306.367       1790.6079      255.8717       292.36762      0.2561449    
   1987000   472.84006      1331.9631      1804.8032      261.14424      298.09608      0.25029661   
   1988000   520.78218      1303.3343      1824.1164      332.60442      291.68888      0.24035074   
   1989000   506.75556      1315.4964      1822.252       336.64624      294.4108       0.23500081   
   1990000   515.25717      1285.5292      1800.7863      322.03828      287.70406      0.23195756   
   1991000   539.20818      1330.2988      1869.5069      276.87569      297.72359      0.23105756   
   1992000   513.73632      1346.4395      1860.1758      230.78602      301.33591      0.23414359   
   1993000   518.11686      1336.3469      1854.4637      156.78709      299.07718      0.23903425   
   1994000   518.79528      1358.4385      1877.2338      160.69554      304.02132      0.23921061   
   1995000   512.29787      1371.7764      1884.0743      151.76582      307.00638      0.23119869   
   1996000   515.93741      1365.9563      1881.8937      235.30555      305.70383      0.22699323   
   1997000   544.67026      1355.6395      1900.3098      201.15054      303.3949       0.22710462   
   1998000   525.51488      1374.3876      1899.9025      243.88365      307.59076      0.24013871   
   1999000   477.83381      1387.2534      1865.0872      225.16584      310.47015      0.24980857   
   2000000   501.92222      1350.7476      1852.6698      161.14106      302.30009      0.24818915   
Loop time of 7775.97 on 8 procs for 2000000 steps with 1500 atoms

Performance: 11.111 ns/day, 2.160 hours/ns, 257.203 timesteps/s, 385.804 katom-step/s
99.4% CPU use with 8 MPI tasks x 1 OpenMP threads

MPI task timing breakdown:
Section |  min time  |  avg time  |  max time  |%varavg| %total
---------------------------------------------------------------
Pair    | 456.66     | 482.48     | 505.21     |  75.0 |  6.20
Bond    | 19.946     | 21.064     | 22.036     |  13.9 |  0.27
Kspace  | 3175.5     | 3197.6     | 3223.9     |  29.4 | 41.12
Neigh   | 7.5033     | 7.5178     | 7.5328     |   0.3 |  0.10
Comm    | 134.41     | 134.99     | 135.65     |   3.7 |  1.74
Output  | 0.18532    | 0.23927    | 0.61609    |  29.1 |  0.00
Modify  | 3360.4     | 3585.3     | 3915.8     | 275.4 | 46.11
Other   |            | 346.8      |            |       |  4.46

Nlocal:          187.5 ave         217 max         163 min
Histogram: 2 2 0 0 0 1 0 0 2 1
Nghost:        2119.12 ave        2187 max        2042 min
Histogram: 1 0 2 0 1 1 0 0 2 1
Neighs:        21480.5 ave       24929 max       18038 min
Histogram: 2 2 0 0 0 0 0 1 0 3

Total # of neighbors = 171844
Ave neighs/atom = 114.56267
Ave special neighs/atom = 2
Neighbor list builds = 12146
Dangerous builds = 0

write_data      ${NAME}_final.data
write_data      N2_final.data
System init for write_data ...
PPPM initialization ...
  using 12-bit tables for long-range coulomb (src/kspace.cpp:342)
  G vector (1/distance) = 0.27234626
  grid = 45 45 45
  stencil order = 5
  estimated absolute RMS force accuracy = 0.00036126052
  estimated relative force accuracy = 1.0879253e-06
  using single precision FFTW3
  3d grid and FFT values/proc = 27000 12420
Generated 1 of 1 mixed pair_coeff terms from arithmetic mixing rule
Last active /omp style is kspace_style pppm/omp

quit
