# Cycle, ((density(Ib,Tm), Tm=1,N_MolType), Ib=1,N_Box)
       100   0.6444721700E+003   0.2852483579E+002
       200   0.7086403168E+003   0.2360284348E+002
       300   0.7421053512E+003   0.2170208418E+002
       400   0.7829385050E+003   0.1911048799E+002
       500   0.7891390733E+003   0.1770489915E+002
       600   0.8140373436E+003   0.1727533275E+002
       700   0.8321753917E+003   0.1652945474E+002
       800   0.8307904434E+003   0.1653356651E+002
       900   0.8370422360E+003   0.1651512948E+002
      1000   0.8449496992E+003   0.1649225781E+002
      1100   0.8436357031E+003   0.1615176477E+002
      1200   0.8412132786E+003   0.1615862058E+002
      1300   0.8497938468E+003   0.1613453803E+002
      1400   0.8467997148E+003   0.1545382244E+002
      1500   0.8497258107E+003   0.1544596868E+002
      1600   0.8552384333E+003   0.1543133990E+002
      1700   0.8502714159E+003   0.1544451112E+002
      1800   0.8444927443E+003   0.1511498236E+002
      1900   0.8476759777E+003   0.1510655260E+002
      2000   0.8460491407E+003   0.1511085165E+002
      2100   0.8440740206E+003   0.1546119456E+002
      2200   0.8435312669E+003   0.1546266906E+002
      2300   0.8531942532E+003   0.1509211015E+002
      2400   0.8450412947E+003   0.1545857215E+002
      2500   0.8508730124E+003   0.1509815912E+002
      2600   0.8413504582E+003   0.1546861572E+002
      2700   0.8617328853E+003   0.1507018029E+002
      2800   0.8541007562E+003   0.1474489175E+002
      2900   0.8483350885E+003   0.1510481623E+002
      3000   0.8472177066E+003   0.1476254047E+002
      3100   0.8565140276E+003   0.1508352440E+002
      3200   0.8702065978E+003   0.1470484312E+002
      3300   0.8580888365E+003   0.1473481449E+002
      3400   0.8820225457E+003   0.1467652373E+002
      3500   0.8629866619E+003   0.1472258440E+002
      3600   0.8695811935E+003   0.1470636657E+002
      3700   0.8661243900E+003   0.1437029230E+002
      3800   0.8584505856E+003   0.1438897851E+002
      3900   0.8548033139E+003   0.1474310867E+002
      4000   0.8594351456E+003   0.1438655965E+002
      4100   0.8525866230E+003   0.1440351791E+002
      4200   0.8667183376E+003   0.1436886180E+002
      4300   0.8632691009E+003   0.1437720065E+002
      4400   0.8604912801E+003   0.1403886716E+002
      4500   0.8636896913E+003   0.1403123758E+002
      4600   0.8541601957E+003   0.1370844777E+002
      4700   0.8527391037E+003   0.1336576743E+002
      4800   0.8707707962E+003   0.1366971020E+002
      4900   0.8634357846E+003   0.1334108926E+002
      5000   0.8579379161E+003   0.1335368506E+002
      5100   0.8676215668E+003   0.1333162219E+002
      5200   0.8614444548E+003   0.1334563015E+002
      5300   0.8591105900E+003   0.1335098290E+002
      5400   0.8599173967E+003   0.1334912871E+002
      5500   0.8640764483E+003   0.1368511666E+002
      5600   0.8683296531E+003   0.1367529675E+002
      5700   0.8617021679E+003   0.1334504112E+002
      5800   0.8630527603E+003   0.1265004485E+002
      5900   0.8703653807E+003   0.1298003238E+002
      6000   0.8563266603E+003   0.1301124181E+002
      6100   0.8708761164E+003   0.1263322568E+002
      6200   0.8585019344E+003   0.1265999056E+002
      6300   0.8649527928E+003   0.1264592792E+002
      6400   0.8757108332E+003   0.1227728071E+002
      6500   0.8622254537E+003   0.1195871238E+002
      6600   0.8749069032E+003   0.1193288868E+002
      6700   0.8607274638E+003   0.1196182056E+002
      6800   0.8591420081E+003   0.1196512380E+002
      6900   0.8596351901E+003   0.1196409477E+002
      7000   0.8511812184E+003   0.1198192403E+002
      7100   0.8558642740E+003   0.1162466251E+002
      7200   0.8601447314E+003   0.1161593078E+002
      7300   0.8535796395E+003   0.1128161692E+002
      7400   0.8607649542E+003   0.1126732117E+002
      7500   0.8625595073E+003   0.1126379351E+002
      7600   0.8597044357E+003   0.1092171864E+002
      7700   0.8472018756E+003   0.1129454027E+002
      7800   0.8576979439E+003   0.1092558368E+002
      7900   0.8534130673E+003   0.1093390763E+002
      8000   0.8636893149E+003   0.1091410395E+002
      8100   0.8748933079E+003   0.1054596573E+002
      8200   0.8663236987E+003   0.1021359801E+002
      8300   0.8745389024E+003   0.9851414670E+001
      8400   0.8679215143E+003   0.9862668620E+001
      8500   0.8610813738E+003   0.9874510899E+001
      8600   0.8588845853E+003   0.1022695803E+002
      8700   0.8547570288E+003   0.9885654733E+001
      8800   0.8540216094E+003   0.9886962941E+001
      8900   0.8577292984E+003   0.9880393835E+001
      9000   0.8756913995E+003   0.9849474650E+001
      9100   0.8750724322E+003   0.9850515839E+001
      9200   0.8606646289E+003   0.1022373701E+002
      9300   0.8586552033E+003   0.1022737422E+002
      9400   0.8594867245E+003   0.1022586673E+002
      9500   0.8824434826E+003   0.1018553523E+002
      9600   0.8721412944E+003   0.1020333267E+002
      9700   0.8649980006E+003   0.9867703684E+001
      9800   0.8689091776E+003   0.9860976413E+001
      9900   0.8725934182E+003   0.1020254147E+002
     10000   0.8759686650E+003   0.9849008800E+001
     10100   0.8715773073E+003   0.9856427046E+001
     10200   0.8675374599E+003   0.9863327834E+001
     10300   0.8646046199E+003   0.9868384183E+001
     10400   0.8568701711E+003   0.9881910160E+001
     10500   0.8732023424E+003   0.1020147737E+002
     10600   0.8685539240E+003   0.9861584575E+001
     10700   0.8584102368E+003   0.9879194492E+001
     10800   0.8617524238E+003   0.9873339533E+001
     10900   0.8697513081E+003   0.9511261440E+001
     11000   0.8483087906E+003   0.9897214465E+001
     11100   0.8672451466E+003   0.9515415598E+001
     11200   0.8529193024E+003   0.9539702834E+001
     11300   0.8620135213E+003   0.9872884336E+001
     11400   0.8598502706E+003   0.9527835933E+001
     11500   0.8535161073E+003   0.9189191654E+001
     11600   0.8638145333E+003   0.9172256452E+001
     11700   0.8733700161E+003   0.9156954060E+001
     11800   0.8508749103E+003   0.9193611275E+001
     11900   0.8589595378E+003   0.9529348639E+001
     12000   0.8681805932E+003   0.9165216394E+001
     12100   0.8422148034E+003   0.9208327616E+001
     12200   0.8652530826E+003   0.9169927817E+001
     12300   0.8535529443E+003   0.9189130237E+001
     12400   0.8672657179E+003   0.9166684823E+001
     12500   0.8678197951E+003   0.9165795070E+001
     12600   0.8471613346E+003   0.9199879246E+001
     12700   0.8303837211E+003   0.8877841058E+001
     12800   0.8595068414E+003   0.8829860839E+001
     12900   0.8556902581E+003   0.9185577195E+001
     13000   0.8513645555E+003   0.8842893135E+001
     13100   0.8706803970E+003   0.8812433773E+001
     13200   0.8628457814E+003   0.8824598654E+001
     13300   0.8611482433E+003   0.8827268098E+001
     13400   0.8513749301E+003   0.8842876347E+001
     13500   0.8573504683E+003   0.8483449266E+001
     13600   0.8645532281E+003   0.8821925820E+001
     13700   0.8706287977E+003   0.8463439225E+001
     13800   0.8525038821E+003   0.8490932436E+001
     13900   0.8610073421E+003   0.8477867387E+001
     14000   0.8545871419E+003   0.8137417031E+001
     14100   0.8655691676E+003   0.8121334596E+001
     14200   0.8723066534E+003   0.8460960687E+001
     14300   0.8636249593E+003   0.8124147368E+001
     14400   0.8558088224E+003   0.8135604379E+001
     14500   0.8691602253E+003   0.7766453291E+001
     14600   0.8643434739E+003   0.8123106160E+001
     14700   0.8730313639E+003   0.8110672739E+001
     14800   0.8564346060E+003   0.8134678196E+001
     14900   0.8650143981E+003   0.7772172320E+001
     15000   0.8556835730E+003   0.8135789941E+001
     15100   0.8531887077E+003   0.8139499308E+001
     15200   0.8572830459E+003   0.7783008268E+001
     15300   0.8562867369E+003   0.7784421110E+001
     15400   0.8551194764E+003   0.7786081217E+001
     15500   0.8575623237E+003   0.7782612912E+001
     15600   0.8512881013E+003   0.8142342008E+001
     15700   0.8661482126E+003   0.7770601983E+001
     15800   0.8530815502E+003   0.7438034031E+001
     15900   0.8652843729E+003   0.7421564378E+001
     16000   0.8503730508E+003   0.7441763806E+001
     16100   0.8502489204E+003   0.7441935401E+001
     16200   0.8643630875E+003   0.7773076538E+001
     16300   0.8688759642E+003   0.7416818645E+001
     16400   0.8643476791E+003   0.7422809564E+001
     16500   0.8672050427E+003   0.7419020865E+001
     16600   0.8559525527E+003   0.7784895860E+001
     16700   0.8641242311E+003   0.7072518880E+001
     16800   0.8708330297E+003   0.6713576221E+001
     16900   0.8632357866E+003   0.6722722874E+001
     17000   0.8635953976E+003   0.7073192439E+001
     17100   0.8492050231E+003   0.7091894116E+001
     17200   0.8617598424E+003   0.7075537745E+001
     17300   0.8730857274E+003   0.7061248031E+001
     17400   0.8653402594E+003   0.7070973670E+001
     17500   0.8659065460E+003   0.7070255800E+001
     17600   0.8562826257E+003   0.7082605193E+001
     17700   0.8607249988E+003   0.7076865072E+001
     17800   0.8643587420E+003   0.7072220496E+001
     17900   0.8602148461E+003   0.7428340931E+001
     18000   0.8484488251E+003   0.7444430346E+001
     18100   0.8681494349E+003   0.6716785995E+001
     18200   0.8690503886E+003   0.6715705836E+001
     18300   0.8518743630E+003   0.6736754082E+001
     18400   0.8622409882E+003   0.6723934357E+001
     18500   0.8662702285E+003   0.6719047342E+001
     18600   0.8615175534E+003   0.7075848183E+001
     18700   0.8653208598E+003   0.6369102988E+001
     18800   0.8682254155E+003   0.6365776464E+001
     18900   0.8595206907E+003   0.6727263747E+001
     19000   0.8466732438E+003   0.6743323115E+001
     19100   0.8588158492E+003   0.6728130388E+001
     19200   0.8518506261E+003   0.6736783851E+001
     19300   0.8546287535E+003   0.6029543495E+001
     19400   0.8712524609E+003   0.6011312517E+001
     19500   0.8579817106E+003   0.6377624537E+001
     19600   0.8490469185E+003   0.6035850752E+001
     19700   0.8553924917E+003   0.6380671320E+001
     19800   0.8626841270E+003   0.6020607745E+001
     19900   0.8644000020E+003   0.6370163023E+001
     20000   0.8574897552E+003   0.6026347543E+001
     20100   0.8669887598E+003   0.6015911373E+001
     20200   0.8686526579E+003   0.6014110473E+001
     20300   0.8554863156E+003   0.6028582934E+001
     20400   0.8651517797E+003   0.6017908914E+001
     20500   0.8545438235E+003   0.6029638747E+001
     20600   0.8554080066E+003   0.6028670556E+001
     20700   0.8633389430E+003   0.6019889843E+001
     20800   0.8593681749E+003   0.5672233218E+001
     20900   0.8690449960E+003   0.6013686991E+001
     21000   0.8591804178E+003   0.5672429584E+001
     21100   0.8633656439E+003   0.5668075911E+001
     21200   0.8555655276E+003   0.5323672838E+001
     21300   0.8565874334E+003   0.5322658704E+001
     21400   0.8678678654E+003   0.5311647679E+001
     21500   0.8695206896E+003   0.5661761178E+001
     21600   0.8554780454E+003   0.4970904776E+001
     21700   0.8593724362E+003   0.5319909071E+001
     21800   0.8449722537E+003   0.4980826190E+001
     21900   0.8627075877E+003   0.4611546855E+001
     22000   0.8664179768E+003   0.4960869466E+001
     22100   0.8639618891E+003   0.4257576997E+001
     22200   0.8678181775E+003   0.4254564586E+001
     22300   0.8456112433E+003   0.4626431183E+001
     22400   0.8564688245E+003   0.4616898507E+001
     22500   0.8637197489E+003   0.4257767190E+001
     22600   0.8493671870E+003   0.4623101522E+001
     22700   0.8656571208E+003   0.4609047838E+001
     22800   0.8566794443E+003   0.4263351684E+001
     22900   0.8607695193E+003   0.3906697835E+001
     23000   0.8549190682E+003   0.3910993509E+001
     23100   0.8478158224E+003   0.3916301748E+001
     23200   0.8601087950E+003   0.3907179573E+001
     23300   0.8550861738E+003   0.3556815118E+001
     23400   0.8635904612E+003   0.3551142100E+001
     23500   0.8636834413E+003   0.3551080792E+001
     23600   0.8591609417E+003   0.3907872159E+001
     23700   0.8488986238E+003   0.3915485899E+001
     23800   0.8506907824E+003   0.2850224530E+001
     23900   0.8500015663E+003   0.3205585699E+001
     24000   0.8547692876E+003   0.2847993556E+001
     24100   0.8581018393E+003   0.2846188927E+001
     24200   0.8768419010E+003   0.2482798624E+001
     24300   0.8725666523E+003   0.2484733964E+001
     24400   0.8709324043E+003   0.2485479588E+001
     24500   0.8683487630E+003   0.2132299472E+001
     24600   0.8793463550E+003   0.2128007965E+001
     24700   0.8600269700E+003   0.2135631665E+001
     24800   0.8504051446E+003   0.2495129391E+001
     24900   0.8581237005E+003   0.2491437933E+001
     25000   0.8540375747E+003   0.2138076720E+001
     25100   0.8649581125E+003   0.2488233200E+001
     25200   0.8618889624E+003   0.2489665052E+001
     25300   0.8692122442E+003   0.2131957961E+001
     25400   0.8684134759E+003   0.2132273851E+001
     25500   0.8628645177E+003   0.2134487066E+001
     25600   0.8657392303E+003   0.2487870666E+001
     25700   0.8745285570E+003   0.2129872568E+001
     25800   0.8616293732E+003   0.2134984217E+001
     25900   0.8731621913E+003   0.2484463055E+001
     26000   0.8630690097E+003   0.2489113124E+001
     26100   0.8520879436E+003   0.2138881257E+001
     26200   0.8596730176E+003   0.2135775058E+001
     26300   0.8658705657E+003   0.1423358268E+001
     26400   0.8654100070E+003   0.1778620544E+001
     26500   0.8633207851E+003   0.1424042731E+001
     26600   0.8672772461E+003   0.1422982661E+001
     26700   0.8611245162E+003   0.1424636079E+001
     26800   0.8586058228E+003   0.1780912009E+001
     26900   0.8526530560E+003   0.1782951688E+001
     27000   0.8573695556E+003   0.1781332896E+001
     27100   0.8630194850E+003   0.1424123923E+001
     27200   0.8628159629E+003   0.1779489191E+001
     27300   0.8506145623E+003   0.1427524928E+001
     27400   0.8523293823E+003   0.1783063544E+001
     27500   0.8706985979E+003   0.1776868214E+001
     27600   0.8588096474E+003   0.1780842752E+001
     27700   0.8650314116E+003   0.1778746944E+001
     27800   0.8567781243E+003   0.1781534748E+001
     27900   0.8629263250E+003   0.1424149040E+001
     28000   0.8556576443E+003   0.1070042183E+001
     28100   0.8761609334E+003   0.1065914255E+001
     28200   0.8719347798E+003   0.1066746652E+001
     28300   0.8684426850E+003   0.1422672541E+001
     28400   0.8640004363E+003   0.1423859826E+001
     28500   0.8671294706E+003   0.1067704585E+001
     28600   0.8679599878E+003   0.1422800868E+001
     28700   0.8597924488E+003   0.1069191266E+001
     28800   0.8686808428E+003   0.1067393974E+001
     28900   0.8551921341E+003   0.1070138582E+001
     29000   0.8534285825E+003   0.1070504898E+001
     29100   0.8450487096E+003   0.1072269921E+001
     29200   0.8441179410E+003   0.1072468492E+001
     29300   0.8542786419E+003   0.1070328108E+001
     29400   0.8452428828E+003   0.1072228561E+001
     29500   0.8449658699E+003   0.1429112236E+001
     29600   0.8372828530E+003   0.1431311392E+001
     29700   0.8654849645E+003   0.1423461478E+001
     29800   0.8582388670E+003   0.1069509863E+001
     29900   0.8517230812E+003   0.1070860838E+001
     30000   0.8553296656E+003   0.1426218667E+001
     30100   0.8600249048E+003   0.1069143711E+001
     30200   0.8567889598E+003   0.1425817781E+001
     30300   0.8456985228E+003   0.1072131593E+001
     30400   0.8451961320E+003   0.1072238517E+001
     30500   0.8570120536E+003   0.1069762400E+001
     30600   0.8646392757E+003   0.7124306376E+000
     30700   0.8428323876E+003   0.3578848718E+000
     30800   0.8467886718E+003   0.3576018062E+000
     30900   0.8514250906E+003   0.0000000000E+000
     31000   0.8514006557E+003   0.3572757031E+000
     31100   0.8719488207E+003   0.3558715395E+000
     31200   0.8476040008E+003   0.3575438544E+000
     31300   0.8576268258E+003   0.3568419517E+000
     31400   0.8582398043E+003   0.0000000000E+000
     31500   0.8506554323E+003   0.3573281165E+000
     31600   0.8623247335E+003   0.3565194980E+000
     31700   0.8530461077E+003   0.0000000000E+000
     31800   0.8653998581E+003   0.0000000000E+000
     31900   0.8640731376E+003   0.0000000000E+000
     32000   0.8611624819E+003   0.0000000000E+000
     32100   0.8532594309E+003   0.0000000000E+000
     32200   0.8631943671E+003   0.0000000000E+000
     32300   0.8608600671E+003   0.0000000000E+000
     32400   0.8562049406E+003   0.0000000000E+000
     32500   0.8540058531E+003   0.0000000000E+000
     32600   0.8610746980E+003   0.3566048973E+000
     32700   0.8521182834E+003   0.3572253317E+000
     32800   0.8549046471E+003   0.3570306878E+000
     32900   0.8628604441E+003   0.7126715418E+000
     33000   0.8628559042E+003   0.7126721581E+000
     33100   0.8507987802E+003   0.7143360459E+000
     33200   0.8553673054E+003   0.3569985116E+000
     33300   0.8585637238E+003   0.7132582380E+000
     33400   0.8641336280E+003   0.3563964283E+000
     33500   0.8643999233E+003   0.3563783613E+000
     33600   0.8674959938E+003   0.3561692540E+000
     33700   0.8744142265E+003   0.3557082192E+000
     33800   0.8725682833E+003   0.3558304024E+000
     33900   0.8709647036E+003   0.7115832623E+000
     34000   0.8681583126E+003   0.3561247466E+000
     34100   0.8662505188E+003   0.3562531637E+000
     34200   0.8603525241E+003   0.7130131567E+000
     34300   0.8517060132E+003   0.3572542575E+000
     34400   0.8515689990E+003   0.7142281115E+000
     34500   0.8491102682E+003   0.3574371341E+000
     34600   0.8566981807E+003   0.7135151048E+000
     34700   0.8678868613E+003   0.3561429784E+000
     34800   0.8532624809E+003   0.7139915951E+000
     34900   0.8593071536E+003   0.7131562372E+000
     35000   0.8558701789E+003   0.3569635845E+000
     35100   0.8559713496E+003   0.7136155356E+000
     35200   0.8498482606E+003   0.7144695616E+000
     35300   0.8632124127E+003   0.3564590289E+000
     35400   0.8506375798E+003   0.7143586645E+000
     35500   0.8567400256E+003   0.3569032824E+000
     35600   0.8446029391E+003   0.7152126665E+000
     35700   0.8555468878E+003   0.3569860332E+000
     35800   0.8586134081E+003   0.3567738937E+000
     35900   0.8561650871E+003   0.7135887463E+000
     36000   0.8595357443E+003   0.3567104323E+000
     36100   0.8600648322E+003   0.3566741000E+000
     36200   0.8554526758E+003   0.3569925788E+000
     36300   0.8562852072E+003   0.3569347949E+000
     36400   0.8543469651E+003   0.7138407074E+000
     36500   0.8634133113E+003   0.3564453637E+000
     36600   0.8559609832E+003   0.7136169695E+000
     36700   0.8556994389E+003   0.3569754379E+000
     36800   0.8487150095E+003   0.3574650957E+000
     36900   0.8568883130E+003   0.3568930166E+000
     37000   0.8529747834E+003   0.7140316985E+000
     37100   0.8327028462E+003   0.7169392132E+000
     37200   0.8457457757E+003   0.7150498433E+000
     37300   0.8539514279E+003   0.7138956880E+000
     37400   0.8349933869E+003   0.7166024081E+000
     37500   0.8439467092E+003   0.7153063944E+000
     37600   0.8459929796E+003   0.3576584881E+000
     37700   0.8668851191E+003   0.7121281297E+000
     37800   0.8558457200E+003   0.3569652822E+000
     37900   0.8654627088E+003   0.0000000000E+000
     38000   0.8644092906E+003   0.3563777260E+000
     38100   0.8587331669E+003   0.0000000000E+000
     38200   0.8575432194E+003   0.0000000000E+000
     38300   0.8634487493E+003   0.0000000000E+000
     38400   0.8656901315E+003   0.3562910096E+000
     38500   0.8469552906E+003   0.7148780792E+000
     38600   0.8545656342E+003   0.3570542907E+000
     38700   0.8493468340E+003   0.3574204134E+000
     38800   0.8491711049E+003   0.3574328331E+000
     38900   0.8532789745E+003   0.3571440703E+000
     39000   0.8488265691E+003   0.3574572006E+000
     39100   0.8583541156E+003   0.0000000000E+000
     39200   0.8542707051E+003   0.3570748422E+000
     39300   0.8610287161E+003   0.0000000000E+000
     39400   0.8610776691E+003   0.7129141433E+000
     39500   0.8505067844E+003   0.7143770243E+000
     39600   0.8545290149E+003   0.7138154221E+000
     39700   0.8680405345E+003   0.7119732083E+000
     39800   0.8630804952E+003   0.7126416780E+000
     39900   0.8611584330E+003   0.7129031276E+000
     40000   0.8578296478E+003   0.1069594007E+001
     40100   0.8616247298E+003   0.1068817235E+001
     40200   0.8556460497E+003   0.1070044582E+001
     40300   0.8770494608E+003   0.7107815224E+000
     40400   0.8706867776E+003   0.1422078110E+001
     40500   0.8717114246E+003   0.1066790905E+001
     40600   0.8781934057E+003   0.7106322343E+000
     40700   0.8572022556E+003   0.7134455702E+000
     40800   0.8497864168E+003   0.7144782606E+000
     40900   0.8565645033E+003   0.7135335610E+000
     41000   0.8564435450E+003   0.3569238198E+000
     41100   0.8656022908E+003   0.7123006988E+000
     41200   0.8648527136E+003   0.3563476712E+000
     41300   0.8592506624E+003   0.3567300304E+000
     41400   0.8612475263E+003   0.3565930728E+000
     41500   0.8685919001E+003   0.3560956526E+000
     41600   0.8597767662E+003   0.3566938750E+000
     41700   0.8595908103E+003   0.3567066485E+000
     41800   0.8762620647E+003   0.3555865096E+000
     41900   0.8484649703E+003   0.7146644908E+000
     42000   0.8617126484E+003   0.3565612780E+000
     42100   0.8582967141E+003   0.3567957205E+000
     42200   0.8675916567E+003   0.7120333381E+000
     42300   0.8619712911E+003   0.7127923924E+000
     42400   0.8659571761E+003   0.7122528993E+000
     42500   0.8600784005E+003   0.3566731690E+000
     42600   0.8693053394E+003   0.3560478538E+000
     42700   0.8674869070E+003   0.3561698652E+000
     42800   0.8691063762E+003   0.0000000000E+000
     42900   0.8687204704E+003   0.0000000000E+000
     43000   0.8656752627E+003   0.3562920145E+000
     43100   0.8563824318E+003   0.3569280553E+000
     43200   0.8674617833E+003   0.3561715551E+000
     43300   0.8618282161E+003   0.3565533842E+000
     43400   0.8712216775E+003   0.0000000000E+000
     43500   0.8572948050E+003   0.0000000000E+000
     43600   0.8583416833E+003   0.0000000000E+000
     43700   0.8669179249E+003   0.0000000000E+000
     43800   0.8688951526E+003   0.0000000000E+000
     43900   0.8668096434E+003   0.3562154598E+000
     44000   0.8628835955E+003   0.3564814112E+000
     44100   0.8606186303E+003   0.3566361266E+000
     44200   0.8673341460E+003   0.0000000000E+000
     44300   0.8575331126E+003   0.7133999819E+000
     44400   0.8624765177E+003   0.3565091481E+000
     44500   0.8654850553E+003   0.3563048737E+000
     44600   0.8681949619E+003   0.3561222861E+000
     44700   0.8504209915E+003   0.3573446275E+000
     44800   0.8460405541E+003   0.0000000000E+000
     44900   0.8514937962E+003   0.0000000000E+000
     45000   0.8598395963E+003   0.3566895605E+000
     45100   0.8639952625E+003   0.7125177219E+000
     45200   0.8427545478E+003   0.7154771047E+000
     45300   0.8418557030E+003   0.7156061877E+000
     45400   0.8531427735E+003   0.3571535926E+000
     45500   0.8597288675E+003   0.3566971646E+000
     45600   0.8667112265E+003   0.7121514873E+000
     45700   0.8585254999E+003   0.7132634880E+000
     45800   0.8583091129E+003   0.1069495429E+001
     45900   0.8684591685E+003   0.1067438277E+001
     46000   0.8663072213E+003   0.1067869738E+001
     46100   0.8638988978E+003   0.1068355566E+001
     46200   0.8485544578E+003   0.1071526568E+001
     46300   0.8581813543E+003   0.1069521683E+001
     46400   0.8625047736E+003   0.7127198485E+000
     46500   0.8612406032E+003   0.7128919225E+000
     46600   0.8436043765E+003   0.7153553566E+000
     46700   0.8668723559E+003   0.7121298437E+000
     46800   0.8608322210E+003   0.1068978785E+001
     46900   0.8454947369E+003   0.1072174947E+001
     47000   0.8624823480E+003   0.7127228959E+000
     47100   0.8555993469E+003   0.0000000000E+000
     47200   0.8724814414E+003   0.3558361653E+000
     47300   0.8634358403E+003   0.0000000000E+000
     47400   0.8487056850E+003   0.0000000000E+000
     47500   0.8533389041E+003   0.3571398816E+000
     47600   0.8556243543E+003   0.0000000000E+000
     47700   0.8713702209E+003   0.0000000000E+000
     47800   0.8486777095E+003   0.3574677360E+000
     47900   0.8501704135E+003   0.3573622867E+000
     48000   0.8567415954E+003   0.0000000000E+000
     48100   0.8510631469E+003   0.7142989732E+000
     48200   0.8595357488E+003   0.7131249146E+000
     48300   0.8588902336E+003   0.7132134146E+000
     48400   0.8549745063E+003   0.1070183692E+001
     48500   0.8493047805E+003   0.7145460588E+000
     48600   0.8655728048E+003   0.7123046724E+000
     48700   0.8557548570E+003   0.7136454882E+000
     48800   0.8542163669E+003   0.1070341046E+001
     48900   0.8515759947E+003   0.7142271322E+000
     49000   0.8438286504E+003   0.1072530314E+001
     49100   0.8593214117E+003   0.1780669031E+001
     49200   0.8433267363E+003   0.1786214878E+001
     49300   0.8574850755E+003   0.1425627110E+001
     49400   0.8628177780E+003   0.1424178314E+001
     49500   0.8456605941E+003   0.1428915680E+001
     49600   0.8562441752E+003   0.1781717261E+001
     49700   0.8536472664E+003   0.1782608723E+001
     49800   0.8446412088E+003   0.2141994113E+001
     49900   0.8534032763E+003   0.1782692804E+001
     50000   0.8553686821E+003   0.1782017094E+001
     50100   0.8571006496E+003   0.1781424632E+001
     50200   0.8547906727E+003   0.1426367139E+001
     50300   0.8395959557E+003   0.1430644350E+001
     50400   0.8603183916E+003   0.1424854748E+001
     50500   0.8585060362E+003   0.1425348112E+001
     50600   0.8592726318E+003   0.1425139131E+001
     50700   0.8624269655E+003   0.1424283783E+001
     50800   0.8665388972E+003   0.1423179635E+001
     50900   0.8707960318E+003   0.1066972549E+001
     51000   0.8686703784E+003   0.1067396064E+001
     51100   0.8652230385E+003   0.1423531646E+001
     51200   0.8657715764E+003   0.1067977521E+001
     51300   0.8629009697E+003   0.1068557802E+001
     51400   0.8575748274E+003   0.1069646450E+001
     51500   0.8484430342E+003   0.1071550083E+001
     51600   0.8634509804E+003   0.1068446272E+001
     51700   0.8539167026E+003   0.1070403332E+001
     51800   0.8508920032E+003   0.1071034889E+001
     51900   0.8639060853E+003   0.2134069116E+001
     52000   0.8682134965E+003   0.1777688543E+001
     52100   0.8606276136E+003   0.1424770812E+001
     52200   0.8714989267E+003   0.1421863858E+001
     52300   0.8612383622E+003   0.1424605236E+001
     52400   0.8638392316E+003   0.1423903178E+001
     52500   0.8590401052E+003   0.1425202474E+001
     52600   0.8660509133E+003   0.1423310033E+001
     52700   0.8709409121E+003   0.1422011017E+001
     52800   0.8624007496E+003   0.1779628794E+001
     52900   0.8596108362E+003   0.1425047072E+001
     53000   0.8610147225E+003   0.1424665833E+001
     53100   0.8694357477E+003   0.1422409051E+001
     53200   0.8524706511E+003   0.1070704615E+001
     53300   0.8642333702E+003   0.1068287905E+001
     53400   0.8435539073E+003   0.1072589072E+001
     53500   0.8522610914E+003   0.1070748375E+001
     53600   0.8562124537E+003   0.1425975965E+001
     53700   0.8559276244E+003   0.1069986330E+001
     53800   0.8576026878E+003   0.7133904005E+000
     53900   0.8539260516E+003   0.7138992174E+000
     54000   0.8633373986E+003   0.7126068353E+000
     54100   0.8603544098E+003   0.7130128989E+000
     54200   0.8553989476E+003   0.1070095740E+001
     54300   0.8629711373E+003   0.7126565171E+000
     54400   0.8690327292E+003   0.7118405543E+000
     54500   0.8493004845E+003   0.1427891992E+001
     54600   0.8669610036E+003   0.1067738392E+001
     54700   0.8627376994E+003   0.1068590942E+001
     54800   0.8527672961E+003   0.1426926451E+001
     54900   0.8577179577E+003   0.1069616989E+001
     55000   0.8583187679E+003   0.1069493445E+001
     55100   0.8596759522E+003   0.1069215110E+001
     55200   0.8552398181E+003   0.1782061287E+001
     55300   0.8629370924E+003   0.1068550472E+001
     55400   0.8664545734E+003   0.1067840114E+001
     55500   0.8514314887E+003   0.1427297401E+001
     55600   0.8705464117E+003   0.1422115187E+001
     55700   0.8591678011E+003   0.1069319203E+001
     55800   0.8658773591E+003   0.1067956223E+001
     55900   0.8494255558E+003   0.1071342972E+001
     56000   0.8553438567E+003   0.1070107150E+001
     56100   0.8439709791E+003   0.1429394375E+001
     56200   0.8545355065E+003   0.7138145207E+000
     56300   0.8631081043E+003   0.3564661269E+000
     56400   0.8579055757E+003   0.3568227040E+000
     56500   0.8648607149E+003   0.3563471292E+000
     56600   0.8568766117E+003   0.3568938265E+000
     56700   0.8453817930E+003   0.7151016451E+000
     56800   0.8541071396E+003   0.3570862470E+000
     56900   0.8570309785E+003   0.7134691863E+000
     57000   0.8582850974E+003   0.7132965195E+000
     57100   0.8693349834E+003   0.3560458697E+000
     57200   0.8569814967E+003   0.3568865677E+000
     57300   0.8591719582E+003   0.0000000000E+000
     57400   0.8550463923E+003   0.3570208256E+000
     57500   0.8624957172E+003   0.3565078392E+000
     57600   0.8531228911E+003   0.7140110492E+000
     57700   0.8651527813E+003   0.7123613089E+000
     57800   0.8619982368E+003   0.7127887258E+000
     57900   0.8606062111E+003   0.7129784954E+000
     58000   0.8660224783E+003   0.1067927015E+001
     58100   0.8639011894E+003   0.7125304552E+000
     58200   0.8550667973E+003   0.1070164559E+001
     58300   0.8621916076E+003   0.7127624207E+000
     58400   0.8639893895E+003   0.7125185167E+000
     58500   0.8585664118E+003   0.1069442581E+001
     58600   0.8571531470E+003   0.7134523403E+000
     58700   0.8637025495E+003   0.1068395315E+001
     58800   0.8452110072E+003   0.7151259692E+000
     58900   0.8618358514E+003   0.3565528628E+000
     59000   0.8511406037E+003   0.7142881164E+000
     59100   0.8615903373E+003   0.3565696351E+000
     59200   0.8411421346E+003   0.3580067563E+000
     59300   0.8547958903E+003   0.1070220735E+001
     59400   0.8426010754E+003   0.7154991221E+000
     59500   0.8579488442E+003   0.1069569488E+001
     59600   0.8706813955E+003   0.7116209090E+000
     59700   0.8614724008E+003   0.3565776959E+000
     59800   0.8423275990E+003   0.3579212123E+000
     59900   0.8561190611E+003   0.7135951093E+000
     60000   0.8617228594E+003   0.7128262103E+000
     60100   0.8665856764E+003   0.3562305560E+000
     60200   0.8702430027E+003   0.7116792199E+000
     60300   0.8581079863E+003   0.3568087367E+000
     60400   0.8583457126E+003   0.0000000000E+000
     60500   0.8560697145E+003   0.0000000000E+000
     60600   0.8633952099E+003   0.0000000000E+000
     60700   0.8499995186E+003   0.3573743374E+000
     60800   0.8550616164E+003   0.3570197666E+000
     60900   0.8671674077E+003   0.3561913641E+000
     61000   0.8529477217E+003   0.7140354724E+000
     61100   0.8622854627E+003   0.3565221765E+000
     61200   0.8603697828E+003   0.3566531828E+000
     61300   0.8569995143E+003   0.3568853209E+000
     61400   0.8499263514E+003   0.3573794985E+000
     61500   0.8639631243E+003   0.3564080031E+000
     61600   0.8610671657E+003   0.7129155760E+000
     61700   0.8588964008E+003   0.3567544055E+000
     61800   0.8620383890E+003   0.7127832625E+000
     61900   0.8740852211E+003   0.0000000000E+000
     62000   0.8652646090E+003   0.0000000000E+000
     62100   0.8668982926E+003   0.3562094871E+000
     62200   0.8512087251E+003   0.0000000000E+000
     62300   0.8614836820E+003   0.0000000000E+000
     62400   0.8659593858E+003   0.0000000000E+000
     62500   0.8652407020E+003   0.0000000000E+000
     62600   0.8625185902E+003   0.0000000000E+000
     62700   0.8581714010E+003   0.0000000000E+000
     62800   0.8630410994E+003   0.0000000000E+000
     62900   0.8600862020E+003   0.0000000000E+000
     63000   0.8588890602E+003   0.3567549108E+000
     63100   0.8495963000E+003   0.0000000000E+000
     63200   0.8641936813E+003   0.3563923528E+000
     63300   0.8679180268E+003   0.0000000000E+000
     63400   0.8540974435E+003   0.3570869232E+000
     63500   0.8558432333E+003   0.7136332589E+000
     63600   0.8483127928E+003   0.7146859806E+000
     63700   0.8562441291E+003   0.7135778207E+000
     63800   0.8610509123E+003   0.7129177933E+000
     63900   0.8471274876E+003   0.1071828274E+001
     64000   0.8550831673E+003   0.1070161165E+001
     64100   0.8601180666E+003   0.7130452118E+000
     64200   0.8495501270E+003   0.7145115110E+000
     64300   0.8664592741E+003   0.1067839169E+001
     64400   0.8612350894E+003   0.1068896619E+001
     64500   0.8613816105E+003   0.3565839030E+000
     64600   0.8623283451E+003   0.7127438280E+000
     64700   0.8643726567E+003   0.3563802107E+000
     64800   0.8717065429E+003   0.7114848197E+000
     64900   0.8633045446E+003   0.3564527611E+000
     65000   0.8741211128E+003   0.3557275804E+000
     65100   0.8655709113E+003   0.3562990685E+000
     65200   0.8614308263E+003   0.0000000000E+000
     65300   0.8648095685E+003   0.3563505940E+000
     65400   0.8705529541E+003   0.3559644855E+000
     65500   0.8521529193E+003   0.3572229031E+000
     65600   0.8512527630E+003   0.0000000000E+000
     65700   0.8552018130E+003   0.3570100163E+000
     65800   0.8596398234E+003   0.0000000000E+000
     65900   0.8559975839E+003   0.0000000000E+000
     66000   0.8577812738E+003   0.3568312853E+000
     66100   0.8503867976E+003   0.3573470366E+000
     66200   0.8624440780E+003   0.3565113597E+000
     66300   0.8514504975E+003   0.7142447028E+000
     66400   0.8625937621E+003   0.3565011563E+000
     66500   0.8629915514E+003   0.7126537467E+000
     66600   0.8512292524E+003   0.7142756937E+000
     66700   0.8492758838E+003   0.7145501293E+000
     66800   0.8479913045E+003   0.7147314091E+000
     66900   0.8636551136E+003   0.7125637783E+000
     67000   0.8600755261E+003   0.7130510301E+000
     67100   0.8685557095E+003   0.1067418980E+001
     67200   0.8591192510E+003   0.7131819986E+000
     67300   0.8685176522E+003   0.1067426586E+001
     67400   0.8558484699E+003   0.7136325343E+000
     67500   0.8586257336E+003   0.7132497222E+000
     67600   0.8644147531E+003   0.0000000000E+000
     67700   0.8610831699E+003   0.3566043175E+000
     67800   0.8660796745E+003   0.7122364105E+000
     67900   0.8623235747E+003   0.3565195770E+000
     68000   0.8611816078E+003   0.3565975821E+000
     68100   0.8644701263E+003   0.3563736005E+000
     68200   0.8582260905E+003   0.7133046303E+000
     68300   0.8728497303E+003   0.7113334985E+000
     68400   0.8641773563E+003   0.1068299232E+001
     68500   0.8691285410E+003   0.7118277631E+000
     68600   0.8636703816E+003   0.7125617101E+000
     68700   0.8614558097E+003   0.7128625879E+000
     68800   0.8658170295E+003   0.1067968369E+001
     68900   0.8687744743E+003   0.7118750484E+000
     69000   0.8640189039E+003   0.7125145224E+000
     69100   0.8617591253E+003   0.7128212721E+000
     69200   0.8676938366E+003   0.3561559508E+000
     69300   0.8751864682E+003   0.3556572821E+000
     69400   0.8488449658E+003   0.3574558989E+000
     69500   0.8482395864E+003   0.7146963216E+000
     69600   0.8529850555E+003   0.3571646236E+000
     69700   0.8631316854E+003   0.0000000000E+000
     69800   0.8576171277E+003   0.7133884122E+000
     69900   0.8593725186E+003   0.3567216515E+000
     70000   0.8506831248E+003   0.3573261669E+000
     70100   0.8462987595E+003   0.3576366908E+000
     70200   0.8451554957E+003   0.3577182818E+000
     70300   0.8653407637E+003   0.7123359532E+000
     70400   0.8620397566E+003   0.3565389415E+000
     70500   0.8617351872E+003   0.3565597383E+000
     70600   0.8582375027E+003   0.7133030615E+000
     70700   0.8499974945E+003   0.3573744801E+000
     70800   0.8485171116E+003   0.7146571298E+000
     70900   0.8531151964E+003   0.7140121218E+000
     71000   0.8600913231E+003   0.7130488694E+000
     71100   0.8548789008E+003   0.1070203517E+001
     71200   0.8643249035E+003   0.1068269399E+001
     71300   0.8572242816E+003   0.7134425340E+000
     71400   0.8570033261E+003   0.1069764200E+001
     71500   0.8551403382E+003   0.7137306056E+000
     71600   0.8503495451E+003   0.7143991047E+000
     71700   0.8555618805E+003   0.3569849917E+000
     71800   0.8570219522E+003   0.3568837684E+000
     71900   0.8747174994E+003   0.7110872548E+000
     72000   0.8648349576E+003   0.7124042072E+000
     72100   0.8650274419E+003   0.3563358382E+000
     72200   0.8447386416E+003   0.7151933056E+000
     72300   0.8701161846E+003   0.7116961008E+000
     72400   0.8636130334E+003   0.1068413443E+001
     72500   0.8795652535E+003   0.7104537987E+000
     72600   0.8717511968E+003   0.7114789003E+000
     72700   0.8632673698E+003   0.7126163306E+000
     72800   0.8565084079E+003   0.1069866319E+001
     72900   0.8655629296E+003   0.1068019547E+001
     73000   0.8632233357E+003   0.1424068983E+001
     73100   0.8671822047E+003   0.1067694005E+001
     73200   0.8612491911E+003   0.1068893744E+001
     73300   0.8490819848E+003   0.1427953154E+001
     73400   0.8562463747E+003   0.1069920441E+001
     73500   0.8497250009E+003   0.1071279961E+001
     73600   0.8657404796E+003   0.1067983783E+001
     73700   0.8532226527E+003   0.1070547788E+001
     73800   0.8562573833E+003   0.7135759888E+000
     73900   0.8594686011E+003   0.7131341133E+000
     74000   0.8563268184E+003   0.1069903821E+001
     74100   0.8627661706E+003   0.1424192235E+001
     74200   0.8579743247E+003   0.1069564248E+001
     74300   0.8639045930E+003   0.1068354414E+001
     74400   0.8740529309E+003   0.1066328286E+001
     74500   0.8677764573E+003   0.1067574890E+001
     74600   0.8766077419E+003   0.7108392890E+000
     74700   0.8690557395E+003   0.1067319106E+001
     74800   0.8679259147E+003   0.7119885554E+000
     74900   0.8550347229E+003   0.1070171207E+001
     75000   0.8612226665E+003   0.7128943682E+000
     75100   0.8607530617E+003   0.3566269174E+000
     75200   0.8482633303E+003   0.3574970859E+000
     75300   0.8531903102E+003   0.3571502687E+000
     75400   0.8645760373E+003   0.3563664199E+000
     75500   0.8583249147E+003   0.7132910471E+000
     75600   0.8518768703E+003   0.3572422658E+000
     75700   0.8541809952E+003   0.3570810967E+000
     75800   0.8663618549E+003   0.7121984486E+000
     75900   0.8487473946E+003   0.3574628036E+000
     76000   0.8566062528E+003   0.3569125469E+000
     76100   0.8685738877E+003   0.0000000000E+000
     76200   0.8622376078E+003   0.0000000000E+000
     76300   0.8519428275E+003   0.3572376381E+000
     76400   0.8549856433E+003   0.0000000000E+000
     76500   0.8519771708E+003   0.3572352288E+000
     76600   0.8546066363E+003   0.3570514349E+000
     76700   0.8645421833E+003   0.0000000000E+000
     76800   0.8660208784E+003   0.3562686656E+000
     76900   0.8616091999E+003   0.3565683461E+000
     77000   0.8624422460E+003   0.3565114847E+000
     77100   0.8605093413E+003   0.3566436159E+000
     77200   0.8549680831E+003   0.3570262736E+000
     77300   0.8582819040E+003   0.3567967417E+000
     77400   0.8672421808E+003   0.7120802025E+000
     77500   0.8611609653E+003   0.3565989944E+000
     77600   0.8351289102E+003   0.3584450561E+000
     77700   0.8635892583E+003   0.3564334018E+000
     77800   0.8569453089E+003   0.3568890719E+000
     77900   0.8555680286E+003   0.3569845646E+000
     78000   0.8610386263E+003   0.0000000000E+000
     78100   0.8564693727E+003   0.0000000000E+000
     78200   0.8563927343E+003   0.3569273412E+000
     78300   0.8667011341E+003   0.3562227726E+000
     78400   0.8604472559E+003   0.0000000000E+000
     78500   0.8664769797E+003   0.0000000000E+000
     78600   0.8644765371E+003   0.0000000000E+000
     78700   0.8529338354E+003   0.3571682070E+000
     78800   0.8644968907E+003   0.3563717857E+000
     78900   0.8727276076E+003   0.3558198330E+000
     79000   0.8572473511E+003   0.0000000000E+000
     79100   0.8738470277E+003   0.3557456983E+000
     79200   0.8575625074E+003   0.0000000000E+000
     79300   0.8489879659E+003   0.7145907046E+000
     79400   0.8591866280E+003   0.7131727597E+000
     79500   0.8721814935E+003   0.1066697801E+001
     79600   0.8565265533E+003   0.7135388017E+000
     79700   0.8659227355E+003   0.7122575361E+000
     79800   0.8695780459E+003   0.1067214926E+001
     79900   0.8702509502E+003   0.7116781622E+000
     80000   0.8772498196E+003   0.1065701293E+001
     80100   0.8607664822E+003   0.7129566098E+000
     80200   0.8801521192E+003   0.7103776625E+000
     80300   0.8728518476E+003   0.1066565228E+001
     80400   0.8834799207E+003   0.7099481538E+000
     80500   0.8515317669E+003   0.1070900870E+001
     80600   0.8592436898E+003   0.1069303648E+001
     80700   0.8613841636E+003   0.1068866237E+001
     80800   0.8478933090E+003   0.1071666208E+001
     80900   0.8698564270E+003   0.1067159459E+001
     81000   0.8540429333E+003   0.1070377088E+001
     81100   0.8594758253E+003   0.1069256088E+001
     81200   0.8656433287E+003   0.1068003350E+001
     81300   0.8627260992E+003   0.7126897829E+000
     81400   0.8749120644E+003   0.7110616739E+000
     81500   0.8542448995E+003   0.1070335118E+001
     81600   0.8660308131E+003   0.7122429868E+000
     81700   0.8634469272E+003   0.7125919877E+000
     81800   0.8625621679E+003   0.7127120501E+000
     81900   0.8529589356E+003   0.7140339085E+000
     82000   0.8673759086E+003   0.7120622646E+000
     82100   0.8579020466E+003   0.7133491954E+000
     82200   0.8607109856E+003   0.3566297995E+000
     82300   0.8629983942E+003   0.7126528181E+000
     82400   0.8528984269E+003   0.3571706845E+000
     82500   0.8568268613E+003   0.0000000000E+000
     82600   0.8650158776E+003   0.0000000000E+000
     82700   0.8576463873E+003   0.3568406005E+000
     82800   0.8637874609E+003   0.3564199336E+000
     82900   0.8685416197E+003   0.7119061704E+000
     83000   0.8566736215E+003   0.7135184951E+000
     83100   0.8553082397E+003   0.7137073353E+000
     83200   0.8647330400E+003   0.3563557791E+000
     83300   0.8644602005E+003   0.7124548372E+000
     83400   0.8707334892E+003   0.7116139845E+000
     83500   0.8575186950E+003   0.3568494220E+000
     83600   0.8649570525E+003   0.3563406045E+000
     83700   0.8703248939E+003   0.7116683223E+000
     83800   0.8660955984E+003   0.3562636206E+000
     83900   0.8676673305E+003   0.7120231961E+000
     84000   0.8556393402E+003   0.3569796115E+000
     84100   0.8647421843E+003   0.3563551595E+000
     84200   0.8738216671E+003   0.3557473754E+000
     84300   0.8684806472E+003   0.3561031145E+000
     84400   0.8654809141E+003   0.3563051538E+000
     84500   0.8751017290E+003   0.0000000000E+000
     84600   0.8568589656E+003   0.3568950479E+000
     84700   0.8568249623E+003   0.3568974018E+000
     84800   0.8694565784E+003   0.3560377329E+000
     84900   0.8581698393E+003   0.3568044701E+000
     85000   0.8700614042E+003   0.3559972987E+000
     85100   0.8582596597E+003   0.7133000159E+000
     85200   0.8655450297E+003   0.7123084156E+000
     85300   0.8647456419E+003   0.1068184395E+001
     85400   0.8740034475E+003   0.7111812499E+000
     85500   0.8554010005E+003   0.1426199034E+001
     85600   0.8640155176E+003   0.1423855771E+001
     85700   0.8790265163E+003   0.1419899874E+001
     85800   0.8692745829E+003   0.1067275438E+001
     85900   0.8715728969E+003   0.1421844368E+001
     86000   0.8698933199E+003   0.1067152112E+001
     86100   0.8698596860E+003   0.1422296781E+001
     86200   0.8842774455E+003   0.1418552823E+001
     86300   0.8906999981E+003   0.1063120457E+001
     86400   0.8625251746E+003   0.1068634101E+001
     86500   0.8672319051E+003   0.1067684036E+001
     86600   0.8767096791E+003   0.1065806856E+001
     86700   0.8686619916E+003   0.1422614292E+001
     86800   0.8680719042E+003   0.1422771099E+001
     86900   0.8663662576E+003   0.1423225748E+001
     87000   0.8750061309E+003   0.1066140782E+001
     87100   0.8726835041E+003   0.7113554729E+000
     87200   0.8837709518E+003   0.7099107697E+000
     87300   0.8760661804E+003   0.7109102051E+000
     87400   0.8688928962E+003   0.1067351617E+001
     87500   0.8756264133E+003   0.7109678665E+000
     87600   0.8721658537E+003   0.1066700897E+001
     87700   0.8549445264E+003   0.7137577576E+000
     87800   0.8664798453E+003   0.7121825838E+000
     87900   0.8560064566E+003   0.7136106801E+000
     88000   0.8730303036E+003   0.3557997649E+000
     88100   0.8657427504E+003   0.7122817748E+000
     88200   0.8713745220E+003   0.7115288550E+000
     88300   0.8584635558E+003   0.3567842193E+000
     88400   0.8492842614E+003   0.3574248350E+000
     88500   0.8722695349E+003   0.0000000000E+000
     88600   0.8669959191E+003   0.3562029111E+000
     88700   0.8552081757E+003   0.7137212024E+000
     88800   0.8703179199E+003   0.3559801697E+000
     88900   0.8716300544E+003   0.3558927346E+000
     89000   0.8644986402E+003   0.7124496416E+000
     89100   0.8657135211E+003   0.7122857123E+000
     89200   0.8675044324E+003   0.3561686864E+000
     89300   0.8660178410E+003   0.7122447329E+000
     89400   0.8530013881E+003   0.3571634810E+000
     89500   0.8747805007E+003   0.3556840467E+000
     89600   0.8709372260E+003   0.7115869124E+000
     89700   0.8679466407E+003   0.1067540812E+001
     89800   0.8638855725E+003   0.1068358263E+001
     89900   0.8661118405E+003   0.1067909034E+001
     90000   0.8602210318E+003   0.7130311318E+000
     90100   0.8498759012E+003   0.7144656741E+000
     90200   0.8690949112E+003   0.7118322524E+000
     90300   0.8573248066E+003   0.1069697941E+001
     90400   0.8604185982E+003   0.7130041267E+000
     90500   0.8526016330E+003   0.3571914605E+000
     90600   0.8831229842E+003   0.3551397801E+000
     90700   0.8668519126E+003   0.3562126118E+000
     90800   0.8595615212E+003   0.3567086610E+000
     90900   0.8517576849E+003   0.3572506303E+000
     91000   0.8668310864E+003   0.0000000000E+000
     91100   0.8671219164E+003   0.3561944267E+000
     91200   0.8532308540E+003   0.0000000000E+000
     91300   0.8596064473E+003   0.3567055741E+000
     91400   0.8696189395E+003   0.3560268722E+000
     91500   0.8643521259E+003   0.3563816032E+000
     91600   0.8469898077E+003   0.3575874978E+000
     91700   0.8641407469E+003   0.0000000000E+000
     91800   0.8656222685E+003   0.0000000000E+000
     91900   0.8705484434E+003   0.0000000000E+000
     92000   0.8616050652E+003   0.0000000000E+000
     92100   0.8448891313E+003   0.0000000000E+000
     92200   0.8508898946E+003   0.0000000000E+000
     92300   0.8578341278E+003   0.0000000000E+000
     92400   0.8619555607E+003   0.0000000000E+000
     92500   0.8696216324E+003   0.0000000000E+000
     92600   0.8728781447E+003   0.0000000000E+000
     92700   0.8687922878E+003   0.0000000000E+000
     92800   0.8574696931E+003   0.0000000000E+000
     92900   0.8580769216E+003   0.0000000000E+000
     93000   0.8508672859E+003   0.0000000000E+000
     93100   0.8623172076E+003   0.0000000000E+000
     93200   0.8543877161E+003   0.0000000000E+000
     93300   0.8557045411E+003   0.3569750836E+000
     93400   0.8644716355E+003   0.0000000000E+000
     93500   0.8608991972E+003   0.3566169102E+000
     93600   0.8541489423E+003   0.3570833318E+000
     93700   0.8627648671E+003   0.3564894978E+000
     93800   0.8600205795E+003   0.3566771368E+000
     93900   0.8657099304E+003   0.3562896715E+000
     94000   0.8582080064E+003   0.0000000000E+000
     94100   0.8556265278E+003   0.0000000000E+000
     94200   0.8686386652E+003   0.0000000000E+000
     94300   0.8528462462E+003   0.3571743360E+000
     94400   0.8610920213E+003   0.3566037118E+000
     94500   0.8723708609E+003   0.0000000000E+000
     94600   0.8703987337E+003   0.3559747758E+000
     94700   0.8639103883E+003   0.0000000000E+000
     94800   0.8511209305E+003   0.0000000000E+000
     94900   0.8627339740E+003   0.0000000000E+000
     95000   0.8585998767E+003   0.0000000000E+000
     95100   0.8596332257E+003   0.0000000000E+000
     95200   0.8543941959E+003   0.3570662350E+000
     95300   0.8518980160E+003   0.3572407821E+000
     95400   0.8435522473E+003   0.3578331360E+000
     95500   0.8650095608E+003   0.0000000000E+000
     95600   0.8529248971E+003   0.0000000000E+000
     95700   0.8535242752E+003   0.3571269295E+000
     95800   0.8627115915E+003   0.3564931272E+000
     95900   0.8662827240E+003   0.0000000000E+000
     96000   0.8569035807E+003   0.3568919598E+000
     96100   0.8529804169E+003   0.3571649480E+000
     96200   0.8633620562E+003   0.0000000000E+000
     96300   0.8689613311E+003   0.3560708902E+000
     96400   0.8563882041E+003   0.0000000000E+000
     96500   0.8597270311E+003   0.3566972907E+000
     96600   0.8655572264E+003   0.0000000000E+000
     96700   0.8552778693E+003   0.0000000000E+000
     96800   0.8341854186E+003   0.3585144984E+000
     96900   0.8533203284E+003   0.3571411798E+000
     97000   0.8535221279E+003   0.3571270795E+000
     97100   0.8649961607E+003   0.7123824442E+000
     97200   0.8618802214E+003   0.3565498329E+000
     97300   0.8650660024E+003   0.0000000000E+000
     97400   0.8565160031E+003   0.0000000000E+000
     97500   0.8630030770E+003   0.0000000000E+000
     97600   0.8616579943E+003   0.7128350438E+000
     97700   0.8505553890E+003   0.3573351610E+000
     97800   0.8646323739E+003   0.3563626012E+000
     97900   0.8580547752E+003   0.3568124078E+000
     98000   0.8598098275E+003   0.3566916046E+000
     98100   0.8506385755E+003   0.3573293034E+000
     98200   0.8607193734E+003   0.0000000000E+000
     98300   0.8510192881E+003   0.3573025123E+000
     98400   0.8606370600E+003   0.0000000000E+000
     98500   0.8639004258E+003   0.0000000000E+000
     98600   0.8642187106E+003   0.0000000000E+000
     98700   0.8627549233E+003   0.0000000000E+000
     98800   0.8576075878E+003   0.0000000000E+000
     98900   0.8444711036E+003   0.3577672482E+000
     99000   0.8461116755E+003   0.0000000000E+000
     99100   0.8481708435E+003   0.3575036412E+000
     99200   0.8472790800E+003   0.0000000000E+000
     99300   0.8703492392E+003   0.0000000000E+000
     99400   0.8549767431E+003   0.3570256711E+000
     99500   0.8614793045E+003   0.0000000000E+000
     99600   0.8410405480E+003   0.3580141000E+000
     99700   0.8552503886E+003   0.3570066389E+000
     99800   0.8571770871E+003   0.3568730369E+000
     99900   0.8601430615E+003   0.3566687324E+000
    100000   0.8646132238E+003   0.3563638992E+000
    100100   0.8591615280E+003   0.7131762013E+000
    100200   0.8591758617E+003   0.3567351752E+000
    100300   0.8655896606E+003   0.3562978009E+000
    100400   0.8539825247E+003   0.0000000000E+000
    100500   0.8542269550E+003   0.0000000000E+000
    100600   0.8388879401E+003   0.3581702013E+000
    100700   0.8610158888E+003   0.3566089221E+000
    100800   0.8554736458E+003   0.7136844213E+000
    100900   0.8585241563E+003   0.3567800431E+000
    101000   0.8619542485E+003   0.3565447785E+000
    101100   0.8620817404E+003   0.3565360761E+000
    101200   0.8496385447E+003   0.7144990665E+000
    101300   0.8652436538E+003   0.7123490501E+000
    101400   0.8466273268E+003   0.3576132897E+000
    101500   0.8502846072E+003   0.3573542376E+000
    101600   0.8624830545E+003   0.0000000000E+000
    101700   0.8671957857E+003   0.3561894538E+000
    101800   0.8496125313E+003   0.3574016466E+000
    101900   0.8608017258E+003   0.3566235845E+000
    102000   0.8549252073E+003   0.0000000000E+000
    102100   0.8625611758E+003   0.0000000000E+000
    102200   0.8507157690E+003   0.0000000000E+000
    102300   0.8693698908E+003   0.0000000000E+000
    102400   0.8640776515E+003   0.7125065727E+000
    102500   0.8646978508E+003   0.3563581636E+000
    102600   0.8698881471E+003   0.3560088747E+000
    102700   0.8526235116E+003   0.7140807066E+000
    102800   0.8619950430E+003   0.3565419936E+000
    102900   0.8676767382E+003   0.7120219353E+000
    103000   0.8570792732E+003   0.7134625262E+000
    103100   0.8510135175E+003   0.7143059308E+000
    103200   0.8707226440E+003   0.7116154261E+000
    103300   0.8546471916E+003   0.7137990149E+000
    103400   0.8454622002E+003   0.7150901971E+000
    103500   0.8612745799E+003   0.7128872900E+000
    103600   0.8511806877E+003   0.1070974385E+001
    103700   0.8560169778E+003   0.7136092250E+000
    103800   0.8528840340E+003   0.1070618365E+001
    103900   0.8545861090E+003   0.7138074947E+000
    104000   0.8494693668E+003   0.1071333750E+001
    104100   0.8481173053E+003   0.1428223626E+001
    104200   0.8521766413E+003   0.1070766017E+001
    104300   0.8500995920E+003   0.1071201211E+001
    104400   0.8585519984E+003   0.1069445541E+001
    104500   0.8545481517E+003   0.1070272143E+001
    104600   0.8666972374E+003   0.1067791355E+001
    104700   0.8567055616E+003   0.1069825623E+001
    104800   0.8479420482E+003   0.7147383729E+000
    104900   0.8588793063E+003   0.7132149140E+000
    105000   0.8382081502E+003   0.1073741322E+001
    105100   0.8442357003E+003   0.7152650974E+000
    105200   0.8534339710E+003   0.7139677054E+000
    105300   0.8470764257E+003   0.3575813384E+000
    105400   0.8532524143E+003   0.3571459270E+000
    105500   0.8476557703E+003   0.0000000000E+000
    105600   0.8547527437E+003   0.0000000000E+000
    105700   0.8464967842E+003   0.3576225846E+000
    105800   0.8559488296E+003   0.3569581262E+000
    105900   0.8504769236E+003   0.3573406874E+000
    106000   0.8555435557E+003   0.0000000000E+000
    106100   0.8697029284E+003   0.3560212558E+000
    106200   0.8613557476E+003   0.0000000000E+000
    106300   0.8507361483E+003   0.3573224344E+000
    106400   0.8566740521E+003   0.3569078510E+000
    106500   0.8574283691E+003   0.3568556640E+000
    106600   0.8495409383E+003   0.3574067020E+000
    106700   0.8601869186E+003   0.0000000000E+000
    106800   0.8653613631E+003   0.3563132396E+000
    106900   0.8657856155E+003   0.7122760011E+000
    107000   0.8563249236E+003   0.3569320415E+000
    107100   0.8627284468E+003   0.3564919789E+000
    107200   0.8653126419E+003   0.3563165356E+000
    107300   0.8740488692E+003   0.3557323546E+000
    107400   0.8573443929E+003   0.7134259803E+000
    107500   0.8564961267E+003   0.7135430039E+000
    107600   0.8637611032E+003   0.3564217243E+000
    107700   0.8661873195E+003   0.7122219256E+000
    107800   0.8750746551E+003   0.7110403071E+000
    107900   0.8595998016E+003   0.7131161414E+000
    108000   0.8719317639E+003   0.7114549712E+000
    108100   0.8635347852E+003   0.7125800809E+000
    108200   0.8475229722E+003   0.7147976598E+000
    108300   0.8508080078E+003   0.7143347514E+000
    108400   0.8555720113E+003   0.7136707994E+000
    108500   0.8606048206E+003   0.7129786853E+000
    108600   0.8444008374E+003   0.7152415141E+000
    108700   0.8514676071E+003   0.3572709995E+000
    108800   0.8472483703E+003   0.3575691158E+000
    108900   0.8371364169E+003   0.3582979106E+000
    109000   0.8603593171E+003   0.3566539004E+000
    109100   0.8453393610E+003   0.3577051425E+000
    109200   0.8430396952E+003   0.7154362220E+000
    109300   0.8516600244E+003   0.3572574862E+000
    109400   0.8508360001E+003   0.3573154069E+000
    109500   0.8724032633E+003   0.3558413544E+000
    109600   0.8633232785E+003   0.7126087497E+000
    109700   0.8553262326E+003   0.7137048422E+000
    109800   0.8579506491E+003   0.7133425087E+000
    109900   0.8539790407E+003   0.3570951824E+000
    110000   0.8654215164E+003   0.3563091708E+000
    110100   0.8643408499E+003   0.3563823681E+000
    110200   0.8722210866E+003   0.3558534506E+000
    110300   0.8668278411E+003   0.7121358222E+000
    110400   0.8777302139E+003   0.7106926277E+000
    110500   0.8593917027E+003   0.1069273320E+001
    110600   0.8602841153E+003   0.1069090718E+001
    110700   0.8681264050E+003   0.1067504833E+001
    110800   0.8589565571E+003   0.1069362518E+001
    110900   0.8692015496E+003   0.1067290008E+001
    111000   0.8640055006E+003   0.1423858464E+001
    111100   0.8674166173E+003   0.1067646996E+001
    111200   0.8697265483E+003   0.7117480015E+000
    111300   0.8590649977E+003   0.7131894392E+000
    111400   0.8734350890E+003   0.7112561941E+000
    111500   0.8603601739E+003   0.7130121111E+000
    111600   0.8598792501E+003   0.1069173505E+001
    111700   0.8549661098E+003   0.3570264109E+000
    111800   0.8607811160E+003   0.3566249959E+000
    111900   0.8629120754E+003   0.0000000000E+000
    112000   0.8700198998E+003   0.0000000000E+000
    112100   0.8763408589E+003   0.3555813330E+000
    112200   0.8664504466E+003   0.3562396753E+000
    112300   0.8568472891E+003   0.3568958562E+000
    112400   0.8620577516E+003   0.0000000000E+000
    112500   0.8548239162E+003   0.3570363065E+000
    112600   0.8630906536E+003   0.3564673146E+000
    112700   0.8661517851E+003   0.0000000000E+000
    112800   0.8644254092E+003   0.0000000000E+000
    112900   0.8671679322E+003   0.0000000000E+000
    113000   0.8686174677E+003   0.0000000000E+000
    113100   0.8625589271E+003   0.0000000000E+000
    113200   0.8565455340E+003   0.0000000000E+000
    113300   0.8686942031E+003   0.0000000000E+000
    113400   0.8697402132E+003   0.0000000000E+000
    113500   0.8657735966E+003   0.0000000000E+000
    113600   0.8525118726E+003   0.0000000000E+000
    113700   0.8489999440E+003   0.0000000000E+000
    113800   0.8654857890E+003   0.0000000000E+000
    113900   0.8672852716E+003   0.3561834310E+000
    114000   0.8676071318E+003   0.0000000000E+000
    114100   0.8595021552E+003   0.3567127406E+000
    114200   0.8502068194E+003   0.0000000000E+000
    114300   0.8568806097E+003   0.3568935498E+000
    114400   0.8616031402E+003   0.3565687602E+000
    114500   0.8601529419E+003   0.3566680546E+000
    114600   0.8690502899E+003   0.0000000000E+000
    114700   0.8631940538E+003   0.3564602781E+000
    114800   0.8551521953E+003   0.3570134666E+000
    114900   0.8593781040E+003   0.0000000000E+000
    115000   0.8561537119E+003   0.3569439129E+000
    115100   0.8618090085E+003   0.3565546960E+000
    115200   0.8632423599E+003   0.3564569914E+000
    115300   0.8647233913E+003   0.7124192745E+000
    115400   0.8608349038E+003   0.3566213124E+000
    115500   0.8776735520E+003   0.3554939417E+000
    115600   0.8685460050E+003   0.3560987306E+000
    115700   0.8550501436E+003   0.3570205646E+000
    115800   0.8655576207E+003   0.3562999671E+000
    115900   0.8599174022E+003   0.7130726629E+000
    116000   0.8597466804E+003   0.1069200633E+001
    116100   0.8523915994E+003   0.7141130879E+000
    116200   0.8606089034E+003   0.3566367931E+000
    116300   0.8589744828E+003   0.3567490310E+000
    116400   0.8625287996E+003   0.3565055841E+000
    116500   0.8661610467E+003   0.3562592024E+000
    116600   0.8631151547E+003   0.3564656471E+000
    116700   0.8735004625E+003   0.3557686263E+000
    116800   0.8608526446E+003   0.3566200976E+000
    116900   0.8594329027E+003   0.3567175005E+000
    117000   0.8543477202E+003   0.0000000000E+000
    117100   0.8475680870E+003   0.3575464043E+000
    117200   0.8562226355E+003   0.0000000000E+000
    117300   0.8535805419E+003   0.0000000000E+000
    117400   0.8557138295E+003   0.0000000000E+000
    117500   0.8491180347E+003   0.0000000000E+000
    117600   0.8618375362E+003   0.0000000000E+000
    117700   0.8531799160E+003   0.0000000000E+000
    117800   0.8733791794E+003   0.0000000000E+000
    117900   0.8687416356E+003   0.0000000000E+000
    118000   0.8661089591E+003   0.0000000000E+000
    118100   0.8537349003E+003   0.0000000000E+000
    118200   0.8449317523E+003   0.0000000000E+000
    118300   0.8634865537E+003   0.0000000000E+000
    118400   0.8665910518E+003   0.0000000000E+000
    118500   0.8656674937E+003   0.0000000000E+000
    118600   0.8532367827E+003   0.0000000000E+000
    118700   0.8627954483E+003   0.3564874146E+000
    118800   0.8642173650E+003   0.3563907457E+000
    118900   0.8659999307E+003   0.0000000000E+000
    119000   0.8550395063E+003   0.3570213046E+000
    119100   0.8676425719E+003   0.3561593972E+000
    119200   0.8543147154E+003   0.3570717744E+000
    119300   0.8528889861E+003   0.3571713451E+000
    119400   0.8550115686E+003   0.3570232482E+000
    119500   0.8558847725E+003   0.3569625717E+000
    119600   0.8472354767E+003   0.0000000000E+000
    119700   0.8632609481E+003   0.3564557268E+000
    119800   0.8657640381E+003   0.0000000000E+000
    119900   0.8517213867E+003   0.3572531783E+000
    120000   0.8502032027E+003   0.3573599753E+000
    120100   0.8383292195E+003   0.3582108716E+000
    120200   0.8609144839E+003   0.3566158636E+000
    120300   0.8593349061E+003   0.3567242375E+000
    120400   0.8572472282E+003   0.3568681864E+000
    120500   0.8439261673E+003   0.7153093311E+000
    120600   0.8659344546E+003   0.3562745021E+000
    120700   0.8677167080E+003   0.3561544134E+000
    120800   0.8638849989E+003   0.7125326470E+000
    120900   0.8665004827E+003   0.3562363007E+000
    121000   0.8555951725E+003   0.3569826792E+000
    121100   0.8498491291E+003   0.3573849467E+000
    121200   0.8590181099E+003   0.3567460286E+000
    121300   0.8612219218E+003   0.7128944697E+000
    121400   0.8625664356E+003   0.7127114703E+000
    121500   0.8653974520E+003   0.3563107984E+000
    121600   0.8646467055E+003   0.0000000000E+000
    121700   0.8745676633E+003   0.3556980902E+000
    121800   0.8840522148E+003   0.3550798945E+000
    121900   0.8690034481E+003   0.3560680687E+000
    122000   0.8663851267E+003   0.3562440814E+000
    122100   0.8579041631E+003   0.3568228015E+000
    122200   0.8586035819E+003   0.0000000000E+000
    122300   0.8613522329E+003   0.0000000000E+000
    122400   0.8576135464E+003   0.3568428690E+000
    122500   0.8721645918E+003   0.0000000000E+000
    122600   0.8588533820E+003   0.3567573670E+000
    122700   0.8512031626E+003   0.3572895829E+000
    122800   0.8556721093E+003   0.3569773357E+000
    122900   0.8552925291E+003   0.3570037092E+000
    123000   0.8662482812E+003   0.0000000000E+000
    123100   0.8580103657E+003   0.3568154720E+000
    123200   0.8588654530E+003   0.0000000000E+000
    123300   0.8561590660E+003   0.0000000000E+000
    123400   0.8528641254E+003   0.0000000000E+000
    123500   0.8661442299E+003   0.0000000000E+000
    123600   0.8458901366E+003   0.3576658233E+000
    123700   0.8632657700E+003   0.3564553988E+000
    123800   0.8538142557E+003   0.0000000000E+000
    123900   0.8417023274E+003   0.0000000000E+000
    124000   0.8575105908E+003   0.0000000000E+000
    124100   0.8683788267E+003   0.3561099457E+000
    124200   0.8452025959E+003   0.3577149153E+000
    124300   0.8614316910E+003   0.3565804789E+000
    124400   0.8571970131E+003   0.3568716588E+000
    124500   0.8593614055E+003   0.3567224155E+000
    124600   0.8573044367E+003   0.7134314865E+000
    124700   0.8608886285E+003   0.3566176338E+000
    124800   0.8613480942E+003   0.3565861948E+000
    124900   0.8597927259E+003   0.7130897262E+000
    125000   0.8565240873E+003   0.7135391423E+000
    125100   0.8470014784E+003   0.7148715314E+000
    125200   0.8570151474E+003   0.7134713697E+000
    125300   0.8427573125E+003   0.3578902734E+000
    125400   0.8490315415E+003   0.7145845616E+000
    125500   0.8514263084E+003   0.3572739008E+000
    125600   0.8517934646E+003   0.7141966989E+000
    125700   0.8463277926E+003   0.3576346222E+000
    125800   0.8528269807E+003   0.3571756843E+000
    125900   0.8618276249E+003   0.3565534246E+000
    126000   0.8617174174E+003   0.3565609522E+000
    126100   0.8667184700E+003   0.3562216041E+000
    126200   0.8452459144E+003   0.7151209966E+000
    126300   0.8757790951E+003   0.3556182633E+000
    126400   0.8599542210E+003   0.7130676249E+000
    126500   0.8533999281E+003   0.3571356171E+000
    126600   0.8535896988E+003   0.3571223599E+000
    126700   0.8580966576E+003   0.0000000000E+000
    126800   0.8606935915E+003   0.0000000000E+000
    126900   0.8531767874E+003   0.7140035370E+000
    127000   0.8639959393E+003   0.3564057750E+000
    127100   0.8422141855E+003   0.7155546674E+000
    127200   0.8681740493E+003   0.3561236901E+000
    127300   0.8508601148E+003   0.3573137100E+000
    127400   0.8652808647E+003   0.0000000000E+000
    127500   0.8554050541E+003   0.0000000000E+000
    127600   0.8394088131E+003   0.3581323431E+000
    127700   0.8657575750E+003   0.3562864517E+000
    127800   0.8561088900E+003   0.7135965156E+000
    127900   0.8608664581E+003   0.7129429626E+000
    128000   0.8681537681E+003   0.7119580514E+000
    128100   0.8550597989E+003   0.7137417717E+000
    128200   0.8534818741E+003   0.7139610342E+000
    128300   0.8619513201E+003   0.7127951101E+000
    128400   0.8538706880E+003   0.7139069183E+000
    128500   0.8643948235E+003   0.7124636750E+000
    128600   0.8627174751E+003   0.7126909541E+000
    128700   0.8651291078E+003   0.1068107004E+001
    128800   0.8597095480E+003   0.7131011132E+000
    128900   0.8550123024E+003   0.7137483579E+000
    129000   0.8455041039E+003   0.3576933754E+000
    129100   0.8572125513E+003   0.3568705843E+000
    129200   0.8547278017E+003   0.3570429975E+000
    129300   0.8573764396E+003   0.3568592533E+000
    129400   0.8604071702E+003   0.3566506195E+000
    129500   0.8665862055E+003   0.3562305203E+000
    129600   0.8540273937E+003   0.3570918093E+000
    129700   0.8655389236E+003   0.3563012312E+000
    129800   0.8560782992E+003   0.3569491436E+000
    129900   0.8532853385E+003   0.3571436255E+000
    130000   0.8529295806E+003   0.7140380024E+000
    130100   0.8681377839E+003   0.7119601907E+000
    130200   0.8711601374E+003   0.3559240127E+000
    130300   0.8729046401E+003   0.3558080942E+000
    130400   0.8722277128E+003   0.3558530105E+000
    130500   0.8712811737E+003   0.3559159526E+000
    130600   0.8700357221E+003   0.3559990143E+000
    130700   0.8717576620E+003   0.3558842477E+000
    130800   0.8705973405E+003   0.7116320839E+000
    130900   0.8612525287E+003   0.7128902965E+000
    131000   0.8748102048E+003   0.3556820874E+000
    131100   0.8707719898E+003   0.3559498777E+000
    131200   0.8711479469E+003   0.3559248246E+000
    131300   0.8644524681E+003   0.3563747979E+000
    131400   0.8521989892E+003   0.3572196731E+000
    131500   0.8638705087E+003   0.3564142926E+000
    131600   0.8554130509E+003   0.3569953323E+000
    131700   0.8730683617E+003   0.3557972428E+000
    131800   0.8611862749E+003   0.3565972629E+000
    131900   0.8818974624E+003   0.3552189847E+000
    132000   0.8602807374E+003   0.7130229692E+000
    132100   0.8632155125E+003   0.7126233632E+000
    132200   0.8595971249E+003   0.3567062147E+000
    132300   0.8683263374E+003   0.3561134680E+000
    132400   0.8703072120E+003   0.3559808845E+000
    132500   0.8702472058E+003   0.0000000000E+000
    132600   0.8653459590E+003   0.0000000000E+000
    132700   0.8678504881E+003   0.3561454224E+000
    132800   0.8711292642E+003   0.3559260690E+000
    132900   0.8603965777E+003   0.3566513457E+000
    133000   0.8577287896E+003   0.3568349094E+000
    133100   0.8640365297E+003   0.3564030192E+000
    133200   0.8600415228E+003   0.0000000000E+000
    133300   0.8515495778E+003   0.3572652419E+000
    133400   0.8601303684E+003   0.3566696033E+000
    133500   0.8746075104E+003   0.3556954604E+000
    133600   0.8473867597E+003   0.3575592827E+000
    133700   0.8557852321E+003   0.7136412846E+000
    133800   0.8584134389E+003   0.7132788826E+000
    133900   0.8657349843E+003   0.7122828210E+000
    134000   0.8592185025E+003   0.0000000000E+000
    134100   0.8614966794E+003   0.3565760363E+000
    134200   0.8431844510E+003   0.7154154801E+000
    134300   0.8590172525E+003   0.3567460876E+000
    134400   0.8748511399E+003   0.3556793876E+000
    134500   0.8799988728E+003   0.7103975324E+000
    134600   0.8729698257E+003   0.3558037732E+000
    134700   0.8584257297E+003   0.7132771939E+000
    134800   0.8647985848E+003   0.7124091189E+000
    134900   0.8699474041E+003   0.3560049149E+000
    135000   0.8556134290E+003   0.3569814111E+000
    135100   0.8679730310E+003   0.7119822461E+000
    135200   0.8735066251E+003   0.3557682184E+000
    135300   0.8614726585E+003   0.0000000000E+000
    135400   0.8622704488E+003   0.0000000000E+000
    135500   0.8693369509E+003   0.3560457380E+000
    135600   0.8639956625E+003   0.0000000000E+000
    135700   0.8567934976E+003   0.3568995801E+000
    135800   0.8672851278E+003   0.3561834407E+000
    135900   0.8686362551E+003   0.7118935196E+000
    136000   0.8597175154E+003   0.7131000224E+000
    136100   0.8749949542E+003   0.1420946850E+001
    136200   0.8637234043E+003   0.1423934339E+001
    136300   0.8744086029E+003   0.1421100056E+001
    136400   0.8610973560E+003   0.1068924700E+001
    136500   0.8630583514E+003   0.1068525872E+001
    136600   0.8665378309E+003   0.1778244764E+001
    136700   0.8725410596E+003   0.1776263522E+001
    136800   0.8694214153E+003   0.1422412849E+001
    136900   0.8527229589E+003   0.1426938742E+001
    137000   0.8619940113E+003   0.1424400754E+001
    137100   0.8613726830E+003   0.1424568857E+001
    137200   0.8660237268E+003   0.1423317302E+001
    137300   0.8473354866E+003   0.2140860496E+001
    137400   0.8595814792E+003   0.2135812164E+001
    137500   0.8644273025E+003   0.2133860406E+001
    137600   0.8638725903E+003   0.2134082538E+001
    137700   0.8681132604E+003   0.2132392752E+001
    137800   0.8585651644E+003   0.2491229133E+001
    137900   0.8671078517E+003   0.2487237289E+001
    138000   0.8637615027E+003   0.2134127062E+001
    138100   0.8687888696E+003   0.2132125309E+001
    138200   0.8693867920E+003   0.2131889022E+001
    138300   0.8701685806E+003   0.2131580644E+001
    138400   0.8607875823E+003   0.2135323992E+001
    138500   0.8625325148E+003   0.2134620536E+001
    138600   0.8555371415E+003   0.2137460811E+001
    138700   0.8553934027E+003   0.2137519739E+001
    138800   0.8704761357E+003   0.1776941427E+001
    138900   0.8540578697E+003   0.1782467351E+001
    139000   0.8623121728E+003   0.1779658596E+001
    139100   0.8684310451E+003   0.1777616512E+001
    139200   0.8552939980E+003   0.1782042705E+001
    139300   0.8593019383E+003   0.1780675637E+001
    139400   0.8461815744E+003   0.1072028924E+001
    139500   0.8594203789E+003   0.1069267446E+001
    139600   0.8518750305E+003   0.1070829059E+001
    139700   0.8665909566E+003   0.1067812707E+001
    139800   0.8577802329E+003   0.1425546373E+001
    139900   0.8560624696E+003   0.1069958449E+001
    140000   0.8620936710E+003   0.1068721805E+001
    140100   0.8538424908E+003   0.1070418765E+001
    140200   0.8659159656E+003   0.1067948451E+001
    140300   0.8500584845E+003   0.1071209849E+001
    140400   0.8601839758E+003   0.1069111186E+001
    140500   0.8499254438E+003   0.1071237812E+001
    140600   0.8509220771E+003   0.1071028583E+001
    140700   0.8480498863E+003   0.1071633114E+001
    140800   0.8481449365E+003   0.1071613032E+001
    140900   0.8522665400E+003   0.1070747237E+001
    141000   0.8621696241E+003   0.1068706360E+001
    141100   0.8530290934E+003   0.1070588123E+001
    141200   0.8643331277E+003   0.1068267737E+001
    141300   0.8707819497E+003   0.1066975347E+001
    141400   0.8472943964E+003   0.1071792923E+001
    141500   0.8460884831E+003   0.1072048699E+001
    141600   0.8543989764E+003   0.1070303115E+001
    141700   0.8417197021E+003   0.1430035685E+001
    141800   0.8448323266E+003   0.1785682396E+001
    141900   0.8552071137E+003   0.1782072505E+001
    142000   0.8480213034E+003   0.1071639154E+001
    142100   0.8556504687E+003   0.1070043668E+001
    142200   0.8517184543E+003   0.1070861806E+001
    142300   0.8557941405E+003   0.1070013940E+001
    142400   0.8486415963E+003   0.1428076539E+001
    142500   0.8449187542E+003   0.1072297616E+001
    142600   0.8446876696E+003   0.1072346885E+001
    142700   0.8595276617E+003   0.1069245472E+001
    142800   0.8592647556E+003   0.1069299331E+001
    142900   0.8551720605E+003   0.1070142742E+001
    143000   0.8614656803E+003   0.1424543678E+001
    143100   0.8651707224E+003   0.1068098610E+001
    143200   0.8631949450E+003   0.1068498170E+001
    143300   0.8630519693E+003   0.1068527167E+001
    143400   0.8559949258E+003   0.1069972413E+001
    143500   0.8543237534E+003   0.1426495933E+001
    143600   0.8603924214E+003   0.7130077039E+000
    143700   0.8553614519E+003   0.7136999626E+000
    143800   0.8598917128E+003   0.7130761783E+000
    143900   0.8668901174E+003   0.7121274585E+000
    144000   0.8618439611E+003   0.7128097224E+000
    144100   0.8641568626E+003   0.7124958559E+000
    144200   0.8716902475E+003   0.3558887309E+000
    144300   0.8543264851E+003   0.7138435527E+000
    144400   0.8680075791E+003   0.3561348688E+000
    144500   0.8702228201E+003   0.7116819061E+000
    144600   0.8566178197E+003   0.7135261990E+000
    144700   0.8592246394E+003   0.7131675483E+000
    144800   0.8630607679E+003   0.7126443545E+000
    144900   0.8528452310E+003   0.1070626457E+001
    145000   0.8510254010E+003   0.1071006925E+001
    145100   0.8517838840E+003   0.1070848120E+001
    145200   0.8556125843E+003   0.1070051509E+001
    145300   0.8513968255E+003   0.1070929118E+001
    145400   0.8693598635E+003   0.7117968944E+000
    145500   0.8573081389E+003   0.7134309763E+000
    145600   0.8677795914E+003   0.1067574262E+001
    145700   0.8701104085E+003   0.7116968698E+000
    145800   0.8534279221E+003   0.7139685478E+000
    145900   0.8730823635E+003   0.1066519694E+001
    146000   0.8529455253E+003   0.1426877060E+001
    146100   0.8692567885E+003   0.1067278987E+001
    146200   0.8532716828E+003   0.1070537574E+001
    146300   0.8604465349E+003   0.1069057532E+001
    146400   0.8710203759E+003   0.1066927991E+001
    146500   0.8561308220E+003   0.1069944320E+001
    146600   0.8687470096E+003   0.7118787182E+000
    146700   0.8665743812E+003   0.7121698763E+000
    146800   0.8638131328E+003   0.1068372926E+001
    146900   0.8582572021E+003   0.7133003537E+000
    147000   0.8543555184E+003   0.1070312140E+001
    147100   0.8560110093E+003   0.1069969088E+001
    147200   0.8633793896E+003   0.7126011425E+000
    147300   0.8571338541E+003   0.7134550003E+000
    147400   0.8485953878E+003   0.7146460811E+000
    147500   0.8544359342E+003   0.1070295440E+001
    147600   0.8682038214E+003   0.7119513530E+000
    147700   0.8621642175E+003   0.7127661459E+000
    147800   0.8616990969E+003   0.7128294461E+000
    147900   0.8555906416E+003   0.1070056050E+001
    148000   0.8551159633E+003   0.1070154368E+001
    148100   0.8710902698E+003   0.1066914114E+001
    148200   0.8663289811E+003   0.1067865362E+001
    148300   0.8593952556E+003   0.1069272592E+001
    148400   0.8648181981E+003   0.1423640196E+001
    148500   0.8636364987E+003   0.1068408690E+001
    148600   0.8585200157E+003   0.1069452108E+001
    148700   0.8480856280E+003   0.1428232520E+001
    148800   0.8574776099E+003   0.1069666467E+001
    148900   0.8730205071E+003   0.1066531910E+001
    149000   0.8539255280E+003   0.1070401496E+001
    149100   0.8626023594E+003   0.1068618423E+001
    149200   0.8578164055E+003   0.1425536482E+001
    149300   0.8550308070E+003   0.1782132999E+001
    149400   0.8631768602E+003   0.1779367976E+001
    149500   0.8695670897E+003   0.1777241048E+001
    149600   0.8565075278E+003   0.2137063587E+001
    149700   0.8598463522E+003   0.2135704820E+001
    149800   0.8531635487E+003   0.2138436867E+001
    149900   0.8692163231E+003   0.2131956350E+001
    150000   0.8533406412E+003   0.2138363826E+001
    150100   0.8574079938E+003   0.2136695921E+001
    150200   0.8497096233E+003   0.2495465866E+001
    150300   0.8678599248E+003   0.2132493160E+001
    150400   0.8555231234E+003   0.2492673021E+001
    150500   0.8716447439E+003   0.2131000118E+001
    150600   0.8571674007E+003   0.2136794069E+001
    150700   0.8640150126E+003   0.2134025474E+001
    150800   0.8634296285E+003   0.2134260158E+001
    150900   0.8656441835E+003   0.2133374269E+001
    151000   0.8520259628E+003   0.2138906904E+001
    151100   0.8607342257E+003   0.2135345554E+001
    151200   0.8438851383E+003   0.2498308991E+001
    151300   0.8641644531E+003   0.2133965621E+001
    151400   0.8505837935E+003   0.2139504898E+001
    151500   0.8504117707E+003   0.2139576384E+001
    151600   0.8599722553E+003   0.2490565282E+001
    151700   0.8677463465E+003   0.2132538198E+001
    151800   0.8615089216E+003   0.2135032788E+001
    151900   0.8577308447E+003   0.2136564318E+001
    152000   0.8582365962E+003   0.1781037564E+001
    152100   0.8640167503E+003   0.1779086339E+001
    152200   0.8620997738E+003   0.1779730086E+001
    152300   0.8579980334E+003   0.1781118754E+001
    152400   0.8681884151E+003   0.1777696850E+001
    152500   0.8436357875E+003   0.2142419309E+001
    152600   0.8719518628E+003   0.1776456573E+001
    152700   0.8510101394E+003   0.2139327868E+001
    152800   0.8512592788E+003   0.1783434061E+001
    152900   0.8601205116E+003   0.1780398253E+001
    153000   0.8616534336E+003   0.2134974517E+001
    153100   0.8571440369E+003   0.1781409826E+001
    153200   0.8652562164E+003   0.1423522755E+001
    153300   0.8525221467E+003   0.1070693865E+001
    153400   0.8538750386E+003   0.1426619860E+001
    153500   0.8484686645E+003   0.1071544674E+001
    153600   0.8469602179E+003   0.1071863717E+001
    153700   0.8596449051E+003   0.1069221466E+001
    153800   0.8606745688E+003   0.7129691597E+000
    153900   0.8518571090E+003   0.7141877958E+000
    154000   0.8540448062E+003   0.3570905946E+000
    154100   0.8533560321E+003   0.7139785614E+000
    154200   0.8612376163E+003   0.3565937507E+000
    154300   0.8505708407E+003   0.0000000000E+000
    154400   0.8560485156E+003   0.0000000000E+000
    154500   0.8640541747E+003   0.0000000000E+000
    154600   0.8591346313E+003   0.0000000000E+000
    154700   0.8725154398E+003   0.0000000000E+000
    154800   0.8619100928E+003   0.0000000000E+000
    154900   0.8541272816E+003   0.0000000000E+000
    155000   0.8670738407E+003   0.0000000000E+000
    155100   0.8715566443E+003   0.0000000000E+000
    155200   0.8583250660E+003   0.0000000000E+000
    155300   0.8523517512E+003   0.0000000000E+000
    155400   0.8597230014E+003   0.0000000000E+000
    155500   0.8524078462E+003   0.0000000000E+000
    155600   0.8466812794E+003   0.0000000000E+000
    155700   0.8641569416E+003   0.0000000000E+000
    155800   0.8619004466E+003   0.0000000000E+000
    155900   0.8482046729E+003   0.0000000000E+000
    156000   0.8646227448E+003   0.0000000000E+000
    156100   0.8549406464E+003   0.0000000000E+000
    156200   0.8506697113E+003   0.0000000000E+000
    156300   0.8608677479E+003   0.0000000000E+000
    156400   0.8574774992E+003   0.0000000000E+000
    156500   0.8589272203E+003   0.0000000000E+000
    156600   0.8621674864E+003   0.0000000000E+000
    156700   0.8501000547E+003   0.0000000000E+000
    156800   0.8589497703E+003   0.3567507319E+000
    156900   0.8630300852E+003   0.0000000000E+000
    157000   0.8549162519E+003   0.0000000000E+000
    157100   0.8599483430E+003   0.0000000000E+000
    157200   0.8650169285E+003   0.3563365500E+000
    157300   0.8604868727E+003   0.3566451559E+000
    157400   0.8674686945E+003   0.3561710902E+000
    157500   0.8531988885E+003   0.0000000000E+000
    157600   0.8540003806E+003   0.7138888802E+000
    157700   0.8558109299E+003   0.3569676972E+000
    157800   0.8729938453E+003   0.3558021811E+000
    157900   0.8585020086E+003   0.3567815693E+000
    158000   0.8727863030E+003   0.3558159404E+000
    158100   0.8708417267E+003   0.0000000000E+000
    158200   0.8717799658E+003   0.0000000000E+000
    158300   0.8718046481E+003   0.7114718156E+000
    158400   0.8781361095E+003   0.3554636816E+000
    158500   0.8611705643E+003   0.7129014731E+000
    158600   0.8630797364E+003   0.3564680577E+000
    158700   0.8656390910E+003   0.3562944594E+000
    158800   0.8678983463E+003   0.0000000000E+000
    158900   0.8863906672E+003   0.0000000000E+000
    159000   0.8635515015E+003   0.0000000000E+000
    159100   0.8740014848E+003   0.0000000000E+000
    159200   0.8582450812E+003   0.3567992809E+000
    159300   0.8659136794E+003   0.3562759054E+000
    159400   0.8622948817E+003   0.0000000000E+000
    159500   0.8633106866E+003   0.0000000000E+000
    159600   0.8672355009E+003   0.0000000000E+000
    159700   0.8629812219E+003   0.3564747638E+000
    159800   0.8616474403E+003   0.3565657331E+000
    159900   0.8579033569E+003   0.0000000000E+000
    160000   0.8520249613E+003   0.3572318765E+000
    160100   0.8471394185E+003   0.3575768599E+000
    160200   0.8580027343E+003   0.0000000000E+000
    160300   0.8557788382E+003   0.7136421694E+000
    160400   0.8543738132E+003   0.7138369776E+000
    160500   0.8362268146E+003   0.3583644798E+000
    160600   0.8548059721E+003   0.7137769788E+000
    160700   0.8564068804E+003   0.7135553317E+000
    160800   0.8619036717E+003   0.3565482316E+000
    160900   0.8607505302E+003   0.1068995458E+001
    161000   0.8634271051E+003   0.1068451110E+001
    161100   0.8590387687E+003   0.1425202838E+001
    161200   0.8554736717E+003   0.1781981100E+001
    161300   0.8512420094E+003   0.1783440049E+001
    161400   0.8545248639E+003   0.1782306757E+001
    161500   0.8494484601E+003   0.1427850591E+001
    161600   0.8607295505E+003   0.1424743157E+001
    161700   0.8539633068E+003   0.1426595470E+001
    161800   0.8555381791E+003   0.1426161289E+001
    161900   0.8700404678E+003   0.1422248944E+001
    162000   0.8648585685E+003   0.1423629367E+001
    162100   0.8527913697E+003   0.1426919778E+001
    162200   0.8571783304E+003   0.1425711085E+001
    162300   0.8673763498E+003   0.1422956252E+001
    162400   0.8554423947E+003   0.1426187643E+001
    162500   0.8557712252E+003   0.1426097198E+001
    162600   0.8531586595E+003   0.1426818027E+001
    162700   0.8744820708E+003   0.1421080846E+001
    162800   0.8581829477E+003   0.1425436319E+001
    162900   0.8613253034E+003   0.1424581688E+001
    163000   0.8471931837E+003   0.1428483401E+001
    163100   0.8516982091E+003   0.1427223225E+001
    163200   0.8557234489E+003   0.1426110333E+001
    163300   0.8507602974E+003   0.1427484301E+001
    163400   0.8557201375E+003   0.1781896644E+001
    163500   0.8653925877E+003   0.1423486219E+001
    163600   0.8611586526E+003   0.1424626830E+001
    163700   0.8569251085E+003   0.1425780461E+001
    163800   0.8750624402E+003   0.1420929232E+001
    163900   0.8624985510E+003   0.1424264455E+001
    164000   0.8570832864E+003   0.1425737119E+001
    164100   0.8561540127E+003   0.1425992014E+001
    164200   0.8585214979E+003   0.1780940672E+001
    164300   0.8599534278E+003   0.1424953904E+001
    164400   0.8659365212E+003   0.1423340625E+001
    164500   0.8516470124E+003   0.1427237459E+001
    164600   0.8410191646E+003   0.1430236062E+001
    164700   0.8560660838E+003   0.1069957702E+001
    164800   0.8589926169E+003   0.1069355122E+001
    164900   0.8524332258E+003   0.1427019094E+001
    165000   0.8570762895E+003   0.1425739036E+001
    165100   0.8665963827E+003   0.1067811616E+001
    165200   0.8500989194E+003   0.1071201352E+001
    165300   0.8484870330E+003   0.1428119879E+001
    165400   0.8691705593E+003   0.1067296192E+001
    165500   0.8571988340E+003   0.1069723898E+001
    165600   0.8445257104E+003   0.7152236881E+000
    165700   0.8595806346E+003   0.1780581128E+001
    165800   0.8627969602E+003   0.1779495576E+001
    165900   0.8674129840E+003   0.1422946491E+001
    166000   0.8593917500E+003   0.1069273310E+001
    166100   0.8669058136E+003   0.1067749471E+001
    166200   0.8672972276E+003   0.1067670934E+001
    166300   0.8634389930E+003   0.1068448701E+001
    166400   0.8462026018E+003   0.1072024458E+001
    166500   0.8677614761E+003   0.1067577890E+001
    166600   0.8616844268E+003   0.1068805080E+001
    166700   0.8639850059E+003   0.1068338142E+001
    166800   0.8625655758E+003   0.7127115871E+000
    166900   0.8672895663E+003   0.1067672471E+001
    167000   0.8586357162E+003   0.7132483515E+000
    167100   0.8596671438E+003   0.1069216913E+001
    167200   0.8632522289E+003   0.7126183838E+000
    167300   0.8713409849E+003   0.7115333052E+000
    167400   0.8728805499E+003   0.7113294254E+000
    167500   0.8719852929E+003   0.7114478796E+000
    167600   0.8786939981E+003   0.7105670476E+000
    167700   0.8599924092E+003   0.7130624001E+000
    167800   0.8556669908E+003   0.7136576499E+000
    167900   0.8674045251E+003   0.3561754068E+000
    168000   0.8580113978E+003   0.7133341522E+000
    168100   0.8545353261E+003   0.7138145457E+000
    168200   0.8486985454E+003   0.3574662611E+000
    168300   0.8493451968E+003   0.1427879480E+001
    168400   0.8538055229E+003   0.1070426454E+001
    168500   0.8669469441E+003   0.1067741215E+001
    168600   0.8628937092E+003   0.7126670262E+000
    168700   0.8595297941E+003   0.7131257303E+000
    168800   0.8650627999E+003   0.3563334443E+000
    168900   0.8574876119E+003   0.3568515699E+000
    169000   0.8532353022E+003   0.0000000000E+000
    169100   0.8654022335E+003   0.3563104750E+000
    169200   0.8486067553E+003   0.3574727592E+000
    169300   0.8588193350E+003   0.3567597111E+000
    169400   0.8583278181E+003   0.3567935760E+000
    169500   0.8522644490E+003   0.0000000000E+000
    169600   0.8512407182E+003   0.0000000000E+000
    169700   0.8687357765E+003   0.0000000000E+000
    169800   0.8624438180E+003   0.0000000000E+000
    169900   0.8657750890E+003   0.0000000000E+000
    170000   0.8551239898E+003   0.0000000000E+000
    170100   0.8699300074E+003   0.0000000000E+000
    170200   0.8717706363E+003   0.0000000000E+000
    170300   0.8648491492E+003   0.3563479127E+000
    170400   0.8617676476E+003   0.3565575210E+000
    170500   0.8593099665E+003   0.3567259523E+000
    170600   0.8612246117E+003   0.3565946403E+000
    170700   0.8478583561E+003   0.7147502074E+000
    170800   0.8664032566E+003   0.3562428584E+000
    170900   0.8489332670E+003   0.3574496519E+000
    171000   0.8591428989E+003   0.3567374426E+000
    171100   0.8658366590E+003   0.7122691266E+000
    171200   0.8724621168E+003   0.7113847544E+000
    171300   0.8589678132E+003   0.7132027702E+000
    171400   0.8574520826E+003   0.7134111431E+000
    171500   0.8613835328E+003   0.7128724380E+000
    171600   0.8692240054E+003   0.7118150216E+000
    171700   0.8545697480E+003   0.1070267660E+001
    171800   0.8747081604E+003   0.7110884830E+000
    171900   0.8564544328E+003   0.7135487628E+000
    172000   0.8648832494E+003   0.1068156614E+001
    172100   0.8638377508E+003   0.1068367943E+001
    172200   0.8487856579E+003   0.1071477796E+001
    172300   0.8666046407E+003   0.1067809957E+001
    172400   0.8726561192E+003   0.7113590940E+000
    172500   0.8576088446E+003   0.1069639447E+001
    172600   0.8608851607E+003   0.1068967983E+001
    172700   0.8605937583E+003   0.7129801963E+000
    172800   0.8754174497E+003   0.7109952889E+000
    172900   0.8614588807E+003   0.7128621694E+000
    173000   0.8439552178E+003   0.1072503260E+001
    173100   0.8617478361E+003   0.7128228093E+000
    173200   0.8558797951E+003   0.7136282004E+000
    173300   0.8591673376E+003   0.7131754047E+000
    173400   0.8675640595E+003   0.3561646764E+000
    173500   0.8641728252E+003   0.3563937681E+000
    173600   0.8710341405E+003   0.3559324058E+000
    173700   0.8677448752E+003   0.7120128054E+000
    173800   0.8742731606E+003   0.3557175352E+000
    173900   0.8662549785E+003   0.7122128234E+000
    174000   0.8452061567E+003   0.3577146608E+000
    174100   0.8612261047E+003   0.3565945382E+000
    174200   0.8698710548E+003   0.3560100170E+000
    174300   0.8622192961E+003   0.3565266901E+000
    174400   0.8672169553E+003   0.3561880289E+000
    174500   0.8594546674E+003   0.3567160045E+000
    174600   0.8657232866E+003   0.3562887688E+000
    174700   0.8541611570E+003   0.3570824800E+000
    174800   0.8547343462E+003   0.0000000000E+000
    174900   0.8629900415E+003   0.3564741633E+000
    175000   0.8689531209E+003   0.3560714402E+000
    175100   0.8653441906E+003   0.0000000000E+000
    175200   0.8528116839E+003   0.3571767549E+000
    175300   0.8673970017E+003   0.3561759130E+000
    175400   0.8631093251E+003   0.0000000000E+000
    175500   0.8564031626E+003   0.0000000000E+000
    175600   0.8538214166E+003   0.3571061817E+000
    175700   0.8589460382E+003   0.3567509887E+000
    175800   0.8557751379E+003   0.3569701819E+000
    175900   0.8518508353E+003   0.3572440927E+000
    176000   0.8584689779E+003   0.3567838456E+000
    176100   0.8594718816E+003   0.3567148213E+000
    176200   0.8599837479E+003   0.3566796647E+000
    176300   0.8679136577E+003   0.3561411780E+000
    176400   0.8579644545E+003   0.3568186403E+000
    176500   0.8678559058E+003   0.3561450583E+000
    176600   0.8658525893E+003   0.3562800321E+000
    176700   0.8652759826E+003   0.3563190159E+000
    176800   0.8643049524E+003   0.3563848032E+000
    176900   0.8611635981E+003   0.7129024231E+000
    177000   0.8513553845E+003   0.3572788841E+000
    177100   0.8522941923E+003   0.7141266947E+000
    177200   0.8611361589E+003   0.7129061654E+000
    177300   0.8621223086E+003   0.7127718462E+000
    177400   0.8639898284E+003   0.3564061899E+000
    177500   0.8567406825E+003   0.7135092382E+000
    177600   0.8605235353E+003   0.7129897888E+000
    177700   0.8594411315E+003   0.7131378769E+000
    177800   0.8589572875E+003   0.3567502145E+000
    177900   0.8554756291E+003   0.3569909839E+000
    178000   0.8624742709E+003   0.7127239935E+000
    178100   0.8542207187E+003   0.3570783270E+000
    178200   0.8507771649E+003   0.3573195474E+000
    178300   0.8709276801E+003   0.3559394998E+000
    178400   0.8594633073E+003   0.0000000000E+000
    178500   0.8578670212E+003   0.0000000000E+000
    178600   0.8568188568E+003   0.3568978244E+000
    178700   0.8629511204E+003   0.0000000000E+000
    178800   0.8476534097E+003   0.7147791994E+000
    178900   0.8575105035E+003   0.3568499880E+000
    179000   0.8377203515E+003   0.3582552645E+000
    179100   0.8399259387E+003   0.7158844124E+000
    179200   0.8446271107E+003   0.7152092174E+000
    179300   0.8555448618E+003   0.7136745588E+000
    179400   0.8602618698E+003   0.7130255485E+000
    179500   0.8496758785E+003   0.3573971743E+000
    179600   0.8562367933E+003   0.3569381515E+000
    179700   0.8582783357E+003   0.7132974488E+000
    179800   0.8510515841E+003   0.7143005942E+000
    179900   0.8560658690E+003   0.3569500059E+000
    180000   0.8479771302E+003   0.7147334130E+000
    180100   0.8548181564E+003   0.3570367074E+000
    180200   0.8578129965E+003   0.7133614492E+000
    180300   0.8665703212E+003   0.3562315913E+000
    180400   0.8564891301E+003   0.3569206610E+000
    180500   0.8546414856E+003   0.3570490078E+000
    180600   0.8604403612E+003   0.3566483441E+000
    180700   0.8579195042E+003   0.3568217426E+000
    180800   0.8431582211E+003   0.0000000000E+000
    180900   0.8654748034E+003   0.3563055670E+000
    181000   0.8545384427E+003   0.3570561848E+000
    181100   0.8601748084E+003   0.7130374521E+000
    181200   0.8577100785E+003   0.7133756149E+000
    181300   0.8537559542E+003   0.7139228812E+000
    181400   0.8652167139E+003   0.7123526840E+000
    181500   0.8598300039E+003   0.7130846237E+000
    181600   0.8666774727E+003   0.3562243675E+000
    181700   0.8612319234E+003   0.3565941401E+000
    181800   0.8619450827E+003   0.7127959589E+000
    181900   0.8552633925E+003   0.3570057348E+000
    182000   0.8499048963E+003   0.7144615964E+000
    182100   0.8579080607E+003   0.7133483680E+000
    182200   0.8555498114E+003   0.3569858301E+000
    182300   0.8505763806E+003   0.7143672543E+000
    182400   0.8606835503E+003   0.3566316789E+000
    182500   0.8539155747E+003   0.0000000000E+000
    182600   0.8568087896E+003   0.0000000000E+000
    182700   0.8647160654E+003   0.0000000000E+000
    182800   0.8575708655E+003   0.3568458175E+000
    182900   0.8598497784E+003   0.0000000000E+000
    183000   0.8485800490E+003   0.3574746501E+000
    183100   0.8599085232E+003   0.3566848283E+000
    183200   0.8651572112E+003   0.0000000000E+000
    183300   0.8484278284E+003   0.3574854307E+000
    183400   0.8583039692E+003   0.3567952203E+000
    183500   0.8524375330E+003   0.3572029549E+000
    183600   0.8658999978E+003   0.0000000000E+000
    183700   0.8596231632E+003   0.3567044257E+000
    183800   0.8721733817E+003   0.3558566191E+000
    183900   0.8660444012E+003   0.0000000000E+000
    184000   0.8738205694E+003   0.3557474480E+000
    184100   0.8631352749E+003   0.0000000000E+000
    184200   0.8633346007E+003   0.0000000000E+000
    184300   0.8598444785E+003   0.3566892253E+000
    184400   0.8636087894E+003   0.3564320743E+000
    184500   0.8503786717E+003   0.3573476091E+000
    184600   0.8697551195E+003   0.3560177665E+000
    184700   0.8632461477E+003   0.0000000000E+000
    184800   0.8663552263E+003   0.3562460985E+000
    184900   0.8584479173E+003   0.3567852971E+000
    185000   0.8696666772E+003   0.0000000000E+000
    185100   0.8537702740E+003   0.0000000000E+000
    185200   0.8531267637E+003   0.0000000000E+000
    185300   0.8575312959E+003   0.3568485514E+000
    185400   0.8666944421E+003   0.3562232236E+000
    185500   0.8548068232E+003   0.3570374963E+000
    185600   0.8621658949E+003   0.7127659177E+000
    185700   0.8550075025E+003   0.7137490235E+000
    185800   0.8621320152E+003   0.7127705258E+000
    185900   0.8602512512E+003   0.1069097435E+001
    186000   0.8644722057E+003   0.7124532145E+000
    186100   0.8653267793E+003   0.7123378390E+000
    186200   0.8547474232E+003   0.7137851033E+000
    186300   0.8502183903E+003   0.7144175295E+000
    186400   0.8522829371E+003   0.7141282672E+000
    186500   0.8459427195E+003   0.3576620726E+000
    186600   0.8499741644E+003   0.0000000000E+000
    186700   0.8600833332E+003   0.3566728305E+000
    186800   0.8718442851E+003   0.0000000000E+000
    186900   0.8684989904E+003   0.3561018840E+000
    187000   0.8651500094E+003   0.0000000000E+000
    187100   0.8552328453E+003   0.0000000000E+000
    187200   0.8586791405E+003   0.0000000000E+000
    187300   0.8710069626E+003   0.3559342166E+000
    187400   0.8585889860E+003   0.0000000000E+000
    187500   0.8608729910E+003   0.3566187044E+000
    187600   0.8660623878E+003   0.3562658628E+000
    187700   0.8485734337E+003   0.3574751185E+000
    187800   0.8618896485E+003   0.3565491891E+000
    187900   0.8628669646E+003   0.7126706566E+000
    188000   0.8548828918E+003   0.3570322018E+000
    188100   0.8491181752E+003   0.7145723507E+000
    188200   0.8590393141E+003   0.7131929619E+000
    188300   0.8440866925E+003   0.7152863866E+000
    188400   0.8599809143E+003   0.3566798592E+000
    188500   0.8589276783E+003   0.3567522525E+000
    188600   0.8590627477E+003   0.3567429570E+000
    188700   0.8543154899E+003   0.7138450804E+000
    188800   0.8568902637E+003   0.7134885967E+000
    188900   0.8447723112E+003   0.3577456862E+000
    189000   0.8626441929E+003   0.3564977196E+000
    189100   0.8508006628E+003   0.0000000000E+000
    189200   0.8466224317E+003   0.0000000000E+000
    189300   0.8495657626E+003   0.0000000000E+000
    189400   0.8563725089E+003   0.0000000000E+000
    189500   0.8446037852E+003   0.3577577479E+000
    189600   0.8492547113E+003   0.3574269234E+000
    189700   0.8331020424E+003   0.3585944637E+000
    189800   0.8359513273E+003   0.3583846748E+000
    189900   0.8499945360E+003   0.3573746888E+000
    190000   0.8523934419E+003   0.3572060442E+000
    190100   0.8508124616E+003   0.3573170634E+000
    190200   0.8620715742E+003   0.3565367699E+000
    190300   0.8706869918E+003   0.0000000000E+000
    190400   0.8482993720E+003   0.3574945318E+000
    190500   0.8662569511E+003   0.0000000000E+000
    190600   0.8546746781E+003   0.0000000000E+000
    190700   0.8625667277E+003   0.0000000000E+000
    190800   0.8527703899E+003   0.0000000000E+000
    190900   0.8505987416E+003   0.0000000000E+000
    191000   0.8512884025E+003   0.3572835913E+000
    191100   0.8461314458E+003   0.7149950117E+000
    191200   0.8453734976E+003   0.3577027038E+000
    191300   0.8493505367E+003   0.3574201518E+000
    191400   0.8542293318E+003   0.7138570525E+000
    191500   0.8569244589E+003   0.3568905148E+000
    191600   0.8475072359E+003   0.1071747867E+001
    191700   0.8561218709E+003   0.1069946170E+001
    191800   0.8520891399E+003   0.1070784301E+001
    191900   0.8461196292E+003   0.1072042082E+001
    192000   0.8518876036E+003   0.1070826430E+001
    192100   0.8576256034E+003   0.1069635997E+001
    192200   0.8481832433E+003   0.7147042820E+000
    192300   0.8470572830E+003   0.3575826995E+000
    192400   0.8341787416E+003   0.0000000000E+000
    192500   0.8473501461E+003   0.3575618838E+000
    192600   0.8598024217E+003   0.3566921131E+000
    192700   0.8575654471E+003   0.3568461918E+000
    192800   0.8748259499E+003   0.0000000000E+000
    192900   0.8623996057E+003   0.0000000000E+000
    193000   0.8695536493E+003   0.0000000000E+000
    193100   0.8625604531E+003   0.3565034265E+000
    193200   0.8657469240E+003   0.3562871715E+000
    193300   0.8622174456E+003   0.0000000000E+000
    193400   0.8647097957E+003   0.3563573542E+000
    193500   0.8614257126E+003   0.0000000000E+000
    193600   0.8616792046E+003   0.0000000000E+000
    193700   0.8507790046E+003   0.3573194180E+000
    193800   0.8551229975E+003   0.3570154972E+000
    193900   0.8637890570E+003   0.3564198252E+000
    194000   0.8444541255E+003   0.7152339063E+000
    194100   0.8572534961E+003   0.3568677530E+000
    194200   0.8601240076E+003   0.7130443993E+000
    194300   0.8555892268E+003   0.3569830921E+000
    194400   0.8647209050E+003   0.7124196104E+000
    194500   0.8671537421E+003   0.1067699715E+001
    194600   0.8527080100E+003   0.1070655080E+001
    194700   0.8546454819E+003   0.1070251942E+001
    194800   0.8553426698E+003   0.1070107395E+001
    194900   0.8646442444E+003   0.1068204872E+001
    195000   0.8506102664E+003   0.1071093982E+001
    195100   0.8563556510E+003   0.1069897866E+001
    195200   0.8709124445E+003   0.1066949424E+001
    195300   0.8681774137E+003   0.1067494627E+001
    195400   0.8640139265E+003   0.1423856199E+001
    195500   0.8546225114E+003   0.1426413505E+001
    195600   0.8541295086E+003   0.1070359094E+001
    195700   0.8504289392E+003   0.1427576698E+001
    195800   0.8672469938E+003   0.1422990724E+001
    195900   0.8626160090E+003   0.1779556400E+001
    196000   0.8616580482E+003   0.1779878896E+001
    196100   0.8610716721E+003   0.1424650399E+001
    196200   0.8633498613E+003   0.1424034899E+001
    196300   0.8585122847E+003   0.1425346407E+001
    196400   0.8652727147E+003   0.1423518334E+001
    196500   0.8581148686E+003   0.1425454915E+001
    196600   0.8542076716E+003   0.1426527978E+001
    196700   0.8637284396E+003   0.1423932984E+001
    196800   0.8603290624E+003   0.1780327681E+001
    196900   0.8662684465E+003   0.1778334417E+001
    197000   0.8561446372E+003   0.1781751314E+001
    197100   0.8583425617E+003   0.1781001518E+001
    197200   0.8544883753E+003   0.1782319297E+001
    197300   0.8608454782E+003   0.1780153101E+001
    197400   0.8525975065E+003   0.1782970878E+001
    197500   0.8564505068E+003   0.1781646702E+001
    197600   0.8581835539E+003   0.1781055611E+001
    197700   0.8566925402E+003   0.1781563984E+001
    197800   0.8583668275E+003   0.1780993265E+001
    197900   0.8587866427E+003   0.1780850567E+001
    198000   0.8520264639E+003   0.1783168318E+001
    198100   0.8611055751E+003   0.1780065265E+001
    198200   0.8512503402E+003   0.1783437160E+001
    198300   0.8578639766E+003   0.1425523477E+001
    198400   0.8593002038E+003   0.1069292067E+001
    198500   0.8488559400E+003   0.3574551224E+000
    198600   0.8583169570E+003   0.3567943248E+000
    198700   0.8591677397E+003   0.3567357338E+000
    198800   0.8570370563E+003   0.7134683481E+000
    198900   0.8630047177E+003   0.7126519600E+000
    199000   0.8622490486E+003   0.7127546094E+000
    199100   0.8715049283E+003   0.7115115548E+000
    199200   0.8544736480E+003   0.1070287610E+001
    199300   0.8540585071E+003   0.7138807979E+000
    199400   0.8574902558E+003   0.1069663863E+001
    199500   0.8459595005E+003   0.1072076107E+001
    199600   0.8641494677E+003   0.7124968563E+000
    199700   0.8497822793E+003   0.7144788426E+000
    199800   0.8636174918E+003   0.3564314829E+000
    199900   0.8607711034E+003   0.7129559789E+000
    200000   0.8615807527E+003   0.3565702901E+000
    200100   0.8636351603E+003   0.0000000000E+000
    200200   0.8579203463E+003   0.3568216845E+000
    200300   0.8539196932E+003   0.0000000000E+000
    200400   0.8478382613E+003   0.0000000000E+000
    200500   0.8539512059E+003   0.0000000000E+000
    200600   0.8583345895E+003   0.0000000000E+000
    200700   0.8647510193E+003   0.0000000000E+000
    200800   0.8562754504E+003   0.0000000000E+000
    200900   0.8633037320E+003   0.0000000000E+000
    201000   0.8650033937E+003   0.0000000000E+000
    201100   0.8648651122E+003   0.0000000000E+000
    201200   0.8537420564E+003   0.0000000000E+000
    201300   0.8604561319E+003   0.0000000000E+000
    201400   0.8551924394E+003   0.0000000000E+000
    201500   0.8575114809E+003   0.0000000000E+000
    201600   0.8579686403E+003   0.0000000000E+000
    201700   0.8386460807E+003   0.3581877989E+000
    201800   0.8597599859E+003   0.0000000000E+000
    201900   0.8580985727E+003   0.0000000000E+000
    202000   0.8590533481E+003   0.0000000000E+000
    202100   0.8639900193E+003   0.0000000000E+000
    202200   0.8590478090E+003   0.0000000000E+000
    202300   0.8556512724E+003   0.0000000000E+000
    202400   0.8644910095E+003   0.0000000000E+000
    202500   0.8614117911E+003   0.0000000000E+000
    202600   0.8595157753E+003   0.3567118046E+000
    202700   0.8667745689E+003   0.0000000000E+000
    202800   0.8505478078E+003   0.0000000000E+000
    202900   0.8592392625E+003   0.3567308144E+000
    203000   0.8651370329E+003   0.3563284192E+000
    203100   0.8740544685E+003   0.3557319846E+000
    203200   0.8625693366E+003   0.0000000000E+000
    203300   0.8575367194E+003   0.0000000000E+000
    203400   0.8478746778E+003   0.0000000000E+000
    203500   0.8575579679E+003   0.0000000000E+000
    203600   0.8510894402E+003   0.0000000000E+000
    203700   0.8526309038E+003   0.3571894107E+000
    203800   0.8451150376E+003   0.3577211739E+000
    203900   0.8561493283E+003   0.0000000000E+000
    204000   0.8590723485E+003   0.0000000000E+000
    204100   0.8484067911E+003   0.3574869210E+000
    204200   0.8519160729E+003   0.3572395152E+000
    204300   0.8425764528E+003   0.0000000000E+000
    204400   0.8478201067E+003   0.0000000000E+000
    204500   0.8604532238E+003   0.0000000000E+000
    204600   0.8563979845E+003   0.0000000000E+000
    204700   0.8592299213E+003   0.3567314569E+000
    204800   0.8594430158E+003   0.3567168053E+000
    204900   0.8581054163E+003   0.3568089140E+000
    205000   0.8427190605E+003   0.1072767894E+001
    205100   0.8457840359E+003   0.7150444011E+000
    205200   0.8522398044E+003   0.7141342938E+000
    205300   0.8480907865E+003   0.1071624472E+001
    205400   0.8494476307E+003   0.7145259409E+000
    205500   0.8583483216E+003   0.3567921624E+000
    205600   0.8570537651E+003   0.3568815674E+000
    205700   0.8586979475E+003   0.0000000000E+000
    205800   0.8536965882E+003   0.3571148958E+000
    205900   0.8660240432E+003   0.3562684519E+000
    206000   0.8532558587E+003   0.3571456862E+000
    206100   0.8584307958E+003   0.3567864772E+000
    206200   0.8587386073E+003   0.1069407234E+001
    206300   0.8567561849E+003   0.1069815176E+001
    206400   0.8542888385E+003   0.1070325990E+001
    206500   0.8584541535E+003   0.1069465634E+001
    206600   0.8447402219E+003   0.1072335678E+001
    206700   0.8575947999E+003   0.1425597088E+001
    206800   0.8638040251E+003   0.1068374770E+001
    206900   0.8471844603E+003   0.1071816205E+001
    207000   0.8602979916E+003   0.1069087882E+001
    207100   0.8563618117E+003   0.1425934960E+001
    207200   0.8517161510E+003   0.1070862288E+001
    207300   0.8591951164E+003   0.1069313604E+001
    207400   0.8730643479E+003   0.7113051414E+000
    207500   0.8701378581E+003   0.7116932154E+000
    207600   0.8568967142E+003   0.7134877067E+000
    207700   0.8587552059E+003   0.3567641269E+000
    207800   0.8697785611E+003   0.7117410701E+000
    207900   0.8608088061E+003   0.7129508319E+000
    208000   0.8525600183E+003   0.7140895699E+000
    208100   0.8547809506E+003   0.7137804508E+000
    208200   0.8563183846E+003   0.7135675588E+000
    208300   0.8572974822E+003   0.3568647117E+000
    208400   0.8587594040E+003   0.7132313702E+000
    208500   0.8683555643E+003   0.3561115067E+000
    208600   0.8583473729E+003   0.7132879607E+000
    208700   0.8591347446E+003   0.1069325980E+001
    208800   0.8580040375E+003   0.1069558137E+001
    208900   0.8582314585E+003   0.7133038924E+000
    209000   0.8547417949E+003   0.1070231957E+001
    209100   0.8666376775E+003   0.7121613698E+000
    209200   0.8687464912E+003   0.7118787874E+000
    209300   0.8735872417E+003   0.7112361200E+000
    209400   0.8735286843E+003   0.3557667584E+000
    209500   0.8754887017E+003   0.3556373752E+000
    209600   0.8696540658E+003   0.3560245231E+000
    209700   0.8622438554E+003   0.0000000000E+000
    209800   0.8758847676E+003   0.3556113122E+000
    209900   0.8732868482E+003   0.3557827691E+000
    210000   0.8693102272E+003   0.3560475266E+000
    210100   0.8573308323E+003   0.3568624060E+000
    210200   0.8582900515E+003   0.3567961799E+000
    210300   0.8622954563E+003   0.7127482994E+000
    210400   0.8624741959E+003   0.7127240037E+000
    210500   0.8674747221E+003   0.3561706848E+000
    210600   0.8697448486E+003   0.3560184531E+000
    210700   0.8710844032E+003   0.3559290573E+000
    210800   0.8666584031E+003   0.3562256529E+000
    210900   0.8624275152E+003   0.3565124890E+000
    211000   0.8631291983E+003   0.0000000000E+000
    211100   0.8587215599E+003   0.3567664441E+000
    211200   0.8563927236E+003   0.0000000000E+000
    211300   0.8570803316E+003   0.0000000000E+000
    211400   0.8603779477E+003   0.0000000000E+000
    211500   0.8638117875E+003   0.0000000000E+000
    211600   0.8587145089E+003   0.0000000000E+000
    211700   0.8549224681E+003   0.0000000000E+000
    211800   0.8703085019E+003   0.3559807984E+000
    211900   0.8692072492E+003   0.0000000000E+000
    212000   0.8673126295E+003   0.0000000000E+000
    212100   0.8652003218E+003   0.0000000000E+000
    212200   0.8655570914E+003   0.0000000000E+000
    212300   0.8649552328E+003   0.0000000000E+000
    212400   0.8515384907E+003   0.0000000000E+000
    212500   0.8615004665E+003   0.0000000000E+000
    212600   0.8679553681E+003   0.0000000000E+000
    212700   0.8567774618E+003   0.0000000000E+000
    212800   0.8623689167E+003   0.0000000000E+000
    212900   0.8606524552E+003   0.0000000000E+000
    213000   0.8631189693E+003   0.0000000000E+000
    213100   0.8651075510E+003   0.0000000000E+000
    213200   0.8604294593E+003   0.0000000000E+000
    213300   0.8584149362E+003   0.0000000000E+000
    213400   0.8630057859E+003   0.0000000000E+000
    213500   0.8600991790E+003   0.0000000000E+000
    213600   0.8574425909E+003   0.0000000000E+000
    213700   0.8590426297E+003   0.0000000000E+000
    213800   0.8588399127E+003   0.0000000000E+000
    213900   0.8457079844E+003   0.0000000000E+000
    214000   0.8513837919E+003   0.0000000000E+000
    214100   0.8459865777E+003   0.0000000000E+000
    214200   0.8504337448E+003   0.0000000000E+000
    214300   0.8652860089E+003   0.0000000000E+000
    214400   0.8574952818E+003   0.0000000000E+000
    214500   0.8708969347E+003   0.0000000000E+000
    214600   0.8732078352E+003   0.0000000000E+000
    214700   0.8649725044E+003   0.0000000000E+000
    214800   0.8572338630E+003   0.0000000000E+000
    214900   0.8612990554E+003   0.0000000000E+000
    215000   0.8634085510E+003   0.0000000000E+000
    215100   0.8523276408E+003   0.0000000000E+000
    215200   0.8653883929E+003   0.0000000000E+000
    215300   0.8612844633E+003   0.0000000000E+000
    215400   0.8587107429E+003   0.0000000000E+000
    215500   0.8660227744E+003   0.0000000000E+000
    215600   0.8475379491E+003   0.0000000000E+000
    215700   0.8539377907E+003   0.0000000000E+000
    215800   0.8608455894E+003   0.0000000000E+000
    215900   0.8591441146E+003   0.0000000000E+000
    216000   0.8665899335E+003   0.0000000000E+000
    216100   0.8594105253E+003   0.0000000000E+000
    216200   0.8776805720E+003   0.0000000000E+000
    216300   0.8644627830E+003   0.0000000000E+000
    216400   0.8650260186E+003   0.0000000000E+000
    216500   0.8639018723E+003   0.0000000000E+000
    216600   0.8628149962E+003   0.0000000000E+000
    216700   0.8487742714E+003   0.0000000000E+000
    216800   0.8503771137E+003   0.0000000000E+000
    216900   0.8556874959E+003   0.3569762672E+000
    217000   0.8572254683E+003   0.3568696910E+000
    217100   0.8600392954E+003   0.3566758524E+000
    217200   0.8687068814E+003   0.0000000000E+000
    217300   0.8668900654E+003   0.0000000000E+000
    217400   0.8674895214E+003   0.3561696893E+000
    217500   0.8667675499E+003   0.0000000000E+000
    217600   0.8508672785E+003   0.3573132060E+000
    217700   0.8563215053E+003   0.3569322785E+000
    217800   0.8610595046E+003   0.0000000000E+000
    217900   0.8677591003E+003   0.0000000000E+000
    218000   0.8720723274E+003   0.3558633323E+000
    218100   0.8605370630E+003   0.3566417160E+000
    218200   0.8605380210E+003   0.3566416504E+000
    218300   0.8602083939E+003   0.3566642507E+000
    218400   0.8564677454E+003   0.7135469240E+000
    218500   0.8702650014E+003   0.3559837024E+000
    218600   0.8587281303E+003   0.7132356632E+000
    218700   0.8449955228E+003   0.7151566759E+000
    218800   0.8557007356E+003   0.3569753479E+000
    218900   0.8599253367E+003   0.0000000000E+000
    219000   0.8510006472E+003   0.0000000000E+000
    219100   0.8590648153E+003   0.0000000000E+000
    219200   0.8566393562E+003   0.0000000000E+000
    219300   0.8672280021E+003   0.0000000000E+000
    219400   0.8486856762E+003   0.0000000000E+000
    219500   0.8625731869E+003   0.0000000000E+000
    219600   0.8600721146E+003   0.0000000000E+000
    219700   0.8725090712E+003   0.0000000000E+000
    219800   0.8681345589E+003   0.0000000000E+000
    219900   0.8641666615E+003   0.0000000000E+000
    220000   0.8703894787E+003   0.0000000000E+000
    220100   0.8496112924E+003   0.0000000000E+000
    220200   0.8580324202E+003   0.0000000000E+000
    220300   0.8469817353E+003   0.0000000000E+000
    220400   0.8524821360E+003   0.0000000000E+000
    220500   0.8510194975E+003   0.3573024975E+000
    220600   0.8645893415E+003   0.3563655180E+000
    220700   0.8534745673E+003   0.7139620517E+000
    220800   0.8506304139E+003   0.3573298780E+000
    220900   0.8570729080E+003   0.7134634040E+000
    221000   0.8527068872E+003   0.7140690701E+000
    221100   0.8508498507E+003   0.7143288821E+000
    221200   0.8562277503E+003   0.1069924289E+001
    221300   0.8493079825E+003   0.1427889893E+001
    221400   0.8601655271E+003   0.1069114958E+001
    221500   0.8466695985E+003   0.7149185989E+000
    221600   0.8489117130E+003   0.3574511766E+000
    221700   0.8444286970E+003   0.7152375365E+000
    221800   0.8538538695E+003   0.7139092579E+000
    221900   0.8563709784E+003   0.7135602918E+000
    222000   0.8628003599E+003   0.1068578222E+001
    222100   0.8668441317E+003   0.1067761855E+001
    222200   0.8679879047E+003   0.1067532552E+001
    222300   0.8615937991E+003   0.1068823533E+001
    222400   0.8587889322E+003   0.1069396907E+001
    222500   0.8527687452E+003   0.1070642410E+001
    222600   0.8711388538E+003   0.7115601350E+000
    222700   0.8721497571E+003   0.0000000000E+000
    222800   0.8650757243E+003   0.0000000000E+000
    222900   0.8708177727E+003   0.0000000000E+000
    223000   0.8668635881E+003   0.3562118251E+000
    223100   0.8536584375E+003   0.3571175596E+000
    223200   0.8683707403E+003   0.3561104883E+000
    223300   0.8589770433E+003   0.3567488548E+000
    223400   0.8627994162E+003   0.3564871444E+000
    223500   0.8627880039E+003   0.1068580730E+001
    223600   0.8705208600E+003   0.1067027239E+001
    223700   0.8596284874E+003   0.1069224827E+001
    223800   0.8605874194E+003   0.1069028758E+001
    223900   0.8570890345E+003   0.1069746529E+001
    224000   0.8583114021E+003   0.1069494959E+001
    224100   0.8503902341E+003   0.7143933900E+000
    224200   0.8551708190E+003   0.7137263803E+000
    224300   0.8532329782E+003   0.1070545636E+001
    224400   0.8563442460E+003   0.7135639854E+000
    224500   0.8652535050E+003   0.7123477213E+000
    224600   0.8515839582E+003   0.7142260174E+000
    224700   0.8598836499E+003   0.7130772817E+000
    224800   0.8548578607E+003   0.7137697796E+000
    224900   0.8560830118E+003   0.3569488167E+000
    225000   0.8545875749E+003   0.7138072912E+000
    225100   0.8578147337E+003   0.7133612101E+000
    225200   0.8633570490E+003   0.3564491899E+000
    225300   0.8610020218E+003   0.7129244633E+000
    225400   0.8623753604E+003   0.7127374367E+000
    225500   0.8646744306E+003   0.7124258883E+000
    225600   0.8534070864E+003   0.3571351169E+000
    225700   0.8694333066E+003   0.7117870979E+000
    225800   0.8573431865E+003   0.7134261465E+000
    225900   0.8476428286E+003   0.7147806967E+000
    226000   0.8626337451E+003   0.1068612049E+001
    226100   0.8585881268E+003   0.1069438123E+001
    226200   0.8618984652E+003   0.7128023035E+000
    226300   0.8503321413E+003   0.7144015492E+000
    226400   0.8710325315E+003   0.1066925577E+001
    226500   0.8621385969E+003   0.7127696306E+000
    226600   0.8655827507E+003   0.7123033320E+000
    226700   0.8542521648E+003   0.7138538795E+000
    226800   0.8521729571E+003   0.7141436352E+000
    226900   0.8663242979E+003   0.1067866304E+001
    227000   0.8602096408E+003   0.7130326893E+000
    227100   0.8582617200E+003   0.1069505167E+001
    227200   0.8577637399E+003   0.1069607567E+001
    227300   0.8565055855E+003   0.1069866901E+001
    227400   0.8531488634E+003   0.7140074290E+000
    227500   0.8540456081E+003   0.1070376532E+001
    227600   0.8548347235E+003   0.1070212679E+001
    227700   0.8501018762E+003   0.7144339031E+000
    227800   0.8575764672E+003   0.7133940112E+000
    227900   0.8584056318E+003   0.7132799553E+000
    228000   0.8458074544E+003   0.1072108428E+001
    228100   0.8583452749E+003   0.7132882490E+000
    228200   0.8477958036E+003   0.1071686823E+001
    228300   0.8374237144E+003   0.7162474060E+000
    228400   0.8547758637E+003   0.7137811566E+000
    228500   0.8594999494E+003   0.7131298186E+000
    228600   0.8424012206E+003   0.1072836083E+001
    228700   0.8578235041E+003   0.7133600031E+000
    228800   0.8652047987E+003   0.7123542913E+000
    228900   0.8622635235E+003   0.7127526412E+000
    229000   0.8560142568E+003   0.1069968417E+001
    229100   0.8489682124E+003   0.1071439308E+001
    229200   0.8600264020E+003   0.1069143405E+001
    229300   0.8582462695E+003   0.1069508342E+001
    229400   0.8521746640E+003   0.1070766431E+001
    229500   0.8475884828E+003   0.1071730675E+001
    229600   0.8564507017E+003   0.1069878234E+001
    229700   0.8498633065E+003   0.1071250876E+001
    229800   0.8574692166E+003   0.7134087829E+000
    229900   0.8416366925E+003   0.7156376886E+000
    230000   0.8639015294E+003   0.3564121858E+000
    230100   0.8628190232E+003   0.3564858089E+000
    230200   0.8612886011E+003   0.7128853785E+000
    230300   0.8507239266E+003   0.3573232947E+000
    230400   0.8730704570E+003   0.7113043345E+000
    230500   0.8559585297E+003   0.3569574531E+000
    230600   0.8534223284E+003   0.7139693269E+000
    230700   0.8533195412E+003   0.7139836450E+000
    230800   0.8532457329E+003   0.3571463940E+000
    230900   0.8577371765E+003   0.3568343302E+000
    231000   0.8658505406E+003   0.3562801705E+000
    231100   0.8636768979E+003   0.7125608274E+000
    231200   0.8590462304E+003   0.3567440936E+000
    231300   0.8513116959E+003   0.7142641432E+000
    231400   0.8608659587E+003   0.7129430307E+000
    231500   0.8607442766E+003   0.3566275191E+000
    231600   0.8621649325E+003   0.7127660486E+000
    231700   0.8498217655E+003   0.3573868776E+000
    231800   0.8573783583E+003   0.7134213002E+000
    231900   0.8569005006E+003   0.7134871843E+000
    232000   0.8578975239E+003   0.7133498177E+000
    232100   0.8542875036E+003   0.1070326267E+001
    232200   0.8555609526E+003   0.1070062196E+001
    232300   0.8588776128E+003   0.7132151464E+000
    232400   0.8547411015E+003   0.7137859806E+000
    232500   0.8413432824E+003   0.7156799206E+000
    232600   0.8480176282E+003   0.1071639931E+001
    232700   0.8545314854E+003   0.7138150790E+000
    232800   0.8418461181E+003   0.7156075659E+000
    232900   0.8571705047E+003   0.0000000000E+000
    233000   0.8576820958E+003   0.0000000000E+000
    233100   0.8595628103E+003   0.0000000000E+000
    233200   0.8676125809E+003   0.3561614137E+000
    233300   0.8689385747E+003   0.3560724148E+000
    233400   0.8608465936E+003   0.0000000000E+000
    233500   0.8495336372E+003   0.3574072177E+000
    233600   0.8534920072E+003   0.0000000000E+000
    233700   0.8574332546E+003   0.0000000000E+000
    233800   0.8574482034E+003   0.3568542932E+000
    233900   0.8608236273E+003   0.3566220846E+000
    234000   0.8605927783E+003   0.3566378980E+000
    234100   0.8676230517E+003   0.0000000000E+000
    234200   0.8601676478E+003   0.0000000000E+000
    234300   0.8576739411E+003   0.0000000000E+000
    234400   0.8533783140E+003   0.3571371274E+000
    234500   0.8593302225E+003   0.0000000000E+000
    234600   0.8636732184E+003   0.0000000000E+000
    234700   0.8592820174E+003   0.0000000000E+000
    234800   0.8491550133E+003   0.3574339707E+000
    234900   0.8617793187E+003   0.0000000000E+000
    235000   0.8640414632E+003   0.0000000000E+000
    235100   0.8656232132E+003   0.3562955327E+000
    235200   0.8609848970E+003   0.3566110434E+000
    235300   0.8667514256E+003   0.3562193830E+000
    235400   0.8583480316E+003   0.0000000000E+000
    235500   0.8553816516E+003   0.3569975145E+000
    235600   0.8548601108E+003   0.0000000000E+000
    235700   0.8418284654E+003   0.0000000000E+000
    235800   0.8449541434E+003   0.0000000000E+000
    235900   0.8676636315E+003   0.0000000000E+000
    236000   0.8555333663E+003   0.0000000000E+000
    236100   0.8674801237E+003   0.0000000000E+000
    236200   0.8610293328E+003   0.0000000000E+000
    236300   0.8578878106E+003   0.3568239303E+000
    236400   0.8554593449E+003   0.3569921154E+000
    236500   0.8509915738E+003   0.0000000000E+000
    236600   0.8546836238E+003   0.3570460735E+000
    236700   0.8609668856E+003   0.0000000000E+000
    236800   0.8593881467E+003   0.3567205771E+000
    236900   0.8490620634E+003   0.0000000000E+000
    237000   0.8365679395E+003   0.3583394947E+000
    237100   0.8427792968E+003   0.3578886915E+000
    237200   0.8532865731E+003   0.3571435392E+000
    237300   0.8628739769E+003   0.0000000000E+000
    237400   0.8525805256E+003   0.0000000000E+000
    237500   0.8527777505E+003   0.0000000000E+000
    237600   0.8477006701E+003   0.0000000000E+000
    237700   0.8464533049E+003   0.0000000000E+000
    237800   0.8611547401E+003   0.0000000000E+000
    237900   0.8613000211E+003   0.3565894824E+000
    238000   0.8543715140E+003   0.0000000000E+000
    238100   0.8626863771E+003   0.3564948452E+000
    238200   0.8593319975E+003   0.0000000000E+000
    238300   0.8609597809E+003   0.0000000000E+000
    238400   0.8547425582E+003   0.0000000000E+000
    238500   0.8638548301E+003   0.3564153574E+000
    238600   0.8567311530E+003   0.3569038967E+000
    238700   0.8496925983E+003   0.3573959940E+000
    238800   0.8582819020E+003   0.7132969586E+000
    238900   0.8607346392E+003   0.3566281792E+000
    239000   0.8597110930E+003   0.3566983854E+000
    239100   0.8639819042E+003   0.3564067279E+000
    239200   0.8619326901E+003   0.3565462503E+000
    239300   0.8502607199E+003   0.7144115823E+000
    239400   0.8649271502E+003   0.3563426295E+000
    239500   0.8701395025E+003   0.3559920824E+000
    239600   0.8571839098E+003   0.3568725650E+000
    239700   0.8664432485E+003   0.7121875040E+000
    239800   0.8709457342E+003   0.3559382966E+000
    239900   0.8598681870E+003   0.7130793978E+000
    240000   0.8620147359E+003   0.0000000000E+000
    240100   0.8669732765E+003   0.3562044361E+000
    240200   0.8603047604E+003   0.0000000000E+000
    240300   0.8591771443E+003   0.3567350869E+000
    240400   0.8530860862E+003   0.3571575568E+000
    240500   0.8588213210E+003   0.7132228716E+000
    240600   0.8622244217E+003   0.1068695219E+001
    240700   0.8532740247E+003   0.1426786088E+001
    240800   0.8705961920E+003   0.1067012263E+001
    240900   0.8634332345E+003   0.1424012446E+001
    241000   0.8774040858E+003   0.1774681633E+001
    241100   0.8631495910E+003   0.1424088855E+001
    241200   0.8633773473E+003   0.1424027496E+001
    241300   0.8630561593E+003   0.2134410078E+001
    241400   0.8731655925E+003   0.1776059224E+001
    241500   0.8524121954E+003   0.1783034916E+001
    241600   0.8655856137E+003   0.1423434528E+001
    241700   0.8555617653E+003   0.1070062028E+001
    241800   0.8453822972E+003   0.1072198878E+001
    241900   0.8623459568E+003   0.1068670515E+001
    242000   0.8548905048E+003   0.1070201110E+001
    242100   0.8694673651E+003   0.1067236991E+001
    242200   0.8585851407E+003   0.1069438736E+001
    242300   0.8629082381E+003   0.1068556327E+001
    242400   0.8522802111E+003   0.7141286481E+000
    242500   0.8540076483E+003   0.7138878696E+000
    242600   0.8496682031E+003   0.7144948928E+000
    242700   0.8722218896E+003   0.7114165473E+000
    242800   0.8549022469E+003   0.1070198675E+001
    242900   0.8596530566E+003   0.7131088484E+000
    243000   0.8475416743E+003   0.7147950125E+000
    243100   0.8568640528E+003   0.3568946958E+000
    243200   0.8572017424E+003   0.0000000000E+000
    243300   0.8685918124E+003   0.0000000000E+000
    243400   0.8530061322E+003   0.3571631491E+000
    243500   0.8600861934E+003   0.0000000000E+000
    243600   0.8501429538E+003   0.3573642227E+000
    243700   0.8593866777E+003   0.3567206781E+000
    243800   0.8623836567E+003   0.3565154796E+000
    243900   0.8639856458E+003   0.0000000000E+000
    244000   0.8597582124E+003   0.3566951492E+000
    244100   0.8564518611E+003   0.0000000000E+000
    244200   0.8445007315E+003   0.0000000000E+000
    244300   0.8481533964E+003   0.3575048780E+000
    244400   0.8577618366E+003   0.3568326274E+000
    244500   0.8514242176E+003   0.7142483830E+000
    244600   0.8568234107E+003   0.0000000000E+000
    244700   0.8662989091E+003   0.3562498983E+000
    244800   0.8543903064E+003   0.0000000000E+000
    244900   0.8714303359E+003   0.0000000000E+000
    245000   0.8566753018E+003   0.3569077644E+000
    245100   0.8634051130E+003   0.0000000000E+000
    245200   0.8645846788E+003   0.0000000000E+000
    245300   0.8543706463E+003   0.0000000000E+000
    245400   0.8630430232E+003   0.3564705566E+000
    245500   0.8601289668E+003   0.3566696994E+000
    245600   0.8695811802E+003   0.0000000000E+000
    245700   0.8644086801E+003   0.3563777675E+000
    245800   0.8673509472E+003   0.0000000000E+000
    245900   0.8620160836E+003   0.0000000000E+000
    246000   0.8634458884E+003   0.3564431485E+000
    246100   0.8591095519E+003   0.3567397368E+000
    246200   0.8567809551E+003   0.0000000000E+000
    246300   0.8520735453E+003   0.3572284691E+000
    246400   0.8455537031E+003   0.0000000000E+000
    246500   0.8602535282E+003   0.0000000000E+000
    246600   0.8568979148E+003   0.0000000000E+000
    246700   0.8605712445E+003   0.3566393736E+000
    246800   0.8686208570E+003   0.0000000000E+000
    246900   0.8513310111E+003   0.3572805969E+000
    247000   0.8546731106E+003   0.7137954171E+000
    247100   0.8499028563E+003   0.3573811560E+000
    247200   0.8451339381E+003   0.1072251764E+001
    247300   0.8460596281E+003   0.7150052178E+000
    247400   0.8535313841E+003   0.3571264330E+000
    247500   0.8524848062E+003   0.0000000000E+000
    247600   0.8602828823E+003   0.0000000000E+000
    247700   0.8611927782E+003   0.0000000000E+000
    247800   0.8614305082E+003   0.0000000000E+000
    247900   0.8668060063E+003   0.0000000000E+000
    248000   0.8621905505E+003   0.0000000000E+000
    248100   0.8604234045E+003   0.3566495066E+000
    248200   0.8668587847E+003   0.0000000000E+000
    248300   0.8695316708E+003   0.3560327092E+000
    248400   0.8666056741E+003   0.3562292077E+000
    248500   0.8598946443E+003   0.7130757771E+000
    248600   0.8662112696E+003   0.7122187034E+000
    248700   0.8675394142E+003   0.7120403410E+000
    248800   0.8762984039E+003   0.3555841221E+000
    248900   0.8722673149E+003   0.7114105339E+000
    249000   0.8715822205E+003   0.3558959167E+000
    249100   0.8556244860E+003   0.3569806431E+000
    249200   0.8606648377E+003   0.7129704886E+000
    249300   0.8667401368E+003   0.3562201438E+000
    249400   0.8649343408E+003   0.3563421425E+000
    249500   0.8627669905E+003   0.3564893531E+000
    249600   0.8728759633E+003   0.3558099953E+000
    249700   0.8648509789E+003   0.3563477887E+000
    249800   0.8578938810E+003   0.3568235112E+000
    249900   0.8666608870E+003   0.3562254855E+000
    250000   0.8646566986E+003   0.7124282838E+000
    250100   0.8520732088E+003   0.7141575775E+000
    250200   0.8702045845E+003   0.3559877363E+000
    250300   0.8624557965E+003   0.3565105608E+000
    250400   0.8611133046E+003   0.1068921448E+001
    250500   0.8693840248E+003   0.1067253609E+001
    250600   0.8495410172E+003   0.1071318670E+001
    250700   0.8533450798E+003   0.1426766422E+001
    250800   0.8636816764E+003   0.1423945568E+001
    250900   0.8672618704E+003   0.1422986759E+001
    251000   0.8595344091E+003   0.1069244090E+001
    251100   0.8739077747E+003   0.1066356881E+001
    251200   0.8780572756E+003   0.1774470706E+001
    251300   0.8655200980E+003   0.1423452069E+001
    251400   0.8684968239E+003   0.1067430750E+001
    251500   0.8644507020E+003   0.1423738837E+001
    251600   0.8634408565E+003   0.1424010393E+001
    251700   0.8754204803E+003   0.1066059423E+001
    251800   0.8697568560E+003   0.1422324001E+001
    251900   0.8610113864E+003   0.1424666738E+001
    252000   0.8580622959E+003   0.1425469278E+001
    252100   0.8619609361E+003   0.1068748804E+001
    252200   0.8623378672E+003   0.1424307843E+001
    252300   0.8771125818E+003   0.1065728100E+001
    252400   0.8792423029E+003   0.7104957466E+000
    252500   0.8791463821E+003   0.7105082126E+000
    252600   0.8720713544E+003   0.7114364803E+000
    252700   0.8563191472E+003   0.7135674535E+000
    252800   0.8557563978E+003   0.7136452750E+000
    252900   0.8763657714E+003   0.7108709619E+000
    253000   0.8748530281E+003   0.1066170867E+001
    253100   0.8551640171E+003   0.1070144409E+001
    253200   0.8630545252E+003   0.7126452016E+000
    253300   0.8744348815E+003   0.7111244362E+000
    253400   0.8547144234E+003   0.7137896831E+000
    253500   0.8615789932E+003   0.1068826549E+001
    253600   0.8620432716E+003   0.1068732056E+001
    253700   0.8635351711E+003   0.1423985000E+001
    253800   0.8595190961E+003   0.1069247226E+001
    253900   0.8525414999E+003   0.1070689826E+001
    254000   0.8441740616E+003   0.1072456505E+001
    254100   0.8625240357E+003   0.1068634332E+001
    254200   0.8607152708E+003   0.1424747031E+001
    254300   0.8439166596E+003   0.7153106904E+000
    254400   0.8676841907E+003   0.7120209367E+000
    254500   0.8596804440E+003   0.7131050982E+000
    254600   0.8622785274E+003   0.1068684220E+001
    254700   0.8590989437E+003   0.7131847835E+000
    254800   0.8430118740E+003   0.7154402094E+000
    254900   0.8507239001E+003   0.1071070142E+001
    255000   0.8495004094E+003   0.1071327216E+001
    255100   0.8645300337E+003   0.1068227943E+001
    255200   0.8663093085E+003   0.1067869318E+001
    255300   0.8547713965E+003   0.1070225816E+001
    255400   0.8600722419E+003   0.1424921613E+001
    255500   0.8591005142E+003   0.1425186014E+001
    255600   0.8627096369E+003   0.1779524925E+001
    255700   0.8786657718E+003   0.1419993104E+001
    255800   0.8554761035E+003   0.1781980267E+001
    255900   0.8571565638E+003   0.1425717047E+001
    256000   0.8609663043E+003   0.1780112290E+001
    256100   0.8628022640E+003   0.1424182499E+001
    256200   0.8700502026E+003   0.1422246368E+001
    256300   0.8698404874E+003   0.1422301862E+001
    256400   0.8798134846E+003   0.1419696801E+001
    256500   0.8625570686E+003   0.1424248659E+001
    256600   0.8620580823E+003   0.1424383435E+001
    256700   0.8683028218E+003   0.1422709707E+001
    256800   0.8839430847E+003   0.1418638046E+001
    256900   0.8635300223E+003   0.1779249474E+001
    257000   0.8662029533E+003   0.1423269387E+001
    257100   0.8628051291E+003   0.1424181726E+001
    257200   0.8695618946E+003   0.1422375631E+001
    257300   0.8652954947E+003   0.1423512230E+001
    257400   0.8666424051E+003   0.1423151998E+001
    257500   0.8508378194E+003   0.1427462697E+001
    257600   0.8613819578E+003   0.1779971996E+001
    257700   0.8619170516E+003   0.1779791621E+001
    257800   0.8536074755E+003   0.1426693829E+001
    257900   0.8614392146E+003   0.1779952683E+001
    258000   0.8715346328E+003   0.1421854450E+001
    258100   0.8617394255E+003   0.1424469599E+001
    258200   0.8687580446E+003   0.1422588790E+001
    258300   0.8654429539E+003   0.1068043724E+001
    258400   0.8523973059E+003   0.1070719928E+001
    258500   0.8639039013E+003   0.1068354554E+001
    258600   0.8537022152E+003   0.7139303596E+000
    258700   0.8560009223E+003   0.1069971174E+001
    258800   0.8577778597E+003   0.1069604662E+001
    258900   0.8663800284E+003   0.7121960047E+000
    259000   0.8612629684E+003   0.7128888731E+000
    259100   0.8679277363E+003   0.7119883114E+000
    259200   0.8544089813E+003   0.7138320924E+000
    259300   0.8498889854E+003   0.7144638340E+000
    259400   0.8488828978E+003   0.7146055195E+000
    259500   0.8655948912E+003   0.7123016960E+000
    259600   0.8565514928E+003   0.1069857423E+001
    259700   0.8585867876E+003   0.7132550705E+000
    259800   0.8445180894E+003   0.7152247758E+000
    259900   0.8518778382E+003   0.7141848963E+000
    260000   0.8691087371E+003   0.7118304068E+000
    260100   0.8463380904E+003   0.1071995687E+001
    260200   0.8584382923E+003   0.7132754679E+000
    260300   0.8699567292E+003   0.7117173342E+000
    260400   0.8624082473E+003   0.1068657856E+001
    260500   0.8602322467E+003   0.3566626146E+000
    260600   0.8631401908E+003   0.7126335796E+000
    260700   0.8550018154E+003   0.7137498122E+000
    260800   0.8557665184E+003   0.7136438744E+000
    260900   0.8540172735E+003   0.7138865312E+000
    261000   0.8568067899E+003   0.1069804736E+001
    261100   0.8703980211E+003   0.7116585930E+000
    261200   0.8610658909E+003   0.7129157499E+000
    261300   0.8791353999E+003   0.7105096401E+000
    261400   0.8655701287E+003   0.7123050330E+000
    261500   0.8594960217E+003   0.7131303567E+000
    261600   0.8707066408E+003   0.1066990311E+001
    261700   0.8525368503E+003   0.7140928045E+000
    261800   0.8746056204E+003   0.7111019704E+000
    261900   0.8683302059E+003   0.7119344435E+000
    262000   0.8587950911E+003   0.7132264717E+000
    262100   0.8627622011E+003   0.7126848804E+000
    262200   0.8629932889E+003   0.7126535109E+000
    262300   0.8577761145E+003   0.7133665252E+000
    262400   0.8581280901E+003   0.7133181040E+000
    262500   0.8629142061E+003   0.3564793267E+000
    262600   0.8664017496E+003   0.7121930839E+000
    262700   0.8614130483E+003   0.3565817535E+000
    262800   0.8515106296E+003   0.3572679775E+000
    262900   0.8725532219E+003   0.3558314018E+000
    263000   0.8641169629E+003   0.7125012538E+000
    263100   0.8691282031E+003   0.7118278083E+000
    263200   0.8632463300E+003   0.7126191838E+000
    263300   0.8583103284E+003   0.7132930517E+000
    263400   0.8688780903E+003   0.7118612060E+000
    263500   0.8607113488E+003   0.7129641374E+000
    263600   0.8469498815E+003   0.3575903374E+000
    263700   0.8550351190E+003   0.3570216098E+000
    263800   0.8590969648E+003   0.7131850549E+000
    263900   0.8338882525E+003   0.7167646384E+000
    264000   0.8581069426E+003   0.7133210119E+000
    264100   0.8649131461E+003   0.0000000000E+000
    264200   0.8635179379E+003   0.0000000000E+000
    264300   0.8600940785E+003   0.3566720932E+000
    264400   0.8559155547E+003   0.3569604353E+000
    264500   0.8686969517E+003   0.7118854075E+000
    264600   0.8727187299E+003   0.7113508154E+000
    264700   0.8611108266E+003   0.1068921953E+001
    264800   0.8535589500E+003   0.7139503020E+000
    264900   0.8557002483E+003   0.1070033366E+001
    265000   0.8618548770E+003   0.7128082365E+000
    265100   0.8614144075E+003   0.1068860075E+001
    265200   0.8535260202E+003   0.1070484613E+001
    265300   0.8597608868E+003   0.1069197725E+001
    265400   0.8572194993E+003   0.7134431932E+000
    265500   0.8561618929E+003   0.7135891878E+000
    265600   0.8604504926E+003   0.1069056723E+001
    265700   0.8568805347E+003   0.3568935549E+000
    265800   0.8454214882E+003   0.3576992758E+000
    265900   0.8586956635E+003   0.7132401205E+000
    266000   0.8596087920E+003   0.3567054131E+000
    266100   0.8605932861E+003   0.3566378632E+000
    266200   0.8655235021E+003   0.3563022739E+000
    266300   0.8635091882E+003   0.3564388447E+000
    266400   0.8616051894E+003   0.3565686202E+000
    266500   0.8627901207E+003   0.3564877775E+000
    266600   0.8687102828E+003   0.7118836259E+000
    266700   0.8701514224E+003   0.7116914097E+000
    266800   0.8742029138E+003   0.7111549750E+000
    266900   0.8718920637E+003   0.7114602313E+000
    267000   0.8770120288E+003   0.7107864150E+000
    267100   0.8709084087E+003   0.7115907407E+000
    267200   0.8768667571E+003   0.3555468104E+000
    267300   0.8693029797E+003   0.3560480117E+000
    267400   0.8577753419E+003   0.3568316948E+000
    267500   0.8685252017E+003   0.7119083654E+000
    267600   0.8621114520E+003   0.7127733229E+000
    267700   0.8715500400E+003   0.7115055715E+000
    267800   0.8571415905E+003   0.7134539336E+000
    267900   0.8687893722E+003   0.3560824133E+000
    268000   0.8790064862E+003   0.0000000000E+000
    268100   0.8676534760E+003   0.3561586641E+000
    268200   0.8633109139E+003   0.3564523279E+000
    268300   0.8761880002E+003   0.3555913765E+000
    268400   0.8751542282E+003   0.0000000000E+000
    268500   0.8646630726E+003   0.0000000000E+000
    268600   0.8555296861E+003   0.0000000000E+000
    268700   0.8691374558E+003   0.0000000000E+000
    268800   0.8652896812E+003   0.3563180891E+000
    268900   0.8646341293E+003   0.3563624822E+000
    269000   0.8679144351E+003   0.3561411258E+000
    269100   0.8654443489E+003   0.3563076266E+000
    269200   0.8590674837E+003   0.3567426311E+000
    269300   0.8716128840E+003   0.0000000000E+000
    269400   0.8719246520E+003   0.3558731459E+000
    269500   0.8771043131E+003   0.3555312318E+000
    269600   0.8632778489E+003   0.7126149096E+000
    269700   0.8715538267E+003   0.3558978057E+000
    269800   0.8762570124E+003   0.0000000000E+000
    269900   0.8732397933E+003   0.0000000000E+000
    270000   0.8616515616E+003   0.3565654515E+000
    270100   0.8729949195E+003   0.0000000000E+000
    270200   0.8744833574E+003   0.3557036551E+000
    270300   0.8623296163E+003   0.0000000000E+000
    270400   0.8641893715E+003   0.3563926453E+000
    270500   0.8700175879E+003   0.0000000000E+000
    270600   0.8691478694E+003   0.3560583961E+000
    270700   0.8593475403E+003   0.0000000000E+000
    270800   0.8563223213E+003   0.0000000000E+000
    270900   0.8625116071E+003   0.0000000000E+000
    271000   0.8573944717E+003   0.0000000000E+000
    271100   0.8662547766E+003   0.0000000000E+000
    271200   0.8577092103E+003   0.0000000000E+000
    271300   0.8587966740E+003   0.3567612714E+000
    271400   0.8780603028E+003   0.3554686383E+000
    271500   0.8632528945E+003   0.0000000000E+000
    271600   0.8492374121E+003   0.7145555491E+000
    271700   0.8599977752E+003   0.7130616660E+000
    271800   0.8599900451E+003   0.3566792325E+000
    271900   0.8623809356E+003   0.1068663406E+001
    272000   0.8688530288E+003   0.7118645537E+000
    272100   0.8779663638E+003   0.3554747819E+000
    272200   0.8713940433E+003   0.3559084388E+000
    272300   0.8675706155E+003   0.7120361584E+000
    272400   0.8591321012E+003   0.3567381854E+000
    272500   0.8609140336E+003   0.3566158944E+000
    272600   0.8610012126E+003   0.3566099266E+000
    272700   0.8625339787E+003   0.7127158802E+000
    272800   0.8646513201E+003   0.3563613171E+000
    272900   0.8528017862E+003   0.1070635518E+001
    273000   0.8638948045E+003   0.7125313196E+000
    273100   0.8559267021E+003   0.1069986521E+001
    273200   0.8683976290E+003   0.7119254250E+000
    273300   0.8614574493E+003   0.7128623644E+000
    273400   0.8647471932E+003   0.1068184081E+001
    273500   0.8771720439E+003   0.1065716484E+001
    273600   0.8576887886E+003   0.1069622992E+001
    273700   0.8458815269E+003   0.1428853252E+001
    273800   0.8549537920E+003   0.7137564725E+000
    273900   0.8476964572E+003   0.1071707834E+001
    274000   0.8667912390E+003   0.7121407385E+000
    274100   0.8471243118E+003   0.7148541220E+000
    274200   0.8630319792E+003   0.7126482607E+000
    274300   0.8637630201E+003   0.7125491631E+000
    274400   0.8632912774E+003   0.7126130887E+000
    274500   0.8653564591E+003   0.7123338367E+000
    274600   0.8710726803E+003   0.7115689216E+000
    274700   0.8521475081E+003   0.7141471919E+000
    274800   0.8367853060E+003   0.1074050911E+001
    274900   0.8486393497E+003   0.1071508656E+001
    275000   0.8542781797E+003   0.1070328204E+001
    275100   0.8458910817E+003   0.1072090649E+001
    275200   0.8500887581E+003   0.1427671643E+001
    275300   0.8605362394E+003   0.1424795607E+001
    275400   0.8453474536E+003   0.3577045644E+000
    275500   0.8382276441E+003   0.7161305048E+000
    275600   0.8467763049E+003   0.0000000000E+000
    275700   0.8517132047E+003   0.0000000000E+000
    275800   0.8536545138E+003   0.7139369987E+000
    275900   0.8526273582E+003   0.3571896590E+000
    276000   0.8485464132E+003   0.3574770319E+000
    276100   0.8448662554E+003   0.7151751054E+000
    276200   0.8568713212E+003   0.3568941927E+000
    276300   0.8528761529E+003   0.7140454543E+000
    276400   0.8443141119E+003   0.7152538981E+000
    276500   0.8608417528E+003   0.3566208434E+000
    276600   0.8604590440E+003   0.7129985999E+000
    276700   0.8629320934E+003   0.3564781087E+000
    276800   0.8734182993E+003   0.3557740652E+000
    276900   0.8653784180E+003   0.7123308758E+000
    277000   0.8567675372E+003   0.7135055318E+000
    277100   0.8523834084E+003   0.7141142319E+000
    277200   0.8575508609E+003   0.3568471996E+000
    277300   0.8614459368E+003   0.3565795050E+000
    277400   0.8605712005E+003   0.3566393766E+000
    277500   0.8666446818E+003   0.3562265779E+000
    277600   0.8684700888E+003   0.3561038228E+000
    277700   0.8639484617E+003   0.3564089987E+000
    277800   0.8620882770E+003   0.0000000000E+000
    277900   0.8566902555E+003   0.3569067288E+000
    278000   0.8604526615E+003   0.0000000000E+000
    278100   0.8528057366E+003   0.0000000000E+000
    278200   0.8647131648E+003   0.3563571259E+000
    278300   0.8670825102E+003   0.3561970800E+000
    278400   0.8731666208E+003   0.0000000000E+000
    278500   0.8642134986E+003   0.0000000000E+000
    278600   0.8685856553E+003   0.3560960714E+000
    278700   0.8664842596E+003   0.3562373948E+000
    278800   0.8659486223E+003   0.0000000000E+000
    278900   0.8668336934E+003   0.3562138393E+000
    279000   0.8689485165E+003   0.3560717487E+000
    279100   0.8766676245E+003   0.0000000000E+000
    279200   0.8577852471E+003   0.0000000000E+000
    279300   0.8695664774E+003   0.0000000000E+000
    279400   0.8790371693E+003   0.3554048411E+000
    279500   0.8552694719E+003   0.0000000000E+000
    279600   0.8636519943E+003   0.7125642008E+000
    279700   0.8594326630E+003   0.7131390372E+000
    279800   0.8603355855E+003   0.7130154718E+000
    279900   0.8500701465E+003   0.0000000000E+000
    280000   0.8527264076E+003   0.3571827240E+000
    280100   0.8662215885E+003   0.0000000000E+000
    280200   0.8510895527E+003   0.3572975707E+000
    280300   0.8629208596E+003   0.0000000000E+000
    280400   0.8605235193E+003   0.3566426442E+000
    280500   0.8520818394E+003   0.3572278874E+000
    280600   0.8605429753E+003   0.3566413109E+000
    280700   0.8728946957E+003   0.3558087534E+000
    280800   0.8543309630E+003   0.3570706419E+000
    280900   0.8627105748E+003   0.7126918912E+000
    281000   0.8673977614E+003   0.7120593339E+000
    281100   0.8664892907E+003   0.7121813140E+000
    281200   0.8723857418E+003   0.7113948601E+000
    281300   0.8709787550E+003   0.7115813959E+000
    281400   0.8510293542E+003   0.1071006096E+001
    281500   0.8639085401E+003   0.7125294602E+000
    281600   0.8675105528E+003   0.1067628166E+001
    281700   0.8627976799E+003   0.7126800630E+000
    281800   0.8691931995E+003   0.7118191329E+000
    281900   0.8628254492E+003   0.1068573129E+001
    282000   0.8577237349E+003   0.1069615800E+001
    282100   0.8658681775E+003   0.1067958071E+001
    282200   0.8641582974E+003   0.1068303087E+001
    282300   0.8710163446E+003   0.1421991111E+001
    282400   0.8793001072E+003   0.1065301963E+001
    282500   0.8640622284E+003   0.1068322518E+001
    282600   0.8713332674E+003   0.1066865890E+001
    282700   0.8774671361E+003   0.1065658864E+001
    282800   0.8660159091E+003   0.1067928337E+001
    282900   0.8652995021E+003   0.1068072641E+001
    283000   0.8629157191E+003   0.1068554809E+001
    283100   0.8692516618E+003   0.1067280010E+001
    283200   0.8715560166E+003   0.1421848815E+001
    283300   0.8682081968E+003   0.1067488469E+001
    283400   0.8559151320E+003   0.1426057641E+001
    283500   0.8606557101E+003   0.1069014814E+001
    283600   0.8632969053E+003   0.1424049163E+001
    283700   0.8672636440E+003   0.1067677670E+001
    283800   0.8586592808E+003   0.1069423515E+001
    283900   0.8564234163E+003   0.1069883869E+001
    284000   0.8560978668E+003   0.1426007435E+001
    284100   0.8528233874E+003   0.7140528149E+000
    284200   0.8486967132E+003   0.7146317825E+000
    284300   0.8548654751E+003   0.7137687233E+000
    284400   0.8527917478E+003   0.1070637612E+001
    284500   0.8585847600E+003   0.7132553490E+000
    284600   0.8451803348E+003   0.7151303390E+000
    284700   0.8592525390E+003   0.3567299014E+000
    284800   0.8711800367E+003   0.3559226874E+000
    284900   0.8574964176E+003   0.1069662594E+001
    285000   0.8649876424E+003   0.1068135545E+001
    285100   0.8550606179E+003   0.7137416582E+000
    285200   0.8636379590E+003   0.7125661021E+000
    285300   0.8749047600E+003   0.7110626341E+000
    285400   0.8740638197E+003   0.7111732958E+000
    285500   0.8713710656E+003   0.7115293136E+000
    285600   0.8596680443E+003   0.7131067961E+000
    285700   0.8621013329E+003   0.7127746994E+000
    285800   0.8628869505E+003   0.1068560647E+001
    285900   0.8613685397E+003   0.1424569979E+001
    286000   0.8587960873E+003   0.1069395438E+001
    286100   0.8534906325E+003   0.1070491979E+001
    286200   0.8524844465E+003   0.7141001214E+000
    286300   0.8607414423E+003   0.7129600285E+000
    286400   0.8534779693E+003   0.7139615779E+000
    286500   0.8546525868E+003   0.7137982660E+000
    286600   0.8534006671E+003   0.7139723440E+000
    286700   0.8460777626E+003   0.7150026405E+000
    286800   0.8599793889E+003   0.7130641814E+000
    286900   0.8529636803E+003   0.7140332468E+000
    287000   0.8637604575E+003   0.1068383590E+001
    287100   0.8759224919E+003   0.1065960971E+001
    287200   0.8580975877E+003   0.7133222984E+000
    287300   0.8550534495E+003   0.7137426521E+000
    287400   0.8562924907E+003   0.7135711370E+000
    287500   0.8568917844E+003   0.7134883869E+000
    287600   0.8537749274E+003   0.7139202411E+000
    287700   0.8528003139E+003   0.3571775507E+000
    287800   0.8509023383E+003   0.3573107391E+000
    287900   0.8512197623E+003   0.7142770234E+000
    288000   0.8628371126E+003   0.3564845768E+000
    288100   0.8595344281E+003   0.3567105228E+000
    288200   0.8585949628E+003   0.3567751644E+000
    288300   0.8559236610E+003   0.3569598728E+000
    288400   0.8528832264E+003   0.3571717481E+000
    288500   0.8618764517E+003   0.3565500903E+000
    288600   0.8637047053E+003   0.3564255561E+000
    288700   0.8607237887E+003   0.0000000000E+000
    288800   0.8586845714E+003   0.0000000000E+000
    288900   0.8498272206E+003   0.0000000000E+000
    289000   0.8452894468E+003   0.0000000000E+000
    289100   0.8456696477E+003   0.0000000000E+000
    289200   0.8542960176E+003   0.0000000000E+000
    289300   0.8497659872E+003   0.0000000000E+000
    289400   0.8518082092E+003   0.0000000000E+000
    289500   0.8545917582E+003   0.0000000000E+000
    289600   0.8524174914E+003   0.0000000000E+000
    289700   0.8408204865E+003   0.0000000000E+000
    289800   0.8518160899E+003   0.0000000000E+000
    289900   0.8598798705E+003   0.0000000000E+000
    290000   0.8550939496E+003   0.0000000000E+000
    290100   0.8640072838E+003   0.0000000000E+000
    290200   0.8638004812E+003   0.0000000000E+000
    290300   0.8705090253E+003   0.0000000000E+000
    290400   0.8537541540E+003   0.0000000000E+000
    290500   0.8520986529E+003   0.3572267083E+000
    290600   0.8588932159E+003   0.0000000000E+000
    290700   0.8436706563E+003   0.3578246359E+000
    290800   0.8465433309E+003   0.0000000000E+000
    290900   0.8501264361E+003   0.0000000000E+000
    291000   0.8563607299E+003   0.0000000000E+000
    291100   0.8507866023E+003   0.0000000000E+000
    291200   0.8532990949E+003   0.0000000000E+000
    291300   0.8537049854E+003   0.0000000000E+000
    291400   0.8650373341E+003   0.0000000000E+000
    291500   0.8494233562E+003   0.0000000000E+000
    291600   0.8515146403E+003   0.0000000000E+000
    291700   0.8528459763E+003   0.0000000000E+000
    291800   0.8632150429E+003   0.0000000000E+000
    291900   0.8586109669E+003   0.0000000000E+000
    292000   0.8473367015E+003   0.0000000000E+000
    292100   0.8514192988E+003   0.0000000000E+000
    292200   0.8553260953E+003   0.0000000000E+000
    292300   0.8553218986E+003   0.3570016676E+000
    292400   0.8446378762E+003   0.3577553075E+000
    292500   0.8590230852E+003   0.0000000000E+000
    292600   0.8572280756E+003   0.3568695107E+000
    292700   0.8480958015E+003   0.0000000000E+000
    292800   0.8428971215E+003   0.3578802152E+000
    292900   0.8522835957E+003   0.0000000000E+000
    293000   0.8632299787E+003   0.7126214012E+000
    293100   0.8662398332E+003   0.3562538848E+000
    293200   0.8580181542E+003   0.3568149346E+000
    293300   0.8532634640E+003   0.7139914581E+000
    293400   0.8649310267E+003   0.7123912363E+000
    293500   0.8631495564E+003   0.7126323092E+000
    293600   0.8708813043E+003   0.3559425906E+000
    293700   0.8609188031E+003   0.3566155679E+000
    293800   0.8781033640E+003   0.3554658225E+000
    293900   0.8578342548E+003   0.7133585236E+000
    294000   0.8731439004E+003   0.7112946344E+000
    294100   0.8589519791E+003   0.1069363457E+001
    294200   0.8762049476E+003   0.7108920242E+000
    294300   0.8562385887E+003   0.7135785864E+000
    294400   0.8676445894E+003   0.7120262437E+000
    294500   0.8532889758E+003   0.1070533972E+001
    294600   0.8549604617E+003   0.1070186604E+001
    294700   0.8641482820E+003   0.1068305112E+001
    294800   0.8638059741E+003   0.7125433465E+000
    294900   0.8696674630E+003   0.7117558766E+000
    295000   0.8627398739E+003   0.1068590500E+001
    295100   0.8516807293E+003   0.7142124731E+000
    295200   0.8627418793E+003   0.7126876400E+000
    295300   0.8594236563E+003   0.7131402713E+000
    295400   0.8657062977E+003   0.7122866854E+000
    295500   0.8669987984E+003   0.7121128659E+000
    295600   0.8565921348E+003   0.7135297455E+000
    295700   0.8597671579E+003   0.1069196442E+001
    295800   0.8653603586E+003   0.1068060372E+001
    295900   0.8591504548E+003   0.1069322759E+001
    296000   0.8601763783E+003   0.1069112739E+001
    296100   0.8647295365E+003   0.3563560165E+000
    296200   0.8502607920E+003   0.7144115721E+000
    296300   0.8535126724E+003   0.1070487391E+001
    296400   0.8563870061E+003   0.7135580774E+000
    296500   0.8504598131E+003   0.1071125558E+001
    296600   0.8536783611E+003   0.7139336795E+000
    296700   0.8582137932E+003   0.7133063208E+000
    296800   0.8660332824E+003   0.7122426544E+000
    296900   0.8639905142E+003   0.7125183645E+000
    297000   0.8603601106E+003   0.7130121198E+000
    297100   0.8581822215E+003   0.3568036160E+000
    297200   0.8698975288E+003   0.3560082477E+000
    297300   0.8542691729E+003   0.3570749490E+000
    297400   0.8650102164E+003   0.3563370045E+000
    297500   0.8649212652E+003   0.0000000000E+000
    297600   0.8714445719E+003   0.0000000000E+000
    297700   0.8603507085E+003   0.3566544906E+000
    297800   0.8656625559E+003   0.3562928734E+000
    297900   0.8786211136E+003   0.0000000000E+000
    298000   0.8670232363E+003   0.3562010714E+000
    298100   0.8626677500E+003   0.3564961144E+000
    298200   0.8572651530E+003   0.3568669469E+000
    298300   0.8612639884E+003   0.3565919469E+000
    298400   0.8556982209E+003   0.7136533270E+000
    298500   0.8567587880E+003   0.3569019832E+000
    298600   0.8666092621E+003   0.7121651885E+000
    298700   0.8621852086E+003   0.7127632910E+000
    298800   0.8676087853E+003   0.3561616689E+000
    298900   0.8642696893E+003   0.3563871955E+000
    299000   0.8635420208E+003   0.3564366127E+000
    299100   0.8586152865E+003   0.7132511568E+000
    299200   0.8789666362E+003   0.7105315811E+000
    299300   0.8648781906E+003   0.7123983696E+000
    299400   0.8690475824E+003   0.7118385711E+000
    299500   0.8522589238E+003   0.1070748828E+001
    299600   0.8642323042E+003   0.1068288121E+001
    299700   0.8583540070E+003   0.1425389608E+001
    299800   0.8684319067E+003   0.1422675404E+001
    299900   0.8718960955E+003   0.1421759251E+001
    300000   0.8664935278E+003   0.1067832285E+001
    300100   0.8688618535E+003   0.1067357816E+001
    300200   0.8703722969E+003   0.1422161197E+001
    300300   0.8638352232E+003   0.1068368454E+001
    300400   0.8621536839E+003   0.1068709601E+001
    300500   0.8583818564E+003   0.1780988153E+001
    300600   0.8591621131E+003   0.1425169233E+001
    300700   0.8509074498E+003   0.1427443296E+001
    300800   0.8715157629E+003   0.1066829694E+001
    300900   0.8495433035E+003   0.1071318189E+001
    301000   0.8523430176E+003   0.1070731265E+001
    301100   0.8554186972E+003   0.1070091650E+001
    301200   0.8353877644E+003   0.1074356196E+001
    301300   0.8527010457E+003   0.1070656533E+001
    301400   0.8398181862E+003   0.1073392483E+001
    301500   0.8517711588E+003   0.1070850782E+001
    301600   0.8454311201E+003   0.7150946219E+000
    301700   0.8575999897E+003   0.1069641270E+001
    301800   0.8573021005E+003   0.1425677193E+001
    301900   0.8607914518E+003   0.1068987106E+001
    302000   0.8544455048E+003   0.1070293453E+001
    302100   0.8589135099E+003   0.1069371348E+001
    302200   0.8545902928E+003   0.1070263396E+001
    302300   0.8537142313E+003   0.7139286873E+000
    302400   0.8511637361E+003   0.1070977937E+001
    302500   0.8484641578E+003   0.7146646055E+000
    302600   0.8396119379E+003   0.7159298251E+000
    302700   0.8468475369E+003   0.3575976178E+000
    302800   0.8534487537E+003   0.7139656466E+000
    302900   0.8607696034E+003   0.3566257844E+000
    303000   0.8632161128E+003   0.3564587772E+000
    303100   0.8592061583E+003   0.3567330913E+000
    303200   0.8674550461E+003   0.3561720083E+000
    303300   0.8522107434E+003   0.7141383546E+000
    303400   0.8590623133E+003   0.3567429869E+000
    303500   0.8656130911E+003   0.0000000000E+000
    303600   0.8667302299E+003   0.3562208115E+000
    303700   0.8539912751E+003   0.7138901464E+000
    303800   0.8628532600E+003   0.3564834771E+000
    303900   0.8617669948E+003   0.7128202007E+000
    304000   0.8615295621E+003   0.7128525387E+000
    304100   0.8577970831E+003   0.7133636392E+000
    304200   0.8671438895E+003   0.7120933913E+000
    304300   0.8616114406E+003   0.7128413846E+000
    304400   0.8578847959E+003   0.1069582662E+001
    304500   0.8577282049E+003   0.1425560600E+001
    304600   0.8533963457E+003   0.1070511610E+001
    304700   0.8638793371E+003   0.1068359525E+001
    304800   0.8539905685E+003   0.1070387974E+001
    304900   0.8773075620E+003   0.1065690017E+001
    305000   0.8656982647E+003   0.1423404372E+001
    305100   0.8604575395E+003   0.1069055284E+001
    305200   0.8649105102E+003   0.1068151111E+001
    305300   0.8634899533E+003   0.1068438376E+001
    305400   0.8670185757E+003   0.1067726837E+001
    305500   0.8640453508E+003   0.1423847751E+001
    305600   0.8527996806E+003   0.1070635957E+001
    305700   0.8656675625E+003   0.1067998469E+001
    305800   0.8530127496E+003   0.1070591530E+001
    305900   0.8648229049E+003   0.1068168795E+001
    306000   0.8687711696E+003   0.1067375928E+001
    306100   0.8633514988E+003   0.1068466433E+001
    306200   0.8619405197E+003   0.1068752958E+001
    306300   0.8666990245E+003   0.7121531267E+000
    306400   0.8713871628E+003   0.7115271778E+000
    306500   0.8644115353E+003   0.7124614157E+000
    306600   0.8660018103E+003   0.7122468907E+000
    306700   0.8603649613E+003   0.7130114568E+000
    306800   0.8486892386E+003   0.7146328372E+000
    306900   0.8657183144E+003   0.7122850666E+000
    307000   0.8713165544E+003   0.1066869206E+001
    307100   0.8762473135E+003   0.7108864749E+000
    307200   0.8694248006E+003   0.7117882324E+000
    307300   0.8745406177E+003   0.7111105222E+000
    307400   0.8681635532E+003   0.1067497400E+001
    307500   0.8639909606E+003   0.7125183041E+000
    307600   0.8656284960E+003   0.7122971677E+000
    307700   0.8725849069E+003   0.7113685116E+000
    307800   0.8584344860E+003   0.3567862228E+000
    307900   0.8702459310E+003   0.3559849757E+000
    308000   0.8729139460E+003   0.3558074772E+000
    308100   0.8732457074E+003   0.3557854939E+000
    308200   0.8650272773E+003   0.3563358493E+000
    308300   0.8523618156E+003   0.7141172480E+000
    308400   0.8580027811E+003   0.7133353374E+000
    308500   0.8663931687E+003   0.3562435389E+000
    308600   0.8723223393E+003   0.3558467269E+000
    308700   0.8695349972E+003   0.3560324867E+000
    308800   0.8612050687E+003   0.7128967678E+000
    308900   0.8713956933E+003   0.7115260459E+000
    309000   0.8599234738E+003   0.3566838020E+000
    309100   0.8678977579E+003   0.3561422463E+000
    309200   0.8700691233E+003   0.0000000000E+000
    309300   0.8623089666E+003   0.0000000000E+000
    309400   0.8629796906E+003   0.3564748680E+000
    309500   0.8591360948E+003   0.3567379107E+000
    309600   0.8664691204E+003   0.3562384158E+000
    309700   0.8568478508E+003   0.0000000000E+000
    309800   0.8727234312E+003   0.0000000000E+000
    309900   0.8548549789E+003   0.3570341444E+000
    310000   0.8582050596E+003   0.3568020409E+000
    310100   0.8602240747E+003   0.3566631751E+000
    310200   0.8475852578E+003   0.0000000000E+000
    310300   0.8505717350E+003   0.0000000000E+000
    310400   0.8519273752E+003   0.3572387222E+000
    310500   0.8422002929E+003   0.0000000000E+000
    310600   0.8439855024E+003   0.3578020480E+000
    310700   0.8434516230E+003   0.0000000000E+000
    310800   0.8513797058E+003   0.0000000000E+000
    310900   0.8484889017E+003   0.0000000000E+000
    311000   0.8643229929E+003   0.0000000000E+000
    311100   0.8676791663E+003   0.7120216100E+000
    311200   0.8461367387E+003   0.3576482380E+000
    311300   0.8557803358E+003   0.3569698211E+000
    311400   0.8585357656E+003   0.0000000000E+000
    311500   0.8550309689E+003   0.3570218985E+000
    311600   0.8482090008E+003   0.0000000000E+000
    311700   0.8677539050E+003   0.3561519131E+000
    311800   0.8691583944E+003   0.0000000000E+000
    311900   0.8635359705E+003   0.3564370240E+000
    312000   0.8660319281E+003   0.3562679195E+000
    312100   0.8648167518E+003   0.0000000000E+000
    312200   0.8638806922E+003   0.0000000000E+000
    312300   0.8646414868E+003   0.0000000000E+000
    312400   0.8502246933E+003   0.0000000000E+000
    312500   0.8717154944E+003   0.0000000000E+000
    312600   0.8681520697E+003   0.0000000000E+000
    312700   0.8591000124E+003   0.0000000000E+000
    312800   0.8490515970E+003   0.0000000000E+000
    312900   0.8489622373E+003   0.3574476026E+000
    313000   0.8635271374E+003   0.3564376245E+000
    313100   0.8494530214E+003   0.0000000000E+000
    313200   0.8664205388E+003   0.0000000000E+000
    313300   0.8580991499E+003   0.0000000000E+000
    313400   0.8615632911E+003   0.3565714834E+000
    313500   0.8569201189E+003   0.3568908152E+000
    313600   0.8585766742E+003   0.0000000000E+000
    313700   0.8545763233E+003   0.0000000000E+000
    313800   0.8778938958E+003   0.0000000000E+000
    313900   0.8494853346E+003   0.0000000000E+000
    314000   0.8631610796E+003   0.0000000000E+000
    314100   0.8482602571E+003   0.0000000000E+000
    314200   0.8503252081E+003   0.0000000000E+000
    314300   0.8622034636E+003   0.0000000000E+000
    314400   0.8661674625E+003   0.0000000000E+000
    314500   0.8633004182E+003   0.0000000000E+000
    314600   0.8544854088E+003   0.3570598794E+000
    314700   0.8650990108E+003   0.3563309929E+000
    314800   0.8638616196E+003   0.0000000000E+000
    314900   0.8639641076E+003   0.3564079363E+000
    315000   0.8570882850E+003   0.0000000000E+000
    315100   0.8630154678E+003   0.0000000000E+000
    315200   0.8524348522E+003   0.3572031427E+000
    315300   0.8584827395E+003   0.0000000000E+000
    315400   0.8608818621E+003   0.0000000000E+000
    315500   0.8561321198E+003   0.0000000000E+000
    315600   0.8646845005E+003   0.0000000000E+000
    315700   0.8604721523E+003   0.0000000000E+000
    315800   0.8527706047E+003   0.3571796301E+000
    315900   0.8521793334E+003   0.0000000000E+000
    316000   0.8600150524E+003   0.0000000000E+000
    316100   0.8474328120E+003   0.0000000000E+000
    316200   0.8442960642E+003   0.3577797867E+000
    316300   0.8501301381E+003   0.0000000000E+000
    316400   0.8625210113E+003   0.3565061150E+000
    316500   0.8589417923E+003   0.3567512810E+000
    316600   0.8566213719E+003   0.1069842998E+001
    316700   0.8545115195E+003   0.1070279747E+001
    316800   0.8573643234E+003   0.7134232340E+000
    316900   0.8562727242E+003   0.7135738687E+000
    317000   0.8572903395E+003   0.7134334293E+000
    317100   0.8604877478E+003   0.1069049113E+001
    317200   0.8586148975E+003   0.1069432627E+001
    317300   0.8561814757E+003   0.7135864808E+000
    317400   0.8608558777E+003   0.1068973958E+001
    317500   0.8644578179E+003   0.1068242535E+001
    317600   0.8746622401E+003   0.1066208374E+001
    317700   0.8717832247E+003   0.1066776677E+001
    317800   0.8630603849E+003   0.1068525459E+001
    317900   0.8668246385E+003   0.1067765769E+001
    318000   0.8639978538E+003   0.1068335542E+001
    318100   0.8659605488E+003   0.1067939478E+001
    318200   0.8615101289E+003   0.1068840574E+001
    318300   0.8615967073E+003   0.1068822941E+001
    318400   0.8534038195E+003   0.1070510054E+001
    318500   0.8665510147E+003   0.1067820732E+001
    318600   0.8584342362E+003   0.7132760252E+000
    318700   0.8501949657E+003   0.7144208209E+000
    318800   0.8577152283E+003   0.7133749060E+000
    318900   0.8562876158E+003   0.3569346279E+000
    319000   0.8613795165E+003   0.3565840462E+000
    319100   0.8570377847E+003   0.3568826730E+000
    319200   0.8664495698E+003   0.7121866542E+000
    319300   0.8525664378E+003   0.7140886737E+000
    319400   0.8588630200E+003   0.7132171489E+000
    319500   0.8600921418E+003   0.7130487575E+000
    319600   0.8688408681E+003   0.7118661782E+000
    319700   0.8587249215E+003   0.7132361038E+000
    319800   0.8574146748E+003   0.7134162966E+000
    319900   0.8560012073E+003   0.1069971115E+001
    320000   0.8640822314E+003   0.7125059530E+000
    320100   0.8596631436E+003   0.1069217732E+001
    320200   0.8604744723E+003   0.7129964919E+000
    320300   0.8605934669E+003   0.7129802361E+000
    320400   0.8652383735E+003   0.7123497623E+000
    320500   0.8653161364E+003   0.7123392743E+000
    320600   0.8610556477E+003   0.7129171473E+000
    320700   0.8584469469E+003   0.1069467114E+001
    320800   0.8635913392E+003   0.7125724181E+000
    320900   0.8583550318E+003   0.7132869082E+000
    321000   0.8612282733E+003   0.1424607968E+001
    321100   0.8587638147E+003   0.1425277791E+001
    321200   0.8657240610E+003   0.1423397468E+001
    321300   0.8660055555E+003   0.1067930420E+001
    321400   0.8575425468E+003   0.1069653096E+001
    321500   0.8547144181E+003   0.1070237637E+001
    321600   0.8661185247E+003   0.1423291956E+001
    321700   0.8712004421E+003   0.1421942547E+001
    321800   0.8612963119E+003   0.1424589539E+001
    321900   0.8592518548E+003   0.1425144790E+001
    322000   0.8610890830E+003   0.1780070832E+001
    322100   0.8652497090E+003   0.1068082681E+001
    322200   0.8613845027E+003   0.1068866168E+001
    322300   0.8549912959E+003   0.1426311849E+001
    322400   0.8645404638E+003   0.1423714734E+001
    322500   0.8561235694E+003   0.1781758523E+001
    322600   0.8699345413E+003   0.1777119849E+001
    322700   0.8569567556E+003   0.1425771788E+001
    322800   0.8836138490E+003   0.1418722035E+001
    322900   0.8707777387E+003   0.1776842180E+001
    323000   0.8623530830E+003   0.1779644830E+001
    323100   0.8597770249E+003   0.1425001866E+001
    323200   0.8573865379E+003   0.1069685224E+001
    323300   0.8603186231E+003   0.1069083666E+001
    323400   0.8661237279E+003   0.1067906643E+001
    323500   0.8727549060E+003   0.1066584385E+001
    323600   0.8604594392E+003   0.1069054896E+001
    323700   0.8675416051E+003   0.1067621942E+001
    323800   0.8666119766E+003   0.1067808483E+001
    323900   0.8719730969E+003   0.1066739063E+001
    324000   0.8683833913E+003   0.1067453428E+001
    324100   0.8631263850E+003   0.1424095109E+001
    324200   0.8756108934E+003   0.1066022065E+001
    324300   0.8613844391E+003   0.1068866181E+001
    324400   0.8669342238E+003   0.1067743768E+001
    324500   0.8526564206E+003   0.1426957189E+001
    324600   0.8541327479E+003   0.1426548667E+001
    324700   0.8535170829E+003   0.1426718831E+001
    324800   0.8715150723E+003   0.1421859604E+001
    324900   0.8527433006E+003   0.1070647718E+001
    325000   0.8709530022E+003   0.1066941370E+001
    325100   0.8584633361E+003   0.1425359765E+001
    325200   0.8652626442E+003   0.1068080073E+001
    325300   0.8567268028E+003   0.1069821239E+001
    325400   0.8543477246E+003   0.1426489317E+001
    325500   0.8631745110E+003   0.1424082139E+001
    325600   0.8646315076E+003   0.1068207444E+001
    325700   0.8541867300E+003   0.1426533760E+001
    325800   0.8621946332E+003   0.1424346535E+001
    325900   0.8671401997E+003   0.1067702432E+001
    326000   0.8547921932E+003   0.1070221501E+001
    326100   0.8681659200E+003   0.1067496927E+001
    326200   0.8558538904E+003   0.1426074473E+001
    326300   0.8607117344E+003   0.1069003377E+001
    326400   0.8472491905E+003   0.1071802496E+001
    326500   0.8619724898E+003   0.1068746454E+001
    326600   0.8543263326E+003   0.1070318202E+001
    326700   0.8610411231E+003   0.1068936168E+001
    326800   0.8676445295E+003   0.1067601318E+001
    326900   0.8711333650E+003   0.1066905560E+001
    327000   0.8790229742E+003   0.7105242555E+000
    327100   0.8507352774E+003   0.7143449550E+000
    327200   0.8709159429E+003   0.7115897398E+000
    327300   0.8587984251E+003   0.7132260141E+000
    327400   0.8524389414E+003   0.7141064760E+000
    327500   0.8503163505E+003   0.7144037673E+000
    327600   0.8529222349E+003   0.7140390269E+000
    327700   0.8510412383E+003   0.7143020445E+000
    327800   0.8632983918E+003   0.3564531797E+000
    327900   0.8495282656E+003   0.7145145884E+000
    328000   0.8515142000E+003   0.7142357832E+000
    328100   0.8545252568E+003   0.1070276895E+001
    328200   0.8598776349E+003   0.7130781048E+000
    328300   0.8542150796E+003   0.3570787202E+000
    328400   0.8450570885E+003   0.3577253169E+000
    328500   0.8525156107E+003   0.3571974853E+000
    328600   0.8560484883E+003   0.3569512116E+000
    328700   0.8596943967E+003   0.7131031877E+000
    328800   0.8593720576E+003   0.1069277345E+001
    328900   0.8520558926E+003   0.7141599982E+000
    329000   0.8487780609E+003   0.1071479398E+001
    329100   0.8472557749E+003   0.7148354961E+000
    329200   0.8662328544E+003   0.7122157996E+000
    329300   0.8506101526E+003   0.7143625140E+000
    329400   0.8694731174E+003   0.7117817883E+000
    329500   0.8642132738E+003   0.1068291969E+001
    329600   0.8541853270E+003   0.7138631683E+000
    329700   0.8555795019E+003   0.7136697622E+000
    329800   0.8447684839E+003   0.1072329651E+001
    329900   0.8617143776E+003   0.1068798982E+001
    330000   0.8516373817E+003   0.7142185397E+000
    330100   0.8478165890E+003   0.1071682428E+001
    330200   0.8585310629E+003   0.7132627239E+000
    330300   0.8508405084E+003   0.1071045686E+001
    330400   0.8673850475E+003   0.7120610389E+000
    330500   0.8476976160E+003   0.1071707588E+001
    330600   0.8626038726E+003   0.7127063843E+000
    330700   0.8622288376E+003   0.7127573577E+000
    330800   0.8606360121E+003   0.1069018836E+001
    330900   0.8568306434E+003   0.7134968230E+000
    331000   0.8703605235E+003   0.7116635817E+000
    331100   0.8627278443E+003   0.7126895459E+000
    331200   0.8643658644E+003   0.1068261119E+001
    331300   0.8633285058E+003   0.1068471093E+001
    331400   0.8643835961E+003   0.7124651928E+000
    331500   0.8594774979E+003   0.7131328944E+000
    331600   0.8527906054E+003   0.3571782302E+000
    331700   0.8646568149E+003   0.7124282681E+000
    331800   0.8476818428E+003   0.3575383284E+000
    331900   0.8681849788E+003   0.3561229563E+000
    332000   0.8679246127E+003   0.3561404421E+000
    332100   0.8651644247E+003   0.0000000000E+000
    332200   0.8579006661E+003   0.3568230429E+000
    332300   0.8450416349E+003   0.3577264218E+000
    332400   0.8466660861E+003   0.0000000000E+000
    332500   0.8548675141E+003   0.0000000000E+000
    332600   0.8555561014E+003   0.3569853931E+000
    332700   0.8627617659E+003   0.0000000000E+000
    332800   0.8700927583E+003   0.0000000000E+000
    332900   0.8632786402E+003   0.3564545233E+000
    333000   0.8616349833E+003   0.0000000000E+000
    333100   0.8671540060E+003   0.3561922663E+000
    333200   0.8532380928E+003   0.3571469281E+000
    333300   0.8578085797E+003   0.0000000000E+000
    333400   0.8671339804E+003   0.3561936145E+000
    333500   0.8735007326E+003   0.0000000000E+000
    333600   0.8604392013E+003   0.0000000000E+000
    333700   0.8653012930E+003   0.3563173034E+000
    333800   0.8606050855E+003   0.3566370547E+000
    333900   0.8651874330E+003   0.3563250080E+000
    334000   0.8557221814E+003   0.3569738587E+000
    334100   0.8592317496E+003   0.0000000000E+000
    334200   0.8581863575E+003   0.3568033308E+000
    334300   0.8450594347E+003   0.3577251491E+000
    334400   0.8562001816E+003   0.0000000000E+000
    334500   0.8667796466E+003   0.0000000000E+000
    334600   0.8504769026E+003   0.3573406889E+000
    334700   0.8609691843E+003   0.0000000000E+000
    334800   0.8573785577E+003   0.0000000000E+000
    334900   0.8595654610E+003   0.0000000000E+000
    335000   0.8622267610E+003   0.0000000000E+000
    335100   0.8517405999E+003   0.0000000000E+000
    335200   0.8520761983E+003   0.0000000000E+000
    335300   0.8514665540E+003   0.0000000000E+000
    335400   0.8493178780E+003   0.3574224595E+000
    335500   0.8666124182E+003   0.0000000000E+000
    335600   0.8483753621E+003   0.3574891475E+000
    335700   0.8577219953E+003   0.3568353786E+000
    335800   0.8659529144E+003   0.7122534730E+000
    335900   0.8552261723E+003   0.1426247159E+001
    336000   0.8552928415E+003   0.1426228804E+001
    336100   0.8497971839E+003   0.1071264780E+001
    336200   0.8619457968E+003   0.1068751884E+001
    336300   0.8666111015E+003   0.1423160356E+001
    336400   0.8522572929E+003   0.1427067917E+001
    336500   0.8609632169E+003   0.1068952058E+001
    336600   0.8579559897E+003   0.1425498327E+001
    336700   0.8479695133E+003   0.1071650100E+001
    336800   0.8637417303E+003   0.1068387381E+001
    336900   0.8702898817E+003   0.1422182983E+001
    337000   0.8649953278E+003   0.1068133994E+001
    337100   0.8733189354E+003   0.1066472994E+001
    337200   0.8716578101E+003   0.1066801532E+001
    337300   0.8630165615E+003   0.1068534349E+001
    337400   0.8638611743E+003   0.1423897276E+001
    337500   0.8584634670E+003   0.1069463721E+001
    337600   0.8638306086E+003   0.1068369388E+001
    337700   0.8623005719E+003   0.1068679739E+001
    337800   0.8617782210E+003   0.1424459105E+001
    337900   0.8847984713E+003   0.1064241650E+001
    338000   0.8672847880E+003   0.1067673429E+001
    338100   0.8709824253E+003   0.7115809084E+000
    338200   0.8657788695E+003   0.1067976052E+001
    338300   0.8693782737E+003   0.7117944385E+000
    338400   0.8654627478E+003   0.1068039734E+001
    338500   0.8589504653E+003   0.1069363767E+001
    338600   0.8508543638E+003   0.3573141147E+000
    338700   0.8573955799E+003   0.3568579303E+000
    338800   0.8572414167E+003   0.7134401721E+000
    338900   0.8742081247E+003   0.3557218314E+000
    339000   0.8483678063E+003   0.7146782108E+000
    339100   0.8678871887E+003   0.3561429564E+000
    339200   0.8558843741E+003   0.7136275669E+000
    339300   0.8615242002E+003   0.7128532692E+000
    339400   0.8676620303E+003   0.3561580890E+000
    339500   0.8547467835E+003   0.7137851921E+000
    339600   0.8580956605E+003   0.7133225634E+000
    339700   0.8577430871E+003   0.3568339221E+000
    339800   0.8608264447E+003   0.3566218917E+000
    339900   0.8679902066E+003   0.3561360357E+000
    340000   0.8615128013E+003   0.3565749343E+000
    340100   0.8527570205E+003   0.3571805810E+000
    340200   0.8669653894E+003   0.3562049674E+000
    340300   0.8573935977E+003   0.3568580673E+000
    340400   0.8577221713E+003   0.3568353664E+000
    340500   0.8572838444E+003   0.7134343244E+000
    340600   0.8732808947E+003   0.3557831634E+000
    340700   0.8699594672E+003   0.7117169695E+000
    340800   0.8740107807E+003   0.3557348721E+000
    340900   0.8743448547E+003   0.3557128001E+000
    341000   0.8574860218E+003   0.3568516797E+000
    341100   0.8702092295E+003   0.3559874262E+000
    341200   0.8692356409E+003   0.3560525194E+000
    341300   0.8580027659E+003   0.3568159965E+000
    341400   0.8594860710E+003   0.3567138461E+000
    341500   0.8804299653E+003   0.3553141647E+000
    341600   0.8721398819E+003   0.3558588444E+000
    341700   0.8606941886E+003   0.7129664806E+000
    341800   0.8650816569E+003   0.3563321677E+000
    341900   0.8541244677E+003   0.7138716278E+000
    342000   0.8570299454E+003   0.3568832154E+000
    342100   0.8659853231E+003   0.3562710666E+000
    342200   0.8729362492E+003   0.7113220650E+000
    342300   0.8536184524E+003   0.7139420184E+000
    342400   0.8559832503E+003   0.7136138896E+000
    342500   0.8628611900E+003   0.7126714406E+000
    342600   0.8669556210E+003   0.0000000000E+000
    342700   0.8664977997E+003   0.0000000000E+000
    342800   0.8692443668E+003   0.3560519353E+000
    342900   0.8672075377E+003   0.3561886628E+000
    343000   0.8660298525E+003   0.3562680596E+000
    343100   0.8641904055E+003   0.0000000000E+000
    343200   0.8714289093E+003   0.3559061182E+000
    343300   0.8746601082E+003   0.7110948030E+000
    343400   0.8640766069E+003   0.7125067141E+000
    343500   0.8704190803E+003   0.3559734179E+000
    343600   0.8627184929E+003   0.3564926570E+000
    343700   0.8620081414E+003   0.7127873781E+000
    343800   0.8669801829E+003   0.3562039710E+000
    343900   0.8705160590E+003   0.3559669469E+000
    344000   0.8678229535E+003   0.3561472726E+000
    344100   0.8528166858E+003   0.7140537498E+000
    344200   0.8580032491E+003   0.3568159631E+000
    344300   0.8617795157E+003   0.3565567104E+000
    344400   0.8698064873E+003   0.7117373490E+000
    344500   0.8637004881E+003   0.3564258427E+000
    344600   0.8650550776E+003   0.3563339671E+000
    344700   0.8657187164E+003   0.0000000000E+000
    344800   0.8745648171E+003   0.0000000000E+000
    344900   0.8592865809E+003   0.0000000000E+000
    345000   0.8570075737E+003   0.3568847633E+000
    345100   0.8529632149E+003   0.3571661515E+000
    345200   0.8583802379E+003   0.0000000000E+000
    345300   0.8534210964E+003   0.0000000000E+000
    345400   0.8494864849E+003   0.3574105479E+000
    345500   0.8556784735E+003   0.0000000000E+000
    345600   0.8503654171E+003   0.3573485430E+000
    345700   0.8642012250E+003   0.3563918409E+000
    345800   0.8550380221E+003   0.0000000000E+000
    345900   0.8660870323E+003   0.0000000000E+000
    346000   0.8609623817E+003   0.3566125846E+000
    346100   0.8705124002E+003   0.3559671910E+000
    346200   0.8659936238E+003   0.3562705061E+000
    346300   0.8801519141E+003   0.3553322403E+000
    346400   0.8658920357E+003   0.3562773674E+000
    346500   0.8709179703E+003   0.7115894704E+000
    346600   0.8595862900E+003   0.7131179920E+000
    346700   0.8656222768E+003   0.1068007591E+001
    346800   0.8615924845E+003   0.7128439667E+000
    346900   0.8541996232E+003   0.7138611813E+000
    347000   0.8585000376E+003   0.7132669855E+000
    347100   0.8639781377E+003   0.7125200396E+000
    347200   0.8671842194E+003   0.7120879794E+000
    347300   0.8728093878E+003   0.7113388307E+000
    347400   0.8666927333E+003   0.7121539720E+000
    347500   0.8790277001E+003   0.7105236410E+000
    347600   0.8605619274E+003   0.7129845442E+000
    347700   0.8567647327E+003   0.3569015716E+000
    347800   0.8642284434E+003   0.3563899940E+000
    347900   0.8515924614E+003   0.7142248272E+000
    348000   0.8672820709E+003   0.3561836464E+000
    348100   0.8746996350E+003   0.3556893815E+000
    348200   0.8719261603E+003   0.3558730457E+000
    348300   0.8709989057E+003   0.3559347535E+000
    348400   0.8574618147E+003   0.7134098025E+000
    348500   0.8623895626E+003   0.7127355062E+000
    348600   0.8570559321E+003   0.3568814174E+000
    348700   0.8576136757E+003   0.7133888875E+000
    348800   0.8628120086E+003   0.3564862867E+000
    348900   0.8656550235E+003   0.7122935934E+000
    349000   0.8584927726E+003   0.3567822058E+000
    349100   0.8573540615E+003   0.3568608002E+000
    349200   0.8472576376E+003   0.3575684572E+000
    349300   0.8576001706E+003   0.3568437930E+000
    349400   0.8685632609E+003   0.7119032771E+000
    349500   0.8467377069E+003   0.7149089362E+000
    349600   0.8598937273E+003   0.7130759026E+000
    349700   0.8542194872E+003   0.1070340397E+001
    349800   0.8632558145E+003   0.7126178976E+000
    349900   0.8577981866E+003   0.1069600480E+001
    350000   0.8581109242E+003   0.7133204644E+000
    350100   0.8695143702E+003   0.7117762870E+000
    350200   0.8481066982E+003   0.3575081886E+000
    350300   0.8561027462E+003   0.3569474478E+000
    350400   0.8582922350E+003   0.0000000000E+000
    350500   0.8585034801E+003   0.0000000000E+000
    350600   0.8562184961E+003   0.0000000000E+000
    350700   0.8523543446E+003   0.0000000000E+000
    350800   0.8498449953E+003   0.3573852384E+000
    350900   0.8640247319E+003   0.3564038202E+000
    351000   0.8634080572E+003   0.3564457210E+000
    351100   0.8570971762E+003   0.0000000000E+000
    351200   0.8532525249E+003   0.0000000000E+000
    351300   0.8557947801E+003   0.0000000000E+000
    351400   0.8511134413E+003   0.3572958909E+000
    351500   0.8709053746E+003   0.0000000000E+000
    351600   0.8476539600E+003   0.3575403076E+000
    351700   0.8548032541E+003   0.0000000000E+000
    351800   0.8505805068E+003   0.0000000000E+000
    351900   0.8519051208E+003   0.3572402836E+000
    352000   0.8629250292E+003   0.0000000000E+000
    352100   0.8711030810E+003   0.3559278131E+000
    352200   0.8583231968E+003   0.3567938946E+000
    352300   0.8648182867E+003   0.3563500034E+000
    352400   0.8640775968E+003   0.3564002314E+000
    352500   0.8627147821E+003   0.3564929099E+000
    352600   0.8697594375E+003   0.3560174778E+000
    352700   0.8625355823E+003   0.3565051217E+000
    352800   0.8628781417E+003   0.3564817826E+000
    352900   0.8645574393E+003   0.3563676807E+000
    353000   0.8672748962E+003   0.3561841292E+000
    353100   0.8626926752E+003   0.3564944161E+000
    353200   0.8510638358E+003   0.7142988767E+000
    353300   0.8607773248E+003   0.1068989989E+001
    353400   0.8588117313E+003   0.3567602346E+000
    353500   0.8657399141E+003   0.3562876452E+000
    353600   0.8498520388E+003   0.7144690302E+000
    353700   0.8510164255E+003   0.3573027136E+000
    353800   0.8571382994E+003   0.7134543874E+000
    353900   0.8498759786E+003   0.3573830523E+000
    354000   0.8480608326E+003   0.3575114407E+000
    354100   0.8563333281E+003   0.7135654939E+000
    354200   0.8549418507E+003   0.7137581287E+000
    354300   0.8449546605E+003   0.7151625009E+000
    354400   0.8564127507E+003   0.1069886072E+001
    354500   0.8443377204E+003   0.7152505266E+000
    354600   0.8521011005E+003   0.7141536785E+000
    354700   0.8573812699E+003   0.3568589194E+000
    354800   0.8466836986E+003   0.3576092769E+000
    354900   0.8609386747E+003   0.7129331069E+000
    355000   0.8553476740E+003   0.3569998760E+000
    355100   0.8531747406E+003   0.3571513573E+000
    355200   0.8443779740E+003   0.7152447786E+000
    355300   0.8548921363E+003   0.3570315584E+000
    355400   0.8509561115E+003   0.3573069561E+000
    355500   0.8542929143E+003   0.3570732940E+000
    355600   0.8483301511E+003   0.3574923508E+000
    355700   0.8536266382E+003   0.3571197802E+000
    355800   0.8597805052E+003   0.3566936182E+000
    355900   0.8430033176E+003   0.3578725778E+000
    356000   0.8669070575E+003   0.3562088966E+000
    356100   0.8537971561E+003   0.3571078750E+000
    356200   0.8549941886E+003   0.3570244573E+000
    356300   0.8621630881E+003   0.3565305249E+000
    356400   0.8601754466E+003   0.3566665107E+000
    356500   0.8560446939E+003   0.3569514748E+000
    356600   0.8503238460E+003   0.3573514723E+000
    356700   0.8715334145E+003   0.0000000000E+000
    356800   0.8566837711E+003   0.3569071779E+000
    356900   0.8762200248E+003   0.0000000000E+000
    357000   0.8582077477E+003   0.3568018555E+000
    357100   0.8620201631E+003   0.0000000000E+000
    357200   0.8629834804E+003   0.0000000000E+000
    357300   0.8567299282E+003   0.0000000000E+000
    357400   0.8482829064E+003   0.3574956986E+000
    357500   0.8536128231E+003   0.3571207449E+000
    357600   0.8597684612E+003   0.3566944453E+000
    357700   0.8564709861E+003   0.0000000000E+000
    357800   0.8509021334E+003   0.3573107536E+000
    357900   0.8571395615E+003   0.7134542133E+000
    358000   0.8596954135E+003   0.7131030485E+000
    358100   0.8717853145E+003   0.3558824090E+000
    358200   0.8472565499E+003   0.7148353863E+000
    358300   0.8674239517E+003   0.3561740999E+000
    358400   0.8625001644E+003   0.7127204748E+000
    358500   0.8533770999E+003   0.7139756267E+000
    358600   0.8537713826E+003   0.1070433555E+001
    358700   0.8401268946E+003   0.1073325775E+001
    358800   0.8535290076E+003   0.7139544710E+000
    358900   0.8416594915E+003   0.1072995447E+001
    359000   0.8485798833E+003   0.1428093841E+001
    359100   0.8448874099E+003   0.1072304297E+001
    359200   0.8467244336E+003   0.1071913707E+001
    359300   0.8614728879E+003   0.1424541727E+001
    359400   0.8460653749E+003   0.1072053609E+001
    359500   0.8412443259E+003   0.1073084791E+001
    359600   0.8451754561E+003   0.1072242921E+001
    359700   0.8477430807E+003   0.1428328743E+001
    359800   0.8393266666E+003   0.1073498812E+001
    359900   0.8297284719E+003   0.1433520230E+001
    360000   0.8411118896E+003   0.1430209517E+001
    360100   0.8672197507E+003   0.1422997985E+001
    360200   0.8514462146E+003   0.1427293304E+001
    360300   0.8575682730E+003   0.1425604345E+001
    360400   0.8513577167E+003   0.1427317927E+001
    360500   0.8533068512E+003   0.1782726048E+001
    360600   0.8703869096E+003   0.1422157335E+001
    360700   0.8592390526E+003   0.1425148276E+001
    360800   0.8684731747E+003   0.1422664440E+001
    360900   0.8516686300E+003   0.1783292197E+001
    361000   0.8616439713E+003   0.1424495424E+001
    361100   0.8576665635E+003   0.1781231650E+001
    361200   0.8566406235E+003   0.2137009187E+001
    361300   0.8580039769E+003   0.2136453071E+001
    361400   0.8577788034E+003   0.2136544778E+001
    361500   0.8526506496E+003   0.2138648610E+001
    361600   0.8508848336E+003   0.2139379877E+001
    361700   0.8600352019E+003   0.2135628332E+001
    361800   0.8555704101E+003   0.2137447175E+001
    361900   0.8557484483E+003   0.2137374224E+001
    362000   0.8468017175E+003   0.2141084412E+001
    362100   0.8587213117E+003   0.2136161293E+001
    362200   0.8597408963E+003   0.2135747548E+001
    362300   0.8685669229E+003   0.1777571545E+001
    362400   0.8611941458E+003   0.1780035368E+001
    362500   0.8594721239E+003   0.2135856505E+001
    362600   0.8557861936E+003   0.1781874019E+001
    362700   0.8706276697E+003   0.1776891552E+001
    362800   0.8578752130E+003   0.1781160574E+001
    362900   0.8671213270E+003   0.1778050795E+001
    363000   0.8660201549E+003   0.1778417108E+001
    363100   0.8596953534E+003   0.1780542246E+001
    363200   0.8670917799E+003   0.1778060610E+001
    363300   0.8557052164E+003   0.1781901756E+001
    363400   0.8533908498E+003   0.2138343124E+001
    363500   0.8557190340E+003   0.1781897022E+001
    363600   0.8502634472E+003   0.1783779838E+001
    363700   0.8588302477E+003   0.1780835755E+001
    363800   0.8582040197E+003   0.1781048648E+001
    363900   0.8727445292E+003   0.1776196926E+001
    364000   0.8460019097E+003   0.1785270275E+001
    364100   0.8641133914E+003   0.1779053973E+001
    364200   0.8591366298E+003   0.2135992620E+001
    364300   0.8536264899E+003   0.2138246003E+001
    364400   0.8511891652E+003   0.2139253594E+001
    364500   0.8703722370E+003   0.1776975635E+001
    364600   0.8523331997E+003   0.2138779813E+001
    364700   0.8537687504E+003   0.1782566879E+001
    364800   0.8662410719E+003   0.1423259199E+001
    364900   0.8641375556E+003   0.1423822966E+001
    365000   0.8689303677E+003   0.1777451345E+001
    365100   0.8710974967E+003   0.1421969701E+001
    365200   0.8623388234E+003   0.1424307585E+001
    365300   0.8748007464E+003   0.1420997567E+001
    365400   0.8652578639E+003   0.1423522313E+001
    365500   0.8713241414E+003   0.1421909929E+001
    365600   0.8661026597E+003   0.1423296197E+001
    365700   0.8677059702E+003   0.1422868466E+001
    365800   0.8616408537E+003   0.1424496268E+001
    365900   0.8595407006E+003   0.1425066156E+001
    366000   0.8599937420E+003   0.1424942947E+001
    366100   0.8766967672E+003   0.1420503535E+001
    366200   0.8628963079E+003   0.1779462195E+001
    366300   0.8581766452E+003   0.1425438040E+001
    366400   0.8548528967E+003   0.1426349987E+001
    366500   0.8556890239E+003   0.1781907303E+001
    366600   0.8546091544E+003   0.1070259481E+001
    366700   0.8694962502E+003   0.1067231232E+001
    366800   0.8640786788E+003   0.7125064337E+000
    366900   0.8729228643E+003   0.3558068860E+000
    367000   0.8711298114E+003   0.3559260326E+000
    367100   0.8605873956E+003   0.7129810653E+000
    367200   0.8608195337E+003   0.3566223650E+000
    367300   0.8730243233E+003   0.7113104286E+000
    367400   0.8736245032E+003   0.3557604176E+000
    367500   0.8668284135E+003   0.7121357453E+000
    367600   0.8538939734E+003   0.7139036792E+000
    367700   0.8717236140E+003   0.1066788490E+001
    367800   0.8616284297E+003   0.1068816481E+001
    367900   0.8531916129E+003   0.1070554254E+001
    368000   0.8597810817E+003   0.7130913201E+000
    368100   0.8508653084E+003   0.7143267140E+000
    368200   0.8640974984E+003   0.1068315384E+001
    368300   0.8625862942E+003   0.7127087724E+000
    368400   0.8669388847E+003   0.7121209100E+000
    368500   0.8653454119E+003   0.7123353264E+000
    368600   0.8608028577E+003   0.1068984778E+001
    368700   0.8769510567E+003   0.7107943855E+000
    368800   0.8626393200E+003   0.1068610917E+001
    368900   0.8591302251E+003   0.7131804937E+000
    369000   0.8595089158E+003   0.7131285903E+000
    369100   0.8675416869E+003   0.1067621926E+001
    369200   0.8745650416E+003   0.7111073088E+000
    369300   0.8671846978E+003   0.7120879152E+000
    369400   0.8632247978E+003   0.7126221039E+000
    369500   0.8568954593E+003   0.1069786445E+001
    369600   0.8621691355E+003   0.1068706459E+001
    369700   0.8650569908E+003   0.1423576154E+001
    369800   0.8638488948E+003   0.1423900579E+001
    369900   0.8692440743E+003   0.1067281524E+001
    370000   0.8625775618E+003   0.1068623460E+001
    370100   0.8626313471E+003   0.1424228612E+001
    370200   0.8714288071E+003   0.1066846939E+001
    370300   0.8585910095E+003   0.1069437531E+001
    370400   0.8661844952E+003   0.1067894419E+001
    370500   0.8595751722E+003   0.1069235743E+001
    370600   0.8418093392E+003   0.1072963225E+001
    370700   0.8523388027E+003   0.1070732145E+001
    370800   0.8658175891E+003   0.7122716948E+000
    370900   0.8702322222E+003   0.3559858909E+000
    371000   0.8664208897E+003   0.3562416689E+000
    371100   0.8561333251E+003   0.7135931372E+000
    371200   0.8680302612E+003   0.3561333454E+000
    371300   0.8684671104E+003   0.7119161329E+000
    371400   0.8623854327E+003   0.3565153585E+000
    371500   0.8671348242E+003   0.7120946078E+000
    371600   0.8629257069E+003   0.3564785436E+000
    371700   0.8558895292E+003   0.7136268537E+000
    371800   0.8654751720E+003   0.3563055421E+000
    371900   0.8749383384E+003   0.0000000000E+000
    372000   0.8633421224E+003   0.3564502052E+000
    372100   0.8661232187E+003   0.0000000000E+000
    372200   0.8643997514E+003   0.0000000000E+000
    372300   0.8636979130E+003   0.0000000000E+000
    372400   0.8640328906E+003   0.3564032663E+000
    372500   0.8544824899E+003   0.3570600827E+000
    372600   0.8646457250E+003   0.3563616963E+000
    372700   0.8544896032E+003   0.7138208950E+000
    372800   0.8551093383E+003   0.7137349032E+000
    372900   0.8457010185E+003   0.1072131062E+001
    373000   0.8665189719E+003   0.7121773241E+000
    373100   0.8580652168E+003   0.1069545558E+001
    373200   0.8532354432E+003   0.1070545123E+001
    373300   0.8613239071E+003   0.1068878516E+001
    373400   0.8551785614E+003   0.1070141395E+001
    373500   0.8529129048E+003   0.1070612345E+001
    373600   0.8639839828E+003   0.1068338349E+001
    373700   0.8656157966E+003   0.1068008896E+001
    373800   0.8536226569E+003   0.1426689631E+001
    373900   0.8804218306E+003   0.1065084401E+001
    374000   0.8563952839E+003   0.1069889679E+001
    374100   0.8558099081E+003   0.1426086563E+001
    374200   0.8589347894E+003   0.1069366983E+001
    374300   0.8499672445E+003   0.1071229025E+001
    374400   0.8486466671E+003   0.1071507113E+001
    374500   0.8618092295E+003   0.7128144505E+000
    374600   0.8547321005E+003   0.1070233968E+001
    374700   0.8605717834E+003   0.1069031951E+001
    374800   0.8719731290E+003   0.1066739056E+001
    374900   0.8566762366E+003   0.1069831674E+001
    375000   0.8556118000E+003   0.1070051671E+001
    375100   0.8553120764E+003   0.1070113733E+001
    375200   0.8586130571E+003   0.1069433004E+001
    375300   0.8572318410E+003   0.1425696431E+001
    375400   0.8587123827E+003   0.1425291817E+001
    375500   0.8524596755E+003   0.1070706906E+001
    375600   0.8544743489E+003   0.1070287464E+001
    375700   0.8502176048E+003   0.1071176418E+001
    375800   0.8698732688E+003   0.7117284516E+000
    375900   0.8589434800E+003   0.7132061086E+000
    376000   0.8505080455E+003   0.1071115434E+001
    376100   0.8613178744E+003   0.7128813877E+000
    376200   0.8584093705E+003   0.7132794416E+000
    376300   0.8573518287E+003   0.7134249557E+000
    376400   0.8630630059E+003   0.3564691964E+000
    376500   0.8639311272E+003   0.3564101758E+000
    376600   0.8708825245E+003   0.3559425093E+000
    376700   0.8572390373E+003   0.3568687527E+000
    376800   0.8661459138E+003   0.7122274967E+000
    376900   0.8591719461E+003   0.3567354445E+000
    377000   0.8622966627E+003   0.7127481354E+000
    377100   0.8567048051E+003   0.7135141904E+000
    377200   0.8435483205E+003   0.7153633785E+000
    377300   0.8494742101E+003   0.7145221986E+000
    377400   0.8497657076E+003   0.1071271400E+001
    377500   0.8484101664E+003   0.7146722289E+000
    377600   0.8454834582E+003   0.7150871709E+000
    377700   0.8531531481E+003   0.1070562269E+001
    377800   0.8661222895E+003   0.1067906932E+001
    377900   0.8558501537E+003   0.1426075500E+001
    378000   0.8652602772E+003   0.1068080550E+001
    378100   0.8759193845E+003   0.1420705792E+001
    378200   0.8578356856E+003   0.1425531211E+001
    378300   0.8667648556E+003   0.1423119313E+001
    378400   0.8556099925E+003   0.1781934381E+001
    378500   0.8566678463E+003   0.1781572421E+001
    378600   0.8538978448E+003   0.1426613558E+001
    378700   0.8563339514E+003   0.1425942607E+001
    378800   0.8577782357E+003   0.1425546919E+001
    378900   0.8496793671E+003   0.1427786022E+001
    379000   0.8516299222E+003   0.1427242211E+001
    379100   0.8662850819E+003   0.1067874189E+001
    379200   0.8541854562E+003   0.1426534112E+001
    379300   0.8558628660E+003   0.1781847762E+001
    379400   0.8579562223E+003   0.1781132989E+001
    379500   0.8607672744E+003   0.1424732925E+001
    379600   0.8697573219E+003   0.1422323878E+001
    379700   0.8721892334E+003   0.1421682114E+001
    379800   0.8511372695E+003   0.1427379287E+001
    379900   0.8540538695E+003   0.1782468728E+001
    380000   0.8655378722E+003   0.1423447310E+001
    380100   0.8695796396E+003   0.1422370931E+001
    380200   0.8730077612E+003   0.1421467045E+001
    380300   0.8537089892E+003   0.1426665759E+001
    380400   0.8590703947E+003   0.1780754210E+001
    380500   0.8646613057E+003   0.1423682296E+001
    380600   0.8620940456E+003   0.1424373715E+001
    380700   0.8507737674E+003   0.1427480547E+001
    380800   0.8595686071E+003   0.1425058562E+001
    380900   0.8686526552E+003   0.1422616771E+001
    381000   0.8675850418E+003   0.1422900663E+001
    381100   0.8564269161E+003   0.1425917091E+001
    381200   0.8721368867E+003   0.1421695885E+001
    381300   0.8646342152E+003   0.1423689567E+001
    381400   0.8664062646E+003   0.1778288542E+001
    381500   0.8677359693E+003   0.1422860480E+001
    381600   0.8737529845E+003   0.1421271643E+001
    381700   0.8731573541E+003   0.1776061917E+001
    381800   0.8696066284E+003   0.1422363782E+001
    381900   0.8710190848E+003   0.1066928247E+001
    382000   0.8763783579E+003   0.1420586327E+001
    382100   0.8706975477E+003   0.1066992118E+001
    382200   0.8698046846E+003   0.1067169766E+001
    382300   0.8678352595E+003   0.1422834054E+001
    382400   0.8654391246E+003   0.7123226910E+000
    382500   0.8730082643E+003   0.7113125501E+000
    382600   0.8689871196E+003   0.7118466445E+000
    382700   0.8655111032E+003   0.7123129883E+000
    382800   0.8637082974E+003   0.7125565744E+000
    382900   0.8606689155E+003   0.1069012118E+001
    383000   0.8643566969E+003   0.7124688297E+000
    383100   0.8571497282E+003   0.1069734018E+001
    383200   0.8541741049E+003   0.1070349827E+001
    383300   0.8612335955E+003   0.1424606527E+001
    383400   0.8500665528E+003   0.7144388681E+000
    383500   0.8578080087E+003   0.7133621356E+000
    383600   0.8583219837E+003   0.7132914499E+000
    383700   0.8655189326E+003   0.1068028412E+001
    383800   0.8649136740E+003   0.1068150473E+001
    383900   0.8689795574E+003   0.7118476543E+000
    384000   0.8713700434E+003   0.7115294493E+000
    384100   0.8663975897E+003   0.7121936433E+000
    384200   0.8784798001E+003   0.7105949297E+000
    384300   0.8605869590E+003   0.7129811250E+000
    384400   0.8590505138E+003   0.3567437988E+000
    384500   0.8568985176E+003   0.7134874579E+000
    384600   0.8615660102E+003   0.7128475731E+000
    384700   0.8629642628E+003   0.7126574501E+000
    384800   0.8641660954E+003   0.3563942249E+000
    384900   0.8592263797E+003   0.7131673097E+000
    385000   0.8578151653E+003   0.0000000000E+000
    385100   0.8682842131E+003   0.0000000000E+000
    385200   0.8586129346E+003   0.3567739263E+000
    385300   0.8675999125E+003   0.0000000000E+000
    385400   0.8569723498E+003   0.0000000000E+000
    385500   0.8647581089E+003   0.3563540804E+000
    385600   0.8566292001E+003   0.0000000000E+000
    385700   0.8536585409E+003   0.3571175524E+000
    385800   0.8652229118E+003   0.0000000000E+000
    385900   0.8599850719E+003   0.3566795738E+000
    386000   0.8680753475E+003   0.0000000000E+000
    386100   0.8614516840E+003   0.3565791121E+000
    386200   0.8686108394E+003   0.0000000000E+000
    386300   0.8590457427E+003   0.3567441271E+000
    386400   0.8454518112E+003   0.3576971100E+000
    386500   0.8597034432E+003   0.0000000000E+000
    386600   0.8560999933E+003   0.3569476388E+000
    386700   0.8672948197E+003   0.3561827884E+000
    386800   0.8548342187E+003   0.3570355894E+000
    386900   0.8723802055E+003   0.3558428851E+000
    387000   0.8665043889E+003   0.3562360373E+000
    387100   0.8580227923E+003   0.3568146146E+000
    387200   0.8615959657E+003   0.3565692505E+000
    387300   0.8551746829E+003   0.7137258447E+000
    387400   0.8574136958E+003   0.7134164315E+000
    387500   0.8607535066E+003   0.3566268869E+000
    387600   0.8655382330E+003   0.3563012779E+000
    387700   0.8570228613E+003   0.0000000000E+000
    387800   0.8540392325E+003   0.3570909834E+000
    387900   0.8617220481E+003   0.0000000000E+000
    388000   0.8635379002E+003   0.0000000000E+000
    388100   0.8599186578E+003   0.0000000000E+000
    388200   0.8634993291E+003   0.3564395150E+000
    388300   0.8638083419E+003   0.0000000000E+000
    388400   0.8567392621E+003   0.7135094343E+000
    388500   0.8584450292E+003   0.3567854962E+000
    388600   0.8683331224E+003   0.3561130127E+000
    388700   0.8690322775E+003   0.3560661375E+000
    388800   0.8727209709E+003   0.3558202732E+000
    388900   0.8771700701E+003   0.0000000000E+000
    389000   0.8696093969E+003   0.3560275104E+000
    389100   0.8665559640E+003   0.3562325594E+000
    389200   0.8608905854E+003   0.0000000000E+000
    389300   0.8579599470E+003   0.0000000000E+000
    389400   0.8617805114E+003   0.3565566424E+000
    389500   0.8694230171E+003   0.0000000000E+000
    389600   0.8734826196E+003   0.3557698073E+000
    389700   0.8649248380E+003   0.3563427861E+000
    389800   0.8673863976E+003   0.0000000000E+000
    389900   0.8794512539E+003   0.0000000000E+000
    390000   0.8599153040E+003   0.3566843628E+000
    390100   0.8681150779E+003   0.3561276495E+000
    390200   0.8522015665E+003   0.0000000000E+000
    390300   0.8685284876E+003   0.0000000000E+000
    390400   0.8622685123E+003   0.0000000000E+000
    390500   0.8588382277E+003   0.0000000000E+000
    390600   0.8659936432E+003   0.3562705048E+000
    390700   0.8735715626E+003   0.3557639208E+000
    390800   0.8831278502E+003   0.0000000000E+000
    390900   0.8674068722E+003   0.3561752489E+000
    391000   0.8656812046E+003   0.0000000000E+000
    391100   0.8668056017E+003   0.3562157322E+000
    391200   0.8654340687E+003   0.3563083218E+000
    391300   0.8558256281E+003   0.0000000000E+000
    391400   0.8649963395E+003   0.3563379441E+000
    391500   0.8676831668E+003   0.0000000000E+000
    391600   0.8552814572E+003   0.0000000000E+000
    391700   0.8618252250E+003   0.0000000000E+000
    391800   0.8622771987E+003   0.0000000000E+000
    391900   0.8609081867E+003   0.0000000000E+000
    392000   0.8617887776E+003   0.0000000000E+000
    392100   0.8610638436E+003   0.0000000000E+000
    392200   0.8558417292E+003   0.0000000000E+000
    392300   0.8636984289E+003   0.0000000000E+000
    392400   0.8728686980E+003   0.0000000000E+000
    392500   0.8551491152E+003   0.0000000000E+000
    392600   0.8495785303E+003   0.0000000000E+000
    392700   0.8439639874E+003   0.0000000000E+000
    392800   0.8601086534E+003   0.0000000000E+000
    392900   0.8588313786E+003   0.0000000000E+000
    393000   0.8665826914E+003   0.0000000000E+000
    393100   0.8626859500E+003   0.0000000000E+000
    393200   0.8606412405E+003   0.3566345775E+000
    393300   0.8631765425E+003   0.0000000000E+000
    393400   0.8644492318E+003   0.3563750174E+000
    393500   0.8687050541E+003   0.3560880654E+000
    393600   0.8816247602E+003   0.0000000000E+000
    393700   0.8715735770E+003   0.0000000000E+000
    393800   0.8818944056E+003   0.0000000000E+000
    393900   0.8555106808E+003   0.7136792922E+000
    394000   0.8500635907E+003   0.3573698187E+000
    394100   0.8565967276E+003   0.0000000000E+000
    394200   0.8568325821E+003   0.3568968743E+000
    394300   0.8573445867E+003   0.3568614552E+000
    394400   0.8567885908E+003   0.0000000000E+000
    394500   0.8648357410E+003   0.3563488210E+000
    394600   0.8657828606E+003   0.0000000000E+000
    394700   0.8662483150E+003   0.0000000000E+000
    394800   0.8756953624E+003   0.0000000000E+000
    394900   0.8540384872E+003   0.0000000000E+000
    395000   0.8470701466E+003   0.0000000000E+000
    395100   0.8605246498E+003   0.0000000000E+000
    395200   0.8614661146E+003   0.0000000000E+000
    395300   0.8540468924E+003   0.0000000000E+000
    395400   0.8610336412E+003   0.3566077071E+000
    395500   0.8558069096E+003   0.7136382849E+000
    395600   0.8680614554E+003   0.1067517831E+001
    395700   0.8640565741E+003   0.7125094248E+000
    395800   0.8745025133E+003   0.7111155360E+000
    395900   0.8540270340E+003   0.1070380393E+001
    396000   0.8537621508E+003   0.1070435475E+001
    396100   0.8506956295E+003   0.7143505182E+000
    396200   0.8588716682E+003   0.7132159622E+000
    396300   0.8560875207E+003   0.7135994702E+000
    396400   0.8550544718E+003   0.1070167113E+001
    396500   0.8535045798E+003   0.7139578724E+000
    396600   0.8533402045E+003   0.7139807663E+000
    396700   0.8588525095E+003   0.7132185913E+000
    396800   0.8595944938E+003   0.7131168684E+000
    396900   0.8563796208E+003   0.7135590978E+000
    397000   0.8567916963E+003   0.7135021976E+000
    397100   0.8578898079E+003   0.3568237924E+000
    397200   0.8627758542E+003   0.7126830265E+000
    397300   0.8587102012E+003   0.7132381246E+000
    397400   0.8691705931E+003   0.7118221501E+000
    397500   0.8674883216E+003   0.7120471907E+000
    397600   0.8701127810E+003   0.7116965539E+000
    397700   0.8650888554E+003   0.7123699343E+000
    397800   0.8590872154E+003   0.7131863920E+000
    397900   0.8670750717E+003   0.3561975808E+000
    398000   0.8623269852E+003   0.3565193444E+000
    398100   0.8476487338E+003   0.3575406786E+000
    398200   0.8418545687E+003   0.0000000000E+000
    398300   0.8541561187E+003   0.0000000000E+000
    398400   0.8608272550E+003   0.3566218362E+000
    398500   0.8615033745E+003   0.3565755786E+000
    398600   0.8478866351E+003   0.0000000000E+000
    398700   0.8567384276E+003   0.0000000000E+000
    398800   0.8611934104E+003   0.3565967747E+000
    398900   0.8422286300E+003   0.0000000000E+000
    399000   0.8578834720E+003   0.7133517511E+000
    399100   0.8654617617E+003   0.3563064490E+000
    399200   0.8586190880E+003   0.7132506348E+000
    399300   0.8634932541E+003   0.1068437707E+001
    399400   0.8593110754E+003   0.1069289839E+001
    399500   0.8587656043E+003   0.1069401694E+001
    399600   0.8604691090E+003   0.1069052921E+001
    399700   0.8605155461E+003   0.7129908802E+000
    399800   0.8585796816E+003   0.7132560464E+000
    399900   0.8733280592E+003   0.7112703198E+000
    400000   0.8815843998E+003   0.7101923415E+000
    400100   0.8622829273E+003   0.7127500029E+000
    400200   0.8669731596E+003   0.3562044440E+000
    400300   0.8644874938E+003   0.7124511481E+000
    400400   0.8656060320E+003   0.7123001947E+000
    400500   0.8591050944E+003   0.7131839400E+000
    400600   0.8471463062E+003   0.1071824287E+001
    400700   0.8543230645E+003   0.1070318880E+001
    400800   0.8579264793E+003   0.1069574088E+001
    400900   0.8527919289E+003   0.7140572038E+000
    401000   0.8603510702E+003   0.7130133554E+000
    401100   0.8560483587E+003   0.7136048854E+000
    401200   0.8485344785E+003   0.7146546782E+000
    401300   0.8661392557E+003   0.7122283926E+000
    401400   0.8708521569E+003   0.7115982144E+000
    401500   0.8533514627E+003   0.1070520957E+001
    401600   0.8582553855E+003   0.1069506469E+001
    401700   0.8638082589E+003   0.7125430371E+000
    401800   0.8657929489E+003   0.7122750134E+000
    401900   0.8689362366E+003   0.7118534396E+000
    402000   0.8576239591E+003   0.7133874715E+000
    402100   0.8645606985E+003   0.3563674597E+000
    402200   0.8623951296E+003   0.3565146973E+000
    402300   0.8597258896E+003   0.7130988759E+000
    402400   0.8701676302E+003   0.7116892521E+000
    402500   0.8732447281E+003   0.1421404869E+001
    402600   0.8578225688E+003   0.1425534797E+001
    402700   0.8644780047E+003   0.1068238456E+001
    402800   0.8524267219E+003   0.1070713786E+001
    402900   0.8599097015E+003   0.1069167275E+001
    403000   0.8647343304E+003   0.7124177970E+000
    403100   0.8541221546E+003   0.7138719493E+000
    403200   0.8619971890E+003   0.1068741429E+001
    403300   0.8514677480E+003   0.7142422872E+000
    403400   0.8630254764E+003   0.7126491431E+000
    403500   0.8594991676E+003   0.7131299257E+000
    403600   0.8776495796E+003   0.7107031488E+000
    403700   0.8744725223E+003   0.7111194826E+000
    403800   0.8683266772E+003   0.7119349155E+000
    403900   0.8602724661E+003   0.3566598561E+000
    404000   0.8606004334E+003   0.7129792845E+000
    404100   0.8660578464E+003   0.7122393483E+000
    404200   0.8668427395E+003   0.1067762135E+001
    404300   0.8637712649E+003   0.1068381402E+001
    404400   0.8631014610E+003   0.1068517128E+001
    404500   0.8673969205E+003   0.1067650944E+001
    404600   0.8704897297E+003   0.1067033429E+001
    404700   0.8682416420E+003   0.1067481778E+001
    404800   0.8687997702E+003   0.1067370215E+001
    404900   0.8746257548E+003   0.1066215549E+001
    405000   0.8762494181E+003   0.7108861992E+000
    405100   0.8647484498E+003   0.7124158899E+000
    405200   0.8707636352E+003   0.7116099779E+000
    405300   0.8560426328E+003   0.7136056772E+000
    405400   0.8581239042E+003   0.1069533493E+001
    405500   0.8660765667E+003   0.7122368288E+000
    405600   0.8576734234E+003   0.7133806611E+000
    405700   0.8685956882E+003   0.7118989422E+000
    405800   0.8671168064E+003   0.7120970259E+000
    405900   0.8716722436E+003   0.7114893669E+000
    406000   0.8687376961E+003   0.7118799627E+000
    406100   0.8649871427E+003   0.7123836614E+000
    406200   0.8753651649E+003   0.7110021527E+000
    406300   0.8685016555E+003   0.1067429784E+001
    406400   0.8608733250E+003   0.7129420253E+000
    406500   0.8621921069E+003   0.7127623528E+000
    406600   0.8660688322E+003   0.7122378697E+000
    406700   0.8498013248E+003   0.1071263909E+001
    406800   0.8574055861E+003   0.1069681301E+001
    406900   0.8645976858E+003   0.1068214276E+001
    407000   0.8620037374E+003   0.1424398125E+001
    407100   0.8509980072E+003   0.1427418069E+001
    407200   0.8664411003E+003   0.1067842822E+001
    407300   0.8665232304E+003   0.1067826316E+001
    407400   0.8684190573E+003   0.1067446297E+001
    407500   0.8499490040E+003   0.1071232859E+001
    407600   0.8656173238E+003   0.1068008589E+001
    407700   0.8574293918E+003   0.1069676398E+001
    407800   0.8526796253E+003   0.1070661002E+001
    407900   0.8561168988E+003   0.1426002207E+001
    408000   0.8609622004E+003   0.1424680070E+001
    408100   0.8692905685E+003   0.1067272249E+001
    408200   0.8507562585E+003   0.1071063355E+001
    408300   0.8652366150E+003   0.1068085322E+001
    408400   0.8617711416E+003   0.1424461020E+001
    408500   0.8664778144E+003   0.1423195948E+001
    408600   0.8570087964E+003   0.1425757528E+001
    408700   0.8429186727E+003   0.1429693642E+001
    408800   0.8648487972E+003   0.1068163568E+001
    408900   0.8533235240E+003   0.1070526776E+001
    409000   0.8544908919E+003   0.1070284030E+001
    409100   0.8494228087E+003   0.7145294361E+000
    409200   0.8606824098E+003   0.7129680890E+000
    409300   0.8540465088E+003   0.1070376345E+001
    409400   0.8556596017E+003   0.1070041778E+001
    409500   0.8471146129E+003   0.1071831001E+001
    409600   0.8601493170E+003   0.1424900671E+001
    409700   0.8501363035E+003   0.1071193497E+001
    409800   0.8567813594E+003   0.1425819865E+001
    409900   0.8481781221E+003   0.1428206554E+001
    410000   0.8663471316E+003   0.1067861713E+001
    410100   0.8586338229E+003   0.1069428741E+001
    410200   0.8783302573E+003   0.3554509916E+000
    410300   0.8584842952E+003   0.7132691480E+000
    410400   0.8736732391E+003   0.3557571931E+000
    410500   0.8532856276E+003   0.7139883700E+000
    410600   0.8480338728E+003   0.1071636498E+001
    410700   0.8530532762E+003   0.7140207539E+000
    410800   0.8444051515E+003   0.3577719718E+000
    410900   0.8555300262E+003   0.3569872046E+000
    411000   0.8635632864E+003   0.7125762190E+000
    411100   0.8551451492E+003   0.3570139567E+000
    411200   0.8542176237E+003   0.3570785428E+000
    411300   0.8561604942E+003   0.7135893812E+000
    411400   0.8432984400E+003   0.3578513651E+000
    411500   0.8523731216E+003   0.7141156688E+000
    411600   0.8553402660E+003   0.7137028978E+000
    411700   0.8509035141E+003   0.7143213556E+000
    411800   0.8546329857E+003   0.7138009869E+000
    411900   0.8621123235E+003   0.3565339890E+000
    412000   0.8659585639E+003   0.3562728738E+000
    412100   0.8647810665E+003   0.0000000000E+000
    412200   0.8667171997E+003   0.3562216897E+000
    412300   0.8622067240E+003   0.0000000000E+000
    412400   0.8574547228E+003   0.0000000000E+000
    412500   0.8682866635E+003   0.0000000000E+000
    412600   0.8615238934E+003   0.7128533110E+000
    412700   0.8503740296E+003   0.3573479362E+000
    412800   0.8550195228E+003   0.7137473566E+000
    412900   0.8470433341E+003   0.7148655985E+000
    413000   0.8573154011E+003   0.3568634728E+000
    413100   0.8464294486E+003   0.3576273804E+000
    413200   0.8528633284E+003   0.7140472432E+000
    413300   0.8628813754E+003   0.3564815624E+000
    413400   0.8495006982E+003   0.7145184693E+000
    413500   0.8422179866E+003   0.3579291102E+000
    413600   0.8582600324E+003   0.3567982498E+000
    413700   0.8522029900E+003   0.3572193926E+000
    413800   0.8507591294E+003   0.3573208168E+000
    413900   0.8626091956E+003   0.3565001045E+000
    414000   0.8434486729E+003   0.7153776416E+000
    414100   0.8569838670E+003   0.7134756841E+000
    414200   0.8516918826E+003   0.0000000000E+000
    414300   0.8568590078E+003   0.3568950450E+000
    414400   0.8489519475E+003   0.0000000000E+000
    414500   0.8488712900E+003   0.0000000000E+000
    414600   0.8614344406E+003   0.0000000000E+000
    414700   0.8466673695E+003   0.0000000000E+000
    414800   0.8585503260E+003   0.3567782399E+000
    414900   0.8464524719E+003   0.0000000000E+000
    415000   0.8747407809E+003   0.0000000000E+000
    415100   0.8679801455E+003   0.0000000000E+000
    415200   0.8661269832E+003   0.0000000000E+000
    415300   0.8670043251E+003   0.0000000000E+000
    415400   0.8704272860E+003   0.0000000000E+000
    415500   0.8632741309E+003   0.3564548300E+000
    415600   0.8623363974E+003   0.3565187025E+000
    415700   0.8658157562E+003   0.0000000000E+000
    415800   0.8564717329E+003   0.3569218665E+000
    415900   0.8599322094E+003   0.7130706367E+000
    416000   0.8430986924E+003   0.7154277673E+000
    416100   0.8476945821E+003   0.3575374241E+000
    416200   0.8521019037E+003   0.3572264803E+000
    416300   0.8461285793E+003   0.3576488197E+000
    416400   0.8554244316E+003   0.3569945415E+000
    416500   0.8562443213E+003   0.0000000000E+000
    416600   0.8553073475E+003   0.0000000000E+000
    416700   0.8496809358E+003   0.3573968173E+000
    416800   0.8626587995E+003   0.0000000000E+000
    416900   0.8652191636E+003   0.3563228607E+000
    417000   0.8528161976E+003   0.3571764390E+000
    417100   0.8589144502E+003   0.7132100917E+000
    417200   0.8549764885E+003   0.3570256888E+000
    417300   0.8589884795E+003   0.3567480677E+000
    417400   0.8591081293E+003   0.7131835238E+000
    417500   0.8577540213E+003   0.7133695661E+000
    417600   0.8517311467E+003   0.7142054180E+000
    417700   0.8508086452E+003   0.7143346620E+000
    417800   0.8616689725E+003   0.7128335486E+000
    417900   0.8660000594E+003   0.3562700715E+000
    418000   0.8654051711E+003   0.3563102763E+000
    418100   0.8601680861E+003   0.3566670157E+000
    418200   0.8599726302E+003   0.3566804277E+000
    418300   0.8528795469E+003   0.1070619301E+001
    418400   0.8565045744E+003   0.7135418372E+000
    418500   0.8631163249E+003   0.7126368171E+000
    418600   0.8676153864E+003   0.7120301575E+000
    418700   0.8565112889E+003   0.7135409098E+000
    418800   0.8617247671E+003   0.1068796867E+001
    418900   0.8477019353E+003   0.1071706675E+001
    419000   0.8678849988E+003   0.7119940350E+000
    419100   0.8758616849E+003   0.7109370098E+000
    419200   0.8699306218E+003   0.7117208116E+000
    419300   0.8579366386E+003   0.1069571998E+001
    419400   0.8765926376E+003   0.1065829750E+001
    419500   0.8719545827E+003   0.7114519480E+000
    419600   0.8688896558E+003   0.7118596611E+000
    419700   0.8715759208E+003   0.1066817766E+001
    419800   0.8699418367E+003   0.7117193178E+000
    419900   0.8623843234E+003   0.1068662718E+001
    420000   0.8636556594E+003   0.7125637043E+000
    420100   0.8589855549E+003   0.7132003363E+000
    420200   0.8607566623E+003   0.7129579505E+000
    420300   0.8696722128E+003   0.7117552435E+000
    420400   0.8767160049E+003   0.1065805619E+001
    420500   0.8726616185E+003   0.7113583668E+000
    420600   0.8688564596E+003   0.3560779171E+000
    420700   0.8496760295E+003   0.1071290262E+001
    420800   0.8595322835E+003   0.1069244526E+001
    420900   0.8466126131E+003   0.3576143371E+000
    421000   0.8603124678E+003   0.7130186317E+000
    421100   0.8582931741E+003   0.3567959646E+000
    421200   0.8539759316E+003   0.7138922802E+000
    421300   0.8614288762E+003   0.7128662582E+000
    421400   0.8568035877E+003   0.3568988815E+000
    421500   0.8684702134E+003   0.3561038144E+000
    421600   0.8548537686E+003   0.7137703473E+000
    421700   0.8629864938E+003   0.3564744048E+000
    421800   0.8613528387E+003   0.1068872620E+001
    421900   0.8619526492E+003   0.7127949292E+000
    422000   0.8559018872E+003   0.1069991653E+001
    422100   0.8573611315E+003   0.7134236738E+000
    422200   0.8510304534E+003   0.1071005866E+001
    422300   0.8593881457E+003   0.7131451373E+000
    422400   0.8642226256E+003   0.7124869603E+000
    422500   0.8454192244E+003   0.7150963155E+000
    422600   0.8460783558E+003   0.1428797666E+001
    422700   0.8616031748E+003   0.1068821624E+001
    422800   0.8577148860E+003   0.1069617621E+001
    422900   0.8559869160E+003   0.1069974070E+001
    423000   0.8519322378E+003   0.1070817098E+001
    423100   0.8441892419E+003   0.1072453263E+001
    423200   0.8480708698E+003   0.1071628680E+001
    423300   0.8641958331E+003   0.1068295496E+001
    423400   0.8515635613E+003   0.1070894215E+001
    423500   0.8742352428E+003   0.1066292386E+001
    423600   0.8581374100E+003   0.1069530716E+001
    423700   0.8623634349E+003   0.1424300938E+001
    423800   0.8581854137E+003   0.1425435645E+001
    423900   0.8712007190E+003   0.1066892191E+001
    424000   0.8631392356E+003   0.1068509467E+001
    424100   0.8544483858E+003   0.1426461539E+001
    424200   0.8572309203E+003   0.1069717285E+001
    424300   0.8537733320E+003   0.1070433150E+001
    424400   0.8569256925E+003   0.7134837089E+000
    424500   0.8652510268E+003   0.7123480556E+000
    424600   0.8684858151E+003   0.3561027678E+000
    424700   0.8603831110E+003   0.1069070489E+001
    424800   0.8693427638E+003   0.1067261838E+001
    424900   0.8777839800E+003   0.3554867143E+000
    425000   0.8574181860E+003   0.3568563678E+000
    425100   0.8620833460E+003   0.3565359665E+000
    425200   0.8478835084E+003   0.7147466505E+000
    425300   0.8589754541E+003   0.3567489642E+000
    425400   0.8535237823E+003   0.7139551985E+000
    425500   0.8554037558E+003   0.7136941020E+000
    425600   0.8655605044E+003   0.3562997721E+000
    425700   0.8609996131E+003   0.3566100361E+000
    425800   0.8579265148E+003   0.3568212588E+000
    425900   0.8688886411E+003   0.7118597967E+000
    426000   0.8508315344E+003   0.3573157212E+000
    426100   0.8454170299E+003   0.7150966279E+000
    426200   0.8533689535E+003   0.7139767615E+000
    426300   0.8543611600E+003   0.1070310968E+001
    426400   0.8483145554E+003   0.7146857316E+000
    426500   0.8572810974E+003   0.7134347030E+000
    426600   0.8532469518E+003   0.1070542725E+001
    426700   0.8586061882E+003   0.7132524062E+000
    426800   0.8610247233E+003   0.7129213661E+000
    426900   0.8465120969E+003   0.7149409509E+000
    427000   0.8652908911E+003   0.7123426789E+000
    427100   0.8721577891E+003   0.7114250341E+000
    427200   0.8641712831E+003   0.1068300460E+001
    427300   0.8676064430E+003   0.7120313562E+000
    427400   0.8775700369E+003   0.1065638783E+001
    427500   0.8769525065E+003   0.1065759380E+001
    427600   0.8652491004E+003   0.7123483154E+000
    427700   0.8742195538E+003   0.1066295475E+001
    427800   0.8633088478E+003   0.1068475078E+001
    427900   0.8607870230E+003   0.1424727569E+001
    428000   0.8693429700E+003   0.1067261797E+001
    428100   0.8587570641E+003   0.1069403446E+001
    428200   0.8574677994E+003   0.1069668488E+001
    428300   0.8580287074E+003   0.1069553065E+001
    428400   0.8690244305E+003   0.1422518101E+001
    428500   0.8660282357E+003   0.1067925856E+001
    428600   0.8694178078E+003   0.1067246872E+001
    428700   0.8585596029E+003   0.1069443979E+001
    428800   0.8565287708E+003   0.1425889142E+001
    428900   0.8642213486E+003   0.1068290336E+001
    429000   0.8576963840E+003   0.1069621429E+001
    429100   0.8623703221E+003   0.1068665563E+001
    429200   0.8505004516E+003   0.7143779134E+000
    429300   0.8640526036E+003   0.7125099620E+000
    429400   0.8680564266E+003   0.7119710807E+000
    429500   0.8551354096E+003   0.1070150337E+001
    429600   0.8721470834E+003   0.7114264517E+000
    429700   0.8599813530E+003   0.7130639127E+000
    429800   0.8774357925E+003   0.3555095102E+000
    429900   0.8650061297E+003   0.7123810986E+000
    430000   0.8525016158E+003   0.7140977240E+000
    430100   0.8584336506E+003   0.3567862804E+000
    430200   0.8625885926E+003   0.3565015086E+000
    430300   0.8713636799E+003   0.3559104599E+000
    430400   0.8641120875E+003   0.7125019135E+000
    430500   0.8667771592E+003   0.3562176488E+000
    430600   0.8634023896E+003   0.7125980246E+000
    430700   0.8761941844E+003   0.7108934341E+000
    430800   0.8587643688E+003   0.7132306887E+000
    430900   0.8589064523E+003   0.3567537136E+000
    431000   0.8681253484E+003   0.3561269599E+000
    431100   0.8616660589E+003   0.3565644610E+000
    431200   0.8628595055E+003   0.7126716693E+000
    431300   0.8442646813E+003   0.7152609578E+000
    431400   0.8522626415E+003   0.3572152110E+000
    431500   0.8677413733E+003   0.7120132746E+000
    431600   0.8706464078E+003   0.7116255603E+000
    431700   0.8569530658E+003   0.7134799328E+000
    431800   0.8755975955E+003   0.3556302068E+000
    431900   0.8650291732E+003   0.3563357209E+000
    432000   0.8465423540E+003   0.3576193395E+000
    432100   0.8514746513E+003   0.7142413206E+000
    432200   0.8626135595E+003   0.3564998071E+000
    432300   0.8591354175E+003   0.3567379573E+000
    432400   0.8520246526E+003   0.7141643658E+000
    432500   0.8497207091E+003   0.3573940097E+000
    432600   0.8725362133E+003   0.7113749522E+000
    432700   0.8519007817E+003   0.3572405880E+000
    432800   0.8653626075E+003   0.7123330076E+000
    432900   0.8575854528E+003   0.7133927738E+000
    433000   0.8422602533E+003   0.3579260645E+000
    433100   0.8692405722E+003   0.3560521893E+000
    433200   0.8629679265E+003   0.7126569528E+000
    433300   0.8619337265E+003   0.3565461796E+000
    433400   0.8617787284E+003   0.3565567642E+000
    433500   0.8560819577E+003   0.3569488898E+000
    433600   0.8591493765E+003   0.3567369970E+000
    433700   0.8571292233E+003   0.0000000000E+000
    433800   0.8472971277E+003   0.0000000000E+000
    433900   0.8624802373E+003   0.0000000000E+000
    434000   0.8559107244E+003   0.0000000000E+000
    434100   0.8706333957E+003   0.0000000000E+000
    434200   0.8558183515E+003   0.3569671820E+000
    434300   0.8443667190E+003   0.3577747248E+000
    434400   0.8627363860E+003   0.0000000000E+000
    434500   0.8667947909E+003   0.3562164606E+000
    434600   0.8567928722E+003   0.0000000000E+000
    434700   0.8583627522E+003   0.3567911676E+000
    434800   0.8662123015E+003   0.3562557429E+000
    434900   0.8615387882E+003   0.3565731581E+000
    435000   0.8571265456E+003   0.3568765326E+000
    435100   0.8600398973E+003   0.3566758111E+000
    435200   0.8476756395E+003   0.3575387687E+000
    435300   0.8661875033E+003   0.3562574166E+000
    435400   0.8705882654E+003   0.0000000000E+000
    435500   0.8622198634E+003   0.7127585781E+000
    435600   0.8563202702E+003   0.3569323641E+000
    435700   0.8674502279E+003   0.3561723324E+000
    435800   0.8711515407E+003   0.3559245853E+000
    435900   0.8602420142E+003   0.3566619446E+000
    436000   0.8635733671E+003   0.3564344819E+000
    436100   0.8480771158E+003   0.7147192794E+000
    436200   0.8632977757E+003   0.3564532216E+000
    436300   0.8550915250E+003   0.7137373729E+000
    436400   0.8607625111E+003   0.3566262702E+000
    436500   0.8572769818E+003   0.7134352702E+000
    436600   0.8553559495E+003   0.3569993008E+000
    436700   0.8496482877E+003   0.7144976953E+000
    436800   0.8537224810E+003   0.7139275392E+000
    436900   0.8589874276E+003   0.0000000000E+000
    437000   0.8588033785E+003   0.7132253342E+000
    437100   0.8573227367E+003   0.3568629657E+000
    437200   0.8485061803E+003   0.3574798811E+000
    437300   0.8590295544E+003   0.3567452411E+000
    437400   0.8569803675E+003   0.0000000000E+000
    437500   0.8583100233E+003   0.3567948028E+000
    437600   0.8474963489E+003   0.3575514986E+000
    437700   0.8772987415E+003   0.0000000000E+000
    437800   0.8611484562E+003   0.7129044882E+000
    437900   0.8416997269E+003   0.3579664849E+000
    438000   0.8493337190E+003   0.0000000000E+000
    438100   0.8284731956E+003   0.3589388875E+000
    438200   0.8477513991E+003   0.0000000000E+000
    438300   0.8536392119E+003   0.0000000000E+000
    438400   0.8655187281E+003   0.3563025967E+000
    438500   0.8600029503E+003   0.3566783467E+000
    438600   0.8412462213E+003   0.7156938987E+000
    438700   0.8434779709E+003   0.7153734476E+000
    438800   0.8590190273E+003   0.3567459655E+000
    438900   0.8549029155E+003   0.7137635294E+000
    439000   0.8721828433E+003   0.3558559906E+000
    439100   0.8668319983E+003   0.7121352638E+000
    439200   0.8667209540E+003   0.3562214367E+000
    439300   0.8544103894E+003   0.7138318968E+000
    439400   0.8460061848E+003   0.3576575464E+000
    439500   0.8575119492E+003   0.7134028968E+000
    439600   0.8595139255E+003   0.3567119317E+000
    439700   0.8678515778E+003   0.7119985113E+000
    439800   0.8627945632E+003   0.3564874749E+000
    439900   0.8596607471E+003   0.3567018437E+000
    440000   0.8530583576E+003   0.7140200455E+000
    440100   0.8675161057E+003   0.3561679013E+000
    440200   0.8628045418E+003   0.7126791313E+000
    440300   0.8724889448E+003   0.3558356673E+000
    440400   0.8691550591E+003   0.7118242235E+000
    440500   0.8773760652E+003   0.7107388535E+000
    440600   0.8703502870E+003   0.3559780092E+000
    440700   0.8629978989E+003   0.7126528853E+000
    440800   0.8712895398E+003   0.3559153956E+000
    440900   0.8678111948E+003   0.7120039206E+000
    441000   0.8704716291E+003   0.3559699114E+000
    441100   0.8633790081E+003   0.3564476965E+000
    441200   0.8573003081E+003   0.7134320554E+000
    441300   0.8531574778E+003   0.0000000000E+000
    441400   0.8686794757E+003   0.3560897803E+000
    441500   0.8670010015E+003   0.3562025688E+000
    441600   0.8534709070E+003   0.7139625614E+000
    441700   0.8469477243E+003   0.7148791519E+000
    441800   0.8486953808E+003   0.3574664851E+000
    441900   0.8425406643E+003   0.3579058672E+000
    442000   0.8493414879E+003   0.7145408885E+000
    442100   0.8509480880E+003   0.3573075205E+000
    442200   0.8464422883E+003   0.3576264658E+000
    442300   0.8425179247E+003   0.1072811038E+001
    442400   0.8464917246E+003   0.7149438428E+000
    442500   0.8491987824E+003   0.1071390725E+001
    442600   0.8603428283E+003   0.1069078720E+001
    442700   0.8464961909E+003   0.7149432088E+000
    442800   0.8582202844E+003   0.3568009909E+000
    442900   0.8557107478E+003   0.3569746526E+000
    443000   0.8421928525E+003   0.7155577319E+000
    443100   0.8557058930E+003   0.3569749897E+000
    443200   0.8585121708E+003   0.3567808690E+000
    443300   0.8575667668E+003   0.7133953471E+000
    443400   0.8526317524E+003   0.3571893513E+000
    443500   0.8595691736E+003   0.3567081352E+000
    443600   0.8610185433E+003   0.7129222092E+000
    443700   0.8490407560E+003   0.3574420494E+000
    443800   0.8607346155E+003   0.3566281808E+000
    443900   0.8656067399E+003   0.3562966463E+000
    444000   0.8516159509E+003   0.1070883252E+001
    444100   0.8541196520E+003   0.1070361142E+001
    444200   0.8537133869E+003   0.7139288048E+000
    444300   0.8638826884E+003   0.7125329598E+000
    444400   0.8532584065E+003   0.7139921628E+000
    444500   0.8607429588E+003   0.3566276094E+000
    444600   0.8728473773E+003   0.1066566111E+001
    444700   0.8591945756E+003   0.1069313715E+001
    444800   0.8597465107E+003   0.1425010165E+001
    444900   0.8474916141E+003   0.1428399439E+001
    445000   0.8604481003E+003   0.1424819531E+001
    445100   0.8668721341E+003   0.1778133596E+001
    445200   0.8678187700E+003   0.1422838442E+001
    445300   0.8647950786E+003   0.1423646399E+001
    445400   0.8674861920E+003   0.1422926990E+001
    445500   0.8635373245E+003   0.1423984420E+001
    445600   0.8638100482E+003   0.1423911029E+001
    445700   0.8606422117E+003   0.1424766851E+001
    445800   0.8628669613E+003   0.1424165049E+001
    445900   0.8625187547E+003   0.1424259001E+001
    446000   0.8572117575E+003   0.1069721234E+001
    446100   0.8588813952E+003   0.1069377936E+001
    446200   0.8617395181E+003   0.1424469574E+001
    446300   0.8671903593E+003   0.1067692369E+001
    446400   0.8629900934E+003   0.1068539719E+001
    446500   0.8666725407E+003   0.1067796316E+001
    446600   0.8690739888E+003   0.1067315464E+001
    446700   0.8648763815E+003   0.7123986139E+000
    446800   0.8703245585E+003   0.7116683670E+000
    446900   0.8662834568E+003   0.7122089927E+000
    447000   0.8681665700E+003   0.7119563381E+000
    447100   0.8674316645E+003   0.7120547875E+000
    447200   0.8623962969E+003   0.7127345909E+000
    447300   0.8534625637E+003   0.7139637233E+000
    447400   0.8665281362E+003   0.7121760922E+000
    447500   0.8709014747E+003   0.7115916619E+000
    447600   0.8705406096E+003   0.7116396276E+000
    447700   0.8581884993E+003   0.7133097982E+000
    447800   0.8632122397E+003   0.7126238070E+000
    447900   0.8418007055E+003   0.1072965081E+001
    448000   0.8680619145E+003   0.7119703461E+000
    448100   0.8637430534E+003   0.7125518671E+000
    448200   0.8693714576E+003   0.7117953478E+000
    448300   0.8602929485E+003   0.7130212999E+000
    448400   0.8576353566E+003   0.7133859022E+000
    448500   0.8642046665E+003   0.3563916074E+000
    448600   0.8615276062E+003   0.3565739224E+000
    448700   0.8562912104E+003   0.3569343787E+000
    448800   0.8556447061E+003   0.3569792388E+000
    448900   0.8603023736E+003   0.0000000000E+000
    449000   0.8602093046E+003   0.3566641882E+000
    449100   0.8498125389E+003   0.3573875287E+000
    449200   0.8494684757E+003   0.3574118199E+000
    449300   0.8529327183E+003   0.3571682851E+000
    449400   0.8663739200E+003   0.3562448374E+000
    449500   0.8509326720E+003   0.7143172666E+000
    449600   0.8599116508E+003   0.7130734499E+000
    449700   0.8500871697E+003   0.7144359702E+000
    449800   0.8499526683E+003   0.7144548788E+000
    449900   0.8558541382E+003   0.7136317501E+000
    450000   0.8668488520E+003   0.7121330003E+000
    450100   0.8558633045E+003   0.7136304819E+000
    450200   0.8641802515E+003   0.7124926920E+000
    450300   0.8603449319E+003   0.7130141943E+000
    450400   0.8530522226E+003   0.1070583302E+001
    450500   0.8687343076E+003   0.7118804155E+000
    450600   0.8626195139E+003   0.7127042596E+000
    450700   0.8575130037E+003   0.7134027515E+000
    450800   0.8715482003E+003   0.1066823262E+001
    450900   0.8659802621E+003   0.1067935510E+001
    451000   0.8635542847E+003   0.7125774387E+000
    451100   0.8671771794E+003   0.7120889240E+000
    451200   0.8617276820E+003   0.1068796273E+001
    451300   0.8633164101E+003   0.7126096809E+000
    451400   0.8535738429E+003   0.1070474658E+001
    451500   0.8641791278E+003   0.1068298874E+001
    451600   0.8532089256E+003   0.1070550647E+001
    451700   0.8565194176E+003   0.1069864046E+001
    451800   0.8619822922E+003   0.7127908954E+000
    451900   0.8695021896E+003   0.7117779113E+000
    452000   0.8606200384E+003   0.1069022097E+001
    452100   0.8570092719E+003   0.7134721801E+000
    452200   0.8604226013E+003   0.7130035796E+000
    452300   0.8633534501E+003   0.7126046591E+000
    452400   0.8792161009E+003   0.3553931733E+000
    452500   0.8533472411E+003   0.3571392989E+000
    452600   0.8524950733E+003   0.3571989239E+000
    452700   0.8714123484E+003   0.7115238362E+000
    452800   0.8619889526E+003   0.3565424093E+000
    452900   0.8645192610E+003   0.3563702690E+000
    453000   0.8603235117E+003   0.7130171221E+000
    453100   0.8623696524E+003   0.3565164346E+000
    453200   0.8622454629E+003   0.3565249050E+000
    453300   0.8574352511E+003   0.7134134619E+000
    453400   0.8628205540E+003   0.3564857046E+000
    453500   0.8560445040E+003   0.0000000000E+000
    453600   0.8665858118E+003   0.0000000000E+000
    453700   0.8605708129E+003   0.0000000000E+000
    453800   0.8596296289E+003   0.0000000000E+000
    453900   0.8591391266E+003   0.0000000000E+000
    454000   0.8526104220E+003   0.0000000000E+000
    454100   0.8401172541E+003   0.0000000000E+000
    454200   0.8511536906E+003   0.0000000000E+000
    454300   0.8471951120E+003   0.3575729010E+000
    454400   0.8544834068E+003   0.0000000000E+000
    454500   0.8630764075E+003   0.3564682842E+000
    454600   0.8540576800E+003   0.3570896967E+000
    454700   0.8585957921E+003   0.0000000000E+000
    454800   0.8548908125E+003   0.3570316505E+000
    454900   0.8637912882E+003   0.3564196736E+000
    455000   0.8635652216E+003   0.3564350356E+000
    455100   0.8672136562E+003   0.7120840296E+000
    455200   0.8721144965E+003   0.3558605307E+000
    455300   0.8585744053E+003   0.7132567710E+000
    455400   0.8566490163E+003   0.7135218919E+000
    455500   0.8539366589E+003   0.7138977421E+000
    455600   0.8554846280E+003   0.7136829002E+000
    455700   0.8611718534E+003   0.7129012973E+000
    455800   0.8627691692E+003   0.3564892047E+000
    455900   0.8598804062E+003   0.7130777256E+000
    456000   0.8586911330E+003   0.7132407425E+000
    456100   0.8684404002E+003   0.7119197048E+000
    456200   0.8564862702E+003   0.7135443653E+000
    456300   0.8656929732E+003   0.7122884805E+000
    456400   0.8536537585E+003   0.7139371039E+000
    456500   0.8580660884E+003   0.1069545379E+001
    456600   0.8642874566E+003   0.1068276970E+001
    456700   0.8710065217E+003   0.1421993703E+001
    456800   0.8537707989E+003   0.1070433676E+001
    456900   0.8766078740E+003   0.1065826769E+001
    457000   0.8564514657E+003   0.1069878077E+001
    457100   0.8717714998E+003   0.1421792055E+001
    457200   0.8605960807E+003   0.1069026989E+001
    457300   0.8695051806E+003   0.1067229451E+001
    457400   0.8750709885E+003   0.1420927000E+001
    457500   0.8797801755E+003   0.1065208774E+001
    457600   0.8683853423E+003   0.1067453038E+001
    457700   0.8664668747E+003   0.1067837642E+001
    457800   0.8714070941E+003   0.1421888061E+001
    457900   0.8682468721E+003   0.1067480732E+001
    458000   0.8638532879E+003   0.1068364798E+001
    458100   0.8679187530E+003   0.1067546396E+001
    458200   0.8584791961E+003   0.1069460491E+001
    458300   0.8685009982E+003   0.1422657049E+001
    458400   0.8674945836E+003   0.1422924754E+001
    458500   0.8586063926E+003   0.1425320729E+001
    458600   0.8484437516E+003   0.1428132019E+001
    458700   0.8676936258E+003   0.1422871752E+001
    458800   0.8521081974E+003   0.1427109311E+001
    458900   0.8422330249E+003   0.1429889104E+001
    459000   0.8515335227E+003   0.1427269018E+001
    459100   0.8475878549E+003   0.1071730808E+001
    459200   0.8608001131E+003   0.1424724019E+001
    459300   0.8523024469E+003   0.1070739738E+001
    459400   0.8470374846E+003   0.1071847343E+001
    459500   0.8516615367E+003   0.1070873714E+001
    459600   0.8513455075E+003   0.7142594069E+000
    459700   0.8577999507E+003   0.7133632446E+000
    459800   0.8452026290E+003   0.7151271628E+000
    459900   0.8412468839E+003   0.7156938033E+000
    460000   0.8617101900E+003   0.7128279355E+000
    460100   0.8660155307E+003   0.1067928413E+001
    460200   0.8458695793E+003   0.1072095220E+001
    460300   0.8497846751E+003   0.1071267410E+001
    460400   0.8499503189E+003   0.7144552091E+000
    460500   0.8519436051E+003   0.1070814721E+001
    460600   0.8485001193E+003   0.7146595285E+000
    460700   0.8508297233E+003   0.7143317053E+000
    460800   0.8472306688E+003   0.7148390526E+000
    460900   0.8309686327E+003   0.1075329443E+001
    461000   0.8507469019E+003   0.1427488035E+001
    461100   0.8339116811E+003   0.1074679938E+001
    461200   0.8543346406E+003   0.7138424197E+000
    461300   0.8533361452E+003   0.1070524147E+001
    461400   0.8658087970E+003   0.7122728789E+000
    461500   0.8520189007E+003   0.3572323016E+000
    461600   0.8555124780E+003   0.3569884237E+000
    461700   0.8512602860E+003   0.3572855675E+000
    461800   0.8489429857E+003   0.3574489644E+000
    461900   0.8531590912E+003   0.3571524516E+000
    462000   0.8579352696E+003   0.3568206545E+000
    462100   0.8554056397E+003   0.0000000000E+000
    462200   0.8522101745E+003   0.3572188889E+000
    462300   0.8600561543E+003   0.3566746955E+000
    462400   0.8579994234E+003   0.3568162271E+000
    462500   0.8641684395E+003   0.3563940658E+000
    462600   0.8520870059E+003   0.1070784747E+001
    462700   0.8599379092E+003   0.7130698568E+000
    462800   0.8600176851E+003   0.1069145188E+001
    462900   0.8654827575E+003   0.7123168091E+000
    463000   0.8578922512E+003   0.1069581128E+001
    463100   0.8571863636E+003   0.7134477610E+000
    463200   0.8525944284E+003   0.1070678779E+001
    463300   0.8521652508E+003   0.1070768397E+001
    463400   0.8682019119E+003   0.7119516085E+000
    463500   0.8559143063E+003   0.1069989084E+001
    463600   0.8577976863E+003   0.1069600583E+001
    463700   0.8721979306E+003   0.7114197193E+000
    463800   0.8502087514E+003   0.1071178277E+001
    463900   0.8672782071E+003   0.7120753694E+000
    464000   0.8576642787E+003   0.7133819201E+000
    464100   0.8533485552E+003   0.7139796030E+000
    464200   0.8554966592E+003   0.7136812340E+000
    464300   0.8584311526E+003   0.7132764488E+000
    464400   0.8658176020E+003   0.7122716931E+000
    464500   0.8627334757E+003   0.7126887812E+000
    464600   0.8597696536E+003   0.7130928845E+000
    464700   0.8771849357E+003   0.7107638189E+000
    464800   0.8693872309E+003   0.7117932437E+000
    464900   0.8623009827E+003   0.3565211179E+000
    465000   0.8587719774E+003   0.3567629720E+000
    465100   0.8671525554E+003   0.3561923640E+000
    465200   0.8643858011E+003   0.3563793191E+000
    465300   0.8552048434E+003   0.7137216643E+000
    465400   0.8647379589E+003   0.1068185946E+001
    465500   0.8600965502E+003   0.1069129060E+001
    465600   0.8535679767E+003   0.7139490453E+000
    465700   0.8644648469E+003   0.1068241115E+001
    465800   0.8615894168E+003   0.1068824426E+001
    465900   0.8623142816E+003   0.1068676953E+001
    466000   0.8645834799E+003   0.1068217146E+001
    466100   0.8493527608E+003   0.1071358298E+001
    466200   0.8652963076E+003   0.1068073285E+001
    466300   0.8523092627E+003   0.1070738314E+001
    466400   0.8521766128E+003   0.1070766023E+001
    466500   0.8455179201E+003   0.1428956016E+001
    466600   0.8710765293E+003   0.1421975232E+001
    466700   0.8637240251E+003   0.1068390966E+001
    466800   0.8595307764E+003   0.1069244834E+001
    466900   0.8705672283E+003   0.1067018020E+001
    467000   0.8703815209E+003   0.1067054948E+001
    467100   0.8666720704E+003   0.1423144079E+001
    467200   0.8617089086E+003   0.1068800095E+001
    467300   0.8623042203E+003   0.1424316931E+001
    467400   0.8617232266E+003   0.1424473981E+001
    467500   0.8565682668E+003   0.1425878306E+001
    467600   0.8675195140E+003   0.1422918114E+001
    467700   0.8642770672E+003   0.1423785476E+001
    467800   0.8651223751E+003   0.1423558626E+001
    467900   0.8590041512E+003   0.1425212272E+001
    468000   0.8796124088E+003   0.1065241327E+001
    468100   0.8665570102E+003   0.1067819528E+001
    468200   0.8659520754E+003   0.1067941183E+001
    468300   0.8511867414E+003   0.1427365513E+001
    468400   0.8613485028E+003   0.1068873503E+001
    468500   0.8604350074E+003   0.1424823085E+001
    468600   0.8556824896E+003   0.1426121596E+001
    468700   0.8711257109E+003   0.1066907079E+001
    468800   0.8695535862E+003   0.1067219802E+001
    468900   0.8642408798E+003   0.1423795199E+001
    469000   0.8595168368E+003   0.1425072650E+001
    469100   0.8613168310E+003   0.1424583982E+001
    469200   0.8608844458E+003   0.1424701150E+001
    469300   0.8717655608E+003   0.1421793619E+001
    469400   0.8640915352E+003   0.1423835335E+001
    469500   0.8497240736E+003   0.1427773525E+001
    469600   0.8595115846E+003   0.1425074080E+001
    469700   0.8585174730E+003   0.1425344991E+001
    469800   0.8522865140E+003   0.1427059807E+001
    469900   0.8633790195E+003   0.1424027046E+001
    470000   0.8487575236E+003   0.1071483729E+001
    470100   0.8690348931E+003   0.1067323267E+001
    470200   0.8596753485E+003   0.1069215234E+001
    470300   0.8767309701E+003   0.1420494646E+001
    470400   0.8706783926E+003   0.1422080324E+001
    470500   0.8743815669E+003   0.1421107126E+001
    470600   0.8771056207E+003   0.1420397328E+001
    470700   0.8632873465E+003   0.1779330891E+001
    470800   0.8574645662E+003   0.1425632722E+001
    470900   0.8715937732E+003   0.1421838867E+001
    471000   0.8742304935E+003   0.1775711653E+001
    471100   0.8645298674E+003   0.1423717579E+001
    471200   0.8770527958E+003   0.1420411043E+001
    471300   0.8644904579E+003   0.2133835136E+001
    471400   0.8605026438E+003   0.2135439177E+001
    471500   0.8655055788E+003   0.2133429561E+001
    471600   0.8581343840E+003   0.2136399985E+001
    471700   0.8647086692E+003   0.2488349132E+001
    471800   0.8681005592E+003   0.2132397784E+001
    471900   0.8699377663E+003   0.2131671622E+001
    472000   0.8682911597E+003   0.2132322283E+001
    472100   0.8727115585E+003   0.2130581993E+001
    472200   0.8694947873E+003   0.2131846385E+001
    472300   0.8529265150E+003   0.2138534686E+001
    472400   0.8680781858E+003   0.2132406649E+001
    472500   0.8754044409E+003   0.2129531810E+001
    472600   0.8671652043E+003   0.2132768859E+001
    472700   0.8563201218E+003   0.2137140220E+001
    472800   0.8707831684E+003   0.2131338669E+001
    472900   0.8706752559E+003   0.2485597207E+001
    473000   0.8677686261E+003   0.2132529362E+001
    473100   0.8646859179E+003   0.1778862404E+001
    473200   0.8603621661E+003   0.1780316482E+001
    473300   0.8524400934E+003   0.1783025273E+001
    473400   0.8583816749E+003   0.1780988215E+001
    473500   0.8638646779E+003   0.1779137285E+001
    473600   0.8563472497E+003   0.1781682008E+001
    473700   0.8720331988E+003   0.1776429905E+001
    473800   0.8619864848E+003   0.2134840308E+001
    473900   0.8603953097E+003   0.1780305272E+001
    474000   0.8605248865E+003   0.1780261452E+001
    474100   0.8690211347E+003   0.1777421345E+001
    474200   0.8622805688E+003   0.1779669230E+001
    474300   0.8641081884E+003   0.1423830859E+001
    474400   0.8644230638E+003   0.1778950319E+001
    474500   0.8575832344E+003   0.1781260048E+001
    474600   0.8582835005E+003   0.2136339307E+001
    474700   0.8541703460E+003   0.1782428653E+001
    474800   0.8554921003E+003   0.1781974784E+001
    474900   0.8504555569E+003   0.1783713059E+001
    475000   0.8496097928E+003   0.1784007316E+001
    475100   0.8608592706E+003   0.2135295026E+001
    475200   0.8507219072E+003   0.1783620532E+001
    475300   0.8627099043E+003   0.1779524835E+001
    475400   0.8651118488E+003   0.1423561447E+001
    475500   0.8648907060E+003   0.1423620746E+001
    475600   0.8646525960E+003   0.1423684634E+001
    475700   0.8701240185E+003   0.1422226843E+001
    475800   0.8607244726E+003   0.1424744535E+001
    475900   0.8702737788E+003   0.1422187240E+001
    476000   0.8691429593E+003   0.1422486664E+001
    476100   0.8606574095E+003   0.7129715030E+000
    476200   0.8566787603E+003   0.7135177857E+000
    476300   0.8642592790E+003   0.1068282667E+001
    476400   0.8612445228E+003   0.1068894696E+001
    476500   0.8654604248E+003   0.1423468049E+001
    476600   0.8644159742E+003   0.1423748163E+001
    476700   0.8798166687E+003   0.1419695980E+001
    476800   0.8657022153E+003   0.1778523074E+001
    476900   0.8685450702E+003   0.1422645342E+001
    477000   0.8677911589E+003   0.1422845791E+001
    477100   0.8559890064E+003   0.1781804576E+001
    477200   0.8560946701E+003   0.1426008313E+001
    477300   0.8515051876E+003   0.1427276899E+001
    477400   0.8631153776E+003   0.1779388618E+001
    477500   0.8649643255E+003   0.1423601001E+001
    477600   0.8612654539E+003   0.1068890429E+001
    477700   0.8676850898E+003   0.1067593192E+001
    477800   0.8569171290E+003   0.1069781975E+001
    477900   0.8621404655E+003   0.7127693764E+000
    478000   0.8533125394E+003   0.1070529064E+001
    478100   0.8621378256E+003   0.7127697355E+000
    478200   0.8615122990E+003   0.7128548907E+000
    478300   0.8737187154E+003   0.1066394142E+001
    478400   0.8510191482E+003   0.7143051414E+000
    478500   0.8480716017E+003   0.7147200588E+000
    478600   0.8679259093E+003   0.7119885561E+000
    478700   0.8598531000E+003   0.3566886333E+000
    478800   0.8544409873E+003   0.7138276469E+000
    478900   0.8600506103E+003   0.3566750759E+000
    479000   0.8519085263E+003   0.7141806042E+000
    479100   0.8640562270E+003   0.7125094717E+000
    479200   0.8612242097E+003   0.7128941578E+000
    479300   0.8482978056E+003   0.7146880975E+000
    479400   0.8543046964E+003   0.1070322696E+001
    479500   0.8657303555E+003   0.1423395784E+001
    479600   0.8659694250E+003   0.1067937691E+001
    479700   0.8545627095E+003   0.1070269121E+001
    479800   0.8680317239E+003   0.1067523781E+001
    479900   0.8588328903E+003   0.1069387887E+001
    480000   0.8603413431E+003   0.1069079023E+001
    480100   0.8545258377E+003   0.1426440170E+001
    480200   0.8469214418E+003   0.1428559915E+001
    480300   0.8529851743E+003   0.1426866076E+001
    480400   0.8538433257E+003   0.1426628625E+001
    480500   0.8589141920E+003   0.1425236791E+001
    480600   0.8723140060E+003   0.1066671576E+001
    480700   0.8700002113E+003   0.7117115431E+000
    480800   0.8681306829E+003   0.7119611411E+000
    480900   0.8605167188E+003   0.1069043196E+001
    481000   0.8668594919E+003   0.7121315713E+000
    481100   0.8604442433E+003   0.7130006223E+000
    481200   0.8618441963E+003   0.3565522929E+000
    481300   0.8597563448E+003   0.1069198655E+001
    481400   0.8667031496E+003   0.1067790168E+001
    481500   0.8518055174E+003   0.1070843596E+001
    481600   0.8688455050E+003   0.1067361081E+001
    481700   0.8637307704E+003   0.1068389600E+001
    481800   0.8706405562E+003   0.1067003445E+001
    481900   0.8511435760E+003   0.1070982161E+001
    482000   0.8651919320E+003   0.1068094333E+001
    482100   0.8530179102E+003   0.1070590454E+001
    482200   0.8632735211E+003   0.1068482239E+001
    482300   0.8606922448E+003   0.1069007355E+001
    482400   0.8539588378E+003   0.1070394571E+001
    482500   0.8559810481E+003   0.1069975283E+001
    482600   0.8611310168E+003   0.1424634318E+001
    482700   0.8636518196E+003   0.1068405588E+001
    482800   0.8541781443E+003   0.1426536131E+001
    482900   0.8617142598E+003   0.1068799006E+001
    483000   0.8531753646E+003   0.1070557640E+001
    483100   0.8549521139E+003   0.1070188335E+001
    483200   0.8641179136E+003   0.1068311254E+001
    483300   0.8666924289E+003   0.7121540129E+000
    483400   0.8629025928E+003   0.7126658203E+000
    483500   0.8540347060E+003   0.7138841072E+000
    483600   0.8734367146E+003   0.7112559796E+000
    483700   0.8557408085E+003   0.1070024974E+001
    483800   0.8576520924E+003   0.1069630545E+001
    483900   0.8536674867E+003   0.7139351931E+000
    484000   0.8657526779E+003   0.7122804376E+000
    484100   0.8576539587E+003   0.7133833410E+000
    484200   0.8609233799E+003   0.7129351941E+000
    484300   0.8579831193E+003   0.7133380420E+000
    484400   0.8632593287E+003   0.7126174210E+000
    484500   0.8563413031E+003   0.7135643920E+000
    484600   0.8544743185E+003   0.7138230177E+000
    484700   0.8746709243E+003   0.3556912758E+000
    484800   0.8793868633E+003   0.7104769653E+000
    484900   0.8516652984E+003   0.7142146326E+000
    485000   0.8578419726E+003   0.7133574616E+000
    485100   0.8657961221E+003   0.1067972578E+001
    485200   0.8509748615E+003   0.1071017518E+001
    485300   0.8558850087E+003   0.1426065920E+001
    485400   0.8562201889E+003   0.1069925852E+001
    485500   0.8667779982E+003   0.1423115806E+001
    485600   0.8516312910E+003   0.1070880042E+001
    485700   0.8628868585E+003   0.1424159683E+001
    485800   0.8560174614E+003   0.1069967754E+001
    485900   0.8577257375E+003   0.1069615388E+001
    486000   0.8499777824E+003   0.7144513476E+000
    486100   0.8551781805E+003   0.3570116596E+000
    486200   0.8638276670E+003   0.7125404092E+000
    486300   0.8622242391E+003   0.7127579830E+000
    486400   0.8573883303E+003   0.7134199262E+000
    486500   0.8766401408E+003   0.7108350497E+000
    486600   0.8667007802E+003   0.3562227964E+000
    486700   0.8570654463E+003   0.7134644329E+000
    486800   0.8597296244E+003   0.3566971126E+000
    486900   0.8499778454E+003   0.3573758661E+000
    487000   0.8560209845E+003   0.3569531197E+000
    487100   0.8511062163E+003   0.3572963990E+000
    487200   0.8680065166E+003   0.3561349402E+000
    487300   0.8642968962E+003   0.3563853497E+000
    487400   0.8631035665E+003   0.3564664358E+000
    487500   0.8644268488E+003   0.7124593456E+000
    487600   0.8506528139E+003   0.7143565266E+000
    487700   0.8631384593E+003   0.7126338145E+000
    487800   0.8619439570E+003   0.7127961122E+000
    487900   0.8475306678E+003   0.3575490614E+000
    488000   0.8668839454E+003   0.7121282873E+000
    488100   0.8609126978E+003   0.3566159858E+000
    488200   0.8645361639E+003   0.3563691230E+000
    488300   0.8479960520E+003   0.7147307380E+000
    488400   0.8629092941E+003   0.3564796612E+000
    488500   0.8812937249E+003   0.0000000000E+000
    488600   0.8611469311E+003   0.3565999546E+000
    488700   0.8642393444E+003   0.0000000000E+000
    488800   0.8583485954E+003   0.0000000000E+000
    488900   0.8679237283E+003   0.3561405015E+000
    489000   0.8755465878E+003   0.3556335644E+000
    489100   0.8698889482E+003   0.0000000000E+000
    489200   0.8628221803E+003   0.3564855938E+000
    489300   0.8590222630E+003   0.3567457428E+000
    489400   0.8652237267E+003   0.0000000000E+000
    489500   0.8549940663E+003   0.3570244658E+000
    489600   0.8654823264E+003   0.3563050582E+000
    489700   0.8642392444E+003   0.0000000000E+000
    489800   0.8668217927E+003   0.3562146412E+000
    489900   0.8590430722E+003   0.0000000000E+000
    490000   0.8768289678E+003   0.0000000000E+000
    490100   0.8760203121E+003   0.0000000000E+000
    490200   0.8637437323E+003   0.3564229044E+000
    490300   0.8540309869E+003   0.3570915586E+000
    490400   0.8618719110E+003   0.3565504003E+000
    490500   0.8494643332E+003   0.3574121125E+000
    490600   0.8563830873E+003   0.3569280098E+000
    490700   0.8639944290E+003   0.3564058775E+000
    490800   0.8575225285E+003   0.3568491572E+000
    490900   0.8598359014E+003   0.1069182375E+001
    491000   0.8575353268E+003   0.7133996770E+000
    491100   0.8678318195E+003   0.3561466768E+000
    491200   0.8542389971E+003   0.3570770527E+000
    491300   0.8662438133E+003   0.7122143253E+000
    491400   0.8660180054E+003   0.3562688596E+000
    491500   0.8705146051E+003   0.3559670439E+000
    491600   0.8612872557E+003   0.7128855619E+000
    491700   0.8604207222E+003   0.7130038364E+000
    491800   0.8539486263E+003   0.7138960776E+000
    491900   0.8633308020E+003   0.7126077296E+000
    492000   0.8653977153E+003   0.7123282739E+000
    492100   0.8681295925E+003   0.7119612870E+000
    492200   0.8471412149E+003   0.1071825366E+001
    492300   0.8595722381E+003   0.7131199166E+000
    492400   0.8603628982E+003   0.1069074619E+001
    492500   0.8616066644E+003   0.1068820913E+001
    492600   0.8598336132E+003   0.7130841297E+000
    492700   0.8578892334E+003   0.7133509584E+000
    492800   0.8576117321E+003   0.1069638853E+001
    492900   0.8596738582E+003   0.7131060000E+000
    493000   0.8631194814E+003   0.7126363889E+000
    493100   0.8528081081E+003   0.1070634200E+001
    493200   0.8518208134E+003   0.7141928729E+000
    493300   0.8509618858E+003   0.7143131701E+000
    493400   0.8548827303E+003   0.7137663295E+000
    493500   0.8592011429E+003   0.7131707697E+000
    493600   0.8588678123E+003   0.3567563735E+000
    493700   0.8543568745E+003   0.3570688359E+000
    493800   0.8544487062E+003   0.7138265748E+000
    493900   0.8568841352E+003   0.3568933057E+000
    494000   0.8543204892E+003   0.3570713719E+000
    494100   0.8624523056E+003   0.0000000000E+000
    494200   0.8697704684E+003   0.0000000000E+000
    494300   0.8588006656E+003   0.0000000000E+000
    494400   0.8533936788E+003   0.0000000000E+000
    494500   0.8447069862E+003   0.3577503610E+000
    494600   0.8631801398E+003   0.3564612248E+000
    494700   0.8645363446E+003   0.7124445460E+000
    494800   0.8594694988E+003   0.3567149850E+000
    494900   0.8695243411E+003   0.7117749575E+000
    495000   0.8519849254E+003   0.7141699204E+000
    495100   0.8627834438E+003   0.3564882324E+000
    495200   0.8606032870E+003   0.3566371779E+000
    495300   0.8684321686E+003   0.3561063667E+000
    495400   0.8783595529E+003   0.7106105892E+000
    495500   0.8740849167E+003   0.3557299723E+000
    495600   0.8572312745E+003   0.7134415701E+000
    495700   0.8488831398E+003   0.7146054854E+000
    495800   0.8632501181E+003   0.3564564636E+000
    495900   0.8653917771E+003   0.3563111823E+000
    496000   0.8618202276E+003   0.7128129533E+000
    496100   0.8659971254E+003   0.3562702696E+000
    496200   0.8584775959E+003   0.7132700683E+000
    496300   0.8564105383E+003   0.3569261073E+000
    496400   0.8623205210E+003   0.3565197853E+000
    496500   0.8505601108E+003   0.3573348285E+000
    496600   0.8389353272E+003   0.0000000000E+000
    496700   0.8645364006E+003   0.3563691070E+000
    496800   0.8563279431E+003   0.3569318322E+000
    496900   0.8525848489E+003   0.3571926359E+000
    497000   0.8569151830E+003   0.3568911568E+000
    497100   0.8534009603E+003   0.7139723031E+000
    497200   0.8669954314E+003   0.3562029440E+000
    497300   0.8676332518E+003   0.3561600239E+000
    497400   0.8621314155E+003   0.7127706074E+000
    497500   0.8589530017E+003   0.7132048023E+000
    497600   0.8632155331E+003   0.7126233604E+000
    497700   0.8510830087E+003   0.3572980309E+000
    497800   0.8632158822E+003   0.7126233130E+000
    497900   0.8528967079E+003   0.7140425872E+000
    498000   0.8693245141E+003   0.3560465704E+000
    498100   0.8549776692E+003   0.3570256066E+000
    498200   0.8528147529E+003   0.7140540195E+000
    498300   0.8532754444E+003   0.7139897888E+000
    498400   0.8742747914E+003   0.3557174275E+000
    498500   0.8656773500E+003   0.7122905853E+000
    498600   0.8677303826E+003   0.7120147472E+000
    498700   0.8724633930E+003   0.3558373632E+000
    498800   0.8647725178E+003   0.7124126393E+000
    498900   0.8557745807E+003   0.3569702206E+000
    499000   0.8612083261E+003   0.3565957543E+000
    499100   0.8659466300E+003   0.3562736798E+000
    499200   0.8633628710E+003   0.3564487940E+000
    499300   0.8497135854E+003   0.7144885070E+000
    499400   0.8581286916E+003   0.7133180213E+000
    499500   0.8662789270E+003   0.3562512466E+000
    499600   0.8676251980E+003   0.0000000000E+000
    499700   0.8619897177E+003   0.3565423571E+000
    499800   0.8592133328E+003   0.3567325978E+000
    499900   0.8677584610E+003   0.0000000000E+000
    500000   0.8568695091E+003   0.0000000000E+000
    500100   0.8486630615E+003   0.3574687729E+000
    500200   0.8457546086E+003   0.3576754929E+000
    500300   0.8392465542E+003   0.3581441305E+000
    500400   0.8539260835E+003   0.0000000000E+000
    500500   0.8500161338E+003   0.3573731655E+000
    500600   0.8571810800E+003   0.7134484894E+000
    500700   0.8619899120E+003   0.7127898585E+000
    500800   0.8508814559E+003   0.7143244492E+000
    500900   0.8661025326E+003   0.3562631524E+000
    501000   0.8499816309E+003   0.3573755990E+000
    501100   0.8573974779E+003   0.3568577991E+000
    501200   0.8590965662E+003   0.3567406302E+000
    501300   0.8677312071E+003   0.3561534388E+000
    501400   0.8606742611E+003   0.3566323152E+000
    501500   0.8576246160E+003   0.3568421043E+000
    501600   0.8539040787E+003   0.3571004128E+000
    501700   0.8551642371E+003   0.3570126292E+000
    501800   0.8585293362E+003   0.3567796862E+000
    501900   0.8574958568E+003   0.7134051133E+000
    502000   0.8618473414E+003   0.3565520781E+000
    502100   0.8504479084E+003   0.3573427313E+000
    502200   0.8512958933E+003   0.3572830648E+000
    502300   0.8456518890E+003   0.0000000000E+000
    502400   0.8505321018E+003   0.0000000000E+000
    502500   0.8616617478E+003   0.7128345326E+000
    502600   0.8488475743E+003   0.7146105012E+000
    502700   0.8658117875E+003   0.1067969424E+001
    502800   0.8562686411E+003   0.1069915840E+001
    502900   0.8700796749E+003   0.7117009617E+000
    503000   0.8583047779E+003   0.7132938145E+000
    503100   0.8550385832E+003   0.1070170407E+001
    503200   0.8697111844E+003   0.7117500492E+000
    503300   0.8602020414E+003   0.3566646864E+000
    503400   0.8531674496E+003   0.3571518671E+000
    503500   0.8649793656E+003   0.1068137215E+001
    503600   0.8575257663E+003   0.1069656551E+001
    503700   0.8656628970E+003   0.7122925326E+000
    503800   0.8654292773E+003   0.7123240186E+000
    503900   0.8700080136E+003   0.7117105041E+000
    504000   0.8745037272E+003   0.7111153763E+000
    504100   0.8804206732E+003   0.1065084625E+001
    504200   0.8585563156E+003   0.1069444654E+001
    504300   0.8529619244E+003   0.7140334917E+000
    504400   0.8558766403E+003   0.7136286369E+000
    504500   0.8397646761E+003   0.7159077302E+000
    504600   0.8721544711E+003   0.0000000000E+000
    504700   0.8676243403E+003   0.0000000000E+000
    504800   0.8501449733E+003   0.0000000000E+000
    504900   0.8636944249E+003   0.0000000000E+000
    505000   0.8596483173E+003   0.0000000000E+000
    505100   0.8575736255E+003   0.3568456268E+000
    505200   0.8644825705E+003   0.3563727567E+000
    505300   0.8650216384E+003   0.7123790055E+000
    505400   0.8812932080E+003   0.7102299618E+000
    505500   0.8756493723E+003   0.3556267990E+000
    505600   0.8766508176E+003   0.3555609799E+000
    505700   0.8689898995E+003   0.0000000000E+000
    505800   0.8682214362E+003   0.3561205089E+000
    505900   0.8532461499E+003   0.3571463649E+000
    506000   0.8744293197E+003   0.0000000000E+000
    506100   0.8682640049E+003   0.0000000000E+000
    506200   0.8671691518E+003   0.3561912467E+000
    506300   0.8621154678E+003   0.3565337744E+000
    506400   0.8574204269E+003   0.0000000000E+000
    506500   0.8468870247E+003   0.3575948085E+000
    506600   0.8549166414E+003   0.0000000000E+000
    506700   0.8660931969E+003   0.3562637827E+000
    506800   0.8661394280E+003   0.0000000000E+000
    506900   0.8646844352E+003   0.3563590728E+000
    507000   0.8514363255E+003   0.0000000000E+000
    507100   0.8689211898E+003   0.3560735796E+000
    507200   0.8679677471E+003   0.0000000000E+000
    507300   0.8526915541E+003   0.0000000000E+000
    507400   0.8566036452E+003   0.0000000000E+000
    507500   0.8600408505E+003   0.0000000000E+000
    507600   0.8584458950E+003   0.0000000000E+000
    507700   0.8615416780E+003   0.0000000000E+000
    507800   0.8656650679E+003   0.0000000000E+000
    507900   0.8594995108E+003   0.0000000000E+000
    508000   0.8532495127E+003   0.0000000000E+000
    508100   0.8721065763E+003   0.0000000000E+000
    508200   0.8609194680E+003   0.0000000000E+000
    508300   0.8636496024E+003   0.0000000000E+000
    508400   0.8461407817E+003   0.0000000000E+000
    508500   0.8675355957E+003   0.0000000000E+000
    508600   0.8486203248E+003   0.0000000000E+000
    508700   0.8657034995E+003   0.3562901061E+000
    508800   0.8596052743E+003   0.3567056547E+000
    508900   0.8532198089E+003   0.3571482063E+000
    509000   0.8468715565E+003   0.3575959089E+000
    509100   0.8485660068E+003   0.0000000000E+000
    509200   0.8524276383E+003   0.0000000000E+000
    509300   0.8594356937E+003   0.3567173086E+000
    509400   0.8527599353E+003   0.0000000000E+000
    509500   0.8545344883E+003   0.0000000000E+000
    509600   0.8374854526E+003   0.3582724113E+000
    509700   0.8553526717E+003   0.0000000000E+000
    509800   0.8540226395E+003   0.0000000000E+000
    509900   0.8611012434E+003   0.3566030807E+000
    510000   0.8500134531E+003   0.3573733546E+000
    510100   0.8682289612E+003   0.3561200037E+000
    510200   0.8576594928E+003   0.3568396953E+000
    510300   0.8510103375E+003   0.3573031418E+000
    510400   0.8583673006E+003   0.3567908540E+000
    510500   0.8640713818E+003   0.0000000000E+000
    510600   0.8649625867E+003   0.3563402297E+000
    510700   0.8693061237E+003   0.0000000000E+000
    510800   0.8620697950E+003   0.3565368913E+000
    510900   0.8543540374E+003   0.3570690337E+000
    511000   0.8542868602E+003   0.7138490583E+000
    511100   0.8603361274E+003   0.7130153978E+000
    511200   0.8676553345E+003   0.0000000000E+000
    511300   0.8655050134E+003   0.0000000000E+000
    511400   0.8753062700E+003   0.0000000000E+000
    511500   0.8619288609E+003   0.0000000000E+000
    511600   0.8624347963E+003   0.0000000000E+000
    511700   0.8598419693E+003   0.0000000000E+000
    511800   0.8763392359E+003   0.0000000000E+000
    511900   0.8771958884E+003   0.0000000000E+000
    512000   0.8750956180E+003   0.0000000000E+000
    512100   0.8657759760E+003   0.3562852083E+000
    512200   0.8528601127E+003   0.3571733656E+000
    512300   0.8574447920E+003   0.3568545290E+000
    512400   0.8543266041E+003   0.7138435362E+000
    512500   0.8588997237E+003   0.3567541767E+000
    512600   0.8719326395E+003   0.0000000000E+000
    512700   0.8705163703E+003   0.0000000000E+000
    512800   0.8699207693E+003   0.0000000000E+000
    512900   0.8509147691E+003   0.0000000000E+000
    513000   0.8466273153E+003   0.0000000000E+000
    513100   0.8617319472E+003   0.7128249728E+000
    513200   0.8654142037E+003   0.1068049518E+001
    513300   0.8701430501E+003   0.1067102393E+001
    513400   0.8662838563E+003   0.1423247765E+001
    513500   0.8593578351E+003   0.1069280259E+001
    513600   0.8541140803E+003   0.1070362300E+001
    513700   0.8508389688E+003   0.7143304084E+000
    513800   0.8706692418E+003   0.7116225247E+000
    513900   0.8514900906E+003   0.7142391588E+000
    514000   0.8594811257E+003   0.7131323974E+000
    514100   0.8549666124E+003   0.1070185328E+001
    514200   0.8525833782E+003   0.1070681086E+001
    514300   0.8447978403E+003   0.1072323392E+001
    514400   0.8550985153E+003   0.1070157984E+001
    514500   0.8685961822E+003   0.1067410891E+001
    514600   0.8628121432E+003   0.1424179834E+001
    514700   0.8690084374E+003   0.1067328548E+001
    514800   0.8566963238E+003   0.1069827529E+001
    514900   0.8640380285E+003   0.1423849719E+001
    515000   0.8537861049E+003   0.1426644440E+001
    515100   0.8575049098E+003   0.1425621682E+001
    515200   0.8594208092E+003   0.1780635318E+001
    515300   0.8598199361E+003   0.1780500035E+001
    515400   0.8607656410E+003   0.1780180075E+001
    515500   0.8543167695E+003   0.1782378293E+001
    515600   0.8423914978E+003   0.1786546764E+001
    515700   0.8650779017E+003   0.1778731416E+001
    515800   0.8680942364E+003   0.1777728048E+001
    515900   0.8655425555E+003   0.1778576321E+001
    516000   0.8551426380E+003   0.2137622600E+001
    516100   0.8530686825E+003   0.1782808199E+001
    516200   0.8649270046E+003   0.1778781824E+001
    516300   0.8597769044E+003   0.1780514614E+001
    516400   0.8557147357E+003   0.1781898495E+001
    516500   0.8622654506E+003   0.1424327403E+001
    516600   0.8759647602E+003   0.1065952688E+001
    516700   0.8654273409E+003   0.1068046870E+001
    516800   0.8701897500E+003   0.1067093100E+001
    516900   0.8686744267E+003   0.1422610990E+001
    517000   0.8601835993E+003   0.1069111263E+001
    517100   0.8696699999E+003   0.1422346999E+001
    517200   0.8691422873E+003   0.7118259282E+000
    517300   0.8676525703E+003   0.1067599707E+001
    517400   0.8679782361E+003   0.7119815492E+000
    517500   0.8718861576E+003   0.7114610139E+000
    517600   0.8516306270E+003   0.1070880181E+001
    517700   0.8455335530E+003   0.7150800404E+000
    517800   0.8626202018E+003   0.7127041661E+000
    517900   0.8550336188E+003   0.7137454019E+000
    518000   0.8764169646E+003   0.7108642592E+000
    518100   0.8709563444E+003   0.7115843727E+000
    518200   0.8631392754E+003   0.1424091635E+001
    518300   0.8617335245E+003   0.1068795084E+001
    518400   0.8806058687E+003   0.1065048768E+001
    518500   0.8718385332E+003   0.1066765718E+001
    518600   0.8605948810E+003   0.1069027234E+001
    518700   0.8527710282E+003   0.1426925417E+001
    518800   0.8464497801E+003   0.1071971978E+001
    518900   0.8597096201E+003   0.1425020199E+001
    519000   0.8581106478E+003   0.3568085531E+000
    519100   0.8713921235E+003   0.3559085666E+000
    519200   0.8748734427E+003   0.3556779167E+000
    519300   0.8566518456E+003   0.3569093889E+000
    519400   0.8580066235E+003   0.3568157303E+000
    519500   0.8609345334E+003   0.3566144910E+000
    519600   0.8504272293E+003   0.7143881947E+000
    519700   0.8554829935E+003   0.3569904722E+000
    519800   0.8499751587E+003   0.1071227362E+001
    519900   0.8646732137E+003   0.1068199021E+001
    520000   0.8557827439E+003   0.7136416290E+000
    520100   0.8632201517E+003   0.7126227340E+000
    520200   0.8555639929E+003   0.1426154187E+001
    520300   0.8680114204E+003   0.1422787186E+001
    520400   0.8676058834E+003   0.1067609061E+001
    520500   0.8690123795E+003   0.1067327761E+001
    520600   0.8638962054E+003   0.1068356111E+001
    520700   0.8663659157E+003   0.7121979025E+000
    520800   0.8765284603E+003   0.3555690124E+000
    520900   0.8559158302E+003   0.3569604162E+000
    521000   0.8721878343E+003   0.3558556591E+000
    521100   0.8568948554E+003   0.3568925637E+000
    521200   0.8595395995E+003   0.7131243872E+000
    521300   0.8581887672E+003   0.3568031646E+000
    521400   0.8737823868E+003   0.3557499732E+000
    521500   0.8739904883E+003   0.7111829574E+000
    521600   0.8560757662E+003   0.7136010955E+000
    521700   0.8677341723E+003   0.1067583359E+001
    521800   0.8654914131E+003   0.7123156423E+000
    521900   0.8695839390E+003   0.7117670110E+000
    522000   0.8565729927E+003   0.7135323887E+000
    522100   0.8555716165E+003   0.3569843154E+000
    522200   0.8528173596E+003   0.3571763576E+000
    522300   0.8617977816E+003   0.1068782005E+001
    522400   0.8603459358E+003   0.7130140571E+000
    522500   0.8529270687E+003   0.7140383527E+000
    522600   0.8657310112E+003   0.7122833562E+000
    522700   0.8624064681E+003   0.3565139241E+000
    522800   0.8671456055E+003   0.3561928319E+000
    522900   0.8716540570E+003   0.7114917782E+000
    523000   0.8577599477E+003   0.1069608348E+001
    523100   0.8526920886E+003   0.7140711353E+000
    523200   0.8602254916E+003   0.7130305221E+000
    523300   0.8610837979E+003   0.7129133073E+000
    523400   0.8586349662E+003   0.7132484544E+000
    523500   0.8793411988E+003   0.7104828973E+000
    523600   0.8690245999E+003   0.7118416397E+000
    523700   0.8614874779E+003   0.7128582726E+000
    523800   0.8600510714E+003   0.7130543751E+000
    523900   0.8629693407E+003   0.1068543929E+001
    524000   0.8748541190E+003   0.7110692911E+000
    524100   0.8757117913E+003   0.7109566666E+000
    524200   0.8621058379E+003   0.1068719331E+001
    524300   0.8719224199E+003   0.7114562092E+000
    524400   0.8727477161E+003   0.7113469832E+000
    524500   0.8571707490E+003   0.1069729686E+001
    524600   0.8635655782E+003   0.7125759085E+000
    524700   0.8583549185E+003   0.7132869238E+000
    524800   0.8509838212E+003   0.7143100944E+000
    524900   0.8630186490E+003   0.7126500695E+000
    525000   0.8671115436E+003   0.1067708181E+001
    525100   0.8532738602E+003   0.1070537120E+001
    525200   0.8560654912E+003   0.1426016328E+001
    525300   0.8620867349E+003   0.1068723216E+001
    525400   0.8624407928E+003   0.1068651243E+001
    525500   0.8668001699E+003   0.1423109889E+001
    525600   0.8592491583E+003   0.1425145524E+001
    525700   0.8711889236E+003   0.1066894532E+001
    525800   0.8706763019E+003   0.1066996340E+001
    525900   0.8640454005E+003   0.7125109367E+000
    526000   0.8473240804E+003   0.3575637358E+000
    526100   0.8517750542E+003   0.7141992746E+000
    526200   0.8554331948E+003   0.3569939325E+000
    526300   0.8684863484E+003   0.3561027321E+000
    526400   0.8581412905E+003   0.1069529919E+001
    526500   0.8551956238E+003   0.3570104467E+000
    526600   0.8451219447E+003   0.3577206801E+000
    526700   0.8487922286E+003   0.3574596306E+000
    526800   0.8592314992E+003   0.3567313484E+000
    526900   0.8613248057E+003   0.3565877874E+000
    527000   0.8503639955E+003   0.3573486432E+000
    527100   0.8725357509E+003   0.3558325611E+000
    527200   0.8518834405E+003   0.3572418048E+000
    527300   0.8620399874E+003   0.3565389257E+000
    527400   0.8623818339E+003   0.1068663224E+001
    527500   0.8701030061E+003   0.1067110363E+001
    527600   0.8499092611E+003   0.1071241214E+001
    527700   0.8748959830E+003   0.7110637878E+000
    527800   0.8545414747E+003   0.7138136919E+000
    527900   0.8662336572E+003   0.7122156916E+000
    528000   0.8658210808E+003   0.7122712246E+000
    528100   0.8503759150E+003   0.3573478033E+000
    528200   0.8653256976E+003   0.3563156523E+000
    528300   0.8603371984E+003   0.3566554170E+000
    528400   0.8724389618E+003   0.3558389848E+000
    528500   0.8691823155E+003   0.3560560896E+000
    528600   0.8438339303E+003   0.3578129197E+000
    528700   0.8525306604E+003   0.7140936687E+000
    528800   0.8568619002E+003   0.3568948448E+000
    528900   0.8534277100E+003   0.3571336758E+000
    529000   0.8573462641E+003   0.7134257225E+000
    529100   0.8642268934E+003   0.7124863831E+000
    529200   0.8587163284E+003   0.7132372834E+000
    529300   0.8636542528E+003   0.1068405095E+001
    529400   0.8582362155E+003   0.3567998922E+000
    529500   0.8598130751E+003   0.0000000000E+000
    529600   0.8627271293E+003   0.3564920687E+000
    529700   0.8698527903E+003   0.0000000000E+000
    529800   0.8613882988E+003   0.3565834457E+000
    529900   0.8576297807E+003   0.3568417476E+000
    530000   0.8679962933E+003   0.7119791314E+000
    530100   0.8598144306E+003   0.3566912885E+000
    530200   0.8675462692E+003   0.7120394220E+000
    530300   0.8638017111E+003   0.7125439237E+000
    530400   0.8657100623E+003   0.1067989909E+001
    530500   0.8558695948E+003   0.1069998332E+001
    530600   0.8582341438E+003   0.1425422336E+001
    530700   0.8689363644E+003   0.1067342937E+001
    530800   0.8666089454E+003   0.1067809092E+001
    530900   0.8573626947E+003   0.1425660605E+001
    531000   0.8693735047E+003   0.1067255707E+001
    531100   0.8682433460E+003   0.7119460642E+000
    531200   0.8714865134E+003   0.1066835494E+001
    531300   0.8646010020E+003   0.7124358088E+000
    531400   0.8599811906E+003   0.1069152652E+001
    531500   0.8552400849E+003   0.1070128647E+001
    531600   0.8561943381E+003   0.1425980939E+001
    531700   0.8602307890E+003   0.1069101617E+001
    531800   0.8640954507E+003   0.7125041644E+000
    531900   0.8754429711E+003   0.1066055010E+001
    532000   0.8544507335E+003   0.7138262932E+000
    532100   0.8493593953E+003   0.1071356901E+001
    532200   0.8664692002E+003   0.7121840150E+000
    532300   0.8548809758E+003   0.1070203087E+001
    532400   0.8516773856E+003   0.7142129410E+000
    532500   0.8559129796E+003   0.1069989359E+001
    532600   0.8454093696E+003   0.7150977186E+000
    532700   0.8594783382E+003   0.7131327793E+000
    532800   0.8649668724E+003   0.7123863975E+000
    532900   0.8544287134E+003   0.3570638297E+000
    533000   0.8556499947E+003   0.3569788715E+000
    533100   0.8624033495E+003   0.7127336323E+000
    533200   0.8590616465E+003   0.3567430328E+000
    533300   0.8542637710E+003   0.7138522667E+000
    533400   0.8601918675E+003   0.7130351195E+000
    533500   0.8733462511E+003   0.3557788354E+000
    533600   0.8709981106E+003   0.0000000000E+000
    533700   0.8758075617E+003   0.0000000000E+000
    533800   0.8564266111E+003   0.0000000000E+000
    533900   0.8656889499E+003   0.3562910894E+000
    534000   0.8577033606E+003   0.3568366655E+000
    534100   0.8503773657E+003   0.7143951973E+000
    534200   0.8714952766E+003   0.7115128350E+000
    534300   0.8533047692E+003   0.7139857030E+000
    534400   0.8651398742E+003   0.7123630503E+000
    534500   0.8748983434E+003   0.7110634775E+000
    534600   0.8735838710E+003   0.7112365646E+000
    534700   0.8670895715E+003   0.7121006811E+000
    534800   0.8619404428E+003   0.1068752974E+001
    534900   0.8561514305E+003   0.1069940061E+001
    535000   0.8613509395E+003   0.1424574745E+001
    535100   0.8462569669E+003   0.1072012912E+001
    535200   0.8499033627E+003   0.7144618121E+000
    535300   0.8495868068E+003   0.1071309034E+001
    535400   0.8638297744E+003   0.7125401238E+000
    535500   0.8502341118E+003   0.7144153206E+000
    535600   0.8722538554E+003   0.7114123156E+000
    535700   0.8596958577E+003   0.7131029877E+000
    535800   0.8631223104E+003   0.7126360051E+000
    535900   0.8595283587E+003   0.7131259269E+000
    536000   0.8536593910E+003   0.1070456855E+001
    536100   0.8659238560E+003   0.1067946863E+001
    536200   0.8698856845E+003   0.1067153632E+001
    536300   0.8634266856E+003   0.1068451195E+001
    536400   0.8506635623E+003   0.1071082800E+001
    536500   0.8495379855E+003   0.1071319308E+001
    536600   0.8522934138E+003   0.1427057892E+001
    536700   0.8601440190E+003   0.1424902111E+001
    536800   0.8647584218E+003   0.1423656234E+001
    536900   0.8560257304E+003   0.1426027251E+001
    537000   0.8518946828E+003   0.1427168620E+001
    537100   0.8661054404E+003   0.1778388698E+001
    537200   0.8509039356E+003   0.1427444275E+001
    537300   0.8537617043E+003   0.1782569305E+001
    537400   0.8556597485E+003   0.1781917332E+001
    537500   0.8459630337E+003   0.1785283952E+001
    537600   0.8487386405E+003   0.1428049337E+001
    537700   0.8569663699E+003   0.1069771820E+001
    537800   0.8626268494E+003   0.1068613450E+001
    537900   0.8689521557E+003   0.1067339785E+001
    538000   0.8561941666E+003   0.1425980986E+001
    538100   0.8472342920E+003   0.1071805651E+001
    538200   0.8454925435E+003   0.1072175414E+001
    538300   0.8608380679E+003   0.1068977592E+001
    538400   0.8531430238E+003   0.1426822357E+001
    538500   0.8608556664E+003   0.1424708954E+001
    538600   0.8518094359E+003   0.1783243437E+001
    538700   0.8559744427E+003   0.1426041343E+001
    538800   0.8635129563E+003   0.1423990981E+001
    538900   0.8513464670E+003   0.1783403832E+001
    539000   0.8603883858E+003   0.1780307614E+001
    539100   0.8740462226E+003   0.1421194860E+001
    539200   0.8802532110E+003   0.1419583515E+001
    539300   0.8712871980E+003   0.1421919669E+001
    539400   0.8710275665E+003   0.1421988150E+001
    539500   0.8606011494E+003   0.1424777993E+001
    539600   0.8553593914E+003   0.1070103932E+001
    539700   0.8599219271E+003   0.1069164774E+001
    539800   0.8606639107E+003   0.1424760964E+001
    539900   0.8600666344E+003   0.1069135178E+001
    540000   0.8619516238E+003   0.1068750699E+001
    540100   0.8641553556E+003   0.1068303682E+001
    540200   0.8570007913E+003   0.1069764722E+001
    540300   0.8519395603E+003   0.7141762641E+000
    540400   0.8626750537E+003   0.1068603661E+001
    540500   0.8560841824E+003   0.1069953961E+001
    540600   0.8543015784E+003   0.7138470133E+000
    540700   0.8731449130E+003   0.7112945007E+000
    540800   0.8669784445E+003   0.7121155985E+000
    540900   0.8717817790E+003   0.7114748467E+000
    541000   0.8660033268E+003   0.7122466866E+000
    541100   0.8644518878E+003   0.1068243734E+001
    541200   0.8695615094E+003   0.1067218222E+001
    541300   0.8738711271E+003   0.7111986877E+000
    541400   0.8579632569E+003   0.1069566524E+001
    541500   0.8736656002E+003   0.7112257851E+000
    541600   0.8693820859E+003   0.7117939300E+000
    541700   0.8701046385E+003   0.3559944109E+000
    541800   0.8633043852E+003   0.3564527720E+000
    541900   0.8596053864E+003   0.0000000000E+000
    542000   0.8611810885E+003   0.0000000000E+000
    542100   0.8586534428E+003   0.0000000000E+000
    542200   0.8673776810E+003   0.0000000000E+000
    542300   0.8657304974E+003   0.0000000000E+000
    542400   0.8649941170E+003   0.0000000000E+000
    542500   0.8593607595E+003   0.0000000000E+000
    542600   0.8660958898E+003   0.0000000000E+000
    542700   0.8524549449E+003   0.0000000000E+000
    542800   0.8522520942E+003   0.3572159503E+000
    542900   0.8485167387E+003   0.3574791333E+000
    543000   0.8500709733E+003   0.0000000000E+000
    543100   0.8740996100E+003   0.0000000000E+000
    543200   0.8627050799E+003   0.3564935709E+000
    543300   0.8452894869E+003   0.3577087059E+000
    543400   0.8496473112E+003   0.3573991911E+000
    543500   0.8578954623E+003   0.3568234021E+000
    543600   0.8615962001E+003   0.3565692344E+000
    543700   0.8716015445E+003   0.0000000000E+000
    543800   0.8563290335E+003   0.3569317566E+000
    543900   0.8630556520E+003   0.0000000000E+000
    544000   0.8692632198E+003   0.0000000000E+000
    544100   0.8653929431E+003   0.3563111034E+000
    544200   0.8547335426E+003   0.3570425978E+000
    544300   0.8603812633E+003   0.0000000000E+000
    544400   0.8519098172E+003   0.3572399541E+000
    544500   0.8568073018E+003   0.7135000440E+000
    544600   0.8702434177E+003   0.7116791647E+000
    544700   0.8537449548E+003   0.3571115190E+000
    544800   0.8664794905E+003   0.3562377164E+000
    544900   0.8673522487E+003   0.3561789240E+000
    545000   0.8487430447E+003   0.7146252458E+000
    545100   0.8697339907E+003   0.3560191790E+000
    545200   0.8574871170E+003   0.7134063171E+000
    545300   0.8572064495E+003   0.7134449921E+000
    545400   0.8597165846E+003   0.1069206793E+001
    545500   0.8613087912E+003   0.7128826260E+000
    545600   0.8573268144E+003   0.7134284026E+000
    545700   0.8530996948E+003   0.7140142827E+000
    545800   0.8545503798E+003   0.7138124555E+000
    545900   0.8454150271E+003   0.3576997373E+000
    546000   0.8565411696E+003   0.1069859555E+001
    546100   0.8624697503E+003   0.3565096095E+000
    546200   0.8596120190E+003   0.3567051913E+000
    546300   0.8454214414E+003   0.3576992791E+000
    546400   0.8586932946E+003   0.3567683908E+000
    546500   0.8533609660E+003   0.3571383398E+000
    546600   0.8621094769E+003   0.0000000000E+000
    546700   0.8450880499E+003   0.3577231032E+000
    546800   0.8639822659E+003   0.0000000000E+000
    546900   0.8552062693E+003   0.3570097064E+000
    547000   0.8599817301E+003   0.3566798032E+000
    547100   0.8718731793E+003   0.3558765674E+000
    547200   0.8680564938E+003   0.7119710717E+000
    547300   0.8743174379E+003   0.3557146108E+000
    547400   0.8575096148E+003   0.3568500495E+000
    547500   0.8627389139E+003   0.3564912658E+000
    547600   0.8543731411E+003   0.3570677023E+000
    547700   0.8605892335E+003   0.7129808143E+000
    547800   0.8610457592E+003   0.3566068777E+000
    547900   0.8620811830E+003   0.7127774406E+000
    548000   0.8747741517E+003   0.3556844655E+000
    548100   0.8628351070E+003   0.3564847134E+000
    548200   0.8541478302E+003   0.7138683802E+000
    548300   0.8593670334E+003   0.1069278374E+001
    548400   0.8601628400E+003   0.7130390888E+000
    548500   0.8684591698E+003   0.7119171948E+000
    548600   0.8725278418E+003   0.7113760596E+000
    548700   0.8782878448E+003   0.7106199300E+000
    548800   0.8697619374E+003   0.1067178282E+001
    548900   0.8575330835E+003   0.1069655045E+001
    549000   0.8576425994E+003   0.7133849049E+000
    549100   0.8600634203E+003   0.1069135835E+001
    549200   0.8779015945E+003   0.1065574114E+001
    549300   0.8798792911E+003   0.7104130429E+000
    549400   0.8589056617E+003   0.7132112976E+000
    549500   0.8646361840E+003   0.7124310553E+000
    549600   0.8608321602E+003   0.7129476440E+000
    549700   0.8506383329E+003   0.3573293204E+000
    549800   0.8609958092E+003   0.3566102964E+000
    549900   0.8670160723E+003   0.7121105470E+000
    550000   0.8708540433E+003   0.3559444077E+000
    550100   0.8687267668E+003   0.3560866098E+000
    550200   0.8728241030E+003   0.3558134338E+000
    550300   0.8690653118E+003   0.3560639249E+000
    550400   0.8596231484E+003   0.7131129441E+000
    550500   0.8682579480E+003   0.3561180580E+000
    550600   0.8676594167E+003   0.3561582647E+000
    550700   0.8608226464E+003   0.3566221518E+000
    550800   0.8612460714E+003   0.3565931724E+000
    550900   0.8677517047E+003   0.3561520610E+000
    551000   0.8523907358E+003   0.7141132085E+000
    551100   0.8637127551E+003   0.3564250092E+000
    551200   0.8597946237E+003   0.3566926486E+000
    551300   0.8650246862E+003   0.3563360247E+000
    551400   0.8601008757E+003   0.0000000000E+000
    551500   0.8647199016E+003   0.0000000000E+000
    551600   0.8598649008E+003   0.0000000000E+000
    551700   0.8631719364E+003   0.3564617830E+000
    551800   0.8624040007E+003   0.3565140924E+000
    551900   0.8680342297E+003   0.0000000000E+000
    552000   0.8609256539E+003   0.0000000000E+000
    552100   0.8618303114E+003   0.0000000000E+000
    552200   0.8656554739E+003   0.0000000000E+000
    552300   0.8743327282E+003   0.0000000000E+000
    552400   0.8747153578E+003   0.0000000000E+000
    552500   0.8610462397E+003   0.0000000000E+000
    552600   0.8681823880E+003   0.3561231302E+000
    552700   0.8647899902E+003   0.0000000000E+000
    552800   0.8604152930E+003   0.3566500626E+000
    552900   0.8505555725E+003   0.0000000000E+000
    553000   0.8486447800E+003   0.3574700671E+000
    553100   0.8641486898E+003   0.3563954061E+000
    553200   0.8504100860E+003   0.3573453958E+000
    553300   0.8636503739E+003   0.3564292481E+000
    553400   0.8596222167E+003   0.3567044907E+000
    553500   0.8568387257E+003   0.0000000000E+000
    553600   0.8592904877E+003   0.0000000000E+000
    553700   0.8446991704E+003   0.7151989363E+000
    553800   0.8587798470E+003   0.7132285641E+000
    553900   0.8601968959E+003   0.3566650394E+000
    554000   0.8576538588E+003   0.3568400844E+000
    554100   0.8774049459E+003   0.7107350821E+000
    554200   0.8604222641E+003   0.7130036257E+000
    554300   0.8490647822E+003   0.3574403504E+000
    554400   0.8592122638E+003   0.0000000000E+000
    554500   0.8581239597E+003   0.0000000000E+000
    554600   0.8675866815E+003   0.0000000000E+000
    554700   0.8594155547E+003   0.3567186930E+000
    554800   0.8625288769E+003   0.0000000000E+000
    554900   0.8675435905E+003   0.0000000000E+000
    555000   0.8568263993E+003   0.0000000000E+000
    555100   0.8743499206E+003   0.0000000000E+000
    555200   0.8668360930E+003   0.0000000000E+000
    555300   0.8721836474E+003   0.0000000000E+000
    555400   0.8676332311E+003   0.0000000000E+000
    555500   0.8660309264E+003   0.0000000000E+000
    555600   0.8647909968E+003   0.0000000000E+000
    555700   0.8542630690E+003   0.0000000000E+000
    555800   0.8520784952E+003   0.0000000000E+000
    555900   0.8666688434E+003   0.0000000000E+000
    556000   0.8670037912E+003   0.0000000000E+000
    556100   0.8555890330E+003   0.3569831056E+000
    556200   0.8737274181E+003   0.0000000000E+000
    556300   0.8647165648E+003   0.3563568955E+000
    556400   0.8716800428E+003   0.0000000000E+000
    556500   0.8656485043E+003   0.0000000000E+000
    556600   0.8749832312E+003   0.0000000000E+000
    556700   0.8560579392E+003   0.0000000000E+000
    556800   0.8603867307E+003   0.0000000000E+000
    556900   0.8676936973E+003   0.3561559602E+000
    557000   0.8693458629E+003   0.0000000000E+000
    557100   0.8620549530E+003   0.3565379043E+000
    557200   0.8664766841E+003   0.0000000000E+000
    557300   0.8752137027E+003   0.0000000000E+000
    557400   0.8652007826E+003   0.0000000000E+000
    557500   0.8680815006E+003   0.3561299043E+000
    557600   0.8588520997E+003   0.3567574553E+000
    557700   0.8651171367E+003   0.0000000000E+000
    557800   0.8642649128E+003   0.3563875196E+000
    557900   0.8628414586E+003   0.3564842808E+000
    558000   0.8631518307E+003   0.0000000000E+000
    558100   0.8462757863E+003   0.3576383278E+000
    558200   0.8625145753E+003   0.0000000000E+000
    558300   0.8565094570E+003   0.3569192526E+000
    558400   0.8616611051E+003   0.3565647994E+000
    558500   0.8625699989E+003   0.3565027759E+000
    558600   0.8574998706E+003   0.0000000000E+000
    558700   0.8609562005E+003   0.3566130077E+000
    558800   0.8713391671E+003   0.0000000000E+000
    558900   0.8451399466E+003   0.3577193933E+000
    559000   0.8606740152E+003   0.3566323321E+000
    559100   0.8628463842E+003   0.3564839454E+000
    559200   0.8601170543E+003   0.0000000000E+000
    559300   0.8589023125E+003   0.0000000000E+000
    559400   0.8594684576E+003   0.0000000000E+000
    559500   0.8525722882E+003   0.3571935155E+000
    559600   0.8618940132E+003   0.7128029095E+000
    559700   0.8609985705E+003   0.7129249342E+000
    559800   0.8550009737E+003   0.3570239853E+000
    559900   0.8691242381E+003   0.3560599785E+000
    560000   0.8618373376E+003   0.3565527613E+000
    560100   0.8613614774E+003   0.3565852797E+000
    560200   0.8654169069E+003   0.3563094826E+000
    560300   0.8616404797E+003   0.7128374293E+000
    560400   0.8734797411E+003   0.7112503021E+000
    560500   0.8710053618E+003   0.7115778619E+000
    560600   0.8766059925E+003   0.3555639223E+000
    560700   0.8613859604E+003   0.3565836056E+000
    560800   0.8608512737E+003   0.3566201915E+000
    560900   0.8600014894E+003   0.7130611578E+000
    561000   0.8616181509E+003   0.3565677344E+000
    561100   0.8723888351E+003   0.3558423122E+000
    561200   0.8478082729E+003   0.3575293556E+000
    561300   0.8525298119E+003   0.7140937871E+000
    561400   0.8579052155E+003   0.3568227289E+000
    561500   0.8549117088E+003   0.3570301963E+000
    561600   0.8486301738E+003   0.3574711012E+000
    561700   0.8505993546E+003   0.3573320650E+000
    561800   0.8495414444E+003   0.3574066663E+000
    561900   0.8447068734E+003   0.3577503690E+000
    562000   0.8524140962E+003   0.3572045970E+000
    562100   0.8619348446E+003   0.3565461032E+000
    562200   0.8480205137E+003   0.3575142998E+000
    562300   0.8456214442E+003   0.3576849974E+000
    562400   0.8523403132E+003   0.3572097672E+000
    562500   0.8479016774E+003   0.3575227286E+000
    562600   0.8450157470E+003   0.3577282729E+000
    562700   0.8425728154E+003   0.0000000000E+000
    562800   0.8322272335E+003   0.0000000000E+000
    562900   0.8440780428E+003   0.0000000000E+000
    563000   0.8429342121E+003   0.0000000000E+000
    563100   0.8508001309E+003   0.0000000000E+000
    563200   0.8580719129E+003   0.0000000000E+000
    563300   0.8505424415E+003   0.0000000000E+000
    563400   0.8419526482E+003   0.0000000000E+000
    563500   0.8425229170E+003   0.0000000000E+000
    563600   0.8493853188E+003   0.0000000000E+000
    563700   0.8482666138E+003   0.0000000000E+000
    563800   0.8489855967E+003   0.0000000000E+000
    563900   0.8526946004E+003   0.3571849508E+000
    564000   0.8568155138E+003   0.0000000000E+000
    564100   0.8442814840E+003   0.0000000000E+000
    564200   0.8506552367E+003   0.3573281303E+000
    564300   0.8566067834E+003   0.0000000000E+000
    564400   0.8638709839E+003   0.3564142603E+000
    564500   0.8485068227E+003   0.3574798356E+000
    564600   0.8635138666E+003   0.7125829156E+000
    564700   0.8392079004E+003   0.7159883180E+000
    564800   0.8534399681E+003   0.1070502527E+001
    564900   0.8579526926E+003   0.7133422276E+000
    565000   0.8534064881E+003   0.7139715332E+000
    565100   0.8666678249E+003   0.7121573188E+000
    565200   0.8487814972E+003   0.7146198213E+000
    565300   0.8640259223E+003   0.3564037394E+000
    565400   0.8543461785E+003   0.3570695814E+000
    565500   0.8528145361E+003   0.3571765552E+000
    565600   0.8650368182E+003   0.3563352033E+000
    565700   0.8544481867E+003   0.3570624728E+000
    565800   0.8576880916E+003   0.3568377200E+000
    565900   0.8537104100E+003   0.7139292191E+000
    566000   0.8533444723E+003   0.3571394924E+000
    566100   0.8663309198E+003   0.3562477384E+000
    566200   0.8632899127E+003   0.3564537565E+000
    566300   0.8599073468E+003   0.3566849090E+000
    566400   0.8571861653E+003   0.7134477883E+000
    566500   0.8628387714E+003   0.7126744841E+000
    566600   0.8632622745E+003   0.7126170215E+000
    566700   0.8643070355E+003   0.7124755447E+000
    566800   0.8555496516E+003   0.3569858412E+000
    566900   0.8725976973E+003   0.7113668200E+000
    567000   0.8732453891E+003   0.3557855150E+000
    567100   0.8662657360E+003   0.7122113763E+000
    567200   0.8726179626E+003   0.3558271063E+000
    567300   0.8621215731E+003   0.3565333578E+000
    567400   0.8634717684E+003   0.7125886209E+000
    567500   0.8617924356E+003   0.7128167369E+000
    567600   0.8740761758E+003   0.7111716681E+000
    567700   0.8625084311E+003   0.3565069725E+000
    567800   0.8652335650E+003   0.3563218861E+000
    567900   0.8672403110E+003   0.3561864569E+000
    568000   0.8584839723E+003   0.3567828122E+000
    568100   0.8715239836E+003   0.7115090274E+000
    568200   0.8600871618E+003   0.3566725678E+000
    568300   0.8477354315E+003   0.7147675945E+000
    568400   0.8484734285E+003   0.3574822007E+000
    568500   0.8479637377E+003   0.3575183265E+000
    568600   0.8543470135E+003   0.3570695232E+000
    568700   0.8581342439E+003   0.3568069254E+000
    568800   0.8535763649E+003   0.3571232912E+000
    568900   0.8615594251E+003   0.3565717476E+000
    569000   0.8601398011E+003   0.3566689561E+000
    569100   0.8556035885E+003   0.0000000000E+000
    569200   0.8514259554E+003   0.3572739256E+000
    569300   0.8666477237E+003   0.0000000000E+000
    569400   0.8633917625E+003   0.3564468291E+000
    569500   0.8604777507E+003   0.3566457812E+000
    569600   0.8543673202E+003   0.7138378796E+000
    569700   0.8619756184E+003   0.7127918035E+000
    569800   0.8569368143E+003   0.3568896598E+000
    569900   0.8701418681E+003   0.3559919244E+000
    570000   0.8549796162E+003   0.3570254712E+000
    570100   0.8626431229E+003   0.7127010526E+000
    570200   0.8577403467E+003   0.7133714484E+000
    570300   0.8559245509E+003   0.3569598110E+000
    570400   0.8551067650E+003   0.3570166262E+000
    570500   0.8529644468E+003   0.3571660653E+000
    570600   0.8542456140E+003   0.3570765914E+000
    570700   0.8492538282E+003   0.3574269859E+000
    570800   0.8556364327E+003   0.3569798134E+000
    570900   0.8621995390E+003   0.0000000000E+000
    571000   0.8657492003E+003   0.3562870177E+000
    571100   0.8527974652E+003   0.0000000000E+000
    571200   0.8490829109E+003   0.0000000000E+000
    571300   0.8531524636E+003   0.3571529150E+000
    571400   0.8454957356E+003   0.3576939730E+000
    571500   0.8612843565E+003   0.0000000000E+000
    571600   0.8675209681E+003   0.3561675743E+000
    571700   0.8590841392E+003   0.3567414852E+000
    571800   0.8480253774E+003   0.3575139549E+000
    571900   0.8627767504E+003   0.7126829048E+000
    572000   0.8600536227E+003   0.3566748692E+000
    572100   0.8490975015E+003   0.3574380368E+000
    572200   0.8517052964E+003   0.7142090352E+000
    572300   0.8428552331E+003   0.3578832283E+000
    572400   0.8695274113E+003   0.3560329941E+000
    572500   0.8501909835E+003   0.7144213805E+000
    572600   0.8650542185E+003   0.7123746085E+000
    572700   0.8512489713E+003   0.7142729308E+000
    572800   0.8689039950E+003   0.7118577459E+000
    572900   0.8560295847E+003   0.7136074816E+000
    573000   0.8501565506E+003   0.1071189244E+001
    573100   0.8657903879E+003   0.7122753583E+000
    573200   0.8620222525E+003   0.7127854580E+000
    573300   0.8606134426E+003   0.1069023444E+001
    573400   0.8593491954E+003   0.1069282029E+001
    573500   0.8655228793E+003   0.1068027617E+001
    573600   0.8743123813E+003   0.7111405611E+000
    573700   0.8643378901E+003   0.7124713726E+000
    573800   0.8649753849E+003   0.7123852484E+000
    573900   0.8541227020E+003   0.1070360509E+001
    574000   0.8642347677E+003   0.7124853181E+000
    574100   0.8686639520E+003   0.7118898177E+000
    574200   0.8700509426E+003   0.7117047875E+000
    574300   0.8558330061E+003   0.1070005900E+001
    574400   0.8497844508E+003   0.1427756651E+001
    574500   0.8526694852E+003   0.1070663117E+001
    574600   0.8519462046E+003   0.1070814178E+001
    574700   0.8596978904E+003   0.1069210619E+001
    574800   0.8537101883E+003   0.1070446286E+001
    574900   0.8537999713E+003   0.1426640608E+001
    575000   0.8569193103E+003   0.1425782050E+001
    575100   0.8551790310E+003   0.1070141298E+001
    575200   0.8581022424E+003   0.1069537946E+001
    575300   0.8633223536E+003   0.1068472340E+001
    575400   0.8486716838E+003   0.1071501835E+001
    575500   0.8637620494E+003   0.1068383267E+001
    575600   0.8589646258E+003   0.1069360863E+001
    575700   0.8692916706E+003   0.1067272029E+001
    575800   0.8498870335E+003   0.1071245887E+001
    575900   0.8603254959E+003   0.1424852818E+001
    576000   0.8655049510E+003   0.1423456125E+001
    576100   0.8757100142E+003   0.1066002625E+001
    576200   0.8679159382E+003   0.1067546959E+001
    576300   0.8653176961E+003   0.1068068973E+001
    576400   0.8643102948E+003   0.1068272353E+001
    576500   0.8620411018E+003   0.1068732497E+001
    576600   0.8705782428E+003   0.1067015831E+001
    576700   0.8671731792E+003   0.1067695816E+001
    576800   0.8576463548E+003   0.1069631726E+001
    576900   0.8637940122E+003   0.1068376797E+001
    577000   0.8502494402E+003   0.1071169731E+001
    577100   0.8466714265E+003   0.1785034958E+001
    577200   0.8587679389E+003   0.1425276666E+001
    577300   0.8681489841E+003   0.1777709911E+001
    577400   0.8565742389E+003   0.1781604408E+001
    577500   0.8539339946E+003   0.2138119356E+001
    577600   0.8594709332E+003   0.1780618320E+001
    577700   0.8550078679E+003   0.1782140872E+001
    577800   0.8499422782E+003   0.1783891557E+001
    577900   0.8666747504E+003   0.1778199221E+001
    578000   0.8552862715E+003   0.2137563674E+001
    578100   0.8592012633E+003   0.1780709794E+001
    578200   0.8509082044E+003   0.1783555855E+001
    578300   0.8500415066E+003   0.1427684838E+001
    578400   0.8628672162E+003   0.1424164980E+001
    578500   0.8727456281E+003   0.1776196566E+001
    578600   0.8609527435E+003   0.1424682634E+001
    578700   0.8551542509E+003   0.1782090640E+001
    578800   0.8598562755E+003   0.1424980316E+001
    578900   0.8430205559E+003   0.1786323437E+001
    579000   0.8578746957E+003   0.1425520547E+001
    579100   0.8390223772E+003   0.1430809355E+001
    579200   0.8573848632E+003   0.1069685569E+001
    579300   0.8508534957E+003   0.1071042963E+001
    579400   0.8628582347E+003   0.1068566475E+001
    579500   0.8581665644E+003   0.1069524723E+001
    579600   0.8638354221E+003   0.1068368414E+001
    579700   0.8478477299E+003   0.1071675844E+001
    579800   0.8593357409E+003   0.1069284785E+001
    579900   0.8632975133E+003   0.1068477375E+001
    580000   0.8652172341E+003   0.1068089230E+001
    580100   0.8703333552E+003   0.1067064528E+001
    580200   0.8615813757E+003   0.1068826063E+001
    580300   0.8566733101E+003   0.1425849494E+001
    580400   0.8635952576E+003   0.1068417043E+001
    580500   0.8647187706E+003   0.1068189821E+001
    580600   0.8663790045E+003   0.1067855305E+001
    580700   0.8576091925E+003   0.1069639375E+001
    580800   0.8615269867E+003   0.1068837141E+001
    580900   0.8615924642E+003   0.1068823805E+001
    581000   0.8653428399E+003   0.1068063904E+001
    581100   0.8539339883E+003   0.1426603571E+001
    581200   0.8560449785E+003   0.7136053528E+000
    581300   0.8410944456E+003   0.1073117070E+001
    581400   0.8625075894E+003   0.7127194659E+000
    581500   0.8509485382E+003   0.7143150417E+000
    581600   0.8532519031E+003   0.1070541694E+001
    581700   0.8605917356E+003   0.7129804725E+000
    581800   0.8444365025E+003   0.1072400472E+001
    581900   0.8484581548E+003   0.1071546892E+001
    582000   0.8667394417E+003   0.7121476966E+000
    582100   0.8562215608E+003   0.1069925568E+001
    582200   0.8600341079E+003   0.1069141829E+001
    582300   0.8581351275E+003   0.1069531185E+001
    582400   0.8511013144E+003   0.1070991016E+001
    582500   0.8594940466E+003   0.1425078853E+001
    582600   0.8663347784E+003   0.1067864197E+001
    582700   0.8796392889E+003   0.1419741715E+001
    582800   0.8754584959E+003   0.1420825901E+001
    582900   0.8642621447E+003   0.1068282087E+001
    583000   0.8659167088E+003   0.1067948302E+001
    583100   0.8659912058E+003   0.1067933308E+001
    583200   0.8591746428E+003   0.1425165820E+001
    583300   0.8636446946E+003   0.1423955520E+001
    583400   0.8540113737E+003   0.1070383648E+001
    583500   0.8518236294E+003   0.1070839808E+001
    583600   0.8775263466E+003   0.1065647308E+001
    583700   0.8664471295E+003   0.1423204144E+001
    583800   0.8713439696E+003   0.1421904702E+001
    583900   0.8666834207E+003   0.1423141049E+001
    584000   0.8658017797E+003   0.1067971439E+001
    584100   0.8676208158E+003   0.1067606069E+001
    584200   0.8727857386E+003   0.1066578291E+001
    584300   0.8684679648E+003   0.1067436519E+001
    584400   0.8615139827E+003   0.1068839789E+001
    584500   0.8638710320E+003   0.1068361206E+001
    584600   0.8632812650E+003   0.1068480669E+001
    584700   0.8615272773E+003   0.1424527005E+001
    584800   0.8629920909E+003   0.1068539314E+001
    584900   0.8588503853E+003   0.1069384298E+001
    585000   0.8555352600E+003   0.1070067515E+001
    585100   0.8692109463E+003   0.1422468637E+001
    585200   0.8676690331E+003   0.1067596409E+001
    585300   0.8701640815E+003   0.1067098208E+001
    585400   0.8643755167E+003   0.1068259169E+001
    585500   0.8594579184E+003   0.1069259756E+001
    585600   0.8565147490E+003   0.1069865009E+001
    585700   0.8615926066E+003   0.7128439501E+000
    585800   0.8607351075E+003   0.7129608934E+000
    585900   0.8626491863E+003   0.1068608914E+001
    586000   0.8501709127E+003   0.1071186226E+001
    586100   0.8595241713E+003   0.1425070654E+001
    586200   0.8354174168E+003   0.1074349706E+001
    586300   0.8545305859E+003   0.1070275789E+001
    586400   0.8446665232E+003   0.1072351395E+001
    586500   0.8576247833E+003   0.1069636166E+001
    586600   0.8502925613E+003   0.1071160674E+001
    586700   0.8509565126E+003   0.1071021364E+001
    586800   0.8456888146E+003   0.1072133657E+001
    586900   0.8655869457E+003   0.1068014708E+001
    587000   0.8469805327E+003   0.1071859412E+001
    587100   0.8574588571E+003   0.1069670329E+001
    587200   0.8580515349E+003   0.1425472218E+001
    587300   0.8549899275E+003   0.1426312226E+001
    587400   0.8582301662E+003   0.1069511651E+001
    587500   0.8658082600E+003   0.1067970134E+001
    587600   0.8552337751E+003   0.1426245066E+001
    587700   0.8594417327E+003   0.1069263071E+001
    587800   0.8655084006E+003   0.1068030534E+001
    587900   0.8575648681E+003   0.1069648500E+001
    588000   0.8681615601E+003   0.1067497799E+001
    588100   0.8560014714E+003   0.1069971060E+001
    588200   0.8681084298E+003   0.1067508430E+001
    588300   0.8666781881E+003   0.7121559263E+000
    588400   0.8580796014E+003   0.7133247718E+000
    588500   0.8724790134E+003   0.7113825190E+000
    588600   0.8671866548E+003   0.1067693112E+001
    588700   0.8678586170E+003   0.1067558436E+001
    588800   0.8526431972E+003   0.1070668603E+001
    588900   0.8631009979E+003   0.1068517222E+001
    589000   0.8589467233E+003   0.1069364535E+001
    589100   0.8629945297E+003   0.1068538819E+001
    589200   0.8593985066E+003   0.1069271926E+001
    589300   0.8549599946E+003   0.1070186700E+001
    589400   0.8623978905E+003   0.1068659961E+001
    589500   0.8730718893E+003   0.7113041453E+000
    589600   0.8599710868E+003   0.7130653173E+000
    589700   0.8797075044E+003   0.7104353332E+000
    589800   0.8636754361E+003   0.7125610254E+000
    589900   0.8535014096E+003   0.3571285268E+000
    590000   0.8574345771E+003   0.3568552350E+000
    590100   0.8543611912E+003   0.0000000000E+000
    590200   0.8602735492E+003   0.0000000000E+000
    590300   0.8694636982E+003   0.0000000000E+000
    590400   0.8637248389E+003   0.3564241881E+000
    590500   0.8560109314E+003   0.3569538172E+000
    590600   0.8564184587E+003   0.7135537322E+000
    590700   0.8662158093E+003   0.3562555061E+000
    590800   0.8582872186E+003   0.7132962279E+000
    590900   0.8669300931E+003   0.0000000000E+000
    591000   0.8576354544E+003   0.3568413557E+000
    591100   0.8524960338E+003   0.3571988566E+000
    591200   0.8702267906E+003   0.0000000000E+000
    591300   0.8557891512E+003   0.0000000000E+000
    591400   0.8540764967E+003   0.0000000000E+000
    591500   0.8578797301E+003   0.3568244880E+000
    591600   0.8667199525E+003   0.0000000000E+000
    591700   0.8548118233E+003   0.0000000000E+000
    591800   0.8513769404E+003   0.7142550042E+000
    591900   0.8506542147E+003   0.3573282023E+000
    592000   0.8612680304E+003   0.3565916704E+000
    592100   0.8635677652E+003   0.0000000000E+000
    592200   0.8621726976E+003   0.3565298693E+000
    592300   0.8613496165E+003   0.0000000000E+000
    592400   0.8572776348E+003   0.3568660839E+000
    592500   0.8555782940E+003   0.0000000000E+000
    592600   0.8436269239E+003   0.3578277749E+000
    592700   0.8558398647E+003   0.0000000000E+000
    592800   0.8639588371E+003   0.3564082942E+000
    592900   0.8633211433E+003   0.3564516321E+000
    593000   0.8563532361E+003   0.3569300789E+000
    593100   0.8647957190E+003   0.7124095059E+000
    593200   0.8526113887E+003   0.7140823987E+000
    593300   0.8454296628E+003   0.7150948293E+000
    593400   0.8587605871E+003   0.1069402723E+001
    593500   0.8660342763E+003   0.1067924641E+001
    593600   0.8533481436E+003   0.1070521648E+001
    593700   0.8583437078E+003   0.7132884644E+000
    593800   0.8587745377E+003   0.1069399860E+001
    593900   0.8630838758E+003   0.1424106566E+001
    594000   0.8552408395E+003   0.1426243121E+001
    594100   0.8630521501E+003   0.1068527130E+001
    594200   0.8675970398E+003   0.1067610833E+001
    594300   0.8635748264E+003   0.1068421182E+001
    594400   0.8478914918E+003   0.1071666592E+001
    594500   0.8587018893E+003   0.1780879362E+001
    594600   0.8467800125E+003   0.1784996834E+001
    594700   0.8569183310E+003   0.1781486867E+001
    594800   0.8655766551E+003   0.1778564947E+001
    594900   0.8622759291E+003   0.1424324573E+001
    595000   0.8667085535E+003   0.1423134340E+001
    595100   0.8523486101E+003   0.1783056897E+001
    595200   0.8471691991E+003   0.1784860286E+001
    595300   0.8551075559E+003   0.1426279823E+001
    595400   0.8502129906E+003   0.1783797382E+001
    595500   0.8604711060E+003   0.1424813286E+001
    595600   0.8561018519E+003   0.1781765955E+001
    595700   0.8572431429E+003   0.1781376012E+001
    595800   0.8514477566E+003   0.1783368723E+001
    595900   0.8575383156E+003   0.1781275358E+001
    596000   0.8639809322E+003   0.1779098337E+001
    596100   0.8594948496E+003   0.1780610211E+001
    596200   0.8621176605E+003   0.1779724064E+001
    596300   0.8667887111E+003   0.1778161328E+001
    596400   0.8697184827E+003   0.1777191099E+001
    596500   0.8652813622E+003   0.1423516017E+001
    596600   0.8499349678E+003   0.1071235810E+001
    596700   0.8541037692E+003   0.1070364443E+001
    596800   0.8569846849E+003   0.1425764134E+001
    596900   0.8592444291E+003   0.1069303497E+001
    597000   0.8626369658E+003   0.1068611395E+001
    597100   0.8495146243E+003   0.1071324224E+001
    597200   0.8563700551E+003   0.1069894890E+001
    597300   0.8586958570E+003   0.1425296325E+001
    597400   0.8564471068E+003   0.1069878977E+001
    597500   0.8658705435E+003   0.1067957595E+001
    597600   0.8614058212E+003   0.1068861824E+001
    597700   0.8641301599E+003   0.1068308777E+001
    597800   0.8560952766E+003   0.1069951667E+001
    597900   0.8573964510E+003   0.1425651365E+001
    598000   0.8417958584E+003   0.1072966123E+001
    598100   0.8586309194E+003   0.1069429338E+001
    598200   0.8648138520E+003   0.7124070572E+000
    598300   0.8568715872E+003   0.7134911735E+000
    598400   0.8579415651E+003   0.7133437584E+000
    598500   0.8554387117E+003   0.7136892599E+000
    598600   0.8627155957E+003   0.3564928544E+000
    598700   0.8559158083E+003   0.0000000000E+000
    598800   0.8653731439E+003   0.0000000000E+000
    598900   0.8619513158E+003   0.3565449787E+000
    599000   0.8636414624E+003   0.3564298538E+000
    599100   0.8467765831E+003   0.7149034215E+000
    599200   0.8547049206E+003   0.3570445906E+000
    599300   0.8574425573E+003   0.3568546834E+000
    599400   0.8575417153E+003   0.7133987971E+000
    599500   0.8642273416E+003   0.7124863225E+000
    599600   0.8699753865E+003   0.7117148493E+000
    599700   0.8592530257E+003   0.3567298679E+000
    599800   0.8567173722E+003   0.7135124557E+000
    599900   0.8507164837E+003   0.7143475920E+000
    600000   0.8583329570E+003   0.7132899418E+000
    600100   0.8635787963E+003   0.3564341129E+000
    600200   0.8640951782E+003   0.3563990380E+000
    600300   0.8658507483E+003   0.3562801565E+000
    600400   0.8762449291E+003   0.7108867872E+000
    600500   0.8763846992E+003   0.7108684836E+000
    600600   0.8719112721E+003   0.7114576862E+000
    600700   0.8561308134E+003   0.7135934845E+000
    600800   0.8560227683E+003   0.7136084242E+000
    600900   0.8527538442E+003   0.3571808034E+000
    601000   0.8659941692E+003   0.7122479193E+000
    601100   0.8625525495E+003   0.7127133569E+000
    601200   0.8653137160E+003   0.7123396007E+000
    601300   0.8561036675E+003   0.7135972376E+000
    601400   0.8589964915E+003   0.7131988360E+000
    601500   0.8639952495E+003   0.7125177237E+000
    601600   0.8498085842E+003   0.1071262382E+001
    601700   0.8587979012E+003   0.7132260860E+000
    601800   0.8557796443E+003   0.1070016939E+001
    601900   0.8617422368E+003   0.7128235717E+000
    602000   0.8634065343E+003   0.7125974628E+000
    602100   0.8689377346E+003   0.7118532396E+000
    602200   0.8589111784E+003   0.1069371826E+001
    602300   0.8587459309E+003   0.7132332196E+000
    602400   0.8540889495E+003   0.7138765654E+000
    602500   0.8656631881E+003   0.7122924933E+000
    602600   0.8582869891E+003   0.3567963911E+000
    602700   0.8628185819E+003   0.7126772251E+000
    602800   0.8611522394E+003   0.7129039722E+000
    602900   0.8651156515E+003   0.3563298665E+000
    603000   0.8575461518E+003   0.7133981861E+000
    603100   0.8667874648E+003   0.0000000000E+000
    603200   0.8747265127E+003   0.0000000000E+000
    603300   0.8661567038E+003   0.3562594955E+000
    603400   0.8734822528E+003   0.0000000000E+000
    603500   0.8614894013E+003   0.3565765338E+000
    603600   0.8620094907E+003   0.0000000000E+000
    603700   0.8556206409E+003   0.3569809102E+000
    603800   0.8704769463E+003   0.0000000000E+000
    603900   0.8708658153E+003   0.0000000000E+000
    604000   0.8662379938E+003   0.7122151082E+000
    604100   0.8534336442E+003   0.3571332612E+000
    604200   0.8598223081E+003   0.3566907476E+000
    604300   0.8538657805E+003   0.3571030854E+000
    604400   0.8620228082E+003   0.7127853824E+000
    604500   0.8618344462E+003   0.3565529588E+000
    604600   0.8654008460E+003   0.3563105689E+000
    604700   0.8513885596E+003   0.3572765530E+000
    604800   0.8767162565E+003   0.3555566851E+000
    604900   0.8732000589E+003   0.7112872185E+000
    605000   0.8683075433E+003   0.7119374752E+000
    605100   0.8651323910E+003   0.1068106342E+001
    605200   0.8435270592E+003   0.1072594817E+001
    605300   0.8548762174E+003   0.7137672330E+000
    605400   0.8483184711E+003   0.3574931784E+000
    605500   0.8585472871E+003   0.3567784493E+000
    605600   0.8533872682E+003   0.7139742103E+000
    605700   0.8540738628E+003   0.7138786629E+000
    605800   0.8707187501E+003   0.3559534276E+000
    605900   0.8679893546E+003   0.3561360930E+000
    606000   0.8670265048E+003   0.3562008513E+000
    606100   0.8710384895E+003   0.7115734622E+000
    606200   0.8713107870E+003   0.7115373125E+000
    606300   0.8716182892E+003   0.7114965208E+000
    606400   0.8655706831E+003   0.7123049583E+000
    606500   0.8681726575E+003   0.7119555234E+000
    606600   0.8637165856E+003   0.1068392472E+001
    606700   0.8656272265E+003   0.1068006594E+001
    606800   0.8544095146E+003   0.7138320184E+000
    606900   0.8683741245E+003   0.1067455281E+001
    607000   0.8704589218E+003   0.7116504919E+000
    607100   0.8683660653E+003   0.7119296467E+000
    607200   0.8577116829E+003   0.1069618280E+001
    607300   0.8524224929E+003   0.1070714669E+001
    607400   0.8591246305E+003   0.7131812609E+000
    607500   0.8722049306E+003   0.7114187925E+000
    607600   0.8606927529E+003   0.7129666766E+000
    607700   0.8498585213E+003   0.1071251882E+001
    607800   0.8651597167E+003   0.1068100830E+001
    607900   0.8528334798E+003   0.7140514070E+000
    608000   0.8665250509E+003   0.7121765069E+000
    608100   0.8545106287E+003   0.7138179752E+000
    608200   0.8523294506E+003   0.3572105284E+000
    608300   0.8654176955E+003   0.3563094292E+000
    608400   0.8466028385E+003   0.0000000000E+000
    608500   0.8538920160E+003   0.3571012546E+000
    608600   0.8572349528E+003   0.3568690352E+000
    608700   0.8520156468E+003   0.0000000000E+000
    608800   0.8636118598E+003   0.0000000000E+000
    608900   0.8679171459E+003   0.0000000000E+000
    609000   0.8406949062E+003   0.0000000000E+000
    609100   0.8656223159E+003   0.0000000000E+000
    609200   0.8373491306E+003   0.0000000000E+000
    609300   0.8497199060E+003   0.0000000000E+000
    609400   0.8495918404E+003   0.0000000000E+000
    609500   0.8654464027E+003   0.0000000000E+000
    609600   0.8590012684E+003   0.0000000000E+000
    609700   0.8697894610E+003   0.0000000000E+000
    609800   0.8592836284E+003   0.0000000000E+000
    609900   0.8574737985E+003   0.0000000000E+000
    610000   0.8574726012E+003   0.0000000000E+000
    610100   0.8612183627E+003   0.7128949551E+000
    610200   0.8468392911E+003   0.3575982045E+000
    610300   0.8621518936E+003   0.0000000000E+000
    610400   0.8501905665E+003   0.3573608660E+000
    610500   0.8652493263E+003   0.3563208196E+000
    610600   0.8542062358E+003   0.3570793368E+000
    610700   0.8572112556E+003   0.3568706739E+000
    610800   0.8517066753E+003   0.0000000000E+000
    610900   0.8633078780E+003   0.3564525344E+000
    611000   0.8586174270E+003   0.0000000000E+000
    611100   0.8590704960E+003   0.0000000000E+000
    611200   0.8725182025E+003   0.0000000000E+000
    611300   0.8584052517E+003   0.0000000000E+000
    611400   0.8602602868E+003   0.0000000000E+000
    611500   0.8603862016E+003   0.3566520571E+000
    611600   0.8674726541E+003   0.0000000000E+000
    611700   0.8606684782E+003   0.3566327114E+000
    611800   0.8524918599E+003   0.3571991490E+000
    611900   0.8567538228E+003   0.3569023270E+000
    612000   0.8640841955E+003   0.7125056873E+000
    612100   0.8495554648E+003   0.7145107597E+000
    612200   0.8593852693E+003   0.7131455315E+000
    612300   0.8465249960E+003   0.1071956016E+001
    612400   0.8486754662E+003   0.1071501037E+001
    612500   0.8652344348E+003   0.7123502936E+000
    612600   0.8516312878E+003   0.7142193926E+000
    612700   0.8655166562E+003   0.7123122398E+000
    612800   0.8590380084E+003   0.3567446593E+000
    612900   0.8607290473E+003   0.7129617208E+000
    613000   0.8531691927E+003   0.7140045955E+000
    613100   0.8701277335E+003   0.7116945633E+000
    613200   0.8494019887E+003   0.1071347933E+001
    613300   0.8597225220E+003   0.1069205578E+001
    613400   0.8649639989E+003   0.1068140316E+001
    613500   0.8606250668E+003   0.1069021070E+001
    613600   0.8593700454E+003   0.7131476177E+000
    613700   0.8523049206E+003   0.7141251959E+000
    613800   0.8679914976E+003   0.7119797735E+000
    613900   0.8595547621E+003   0.7131223102E+000
    614000   0.8600401874E+003   0.3566757912E+000
    614100   0.8626516403E+003   0.7126998957E+000
    614200   0.8712312191E+003   0.3559192789E+000
    614300   0.8700866268E+003   0.3559956140E+000
    614400   0.8541684109E+003   0.3570819742E+000
    614500   0.8541695254E+003   0.3570818965E+000
    614600   0.8583631139E+003   0.0000000000E+000
    614700   0.8640542414E+003   0.3564018169E+000
    614800   0.8694372919E+003   0.0000000000E+000
    614900   0.8603141613E+003   0.0000000000E+000
    615000   0.8570135289E+003   0.7134715929E+000
    615100   0.8635355901E+003   0.3564370499E+000
    615200   0.8727298645E+003   0.3558196833E+000
    615300   0.8461042212E+003   0.7149988804E+000
    615400   0.8620335575E+003   0.3565393646E+000
    615500   0.8576019218E+003   0.3568436720E+000
    615600   0.8624572813E+003   0.3565104596E+000
    615700   0.8522652254E+003   0.3572150299E+000
    615800   0.8604672465E+003   0.3566465012E+000
    615900   0.8573257495E+003   0.3568627574E+000
    616000   0.8514858150E+003   0.7142397575E+000
    616100   0.8531367041E+003   0.7140091238E+000
    616200   0.8635184304E+003   0.7125822972E+000
    616300   0.8675348471E+003   0.7120409532E+000
    616400   0.8563778340E+003   0.3569283740E+000
    616500   0.8554714828E+003   0.3569912720E+000
    616600   0.8522880641E+003   0.7141275509E+000
    616700   0.8534304871E+003   0.1070504501E+001
    616800   0.8618031113E+003   0.7128152835E+000
    616900   0.8556633996E+003   0.7136581470E+000
    617000   0.8567518446E+003   0.1069816072E+001
    617100   0.8589942455E+003   0.1069354788E+001
    617200   0.8654819921E+003   0.1068035856E+001
    617300   0.8555202765E+003   0.7136779633E+000
    617400   0.8614443527E+003   0.1068853974E+001
    617500   0.8679043519E+003   0.7119914431E+000
    617600   0.8583418056E+003   0.7132887258E+000
    617700   0.8666108578E+003   0.1423160421E+001
    617800   0.8662451403E+003   0.1067882222E+001
    617900   0.8600441373E+003   0.1069139778E+001
    618000   0.8649877815E+003   0.1068135517E+001
    618100   0.8503934015E+003   0.7143929452E+000
    618200   0.8741873302E+003   0.7111570272E+000
    618300   0.8588768986E+003   0.7132152444E+000
    618400   0.8576527976E+003   0.1069630399E+001
    618500   0.8443785573E+003   0.1072412840E+001
    618600   0.8468428745E+003   0.7148940194E+000
    618700   0.8502255723E+003   0.1071174744E+001
    618800   0.8482896395E+003   0.1071582469E+001
    618900   0.8606785804E+003   0.1069010145E+001
    619000   0.8623951308E+003   0.3565146972E+000
    619100   0.8575004237E+003   0.7134044843E+000
    619200   0.8670787877E+003   0.1067714754E+001
    619300   0.8684984737E+003   0.7119119391E+000
    619400   0.8634583800E+003   0.7125904354E+000
    619500   0.8642780024E+003   0.7124794708E+000
    619600   0.8569682568E+003   0.1425768636E+001
    619700   0.8612940692E+003   0.1780001648E+001
    619800   0.8677751163E+003   0.1422850060E+001
    619900   0.8565998025E+003   0.1425869656E+001
    620000   0.8639753494E+003   0.1779100207E+001
    620100   0.8579026835E+003   0.1069578982E+001
    620200   0.8582438017E+003   0.1069508849E+001
    620300   0.8489839807E+003   0.1427980599E+001
    620400   0.8482210255E+003   0.1071596960E+001
    620500   0.8581603219E+003   0.1425442499E+001
    620600   0.8585826395E+003   0.1069439249E+001
    620700   0.8660632658E+003   0.7122386189E+000
    620800   0.8598842174E+003   0.7130772040E+000
    620900   0.8624528984E+003   0.7127268980E+000
    621000   0.8592023005E+003   0.1069312132E+001
    621100   0.8593115651E+003   0.7131556326E+000
    621200   0.8672791447E+003   0.3561838433E+000
    621300   0.8694341304E+003   0.3560392348E+000
    621400   0.8621159487E+003   0.3565337416E+000
    621500   0.8600297700E+003   0.7130572890E+000
    621600   0.8716122504E+003   0.3558939189E+000
    621700   0.8589803151E+003   0.7132010551E+000
    621800   0.8705288353E+003   0.3559660945E+000
    621900   0.8531619611E+003   0.3571522509E+000
    622000   0.8707472684E+003   0.3559515260E+000
    622100   0.8709655711E+003   0.0000000000E+000
    622200   0.8726132338E+003   0.3558274200E+000
    622300   0.8769241185E+003   0.0000000000E+000
    622400   0.8640935889E+003   0.3563991459E+000
    622500   0.8522862168E+003   0.3572135585E+000
    622600   0.8594026652E+003   0.7131431477E+000
    622700   0.8647222465E+003   0.3563565105E+000
    622800   0.8652339481E+003   0.3563218602E+000
    622900   0.8620536089E+003   0.3565379960E+000
    623000   0.8522166154E+003   0.7141375341E+000
    623100   0.8558229002E+003   0.7136360723E+000
    623200   0.8638661575E+003   0.3564145881E+000
    623300   0.8674319117E+003   0.0000000000E+000
    623400   0.8637136077E+003   0.3564249512E+000
    623500   0.8627910241E+003   0.0000000000E+000
    623600   0.8638007472E+003   0.0000000000E+000
    623700   0.8517457751E+003   0.3572514663E+000
    623800   0.8560895218E+003   0.7135991935E+000
    623900   0.8615388572E+003   0.7128512723E+000
    624000   0.8499410014E+003   0.3573784650E+000
    624100   0.8541989363E+003   0.7138612768E+000
    624200   0.8657880854E+003   0.7122756684E+000
    624300   0.8488099529E+003   0.7146158074E+000
    624400   0.8723950609E+003   0.1066655539E+001
    624500   0.8633731444E+003   0.7126019891E+000
    624600   0.8691950332E+003   0.7118188882E+000
    624700   0.8603034098E+003   0.7130198699E+000
    624800   0.8741549930E+003   0.7111612861E+000
    624900   0.8606784280E+003   0.1069010176E+001
    625000   0.8575678191E+003   0.7133952022E+000
    625100   0.8663181821E+003   0.7122043221E+000
    625200   0.8611223718E+003   0.1068919599E+001
    625300   0.8581025157E+003   0.1069537889E+001
    625400   0.8518765300E+003   0.1070828745E+001
    625500   0.8631264837E+003   0.1068512053E+001
    625600   0.8621373543E+003   0.1068712922E+001
    625700   0.8645463908E+003   0.1068224639E+001
    625800   0.8536100817E+003   0.1426693108E+001
    625900   0.8673771673E+003   0.1422956034E+001
    626000   0.8602317562E+003   0.1424878277E+001
    626100   0.8592566788E+003   0.1780690992E+001
    626200   0.8561804919E+003   0.1781739047E+001
    626300   0.8623219119E+003   0.1779655318E+001
    626400   0.8618746315E+003   0.1068766365E+001
    626500   0.8620890156E+003   0.7127763750E+000
    626600   0.8668616903E+003   0.7121312761E+000
    626700   0.8606173165E+003   0.7129769786E+000
    626800   0.8680309534E+003   0.3561332989E+000
    626900   0.8478042288E+003   0.3575296425E+000
    627000   0.8542829604E+003   0.3570739879E+000
    627100   0.8562222249E+003   0.7135808482E+000
    627200   0.8642673244E+003   0.3563873560E+000
    627300   0.8587028372E+003   0.3567677336E+000
    627400   0.8481827799E+003   0.3575027950E+000
    627500   0.8568330110E+003   0.3568968446E+000
    627600   0.8571568032E+003   0.7134518362E+000
    627700   0.8448351563E+003   0.7151795402E+000
    627800   0.8461826278E+003   0.7149877394E+000
    627900   0.8605907142E+003   0.7129806121E+000
    628000   0.8587086618E+003   0.3567673324E+000
    628100   0.8549361700E+003   0.3570284942E+000
    628200   0.8616272207E+003   0.0000000000E+000
    628300   0.8620066628E+003   0.3565412004E+000
    628400   0.8631128421E+003   0.7126372896E+000
    628500   0.8634837465E+003   0.3564405744E+000
    628600   0.8411503743E+003   0.7157077057E+000
    628700   0.8544059158E+003   0.3570654183E+000
    628800   0.8555308899E+003   0.7136764935E+000
    628900   0.8650895343E+003   0.1068114987E+001
    629000   0.8705131107E+003   0.1067028780E+001
    629100   0.8558746540E+003   0.1069997285E+001
    629200   0.8500714030E+003   0.1071207134E+001
    629300   0.8599003945E+003   0.1069169179E+001
    629400   0.8671022015E+003   0.7120989860E+000
    629500   0.8586021944E+003   0.1069435235E+001
    629600   0.8599892083E+003   0.3566792899E+000
    629700   0.8501581906E+003   0.3573631485E+000
    629800   0.8539559585E+003   0.3570967929E+000
    629900   0.8683371255E+003   0.3561127440E+000
    630000   0.8614225925E+003   0.3565811010E+000
    630100   0.8572023419E+003   0.3568712903E+000
    630200   0.8610176425E+003   0.3566088020E+000
    630300   0.8593912019E+003   0.7131447185E+000
    630400   0.8484419655E+003   0.1071550309E+001
    630500   0.8557472589E+003   0.1070023639E+001
    630600   0.8659617206E+003   0.7122522875E+000
    630700   0.8533755548E+003   0.7139758419E+000
    630800   0.8669464681E+003   0.7121198917E+000
    630900   0.8610246382E+003   0.7129213777E+000
    631000   0.8412854797E+003   0.1430159841E+001
    631100   0.8638998836E+003   0.3564122975E+000
    631200   0.8461242336E+003   0.3576491295E+000
    631300   0.8610083273E+003   0.3566094396E+000
    631400   0.8491032140E+003   0.3574376329E+000
    631500   0.8599694665E+003   0.3566806449E+000
    631600   0.8699685418E+003   0.3560035026E+000
    631700   0.8650506387E+003   0.3563342676E+000
    631800   0.8563172016E+003   0.3569325768E+000
    631900   0.8688483558E+003   0.7118651779E+000
    632000   0.8658453803E+003   0.3562805191E+000
    632100   0.8668753635E+003   0.3562110318E+000
    632200   0.8626157741E+003   0.0000000000E+000
    632300   0.8499458566E+003   0.0000000000E+000
    632400   0.8512249937E+003   0.3572880482E+000
    632500   0.8541207452E+003   0.0000000000E+000
    632600   0.8535539034E+003   0.0000000000E+000
    632700   0.8576099293E+003   0.0000000000E+000
    632800   0.8565085635E+003   0.0000000000E+000
    632900   0.8602037095E+003   0.3566645720E+000
    633000   0.8682046308E+003   0.7119512447E+000
    633100   0.8752821191E+003   0.0000000000E+000
    633200   0.8590964588E+003   0.0000000000E+000
    633300   0.8618410693E+003   0.3565525065E+000
    633400   0.8574539715E+003   0.3568538946E+000
    633500   0.8598769768E+003   0.0000000000E+000
    633600   0.8718891764E+003   0.0000000000E+000
    633700   0.8587347216E+003   0.7132347584E+000
    633800   0.8653419082E+003   0.7123357988E+000
    633900   0.8572389861E+003   0.3568687563E+000
    634000   0.8610117261E+003   0.7129231393E+000
    634100   0.8536068247E+003   0.3571211638E+000
    634200   0.8598802494E+003   0.0000000000E+000
    634300   0.8561550753E+003   0.3569438183E+000
    634400   0.8647874603E+003   0.0000000000E+000
    634500   0.8524394010E+003   0.0000000000E+000
    634600   0.8731531198E+003   0.0000000000E+000
    634700   0.8634230803E+003   0.0000000000E+000
    634800   0.8636553727E+003   0.3564289084E+000
    634900   0.8724043253E+003   0.0000000000E+000
    635000   0.8565591564E+003   0.0000000000E+000
    635100   0.8620186424E+003   0.0000000000E+000
    635200   0.8703132475E+003   0.0000000000E+000
    635300   0.8607428438E+003   0.3566276172E+000
    635400   0.8638736249E+003   0.7125341869E+000
    635500   0.8656361480E+003   0.7122961366E+000
    635600   0.8608211548E+003   0.7129491463E+000
    635700   0.8435632037E+003   0.7153612485E+000
    635800   0.8584401914E+003   0.3567858296E+000
    635900   0.8569572282E+003   0.3568882470E+000
    636000   0.8586653657E+003   0.7132442803E+000
    636100   0.8578401211E+003   0.7133577164E+000
    636200   0.8592566426E+003   0.3567296192E+000
    636300   0.8640791139E+003   0.3564001285E+000
    636400   0.8607818107E+003   0.3566249484E+000
    636500   0.8561177636E+003   0.0000000000E+000
    636600   0.8657926509E+003   0.0000000000E+000
    636700   0.8573873462E+003   0.0000000000E+000
    636800   0.8651526426E+003   0.3563273627E+000
    636900   0.8553554363E+003   0.3569993365E+000
    637000   0.8571193118E+003   0.3568770330E+000
    637100   0.8729955475E+003   0.7113142302E+000
    637200   0.8588445563E+003   0.3567579746E+000
    637300   0.8585762108E+003   0.7132565231E+000
    637400   0.8666184509E+003   0.7121639536E+000
    637500   0.8582174118E+003   0.3568011890E+000
    637600   0.8631097098E+003   0.3564660177E+000
    637700   0.8603960010E+003   0.7130072147E+000
    637800   0.8578496556E+003   0.3568265641E+000
    637900   0.8546285030E+003   0.7138016092E+000
    638000   0.8577041706E+003   0.7133764282E+000
    638100   0.8608842033E+003   0.7129405406E+000
    638200   0.8688261835E+003   0.7118681399E+000
    638300   0.8650481485E+003   0.1068123337E+001
    638400   0.8520533977E+003   0.1427124530E+001
    638500   0.8526082288E+003   0.1070675899E+001
    638600   0.8727625220E+003   0.1066582880E+001
    638700   0.8662807909E+003   0.1423248584E+001
    638800   0.8696579327E+003   0.1422350195E+001
    638900   0.8737217970E+003   0.1066393534E+001
    639000   0.8736907397E+003   0.1066399657E+001
    639100   0.8530722710E+003   0.1070579123E+001
    639200   0.8700335541E+003   0.7117071029E+000
    639300   0.8623843592E+003   0.1068662711E+001
    639400   0.8579062521E+003   0.7133486168E+000
    639500   0.8646390144E+003   0.7124306729E+000
    639600   0.8534095251E+003   0.7139711102E+000
    639700   0.8600599403E+003   0.1069136546E+001
    639800   0.8648010150E+003   0.1068173214E+001
    639900   0.8620152427E+003   0.1068737757E+001
    640000   0.8592771970E+003   0.1069296782E+001
    640100   0.8663975697E+003   0.1423217383E+001
    640200   0.8563077488E+003   0.1069907761E+001
    640300   0.8559758495E+003   0.1069976358E+001
    640400   0.8562223684E+003   0.1069925401E+001
    640500   0.8472128781E+003   0.1071810186E+001
    640600   0.8568526401E+003   0.7134937878E+000
    640700   0.8627768741E+003   0.7126828880E+000
    640800   0.8607016196E+003   0.3566304410E+000
    640900   0.8485703750E+003   0.7146496114E+000
    641000   0.8491012069E+003   0.7145747421E+000
    641100   0.8495522175E+003   0.7145112168E+000
    641200   0.8491599828E+003   0.1071398898E+001
    641300   0.8446947931E+003   0.7151995608E+000
    641400   0.8630637988E+003   0.7126439433E+000
    641500   0.8536490385E+003   0.7139377609E+000
    641600   0.8633697682E+003   0.3564483249E+000
    641700   0.8597393942E+003   0.3566964416E+000
    641800   0.8544903680E+003   0.3570595339E+000
    641900   0.8542918277E+003   0.3570733697E+000
    642000   0.8590232771E+003   0.3567456730E+000
    642100   0.8635893541E+003   0.3564333953E+000
    642200   0.8546849594E+003   0.3570459805E+000
    642300   0.8618693844E+003   0.0000000000E+000
    642400   0.8593762528E+003   0.0000000000E+000
    642500   0.8527774380E+003   0.0000000000E+000
    642600   0.8490124909E+003   0.3574440483E+000
    642700   0.8561918600E+003   0.3569412673E+000
    642800   0.8467259018E+003   0.0000000000E+000
    642900   0.8475244015E+003   0.0000000000E+000
    643000   0.8561158631E+003   0.0000000000E+000
    643100   0.8529190102E+003   0.0000000000E+000
    643200   0.8550328922E+003   0.0000000000E+000
    643300   0.8439743396E+003   0.0000000000E+000
    643400   0.8457945799E+003   0.0000000000E+000
    643500   0.8499559518E+003   0.0000000000E+000
    643600   0.8522201794E+003   0.0000000000E+000
    643700   0.8574694261E+003   0.0000000000E+000
    643800   0.8575773730E+003   0.3568453679E+000
    643900   0.8583247996E+003   0.3567937841E+000
    644000   0.8467886420E+003   0.3576018083E+000
    644100   0.8478908997E+003   0.3575234932E+000
    644200   0.8587437957E+003   0.0000000000E+000
    644300   0.8607411565E+003   0.3566277328E+000
    644400   0.8583428927E+003   0.0000000000E+000
    644500   0.8624524245E+003   0.0000000000E+000
    644600   0.8652542976E+003   0.0000000000E+000
    644700   0.8542874741E+003   0.3570736732E+000
    644800   0.8595099653E+003   0.0000000000E+000
    644900   0.8657907106E+003   0.3562842127E+000
    645000   0.8604449681E+003   0.3566480283E+000
    645100   0.8671007121E+003   0.0000000000E+000
    645200   0.8675513871E+003   0.3561655286E+000
    645300   0.8749139553E+003   0.7110614254E+000
    645400   0.8708373810E+003   0.3559455184E+000
    645500   0.8499131452E+003   0.7144604364E+000
    645600   0.8618873032E+003   0.7128038228E+000
    645700   0.8560451288E+003   0.7136053320E+000
    645800   0.8603356012E+003   0.3566555265E+000
    645900   0.8529601210E+003   0.7140337432E+000
    646000   0.8663722866E+003   0.7121970458E+000
    646100   0.8529681415E+003   0.3571658068E+000
    646200   0.8572754519E+003   0.7134354811E+000
    646300   0.8446615041E+003   0.1429198468E+001
    646400   0.8589193827E+003   0.1069370143E+001
    646500   0.8576211391E+003   0.7133878598E+000
    646600   0.8647315633E+003   0.7124181707E+000
    646700   0.8550248990E+003   0.3570223208E+000
    646800   0.8545213942E+003   0.3570573724E+000
    646900   0.8579809582E+003   0.3568175014E+000
    647000   0.8530239536E+003   0.3571619025E+000
    647100   0.8717696299E+003   0.7114764570E+000
    647200   0.8590487393E+003   0.3567439209E+000
    647300   0.8700145415E+003   0.7117096348E+000
    647400   0.8684218835E+003   0.3561070568E+000
    647500   0.8498753844E+003   0.3573830942E+000
    647600   0.8691423095E+003   0.7118259253E+000
    647700   0.8451227122E+003   0.1072254156E+001
    647800   0.8593963302E+003   0.7131440158E+000
    647900   0.8710480415E+003   0.1066922498E+001
    648000   0.8563649796E+003   0.1069895939E+001
    648100   0.8596761418E+003   0.1069215071E+001
    648200   0.8534132457E+003   0.1070508091E+001
    648300   0.8459242443E+003   0.1072083600E+001
    648400   0.8611934183E+003   0.1068905113E+001
    648500   0.8588875371E+003   0.1069376676E+001
    648600   0.8612727871E+003   0.1068888935E+001
    648700   0.8593751663E+003   0.1069276708E+001
    648800   0.8500995158E+003   0.1071201227E+001
    648900   0.8638979489E+003   0.1068355758E+001
    649000   0.8563552889E+003   0.1069897940E+001
    649100   0.8480887462E+003   0.1428231645E+001
    649200   0.8422368862E+003   0.1429888003E+001
    649300   0.8658170348E+003   0.1067968368E+001
    649400   0.8591356813E+003   0.1069325788E+001
    649500   0.8609305366E+003   0.1424688654E+001
    649600   0.8471087718E+003   0.1071832239E+001
    649700   0.8604348374E+003   0.1069059922E+001
    649800   0.8552258076E+003   0.1070131605E+001
    649900   0.8555513374E+003   0.7136736621E+000
    650000   0.8626245167E+003   0.7127035800E+000
    650100   0.8548111079E+003   0.1070217578E+001
    650200   0.8442001159E+003   0.1072450940E+001
    650300   0.8489583867E+003   0.7145948749E+000
    650400   0.8590060713E+003   0.7131975218E+000
    650500   0.8559036971E+003   0.3569612582E+000
    650600   0.8420791271E+003   0.7155740717E+000
    650700   0.8607987981E+003   0.7129521981E+000
    650800   0.8505881614E+003   0.3573328531E+000
    650900   0.8294599595E+003   0.7174197814E+000
    651000   0.8463914741E+003   0.7149580758E+000
    651100   0.8492150752E+003   0.7145586962E+000
    651200   0.8525650464E+003   0.7140888680E+000
    651300   0.8647737478E+003   0.1068178720E+001
    651400   0.8566400210E+003   0.7135231338E+000
    651500   0.8590979896E+003   0.1069333515E+001
    651600   0.8619452136E+003   0.7127959411E+000
    651700   0.8800889490E+003   0.7103858522E+000
    651800   0.8676440522E+003   0.7120263157E+000
    651900   0.8665677847E+003   0.1067817363E+001
    652000   0.8649721184E+003   0.1068138678E+001
    652100   0.8498029321E+003   0.1071263571E+001
    652200   0.8437122324E+003   0.1072555206E+001
    652300   0.8575400684E+003   0.1069653606E+001
    652400   0.8611925213E+003   0.1068905296E+001
    652500   0.8657193262E+003   0.1423398736E+001
    652600   0.8610768820E+003   0.1780074952E+001
    652700   0.8607014736E+003   0.1780201759E+001
    652800   0.8518443960E+003   0.1783231333E+001
    652900   0.8464268418E+003   0.1785120873E+001
    653000   0.8470108554E+003   0.1784915824E+001
    653100   0.8494215722E+003   0.1784072894E+001
    653200   0.8426604594E+003   0.1786451230E+001
    653300   0.8525009196E+003   0.1783004251E+001
    653400   0.8434820108E+003   0.2142484446E+001
    653500   0.8631280096E+003   0.1779384377E+001
    653600   0.8549124278E+003   0.1782173633E+001
    653700   0.8714127444E+003   0.1421886572E+001
    653800   0.8526767611E+003   0.1426951550E+001
    653900   0.8677891453E+003   0.1067572349E+001
    654000   0.8616204536E+003   0.1424501788E+001
    654100   0.8581031153E+003   0.1069537766E+001
    654200   0.8664402609E+003   0.1067842991E+001
    654300   0.8688018566E+003   0.1067369799E+001
    654400   0.8608679740E+003   0.1424705617E+001
    654500   0.8528460715E+003   0.1782885032E+001
    654600   0.8709880766E+003   0.1066934404E+001
    654700   0.8622255945E+003   0.1424338170E+001
    654800   0.8627801883E+003   0.1068582316E+001
    654900   0.8628459303E+003   0.1068568972E+001
    655000   0.8677687712E+003   0.1067576429E+001
    655100   0.8640163765E+003   0.1068331794E+001
    655200   0.8605243007E+003   0.1069041648E+001
    655300   0.8636110753E+003   0.1068413840E+001
    655400   0.8644620774E+003   0.1068241675E+001
    655500   0.8565516632E+003   0.1069857388E+001
    655600   0.8652601459E+003   0.1423521702E+001
    655700   0.8575212021E+003   0.1069657491E+001
    655800   0.8541207215E+003   0.1426551988E+001
    655900   0.8470863584E+003   0.1071836987E+001
    656000   0.8522196301E+003   0.1070757036E+001
    656100   0.8575822483E+003   0.1069644922E+001
    656200   0.8649212514E+003   0.1423612553E+001
    656300   0.8637187567E+003   0.1068392033E+001
    656400   0.8653244683E+003   0.1423504467E+001
    656500   0.8589299048E+003   0.1425232508E+001
    656600   0.8597581937E+003   0.1425006988E+001
    656700   0.8728109715E+003   0.1421518709E+001
    656800   0.8520884166E+003   0.1427114804E+001
    656900   0.8638511969E+003   0.1423899960E+001
    657000   0.8630583336E+003   0.1424113450E+001
    657100   0.8570874257E+003   0.1425735985E+001
    657200   0.8664408368E+003   0.1423205825E+001
    657300   0.8493994908E+003   0.1427864290E+001
    657400   0.8590375492E+003   0.1069345908E+001
    657500   0.8451833295E+003   0.1072241244E+001
    657600   0.8622878870E+003   0.1068682317E+001
    657700   0.8640778310E+003   0.7125065484E+000
    657800   0.8683200904E+003   0.3561138872E+000
    657900   0.8675331908E+003   0.3561667523E+000
    658000   0.8621242215E+003   0.3565331770E+000
    658100   0.8697766980E+003   0.7117413184E+000
    658200   0.8671083864E+003   0.3561953377E+000
    658300   0.8681159451E+003   0.3561275913E+000
    658400   0.8741808246E+003   0.3557236350E+000
    658500   0.8620280308E+003   0.3565397418E+000
    658600   0.8467929825E+003   0.3576014994E+000
    658700   0.8727882326E+003   0.3558158124E+000
    658800   0.8683426154E+003   0.3561123756E+000
    658900   0.8577665826E+003   0.3568322997E+000
    659000   0.8585118546E+003   0.0000000000E+000
    659100   0.8592619592E+003   0.3567292535E+000
    659200   0.8716732159E+003   0.0000000000E+000
    659300   0.8558621609E+003   0.3569641411E+000
    659400   0.8617646096E+003   0.3565577285E+000
    659500   0.8732918963E+003   0.0000000000E+000
    659600   0.8483723593E+003   0.3574893603E+000
    659700   0.8546006521E+003   0.3570518516E+000
    659800   0.8476339290E+003   0.3575417296E+000
    659900   0.8477756157E+003   0.0000000000E+000
    660000   0.8535385259E+003   0.0000000000E+000
    660100   0.8634029763E+003   0.0000000000E+000
    660200   0.8662268718E+003   0.0000000000E+000
    660300   0.8562130356E+003   0.0000000000E+000
    660400   0.8489131500E+003   0.0000000000E+000
    660500   0.8602179305E+003   0.0000000000E+000
    660600   0.8555750642E+003   0.0000000000E+000
    660700   0.8660375352E+003   0.0000000000E+000
    660800   0.8604271362E+003   0.0000000000E+000
    660900   0.8616956166E+003   0.0000000000E+000
    661000   0.8587418676E+003   0.0000000000E+000
    661100   0.8557091523E+003   0.0000000000E+000
    661200   0.8688623675E+003   0.0000000000E+000
    661300   0.8660011513E+003   0.0000000000E+000
    661400   0.8578000733E+003   0.0000000000E+000
    661500   0.8635779198E+003   0.0000000000E+000
    661600   0.8624174516E+003   0.0000000000E+000
    661700   0.8558646169E+003   0.0000000000E+000
    661800   0.8714460323E+003   0.0000000000E+000
    661900   0.8627864833E+003   0.0000000000E+000
    662000   0.8524472864E+003   0.0000000000E+000
    662100   0.8519873823E+003   0.0000000000E+000
    662200   0.8666639655E+003   0.0000000000E+000
    662300   0.8628224983E+003   0.0000000000E+000
    662400   0.8631557404E+003   0.0000000000E+000
    662500   0.8667034356E+003   0.0000000000E+000
    662600   0.8688186197E+003   0.0000000000E+000
    662700   0.8787158304E+003   0.3554258089E+000
    662800   0.8555610046E+003   0.0000000000E+000
    662900   0.8631243739E+003   0.3564650197E+000
    663000   0.8711352406E+003   0.3559256709E+000
    663100   0.8701634534E+003   0.3559904829E+000
    663200   0.8563515660E+003   0.7135629740E+000
    663300   0.8641820028E+003   0.3563931453E+000
    663400   0.8572216582E+003   0.7134428956E+000
    663500   0.8653826608E+003   0.7123303037E+000
    663600   0.8593834117E+003   0.7131457860E+000
    663700   0.8593641383E+003   0.3567222277E+000
    663800   0.8555906775E+003   0.3569829914E+000
    663900   0.8490185090E+003   0.0000000000E+000
    664000   0.8589909780E+003   0.0000000000E+000
    664100   0.8642566544E+003   0.0000000000E+000
    664200   0.8532691358E+003   0.7139906678E+000
    664300   0.8530449815E+003   0.7140219104E+000
    664400   0.8666568276E+003   0.3562257591E+000
    664500   0.8538916074E+003   0.7139040083E+000
    664600   0.8582986650E+003   0.3567955860E+000
    664700   0.8533995715E+003   0.3571356420E+000
    664800   0.8508482001E+003   0.7143291136E+000
    664900   0.8594069346E+003   0.3567192855E+000
    665000   0.8584523375E+003   0.3567849925E+000
    665100   0.8488940453E+003   0.7146039475E+000
    665200   0.8443399858E+003   0.7152502031E+000
    665300   0.8604486868E+003   0.3566477734E+000
    665400   0.8640629788E+003   0.3564012237E+000
    665500   0.8743474924E+003   0.0000000000E+000
    665600   0.8598713764E+003   0.0000000000E+000
    665700   0.8565940915E+003   0.3569133893E+000
    665800   0.8530264955E+003   0.7140244878E+000
    665900   0.8524396369E+003   0.3572028075E+000
    666000   0.8524562754E+003   0.7141040553E+000
    666100   0.8742829420E+003   0.7111444371E+000
    666200   0.8727957464E+003   0.7113406339E+000
    666300   0.8634327852E+003   0.7125939045E+000
    666400   0.8536972128E+003   0.3571148522E+000
    666500   0.8574243456E+003   0.3568559421E+000
    666600   0.8568310110E+003   0.7134967723E+000
    666700   0.8692372539E+003   0.7118132536E+000
    666800   0.8707694195E+003   0.7116092091E+000
    666900   0.8471161746E+003   0.7148552752E+000
    667000   0.8579941921E+003   0.7133365188E+000
    667100   0.8610525125E+003   0.7129175750E+000
    667200   0.8620604528E+003   0.3565375289E+000
    667300   0.8662933101E+003   0.7122076674E+000
    667400   0.8603282962E+003   0.3566560274E+000
    667500   0.8758903056E+003   0.3556109479E+000
    667600   0.8685023800E+003   0.7119114168E+000
    667700   0.8639087608E+003   0.7125294303E+000
    667800   0.8565810559E+003   0.7135312753E+000
    667900   0.8655419729E+003   0.7123088276E+000
    668000   0.8646207224E+003   0.3563633909E+000
    668100   0.8565733171E+003   0.7135323439E+000
    668200   0.8595800895E+003   0.7131188412E+000
    668300   0.8480688926E+003   0.3575108692E+000
    668400   0.8671368641E+003   0.3561934204E+000
    668500   0.8624865188E+003   0.3565084663E+000
    668600   0.8583317993E+003   0.3567933015E+000
    668700   0.8470115604E+003   0.7148701023E+000
    668800   0.8636626957E+003   0.3564284108E+000
    668900   0.8614511541E+003   0.7128632223E+000
    669000   0.8600433420E+003   0.7130554324E+000
    669100   0.8559839747E+003   0.3569556875E+000
    669200   0.8660816254E+003   0.0000000000E+000
    669300   0.8544485715E+003   0.3570624460E+000
    669400   0.8591627787E+003   0.3567360751E+000
    669500   0.8518526865E+003   0.3572439628E+000
    669600   0.8561265921E+003   0.3569457938E+000
    669700   0.8637044168E+003   0.3564255757E+000
    669800   0.8582008726E+003   0.3568023297E+000
    669900   0.8666082924E+003   0.3562290311E+000
    670000   0.8629493376E+003   0.3564769346E+000
    670100   0.8618486232E+003   0.7128090878E+000
    670200   0.8654401505E+003   0.3563079105E+000
    670300   0.8697503766E+003   0.3560180835E+000
    670400   0.8722697280E+003   0.3558502203E+000
    670500   0.8758472413E+003   0.3556137804E+000
    670600   0.8686054463E+003   0.0000000000E+000
    670700   0.8645168837E+003   0.0000000000E+000
    670800   0.8688918051E+003   0.3560755485E+000
    670900   0.8725918602E+003   0.0000000000E+000
    671000   0.8629963545E+003   0.3564737335E+000
    671100   0.8644853483E+003   0.7124514381E+000
    671200   0.8655626322E+003   0.3562996282E+000
    671300   0.8554895088E+003   0.3569900195E+000
    671400   0.8591100948E+003   0.3567396994E+000
    671500   0.8555275747E+003   0.3569873749E+000
    671600   0.8496004220E+003   0.3574025016E+000
    671700   0.8663732539E+003   0.3562448823E+000
    671800   0.8547318269E+003   0.1070234025E+001
    671900   0.8557584823E+003   0.1070021317E+001
    672000   0.8584024505E+003   0.3567884310E+000
    672100   0.8585162878E+003   0.3567805853E+000
    672200   0.8585778888E+003   0.3567763408E+000
    672300   0.8579118831E+003   0.3568222687E+000
    672400   0.8638892305E+003   0.3564130210E+000
    672500   0.8649078721E+003   0.3563439352E+000
    672600   0.8650369845E+003   0.3563351921E+000
    672700   0.8524048671E+003   0.7141112348E+000
    672800   0.8583199758E+003   0.7132917258E+000
    672900   0.8642734591E+003   0.3563869398E+000
    673000   0.8774797350E+003   0.3555066321E+000
    673100   0.8600972970E+003   0.7130480524E+000
    673200   0.8756207086E+003   0.3556286855E+000
    673300   0.8687633001E+003   0.3560841608E+000
    673400   0.8638403597E+003   0.7125386906E+000
    673500   0.8683533990E+003   0.3561116520E+000
    673600   0.8543879346E+003   0.7138350160E+000
    673700   0.8678211177E+003   0.3561473960E+000
    673800   0.8562504001E+003   0.3569372081E+000
    673900   0.8754794795E+003   0.3556379824E+000
    674000   0.8766719958E+003   0.7108308819E+000
    674100   0.8649071873E+003   0.7123944547E+000
    674200   0.8652150965E+003   0.7123529022E+000
    674300   0.8653599317E+003   0.1068060458E+001
    674400   0.8630536987E+003   0.1068526816E+001
    674500   0.8601433844E+003   0.1069119485E+001
    674600   0.8498065741E+003   0.7144754251E+000
    674700   0.8614602662E+003   0.3565785254E+000
    674800   0.8634167350E+003   0.1068453212E+001
    674900   0.8743544705E+003   0.7111350203E+000
    675000   0.8606062904E+003   0.7129784846E+000
    675100   0.8724311458E+003   0.7113888521E+000
    675200   0.8582630795E+003   0.1069504888E+001
    675300   0.8660254214E+003   0.7122437125E+000
    675400   0.8612615934E+003   0.3565921107E+000
    675500   0.8605896934E+003   0.3566381094E+000
    675600   0.8459732319E+003   0.3576598964E+000
    675700   0.8558376462E+003   0.1070004940E+001
    675800   0.8503570028E+003   0.7143980573E+000
    675900   0.8604031713E+003   0.1069066391E+001
    676000   0.8550353479E+003   0.1426299713E+001
    676100   0.8563099119E+003   0.1069907314E+001
    676200   0.8575510835E+003   0.1069651338E+001
    676300   0.8479657671E+003   0.7147350195E+000
    676400   0.8721289854E+003   0.7114288482E+000
    676500   0.8614228450E+003   0.7128670802E+000
    676600   0.8659228627E+003   0.7122575190E+000
    676700   0.8635829801E+003   0.7125735506E+000
    676800   0.8608360888E+003   0.7129471078E+000
    676900   0.8527896255E+003   0.7140575251E+000
    677000   0.8574991524E+003   0.7134046594E+000
    677100   0.8652537274E+003   0.7123476913E+000
    677200   0.8662539868E+003   0.1067880443E+001
    677300   0.8554659569E+003   0.1426181159E+001
    677400   0.8775536122E+003   0.1065641988E+001
    677500   0.8752672503E+003   0.1066089500E+001
    677600   0.8691478665E+003   0.1422485363E+001
    677700   0.8663240984E+003   0.1067866344E+001
    677800   0.8472427545E+003   0.1071803859E+001
    677900   0.8455460324E+003   0.1072164032E+001
    678000   0.8625173037E+003   0.1424259393E+001
    678100   0.8616559531E+003   0.1424492182E+001
    678200   0.8493506279E+003   0.1784097621E+001
    678300   0.8409379818E+003   0.1787064279E+001
    678400   0.8561117006E+003   0.1426003635E+001
    678500   0.8671241927E+003   0.1423023460E+001
    678600   0.8604681706E+003   0.1424814083E+001
    678700   0.8540404685E+003   0.1426574154E+001
    678800   0.8470250750E+003   0.1071849972E+001
    678900   0.8544264294E+003   0.7138296689E+000
    679000   0.8530509079E+003   0.1070583576E+001
    679100   0.8545042459E+003   0.1070281257E+001
    679200   0.8541496298E+003   0.1070354913E+001
    679300   0.8427625685E+003   0.7154759543E+000
    679400   0.8625328930E+003   0.3565053051E+000
    679500   0.8683517795E+003   0.7119315576E+000
    679600   0.8597178423E+003   0.3566979218E+000
    679700   0.8560265886E+003   0.3569527309E+000
    679800   0.8541278437E+003   0.3570848031E+000
    679900   0.8559010313E+003   0.3569614433E+000
    680000   0.8491892138E+003   0.3574315530E+000
    680100   0.8648571154E+003   0.3563473731E+000
    680200   0.8601256294E+003   0.0000000000E+000
    680300   0.8609851833E+003   0.3566110238E+000
    680400   0.8591147424E+003   0.3567393797E+000
    680500   0.8591745824E+003   0.0000000000E+000
    680600   0.8634564353E+003   0.0000000000E+000
    680700   0.8641729140E+003   0.7124936845E+000
    680800   0.8664636866E+003   0.3562387823E+000
    680900   0.8599946168E+003   0.7130620981E+000
    681000   0.8637030564E+003   0.3564256682E+000
    681100   0.8770512482E+003   0.3555347109E+000
    681200   0.8489126470E+003   0.3574511105E+000
    681300   0.8590983893E+003   0.3567405047E+000
    681400   0.8751056918E+003   0.3556626053E+000
    681500   0.8776305142E+003   0.3554967591E+000
    681600   0.8736183471E+003   0.3557608250E+000
    681700   0.8686975769E+003   0.3560885667E+000
    681800   0.8711043162E+003   0.7115647208E+000
    681900   0.8619327375E+003   0.3565462471E+000
    682000   0.8558834610E+003   0.1426066346E+001
    682100   0.8552616032E+003   0.1782053815E+001
    682200   0.8582815092E+003   0.1069501101E+001
    682300   0.8582233567E+003   0.1069513051E+001
    682400   0.8626423739E+003   0.7127011543E+000
    682500   0.8540608041E+003   0.1070373373E+001
    682600   0.8508735559E+003   0.1071038757E+001
    682700   0.8547361216E+003   0.1070233134E+001
    682800   0.8619153325E+003   0.7128000078E+000
    682900   0.8705985308E+003   0.1067011798E+001
    683000   0.8545283193E+003   0.7138155186E+000
    683100   0.8630844294E+003   0.7126411442E+000
    683200   0.8539933274E+003   0.7138898610E+000
    683300   0.8660087017E+003   0.7122459631E+000
    683400   0.8582816455E+003   0.7132969939E+000
    683500   0.8749249057E+003   0.7110599861E+000
    683600   0.8576421524E+003   0.7133849665E+000
    683700   0.8510018167E+003   0.7143075713E+000
    683800   0.8482136821E+003   0.1071598511E+001
    683900   0.8491130046E+003   0.1071408796E+001
    684000   0.8518764722E+003   0.7141850874E+000
    684100   0.8574730478E+003   0.7134082551E+000
    684200   0.8550408704E+003   0.7137443964E+000
    684300   0.8594756510E+003   0.7131331475E+000
    684400   0.8688948553E+003   0.7118589666E+000
    684500   0.8574379666E+003   0.1069674632E+001
    684600   0.8651212211E+003   0.7123655671E+000
    684700   0.8515200131E+003   0.1070903330E+001
    684800   0.8494585627E+003   0.7145244017E+000
    684900   0.8567710371E+003   0.3569011351E+000
    685000   0.8440136147E+003   0.7152968306E+000
    685100   0.8551066826E+003   0.7137352714E+000
    685200   0.8505059494E+003   0.7143771415E+000
    685300   0.8572486281E+003   0.7134391781E+000
    685400   0.8524497890E+003   0.7141049611E+000
    685500   0.8543767382E+003   0.3570674516E+000
    685600   0.8642277882E+003   0.3563900385E+000
    685700   0.8548709643E+003   0.7137679618E+000
    685800   0.8390311485E+003   0.7160139272E+000
    685900   0.8602252218E+003   0.3566630964E+000
    686000   0.8559259322E+003   0.3569597152E+000
    686100   0.8456835505E+003   0.3576805642E+000
    686200   0.8512469063E+003   0.0000000000E+000
    686300   0.8707720748E+003   0.0000000000E+000
    686400   0.8571620607E+003   0.0000000000E+000
    686500   0.8560473621E+003   0.0000000000E+000
    686600   0.8652276114E+003   0.0000000000E+000
    686700   0.8459854993E+003   0.3576590215E+000
    686800   0.8491405970E+003   0.0000000000E+000
    686900   0.8590727876E+003   0.3567422662E+000
    687000   0.8467246898E+003   0.7149107828E+000
    687100   0.8429543721E+003   0.7154484517E+000
    687200   0.8572418050E+003   0.3568685614E+000
    687300   0.8538833487E+003   0.7139051571E+000
    687400   0.8555682432E+003   0.7136713211E+000
    687500   0.8637602615E+003   0.7125495367E+000
    687600   0.8625519031E+003   0.3565040093E+000
    687700   0.8643523137E+003   0.7124694223E+000
    687800   0.8610900215E+003   0.7129124583E+000
    687900   0.8563092045E+003   0.1069907460E+001
    688000   0.8596616533E+003   0.7131076712E+000
    688100   0.8495109545E+003   0.1071324997E+001
    688200   0.8472864648E+003   0.7148311488E+000
    688300   0.8601680266E+003   0.7130383795E+000
    688400   0.8561484632E+003   0.1069940674E+001
    688500   0.8533417862E+003   0.1070522972E+001
    688600   0.8442982388E+003   0.1072429987E+001
    688700   0.8487238650E+003   0.1071490828E+001
    688800   0.8526586518E+003   0.1070665378E+001
    688900   0.8492099255E+003   0.1427917336E+001
    689000   0.8587828563E+003   0.1425272598E+001
    689100   0.8465727296E+003   0.1428658185E+001
    689200   0.8539421890E+003   0.1070398032E+001
    689300   0.8514110909E+003   0.7142502213E+000
    689400   0.8498784325E+003   0.7144653181E+000
    689500   0.8536976601E+003   0.3571148209E+000
    689600   0.8677411543E+003   0.3561527702E+000
    689700   0.8594321667E+003   0.7131391053E+000
    689800   0.8643472451E+003   0.7124701076E+000
    689900   0.8519684618E+003   0.1070809525E+001
    690000   0.8599849251E+003   0.7130634240E+000
    690100   0.8561175238E+003   0.7135953219E+000
    690200   0.8629145938E+003   0.7126641914E+000
    690300   0.8632385538E+003   0.1068489328E+001
    690400   0.8604225208E+003   0.7130035906E+000
    690500   0.8612641066E+003   0.7128887179E+000
    690600   0.8716684208E+003   0.7114898738E+000
    690700   0.8561206259E+003   0.1069946428E+001
    690800   0.8740824418E+003   0.1066322473E+001
    690900   0.8724872469E+003   0.7113814297E+000
    691000   0.8570613324E+003   0.1069752240E+001
    691100   0.8541801693E+003   0.1070348567E+001
    691200   0.8676404543E+003   0.7120267978E+000
    691300   0.8556952995E+003   0.7136537313E+000
    691400   0.8596703482E+003   0.1069216257E+001
    691500   0.8557685797E+003   0.3569706372E+000
    691600   0.8616565957E+003   0.7128352343E+000
    691700   0.8592621128E+003   0.3567292430E+000
    691800   0.8664509191E+003   0.3562396434E+000
    691900   0.8652878448E+003   0.3563182133E+000
    692000   0.8696201297E+003   0.7117621862E+000
    692100   0.8745209042E+003   0.7111131161E+000
    692200   0.8607251781E+003   0.3566288273E+000
    692300   0.8633086137E+003   0.3564524844E+000
    692400   0.8720086108E+003   0.3558675661E+000
    692500   0.8615968050E+003   0.7128433782E+000
    692600   0.8603379458E+003   0.3566553658E+000
    692700   0.8590616639E+003   0.3567430316E+000
    692800   0.8621911377E+003   0.3565286111E+000
    692900   0.8623050735E+003   0.3565208389E+000
    693000   0.8614237136E+003   0.7128669618E+000
    693100   0.8642361154E+003   0.7124851358E+000
    693200   0.8649480526E+003   0.7123889379E+000
    693300   0.8644950555E+003   0.7124501261E+000
    693400   0.8533284944E+003   0.7139823977E+000
    693500   0.8583206575E+003   0.3567940696E+000
    693600   0.8577590108E+003   0.0000000000E+000
    693700   0.8502809398E+003   0.3573544960E+000
    693800   0.8407568411E+003   0.0000000000E+000
    693900   0.8583257075E+003   0.0000000000E+000
    694000   0.8600652493E+003   0.3566740714E+000
    694100   0.8528557605E+003   0.7140482988E+000
    694200   0.8654509341E+003   0.3563071812E+000
    694300   0.8592109416E+003   0.3567327623E+000
    694400   0.8581796765E+003   0.3568037916E+000
    694500   0.8544256759E+003   0.3570640413E+000
    694600   0.8629146536E+003   0.3564792962E+000
    694700   0.8667510432E+003   0.3562194088E+000
    694800   0.8631217479E+003   0.3564651984E+000
    694900   0.8608107910E+003   0.7129505610E+000
    695000   0.8661660494E+003   0.7122247874E+000
    695100   0.8612078521E+003   0.3565957868E+000
    695200   0.8667418304E+003   0.3562200297E+000
    695300   0.8489795380E+003   0.3574463789E+000
    695400   0.8444994566E+003   0.7152274354E+000
    695500   0.8456514196E+003   0.1072141611E+001
    695600   0.8552627992E+003   0.1070123941E+001
    695700   0.8499794229E+003   0.1071226465E+001
    695800   0.8612047186E+003   0.7128968156E+000
    695900   0.8524216884E+003   0.3572040650E+000
    696000   0.8471836845E+003   0.3575737133E+000
    696100   0.8479291149E+003   0.3575207823E+000
    696200   0.8569734333E+003   0.3568871256E+000
    696300   0.8387240375E+003   0.7160584540E+000
    696400   0.8470645719E+003   0.7148625883E+000
    696500   0.8434103573E+003   0.3578433253E+000
    696600   0.8341433987E+003   0.7167271391E+000
    696700   0.8444884622E+003   0.3577660051E+000
    696800   0.8422283892E+003   0.7155526272E+000
    696900   0.8480289576E+003   0.0000000000E+000
    697000   0.8478817117E+003   0.3575241450E+000
    697100   0.8424009270E+003   0.0000000000E+000
    697200   0.8376532511E+003   0.3582601615E+000
    697300   0.8587807892E+003   0.7132284347E+000
    697400   0.8599786697E+003   0.3566800132E+000
    697500   0.8514879517E+003   0.7142394583E+000
    697600   0.8424392403E+003   0.3579131707E+000
    697700   0.8597897562E+003   0.0000000000E+000
    697800   0.8588710255E+003   0.3567561523E+000
    697900   0.8507812155E+003   0.1071058121E+001
    698000   0.8437823855E+003   0.7153298910E+000
    698100   0.8415131959E+003   0.1430094712E+001
    698200   0.8512023398E+003   0.1070969849E+001
    698300   0.8571510027E+003   0.1069733756E+001
    698400   0.8434689120E+003   0.1072607259E+001
    698500   0.8494768161E+003   0.1071332182E+001
    698600   0.8565407899E+003   0.1069859633E+001
    698700   0.8501218710E+003   0.1427662397E+001
    698800   0.8675452313E+003   0.1067621216E+001
    698900   0.8561226470E+003   0.7135946135E+000
    699000   0.8561997525E+003   0.7135839544E+000
    699100   0.8582802949E+003   0.7132971795E+000
    699200   0.8628961546E+003   0.7126666942E+000
    699300   0.8484027979E+003   0.7146732694E+000
    699400   0.8679509767E+003   0.7119851993E+000
    699500   0.8636662012E+003   0.7125622764E+000
    699600   0.8613242842E+003   0.7128805140E+000
    699700   0.8629234609E+003   0.7126629878E+000
    699800   0.8702352362E+003   0.7116802536E+000
    699900   0.8739343812E+003   0.7111903510E+000
    700000   0.8672170705E+003   0.1067687011E+001
    700100   0.8672116849E+003   0.7120842941E+000
    700200   0.8740240434E+003   0.7111785362E+000
    700300   0.8679895287E+003   0.7119800371E+000
    700400   0.8678967730E+003   0.7119924581E+000
    700500   0.8604838623E+003   0.1069049907E+001
    700600   0.8652158975E+003   0.1068089499E+001
    700700   0.8572733128E+003   0.7134357759E+000
    700800   0.8581523022E+003   0.7133147748E+000
    700900   0.8549185336E+003   0.7137613630E+000
    701000   0.8483885420E+003   0.7146752825E+000
    701100   0.8569050845E+003   0.1069784460E+001
    701200   0.8549072275E+003   0.7137629313E+000
    701300   0.8513802909E+003   0.7142545350E+000
    701400   0.8637093687E+003   0.7125564293E+000
    701500   0.8562657251E+003   0.1069916443E+001
    701600   0.8661887811E+003   0.7122217290E+000
    701700   0.8599721249E+003   0.7130651753E+000
    701800   0.8651556121E+003   0.1068101658E+001
    701900   0.8525897241E+003   0.7140854229E+000
    702000   0.8587111034E+003   0.7132380008E+000
    702100   0.8545276424E+003   0.3570569371E+000
    702200   0.8561348987E+003   0.7135929197E+000
    702300   0.8519226486E+003   0.7141786292E+000
    702400   0.8633806946E+003   0.3564475818E+000
    702500   0.8550918678E+003   0.3570176624E+000
    702600   0.8689524766E+003   0.3560714834E+000
    702700   0.8628518940E+003   0.3564835701E+000
    702800   0.8599218811E+003   0.7130720500E+000
    702900   0.8618507081E+003   0.7128088040E+000
    703000   0.8775561908E+003   0.7107153369E+000
    703100   0.8646363021E+003   0.1068206476E+001
    703200   0.8679377260E+003   0.1067542597E+001
    703300   0.8513517708E+003   0.1427319581E+001
    703400   0.8673054406E+003   0.1067669287E+001
    703500   0.8546672085E+003   0.1070247433E+001
    703600   0.8589633150E+003   0.1425223402E+001
    703700   0.8608606205E+003   0.1424707611E+001
    703800   0.8614304498E+003   0.1424553216E+001
    703900   0.8551275969E+003   0.1070151957E+001
    704000   0.8312750858E+003   0.1075261561E+001
    704100   0.8523630269E+003   0.1070727086E+001
    704200   0.8585185621E+003   0.1069452406E+001
    704300   0.8462794836E+003   0.1072008131E+001
    704400   0.8493206372E+003   0.1071365062E+001
    704500   0.8571013759E+003   0.1069743985E+001
    704600   0.8709406215E+003   0.1066943828E+001
    704700   0.8518342410E+003   0.1070837588E+001
    704800   0.8645761326E+003   0.1423705159E+001
    704900   0.8715930762E+003   0.1066814365E+001
    705000   0.8683302633E+003   0.1067464053E+001
    705100   0.8575579796E+003   0.1069649919E+001
    705200   0.8563419169E+003   0.1069900703E+001
    705300   0.8563385104E+003   0.1425941356E+001
    705400   0.8625146898E+003   0.1068636231E+001
    705500   0.8636919822E+003   0.1068397454E+001
    705600   0.8546395360E+003   0.1070253175E+001
    705700   0.8611584479E+003   0.1068912243E+001
    705800   0.8643348862E+003   0.1068267381E+001
    705900   0.8572514339E+003   0.1425691066E+001
    706000   0.8618336112E+003   0.1068774712E+001
    706100   0.8559932553E+003   0.1069972759E+001
    706200   0.8677086353E+003   0.1067588475E+001
    706300   0.8707334212E+003   0.1066984989E+001
    706400   0.8518876455E+003   0.1070826421E+001
    706500   0.8477929368E+003   0.1428314733E+001
    706600   0.8567518561E+003   0.1069816070E+001
    706700   0.8622839750E+003   0.1068683113E+001
    706800   0.8571816326E+003   0.7134484132E+000
    706900   0.8532913521E+003   0.7139875724E+000
    707000   0.8556763377E+003   0.1070038314E+001
    707100   0.8512582922E+003   0.1070958129E+001
    707200   0.8630232337E+003   0.7126494474E+000
    707300   0.8617564870E+003   0.7128216314E+000
    707400   0.8567650661E+003   0.7135058728E+000
    707500   0.8472111393E+003   0.1071810554E+001
    707600   0.8521656187E+003   0.1070768320E+001
    707700   0.8619369186E+003   0.1068753691E+001
    707800   0.8544996838E+003   0.1070282204E+001
    707900   0.8594078843E+003   0.1425102306E+001
    708000   0.8564582332E+003   0.1069876679E+001
    708100   0.8551768273E+003   0.1070141754E+001
    708200   0.8568566225E+003   0.1425799232E+001
    708300   0.8566121444E+003   0.1069844903E+001
    708400   0.8676191262E+003   0.1067606408E+001
    708500   0.8642734059E+003   0.7124800925E+000
    708600   0.8591777622E+003   0.7131739753E+000
    708700   0.8640272416E+003   0.7125133941E+000
    708800   0.8650644793E+003   0.7123732238E+000
    708900   0.8650891174E+003   0.1423567541E+001
    709000   0.8574748682E+003   0.1425629903E+001
    709100   0.8556611857E+003   0.1070041450E+001
    709200   0.8598219004E+003   0.1424989663E+001
    709300   0.8540096378E+003   0.1070384009E+001
    709400   0.8575220036E+003   0.7134015120E+000
    709500   0.8545960279E+003   0.1070262205E+001
    709600   0.8528789520E+003   0.7140450638E+000
    709700   0.8602912025E+003   0.1069089270E+001
    709800   0.8531198107E+003   0.7140114786E+000
    709900   0.8656457095E+003   0.1068002870E+001
    710000   0.8654468346E+003   0.1068042941E+001
    710100   0.8659903159E+003   0.1067933487E+001
    710200   0.8609599666E+003   0.1068952721E+001
    710300   0.8600228937E+003   0.1424935024E+001
    710400   0.8681692889E+003   0.1422745204E+001
    710500   0.8654341993E+003   0.1068045488E+001
    710600   0.8740639602E+003   0.1066326113E+001
    710700   0.8592070850E+003   0.1069311151E+001
    710800   0.8586678642E+003   0.1069421754E+001
    710900   0.8672253526E+003   0.1067685350E+001
    711000   0.8608107637E+003   0.1068983164E+001
    711100   0.8570569194E+003   0.1425744343E+001
    711200   0.8706250630E+003   0.1067006524E+001
    711300   0.8548261066E+003   0.1426357371E+001
    711400   0.8498399689E+003   0.1427741136E+001
    711500   0.8682495629E+003   0.1067480194E+001
    711600   0.8507592393E+003   0.1783607569E+001
    711700   0.8758742581E+003   0.1065970425E+001
    711800   0.8677841294E+003   0.1067573353E+001
    711900   0.8589027782E+003   0.1425239902E+001
    712000   0.8654488677E+003   0.1068042532E+001
    712100   0.8642984962E+003   0.1778992004E+001
    712200   0.8649933883E+003   0.1423593208E+001
    712300   0.8641483104E+003   0.1779042281E+001
    712400   0.8691121526E+003   0.1422494834E+001
    712500   0.8554111834E+003   0.1426196231E+001
    712600   0.8664771462E+003   0.1423196127E+001
    712700   0.8556849788E+003   0.1426120912E+001
    712800   0.8560925191E+003   0.1781769148E+001
    712900   0.8539028220E+003   0.1426612183E+001
    713000   0.8706818967E+003   0.1422079399E+001
    713100   0.8619085836E+003   0.1424423850E+001
    713200   0.8701178445E+003   0.1777059433E+001
    713300   0.8657613823E+003   0.1423387481E+001
    713400   0.8600530624E+003   0.1424926825E+001
    713500   0.8689971081E+003   0.1422525349E+001
    713600   0.8487930682E+003   0.1428034084E+001
    713700   0.8574680261E+003   0.1069668441E+001
    713800   0.8571243357E+003   0.7134563126E+000
    713900   0.8666984037E+003   0.7121532101E+000
    714000   0.8548673691E+003   0.7137684605E+000
    714100   0.8608992990E+003   0.7129384804E+000
    714200   0.8572357482E+003   0.1069716290E+001
    714300   0.8690415938E+003   0.7118393707E+000
    714400   0.8617752817E+003   0.7128190724E+000
    714500   0.8603703132E+003   0.7130107254E+000
    714600   0.8379627369E+003   0.7161689965E+000
    714700   0.8607710951E+003   0.3566256823E+000
    714800   0.8597490925E+003   0.3566957755E+000
    714900   0.8684100843E+003   0.3561078484E+000
    715000   0.8620879040E+003   0.3565356554E+000
    715100   0.8566895395E+003   0.3569067784E+000
    715200   0.8659338614E+003   0.3562745422E+000
    715300   0.8556676346E+003   0.7136575608E+000
    715400   0.8560807816E+003   0.7136004020E+000
    715500   0.8573714891E+003   0.3568595955E+000
    715600   0.8596741846E+003   0.7131059553E+000
    715700   0.8625238986E+003   0.3565059182E+000
    715800   0.8526177287E+003   0.3571903333E+000
    715900   0.8550403038E+003   0.3570212491E+000
    716000   0.8586848785E+003   0.3567689705E+000
    716100   0.8594942063E+003   0.3567132869E+000
    716200   0.8538569815E+003   0.3571036995E+000
    716300   0.8667855482E+003   0.7121415029E+000
    716400   0.8644650165E+003   0.7124541863E+000
    716500   0.8656706783E+003   0.3562923244E+000
    716600   0.8632935891E+003   0.3564535064E+000
    716700   0.8615577668E+003   0.3565718610E+000
    716800   0.8599894765E+003   0.3566792715E+000
    716900   0.8729143444E+003   0.7113249595E+000
    717000   0.8648529267E+003   0.3563476568E+000
    717100   0.8648175309E+003   0.3563500546E+000
    717200   0.8650357178E+003   0.3563352778E+000
    717300   0.8675512641E+003   0.3561655368E+000
    717400   0.8656676422E+003   0.7122918932E+000
    717500   0.8617277381E+003   0.7128255459E+000
    717600   0.8616997051E+003   0.3565621623E+000
    717700   0.8600204629E+003   0.7130585622E+000
    717800   0.8666492407E+003   0.3562262706E+000
    717900   0.8538317810E+003   0.3571054583E+000
    718000   0.8533619011E+003   0.3571382744E+000
    718100   0.8613583924E+003   0.3565854906E+000
    718200   0.8501295964E+003   0.3573651644E+000
    718300   0.8603786204E+003   0.3566525769E+000
    718400   0.8664996154E+003   0.0000000000E+000
    718500   0.8677077314E+003   0.0000000000E+000
    718600   0.8528179144E+003   0.0000000000E+000
    718700   0.8620267781E+003   0.0000000000E+000
    718800   0.8595032370E+003   0.3567126663E+000
    718900   0.8644509104E+003   0.3563749036E+000
    719000   0.8643582588E+003   0.3563811872E+000
    719100   0.8670009114E+003   0.3562025749E+000
    719200   0.8546350654E+003   0.3570494549E+000
    719300   0.8630532421E+003   0.3564698610E+000
    719400   0.8581378961E+003   0.3568066734E+000
    719500   0.8538943149E+003   0.3571010942E+000
    719600   0.8591647738E+003   0.7131757563E+000
    719700   0.8551123729E+003   0.7137344825E+000
    719800   0.8504245738E+003   0.3573443751E+000
    719900   0.8723079459E+003   0.3558476826E+000
    720000   0.8604711073E+003   0.3566462366E+000
    720100   0.8698561505E+003   0.3560110131E+000
    720200   0.8670869013E+003   0.3561967843E+000
    720300   0.8582850035E+003   0.3567965280E+000
    720400   0.8603605064E+003   0.0000000000E+000
    720500   0.8442812745E+003   0.3577808464E+000
    720600   0.8617264882E+003   0.3565603326E+000
    720700   0.8694728554E+003   0.3560366438E+000
    720800   0.8535039815E+003   0.3571283472E+000
    720900   0.8568058468E+003   0.3568987251E+000
    721000   0.8749109623E+003   0.3556754425E+000
    721100   0.8662302276E+003   0.3562545331E+000
    721200   0.8449396942E+003   0.3577337118E+000
    721300   0.8550616943E+003   0.3570197612E+000
    721400   0.8536714177E+003   0.0000000000E+000
    721500   0.8439469215E+003   0.3578048148E+000
    721600   0.8546282569E+003   0.3570499291E+000
    721700   0.8443064100E+003   0.0000000000E+000
    721800   0.8521198279E+003   0.3572252234E+000
    721900   0.8580043104E+003   0.0000000000E+000
    722000   0.8487687377E+003   0.3574612931E+000
    722100   0.8526858076E+003   0.3571855664E+000
    722200   0.8607128292E+003   0.0000000000E+000
    722300   0.8550713393E+003   0.0000000000E+000
    722400   0.8553236530E+003   0.7137051996E+000
    722500   0.8514153414E+003   0.7142496261E+000
    722600   0.8482281630E+003   0.7146979354E+000
    722700   0.8617735193E+003   0.7128193123E+000
    722800   0.8424411742E+003   0.1072827508E+001
    722900   0.8568670630E+003   0.7134917977E+000
    723000   0.8604016970E+003   0.1424832128E+001
    723100   0.8564812776E+003   0.1069871921E+001
    723200   0.8545200107E+003   0.1070277984E+001
    723300   0.8520296496E+003   0.1427131126E+001
    723400   0.8500469497E+003   0.1071212273E+001
    723500   0.8579784072E+003   0.1069563408E+001
    723600   0.8476384164E+003   0.7147813210E+000
    723700   0.8499497504E+003   0.1427710466E+001
    723800   0.8620449179E+003   0.1068731721E+001
    723900   0.8507769206E+003   0.1071059021E+001
    724000   0.8633539864E+003   0.1068465928E+001
    724100   0.8659638178E+003   0.1067938820E+001
    724200   0.8526158899E+003   0.7140817704E+000
    724300   0.8356367435E+003   0.1074301720E+001
    724400   0.8493673377E+003   0.7145372478E+000
    724500   0.8569558695E+003   0.7134795460E+000
    724600   0.8541083450E+003   0.7138738690E+000
    724700   0.8688455829E+003   0.1067361066E+001
    724800   0.8451699755E+003   0.1072244088E+001
    724900   0.8633952451E+003   0.1068457567E+001
    725000   0.8688751837E+003   0.7118615942E+000
    725100   0.8589881402E+003   0.3567480911E+000
    725200   0.8628059070E+003   0.0000000000E+000
    725300   0.8499643533E+003   0.3573768177E+000
    725400   0.8494493562E+003   0.3574131704E+000
    725500   0.8626851246E+003   0.0000000000E+000
    725600   0.8419809279E+003   0.7155881848E+000
    725700   0.8519462568E+003   0.3572373975E+000
    725800   0.8594827180E+003   0.3567140765E+000
    725900   0.8523408736E+003   0.7141201733E+000
    726000   0.8508679987E+003   0.3573131553E+000
    726100   0.8558972965E+003   0.3569617025E+000
    726200   0.8652147593E+003   0.0000000000E+000
    726300   0.8514032902E+003   0.0000000000E+000
    726400   0.8516330640E+003   0.0000000000E+000
    726500   0.8558245342E+003   0.3569667528E+000
    726600   0.8593883669E+003   0.3567205620E+000
    726700   0.8606264839E+003   0.0000000000E+000
    726800   0.8618497009E+003   0.0000000000E+000
    726900   0.8426726597E+003   0.3578963654E+000
    727000   0.8433995757E+003   0.0000000000E+000
    727100   0.8723550684E+003   0.3558445539E+000
    727200   0.8551544839E+003   0.3570133075E+000
    727300   0.8508744170E+003   0.0000000000E+000
    727400   0.8539155449E+003   0.0000000000E+000
    727500   0.8628435810E+003   0.3564841363E+000
    727600   0.8591105718E+003   0.3567396666E+000
    727700   0.8634350909E+003   0.3564438827E+000
    727800   0.8512494323E+003   0.3572863304E+000
    727900   0.8587828807E+003   0.3567622212E+000
    728000   0.8545667186E+003   0.3570542152E+000
    728100   0.8540399021E+003   0.0000000000E+000
    728200   0.8556132585E+003   0.0000000000E+000
    728300   0.8594540341E+003   0.0000000000E+000
    728400   0.8532785004E+003   0.0000000000E+000
    728500   0.8544727129E+003   0.0000000000E+000
    728600   0.8576126930E+003   0.3568429279E+000
    728700   0.8707193269E+003   0.0000000000E+000
    728800   0.8588749374E+003   0.3567558830E+000
    728900   0.8749128703E+003   0.0000000000E+000
    729000   0.8553788706E+003   0.3569977078E+000
    729100   0.8577854875E+003   0.3568309943E+000
    729200   0.8536408914E+003   0.3571187848E+000
    729300   0.8573926780E+003   0.3568581309E+000
    729400   0.8615900757E+003   0.3565696530E+000
    729500   0.8593125226E+003   0.0000000000E+000
    729600   0.8615075343E+003   0.0000000000E+000
    729700   0.8588715346E+003   0.3567561173E+000
    729800   0.8597949668E+003   0.0000000000E+000
    729900   0.8653972304E+003   0.3563108134E+000
    730000   0.8539168261E+003   0.0000000000E+000
    730100   0.8490853182E+003   0.7145769815E+000
    730200   0.8583007615E+003   0.7132943666E+000
    730300   0.8505690770E+003   0.1071102625E+001
    730400   0.8482324895E+003   0.7146973242E+000
    730500   0.8667003594E+003   0.7121529474E+000
    730600   0.8583103908E+003   0.1069495166E+001
    730700   0.8601784246E+003   0.3566663065E+000
    730800   0.8743278247E+003   0.7111385280E+000
    730900   0.8651384436E+003   0.7123632433E+000
    731000   0.8662080291E+003   0.3562560312E+000
    731100   0.8683624578E+003   0.7119301293E+000
    731200   0.8643590893E+003   0.3563811309E+000
    731300   0.8591004921E+003   0.7131845712E+000
    731400   0.8498622690E+003   0.3573840196E+000
    731500   0.8752461324E+003   0.7110177824E+000
    731600   0.8665237311E+003   0.7121766843E+000
    731700   0.8553204219E+003   0.7137056473E+000
    731800   0.8501473246E+003   0.7144275157E+000
    731900   0.8576092820E+003   0.1069639357E+001
    732000   0.8469523794E+003   0.1071865379E+001
    732100   0.8510014911E+003   0.7143076170E+000
    732200   0.8541616315E+003   0.1070352419E+001
    732300   0.8554230426E+003   0.1070090750E+001
    732400   0.8450032937E+003   0.1072279599E+001
    732500   0.8559736248E+003   0.7136152209E+000
    732600   0.8686998547E+003   0.7118850195E+000
    732700   0.8652152827E+003   0.7123528770E+000
    732800   0.8632198184E+003   0.1068493127E+001
    732900   0.8647212942E+003   0.1068189311E+001
    733000   0.8537670003E+003   0.1070434467E+001
    733100   0.8531675877E+003   0.7140048192E+000
    733200   0.8613013350E+003   0.7128836425E+000
    733300   0.8621840058E+003   0.7127634545E+000
    733400   0.8687531560E+003   0.1067379527E+001
    733500   0.8559707330E+003   0.7136156209E+000
    733600   0.8649272964E+003   0.7123917399E+000
    733700   0.8500269642E+003   0.7144444332E+000
    733800   0.8516955953E+003   0.1070866588E+001
    733900   0.8715952502E+003   0.1066813934E+001
    734000   0.8520212832E+003   0.1070798483E+001
    734100   0.8685790054E+003   0.1067414324E+001
    734200   0.8670243548E+003   0.1067725677E+001
    734300   0.8559433113E+003   0.1426049897E+001
    734400   0.8679829717E+003   0.1067533539E+001
    734500   0.8654823982E+003   0.1068035774E+001
    734600   0.8644357590E+003   0.1068246993E+001
    734700   0.8594400711E+003   0.1069263412E+001
    734800   0.8543871966E+003   0.1070305561E+001
    734900   0.8597462823E+003   0.1069200714E+001
    735000   0.8680458934E+003   0.1067520945E+001
    735100   0.8747408082E+003   0.1066192926E+001
    735200   0.8547769185E+003   0.1070224670E+001
    735300   0.8624152569E+003   0.7127320138E+000
    735400   0.8441216723E+003   0.7152813881E+000
    735500   0.8565344286E+003   0.7135377141E+000
    735600   0.8565006987E+003   0.3569198595E+000
    735700   0.8414780041E+003   0.3579824911E+000
    735800   0.8504942234E+003   0.3573394689E+000
    735900   0.8458118461E+003   0.7150404458E+000
    736000   0.8579017973E+003   0.1069579165E+001
    736100   0.8544860189E+003   0.1070285041E+001
    736200   0.8535733959E+003   0.7139482908E+000
    736300   0.8554741210E+003   0.7136843555E+000
    736400   0.8599906926E+003   0.1069150708E+001
    736500   0.8642023857E+003   0.1423805543E+001
    736600   0.8630643468E+003   0.1424111830E+001
    736700   0.8621022029E+003   0.1779729268E+001
    736800   0.8625526426E+003   0.1424249854E+001
    736900   0.8488096627E+003   0.1428029434E+001
    737000   0.8454459247E+003   0.1428976376E+001
    737100   0.8590004133E+003   0.1425213291E+001
    737200   0.8570760434E+003   0.1069749207E+001
    737300   0.8669824819E+003   0.1067734081E+001
    737400   0.8605170178E+003   0.1069043135E+001
    737500   0.8585340313E+003   0.1425340472E+001
    737600   0.8512009026E+003   0.1427361571E+001
    737700   0.8647359261E+003   0.1068186356E+001
    737800   0.8685308463E+003   0.1067423949E+001
    737900   0.8615605545E+003   0.1068830304E+001
    738000   0.8603878248E+003   0.1069069526E+001
    738100   0.8627330386E+003   0.1068591888E+001
    738200   0.8619703400E+003   0.1068746891E+001
    738300   0.8611328127E+003   0.1424633831E+001
    738400   0.8539443733E+003   0.1070397578E+001
    738500   0.8531184067E+003   0.1070569508E+001
    738600   0.8696391435E+003   0.7117596515E+000
    738700   0.8674168473E+003   0.1067646949E+001
    738800   0.8571651246E+003   0.1069730845E+001
    738900   0.8656056579E+003   0.3562967195E+000
    739000   0.8587824730E+003   0.7132282036E+000
    739100   0.8517016947E+003   0.7142095392E+000
    739200   0.8648859400E+003   0.3563454206E+000
    739300   0.8606001949E+003   0.7129793171E+000
    739400   0.8618929131E+003   0.7128030592E+000
    739500   0.8561541279E+003   0.7135902613E+000
    739600   0.8511585821E+003   0.3572927170E+000
    739700   0.8623873318E+003   0.3565152290E+000
    739800   0.8662559119E+003   0.3562527997E+000
    739900   0.8608034441E+003   0.3566234668E+000
    740000   0.8555109224E+003   0.3569885318E+000
    740100   0.8603515960E+003   0.0000000000E+000
    740200   0.8496178569E+003   0.0000000000E+000
    740300   0.8597043080E+003   0.0000000000E+000
    740400   0.8566519675E+003   0.3569093805E+000
    740500   0.8618178801E+003   0.0000000000E+000
    740600   0.8582576467E+003   0.0000000000E+000
    740700   0.8640153107E+003   0.0000000000E+000
    740800   0.8701526970E+003   0.0000000000E+000
    740900   0.8637042800E+003   0.0000000000E+000
    741000   0.8576913694E+003   0.0000000000E+000
    741100   0.8517570759E+003   0.0000000000E+000
    741200   0.8602323839E+003   0.0000000000E+000
    741300   0.8755045762E+003   0.7109838534E+000
    741400   0.8571733161E+003   0.3568732977E+000
    741500   0.8590067328E+003   0.7131974311E+000
    741600   0.8547285131E+003   0.3570429479E+000
    741700   0.8570323908E+003   0.7134689916E+000
    741800   0.8593505873E+003   0.3567231593E+000
    741900   0.8462266622E+003   0.7149814836E+000
    742000   0.8454051205E+003   0.7150983236E+000
    742100   0.8463220296E+003   0.1428728893E+001
    742200   0.8626824434E+003   0.7126957118E+000
    742300   0.8484444877E+003   0.7146673827E+000
    742400   0.8629250309E+003   0.7126627747E+000
    742500   0.8667217636E+003   0.7121500716E+000
    742600   0.8349671500E+003   0.1074448311E+001
    742700   0.8637345244E+003   0.1068388840E+001
    742800   0.8404194279E+003   0.1073262615E+001
    742900   0.8712506952E+003   0.1066882274E+001
    743000   0.8692566460E+003   0.1067279016E+001
    743100   0.8635287823E+003   0.1068430509E+001
    743200   0.8673924067E+003   0.7120600520E+000
    743300   0.8673771531E+003   0.7120620976E+000
    743400   0.8648655770E+003   0.7124000727E+000
    743500   0.8605379485E+003   0.3566416554E+000
    743600   0.8619241078E+003   0.3565468363E+000
    743700   0.8521642471E+003   0.3572221088E+000
    743800   0.8499916221E+003   0.3573748943E+000
    743900   0.8459788732E+003   0.3576594941E+000
    744000   0.8485027790E+003   0.7146591531E+000
    744100   0.8542268172E+003   0.7138574020E+000
    744200   0.8570707554E+003   0.7134637008E+000
    744300   0.8628877537E+003   0.3564811280E+000
    744400   0.8674213985E+003   0.7120561641E+000
    744500   0.8636573632E+003   0.3564287732E+000
    744600   0.8664141485E+003   0.3562421237E+000
    744700   0.8538072799E+003   0.7139157396E+000
    744800   0.8422719627E+003   0.7155463686E+000
    744900   0.8582002332E+003   0.1069517803E+001
    745000   0.8608884947E+003   0.7129399550E+000
    745100   0.8515537845E+003   0.3572649465E+000
    745200   0.8449822551E+003   0.7151585672E+000
    745300   0.8653740070E+003   0.3563123843E+000
    745400   0.8518456425E+003   0.7141893997E+000
    745500   0.8749213889E+003   0.1066157432E+001
    745600   0.8613401308E+003   0.7128783538E+000
    745700   0.8793386383E+003   0.7104832299E+000
    745800   0.8522395313E+003   0.1070752879E+001
    745900   0.8737713447E+003   0.7112118415E+000
    746000   0.8689993085E+003   0.1067330371E+001
    746100   0.8651518219E+003   0.1068102422E+001
    746200   0.8656189702E+003   0.7122984513E+000
    746300   0.8681214130E+003   0.7119623818E+000
    746400   0.8623280183E+003   0.1068674161E+001
    746500   0.8553172721E+003   0.7137060838E+000
    746600   0.8657049661E+003   0.1067990935E+001
    746700   0.8531184161E+003   0.1070569507E+001
    746800   0.8523184264E+003   0.7141233091E+000
    746900   0.8609276842E+003   0.7129346067E+000
    747000   0.8567950198E+003   0.7135017390E+000
    747100   0.8650737804E+003   0.7123719686E+000
    747200   0.8576249340E+003   0.7133873373E+000
    747300   0.8679723125E+003   0.7119823423E+000
    747400   0.8557040104E+003   0.7136525256E+000
    747500   0.8491588805E+003   0.3574336973E+000
    747600   0.8595325267E+003   0.7131253560E+000
    747700   0.8566139152E+003   0.3569120161E+000
    747800   0.8557880881E+003   0.3569692829E+000
    747900   0.8569911184E+003   0.3568859019E+000
    748000   0.8656710316E+003   0.3562923005E+000
    748100   0.8599662203E+003   0.3566808677E+000
    748200   0.8633240077E+003   0.7126086508E+000
    748300   0.8560550159E+003   0.7136039648E+000
    748400   0.8400029561E+003   0.0000000000E+000
    748500   0.8478619563E+003   0.3575255466E+000
    748600   0.8404207088E+003   0.3580589532E+000
    748700   0.8386011335E+003   0.3581910706E+000
    748800   0.8452472907E+003   0.3577117212E+000
    748900   0.8533253789E+003   0.3571408269E+000
    749000   0.8634218233E+003   0.0000000000E+000
    749100   0.8448943042E+003   0.3577369584E+000
    749200   0.8408175858E+003   0.3580302252E+000
    749300   0.8581756809E+003   0.7133115605E+000
    749400   0.8514668226E+003   0.7142424168E+000
    749500   0.8522357982E+003   0.7141348536E+000
    749600   0.8704658610E+003   0.7116495689E+000
    749700   0.8669586319E+003   0.3562054225E+000
    749800   0.8444564984E+003   0.3577682942E+000
    749900   0.8418696015E+003   0.7156041892E+000
    750000   0.8456099415E+003   0.7150691690E+000
    750100   0.8708565592E+003   0.7115976295E+000
    750200   0.8577879066E+003   0.7133649022E+000
    750300   0.8685273311E+003   0.7119080807E+000
    750400   0.8583768235E+003   0.1069481518E+001
    750500   0.8617852505E+003   0.1068784555E+001
    750600   0.8643827131E+003   0.7124653122E+000
    750700   0.8685822620E+003   0.7119007370E+000
    750800   0.8661353504E+003   0.7122289181E+000
    750900   0.8581505791E+003   0.7133150118E+000
    751000   0.8599408891E+003   0.1069160895E+001
    751100   0.8608550746E+003   0.7129445163E+000
    751200   0.8567117045E+003   0.7135132380E+000
    751300   0.8589463782E+003   0.3567509653E+000
    751400   0.8690059077E+003   0.3560679039E+000
    751500   0.8685538109E+003   0.3560982070E+000
    751600   0.8708853663E+003   0.7115938020E+000
    751700   0.8741691218E+003   0.7111594253E+000
    751800   0.8719969323E+003   0.1066734342E+001
    751900   0.8668027924E+003   0.1067770156E+001
    752000   0.8609268281E+003   0.7129347235E+000
    752100   0.8800198699E+003   0.7103948094E+000
    752200   0.8620787250E+003   0.7127777749E+000
    752300   0.8640294850E+003   0.7125130905E+000
    752400   0.8620688928E+003   0.7127791125E+000
    752500   0.8640956677E+003   0.3563990048E+000
    752600   0.8614614662E+003   0.3565784434E+000
    752700   0.8473363372E+003   0.7148240852E+000
    752800   0.8692827597E+003   0.3560493652E+000
    752900   0.8526234626E+003   0.7140807134E+000
    753000   0.8705855487E+003   0.3559623112E+000
    753100   0.8759272475E+003   0.7109284144E+000
    753200   0.8815242885E+003   0.3552431534E+000
    753300   0.8651498135E+003   0.7123617093E+000
    753400   0.8635410456E+003   0.7125792326E+000
    753500   0.8630722661E+003   0.7126427945E+000
    753600   0.8680879734E+003   0.0000000000E+000
    753700   0.8698093980E+003   0.0000000000E+000
    753800   0.8513624818E+003   0.0000000000E+000
    753900   0.8580701768E+003   0.0000000000E+000
    754000   0.8637670065E+003   0.0000000000E+000
    754100   0.8674371499E+003   0.0000000000E+000
    754200   0.8637365178E+003   0.3564233946E+000
    754300   0.8606590381E+003   0.3566333581E+000
    754400   0.8638134722E+003   0.3564181667E+000
    754500   0.8567217485E+003   0.3569045480E+000
    754600   0.8589567151E+003   0.3567502539E+000
    754700   0.8538945666E+003   0.3571010766E+000
    754800   0.8535890713E+003   0.0000000000E+000
    754900   0.8489644163E+003   0.0000000000E+000
    755000   0.8627238688E+003   0.0000000000E+000
    755100   0.8685440091E+003   0.0000000000E+000
    755200   0.8583195471E+003   0.0000000000E+000
    755300   0.8560731917E+003   0.3569494979E+000
    755400   0.8510594604E+003   0.3572996869E+000
    755500   0.8587649963E+003   0.3567634527E+000
    755600   0.8557614980E+003   0.3569711289E+000
    755700   0.8536912956E+003   0.0000000000E+000
    755800   0.8533544172E+003   0.0000000000E+000
    755900   0.8593671883E+003   0.0000000000E+000
    756000   0.8513147857E+003   0.0000000000E+000
    756100   0.8553463587E+003   0.3569999675E+000
    756200   0.8506898234E+003   0.0000000000E+000
    756300   0.8560223584E+003   0.0000000000E+000
    756400   0.8598376762E+003   0.0000000000E+000
    756500   0.8399814150E+003   0.0000000000E+000
    756600   0.8614460761E+003   0.0000000000E+000
    756700   0.8668200693E+003   0.0000000000E+000
    756800   0.8665499121E+003   0.3562329674E+000
    756900   0.8697991444E+003   0.0000000000E+000
    757000   0.8583015968E+003   0.0000000000E+000
    757100   0.8656163330E+003   0.3562959978E+000
    757200   0.8545238283E+003   0.1070277192E+001
    757300   0.8664857833E+003   0.7121817856E+000
    757400   0.8573692298E+003   0.7134225580E+000
    757500   0.8679030755E+003   0.3561418890E+000
    757600   0.8638050778E+003   0.3564187369E+000
    757700   0.8607012844E+003   0.7129655117E+000
    757800   0.8777184534E+003   0.7106941621E+000
    757900   0.8599719043E+003   0.7130652054E+000
    758000   0.8605348240E+003   0.3566418695E+000
    758100   0.8662575331E+003   0.0000000000E+000
    758200   0.8668734904E+003   0.0000000000E+000
    758300   0.8581910604E+003   0.0000000000E+000
    758400   0.8573809963E+003   0.3568589383E+000
    758500   0.8563743402E+003   0.3569286161E+000
    758600   0.8613454074E+003   0.0000000000E+000
    758700   0.8549457869E+003   0.3570278250E+000
    758800   0.8648809670E+003   0.3563457575E+000
    758900   0.8746966589E+003   0.7110899957E+000
    759000   0.8641124833E+003   0.3563978635E+000
    759100   0.8684726211E+003   0.3561036529E+000
    759200   0.8570479654E+003   0.3568819686E+000
    759300   0.8746929966E+003   0.3556898195E+000
    759400   0.8603908448E+003   0.3566517388E+000
    759500   0.8645582763E+003   0.3563676239E+000
    759600   0.8631036580E+003   0.0000000000E+000
    759700   0.8662494452E+003   0.0000000000E+000
    759800   0.8645189122E+003   0.0000000000E+000
    759900   0.8712826317E+003   0.0000000000E+000
    760000   0.8618793502E+003   0.3565498923E+000
    760100   0.8532653860E+003   0.0000000000E+000
    760200   0.8632882897E+003   0.3564538669E+000
    760300   0.8589265062E+003   0.3567523332E+000
    760400   0.8623171506E+003   0.0000000000E+000
    760500   0.8554021427E+003   0.0000000000E+000
    760600   0.8535660624E+003   0.0000000000E+000
    760700   0.8581898753E+003   0.3568030882E+000
    760800   0.8520781614E+003   0.3572281453E+000
    760900   0.8602669684E+003   0.3566602331E+000
    761000   0.8579708076E+003   0.0000000000E+000
    761100   0.8580003425E+003   0.0000000000E+000
    761200   0.8570132500E+003   0.0000000000E+000
    761300   0.8533468072E+003   0.0000000000E+000
    761400   0.8520884852E+003   0.3572274213E+000
    761500   0.8643695441E+003   0.3563804218E+000
    761600   0.8764795109E+003   0.3555722265E+000
    761700   0.8636787319E+003   0.3564273210E+000
    761800   0.8779801346E+003   0.3554738812E+000
    761900   0.8725200507E+003   0.0000000000E+000
    762000   0.8795212001E+003   0.0000000000E+000
    762100   0.8687686639E+003   0.3560838013E+000
    762200   0.8586927263E+003   0.3567684299E+000
    762300   0.8604741487E+003   0.7129965361E+000
    762400   0.8654078623E+003   0.1068050796E+001
    762500   0.8614042089E+003   0.1068862152E+001
    762600   0.8636971298E+003   0.3564260709E+000
    762700   0.8601891454E+003   0.7130354917E+000
    762800   0.8576344787E+003   0.7133860231E+000
    762900   0.8727883021E+003   0.3558158078E+000
    763000   0.8761182269E+003   0.3555959622E+000
    763100   0.8663260574E+003   0.7122032629E+000
    763200   0.8706714380E+003   0.3559565826E+000
    763300   0.8710503177E+003   0.7115718913E+000
    763400   0.8705987833E+003   0.7116318921E+000
    763500   0.8566966447E+003   0.7135153169E+000
    763600   0.8638599635E+003   0.3564150088E+000
    763700   0.8465425866E+003   0.0000000000E+000
    763800   0.8623929717E+003   0.0000000000E+000
    763900   0.8430628677E+003   0.3578682961E+000
    764000   0.8600600968E+003   0.0000000000E+000
    764100   0.8569099452E+003   0.3568915193E+000
    764200   0.8600444948E+003   0.7130552747E+000
    764300   0.8550765947E+003   0.7137394429E+000
    764400   0.8572016157E+003   0.3568713405E+000
    764500   0.8620696067E+003   0.3565369042E+000
    764600   0.8625086413E+003   0.7127193229E+000
    764700   0.8574915380E+003   0.0000000000E+000
    764800   0.8646849223E+003   0.0000000000E+000
    764900   0.8462848754E+003   0.0000000000E+000
    765000   0.8465488418E+003   0.3576188776E+000
    765100   0.8470042170E+003   0.0000000000E+000
    765200   0.8589063407E+003   0.3567537212E+000
    765300   0.8527563105E+003   0.0000000000E+000
    765400   0.8635948224E+003   0.3564330236E+000
    765500   0.8572645749E+003   0.3568669869E+000
    765600   0.8683825401E+003   0.3561096966E+000
    765700   0.8501479388E+003   0.3573638712E+000
    765800   0.8559744675E+003   0.0000000000E+000
    765900   0.8723107271E+003   0.0000000000E+000
    766000   0.8649551915E+003   0.3563407305E+000
    766100   0.8628881630E+003   0.3564811001E+000
    766200   0.8493809962E+003   0.0000000000E+000
    766300   0.8519048015E+003   0.3572403060E+000
    766400   0.8642601043E+003   0.0000000000E+000
    766500   0.8661455447E+003   0.3562602488E+000
    766600   0.8633826049E+003   0.0000000000E+000
    766700   0.8572340382E+003   0.0000000000E+000
    766800   0.8650233400E+003   0.0000000000E+000
    766900   0.8547024319E+003   0.3570447639E+000
    767000   0.8797804378E+003   0.3553564100E+000
    767100   0.8555454396E+003   0.3569861338E+000
    767200   0.8683314098E+003   0.3561131276E+000
    767300   0.8603092003E+003   0.7130190784E+000
    767400   0.8583316208E+003   0.7132901254E+000
    767500   0.8659056756E+003   0.3562764460E+000
    767600   0.8648665794E+003   0.7123999374E+000
    767700   0.8508295526E+003   0.7143317293E+000
    767800   0.8691837661E+003   0.3560559925E+000
    767900   0.8665877508E+003   0.3562304161E+000
    768000   0.8588718604E+003   0.3567560948E+000
    768100   0.8467903212E+003   0.7149014729E+000
    768200   0.8604590774E+003   0.7129985954E+000
    768300   0.8599790502E+003   0.7130642278E+000
    768400   0.8784510467E+003   0.1065467071E+001
    768500   0.8788250961E+003   0.7105499903E+000
    768600   0.8680728717E+003   0.7119688793E+000
    768700   0.8612458426E+003   0.7128912081E+000
    768800   0.8675049545E+003   0.7120449607E+000
    768900   0.8664565587E+003   0.7121857145E+000
    769000   0.8631150254E+003   0.1068514377E+001
    769100   0.8668623057E+003   0.1067758206E+001
    769200   0.8728986965E+003   0.7113270273E+000
    769300   0.8652840278E+003   0.1068075761E+001
    769400   0.8843932019E+003   0.3550579557E+000
    769500   0.8629711955E+003   0.3564754464E+000
    769600   0.8482545218E+003   0.7146942117E+000
    769700   0.8504748432E+003   0.7143815089E+000
    769800   0.8324986334E+003   0.7169693464E+000
    769900   0.8635063347E+003   0.7125839363E+000
    770000   0.8438683864E+003   0.7153175924E+000
    770100   0.8635698949E+003   0.7125753236E+000
    770200   0.8689274917E+003   0.1067344709E+001
    770300   0.8589621489E+003   0.7132035473E+000
    770400   0.8683981809E+003   0.7119253512E+000
    770500   0.8570264361E+003   0.1069759435E+001
    770600   0.8636485360E+003   0.1068406253E+001
    770700   0.8687020242E+003   0.1067389742E+001
    770800   0.8553714658E+003   0.1426207162E+001
    770900   0.8697645055E+003   0.1067177770E+001
    771000   0.8634249473E+003   0.1424014677E+001
    771100   0.8475100289E+003   0.1428394260E+001
    771200   0.8523420557E+003   0.1427044392E+001
    771300   0.8606881597E+003   0.1069008189E+001
    771400   0.8379139701E+003   0.7161760856E+000
    771500   0.8510153956E+003   0.7143056675E+000
    771600   0.8608636219E+003   0.7129433497E+000
    771700   0.8598184272E+003   0.3566910141E+000
    771800   0.8627507984E+003   0.3564904562E+000
    771900   0.8663545009E+003   0.3562461475E+000
    772000   0.8582424500E+003   0.7133023815E+000
    772100   0.8723005127E+003   0.3558481761E+000
    772200   0.8608609843E+003   0.3566195266E+000
    772300   0.8601074023E+003   0.7130466703E+000
    772400   0.8645264064E+003   0.3563697846E+000
    772500   0.8644021730E+003   0.7124626814E+000
    772600   0.8599954959E+003   0.3566788584E+000
    772700   0.8611818644E+003   0.0000000000E+000
    772800   0.8429938673E+003   0.3578732574E+000
    772900   0.8551654246E+003   0.0000000000E+000
    773000   0.8617839412E+003   0.3565564081E+000
    773100   0.8541068836E+003   0.7138740722E+000
    773200   0.8540046416E+003   0.3570933964E+000
    773300   0.8569386327E+003   0.3568895339E+000
    773400   0.8564486659E+003   0.0000000000E+000
    773500   0.8591272495E+003   0.3567385192E+000
    773600   0.8682558660E+003   0.3561181978E+000
    773700   0.8566715381E+003   0.7135187827E+000
    773800   0.8615175170E+003   0.3565746120E+000
    773900   0.8588688707E+003   0.7132163461E+000
    774000   0.8748450390E+003   0.7110704848E+000
    774100   0.8567453897E+003   0.7135085885E+000
    774200   0.8617350062E+003   0.3565597507E+000
    774300   0.8568341063E+003   0.7134963452E+000
    774400   0.8614895077E+003   0.3565765265E+000
    774500   0.8450504412E+003   0.1072269553E+001
    774600   0.8513643416E+003   0.7142567689E+000
    774700   0.8654350841E+003   0.7123232358E+000
    774800   0.8583373482E+003   0.7132893383E+000
    774900   0.8666146848E+003   0.7121644597E+000
    775000   0.8665371503E+003   0.7121748805E+000
    775100   0.8647807570E+003   0.3563525460E+000
    775200   0.8754967415E+003   0.3556368459E+000
    775300   0.8634757734E+003   0.3564411165E+000
    775400   0.8683694624E+003   0.7119291924E+000
    775500   0.8469492429E+003   0.7148789366E+000
    775600   0.8646281812E+003   0.3563628854E+000
    775700   0.8609144076E+003   0.3566158688E+000
    775800   0.8515357913E+003   0.3572662102E+000
    775900   0.8418687519E+003   0.0000000000E+000
    776000   0.8624454978E+003   0.0000000000E+000
    776100   0.8685058059E+003   0.0000000000E+000
    776200   0.8545359469E+003   0.3570563586E+000
    776300   0.8426106975E+003   0.3579008254E+000
    776400   0.8618467671E+003   0.3565521174E+000
    776500   0.8585933339E+003   0.0000000000E+000
    776600   0.8489763878E+003   0.7145923369E+000
    776700   0.8617359618E+003   0.3565596854E+000
    776800   0.8581075915E+003   0.3568087639E+000
    776900   0.8438466020E+003   0.3578120106E+000
    777000   0.8654285867E+003   0.3563086926E+000
    777100   0.8592757163E+003   0.3567283075E+000
    777200   0.8452304013E+003   0.3577129281E+000
    777300   0.8565408337E+003   0.3569170787E+000
    777400   0.8534288232E+003   0.7139684224E+000
    777500   0.8541177099E+003   0.7138725672E+000
    777600   0.8506417224E+003   0.7143580832E+000
    777700   0.8574546157E+003   0.3568538501E+000
    777800   0.8554681741E+003   0.3569915019E+000
    777900   0.8497387568E+003   0.3573927358E+000
    778000   0.8426739753E+003   0.0000000000E+000
    778100   0.8674271901E+003   0.3561738821E+000
    778200   0.8582514679E+003   0.0000000000E+000
    778300   0.8633419880E+003   0.3564502143E+000
    778400   0.8665254796E+003   0.3562346150E+000
    778500   0.8503496077E+003   0.3573496570E+000
    778600   0.8466789001E+003   0.7149172791E+000
    778700   0.8577994035E+003   0.3568300335E+000
    778800   0.8623212047E+003   0.3565197387E+000
    778900   0.8481592705E+003   0.1071610004E+001
    779000   0.8696171519E+003   0.7117625832E+000
    779100   0.8709552925E+003   0.7115845125E+000
    779200   0.8469419760E+003   0.1071867584E+001
    779300   0.8562834482E+003   0.1069912781E+001
    779400   0.8611015689E+003   0.1068923841E+001
    779500   0.8647284827E+003   0.1068187860E+001
    779600   0.8666114019E+003   0.7121649009E+000
    779700   0.8661130938E+003   0.7122319131E+000
    779800   0.8423591367E+003   0.1072845116E+001
    779900   0.8450221178E+003   0.1072275588E+001
    780000   0.8489077654E+003   0.1071452050E+001
    780100   0.8616412626E+003   0.1424496157E+001
    780200   0.8577009915E+003   0.1069620480E+001
    780300   0.8513229971E+003   0.1427327588E+001
    780400   0.8702704049E+003   0.1067077051E+001
    780500   0.8704382506E+003   0.1067043665E+001
    780600   0.8530791019E+003   0.1426840059E+001
    780700   0.8575914019E+003   0.1069643038E+001
    780800   0.8536324278E+003   0.1070462466E+001
    780900   0.8567074410E+003   0.1069825235E+001
    781000   0.8639126136E+003   0.1068352791E+001
    781100   0.8541363716E+003   0.1070357668E+001
    781200   0.8611530474E+003   0.1068913344E+001
    781300   0.8674622712E+003   0.7120506835E+000
    781400   0.8468435418E+003   0.1071888450E+001
    781500   0.8554929926E+003   0.7136817418E+000
    781600   0.8486587042E+003   0.1071504573E+001
    781700   0.8535643643E+003   0.1070476631E+001
    781800   0.8456051205E+003   0.7150698551E+000
    781900   0.8681432198E+003   0.3561257600E+000
    782000   0.8581729082E+003   0.7133119417E+000
    782100   0.8548355092E+003   0.3570354996E+000
    782200   0.8456243255E+003   0.3576847918E+000
    782300   0.8620487359E+003   0.3565383286E+000
    782400   0.8638341988E+003   0.3564167588E+000
    782500   0.8490701107E+003   0.7145791250E+000
    782600   0.8597077185E+003   0.3566986172E+000
    782700   0.8566637384E+003   0.3569085653E+000
    782800   0.8421255650E+003   0.0000000000E+000
    782900   0.8499070447E+003   0.0000000000E+000
    783000   0.8496646880E+003   0.3573979643E+000
    783100   0.8542228862E+003   0.3570781759E+000
    783200   0.8517242224E+003   0.3572529792E+000
    783300   0.8620350994E+003   0.0000000000E+000
    783400   0.8474057815E+003   0.0000000000E+000
    783500   0.8478514571E+003   0.0000000000E+000
    783600   0.8574424842E+003   0.3568546885E+000
    783700   0.8550207618E+003   0.3570226086E+000
    783800   0.8484960248E+003   0.0000000000E+000
    783900   0.8527474700E+003   0.3571812496E+000
    784000   0.8643526094E+003   0.3563815704E+000
    784100   0.8597464427E+003   0.7130960621E+000
    784200   0.8573186233E+003   0.3568632500E+000
    784300   0.8620278299E+003   0.0000000000E+000
    784400   0.8568186853E+003   0.0000000000E+000
    784500   0.8465358116E+003   0.0000000000E+000
    784600   0.8468648396E+003   0.7148909044E+000
    784700   0.8491559061E+003   0.3574339075E+000
    784800   0.8600003426E+003   0.3566785257E+000
    784900   0.8639789011E+003   0.3564069318E+000
    785000   0.8483974240E+003   0.3574875845E+000
    785100   0.8572788899E+003   0.7134350072E+000
    785200   0.8574255305E+003   0.3568558602E+000
    785300   0.8612081596E+003   0.7128963463E+000
    785400   0.8629098745E+003   0.3564796217E+000
    785500   0.8541900490E+003   0.3570804654E+000
    785600   0.8602166474E+003   0.7130317313E+000
    785700   0.8505858741E+003   0.7143659217E+000
    785800   0.8537479256E+003   0.7139239984E+000
    785900   0.8557347774E+003   0.3569729841E+000
    786000   0.8622373294E+003   0.3565254598E+000
    786100   0.8648399925E+003   0.7124035273E+000
    786200   0.8656045855E+003   0.7123003896E+000
    786300   0.8484726208E+003   0.7146634107E+000
    786400   0.8638650985E+003   0.3564146600E+000
    786500   0.8617715372E+003   0.3565572554E+000
    786600   0.8579946000E+003   0.7133364627E+000
    786700   0.8584300215E+003   0.7132766042E+000
    786800   0.8513458596E+003   0.3572795534E+000
    786900   0.8601888882E+003   0.3566655887E+000
    787000   0.8626724165E+003   0.3564957964E+000
    787100   0.8619419796E+003   0.7127963813E+000
    787200   0.8596808300E+003   0.7131050453E+000
    787300   0.8649924967E+003   0.7123829387E+000
    787400   0.8590008178E+003   0.7131982425E+000
    787500   0.8603788634E+003   0.7130095568E+000
    787600   0.8499346485E+003   0.3573789132E+000
    787700   0.8562080286E+003   0.3569401461E+000
    787800   0.8486230241E+003   0.7146421808E+000
    787900   0.8623645515E+003   0.3565167825E+000
    788000   0.8583776993E+003   0.1069481338E+001
    788100   0.8544724475E+003   0.1426454900E+001
    788200   0.8485051838E+003   0.1071536966E+001
    788300   0.8619651742E+003   0.1068747942E+001
    788400   0.8522380970E+003   0.1070753179E+001
    788500   0.8520941739E+003   0.1070783249E+001
    788600   0.8612494432E+003   0.1068893693E+001
    788700   0.8511816274E+003   0.1070974188E+001
    788800   0.8619180253E+003   0.1068757535E+001
    788900   0.8462415485E+003   0.1072016186E+001
    789000   0.8496522116E+003   0.1071295273E+001
    789100   0.8528324887E+003   0.1070629115E+001
    789200   0.8567878839E+003   0.1069808636E+001
    789300   0.8637520367E+003   0.1068385295E+001
    789400   0.8685832960E+003   0.7119005987E+000
    789500   0.8689537206E+003   0.3560714000E+000
    789600   0.8527415100E+003   0.3571816668E+000
    789700   0.8642111981E+003   0.3563911642E+000
    789800   0.8650454926E+003   0.3563346160E+000
    789900   0.8513605913E+003   0.3572785182E+000
    790000   0.8620669230E+003   0.3565370873E+000
    790100   0.8564806044E+003   0.1425902358E+001
    790200   0.8484895299E+003   0.1071540270E+001
    790300   0.8475243126E+003   0.1071744253E+001
    790400   0.8586412778E+003   0.1780899959E+001
    790500   0.8543867614E+003   0.1426478543E+001
    790600   0.8583705460E+003   0.1069482808E+001
    790700   0.8577000574E+003   0.1069620673E+001
    790800   0.8594987021E+003   0.1425077586E+001
    790900   0.8630153430E+003   0.1068534596E+001
    791000   0.8480221941E+003   0.1784561519E+001
    791100   0.8508832915E+003   0.1427450026E+001
    791200   0.8661681566E+003   0.1778367811E+001
    791300   0.8621675771E+003   0.1424353845E+001
    791400   0.8508162832E+003   0.2139408336E+001
    791500   0.8523093889E+003   0.1783070457E+001
    791600   0.8740850934E+003   0.1775759052E+001
    791700   0.8613439211E+003   0.1779984828E+001
    791800   0.8597784557E+003   0.1780514088E+001
    791900   0.8475344716E+003   0.1784732261E+001
    792000   0.8606921280E+003   0.1780204917E+001
    792100   0.8602978934E+003   0.1780338226E+001
    792200   0.8614529983E+003   0.2135055344E+001
    792300   0.8714918437E+003   0.1776607509E+001
    792400   0.8477122730E+003   0.1784669990E+001
    792500   0.8646826914E+003   0.1778863483E+001
    792600   0.8707646760E+003   0.1776846476E+001
    792700   0.8610126049E+003   0.1780096654E+001
    792800   0.8764513881E+003   0.1774989931E+001
    792900   0.8629698084E+003   0.1779437504E+001
    793000   0.8704224630E+003   0.1776959098E+001
    793100   0.8672435885E+003   0.1778010190E+001
    793200   0.8722723650E+003   0.1421660250E+001
    793300   0.8610811922E+003   0.1424647819E+001
    793400   0.8598919629E+003   0.1069170904E+001
    793500   0.8633171934E+003   0.1424043698E+001
    793600   0.8689423994E+003   0.1067341733E+001
    793700   0.8709689368E+003   0.1066938205E+001
    793800   0.8708781795E+003   0.1066956230E+001
    793900   0.8626663572E+003   0.1068605427E+001
    794000   0.8626848669E+003   0.7126953827E+000
    794100   0.8676502839E+003   0.1067600165E+001
    794200   0.8646034856E+003   0.7124354732E+000
    794300   0.8601337535E+003   0.7130430664E+000
    794400   0.8607794600E+003   0.7129548381E+000
    794500   0.8570049636E+003   0.7134727743E+000
    794600   0.8571004321E+003   0.1069744180E+001
    794700   0.8605498367E+003   0.7129861958E+000
    794800   0.8632206904E+003   0.7126226609E+000
    794900   0.8662067995E+003   0.7122193048E+000
    795000   0.8583099931E+003   0.1069495248E+001
    795100   0.8761184053E+003   0.1065922585E+001
    795200   0.8578553054E+003   0.1069588728E+001
    795300   0.8617392475E+003   0.7128239787E+000
    795400   0.8689643682E+003   0.7118496827E+000
    795500   0.8723095379E+003   0.7114049451E+000
    795600   0.8674355735E+003   0.7120542633E+000
    795700   0.8595974806E+003   0.7131164593E+000
    795800   0.8511568576E+003   0.7142858385E+000
    795900   0.8472676923E+003   0.7148338079E+000
    796000   0.8695012975E+003   0.7117780303E+000
    796100   0.8665290980E+003   0.7121759629E+000
    796200   0.8625572772E+003   0.1068627580E+001
    796300   0.8656664267E+003   0.7122920570E+000
    796400   0.8504371069E+003   0.1427574420E+001
    796500   0.8604073630E+003   0.1069065534E+001
    796600   0.8674287087E+003   0.1067644572E+001
    796700   0.8652258965E+003   0.1068087483E+001
    796800   0.8580899647E+003   0.1425461718E+001
    796900   0.8542201935E+003   0.1426524521E+001
    797000   0.8657713900E+003   0.1423384803E+001
    797100   0.8518858199E+003   0.1070826803E+001
    797200   0.8475194628E+003   0.7147981566E+000
    797300   0.8615770396E+003   0.7128460706E+000
    797400   0.8642462758E+003   0.1068285296E+001
    797500   0.8734124117E+003   0.1066454549E+001
    797600   0.8663884898E+003   0.7121948669E+000
    797700   0.8601745334E+003   0.7130374898E+000
    797800   0.8630494897E+003   0.3564701164E+000
    797900   0.8671427473E+003   0.3561930243E+000
    798000   0.8591346041E+003   0.7131798932E+000
    798100   0.8567423130E+003   0.3569031240E+000
    798200   0.8494254266E+003   0.7145290675E+000
    798300   0.8603873390E+003   0.3566519791E+000
    798400   0.8377978343E+003   0.7161929717E+000
    798500   0.8514759936E+003   0.7142411327E+000
    798600   0.8507812495E+003   0.3573192600E+000
    798700   0.8573031902E+003   0.0000000000E+000
    798800   0.8527371384E+003   0.3571819728E+000
    798900   0.8437059345E+003   0.3578221040E+000
    799000   0.8484376769E+003   0.7146683444E+000
    799100   0.8687727964E+003   0.3560835243E+000
    799200   0.8623830666E+003   0.3565155199E+000
    799300   0.8652955723E+003   0.7123420476E+000
    799400   0.8542737799E+003   0.7138508759E+000
    799500   0.8463119344E+003   0.0000000000E+000
    799600   0.8528970411E+003   0.0000000000E+000
    799700   0.8577624518E+003   0.3568325849E+000
    799800   0.8437091737E+003   0.0000000000E+000
    799900   0.8467637083E+003   0.3576035826E+000
    800000   0.8520128826E+003   0.7141660114E+000
    800100   0.8456415593E+003   0.7150646700E+000
    800200   0.8611501733E+003   0.1068913930E+001
    800300   0.8710790790E+003   0.7115680719E+000
    800400   0.8623479023E+003   0.7127411693E+000
    800500   0.8549812494E+003   0.7137526644E+000
    800600   0.8625447667E+003   0.1068630121E+001
    800700   0.8599499913E+003   0.1069159034E+001
    800800   0.8624169967E+003   0.7127317774E+000
    800900   0.8514582027E+003   0.7142436239E+000
    801000   0.8518963237E+003   0.3572409008E+000
    801100   0.8570776259E+003   0.3568799166E+000
    801200   0.8498143301E+003   0.3573874023E+000
    801300   0.8528812301E+003   0.7140447461E+000
    801400   0.8607731759E+003   0.3566255398E+000
    801500   0.8503759583E+003   0.7143953950E+000
    801600   0.8540436528E+003   0.7138828632E+000
    801700   0.8641715654E+003   0.0000000000E+000
    801800   0.8546871954E+003   0.0000000000E+000
    801900   0.8536272592E+003   0.0000000000E+000
    802000   0.8613410257E+003   0.0000000000E+000
    802100   0.8604165740E+003   0.3566499748E+000
    802200   0.8491257555E+003   0.0000000000E+000
    802300   0.8560491918E+003   0.3569511628E+000
    802400   0.8613082459E+003   0.0000000000E+000
    802500   0.8521132039E+003   0.0000000000E+000
    802600   0.8513688115E+003   0.3572779406E+000
    802700   0.8631137625E+003   0.3564657418E+000
    802800   0.8647852824E+003   0.3563522393E+000
    802900   0.8710410698E+003   0.3559319442E+000
    803000   0.8742391078E+003   0.3557197846E+000
    803100   0.8708344427E+003   0.0000000000E+000
    803200   0.8740390856E+003   0.3557330013E+000
    803300   0.8676223062E+003   0.3561607598E+000
    803400   0.8627049966E+003   0.0000000000E+000
    803500   0.8648476436E+003   0.0000000000E+000
    803600   0.8673104296E+003   0.3561817380E+000
    803700   0.8710079879E+003   0.0000000000E+000
    803800   0.8671352425E+003   0.3561935295E+000
    803900   0.8671547527E+003   0.0000000000E+000
    804000   0.8526151458E+003   0.3571905142E+000
    804100   0.8538295771E+003   0.3571056121E+000
    804200   0.8560243030E+003   0.0000000000E+000
    804300   0.8579374607E+003   0.3568205033E+000
    804400   0.8481346654E+003   0.0000000000E+000
    804500   0.8601627051E+003   0.3566673848E+000
    804600   0.8676057766E+003   0.0000000000E+000
    804700   0.8467303125E+003   0.3576059592E+000
    804800   0.8532006349E+003   0.3571495469E+000
    804900   0.8553198335E+003   0.3570018112E+000
    805000   0.8721652087E+003   0.3558571620E+000
    805100   0.8725565126E+003   0.7113722672E+000
    805200   0.8595335463E+003   0.3567105834E+000
    805300   0.8544789959E+003   0.3570603262E+000
    805400   0.8568743218E+003   0.7134907962E+000
    805500   0.8463868566E+003   0.7149587315E+000
    805600   0.8527655593E+003   0.7140608830E+000
    805700   0.8622155124E+003   0.3565269482E+000
    805800   0.8606295248E+003   0.7129753112E+000
    805900   0.8632699778E+003   0.7126159769E+000
    806000   0.8619126745E+003   0.7128003696E+000
    806100   0.8658665560E+003   0.7122651006E+000
    806200   0.8674979849E+003   0.7120458951E+000
    806300   0.8664660740E+003   0.7121844353E+000
    806400   0.8664063614E+003   0.1067849805E+001
    806500   0.8562310859E+003   0.7135796234E+000
    806600   0.8589518590E+003   0.3567505881E+000
    806700   0.8517021993E+003   0.7142094686E+000
    806800   0.8528809061E+003   0.3571719105E+000
    806900   0.8663708865E+003   0.7121972341E+000
    807000   0.8737238661E+003   0.3557538440E+000
    807100   0.8670826343E+003   0.7121016122E+000
    807200   0.8756325426E+003   0.3556279066E+000
    807300   0.8654753689E+003   0.7123178050E+000
    807400   0.8663437052E+003   0.1067862402E+001
    807500   0.8567772437E+003   0.1069810831E+001
    807600   0.8593690572E+003   0.7131477532E+000
    807700   0.8549156064E+003   0.1070195905E+001
    807800   0.8589974362E+003   0.7131987064E+000
    807900   0.8701752630E+003   0.7116882361E+000
    808000   0.8774561652E+003   0.7107283945E+000
    808100   0.8598859878E+003   0.7130769617E+000
    808200   0.8638140722E+003   0.1068372736E+001
    808300   0.8573846905E+003   0.1069685605E+001
    808400   0.8680846600E+003   0.1067513187E+001
    808500   0.8603201498E+003   0.1069083354E+001
    808600   0.8644179051E+003   0.1068250601E+001
    808700   0.8734528070E+003   0.1066446580E+001
    808800   0.8693202498E+003   0.1067266328E+001
    808900   0.8685627558E+003   0.1067417571E+001
    809000   0.8647563080E+003   0.1423656802E+001
    809100   0.8563917096E+003   0.1069890418E+001
    809200   0.8659495503E+003   0.1067941691E+001
    809300   0.8542806125E+003   0.1426507841E+001
    809400   0.8560023476E+003   0.1069970879E+001
    809500   0.8650892741E+003   0.1423567499E+001
    809600   0.8617246895E+003   0.1424473586E+001
    809700   0.8632450158E+003   0.1068488018E+001
    809800   0.8656871966E+003   0.1067994514E+001
    809900   0.8626759835E+003   0.1068603472E+001
    810000   0.8603519847E+003   0.1424845626E+001
    810100   0.8689915017E+003   0.1067331929E+001
    810200   0.8464385491E+003   0.1071974362E+001
    810300   0.8514915299E+003   0.1070909292E+001
    810400   0.8494039183E+003   0.1427863051E+001
    810500   0.8378783232E+003   0.1431139262E+001
    810600   0.8570421125E+003   0.1425748399E+001
    810700   0.8601017309E+003   0.1069128001E+001
    810800   0.8617748070E+003   0.1068786681E+001
    810900   0.8562071694E+003   0.1069928542E+001
    811000   0.8658184819E+003   0.1067968076E+001
    811100   0.8834489450E+003   0.1064500478E+001
    811200   0.8609358604E+003   0.1068957639E+001
    811300   0.8683884152E+003   0.7119266573E+000
    811400   0.8627773951E+003   0.7126828173E+000
    811500   0.8598184256E+003   0.1069185951E+001
    811600   0.8690500592E+003   0.7118382405E+000
    811700   0.8732473142E+003   0.7112809792E+000
    811800   0.8725832728E+003   0.7113687277E+000
    811900   0.8492503452E+003   0.1071379865E+001
    812000   0.8700905201E+003   0.7116995177E+000
    812100   0.8542321489E+003   0.1070337767E+001
    812200   0.8753969013E+003   0.7109979863E+000
    812300   0.8662933908E+003   0.1067872519E+001
    812400   0.8699448017E+003   0.1067141859E+001
    812500   0.8760944242E+003   0.7109065041E+000
    812600   0.8574610685E+003   0.1781301692E+001
    812700   0.8773817525E+003   0.1420325662E+001
    812800   0.8621843686E+003   0.1424349308E+001
    812900   0.8707727579E+003   0.1066977173E+001
    813000   0.8528381359E+003   0.1070627937E+001
    813100   0.8561756172E+003   0.1069935062E+001
    813200   0.8575646680E+003   0.7133956361E+000
    813300   0.8674875262E+003   0.3561698235E+000
    813400   0.8601065439E+003   0.7130467877E+000
    813500   0.8587508027E+003   0.1069404731E+001
    813600   0.8474920799E+003   0.1071751075E+001
    813700   0.8500460564E+003   0.7144417493E+000
    813800   0.8634388431E+003   0.7125930834E+000
    813900   0.8537348921E+003   0.1070441146E+001
    814000   0.8500382613E+003   0.7144428451E+000
    814100   0.8574235881E+003   0.1069677593E+001
    814200   0.8558900361E+003   0.1069994104E+001
    814300   0.8625044643E+003   0.7127198905E+000
    814400   0.8471825927E+003   0.7148458638E+000
    814500   0.8537223996E+003   0.3571130937E+000
    814600   0.8625218455E+003   0.7127175288E+000
    814700   0.8646463591E+003   0.3563616533E+000
    814800   0.8615930464E+003   0.3565694500E+000
    814900   0.8666537821E+003   0.7121592058E+000
    815000   0.8548482840E+003   0.1070209867E+001
    815100   0.8488789354E+003   0.7146060783E+000
    815200   0.8628553274E+003   0.1068567065E+001
    815300   0.8580306565E+003   0.1069552664E+001
    815400   0.8584794884E+003   0.7132698084E+000
    815500   0.8594147284E+003   0.7131414947E+000
    815600   0.8505480312E+003   0.1071107042E+001
    815700   0.8531439885E+003   0.7140081085E+000
    815800   0.8614017929E+003   0.7128699493E+000
    815900   0.8631767304E+003   0.1068501863E+001
    816000   0.8508789927E+003   0.7143247947E+000
    816100   0.8636451046E+003   0.7125651341E+000
    816200   0.8599699409E+003   0.7130654741E+000
    816300   0.8732095566E+003   0.3557878884E+000
    816400   0.8585976346E+003   0.3567749804E+000
    816500   0.8609039671E+003   0.3566165836E+000
    816600   0.8576711968E+003   0.0000000000E+000
    816700   0.8722014168E+003   0.0000000000E+000
    816800   0.8639608740E+003   0.3564081559E+000
    816900   0.8723288780E+003   0.0000000000E+000
    817000   0.8620004841E+003   0.0000000000E+000
    817100   0.8651798878E+003   0.0000000000E+000
    817200   0.8592059101E+003   0.3567331083E+000
    817300   0.8685070321E+003   0.3561013446E+000
    817400   0.8591848970E+003   0.3567345537E+000
    817500   0.8665420422E+003   0.3562334981E+000
    817600   0.8604012070E+003   0.3566510283E+000
    817700   0.8525254346E+003   0.3571967972E+000
    817800   0.8673663998E+003   0.3561779719E+000
    817900   0.8595031940E+003   0.3567126692E+000
    818000   0.8517460955E+003   0.7142033263E+000
    818100   0.8542258862E+003   0.3570779667E+000
    818200   0.8552248284E+003   0.7137188944E+000
    818300   0.8583353296E+003   0.7132896157E+000
    818400   0.8631555574E+003   0.7126314951E+000
    818500   0.8517240120E+003   0.1070860644E+001
    818600   0.8542523665E+003   0.1070333566E+001
    818700   0.8571109780E+003   0.1069742006E+001
    818800   0.8588542595E+003   0.1069383503E+001
    818900   0.8605555613E+003   0.1069035263E+001
    819000   0.8643003915E+003   0.7124764431E+000
    819100   0.8758074694E+003   0.1065983517E+001
    819200   0.8640193022E+003   0.7125144685E+000
    819300   0.8579352490E+003   0.3568206559E+000
    819400   0.8536228798E+003   0.7139414021E+000
    819500   0.8585558783E+003   0.3567778573E+000
    819600   0.8560535842E+003   0.3569508581E+000
    819700   0.8581056589E+003   0.3568088973E+000
    819800   0.8685451396E+003   0.7119056998E+000
    819900   0.8757311798E+003   0.7109541236E+000
    820000   0.8688267432E+003   0.7118680651E+000
    820100   0.8578334533E+003   0.1069593224E+001
    820200   0.8473932091E+003   0.1071772002E+001
    820300   0.8604246316E+003   0.7130033022E+000
    820400   0.8606686048E+003   0.7129699742E+000
    820500   0.8685155058E+003   0.1067427015E+001
    820600   0.8506524267E+003   0.1071085136E+001
    820700   0.8624129371E+003   0.1424287570E+001
    820800   0.8556644552E+003   0.1070040773E+001
    820900   0.8684518764E+003   0.1067439735E+001
    821000   0.8642272718E+003   0.7124863319E+000
    821100   0.8576527898E+003   0.1069630401E+001
    821200   0.8546010224E+003   0.1070261169E+001
    821300   0.8632917909E+003   0.1068478535E+001
    821400   0.8533711520E+003   0.1426759206E+001
    821500   0.8563026833E+003   0.1425951191E+001
    821600   0.8631004768E+003   0.7126389671E+000
    821700   0.8757814983E+003   0.7109475244E+000
    821800   0.8610620015E+003   0.7129162805E+000
    821900   0.8640530824E+003   0.7125098972E+000
    822000   0.8626932973E+003   0.7126942377E+000
    822100   0.8638550125E+003   0.1068364449E+001
    822200   0.8558879369E+003   0.1069994538E+001
    822300   0.8624053272E+003   0.7127333635E+000
    822400   0.8548287991E+003   0.1070213908E+001
    822500   0.8636764547E+003   0.1423946973E+001
    822600   0.8613272850E+003   0.1424581151E+001
    822700   0.8597111469E+003   0.1069207906E+001
    822800   0.8581214393E+003   0.1425453120E+001
    822900   0.8694652591E+003   0.1422401232E+001
    823000   0.8545187778E+003   0.1070278240E+001
    823100   0.8494001570E+003   0.1427864104E+001
    823200   0.8634601569E+003   0.1068444413E+001
    823300   0.8566511374E+003   0.1069836855E+001
    823400   0.8645655307E+003   0.1068220772E+001
    823500   0.8610961133E+003   0.7129116274E+000
    823600   0.8518140864E+003   0.1070841803E+001
    823700   0.8692335769E+003   0.1777351157E+001
    823800   0.8647232862E+003   0.1778849911E+001
    823900   0.8547442265E+003   0.1782231391E+001
    824000   0.8592082466E+003   0.1425156667E+001
    824100   0.8589708459E+003   0.1425221349E+001
    824200   0.8574076955E+003   0.1425648287E+001
    824300   0.8585584834E+003   0.1780928100E+001
    824400   0.8538979740E+003   0.1426613522E+001
    824500   0.8608788832E+003   0.1424702659E+001
    824600   0.8534618784E+003   0.1426734103E+001
    824700   0.8610694170E+003   0.1424651010E+001
    824800   0.8642147261E+003   0.1068291675E+001
    824900   0.8619097504E+003   0.1068759218E+001
    825000   0.8576348899E+003   0.1069634086E+001
    825100   0.8566295644E+003   0.1069841307E+001
    825200   0.8654941790E+003   0.1068033400E+001
    825300   0.8571998576E+003   0.1425705190E+001
    825400   0.8686161721E+003   0.1422626459E+001
    825500   0.8636568950E+003   0.1423952237E+001
    825600   0.8652358019E+003   0.1423528225E+001
    825700   0.8626871838E+003   0.1424213545E+001
    825800   0.8662492510E+003   0.1423257013E+001
    825900   0.8680104371E+003   0.1422787448E+001
    826000   0.8563745051E+003   0.1425931475E+001
    826100   0.8499152740E+003   0.1427720097E+001
    826200   0.8676250311E+003   0.1422890015E+001
    826300   0.8480708998E+003   0.1428236655E+001
    826400   0.8634020606E+003   0.1068456185E+001
    826500   0.8625811532E+003   0.1068622730E+001
    826600   0.8720013128E+003   0.7114457575E+000
    826700   0.8681050085E+003   0.7119645775E+000
    826800   0.8739366407E+003   0.7111900532E+000
    826900   0.8726586364E+003   0.7113587611E+000
    827000   0.8679156926E+003   0.7119899243E+000
    827100   0.8774598592E+003   0.7107279122E+000
    827200   0.8634154729E+003   0.7125962512E+000
    827300   0.8552515417E+003   0.7137151922E+000
    827400   0.8556100651E+003   0.3569816447E+000
    827500   0.8598294039E+003   0.3566902604E+000
    827600   0.8608719355E+003   0.3566187767E+000
    827700   0.8485553012E+003   0.7146517390E+000
    827800   0.8564211003E+003   0.7135533673E+000
    827900   0.8614539038E+003   0.7128628476E+000
    828000   0.8623854016E+003   0.7127360718E+000
    828100   0.8672036786E+003   0.7120853684E+000
    828200   0.8587350057E+003   0.3567655181E+000
    828300   0.8469219594E+003   0.3575923235E+000
    828400   0.8535296039E+003   0.3571265573E+000
    828500   0.8611605674E+003   0.3565990216E+000
    828600   0.8692568869E+003   0.3560510971E+000
    828700   0.8595805784E+003   0.3567073516E+000
    828800   0.8593227086E+003   0.3567250761E+000
    828900   0.8528021436E+003   0.0000000000E+000
    829000   0.8672316518E+003   0.0000000000E+000
    829100   0.8626155898E+003   0.3564996688E+000
    829200   0.8694504383E+003   0.3560381437E+000
    829300   0.8599379136E+003   0.3566828107E+000
    829400   0.8610669294E+003   0.0000000000E+000
    829500   0.8525221293E+003   0.0000000000E+000
    829600   0.8524372765E+003   0.3572029729E+000
    829700   0.8571973498E+003   0.3568716356E+000
    829800   0.8453936147E+003   0.3577012668E+000
    829900   0.8623522256E+003   0.7127405816E+000
    830000   0.8634031163E+003   0.7125979261E+000
    830100   0.8730965945E+003   0.1066516884E+001
    830200   0.8586179048E+003   0.3567735839E+000
    830300   0.8535012982E+003   0.1070489759E+001
    830400   0.8610474214E+003   0.1068934883E+001
    830500   0.8596879136E+003   0.7131040754E+000
    830600   0.8658534945E+003   0.7122668595E+000
    830700   0.8457325965E+003   0.7150517180E+000
    830800   0.8554455941E+003   0.7136883066E+000
    830900   0.8576798164E+003   0.7133797810E+000
    831000   0.8718046760E+003   0.3558811216E+000
    831100   0.8474167501E+003   0.3575571522E+000
    831200   0.8602032461E+003   0.3566646038E+000
    831300   0.8746644377E+003   0.3556917038E+000
    831400   0.8525659263E+003   0.3571939611E+000
    831500   0.8723109139E+003   0.3558474855E+000
    831600   0.8599663232E+003   0.3566808606E+000
    831700   0.8681073772E+003   0.0000000000E+000
    831800   0.8697817576E+003   0.0000000000E+000
    831900   0.8569779262E+003   0.0000000000E+000
    832000   0.8725882476E+003   0.0000000000E+000
    832100   0.8549167972E+003   0.0000000000E+000
    832200   0.8535360789E+003   0.0000000000E+000
    832300   0.8580876153E+003   0.0000000000E+000
    832400   0.8455962080E+003   0.0000000000E+000
    832500   0.8561201001E+003   0.0000000000E+000
    832600   0.8594361609E+003   0.3567172765E+000
    832700   0.8550376791E+003   0.0000000000E+000
    832800   0.8565785316E+003   0.0000000000E+000
    832900   0.8672911621E+003   0.3561830346E+000
    833000   0.8574656867E+003   0.3568530850E+000
    833100   0.8627210493E+003   0.3564924829E+000
    833200   0.8574955985E+003   0.3568510180E+000
    833300   0.8586330244E+003   0.3567725423E+000
    833400   0.8563880636E+003   0.3569276649E+000
    833500   0.8557821301E+003   0.3569696965E+000
    833600   0.8689150781E+003   0.3560739891E+000
    833700   0.8649142022E+003   0.3563435064E+000
    833800   0.8518778055E+003   0.3572422002E+000
    833900   0.8503435178E+003   0.3573500861E+000
    834000   0.8666484217E+003   0.3562263258E+000
    834100   0.8425858383E+003   0.3579026149E+000
    834200   0.8582358883E+003   0.0000000000E+000
    834300   0.8645104455E+003   0.3563708667E+000
    834400   0.8485319451E+003   0.3574780564E+000
    834500   0.8678495431E+003   0.0000000000E+000
    834600   0.8579210925E+003   0.0000000000E+000
    834700   0.8564027778E+003   0.0000000000E+000
    834800   0.8479469999E+003   0.3575195137E+000
    834900   0.8458614516E+003   0.0000000000E+000
    835000   0.8721170058E+003   0.3558603640E+000
    835100   0.8622323498E+003   0.0000000000E+000
    835200   0.8593157816E+003   0.7131550547E+000
    835300   0.8524728722E+003   0.3572004791E+000
    835400   0.8507669873E+003   0.3573202638E+000
    835500   0.8612895366E+003   0.0000000000E+000
    835600   0.8499827575E+003   0.3573755196E+000
    835700   0.8489418105E+003   0.3574490475E+000
    835800   0.8497227642E+003   0.3573938647E+000
    835900   0.8641081956E+003   0.3563981545E+000
    836000   0.8555891420E+003   0.3569830980E+000
    836100   0.8552628316E+003   0.7137136276E+000
    836200   0.8593935026E+003   0.3567202089E+000
    836300   0.8596276259E+003   0.3567041191E+000
    836400   0.8694680688E+003   0.3560369641E+000
    836500   0.8590514510E+003   0.3567437343E+000
    836600   0.8555684696E+003   0.3569845340E+000
    836700   0.8526622743E+003   0.3571872141E+000
    836800   0.8598878526E+003   0.3566862474E+000
    836900   0.8637180318E+003   0.0000000000E+000
    837000   0.8647946454E+003   0.0000000000E+000
    837100   0.8703128424E+003   0.3559805087E+000
    837200   0.8607417874E+003   0.3566276896E+000
    837300   0.8699579811E+003   0.3560042082E+000
    837400   0.8619764934E+003   0.3565432599E+000
    837500   0.8411970047E+003   0.3580027906E+000
    837600   0.8681604848E+003   0.3561246008E+000
    837700   0.8639346213E+003   0.0000000000E+000
    837800   0.8591530720E+003   0.0000000000E+000
    837900   0.8563425515E+003   0.3569308196E+000
    838000   0.8624766976E+003   0.3565091358E+000
    838100   0.8613700097E+003   0.3565846962E+000
    838200   0.8603200147E+003   0.3566565953E+000
    838300   0.8521171996E+003   0.3572254077E+000
    838400   0.8424201521E+003   0.3579145455E+000
    838500   0.8566261033E+003   0.7135250553E+000
    838600   0.8607919284E+003   0.3566242554E+000
    838700   0.8606692977E+003   0.3566326553E+000
    838800   0.8564016929E+003   0.3569267203E+000
    838900   0.8617787015E+003   0.7128186068E+000
    839000   0.8696080796E+003   0.7117637926E+000
    839100   0.8673298551E+003   0.1067664392E+001
    839200   0.8736935970E+003   0.3557558464E+000
    839300   0.8629105990E+003   0.7126647336E+000
    839400   0.8429259678E+003   0.7154525237E+000
    839500   0.8512991103E+003   0.7142659063E+000
    839600   0.8587629896E+003   0.7132308780E+000
    839700   0.8585978259E+003   0.1069436131E+001
    839800   0.8648055019E+003   0.3563508695E+000
    839900   0.8481793365E+003   0.7147048340E+000
    840000   0.8695855833E+003   0.7117667918E+000
    840100   0.8721500329E+003   0.3558581700E+000
    840200   0.8736424398E+003   0.7112288395E+000
    840300   0.8724549312E+003   0.3558379248E+000
    840400   0.8554801619E+003   0.7136835188E+000
    840500   0.8771218563E+003   0.0000000000E+000
    840600   0.8753356508E+003   0.3556474541E+000
    840700   0.8665156023E+003   0.3562352811E+000
    840800   0.8697133174E+003   0.3560205612E+000
    840900   0.8689069799E+003   0.0000000000E+000
    841000   0.8564474338E+003   0.0000000000E+000
    841100   0.8836768774E+003   0.0000000000E+000
    841200   0.8621306847E+003   0.0000000000E+000
    841300   0.8536762847E+003   0.0000000000E+000
    841400   0.8608436449E+003   0.0000000000E+000
    841500   0.8539179626E+003   0.0000000000E+000
    841600   0.8546788517E+003   0.0000000000E+000
    841700   0.8558140032E+003   0.0000000000E+000
    841800   0.8515809123E+003   0.0000000000E+000
    841900   0.8528343480E+003   0.0000000000E+000
    842000   0.8631780107E+003   0.0000000000E+000
    842100   0.8533814716E+003   0.3571369068E+000
    842200   0.8629884915E+003   0.3564742688E+000
    842300   0.8540974247E+003   0.3570869246E+000
    842400   0.8592386686E+003   0.7131656250E+000
    842500   0.8564712106E+003   0.7135464454E+000
    842600   0.8582601286E+003   0.3567982432E+000
    842700   0.8602445844E+003   0.3566617683E+000
    842800   0.8523100375E+003   0.7141244811E+000
    842900   0.8575173444E+003   0.7134021537E+000
    843000   0.8566157672E+003   0.3569118878E+000
    843100   0.8571229612E+003   0.3568767806E+000
    843200   0.8692079420E+003   0.3560543738E+000
    843300   0.8645029920E+003   0.3563713721E+000
    843400   0.8693648987E+003   0.3560438676E+000
    843500   0.8687434838E+003   0.7118791893E+000
    843600   0.8582739694E+003   0.3567972888E+000
    843700   0.8753805211E+003   0.3556444988E+000
    843800   0.8594830032E+003   0.3567140569E+000
    843900   0.8507095898E+003   0.7143485593E+000
    844000   0.8696960013E+003   0.3560217190E+000
    844100   0.8622876408E+003   0.3565220279E+000
    844200   0.8441385829E+003   0.3577910727E+000
    844300   0.8587385684E+003   0.7132342303E+000
    844400   0.8504914386E+003   0.3573396650E+000
    844500   0.8481484791E+003   0.3575052266E+000
    844600   0.8542726862E+003   0.3570747041E+000
    844700   0.8342068278E+003   0.3585129206E+000
    844800   0.8590607184E+003   0.0000000000E+000
    844900   0.8507782299E+003   0.0000000000E+000
    845000   0.8605244809E+003   0.0000000000E+000
    845100   0.8484892039E+003   0.0000000000E+000
    845200   0.8568027041E+003   0.3568989427E+000
    845300   0.8455564628E+003   0.0000000000E+000
    845400   0.8573822681E+003   0.3568588504E+000
    845500   0.8542077297E+003   0.0000000000E+000
    845600   0.8548581180E+003   0.0000000000E+000
    845700   0.8556944519E+003   0.3569757842E+000
    845800   0.8468261648E+003   0.7148963892E+000
    845900   0.8531930824E+003   0.3571500749E+000
    846000   0.8630665468E+003   0.0000000000E+000
    846100   0.8640432907E+003   0.0000000000E+000
    846200   0.8581501304E+003   0.3568058295E+000
    846300   0.8639536987E+003   0.0000000000E+000
    846400   0.8507692107E+003   0.0000000000E+000
    846500   0.8613353976E+003   0.0000000000E+000
    846600   0.8652875382E+003   0.0000000000E+000
    846700   0.8597742092E+003   0.0000000000E+000
    846800   0.8555478775E+003   0.0000000000E+000
    846900   0.8551340782E+003   0.0000000000E+000
    847000   0.8538046958E+003   0.0000000000E+000
    847100   0.8463371614E+003   0.0000000000E+000
    847200   0.8450782574E+003   0.0000000000E+000
    847300   0.8663593998E+003   0.0000000000E+000
    847400   0.8609277750E+003   0.0000000000E+000
    847500   0.8589671974E+003   0.3567495324E+000
    847600   0.8546180025E+003   0.3570506433E+000
    847700   0.8522348968E+003   0.3572171558E+000
    847800   0.8505585791E+003   0.0000000000E+000
    847900   0.8549441336E+003   0.3570279400E+000
    848000   0.8537925255E+003   0.3571081983E+000
    848100   0.8538805864E+003   0.3571020522E+000
    848200   0.8652961858E+003   0.0000000000E+000
    848300   0.8542167032E+003   0.0000000000E+000
    848400   0.8543593279E+003   0.3570686650E+000
    848500   0.8596442696E+003   0.7131100517E+000
    848600   0.8597330295E+003   0.0000000000E+000
    848700   0.8526982989E+003   0.3571846919E+000
    848800   0.8625313419E+003   0.7127162384E+000
    848900   0.8579928171E+003   0.3568166830E+000
    849000   0.8614004776E+003   0.3565826130E+000
    849100   0.8444384445E+003   0.7152361449E+000
    849200   0.8546956956E+003   0.0000000000E+000
    849300   0.8544397442E+003   0.0000000000E+000
    849400   0.8445988641E+003   0.0000000000E+000
    849500   0.8524325792E+003   0.0000000000E+000
    849600   0.8548463250E+003   0.0000000000E+000
    849700   0.8725779647E+003   0.0000000000E+000
    849800   0.8610682122E+003   0.0000000000E+000
    849900   0.8533553024E+003   0.3571387356E+000
    850000   0.8611338153E+003   0.0000000000E+000
    850100   0.8680968055E+003   0.3561288765E+000
    850200   0.8643025976E+003   0.3563849630E+000
    850300   0.8746990735E+003   0.3556894185E+000
    850400   0.8682962715E+003   0.0000000000E+000
    850500   0.8549679811E+003   0.0000000000E+000
    850600   0.8403103266E+003   0.3580669488E+000
    850700   0.8668476063E+003   0.0000000000E+000
    850800   0.8611754972E+003   0.3565980002E+000
    850900   0.8646758398E+003   0.0000000000E+000
    851000   0.8556414744E+003   0.3569794633E+000
    851100   0.8693330262E+003   0.3560460007E+000
    851200   0.8640371378E+003   0.3564029780E+000
    851300   0.8666661175E+003   0.0000000000E+000
    851400   0.8567895746E+003   0.3568998517E+000
    851500   0.8647616712E+003   0.3563538391E+000
    851600   0.8624892570E+003   0.0000000000E+000
    851700   0.8631901414E+003   0.0000000000E+000
    851800   0.8543726882E+003   0.3570677338E+000
    851900   0.8719789407E+003   0.0000000000E+000
    852000   0.8610639198E+003   0.0000000000E+000
    852100   0.8637773669E+003   0.3564206194E+000
    852200   0.8769689182E+003   0.3555401096E+000
    852300   0.8523731374E+003   0.3572074670E+000
    852400   0.8584528571E+003   0.3567849566E+000
    852500   0.8538827244E+003   0.3571019030E+000
    852600   0.8621608985E+003   0.0000000000E+000
    852700   0.8528279435E+003   0.3571756169E+000
    852800   0.8719886667E+003   0.0000000000E+000
    852900   0.8635996087E+003   0.3564326983E+000
    853000   0.8672186328E+003   0.3561879160E+000
    853100   0.8751709957E+003   0.0000000000E+000
    853200   0.8558697818E+003   0.3569636121E+000
    853300   0.8558050656E+003   0.3569681043E+000
    853400   0.8633867513E+003   0.0000000000E+000
    853500   0.8679236731E+003   0.0000000000E+000
    853600   0.8611218736E+003   0.3566016691E+000
    853700   0.8611238726E+003   0.0000000000E+000
    853800   0.8628974534E+003   0.3564804675E+000
    853900   0.8586711331E+003   0.0000000000E+000
    854000   0.8660462652E+003   0.0000000000E+000
    854100   0.8475665953E+003   0.0000000000E+000
    854200   0.8651112804E+003   0.0000000000E+000
    854300   0.8551526762E+003   0.0000000000E+000
    854400   0.8642437382E+003   0.3563889562E+000
    854500   0.8702174160E+003   0.3559868795E+000
    854600   0.8584056402E+003   0.0000000000E+000
    854700   0.8692412832E+003   0.3560521417E+000
    854800   0.8504226251E+003   0.3573445124E+000
    854900   0.8441192939E+003   0.3577924554E+000
    855000   0.8553984672E+003   0.3569963458E+000
    855100   0.8519611259E+003   0.3572363544E+000
    855200   0.8436095471E+003   0.0000000000E+000
    855300   0.8538698684E+003   0.3571028002E+000
    855400   0.8528938545E+003   0.3571710044E+000
    855500   0.8607998480E+003   0.0000000000E+000
    855600   0.8620995658E+003   0.0000000000E+000
    855700   0.8693426036E+003   0.3560453597E+000
    855800   0.8634711002E+003   0.3564414343E+000
    855900   0.8621756497E+003   0.3565296679E+000
    856000   0.8575774415E+003   0.0000000000E+000
    856100   0.8496163749E+003   0.0000000000E+000
    856200   0.8476576871E+003   0.3575400431E+000
    856300   0.8617613086E+003   0.3565579540E+000
    856400   0.8651317727E+003   0.3563287753E+000
    856500   0.8673644191E+003   0.3561781051E+000
    856600   0.8562242684E+003   0.3569390200E+000
    856700   0.8621816175E+003   0.3565292607E+000
    856800   0.8670184384E+003   0.0000000000E+000
    856900   0.8561039102E+003   0.3569473671E+000
    857000   0.8583836678E+003   0.3567897257E+000
    857100   0.8600034776E+003   0.3566783105E+000
    857200   0.8637837678E+003   0.0000000000E+000
    857300   0.8610117579E+003   0.3566092048E+000
    857400   0.8600918077E+003   0.3566722490E+000
    857500   0.8502363872E+003   0.3573576361E+000
    857600   0.8491867270E+003   0.3574317287E+000
    857700   0.8486388622E+003   0.3574704860E+000
    857800   0.8597634206E+003   0.0000000000E+000
    857900   0.8512297211E+003   0.3572877159E+000
    858000   0.8505457610E+003   0.3573358390E+000
    858100   0.8623618915E+003   0.3565169639E+000
    858200   0.8485664724E+003   0.0000000000E+000
    858300   0.8711213595E+003   0.7115624577E+000
    858400   0.8532463670E+003   0.3571463497E+000
    858500   0.8557609380E+003   0.0000000000E+000
    858600   0.8536430009E+003   0.3571186375E+000
    858700   0.8618559944E+003   0.3565514872E+000
    858800   0.8642368517E+003   0.3563894235E+000
    858900   0.8628741114E+003   0.7126696865E+000
    859000   0.8541102590E+003   0.7138736030E+000
    859100   0.8546205043E+003   0.7138027196E+000
    859200   0.8591634218E+003   0.7131759416E+000
    859300   0.8493930973E+003   0.3574171448E+000
    859400   0.8735010199E+003   0.3557685894E+000
    859500   0.8607847545E+003   0.0000000000E+000
    859600   0.8517213032E+003   0.0000000000E+000
    859700   0.8481960504E+003   0.3575018544E+000
    859800   0.8542965444E+003   0.3570730410E+000
    859900   0.8557933332E+003   0.3569689188E+000
    860000   0.8597301088E+003   0.7130982982E+000
    860100   0.8648768236E+003   0.0000000000E+000
    860200   0.8483098170E+003   0.3574937916E+000
    860300   0.8599986896E+003   0.3566786392E+000
    860400   0.8676949378E+003   0.3561558768E+000
    860500   0.8639126741E+003   0.3564114289E+000
    860600   0.8692905739E+003   0.0000000000E+000
    860700   0.8553412204E+003   0.0000000000E+000
    860800   0.8616394592E+003   0.0000000000E+000
    860900   0.8745022425E+003   0.0000000000E+000
    861000   0.8523491823E+003   0.0000000000E+000
    861100   0.8516722333E+003   0.0000000000E+000
    861200   0.8671285851E+003   0.0000000000E+000
    861300   0.8520973042E+003   0.0000000000E+000
    861400   0.8623999214E+003   0.0000000000E+000
    861500   0.8552220418E+003   0.0000000000E+000
    861600   0.8619427572E+003   0.0000000000E+000
    861700   0.8557371753E+003   0.0000000000E+000
    861800   0.8441580301E+003   0.3577896787E+000
    861900   0.8572237432E+003   0.3568698103E+000
    862000   0.8568234513E+003   0.3568975064E+000
    862100   0.8561243287E+003   0.7135943810E+000
    862200   0.8439943291E+003   0.7152995872E+000
    862300   0.8604128073E+003   0.3566502331E+000
    862400   0.8542520080E+003   0.3570761456E+000
    862500   0.8621109276E+003   0.7127733943E+000
    862600   0.8590556906E+003   0.7131907157E+000
    862700   0.8504705128E+003   0.3573411390E+000
    862800   0.8542071451E+003   0.3570792734E+000
    862900   0.8543072290E+003   0.3570722962E+000
    863000   0.8603612492E+003   0.7130119642E+000
    863100   0.8615373806E+003   0.3565732543E+000
    863200   0.8569817897E+003   0.3568865474E+000
    863300   0.8529775569E+003   0.3571651481E+000
    863400   0.8487740851E+003   0.7146208669E+000
    863500   0.8593778228E+003   0.3567212868E+000
    863600   0.8610601600E+003   0.3566058922E+000
    863700   0.8549792933E+003   0.1070182699E+001
    863800   0.8516519313E+003   0.7142165034E+000
    863900   0.8566623382E+003   0.1069834543E+001
    864000   0.8546388867E+003   0.1070253310E+001
    864100   0.8597403420E+003   0.1069201930E+001
    864200   0.8545199308E+003   0.7138166835E+000
    864300   0.8607887414E+003   0.7129535710E+000
    864400   0.8698412919E+003   0.3560120062E+000
    864500   0.8618921020E+003   0.3565490216E+000
    864600   0.8491846290E+003   0.3574318771E+000
    864700   0.8633573782E+003   0.3564491676E+000
    864800   0.8634930867E+003   0.3564399394E+000
    864900   0.8586814446E+003   0.7132420727E+000
    865000   0.8534325881E+003   0.7139678980E+000
    865100   0.8638979517E+003   0.7125308935E+000
    865200   0.8679946609E+003   0.3561357365E+000
    865300   0.8569435784E+003   0.7134812415E+000
    865400   0.8654725667E+003   0.1068037756E+001
    865500   0.8535778760E+003   0.1070473819E+001
    865600   0.8503639316E+003   0.1071145687E+001
    865700   0.8533675504E+003   0.7139769569E+000
    865800   0.8492325195E+003   0.7145562385E+000
    865900   0.8524781349E+003   0.7141010028E+000
    866000   0.8460521114E+003   0.7150062861E+000
    866100   0.8475884248E+003   0.7147883957E+000
    866200   0.8458228881E+003   0.1072105147E+001
    866300   0.8514379734E+003   0.1427295597E+001
    866400   0.8584991312E+003   0.1069456397E+001
    866500   0.8605246718E+003   0.1069041572E+001
    866600   0.8666128681E+003   0.1423159884E+001
    866700   0.8572362029E+003   0.7134408908E+000
    866800   0.8672345660E+003   0.7120812242E+000
    866900   0.8487446535E+003   0.7146250188E+000
    867000   0.8370480225E+003   0.7163021263E+000
    867100   0.8472227075E+003   0.7148401805E+000
    867200   0.8539621984E+003   0.3570963575E+000
    867300   0.8672141920E+003   0.3561882149E+000
    867400   0.8606277282E+003   0.3566355033E+000
    867500   0.8513013347E+003   0.3572826824E+000
    867600   0.8653825603E+003   0.3563118057E+000
    867700   0.8477344843E+003   0.7147677285E+000
    867800   0.8517002204E+003   0.3572546642E+000
    867900   0.8682153102E+003   0.7119498156E+000
    868000   0.8639792097E+003   0.3564069109E+000
    868100   0.8590731958E+003   0.7131883148E+000
    868200   0.8541465023E+003   0.1070355563E+001
    868300   0.8536502606E+003   0.1426681997E+001
    868400   0.8655736459E+003   0.1068017388E+001
    868500   0.8604229545E+003   0.1069062349E+001
    868600   0.8677983651E+003   0.1067570502E+001
    868700   0.8643183253E+003   0.1068270729E+001
    868800   0.8523904857E+003   0.1070721352E+001
    868900   0.8619687692E+003   0.1068747211E+001
    869000   0.8631577337E+003   0.1424086660E+001
    869100   0.8555956264E+003   0.1426145486E+001
    869200   0.8629717755E+003   0.1068543435E+001
    869300   0.8626887684E+003   0.1068600876E+001
    869400   0.8649606135E+003   0.1068141000E+001
    869500   0.8580457811E+003   0.1069549554E+001
    869600   0.8640500028E+003   0.1068324991E+001
    869700   0.8574642838E+003   0.1069669212E+001
    869800   0.8579405326E+003   0.1069571197E+001
    869900   0.8637908473E+003   0.1068377437E+001
    870000   0.8671409340E+003   0.1423018996E+001
    870100   0.8508903171E+003   0.1427448069E+001
    870200   0.8633875988E+003   0.1068459116E+001
    870300   0.8514315653E+003   0.1070921845E+001
    870400   0.8646267494E+003   0.1423691571E+001
    870500   0.8459654871E+003   0.1428829537E+001
    870600   0.8542135455E+003   0.1426526356E+001
    870700   0.8528196473E+003   0.1782894155E+001
    870800   0.8487114338E+003   0.2495949887E+001
    870900   0.8578110196E+003   0.2136531654E+001
    871000   0.8487050254E+003   0.2140287479E+001
    871100   0.8507396776E+003   0.2139440147E+001
    871200   0.8611522960E+003   0.2135176686E+001
    871300   0.8618287648E+003   0.2134903849E+001
    871400   0.8658459147E+003   0.2133293832E+001
    871500   0.8615740093E+003   0.2135006540E+001
    871600   0.8663903387E+003   0.1778293842E+001
    871700   0.8558928226E+003   0.1781837504E+001
    871800   0.8553828388E+003   0.1426204032E+001
    871900   0.8675584021E+003   0.1422907757E+001
    872000   0.8656625734E+003   0.1067999474E+001
    872100   0.8597526335E+003   0.1069199415E+001
    872200   0.8471710432E+003   0.1428489633E+001
    872300   0.8606809370E+003   0.1069009664E+001
    872400   0.8568549978E+003   0.1425799678E+001
    872500   0.8467866633E+003   0.1428597886E+001
    872600   0.8571310360E+003   0.1069737871E+001
    872700   0.8411247198E+003   0.1073110549E+001
    872800   0.8569437390E+003   0.1069776487E+001
    872900   0.8562597580E+003   0.1069917676E+001
    873000   0.8622328197E+003   0.1424336218E+001
    873100   0.8714335978E+003   0.1066845988E+001
    873200   0.8722940934E+003   0.1066675516E+001
    873300   0.8548619895E+003   0.1426347481E+001
    873400   0.8585651910E+003   0.1780925820E+001
    873500   0.8631316803E+003   0.1424093682E+001
    873600   0.8593215355E+003   0.1425125815E+001
    873700   0.8684612655E+003   0.1422667604E+001
    873800   0.8605143484E+003   0.1424801549E+001
    873900   0.8663461103E+003   0.1778308563E+001
    874000   0.8629208357E+003   0.1779453955E+001
    874100   0.8696749325E+003   0.1777205465E+001
    874200   0.8599355557E+003   0.1424958763E+001
    874300   0.8557832374E+003   0.1781875031E+001
    874400   0.8606206676E+003   0.1424772697E+001
    874500   0.8600134239E+003   0.1780434506E+001
    874600   0.8619123995E+003   0.1779793188E+001
    874700   0.8655568636E+003   0.1423442225E+001
    874800   0.8553107655E+003   0.1426223870E+001
    874900   0.8573394593E+003   0.1425666965E+001
    875000   0.8686659136E+003   0.1422613250E+001
    875100   0.8684807400E+003   0.1422662431E+001
    875200   0.8661727667E+003   0.1423277455E+001
    875300   0.8738943373E+003   0.1421234623E+001
    875400   0.8716223592E+003   0.1776564667E+001
    875500   0.8663156664E+003   0.1778318697E+001
    875600   0.8675761544E+003   0.1777899808E+001
    875700   0.8683115628E+003   0.1777656068E+001
    875800   0.8507662672E+003   0.1783605128E+001
    875900   0.8615742617E+003   0.1779907142E+001
    876000   0.8528241325E+003   0.1782892607E+001
    876100   0.8735396478E+003   0.1775937025E+001
    876200   0.8590266267E+003   0.1780769068E+001
    876300   0.8588679557E+003   0.1780822947E+001
    876400   0.8647761044E+003   0.1778832255E+001
    876500   0.8749165157E+003   0.1775488263E+001
    876600   0.8619818186E+003   0.1779769806E+001
    876700   0.8636274513E+003   0.1779216802E+001
    876800   0.8626048014E+003   0.1779560168E+001
    876900   0.8572333803E+003   0.1781379343E+001
    877000   0.8672983876E+003   0.1422977026E+001
    877100   0.8670987847E+003   0.1778058283E+001
    877200   0.8521759375E+003   0.1427090502E+001
    877300   0.8721355337E+003   0.1421696240E+001
    877400   0.8566613495E+003   0.1425852774E+001
    877500   0.8608305173E+003   0.1424715774E+001
    877600   0.8541150421E+003   0.1426553557E+001
    877700   0.8585296900E+003   0.1780937888E+001
    877800   0.8542806510E+003   0.1426507831E+001
    877900   0.8512082396E+003   0.1783451760E+001
    878000   0.8547631018E+003   0.1426374739E+001
    878100   0.8527683024E+003   0.1426926172E+001
    878200   0.8447231136E+003   0.1429181007E+001
    878300   0.8565632293E+003   0.1425879688E+001
    878400   0.8490392269E+003   0.1427965127E+001
    878500   0.8622514656E+003   0.1424331181E+001
    878600   0.8651886261E+003   0.7123564730E+000
    878700   0.8562274655E+003   0.7135801238E+000
    878800   0.8689643372E+003   0.7118496868E+000
    878900   0.8657257923E+003   0.7122840592E+000
    879000   0.8567109978E+003   0.7135133356E+000
    879100   0.8571499008E+003   0.7134527879E+000
    879200   0.8641828141E+003   0.7124923453E+000
    879300   0.8602441214E+003   0.7130279750E+000
    879400   0.8677080389E+003   0.7120177410E+000
    879500   0.8481891332E+003   0.1071603696E+001
    879600   0.8607390797E+003   0.1424740573E+001
    879700   0.8587597946E+003   0.1425278887E+001
    879800   0.8562312435E+003   0.1425970805E+001
    879900   0.8655653651E+003   0.1423439949E+001
    880000   0.8600765040E+003   0.1424920455E+001
    880100   0.8553279780E+003   0.1782031052E+001
    880200   0.8613697515E+003   0.1779976114E+001
    880300   0.8674011192E+003   0.1777957892E+001
    880400   0.8712948106E+003   0.1421917662E+001
    880500   0.8614948055E+003   0.1424535794E+001
    880600   0.8582964159E+003   0.1425405332E+001
    880700   0.8676996914E+003   0.1422870137E+001
    880800   0.8603066209E+003   0.1424857944E+001
    880900   0.8600343572E+003   0.1069141778E+001
    881000   0.8667353248E+003   0.1067783705E+001
    881100   0.8507103163E+003   0.1427498233E+001
    881200   0.8697246513E+003   0.1422332528E+001
    881300   0.8649793323E+003   0.1423596977E+001
    881400   0.8551378611E+003   0.1426271477E+001
    881500   0.8574831809E+003   0.1781294153E+001
    881600   0.8624611538E+003   0.1424274552E+001
    881700   0.8588777536E+003   0.1425246724E+001
    881800   0.8495171143E+003   0.1427831389E+001
    881900   0.8635705671E+003   0.1779235877E+001
    882000   0.8677555086E+003   0.1422855279E+001
    882100   0.8667238868E+003   0.1778182881E+001
    882200   0.8615705342E+003   0.2135007941E+001
    882300   0.8704235792E+003   0.1776958730E+001
    882400   0.8664221557E+003   0.1778283254E+001
    882500   0.8562027088E+003   0.1781731446E+001
    882600   0.8694030941E+003   0.1777295179E+001
    882700   0.8654797629E+003   0.2133439861E+001
    882800   0.8585438987E+003   0.2136233403E+001
    882900   0.8614264466E+003   0.1424554300E+001
    883000   0.8704181648E+003   0.1422149074E+001
    883100   0.8569746774E+003   0.1781467630E+001
    883200   0.8531326460E+003   0.1782786131E+001
    883300   0.8621473815E+003   0.1424359302E+001
    883400   0.8656256668E+003   0.1423423805E+001
    883500   0.8576597497E+003   0.1425579322E+001
    883600   0.8477805290E+003   0.1071690053E+001
    883700   0.8512967956E+003   0.1070950065E+001
    883800   0.8577593024E+003   0.1069608481E+001
    883900   0.8556005505E+003   0.1070053999E+001
    884000   0.8573574664E+003   0.1069691213E+001
    884100   0.8493047489E+003   0.1071368407E+001
    884200   0.8571811479E+003   0.7134484800E+000
    884300   0.8680286345E+003   0.7119748014E+000
    884400   0.8626925202E+003   0.1068600115E+001
    884500   0.8581693328E+003   0.7133124333E+000
    884600   0.8637616352E+003   0.7125493506E+000
    884700   0.8545500028E+003   0.7138125078E+000
    884800   0.8432875093E+003   0.1072646089E+001
    884900   0.8610054796E+003   0.7129239915E+000
    885000   0.8427098540E+003   0.1429753132E+001
    885100   0.8646626124E+003   0.7124274848E+000
    885200   0.8615175352E+003   0.1068839066E+001
    885300   0.8616682234E+003   0.1068808379E+001
    885400   0.8684427809E+003   0.1067441554E+001
    885500   0.8629068596E+003   0.7126652412E+000
    885600   0.8671994081E+003   0.1067690554E+001
    885700   0.8775674942E+003   0.7107138616E+000
    885800   0.8665494312E+003   0.7121732298E+000
    885900   0.8597473002E+003   0.7130959447E+000
    886000   0.8765152069E+003   0.7108513990E+000
    886100   0.8693675003E+003   0.7117958757E+000
    886200   0.8718355315E+003   0.7114677227E+000
    886300   0.8740509445E+003   0.7111749920E+000
    886400   0.8674241941E+003   0.1067645477E+001
    886500   0.8571489688E+003   0.1425719127E+001
    886600   0.8592359206E+003   0.1069305241E+001
    886700   0.8684889603E+003   0.7119132112E+000
    886800   0.8753568883E+003   0.1066071904E+001
    886900   0.8687479664E+003   0.7118785903E+000
    887000   0.8661203160E+003   0.7122309412E+000
    887100   0.8461328767E+003   0.1072039268E+001
    887200   0.8723098909E+003   0.7114048984E+000
    887300   0.8725697690E+003   0.3558303038E+000
    887400   0.8661574499E+003   0.3562594452E+000
    887500   0.8638015443E+003   0.3564189769E+000
    887600   0.8580043426E+003   0.3568158877E+000
    887700   0.8640124633E+003   0.3564046531E+000
    887800   0.8674544961E+003   0.3561720452E+000
    887900   0.8463619560E+003   0.7149622674E+000
    888000   0.8513592791E+003   0.7142574780E+000
    888100   0.8681013333E+003   0.3561285725E+000
    888200   0.8641324307E+003   0.7124991612E+000
    888300   0.8626347635E+003   0.7127021881E+000
    888400   0.8536035886E+003   0.3571213898E+000
    888500   0.8502158564E+003   0.3573590833E+000
    888600   0.8527558851E+003   0.0000000000E+000
    888700   0.8548869945E+003   0.3570319162E+000
    888800   0.8601531310E+003   0.7130404165E+000
    888900   0.8667589155E+003   0.3562188783E+000
    889000   0.8585150094E+003   0.7132649290E+000
    889100   0.8517931244E+003   0.1070846187E+001
    889200   0.8645484118E+003   0.7124429152E+000
    889300   0.8564523827E+003   0.7135490460E+000
    889400   0.8647296275E+003   0.1068187628E+001
    889500   0.8670168764E+003   0.1423052077E+001
    889600   0.8736447332E+003   0.1066408727E+001
    889700   0.8674923928E+003   0.1067631806E+001
    889800   0.8629727361E+003   0.1424136526E+001
    889900   0.8612892469E+003   0.1424591453E+001
    890000   0.8659877489E+003   0.1067934004E+001
    890100   0.8680529742E+003   0.1067519528E+001
    890200   0.8570441947E+003   0.1069755773E+001
    890300   0.8575978094E+003   0.1069641719E+001
    890400   0.8592839763E+003   0.1425136042E+001
    890500   0.8618494827E+003   0.1424439832E+001
    890600   0.8497235076E+003   0.1427773683E+001
    890700   0.8525232695E+003   0.1426994115E+001
    890800   0.8505443675E+003   0.1783682200E+001
    890900   0.8497153385E+003   0.1071281994E+001
    891000   0.8534455509E+003   0.1070501365E+001
    891100   0.8589093539E+003   0.1425238110E+001
    891200   0.8525384017E+003   0.1070690473E+001
    891300   0.8701604489E+003   0.1067098931E+001
    891400   0.8584348920E+003   0.1069469590E+001
    891500   0.8712723474E+003   0.1066877977E+001
    891600   0.8645449480E+003   0.1423713531E+001
    891700   0.8610448902E+003   0.1068935399E+001
    891800   0.8666350110E+003   0.1067803856E+001
    891900   0.8616761022E+003   0.1779872810E+001
    892000   0.8591435379E+003   0.1425174293E+001
    892100   0.8722617549E+003   0.1421663040E+001
    892200   0.8627077499E+003   0.1779525559E+001
    892300   0.8656215987E+003   0.1423424894E+001
    892400   0.8684106202E+003   0.1422681060E+001
    892500   0.8684231304E+003   0.1422677736E+001
    892600   0.8558203605E+003   0.1426083690E+001
    892700   0.8656077570E+003   0.1423428599E+001
    892800   0.8518629706E+003   0.1783224903E+001
    892900   0.8612044726E+003   0.1424614416E+001
    893000   0.8511426642E+003   0.1070982352E+001
    893100   0.8526766500E+003   0.1070661623E+001
    893200   0.8671792395E+003   0.1067694600E+001
    893300   0.8655668603E+003   0.1068018755E+001
    893400   0.8493945570E+003   0.1071349498E+001
    893500   0.8758992129E+003   0.1420711045E+001
    893600   0.8629666007E+003   0.1424138180E+001
    893700   0.8634074194E+003   0.1068455099E+001
    893800   0.8741565020E+003   0.1421166000E+001
    893900   0.8657778882E+003   0.1067976250E+001
    894000   0.8721487341E+003   0.1066704285E+001
    894100   0.8581608569E+003   0.1069525897E+001
    894200   0.8732084718E+003   0.7112861076E+000
    894300   0.8613847929E+003   0.1424565578E+001
    894400   0.8527969026E+003   0.1426918245E+001
    894500   0.8641095773E+003   0.1423830486E+001
    894600   0.8754729500E+003   0.1775307370E+001
    894700   0.8551015274E+003   0.1426281484E+001
    894800   0.8585123884E+003   0.1780943769E+001
    894900   0.8550271331E+003   0.1782134260E+001
    895000   0.8483755396E+003   0.1784437963E+001
    895100   0.8531264550E+003   0.2138452170E+001
    895200   0.8652366921E+003   0.1778678392E+001
    895300   0.8684819957E+003   0.1777599649E+001
    895400   0.8634513957E+003   0.1779275847E+001
    895500   0.8504073968E+003   0.2495128302E+001
    895600   0.8484388959E+003   0.2496082271E+001
    895700   0.8553124021E+003   0.2492773481E+001
    895800   0.8637800987E+003   0.2843151310E+001
    895900   0.8509483821E+003   0.2494867032E+001
    896000   0.8590345440E+003   0.2491007403E+001
    896100   0.8431929995E+003   0.2854391524E+001
    896200   0.8536787524E+003   0.2493554274E+001
    896300   0.8484376913E+003   0.2851467701E+001
    896400   0.8615406660E+003   0.2844343752E+001
    896500   0.8671253281E+003   0.2487229216E+001
    896600   0.8513175797E+003   0.2494688949E+001
    896700   0.8628036617E+003   0.2489237079E+001
    896800   0.8596467062E+003   0.2490718648E+001
    896900   0.8556402236E+003   0.2492617219E+001
    897000   0.8554377054E+003   0.2492713736E+001
    897100   0.8598740702E+003   0.1780481698E+001
    897200   0.8649403986E+003   0.1778777349E+001
    897300   0.8672455121E+003   0.1778009551E+001
    897400   0.8694124458E+003   0.1777292091E+001
    897500   0.8558199002E+003   0.1781862475E+001
    897600   0.8741507041E+003   0.1775737661E+001
    897700   0.8610538858E+003   0.2135216419E+001
    897800   0.8721873086E+003   0.1776379392E+001
    897900   0.8517020037E+003   0.2139041028E+001
    898000   0.8543386481E+003   0.1782370770E+001
    898100   0.8557545452E+003   0.1781884858E+001
    898200   0.8663416867E+003   0.1778310036E+001
    898300   0.8529250062E+003   0.2138535309E+001
    898400   0.8556625776E+003   0.2137409405E+001
    898500   0.8540401512E+003   0.1782473448E+001
    898600   0.8596556783E+003   0.1425034872E+001
    898700   0.8488207903E+003   0.1428026316E+001
    898800   0.8674758189E+003   0.1777933100E+001
    898900   0.8684293052E+003   0.1777617088E+001
    899000   0.8700548262E+003   0.2131625475E+001
    899100   0.8556573017E+003   0.1781918171E+001
    899200   0.8535338548E+003   0.2138284175E+001
    899300   0.8541164714E+003   0.1782447187E+001
    899400   0.8562983240E+003   0.1781698740E+001
    899500   0.8579957002E+003   0.1425487475E+001
    899600   0.8633558185E+003   0.1779307913E+001
    899700   0.8476690965E+003   0.1428349537E+001
    899800   0.8491576962E+003   0.1427931957E+001
    899900   0.8542257927E+003   0.1426522975E+001
    900000   0.8496628877E+003   0.1427790629E+001
    900100   0.8636749140E+003   0.1779200889E+001
    900200   0.8678427548E+003   0.1777811392E+001
    900300   0.8679518493E+003   0.1777775230E+001
    900400   0.8632649014E+003   0.2134326265E+001
    900500   0.8575921007E+003   0.1425597827E+001
    900600   0.8614928691E+003   0.1424536318E+001
    900700   0.8590791564E+003   0.1069337376E+001
    900800   0.8514691695E+003   0.1427286918E+001
    900900   0.8600536307E+003   0.1069137837E+001
    901000   0.8566200135E+003   0.1069843279E+001
    901100   0.8646039294E+003   0.1068213015E+001
    901200   0.8637115669E+003   0.1068393489E+001
    901300   0.8763176586E+003   0.7108772620E+000
    901400   0.8689034088E+003   0.7118578241E+000
    901500   0.8689460659E+003   0.7118521269E+000
    901600   0.8713351827E+003   0.7115340751E+000
    901700   0.8583642269E+003   0.7132856447E+000
    901800   0.8568831431E+003   0.7134895791E+000
    901900   0.8524826791E+003   0.7141003682E+000
    902000   0.8488255466E+003   0.7146136080E+000
    902100   0.8527671931E+003   0.7140606550E+000
    902200   0.8624970537E+003   0.7127208975E+000
    902300   0.8517640520E+003   0.7142008139E+000
    902400   0.8495807610E+003   0.1071310306E+001
    902500   0.8548248319E+003   0.1426357723E+001
    902600   0.8471134626E+003   0.1428505842E+001
    902700   0.8568525749E+003   0.1781509321E+001
    902800   0.8570278786E+003   0.1781449469E+001
    902900   0.8607496201E+003   0.1780185488E+001
    903000   0.8618662504E+003   0.2134888745E+001
    903100   0.8696165841E+003   0.2131798314E+001
    903200   0.8591114816E+003   0.2490971086E+001
    903300   0.8630165439E+003   0.2134425990E+001
    903400   0.8645763940E+003   0.2133800759E+001
    903500   0.8532316893E+003   0.2138408758E+001
    903600   0.8488110082E+003   0.2140243226E+001
    903700   0.8587004429E+003   0.2136169773E+001
    903800   0.8511031505E+003   0.2139289275E+001
    903900   0.8652850293E+003   0.2133517584E+001
    904000   0.8612721013E+003   0.2489954268E+001
    904100   0.8499271352E+003   0.2139777964E+001
    904200   0.8633392933E+003   0.2134296407E+001
    904300   0.8634931748E+003   0.2488915163E+001
    904400   0.8716438411E+003   0.2131000472E+001
    904500   0.8674120480E+003   0.2132670841E+001
    904600   0.8620741301E+003   0.2134805010E+001
    904700   0.8619390148E+003   0.2489641606E+001
    904800   0.8589857246E+003   0.2136053885E+001
    904900   0.8569875127E+003   0.2491976468E+001
    905000   0.8643417803E+003   0.2133894631E+001
    905100   0.8560436822E+003   0.2137253330E+001
    905200   0.8518013500E+003   0.2138999884E+001
    905300   0.8580222061E+003   0.2136445649E+001
    905400   0.8610239753E+003   0.1780092815E+001
    905500   0.8587495773E+003   0.1780863159E+001
    905600   0.8684007339E+003   0.1777626546E+001
    905700   0.8633267512E+003   0.1424041124E+001
    905800   0.8583190218E+003   0.1425399159E+001
    905900   0.8872201654E+003   0.1417805985E+001
    906000   0.8744536810E+003   0.1421088269E+001
    906100   0.8694837080E+003   0.1422396344E+001
    906200   0.8774422047E+003   0.1420309980E+001
    906300   0.8718043326E+003   0.1421783410E+001
    906400   0.8640157437E+003   0.1423855710E+001
    906500   0.8682775822E+003   0.1422716415E+001
    906600   0.8729352038E+003   0.1421486090E+001
    906700   0.8635569524E+003   0.1423979137E+001
    906800   0.8631408256E+003   0.1424091217E+001
    906900   0.8680301481E+003   0.1422782205E+001
    907000   0.8599519371E+003   0.1424954310E+001
    907100   0.8632281968E+003   0.1424067674E+001
    907200   0.8722981258E+003   0.1421653476E+001
    907300   0.8426166710E+003   0.1429779690E+001
    907400   0.8535979379E+003   0.1426696467E+001
    907500   0.8586328005E+003   0.1425313525E+001
    907600   0.8627562775E+003   0.1068587170E+001
    907700   0.8643286588E+003   0.1068268640E+001
    907800   0.8546587432E+003   0.1070249190E+001
    907900   0.8614473489E+003   0.1068853363E+001
    908000   0.8607441620E+003   0.1424739194E+001
    908100   0.8583694110E+003   0.7132849323E+000
    908200   0.8699768749E+003   0.7117146511E+000
    908300   0.8589581827E+003   0.7132040915E+000
    908400   0.8557993478E+003   0.1070012862E+001
    908500   0.8669739775E+003   0.7121161982E+000
    908600   0.8608586227E+003   0.1068973398E+001
    908700   0.8615071917E+003   0.7128555866E+000
    908800   0.8588367126E+003   0.7132207592E+000
    908900   0.8469020861E+003   0.7148856228E+000
    909000   0.8662697471E+003   0.1067877273E+001
    909100   0.8668001230E+003   0.7121395452E+000
    909200   0.8605329390E+003   0.7129885041E+000
    909300   0.8615097449E+003   0.1068840653E+001
    909400   0.8468164173E+003   0.3575998319E+000
    909500   0.8574461731E+003   0.7134119572E+000
    909600   0.8480523857E+003   0.3575120397E+000
    909700   0.8597417575E+003   0.3566962793E+000
    909800   0.8554715591E+003   0.3569912667E+000
    909900   0.8579967936E+003   0.3568164086E+000
    910000   0.8555307602E+003   0.3569871536E+000
    910100   0.8671087944E+003   0.3561953102E+000
    910200   0.8659070371E+003   0.3562763540E+000
    910300   0.8729879886E+003   0.3558025693E+000
    910400   0.8583109919E+003   0.7132929605E+000
    910500   0.8574319503E+003   0.7134139166E+000
    910600   0.8607577103E+003   0.7129578074E+000
    910700   0.8543465820E+003   0.7138407607E+000
    910800   0.8504000013E+003   0.7143920184E+000
    910900   0.8553664156E+003   0.7136992749E+000
    911000   0.8496600935E+003   0.3573982886E+000
    911100   0.8475132383E+003   0.7147990377E+000
    911200   0.8586616512E+003   0.7132447903E+000
    911300   0.8563580467E+003   0.7135620785E+000
    911400   0.8490146493E+003   0.1071429521E+001
    911500   0.8537704437E+003   0.1070433750E+001
    911600   0.8630590858E+003   0.1068525723E+001
    911700   0.8692415333E+003   0.1067282031E+001
    911800   0.8605142997E+003   0.7129910505E+000
    911900   0.8715095236E+003   0.7115109453E+000
    912000   0.8539803912E+003   0.3570950882E+000
    912100   0.8622645738E+003   0.3565236013E+000
    912200   0.8599142139E+003   0.1069166352E+001
    912300   0.8616539364E+003   0.7128355965E+000
    912400   0.8573086536E+003   0.1069701269E+001
    912500   0.8551816834E+003   0.1070140748E+001
    912600   0.8492742985E+003   0.7145503527E+000
    912700   0.8518438943E+003   0.7141896442E+000
    912800   0.8604771483E+003   0.1069051279E+001
    912900   0.8589742978E+003   0.1069358879E+001
    913000   0.8612777628E+003   0.1068887920E+001
    913100   0.8684093122E+003   0.3561079002E+000
    913200   0.8619216193E+003   0.3565470062E+000
    913300   0.8612600934E+003   0.3565922133E+000
    913400   0.8587626160E+003   0.7132309293E+000
    913500   0.8536681878E+003   0.3571168788E+000
    913600   0.8535948595E+003   0.3571219995E+000
    913700   0.8668464331E+003   0.3562129809E+000
    913800   0.8600981452E+003   0.3566718142E+000
    913900   0.8601011761E+003   0.7130475218E+000
    914000   0.8721662100E+003   0.7114239191E+000
    914100   0.8577507381E+003   0.3568333937E+000
    914200   0.8663329543E+003   0.3562476012E+000
    914300   0.8676806201E+003   0.3561568393E+000
    914400   0.8643554047E+003   0.3563813808E+000
    914500   0.8679860443E+003   0.3561363153E+000
    914600   0.8643245123E+003   0.7124731814E+000
    914700   0.8589031346E+003   0.7132116443E+000
    914800   0.8620614039E+003   0.3565374640E+000
    914900   0.8700199158E+003   0.7117089191E+000
    915000   0.8513310397E+003   0.3572805949E+000
    915100   0.8553832096E+003   0.7136969483E+000
    915200   0.8585610508E+003   0.3567775009E+000
    915300   0.8460653388E+003   0.3576533283E+000
    915400   0.8588889751E+003   0.0000000000E+000
    915500   0.8592856549E+003   0.0000000000E+000
    915600   0.8577755088E+003   0.0000000000E+000
    915700   0.8640779852E+003   0.0000000000E+000
    915800   0.8740329393E+003   0.0000000000E+000
    915900   0.8537496049E+003   0.0000000000E+000
    916000   0.8578617264E+003   0.3568257308E+000
    916100   0.8586888652E+003   0.0000000000E+000
    916200   0.8580026436E+003   0.0000000000E+000
    916300   0.8647768769E+003   0.0000000000E+000
    916400   0.8707040648E+003   0.0000000000E+000
    916500   0.8516902231E+003   0.0000000000E+000
    916600   0.8446306112E+003   0.0000000000E+000
    916700   0.8522599345E+003   0.0000000000E+000
    916800   0.8566614743E+003   0.0000000000E+000
    916900   0.8718341741E+003   0.0000000000E+000
    917000   0.8429487828E+003   0.0000000000E+000
    917100   0.8642394766E+003   0.0000000000E+000
    917200   0.8564697322E+003   0.3569220052E+000
    917300   0.8557940048E+003   0.0000000000E+000
    917400   0.8546544787E+003   0.0000000000E+000
    917500   0.8602688274E+003   0.3566601056E+000
    917600   0.8565913854E+003   0.0000000000E+000
    917700   0.8652982017E+003   0.0000000000E+000
    917800   0.8632087635E+003   0.0000000000E+000
    917900   0.8736200553E+003   0.0000000000E+000
    918000   0.8670488833E+003   0.0000000000E+000
    918100   0.8678778032E+003   0.0000000000E+000
    918200   0.8628509439E+003   0.0000000000E+000
    918300   0.8600125468E+003   0.0000000000E+000
    918400   0.8600194048E+003   0.0000000000E+000
    918500   0.8629113325E+003   0.0000000000E+000
    918600   0.8652747404E+003   0.0000000000E+000
    918700   0.8701915083E+003   0.0000000000E+000
    918800   0.8534298819E+003   0.0000000000E+000
    918900   0.8682084485E+003   0.0000000000E+000
    919000   0.8639168173E+003   0.0000000000E+000
    919100   0.8510182608E+003   0.3573025845E+000
    919200   0.8501723380E+003   0.3573621511E+000
    919300   0.8582969645E+003   0.3567957032E+000
    919400   0.8506533416E+003   0.3573282637E+000
    919500   0.8444757566E+003   0.3577669150E+000
    919600   0.8423795892E+003   0.7155309133E+000
    919700   0.8546647046E+003   0.3570473909E+000
    919800   0.8537035607E+003   0.3571144089E+000
    919900   0.8647636581E+003   0.7124138359E+000
    920000   0.8589425478E+003   0.3567512290E+000
    920100   0.8558683955E+003   0.3569637083E+000
    920200   0.8508607723E+003   0.3573136638E+000
    920300   0.8495890774E+003   0.7145060285E+000
    920400   0.8519660806E+003   0.3572360068E+000
    920500   0.8652980066E+003   0.3563175258E+000
    920600   0.8593621716E+003   0.0000000000E+000
    920700   0.8571672619E+003   0.0000000000E+000
    920800   0.8645800075E+003   0.0000000000E+000
    920900   0.8539866335E+003   0.3570946527E+000
    921000   0.8619451413E+003   0.3565454003E+000
    921100   0.8508540383E+003   0.3573141376E+000
    921200   0.8653350031E+003   0.3563150228E+000
    921300   0.8476052744E+003   0.3575437640E+000
    921400   0.8562187762E+003   0.1069926144E+001
    921500   0.8523450185E+003   0.7141195943E+000
    921600   0.8493341785E+003   0.3574213076E+000
    921700   0.8599225318E+003   0.3566838666E+000
    921800   0.8592943987E+003   0.3567270228E+000
    921900   0.8580046118E+003   0.7133350856E+000
    922000   0.8433107635E+003   0.7153973878E+000
    922100   0.8502755231E+003   0.7144095026E+000
    922200   0.8495806278E+003   0.7145072178E+000
    922300   0.8660332377E+003   0.7122426605E+000
    922400   0.8700829394E+003   0.7117005271E+000
    922500   0.8621826662E+003   0.7127636367E+000
    922600   0.8711219022E+003   0.1066907835E+001
    922700   0.8623647861E+003   0.7127388741E+000
    922800   0.8617323698E+003   0.7128249152E+000
    922900   0.8559891546E+003   0.1069973607E+001
    923000   0.8652786906E+003   0.1068076837E+001
    923100   0.8615609428E+003   0.7128482635E+000
    923200   0.8587136735E+003   0.7132376479E+000
    923300   0.8545774325E+003   0.1070266065E+001
    923400   0.8606569508E+003   0.1424762852E+001
    923500   0.8500496986E+003   0.1071211695E+001
    923600   0.8518410603E+003   0.1070836162E+001
    923700   0.8440318367E+003   0.1429377094E+001
    923800   0.8527337604E+003   0.1426935747E+001
    923900   0.8512811347E+003   0.1427339239E+001
    924000   0.8572642445E+003   0.1781368814E+001
    924100   0.8515869885E+003   0.1783320478E+001
    924200   0.8588791769E+003   0.1780819136E+001
    924300   0.8665884079E+003   0.1778227939E+001
    924400   0.8565503336E+003   0.2137046089E+001
    924500   0.8643814936E+003   0.1778964229E+001
    924600   0.8580155144E+003   0.1781112803E+001
    924700   0.8523263841E+003   0.1783064581E+001
    924800   0.8655624140E+003   0.1778569697E+001
    924900   0.8567722539E+003   0.1781536753E+001
    925000   0.8523502751E+003   0.1427042111E+001
    925100   0.8654990403E+003   0.1778590838E+001
    925200   0.8721870897E+003   0.1421682678E+001
    925300   0.8669066280E+003   0.1423081484E+001
    925400   0.8622535717E+003   0.1424330612E+001
    925500   0.8645762921E+003   0.1778899063E+001
    925600   0.8602866523E+003   0.1424863367E+001
    925700   0.8733044680E+003   0.1421389200E+001
    925800   0.8582754654E+003   0.1425411052E+001
    925900   0.8579196592E+003   0.1425508257E+001
    926000   0.8624449830E+003   0.1424278918E+001
    926100   0.8599118516E+003   0.1424965206E+001
    926200   0.8684447226E+003   0.1422671999E+001
    926300   0.8577994102E+003   0.1781186392E+001
    926400   0.8569509901E+003   0.1425773368E+001
    926500   0.8555632985E+003   0.1426154378E+001
    926600   0.8487719277E+003   0.1784299499E+001
    926700   0.8591011938E+003   0.1069332858E+001
    926800   0.8536675858E+003   0.7139351793E+000
    926900   0.8589608267E+003   0.7132037287E+000
    927000   0.8548108263E+003   0.1070217636E+001
    927100   0.8613431491E+003   0.7128779424E+000
    927200   0.8769246003E+003   0.7107978444E+000
    927300   0.8578099947E+003   0.7133618623E+000
    927400   0.8563931716E+003   0.7135572256E+000
    927500   0.8595511777E+003   0.3567093718E+000
    927600   0.8501299529E+003   0.7144299570E+000
    927700   0.8566321491E+003   0.3569107531E+000
    927800   0.8597021532E+003   0.3566989995E+000
    927900   0.8715893718E+003   0.7115003554E+000
    928000   0.8615772694E+003   0.3565705281E+000
    928100   0.8707660953E+003   0.7116096509E+000
    928200   0.8666515025E+003   0.3562261181E+000
    928300   0.8708413616E+003   0.3559452530E+000
    928400   0.8583049920E+003   0.3567951497E+000
    928500   0.8650593522E+003   0.3563336777E+000
    928600   0.8695183243E+003   0.3560336020E+000
    928700   0.8534514892E+003   0.3571320144E+000
    928800   0.8630507614E+003   0.7126457122E+000
    928900   0.8515173402E+003   0.1070903889E+001
    929000   0.8675577433E+003   0.1067618708E+001
    929100   0.8600464308E+003   0.1069139309E+001
    929200   0.8617239996E+003   0.1424473772E+001
    929300   0.8501961396E+003   0.1071180927E+001
    929400   0.8606792984E+003   0.1424756789E+001
    929500   0.8622819536E+003   0.1424322945E+001
    929600   0.8605092856E+003   0.1424802923E+001
    929700   0.8598312019E+003   0.1780496219E+001
    929800   0.8572646325E+003   0.1781368682E+001
    929900   0.8604388982E+003   0.1424822029E+001
    930000   0.8517130758E+003   0.1783276804E+001
    930100   0.8628395030E+003   0.1779481281E+001
    930200   0.8746976598E+003   0.1775559485E+001
    930300   0.8638404193E+003   0.1779145414E+001
    930400   0.8673115261E+003   0.1777987633E+001
    930500   0.8626129218E+003   0.1779557438E+001
    930600   0.8569877036E+003   0.1781463183E+001
    930700   0.8595381719E+003   0.1780595523E+001
    930800   0.8542078712E+003   0.1782415745E+001
    930900   0.8740820055E+003   0.1421185495E+001
    931000   0.8612547798E+003   0.1780014905E+001
    931100   0.8670526981E+003   0.1778073593E+001
    931200   0.8644096473E+003   0.1423749862E+001
    931300   0.8688472602E+003   0.1422565110E+001
    931400   0.8645450778E+003   0.1423713496E+001
    931500   0.8576958328E+003   0.1425569453E+001
    931600   0.8635981609E+003   0.1423968044E+001
    931700   0.8589253851E+003   0.1425233740E+001
    931800   0.8708734303E+003   0.1422028828E+001
    931900   0.8583913037E+003   0.1425379426E+001
    932000   0.8765373693E+003   0.1420544973E+001
    932100   0.8707640491E+003   0.1422057705E+001
    932200   0.8594410326E+003   0.1780628460E+001
    932300   0.8707685323E+003   0.1422056521E+001
    932400   0.8719705698E+003   0.1421739648E+001
    932500   0.8596490592E+003   0.1780557935E+001
    932600   0.8649237677E+003   0.1423611878E+001
    932700   0.8755594521E+003   0.1420799579E+001
    932800   0.8748730713E+003   0.1420978676E+001
    932900   0.8642441707E+003   0.1423794315E+001
    933000   0.8627115950E+003   0.1779524267E+001
    933100   0.8555264705E+003   0.1426164510E+001
    933200   0.8586701117E+003   0.1425303347E+001
    933300   0.8679411944E+003   0.1777778761E+001
    933400   0.8589274051E+003   0.1780802757E+001
    933500   0.8625635154E+003   0.1424246919E+001
    933600   0.8479587297E+003   0.1428268156E+001
    933700   0.8568356753E+003   0.1425804974E+001
    933800   0.8620097176E+003   0.1779760410E+001
    933900   0.8679023992E+003   0.1777791620E+001
    934000   0.8666925110E+003   0.1778193315E+001
    934100   0.8515325064E+003   0.1427269301E+001
    934200   0.8557374969E+003   0.1426106471E+001
    934300   0.8535826336E+003   0.1070472829E+001
    934400   0.8592689404E+003   0.1069298474E+001
    934500   0.8633277225E+003   0.1424040862E+001
    934600   0.8485649425E+003   0.1071524355E+001
    934700   0.8564557340E+003   0.1425909182E+001
    934800   0.8529741081E+003   0.1426869141E+001
    934900   0.8550823128E+003   0.1426286776E+001
    935000   0.8669306969E+003   0.1067744476E+001
    935100   0.8586042167E+003   0.1425321323E+001
    935200   0.8558172348E+003   0.1070009162E+001
    935300   0.8635408786E+003   0.1423983464E+001
    935400   0.8654726731E+003   0.1423464769E+001
    935500   0.8797797739E+003   0.1065208851E+001
    935600   0.8630960585E+003   0.1068518224E+001
    935700   0.8583983713E+003   0.1069477092E+001
    935800   0.8562382584E+003   0.1069922118E+001
    935900   0.8621589082E+003   0.1068708539E+001
    936000   0.8640829826E+003   0.3563998659E+000
    936100   0.8690381155E+003   0.3560657465E+000
    936200   0.8797494776E+003   0.3553584255E+000
    936300   0.8579790950E+003   0.3568176299E+000
    936400   0.8526319573E+003   0.3571893369E+000
    936500   0.8636896697E+003   0.3564265778E+000
    936600   0.8681529609E+003   0.7119581594E+000
    936700   0.8592789876E+003   0.3567280825E+000
    936800   0.8622859655E+003   0.7127495898E+000
    936900   0.8615828232E+003   0.7128452828E+000
    937000   0.8607432247E+003   0.7129597851E+000
    937100   0.8520051258E+003   0.3572332679E+000
    937200   0.8539652292E+003   0.3570961461E+000
    937300   0.8639456823E+003   0.7125244325E+000
    937400   0.8553061693E+003   0.7137076222E+000
    937500   0.8552355838E+003   0.3570076682E+000
    937600   0.8559471984E+003   0.0000000000E+000
    937700   0.8428841670E+003   0.3578811470E+000
    937800   0.8648261684E+003   0.3563494694E+000
    937900   0.8587099297E+003   0.3567672451E+000
    938000   0.8654935139E+003   0.0000000000E+000
    938100   0.8530400930E+003   0.3571607736E+000
    938200   0.8590894842E+003   0.3567411174E+000
    938300   0.8565665115E+003   0.0000000000E+000
    938400   0.8515764956E+003   0.0000000000E+000
    938500   0.8581173702E+003   0.0000000000E+000
    938600   0.8516130551E+003   0.3572607842E+000
    938700   0.8562756565E+003   0.3569354570E+000
    938800   0.8648594705E+003   0.3563472135E+000
    938900   0.8702744946E+003   0.3559830687E+000
    939000   0.8737821063E+003   0.7112104227E+000
    939100   0.8614010948E+003   0.7128700444E+000
    939200   0.8534812835E+003   0.7139611164E+000
    939300   0.8642319728E+003   0.7124856961E+000
    939400   0.8701783006E+003   0.1067095378E+001
    939500   0.8518216986E+003   0.7141927491E+000
    939600   0.8579778347E+003   0.3568177169E+000
    939700   0.8594384040E+003   0.7131382506E+000
    939800   0.8591393758E+003   0.3567376850E+000
    939900   0.8590112336E+003   0.3567465018E+000
    940000   0.8437044855E+003   0.3578222079E+000
    940100   0.8583379372E+003   0.3567928783E+000
    940200   0.8672427055E+003   0.3561862957E+000
    940300   0.8484290732E+003   0.3574853425E+000
    940400   0.8474606686E+003   0.7148064798E+000
    940500   0.8379473627E+003   0.7161712313E+000
    940600   0.8375950858E+003   0.3582644071E+000
    940700   0.8521574019E+003   0.0000000000E+000
    940800   0.8562098901E+003   0.3569400170E+000
    940900   0.8573199555E+003   0.0000000000E+000
    941000   0.8551677087E+003   0.0000000000E+000
    941100   0.8619773296E+003   0.0000000000E+000
    941200   0.8513102752E+003   0.3572820541E+000
    941300   0.8638290651E+003   0.7125402199E+000
    941400   0.8568255357E+003   0.1069800868E+001
    941500   0.8560775542E+003   0.1069955331E+001
    941600   0.8528369461E+003   0.1070628185E+001
    941700   0.8446074127E+003   0.7152120281E+000
    941800   0.8457197909E+003   0.7150535397E+000
    941900   0.8637305296E+003   0.1068389649E+001
    942000   0.8648755929E+003   0.7123987204E+000
    942100   0.8542586235E+003   0.1070332267E+001
    942200   0.8541820345E+003   0.7138636259E+000
    942300   0.8446292250E+003   0.7152089157E+000
    942400   0.8596054562E+003   0.7131153670E+000
    942500   0.8544042640E+003   0.7138327477E+000
    942600   0.8544281494E+003   0.3570638690E+000
    942700   0.8673435871E+003   0.3561795068E+000
    942800   0.8584876684E+003   0.3567825575E+000
    942900   0.8546743704E+003   0.3570467178E+000
    943000   0.8641533629E+003   0.3563950890E+000
    943100   0.8723693940E+003   0.3558436028E+000
    943200   0.8582901049E+003   0.3567961762E+000
    943300   0.8610559723E+003   0.0000000000E+000
    943400   0.8660140819E+003   0.0000000000E+000
    943500   0.8656501236E+003   0.0000000000E+000
    943600   0.8616064964E+003   0.3565685308E+000
    943700   0.8575103079E+003   0.3568500016E+000
    943800   0.8670729817E+003   0.7121029078E+000
    943900   0.8511463749E+003   0.3572935753E+000
    944000   0.8599525698E+003   0.3566818047E+000
    944100   0.8680648382E+003   0.3561310232E+000
    944200   0.8692758381E+003   0.3560498285E+000
    944300   0.8549354900E+003   0.3570285415E+000
    944400   0.8623949705E+003   0.7127347712E+000
    944500   0.8568216667E+003   0.7134980617E+000
    944600   0.8579510715E+003   0.7133424506E+000
    944700   0.8702481862E+003   0.7116785301E+000
    944800   0.8665635978E+003   0.3562320446E+000
    944900   0.8730156756E+003   0.3558007343E+000
    945000   0.8638028128E+003   0.7125437745E+000
    945100   0.8691061766E+003   0.3560611881E+000
    945200   0.8723086646E+003   0.7114050607E+000
    945300   0.8673288761E+003   0.7120685727E+000
    945400   0.8663715027E+003   0.1067856813E+001
    945500   0.8741934724E+003   0.7111562183E+000
    945600   0.8753262738E+003   0.7110072588E+000
    945700   0.8643449020E+003   0.3563820932E+000
    945800   0.8695691460E+003   0.3560302025E+000
    945900   0.8576201832E+003   0.0000000000E+000
    946000   0.8610219799E+003   0.0000000000E+000
    946100   0.8687265964E+003   0.0000000000E+000
    946200   0.8645795739E+003   0.0000000000E+000
    946300   0.8642065833E+003   0.0000000000E+000
    946400   0.8701341793E+003   0.0000000000E+000
    946500   0.8735036836E+003   0.0000000000E+000
    946600   0.8755253077E+003   0.0000000000E+000
    946700   0.8653817795E+003   0.0000000000E+000
    946800   0.8618657091E+003   0.0000000000E+000
    946900   0.8659655024E+003   0.3562724052E+000
    947000   0.8689077949E+003   0.3560744771E+000
    947100   0.8520244964E+003   0.7141643876E+000
    947200   0.8615856878E+003   0.3565699528E+000
    947300   0.8499508006E+003   0.3573777737E+000
    947400   0.8438494258E+003   0.3578118081E+000
    947500   0.8533020600E+003   0.3571424567E+000
    947600   0.8541361332E+003   0.3570842250E+000
    947700   0.8603621924E+003   0.0000000000E+000
    947800   0.8577332048E+003   0.0000000000E+000
    947900   0.8563835107E+003   0.3569279805E+000
    948000   0.8545146506E+003   0.0000000000E+000
    948100   0.8595404123E+003   0.3567101115E+000
    948200   0.8540069286E+003   0.3570932369E+000
    948300   0.8506094058E+003   0.7143626188E+000
    948400   0.8653600408E+003   0.3563133290E+000
    948500   0.8574425413E+003   0.7134124575E+000
    948600   0.8667488768E+003   0.0000000000E+000
    948700   0.8673654254E+003   0.3561780374E+000
    948800   0.8632478892E+003   0.3564566152E+000
    948900   0.8651756331E+003   0.0000000000E+000
    949000   0.8591584101E+003   0.7131766288E+000
    949100   0.8623753873E+003   0.3565160435E+000
    949200   0.8647467470E+003   0.0000000000E+000
    949300   0.8555842468E+003   0.3569834381E+000
    949400   0.8544560795E+003   0.0000000000E+000
    949500   0.8542703879E+003   0.3570748643E+000
    949600   0.8520175572E+003   0.3572323959E+000
    949700   0.8656380357E+003   0.3562945308E+000
    949800   0.8631870323E+003   0.0000000000E+000
    949900   0.8567196044E+003   0.3569046964E+000
    950000   0.8517287929E+003   0.0000000000E+000
    950100   0.8543436122E+003   0.0000000000E+000
    950200   0.8609658767E+003   0.3566123453E+000
    950300   0.8654432050E+003   0.0000000000E+000
    950400   0.8652300334E+003   0.3563221251E+000
    950500   0.8666940457E+003   0.0000000000E+000
    950600   0.8608217128E+003   0.0000000000E+000
    950700   0.8669665891E+003   0.0000000000E+000
    950800   0.8643128009E+003   0.3563842708E+000
    950900   0.8676859769E+003   0.3561564792E+000
    951000   0.8674893451E+003   0.3561697012E+000
    951100   0.8591105153E+003   0.0000000000E+000
    951200   0.8603804053E+003   0.3566524545E+000
    951300   0.8667033901E+003   0.7121525402E+000
    951400   0.8710819475E+003   0.1066915767E+001
    951500   0.8708594651E+003   0.7115972434E+000
    951600   0.8561330245E+003   0.7135931788E+000
    951700   0.8656951130E+003   0.7122881922E+000
    951800   0.8576113076E+003   0.7133892136E+000
    951900   0.8679614727E+003   0.1067537843E+001
    952000   0.8684222308E+003   0.1067445662E+001
    952100   0.8685210752E+003   0.1067425902E+001
    952200   0.8710476410E+003   0.1066922577E+001
    952300   0.8597971434E+003   0.7130891215E+000
    952400   0.8649436106E+003   0.1068144431E+001
    952500   0.8611561176E+003   0.1068912718E+001
    952600   0.8529217887E+003   0.7140390891E+000
    952700   0.8581935312E+003   0.7133091064E+000
    952800   0.8573768964E+003   0.7134215016E+000
    952900   0.8554408508E+003   0.7136889636E+000
    953000   0.8694058216E+003   0.1067249262E+001
    953100   0.8535672063E+003   0.7139491525E+000
    953200   0.8621956928E+003   0.7127618651E+000
    953300   0.8660043230E+003   0.7122465525E+000
    953400   0.8662573737E+003   0.7122125012E+000
    953500   0.8602470900E+003   0.7130275691E+000
    953600   0.8560690010E+003   0.7136020310E+000
    953700   0.8573834442E+003   0.7134205994E+000
    953800   0.8655327238E+003   0.1068025633E+001
    953900   0.8613971122E+003   0.1068863598E+001
    954000   0.8577303590E+003   0.7133728232E+000
    954100   0.8544962689E+003   0.1070282913E+001
    954200   0.8511569693E+003   0.1070979354E+001
    954300   0.8562037065E+003   0.7135834078E+000
    954400   0.8499446284E+003   0.7144560093E+000
    954500   0.8461361465E+003   0.7149943438E+000
    954600   0.8654070717E+003   0.3563101478E+000
    954700   0.8556425407E+003   0.7136610346E+000
    954800   0.8626960508E+003   0.7126938637E+000
    954900   0.8589158703E+003   0.1069370864E+001
    955000   0.8676942749E+003   0.1067591352E+001
    955100   0.8712689736E+003   0.1066878647E+001
    955200   0.8666878240E+003   0.7121546316E+000
    955300   0.8591738163E+003   0.7131745164E+000
    955400   0.8745865438E+003   0.7111044800E+000
    955500   0.8522405194E+003   0.7141341939E+000
    955600   0.8495846646E+003   0.7145066496E+000
    955700   0.8601716436E+003   0.7130378849E+000
    955800   0.8612301959E+003   0.3565942583E+000
    955900   0.8519215727E+003   0.3572391293E+000
    956000   0.8541571861E+003   0.3570827569E+000
    956100   0.8519767309E+003   0.7141710662E+000
    956200   0.8667466269E+003   0.7121467314E+000
    956300   0.8607856496E+003   0.1068988290E+001
    956400   0.8698581382E+003   0.1067159118E+001
    956500   0.8638667807E+003   0.7125351135E+000
    956600   0.8589042599E+003   0.7132114899E+000
    956700   0.8693654291E+003   0.7117961520E+000
    956800   0.8631922705E+003   0.7126265154E+000
    956900   0.8521958000E+003   0.1070762015E+001
    957000   0.8623023755E+003   0.7127473587E+000
    957100   0.8565270616E+003   0.7135387315E+000
    957200   0.8500386920E+003   0.7144427845E+000
    957300   0.8534056433E+003   0.7139716509E+000
    957400   0.8508602069E+003   0.7143274295E+000
    957500   0.8497260229E+003   0.7144867571E+000
    957600   0.8572300534E+003   0.7134417384E+000
    957700   0.8510543788E+003   0.7143002024E+000
    957800   0.8571083503E+003   0.7134585167E+000
    957900   0.8584576805E+003   0.7132728043E+000
    958000   0.8565146304E+003   0.7135404484E+000
    958100   0.8701669490E+003   0.7116893428E+000
    958200   0.8638154768E+003   0.7125420597E+000
    958300   0.8615115461E+003   0.7128549933E+000
    958400   0.8699433203E+003   0.7117191202E+000
    958500   0.8640364991E+003   0.7125121413E+000
    958600   0.8559581390E+003   0.1069980020E+001
    958700   0.8545138626E+003   0.7138175261E+000
    958800   0.8580610669E+003   0.7133273208E+000
    958900   0.8698100902E+003   0.1067168689E+001
    959000   0.8568166478E+003   0.1069802702E+001
    959100   0.8555897007E+003   0.1070056245E+001
    959200   0.8590699721E+003   0.1069339260E+001
    959300   0.8720626030E+003   0.1066721338E+001
    959400   0.8597392359E+003   0.7130970487E+000
    959500   0.8721815457E+003   0.7114218886E+000
    959600   0.8541559214E+003   0.7138672555E+000
    959700   0.8586575444E+003   0.7132453542E+000
    959800   0.8638269874E+003   0.3564172486E+000
    959900   0.8473268254E+003   0.3575635408E+000
    960000   0.8544247182E+003   0.3570641080E+000
    960100   0.8580164886E+003   0.3568150495E+000
    960200   0.8494159100E+003   0.7145304075E+000
    960300   0.8554108434E+003   0.7136931202E+000
    960400   0.8657940437E+003   0.3562839875E+000
    960500   0.8781068367E+003   0.3554655955E+000
    960600   0.8630080127E+003   0.7126515129E+000
    960700   0.8604701938E+003   0.7129970765E+000
    960800   0.8754164693E+003   0.1066060210E+001
    960900   0.8663471946E+003   0.1067861700E+001
    961000   0.8653622679E+003   0.1068059987E+001
    961100   0.8609647194E+003   0.1068951752E+001
    961200   0.8684538422E+003   0.7119179072E+000
    961300   0.8615928943E+003   0.7128439109E+000
    961400   0.8547641559E+003   0.7137827813E+000
    961500   0.8731637772E+003   0.7112920095E+000
    961600   0.8590673030E+003   0.7131891230E+000
    961700   0.8571899711E+003   0.1069725724E+001
    961800   0.8752985706E+003   0.7110108963E+000
    961900   0.8678500009E+003   0.7119987225E+000
    962000   0.8609949042E+003   0.7129254344E+000
    962100   0.8643165218E+003   0.1068271094E+001
    962200   0.8651865581E+003   0.1423541422E+001
    962300   0.8606370507E+003   0.1069018624E+001
    962400   0.8524518935E+003   0.1070708531E+001
    962500   0.8586230129E+003   0.1425316195E+001
    962600   0.8675464745E+003   0.1067620966E+001
    962700   0.8689837066E+003   0.1067333486E+001
    962800   0.8771347739E+003   0.1065723765E+001
    962900   0.8702224208E+003   0.1067086598E+001
    963000   0.8591876514E+003   0.1069315134E+001
    963100   0.8616765802E+003   0.1068806677E+001
    963200   0.8563832161E+003   0.1069892172E+001
    963300   0.8665609540E+003   0.1423173745E+001
    963400   0.8660440107E+003   0.1067922682E+001
    963500   0.8600960266E+003   0.1780406541E+001
    963600   0.8541865895E+003   0.1426533799E+001
    963700   0.8695854460E+003   0.1777234991E+001
    963800   0.8757111143E+003   0.1420760049E+001
    963900   0.8843684720E+003   0.1418529635E+001
    964000   0.8555486300E+003   0.1781955409E+001
    964100   0.8734100393E+003   0.1421361517E+001
    964200   0.8487465667E+003   0.1784308354E+001
    964300   0.8569129931E+003   0.1781488689E+001
    964400   0.8523697195E+003   0.1783049599E+001
    964500   0.8588910651E+003   0.2136092328E+001
    964600   0.8621464731E+003   0.1779714364E+001
    964700   0.8646699672E+003   0.1423679972E+001
    964800   0.8509539041E+003   0.1427430354E+001
    964900   0.8452840815E+003   0.1785523055E+001
    965000   0.8564670115E+003   0.1425906088E+001
    965100   0.8636927885E+003   0.1068397291E+001
    965200   0.8649754007E+003   0.1068138015E+001
    965300   0.8632589229E+003   0.7126174760E+000
    965400   0.8623439842E+003   0.1068670916E+001
    965500   0.8547542756E+003   0.7137841524E+000
    965600   0.8595859660E+003   0.7131180363E+000
    965700   0.8543568494E+003   0.7138393343E+000
    965800   0.8492553402E+003   0.1071378813E+001
    965900   0.8530104336E+003   0.1070592012E+001
    966000   0.8560097605E+003   0.1069969346E+001
    966100   0.8595950651E+003   0.1069231670E+001
    966200   0.8513044384E+003   0.1070948464E+001
    966300   0.8694688428E+003   0.1067236696E+001
    966400   0.8611549028E+003   0.1424627846E+001
    966500   0.8674288502E+003   0.1067644543E+001
    966600   0.8606726922E+003   0.1069011347E+001
    966700   0.8521593409E+003   0.1070769632E+001
    966800   0.8581306694E+003   0.1425450598E+001
    966900   0.8607123250E+003   0.1424747830E+001
    967000   0.8589031371E+003   0.7132116440E+000
    967100   0.8631443809E+003   0.1068508424E+001
    967200   0.8666457018E+003   0.7121602916E+000
    967300   0.8766859086E+003   0.7108290617E+000
    967400   0.8782879757E+003   0.7106199129E+000
    967500   0.8730554592E+003   0.7113063156E+000
    967600   0.8707767157E+003   0.7116082395E+000
    967700   0.8652361455E+003   0.7123500628E+000
    967800   0.8737605865E+003   0.1066385888E+001
    967900   0.8770100410E+003   0.7107866748E+000
    968000   0.8676148539E+003   0.7120302289E+000
    968100   0.8738251326E+003   0.7112047505E+000
    968200   0.8757468924E+003   0.7109520628E+000
    968300   0.8728486807E+003   0.7113336372E+000
    968400   0.8698666242E+003   0.7117293368E+000
    968500   0.8612389408E+003   0.1068895833E+001
    968600   0.8622484255E+003   0.1068690339E+001
    968700   0.8680917276E+003   0.1067511772E+001
    968800   0.8563462653E+003   0.1069899804E+001
    968900   0.8692696156E+003   0.1067276429E+001
    969000   0.8677369337E+003   0.1067582806E+001
    969100   0.8691533774E+003   0.1067299620E+001
    969200   0.8713309020E+003   0.7115346432E+000
    969300   0.8662860745E+003   0.7122086406E+000
    969400   0.8788179421E+003   0.7105509210E+000
    969500   0.8770417356E+003   0.7107825321E+000
    969600   0.8775359536E+003   0.1065645434E+001
    969700   0.8537408887E+003   0.1070439899E+001
    969800   0.8545851514E+003   0.1070264463E+001
    969900   0.8715577711E+003   0.1421848353E+001
    970000   0.8602610791E+003   0.1069095426E+001
    970100   0.8517389841E+003   0.1427211890E+001
    970200   0.8576743458E+003   0.1069625964E+001
    970300   0.8653846778E+003   0.1423488338E+001
    970400   0.8764590232E+003   0.1065855895E+001
    970500   0.8553356934E+003   0.1070108841E+001
    970600   0.8624918557E+003   0.1068640869E+001
    970700   0.8733818379E+003   0.7112632216E+000
    970800   0.8652777832E+003   0.7123444468E+000
    970900   0.8615407904E+003   0.7128510089E+000
    971000   0.8581732271E+003   0.7133118979E+000
    971100   0.8672493125E+003   0.7120792457E+000
    971200   0.8645807539E+003   0.1068217697E+001
    971300   0.8569817974E+003   0.1069768639E+001
    971400   0.8582325047E+003   0.7133037486E+000
    971500   0.8698434585E+003   0.7117324231E+000
    971600   0.8634793968E+003   0.7125875870E+000
    971700   0.8609711787E+003   0.7129286716E+000
    971800   0.8634280371E+003   0.7125945481E+000
    971900   0.8640370935E+003   0.7125120609E+000
    972000   0.8626280174E+003   0.7127031045E+000
    972100   0.8694180630E+003   0.7117891311E+000
    972200   0.8584412948E+003   0.1425365781E+001
    972300   0.8740420045E+003   0.1066330438E+001
    972400   0.8654345375E+003   0.1068045420E+001
    972500   0.8653579244E+003   0.1068060863E+001
    972600   0.8729783999E+003   0.1421474751E+001
    972700   0.8735613370E+003   0.1066425173E+001
    972800   0.8595265902E+003   0.1425069996E+001
    972900   0.8557492528E+003   0.1426103239E+001
    973000   0.8677665445E+003   0.1067576875E+001
    973100   0.8625198112E+003   0.7127178052E+000
    973200   0.8672857238E+003   0.7120743611E+000
    973300   0.8564002201E+003   0.7135562519E+000
    973400   0.8573444499E+003   0.7134259725E+000
    973500   0.8670950915E+003   0.1067711483E+001
    973600   0.8578130678E+003   0.3568290901E+000
    973700   0.8551455860E+003   0.3570139263E+000
    973800   0.8571075556E+003   0.7134586263E+000
    973900   0.8564607767E+003   0.3569226257E+000
    974000   0.8519684834E+003   0.7141722195E+000
    974100   0.8502648295E+003   0.3573556314E+000
    974200   0.8630760215E+003   0.3564683105E+000
    974300   0.8669316770E+003   0.3562072382E+000
    974400   0.8563754017E+003   0.3569285425E+000
    974500   0.8586688578E+003   0.3567700740E+000
    974600   0.8473805550E+003   0.7148178232E+000
    974700   0.8631818861E+003   0.3564611060E+000
    974800   0.8473979838E+003   0.7148153552E+000
    974900   0.8435537454E+003   0.1072589107E+001
    975000   0.8520580465E+003   0.7141596971E+000
    975100   0.8437331029E+003   0.7153369400E+000
    975200   0.8478381716E+003   0.7147530620E+000
    975300   0.8595980908E+003   0.1069231050E+001
    975400   0.8567283662E+003   0.7135109382E+000
    975500   0.8707852431E+003   0.1066974693E+001
    975600   0.8654649747E+003   0.1068039286E+001
    975700   0.8665039970E+003   0.1067830181E+001
    975800   0.8613888315E+003   0.7128717158E+000
    975900   0.8589295026E+003   0.7132080264E+000
    976000   0.8633881186E+003   0.1068459011E+001
    976100   0.8528861703E+003   0.7140440570E+000
    976200   0.8589889807E+003   0.1069355868E+001
    976300   0.8622784827E+003   0.7127506072E+000
    976400   0.8485097281E+003   0.7146581721E+000
    976500   0.8704304548E+003   0.7116542785E+000
    976600   0.8610182769E+003   0.7129222456E+000
    976700   0.8721218228E+003   0.7114297967E+000
    976800   0.8698167105E+003   0.7117359868E+000
    976900   0.8725570006E+003   0.7113722026E+000
    977000   0.8569862308E+003   0.7134753581E+000
    977100   0.8634241754E+003   0.7125950715E+000
    977200   0.8695323905E+003   0.7117738841E+000
    977300   0.8579619114E+003   0.3568188158E+000
    977400   0.8745285036E+003   0.1066234676E+001
    977500   0.8490707835E+003   0.1071417692E+001
    977600   0.8514226121E+003   0.7142486078E+000
    977700   0.8761918013E+003   0.7108937463E+000
    977800   0.8692195979E+003   0.7118156098E+000
    977900   0.8635365957E+003   0.1068428926E+001
    978000   0.8618974620E+003   0.1068761719E+001
    978100   0.8500722209E+003   0.7144380714E+000
    978200   0.8598597911E+003   0.1069177487E+001
    978300   0.8588418612E+003   0.1069386046E+001
    978400   0.8602364332E+003   0.1069100463E+001
    978500   0.8700072770E+003   0.1067129420E+001
    978600   0.8699998903E+003   0.1067130891E+001
    978700   0.8644013250E+003   0.1423752097E+001
    978800   0.8576973860E+003   0.1425569028E+001
    978900   0.8496802343E+003   0.1427785779E+001
    979000   0.8565814813E+003   0.1425874681E+001
    979100   0.8613642944E+003   0.1424571129E+001
    979200   0.8468740059E+003   0.1428573277E+001
    979300   0.8474656656E+003   0.1784756367E+001
    979400   0.8664603822E+003   0.1423200604E+001
    979500   0.8541534794E+003   0.1426542942E+001
    979600   0.8463393313E+003   0.1428724012E+001
    979700   0.8648855822E+003   0.1423622120E+001
    979800   0.8677376150E+003   0.1422860042E+001
    979900   0.8640235569E+003   0.1423853610E+001
    980000   0.8575815054E+003   0.1425600725E+001
    980100   0.8636842671E+003   0.1423944870E+001
    980200   0.8536264141E+003   0.1426688592E+001
    980300   0.8467251215E+003   0.1428615228E+001
    980400   0.8620236189E+003   0.1424392750E+001
    980500   0.8756041516E+003   0.1420787927E+001
    980600   0.8411202445E+003   0.2143488337E+001
    980700   0.8471356455E+003   0.2496716691E+001
    980800   0.8508828058E+003   0.2139380719E+001
    980900   0.8522856173E+003   0.1783078676E+001
    981000   0.8430861167E+003   0.1786300184E+001
    981100   0.8652608361E+003   0.7123467325E+000
    981200   0.8693732042E+003   0.7117951148E+000
    981300   0.8558957185E+003   0.1069992929E+001
    981400   0.8562643748E+003   0.7135750226E+000
    981500   0.8637293548E+003   0.1068389887E+001
    981600   0.8430800998E+003   0.1072690510E+001
    981700   0.8793617322E+003   0.1065289994E+001
    981800   0.8619168697E+003   0.1068757770E+001
    981900   0.8583238229E+003   0.1069492407E+001
    982000   0.8492660247E+003   0.1071376562E+001
    982100   0.8612537303E+003   0.1068892819E+001
    982200   0.8589279095E+003   0.1069368394E+001
    982300   0.8556279319E+003   0.1426136601E+001
    982400   0.8571457837E+003   0.1425720000E+001
    982500   0.8625536436E+003   0.1068628318E+001
    982600   0.8571034416E+003   0.1069743559E+001
    982700   0.8658782212E+003   0.1067956049E+001
    982800   0.8685720139E+003   0.1067415721E+001
    982900   0.8609272110E+003   0.1068959404E+001
    983000   0.8657046660E+003   0.1067990996E+001
    983100   0.8705670319E+003   0.1067018060E+001
    983200   0.8775198900E+003   0.1065648568E+001
    983300   0.8732927535E+003   0.1066478161E+001
    983400   0.8562264696E+003   0.1069924554E+001
    983500   0.8589897979E+003   0.1425216184E+001
    983600   0.8792835473E+003   0.1065305180E+001
    983700   0.8560244850E+003   0.1069966302E+001
    983800   0.8615339413E+003   0.1068835724E+001
    983900   0.8577863178E+003   0.1069602922E+001
    984000   0.8604091606E+003   0.1424830102E+001
    984100   0.8640583893E+003   0.1068323295E+001
    984200   0.8603324551E+003   0.1069080840E+001
    984300   0.8683844173E+003   0.1777631947E+001
    984400   0.8593570643E+003   0.1069280416E+001
    984500   0.8687973581E+003   0.7118719909E+000
    984600   0.8705667642E+003   0.7116361496E+000
    984700   0.8572172329E+003   0.1069720106E+001
    984800   0.8634207844E+003   0.1068452391E+001
    984900   0.8554201943E+003   0.1070091340E+001
    985000   0.8716359348E+003   0.1421827760E+001
    985100   0.8545643370E+003   0.1426429550E+001
    985200   0.8626178287E+003   0.1068615282E+001
    985300   0.8641588561E+003   0.1068302974E+001
    985400   0.8673937549E+003   0.1067651579E+001
    985500   0.8723669408E+003   0.1066661102E+001
    985600   0.8669863706E+003   0.1423060213E+001
    985700   0.8538158248E+003   0.1070424311E+001
    985800   0.8591303880E+003   0.1425177876E+001
    985900   0.8732069056E+003   0.1421414790E+001
    986000   0.8659685866E+003   0.1423332049E+001
    986100   0.8678831743E+003   0.1777797993E+001
    986200   0.8648819063E+003   0.1423623106E+001
    986300   0.8731097301E+003   0.7112991472E+000
    986400   0.8772566832E+003   0.7107544457E+000
    986500   0.8567310629E+003   0.1069820360E+001
    986600   0.8696462986E+003   0.1067201323E+001
    986700   0.8850902083E+003   0.1064185818E+001
    986800   0.8628489880E+003   0.1068568352E+001
    986900   0.8573756247E+003   0.1069687472E+001
    987000   0.8590816309E+003   0.1069336869E+001
    987100   0.8675966634E+003   0.1067610909E+001
    987200   0.8603139482E+003   0.1069084621E+001
    987300   0.8661243646E+003   0.1067906515E+001
    987400   0.8667125526E+003   0.1067788279E+001
    987500   0.8634009576E+003   0.1068456409E+001
    987600   0.8637296918E+003   0.1068389819E+001
    987700   0.8633239652E+003   0.1068472013E+001
    987800   0.8411438522E+003   0.1073106428E+001
    987900   0.8608539327E+003   0.1424709424E+001
    988000   0.8600715913E+003   0.1069134164E+001
    988100   0.8531620588E+003   0.1070560412E+001
    988200   0.8548306429E+003   0.1070213526E+001
    988300   0.8572760000E+003   0.7134354055E+000
    988400   0.8621228073E+003   0.1068715880E+001
    988500   0.8539911377E+003   0.1070387855E+001
    988600   0.8567015088E+003   0.1069826459E+001
    988700   0.8668978972E+003   0.1067751060E+001
    988800   0.8579865353E+003   0.7133375721E+000
    988900   0.8472904725E+003   0.7148305812E+000
    989000   0.8623507467E+003   0.7127407826E+000
    989100   0.8554883598E+003   0.7136823834E+000
    989200   0.8561429587E+003   0.7135918054E+000
    989300   0.8484964066E+003   0.7146600527E+000
    989400   0.8641242175E+003   0.7125002723E+000
    989500   0.8621517895E+003   0.7127678362E+000
    989600   0.8556233398E+003   0.7136636928E+000
    989700   0.8480449307E+003   0.1071634162E+001
    989800   0.8683686613E+003   0.1067456374E+001
    989900   0.8621276964E+003   0.7127711133E+000
    990000   0.8583586100E+003   0.1069485260E+001
    990100   0.8549021357E+003   0.7137636376E+000
    990200   0.8762853438E+003   0.7108814940E+000
    990300   0.8781986956E+003   0.7106315450E+000
    990400   0.8617360963E+003   0.7128244078E+000
    990500   0.8726948678E+003   0.7113539703E+000
    990600   0.8643374017E+003   0.1068266873E+001
    990700   0.8528879220E+003   0.1070617555E+001
    990800   0.8478909995E+003   0.1071666696E+001
    990900   0.8549861388E+003   0.7137519863E+000
    991000   0.8588875895E+003   0.7132137774E+000
    991100   0.8576643516E+003   0.7133819101E+000
    991200   0.8632737322E+003   0.7126154678E+000
    991300   0.8541529180E+003   0.7138676730E+000
    991400   0.8699921273E+003   0.3560019267E+000
    991500   0.8576680907E+003   0.7133813953E+000
    991600   0.8618125955E+003   0.1068778989E+001
    991700   0.8617229285E+003   0.7128262009E+000
    991800   0.8618746019E+003   0.7128055516E+000
    991900   0.8509058128E+003   0.7143210333E+000
    992000   0.8604832677E+003   0.7129952902E+000
    992100   0.8569595875E+003   0.7134790332E+000
    992200   0.8584808572E+003   0.1069460150E+001
    992300   0.8719406843E+003   0.1066745482E+001
    992400   0.8576628984E+003   0.1069628320E+001
    992500   0.8770954618E+003   0.1065731445E+001
    992600   0.8694256531E+003   0.1422411726E+001
    992700   0.8496817780E+003   0.1071289053E+001
    992800   0.8637947274E+003   0.7125448694E+000
    992900   0.8653085208E+003   0.7123403013E+000
    993000   0.8599997065E+003   0.7130614017E+000
    993100   0.8550810711E+003   0.3570184133E+000
    993200   0.8675870373E+003   0.3561631312E+000
    993300   0.8690413771E+003   0.7118393996E+000
    993400   0.8758980923E+003   0.3556104358E+000
    993500   0.8739894165E+003   0.3557362843E+000
    993600   0.8684357870E+003   0.3561061240E+000
    993700   0.8640795880E+003   0.3564000963E+000
    993800   0.8592515507E+003   0.0000000000E+000
    993900   0.8757201497E+003   0.3556221415E+000
    994000   0.8786766931E+003   0.3554283639E+000
    994100   0.8710395394E+003   0.3559320461E+000
    994200   0.8701272267E+003   0.3559929023E+000
    994300   0.8729963837E+003   0.3558020129E+000
    994400   0.8658058541E+003   0.3562831896E+000
    994500   0.8772951367E+003   0.3555187250E+000
    994600   0.8588410337E+003   0.3567582171E+000
    994700   0.8640418083E+003   0.0000000000E+000
    994800   0.8598404071E+003   0.3566895049E+000
    994900   0.8620726828E+003   0.0000000000E+000
    995000   0.8634476988E+003   0.0000000000E+000
    995100   0.8623085330E+003   0.3565206029E+000
    995200   0.8650872618E+003   0.0000000000E+000
    995300   0.8616201798E+003   0.0000000000E+000
    995400   0.8633495023E+003   0.0000000000E+000
    995500   0.8532074292E+003   0.3571490718E+000
    995600   0.8583811956E+003   0.7132833129E+000
    995700   0.8856453937E+003   0.7096706731E+000
    995800   0.8728791793E+003   0.7113296065E+000
    995900   0.8565291109E+003   0.3569178909E+000
    996000   0.8562741415E+003   0.0000000000E+000
    996100   0.8448466343E+003   0.3577403685E+000
    996200   0.8614403185E+003   0.3565798891E+000
    996300   0.8623621244E+003   0.3565169480E+000
    996400   0.8692687864E+003   0.7118090459E+000
    996500   0.8645834636E+003   0.3563659165E+000
    996600   0.8654994621E+003   0.3563038995E+000
    996700   0.8609373752E+003   0.0000000000E+000
    996800   0.8544785354E+003   0.3570603583E+000
    996900   0.8691104214E+003   0.3560609038E+000
    997000   0.8539392561E+003   0.3570979582E+000
    997100   0.8640065343E+003   0.3564050556E+000
    997200   0.8542269923E+003   0.0000000000E+000
    997300   0.8579656171E+003   0.3568185601E+000
    997400   0.8635116713E+003   0.3564386759E+000
    997500   0.8726241817E+003   0.3558266937E+000
    997600   0.8598198610E+003   0.0000000000E+000
    997700   0.8571398342E+003   0.3568756135E+000
    997800   0.8629580214E+003   0.3564763433E+000
    997900   0.8592134679E+003   0.3567325885E+000
    998000   0.8593905821E+003   0.3567204097E+000
    998100   0.8542471713E+003   0.0000000000E+000
    998200   0.8633099162E+003   0.0000000000E+000
    998300   0.8588869344E+003   0.0000000000E+000
    998400   0.8685569681E+003   0.0000000000E+000
    998500   0.8538400169E+003   0.0000000000E+000
    998600   0.8604495936E+003   0.0000000000E+000
    998700   0.8690627764E+003   0.0000000000E+000
    998800   0.8673499754E+003   0.0000000000E+000
    998900   0.8621198867E+003   0.0000000000E+000
    999000   0.8623476361E+003   0.3565179360E+000
    999100   0.8636877019E+003   0.3564267115E+000
    999200   0.8584185665E+003   0.7132781781E+000
    999300   0.8603488823E+003   0.3566546159E+000
    999400   0.8569108845E+003   0.7134857518E+000
    999500   0.8549391840E+003   0.3570282845E+000
    999600   0.8628126049E+003   0.3564862460E+000
    999700   0.8641057035E+003   0.3563983236E+000
    999800   0.8590241102E+003   0.7131950474E+000
    999900   0.8680288048E+003   0.3561334432E+000
   1000000   0.8648548801E+003   0.3563475245E+000
   1000100   0.8646542309E+003   0.7124286171E+000
   1000200   0.8549705314E+003   0.7137541508E+000
   1000300   0.8534710216E+003   0.7139625455E+000
   1000400   0.8454096064E+003   0.3577001245E+000
   1000500   0.8474196215E+003   0.7148122914E+000
   1000600   0.8598399662E+003   0.1069181543E+001
   1000700   0.8598539497E+003   0.7130813463E+000
   1000800   0.8745648291E+003   0.1066227531E+001
   1000900   0.8554080269E+003   0.1070093859E+001
   1001000   0.8528216726E+003   0.1070631370E+001
   1001100   0.8589823954E+003   0.1069357219E+001
   1001200   0.8653741158E+003   0.1068057599E+001
   1001300   0.8640425483E+003   0.1068326500E+001
   1001400   0.8700922717E+003   0.1422235240E+001
   1001500   0.8542365868E+003   0.1426519995E+001
   1001600   0.8690606085E+003   0.1422508505E+001
   1001700   0.8646092185E+003   0.1068211947E+001
   1001800   0.8466757044E+003   0.1071924042E+001
   1001900   0.8565256442E+003   0.1425890000E+001
   1002000   0.8726141046E+003   0.1066612218E+001
   1002100   0.8503322889E+003   0.1427603664E+001
   1002200   0.8600323394E+003   0.1069142191E+001
   1002300   0.8674228337E+003   0.1067645749E+001
   1002400   0.8650942111E+003   0.1423566176E+001
   1002500   0.8672777788E+003   0.1067674835E+001
   1002600   0.8504895865E+003   0.1071119308E+001
   1002700   0.8668834380E+003   0.1067753963E+001
   1002800   0.8483632582E+003   0.1071566925E+001
   1002900   0.8678783097E+003   0.1067554493E+001
   1003000   0.8611263899E+003   0.1068918780E+001
   1003100   0.8488209689E+003   0.1071470350E+001
   1003200   0.8704780377E+003   0.1067035753E+001
   1003300   0.8452512801E+003   0.1072226773E+001
   1003400   0.8523116739E+003   0.7141242524E+000
   1003500   0.8437445961E+003   0.7153352961E+000
   1003600   0.8522174771E+003   0.3572183770E+000
   1003700   0.8435010324E+003   0.3578368133E+000
   1003800   0.8601447760E+003   0.3566686148E+000
   1003900   0.8752906419E+003   0.0000000000E+000
   1004000   0.8610571038E+003   0.0000000000E+000
   1004100   0.8532368425E+003   0.3571470155E+000
   1004200   0.8555579291E+003   0.7136727493E+000
   1004300   0.8614225858E+003   0.3565811014E+000
   1004400   0.8655467347E+003   0.7123081858E+000
   1004500   0.8599677345E+003   0.7130657760E+000
   1004600   0.8636841668E+003   0.0000000000E+000
   1004700   0.8536916639E+003   0.3571152396E+000
   1004800   0.8411811272E+003   0.3580039381E+000
   1004900   0.8550962060E+003   0.3570173606E+000
   1005000   0.8418992947E+003   0.7155999200E+000
   1005100   0.8483501125E+003   0.3574909364E+000
   1005200   0.8502019534E+003   0.7144198391E+000
   1005300   0.8383695684E+003   0.3582079324E+000
   1005400   0.8471140040E+003   0.3575786666E+000
   1005500   0.8420986430E+003   0.3579377120E+000
   1005600   0.8379099849E+003   0.3582414302E+000
   1005700   0.8544476983E+003   0.0000000000E+000
   1005800   0.8591135017E+003   0.3567394650E+000
   1005900   0.8517028130E+003   0.0000000000E+000
   1006000   0.8580178104E+003   0.0000000000E+000
   1006100   0.8590813956E+003   0.3567416739E+000
   1006200   0.8425789378E+003   0.0000000000E+000
   1006300   0.8450970661E+003   0.3577224587E+000
   1006400   0.8496829377E+003   0.0000000000E+000
   1006500   0.8657606408E+003   0.0000000000E+000
   1006600   0.8586010068E+003   0.0000000000E+000
   1006700   0.8558464402E+003   0.0000000000E+000
   1006800   0.8610374460E+003   0.0000000000E+000
   1006900   0.8605663536E+003   0.0000000000E+000
   1007000   0.8719299180E+003   0.0000000000E+000
   1007100   0.8617548931E+003   0.0000000000E+000
   1007200   0.8527472117E+003   0.0000000000E+000
   1007300   0.8458873350E+003   0.0000000000E+000
   1007400   0.8673846939E+003   0.0000000000E+000
   1007500   0.8567657868E+003   0.0000000000E+000
   1007600   0.8706190105E+003   0.0000000000E+000
   1007700   0.8602524626E+003   0.0000000000E+000
   1007800   0.8614039682E+003   0.0000000000E+000
   1007900   0.8670626065E+003   0.0000000000E+000
   1008000   0.8614372792E+003   0.0000000000E+000
   1008100   0.8667110299E+003   0.0000000000E+000
   1008200   0.8617260593E+003   0.0000000000E+000
   1008300   0.8761042517E+003   0.0000000000E+000
   1008400   0.8602026595E+003   0.0000000000E+000
   1008500   0.8588955229E+003   0.0000000000E+000
   1008600   0.8609993623E+003   0.0000000000E+000
   1008700   0.8552791450E+003   0.0000000000E+000
   1008800   0.8562311931E+003   0.3569385399E+000
   1008900   0.8625179466E+003   0.0000000000E+000
   1009000   0.8717292077E+003   0.0000000000E+000
   1009100   0.8667509471E+003   0.0000000000E+000
   1009200   0.8646848719E+003   0.0000000000E+000
   1009300   0.8558195107E+003   0.0000000000E+000
   1009400   0.8630169432E+003   0.0000000000E+000
   1009500   0.8649288165E+003   0.0000000000E+000
   1009600   0.8655411090E+003   0.0000000000E+000
   1009700   0.8721447481E+003   0.0000000000E+000
   1009800   0.8596943325E+003   0.0000000000E+000
   1009900   0.8587057122E+003   0.0000000000E+000
   1010000   0.8685023479E+003   0.0000000000E+000
   1010100   0.8524766403E+003   0.0000000000E+000
   1010200   0.8478284247E+003   0.0000000000E+000
   1010300   0.8562285594E+003   0.0000000000E+000
   1010400   0.8683563670E+003   0.0000000000E+000
   1010500   0.8586415906E+003   0.0000000000E+000
   1010600   0.8581942094E+003   0.0000000000E+000
   1010700   0.8499307106E+003   0.0000000000E+000
   1010800   0.8500341602E+003   0.0000000000E+000
   1010900   0.8662701525E+003   0.0000000000E+000
   1011000   0.8583299144E+003   0.0000000000E+000
   1011100   0.8465242045E+003   0.0000000000E+000
   1011200   0.8490138352E+003   0.0000000000E+000
   1011300   0.8521371359E+003   0.0000000000E+000
   1011400   0.8604277212E+003   0.0000000000E+000
   1011500   0.8558047257E+003   0.0000000000E+000
   1011600   0.8623175825E+003   0.0000000000E+000
   1011700   0.8528423480E+003   0.0000000000E+000
   1011800   0.8553659256E+003   0.0000000000E+000
   1011900   0.8508579515E+003   0.0000000000E+000
   1012000   0.8532551956E+003   0.0000000000E+000
   1012100   0.8538948712E+003   0.0000000000E+000
   1012200   0.8605974982E+003   0.0000000000E+000
   1012300   0.8432184527E+003   0.0000000000E+000
   1012400   0.8581563479E+003   0.0000000000E+000
   1012500   0.8776610586E+003   0.0000000000E+000
   1012600   0.8627319751E+003   0.3564917385E+000
   1012700   0.8729152353E+003   0.3558073918E+000
   1012800   0.8794316383E+003   0.0000000000E+000
   1012900   0.8620589343E+003   0.3565376326E+000
   1013000   0.8621990765E+003   0.3565280695E+000
   1013100   0.8648209732E+003   0.0000000000E+000
   1013200   0.8730985783E+003   0.0000000000E+000
   1013300   0.8800488425E+003   0.0000000000E+000
   1013400   0.8595263139E+003   0.3567110804E+000
   1013500   0.8623658382E+003   0.3565166947E+000
   1013600   0.8539368720E+003   0.3570981246E+000
   1013700   0.8652102729E+003   0.3563234623E+000
   1013800   0.8670276512E+003   0.0000000000E+000
   1013900   0.8690919873E+003   0.0000000000E+000
   1014000   0.8622960662E+003   0.0000000000E+000
   1014100   0.8624060904E+003   0.0000000000E+000
   1014200   0.8680540029E+003   0.3561317509E+000
   1014300   0.8639334294E+003   0.3564100195E+000
   1014400   0.8580950669E+003   0.3568096280E+000
   1014500   0.8575201549E+003   0.0000000000E+000
   1014600   0.8548949280E+003   0.0000000000E+000
   1014700   0.8596007590E+003   0.0000000000E+000
   1014800   0.8639404522E+003   0.0000000000E+000
   1014900   0.8593308602E+003   0.0000000000E+000
   1015000   0.8510376358E+003   0.0000000000E+000
   1015100   0.8595100687E+003   0.0000000000E+000
   1015200   0.8701024082E+003   0.0000000000E+000
   1015300   0.8668187146E+003   0.0000000000E+000
   1015400   0.8615427454E+003   0.0000000000E+000
   1015500   0.8329164586E+003   0.0000000000E+000
   1015600   0.8481959149E+003   0.0000000000E+000
   1015700   0.8517465605E+003   0.0000000000E+000
   1015800   0.8476322116E+003   0.0000000000E+000
   1015900   0.8596278109E+003   0.0000000000E+000
   1016000   0.8529305520E+003   0.0000000000E+000
   1016100   0.8544867814E+003   0.0000000000E+000
   1016200   0.8492869466E+003   0.0000000000E+000
   1016300   0.8711314015E+003   0.0000000000E+000
   1016400   0.8589724333E+003   0.0000000000E+000
   1016500   0.8527816187E+003   0.0000000000E+000
   1016600   0.8617410001E+003   0.0000000000E+000
   1016700   0.8558470344E+003   0.0000000000E+000
   1016800   0.8621030928E+003   0.0000000000E+000
   1016900   0.8475126458E+003   0.0000000000E+000
   1017000   0.8496545379E+003   0.0000000000E+000
   1017100   0.8625928419E+003   0.0000000000E+000
   1017200   0.8592263932E+003   0.0000000000E+000
   1017300   0.8650702567E+003   0.0000000000E+000
   1017400   0.8549817424E+003   0.0000000000E+000
   1017500   0.8540420019E+003   0.3570907903E+000
   1017600   0.8602035157E+003   0.3566645853E+000
   1017700   0.8579696059E+003   0.0000000000E+000
   1017800   0.8678905398E+003   0.3561427312E+000
   1017900   0.8496643201E+003   0.7144954392E+000
   1018000   0.8548340998E+003   0.3570355977E+000
   1018100   0.8684788143E+003   0.3561032375E+000
   1018200   0.8574172212E+003   0.3568564345E+000
   1018300   0.8630196755E+003   0.3564721459E+000
   1018400   0.8642001109E+003   0.3563919165E+000
   1018500   0.8559516955E+003   0.7136182541E+000
   1018600   0.8700409831E+003   0.3559986629E+000
   1018700   0.8600867193E+003   0.1069131070E+001
   1018800   0.8681968367E+003   0.1422737880E+001
   1018900   0.8559534877E+003   0.1426047101E+001
   1019000   0.8593631189E+003   0.1425114493E+001
   1019100   0.8534195415E+003   0.1426745816E+001
   1019200   0.8666575277E+003   0.1423147961E+001
   1019300   0.8513024561E+003   0.1427333305E+001
   1019400   0.8595149639E+003   0.1425073160E+001
   1019500   0.8780688365E+003   0.1065541516E+001
   1019600   0.8465916667E+003   0.1428652846E+001
   1019700   0.8528753924E+003   0.1426896492E+001
   1019800   0.8635538786E+003   0.1423979964E+001
   1019900   0.8535500693E+003   0.1426709706E+001
   1020000   0.8565753452E+003   0.1781604030E+001
   1020100   0.8588798908E+003   0.1780818894E+001
   1020200   0.8719737080E+003   0.1421738822E+001
   1020300   0.8574496087E+003   0.1425636816E+001
   1020400   0.8618768849E+003   0.1424432421E+001
   1020500   0.8537328909E+003   0.1426659151E+001
   1020600   0.8522817173E+003   0.1427061138E+001
   1020700   0.8442575042E+003   0.1785885432E+001
   1020800   0.8597427223E+003   0.1425011195E+001
   1020900   0.8612992195E+003   0.1068883547E+001
   1021000   0.8689095574E+003   0.1067348290E+001
   1021100   0.8505748001E+003   0.1071101424E+001
   1021200   0.8435427054E+003   0.1429516067E+001
   1021300   0.8686433621E+003   0.1422619239E+001
   1021400   0.8585707574E+003   0.1425330451E+001
   1021500   0.8470554349E+003   0.1428522180E+001
   1021600   0.8600372012E+003   0.1424931135E+001
   1021700   0.8642810807E+003   0.1423784398E+001
   1021800   0.8536079687E+003   0.1426693693E+001
   1021900   0.8506378596E+003   0.1783649722E+001
   1022000   0.8495380082E+003   0.1427825546E+001
   1022100   0.8555323220E+003   0.1070068123E+001
   1022200   0.8625781511E+003   0.1068623340E+001
   1022300   0.8616989465E+003   0.1068802123E+001
   1022400   0.8508436893E+003   0.1071045019E+001
   1022500   0.8589447252E+003   0.1069364945E+001
   1022600   0.8561220089E+003   0.1426000804E+001
   1022700   0.8591290231E+003   0.1069327153E+001
   1022800   0.8594958309E+003   0.1425078367E+001
   1022900   0.8611801935E+003   0.1068907810E+001
   1023000   0.8653247889E+003   0.1068067543E+001
   1023100   0.8657756509E+003   0.1067976700E+001
   1023200   0.8501629311E+003   0.1071187903E+001
   1023300   0.8390307625E+003   0.1073562895E+001
   1023400   0.8489385478E+003   0.1071445561E+001
   1023500   0.8529679566E+003   0.7140326505E+000
   1023600   0.8689187109E+003   0.1067346462E+001
   1023700   0.8496150364E+003   0.1427804007E+001
   1023800   0.8547728527E+003   0.1070225514E+001
   1023900   0.8460779046E+003   0.1428797794E+001
   1024000   0.8598439163E+003   0.7130827195E+000
   1024100   0.8538848766E+003   0.1070409950E+001
   1024200   0.8538108818E+003   0.7139152385E+000
   1024300   0.8561290919E+003   0.1069944678E+001
   1024400   0.8631046386E+003   0.7126384025E+000
   1024500   0.8623943260E+003   0.7127348588E+000
   1024600   0.8570521935E+003   0.7134662606E+000
   1024700   0.8667978977E+003   0.7121398441E+000
   1024800   0.8668582812E+003   0.7121317339E+000
   1024900   0.8608249645E+003   0.1068980266E+001
   1025000   0.8618998743E+003   0.1068761228E+001
   1025100   0.8587333803E+003   0.7132349425E+000
   1025200   0.8731678128E+003   0.1066502823E+001
   1025300   0.8529263193E+003   0.1070609548E+001
   1025400   0.8637871439E+003   0.1068378187E+001
   1025500   0.8659831309E+003   0.1067934933E+001
   1025600   0.8595904093E+003   0.1069232623E+001
   1025700   0.8544866930E+003   0.1070284901E+001
   1025800   0.8636841222E+003   0.1068399046E+001
   1025900   0.8650575285E+003   0.1423576010E+001
   1026000   0.8553105110E+003   0.1070114057E+001
   1026100   0.8431106569E+003   0.7154260529E+000
   1026200   0.8538885569E+003   0.7139044327E+000
   1026300   0.8480159641E+003   0.1071640283E+001
   1026400   0.8534387745E+003   0.7139670364E+000
   1026500   0.8435742680E+003   0.7153596651E+000
   1026600   0.8626685757E+003   0.1068604977E+001
   1026700   0.8673499467E+003   0.1067660363E+001
   1026800   0.8447967927E+003   0.1429160130E+001
   1026900   0.8461354306E+003   0.1428781554E+001
   1027000   0.8607126835E+003   0.1424747733E+001
   1027100   0.8678772744E+003   0.1422822874E+001
   1027200   0.8558672357E+003   0.1426070805E+001
   1027300   0.8685499772E+003   0.1422644039E+001
   1027400   0.8504782472E+003   0.1427562944E+001
   1027500   0.8493568897E+003   0.1427876209E+001
   1027600   0.8604022598E+003   0.1780302921E+001
   1027700   0.8587609079E+003   0.1425278583E+001
   1027800   0.8538201778E+003   0.1426635022E+001
   1027900   0.8506262625E+003   0.2139487254E+001
   1028000   0.8588581628E+003   0.2136105693E+001
   1028100   0.8565372136E+003   0.1781617063E+001
   1028200   0.8534469432E+003   0.1782677752E+001
   1028300   0.8650231701E+003   0.1778749697E+001
   1028400   0.8606744593E+003   0.1780210889E+001
   1028500   0.8581240057E+003   0.1781075875E+001
   1028600   0.8608077786E+003   0.1780165838E+001
   1028700   0.8464072488E+003   0.1785127758E+001
   1028800   0.8666074174E+003   0.1423161339E+001
   1028900   0.8650349477E+003   0.1423582064E+001
   1029000   0.8625148689E+003   0.1424260050E+001
   1029100   0.8627305562E+003   0.1424201843E+001
   1029200   0.8596964669E+003   0.1425023777E+001
   1029300   0.8657651996E+003   0.1423386459E+001
   1029400   0.8552538306E+003   0.1426239544E+001
   1029500   0.8578368789E+003   0.1425530885E+001
   1029600   0.8716621159E+003   0.1421820864E+001
   1029700   0.8668025757E+003   0.1778156718E+001
   1029800   0.8635095758E+003   0.1423991891E+001
   1029900   0.8724719656E+003   0.1776286145E+001
   1030000   0.8514075483E+003   0.1783382659E+001
   1030100   0.8534381701E+003   0.1782680776E+001
   1030200   0.8691376615E+003   0.1777382841E+001
   1030300   0.8662432198E+003   0.1778342816E+001
   1030400   0.8647168155E+003   0.1778852074E+001
   1030500   0.8607679364E+003   0.2135331931E+001
   1030600   0.8649620639E+003   0.1778770111E+001
   1030700   0.8699576416E+003   0.1777112234E+001
   1030800   0.8567172569E+003   0.1781555540E+001
   1030900   0.8690340190E+003   0.1777417087E+001
   1031000   0.8746170682E+003   0.1775585722E+001
   1031100   0.8779136542E+003   0.1774517052E+001
   1031200   0.8757555366E+003   0.1775215604E+001
   1031300   0.8790868531E+003   0.1774138973E+001
   1031400   0.8576163447E+003   0.1781248763E+001
   1031500   0.8681686413E+003   0.2132370811E+001
   1031600   0.8835085569E+003   0.1772724473E+001
   1031700   0.8601246749E+003   0.1780396844E+001
   1031800   0.8568215174E+003   0.1781519927E+001
   1031900   0.8702612964E+003   0.1777012173E+001
   1032000   0.8614625342E+003   0.1779944818E+001
   1032100   0.8614912376E+003   0.1779935138E+001
   1032200   0.8438204110E+003   0.1786040036E+001
   1032300   0.8526591126E+003   0.1426956443E+001
   1032400   0.8667830450E+003   0.1423114459E+001
   1032500   0.8683016769E+003   0.1422710011E+001
   1032600   0.8610532380E+003   0.1424655395E+001
   1032700   0.8669222685E+003   0.1423077312E+001
   1032800   0.8532573137E+003   0.1070540567E+001
   1032900   0.8695385090E+003   0.1422381826E+001
   1033000   0.8672074373E+003   0.1067688944E+001
   1033100   0.8561117902E+003   0.1069948254E+001
   1033200   0.8538804842E+003   0.1070410863E+001
   1033300   0.8650101190E+003   0.1068131010E+001
   1033400   0.8453016237E+003   0.1072216053E+001
   1033500   0.8449108092E+003   0.1072299309E+001
   1033600   0.8583355195E+003   0.1069490003E+001
   1033700   0.8607127955E+003   0.1424747702E+001
   1033800   0.8509830865E+003   0.1427422225E+001
   1033900   0.8622275786E+003   0.1068694577E+001
   1034000   0.8475837154E+003   0.1071731684E+001
   1034100   0.8522557489E+003   0.7141320659E+000
   1034200   0.8545405758E+003   0.1070273715E+001
   1034300   0.8585084199E+003   0.7132658341E+000
   1034400   0.8546599798E+003   0.7137972398E+000
   1034500   0.8559506745E+003   0.7136183954E+000
   1034600   0.8494324961E+003   0.3574143614E+000
   1034700   0.8613097864E+003   0.3565888146E+000
   1034800   0.8612513464E+003   0.3565928116E+000
   1034900   0.8676211454E+003   0.7120293857E+000
   1035000   0.8583728304E+003   0.3567904728E+000
   1035100   0.8640063505E+003   0.3564050681E+000
   1035200   0.8802160758E+003   0.3553280681E+000
   1035300   0.8538793144E+003   0.3571021409E+000
   1035400   0.8564030856E+003   0.3569266238E+000
   1035500   0.8482733216E+003   0.7146915560E+000
   1035600   0.8555813494E+003   0.0000000000E+000
   1035700   0.8677744088E+003   0.3561505351E+000
   1035800   0.8601779483E+003   0.3566663391E+000
   1035900   0.8540286194E+003   0.0000000000E+000
   1036000   0.8571624269E+003   0.3568740508E+000
   1036100   0.8751500051E+003   0.3556596849E+000
   1036200   0.8650715297E+003   0.0000000000E+000
   1036300   0.8653030736E+003   0.3563171830E+000
   1036400   0.8752011829E+003   0.0000000000E+000
   1036500   0.8586307099E+003   0.3567727018E+000
   1036600   0.8501387876E+003   0.3573645164E+000
   1036700   0.8661735634E+003   0.0000000000E+000
   1036800   0.8693983512E+003   0.0000000000E+000
   1036900   0.8658708972E+003   0.0000000000E+000
   1037000   0.8650464847E+003   0.0000000000E+000
   1037100   0.8696939767E+003   0.3560218544E+000
   1037200   0.8537822956E+003   0.7139192159E+000
   1037300   0.8714857855E+003   0.0000000000E+000
   1037400   0.8671581446E+003   0.0000000000E+000
   1037500   0.8604553248E+003   0.3566473184E+000
   1037600   0.8601233490E+003   0.3566700849E+000
   1037700   0.8659893966E+003   0.3562707915E+000
   1037800   0.8547422178E+003   0.3570419938E+000
   1037900   0.8500383017E+003   0.3573716021E+000
   1038000   0.8678635416E+003   0.0000000000E+000
   1038100   0.8554665275E+003   0.0000000000E+000
   1038200   0.8501845998E+003   0.0000000000E+000
   1038300   0.8558848188E+003   0.3569625685E+000
   1038400   0.8499111091E+003   0.0000000000E+000
   1038500   0.8687440526E+003   0.3560854511E+000
   1038600   0.8569163318E+003   0.3568910773E+000
   1038700   0.8502059989E+003   0.3573597782E+000
   1038800   0.8658029889E+003   0.3562833831E+000
   1038900   0.8513420027E+003   0.7142598979E+000
   1039000   0.8547443898E+003   0.7137855243E+000
   1039100   0.8514512853E+003   0.7142445925E+000
   1039200   0.8588211510E+003   0.3567595861E+000
   1039300   0.8398524657E+003   0.3581001408E+000
   1039400   0.8596432223E+003   0.0000000000E+000
   1039500   0.8422293108E+003   0.0000000000E+000
   1039600   0.8430218503E+003   0.0000000000E+000
   1039700   0.8416437466E+003   0.0000000000E+000
   1039800   0.8503022093E+003   0.3573529971E+000
   1039900   0.8477676433E+003   0.3575322387E+000
   1040000   0.8423870943E+003   0.3579169265E+000
   1040100   0.8444079910E+003   0.0000000000E+000
   1040200   0.8360951282E+003   0.0000000000E+000
   1040300   0.8537024788E+003   0.0000000000E+000
   1040400   0.8539823142E+003   0.0000000000E+000
   1040500   0.8430696475E+003   0.0000000000E+000
   1040600   0.8517920383E+003   0.0000000000E+000
   1040700   0.8770946809E+003   0.0000000000E+000
   1040800   0.8682981619E+003   0.0000000000E+000
   1040900   0.8608280268E+003   0.3566217834E+000
   1041000   0.8676066110E+003   0.0000000000E+000
   1041100   0.8523860587E+003   0.3572065615E+000
   1041200   0.8451668500E+003   0.3577174702E+000
   1041300   0.8527415885E+003   0.0000000000E+000
   1041400   0.8507143497E+003   0.3573239688E+000
   1041500   0.8607573189E+003   0.3566266258E+000
   1041600   0.8526229673E+003   0.0000000000E+000
   1041700   0.8470705633E+003   0.3575817552E+000
   1041800   0.8418542852E+003   0.3579553332E+000
   1041900   0.8473559827E+003   0.0000000000E+000
   1042000   0.8499315571E+003   0.7144578473E+000
   1042100   0.8425725960E+003   0.7155032088E+000
   1042200   0.8489205865E+003   0.3574505489E+000
   1042300   0.8533900900E+003   0.0000000000E+000
   1042400   0.8564914478E+003   0.0000000000E+000
   1042500   0.8658662688E+003   0.0000000000E+000
   1042600   0.8661410732E+003   0.3562605506E+000
   1042700   0.8521671576E+003   0.0000000000E+000
   1042800   0.8476696598E+003   0.3575391932E+000
   1042900   0.8649686092E+003   0.7123861631E+000
   1043000   0.8497225381E+003   0.3573938806E+000
   1043100   0.8563109164E+003   0.0000000000E+000
   1043200   0.8636712708E+003   0.0000000000E+000
   1043300   0.8614065245E+003   0.0000000000E+000
   1043400   0.8566577885E+003   0.0000000000E+000
   1043500   0.8678069761E+003   0.0000000000E+000
   1043600   0.8625170839E+003   0.0000000000E+000
   1043700   0.8678832818E+003   0.0000000000E+000
   1043800   0.8747285386E+003   0.0000000000E+000
   1043900   0.8555214041E+003   0.0000000000E+000
   1044000   0.8636998477E+003   0.0000000000E+000
   1044100   0.8556655885E+003   0.0000000000E+000
   1044200   0.8643483610E+003   0.0000000000E+000
   1044300   0.8553701520E+003   0.3569983137E+000
   1044400   0.8608645749E+003   0.3566192807E+000
   1044500   0.8707555485E+003   0.0000000000E+000
   1044600   0.8729198631E+003   0.3558070850E+000
   1044700   0.8660714163E+003   0.3562652532E+000
   1044800   0.8640312661E+003   0.3564033766E+000
   1044900   0.8490863938E+003   0.3574388222E+000
   1045000   0.8597423192E+003   0.3566962407E+000
   1045100   0.8643434457E+003   0.0000000000E+000
   1045200   0.8707422832E+003   0.0000000000E+000
   1045300   0.8590525187E+003   0.0000000000E+000
   1045400   0.8627750023E+003   0.0000000000E+000
   1045500   0.8527660950E+003   0.0000000000E+000
   1045600   0.8631841095E+003   0.0000000000E+000
   1045700   0.8620362097E+003   0.0000000000E+000
   1045800   0.8609136345E+003   0.3566159217E+000
   1045900   0.8578182895E+003   0.3568287296E+000
   1046000   0.8509142314E+003   0.3573099024E+000
   1046100   0.8353304891E+003   0.3584302434E+000
   1046200   0.8598391847E+003   0.3566895888E+000
   1046300   0.8660152188E+003   0.3562690478E+000
   1046400   0.8626802610E+003   0.3564952619E+000
   1046500   0.8577479680E+003   0.3568335850E+000
   1046600   0.8641280776E+003   0.7124997501E+000
   1046700   0.8654425750E+003   0.3563077465E+000
   1046800   0.8640760414E+003   0.7125067906E+000
   1046900   0.8749924158E+003   0.3556700720E+000
   1047000   0.8617157080E+003   0.3565610690E+000
   1047100   0.8622450451E+003   0.7127551538E+000
   1047200   0.8522942178E+003   0.7141266912E+000
   1047300   0.8630676685E+003   0.7126434183E+000
   1047400   0.8616935494E+003   0.7128302016E+000
   1047500   0.8513720802E+003   0.1070934299E+001
   1047600   0.8425145037E+003   0.7155115459E+000
   1047700   0.8576079529E+003   0.7133896755E+000
   1047800   0.8612617229E+003   0.7128890429E+000
   1047900   0.8481811015E+003   0.7147045846E+000
   1048000   0.8576922206E+003   0.1069622285E+001
   1048100   0.8650863631E+003   0.1423568279E+001
   1048200   0.8561240768E+003   0.7135944159E+000
   1048300   0.8441155735E+003   0.1072468998E+001
   1048400   0.8619313771E+003   0.7127978242E+000
   1048500   0.8436126692E+003   0.1429496177E+001
   1048600   0.8555720919E+003   0.1426151960E+001
   1048700   0.8510381950E+003   0.1783510745E+001
   1048800   0.8634969211E+003   0.1423995298E+001
   1048900   0.8616275010E+003   0.1068816670E+001
   1049000   0.8549166564E+003   0.1070195687E+001
   1049100   0.8602213971E+003   0.1069103537E+001
   1049200   0.8624301974E+003   0.1068653396E+001
   1049300   0.8412675801E+003   0.1073079784E+001
   1049400   0.8448222402E+003   0.1429152920E+001
   1049500   0.8434342367E+003   0.1072614680E+001
   1049600   0.8558969592E+003   0.1069992672E+001
   1049700   0.8513783411E+003   0.1070932988E+001
   1049800   0.8552180704E+003   0.1070133208E+001
   1049900   0.8387709798E+003   0.1073619199E+001
   1050000   0.8478944768E+003   0.7147450994E+000
   1050100   0.8524159237E+003   0.1070716041E+001
   1050200   0.8507104887E+003   0.1071072956E+001
   1050300   0.8473032219E+003   0.1071791054E+001
   1050400   0.8599106742E+003   0.1069167076E+001
   1050500   0.8391471537E+003   0.1430773437E+001
   1050600   0.8547701947E+003   0.1426372784E+001
   1050700   0.8615092872E+003   0.1068840746E+001
   1050800   0.8487777373E+003   0.1428038380E+001
   1050900   0.8649258904E+003   0.1423611309E+001
   1051000   0.8507196761E+003   0.1427495624E+001
   1051100   0.8649929521E+003   0.1423593325E+001
   1051200   0.8619489029E+003   0.1779780892E+001
   1051300   0.8511640566E+003   0.1427371829E+001
   1051400   0.8750502509E+003   0.1066132114E+001
   1051500   0.8711690123E+003   0.1066898484E+001
   1051600   0.8627946921E+003   0.1068579372E+001
   1051700   0.8573409915E+003   0.1069694606E+001
   1051800   0.8662155859E+003   0.1067888166E+001
   1051900   0.8543846884E+003   0.1426479115E+001
   1052000   0.8594410544E+003   0.1069263210E+001
   1052100   0.8674526230E+003   0.1067639777E+001
   1052200   0.8509119260E+003   0.1071030712E+001
   1052300   0.8505354896E+003   0.1071109674E+001
   1052400   0.8592468225E+003   0.1069303006E+001
   1052500   0.8710145929E+003   0.1066929139E+001
   1052600   0.8591695218E+003   0.1069318850E+001
   1052700   0.8667943408E+003   0.1067771853E+001
   1052800   0.8682151644E+003   0.1422733007E+001
   1052900   0.8640367629E+003   0.1068327670E+001
   1053000   0.8643921516E+003   0.1423754561E+001
   1053100   0.8580638493E+003   0.1425468853E+001
   1053200   0.8558841229E+003   0.1069995327E+001
   1053300   0.8592979298E+003   0.1069292533E+001
   1053400   0.8622916774E+003   0.1068681547E+001
   1053500   0.8548678319E+003   0.7137683963E+000
   1053600   0.8735320186E+003   0.3557665378E+000
   1053700   0.8548704887E+003   0.7137680277E+000
   1053800   0.8610175102E+003   0.1068940984E+001
   1053900   0.8532334224E+003   0.1070545544E+001
   1054000   0.8548762335E+003   0.1070204070E+001
   1054100   0.8616857659E+003   0.3565631146E+000
   1054200   0.8600883531E+003   0.3566724861E+000
   1054300   0.8693468970E+003   0.3560450723E+000
   1054400   0.8706426649E+003   0.3559585016E+000
   1054500   0.8556711472E+003   0.3569774025E+000
   1054600   0.8594833898E+003   0.7131320872E+000
   1054700   0.8574299787E+003   0.3568555528E+000
   1054800   0.8699808327E+003   0.3560026814E+000
   1054900   0.8695900117E+003   0.3560288069E+000
   1055000   0.8575207380E+003   0.7134016863E+000
   1055100   0.8643500804E+003   0.7124697243E+000
   1055200   0.8598846098E+003   0.7130771503E+000
   1055300   0.8575361255E+003   0.3568482177E+000
   1055400   0.8600589343E+003   0.3566745047E+000
   1055500   0.8567677198E+003   0.3569013648E+000
   1055600   0.8641655616E+003   0.3563942611E+000
   1055700   0.8699011075E+003   0.0000000000E+000
   1055800   0.8716833074E+003   0.3558891925E+000
   1055900   0.8594573876E+003   0.7131356497E+000
   1056000   0.8476567743E+003   0.3575401078E+000
   1056100   0.8731460968E+003   0.7112943443E+000
   1056200   0.8614786538E+003   0.3565772684E+000
   1056300   0.8657586854E+003   0.7122796284E+000
   1056400   0.8636901836E+003   0.7125590278E+000
   1056500   0.8707321796E+003   0.3559525321E+000
   1056600   0.8592478591E+003   0.3567302232E+000
   1056700   0.8544539645E+003   0.7138258445E+000
   1056800   0.8632538696E+003   0.7126181613E+000
   1056900   0.8667876072E+003   0.3562169447E+000
   1057000   0.8574620481E+003   0.3568533364E+000
   1057100   0.8564116666E+003   0.3569260291E+000
   1057200   0.8615684081E+003   0.7128472465E+000
   1057300   0.8652145157E+003   0.3563231752E+000
   1057400   0.8572145190E+003   0.3568704482E+000
   1057500   0.8572091212E+003   0.3568708215E+000
   1057600   0.8559764643E+003   0.7136148282E+000
   1057700   0.8561748481E+003   0.3569424471E+000
   1057800   0.8590280488E+003   0.7131945071E+000
   1057900   0.8587250795E+003   0.7132360821E+000
   1058000   0.8648517782E+003   0.3563477346E+000
   1058100   0.8564041255E+003   0.7135557123E+000
   1058200   0.8662928915E+003   0.1067872619E+001
   1058300   0.8520316432E+003   0.1070796318E+001
   1058400   0.8471721629E+003   0.7148473416E+000
   1058500   0.8645627582E+003   0.7124409765E+000
   1058600   0.8646913150E+003   0.3563586065E+000
   1058700   0.8626704288E+003   0.3564959318E+000
   1058800   0.8537408270E+003   0.7139249862E+000
   1058900   0.8540477164E+003   0.7138822982E+000
   1059000   0.8629797144E+003   0.7126553531E+000
   1059100   0.8594771115E+003   0.7131329474E+000
   1059200   0.8442638691E+003   0.3577820936E+000
   1059300   0.8559310145E+003   0.7136211148E+000
   1059400   0.8756442290E+003   0.3556271375E+000
   1059500   0.8622354415E+003   0.3565255886E+000
   1059600   0.8683843983E+003   0.3561095719E+000
   1059700   0.8710471895E+003   0.3559315365E+000
   1059800   0.8638983439E+003   0.1068355679E+001
   1059900   0.8790774321E+003   0.7105171754E+000
   1060000   0.8779870411E+003   0.3554734295E+000
   1060100   0.8637201388E+003   0.7125549706E+000
   1060200   0.8647383899E+003   0.7124172487E+000
   1060300   0.8782233539E+003   0.7106283321E+000
   1060400   0.8631441236E+003   0.1068508476E+001
   1060500   0.8617152462E+003   0.7128272470E+000
   1060600   0.8683686094E+003   0.1067456384E+001
   1060700   0.8642573420E+003   0.7124822649E+000
   1060800   0.8678977022E+003   0.7119923336E+000
   1060900   0.8711000591E+003   0.7115652860E+000
   1061000   0.8491004210E+003   0.1071411447E+001
   1061100   0.8543032806E+003   0.1070322990E+001
   1061200   0.8651883288E+003   0.7123565131E+000
   1061300   0.8529217142E+003   0.1070610509E+001
   1061400   0.8584086083E+003   0.1069474989E+001
   1061500   0.8690496174E+003   0.1067320328E+001
   1061600   0.8488123175E+003   0.1071472174E+001
   1061700   0.8553888810E+003   0.1070097824E+001
   1061800   0.8509553207E+003   0.1071021614E+001
   1061900   0.8599525652E+003   0.1069158507E+001
   1062000   0.8654426996E+003   0.7123222091E+000
   1062100   0.8585704203E+003   0.7132573183E+000
   1062200   0.8620023186E+003   0.7127881704E+000
   1062300   0.8464266812E+003   0.1428699371E+001
   1062400   0.8630955518E+003   0.1068518326E+001
   1062500   0.8662996619E+003   0.1067871258E+001
   1062600   0.8543802288E+003   0.1426480346E+001
   1062700   0.8604362727E+003   0.1069059628E+001
   1062800   0.8651267917E+003   0.1068107471E+001
   1062900   0.8663715591E+003   0.1067856802E+001
   1063000   0.8597633317E+003   0.1425005590E+001
   1063100   0.8431936518E+003   0.1072666187E+001
   1063200   0.8602638280E+003   0.1069094864E+001
   1063300   0.8748499462E+003   0.1066171472E+001
   1063400   0.8567489357E+003   0.1069816672E+001
   1063500   0.8608774550E+003   0.1068969555E+001
   1063600   0.8650850025E+003   0.1423568644E+001
   1063700   0.8548809593E+003   0.1426342253E+001
   1063800   0.8555201298E+003   0.1070070647E+001
   1063900   0.8618261249E+003   0.7128121505E+000
   1064000   0.8572611074E+003   0.1069711065E+001
   1064100   0.8584898263E+003   0.7132683882E+000
   1064200   0.8558270655E+003   0.1070007129E+001
   1064300   0.8539545017E+003   0.1070395472E+001
   1064400   0.8450098549E+003   0.1429099780E+001
   1064500   0.8588625452E+003   0.1069381803E+001
   1064600   0.8541437614E+003   0.1070356132E+001
   1064700   0.8514084287E+003   0.1070926688E+001
   1064800   0.8561431459E+003   0.1069941773E+001
   1064900   0.8610047149E+003   0.1068943594E+001
   1065000   0.8485077299E+003   0.1071536429E+001
   1065100   0.8596323113E+003   0.1069224044E+001
   1065200   0.8619823331E+003   0.1068744451E+001
   1065300   0.8610367655E+003   0.1068937056E+001
   1065400   0.8432358396E+003   0.1072657153E+001
   1065500   0.8580698945E+003   0.1069544596E+001
   1065600   0.8475089280E+003   0.1071747509E+001
   1065700   0.8541727548E+003   0.1070350107E+001
   1065800   0.8439564512E+003   0.1072502996E+001
   1065900   0.8470509926E+003   0.7148645130E+000
   1066000   0.8521815766E+003   0.3572208938E+000
   1066100   0.8553598970E+003   0.7137001780E+000
   1066200   0.8646266666E+003   0.7124323412E+000
   1066300   0.8535971223E+003   0.0000000000E+000
   1066400   0.8481163731E+003   0.0000000000E+000
   1066500   0.8483157774E+003   0.3574933693E+000
   1066600   0.8528249113E+003   0.7140526023E+000
   1066700   0.8481115278E+003   0.3575078462E+000
   1066800   0.8634241482E+003   0.3564446268E+000
   1066900   0.8593672063E+003   0.0000000000E+000
   1067000   0.8672213909E+003   0.0000000000E+000
   1067100   0.8563168715E+003   0.0000000000E+000
   1067200   0.8591579435E+003   0.3567364077E+000
   1067300   0.8574546552E+003   0.3568538474E+000
   1067400   0.8660171055E+003   0.7122448319E+000
   1067500   0.8633963870E+003   0.3564465146E+000
   1067600   0.8572631809E+003   0.3568670833E+000
   1067700   0.8535524318E+003   0.0000000000E+000
   1067800   0.8731857351E+003   0.0000000000E+000
   1067900   0.8578519995E+003   0.3568264023E+000
   1068000   0.8592348147E+003   0.0000000000E+000
   1068100   0.8599848443E+003   0.3566795894E+000
   1068200   0.8560710762E+003   0.3569496446E+000
   1068300   0.8636568708E+003   0.3564288066E+000
   1068400   0.8473328011E+003   0.7148245860E+000
   1068500   0.8604325389E+003   0.7130022217E+000
   1068600   0.8719645999E+003   0.7114506209E+000
   1068700   0.8525647434E+003   0.3571940440E+000
   1068800   0.8627080165E+003   0.0000000000E+000
   1068900   0.8562267571E+003   0.0000000000E+000
   1069000   0.8625710481E+003   0.3565027044E+000
   1069100   0.8682276349E+003   0.0000000000E+000
   1069200   0.8609622236E+003   0.0000000000E+000
   1069300   0.8649838439E+003   0.3563387902E+000
   1069400   0.8480393362E+003   0.3575129650E+000
   1069500   0.8672768027E+003   0.3561840009E+000
   1069600   0.8672935313E+003   0.7120733137E+000
   1069700   0.8711124872E+003   0.7115636358E+000
   1069800   0.8542118823E+003   0.1070341977E+001
   1069900   0.8433519005E+003   0.7153914969E+000
   1070000   0.8531557792E+003   0.1070561721E+001
   1070100   0.8638716577E+003   0.7125344532E+000
   1070200   0.8500076671E+003   0.7144471461E+000
   1070300   0.8577556515E+003   0.1069609232E+001
   1070400   0.8422810291E+003   0.1072861884E+001
   1070500   0.8522294942E+003   0.1427075634E+001
   1070600   0.8455165878E+003   0.1072170297E+001
   1070700   0.8504942969E+003   0.1071118320E+001
   1070800   0.8495416628E+003   0.1427824524E+001
   1070900   0.8528500494E+003   0.1426903515E+001
   1071000   0.8591892784E+003   0.1069314801E+001
   1071100   0.8617921682E+003   0.1068783147E+001
   1071200   0.8636016260E+003   0.1068415753E+001
   1071300   0.8586906039E+003   0.1069417086E+001
   1071400   0.8529485942E+003   0.1070604904E+001
   1071500   0.8553103143E+003   0.1070114098E+001
   1071600   0.8596494766E+003   0.1069220530E+001
   1071700   0.8514801906E+003   0.1070911665E+001
   1071800   0.8458659642E+003   0.1072095989E+001
   1071900   0.8674896400E+003   0.1067632357E+001
   1072000   0.8610017634E+003   0.1424669346E+001
   1072100   0.8594697604E+003   0.7131339545E+000
   1072200   0.8508899914E+003   0.7143232521E+000
   1072300   0.8662622050E+003   0.1067878790E+001
   1072400   0.8680328317E+003   0.7119742395E+000
   1072500   0.8578826342E+003   0.1069583106E+001
   1072600   0.8534940604E+003   0.7139593372E+000
   1072700   0.8616995663E+003   0.7128293822E+000
   1072800   0.8474566657E+003   0.7148070465E+000
   1072900   0.8499212901E+003   0.7144592910E+000
   1073000   0.8559693145E+003   0.7136158171E+000
   1073100   0.8686887664E+003   0.7118865014E+000
   1073200   0.8666432656E+003   0.7121606189E+000
   1073300   0.8728726200E+003   0.1066561123E+001
   1073400   0.8600265443E+003   0.7130577303E+000
   1073500   0.8588202493E+003   0.7132230187E+000
   1073600   0.8567752679E+003   0.1069811239E+001
   1073700   0.8564402127E+003   0.7135507271E+000
   1073800   0.8507271558E+003   0.1427493539E+001
   1073900   0.8554596269E+003   0.1070083174E+001
   1074000   0.8563746739E+003   0.1069893936E+001
   1074100   0.8580158546E+003   0.1069555707E+001
   1074200   0.8548057070E+003   0.1070218698E+001
   1074300   0.8584123345E+003   0.1069474223E+001
   1074400   0.8593235327E+003   0.1425125271E+001
   1074500   0.8504534339E+003   0.1427569865E+001
   1074600   0.8415667813E+003   0.7156477481E+000
   1074700   0.8550349169E+003   0.7137452219E+000
   1074800   0.8597693965E+003   0.7130929197E+000
   1074900   0.8448572921E+003   0.7151763836E+000
   1075000   0.8409540738E+003   0.1073147314E+001
   1075100   0.8538055830E+003   0.1070426441E+001
   1075200   0.8572455857E+003   0.1069714263E+001
   1075300   0.8424897028E+003   0.1072817094E+001
   1075400   0.8542684385E+003   0.7138516181E+000
   1075500   0.8530859305E+003   0.7140162015E+000
   1075600   0.8419942082E+003   0.7155862759E+000
   1075700   0.8541921400E+003   0.3570803196E+000
   1075800   0.8447957623E+003   0.7151851583E+000
   1075900   0.8517583464E+003   0.3572505839E+000
   1076000   0.8515592997E+003   0.7142294693E+000
   1076100   0.8633118568E+003   0.3564522638E+000
   1076200   0.8542079780E+003   0.3570792153E+000
   1076300   0.8567792048E+003   0.3569005696E+000
   1076400   0.8540274557E+003   0.0000000000E+000
   1076500   0.8642435284E+003   0.3563889705E+000
   1076600   0.8593202394E+003   0.3567252459E+000
   1076700   0.8596469345E+003   0.0000000000E+000
   1076800   0.8598160694E+003   0.3566911760E+000
   1076900   0.8627919172E+003   0.0000000000E+000
   1077000   0.8706060975E+003   0.3559609405E+000
   1077100   0.8584658804E+003   0.0000000000E+000
   1077200   0.8474532050E+003   0.3575545628E+000
   1077300   0.8612105210E+003   0.7128960243E+000
   1077400   0.8523218729E+003   0.0000000000E+000
   1077500   0.8570799732E+003   0.0000000000E+000
   1077600   0.8754857992E+003   0.0000000000E+000
   1077700   0.8667865941E+003   0.3562170130E+000
   1077800   0.8716000981E+003   0.3558947273E+000
   1077900   0.8653972749E+003   0.0000000000E+000
   1078000   0.8642436334E+003   0.3563889634E+000
   1078100   0.8522448334E+003   0.3572164593E+000
   1078200   0.8623288695E+003   0.3565192159E+000
   1078300   0.8616357159E+003   0.0000000000E+000
   1078400   0.8641856601E+003   0.3563928972E+000
   1078500   0.8716294133E+003   0.3558927772E+000
   1078600   0.8672339893E+003   0.0000000000E+000
   1078700   0.8652486026E+003   0.3563208685E+000
   1078800   0.8479491016E+003   0.3575193646E+000
   1078900   0.8441689046E+003   0.7152746396E+000
   1079000   0.8518485595E+003   0.7141889917E+000
   1079100   0.8621290440E+003   0.3565328480E+000
   1079200   0.8587445235E+003   0.7132334128E+000
   1079300   0.8687976726E+003   0.0000000000E+000
   1079400   0.8670372755E+003   0.0000000000E+000
   1079500   0.8718024124E+003   0.3558812721E+000
   1079600   0.8644265377E+003   0.0000000000E+000
   1079700   0.8587128130E+003   0.7132377661E+000
   1079800   0.8552582346E+003   0.7137142647E+000
   1079900   0.8670542967E+003   0.3561989797E+000
   1080000   0.8581106604E+003   0.3568085522E+000
   1080100   0.8705652680E+003   0.3559636641E+000
   1080200   0.8720449507E+003   0.3558651513E+000
   1080300   0.8648270347E+003   0.7124052770E+000
   1080400   0.8608754033E+003   0.7129417417E+000
   1080500   0.8595281506E+003   0.7131259554E+000
   1080600   0.8649361163E+003   0.3563420223E+000
   1080700   0.8695151868E+003   0.0000000000E+000
   1080800   0.8691938125E+003   0.0000000000E+000
   1080900   0.8594723462E+003   0.3567147894E+000
   1081000   0.8587549378E+003   0.0000000000E+000
   1081100   0.8569306109E+003   0.0000000000E+000
   1081200   0.8604717670E+003   0.3566461914E+000
   1081300   0.8582616375E+003   0.3567981392E+000
   1081400   0.8708669951E+003   0.3559435444E+000
   1081500   0.8637055804E+003   0.3564254967E+000
   1081600   0.8748960095E+003   0.0000000000E+000
   1081700   0.8773654253E+003   0.3555141197E+000
   1081800   0.8702712406E+003   0.0000000000E+000
   1081900   0.8539493236E+003   0.0000000000E+000
   1082000   0.8588860283E+003   0.0000000000E+000
   1082100   0.8585272247E+003   0.3567798317E+000
   1082200   0.8570332188E+003   0.7134688774E+000
   1082300   0.8669707220E+003   0.3562046082E+000
   1082400   0.8552868435E+003   0.3570041045E+000
   1082500   0.8415418480E+003   0.7156513363E+000
   1082600   0.8627886649E+003   0.3564878767E+000
   1082700   0.8695184847E+003   0.3560335913E+000
   1082800   0.8624932357E+003   0.3565080084E+000
   1082900   0.8601424171E+003   0.1069119682E+001
   1083000   0.8699689157E+003   0.1067137058E+001
   1083100   0.8603494127E+003   0.7130135819E+000
   1083200   0.8520808556E+003   0.7141565085E+000
   1083300   0.8530798106E+003   0.1070577552E+001
   1083400   0.8484408156E+003   0.7146679012E+000
   1083500   0.8566918065E+003   0.7135159847E+000
   1083600   0.8546337002E+003   0.1070254387E+001
   1083700   0.8566960277E+003   0.7135154020E+000
   1083800   0.8603453662E+003   0.1069078201E+001
   1083900   0.8509306224E+003   0.7143175541E+000
   1084000   0.8573805819E+003   0.7134209938E+000
   1084100   0.8581126667E+003   0.7133202248E+000
   1084200   0.8704956818E+003   0.0000000000E+000
   1084300   0.8737782558E+003   0.0000000000E+000
   1084400   0.8572349286E+003   0.3568690369E+000
   1084500   0.8633034389E+003   0.3564528364E+000
   1084600   0.8735212127E+003   0.3557672529E+000
   1084700   0.8633414353E+003   0.3564502519E+000
   1084800   0.8567374266E+003   0.3569034623E+000
   1084900   0.8582767648E+003   0.7132976648E+000
   1085000   0.8609994993E+003   0.3566100439E+000
   1085100   0.8641426420E+003   0.3563958165E+000
   1085200   0.8583078231E+003   0.7132933960E+000
   1085300   0.8650739132E+003   0.7123719507E+000
   1085400   0.8600961150E+003   0.3566719535E+000
   1085500   0.8554336305E+003   0.0000000000E+000
   1085600   0.8597163278E+003   0.3566980258E+000
   1085700   0.8497449388E+003   0.3573922995E+000
   1085800   0.8697402341E+003   0.7117461776E+000
   1085900   0.8613655497E+003   0.3565850012E+000
   1086000   0.8574799827E+003   0.7134072999E+000
   1086100   0.8668403937E+003   0.3562133879E+000
   1086200   0.8716365268E+003   0.3558923041E+000
   1086300   0.8496478737E+003   0.7144977536E+000
   1086400   0.8618576263E+003   0.3565513758E+000
   1086500   0.8793186393E+003   0.7104858281E+000
   1086600   0.8667484096E+003   0.3562195863E+000
   1086700   0.8642166280E+003   0.3563907957E+000
   1086800   0.8678910033E+003   0.7119932308E+000
   1086900   0.8728900954E+003   0.7113281639E+000
   1087000   0.8583857038E+003   0.7132826935E+000
   1087100   0.8639755603E+003   0.1068340053E+001
   1087200   0.8545119039E+003   0.7138177981E+000
   1087300   0.8593381873E+003   0.1069284284E+001
   1087400   0.8683432734E+003   0.7119326954E+000
   1087500   0.8697437045E+003   0.7117457151E+000
   1087600   0.8549800641E+003   0.7137528287E+000
   1087700   0.8647997284E+003   0.7124089645E+000
   1087800   0.8578968071E+003   0.3568233093E+000
   1087900   0.8677631038E+003   0.7120103632E+000
   1088000   0.8735026314E+003   0.7112472820E+000
   1088100   0.8671993770E+003   0.7120859455E+000
   1088200   0.8768022864E+003   0.7108138388E+000
   1088300   0.8665444020E+003   0.7121739058E+000
   1088400   0.8585614010E+003   0.1069443610E+001
   1088500   0.8666571556E+003   0.7121587525E+000
   1088600   0.8597488876E+003   0.7130957273E+000
   1088700   0.8652683814E+003   0.7123457148E+000
   1088800   0.8592511488E+003   0.7131639141E+000
   1088900   0.8638837810E+003   0.7125328119E+000
   1089000   0.8686998224E+003   0.7118850238E+000
   1089100   0.8566049228E+003   0.1069846394E+001
   1089200   0.8643132665E+003   0.1423775751E+001
   1089300   0.8473235179E+003   0.1784806183E+001
   1089400   0.8539127526E+003   0.1426609439E+001
   1089500   0.8719368536E+003   0.1066746241E+001
   1089600   0.8556972782E+003   0.1070033981E+001
   1089700   0.8624493440E+003   0.1424277740E+001
   1089800   0.8624367210E+003   0.1424281148E+001
   1089900   0.8553747831E+003   0.1426206249E+001
   1090000   0.8482977046E+003   0.1071580766E+001
   1090100   0.8617164353E+003   0.1424475819E+001
   1090200   0.8611929673E+003   0.1068905205E+001
   1090300   0.8608143484E+003   0.1068982433E+001
   1090400   0.8708874118E+003   0.1422025138E+001
   1090500   0.8700356314E+003   0.1422250223E+001
   1090600   0.8624830176E+003   0.1424268649E+001
   1090700   0.8591395733E+003   0.1069324990E+001
   1090800   0.8652314177E+003   0.1068086370E+001
   1090900   0.8702142288E+003   0.1067088229E+001
   1091000   0.8620623966E+003   0.1068728166E+001
   1091100   0.8574367487E+003   0.7134132555E+000
   1091200   0.8691742662E+003   0.7118216599E+000
   1091300   0.8627290538E+003   0.3564919375E+000
   1091400   0.8611034051E+003   0.3566029328E+000
   1091500   0.8611260576E+003   0.7129075431E+000
   1091600   0.8691444830E+003   0.7118256352E+000
   1091700   0.8612495238E+003   0.7128907062E+000
   1091800   0.8691688011E+003   0.1067296542E+001
   1091900   0.8708174897E+003   0.3559468444E+000
   1092000   0.8678260570E+003   0.3561470641E+000
   1092100   0.8655523252E+003   0.3563003251E+000
   1092200   0.8558086803E+003   0.3569678534E+000
   1092300   0.8605676463E+003   0.7129837630E+000
   1092400   0.8603171086E+003   0.3566567946E+000
   1092500   0.8623810271E+003   0.3565156589E+000
   1092600   0.8717996831E+003   0.3558814536E+000
   1092700   0.8579897907E+003   0.3568168918E+000
   1092800   0.8457760204E+003   0.7150455412E+000
   1092900   0.8661338306E+003   0.3562610396E+000
   1093000   0.8574595834E+003   0.3568535068E+000
   1093100   0.8529915065E+003   0.3571641723E+000
   1093200   0.8628018777E+003   0.7126794931E+000
   1093300   0.8490268027E+003   0.7145852296E+000
   1093400   0.8626106905E+003   0.7127054582E+000
   1093500   0.8725355299E+003   0.3558325758E+000
   1093600   0.8695828192E+003   0.7117671603E+000
   1093700   0.8624414703E+003   0.7127284511E+000
   1093800   0.8573219805E+003   0.3568630180E+000
   1093900   0.8513036775E+003   0.1070948623E+001
   1094000   0.8612396480E+003   0.1068895689E+001
   1094100   0.8619915709E+003   0.1068742572E+001
   1094200   0.8609997827E+003   0.7129247688E+000
   1094300   0.8594729361E+003   0.1069256680E+001
   1094400   0.8741334243E+003   0.7111641270E+000
   1094500   0.8636282656E+003   0.7125674153E+000
   1094600   0.8670345056E+003   0.7121080725E+000
   1094700   0.8610267613E+003   0.7129210880E+000
   1094800   0.8636564901E+003   0.7125635918E+000
   1094900   0.8685153699E+003   0.1067427043E+001
   1095000   0.8493747118E+003   0.7145362093E+000
   1095100   0.8673587973E+003   0.7120645595E+000
   1095200   0.8638858996E+003   0.7125325251E+000
   1095300   0.8568978462E+003   0.7134875506E+000
   1095400   0.8565453642E+003   0.7135362039E+000
   1095500   0.8592730794E+003   0.1069297625E+001
   1095600   0.8566422510E+003   0.1069838689E+001
   1095700   0.8529641852E+003   0.1070601654E+001
   1095800   0.8511270793E+003   0.1070985617E+001
   1095900   0.8424562382E+003   0.7155199092E+000
   1096000   0.8515835211E+003   0.7142260786E+000
   1096100   0.8675553410E+003   0.7120382059E+000
   1096200   0.8664049466E+003   0.1067850090E+001
   1096300   0.8602541893E+003   0.1069096834E+001
   1096400   0.8501082517E+003   0.1071199391E+001
   1096500   0.8644238535E+003   0.1068249399E+001
   1096600   0.8567929306E+003   0.1425816693E+001
   1096700   0.8584915999E+003   0.1425352051E+001
   1096800   0.8566544253E+003   0.1069836176E+001
   1096900   0.8667438738E+003   0.1067781988E+001
   1097000   0.8510742732E+003   0.1070996682E+001
   1097100   0.8543118528E+003   0.1070321209E+001
   1097200   0.8624524457E+003   0.1068648876E+001
   1097300   0.8641638639E+003   0.7124949088E+000
   1097400   0.8532672819E+003   0.7139909262E+000
   1097500   0.8490342331E+003   0.7145841822E+000
   1097600   0.8653898587E+003   0.7123293332E+000
   1097700   0.8560742693E+003   0.7136013025E+000
   1097800   0.8466680991E+003   0.1071925655E+001
   1097900   0.8489166336E+003   0.1071450181E+001
   1098000   0.8571739757E+003   0.7134494688E+000
   1098100   0.8583141367E+003   0.1069494397E+001
   1098200   0.8615474766E+003   0.7128500980E+000
   1098300   0.8652513958E+003   0.7123480058E+000
   1098400   0.8704927285E+003   0.7116459954E+000
   1098500   0.8643809536E+003   0.7124655501E+000
   1098600   0.8623344396E+003   0.7127429995E+000
   1098700   0.8602973665E+003   0.1069088010E+001
   1098800   0.8662258029E+003   0.7122167482E+000
   1098900   0.8575696356E+003   0.1069647519E+001
   1099000   0.8484512754E+003   0.1071548344E+001
   1099100   0.8614813438E+003   0.7128591085E+000
   1099200   0.8613666879E+003   0.7128747339E+000
   1099300   0.8746023970E+003   0.1066220142E+001
   1099400   0.8644522212E+003   0.7124559158E+000
   1099500   0.8424892778E+003   0.1072817185E+001
   1099600   0.8654220783E+003   0.3563091328E+000
   1099700   0.8578715173E+003   0.7133533961E+000
   1099800   0.8603123784E+003   0.3566571190E+000
   1099900   0.8601302523E+003   0.7130435452E+000
   1100000   0.8569790375E+003   0.3568867378E+000
