units		    real
atom_style	    full
boundary        p p p
pair_style	    lj/cut/coul/long 12
pair_modify     mix arithmetic tail yes
kspace_style    pppm 1e-6
bond_style      harmonic
angle_style     harmonic

read_data       ./data.lmp           # read the positions --------------comment it out for restarting
Reading data file ...
  orthogonal box = (0 0 0) to (54.965023 54.965023 54.965023)
  2 by 2 by 2 MPI processor grid
  reading atoms ...
  1500 atoms
  scanning bonds ...
  1 = max bonds/atom
  scanning angles ...
  1 = max angles/atom
  orthogonal box = (0 0 0) to (54.965023 54.965023 54.965023)
  2 by 2 by 2 MPI processor grid
  reading bonds ...
  1000 bonds
  reading angles ...
  500 angles
Finding 1-2 1-3 1-4 neighbors ...
  special bond factors lj:    0        0        0       
  special bond factors coul:  0        0        0       
     2 = max # of 1-2 neighbors
     1 = max # of 1-3 neighbors
     1 = max # of 1-4 neighbors
     2 = max # of special neighbors
  special bonds CPU = 0.000 seconds
  read_data CPU = 0.045 seconds
#read_restart   2.restart

#----------------------------------------------------------------------------#
# FORCEFIELD - TraPPE Flexible model for N2
#----------------------------------------------------------------------------#

pair_coeff      1   1  0.071539  3.310  # [N2]-L-[N2]
pair_coeff      2   2  0.0009936 0.5   # N2-[L]

bond_coeff      1   500 0.55            # [N2]-[L]

angle_coeff     1   50 180              # N2-N2_X-N2

mass 1 13.9067      # N2
mass 2  0.1         # N2_X

set type        1   charge     -0.482             # N2
Setting atom values ...
  1000 settings made for charge
set type        2   charge      0.964             # N2_X
Setting atom values ...
  500 settings made for charge

#------------------------ VARIABLES------------------------------------------#

variable  TEMP_INDEX       equal 300  # in K
variable  PRESS_INDEX      equal 140  # in bar
variable  RandomSeed       equal 25000  # RANDOM SEED
variable  nz_layers        equal 20
variable  nx_layers        equal 3
variable  timestep         equal 0.5

variable  simulationTemp   equal ${TEMP_INDEX}
variable  simulationTemp   equal 300
variable  pressure         equal 0.987*${PRESS_INDEX}
variable  pressure         equal 0.987*140

variable  Ninptpre         equal 50000
variable  Ninpt            equal 400000     # 0.2 ns
variable  npt_run          equal 2000000    # 1 ns
variable  NBR              equal ${npt_run}/100
variable  NBR              equal 2000000/100

variable  Density          equal density
variable  Volume           equal vol

variable  dumpfreq         equal 1000
variable  thermofreq       equal 1000
variable  printfreq        equal 1000
variable  restartfreq      equal 1000000

variable  NVT_init         equal 200000    # 0.1 ns
variable  NVT_init_2       equal 200000    # 0.1 ns
variable  NVE_reshape      equal 10000
variable  NVT_prod         equal 1000000   # 0.5 ns
variable  NVE_cuboid       equal 200000    # 0.1 ns

variable  thermo_num       equal 1000

#---------------------------- GROUPS/NEIGHBOUR - LIST -----------------------------------------------------------------------#

group           oxy  type 1
1000 atoms in group oxy
group           carb type 2
500 atoms in group carb

neighbor	    3.0 bin
neigh_modify    every 1 delay 0 check yes
run_style       verlet

#---------------------------- CONGUGATE-GRADIENT MINIMIZATION --------------------------------------------------------#

#minimize energytolerance forcetolerance max_iterations_of_minimizer max_number_of_force_or_energy_evaluations
minimize        1e-6 1e-8 100000 10000000
PPPM initialization ...
  using 12-bit tables for long-range coulomb (src/kspace.cpp:342)
  G vector (1/distance) = 0.2675861
  grid = 50 50 50
  stencil order = 5
  estimated absolute RMS force accuracy = 0.00039584402
  estimated relative force accuracy = 1.1920725e-06
  using single precision FFTW3
  3d grid and FFT values/proc = 32768 16250
Generated 1 of 1 mixed pair_coeff terms from arithmetic mixing rule
Last active /omp style is kspace_style pppm/omp
Neighbor list info ...
  update: every = 1 steps, delay = 0 steps, check = yes
  max neighbors/atom: 2000, page size: 100000
  master list distance cutoff = 15
  ghost atom cutoff = 15
  binsize = 7.5, bins = 8 8 8
  1 neighbor lists, perpetual/occasional/extra = 1 0 0
  (1) pair lj/cut/coul/long/omp, perpetual
      attributes: half, newton on, omp
      pair build: half/bin/newton/omp
      stencil: half/bin/3d
      bin: standard
Per MPI rank memory allocation (min/avg/max) = 9.757 | 9.787 | 9.817 Mbytes
   Step          Temp          E_pair         E_mol          TotEng         Press     
         0   0              13.07258       1.4941382e-05  13.072595      255.08911    
      9001   0             -525.61491      0.31230724    -525.30261     -9.7387309    
Loop time of 50.9558 on 8 procs for 9001 steps with 1500 atoms

99.2% CPU use with 8 MPI tasks x 1 OpenMP threads

Minimization stats:
  Stopping criterion = energy tolerance
  Energy initial, next-to-last, final = 
      13.0725954212713  -525.302547005264  -525.302606450238
  Force two-norm initial, final = 99.496544 0.52539965
  Force max component initial, final = 12.457849 0.10334814
  Final line search alpha, max atom move = 0.59392817 0.061381369
  Iterations, force evaluations = 9001 18001

MPI task timing breakdown:
Section |  min time  |  avg time  |  max time  |%varavg| %total
---------------------------------------------------------------
Pair    | 3.2922     | 6.2217     | 8.8095     |  84.6 | 12.21
Bond    | 0.11575    | 0.15117    | 0.1844     |   6.7 |  0.30
Kspace  | 40.219     | 42.836     | 45.818     |  32.7 | 84.07
Neigh   | 0.01887    | 0.018994   | 0.019167   |   0.1 |  0.04
Comm    | 1.3107     | 1.3409     | 1.3614     |   1.4 |  2.63
Output  | 0          | 0          | 0          |   0.0 |  0.00
Modify  | 0.034175   | 0.037147   | 0.04001    |   1.0 |  0.07
Other   |            | 0.3499     |            |       |  0.69

Nlocal:          187.5 ave         262 max         122 min
Histogram: 2 1 1 0 1 0 0 0 1 2
Nghost:        1604.88 ave        1667 max        1506 min
Histogram: 1 0 1 0 1 0 0 2 1 2
Neighs:        18354.6 ave       27051 max        7425 min
Histogram: 1 2 0 0 0 1 0 1 0 3

Total # of neighbors = 146837
Ave neighs/atom = 97.891333
Ave special neighs/atom = 2
Neighbor list builds = 40
Dangerous builds = 0

#---------------------------- NPT simulations  ---------------------------------------------------------------------#

fix runnpt all npt temp ${simulationTemp} ${simulationTemp} 10 iso ${pressure} ${pressure} 100
fix runnpt all npt temp 300 ${simulationTemp} 10 iso ${pressure} ${pressure} 100
fix runnpt all npt temp 300 300 10 iso ${pressure} ${pressure} 100
fix runnpt all npt temp 300 300 10 iso 138.18 ${pressure} 100
fix runnpt all npt temp 300 300 10 iso 138.18 138.18 100

thermo_style custom step pe ke etotal press temp v_Density
thermo_modify flush yes
thermo ${thermo_num}
thermo 1000

velocity all create ${simulationTemp} ${RandomSeed} mom yes rot yes dist gaussian
velocity all create 300 ${RandomSeed} mom yes rot yes dist gaussian
velocity all create 300 25000 mom yes rot yes dist gaussian

#-----------------------
# Run (Pre-Initialization)
#-----------------------

timestep    0.1
run         ${Ninptpre}
run         50000
PPPM initialization ...
  using 12-bit tables for long-range coulomb (src/kspace.cpp:342)
  G vector (1/distance) = 0.2675861
  grid = 50 50 50
  stencil order = 5
  estimated absolute RMS force accuracy = 0.00039584402
  estimated relative force accuracy = 1.1920725e-06
  using single precision FFTW3
  3d grid and FFT values/proc = 32768 16250
Generated 1 of 1 mixed pair_coeff terms from arithmetic mixing rule
Last active /omp style is kspace_style pppm/omp
Per MPI rank memory allocation (min/avg/max) = 8.649 | 8.671 | 8.693 Mbytes
   Step         PotEng         KinEng         TotEng         Press           Temp        v_Density   
      9001  -525.30261      1340.4703      815.16767      359.26504      300            0.13956373   
     10000   283.32948      1166.8658      1450.1952      231.45347      261.14695      0.11644871   
     11000   109.34244      1429.5192      1538.8616      183.94006      319.92933      0.10306673   
     12000   241.13571      1311.9459      1553.0816      114.39027      293.61619      0.10202929   
     13000   235.6758       1317.0575      1552.7333      132.32479      294.76017      0.10597518   
     14000   195.46584      1393.1074      1588.5733      167.14978      311.7803       0.10909058   
     15000   296.90634      1273.8511      1570.7574      84.174953      285.09049      0.11347205   
     16000   186.98169      1421.6654      1608.6471      156.69613      318.17164      0.11943266   
     17000   310.91113      1279.1074      1590.0186      107.23741      286.26687      0.12433511   
     18000   199.93787      1414.8397      1614.7776      172.07626      316.64403      0.13219693   
     19000   281.03955      1297.1157      1578.1553      117.16086      290.29716      0.13518418   
     20000   267.89689      1331.43        1599.3269      122.94234      297.97676      0.13777142   
     21000   270.63541      1314.0353      1584.6707      160.33958      294.08379      0.14263081   
     22000   300.39111      1305.5051      1605.8962      139.13567      292.17471      0.13809925   
     23000   282.87387      1319.4882      1602.3621      135.68442      295.30417      0.13530774   
     24000   326.98093      1310.3491      1637.33        122.373        293.25882      0.14108956   
     25000   302.17304      1341.6157      1643.7888      132.91668      300.25635      0.14477936   
     26000   341.496        1294.2334      1635.7294      124.5775       289.65208      0.14008557   
     27000   334.23539      1307.8628      1642.0982      149.71962      292.70238      0.13397835   
     28000   355.96972      1316.1224      1672.0921      144.88735      294.55089      0.13249601   
     29000   328.00182      1342.6467      1670.6486      119.16987      300.4871       0.14277373   
     30000   341.99417      1359.963       1701.9572      116.43773      304.36252      0.14111305   
     31000   347.89879      1356.1129      1704.0117      155.74397      303.50086      0.135282     
     32000   368.48951      1363.8672      1732.3567      147.44993      305.23629      0.13553722   
     33000   363.93005      1335.0836      1699.0137      121.9013       298.79446      0.13662911   
     34000   327.23256      1380.8434      1708.0759      137.0442       309.03558      0.13651276   
     35000   353.54092      1347.951       1701.4919      163.5666       301.6742       0.13509218   
     36000   343.93499      1390.0427      1733.9777      172.66741      311.09441      0.12972383   
     37000   384.25849      1395.136       1779.3945      111.13518      312.23431      0.12571019   
     38000   383.57792      1343.4397      1727.0176      83.54799       300.66457      0.12369244   
     39000   373.24726      1349.1264      1722.3737      214.07878      301.93726      0.12934057   
     40000   354.90708      1333.0806      1687.9877      179.4438       298.34618      0.13057552   
     41000   356.27175      1343.0335      1699.3053      55.398652      300.57366      0.1419154    
     42000   331.44889      1347.9717      1679.4206      117.95526      301.67884      0.13800501   
     43000   351.4558       1337.3531      1688.8089      215.06255      299.30236      0.13572802   
     44000   353.05867      1277.6995      1630.7582      142.66603      285.95177      0.12940284   
     45000   383.60057      1286.5463      1670.1469      76.609021      287.93171      0.12874514   
     46000   375.69105      1281.6071      1657.2982      132.47447      286.8263       0.12857118   
     47000   370.42963      1335.0442      1705.4738      165.31169      298.78562      0.12489505   
     48000   377.858        1324.468       1702.326       133.14282      296.41865      0.13175037   
     49000   350.44903      1329.2701      1679.7191      115.54448      297.49337      0.13140742   
     50000   377.06461      1291.3705      1668.4351      134.66834      289.01137      0.12885602   
     51000   357.48157      1296.5616      1654.0432      182.34089      290.17315      0.13296893   
     52000   386.2239       1328.4755      1714.6994      121.11986      297.31555      0.13304308   
     53000   397.64644      1360.6445      1758.291       71.947623      304.51504      0.12384752   
     54000   399.20817      1351.2092      1750.4174      170.81747      302.40339      0.12771732   
     55000   387.00394      1356.1487      1743.1526      151.95902      303.50885      0.12525894   
     56000   377.42123      1379.3537      1756.7749      112.40512      308.70219      0.12437163   
     57000   386.20265      1343.7794      1729.9821      150.59684      300.7406       0.13369796   
     58000   356.57006      1315.3038      1671.8738      181.37435      294.36769      0.13271727   
     59000   354.45628      1332.4827      1686.939       144.62149      298.21236      0.13132337   
     59001   361.9645       1325.2678      1687.2323      139.88889      296.59766      0.13132305   
Loop time of 268.214 on 8 procs for 50000 steps with 1500 atoms

Performance: 1.611 ns/day, 14.901 hours/ns, 186.418 timesteps/s, 279.628 katom-step/s
99.4% CPU use with 8 MPI tasks x 1 OpenMP threads

MPI task timing breakdown:
Section |  min time  |  avg time  |  max time  |%varavg| %total
---------------------------------------------------------------
Pair    | 5.3481     | 8.5429     | 11.616     |  61.1 |  3.19
Bond    | 0.39914    | 0.49366    | 0.58162    |   7.2 |  0.18
Kspace  | 121.95     | 125.1      | 128.38     |  16.4 | 46.64
Neigh   | 0.042407   | 0.042575   | 0.042733   |   0.1 |  0.02
Comm    | 3.8279     | 3.9027     | 3.9829     |   2.3 |  1.46
Output  | 0.0022715  | 0.0024276  | 0.0034797  |   0.8 |  0.00
Modify  | 110.83     | 120.46     | 129.48     |  55.7 | 44.91
Other   |            | 9.666      |            |       |  3.60

Nlocal:          187.5 ave         226 max         142 min
Histogram: 1 1 1 1 0 0 0 1 1 2
Nghost:        1470.25 ave        1523 max        1412 min
Histogram: 1 1 1 0 1 0 0 2 1 1
Neighs:        11490.4 ave       15386 max        7378 min
Histogram: 2 1 1 0 0 0 0 1 0 3

Total # of neighbors = 91923
Ave neighs/atom = 61.282
Ave special neighs/atom = 2
Neighbor list builds = 90
Dangerous builds = 0

timestep    0.25
run         ${Ninptpre}
run         50000
PPPM initialization ...
  using 12-bit tables for long-range coulomb (src/kspace.cpp:342)
  G vector (1/distance) = 0.26648581
  grid = 50 50 50
  stencil order = 5
  estimated absolute RMS force accuracy = 0.00041945057
  estimated relative force accuracy = 1.2631629e-06
  using single precision FFTW3
  3d grid and FFT values/proc = 32768 16250
Generated 1 of 1 mixed pair_coeff terms from arithmetic mixing rule
Last active /omp style is kspace_style pppm/omp
Per MPI rank memory allocation (min/avg/max) = 8.649 | 8.671 | 8.693 Mbytes
   Step         PotEng         KinEng         TotEng         Press           Temp        v_Density   
     59001   361.9647       1325.2678      1687.2325      139.88846      296.59766      0.13132305   
     60000   384.49245      1310.6673      1695.1597      107.51593      293.33002      0.14045047   
     61000   390.05043      1316.0077      1706.0582      65.313057      294.52523      0.13268485   
     62000   385.00972      1326.4563      1711.466       101.84822      296.86364      0.128833     
     63000   395.3095       1357.1192      1752.4287      146.09978      303.72606      0.12339354   
     64000   378.19271      1330.9716      1709.1643      193.71102      297.87418      0.12784845   
     65000   374.92896      1317.0346      1691.9636      158.62227      294.75505      0.12644631   
     66000   382.9344       1326.8958      1709.8302      124.67195      296.962        0.13594105   
     67000   391.4139       1320.4529      1711.8668      99.885721      295.52008      0.12573227   
     68000   363.97894      1330.6678      1694.6467      128.59828      297.80619      0.13851782   
     69000   397.43576      1383.579       1781.0147      121.90581      309.64781      0.12699457   
     70000   391.4157       1377.6524      1769.0681      158.87597      308.32144      0.13414931   
     71000   407.66184      1376.4773      1784.1391      165.14204      308.05844      0.12878803   
     72000   404.93549      1367.5573      1772.4928      165.30797      306.06213      0.13452865   
     73000   404.04908      1357.3224      1761.3715      129.42542      303.77155      0.12060827   
     74000   382.74387      1316.7119      1699.4557      101.65796      294.68282      0.12973841   
     75000   377.99751      1307.1666      1685.1641      76.845009      292.54657      0.13576516   
     76000   391.95556      1320.7783      1712.7338      78.248903      295.59289      0.1242568    
     77000   385.90558      1313.2998      1699.2054      178.58403      293.91919      0.1354809    
     78000   400.42565      1337.427       1737.8527      225.61185      299.31892      0.12848032   
     79000   392.74079      1328.1709      1720.9117      185.67577      297.24738      0.1315101    
     80000   393.78607      1340.2923      1734.0784      110.52323      299.96018      0.13474431   
     81000   413.11558      1354.6435      1767.7591      59.253517      303.17199      0.1301562    
     82000   396.32256      1337.8796      1734.2021      118.86743      299.4202       0.13969144   
     83000   390.65609      1381.1949      1771.851       157.74701      309.11425      0.13989751   
     84000   379.98586      1340.0053      1719.9911      214.89043      299.89593      0.1425365    
     85000   369.61548      1343.5416      1713.157       169.16768      300.68736      0.13894556   
     86000   376.12033      1313.9391      1690.0595      147.34756      294.06228      0.14422975   
     87000   388.26259      1346.1557      1734.4183      99.259491      301.27241      0.13166035   
     88000   400.31484      1376.393       1776.7078      114.75164      308.03957      0.13443131   
     89000   398.92677      1319.1461      1718.0728      150.97663      295.2276       0.13740608   
     90000   357.11078      1328.1587      1685.2695      182.29498      297.24465      0.14398363   
     91000   402.11139      1367.5497      1769.6611      180.09923      306.06043      0.1349356    
     92000   399.70719      1341.8083      1741.5155      117.89339      300.29945      0.13826325   
     93000   394.1773       1343.9445      1738.1218      70.166202      300.77754      0.13399989   
     94000   393.55713      1312.0695      1705.6267      83.823675      293.64386      0.13692193   
     95000   370.88639      1294.2684      1665.1548      156.57762      289.65992      0.13706753   
     96000   369.7294       1375.5165      1745.2459      257.16138      307.84342      0.14676938   
     97000   406.199        1360.8081      1767.0071      239.5565       304.55165      0.13665474   
     98000   385.14816      1359.6198      1744.768       134.07677      304.2857       0.13177141   
     99000   399.31382      1346.8556      1746.1694      78.327677      301.42904      0.1289958    
    100000   407.69682      1310.3828      1718.0796      106.1464       293.26636      0.13891052   
    101000   400.40789      1349.4424      1749.8503      158.0941       302.00798      0.14391043   
    102000   383.4078       1340.8315      1724.2393      180.95938      300.08083      0.12903858   
    103000   399.15658      1261.7541      1660.9107      177.64661      282.38317      0.13410712   
    104000   410.43252      1315.2147      1725.6472      141.36932      294.34774      0.13830167   
    105000   402.30841      1325.3264      1727.6348      107.45862      296.61077      0.1354319    
    106000   422.84586      1394.5706      1817.4165      84.423648      312.10776      0.13256089   
    107000   393.19034      1308.142       1701.3323      125.12301      292.76487      0.13210711   
    108000   396.74056      1317.5746      1714.3152      212.16872      294.87591      0.1354049    
    109000   409.84885      1385.6284      1795.4772      246.53784      310.10647      0.13259476   
    109001   427.35741      1370.813       1798.1704      237.16012      306.79076      0.13259392   
Loop time of 263.82 on 8 procs for 50000 steps with 1500 atoms

Performance: 4.094 ns/day, 5.863 hours/ns, 189.523 timesteps/s, 284.285 katom-step/s
99.4% CPU use with 8 MPI tasks x 1 OpenMP threads

MPI task timing breakdown:
Section |  min time  |  avg time  |  max time  |%varavg| %total
---------------------------------------------------------------
Pair    | 6.5991     | 7.5747     | 8.6825     |  24.5 |  2.87
Bond    | 0.45424    | 0.49664    | 0.53892    |   3.9 |  0.19
Kspace  | 120.92     | 122.07     | 123.12     |   6.3 | 46.27
Neigh   | 0.092514   | 0.092753   | 0.092901   |   0.0 |  0.04
Comm    | 3.7775     | 3.8508     | 3.9165     |   2.2 |  1.46
Output  | 0.0021647  | 0.0023357  | 0.0034395  |   0.9 |  0.00
Modify  | 111.73     | 120.52     | 129.15     |  53.2 | 45.68
Other   |            | 9.218      |            |       |  3.49

Nlocal:          187.5 ave         216 max         149 min
Histogram: 1 1 0 0 1 1 0 2 1 1
Nghost:           1464 ave        1517 max        1423 min
Histogram: 1 0 2 1 1 2 0 0 0 1
Neighs:        11400.4 ave       13958 max        7993 min
Histogram: 1 0 1 0 1 0 3 0 1 1

Total # of neighbors = 91203
Ave neighs/atom = 60.802
Ave special neighs/atom = 2
Neighbor list builds = 202
Dangerous builds = 0

timestep    0.5
run         ${Ninptpre}
run         50000
PPPM initialization ...
  using 12-bit tables for long-range coulomb (src/kspace.cpp:342)
  G vector (1/distance) = 0.26666241
  grid = 50 50 50
  stencil order = 5
  estimated absolute RMS force accuracy = 0.00041559618
  estimated relative force accuracy = 1.2515556e-06
  using single precision FFTW3
  3d grid and FFT values/proc = 32768 16250
Generated 1 of 1 mixed pair_coeff terms from arithmetic mixing rule
Last active /omp style is kspace_style pppm/omp
Per MPI rank memory allocation (min/avg/max) = 8.649 | 8.671 | 8.693 Mbytes
   Step         PotEng         KinEng         TotEng         Press           Temp        v_Density   
    109001   427.35734      1370.813       1798.1703      237.16005      306.79076      0.13259392   
    110000   459.00705      1355.7124      1814.7195      104.8814       303.41122      0.15677193   
    111000   464.8445       1316.4232      1781.2677      116.17114      294.61822      0.15291051   
    112000   488.36894      1333.5408      1821.9098      246.44744      298.44917      0.14880703   
    113000   459.8311       1393.0779      1852.909       141.20133      311.77369      0.15401056   
    114000   445.96273      1346.1804      1792.1431      16.233777      301.27794      0.15199769   
    115000   479.16575      1360.4753      1839.641       202.46363      304.47716      0.15794015   
    116000   481.82669      1344.6123      1826.439       218.51161      300.927        0.15812626   
    117000   462.10444      1329.1924      1791.2968      68.451503      297.47598      0.16080041   
    118000   498.77892      1317.5146      1816.2935      167.94777      294.86246      0.154097     
    119000   489.91738      1334.3294      1824.2468      158.03742      298.62566      0.15727765   
    120000   471.07709      1365.1548      1836.2319      80.214233      305.52446      0.15500816   
    121000   448.90484      1343.1852      1792.09        119.42844      300.6076       0.16090508   
    122000   467.12332      1378.8537      1845.9771      193.90511      308.5903       0.161719     
    123000   483.23352      1330.709       1813.9425      122.10885      297.8154       0.1673187    
    124000   442.08015      1356.3421      1798.4223      140.15111      303.55215      0.17067396   
    125000   465.19659      1366.9781      1832.1747      163.03471      305.9325       0.16528357   
    126000   483.95393      1321.1249      1805.0788      129.29327      295.67047      0.15357712   
    127000   485.30619      1352.0096      1837.3158      74.795891      302.58253      0.15665926   
    128000   495.5094       1304.0081      1799.5175      184.73655      291.83969      0.1543899    
    129000   471.05357      1368.7641      1839.8177      75.953071      306.33223      0.15927154   
    130000   471.14787      1344.1072      1815.2551      118.8569       300.81395      0.15859177   
    131000   489.40558      1291.8733      1781.2789      145.35573      289.1239       0.15204136   
    132000   497.26894      1311.8863      1809.1553      162.45562      293.60285      0.163242     
    133000   497.25212      1350.1136      1847.3657      126.43954      302.15819      0.15669256   
    134000   478.73492      1389.1812      1867.9161      126.64196      310.90161      0.152786     
    135000   481.48084      1336.5036      1817.9844      213.83791      299.11225      0.15863911   
    136000   452.99715      1342.4675      1795.4646      60.020469      300.44697      0.16777679   
    137000   491.5865       1320.5562      1812.1427      79.145765      295.54319      0.15785166   
    138000   473.62588      1381.0333      1854.6591      294.31924      309.07808      0.14643048   
    139000   476.07485      1382.4793      1858.5542      134.34941      309.40171      0.15393534   
    140000   440.01773      1368.2257      1808.2434      63.801787      306.21172      0.16899333   
    141000   474.72522      1336.464       1811.1893      189.25506      299.1034       0.15500533   
    142000   465.48242      1360.7543      1826.2367      120.35664      304.5396       0.15971294   
    143000   466.75276      1355.0881      1821.8408      119.65453      303.27149      0.15389236   
    144000   469.23471      1342.8268      1812.0615      171.61468      300.5274       0.16145738   
    145000   465.83211      1334.7389      1800.571       127.44439      298.71731      0.14934266   
    146000   454.40553      1351.8758      1806.2813      222.82009      302.55257      0.16794984   
    147000   512.52989      1322.9471      1835.4769      107.75179      296.07827      0.14935723   
    148000   489.0394       1287.3475      1776.3869      121.07456      288.11101      0.16055075   
    149000   477.53947      1319.1132      1796.6527      183.89904      295.22025      0.15747308   
    150000   452.91798      1329.6591      1782.5771      146.974        297.58044      0.16396544   
    151000   452.64659      1316.7926      1769.4392      79.067928      294.70088      0.15163456   
    152000   464.612        1355.9728      1820.5848      290.71048      303.4695       0.16002778   
    153000   460.71303      1356.6136      1817.3266      171.38173      303.61291      0.17074378   
    154000   509.25287      1300.9243      1810.1772      93.036762      291.14953      0.15143208   
    155000   502.23747      1312.9479      1815.1853      201.08178      293.84043      0.14907571   
    156000   483.21174      1373.1196      1856.3313      169.33702      307.30697      0.15794755   
    157000   514.85736      1355.3667      1870.2241      18.224539      303.33385      0.16011667   
    158000   471.05075      1337.6596      1808.7104      189.87181      299.37097      0.15197862   
    159000   478.98511      1371.2776      1850.2627      162.82486      306.89475      0.15346104   
    159001   504.22339      1361.0703      1865.2937      145.68633      304.61034      0.15340949   
Loop time of 265.823 on 8 procs for 50000 steps with 1500 atoms

Performance: 8.126 ns/day, 2.954 hours/ns, 188.095 timesteps/s, 282.143 katom-step/s
99.4% CPU use with 8 MPI tasks x 1 OpenMP threads

MPI task timing breakdown:
Section |  min time  |  avg time  |  max time  |%varavg| %total
---------------------------------------------------------------
Pair    | 8.2615     | 8.6343     | 9.2451     |   9.7 |  3.25
Bond    | 0.47274    | 0.49923    | 0.52797    |   2.6 |  0.19
Kspace  | 121.61     | 122.26     | 122.68     |   2.8 | 45.99
Neigh   | 0.1846     | 0.18512    | 0.18576    |   0.1 |  0.07
Comm    | 4.069      | 4.1406     | 4.2049     |   2.3 |  1.56
Output  | 0.0021873  | 0.0024156  | 0.0038267  |   1.1 |  0.00
Modify  | 110.91     | 120.4      | 129.67     |  55.8 | 45.29
Other   |            | 9.699      |            |       |  3.65

Nlocal:          187.5 ave         214 max         144 min
Histogram: 1 0 1 0 1 0 1 0 2 2
Nghost:           1661 ave        1729 max        1615 min
Histogram: 1 1 2 0 1 0 2 0 0 1
Neighs:        13423.8 ave       15785 max       10235 min
Histogram: 2 1 0 0 0 0 0 3 0 2

Total # of neighbors = 107390
Ave neighs/atom = 71.593333
Ave special neighs/atom = 2
Neighbor list builds = 390
Dangerous builds = 0

#-----------------------
# Run (Initialization)
#-----------------------

unfix       runnpt
reset_timestep 0

fix runnpt all npt temp ${simulationTemp} ${simulationTemp} 100 iso ${pressure} ${pressure} 1000
fix runnpt all npt temp 300 ${simulationTemp} 100 iso ${pressure} ${pressure} 1000
fix runnpt all npt temp 300 300 100 iso ${pressure} ${pressure} 1000
fix runnpt all npt temp 300 300 100 iso 138.18 ${pressure} 1000
fix runnpt all npt temp 300 300 100 iso 138.18 138.18 1000

timestep    ${timestep}
timestep    0.5
run         ${Ninpt}
run         400000
PPPM initialization ...
  using 12-bit tables for long-range coulomb (src/kspace.cpp:342)
  G vector (1/distance) = 0.2692227
  grid = 50 50 50
  stencil order = 5
  estimated absolute RMS force accuracy = 0.00036250037
  estimated relative force accuracy = 1.0916591e-06
  using single precision FFTW3
  3d grid and FFT values/proc = 32768 16250
Generated 1 of 1 mixed pair_coeff terms from arithmetic mixing rule
Last active /omp style is kspace_style pppm/omp
Per MPI rank memory allocation (min/avg/max) = 8.65 | 8.672 | 8.694 Mbytes
   Step         PotEng         KinEng         TotEng         Press           Temp        v_Density   
         0   504.22268      1361.0703      1865.293       145.68686      304.61034      0.15340949   
      1000   484.62492      1357.1047      1841.7297      133.25508      303.72282      0.15317576   
      2000   464.45431      1315.9307      1780.385       128.03018      294.50799      0.15490765   
      3000   434.62767      1330.4707      1765.0983      162.93093      297.76206      0.15873127   
      4000   449.41624      1322.8226      1772.2389      199.0797       296.05042      0.16125583   
      5000   493.21681      1309.9183      1803.1351      205.59643      293.1624       0.16162958   
      6000   472.52704      1292.517       1765.044       225.03309      289.26796      0.15737231   
      7000   514.35975      1345.6156      1859.9754      226.7167       301.15154      0.15211005   
      8000   491.76031      1363.4135      1855.1738      214.12691      305.13474      0.14734125   
      9000   518.93417      1348.429       1867.3632      178.55026      301.78118      0.14579552   
     10000   502.19219      1381.0777      1883.2699      183.7166       309.08803      0.14874367   
     11000   497.55422      1424.3365      1921.8907      210.71595      318.76943      0.15314817   
     12000   492.59378      1355.0491      1847.6429      180.19115      303.26277      0.15488336   
     13000   496.65944      1332.2799      1828.9393      141.21286      298.16697      0.15474951   
     14000   463.87211      1321.9318      1785.8039      144.89594      295.85105      0.15452203   
     15000   481.95473      1321.5364      1803.4911      103.1178       295.76256      0.15407185   
     16000   480.41441      1304.8244      1785.2388      93.278432      292.02238      0.15384555   
     17000   469.57333      1299.8824      1769.4557      117.80888      290.91635      0.1536758    
     18000   482.24859      1353.5301      1835.7787      185.44729      302.92282      0.15463973   
     19000   519.76458      1315.0822      1834.8468      219.08656      294.31809      0.15506729   
     20000   482.29185      1301.8023      1784.0942      209.03862      291.34603      0.15459119   
     21000   490.87105      1323.8455      1814.7166      111.98713      296.27935      0.15251108   
     22000   487.75233      1295.5165      1783.2689      56.089767      289.93926      0.15091974   
     23000   482.91821      1333.0384      1815.9566      48.689319      298.33672      0.15094583   
     24000   477.24636      1348.2469      1825.4933      92.90424       301.74043      0.15428984   
     25000   504.5197       1327.5566      1832.0763      138.02336      297.10989      0.1612174    
     26000   487.75507      1381.0627      1868.8178      210.343        309.08467      0.16464927   
     27000   472.76429      1369.336       1842.1003      213.75239      306.46021      0.1623303    
     28000   464.71342      1351.8673      1816.5807      204.53047      302.55068      0.15808664   
     29000   480.16532      1375.2001      1855.3655      183.80286      307.77261      0.15416172   
     30000   481.68705      1405.4509      1887.1379      158.7451       314.54279      0.15173665   
     31000   485.93181      1406.178       1892.1098      124.1778       314.70552      0.15144346   
     32000   489.684        1378.407       1868.091       80.276136      308.49031      0.15132597   
     33000   499.75705      1346.6191      1846.3762      43.204811      301.37613      0.15322313   
     34000   498.27098      1332.4636      1830.7346      70.764192      298.20809      0.15598527   
     35000   475.77414      1314.8334      1790.6075      91.233434      294.26241      0.15672842   
     36000   458.13809      1292.4904      1750.6285      173.9006       289.262        0.15775029   
     37000   470.66169      1305.692       1776.3537      213.47623      292.21654      0.15797208   
     38000   505.54189      1301.944       1807.4859      204.73896      291.37773      0.15997164   
     39000   454.54361      1337.3128      1791.8564      219.46549      299.29334      0.16373796   
     40000   449.09372      1303.614       1752.7077      143.57393      291.75149      0.16754331   
     41000   480.64387      1296.6736      1777.3175      103.02051      290.19822      0.17023422   
     42000   476.86001      1329.5093      1806.3693      28.945089      297.5469       0.16844944   
     43000   465.87542      1340.119       1805.9944      36.748655      299.92139      0.16380827   
     44000   444.84339      1374.4789      1819.3223      100.80219      307.61121      0.15918234   
     45000   489.25222      1370.9868      1860.239       105.04407      306.82965      0.15333733   
     46000   519.11344      1395.946       1915.0595      149.95893      312.41558      0.15167999   
     47000   479.36536      1399.5051      1878.8704      220.17436      313.21211      0.15242066   
     48000   451.71739      1394.54        1846.2574      291.53534      312.10092      0.15557181   
     49000   485.05093      1339.183       1824.2339      280.58818      299.7119       0.15746571   
     50000   483.9787       1370.8975      1854.8762      247.68505      306.80969      0.15878525   
     51000   476.92734      1368.4238      1845.3512      164.40884      306.25606      0.15748606   
     52000   481.05768      1345.548       1826.6057      82.797393      301.1364       0.15436949   
     53000   510.30637      1281.074       1791.3804      15.326441      286.70699      0.1489317    
     54000   509.00324      1306.3622      1815.3654     -14.116428      292.36654      0.14634594   
     55000   502.35879      1332.8494      1835.2082      42.39718       298.29443      0.1497776    
     56000   491.27834      1322.835       1814.1133      129.18244      296.05319      0.15696055   
     57000   472.70079      1331.5761      1804.2769      183.48632      298.00946      0.16055949   
     58000   473.16294      1316.1114      1789.2743      249.23152      294.54843      0.15714312   
     59000   467.15015      1344.4492      1811.5994      284.22788      300.89049      0.15359566   
     60000   494.00576      1348.2754      1842.2811      203.82001      301.7468       0.15183049   
     61000   473.42467      1342.0142      1815.4389      102.5338       300.34553      0.15035444   
     62000   488.8672       1315.081       1803.9482      19.492112      294.31782      0.14951358   
     63000   500.54006      1307.505       1808.045       34.1491        292.6223       0.15107262   
     64000   470.82167      1359.2017      1830.0234      118.85895      304.19214      0.15605387   
     65000   462.6839       1363.9303      1826.6142      217.23176      305.25041      0.16126996   
     66000   468.16929      1384.8287      1852.998       267.64245      309.92751      0.16186673   
     67000   504.7364       1375.9795      1880.7159      241.99701      307.94703      0.15897089   
     68000   480.53013      1404.5823      1885.1124      221.41023      314.34839      0.1556154    
     69000   483.25303      1336.7435      1819.9965      158.30139      299.16594      0.15421587   
     70000   489.66655      1346.5167      1836.1832      112.46902      301.35319      0.154766     
     71000   493.81299      1339.4313      1833.2443      85.890785      299.76748      0.15534513   
     72000   503.65005      1340.0808      1843.7308      83.144007      299.91283      0.15589894   
     73000   476.18113      1359.8062      1835.9873      119.99219      304.32742      0.1538844    
     74000   478.96721      1343.9978      1822.965       124.98451      300.78947      0.15094908   
     75000   483.67273      1345.1234      1828.7961      166.94552      301.04137      0.15026553   
     76000   482.00283      1326.1325      1808.1354      175.21632      296.79118      0.15167319   
     77000   459.14229      1311.1815      1770.3238      167.19834      293.44511      0.15638245   
     78000   460.20555      1318.9665      1779.172       143.65253      295.1874       0.16294872   
     79000   454.63284      1295.8709      1750.5037      108.9531       290.01856      0.163528     
     80000   460.73281      1325.189       1785.9218      113.08828      296.58001      0.1599496    
     81000   492.66196      1345.3527      1838.0147      95.737301      301.09269      0.15569045   
     82000   489.17335      1352.7006      1841.874       162.33916      302.73717      0.15335256   
     83000   492.26289      1369.626       1861.8888      194.84209      306.5251       0.15301463   
     84000   490.62541      1386.3474      1876.9728      157.49567      310.2674       0.15247877   
     85000   528.57829      1389.7149      1918.2932      122.23272      311.02104      0.154227     
     86000   499.3737       1373.0272      1872.4009      91.295397      307.2863       0.15822187   
     87000   493.30807      1361.5287      1854.8367      69.092037      304.71291      0.16362397   
     88000   480.45547      1339.0136      1819.4691      88.036209      299.674        0.17118421   
     89000   448.74226      1346.6023      1795.3446      158.9072       301.37236      0.17520498   
     90000   466.93322      1377.4756      1844.4088      145.62879      308.28187      0.16838916   
     91000   488.50377      1327.2793      1815.7831      169.6264       297.04784      0.15997011   
     92000   505.05733      1329.7004      1834.7578      120.08228      297.58969      0.15576289   
     93000   487.23114      1314.0806      1801.3117      94.082298      294.09393      0.1532959    
     94000   514.2955       1312.7217      1827.0172      84.859171      293.78981      0.15204722   
     95000   488.91363      1364.7397      1853.6533      107.38175      305.43155      0.14894921   
     96000   475.40742      1353.3642      1828.7716      111.74136      302.88568      0.14632869   
     97000   459.49257      1301.7372      1761.2298      140.9859       291.33146      0.14753696   
     98000   512.22729      1300.8548      1813.0821      168.42345      291.13398      0.15291215   
     99000   493.91758      1314.2455      1808.1631      179.35366      294.13085      0.16045794   
    100000   466.30075      1326.3495      1792.6502      176.24763      296.83974      0.16289466   
    101000   460.956        1300.7052      1761.6612      125.38931      291.1005       0.16249383   
    102000   459.94868      1329.8481      1789.7967      92.048643      297.62273      0.1615901    
    103000   459.82353      1332.6279      1792.4514      72.171646      298.24486      0.16113272   
    104000   474.16935      1312.2539      1786.4232      66.956089      293.68511      0.15927674   
    105000   492.61838      1287.6989      1780.3173      83.26265       288.18966      0.15755551   
    106000   470.28126      1267.3822      1737.6634      134.43942      283.64273      0.15746231   
    107000   460.32126      1328.3732      1788.6944      140.65879      297.29264      0.15751325   
    108000   478.22226      1309.7309      1787.9532      113.4906       293.12047      0.15857313   
    109000   456.07637      1304.3259      1760.4023      131.02039      291.91081      0.15993613   
    110000   461.29178      1295.0716      1756.3634      119.64357      289.83968      0.16000328   
    111000   495.17511      1355.0665      1850.2416      101.08567      303.26666      0.16055535   
    112000   493.41542      1340.1816      1833.597       111.73109      299.93539      0.16105685   
    113000   493.15496      1369.5142      1862.6691      151.63704      306.50008      0.16373747   
    114000   472.08167      1348.0514      1820.1331      171.58553      301.69667      0.16672474   
    115000   425.11892      1409.3383      1834.4572      161.56649      315.4128       0.16784157   
    116000   490.2897       1372.1558      1862.4456      157.61146      307.0913       0.16475505   
    117000   492.37209      1348.5987      1840.9708      174.7419       301.81915      0.15900458   
    118000   479.66571      1363.6273      1843.293       163.30509      305.18259      0.15484902   
    119000   497.18818      1367.7669      1864.955       173.50748      306.10903      0.15479665   
    120000   490.35129      1339.2468      1829.5981      160.4894       299.72618      0.15575968   
    121000   470.74018      1354.1444      1824.8846      178.61258      303.06029      0.1583536    
    122000   493.24518      1342.8899      1836.1351      138.27908      300.54151      0.16214725   
    123000   471.08883      1371.4646      1842.5534      121.36067      306.93659      0.16554721   
    124000   463.47358      1347.2571      1810.7307      180.74218      301.5189       0.16627989   
    125000   496.61996      1391.2581      1887.878       161.61263      311.36641      0.15912176   
    126000   494.58511      1370.5527      1865.1378      167.44248      306.7325       0.15285976   
    127000   479.40545      1372.0653      1851.4707      137.03718      307.07102      0.15019241   
    128000   490.40384      1331.0648      1821.4686      108.65171      297.89503      0.15024627   
    129000   469.48757      1296.7666      1766.2542      108.07082      290.21903      0.15076502   
    130000   465.54463      1302.9902      1768.5349      139.17522      291.61189      0.15231662   
    131000   489.01008      1323.5021      1812.5122      198.69459      296.20248      0.15312578   
    132000   496.00846      1344.0297      1840.0382      255.28119      300.79661      0.15414514   
    133000   473.25843      1349.2902      1822.5486      231.36302      301.97392      0.15913365   
    134000   468.02665      1375.3814      1843.408       178.02339      307.81318      0.16583605   
    135000   474.85426      1410.4413      1885.2955      143.17553      315.65965      0.16892277   
    136000   492.02516      1351.8772      1843.9024      85.780619      302.5529       0.1665868    
    137000   485.76088      1356.2056      1841.9665      109.99767      303.52159      0.16267248   
    138000   504.7923       1344.7796      1849.5719      63.085036      300.96444      0.15783986   
    139000   530.63921      1352.5853      1883.2245      115.70041      302.71137      0.15738744   
    140000   493.48904      1364.4661      1857.9552      132.69148      305.37032      0.15724561   
    141000   459.14106      1378.6305      1837.7715      187.79496      308.54033      0.15753452   
    142000   461.77321      1377.5912      1839.3644      180.56851      308.30773      0.15882317   
    143000   467.00978      1374.9911      1842.0009      145.63193      307.72583      0.15981572   
    144000   482.78855      1358.2433      1841.0318      193.18084      303.97764      0.15793332   
    145000   504.70179      1334.2573      1838.9591      122.56454      298.60953      0.15355975   
    146000   485.0955       1331.9389      1817.0344      114.2327       298.09067      0.15131612   
    147000   474.03712      1303.3266      1777.3637      102.13988      291.68716      0.15518931   
    148000   456.42469      1307.7443      1764.169       92.326383      292.67586      0.16111145   
    149000   445.49788      1328.0207      1773.5186      128.56734      297.21376      0.16449458   
    150000   469.54467      1372.5693      1842.114       184.02466      307.18384      0.16420287   
    151000   481.47244      1353.7499      1835.2223      223.68507      302.972        0.16311132   
    152000   477.40168      1382.0544      1859.4561      272.53933      309.30661      0.16186201   
    153000   477.64378      1359.6627      1837.3065      272.46034      304.2953       0.1600839    
    154000   482.66401      1354.498       1837.162       176.91207      303.13943      0.15762598   
    155000   489.65405      1339.5557      1829.2098      69.422579      299.79532      0.15453502   
    156000   462.89421      1333.1284      1796.0226      8.7058961      298.35687      0.15056307   
    157000   486.16517      1333.8712      1820.0364      26.43261       298.52312      0.14952994   
    158000   506.33249      1323.7911      1830.1236      51.132116      296.26717      0.14870754   
    159000   488.59751      1348.4413      1837.0388      111.20162      301.78392      0.15104276   
    160000   491.2094       1377.4455      1868.6549      181.29495      308.27512      0.15724072   
    161000   476.36409      1366.9424      1843.3065      180.22985      305.92451      0.16261595   
    162000   491.63722      1350.4033      1842.0405      209.03423      302.22303      0.16530159   
    163000   458.22053      1366.4548      1824.6753      240.98537      305.81539      0.16449222   
    164000   480.42562      1344.9461      1825.3717      230.58841      301.0017       0.15906284   
    165000   482.83028      1303.5768      1786.4071      210.71093      291.74317      0.15503009   
    166000   474.95054      1290.0592      1765.0098      219.65489      288.71791      0.15464895   
    167000   496.65902      1304.4717      1801.1308      150.54072      291.94345      0.15510396   
    168000   490.14628      1331.6824      1821.8287      107.26235      298.03327      0.15380329   
    169000   499.63601      1344.6254      1844.2614      87.755333      300.92992      0.15306061   
    170000   482.19829      1382.7345      1864.9327      56.068189      309.45881      0.15895062   
    171000   481.46531      1364.2121      1845.6774      86.165334      305.31346      0.1673245    
    172000   495.68493      1357.3868      1853.0717      92.122395      303.78595      0.16770302   
    173000   477.67785      1356.9796      1834.6575      136.29896      303.69483      0.16460643   
    174000   492.81471      1354.0675      1846.8822      161.21714      303.04308      0.15899718   
    175000   461.96668      1361.6275      1823.5942      225.34947      304.73504      0.15457977   
    176000   499.39238      1340.5602      1839.9526      236.57492      300.02013      0.15197776   
    177000   462.15916      1339.205       1801.3642      224.99147      299.71683      0.15324582   
    178000   489.55309      1334.8828      1824.4359      136.98         298.74952      0.15776123   
    179000   484.5137       1372.1491      1856.6628      78.876246      307.08979      0.16345158   
    180000   465.2896       1354.9701      1820.2597      9.4507688      303.2451       0.16575612   
    181000   467.1886       1363.6374      1830.826       45.523048      305.18485      0.16650404   
    182000   460.83616      1368.7142      1829.5504      114.90805      306.32106      0.16571048   
    183000   480.0211       1385.764       1865.7851      205.55946      310.13683      0.16172214   
    184000   480.07404      1315.5821      1795.6561      232.83819      294.42997      0.1566219    
    185000   497.9698       1311.8096      1809.7794      229.36024      293.58567      0.15442021   
    186000   500.03735      1322.736       1822.7734      136.4212       296.03103      0.15345171   
    187000   468.30786      1336.3774      1804.6853      17.473458      299.084        0.15364743   
    188000   474.73183      1320.1413      1794.8731     -13.310083      295.45033      0.15551537   
    189000   486.01544      1290.8727      1776.8882     -9.4970088      288.89996      0.16301747   
    190000   462.36357      1344.5482      1806.9117      17.010462      300.91264      0.17082733   
    191000   455.73864      1376.6522      1832.3909      91.238937      308.09759      0.17328284   
    192000   463.84584      1356.5057      1820.3516      102.62919      303.58877      0.16909292   
    193000   475.09984      1341.1442      1816.244       123.21075      300.15082      0.16314407   
    194000   473.44567      1359.1928      1832.6385      112.78406      304.19015      0.15936304   
    195000   474.43794      1298.6483      1773.0862      135.95874      290.64015      0.15687382   
    196000   488.60504      1325.0643      1813.6694      98.035624      296.55212      0.15649372   
    197000   481.75623      1343.8524      1825.6086      107.88966      300.75693      0.15886825   
    198000   476.71869      1344.5025      1821.2212      102.20215      300.90243      0.1629947    
    199000   486.90241      1323.5484      1810.4508      116.11625      296.21285      0.16674675   
    200000   466.71536      1363.4353      1830.1507      127.79496      305.13962      0.16439673   
    201000   484.62953      1354.2034      1838.8329      134.85537      303.07349      0.15900128   
    202000   493.69693      1323.3051      1817.002       86.095177      296.1584       0.15428914   
    203000   492.78715      1294.286       1787.0732      130.5911       289.66387      0.15405899   
    204000   483.54589      1329.7301      1813.276       129.47422      297.59632      0.15419924   
    205000   478.09739      1329.629       1807.7264      142.41135      297.57369      0.15695013   
    206000   474.48406      1325.1598      1799.6438      141.31946      296.57347      0.15993575   
    207000   484.75289      1325.481       1810.2339      121.88559      296.64536      0.16286875   
    208000   470.44806      1333.1645      1803.6126      163.54202      298.36495      0.16371825   
    209000   475.00766      1292.8477      1767.8554      226.05011      289.34198      0.16244837   
    210000   465.76324      1283.3222      1749.0855      210.88478      287.21015      0.15641551   
    211000   494.31799      1317.1925      1811.5105      188.0265       294.79039      0.14955233   
    212000   514.32392      1311.4424      1825.7663      128.35921      293.5035       0.14822051   
    213000   514.14805      1297.5918      1811.7399      91.393126      290.40371      0.15083363   
    214000   479.32316      1273.1144      1752.4376      122.46578      284.92562      0.15499878   
    215000   467.593        1327.1629      1794.7559      153.73579      297.02179      0.1573413    
    216000   482.56356      1337.5622      1820.1258      182.4229       299.34917      0.15748131   
    217000   477.92603      1313.3955      1791.3216      168.44271      293.94061      0.15443583   
    218000   459.13835      1341.9214      1801.0598      137.06347      300.32477      0.15246815   
    219000   491.28592      1294.2679      1785.5538      132.30359      289.65981      0.15160139   
    220000   465.92071      1324.9044      1790.8251      131.12452      296.51633      0.15178557   
    221000   491.88795      1290.4405      1782.3285      174.21192      288.80323      0.15490726   
    222000   456.34777      1304.691       1761.0388      203.54765      291.99253      0.16063602   
    223000   482.98909      1307.045       1790.0341      197.64396      292.51935      0.16514462   
    224000   464.23877      1329.628       1793.8668      129.08533      297.57348      0.16413017   
    225000   440.63939      1335.2859      1775.9253      97.198651      298.83974      0.16057044   
    226000   483.50157      1313.8855      1797.387       53.324096      294.05026      0.15704039   
    227000   497.92103      1307.8511      1805.7722      85.408985      292.69977      0.15416754   
    228000   489.68824      1357.6853      1847.3735      121.55593      303.85275      0.15234999   
    229000   501.31132      1387.0116      1888.3229      116.15261      310.41604      0.15005585   
    230000   532.89301      1340.7201      1873.6131      139.49841      300.05591      0.14888946   
    231000   482.99887      1373.3569      1856.3557      173.03956      307.36009      0.14954122   
    232000   503.83576      1360.8282      1864.6639      217.66338      304.55614      0.15450721   
    233000   497.07727      1347.8672      1844.9445      178.50895      301.65544      0.16199503   
    234000   506.00309      1345.8666      1851.8696      145.76125      301.2077       0.16485834   
    235000   502.49593      1352.2274      1854.7233      73.411598      302.63126      0.16229633   
    236000   492.67454      1344.3497      1837.0242      46.324009      300.86822      0.15773222   
    237000   492.755        1300.3904      1793.1454      12.322282      291.03004      0.15554931   
    238000   478.18006      1321.6158      1799.7959      75.105917      295.78033      0.15768013   
    239000   431.31894      1361.841       1793.16        124.65249      304.78282      0.16068483   
    240000   473.33199      1336.5395      1809.8715      133.78279      299.12029      0.15987761   
    241000   487.31699      1320.8595      1808.1765      121.25744      295.61108      0.15657726   
    242000   476.08069      1310.4956      1786.5763      185.83754      293.2916       0.15674552   
    243000   498.22052      1295.4756      1793.6961      207.50783      289.9301       0.15864585   
    244000   481.37689      1309.4021      1790.779       239.95519      293.04688      0.16785291   
    245000   455.03814      1346.9094      1801.9476      223.76354      301.44109      0.17564958   
    246000   437.86073      1363.232       1801.0927      166.309        305.09412      0.17390018   
    247000   483.90386      1370.0223      1853.9262      96.296618      306.6138       0.16803244   
    248000   464.05569      1366.6911      1830.7468      82.455894      305.86827      0.16355948   
    249000   474.37938      1392.8864      1867.2658      134.31701      311.73084      0.16106838   
    250000   486.64597      1350.2786      1836.9245      173.15169      302.19511      0.15940538   
    251000   495.70775      1347.2943      1843.002       162.0281       301.52723      0.16048012   
    252000   513.11963      1321.8615      1834.9811      185.00413      295.83531      0.16424018   
    253000   489.81361      1334.6268      1824.4404      126.57317      298.69222      0.16680787   
    254000   445.81357      1282.3809      1728.1944      94.796581      286.99947      0.16847567   
    255000   453.16001      1285.3494      1738.5094      44.508636      287.66384      0.17438505   
    256000   452.03494      1320.1621      1772.197       37.404146      295.45499      0.18016677   
    257000   464.10323      1322.8175      1786.9208      75.521468      296.04928      0.17984534   
    258000   453.36011      1341.9998      1795.3599      133.33181      300.3423       0.17312436   
    259000   472.29189      1307.9012      1780.193       162.02814      292.71096      0.16581639   
    260000   470.14819      1344.6229      1814.7711      201.01349      300.92936      0.16448519   
    261000   494.11844      1368.0349      1862.1533      176.41171      306.16902      0.16410934   
    262000   472.13587      1358.7185      1830.8544      184.30807      304.08399      0.16494285   
    263000   478.50558      1385.0207      1863.5263      196.5518       309.97048      0.16654411   
    264000   477.41141      1405.1729      1882.5843      174.20047      314.48057      0.16534353   
    265000   489.31827      1358.2038      1847.5221      100.61721      303.9688       0.15950733   
    266000   476.62562      1366.6614      1843.287       71.455538      305.86163      0.15405319   
    267000   486.276        1370.4022      1856.6782      94.739413      306.69882      0.15082561   
    268000   503.59839      1330.162       1833.7604      128.63229      297.69298      0.14908672   
    269000   512.52513      1288.3929      1800.918       181.20829      288.34496      0.15144589   
    270000   464.2663       1333.2618      1797.5281      204.57849      298.38672      0.15362579   
    271000   483.10754      1325.4045      1808.5121      186.02282      296.62825      0.15504217   
    272000   486.53337      1304.647       1791.1803      137.1972       291.98267      0.15666412   
    273000   482.84743      1308.3399      1791.1873      106.93043      292.80915      0.16081184   
    274000   492.74802      1329.7133      1822.4613      70.630538      297.59256      0.16200293   
    275000   480.08373      1351.9915      1832.0753      65.778045      302.57848      0.15989059   
    276000   492.83737      1348.1255      1840.9629      66.155815      301.71325      0.15720928   
    277000   503.47542      1340.7259      1844.2013      103.49455      300.05721      0.1556415    
    278000   479.29122      1337.7686      1817.0598      121.70983      299.39535      0.15413299   
    279000   471.98472      1330.7936      1802.7783      168.35057      297.83433      0.15400886   
    280000   513.96138      1311.6736      1825.6349      157.64912      293.55524      0.15447941   
    281000   512.43873      1310.2986      1822.7374      160.40905      293.24753      0.15596701   
    282000   488.86634      1336.9769      1825.8433      116.75041      299.21818      0.15514249   
    283000   493.89007      1322.9177      1816.8078      116.36802      296.0717       0.15569821   
    284000   515.86093      1330.2074      1846.0683      38.156756      297.70314      0.15512956   
    285000   487.37217      1310.7903      1798.1625      4.9181358      293.35756      0.15360178   
    286000   463.77694      1329.974       1793.751       40.810227      297.65092      0.15438148   
    287000   455.54265      1311.7271      1767.2697      117.99971      293.56722      0.15657646   
    288000   482.33742      1297.62        1779.9574      155.96642      290.41002      0.15945445   
    289000   455.16107      1357.8346      1812.9957      168.46851      303.88617      0.16173902   
    290000   502.54886      1353.3405      1855.8894      149.96325      302.88038      0.16117556   
    291000   496.02034      1374.663       1870.6833      99.436299      307.65239      0.15783671   
    292000   489.86757      1363.033       1852.9005      98.523774      305.04957      0.1553788    
    293000   496.56841      1368.3868      1864.9552      84.094288      306.24778      0.15326235   
    294000   494.15189      1401.0362      1895.1881      84.015717      313.55478      0.15105801   
    295000   503.46777      1354.0476      1857.5153      123.04684      303.03862      0.15125859   
    296000   490.44399      1305.1368      1795.5807      211.95064      292.09229      0.15708683   
    297000   504.6368       1279.9838      1784.6206      218.45756      286.463        0.16410685   
    298000   434.34524      1336.6855      1771.0307      198.42199      299.15296      0.16816901   
    299000   450.80746      1335.8902      1786.6977      143.46791      298.97497      0.16882415   
    300000   484.76422      1273.6193      1758.3835      89.04806       285.03862      0.16634634   
    301000   460.73456      1340.6458      1801.3803      82.096054      300.03927      0.16151016   
    302000   467.50306      1347.4992      1815.0023      69.718377      301.57309      0.15836559   
    303000   509.76786      1310.4522      1820.22        76.412014      293.28188      0.15552106   
    304000   509.99645      1325.7555      1835.752       80.343985      296.7068       0.15541809   
    305000   452.51517      1359.7194      1812.2346      124.60309      304.30799      0.15698049   
    306000   462.1163       1327.9295      1790.0458      96.47486       297.19334      0.15705252   
    307000   514.72683      1337.8239      1852.5508      21.906789      299.40774      0.15653509   
    308000   506.6297       1350.716       1857.3457      9.9670999      302.29301      0.1576044    
    309000   476.06501      1385.3146      1861.3797      71.1778        310.03626      0.1619542    
    310000   496.95426      1338.9723      1835.9265      165.80617      299.66474      0.16715512   
    311000   490.86555      1368.9296      1859.7951      264.33042      306.36925      0.16806212   
    312000   470.11021      1344.9852      1815.0954      276.92443      301.01045      0.16559289   
    313000   487.14746      1310.4798      1797.6272      201.52767      293.28806      0.16107345   
    314000   498.64965      1324.4425      1823.0922      100.61288      296.41296      0.15596333   
    315000   492.08623      1331.2827      1823.3689      4.8916065      297.94381      0.15308242   
    316000   492.609        1300.6671      1793.2761      1.307486       291.09196      0.15316734   
    317000   480.86129      1315.1822      1796.0435      89.0681        294.34048      0.15304452   
    318000   474.78345      1330.4844      1805.2678      210.36292      297.76513      0.15344478   
    319000   485.94919      1326.8251      1812.7742      263.9721       296.94617      0.15312441   
    320000   492.73894      1326.2454      1818.9844      225.83553      296.81645      0.14882569   
    321000   505.59957      1330.6671      1836.2667      165.3618       297.80603      0.14271574   
    322000   484.04467      1330.4877      1814.5324      46.172351      297.76589      0.14225429   
    323000   479.70347      1301.72        1781.4235      15.024007      291.32761      0.14871281   
    324000   487.52217      1284.2291      1771.7513      62.578064      287.41311      0.15423765   
    325000   465.84979      1294.4674      1760.3172      124.74953      289.70447      0.15748296   
    326000   492.60842      1321.6482      1814.2567      133.27102      295.78759      0.15911548   
    327000   473.37391      1326.2337      1799.6076      159.27287      296.81383      0.15951131   
    328000   500.59562      1324.5893      1825.1849      154.51343      296.4458       0.15650629   
    329000   512.60404      1291.8723      1804.4763      106.13981      289.12366      0.14969811   
    330000   491.28792      1288.7037      1779.9917      40.533656      288.41454      0.14564902   
    331000   518.26586      1307.6393      1825.9052      17.036896      292.65237      0.14722145   
    332000   498.01803      1313.6428      1811.6609      13.36187       293.99596      0.15017068   
    333000   498.7314       1333.876       1832.6074      86.777698      298.52419      0.15315761   
    334000   476.17196      1317.069       1793.241       140.95896      294.76275      0.15497525   
    335000   491.04254      1325.3228      1816.3653      163.37123      296.60995      0.15568355   
    336000   477.00207      1312.1518      1789.1539      196.82771      293.66228      0.15559395   
    337000   467.00696      1357.2071      1824.214       167.88114      303.74573      0.15256147   
    338000   474.59041      1312.0812      1786.6716      94.659458      293.64647      0.14979832   
    339000   516.8819       1313.3445      1830.2264      26.47623       293.92919      0.14956378   
    340000   500.21363      1330.7547      1830.9683      69.586534      297.82563      0.15267736   
    341000   472.92503      1331.7285      1804.6535      135.63877      298.04357      0.15783787   
    342000   489.52062      1332.3355      1821.8561      246.16694      298.17942      0.1622172    
    343000   481.80273      1318.5796      1800.3823      234.62585      295.10081      0.16081192   
    344000   482.86266      1280.2254      1763.0881      237.36166      286.51707      0.15985312   
    345000   474.52928      1337.0793      1811.6086      199.06641      299.2411       0.16042025   
    346000   487.5803       1319.3667      1806.947       146.8631       295.27698      0.16017755   
    347000   503.37936      1331.7155      1835.0949      119.38426      298.04066      0.15741188   
    348000   518.59865      1349.9926      1868.5912      88.679862      302.13111      0.15029033   
    349000   509.9508       1359.3264      1869.2772      89.529599      304.22004      0.1455617    
    350000   511.20161      1374.5944      1885.796       150.40466      307.63705      0.144808     
    351000   509.09293      1341.3559      1850.4489      155.30901      300.19821      0.14753313   
    352000   500.11707      1300.7511      1800.8681      164.96639      291.11076      0.15412827   
    353000   487.83751      1331.0703      1818.9078      119.69947      297.89626      0.15712285   
    354000   478.71326      1313.5848      1792.2981      79.754574      293.98297      0.15944081   
    355000   485.91005      1336.0863      1821.9964      25.085454      299.01886      0.1631994    
    356000   453.87067      1318.0982      1771.9688      39.819563      294.99307      0.16512218   
    357000   486.78689      1317.0052      1803.7921      64.810731      294.74848      0.16065239   
    358000   515.84587      1312.538       1828.3839      113.87449      293.7487       0.15475678   
    359000   481.49085      1315.7789      1797.2698      192.63833      294.47402      0.15307881   
    360000   463.76712      1331.0872      1794.8544      216.84129      297.90006      0.15432353   
    361000   486.36733      1295.72        1782.0873      160.56675      289.98479      0.15780352   
    362000   479.37519      1313.1982      1792.5734      150.74668      293.89646      0.16256087   
    363000   493.18218      1335.332       1828.5142      87.407315      298.85005      0.16432771   
    364000   480.78088      1345.6776      1826.4585      132.29682      301.16541      0.16382708   
    365000   510.12768      1408.1296      1918.2573      235.11974      315.1423       0.16115841   
    366000   492.08069      1382.4298      1874.5105      304.21537      309.39063      0.15768421   
    367000   500.83195      1367.6325      1868.4644      300.82192      306.07896      0.1561281    
    368000   472.4758       1378.1492      1850.625       239.76449      308.43263      0.15474528   
    369000   503.71716      1337.864       1841.5812      104.79353      299.41672      0.15406399   
    370000   513.38645      1349.6645      1863.051       44.055162      302.05769      0.15491311   
    371000   532.11585      1361.9371      1894.0529      32.444666      304.80431      0.15570049   
    372000   477.37154      1332.8272      1810.1988      72.567635      298.28947      0.15664623   
    373000   482.57312      1340.4618      1823.0349      106.94698      299.9981       0.15985598   
    374000   480.20919      1357.41        1837.6192      154.95476      303.79115      0.1619421    
    375000   508.90788      1426.7533      1935.6612      186.57123      319.31033      0.16078198   
    376000   518.90522      1348.4596      1867.3648      135.70369      301.78802      0.15468679   
    377000   499.73106      1343.4671      1843.1982      101.8915       300.6707       0.14865464   
    378000   532.71981      1347.3681      1880.0879      84.860626      301.54374      0.1468763    
    379000   499.9277       1349.5088      1849.4365      94.063675      302.02285      0.14884093   
    380000   484.58379      1354.7345      1839.3183      80.39943       303.19235      0.15190219   
    381000   503.86031      1352.4548      1856.3152      81.086578      302.68217      0.15337054   
    382000   489.78799      1344.6755      1834.4635      105.96443      300.94113      0.15414824   
    383000   487.8938       1343.6771      1831.5709      104.13968      300.7177       0.1547315    
    384000   478.91318      1315.1741      1794.0873      142.88657      294.33867      0.15541208   
    385000   498.03219      1322.6911      1820.7233      143.21908      296.02099      0.15661092   
    386000   487.33797      1336.8281      1824.1661      137.22905      299.18487      0.15852656   
    387000   488.89969      1321.1856      1810.0853      122.74113      295.68404      0.16002581   
    388000   465.7627       1291.9158      1757.6785      97.194329      289.13341      0.15839586   
    389000   490.37976      1281.7581      1772.1378      30.790354      286.86009      0.15394446   
    390000   479.93411      1328.0377      1807.9718      61.321534      297.21755      0.15064482   
    391000   502.53191      1306.6114      1809.1433      95.37513       292.42231      0.14957704   
    392000   503.46364      1271.6917      1775.1554      95.15202       284.60722      0.15226549   
    393000   491.64885      1304.5148      1796.1636      135.67025      291.95308      0.16161002   
    394000   482.54452      1331.9492      1814.4937      133.95756      298.09297      0.16493036   
    395000   463.05648      1318.6162      1781.6727      83.916483      295.10902      0.16266418   
    396000   459.70737      1344.3303      1804.0376      88.911011      300.86387      0.16167636   
    397000   466.8872       1310.9707      1777.8579      111.6073       293.39793      0.15878854   
    398000   518.35045      1292.9439      1811.2944      129.18106      289.3635       0.1554028    
    399000   510.01059      1326.6678      1836.6783      180.24219      296.91097      0.15385936   
    400000   525.98552      1379.6317      1905.6172      187.06346      308.7644       0.15328856   
Loop time of 2116.24 on 8 procs for 400000 steps with 1500 atoms

Performance: 8.165 ns/day, 2.939 hours/ns, 189.015 timesteps/s, 283.522 katom-step/s
99.4% CPU use with 8 MPI tasks x 1 OpenMP threads

MPI task timing breakdown:
Section |  min time  |  avg time  |  max time  |%varavg| %total
---------------------------------------------------------------
Pair    | 65.431     | 68.603     | 70.62      |  22.7 |  3.24
Bond    | 3.741      | 3.9773     | 4.211      |   7.9 |  0.19
Kspace  | 970.3      | 973.13     | 976.83     |   7.2 | 45.98
Neigh   | 1.2083     | 1.2116     | 1.2141     |   0.2 |  0.06
Comm    | 31.723     | 32.352     | 32.948     |   6.7 |  1.53
Output  | 0.016941   | 0.018209   | 0.026417   |   2.3 |  0.00
Modify  | 889.89     | 962.61     | 1032       | 153.1 | 45.49
Other   |            | 74.33      |            |       |  3.51

Nlocal:          187.5 ave         236 max         149 min
Histogram: 1 2 0 0 3 0 0 0 1 1
Nghost:        1612.25 ave        1681 max        1526 min
Histogram: 1 0 1 1 0 0 3 0 1 1
Neighs:        13323.1 ave       19030 max        8776 min
Histogram: 1 1 1 1 1 1 0 0 1 1

Total # of neighbors = 106585
Ave neighs/atom = 71.056667
Ave special neighs/atom = 2
Neighbor list builds = 2481
Dangerous builds = 0

unfix       runnpt
reset_timestep 0

#-------------------------------------------------- PRODUCTION ----------------------------------------------------------#

fix	            npt_production all npt temp ${simulationTemp} ${simulationTemp} 100.0 iso ${pressure} ${pressure} 1000.0
fix	            npt_production all npt temp 300 ${simulationTemp} 100.0 iso ${pressure} ${pressure} 1000.0
fix	            npt_production all npt temp 300 300 100.0 iso ${pressure} ${pressure} 1000.0
fix	            npt_production all npt temp 300 300 100.0 iso 138.18 ${pressure} 1000.0
fix	            npt_production all npt temp 300 300 100.0 iso 138.18 138.18 1000.0
fix             DensAve all ave/time 1 ${NBR} ${NBR} v_Density file density.dat
fix             DensAve all ave/time 1 20000 ${NBR} v_Density file density.dat
fix             DensAve all ave/time 1 20000 20000 v_Density file density.dat
fix             VoluAve all ave/time 1 ${npt_run} ${npt_run} v_Volume file volume.dat
fix             VoluAve all ave/time 1 2000000 ${npt_run} v_Volume file volume.dat
fix             VoluAve all ave/time 1 2000000 2000000 v_Volume file volume.dat
fix             Densfinal all ave/time 1 ${npt_run} ${npt_run} v_Density file density_final.dat
fix             Densfinal all ave/time 1 2000000 ${npt_run} v_Density file density_final.dat
fix             Densfinal all ave/time 1 2000000 2000000 v_Density file density_final.dat

restart         ${restartfreq} restart_${NAME}.1 restart_${NAME}.2
restart         1000000 restart_${NAME}.1 restart_${NAME}.2
restart         1000000 restart_N2.1 restart_${NAME}.2
restart         1000000 restart_N2.1 restart_N2.2

run             ${npt_run}
run             2000000
PPPM initialization ...
  using 12-bit tables for long-range coulomb (src/kspace.cpp:342)
  G vector (1/distance) = 0.26920942
  grid = 50 50 50
  stencil order = 5
  estimated absolute RMS force accuracy = 0.00036276252
  estimated relative force accuracy = 1.0924486e-06
  using single precision FFTW3
  3d grid and FFT values/proc = 32768 16250
Generated 1 of 1 mixed pair_coeff terms from arithmetic mixing rule
Last active /omp style is kspace_style pppm/omp
Per MPI rank memory allocation (min/avg/max) = 8.65 | 8.706 | 8.962 Mbytes
   Step         PotEng         KinEng         TotEng         Press           Temp        v_Density   
         0   525.98553      1379.6317      1905.6172      187.06347      308.7644       0.15328856   
      1000   502.02216      1352.4334      1854.4556      160.72607      302.67738      0.15213374   
      2000   513.44701      1374.2968      1887.7438      90.483146      307.57044      0.15069144   
      3000   483.56903      1381.8268      1865.3958      74.215578      309.25568      0.14948632   
      4000   517.46667      1335.0979      1852.5646      29.271206      298.79765      0.14863951   
      5000   504.28741      1364.7532      1869.0406      86.422079      305.43456      0.15088458   
      6000   484.16099      1350.8975      1835.0585      133.45982      302.33364      0.15501618   
      7000   498.76956      1344.3003      1843.0699      172.74925      300.85717      0.16073687   
      8000   467.7605       1351.233       1818.9935      167.61878      302.40873      0.16253461   
      9000   491.32682      1357.699       1849.0258      160.90301      303.85581      0.16065804   
     10000   510.0124       1366.8245      1876.8369      153.91259      305.89812      0.15642531   
     11000   538.77507      1318.1233      1856.8984      120.57114      294.99871      0.15173601   
     12000   509.27808      1328.84        1838.1181      125.57405      297.39712      0.1488503    
     13000   496.31437      1302.2978      1798.6121      127.98864      291.45692      0.14781418   
     14000   512.95648      1330.0216      1842.9781      89.757743      297.66157      0.1465666    
     15000   511.03903      1310.3953      1821.4343      133.56234      293.26916      0.14919417   
     16000   505.10121      1306.5748      1811.676       120.47584      292.41412      0.1526071    
     17000   492.49431      1303.9221      1796.4164      150.05807      291.82045      0.15466287   
     18000   475.97141      1287.0782      1763.0496      168.86803      288.05074      0.15570275   
     19000   473.09459      1323.8036      1796.8982      207.27693      296.26996      0.1573162    
     20000   500.71203      1326.2055      1826.9176      190.21799      296.80752      0.15688753   
     21000   510.5737       1345.445       1856.0187      178.43434      301.11336      0.15111198   
     22000   490.44632      1388.7782      1879.2246      138.48486      310.81142      0.14676303   
     23000   497.39437      1389.7857      1887.18        130.1083       311.03688      0.14811833   
     24000   486.99269      1335.9515      1822.9442      154.45418      298.98868      0.1519668    
     25000   496.46097      1330.3347      1826.7957      192.72782      297.73165      0.15538325   
     26000   502.21033      1332.1371      1834.3475      235.6811       298.13503      0.15835911   
     27000   480.83212      1331.11        1811.9421      274.55026      297.90514      0.16012823   
     28000   512.19586      1299.8809      1812.0768      218.27846      290.91601      0.16005566   
     29000   480.91517      1317.0969      1798.012       184.78572      294.76898      0.15865731   
     30000   474.0411       1327.0066      1801.0477      139.47969      296.9868       0.15437132   
     31000   508.89801      1329.4755      1838.3735      104.91279      297.53935      0.14646945   
     32000   537.2248       1324.2458      1861.4706      62.729905      296.36894      0.14337836   
     33000   510.7146       1345.957       1856.6716      68.679906      301.22793      0.14735945   
     34000   499.15143      1363.2082      1862.3596      55.646473      305.0888       0.15327231   
     35000   517.56136      1368.1894      1885.7508      109.74513      306.2036       0.15885921   
     36000   492.64723      1351.2101      1843.8573      149.01037      302.4036       0.16020315   
     37000   464.19109      1398.0123      1862.2034      171.57028      312.87802      0.16011458   
     38000   486.42938      1366.676       1853.1054      160.28496      305.8649       0.15835824   
     39000   504.45777      1334.2123      1838.6701      149.70555      298.59945      0.1540348    
     40000   486.40694      1356.8411      1843.248       161.85034      303.66383      0.1490021    
     41000   504.88144      1327.1485      1832.03        91.330141      297.01856      0.14722074   
     42000   529.05652      1301.8659      1830.9224      48.055147      291.36027      0.14987115   
     43000   491.07967      1301.957       1793.0367      36.97314       291.38065      0.15757035   
     44000   468.84942      1343.648       1812.4974      92.217702      300.71117      0.16273364   
     45000   477.10188      1330.3037      1807.4056      110.83244      297.7247       0.1634356    
     46000   494.24669      1307.9131      1802.1598      163.13294      292.71363      0.16202777   
     47000   508.59557      1320.7566      1829.3522      223.64283      295.58804      0.15945918   
     48000   488.95918      1339.4779      1828.437       210.01031      299.77789      0.15741756   
     49000   516.7437       1325.181       1841.9247      195.77505      296.57822      0.15783303   
     50000   481.79193      1361.59        1843.382       202.13588      304.72665      0.16037294   
     51000   460.50062      1351.6939      1812.1945      213.62705      302.51186      0.16232273   
     52000   494.04656      1380.1567      1874.2033      193.60697      308.88191      0.16610422   
     53000   471.9219       1370.8706      1842.7925      174.99819      306.80365      0.166543     
     54000   478.77833      1367.0704      1845.8487      136.17162      305.95317      0.16203384   
     55000   502.54116      1331.7531      1834.2943      106.50859      298.04908      0.15794273   
     56000   503.34363      1337.7155      1841.0591      91.592258      299.38347      0.15738751   
     57000   509.1163       1393.9915      1903.1078      109.24795      311.97816      0.15926372   
     58000   497.06626      1355.4755      1852.5418      125.05984      303.3582       0.16492631   
     59000   497.93369      1354.1114      1852.0451      126.12303      303.05291      0.17327738   
     60000   456.98336      1380.6874      1837.6708      138.64434      309.00067      0.17552286   
     61000   489.33959      1338.9461      1828.2857      136.34331      299.65888      0.17346513   
     62000   479.49483      1382.2172      1861.712       203.57615      309.34305      0.1708502    
     63000   459.52106      1377.3925      1836.9135      236.99582      308.26327      0.16580059   
     64000   519.15036      1346.6463      1865.7966      191.99633      301.3822       0.16016401   
     65000   492.22207      1360.693       1852.9151      197.72714      304.5259       0.15618213   
     66000   514.43641      1338.1285      1852.5649      157.14609      299.47589      0.15179395   
     67000   499.40255      1342.803       1842.2056      169.40795      300.52208      0.15154449   
     68000   507.97107      1323.2146      1831.1857      177.94075      296.13815      0.15375165   
     69000   516.59285      1319.1773      1835.7701      145.67489      295.23458      0.15399977   
     70000   490.78844      1306.1666      1796.9551      171.15429      292.32278      0.15630596   
     71000   515.93983      1327.583       1843.5229      172.22743      297.11581      0.1597254    
     72000   497.19633      1325.8988      1823.0951      151.26416      296.73887      0.16034762   
     73000   507.18368      1266.5856      1773.7693      111.70436      283.46446      0.15849424   
     74000   484.44306      1287.2225      1771.6656      102.12699      288.08304      0.15612744   
     75000   508.09881      1298.4672      1806.566       76.012296      290.59963      0.15609584   
     76000   500.42507      1319.1708      1819.5959      96.5196        295.23313      0.15613642   
     77000   489.92763      1328.2845      1818.2122      87.970995      297.27281      0.15735606   
     78000   499.53102      1328.2649      1827.7959      97.03235       297.26841      0.16121025   
     79000   492.90892      1329.8014      1822.7104      97.580899      297.61229      0.1648963    
     80000   489.45853      1349.5643      1839.0228      117.39651      302.03525      0.16569756   
     81000   480.66633      1343.1358      1823.8022      164.68813      300.59656      0.16089442   
     82000   489.95171      1353.4698      1843.4215      145.37867      302.90932      0.15237497   
     83000   501.14743      1346.4074      1847.5549      191.33974      301.32874      0.14865655   
     84000   516.36333      1356.7884      1873.1518      203.1509       303.65204      0.14903785   
     85000   520.24857      1373.6433      1893.8918      175.45795      307.42418      0.15420756   
     86000   536.58401      1348.4931      1885.0772      144.52674      301.79553      0.15925681   
     87000   475.35289      1376.5278      1851.8807      141.40146      308.06975      0.16167938   
     88000   481.81485      1330.5353      1812.3501      110.95487      297.77652      0.16285586   
     89000   490.85068      1306.6736      1797.5243      63.135594      292.43624      0.16333686   
     90000   473.86517      1316.6116      1790.4768      88.385714      294.66038      0.16535461   
     91000   465.84222      1309.6758      1775.518       157.59397      293.10812      0.16904832   
     92000   463.01634      1299.2265      1762.2429      204.85439      290.76956      0.16889371   
     93000   502.7704       1303.4234      1806.1938      200.576        291.70883      0.15944867   
     94000   509.2916       1340.8657      1850.1573      178.65725      300.08849      0.1532052    
     95000   498.80709      1379.0266      1877.8337      179.61702      308.62899      0.15343366   
     96000   493.92425      1340.2841      1834.2083      158.06683      299.95833      0.15775402   
     97000   505.5747       1298.4416      1804.0163      154.96223      290.5939       0.16273791   
     98000   472.76716      1287.7494      1760.5166      120.75916      288.20097      0.16527213   
     99000   476.92475      1314.0731      1790.9978      79.948565      294.09226      0.16729299   
    100000   488.73094      1332.6822      1821.4131      41.155661      298.257        0.16645551   
    101000   512.08546      1327.1387      1839.2241      80.269745      297.01636      0.16454606   
    102000   505.32233      1315.2639      1820.5862      119.24613      294.35875      0.1609815    
    103000   488.92047      1314.2763      1803.1968      166.71562      294.13774      0.15756141   
    104000   490.05961      1394.862       1884.9216      215.99302      312.17297      0.15280933   
    105000   493.20556      1381.3382      1874.5437      202.00199      309.14632      0.14660361   
    106000   547.57428      1355.6141      1903.1884      199.76914      303.38921      0.14289789   
    107000   518.04983      1340.4755      1858.5254      135.73117      300.00118      0.14474941   
    108000   518.14147      1343.8634      1862.0048      119.77686      300.75938      0.150434     
    109000   499.68287      1378.1341      1877.8169      127.94637      308.42923      0.15378238   
    110000   511.81311      1371.1794      1882.9925      116.38164      306.87276      0.1572626    
    111000   516.495        1369.2906      1885.7856      128.91335      306.45006      0.16030316   
    112000   483.72954      1321.9935      1805.723       108.49683      295.86486      0.16166279   
    113000   514.30798      1326.3659      1840.6739      83.334371      296.84342      0.16372161   
    114000   495.38332      1372.6794      1868.0628      138.82311      307.20848      0.16459989   
    115000   487.4093       1351.9441      1839.3534      138.20303      302.56787      0.16289957   
    116000   507.66908      1351.05        1858.719       170.63132      302.36776      0.15730061   
    117000   545.67965      1351.257       1896.9367      159.30208      302.41409      0.15135258   
    118000   522.41621      1377.0171      1899.4333      134.64087      308.17924      0.15109306   
    119000   531.44886      1358.6339      1890.0828      51.561117      304.06506      0.15484413   
    120000   484.72496      1313.7303      1798.4553      16.874953      294.01554      0.15968167   
    121000   499.49775      1304.819       1804.3168      1.5238513      292.02118      0.16482812   
    122000   471.30089      1293.8682      1765.1691      58.344564      289.57035      0.16803257   
    123000   441.53664      1353.0658      1794.6025      156.08276      302.81891      0.16966413   
    124000   465.18068      1310.4248      1775.6055      225.92667      293.27576      0.16968092   
    125000   506.69049      1305.8337      1812.5242      255.87496      292.24826      0.16535076   
    126000   493.75603      1330.677       1824.433       283.83042      297.80824      0.16058037   
    127000   459.91556      1363.0923      1823.0078      295.57173      305.06285      0.1577421    
    128000   483.60727      1336.121       1819.7283      192.34749      299.02662      0.1572335    
    129000   504.7791       1331.5461      1836.3252      113.8138       298.00276      0.15852556   
    130000   517.62097      1354.5614      1872.1824      25.126899      303.15363      0.16104816   
    131000   505.14419      1302.4878      1807.632       12.399856      291.49944      0.16286271   
    132000   521.25122      1309.9286      1831.1798      0.81030357     293.16471      0.1632594    
    133000   484.95031      1325.3455      1810.2958      4.7219539      296.61504      0.16472135   
    134000   479.92189      1334.71        1814.6319      84.751623      298.71084      0.16806915   
    135000   466.83755      1352.0863      1818.9239      134.95375      302.59969      0.1688112    
    136000   477.13038      1332.6201      1809.7505      163.25687      298.24311      0.16324555   
    137000   503.16214      1322.1444      1825.3066      153.93817      295.89863      0.15500435   
    138000   506.46009      1320.7816      1827.2416      136.69039      295.59362      0.1522517    
    139000   501.86742      1342.6955      1844.5629      129.4703       300.498        0.15259709   
    140000   496.37554      1342.9197      1839.2952      96.469782      300.54818      0.15265283   
    141000   505.48019      1335.8338      1841.314       98.603265      298.96234      0.1553129    
    142000   489.08828      1364.6187      1853.707       119.26433      305.40448      0.15952858   
    143000   494.59307      1314.8186      1809.4117      208.86328      294.2591       0.16319269   
    144000   484.07162      1326.0621      1810.1337      212.69808      296.77542      0.16377766   
    145000   468.42708      1315.7034      1784.1305      207.14758      294.45713      0.16398943   
    146000   493.49191      1323.053       1816.5449      251.83481      296.10197      0.16468633   
    147000   506.29399      1335.2115      1841.5055      241.27604      298.82307      0.16409888   
    148000   494.49003      1320.2408      1814.7308      205.75635      295.4726       0.16116541   
    149000   499.26732      1298.8221      1798.0894      176.78324      290.67905      0.15733928   
    150000   512.87658      1328.6923      1841.5689      117.76629      297.36407      0.15305451   
    151000   494.52489      1358.8786      1853.4035      148.69406      304.11983      0.15215485   
    152000   507.60433      1370.0101      1877.6145      161.97844      306.61108      0.15570447   
    153000   508.63813      1339.3426      1847.9807      212.07801      299.74762      0.16297965   
    154000   486.61722      1375.7316      1862.3489      245.30367      307.89157      0.16569049   
    155000   494.77403      1411.8203      1906.5944      254.49488      315.96829      0.16569567   
    156000   494.02883      1375.5043      1869.5331      217.43886      307.84068      0.16501031   
    157000   508.07386      1339.4749      1847.5487      179.14621      299.77723      0.16508301   
    158000   508.40083      1366.51        1874.9108      144.73905      305.82774      0.1649942    
    159000   507.78678      1329.5788      1837.3656      86.431813      297.56247      0.16553726   
    160000   488.62691      1388.2272      1876.8541      104.15753      310.6881       0.16990597   
    161000   462.96784      1348.1563      1811.1242      122.79568      301.72015      0.17734262   
    162000   487.16872      1332.5021      1819.6708      164.73297      298.21671      0.18335422   
    163000   460.85312      1414.859       1875.7121      214.97829      316.64835      0.18078757   
    164000   481.22599      1373.1379      1854.3639      197.12297      307.31108      0.17454766   
    165000   500.27304      1338.1369      1838.4099      244.42189      299.47778      0.17170491   
    166000   497.38164      1330.4028      1827.7845      194.6319       297.74688      0.17112204   
    167000   445.28348      1346.3595      1791.643       176.47362      301.31803      0.16997169   
    168000   469.93583      1289.136       1759.0718      145.25597      288.51128      0.16777845   
    169000   493.3637       1306.2417      1799.6054      175.79676      292.33957      0.16636843   
    170000   501.65856      1284.4201      1786.0786      231.84013      287.45585      0.16112179   
    171000   511.2666       1319.2891      1830.5557      209.00495      295.25961      0.15580235   
    172000   496.53861      1315.3466      1811.8852      204.76028      294.37726      0.15617297   
    173000   495.47654      1323.4079      1818.8845      165.15116      296.18141      0.15885342   
    174000   461.58172      1320.8218      1782.4035      99.150322      295.60263      0.16031219   
    175000   496.9601       1319.181       1816.1411      46.850596      295.23541      0.16102196   
    176000   489.79906      1328.3622      1818.1613      74.638555      297.2902       0.16228342   
    177000   468.81249      1310.1182      1778.9307      64.909271      293.20714      0.16147494   
    178000   497.55672      1325.1373      1822.694       78.800624      296.56844      0.16110511   
    179000   516.67043      1324.7281      1841.3985      33.235337      296.47686      0.15940352   
    180000   531.54793      1332.8626      1864.4105      73.361525      298.29738      0.15877649   
    181000   490.32487      1422.872       1913.1968      127.72646      318.44166      0.1585345    
    182000   516.11912      1375.7586      1891.8777      169.46751      307.8976       0.15834199   
    183000   498.24174      1366.7546      1864.9963      234.10863      305.88248      0.15832364   
    184000   516.99125      1342.6987      1859.6899      217.82453      300.49872      0.15791393   
    185000   506.34621      1370.8318      1877.178       214.66171      306.79496      0.15976547   
    186000   460.14808      1363.3336      1823.4817      150.99507      305.11686      0.16349209   
    187000   496.83269      1339.7866      1836.6193      181.22228      299.847        0.16743886   
    188000   464.58953      1348.5632      1813.1527      197.90015      301.81122      0.16888645   
    189000   482.74181      1314.1481      1796.89        198.76751      294.10905      0.16604257   
    190000   499.17308      1312.7579      1811.931       167.3783       293.79792      0.15976447   
    191000   510.21833      1309.7029      1819.9213      104.16995      293.1142       0.15754309   
    192000   512.69993      1302.5686      1815.2686      57.337271      291.51753      0.15771942   
    193000   499.3296       1337.5107      1836.8403      51.607594      299.33765      0.15841806   
    194000   472.15578      1317.5124      1789.6681      111.18076      294.86197      0.16023343   
    195000   476.10199      1324.9327      1801.0346      171.42         296.52265      0.16707701   
    196000   473.57085      1317.7761      1791.3469      194.80895      294.92099      0.1733671    
    197000   470.44003      1334.6253      1805.0653      201.51553      298.69188      0.17419436   
    198000   451.18649      1334.3786      1785.5651      192.99496      298.63667      0.16963131   
    199000   502.06671      1351.2861      1853.3528      171.33908      302.42061      0.16315288   
    200000   501.12412      1363.9681      1865.0922      141.47986      305.25885      0.16062273   
    201000   465.98594      1369.5184      1835.5043      190.10487      306.50102      0.16089785   
    202000   499.50565      1367.7595      1867.2651      179.32197      306.10738      0.16011248   
    203000   517.39423      1387.445       1904.8392      142.52081      310.51303      0.15875778   
    204000   507.42925      1340.7623      1848.1916      142.0583       300.06537      0.15798651   
    205000   502.94961      1354.8049      1857.7545      95.640215      303.20811      0.15825343   
    206000   497.81319      1344.6199      1842.4331      119.05191      300.92869      0.16049594   
    207000   474.10124      1378.5293      1852.6306      142.96107      308.51769      0.16494653   
    208000   489.4256       1399.7042      1889.1298      167.6198       313.25667      0.17022706   
    209000   480.07649      1366.8913      1846.9678      194.43302      305.91308      0.1701891    
    210000   486.68289      1366.2048      1852.8877      232.18481      305.75944      0.16582461   
    211000   520.2286       1444.3594      1964.588       287.25484      323.25059      0.16196145   
    212000   496.92558      1386.737       1883.6625      266.01707      310.35458      0.15849792   
    213000   475.49016      1374.5582      1850.0483      212.88772      307.62894      0.15867343   
    214000   506.10384      1353.5487      1859.6526      135.59167      302.92698      0.16363821   
    215000   479.26834      1382.9564      1862.2248      59.270211      309.50848      0.16945907   
    216000   504.12598      1343.7673      1847.8932      22.929063      300.73787      0.17103158   
    217000   485.22158      1340.2995      1825.5211      65.253873      299.96179      0.16865276   
    218000   475.51816      1317.9735      1793.4917      37.253481      294.96517      0.16459644   
    219000   506.35155      1305.2195      1811.571       128.90508      292.11079      0.1619778    
    220000   487.85917      1337.0961      1824.9553      183.11587      299.24485      0.15934435   
    221000   471.65908      1322.0309      1793.69        201.79564      295.87323      0.15776186   
    222000   504.34926      1323.4033      1827.7526      196.21024      296.18038      0.15739127   
    223000   491.2888       1319.4633      1810.7521      182.72567      295.2986       0.15848437   
    224000   495.26012      1337.6165      1832.8766      137.64988      299.36132      0.16326078   
    225000   464.19709      1313.2739      1777.471       56.336662      293.91339      0.17251228   
    226000   475.85088      1315.3827      1791.2336      84.918907      294.38535      0.17584295   
    227000   469.35623      1311.5725      1780.9287      63.44359       293.53261      0.17177933   
    228000   477.16722      1323.0053      1800.1725      60.249829      296.0913       0.16602888   
    229000   493.14884      1376.4831      1869.632       101.16395      308.05975      0.16459445   
    230000   504.84498      1344.3192      1849.1642      128.74947      300.86139      0.16418609   
    231000   494.46996      1361.1773      1855.6472      145.48259      304.63427      0.16391846   
    232000   489.22514      1364.7717      1853.9968      164.72537      305.4387       0.16163328   
    233000   517.83544      1397.6581      1915.4936      147.12838      312.79876      0.15830868   
    234000   525.85747      1333.5735      1859.431       107.26524      298.4565       0.15590156   
    235000   516.33429      1348.2832      1864.6175      85.119314      301.74856      0.15606496   
    236000   504.13421      1391.9306      1896.0648      131.3936       311.51693      0.15966612   
    237000   502.2541       1348.2077      1850.4618      160.46892      301.73166      0.16433567   
    238000   490.75578      1343.6767      1834.4325      200.82094      300.7176       0.1668044    
    239000   490.78848      1316.8973      1807.6857      199.6856       294.72431      0.16480472   
    240000   477.51153      1339.5237      1817.0352      193.87074      299.78815      0.15849385   
    241000   489.13092      1307.216       1796.3469      137.43176      292.55762      0.15067277   
    242000   491.18624      1306.2727      1797.4589      101.98729      292.34651      0.15008938   
    243000   497.06811      1325.039       1822.1071      100.59587      296.54644      0.1532785    
    244000   490.48537      1326.6617      1817.1471      123.38167      296.90962      0.15727718   
    245000   469.54071      1359.5296      1829.0703      199.53376      304.26551      0.16117602   
    246000   475.23733      1392.9903      1868.2276      231.18014      311.75409      0.16429665   
    247000   503.99936      1345.0706      1849.0699      154.80765      301.02956      0.16332278   
    248000   491.31369      1333.9216      1825.2353      68.19154       298.53439      0.16104442   
    249000   486.35785      1286.6189      1772.9767      52.625065      287.94794      0.16130647   
    250000   505.22552      1275.5864      1780.8119     -20.870979      285.47886      0.1586923    
    251000   526.25856      1292.443       1818.7016     -46.421015      289.2514       0.1573191    
    252000   500.96811      1335.5689      1836.537       15.971377      298.90305      0.15930174   
    253000   471.60461      1383.9045      1855.5091      82.856334      309.72067      0.16466773   
    254000   503.79606      1323.7966      1827.5927      72.087972      296.2684       0.1702308    
    255000   470.60927      1303.6188      1774.2281      108.2909       291.75257      0.17216609   
    256000   474.70685      1338.2573      1812.9642      92.029178      299.50474      0.17098668   
    257000   510.0734       1318.6506      1828.724       77.268081      295.11672      0.16819022   
    258000   521.70159      1325.3525      1847.0541      94.400299      296.61661      0.16745743   
    259000   468.83293      1364.4278      1833.2607      146.74158      305.36174      0.16746633   
    260000   485.89108      1376.4504      1862.3415      176.76882      308.05243      0.16648762   
    261000   487.11573      1324.7434      1811.8591      217.85183      296.48029      0.162802     
    262000   506.61289      1306.9475      1813.5604      240.53215      292.49754      0.15638592   
    263000   502.92427      1301.8442      1804.7685      202.83812      291.3554       0.15352031   
    264000   485.52469      1343.0865      1828.6112      175.18151      300.58551      0.15507619   
    265000   473.42024      1286.6029      1760.0231      111.7162       287.94437      0.16045189   
    266000   465.31668      1308.0204      1773.3371      143.36434      292.73766      0.1653682    
    267000   480.37667      1311.3722      1791.7489      124.78063      293.48779      0.1645462    
    268000   461.97724      1364.6317      1826.6089      156.22061      305.40738      0.16234491   
    269000   486.71492      1313.2427      1799.9577      141.76831      293.90642      0.15998006   
    270000   478.69801      1299.0229      1777.7209      106.75075      290.72399      0.16044672   
    271000   461.75574      1324.8525      1786.6083      66.225825      296.50472      0.16468441   
    272000   473.02959      1336.8154      1809.845       36.841865      299.18202      0.16945917   
    273000   462.63067      1318.0254      1780.656       91.51759       294.97678      0.17304325   
    274000   473.43735      1300.3477      1773.7851      179.96389      291.02049      0.17344865   
    275000   471.95675      1316.8617      1788.8184      235.61881      294.71635      0.17245143   
    276000   489.25707      1364.1419      1853.3989      286.63679      305.29775      0.17105659   
    277000   483.62968      1357.1383      1840.768       249.48601      303.73033      0.16703904   
    278000   480.1933       1355.2135      1835.4068      171.93826      303.29957      0.16153441   
    279000   501.29964      1342.6572      1843.9569      62.024825      300.48944      0.15919132   
    280000   474.28878      1361.5008      1835.7896     -7.2901604      304.70668      0.15914389   
    281000   500.6963       1373.1132      1873.8095      12.193895      307.30556      0.16315787   
    282000   507.12423      1385.511       1892.6352      61.74487       310.0802       0.16917728   
    283000   478.37368      1364.6495      1843.0232      119.19615      305.41136      0.17323184   
    284000   454.69085      1356.5115      1811.2024      193.52212      303.59006      0.17554093   
    285000   464.02773      1323.1575      1787.1852      257.98738      296.12535      0.17251491   
    286000   475.5727       1337.9737      1813.5464      261.42059      299.44126      0.16705388   
    287000   458.08871      1334.5429      1792.6317      274.86956      298.67345      0.1649955    
    288000   465.5188       1336.4084      1801.9272      209.0826       299.09094      0.16382027   
    289000   486.0088       1272.9124      1758.9212      142.6914       284.88042      0.16326783   
    290000   492.72215      1309.9796      1802.7017      148.6878       293.17611      0.16603521   
    291000   464.95995      1330.0214      1794.9813      106.07682      297.66151      0.16788921   
    292000   486.9117       1291.3623      1778.274       139.02433      289.00953      0.16930563   
    293000   465.33081      1316.0508      1781.3816      206.44653      294.53488      0.17352531   
    294000   449.64787      1332.7104      1782.3583      247.77915      298.26332      0.18106334   
    295000   456.7164       1290.0679      1746.7843      238.32011      288.71985      0.18261956   
    296000   464.13727      1285.496       1749.6333      178.81286      287.69665      0.17530188   
    297000   482.28852      1302.5426      1784.8311      159.77171      291.51171      0.16752708   
    298000   510.01241      1300.8534      1810.8658      159.56437      291.13366      0.16413005   
    299000   510.19413      1320.7954      1830.9895      144.80745      295.59673      0.16320764   
    300000   501.24988      1346.4682      1847.7181      89.210651      301.34235      0.16315512   
    301000   500.67133      1360.272       1860.9433      100.91999      304.43166      0.16496188   
    302000   507.49401      1390.2499      1897.7439      116.23761      311.14079      0.16469306   
    303000   498.94405      1389.434       1888.3781      117.34067      310.95818      0.16220818   
    304000   499.0975       1363.1912      1862.2887      182.55555      305.08498      0.15730519   
    305000   550.86516      1359.3168      1910.182       140.31769      304.21789      0.1538329    
    306000   517.2446       1363.5235      1880.7681      188.27863      305.15935      0.15614855   
    307000   495.43489      1376.5153      1871.9502      223.77108      308.06695      0.15996853   
    308000   505.69658      1364.2333      1869.9299      162.55294      305.31821      0.16242982   
    309000   512.65004      1337.9658      1850.6159      164.74892      299.4395       0.16483394   
    310000   511.47533      1347.5661      1859.0414      145.70527      301.58805      0.16656177   
    311000   514.1593       1375.2495      1889.4088      185.75916      307.78367      0.16704555   
    312000   514.18735      1344.2692      1858.4565      138.25479      300.8502       0.16145689   
    313000   532.2417       1356.5945      1888.8362      74.297775      303.60863      0.15396115   
    314000   535.24536      1379.26        1914.5054      64.448977      308.68122      0.15344195   
    315000   502.54151      1415.312       1917.8535      149.82874      316.74974      0.15821078   
    316000   498.57875      1370.9085      1869.4872      165.43573      306.81213      0.16364076   
    317000   477.82192      1342.6508      1820.4727      224.76489      300.488        0.16725846   
    318000   476.10286      1320.9286      1797.0314      158.64709      295.62653      0.16695908   
    319000   472.81029      1331.5202      1804.3305      151.05012      297.99695      0.16777172   
    320000   500.27446      1329.5925      1829.8669      148.35385      297.56553      0.16435679   
    321000   498.97036      1298.0634      1797.0337      124.15078      290.50924      0.15996627   
    322000   503.08666      1271.969       1775.0557      120.92877      284.66928      0.16105926   
    323000   456.02589      1335.8715      1791.8974      147.2297       298.97078      0.16404318   
    324000   466.27202      1337.9945      1804.2665      139.1596       299.44591      0.16410106   
    325000   482.05063      1295.88        1777.9306      112.69466      290.0206       0.16404172   
    326000   472.67571      1290.6515      1763.3272      141.51595      288.85045      0.16569969   
    327000   466.70406      1322.8315      1789.5355      156.15643      296.0524       0.16779888   
    328000   487.15985      1309.6695      1796.8293      107.21826      293.10672      0.16947039   
    329000   480.34203      1239.2409      1719.583       80.681124      277.34466      0.17073217   
    330000   449.3563       1326.0704      1775.4267      83.378131      296.77727      0.17458086   
    331000   439.79788      1338.9252      1778.7231      97.124955      299.65421      0.17876686   
    332000   448.51876      1312.765       1761.2838      199.37483      293.7995       0.18198205   
    333000   463.32712      1287.8363      1751.1635      267.69063      288.22042      0.18125771   
    334000   460.86858      1340.5487      1801.4173      248.67019      300.01755      0.17180879   
    335000   506.17391      1286.1194      1792.2933      177.53979      287.83615      0.16451534   
    336000   470.59365      1325.3915      1795.9852      126.83919      296.62535      0.16323603   
    337000   495.70914      1331.2629      1826.9721      98.425877      297.93937      0.16447072   
    338000   494.77051      1369.9292      1864.6997      49.026641      306.59296      0.16467852   
    339000   512.4358       1369.7         1882.1358     -15.615089      306.54166      0.16845633   
    340000   480.37688      1361.9498      1842.3267     -3.8098992      304.80716      0.175839     
    341000   462.53437      1373.1261      1835.6605      70.409973      307.30844      0.17998809   
    342000   493.12306      1391.3784      1884.5015      157.29323      311.39335      0.17976902   
    343000   496.38974      1381.602       1877.9917      262.64597      309.20536      0.17662784   
    344000   477.53824      1369.913       1847.4512      318.352        306.58934      0.17281437   
    345000   486.92108      1363.1802      1850.1013      248.0425       305.08253      0.1703034    
    346000   470.24431      1379.6052      1849.8495      162.47838      308.75847      0.16961349   
    347000   466.46822      1348.9192      1815.3875      68.652682      301.89089      0.1693367    
    348000   501.58777      1372.7647      1874.3524     -13.459682      307.22755      0.16849188   
    349000   493.14307      1317.0001      1810.1431      3.7753703      294.74732      0.16817912   
    350000   486.34221      1326.2668      1812.6091      90.023867      296.82124      0.17027941   
    351000   466.42378      1335.4351      1801.8589      168.26424      298.87311      0.1722822    
    352000   456.47398      1347.5943      1804.0682      264.58123      301.59436      0.17449748   
    353000   486.41272      1338.3448      1824.7575      276.54337      299.52431      0.17476098   
    354000   475.46718      1334.6069      1810.0741      283.23176      298.68777      0.1697047    
    355000   494.6435       1323.9906      1818.6342      190.69481      296.31182      0.16143973   
    356000   484.7118       1336.8797      1821.5915      115.10992      299.19641      0.157529     
    357000   495.80432      1281.7732      1777.5775      64.141693      286.86348      0.15887569   
    358000   455.19802      1330.9377      1786.1357      82.869951      297.8666       0.16446893   
    359000   467.00863      1344.9824      1811.991       92.826438      301.00981      0.16827022   
    360000   513.15827      1302.4264      1815.5847      132.96004      291.4857       0.17126198   
    361000   492.38124      1326.459       1818.8402      145.10751      296.86424      0.17388491   
    362000   483.92822      1331.9841      1815.9123      104.7199       298.10077      0.17305188   
    363000   513.23947      1336.8886      1850.1281      88.155449      299.19842      0.17006165   
    364000   495.9207       1335.4216      1831.3423      113.16727      298.8701       0.1640911    
    365000   486.60982      1352.3464      1838.9563      114.31662      302.65791      0.15713297   
    366000   491.7684       1368.6914      1860.4598      153.46967      306.31595      0.15593266   
    367000   515.49805      1394.4082      1909.9062      169.97321      312.07142      0.15776802   
    368000   516.47464      1338.6207      1855.0954      207.90839      299.58606      0.16034689   
    369000   507.9669       1382.53        1890.4969      217.3607       309.41306      0.16047593   
    370000   480.70631      1361.4734      1842.1797      171.25609      304.70054      0.16009662   
    371000   499.47369      1333.2853      1832.759       165.47225      298.39198      0.16122376   
    372000   503.81793      1330.737       1834.5549      139.23017      297.82167      0.16225492   
    373000   516.54843      1298.9169      1815.4654      126.54107      290.70028      0.16095019   
    374000   503.92151      1330.2171      1834.1386      131.54026      297.70532      0.15781003   
    375000   491.82795      1325.8012      1817.6291      140.40007      296.71703      0.15565128   
    376000   479.97823      1304.7041      1784.6823      139.58973      291.99545      0.15685082   
    377000   504.32599      1327.4627      1831.7887      167.61316      297.08887      0.16351715   
    378000   485.61877      1305.8675      1791.4862      149.49424      292.25582      0.16844021   
    379000   517.42996      1325.8144      1843.2444      155.16335      296.71998      0.16984569   
    380000   479.13667      1355.5791      1834.7157      192.19506      303.38138      0.16689326   
    381000   496.05252      1356.9614      1853.014       189.2094       303.69075      0.16275828   
    382000   509.30436      1318.8975      1828.2018      148.87118      295.17196      0.16112084   
    383000   503.15127      1320.1915      1823.3428      91.370841      295.46157      0.16252701   
    384000   496.92746      1341.3689      1838.2964      86.733962      300.20112      0.16388068   
    385000   508.20099      1337.3486      1845.5495      66.979695      299.30135      0.16370183   
    386000   491.35606      1388.571       1879.927       121.62558      310.76504      0.16202542   
    387000   510.71872      1337.4457      1848.1645      133.73146      299.3231       0.15598878   
    388000   507.50678      1358.739       1866.2457      180.19705      304.08857      0.15332561   
    389000   520.5875       1384.3603      1904.9478      200.43934      309.82267      0.15410292   
    390000   532.13113      1353.149       1885.2801      178.57596      302.83752      0.15640834   
    391000   509.02142      1378.4392      1887.4606      162.15172      308.49753      0.15886994   
    392000   513.63133      1357.4522      1871.0835      93.914913      303.80059      0.15883932   
    393000   500.61979      1343.003       1843.6228      56.298067      300.56684      0.15748383   
    394000   538.33218      1320.4663      1858.7984      57.105891      295.52306      0.15594173   
    395000   497.61178      1322.0412      1819.653       101.10048      295.87554      0.15587889   
    396000   485.78258      1299.767       1785.5496      101.37913      290.89053      0.15570124   
    397000   490.53218      1292.3745      1782.9067      159.5312       289.23606      0.15863627   
    398000   468.36089      1332.0742      1800.4351      213.4595       298.12093      0.16285464   
    399000   487.75116      1320.7596      1808.5107      207.43853      295.5887       0.1644566    
    400000   467.48184      1341.4677      1808.9496      185.61606      300.22323      0.16532172   
    401000   511.74174      1307.6356      1819.3773      142.19585      292.65153      0.16400017   
    402000   517.28636      1295.8047      1813.0911      155.29294      290.00376      0.1587839    
    403000   526.93386      1303.1374      1830.0713      192.03763      291.64483      0.15284357   
    404000   500.83171      1329.6721      1830.5038      167.53071      297.58333      0.15075698   
    405000   514.79396      1325.7878      1840.5818      128.46382      296.71403      0.1532045    
    406000   505.8435       1350.5616      1856.4051      79.70937       302.25845      0.15783647   
    407000   511.76002      1342.0379      1853.7979      47.362975      300.35084      0.16290952   
    408000   495.43969      1373.911       1869.3507      64.576941      307.4841       0.1654985    
    409000   505.6441       1372.4409      1878.085       90.055722      307.15509      0.16603906   
    410000   500.77682      1343.915       1844.6918      165.49942      300.77093      0.16515271   
    411000   489.85823      1331.2002      1821.0585      170.14842      297.92534      0.16405845   
    412000   494.14323      1318.6833      1812.8265      84.972223      295.12403      0.16256662   
    413000   495.53243      1315.9075      1811.4399      0.17749831     294.5028       0.15930099   
    414000   506.65502      1333.5508      1840.2059     -7.3744301      298.45141      0.15624171   
    415000   474.25917      1303.4352      1777.6944      69.297419      291.71148      0.15408283   
    416000   512.88387      1279.7776      1792.6615      207.71624      286.41685      0.15515948   
    417000   488.75833      1325.6782      1814.4365      309.50618      296.6895       0.15994803   
    418000   503.0536       1326.1745      1829.2281      321.6995       296.80058      0.16733845   
    419000   485.06375      1346.7761      1831.8399      254.43271      301.41126      0.17220882   
    420000   464.34208      1340.3538      1804.6958      197.32965      299.97392      0.17231341   
    421000   504.28299      1326.9438      1831.2268      184.55256      296.97274      0.16934529   
    422000   502.55733      1335.68        1838.2374      110.58331      298.92794      0.16548444   
    423000   508.61009      1331.8512      1840.4613      58.05825       298.07102      0.16264131   
    424000   526.51973      1385.6762      1912.1959      14.222752      310.11717      0.15955138   
    425000   513.35467      1384.3999      1897.7546      57.556555      309.83154      0.15719655   
    426000   541.83241      1337.8006      1879.633       130.85508      299.40252      0.1556804    
    427000   526.7492       1350.0637      1876.8129      174.82488      302.14702      0.15795436   
    428000   490.5219       1358.7057      1849.2276      202.22001      304.08112      0.16482625   
    429000   489.41778      1416.594       1906.0118      176.29095      317.03664      0.17056275   
    430000   494.05719      1390.4651      1884.5223      78.487422      311.18894      0.17097804   
    431000   501.95108      1343.5779      1845.529       101.08964      300.6955       0.16978663   
    432000   492.12202      1330.4467      1822.5687      169.42544      297.7567       0.1672606    
    433000   504.58871      1289.332       1793.9207      162.02481      288.55514      0.16302828   
    434000   492.93794      1343.8193      1836.7572      185.80415      300.74951      0.15956766   
    435000   513.80467      1342.9461      1856.7507      153.89989      300.55408      0.15954596   
    436000   493.41598      1342.2883      1835.7043      129.01383      300.40688      0.16098858   
    437000   484.47011      1352.4608      1836.9309      100.61186      302.68351      0.16704018   
    438000   441.22608      1339.0752      1780.3012      75.911769      299.68777      0.17241551   
    439000   497.87813      1302.8549      1800.7331      89.944777      291.58161      0.17373449   
    440000   489.02977      1312.609       1801.6387      79.232136      293.76458      0.17228974   
    441000   460.53134      1306.222       1766.7533      116.07395      292.33516      0.16937129   
    442000   502.07934      1322.6363      1824.7157      56.734208      296.00872      0.16502179   
    443000   475.69662      1334.5049      1810.2015      49.461968      298.66493      0.16325395   
    444000   487.07918      1318.6685      1805.7477      141.07242      295.12072      0.16424067   
    445000   466.27505      1311.4282      1777.7033      195.70237      293.50032      0.16672664   
    446000   510.89076      1289.2371      1800.1279      234.56859      288.53391      0.16811946   
    447000   482.79665      1340.8789      1823.6755      272.8957       300.09144      0.16784281   
    448000   516.48954      1324.5697      1841.0592      169.98245      296.44141      0.16377406   
    449000   508.38193      1344.1005      1852.4824      132.8407       300.81244      0.16153187   
    450000   503.55164      1385.4718      1889.0235      95.454227      310.07144      0.16155604   
    451000   515.94325      1419.8748      1935.8181      92.461265      317.7709       0.16130845   
    452000   517.92589      1341.5823      1859.5082      85.651607      300.24888      0.16050072   
    453000   488.5799       1397.4963      1886.0762      190.70531      312.76253      0.16196512   
    454000   493.75545      1385.6242      1879.3796      194.04365      310.10553      0.16387877   
    455000   466.41254      1386.0381      1852.4506      132.46884      310.19817      0.1645936    
    456000   500.3106       1369.8438      1870.1544      92.945152      306.57385      0.16682732   
    457000   502.0794       1367.9729      1870.0523      97.053298      306.15513      0.17003618   
    458000   500.54709      1335.3284      1835.8755      109.62166      298.84924      0.17064558   
    459000   503.33609      1323.6503      1826.9863      154.59597      296.23564      0.16875719   
    460000   487.94869      1336.3669      1824.3156      143.18782      299.08166      0.16298111   
    461000   493.41744      1327.942       1821.3594      183.17899      297.19614      0.15618477   
    462000   493.17433      1352.5487      1845.723       158.42071      302.70317      0.15287468   
    463000   525.24827      1299.4388      1824.6871      135.6417       290.81707      0.15348358   
    464000   492.30247      1349.9834      1842.2859      107.27302      302.12906      0.15538022   
    465000   508.92851      1321.3089      1830.2374      111.29638      295.71165      0.15609759   
    466000   500.00357      1305.6868      1805.6904      170.6798       292.21539      0.15645491   
    467000   475.54063      1339.5514      1815.092       230.61495      299.79435      0.15808881   
    468000   494.08265      1324.7618      1818.8444      282.13842      296.4844       0.16016304   
    469000   487.54054      1303.1943      1790.7348      218.05602      291.65755      0.16241954   
    470000   494.51376      1316.5303      1811.0441      118.71393      294.64218      0.16577688   
    471000   482.43764      1324.4993      1806.9369     -2.0795712      296.42566      0.16643213   
    472000   508.11257      1299.2173      1807.3299     -69.996132      290.7675       0.1643646    
    473000   479.23583      1265.923       1745.1588     -43.759777      283.31616      0.15901853   
    474000   486.66453      1307.4645      1794.129       48.779896      292.61324      0.15616147   
    475000   496.99732      1333.347       1830.3443      133.09196      298.40579      0.15905173   
    476000   501.84734      1336.8855      1838.7328      183.49617      299.19771      0.16601228   
    477000   484.53844      1357.9674      1842.5059      228.34506      303.9159       0.17125698   
    478000   472.82586      1366.5603      1839.3862      213.12762      305.839        0.17174827   
    479000   466.98099      1357.7108      1824.6918      143.95829      303.85846      0.16826229   
    480000   497.77413      1348.9441      1846.7182      108.67066      301.89646      0.16389084   
    481000   497.64946      1340.527       1838.1765      87.865868      300.0127       0.16120963   
    482000   503.16902      1338.5858      1841.7548      172.17049      299.57825      0.1625582    
    483000   499.74186      1336.4542      1836.196       235.63055      299.10119      0.16377608   
    484000   490.93038      1288.8295      1779.7599      214.73822      288.44268      0.16351891   
    485000   478.20821      1347.3715      1825.5797      225.39548      301.54451      0.16437255   
    486000   497.03627      1335.9751      1833.0114      171.85523      298.99398      0.16316099   
    487000   494.40748      1355.1485      1849.556       126.29567      303.28501      0.1604106    
    488000   484.44659      1374.4885      1858.9351      76.001535      307.61335      0.15712875   
    489000   505.21799      1362.3187      1867.5367      87.49688       304.88972      0.15470379   
    490000   523.46615      1364.4252      1887.8913      92.201087      305.36115      0.1544126    
    491000   487.6817       1417.9542      1905.6358      183.38226      317.34105      0.16107076   
    492000   491.45579      1409.2095      1900.6653      224.01059      315.38398      0.16602481   
    493000   502.77591      1351.2079      1853.9838      218.80201      302.40311      0.16710429   
    494000   503.5354       1355.0174      1858.5528      157.91187      303.25568      0.1647237    
    495000   496.00449      1346.6751      1842.6796      90.845508      301.38864      0.16125495   
    496000   503.19029      1328.7358      1831.9261      71.914082      297.37379      0.15972637   
    497000   515.22503      1343.9375      1859.1625      83.895077      300.77596      0.159245     
    498000   487.68792      1333.7166      1821.4046      90.713533      298.48852      0.15930764   
    499000   471.37524      1356.2898      1827.665       114.57325      303.54043      0.16100871   
    500000   503.68671      1338.0467      1841.7334      104.97306      299.45761      0.16188117   
    501000   497.17765      1299.5122      1796.6899      90.665636      290.8335       0.16191815   
    502000   509.08         1290.7367      1799.8167      49.985914      288.86952      0.16468634   
    503000   467.80089      1335.4818      1803.2827      86.505466      298.88357      0.1717986    
    504000   481.74603      1323.1676      1804.9137      169.75949      296.12763      0.17836317   
    505000   460.27257      1317.5122      1777.7848      203.75545      294.86194      0.17944772   
    506000   496.95301      1364.3325      1861.2855      212.75551      305.34041      0.17508241   
    507000   495.27851      1363.0181      1858.2966      246.68638      305.04625      0.16905252   
    508000   506.44672      1338.1901      1844.6368      233.65818      299.48969      0.16474744   
    509000   527.06881      1321.8807      1848.9495      221.8292       295.83961      0.16261839   
    510000   531.35793      1346.7157      1878.0736      129.12734      301.39773      0.16087836   
    511000   504.44953      1367.0679      1871.5174      114.04159      305.9526       0.16497802   
    512000   506.8746       1398.9848      1905.8594      127.74233      313.09568      0.17029807   
    513000   477.95197      1356.0063      1833.9583      125.00326      303.477        0.17317009   
    514000   483.81589      1347.3713      1831.1872      82.600285      301.54445      0.1739887    
    515000   478.99986      1339.8354      1818.8353      12.97377       299.85792      0.17410557   
    516000   518.95095      1343.4546      1862.4055      9.9639332      300.6679       0.17110801   
    517000   512.24959      1383.5835      1895.8331      5.9127986      309.64882      0.16442915   
    518000   522.52919      1387.1956      1909.7248     -9.0522172      310.45723      0.15833344   
    519000   537.50494      1344.2386      1881.7435      90.591612      300.84335      0.15765471   
    520000   524.31531      1347.7217      1872.037       193.4115       301.62288      0.1609975    
    521000   501.08511      1362.4169      1863.502       279.63205      304.91169      0.16525441   
    522000   466.53883      1343.0425      1809.5813      286.62523      300.57566      0.1683933    
    523000   481.55934      1295.6041      1777.1634      180.97809      289.95885      0.16797333   
    524000   489.86317      1358.4529      1848.3161      98.401448      304.02455      0.16895779   
    525000   491.3061       1372.9877      1864.2938      44.875004      307.27747      0.16890333   
    526000   489.00291      1359.7352      1848.7381      50.095796      304.31152      0.16746226   
    527000   509.39212      1323.1589      1832.551       128.81598      296.12567      0.16437349   
    528000   501.28301      1306.2378      1807.5208      125.51349      292.3387       0.15664926   
    529000   507.13863      1310.9339      1818.0726      203.2885       293.38971      0.15159917   
    530000   492.27137      1309.6918      1801.9632      203.03389      293.11172      0.15230968   
    531000   506.20985      1322.7889      1828.9988      167.93018      296.04287      0.15549243   
    532000   499.22471      1349.3312      1848.5559      106.48531      301.9831       0.15828756   
    533000   524.50536      1382.5627      1907.0681      138.2777       309.42037      0.16220522   
    534000   499.28582      1386.2558      1885.5417      171.45176      310.2469       0.16365574   
    535000   498.17301      1356.1057      1854.2788      179.30573      303.49925      0.16514882   
    536000   507.65006      1328.2411      1835.8912      219.91955      297.26309      0.16678249   
    537000   466.78325      1317.3818      1784.1651      162.86916      294.83275      0.16590413   
    538000   488.26335      1271.4103      1759.6736      93.82328       284.54423      0.16767972   
    539000   475.63566      1305.3965      1781.0322      82.644375      292.15043      0.16979611   
    540000   471.27956      1330.9304      1802.21        119.67504      297.86496      0.17185512   
    541000   478.89784      1313.1347      1792.0326      89.580738      293.88224      0.16894504   
    542000   498.87456      1258.1316      1757.0062      87.865912      281.57245      0.16471626   
    543000   519.55484      1282.677       1802.2318      117.1104       287.06574      0.16222683   
    544000   473.45723      1324.8347      1798.2919      135.6098       296.50072      0.16078905   
    545000   480.26588      1346.3861      1826.652       121.26457      301.32397      0.16300853   
    546000   474.1507       1339.3067      1813.4574      92.72722       299.73959      0.16943419   
    547000   474.01597      1355.787       1829.8029      110.6623       303.42791      0.17449418   
    548000   484.41491      1379.0866      1863.5015      147.23182      308.64241      0.17576559   
    549000   536.80994      1343.9384      1880.7483      134.88935      300.77617      0.17162746   
    550000   553.88598      1386.8883      1940.7743      141.83963      310.38846      0.15968844   
    551000   500.83414      1383.2983      1884.1324      155.8131       309.585        0.15608852   
    552000   520.21375      1359.1279      1879.3416      137.02294      304.17561      0.1575099    
    553000   500.65293      1347.2972      1847.9501      176.77978      301.52787      0.16128418   
    554000   512.73553      1359.2203      1871.9558      136.73805      304.1963       0.16358042   
    555000   487.51045      1382.9199      1870.4304      129.87348      309.50032      0.16734804   
    556000   501.31489      1398.3982      1899.7131      65.037867      312.96439      0.17108815   
    557000   499.22802      1353.7522      1852.9802      55.309748      302.97253      0.17482608   
    558000   482.89646      1355.0757      1837.9721      44.721305      303.26872      0.17411846   
    559000   491.40564      1330.0412      1821.4469      84.306568      297.66596      0.16978503   
    560000   498.00675      1381.6351      1879.6418      171.55669      309.21277      0.16659416   
    561000   496.63335      1363.9944      1860.6277      194.10271      305.26475      0.16391267   
    562000   510.02115      1322.118       1832.1391      191.34485      295.89272      0.16292068   
    563000   465.56902      1345.2792      1810.8482      178.87375      301.07625      0.16431882   
    564000   496.98013      1332.9952      1829.9753      71.00837       298.32705      0.16708653   
    565000   477.70517      1299.7418      1777.447       77.509316      290.88489      0.17379802   
    566000   477.29477      1332.7661      1810.0609      57.26735       298.27579      0.17526943   
    567000   497.36015      1324.7493      1822.1095      41.52333       296.48162      0.17216628   
    568000   489.3648       1303.3424      1792.7072      87.698601      291.6907       0.16642191   
    569000   487.71047      1265.7996      1753.5101      115.65921      283.28856      0.16564066   
    570000   496.08745      1296.4774      1792.5649      137.19209      290.1543       0.16722202   
    571000   479.80018      1320.6424      1800.4426      196.87185      295.56248      0.16710278   
    572000   504.50293      1349.0588      1853.5617      182.57898      301.92212      0.16390543   
    573000   518.60624      1363.7999      1882.4061      204.52844      305.22122      0.16051397   
    574000   533.7581       1325.4669      1859.225       169.09073      296.64222      0.15749339   
    575000   486.40363      1370.4972      1856.9008      174.74609      306.72009      0.15807298   
    576000   497.72944      1356.3282      1854.0576      148.31429      303.54903      0.16134199   
    577000   514.027        1348.1954      1862.2224      160.15485      301.72891      0.1662971    
    578000   474.856        1387.941       1862.797       194.39381      310.62404      0.1729962    
    579000   488.18526      1365.7194      1853.9047      164.57376      305.65081      0.17478579   
    580000   501.13819      1314.3633      1815.5015      134.75335      294.15721      0.17453825   
    581000   511.87315      1320.4165      1832.2896      113.55435      295.51191      0.16822084   
    582000   503.68308      1283.4432      1787.1263      131.06833      287.23722      0.15743483   
    583000   491.85343      1324.0643      1815.9177      145.69978      296.3283       0.15640653   
    584000   499.77284      1323.0076      1822.7805      129.98526      296.09182      0.1589348    
    585000   508.34792      1331.5592      1839.9071      111.72799      298.00568      0.16250468   
    586000   487.23477      1311.5023      1798.7371      81.621611      293.5169       0.16356204   
    587000   496.07903      1335.7928      1831.8718      36.293116      298.95317      0.16401012   
    588000   497.05584      1318.369       1815.4249      28.974554      295.05369      0.16386579   
    589000   511.43609      1330.6584      1842.0945      78.23981       297.80408      0.16321091   
    590000   506.41492      1278.3396      1784.7545      75.450834      286.09502      0.15997649   
    591000   489.63666      1325.3415      1814.9782      188.18614      296.61415      0.1574572    
    592000   490.33998      1327.7763      1818.1162      125.14586      297.15905      0.15412165   
    593000   484.01338      1340.6772      1824.6905      157.61615      300.0463       0.15331911   
    594000   526.65229      1301.9621      1828.6144      130.5474       291.38179      0.15540554   
    595000   520.15871      1321.1272      1841.2859      111.14398      295.67098      0.15873948   
    596000   476.75293      1366.0547      1842.8076      120.57074      305.72584      0.16367502   
    597000   511.85762      1356.3354      1868.1931      159.98917      303.55066      0.16715369   
    598000   534.50173      1338.278       1872.7798      151.67811      299.50937      0.16568543   
    599000   487.06616      1347.5551      1834.6213      181.55742      301.5856       0.15992691   
    600000   528.88718      1315.0487      1843.9359      132.84002      294.3106       0.14969054   
    601000   533.78338      1342.3429      1876.1263      141.68269      300.41909      0.14742649   
    602000   520.64088      1364.1839      1884.8248      113.44858      305.30717      0.14967799   
    603000   532.78389      1355.669       1888.4529      120.36524      303.40151      0.15416624   
    604000   501.19582      1345.8657      1847.0615      115.3413       301.2075       0.15929372   
    605000   508.84261      1366.724       1875.5666      228.88673      305.87563      0.16461549   
    606000   526.6953       1401.2588      1927.9541      206.51996      313.6046       0.16480139   
    607000   524.66179      1366.6125      1891.2742      210.79703      305.85067      0.16202228   
    608000   512.22718      1355.2344      1867.4616      195.25793      303.30424      0.15924323   
    609000   504.7633       1348.0581      1852.8214      177.99378      301.69816      0.15808437   
    610000   525.10259      1365.2395      1890.3421      130.06831      305.5434       0.15839301   
    611000   508.88728      1349.0379      1857.9251      113.959        301.91744      0.1610828    
    612000   504.80497      1379.5608      1884.3658      142.1727       308.74854      0.16811556   
    613000   487.30353      1359.8286      1847.1321      146.04765      304.33242      0.17472246   
    614000   511.78556      1330.3686      1842.1542      218.53076      297.73923      0.17573956   
    615000   485.76867      1352.055       1837.8237      266.57744      302.59269      0.17056621   
    616000   491.41308      1356.526       1847.9391      256.90476      303.59331      0.1644837    
    617000   523.23657      1348.2106      1871.4472      213.7351       301.73231      0.16121193   
    618000   518.98871      1368.0804      1887.0691      164.02775      306.1792       0.15901941   
    619000   516.42953      1357.1042      1873.5337      127.32089      303.72271      0.15957246   
    620000   505.90297      1357.5233      1863.4263      179.37434      303.8165       0.16187418   
    621000   491.31905      1384.0207      1875.3397      120.6026       309.74667      0.16299109   
    622000   533.88167      1406.7438      1940.6254      89.553932      314.83214      0.16365958   
    623000   498.52436      1337.9195      1836.4439      92.687158      299.42913      0.16355285   
    624000   483.78604      1347.5305      1831.3165      107.48871      301.58009      0.16323602   
    625000   512.07749      1351.9007      1863.9782      150.12537      302.55815      0.16606218   
    626000   521.55545      1332.3399      1853.8954      198.94675      298.18041      0.16964103   
    627000   487.23459      1329.6526      1816.8872      181.48479      297.57898      0.17405009   
    628000   477.34598      1352.5599      1829.9059      190.62559      302.70569      0.17955067   
    629000   473.13535      1355.7963      1828.9316      167.26612      303.42999      0.17801802   
    630000   520.36831      1339.6291      1859.9974      179.62196      299.81175      0.17125681   
    631000   502.77309      1358.1767      1860.9498      203.19303      303.96273      0.16674986   
    632000   518.04407      1371.1707      1889.2148      179.15979      306.87083      0.16327951   
    633000   509.27971      1342.5647      1851.8444      129.56715      300.46873      0.15919825   
    634000   507.58251      1337.4429      1845.0254      93.750003      299.32247      0.15620444   
    635000   491.73016      1351.4414      1843.1715      116.39545      302.45535      0.15644111   
    636000   480.76471      1337.1069      1817.8716      117.83659      299.24727      0.16138008   
    637000   470.5856       1370.8471      1841.4327      140.42438      306.79839      0.16579913   
    638000   495.3395       1350.0593      1845.3988      141.08552      302.14604      0.1659976    
    639000   528.31738      1345.8919      1874.2092      115.29056      301.21336      0.16338801   
    640000   513.74389      1368.8698      1882.6137      158.36105      306.35588      0.16067894   
    641000   534.08488      1385.481       1919.5659      206.19467      310.0735       0.15898592   
    642000   541.31454      1361.6569      1902.9715      201.53472      304.74162      0.15700459   
    643000   530.49234      1354.7492      1885.2415      132.08542      303.19565      0.15571636   
    644000   506.50155      1362.8631      1869.3647      78.403535      305.01157      0.15470689   
    645000   525.42545      1338.6976      1864.1231     -0.09683337     299.60328      0.15716452   
    646000   515.82723      1382.4001      1898.2274     -5.5801397      309.38399      0.16247651   
    647000   501.21567      1401.0402      1902.2558      65.855815      313.55566      0.16626131   
    648000   497.40439      1372.3781      1869.7825      135.43073      307.14104      0.16510523   
    649000   505.41624      1360.8079      1866.2242      178.70818      304.5516       0.16260434   
    650000   513.40302      1369.5367      1882.9397      233.34751      306.50513      0.16047629   
    651000   518.95567      1342.626       1861.5817      266.17039      300.48246      0.15905013   
    652000   502.05131      1371.2546      1873.306       289.69772      306.8896       0.16147343   
    653000   478.65086      1400.6664      1879.3172      313.90191      313.472        0.16880117   
    654000   492.67206      1399.5851      1892.2571      324.56516      313.23001      0.17241414   
    655000   499.69842      1346.722       1846.4204      226.16628      301.39914      0.17043779   
    656000   485.70303      1373.8019      1859.5049      194.56256      307.45968      0.16826177   
    657000   518.71742      1369.6664      1888.3839      144.02624      306.53416      0.16573339   
    658000   520.10422      1384.2036      1904.3078      107.65944      309.7876       0.1617977    
    659000   510.47511      1369.2931      1879.7682      84.686701      306.45061      0.15817147   
    660000   494.93889      1372.1704      1867.1093      171.64807      307.09455      0.16051776   
    661000   521.07211      1329.7486      1850.8207      192.63621      297.60047      0.16705041   
    662000   480.18995      1381.8336      1862.0235      267.76045      309.25719      0.17291866   
    663000   472.31768      1373.0106      1845.3283      286.57689      307.28259      0.17341544   
    664000   466.76574      1372.8028      1839.5685      220.34819      307.23608      0.17220795   
    665000   514.81103      1355.2126      1870.0237      185.34248      303.29937      0.16811619   
    666000   500.74275      1350.5064      1851.2492      181.67441      302.24612      0.16420228   
    667000   482.23039      1373.4917      1855.7221      161.26186      307.39026      0.16260461   
    668000   491.02317      1326.5891      1817.6122      181.51268      296.89335      0.16326185   
    669000   498.54936      1316.681       1815.2304      191.25583      294.67592      0.16396      
    670000   518.31414      1322.0856      1840.3998      188.67031      295.88548      0.16708402   
    671000   482.70071      1344.5299      1827.2306      199.75875      300.90854      0.17497471   
    672000   472.8274       1355.1088      1827.9362      207.3016       303.27613      0.18070679   
    673000   478.91767      1353.8297      1832.7474      181.16127      302.98987      0.17759805   
    674000   490.98089      1361.022       1852.0029      154.32762      304.59951      0.16963791   
    675000   508.42468      1362.8904      1871.3151      138.16644      305.01766      0.16823603   
    676000   505.45813      1373.2861      1878.7442      153.45078      307.34425      0.16688042   
    677000   499.80747      1387.3581      1887.1656      125.87683      310.4936       0.16355487   
    678000   513.50117      1342.7111      1856.2123      116.90289      300.50151      0.16239475   
    679000   470.06009      1394.7606      1864.8207      108.0135       312.15028      0.16233487   
    680000   515.43414      1407.7845      1923.2186      113.34469      315.06506      0.16172691   
    681000   500.18308      1381.8638      1882.0469      147.28134      309.26396      0.16127054   
    682000   517.98471      1342.947       1860.9317      161.81502      300.55429      0.16414899   
    683000   507.55867      1353.7091      1861.2678      200.08287      302.96289      0.17201243   
    684000   479.67449      1396.5905      1876.265       211.63319      312.55983      0.17634453   
    685000   505.08347      1367.8961      1872.9795      179.11882      306.13794      0.17503989   
    686000   509.2216       1350.7642      1859.9858      183.36098      302.3038       0.17047864   
    687000   511.92032      1379.4087      1891.329       151.48362      308.7145       0.16488688   
    688000   523.78745      1390.0716      1913.8591      124.43386      311.10088      0.16185372   
    689000   515.72577      1348.1824      1863.9082      88.102837      301.72599      0.16155753   
    690000   498.66702      1336.831       1835.4981      76.741238      299.18553      0.16415237   
    691000   484.88925      1330.426       1815.3153      138.44079      297.75208      0.16621014   
    692000   501.70268      1328.5625      1830.2652      191.09233      297.33502      0.16806488   
    693000   470.77099      1336.5688      1807.3398      264.92353      299.12684      0.16988668   
    694000   499.21594      1330.0947      1829.3107      165.38805      297.67793      0.16817064   
    695000   503.03273      1333.4547      1836.4874      104.76706      298.42989      0.16894067   
    696000   498.05241      1317.2382      1815.2906      59.431225      294.80061      0.16862027   
    697000   501.83971      1324.9025      1826.7422      98.492158      296.5159       0.1682498    
    698000   482.82172      1313.1059      1795.9276      147.38631      293.8758       0.16560528   
    699000   499.90424      1321.7638      1821.6681      186.24044      295.81346      0.16110113   
    700000   516.56937      1366.1033      1882.6727      177.47679      305.73672      0.15542941   
    701000   521.86071      1344.1959      1866.0566      156.75739      300.83381      0.15389741   
    702000   522.97843      1341.2704      1864.2488      158.07494      300.17907      0.15780209   
    703000   496.8414       1389.5253      1886.3667      86.302331      310.97862      0.16540447   
    704000   524.38206      1374.414       1898.7961      98.776506      307.59669      0.17367597   
    705000   475.41593      1382.9236      1858.3396      124.7982       309.50115      0.1738874    
    706000   473.27156      1382.0802      1855.3517      172.57524      309.31238      0.17097588   
    707000   522.22293      1362.971       1885.194       236.91086      305.03571      0.16658012   
    708000   521.62293      1383.2308      1904.8537      230.41042      309.56989      0.16268345   
    709000   527.89354      1380.2735      1908.167       194.66312      308.90804      0.16044926   
    710000   527.8755       1349.8315      1877.707       96.66287       302.09506      0.15861966   
    711000   507.54202      1348.0395      1855.5816      102.60965      301.69402      0.15795116   
    712000   518.74637      1271.8406      1790.587       54.799871      284.64053      0.15354201   
    713000   521.31325      1279.7162      1801.0295      55.124041      286.40312      0.1496999    
    714000   502.45869      1339.9772      1842.4359      38.481904      299.88964      0.14871842   
    715000   498.97688      1334.4085      1833.3854      79.705131      298.64337      0.15305334   
    716000   526.97189      1316.7134      1843.6853      89.320417      294.68317      0.1598267    
    717000   509.43958      1338.1167      1847.5562      118.83827      299.47326      0.16520013   
    718000   526.31224      1339.9383      1866.2505      193.88612      299.88094      0.16911139   
    719000   480.21397      1389.661       1869.8749      231.65809      311.00897      0.1695874    
    720000   539.85825      1416.4767      1956.3349      243.14712      317.01039      0.16783722   
    721000   535.38069      1326.1325      1861.5132      227.87932      296.79118      0.16351243   
    722000   518.57458      1391.5354      1910.11        214.30983      311.42848      0.16058971   
    723000   527.5765       1370.4215      1897.998       93.007066      306.70316      0.15866273   
    724000   484.25086      1359.5631      1843.814       29.026985      304.27301      0.16039356   
    725000   516.04574      1342.6861      1858.7319      12.49321       300.49591      0.16467912   
    726000   517.31439      1356.6671      1873.9815      24.562889      303.62488      0.17100238   
    727000   487.84595      1374.5287      1862.3746      98.759301      307.62234      0.1735194    
    728000   503.7724       1367.9398      1871.7122      129.03353      306.14774      0.17124117   
    729000   504.91151      1346.8397      1851.7512      189.21534      301.42549      0.16843435   
    730000   527.42508      1363.1064      1890.5314      178.27758      305.066        0.16552828   
    731000   518.16769      1357.4594      1875.6271      94.319898      303.8022       0.16263526   
    732000   535.95669      1337.3112      1873.2679      66.332083      299.293        0.16033831   
    733000   548.04653      1317.2         1865.2465      36.31095       294.79206      0.15663608   
    734000   504.75294      1339.4129      1844.1658      148.64669      299.76336      0.1557356    
    735000   508.91673      1323.3418      1832.2585      195.04132      296.16661      0.15971096   
    736000   485.53024      1345.0129      1830.5432      186.78013      301.01666      0.16502286   
    737000   499.3342       1347.6384      1846.9726      131.06332      301.60423      0.1678309    
    738000   505.63467      1339.6262      1845.2608      66.03631       299.81109      0.16878142   
    739000   498.86784      1342.4754      1841.3432     -0.021235901    300.44874      0.1688296    
    740000   511.57144      1339.6697      1851.2412      102.195        299.82084      0.17154602   
    741000   512.31483      1321.1075      1833.4223      199.90462      295.66657      0.17204122   
    742000   493.51752      1290.289       1783.8065      317.92818      288.76933      0.16723267   
    743000   506.21138      1336.2669      1842.4783      289.55846      299.05928      0.16013201   
    744000   499.30614      1338.6875      1837.9936      230.22172      299.60101      0.15601197   
    745000   523.02448      1318.7945      1841.819       185.42439      295.14892      0.15612147   
    746000   512.2923       1298.5702      1810.8625      76.386197      290.62267      0.15761667   
    747000   532.16951      1326.5574      1858.7269      54.351709      296.88628      0.16151784   
    748000   496.97005      1349.4886      1846.4586      57.073073      302.01831      0.16549405   
    749000   487.02996      1351.2572      1838.2872      73.68857       302.41414      0.16641919   
    750000   526.18876      1346.4825      1872.6713      101.18488      301.34555      0.16573786   
    751000   499.75888      1341.7917      1841.5506      191.37881      300.29573      0.16368872   
    752000   496.75487      1353.9167      1850.6716      268.35535      303.00934      0.16140976   
    753000   493.06463      1379.6939      1872.7586      294.40868      308.77834      0.16163251   
    754000   510.48839      1321.0065      1831.4949      254.54837      295.64397      0.1624081    
    755000   513.22355      1285.739       1798.9625      152.67628      287.75102      0.16356053   
    756000   477.69586      1329.5067      1807.2026      79.351315      297.54633      0.16649998   
    757000   476.37131      1335.1445      1811.5158      14.080899      298.80808      0.17206202   
    758000   467.15882      1315.7902      1782.949      -8.4600147      294.47654      0.17861154   
    759000   499.8865       1315.8136      1815.7001      20.813721      294.48179      0.1779304    
    760000   499.3252       1348.2184      1847.5436      99.484163      301.73405      0.16892625   
    761000   527.8375       1389.0185      1916.856       235.06994      310.86519      0.16276862   
    762000   506.32595      1392.9027      1899.2286      270.31102      311.73448      0.16006917   
    763000   516.54304      1344.7697      1861.3128      230.05382      300.96222      0.15963517   
    764000   507.11787      1347.2678      1854.3857      203.34004      301.5213       0.15916357   
    765000   514.70917      1370.9415      1885.6506      123.89138      306.81951      0.1571866    
    766000   504.60707      1347.4243      1852.0314      103.93542      301.55633      0.15860911   
    767000   511.2356       1300.4887      1811.7243      122.77196      291.05203      0.16551276   
    768000   482.45075      1295.3828      1777.8335      123.49503      289.90932      0.17259121   
    769000   498.29037      1293.4835      1791.7739      98.255544      289.48426      0.17427825   
    770000   515.76817      1313.3196      1829.0878      104.23797      293.92362      0.17198707   
    771000   493.1363       1303.4001      1796.5365      133.2464       291.70363      0.16750352   
    772000   504.25161      1336.0092      1840.2608      108.23728      299.00161      0.16199827   
    773000   511.40943      1284.2251      1795.6345      92.687417      287.41221      0.15800133   
    774000   518.86222      1321.8213      1840.6835      70.472501      295.82632      0.15627804   
    775000   520.2368       1329.9843      1850.2211      85.854127      297.65321      0.15823449   
    776000   524.79389      1348.9185      1873.7124      86.549452      301.89074      0.16214214   
    777000   495.49621      1294.2565      1789.7527      154.52362      289.65725      0.16653471   
    778000   492.18581      1352.6014      1844.7872      176.5519       302.71497      0.16855265   
    779000   466.607        1376.3677      1842.9747      167.73157      308.03391      0.16773517   
    780000   500.96837      1343.3991      1844.3675      199.59518      300.65547      0.16666164   
    781000   492.88419      1360.1126      1852.9968      217.0977       304.396        0.16595999   
    782000   506.24816      1341.2714      1847.5196      269.07602      300.1793       0.16632567   
    783000   522.93834      1364.4695      1887.4079      265.28441      305.37108      0.16726742   
    784000   497.96259      1351.5335      1849.4961      171.90315      302.47597      0.16827263   
    785000   503.34705      1370.9273      1874.2743      131.93656      306.81634      0.17154351   
    786000   495.91604      1358.2427      1854.1587      78.749592      303.9775       0.17703162   
    787000   490.05082      1341.8695      1831.9203      148.25298      300.31314      0.18544764   
    788000   476.27632      1370.6897      1846.966       150.48947      306.76317      0.18920665   
    789000   446.70924      1380.3492      1827.0585      192.30358      308.92499      0.18903859   
    790000   470.37189      1359.0106      1829.3825      231.07913      304.14936      0.18577101   
    791000   464.30781      1360.5971      1824.9049      190.65369      304.50443      0.18032131   
    792000   496.44666      1360.5906      1857.0372      191.20013      304.50296      0.17706369   
    793000   485.89445      1351.1935      1837.0879      181.27124      302.39988      0.17329853   
    794000   493.81686      1326.643       1820.4599      148.41046      296.90543      0.16956564   
    795000   499.04278      1357.3141      1856.3569      116.99571      303.76968      0.16771442   
    796000   494.27445      1377.3286      1871.603       164.1485       308.24897      0.16800341   
    797000   526.67661      1330.2937      1856.9703      200.70844      297.72247      0.16998185   
    798000   478.68916      1364.696       1843.3851      280.46121      305.42176      0.17276676   
    799000   479.81085      1354.888       1834.6989      322.24085      303.22673      0.17769375   
    800000   508.15152      1383.0175      1891.169       278.3669       309.52215      0.17911589   
    801000   475.62138      1354.0782      1829.6996      145.59339      303.04548      0.1729295    
    802000   465.95207      1350.1577      1816.1097      70.980827      302.16806      0.16722535   
    803000   487.73971      1345.2878      1833.0275      57.590209      301.07816      0.16646122   
    804000   494.54064      1335.4842      1830.0248      59.573282      298.8841       0.16631636   
    805000   516.84218      1312.8188      1829.661       100.37317      293.81154      0.16592501   
    806000   486.10889      1301.8965      1788.0054      153.11411      291.3671       0.16322982   
    807000   510.71249      1312.3992      1823.1116      193.45888      293.71763      0.16090177   
    808000   501.14883      1323.3142      1824.463       180.74001      296.16043      0.16238588   
    809000   509.98043      1321.2107      1831.1911      134.2816       295.68967      0.16933004   
    810000   481.91751      1330.6273      1812.5448      118.72472      297.79712      0.17553669   
    811000   496.35241      1359.5051      1855.8575      111.45277      304.26003      0.17691546   
    812000   484.48597      1354.0026      1838.4886      160.44486      303.02857      0.17303715   
    813000   520.54959      1335.5853      1856.1349      138.51018      298.90673      0.16666937   
    814000   521.71988      1346.7717      1868.4916      186.647        301.41028      0.16235549   
    815000   518.39379      1393.9654      1912.3592      143.46666      311.97232      0.15971636   
    816000   532.87452      1378.1138      1910.9883      108.22616      308.42469      0.15892203   
    817000   541.21356      1333.4686      1874.6821      57.421566      298.433        0.16082555   
    818000   501.43498      1329.8981      1831.333       51.431281      297.63391      0.16459132   
    819000   495.17116      1312.7666      1807.9378      36.160271      293.79986      0.16725895   
    820000   476.76498      1298.3296      1775.0946      51.51262       290.56883      0.16704816   
    821000   487.60157      1305.7175      1793.319       112.40491      292.22225      0.16358263   
    822000   509.40657      1316.1337      1825.5402      149.36652      294.55342      0.15750403   
    823000   514.69922      1321.37        1836.0692      232.3591       295.72532      0.15481947   
    824000   536.87021      1309.1725      1846.0427      267.02205      292.99549      0.15569849   
    825000   494.37583      1302.2952      1796.671       249.72078      291.45633      0.15721086   
    826000   490.18564      1299.9297      1790.1154      193.50742      290.92694      0.15914154   
    827000   486.92479      1320.761       1807.6858      176.83748      295.58903      0.16190655   
    828000   519.17933      1323.6397      1842.819       170.8185       296.23328      0.16369872   
    829000   483.98813      1309.7401      1793.7282      157.73529      293.12251      0.16422577   
    830000   489.2306       1326.3399      1815.5705      106.72175      296.8376       0.16125462   
    831000   508.76947      1317.5341      1826.3035      103.76561      294.86683      0.15798579   
    832000   504.34243      1309.367       1813.7094      107.87609      293.03902      0.1569054    
    833000   506.31039      1320.6491      1826.9595      86.273085      295.56397      0.16394527   
    834000   482.1334       1354.7591      1836.8925      103.15542      303.19787      0.17420323   
    835000   505.80347      1335.0674      1840.8709      41.478591      298.79082      0.1744452    
    836000   483.84307      1361.8286      1845.6717      59.948358      304.78004      0.17114778   
    837000   516.28069      1345.4784      1861.7591      88.076997      301.12084      0.1670634    
    838000   524.55435      1367.9775      1892.5318      86.755063      306.15617      0.16449297   
    839000   495.10178      1385.4809      1880.5827      101.13803      310.07347      0.16408521   
    840000   518.37627      1353.3434      1871.7197      112.78246      302.88103      0.16468      
    841000   512.869        1349.6182      1862.4873      138.60645      302.04733      0.16877461   
    842000   514.21543      1348.264       1862.4795      198.04241      301.74426      0.17685629   
    843000   455.98691      1360.4412      1816.4281      229.25936      304.46953      0.17938694   
    844000   457.39585      1336.7277      1794.1235      225.14724      299.1624       0.17470278   
    845000   484.5178       1346.3368      1830.8546      200.69735      301.31295      0.16816593   
    846000   495.60307      1334.618       1830.2211      150.39631      298.69025      0.16676912   
    847000   491.90316      1350.2297      1842.1328      104.56014      302.18418      0.16641428   
    848000   528.4767       1322.1403      1850.617       80.987347      295.89772      0.166573     
    849000   523.60243      1342.5674      1866.1698      126.2833       300.46934      0.16809173   
    850000   512.42896      1364.3829      1876.8118      152.27695      305.35168      0.16808972   
    851000   495.74915      1377.6985      1873.4477      246.95516      308.33176      0.16710419   
    852000   543.50822      1335.4366      1878.9448      299.01051      298.87344      0.16431753   
    853000   502.91034      1356.095       1859.0054      259.83603      303.49685      0.16021245   
    854000   511.4988       1349.6654      1861.1642      159.38521      302.05788      0.15756958   
    855000   528.48727      1295.2033      1823.6906      101.79022      289.86916      0.15895852   
    856000   528.81199      1325.4396      1854.2516      77.583916      296.6361       0.1640549    
    857000   519.14462      1324.6414      1843.786       88.06937       296.45747      0.16895729   
    858000   491.01761      1326.4784      1817.496       106.64801      296.86859      0.17182322   
    859000   500.14491      1330.1349      1830.2798      161.33401      297.68693      0.17128604   
    860000   478.36506      1302.9713      1781.3363      188.69132      291.60765      0.16907467   
    861000   491.99275      1338.5253      1830.518       209.32064      299.56471      0.16925192   
    862000   486.76244      1347.1734      1833.9358      176.51547      301.50016      0.1699088    
    863000   524.48723      1353.7021      1878.1894      105.59416      302.96132      0.16977561   
    864000   499.87193      1352.0511      1851.9231      67.571956      302.59182      0.16443198   
    865000   539.92584      1343.3293      1883.2551      19.327558      300.63986      0.15755525   
    866000   526.71205      1380.7376      1907.4497      51.04087       309.01191      0.1554214    
    867000   529.48916      1407.1284      1936.6176      112.58523      314.91823      0.15784351   
    868000   519.79763      1370.6235      1890.4211      154.14139      306.74834      0.16138468   
    869000   523.82096      1352.2399      1876.0608      139.60884      302.63406      0.16442874   
    870000   516.17741      1341.486       1857.6634      145.82727      300.22731      0.16797098   
    871000   493.93609      1384.5561      1878.4921      99.817368      309.86649      0.16916969   
    872000   497.77171      1393.9653      1891.7371      84.866333      311.97231      0.16860649   
    873000   521.9576       1379.9798      1901.9374      62.104509      308.84231      0.16671494   
    874000   532.49326      1343.5017      1875.9949      69.182486      300.67843      0.16384687   
    875000   517.14637      1342.6808      1859.8272      106.66175      300.49472      0.16244164   
    876000   517.11478      1370.4606      1887.5754      206.45005      306.7119       0.16400461   
    877000   495.46013      1360.3597      1855.8198      279.81423      304.45129      0.16837456   
    878000   489.31272      1367.9681      1857.2808      266.00708      306.15407      0.17681859   
    879000   498.48579      1338.8982      1837.384       204.94391      299.64817      0.18519679   
    880000   475.32682      1359.6727      1834.9995      141.57115      304.29753      0.1842811    
    881000   534.01997      1346.0371      1880.0571      63.614314      301.24587      0.17815516   
    882000   521.39222      1360.5497      1881.9419      82.658983      304.49382      0.1736744    
    883000   511.03556      1396.5772      1907.6128      121.07455      312.55684      0.16870671   
    884000   515.41242      1349.1762      1864.5886      174.50125      301.94841      0.16470913   
    885000   504.36442      1355.0718      1859.4362      182.06477      303.26785      0.16269758   
    886000   495.14522      1367.4241      1862.5693      156.58706      306.03231      0.16187472   
    887000   511.86511      1337.0569      1848.922       85.634788      299.23607      0.16048862   
    888000   514.49629      1334.2031      1848.6994      50.218241      298.5974       0.15952277   
    889000   502.16606      1348.8096      1850.9757      80.698401      301.86637      0.15969834   
    890000   507.46816      1335.6183      1843.0864      77.137757      298.91411      0.15950411   
    891000   514.45689      1313.5466      1828.0035      73.980299      293.97442      0.16060777   
    892000   505.32377      1287.151       1792.4748      75.621366      288.06704      0.16353302   
    893000   481.23624      1285.5773      1766.8135      64.727959      287.71483      0.16762725   
    894000   497.54978      1309.8691      1807.4189      119.56051      293.15139      0.17028425   
    895000   489.12083      1314.3119      1803.4327      169.71519      294.1457       0.16950976   
    896000   475.55996      1322.635       1798.195       203.16302      296.00843      0.16377059   
    897000   509.62636      1333.328       1842.9543      199.43578      298.40153      0.15620317   
    898000   530.49498      1328.9411      1859.436       188.37076      297.41974      0.15374715   
    899000   543.60223      1350.6246      1894.2268      153.56434      302.27255      0.15647117   
    900000   527.82236      1368.884       1896.7064      110.39768      306.35905      0.16049947   
    901000   511.90817      1356.4422      1868.3504      132.08967      303.57455      0.16443963   
    902000   525.78868      1351.6077      1877.3964      150.0851       302.49258      0.16537915   
    903000   515.13568      1342.5042      1857.6399      138.34567      300.45519      0.16227461   
    904000   527.64938      1354.2483      1881.8977      117.58076      303.08355      0.15679029   
    905000   537.78965      1337.3139      1875.1035      115.50866      299.29359      0.15432287   
    906000   517.34664      1345.0063      1862.3529      87.228738      301.01517      0.15374676   
    907000   519.13377      1378.4995      1897.6333      141.34881      308.51101      0.15874129   
    908000   532.37256      1363.7375      1896.1101      146.32149      305.20726      0.1628287    
    909000   516.29503      1373.7002      1889.9952      116.65203      307.43692      0.16345666   
    910000   475.90221      1377.4339      1853.3361      142.64227      308.27254      0.1644127    
    911000   497.15932      1349.0421      1846.2015      134.27664      301.9184       0.16523797   
    912000   509.54431      1376.557       1886.1013      153.324        308.07628      0.16581977   
    913000   528.4034       1404.2283      1932.6317      142.86641      314.26917      0.16710094   
    914000   486.16304      1347.0403      1833.2034      169.59832      301.47039      0.16903547   
    915000   494.17981      1337.0882      1831.268       196.77898      299.24308      0.17034533   
    916000   495.63872      1354.4898      1850.1285      231.01854      303.1376       0.17106287   
    917000   515.37566      1369.8234      1885.199       233.84328      306.56928      0.16973913   
    918000   517.71625      1348.1563      1865.8726      156.28942      301.72015      0.16841589   
    919000   516.75896      1356.4443      1873.2032      85.9479        303.57501      0.16608232   
    920000   520.72823      1364.1856      1884.9139      41.248032      305.30755      0.16248906   
    921000   505.71211      1348.2312      1853.9433      14.583684      301.73691      0.15698228   
    922000   536.83695      1365.6554      1902.4923      68.019113      305.63648      0.15490594   
    923000   509.01787      1380.8952      1889.9131      108.90175      309.04718      0.15590753   
    924000   531.91204      1311.4712      1843.3833      127.03928      293.50995      0.16068892   
    925000   502.21682      1324.3537      1826.5705      166.33316      296.39307      0.16955853   
    926000   477.12356      1328.7547      1805.8782      197.76117      297.37802      0.17183812   
    927000   492.08806      1322.1858      1814.2739      193.51681      295.9079       0.16897993   
    928000   495.68624      1301.8399      1797.5261      160.51739      291.35444      0.16329604   
    929000   511.88147      1361.3627      1873.2441      95.541802      304.67576      0.15804258   
    930000   538.01653      1324.945       1862.9616      70.99906       296.52542      0.1560569    
    931000   519.12084      1346.3583      1865.4791      50.428331      301.31774      0.15600838   
    932000   520.83684      1366.1154      1886.9523      87.126795      305.73943      0.15894551   
    933000   521.16853      1384.4231      1905.5917      160.24363      309.83674      0.16569038   
    934000   511.6916       1388.9076      1900.5992      254.74836      310.84036      0.17097714   
    935000   514.18185      1346.9193      1861.1011      293.32222      301.4433       0.1714253    
    936000   532.90784      1331.4813      1864.3891      315.78966      297.98824      0.16806856   
    937000   538.98976      1333.9715      1872.9613      197.85356      298.54557      0.16134202   
    938000   530.22284      1362.7394      1892.9622      88.719983      304.98387      0.15690678   
    939000   529.88214      1338.3948      1868.2769      38.636987      299.5355       0.15620402   
    940000   528.80247      1368.3662      1897.1686      30.986694      306.24316      0.15811862   
    941000   525.46498      1395.7016      1921.1666      88.964599      312.36089      0.1619138    
    942000   535.00842      1377.199       1912.2075      155.04827      308.21997      0.16604023   
    943000   539.10629      1355.7559      1894.8622      195.51286      303.42095      0.16629343   
    944000   500.33807      1362.8139      1863.152       202.92866      305.00056      0.16347505   
    945000   512.99684      1329.2339      1842.2307      186.60254      297.48526      0.15872761   
    946000   504.6075       1313.174       1817.7815      161.18362      293.89104      0.15513593   
    947000   512.75047      1312.577       1825.3275      204.0364       293.75742      0.15610215   
    948000   501.57888      1328.1778      1829.7567      212.49875      297.24893      0.16244885   
    949000   495.71761      1316.1279      1811.8455      159.22659      294.55212      0.16907324   
    950000   511.76794      1333.4644      1845.2323      159.00845      298.43206      0.1732522    
    951000   486.35212      1368.2116      1854.5637      143.96852      306.20856      0.17508299   
    952000   480.58058      1393.6385      1874.2191      122.04308      311.89915      0.17437649   
    953000   508.90636      1344.6955      1853.6019      61.966398      300.94562      0.17133249   
    954000   514.82603      1349.6493      1864.4754      24.841255      302.05429      0.16692327   
    955000   517.00876      1341.4215      1858.4303      62.22877       300.21289      0.16585423   
    956000   503.95156      1340.7728      1844.7243      58.540683      300.0677       0.165641     
    957000   488.52846      1339.4985      1828.0269      54.644608      299.78251      0.16904028   
    958000   484.44141      1347.4942      1831.9356      113.98975      301.57197      0.17836615   
    959000   464.5659       1367.3202      1831.8861      91.932874      306.00906      0.18434425   
    960000   497.52983      1392.9873      1890.5171      98.403951      311.75342      0.18297445   
    961000   518.36392      1359.7833      1878.1472      191.10533      304.32229      0.17859455   
    962000   511.40145      1356.0928      1867.4943      241.67772      303.49635      0.17393229   
    963000   505.23321      1335.8611      1841.0943      261.48177      298.96845      0.16974822   
    964000   491.61406      1338.4974      1830.1114      214.09591      299.55846      0.16718671   
    965000   508.24812      1332.8345      1841.0826      136.94443      298.2911       0.1654365    
    966000   510.94545      1286.2976      1797.2431      83.321213      287.87605      0.16334237   
    967000   496.8401       1323.1185      1819.9586      117.50664      296.11664      0.16358657   
    968000   496.76014      1324.7974      1821.5575      93.226645      296.49237      0.16544575   
    969000   491.3012       1313.2129      1804.5141      106.23815      293.89974      0.17285206   
    970000   475.01828      1293.6311      1768.6494      148.10858      289.51729      0.18062158   
    971000   487.26077      1331.8722      1819.1329      228.43994      298.07572      0.18256037   
    972000   476.06857      1322.5394      1798.6079      253.49498      295.98702      0.17925525   
    973000   527.64499      1309.62        1837.265       217.66335      293.09564      0.17488926   
    974000   497.51492      1322.5024      1820.0174      114.1854       295.97876      0.17082525   
    975000   506.13983      1338.562       1844.7019      28.890051      299.57293      0.16963609   
    976000   517.58512      1338.7646      1856.3497      5.3285642      299.61826      0.17095521   
    977000   491.03146      1359.2297      1850.2612      9.0494709      304.1984       0.17179393   
    978000   522.97959      1294.5118      1817.4914      32.137944      289.71439      0.17181351   
    979000   493.20531      1332.0741      1825.2794      150.46352      298.12091      0.17072214   
    980000   475.33217      1339.3414      1814.6735      268.56336      299.74735      0.16717108   
    981000   491.45199      1357.2604      1848.7124      338.70937      303.75766      0.16558383   
    982000   494.8944       1351.4881      1846.3825      309.11349      302.4658       0.16469015   
    983000   483.79129      1358.8886      1842.6799      198.34221      304.12205      0.16442591   
    984000   501.53535      1359.2299      1860.7653      105.72815      304.19845      0.16471783   
    985000   511.00983      1380.7508      1891.7606      29.98098       309.01486      0.16774972   
    986000   480.92264      1411.5332      1892.4558      75.239472      315.90402      0.17212839   
    987000   510.76884      1361.3339      1872.1028      107.86672      304.66933      0.17447738   
    988000   517.07287      1331.1088      1848.1816      163.25133      297.90487      0.1725656    
    989000   493.59325      1334.6463      1828.2395      222.24246      298.69657      0.16573856   
    990000   509.01193      1321.6374      1830.6494      196.53575      295.78517      0.15831137   
    991000   520.4667       1314.9605      1835.4272      137.80293      294.29087      0.15682715   
    992000   517.35702      1290.0779      1807.4349      79.909203      288.72208      0.15794395   
    993000   490.85965      1333.1286      1823.9882      57.515949      298.35691      0.15990754   
    994000   530.24544      1344.214       1874.4595      42.307254      300.83786      0.1610488    
    995000   523.68833      1356.8963      1880.5846      120.22007      303.67617      0.1614478    
    996000   509.66713      1344.9334      1854.6005      111.06579      300.99886      0.15985372   
    997000   546.88917      1362.8711      1909.7603      127.38995      305.01335      0.15721433   
    998000   514.95074      1380.3316      1895.2824      157.00474      308.92105      0.15322518   
    999000   535.43005      1369.8396      1905.2697      164.31153      306.57292      0.15153782   
   1000000   550.59925      1344.1723      1894.7715      170.35866      300.82852      0.15451961   
   1001000   499.49699      1372.4963      1871.9933      169.38547      307.16748      0.16141128   
   1002000   493.46571      1386.3634      1879.8291      164.57367      310.27097      0.16626049   
   1003000   508.88657      1319.7072      1828.5938      122.63412      295.35319      0.16611902   
   1004000   519.7728       1319.5821      1839.3549      122.97475      295.32518      0.1627127    
   1005000   503.64687      1343.4511      1847.098       76.803019      300.66711      0.15998628   
   1006000   512.21586      1322.6164      1834.8323      87.839513      296.00426      0.16206659   
   1007000   478.39411      1327.8399      1806.234       98.951366      297.1733       0.16591484   
   1008000   480.26622      1308.8958      1789.162       100.51829      292.93356      0.17164838   
   1009000   478.69753      1290.9682      1769.6658      79.313516      288.92134      0.17545703   
   1010000   495.46577      1268.9229      1764.3886      58.884386      283.98754      0.17415173   
   1011000   502.82204      1299.7711      1802.5931      75.442063      290.89144      0.17218156   
   1012000   483.05941      1341.6525      1824.712       111.93865      300.26459      0.17013184   
   1013000   497.51125      1320.6435      1818.1548      101.18034      295.56273      0.16693865   
   1014000   487.4128       1329.4626      1816.8754      138.5703       297.53646      0.16255144   
   1015000   497.62442      1315.1081      1812.7325      99.156021      294.32388      0.15946057   
   1016000   525.12663      1324.0483      1849.1749      75.159537      296.32472      0.15809788   
   1017000   548.91981      1324.7098      1873.6296      91.678052      296.47278      0.15886948   
   1018000   512.85525      1344.8222      1857.6774      167.15619      300.97396      0.1628024    
   1019000   507.00109      1281.7845      1788.7856      216.98385      286.86601      0.16857936   
   1020000   494.28523      1301.6732      1795.9584      192.40319      291.31713      0.17143512   
   1021000   499.66523      1327.5039      1827.1692      155.6582       297.09811      0.17054335   
   1022000   473.95449      1324.4962      1798.4506      125.98586      296.42496      0.16752698   
   1023000   525.35271      1331.4555      1856.8082      93.501096      297.98246      0.16362725   
   1024000   512.91788      1331.368       1844.2859      85.496431      297.96289      0.16045617   
   1025000   531.68505      1323.9115      1855.5965      97.92091       296.2941       0.16107623   
   1026000   506.86554      1309.1338      1815.9994      109.81336      292.98684      0.16614246   
   1027000   485.39882      1329.0639      1814.4627      125.50497      297.44722      0.17381637   
   1028000   499.79189      1345.8447      1845.6366      131.36067      301.2028       0.17851587   
   1029000   496.89633      1354.1565      1851.0528      148.95057      303.063        0.17700486   
   1030000   485.66996      1332.4561      1818.1261      141.85731      298.20642      0.1715935    
   1031000   501.95815      1346.6422      1848.6004      132.74288      301.38129      0.16631075   
   1032000   500.21089      1384.9496      1885.1605      144.59071      309.95456      0.16530653   
   1033000   489.60843      1353.4589      1843.0673      139.88136      302.90687      0.16456453   
   1034000   506.63877      1365.6553      1872.2941      94.842782      305.63647      0.16441203   
   1035000   513.56086      1366.5176      1880.0784      91.453386      305.82944      0.16736556   
   1036000   516.68677      1375.3542      1892.041       156.83045      307.8071       0.17229941   
   1037000   492.17891      1358.7464      1850.9253      146.76392      304.09024      0.17465615   
   1038000   494.42205      1360.6182      1855.0402      154.54685      304.50914      0.17473509   
   1039000   471.66107      1402.9635      1874.6245      212.12944      313.9861       0.17403169   
   1040000   525.79132      1396.932       1922.7233      157.76263      312.63625      0.16950461   
   1041000   522.50417      1339.3355      1861.8397      158.69863      299.74604      0.16328129   
   1042000   487.02024      1369.9473      1856.9675      168.75066      306.59701      0.16199479   
   1043000   497.03135      1353.9323      1850.9636      215.47907      303.01283      0.16698249   
   1044000   505.75013      1344.0993      1849.8494      256.28565      300.81218      0.1699953    
   1045000   487.53287      1356.2474      1843.7802      293.34034      303.53095      0.17142494   
   1046000   490.41144      1367.5472      1857.9586      264.99787      306.05986      0.17193051   
   1047000   532.69533      1344.2468      1876.9421      208.20619      300.84519      0.17243924   
   1048000   490.00937      1344.2241      1834.2335      128.56777      300.84011      0.17549595   
   1049000   479.47645      1361.6508      1841.1273      75.301984      304.74025      0.1798199    
   1050000   454.92225      1357.3722      1812.2945      46.423718      303.78269      0.17946437   
   1051000   482.16888      1308.948       1791.1169      65.214188      292.94525      0.17092106   
   1052000   524.7206       1320.7534      1845.474       104.74593      295.58731      0.16482295   
   1053000   487.08348      1323.4284      1810.5119      187.68125      296.186        0.16256962   
   1054000   506.60693      1327.0555      1833.6624      169.94012      296.99774      0.16067036   
   1055000   506.20524      1323.1198      1829.3251      153.26982      296.11693      0.16296504   
   1056000   490.4558       1333.9972      1824.453       116.56819      298.55131      0.16772256   
   1057000   510.86832      1332.5433      1843.4116      143.2463       298.22593      0.17257424   
   1058000   482.18133      1349.5245      1831.7058      77.627527      302.02635      0.17156259   
   1059000   492.62922      1302.0283      1794.6575      98.538908      291.39659      0.17000571   
   1060000   480.31937      1332.1469      1812.4663      163.56971      298.13721      0.16825982   
   1061000   523.782        1324.3394      1848.1214      213.67365      296.38988      0.16546252   
   1062000   508.87629      1340.665       1849.5413      249.73082      300.04358      0.16279675   
   1063000   505.71753      1349.953       1855.6705      267.32271      302.12224      0.16194433   
   1064000   521.42054      1385.5133      1906.9339      250.86454      310.08072      0.16092423   
   1065000   478.62247      1377.8016      1856.4241      207.89665      308.35483      0.1586664    
   1066000   551.43519      1359.9817      1911.4169      105.48836      304.3667       0.15452621   
   1067000   516.64654      1422.08        1938.7265      69.788381      318.26441      0.15313543   
   1068000   556.8359       1384.7282      1941.5641      70.232857      309.90501      0.15457634   
   1069000   505.83669      1344.6281      1850.4648      109.98978      300.93053      0.15993707   
   1070000   506.66448      1338.9749      1845.6394      129.16027      299.66532      0.16628923   
   1071000   502.45484      1354.8778      1857.3326      196.73478      303.22442      0.16726412   
   1072000   532.88518      1347.6791      1880.5643      212.62414      301.61336      0.164167     
   1073000   512.37781      1348.488       1860.8658      235.59606      301.79437      0.16160817   
   1074000   499.97861      1360.7411      1860.7197      209.53403      304.53666      0.15730593   
   1075000   548.16083      1346.1561      1894.3169      166.25293      301.27249      0.15498045   
   1076000   515.83075      1293.7851      1809.6159      152.56153      289.55177      0.15478359   
   1077000   493.09569      1328.2299      1821.3256      163.79868      297.26058      0.16054656   
   1078000   480.80755      1352.4362      1833.2438      174.94429      302.67801      0.16978093   
   1079000   483.77337      1334.3332      1818.1066      213.92388      298.62652      0.17210214   
   1080000   516.24962      1347.5828      1863.8325      172.54838      301.59181      0.16800417   
   1081000   511.98813      1320.7546      1832.7427      95.016389      295.58759      0.16418343   
   1082000   528.93151      1307.9592      1836.8907      88.633841      292.72396      0.1625507    
   1083000   506.11162      1317.3618      1823.4734      44.931653      294.82828      0.16218662   
   1084000   503.67546      1338.5538      1842.2292      67.045543      299.57108      0.16404346   
   1085000   518.80068      1330.6345      1849.4352      106.29763      297.79873      0.16674748   
   1086000   497.90255      1309.432       1807.3346      74.358988      293.05357      0.17066124   
   1087000   478.02459      1324.2435      1802.2681      104.01573      296.36842      0.17673273   
   1088000   507.47532      1299.2229      1806.6982      105.56676      290.76875      0.17774164   
   1089000   496.42817      1321.9303      1818.3585      126.18854      295.85072      0.17166259   
   1090000   515.93282      1334.4588      1850.3917      155.24229      298.65463      0.16573471   
   1091000   501.51403      1323.8496      1825.3636      136.64041      296.28025      0.16317252   
   1092000   468.20965      1314.6005      1782.8102      122.15395      294.2103       0.16446941   
   1093000   476.2519       1300.9413      1777.1932      14.086491      291.15333      0.16727838   
   1094000   480.07092      1296.8329      1776.9038     -0.9194795      290.23386      0.16888028   
   1095000   491.71697      1306.4971      1798.2141      16.273406      292.39674      0.16665716   
   1096000   520.93658      1304.0114      1824.948       60.844542      291.84042      0.15937888   
   1097000   535.12061      1343.6973      1878.8179      144.31415      300.72221      0.15304106   
   1098000   519.30982      1349.9783      1869.2881      198.82426      302.12791      0.15314962   
   1099000   528.72841      1375.3416      1904.0701      218.26746      307.80428      0.1592972    
   1100000   512.18444      1419.839       1932.0234      155.08037      317.76288      0.16435495   
   1101000   519.70186      1362.6577      1882.3595      70.651865      304.96559      0.16623983   
   1102000   515.12502      1338.7774      1853.9024      25.573311      299.62114      0.168657     
   1103000   500.19066      1334.2764      1834.4671      16.007844      298.6138       0.16810712   
   1104000   491.2325       1318.8242      1810.0567      111.64476      295.15557      0.16678295   
   1105000   501.07421      1333.4791      1834.5533      137.97212      298.43536      0.16523831   
   1106000   515.93319      1333.6113      1849.5445      182.31059      298.46494      0.16599087   
   1107000   495.63613      1297.8206      1793.4568      160.9124       290.45492      0.16984144   
   1108000   474.44187      1322.3404      1796.7823      167.96196      295.9425       0.1749906    
   1109000   469.47579      1342.3593      1811.8351      169.96767      300.42277      0.17761848   
   1110000   508.42333      1337.0346      1845.4579      199.70055      299.23108      0.17308771   
   1111000   522.89397      1364.9731      1887.8671      207.06341      305.48378      0.16725473   
   1112000   515.22674      1411.2109      1926.4377      216.62839      315.8319       0.16385875   
   1113000   510.52711      1373.9002      1884.4273      200.53186      307.48168      0.16139377   
   1114000   519.31191      1360.1042      1879.4161      184.97672      304.39411      0.16198988   
   1115000   542.74212      1373.5809      1916.3231      140.84934      307.41023      0.16681425   
   1116000   516.62206      1394.1128      1910.7349      110.69452      312.00532      0.17198616   
   1117000   486.12443      1375.6417      1861.7662      70.690746      307.87144      0.17434319   
   1118000   463.90486      1380.7364      1844.6413      80.283357      309.01164      0.17546423   
   1119000   494.08801      1354.2619      1848.3499      65.679486      303.08658      0.17266351   
   1120000   503.49123      1369.308       1872.7992      37.049471      306.45393      0.16917684   
   1121000   519.8258       1381.7976      1901.6234      56.384512      309.24913      0.16744475   
   1122000   510.6048       1372.7498      1883.3546      103.56431      307.22423      0.16580067   
   1123000   526.40029      1335.8428      1862.2431      77.575941      298.96436      0.16297066   
   1124000   525.01938      1351.6543      1876.6737      133.05494      302.50302      0.16183788   
   1125000   513.05113      1369.0837      1882.1349      143.77977      306.40375      0.16066909   
   1126000   483.08313      1381.5532      1864.6364      151.10191      309.19445      0.16068858   
   1127000   531.08798      1347.9371      1879.0251      151.4057       301.6711       0.1644434    
   1128000   523.24145      1377.6441      1900.8855      161.24512      308.31957      0.17114198   
   1129000   529.76635      1380.1341      1909.9004      170.63027      308.87684      0.1754277    
   1130000   512.42013      1348.4966      1860.9167      150.35477      301.7963       0.17400606   
   1131000   500.91824      1361.2333      1862.1515      102.56591      304.6468       0.1690524    
   1132000   495.14213      1356.6551      1851.7972      135.01013      303.62219      0.16559409   
   1133000   530.4121       1365.9415      1896.3536      94.565571      305.70052      0.16313368   
   1134000   548.80461      1344.413       1893.2176      108.32426      300.88238      0.1634271    
   1135000   499.13091      1402.9117      1902.0426      147.61842      313.97452      0.16535385   
   1136000   521.866        1369.7762      1891.6423      155.68589      306.55874      0.16650958   
   1137000   520.31245      1356.6029      1876.9153      146.31946      303.61051      0.16721276   
   1138000   537.17694      1381.6582      1918.8351      75.268353      309.21793      0.16526385   
   1139000   512.50824      1349.2885      1861.7968      77.011895      301.97355      0.16275339   
   1140000   540.1273       1340.4798      1880.6071      74.460337      300.00213      0.15965368   
   1141000   520.38871      1381.1536      1901.5424      85.608925      309.10502      0.15685009   
   1142000   537.88924      1352.5173      1890.4065      117.34722      302.69614      0.15489067   
   1143000   518.09301      1370.7432      1888.8362      140.49385      306.77513      0.15267055   
   1144000   532.01396      1366.1342      1898.1481      183.87405      305.74363      0.15520803   
   1145000   528.5825       1355.4986      1884.0811      206.39951      303.36337      0.16017261   
   1146000   525.32624      1370.6137      1895.9399      159.02562      306.74616      0.16247783   
   1147000   521.31722      1380.0403      1901.3575      141.95966      308.85585      0.16241975   
   1148000   515.98018      1367.9603      1883.9404      64.332022      306.15232      0.15929998   
   1149000   549.81694      1322.6843      1872.5013      39.042498      296.01947      0.1547803    
   1150000   537.7828       1364.6508      1902.4336      87.794197      305.41165      0.15374697   
   1151000   515.3667       1355.0461      1870.4128      89.866192      303.26209      0.15367196   
   1152000   525.90825      1366.5904      1892.4987      70.535796      305.84574      0.15569803   
   1153000   494.01208      1359.9889      1854.0009      146.54901      304.3683       0.16085213   
   1154000   514.76999      1372.3477      1887.1177      195.57003      307.13423      0.16410743   
   1155000   519.70141      1340.0251      1859.7266      236.55589      299.90038      0.16806868   
   1156000   491.86721      1319.1851      1811.0523      220.47082      295.23633      0.17139997   
   1157000   466.74468      1311.7271      1778.4717      185.65398      293.56721      0.17416825   
   1158000   468.44076      1342.3251      1810.7658      158.41003      300.41511      0.177475     
   1159000   495.2684       1330.8851      1826.1535      84.839819      297.85481      0.17484      
   1160000   487.62127      1331.3653      1818.9866      88.182815      297.96229      0.16913807   
   1161000   489.39667      1307.1442      1796.5409      83.56125       292.54155      0.16517084   
   1162000   501.58728      1338.9841      1840.5714      171.18033      299.66739      0.16464812   
   1163000   485.59804      1349.1947      1834.7927      253.94264      301.95254      0.16809049   
   1164000   504.59432      1336.8445      1841.4389      285.14289      299.18855      0.17650511   
   1165000   464.07343      1380.1902      1844.2636      282.75975      308.88939      0.17982891   
   1166000   490.89669      1347.5232      1838.4199      212.20833      301.57846      0.17989641   
   1167000   499.4274       1341.9983      1841.4257      126.76033      300.34197      0.17716974   
   1168000   494.56893      1352.8867      1847.4556      55.529602      302.77881      0.17050361   
   1169000   499.14822      1350.0248      1849.173       58.910599      302.13832      0.16708235   
   1170000   515.34301      1349.8435      1865.1865      62.356275      302.09775      0.16502101   
   1171000   532.48462      1322.6209      1855.1055      80.553048      296.00527      0.16305904   
   1172000   504.29549      1352.5685      1856.8639      123.16986      302.7076       0.16464342   
   1173000   507.04304      1360.1781      1867.2211      185.05758      304.41064      0.17043596   
   1174000   534.44888      1351.2152      1885.6641      128.39527      302.40474      0.17330571   
   1175000   502.49231      1399.6697      1902.162       90.217067      313.24895      0.17185272   
   1176000   509.58338      1381.6279      1891.2112      94.426146      309.21115      0.16778545   
   1177000   509.93814      1349.7759      1859.714       106.75701      302.08262      0.1661476    
   1178000   488.22864      1367.7603      1855.9889      123.38324      306.10755      0.1654846    
   1179000   473.43356      1377.6621      1851.0957      133.75149      308.32361      0.16613594   
   1180000   483.59572      1354.4189      1838.0146      153.63473      303.12173      0.16783925   
   1181000   498.4217       1346.3086      1844.7303      201.12595      301.30663      0.16946388   
   1182000   531.64855      1317.0751      1848.7237      213.04058      294.76411      0.16857256   
   1183000   481.98321      1359.1008      1841.084       257.49946      304.16954      0.17019107   
   1184000   469.05825      1358.6618      1827.72        285.12686      304.0713       0.17388278   
   1185000   495.15824      1343.6521      1838.8103      209.66698      300.7121       0.17298092   
   1186000   494.88321      1328.9881      1823.8713      130.07215      297.43027      0.16859939   
   1187000   497.76879      1334.8725      1832.6413      71.014556      298.7472       0.16376672   
   1188000   494.88566      1336.8975      1831.7831      61.644621      299.20039      0.16188031   
   1189000   492.59093      1309.6006      1802.1915      87.968707      293.0913       0.16302143   
   1190000   509.29994      1341.1265      1850.4264      119.75344      300.14686      0.16752202   
   1191000   486.61136      1327.67        1814.2813      190.45707      297.13527      0.17482386   
   1192000   460.65226      1341.756       1802.4082      189.45938      300.28775      0.1802703    
   1193000   475.18252      1322.1115      1797.294       134.85831      295.89127      0.17992559   
   1194000   495.16526      1329.4978      1824.6631      70.281273      297.54434      0.17557961   
   1195000   501.13127      1323.7189      1824.8502      59.539143      296.25101      0.17089517   
   1196000   490.06864      1309.1938      1799.2624      109.907        293.00026      0.16897217   
   1197000   522.86153      1261.8125      1784.674       153.91439      282.39623      0.16826556   
   1198000   520.14997      1327.1344      1847.2843      160.84594      297.01539      0.16784426   
   1199000   505.86302      1334.7637      1840.6267      123.39153      298.72286      0.1688716    
   1200000   501.00269      1337.8302      1838.8329      81.625895      299.40915      0.17138404   
   1201000   521.13506      1358.6151      1879.7501      42.883007      304.06084      0.17136209   
   1202000   480.64855      1361.2458      1841.8943      57.042221      304.6496       0.16625596   
   1203000   516.93849      1372.3704      1889.3089      133.76075      307.13932      0.15967927   
   1204000   538.06935      1347.6351      1885.7044      212.57022      301.6035       0.15470201   
   1205000   484.2418       1391.6568      1875.8986      276.84775      311.45564      0.15399277   
   1206000   520.2842       1321.9216      1842.2058      230.99552      295.84877      0.15665097   
   1207000   515.68138      1339.3302      1855.0116      182.65507      299.74485      0.16264176   
   1208000   496.59223      1335.9087      1832.5009      161.1466       298.97911      0.16667893   
   1209000   488.42771      1333.8722      1822.2999      114.63294      298.52333      0.16799869   
   1210000   504.10039      1296.0474      1800.1478      85.056594      290.05807      0.16713916   
   1211000   495.57751      1327.2885      1822.866       69.172244      297.04988      0.16726411   
   1212000   491.49853      1342.067       1833.5655      97.453373      300.35735      0.1675273    
   1213000   533.16785      1297.8031      1830.9709      115.88709      290.45099      0.16389158   
   1214000   516.75578      1302.3892      1819.145       100.31571      291.47738      0.15623656   
   1215000   491.67959      1338.4639      1830.1435      129.49035      299.55097      0.15494951   
   1216000   496.14163      1334.3894      1830.5311      126.363        298.6391       0.15751674   
   1217000   527.56054      1316.6471      1844.2077      133.35188      294.66833      0.16061388   
   1218000   509.79751      1312.4643      1822.2618      119.81115      293.73221      0.16320662   
   1219000   491.67294      1279.5084      1771.1813      107.34772      286.3566       0.1648973    
   1220000   517.85764      1307.8366      1825.6942      106.86155      292.69652      0.16711334   
   1221000   505.60398      1309.1033      1814.7073      84.835956      292.98         0.16506789   
   1222000   524.56366      1305.1514      1829.715       41.571482      292.09556      0.1601804    
   1223000   527.43601      1277.5226      1804.9586      58.230088      285.91218      0.15613252   
   1224000   518.4972       1314.8009      1833.2981      50.044192      294.25515      0.15338969   
   1225000   523.76898      1333.2819      1857.0509      54.963012      298.39123      0.14815426   
   1226000   513.17351      1325.6599      1838.8335      84.853436      296.68542      0.14330914   
   1227000   534.55891      1286.6244      1821.1833      125.56077      287.94919      0.14506962   
   1228000   543.87238      1329.8771      1873.7495      154.85441      297.62922      0.15345028   
   1229000   517.05564      1363.5882      1880.6439      191.41203      305.17385      0.15885269   
   1230000   511.93813      1355.527       1867.4651      174.98565      303.36971      0.16257307   
   1231000   498.62184      1368.546       1867.1678      162.19857      306.2834       0.16572382   
   1232000   520.93068      1371.3922      1892.3228      142.24729      306.92038      0.16820377   
   1233000   498.11715      1354.2902      1852.4073      76.095346      303.09292      0.16863918   
   1234000   528.981        1372.0707      1901.0517      51.51338       307.07224      0.16574372   
   1235000   523.19338      1343.9444      1867.1378      93.873304      300.77751      0.16133374   
   1236000   544.65874      1348.0589      1892.7177      128.68395      301.69835      0.1580247    
   1237000   531.51221      1341.2253      1872.7375      121.53886      300.16898      0.15780296   
   1238000   477.42452      1364.3703      1841.7948      140.89856      305.34887      0.16271419   
   1239000   467.02062      1317.4488      1784.4694      132.07695      294.84775      0.17039719   
   1240000   499.8554       1324.2328      1824.0882      122.2805       296.36602      0.17700871   
   1241000   464.80896      1367.4358      1832.2447      136.85344      306.03493      0.17843182   
   1242000   499.07495      1330.5118      1829.5868      133.57481      297.77127      0.17510482   
   1243000   500.38879      1324.8502      1825.2389      158.2727       296.50419      0.17118598   
   1244000   527.43166      1336.9264      1864.3581      166.72829      299.20688      0.1684406    
   1245000   534.51197      1337.6153      1872.1273      179.19236      299.36105      0.16750971   
   1246000   498.40913      1349.5509      1847.9601      217.41603      302.03227      0.1695855    
   1247000   504.36517      1333.6146      1837.9798      218.35669      298.46569      0.17711075   
   1248000   491.73957      1321.4212      1813.1608      195.75241      295.73677      0.18247236   
   1249000   513.41957      1322.6633      1836.0828      85.180477      296.01475      0.17737107   
   1250000   479.08228      1312.158       1791.2403     -23.329627      293.66366      0.16990443   
   1251000   526.30006      1316.3788      1842.6788     -30.484208      294.60828      0.1695927    
   1252000   506.81336      1324.8764      1831.6898     -24.864139      296.51006      0.16943177   
   1253000   477.32695      1295.3357      1772.6627      89.44331       289.89879      0.16805125   
   1254000   498.5196       1322.2759      1820.7955      207.31355      295.92807      0.16642352   
   1255000   503.98512      1359.7874      1863.7725      307.11091      304.32321      0.16442015   
   1256000   504.89363      1332.542       1837.4357      339.35123      298.22564      0.16010102   
   1257000   504.95675      1324.4176      1829.3743      255.93863      296.40737      0.15405731   
   1258000   486.3118       1322.0715      1808.3833      128.5711       295.88233      0.1510095    
   1259000   505.79179      1337.6249      1843.4167      65.220535      299.36321      0.15553444   
   1260000   483.86864      1295.0658      1778.9344      7.2141753      289.83838      0.1653495    
   1261000   488.2044       1335.6138      1823.8182      0.74657265     298.9131       0.16980923   
   1262000   500.79023      1331.756       1832.5462      116.92402      298.04973      0.17113761   
   1263000   522.21732      1311.4017      1833.619       173.32321      293.49439      0.16911572   
   1264000   518.42843      1320.8527      1839.2811      207.36978      295.60954      0.16672563   
   1265000   515.12206      1288.5321      1803.6542      171.87514      288.37613      0.16571946   
   1266000   510.02347      1307.486       1817.5094      164.42223      292.61804      0.16500388   
   1267000   504.1157       1344.0225      1848.1382      86.184934      300.795        0.16448863   
   1268000   543.67112      1325.8225      1869.4936      30.908746      296.7218       0.16676633   
   1269000   483.68906      1305.9187      1789.6077      51.888554      292.26728      0.17268624   
   1270000   482.98214      1318.7169      1801.6991      120.0366       295.13156      0.17913035   
   1271000   475.66884      1351.1951      1826.8639      242.42257      302.40024      0.18228634   
   1272000   494.76218      1361.0857      1855.8479      258.27547      304.61377      0.17807411   
   1273000   496.90584      1340.7507      1837.6565      236.65243      300.06276      0.1720893    
   1274000   528.91782      1305.0447      1833.9625      231.66445      292.07168      0.16934363   
   1275000   521.85199      1327.2318      1849.0838      164.82534      297.0372       0.16710023   
   1276000   498.30076      1347.3722      1845.673       125.43528      301.54467      0.16660949   
   1277000   561.08458      1373.9822      1935.0667      71.832863      307.50003      0.16615652   
   1278000   538.74161      1372.0848      1910.8265      37.478056      307.07541      0.16755227   
   1279000   524.42847      1360.1692      1884.5976      111.38302      304.40865      0.17207692   
   1280000   481.69731      1368.022       1849.7193      198.51268      306.16613      0.18164871   
   1281000   492.09236      1374.564       1866.6563      219.80587      307.63024      0.18439003   
   1282000   482.10832      1379.416       1861.5243      187.8731       308.71612      0.1784185    
   1283000   553.8688       1351.7854      1905.6542      127.12562      302.53235      0.17059531   
   1284000   503.99083      1333.4468      1837.4377      84.652303      298.42814      0.16565365   
   1285000   488.32197      1353.8509      1842.1728      61.047935      302.9946       0.16376555   
   1286000   500.8816       1359.9496      1860.8312      61.642484      304.35952      0.16491358   
   1287000   518.18895      1332.8986      1851.0875      94.193595      298.30544      0.16778601   
   1288000   505.6967       1362.2183      1867.915       154.6728       304.86725      0.16994946   
   1289000   515.14217      1354.2536      1869.3958      178.77019      303.08474      0.16793765   
   1290000   539.49479      1357.9993      1897.4941      183.55143      303.92304      0.16162468   
   1291000   557.5471       1399.8623      1957.4094      173.06249      313.29206      0.15631908   
   1292000   524.96083      1395.665       1920.6258      146.72433      312.35269      0.15635341   
   1293000   539.60417      1369.9696      1909.5737      122.42438      306.602        0.16278569   
   1294000   511.70065      1356.7781      1868.4788      166.62635      303.64973      0.17060586   
   1295000   499.59424      1349.5533      1849.1476      167.28902      302.03281      0.1724127    
   1296000   488.80519      1361.6131      1850.4183      186.93257      304.73182      0.17272963   
   1297000   503.60368      1358.4267      1862.0304      198.65852      304.01868      0.17365219   
   1298000   495.4953       1363.0719      1858.5672      276.42929      305.05829      0.17485489   
   1299000   516.6051       1380.0962      1896.7013      289.97641      308.86837      0.17211853   
   1300000   512.20716      1347.6217      1859.8288      231.64362      301.6005       0.16429897   
   1301000   524.99358      1333.3666      1858.3602      157.82146      298.41019      0.15974279   
   1302000   507.23132      1371.8902      1879.1215      65.946167      307.03184      0.15954697   
   1303000   505.70574      1356.7521      1862.4578      23.736253      303.64391      0.16289661   
   1304000   520.27794      1334.0746      1854.3526      65.570227      298.56864      0.16642349   
   1305000   512.58613      1326.3562      1838.9423      153.48833      296.84123      0.1691515    
   1306000   498.95662      1328.9143      1827.8709      198.92201      297.41375      0.1685471    
   1307000   481.47248      1324.6396      1806.1121      200.85907      296.45706      0.16732665   
   1308000   510.23369      1345.7825      1856.0162      221.54128      301.18889      0.16756135   
   1309000   529.55078      1316.7942      1846.3449      183.17659      294.70124      0.16660109   
   1310000   530.67049      1348.2379      1878.9084      86.105544      301.73842      0.16451511   
   1311000   490.57522      1345.7856      1836.3608      55.628123      301.18958      0.16268538   
   1312000   525.81646      1301.5201      1827.3365     -19.818329      291.28286      0.16041425   
   1313000   514.50899      1371.503       1886.012       29.216703      306.9452       0.16267381   
   1314000   498.35447      1366.7202      1865.0747      125.57763      305.87479      0.16763008   
   1315000   504.95875      1365.1337      1870.0924      192.35288      305.51972      0.1716668    
   1316000   510.75992      1362.8867      1873.6466      211.49367      305.01684      0.17358307   
   1317000   515.06682      1344.1249      1859.1917      182.90424      300.81791      0.16969245   
   1318000   523.81099      1307.9237      1831.7347      105.79005      292.71601      0.16270217   
   1319000   501.1114       1333.1644      1834.2758      67.456706      298.36493      0.16033602   
   1320000   489.32546      1328.3148      1817.6402      95.183655      297.27957      0.16054549   
   1321000   511.05688      1287.8747      1798.9316      104.12914      288.22901      0.16021102   
   1322000   511.53783      1314.3133      1825.8512      175.33979      294.14602      0.16167488   
   1323000   500.45576      1335.1186      1835.5743      215.54612      298.80228      0.16628259   
   1324000   500.17007      1332.0413      1832.2114      227.90024      298.11358      0.17079286   
   1325000   510.16969      1338.3185      1848.4881      183.12015      299.51842      0.17216337   
   1326000   511.21447      1344.0866      1855.301       229.08792      300.80933      0.17334133   
   1327000   518.5164       1372.0602      1890.5766      116.46366      307.06989      0.17170578   
   1328000   523.88058      1393.6739      1917.5545      113.41281      311.90708      0.16944176   
   1329000   481.11249      1388.1638      1869.2763      108.50234      310.67391      0.16482028   
   1330000   526.81775      1361.0203      1887.8381      94.446175      304.59914      0.16158424   
   1331000   504.49009      1345.1881      1849.6782      149.28072      301.05587      0.16337533   
   1332000   492.01615      1355.322       1847.3381      208.4113       303.32383      0.16707365   
   1333000   504.78788      1363.3159      1868.1038      281.40728      305.1129       0.16954369   
   1334000   510.64513      1361.4994      1872.1446      229.31844      304.70637      0.1679372    
   1335000   491.31605      1397.9767      1889.2927      202.43652      312.87005      0.16672466   
   1336000   493.00414      1358.6016      1851.6058      152.70719      304.05783      0.16584516   
   1337000   500.87463      1345.3069      1846.1815      90.18091       301.08244      0.16589516   
   1338000   517.90076      1357.1306      1875.0314      54.087717      303.72862      0.16696272   
   1339000   523.26164      1375.8745      1899.1361      88.359625      307.92353      0.16793417   
   1340000   511.0828       1352.5122      1863.595       109.05964      302.69501      0.16569758   
   1341000   524.84388      1355.7027      1880.5466      122.74957      303.40905      0.16391335   
   1342000   526.54572      1370.4548      1897.0005      139.38913      306.7106       0.16399794   
   1343000   498.20609      1415.8527      1914.0588      183.2129       316.87074      0.16523294   
   1344000   518.13176      1319.6707      1837.8024      148.56138      295.34501      0.16549015   
   1345000   501.59908      1319.7911      1821.3902      144.13531      295.37195      0.16278545   
   1346000   528.46396      1324.0519      1852.5158      128.26235      296.32552      0.15720277   
   1347000   517.56365      1333.0245      1850.5881      141.79154      298.33362      0.15357161   
   1348000   535.91444      1331.0394      1866.9539      110.14309      297.88935      0.15404999   
   1349000   506.03885      1333.642       1839.6808      72.744064      298.47181      0.16007169   
   1350000   470.99125      1332.9029      1803.8942      120.25691      298.30641      0.16700306   
   1351000   487.74045      1295.718       1783.4584      135.19528      289.98435      0.16880953   
   1352000   490.00237      1333.4722      1823.4745      181.81653      298.43381      0.16725906   
   1353000   508.2983       1338.1618      1846.4601      172.69937      299.48336      0.16272805   
   1354000   517.52887      1327.2017      1844.7306      201.12109      297.03047      0.15973769   
   1355000   501.74891      1340.3546      1842.1036      206.68935      299.97412      0.15996235   
   1356000   515.62696      1329.3227      1844.9497      149.83063      297.50515      0.16297991   
   1357000   509.5847       1336.5791      1846.1638      141.80527      299.12914      0.17082915   
   1358000   512.5237       1355.0182      1867.5419      180.78088      303.25585      0.17497177   
   1359000   500.83304      1370.1234      1870.9564      212.03378      306.63643      0.17461977   
   1360000   506.89326      1378.8586      1885.7518      214.22212      308.59138      0.1727217    
   1361000   508.48629      1361.2269      1869.7132      167.13947      304.64537      0.16866583   
   1362000   515.54499      1369.7009      1885.2459      133.55777      306.54187      0.16501702   
   1363000   492.37284      1348.5026      1840.8754      116.51916      301.79765      0.16286629   
   1364000   506.176        1333.0175      1839.1935      89.82005       298.33206      0.15940685   
   1365000   505.78703      1313.1658      1818.9528      98.0367        293.8892       0.15652767   
   1366000   529.52907      1311.3596      1840.8887      49.833812      293.48498      0.15729005   
   1367000   497.02764      1331.0965      1828.1241      47.627312      297.90212      0.1686792    
   1368000   515.86095      1323.7122      1839.5732      51.758138      296.24951      0.17451978   
   1369000   488.50116      1328.4468      1816.948       24.722631      297.30912      0.17385581   
   1370000   485.54654      1297.1285      1782.675       44.158469      290.30002      0.17184965   
   1371000   508.01132      1326.1515      1834.1628      55.805488      296.79542      0.1686975    
   1372000   498.52336      1336.5985      1835.1219      148.46148      299.13349      0.1669162    
   1373000   498.35801      1297.6963      1796.0543      220.83088      290.4271       0.16584837   
   1374000   488.34579      1345.0653      1833.411       196.82942      301.02836      0.16360641   
   1375000   508.67987      1338.8064      1847.4863      176.31996      299.62762      0.1628239    
   1376000   525.28286      1330.9802      1856.263       138.65815      297.8761       0.16361827   
   1377000   521.71169      1357.0606      1878.7723      123.11523      303.71294      0.16759411   
   1378000   499.95092      1388.0532      1888.0041      64.053456      310.64915      0.17127371   
   1379000   529.66422      1350.4459      1880.1101      59.963526      302.23257      0.17326622   
   1380000   471.36951      1375.5334      1846.9029      63.34595       307.8472       0.17518969   
   1381000   500.11555      1361.1746      1861.2901      54.361681      304.63366      0.17545331   
   1382000   528.73065      1359.7252      1888.4558      118.38359      304.30928      0.17448077   
   1383000   506.58019      1338.8941      1845.4743      175.57559      299.64725      0.16948291   
   1384000   509.21371      1305.8219      1815.0357      175.0234       292.24563      0.1616254    
   1385000   522.77283      1330.4427      1853.2156      176.00956      297.75582      0.1570329    
   1386000   506.80884      1319.639       1826.4478      153.89983      295.33791      0.15549183   
   1387000   508.23895      1317.5121      1825.7511      87.396471      294.86192      0.15597119   
   1388000   517.76768      1313.7023      1831.47        105.95883      294.00927      0.16000854   
   1389000   507.31581      1294.4225      1801.7383      60.884745      289.69442      0.16346329   
   1390000   500.49446      1305.9018      1806.3962      110.88813      292.2635       0.16851159   
   1391000   506.0288       1306.9998      1813.0286      127.7674       292.50924      0.17016698   
   1392000   497.93192      1323.3225      1821.2544      133.95967      296.16229      0.16922861   
   1393000   522.66412      1301.4768      1824.1409      114.40542      291.27317      0.16718273   
   1394000   484.39599      1326.5022      1810.8982      59.044021      296.87393      0.16572003   
   1395000   538.69296      1351.3129      1890.0058      44.210879      302.4266       0.16578426   
   1396000   531.76517      1329.0406      1860.8058      72.727619      297.44201      0.16547891   
   1397000   497.63871      1340.3478      1837.9865      151.07038      299.97258      0.1652542    
   1398000   513.96725      1348.1887      1862.156       236.68103      301.72741      0.16862313   
   1399000   520.96001      1300.3949      1821.3549      219.18467      291.03105      0.17656986   
   1400000   472.96688      1335.5188      1808.4857      243.56872      298.89185      0.18202534   
   1401000   484.45626      1348.0339      1832.4902      183.44007      301.69276      0.17861125   
   1402000   521.38564      1381.0599      1902.4455      146.66221      309.08403      0.1739647    
   1403000   513.11466      1348.7866      1861.9013      137.7256       301.86122      0.16828866   
   1404000   525.63246      1376.6189      1902.2513      126.39558      308.09013      0.16489048   
   1405000   524.66624      1369.3785      1894.0447      46.239984      306.46972      0.16117616   
   1406000   500.0157       1375.9808      1875.9965      86.966412      307.94732      0.16125645   
   1407000   521.65604      1360.0062      1881.6623      168.69387      304.37219      0.16449217   
   1408000   505.19006      1393.6849      1898.875       273.94611      311.90955      0.16937427   
   1409000   511.7242       1368.7254      1880.4496      296.46876      306.32354      0.17334501   
   1410000   502.19223      1359.4186      1861.6108      276.6702       304.24067      0.17439268   
   1411000   478.45651      1391.9866      1870.4431      262.70903      311.52947      0.17211976   
   1412000   526.62087      1350.8984      1877.5193      220.07286      302.33384      0.16854841   
   1413000   550.83618      1335.3012      1886.1374      148.41432      298.84315      0.16418671   
   1414000   543.09502      1387.681       1930.776       110.74736      310.56585      0.15806177   
   1415000   526.9983       1349.2957      1876.294       23.832085      301.97515      0.15289643   
   1416000   529.84449      1343.1959      1873.0404      29.68088       300.61001      0.15239858   
   1417000   523.83368      1340.6711      1864.5047      65.022239      300.04494      0.15531973   
   1418000   501.165        1317.1647      1818.3297      179.63142      294.78416      0.15945092   
   1419000   479.9356       1316.5072      1796.4428      199.36648      294.63701      0.16265231   
   1420000   488.56996      1323.8929      1812.4628      208.83166      296.28994      0.16516885   
   1421000   505.03363      1340.9803      1846.0139      192.37621      300.11414      0.16794215   
   1422000   505.17896      1307.5974      1812.7763      151.11248      292.64297      0.17106154   
   1423000   482.73161      1333.4043      1816.1359      125.98195      298.41861      0.17261001   
   1424000   482.40343      1310.5729      1792.9763      46.215568      293.3089       0.17260581   
   1425000   505.5721       1296.8275      1802.3996      28.854643      290.23266      0.1762346    
   1426000   487.75725      1291.8793      1779.6366      25.614505      289.12524      0.17910356   
   1427000   475.57337      1347.2643      1822.8377      7.7280132      301.52051      0.17889812   
   1428000   483.1189       1342.4818      1825.6007      87.874725      300.45019      0.17811952   
   1429000   497.1119       1330.2096      1827.3215      191.8345       297.70364      0.17403543   
   1430000   518.55432      1330.7877      1849.342       213.96894      297.83302      0.16718981   
   1431000   495.09119      1319.906       1814.9972      243.5388       295.39768      0.16267167   
   1432000   520.8706       1293.6376      1814.5082      188.29718      289.51876      0.16189842   
   1433000   494.69096      1341.6545      1836.3455      144.22401      300.26503      0.16475737   
   1434000   506.1719       1331.0759      1837.2478      101.97538      297.89752      0.16823418   
   1435000   504.54647      1337.7282      1842.2747      114.35713      299.38632      0.16961271   
   1436000   486.11707      1355.6324      1841.7494      157.62068      303.39331      0.17191451   
   1437000   518.10659      1325.0942      1843.2008      176.22057      296.5588       0.17234247   
   1438000   525.78147      1323.7448      1849.5263      186.91166      296.2568       0.17100416   
   1439000   503.45663      1351.7697      1855.2264      183.11388      302.52884      0.16987769   
   1440000   497.99763      1341.677       1839.6746      161.77524      300.27006      0.16827078   
   1441000   508.42977      1297.4901      1805.9199      161.11442      290.38094      0.16646719   
   1442000   485.88454      1339.5312      1825.4158      167.10537      299.78984      0.16612461   
   1443000   532.51632      1321.0869      1853.6032      144.14642      295.66196      0.16622296   
   1444000   513.77841      1323.618       1837.3964      128.65139      296.22843      0.16791438   
   1445000   491.32204      1366.2108      1857.5329      147.87841      305.76079      0.17159657   
   1446000   493.65137      1381.5445      1875.1958      68.808078      309.19249      0.17580655   
   1447000   524.07916      1361.417       1885.4961      83.410025      304.68791      0.18169279   
   1448000   499.16616      1352.3943      1851.5604      117.80523      302.66861      0.18241123   
   1449000   477.38661      1363.5259      1840.9125      144.80053      305.1599       0.17432207   
   1450000   503.01386      1328.9827      1831.9966      191.5932       297.42906      0.16777299   
   1451000   520.06803      1353.8302      1873.8982      222.5886       302.98998      0.1644227    
   1452000   495.98718      1316.161       1812.1482      165.98981      294.55953      0.16164488   
   1453000   503.55922      1310.9195      1814.4788      100.58011      293.38648      0.1615267    
   1454000   489.76731      1323.5324      1813.2997      49.412495      296.20927      0.16300982   
   1455000   515.54384      1328.0411      1843.585       73.861575      297.21833      0.16656145   
   1456000   495.40514      1315.7782      1811.1833      65.724375      294.47385      0.1689567    
   1457000   492.27763      1341.474       1833.7516      165.31117      300.22464      0.17378911   
   1458000   511.15888      1329.8466      1841.0055      178.51382      297.62239      0.17740421   
   1459000   462.77701      1372.0008      1834.7778      188.62727      307.0566       0.17819223   
   1460000   502.53689      1348.3195      1850.8564      161.97291      301.75667      0.17297352   
   1461000   528.30369      1330.1153      1858.419       144.96385      297.68253      0.16561746   
   1462000   515.59728      1373.0916      1888.6889      172.7319       307.30072      0.16269832   
   1463000   529.98638      1355.6288      1885.6152      200.26365      303.39251      0.16142552   
   1464000   530.41732      1374.7838      1905.2012      232.07949      307.67945      0.1634771    
   1465000   505.933        1362.3887      1868.3217      216.53462      304.90538      0.16864058   
   1466000   529.74229      1346.9543      1876.6966      273.27956      301.45115      0.17267064   
   1467000   486.88984      1363.1497      1850.0395      257.90521      305.0757       0.17355314   
   1468000   499.96926      1359.0953      1859.0646      206.06206      304.16833      0.17366656   
   1469000   502.46945      1358.7382      1861.2076      153.77264      304.08839      0.16796278   
   1470000   528.88308      1401.8268      1930.7099      80.7543        313.73171      0.15940891   
   1471000   551.86565      1327.8507      1879.7163      41.040603      297.17571      0.15615774   
   1472000   548.87503      1340.3999      1889.275       40.807654      299.98425      0.15884694   
   1473000   502.08609      1357.4398      1859.5259      100.07728      303.79781      0.16350073   
   1474000   515.98667      1348.9195      1864.9062      146.14353      301.89096      0.16632773   
   1475000   538.25225      1338.718       1876.9703      136.00053      299.60784      0.1651124    
   1476000   538.65213      1389.4691      1928.1212      170.19816      310.96603      0.16308541   
   1477000   502.7545       1383.0715      1885.826       169.50514      309.53424      0.16248369   
   1478000   504.51558      1362.1331      1866.6487      186.39465      304.84818      0.16569296   
   1479000   521.68844      1325.3697      1847.0582      172.31303      296.62047      0.16958076   
   1480000   473.75935      1362.7678      1836.5271      169.48537      304.99022      0.17311221   
   1481000   514.42481      1349.3894      1863.8142      174.25012      301.99612      0.17574354   
   1482000   525.98445      1342.1111      1868.0956      185.25446      300.36722      0.17403502   
   1483000   499.2819       1354.2539      1853.5358      234.91939      303.0848       0.16632281   
   1484000   539.57917      1352.3871      1891.9663      261.08566      302.66701      0.15690353   
   1485000   553.85602      1356.4671      1910.3232      263.37141      303.58013      0.15503032   
   1486000   519.43855      1354.1978      1873.6363      173.99102      303.07224      0.15643148   
   1487000   518.45005      1341.5297      1859.9797      71.263521      300.2371       0.15927391   
   1488000   495.98104      1344.236       1840.2171     -14.096076      300.84279      0.16261867   
   1489000   519.04998      1384.8583      1903.9083     -7.3446536      309.93413      0.16421304   
   1490000   507.0207       1338.9118      1845.9325      39.612291      299.6512       0.16541695   
   1491000   488.03583      1334.853       1822.8889      91.373653      298.74285      0.16589131   
   1492000   513.97651      1309.4916      1823.4681      135.28574      293.06691      0.16746279   
   1493000   491.86468      1343.3165      1835.1812      127.88293      300.637        0.17194722   
   1494000   505.59426      1339.6489      1845.2432      147.86627      299.81618      0.17499093   
   1495000   513.70867      1327.4875      1841.1962      149.99668      297.09443      0.17271981   
   1496000   534.713        1313.304       1848.017       174.33265      293.92012      0.1662825    
   1497000   499.68073      1321.2951      1820.9758      167.44531      295.70855      0.15982897   
   1498000   488.98744      1301.1467      1790.1341      126.29763      291.19929      0.15930029   
   1499000   499.01449      1326.6496      1825.6641      105.17818      296.90691      0.16280612   
   1500000   497.39656      1333.8182      1831.2147      76.064351      298.51124      0.16663662   
   1501000   490.94436      1343.394       1834.3383      109.90526      300.65433      0.17045149   
   1502000   498.3062       1331.6113      1829.9175      176.33525      298.01734      0.17351388   
   1503000   515.62036      1275.584       1791.2044      199.49396      285.47833      0.17274728   
   1504000   502.3388       1313.719       1816.0578      189.38482      294.01302      0.17191495   
   1505000   503.29064      1307.5667      1810.8574      128.85778      292.63612      0.17054288   
   1506000   517.03546      1321.9742      1839.0096      42.129545      295.86053      0.16575549   
   1507000   514.62287      1297.0057      1811.6286     -76.753044      290.27254      0.16080065   
   1508000   518.06715      1282.3881      1800.4553     -86.229395      287.00109      0.15797648   
   1509000   499.72801      1328.696       1828.424       23.988573      297.36489      0.15798657   
   1510000   512.42432      1339.777       1852.2013      145.88591      299.84484      0.15852656   
   1511000   496.29775      1317.4964      1813.7942      248.79324      294.85841      0.16204501   
   1512000   497.92538      1333.5911      1831.5165      353.74495      298.46043      0.17002293   
   1513000   482.1382       1350.0259      1832.1641      284.16958      302.13858      0.1725468    
   1514000   494.25627      1348.4419      1842.6981      217.65457      301.78406      0.17301637   
   1515000   534.25495      1358.5315      1892.7865      121.01492      304.04215      0.1701875    
   1516000   512.97875      1336.0853      1849.064       117.10245      299.01863      0.1648152    
   1517000   501.54103      1363.1756      1864.7166      79.793199      305.08149      0.15843027   
   1518000   518.76407      1346.9397      1865.7038      69.10753       301.44787      0.15620793   
   1519000   528.58024      1332.9205      1861.5007      60.988642      298.31033      0.15622084   
   1520000   528.03555      1328.7215      1856.757       54.249979      297.3706       0.1585916    
   1521000   518.57425      1316.0788      1834.653       112.68894      294.54113      0.16386098   
   1522000   511.31596      1336.6795      1847.9955      195.21884      299.15162      0.1670713    
   1523000   478.63528      1363.6395      1842.2748      261.66787      305.18531      0.16733042   
   1524000   495.46576      1354.8592      1850.325       243.81221      303.22028      0.16833183   
   1525000   526.34117      1357.9997      1884.3408      236.73599      303.92311      0.16850857   
   1526000   511.58131      1337.1748      1848.7561      194.78275      299.26246      0.16662524   
   1527000   540.41821      1345.1728      1885.591       110.97808      301.05243      0.16603108   
   1528000   482.69577      1358.7639      1841.4597      100.45665      304.09415      0.16656832   
   1529000   519.91483      1357.6069      1877.5218      40.859437      303.83522      0.16580219   
   1530000   546.22373      1391.1295      1937.3532      22.704546      311.33764      0.16448662   
   1531000   522.35308      1382.4644      1904.8174      51.501285      309.39836      0.16334677   
   1532000   530.32558      1361.7713      1892.0969      123.75498      304.76721      0.16550575   
   1533000   514.31281      1365.9595      1880.2723      186.69277      305.70453      0.16853899   
   1534000   497.94916      1352.3597      1850.3089      203.50481      302.66088      0.17236849   
   1535000   493.48812      1348.0989      1841.587       203.88605      301.7073       0.17753515   
   1536000   488.16128      1326.9066      1815.0678      152.6434       296.96441      0.18130664   
   1537000   478.43693      1340.7196      1819.1565      135.39806      300.05579      0.18222791   
   1538000   494.49262      1329.7839      1824.2765      120.54324      297.60836      0.17702339   
   1539000   514.30982      1313.548       1827.8578      98.587283      293.97474      0.16957554   
   1540000   499.87463      1331.6196      1831.4942      119.47308      298.0192       0.1652925    
   1541000   507.16394      1338.5751      1845.739       131.2009       299.57585      0.16402663   
   1542000   515.31546      1320.3479      1835.6634      143.35663      295.49658      0.16469763   
   1543000   519.86064      1283.794       1803.6546      179.48771      287.31573      0.16730127   
   1544000   504.89076      1339.545       1844.4357      181.2638       299.79292      0.17086212   
   1545000   486.32132      1339.6689      1825.9902      187.86904      299.82064      0.17695158   
   1546000   493.97027      1295.4419      1789.4121      175.46382      289.92255      0.18576654   
   1547000   483.8793       1339.5937      1823.473       108.89046      299.80381      0.18811135   
   1548000   478.90408      1339.3545      1818.2586      150.05845      299.75029      0.18503986   
   1549000   492.06319      1369.7468      1861.81        156.03613      306.55214      0.17440624   
   1550000   532.23855      1348.3712      1880.6098      176.87762      301.76825      0.16940307   
   1551000   519.47469      1379.4651      1898.9398      188.20982      308.72713      0.16764922   
   1552000   487.98993      1364.6312      1852.6211      172.41203      305.40725      0.16798153   
   1553000   506.77475      1366.5784      1873.3532      117.0486       305.84306      0.16919189   
   1554000   529.8365       1367.5976      1897.4341      98.486452      306.07114      0.17044419   
   1555000   520.27608      1396.0835      1916.3596      79.677335      312.44635      0.16896338   
   1556000   519.97106      1355.902       1875.8731      111.37762      303.45366      0.16445322   
   1557000   535.49726      1359.3363      1894.8335      155.13141      304.22225      0.15921158   
   1558000   512.30964      1357.4314      1869.741       189.56713      303.79592      0.15529121   
   1559000   528.65625      1358.0706      1886.7268      161.84054      303.93899      0.15374286   
   1560000   528.79376      1332.7948      1861.5886      164.99969      298.28221      0.15754934   
   1561000   542.10999      1361.5538      1903.6638      106.76765      304.71854      0.16471348   
   1562000   501.61642      1353.3032      1854.9196      29.498876      302.87203      0.1698235    
   1563000   518.20921      1390.8154      1909.0246      34.865981      311.26734      0.17094823   
   1564000   516.04849      1355.3879      1871.4364      80.5193        303.3386       0.16972794   
   1565000   521.62945      1383.4138      1905.0432      140.63912      309.61084      0.16760617   
   1566000   511.93623      1353.1118      1865.0481      203.31326      302.82921      0.16527762   
   1567000   511.18753      1339.1675      1850.3551      192.22257      299.70844      0.16338346   
   1568000   491.14371      1326.2852      1817.4289      196.73671      296.82535      0.1633632    
   1569000   507.2556       1334.2318      1841.4874      163.62088      298.60383      0.16304764   
   1570000   510.18555      1328.3568      1838.5423      159.57917      297.28898      0.16392806   
   1571000   487.34152      1280.4202      1767.7618      108.42117      286.56068      0.16281661   
   1572000   536.41514      1311.2027      1847.6178      105.72149      293.44986      0.16248387   
   1573000   524.63834      1316.7263      1841.3646      129.12763      294.68604      0.16054821   
   1574000   551.98463      1309.4838      1861.4685      145.5424       293.06517      0.15759193   
   1575000   517.11921      1325.6147      1842.7339      157.55275      296.67528      0.15477398   
   1576000   530.52108      1320.2071      1850.7282      165.05537      295.46505      0.154501     
   1577000   530.11525      1308.1704      1838.2857      153.61037      292.77123      0.15732957   
   1578000   484.76194      1371.9473      1856.7092      148.06162      307.04462      0.1651543    
   1579000   480.25684      1375.0692      1855.326       125.31323      307.7433       0.1710798    
   1580000   523.642        1332.8617      1856.5037      95.547934      298.29718      0.17127515   
   1581000   518.49985      1329.7905      1848.2903      66.069604      297.60984      0.16696615   
   1582000   524.022        1333.0835      1857.1055      92.238986      298.34682      0.16392771   
   1583000   537.09634      1400.0348      1937.1312      122.54727      313.33067      0.16129674   
   1584000   551.34359      1364.0584      1915.402       106.47092      305.27906      0.15726562   
   1585000   560.66001      1347.9004      1908.5604      115.60049      301.66287      0.15458296   
   1586000   544.09506      1370.9783      1915.0734      154.58446      306.82777      0.15504534   
   1587000   499.96162      1306.7068      1806.6684      189.86544      292.44367      0.1620445    
   1588000   525.35418      1312.9008      1838.255       251.67257      293.82989      0.17184101   
   1589000   508.21075      1314.4581      1822.6688      284.52771      294.17841      0.17466835   
   1590000   515.63253      1353.7519      1869.3844      312.86517      302.97245      0.17475016   
   1591000   534.76407      1345.0849      1879.849       273.51022      301.03277      0.17062114   
   1592000   508.12959      1372.9585      1881.0881      208.6635       307.27093      0.16496449   
   1593000   536.30447      1371.1706      1907.4751      129.61937      306.87079      0.16241693   
   1594000   527.69641      1385.0699      1912.7663      64.314503      309.98148      0.16215855   
   1595000   539.37062      1394.077       1933.4477     -3.3241175      311.9973       0.1622446    
   1596000   532.64178      1378.268       1910.9098      18.785054      308.45921      0.16286438   
   1597000   523.37722      1359.2563      1882.6335      141.47435      304.20435      0.16366408   
   1598000   527.96604      1333.9143      1861.8804      259.60718      298.53277      0.16406403   
   1599000   551.3803       1348.5486      1899.9289      397.06189      301.80794      0.16535863   
   1600000   525.90164      1346.9432      1872.8449      397.0711       301.44866      0.16443042   
   1601000   522.67462      1354.1353      1876.81        339.03683      303.05827      0.1618802    
   1602000   526.8012       1342.3913      1869.1925      213.39895      300.42993      0.15960248   
   1603000   522.3333       1351.4902      1873.8235      99.917261      302.46629      0.15725751   
   1604000   527.09701      1304.8639      1831.9609      54.430486      292.03122      0.15702344   
   1605000   505.66604      1348.1129      1853.779       38.254874      301.71044      0.15890889   
   1606000   549.72577      1331.2582      1880.9839      65.001918      297.93831      0.16182843   
   1607000   496.03385      1352.808       1848.8419      78.330808      302.76122      0.16711798   
   1608000   502.73832      1351.0999      1853.8382      120.5646       302.37892      0.17232467   
   1609000   498.88077      1352.882       1851.7628      174.64018      302.77777      0.17389745   
   1610000   506.76688      1385.8904      1892.6573      131.46034      310.16512      0.17356008   
   1611000   502.36141      1344.3639      1846.7253      96.769141      300.87141      0.17299525   
   1612000   503.43998      1376.9326      1880.3726      116.19643      308.16034      0.17223608   
   1613000   527.67072      1359.0238      1886.6945      90.893082      304.15232      0.16895423   
   1614000   502.78961      1366.7178      1869.5074      131.73982      305.87426      0.16635674   
   1615000   509.77752      1373.0486      1882.8261      183.82153      307.2911       0.16506076   
   1616000   517.20984      1308.9149      1826.1248      242.28691      292.93785      0.16696126   
   1617000   511.01794      1322.8945      1833.9124      274.60788      296.06649      0.17228702   
   1618000   489.87975      1326.6387      1816.5185      255.93279      296.90447      0.17718932   
   1619000   477.93331      1320.0379      1797.9712      221.79897      295.42718      0.17942609   
   1620000   509.9225       1326.1384      1836.0609      177.54657      296.7925       0.17802034   
   1621000   520.51519      1363.0902      1883.6054      165.97065      305.06238      0.172843     
   1622000   514.45926      1338.7649      1853.2241      132.73531      299.61833      0.16428914   
   1623000   501.93628      1373.0357      1874.9719      89.930993      307.2882       0.16091961   
   1624000   507.0155       1375.7502      1882.7657      109.80638      307.89571      0.16505749   
   1625000   536.42426      1389.7225      1926.1468      95.280283      311.02276      0.16810752   
   1626000   529.82704      1368.1636      1897.9907      73.347542      306.19783      0.16932473   
   1627000   538.39804      1337.2827      1875.6808      55.933037      299.28662      0.16976491   
   1628000   499.49067      1321.6825      1821.1732      153.44887      295.79527      0.16967249   
   1629000   489.07523      1305.0154      1794.0906      125.47766      292.06512      0.16939901   
   1630000   494.07165      1304.135       1798.2067      154.29038      291.86809      0.17151257   
   1631000   492.83546      1310.9394      1803.7748      177.94034      293.39092      0.17476294   
   1632000   495.34263      1327.7845      1823.1271      187.82007      297.1609       0.17505263   
   1633000   480.58426      1334.2473      1814.8316      185.00479      298.60729      0.17005896   
   1634000   504.69498      1340.1177      1844.8126      128.76062      299.92108      0.1623334    
   1635000   533.30276      1314.9834      1848.2862      80.110885      294.296        0.15981414   
   1636000   495.26686      1309.0209      1804.2877      41.099434      292.96155      0.16089094   
   1637000   519.30027      1335.5666      1854.8669      38.960156      298.90255      0.16480921   
   1638000   479.62         1333.0346      1812.6546      86.127338      298.33588      0.16964919   
   1639000   495.22836      1337.4819      1832.7102      176.36017      299.33119      0.17151027   
   1640000   510.75296      1362.8767      1873.6297      220.48686      305.01461      0.16849105   
   1641000   536.83514      1376.543       1913.3781      218.45985      308.07314      0.16260978   
   1642000   527.29825      1353.795       1881.0932      190.97082      302.9821       0.15935492   
   1643000   524.48236      1383.0547      1907.537       198.42637      309.53048      0.15872059   
   1644000   531.02768      1353.6276      1884.6553      174.69214      302.94463      0.15818624   
   1645000   511.30923      1365.6739      1876.9831      168.16529      305.64061      0.16076119   
   1646000   518.07153      1362.8897      1880.9612      173.43072      305.01751      0.16254      
   1647000   531.20331      1382.3209      1913.5242      109.29335      309.36625      0.16198789   
   1648000   537.34411      1347.1921      1884.5362      40.061942      301.50436      0.16137235   
   1649000   512.38226      1313.4204      1825.8026      40.933743      293.94617      0.16488271   
   1650000   501.91468      1328.3728      1830.2875      112.17809      297.29256      0.17521414   
   1651000   471.78924      1316.018       1787.8072      201.52736      294.52753      0.18105571   
   1652000   497.71728      1329.917       1827.6343      238.05598      297.63815      0.18235319   
   1653000   506.91639      1344.8426      1851.759       237.41269      300.97854      0.17788346   
   1654000   534.22897      1351.7289      1885.9579      228.09858      302.51971      0.17264249   
   1655000   522.52486      1357.749       1880.2738      172.42292      303.86701      0.16828391   
   1656000   522.86079      1378.9671      1901.8279      108.49396      308.61568      0.16706575   
   1657000   524.24271      1369.2645      1893.5072      0.8359783      306.44421      0.16615122   
   1658000   552.69099      1336.2431      1888.9341     -11.032312      299.05394      0.16739042   
   1659000   512.13623      1373.2627      1885.399       30.190107      307.33901      0.16998356   
   1660000   511.95582      1394.8412      1906.7971      103.11895      312.16833      0.17173522   
   1661000   482.90398      1359.4023      1842.3063      149.14092      304.23702      0.16823527   
   1662000   533.77865      1355.3111      1889.0897      178.24067      303.3214       0.16291609   
   1663000   528.08348      1360.0965      1888.18        178.85306      304.39239      0.1586898    
   1664000   517.93033      1367.6964      1885.6268      163.96768      306.09327      0.15992719   
   1665000   541.89143      1357.3958      1899.2873      89.46697       303.78797      0.16463288   
   1666000   517.02992      1366.6349      1883.6648      77.412059      305.8557       0.17216287   
   1667000   484.98626      1331.0511      1816.0374      48.995578      297.89197      0.17572426   
   1668000   473.11924      1350.5327      1823.652       124.77893      302.25199      0.17645108   
   1669000   477.01289      1348.2947      1825.3076      189.69771      301.75112      0.17483478   
   1670000   519.96014      1323.4459      1843.406       239.18244      296.18991      0.17327291   
   1671000   509.3679       1312.8559      1822.2238      139.783        293.81984      0.16748146   
   1672000   536.55356      1359.338       1895.8915      86.561804      304.22263      0.16269365   
   1673000   527.47738      1321.2695      1848.7469      45.588666      295.70283      0.15919955   
   1674000   516.02117      1333.1397      1849.1609      66.711788      298.3594       0.16033504   
   1675000   518.80977      1337.7065      1856.5162      84.545093      299.38145      0.16602124   
   1676000   487.72194      1346.2391      1833.961       122.2456       301.29107      0.17184074   
   1677000   494.49129      1311.229       1805.7203      151.53936      293.45573      0.17404581   
   1678000   510.80617      1298.6067      1809.4129      167.24883      290.63085      0.17454133   
   1679000   507.70752      1291.4443      1799.1518      115.68768      289.02788      0.17367798   
   1680000   520.59002      1370.7738      1891.3638      94.805462      306.78199      0.17130562   
   1681000   511.55501      1382.2788      1893.8338      131.168        309.35682      0.16903836   
   1682000   509.96052      1344.9855      1854.946       160.56872      301.01052      0.1650394    
   1683000   522.9473       1328.965       1851.9123      207.89665      297.42508      0.15872302   
   1684000   557.99875      1345.4748      1903.4736      250.05093      301.12003      0.15844541   
   1685000   496.43504      1368.6132      1865.0483      268.56545      306.29845      0.1630108    
   1686000   517.74331      1380.9985      1898.7418      204.96599      309.0703       0.16981611   
   1687000   506.52572      1353.5636      1860.0894      107.46903      302.93032      0.17454689   
   1688000   519.04311      1365.5642      1884.6073      92.503395      305.61607      0.17814528   
   1689000   494.74881      1388.5039      1883.2527      29.101589      310.75002      0.17766051   
   1690000   512.61448      1350.7329      1863.3474     -13.066226      302.2968       0.17345419   
   1691000   518.22907      1340.2142      1858.4433      54.689661      299.94269      0.17071894   
   1692000   515.3902       1384.3178      1899.708       147.37888      309.81317      0.17121895   
   1693000   525.68721      1408.5307      1934.2179      201.72678      315.23206      0.17165729   
   1694000   485.12224      1358.8575      1843.9797      235.95953      304.11509      0.16977597   
   1695000   499.93671      1357.8324      1857.7691      231.93673      303.88567      0.16726584   
   1696000   511.93563      1340.0427      1851.9783      208.45182      299.9043       0.16513098   
   1697000   514.55205      1380.9659      1895.5179      121.51982      309.06299      0.16241679   
   1698000   531.66943      1385.3456      1917.015       103.72153      310.04319      0.1611746    
   1699000   517.3369       1355.1022      1872.4391      92.490611      303.27465      0.16328395   
   1700000   509.52755      1341.042       1850.5695      138.18064      300.12795      0.1675356    
   1701000   499.26885      1365.1398      1864.4087      157.97838      305.52109      0.17045096   
   1702000   525.14231      1444.6791      1969.8214      226.5169       323.32215      0.17082934   
   1703000   551.22752      1360.0763      1911.3039      147.64227      304.38788      0.1668764    
   1704000   533.43187      1345.0542      1878.4861      133.52394      301.02589      0.16102777   
   1705000   517.83476      1364.6345      1882.4693      106.03748      305.40801      0.15741733   
   1706000   561.68241      1337.4166      1899.099       42.45358       299.31657      0.15722154   
   1707000   520.6453       1299.0763      1819.7216      90.117512      290.73594      0.1677965    
   1708000   496.06427      1295.2812      1791.3455      176.42452      289.88659      0.17676738   
   1709000   463.71289      1316.4476      1780.1605      191.17033      294.62368      0.17809858   
   1710000   474.78973      1318.0863      1792.876       225.34085      294.99042      0.17808646   
   1711000   482.6474       1334.2403      1816.8877      177.52442      298.60571      0.1754798    
   1712000   480.15906      1326.1384      1806.2975      103.09755      296.79249      0.17152148   
   1713000   490.39446      1346.6448      1837.0393      74.243605      301.38188      0.16932022   
   1714000   504.48047      1369.909       1874.3894      78.51852       306.58843      0.16929214   
   1715000   541.01312      1339.0866      1880.0997      121.81578      299.69032      0.16890925   
   1716000   534.76402      1328.5719      1863.3359      112.3696       297.33712      0.16589661   
   1717000   525.15457      1363.9881      1889.1427      144.73169      305.26334      0.16287015   
   1718000   538.33909      1393.2458      1931.5849      174.37078      311.81126      0.16015125   
   1719000   512.9102       1373.3906      1886.3008      163.07089      307.36763      0.15911533   
   1720000   559.64775      1329.6506      1889.2984      143.67151      297.57854      0.1624433    
   1721000   511.62273      1383.5775      1895.2002      130.67052      309.64748      0.16848118   
   1722000   502.10549      1342.0696      1844.1751      182.4184       300.35793      0.17232674   
   1723000   489.26244      1317.0685      1806.331       164.19178      294.76264      0.17159501   
   1724000   498.85829      1309.765       1808.6233      153.55829      293.1281       0.16868718   
   1725000   501.54382      1327.1264      1828.6702      132.53765      297.01362      0.16476787   
   1726000   523.66282      1319.7775      1843.4403      132.24363      295.36891      0.16285849   
   1727000   524.26638      1306.1821      1830.4485      98.812782      292.32623      0.1601519    
   1728000   506.51882      1261.3614      1767.8802      93.707434      282.29527      0.15894815   
   1729000   501.09229      1313.4347      1814.527       122.90115      293.94939      0.1649528    
   1730000   501.71559      1332.5567      1834.2722      117.49395      298.22891      0.17102388   
   1731000   509.28401      1321.619       1830.903       108.31977      295.78105      0.17351321   
   1732000   494.63476      1344.9958      1839.6306      80.295153      301.01283      0.17434223   
   1733000   510.45704      1327.3048      1837.7618      57.777103      297.05353      0.17332951   
   1734000   510.21283      1285.7099      1795.9228      40.766885      287.74452      0.17020524   
   1735000   523.27371      1313.6752      1836.9489      104.53333      294.0032       0.16656419   
   1736000   522.95366      1353.09        1876.0437      136.16139      302.82432      0.16068548   
   1737000   535.17718      1367.8611      1903.0383      183.29061      306.13012      0.15787252   
   1738000   519.43256      1356.4916      1875.9242      195.15358      303.58561      0.15814789   
   1739000   540.34787      1343.1833      1883.5312      127.87003      300.60718      0.16051391   
   1740000   526.17152      1329.6591      1855.8307      74.612797      297.58044      0.16741136   
   1741000   486.68841      1327.0083      1813.6968      54.147601      296.98719      0.17193986   
   1742000   494.22831      1343.3024      1837.5307      96.288516      300.63383      0.17149004   
   1743000   519.91305      1312.2455      1832.1586      153.27254      293.68324      0.16715333   
   1744000   505.02601      1333.8682      1838.8942      227.23465      298.52244      0.16255278   
   1745000   497.8826       1332.0943      1829.9769      217.9429       298.12544      0.16031523   
   1746000   531.9417       1309.0634      1841.0051      164.81083      292.97109      0.16034268   
   1747000   523.18161      1306.8881      1830.0697      89.075414      292.48423      0.16462036   
   1748000   494.61586      1287.5822      1782.1981      37.262973      288.16355      0.17148371   
   1749000   511.64229      1303.2656      1814.9079     -19.728315      291.67352      0.17475773   
   1750000   513.31616      1301.7425      1815.0587      24.338877      291.33265      0.17586805   
   1751000   519.12764      1326.8874      1846.015       123.92327      296.96011      0.17397759   
   1752000   495.36845      1364.2175      1859.5859      204.4255       305.31468      0.17065541   
   1753000   521.12497      1373.9424      1895.0674      253.27723      307.49114      0.16904411   
   1754000   512.5968       1344.06        1856.6568      219.86686      300.80338      0.16651242   
   1755000   498.45733      1355.8481      1854.3054      183.75309      303.44158      0.16360732   
   1756000   506.4177       1355.9216      1862.3393      180.48684      303.45805      0.16250875   
   1757000   537.00977      1360.9972      1898.007       167.86932      304.59397      0.16257904   
   1758000   518.42008      1329.795       1848.2151      166.80989      297.61085      0.1631232    
   1759000   512.99179      1358.621       1871.6128      138.7143       304.06217      0.16696842   
   1760000   503.01694      1355.8265      1858.8435      159.55399      303.43676      0.17268569   
   1761000   488.57294      1290.6416      1779.2146      145.12714      288.84825      0.17298333   
   1762000   449.68461      1346.2237      1795.9083      138.13535      301.28762      0.16806846   
   1763000   522.04484      1300.4902      1822.5351      120.25644      291.05238      0.16156049   
   1764000   542.17016      1336.9683      1879.1385      114.32858      299.21625      0.15882927   
   1765000   517.61153      1372.7373      1890.3488      150.40172      307.22142      0.15921843   
   1766000   521.85531      1354.0852      1875.9405      161.03701      303.04704      0.16047197   
   1767000   509.03237      1380.8195      1889.8519      191.23777      309.03025      0.16373317   
   1768000   515.48789      1407.9227      1923.4106      211.84564      315.09599      0.16855944   
   1769000   516.00733      1390.6482      1906.6555      145.33103      311.22993      0.1703198    
   1770000   508.3943       1365.052       1873.4463      166.61444      305.50144      0.17272829   
   1771000   476.13589      1364.2208      1840.3566      164.47665      305.31541      0.17324835   
   1772000   501.42254      1373.015       1874.4376      189.17387      307.28358      0.17362324   
   1773000   536.05903      1348.5118      1884.5709      183.78982      301.79972      0.17321516   
   1774000   542.99434      1379.6277      1922.6221      151.6478       308.76352      0.16815314   
   1775000   515.5453       1339.9296      1855.4749      112.51968      299.879        0.16174352   
   1776000   523.01394      1329.4571      1852.471       98.324514      297.53522      0.16170081   
   1777000   520.69443      1302.6207      1823.3151      61.213368      291.52918      0.16527017   
   1778000   512.06601      1339.3542      1851.4202      89.862282      299.75022      0.16883521   
   1779000   521.25098      1312.8694      1834.1203      175.72794      293.82286      0.16932492   
   1780000   528.09804      1321.8537      1849.9518      253.91572      295.83358      0.1677469    
   1781000   507.6798       1318.7902      1826.47        274.91372      295.14794      0.16565136   
   1782000   490.62197      1300.5457      1791.1677      234.76621      291.0648       0.16435363   
   1783000   511.10745      1276.2684      1787.3758      142.9033       285.63148      0.16638971   
   1784000   480.95765      1328.0655      1809.0231      79.415364      297.22378      0.17441577   
   1785000   475.1425       1329.846       1804.9885      11.465551      297.62226      0.1806467    
   1786000   508.86588      1288.7254      1797.5912     -59.082676      288.41938      0.17960585   
   1787000   494.61512      1281.8624      1776.4775      50.520822      286.88343      0.17687418   
   1788000   508.31202      1297.8562      1806.1682      122.57719      290.46287      0.17325928   
   1789000   515.47124      1302.4107      1817.882       191.81883      291.4822       0.17086485   
   1790000   501.11643      1356.9361      1858.0525      196.56318      303.68508      0.17139803   
   1791000   538.41076      1354.2146      1892.6254      154.60313      303.07601      0.17419324   
   1792000   500.19729      1370.3931      1870.5904      119.53243      306.69678      0.17562477   
   1793000   502.88072      1364.0411      1866.9218      55.256763      305.2752       0.1768002    
   1794000   491.96253      1371.3436      1863.3062      30.173232      306.90952      0.17896515   
   1795000   511.75811      1407.998       1919.7561      22.513892      315.11283      0.17862167   
   1796000   493.38833      1407.634       1901.0223      80.577912      315.03137      0.17483943   
   1797000   521.02321      1355.9429      1876.9661      157.8481       303.46279      0.17214169   
   1798000   518.89139      1337.8564      1856.7478      149.92232      299.41501      0.1681296    
   1799000   520.78648      1322.6199      1843.4064      109.53243      296.00506      0.16544052   
   1800000   499.57469      1344.5849      1844.1596      111.2379       300.92086      0.16807268   
   1801000   490.63053      1321.0047      1811.6353      76.396869      295.64357      0.17558471   
   1802000   495.00569      1342.0039      1837.0096      142.81455      300.34324      0.18187636   
   1803000   488.07939      1353.4472      1841.5266      174.04437      302.90426      0.18287657   
   1804000   492.62106      1328.0065      1820.6276      244.4175       297.21059      0.18291579   
   1805000   495.89366      1323.067       1818.9606      292.22532      296.1051       0.18156042   
   1806000   498.66688      1308.5203      1807.1871      322.56886      292.84952      0.17621641   
   1807000   477.68605      1307.9334      1785.6195      187.55372      292.71818      0.16944302   
   1808000   488.8725       1299.5623      1788.4348      113.31211      290.84472      0.16794521   
   1809000   500.13328      1323.9579      1824.0912      98.830767      296.30449      0.16909265   
   1810000   511.75444      1332.5927      1844.3471      30.158477      298.23697      0.17005629   
   1811000   485.83443      1350.0651      1835.8996      2.9797764      302.14735      0.17455319   
   1812000   518.16038      1330.3797      1848.5401      15.834406      297.74171      0.17811139   
   1813000   508.60466      1325.2612      1833.8658      97.962357      296.59617      0.17910087   
   1814000   510.85262      1376.7108      1887.5634      162.43486      308.1107       0.17476719   
   1815000   516.14296      1346.2255      1862.3685      122.44796      301.28803      0.16715371   
   1816000   540.53799      1322.3493      1862.8873      79.628109      295.9445       0.16359658   
   1817000   531.79057      1329.2911      1861.0817      37.150361      297.49808      0.16291435   
   1818000   514.38966      1323.1336      1837.5232      36.788271      296.12001      0.1641998    
   1819000   519.55367      1344.2356      1863.7893      108.3003       300.8427       0.16787761   
   1820000   523.85945      1324.5332      1848.3927      161.38037      296.43326      0.17266179   
   1821000   488.55157      1344.5439      1833.0954      205.30761      300.91168      0.17603597   
   1822000   456.26392      1350.4742      1806.7382      208.64737      302.2389       0.17587064   
   1823000   506.13981      1318.96        1825.0998      107.44854      295.18596      0.17253969   
   1824000   523.9081       1324.1031      1848.0112      48.159645      296.337        0.16743887   
   1825000   500.95627      1329.3227      1830.279      -3.0026229      297.50515      0.16073485   
   1826000   507.76704      1304.8277      1812.5948     -15.045274      292.02312      0.15837028   
   1827000   523.40808      1334.5347      1857.9428      50.725206      298.6716       0.16199848   
   1828000   488.95079      1360.1637      1849.1145      186.18072      304.40743      0.16783848   
   1829000   505.03364      1395.4214      1900.4551      296.11995      312.29818      0.17195464   
   1830000   521.59185      1366.2892      1887.8811      280.00306      305.77833      0.17286412   
   1831000   490.79993      1355.424       1846.224       235.68967      303.34668      0.17482297   
   1832000   488.9324       1323.7598      1812.6922      141.84411      296.26016      0.17728141   
   1833000   480.53555      1287.1975      1767.733       96.424925      288.07744      0.17594513   
   1834000   468.25977      1370.848       1839.1077      124.36437      306.79859      0.17193574   
   1835000   513.4584       1327.0504      1840.5088      177.36773      296.99661      0.16473736   
   1836000   537.42725      1311.0416      1848.4689      153.27892      293.4138       0.16073543   
   1837000   509.40124      1305.6696      1815.0709      161.43876      292.21154      0.16385596   
   1838000   504.52182      1345.0674      1849.5892      179.62933      301.02885      0.16849267   
   1839000   505.5098       1349.1809      1854.6907      115.93207      301.94945      0.17245034   
   1840000   501.10593      1345.3681      1846.474       132.35403      301.09614      0.17430992   
   1841000   513.30909      1348.3024      1861.6115      75.604364      301.75284      0.17162648   
   1842000   509.333        1322.4554      1831.7884      133.56395      295.96822      0.17082157   
   1843000   536.07424      1353.3762      1889.4505      154.52073      302.88838      0.17151133   
   1844000   497.21651      1369.3768      1866.5933      189.18031      306.46934      0.17402658   
   1845000   508.84574      1364.3812      1873.227       189.6488       305.35132      0.17980521   
   1846000   501.56889      1360.8272      1862.3961      152.12716      304.55593      0.18604113   
   1847000   493.51449      1355.7232      1849.2377      89.785024      303.41364      0.18588805   
   1848000   506.5962       1363.9036      1870.4998      59.530916      305.24443      0.17799316   
   1849000   538.28294      1363.328       1901.6109      40.362319      305.1156       0.17010281   
   1850000   514.6981       1345.6812      1860.3793      61.462118      301.16622      0.16619679   
   1851000   524.71068      1374.2838      1898.9945      97.270803      307.56754      0.16287112   
   1852000   511.53542      1348.1336      1859.6691      108.96973      301.71508      0.16073935   
   1853000   508.87546      1363.7279      1872.6034      154.43483      305.2051       0.163448     
   1854000   513.32786      1359.5481      1872.8759      167.85008      304.26965      0.16797335   
   1855000   486.08073      1369.0712      1855.1519      216.67479      306.40094      0.17374704   
   1856000   518.61046      1380.3441      1898.9546      209.22256      308.92385      0.17514176   
   1857000   566.87686      1353.3114      1920.1883      181.3825       302.87387      0.17366174   
   1858000   497.48359      1345.5184      1843.002       130.14672      301.12978      0.17234369   
   1859000   482.43815      1347.466       1829.9041      88.514348      301.56565      0.17183716   
   1860000   512.78145      1324.2539      1837.0354      46.371907      296.37075      0.17031197   
   1861000   512.4046       1299.9188      1812.3233      63.896858      290.92449      0.16679047   
   1862000   532.12038      1312.4437      1844.5641      149.7286       293.7276       0.16464192   
   1863000   510.14996      1295.1311      1805.2811      187.31165      289.853        0.16278275   
   1864000   522.49415      1310.176       1832.6702      194.44328      293.22009      0.16312833   
   1865000   536.59047      1306.203       1842.7935      157.15689      292.33092      0.16543642   
   1866000   497.80485      1324.0205      1821.8254      153.67413      296.31852      0.16734996   
   1867000   503.79533      1319.0878      1822.8831      138.20621      295.21456      0.16730841   
   1868000   527.06853      1337.0742      1864.1428      176.16271      299.23996      0.1682843    
   1869000   510.19928      1352.0884      1862.2876      174.52414      302.60015      0.16585999   
   1870000   521.83501      1340.2334      1862.0684      177.0188       299.94699      0.16148435   
   1871000   514.51738      1394.3649      1908.8823      124.25667      312.06172      0.16065209   
   1872000   554.94551      1374.3664      1929.3119      72.490189      307.58603      0.16385153   
   1873000   499.00723      1363.7535      1862.7608      48.903525      305.21084      0.17069979   
   1874000   507.50627      1322.6823      1830.1885      87.311341      296.019        0.17605497   
   1875000   516.90612      1316.7838      1833.6899      148.16061      294.69892      0.176475     
   1876000   461.61378      1367.5053      1829.1191      231.67414      306.05049      0.17471133   
   1877000   477.00239      1347.1532      1824.1556      226.22287      301.49564      0.1727719    
   1878000   525.81652      1310.9327      1836.7492      189.80524      293.38942      0.17092994   
   1879000   496.17606      1299.6256      1795.8017      192.27663      290.85888      0.17073379   
   1880000   498.06698      1328.6672      1826.7342      144.62469      297.35845      0.16726657   
   1881000   515.44674      1315.7064      1831.1532      88.092677      294.4578       0.15897357   
   1882000   545.29336      1318.5494      1863.8428      61.391887      295.09407      0.15470941   
   1883000   527.61344      1322.5681      1850.1815      89.149841      295.99345      0.15647256   
   1884000   522.99405      1315.0444      1838.0385      110.6425       294.30964      0.16310445   
   1885000   551.98128      1315.1323      1867.1136      121.89476      294.32931      0.1699641    
   1886000   506.96909      1313.9107      1820.8798      172.14752      294.05592      0.17417038   
   1887000   499.18589      1333.6205      1832.8064      173.58653      298.46701      0.17373519   
   1888000   494.80328      1335.6001      1830.4034      175.47574      298.91005      0.1707717    
   1889000   519.66027      1350.1893      1869.8496      144.2599       302.17513      0.16775165   
   1890000   548.66916      1354.1735      1902.8427      135.13764      303.06681      0.16505235   
   1891000   518.40969      1347.6097      1866.0194      91.860794      301.59783      0.16373461   
   1892000   530.69065      1338.4737      1869.1643      93.762239      299.55315      0.16400203   
   1893000   551.71813      1364.631       1916.3492      91.211335      305.40722      0.16916688   
   1894000   526.30483      1353.5939      1879.8987      100.38635      302.93709      0.17601592   
   1895000   524.03158      1320.2696      1844.3012      143.25683      295.47905      0.17888055   
   1896000   515.77185      1327.3993      1843.1711      105.17005      297.07468      0.17663942   
   1897000   526.84555      1296.494       1823.3395      98.728653      290.15801      0.17273932   
   1898000   501.26288      1286.1224      1787.3852      134.27076      287.83683      0.17070131   
   1899000   516.55645      1312.0826      1828.6391      146.02167      293.64679      0.17194095   
   1900000   518.96732      1307.9647      1826.932       118.62734      292.72518      0.17269883   
   1901000   484.63629      1304.0926      1788.7289      78.293726      291.8586       0.17500793   
   1902000   489.9474       1316.8376      1806.785       101.98297      294.71097      0.18205699   
   1903000   487.70431      1313.6843      1801.3886      100.62017      294.00525      0.18884247   
   1904000   464.78998      1314.0688      1778.8588      116.9997       294.09129      0.18915005   
   1905000   488.0679       1333.4771      1821.545       239.0939       298.43492      0.18501561   
   1906000   496.4313       1386.8586      1883.2899      363.25077      310.38181      0.17876688   
   1907000   519.41205      1345.895       1865.3071      354.62036      301.21407      0.17367638   
   1908000   516.51051      1348.4542      1864.9647      342.0136       301.78682      0.17017096   
   1909000   509.89564      1308.5058      1818.4015      292.48703      292.84629      0.16873315   
   1910000   508.54798      1297.2932      1805.8412      189.82481      290.33689      0.17084274   
   1911000   487.85567      1348.0788      1835.9345      82.243132      301.7028       0.17390664   
   1912000   507.55128      1336.6419      1844.1932      64.811489      299.1432       0.17783532   
   1913000   498.95868      1331.0151      1829.9738      84.683758      297.88392      0.17645158   
   1914000   508.22434      1288.0377      1796.262       116.63678      288.26548      0.16976875   
   1915000   532.8711       1325.8461      1858.7172      137.45288      296.72709      0.16156719   
   1916000   525.44674      1307.5135      1832.9602      137.48193      292.6242       0.16021025   
   1917000   521.25596      1301.5952      1822.8511      153.18727      291.29967      0.16389862   
   1918000   500.25518      1323.4093      1823.6645      124.38248      296.18172      0.16838826   
   1919000   505.12991      1334.7862      1839.9161      140.15733      298.72789      0.17155314   
   1920000   504.90274      1309.2846      1814.1874      105.83476      293.02059      0.1736165    
   1921000   512.09468      1326.0047      1838.0993      136.52234      296.76256      0.17516774   
   1922000   480.86551      1333.2804      1814.1459      169.46825      298.39088      0.17666619   
   1923000   498.48508      1348.9805      1847.4656      218.04289      301.9046       0.1771327    
   1924000   489.3914       1373.2758      1862.6672      281.7305       307.34194      0.17194713   
   1925000   524.47663      1352.4393      1876.9159      250.09302      302.67868      0.16246501   
   1926000   507.20528      1354.7644      1861.9696      238.16981      303.19904      0.16123471   
   1927000   487.43707      1321.6981      1809.1351      202.53799      295.79874      0.16358832   
   1928000   502.16403      1281.8015      1783.9655      93.551124      286.86981      0.16637426   
   1929000   494.99267      1292.9213      1787.914       60.790492      289.35845      0.17008231   
   1930000   488.64025      1327.7672      1816.4075      111.91641      297.15703      0.17477755   
   1931000   506.14672      1315.4271      1821.5739      136.45054      294.39529      0.17501937   
   1932000   502.90523      1329.0853      1831.9905      170.86211      297.45202      0.17155918   
   1933000   556.30615      1282.1781      1838.4843      128.6509       286.9541       0.16636259   
   1934000   504.03479      1289.6507      1793.6855      121.24906      288.62648      0.16563313   
   1935000   496.09218      1333.0876      1829.1798      49.011358      298.34775      0.16702512   
   1936000   505.10991      1323.1061      1828.2161      40.80802       296.11387      0.16852466   
   1937000   498.06176      1338.3493      1836.4111      63.586387      299.52532      0.17011742   
   1938000   477.46901      1358.4808      1835.9498      139.8124       304.03078      0.1723891    
   1939000   495.36952      1287.2438      1782.6134      135.3821       288.08781      0.17214724   
   1940000   529.04763      1281.5846      1810.6322      94.599004      286.82126      0.17059274   
   1941000   496.56047      1338.1041      1834.6646      160.54684      299.47045      0.16818706   
   1942000   504.06034      1389.6632      1893.7235      211.97741      311.00947      0.1635862    
   1943000   543.70998      1345.2813      1888.9913      156.27933      301.07672      0.15836691   
   1944000   560.00721      1329.2085      1889.2157      99.214412      297.47959      0.15647357   
   1945000   534.58812      1357.4478      1892.0359      98.921559      303.79961      0.15953029   
   1946000   517.24306      1361.0628      1878.3059      96.498092      304.60865      0.16922073   
   1947000   536.42461      1330.762       1867.1866      158.09961      297.82727      0.17358678   
   1948000   521.54807      1363.0714      1884.6195      166.64506      305.05819      0.1734926    
   1949000   497.39413      1408.1255      1905.5196      137.10498      315.14137      0.16978592   
   1950000   568.13919      1407.1679      1975.3071      61.279123      314.92707      0.1648869    
   1951000   565.45552      1326.8264      1892.2819     -7.5875046      296.94646      0.16211138   
   1952000   518.40039      1357.3108      1875.7112      2.2032944      303.76894      0.16321133   
   1953000   516.29176      1368.3         1884.5917      21.888538      306.22834      0.16763115   
   1954000   509.37798      1334.1929      1843.5709      93.611468      298.59512      0.17139114   
   1955000   525.28299      1388.7325      1914.0155      177.36318      310.80119      0.17379442   
   1956000   527.07253      1332.8966      1859.9692      162.77952      298.305        0.17279328   
   1957000   485.94952      1361.4159      1847.3654      191.07547      304.68767      0.17090235   
   1958000   544.81712      1397.5042      1942.3213      226.20825      312.7643       0.16963284   
   1959000   542.49201      1357.8351      1900.3272      199.52427      303.88629      0.16724144   
   1960000   522.45086      1343.4311      1865.882       190.29359      300.66264      0.16443576   
   1961000   539.44915      1345.8013      1885.2504      111.88644      301.19309      0.16185259   
   1962000   539.17779      1354.6612      1893.839       62.802067      303.17597      0.1622086    
   1963000   538.78272      1301.702       1840.4847      37.033996      291.32358      0.1693134    
   1964000   523.79443      1321.1877      1844.9821      121.666        295.68452      0.17718595   
   1965000   510.33116      1337.4251      1847.7563      161.3614       299.31849      0.17723818   
   1966000   525.76791      1321.019       1846.7869      204.93958      295.64676      0.17353914   
   1967000   509.88772      1325.5336      1835.4213      159.19904      296.65714      0.16929317   
   1968000   508.98128      1282.0519      1791.0332      91.836996      286.92586      0.16648069   
   1969000   522.51025      1270.8043      1793.3146      46.190735      284.40862      0.16673754   
   1970000   501.55865      1310.9172      1812.4758      41.211526      293.38596      0.16834287   
   1971000   529.04937      1316.9879      1846.0372      11.51529       294.74459      0.17005375   
   1972000   524.21955      1294.9963      1819.2158      56.221482      289.82283      0.17237026   
   1973000   497.69709      1341.2541      1838.9511      134.57447      300.17541      0.1720381    
   1974000   506.91733      1317.1429      1824.0603      168.71683      294.77929      0.16511792   
   1975000   517.76277      1340.6454      1858.4081      163.92266      300.03919      0.15692305   
   1976000   528.12744      1304.655       1832.7824      150.51013      291.98446      0.15463138   
   1977000   514.22112      1331.1478      1845.3689      147.65446      297.91361      0.1564865    
   1978000   499.65408      1321.3816      1821.0356      97.435734      295.72791      0.16214733   
   1979000   485.32503      1345.0555      1830.3805      102.73803      301.02618      0.16895089   
   1980000   509.65538      1326.5344      1836.1898      115.78112      296.88111      0.17321063   
   1981000   492.78739      1277.3283      1770.1157      159.88112      285.8687       0.17555487   
   1982000   513.71452      1315.9606      1829.6751      186.05595      294.51468      0.17674555   
   1983000   527.13175      1335.2804      1862.4122      229.54049      298.8385       0.17423451   
   1984000   506.37287      1367.4071      1873.78        201.16398      306.02852      0.16684713   
   1985000   539.73106      1349.1097      1888.8408      136.06625      301.93353      0.16318991   
   1986000   516.9889       1350.9392      1867.9281      111.32068      302.34296      0.16462276   
   1987000   537.65201      1369.432       1907.084       123.9313       306.4817       0.16572475   
   1988000   551.04289      1342.9746      1894.0175      84.114719      300.56047      0.16592181   
   1989000   519.02492      1355.3393      1874.3642      128.8567       303.32772      0.16611177   
   1990000   521.97966      1380.3746      1902.3542      174.10199      308.93066      0.16673811   
   1991000   531.96984      1348.1113      1880.0811      145.06011      301.71007      0.16681861   
   1992000   556.77745      1326.1215      1882.899       124.12097      296.78872      0.16623364   
   1993000   538.8563       1367.5764      1906.4327      71.259253      306.06641      0.1664385    
   1994000   540.18211      1328.6271      1868.8092      7.847127       297.34948      0.16698531   
   1995000   500.64391      1337.6737      1838.3176      2.1319938      299.37412      0.17072483   
   1996000   504.22826      1343.7368      1847.9651      13.02815       300.73106      0.17662368   
   1997000   526.37814      1300.2378      1826.6159      32.539965      290.99589      0.18053986   
   1998000   501.64567      1338.8367      1840.4824      96.676078      299.6344       0.17982541   
   1999000   509.9003       1317.1539      1827.0542      123.37327      294.78174      0.17470616   
   2000000   507.6427       1283.9628      1791.6055      179.04095      287.35352      0.16768078   
Loop time of 10278.9 on 8 procs for 2000000 steps with 1500 atoms

Performance: 8.406 ns/day, 2.855 hours/ns, 194.573 timesteps/s, 291.860 katom-step/s
99.4% CPU use with 8 MPI tasks x 1 OpenMP threads

MPI task timing breakdown:
Section |  min time  |  avg time  |  max time  |%varavg| %total
---------------------------------------------------------------
Pair    | 342.95     | 354.41     | 367.63     |  51.6 |  3.45
Bond    | 19.355     | 20.149     | 21.05      |  12.0 |  0.20
Kspace  | 4627.5     | 4643.3     | 4656.2     |  16.2 | 45.17
Neigh   | 6.2725     | 6.2815     | 6.2951     |   0.3 |  0.06
Comm    | 150.79     | 152.91     | 154.95     |  13.4 |  1.49
Output  | 0.13756    | 0.90238    | 6.2553     | 213.0 |  0.01
Modify  | 4507.4     | 4798.4     | 5075       | 309.7 | 46.68
Other   |            | 302.6      |            |       |  2.94

Nlocal:          187.5 ave         216 max         166 min
Histogram: 1 1 1 1 2 0 0 0 1 1
Nghost:        1686.62 ave        1715 max        1649 min
Histogram: 1 0 0 2 0 1 0 1 2 1
Neighs:        14388.6 ave       18973 max       12292 min
Histogram: 2 2 2 0 0 1 0 0 0 1

Total # of neighbors = 115109
Ave neighs/atom = 76.739333
Ave special neighs/atom = 2
Neighbor list builds = 12336
Dangerous builds = 0

write_data      ${NAME}_final.data
write_data      N2_final.data
System init for write_data ...
PPPM initialization ...
  using 12-bit tables for long-range coulomb (src/kspace.cpp:342)
  G vector (1/distance) = 0.26876146
  grid = 48 48 48
  stencil order = 5
  estimated absolute RMS force accuracy = 0.00039627773
  estimated relative force accuracy = 1.1933786e-06
  using single precision FFTW3
  3d grid and FFT values/proc = 29791 13824
Generated 1 of 1 mixed pair_coeff terms from arithmetic mixing rule
Last active /omp style is kspace_style pppm/omp

quit
