units		    real
atom_style	    full
boundary        p p p
pair_style	    lj/cut/coul/long 12
pair_modify     mix arithmetic tail yes
kspace_style    pppm 1e-6
bond_style      harmonic
angle_style     harmonic

read_data       ./data.lmp           # read the positions --------------comment it out for restarting
Reading data file ...
  orthogonal box = (0 0 0) to (54.965023 54.965023 54.965023)
  2 by 2 by 2 MPI processor grid
  reading atoms ...
  1500 atoms
  scanning bonds ...
  1 = max bonds/atom
  scanning angles ...
  1 = max angles/atom
  orthogonal box = (0 0 0) to (54.965023 54.965023 54.965023)
  2 by 2 by 2 MPI processor grid
  reading bonds ...
  1000 bonds
  reading angles ...
  500 angles
Finding 1-2 1-3 1-4 neighbors ...
  special bond factors lj:    0        0        0       
  special bond factors coul:  0        0        0       
     2 = max # of 1-2 neighbors
     1 = max # of 1-3 neighbors
     1 = max # of 1-4 neighbors
     2 = max # of special neighbors
  special bonds CPU = 0.000 seconds
  read_data CPU = 0.043 seconds
#read_restart   2.restart

#----------------------------------------------------------------------------#
# FORCEFIELD - TraPPE Flexible model for N2
#----------------------------------------------------------------------------#

pair_coeff      1   1  0.0695521435  3.310  # [N2]-L-[N2]
pair_coeff      2   2  0.0009936 0.5   # N2-[L]

bond_coeff      1   500 0.55            # [N2]-[L]

angle_coeff     1   50 180              # N2-N2_X-N2

mass 1 13.9067      # N2
mass 2  0.1         # N2_X

set type        1   charge     -0.482             # N2
Setting atom values ...
  1000 settings made for charge
set type        2   charge      0.964             # N2_X
Setting atom values ...
  500 settings made for charge

#------------------------ VARIABLES------------------------------------------#

variable  TEMP_INDEX       equal 300  # in K
variable  PRESS_INDEX      equal 140  # in bar
variable  RandomSeed       equal 28000  # RANDOM SEED
variable  nz_layers        equal 20
variable  nx_layers        equal 3
variable  timestep         equal 0.5

variable  simulationTemp   equal ${TEMP_INDEX}
variable  simulationTemp   equal 300
variable  pressure         equal 0.987*${PRESS_INDEX}
variable  pressure         equal 0.987*140

variable  Ninptpre         equal 50000
variable  Ninpt            equal 400000     # 0.2 ns
variable  npt_run          equal 2000000    # 1 ns
variable  NBR              equal ${npt_run}/100
variable  NBR              equal 2000000/100

variable  Density          equal density
variable  Volume           equal vol

variable  dumpfreq         equal 1000
variable  thermofreq       equal 1000
variable  printfreq        equal 1000
variable  restartfreq      equal 1000000

variable  NVT_init         equal 200000    # 0.1 ns
variable  NVT_init_2       equal 200000    # 0.1 ns
variable  NVE_reshape      equal 10000
variable  NVT_prod         equal 1000000   # 0.5 ns
variable  NVE_cuboid       equal 200000    # 0.1 ns

variable  thermo_num       equal 1000

#---------------------------- GROUPS/NEIGHBOUR - LIST -----------------------------------------------------------------------#

group           oxy  type 1
1000 atoms in group oxy
group           carb type 2
500 atoms in group carb

neighbor	    3.0 bin
neigh_modify    every 1 delay 0 check yes
run_style       verlet

#---------------------------- CONGUGATE-GRADIENT MINIMIZATION --------------------------------------------------------#

#minimize energytolerance forcetolerance max_iterations_of_minimizer max_number_of_force_or_energy_evaluations
minimize        1e-6 1e-8 100000 10000000
PPPM initialization ...
  using 12-bit tables for long-range coulomb (src/kspace.cpp:342)
  G vector (1/distance) = 0.2675861
  grid = 50 50 50
  stencil order = 5
  estimated absolute RMS force accuracy = 0.00039584402
  estimated relative force accuracy = 1.1920725e-06
  using single precision FFTW3
  3d grid and FFT values/proc = 32768 16250
Generated 1 of 1 mixed pair_coeff terms from arithmetic mixing rule
Last active /omp style is kspace_style pppm/omp
Neighbor list info ...
  update: every = 1 steps, delay = 0 steps, check = yes
  max neighbors/atom: 2000, page size: 100000
  master list distance cutoff = 15
  ghost atom cutoff = 15
  binsize = 7.5, bins = 8 8 8
  1 neighbor lists, perpetual/occasional/extra = 1 0 0
  (1) pair lj/cut/coul/long/omp, perpetual
      attributes: half, newton on, omp
      pair build: half/bin/newton/omp
      stencil: half/bin/3d
      bin: standard
Per MPI rank memory allocation (min/avg/max) = 9.757 | 9.787 | 9.817 Mbytes
   Step          Temp          E_pair         E_mol          TotEng         Press     
         0   0              12.721715      1.4941382e-05  12.72173       247.996      
      4502   0             -433.1298       0.27465943    -432.85514     -20.126401    
Loop time of 24.6153 on 8 procs for 4502 steps with 1500 atoms

99.4% CPU use with 8 MPI tasks x 1 OpenMP threads

Minimization stats:
  Stopping criterion = energy tolerance
  Energy initial, next-to-last, final = 
      12.7217296754327   -432.85490454627  -432.855139869723
  Force two-norm initial, final = 96.937021 1.9281309
  Force max component initial, final = 12.09215 0.36353957
  Final line search alpha, max atom move = 0.90330039 0.32838544
  Iterations, force evaluations = 4502 9005

MPI task timing breakdown:
Section |  min time  |  avg time  |  max time  |%varavg| %total
---------------------------------------------------------------
Pair    | 1.4782     | 2.6092     | 3.6768     |  44.0 | 10.60
Bond    | 0.056279   | 0.07339    | 0.092211   |   3.9 |  0.30
Kspace  | 20.095     | 21.147     | 22.326     |  15.3 | 85.91
Neigh   | 0.010116   | 0.010458   | 0.010688   |   0.2 |  0.04
Comm    | 0.54554    | 0.5991     | 0.6537     |   5.0 |  2.43
Output  | 0          | 0          | 0          |   0.0 |  0.00
Modify  | 0.012821   | 0.014774   | 0.017702   |   1.5 |  0.06
Other   |            | 0.161      |            |       |  0.65

Nlocal:          187.5 ave         257 max         127 min
Histogram: 2 0 1 1 1 0 0 1 0 2
Nghost:        1600.38 ave        1671 max        1506 min
Histogram: 1 0 0 2 0 0 1 3 0 1
Neighs:          15038 ave       21869 max        7174 min
Histogram: 2 0 1 0 0 1 0 2 1 1

Total # of neighbors = 120304
Ave neighs/atom = 80.202667
Ave special neighs/atom = 2
Neighbor list builds = 22
Dangerous builds = 0

#---------------------------- NPT simulations  ---------------------------------------------------------------------#

fix runnpt all npt temp ${simulationTemp} ${simulationTemp} 10 iso ${pressure} ${pressure} 100
fix runnpt all npt temp 300 ${simulationTemp} 10 iso ${pressure} ${pressure} 100
fix runnpt all npt temp 300 300 10 iso ${pressure} ${pressure} 100
fix runnpt all npt temp 300 300 10 iso 138.18 ${pressure} 100
fix runnpt all npt temp 300 300 10 iso 138.18 138.18 100

thermo_style custom step pe ke etotal press temp v_Density
thermo_modify flush yes
thermo ${thermo_num}
thermo 1000

velocity all create ${simulationTemp} ${RandomSeed} mom yes rot yes dist gaussian
velocity all create 300 ${RandomSeed} mom yes rot yes dist gaussian
velocity all create 300 28000 mom yes rot yes dist gaussian

#-----------------------
# Run (Pre-Initialization)
#-----------------------

timestep    0.1
run         ${Ninptpre}
run         50000
PPPM initialization ...
  using 12-bit tables for long-range coulomb (src/kspace.cpp:342)
  G vector (1/distance) = 0.2675861
  grid = 50 50 50
  stencil order = 5
  estimated absolute RMS force accuracy = 0.00039584402
  estimated relative force accuracy = 1.1920725e-06
  using single precision FFTW3
  3d grid and FFT values/proc = 32768 16250
Generated 1 of 1 mixed pair_coeff terms from arithmetic mixing rule
Last active /omp style is kspace_style pppm/omp
Per MPI rank memory allocation (min/avg/max) = 8.649 | 8.671 | 8.693 Mbytes
   Step         PotEng         KinEng         TotEng         Press           Temp        v_Density   
      4502  -432.85514      1340.4703      907.61514      348.87737      300            0.13956373   
      5000   20.973535      1352.596       1373.5696      322.70097      302.71377      0.13820995   
      6000   201.6046       1296.4743      1498.0789      175.42118      290.1536       0.11117396   
      7000   138.15126      1426.6047      1564.756       171.17069      319.27707      0.10471398   
      8000   274.89891      1264.8377      1539.7366      75.998391      283.07327      0.10556938   
      9000   155.3691       1406.0688      1561.4379      164.82117      314.68109      0.11252016   
     10000   282.80373      1272.3622      1555.1659      107.41037      284.75727      0.11696235   
     11000   209.81785      1411.8332      1621.651       154.90818      315.97117      0.12226486   
     12000   276.32898      1318.4479      1594.7769      103.23592      295.07134      0.12374373   
     13000   248.61443      1357.6337      1606.2481      147.30287      303.84121      0.12803366   
     14000   241.22477      1363.7631      1604.9878      171.07078      305.21297      0.13052725   
     15000   276.24248      1296.0656      1572.3081      107.14004      290.06215      0.12770373   
     16000   229.29344      1363.2342      1592.5277      123.13157      305.09462      0.13541703   
     17000   279.18134      1293.4763      1572.6576      156.69428      289.48265      0.14071465   
     18000   237.96937      1390.7974      1628.7667      199.3483       311.2633       0.13978951   
     19000   297.33964      1322.4959      1619.8355      80.807446      295.97729      0.13349466   
     20000   283.45116      1367.2779      1650.7291      108.20943      305.99961      0.13218958   
     21000   317.93557      1341.9138      1659.8493      165.57509      300.32306      0.12662801   
     22000   301.30396      1394.1693      1695.4733      169.11895      312.01796      0.1243942    
     23000   283.85399      1366.5085      1650.3624      107.00614      305.8274       0.13352274   
     24000   295.90045      1334.5609      1630.4614      127.94035      298.67748      0.13360892   
     25000   272.77861      1363.1848      1635.9635      187.27773      305.08357      0.12984413   
     26000   315.7558       1301.8172      1617.573       139.02702      291.34936      0.12768285   
     27000   288.66848      1334.8354      1623.5039      107.84445      298.7389       0.12437451   
     28000   337.57776      1311.3046      1648.8824      124.80336      293.47266      0.120193     
     29000   313.88426      1343.0659      1656.9501      168.40553      300.5809       0.12010645   
     30000   333.02863      1309.8733      1642.9019      132.29141      293.15234      0.12305501   
     31000   308.43127      1294.9191      1603.3503      105.41781      289.80555      0.12360044   
     32000   302.23261      1325.98        1628.2126      133.83771      296.75705      0.12345797   
     33000   335.80747      1316.494       1652.3014      147.07675      294.63405      0.12521485   
     34000   299.06152      1351.6164      1650.6779      134.9425       302.49453      0.1274848    
     35000   306.64118      1350.5608      1657.2019      128.73954      302.25827      0.13200404   
     36000   305.36406      1370.6847      1676.0488      140.64627      306.76205      0.12959876   
     37000   307.35763      1406.8755      1714.2332      171.97951      314.86164      0.12575015   
     38000   322.36354      1349.1085      1671.472       110.19564      301.93325      0.12634476   
     39000   300.67645      1317.2881      1617.9646      127.20958      294.81179      0.13316066   
     40000   315.81748      1348.2513      1664.0688      190.92471      301.74142      0.13474068   
     41000   327.31568      1310.7953      1638.111       140.70071      293.35868      0.1303557    
     42000   321.05076      1326.7436      1647.7944      80.768271      296.92795      0.12687937   
     43000   324.18399      1272.5066      1596.6906      124.60422      284.78959      0.13025696   
     44000   315.01142      1350.931       1665.9425      203.83296      302.34114      0.12800762   
     45000   343.83006      1345.1525      1688.9826      140.39604      301.0479       0.12087728   
     46000   336.87651      1358.0088      1694.8853      84.528952      303.92516      0.11937667   
     47000   340.20924      1334.0851      1674.2943      152.22005      298.57097      0.12369209   
     48000   326.7004       1360.4152      1687.1155      204.90878      304.4637       0.12748351   
     49000   309.18143      1407.2143      1716.3957      116.68962      314.93745      0.12924572   
     50000   338.46825      1339.7941      1678.2624      35.048069      299.84868      0.13182999   
     51000   316.73604      1389.3661      1706.1022      216.35295      310.94299      0.12665215   
     52000   322.62268      1359.6126      1682.2352      190.14963      304.28408      0.12174341   
     53000   338.6469       1305.4964      1644.1433      78.408237      292.17277      0.12510975   
     54000   329.64986      1337.4471      1667.0969      94.156595      299.3234       0.12730793   
     54502   315.51719      1306.9732      1622.4904      123.24749      292.50329      0.12422246   
Loop time of 268.444 on 8 procs for 50000 steps with 1500 atoms

Performance: 1.609 ns/day, 14.914 hours/ns, 186.258 timesteps/s, 279.388 katom-step/s
99.5% CPU use with 8 MPI tasks x 1 OpenMP threads

MPI task timing breakdown:
Section |  min time  |  avg time  |  max time  |%varavg| %total
---------------------------------------------------------------
Pair    | 6.1331     | 7.7502     | 9.6757     |  36.5 |  2.89
Bond    | 0.42371    | 0.47275    | 0.55119    |   5.3 |  0.18
Kspace  | 119.82     | 121.61     | 123.36     |   8.8 | 45.30
Neigh   | 0.037562   | 0.038502   | 0.039349   |   0.4 |  0.01
Comm    | 3.1079     | 3.4094     | 3.7669     |  10.8 |  1.27
Output  | 0.0023762  | 0.0025719  | 0.0037519  |   0.9 |  0.00
Modify  | 115.32     | 123.48     | 134.88     |  46.5 | 46.00
Other   |            | 11.68      |            |       |  4.35

Nlocal:          187.5 ave         207 max         168 min
Histogram: 1 1 0 1 1 0 1 2 0 1
Nghost:        1446.25 ave        1474 max        1411 min
Histogram: 2 0 0 1 0 0 2 1 0 2
Neighs:        11117.4 ave       12410 max        9063 min
Histogram: 1 0 1 1 0 0 1 0 2 2

Total # of neighbors = 88939
Ave neighs/atom = 59.292667
Ave special neighs/atom = 2
Neighbor list builds = 87
Dangerous builds = 0

timestep    0.25
run         ${Ninptpre}
run         50000
PPPM initialization ...
  using 12-bit tables for long-range coulomb (src/kspace.cpp:342)
  G vector (1/distance) = 0.26990004
  grid = 54 54 54
  stencil order = 5
  estimated absolute RMS force accuracy = 0.00031411087
  estimated relative force accuracy = 9.4593556e-07
  using single precision FFTW3
  3d grid and FFT values/proc = 39304 20412
Generated 1 of 1 mixed pair_coeff terms from arithmetic mixing rule
Last active /omp style is kspace_style pppm/omp
Per MPI rank memory allocation (min/avg/max) = 9.055 | 9.081 | 9.106 Mbytes
   Step         PotEng         KinEng         TotEng         Press           Temp        v_Density   
     54502   315.51667      1306.9732      1622.4899      123.24885      292.50329      0.12422246   
     55000   370.4493       1379.4451      1749.8943      91.571458      308.72263      0.12449322   
     56000   344.42612      1354.7265      1699.1526      67.935751      303.19058      0.12824766   
     57000   352.2529       1348.7412      1700.9941      109.00845      301.85104      0.12826686   
     58000   340.662        1313.8778      1654.5398      176.09673      294.04854      0.13008094   
     59000   341.98903      1379.0227      1721.0118      213.93839      308.62812      0.12096921   
     60000   345.73698      1357.4091      1703.1461      162.32036      303.79094      0.12931675   
     61000   358.99723      1360.2621      1719.2593      93.257395      304.42944      0.12688235   
     62000   387.79134      1326.8935      1714.6849      15.423532      296.96149      0.12309622   
     63000   348.53792      1317.7363      1666.2742      82.860367      294.91208      0.12908991   
     64000   343.25655      1308.9574      1652.2139      170.41349      292.94735      0.12491255   
     65000   330.89584      1356.3029      1687.1988      224.81954      303.54338      0.13145297   
     66000   349.86097      1348.8506      1698.7116      203.51302      301.87553      0.12946532   
     67000   333.45302      1315.2707      1648.7237      135.18481      294.36028      0.12890485   
     68000   354.84054      1289.4242      1644.2648      66.015751      288.57579      0.12812717   
     69000   345.08984      1306.8665      1651.9564      111.77658      292.47941      0.13239001   
     70000   336.86653      1390.6059      1727.4724      164.51858      311.22045      0.13417588   
     71000   338.47107      1379.734       1718.205       179.03911      308.78729      0.13167131   
     72000   353.53614      1317.6582      1671.1943      161.05696      294.8946       0.12518318   
     73000   351.27463      1325.3194      1676.594       95.176366      296.6092       0.12174835   
     74000   350.15881      1322.1509      1672.3097      48.148486      295.90009      0.12853682   
     75000   348.41692      1336.2267      1684.6436      87.136168      299.05028      0.12145181   
     76000   348.22163      1372.7626      1720.9842      228.50791      307.22709      0.12091547   
     77000   339.82432      1304.3161      1644.1404      239.83545      291.90862      0.12185409   
     78000   341.71884      1353.0366      1694.7555      181.07519      302.81237      0.12841608   
     79000   339.75903      1392.0698      1731.8289      121.24612      311.54809      0.12762236   
     80000   347.39686      1346.4966      1693.8935      108.00883      301.34871      0.13411333   
     81000   358.21023      1365.1754      1723.3856      111.49166      305.52906      0.12265126   
     82000   348.9585       1338.8062      1687.7647      127.90251      299.62758      0.12271452   
     83000   339.51793      1329.0693      1668.5872      202.51512      297.44843      0.12969351   
     84000   350.11966      1342.951       1693.0706      201.59043      300.55519      0.12109046   
     85000   336.92151      1315.4263      1652.3479      190.59517      294.39512      0.13183232   
     86000   354.43116      1309.1112      1663.5424      58.295104      292.98178      0.12606166   
     87000   366.89268      1324.432       1691.3246      27.823227      296.41059      0.12603047   
     88000   348.19382      1386.7728      1734.9667      132.88087      310.36261      0.13002383   
     89000   362.18846      1416.5442      1778.7327      181.96499      317.02551      0.12411767   
     90000   341.53549      1377.0764      1718.6119      154.26855      308.19253      0.12824287   
     91000   349.82383      1363.6189      1713.4427      89.911768      305.18071      0.12706316   
     92000   361.07116      1337.8154      1698.8865      89.394602      299.40582      0.12406414   
     93000   344.1987       1305.5731      1649.7718      120.10166      292.18994      0.13447315   
     94000   347.30625      1298.6093      1645.9155      159.29304      290.63142      0.12479499   
     95000   353.7784       1301.3999      1655.1783      204.60978      291.25597      0.12935068   
     96000   349.40138      1335.0306      1684.432       176.82888      298.7826       0.12644913   
     97000   325.67592      1350.3814      1676.0574      121.32669      302.21814      0.13318638   
     98000   343.61007      1341.6614      1685.2715      90.87565       300.26658      0.12708067   
     99000   340.17335      1275.6835      1615.8568      108.03045      285.50058      0.1303544    
    100000   324.18745      1289.8425      1614.03        116.34547      288.6694       0.12978474   
    101000   337.3855       1304.758       1642.1435      151.12184      292.00751      0.12892961   
    102000   336.43642      1366.2089      1702.6454      168.4498       305.76037      0.1358882    
    103000   344.34382      1331.4298      1675.7736      184.88269      297.97672      0.13274349   
    104000   369.1615       1381.3314      1750.4929      137.19533      309.14481      0.12070226   
    104502   335.43766      1341.6971      1677.1348      120.96071      300.27457      0.1288232    
Loop time of 345.41 on 8 procs for 50000 steps with 1500 atoms

Performance: 3.127 ns/day, 7.676 hours/ns, 144.756 timesteps/s, 217.133 katom-step/s
99.5% CPU use with 8 MPI tasks x 1 OpenMP threads

MPI task timing breakdown:
Section |  min time  |  avg time  |  max time  |%varavg| %total
---------------------------------------------------------------
Pair    | 6.7665     | 7.6149     | 8.3013     |  19.6 |  2.20
Bond    | 0.49113    | 0.51985    | 0.54241    |   2.5 |  0.15
Kspace  | 161.22     | 161.85     | 162.58     |   3.9 | 46.86
Neigh   | 0.091139   | 0.093121   | 0.095016   |   0.6 |  0.03
Comm    | 3.5091     | 3.8605     | 4.1864     |   9.9 |  1.12
Output  | 0.0025983  | 0.0027942  | 0.0040813  |   0.9 |  0.00
Modify  | 153.44     | 161.1      | 171.01     |  47.0 | 46.64
Other   |            | 10.37      |            |       |  3.00

Nlocal:          187.5 ave         217 max         140 min
Histogram: 1 0 0 0 0 4 0 0 2 1
Nghost:           1448 ave        1488 max        1411 min
Histogram: 1 1 0 2 0 0 2 1 0 1
Neighs:        10924.4 ave       13507 max        7441 min
Histogram: 1 0 0 0 2 2 0 0 2 1

Total # of neighbors = 87395
Ave neighs/atom = 58.263333
Ave special neighs/atom = 2
Neighbor list builds = 201
Dangerous builds = 0

timestep    0.5
run         ${Ninptpre}
run         50000
PPPM initialization ...
  using 12-bit tables for long-range coulomb (src/kspace.cpp:342)
  G vector (1/distance) = 0.26613058
  grid = 50 50 50
  stencil order = 5
  estimated absolute RMS force accuracy = 0.00042728025
  estimated relative force accuracy = 1.2867418e-06
  using single precision FFTW3
  3d grid and FFT values/proc = 32768 16250
Generated 1 of 1 mixed pair_coeff terms from arithmetic mixing rule
Last active /omp style is kspace_style pppm/omp
Per MPI rank memory allocation (min/avg/max) = 8.649 | 8.671 | 8.693 Mbytes
   Step         PotEng         KinEng         TotEng         Press           Temp        v_Density   
    104502   335.44053      1341.6971      1677.1376      120.96599      300.27457      0.1288232    
    105000   407.62123      1361.0117      1768.6329      85.310302      304.59721      0.14465137   
    106000   393.01115      1329.4048      1722.4159      207.37349      297.52352      0.15100493   
    107000   431.65929      1363.2612      1794.9205      169.51461      305.10066      0.14238852   
    108000   423.06675      1348.2142      1771.2809      60.808233      301.7331       0.14551297   
    109000   420.19244      1301.6118      1721.8042      193.94556      291.30339      0.14155491   
    110000   426.86413      1343.2994      1770.1635      216.18911      300.63316      0.14912514   
    111000   418.64035      1337.0767      1755.717       81.50802       299.2405       0.15012037   
    112000   415.18685      1327.6312      1742.8181      150.11683      297.12659      0.15005447   
    113000   422.68998      1345.5123      1768.2023      153.21658      301.12841      0.14655397   
    114000   387.57993      1400.2713      1787.8513      44.894899      313.3836       0.15052897   
    115000   426.28344      1361.984       1788.2674      224.13753      304.81481      0.14452953   
    116000   416.40378      1386.7352      1803.139       168.11605      310.35419      0.14304554   
    117000   428.40723      1293.2153      1721.6225      64.914795      289.42423      0.14173097   
    118000   438.4506       1340.1627      1778.6133      137.84111      299.93116      0.13574424   
    119000   467.95102      1406.4294      1874.3804      150.68817      314.76178      0.1337374    
    120000   404.98848      1315.108       1720.0965      160.32421      294.32386      0.14629861   
    121000   420.8757       1343.5581      1764.4338      133.26328      300.69106      0.14589894   
    122000   433.86635      1342.5731      1776.4395      121.78814      300.47062      0.14333713   
    123000   434.70883      1354.2418      1788.9506      135.56953      303.08209      0.13943785   
    124000   417.38298      1373.6863      1791.0693      110.7968       307.43381      0.1543723    
    125000   408.14242      1316.9327      1725.0751      93.364232      294.73224      0.14395498   
    126000   444.50227      1348.6357      1793.1379      208.25418      301.82743      0.14031024   
    127000   428.29499      1305.0492      1733.3442      118.09998      292.0727       0.14711582   
    128000   421.31935      1321.3344      1742.6537      74.877588      295.71735      0.15238379   
    129000   408.23061      1357.126       1765.3566      165.08232      303.72758      0.14804355   
    130000   432.81166      1303.2448      1736.0565      135.2311       291.66886      0.14622257   
    131000   440.8881       1251.1064      1691.9945      73.32884       280.00017      0.13442285   
    132000   432.30796      1312.9911      1745.2991      138.78384      293.8501       0.14236014   
    133000   424.41503      1384.3644      1808.7794      172.2693       309.82359      0.13642752   
    134000   431.10454      1327.7354      1758.8399      83.123202      297.1499       0.1399128    
    135000   443.21253      1364.8088      1808.0213      115.85991      305.447        0.14539705   
    136000   424.60205      1328.0393      1752.6414      161.27942      297.21793      0.13973195   
    137000   426.21345      1378.9553      1805.1687      137.69468      308.61302      0.1518917    
    138000   427.14216      1327.3855      1754.5277      137.34987      297.0716       0.14166974   
    139000   440.64946      1345.2854      1785.9349      163.7782       301.07763      0.13077649   
    140000   434.58723      1325.0177      1759.605       141.17424      296.54169      0.14188018   
    141000   464.25373      1349.0907      1813.3445      111.01033      301.92927      0.13400347   
    142000   425.82062      1358.1558      1783.9765      142.00688      303.95807      0.14146531   
    143000   459.56513      1352.3144      1811.8795      110.32755      302.65074      0.12924175   
    144000   433.2342       1388.821       1822.0552      106.68671      310.821        0.13719884   
    145000   440.57428      1351.4414      1792.0156      177.61214      302.45535      0.15000818   
    146000   443.20893      1363.084       1806.2929      155.22974      305.06099      0.14661699   
    147000   429.31756      1309.7549      1739.0725      47.114167      293.12584      0.1475035    
    148000   450.87134      1372.4334      1823.3048      188.92373      307.15342      0.1376358    
    149000   416.65672      1324.9012      1741.5579      181.33099      296.51561      0.1471475    
    150000   424.04857      1316.7662      1740.8148      106.03084      294.69498      0.14486065   
    151000   408.19746      1342.8589      1751.0564      114.69119      300.53459      0.13764486   
    152000   459.48163      1389.7236      1849.2053      174.14756      311.023        0.13964336   
    153000   423.81522      1319.8418      1743.657       139.91559      295.3833       0.14441102   
    154000   466.1976       1361.0615      1827.2591      158.54057      304.60836      0.13526741   
    154502   428.93428      1319.9631      1748.8974      141.86422      295.41045      0.14452166   
Loop time of 279.084 on 8 procs for 50000 steps with 1500 atoms

Performance: 7.740 ns/day, 3.101 hours/ns, 179.158 timesteps/s, 268.737 katom-step/s
99.5% CPU use with 8 MPI tasks x 1 OpenMP threads

MPI task timing breakdown:
Section |  min time  |  avg time  |  max time  |%varavg| %total
---------------------------------------------------------------
Pair    | 8.0653     | 8.512      | 9.316      |  15.5 |  3.05
Bond    | 0.50973    | 0.52097    | 0.54905    |   1.8 |  0.19
Kspace  | 127.74     | 128.71     | 129.36     |   4.7 | 46.12
Neigh   | 0.20909    | 0.21329    | 0.21752    |   0.8 |  0.08
Comm    | 3.6271     | 3.9674     | 4.3054     |  10.4 |  1.42
Output  | 0.0023655  | 0.0025843  | 0.0040422  |   1.1 |  0.00
Modify  | 121.63     | 129.2      | 136.69     |  48.6 | 46.29
Other   |            | 7.952      |            |       |  2.85

Nlocal:          187.5 ave         215 max         162 min
Histogram: 1 0 0 2 2 1 1 0 0 1
Nghost:        1565.88 ave        1599 max        1525 min
Histogram: 1 1 0 1 0 2 0 1 0 2
Neighs:        12411.5 ave       15626 max       10449 min
Histogram: 1 0 3 1 1 1 0 0 0 1

Total # of neighbors = 99292
Ave neighs/atom = 66.194667
Ave special neighs/atom = 2
Neighbor list builds = 420
Dangerous builds = 0

#-----------------------
# Run (Initialization)
#-----------------------

unfix       runnpt
reset_timestep 0

fix runnpt all npt temp ${simulationTemp} ${simulationTemp} 100 iso ${pressure} ${pressure} 1000
fix runnpt all npt temp 300 ${simulationTemp} 100 iso ${pressure} ${pressure} 1000
fix runnpt all npt temp 300 300 100 iso ${pressure} ${pressure} 1000
fix runnpt all npt temp 300 300 100 iso 138.18 ${pressure} 1000
fix runnpt all npt temp 300 300 100 iso 138.18 138.18 1000

timestep    ${timestep}
timestep    0.5
run         ${Ninpt}
run         400000
PPPM initialization ...
  using 12-bit tables for long-range coulomb (src/kspace.cpp:342)
  G vector (1/distance) = 0.26820041
  grid = 50 50 50
  stencil order = 5
  estimated absolute RMS force accuracy = 0.0003830822
  estimated relative force accuracy = 1.1536407e-06
  using single precision FFTW3
  3d grid and FFT values/proc = 32768 16250
Generated 1 of 1 mixed pair_coeff terms from arithmetic mixing rule
Last active /omp style is kspace_style pppm/omp
Per MPI rank memory allocation (min/avg/max) = 8.649 | 8.671 | 8.693 Mbytes
   Step         PotEng         KinEng         TotEng         Press           Temp        v_Density   
         0   428.9334       1319.9631      1748.8965      141.86372      295.41045      0.14452166   
      1000   423.00069      1322.4175      1745.4182      126.89484      295.95976      0.14383127   
      2000   438.80362      1338.6724      1777.476       87.498151      299.59763      0.14284417   
      3000   455.03635      1378.1122      1833.1485      57.478321      308.42433      0.14397584   
      4000   431.45622      1366.7044      1798.1606      76.585861      305.87125      0.14814444   
      5000   404.03601      1363.9497      1767.9857      102.26293      305.25474      0.15283135   
      6000   448.93359      1335.7708      1784.7044      119.23254      298.94824      0.15370396   
      7000   447.96604      1318.4071      1766.3732      140.73782      295.06222      0.14871087   
      8000   431.21106      1363.0609      1794.272       225.3303       305.05583      0.1442834    
      9000   442.43672      1369.4346      1811.8713      294.75629      306.48227      0.14129222   
     10000   429.07763      1368.8996      1797.9772      312.59163      306.36253      0.13924866   
     11000   428.68535      1385.168       1813.8534      229.92379      310.00345      0.13839607   
     12000   460.81722      1286.4824      1747.2997      133.17316      287.91741      0.13843755   
     13000   452.67311      1308.5631      1761.2363      81.693168      292.85912      0.13877886   
     14000   434.64705      1299.3583      1734.0053      35.799582      290.79905      0.13802417   
     15000   466.20146      1296.2434      1762.4449      20.212068      290.10194      0.13792458   
     16000   423.34486      1330.676       1754.0208      91.276926      297.80801      0.13932285   
     17000   421.59044      1278.9676      1700.558       158.15027      286.23557      0.14218884   
     18000   433.63437      1293.6469      1727.2813      230.35457      289.52083      0.14853716   
     19000   423.22014      1324.6165      1747.8367      259.79692      296.4519       0.15290026   
     20000   415.78789      1343.6397      1759.4276      224.84077      300.70932      0.15179824   
     21000   430.22374      1320.2093      1750.4331      128.88948      295.46556      0.1464718    
     22000   469.62133      1360.1293      1829.7506      129.93349      304.39973      0.14416965   
     23000   442.91544      1362.9298      1805.8453      141.17669      305.02649      0.14261636   
     24000   441.10462      1360.3823      1801.4869      156.22617      304.45635      0.14292923   
     25000   453.14531      1355.6509      1808.7962      135.04021      303.39746      0.14376282   
     26000   413.14317      1359.186       1772.3292      158.25672      304.18862      0.14493236   
     27000   423.0825       1359.8819      1782.9644      96.876212      304.34435      0.14347703   
     28000   425.29562      1335.8633      1761.159       91.620505      298.96896      0.13902037   
     29000   441.67333      1346.141       1787.8143      102.1009       301.26911      0.13511463   
     30000   444.24156      1382.0784      1826.3199      141.25668      309.31198      0.13488364   
     31000   471.95662      1351.805       1823.7616      129.51336      302.53674      0.13818901   
     32000   434.02233      1372.1748      1806.1971      160.07213      307.09554      0.1440838    
     33000   431.11386      1347.5705      1778.6843      150.70105      301.58903      0.14702408   
     34000   429.78074      1356.5099      1786.2907      122.45918      303.58971      0.14623985   
     35000   442.34708      1343.478       1785.8251      88.354296      300.67313      0.14323362   
     36000   451.37946      1333.42        1784.7994      76.085503      298.42212      0.14103629   
     37000   454.07678      1301.9925      1756.0693      73.149702      291.38859      0.14273772   
     38000   417.6545       1355.2807      1772.9352      102.13704      303.3146       0.14618006   
     39000   407.26631      1341.4907      1748.757       147.02776      300.22837      0.14951609   
     40000   432.15556      1317.3149      1749.4705      172.69869      294.81779      0.15186131   
     41000   423.45329      1309.9071      1733.3604      175.23651      293.1599       0.14994728   
     42000   459.9278       1316.0414      1775.9692      163.86495      294.53276      0.14721929   
     43000   433.90468      1316.2247      1750.1294      152.68857      294.5738       0.14655344   
     44000   421.94232      1342.2579      1764.2002      155.15831      300.40008      0.1475382    
     45000   440.65363      1330.496       1771.1496      135.05283      297.76773      0.14780901   
     46000   436.67519      1291.0404      1727.7156      167.06943      288.9375       0.14842551   
     47000   425.2023       1354.8715      1780.0738      169.30554      303.22302      0.14764705   
     48000   433.80924      1375.1556      1808.9649      139.04136      307.76265      0.14387563   
     49000   451.06391      1334.2979      1785.3618      156.09908      298.61861      0.13839211   
     50000   451.69567      1325.7053      1777.401       175.84401      296.69558      0.1350036    
     51000   454.3555       1346.5955      1800.951       186.59034      301.37083      0.13460633   
     52000   445.36374      1382.783       1828.1467      148.55105      309.46967      0.13760035   
     53000   467.99278      1356.3462      1824.339       122.3211       303.55306      0.14142112   
     54000   448.66519      1338.4938      1787.159       86.236591      299.55766      0.14384135   
     55000   436.1435       1386.6154      1822.7589      136.07513      310.32737      0.14594294   
     56000   441.40505      1343.7891      1785.1941      142.86892      300.74275      0.14511965   
     57000   434.2216       1327.4711      1761.6927      205.34594      297.09075      0.14391188   
     58000   427.18853      1360.152       1787.3405      195.42182      304.4048       0.14347718   
     59000   430.9448       1349.8         1780.7448      177.85473      302.08801      0.14327387   
     60000   456.73267      1343.0547      1799.7874      140.70774      300.5784       0.14232203   
     61000   437.5332       1357.475       1795.0082      100.67316      303.80568      0.14316905   
     62000   415.90843      1375.4898      1791.3983      84.231864      307.83745      0.14618844   
     63000   448.45881      1356.4771      1804.9359      105.99141      303.58235      0.14987309   
     64000   432.58525      1365.0912      1797.6764      123.25948      305.51021      0.15104312   
     65000   418.03054      1288.877       1706.9075      187.57658      288.45331      0.15301431   
     66000   424.7075       1284.0003      1708.7078      227.20657      287.3619       0.15446943   
     67000   417.81914      1356.3078      1774.1269      196.038        303.54446      0.15094527   
     68000   425.36856      1377.3321      1802.7007      123.79168      308.24975      0.14508996   
     69000   436.70849      1338.4038      1775.1123      29.942236      299.53752      0.14220289   
     70000   449.01319      1314.9626      1763.9758     -14.023554      294.29134      0.14178136   
     71000   427.28998      1308.8422      1736.1322     -4.2112891      292.92157      0.14083642   
     72000   448.865        1320.8623      1769.7273      71.32436       295.61168      0.13984655   
     73000   453.70631      1336.4028      1790.1091      136.21183      299.08969      0.14118972   
     74000   441.99336      1317.3103      1759.3036      190.64226      294.81675      0.14317918   
     75000   421.99345      1350.1371      1772.1305      190.80365      302.16345      0.14662042   
     76000   418.15223      1370.7783      1788.9305      182.09584      306.783        0.15138066   
     77000   450.53777      1377.9282      1828.466       115.65247      308.38317      0.15134417   
     78000   430.92804      1374.9226      1805.8507      51.051444      307.7105       0.14614306   
     79000   447.22047      1346.3791      1793.5996      65.048931      301.32241      0.14293016   
     80000   445.85469      1374.2718      1820.1265      115.85132      307.56486      0.14344102   
     81000   448.1936       1382.568       1830.7616      166.33651      309.42156      0.1442903    
     82000   443.30524      1370.3694      1813.6747      204.73708      306.69149      0.1464184    
     83000   441.32857      1347.1943      1788.5228      241.96294      301.50484      0.14642025   
     84000   428.93974      1370.6515      1799.5912      214.99901      306.75461      0.14376195   
     85000   424.95577      1368.5807      1793.5364      162.77156      306.29116      0.1420719    
     86000   444.60363      1399.2935      1843.8971      112.90357      313.16475      0.14252367   
     87000   438.6542       1323.9732      1762.6274      98.749863      296.30793      0.14593621   
     88000   410.06055      1347.5393      1757.5998      102.09464      301.58206      0.15044117   
     89000   464.84563      1338.7758      1803.6214      172.11274      299.62076      0.15470802   
     90000   431.57873      1369.4819      1801.0606      172.4157       306.49287      0.15436628   
     91000   422.18525      1359.9175      1782.1027      249.11326      304.35232      0.15224838   
     92000   432.58051      1329.2693      1761.8499      236.73491      297.49321      0.15026356   
     93000   443.82699      1312.4594      1756.2864      239.6569       293.7311       0.15023291   
     94000   444.47735      1318.8047      1763.282       200.92795      295.1512       0.1503639    
     95000   440.70535      1318.2655      1758.9709      160.90277      295.03053      0.15140104   
     96000   450.47363      1332.4775      1782.9511      133.69337      298.2112       0.1535814    
     97000   416.07747      1349.9036      1765.9811      134.65694      302.1112       0.15079571   
     98000   455.19827      1329.165       1784.3633      123.00017      297.46986      0.14218238   
     99000   423.62612      1329.2885      1752.9146      130.63277      297.4975       0.13760905   
    100000   467.74996      1322.2229      1789.9728      88.212643      295.91619      0.13579429   
    101000   469.43693      1286.1675      1755.6044      94.798848      287.84692      0.13692022   
    102000   439.47387      1347.1839      1786.6578      127.89391      301.50252      0.14044554   
    103000   445.22721      1372.7863      1818.0135      174.89045      307.2324       0.14559069   
    104000   434.48965      1348.3152      1782.8048      203.59585      301.75571      0.14966437   
    105000   426.63766      1341.1475      1767.7852      223.07684      300.15157      0.1508539    
    106000   433.89007      1360.7763      1794.6663      180.75339      304.54452      0.14998647   
    107000   466.88719      1352.7686      1819.6557      109.33568      302.75238      0.14859418   
    108000   439.75473      1379.8593      1819.614       99.443486      308.81534      0.14744285   
    109000   438.20779      1380.2747      1818.4825      106.68622      308.90832      0.14672926   
    110000   419.84795      1349.8768      1769.7248      112.49634      302.1052       0.14654711   
    111000   430.23714      1323.7646      1754.0017      136.73244      296.26123      0.14839025   
    112000   437.48387      1313.4507      1750.9346      167.40845      293.95297      0.15165213   
    113000   420.95187      1311.1781      1732.1299      122.3423       293.44434      0.15280275   
    114000   406.80186      1314.4819      1721.2838      99.855823      294.18375      0.15066987   
    115000   445.88218      1343.095       1788.9771      64.492511      300.58741      0.14604593   
    116000   432.88393      1349.9766      1782.8605      104.48136      302.12753      0.14244521   
    117000   430.75667      1355.0067      1785.7634      152.43123      303.25329      0.13981497   
    118000   460.33919      1401.4389      1861.7781      169.63238      313.64491      0.13938168   
    119000   468.14154      1378.1065      1846.2481      156.1803       308.42307      0.14131997   
    120000   424.84723      1350.41        1775.2573      146.07942      302.22453      0.14732322   
    121000   421.7914       1349.7923      1771.5837      98.080676      302.0863       0.15403727   
    122000   420.65874      1358.5462      1779.2049      97.09117       304.04543      0.15699178   
    123000   432.84056      1366.807       1799.6475      101.91281      305.89421      0.155377     
    124000   416.21073      1353.3419      1769.5527      134.75192      302.8807       0.15049429   
    125000   443.96013      1348.2345      1792.1946      183.40334      301.73764      0.14699186   
    126000   458.79022      1324.0884      1782.8786      215.07843      296.33369      0.14491618   
    127000   450.94639      1312.9885      1763.9349      239.62541      293.84952      0.14431999   
    128000   431.1718       1336.4861      1767.6579      240.95298      299.10832      0.14373741   
    129000   421.52678      1349.8205      1771.3473      192.00087      302.0926       0.1437454    
    130000   414.58222      1313.2833      1727.8655      115.32752      293.91549      0.14441477   
    131000   450.89367      1323.5462      1774.4399      59.600083      296.21236      0.14830088   
    132000   434.94014      1318.0572      1752.9974      24.270415      294.98391      0.15145859   
    133000   406.54705      1315.5556      1722.1026      84.303171      294.42404      0.1534525    
    134000   409.19861      1310.6922      1719.8908      147.40255      293.3356       0.15138298   
    135000   407.23044      1315.2357      1722.4661      170.99604      294.35245      0.14645444   
    136000   436.45376      1336.1554      1772.6091      206.62037      299.03431      0.14086295   
    137000   423.00774      1392.3754      1815.3831      224.44376      311.61647      0.13779983   
    138000   448.52447      1364.1906      1812.715       152.73104      305.30865      0.1375824    
    139000   458.32384      1342.5097      1800.8336      128.67336      300.45643      0.14080595   
    140000   463.14521      1359.088       1822.2332      84.450712      304.16668      0.14311404   
    141000   443.95397      1373.7734      1817.7273      85.172136      307.4533       0.14510148   
    142000   437.61533      1394.0579      1831.6732      117.35348      311.99302      0.14624391   
    143000   427.57594      1338.0528      1765.6287      94.948792      299.45896      0.14421634   
    144000   419.35088      1349.4166      1768.7675      171.28098      302.0022       0.14494866   
    145000   437.35592      1318.3375      1755.6935      198.69336      295.04665      0.14845898   
    146000   413.12956      1328.0254      1741.155       232.08309      297.21482      0.15393675   
    147000   398.20099      1318.6628      1716.8638      125.90315      295.11945      0.15456762   
    148000   444.84907      1320.2973      1765.1464      112.4552       295.48525      0.15182362   
    149000   453.44589      1304.3117      1757.7575      80.415483      291.90762      0.14728049   
    150000   423.84219      1300.7469      1724.5891      120.94999      291.10982      0.1460704    
    151000   421.31829      1336.6452      1757.9635      166.50773      299.14393      0.14424771   
    152000   442.2046       1348.3968      1790.6014      225.17103      301.77397      0.14230017   
    153000   436.43615      1334.478       1770.9142      246.16619      298.65892      0.1403714    
    154000   466.13415      1331.659       1797.7931      207.35961      298.02801      0.13787161   
    155000   429.14646      1334.7897      1763.9362      123.65972      298.72868      0.13641346   
    156000   452.35699      1337.6743      1790.0313      53.762936      299.37426      0.13892323   
    157000   436.70747      1349.4809      1786.1884      31.352138      302.0166       0.14641952   
    158000   454.95659      1329.402       1784.3586      19.509185      297.52289      0.15050287   
    159000   439.26135      1338.3614      1777.6227      101.53201      299.52802      0.1508998    
    160000   437.03393      1346.613       1783.6469      78.100887      301.37475      0.1476405    
    161000   442.91483      1348.3333      1791.2481      105.28518      301.75976      0.14514207   
    162000   444.548        1335.6967      1780.2447      123.86553      298.93166      0.14423131   
    163000   432.80117      1353.4216      1786.2228      155.15226      302.89854      0.14527392   
    164000   428.47573      1350.9284      1779.4041      155.06451      302.34055      0.1481809    
    165000   446.617        1335.3157      1781.9327      171.08753      298.84639      0.1529921    
    166000   424.44452      1365.994       1790.4385      182.83257      305.71225      0.1576849    
    167000   394.43261      1365.8268      1760.2594      207.02053      305.67484      0.16432991   
    168000   434.30392      1356.418       1790.7219      195.938        303.56912      0.16780254   
    169000   412.97387      1388.3018      1801.2757      170.34948      310.7048       0.1655338    
    170000   452.52569      1365.1497      1817.6754      173.43166      305.52331      0.15654512   
    171000   430.5413       1340.0543      1770.5956      129.02352      299.90691      0.14965825   
    172000   402.96453      1353.114       1756.0785      177.5861       302.82969      0.14609689   
    173000   433.0166       1338.2401      1771.2567      184.57736      299.50087      0.1439036    
    174000   427.27046      1320.3627      1747.6332      203.10805      295.49989      0.14279848   
    175000   438.50565      1317.7484      1756.254       205.55665      294.91479      0.14167229   
    176000   457.2024       1274.8313      1732.0337      173.94862      285.30985      0.14140935   
    177000   441.92318      1321.5315      1763.4547      164.87884      295.76146      0.14302632   
    178000   431.40337      1335.3004      1766.7037      95.360132      298.84296      0.14480847   
    179000   444.89753      1328.6338      1773.5314      41.43659       297.35098      0.14542558   
    180000   435.68036      1354.3644      1790.0447      80.291844      303.10953      0.14715964   
    181000   443.40329      1368.2337      1811.637       127.93624      306.21351      0.14699805   
    182000   472.49765      1328.3714      1800.8691      111.68578      297.29226      0.14381253   
    183000   445.82524      1344.0867      1789.9119      130.51039      300.80936      0.1399686    
    184000   455.27304      1360.7998      1816.0728      106.20077      304.54978      0.13811472   
    185000   433.36281      1347.2892      1780.652       83.359271      301.52608      0.13833638   
    186000   446.10837      1351.6218      1797.7302      106.44217      302.49573      0.14268709   
    187000   462.73272      1337.7309      1800.4636      149.97246      299.38691      0.1475691    
    188000   438.22377      1375.399       1813.6227      165.36052      307.81711      0.14749512   
    189000   427.74619      1349.0217      1776.7679      156.90522      301.91383      0.14272881   
    190000   446.81247      1387.1691      1833.9816      145.62531      310.4513       0.13499397   
    191000   450.60776      1355.8026      1806.4104      111.88312      303.43141      0.13223801   
    192000   462.02238      1353.6818      1815.7042      103.78102      302.95676      0.13560258   
    193000   430.63556      1371.8452      1802.4808      115.61996      307.02178      0.140191     
    194000   435.88932      1369.6671      1805.5564      105.79403      306.53431      0.14189289   
    195000   437.2327       1350.5448      1787.7775      184.94008      302.25471      0.14372112   
    196000   436.04866      1339.3752      1775.4238      237.36025      299.75492      0.14574298   
    197000   428.28399      1332.5136      1760.7976      255.17982      298.21928      0.14816237   
    198000   429.88757      1313.4786      1743.3662      183.33157      293.9592       0.14703557   
    199000   458.0961       1303.9346      1762.0307      91.899915      291.82324      0.14290729   
    200000   428.962        1318.0192      1746.9812      75.513265      294.9754       0.13763768   
    201000   461.90939      1305.7124      1767.6218      32.672629      292.22111      0.13440391   
    202000   457.25494      1304.5014      1761.7564      33.156624      291.9501       0.13605454   
    203000   433.31138      1307.6664      1740.9778      72.644189      292.65842      0.14175559   
    204000   433.78018      1287.4731      1721.2533      146.09846      288.13913      0.14634706   
    205000   427.99192      1297.6512      1725.6431      154.23793      290.417        0.14844596   
    206000   434.23384      1321.792       1756.0258      147.47833      295.81975      0.1499277    
    207000   436.94777      1295.099       1732.0468      140.83538      289.84582      0.15020121   
    208000   445.49186      1343.585       1789.0768      155.28663      300.69708      0.15045041   
    209000   432.89956      1360.6114      1793.511       164.25548      304.50763      0.14795501   
    210000   445.02319      1350.1781      1795.2013      135.23246      302.17264      0.14179907   
    211000   453.90194      1347.5887      1801.4907      171.62592      301.59313      0.13888515   
    212000   438.56648      1354.1899      1792.7564      193.81066      303.07048      0.1413207    
    213000   443.80902      1361.8519      1805.6609      152.34882      304.78525      0.145025     
    214000   438.16538      1379.6067      1817.7721      157.77561      308.75881      0.14864977   
    215000   430.48401      1408.3886      1838.8726      146.582        315.20026      0.15047772   
    216000   436.53624      1346.6494      1783.1857      117.56003      301.38291      0.15136503   
    217000   435.65367      1345.4385      1781.0922      115.52634      301.1119       0.15244237   
    218000   421.2705       1347.8423      1769.1128      101.24542      301.64987      0.15329637   
    219000   436.78754      1328.5118      1765.2993      81.207451      297.32367      0.15170962   
    220000   419.11217      1335.5641      1754.6763      90.923469      298.902        0.14518115   
    221000   428.34365      1287.7687      1716.1124      51.934971      288.20529      0.14072664   
    222000   430.70548      1336.2593      1766.9648      100.13395      299.05757      0.14110736   
    223000   446.43284      1321.7362      1768.1691      119.79791      295.80728      0.14201929   
    224000   453.32471      1305.6987      1759.0234      102.64118      292.21805      0.1434234    
    225000   429.18142      1323.7272      1752.9086      87.875855      296.25287      0.14568103   
    226000   451.50099      1352.4221      1803.9231      80.651804      302.67485      0.14911251   
    227000   449.49156      1384.0171      1833.5087      147.25677      309.74587      0.15037137   
    228000   440.7888       1371.4679      1812.2567      188.36509      306.93733      0.14757071   
    229000   470.17561      1341.1974      1811.3731      194.71004      300.16274      0.13928932   
    230000   485.81749      1359.3085      1845.126       194.15397      304.21603      0.13627549   
    231000   442.63173      1359.4232      1802.0549      179.28984      304.24169      0.13744888   
    232000   431.79777      1384.1129      1815.9107      170.92008      309.7673       0.14041751   
    233000   464.87416      1339.6426      1804.5167      154.66702      299.81476      0.14349231   
    234000   413.56174      1375.2263      1788.788       146.35462      307.77847      0.14776811   
    235000   451.3776       1359.5093      1810.8868      150.13177      304.26096      0.15186961   
    236000   456.05084      1379.2088      1835.2596      127.50087      308.66976      0.15463749   
    237000   463.57571      1346.9927      1810.5684      111.00686      301.45972      0.15353918   
    238000   450.30426      1347.5256      1797.8299      116.98015      301.57901      0.14966383   
    239000   465.05311      1344.7026      1809.7557      83.081191      300.9472       0.14510815   
    240000   444.95904      1382.4468      1827.4058      109.86556      309.39443      0.14629751   
    241000   431.82329      1424.4779      1856.3012      98.342516      318.80108      0.1502745    
    242000   460.21856      1352.6841      1812.9026      83.614149      302.73347      0.153318     
    243000   433.19562      1342.8783      1776.074       95.046485      300.53893      0.1536193    
    244000   430.74465      1348.1439      1778.8886      117.88139      301.71738      0.1523307    
    245000   437.39068      1348.677       1786.0677      149.61733      301.83668      0.14880725   
    246000   430.48089      1323.1137      1753.5946      185.66602      296.11556      0.14226028   
    247000   444.45743      1285.5305      1729.9879      167.6484       287.70436      0.13838357   
    248000   434.80091      1327.2792      1762.0801      173.68675      297.0478       0.13896203   
    249000   457.03664      1312.2417      1769.2784      145.2622       293.6824       0.14157159   
    250000   439.03816      1278.4552      1717.4933      122.37772      286.1209       0.14524912   
    251000   416.04504      1316.2919      1732.3369      83.711392      294.58882      0.14700341   
    252000   446.39829      1298.6075      1745.0058      106.28565      290.63103      0.14812747   
    253000   432.65688      1324.6857      1757.3426      117.24447      296.46739      0.14638629   
    254000   451.38395      1298.8174      1750.2013      115.2117       290.67799      0.14197423   
    255000   432.28789      1294.2666      1726.5545      112.36896      289.65952      0.13940108   
    256000   462.77944      1354.1149      1816.8944      110.74128      303.0537       0.1372707    
    257000   425.44839      1369.3577      1794.8061      67.925579      306.46506      0.13565964   
    258000   468.48904      1343.1158      1811.6048      38.11688       300.59206      0.13708211   
    259000   434.05416      1376.4606      1810.5148      54.50727       308.05472      0.1411494    
    260000   429.39261      1355.5229      1784.9155      118.53106      303.3688       0.14592847   
    261000   443.45778      1351.561       1795.0188      172.26218      302.48214      0.1491526    
    262000   439.09191      1328.9027      1767.9946      262.59119      297.41116      0.15064386   
    263000   450.69817      1337.24        1787.9382      225.64278      299.27705      0.15019466   
    264000   436.03451      1346.0704      1782.1049      177.9086       301.25333      0.14859535   
    265000   455.17992      1347.6005      1802.7804      127.8661       301.59575      0.14688498   
    266000   421.83129      1374.7055      1796.5368      113.33639      307.66192      0.14635912   
    267000   427.57358      1338.5668      1766.1404      143.28677      299.574        0.14707126   
    268000   424.92966      1350.5738      1775.5034      120.31372      302.26119      0.14701338   
    269000   427.14349      1331.0991      1758.2426      113.3389       297.90272      0.14707403   
    270000   451.88754      1332.4086      1784.2961      120.32122      298.19578      0.14714677   
    271000   449.4535       1306.9592      1756.4127      175.86919      292.50015      0.14468006   
    272000   440.51797      1346.7147      1787.2327      164.19516      301.39752      0.14021749   
    273000   448.44167      1316.8571      1765.2988      156.41622      294.71533      0.13732794   
    274000   471.71037      1321.114       1792.8244      155.7725       295.66803      0.13811646   
    275000   453.57312      1320.4435      1774.0166      144.2006       295.51796      0.14238658   
    276000   437.73191      1321.8555      1759.5875      191.74243      295.83398      0.14809988   
    277000   429.15868      1349.9294      1779.0881      180.7624       302.11697      0.1512336    
    278000   437.58578      1352.7282      1790.314       203.12174      302.74335      0.15321936   
    279000   425.58304      1398.1588      1823.7419      198.26139      312.91081      0.15180125   
    280000   466.9813       1332.5638      1799.5451      106.66407      298.23052      0.14791306   
    281000   437.11174      1354.4705      1791.5823      107.5437       303.13328      0.14732662   
    282000   431.10039      1348.1148      1779.2152      136.97411      301.71087      0.14872685   
    283000   422.48374      1294.4611      1716.9448      129.10149      289.70305      0.14960991   
    284000   418.3797       1304.737       1723.1167      94.684792      292.00282      0.14958737   
    285000   429.11938      1307.971       1737.0904      81.023443      292.7266       0.14694448   
    286000   455.24402      1311.6305      1766.8746      81.388636      293.54561      0.14163414   
    287000   465.99634      1314.268       1780.2644      100.01586      294.13588      0.13777256   
    288000   459.72696      1321.9568      1781.6838      135.95917      295.85665      0.1378885    
    289000   429.89381      1350.0597      1779.9535      194.39163      302.14613      0.14355466   
    290000   445.98105      1352.8073      1798.7883      133.57514      302.76105      0.14813932   
    291000   454.99742      1367.9413      1822.9387      88.501653      306.14807      0.15095847   
    292000   421.81782      1382.4705      1804.2884      41.624289      309.39974      0.15221412   
    293000   441.55267      1344.4323      1785.9849      43.323386      300.8867       0.15151668   
    294000   434.49094      1295.2897      1729.7806      86.533013      289.88849      0.1489974    
    295000   426.33327      1286.5997      1712.9329      115.29516      287.94365      0.14668472   
    296000   448.23349      1308.9695      1757.2029      164.06856      292.95005      0.14402157   
    297000   465.47046      1311.5325      1777.003       137.09843      293.52368      0.13872228   
    298000   438.3625       1295.9794      1734.3419      143.44025      290.04286      0.13632603   
    299000   461.68232      1338.497       1800.1793      170.07046      299.55837      0.14217661   
    300000   436.03588      1313.6651      1749.701       189.23205      294.00095      0.14969989   
    301000   417.12644      1350.2066      1767.3331      98.334082      302.17901      0.15183912   
    302000   417.28083      1356.4441      1773.7249      71.807455      303.57497      0.15235804   
    303000   460.48114      1296.9719      1757.453       28.528265      290.26497      0.14965615   
    304000   448.38313      1331.0267      1779.4098      21.965467      297.88651      0.14472636   
    305000   453.48558      1348.9806      1802.4662      48.821168      301.90463      0.14100835   
    306000   454.92049      1361.3946      1816.3151      94.590987      304.68291      0.13883093   
    307000   452.51812      1378.6806      1831.1988      150.62508      308.55156      0.139223     
    308000   467.75373      1389.9769      1857.7307      204.85953      311.07969      0.14206221   
    309000   452.91161      1356.4316      1809.3432      177.20707      303.57217      0.14226386   
    310000   466.63542      1353.6113      1820.2467      178.11721      302.94099      0.1416197    
    311000   457.31133      1361.1483      1818.4597      150.93673      304.62779      0.14067862   
    312000   470.65225      1368.1072      1838.7595      181.50193      306.1852       0.14004637   
    313000   455.88595      1413.4035      1869.2895      189.63092      316.32261      0.13955424   
    314000   436.87679      1378.6343      1815.5111      202.9868       308.54119      0.13900849   
    315000   455.12044      1372.563       1827.6835      177.95321      307.18242      0.13882667   
    316000   466.96343      1343.2778      1810.2412      167.72951      300.62832      0.14114968   
    317000   460.66007      1404.1695      1864.8295      137.0086       314.25601      0.1472588    
    318000   437.01163      1346.0846      1783.0963      66.990338      301.2565       0.15223596   
    319000   439.05875      1351.319       1790.3777      76.111495      302.42796      0.15365507   
    320000   440.15818      1346.1081      1786.2663      96.0725        301.26175      0.15388382   
    321000   428.08113      1374.0689      1802.1501      140.11489      307.51945      0.1514677    
    322000   445.95276      1365.6921      1811.6449      183.12622      305.64469      0.14639261   
    323000   445.56253      1355.7738      1801.3364      178.22851      303.42497      0.13984771   
    324000   444.20779      1329.4301      1773.6379      152.67403      297.52918      0.1387472    
    325000   438.44136      1305.5455      1743.9868      124.43889      292.18376      0.14162944   
    326000   424.81033      1294.0359      1718.8462      90.964038      289.60789      0.14439635   
    327000   440.78635      1336.3933      1777.1796      73.981979      299.08756      0.14637541   
    328000   418.30055      1354.5933      1772.8939      127.4481       303.16076      0.1484601    
    329000   440.78145      1345.0749      1785.8564      140.70102      301.03052      0.14788168   
    330000   442.29673      1332.5         1774.7968      168.1924       298.21624      0.14412235   
    331000   456.46721      1328.1961      1784.6633      141.32505      297.25302      0.14018786   
    332000   440.76937      1337.018       1777.7874      144.18354      299.22738      0.14031346   
    333000   441.32406      1326.1027      1767.4267      185.29963      296.7845       0.14458479   
    334000   431.24602      1291.5614      1722.8074      155.63353      289.05409      0.14877974   
    335000   397.07312      1348.2552      1745.3283      162.80594      301.74227      0.15136181   
    336000   442.16234      1321.1877      1763.3501      170.56101      295.68453      0.15081533   
    337000   463.09434      1296.741       1759.8353      171.57939      290.2133       0.14637711   
    338000   415.3444       1296.7972      1712.1416      141.04791      290.22588      0.14160751   
    339000   450.01013      1341.709       1791.7192      137.99098      300.27724      0.13890039   
    340000   454.58106      1353.3742      1807.9553      146.40289      302.88793      0.13937782   
    341000   458.64721      1349.3864      1808.0336      151.89956      301.99544      0.14107407   
    342000   437.8537       1368.6972      1806.5509      149.02545      306.31725      0.14234044   
    343000   491.30446      1353.4904      1844.7948      151.03845      302.91392      0.14282317   
    344000   440.98866      1345.8847      1786.8734      131.08517      301.21176      0.14052675   
    345000   452.67433      1353.3016      1805.9759      97.839517      302.87167      0.1389847    
    346000   461.55585      1347.5352      1809.0911      67.117117      301.58115      0.13952293   
    347000   446.70774      1341.9142      1788.622       12.460977      300.32316      0.13991531   
    348000   450.02397      1291.7913      1741.8152      28.534414      289.10554      0.1420222    
    349000   435.12379      1347.1556      1782.2794      97.707556      301.49618      0.14601441   
    350000   423.59481      1339.1012      1762.696       177.81582      299.6936       0.14877151   
    351000   435.18288      1338.8434      1774.0263      234.27769      299.6359       0.15185192   
    352000   429.82095      1331.6526      1761.4735      197.7758       298.02658      0.15042359   
    353000   408.42916      1290.795       1699.2241      149.62506      288.88256      0.14679541   
    354000   448.8955       1308.7235      1757.619       73.508951      292.895        0.14276864   
    355000   461.6681       1303.3402      1765.0083      39.855698      291.69021      0.1413002    
    356000   439.95253      1331.1789      1771.1314      58.120537      297.92056      0.14308854   
    357000   439.11437      1323.174       1762.2884      85.068015      296.12906      0.1449827    
    358000   446.9554       1309.0361      1755.9915      118.29485      292.96496      0.14835065   
    359000   444.87728      1339.531       1784.4083      164.08014      299.78979      0.14974015   
    360000   428.28366      1366.2881      1794.5717      179.98593      305.77807      0.14536222   
    361000   467.32416      1329.4834      1796.8076      145.25581      297.54112      0.14034286   
    362000   459.67792      1358.5979      1818.2758      132.0847       304.057        0.13987211   
    363000   452.49729      1367.2542      1819.7515      110.71643      305.99429      0.14241499   
    364000   441.99414      1353.5906      1795.5848      138.60572      302.93636      0.14463844   
    365000   420.08917      1298.2255      1718.3147      156.05291      290.54554      0.14608163   
    366000   416.73973      1280.0783      1696.818       169.35138      286.48415      0.14849778   
    367000   418.76685      1322.5666      1741.3335      155.28794      295.99312      0.15223814   
    368000   444.03669      1337.5627      1781.5993      126.87133      299.34927      0.15545669   
    369000   435.08048      1365.6352      1800.7157      131.21619      305.63196      0.15745658   
    370000   420.62488      1371.7968      1792.4217      130.28182      307.01095      0.15275078   
    371000   445.01762      1383.8511      1828.8687      117.58554      309.70871      0.14524013   
    372000   464.26409      1384.8151      1849.0792      131.10147      309.92446      0.14186996   
    373000   469.55636      1359.426       1828.9823      148.18708      304.24232      0.14220791   
    374000   456.1343       1363.3105      1819.4448      140.13533      305.11169      0.14448601   
    375000   443.64377      1358.9545      1802.5983      142.41786      304.13681      0.14639823   
    376000   451.84538      1376.6799      1828.5253      155.71758      308.10378      0.14883768   
    377000   432.07038      1375.1229      1807.1933      121.29991      307.75534      0.14782541   
    378000   456.4447       1337.4376      1793.8823      140.0764       299.32128      0.14589526   
    379000   470.2347       1338.7356      1808.9703      180.94746      299.61177      0.14315091   
    380000   456.27615      1356.6714      1812.9476      163.45436      303.62585      0.14053827   
    381000   453.00962      1388.6234      1841.633       170.42158      310.77676      0.13970043   
    382000   440.56988      1365.2862      1805.8561      145.38423      305.55385      0.13845119   
    383000   480.73128      1355.0875      1835.8187      98.212152      303.27135      0.13942654   
    384000   448.49519      1399.4531      1847.9483      164.16273      313.20048      0.14337488   
    385000   454.94052      1393.3565      1848.2971      235.21487      311.83605      0.14641903   
    386000   431.45395      1364.9371      1796.391       266.8181       305.47571      0.14680668   
    387000   456.67928      1338.5945      1795.2738      183.07532      299.5802       0.14509666   
    388000   455.55132      1337.252       1792.8033      151.88578      299.27973      0.13971158   
    389000   447.30681      1305.0305      1752.3373      64.199656      292.06851      0.13425728   
    390000   466.12997      1286.7018      1752.8318      63.116038      287.9665       0.13394248   
    391000   440.05596      1326.1979      1766.2539      84.299377      296.80582      0.1364536    
    392000   461.98954      1314.8837      1776.8732      144.92894      294.27367      0.14012176   
    393000   460.92083      1340.7534      1801.6742      201.91444      300.06336      0.14405775   
    394000   429.01191      1323.5004      1752.5123      245.17175      296.20211      0.14851535   
    395000   423.37031      1352.8064      1776.1768      227.10442      302.76086      0.15056804   
    396000   441.4952       1353.1777      1794.6729      159.77724      302.84396      0.15063459   
    397000   454.92888      1371.0462      1825.975       84.2654        306.84294      0.14891336   
    398000   466.80934      1394.0801      1860.8894      59.766279      311.99798      0.14709741   
    399000   470.3637       1373.759       1844.1227      77.723613      307.45009      0.14557801   
    400000   452.49139      1347.8505      1800.3419      79.056956      301.6517       0.1434717    
Loop time of 2237.81 on 8 procs for 400000 steps with 1500 atoms

Performance: 7.722 ns/day, 3.108 hours/ns, 178.746 timesteps/s, 268.119 katom-step/s
99.4% CPU use with 8 MPI tasks x 1 OpenMP threads

MPI task timing breakdown:
Section |  min time  |  avg time  |  max time  |%varavg| %total
---------------------------------------------------------------
Pair    | 65.063     | 68.444     | 70.792     |  20.8 |  3.06
Bond    | 4.1286     | 4.1806     | 4.2174     |   1.7 |  0.19
Kspace  | 1027.4     | 1030.7     | 1036.1     |   7.7 | 46.06
Neigh   | 1.3114     | 1.3358     | 1.3611     |   2.0 |  0.06
Comm    | 29.549     | 32.315     | 35.046     |  29.4 |  1.44
Output  | 0.019112   | 0.020728   | 0.031315   |   2.8 |  0.00
Modify  | 972.47     | 1035.9     | 1093.2     | 141.7 | 46.29
Other   |            | 64.94      |            |       |  2.90

Nlocal:          187.5 ave         229 max         155 min
Histogram: 1 0 2 1 1 2 0 0 0 1
Nghost:         1550.5 ave        1609 max        1480 min
Histogram: 1 1 0 0 2 0 1 1 0 2
Neighs:        12349.5 ave       16814 max        9185 min
Histogram: 1 0 2 0 3 1 0 0 0 1

Total # of neighbors = 98796
Ave neighs/atom = 65.864
Ave special neighs/atom = 2
Neighbor list builds = 2525
Dangerous builds = 0

unfix       runnpt
reset_timestep 0

#-------------------------------------------------- PRODUCTION ----------------------------------------------------------#

fix	            npt_production all npt temp ${simulationTemp} ${simulationTemp} 100.0 iso ${pressure} ${pressure} 1000.0
fix	            npt_production all npt temp 300 ${simulationTemp} 100.0 iso ${pressure} ${pressure} 1000.0
fix	            npt_production all npt temp 300 300 100.0 iso ${pressure} ${pressure} 1000.0
fix	            npt_production all npt temp 300 300 100.0 iso 138.18 ${pressure} 1000.0
fix	            npt_production all npt temp 300 300 100.0 iso 138.18 138.18 1000.0
fix             DensAve all ave/time 1 ${NBR} ${NBR} v_Density file density.dat
fix             DensAve all ave/time 1 20000 ${NBR} v_Density file density.dat
fix             DensAve all ave/time 1 20000 20000 v_Density file density.dat
fix             VoluAve all ave/time 1 ${npt_run} ${npt_run} v_Volume file volume.dat
fix             VoluAve all ave/time 1 2000000 ${npt_run} v_Volume file volume.dat
fix             VoluAve all ave/time 1 2000000 2000000 v_Volume file volume.dat
fix             Densfinal all ave/time 1 ${npt_run} ${npt_run} v_Density file density_final.dat
fix             Densfinal all ave/time 1 2000000 ${npt_run} v_Density file density_final.dat
fix             Densfinal all ave/time 1 2000000 2000000 v_Density file density_final.dat

restart         ${restartfreq} restart_${NAME}.1 restart_${NAME}.2
restart         1000000 restart_${NAME}.1 restart_${NAME}.2
restart         1000000 restart_N2.1 restart_${NAME}.2
restart         1000000 restart_N2.1 restart_N2.2

run             ${npt_run}
run             2000000
PPPM initialization ...
  using 12-bit tables for long-range coulomb (src/kspace.cpp:342)
  G vector (1/distance) = 0.26807309
  grid = 50 50 50
  stencil order = 5
  estimated absolute RMS force accuracy = 0.00038570262
  estimated relative force accuracy = 1.161532e-06
  using single precision FFTW3
  3d grid and FFT values/proc = 32768 16250
Generated 1 of 1 mixed pair_coeff terms from arithmetic mixing rule
Last active /omp style is kspace_style pppm/omp
Per MPI rank memory allocation (min/avg/max) = 8.649 | 8.672 | 8.694 Mbytes
   Step         PotEng         KinEng         TotEng         Press           Temp        v_Density   
         0   452.49147      1347.8505      1800.3419      79.05706       301.6517       0.1434717    
      1000   451.91665      1370.586       1822.5027      136.7971       306.73996      0.14379736   
      2000   433.1066       1379.2561      1812.3627      147.96854      308.68035      0.1431112    
      3000   439.01825      1352.9231      1791.9414      115.38484      302.78697      0.14090722   
      4000   444.57773      1347.53        1792.1077      60.354228      301.57997      0.13892213   
      5000   444.01198      1356.6325      1800.6444      57.340581      303.61713      0.13663895   
      6000   471.88704      1327.3818      1799.2689      77.587306      297.07078      0.13836608   
      7000   453.55975      1334.1774      1787.7371      124.31471      298.59163      0.14192224   
      8000   457.53667      1352.9827      1810.5194      109.91808      302.80031      0.14489925   
      9000   412.75521      1377.6134      1790.3686      163.33836      308.3127       0.14703015   
     10000   440.00338      1303.1034      1743.1068      140.02898      291.63722      0.14761094   
     11000   437.04801      1324.9538      1762.0019      149.92769      296.52739      0.14799306   
     12000   446.45375      1317.0346      1763.4883      144.53893      294.75504      0.14805661   
     13000   421.23205      1335.6224      1756.8545      165.14486      298.91504      0.1455976    
     14000   432.01921      1319.0756      1751.0948      204.10485      295.21183      0.14102942   
     15000   459.28335      1287.1608      1746.4442      196.19795      288.06923      0.13712109   
     16000   454.47413      1321.9522      1776.4263      221.35452      295.85562      0.13864916   
     17000   427.19078      1360.743       1787.9337      174.23328      304.53707      0.14178533   
     18000   471.15698      1363.0834      1834.2404      118.29987      305.06087      0.14574246   
     19000   449.37613      1345.0574      1794.4335      62.201156      301.02661      0.14868883   
     20000   433.86885      1362.3354      1796.2043      60.450722      304.89347      0.14861684   
     21000   418.77437      1353.4223      1772.1967      88.321304      302.89869      0.14659399   
     22000   438.74439      1393.0577      1831.8021      181.18665      311.76918      0.14620616   
     23000   460.32358      1393.6662      1853.9898      230.94482      311.90535      0.14656825   
     24000   466.79698      1339.6452      1806.4422      200.06408      299.81534      0.14670053   
     25000   460.835        1345.2904      1806.1254      192.75399      301.07875      0.14555934   
     26000   434.44162      1333.0936      1767.5353      123.53493      298.34909      0.14193518   
     27000   445.25828      1338.7527      1784.011       66.411019      299.61561      0.13731398   
     28000   457.47542      1340.6237      1798.0991      54.519857      300.03433      0.13658675   
     29000   461.9398       1364.6048      1826.5446      78.262834      305.40135      0.14028834   
     30000   451.18105      1340.3207      1791.5018      136.23021      299.96653      0.14654117   
     31000   466.8002       1367.6787      1834.4789      197.40196      306.0893       0.14986909   
     32000   453.25298      1343.5842      1796.8372      171.31356      300.69691      0.15016409   
     33000   435.59641      1370.6969      1806.2933      130.07716      306.76479      0.15005756   
     34000   446.89549      1360.9914      1807.8869      116.92183      304.59267      0.1492459    
     35000   442.90482      1362.6187      1805.5236      99.177884      304.95687      0.1471102    
     36000   430.81529      1319.4696      1750.2849      102.0935       295.30001      0.14394617   
     37000   458.39951      1297.5207      1755.9202      104.16253      290.3878       0.14013228   
     38000   470.22659      1319.6637      1789.8903      93.491794      295.34344      0.13583765   
     39000   477.22147      1304.288       1781.5094      80.521932      291.90232      0.1348151    
     40000   459.94908      1318.3819      1778.331       79.951582      295.05658      0.13846105   
     41000   454.83414      1334.1911      1789.0253      119.21321      298.59471      0.14524094   
     42000   429.73539      1371.6013      1801.3367      160.43103      306.96718      0.14821742   
     43000   444.68694      1360.7628      1805.4497      170.8486       304.5415       0.14822659   
     44000   434.1597       1361.3747      1795.5344      222.0089       304.67844      0.14793823   
     45000   437.56037      1331.7481      1769.3085      219.79076      298.04796      0.14607101   
     46000   464.89922      1327.839       1792.7382      180.0735       297.1731       0.14134374   
     47000   437.65685      1327.4648      1765.1217      117.65998      297.08936      0.13743292   
     48000   437.42577      1296.4766      1733.9024      92.894568      290.15413      0.13810942   
     49000   437.21245      1318.8349      1756.0473      116.8084       295.15795      0.141549     
     50000   425.85019      1326.7021      1752.5523      156.6969       296.91866      0.14474299   
     51000   445.45399      1318.3792      1763.8332      127.28504      295.05596      0.14478056   
     52000   449.7689       1289.4263      1739.1952      149.47625      288.57625      0.1421285    
     53000   442.336        1288.1104      1730.4464      115.78809      288.28174      0.13804196   
     54000   428.55547      1391.755       1820.3105      148.21422      311.47763      0.13603314   
     55000   460.52485      1345.5188      1806.0437      127.91199      301.12988      0.13573323   
     56000   459.71667      1337.3698      1797.0865      138.3337       299.30612      0.13672264   
     57000   434.66703      1374.2853      1808.9523      139.1035       307.56787      0.13795826   
     58000   459.57206      1349.1333      1808.7054      147.85122      301.93881      0.14050069   
     59000   431.56508      1362.0282      1793.5932      172.39053      304.8247       0.14716319   
     60000   416.81617      1395.536       1812.3521      207.51115      312.32381      0.15235884   
     61000   444.85497      1357.2494      1802.1044      150.47594      303.75521      0.15252599   
     62000   434.24631      1360.8423      1795.0886      152.76446      304.55931      0.150469     
     63000   447.52695      1352.193       1799.7199      113.15036      302.62357      0.14503271   
     64000   470.01555      1349.9033      1819.9188      118.57883      302.11112      0.14121968   
     65000   456.58405      1359.9099      1816.4939      127.36805      304.35062      0.14031295   
     66000   432.78338      1342.5336      1775.3169      128.27106      300.46177      0.13930176   
     67000   447.26251      1320.7262      1767.9887      126.85831      295.58124      0.13953703   
     68000   458.33564      1305.3908      1763.7265      87.643031      292.14915      0.14236177   
     69000   431.60204      1324.0535      1755.6556      153.30747      296.32589      0.149698     
     70000   428.4383       1327.0359      1755.4742      161.43625      296.99335      0.15171902   
     71000   426.47631      1328.9601      1755.4364      139.45617      297.42401      0.14991069   
     72000   439.46782      1352.1871      1791.6549      190.63265      302.62225      0.14919217   
     73000   443.63644      1353.4947      1797.1311      165.42203      302.91489      0.14662852   
     74000   457.79144      1341.9841      1799.7755      150.00857      300.33879      0.1458352    
     75000   437.57065      1380.9963      1818.567       160.20638      309.06981      0.14702548   
     76000   439.1541       1345.188       1784.3421      186.56281      301.05584      0.15055208   
     77000   458.96398      1334.1365      1793.1005      116.23854      298.58249      0.1529849    
     78000   444.77719      1358.2252      1803.0024      78.595689      303.97359      0.15237107   
     79000   433.82274      1394.1407      1827.9634      84.447342      312.01155      0.14646095   
     80000   462.8506       1337.5715      1800.4221      80.807052      299.35126      0.14095762   
     81000   469.53178      1354.883       1824.4148      164.06015      303.2256       0.14012137   
     82000   445.43637      1368.5169      1813.9533      231.13786      306.27689      0.14066065   
     83000   451.70887      1384.7445      1836.4534      240.95949      309.90866      0.14211843   
     84000   437.62877      1344.2082      1781.837       214.75565      300.83656      0.14345183   
     85000   439.69202      1336.2816      1775.9737      187.25645      299.06258      0.14504241   
     86000   443.17849      1334.364       1777.5425      110.48941      298.6334       0.14573734   
     87000   437.49603      1314.0264      1751.5224      92.932559      294.0818       0.14618343   
     88000   456.70587      1331.3342      1788.0401      42.199618      297.95533      0.14482836   
     89000   449.41084      1314.9854      1764.3962      80.632343      294.29643      0.14126659   
     90000   448.60495      1277.0751      1725.6801      88.223514      285.81203      0.13594861   
     91000   456.42454      1308.4365      1764.8611      122.12431      292.83078      0.136362     
     92000   439.16956      1339.3159      1778.4855      161.25808      299.74166      0.1398307    
     93000   411.68991      1332.1784      1743.8683      205.59309      298.14425      0.14488253   
     94000   438.26575      1336.1115      1774.3772      173.7129       299.02449      0.14681449   
     95000   446.14261      1298.6975      1744.8401      96.776583      290.65117      0.14442992   
     96000   417.57401      1353.4538      1771.0278      87.51767       302.90573      0.14152259   
     97000   447.61459      1345.945       1793.5596      105.43301      301.22526      0.13973245   
     98000   453.23511      1334.4789      1787.7141      150.14113      298.65913      0.13946348   
     99000   439.49278      1340.6419      1780.1347      189.45248      300.03841      0.13940907   
    100000   441.52891      1351.5248      1793.0537      211.2023       302.47402      0.14107312   
    101000   447.19807      1352.4553      1799.6534      187.53735      302.68227      0.1424774    
    102000   437.39165      1303.1615      1740.5532      203.39895      291.65022      0.14306902   
    103000   435.62055      1328.4556      1764.0761      197.07338      297.31109      0.14320333   
    104000   429.18902      1348.3407      1777.5297      194.61214      301.76141      0.14367027   
    105000   421.67155      1315.865       1737.5366      176.87701      294.4933       0.14363311   
    106000   439.05786      1300.2202      1739.2781      125.2718       290.99196      0.14234055   
    107000   466.77523      1343.1186      1809.8939      114.85769      300.59271      0.14165428   
    108000   443.22757      1343.2126      1786.4402      74.859866      300.61375      0.13976309   
    109000   435.46278      1341.5994      1777.0622      90.289396      300.2527       0.14147782   
    110000   429.23671      1304.3504      1733.5872      102.78298      291.91631      0.14555798   
    111000   429.14244      1331.1964      1760.3389      177.44583      297.92449      0.15025191   
    112000   422.33319      1334.7038      1757.037       187.36796      298.70944      0.15052424   
    113000   443.24724      1335.4491      1778.6963      147.55225      298.87624      0.14644517   
    114000   437.22933      1337.2797      1774.509       170.77549      299.28594      0.14474105   
    115000   461.97167      1388.2241      1850.1958      170.22699      310.6874       0.14223504   
    116000   479.50059      1351.3826      1830.8832      132.34931      302.44221      0.13553995   
    117000   466.63556      1378.7215      1845.357       120.02277      308.5607       0.13299138   
    118000   463.6918       1354.4511      1818.1429      95.434974      303.12894      0.13365914   
    119000   485.2994       1332.5377      1817.8371      63.722989      298.22467      0.13638266   
    120000   463.43099      1374.9557      1838.3867      87.138858      307.71792      0.13975406   
    121000   465.16104      1340.2613      1805.4223      106.27397      299.95323      0.14205624   
    122000   468.14415      1372.431       1840.5752      128.06906      307.15288      0.14340898   
    123000   457.98349      1347.7302      1805.7136      162.31416      301.62477      0.14231993   
    124000   465.3466       1369.4915      1834.8381      126.46314      306.495        0.13874111   
    125000   444.67774      1360.8972      1805.575       169.73072      304.57159      0.13874054   
    126000   462.65418      1356.1587      1818.8129      140.66688      303.5111       0.13932831   
    127000   430.94805      1301.7349      1732.6829      140.83327      291.33094      0.14091495   
    128000   457.80781      1306.2722      1764.0801      131.99678      292.34641      0.14232108   
    129000   422.09127      1333.8898      1755.9811      105.04717      298.52728      0.14205471   
    130000   443.24688      1323.5405      1766.7874      118.52455      296.21108      0.14173372   
    131000   444.16742      1295.5749      1739.7424      88.75411       289.95233      0.14044174   
    132000   438.01229      1324.4546      1762.4669      66.43928       296.41566      0.14148572   
    133000   474.48136      1326.0942      1800.5755      72.425394      296.7826       0.14545537   
    134000   449.15334      1363.839       1812.9923      133.16946      305.22996      0.15337062   
    135000   448.0475       1351.2324      1799.2799      137.03306      302.40858      0.15515464   
    136000   434.23785      1362.2112      1796.4491      177.87976      304.86567      0.15199299   
    137000   448.21038      1373.7778      1821.9882      171.36506      307.4543       0.14747714   
    138000   452.71086      1342.8786      1795.5895      190.18689      300.53899      0.14621228   
    139000   470.17126      1358.8948      1829.066       155.14328      304.12344      0.14529045   
    140000   450.39908      1344.2942      1794.6932      159.52685      300.85579      0.14466243   
    141000   450.92604      1367.4038      1818.3298      172.75592      306.02777      0.14563864   
    142000   430.96479      1361.4145      1792.3793      146.73754      304.68735      0.14776977   
    143000   403.60135      1386.4386      1790.04        158.50283      310.28782      0.15053301   
    144000   451.83003      1358.8559      1810.6859      120.86766      304.11473      0.15187974   
    145000   441.34816      1316.6265      1757.9746      106.91092      294.6637       0.14848461   
    146000   466.26418      1325.7882      1792.0524      78.837154      296.71412      0.141978     
    147000   435.8799       1354.7163      1790.5962      142.19954      303.18828      0.13913996   
    148000   450.7219       1318.6946      1769.4165      109.1562       295.12656      0.13820395   
    149000   452.61038      1340.3471      1792.9575      112.42297      299.97243      0.14200963   
    150000   453.85349      1349.9313      1803.7847      105.50051      302.11739      0.14653477   
    151000   423.23258      1377.6153      1800.8479      80.02583       308.31313      0.15060623   
    152000   434.62415      1335.2342      1769.8583      104.60473      298.82815      0.15327558   
    153000   434.1209       1313.7355      1747.8564      162.46664      294.01671      0.15340605   
    154000   426.17281      1325.8079      1751.9808      179.43803      296.71854      0.15080717   
    155000   438.33805      1317.1129      1755.4509      179.78568      294.77256      0.14568617   
    156000   467.17007      1320.7564      1787.9264      150.83818      295.58798      0.14185513   
    157000   459.6371       1387.3726      1847.0097      156.95694      310.49685      0.14229099   
    158000   452.31514      1336.146       1788.4612      134.02676      299.03223      0.14567593   
    159000   441.24815      1361.6355      1802.8836      65.518092      304.73681      0.14866209   
    160000   436.72227      1318.2936      1755.0159      74.435966      295.03682      0.14964448   
    161000   441.59754      1329.9676      1771.5651      50.063619      297.64948      0.14880304   
    162000   424.77992      1295.5214      1720.3013      63.926591      289.94034      0.14614532   
    163000   440.73922      1315.4858      1756.2251      107.56373      294.40843      0.14485762   
    164000   455.12143      1353.6133      1808.7347      131.43976      302.94142      0.14510562   
    165000   459.19644      1363.2371      1822.4335      131.88811      305.09526      0.14643808   
    166000   453.42105      1344.3635      1797.7845      107.91886      300.87131      0.14950213   
    167000   459.7221       1373.892       1833.6141      87.31694       307.47986      0.15402001   
    168000   431.79267      1378.8885      1810.6811      81.591027      308.59807      0.15679716   
    169000   435.18227      1360.5726      1795.7549      97.884397      304.49894      0.15478853   
    170000   452.27793      1346.554       1798.832       97.448767      301.36156      0.14784554   
    171000   442.66693      1346.0604      1788.7274      151.29714      301.25109      0.14348214   
    172000   459.84964      1374.6166      1834.4663      191.25889      307.64202      0.14255092   
    173000   422.11514      1383.3599      1805.475       233.43307      309.59878      0.14174671   
    174000   445.94915      1372.8536      1818.8027      240.03738      307.24744      0.14330484   
    175000   490.88793      1384.1377      1875.0256      170.07335      309.77286      0.14610998   
    176000   445.19042      1377.1988      1822.3892      154.79596      308.21992      0.1479989    
    177000   448.07095      1351.6412      1799.7122      147.52644      302.50008      0.1476116    
    178000   435.73557      1437.4681      1873.2037      178.32789      321.70832      0.14522103   
    179000   456.19213      1372.905       1829.0971      165.55765      307.25895      0.13914969   
    180000   447.49591      1364.9748      1812.4707      154.86557      305.48415      0.13480161   
    181000   458.76584      1372.9894      1831.7553      143.11088      307.27785      0.13465392   
    182000   485.81473      1379.8624      1865.6771      129.98105      308.81604      0.13874923   
    183000   443.78032      1384.1318      1827.9122      144.26424      309.77155      0.14393301   
    184000   429.78153      1393.5841      1823.3656      185.97762      311.88699      0.14918434   
    185000   449.68678      1332.6297      1782.3165      214.22016      298.24527      0.15205892   
    186000   437.23121      1329.4191      1766.6503      168.30973      297.52672      0.15279436   
    187000   409.91269      1307.6766      1717.5893      130.2121       292.66072      0.15043234   
    188000   419.95412      1289.2124      1709.1665      60.688228      288.52838      0.14796497   
    189000   432.43894      1299.4508      1731.8897      101.1196       290.81975      0.14715028   
    190000   439.47559      1332.9272      1772.4028      109.201        298.31185      0.14685582   
    191000   428.95164      1347.235       1776.1867      139.25139      301.51396      0.14710207   
    192000   443.70131      1339.0366      1782.7379      174.30708      299.67913      0.14852526   
    193000   434.96398      1276.5562      1711.5202      193.0571       285.6959       0.1516587    
    194000   425.57704      1317.0862      1742.6632      180.91973      294.76659      0.1557489    
    195000   446.17241      1331.2554      1777.4278      113.21703      297.93769      0.15823215   
    196000   410.2489       1340.4305      1750.6794      53.570684      299.9911       0.15800051   
    197000   431.69558      1328.8347      1760.5303     -13.633162      297.39594      0.15178854   
    198000   441.18792      1356.2982      1797.4861      19.71067       303.54231      0.14794009   
    199000   448.49589      1416.6206      1865.1165      102.74599      317.0426       0.14521812   
    200000   455.65417      1383.3456      1838.9997      179.92551      309.59558      0.14345485   
    201000   470.4874       1345.2788      1815.7662      226.20013      301.07616      0.1434896    
    202000   434.62287      1355.7529      1790.3758      235.19028      303.42029      0.14680778   
    203000   441.4178       1356.9288      1798.3466      235.33579      303.68346      0.15296017   
    204000   422.19598      1340.0479      1762.2439      196.28006      299.90548      0.15481406   
    205000   448.37713      1347.747       1796.1241      184.0645       301.62854      0.15209477   
    206000   448.60761      1326.4194      1775.027       140.94695      296.85538      0.14605248   
    207000   422.03424      1340.0389      1762.0731      143.77081      299.90346      0.1423975    
    208000   426.84195      1340.6546      1767.4965      145.73759      300.04124      0.14050747   
    209000   461.46526      1327.4672      1788.9324      108.14462      297.08988      0.13813565   
    210000   454.6494       1334.2721      1788.9215      102.88931      298.61284      0.13727013   
    211000   416.14317      1293.2245      1709.3677      85.520048      289.4263       0.13762381   
    212000   433.78619      1301.0315      1734.8177      80.712957      291.17352      0.13938854   
    213000   435.15483      1315.7992      1750.954       69.050359      294.47856      0.14311441   
    214000   468.83319      1311.104       1779.9372      127.09203      293.42778      0.14868138   
    215000   429.17364      1323.1318      1752.3054      175.38093      296.11961      0.15167698   
    216000   430.9191       1305.9467      1736.8658      195.44114      292.27356      0.15135511   
    217000   441.5915       1281.2677      1722.8592      169.88269      286.75034      0.14548302   
    218000   449.83848      1320.1161      1769.9546      118.86992      295.4447       0.13972853   
    219000   441.6296       1341.1457      1782.7753      91.175062      300.15115      0.13848435   
    220000   414.73         1349.8932      1764.6232      101.11837      302.10887      0.14081546   
    221000   413.4508       1310.7443      1724.1951      140.10903      293.34726      0.14497438   
    222000   418.27486      1334.087       1752.3619      203.85121      298.57141      0.1480571    
    223000   449.01685      1283.5531      1732.5699      242.06688      287.26181      0.14883019   
    224000   442.16444      1310.0839      1752.2483      257.1428       293.19946      0.14757322   
    225000   441.30879      1353.816       1795.1248      260.66771      302.98679      0.14460588   
    226000   460.71116      1355.5958      1816.3069      216.14079      303.38512      0.142449     
    227000   457.32925      1371.4892      1828.8185      182.63509      306.94211      0.14309744   
    228000   462.74726      1352.2907      1815.038       125.97912      302.64544      0.14383599   
    229000   439.3057       1310.4213      1749.727       77.352296      293.27497      0.14421024   
    230000   428.24325      1319.3846      1747.6278      87.012604      295.28097      0.14389192   
    231000   421.36676      1325.9624      1747.3292      97.494945      296.75311      0.14418996   
    232000   437.22217      1321.0575      1758.2797      105.13323      295.65539      0.14474069   
    233000   424.94693      1321.5661      1746.513       139.26393      295.76921      0.14728866   
    234000   421.26738      1323.9416      1745.209       145.8883       296.30086      0.14781501   
    235000   445.56194      1327.0522      1772.6141      128.30475      296.997        0.14648762   
    236000   448.62537      1399.6273      1848.2527      174.59045      313.23946      0.14287649   
    237000   453.62885      1345.5899      1799.2187      137.00526      301.14578      0.13819777   
    238000   453.21067      1356.8993      1810.11        91.184617      303.67685      0.13686453   
    239000   464.40787      1349.9476      1814.3555      131.47251      302.12104      0.13846809   
    240000   461.75705      1337.7333      1799.4903      168.64999      299.38745      0.14157326   
    241000   441.85329      1360.3331      1802.1864      212.54224      304.44533      0.14526821   
    242000   443.83895      1372.8982      1816.7372      224.39152      307.25744      0.14972844   
    243000   429.04198      1380.9752      1810.0172      240.6627       309.06509      0.1511426    
    244000   447.40938      1316.9108      1764.3201      181.13318      294.72733      0.14844193   
    245000   434.47739      1370.5369      1805.0143      151.52154      306.72898      0.14287414   
    246000   457.35287      1337.225       1794.5778      93.239937      299.27369      0.13865004   
    247000   440.26715      1337.1612      1777.4284      60.700443      299.25943      0.13759313   
    248000   454.14626      1283.3855      1737.5317      77.052745      287.2243       0.13988764   
    249000   432.62442      1339.4859      1772.1103      118.2765       299.77969      0.14504991   
    250000   421.27126      1307.6554      1728.9267      168.88814      292.65597      0.1499358    
    251000   442.82101      1316.1888      1759.0098      169.6762       294.56575      0.15062128   
    252000   444.21482      1348.0198      1792.2346      214.58337      301.68961      0.14965851   
    253000   437.44245      1343.4566      1780.899       171.81476      300.66834      0.14769172   
    254000   445.95334      1390.7798      1836.7332      97.479589      311.25938      0.14636724   
    255000   468.79054      1330.7896      1799.5802      40.238026      297.83345      0.14718368   
    256000   441.31312      1374.4832      1815.7963      49.399585      307.61216      0.14800758   
    257000   454.42929      1355.9073      1810.3366      67.03394       303.45484      0.14560983   
    258000   458.49137      1342.3995      1800.8909      85.798914      300.43177      0.1421911    
    259000   455.64128      1322.5637      1778.2049      121.0892       295.99246      0.13803509   
    260000   456.04947      1341.3735      1797.4229      162.101        300.20213      0.13602781   
    261000   441.94574      1359.2713      1801.2171      184.90258      304.20771      0.13887462   
    262000   452.78804      1313.7071      1766.4952      212.87763      294.01035      0.14724131   
    263000   441.84273      1312.602       1754.4447      187.65881      293.76301      0.15149341   
    264000   421.01051      1266.8842      1687.8947      156.52109      283.53128      0.15341935   
    265000   434.01355      1295.5973      1729.6108      120.97456      289.95733      0.15503471   
    266000   433.48986      1316.2582      1749.748       66.861338      294.58128      0.15292036   
    267000   431.04899      1321.9449      1752.9938      21.901436      295.85397      0.14771191   
    268000   455.56426      1318.6298      1774.194       45.01084       295.11205      0.14393755   
    269000   437.25776      1338.5417      1775.7994      69.747754      299.56837      0.14146413   
    270000   428.23144      1291.442       1719.6734      141.7986       289.02736      0.14076923   
    271000   451.94588      1298.9995      1750.9454      158.23168      290.71876      0.14034296   
    272000   452.25036      1324.5574      1776.8078      149.91893      296.43867      0.14157558   
    273000   444.82594      1335.619       1780.445       105.81707      298.91428      0.14219659   
    274000   441.42618      1309.6186      1751.0448      81.05065       293.09533      0.14191391   
    275000   433.23016      1341.3307      1774.5609      97.658977      300.19257      0.14269315   
    276000   445.49918      1329.6583      1775.1574      164.4674       297.58025      0.14514095   
    277000   448.68904      1337.1769      1785.8659      174.96125      299.26293      0.14712323   
    278000   441.71828      1348.6908      1790.4091      164.88905      301.83977      0.14859596   
    279000   443.15376      1354.5708      1797.7245      128.61739      303.15572      0.14703124   
    280000   440.6202       1391.1672      1831.7874      117.13455      311.34608      0.14329067   
    281000   462.30455      1354.9689      1817.2735      111.24067      303.24483      0.13670898   
    282000   492.92954      1339.7364      1832.6659      139.93206      299.83575      0.13402549   
    283000   454.23306      1363.8163      1818.0494      144.2956       305.2249       0.13389098   
    284000   501.3987       1373.9483      1875.347       137.35163      307.49246      0.1359744    
    285000   453.08187      1364.9306      1818.0124      134.27945      305.47426      0.13843861   
    286000   454.26247      1336.9907      1791.2532      139.25127      299.22127      0.14098262   
    287000   466.00405      1339.3245      1805.3285      122.67656      299.74357      0.14194299   
    288000   438.80273      1315.3034      1754.1062      122.25606      294.36761      0.14231405   
    289000   451.87158      1291.068       1742.9396      121.41083      288.94367      0.14277849   
    290000   448.99482      1313.7198      1762.7146      98.534008      294.01318      0.14339378   
    291000   444.6855       1332.0113      1776.6968      159.9429       298.10686      0.14412561   
    292000   461.99975      1378.3341      1840.3338      151.24309      308.47399      0.14365741   
    293000   466.69053      1358.2775      1824.968       170.17722      303.98528      0.14323225   
    294000   464.88515      1347.7957      1812.6808      141.09561      301.63944      0.14118249   
    295000   482.05085      1351.2469      1833.2977      117.32621      302.41182      0.1403509    
    296000   442.89763      1408.7666      1851.6643      103.6037       315.28487      0.14304684   
    297000   443.30171      1362.4446      1805.7464      86.672651      304.91791      0.14757163   
    298000   439.64393      1350.4437      1790.0876      101.57272      302.23206      0.15061787   
    299000   443.01409      1352.7844      1795.7985      151.93899      302.75592      0.15067546   
    300000   447.61126      1339.8802      1787.4914      169.77619      299.86793      0.14903224   
    301000   448.99206      1340.2957      1789.2878      138.86664      299.96093      0.14379911   
    302000   432.01672      1328.2497      1760.2664      120.56279      297.265        0.13663023   
    303000   466.14153      1307.4754      1773.6169      100.81866      292.61567      0.13542968   
    304000   445.89292      1341.6063      1787.4992      126.6984       300.25423      0.13949555   
    305000   443.10516      1351.6811      1794.7863      179.31904      302.509        0.14325715   
    306000   439.46642      1363.6626      1803.129       220.18352      305.19048      0.14706611   
    307000   435.48696      1343.8081      1779.295       216.98878      300.74701      0.15017278   
    308000   435.86152      1334.7817      1770.6432      207.00512      298.72688      0.15232528   
    309000   437.20613      1288.8367      1726.0428      178.36624      288.4443       0.15194311   
    310000   463.45496      1304.2956      1767.7506      143.55401      291.90403      0.14749509   
    311000   442.1262       1344.5821      1786.7083      103.5368       300.92023      0.1410771    
    312000   468.00022      1368.7313      1836.7315      100.54309      306.32486      0.13995494   
    313000   460.73976      1382.8206      1843.5604      128.42574      309.4781       0.14222671   
    314000   444.6771       1379.4138      1824.0909      166.58219      308.71565      0.14535408   
    315000   442.19407      1356.1305      1798.3246      190.50326      303.50479      0.14806952   
    316000   450.74091      1367.0024      1817.7433      205.56931      305.93794      0.14927776   
    317000   454.06611      1364.5548      1818.6209      197.70223      305.39016      0.14837875   
    318000   447.22884      1369.5288      1816.7576      163.38118      306.50336      0.14511137   
    319000   454.10774      1326.0063      1780.114       165.16747      296.76293      0.14136925   
    320000   450.55603      1305.8618      1756.4178      113.01998      292.25454      0.13764086   
    321000   471.65241      1318.925       1790.5774      104.72968      295.17811      0.13767302   
    322000   476.80358      1317.1285      1793.9321      87.670305      294.77606      0.14025294   
    323000   455.88466      1294.966       1750.8507      82.953594      289.81605      0.14557743   
    324000   449.21597      1328.7027      1777.9187      105.49175      297.3664       0.14980997   
    325000   447.38344      1307.9891      1755.3725      108.41318      292.73064      0.14953378   
    326000   448.36314      1341.1439      1789.5071      140.77039      300.15077      0.14783575   
    327000   446.06793      1346.0314      1792.0993      159.52169      301.2446       0.14460007   
    328000   445.64524      1347.9239      1793.5692      165.60619      301.66814      0.14160438   
    329000   464.79082      1344.5784      1809.3692      123.0525       300.91941      0.13972719   
    330000   481.69398      1351.9519      1833.6459      146.53651      302.5696       0.14032528   
    331000   460.38162      1356.1872      1816.5688      148.91519      303.51747      0.1416998    
    332000   449.07125      1369.3822      1818.4535      111.30613      306.47056      0.14255457   
    333000   487.25919      1354.5201      1841.7793      101.30119      303.14438      0.14472518   
    334000   449.10638      1349.023       1798.1294      96.610184      301.91412      0.14714133   
    335000   462.19376      1360.1764      1822.3702      156.46115      304.41027      0.15262196   
    336000   442.87346      1416.197       1859.0705      214.45179      316.9478       0.15364901   
    337000   453.55905      1346.8341      1800.3932      188.83864      301.42424      0.15045519   
    338000   456.72376      1332.506       1789.2298      207.43491      298.21758      0.14570441   
    339000   452.25615      1356.2679      1808.524       189.81463      303.53554      0.14040676   
    340000   478.57574      1376.8089      1855.3846      154.02495      308.13265      0.13863455   
    341000   468.16222      1355.8162      1823.9784      127.71674      303.43445      0.1400064    
    342000   443.64054      1353.6372      1797.2777      112.26696      302.94678      0.14308662   
    343000   458.53534      1356.3029      1814.8382      95.271061      303.54337      0.14635734   
    344000   439.5101       1349.0376      1788.5477      107.04225      301.91737      0.15032536   
    345000   444.92288      1367.8937      1812.8166      111.76105      306.13741      0.15241902   
    346000   449.76172      1335.1753      1784.937       134.67331      298.81497      0.15015168   
    347000   433.72479      1326.5504      1760.2752      103.27143      296.8847       0.14332141   
    348000   470.16042      1329.6133      1799.7737      155.30952      297.57018      0.1406339    
    349000   462.49793      1304.2424      1766.7403      136.98041      291.89212      0.14024335   
    350000   462.89162      1342.373       1805.2646      161.03333      300.42584      0.14231389   
    351000   447.54137      1396.2856      1843.827       176.0863       312.49158      0.14608664   
    352000   425.12462      1372.3755      1797.5002      163.9552       307.14046      0.14946704   
    353000   464.64386      1342.6897      1807.3335      139.74436      300.49671      0.15114597   
    354000   447.50867      1355.3035      1802.8122      164.24066      303.31971      0.15086988   
    355000   466.97377      1372.9331      1839.9069      157.56466      307.26525      0.14944753   
    356000   441.9994       1347.9319      1789.9313      208.40513      301.66992      0.14844868   
    357000   440.07746      1387.6143      1827.6918      199.88285      310.55093      0.14812036   
    358000   462.2472       1342.8944      1805.1416      178.3712       300.54253      0.14815      
    359000   483.9366       1315.841       1799.7776      155.05885      294.48792      0.14795169   
    360000   456.04454      1302.501       1758.5456      112.97132      291.5024       0.14571172   
    361000   443.06081      1327.0712      1770.1321      114.72632      297.00127      0.14304321   
    362000   461.00765      1317.3722      1778.3799      103.2306       294.83061      0.13989811   
    363000   454.32625      1317.0358      1771.3621      113.89635      294.75532      0.13761795   
    364000   444.09478      1331.3837      1775.4784      98.607831      297.9664       0.13908907   
    365000   436.44911      1336.4434      1772.8925      65.261562      299.09878      0.14501925   
    366000   456.93557      1362.3047      1819.2403      94.153657      304.88659      0.15010749   
    367000   433.25388      1406.6258      1839.8797      113.12652      314.80574      0.15117756   
    368000   459.83304      1395.0888      1854.9218      143.71924      312.22373      0.15074834   
    369000   443.72463      1333.0355      1776.7601      184.89831      298.33608      0.14916933   
    370000   446.88237      1338.9903      1785.8726      181.81633      299.66877      0.14625867   
    371000   441.83993      1348.7586      1790.5985      154.34816      301.85495      0.14436051   
    372000   478.09508      1309.6746      1787.7696      137.0095       293.10786      0.14556161   
    373000   449.85945      1339.1758      1789.0352      126.41834      299.71029      0.1504268    
    374000   433.60027      1307.7949      1741.3952      136.27689      292.68719      0.15644705   
    375000   435.40236      1282.908       1718.3104      148.99423      287.11745      0.15950256   
    376000   413.98552      1291.5952      1705.5807      157.98841      289.06166      0.15691058   
    377000   443.17535      1324.464       1767.6394      149.87073      296.41777      0.1502682    
    378000   449.72982      1334.0322      1783.762       186.88572      298.55915      0.14647228   
    379000   464.57426      1323.8521      1788.4264      152.9474       296.28082      0.14587726   
    380000   448.74946      1390.6351      1839.3845      112.38366      311.22698      0.14650126   
    381000   462.34343      1355.9957      1818.3391      87.209622      303.47462      0.14778471   
    382000   452.89743      1366.6684      1819.5658      85.791068      305.86319      0.14810597   
    383000   467.13455      1353.3068      1820.4414      94.021653      302.87285      0.14536865   
    384000   453.6367       1359.0982      1812.7349      144.10715      304.16896      0.14171005   
    385000   483.74754      1319.3651      1803.1127      151.25739      295.27663      0.13624687   
    386000   464.96189      1352.3001      1817.262       152.03068      302.64755      0.13195425   
    387000   479.71797      1317.767       1797.485       154.6286       294.91897      0.13240597   
    388000   483.54647      1307.6356      1791.182       97.365017      292.65152      0.1339031    
    389000   465.95401      1284.9196      1750.8736      120.635        287.56765      0.13715      
    390000   430.91527      1350.1382      1781.0535      187.64846      302.16371      0.13945298   
    391000   453.90649      1324.2916      1778.1981      209.16333      296.37917      0.14027485   
    392000   459.3622       1349.261       1808.6232      194.394        301.96739      0.14132239   
    393000   452.80169      1347.9125      1800.7142      121.79239      301.66558      0.14331114   
    394000   481.50056      1377.8238      1859.3243      40.814125      308.35979      0.1450711    
    395000   433.79041      1372.8272      1806.6176      15.109132      307.24154      0.14735578   
    396000   468.0914       1339.6219      1807.7133      20.74583       299.81014      0.15021887   
    397000   457.74714      1369.0575      1826.8046      122.62472      306.39788      0.15140377   
    398000   446.99383      1354.6683      1801.6621      170.17125      303.17755      0.14626595   
    399000   465.14082      1336.5753      1801.7162      242.23545      299.1283       0.14157001   
    400000   443.3891       1295.5124      1738.9015      240.72295      289.93832      0.14010212   
    401000   433.41473      1321.9619      1755.3767      214.71941      295.8578       0.141982     
    402000   424.70463      1336.0083      1760.7129      171.55035      299.0014       0.14405555   
    403000   429.53036      1350.0094      1779.5398      136.28106      302.13488      0.14734988   
    404000   455.50879      1302.5424      1758.0512      123.96893      291.51166      0.15254323   
    405000   416.23491      1289.9548      1706.1898      140.39306      288.69454      0.15702353   
    406000   445.39294      1298.3919      1743.7848      152.94278      290.58277      0.15512937   
    407000   459.81225      1354.46        1814.2723      157.38823      303.13094      0.14805756   
    408000   463.99283      1363.1539      1827.1467      121.56142      305.07663      0.14207333   
    409000   458.0325       1368.7728      1826.8053      106.55496      306.33415      0.14071935   
    410000   446.16599      1368.8509      1815.0169      146.32699      306.35164      0.14266732   
    411000   467.37902      1326.6206      1793.9996      124.97648      296.90041      0.14393102   
    412000   434.39429      1299.1995      1733.5938      169.31292      290.76352      0.14537785   
    413000   433.13322      1317.4751      1750.6083      204.04714      294.85362      0.14795916   
    414000   442.53913      1318.5518      1761.0909      205.12591      295.0946       0.15038588   
    415000   440.90594      1326.579       1767.485       165.00274      296.89111      0.15291835   
    416000   445.20659      1303.1313      1748.3379      53.226987      291.64346      0.15306332   
    417000   419.52664      1288.0084      1707.535       39.076288      288.25892      0.15140032   
    418000   440.83046      1297.032       1737.8625      58.679804      290.27843      0.14842784   
    419000   454.90449      1308.5526      1763.4571      85.978026      292.85677      0.14522857   
    420000   465.97846      1328.6673      1794.6458      154.1602       297.35847      0.14512665   
    421000   445.29935      1367.3429      1812.6422      164.06903      306.01414      0.14912127   
    422000   454.9626       1332.6431      1787.6057      156.25213      298.24826      0.15565247   
    423000   445.36267      1361.5465      1806.9092      172.30834      304.71691      0.15811268   
    424000   426.19729      1359.1586      1785.3559      181.67319      304.18248      0.15793579   
    425000   440.71877      1363.2356      1803.9544      213.91903      305.09493      0.15618219   
    426000   469.53574      1344.821       1814.3568      231.06754      300.97371      0.15316463   
    427000   474.09191      1358.8238      1832.9157      229.75434      304.10755      0.15007004   
    428000   476.21572      1333.7595      1809.9753      192.88217      298.49812      0.14768569   
    429000   422.37634      1373.616       1795.9924      140.42658      307.41808      0.14678452   
    430000   450.55842      1340.3992      1790.9576      82.572477      299.98409      0.14733962   
    431000   461.80161      1332.998       1794.7997      68.70276       298.3277       0.14942537   
    432000   445.96301      1368.3236      1814.2866      95.641114      306.23364      0.15533409   
    433000   439.42368      1325.4596      1764.8833      118.17845      296.64058      0.15811853   
    434000   433.50817      1302.2273      1735.7355      203.63615      291.44115      0.15797451   
    435000   417.91054      1323.5189      1741.4295      218.18918      296.20625      0.15568104   
    436000   439.25259      1298.003       1737.2556      177.17038      290.49574      0.15339348   
    437000   426.58528      1349.1423      1775.7276      178.76812      301.94082      0.15092527   
    438000   437.70481      1343.5336      1781.2384      183.76763      300.68557      0.14885056   
    439000   454.84462      1333.2939      1788.1385      146.72089      298.39391      0.14874239   
    440000   460.89131      1322.0919      1782.9832      183.28753      295.88688      0.15239448   
    441000   431.20833      1296.9039      1728.1122      128.21953      290.24976      0.15586468   
    442000   419.84615      1315.3448      1735.1909      85.115744      294.37686      0.15663481   
    443000   453.59558      1307.851       1761.4466      31.415474      292.69975      0.15222934   
    444000   493.46074      1314.3366      1807.7974      29.730183      294.15123      0.14467172   
    445000   458.05364      1305.9648      1764.0185      58.376924      292.27761      0.14155026   
    446000   481.31285      1321.6829      1802.9958      126.28557      295.79535      0.14201026   
    447000   467.57128      1310.2458      1777.8171      193.06653      293.2357       0.14406144   
    448000   436.85357      1354.3668      1791.2204      179.14203      303.11007      0.1476652    
    449000   422.82863      1294.6774      1717.5061      101.34161      289.75147      0.15104077   
    450000   436.85387      1291.6964      1728.5503      56.487721      289.0843       0.15531401   
    451000   444.15557      1337.0754      1781.231       19.790663      299.24022      0.15571673   
    452000   465.53244      1308.2329      1773.7653      58.792048      292.78521      0.15228105   
    453000   445.85251      1324.2672      1770.1197      93.317104      296.37371      0.14855651   
    454000   427.07535      1322.3026      1749.378       117.39856      295.93404      0.1479751    
    455000   468.58561      1324.7726      1793.3582      159.92803      296.48684      0.14755321   
    456000   437.92182      1364.0308      1801.9526      160.60313      305.2729       0.14647615   
    457000   491.11477      1367.8861      1859.0009      140.33745      306.13573      0.14688478   
    458000   450.715        1367.0319      1817.7469      99.207837      305.94454      0.14753233   
    459000   462.13018      1369.8693      1831.9995      118.97177      306.57957      0.1525227    
    460000   433.52497      1334.3733      1767.8983      134.87636      298.63548      0.1567857    
    461000   427.81158      1299.4658      1727.2774      140.88589      290.82312      0.15574484   
    462000   452.56036      1361.8122      1814.3725      113.65969      304.77636      0.14816      
    463000   482.83365      1376.9487      1859.7824      68.714355      308.16395      0.14174057   
    464000   474.63985      1362.6013      1837.2411      75.268211      304.95296      0.14179694   
    465000   433.33624      1368.2745      1801.6108      89.360904      306.22265      0.14578203   
    466000   461.18332      1362.7058      1823.8891      120.2475       304.97635      0.15179289   
    467000   441.50874      1336.609       1778.1178      177.30535      299.13585      0.15591179   
    468000   425.73408      1338.9657      1764.6998      290.01403      299.66327      0.15687594   
    469000   426.19274      1380.3764      1806.5692      281.71826      308.93108      0.15444996   
    470000   452.80615      1370.2104      1823.0165      240.04133      306.65589      0.15001027   
    471000   471.05143      1388.7765      1859.8279      191.22244      310.81103      0.14728954   
    472000   467.08028      1356.4485      1823.5288      117.5872       303.57597      0.14647801   
    473000   477.02325      1330.349       1807.3723      80.371586      297.73484      0.14752315   
    474000   432.88288      1346.4322      1779.3151      69.247297      301.33429      0.14880561   
    475000   464.79747      1328.0503      1792.8478      106.88722      297.22039      0.14995875   
    476000   436.3252       1317.7311      1754.0563      159.89937      294.91093      0.15109445   
    477000   417.61841      1332.5351      1750.1535      196.83515      298.22408      0.15279723   
    478000   415.93569      1341.2183      1757.154       207.68571      300.1674       0.15257712   
    479000   459.82755      1307.9027      1767.7302      163.78383      292.7113       0.14945175   
    480000   438.42546      1288.885       1727.3105      136.30665      288.45512      0.14706027   
    481000   439.16811      1308.995       1748.1631      154.15727      292.95577      0.14699002   
    482000   440.52835      1363.887       1804.4153      148.63227      305.24071      0.14932705   
    483000   417.22668      1344.2217      1761.4484      181.19006      300.83958      0.15426978   
    484000   458.31361      1331.7441      1790.0577      206.96095      298.04705      0.16024384   
    485000   434.42339      1360.0894      1794.5128      198.22313      304.39079      0.16303795   
    486000   433.64733      1354.3911      1788.0384      167.46804      303.11551      0.1615887    
    487000   466.19378      1342.2274      1808.4212      157.32611      300.39325      0.15682651   
    488000   440.63853      1341.8075      1782.446       124.79476      300.29927      0.15094663   
    489000   419.52154      1351.1336      1770.6552      120.15371      302.38648      0.14812974   
    490000   429.77168      1341.7282      1771.4999      120.51992      300.28152      0.14686177   
    491000   480.99562      1331.8081      1812.8037      101.63056      298.06138      0.14618082   
    492000   434.23871      1298.3001      1732.5389      77.838919      290.56224      0.1476451    
    493000   431.36678      1290.8076      1722.1744      90.552812      288.88539      0.15150205   
    494000   403.57785      1350.5353      1754.1132      78.462586      302.25258      0.15563034   
    495000   419.05768      1309.9382      1728.9959      74.897647      293.16686      0.15727225   
    496000   418.01627      1341.0931      1759.1093      76.204147      300.13938      0.15441073   
    497000   449.77082      1302.5568      1752.3277      101.93227      291.5149       0.15042524   
    498000   426.02641      1345.6264      1771.6528      171.62867      301.15396      0.1470699    
    499000   443.99762      1340.9884      1784.986       233.96826      300.11596      0.1464534    
    500000   448.15014      1357.7909      1805.941       254.44222      303.87638      0.14621806   
    501000   444.22354      1376.4017      1820.6252      201.30687      308.04152      0.14470571   
    502000   445.23692      1338.0652      1783.3021      133.04212      299.46174      0.14348507   
    503000   466.59927      1318.9452      1785.5445      99.158503      295.18265      0.14497854   
    504000   450.16101      1345.1203      1795.2813      82.328281      301.04068      0.15130979   
    505000   439.83623      1341.6966      1781.5328      108.74022      300.27445      0.15640138   
    506000   454.25593      1349.6357      1803.8917      151.9118       302.05125      0.15746748   
    507000   454.70749      1397.8446      1852.552       158.58203      312.84048      0.15569601   
    508000   444.51166      1364.286       1808.7976      157.54311      305.33         0.15277188   
    509000   438.42443      1350.6752      1789.0997      158.98422      302.28389      0.15133695   
    510000   482.09723      1338.1791      1820.2763      114.70086      299.48722      0.15037527   
    511000   473.13049      1327.2452      1800.3757      108.72845      297.04019      0.15031342   
    512000   429.23817      1325.1957      1754.4339      133.56836      296.58153      0.1497598    
    513000   431.59619      1287.4472      1719.0434      161.39257      288.13332      0.14932236   
    514000   445.44558      1322.3936      1767.8392      177.96637      295.9544       0.15135888   
    515000   426.80211      1351.9421      1778.7442      199.06093      302.56741      0.15686701   
    516000   452.73565      1366.5475      1819.2832      184.81698      305.83614      0.16067904   
    517000   430.45258      1345.1078      1775.5603      165.92934      301.03788      0.15992346   
    518000   451.8041       1347.4916      1799.2957      160.10109      301.57139      0.15583018   
    519000   439.64966      1336.0701      1775.7198      111.07987      299.01524      0.14978834   
    520000   447.07273      1328.0916      1775.1644      70.291007      297.22963      0.14701915   
    521000   437.28284      1335.4305      1772.7133      71.556998      298.87208      0.14834695   
    522000   448.44552      1287.58        1736.0255      82.660545      288.16304      0.15126096   
    523000   440.55354      1308.0208      1748.5743      110.5572       292.73774      0.15432775   
    524000   438.65168      1306.1263      1744.778       156.13473      292.31376      0.15732839   
    525000   417.79009      1337.2428      1755.0329      161.69572      299.27769      0.15819021   
    526000   433.36325      1321.9745      1755.3377      170.28972      295.8606       0.15560657   
    527000   438.05711      1310.9386      1748.9957      183.20975      293.39074      0.15111428   
    528000   448.06823      1390.1098      1838.178       189.58939      311.10943      0.14773762   
    529000   460.41216      1353.9908      1814.4029      255.63658      303.02591      0.14560366   
    530000   468.94799      1350.036       1818.984       293.95834      302.14082      0.14488825   
    531000   481.46507      1359.9354      1841.4004      260.49333      304.35633      0.14461567   
    532000   437.99117      1392.8634      1830.8546      207.92396      311.72569      0.14499199   
    533000   458.55724      1394.7647      1853.3219      137.71726      312.1512       0.14684172   
    534000   442.71376      1338.603       1781.3168      75.591044      299.5821       0.14957695   
    535000   444.54917      1338.8388      1783.3879      80.218074      299.63487      0.1526447    
    536000   448.23752      1342.6508      1790.8883      90.871781      300.48801      0.15330178   
    537000   448.54607      1352.0071      1800.5532      168.21611      302.58196      0.1518711    
    538000   448.77774      1343.5218      1792.2995      201.37208      300.68294      0.15043526   
    539000   437.3504       1340.5175      1777.8679      212.90697      300.01057      0.14995879   
    540000   456.00494      1312.4183      1768.4232      160.05442      293.72191      0.15163905   
    541000   409.92598      1284.1913      1694.1173      65.460578      287.40466      0.15205216   
    542000   440.26644      1303.0254      1743.2918      45.113619      291.61975      0.15164797   
    543000   473.05175      1302.5052      1775.5569     -2.6722472      291.50333      0.14941229   
    544000   478.87032      1305.8143      1784.6846      6.053511       292.24392      0.14470694   
    545000   465.95479      1321.1778      1787.1326      7.6485674      295.6823       0.14111601   
    546000   458.57513      1329.6018      1788.1769      38.242437      297.56761      0.14008085   
    547000   433.30773      1321.9823      1755.29        86.864915      295.86236      0.14247122   
    548000   432.95321      1343.2403      1776.1935      191.30312      300.61993      0.14833537   
    549000   434.7052       1325.2598      1759.965       242.65333      296.59586      0.15159079   
    550000   428.08301      1347.6606      1775.7436      236.25381      301.6092       0.15176426   
    551000   447.85301      1300.2356      1748.0886      194.26382      290.9954       0.14922003   
    552000   446.23947      1334.0125      1780.2519      141.18351      298.55473      0.1468345    
    553000   448.55775      1352.8814      1801.4392      112.57703      302.77764      0.14416576   
    554000   430.45808      1325.5378      1755.9958      120.36811      296.65807      0.14278912   
    555000   433.66652      1316.7279      1750.3944      164.88967      294.68641      0.14436873   
    556000   459.75859      1307.8338      1767.5924      195.98882      292.6959       0.14788095   
    557000   418.69256      1334.3718      1753.0644      203.11875      298.63515      0.1500481    
    558000   447.40871      1317.9543      1765.363       161.20595      294.96087      0.14936937   
    559000   448.72023      1289.0791      1737.7993      189.34523      288.49855      0.1485897    
    560000   435.03973      1328.2345      1763.2742      196.40233      297.2616       0.1466605    
    561000   468.15741      1332.1505      1800.3079      193.58047      298.13802      0.14657267   
    562000   431.25235      1343.8195      1775.0718      161.75856      300.74956      0.14582722   
    563000   420.79779      1359.4181      1780.2159      134.68723      304.24057      0.14593726   
    564000   443.65201      1287.6205      1731.2725      76.559302      288.1721       0.14848371   
    565000   436.76159      1332.033       1768.7946      118.51882      298.11172      0.15446234   
    566000   427.08306      1331.6871      1758.7702      159.53088      298.03431      0.15810973   
    567000   454.60563      1332.2999      1786.9056      162.18617      298.17146      0.15636796   
    568000   456.67055      1379.1766      1835.8471      172.5241       308.66255      0.15250243   
    569000   447.7782       1368.3122      1816.0904      164.79354      306.23107      0.14638406   
    570000   465.33208      1355.7122      1821.0442      123.1958       303.41116      0.14175787   
    571000   465.78725      1342.8793      1808.6666      97.501878      300.53915      0.14134921   
    572000   462.23163      1356.0924      1818.3241      86.137006      303.49627      0.14271752   
    573000   443.30291      1345.433       1788.7359      110.01844      301.11067      0.1452986    
    574000   458.57402      1355.5347      1814.1087      145.29863      303.37144      0.14817572   
    575000   472.79505      1346.2783      1819.0733      199.61708      301.29984      0.15048081   
    576000   469.92901      1365.7205      1835.6495      233.84337      305.65105      0.15001157   
    577000   473.34162      1434.1419      1907.4835      224.56032      320.9639       0.14626487   
    578000   491.81969      1356.9023      1848.722       205.00164      303.67752      0.14065842   
    579000   471.53156      1355.9919      1827.5235      144.90657      303.47377      0.13653658   
    580000   485.5334       1361.1937      1846.7271      93.764327      304.63794      0.13773927   
    581000   475.42762      1424.7063      1900.1339      115.10743      318.85219      0.14443184   
    582000   459.72461      1352.7254      1812.45        116.35243      302.74272      0.14838608   
    583000   463.5088       1371.0185      1834.5273      96.583154      306.83674      0.14929468   
    584000   470.02432      1383.2252      1853.2495      82.504716      309.56863      0.14941343   
    585000   457.69486      1391.2121      1848.907       66.445999      311.35613      0.14841809   
    586000   465.99734      1365.1441      1831.1414      44.527625      305.52204      0.14690031   
    587000   438.65002      1359.531       1798.1811      62.927019      304.26584      0.14778538   
    588000   458.198        1366.5066      1824.7046      67.712398      305.82698      0.15476528   
    589000   439.34392      1391.0892      1830.4332      83.010574      311.32863      0.15999477   
    590000   455.4627       1311.6362      1767.0989      111.25872      293.54688      0.16002793   
    591000   451.02559      1337.8574      1788.883       123.62427      299.41524      0.15445894   
    592000   441.9223       1341.9679      1783.8902      142.7677       300.33517      0.14870435   
    593000   467.88651      1307.7909      1775.6774      139.62446      292.68628      0.14675837   
    594000   419.2194       1356.4605      1775.6799      193.94324      303.57865      0.1455111    
    595000   461.07057      1296.7345      1757.805       185.42194      290.21183      0.14496524   
    596000   448.98711      1334.9233      1783.9104      188.12998      298.75858      0.14612014   
    597000   467.42706      1313.3946      1780.8217      147.78324      293.94041      0.1478793    
    598000   426.82208      1274.3106      1701.1326      94.068344      285.19332      0.15053099   
    599000   447.44049      1303.6336      1751.0741      127.28608      291.75587      0.15492256   
    600000   460.50152      1315.7657      1776.2672      132.35101      294.47107      0.15543232   
    601000   452.63681      1341.758       1794.3949      127.18462      300.2882       0.14948711   
    602000   459.20245      1340.4584      1799.6608      111.04837      299.99734      0.14317587   
    603000   459.97719      1347.469       1807.4461      92.161746      301.56632      0.14054307   
    604000   481.38458      1334.6085      1815.9931      114.87253      298.68812      0.13944698   
    605000   441.85942      1338.0257      1779.8851      170.87547      299.45289      0.13943282   
    606000   452.09253      1351.7163      1803.8088      232.65468      302.51689      0.14324371   
    607000   431.14718      1379.553       1810.7001      249.5767       308.74678      0.14703904   
    608000   421.61776      1382.6916      1804.3094      228.04647      309.44922      0.15069854   
    609000   427.45113      1359.4097      1786.8608      183.28431      304.23869      0.15226145   
    610000   445.40112      1340.0275      1785.4287      114.40749      299.90091      0.14982511   
    611000   436.06502      1347.8516      1783.9166      94.648007      301.65195      0.14530374   
    612000   454.24435      1318.5449      1772.7893      111.18199      295.09306      0.14226428   
    613000   452.03909      1320.8923      1772.9314      111.09746      295.61841      0.14005775   
    614000   463.77065      1298.4271      1762.1977      90.379998      290.59065      0.13966842   
    615000   440.1488       1291.896       1732.0448      120.46923      289.12899      0.14208273   
    616000   462.59104      1307.5833      1770.1743      140.7184       292.63982      0.14505358   
    617000   469.23944      1317.1835      1786.4229      134.58589      294.78837      0.14672084   
    618000   435.62606      1323.939       1759.565       126.62392      296.30026      0.14624312   
    619000   461.1354       1332.6822      1793.8176      126.3428       298.25701      0.14543296   
    620000   460.6254       1314.2814      1774.9068      85.31711       294.13887      0.14325942   
    621000   465.60838      1315.7501      1781.3585      92.68436       294.46758      0.14181509   
    622000   456.42399      1324.4569      1780.8809      128.13895      296.41617      0.1426323    
    623000   453.89552      1342.2691      1796.1647      149.92371      300.40259      0.14365732   
    624000   463.08621      1327.7464      1790.8326      168.41604      297.15236      0.14581135   
    625000   457.6699       1345.8667      1803.5366      138.0332       301.20774      0.14809436   
    626000   471.06543      1374.4067      1845.4721      119.78133      307.59504      0.1512042    
    627000   468.28281      1364.9928      1833.2756      119.21083      305.48818      0.15381825   
    628000   460.84608      1300.9524      1761.7985      75.717645      291.15583      0.1542009    
    629000   434.12845      1319.9073      1754.0358      92.488863      295.39797      0.14935884   
    630000   487.32179      1310.2063      1797.5281      109.4927       293.22687      0.14187009   
    631000   452.61003      1317.8186      1770.4287      132.45922      294.93051      0.13864276   
    632000   455.5557       1309.7523      1765.308       130.48706      293.12524      0.13853023   
    633000   435.12532      1286.0778      1721.2031      142.9954       287.82685      0.14156687   
    634000   444.36764      1333.1657      1777.5333      165.10678      298.36521      0.14573087   
    635000   461.00334      1342.5168      1803.5202      165.45846      300.45802      0.14781974   
    636000   447.04794      1362.1893      1809.2373      190.72534      304.86077      0.15028495   
    637000   441.45398      1407.3834      1848.8374      217.70936      314.97529      0.15168322   
    638000   473.82391      1366.6738      1840.4977      109.49232      305.86441      0.14971551   
    639000   457.04796      1356.6203      1813.6682      92.008924      303.6144       0.14898825   
    640000   443.7367       1347.4406      1791.1773      160.26966      301.55997      0.14818925   
    641000   452.85855      1307.5612      1760.4198      224.53907      292.63489      0.14614082   
    642000   439.30838      1343.0225      1782.3309      300.06178      300.5712       0.1449349    
    643000   447.7497       1333.653       1781.4027      281.45282      298.47427      0.14461461   
    644000   453.22072      1336.1697      1789.3904      244.30093      299.03751      0.14488601   
    645000   437.18603      1316.7908      1753.9768      149.64364      294.70048      0.14966022   
    646000   451.65575      1319.6377      1771.2934      29.37668       295.33762      0.15841325   
    647000   473.43293      1302.7883      1776.2212     -17.72004       291.56669      0.16088548   
    648000   439.53759      1303.0228      1742.5603      3.2676951      291.61917      0.1567406    
    649000   431.80995      1303.5055      1735.3154      60.291294      291.7272       0.14974479   
    650000   467.2577       1347.3933      1814.651       152.0355       301.54939      0.1456408    
    651000   468.56241      1372.9327      1841.4951      273.78142      307.26516      0.14385792   
    652000   460.63278      1362.7127      1823.3455      309.20997      304.9779       0.14351414   
    653000   454.93453      1367.2989      1822.2334      283.26734      306.00429      0.14575163   
    654000   425.83235      1336.8297      1762.662       202.26651      299.18522      0.14928122   
    655000   435.66186      1318.2784      1753.9402      100.41334      295.0334       0.15136315   
    656000   441.76315      1324.8389      1766.602       53.080997      296.50166      0.15088785   
    657000   433.70488      1297.3815      1731.0864      32.328211      290.35664      0.1474872    
    658000   447.62262      1328.4946      1776.1172      102.9893       297.31981      0.14297647   
    659000   471.34214      1334.8409      1806.183       168.47564      298.74014      0.14018768   
    660000   462.23305      1351.1442      1813.3772      231.37942      302.38884      0.14159302   
    661000   428.37678      1348.8654      1777.2422      246.16193      301.87885      0.14358326   
    662000   470.94859      1329.4003      1800.3489      223.42724      297.52251      0.14647748   
    663000   441.29929      1350.2481      1791.5474      180.03465      302.18829      0.15040151   
    664000   433.75144      1379.3224      1813.0738      156.82497      308.69519      0.15373854   
    665000   454.61158      1340.4406      1795.0522      124.30694      299.99335      0.15485934   
    666000   483.38051      1356.1656      1839.5461      75.823646      303.51264      0.14757593   
    667000   471.0985       1349.151       1820.2495      75.103627      301.94276      0.14011523   
    668000   490.35227      1349.6509      1840.0032      79.884815      302.05464      0.13936126   
    669000   445.63683      1314.9763      1760.6132      98.590544      294.2944       0.14384559   
    670000   457.21816      1357.954       1815.1722      89.607942      303.9129       0.14963807   
    671000   440.35125      1331.4649      1771.8162      67.930357      297.98458      0.15308391   
    672000   450.75223      1343.5049      1794.2571      88.883152      300.67916      0.15444237   
    673000   446.42385      1374.5066      1820.9304      121.93329      307.6174       0.15597276   
    674000   453.13879      1391.5608      1844.6996      163.31151      311.43417      0.15840139   
    675000   454.88065      1367.4576      1822.3383      162.10432      306.03982      0.15869075   
    676000   451.57598      1342.024       1793.6         112.90049      300.34773      0.1528397    
    677000   460.49865      1378.817       1839.3156      70.705917      308.58207      0.14654029   
    678000   464.48504      1346.4519      1810.9369      38.798809      301.33869      0.14507338   
    679000   508.77751      1338.1373      1846.9148      53.374712      299.47788      0.14628514   
    680000   467.47241      1392.5811      1860.0535      102.34061      311.6625       0.14724335   
    681000   462.32824      1380.4519      1842.7801      145.47234      308.94796      0.14650197   
    682000   481.4574       1329.2732      1810.7306      155.49682      297.49408      0.14553323   
    683000   468.76475      1345.1865      1813.9512      199.55048      301.0555       0.1484581    
    684000   449.50856      1393.3657      1842.8742      184.78816      311.8381       0.15244783   
    685000   445.08709      1391.5039      1836.591       186.92967      311.42143      0.15536039   
    686000   460.70722      1360.0704      1820.7776      206.34287      304.38654      0.15709272   
    687000   433.43363      1366.3642      1799.7979      182.91926      305.79512      0.15240903   
    688000   471.83612      1333.6108      1805.447       171.52545      298.46484      0.14651764   
    689000   494.5674       1356.0168      1850.5842      108.92806      303.47934      0.1432377    
    690000   440.41722      1357.0689      1797.4861      99.434694      303.71481      0.14356231   
    691000   445.78219      1341.6209      1787.4031      127.94139      300.25752      0.14870286   
    692000   459.00385      1336.9224      1795.9262      188.6905       299.20597      0.15298518   
    693000   437.02711      1347.6854      1784.7125      200.76836      301.61475      0.15189869   
    694000   451.34067      1276.2104      1727.5511      159.75402      285.61851      0.14884114   
    695000   424.53455      1329.2647      1753.7992      148.21962      297.49216      0.14732016   
    696000   458.73169      1345.784       1804.5157      136.56527      301.18923      0.1481998    
    697000   453.98777      1364.3378      1818.3256      107.79106      305.3416       0.1516512    
    698000   454.00981      1297.3068      1751.3166      83.439061      290.33993      0.1553303    
    699000   424.94592      1337.0027      1761.9486      126.83719      299.22394      0.15773414   
    700000   435.06236      1327.6577      1762.72        181.11555      297.13251      0.1582097    
    701000   437.67896      1326.9111      1764.59        201.54271      296.96542      0.15135651   
    702000   439.33442      1272.7022      1712.0366      171.02222      284.83336      0.14525334   
    703000   431.94559      1303.4475      1735.3931      201.74304      291.71423      0.14563923   
    704000   446.39088      1320.4858      1766.8767      205.91824      295.52743      0.14594789   
    705000   461.86725      1346.8473      1808.7146      179.12327      301.42719      0.14608557   
    706000   464.60063      1394.5679      1859.1686      155.96712      312.10717      0.14733299   
    707000   461.48845      1403.439       1864.9275      114.70689      314.09253      0.15044493   
    708000   456.37186      1350.2407      1806.6126      36.893812      302.18665      0.15377391   
    709000   439.34388      1335.5143      1774.8582      33.317283      298.89085      0.15733804   
    710000   443.07051      1354.2542      1797.3247      66.187071      303.08486      0.15829775   
    711000   435.5128       1380.1194      1815.6322      140.4473       308.87355      0.15716399   
    712000   457.77193      1346.0534      1803.8253      137.449        301.2495       0.15206332   
    713000   465.57658      1332.6972      1798.2737      180.38343      298.26036      0.14770625   
    714000   472.48432      1317.868       1790.3524      163.85008      294.94157      0.1456946    
    715000   436.12379      1349.9644      1786.0882      183.35133      302.1248       0.14613284   
    716000   456.75232      1374.2314      1830.9837      146.30928      307.55581      0.14718247   
    717000   466.94625      1363.1544      1830.1007      85.635835      305.07676      0.14796683   
    718000   461.65993      1355.2175      1816.8774      81.422389      303.30046      0.14547352   
    719000   457.71347      1336.7792      1794.4927      128.05673      299.17393      0.14080626   
    720000   456.54372      1312.0602      1768.6039      184.16386      293.64176      0.14004226   
    721000   470.34415      1277.5253      1747.8694      178.12813      285.91278      0.14264655   
    722000   441.40568      1322.9913      1764.397       194.11153      296.08816      0.149143     
    723000   449.9161       1353.4829      1803.399       130.53674      302.91226      0.15353561   
    724000   437.25495      1363.6775      1800.9325      126.23186      305.19382      0.15647974   
    725000   444.94648      1361.7227      1806.6692      68.453243      304.75633      0.15680683   
    726000   447.56949      1360.742       1808.3115      41.640643      304.53686      0.15648779   
    727000   452.29864      1348.5436      1800.8422      96.873943      301.80683      0.15621624   
    728000   449.2836       1395.4946      1844.7782      127.81244      312.31456      0.1552276    
    729000   443.37496      1352.7227      1796.0976      188.66168      302.74211      0.15340531   
    730000   473.82609      1331.7621      1805.5882      224.3543       298.05109      0.15297795   
    731000   444.71014      1347.1861      1791.8963      247.36188      301.50302      0.15420235   
    732000   450.19173      1345.9225      1796.1143      194.12841      301.22023      0.15680185   
    733000   451.61307      1349.8497      1801.4627      165.2913       302.09913      0.15842259   
    734000   467.81575      1329.6239      1797.4396      107.43988      297.57256      0.15481062   
    735000   460.55748      1322.9887      1783.5462      67.675645      296.08759      0.14852636   
    736000   452.53754      1311.1612      1763.6988      74.002501      293.44058      0.14589199   
    737000   446.32069      1345.1139      1791.4346      68.416417      301.03925      0.14543366   
    738000   446.82052      1309.9433      1756.7638      76.938684      293.168        0.1483516    
    739000   458.09247      1321.9692      1780.0617      77.403494      295.85942      0.15109663   
    740000   454.52883      1322.7052      1777.234       134.36257      296.02413      0.15267948   
    741000   426.96292      1326.1102      1753.0731      166.99266      296.78619      0.1544854    
    742000   440.13503      1328.8208      1768.9558      171.70717      297.39282      0.15575109   
    743000   429.48113      1325.9596      1755.4407      125.75594      296.75248      0.15423849   
    744000   434.18627      1343.0611      1777.2474      90.07991       300.57983      0.15150024   
    745000   455.27371      1328.8461      1784.1198      99.785241      297.39848      0.15090778   
    746000   446.78697      1407.8178      1854.6048      95.848012      315.07252      0.15064747   
    747000   459.52256      1360.078       1819.6005      125.23179      304.38824      0.15004261   
    748000   461.11488      1370.2102      1831.325       127.69567      306.65584      0.14844982   
    749000   464.80882      1344.8905      1809.6993      133.9986       300.98924      0.14752706   
    750000   457.54194      1382.6781      1840.22        205.20436      309.44619      0.1485002    
    751000   441.50293      1364.7504      1806.2533      212.37516      305.43393      0.14952168   
    752000   448.145        1347.6335      1795.7785      210.23495      301.60314      0.15035473   
    753000   455.04544      1316.2625      1771.3079      190.72983      294.58224      0.14959883   
    754000   474.21937      1349.341       1823.5604      168.96228      301.98529      0.14354842   
    755000   471.86327      1339.6172      1811.4804      163.26761      299.80907      0.13812817   
    756000   473.69886      1331.5588      1805.2576      150.72035      298.00558      0.13819432   
    757000   463.99485      1306.9099      1770.9048      124.37849      292.48912      0.140564     
    758000   456.67817      1329.9069      1786.5851      117.06066      297.6359       0.14487304   
    759000   439.84035      1331.4255      1771.2658      100.3279       297.97575      0.14925727   
    760000   442.17201      1342.1444      1784.3164      98.776952      300.37466      0.15280911   
    761000   467.65007      1324.4324      1792.0825      134.50345      296.41069      0.15368377   
    762000   462.35232      1357.3058      1819.6582      138.42826      303.76783      0.15412621   
    763000   448.46279      1382.3512      1830.814       189.73452      309.37303      0.1551362    
    764000   464.12912      1338.7738      1802.9029      195.71195      299.62032      0.15519167   
    765000   440.68582      1367.6503      1808.3362      182.01183      306.08295      0.15403438   
    766000   493.16464      1353.7174      1846.882       244.94832      302.96473      0.15379959   
    767000   475.14088      1369.2392      1844.3801      224.24792      306.43855      0.15272659   
    768000   452.47826      1374.6666      1827.1449      186.31583      307.65321      0.15013465   
    769000   453.71127      1352.9573      1806.6685      145.60721      302.79462      0.14814599   
    770000   454.12628      1380.3847      1834.511       116.51747      308.93293      0.14590613   
    771000   484.27063      1408.8865      1893.1571      88.431437      315.31169      0.14360729   
    772000   481.77427      1390.0912      1871.8655      98.024891      311.10526      0.14134588   
    773000   428.783        1385.0588      1813.8418      166.74383      309.979        0.14201515   
    774000   474.82966      1344.3646      1819.1943      172.30988      300.87156      0.14337532   
    775000   458.82139      1328.8842      1787.7056      193.05257      297.40702      0.14490495   
    776000   442.82091      1315.3684      1758.1893      115.74143      294.38214      0.14538663   
    777000   428.35082      1267.7677      1696.1186      90.301662      283.72902      0.14621515   
    778000   453.50527      1300.5409      1754.0461      71.014668      291.06371      0.14758056   
    779000   457.03026      1315.5582      1772.5885      75.72964       294.42463      0.15164067   
    780000   448.79831      1327.4224      1776.2207      144.51588      297.07985      0.15456491   
    781000   447.49047      1313.5673      1761.0577      195.3304       293.97905      0.15519747   
    782000   475.49644      1360.6035      1836.1         199.2145       304.50586      0.15161929   
    783000   439.08205      1381.5642      1820.6462      200.21787      309.1969       0.1466983    
    784000   455.0372       1372.2848      1827.322       197.90376      307.12015      0.14415308   
    785000   457.52917      1352.4762      1810.0053      102.35877      302.68695      0.14303571   
    786000   455.65718      1388.5238      1844.1809      112.64911      310.75447      0.1458167    
    787000   468.48155      1345.8019      1814.2835      90.010591      301.19323      0.14897492   
    788000   477.38977      1352.4127      1829.8024      101.04569      302.67273      0.15367135   
    789000   446.764        1377.5922      1824.3562      141.62162      308.30795      0.15661451   
    790000   428.21683      1335.6301      1763.8469      106.48829      298.91676      0.15609256   
    791000   454.83762      1334.0068      1788.8444      121.16922      298.55346      0.15187078   
    792000   450.10243      1323.7376      1773.84        151.04694      296.25518      0.14445402   
    793000   474.7042       1320.1848      1794.889       168.77111      295.46006      0.14107329   
    794000   472.35244      1299.4385      1771.7909      174.47088      290.81699      0.1404065    
    795000   460.91254      1312.2048      1773.1173      155.07637      293.67412      0.14149031   
    796000   435.09817      1320.2604      1755.3586      111.66475      295.477        0.14434668   
    797000   424.2262       1276.3453      1700.5715      102.80356      285.64871      0.14858657   
    798000   439.76863      1331.4186      1771.1872      71.149884      297.97422      0.15027014   
    799000   452.18591      1344.6769      1796.8628      104.97056      300.94144      0.14835636   
    800000   456.48238      1354.6225      1811.1048      149.84471      303.16729      0.14558457   
    801000   495.94379      1387.4225      1883.3663      212.90573      310.508        0.145156     
    802000   449.51532      1371.7635      1821.2788      223.91493      307.00349      0.14588497   
    803000   465.1597       1362.5367      1827.6964      176.92757      304.9385       0.14724466   
    804000   476.04506      1396.9279      1872.973       186.45077      312.63534      0.14831567   
    805000   467.40358      1371.6832      1839.0868      127.41119      306.98553      0.14712167   
    806000   467.59249      1366.585       1834.1775      104.00384      305.84453      0.14607237   
    807000   477.51446      1404.0866      1881.6011      94.828054      314.23747      0.14740317   
    808000   463.83542      1340.6558      1804.4912      88.95839       300.04152      0.14886659   
    809000   453.07709      1342.0814      1795.1585      125.27383      300.36058      0.14958061   
    810000   441.76712      1331.9065      1773.6736      135.21782      298.08341      0.14878928   
    811000   438.33841      1349.3177      1787.6561      143.02642      301.98007      0.14856089   
    812000   439.86518      1345.2391      1785.1043      111.88544      301.06728      0.14981328   
    813000   450.43949      1325.4355      1775.875       83.588459      296.6352       0.15194117   
    814000   433.23815      1281.985       1715.2232      90.322371      286.91089      0.15101472   
    815000   459.48021      1302.5956      1762.0759      155.79505      291.52358      0.14848822   
    816000   463.47295      1307.4651      1770.938       164.65325      292.61337      0.14307517   
    817000   448.38589      1330.7066      1779.0925      195.27093      297.81486      0.13976513   
    818000   453.46218      1330.7327      1784.1949      197.8737       297.82071      0.14126244   
    819000   448.62406      1309.2996      1757.9237      166.1865       293.02395      0.14661626   
    820000   442.92833      1302.4164      1745.3447      84.996016      291.48347      0.15028555   
    821000   437.59876      1290.0284      1727.6272      6.9804002      288.71101      0.1522014    
    822000   453.19525      1331.5891      1784.7843      4.8268904      298.01237      0.15082877   
    823000   449.59854      1361.0373      1810.6359      39.680624      304.60295      0.14715545   
    824000   451.05573      1337.0381      1788.0938      102.86213      299.23187      0.14430321   
    825000   430.09176      1358.2713      1788.3631      154.07977      303.9839       0.14332552   
    826000   465.84155      1362.422       1828.2635      189.0591       304.91283      0.14322358   
    827000   483.85614      1352.6628      1836.519       177.97534      302.72872      0.14494658   
    828000   466.77133      1364.5881      1831.3595      195.70274      305.39763      0.14762476   
    829000   445.62084      1365.8374      1811.4583      204.32329      305.67722      0.15234401   
    830000   430.0908       1375.2318      1805.3226      190.77758      307.77969      0.15679991   
    831000   457.25713      1354.7335      1811.9906      142.44442      303.19213      0.15715335   
    832000   430.70253      1338.1237      1768.8262      96.212775      299.47483      0.15116259   
    833000   464.11462      1328.3498      1792.4645      49.48512       297.28742      0.14409239   
    834000   458.24107      1310.8703      1769.1114      46.798339      293.37546      0.141628     
    835000   439.29205      1336.4471      1775.7392      143.15426      299.09961      0.14292864   
    836000   440.47746      1338.8476      1779.3251      193.37572      299.63684      0.14583911   
    837000   468.9896       1309.1458      1778.1354      221.97307      292.98952      0.14831587   
    838000   451.13046      1304.6888      1755.8193      201.95093      291.99203      0.14979999   
    839000   467.72742      1304.4947      1772.2221      130.85042      291.94859      0.1516171    
    840000   433.28065      1309.5711      1742.8518      89.356236      293.08471      0.15568454   
    841000   434.83402      1335.5647      1770.3987      77.470548      298.90212      0.15959597   
    842000   417.98048      1314.084       1732.0645      30.857879      294.0947       0.15857401   
    843000   448.46292      1350.5785      1799.0414      74.328883      302.26224      0.15003796   
    844000   455.40281      1335.423       1790.8258      124.86095      298.87042      0.14309274   
    845000   455.63118      1307.3875      1763.0187      190.01         292.59601      0.14076194   
    846000   464.32741      1331.1271      1795.4545      214.4105       297.90897      0.14175991   
    847000   473.86873      1338.8947      1812.7634      205.70558      299.64738      0.14518176   
    848000   468.74604      1362.5088      1831.2549      202.36459      304.93227      0.14853484   
    849000   458.88671      1393.0968      1851.9835      204.70407      311.77791      0.15200508   
    850000   474.90076      1360.536       1835.4368      181.57004      304.49075      0.15330495   
    851000   430.36032      1341.3707      1771.731       137.97548      300.20151      0.15225254   
    852000   434.65157      1324.5713      1759.2229      101.40755      296.44178      0.14801022   
    853000   487.70926      1312.7884      1800.4976      111.92583      293.80473      0.14067039   
    854000   480.79274      1327.2706      1808.0633      142.36372      297.04588      0.13738395   
    855000   470.79801      1304.3196      1775.1176      207.26692      291.9094       0.13941162   
    856000   443.46964      1306.2536      1749.7232      169.22397      292.34223      0.14272392   
    857000   456.10799      1329.1783      1785.2863      146.70849      297.47283      0.14785031   
    858000   429.90747      1305.1229      1735.0304      112.80118      292.08918      0.15191804   
    859000   442.21395      1331.125       1773.339       70.102093      297.90852      0.1525343    
    860000   467.53573      1324.0428      1791.5786      104.14175      296.32351      0.14970113   
    861000   456.30952      1342.9692      1799.2787      140.02709      300.55927      0.14396551   
    862000   482.90855      1345.5882      1828.4968      166.50703      301.14541      0.14060749   
    863000   498.40352      1374.0417      1872.4452      151.566        307.51335      0.14125883   
    864000   461.41473      1364.3677      1825.7824      156.29727      305.3483       0.14539173   
    865000   447.14044      1349.831       1796.9714      148.35362      302.09494      0.14995948   
    866000   451.42105      1373.2516      1824.6727      210.88518      307.33653      0.15482794   
    867000   434.46471      1359.3971      1793.8618      204.48027      304.23587      0.15714582   
    868000   440.21384      1353.2553      1793.4691      201.91984      302.86131      0.15828307   
    869000   462.03403      1350.3496      1812.3836      150.52334      302.21101      0.15609498   
    870000   475.25246      1352.2375      1827.4899      136.19099      302.63352      0.1509409    
    871000   465.72507      1359.2129      1824.938       106.9292       304.19464      0.14750594   
    872000   449.52818      1328.5628      1778.091       126.18129      297.33508      0.14744792   
    873000   445.19941      1337.3307      1782.5301      138.002        299.29736      0.14884533   
    874000   466.85273      1340.7196      1807.5723      136.58202      300.05579      0.14960176   
    875000   472.07531      1299.8527      1771.928       146.04165      290.90969      0.14895586   
    876000   441.44055      1342.1903      1783.6309      152.31532      300.38495      0.14791364   
    877000   441.14545      1320.6995      1761.8449      170.30584      295.57525      0.14814931   
    878000   461.80907      1329.6956      1791.5047      155.09915      297.58861      0.1466307    
    879000   453.4432       1310.2185      1763.6617      154.79906      293.2296       0.14527039   
    880000   468.83891      1329.5254      1798.3643      113.83396      297.55051      0.14562745   
    881000   453.68435      1321.5717      1775.2561      93.402662      295.77046      0.14861844   
    882000   440.42263      1309.8899      1750.3125      84.461479      293.15605      0.1535139    
    883000   469.53773      1325.3465      1794.8843      155.9854       296.61527      0.15829091   
    884000   441.4458       1307.4109      1748.8567      211.62005      292.60125      0.15830378   
    885000   459.0494       1363.1988      1822.2482      204.74739      305.08669      0.15540041   
    886000   454.1326       1367.4985      1821.6311      134.93172      306.04897      0.15297501   
    887000   442.86505      1361.3115      1804.1765      64.296798      304.6643       0.14909561   
    888000   479.7889       1363.7848      1843.5737     -35.514329      305.21785      0.1419386    
    889000   495.64709      1331.4814      1827.1285     -63.355083      297.98828      0.13714068   
    890000   487.25731      1318.8425      1806.0998      7.2127165      295.15965      0.13723899   
    891000   456.30206      1298.8536      1755.1556      82.264267      290.6861       0.13922871   
    892000   437.69498      1277.6083      1715.3033      185.89653      285.93136      0.1436941    
    893000   457.40662      1302.3388      1759.7454      290.94735      291.4661       0.14800836   
    894000   456.19163      1326.5374      1782.7291      314.38617      296.8818       0.14876393   
    895000   467.89047      1318.1867      1786.0772      238.58311      295.0129       0.14816904   
    896000   447.14499      1308.8491      1755.9941      145.32159      292.92311      0.14555577   
    897000   469.21046      1288.555       1757.7655      39.616402      288.38126      0.14457496   
    898000   472.16733      1319.8033      1791.9707     -11.803633      295.37469      0.14520235   
    899000   465.97432      1347.9492      1813.9235      45.273164      301.6738       0.14542536   
    900000   461.29712      1367.9789      1829.276       139.30733      306.15648      0.14782197   
    901000   494.48793      1350.7078      1845.1958      231.36549      302.29119      0.15208093   
    902000   458.69053      1360.8169      1819.5074      234.3105       304.55361      0.15482693   
    903000   459.42449      1354.68        1814.1045      260.09157      303.18017      0.15569034   
    904000   455.54432      1372.3164      1827.8607      172.54037      307.12722      0.15111508   
    905000   445.13174      1354.7553      1799.8871      101.43308      303.19702      0.14612992   
    906000   472.2961       1342.5939      1814.89        32.3043        300.47527      0.14283023   
    907000   483.68047      1338.5893      1822.2697      4.741349       299.57902      0.14298482   
    908000   468.90763      1292.4357      1761.3433     -1.7641208      289.24976      0.14357528   
    909000   453.57697      1324.4472      1778.0242      53.057207      296.414        0.14235267   
    910000   447.59656      1309.824       1757.4206      90.096799      293.1413       0.13889459   
    911000   475.91054      1328.4097      1804.3203      107.16449      297.30083      0.13191367   
    912000   497.1669       1306.8203      1803.9872      114.47896      292.46906      0.12674313   
    913000   472.49656      1295.2787      1767.7753      123.91383      289.88604      0.12874452   
    914000   464.85052      1337.9423      1802.7928      139.79345      299.43423      0.13593371   
    915000   485.23153      1320.6311      1805.8626      130.74599      295.55994      0.14147739   
    916000   463.45707      1287.669       1751.1261      118.98626      288.18296      0.14448379   
    917000   469.69663      1363.9177      1833.6143      138.11216      305.24758      0.14825573   
    918000   477.44096      1329.3481      1806.7891      170.7317       297.51083      0.15009947   
    919000   450.11886      1355.7241      1805.843       163.6138       303.41384      0.1491598    
    920000   480.51328      1398.0175      1878.5307      196.91466      312.87917      0.14677346   
    921000   456.87023      1357.9612      1814.8314      217.06021      303.91449      0.14317443   
    922000   439.63767      1373.138       1812.7757      235.79204      307.31111      0.14119117   
    923000   458.8325       1363.0125      1821.845       214.34891      305.045        0.13993492   
    924000   487.76865      1345.0721      1832.8408      209.94884      301.0299       0.14265977   
    925000   473.85186      1377.6963      1851.5482      161.97092      308.33127      0.15001062   
    926000   445.51694      1380.6066      1826.1236      141.43069      308.98259      0.15653711   
    927000   444.1239       1350.1902      1794.3141      108.20811      302.17533      0.15742433   
    928000   433.50728      1362.0843      1795.5916      193.66886      304.83726      0.15530968   
    929000   440.11565      1337.2856      1777.4012      221.18581      299.28725      0.15101021   
    930000   462.93715      1330.0853      1793.0225      202.3723       297.67583      0.14835045   
    931000   439.36246      1325.9707      1765.3332      175.39365      296.75496      0.14812239   
    932000   434.78033      1313.4012      1748.1816      151.70737      293.94189      0.15132775   
    933000   419.96553      1256.81        1676.7755      99.927211      281.27666      0.15397486   
    934000   429.74143      1334.8821      1764.6236      105.90724      298.74936      0.15880478   
    935000   414.64144      1365.2933      1779.9348      115.15286      305.55545      0.1639021    
    936000   461.18957      1320.4227      1781.6123      111.43501      295.51332      0.1655709    
    937000   443.72133      1334.7166      1778.4379      95.543411      298.71231      0.16029068   
    938000   429.80188      1325.5048      1755.3067      124.17873      296.6507       0.15369876   
    939000   466.749        1301.0056      1767.7546      126.22841      291.16773      0.15049628   
    940000   446.60582      1304.4789      1751.0847      194.1417       291.94506      0.14990805   
    941000   467.94468      1359.223       1827.1677      191.49648      304.19689      0.14974901   
    942000   450.92306      1355.3993      1806.3224      194.93256      303.34115      0.15020448   
    943000   473.33314      1337.1634      1810.4965      178.20451      299.25991      0.14981488   
    944000   486.12914      1309.2167      1795.3458      99.248796      293.00538      0.14433984   
    945000   483.30381      1315.2709      1798.5747      53.888333      294.36032      0.13609744   
    946000   489.94062      1378.6439      1868.5845      37.137514      308.54333      0.1359112    
    947000   468.38059      1367.911       1836.2916      37.116733      306.1413       0.14104623   
    948000   471.92299      1372.4245      1844.3474      91.485526      307.15141      0.14591849   
    949000   445.55999      1370.9815      1816.5415      131.79796      306.82848      0.1482914    
    950000   471.36339      1334.6153      1805.9787      174.10809      298.68965      0.15110911   
    951000   446.55152      1361.3156      1807.8671      181.17233      304.66523      0.1523703    
    952000   450.37532      1382.2986      1832.674       167.34258      309.36127      0.15055119   
    953000   457.87644      1347.5259      1805.4023      146.22695      301.57906      0.14812881   
    954000   451.30701      1361.9976      1813.3046      140.56373      304.81786      0.14420622   
    955000   444.49728      1341.2958      1785.7931      79.35679       300.18476      0.13737518   
    956000   476.36158      1363.7303      1840.0919      30.182848      305.20565      0.13649878   
    957000   487.77389      1371.2488      1859.0227      33.48276       306.88829      0.14173621   
    958000   455.19763      1347.6899      1802.8875      45.773227      301.61577      0.14657505   
    959000   463.62611      1331.9507      1795.5768      83.283721      298.0933       0.14690122   
    960000   463.37157      1308.6931      1772.0647      193.85004      292.88821      0.14705072   
    961000   455.89127      1335.1918      1791.0831      271.82738      298.81866      0.14790365   
    962000   450.61641      1309.8542      1760.4706      305.61782      293.14806      0.15020822   
    963000   457.83274      1327.2754      1785.1082      241.40173      297.04697      0.15346238   
    964000   443.79744      1315.7908      1759.5883      160.03067      294.47669      0.15690666   
    965000   432.6114       1356.2028      1788.8142      72.866811      303.52097      0.15547264   
    966000   448.14367      1337.604       1785.7477      29.814187      299.35852      0.1473444    
    967000   479.24503      1330.4915      1809.7366      38.172476      297.76674      0.14051184   
    968000   479.74456      1336.7095      1816.4541      95.475084      299.15834      0.139195     
    969000   493.75052      1403.1679      1896.9184      108.45595      314.03185      0.14202893   
    970000   475.86102      1341.222       1817.083       151.55661      300.16824      0.14714499   
    971000   463.39077      1386.8142      1850.205       187.83513      310.37187      0.15116676   
    972000   437.52423      1373.1243      1810.6486      136.60076      307.30804      0.15235227   
    973000   474.01753      1351.1441      1825.1616      121.76478      302.38881      0.15377241   
    974000   462.93822      1394.3731      1857.3113      54.322043      312.06355      0.15323473   
    975000   449.38307      1364.4424      1813.8255      36.976278      305.36501      0.15006357   
    976000   488.01737      1325.7295      1813.7469      46.554735      296.70099      0.14767347   
    977000   452.9279       1347.0366      1799.9645      74.87451       301.46956      0.1445795    
    978000   475.07188      1348.8547      1823.9266      150.89537      301.87645      0.14353305   
    979000   463.4654       1373.6088      1837.0742      160.63896      307.41647      0.14471167   
    980000   462.91968      1354.2076      1817.1273      172.87932      303.07444      0.14824583   
    981000   456.28936      1365.3231      1821.6124      192.25736      305.56211      0.15512871   
    982000   443.71172      1347.84        1791.5518      198.00853      301.64937      0.15853242   
    983000   466.20054      1374.4436      1840.6441      181.60831      307.60329      0.15661339   
    984000   440.22274      1361.1933      1801.4161      147.438        304.63786      0.15155825   
    985000   463.21815      1372.6556      1835.8737      124.90539      307.20313      0.1480214    
    986000   476.1251       1333.7127      1809.8378      104.53398      298.48764      0.14641002   
    987000   472.6498       1364.4745      1837.1243      138.76037      305.3722       0.1473151    
    988000   445.534        1372.2507      1817.7847      162.65928      307.11252      0.15083037   
    989000   468.64291      1341.6275      1810.2704      135.49198      300.25899      0.15669385   
    990000   466.21223      1352.2557      1818.4679      146.04477      302.6376       0.16230202   
    991000   448.8857       1396.8168      1845.7025      193.44914      312.61047      0.16422343   
    992000   451.48107      1393.6337      1845.1148      203.27222      311.89809      0.15987028   
    993000   450.01365      1369.0938      1819.1075      181.95326      306.40601      0.15550036   
    994000   453.27697      1358.8173      1812.0943      189.3204       304.10611      0.15481902   
    995000   455.34114      1359.9933      1815.3344      156.19574      304.36929      0.15542026   
    996000   458.63129      1350.9794      1809.6107      108.60087      302.35196      0.15836917   
    997000   439.99305      1374.712       1814.7051      113.97061      307.66337      0.16288074   
    998000   433.43264      1312.8639      1746.2965      96.561484      293.82162      0.16133515   
    999000   480.36493      1329.4703      1809.8353      148.50463      297.53819      0.15289567   
   1000000   486.95963      1307.4603      1794.4199      191.81427      292.6123       0.14716693   
   1001000   455.10995      1338.1794      1793.2894      251.82677      299.4873       0.14663696   
   1002000   472.11973      1307.0718      1779.1916      266.79823      292.52536      0.14847544   
   1003000   464.84957      1302.8328      1767.6824      233.43884      291.57665      0.15043415   
   1004000   445.89619      1312.3038      1758.2         188.62741      293.69629      0.1534586    
   1005000   452.05214      1391.114       1843.1661      107.44932      311.33417      0.15500531   
   1006000   472.74941      1354.7563      1827.5058      97.040719      303.19725      0.15586073   
   1007000   469.80999      1354.4064      1824.2164      88.028479      303.11893      0.15192331   
   1008000   471.90487      1345.2519      1817.1568      99.786774      301.07014      0.14646465   
   1009000   468.83493      1384.4888      1853.3237      168.86513      309.85144      0.14184573   
   1010000   500.52573      1342.5422      1843.0679      134.94907      300.46369      0.13875194   
   1011000   461.42816      1366.7697      1828.1978      111.10935      305.88586      0.14228299   
   1012000   458.22067      1375.6028      1833.8235      106.30501      307.86274      0.14796771   
   1013000   470.38081      1357.0412      1827.422       120.56321      303.7086       0.14966287   
   1014000   450.22775      1365.632       1815.8598      92.431418      305.63125      0.14928418   
   1015000   474.5678       1366.9995      1841.5673      115.38123      305.9373       0.14908043   
   1016000   456.8717       1323.4554      1780.3271      146.13545      296.19204      0.15022056   
   1017000   460.32033      1318.5957      1778.916       207.78711      295.10442      0.1513753    
   1018000   454.10139      1321.2873      1775.3887      202.65045      295.70682      0.14821192   
   1019000   469.33213      1287.3903      1756.7225      175.64356      288.1206       0.14151508   
   1020000   472.07728      1296.6511      1768.7284      110.95807      290.19317      0.13852495   
   1021000   484.57009      1330.3683      1814.9384      55.293555      297.73916      0.14017952   
   1022000   469.06214      1330.6217      1799.6839      27.094708      297.79587      0.14724982   
   1023000   460.18588      1319.6969      1779.8828      38.67613       295.35088      0.15577548   
   1024000   473.47075      1325.4419      1798.9126      128.13223      296.63661      0.15816113   
   1025000   458.23043      1341.6225      1799.8529      184.6328       300.25786      0.15498955   
   1026000   451.33153      1352.5829      1803.9144      210.52694      302.71083      0.15110933   
   1027000   477.114        1394.6412      1871.7552      225.22206      312.12356      0.15117755   
   1028000   454.28568      1395.444       1849.7297      173.99812      312.30324      0.15278528   
   1029000   457.59594      1372.3093      1829.9052      124.31169      307.12564      0.1536342    
   1030000   468.08402      1365.7816      1833.8656      96.233357      305.66473      0.15700749   
   1031000   432.96436      1363.6579      1796.6223      52.373086      305.18945      0.16333326   
   1032000   448.77086      1362.0767      1810.8476      73.961396      304.83556      0.16640867   
   1033000   437.03884      1329.6156      1766.6544      41.659111      297.5707       0.16228216   
   1034000   443.78938      1317.4681      1761.2575      72.940438      294.85206      0.15624257   
   1035000   431.84329      1331.1157      1762.959       134.23769      297.90643      0.15343781   
   1036000   462.82617      1314.9157      1777.7418      224.82232      294.28082      0.15337113   
   1037000   447.9596       1332.8998      1780.8594      238.71466      298.30571      0.15361537   
   1038000   431.7183       1309.3908      1741.1091      214.46777      293.04435      0.15496795   
   1039000   466.36847      1314.8172      1781.1857      186.33498      294.2588       0.15687362   
   1040000   460.04646      1320.5736      1780.6201      164.9669       295.54709      0.15777513   
   1041000   472.45119      1346.4639      1818.9151      138.01669      301.34139      0.1568444    
   1042000   480.22531      1362.1829      1842.4082      146.97589      304.85934      0.1529005    
   1043000   486.65716      1341.1204      1827.7775      138.59451      300.14549      0.14466111   
   1044000   472.20462      1333.3318      1805.5364      140.43638      298.40238      0.14103925   
   1045000   472.61076      1312.1199      1784.7307      122.83237      293.65514      0.14349503   
   1046000   448.53881      1302.4809      1751.0197      71.735318      291.4979       0.14728049   
   1047000   463.73959      1319.0249      1782.7645      32.799965      295.20047      0.15009116   
   1048000   458.52446      1328.7588      1787.2832      40.27962       297.37894      0.15010899   
   1049000   452.87322      1338.485       1791.3582      86.182022      299.55569      0.14858185   
   1050000   477.22484      1314.8221      1792.0469      154.87409      294.25988      0.14790882   
   1051000   480.22211      1295.9349      1776.157       175.7597       290.0329       0.14618104   
   1052000   460.43179      1305.7493      1766.1811      159.71628      292.22938      0.1447971    
   1053000   458.98215      1337.3988      1796.381       126.07629      299.3126       0.14641483   
   1054000   462.39066      1353.9087      1816.2993      110.39684      303.00754      0.15051193   
   1055000   464.64339      1350.8916      1815.535       154.68608      302.33231      0.15328384   
   1056000   436.22811      1364.2132      1800.4413      218.69741      305.31371      0.15455658   
   1057000   451.68645      1380.66        1832.3464      212.04762      308.99453      0.15111587   
   1058000   471.39765      1312.2769      1783.6745      177.92271      293.69026      0.14475154   
   1059000   461.15276      1331.596       1792.7487      132.98743      298.01391      0.14327159   
   1060000   451.7365       1345.252       1796.9884      109.85261      301.07015      0.14558769   
   1061000   461.53617      1349.9808      1811.517       114.17731      302.12848      0.14694886   
   1062000   454.79514      1352.6371      1807.4323      145.37587      302.72297      0.14779928   
   1063000   452.34631      1350.609       1802.9553      181.17202      302.26907      0.14853763   
   1064000   444.18208      1310.3376      1754.5196      160.70679      293.25624      0.14857643   
   1065000   463.28851      1316.4529      1779.7414      165.97033      294.62485      0.15055935   
   1066000   477.97648      1278.0301      1756.0066      169.66717      286.02576      0.15183178   
   1067000   459.55057      1333.9369      1793.4875      198.3916       298.53783      0.15326686   
   1068000   456.41063      1342.4729      1798.8836      214.47117      300.4482       0.15301065   
   1069000   455.56683      1354.383       1809.9498      165.8791       303.11369      0.15090667   
   1070000   455.47526      1345.1266      1800.6018      103.3943       301.04209      0.148557     
   1071000   471.30763      1375.1015      1846.4091      132.31506      307.75053      0.14737112   
   1072000   483.06124      1376.6499      1859.7112      128.96009      308.09708      0.14616386   
   1073000   481.32142      1366.4583      1847.7798      131.63441      305.81618      0.1465501    
   1074000   483.87048      1390.1849      1874.0554      109.66136      311.12624      0.14856127   
   1075000   464.92294      1346.9239      1811.8469      107.96719      301.44434      0.15304045   
   1076000   469.69243      1335.6173      1805.3097      110.75243      298.91389      0.15751436   
   1077000   434.71819      1363.1794      1797.8976      151.69125      305.08235      0.15993225   
   1078000   471.31539      1318.8879      1790.2033      125.06879      295.16983      0.15673173   
   1079000   459.08626      1340.5342      1799.6205      140.13837      300.01431      0.15028155   
   1080000   451.48579      1351.0657      1802.5515      130.66236      302.37127      0.14669101   
   1081000   482.09763      1333.2867      1815.3843      121.22775      298.39229      0.14650362   
   1082000   467.10419      1335.349       1802.4532      144.85286      298.85384      0.14860667   
   1083000   462.91245      1332.1438      1795.0562      185.69195      298.13651      0.1521743    
   1084000   426.18795      1312.5757      1738.7637      201.41962      293.75714      0.15399714   
   1085000   472.27257      1312.858       1785.1306      199.46108      293.82031      0.15474178   
   1086000   455.65348      1326.9807      1782.6341      157.16532      296.98099      0.15095524   
   1087000   427.14072      1319.313       1746.4537      110.73466      295.26495      0.14385604   
   1088000   474.09035      1274.0041      1748.0944      74.953606      285.12473      0.13932345   
   1089000   461.03208      1317.566       1778.5981      50.790794      294.87399      0.14071812   
   1090000   450.39424      1350.0014      1800.3957      69.16642       302.13309      0.14499812   
   1091000   462.26395      1317.4697      1779.7337      65.489467      294.85243      0.14721836   
   1092000   452.57363      1350.2997      1802.8734      105.6394       302.19985      0.15027043   
   1093000   461.2044       1337.9936      1799.198       148.35926      299.44571      0.15350236   
   1094000   460.60543      1368.9132      1829.5187      180.7463       306.36559      0.15412993   
   1095000   454.27892      1384.811       1839.0899      192.7771       309.92354      0.15238527   
   1096000   468.15259      1353.4228      1821.5754      148.56267      302.8988       0.14848822   
   1097000   450.10805      1333.0766      1783.1846      124.3908       298.34528      0.14421253   
   1098000   469.26559      1312.2272      1781.4928      60.958461      293.67914      0.14090962   
   1099000   477.35461      1342.2997      1819.6544      42.768752      300.40944      0.14095096   
   1100000   481.97924      1350.5616      1832.5408      50.721093      302.25846      0.14543317   
   1101000   467.07755      1342.65        1809.7275      71.93551       300.48782      0.15140369   
   1102000   463.82873      1339.2085      1803.0372      145.7032       299.7176       0.15389561   
   1103000   467.92455      1346.5533      1814.4778      200.83925      301.36139      0.15208861   
   1104000   470.25902      1271.7757      1742.0348      163.10996      284.62602      0.14939803   
   1105000   457.10019      1309.0375      1766.1377      162.2508       292.96527      0.149393     
   1106000   446.30967      1323.3398      1769.6495      112.73794      296.16617      0.15106719   
   1107000   465.53839      1316.6638      1782.2022      58.535573      294.67207      0.15558197   
   1108000   441.37778      1326.136       1767.5138      91.84722       296.79197      0.16216403   
   1109000   424.82593      1319.7496      1744.5756      113.02687      295.36268      0.16318911   
   1110000   444.40795      1334.0532      1778.4612      130.28258      298.56385      0.15937754   
   1111000   460.22298      1315.7601      1775.9831      134.34856      294.46981      0.15213101   
   1112000   421.79811      1345.8212      1767.6193      192.39369      301.19754      0.1477023    
   1113000   440.72445      1322.6084      1763.3329      189.83075      296.00248      0.14760985   
   1114000   478.41819      1331.6992      1810.1174      195.76109      298.03702      0.1496651    
   1115000   459.596        1349.6156      1809.2116      215.69785      302.04675      0.15172783   
   1116000   478.92311      1344.8285      1823.7516      151.67176      300.97539      0.15108437   
   1117000   479.24563      1333.4363      1812.6819      94.955457      298.42577      0.15147279   
   1118000   470.86724      1351.5774      1822.4446      94.338695      302.48579      0.15297324   
   1119000   456.75755      1401.4761      1858.2336      104.32944      313.65322      0.15355866   
   1120000   481.44143      1340.726       1822.1675      130.44847      300.05724      0.15268921   
   1121000   472.64107      1342.1688      1814.8099      159.51129      300.38013      0.15146073   
   1122000   483.40506      1345.803       1829.208       142.2456       301.19347      0.14952258   
   1123000   459.19621      1377.6115      1836.8077      142.01017      308.31227      0.14726217   
   1124000   478.54247      1332.4389      1810.9813      110.28596      298.20255      0.14307347   
   1125000   492.99791      1354.5973      1847.5952      57.321502      303.16165      0.13960512   
   1126000   479.47825      1322.2712      1801.7494      36.476304      295.927        0.13995977   
   1127000   479.15237      1313.9838      1793.1362      61.227581      294.07228      0.14643003   
   1128000   473.69181      1283.2227      1756.9145      77.375599      287.18787      0.15238176   
   1129000   447.01734      1317.3428      1764.3601      95.940753      294.82402      0.1546327    
   1130000   457.20694      1324.8124      1782.0194      126.82174      296.49574      0.15473419   
   1131000   466.84572      1305.7835      1772.6293      177.9801       292.23704      0.1529015    
   1132000   464.44904      1295.7183      1760.1674      189.72612      289.98442      0.15118593   
   1133000   463.2173       1284.7895      1748.0068      212.43527      287.53853      0.15179754   
   1134000   449.46545      1360.0545      1809.52        215.25079      304.38299      0.15256115   
   1135000   460.12666      1360.5624      1820.689       215.15949      304.49665      0.15242524   
   1136000   472.84325      1334.944       1807.7873      145.90961      298.76321      0.15053959   
   1137000   490.74621      1340.438       1831.1842      137.27808      299.99278      0.14878344   
   1138000   465.74475      1347.9817      1813.7265      160.54778      301.68108      0.1465898    
   1139000   494.5135       1339.7377      1834.2512      92.902061      299.83605      0.14488012   
   1140000   488.53382      1369.7687      1858.3026      67.434261      306.55705      0.14439085   
   1141000   476.58546      1349.8601      1826.4456      102.6824       302.10147      0.14658011   
   1142000   437.62866      1349.2263      1786.855       146.27965      301.95962      0.15043222   
   1143000   475.23072      1326.9226      1802.1534      186.19617      296.96801      0.15438027   
   1144000   450.65031      1388.2789      1838.9292      191.0144       310.69966      0.15659153   
   1145000   458.49513      1371.7172      1830.2124      148.99328      306.99313      0.15595215   
   1146000   470.48741      1336.9608      1807.4482      129.33284      299.21457      0.15403339   
   1147000   478.23577      1358.3408      1836.5766      87.093496      303.99945      0.14881809   
   1148000   461.87708      1367.2378      1829.1149      108.08884      305.99062      0.14540572   
   1149000   488.9598       1386.028       1874.9878      127.75414      310.19591      0.1437809    
   1150000   467.65245      1352.9402      1820.5927      195.10799      302.7908       0.14389719   
   1151000   472.98394      1379.5448      1852.5288      196.9684       308.74496      0.14557923   
   1152000   459.14667      1331.1004      1790.2471      177.34474      297.903        0.14963128   
   1153000   451.97405      1345.3696      1797.3436      144.61614      301.09647      0.15553704   
   1154000   440.56005      1349.1098      1789.6698      127.4084       301.93354      0.15914061   
   1155000   455.91448      1333.1674      1789.0818      150.03359      298.36559      0.16012137   
   1156000   452.98608      1327.6072      1780.5933      132.21269      297.12123      0.15523818   
   1157000   449.13049      1327.0712      1776.2017      159.02724      297.00125      0.15014424   
   1158000   470.31687      1285.7401      1756.0569      124.10705      287.75126      0.14771648   
   1159000   468.44808      1321.2831      1789.7312      113.64971      295.70588      0.14894011   
   1160000   445.55539      1318.7519      1764.3073      134.26162      295.13938      0.15271465   
   1161000   443.49534      1346.1778      1789.6731      124.22353      301.27736      0.15549678   
   1162000   435.78654      1344.7538      1780.5403      139.20974      300.95865      0.15664472   
   1163000   453.74254      1344.0804      1797.8229      131.57403      300.80795      0.15805413   
   1164000   458.84459      1401.0985      1859.9431      165.56446      313.56873      0.16060711   
   1165000   468.96715      1385.3521      1854.3193      146.24249      310.04465      0.16084497   
   1166000   460.36077      1359.5214      1819.8822      111.30323      304.26369      0.15745276   
   1167000   468.35739      1352.6671      1821.0244      90.05112       302.72966      0.15139733   
   1168000   462.61159      1355.5535      1818.1651      94.11394       303.37565      0.14774102   
   1169000   468.01531      1328.1394      1796.1547      144.12652      297.24031      0.14818086   
   1170000   464.72952      1326.1731      1790.9026      183.81098      296.80026      0.15084615   
   1171000   431.19236      1334.9562      1766.1485      237.07036      298.76593      0.15370841   
   1172000   463.90358      1320.9671      1784.8706      252.67114      295.63514      0.15647998   
   1173000   484.9608       1313.6717      1798.6325      219.93349      294.00242      0.16034008   
   1174000   431.83117      1322.8744      1754.7056      130.49101      296.06201      0.16477005   
   1175000   441.6812       1324.5439      1766.2251      123.64416      296.43563      0.16341099   
   1176000   463.72028      1294.6734      1758.3937      118.55597      289.75056      0.15650281   
   1177000   435.1745       1341.9593      1777.1338      153.36777      300.33325      0.15111247   
   1178000   476.72957      1330.6053      1807.3349      191.70968      297.79221      0.14858338   
   1179000   488.16307      1355.4847      1843.6478      217.23428      303.36027      0.14696351   
   1180000   473.1141       1408.9159      1882.03        204.96245      315.31826      0.14708164   
   1181000   473.19962      1370.2603      1843.46        164.46648      306.66708      0.1488038    
   1182000   461.04737      1378.5678      1839.6151      133.52707      308.5263       0.15115523   
   1183000   468.10097      1349.4224      1817.5233      115.23984      302.0035       0.15218067   
   1184000   458.89147      1379.7566      1838.6481      117.85688      308.79236      0.14874445   
   1185000   505.14239      1370.0526      1875.195       108.46958      306.62059      0.14329239   
   1186000   494.7278       1412.389       1907.1168      153.33435      316.09556      0.14053481   
   1187000   470.96324      1353.9451      1824.9084      160.71689      303.0157       0.14138804   
   1188000   453.25884      1351.6914      1804.9503      155.69351      302.51132      0.14597575   
   1189000   439.41308      1368.0015      1807.4146      172.79065      306.16154      0.15150783   
   1190000   470.15027      1358.2928      1828.443       168.36885      303.98871      0.15247219   
   1191000   452.20156      1306.8683      1759.0699      180.48501      292.47981      0.15282433   
   1192000   420.37414      1350.576       1770.9501      189.7828       302.26167      0.15294217   
   1193000   445.04554      1348.4842      1793.5297      162.3635       301.79353      0.1509818    
   1194000   473.02324      1308.1369      1781.1601      138.87043      292.76372      0.14832631   
   1195000   461.68235      1329.6358      1791.3181      90.39233       297.57522      0.14549406   
   1196000   448.54219      1312.7113      1761.2535      94.92405       293.78748      0.14398421   
   1197000   476.71435      1303.9614      1780.6757      137.16684      291.82923      0.14337937   
   1198000   470.06112      1270.8739      1740.935       138.3579       284.42418      0.14262239   
   1199000   468.66136      1326.5932      1795.2546      140.50406      296.89428      0.14494029   
   1200000   467.50035      1357.6237      1825.124       164.99646      303.83896      0.14977621   
   1201000   458.37068      1356.7358      1815.1065      204.95681      303.64026      0.15420779   
   1202000   466.44561      1381.2913      1847.7369      218.97315      309.13583      0.15452208   
   1203000   478.06828      1335.617       1813.6853      197.57709      298.91382      0.15072923   
   1204000   474.16926      1353.3043      1827.4736      185.8623       302.87229      0.14622502   
   1205000   458.07267      1375.696       1833.7687      166.1671       307.88359      0.14221906   
   1206000   490.73054      1352.4445      1843.1751      105.89043      302.67986      0.13987501   
   1207000   486.37899      1373.0618      1859.4408      89.710958      307.29405      0.14151938   
   1208000   455.40154      1382.6534      1838.0549      111.68297      309.44066      0.14921106   
   1209000   438.40668      1344.8444      1783.251       106.72597      300.97893      0.1546586    
   1210000   451.8681       1340.6876      1792.5557      109.75719      300.04865      0.15658918   
   1211000   454.85499      1360.479       1815.334       186.17056      304.478        0.15648318   
   1212000   467.06486      1344.8061      1811.871       188.06643      300.97038      0.15322514   
   1213000   469.72017      1376.9409      1846.661       182.12821      308.16219      0.14928267   
   1214000   483.13086      1343.089       1826.2199      129.40602      300.58608      0.14857794   
   1215000   470.58827      1345.8283      1816.4166      83.539506      301.19914      0.14998327   
   1216000   448.33284      1347.2154      1795.5482      109.86953      301.50957      0.15266813   
   1217000   463.27904      1380.8102      1844.0893      122.90168      309.02816      0.15477022   
   1218000   470.99331      1294.5601      1765.5534      150.24184      289.7252       0.15359656   
   1219000   430.63095      1367.0393      1797.6703      220.90563      305.94621      0.15034698   
   1220000   468.43261      1341.957       1810.3896      223.975        300.33274      0.14492843   
   1221000   460.16376      1335.9133      1796.0771      219.53202      298.98015      0.14232673   
   1222000   472.11708      1348.2579      1820.375       170.93905      301.74289      0.1433911    
   1223000   446.93697      1338.2861      1785.2231      132.23893      299.51118      0.14842418   
   1224000   439.44131      1290.9503      1730.3916      119.49511      288.91732      0.1534837    
   1225000   443.32817      1271.1367      1714.4649      87.163285      284.48301      0.15454135   
   1226000   461.36338      1311.8171      1773.1805      88.991562      293.58736      0.15509824   
   1227000   457.34368      1340.8784      1798.222       130.82294      300.09133      0.15448481   
   1228000   462.01532      1341.2948      1803.3101      167.32803      300.18452      0.1523222    
   1229000   465.44064      1343.947       1809.3876      207.91575      300.77809      0.15226304   
   1230000   451.87238      1372.764       1824.6364      230.34825      307.2274       0.15496815   
   1231000   456.04278      1417.9368      1873.9796      174.27804      317.33716      0.16061627   
   1232000   456.48311      1352.2277      1808.7108      116.07347      302.63134      0.16685829   
   1233000   443.09955      1363.7294      1806.829       87.433356      305.20544      0.16793722   
   1234000   464.41288      1341.9556      1806.3685      87.937384      300.33242      0.16310537   
   1235000   460.00131      1342.4148      1802.4161      141.06499      300.43518      0.15404602   
   1236000   435.86644      1353.5771      1789.4435      211.67071      302.93334      0.15160131   
   1237000   430.12888      1321.181       1751.3099      253.28093      295.68303      0.15113354   
   1238000   456.38824      1337.2736      1793.6618      217.96848      299.28457      0.15031161   
   1239000   474.98236      1289.5107      1764.4931      162.56338      288.59514      0.14919659   
   1240000   457.61908      1323.6727      1781.2918      144.39529      296.24067      0.14888389   
   1241000   454.55468      1346.2393      1800.7939      96.218145      301.29111      0.14781727   
   1242000   454.68334      1309.4463      1764.1296      119.47916      293.05677      0.14525858   
   1243000   479.62967      1320.2178      1799.8474      101.45533      295.46744      0.14058657   
   1244000   450.33116      1350.4152      1800.7464      97.370429      302.2257       0.13914258   
   1245000   466.45936      1339.1058      1805.5651      96.799713      299.69462      0.14305959   
   1246000   463.94305      1326.992       1790.935       106.70267      296.98353      0.14798855   
   1247000   463.50178      1342.9111      1806.4129      167.31878      300.54627      0.15141317   
   1248000   444.64162      1390.7733      1835.4149      164.57759      311.25792      0.15185408   
   1249000   470.7562       1359.1654      1829.9217      183.83059      304.18402      0.15316411   
   1250000   466.51151      1348.3521      1814.8636      154.53963      301.76397      0.1547778    
   1251000   450.15082      1371.5912      1821.742       162.09633      306.96493      0.15690975   
   1252000   443.71736      1362.9191      1806.6365      164.75791      305.0241       0.1624745    
   1253000   432.26907      1362.9806      1795.2497      146.90806      305.03786      0.16743874   
   1254000   434.96097      1367.8737      1802.8347      164.27627      306.13295      0.1681454    
   1255000   460.52923      1345.4042      1805.9334      157.81825      301.10422      0.16333118   
   1256000   466.92159      1325.3978      1792.3194      197.28118      296.62676      0.15672121   
   1257000   452.51363      1358.6407      1811.1544      234.10178      304.06659      0.15331775   
   1258000   441.27545      1358.6817      1799.9571      204.83208      304.07575      0.15185042   
   1259000   453.65903      1352.2898      1805.9489      174.20912      302.64524      0.15144665   
   1260000   430.84597      1336.3328      1767.1787      166.6032       299.07402      0.1515074    
   1261000   432.8898       1284.5772      1717.467       125.67569      287.49102      0.15117246   
   1262000   432.17358      1313.485       1745.6585      134.94716      293.96063      0.15127355   
   1263000   456.51439      1304.9281      1761.4425      113.26302      292.04558      0.15015324   
   1264000   463.42341      1327.6846      1791.108       103.35794      297.13854      0.14934521   
   1265000   470.36691      1357.9266      1828.2936      118.80565      303.90677      0.14986099   
   1266000   459.67324      1386.1069      1845.7802      103.79533      310.21358      0.14987831   
   1267000   471.27928      1360.1438      1831.423       92.394867      304.40297      0.15081359   
   1268000   479.62775      1346.8864      1826.5142      106.01529      301.43594      0.15357371   
   1269000   436.50155      1375.7052      1812.2068      210.8225       307.88565      0.16024077   
   1270000   454.78763      1332.3336      1787.1213      274.92536      298.17901      0.16380805   
   1271000   439.75811      1314.4952      1754.2533      229.86899      294.18672      0.15818562   
   1272000   458.24773      1366.5833      1824.831       226.74949      305.84415      0.15100194   
   1273000   457.53239      1358.5267      1816.0591      202.29272      304.04107      0.14685596   
   1274000   471.84194      1398.9367      1870.7786      143.40637      313.08491      0.14548317   
   1275000   465.7486       1395.6999      1861.4485      105.31457      312.36051      0.14670772   
   1276000   461.82049      1353.3195      1815.14        75.665457      302.87569      0.14810752   
   1277000   489.08988      1330.3695      1819.4594      53.390612      297.73943      0.15155516   
   1278000   464.28918      1355.6841      1819.9733      67.000311      303.40488      0.15581885   
   1279000   489.35357      1411.6335      1900.987       95.878238      315.92647      0.15701016   
   1280000   464.1474       1368.6057      1832.7531      80.878245      306.29677      0.15451974   
   1281000   463.50133      1342.2195      1805.7208      118.88409      300.39147      0.15009129   
   1282000   485.70669      1322.2868      1807.9935      142.56322      295.93051      0.14349171   
   1283000   448.78294      1335.4509      1784.2338      187.731        298.87665      0.1404352    
   1284000   464.02681      1336.3099      1800.3367      187.60567      299.0689       0.14285374   
   1285000   468.13759      1315.3408      1783.4784      134.82867      294.37597      0.14955573   
   1286000   460.43894      1337.5512      1797.9902      113.31026      299.34671      0.15387518   
   1287000   460.81605      1355.6942      1816.5102      59.112013      303.40713      0.15407386   
   1288000   475.82196      1332.1069      1807.9288      21.09825       298.12825      0.15292456   
   1289000   484.56638      1349.9067      1834.4731      62.598552      302.1119       0.1528989    
   1290000   478.67367      1333.9419      1812.6156      91.486279      298.53894      0.15239522   
   1291000   478.71208      1313.4329      1792.145       138.38194      293.94898      0.15406251   
   1292000   429.74965      1350.3976      1780.1473      188.4119       302.22176      0.15735002   
   1293000   420.32774      1356.2027      1776.5304      171.09752      303.52094      0.15983498   
   1294000   488.46827      1346.8882      1835.3565      114.43959      301.43635      0.15930512   
   1295000   442.21353      1383.3636      1825.5772      139.05191      309.59962      0.15652064   
   1296000   478.68171      1334.6992      1813.381       111.58118      298.70843      0.14979178   
   1297000   487.04155      1323.1191      1810.1606      107.79046      296.11677      0.14431864   
   1298000   489.81064      1359.0778      1848.8884      66.403023      304.1644       0.14286395   
   1299000   461.55243      1382.6387      1844.1911      39.55357       309.43738      0.14383142   
   1300000   493.84982      1343.7308      1837.5806     -16.736798      300.72971      0.14703605   
   1301000   468.91026      1343.9601      1812.8704     -39.718939      300.78104      0.15090108   
   1302000   479.7009       1345.9443      1825.6452     -7.1574259      301.22511      0.15564353   
   1303000   452.19881      1368.4093      1820.6081      68.283285      306.25281      0.15708016   
   1304000   465.91135      1364.7726      1830.6839      112.90745      305.4389       0.15296464   
   1305000   452.28343      1345.6091      1797.8925      143.48457      301.15007      0.14784963   
   1306000   474.45581      1334.8278      1809.2836      142.04831      298.73721      0.14589697   
   1307000   466.47078      1332.3556      1798.8263      95.897118      298.18391      0.14601468   
   1308000   466.82805      1316.4374      1783.2655      90.17194       294.6214       0.14847376   
   1309000   461.98035      1341.0896      1803.07        56.371362      300.13861      0.1484574    
   1310000   449.21692      1350.892       1800.1089      97.291795      302.33239      0.14683113   
   1311000   482.84399      1388.2481      1871.0921      105.15065      310.69277      0.14314763   
   1312000   468.80559      1346.2325      1815.0381      155.64735      301.2896       0.1412203    
   1313000   444.86675      1351.9702      1796.8369      225.05362      302.57371      0.14506712   
   1314000   449.12995      1340.4622      1789.5921      208.61065      299.99818      0.15206837   
   1315000   438.22563      1316.1213      1754.347       245.44482      294.55066      0.15815465   
   1316000   436.90629      1299.6778      1736.5841      132.0619       290.87055      0.15862588   
   1317000   437.39365      1297.7822      1735.1759      80.479455      290.44632      0.15483426   
   1318000   463.71666      1309.7109      1773.4276      26.12143       293.11599      0.15072624   
   1319000   479.12228      1342.7506      1821.8729      20.211261      300.51034      0.14752761   
   1320000   483.66596      1358.8972      1842.5632      54.610546      304.12398      0.14651333   
   1321000   466.74007      1346.3268      1813.0668      54.257819      301.31069      0.14763464   
   1322000   467.75106      1356.9995      1824.7506      63.587912      303.69928      0.15104815   
   1323000   478.66246      1374.8049      1853.4673      91.877519      307.68415      0.15555104   
   1324000   461.14483      1388.5439      1849.6887      161.57697      310.75897      0.15829352   
   1325000   469.48204      1360.4172      1829.8993      238.23393      304.46417      0.15795581   
   1326000   464.84837      1343.4325      1808.2809      292.4374       300.66295      0.15548192   
   1327000   450.2151       1367.4703      1817.6854      235.92642      306.04265      0.15095334   
   1328000   468.5218       1374.842       1843.3638      194.28087      307.69246      0.14852593   
   1329000   453.02661      1354.3584      1807.385       145.21079      303.10819      0.14823588   
   1330000   455.17776      1351.7591      1806.9368      122.87532      302.52646      0.15125203   
   1331000   443.57301      1349.9346      1793.5076      96.607041      302.11813      0.15770032   
   1332000   448.14989      1343.0261      1791.176       71.535217      300.57199      0.16212138   
   1333000   431.83143      1283.5426      1715.374       76.884673      287.25947      0.16175312   
   1334000   474.02964      1341.9659      1815.9956      107.94573      300.33473      0.15415884   
   1335000   475.13951      1370.4678      1845.6073      168.28215      306.71351      0.14657975   
   1336000   475.43542      1402.5885      1878.0239      205.59005      313.90219      0.14572507   
   1337000   491.6553       1392.8871      1884.5424      161.4657       311.73099      0.14699682   
   1338000   503.29342      1367.893       1871.1864      130.21384      306.13726      0.15260797   
   1339000   452.97905      1356.6575      1809.6366      84.425468      303.62274      0.1568788    
   1340000   447.5487       1363.0729      1810.6216      65.491799      305.05851      0.15664906   
   1341000   464.67449      1342.637       1807.3115      60.239505      300.48491      0.15347112   
   1342000   481.73593      1361.8736      1843.6096      97.478411      304.79012      0.14843698   
   1343000   478.28057      1363.0465      1841.3271      176.72728      305.0526       0.14495861   
   1344000   475.57249      1344.848       1820.4205      192.28211      300.97975      0.14246015   
   1345000   490.98861      1369.4368      1860.4254      169.0095       306.48277      0.14164668   
   1346000   484.99078      1354.9107      1839.9015      89.38464       303.23179      0.14245474   
   1347000   453.07417      1362.3086      1815.3828      68.578038      304.88746      0.14601066   
   1348000   479.77191      1342.7626      1822.5345      53.915186      300.51302      0.14823026   
   1349000   490.48282      1341.2475      1831.7303      55.402878      300.17394      0.14921088   
   1350000   458.35258      1314.0981      1772.4507      113.462        294.09786      0.14787162   
   1351000   451.54253      1299.9397      1751.4822      127.30296      290.92917      0.14356786   
   1352000   477.7234       1307.1755      1784.8989      119.28029      292.54856      0.13861714   
   1353000   471.65806      1330.8213      1802.4794      160.88539      297.84054      0.13566348   
   1354000   467.56487      1308.9982      1776.5631      179.21983      292.95649      0.13633809   
   1355000   481.94155      1324.8628      1806.8044      215.78123      296.50702      0.13941146   
   1356000   481.36026      1293.8479      1775.2081      224.49662      289.56581      0.14153929   
   1357000   458.53373      1339.7589      1798.2926      222.44469      299.8408       0.14274306   
   1358000   473.89246      1326.0136      1799.9061      203.64592      296.76457      0.1432119    
   1359000   455.00347      1322.1723      1777.1758      207.96093      295.90488      0.14463202   
   1360000   467.72328      1340.6738      1808.3971      180.76143      300.04556      0.14678222   
   1361000   463.29141      1364.4636      1827.755       169.27181      305.36975      0.14991618   
   1362000   460.43682      1341.5253      1801.9621      144.02998      300.23612      0.15191192   
   1363000   486.81396      1345.2119      1832.0258      134.22695      301.06118      0.15016217   
   1364000   453.70977      1369.132       1822.8417      104.10123      306.41454      0.14537522   
   1365000   486.93483      1336.7259      1823.6607      88.403696      299.162        0.14045086   
   1366000   484.83084      1321.6268      1806.4576      68.981535      295.78278      0.13779932   
   1367000   485.04447      1289.2642      1774.3087      15.070684      288.53998      0.13776146   
   1368000   487.999        1309.062       1797.061       48.079547      292.97075      0.14134182   
   1369000   445.80402      1330.2649      1776.069       81.38567       297.71602      0.14609643   
   1370000   437.04877      1332.7381      1769.7868      131.30751      298.26951      0.14985248   
   1371000   429.90662      1297.8537      1727.7603      199.85886      290.46232      0.15113944   
   1372000   430.6641       1286.4405      1717.1046      171.45694      287.90803      0.15036667   
   1373000   459.37468      1322.1075      1781.4822      158.31002      295.89037      0.14993202   
   1374000   474.54586      1326.2458      1800.7916      199.35617      296.81653      0.14901517   
   1375000   483.49998      1339.4442      1822.9442      169.30997      299.77036      0.1468987    
   1376000   454.4571       1318.0385      1772.4956      157.29499      294.97972      0.1465635    
   1377000   486.84624      1356.1013      1842.9475      96.753794      303.49824      0.14775065   
   1378000   458.25001      1379.1105      1837.3605      42.814759      308.64776      0.14988769   
   1379000   486.52797      1359.6813      1846.2093      14.155027      304.29946      0.15140025   
   1380000   463.65885      1358.0732      1821.7321      48.494918      303.93958      0.15174802   
   1381000   468.69603      1361.3319      1830.028       103.86126      304.66888      0.15061177   
   1382000   482.91528      1370.553       1853.4683      140.61966      306.73257      0.14662061   
   1383000   471.90519      1347.5117      1819.4169      164.56588      301.57588      0.14292914   
   1384000   486.90856      1353.124       1840.0326      181.02887      302.83193      0.14133037   
   1385000   468.80968      1391.6226      1860.4323      168.6202       311.44799      0.14218195   
   1386000   494.47579      1321.0093      1815.4851      109.63448      295.64459      0.1465894    
   1387000   479.35975      1354.6195      1833.9793      92.086434      303.16663      0.15165815   
   1388000   463.64095      1344.6591      1808.3001      51.743502      300.93747      0.15345974   
   1389000   448.99411      1373.1301      1822.1242      82.864322      307.30933      0.15311186   
   1390000   489.94777      1352.7254      1842.6731      108.52426      302.74272      0.14973822   
   1391000   482.15187      1359.0326      1841.1845      122.20952      304.15429      0.14358326   
   1392000   461.07823      1333.191       1794.2692      100.11291      298.37087      0.13961438   
   1393000   478.80095      1308.6392      1787.4402      107.49837      292.87614      0.14197667   
   1394000   472.76427      1318.1131      1790.8774      100.18709      294.99642      0.14729905   
   1395000   437.93044      1348.6847      1786.6151      137.86509      301.8384       0.15216447   
   1396000   442.02109      1275.183       1717.2041      125.223        285.38857      0.15419366   
   1397000   456.4207       1299.8836      1756.3043      127.36783      290.91661      0.15529498   
   1398000   444.77232      1340.295       1785.0674      147.25337      299.96078      0.15499479   
   1399000   462.97217      1307.236       1770.2082      145.74062      292.56211      0.15130362   
   1400000   462.44398      1329.1261      1791.5701      168.23815      297.46115      0.14654089   
   1401000   477.9669       1315.0459      1793.0128      124.53731      294.30996      0.14258405   
   1402000   471.35201      1276.0912      1747.4433      125.28995      285.59184      0.14225747   
   1403000   481.41854      1281.5597      1762.9782      115.71133      286.81568      0.14301767   
   1404000   476.74054      1313.0131      1789.7536      152.38702      293.85502      0.14605894   
   1405000   463.46668      1346.6051      1810.0718      127.65367      301.37299      0.14812212   
   1406000   491.8797       1360.687       1852.5667      94.800255      304.52453      0.14904774   
   1407000   481.73205      1330.2661      1811.9981      107.94408      297.71628      0.15131786   
   1408000   456.54229      1369.027       1825.5693      100.29518      306.39105      0.154828     
   1409000   480.12606      1352.9738      1833.0999      105.57793      302.79832      0.15905479   
   1410000   502.5189       1362.5496      1865.0685      120.6902       304.94139      0.15909917   
   1411000   465.3582       1359.1425      1824.5007      77.615193      304.17889      0.15596905   
   1412000   469.08948      1335.5666      1804.6561      89.568152      298.90255      0.15451709   
   1413000   484.82312      1326.7422      1811.5654      64.018133      296.92764      0.15282027   
   1414000   449.80241      1356.9898      1806.7923      105.64677      303.69711      0.15445339   
   1415000   445.58876      1351.1967      1796.7854      164.36269      302.40058      0.15729396   
   1416000   452.24571      1350.4232      1802.6689      190.13372      302.22749      0.15736633   
   1417000   457.5157       1333.5759      1791.0916      180.76095      298.45703      0.15308504   
   1418000   443.47897      1309.2801      1752.7591      172.14976      293.01958      0.14993922   
   1419000   472.26177      1339.929       1812.1908      139.7094       299.87886      0.1498336    
   1420000   464.41726      1337.0411      1801.4584      101.38448      299.23255      0.14981942   
   1421000   457.602        1292.7429      1750.3449      47.469007      289.31851      0.14884806   
   1422000   452.28614      1303.4543      1755.7404      90.263859      291.71575      0.14842772   
   1423000   442.95136      1324.8596      1767.8109      93.428337      296.50629      0.14883069   
   1424000   465.31199      1328.2168      1793.5288      148.06438      297.25764      0.15090505   
   1425000   449.90069      1311.0595      1760.9602      182.61589      293.4178       0.15063064   
   1426000   461.51389      1280.64        1742.1539      169.09325      286.60987      0.14847869   
   1427000   467.61194      1302.1906      1769.8025      138.30775      291.43293      0.14660555   
   1428000   447.79803      1327.9231      1775.7211      114.8434       297.1919       0.14735108   
   1429000   471.03372      1340.7256      1811.7593      108.16779      300.05715      0.15086913   
   1430000   476.08694      1385.9903      1862.0772      65.26579       310.18747      0.15382627   
   1431000   463.29143      1330.873       1794.1645      119.98278      297.85212      0.15726099   
   1432000   452.50702      1372.7581      1825.2651      159.00823      307.22608      0.16096025   
   1433000   469.62488      1344.2967      1813.9216      166.72689      300.85636      0.16155033   
   1434000   472.25331      1334.4126      1806.6659      119.72048      298.64428      0.15269757   
   1435000   458.55093      1346.1014      1804.6523      160.93102      301.26026      0.14686577   
   1436000   454.53807      1362.3354      1816.8734      220.66104      304.89345      0.14564327   
   1437000   442.70547      1372.9897      1815.6952      236.85611      307.27792      0.14684222   
   1438000   456.81429      1344.4467      1801.261       198.53851      300.88994      0.14967059   
   1439000   476.15118      1332.1029      1808.2541      130.44728      298.12737      0.15294381   
   1440000   463.67553      1315.5252      1779.2008      82.15699       294.41724      0.15763878   
   1441000   448.1106       1287.0901      1735.2007      8.3239425      288.0534       0.16166252   
   1442000   446.33118      1318.3119      1764.643       40.153258      295.0409       0.16393361   
   1443000   437.23314      1304.5005      1741.7336      92.688035      291.94989      0.16124861   
   1444000   466.66115      1357.8699      1824.531       94.539744      303.89406      0.15230643   
   1445000   475.75699      1354.3985      1830.1555      157.43623      303.11717      0.15051466   
   1446000   476.95765      1391.3448      1868.3025      191.4768       311.38583      0.15224876   
   1447000   480.11536      1379.0784      1859.1937      145.96149      308.64057      0.15384858   
   1448000   458.54159      1368.4687      1827.0103      123.16562      306.26611      0.15443792   
   1449000   457.3885       1342.1071      1799.4956      97.027955      300.36632      0.15330962   
   1450000   439.70397      1333.342       1773.046       79.135443      298.40468      0.15133688   
   1451000   467.65814      1334.1276      1801.7858      79.212285      298.58051      0.15163702   
   1452000   461.57838      1346.1057      1807.6841      114.08926      301.26122      0.15488092   
   1453000   481.15722      1379.1904      1860.3476      142.97115      308.66563      0.15815224   
   1454000   444.57088      1364.9617      1809.5326      182.11546      305.48123      0.15669483   
   1455000   477.76395      1338.9321      1816.696       173.92564      299.65575      0.1517016    
   1456000   472.45982      1355.6742      1828.134       194.34525      303.40266      0.1492574    
   1457000   462.87968      1378.8832      1841.7628      158.90359      308.59688      0.15059002   
   1458000   466.2303       1366.7754      1833.0057      141.17271      305.88713      0.15500553   
   1459000   451.09041      1306.8075      1757.8979      127.10162      292.4662       0.16038396   
   1460000   436.63801      1331.863       1768.501       119.13269      298.07367      0.16230852   
   1461000   458.32178      1295.068       1753.3898      134.83878      289.83887      0.15896213   
   1462000   462.71539      1337.3306      1800.046       152.15999      299.29734      0.15221452   
   1463000   475.98001      1337.2117      1813.1917      164.44266      299.27072      0.14973808   
   1464000   474.2203       1270.2633      1744.4836      174.81973      284.28754      0.14929956   
   1465000   433.44867      1320.9785      1754.4271      157.94595      295.63769      0.15082254   
   1466000   429.61558      1360.6577      1790.2733      84.487199      304.51798      0.15156693   
   1467000   466.85761      1337.5007      1804.3584      74.27176       299.33541      0.15129915   
   1468000   475.78551      1340.8994      1816.6849      116.94156      300.09603      0.15286972   
   1469000   445.47746      1371.936       1817.4135      143.74031      307.04209      0.15768253   
   1470000   477.9443       1323.8187      1801.763       183.69225      296.27334      0.16541432   
   1471000   458.6586       1333.4037      1792.0623      112.71721      298.41849      0.1675074    
   1472000   441.16274      1377.7126      1818.8753      89.846704      308.33491      0.16432568   
   1473000   463.30393      1339.0932      1802.3972      73.98463       299.69182      0.1578699    
   1474000   462.47343      1353.9748      1816.4483      116.68734      303.02235      0.15408577   
   1475000   444.88231      1411.5066      1856.389       172.73654      315.89808      0.15233259   
   1476000   470.24868      1392.9531      1863.2017      237.29366      311.74576      0.15011795   
   1477000   461.17805      1357.3319      1818.51        243.29237      303.77367      0.14787352   
   1478000   491.5798       1315.6652      1807.245       178.43129      294.44858      0.146617     
   1479000   463.38991      1290.896       1754.2859      104.75688      288.90518      0.1471005    
   1480000   471.62368      1313.4736      1785.0973      42.209438      293.95809      0.1506137    
   1481000   447.09696      1290.9418      1738.0387      5.4191834      288.91542      0.15584351   
   1482000   450.4097       1330.1619      1780.5716      60.515697      297.69296      0.1579748    
   1483000   450.22643      1316.7452      1766.9717      140.97707      294.69029      0.15536028   
   1484000   443.83131      1309.679       1753.5103      223.0326       293.10884      0.14832783   
   1485000   462.49891      1331.6693      1794.1682      232.77975      298.03031      0.14378005   
   1486000   478.24111      1331.5456      1809.7867      172.07399      298.00264      0.1441944    
   1487000   455.27755      1347.9166      1803.1941      114.87417      301.66649      0.14705898   
   1488000   446.96051      1320.4335      1767.3941      26.742429      295.51574      0.15114651   
   1489000   470.76939      1272.693       1743.4624     -15.404688      284.83131      0.15445811   
   1490000   437.1007       1306.4326      1743.5333      40.711953      292.38229      0.15557498   
   1491000   461.85441      1317.5991      1779.4536      98.266313      294.88139      0.1544547    
   1492000   448.9654       1331.4062      1780.3716      168.65831      297.97145      0.15182692   
   1493000   453.66805      1315.8469      1769.515       207.56687      294.48925      0.14811374   
   1494000   452.65625      1270.476       1723.1323      154.9519       284.33514      0.14618579   
   1495000   466.35771      1301.3518      1767.7095      128.62974      291.24521      0.14837546   
   1496000   436.41041      1341.5691      1777.9795      100.72113      300.24592      0.15412577   
   1497000   455.78758      1303.3141      1759.1017      114.97117      291.68437      0.16253114   
   1498000   462.60974      1311.1615      1773.7713      90.582297      293.44064      0.16409691   
   1499000   432.93385      1321.6527      1754.5865      110.28816      295.78858      0.15803181   
   1500000   458.65117      1344.5827      1803.2338      125.28868      300.92036      0.1506866    
   1501000   469.47592      1342.6509      1812.1268      131.52665      300.48803      0.14896765   
   1502000   478.30136      1371.4153      1849.7167      142.03565      306.92556      0.14906996   
   1503000   493.42091      1361.2196      1854.6405      155.9938       304.64374      0.15005346   
   1504000   420.70789      1339.8751      1760.583       230.3628       299.8668       0.15291031   
   1505000   460.6831       1328.587       1789.2701      206.31825      297.3405       0.15391322   
   1506000   458.50162      1306.3702      1764.8718      160.67743      292.36834      0.15353721   
   1507000   470.68961      1322.1012      1792.7908      133.96661      295.88896      0.15125003   
   1508000   445.14056      1308.4422      1753.5827      55.370814      292.83204      0.1443581    
   1509000   484.51294      1347.4627      1831.9757      61.167001      301.56492      0.14110891   
   1510000   483.85225      1381.4761      1865.3284      57.138356      309.17719      0.14044288   
   1511000   473.58292      1348.9534      1822.5363      62.877476      301.89853      0.14385205   
   1512000   469.02212      1356.4702      1825.4924      88.035897      303.58082      0.15065355   
   1513000   464.90962      1362.803       1827.7127      104.50752      304.99812      0.15394729   
   1514000   485.68359      1346.8521      1832.5357      142.10529      301.42827      0.15401994   
   1515000   457.03068      1363.7233      1820.754       170.03193      305.20407      0.15418763   
   1516000   471.71508      1376.8123      1848.5274      220.72055      308.13341      0.15633058   
   1517000   442.82878      1348.8632      1791.692       205.2555       301.87835      0.15474084   
   1518000   456.61958      1334.2984      1790.918       166.78666      298.61872      0.15308491   
   1519000   448.25223      1316.8971      1765.1493      112.47451      294.72428      0.14859076   
   1520000   467.29231      1280.2524      1747.5447      75.727003      286.52311      0.14350922   
   1521000   484.46434      1297.1995      1781.6638      76.883795      290.31591      0.14064701   
   1522000   483.10737      1339.0216      1822.129       124.63395      299.67579      0.14131957   
   1523000   469.47864      1355.439       1824.9176      189.47169      303.35003      0.14486074   
   1524000   490.94812      1399.3421      1890.2902      234.63418      313.17563      0.14812032   
   1525000   480.11354      1381.7362      1861.8498      187.38744      309.2354       0.14864221   
   1526000   484.51504      1358.3315      1842.8466      158.1651       303.99738      0.15073048   
   1527000   454.34679      1365.1512      1819.498       120.53967      305.52363      0.15110534   
   1528000   462.07719      1384.5078      1846.585       117.85939      309.85569      0.14956187   
   1529000   468.82976      1353.2279      1822.0577      121.60572      302.85518      0.14686686   
   1530000   448.86206      1328.7836      1777.6456      157.79204      297.38449      0.14480132   
   1531000   473.26583      1303.3113      1776.5771      183.37042      291.68375      0.14486187   
   1532000   485.00226      1305.3227      1790.325       221.63929      292.1339       0.1496972    
   1533000   463.065        1348.7394      1811.8044      189.84048      301.85064      0.15413467   
   1534000   450.86134      1354.6804      1805.5417      176.18156      303.18025      0.15637376   
   1535000   482.36966      1359.9106      1842.2803      175.00612      304.35079      0.15674035   
   1536000   458.40168      1361.7829      1820.1846      130.3727       304.76982      0.1517114    
   1537000   482.19748      1341.5549      1823.7523      105.44677      300.24273      0.14573374   
   1538000   463.81332      1354.8748      1818.6881      71.890424      303.22376      0.14390265   
   1539000   459.59813      1346.7106      1806.3088      77.356732      301.3966       0.14551329   
   1540000   452.74036      1408.3229      1861.0633      155.07935      315.18556      0.1488996    
   1541000   472.82546      1397.9638      1870.7893      204.98371      312.86717      0.14833315   
   1542000   482.2997       1368.7292      1851.0289      176.12903      306.32441      0.1452223    
   1543000   459.79605      1356.4519      1816.2479      229.46977      303.57672      0.14221925   
   1544000   480.47221      1383.5054      1863.9776      145.57218      309.63135      0.13996724   
   1545000   501.85053      1334.668       1836.5186      71.300851      298.70145      0.14233355   
   1546000   496.32025      1337.3594      1833.6797      24.519033      299.30378      0.14785775   
   1547000   485.65894      1371.9621      1857.621       24.457722      307.04793      0.15241145   
   1548000   440.28514      1378.5338      1818.8189      118.47297      308.51869      0.15358153   
   1549000   488.73239      1334.098       1822.8304      179.41627      298.57387      0.15174433   
   1550000   477.73046      1346.668       1824.3984      251.70026      301.38706      0.14907122   
   1551000   455.439        1372.5114      1827.9504      220.64339      307.17088      0.14741861   
   1552000   488.41715      1340.819       1829.2362      132.95831      300.07805      0.14767953   
   1553000   504.22329      1336.7015      1840.9248      29.46892       299.15654      0.14680411   
   1554000   478.43984      1354.8052      1833.245       36.750532      303.20818      0.14425212   
   1555000   466.11851      1348.0705      1814.189       93.045016      301.70093      0.14022817   
   1556000   482.57874      1305.2189      1787.7976      147.46269      292.11067      0.13989404   
   1557000   484.15812      1325.1295      1809.2876      208.56654      296.5667       0.14580794   
   1558000   460.86664      1329.9042      1790.7709      206.68748      297.6353       0.15223503   
   1559000   449.44506      1314.8988      1764.3439      180.58205      294.27705      0.15567919   
   1560000   477.57457      1326.0547      1803.6292      166.65631      296.77376      0.15667836   
   1561000   465.81556      1294.7693      1760.5849      95.20774       289.77204      0.15353363   
   1562000   456.39307      1326.6061      1782.9992      102.14623      296.89718      0.14906625   
   1563000   482.93899      1329.5976      1812.5366      70.436514      297.56666      0.14601361   
   1564000   477.66245      1319.8423      1797.5047      120.15855      295.38341      0.14577055   
   1565000   471.40172      1338.4303      1809.832       169.77101      299.54344      0.1465442    
   1566000   462.40697      1328.667       1791.074       171.43801      297.35841      0.14663126   
   1567000   452.29671      1359.4153      1811.712       191.78812      304.23993      0.14757428   
   1568000   495.44         1345.9046      1841.3446      170.39876      301.21622      0.14849148   
   1569000   478.6941       1390.8597      1869.5538      107.22031      311.27726      0.14954008   
   1570000   467.87902      1330.4031      1798.2821      71.397655      297.74695      0.15436775   
   1571000   462.57346      1333.5602      1796.1337      36.37709       298.45351      0.15908374   
   1572000   450.04226      1301.6236      1751.6658      59.253941      291.30602      0.16087402   
   1573000   430.28586      1329.483       1759.7688      143.76959      297.54102      0.16168999   
   1574000   454.15071      1328.3668      1782.5175      167.42704      297.29122      0.16131111   
   1575000   453.3686       1316.6182      1769.9868      148.01454      294.66186      0.15523344   
   1576000   454.63         1281.9473      1736.5773      103.85373      286.90244      0.14726603   
   1577000   442.40083      1335.1583      1777.5591      75.078746      298.81116      0.146051     
   1578000   463.35293      1320.2249      1783.5779      149.67786      295.46905      0.14749884   
   1579000   446.91954      1345.3777      1792.2973      134.30031      301.0983       0.14919222   
   1580000   420.16229      1333.3312      1753.4935      106.74314      298.40226      0.15257719   
   1581000   467.45392      1281.5554      1749.0093      103.59354      286.81472      0.15807149   
   1582000   437.64134      1333.8906      1771.5319      167.60516      298.52745      0.16101886   
   1583000   454.11675      1344.6065      1798.7232      195.6131       300.92569      0.15951064   
   1584000   483.4646       1338.7414      1822.206       204.01782      299.61307      0.15530268   
   1585000   500.49047      1321.0746      1821.5651      217.87971      295.65921      0.1515372    
   1586000   465.42408      1367.203       1832.6271      169.27532      305.98284      0.14933579   
   1587000   474.52845      1337.4488      1811.9772      143.07748      299.32379      0.15003543   
   1588000   473.46006      1347.4302      1820.8903      91.609003      301.55764      0.15224134   
   1589000   465.62331      1346.8762      1812.4995      48.088455      301.43366      0.15445427   
   1590000   445.69188      1326.3105      1772.0024      56.182367      296.83102      0.15588321   
   1591000   456.6298       1318.8931      1775.5229      115.92705      295.17099      0.15678232   
   1592000   460.25608      1288.7978      1749.0538      206.35         288.43559      0.15530958   
   1593000   437.73602      1324.0034      1761.7395      210.34275      296.31469      0.15266814   
   1594000   460.12185      1316.5852      1776.707       216.56956      294.65446      0.15042361   
   1595000   442.6058       1321.5849      1764.1907      206.02208      295.7734       0.14802878   
   1596000   434.68103      1311.848       1746.529       180.01741      293.59426      0.14763724   
   1597000   461.25549      1300.0518      1761.3073      145.22476      290.95425      0.14964022   
   1598000   440.95132      1328.4043      1769.3556      137.29537      297.29961      0.15149771   
   1599000   457.43833      1321.5153      1778.9537      159.78687      295.75785      0.15313953   
   1600000   447.18986      1316.0009      1763.1908      136.20833      294.5237       0.15457654   
   1601000   467.75772      1325.4776      1793.2353      97.280666      296.64461      0.15719236   
   1602000   444.75707      1356.8545      1801.6116      78.490719      303.66682      0.15965669   
   1603000   467.5403       1399.5304      1867.0707      44.397026      313.21777      0.15931054   
   1604000   500.47556      1343.8173      1844.2929      66.841957      300.74907      0.15498961   
   1605000   473.50439      1354.1784      1827.6828      183.91428      303.06791      0.1512457    
   1606000   468.36027      1363.1553      1831.5156      197.96187      305.07696      0.14772342   
   1607000   469.13577      1345.4673      1814.6031      147.94271      301.11835      0.14544451   
   1608000   487.07464      1337.1519      1824.2265      101.1877       299.25734      0.14662232   
   1609000   472.84204      1306.334       1779.1761      78.764479      292.36024      0.15250757   
   1610000   444.69934      1305.8152      1750.5145      65.423795      292.24412      0.1577589    
   1611000   440.16751      1324.9975      1765.165       88.51541       296.53716      0.16161259   
   1612000   441.78439      1283.5166      1725.301       134.65572      287.25366      0.16396835   
   1613000   425.56394      1315.7383      1741.3023      160.71138      294.46494      0.16431578   
   1614000   456.68113      1332.3647      1789.0459      142.59743      298.18596      0.16194393   
   1615000   475.97583      1322.999       1798.9748      131.78268      296.08989      0.15483522   
   1616000   449.49538      1364.8657      1814.3611      127.48071      305.45974      0.14973259   
   1617000   451.52372      1374.1432      1825.6669      92.428243      307.53606      0.14776233   
   1618000   499.1038       1360.5537      1859.6575      70.297869      304.49471      0.14887476   
   1619000   493.35179      1389.1141      1882.4659      99.760208      310.8866       0.15291789   
   1620000   465.22067      1384.379       1849.5997      130.95455      309.82687      0.15730322   
   1621000   462.67376      1380.8497      1843.5235      170.31483      309.037        0.16019896   
   1622000   454.2003       1334.4097      1788.61        124.769        298.64363      0.16125364   
   1623000   434.58892      1324.0333      1758.6222      76.518447      296.32137      0.16193959   
   1624000   453.50162      1338.4604      1791.962       25.019038      299.55018      0.15894147   
   1625000   476.11821      1300.0092      1776.1274      25.229887      290.94472      0.15335159   
   1626000   468.60836      1314.6932      1783.3016      73.186711      294.23105      0.14909454   
   1627000   468.52454      1339.6158      1808.1403      130.66255      299.80877      0.14830098   
   1628000   441.80324      1308.882       1750.6853      220.7405       292.93048      0.15001017   
   1629000   474.81211      1322.3376      1797.1497      263.61761      295.94187      0.15229658   
   1630000   455.72474      1357.1301      1812.8548      274.7454       303.7285       0.15461293   
   1631000   448.82301      1404.0553      1852.8784      223.77276      314.23047      0.15709985   
   1632000   460.76509      1405.3554      1866.1205      152.05619      314.52142      0.15966787   
   1633000   465.863        1349.3172      1815.1802      83.134095      301.97996      0.16078574   
   1634000   447.73863      1364.398       1812.1366      81.14793       305.35507      0.16025528   
   1635000   474.80761      1313.4405      1788.2481      70.607009      293.95067      0.15487998   
   1636000   472.89646      1320.4636      1793.3601      71.015633      295.52247      0.14760586   
   1637000   468.49721      1332.3465      1800.8437      66.639768      298.18189      0.14445839   
   1638000   481.36208      1327.7916      1809.1536      101.83629      297.16248      0.14625995   
   1639000   473.77813      1360.987       1834.7652      158.65664      304.59169      0.15048338   
   1640000   485.5698       1354.5273      1840.0971      195.62241      303.14599      0.15376031   
   1641000   489.15563      1386.537       1875.6926      201.03792      310.30983      0.1559592    
   1642000   474.25188      1361.4624      1835.7143      170.49661      304.69809      0.15409872   
   1643000   467.27872      1347.7192      1814.998       91.918662      301.62233      0.14905268   
   1644000   490.42518      1334.294       1824.7192      62.403442      298.61774      0.14755777   
   1645000   467.33295      1358.7027      1826.0357      69.8065        304.08046      0.14692797   
   1646000   455.55976      1328.8727      1784.4325      113.96081      297.40444      0.14574701   
   1647000   471.05154      1316.4523      1787.5038      164.05412      294.62472      0.14569624   
   1648000   484.24546      1318.9434      1803.1889      248.25936      295.18225      0.14850727   
   1649000   450.95059      1350.7185      1801.6691      266.3595       302.29358      0.15225592   
   1650000   445.68811      1300.3817      1746.0698      220.56036      291.0281       0.15302935   
   1651000   463.24003      1303.5394      1766.7794      153.0639       291.73479      0.15077223   
   1652000   477.77826      1326.3787      1804.1569      110.16247      296.84627      0.14198758   
   1653000   478.27249      1321.8593      1800.1318      118.70496      295.83483      0.13807705   
   1654000   482.85378      1325.9776      1808.8313      121.89998      296.7565       0.13882781   
   1655000   452.79396      1274.5549      1727.3488      137.01552      285.248        0.14335272   
   1656000   441.0945       1331.1268      1772.2213      160.53276      297.90891      0.14968295   
   1657000   455.25493      1344.5208      1799.7758      147.69154      300.90652      0.15364803   
   1658000   468.41466      1321.485       1789.8996      142.88894      295.75105      0.15514122   
   1659000   476.85414      1321.5087      1798.3628      154.718        295.75636      0.15358741   
   1660000   441.8013       1352.9914      1794.7927      164.04819      302.80225      0.1496454    
   1661000   467.38152      1386.0614      1853.4429      177.7263       310.20339      0.14722223   
   1662000   477.79345      1347.6224      1825.4158      213.21192      301.60065      0.14335755   
   1663000   494.9731       1343.4135      1838.3866      158.08883      300.6587       0.14095999   
   1664000   486.97651      1389.5975      1876.5741      161.47465      310.99478      0.14288652   
   1665000   474.37992      1351.3293      1825.7092      148.89756      302.43027      0.14717102   
   1666000   497.45057      1377.5798      1875.0304      105.99933      308.30519      0.15371557   
   1667000   479.33635      1310.7482      1790.0845      69.077232      293.34813      0.15679082   
   1668000   469.60593      1325.5409      1795.1468      49.153727      296.65878      0.15643481   
   1669000   426.19424      1347.1876      1773.3818      90.435147      301.50334      0.15677021   
   1670000   476.41856      1315.9733      1792.3919      152.62067      294.51753      0.15670849   
   1671000   475.57471      1290.2908      1765.8655      179.91011      288.76973      0.15362233   
   1672000   471.41989      1325.3648      1796.7847      201.68553      296.61935      0.15022239   
   1673000   467.50908      1331.8472      1799.3563      167.51911      298.07014      0.14788363   
   1674000   480.17773      1319.6251      1799.8028      162.61354      295.33481      0.14810451   
   1675000   468.34938      1333.8943      1802.2437      153.40076      298.52828      0.14769489   
   1676000   474.55193      1332.6085      1807.1604      164.33411      298.24052      0.14730447   
   1677000   475.18039      1323.9024      1799.0828      190.17132      296.29207      0.14974297   
   1678000   463.39753      1346.3523      1809.7499      210.14976      301.31642      0.15625293   
   1679000   466.61921      1354.9134      1821.5326      204.41003      303.2324       0.16018488   
   1680000   453.83144      1385.241       1839.0724      187.81487      310.01977      0.16002727   
   1681000   453.98887      1365.7714      1819.7603      167.0194       305.66245      0.1569567    
   1682000   479.29184      1320.8987      1800.1906      155.0632       295.61985      0.15177023   
   1683000   451.71284      1312.1191      1763.8319      100.86944      293.65495      0.14827573   
   1684000   468.0721       1339.8449      1807.917       104.84588      299.86004      0.14857822   
   1685000   476.80325      1351.8212      1828.6244      120.89784      302.54036      0.14990933   
   1686000   463.85089      1351.8941      1815.745       160.57899      302.55668      0.15274901   
   1687000   455.79241      1325.8312      1781.6236      169.38429      296.72375      0.15484997   
   1688000   453.65637      1292.5046      1746.1609      173.70101      289.26517      0.15436736   
   1689000   445.21834      1318.4745      1763.6928      225.4835       295.07729      0.1540131    
   1690000   452.94491      1316.0036      1768.9485      232.31229      294.52431      0.15444292   
   1691000   447.77411      1316.0784      1763.8526      203.83626      294.54106      0.15685755   
   1692000   443.98734      1305.4708      1749.4582      172.34767      292.16705      0.16204429   
   1693000   458.52355      1333.8515      1792.375       75.983405      298.5187       0.16430186   
   1694000   466.90448      1352.4961      1819.4006      63.000726      302.69141      0.1632815    
   1695000   466.09299      1358.1468      1824.2398      56.5704        303.95604      0.1582497    
   1696000   488.47977      1345.425       1833.9047      107.18524      301.10887      0.15416078   
   1697000   440.03608      1403.6361      1843.6722      200.00696      314.13664      0.15519279   
   1698000   462.64406      1372.0857      1834.7298      263.74163      307.0756       0.15759169   
   1699000   496.60886      1361.6354      1858.2443      221.45843      304.7368       0.16056546   
   1700000   442.51329      1361.2934      1803.8067      140.47983      304.66027      0.16036389   
   1701000   462.84896      1313.2297      1776.0786      67.964308      293.9035       0.15819882   
   1702000   448.94271      1280.6347      1729.5774      47.432516      286.60867      0.15450995   
   1703000   474.4536       1297.5455      1771.9991      70.572894      290.39334      0.14798122   
   1704000   477.92163      1308.5732      1786.4948      97.528087      292.86137      0.14441305   
   1705000   487.02152      1316.1426      1803.1641      109.99516      294.55542      0.14372298   
   1706000   513.63873      1312.7382      1826.377       159.83464      293.79351      0.14472419   
   1707000   465.44076      1310.2877      1775.7284      154.01729      293.24507      0.14431282   
   1708000   452.58242      1342.2043      1794.7867      177.6268       300.38807      0.14478111   
   1709000   447.98713      1348.3515      1796.3387      227.44055      301.76384      0.15079066   
   1710000   466.0214       1302.6015      1768.6229      187.88403      291.52489      0.15859755   
   1711000   459.10533      1333.8415      1792.9469      162.45403      298.51647      0.16121984   
   1712000   438.86376      1328.7013      1767.565       104.68777      297.36607      0.15689176   
   1713000   488.60098      1319.3804      1807.9813      52.077936      295.28003      0.15012088   
   1714000   498.70611      1317.637       1816.3431      44.545397      294.88986      0.14668144   
   1715000   483.25453      1348.0741      1831.3287      116.51263      301.70176      0.14641898   
   1716000   479.93722      1336.9552      1816.8924      134.99615      299.21332      0.14704151   
   1717000   480.76442      1351.4343      1832.1987      136.96895      302.45377      0.14888631   
   1718000   481.14191      1365.2746      1846.4166      166.43448      305.55127      0.15253403   
   1719000   448.7543       1364.5699      1813.3242      166.54377      305.39354      0.15476287   
   1720000   472.43346      1374.5456      1846.979       175.47383      307.62612      0.15654793   
   1721000   454.12958      1405.5985      1859.7281      232.41064      314.57584      0.15634646   
   1722000   470.67187      1383.2704      1853.9422      218.114        309.57875      0.15238423   
   1723000   462.73421      1351.3734      1814.1076      187.6227       302.44015      0.14760472   
   1724000   467.58402      1380.3941      1847.9781      177.25911      308.93502      0.14730719   
   1725000   463.89012      1356.439       1820.3291      173.34978      303.57384      0.14903819   
   1726000   482.75867      1341.0688      1823.8274      165.34541      300.13394      0.1531051    
   1727000   451.60185      1345.339       1796.9409      105.36629      301.08963      0.15645321   
   1728000   460.06171      1354.5894      1814.6511      83.474001      303.15988      0.15993956   
   1729000   467.49555      1338.9833      1806.4788      123.80733      299.6672       0.16039278   
   1730000   494.30377      1314.5149      1808.8186      95.89672       294.19112      0.1520188    
   1731000   465.26945      1363.2362      1828.5057      175.22745      305.09507      0.14590745   
   1732000   459.9626       1352.2282      1812.1908      206.03153      302.63145      0.14529185   
   1733000   483.55228      1334.6362      1818.1885      204.65351      298.69431      0.14669977   
   1734000   473.58104      1340.1626      1813.7436      183.71743      299.93113      0.14911423   
   1735000   459.43262      1383.7554      1843.188       131.56483      309.6873       0.15218292   
   1736000   467.67143      1335.5315      1803.2029      68.573613      298.89469      0.15299001   
   1737000   456.0397       1315.558       1771.5977      67.725137      294.42459      0.15473648   
   1738000   444.51269      1344.7761      1789.2888      100.59907      300.96365      0.15805739   
   1739000   457.51369      1325.363       1782.8767      131.72509      296.61896      0.16101375   
   1740000   447.48142      1338.9453      1786.4267      176.07636      299.65871      0.1591335    
   1741000   443.23102      1325.2854      1768.5165      194.39198      296.6016       0.15338078   
   1742000   431.20118      1323.5878      1754.789       169.84538      296.22168      0.15004954   
   1743000   446.74302      1298.5762      1745.3192      160.94518      290.62402      0.14977637   
   1744000   460.46655      1346.0567      1806.5233      135.71401      301.25026      0.15124319   
   1745000   482.83732      1327.7455      1810.5829      131.49401      297.15218      0.15182721   
   1746000   503.49599      1326.0987      1829.5947      138.48467      296.78362      0.15005174   
   1747000   480.35717      1333.3463      1813.7035      153.20591      298.40565      0.14587234   
   1748000   465.77892      1340.8361      1806.615       159.39907      300.08187      0.14252994   
   1749000   480.08352      1361.4207      1841.5042      175.80758      304.68875      0.14482933   
   1750000   468.582        1327.1933      1795.7753      194.79825      297.02858      0.1508133    
   1751000   450.42374      1357.0875      1807.5112      173.303        303.71897      0.15566466   
   1752000   450.50047      1359.7256      1810.226       179.14173      304.30937      0.15811514   
   1753000   465.52988      1373.615       1839.1449      161.71335      307.41785      0.15718414   
   1754000   445.10062      1348.2167      1793.3174      132.79262      301.73367      0.15618404   
   1755000   475.21959      1311.3695      1786.5891      145.04741      293.48718      0.15412609   
   1756000   454.98009      1299.1473      1754.1274      102.35178      290.75183      0.14975018   
   1757000   475.04697      1341.3102      1816.3571      117.34749      300.18797      0.14621747   
   1758000   471.48728      1350.0304      1821.5177      134.31158      302.13958      0.142297     
   1759000   496.68781      1381.1359      1877.8237      153.32174      309.10105      0.14173353   
   1760000   483.90741      1371.0202      1854.9276      147.70651      306.83714      0.14705211   
   1761000   455.42196      1331.2282      1786.6502      137.40075      297.93161      0.15468842   
   1762000   463.27689      1317.5999      1780.8768      74.2279        294.88157      0.15645794   
   1763000   477.82841      1301.3405      1779.1689      39.934767      291.24267      0.15461996   
   1764000   456.1541       1329.8745      1786.0286      102.27627      297.62863      0.15192625   
   1765000   449.43821      1337.9883      1787.4266      124.76223      299.44454      0.14939412   
   1766000   463.28846      1332.3807      1795.6691      126.15578      298.18953      0.14865467   
   1767000   464.79315      1305.4338      1770.227       131.07281      292.15877      0.14859369   
   1768000   461.40083      1317.8398      1779.2406      111.61681      294.93525      0.14672483   
   1769000   456.00854      1300.7022      1756.7107      123.06689      291.09981      0.14161039   
   1770000   465.12735      1305.5907      1770.718       142.59908      292.19388      0.13805269   
   1771000   464.50481      1315.151       1779.6559      199.04402      294.3335       0.14001535   
   1772000   442.72261      1345.609       1788.3316      196.70684      301.15005      0.14580249   
   1773000   476.41192      1323.5391      1799.951       179.16943      296.21077      0.15027893   
   1774000   461.26428      1303.1079      1764.3722      158.80351      291.63823      0.15153482   
   1775000   450.58387      1344.1503      1794.7342      121.58928      300.82361      0.15094427   
   1776000   464.88011      1330.0611      1794.9412      74.179166      297.6704       0.14994135   
   1777000   473.76757      1318.1712      1791.9387      71.274303      295.00941      0.15040006   
   1778000   450.87345      1326.3854      1777.2589      68.695725      296.84778      0.15073393   
   1779000   471.88297      1287.2256      1759.1086      89.141863      288.08374      0.15234525   
   1780000   468.29805      1298.2175      1766.5156      133.0837       290.54374      0.15344396   
   1781000   483.09742      1343.5528      1826.6502      182.66205      300.68988      0.15037353   
   1782000   486.88702      1349.5711      1836.4581      194.63859      302.03679      0.1462891    
   1783000   477.99295      1349.0803      1827.0733      188.75596      301.92695      0.14226666   
   1784000   496.35352      1362.0607      1858.4142      202.32958      304.83198      0.14137526   
   1785000   492.12407      1400.1442      1892.2682      154.4313       313.35514      0.14326025   
   1786000   478.59599      1364.6342      1843.2302      101.23108      305.40794      0.14818509   
   1787000   451.05246      1363.9089      1814.9613      74.38826       305.2456       0.15550287   
   1788000   453.87007      1329.1384      1783.0085      90.434688      297.46391      0.15760311   
   1789000   444.64134      1297.5233      1742.1646      169.93387      290.38837      0.15528598   
   1790000   454.43854      1334.9112      1789.3497      199.47674      298.75586      0.14973124   
   1791000   471.30499      1316.0856      1787.3906      238.51515      294.54266      0.14679543   
   1792000   464.41405      1346.2058      1810.6198      217.51891      301.28362      0.14596      
   1793000   482.64162      1341.5471      1824.1888      162.47473      300.241        0.14696985   
   1794000   501.44224      1391.2045      1892.6468      125.7758       311.35443      0.14715903   
   1795000   463.55822      1397.9204      1861.4786      113.58774      312.85746      0.14857672   
   1796000   450.45302      1340.034       1790.487       115.74522      299.90236      0.15147143   
   1797000   462.48004      1333.8701      1796.3501      135.05334      298.52286      0.15508632   
   1798000   465.91725      1312.5654      1778.4826      183.48654      293.75483      0.15754269   
   1799000   440.68425      1291.8935      1732.5777      205.81449      289.12841      0.1583322    
   1800000   451.95418      1290.4862      1742.4404      173.02185      288.81346      0.15876396   
   1801000   470.81019      1316.8206      1787.6308      120.88141      294.70715      0.16038364   
   1802000   447.31539      1319.3413      1766.6567      60.877582      295.27129      0.16044465   
   1803000   409.86978      1346.5312      1756.401       56.238356      301.35645      0.15808203   
   1804000   457.54923      1293.2092      1750.7584      31.773001      289.42287      0.15332024   
   1805000   438.87331      1326.8275      1765.7008      134.40974      296.94672      0.1504097    
   1806000   474.41299      1341.954       1816.367       140.50644      300.33207      0.14982901   
   1807000   445.9973       1341.3253      1787.3226      181.02518      300.19136      0.15334764   
   1808000   444.03734      1312.8591      1756.8965      149.7347       293.82057      0.159238     
   1809000   436.83933      1325.2807      1762.12        144.42789      296.60053      0.16323371   
   1810000   428.8651       1342.2393      1771.1044      128.97788      300.39591      0.16244037   
   1811000   476.26857      1298.2676      1774.5362      95.817916      290.55496      0.15420246   
   1812000   431.50555      1288.3382      1719.8437      131.85907      288.33273      0.14767028   
   1813000   452.11772      1321.7718      1773.8895      172.2413       295.81525      0.14657704   
   1814000   455.86635      1356.1523      1812.0186      187.67944      303.50966      0.14619329   
   1815000   493.76425      1331.2553      1825.0195      168.21796      297.93766      0.14577565   
   1816000   462.06531      1356.2338      1818.2991      165.57023      303.5279       0.14607243   
   1817000   444.38134      1339.9149      1784.2963      160.29815      299.87571      0.15078403   
   1818000   423.08783      1370.2302      1793.318       217.07544      306.66032      0.15780321   
   1819000   446.31041      1326.6133      1772.9237      202.39682      296.89877      0.15801223   
   1820000   452.97078      1320.1655      1773.1363      175.40126      295.45575      0.15648087   
   1821000   460.39593      1297.6104      1758.0064      135.09232      290.40788      0.15441965   
   1822000   456.90895      1290.6558      1747.5648      89.375692      288.85143      0.1501857    
   1823000   446.56122      1368.9885      1815.5497      107.81718      306.38243      0.14622423   
   1824000   483.68241      1333.0462      1816.7286      131.40017      298.33848      0.14389032   
   1825000   497.45599      1320.4901      1817.9461      131.99734      295.5284       0.14420128   
   1826000   459.48029      1361.9695      1821.4497      180.99913      304.81156      0.14675162   
   1827000   453.26782      1374.1656      1827.4334      148.57211      307.54109      0.15012312   
   1828000   455.03109      1386.1242      1841.1553      133.08842      310.21745      0.15586826   
   1829000   480.20672      1379.416       1859.6227      142.41725      308.71613      0.15984927   
   1830000   442.82673      1325.5115      1768.3383      111.50234      296.6522       0.15849601   
   1831000   447.37291      1338.2797      1785.6526      148.33369      299.50974      0.15724515   
   1832000   447.61986      1303.5703      1751.1901      140.38933      291.7417       0.15499107   
   1833000   441.00679      1332.3593      1773.3661      168.25134      298.18475      0.15352301   
   1834000   444.22885      1313.4291      1757.658       176.29414      293.94814      0.15267973   
   1835000   469.0432       1302.9775      1772.0207      193.52809      291.60904      0.15195203   
   1836000   465.68815      1308.0716      1773.7597      179.75895      292.74911      0.14875715   
   1837000   453.38589      1315.5558      1768.9417      135.44073      294.42408      0.14221552   
   1838000   461.11465      1345.8663      1806.9809      89.106825      301.20764      0.13874149   
   1839000   487.66421      1319.5771      1807.2413      39.452282      295.32407      0.13904834   
   1840000   462.43761      1378.1951      1840.6327      59.076527      308.4429       0.14436483   
   1841000   476.98013      1351.0698      1828.0499      48.506809      302.37219      0.15005045   
   1842000   484.82746      1361.7069      1846.5343      117.28401      304.75279      0.15174423   
   1843000   461.23771      1389.9213      1851.159       144.35841      311.06724      0.15142126   
   1844000   475.93849      1320.2756      1796.2141      143.16301      295.48039      0.14967893   
   1845000   464.22974      1310.3962      1774.6259      155.98587      293.26936      0.14885716   
   1846000   480.32024      1333.0616      1813.3819      193.80021      298.34193      0.14840562   
   1847000   473.24033      1306.8816      1780.1219      186.10557      292.48278      0.14553192   
   1848000   478.22397      1339.7494      1817.9733      175.00091      299.83866      0.14233893   
   1849000   497.00837      1332.2183      1829.2267      131.90105      298.15319      0.14056941   
   1850000   491.86677      1329.5461      1821.4129      126.97566      297.55515      0.14412564   
   1851000   474.24554      1362.5331      1836.7787      117.17518      304.93771      0.14867934   
   1852000   493.86623      1365.0988      1858.9651      84.597174      305.51192      0.15081667   
   1853000   445.37436      1331.3735      1776.7479      126.05317      297.96413      0.1528561    
   1854000   463.78316      1326.2192      1790.0023      158.44247      296.81057      0.15384299   
   1855000   478.87083      1285.3095      1764.1803      151.61694      287.6549       0.15216598   
   1856000   458.3303       1348.2165      1806.5468      170.3652       301.73363      0.14941702   
   1857000   479.70805      1342.439       1822.1471      130.86187      300.44061      0.14520976   
   1858000   497.66975      1348.1234      1845.7932      89.18403       301.71279      0.14262759   
   1859000   487.81288      1367.15        1854.9629      84.753939      305.97097      0.14462341   
   1860000   478.1156       1416.5717      1894.6873      152.09345      317.03165      0.15040877   
   1861000   470.76747      1361.3722      1832.1397      143.56053      304.6779       0.1535404    
   1862000   494.40748      1345.0271      1839.4346      151.01263      301.01982      0.15541522   
   1863000   465.14478      1380.4113      1845.5561      148.96362      308.93888      0.15521223   
   1864000   480.08931      1349.5492      1829.6385      125.10476      302.03187      0.15389225   
   1865000   457.02417      1347.931       1804.9552      158.25401      301.66973      0.15327292   
   1866000   463.9196       1341.0469      1804.9665      160.83322      300.12905      0.15011807   
   1867000   478.97337      1331.0145      1809.9879      187.16837      297.88379      0.14405299   
   1868000   473.83085      1332.382       1806.2129      216.34669      298.18983      0.14129392   
   1869000   464.64053      1309.8886      1774.5291      205.85776      293.15576      0.14168824   
   1870000   449.6919       1340.9676      1790.6595      182.17712      300.1113       0.14487307   
   1871000   452.87008      1340.9376      1793.8076      139.22464      300.10458      0.14859692   
   1872000   473.47236      1308.9185      1782.3908      97.324099      292.93864      0.14966426   
   1873000   445.98313      1359.1401      1805.1233      87.924434      304.17835      0.15133715   
   1874000   440.07686      1343.3152      1783.3921      117.72812      300.6367       0.15682975   
   1875000   454.10195      1336.7128      1790.8148      168.32426      299.15907      0.16189964   
   1876000   474.14662      1333.7532      1807.8998      168.65179      298.4967       0.15941697   
   1877000   461.48312      1375.6185      1837.1016      146.83081      307.86624      0.15344624   
   1878000   509.15463      1365.1227      1874.2773      114.81083      305.51725      0.15015145   
   1879000   494.61807      1367.3305      1861.9486      105.70971      306.01138      0.14759415   
   1880000   460.44342      1335.6404      1796.0838      120.5841       298.91906      0.1469403    
   1881000   482.00937      1309.684       1791.6933      155.14725      293.10996      0.14793199   
   1882000   476.4466       1302.0706      1778.5172      114.63139      291.40607      0.14802704   
   1883000   450.25265      1314.2541      1764.5067      95.83102       294.13276      0.14941996   
   1884000   448.7825       1309.4261      1758.2086      82.413912      293.05225      0.15289646   
   1885000   456.93252      1319.6335      1776.566       106.93057      295.33669      0.15929082   
   1886000   440.95367      1336.5851      1777.5388      159.72775      299.1305       0.16085635   
   1887000   465.88434      1324.1767      1790.061       154.04963      296.35346      0.15524121   
   1888000   464.78393      1352.3922      1817.1761      169.70674      302.66815      0.14856497   
   1889000   465.76345      1357.3529      1823.1163      123.7378       303.77836      0.14610471   
   1890000   499.03638      1336.0781      1835.1145      107.29468      299.01702      0.14824946   
   1891000   492.17866      1379.5911      1871.7698      45.811732      308.75532      0.151778     
   1892000   482.19112      1413.5101      1895.7012      40.857053      316.34647      0.15417154   
   1893000   494.95118      1356.3163      1851.2675      55.35522       303.54638      0.15462072   
   1894000   489.97075      1336.296       1826.2667      92.612296      299.06579      0.15529241   
   1895000   460.55589      1341.5607      1802.1166      116.82247      300.24404      0.15589267   
   1896000   454.37639      1390.0932      1844.4696      126.40366      311.10571      0.15586625   
   1897000   466.33678      1362.1854      1828.5222      142.08005      304.85989      0.15468786   
   1898000   466.7013       1363.1209      1829.8222      187.74139      305.06925      0.15298566   
   1899000   466.61168      1338.9047      1805.5164      185.9981       299.64961      0.15131473   
   1900000   497.9129       1334.1013      1832.0142      211.44127      298.57462      0.15042948   
   1901000   469.70545      1336.6878      1806.3933      159.82318      299.15348      0.1472742    
   1902000   469.68187      1351.0022      1820.6841      122.43509      302.35706      0.14283249   
   1903000   495.13176      1322.3964      1817.5281      84.03869       295.95502      0.14113821   
   1904000   473.93484      1337.4515      1811.3863      92.695997      299.32438      0.14296345   
   1905000   471.78973      1337.2036      1808.9933      149.4023       299.26891      0.14983371   
   1906000   449.05211      1281.4775      1730.5296      158.2459       286.7973       0.15408453   
   1907000   445.43363      1292.6122      1738.0458      161.38477      289.28927      0.15617859   
   1908000   454.92043      1317.1531      1772.0735      162.28808      294.78156      0.15463028   
   1909000   459.19575      1321.9224      1781.1181      119.26156      295.84894      0.1522886    
   1910000   481.25892      1329.0554      1810.3144      103.79739      297.44534      0.15265555   
   1911000   454.97916      1361.7505      1816.7296      141.12599      304.76255      0.15196848   
   1912000   458.72949      1363.8564      1822.5859      118.36936      305.23387      0.1483816    
   1913000   475.20369      1342.0422      1817.2459      146.1762       300.3518       0.14549559   
   1914000   492.28965      1348.8236      1841.1133      132.52243      301.86949      0.14476976   
   1915000   473.16383      1329.0542      1802.218       116.87772      297.44505      0.14668364   
   1916000   466.41632      1336.0839      1802.5002      66.28623       299.01832      0.15279168   
   1917000   461.49042      1342.9902      1804.4807      45.734015      300.56397      0.15661681   
   1918000   450.50725      1372.1345      1822.6417      59.719565      307.08651      0.15601624   
   1919000   464.57592      1371.1038      1835.6797      158.94926      306.85583      0.15446206   
   1920000   494.4159       1328.921       1823.3369      189.58512      297.41525      0.14914529   
   1921000   470.14555      1325.0807      1795.2262      207.99252      296.55578      0.14345109   
   1922000   465.06354      1330.9223      1795.9859      181.75579      297.86315      0.14070032   
   1923000   462.22386      1345.3713      1807.5952      143.27685      301.09686      0.13982621   
   1924000   501.59082      1368.0857      1869.6766      89.367668      306.1804       0.13897597   
   1925000   524.9944       1388.2232      1913.2176      49.391799      310.6872       0.14159834   
   1926000   462.40905      1338.0589      1800.4679      100.29944      299.46032      0.15165905   
   1927000   475.95847      1317.1463      1793.1048      56.896606      294.78005      0.15490109   
   1928000   438.7228       1341.9059      1780.6287      97.531816      300.32129      0.15615231   
   1929000   463.15178      1340.2032      1803.355       111.24852      299.94024      0.15325221   
   1930000   473.86286      1338.0368      1811.8997      117.96122      299.45539      0.1483815    
   1931000   487.39984      1333.5217      1820.9215      174.44653      298.44489      0.14453997   
   1932000   497.12609      1328.63        1825.7561      167.10344      297.35012      0.14465212   
   1933000   488.3651       1360.2869      1848.652       155.99426      304.435        0.14812277   
   1934000   473.20202      1366.5444      1839.7464      118.38877      305.83544      0.15049716   
   1935000   479.1135       1369.8984      1849.0119      85.212669      306.58607      0.15089879   
   1936000   457.67941      1362.0868      1819.7662      82.628839      304.83783      0.15142872   
   1937000   480.14525      1358.296       1838.4413      122.01882      303.98944      0.15207093   
   1938000   491.03917      1359.0849      1850.1241      143.91232      304.166        0.15147292   
   1939000   492.03905      1314.361       1806.4001      175.3644       294.15669      0.1518927    
   1940000   498.51811      1315.4631      1813.9812      138.19447      294.40334      0.15188805   
   1941000   447.51044      1333.846       1781.3564      156.55181      298.51746      0.15179373   
   1942000   464.50522      1300.6511      1765.1563      113.79351      291.08838      0.1505066    
   1943000   459.38978      1328.3162      1787.706       114.35229      297.2799       0.14946712   
   1944000   457.24518      1331.7173      1788.9625      129.83103      298.04106      0.15015332   
   1945000   481.44075      1312.5098      1793.9505      177.193        293.74238      0.15282257   
   1946000   444.27073      1318.3654      1762.6361      202.02449      295.05288      0.15659876   
   1947000   457.67541      1294.5104      1752.1858      205.89568      289.71408      0.15888787   
   1948000   428.36142      1311.144       1739.5054      213.26077      293.43672      0.15975368   
   1949000   452.33492      1323.1531      1775.4881      202.00623      296.12439      0.1576313    
   1950000   463.78346      1314.5256      1778.3091      79.008205      294.19354      0.1520285    
   1951000   465.72647      1332.8865      1798.613       19.064995      298.30274      0.14830041   
   1952000   443.80381      1313.733       1757.5368     -3.5410091      294.01615      0.14805609   
   1953000   473.21179      1324.8938      1798.1056      16.238281      296.51395      0.14988348   
   1954000   441.24679      1324.1818      1765.4286      71.276917      296.35462      0.15333232   
   1955000   429.49345      1316.0977      1745.5911      151.38776      294.54536      0.1605919    
   1956000   425.8237       1349.0212      1774.8449      268.54149      301.9137       0.16736881   
   1957000   435.79847      1374.1911      1809.9896      295.71842      307.54679      0.16604043   
   1958000   464.37559      1343.8446      1808.2202      234.91047      300.75517      0.16021895   
   1959000   479.41669      1359.1911      1838.6078      207.36506      304.18977      0.15554903   
   1960000   474.01826      1380.4359      1854.4541      149.06701      308.94438      0.15305818   
   1961000   471.56981      1348.075       1819.6448      126.67312      301.70195      0.15216828   
   1962000   454.48272      1352.6301      1807.1128      160.8412       302.72139      0.15379787   
   1963000   452.79575      1352.9638      1805.7596      165.59636      302.79608      0.1582494    
   1964000   455.95264      1365.4794      1821.4321      191.23961      305.5971       0.16304518   
   1965000   458.83086      1363.3592      1822.1901      164.00944      305.12259      0.16470093   
   1966000   461.92456      1399.3091      1861.2336      151.19659      313.16825      0.16322247   
   1967000   453.5619       1375.0768      1828.6387      115.97557      307.74502      0.15991624   
   1968000   478.85994      1333.2852      1812.1451      136.0438       298.39196      0.15586253   
   1969000   476.05625      1318.5832      1794.6394      184.43084      295.10162      0.15236815   
   1970000   471.61116      1412.6255      1884.2367      190.04925      316.14849      0.14882165   
   1971000   506.6595       1345.6208      1852.2803      145.27691      301.15271      0.14478081   
   1972000   468.51809      1350.7036      1819.2217      129.01455      302.29023      0.14402048   
   1973000   457.31132      1336.3549      1793.6662      96.17571       299.07896      0.14429656   
   1974000   475.64769      1336.5789      1812.2266      102.67983      299.1291       0.14571575   
   1975000   483.16088      1335.7832      1818.9441      142.0817       298.95103      0.15133813   
   1976000   478.32084      1345.0467      1823.3676      189.2323       301.02422      0.15853137   
   1977000   470.38114      1364.7511      1835.1322      164.6305       305.43409      0.15899919   
   1978000   452.78241      1354.4213      1807.2037      148.32571      303.12227      0.1572841    
   1979000   482.17729      1374.9248      1857.1021      109.71684      307.71099      0.15453355   
   1980000   469.94404      1345.4506      1815.3946      90.155682      301.11461      0.15006302   
   1981000   471.06788      1389.8         1860.8679      105.22806      311.04009      0.14869794   
   1982000   465.7539       1372.1857      1837.9396      121.76007      307.09798      0.14992673   
   1983000   459.2268       1322.9563      1782.1831      77.673899      296.08033      0.15099812   
   1984000   468.97952      1328.5046      1797.4841      89.110821      297.32205      0.1547996    
   1985000   451.81713      1319.0515      1770.8686      76.854391      295.20643      0.16017934   
   1986000   442.17753      1349.3519      1791.5294      123.69398      301.98772      0.16450357   
   1987000   449.42501      1319.9001      1769.3251      136.81685      295.39636      0.16141175   
   1988000   462.80604      1267.5753      1730.3814      149.90014      283.68596      0.15459527   
   1989000   446.74278      1346.8815      1793.6243      175.982        301.43484      0.15142909   
   1990000   435.64552      1315.818       1751.4635      217.80551      294.48276      0.15011378   
   1991000   476.39663      1311.3962      1787.7928      222.30927      293.49316      0.14985565   
   1992000   467.69367      1306.5904      1774.2841      205.5833       292.41761      0.1510453    
   1993000   455.42322      1298.1048      1753.528       117.85184      290.51851      0.15120685   
   1994000   442.53822      1318.0828      1760.621       76.711601      294.98963      0.15236252   
   1995000   469.95202      1317.001       1786.953       95.153621      294.74753      0.15415248   
   1996000   439.52937      1365.3075      1804.8368      61.634111      305.55861      0.15440624   
   1997000   469.88528      1334.17        1804.0553      78.263176      298.58999      0.1545195    
   1998000   471.64612      1363.2986      1834.9447      96.45819       305.10903      0.15270175   
   1999000   458.11221      1349.7386      1807.8508      123.80264      302.07427      0.14974873   
   2000000   476.5958       1367.9085      1844.5043      151.57935      306.14072      0.14900572   
Loop time of 11193.6 on 8 procs for 2000000 steps with 1500 atoms

Performance: 7.719 ns/day, 3.109 hours/ns, 178.674 timesteps/s, 268.011 katom-step/s
99.5% CPU use with 8 MPI tasks x 1 OpenMP threads

MPI task timing breakdown:
Section |  min time  |  avg time  |  max time  |%varavg| %total
---------------------------------------------------------------
Pair    | 327.89     | 343.99     | 371.3      |  70.9 |  3.07
Bond    | 21.067     | 21.627     | 22.192     |  10.3 |  0.19
Kspace  | 5105.7     | 5125.3     | 5150.7     |  21.1 | 45.79
Neigh   | 6.0475     | 6.1762     | 6.3034     |   5.0 |  0.06
Comm    | 148.25     | 161.43     | 175.69     |  67.3 |  1.44
Output  | 0.18853    | 1.4478     | 10.262     | 276.9 |  0.01
Modify  | 4883.5     | 5206.8     | 5504.5     | 317.6 | 46.52
Other   |            | 326.8      |            |       |  2.92

Nlocal:          187.5 ave         249 max         147 min
Histogram: 2 0 2 0 2 0 1 0 0 1
Nghost:        1587.12 ave        1656 max        1483 min
Histogram: 1 0 0 0 1 1 3 0 0 2
Neighs:        13062.1 ave       18526 max        9223 min
Histogram: 1 0 3 1 0 1 1 0 0 1

Total # of neighbors = 104497
Ave neighs/atom = 69.664667
Ave special neighs/atom = 2
Neighbor list builds = 12571
Dangerous builds = 0

write_data      ${NAME}_final.data
write_data      N2_final.data
System init for write_data ...
PPPM initialization ...
  using 12-bit tables for long-range coulomb (src/kspace.cpp:342)
  G vector (1/distance) = 0.26872817
  grid = 50 50 50
  stencil order = 5
  estimated absolute RMS force accuracy = 0.00037235479
  estimated relative force accuracy = 1.1213354e-06
  using single precision FFTW3
  3d grid and FFT values/proc = 32768 16250
Generated 1 of 1 mixed pair_coeff terms from arithmetic mixing rule
Last active /omp style is kspace_style pppm/omp

quit
