units		    real
atom_style	    full
boundary        p p p
pair_style	    lj/cut/coul/long 12
pair_modify     mix arithmetic tail yes
kspace_style    pppm 1e-6
bond_style      harmonic
angle_style     harmonic

read_data       ./data.lmp           # read the positions --------------comment it out for restarting
Reading data file ...
  orthogonal box = (0 0 0) to (51.724067 51.724067 51.724067)
  2 by 2 by 2 MPI processor grid
  reading atoms ...
  1500 atoms
  scanning bonds ...
  1 = max bonds/atom
  scanning angles ...
  1 = max angles/atom
  orthogonal box = (0 0 0) to (51.724067 51.724067 51.724067)
  2 by 2 by 2 MPI processor grid
  reading bonds ...
  1000 bonds
  reading angles ...
  500 angles
Finding 1-2 1-3 1-4 neighbors ...
  special bond factors lj:    0        0        0       
  special bond factors coul:  0        0        0       
     2 = max # of 1-2 neighbors
     1 = max # of 1-3 neighbors
     1 = max # of 1-4 neighbors
     2 = max # of special neighbors
  special bonds CPU = 0.000 seconds
  read_data CPU = 0.033 seconds
#read_restart   2.restart

#----------------------------------------------------------------------------#
# FORCEFIELD - TraPPE Flexible model for N2
#----------------------------------------------------------------------------#

pair_coeff      1   1  0.071539  3.310  # [N2]-L-[N2]
pair_coeff      2   2  0.0009936 0.5   # N2-[L]

bond_coeff      1   500 0.55            # [N2]-[L]

angle_coeff     1   50 180              # N2-N2_X-N2

mass 1 13.9067      # N2
mass 2  0.1         # N2_X

set type        1   charge     -0.482             # N2
Setting atom values ...
  1000 settings made for charge
set type        2   charge      0.964             # N2_X
Setting atom values ...
  500 settings made for charge

#------------------------ VARIABLES------------------------------------------#

variable  TEMP_INDEX       equal 300  # in K
variable  PRESS_INDEX      equal 160  # in bar
variable  RandomSeed       equal 33000  # RANDOM SEED
variable  nz_layers        equal 20
variable  nx_layers        equal 3
variable  timestep         equal 0.5

variable  simulationTemp   equal ${TEMP_INDEX}
variable  simulationTemp   equal 300
variable  pressure         equal 0.987*${PRESS_INDEX}
variable  pressure         equal 0.987*160

variable  Ninptpre         equal 50000
variable  Ninpt            equal 400000     # 0.2 ns
variable  npt_run          equal 2000000    # 1 ns
variable  NBR              equal ${npt_run}/100
variable  NBR              equal 2000000/100

variable  Density          equal density
variable  Volume           equal vol

variable  dumpfreq         equal 1000
variable  thermofreq       equal 1000
variable  printfreq        equal 1000
variable  restartfreq      equal 1000000

variable  NVT_init         equal 200000    # 0.1 ns
variable  NVT_init_2       equal 200000    # 0.1 ns
variable  NVE_reshape      equal 10000
variable  NVT_prod         equal 1000000   # 0.5 ns
variable  NVE_cuboid       equal 200000    # 0.1 ns

variable  thermo_num       equal 1000

#---------------------------- GROUPS/NEIGHBOUR - LIST -----------------------------------------------------------------------#

group           oxy  type 1
1000 atoms in group oxy
group           carb type 2
500 atoms in group carb

neighbor	    3.0 bin
neigh_modify    every 1 delay 0 check yes
run_style       verlet

#---------------------------- CONGUGATE-GRADIENT MINIMIZATION --------------------------------------------------------#

#minimize energytolerance forcetolerance max_iterations_of_minimizer max_number_of_force_or_energy_evaluations
minimize        1e-6 1e-8 100000 10000000
PPPM initialization ...
  using 12-bit tables for long-range coulomb (src/kspace.cpp:342)
  G vector (1/distance) = 0.26873989
  grid = 48 48 48
  stencil order = 5
  estimated absolute RMS force accuracy = 0.00039673335
  estimated relative force accuracy = 1.1947507e-06
  using single precision FFTW3
  3d grid and FFT values/proc = 29791 13824
Generated 1 of 1 mixed pair_coeff terms from arithmetic mixing rule
Last active /omp style is kspace_style pppm/omp
Neighbor list info ...
  update: every = 1 steps, delay = 0 steps, check = yes
  max neighbors/atom: 2000, page size: 100000
  master list distance cutoff = 15
  ghost atom cutoff = 15
  binsize = 7.5, bins = 7 7 7
  1 neighbor lists, perpetual/occasional/extra = 1 0 0
  (1) pair lj/cut/coul/long/omp, perpetual
      attributes: half, newton on, omp
      pair build: half/bin/newton/omp
      stencil: half/bin/3d
      bin: standard
Per MPI rank memory allocation (min/avg/max) = 9.589 | 9.598 | 9.606 Mbytes
   Step          Temp          E_pair         E_mol          TotEng         Press     
         0   0              29.250573      1.5236362e-05  29.250588      399.94699    
      9001   0             -568.75321      0.31293479    -568.44028     -16.124611    
Loop time of 46.928 on 8 procs for 9001 steps with 1500 atoms

97.1% CPU use with 8 MPI tasks x 1 OpenMP threads

Minimization stats:
  Stopping criterion = energy tolerance
  Energy initial, next-to-last, final = 
      29.2505878469758  -568.440152340939  -568.440275660286
  Force two-norm initial, final = 111.77387 0.8963406
  Force max component initial, final = 14.621383 0.13761565
  Final line search alpha, max atom move = 0.83089082 0.11434358
  Iterations, force evaluations = 9001 17999

MPI task timing breakdown:
Section |  min time  |  avg time  |  max time  |%varavg| %total
---------------------------------------------------------------
Pair    | 3.8311     | 8.0221     | 10.936     |  91.1 | 17.09
Bond    | 0.13165    | 0.16164    | 0.19059    |   5.3 |  0.34
Kspace  | 33.801     | 36.724     | 40.947     |  42.9 | 78.26
Neigh   | 0.027422   | 0.027686   | 0.028051   |   0.1 |  0.06
Comm    | 1.5275     | 1.5462     | 1.5621     |   0.9 |  3.29
Output  | 0          | 0          | 0          |   0.0 |  0.00
Modify  | 0.036884   | 0.043849   | 0.049989   |   2.5 |  0.09
Other   |            | 0.4029     |            |       |  0.86

Nlocal:          187.5 ave         277 max         102 min
Histogram: 1 1 1 0 1 2 0 0 0 2
Nghost:        1911.88 ave        1989 max        1786 min
Histogram: 1 0 0 1 0 2 1 0 1 2
Neighs:        22235.9 ave       35846 max        5875 min
Histogram: 1 0 2 0 0 1 1 1 0 2

Total # of neighbors = 177887
Ave neighs/atom = 118.59133
Ave special neighs/atom = 2
Neighbor list builds = 43
Dangerous builds = 0

#---------------------------- NPT simulations  ---------------------------------------------------------------------#

fix runnpt all npt temp ${simulationTemp} ${simulationTemp} 10 iso ${pressure} ${pressure} 100
fix runnpt all npt temp 300 ${simulationTemp} 10 iso ${pressure} ${pressure} 100
fix runnpt all npt temp 300 300 10 iso ${pressure} ${pressure} 100
fix runnpt all npt temp 300 300 10 iso 157.92 ${pressure} 100
fix runnpt all npt temp 300 300 10 iso 157.92 157.92 100

thermo_style custom step pe ke etotal press temp v_Density
thermo_modify flush yes
thermo ${thermo_num}
thermo 1000

velocity all create ${simulationTemp} ${RandomSeed} mom yes rot yes dist gaussian
velocity all create 300 ${RandomSeed} mom yes rot yes dist gaussian
velocity all create 300 33000 mom yes rot yes dist gaussian

#-----------------------
# Run (Pre-Initialization)
#-----------------------

timestep    0.1
run         ${Ninptpre}
run         50000
PPPM initialization ...
  using 12-bit tables for long-range coulomb (src/kspace.cpp:342)
  G vector (1/distance) = 0.26873989
  grid = 48 48 48
  stencil order = 5
  estimated absolute RMS force accuracy = 0.00039673335
  estimated relative force accuracy = 1.1947507e-06
  using single precision FFTW3
  3d grid and FFT values/proc = 29791 13824
Generated 1 of 1 mixed pair_coeff terms from arithmetic mixing rule
Last active /omp style is kspace_style pppm/omp
Per MPI rank memory allocation (min/avg/max) = 8.482 | 8.484 | 8.486 Mbytes
   Step         PotEng         KinEng         TotEng         Press           Temp        v_Density   
      9001  -568.44028      1340.4703      772.03         426.67991      300            0.16747647   
     10000   251.98926      1156.7024      1408.6917      283.15757      258.87237      0.13831229   
     11000   58.04009       1437.5823      1495.6224      224.72967      321.73388      0.12138315   
     12000   221.35693      1300.5427      1521.8996      111.47144      291.06412      0.11766317   
     13000   208.03834      1315.3143      1523.3526      144.30594      294.37003      0.12370192   
     14000   164.66445      1387.5024      1552.1668      183.63064      310.52587      0.12649121   
     15000   256.67535      1282.4653      1539.1406      116.23249      287.01836      0.13113957   
     16000   167.5162       1396.0231      1563.5393      179.60477      312.43284      0.1365644    
     17000   261.37963      1275.8501      1537.2297      133.61742      285.53786      0.14226917   
     18000   213.85347      1366.5402      1580.3937      165.49633      305.8345       0.14543071   
     19000   296.44287      1337.8984      1634.3412      125.46468      299.4244       0.15022922   
     20000   244.85798      1362.2583      1607.1162      168.19414      304.87619      0.15883473   
     21000   277.44079      1361.8754      1639.3162      171.56288      304.79052      0.16078637   
     22000   265.46669      1392.4823      1657.949       184.57417      311.6404       0.16353704   
     23000   267.66142      1358.321       1625.9824      122.56307      303.99503      0.16947538   
     24000   297.84685      1353.7086      1651.5555      120.06936      302.96277      0.16618858   
     25000   289.38475      1384.3861      1673.7709      217.33306      309.82846      0.15648684   
     26000   328.32677      1331.7661      1660.0929      157.7971       298.05198      0.15818081   
     27000   295.56204      1341.2643      1636.8264      113.60669      300.17771      0.16966261   
     28000   305.3022       1342.4635      1647.7657      148.91007      300.44609      0.16261488   
     29000   328.02577      1358.6404      1686.6661      219.58059      304.0665       0.1561112    
     30000   329.34113      1319.5385      1648.8796      160.99193      295.31542      0.15219835   
     31000   326.17507      1325.8012      1651.9763      107.80443      296.71703      0.14998538   
     32000   317.5534       1314.1746      1631.728       153.04015      294.11497      0.14920597   
     33000   311.47533      1321.5359      1633.0112      249.73599      295.76245      0.16139186   
     34000   300.35258      1317.0113      1617.3639      153.15416      294.74984      0.15839836   
     35000   329.2135       1321.7813      1650.9948      82.976485      295.81736      0.15961171   
     36000   324.88033      1355.2855      1680.1658      171.07895      303.31567      0.1556054    
     37000   325.22315      1342.8908      1668.1139      208.91669      300.54172      0.14715214   
     38000   342.07651      1332.361       1674.4375      148.46416      298.18512      0.1529962    
     39000   329.85282      1338.7194      1668.5722      60.411977      299.60815      0.15795993   
     40000   327.0985       1309.939       1637.0375      182.119        293.16704      0.16197354   
     41000   309.35143      1370.9471      1680.2985      227.70329      306.82078      0.15802769   
     42000   354.1485       1324.9404      1679.089       117.20633      296.52439      0.14962986   
     43000   332.50731      1342.1114      1674.6187      96.973845      300.36728      0.15185928   
     44000   338.47427      1360.2599      1698.7342      203.01001      304.42896      0.15497995   
     45000   360.50051      1341.7851      1702.2856      193.16969      300.29425      0.14626658   
     46000   333.6152       1305.4739      1639.0891      128.83735      292.16775      0.14666078   
     47000   336.37563      1334.1851      1670.5607      115.31564      298.59337      0.14787333   
     48000   313.31077      1301.5502      1614.861       200.47078      291.28961      0.15437985   
     49000   323.61543      1300.3113      1623.9268      204.0534       291.01235      0.15876048   
     50000   341.36017      1330.6853      1672.0455      120.05969      297.81011      0.15063248   
     51000   343.40726      1336.9986      1680.4058      107.88457      299.22302      0.14725783   
     52000   328.23705      1366.9383      1695.1754      185.70852      305.9236       0.15480898   
     53000   332.19715      1385.4678      1717.665       193.80694      310.07054      0.1633884    
     54000   337.57801      1338.9387      1676.5167      122.28992      299.65722      0.15925983   
     55000   332.661        1350.351       1683.012       123.71405      302.21132      0.14976534   
     56000   367.34598      1372.8314      1740.1774      189.60751      307.24248      0.14673649   
     57000   352.35715      1357.5851      1709.9422      170.86073      303.83033      0.14478628   
     58000   369.38454      1333.6325      1703.017       142.29177      298.46969      0.14617742   
     59000   368.28126      1370.8745      1739.1557      149.34655      306.80452      0.14220461   
     59001   370.33402      1368.8047      1739.1387      148.63991      306.3413       0.14219923   
Loop time of 236.185 on 8 procs for 50000 steps with 1500 atoms

Performance: 1.829 ns/day, 13.121 hours/ns, 211.698 timesteps/s, 317.547 katom-step/s
97.4% CPU use with 8 MPI tasks x 1 OpenMP threads

MPI task timing breakdown:
Section |  min time  |  avg time  |  max time  |%varavg| %total
---------------------------------------------------------------
Pair    | 6.871      | 9.9247     | 12.074     |  50.6 |  4.20
Bond    | 0.46188    | 0.52921    | 0.57459    |   5.0 |  0.22
Kspace  | 102.96     | 105.13     | 108.29     |  16.0 | 44.51
Neigh   | 0.047012   | 0.047128   | 0.047348   |   0.0 |  0.02
Comm    | 4.1647     | 4.1909     | 4.2297     |   1.1 |  1.77
Output  | 0.002541   | 0.00275    | 0.004135   |   1.0 |  0.00
Modify  | 107.69     | 110.7      | 114.66     |  19.2 | 46.87
Other   |            | 5.66       |            |       |  2.40

Nlocal:          187.5 ave         217 max         159 min
Histogram: 1 0 2 0 2 0 1 0 1 1
Nghost:         1539.5 ave        1584 max        1495 min
Histogram: 2 0 0 1 0 1 1 2 0 1
Neighs:          12368 ave       15280 max       10139 min
Histogram: 2 1 0 0 2 1 0 0 1 1

Total # of neighbors = 98944
Ave neighs/atom = 65.962667
Ave special neighs/atom = 2
Neighbor list builds = 90
Dangerous builds = 0

timestep    0.25
run         ${Ninptpre}
run         50000
PPPM initialization ...
  using 12-bit tables for long-range coulomb (src/kspace.cpp:342)
  G vector (1/distance) = 0.26791683
  grid = 50 50 50
  stencil order = 5
  estimated absolute RMS force accuracy = 0.00038893639
  estimated relative force accuracy = 1.1712704e-06
  using single precision FFTW3
  3d grid and FFT values/proc = 32768 16250
Generated 1 of 1 mixed pair_coeff terms from arithmetic mixing rule
Last active /omp style is kspace_style pppm/omp
Per MPI rank memory allocation (min/avg/max) = 8.668 | 8.689 | 8.711 Mbytes
   Step         PotEng         KinEng         TotEng         Press           Temp        v_Density   
     59001   370.33223      1368.8047      1739.1369      148.64104      306.3413       0.14219923   
     60000   360.58751      1343.3317      1703.9192      188.72909      300.64039      0.15496428   
     61000   386.99738      1328.5708      1715.5681      161.62743      297.33686      0.14526015   
     62000   352.92062      1326.7512      1679.6718      151.13241      296.92964      0.15171986   
     63000   371.69225      1318.2233      1689.9156      66.238831      295.02108      0.15836717   
     64000   367.50929      1324.6861      1692.1954      80.291504      296.46748      0.16350684   
     65000   350.34077      1345.2198      1695.5606      182.40918      301.06295      0.14931099   
     66000   348.17925      1355.5037      1703.683       213.24973      303.36452      0.15233317   
     67000   373.85606      1336.7841      1710.6402      195.29144      299.17503      0.14465975   
     68000   374.9477       1321.7504      1696.6981      177.86388      295.81046      0.15171769   
     69000   339.80877      1345.8941      1685.7029      130.90642      301.21387      0.15491218   
     70000   376.79179      1348.7         1725.4918      107.84903      301.84183      0.14906213   
     71000   392.02122      1412.6772      1804.6984      99.608557      316.16005      0.13645633   
     72000   376.27272      1397.3699      1773.6426      230.94675      312.73426      0.14335719   
     73000   366.85445      1373.7435      1740.5979      290.88177      307.44661      0.15477919   
     74000   358.34827      1343.5504      1701.8987      228.29606      300.68935      0.14840071   
     75000   362.09111      1331.2516      1693.3427      154.48565      297.93684      0.15410261   
     76000   371.45753      1339.4946      1710.9521      86.291261      299.78164      0.15141032   
     77000   350.09785      1349.0895      1699.1874      74.700529      301.92901      0.1668589    
     78000   375.00805      1387.0031      1762.0112      138.72822      310.41415      0.15544456   
     79000   373.71193      1304.0354      1677.7474      178.40054      291.84581      0.14944717   
     80000   412.1102       1319.369       1731.4792      224.81243      295.27748      0.13708374   
     81000   364.69537      1305.3079      1670.0033      212.40559      292.1306       0.15257759   
     82000   376.96246      1390.6814      1767.6438      155.71677      311.23735      0.1527745    
     83000   371.37148      1378.999       1750.3705      103.31972      308.62281      0.15149295   
     84000   389.87998      1339.8646      1729.7446      105.89276      299.86446      0.1539843    
     85000   367.62996      1326.7904      1694.4203      182.77178      296.93841      0.15143375   
     86000   355.08245      1341.4472      1696.5296      208.98569      300.21863      0.15731704   
     87000   373.28772      1326.2106      1699.4983      176.78058      296.80865      0.14672707   
     88000   334.19562      1307.5771      1641.7728      167.62254      292.63845      0.16067686   
     89000   358.19579      1317.6088      1675.8045      146.64837      294.88354      0.15488258   
     90000   356.35853      1321.1         1677.4585      109.00956      295.66489      0.14753762   
     91000   372.94998      1329.1747      1702.1247      134.00645      297.47202      0.13967014   
     92000   364.16929      1369.0635      1733.2328      219.26195      306.39922      0.14915955   
     93000   364.33069      1298.1804      1662.5111      208.5989       290.53544      0.14031719   
     94000   385.27519      1303.2408      1688.516       176.47392      291.66797      0.14030229   
     95000   369.25872      1340.8163      1710.075       101.56583      300.07744      0.14834352   
     96000   380.5648       1351.0492      1731.614       16.057117      302.36758      0.14670193   
     97000   371.35473      1334.0115      1705.3663      116.27722      298.55452      0.1541405    
     98000   379.24609      1342.2441      1721.4902      210.59932      300.39698      0.14446957   
     99000   362.54438      1362.175       1724.7194      293.0581       304.85757      0.15003407   
    100000   372.71044      1384.4381      1757.1485      216.56195      309.84008      0.14416552   
    101000   397.25699      1347.2791      1744.5361      101.57736      301.52383      0.1403002    
    102000   371.94626      1306.168       1678.1143      60.728807      292.32308      0.14668019   
    103000   369.15409      1356.5033      1725.6574      79.51498       303.58822      0.14769512   
    104000   382.22494      1384.9459      1767.1709      219.42092      309.95374      0.14626834   
    105000   364.41821      1395.4922      1759.9104      260.28639      312.31401      0.1531123    
    106000   371.09346      1356.2623      1727.3557      174.56512      303.53428      0.14898927   
    107000   380.8985       1326.1625      1707.061       130.65979      296.79788      0.14846288   
    108000   376.14653      1342.9182      1719.0647      105.60164      300.54784      0.14744346   
    109000   376.59266      1353.6173      1730.21        129.93029      302.94234      0.15608485   
    109001   375.15813      1355.825       1730.9831      133.68278      303.43641      0.15610674   
Loop time of 295.68 on 8 procs for 50000 steps with 1500 atoms

Performance: 3.653 ns/day, 6.571 hours/ns, 169.102 timesteps/s, 253.653 katom-step/s
96.5% CPU use with 8 MPI tasks x 1 OpenMP threads

MPI task timing breakdown:
Section |  min time  |  avg time  |  max time  |%varavg| %total
---------------------------------------------------------------
Pair    | 7.4587     | 8.5424     | 9.2122     |  20.3 |  2.89
Bond    | 0.49118    | 0.54815    | 0.59186    |   4.7 |  0.19
Kspace  | 125.89     | 126.49     | 127.65     |   5.6 | 42.78
Neigh   | 0.099011   | 0.099677   | 0.099968   |   0.1 |  0.03
Comm    | 4.2341     | 4.319      | 4.4219     |   3.1 |  1.46
Output  | 0.0025571  | 2.9463     | 23.552     | 453.7 |  1.00
Modify  | 117.59     | 144.21     | 154.4      |  93.1 | 48.77
Other   |            | 8.524      |            |       |  2.88

Nlocal:          187.5 ave         199 max         174 min
Histogram: 1 0 0 0 3 0 2 1 0 1
Nghost:        1627.12 ave        1679 max        1587 min
Histogram: 2 0 1 0 2 1 0 0 1 1
Neighs:        13412.2 ave       15054 max       11424 min
Histogram: 1 0 1 1 0 1 2 0 0 2

Total # of neighbors = 107298
Ave neighs/atom = 71.532
Ave special neighs/atom = 2
Neighbor list builds = 207
Dangerous builds = 0

timestep    0.5
run         ${Ninptpre}
run         50000
PPPM initialization ...
  using 12-bit tables for long-range coulomb (src/kspace.cpp:342)
  G vector (1/distance) = 0.26747097
  grid = 48 48 48
  stencil order = 5
  estimated absolute RMS force accuracy = 0.0004241979
  estimated relative force accuracy = 1.2774594e-06
  using single precision FFTW3
  3d grid and FFT values/proc = 29791 13824
Generated 1 of 1 mixed pair_coeff terms from arithmetic mixing rule
Last active /omp style is kspace_style pppm/omp
Per MPI rank memory allocation (min/avg/max) = 8.483 | 8.485 | 8.487 Mbytes
   Step         PotEng         KinEng         TotEng         Press           Temp        v_Density   
    109001   375.15806      1355.825       1730.983       133.68221      303.43641      0.15610674   
    110000   458.52254      1339.0989      1797.6215      189.46523      299.69309      0.17468376   
    111000   489.49284      1419.1567      1908.6495      174.25584      317.61018      0.16267106   
    112000   465.39573      1328.1464      1793.5422      57.276347      297.2419       0.16764109   
    113000   458.40718      1339.5953      1798.0024      234.2084       299.80417      0.17067536   
    114000   425.44022      1351.7462      1777.1864      133.0977       302.52357      0.17773884   
    115000   463.37894      1312.2903      1775.6692      87.89976       293.69325      0.15975995   
    116000   498.97159      1286.7555      1785.7271      195.99941      287.97852      0.16256862   
    117000   460.57585      1356.5496      1817.1255      170.39859      303.59859      0.17108494   
    118000   477.21758      1315.8287      1793.0463      65.069715      294.48517      0.16992925   
    119000   446.5195       1297.1323      1743.6518      162.53044      290.30086      0.1773364    
    120000   445.4574       1354.5078      1799.9652      184.21676      303.14164      0.17436733   
    121000   448.03467      1364.356       1812.3907      76.844969      305.34568      0.17145649   
    122000   425.19729      1301.4545      1726.6518      300.77445      291.26819      0.16886838   
    123000   447.47067      1372.5411      1820.0117      182.36142      307.17751      0.17298801   
    124000   476.30052      1354.6878      1830.9883      17.832663      303.1819       0.17661417   
    125000   459.4192       1371.4411      1830.8603      282.76618      306.93133      0.17688446   
    126000   440.65653      1361.8525      1802.509       190.56074      304.78538      0.17691839   
    127000   467.44161      1356.6711      1824.1127      85.900418      303.62577      0.17221909   
    128000   466.02597      1289.2994      1755.3254      249.7795       288.54786      0.17288589   
    129000   449.3252       1348.241       1797.5662      219.62863      301.7391       0.16992524   
    130000   472.49172      1331.8108      1804.3025     -4.9669345      298.06199      0.17072906   
    131000   456.2732       1316.359       1772.6322      189.19416      294.60385      0.17267169   
    132000   494.07486      1345.8214      1839.8962      194.7091       301.19759      0.17265848   
    133000   454.47175      1341.1781      1795.6498      76.110543      300.1584       0.17305605   
    134000   451.53483      1327.3915      1778.9263      156.03488      297.07295      0.15960469   
    135000   438.15614      1299.2958      1737.4519      235.8156       290.78506      0.17791467   
    136000   456.51801      1384.325       1840.843       157.18138      309.81477      0.1861955    
    137000   470.2314       1343.2046      1813.436       128.88524      300.61195      0.17067528   
    138000   471.72701      1343.4477      1815.1747      176.2102       300.66635      0.17020848   
    139000   487.37063      1359.543       1846.9136      137.43807      304.2685       0.16041063   
    140000   450.01266      1362.128       1812.1407      202.15432      304.84704      0.169323     
    141000   456.73558      1361.708       1818.4436      114.45544      304.75305      0.16736727   
    142000   445.57621      1363.7389      1809.3151      122.18927      305.20755      0.18226948   
    143000   451.10667      1395.494       1846.6007      260.25748      312.31443      0.17052144   
    144000   472.10183      1359.0023      1831.1042      139.73583      304.14751      0.17198233   
    145000   454.98717      1384.2332      1839.2203      108.36616      309.79422      0.17590691   
    146000   432.56089      1384.9148      1817.4757      213.65753      309.94678      0.18086935   
    147000   478.60059      1290.4666      1769.0672      158.92445      288.80907      0.17245344   
    148000   474.25606      1371.4351      1845.6912      113.86496      306.93         0.17790918   
    149000   461.81408      1369.5674      1831.3815      213.5877       306.512        0.17269171   
    150000   483.36042      1310.3008      1793.6612      197.90729      293.248        0.16523288   
    151000   480.40926      1338.6694      1819.0787     -62.097205      299.59696      0.16344037   
    152000   459.29722      1338.9928      1798.29        207.91208      299.66934      0.16336691   
    153000   444.82235      1357.4508      1802.2732      234.68671      303.80029      0.1642732    
    154000   455.9801       1369.7217      1825.7018      10.310757      306.54653      0.16304577   
    155000   460.00317      1342.207       1802.2101      211.94665      300.38867      0.16949881   
    156000   458.24009      1307.6499      1765.89        198.98749      292.65473      0.16669367   
    157000   463.40958      1297.0621      1760.4717      85.6044        290.28516      0.17284141   
    158000   472.50469      1294.6724      1767.1771      218.88556      289.75035      0.16467932   
    159000   470.85735      1362.0537      1832.911       147.65112      304.83041      0.17016894   
    159001   465.37572      1364.7776      1830.1533      143.15171      305.44002      0.17017824   
Loop time of 235.892 on 8 procs for 50000 steps with 1500 atoms

Performance: 9.157 ns/day, 2.621 hours/ns, 211.962 timesteps/s, 317.942 katom-step/s
97.2% CPU use with 8 MPI tasks x 1 OpenMP threads

MPI task timing breakdown:
Section |  min time  |  avg time  |  max time  |%varavg| %total
---------------------------------------------------------------
Pair    | 8.9538     | 9.5702     | 10.602     |  15.9 |  4.06
Bond    | 0.49967    | 0.53461    | 0.57045    |   3.7 |  0.23
Kspace  | 103.49     | 104.46     | 105.02     |   4.9 | 44.28
Neigh   | 0.22481    | 0.22575    | 0.22649    |   0.1 |  0.10
Comm    | 4.2449     | 4.343      | 4.4466     |   3.4 |  1.84
Output  | 0.0024829  | 0.0027527  | 0.004501   |   1.3 |  0.00
Modify  | 107.7      | 110.84     | 115.07     |  20.1 | 46.99
Other   |            | 5.913      |            |       |  2.51

Nlocal:          187.5 ave         213 max         170 min
Histogram: 1 2 1 0 1 0 2 0 0 1
Nghost:        1715.25 ave        1751 max        1652 min
Histogram: 1 0 1 1 0 0 1 0 1 3
Neighs:        14495.4 ave       17791 max       12245 min
Histogram: 1 1 2 1 1 0 0 1 0 1

Total # of neighbors = 115963
Ave neighs/atom = 77.308667
Ave special neighs/atom = 2
Neighbor list builds = 394
Dangerous builds = 0

#-----------------------
# Run (Initialization)
#-----------------------

unfix       runnpt
reset_timestep 0

fix runnpt all npt temp ${simulationTemp} ${simulationTemp} 100 iso ${pressure} ${pressure} 1000
fix runnpt all npt temp 300 ${simulationTemp} 100 iso ${pressure} ${pressure} 1000
fix runnpt all npt temp 300 300 100 iso ${pressure} ${pressure} 1000
fix runnpt all npt temp 300 300 100 iso 157.92 ${pressure} 1000
fix runnpt all npt temp 300 300 100 iso 157.92 157.92 1000

timestep    ${timestep}
timestep    0.5
run         ${Ninpt}
run         400000
PPPM initialization ...
  using 12-bit tables for long-range coulomb (src/kspace.cpp:342)
  G vector (1/distance) = 0.26902184
  grid = 48 48 48
  stencil order = 5
  estimated absolute RMS force accuracy = 0.00039080703
  estimated relative force accuracy = 1.1769038e-06
  using single precision FFTW3
  3d grid and FFT values/proc = 29791 13824
Generated 1 of 1 mixed pair_coeff terms from arithmetic mixing rule
Last active /omp style is kspace_style pppm/omp
Per MPI rank memory allocation (min/avg/max) = 8.483 | 8.485 | 8.487 Mbytes
   Step         PotEng         KinEng         TotEng         Press           Temp        v_Density   
         0   465.37493      1364.7776      1830.1525      143.1508       305.44002      0.17017824   
      1000   465.99775      1367.9912      1833.989       207.79812      306.15925      0.17107243   
      2000   454.25079      1365.937       1820.1878      234.23415      305.6995       0.17256907   
      3000   445.12436      1379.5202      1824.6445      244.16622      308.73944      0.17336458   
      4000   468.46279      1349.0325      1817.4953      175.17378      301.91624      0.16883572   
      5000   505.42457      1320.9908      1826.4154      96.353722      295.64045      0.16277      
      6000   489.18648      1333.2892      1822.4757      43.062858      298.39287      0.16209003   
      7000   471.70289      1313.7866      1785.4895     -69.254732      294.02814      0.16436571   
      8000   454.323        1343.2715      1797.5945     -31.535426      300.62691      0.17063716   
      9000   448.91253      1336.0087      1784.9213      76.784005      299.0015       0.17369011   
     10000   460.88124      1332.7602      1793.6414      198.84522      298.27446      0.17342473   
     11000   449.94096      1337.6663      1787.6073      242.71207      299.37246      0.17192032   
     12000   454.53946      1290.4619      1745.0014      196.6871       288.80802      0.16906168   
     13000   447.94695      1299.6153      1747.5622      187.34398      290.85657      0.16676506   
     14000   426.34264      1333.9566      1760.2992      120.58024      298.54223      0.16698128   
     15000   477.38195      1323.0074      1800.3894      91.013324      296.09177      0.16927761   
     16000   446.35486      1344.9678      1791.3226      99.921014      301.00654      0.17530492   
     17000   456.35386      1360.4862      1816.8401      91.549711      304.47961      0.18270119   
     18000   454.2902       1372.3004      1826.5906      90.888987      307.12364      0.18503119   
     19000   439.30079      1343.9993      1783.3001      63.83058       300.7898       0.17997541   
     20000   456.91894      1305.8236      1762.7426      76.73261       292.24601      0.17559907   
     21000   447.06985      1314.6167      1761.6865      62.63145       294.21391      0.17419526   
     22000   454.64447      1326.0172      1780.6617      105.64147      296.76537      0.17566964   
     23000   444.62339      1319.8928      1764.5162      147.12952      295.39471      0.17595962   
     24000   437.39237      1309.2413      1746.6337      167.87344      293.01089      0.17287989   
     25000   447.76062      1287.4796      1735.2402      166.4522       288.14057      0.17170031   
     26000   444.67959      1337.4599      1782.1395      218.92981      299.32628      0.17466486   
     27000   457.17432      1334.1969      1791.3712      210.44718      298.596        0.17591914   
     28000   445.24046      1351.3448      1796.5852      180.80766      302.43374      0.17791919   
     29000   457.0525       1351.6772      1808.7297      134.93352      302.50813      0.18084448   
     30000   437.84293      1315.2567      1753.0996      29.772629      294.35715      0.18064136   
     31000   448.60745      1346.3505      1794.9579     -22.067275      301.316        0.1792421    
     32000   435.63504      1349.3606      1784.9956     -51.887366      301.98967      0.17308831   
     33000   466.88831      1382.9526      1849.8409      28.007399      309.50763      0.16851717   
     34000   446.0264       1371.4243      1817.4507      105.47061      306.92757      0.16656204   
     35000   466.65187      1357.6349      1824.2868      225.47346      303.84148      0.16970434   
     36000   422.20021      1303.7772      1725.9774      269.30695      291.78801      0.17711657   
     37000   426.90224      1303.2867      1730.189       275.34925      291.67825      0.18462416   
     38000   438.811        1341.573       1780.384       193.65431      300.24678      0.18443097   
     39000   441.00391      1363.7519      1804.7558      194.44333      305.21047      0.18108801   
     40000   452.34582      1341.0543      1793.4001      117.77177      300.1307       0.17524082   
     41000   450.61806      1328.4868      1779.1049      127.04026      297.31808      0.17293004   
     42000   465.07259      1313.1823      1778.2549      155.13217      293.89289      0.1722154    
     43000   450.37382      1290.5914      1740.9652      141.73931      288.83699      0.17036217   
     44000   460.88892      1303.9817      1764.8707      137.59705      291.83379      0.16953917   
     45000   467.12244      1297.3164      1764.4388      147.78673      290.34207      0.16869007   
     46000   458.6409       1334.2104      1792.8513      175.60791      298.59903      0.17086206   
     47000   455.6611       1343.0446      1798.7057      154.24554      300.57614      0.17452264   
     48000   470.20831      1314.9871      1785.1954      221.08899      294.29681      0.17868632   
     49000   454.00923      1310.7627      1764.7719      227.28017      293.35138      0.18147895   
     50000   431.36028      1380.882       1812.2423      248.07146      309.04423      0.1830098    
     51000   467.39863      1376.9144      1844.3131      165.44284      308.15628      0.18073996   
     52000   462.12024      1352.566       1814.6862      75.819617      302.70704      0.17319699   
     53000   447.30895      1344.3568      1791.6658      86.86407       300.86982      0.16690455   
     54000   453.26533      1342.6303      1795.8956      113.1591       300.48341      0.16376329   
     55000   462.28039      1322.708       1784.9884      142.17428      296.02477      0.16543584   
     56000   432.02284      1310.9424      1742.9653      180.63427      293.3916       0.1694176    
     57000   438.64124      1324.5171      1763.1583      151.51688      296.42964      0.17209519   
     58000   446.57752      1317.3189      1763.8965      152.80422      294.81868      0.17441351   
     59000   438.1365       1357.1663      1795.3028      156.65924      303.7366       0.17747044   
     60000   439.06728      1310.7438      1749.8111      165.83234      293.34716      0.18166795   
     61000   428.59924      1277.0557      1705.6549      185.95672      285.80768      0.18524694   
     62000   431.53276      1304.3466      1735.8793      192.64259      291.91544      0.18386038   
     63000   438.99959      1310.4806      1749.4802      222.83108      293.28824      0.18037721   
     64000   450.52324      1326.6409      1777.1642      213.79592      296.90496      0.17409107   
     65000   444.8608       1327.9775      1772.8383      192.6301       297.20409      0.16702966   
     66000   465.20445      1300.9598      1766.1642      193.98522      291.15747      0.16436437   
     67000   451.77953      1310.3048      1762.0843      136.97989      293.24889      0.16600706   
     68000   480.84705      1333.8345      1814.6815      76.953516      298.51489      0.16767188   
     69000   475.94421      1305.5168      1781.461       77.335203      292.17734      0.16851926   
     70000   460.44678      1335.0258      1795.4726      65.241732      298.78151      0.16772434   
     71000   451.68111      1360.54        1812.2211      93.519265      304.49165      0.16863379   
     72000   460.71828      1355.6126      1816.3309      124.44106      303.38888      0.17287054   
     73000   448.12317      1398.9581      1847.0813      185.9043       313.08969      0.17901765   
     74000   441.87962      1380.6794      1822.559       130.98692      308.99889      0.18587532   
     75000   430.55181      1339.0842      1769.636       139.0462       299.68979      0.19119415   
     76000   438.86209      1327.7663      1766.6284      129.42759      297.15683      0.18962886   
     77000   472.39578      1301.4437      1773.8395      97.821088      291.26578      0.17826422   
     78000   444.92888      1329.6215      1774.5504      129.46116      297.57203      0.17157797   
     79000   458.08774      1341.2912      1799.3789      104.05016      300.18371      0.16759818   
     80000   478.48021      1297.4648      1775.945       67.89879       290.37528      0.16727897   
     81000   439.50324      1289.736       1729.2392      128.31725      288.64556      0.17118375   
     82000   431.80547      1315.5039      1747.3094      155.40362      294.41248      0.17681257   
     83000   467.11518      1316.0513      1783.1665      206.83031      294.53498      0.17892866   
     84000   439.10119      1299.5898      1738.691       228.93848      290.85087      0.17648956   
     85000   445.97847      1342.3542      1788.3327      215.32812      300.42163      0.17438189   
     86000   463.42708      1321.9722      1785.3993      150.53359      295.86009      0.17486138   
     87000   417.8752       1306.5276      1724.4028      111.50502      292.40356      0.17475679   
     88000   441.77164      1324.6989      1766.4705      74.389954      296.47033      0.17511669   
     89000   459.99052      1316.6248      1776.6153      50.659147      294.66334      0.17867286   
     90000   425.81119      1327.0941      1752.9053      62.162654      297.00639      0.18590751   
     91000   402.94026      1321.8896      1724.8298      129.29326      295.8416       0.19078106   
     92000   450.23554      1316.6469      1766.8824      188.9111       294.66827      0.1891045    
     93000   438.77531      1336.1842      1774.9595      212.73911      299.04076      0.18038516   
     94000   448.84549      1295.2409      1744.0864      187.12418      289.87758      0.1750149    
     95000   448.64554      1279.3912      1728.0367      177.56114      286.33037      0.17527742   
     96000   473.01426      1319.8118      1792.826       199.99699      295.37658      0.17510334   
     97000   463.14728      1344.3224      1807.4697      183.27308      300.86211      0.17428405   
     98000   502.50482      1339.9927      1842.4975      189.30424      299.89311      0.17393453   
     99000   482.48036      1383.9403      1866.4207      164.99504      309.72868      0.17508002   
    100000   439.19393      1364.1156      1803.3096      178.58606      305.29188      0.17669526   
    101000   446.92243      1365.7851      1812.7075      162.38198      305.66551      0.17695797   
    102000   445.5782       1400.1199      1845.6981      174.29836      313.3497       0.17580853   
    103000   460.26116      1372.0315      1832.2927      196.03896      307.06347      0.17525036   
    104000   461.36175      1332.8027      1794.1645      207.45727      298.28399      0.17626933   
    105000   447.53583      1326.862       1774.3978      245.6356       296.95444      0.18017957   
    106000   451.80286      1337.0448      1788.8476      265.362        299.23337      0.18256661   
    107000   454.7084       1341.1456      1795.854       207.50094      300.15114      0.17821775   
    108000   454.80493      1342.2809      1797.0859      168.83711      300.40523      0.1707597    
    109000   456.68083      1346.0324      1802.7133      142.16425      301.24482      0.16981085   
    110000   461.7934       1325.6558      1787.4492      98.536855      296.6845       0.17152498   
    111000   454.23912      1324.42        1778.6592      113.27803      296.40792      0.17321314   
    112000   445.64834      1302.4942      1748.1426      73.559147      291.50088      0.1731613    
    113000   444.34338      1328.0158      1772.3592      85.965042      297.21266      0.17309501   
    114000   442.93793      1331.0309      1773.9689      99.224954      297.88746      0.17223113   
    115000   461.46417      1321.9843      1783.4484      144.25156      295.86279      0.17265408   
    116000   460.12646      1340.1247      1800.2511      245.63031      299.92265      0.17556376   
    117000   452.12669      1345.834       1797.9607      316.80556      301.2004       0.17629285   
    118000   430.49581      1372.4072      1802.903       317.82042      307.14755      0.17485418   
    119000   468.96094      1398.4519      1867.4129      228.40909      312.97641      0.16935196   
    120000   478.75663      1356.2943      1835.051       134.55147      303.54145      0.16246693   
    121000   489.92816      1356.3479      1846.276       113.66711      303.55344      0.16232551   
    122000   464.77247      1380.4425      1845.215       155.38079      308.94587      0.16749377   
    123000   459.71499      1322.1105      1781.8255      181.91981      295.89104      0.17355435   
    124000   449.64939      1310.794       1760.4434      195.64806      293.3584       0.17839203   
    125000   447.13321      1296.8965      1744.0297      251.26742      290.24809      0.18076721   
    126000   439.59551      1355.9174      1795.5129      303.89199      303.4571       0.18061667   
    127000   471.33992      1351.799       1823.1389      270.48275      302.53538      0.17703915   
    128000   459.92775      1339.6633      1799.5911      169.84215      299.8194       0.17250774   
    129000   473.65381      1358.4636      1832.1175      138.40354      304.02695      0.17133428   
    130000   484.96218      1390.4406      1875.4028      119.80606      311.18346      0.16988824   
    131000   460.91973      1369.7618      1830.6816      134.01585      306.55551      0.16712714   
    132000   469.68148      1335.9417      1805.6232      138.02589      298.9865       0.16677609   
    133000   469.3402       1341.1087      1810.4489      176.30102      300.14288      0.17381269   
    134000   452.60867      1358.5843      1811.193       117.32538      304.05395      0.18135144   
    135000   416.91334      1372.8223      1789.7356      119.54603      307.24044      0.18527369   
    136000   461.71006      1368.4632      1830.1733      57.13033       306.26487      0.18563423   
    137000   458.68174      1407.1268      1865.8086      108.00379      314.91788      0.18369132   
    138000   457.16152      1381.5396      1838.7011      82.942193      309.19139      0.1779101    
    139000   486.38936      1337.1194      1823.5088      143.23288      299.25007      0.17438117   
    140000   484.92008      1341.4821      1826.4022      179.38853      300.22646      0.17409836   
    141000   442.34719      1386.3929      1828.7401      179.43981      310.27757      0.17533866   
    142000   459.24512      1342.2705      1801.5156      175.1573       300.4029       0.17571151   
    143000   463.02461      1353.6639      1816.6886      166.94688      302.95277      0.17199041   
    144000   455.74763      1306.219       1761.9666      130.88411      292.33449      0.16868055   
    145000   467.73767      1330.0038      1797.7415      137.46668      297.65759      0.16695423   
    146000   470.75355      1314.4421      1785.1957      98.018494      294.17484      0.16912034   
    147000   438.15941      1346.3642      1784.5236      128.19715      301.31907      0.17423562   
    148000   440.09882      1326.221       1766.3199      120.37101      296.81099      0.17760996   
    149000   429.41701      1339.7917      1769.2087      144.61423      299.84814      0.17799051   
    150000   462.37765      1329.0939      1791.4715      147.22639      297.45394      0.17787626   
    151000   468.04275      1310.3048      1778.3476      131.82026      293.24891      0.17304194   
    152000   449.05899      1281.8662      1730.9252      96.97595       286.8843       0.16365976   
    153000   437.54414      1321.5777      1759.1219      156.03361      295.77181      0.16188295   
    154000   452.64796      1323.7231      1776.3711      157.75256      296.25196      0.16312269   
    155000   477.48465      1320.5158      1798.0004      154.24426      295.53415      0.16716498   
    156000   460.08042      1313.3756      1773.456       180.9907       293.93616      0.17213291   
    157000   429.26252      1315.7787      1745.0412      186.44712      294.47398      0.17708168   
    158000   436.27465      1345.4703      1781.7449      186.50604      301.11901      0.17926655   
    159000   426.97442      1330.97        1757.9444      202.38497      297.87382      0.17967551   
    160000   439.53633      1325.3042      1764.8406      236.71264      296.60581      0.18005633   
    161000   434.67271      1326.365       1761.0377      259.4397       296.84321      0.17963347   
    162000   464.83709      1372.4589      1837.296       187.72487      307.15912      0.17545003   
    163000   475.51939      1346.9767      1822.496       119.01236      301.45614      0.16755103   
    164000   473.34916      1354.0431      1827.3923      147.68962      303.03763      0.16592799   
    165000   485.21408      1362.9337      1848.1478      110.34374      305.02736      0.16762577   
    166000   504.92749      1375.6427      1880.5702      161.69897      307.87166      0.17242803   
    167000   476.554        1361.1502      1837.7042      183.44102      304.62822      0.17282902   
    168000   454.77647      1351.1639      1805.9404      195.62714      302.39326      0.16871656   
    169000   474.14389      1363.0938      1837.2377      240.56462      305.06318      0.16269645   
    170000   465.11872      1353.6566      1818.7753      257.23434      302.95112      0.15758672   
    171000   470.01422      1337.5317      1807.5459      202.20278      299.34233      0.15637911   
    172000   505.16691      1344.9328      1850.0997      149.49883      300.99873      0.1573901    
    173000   484.5893       1325.4362      1810.0255      117.76007      296.63534      0.16049799   
    174000   474.67119      1339.0279      1813.6991      159.12709      299.67719      0.1647205    
    175000   472.88568      1309.9208      1782.8065      170.48808      293.16296      0.16540268   
    176000   455.9561       1352.8888      1808.8448      193.30703      302.77928      0.16538347   
    177000   493.57651      1320.3412      1813.9177      201.70797      295.49506      0.16637867   
    178000   472.67184      1311.4339      1784.1057      205.35977      293.5016       0.16957757   
    179000   462.10781      1328.4771      1790.5849      202.40747      297.31591      0.17463526   
    180000   436.44547      1338.0333      1774.4788      150.78518      299.45461      0.17660201   
    181000   448.82371      1335.8325      1784.6562      140.38888      298.96206      0.177294     
    182000   458.3817       1305.7172      1764.0989      148.07134      292.22218      0.17768916   
    183000   446.34411      1300.3489      1746.693       198.8747       291.02075      0.17955826   
    184000   472.83801      1308.2677      1781.1057      216.10587      292.79299      0.18053311   
    185000   448.10758      1324.2684      1772.376       224.40864      296.37399      0.18047138   
    186000   451.52799      1307.4804      1759.0084      209.45045      292.6168       0.17722456   
    187000   462.13157      1357.1145      1819.2461      143.64072      303.72502      0.1722802    
    188000   486.47704      1362.9353      1849.4124      201.90826      305.02772      0.1646501    
    189000   486.81134      1383.6788      1870.4901      193.39914      309.67015      0.16061135   
    190000   481.00734      1307.0057      1788.013       211.37627      292.51055      0.16422798   
    191000   481.80244      1294.6524      1776.4548      198.71821      289.74586      0.17118331   
    192000   427.18625      1288.2998      1715.486       155.95207      288.32414      0.17304122   
    193000   451.16147      1307.8941      1759.0556      71.954605      292.70939      0.1735247    
    194000   447.17928      1322.9373      1770.1166      40.865701      296.07609      0.17397911   
    195000   424.96637      1338.2734      1763.2397      131.53034      299.50833      0.17607333   
    196000   432.69712      1352.6619      1785.3591      267.56187      302.72852      0.17954874   
    197000   491.37011      1347.8598      1839.2299      296.57574      301.65379      0.18283686   
    198000   441.94311      1361.1546      1803.0977      346.8871       304.62919      0.18744212   
    199000   428.89236      1354.363       1783.2553      263.65466      303.10922      0.18817554   
    200000   461.73289      1308.8555      1770.5883      122.68237      292.92454      0.18138343   
    201000   451.1701       1332.6638      1783.8339      94.945278      298.25289      0.1721422    
    202000   443.41033      1326.3954      1769.8057      86.723343      296.85002      0.1687912    
    203000   449.15477      1362.9865      1812.1413      111.24903      305.03918      0.16823273   
    204000   472.15304      1341.6726      1813.8256      200.46438      300.26908      0.17054848   
    205000   449.83029      1310.2062      1760.0365      225.40132      293.22684      0.17588003   
    206000   448.0844       1329.2581      1777.3425      234.20318      297.49069      0.17919493   
    207000   448.2741       1319.4296      1767.7037      159.31205      295.29106      0.17770783   
    208000   469.61972      1382.2118      1851.8316      96.766317      309.34185      0.17503142   
    209000   489.61339      1337.9711      1827.5845      61.750878      299.44068      0.17348437   
    210000   479.64083      1350.4556      1830.0965      59.744973      302.23474      0.16789097   
    211000   473.29985      1356.1592      1829.459       131.84086      303.51121      0.16117933   
    212000   466.23536      1391.6568      1857.8921      215.02887      311.45565      0.16039785   
    213000   463.27612      1352.9713      1816.2474      238.45974      302.79775      0.16546908   
    214000   476.19234      1369.2868      1845.4792      203.55518      306.44921      0.17180047   
    215000   474.82121      1341.4011      1816.2223      155.54074      300.20831      0.17265448   
    216000   463.22979      1329.2847      1792.5145      99.208614      297.49664      0.17098591   
    217000   486.41496      1367.338       1853.7529      159.88155      306.01304      0.17085333   
    218000   470.54666      1380.4773      1851.024       129.82771      308.95366      0.16985362   
    219000   481.43736      1370.6065      1852.0439      111.42469      306.74455      0.17234242   
    220000   460.07726      1351.5827      1811.66        130.16921      302.48699      0.17898674   
    221000   445.26631      1335.1965      1780.4628      148.14795      298.81971      0.18209848   
    222000   461.83979      1293.3165      1755.1563      171.29883      289.44689      0.18321905   
    223000   443.49938      1299.7921      1743.2915      189.61547      290.89615      0.18408725   
    224000   434.74823      1325.0886      1759.8368      187.98419      296.55754      0.18569343   
    225000   437.22065      1315.8474      1753.0681      148.8186       294.48936      0.18490315   
    226000   467.73303      1314.3802      1782.1132      84.226366      294.16099      0.1781349    
    227000   450.396        1296.1074      1746.5034      91.941185      290.07149      0.17118915   
    228000   451.95951      1325.8583      1777.8178      131.03577      296.72982      0.16979427   
    229000   459.71155      1333.1954      1792.907       185.2886       298.37188      0.17138364   
    230000   473.10042      1325.0659      1798.1663      144.92964      296.55246      0.17271428   
    231000   464.72075      1326.0085      1790.7292      117.67395      296.76342      0.1784075    
    232000   435.40348      1344.1608      1779.5642      128.37418      300.82594      0.18734947   
    233000   465.606        1320.8081      1786.4141      105.0821       295.59956      0.19001815   
    234000   456.33264      1291.9964      1748.3291      138.98188      289.15145      0.18549787   
    235000   469.79371      1310.6439      1780.4376      94.649034      293.3248       0.17893109   
    236000   461.80521      1352.0088      1813.814       117.80501      302.58234      0.17270101   
    237000   454.72587      1389.6606      1844.3865      105.08988      311.0089       0.1706818    
    238000   465.26476      1354.0387      1819.3035      134.63939      303.03664      0.17229917   
    239000   465.47498      1355.5594      1821.0344      120.23138      303.37698      0.17142364   
    240000   480.97865      1356.3274      1837.306       134.602        303.54885      0.16991685   
    241000   487.43015      1353.3792      1840.8093      133.03872      302.88903      0.1663973    
    242000   503.17774      1346.7028      1849.8805      80.864318      301.39484      0.15775902   
    243000   462.255        1371.3515      1833.6065      131.36003      306.91127      0.15457767   
    244000   471.88223      1357.0912      1828.9735      204.99583      303.7198       0.15677797   
    245000   488.83508      1339.4311      1828.2662      269.25903      299.76744      0.16096324   
    246000   488.03332      1307.2882      1795.3215      281.92632      292.57378      0.16666822   
    247000   457.51799      1292.8935      1750.4115      205.15196      289.35222      0.17278303   
    248000   434.46481      1341.6468      1776.1116      138.84944      300.2633       0.17739275   
    249000   476.99404      1320.9961      1797.9901      103.03688      295.64163      0.17862341   
    250000   456.97158      1325.7406      1782.7122      112.11508      296.70347      0.17771904   
    251000   464.71084      1337.3333      1802.0441      164.49136      299.29794      0.1778536    
    252000   473.21074      1344.9094      1818.1201      145.1918       300.99348      0.18016987   
    253000   469.11939      1358.9561      1828.0755      108.89343      304.13717      0.1857737    
    254000   424.82418      1371.4778      1796.302       103.19471      306.93955      0.19258564   
    255000   436.05871      1359.6089      1795.6677      97.132844      304.28327      0.19259879   
    256000   466.77921      1337.7424      1804.5216      89.359189      299.3895       0.18404122   
    257000   458.878        1351.2319      1810.1099      126.61171      302.40847      0.17837856   
    258000   462.34998      1347.7289      1810.0789      174.50178      301.62449      0.17814494   
    259000   474.44722      1362.8998      1837.347       178.50596      305.01978      0.17690254   
    260000   446.03317      1375.7928      1821.826       155.7695       307.90525      0.17398008   
    261000   482.07539      1332.1583      1814.2337      171.63446      298.13975      0.17147756   
    262000   499.48745      1312.5339      1812.0214      206.73453      293.74778      0.16632937   
    263000   491.06953      1337.7477      1828.8172      169.01818      299.39067      0.1608954    
    264000   489.99188      1324.8536      1814.8455      159.25631      296.50495      0.16162214   
    265000   475.03303      1318.7903      1793.8234      120.79504      295.14798      0.1653107    
    266000   477.36853      1313.1247      1790.4932      129.69983      293.88         0.16824628   
    267000   462.46256      1329.4641      1791.9267      107.45137      297.53681      0.16831233   
    268000   460.77977      1313.4853      1774.2651      151.8345       293.96071      0.16774868   
    269000   468.55529      1311.3486      1779.9039      170.55037      293.48252      0.17048024   
    270000   483.04172      1311.5456      1794.5874      174.38902      293.52661      0.17421018   
    271000   463.97591      1347.9913      1811.9673      106.6281       301.68323      0.1741461    
    272000   471.38708      1346.8413      1818.2284      121.83526      301.42585      0.17295032   
    273000   474.07739      1340.5682      1814.6455      106.7971       300.02191      0.16928183   
    274000   482.27071      1359.4157      1841.6864      112.89539      304.24003      0.16471466   
    275000   480.18046      1390.6002      1870.7807      102.4833       311.21918      0.16438271   
    276000   479.14515      1372.9344      1852.0795      136.10437      307.26553      0.17290066   
    277000   456.03857      1342.4173      1798.4559      103.90036      300.43575      0.17957976   
    278000   451.79743      1329.8543      1781.6517      120.36514      297.62411      0.1822645    
    279000   467.63552      1316.237       1783.8725      62.39514       294.57653      0.18023966   
    280000   470.45444      1286.4936      1756.948       39.114312      287.91991      0.17730352   
    281000   452.14631      1255.4923      1707.6386      58.463205      280.98176      0.17480028   
    282000   446.4706       1321.4017      1767.8723      164.8503       295.73241      0.17409147   
    283000   454.84775      1322.6971      1777.5449      263.78767      296.02233      0.17162664   
    284000   475.52077      1316.3137      1791.8345      315.01814      294.59371      0.16761055   
    285000   459.35332      1331.7874      1791.1407      281.59892      298.05675      0.16400367   
    286000   474.55363      1279.6069      1754.1605      157.81701      286.37865      0.16341011   
    287000   460.28244      1325.5966      1785.8791      88.648737      296.67125      0.16846143   
    288000   478.2248       1331.8625      1810.0873      53.778869      298.07357      0.17455227   
    289000   442.4489       1357.1568      1799.6057      70.80668       303.73447      0.17694663   
    290000   473.14848      1330.2642      1803.4127      153.68813      297.71586      0.17715398   
    291000   462.09598      1343.0686      1805.1646      234.64492      300.58152      0.17792786   
    292000   458.51785      1394.3044      1852.8223      256.38048      312.04819      0.1759431    
    293000   452.55747      1349.7445      1802.302       204.53082      302.07559      0.16689189   
    294000   449.53303      1344.228       1793.761       186.31338      300.84098      0.1599873    
    295000   446.133        1318.0455      1764.1785      129.77159      294.98129      0.1601236    
    296000   476.12679      1309.6756      1785.8024      108.21855      293.1081       0.16446958   
    297000   454.16889      1289.6604      1743.8292      119.50443      288.62863      0.16905687   
    298000   460.38076      1305.7359      1766.1166      111.85466      292.22637      0.17102357   
    299000   450.03426      1315.1798      1765.214       102.622        294.33993      0.17070149   
    300000   439.32654      1340.9495      1780.2761      121.33974      300.10726      0.17100528   
    301000   459.23764      1324.4559      1783.6936      131.60274      296.41595      0.17314886   
    302000   466.75688      1304.2278      1770.9847      142.37854      291.88886      0.17716994   
    303000   438.03839      1342.5568      1780.5952      194.86925      300.46698      0.18174221   
    304000   431.841        1345.6458      1777.4868      259.20917      301.1583       0.18652247   
    305000   497.91238      1348.1039      1846.0163      195.92249      301.70843      0.18469936   
    306000   484.19728      1333.409       1817.6063      175.48362      298.41967      0.17344708   
    307000   460.775        1348.5634      1809.3384      155.28776      301.81125      0.16781937   
    308000   466.88935      1322.4914      1789.3807      132.8661       295.97628      0.16868902   
    309000   502.23205      1342.5091      1844.7411      194.26866      300.45629      0.17278378   
    310000   464.34354      1365.2322      1829.5758      192.22416      305.54178      0.17563034   
    311000   470.55193      1363.5696      1834.1216      128.08738      305.16969      0.17759324   
    312000   484.14498      1345.1585      1829.3035      20.572952      301.04923      0.17957234   
    313000   469.92939      1357.3887      1827.3181     -3.5775839      303.78638      0.17855645   
    314000   476.05939      1345.1157      1821.1751      69.324808      301.03965      0.17404226   
    315000   499.94159      1317.022       1816.9635      68.815839      294.75222      0.16542444   
    316000   466.98087      1298.2547      1765.2355      108.98419      290.55206      0.16284689   
    317000   469.61057      1325.1998      1794.8104      148.59649      296.58243      0.16463914   
    318000   441.76514      1350.2976      1792.0627      203.858        302.19937      0.16938663   
    319000   481.53685      1298.8684      1780.4053      227.16041      290.68942      0.17467215   
    320000   461.86172      1299.2969      1761.1586      227.74074      290.78531      0.1783657    
    321000   443.58667      1308.0667      1751.6534      246.59259      292.74802      0.1821635    
    322000   476.56647      1319.6073      1796.1738      119.66664      295.33082      0.17928564   
    323000   459.76953      1375.9256      1835.6951      63.897879      307.93497      0.1739061    
    324000   470.1473       1378.6021      1848.7494      74.227323      308.53398      0.17180293   
    325000   489.14583      1349.2382      1838.384       73.385995      301.96227      0.16931785   
    326000   479.14441      1356.4328      1835.5772      175.45814      303.57245      0.16766999   
    327000   475.02233      1354.7367      1829.759       274.17297      303.19285      0.16706502   
    328000   464.86101      1368.4395      1833.3005      292.07978      306.25957      0.16750736   
    329000   479.03975      1374.2811      1853.3208      278.27562      307.56692      0.17328555   
    330000   457.26524      1359.7844      1817.0496      256.16393      304.32253      0.17857377   
    331000   453.64878      1358.5227      1812.1714      164.33006      304.04016      0.17797147   
    332000   481.55714      1367.9726      1849.5298      87.031899      306.15508      0.17490977   
    333000   476.15018      1386.4867      1862.6369      61.154759      310.29857      0.17165273   
    334000   491.74479      1372.3532      1864.098       63.230549      307.13546      0.17038705   
    335000   478.48998      1400.8496      1879.3396      114.47629      313.51301      0.1732773    
    336000   467.30947      1364.9031      1832.2126      180.84047      305.46813      0.18233847   
    337000   447.08571      1357.2789      1804.3646      202.69458      303.7618       0.18629942   
    338000   449.37894      1382.4155      1831.7945      253.58422      309.38743      0.18517849   
    339000   456.19072      1369.0004      1825.1911      209.83424      306.3851       0.1801577    
    340000   480.47251      1321.7722      1802.2447      146.57052      295.81533      0.17529266   
    341000   454.64331      1360.5039      1815.1472      94.316727      304.48356      0.17437744   
    342000   465.42658      1333.4749      1798.9015      36.929993      298.43442      0.17487228   
    343000   467.15565      1347.9637      1815.1193      32.512013      301.67703      0.1751876    
    344000   466.3121       1316.0756      1782.3877      74.84533       294.54042      0.17469975   
    345000   440.68159      1346.9314      1787.6129      142.97141      301.446        0.17615688   
    346000   441.71008      1331.6038      1773.3138      197.54186      298.01565      0.17829437   
    347000   453.9122       1282.7166      1736.6288      206.63644      287.0746       0.17908638   
    348000   433.38356      1288.6377      1722.0213      242.76349      288.39976      0.18023661   
    349000   433.03561      1341.319       1774.3546      213.56142      300.18994      0.17833656   
    350000   470.75445      1285.3833      1756.1377      185.53831      287.67141      0.17132891   
    351000   478.29154      1282.0194      1760.3109      176.00146      286.91857      0.16557519   
    352000   465.61361      1316.9941      1782.6077      166.84425      294.74597      0.16540864   
    353000   471.82738      1335.5485      1807.3758      140.33431      298.89849      0.16946453   
    354000   459.85691      1327.7969      1787.6538      92.504267      297.16367      0.17436732   
    355000   472.7145       1336.4812      1809.1957      56.488881      299.10723      0.17696346   
    356000   501.18793      1276.4239      1777.6118      59.983153      285.66628      0.17812416   
    357000   431.03457      1349.3984      1780.433       60.528006      301.99814      0.17554549   
    358000   434.62753      1352.9756      1787.6032      84.605041      302.79872      0.17098654   
    359000   480.49422      1289.8913      1770.3855      76.830118      288.68032      0.16857215   
    360000   483.65216      1320.6553      1804.3074      106.08487      295.56536      0.17331232   
    361000   431.89227      1313.3955      1745.2878      199.12562      293.94061      0.18076829   
    362000   453.22179      1364.7394      1817.9612      226.24551      305.43147      0.18309253   
    363000   458.10009      1351.8994      1809.9994      187.28624      302.55785      0.17959952   
    364000   485.40536      1340.0428      1825.4482      150.10977      299.90434      0.17501742   
    365000   492.79982      1373.6336      1866.4334      132.0616       307.42201      0.1713076    
    366000   457.90509      1367.4539      1825.359       182.81265      306.039        0.17186105   
    367000   453.8077       1391.746       1845.5537      192.17489      311.4756       0.17538748   
    368000   481.33566      1391.7169      1873.0526      147.37627      311.46911      0.17801199   
    369000   454.98549      1382.0722      1837.0577      142.14005      309.3106       0.17704595   
    370000   452.6476       1377.272       1829.9196      107.16738      308.2363       0.17437051   
    371000   458.68349      1360.6656      1819.3491      163.4732       304.51975      0.17271967   
    372000   455.42795      1382.2236      1837.6516      221.23964      309.34448      0.17163469   
    373000   467.62296      1399.1335      1866.7565      284.81335      313.12895      0.17136199   
    374000   495.20802      1357.9691      1853.1772      239.72395      303.91628      0.16979088   
    375000   446.42652      1374.773       1821.1995      220.60399      307.67702      0.1683557    
    376000   479.05001      1326.8737      1805.9237      189.1716       296.95705      0.16803381   
    377000   460.41327      1332.8188      1793.2321      111.91483      298.28759      0.16926106   
    378000   454.3372       1295.9103      1750.2475      63.545435      290.02739      0.17430583   
    379000   467.68725      1293.7389      1761.4262      48.658812      289.54143      0.17918334   
    380000   471.93551      1316.0162      1787.9517      159.7003       294.52713      0.17936871   
    381000   460.64242      1357.9851      1818.6275      199.40193      303.91986      0.17333074   
    382000   506.43844      1362.3806      1868.8191      216.02687      304.90358      0.16736578   
    383000   487.30193      1390.6047      1877.9067      223.12838      311.2202       0.16571769   
    384000   488.33209      1402.719       1891.0511      244.57395      313.9314       0.16749113   
    385000   491.63783      1344.1152      1835.7531      204.61816      300.81575      0.16932758   
    386000   479.13943      1332.9746      1812.114       156.71185      298.32245      0.171001     
    387000   469.48156      1343.5535      1813.035       153.89402      300.69002      0.1728154    
    388000   473.61105      1330.464       1804.0751      104.95823      297.76058      0.17084192   
    389000   487.64313      1313.9966      1801.6397      93.466499      294.07513      0.16647586   
    390000   523.5075       1311.3515      1834.859       87.007028      293.48317      0.16090503   
    391000   515.23999      1286.7131      1801.9531      93.376606      287.96904      0.15631533   
    392000   491.61792      1330.8394      1822.4573      116.06283      297.84459      0.15801145   
    393000   471.92542      1326.1066      1798.0321      181.06453      296.78539      0.16569727   
    394000   472.83938      1324.8467      1797.6861      207.9611       296.50341      0.17083682   
    395000   457.1645       1404.8573      1862.0218      252.60365      314.40994      0.17416439   
    396000   478.9488       1369.7334      1848.6822      186.75517      306.54914      0.17481999   
    397000   470.91926      1352.7545      1823.6738      132.1085       302.74924      0.17449678   
    398000   492.79595      1349.0185      1841.8145      67.060889      301.91312      0.17248965   
    399000   456.0648       1374.6618      1830.7266      46.507445      307.65214      0.17120927   
    400000   506.22838      1379.7018      1885.9302      61.102415      308.7801       0.17314355   
Loop time of 1888.16 on 8 procs for 400000 steps with 1500 atoms

Performance: 9.152 ns/day, 2.622 hours/ns, 211.846 timesteps/s, 317.769 katom-step/s
97.3% CPU use with 8 MPI tasks x 1 OpenMP threads

MPI task timing breakdown:
Section |  min time  |  avg time  |  max time  |%varavg| %total
---------------------------------------------------------------
Pair    | 71.922     | 76.861     | 81.089     |  35.4 |  4.07
Bond    | 3.9143     | 4.302      | 4.6247     |  12.8 |  0.23
Kspace  | 826.47     | 831.41     | 837.2      |  12.9 | 44.03
Neigh   | 1.4194     | 1.4275     | 1.4323     |   0.3 |  0.08
Comm    | 34.006     | 34.868     | 35.817     |  11.6 |  1.85
Output  | 0.018972   | 0.86541    | 6.7894     | 240.7 |  0.05
Modify  | 869.46     | 892.58     | 924.74     |  55.7 | 47.27
Other   |            | 45.85      |            |       |  2.43

Nlocal:          187.5 ave         200 max         159 min
Histogram: 1 0 0 0 2 0 0 0 1 4
Nghost:        1714.88 ave        1773 max        1686 min
Histogram: 2 2 0 2 0 1 0 0 0 1
Neighs:        14972.8 ave       17401 max       11400 min
Histogram: 1 0 1 0 0 1 2 1 1 1

Total # of neighbors = 119782
Ave neighs/atom = 79.854667
Ave special neighs/atom = 2
Neighbor list builds = 2511
Dangerous builds = 0

unfix       runnpt
reset_timestep 0

#-------------------------------------------------- PRODUCTION ----------------------------------------------------------#

fix	            npt_production all npt temp ${simulationTemp} ${simulationTemp} 100.0 iso ${pressure} ${pressure} 1000.0
fix	            npt_production all npt temp 300 ${simulationTemp} 100.0 iso ${pressure} ${pressure} 1000.0
fix	            npt_production all npt temp 300 300 100.0 iso ${pressure} ${pressure} 1000.0
fix	            npt_production all npt temp 300 300 100.0 iso 157.92 ${pressure} 1000.0
fix	            npt_production all npt temp 300 300 100.0 iso 157.92 157.92 1000.0
fix             DensAve all ave/time 1 ${NBR} ${NBR} v_Density file density.dat
fix             DensAve all ave/time 1 20000 ${NBR} v_Density file density.dat
fix             DensAve all ave/time 1 20000 20000 v_Density file density.dat
fix             VoluAve all ave/time 1 ${npt_run} ${npt_run} v_Volume file volume.dat
fix             VoluAve all ave/time 1 2000000 ${npt_run} v_Volume file volume.dat
fix             VoluAve all ave/time 1 2000000 2000000 v_Volume file volume.dat
fix             Densfinal all ave/time 1 ${npt_run} ${npt_run} v_Density file density_final.dat
fix             Densfinal all ave/time 1 2000000 ${npt_run} v_Density file density_final.dat
fix             Densfinal all ave/time 1 2000000 2000000 v_Density file density_final.dat

restart         ${restartfreq} restart_${NAME}.1 restart_${NAME}.2
restart         1000000 restart_${NAME}.1 restart_${NAME}.2
restart         1000000 restart_N2.1 restart_${NAME}.2
restart         1000000 restart_N2.1 restart_N2.2

run             ${npt_run}
run             2000000
PPPM initialization ...
  using 12-bit tables for long-range coulomb (src/kspace.cpp:342)
  G vector (1/distance) = 0.26932332
  grid = 48 48 48
  stencil order = 5
  estimated absolute RMS force accuracy = 0.00038454006
  estimated relative force accuracy = 1.158031e-06
  using single precision FFTW3
  3d grid and FFT values/proc = 29791 13824
Generated 1 of 1 mixed pair_coeff terms from arithmetic mixing rule
Last active /omp style is kspace_style pppm/omp
Per MPI rank memory allocation (min/avg/max) = 8.483 | 8.485 | 8.487 Mbytes
   Step         PotEng         KinEng         TotEng         Press           Temp        v_Density   
         0   506.22832      1379.7018      1885.9301      61.102521      308.7801       0.17314355   
      1000   494.7733       1363.4425      1858.2158      90.534095      305.14124      0.17357329   
      2000   476.94222      1375.8539      1852.7961      78.729647      307.91893      0.17343566   
      3000   479.9064       1359.9007      1839.8071      133.45889      304.34857      0.17221316   
      4000   470.45793      1360.8847      1831.3426      133.41079      304.56879      0.16865165   
      5000   510.31993      1352.9525      1863.2724      138.10582      302.79354      0.16778545   
      6000   484.73022      1374.3816      1859.1119      187.71981      307.58943      0.1708915    
      7000   454.31451      1388.3492      1842.6637      179.55176      310.71541      0.17474862   
      8000   436.91763      1326.017       1762.9347      176.82289      296.76533      0.17746667   
      9000   478.58318      1317.6277      1796.2109      150.58761      294.88779      0.17688752   
     10000   463.87433      1292.3399      1756.2142      81.393607      289.22831      0.17282929   
     11000   471.86044      1335.4041      1807.2645      107.98029      298.86617      0.16921663   
     12000   462.63171      1343.9528      1806.5845      151.83062      300.77938      0.16739823   
     13000   527.03712      1287.5429      1814.58        151.26133      288.15473      0.16980628   
     14000   458.56163      1311.8386      1770.4003      176.84783      293.59218      0.17493154   
     15000   436.15303      1336.3926      1772.5456      208.99163      299.0874       0.18008672   
     16000   456.50855      1306.4521      1762.9607      207.63593      292.38667      0.18203046   
     17000   443.87185      1307.2882      1751.16        167.97094      292.57378      0.17792342   
     18000   456.52495      1344.1715      1800.6964      108.92223      300.82833      0.17123751   
     19000   483.55453      1355.5992      1839.1537      67.579818      303.38588      0.16710783   
     20000   503.40696      1314.9238      1818.3307      100.09143      294.28264      0.1699224    
     21000   480.25075      1342.6237      1822.8744      116.24447      300.48194      0.17431442   
     22000   482.67703      1365.495       1848.1721      171.10703      305.60059      0.17836039   
     23000   459.65435      1369.2287      1828.883       201.71418      306.43619      0.17977257   
     24000   491.84581      1347.3666      1839.2124      163.40858      301.54341      0.17691714   
     25000   474.47034      1353.1523      1827.6226      242.23753      302.83825      0.17375191   
     26000   511.89748      1351.4913      1863.3888      226.38787      302.46652      0.17138606   
     27000   511.80252      1358.0941      1869.8966      215.75117      303.94424      0.16796292   
     28000   448.89045      1373.8913      1822.7817      226.07836      307.47968      0.17049233   
     29000   448.40213      1356.9718      1805.3739      172.35608      303.69307      0.18074785   
     30000   422.96944      1349.0603      1772.0297      144.48716      301.92247      0.18604575   
     31000   446.8667       1340.5057      1787.3724      89.374715      300.00792      0.18654026   
     32000   504.42022      1271.4029      1775.8231      66.266924      284.54257      0.18558768   
     33000   482.80909      1319.0933      1801.9024      51.546403      295.21579      0.18032278   
     34000   455.18209      1332.8115      1787.9936      110.0933       298.28596      0.17694442   
     35000   483.28528      1329.8418      1813.1271      96.791316      297.62132      0.17349048   
     36000   496.07497      1326.2626      1822.3376      91.502994      296.82029      0.17171851   
     37000   457.24467      1353.6578      1810.9025      142.29607      302.9514       0.1738873    
     38000   500.15215      1352.3792      1852.5313      144.26996      302.66523      0.1786077    
     39000   450.48853      1349.0506      1799.5392      94.614042      301.9203       0.18229853   
     40000   465.12717      1371.0066      1836.1338      155.69647      306.83409      0.18197844   
     41000   479.15379      1402.3154      1881.4691      190.56478      313.84105      0.1761715    
     42000   500.28348      1359.4096      1859.6931      221.46839      304.23866      0.17053196   
     43000   493.75903      1352.6402      1846.3993      211.66245      302.72366      0.16691831   
     44000   477.07659      1378.1269      1855.2035      189.3147       308.42763      0.16843753   
     45000   468.42627      1385.1951      1853.6213      176.65514      310.0095       0.1752154    
     46000   450.071        1379.6146      1829.6856      131.36992      308.76059      0.1796823    
     47000   473.33674      1347.041       1820.3777      105.59829      301.47053      0.17875934   
     48000   463.40357      1393.3415      1856.7451      146.40053      311.83269      0.177228     
     49000   472.5935       1347.807       1820.4005      116.089        301.64197      0.17363452   
     50000   508.55707      1309.8174      1818.3745      135.32237      293.13982      0.17125819   
     51000   492.15759      1343.7958      1835.9534      104.59811      300.74426      0.17062088   
     52000   483.27717      1345.3635      1828.6406      124.37922      301.0951       0.17251084   
     53000   485.22846      1299.8952      1785.1237      163.29081      290.91922      0.17477572   
     54000   474.09591      1324.4926      1798.5885      151.55073      296.42417      0.17697877   
     55000   454.46589      1297.2071      1751.673       214.35074      290.31761      0.17652643   
     56000   478.66667      1316.9425      1795.6092      167.19056      294.73444      0.16985429   
     57000   491.63867      1325.3398      1816.9785      82.011734      296.61378      0.16395159   
     58000   479.65569      1322.9585      1802.6142      6.462444       296.08082      0.16446809   
     59000   485.21266      1326.9372      1812.1499     -30.1812        296.97127      0.16904628   
     60000   475.41743      1260.158       1735.5754     -3.0757299      282.02594      0.17365643   
     61000   464.89521      1302.6992      1767.5944      104.27735      291.54676      0.17693842   
     62000   450.08594      1350.9504      1801.0363      205.74815      302.34547      0.17587693   
     63000   466.59961      1383.6099      1850.2095      283.16341      309.65473      0.17056618   
     64000   516.12949      1327.7954      1843.9249      230.49503      297.16334      0.16620855   
     65000   452.31143      1342.0905      1794.402       198.11984      300.36262      0.16714481   
     66000   478.15719      1301.5287      1779.6859      65.189554      291.2848       0.17169496   
     67000   467.5044       1335.1851      1802.6895      18.383153      298.81718      0.17543556   
     68000   486.07388      1311.1994      1797.2733      20.031325      293.44912      0.17746511   
     69000   473.95474      1331.6432      1805.5979      63.075497      298.02448      0.1772088    
     70000   481.98237      1325.9852      1807.9676      114.37991      296.75822      0.17725447   
     71000   473.00664      1330.0496      1803.0562      166.73892      297.66783      0.17643243   
     72000   460.89586      1350.2385      1811.1344      152.52918      302.18615      0.17298929   
     73000   470.41745      1307.5348      1777.9523      105.9766       292.62898      0.1685476    
     74000   457.07123      1342.703       1799.7743      124.89388      300.4997       0.16809851   
     75000   465.03718      1311.7187      1776.7558      151.40339      293.56533      0.17067969   
     76000   460.81875      1332.7203      1793.539       224.17732      298.26553      0.17286228   
     77000   478.30702      1330.2718      1808.5789      217.02168      297.71757      0.17359508   
     78000   460.16114      1343.7289      1803.8901      191.42664      300.72929      0.17638109   
     79000   437.40598      1313.4125      1750.8185      146.90827      293.94442      0.18027767   
     80000   468.73221      1326.0746      1794.8068      65.252182      296.77821      0.18133886   
     81000   468.35309      1316.8392      1785.1923      113.00727      294.71131      0.18142841   
     82000   461.37734      1315.3045      1776.6818      149.08507      294.36785      0.17695436   
     83000   479.01723      1332.2871      1811.3044      154.61478      298.1686       0.1691718    
     84000   485.93374      1310.6502      1796.5839      145.00744      293.3262       0.16575904   
     85000   455.43492      1351.5417      1806.9766      168.8446       302.4778       0.16856804   
     86000   476.30364      1314.7391      1791.0427      192.64928      294.24131      0.17474355   
     87000   448.56029      1294.4171      1742.9774      178.29442      289.69321      0.17923306   
     88000   450.22912      1287.2614      1737.4906      108.09439      288.09175      0.18190622   
     89000   458.60287      1325.2837      1783.8866      91.076739      296.60122      0.1843958    
     90000   465.80795      1320.2124      1786.0204      124.56582      295.46625      0.18381248   
     91000   470.65964      1325.8198      1796.4795      94.977991      296.7212       0.177128     
     92000   454.63583      1302.6456      1757.2814      128.95265      291.53475      0.17231876   
     93000   475.47802      1324.2872      1799.7652      113.42361      296.3782       0.17048994   
     94000   492.82754      1303.7089      1796.5364      160.90285      291.77273      0.17255287   
     95000   461.64762      1288.9147      1750.5624      156.94802      288.46176      0.17780399   
     96000   451.1719       1333.4843      1784.6562      136.53908      298.43652      0.18172147   
     97000   456.06911      1325.031       1781.1001      113.38125      296.54466      0.18173112   
     98000   466.46969      1321.7799      1788.2496      123.95565      295.81705      0.18181193   
     99000   445.9898       1325.3742      1771.364       119.6827       296.62148      0.17877288   
    100000   483.45594      1328.7849      1812.2408      145.26033      297.38479      0.17591216   
    101000   483.98826      1295.5178      1779.506       98.723996      289.93954      0.1727988    
    102000   454.74361      1300.3512      1755.0948      100.77066      291.02126      0.17210473   
    103000   450.43648      1324.5509      1774.9874      129.85905      296.43721      0.17392541   
    104000   445.14877      1328.1757      1773.3244      207.28739      297.24844      0.17905668   
    105000   428.51418      1339.8819      1768.396       264.29208      299.86831      0.18599      
    106000   430.23971      1313.6219      1743.8616      238.08481      293.99128      0.18892823   
    107000   447.65032      1332.3625      1780.0129      233.15233      298.18547      0.18632276   
    108000   486.00573      1352.9378      1838.9436      187.32404      302.79026      0.17665199   
    109000   463.4142       1344.3599      1807.7741      170.71697      300.87051      0.16992255   
    110000   458.85522      1376.2476      1835.1028      181.83471      308.00703      0.1687682    
    111000   457.67947      1365.1908      1822.8703      206.20467      305.53251      0.16981803   
    112000   451.75194      1354.1213      1805.8732      144.69335      303.05513      0.16900845   
    113000   483.3615       1309.8537      1793.2152      114.14663      293.14794      0.17019392   
    114000   478.59281      1333.5578      1812.1506      132.66336      298.45296      0.17587508   
    115000   445.46984      1312.8452      1758.315       202.48651      293.81744      0.18013339   
    116000   446.28245      1344.7321      1791.0145      183.94884      300.9538       0.17747245   
    117000   506.85327      1346.8734      1853.7266      137.3466       301.43302      0.16940712   
    118000   509.14855      1341.3672      1850.5158      114.10428      300.20074      0.16056395   
    119000   489.46901      1365.0995      1854.5685      151.19235      305.51206      0.16030576   
    120000   503.381        1345.633       1849.014       163.87003      301.15543      0.16502643   
    121000   464.89116      1342.677       1807.5681      230.44318      300.49387      0.17244439   
    122000   456.6748       1358.3657      1815.0405      261.24791      304.00502      0.17608704   
    123000   502.34791      1331.5601      1833.908       243.08721      298.00587      0.17569316   
    124000   498.523        1363.659       1862.182       211.23827      305.18969      0.17356561   
    125000   493.98445      1329.7752      1823.7596      160.00962      297.60642      0.17178735   
    126000   497.4757       1356.6533      1854.129       101.59616      303.6218       0.1684923    
    127000   477.70396      1381.8571      1859.561       79.792135      309.26245      0.16484495   
    128000   496.185        1403.2306      1899.4156      111.12368      314.04588      0.16806502   
    129000   501.89134      1369.6248      1871.5161      158.38908      306.52484      0.17748642   
    130000   458.5628       1358.0085      1816.5713      168.3219       303.92509      0.18302848   
    131000   458.35677      1359.0821      1817.4389      185.50601      304.16536      0.18554281   
    132000   470.63999      1363.3078      1833.9478      160.4639       305.11108      0.18503594   
    133000   469.88728      1327.5503      1797.4376      156.99389      297.10848      0.18004152   
    134000   460.12191      1338.292       1798.4139      171.33005      299.5125       0.17728885   
    135000   448.05019      1330.7761      1778.8263      206.4201       297.83043      0.17872105   
    136000   435.22014      1332.7998      1768.02        223.36725      298.28333      0.18017418   
    137000   451.0124       1310.6813      1761.6937      218.04974      293.33316      0.17785691   
    138000   473.75068      1280.5447      1754.2954      157.17419      286.58853      0.17086166   
    139000   476.01629      1315.4703      1791.4866      123.8629       294.40496      0.1646902    
    140000   481.86412      1320.1691      1802.0332      125.64484      295.45654      0.16352575   
    141000   448.82528      1307.4427      1756.268       109.42535      292.60836      0.16860802   
    142000   496.91027      1304.7249      1801.6352      106.87522      292.00011      0.1748527    
    143000   466.16746      1312.6759      1778.8433      41.993138      293.77955      0.17733621   
    144000   455.58506      1319.153       1774.7381      57.580538      295.22915      0.1802749    
    145000   447.96165      1352.8601      1800.8218      88.686258      302.77287      0.18168551   
    146000   474.66665      1321.0522      1795.7189      143.63139      295.6542       0.18276098   
    147000   482.47514      1341.2396      1823.7147      147.40571      300.17217      0.17915365   
    148000   473.14252      1375.3667      1848.5093      195.64087      307.8099       0.17430968   
    149000   472.36977      1409.2681      1881.6379      180.75469      315.3971       0.1701785    
    150000   479.44158      1365.2334      1844.675       164.57529      305.54203      0.16993098   
    151000   470.26949      1354.0378      1824.3073      195.31224      303.03645      0.17488823   
    152000   448.64005      1365.3028      1813.9429      171.62267      305.55758      0.17936435   
    153000   461.20446      1341.264       1802.4685      146.1828       300.17764      0.18046701   
    154000   477.26902      1311.1754      1788.4444      119.13507      293.44374      0.17794236   
    155000   449.68328      1307.2907      1756.974       112.97966      292.57434      0.17467424   
    156000   485.40263      1323.0371      1808.4397      139.83705      296.09841      0.17200224   
    157000   485.50278      1311.9808      1797.4836      189.81647      293.62401      0.16982279   
    158000   486.52659      1339.1233      1825.6499      204.59516      299.69854      0.17052414   
    159000   491.21743      1324.7726      1815.9901      143.14608      296.48683      0.17243688   
    160000   457.89664      1343.0978      1800.9945      99.489582      300.58805      0.1751824    
    161000   459.64605      1334.676       1794.3221      97.430163      298.70323      0.17658124   
    162000   487.22536      1318.1879      1805.4132      65.80266       295.01315      0.17282216   
    163000   474.80595      1283.5695      1758.3754      95.778544      287.26549      0.16826334   
    164000   460.08707      1305.3852      1765.4723      156.41208      292.1479       0.16626685   
    165000   466.99405      1320.9993      1787.9934      218.51182      295.64236      0.16718668   
    166000   477.96953      1317.205       1795.1745      309.70571      294.79319      0.17031987   
    167000   482.70204      1316.9414      1799.6435      254.59673      294.73419      0.17247435   
    168000   458.38499      1307.9394      1766.3244      190.85694      292.71953      0.1752051    
    169000   471.16709      1319.7049      1790.872       93.625255      295.35267      0.18066451   
    170000   472.62934      1319.6182      1792.2476      35.5406        295.33327      0.18180333   
    171000   451.26963      1328.4791      1779.7488      34.467192      297.31636      0.17622857   
    172000   470.17136      1316.2207      1786.392       160.95637      294.57289      0.17210846   
    173000   481.21331      1381.3386      1862.5519      210.68187      309.14642      0.17021169   
    174000   482.22495      1365.4392      1847.6641      247.2119       305.58809      0.17118093   
    175000   484.28722      1344.9337      1829.2209      237.76019      300.99891      0.17579159   
    176000   471.80272      1369.2297      1841.0324      240.3484       306.43641      0.18268776   
    177000   450.28769      1354.9192      1805.2069      175.37394      303.2337       0.18733062   
    178000   469.31971      1358.4683      1827.788       151.09584      304.02798      0.1839449    
    179000   467.01563      1342.5481      1809.5637      132.39512      300.46502      0.17726178   
    180000   490.92597      1334.1259      1825.0519      119.56016      298.58013      0.17409959   
    181000   477.04341      1334.6532      1811.6966      112.93676      298.69812      0.17398049   
    182000   462.70162      1348.1062      1810.8078      92.955425      301.70894      0.17570094   
    183000   459.44311      1323.4502      1782.8933      82.294099      296.19088      0.17732991   
    184000   467.65567      1331.0432      1798.6988      135.5913       297.89019      0.1793736    
    185000   462.08147      1327.9534      1790.0349      144.0789       297.1987       0.17755165   
    186000   443.08743      1292.9574      1736.0449      149.80487      289.36653      0.16841663   
    187000   487.6894       1332.6121      1820.3015      147.21523      298.24132      0.16374371   
    188000   467.10215      1317.4094      1784.5115      160.03704      294.83893      0.16447146   
    189000   475.10985      1349.3113      1824.4212      159.46362      301.97864      0.16791423   
    190000   483.31841      1361.0473      1844.3657      155.71766      304.60518      0.17216409   
    191000   467.77864      1358.7415      1826.5201      196.00695      304.08913      0.17574103   
    192000   476.5814       1388.8179      1865.3993      225.49148      310.8203       0.17545282   
    193000   496.09944      1365.6497      1861.7492      200.02519      305.63521      0.17383529   
    194000   484.33817      1317.688       1802.0262      168.63749      294.90128      0.17105622   
    195000   503.5866       1291.9903      1795.5769      156.12933      289.15008      0.16799104   
    196000   509.91592      1277.1728      1787.0888      157.98978      285.8339       0.16369615   
    197000   488.13559      1284.1945      1772.3301      164.612        287.40537      0.16195099   
    198000   471.69608      1342.5459      1814.242       162.92756      300.46453      0.16932537   
    199000   475.39017      1325.0003      1800.3905      153.58639      296.53779      0.17610377   
    200000   445.63816      1326.5485      1772.1866      168.02144      296.88427      0.17900312   
    201000   475.36751      1335.7309      1811.0984      209.45085      298.93932      0.17978375   
    202000   460.83629      1299.5934      1760.4297      218.82843      290.85166      0.17729835   
    203000   486.67278      1316.193       1802.8658      192.1029       294.5667       0.17219708   
    204000   477.86616      1329.4624      1807.3286      165.85861      297.53642      0.16691489   
    205000   477.89115      1302.9785      1780.8696      119.07169      291.60926      0.16514144   
    206000   494.83051      1260.175       1755.0055      121.27657      282.02975      0.16846254   
    207000   467.81642      1302.6656      1770.482       138.26797      291.53923      0.17063944   
    208000   459.57892      1336.3727      1795.9516      148.58275      299.08296      0.1728359    
    209000   471.53215      1291.5077      1763.0399      172.14983      289.04208      0.17547577   
    210000   480.83702      1318.5384      1799.3754      130.8223       295.09159      0.17829937   
    211000   461.79102      1316.8363      1778.6273      218.28122      294.71067      0.18008224   
    212000   447.03387      1327.5317      1774.5656      174.44802      297.10432      0.17856641   
    213000   453.53024      1286.135       1739.6652      167.28898      287.83965      0.18113161   
    214000   456.87943      1316.0648      1772.9442      212.76746      294.538        0.18886934   
    215000   423.45419      1290.3725      1713.8267      227.27701      288.78801      0.191147     
    216000   428.5586       1309.1833      1737.7419      168.78303      292.9979       0.18715615   
    217000   464.7947       1347.3428      1812.1375      84.872742      301.53808      0.18163443   
    218000   492.68147      1345.0058      1837.6872      7.8148089      301.01505      0.17967769   
    219000   471.91975      1364.7869      1836.7066      29.036289      305.4421       0.17987646   
    220000   498.87558      1316.5481      1815.4237      39.218554      294.64616      0.18033111   
    221000   474.90541      1346.8203      1821.7257      138.00011      301.42114      0.18125559   
    222000   464.95611      1374.1301      1839.0862      228.51002      307.53314      0.18148909   
    223000   489.6567       1354.6853      1844.3421      291.0266       303.18136      0.18133425   
    224000   476.84662      1393.1764      1870.023       300.11522      311.79573      0.17837526   
    225000   453.69693      1374.2693      1827.9662      243.14797      307.56429      0.17036073   
    226000   472.93918      1361.4566      1834.3958      213.54306      304.69678      0.16716245   
    227000   474.42607      1364.713       1839.139       210.78988      305.42556      0.16941439   
    228000   485.21327      1417.9038      1903.117       127.43322      317.32977      0.17514422   
    229000   486.65143      1362.7322      1849.3836      133.27805      304.98225      0.17953403   
    230000   455.86187      1371.6091      1827.471       131.10127      306.96894      0.18023598   
    231000   465.84097      1356.6335      1822.4745      153.89856      303.61736      0.18049179   
    232000   482.26305      1383.7427      1866.0057      157.31716      309.68445      0.18137825   
    233000   464.80971      1370.734       1835.5437      140.38956      306.77308      0.18472762   
    234000   490.61484      1354.5113      1845.1262      144.7727       303.14242      0.18739131   
    235000   454.85737      1343.31        1798.1674      149.65721      300.63554      0.18677972   
    236000   459.45282      1322.6793      1782.1321      151.62051      296.01834      0.18242888   
    237000   457.46219      1340.4215      1797.8837      128.28373      299.98908      0.17541198   
    238000   484.68879      1319.6844      1804.3732      103.78233      295.34808      0.16903032   
    239000   479.0508       1293.5777      1772.6285      121.80482      289.50535      0.16657785   
    240000   478.31083      1318.5856      1796.8964      164.10072      295.10217      0.17109012   
    241000   475.0226       1311.1852      1786.2078      146.15908      293.44594      0.18007632   
    242000   460.65645      1327.9036      1788.56        158.69224      297.18754      0.18451816   
    243000   468.67199      1277.328       1746           113.00652      285.86863      0.18342082   
    244000   432.55392      1285.5711      1718.125       106.73824      287.71344      0.18270604   
    245000   465.99446      1314.172       1780.1664      108.8033       294.11439      0.18104583   
    246000   455.73738      1317.3429      1773.0803      139.05343      294.82404      0.17721822   
    247000   464.79184      1338.8479      1803.6398      186.99484      299.63691      0.17378932   
    248000   465.39715      1342.7806      1808.1777      184.6056       300.51705      0.16922076   
    249000   473.91221      1331.6716      1805.5838      180.24183      298.03084      0.16783215   
    250000   455.51371      1355.3291      1810.8428      169.10643      303.32544      0.17696189   
    251000   457.19604      1349.8103      1807.0063      116.00098      302.09031      0.18641455   
    252000   457.09194      1360.7267      1817.8187      38.897006      304.53344      0.18912936   
    253000   452.82649      1362.4095      1815.236       51.844343      304.91004      0.18882874   
    254000   458.5379       1347.3844      1805.9223      122.09509      301.54739      0.184936     
    255000   500.7841       1364.518       1865.3021      217.80394      305.38193      0.18055739   
    256000   476.30834      1349.5412      1825.8496      235.29672      302.0301       0.17650333   
    257000   483.8982       1364.3276      1848.2258      236.90045      305.33931      0.17415482   
    258000   480.92632      1384.1579      1865.0842      142.13318      309.77738      0.16970963   
    259000   500.07054      1369.3777      1869.4483      80.369935      306.46955      0.16557388   
    260000   494.87602      1390.0869      1884.9629      62.048134      311.10429      0.16641602   
    261000   453.82207      1332.0117      1785.8338      29.463034      298.10696      0.17377227   
    262000   455.26302      1339.4977      1794.7607      92.869945      299.78233      0.18206149   
    263000   450.96365      1344.0301      1794.9937      147.06491      300.79669      0.18342115   
    264000   473.03184      1273.4993      1746.5311      132.32911      285.01176      0.18088644   
    265000   448.6339       1317.9927      1766.6266      158.56721      294.96948      0.17574156   
    266000   470.43911      1302.5389      1772.978       153.35473      291.51088      0.17218194   
    267000   471.39479      1328.4386      1799.8334      165.4218       297.30728      0.17185173   
    268000   493.66066      1307.5004      1801.1611      153.40117      292.62128      0.17455208   
    269000   467.6041       1305.6556      1773.2597      197.07841      292.20839      0.17624027   
    270000   447.12087      1339.8935      1787.0144      197.18131      299.87092      0.1774654    
    271000   481.90968      1325.177       1807.0867      253.26902      296.57733      0.18198313   
    272000   473.45994      1364.9219      1838.3819      354.8805       305.47232      0.18997547   
    273000   454.42104      1369.0587      1823.4798      362.64406      306.39815      0.19200411   
    274000   441.64147      1384.6511      1826.2926      305.37929      309.88776      0.18569936   
    275000   453.3016       1376.4944      1829.796       184.62922      308.06227      0.1787431    
    276000   463.89192      1353.8414      1817.7334      50.326977      302.99249      0.17548599   
    277000   455.28561      1328.3037      1783.5894      7.5270528      297.2771       0.17483715   
    278000   469.81928      1319.67        1789.4893     -2.6568963      295.34486      0.1755808    
    279000   480.96724      1318.1938      1799.161       80.293065      295.01448      0.17948121   
    280000   458.05139      1345.8827      1803.9341      160.56543      301.2113       0.18325632   
    281000   471.77892      1331.5094      1803.2883      207.66681      297.99453      0.18424707   
    282000   452.89275      1341.5047      1794.3974      229.21797      300.2315       0.18246865   
    283000   455.61383      1348.5608      1804.1747      202.64996      301.81068      0.17907998   
    284000   487.30847      1357.6205      1844.929       106.35861      303.83825      0.1729292    
    285000   493.35471      1330.4589      1823.8136      59.121761      297.75943      0.16842441   
    286000   486.78281      1303.9817      1790.7645      53.036514      291.83378      0.16450386   
    287000   486.66516      1324.4861      1811.1513      60.130103      296.42272      0.15944564   
    288000   492.77846      1332.4076      1825.1861      80.416242      298.19556      0.16044934   
    289000   486.18199      1319.4591      1805.641       99.847227      295.29765      0.1689699    
    290000   474.62738      1330.7303      1805.3576      54.013868      297.82016      0.1763898    
    291000   456.49362      1328.6425      1785.1362      57.981122      297.35293      0.18090864   
    292000   493.50603      1310.7326      1804.2386      55.78822       293.34465      0.18325496   
    293000   457.76533      1342.4236      1800.189       107.76246      300.43717      0.18495086   
    294000   438.33255      1329.6385      1767.9711      114.56176      297.57584      0.18166874   
    295000   429.14303      1299.2294      1728.3724      174.4754       290.77021      0.17683181   
    296000   470.50376      1288.1538      1758.6575      210.36097      288.29146      0.17396854   
    297000   469.89167      1323.7357      1793.6274      305.27632      296.25478      0.17234169   
    298000   479.23637      1336.7348      1815.9711      250.27419      299.16399      0.16864872   
    299000   476.07057      1319.636       1795.7066      180.28366      295.33725      0.1670112    
    300000   482.48458      1336.4698      1818.9544      105.60378      299.10469      0.16837596   
    301000   486.7609       1362.3908      1849.1517      38.404812      304.90586      0.17219564   
    302000   463.89164      1366.3724      1830.2641      19.83654       305.79695      0.17658074   
    303000   461.3895       1353.5868      1814.9763      107.8414       302.9355       0.18104711   
    304000   484.10969      1375.0134      1859.1231      156.51414      307.73082      0.18226191   
    305000   477.53596      1341.1854      1818.7213      224.99846      300.16004      0.18156502   
    306000   458.3466       1332.1599      1790.5065      253.68466      298.14013      0.17532743   
    307000   456.62077      1350.9211      1807.5419      202.23396      302.33892      0.16783737   
    308000   480.69959      1338.9544      1819.654       130.52578      299.66075      0.16685691   
    309000   492.07139      1355.5367      1847.6081      63.568722      303.37189      0.16886377   
    310000   494.95525      1351.4704      1846.4257      75.935081      302.46186      0.17204082   
    311000   493.26212      1387.0177      1880.2798      141.94232      310.4174       0.17874522   
    312000   464.7872       1352.3734      1817.1606      239.85784      302.66394      0.18384394   
    313000   473.91341      1331.6965      1805.6099      272.43081      298.03641      0.18502932   
    314000   451.59692      1346.3595      1797.9564      225.74823      301.31802      0.18435832   
    315000   460.14245      1333.9809      1794.1233      217.01776      298.54766      0.18228937   
    316000   442.55679      1332.3338      1774.8906      217.08867      298.17904      0.17757726   
    317000   435.3419       1319.88        1755.2219      162.01534      295.39186      0.1702199    
    318000   467.10046      1286.0914      1753.1919      90.804835      287.82989      0.16605983   
    319000   467.90917      1333.4422      1801.3514      124.46017      298.4271       0.16940997   
    320000   489.24381      1318.2565      1807.5003      123.57541      295.02851      0.17533389   
    321000   462.27523      1339.3851      1801.6604      188.14603      299.75714      0.17994491   
    322000   463.29423      1358.7842      1822.0784      148.88186      304.09869      0.18119549   
    323000   460.10704      1302.7013      1762.8083      119.80016      291.54722      0.17874684   
    324000   444.01583      1284.6256      1728.6414      148.90855      287.50184      0.17663538   
    325000   455.54634      1328.9157      1784.4621      184.77418      297.41407      0.17737915   
    326000   456.72817      1337.2321      1793.9603      220.31883      299.2753       0.17892748   
    327000   472.4612       1332.1613      1804.6225      246.27998      298.14044      0.17951002   
    328000   455.90429      1345.418       1801.3223      189.52228      301.10732      0.17604558   
    329000   517.60253      1336.7449      1854.3474      115.03355      299.16626      0.16852756   
    330000   498.232        1381.8917      1880.1237      74.529234      309.2702       0.16462961   
    331000   478.62661      1359.8358      1838.4624      43.646976      304.33404      0.16607621   
    332000   498.37383      1369.0604      1867.4342      43.656909      306.39853      0.17139244   
    333000   437.1127       1390.8971      1828.0098      63.980707      311.28564      0.17694383   
    334000   470.58331      1341.8429      1812.4262      162.56246      300.30719      0.18035021   
    335000   492.71925      1344.8913      1837.6105      224.10167      300.98943      0.17974893   
    336000   472.22226      1349.7051      1821.9273      195.09412      302.06676      0.17679635   
    337000   465.71073      1341.1725      1806.8832      188.51409      300.15716      0.17476741   
    338000   473.76424      1335.2231      1808.9874      126.12629      298.82567      0.17203184   
    339000   471.51415      1301.4274      1772.9415      83.87951       291.26212      0.16838236   
    340000   472.39743      1321.1819      1793.5793      27.527171      295.68322      0.16634269   
    341000   473.53293      1312.5467      1786.0796      108.97158      293.75064      0.17066924   
    342000   475.0742       1326.8934      1801.9676      147.17217      296.96146      0.17520871   
    343000   445.9721       1318.8052      1764.7773      192.97441      295.1513       0.18123806   
    344000   468.98214      1327.2049      1796.1871      246.04948      297.03119      0.18642981   
    345000   466.3817       1293.8396      1760.2213      180.20244      289.56396      0.18205977   
    346000   486.74926      1320.3532      1807.1024      88.577994      295.49775      0.1736916    
    347000   482.66472      1340.8986      1823.5633      66.348951      300.09586      0.16927621   
    348000   499.80903      1343.9423      1843.7513      39.953242      300.77704      0.16776092   
    349000   494.83529      1330.2465      1825.0818      118.38347      297.71189      0.17263519   
    350000   487.29217      1353.9161      1841.2083      160.84131      303.00921      0.17776588   
    351000   460.11755      1402.353       1862.4705      220.50346      313.84948      0.17852115   
    352000   475.69253      1364.234       1839.9265      167.14201      305.31836      0.1737131    
    353000   472.79952      1361.8618      1834.6613      96.120782      304.78747      0.17046274   
    354000   454.16608      1381.1976      1835.3637      76.191146      309.11487      0.16949314   
    355000   492.71622      1275.0135      1767.7297      70.558805      285.35064      0.16971506   
    356000   483.39524      1285.6816      1769.0768      112.35952      287.73818      0.1737082    
    357000   463.43869      1321.2894      1784.7281      169.03497      295.70728      0.17854899   
    358000   443.02625      1344.2476      1787.2738      250.3668       300.84537      0.18082743   
    359000   448.78685      1346.0322      1794.819       295.37909      301.24476      0.18145866   
    360000   487.01491      1339.7024      1826.7174      238.81068      299.82816      0.18083      
    361000   471.82423      1397.9179      1869.7422      199.2582       312.8569       0.18127283   
    362000   471.4359       1377.0861      1848.522       154.09424      308.19469      0.17784107   
    363000   492.0461       1369.8072      1861.8533      130.96574      306.56566      0.16997464   
    364000   489.99751      1357.9713      1847.9688      137.32433      303.91676      0.16574146   
    365000   486.81853      1369.8477      1856.6663      151.73118      306.57474      0.16417353   
    366000   460.10756      1380.0498      1840.1573      154.87721      308.85797      0.16645511   
    367000   501.42124      1383.7731      1885.1944      178.62242      309.69126      0.17275094   
    368000   473.87863      1386.0888      1859.9674      217.50904      310.20952      0.17476534   
    369000   495.86948      1351.9036      1847.7731      171.91495      302.55881      0.17410589   
    370000   473.2626       1395.2815      1868.5441      159.40542      312.26686      0.17319404   
    371000   488.52108      1360.5721      1849.0931      99.944644      304.49882      0.17293358   
    372000   466.94363      1364.2642      1831.2078      99.832201      305.32512      0.17290109   
    373000   503.8041       1351.2087      1855.0128      125.66634      302.40327      0.17223053   
    374000   462.90437      1356.5736      1819.478       183.25886      303.60395      0.17395873   
    375000   494.43969      1368.172       1862.6117      234.60098      306.19971      0.17647483   
    376000   490.19394      1336.6439      1826.8378      247.28866      299.14364      0.17787911   
    377000   467.61579      1368.0392      1835.655       248.23205      306.16998      0.18083851   
    378000   471.00127      1390.1442      1861.1455      200.1486       311.11713      0.18303252   
    379000   468.6142       1349.0124      1817.6266      173.94843      301.91175      0.18189596   
    380000   476.21542      1349.6626      1825.8781      84.335659      302.05727      0.17818695   
    381000   475.27581      1332.9656      1808.2414      57.979283      298.32043      0.17649666   
    382000   497.78389      1315.6158      1813.3997      69.169114      294.43752      0.18037725   
    383000   457.43321      1311.3152      1768.7484      120.16663      293.47504      0.18857471   
    384000   447.65852      1342.2994      1789.9579      183.08292      300.40935      0.19200262   
    385000   442.55695      1364.6793      1807.2363      193.41361      305.41803      0.18995696   
    386000   454.81764      1342.1039      1796.9215      261.32734      300.3656       0.18736393   
    387000   462.64762      1348.8358      1811.4834      293.65555      301.87221      0.18542167   
    388000   451.94577      1359.1002      1811.046       249.5888       304.16941      0.18412291   
    389000   483.66544      1327.5389      1811.2043      178.2359       297.10592      0.18254648   
    390000   453.33708      1362.0267      1815.3638      160.30093      304.82437      0.18181847   
    391000   473.06378      1352.2464      1825.3101      119.40398      302.63551      0.17832117   
    392000   463.50614      1352.3673      1815.8734      131.36407      302.66257      0.17713955   
    393000   465.39124      1336.913       1802.3042      138.07074      299.20387      0.17792479   
    394000   460.60912      1302.5664      1763.1755      199.06454      291.51703      0.18373817   
    395000   460.00563      1340.6384      1800.644       180.72255      300.03762      0.19078857   
    396000   465.68879      1352.8825      1818.5713      181.21503      302.77789      0.19362359   
    397000   467.8668       1339.264       1807.1308      153.02078      299.73004      0.19070736   
    398000   443.08637      1360.0533      1803.1396      165.9419       304.38271      0.18610568   
    399000   458.25338      1402.3241      1860.5775      174.78378      313.84302      0.184133     
    400000   489.04125      1394.2995      1883.3408      178.50732      312.0471       0.18317613   
    401000   442.85199      1377.0678      1819.9198      172.58654      308.1906       0.18203091   
    402000   500.43408      1330.464       1830.8981      163.77165      297.76057      0.18062858   
    403000   437.07285      1397.0858      1834.1587      234.35131      312.67068      0.18055901   
    404000   493.55355      1359.0364      1852.59        247.4804       304.15515      0.18342268   
    405000   482.42362      1334.6072      1817.0308      232.21575      298.68783      0.18399241   
    406000   483.72431      1350.7557      1834.48        148.49773      302.30189      0.18434148   
    407000   504.70818      1339.0091      1843.7173      86.231211      299.67299      0.18334916   
    408000   488.5975       1331.287       1819.8845      41.139479      297.94477      0.18081052   
    409000   488.19885      1355.7919      1843.9908      133.61364      303.42902      0.18218325   
    410000   461.69613      1371.5597      1833.2558      225.93994      306.95787      0.18689246   
    411000   444.36176      1371.4158      1815.7775      228.05886      306.92567      0.18951731   
    412000   476.81244      1345.2998      1822.1122      158.1395       301.08085      0.18782306   
    413000   478.02666      1336.9306      1814.9572      120.8945       299.2078       0.18111905   
    414000   423.10171      1349.3753      1772.477       42.402354      301.99297      0.17490591   
    415000   483.93601      1304.9269      1788.8629      57.432388      292.04532      0.17657092   
    416000   460.79864      1298.4102      1759.2088      55.577206      290.58686      0.18031091   
    417000   447.5083       1289.7689      1737.2772      142.55905      288.65294      0.18427426   
    418000   470.55237      1345.7195      1816.2718      166.96432      301.17478      0.1847007    
    419000   474.7399       1355.5842      1830.3241      197.27737      303.38252      0.18407804   
    420000   489.25953      1370.6557      1859.9152      227.11577      306.75555      0.18258694   
    421000   493.57084      1404.5772      1898.1481      228.2109       314.34727      0.18120756   
    422000   495.63331      1359.9203      1855.5536      232.70952      304.35295      0.17717091   
    423000   481.08124      1344.9099      1825.9912      235.10259      300.9936       0.1707344    
    424000   509.03893      1356.9139      1865.9528      206.54425      303.68011      0.16816957   
    425000   516.05242      1387.9458      1903.9982      190.26432      310.62512      0.17050304   
    426000   501.56885      1384.3806      1885.9494      125.90194      309.82721      0.17433091   
    427000   462.17116      1388.705       1850.8762      67.951504      310.79504      0.18526902   
    428000   456.2788       1332.9693      1789.2481      66.351498      298.32127      0.19208404   
    429000   453.58402      1348.9667      1802.5507      106.25768      301.90152      0.19127377   
    430000   465.32613      1333.4101      1798.7362      184.08984      298.41992      0.18618444   
    431000   470.09181      1308.4855      1778.5773      232.56775      292.84174      0.18068677   
    432000   460.01961      1274.6637      1734.6834      249.10689      285.27236      0.17986836   
    433000   447.45018      1301.5017      1748.9519      326.91765      291.27875      0.18423269   
    434000   463.35603      1343.6959      1807.0519      277.68595      300.7219       0.18606966   
    435000   472.74972      1357.4758      1830.2255      208.27385      303.80586      0.18476484   
    436000   454.3243       1362.446       1816.7703      159.30616      304.9182       0.18100001   
    437000   474.72392      1371.3601      1846.0841      134.85793      306.91322      0.17781129   
    438000   456.41643      1356.6492      1813.0656      125.23529      303.62087      0.17637083   
    439000   493.35577      1336.3932      1829.749       129.73222      299.08754      0.17604114   
    440000   483.71167      1342.7541      1826.4658      98.305238      300.51113      0.17236455   
    441000   494.48996      1316.5818      1811.0717      90.867161      294.6537       0.16575922   
    442000   495.96628      1339.3086      1835.2749      99.988563      299.74002      0.16019727   
    443000   487.09926      1285.8835      1772.9828      128.24083      287.78337      0.15863725   
    444000   488.97744      1304.3017      1793.2791      174.60362      291.90539      0.16176059   
    445000   503.50563      1309.4823      1812.988       214.53524      293.06484      0.16719319   
    446000   484.80298      1346.9802      1831.7831      229.52555      301.45693      0.1695033    
    447000   496.60974      1354.7873      1851.397       184.9809       303.20418      0.17107503   
    448000   517.95918      1362.0027      1879.9619      159.08162      304.81899      0.17307211   
    449000   503.05378      1341.0179      1844.0716      128.89795      300.12255      0.17410872   
    450000   488.49375      1337.9044      1826.3981      128.30483      299.42574      0.17730501   
    451000   462.22473      1344.3145      1806.5392      177.3716       300.86034      0.18028376   
    452000   460.77609      1332.7896      1793.5657      163.0613       298.28106      0.18078113   
    453000   454.87799      1295.391       1750.269       127.4868       289.91117      0.17856403   
    454000   478.20629      1309.8802      1788.0865      88.946635      293.15389      0.17513977   
    455000   485.71874      1329.6346      1815.3533      60.239694      297.57495      0.17059606   
    456000   487.91021      1344.4998      1832.41        97.854658      300.90181      0.16808057   
    457000   475.04777      1362.6951      1837.7429      155.08019      304.97396      0.17199933   
    458000   459.66635      1339.5647      1799.231       228.62939      299.79732      0.17949394   
    459000   480.04342      1331.8508      1811.8942      250.1295       298.07094      0.18260545   
    460000   482.51113      1348.7222      1831.2334      237.70097      301.84681      0.18400468   
    461000   480.27672      1337.5237      1817.8004      116.63714      299.34055      0.18290413   
    462000   471.10846      1363.477       1834.5855      62.80495       305.14896      0.18144573   
    463000   463.15482      1348.326       1811.4808      41.560131      301.75812      0.17820816   
    464000   481.49976      1302.4154      1783.9151      52.504321      291.48324      0.17611467   
    465000   498.30134      1319.3095      1817.6109      126.62703      295.26418      0.17595653   
    466000   465.32178      1358.6392      1823.961       188.24192      304.06625      0.17498459   
    467000   479.68243      1321.7038      1801.3862      242.926        295.80003      0.17474009   
    468000   485.56964      1327.857       1813.4266      225.52094      297.17712      0.17592558   
    469000   468.98839      1324.2724      1793.2608      148.15778      296.37488      0.17782614   
    470000   452.07844      1340.0187      1792.0971      48.204668      299.89894      0.17783458   
    471000   485.19633      1321.3106      1806.5069      82.050437      295.71202      0.17492928   
    472000   479.04895      1371.8467      1850.8956      86.475601      307.0221       0.17039767   
    473000   501.83202      1365.46        1867.2921      134.7062       305.59276      0.16961318   
    474000   494.87102      1387.4138      1882.2848      202.38796      310.50606      0.1744403    
    475000   495.54395      1376.6981      1872.2421      261.05874      308.10786      0.18251365   
    476000   459.54264      1373.2809      1832.8236      314.15997      307.34309      0.18411851   
    477000   471.13188      1349.755       1820.8869      276.43722      302.07794      0.18142275   
    478000   462.71876      1339.0516      1801.7704      234.72375      299.6825       0.17999772   
    479000   469.7684       1341.5891      1811.3575      141.51544      300.25039      0.17655054   
    480000   500.05099      1314.9394      1814.9904      106.92057      294.28615      0.17045177   
    481000   448.76833      1300.6432      1749.4115      80.510603      291.08661      0.16795406   
    482000   462.79463      1298.7126      1761.5072      100.62294      290.65454      0.17432239   
    483000   494.47724      1293.7408      1788.2181      114.0032       289.54185      0.18059309   
    484000   507.2868       1301.6939      1808.9807      117.03687      291.32177      0.18005912   
    485000   478.2006       1366.2653      1844.4659      154.40478      305.77298      0.17705281   
    486000   489.67299      1386.0269      1875.6999      148.24968      310.19566      0.17431039   
    487000   507.26651      1346.6635      1853.93        169.58603      301.38606      0.17437514   
    488000   503.123        1372.5521      1875.6751      257.19586      307.17997      0.17670783   
    489000   488.91622      1418.6665      1907.5828      212.1605       317.50049      0.1766614    
    490000   509.4337       1348.3772      1857.8109      170.67596      301.76959      0.17926877   
    491000   468.20246      1356.9227      1825.1252      136.52489      303.68208      0.1835364    
    492000   478.81985      1357.3765      1836.1963      141.67904      303.78364      0.18348325   
    493000   476.85871      1378.5591      1855.4179      170.7688       308.52437      0.17505112   
    494000   520.58109      1335.2995      1855.8806      176.87341      298.84278      0.16819576   
    495000   486.28676      1365.3765      1851.6633      233.79778      305.57407      0.16867557   
    496000   479.81976      1363.0025      1842.8223      250.73793      305.04276      0.17056055   
    497000   468.43714      1329.9387      1798.3759      214.38104      297.64301      0.17042586   
    498000   491.38297      1324.7589      1816.1419      127.37693      296.48376      0.16823098   
    499000   512.7393       1313.8514      1826.5907      4.6806028      294.04265      0.1656133    
    500000   480.86762      1312.2015      1793.0691      17.453117      293.67338      0.16852087   
    501000   465.82744      1315.7423      1781.5697     -14.150498      294.46582      0.17389838   
    502000   456.79833      1341.6841      1798.4824      65.153043      300.27165      0.18159308   
    503000   455.72025      1343.9206      1799.6408      46.598931      300.77218      0.18757505   
    504000   468.34127      1322.2404      1790.5816      85.102152      295.92011      0.19114633   
    505000   471.52653      1341.0885      1812.615       161.83399      300.13836      0.18931444   
    506000   479.73853      1341.6037      1821.3422      206.9776       300.25366      0.18078931   
    507000   489.24812      1336.599       1825.8471      216.37284      299.1336       0.17471988   
    508000   497.51481      1372.2696      1869.7844      215.94481      307.11676      0.17272319   
    509000   485.39783      1344.552       1829.9498      152.97265      300.9135       0.16817582   
    510000   514.62911      1342.2226      1856.8517      214.05919      300.39218      0.16898604   
    511000   513.15673      1350.1897      1863.3465      209.73424      302.17523      0.17257562   
    512000   474.33114      1357.1061      1831.4372      267.40529      303.72312      0.17743493   
    513000   481.49399      1349.7608      1831.2548      296.17767      302.07924      0.1821119    
    514000   466.89386      1381.4727      1848.3666      282.71693      309.17643      0.18380887   
    515000   465.93698      1346.2464      1812.1834      214.95738      301.29271      0.18353192   
    516000   481.66619      1365.6118      1847.278       177.1912       305.62672      0.18289264   
    517000   466.16164      1348.1267      1814.2883      112.17426      301.71352      0.17973916   
    518000   470.29859      1364.6084      1834.907       102.27517      305.40216      0.17750656   
    519000   467.28383      1386.3605      1853.6443      134.00036      310.27032      0.17466891   
    520000   485.94738      1343.8123      1829.7597      154.83951      300.74796      0.17123781   
    521000   527.81932      1340.599       1868.4184      105.78839      300.02882      0.16667516   
    522000   500.75507      1388.6133      1889.3684      51.556989      310.77451      0.16267048   
    523000   492.16471      1392.8084      1884.9731      48.523688      311.71338      0.16286437   
    524000   459.72023      1370.5509      1830.2712      65.042711      306.73212      0.16703085   
    525000   510.36058      1337.7418      1848.1023      65.719429      299.38935      0.17295749   
    526000   477.48219      1347.349       1824.8312      85.178158      301.53948      0.17646173   
    527000   478.08815      1350.7676      1828.8557      148.57011      302.30456      0.17932359   
    528000   500.19885      1346.619       1846.8178      176.99003      301.37609      0.17838729   
    529000   492.6377       1348.2401      1840.8778      128.58148      301.7389       0.17393859   
    530000   482.94552      1336.8006      1819.7461      148.17656      299.17872      0.1702094    
    531000   489.49061      1322.9011      1812.3917      160.35368      296.06798      0.16654825   
    532000   501.52818      1317.567       1819.0951      196.10056      294.87419      0.16608293   
    533000   481.56171      1336.7857      1818.3474      269.67743      299.17539      0.17242031   
    534000   460.68086      1334.8483      1795.5292      266.35642      298.74179      0.17927214   
    535000   479.35552      1326.9982      1806.3537      160.46571      296.98492      0.18177748   
    536000   448.14284      1349.7426      1797.8855      142.61021      302.07517      0.18110664   
    537000   495.75557      1347.8696      1843.6252      127.90303      301.65598      0.17722584   
    538000   470.34068      1356.4821      1826.8228      96.493356      303.58348      0.17067839   
    539000   502.27213      1364.039       1866.3111      116.68799      305.27472      0.16849232   
    540000   503.52964      1367.0318      1870.5614      144.807        305.94451      0.168614     
    541000   498.92438      1388.7299      1887.6542      192.56674      310.80059      0.17037754   
    542000   492.87674      1362.7347      1855.6115      194.93895      304.98283      0.17559722   
    543000   466.39721      1316.9894      1783.3866      254.14687      294.74493      0.18098677   
    544000   503.86764      1299.7453      1803.6129      229.49033      290.88566      0.18264281   
    545000   479.93619      1315.5389      1795.4751      192.10839      294.42031      0.18226747   
    546000   464.68415      1329.2144      1793.8986      128.07317      297.48092      0.17703297   
    547000   458.59781      1314.4747      1773.0725      83.164078      294.18213      0.17234845   
    548000   484.30133      1339.4958      1823.7972      102.14469      299.78192      0.17409961   
    549000   472.18393      1362.0842      1834.2682      215.7467       304.83725      0.17572302   
    550000   496.46966      1357.1326      1853.6022      233.02888      303.72905      0.17371503   
    551000   495.70698      1378.3212      1874.0281      260.26712      308.4711       0.17096712   
    552000   487.61185      1333.2171      1820.8289      257.98762      298.37672      0.17069345   
    553000   475.51568      1335.6881      1811.2038      171.16927      298.92974      0.17323778   
    554000   450.15516      1297.4505      1747.6057      105.06066      290.37209      0.17867214   
    555000   457.40403      1329.3803      1786.7843      60.876313      297.51804      0.18382441   
    556000   444.30704      1313.3232      1757.6303      97.71035       293.92443      0.18477908   
    557000   457.79999      1332.3959      1790.1959      155.64221      298.19294      0.18301154   
    558000   465.83884      1339.0379      1804.8767      161.89697      299.67942      0.17915756   
    559000   467.2387       1350.5474      1817.7861      172.32106      302.25527      0.17648119   
    560000   455.90041      1347.8291      1803.7295      179.469        301.64691      0.17596769   
    561000   505.86166      1330.1373      1835.9989      191.67156      297.68745      0.17620789   
    562000   478.0495       1359.5724      1837.6219      199.32364      304.27509      0.17574219   
    563000   483.844        1356.4509      1840.2949      183.87026      303.5765       0.17328949   
    564000   462.2625       1405.0729      1867.3354      168.15936      314.45821      0.17247248   
    565000   479.82369      1377.5147      1857.3384      160.17642      308.29062      0.17683516   
    566000   469.92213      1336.997       1806.9191      182.512        299.22267      0.18254112   
    567000   471.72912      1307.4425      1779.1716      244.45893      292.60831      0.18612733   
    568000   468.69967      1319.6604      1788.36        285.22335      295.3427       0.18426313   
    569000   455.81371      1338.7807      1794.5944      248.11654      299.62187      0.17684372   
    570000   489.54878      1336.6185      1826.1673      230.55039      299.13797      0.17284396   
    571000   501.52361      1388.6768      1890.2004      164.50498      310.78871      0.17244553   
    572000   486.64397      1331.8774      1818.5213      138.43496      298.07689      0.17511051   
    573000   494.771        1346.4712      1841.2422      110.27414      301.34302      0.17875664   
    574000   471.29765      1387.276       1858.5736      52.012555      310.47521      0.18075326   
    575000   510.01058      1298.3991      1808.4097     -6.7269         290.58439      0.18044069   
    576000   478.45731      1330.5401      1808.9974      15.190182      297.77761      0.17930172   
    577000   473.97501      1346.1023      1820.0773      39.589811      301.26046      0.17739404   
    578000   480.71627      1311.4547      1792.171       46.983116      293.50625      0.17498422   
    579000   478.65332      1343.6831      1822.3364      64.877071      300.71903      0.174867     
    580000   468.01948      1371.7257      1839.7452      173.32421      306.99504      0.17694425   
    581000   491.93146      1359.2789      1851.2104      236.36693      304.20942      0.17574027   
    582000   503.8323       1345.8624      1849.6947      242.91907      301.20676      0.17377967   
    583000   490.33814      1357.8609      1848.199       313.14779      303.89205      0.17154193   
    584000   503.65002      1349.415       1853.065       263.85894      302.00184      0.16604086   
    585000   500.47505      1339.5548      1840.0298      201.82068      299.79511      0.1644258    
    586000   508.60604      1321.0405      1829.6465      143.60455      295.65157      0.16808562   
    587000   479.94389      1360.5022      1840.4461      84.257945      304.48318      0.17488346   
    588000   458.42948      1343.5469      1801.9764      39.010641      300.68856      0.17816219   
    589000   479.5412       1278.198       1757.7392      114.16768      286.06334      0.17904052   
    590000   468.91699      1331.5304      1800.4473      132.61808      297.99923      0.17969118   
    591000   479.70844      1342.2554      1821.9638      223.82368      300.39951      0.18070391   
    592000   462.39144      1349.4933      1811.8847      231.73474      302.01937      0.18128647   
    593000   465.96495      1353.4224      1819.3874      149.52816      302.89872      0.17823091   
    594000   491.9391       1358.0575      1849.9966      72.240635      303.93604      0.17160158   
    595000   505.22825      1327.1249      1832.3531      4.9282366      297.01328      0.16822126   
    596000   486.95868      1365.608       1852.5666      65.699771      305.62586      0.1732272    
    597000   472.30981      1349.158       1821.4678      120.8352       301.94433      0.17771163   
    598000   479.9309       1345.716       1825.6469      186.76069      301.174        0.1794954    
    599000   495.21796      1356.3031      1851.521       205.98104      303.54341      0.17820299   
    600000   497.53995      1359.8532      1857.3932      233.86714      304.33794      0.17511323   
    601000   506.60282      1336.6507      1843.2535      221.58901      299.14516      0.17331812   
    602000   469.43088      1304.4175      1773.8483      191.65481      291.9313       0.17389925   
    603000   474.25587      1325.8485      1800.1043      137.6107       296.72761      0.17539138   
    604000   450.977        1343.8919      1794.8689      88.006617      300.76577      0.18117343   
    605000   452.43272      1325.4584      1777.8911      99.578225      296.64031      0.18716515   
    606000   475.76212      1306.5371      1782.2992      127.21793      292.40568      0.18814938   
    607000   435.62014      1294.9843      1730.6044      165.84561      289.82014      0.18291486   
    608000   479.76522      1341.922       1821.6872      212.7725       300.32489      0.17613973   
    609000   499.40261      1329.865       1829.2676      235.50126      297.62652      0.17150265   
    610000   528.61372      1303.8068      1832.4205      293.9017       291.79463      0.17220651   
    611000   499.04999      1327.2506      1826.3006      242.98394      297.04142      0.17367104   
    612000   473.12796      1356.9241      1830.052       221.24851      303.6824       0.17784006   
    613000   476.25543      1316.264       1792.5194      186.24046      294.58259      0.17995355   
    614000   482.16984      1340.2258      1822.3957      175.47708      299.94529      0.18079224   
    615000   493.7823       1362.5155      1856.2978      135.50198      304.93376      0.17713803   
    616000   502.80835      1327.0073      1829.8156      115.37063      296.98696      0.17211286   
    617000   501.40063      1322.0746      1823.4752      78.149241      295.883        0.16663324   
    618000   484.22485      1395.212       1879.4369      4.040531       312.25131      0.16037288   
    619000   500.88571      1363.4927      1864.3784      59.417306      305.15246      0.16020438   
    620000   509.45807      1355.4336      1864.8917      100.06394      303.34883      0.16620216   
    621000   490.94729      1365.0334      1855.9807      171.93115      305.49728      0.17389352   
    622000   480.33713      1374.3319      1854.669       256.25739      307.5783       0.17736499   
    623000   479.31242      1385.2066      1864.519       203.38588      310.01208      0.17543307   
    624000   495.04685      1363.9378      1858.9847      159.80951      305.25209      0.17042676   
    625000   478.14052      1369.0861      1847.2266      152.55122      306.40428      0.16861984   
    626000   486.97341      1393.7844      1880.7578      186.24085      311.93181      0.17043901   
    627000   493.91966      1404.8137      1898.7334      149.80191      314.40019      0.17196209   
    628000   494.0132       1353.9312      1847.9444      190.75452      303.01258      0.17311697   
    629000   484.25553      1356.0403      1840.2958      250.35899      303.48459      0.17487392   
    630000   484.82471      1355.396       1840.2207      310.78468      303.34041      0.17978303   
    631000   489.20267      1366.1303      1855.333       300.40818      305.74277      0.18129113   
    632000   478.8443       1345.3165      1824.1608      242.20348      301.0846       0.17719029   
    633000   494.80266      1338.1726      1832.9752      191.84783      299.48577      0.16969092   
    634000   489.82454      1347.0779      1836.9024      153.89108      301.47879      0.16646966   
    635000   485.25716      1357.8613      1843.1185      101.86571      303.89214      0.16758145   
    636000   502.10923      1319.8137      1821.9229      106.69982      295.37702      0.1697751    
    637000   502.49783      1308.6837      1811.1815      214.39059      292.8861       0.17149357   
    638000   483.40665      1320.9447      1804.3514      244.64088      295.63014      0.1697886    
    639000   467.80805      1346.1879      1813.996       246.11607      301.27962      0.16810854   
    640000   489.87028      1326.484       1816.3543      154.30088      296.86985      0.16524662   
    641000   506.7597       1296.234       1802.9937      59.308501      290.09982      0.16130841   
    642000   494.41322      1345.5708      1839.984       82.202569      301.1415       0.16435491   
    643000   479.66678      1363.0492      1842.716       86.271504      305.05322      0.17221393   
    644000   475.34571      1343.9144      1819.2601      122.80415      300.7708       0.17850573   
    645000   496.1643       1328.2404      1824.4047      148.66291      297.26292      0.17887157   
    646000   493.15242      1346.8703      1840.0227      189.7323       301.43233      0.17503515   
    647000   529.78369      1363.2977      1893.0814      178.86558      305.10882      0.17113103   
    648000   496.01603      1367.3177      1863.3338      181.99442      306.00852      0.1696081    
    649000   496.46653      1367.6393      1864.1059      157.85406      306.08049      0.16800473   
    650000   484.91462      1378.8162      1863.7309      111.4169       308.58191      0.17080481   
    651000   491.52552      1336.4631      1827.9886      128.30552      299.10319      0.18208879   
    652000   492.96894      1353.9692      1846.9382      223.60676      303.02109      0.18670421   
    653000   484.57646      1369.0381      1853.6146      232.15342      306.39354      0.18439274   
    654000   488.06331      1346.148       1834.2114      225.3799       301.2707       0.17852088   
    655000   494.96156      1316.4227      1811.3843      178.50449      294.6181       0.17456404   
    656000   479.63046      1340.8515      1820.482       105.5032       300.08533      0.17291774   
    657000   505.819        1323.2213      1829.0403      72.114435      296.13964      0.1742092    
    658000   491.34348      1332.9449      1824.2884      65.294353      298.31581      0.1755859    
    659000   481.42923      1321.8561      1803.2853      23.516051      295.8341       0.17508304   
    660000   488.2726       1325.5816      1813.8542      47.913226      296.66787      0.1718702    
    661000   518.05355      1278.7282      1796.7818      46.924785      286.182        0.16658519   
    662000   513.59847      1305.9162      1819.5147      107.22203      292.26672      0.16528705   
    663000   484.55202      1335.1414      1819.6934      144.27371      298.80738      0.17115288   
    664000   491.10496      1346.6442      1837.7492      107.92863      301.38175      0.18150452   
    665000   514.1954       1331.3556      1845.551       110.20046      297.96012      0.18622148   
    666000   463.52834      1388.1731      1851.7015      153.75751      310.676        0.18450468   
    667000   501.01387      1340.8957      1841.9095      173.14503      300.0952       0.17794251   
    668000   469.57044      1338.9257      1808.4961      207.53933      299.65432      0.17458742   
    669000   456.72262      1335.4694      1792.192       235.68232      298.88079      0.17558072   
    670000   441.64416      1362.1538      1803.798       203.70098      304.85283      0.1789445    
    671000   470.24013      1344.3538      1814.5939      153.72158      300.86914      0.18273247   
    672000   472.40525      1344.1084      1816.5136      82.588989      300.81421      0.18439896   
    673000   471.51288      1327.0932      1798.6061      82.336813      297.00618      0.18569828   
    674000   447.89781      1331.574       1779.4718      113.31143      298.00899      0.184154     
    675000   471.05292      1312.641       1783.6939      151.96099      293.77175      0.17859636   
    676000   436.34192      1299.3052      1735.6471      221.91419      290.78716      0.17404429   
    677000   476.23925      1306.6979      1782.9372      308.89326      292.44168      0.1736305    
    678000   499.28572      1306.0587      1805.3444      252.31452      292.29862      0.17100766   
    679000   478.41226      1334.4963      1812.9086      242.54944      298.66302      0.16892021   
    680000   482.11051      1361.7019      1843.8124      124.72482      304.75168      0.16889691   
    681000   501.41659      1328.5744      1829.991       54.299933      297.33768      0.17264836   
    682000   484.5514       1355.7144      1840.2658      64.513663      303.41166      0.18007548   
    683000   472.06328      1383.8251      1855.8884      109.19866      309.7029       0.18487288   
    684000   490.9074       1353.6452      1844.5526      136.59375      302.94857      0.18527019   
    685000   483.5885       1355.8868      1839.4753      165.32203      303.45025      0.18332186   
    686000   486.29645      1378.0845      1864.381       185.45921      308.41814      0.17895086   
    687000   500.82006      1340.398       1841.2181      183.51704      299.98383      0.17560039   
    688000   461.32527      1332.581       1793.9063      245.49729      298.23436      0.17481044   
    689000   472.49281      1327.1563      1799.6491      190.82743      297.02031      0.17533617   
    690000   477.2216       1337.1827      1814.4043      153.85618      299.26423      0.17737186   
    691000   488.43399      1310.7941      1799.2281      71.380902      293.3584       0.18059545   
    692000   466.43142      1298.8539      1765.2853      64.567611      290.68616      0.18545517   
    693000   472.5986       1325.7639      1798.3625      80.811449      296.70868      0.18957521   
    694000   451.91789      1311.6791      1763.597       71.49085       293.55649      0.18546544   
    695000   471.29224      1354.03        1825.3223      133.89669      303.0347       0.17836287   
    696000   488.55778      1367.7803      1856.3381      131.93173      306.11204      0.17229668   
    697000   484.01322      1399.3629      1883.3761      118.54634      313.18029      0.17159915   
    698000   496.9564       1360.4024      1857.3588      72.572374      304.46084      0.17295558   
    699000   495.89562      1371.7871      1867.6827      123.88369      307.00877      0.17735814   
    700000   470.93125      1355.0157      1825.9469      114.46944      303.25529      0.17886839   
    701000   475.10284      1353.5723      1828.6751      133.35918      302.93225      0.17924639   
    702000   454.57392      1370.6029      1825.1768      146.2256       306.74375      0.18112114   
    703000   483.08547      1331.752       1814.8375      153.81489      298.04883      0.18144245   
    704000   509.00125      1316.3128      1825.3141      220.41477      294.59352      0.18109418   
    705000   509.03578      1314.938       1823.9738      201.70822      294.28582      0.17835899   
    706000   483.12315      1321.6753      1804.7985      181.19918      295.79365      0.17535529   
    707000   465.96086      1298.7558      1764.7167      138.73564      290.66422      0.17288792   
    708000   483.9539       1297.6609      1781.6148      110.6075       290.41918      0.17328902   
    709000   491.23656      1310.1744      1801.411       129.62347      293.21972      0.17665866   
    710000   414.37428      1376.9194      1791.2937      179.09323      308.15739      0.18177267   
    711000   439.70426      1327.8311      1767.5354      216.42428      297.17133      0.18829005   
    712000   462.8925       1270.3474      1733.2399      241.23929      284.30635      0.19058604   
    713000   453.3133       1298.4909      1751.8042      239.79458      290.60493      0.18586031   
    714000   447.79581      1332.5648      1780.3606      173.82862      298.23073      0.17931933   
    715000   493.37612      1325.2405      1818.6166      122.74616      296.59155      0.17336172   
    716000   493.28105      1362.6705      1855.9515      73.42234       304.96845      0.17216397   
    717000   494.03478      1362.3457      1856.3805      76.173331      304.89576      0.17192557   
    718000   488.3666       1347.9384      1836.305       60.693607      301.67139      0.17108999   
    719000   499.86385      1352.4706      1852.3345      121.01425      302.6857       0.17136881   
    720000   507.08976      1347.8548      1854.9446      173.1462       301.65268      0.17099585   
    721000   526.02306      1329.8878      1855.9109      178.21628      297.63162      0.16960192   
    722000   499.34678      1327.0632      1826.41        179.92809      296.99947      0.16781414   
    723000   473.78198      1334.1069      1807.8889      170.58674      298.57587      0.16690771   
    724000   500.22432      1310.0857      1810.31        116.26999      293.19986      0.16717104   
    725000   497.84477      1331.6733      1829.5181      67.008768      298.03122      0.16930211   
    726000   481.90041      1336.1479      1818.0483      116.73055      299.03263      0.17468977   
    727000   470.70441      1317.6843      1788.3887      111.55073      294.90044      0.1753734    
    728000   478.84933      1330.2795      1809.1288      166.6015       297.71929      0.17309224   
    729000   505.91357      1344.9912      1850.9047      206.00976      301.01179      0.17033371   
    730000   515.36639      1371.1955      1886.5619      185.57815      306.87637      0.16964679   
    731000   487.48289      1348.0096      1835.4925      117.00256      301.68731      0.17453536   
    732000   476.50977      1351.2556      1827.7653      107.02102      302.41377      0.18320323   
    733000   475.95602      1359.3918      1835.3479      100.89778      304.23468      0.18634412   
    734000   472.94692      1314.4686      1787.4156      149.47825      294.18078      0.18523067   
    735000   473.66257      1332.5         1806.1626      194.41351      298.21624      0.18123729   
    736000   486.79813      1303.6296      1790.4277      189.58302      291.75498      0.17511657   
    737000   499.31438      1322.4368      1821.7512      237.12371      295.96407      0.17302245   
    738000   470.541        1345.6872      1816.2282      247.00536      301.16755      0.17663833   
    739000   470.03095      1377.6254      1847.6563      229.95442      308.31539      0.18125313   
    740000   492.32598      1391.2461      1883.5721      221.50407      311.36374      0.18401477   
    741000   477.9398       1380.6904      1858.6302      107.98352      309.00134      0.18301374   
    742000   515.3726       1353.7382      1869.1108      47.734529      302.96939      0.18193689   
    743000   488.44853      1345.5571      1834.0057      10.641057      301.13845      0.18070779   
    744000   502.62472      1368.107       1870.7318      125.3776       306.18516      0.18103949   
    745000   476.09468      1373.2077      1849.3024      161.68121      307.32671      0.18229029   
    746000   496.54343      1340.0447      1836.5881      247.39506      299.90475      0.18673904   
    747000   462.23057      1371.1547      1833.3853      283.11223      306.86724      0.19320784   
    748000   461.30652      1387.4631      1848.7697      244.84188      310.5171       0.19112684   
    749000   472.66368      1342.7903      1815.454       170.9211       300.51923      0.18224854   
    750000   484.46295      1326.6121      1811.075       131.31768      296.89851      0.17733277   
    751000   478.5861       1326.0065      1804.5926      152.23985      296.76297      0.1777517    
    752000   461.33136      1356.0841      1817.4155      210.96857      303.4944       0.18000081   
    753000   477.85638      1338.0754      1815.9318      218.46397      299.46402      0.17983332   
    754000   479.1283       1345.1222      1824.2505      200.86868      301.0411       0.18098056   
    755000   469.56164      1331.8085      1801.3702      175.58436      298.06148      0.18403294   
    756000   472.45552      1303.4592      1775.9148      102.3053       291.71685      0.18973337   
    757000   472.42044      1330.0882      1802.5086      95.315103      297.67646      0.18917411   
    758000   478.66783      1324.4962      1803.1641      92.418867      296.42498      0.18148197   
    759000   489.40137      1307.0765      1796.4779      122.05545      292.52641      0.17676186   
    760000   489.37214      1348.8789      1838.251       217.11566      301.88186      0.17800445   
    761000   500.77899      1352.087       1852.866       291.0995       302.59986      0.18226097   
    762000   473.65072      1363.432       1837.0827      365.36707      305.13888      0.18586032   
    763000   501.67257      1333.7962      1835.4688      260.8832       298.50633      0.18562388   
    764000   502.6743       1356.7434      1859.4177      152.87156      303.64196      0.18459382   
    765000   473.2465       1356.1752      1829.4217      23.016044      303.51478      0.18315407   
    766000   446.5741       1364.3071      1810.8812      73.949149      305.33472      0.1870672    
    767000   459.66006      1349.3885      1809.0486      87.040931      301.99592      0.19214318   
    768000   470.65276      1337.7004      1808.3531      161.15318      299.38009      0.19469223   
    769000   471.2388       1383.5506      1854.7894      257.20868      309.64146      0.19353109   
    770000   463.95123      1353.7971      1817.7483      294.25587      302.98256      0.18615464   
    771000   479.07494      1354.3802      1833.4552      230.48636      303.11308      0.17951279   
    772000   491.06811      1329.4339      1820.502       114.34425      297.53004      0.17731965   
    773000   475.54222      1308.8575      1784.3997      7.4588924      292.925        0.17847994   
    774000   456.86766      1343.3953      1800.263       38.300214      300.65463      0.1810959    
    775000   469.65129      1309.5666      1779.2179      94.564419      293.08369      0.18256621   
    776000   485.13512      1333.3589      1818.494       186.22374      298.40846      0.18260289   
    777000   486.04825      1324.4066      1810.4548      184.65395      296.40491      0.18108406   
    778000   486.72596      1321.3171      1808.043       212.33804      295.71347      0.17824015   
    779000   498.29466      1355.6942      1853.9889      166.05796      303.40714      0.17666221   
    780000   467.27878      1375.4636      1842.7423      196.23932      307.83157      0.17931593   
    781000   499.7835       1368.6823      1868.4658      185.8084       306.3139       0.18269751   
    782000   486.27972      1371.8658      1858.1456      222.65284      307.02639      0.18287994   
    783000   494.89981      1363.5492      1858.449       201.59428      305.16512      0.17803732   
    784000   474.02229      1355.5551      1829.5773      191.5677       303.376        0.1754493    
    785000   488.62574      1360.3554      1848.9812      167.55652      304.45034      0.17855692   
    786000   472.65564      1334.4183      1807.074       90.654044      298.64556      0.18583427   
    787000   457.1414       1338.2511      1795.3925      96.171926      299.50335      0.19534819   
    788000   465.71963      1317.1877      1782.9074      88.910382      294.78932      0.19581537   
    789000   442.4177       1348.1278      1790.5455      127.21958      301.71376      0.19295808   
    790000   443.69569      1320.9694      1764.6651      140.16182      295.63566      0.18819852   
    791000   469.6633       1335.2245      1804.8878      159.13935      298.82599      0.18414404   
    792000   462.74591      1353.1581      1815.9041      135.44926      302.83957      0.18068075   
    793000   474.95418      1366.6737      1841.6279      118.59085      305.86439      0.17780568   
    794000   483.41542      1345.3899      1828.8053      134.46055      301.10101      0.17940507   
    795000   487.9077       1360.7896      1848.6973      135.66143      304.54751      0.18592632   
    796000   460.53012      1349.3525      1809.8826      194.06996      301.98785      0.18984342   
    797000   436.46872      1357.0101      1793.4788      281.30444      303.70164      0.19311137   
    798000   481.94975      1381.1917      1863.1415      235.54643      309.11355      0.19338593   
    799000   464.34994      1421.1669      1885.5168      221.50359      318.06006      0.192605     
    800000   487.61721      1358.2969      1845.9141      147.67324      303.98964      0.18707942   
    801000   505.96809      1345.9797      1851.9478      92.972401      301.23301      0.18054404   
    802000   484.34057      1379.1923      1863.5328      105.61398      308.66606      0.17612324   
    803000   473.58227      1354.3174      1827.8997      152.9873       303.09902      0.17747309   
    804000   479.65557      1358.6198      1838.2754      230.28299      304.06191      0.18402412   
    805000   476.15427      1385.3854      1861.5397      280.01893      310.05211      0.18886852   
    806000   494.60074      1394.9883      1889.589       226.55014      312.20124      0.18820324   
    807000   480.83572      1349.0036      1829.8393      125.43103      301.90978      0.18455904   
    808000   493.89154      1347.0858      1840.9774      84.703302      301.48058      0.18018926   
    809000   505.52842      1367.5372      1873.0656      94.353675      306.05762      0.17711638   
    810000   506.8673       1394.8797      1901.747       137.02506      312.17695      0.1740538    
    811000   503.86014      1392.9165      1896.7766      152.96774      311.73756      0.17172464   
    812000   496.98656      1356.9041      1853.8907      184.30143      303.67792      0.17358289   
    813000   472.91146      1343.0423      1815.9538      188.36903      300.57563      0.17875211   
    814000   473.35831      1350.3666      1823.7249      183.40097      302.21481      0.18442477   
    815000   495.66912      1330.2765      1825.9456      185.4403       297.71862      0.18556505   
    816000   481.46805      1332.1962      1813.6642      176.86767      298.14824      0.18248109   
    817000   495.73595      1271.3301      1767.066       140.96443      284.52629      0.17409641   
    818000   503.62037      1316.6583      1820.2787      109.95975      294.67083      0.169936     
    819000   500.47744      1325.5622      1826.0396      103.49707      296.66354      0.1706758    
    820000   488.40855      1340.2397      1828.6483      153.67759      299.9484       0.17140967   
    821000   497.66214      1341.0141      1838.6762      116.02433      300.12171      0.17112315   
    822000   508.1464       1404.3268      1912.4732      148.38001      314.29123      0.17220464   
    823000   510.2506       1384.0552      1894.3058      200.42726      309.7544       0.17309721   
    824000   502.05774      1363.4482      1865.506       205.42548      305.14251      0.17039596   
    825000   526.72277      1337.6311      1864.3539      149.0066       299.36459      0.16802841   
    826000   481.91701      1388.6007      1870.5177      159.0603       310.77169      0.16971332   
    827000   494.13515      1396.6716      1890.8067      188.6088       312.57797      0.1729273    
    828000   518.75598      1320.5815      1839.3375      130.58249      295.54884      0.17744116   
    829000   478.84179      1325.2808      1804.1226      144.26864      296.60056      0.18140587   
    830000   451.75158      1376.252       1828.0036      141.85118      308.00802      0.18444608   
    831000   525.00155      1318.9166      1843.9181      156.45155      295.17624      0.18459084   
    832000   534.9911       1379.7784      1914.7695      152.42578      308.79723      0.17524926   
    833000   500.82735      1360.0046      1860.8319      184.35717      304.37182      0.16772552   
    834000   515.13963      1350.6821      1865.8217      150.52085      302.28542      0.16652879   
    835000   517.0937       1331.7314      1848.8251      103.09184      298.04422      0.16561004   
    836000   499.59904      1339.3283      1838.9273      76.013327      299.74442      0.165123     
    837000   531.14961      1305.7448      1836.8944      119.00931      292.22836      0.16517349   
    838000   471.94024      1316.4592      1788.3995      149.2046       294.62627      0.16564862   
    839000   492.28183      1343.2888      1835.5706      244.85291      300.63079      0.17080192   
    840000   503.7138       1372.9264      1876.6402      233.70009      307.26374      0.17795891   
    841000   480.94916      1343.6381      1824.5872      169.57489      300.70896      0.17965052   
    842000   500.31553      1357.7682      1858.0838      132.05262      303.87132      0.17923998   
    843000   473.11983      1350.6522      1823.772       148.88531      302.27872      0.17710543   
    844000   488.90939      1332.6605      1821.5699      159.83799      298.25216      0.17375385   
    845000   488.58646      1303.4222      1792.0086      155.31346      291.70855      0.16393321   
    846000   506.87395      1303.4528      1810.3267      121.54679      291.71541      0.15808915   
    847000   501.95545      1327.3893      1829.3447      153.62822      297.07245      0.16170663   
    848000   504.92834      1339.5673      1844.4956      125.16738      299.7979       0.16736727   
    849000   485.43617      1335.7874      1821.2236      85.45281       298.95197      0.17110772   
    850000   498.97568      1339.0196      1837.9953      100.29947      299.67534      0.17767816   
    851000   496.89294      1377.7876      1874.6805      148.16321      308.35169      0.18198662   
    852000   476.03363      1372.9071      1848.9407      219.28384      307.25942      0.18147295   
    853000   498.96563      1343.5532      1842.5188      214.39201      300.68996      0.17935738   
    854000   491.73657      1341.555       1833.2916      269.50719      300.24276      0.17843172   
    855000   498.0891       1336.7425      1834.8316      207.57517      299.16572      0.17831616   
    856000   491.63018      1337.8122      1829.4424      151.19933      299.40512      0.18165525   
    857000   492.90908      1310.3691      1803.2782      69.10334       293.26329      0.1854051    
    858000   476.81118      1338.5894      1815.4005      108.71735      299.57905      0.18790123   
    859000   461.93647      1343.4873      1805.4238      162.09047      300.67522      0.18552808   
    860000   476.06546      1298.9852      1775.0507      207.25406      290.71555      0.18230543   
    861000   491.21919      1306.7955      1798.0147      173.08538      292.46352      0.17876126   
    862000   490.92199      1317.9281      1808.8501      119.08055      294.95502      0.17922087   
    863000   459.74338      1330.0406      1789.784       100.93134      297.66582      0.1829094    
    864000   467.91768      1334.0362      1801.9539      158.1716       298.56005      0.18693034   
    865000   456.95587      1376.5319      1833.4878      112.69997      308.07067      0.18371604   
    866000   500.42747      1380.4813      1880.9088      162.62444      308.95455      0.1808796    
    867000   509.03045      1394.5367      1903.5672      206.204        312.10019      0.17859013   
    868000   505.20031      1376.9986      1882.1989      220.76081      308.1751       0.17538306   
    869000   518.02519      1341.5307      1859.5559      179.79719      300.23732      0.17236523   
    870000   519.36718      1333.7948      1853.162       98.875849      298.50602      0.17125921   
    871000   493.73078      1395.0429      1888.7737      87.629268      312.21347      0.17238171   
    872000   486.38867      1319.5426      1805.9313      113.50926      295.31635      0.1755155    
    873000   497.38898      1321.0085      1818.3975      162.15042      295.64441      0.18228246   
    874000   485.0053       1331.6927      1816.698       183.64131      298.03556      0.18616615   
    875000   505.08309      1402.1144      1907.1974      226.88775      313.79607      0.18510045   
    876000   492.45234      1365.3171      1857.7695      265.82973      305.56078      0.18144701   
    877000   495.20328      1346.6878      1841.8911      217.26536      301.39149      0.17865129   
    878000   504.11875      1365.9589      1870.0777      191.71018      305.70441      0.17479798   
    879000   498.51188      1352.1276      1850.6395      78.245067      302.60893      0.16804728   
    880000   494.36036      1298.6384      1792.9988      8.2764285      290.63794      0.16513586   
    881000   483.61593      1305.8568      1789.4727      27.703651      292.25342      0.17069455   
    882000   480.93431      1324.2318      1805.1661      55.027847      296.36579      0.17960083   
    883000   468.2648       1331.4581      1799.7229      115.60931      297.98306      0.1846448    
    884000   480.16673      1331.9584      1812.1252      231.92825      298.09503      0.18716029   
    885000   466.53847      1286.8124      1753.3509      236.4544       287.99126      0.18544916   
    886000   486.00915      1309.7988      1795.8079      236.27234      293.13566      0.18247365   
    887000   505.19188      1368.5897      1873.7816      192.51453      306.29319      0.17835085   
    888000   509.23163      1369.3773      1878.609       183.24489      306.46946      0.17298154   
    889000   479.27269      1382.3584      1861.6311      136.08812      309.37465      0.16921807   
    890000   506.10746      1367.957       1874.0645      109.01767      306.15159      0.17129522   
    891000   490.71913      1338.7564      1829.4755      89.587651      299.61642      0.17598173   
    892000   472.14172      1347.792       1819.9337      102.12609      301.63861      0.17993254   
    893000   487.3845       1320.4854      1807.8699      93.834328      295.52734      0.18131697   
    894000   457.56464      1299.2446      1756.8093      153.82397      290.77361      0.1805042    
    895000   497.98885      1296.0848      1794.0737      213.33652      290.06644      0.17701427   
    896000   485.07443      1339.8768      1824.9512      258.87466      299.86718      0.17367951   
    897000   514.17995      1305.7419      1819.9218      281.26944      292.22771      0.17465496   
    898000   507.65412      1331.9252      1839.5793      258.96775      298.08759      0.17500629   
    899000   510.64028      1361.1735      1871.8138      219.0115       304.63343      0.17590168   
    900000   506.18562      1410.1973      1916.3829      148.8932       315.60504      0.17650712   
    901000   499.01359      1364.0122      1863.0258      61.399104      305.26874      0.17588822   
    902000   505.71174      1347.7459      1853.4577      17.946143      301.6283       0.17553701   
    903000   490.06308      1371.7047      1861.7677      46.897678      306.99032      0.17529263   
    904000   507.05073      1334.7582      1841.8089      30.965738      298.72162      0.17515862   
    905000   477.15537      1374.6983      1851.8536      131.23451      307.6603       0.17601555   
    906000   500.88734      1322.9236      1823.811       262.08269      296.07302      0.17704765   
    907000   518.75582      1296.6316      1815.3874      308.16105      290.18881      0.17663552   
    908000   473.6855       1315.1135      1788.799       273.01612      294.32509      0.17217652   
    909000   507.33948      1364.4624      1871.8019      240.96385      305.36948      0.16924143   
    910000   525.87343      1339.5246      1865.398       111.58497      299.78835      0.16716941   
    911000   482.07593      1304.9777      1787.0536      43.590601      292.05669      0.17036447   
    912000   474.88106      1339.8513      1814.7324      56.193181      299.86148      0.17880509   
    913000   482.13859      1306.0178      1788.1564      112.25885      292.28946      0.18308547   
    914000   498.8528       1338.0171      1836.8699      125.59022      299.45098      0.1816128    
    915000   476.25103      1360.2221      1836.4731      157.99367      304.4205       0.17814019   
    916000   483.07761      1359.2241      1842.3017      141.19123      304.19715      0.17794178   
    917000   505.28699      1358.8995      1864.1865      135.86045      304.12449      0.18047824   
    918000   506.18786      1363.7872      1869.9751      104.90143      305.21838      0.18066018   
    919000   462.58988      1367.5209      1830.1108      148.69021      306.05399      0.17803769   
    920000   511.50629      1332.5528      1844.0591      144.23803      298.22805      0.1744608    
    921000   502.40316      1312.8806      1815.2837      120.46117      293.82537      0.17195283   
    922000   499.78534      1323.1573      1822.9426      149.46567      296.12531      0.17307696   
    923000   480.53415      1319.4353      1799.9694      170.10933      295.29232      0.17809081   
    924000   492.31255      1274.61        1766.9225      191.60147      285.26033      0.18371343   
    925000   486.9171       1321.6498      1808.5669      205.78787      295.78795      0.18577134   
    926000   460.34678      1334.8743      1795.221       177.79049      298.7476       0.18198913   
    927000   468.90374      1300.6058      1769.5095      128.41716      291.07824      0.17811397   
    928000   513.53084      1327.053       1840.5838      69.883985      296.99719      0.17490153   
    929000   479.82675      1365.1106      1844.9373      63.393202      305.51454      0.17274815   
    930000   476.3378       1322.962       1799.2998      120.12297      296.08161      0.1761612    
    931000   480.91187      1311.7188      1792.6307      155.95489      293.56537      0.18693013   
    932000   461.0705       1314.5665      1775.637       188.24309      294.20268      0.19258697   
    933000   464.90022      1355.255       1820.1553      222.04304      303.30886      0.19319652   
    934000   465.22253      1386.4391      1851.6616      144.49136      310.28791      0.18798612   
    935000   474.09483      1353.7394      1827.8343      73.985837      302.96966      0.1830676    
    936000   494.55027      1346.592       1841.1423      120.63445      301.37006      0.1817828    
    937000   480.56331      1351.832       1832.3953      124.06813      302.54277      0.18167371   
    938000   497.98511      1303.974       1801.9591      174.88949      291.83206      0.18064879   
    939000   500.04034      1345.9381      1845.9785      130.32167      301.22372      0.17663737   
    940000   496.23257      1353.008       1849.2406      121.08124      302.80596      0.1731021    
    941000   488.4987       1371.9628      1860.4615      162.93941      307.04809      0.17240188   
    942000   516.05893      1376.2965      1892.3554      130.29231      308.01797      0.17570954   
    943000   542.6649       1372.8687      1915.5336      169.96342      307.25084      0.18131282   
    944000   509.17348      1370.4059      1879.5794      128.7349       306.69966      0.18384521   
    945000   483.14282      1337.3788      1820.5216      166.44618      299.30812      0.18577326   
    946000   479.34766      1334.6519      1813.9995      178.47863      298.69783      0.18516823   
    947000   461.13269      1302.9072      1764.0399      177.19266      291.59331      0.17990016   
    948000   478.35362      1304.6482      1783.0018      234.50153      291.98294      0.17387435   
    949000   496.38856      1318.8809      1815.2695      200.28         295.16825      0.17100038   
    950000   485.71202      1324.2574      1809.9695      167.46838      296.37153      0.175457     
    951000   502.81477      1307.3427      1810.1574      113.1103       292.58597      0.18239345   
    952000   454.43739      1346.3681      1800.8055      73.100677      301.31994      0.18457528   
    953000   490.21507      1321.635       1811.85        76.494241      295.78462      0.18232447   
    954000   475.05356      1303.858       1778.9116      74.940266      291.8061       0.17879534   
    955000   454.59667      1318.2507      1772.8474      138.70511      295.02721      0.17595666   
    956000   481.95216      1311.178       1793.1301      163.93911      293.44432      0.17394399   
    957000   491.14322      1312.4623      1803.6056      209.41655      293.73177      0.17193224   
    958000   485.18734      1341.6943      1826.8816      202.4241       300.27394      0.17007438   
    959000   468.02587      1340.4816      1808.5075      195.26158      300.00254      0.17226563   
    960000   503.20518      1312.4044      1815.6096      183.45379      293.7188       0.18359976   
    961000   485.9637       1301.6696      1787.6333      171.59553      291.31632      0.19164726   
    962000   449.76608      1341.5826      1791.3487      211.93745      300.24894      0.19144114   
    963000   471.24623      1345.1108      1816.357       164.46991      301.03856      0.18583185   
    964000   484.62257      1353.0787      1837.7013      186.90012      302.82179      0.18059238   
    965000   483.64913      1342.0229      1825.672       175.08204      300.34748      0.17615611   
    966000   481.36291      1330.753       1812.1159      200.28812      297.82525      0.17339576   
    967000   482.76313      1340.7553      1823.5184      236.91768      300.06378      0.17314805   
    968000   486.09044      1349.8235      1835.9139      244.54018      302.09326      0.17512161   
    969000   500.04569      1352.503       1852.5487      216.79076      302.69295      0.17912538   
    970000   485.35567      1373.6492      1859.0048      177.95655      307.4255       0.18628168   
    971000   460.11765      1384.4992      1844.6169      161.97547      309.85376      0.19351308   
    972000   480.90664      1345.921       1826.8277      148.52886      301.21989      0.19550083   
    973000   488.57815      1370.8887      1859.4668      158.67528      306.8077       0.18878189   
    974000   491.50702      1339.9978      1831.5048      132.57497      299.89426      0.1772477    
    975000   493.35686      1346.3477      1839.7046      150.38476      301.31538      0.17366438   
    976000   483.17473      1349.9485      1833.1233      86.904908      302.12125      0.1718455    
    977000   485.57983      1341.2186      1826.7984      90.667963      300.16747      0.17373544   
    978000   471.95728      1342.2362      1814.1935      81.02312       300.39522      0.17614145   
    979000   471.06375      1301.4013      1772.465       124.61903      291.25628      0.17853952   
    980000   482.18436      1330.0378      1812.2221      176.53759      297.66518      0.18133704   
    981000   462.78925      1316.6418      1779.4311      174.98865      294.66715      0.17984385   
    982000   494.29159      1331.2638      1825.5554      96.724315      297.93958      0.17445389   
    983000   463.09012      1329.101       1792.1911      84.350419      297.45553      0.16777633   
    984000   517.21096      1322.0569      1839.2679      75.154586      295.87905      0.16525673   
    985000   496.65768      1340.1307      1836.7884      157.29572      299.924        0.16784788   
    986000   491.75067      1315.3753      1807.126       225.81173      294.38369      0.1735036    
    987000   459.78471      1273.5634      1733.3481      190.0514       285.02609      0.17849537   
    988000   469.14181      1304.4362      1773.578       204.8134       291.9355       0.18241936   
    989000   470.92963      1333.6541      1804.5837      174.31676      298.47452      0.18191843   
    990000   476.24427      1336.9824      1813.2266      129.60516      299.2194       0.17858084   
    991000   503.6017       1279.6602      1783.2619      90.446575      286.39058      0.17470667   
    992000   513.2794       1304.7074      1817.9868      137.78247      291.99619      0.17115463   
    993000   499.49091      1331.5389      1831.0298      245.34603      298.00115      0.17011107   
    994000   479.8709       1320.2356      1800.1065      256.1532       295.47145      0.17356665   
    995000   458.87416      1332.7415      1791.6157      201.27669      298.27029      0.18141085   
    996000   478.71515      1340.8574      1819.5725      102.50805      300.08663      0.18469938   
    997000   463.09388      1355.4885      1818.5824      14.169711      303.36111      0.18405555   
    998000   503.57121      1343.0072      1846.5784     -20.460041      300.56777      0.18317163   
    999000   478.41863      1340.9061      1819.3247      78.136476      300.09753      0.18509543   
   1000000   474.98499      1316.8354      1791.8204      131.57971      294.71047      0.18656404   
   1001000   470.6882       1304.1283      1774.8165      202.2911       291.8666       0.18747199   
   1002000   476.03883      1318.7664      1794.8052      171.82617      295.14262      0.18294886   
   1003000   489.56329      1283.0785      1772.6418      133.47842      287.1556       0.17511052   
   1004000   512.68253      1326.6352      1839.3177      73.755476      296.90368      0.16823362   
   1005000   509.84548      1334.2672      1844.1127      131.3525       298.61173      0.16796643   
   1006000   506.86129      1355.4327      1862.294       161.17867      303.34862      0.17284328   
   1007000   481.79898      1364.4859      1846.2849      186.65664      305.37475      0.17767893   
   1008000   520.41706      1376.094       1896.511       188.3          307.97266      0.18120981   
   1009000   483.55465      1342.9146      1826.4692      125.94665      300.54704      0.18437815   
   1010000   493.74691      1320.7886      1814.5355      109.68044      295.5952       0.18670212   
   1011000   478.53655      1301.1615      1779.6981      51.266938      291.20262      0.18520272   
   1012000   478.84527      1316.4361      1795.2813      103.97075      294.62109      0.18534863   
   1013000   442.26661      1338.6188      1780.8854      234.08335      299.58563      0.1904848    
   1014000   435.89605      1362.3608      1798.2568      276.56205      304.89913      0.1994277    
   1015000   460.73671      1326.4107      1787.1474      327.68996      296.85343      0.20354084   
   1016000   472.79874      1322.1852      1794.984       238.19296      295.90777      0.20070428   
   1017000   450.89314      1315.7684      1766.6615      172.14145      294.47166      0.195264     
   1018000   465.91762      1336.4254      1802.343       123.92945      299.09474      0.18908464   
   1019000   483.23782      1363.5835      1846.8213      34.403928      305.17279      0.18303933   
   1020000   458.08431      1374.3872      1832.4715      77.66555       307.59068      0.18128916   
   1021000   494.06295      1384.1014      1878.1644      154.22394      309.76474      0.18180132   
   1022000   496.00154      1395.7074      1891.7089      222.06079      312.36218      0.18180991   
   1023000   489.0298       1362.5521      1851.5819      236.07681      304.94196      0.17997601   
   1024000   475.73111      1368.5847      1844.3158      200.92558      306.29206      0.17730982   
   1025000   464.21316      1354.0121      1818.2253      162.89282      303.03069      0.1761727    
   1026000   490.49124      1326.7429      1817.2341      94.790822      296.92778      0.17908083   
   1027000   494.38927      1353.9286      1848.3179      44.452091      303.012        0.18398927   
   1028000   503.81809      1337.8834      1841.7015      92.006478      299.42106      0.18728957   
   1029000   460.44566      1369.5523      1829.9979      155.74401      306.50861      0.18611525   
   1030000   477.26278      1358.3529      1835.6157      233.52081      304.00217      0.18397681   
   1031000   483.21071      1349.2962      1832.5069      226.33435      301.97527      0.17598468   
   1032000   534.74967      1396.6268      1931.3765      231.82137      312.56795      0.17140428   
   1033000   501.72562      1391.2386      1892.9642      191.52505      311.36205      0.1723552    
   1034000   517.7093       1362.7646      1880.4739      113.42017      304.98951      0.17605823   
   1035000   515.605        1333.8083      1849.4133      44.668887      298.50903      0.17882203   
   1036000   533.36771      1342.3306      1875.6983      39.027464      300.41634      0.18281335   
   1037000   490.92419      1373.5795      1864.5037      102.61312      307.40991      0.1866251    
   1038000   491.19331      1336.9303      1828.1236      165.22019      299.20774      0.18681353   
   1039000   491.0133       1339.7851      1830.7984      170.586        299.84665      0.18270261   
   1040000   469.58482      1388.4197      1858.0045      197.49054      310.73117      0.17926084   
   1041000   473.05531      1367.5279      1840.5833      119.53282      306.05556      0.17684119   
   1042000   499.49216      1360.4325      1859.9247      150.5101       304.46759      0.17764241   
   1043000   502.20199      1353.0068      1855.2088      222.20663      302.80569      0.17967372   
   1044000   490.65143      1367.8148      1858.4663      277.43657      306.11976      0.18738904   
   1045000   465.29035      1397.0664      1862.3567      285.76691      312.66632      0.1937749    
   1046000   447.22371      1375.7885      1823.0122      202.57289      307.90428      0.19219901   
   1047000   481.65993      1364.3127      1845.9726      123.90085      305.33597      0.18764015   
   1048000   498.1041       1362.6242      1860.7283      80.94873       304.9581       0.17990441   
   1049000   477.14762      1375.3329      1852.4805      185.54468      307.80232      0.17702996   
   1050000   527.43914      1334.4084      1861.8475      222.59688      298.64334      0.17474718   
   1051000   483.58645      1320.9434      1804.5299      237.87342      295.62985      0.1735179    
   1052000   477.9686       1331.8299      1809.7985      282.04928      298.06627      0.17537567   
   1053000   497.75207      1308.7754      1806.5275      260.0762       292.90662      0.18081561   
   1054000   453.98674      1290.3587      1744.3454      136.42772      288.78493      0.18647416   
   1055000   474.37761      1307.3356      1781.7132      80.10578       292.58438      0.19001347   
   1056000   501.11623      1316.5863      1817.7025      30.207231      294.65472      0.1851053    
   1057000   497.15884      1340.1733      1837.3321      81.955005      299.93353      0.17341095   
   1058000   516.49737      1376.8738      1893.3711      145.38769      308.14717      0.17035254   
   1059000   491.53105      1357.816       1849.3471      223.43423      303.88201      0.17296517   
   1060000   490.72779      1356.7164      1847.4442      220.51211      303.63592      0.17681811   
   1061000   487.67356      1354.0239      1841.6975      197.15307      303.03333      0.17976381   
   1062000   472.46093      1351.7676      1824.2285      129.90859      302.52835      0.17774908   
   1063000   479.84824      1339.6428      1819.4911      44.072333      299.81481      0.17285579   
   1064000   513.02243      1299.4418      1812.4642     -54.988011      290.81774      0.16929445   
   1065000   492.04276      1327.2885      1819.3312     -26.274171      297.04989      0.16778462   
   1066000   516.0694       1317.2576      1833.327       34.498402      294.80496      0.16931191   
   1067000   521.34556      1289.7861      1811.1316      139.92186      288.65677      0.17289485   
   1068000   509.42519      1335.8896      1845.3147      155.28004      298.97483      0.17253986   
   1069000   467.41055      1344.3049      1811.7155      206.88248      300.8582       0.17485001   
   1070000   466.24252      1341.4919      1807.7344      211.99633      300.22863      0.17872579   
   1071000   480.96936      1295.5814      1776.5507      221.96148      289.95377      0.18028718   
   1072000   499.21416      1320.2316      1819.4458      244.40535      295.47055      0.18205378   
   1073000   478.35202      1325.6152      1803.9673      174.8158       296.67541      0.18215437   
   1074000   466.74198      1338.5248      1805.2668      177.10738      299.5646       0.18229833   
   1075000   483.17951      1313.3369      1796.5164      223.23065      293.92749      0.1818054    
   1076000   472.92046      1310.9093      1783.8298      231.69543      293.3842       0.18086088   
   1077000   483.29388      1303.2618      1786.5557      213.53366      291.67267      0.17858488   
   1078000   510.19932      1326.2753      1836.4747      175.08207      296.82314      0.17666355   
   1079000   497.42998      1331.6203      1829.0503      144.48971      298.01935      0.1752191    
   1080000   514.81041      1337.1206      1851.931       123.30602      299.25034      0.1763821    
   1081000   476.50754      1358.6736      1835.1811      162.97988      304.07394      0.1783695    
   1082000   490.1611       1348.5945      1838.7556      191.75823      301.81822      0.17980483   
   1083000   497.36011      1332.5995      1829.9596      246.85615      298.2385       0.182176     
   1084000   470.25761      1370.6334      1840.891       165.75428      306.75057      0.1833116    
   1085000   504.92356      1369.8561      1874.7796      160.42198      306.5766       0.18569742   
   1086000   502.34737      1400.8977      1903.2451      213.3102       313.52379      0.18996115   
   1087000   484.48476      1377.8227      1862.3075      247.68024      308.35955      0.19298561   
   1088000   506.65208      1331.543       1838.1951      224.23677      298.00205      0.19134541   
   1089000   513.02503      1357.5744      1870.5994      193.31595      303.82793      0.18638214   
   1090000   482.41381      1352.5777      1834.9915      144.39088      302.70967      0.17794259   
   1091000   504.17762      1300.9022      1805.0798      93.577978      291.14459      0.17457017   
   1092000   494.86883      1329.2354      1824.1042      96.211924      297.4856       0.17645034   
   1093000   489.83654      1336.2899      1826.1264      158.20931      299.06441      0.18221678   
   1094000   491.68516      1355.6808      1847.3659      233.96619      303.40414      0.1862651    
   1095000   506.33806      1358.5731      1864.9111      272.22836      304.05144      0.18580085   
   1096000   510.4747       1353.0026      1863.4773      175.12164      302.80477      0.18137111   
   1097000   485.16032      1355.4661      1840.6264      124.27102      303.35609      0.17802013   
   1098000   495.7279       1381.21        1876.9379      97.542683      309.11764      0.17727788   
   1099000   505.23919      1348.7589      1853.9981      59.541377      301.85501      0.176566     
   1100000   509.07403      1334.6937      1843.7677      62.910889      298.70719      0.17782527   
   1101000   491.58149      1346.8602      1838.4417      143.78384      301.43007      0.18194049   
   1102000   490.453        1328.3857      1818.8387      160.60379      297.29545      0.18732243   
   1103000   468.11093      1340.0228      1808.1338      211.38868      299.89986      0.19472579   
   1104000   471.33951      1323.3393      1794.6788      179.70721      296.16605      0.19566516   
   1105000   458.41276      1353.9616      1812.3744      181.7577       303.0194       0.19077425   
   1106000   476.57627      1298.8508      1775.427       176.79949      290.68547      0.1782549    
   1107000   500.86551      1301.8085      1802.674       245.18112      291.34741      0.17421056   
   1108000   499.18588      1302.3084      1801.4942      186.15552      291.45928      0.17192151   
   1109000   501.71939      1354.0766      1855.7959      106.01291      303.04511      0.17049625   
   1110000   502.67869      1364.1594      1866.838       74.850407      305.30166      0.17358214   
   1111000   466.10684      1363.6254      1829.7323      90.047064      305.18217      0.17684773   
   1112000   486.97992      1346.5756      1833.5555      114.98639      301.36639      0.17956213   
   1113000   485.34267      1303.7158      1789.0585      241.10937      291.77427      0.18280575   
   1114000   495.21354      1309.3149      1804.5285      369.81785      293.02737      0.18716026   
   1115000   460.15665      1326.8415      1786.9981      376.29503      296.94984      0.18740688   
   1116000   514.65372      1342.6871      1857.3408      305.2315       300.49612      0.18367354   
   1117000   494.54555      1371.0797      1865.6252      238.82729      306.85044      0.17691346   
   1118000   506.34649      1380.6685      1887.015       103.39206      308.99644      0.17155967   
   1119000   522.74608      1393.6689      1916.415       76.931857      311.90597      0.17179518   
   1120000   491.63805      1333.8113      1825.4494      36.873369      298.50971      0.17561626   
   1121000   508.97534      1324.8184      1833.7938      63.410758      296.49708      0.18220836   
   1122000   461.33221      1352.1119      1813.4441      148.82151      302.60541      0.18581201   
   1123000   509.21877      1352.087       1861.3057      151.23101      302.59983      0.18544406   
   1124000   502.46781      1304.7334      1807.2012      198.91786      292.002        0.18306017   
   1125000   495.16554      1319.6734      1814.8389      178.48963      295.34561      0.1804611    
   1126000   500.04006      1322.4289      1822.4689      167.75136      295.9623       0.18008519   
   1127000   499.49549      1309.6774      1809.1729      110.67528      293.10849      0.18298928   
   1128000   494.67391      1284.9944      1779.6683      105.56365      287.58439      0.18838775   
   1129000   464.62873      1339.0806      1803.7094      94.22053       299.68899      0.19095153   
   1130000   484.30959      1302.9727      1787.2822      90.079211      291.60795      0.18802579   
   1131000   464.51253      1262.8866      1727.3991      57.635616      282.63661      0.18218561   
   1132000   488.80619      1314.9245      1803.7307      93.75044       294.28281      0.17677559   
   1133000   489.47309      1314.3232      1803.7963      172.50988      294.14823      0.17375879   
   1134000   511.55065      1309.6041      1821.1548      220.3505       293.09209      0.17337211   
   1135000   489.17821      1318.8521      1808.0303      249.75356      295.16181      0.17884521   
   1136000   495.8475       1329.3609      1825.2084      310.39537      297.5137       0.18528295   
   1137000   464.61424      1301.2795      1765.8938      161.79054      291.22903      0.18395786   
   1138000   460.29931      1305.1257      1765.425       147.30166      292.08981      0.1837406    
   1139000   478.84946      1360.6125      1839.462       102.19075      304.50788      0.18340835   
   1140000   481.62994      1320.438       1802.0679      109.30028      295.51673      0.18079332   
   1141000   510.83783      1313.4056      1824.2434      143.99719      293.94286      0.17472821   
   1142000   471.20864      1335.6251      1806.8337      183.50332      298.91564      0.17273916   
   1143000   490.8062       1297.6741      1788.4803      215.90622      290.42213      0.17539992   
   1144000   487.15409      1336.5721      1823.7262      242.15658      299.12759      0.17838618   
   1145000   486.21854      1349.7275      1835.946       246.39889      302.07178      0.17943179   
   1146000   473.79465      1354.8065      1828.6011      158.66284      303.20847      0.17760543   
   1147000   485.93647      1354.5715      1840.508       132.70906      303.15589      0.17666539   
   1148000   498.00678      1333.8036      1831.8104      115.31936      298.50799      0.17440059   
   1149000   494.4683       1315.7886      1810.2569      164.4239       294.47618      0.17494319   
   1150000   480.69325      1353.1587      1833.852       164.32128      302.8397       0.17716796   
   1151000   485.83881      1379.242       1865.0808      195.5025       308.67718      0.18078224   
   1152000   475.66421      1347.2192      1822.8834      166.75153      301.51041      0.18792352   
   1153000   485.03787      1335.1584      1820.1963      151.00369      298.81119      0.19467882   
   1154000   489.05435      1349.0367      1838.091       84.552416      301.91718      0.1955891    
   1155000   484.52073      1348.1829      1832.7037      89.69912       301.72611      0.19267327   
   1156000   462.83476      1367.8447      1830.6795      114.23771      306.12645      0.18655717   
   1157000   480.05938      1374.3787      1854.4381      184.76916      307.58877      0.18222969   
   1158000   482.5644       1346.0996      1828.664       212.2043       301.25986      0.17962254   
   1159000   478.28819      1310.8063      1789.0945      182.63284      293.36113      0.18056749   
   1160000   474.07868      1342.3531      1816.4318      196.12405      300.42138      0.18514842   
   1161000   461.80518      1322.6998      1784.505       164.69765      296.02293      0.18809896   
   1162000   477.15505      1304.0294      1781.1845      111.69709      291.84447      0.1925572    
   1163000   462.8664       1284.0733      1746.9397      25.849354      287.37824      0.19224962   
   1164000   474.32657      1344.0621      1818.3887      97.81412       300.80386      0.19204713   
   1165000   468.59213      1353.1119      1821.704       89.138818      302.82922      0.18843369   
   1166000   446.42135      1322.6082      1769.0296      158.69548      296.00244      0.19003625   
   1167000   483.98382      1316.0061      1799.9899      199.54086      294.52487      0.19736651   
   1168000   444.92238      1342.3569      1787.2793      181.34949      300.42223      0.20374323   
   1169000   433.67983      1341.4363      1775.1161      126.02823      300.21619      0.2032314    
   1170000   455.05819      1363.3685      1818.4267      175.12671      305.12466      0.19505833   
   1171000   481.57373      1371.5165      1853.0902      191.18483      306.9482       0.18709221   
   1172000   479.02588      1372.2821      1851.3079      171.74677      307.11954      0.18327316   
   1173000   479.52425      1402.4636      1881.9879      172.84605      313.87424      0.18067985   
   1174000   526.08164      1377.0121      1903.0938      163.93214      308.17814      0.18195456   
   1175000   495.65053      1365.6896      1861.3401      140.35225      305.64413      0.18389896   
   1176000   501.09035      1346.6692      1847.7595      80.598781      301.38733      0.18640529   
   1177000   512.69316      1340.6073      1853.3005      57.360099      300.03067      0.19130362   
   1178000   465.77088      1369.9491      1835.72        42.172151      306.59742      0.19772234   
   1179000   469.86051      1348.8914      1818.7519      84.968633      301.88466      0.20004616   
   1180000   486.85625      1368.4113      1855.2676      107.99809      306.25327      0.19811774   
   1181000   475.97783      1381.7754      1857.7532      222.38241      309.24416      0.18882581   
   1182000   493.72906      1340.7074      1834.4364      269.87422      300.05306      0.18029995   
   1183000   490.06335      1320.1848      1810.2482      251.19279      295.46007      0.17673038   
   1184000   486.32452      1315.765       1802.0895      188.42491      294.4709       0.17626767   
   1185000   518.48271      1306.9165      1825.3992      85.919929      292.4906       0.17659276   
   1186000   486.49818      1312.876       1799.3742      50.035276      293.82434      0.17932633   
   1187000   473.19258      1323.3071      1796.4996      90.362742      296.15884      0.1827723    
   1188000   470.09792      1302.3487      1772.4466      182.9386       291.46831      0.18859141   
   1189000   472.4795       1320.5133      1792.9928      220.35107      295.53358      0.19698862   
   1190000   480.80068      1334.2264      1815.027       329.75398      298.6026       0.20377826   
   1191000   462.6648       1345.6758      1808.3406      269.53069      301.16501      0.19888239   
   1192000   483.32449      1324.969       1808.2935      194.71687      296.53079      0.19370777   
   1193000   484.47063      1339.8682      1824.3389      127.79247      299.86526      0.1884288    
   1194000   485.52657      1369.7433      1855.2699      106.86965      306.55137      0.18364003   
   1195000   479.79476      1351.9137      1831.7084      52.93726       302.56106      0.17968216   
   1196000   496.05583      1305.3823      1801.4382      23.355747      292.14724      0.17983879   
   1197000   482.11963      1333.3815      1815.5011      102.09698      298.41351      0.18281127   
   1198000   477.18652      1334.0894      1811.2759      170.25484      298.57195      0.1851375    
   1199000   479.01887      1319.6192      1798.6381      254.67109      295.3335       0.1869304    
   1200000   488.54391      1292.4911      1781.035       320.55422      289.26216      0.18356081   
   1201000   500.15144      1331.2496      1831.401       263.60894      297.93639      0.1750753    
   1202000   521.41181      1322.7109      1844.1228      177.92453      296.02543      0.16986904   
   1203000   519.34484      1325.7411      1845.0859      148.53997      296.70358      0.170458     
   1204000   489.51478      1344.5869      1834.1017      96.835837      300.92131      0.17455961   
   1205000   494.2227       1375.7831      1870.0058      98.45026       307.90309      0.1817706    
   1206000   465.61286      1369.2662      1834.8791      135.51456      306.44459      0.18494427   
   1207000   480.45658      1379.7482      1860.2048      178.1214       308.79048      0.18379624   
   1208000   523.32883      1349.0257      1872.3545      197.32765      301.91472      0.18322763   
   1209000   504.66718      1367.9602      1872.6274      204.18505      306.15231      0.17919314   
   1210000   532.04438      1334.4463      1866.4907      179.80111      298.65182      0.17376934   
   1211000   479.57289      1364.5564      1844.1293      134.49591      305.39052      0.17091727   
   1212000   513.5545       1366.2642      1879.8187      153.26892      305.77274      0.17449422   
   1213000   499.85077      1343.6672      1843.518       182.56387      300.71549      0.17889533   
   1214000   483.02732      1338.4792      1821.5065      134.3203       299.5544       0.17979602   
   1215000   502.48956      1326.4686      1828.9581      85.564236      296.86639      0.1815577    
   1216000   509.87911      1356.3445      1866.2236      84.868422      303.55269      0.18330458   
   1217000   493.46161      1380.6217      1874.0833      175.43054      308.98596      0.18358934   
   1218000   494.74523      1388.6005      1883.3458      212.59386      310.77165      0.18167596   
   1219000   497.21733      1372.6978      1869.9151      226.69742      307.21258      0.17486808   
   1220000   504.74574      1352.9177      1857.6635      232.05949      302.78577      0.16807067   
   1221000   528.36856      1344.5473      1872.9158      186.72064      300.91244      0.16536197   
   1222000   499.8299       1393.2972      1893.1271      145.55879      311.82277      0.16876771   
   1223000   530.60181      1350.7202      1881.322       113.58375      302.29395      0.17617214   
   1224000   506.00621      1353.7082      1859.7144      2.9989572      302.96267      0.17855329   
   1225000   485.08103      1371.0388      1856.1198      58.070461      306.84129      0.18005191   
   1226000   484.30431      1348.897       1833.2013      92.745849      301.88592      0.17783687   
   1227000   507.98614      1292.0866      1800.0728      164.83004      289.17164      0.1746603    
   1228000   502.89505      1328.125       1831.0201      181.0814       297.2371       0.1719936    
   1229000   497.96276      1327.405       1825.3678      170.69135      297.07596      0.17109479   
   1230000   486.30326      1310.8031      1797.1064      142.81324      293.36043      0.17457542   
   1231000   499.29535      1279.4886      1778.7839      82.535504      286.35217      0.18033086   
   1232000   463.16486      1298.5474      1761.7122      131.1648       290.61757      0.18746617   
   1233000   463.52259      1325.2811      1788.8037      114.9927       296.60063      0.18742027   
   1234000   480.92728      1330.1112      1811.0384      141.57066      297.68161      0.1836922    
   1235000   476.4557       1320.5232      1796.9789      164.05692      295.53581      0.17853706   
   1236000   487.41628      1288.4256      1775.8418      174.09042      288.35229      0.17615098   
   1237000   486.29909      1312.0403      1798.3394      169.24847      293.6373       0.17863839   
   1238000   495.01878      1319.5701      1814.5889      169.42751      295.32251      0.1828032    
   1239000   468.86071      1333.3318      1802.1926      106.34554      298.4024       0.18560797   
   1240000   433.96992      1329.445       1763.4149      104.86629      297.53251      0.1853607    
   1241000   488.85932      1314.3301      1803.1894      99.187906      294.14978      0.18280129   
   1242000   526.64324      1306.1456      1832.7888      128.45796      292.31806      0.177462     
   1243000   505.52402      1338.3249      1843.849       169.17528      299.51987      0.17019938   
   1244000   534.61529      1311.9282      1846.5434      147.82661      293.61221      0.1655743    
   1245000   534.68672      1327.3107      1861.9974      160.27598      297.05486      0.16924184   
   1246000   498.83483      1379.0858      1877.9207      217.42257      308.64224      0.17818311   
   1247000   485.13849      1329.2683      1814.4068      181.65947      297.49298      0.184105     
   1248000   463.88525      1329.3102      1793.1955      167.01703      297.50236      0.18629522   
   1249000   451.7438       1311.7732      1763.517       232.12252      293.57753      0.18663815   
   1250000   471.49256      1325.4049      1796.8974      234.62153      296.62833      0.18503284   
   1251000   496.99345      1306.9363      1803.9297      227.76981      292.49502      0.18147638   
   1252000   499.28035      1333.5042      1832.7846      163.42037      298.44098      0.17655839   
   1253000   487.8218       1369.1004      1856.9222      167.04054      306.40747      0.17379058   
   1254000   515.54405      1363.3965      1878.9405      132.0615       305.13092      0.17616991   
   1255000   459.72912      1349.8142      1809.5434      220.46762      302.0912       0.18822521   
   1256000   477.96535      1339.7708      1817.7362      230.05385      299.84346      0.19309928   
   1257000   498.51885      1318.6246      1817.1435      273.01259      295.1109       0.19169516   
   1258000   476.79436      1356.136       1832.9304      228.26547      303.50603      0.18499244   
   1259000   482.36498      1347.0229      1829.3879      227.03677      301.4665       0.18216498   
   1260000   498.43329      1336.4895      1834.9228      139.4695       299.10909      0.17962135   
   1261000   481.06674      1350.4681      1831.5348      149.76609      302.23753      0.18205808   
   1262000   472.41687      1365.9606      1838.3775      183.19837      305.70479      0.18788422   
   1263000   465.62222      1337.6162      1803.2384      200.91659      299.36125      0.19213918   
   1264000   458.77436      1316.0938      1774.8682      218.23514      294.5445       0.19284961   
   1265000   480.35229      1278.0428      1758.3951      159.55045      286.0286       0.19148208   
   1266000   461.17689      1281.6581      1742.835       90.850887      286.83772      0.18972172   
   1267000   470.30408      1308.0215      1778.3256      40.435369      292.73789      0.185861     
   1268000   470.47703      1321.9543      1792.4313      50.211689      295.85608      0.18204173   
   1269000   508.1586       1312.086       1820.2446      69.726452      293.64754      0.17810708   
   1270000   504.68913      1328.2528      1832.9419      118.39742      297.2657       0.17743168   
   1271000   476.02579      1350.1471      1826.1729      213.27589      302.1657       0.17854556   
   1272000   502.14757      1325.5814      1827.729       267.63182      296.66785      0.17929883   
   1273000   512.27375      1383.7915      1896.0652      214.88271      309.69538      0.17830832   
   1274000   514.45506      1357.1471      1871.6021      178.30272      303.7323       0.17540734   
   1275000   508.82541      1363.8588      1872.6842      144.78663      305.23439      0.17317115   
   1276000   496.33811      1391.5176      1887.8558      131.28346      311.4245       0.17595694   
   1277000   511.66373      1338.6293      1850.2931      119.90685      299.58799      0.18355859   
   1278000   499.96395      1364.8915      1864.8554      109.37146      305.46552      0.18665876   
   1279000   502.10115      1334.2119      1836.313       134.57663      298.59935      0.18600164   
   1280000   495.81745      1349.0081      1844.8255      112.25044      301.91077      0.18382565   
   1281000   499.82575      1349.3298      1849.1556      111.25862      301.98278      0.18415928   
   1282000   491.62261      1356.0161      1847.6387      132.7055       303.47918      0.18626266   
   1283000   509.69371      1338.1143      1847.808       104.66543      299.47272      0.18406296   
   1284000   527.95195      1338.401       1866.3529      124.69783      299.53688      0.18064122   
   1285000   507.65624      1365.4648      1873.1211      121.58882      305.59383      0.17779048   
   1286000   547.44418      1356.3648      1903.809       27.713523      303.55723      0.17496925   
   1287000   516.23122      1395.2071      1911.4383      2.6388095      312.25022      0.17418108   
   1288000   506.43362      1321.7576      1828.1912      16.267078      295.81205      0.17739174   
   1289000   487.93077      1329.2552      1817.186       104.65405      297.49005      0.18635127   
   1290000   459.11612      1331.7038      1790.82        182.86324      298.03805      0.1921324    
   1291000   443.32199      1335.7868      1779.1088      182.79238      298.95183      0.19361327   
   1292000   450.28933      1292.1511      1742.4404      206.86657      289.18606      0.19272736   
   1293000   478.42932      1302.1897      1780.619       185.12427      291.43272      0.18911895   
   1294000   463.62252      1310.2854      1773.9079      188.43015      293.24457      0.18541611   
   1295000   508.97739      1315.1666      1824.1439      142.98711      294.33697      0.18453626   
   1296000   457.97588      1352.8171      1810.793       132.96815      302.76325      0.18715612   
   1297000   459.36035      1358.9194      1818.2797      64.005339      304.12895      0.19468396   
   1298000   479.42702      1336.884       1816.311       80.358585      299.19739      0.2014577    
   1299000   473.92095      1328.3227      1802.2436      123.62374      297.28134      0.19958636   
   1300000   500.27395      1323.5658      1823.8397      148.32549      296.21674      0.18912483   
   1301000   480.86468      1312.1299      1792.9946      157.78038      293.65736      0.18170119   
   1302000   480.99403      1329.7081      1810.7022      108.49922      297.59141      0.18127796   
   1303000   492.28282      1338.0703      1830.3531      85.889947      299.46287      0.18584764   
   1304000   489.09818      1331.6531      1820.7513      122.44684      298.0267       0.19099197   
   1305000   514.20199      1364.9404      1879.1424      146.61095      305.47646      0.19259101   
   1306000   488.5202       1346.4449      1834.9651      146.71433      301.33713      0.19078123   
   1307000   494.86767      1335.4229      1830.2906      135.66257      298.87038      0.1883003    
   1308000   498.52229      1314.8123      1813.3346      124.66796      294.25769      0.18339405   
   1309000   512.96807      1319.512       1832.4801      73.514238      295.30949      0.17834741   
   1310000   520.84949      1340.2169      1861.0664      94.401378      299.9433       0.17938454   
   1311000   484.02705      1321.9497      1805.9767      179.66976      295.85505      0.18267385   
   1312000   451.70246      1359.363       1811.0655      227.55727      304.22824      0.18477138   
   1313000   459.74014      1347.7369      1807.477       200.74325      301.62628      0.18485951   
   1314000   505.70397      1333.4096      1839.1136      231.46997      298.41981      0.18593444   
   1315000   486.64976      1335.8483      1822.4981      266.47731      298.9656       0.18535374   
   1316000   464.40767      1334.1799      1798.5876      229.6162       298.5922       0.18597288   
   1317000   492.08956      1332.5122      1824.6018      175.14157      298.21897      0.18653158   
   1318000   481.2175       1352.0125      1833.23        148.79697      302.58318      0.1849985    
   1319000   500.43088      1308.816       1809.2468      4.1693892      292.9157       0.17992982   
   1320000   482.33841      1317.4045      1799.7429     -25.826873      294.83783      0.17577038   
   1321000   486.99992      1334.0215      1821.0214      37.865705      298.55675      0.17728129   
   1322000   447.85453      1356.9381      1804.7926      95.423089      303.68553      0.18237044   
   1323000   470.698        1275.9354      1746.6334      198.28867      285.55696      0.18837064   
   1324000   476.08999      1307.5049      1783.5949      229.584        292.62229      0.19209375   
   1325000   482.65663      1350.0453      1832.7019      214.65785      302.14291      0.19038486   
   1326000   490.27927      1357.4837      1847.763       155.40992      303.80764      0.18577615   
   1327000   495.45859      1371.7234      1867.182       98.08893       306.99452      0.18292106   
   1328000   521.47836      1362.6212      1884.0995      119.57467      304.95741      0.18204009   
   1329000   535.73702      1317.9301      1853.6672      109.1425       294.95547      0.18148805   
   1330000   498.86383      1319.8774      1818.7412      148.41567      295.39127      0.18203404   
   1331000   491.27726      1331.1435      1822.4207      195.50678      297.91264      0.1843139    
   1332000   471.24687      1262.6601      1733.907       205.48227      282.58593      0.18826499   
   1333000   478.21189      1346.328       1824.5398      218.3455       301.31096      0.19564215   
   1334000   473.03602      1347.4568      1820.4928      171.7165       301.56359      0.19974999   
   1335000   462.59956      1366.9554      1829.555       160.50652      305.92743      0.19916002   
   1336000   514.16523      1375.3333      1889.4985      161.15853      307.80241      0.19376885   
   1337000   519.7298       1346.6266      1866.3564      99.047274      301.37779      0.18569992   
   1338000   486.02367      1372.5017      1858.5253      195.69605      307.16869      0.18493451   
   1339000   480.39289      1364.659       1845.0518      261.91639      305.41348      0.18423987   
   1340000   500.82198      1364.6586      1865.4806      223.69194      305.4134       0.18400411   
   1341000   514.46688      1372.7368      1887.2037      172.10104      307.22131      0.18639343   
   1342000   481.65752      1367.0559      1848.7135      100.96545      305.94992      0.1870484    
   1343000   487.35906      1371.0161      1858.3752      91.602846      306.83622      0.18900671   
   1344000   494.49933      1395.0172      1889.5165      130.50133      312.20771      0.19165516   
   1345000   523.90233      1390.2067      1914.109       196.89923      311.1311       0.19452713   
   1346000   492.85055      1358.6486      1851.4992      194.59458      304.06835      0.19193776   
   1347000   487.63937      1340.6816      1828.321       165.69359      300.04729      0.18579094   
   1348000   448.40994      1334.5138      1782.9237      133.58391      298.66692      0.18049679   
   1349000   481.19557      1344.5047      1825.7002      116.11828      300.90291      0.1800307    
   1350000   483.54803      1325.5156      1809.0636      119.35757      296.65311      0.18293775   
   1351000   469.3455       1316.8978      1786.2433      105.64692      294.72444      0.18753209   
   1352000   432.69294      1339.3856      1772.0785      173.78202      299.75724      0.19096757   
   1353000   465.14784      1252.6181      1717.766       146.87534      280.33851      0.18977584   
   1354000   485.60279      1313.4412      1799.044       83.443379      293.95084      0.18265016   
   1355000   497.15404      1312.2261      1809.3802      144.58171      293.6789       0.17369814   
   1356000   483.85179      1295.4258      1779.2776      170.54579      289.91895      0.16927112   
   1357000   491.86478      1309.5558      1801.4206      174.3945       293.08128      0.16954816   
   1358000   507.9871       1309.5316      1817.5187      158.65317      293.07587      0.17510173   
   1359000   462.51795      1361.0718      1823.5897      110.02911      304.61065      0.18192454   
   1360000   505.94142      1342.4595      1848.4009      134.38539      300.44519      0.18597634   
   1361000   501.36664      1342.8614      1844.2281      88.253769      300.53514      0.18237846   
   1362000   500.33387      1402.7202      1903.0541      158.01305      313.93167      0.17659126   
   1363000   521.82546      1355.0253      1876.8507      130.30818      303.25744      0.17230512   
   1364000   485.20105      1362.7978      1847.9988      168.27511      304.99694      0.17226674   
   1365000   497.47081      1328.4608      1825.9316      134.04837      297.31225      0.17703036   
   1366000   472.81921      1304.0783      1776.8975      100.64845      291.85539      0.18238486   
   1367000   487.73965      1305.6773      1793.417       92.886503      292.21327      0.18556012   
   1368000   464.76566      1298.6838      1763.4495      92.786007      290.6481       0.18650597   
   1369000   503.40231      1342.6349      1846.0372      81.867736      300.48446      0.18700019   
   1370000   507.04353      1335.2587      1842.3022      149.43479      298.83363      0.18653778   
   1371000   492.2077       1374.2383      1866.446       120.07798      307.55734      0.18425949   
   1372000   490.4909       1374.6453      1865.1362      124.1212       307.64843      0.18646884   
   1373000   495.08541      1375.8466      1870.932       133.6508       307.9173       0.18806469   
   1374000   523.36483      1337.9478      1861.3126      94.879227      299.43546      0.18722062   
   1375000   507.50981      1375.6534      1883.1632      189.427        307.87405      0.1881921    
   1376000   509.15363      1366.511       1875.6647      254.33152      305.82797      0.18758182   
   1377000   472.12751      1385.7004      1857.8279      327.14069      310.12259      0.1847359    
   1378000   491.61822      1356.2063      1847.8245      301.63471      303.52175      0.179538     
   1379000   515.10499      1353.0204      1868.1254      246.93598      302.80874      0.1764757    
   1380000   505.52881      1366.8105      1872.3393      128.72762      305.89498      0.17670433   
   1381000   512.54151      1401.9793      1914.5208      82.076141      313.76585      0.1818249    
   1382000   513.0614       1328.9285      1841.9899      62.576897      297.41693      0.19034303   
   1383000   503.58625      1370.9787      1874.5649      119.87064      306.82785      0.19483995   
   1384000   509.6578       1377.1902      1886.848       140.16031      308.21799      0.19129859   
   1385000   503.76314      1357.8758      1861.6389      211.78135      303.89539      0.18358505   
   1386000   507.4486       1375.6825      1883.1311      203.41947      307.88057      0.17842971   
   1387000   514.17646      1358.5387      1872.7151      222.2644       304.04374      0.17678323   
   1388000   520.30498      1363.2653      1883.5703      224.39118      305.10158      0.17597562   
   1389000   513.81618      1347.921       1861.7372      207.19469      301.66748      0.17742997   
   1390000   506.63861      1373.2217      1879.8604      165.02166      307.32985      0.18027475   
   1391000   496.14966      1395.3875      1891.5371      209.84774      312.29058      0.18576572   
   1392000   471.99539      1365.6373      1837.6327      145.45708      305.63243      0.18954532   
   1393000   481.48385      1292.654       1774.1378      176.23214      289.29861      0.19568375   
   1394000   467.99653      1308.7826      1776.7791      232.94569      292.90823      0.20005379   
   1395000   486.52921      1299.6895      1786.2187      217.69199      290.87317      0.19859016   
   1396000   487.77637      1320.5326      1808.309       186.37103      295.53791      0.18512352   
   1397000   489.7772       1330.4399      1820.2171      138.74721      297.75518      0.17821149   
   1398000   489.34292      1331.1135      1820.4565      105.0237       297.90594      0.17600107   
   1399000   489.82043      1323.6681      1813.4885      93.340157      296.23964      0.17589847   
   1400000   473.94194      1272.4714      1746.4133      128.62637      284.7817       0.17678937   
   1401000   504.4171       1306.0785      1810.4957      111.18323      292.30306      0.17634225   
   1402000   473.2421       1339.744       1812.9861      98.49401       299.83746      0.17644721   
   1403000   484.37628      1304.2728      1788.6491      112.48         291.89894      0.18240204   
   1404000   471.81746      1345.0387      1816.8562      116.39641      301.02243      0.19039551   
   1405000   458.27093      1312.0062      1770.2771      109.05216      293.62967      0.19271404   
   1406000   480.53008      1339.0829      1819.6129      120.16814      299.68949      0.1931097    
   1407000   480.66555      1338.4057      1819.0713      99.416615      299.53795      0.18900075   
   1408000   492.62472      1346.1545      1838.7792      82.29144       301.27215      0.18303546   
   1409000   466.83617      1386.5467      1853.3829      173.60749      310.312        0.18291457   
   1410000   493.3412       1347.3376      1840.6788      119.77616      301.53692      0.18218865   
   1411000   514.52187      1331.2934      1845.8153      161.96646      297.9462       0.18440611   
   1412000   503.32995      1333.1415      1836.4715      191.94076      298.35981      0.18746816   
   1413000   483.20824      1343.0659      1826.2742      161.35607      300.58091      0.1887609    
   1414000   489.72934      1414.1386      1903.8679      136.87121      316.48712      0.19002546   
   1415000   500.8761       1381.7598      1882.6359      112.27478      309.24067      0.18934053   
   1416000   504.50165      1352.7332      1857.2348      141.46255      302.74447      0.18366989   
   1417000   497.27503      1346.4887      1843.7637      164.65944      301.34693      0.17558688   
   1418000   482.1187       1340.5548      1822.6735      237.70763      300.0189       0.17425628   
   1419000   478.76033      1353.4217      1832.182       235.79229      302.89855      0.17893597   
   1420000   452.4727       1317.5898      1770.0625      241.52176      294.87931      0.18560174   
   1421000   509.38085      1311.205       1820.5859      193.40303      293.45037      0.18614163   
   1422000   481.53292      1323.8377      1805.3706      141.73776      296.27758      0.18351015   
   1423000   499.09429      1263.502       1762.5963      84.078747      282.77434      0.17978902   
   1424000   504.9749       1290.585       1795.5599      100.41499      288.83558      0.17959707   
   1425000   484.70877      1316.5744      1801.2831      92.915031      294.65205      0.18272106   
   1426000   470.89268      1345.7809      1816.6736      152.29025      301.18853      0.19332265   
   1427000   461.03999      1329.2368      1790.2768      215.88999      297.48592      0.20494181   
   1428000   466.37857      1333.9065      1800.2851      260.06512      298.53101      0.20323773   
   1429000   468.43115      1312.4086      1780.8398      293.49609      293.71974      0.19610068   
   1430000   471.0642       1287.261       1758.3252      250.17032      288.09165      0.18916911   
   1431000   483.07619      1301.0052      1784.0814      200.31932      291.16764      0.18433495   
   1432000   506.53789      1288.8666      1795.4045      171.32004      288.451        0.18312294   
   1433000   474.68792      1325.6989      1800.3868      144.96054      296.69414      0.18206573   
   1434000   497.55259      1327.5444      1825.097       206.11713      297.10716      0.18071891   
   1435000   465.57997      1311.9812      1777.5612      192.95245      293.62409      0.17821748   
   1436000   498.89133      1336.9584      1835.8497      119.02028      299.21404      0.17572193   
   1437000   523.98295      1289.6905      1813.6734      73.257332      288.63537      0.17192887   
   1438000   541.7113       1297.1181      1838.8294      21.411003      290.2977       0.16636546   
   1439000   486.50809      1360.7857      1847.2937      21.223187      304.54662      0.1666027    
   1440000   494.2266       1331.6619      1825.8885      119.85056      298.02866      0.17471087   
   1441000   520.77368      1343.62        1864.3936      177.6501       300.70491      0.18021813   
   1442000   505.88522      1360.7649      1866.6501      124.28561      304.54197      0.18017518   
   1443000   506.39248      1374.4466      1880.8391      141.77787      307.60398      0.18207215   
   1444000   515.57234      1345.1017      1860.674       193.61464      301.03652      0.1838136    
   1445000   514.91004      1327.3166      1842.2267      135.58139      297.05619      0.18013778   
   1446000   488.33837      1313.5459      1801.8843      190.89127      293.97427      0.17513561   
   1447000   516.44225      1317.3429      1833.7851      152.67927      294.82404      0.16742653   
   1448000   523.13016      1316.636       1839.7662      127.31818      294.66585      0.1642131    
   1449000   524.50776      1303.0755      1827.5833      90.672968      291.63097      0.16696441   
   1450000   488.91243      1356.6804      1845.5929      93.276098      303.62787      0.17100837   
   1451000   522.23181      1302.1153      1824.3472      102.66839      291.41609      0.17341971   
   1452000   499.96855      1333.0229      1832.9914      160.76122      298.33326      0.17618732   
   1453000   479.58505      1308.2857      1787.8708      172.20331      292.79703      0.17854716   
   1454000   477.44271      1330.8631      1808.3058      145.02923      297.8499       0.17992492   
   1455000   471.71545      1330.2123      1801.9277      155.18887      297.70424      0.18172823   
   1456000   470.32906      1355.1925      1825.5215      132.11197      303.29486      0.18238455   
   1457000   519.43801      1342.9537      1862.3917      89.423161      300.55579      0.17844238   
   1458000   512.69678      1302.9208      1815.6176      101.76197      291.59635      0.17259628   
   1459000   514.99887      1291.1392      1806.1381      125.42219      288.95961      0.17193296   
   1460000   526.83094      1302.2934      1829.1243      157.48243      291.45593      0.1791057    
   1461000   504.99249      1314.5692      1819.5617      158.445        294.20328      0.18480019   
   1462000   483.19495      1314.5653      1797.7602      127.29012      294.20241      0.18693275   
   1463000   494.50206      1333.1865      1827.6886      133.75534      298.36988      0.18977122   
   1464000   483.65025      1307.2548      1790.905       68.974709      292.5663       0.19132033   
   1465000   493.96454      1303.3254      1797.2899      105.06114      291.68689      0.19024608   
   1466000   481.23733      1292.7359      1773.9732      175.01419      289.31695      0.18624315   
   1467000   480.77757      1330.8207      1811.5983      219.07496      297.8404       0.18180841   
   1468000   489.84516      1338.0344      1827.8796      202.78064      299.45485      0.17893113   
   1469000   514.19661      1293.1528      1807.3495      161.22522      289.41026      0.18013006   
   1470000   480.53633      1338.0918      1818.6281      189.58528      299.46769      0.18391392   
   1471000   460.01257      1319.6589      1779.6715      161.3646       295.34238      0.18824311   
   1472000   504.61104      1316.9527      1821.5638      214.32843      294.73673      0.19494627   
   1473000   479.88216      1327.7436      1807.6257      195.93637      297.15174      0.19572269   
   1474000   464.93313      1353.811       1818.7442      205.3938       302.98569      0.19068421   
   1475000   511.15931      1298.5434      1809.7027      181.61178      290.61668      0.18209047   
   1476000   500.44584      1330.972       1831.4178      125.14159      297.87426      0.17820938   
   1477000   484.29373      1312.9886      1797.2823      80.568847      293.84954      0.17681797   
   1478000   524.83433      1326.375       1851.2094      76.044949      296.84546      0.17773923   
   1479000   493.37805      1344.5427      1837.9207      51.079093      300.91141      0.17827071   
   1480000   500.40101      1367.0093      1867.4104      76.898789      305.9395       0.18149015   
   1481000   528.36926      1426.1201      1954.4894      155.78411      319.1686       0.18778686   
   1482000   510.80549      1361.7711      1872.5766      190.81736      304.76716      0.18835185   
   1483000   478.86547      1363.6956      1842.5611      253.73382      305.19788      0.18151686   
   1484000   508.59021      1352.9675      1861.5577      261.63286      302.7969       0.17408302   
   1485000   511.85008      1367.3552      1879.2053      216.6764       306.0169       0.17081231   
   1486000   510.35818      1368.5563      1878.9145      167.26281      306.28572      0.17427967   
   1487000   487.88451      1399.3087      1887.1933      97.264959      313.16817      0.18140956   
   1488000   499.06749      1330.3893      1829.4568      24.691758      297.74386      0.18609804   
   1489000   501.81723      1317.3432      1819.1605      57.645098      294.82412      0.18690267   
   1490000   456.85441      1314.2756      1771.13        126.58867      294.13757      0.18664498   
   1491000   486.73817      1326.8131      1813.5513      159.73456      296.94349      0.18509513   
   1492000   509.4599       1324.5238      1833.9837      156.46507      296.43113      0.18336726   
   1493000   497.99878      1331.3732      1829.372       143.48376      297.96405      0.18039845   
   1494000   497.08396      1337.2357      1834.3196      112.8148       299.27609      0.17566927   
   1495000   503.56062      1358.1088      1861.6694      54.067485      303.94753      0.17242981   
   1496000   514.77943      1384.7311      1899.5106      63.311333      309.90567      0.17563078   
   1497000   509.06944      1364.4526      1873.522       55.578576      305.36728      0.18482185   
   1498000   521.24313      1351.5016      1872.7447      105.38203      302.46883      0.1918788    
   1499000   509.30963      1357.886       1867.1956      200.08273      303.89767      0.19458139   
   1500000   466.7675       1368.6905      1835.458       180.84497      306.31575      0.19186049   
   1501000   515.03106      1339.9965      1855.0276      140.09836      299.89397      0.18814236   
   1502000   493.24983      1363.4493      1856.6991      145.76847      305.14274      0.18444752   
   1503000   533.0449       1424.3238      1957.3687      124.00014      318.76659      0.17897971   
   1504000   498.39203      1376.7755      1875.1676      127.82966      308.12519      0.17347585   
   1505000   511.70695      1350.6852      1862.3922      104.0672       302.28613      0.17310041   
   1506000   493.38176      1371.2517      1864.6334      148.41713      306.88894      0.17599679   
   1507000   501.92366      1379.6958      1881.6195      157.24267      308.77876      0.1795153    
   1508000   506.9833       1385.1068      1892.0901      174.68814      309.98974      0.17926987   
   1509000   513.85922      1363.409       1877.2683      229.70504      305.13374      0.17958795   
   1510000   485.51951      1358.4559      1843.9754      254.23804      304.02522      0.17768344   
   1511000   532.51802      1400.5352      1933.0532      254.40028      313.44264      0.17394914   
   1512000   532.32194      1361.219       1893.5409      184.46163      304.64361      0.16831679   
   1513000   504.14065      1363.4586      1867.5992      137.94872      305.14483      0.16643425   
   1514000   500.33659      1336.1684      1836.505       83.718863      299.03724      0.17337574   
   1515000   476.80538      1351.3276      1828.133       32.464805      302.4299       0.18520818   
   1516000   485.79691      1363.9857      1849.7826      98.678757      305.26279      0.18813701   
   1517000   478.92376      1333.5154      1812.4392      149.07929      298.44349      0.18538903   
   1518000   501.22195      1304.5743      1805.7962      199.86518      291.9664       0.18106794   
   1519000   495.69918      1317.9147      1813.6138      255.90307      294.952        0.17783031   
   1520000   474.22144      1337.4338      1811.6552      272.78594      299.32043      0.17862302   
   1521000   474.50433      1342.0498      1816.5541      247.95609      300.3535       0.18284514   
   1522000   483.9485       1292.7425      1776.691       207.72051      289.31843      0.18609282   
   1523000   471.41282      1329.9075      1801.3203      109.90472      297.63603      0.18738637   
   1524000   468.28875      1337.5941      1805.8829      104.59825      299.35631      0.19136184   
   1525000   468.0604       1343.3156      1811.376       163.72307      300.63679      0.19639911   
   1526000   473.09688      1335.4869      1808.5838      141.12519      298.88471      0.19704645   
   1527000   473.92309      1344.7313      1818.6544      163.12051      300.95363      0.19565743   
   1528000   454.20567      1416.0276      1870.2333      220.9592       316.90989      0.19117001   
   1529000   501.06202      1347.5214      1848.5834      215.03806      301.57805      0.18503996   
   1530000   479.23772      1359.9198      1839.1575      176.47693      304.35284      0.18346134   
   1531000   479.24606      1366.5543      1845.8003      177.05708      305.83765      0.18718643   
   1532000   490.93448      1418.4771      1909.4116      169.0042       317.45809      0.19179406   
   1533000   485.09604      1364.7898      1849.8858      228.67875      305.44276      0.19280941   
   1534000   494.58708      1346.7824      1841.3695      285.08732      301.41267      0.18651699   
   1535000   500.59368      1325.6513      1826.245       235.83914      296.68348      0.17401858   
   1536000   493.35466      1319.2426      1812.5973      221.99179      295.2492       0.1722002    
   1537000   494.58915      1341.0891      1835.6783      165.55183      300.1385       0.17525746   
   1538000   494.33175      1319.8814      1814.2132      77.284421      295.39218      0.1769835    
   1539000   518.89011      1291.2465      1810.1366      101.94525      288.98362      0.17936552   
   1540000   477.85753      1331.8528      1809.7103      146.81755      298.07138      0.1843032    
   1541000   490.55676      1357.7284      1848.2852      152.02907      303.86241      0.19057358   
   1542000   481.99231      1366.7794      1848.7717      183.95981      305.88804      0.19467439   
   1543000   471.43705      1357.8635      1829.3006      190.53863      303.89264      0.19133027   
   1544000   507.15942      1351.97        1859.1295      191.15804      302.57367      0.18745867   
   1545000   515.3623       1373.3552      1888.7175      215.66103      307.35972      0.18714709   
   1546000   489.81054      1372.0009      1861.8114      159.04758      307.05662      0.18780751   
   1547000   460.09945      1386.7999      1846.8993      104.05074      310.36866      0.18877123   
   1548000   513.92406      1340.613       1854.5371      21.775073      300.03195      0.18966831   
   1549000   502.34808      1342.4546      1844.8027      39.032994      300.44409      0.18976514   
   1550000   484.97521      1348.3173      1833.2925      81.651627      301.75619      0.18829247   
   1551000   493.01903      1359.8159      1852.835       214.80763      304.3296       0.18664028   
   1552000   492.23385      1346.0774      1838.3113      298.68608      301.25489      0.18625589   
   1553000   469.09172      1337.4101      1806.5019      287.07199      299.31513      0.18710385   
   1554000   482.31526      1306.3583      1788.6735      224.92766      292.36566      0.18599276   
   1555000   476.11196      1343.1613      1819.2733      94.490945      300.60227      0.18645639   
   1556000   489.0999       1313.2298      1802.3297      68.760773      293.90353      0.19281487   
   1557000   494.45598      1331.1614      1825.6174      52.164411      297.91665      0.1951225    
   1558000   477.13984      1327.8399      1804.9797      150.35943      297.17329      0.19054917   
   1559000   492.75322      1314.8069      1807.5602      177.26242      294.25649      0.18104791   
   1560000   502.10975      1285.91        1788.0197      163.82454      287.78929      0.17836748   
   1561000   507.82865      1337.208       1845.0366      157.61392      299.26989      0.17906591   
   1562000   510.74869      1341.5674      1852.3161      157.24465      300.24553      0.18014307   
   1563000   507.91746      1364.6822      1872.5996      152.6798       305.41867      0.18317821   
   1564000   537.3519       1377.8431      1915.195       115.10758      308.36412      0.18495467   
   1565000   516.60971      1370.8924      1887.5021      203.62838      306.80853      0.18546688   
   1566000   506.28732      1334.7526      1841.0399      178.69379      298.72038      0.18188557   
   1567000   499.73675      1372.5037      1872.2405      131.4369       307.16915      0.17644326   
   1568000   529.0136       1357.8874      1886.901       123.0164       303.898        0.17280469   
   1569000   534.58959      1377.436       1912.0255      115.0821       308.27299      0.1722389    
   1570000   508.08162      1355.1994      1863.281       174.67132      303.29641      0.17825716   
   1571000   499.22619      1364.8412      1864.0674      166.24415      305.45427      0.18730327   
   1572000   503.16374      1357.7931      1860.9568      227.92356      303.87688      0.19123776   
   1573000   492.3025       1382.8358      1875.1383      298.20341      309.4815       0.19138669   
   1574000   505.43625      1371.4883      1876.9245      277.15972      306.94189      0.19006849   
   1575000   512.63137      1383.3094      1895.9408      238.4197       309.58749      0.18615093   
   1576000   490.07554      1369.1629      1859.2384      202.72458      306.42147      0.18241251   
   1577000   491.56998      1358.6862      1850.2562      165.69993      304.07676      0.18486688   
   1578000   461.83403      1342.8684      1804.7024      121.18741      300.5367       0.18667333   
   1579000   476.40885      1299.7394      1776.1482      95.159002      290.88434      0.18633552   
   1580000   490.84804      1320.7446      1811.5927      128.32625      295.58536      0.18657007   
   1581000   478.25275      1333.1018      1811.3545      128.93815      298.35091      0.18378567   
   1582000   494.72426      1318.7142      1813.4385      150.14204      295.13094      0.17858306   
   1583000   495.47255      1333.0609      1828.5334      139.26924      298.34176      0.17298511   
   1584000   481.35964      1308.4002      1789.7598      141.63885      292.82264      0.17091059   
   1585000   504.85906      1313.8992      1818.7583      142.64874      294.05334      0.17130174   
   1586000   500.78102      1329.5042      1830.2852      146.41176      297.54577      0.1746173    
   1587000   483.00462      1335.729       1818.7336      160.59987      298.93889      0.18250006   
   1588000   497.0289       1314.659       1811.6879      165.51471      294.22338      0.18704585   
   1589000   481.45064      1348.3442      1829.7948      228.34548      301.7622       0.18906963   
   1590000   491.63491      1349.0438      1840.6787      280.04583      301.91877      0.18711102   
   1591000   500.17528      1311.869       1812.0443      217.45096      293.59897      0.1784019    
   1592000   506.26656      1292.8316      1799.0982      216.16052      289.33837      0.17387263   
   1593000   485.37817      1344.2518      1829.6299      186.74086      300.8463       0.1725136    
   1594000   501.5812       1370.0896      1871.6708      67.91869       306.62886      0.1755768    
   1595000   520.41273      1404.0226      1924.4353     -28.975637      314.22314      0.18000346   
   1596000   509.22655      1368.423       1877.6495     -48.678388      306.25587      0.18051597   
   1597000   508.69994      1344.8173      1853.5173     -25.380775      300.97288      0.17638677   
   1598000   519.65153      1366.0224      1885.6739      84.992145      305.71862      0.17206695   
   1599000   510.72205      1377.4136      1888.1356      184.70747      308.26798      0.17210389   
   1600000   471.22721      1368.3138      1839.541       290.52796      306.23144      0.18114672   
   1601000   497.6595       1322.0634      1819.7229      261.1061       295.8805       0.18644752   
   1602000   501.59356      1312.769       1814.3626      265.80684      293.8004       0.18779223   
   1603000   482.94144      1322.6174      1805.5589      183.88013      296.00449      0.1856671    
   1604000   488.50514      1323.1726      1811.6778      153.72388      296.12875      0.17940696   
   1605000   500.29905      1336.1095      1836.4085      97.803266      299.02404      0.17248711   
   1606000   507.28969      1305.0641      1812.3538      78.491445      292.07603      0.16977789   
   1607000   528.36655      1253.4344      1781.8009      50.309573      280.52119      0.17217348   
   1608000   504.02631      1327.1312      1831.1575      56.506498      297.0147       0.1774946    
   1609000   491.89532      1342.512       1834.4073      98.815875      300.45694      0.18194384   
   1610000   488.21         1326.7675      1814.9775      77.107036      296.93329      0.18376241   
   1611000   504.56917      1316.6296      1821.1987      162.77534      294.6644       0.1861053    
   1612000   484.09033      1352.8028      1836.8931      293.8822       302.76003      0.18682558   
   1613000   479.70248      1356.445       1836.1475      322.2144       303.57518      0.18213669   
   1614000   506.10711      1341.4053      1847.5124      213.27051      300.20926      0.17169207   
   1615000   500.9867       1337.4669      1838.4535      120.27505      299.32783      0.16895892   
   1616000   515.82372      1339.1163      1854.94        66.769135      299.69697      0.17137848   
   1617000   528.33904      1361.8191      1890.1581      62.723313      304.77791      0.17541279   
   1618000   492.52931      1370.4476      1862.977       78.301297      306.709        0.18028336   
   1619000   495.51499      1357.7375      1853.2525      86.383438      303.86445      0.18344239   
   1620000   518.00657      1343.5351      1861.5417      180.32124      300.68592      0.18542267   
   1621000   490.60408      1382.629       1873.233       251.64329      309.4352       0.18477599   
   1622000   494.06389      1353.043       1847.1069      182.98377      302.8138       0.18124113   
   1623000   522.45443      1333.1438      1855.5982      141.25186      298.36032      0.1781447    
   1624000   521.80533      1340.504       1862.3093      84.609117      300.00754      0.17177467   
   1625000   496.07953      1333.9425      1830.022       56.55484       298.53907      0.16620575   
   1626000   531.92855      1277.1181      1809.0466      56.665372      285.82165      0.16467188   
   1627000   526.42978      1301.2103      1827.6401      142.88951      291.21353      0.17188524   
   1628000   474.75307      1322.9949      1797.748       206.47342      296.08898      0.18334198   
   1629000   484.49919      1361.0852      1845.5844      267.90139      304.61367      0.18538529   
   1630000   496.39865      1358.3189      1854.7175      245.40834      303.99455      0.18397171   
   1631000   529.36702      1330.3606      1859.7276      234.6236       297.73743      0.18378583   
   1632000   510.23264      1382.9861      1893.2188      208.91039      309.51514      0.18487424   
   1633000   497.34105      1359.7551      1857.0962      148.08971      304.31599      0.1860706    
   1634000   480.54359      1362.9151      1843.4586      102.77814      305.02319      0.18693381   
   1635000   503.70704      1384.9416      1888.6486      98.536596      309.95277      0.1858593    
   1636000   511.59173      1376.9782      1888.5699      119.31145      308.17054      0.18093262   
   1637000   494.99635      1350.0463      1845.0426      130.97454      302.14313      0.17670589   
   1638000   484.30144      1329.8262      1814.1277      134.78539      297.61784      0.17602186   
   1639000   493.64653      1343.8208      1837.4673      138.7544       300.74985      0.17852701   
   1640000   516.95204      1336.7407      1853.6927      184.2855       299.16531      0.18485957   
   1641000   455.3866       1299.716       1755.1026      254.04889      290.8791       0.1913195    
   1642000   482.89353      1277.7001      1760.5936      219.57023      285.9519       0.19307771   
   1643000   469.12762      1308.36        1777.4876      283.7726       292.81366      0.19493135   
   1644000   480.47504      1333.5966      1814.0716      198.93224      298.46165      0.19186994   
   1645000   485.70961      1301.6675      1787.3771      203.9778       291.31586      0.18870106   
   1646000   451.14808      1288.0117      1739.1597      155.78862      288.25965      0.18466225   
   1647000   484.42293      1327.8794      1812.3023      159.29779      297.18213      0.18448417   
   1648000   498.12565      1317.4106      1815.5363      110.17386      294.8392       0.18543141   
   1649000   492.70263      1333.9261      1826.6287      158.42291      298.5354       0.1882375    
   1650000   462.976        1325.0097      1787.9857      185.1178       296.53989      0.19120571   
   1651000   465.22855      1311.8793      1777.1078      200.25374      293.60127      0.18765495   
   1652000   462.909        1296.9994      1759.9084      131.12845      290.27113      0.17567971   
   1653000   519.80324      1310.0959      1829.8992      155.9538       293.20216      0.17288823   
   1654000   494.76184      1325.9384      1820.7003      128.58445      296.74774      0.17516021   
   1655000   508.51596      1317.0916      1825.6076      132.16804      294.7678       0.178788     
   1656000   501.79224      1301.042       1802.8342      89.966718      291.17587      0.18001828   
   1657000   472.95856      1347.6697      1820.6282      74.556373      301.61124      0.17968089   
   1658000   508.82534      1304.4378      1813.2631      138.48005      291.93586      0.18066122   
   1659000   486.51376      1293.0894      1779.6032      208.71604      289.39607      0.18386604   
   1660000   493.6936       1336.9319      1830.6255      282.40493      299.2081       0.18948434   
   1661000   501.46607      1347.7571      1849.2232      334.35645      301.6308       0.19394351   
   1662000   499.06642      1378.5907      1877.6572      274.8986       308.53144      0.19122456   
   1663000   483.89135      1386.7845      1870.6758      219.82387      310.36521      0.18298594   
   1664000   504.77266      1340.2584      1845.0311      132.71827      299.95258      0.17702566   
   1665000   522.83025      1337.0916      1859.9218      108.01247      299.24384      0.17623952   
   1666000   523.13641      1349.5247      1872.6611      107.27507      302.0264       0.17756762   
   1667000   488.29731      1369.26        1857.5573      157.45921      306.4432       0.17928471   
   1668000   495.75403      1382.1638      1877.9178      269.79249      309.3311       0.18461569   
   1669000   476.8381       1394.1851      1871.0232      292.09551      312.0215       0.18863614   
   1670000   478.16988      1390.2118      1868.3817      203.70578      311.13226      0.18769687   
   1671000   509.21791      1344.1075      1853.3254      117.357        300.81401      0.18362883   
   1672000   500.79283      1328.2253      1829.0181      40.061001      297.25954      0.17384095   
   1673000   532.18363      1357.9959      1890.1795      29.791007      303.92226      0.16820113   
   1674000   529.82107      1351.8819      1881.7029      54.183189      302.55394      0.1677442    
   1675000   525.62752      1370.3035      1895.931       48.749728      306.67674      0.1694976    
   1676000   494.51319      1372.3755      1866.8887      168.11624      307.14046      0.17580049   
   1677000   525.70137      1335.8187      1861.5201      218.24839      298.95897      0.17997502   
   1678000   506.78671      1384.6684      1891.4551      275.50724      309.89163      0.18285719   
   1679000   499.10143      1358.2777      1857.3791      291.21744      303.98533      0.1850848    
   1680000   507.79713      1364.22        1872.0172      262.04504      305.31525      0.1867855    
   1681000   510.65353      1324.4944      1835.1479      251.44264      296.42456      0.18432552   
   1682000   532.02309      1328.0964      1860.1194      192.49798      297.23069      0.17635692   
   1683000   505.62616      1348.0706      1853.6967      147.82482      301.70096      0.17118585   
   1684000   520.13631      1337.8508      1857.9871      132.70261      299.41375      0.17006678   
   1685000   508.75292      1362.212       1870.9649      174.1206       304.86583      0.17806506   
   1686000   534.83374      1385.5817      1920.4154      215.37051      310.09603      0.18742308   
   1687000   480.70667      1373.1462      1853.8529      201.78454      307.31294      0.18923163   
   1688000   494.97781      1347.5246      1842.5024      163.45642      301.57877      0.18911973   
   1689000   493.47593      1360.4917      1853.9676      82.107183      304.48083      0.18698477   
   1690000   518.65625      1332.3569      1851.0131      95.832305      298.1842       0.18698771   
   1691000   490.56926      1395.5466      1886.1159      82.241177      312.3262       0.18596887   
   1692000   502.00521      1373.881       1875.8862      106.24245      307.47739      0.18741038   
   1693000   479.05193      1374.2397      1853.2917      175.55683      307.55768      0.18888132   
   1694000   476.07954      1368.3427      1844.4223      234.81267      306.23791      0.19017676   
   1695000   495.94557      1304.4902      1800.4357      196.97561      291.94757      0.18625429   
   1696000   524.93592      1311.1545      1836.0904      169.71515      293.43906      0.17981029   
   1697000   498.20453      1354.694       1852.8985      144.94777      303.1833       0.17707399   
   1698000   490.06964      1343.47        1833.5396      91.475739      300.67134      0.17551155   
   1699000   515.04413      1326.0404      1841.0846      78.421046      296.77057      0.17625432   
   1700000   483.56389      1298.6559      1782.2198      44.818346      290.64185      0.18169158   
   1701000   505.35731      1311.5018      1816.8591      63.878764      293.51679      0.18961155   
   1702000   481.4839       1301.7851      1783.269       112.77844      291.34218      0.19223581   
   1703000   469.64666      1339.3359      1808.9826      177.68317      299.74613      0.18998342   
   1704000   465.14011      1309.5436      1774.6837      176.11071      293.07854      0.18165162   
   1705000   486.44098      1310.8292      1797.2702      150.07513      293.36626      0.17449803   
   1706000   507.75744      1326.8148      1834.5722      86.832381      296.94387      0.17268938   
   1707000   519.33832      1361.7992      1881.1375      55.686627      304.77346      0.17437058   
   1708000   506.11848      1370.5456      1876.664       77.231216      306.73091      0.17898964   
   1709000   487.64538      1343.5212      1831.1666      116.90509      300.68281      0.18238198   
   1710000   534.10268      1352.1788      1886.2815      128.85542      302.62039      0.18404242   
   1711000   495.17102      1343.6843      1838.8553      164.63923      300.71929      0.18346537   
   1712000   513.87491      1335.1413      1849.0162      119.86522      298.80736      0.1807045    
   1713000   541.89419      1383.6423      1925.5365      131.86756      309.66199      0.17351704   
   1714000   502.58882      1408.7988      1911.3876      104.48944      315.29206      0.16388218   
   1715000   482.50054      1397.2971      1879.7976      99.717304      312.71795      0.16556106   
   1716000   522.00372      1339.6328      1861.6365      141.11089      299.81257      0.17178308   
   1717000   495.64522      1341.3518      1836.997       137.19824      300.19729      0.17645435   
   1718000   475.19686      1371.9989      1847.1958      219.67223      307.05618      0.18185557   
   1719000   485.94272      1353.4436      1839.3863      242.37054      302.90346      0.18560412   
   1720000   538.46397      1345.8807      1884.3447      204.64007      301.21086      0.18733516   
   1721000   510.4854       1330.3842      1840.8696      228.0899       297.74271      0.18909      
   1722000   492.18405      1353.9968      1846.1808      213.42173      303.02726      0.18954831   
   1723000   500.69349      1356.4871      1857.1806      216.6734       303.58461      0.18944082   
   1724000   517.49387      1331.0493      1848.5432      146.76591      297.89158      0.18281713   
   1725000   520.92047      1322.5637      1843.4842      180.15807      295.99248      0.17446658   
   1726000   500.66173      1332.4994      1833.1612      163.18717      298.21611      0.16970874   
   1727000   491.52747      1319.1665      1810.694       105.82148      295.23218      0.1691645    
   1728000   512.44677      1322.649       1835.0958      100.55524      296.01156      0.17263348   
   1729000   502.0442       1374.046       1876.0902      67.137931      307.51432      0.17782547   
   1730000   481.41746      1358.395       1839.8125      81.74358       304.0116       0.18145768   
   1731000   502.08637      1375.2958      1877.3822      104.19319      307.79403      0.18138257   
   1732000   506.80513      1395.1248      1901.9299      188.32707      312.23179      0.18069166   
   1733000   528.096        1373.1018      1901.1978      166.3666       307.303        0.17772576   
   1734000   521.0915       1378.4414      1899.5329      198.72903      308.49802      0.1719726    
   1735000   518.52662      1356.6984      1875.225       145.98339      303.63188      0.16529047   
   1736000   511.11214      1356.3412      1867.4533      131.08821      303.55194      0.16793338   
   1737000   497.5782       1402.4217      1899.9999      188.00783      313.86486      0.17570305   
   1738000   537.90079      1360.2278      1898.1286      143.50898      304.42177      0.1796022    
   1739000   515.30246      1366.2553      1881.5578      140.97198      305.77075      0.18167957   
   1740000   483.68414      1376.0466      1859.7308      178.12254      307.96206      0.18238087   
   1741000   501.76344      1362.3115      1864.0749      149.7827       304.88811      0.18265017   
   1742000   516.05042      1369.5112      1885.5616      193.93355      306.49942      0.18233311   
   1743000   484.78332      1350.0444      1834.8277      182.25972      302.14271      0.17966229   
   1744000   509.03779      1367.7095      1876.7473      169.72856      306.0962       0.17466713   
   1745000   514.85132      1362.3272      1877.1785      123.3593       304.89163      0.17126453   
   1746000   528.53148      1382.984       1911.5155      112.71632      309.51466      0.16994689   
   1747000   519.024        1382.6686      1901.6926      131.41806      309.44407      0.16990491   
   1748000   510.24785      1365.1674      1875.4153      100.95952      305.52727      0.17344224   
   1749000   506.07974      1341.4418      1847.5215      79.831589      300.21743      0.17783516   
   1750000   513.11379      1327.0719      1840.1857      104.25553      297.00142      0.18020222   
   1751000   495.93157      1337.1088      1833.0404      102.72008      299.24769      0.18271329   
   1752000   466.8313       1283.8202      1750.6515      150.60332      287.3216       0.18751543   
   1753000   467.27038      1313.4         1780.6704      192.03745      293.94162      0.19258644   
   1754000   438.69336      1346.3191      1785.0125      228.10876      301.30898      0.1945447    
   1755000   454.3979       1322.3037      1776.7016      177.40535      295.93428      0.18808832   
   1756000   505.04976      1301.8296      1806.8793      116.99087      291.35213      0.17726094   
   1757000   476.18525      1347.5674      1823.7526      139.49973      301.58835      0.17543237   
   1758000   476.48654      1355.7296      1832.2162      112.83997      303.41507      0.17664431   
   1759000   508.82274      1336.5592      1845.382       58.4331        299.1247       0.18124175   
   1760000   504.04961      1351.7517      1855.8013      20.303134      302.5248       0.18704064   
   1761000   516.91092      1396.7245      1913.6354      30.418961      312.58981      0.19171712   
   1762000   495.81559      1360.7451      1856.5607      90.911965      304.53754      0.19189485   
   1763000   481.05621      1367.4675      1848.5237      175.36336      306.04203      0.18965906   
   1764000   489.90841      1358.673       1848.5814      218.05798      304.0738       0.1867774    
   1765000   500.51137      1374.1162      1874.6276      302.14086      307.53004      0.1850005    
   1766000   513.24777      1362.7674      1876.0152      217.51878      304.99014      0.17940527   
   1767000   516.70153      1423.1269      1939.8285      150.3108       318.49873      0.17373796   
   1768000   507.98746      1369.255       1877.2424      134.67986      306.44207      0.17131595   
   1769000   517.34474      1353.1628      1870.5076      108.93932      302.84062      0.17327431   
   1770000   517.25134      1338.9096      1856.1609      125.07458      299.65072      0.18122254   
   1771000   496.77938      1362.1489      1858.9283      78.964757      304.85173      0.18437381   
   1772000   514.70986      1375.0975      1889.8074      126.0647       307.74964      0.18463771   
   1773000   501.14451      1364.7565      1865.9011      122.75426      305.43531      0.18290318   
   1774000   497.76448      1340.1853      1837.9497      163.18023      299.93621      0.18116966   
   1775000   487.50228      1345.3265      1832.8288      216.84652      301.08683      0.18201378   
   1776000   487.18528      1333.0204      1820.2056      268.88254      298.33269      0.18548271   
   1777000   478.76302      1325.5183      1804.2814      198.26269      296.65373      0.19270125   
   1778000   452.00222      1353.0527      1805.0549      187.73007      302.81597      0.20039963   
   1779000   434.47709      1342.5523      1777.0294      141.05807      300.46596      0.20139929   
   1780000   465.37374      1354.2258      1819.5995      93.397708      303.07851      0.19840664   
   1781000   495.86055      1339.7871      1835.6476      79.45211       299.8471       0.19277445   
   1782000   522.29732      1355.5703      1877.8676      85.292428      303.37942      0.1886686    
   1783000   477.94655      1354.5684      1832.5149      109.62426      303.15519      0.18811707   
   1784000   478.7047       1351.7648      1830.4695      127.55949      302.52774      0.1900805    
   1785000   497.24329      1335.0645      1832.3078      133.62688      298.79019      0.19176106   
   1786000   478.11562      1352.8035      1830.9191      220.86644      302.7602       0.19039172   
   1787000   493.55477      1348.1361      1841.6909      265.0534       301.71562      0.18449445   
   1788000   506.84884      1334.6285      1841.4774      212.43009      298.6926       0.17492988   
   1789000   514.66294      1348.4933      1863.1562      171.26312      301.79557      0.17359852   
   1790000   510.07008      1328.0798      1838.1499      183.76956      297.22699      0.17758809   
   1791000   476.99518      1319.6874      1796.6826      132.68179      295.34875      0.17909713   
   1792000   481.65347      1283.7445      1765.398       128.8033       287.30466      0.17918617   
   1793000   487.32888      1284.3038      1771.6327      116.41512      287.42983      0.17841586   
   1794000   500.99389      1317.274       1818.2678      147.55718      294.80861      0.17669823   
   1795000   519.6902       1320.0345      1839.7247      122.61806      295.42644      0.17415441   
   1796000   530.70644      1282.2953      1813.0017      110.8688       286.98032      0.1754713    
   1797000   499.74489      1340.2137      1839.9586      201.36104      299.94257      0.18532783   
   1798000   483.24985      1396.934       1880.1838      220.4123       312.63669      0.19154997   
   1799000   509.26444      1325.4562      1834.7207      239.01723      296.63982      0.19319458   
   1800000   495.53527      1345.3174      1840.8526      299.64911      301.08479      0.1916278    
   1801000   494.25864      1364.0639      1858.3226      249.5779       305.28031      0.18714171   
   1802000   483.35335      1351.6046      1834.958       159.57052      302.49189      0.18167057   
   1803000   487.45837      1345.946       1833.4043      91.582976      301.22547      0.17628576   
   1804000   497.79476      1370.4205      1868.2152      104.82818      306.70291      0.17458654   
   1805000   517.72487      1357.3701      1875.095       86.002065      303.78222      0.17449962   
   1806000   542.38786      1378.2349      1920.6228      140.46201      308.45181      0.1747224    
   1807000   512.96319      1357.5636      1870.5268      140.33138      303.82553      0.17451441   
   1808000   478.53547      1359.5826      1838.118       142.55636      304.27737      0.17683234   
   1809000   501.34423      1346.3578      1847.7021      114.34707      301.31764      0.1864372    
   1810000   488.18709      1342.8813      1831.0684      68.760604      300.5396       0.19311393   
   1811000   475.01054      1302.5462      1777.5568      13.227058      291.51252      0.1931452    
   1812000   461.0289       1308.3445      1769.3734      54.575278      292.81017      0.19120844   
   1813000   489.65403      1315.7865      1805.4406      143.44031      294.47573      0.18789304   
   1814000   494.83084      1329.4         1824.2308      169.82598      297.52244      0.18427668   
   1815000   482.25134      1380.1398      1862.3912      197.99367      308.87813      0.18286169   
   1816000   513.54044      1377.024       1890.5644      214.99633      308.1808       0.18049856   
   1817000   518.47771      1359.0561      1877.5338      244.29758      304.15955      0.17749914   
   1818000   512.113        1363.7303      1875.8433      194.29158      305.20564      0.17029199   
   1819000   516.20564      1353.6231      1869.8287      123.70919      302.94363      0.16576826   
   1820000   520.28422      1354.8454      1875.1296      58.044211      303.21717      0.16902331   
   1821000   536.40979      1345.7957      1882.2055     -3.6780514      301.19183      0.17592092   
   1822000   531.57824      1333.2711      1864.8493     -38.66065       298.3888       0.17962028   
   1823000   497.28066      1373.1369      1870.4175      43.311062      307.31085      0.18151484   
   1824000   493.97932      1374.0606      1868.0399      148.50248      307.51758      0.17877884   
   1825000   501.78957      1390.5636      1892.3532      215.82224      311.21099      0.17446792   
   1826000   508.66023      1337.888       1846.5482      228.53265      299.42208      0.17441521   
   1827000   489.66533      1352.9827      1842.648       205.55969      302.8003       0.17681108   
   1828000   484.82463      1341.5478      1826.3725      199.48187      300.24116      0.18306814   
   1829000   468.6292       1341.0654      1809.6946      185.37567      300.13319      0.18804669   
   1830000   480.07251      1328.6111      1808.6836      142.86944      297.3459       0.19057288   
   1831000   472.99645      1282.9128      1755.9092      145.92552      287.11852      0.19031668   
   1832000   484.78738      1298.4806      1783.268       106.0145       290.60262      0.18702837   
   1833000   500.56749      1306.6195      1807.187       106.7882       292.42412      0.18149898   
   1834000   498.16998      1333.2903      1831.4603      114.71252      298.39311      0.17555707   
   1835000   511.49131      1345.8056      1857.297       138.42386      301.19407      0.17293063   
   1836000   540.6723       1348.615       1889.2873      169.77071      301.8228       0.17371239   
   1837000   496.30782      1348.7237      1845.0316      124.84167      301.84714      0.176982     
   1838000   490.24518      1343.8858      1834.131       154.23805      300.76441      0.18532974   
   1839000   511.5872       1318.8448      1830.432       104.23346      295.16017      0.19043194   
   1840000   474.14528      1353.0455      1827.1908      117.81813      302.81437      0.19198518   
   1841000   492.74535      1335.422       1828.1674      144.24467      298.87019      0.18755093   
   1842000   496.11857      1298.3182      1794.4368      172.45452      290.56628      0.18244115   
   1843000   500.97136      1377.1198      1878.0911      212.2088       308.20223      0.18226459   
   1844000   504.66366      1341.9016      1846.5653      209.89317      300.32033      0.18350525   
   1845000   496.83045      1352.2751      1849.1055      198.58288      302.64194      0.18463992   
   1846000   505.02363      1342.4728      1847.4965      166.42953      300.44817      0.18563525   
   1847000   499.24942      1405.2135      1904.463       146.13377      314.48967      0.19007444   
   1848000   493.63655      1383.0598      1876.6964      111.29325      309.53162      0.19294637   
   1849000   502.00411      1359.3185      1861.3226      30.001577      304.21828      0.1914514    
   1850000   500.12462      1335.3878      1835.5124      6.9720416      298.86253      0.18500736   
   1851000   514.35399      1331.1658      1845.5198      4.057165       297.91765      0.17834175   
   1852000   485.49095      1333.8347      1819.3257      59.868615      298.51495      0.17621658   
   1853000   502.63019      1322.8322      1825.4624      107.07152      296.05256      0.17765187   
   1854000   522.19857      1327.6119      1849.8105      193.8832       297.12227      0.18132495   
   1855000   494.22595      1285.6554      1779.8814      195.04262      287.73233      0.18584931   
   1856000   471.24984      1325.5961      1796.8459      185.01095      296.67113      0.19117382   
   1857000   478.95865      1286.2774      1765.236       141.30141      287.87152      0.1927315    
   1858000   488.63239      1304.7721      1793.4045      120.19436      292.01068      0.18626543   
   1859000   516.81296      1313.5677      1830.3807      113.45509      293.97915      0.17905087   
   1860000   533.24234      1351.481       1884.7233      117.72711      302.46421      0.1745522    
   1861000   519.78123      1356.7382      1876.5194      163.70248      303.64079      0.1742905    
   1862000   511.9088       1376.2453      1888.154       234.57443      308.00651      0.17634415   
   1863000   538.58837      1372.529       1911.1173      200.63072      307.1748       0.17592143   
   1864000   516.15874      1402.1888      1918.3475      192.82715      313.81273      0.17482162   
   1865000   493.58245      1344.2312      1837.8137      144.91867      300.84171      0.17708128   
   1866000   480.01876      1339.6314      1819.6501      144.61558      299.81225      0.18549625   
   1867000   464.19392      1338.8262      1803.0202      41.017363      299.63206      0.19373282   
   1868000   451.1778       1342.685       1793.8628     -30.58348       300.49567      0.19624307   
   1869000   501.05951      1321.0913      1822.1508     -7.2448185      295.66295      0.19205431   
   1870000   491.05163      1297.6021      1788.6538      128.53067      290.40602      0.18718011   
   1871000   512.05354      1325.3331      1837.3867      261.3331       296.61227      0.1844207    
   1872000   483.80861      1328.3642      1812.1728      345.44579      297.29063      0.18457145   
   1873000   492.49831      1317.8087      1810.307       352.92474      294.9283       0.1853475    
   1874000   484.72617      1329.6264      1814.3526      297.7748       297.57312      0.18714802   
   1875000   496.37478      1304.7281      1801.1029      151.0184       292.00083      0.18954695   
   1876000   469.05867      1290.7602      1759.8188      45.825462      288.87477      0.19331724   
   1877000   454.9331       1333.7862      1788.7193     -12.397359      298.50408      0.20024293   
   1878000   504.06929      1299.6202      1803.6895      1.2532508      290.85767      0.20414102   
   1879000   484.36675      1308.1535      1792.5203      69.7404        292.76745      0.20130345   
   1880000   478.96764      1338.8235      1817.7911      123.88168      299.63144      0.19435616   
   1881000   477.75233      1305.9688      1783.7212      218.83748      292.27851      0.19050353   
   1882000   492.51226      1325.2214      1817.7337      270.3382       296.58727      0.1889659    
   1883000   519.04736      1312.414       1831.4613      197.59452      293.72094      0.18597334   
   1884000   466.79262      1360.4294      1827.222       171.36156      304.46688      0.1858235    
   1885000   492.27865      1360.2441      1852.5227      171.32827      304.42542      0.18768095   
   1886000   477.94883      1348.0221      1825.971       141.7116       301.69012      0.19153652   
   1887000   464.31607      1301.9715      1766.2876      80.925289      291.38389      0.19560731   
   1888000   439.13201      1303.3581      1742.4901      46.577357      291.69422      0.19942505   
   1889000   477.00284      1320.0109      1797.0137      95.172766      295.42115      0.19986693   
   1890000   468.88975      1301.6414      1770.5311      203.71476      291.31001      0.19508797   
   1891000   480.17942      1367.8374      1848.0168      315.97448      306.12482      0.18732644   
   1892000   498.02109      1387.6567      1885.6778      350.46858      310.56042      0.1833406    
   1893000   463.39547      1357.2951      1820.6905      308.9912       303.76542      0.18377396   
   1894000   488.70229      1340.8003      1829.5026      244.06922      300.07386      0.18559032   
   1895000   493.22627      1324.4441      1817.6703      136.62689      296.4133       0.18737301   
   1896000   508.01202      1333.9225      1841.9345      80.084479      298.53459      0.18937187   
   1897000   479.5938       1380.7032      1860.297       61.314635      309.0042       0.19109095   
   1898000   498.71741      1346.3586      1845.076       27.425879      301.31782      0.19141181   
   1899000   483.80928      1365.9758      1849.7851      59.17557       305.7082       0.18716542   
   1900000   499.64551      1344.6659      1844.3114      94.857942      300.939        0.18145049   
   1901000   504.89383      1360.7726      1865.6664      135.54115      304.5437       0.18313335   
   1902000   491.34612      1368.704       1860.0502      246.78345      306.31877      0.18911879   
   1903000   529.30109      1304.322       1833.6231      269.84027      291.90994      0.1912022    
   1904000   482.40611      1349.4718      1831.8779      198.56869      302.01455      0.18733527   
   1905000   516.69538      1364.1169      1880.8123      187.95265      305.29217      0.17913725   
   1906000   516.93243      1345.3848      1862.3172      97.050388      301.09987      0.17190781   
   1907000   539.01158      1317.7237      1856.7353      53.922271      294.90927      0.17013133   
   1908000   522.25828      1323.6505      1845.9088      57.572686      296.2357       0.1717005    
   1909000   480.31652      1323.1263      1803.4428      86.962706      296.11838      0.17558161   
   1910000   498.26885      1342.632       1840.9009      97.739967      300.4838       0.17960708   
   1911000   517.28939      1351.4338      1868.7232      127.04591      302.45366      0.18421733   
   1912000   492.47902      1356.0869      1848.5659      138.15751      303.49502      0.18737559   
   1913000   482.78276      1345.2565      1828.0392      156.43853      301.07116      0.18919033   
   1914000   515.537        1378.4705      1894.0075      250.18617      308.50452      0.18995495   
   1915000   487.2454       1374.6578      1861.9032      278.41125      307.65124      0.18801134   
   1916000   504.30371      1335.918       1840.2217      213.33545      298.9812       0.18673264   
   1917000   496.06954      1324.3223      1820.3918      199.45409      296.38604      0.185718     
   1918000   497.0045       1324.7312      1821.7357      146.38193      296.47756      0.18412979   
   1919000   476.1481       1316.5921      1792.7402      104.27772      294.65601      0.18515886   
   1920000   504.39142      1322.4139      1826.8053      166.43455      295.95894      0.19127929   
   1921000   476.10896      1363.4367      1839.5456      219.55805      305.13992      0.1956418    
   1922000   494.91753      1337.2245      1832.142       244.5763       299.27359      0.19417998   
   1923000   472.55057      1334.9089      1807.4595      301.05009      298.75535      0.18501708   
   1924000   501.26359      1349.3079      1850.5715      242.97432      301.97787      0.1775251    
   1925000   508.32612      1303.7706      1812.0967      224.35974      291.78653      0.17789052   
   1926000   486.85862      1348.2579      1835.1165      205.92917      301.74288      0.18078612   
   1927000   488.54789      1371.5802      1860.1281      124.64108      306.96247      0.1829473    
   1928000   503.03072      1350.3411      1853.3718      99.084492      302.20911      0.18880641   
   1929000   489.7923       1365.761       1855.5533      94.242004      305.66012      0.19234408   
   1930000   500.00896      1403.1297      1903.1387      102.4295       314.02331      0.19066324   
   1931000   509.21829      1346.4093      1855.6276      133.88327      301.32917      0.18622965   
   1932000   526.78602      1313.3164      1840.1024      114.29698      293.9229       0.18362569   
   1933000   476.29778      1355.6553      1831.9531      133.45464      303.39845      0.1850006    
   1934000   482.14797      1340.7579      1822.9059      141.18706      300.06438      0.18599176   
   1935000   496.02168      1324.7785      1820.8002      147.32893      296.48814      0.18333028   
   1936000   481.91948      1311.0156      1792.9351      185.46162      293.40798      0.18109448   
   1937000   491.26057      1324.5052      1815.7657      225.12023      296.42697      0.18017364   
   1938000   496.751        1318.3564      1815.1074      211.85116      295.05087      0.18130066   
   1939000   475.03835      1319.8987      1794.937       205.693        295.39603      0.18434191   
   1940000   494.54233      1329.2567      1823.799       201.01454      297.49038      0.18581429   
   1941000   483.55411      1323.1316      1806.6857      112.62058      296.11956      0.17973218   
   1942000   479.84789      1309.1013      1788.9492      165.46439      292.97955      0.17306561   
   1943000   459.15304      1312.6679      1771.821       167.31567      293.77778      0.17013642   
   1944000   468.64331      1345.9242      1814.5675      203.13337      301.2206       0.1708723    
   1945000   499.10569      1325.1604      1824.2661      176.02612      296.57362      0.17118532   
   1946000   512.59493      1338.7819      1851.3769      180.08867      299.62214      0.17434823   
   1947000   488.92241      1348.7631      1837.6855      213.77056      301.85595      0.18278355   
   1948000   515.26716      1331.3315      1846.5986      126.48609      297.95471      0.18923621   
   1949000   503.0441       1346.1258      1849.1699      80.504992      301.26571      0.18983269   
   1950000   487.4525       1393.5483      1881.0008      27.998293      311.87898      0.18741419   
   1951000   518.81061      1381.8508      1900.6614      60.416815      309.26104      0.18178289   
   1952000   527.54599      1354.7062      1882.2522      158.18029      303.18604      0.17733254   
   1953000   512.22637      1362.0349      1874.2613      249.70736      304.82621      0.17466959   
   1954000   490.34496      1378.4185      1868.7634      344.17725      308.49289      0.17447669   
   1955000   517.0117       1357.6552      1874.6669      340.96227      303.84601      0.17628121   
   1956000   510.35488      1390.7465      1901.1014      287.33308      311.25192      0.17962011   
   1957000   516.48477      1407.7674      1924.2522      150.35637      315.06123      0.18305062   
   1958000   515.26072      1372.5565      1887.8173      27.024188      307.18097      0.18529959   
   1959000   489.16161      1351.2503      1840.412      -4.8254861      302.4126       0.18699703   
   1960000   514.42693      1349.6445      1864.0715      54.020256      302.05322      0.18743202   
   1961000   513.80156      1349.4083      1863.2099      149.85097      302.00036      0.18597094   
   1962000   508.86253      1346.8948      1855.7573      269.48826      301.43782      0.18331281   
   1963000   471.277        1339.7312      1811.0082      333.18286      299.8346       0.1799106    
   1964000   493.85821      1291.9001      1785.7583      277.37501      289.1299       0.17741053   
   1965000   476.0292       1330.7092      1806.7383      146.66217      297.81544      0.17797093   
   1966000   502.15156      1338.011       1840.1626      68.445328      299.44961      0.18287445   
   1967000   493.79047      1333.5318      1827.3222      70.865824      298.44714      0.18869662   
   1968000   511.34602      1295.7185      1807.0645      50.03559       289.98446      0.19319125   
   1969000   485.47158      1335.0682      1820.5397      177.31941      298.79099      0.19599839   
   1970000   442.77009      1356.6311      1799.4012      214.46637      303.61684      0.19281243   
   1971000   458.71233      1355.3007      1814.013       285.88109      303.31908      0.18538322   
   1972000   528.19321      1343.0981      1871.2913      254.23457      300.58811      0.17777564   
   1973000   514.15656      1384.5349      1898.6914      217.97673      309.86175      0.17427416   
   1974000   501.61811      1356.2826      1857.9007      169.86897      303.53882      0.17467934   
   1975000   515.98715      1378.02        1894.0072      180.69067      308.40371      0.17990374   
   1976000   513.60104      1378.6794      1892.2804      146.61417      308.55127      0.18673203   
   1977000   505.03725      1346.4326      1851.4699      140.55862      301.33439      0.19055361   
   1978000   497.67489      1400.8077      1898.4826      141.81185      313.50363      0.18786801   
   1979000   496.60839      1371.0558      1867.6642      100.48322      306.84511      0.18373872   
   1980000   524.8286       1346.2696      1871.0982      107.9722       301.29789      0.18246128   
   1981000   496.69559      1344.7514      1841.447       77.436226      300.95813      0.1841256    
   1982000   479.07083      1396.5585      1875.6293      135.93393      312.55266      0.18817178   
   1983000   471.75043      1369.7211      1841.4716      246.5055       306.5464       0.1906679    
   1984000   489.51149      1349.6232      1839.1347      303.17861      302.04845      0.19159492   
   1985000   511.10089      1359.584       1870.6849      324.99142      304.2777       0.19069256   
   1986000   502.44623      1338.0089      1840.4552      287.52128      299.44915      0.1867764    
   1987000   512.00803      1370.7701      1882.7782      217.92125      306.78117      0.18432446   
   1988000   504.68984      1338.3484      1843.0383      132.16778      299.52513      0.18218472   
   1989000   496.76603      1370.5978      1867.3638      77.386124      306.74259      0.17993338   
   1990000   478.481        1373.2678      1851.7488      76.439012      307.34015      0.178972     
   1991000   488.26856      1369.5892      1857.8577      50.964272      306.51687      0.17788438   
   1992000   511.02015      1379.8675      1890.8877      107.91397      308.81718      0.18012687   
   1993000   499.66696      1362.6304      1862.2973      212.06231      304.95947      0.18652702   
   1994000   465.36029      1412.1057      1877.466       289.38433      316.03216      0.19381351   
   1995000   485.36976      1336.2483      1821.6181      338.90528      299.05512      0.19400441   
   1996000   472.25974      1365.9919      1838.2517      357.61674      305.7118       0.19057582   
   1997000   465.36856      1360.9491      1826.3177      335.5301       304.58321      0.18696618   
   1998000   490.84104      1332.7605      1823.6015      254.62923      298.27453      0.18360415   
   1999000   506.85748      1365.9705      1872.8279      155.53435      305.70699      0.17983402   
   2000000   485.00817      1357.8678      1842.876       60.484802      303.89361      0.17895043   
Loop time of 9476.86 on 8 procs for 2000000 steps with 1500 atoms

Performance: 9.117 ns/day, 2.632 hours/ns, 211.040 timesteps/s, 316.561 katom-step/s
97.1% CPU use with 8 MPI tasks x 1 OpenMP threads

MPI task timing breakdown:
Section |  min time  |  avg time  |  max time  |%varavg| %total
---------------------------------------------------------------
Pair    | 371.64     | 395.88     | 422.98     |  91.2 |  4.18
Bond    | 20.632     | 22.373     | 23.872     |  26.5 |  0.24
Kspace  | 4118.9     | 4151.5     | 4178.7     |  32.6 | 43.81
Neigh   | 7.0019     | 7.0398     | 7.0758     |   0.8 |  0.07
Comm    | 172.55     | 176.98     | 182.71     |  27.2 |  1.87
Output  | 0.30482    | 0.32137    | 0.43629    |   7.7 |  0.00
Modify  | 4370.5     | 4490.3     | 4635.3     | 124.1 | 47.38
Other   |            | 232.5      |            |       |  2.45

Nlocal:          187.5 ave         250 max         162 min
Histogram: 3 1 1 0 2 0 0 0 0 1
Nghost:        1768.25 ave        1839 max        1646 min
Histogram: 1 0 0 0 0 2 1 2 0 2
Neighs:        15666.2 ave       23130 max       12544 min
Histogram: 3 1 1 1 0 1 0 0 0 1

Total # of neighbors = 125330
Ave neighs/atom = 83.553333
Ave special neighs/atom = 2
Neighbor list builds = 12347
Dangerous builds = 0

write_data      ${NAME}_final.data
write_data      N2_final.data
System init for write_data ...
PPPM initialization ...
  using 12-bit tables for long-range coulomb (src/kspace.cpp:342)
  G vector (1/distance) = 0.26989084
  grid = 48 48 48
  stencil order = 5
  estimated absolute RMS force accuracy = 0.00037293819
  estimated relative force accuracy = 1.1230923e-06
  using single precision FFTW3
  3d grid and FFT values/proc = 29791 13824
Generated 1 of 1 mixed pair_coeff terms from arithmetic mixing rule
Last active /omp style is kspace_style pppm/omp

quit
